
bin/portable_001_candidate_sign.o:     file format elf64-x86-64


Disassembly of section .text:

0000000000000000 <ft_fpr_is_positive_finite>:
       0:	48 89 fa             	mov    %rdi,%rdx
       3:	48 f7 d2             	not    %rdx
       6:	48 b8 00 00 00 00 00 00 f0 7f 	movabs $0x7ff0000000000000,%rax
      10:	48 85 c2             	test   %rax,%rdx
      13:	74 0f                	je     24 <ft_fpr_is_positive_finite+0x24>
      15:	48 85 ff             	test   %rdi,%rdi
      18:	78 0a                	js     24 <ft_fpr_is_positive_finite+0x24>
      1a:	48 01 ff             	add    %rdi,%rdi
      1d:	0f 95 c0             	setne  %al
      20:	0f b6 c0             	movzbl %al,%eax
      23:	c3                   	ret
      24:	b8 00 00 00 00       	mov    $0x0,%eax
      29:	c3                   	ret

000000000000002a <ffLDL_ternary_normalize_inner>:
      2a:	41 57                	push   %r15
      2c:	41 56                	push   %r14
      2e:	41 55                	push   %r13
      30:	41 54                	push   %r12
      32:	55                   	push   %rbp
      33:	53                   	push   %rbx
      34:	48 83 ec 08          	sub    $0x8,%rsp
      38:	49 89 fd             	mov    %rdi,%r13
      3b:	48 89 f5             	mov    %rsi,%rbp
      3e:	49 89 cc             	mov    %rcx,%r12
      41:	4c 89 c3             	mov    %r8,%rbx
      44:	83 fa 01             	cmp    $0x1,%edx
      47:	74 50                	je     99 <ffLDL_ternary_normalize_inner+0x6f>
      49:	41 be 01 00 00 00    	mov    $0x1,%r14d
      4f:	89 d1                	mov    %edx,%ecx
      51:	49 d3 e6             	shl    %cl,%r14
      54:	44 8d 7a ff          	lea    -0x1(%rdx),%r15d
      58:	bf 08 00 00 00       	mov    $0x8,%edi
      5d:	48 d3 e7             	shl    %cl,%rdi
      60:	4c 01 ef             	add    %r13,%rdi
      63:	4c 89 e1             	mov    %r12,%rcx
      66:	44 89 fa             	mov    %r15d,%edx
      69:	e8 bc ff ff ff       	call   2a <ffLDL_ternary_normalize_inner>
      6e:	49 01 c6             	add    %rax,%r14
      71:	4b 8d 7c f5 00       	lea    0x0(%r13,%r14,8),%rdi
      76:	49 89 d8             	mov    %rbx,%r8
      79:	4c 89 e1             	mov    %r12,%rcx
      7c:	44 89 fa             	mov    %r15d,%edx
      7f:	48 89 ee             	mov    %rbp,%rsi
      82:	e8 a3 ff ff ff       	call   2a <ffLDL_ternary_normalize_inner>
      87:	4c 01 f0             	add    %r14,%rax
      8a:	48 83 c4 08          	add    $0x8,%rsp
      8e:	5b                   	pop    %rbx
      8f:	5d                   	pop    %rbp
      90:	41 5c                	pop    %r12
      92:	41 5d                	pop    %r13
      94:	41 5e                	pop    %r14
      96:	41 5f                	pop    %r15
      98:	c3                   	ret
      99:	49 8b 00             	mov    (%r8),%rax
      9c:	48 8d 50 01          	lea    0x1(%rax),%rdx
      a0:	49 89 10             	mov    %rdx,(%r8)
      a3:	48 8b 3c c1          	mov    (%rcx,%rax,8),%rdi
      a7:	e8 00 00 00 00       	call   ac <ffLDL_ternary_normalize_inner+0x82>	a8: R_X86_64_PLT32	fpr_sqrt-0x4
      ac:	48 89 c6             	mov    %rax,%rsi
      af:	48 89 ef             	mov    %rbp,%rdi
      b2:	e8 00 00 00 00       	call   b7 <ffLDL_ternary_normalize_inner+0x8d>	b3: R_X86_64_PLT32	fpr_div-0x4
      b7:	49 89 45 10          	mov    %rax,0x10(%r13)
      bb:	48 8b 03             	mov    (%rbx),%rax
      be:	48 8d 50 01          	lea    0x1(%rax),%rdx
      c2:	48 89 13             	mov    %rdx,(%rbx)
      c5:	49 8b 3c c4          	mov    (%r12,%rax,8),%rdi
      c9:	e8 00 00 00 00       	call   ce <ffLDL_ternary_normalize_inner+0xa4>	ca: R_X86_64_PLT32	fpr_sqrt-0x4
      ce:	48 89 c6             	mov    %rax,%rsi
      d1:	48 89 ef             	mov    %rbp,%rdi
      d4:	e8 00 00 00 00       	call   d9 <ffLDL_ternary_normalize_inner+0xaf>	d5: R_X86_64_PLT32	fpr_div-0x4
      d9:	49 89 45 18          	mov    %rax,0x18(%r13)
      dd:	b8 04 00 00 00       	mov    $0x4,%eax
      e2:	eb a6                	jmp    8a <ffLDL_ternary_normalize_inner+0x60>

00000000000000e4 <ffLDL_ternary_normalize_depth1>:
      e4:	41 57                	push   %r15
      e6:	41 56                	push   %r14
      e8:	41 55                	push   %r13
      ea:	41 54                	push   %r12
      ec:	55                   	push   %rbp
      ed:	53                   	push   %rbx
      ee:	48 83 ec 08          	sub    $0x8,%rsp
      f2:	49 89 ff             	mov    %rdi,%r15
      f5:	49 89 f4             	mov    %rsi,%r12
      f8:	49 89 cd             	mov    %rcx,%r13
      fb:	4d 89 c6             	mov    %r8,%r14
      fe:	bb 03 00 00 00       	mov    $0x3,%ebx
     103:	89 d1                	mov    %edx,%ecx
     105:	48 d3 e3             	shl    %cl,%rbx
     108:	8d 6a ff             	lea    -0x1(%rdx),%ebp
     10b:	48 8d 3c df          	lea    (%rdi,%rbx,8),%rdi
     10f:	4c 89 e9             	mov    %r13,%rcx
     112:	89 ea                	mov    %ebp,%edx
     114:	e8 11 ff ff ff       	call   2a <ffLDL_ternary_normalize_inner>
     119:	48 01 c3             	add    %rax,%rbx
     11c:	49 8d 3c df          	lea    (%r15,%rbx,8),%rdi
     120:	4d 89 f0             	mov    %r14,%r8
     123:	4c 89 e9             	mov    %r13,%rcx
     126:	89 ea                	mov    %ebp,%edx
     128:	4c 89 e6             	mov    %r12,%rsi
     12b:	e8 fa fe ff ff       	call   2a <ffLDL_ternary_normalize_inner>
     130:	48 01 c3             	add    %rax,%rbx
     133:	49 8d 3c df          	lea    (%r15,%rbx,8),%rdi
     137:	4d 89 f0             	mov    %r14,%r8
     13a:	4c 89 e9             	mov    %r13,%rcx
     13d:	89 ea                	mov    %ebp,%edx
     13f:	4c 89 e6             	mov    %r12,%rsi
     142:	e8 e3 fe ff ff       	call   2a <ffLDL_ternary_normalize_inner>
     147:	48 01 d8             	add    %rbx,%rax
     14a:	48 83 c4 08          	add    $0x8,%rsp
     14e:	5b                   	pop    %rbx
     14f:	5d                   	pop    %rbp
     150:	41 5c                	pop    %r12
     152:	41 5d                	pop    %r13
     154:	41 5e                	pop    %r14
     156:	41 5f                	pop    %r15
     158:	c3                   	ret

0000000000000159 <ffLDL_binary_normalize>:
     159:	41 55                	push   %r13
     15b:	41 54                	push   %r12
     15d:	55                   	push   %rbp
     15e:	53                   	push   %rbx
     15f:	48 83 ec 08          	sub    $0x8,%rsp
     163:	48 89 fd             	mov    %rdi,%rbp
     166:	49 89 f4             	mov    %rsi,%r12
     169:	85 d2                	test   %edx,%edx
     16b:	75 22                	jne    18f <ffLDL_binary_normalize+0x36>
     16d:	48 8b 3f             	mov    (%rdi),%rdi
     170:	e8 00 00 00 00       	call   175 <ffLDL_binary_normalize+0x1c>	171: R_X86_64_PLT32	fpr_sqrt-0x4
     175:	48 89 c6             	mov    %rax,%rsi
     178:	4c 89 e7             	mov    %r12,%rdi
     17b:	e8 00 00 00 00       	call   180 <ffLDL_binary_normalize+0x27>	17c: R_X86_64_PLT32	fpr_div-0x4
     180:	48 89 45 00          	mov    %rax,0x0(%rbp)
     184:	48 83 c4 08          	add    $0x8,%rsp
     188:	5b                   	pop    %rbx
     189:	5d                   	pop    %rbp
     18a:	41 5c                	pop    %r12
     18c:	41 5d                	pop    %r13
     18e:	c3                   	ret
     18f:	89 d3                	mov    %edx,%ebx
     191:	44 8d 6a ff          	lea    -0x1(%rdx),%r13d
     195:	bf 08 00 00 00       	mov    $0x8,%edi
     19a:	89 d1                	mov    %edx,%ecx
     19c:	48 d3 e7             	shl    %cl,%rdi
     19f:	48 01 ef             	add    %rbp,%rdi
     1a2:	44 89 ea             	mov    %r13d,%edx
     1a5:	e8 af ff ff ff       	call   159 <ffLDL_binary_normalize>
     1aa:	89 d8                	mov    %ebx,%eax
     1ac:	44 89 e9             	mov    %r13d,%ecx
     1af:	d3 e0                	shl    %cl,%eax
     1b1:	ba 01 00 00 00       	mov    $0x1,%edx
     1b6:	89 d9                	mov    %ebx,%ecx
     1b8:	48 d3 e2             	shl    %cl,%rdx
     1bb:	48 01 d0             	add    %rdx,%rax
     1be:	48 8d 7c c5 00       	lea    0x0(%rbp,%rax,8),%rdi
     1c3:	44 89 ea             	mov    %r13d,%edx
     1c6:	4c 89 e6             	mov    %r12,%rsi
     1c9:	e8 8b ff ff ff       	call   159 <ffLDL_binary_normalize>
     1ce:	eb b4                	jmp    184 <ffLDL_binary_normalize+0x2b>

00000000000001d0 <LDL_dim2_fft3>:
     1d0:	41 57                	push   %r15
     1d2:	41 56                	push   %r14
     1d4:	41 55                	push   %r13
     1d6:	41 54                	push   %r12
     1d8:	55                   	push   %rbp
     1d9:	53                   	push   %rbx
     1da:	48 83 ec 18          	sub    $0x18,%rsp
     1de:	48 89 fd             	mov    %rdi,%rbp
     1e1:	49 89 f6             	mov    %rsi,%r14
     1e4:	48 89 14 24          	mov    %rdx,(%rsp)
     1e8:	49 89 cf             	mov    %rcx,%r15
     1eb:	4c 89 44 24 08       	mov    %r8,0x8(%rsp)
     1f0:	44 89 cb             	mov    %r9d,%ebx
     1f3:	44 8b 64 24 50       	mov    0x50(%rsp),%r12d
     1f8:	47 8d 6c 24 01       	lea    0x1(%r12,%r12,1),%r13d
     1fd:	44 89 c9             	mov    %r9d,%ecx
     200:	44 29 e1             	sub    %r12d,%ecx
     203:	49 d3 e5             	shl    %cl,%r13
     206:	49 c1 e5 03          	shl    $0x3,%r13
     20a:	4c 89 ea             	mov    %r13,%rdx
     20d:	4c 89 fe             	mov    %r15,%rsi
     210:	4c 89 f7             	mov    %r14,%rdi
     213:	e8 00 00 00 00       	call   218 <LDL_dim2_fft3+0x48>	214: R_X86_64_PLT32	memcpy-0x4
     218:	44 89 e1             	mov    %r12d,%ecx
     21b:	89 da                	mov    %ebx,%edx
     21d:	48 8b 34 24          	mov    (%rsp),%rsi
     221:	4c 89 f7             	mov    %r14,%rdi
     224:	e8 00 00 00 00       	call   229 <LDL_dim2_fft3+0x59>	225: R_X86_64_PLT32	falcon_poly_div_autoadj_fft3-0x4
     229:	4c 89 ea             	mov    %r13,%rdx
     22c:	4c 89 fe             	mov    %r15,%rsi
     22f:	48 89 ef             	mov    %rbp,%rdi
     232:	e8 00 00 00 00       	call   237 <LDL_dim2_fft3+0x67>	233: R_X86_64_PLT32	memcpy-0x4
     237:	44 89 e1             	mov    %r12d,%ecx
     23a:	89 da                	mov    %ebx,%edx
     23c:	4c 89 f6             	mov    %r14,%rsi
     23f:	48 89 ef             	mov    %rbp,%rdi
     242:	e8 00 00 00 00       	call   247 <LDL_dim2_fft3+0x77>	243: R_X86_64_PLT32	falcon_poly_muladj_fft3-0x4
     247:	44 89 e2             	mov    %r12d,%edx
     24a:	89 de                	mov    %ebx,%esi
     24c:	48 89 ef             	mov    %rbp,%rdi
     24f:	e8 00 00 00 00       	call   254 <LDL_dim2_fft3+0x84>	250: R_X86_64_PLT32	falcon_poly_neg3-0x4
     254:	44 89 e1             	mov    %r12d,%ecx
     257:	89 da                	mov    %ebx,%edx
     259:	48 8b 74 24 08       	mov    0x8(%rsp),%rsi
     25e:	48 89 ef             	mov    %rbp,%rdi
     261:	e8 00 00 00 00       	call   266 <LDL_dim2_fft3+0x96>	262: R_X86_64_PLT32	falcon_poly_add3-0x4
     266:	48 83 c4 18          	add    $0x18,%rsp
     26a:	5b                   	pop    %rbx
     26b:	5d                   	pop    %rbp
     26c:	41 5c                	pop    %r12
     26e:	41 5d                	pop    %r13
     270:	41 5e                	pop    %r14
     272:	41 5f                	pop    %r15
     274:	c3                   	ret

0000000000000275 <ffLDL_inner_fft3>:
     275:	41 57                	push   %r15
     277:	41 56                	push   %r14
     279:	41 55                	push   %r13
     27b:	41 54                	push   %r12
     27d:	55                   	push   %rbp
     27e:	53                   	push   %rbx
     27f:	48 83 ec 28          	sub    $0x28,%rsp
     283:	48 89 3c 24          	mov    %rdi,(%rsp)
     287:	48 89 74 24 08       	mov    %rsi,0x8(%rsp)
     28c:	48 89 54 24 10       	mov    %rdx,0x10(%rsp)
     291:	48 89 4c 24 18       	mov    %rcx,0x18(%rsp)
     296:	4c 89 cb             	mov    %r9,%rbx
     299:	b8 01 00 00 00       	mov    $0x1,%eax
     29e:	44 89 c1             	mov    %r8d,%ecx
     2a1:	48 d3 e0             	shl    %cl,%rax
     2a4:	49 89 c4             	mov    %rax,%r12
     2a7:	49 d1 ec             	shr    $1,%r12
     2aa:	41 83 f8 01          	cmp    $0x1,%r8d
     2ae:	0f 84 d8 00 00 00    	je     38c <ffLDL_inner_fft3+0x117>
     2b4:	44 89 c5             	mov    %r8d,%ebp
     2b7:	49 89 c6             	mov    %rax,%r14
     2ba:	49 c1 e4 03          	shl    $0x3,%r12
     2be:	4f 8d 2c 21          	lea    (%r9,%r12,1),%r13
     2c2:	4d 01 ec             	add    %r13,%r12
     2c5:	44 89 c1             	mov    %r8d,%ecx
     2c8:	48 8b 54 24 08       	mov    0x8(%rsp),%rdx
     2cd:	4c 89 ee             	mov    %r13,%rsi
     2d0:	4c 89 cf             	mov    %r9,%rdi
     2d3:	e8 00 00 00 00       	call   2d8 <ffLDL_inner_fft3+0x63>	2d4: R_X86_64_PLT32	falcon_poly_split_deep_fft3-0x4
     2d8:	44 8d 7d ff          	lea    -0x1(%rbp),%r15d
     2dc:	ba 00 00 00 00       	mov    $0x0,%edx
     2e1:	44 89 fe             	mov    %r15d,%esi
     2e4:	4c 89 ef             	mov    %r13,%rdi
     2e7:	e8 00 00 00 00       	call   2ec <ffLDL_inner_fft3+0x77>	2e8: R_X86_64_PLT32	falcon_poly_adj_fft3-0x4
     2ec:	bf 08 00 00 00       	mov    $0x8,%edi
     2f1:	89 e9                	mov    %ebp,%ecx
     2f3:	48 d3 e7             	shl    %cl,%rdi
     2f6:	48 8b 04 24          	mov    (%rsp),%rax
     2fa:	48 01 c7             	add    %rax,%rdi
     2fd:	4d 89 e1             	mov    %r12,%r9
     300:	45 89 f8             	mov    %r15d,%r8d
     303:	48 89 d9             	mov    %rbx,%rcx
     306:	4c 89 ea             	mov    %r13,%rdx
     309:	48 89 de             	mov    %rbx,%rsi
     30c:	e8 64 ff ff ff       	call   275 <ffLDL_inner_fft3>
     311:	49 01 c6             	add    %rax,%r14
     314:	48 83 ec 08          	sub    $0x8,%rsp
     318:	6a 00                	push   $0x0
     31a:	41 89 e9             	mov    %ebp,%r9d
     31d:	4c 8b 44 24 28       	mov    0x28(%rsp),%r8
     322:	48 8b 4c 24 20       	mov    0x20(%rsp),%rcx
     327:	48 8b 54 24 18       	mov    0x18(%rsp),%rdx
     32c:	48 8b 74 24 10       	mov    0x10(%rsp),%rsi
     331:	4c 89 e7             	mov    %r12,%rdi
     334:	e8 97 fe ff ff       	call   1d0 <LDL_dim2_fft3>
     339:	89 e9                	mov    %ebp,%ecx
     33b:	4c 89 e2             	mov    %r12,%rdx
     33e:	4c 89 ee             	mov    %r13,%rsi
     341:	48 89 df             	mov    %rbx,%rdi
     344:	e8 00 00 00 00       	call   349 <ffLDL_inner_fft3+0xd4>	345: R_X86_64_PLT32	falcon_poly_split_deep_fft3-0x4
     349:	ba 00 00 00 00       	mov    $0x0,%edx
     34e:	44 89 fe             	mov    %r15d,%esi
     351:	4c 89 ef             	mov    %r13,%rdi
     354:	e8 00 00 00 00       	call   359 <ffLDL_inner_fft3+0xe4>	355: R_X86_64_PLT32	falcon_poly_adj_fft3-0x4
     359:	48 8b 44 24 10       	mov    0x10(%rsp),%rax
     35e:	4a 8d 3c f0          	lea    (%rax,%r14,8),%rdi
     362:	4d 89 e1             	mov    %r12,%r9
     365:	45 89 f8             	mov    %r15d,%r8d
     368:	48 89 d9             	mov    %rbx,%rcx
     36b:	4c 89 ea             	mov    %r13,%rdx
     36e:	48 89 de             	mov    %rbx,%rsi
     371:	e8 ff fe ff ff       	call   275 <ffLDL_inner_fft3>
     376:	4c 01 f0             	add    %r14,%rax
     379:	48 83 c4 10          	add    $0x10,%rsp
     37d:	48 83 c4 28          	add    $0x28,%rsp
     381:	5b                   	pop    %rbx
     382:	5d                   	pop    %rbp
     383:	41 5c                	pop    %r12
     385:	41 5d                	pop    %r13
     387:	41 5e                	pop    %r14
     389:	41 5f                	pop    %r15
     38b:	c3                   	ret
     38c:	48 83 ec 08          	sub    $0x8,%rsp
     390:	6a 00                	push   $0x0
     392:	41 b9 01 00 00 00    	mov    $0x1,%r9d
     398:	4c 8b 44 24 28       	mov    0x28(%rsp),%r8
     39d:	48 8b 4c 24 20       	mov    0x20(%rsp),%rcx
     3a2:	4c 8b 74 24 18       	mov    0x18(%rsp),%r14
     3a7:	4c 89 f2             	mov    %r14,%rdx
     3aa:	4c 8b 7c 24 10       	mov    0x10(%rsp),%r15
     3af:	4c 89 fe             	mov    %r15,%rsi
     3b2:	48 89 df             	mov    %rbx,%rdi
     3b5:	e8 16 fe ff ff       	call   1d0 <LDL_dim2_fft3>
     3ba:	49 8b 06             	mov    (%r14),%rax
     3bd:	49 89 47 10          	mov    %rax,0x10(%r15)
     3c1:	48 8b 03             	mov    (%rbx),%rax
     3c4:	49 89 47 18          	mov    %rax,0x18(%r15)
     3c8:	48 83 c4 10          	add    $0x10,%rsp
     3cc:	b8 04 00 00 00       	mov    $0x4,%eax
     3d1:	eb aa                	jmp    37d <ffLDL_inner_fft3+0x108>

00000000000003d3 <ffLDL_depth1_fft3>:
     3d3:	41 57                	push   %r15
     3d5:	41 56                	push   %r14
     3d7:	41 55                	push   %r13
     3d9:	41 54                	push   %r12
     3db:	55                   	push   %rbp
     3dc:	53                   	push   %rbx
     3dd:	48 83 ec 50          	sub    $0x50,%rsp
     3e1:	49 89 d3             	mov    %rdx,%r11
     3e4:	48 89 c8             	mov    %rcx,%rax
     3e7:	4c 89 44 24 28       	mov    %r8,0x28(%rsp)
     3ec:	4c 89 4c 24 40       	mov    %r9,0x40(%rsp)
     3f1:	8b 9c 24 90 00 00 00 	mov    0x90(%rsp),%ebx
     3f8:	41 be 08 00 00 00    	mov    $0x8,%r14d
     3fe:	89 d9                	mov    %ebx,%ecx
     400:	49 d3 e6             	shl    %cl,%r14
     403:	4a 8d 0c 37          	lea    (%rdi,%r14,1),%rcx
     407:	48 89 4c 24 10       	mov    %rcx,0x10(%rsp)
     40c:	4e 8d 3c 31          	lea    (%rcx,%r14,1),%r15
     410:	4c 89 f1             	mov    %r14,%rcx
     413:	48 03 8c 24 98 00 00 00 	add    0x98(%rsp),%rcx
     41b:	48 89 4c 24 08       	mov    %rcx,0x8(%rsp)
     420:	4e 8d 24 31          	lea    (%rcx,%r14,1),%r12
     424:	bd 01 00 00 00       	mov    $0x1,%ebp
     429:	89 d9                	mov    %ebx,%ecx
     42b:	48 d3 e5             	shl    %cl,%rbp
     42e:	48 d1 ed             	shr    $1,%rbp
     431:	48 c1 e5 03          	shl    $0x3,%rbp
     435:	4d 8d 2c 2c          	lea    (%r12,%rbp,1),%r13
     439:	4c 01 ed             	add    %r13,%rbp
     43c:	ba 03 00 00 00       	mov    $0x3,%edx
     441:	48 d3 e2             	shl    %cl,%rdx
     444:	48 89 54 24 38       	mov    %rdx,0x38(%rsp)
     449:	6a 00                	push   $0x0
     44b:	41 89 d9             	mov    %ebx,%r9d
     44e:	49 89 c0             	mov    %rax,%r8
     451:	4c 89 5c 24 38       	mov    %r11,0x38(%rsp)
     456:	4c 89 d9             	mov    %r11,%rcx
     459:	48 89 74 24 28       	mov    %rsi,0x28(%rsp)
     45e:	48 89 f2             	mov    %rsi,%rdx
     461:	48 89 7c 24 20       	mov    %rdi,0x20(%rsp)
     466:	48 89 fe             	mov    %rdi,%rsi
     469:	48 8b bc 24 a0 00 00 00 	mov    0xa0(%rsp),%rdi
     471:	e8 5a fd ff ff       	call   1d0 <LDL_dim2_fft3>
     476:	4c 89 f2             	mov    %r14,%rdx
     479:	48 8b 74 24 30       	mov    0x30(%rsp),%rsi
     47e:	48 8b 7c 24 18       	mov    0x18(%rsp),%rdi
     483:	e8 00 00 00 00       	call   488 <ffLDL_depth1_fft3+0xb5>	484: R_X86_64_PLT32	memcpy-0x4
     488:	b9 00 00 00 00       	mov    $0x0,%ecx
     48d:	89 da                	mov    %ebx,%edx
     48f:	48 8b 74 24 28       	mov    0x28(%rsp),%rsi
     494:	48 8b 7c 24 18       	mov    0x18(%rsp),%rdi
     499:	e8 00 00 00 00       	call   49e <ffLDL_depth1_fft3+0xcb>	49a: R_X86_64_PLT32	falcon_poly_div_autoadj_fft3-0x4
     49e:	4c 89 f2             	mov    %r14,%rdx
     4a1:	48 8b 74 24 30       	mov    0x30(%rsp),%rsi
     4a6:	4c 89 ff             	mov    %r15,%rdi
     4a9:	e8 00 00 00 00       	call   4ae <ffLDL_depth1_fft3+0xdb>	4aa: R_X86_64_PLT32	memcpy-0x4
     4ae:	b9 00 00 00 00       	mov    $0x0,%ecx
     4b3:	89 da                	mov    %ebx,%edx
     4b5:	48 8b 74 24 38       	mov    0x38(%rsp),%rsi
     4ba:	4c 89 ff             	mov    %r15,%rdi
     4bd:	e8 00 00 00 00       	call   4c2 <ffLDL_depth1_fft3+0xef>	4be: R_X86_64_PLT32	falcon_poly_muladj_fft3-0x4
     4c2:	b9 00 00 00 00       	mov    $0x0,%ecx
     4c7:	89 da                	mov    %ebx,%edx
     4c9:	48 8b 74 24 28       	mov    0x28(%rsp),%rsi
     4ce:	4c 89 ff             	mov    %r15,%rdi
     4d1:	e8 00 00 00 00       	call   4d6 <ffLDL_depth1_fft3+0x103>	4d2: R_X86_64_PLT32	falcon_poly_div_autoadj_fft3-0x4
     4d6:	ba 00 00 00 00       	mov    $0x0,%edx
     4db:	89 de                	mov    %ebx,%esi
     4dd:	4c 89 ff             	mov    %r15,%rdi
     4e0:	e8 00 00 00 00       	call   4e5 <ffLDL_depth1_fft3+0x112>	4e1: R_X86_64_PLT32	falcon_poly_neg3-0x4
     4e5:	b9 00 00 00 00       	mov    $0x0,%ecx
     4ea:	89 da                	mov    %ebx,%edx
     4ec:	48 8b 74 24 48       	mov    0x48(%rsp),%rsi
     4f1:	4c 89 ff             	mov    %r15,%rdi
     4f4:	e8 00 00 00 00       	call   4f9 <ffLDL_depth1_fft3+0x126>	4f5: R_X86_64_PLT32	falcon_poly_add3-0x4
     4f9:	b9 00 00 00 00       	mov    $0x0,%ecx
     4fe:	89 da                	mov    %ebx,%edx
     500:	48 8b b4 24 a0 00 00 00 	mov    0xa0(%rsp),%rsi
     508:	4c 89 ff             	mov    %r15,%rdi
     50b:	e8 00 00 00 00       	call   510 <ffLDL_depth1_fft3+0x13d>	50c: R_X86_64_PLT32	falcon_poly_div_autoadj_fft3-0x4
     510:	4c 89 f2             	mov    %r14,%rdx
     513:	48 8b 74 24 18       	mov    0x18(%rsp),%rsi
     518:	48 8b 7c 24 10       	mov    0x10(%rsp),%rdi
     51d:	e8 00 00 00 00       	call   522 <ffLDL_depth1_fft3+0x14f>	51e: R_X86_64_PLT32	memcpy-0x4
     522:	b9 00 00 00 00       	mov    $0x0,%ecx
     527:	89 da                	mov    %ebx,%edx
     529:	48 8b 74 24 30       	mov    0x30(%rsp),%rsi
     52e:	48 8b 7c 24 10       	mov    0x10(%rsp),%rdi
     533:	e8 00 00 00 00       	call   538 <ffLDL_depth1_fft3+0x165>	534: R_X86_64_PLT32	falcon_poly_muladj_fft3-0x4
     538:	ba 00 00 00 00       	mov    $0x0,%edx
     53d:	89 de                	mov    %ebx,%esi
     53f:	48 8b 7c 24 10       	mov    0x10(%rsp),%rdi
     544:	e8 00 00 00 00       	call   549 <ffLDL_depth1_fft3+0x176>	545: R_X86_64_PLT32	falcon_poly_neg3-0x4
     549:	b9 00 00 00 00       	mov    $0x0,%ecx
     54e:	89 da                	mov    %ebx,%edx
     550:	48 8b b4 24 90 00 00 00 	mov    0x90(%rsp),%rsi
     558:	48 8b 7c 24 10       	mov    0x10(%rsp),%rdi
     55d:	e8 00 00 00 00       	call   562 <ffLDL_depth1_fft3+0x18f>	55e: R_X86_64_PLT32	falcon_poly_add3-0x4
     562:	4c 89 f2             	mov    %r14,%rdx
     565:	4c 89 fe             	mov    %r15,%rsi
     568:	48 89 ef             	mov    %rbp,%rdi
     56b:	e8 00 00 00 00       	call   570 <ffLDL_depth1_fft3+0x19d>	56c: R_X86_64_PLT32	memcpy-0x4
     570:	ba 00 00 00 00       	mov    $0x0,%edx
     575:	89 de                	mov    %ebx,%esi
     577:	48 89 ef             	mov    %rbp,%rdi
     57a:	e8 00 00 00 00       	call   57f <ffLDL_depth1_fft3+0x1ac>	57b: R_X86_64_PLT32	falcon_poly_mulselfadj_fft3-0x4
     57f:	b9 00 00 00 00       	mov    $0x0,%ecx
     584:	89 da                	mov    %ebx,%edx
     586:	48 8b b4 24 a0 00 00 00 	mov    0xa0(%rsp),%rsi
     58e:	48 89 ef             	mov    %rbp,%rdi
     591:	e8 00 00 00 00       	call   596 <ffLDL_depth1_fft3+0x1c3>	592: R_X86_64_PLT32	falcon_poly_mul_autoadj_fft3-0x4
     596:	b9 00 00 00 00       	mov    $0x0,%ecx
     59b:	89 da                	mov    %ebx,%edx
     59d:	48 89 ee             	mov    %rbp,%rsi
     5a0:	48 8b 7c 24 10       	mov    0x10(%rsp),%rdi
     5a5:	e8 00 00 00 00       	call   5aa <ffLDL_depth1_fft3+0x1d7>	5a6: R_X86_64_PLT32	falcon_poly_sub3-0x4
     5aa:	89 d9                	mov    %ebx,%ecx
     5ac:	48 8b 54 24 28       	mov    0x28(%rsp),%rdx
     5b1:	4c 89 ee             	mov    %r13,%rsi
     5b4:	4c 89 e7             	mov    %r12,%rdi
     5b7:	e8 00 00 00 00       	call   5bc <ffLDL_depth1_fft3+0x1e9>	5b8: R_X86_64_PLT32	falcon_poly_split_deep_fft3-0x4
     5bc:	44 8d 7b ff          	lea    -0x1(%rbx),%r15d
     5c0:	ba 00 00 00 00       	mov    $0x0,%edx
     5c5:	44 89 fe             	mov    %r15d,%esi
     5c8:	4c 89 ef             	mov    %r13,%rdi
     5cb:	e8 00 00 00 00       	call   5d0 <ffLDL_depth1_fft3+0x1fd>	5cc: R_X86_64_PLT32	falcon_poly_adj_fft3-0x4
     5d0:	48 8b 44 24 20       	mov    0x20(%rsp),%rax
     5d5:	4c 8b 74 24 40       	mov    0x40(%rsp),%r14
     5da:	4a 8d 3c f0          	lea    (%rax,%r14,8),%rdi
     5de:	49 89 e9             	mov    %rbp,%r9
     5e1:	45 89 f8             	mov    %r15d,%r8d
     5e4:	4c 89 e1             	mov    %r12,%rcx
     5e7:	4c 89 ea             	mov    %r13,%rdx
     5ea:	4c 89 e6             	mov    %r12,%rsi
     5ed:	e8 83 fc ff ff       	call   275 <ffLDL_inner_fft3>
     5f2:	49 01 c6             	add    %rax,%r14
     5f5:	89 d9                	mov    %ebx,%ecx
     5f7:	48 8b 94 24 a0 00 00 00 	mov    0xa0(%rsp),%rdx
     5ff:	4c 89 ee             	mov    %r13,%rsi
     602:	4c 89 e7             	mov    %r12,%rdi
     605:	e8 00 00 00 00       	call   60a <ffLDL_depth1_fft3+0x237>	606: R_X86_64_PLT32	falcon_poly_split_deep_fft3-0x4
     60a:	ba 00 00 00 00       	mov    $0x0,%edx
     60f:	44 89 fe             	mov    %r15d,%esi
     612:	4c 89 ef             	mov    %r13,%rdi
     615:	e8 00 00 00 00       	call   61a <ffLDL_depth1_fft3+0x247>	616: R_X86_64_PLT32	falcon_poly_adj_fft3-0x4
     61a:	48 8b 44 24 20       	mov    0x20(%rsp),%rax
     61f:	4a 8d 3c f0          	lea    (%rax,%r14,8),%rdi
     623:	49 89 e9             	mov    %rbp,%r9
     626:	45 89 f8             	mov    %r15d,%r8d
     629:	4c 89 e1             	mov    %r12,%rcx
     62c:	4c 89 ea             	mov    %r13,%rdx
     62f:	4c 89 e6             	mov    %r12,%rsi
     632:	e8 3e fc ff ff       	call   275 <ffLDL_inner_fft3>
     637:	49 01 c6             	add    %rax,%r14
     63a:	89 d9                	mov    %ebx,%ecx
     63c:	48 8b 54 24 10       	mov    0x10(%rsp),%rdx
     641:	4c 89 ee             	mov    %r13,%rsi
     644:	4c 89 e7             	mov    %r12,%rdi
     647:	e8 00 00 00 00       	call   64c <ffLDL_depth1_fft3+0x279>	648: R_X86_64_PLT32	falcon_poly_split_deep_fft3-0x4
     64c:	ba 00 00 00 00       	mov    $0x0,%edx
     651:	44 89 fe             	mov    %r15d,%esi
     654:	4c 89 ef             	mov    %r13,%rdi
     657:	e8 00 00 00 00       	call   65c <ffLDL_depth1_fft3+0x289>	658: R_X86_64_PLT32	falcon_poly_adj_fft3-0x4
     65c:	48 8b 44 24 20       	mov    0x20(%rsp),%rax
     661:	4a 8d 3c f0          	lea    (%rax,%r14,8),%rdi
     665:	49 89 e9             	mov    %rbp,%r9
     668:	45 89 f8             	mov    %r15d,%r8d
     66b:	4c 89 e1             	mov    %r12,%rcx
     66e:	4c 89 ea             	mov    %r13,%rdx
     671:	4c 89 e6             	mov    %r12,%rsi
     674:	e8 fc fb ff ff       	call   275 <ffLDL_inner_fft3>
     679:	4c 01 f0             	add    %r14,%rax
     67c:	48 83 c4 58          	add    $0x58,%rsp
     680:	5b                   	pop    %rbx
     681:	5d                   	pop    %rbp
     682:	41 5c                	pop    %r12
     684:	41 5d                	pop    %r13
     686:	41 5e                	pop    %r14
     688:	41 5f                	pop    %r15
     68a:	c3                   	ret

000000000000068b <LDL_fft>:
     68b:	41 57                	push   %r15
     68d:	41 56                	push   %r14
     68f:	41 55                	push   %r13
     691:	41 54                	push   %r12
     693:	55                   	push   %rbp
     694:	53                   	push   %rbx
     695:	48 83 ec 18          	sub    $0x18,%rsp
     699:	49 89 fe             	mov    %rdi,%r14
     69c:	49 89 f5             	mov    %rsi,%r13
     69f:	49 89 d7             	mov    %rdx,%r15
     6a2:	48 89 ce             	mov    %rcx,%rsi
     6a5:	4c 89 44 24 08       	mov    %r8,0x8(%rsp)
     6aa:	44 89 cb             	mov    %r9d,%ebx
     6ad:	48 8b 6c 24 50       	mov    0x50(%rsp),%rbp
     6b2:	41 bc 08 00 00 00    	mov    $0x8,%r12d
     6b8:	44 89 c9             	mov    %r9d,%ecx
     6bb:	49 d3 e4             	shl    %cl,%r12
     6be:	4c 89 e2             	mov    %r12,%rdx
     6c1:	48 89 ef             	mov    %rbp,%rdi
     6c4:	e8 00 00 00 00       	call   6c9 <LDL_fft+0x3e>	6c5: R_X86_64_PLT32	memcpy-0x4
     6c9:	89 da                	mov    %ebx,%edx
     6cb:	4c 89 fe             	mov    %r15,%rsi
     6ce:	48 89 ef             	mov    %rbp,%rdi
     6d1:	e8 00 00 00 00       	call   6d6 <LDL_fft+0x4b>	6d2: R_X86_64_PLT32	falcon_poly_div_fft-0x4
     6d6:	4c 89 e2             	mov    %r12,%rdx
     6d9:	48 89 ee             	mov    %rbp,%rsi
     6dc:	4c 89 ef             	mov    %r13,%rdi
     6df:	e8 00 00 00 00       	call   6e4 <LDL_fft+0x59>	6e0: R_X86_64_PLT32	memcpy-0x4
     6e4:	89 de                	mov    %ebx,%esi
     6e6:	4c 89 ef             	mov    %r13,%rdi
     6e9:	e8 00 00 00 00       	call   6ee <LDL_fft+0x63>	6ea: R_X86_64_PLT32	falcon_poly_adj_fft-0x4
     6ee:	89 da                	mov    %ebx,%edx
     6f0:	4c 89 ee             	mov    %r13,%rsi
     6f3:	48 89 ef             	mov    %rbp,%rdi
     6f6:	e8 00 00 00 00       	call   6fb <LDL_fft+0x70>	6f7: R_X86_64_PLT32	falcon_poly_mul_fft-0x4
     6fb:	89 da                	mov    %ebx,%edx
     6fd:	4c 89 fe             	mov    %r15,%rsi
     700:	48 89 ef             	mov    %rbp,%rdi
     703:	e8 00 00 00 00       	call   708 <LDL_fft+0x7d>	704: R_X86_64_PLT32	falcon_poly_mul_fft-0x4
     708:	4c 89 e2             	mov    %r12,%rdx
     70b:	48 8b 74 24 08       	mov    0x8(%rsp),%rsi
     710:	4c 89 f7             	mov    %r14,%rdi
     713:	e8 00 00 00 00       	call   718 <LDL_fft+0x8d>	714: R_X86_64_PLT32	memcpy-0x4
     718:	89 da                	mov    %ebx,%edx
     71a:	48 89 ee             	mov    %rbp,%rsi
     71d:	4c 89 f7             	mov    %r14,%rdi
     720:	e8 00 00 00 00       	call   725 <LDL_fft+0x9a>	721: R_X86_64_PLT32	falcon_poly_sub-0x4
     725:	48 83 c4 18          	add    $0x18,%rsp
     729:	5b                   	pop    %rbx
     72a:	5d                   	pop    %rbp
     72b:	41 5c                	pop    %r12
     72d:	41 5d                	pop    %r13
     72f:	41 5e                	pop    %r14
     731:	41 5f                	pop    %r15
     733:	c3                   	ret

0000000000000734 <ffLDL_fft_inner>:
     734:	41 57                	push   %r15
     736:	41 56                	push   %r14
     738:	41 55                	push   %r13
     73a:	41 54                	push   %r12
     73c:	55                   	push   %rbp
     73d:	53                   	push   %rbx
     73e:	48 83 ec 28          	sub    $0x28,%rsp
     742:	49 89 fd             	mov    %rdi,%r13
     745:	48 89 f5             	mov    %rsi,%rbp
     748:	85 c9                	test   %ecx,%ecx
     74a:	75 15                	jne    761 <ffLDL_fft_inner+0x2d>
     74c:	48 8b 06             	mov    (%rsi),%rax
     74f:	48 89 07             	mov    %rax,(%rdi)
     752:	48 83 c4 28          	add    $0x28,%rsp
     756:	5b                   	pop    %rbx
     757:	5d                   	pop    %rbp
     758:	41 5c                	pop    %r12
     75a:	41 5d                	pop    %r13
     75c:	41 5e                	pop    %r14
     75e:	41 5f                	pop    %r15
     760:	c3                   	ret
     761:	49 89 d6             	mov    %rdx,%r14
     764:	89 cb                	mov    %ecx,%ebx
     766:	4d 89 c4             	mov    %r8,%r12
     769:	b8 01 00 00 00       	mov    $0x1,%eax
     76e:	48 d3 e0             	shl    %cl,%rax
     771:	49 89 c7             	mov    %rax,%r15
     774:	b8 08 00 00 00       	mov    $0x8,%eax
     779:	48 d3 e0             	shl    %cl,%rax
     77c:	48 83 ec 08          	sub    $0x8,%rsp
     780:	48 89 44 24 08       	mov    %rax,0x8(%rsp)
     785:	4c 01 c0             	add    %r8,%rax
     788:	50                   	push   %rax
     789:	41 89 c9             	mov    %ecx,%r9d
     78c:	49 89 f0             	mov    %rsi,%r8
     78f:	48 89 d1             	mov    %rdx,%rcx
     792:	48 89 f2             	mov    %rsi,%rdx
     795:	48 89 fe             	mov    %rdi,%rsi
     798:	4c 89 e7             	mov    %r12,%rdi
     79b:	e8 eb fe ff ff       	call   68b <LDL_fft>
     7a0:	4c 89 7c 24 28       	mov    %r15,0x28(%rsp)
     7a5:	49 d1 ef             	shr    $1,%r15
     7a8:	49 c1 e7 03          	shl    $0x3,%r15
     7ac:	4b 8d 14 3e          	lea    (%r14,%r15,1),%rdx
     7b0:	48 89 d6             	mov    %rdx,%rsi
     7b3:	89 d9                	mov    %ebx,%ecx
     7b5:	48 89 ea             	mov    %rbp,%rdx
     7b8:	48 89 74 24 18       	mov    %rsi,0x18(%rsp)
     7bd:	4c 89 f7             	mov    %r14,%rdi
     7c0:	e8 00 00 00 00       	call   7c5 <ffLDL_fft_inner+0x91>	7c1: R_X86_64_PLT32	falcon_poly_split_fft-0x4
     7c5:	4a 8d 4c 3d 00       	lea    0x0(%rbp,%r15,1),%rcx
     7ca:	49 89 ca             	mov    %rcx,%r10
     7cd:	89 d9                	mov    %ebx,%ecx
     7cf:	4c 89 e2             	mov    %r12,%rdx
     7d2:	4c 89 54 24 20       	mov    %r10,0x20(%rsp)
     7d7:	4c 89 d6             	mov    %r10,%rsi
     7da:	48 89 ef             	mov    %rbp,%rdi
     7dd:	e8 00 00 00 00       	call   7e2 <ffLDL_fft_inner+0xae>	7de: R_X86_64_PLT32	falcon_poly_split_fft-0x4
     7e2:	44 8d 7b ff          	lea    -0x1(%rbx),%r15d
     7e6:	48 8b 7c 24 10       	mov    0x10(%rsp),%rdi
     7eb:	4c 01 ef             	add    %r13,%rdi
     7ee:	4d 89 e0             	mov    %r12,%r8
     7f1:	44 89 f9             	mov    %r15d,%ecx
     7f4:	48 8b 54 24 18       	mov    0x18(%rsp),%rdx
     7f9:	4c 89 f6             	mov    %r14,%rsi
     7fc:	e8 33 ff ff ff       	call   734 <ffLDL_fft_inner>
     801:	44 89 f9             	mov    %r15d,%ecx
     804:	d3 e3                	shl    %cl,%ebx
     806:	48 8b 44 24 28       	mov    0x28(%rsp),%rax
     80b:	48 01 c3             	add    %rax,%rbx
     80e:	49 8d 7c dd 00       	lea    0x0(%r13,%rbx,8),%rdi
     813:	4d 89 e0             	mov    %r12,%r8
     816:	44 89 f9             	mov    %r15d,%ecx
     819:	48 8b 54 24 20       	mov    0x20(%rsp),%rdx
     81e:	48 89 ee             	mov    %rbp,%rsi
     821:	e8 0e ff ff ff       	call   734 <ffLDL_fft_inner>
     826:	48 83 c4 10          	add    $0x10,%rsp
     82a:	e9 23 ff ff ff       	jmp    752 <ffLDL_fft_inner+0x1e>

000000000000082f <smallints_to_fpr>:
     82f:	41 55                	push   %r13
     831:	41 54                	push   %r12
     833:	55                   	push   %rbp
     834:	53                   	push   %rbx
     835:	48 83 ec 08          	sub    $0x8,%rsp
     839:	8d 6c 09 01          	lea    0x1(%rcx,%rcx,1),%ebp
     83d:	29 ca                	sub    %ecx,%edx
     83f:	89 d1                	mov    %edx,%ecx
     841:	48 d3 e5             	shl    %cl,%rbp
     844:	48 85 ed             	test   %rbp,%rbp
     847:	74 28                	je     871 <smallints_to_fpr+0x42>
     849:	49 89 fc             	mov    %rdi,%r12
     84c:	49 89 f5             	mov    %rsi,%r13
     84f:	bb 00 00 00 00       	mov    $0x0,%ebx
     854:	49 0f bf 7c 5d 00    	movswq 0x0(%r13,%rbx,2),%rdi
     85a:	be 00 00 00 00       	mov    $0x0,%esi
     85f:	e8 00 00 00 00       	call   864 <smallints_to_fpr+0x35>	860: R_X86_64_PLT32	fpr_scaled-0x4
     864:	49 89 04 dc          	mov    %rax,(%r12,%rbx,8)
     868:	48 83 c3 01          	add    $0x1,%rbx
     86c:	48 39 dd             	cmp    %rbx,%rbp
     86f:	75 e3                	jne    854 <smallints_to_fpr+0x25>
     871:	48 83 c4 08          	add    $0x8,%rsp
     875:	5b                   	pop    %rbx
     876:	5d                   	pop    %rbp
     877:	41 5c                	pop    %r12
     879:	41 5d                	pop    %r13
     87b:	c3                   	ret

000000000000087c <ffSampling_inner_fft3>:
     87c:	41 57                	push   %r15
     87e:	41 56                	push   %r14
     880:	41 55                	push   %r13
     882:	41 54                	push   %r12
     884:	55                   	push   %rbp
     885:	53                   	push   %rbx
     886:	48 83 ec 58          	sub    $0x58,%rsp
     88a:	48 89 7c 24 08       	mov    %rdi,0x8(%rsp)
     88f:	48 89 74 24 10       	mov    %rsi,0x10(%rsp)
     894:	49 89 d6             	mov    %rdx,%r14
     897:	48 89 cb             	mov    %rcx,%rbx
     89a:	4c 89 04 24          	mov    %r8,(%rsp)
     89e:	4c 89 4c 24 28       	mov    %r9,0x28(%rsp)
     8a3:	48 8b 94 24 90 00 00 00 	mov    0x90(%rsp),%rdx
     8ab:	8b ac 24 98 00 00 00 	mov    0x98(%rsp),%ebp
     8b2:	4c 8b a4 24 a0 00 00 00 	mov    0xa0(%rsp),%r12
     8ba:	85 ed                	test   %ebp,%ebp
     8bc:	0f 84 8a 01 00 00    	je     a4c <ffSampling_inner_fft3+0x1d0>
     8c2:	b8 01 00 00 00       	mov    $0x1,%eax
     8c7:	89 e9                	mov    %ebp,%ecx
     8c9:	48 d3 e0             	shl    %cl,%rax
     8cc:	48 89 c1             	mov    %rax,%rcx
     8cf:	48 d1 e9             	shr    $1,%rcx
     8d2:	4c 8d 2c cd 00 00 00 00 	lea    0x0(,%rcx,8),%r13
     8da:	4b 8d 0c 2c          	lea    (%r12,%r13,1),%rcx
     8de:	48 89 4c 24 20       	mov    %rcx,0x20(%rsp)
     8e3:	be 08 00 00 00       	mov    $0x8,%esi
     8e8:	89 e9                	mov    %ebp,%ecx
     8ea:	48 d3 e6             	shl    %cl,%rsi
     8ed:	49 89 f7             	mov    %rsi,%r15
     8f0:	48 8b 3c 24          	mov    (%rsp),%rdi
     8f4:	48 8d 34 37          	lea    (%rdi,%rsi,1),%rsi
     8f8:	48 89 74 24 40       	mov    %rsi,0x40(%rsp)
     8fd:	8d 75 ff             	lea    -0x1(%rbp),%esi
     900:	41 89 ea             	mov    %ebp,%r10d
     903:	89 74 24 1c          	mov    %esi,0x1c(%rsp)
     907:	0f b6 4c 24 1c       	movzbl 0x1c(%rsp),%ecx
     90c:	41 d3 e2             	shl    %cl,%r10d
     90f:	4c 01 d0             	add    %r10,%rax
     912:	4c 8d 14 c7          	lea    (%rdi,%rax,8),%r10
     916:	4c 89 54 24 48       	mov    %r10,0x48(%rsp)
     91b:	4e 8d 1c 2b          	lea    (%rbx,%r13,1),%r11
     91f:	89 e9                	mov    %ebp,%ecx
     921:	4c 89 5c 24 38       	mov    %r11,0x38(%rsp)
     926:	4c 89 de             	mov    %r11,%rsi
     929:	48 89 df             	mov    %rbx,%rdi
     92c:	e8 00 00 00 00       	call   931 <ffSampling_inner_fft3+0xb5>	92d: R_X86_64_PLT32	falcon_poly_split_deep_fft3-0x4
     931:	4b 8d 14 3c          	lea    (%r12,%r15,1),%rdx
     935:	48 83 ec 08          	sub    $0x8,%rsp
     939:	48 89 54 24 38       	mov    %rdx,0x38(%rsp)
     93e:	52                   	push   %rdx
     93f:	8b 44 24 2c          	mov    0x2c(%rsp),%eax
     943:	50                   	push   %rax
     944:	ff 74 24 50          	push   0x50(%rsp)
     948:	49 89 d9             	mov    %rbx,%r9
     94b:	4c 8b 44 24 68       	mov    0x68(%rsp),%r8
     950:	48 8b 4c 24 40       	mov    0x40(%rsp),%rcx
     955:	4c 89 e2             	mov    %r12,%rdx
     958:	48 8b 74 24 30       	mov    0x30(%rsp),%rsi
     95d:	48 8b 7c 24 28       	mov    0x28(%rsp),%rdi
     962:	e8 15 ff ff ff       	call   87c <ffSampling_inner_fft3>
     967:	48 83 c4 20          	add    $0x20,%rsp
     96b:	89 e9                	mov    %ebp,%ecx
     96d:	48 8b 54 24 20       	mov    0x20(%rsp),%rdx
     972:	4c 89 e6             	mov    %r12,%rsi
     975:	48 89 df             	mov    %rbx,%rdi
     978:	e8 00 00 00 00       	call   97d <ffSampling_inner_fft3+0x101>	979: R_X86_64_PLT32	falcon_poly_merge_deep_fft3-0x4
     97d:	4c 89 fa             	mov    %r15,%rdx
     980:	48 89 de             	mov    %rbx,%rsi
     983:	4c 89 e7             	mov    %r12,%rdi
     986:	e8 00 00 00 00       	call   98b <ffSampling_inner_fft3+0x10f>	987: R_X86_64_PLT32	memcpy-0x4
     98b:	b9 00 00 00 00       	mov    $0x0,%ecx
     990:	89 ea                	mov    %ebp,%edx
     992:	48 8b 34 24          	mov    (%rsp),%rsi
     996:	4c 89 e7             	mov    %r12,%rdi
     999:	e8 00 00 00 00       	call   99e <ffSampling_inner_fft3+0x122>	99a: R_X86_64_PLT32	falcon_poly_mul_fft3-0x4
     99e:	b9 00 00 00 00       	mov    $0x0,%ecx
     9a3:	89 ea                	mov    %ebp,%edx
     9a5:	48 8b 74 24 28       	mov    0x28(%rsp),%rsi
     9aa:	4c 89 e7             	mov    %r12,%rdi
     9ad:	e8 00 00 00 00       	call   9b2 <ffSampling_inner_fft3+0x136>	9ae: R_X86_64_PLT32	falcon_poly_add3-0x4
     9b2:	4d 01 f5             	add    %r14,%r13
     9b5:	89 e9                	mov    %ebp,%ecx
     9b7:	4c 89 e2             	mov    %r12,%rdx
     9ba:	4c 89 ee             	mov    %r13,%rsi
     9bd:	4c 89 f7             	mov    %r14,%rdi
     9c0:	e8 00 00 00 00       	call   9c5 <ffSampling_inner_fft3+0x149>	9c1: R_X86_64_PLT32	falcon_poly_split_deep_fft3-0x4
     9c5:	48 83 ec 08          	sub    $0x8,%rsp
     9c9:	ff 74 24 38          	push   0x38(%rsp)
     9cd:	8b 44 24 2c          	mov    0x2c(%rsp),%eax
     9d1:	50                   	push   %rax
     9d2:	41 55                	push   %r13
     9d4:	4d 89 f1             	mov    %r14,%r9
     9d7:	4c 8b 44 24 60       	mov    0x60(%rsp),%r8
     9dc:	4c 8b 6c 24 40       	mov    0x40(%rsp),%r13
     9e1:	4c 89 e9             	mov    %r13,%rcx
     9e4:	4c 89 e2             	mov    %r12,%rdx
     9e7:	48 8b 74 24 30       	mov    0x30(%rsp),%rsi
     9ec:	48 8b 7c 24 28       	mov    0x28(%rsp),%rdi
     9f1:	e8 86 fe ff ff       	call   87c <ffSampling_inner_fft3>
     9f6:	48 83 c4 20          	add    $0x20,%rsp
     9fa:	89 e9                	mov    %ebp,%ecx
     9fc:	4c 89 ea             	mov    %r13,%rdx
     9ff:	4c 89 e6             	mov    %r12,%rsi
     a02:	4c 89 f7             	mov    %r14,%rdi
     a05:	e8 00 00 00 00       	call   a0a <ffSampling_inner_fft3+0x18e>	a06: R_X86_64_PLT32	falcon_poly_merge_deep_fft3-0x4
     a0a:	4c 89 fa             	mov    %r15,%rdx
     a0d:	48 89 de             	mov    %rbx,%rsi
     a10:	4c 89 e7             	mov    %r12,%rdi
     a13:	e8 00 00 00 00       	call   a18 <ffSampling_inner_fft3+0x19c>	a14: R_X86_64_PLT32	memcpy-0x4
     a18:	b9 00 00 00 00       	mov    $0x0,%ecx
     a1d:	89 ea                	mov    %ebp,%edx
     a1f:	48 8b 34 24          	mov    (%rsp),%rsi
     a23:	4c 89 e7             	mov    %r12,%rdi
     a26:	e8 00 00 00 00       	call   a2b <ffSampling_inner_fft3+0x1af>	a27: R_X86_64_PLT32	falcon_poly_mul_fft3-0x4
     a2b:	b9 00 00 00 00       	mov    $0x0,%ecx
     a30:	89 ea                	mov    %ebp,%edx
     a32:	4c 89 e6             	mov    %r12,%rsi
     a35:	4c 89 f7             	mov    %r14,%rdi
     a38:	e8 00 00 00 00       	call   a3d <ffSampling_inner_fft3+0x1c1>	a39: R_X86_64_PLT32	falcon_poly_sub3-0x4
     a3d:	48 83 c4 58          	add    $0x58,%rsp
     a41:	5b                   	pop    %rbx
     a42:	5d                   	pop    %rbp
     a43:	41 5c                	pop    %r12
     a45:	41 5d                	pop    %r13
     a47:	41 5e                	pop    %r14
     a49:	41 5f                	pop    %r15
     a4b:	c3                   	ret
     a4c:	4d 8b 38             	mov    (%r8),%r15
     a4f:	48 8b 2a             	mov    (%rdx),%rbp
     a52:	4d 8b 29             	mov    (%r9),%r13
     a55:	4c 89 fe             	mov    %r15,%rsi
     a58:	48 bf 1c 33 90 45 a7 79 f2 3f 	movabs $0x3ff279a74590331c,%rdi
     a62:	e8 00 00 00 00       	call   a67 <ffSampling_inner_fft3+0x1eb>	a63: R_X86_64_PLT32	fpr_mul-0x4
     a67:	48 89 c2             	mov    %rax,%rdx
     a6a:	48 89 ee             	mov    %rbp,%rsi
     a6d:	48 8b 7c 24 10       	mov    0x10(%rsp),%rdi
     a72:	48 8b 44 24 08       	mov    0x8(%rsp),%rax
     a77:	ff d0                	call   *%rax
     a79:	48 63 f8             	movslq %eax,%rdi
     a7c:	be 00 00 00 00       	mov    $0x0,%esi
     a81:	e8 00 00 00 00       	call   a86 <ffSampling_inner_fft3+0x20a>	a82: R_X86_64_PLT32	fpr_scaled-0x4
     a86:	49 bc 00 00 00 00 00 00 00 80 	movabs $0x8000000000000000,%r12
     a90:	48 89 c6             	mov    %rax,%rsi
     a93:	4c 31 e6             	xor    %r12,%rsi
     a96:	48 89 ef             	mov    %rbp,%rdi
     a99:	e8 00 00 00 00       	call   a9e <ffSampling_inner_fft3+0x222>	a9a: R_X86_64_PLT32	fpr_add-0x4
     a9e:	48 bd 00 00 00 00 00 00 f0 ff 	movabs $0xfff0000000000000,%rbp
     aa8:	48 89 04 24          	mov    %rax,(%rsp)
     aac:	48 01 c5             	add    %rax,%rbp
     aaf:	48 89 e9             	mov    %rbp,%rcx
     ab2:	48 c1 e9 34          	shr    $0x34,%rcx
     ab6:	48 89 c8             	mov    %rcx,%rax
     ab9:	25 ff 07 00 00       	and    $0x7ff,%eax
     abe:	83 c0 01             	add    $0x1,%eax
     ac1:	c1 e8 0b             	shr    $0xb,%eax
     ac4:	89 c0                	mov    %eax,%eax
     ac6:	48 83 e8 01          	sub    $0x1,%rax
     aca:	48 21 c5             	and    %rax,%rbp
     acd:	48 89 ee             	mov    %rbp,%rsi
     ad0:	4c 89 ef             	mov    %r13,%rdi
     ad3:	e8 00 00 00 00       	call   ad8 <ffSampling_inner_fft3+0x25c>	ad4: R_X86_64_PLT32	fpr_add-0x4
     ad8:	49 89 c5             	mov    %rax,%r13
     adb:	4c 89 fa             	mov    %r15,%rdx
     ade:	48 89 c6             	mov    %rax,%rsi
     ae1:	48 8b 7c 24 10       	mov    0x10(%rsp),%rdi
     ae6:	48 8b 44 24 08       	mov    0x8(%rsp),%rax
     aeb:	ff d0                	call   *%rax
     aed:	48 63 f8             	movslq %eax,%rdi
     af0:	be 00 00 00 00       	mov    $0x0,%esi
     af5:	e8 00 00 00 00       	call   afa <ffSampling_inner_fft3+0x27e>	af6: R_X86_64_PLT32	fpr_scaled-0x4
     afa:	4c 31 e0             	xor    %r12,%rax
     afd:	48 89 c6             	mov    %rax,%rsi
     b00:	4c 89 ef             	mov    %r13,%rdi
     b03:	e8 00 00 00 00       	call   b08 <ffSampling_inner_fft3+0x28c>	b04: R_X86_64_PLT32	fpr_add-0x4
     b08:	48 89 c7             	mov    %rax,%rdi
     b0b:	48 89 ee             	mov    %rbp,%rsi
     b0e:	4c 31 e6             	xor    %r12,%rsi
     b11:	e8 00 00 00 00       	call   b16 <ffSampling_inner_fft3+0x29a>	b12: R_X86_64_PLT32	fpr_add-0x4
     b16:	49 89 06             	mov    %rax,(%r14)
     b19:	48 8b 14 24          	mov    (%rsp),%rdx
     b1d:	48 89 13             	mov    %rdx,(%rbx)
     b20:	e9 18 ff ff ff       	jmp    a3d <ffSampling_inner_fft3+0x1c1>

0000000000000b25 <ffSampling_depth1_fft3>:
     b25:	41 57                	push   %r15
     b27:	41 56                	push   %r14
     b29:	41 55                	push   %r13
     b2b:	41 54                	push   %r12
     b2d:	55                   	push   %rbp
     b2e:	53                   	push   %rbx
     b2f:	48 83 ec 68          	sub    $0x68,%rsp
     b33:	48 89 7c 24 38       	mov    %rdi,0x38(%rsp)
     b38:	48 89 74 24 40       	mov    %rsi,0x40(%rsp)
     b3d:	49 89 d4             	mov    %rdx,%r12
     b40:	48 89 4c 24 08       	mov    %rcx,0x8(%rsp)
     b45:	8b ac 24 b8 00 00 00 	mov    0xb8(%rsp),%ebp
     b4c:	48 8b 9c 24 c0 00 00 00 	mov    0xc0(%rsp),%rbx
     b54:	b8 18 00 00 00       	mov    $0x18,%eax
     b59:	89 e9                	mov    %ebp,%ecx
     b5b:	48 d3 e0             	shl    %cl,%rax
     b5e:	4c 89 4c 24 20       	mov    %r9,0x20(%rsp)
     b63:	4d 8d 14 01          	lea    (%r9,%rax,1),%r10
     b67:	44 8d 5d ff          	lea    -0x1(%rbp),%r11d
     b6b:	41 89 ee             	mov    %ebp,%r14d
     b6e:	44 89 5c 24 2c       	mov    %r11d,0x2c(%rsp)
     b73:	0f b6 4c 24 2c       	movzbl 0x2c(%rsp),%ecx
     b78:	41 d3 e6             	shl    %cl,%r14d
     b7b:	49 c1 e6 03          	shl    $0x3,%r14
     b7f:	4c 89 54 24 50       	mov    %r10,0x50(%rsp)
     b84:	4f 8d 3c 32          	lea    (%r10,%r14,1),%r15
     b88:	4c 89 7c 24 58       	mov    %r15,0x58(%rsp)
     b8d:	4d 01 fe             	add    %r15,%r14
     b90:	4c 89 74 24 48       	mov    %r14,0x48(%rsp)
     b95:	b8 01 00 00 00       	mov    $0x1,%eax
     b9a:	89 e9                	mov    %ebp,%ecx
     b9c:	48 d3 e0             	shl    %cl,%rax
     b9f:	48 d1 e8             	shr    $1,%rax
     ba2:	4c 8d 34 c5 00 00 00 00 	lea    0x0(,%rax,8),%r14
     baa:	4e 8d 14 33          	lea    (%rbx,%r14,1),%r10
     bae:	4c 89 54 24 18       	mov    %r10,0x18(%rsp)
     bb3:	4f 8d 3c 30          	lea    (%r8,%r14,1),%r15
     bb7:	89 e9                	mov    %ebp,%ecx
     bb9:	48 8b 94 24 b0 00 00 00 	mov    0xb0(%rsp),%rdx
     bc1:	4c 89 fe             	mov    %r15,%rsi
     bc4:	4c 89 44 24 10       	mov    %r8,0x10(%rsp)
     bc9:	4c 89 c7             	mov    %r8,%rdi
     bcc:	e8 00 00 00 00       	call   bd1 <ffSampling_depth1_fft3+0xac>	bcd: R_X86_64_PLT32	falcon_poly_split_deep_fft3-0x4
     bd1:	41 bd 08 00 00 00    	mov    $0x8,%r13d
     bd7:	89 e9                	mov    %ebp,%ecx
     bd9:	49 d3 e5             	shl    %cl,%r13
     bdc:	4a 8d 14 2b          	lea    (%rbx,%r13,1),%rdx
     be0:	48 83 ec 08          	sub    $0x8,%rsp
     be4:	48 89 54 24 38       	mov    %rdx,0x38(%rsp)
     be9:	52                   	push   %rdx
     bea:	44 8b 5c 24 3c       	mov    0x3c(%rsp),%r11d
     bef:	41 53                	push   %r11
     bf1:	41 57                	push   %r15
     bf3:	4c 8b 7c 24 30       	mov    0x30(%rsp),%r15
     bf8:	4d 89 f9             	mov    %r15,%r9
     bfb:	4c 8b 44 24 68       	mov    0x68(%rsp),%r8
     c00:	48 8b 4c 24 38       	mov    0x38(%rsp),%rcx
     c05:	48 89 da             	mov    %rbx,%rdx
     c08:	48 8b 74 24 60       	mov    0x60(%rsp),%rsi
     c0d:	48 8b 7c 24 58       	mov    0x58(%rsp),%rdi
     c12:	e8 65 fc ff ff       	call   87c <ffSampling_inner_fft3>
     c17:	48 83 c4 20          	add    $0x20,%rsp
     c1b:	89 e9                	mov    %ebp,%ecx
     c1d:	48 8b 54 24 18       	mov    0x18(%rsp),%rdx
     c22:	48 89 de             	mov    %rbx,%rsi
     c25:	4c 89 ff             	mov    %r15,%rdi
     c28:	e8 00 00 00 00       	call   c2d <ffSampling_depth1_fft3+0x108>	c29: R_X86_64_PLT32	falcon_poly_merge_deep_fft3-0x4
     c2d:	4c 89 ea             	mov    %r13,%rdx
     c30:	4c 89 7c 24 10       	mov    %r15,0x10(%rsp)
     c35:	4c 89 fe             	mov    %r15,%rsi
     c38:	48 89 df             	mov    %rbx,%rdi
     c3b:	e8 00 00 00 00       	call   c40 <ffSampling_depth1_fft3+0x11b>	c3c: R_X86_64_PLT32	memcpy-0x4
     c40:	b8 10 00 00 00       	mov    $0x10,%eax
     c45:	89 e9                	mov    %ebp,%ecx
     c47:	48 d3 e0             	shl    %cl,%rax
     c4a:	4c 8b 4c 24 20       	mov    0x20(%rsp),%r9
     c4f:	4c 01 c8             	add    %r9,%rax
     c52:	b9 00 00 00 00       	mov    $0x0,%ecx
     c57:	89 ea                	mov    %ebp,%edx
     c59:	48 89 44 24 48       	mov    %rax,0x48(%rsp)
     c5e:	48 89 c6             	mov    %rax,%rsi
     c61:	48 89 df             	mov    %rbx,%rdi
     c64:	e8 00 00 00 00       	call   c69 <ffSampling_depth1_fft3+0x144>	c65: R_X86_64_PLT32	falcon_poly_mul_fft3-0x4
     c69:	b9 00 00 00 00       	mov    $0x0,%ecx
     c6e:	89 ea                	mov    %ebp,%edx
     c70:	48 8b b4 24 a8 00 00 00 	mov    0xa8(%rsp),%rsi
     c78:	48 89 df             	mov    %rbx,%rdi
     c7b:	e8 00 00 00 00       	call   c80 <ffSampling_depth1_fft3+0x15b>	c7c: R_X86_64_PLT32	falcon_poly_add3-0x4
     c80:	48 8b 44 24 08       	mov    0x8(%rsp),%rax
     c85:	4e 8d 3c 30          	lea    (%rax,%r14,1),%r15
     c89:	89 e9                	mov    %ebp,%ecx
     c8b:	48 89 da             	mov    %rbx,%rdx
     c8e:	4c 89 fe             	mov    %r15,%rsi
     c91:	48 89 c7             	mov    %rax,%rdi
     c94:	e8 00 00 00 00       	call   c99 <ffSampling_depth1_fft3+0x174>	c95: R_X86_64_PLT32	falcon_poly_split_deep_fft3-0x4
     c99:	48 83 ec 08          	sub    $0x8,%rsp
     c9d:	ff 74 24 38          	push   0x38(%rsp)
     ca1:	44 8b 5c 24 3c       	mov    0x3c(%rsp),%r11d
     ca6:	41 53                	push   %r11
     ca8:	41 57                	push   %r15
     caa:	4c 8b 7c 24 28       	mov    0x28(%rsp),%r15
     caf:	4d 89 f9             	mov    %r15,%r9
     cb2:	4c 8b 44 24 78       	mov    0x78(%rsp),%r8
     cb7:	48 8b 4c 24 38       	mov    0x38(%rsp),%rcx
     cbc:	48 89 da             	mov    %rbx,%rdx
     cbf:	48 8b 74 24 60       	mov    0x60(%rsp),%rsi
     cc4:	48 8b 7c 24 58       	mov    0x58(%rsp),%rdi
     cc9:	e8 ae fb ff ff       	call   87c <ffSampling_inner_fft3>
     cce:	48 83 c4 20          	add    $0x20,%rsp
     cd2:	89 e9                	mov    %ebp,%ecx
     cd4:	48 8b 54 24 18       	mov    0x18(%rsp),%rdx
     cd9:	48 89 de             	mov    %rbx,%rsi
     cdc:	4c 89 7c 24 08       	mov    %r15,0x8(%rsp)
     ce1:	4c 89 ff             	mov    %r15,%rdi
     ce4:	e8 00 00 00 00       	call   ce9 <ffSampling_depth1_fft3+0x1c4>	ce5: R_X86_64_PLT32	falcon_poly_merge_deep_fft3-0x4
     ce9:	4c 89 ea             	mov    %r13,%rdx
     cec:	4c 8b 7c 24 10       	mov    0x10(%rsp),%r15
     cf1:	4c 89 fe             	mov    %r15,%rsi
     cf4:	48 89 df             	mov    %rbx,%rdi
     cf7:	e8 00 00 00 00       	call   cfc <ffSampling_depth1_fft3+0x1d7>	cf8: R_X86_64_PLT32	memcpy-0x4
     cfc:	b9 00 00 00 00       	mov    $0x0,%ecx
     d01:	89 ea                	mov    %ebp,%edx
     d03:	48 8b 74 24 48       	mov    0x48(%rsp),%rsi
     d08:	48 89 df             	mov    %rbx,%rdi
     d0b:	e8 00 00 00 00       	call   d10 <ffSampling_depth1_fft3+0x1eb>	d0c: R_X86_64_PLT32	falcon_poly_mul_fft3-0x4
     d10:	b9 00 00 00 00       	mov    $0x0,%ecx
     d15:	89 ea                	mov    %ebp,%edx
     d17:	48 89 de             	mov    %rbx,%rsi
     d1a:	48 8b 7c 24 08       	mov    0x8(%rsp),%rdi
     d1f:	e8 00 00 00 00       	call   d24 <ffSampling_depth1_fft3+0x1ff>	d20: R_X86_64_PLT32	falcon_poly_sub3-0x4
     d24:	4c 89 ea             	mov    %r13,%rdx
     d27:	48 8b b4 24 a0 00 00 00 	mov    0xa0(%rsp),%rsi
     d2f:	4c 89 e7             	mov    %r12,%rdi
     d32:	e8 00 00 00 00       	call   d37 <ffSampling_depth1_fft3+0x212>	d33: R_X86_64_PLT32	memcpy-0x4
     d37:	4c 89 ea             	mov    %r13,%rdx
     d3a:	48 8b 74 24 08       	mov    0x8(%rsp),%rsi
     d3f:	48 89 df             	mov    %rbx,%rdi
     d42:	e8 00 00 00 00       	call   d47 <ffSampling_depth1_fft3+0x222>	d43: R_X86_64_PLT32	memcpy-0x4
     d47:	b9 00 00 00 00       	mov    $0x0,%ecx
     d4c:	89 ea                	mov    %ebp,%edx
     d4e:	48 8b 74 24 20       	mov    0x20(%rsp),%rsi
     d53:	48 89 df             	mov    %rbx,%rdi
     d56:	e8 00 00 00 00       	call   d5b <ffSampling_depth1_fft3+0x236>	d57: R_X86_64_PLT32	falcon_poly_mul_fft3-0x4
     d5b:	b9 00 00 00 00       	mov    $0x0,%ecx
     d60:	89 ea                	mov    %ebp,%edx
     d62:	48 89 de             	mov    %rbx,%rsi
     d65:	4c 89 e7             	mov    %r12,%rdi
     d68:	e8 00 00 00 00       	call   d6d <ffSampling_depth1_fft3+0x248>	d69: R_X86_64_PLT32	falcon_poly_add3-0x4
     d6d:	4c 89 ea             	mov    %r13,%rdx
     d70:	4c 89 7c 24 10       	mov    %r15,0x10(%rsp)
     d75:	4c 89 fe             	mov    %r15,%rsi
     d78:	48 89 df             	mov    %rbx,%rdi
     d7b:	e8 00 00 00 00       	call   d80 <ffSampling_depth1_fft3+0x25b>	d7c: R_X86_64_PLT32	memcpy-0x4
     d80:	4c 8b 4c 24 20       	mov    0x20(%rsp),%r9
     d85:	4f 8d 3c 29          	lea    (%r9,%r13,1),%r15
     d89:	b9 00 00 00 00       	mov    $0x0,%ecx
     d8e:	89 ea                	mov    %ebp,%edx
     d90:	4c 89 fe             	mov    %r15,%rsi
     d93:	48 89 df             	mov    %rbx,%rdi
     d96:	e8 00 00 00 00       	call   d9b <ffSampling_depth1_fft3+0x276>	d97: R_X86_64_PLT32	falcon_poly_mul_fft3-0x4
     d9b:	b9 00 00 00 00       	mov    $0x0,%ecx
     da0:	89 ea                	mov    %ebp,%edx
     da2:	48 89 de             	mov    %rbx,%rsi
     da5:	4c 89 e7             	mov    %r12,%rdi
     da8:	e8 00 00 00 00       	call   dad <ffSampling_depth1_fft3+0x288>	da9: R_X86_64_PLT32	falcon_poly_add3-0x4
     dad:	4d 01 e6             	add    %r12,%r14
     db0:	4c 89 ea             	mov    %r13,%rdx
     db3:	4c 89 e6             	mov    %r12,%rsi
     db6:	48 89 df             	mov    %rbx,%rdi
     db9:	e8 00 00 00 00       	call   dbe <ffSampling_depth1_fft3+0x299>	dba: R_X86_64_PLT32	memcpy-0x4
     dbe:	89 e9                	mov    %ebp,%ecx
     dc0:	48 89 da             	mov    %rbx,%rdx
     dc3:	4c 89 f6             	mov    %r14,%rsi
     dc6:	4c 89 e7             	mov    %r12,%rdi
     dc9:	e8 00 00 00 00       	call   dce <ffSampling_depth1_fft3+0x2a9>	dca: R_X86_64_PLT32	falcon_poly_split_deep_fft3-0x4
     dce:	48 83 ec 08          	sub    $0x8,%rsp
     dd2:	ff 74 24 38          	push   0x38(%rsp)
     dd6:	44 8b 5c 24 3c       	mov    0x3c(%rsp),%r11d
     ddb:	41 53                	push   %r11
     ddd:	41 56                	push   %r14
     ddf:	4d 89 e1             	mov    %r12,%r9
     de2:	4c 8b 44 24 70       	mov    0x70(%rsp),%r8
     de7:	4c 8b 74 24 38       	mov    0x38(%rsp),%r14
     dec:	4c 89 f1             	mov    %r14,%rcx
     def:	48 89 da             	mov    %rbx,%rdx
     df2:	48 8b 74 24 60       	mov    0x60(%rsp),%rsi
     df7:	48 8b 7c 24 58       	mov    0x58(%rsp),%rdi
     dfc:	e8 7b fa ff ff       	call   87c <ffSampling_inner_fft3>
     e01:	48 83 c4 20          	add    $0x20,%rsp
     e05:	89 e9                	mov    %ebp,%ecx
     e07:	4c 89 f2             	mov    %r14,%rdx
     e0a:	48 89 de             	mov    %rbx,%rsi
     e0d:	4c 89 e7             	mov    %r12,%rdi
     e10:	e8 00 00 00 00       	call   e15 <ffSampling_depth1_fft3+0x2f0>	e11: R_X86_64_PLT32	falcon_poly_merge_deep_fft3-0x4
     e15:	4c 89 ea             	mov    %r13,%rdx
     e18:	48 8b 74 24 08       	mov    0x8(%rsp),%rsi
     e1d:	48 89 df             	mov    %rbx,%rdi
     e20:	e8 00 00 00 00       	call   e25 <ffSampling_depth1_fft3+0x300>	e21: R_X86_64_PLT32	memcpy-0x4
     e25:	b9 00 00 00 00       	mov    $0x0,%ecx
     e2a:	89 ea                	mov    %ebp,%edx
     e2c:	48 8b 74 24 20       	mov    0x20(%rsp),%rsi
     e31:	48 89 df             	mov    %rbx,%rdi
     e34:	e8 00 00 00 00       	call   e39 <ffSampling_depth1_fft3+0x314>	e35: R_X86_64_PLT32	falcon_poly_mul_fft3-0x4
     e39:	b9 00 00 00 00       	mov    $0x0,%ecx
     e3e:	89 ea                	mov    %ebp,%edx
     e40:	48 89 de             	mov    %rbx,%rsi
     e43:	4c 89 e7             	mov    %r12,%rdi
     e46:	e8 00 00 00 00       	call   e4b <ffSampling_depth1_fft3+0x326>	e47: R_X86_64_PLT32	falcon_poly_sub3-0x4
     e4b:	4c 89 ea             	mov    %r13,%rdx
     e4e:	48 8b 74 24 10       	mov    0x10(%rsp),%rsi
     e53:	48 89 df             	mov    %rbx,%rdi
     e56:	e8 00 00 00 00       	call   e5b <ffSampling_depth1_fft3+0x336>	e57: R_X86_64_PLT32	memcpy-0x4
     e5b:	b9 00 00 00 00       	mov    $0x0,%ecx
     e60:	89 ea                	mov    %ebp,%edx
     e62:	4c 89 fe             	mov    %r15,%rsi
     e65:	48 89 df             	mov    %rbx,%rdi
     e68:	e8 00 00 00 00       	call   e6d <ffSampling_depth1_fft3+0x348>	e69: R_X86_64_PLT32	falcon_poly_mul_fft3-0x4
     e6d:	b9 00 00 00 00       	mov    $0x0,%ecx
     e72:	89 ea                	mov    %ebp,%edx
     e74:	48 89 de             	mov    %rbx,%rsi
     e77:	4c 89 e7             	mov    %r12,%rdi
     e7a:	e8 00 00 00 00       	call   e7f <ffSampling_depth1_fft3+0x35a>	e7b: R_X86_64_PLT32	falcon_poly_sub3-0x4
     e7f:	48 83 c4 68          	add    $0x68,%rsp
     e83:	5b                   	pop    %rbx
     e84:	5d                   	pop    %rbp
     e85:	41 5c                	pop    %r12
     e87:	41 5d                	pop    %r13
     e89:	41 5e                	pop    %r14
     e8b:	41 5f                	pop    %r15
     e8d:	c3                   	ret

0000000000000e8e <ffSampling_fft>:
     e8e:	41 57                	push   %r15
     e90:	41 56                	push   %r14
     e92:	41 55                	push   %r13
     e94:	41 54                	push   %r12
     e96:	55                   	push   %rbp
     e97:	53                   	push   %rbx
     e98:	48 83 ec 58          	sub    $0x58,%rsp
     e9c:	48 89 7c 24 08       	mov    %rdi,0x8(%rsp)
     ea1:	48 89 74 24 10       	mov    %rsi,0x10(%rsp)
     ea6:	49 89 d7             	mov    %rdx,%r15
     ea9:	49 89 cd             	mov    %rcx,%r13
     eac:	4d 89 c6             	mov    %r8,%r14
     eaf:	4c 89 4c 24 30       	mov    %r9,0x30(%rsp)
     eb4:	8b 9c 24 98 00 00 00 	mov    0x98(%rsp),%ebx
     ebb:	4c 8b a4 24 a0 00 00 00 	mov    0xa0(%rsp),%r12
     ec3:	85 db                	test   %ebx,%ebx
     ec5:	75 5e                	jne    f25 <ffSampling_fft+0x97>
     ec7:	48 89 f8             	mov    %rdi,%rax
     eca:	48 89 f7             	mov    %rsi,%rdi
     ecd:	48 8b 9c 24 90 00 00 00 	mov    0x90(%rsp),%rbx
     ed5:	48 8b 1b             	mov    (%rbx),%rbx
     ed8:	49 8b 28             	mov    (%r8),%rbp
     edb:	49 8b 31             	mov    (%r9),%rsi
     ede:	48 89 ea             	mov    %rbp,%rdx
     ee1:	49 89 fc             	mov    %rdi,%r12
     ee4:	49 89 c6             	mov    %rax,%r14
     ee7:	ff d0                	call   *%rax
     ee9:	48 63 f8             	movslq %eax,%rdi
     eec:	be 00 00 00 00       	mov    $0x0,%esi
     ef1:	e8 00 00 00 00       	call   ef6 <ffSampling_fft+0x68>	ef2: R_X86_64_PLT32	fpr_scaled-0x4
     ef6:	49 89 07             	mov    %rax,(%r15)
     ef9:	48 89 ea             	mov    %rbp,%rdx
     efc:	48 89 de             	mov    %rbx,%rsi
     eff:	4c 89 e7             	mov    %r12,%rdi
     f02:	41 ff d6             	call   *%r14
     f05:	48 63 f8             	movslq %eax,%rdi
     f08:	be 00 00 00 00       	mov    $0x0,%esi
     f0d:	e8 00 00 00 00       	call   f12 <ffSampling_fft+0x84>	f0e: R_X86_64_PLT32	fpr_scaled-0x4
     f12:	49 89 45 00          	mov    %rax,0x0(%r13)
     f16:	48 83 c4 58          	add    $0x58,%rsp
     f1a:	5b                   	pop    %rbx
     f1b:	5d                   	pop    %rbp
     f1c:	41 5c                	pop    %r12
     f1e:	41 5d                	pop    %r13
     f20:	41 5e                	pop    %r14
     f22:	41 5f                	pop    %r15
     f24:	c3                   	ret
     f25:	bd 01 00 00 00       	mov    $0x1,%ebp
     f2a:	89 d9                	mov    %ebx,%ecx
     f2c:	48 d3 e5             	shl    %cl,%rbp
     f2f:	b8 08 00 00 00       	mov    $0x8,%eax
     f34:	48 d3 e0             	shl    %cl,%rax
     f37:	48 89 44 24 18       	mov    %rax,0x18(%rsp)
     f3c:	49 8d 14 00          	lea    (%r8,%rax,1),%rdx
     f40:	48 89 54 24 40       	mov    %rdx,0x40(%rsp)
     f45:	8d 53 ff             	lea    -0x1(%rbx),%edx
     f48:	89 de                	mov    %ebx,%esi
     f4a:	89 54 24 24          	mov    %edx,0x24(%rsp)
     f4e:	0f b6 4c 24 24       	movzbl 0x24(%rsp),%ecx
     f53:	d3 e6                	shl    %cl,%esi
     f55:	48 89 f0             	mov    %rsi,%rax
     f58:	48 01 e8             	add    %rbp,%rax
     f5b:	49 8d 0c c0          	lea    (%r8,%rax,8),%rcx
     f5f:	48 89 4c 24 48       	mov    %rcx,0x48(%rsp)
     f64:	48 d1 ed             	shr    $1,%rbp
     f67:	48 c1 e5 03          	shl    $0x3,%rbp
     f6b:	49 8d 4c 2d 00       	lea    0x0(%r13,%rbp,1),%rcx
     f70:	48 89 ce             	mov    %rcx,%rsi
     f73:	89 d9                	mov    %ebx,%ecx
     f75:	48 8b 94 24 90 00 00 00 	mov    0x90(%rsp),%rdx
     f7d:	48 89 74 24 28       	mov    %rsi,0x28(%rsp)
     f82:	4c 89 ef             	mov    %r13,%rdi
     f85:	e8 00 00 00 00       	call   f8a <ffSampling_fft+0xfc>	f86: R_X86_64_PLT32	falcon_poly_split_fft-0x4
     f8a:	48 8b 44 24 18       	mov    0x18(%rsp),%rax
     f8f:	4d 8d 14 04          	lea    (%r12,%rax,1),%r10
     f93:	49 8d 0c 2c          	lea    (%r12,%rbp,1),%rcx
     f97:	48 83 ec 08          	sub    $0x8,%rsp
     f9b:	4c 89 54 24 40       	mov    %r10,0x40(%rsp)
     fa0:	41 52                	push   %r10
     fa2:	8b 7c 24 34          	mov    0x34(%rsp),%edi
     fa6:	57                   	push   %rdi
     fa7:	ff 74 24 40          	push   0x40(%rsp)
     fab:	4d 89 e9             	mov    %r13,%r9
     fae:	4c 8b 44 24 68       	mov    0x68(%rsp),%r8
     fb3:	48 89 4c 24 48       	mov    %rcx,0x48(%rsp)
     fb8:	4c 89 e2             	mov    %r12,%rdx
     fbb:	48 8b 74 24 30       	mov    0x30(%rsp),%rsi
     fc0:	48 8b 7c 24 28       	mov    0x28(%rsp),%rdi
     fc5:	e8 c4 fe ff ff       	call   e8e <ffSampling_fft>
     fca:	48 83 c4 20          	add    $0x20,%rsp
     fce:	89 d9                	mov    %ebx,%ecx
     fd0:	48 8b 54 24 28       	mov    0x28(%rsp),%rdx
     fd5:	4c 89 e6             	mov    %r12,%rsi
     fd8:	4c 89 ef             	mov    %r13,%rdi
     fdb:	e8 00 00 00 00       	call   fe0 <ffSampling_fft+0x152>	fdc: R_X86_64_PLT32	falcon_poly_merge_fft-0x4
     fe0:	48 8b 54 24 18       	mov    0x18(%rsp),%rdx
     fe5:	48 8b b4 24 90 00 00 00 	mov    0x90(%rsp),%rsi
     fed:	4c 89 e7             	mov    %r12,%rdi
     ff0:	e8 00 00 00 00       	call   ff5 <ffSampling_fft+0x167>	ff1: R_X86_64_PLT32	memcpy-0x4
     ff5:	89 da                	mov    %ebx,%edx
     ff7:	4c 89 ee             	mov    %r13,%rsi
     ffa:	4c 89 e7             	mov    %r12,%rdi
     ffd:	e8 00 00 00 00       	call   1002 <ffSampling_fft+0x174>	ffe: R_X86_64_PLT32	falcon_poly_sub-0x4
    1002:	89 da                	mov    %ebx,%edx
    1004:	4c 89 f6             	mov    %r14,%rsi
    1007:	4c 89 e7             	mov    %r12,%rdi
    100a:	e8 00 00 00 00       	call   100f <ffSampling_fft+0x181>	100b: R_X86_64_PLT32	falcon_poly_mul_fft-0x4
    100f:	89 da                	mov    %ebx,%edx
    1011:	48 8b 74 24 30       	mov    0x30(%rsp),%rsi
    1016:	4c 89 e7             	mov    %r12,%rdi
    1019:	e8 00 00 00 00       	call   101e <ffSampling_fft+0x190>	101a: R_X86_64_PLT32	falcon_poly_add-0x4
    101e:	4c 01 fd             	add    %r15,%rbp
    1021:	89 d9                	mov    %ebx,%ecx
    1023:	4c 89 e2             	mov    %r12,%rdx
    1026:	48 89 ee             	mov    %rbp,%rsi
    1029:	4c 89 ff             	mov    %r15,%rdi
    102c:	e8 00 00 00 00       	call   1031 <ffSampling_fft+0x1a3>	102d: R_X86_64_PLT32	falcon_poly_split_fft-0x4
    1031:	48 83 ec 08          	sub    $0x8,%rsp
    1035:	ff 74 24 40          	push   0x40(%rsp)
    1039:	8b 44 24 34          	mov    0x34(%rsp),%eax
    103d:	50                   	push   %rax
    103e:	55                   	push   %rbp
    103f:	4d 89 f9             	mov    %r15,%r9
    1042:	4c 8b 44 24 60       	mov    0x60(%rsp),%r8
    1047:	4c 8b 74 24 48       	mov    0x48(%rsp),%r14
    104c:	4c 89 f1             	mov    %r14,%rcx
    104f:	4c 89 e2             	mov    %r12,%rdx
    1052:	48 8b 74 24 30       	mov    0x30(%rsp),%rsi
    1057:	48 8b 7c 24 28       	mov    0x28(%rsp),%rdi
    105c:	e8 2d fe ff ff       	call   e8e <ffSampling_fft>
    1061:	48 83 c4 20          	add    $0x20,%rsp
    1065:	89 d9                	mov    %ebx,%ecx
    1067:	4c 89 f2             	mov    %r14,%rdx
    106a:	4c 89 e6             	mov    %r12,%rsi
    106d:	4c 89 ff             	mov    %r15,%rdi
    1070:	e8 00 00 00 00       	call   1075 <ffSampling_fft+0x1e7>	1071: R_X86_64_PLT32	falcon_poly_merge_fft-0x4
    1075:	e9 9c fe ff ff       	jmp    f16 <ffSampling_fft+0x88>

000000000000107a <BerExp>:
    107a:	41 55                	push   %r13
    107c:	41 54                	push   %r12
    107e:	55                   	push   %rbp
    107f:	53                   	push   %rbx
    1080:	48 83 ec 08          	sub    $0x8,%rsp
    1084:	48 89 fb             	mov    %rdi,%rbx
    1087:	48 89 f5             	mov    %rsi,%rbp
    108a:	48 be fe 82 2b 65 47 15 f7 3f 	movabs $0x3ff71547652b82fe,%rsi
    1094:	48 89 ef             	mov    %rbp,%rdi
    1097:	e8 00 00 00 00       	call   109c <BerExp+0x22>	1098: R_X86_64_PLT32	fpr_mul-0x4
    109c:	48 89 c2             	mov    %rax,%rdx
    109f:	48 c1 ea 34          	shr    $0x34,%rdx
    10a3:	81 e2 ff 07 00 00    	and    $0x7ff,%edx
    10a9:	48 89 c7             	mov    %rax,%rdi
    10ac:	48 c1 ff 3f          	sar    $0x3f,%rdi
    10b0:	48 89 c1             	mov    %rax,%rcx
    10b3:	48 c1 e1 0a          	shl    $0xa,%rcx
    10b7:	48 0f ba f1 3f       	btr    $0x3f,%rcx
    10bc:	48 0f ba e9 3e       	bts    $0x3e,%rcx
    10c1:	48 31 f9             	xor    %rdi,%rcx
    10c4:	48 c1 e8 3f          	shr    $0x3f,%rax
    10c8:	48 8d 34 08          	lea    (%rax,%rcx,1),%rsi
    10cc:	b9 3d 04 00 00       	mov    $0x43d,%ecx
    10d1:	29 d1                	sub    %edx,%ecx
    10d3:	81 ea fe 03 00 00    	sub    $0x3fe,%edx
    10d9:	c1 ea 1f             	shr    $0x1f,%edx
    10dc:	89 d0                	mov    %edx,%eax
    10de:	49 89 f4             	mov    %rsi,%r12
    10e1:	49 c1 fc 20          	sar    $0x20,%r12
    10e5:	f6 c1 20             	test   $0x20,%cl
    10e8:	4c 0f 44 e6          	cmove  %rsi,%r12
    10ec:	83 e1 1f             	and    $0x1f,%ecx
    10ef:	49 d3 fc             	sar    %cl,%r12
    10f2:	48 8d 50 ff          	lea    -0x1(%rax),%rdx
    10f6:	49 21 d4             	and    %rdx,%r12
    10f9:	48 f7 d8             	neg    %rax
    10fc:	48 21 c7             	and    %rax,%rdi
    10ff:	49 09 fc             	or     %rdi,%r12
    1102:	49 63 fc             	movslq %r12d,%rdi
    1105:	be 00 00 00 00       	mov    $0x0,%esi
    110a:	e8 00 00 00 00       	call   110f <BerExp+0x95>	110b: R_X86_64_PLT32	fpr_scaled-0x4
    110f:	48 89 c7             	mov    %rax,%rdi
    1112:	48 be ef 39 fa fe 42 2e e6 3f 	movabs $0x3fe62e42fefa39ef,%rsi
    111c:	e8 00 00 00 00       	call   1121 <BerExp+0xa7>	111d: R_X86_64_PLT32	fpr_mul-0x4
    1121:	48 0f ba f8 3f       	btc    $0x3f,%rax
    1126:	48 89 c6             	mov    %rax,%rsi
    1129:	48 89 ef             	mov    %rbp,%rdi
    112c:	e8 00 00 00 00       	call   1131 <BerExp+0xb7>	112d: R_X86_64_PLT32	fpr_add-0x4
    1131:	49 89 c5             	mov    %rax,%r13
    1134:	b8 3f 00 00 00       	mov    $0x3f,%eax
    1139:	44 29 e0             	sub    %r12d,%eax
    113c:	89 c5                	mov    %eax,%ebp
    113e:	c1 ed 1f             	shr    $0x1f,%ebp
    1141:	44 89 e2             	mov    %r12d,%edx
    1144:	83 f2 3f             	xor    $0x3f,%edx
    1147:	c1 f8 1f             	sar    $0x1f,%eax
    114a:	21 d0                	and    %edx,%eax
    114c:	41 31 c4             	xor    %eax,%r12d
    114f:	48 8b 83 00 10 00 00 	mov    0x1000(%rbx),%rax
    1156:	48 3d f6 0f 00 00    	cmp    $0xff6,%rax
    115c:	0f 87 6c 01 00 00    	ja     12ce <BerExp+0x254>
    1162:	48 8d 50 08          	lea    0x8(%rax),%rdx
    1166:	48 89 93 00 10 00 00 	mov    %rdx,0x1000(%rbx)
    116d:	48 8b 14 03          	mov    (%rbx,%rax,1),%rdx
    1171:	48 89 d0             	mov    %rdx,%rax
    1174:	44 89 e1             	mov    %r12d,%ecx
    1177:	48 d3 e8             	shr    %cl,%rax
    117a:	48 d3 e0             	shl    %cl,%rax
    117d:	48 31 d0             	xor    %rdx,%rax
    1180:	48 89 c2             	mov    %rax,%rdx
    1183:	48 f7 da             	neg    %rdx
    1186:	48 09 c2             	or     %rax,%rdx
    1189:	48 c1 ea 3f          	shr    $0x3f,%rdx
    118d:	83 f2 01             	xor    $0x1,%edx
    1190:	83 f5 01             	xor    $0x1,%ebp
    1193:	21 d5                	and    %edx,%ebp
    1195:	48 be 00 00 00 00 00 00 e0 43 	movabs $0x43e0000000000000,%rsi
    119f:	4c 89 ef             	mov    %r13,%rdi
    11a2:	e8 00 00 00 00       	call   11a7 <BerExp+0x12d>	11a3: R_X86_64_PLT32	fpr_mul-0x4
    11a7:	48 89 c6             	mov    %rax,%rsi
    11aa:	48 89 c7             	mov    %rax,%rdi
    11ad:	48 c1 ef 34          	shr    $0x34,%rdi
    11b1:	81 e7 ff 07 00 00    	and    $0x7ff,%edi
    11b7:	48 c1 e0 0a          	shl    $0xa,%rax
    11bb:	48 ba ff ff ff ff ff ff ff 3f 	movabs $0x3fffffffffffffff,%rdx
    11c5:	48 21 d0             	and    %rdx,%rax
    11c8:	48 0f ba e8 3e       	bts    $0x3e,%rax
    11cd:	b9 3d 04 00 00       	mov    $0x43d,%ecx
    11d2:	29 f9                	sub    %edi,%ecx
    11d4:	48 89 c2             	mov    %rax,%rdx
    11d7:	48 c1 ea 20          	shr    $0x20,%rdx
    11db:	f6 c1 20             	test   $0x20,%cl
    11de:	48 0f 45 c2          	cmovne %rdx,%rax
    11e2:	83 e1 1f             	and    $0x1f,%ecx
    11e5:	48 d3 e8             	shr    %cl,%rax
    11e8:	48 89 c2             	mov    %rax,%rdx
    11eb:	b8 fd 03 00 00       	mov    $0x3fd,%eax
    11f0:	29 f8                	sub    %edi,%eax
    11f2:	c1 e8 1f             	shr    $0x1f,%eax
    11f5:	89 c0                	mov    %eax,%eax
    11f7:	48 f7 d8             	neg    %rax
    11fa:	48 21 d0             	and    %rdx,%rax
    11fd:	48 89 f2             	mov    %rsi,%rdx
    1200:	48 c1 fa 3f          	sar    $0x3f,%rdx
    1204:	48 31 d0             	xor    %rdx,%rax
    1207:	48 c1 ee 3f          	shr    $0x3f,%rsi
    120b:	48 01 c6             	add    %rax,%rsi
    120e:	48 01 f6             	add    %rsi,%rsi
    1211:	48 89 f7             	mov    %rsi,%rdi
    1214:	48 c1 ef 20          	shr    $0x20,%rdi
    1218:	48 8d 0d 00 00 00 00 	lea    0x0(%rip),%rcx        # 121f <BerExp+0x1a5>	121b: R_X86_64_PC32	.rodata+0xa224
    121f:	4c 8d 41 60          	lea    0x60(%rcx),%r8
    1223:	48 ba a3 83 11 74 04 00 00 00 	movabs $0x4741183a3,%rdx
    122d:	89 f6                	mov    %esi,%esi
    122f:	49 89 d2             	mov    %rdx,%r10
    1232:	49 c1 ea 20          	shr    $0x20,%r10
    1236:	89 d2                	mov    %edx,%edx
    1238:	48 89 f0             	mov    %rsi,%rax
    123b:	48 0f af c2          	imul   %rdx,%rax
    123f:	48 c1 e8 20          	shr    $0x20,%rax
    1243:	4d 89 d1             	mov    %r10,%r9
    1246:	4c 0f af ce          	imul   %rsi,%r9
    124a:	4c 01 c8             	add    %r9,%rax
    124d:	48 0f af d7          	imul   %rdi,%rdx
    1251:	49 89 d1             	mov    %rdx,%r9
    1254:	4c 0f af d7          	imul   %rdi,%r10
    1258:	48 8b 11             	mov    (%rcx),%rdx
    125b:	4c 29 d2             	sub    %r10,%rdx
    125e:	4d 89 ca             	mov    %r9,%r10
    1261:	49 c1 ea 20          	shr    $0x20,%r10
    1265:	4c 29 d2             	sub    %r10,%rdx
    1268:	49 89 c2             	mov    %rax,%r10
    126b:	49 c1 ea 20          	shr    $0x20,%r10
    126f:	4c 29 d2             	sub    %r10,%rdx
    1272:	89 c0                	mov    %eax,%eax
    1274:	45 89 c9             	mov    %r9d,%r9d
    1277:	4c 01 c8             	add    %r9,%rax
    127a:	48 c1 e8 20          	shr    $0x20,%rax
    127e:	48 29 c2             	sub    %rax,%rdx
    1281:	48 83 c1 08          	add    $0x8,%rcx
    1285:	4c 39 c1             	cmp    %r8,%rcx
    1288:	75 a5                	jne    122f <BerExp+0x1b5>
    128a:	48 c1 ea 08          	shr    $0x8,%rdx
    128e:	49 89 d4             	mov    %rdx,%r12
    1291:	48 8b 93 00 10 00 00 	mov    0x1000(%rbx),%rdx
    1298:	48 81 fa f6 0f 00 00 	cmp    $0xff6,%rdx
    129f:	77 3f                	ja     12e0 <BerExp+0x266>
    12a1:	48 8d 42 08          	lea    0x8(%rdx),%rax
    12a5:	48 89 83 00 10 00 00 	mov    %rax,0x1000(%rbx)
    12ac:	48 b8 ff ff ff ff ff ff 7f 00 	movabs $0x7fffffffffffff,%rax
    12b6:	48 23 04 13          	and    (%rbx,%rdx,1),%rax
    12ba:	4c 29 e0             	sub    %r12,%rax
    12bd:	48 c1 e8 3f          	shr    $0x3f,%rax
    12c1:	21 e8                	and    %ebp,%eax
    12c3:	48 83 c4 08          	add    $0x8,%rsp
    12c7:	5b                   	pop    %rbx
    12c8:	5d                   	pop    %rbp
    12c9:	41 5c                	pop    %r12
    12cb:	41 5d                	pop    %r13
    12cd:	c3                   	ret
    12ce:	48 89 df             	mov    %rbx,%rdi
    12d1:	e8 00 00 00 00       	call   12d6 <BerExp+0x25c>	12d2: R_X86_64_PLT32	falcon_prng_refill-0x4
    12d6:	b8 00 00 00 00       	mov    $0x0,%eax
    12db:	e9 82 fe ff ff       	jmp    1162 <BerExp+0xe8>
    12e0:	48 89 df             	mov    %rbx,%rdi
    12e3:	e8 00 00 00 00       	call   12e8 <BerExp+0x26e>	12e4: R_X86_64_PLT32	falcon_prng_refill-0x4
    12e8:	ba 00 00 00 00       	mov    $0x0,%edx
    12ed:	eb b2                	jmp    12a1 <BerExp+0x227>

00000000000012ef <sampler>:
    12ef:	41 57                	push   %r15
    12f1:	41 56                	push   %r14
    12f3:	41 55                	push   %r13
    12f5:	41 54                	push   %r12
    12f7:	55                   	push   %rbp
    12f8:	53                   	push   %rbx
    12f9:	48 83 ec 38          	sub    $0x38,%rsp
    12fd:	49 89 fe             	mov    %rdi,%r14
    1300:	48 89 f3             	mov    %rsi,%rbx
    1303:	48 89 d5             	mov    %rdx,%rbp
    1306:	48 89 f0             	mov    %rsi,%rax
    1309:	48 c1 e8 34          	shr    $0x34,%rax
    130d:	25 ff 07 00 00       	and    $0x7ff,%eax
    1312:	48 c1 fe 3f          	sar    $0x3f,%rsi
    1316:	48 89 da             	mov    %rbx,%rdx
    1319:	48 c1 e2 0a          	shl    $0xa,%rdx
    131d:	48 0f ba f2 3f       	btr    $0x3f,%rdx
    1322:	48 0f ba ea 3e       	bts    $0x3e,%rdx
    1327:	48 31 f2             	xor    %rsi,%rdx
    132a:	48 89 df             	mov    %rbx,%rdi
    132d:	48 c1 ef 3f          	shr    $0x3f,%rdi
    1331:	48 01 d7             	add    %rdx,%rdi
    1334:	b9 3d 04 00 00       	mov    $0x43d,%ecx
    1339:	29 c1                	sub    %eax,%ecx
    133b:	2d fe 03 00 00       	sub    $0x3fe,%eax
    1340:	c1 e8 1f             	shr    $0x1f,%eax
    1343:	89 c0                	mov    %eax,%eax
    1345:	48 89 fa             	mov    %rdi,%rdx
    1348:	48 c1 fa 20          	sar    $0x20,%rdx
    134c:	f6 c1 20             	test   $0x20,%cl
    134f:	48 0f 44 d7          	cmove  %rdi,%rdx
    1353:	83 e1 1f             	and    $0x1f,%ecx
    1356:	48 d3 fa             	sar    %cl,%rdx
    1359:	48 8d 48 ff          	lea    -0x1(%rax),%rcx
    135d:	48 21 ca             	and    %rcx,%rdx
    1360:	48 f7 d8             	neg    %rax
    1363:	48 21 c6             	and    %rax,%rsi
    1366:	48 09 f2             	or     %rsi,%rdx
    1369:	49 89 d5             	mov    %rdx,%r13
    136c:	48 63 fa             	movslq %edx,%rdi
    136f:	be 00 00 00 00       	mov    $0x0,%esi
    1374:	e8 00 00 00 00       	call   1379 <sampler+0x8a>	1375: R_X86_64_PLT32	fpr_scaled-0x4
    1379:	48 0f ba f8 3f       	btc    $0x3f,%rax
    137e:	48 89 c6             	mov    %rax,%rsi
    1381:	48 89 df             	mov    %rbx,%rdi
    1384:	e8 00 00 00 00       	call   1389 <sampler+0x9a>	1385: R_X86_64_PLT32	fpr_add-0x4
    1389:	48 89 c3             	mov    %rax,%rbx
    138c:	be 00 00 00 00       	mov    $0x0,%esi
    1391:	bf 02 00 00 00       	mov    $0x2,%edi
    1396:	e8 00 00 00 00       	call   139b <sampler+0xac>	1397: R_X86_64_PLT32	fpr_scaled-0x4
    139b:	49 89 c4             	mov    %rax,%r12
    139e:	48 89 ee             	mov    %rbp,%rsi
    13a1:	48 89 ef             	mov    %rbp,%rdi
    13a4:	e8 00 00 00 00       	call   13a9 <sampler+0xba>	13a5: R_X86_64_PLT32	fpr_mul-0x4
    13a9:	48 89 c7             	mov    %rax,%rdi
    13ac:	4c 89 e6             	mov    %r12,%rsi
    13af:	e8 00 00 00 00       	call   13b4 <sampler+0xc5>	13b0: R_X86_64_PLT32	fpr_mul-0x4
    13b4:	48 89 c6             	mov    %rax,%rsi
    13b7:	48 bf 00 00 00 00 00 00 f0 3f 	movabs $0x3ff0000000000000,%rdi
    13c1:	e8 00 00 00 00       	call   13c6 <sampler+0xd7>	13c2: R_X86_64_PLT32	fpr_div-0x4
    13c6:	48 89 44 24 18       	mov    %rax,0x18(%rsp)
    13cb:	4c 8d 3d 00 00 00 00 	lea    0x0(%rip),%r15        # 13d2 <sampler+0xe3>	13ce: R_X86_64_PC32	.rodata+0x15c
    13d2:	48 b8 00 00 00 00 00 00 00 80 	movabs $0x8000000000000000,%rax
    13dc:	48 31 d8             	xor    %rbx,%rax
    13df:	48 89 44 24 20       	mov    %rax,0x20(%rsp)
    13e4:	4c 89 6c 24 28       	mov    %r13,0x28(%rsp)
    13e9:	e9 dd 01 00 00       	jmp    15cb <sampler+0x2dc>
    13ee:	4c 89 f7             	mov    %r14,%rdi
    13f1:	e8 00 00 00 00       	call   13f6 <sampler+0x107>	13f2: R_X86_64_PLT32	falcon_prng_refill-0x4
    13f6:	e9 f3 01 00 00       	jmp    15ee <sampler+0x2ff>
    13fb:	4c 89 f7             	mov    %r14,%rdi
    13fe:	e8 00 00 00 00       	call   1403 <sampler+0x114>	13ff: R_X86_64_PLT32	falcon_prng_refill-0x4
    1403:	4d 89 f4             	mov    %r14,%r12
    1406:	49 8b 1e             	mov    (%r14),%rbx
    1409:	bd 08 00 00 00       	mov    $0x8,%ebp
    140e:	48 8d 4d 08          	lea    0x8(%rbp),%rcx
    1412:	49 89 8e 00 10 00 00 	mov    %rcx,0x1000(%r14)
    1419:	4d 8b 14 2c          	mov    (%r12,%rbp,1),%r10
    141d:	4c 8d 1d 00 00 00 00 	lea    0x0(%rip),%r11        # 1424 <sampler+0x135>	1420: R_X86_64_PC32	.rodata+0x15c
    1424:	41 b8 00 00 00 00    	mov    $0x0,%r8d
    142a:	ba 00 00 00 00       	mov    $0x0,%edx
    142f:	b8 01 00 00 00       	mov    $0x1,%eax
    1434:	45 0f b6 e5          	movzbl %r13b,%r12d
    1438:	48 89 6c 24 08       	mov    %rbp,0x8(%rsp)
    143d:	48 89 4c 24 10       	mov    %rcx,0x10(%rsp)
    1442:	48 8d 0d 00 00 00 00 	lea    0x0(%rip),%rcx        # 1449 <sampler+0x15a>	1445: R_X86_64_PC32	.rodata+0x1bc
    1449:	42 0f b6 2c 01       	movzbl (%rcx,%r8,1),%ebp
    144e:	49 89 e9             	mov    %rbp,%r9
    1451:	4d 29 e1             	sub    %r12,%r9
    1454:	49 8b 33             	mov    (%r11),%rsi
    1457:	48 89 f1             	mov    %rsi,%rcx
    145a:	48 29 d9             	sub    %rbx,%rcx
    145d:	48 89 df             	mov    %rbx,%rdi
    1460:	48 29 f7             	sub    %rsi,%rdi
    1463:	48 09 cf             	or     %rcx,%rdi
    1466:	48 f7 d7             	not    %rdi
    1469:	48 c1 ef 3f          	shr    $0x3f,%rdi
    146d:	4c 89 d6             	mov    %r10,%rsi
    1470:	49 2b 73 08          	sub    0x8(%r11),%rsi
    1474:	48 c1 ee 3f          	shr    $0x3f,%rsi
    1478:	48 f7 d6             	not    %rsi
    147b:	48 21 fe             	and    %rdi,%rsi
    147e:	48 c1 e9 3f          	shr    $0x3f,%rcx
    1482:	48 09 f1             	or     %rsi,%rcx
    1485:	4c 89 e6             	mov    %r12,%rsi
    1488:	48 29 ee             	sub    %rbp,%rsi
    148b:	4c 09 ce             	or     %r9,%rsi
    148e:	48 f7 d6             	not    %rsi
    1491:	48 c1 ee 3f          	shr    $0x3f,%rsi
    1495:	48 21 f1             	and    %rsi,%rcx
    1498:	49 c1 e9 3f          	shr    $0x3f,%r9
    149c:	4c 09 c9             	or     %r9,%rcx
    149f:	48 89 c6             	mov    %rax,%rsi
    14a2:	48 21 ce             	and    %rcx,%rsi
    14a5:	f7 de                	neg    %esi
    14a7:	44 21 c6             	and    %r8d,%esi
    14aa:	01 f2                	add    %esi,%edx
    14ac:	48 f7 d1             	not    %rcx
    14af:	48 21 c8             	and    %rcx,%rax
    14b2:	49 83 c0 01          	add    $0x1,%r8
    14b6:	49 83 c3 10          	add    $0x10,%r11
    14ba:	49 83 f8 06          	cmp    $0x6,%r8
    14be:	75 82                	jne    1442 <sampler+0x153>
    14c0:	48 8b 6c 24 08       	mov    0x8(%rsp),%rbp
    14c5:	48 8b 4c 24 10       	mov    0x10(%rsp),%rcx
    14ca:	41 f6 dd             	neg    %r13b
    14cd:	4d 19 e4             	sbb    %r12,%r12
    14d0:	4c 8d 0d 00 00 00 00 	lea    0x0(%rip),%r9        # 14d7 <sampler+0x1e8>	14d3: R_X86_64_PC32	.rodata-0x4
    14d7:	41 bb 06 00 00 00    	mov    $0x6,%r11d
    14dd:	4d 8b 01             	mov    (%r9),%r8
    14e0:	4c 89 c7             	mov    %r8,%rdi
    14e3:	48 29 df             	sub    %rbx,%rdi
    14e6:	48 89 de             	mov    %rbx,%rsi
    14e9:	4c 29 c6             	sub    %r8,%rsi
    14ec:	48 09 fe             	or     %rdi,%rsi
    14ef:	48 f7 d6             	not    %rsi
    14f2:	48 c1 ee 3f          	shr    $0x3f,%rsi
    14f6:	4d 89 d0             	mov    %r10,%r8
    14f9:	4d 2b 41 08          	sub    0x8(%r9),%r8
    14fd:	49 c1 e8 3f          	shr    $0x3f,%r8
    1501:	49 f7 d0             	not    %r8
    1504:	4c 21 c6             	and    %r8,%rsi
    1507:	48 c1 ef 3f          	shr    $0x3f,%rdi
    150b:	4c 09 e7             	or     %r12,%rdi
    150e:	48 09 fe             	or     %rdi,%rsi
    1511:	83 e6 01             	and    $0x1,%esi
    1514:	48 89 c7             	mov    %rax,%rdi
    1517:	48 21 f7             	and    %rsi,%rdi
    151a:	f7 df                	neg    %edi
    151c:	44 21 df             	and    %r11d,%edi
    151f:	01 fa                	add    %edi,%edx
    1521:	48 f7 d6             	not    %rsi
    1524:	48 21 f0             	and    %rsi,%rax
    1527:	49 83 c1 10          	add    $0x10,%r9
    152b:	41 83 c3 01          	add    $0x1,%r11d
    152f:	4d 39 cf             	cmp    %r9,%r15
    1532:	75 a9                	jne    14dd <sampler+0x1ee>
    1534:	48 83 c5 09          	add    $0x9,%rbp
    1538:	49 89 ae 00 10 00 00 	mov    %rbp,0x1000(%r14)
    153f:	41 0f b6 2c 0e       	movzbl (%r14,%rcx,1),%ebp
    1544:	83 e5 01             	and    $0x1,%ebp
    1547:	8d 5c 2d ff          	lea    -0x1(%rbp,%rbp,1),%ebx
    154b:	0f af da             	imul   %edx,%ebx
    154e:	01 dd                	add    %ebx,%ebp
    1550:	48 63 fd             	movslq %ebp,%rdi
    1553:	be 00 00 00 00       	mov    $0x0,%esi
    1558:	e8 00 00 00 00       	call   155d <sampler+0x26e>	1559: R_X86_64_PLT32	fpr_scaled-0x4
    155d:	48 89 c7             	mov    %rax,%rdi
    1560:	48 8b 74 24 20       	mov    0x20(%rsp),%rsi
    1565:	e8 00 00 00 00       	call   156a <sampler+0x27b>	1566: R_X86_64_PLT32	fpr_add-0x4
    156a:	48 89 c7             	mov    %rax,%rdi
    156d:	48 89 c6             	mov    %rax,%rsi
    1570:	e8 00 00 00 00       	call   1575 <sampler+0x286>	1571: R_X86_64_PLT32	fpr_mul-0x4
    1575:	48 89 c7             	mov    %rax,%rdi
    1578:	48 8b 74 24 18       	mov    0x18(%rsp),%rsi
    157d:	e8 00 00 00 00       	call   1582 <sampler+0x293>	157e: R_X86_64_PLT32	fpr_mul-0x4
    1582:	49 89 c4             	mov    %rax,%r12
    1585:	0f af db             	imul   %ebx,%ebx
    1588:	48 63 fb             	movslq %ebx,%rdi
    158b:	be 00 00 00 00       	mov    $0x0,%esi
    1590:	e8 00 00 00 00       	call   1595 <sampler+0x2a6>	1591: R_X86_64_PLT32	fpr_scaled-0x4
    1595:	48 89 c7             	mov    %rax,%rdi
    1598:	48 be 00 00 00 00 00 00 c0 3f 	movabs $0x3fc0000000000000,%rsi
    15a2:	e8 00 00 00 00       	call   15a7 <sampler+0x2b8>	15a3: R_X86_64_PLT32	fpr_mul-0x4
    15a7:	48 be 00 00 00 00 00 00 00 80 	movabs $0x8000000000000000,%rsi
    15b1:	48 31 c6             	xor    %rax,%rsi
    15b4:	4c 89 e7             	mov    %r12,%rdi
    15b7:	e8 00 00 00 00       	call   15bc <sampler+0x2cd>	15b8: R_X86_64_PLT32	fpr_add-0x4
    15bc:	48 89 c6             	mov    %rax,%rsi
    15bf:	4c 89 f7             	mov    %r14,%rdi
    15c2:	e8 b3 fa ff ff       	call   107a <BerExp>
    15c7:	85 c0                	test   %eax,%eax
    15c9:	75 67                	jne    1632 <sampler+0x343>
    15cb:	49 8b 96 00 10 00 00 	mov    0x1000(%r14),%rdx
    15d2:	48 8d 42 01          	lea    0x1(%rdx),%rax
    15d6:	49 89 86 00 10 00 00 	mov    %rax,0x1000(%r14)
    15dd:	45 0f b6 2c 16       	movzbl (%r14,%rdx,1),%r13d
    15e2:	48 3d 00 10 00 00    	cmp    $0x1000,%rax
    15e8:	0f 84 00 fe ff ff    	je     13ee <sampler+0xff>
    15ee:	49 8b 86 00 10 00 00 	mov    0x1000(%r14),%rax
    15f5:	48 3d f6 0f 00 00    	cmp    $0xff6,%rax
    15fb:	0f 87 fa fd ff ff    	ja     13fb <sampler+0x10c>
    1601:	48 8d 68 08          	lea    0x8(%rax),%rbp
    1605:	49 89 ae 00 10 00 00 	mov    %rbp,0x1000(%r14)
    160c:	4d 89 f4             	mov    %r14,%r12
    160f:	49 8b 1c 06          	mov    (%r14,%rax,1),%rbx
    1613:	48 81 fd f6 0f 00 00 	cmp    $0xff6,%rbp
    161a:	0f 86 ee fd ff ff    	jbe    140e <sampler+0x11f>
    1620:	4c 89 f7             	mov    %r14,%rdi
    1623:	e8 00 00 00 00       	call   1628 <sampler+0x339>	1624: R_X86_64_PLT32	falcon_prng_refill-0x4
    1628:	bd 00 00 00 00       	mov    $0x0,%ebp
    162d:	e9 dc fd ff ff       	jmp    140e <sampler+0x11f>
    1632:	4c 8b 6c 24 28       	mov    0x28(%rsp),%r13
    1637:	42 8d 44 2d 00       	lea    0x0(%rbp,%r13,1),%eax
    163c:	48 83 c4 38          	add    $0x38,%rsp
    1640:	5b                   	pop    %rbx
    1641:	5d                   	pop    %rbp
    1642:	41 5c                	pop    %r12
    1644:	41 5d                	pop    %r13
    1646:	41 5e                	pop    %r14
    1648:	41 5f                	pop    %r15
    164a:	c3                   	ret

000000000000164b <clear_private>:
    164b:	53                   	push   %rbx
    164c:	48 89 fb             	mov    %rdi,%rbx
    164f:	48 8b 87 58 03 00 00 	mov    0x358(%rdi),%rax
    1656:	48 85 c0             	test   %rax,%rax
    1659:	74 46                	je     16a1 <clear_private+0x56>
    165b:	48 8b 8f 60 03 00 00 	mov    0x360(%rdi),%rcx
    1662:	48 85 c9             	test   %rcx,%rcx
    1665:	74 18                	je     167f <clear_private+0x34>
    1667:	48 01 c1             	add    %rax,%rcx
    166a:	66 0f 1f 44 00 00    	nopw   0x0(%rax,%rax,1)
    1670:	48 89 c2             	mov    %rax,%rdx
    1673:	48 83 c0 01          	add    $0x1,%rax
    1677:	c6 02 00             	movb   $0x0,(%rdx)
    167a:	48 39 c8             	cmp    %rcx,%rax
    167d:	75 f1                	jne    1670 <clear_private+0x25>
    167f:	48 8b bb 58 03 00 00 	mov    0x358(%rbx),%rdi
    1686:	e8 00 00 00 00       	call   168b <clear_private+0x40>	1687: R_X86_64_PLT32	free-0x4
    168b:	48 c7 83 58 03 00 00 00 00 00 00 	movq   $0x0,0x358(%rbx)
    1696:	48 c7 83 60 03 00 00 00 00 00 00 	movq   $0x0,0x360(%rbx)
    16a1:	48 8b 83 68 03 00 00 	mov    0x368(%rbx),%rax
    16a8:	48 85 c0             	test   %rax,%rax
    16ab:	74 44                	je     16f1 <clear_private+0xa6>
    16ad:	48 8b 8b 70 03 00 00 	mov    0x370(%rbx),%rcx
    16b4:	48 85 c9             	test   %rcx,%rcx
    16b7:	74 16                	je     16cf <clear_private+0x84>
    16b9:	48 01 c1             	add    %rax,%rcx
    16bc:	0f 1f 40 00          	nopl   0x0(%rax)
    16c0:	48 89 c2             	mov    %rax,%rdx
    16c3:	48 83 c0 01          	add    $0x1,%rax
    16c7:	c6 02 00             	movb   $0x0,(%rdx)
    16ca:	48 39 c8             	cmp    %rcx,%rax
    16cd:	75 f1                	jne    16c0 <clear_private+0x75>
    16cf:	48 8b bb 68 03 00 00 	mov    0x368(%rbx),%rdi
    16d6:	e8 00 00 00 00       	call   16db <clear_private+0x90>	16d7: R_X86_64_PLT32	free-0x4
    16db:	48 c7 83 68 03 00 00 00 00 00 00 	movq   $0x0,0x368(%rbx)
    16e6:	48 c7 83 70 03 00 00 00 00 00 00 	movq   $0x0,0x370(%rbx)
    16f1:	c7 83 48 03 00 00 00 00 00 00 	movl   $0x0,0x348(%rbx)
    16fb:	c7 83 4c 03 00 00 00 00 00 00 	movl   $0x0,0x34c(%rbx)
    1705:	c7 83 50 03 00 00 00 00 00 00 	movl   $0x0,0x350(%rbx)
    170f:	5b                   	pop    %rbx
    1710:	c3                   	ret

0000000000001711 <ft_stable_positive>:
    1711:	55                   	push   %rbp
    1712:	53                   	push   %rbx
    1713:	48 89 fb             	mov    %rdi,%rbx
    1716:	48 89 f5             	mov    %rsi,%rbp
    1719:	e8 e2 e8 ff ff       	call   0 <ft_fpr_is_positive_finite>
    171e:	89 c2                	mov    %eax,%edx
    1720:	83 f2 01             	xor    $0x1,%edx
    1723:	09 55 00             	or     %edx,0x0(%rbp)
    1726:	89 c2                	mov    %eax,%edx
    1728:	48 89 d0             	mov    %rdx,%rax
    172b:	48 f7 d8             	neg    %rax
    172e:	48 21 d8             	and    %rbx,%rax
    1731:	48 83 ea 01          	sub    $0x1,%rdx
    1735:	48 b9 00 00 00 00 00 00 f0 3f 	movabs $0x3ff0000000000000,%rcx
    173f:	48 21 ca             	and    %rcx,%rdx
    1742:	48 09 d0             	or     %rdx,%rax
    1745:	5b                   	pop    %rbx
    1746:	5d                   	pop    %rbp
    1747:	c3                   	ret

0000000000001748 <ft_stable_binary_inplace>:
    1748:	41 57                	push   %r15
    174a:	41 56                	push   %r14
    174c:	41 55                	push   %r13
    174e:	41 54                	push   %r12
    1750:	55                   	push   %rbp
    1751:	53                   	push   %rbx
    1752:	48 83 ec 38          	sub    $0x38,%rsp
    1756:	48 89 7c 24 20       	mov    %rdi,0x20(%rsp)
    175b:	48 89 74 24 28       	mov    %rsi,0x28(%rsp)
    1760:	48 89 54 24 08       	mov    %rdx,0x8(%rsp)
    1765:	48 89 cb             	mov    %rcx,%rbx
    1768:	48 83 fe 01          	cmp    $0x1,%rsi
    176c:	0f 84 55 01 00 00    	je     18c7 <ft_stable_binary_inplace+0x17f>
    1772:	48 8b 44 24 28       	mov    0x28(%rsp),%rax
    1777:	48 d1 e8             	shr    $1,%rax
    177a:	48 89 44 24 10       	mov    %rax,0x10(%rsp)
    177f:	0f 84 ed 00 00 00    	je     1872 <ft_stable_binary_inplace+0x12a>
    1785:	4c 8b 7c 24 20       	mov    0x20(%rsp),%r15
    178a:	48 8b 4c 24 08       	mov    0x8(%rsp),%rcx
    178f:	48 8d 04 c1          	lea    (%rcx,%rax,8),%rax
    1793:	48 89 44 24 18       	mov    %rax,0x18(%rsp)
    1798:	bd 00 00 00 00       	mov    $0x0,%ebp
    179d:	49 8b 3f             	mov    (%r15),%rdi
    17a0:	48 89 de             	mov    %rbx,%rsi
    17a3:	e8 69 ff ff ff       	call   1711 <ft_stable_positive>
    17a8:	49 89 c5             	mov    %rax,%r13
    17ab:	49 8b 7f 08          	mov    0x8(%r15),%rdi
    17af:	48 89 de             	mov    %rbx,%rsi
    17b2:	e8 5a ff ff ff       	call   1711 <ft_stable_positive>
    17b7:	49 89 c6             	mov    %rax,%r14
    17ba:	48 89 c6             	mov    %rax,%rsi
    17bd:	4c 89 ef             	mov    %r13,%rdi
    17c0:	e8 00 00 00 00       	call   17c5 <ft_stable_binary_inplace+0x7d>	17c1: R_X86_64_PLT32	fpr_add-0x4
    17c5:	48 89 c7             	mov    %rax,%rdi
    17c8:	48 89 de             	mov    %rbx,%rsi
    17cb:	e8 41 ff ff ff       	call   1711 <ft_stable_positive>
    17d0:	49 89 c4             	mov    %rax,%r12
    17d3:	4c 89 f6             	mov    %r14,%rsi
    17d6:	4c 89 ef             	mov    %r13,%rdi
    17d9:	e8 00 00 00 00       	call   17de <ft_stable_binary_inplace+0x96>	17da: R_X86_64_PLT32	fpr_mul-0x4
    17de:	48 89 c7             	mov    %rax,%rdi
    17e1:	48 89 de             	mov    %rbx,%rsi
    17e4:	e8 28 ff ff ff       	call   1711 <ft_stable_positive>
    17e9:	49 89 c5             	mov    %rax,%r13
    17ec:	48 b8 00 00 00 00 00 00 f0 ff 	movabs $0xfff0000000000000,%rax
    17f6:	49 8d 3c 04          	lea    (%r12,%rax,1),%rdi
    17fa:	48 89 f8             	mov    %rdi,%rax
    17fd:	48 c1 e8 34          	shr    $0x34,%rax
    1801:	25 ff 07 00 00       	and    $0x7ff,%eax
    1806:	83 c0 01             	add    $0x1,%eax
    1809:	c1 e8 0b             	shr    $0xb,%eax
    180c:	89 c0                	mov    %eax,%eax
    180e:	48 83 e8 01          	sub    $0x1,%rax
    1812:	48 21 c7             	and    %rax,%rdi
    1815:	48 89 de             	mov    %rbx,%rsi
    1818:	e8 f4 fe ff ff       	call   1711 <ft_stable_positive>
    181d:	48 8b 4c 24 08       	mov    0x8(%rsp),%rcx
    1822:	48 89 04 e9          	mov    %rax,(%rcx,%rbp,8)
    1826:	4c 89 ef             	mov    %r13,%rdi
    1829:	48 c1 ef 34          	shr    $0x34,%rdi
    182d:	81 e7 ff 07 00 00    	and    $0x7ff,%edi
    1833:	81 c7 ff 07 00 00    	add    $0x7ff,%edi
    1839:	c1 ef 0b             	shr    $0xb,%edi
    183c:	48 c1 e7 34          	shl    $0x34,%rdi
    1840:	4c 01 ef             	add    %r13,%rdi
    1843:	4c 89 e6             	mov    %r12,%rsi
    1846:	e8 00 00 00 00       	call   184b <ft_stable_binary_inplace+0x103>	1847: R_X86_64_PLT32	fpr_div-0x4
    184b:	48 89 c7             	mov    %rax,%rdi
    184e:	48 89 de             	mov    %rbx,%rsi
    1851:	e8 bb fe ff ff       	call   1711 <ft_stable_positive>
    1856:	48 8b 54 24 18       	mov    0x18(%rsp),%rdx
    185b:	48 89 04 ea          	mov    %rax,(%rdx,%rbp,8)
    185f:	48 83 c5 01          	add    $0x1,%rbp
    1863:	49 83 c7 10          	add    $0x10,%r15
    1867:	48 39 6c 24 10       	cmp    %rbp,0x10(%rsp)
    186c:	0f 85 2b ff ff ff    	jne    179d <ft_stable_binary_inplace+0x55>
    1872:	48 8b 54 24 28       	mov    0x28(%rsp),%rdx
    1877:	48 c1 e2 03          	shl    $0x3,%rdx
    187b:	48 8b 6c 24 08       	mov    0x8(%rsp),%rbp
    1880:	48 89 ee             	mov    %rbp,%rsi
    1883:	4c 8b 74 24 20       	mov    0x20(%rsp),%r14
    1888:	4c 89 f7             	mov    %r14,%rdi
    188b:	e8 00 00 00 00       	call   1890 <ft_stable_binary_inplace+0x148>	188c: R_X86_64_PLT32	memcpy-0x4
    1890:	48 89 d9             	mov    %rbx,%rcx
    1893:	48 89 ea             	mov    %rbp,%rdx
    1896:	4c 8b 7c 24 10       	mov    0x10(%rsp),%r15
    189b:	4c 89 fe             	mov    %r15,%rsi
    189e:	4c 89 f7             	mov    %r14,%rdi
    18a1:	e8 a2 fe ff ff       	call   1748 <ft_stable_binary_inplace>
    18a6:	4c 89 fe             	mov    %r15,%rsi
    18a9:	4b 8d 3c fe          	lea    (%r14,%r15,8),%rdi
    18ad:	48 89 d9             	mov    %rbx,%rcx
    18b0:	48 89 ea             	mov    %rbp,%rdx
    18b3:	e8 90 fe ff ff       	call   1748 <ft_stable_binary_inplace>
    18b8:	48 83 c4 38          	add    $0x38,%rsp
    18bc:	5b                   	pop    %rbx
    18bd:	5d                   	pop    %rbp
    18be:	41 5c                	pop    %r12
    18c0:	41 5d                	pop    %r13
    18c2:	41 5e                	pop    %r14
    18c4:	41 5f                	pop    %r15
    18c6:	c3                   	ret
    18c7:	49 89 ff             	mov    %rdi,%r15
    18ca:	48 8b 3f             	mov    (%rdi),%rdi
    18cd:	48 89 ce             	mov    %rcx,%rsi
    18d0:	e8 3c fe ff ff       	call   1711 <ft_stable_positive>
    18d5:	49 89 07             	mov    %rax,(%r15)
    18d8:	eb de                	jmp    18b8 <ft_stable_binary_inplace+0x170>

00000000000018da <sampler_large>:
    18da:	41 57                	push   %r15
    18dc:	41 56                	push   %r14
    18de:	41 55                	push   %r13
    18e0:	41 54                	push   %r12
    18e2:	55                   	push   %rbp
    18e3:	53                   	push   %rbx
    18e4:	48 83 ec 58          	sub    $0x58,%rsp
    18e8:	48 89 d3             	mov    %rdx,%rbx
    18eb:	8b 87 10 11 00 00    	mov    0x1110(%rdi),%eax
    18f1:	89 c2                	mov    %eax,%edx
    18f3:	89 44 24 08          	mov    %eax,0x8(%rsp)
    18f7:	b8 00 00 00 00       	mov    $0x0,%eax
    18fc:	85 d2                	test   %edx,%edx
    18fe:	75 38                	jne    1938 <sampler_large+0x5e>
    1900:	49 89 fc             	mov    %rdi,%r12
    1903:	48 89 f5             	mov    %rsi,%rbp
    1906:	48 ba 00 00 00 00 00 00 f0 7f 	movabs $0x7ff0000000000000,%rdx
    1910:	48 89 f0             	mov    %rsi,%rax
    1913:	48 f7 d0             	not    %rax
    1916:	48 85 d0             	test   %rdx,%rax
    1919:	74 0c                	je     1927 <sampler_large+0x4d>
    191b:	48 89 df             	mov    %rbx,%rdi
    191e:	e8 dd e6 ff ff       	call   0 <ft_fpr_is_positive_finite>
    1923:	85 c0                	test   %eax,%eax
    1925:	75 20                	jne    1947 <sampler_large+0x6d>
    1927:	41 c7 84 24 10 11 00 00 01 00 00 00 	movl   $0x1,0x1110(%r12)
    1933:	b8 00 00 00 00       	mov    $0x0,%eax
    1938:	48 83 c4 58          	add    $0x58,%rsp
    193c:	5b                   	pop    %rbx
    193d:	5d                   	pop    %rbp
    193e:	41 5c                	pop    %r12
    1940:	41 5d                	pop    %r13
    1942:	41 5e                	pop    %r14
    1944:	41 5f                	pop    %r15
    1946:	c3                   	ret
    1947:	48 89 e8             	mov    %rbp,%rax
    194a:	48 c1 e8 34          	shr    $0x34,%rax
    194e:	25 ff 07 00 00       	and    $0x7ff,%eax
    1953:	48 89 ee             	mov    %rbp,%rsi
    1956:	48 c1 fe 3f          	sar    $0x3f,%rsi
    195a:	48 89 ea             	mov    %rbp,%rdx
    195d:	48 c1 e2 0a          	shl    $0xa,%rdx
    1961:	48 0f ba f2 3f       	btr    $0x3f,%rdx
    1966:	48 0f ba ea 3e       	bts    $0x3e,%rdx
    196b:	48 31 f2             	xor    %rsi,%rdx
    196e:	48 89 ef             	mov    %rbp,%rdi
    1971:	48 c1 ef 3f          	shr    $0x3f,%rdi
    1975:	48 01 d7             	add    %rdx,%rdi
    1978:	b9 3d 04 00 00       	mov    $0x43d,%ecx
    197d:	29 c1                	sub    %eax,%ecx
    197f:	2d fe 03 00 00       	sub    $0x3fe,%eax
    1984:	c1 e8 1f             	shr    $0x1f,%eax
    1987:	89 c0                	mov    %eax,%eax
    1989:	48 89 fa             	mov    %rdi,%rdx
    198c:	48 c1 fa 20          	sar    $0x20,%rdx
    1990:	f6 c1 20             	test   $0x20,%cl
    1993:	48 0f 44 d7          	cmove  %rdi,%rdx
    1997:	83 e1 1f             	and    $0x1f,%ecx
    199a:	48 d3 fa             	sar    %cl,%rdx
    199d:	48 8d 48 ff          	lea    -0x1(%rax),%rcx
    19a1:	48 21 ca             	and    %rcx,%rdx
    19a4:	48 f7 d8             	neg    %rax
    19a7:	48 21 c6             	and    %rax,%rsi
    19aa:	48 09 f2             	or     %rsi,%rdx
    19ad:	49 89 d7             	mov    %rdx,%r15
    19b0:	48 63 fa             	movslq %edx,%rdi
    19b3:	be 00 00 00 00       	mov    $0x0,%esi
    19b8:	e8 00 00 00 00       	call   19bd <sampler_large+0xe3>	19b9: R_X86_64_PLT32	fpr_scaled-0x4
    19bd:	48 0f ba f8 3f       	btc    $0x3f,%rax
    19c2:	48 89 c6             	mov    %rax,%rsi
    19c5:	48 89 ef             	mov    %rbp,%rdi
    19c8:	e8 00 00 00 00       	call   19cd <sampler_large+0xf3>	19c9: R_X86_64_PLT32	fpr_add-0x4
    19cd:	48 89 44 24 10       	mov    %rax,0x10(%rsp)
    19d2:	be 00 00 00 00       	mov    $0x0,%esi
    19d7:	bf 02 00 00 00       	mov    $0x2,%edi
    19dc:	e8 00 00 00 00       	call   19e1 <sampler_large+0x107>	19dd: R_X86_64_PLT32	fpr_scaled-0x4
    19e1:	48 89 c5             	mov    %rax,%rbp
    19e4:	48 89 de             	mov    %rbx,%rsi
    19e7:	48 89 df             	mov    %rbx,%rdi
    19ea:	e8 00 00 00 00       	call   19ef <sampler_large+0x115>	19eb: R_X86_64_PLT32	fpr_mul-0x4
    19ef:	48 89 c7             	mov    %rax,%rdi
    19f2:	48 89 ee             	mov    %rbp,%rsi
    19f5:	e8 00 00 00 00       	call   19fa <sampler_large+0x120>	19f6: R_X86_64_PLT32	fpr_mul-0x4
    19fa:	48 89 c6             	mov    %rax,%rsi
    19fd:	48 bf 00 00 00 00 00 00 f0 3f 	movabs $0x3ff0000000000000,%rdi
    1a07:	e8 00 00 00 00       	call   1a0c <sampler_large+0x132>	1a08: R_X86_64_PLT32	fpr_div-0x4
    1a0c:	48 89 c3             	mov    %rax,%rbx
    1a0f:	48 89 c7             	mov    %rax,%rdi
    1a12:	e8 e9 e5 ff ff       	call   0 <ft_fpr_is_positive_finite>
    1a17:	4c 8d 2d 00 00 00 00 	lea    0x0(%rip),%r13        # 1a1e <sampler_large+0x144>	1a1a: R_X86_64_PC32	.rodata+0xc1dc
    1a1e:	4c 8d 35 00 00 00 00 	lea    0x0(%rip),%r14        # 1a25 <sampler_large+0x14b>	1a21: R_X86_64_PC32	.rodata+0xa1dc
    1a25:	48 8b 54 24 10       	mov    0x10(%rsp),%rdx
    1a2a:	48 be 00 00 00 00 00 00 00 80 	movabs $0x8000000000000000,%rsi
    1a34:	48 31 f2             	xor    %rsi,%rdx
    1a37:	48 89 54 24 20       	mov    %rdx,0x20(%rsp)
    1a3c:	85 c0                	test   %eax,%eax
    1a3e:	74 10                	je     1a50 <sampler_large+0x176>
    1a40:	4c 89 e5             	mov    %r12,%rbp
    1a43:	4c 89 7c 24 28       	mov    %r15,0x28(%rsp)
    1a48:	49 89 df             	mov    %rbx,%r15
    1a4b:	e9 51 02 00 00       	jmp    1ca1 <sampler_large+0x3c7>
    1a50:	41 c7 84 24 10 11 00 00 01 00 00 00 	movl   $0x1,0x1110(%r12)
    1a5c:	e9 d7 fe ff ff       	jmp    1938 <sampler_large+0x5e>
    1a61:	48 89 ef             	mov    %rbp,%rdi
    1a64:	e8 00 00 00 00       	call   1a69 <sampler_large+0x18f>	1a65: R_X86_64_PLT32	falcon_prng_refill-0x4
    1a69:	48 8b 5d 00          	mov    0x0(%rbp),%rbx
    1a6d:	ba 08 00 00 00       	mov    $0x8,%edx
    1a72:	48 8d 72 08          	lea    0x8(%rdx),%rsi
    1a76:	48 89 b5 00 10 00 00 	mov    %rsi,0x1000(%rbp)
    1a7d:	48 8b 7c 15 00       	mov    0x0(%rbp,%rdx,1),%rdi
    1a82:	48 8d 4c 24 30       	lea    0x30(%rsp),%rcx
    1a87:	4c 8d 0d 00 00 00 00 	lea    0x0(%rip),%r9        # 1a8e <sampler_large+0x1b4>	1a8a: R_X86_64_PC32	.rodata+0x21dc
    1a8e:	4c 89 3c 24          	mov    %r15,(%rsp)
    1a92:	4d 8d 81 00 e0 ff ff 	lea    -0x2000(%r9),%r8
    1a99:	41 bc 00 00 00 00    	mov    $0x0,%r12d
    1a9f:	49 8b 40 08          	mov    0x8(%r8),%rax
    1aa3:	4d 8b 18             	mov    (%r8),%r11
    1aa6:	49 89 da             	mov    %rbx,%r10
    1aa9:	4d 31 da             	xor    %r11,%r10
    1aac:	49 89 ff             	mov    %rdi,%r15
    1aaf:	49 29 c7             	sub    %rax,%r15
    1ab2:	49 31 c7             	xor    %rax,%r15
    1ab5:	48 31 f8             	xor    %rdi,%rax
    1ab8:	49 09 c7             	or     %rax,%r15
    1abb:	49 31 ff             	xor    %rdi,%r15
    1abe:	49 c1 ef 3f          	shr    $0x3f,%r15
    1ac2:	4c 89 d0             	mov    %r10,%rax
    1ac5:	48 f7 d8             	neg    %rax
    1ac8:	4c 09 d0             	or     %r10,%rax
    1acb:	48 c1 e8 3f          	shr    $0x3f,%rax
    1acf:	48 83 f0 01          	xor    $0x1,%rax
    1ad3:	4c 21 f8             	and    %r15,%rax
    1ad6:	49 89 df             	mov    %rbx,%r15
    1ad9:	4d 29 df             	sub    %r11,%r15
    1adc:	4d 31 df             	xor    %r11,%r15
    1adf:	4d 09 d7             	or     %r10,%r15
    1ae2:	49 31 df             	xor    %rbx,%r15
    1ae5:	49 c1 ef 3f          	shr    $0x3f,%r15
    1ae9:	4c 09 f8             	or     %r15,%rax
    1aec:	49 01 c4             	add    %rax,%r12
    1aef:	49 83 c0 10          	add    $0x10,%r8
    1af3:	4d 39 c1             	cmp    %r8,%r9
    1af6:	75 a7                	jne    1a9f <sampler_large+0x1c5>
    1af8:	44 89 21             	mov    %r12d,(%rcx)
    1afb:	48 83 c1 04          	add    $0x4,%rcx
    1aff:	49 81 c1 00 20 00 00 	add    $0x2000,%r9
    1b06:	4d 39 cd             	cmp    %r9,%r13
    1b09:	75 87                	jne    1a92 <sampler_large+0x1b8>
    1b0b:	4c 8b 3c 24          	mov    (%rsp),%r15
    1b0f:	44 8b 44 24 08       	mov    0x8(%rsp),%r8d
    1b14:	b9 00 00 00 00       	mov    $0x0,%ecx
    1b19:	41 bc 00 00 00 00    	mov    $0x0,%r12d
    1b1f:	bb 00 00 00 00       	mov    $0x0,%ebx
    1b24:	4c 8d 4c 24 30       	lea    0x30(%rsp),%r9
    1b29:	4d 8b 14 ce          	mov    (%r14,%rcx,8),%r10
    1b2d:	4c 89 ff             	mov    %r15,%rdi
    1b30:	4c 21 d7             	and    %r10,%rdi
    1b33:	48 c1 ef 3f          	shr    $0x3f,%rdi
    1b37:	4d 39 d7             	cmp    %r10,%r15
    1b3a:	0f 95 c0             	setne  %al
    1b3d:	0f b6 c0             	movzbl %al,%eax
    1b40:	21 f8                	and    %edi,%eax
    1b42:	4d 39 d7             	cmp    %r10,%r15
    1b45:	40 0f 9d c7          	setge  %dil
    1b49:	40 0f b6 ff          	movzbl %dil,%edi
    1b4d:	31 c7                	xor    %eax,%edi
    1b4f:	44 89 c0             	mov    %r8d,%eax
    1b52:	83 f0 01             	xor    $0x1,%eax
    1b55:	21 f8                	and    %edi,%eax
    1b57:	41 89 c3             	mov    %eax,%r11d
    1b5a:	41 f7 db             	neg    %r11d
    1b5d:	45 23 1c 89          	and    (%r9,%rcx,4),%r11d
    1b61:	44 01 db             	add    %r11d,%ebx
    1b64:	89 c0                	mov    %eax,%eax
    1b66:	48 f7 d8             	neg    %rax
    1b69:	4c 21 d0             	and    %r10,%rax
    1b6c:	49 09 c4             	or     %rax,%r12
    1b6f:	41 09 f8             	or     %edi,%r8d
    1b72:	48 83 c1 01          	add    $0x1,%rcx
    1b76:	48 83 f9 05          	cmp    $0x5,%rcx
    1b7a:	75 ad                	jne    1b29 <sampler_large+0x24f>
    1b7c:	45 85 c0             	test   %r8d,%r8d
    1b7f:	0f 84 5e 01 00 00    	je     1ce3 <sampler_large+0x409>
    1b85:	48 83 c2 09          	add    $0x9,%rdx
    1b89:	48 89 95 00 10 00 00 	mov    %rdx,0x1000(%rbp)
    1b90:	f6 44 35 00 01       	testb  $0x1,0x0(%rbp,%rsi,1)
    1b95:	0f 84 5c 01 00 00    	je     1cf7 <sampler_large+0x41d>
    1b9b:	8d 43 01             	lea    0x1(%rbx),%eax
    1b9e:	89 44 24 0c          	mov    %eax,0xc(%rsp)
    1ba2:	be 00 00 00 00       	mov    $0x0,%esi
    1ba7:	bf 01 00 00 00       	mov    $0x1,%edi
    1bac:	e8 00 00 00 00       	call   1bb1 <sampler_large+0x2d7>	1bad: R_X86_64_PLT32	fpr_scaled-0x4
    1bb1:	48 89 c7             	mov    %rax,%rdi
    1bb4:	48 8b 74 24 20       	mov    0x20(%rsp),%rsi
    1bb9:	e8 00 00 00 00       	call   1bbe <sampler_large+0x2e4>	1bba: R_X86_64_PLT32	fpr_add-0x4
    1bbe:	48 89 04 24          	mov    %rax,(%rsp)
    1bc2:	48 be 00 00 00 00 00 00 00 80 	movabs $0x8000000000000000,%rsi
    1bcc:	4c 31 e6             	xor    %r12,%rsi
    1bcf:	4c 89 ff             	mov    %r15,%rdi
    1bd2:	e8 00 00 00 00       	call   1bd7 <sampler_large+0x2fd>	1bd3: R_X86_64_PLT32	fpr_add-0x4
    1bd7:	49 89 c4             	mov    %rax,%r12
    1bda:	48 89 c2             	mov    %rax,%rdx
    1bdd:	48 f7 d2             	not    %rdx
    1be0:	48 b8 00 00 00 00 00 00 f0 7f 	movabs $0x7ff0000000000000,%rax
    1bea:	48 85 c2             	test   %rax,%rdx
    1bed:	0f 84 26 01 00 00    	je     1d19 <sampler_large+0x43f>
    1bf3:	4d 85 e4             	test   %r12,%r12
    1bf6:	0f 88 11 01 00 00    	js     1d0d <sampler_large+0x433>
    1bfc:	48 63 db             	movslq %ebx,%rbx
    1bff:	48 89 df             	mov    %rbx,%rdi
    1c02:	48 0f af fb          	imul   %rbx,%rdi
    1c06:	be 00 00 00 00       	mov    $0x0,%esi
    1c0b:	e8 00 00 00 00       	call   1c10 <sampler_large+0x336>	1c0c: R_X86_64_PLT32	fpr_scaled-0x4
    1c10:	48 89 c7             	mov    %rax,%rdi
    1c13:	4c 89 e6             	mov    %r12,%rsi
    1c16:	e8 00 00 00 00       	call   1c1b <sampler_large+0x341>	1c17: R_X86_64_PLT32	fpr_mul-0x4
    1c1b:	49 89 c4             	mov    %rax,%r12
    1c1e:	48 8b 34 24          	mov    (%rsp),%rsi
    1c22:	48 89 f7             	mov    %rsi,%rdi
    1c25:	e8 00 00 00 00       	call   1c2a <sampler_large+0x350>	1c26: R_X86_64_PLT32	fpr_mul-0x4
    1c2a:	48 89 44 24 18       	mov    %rax,0x18(%rsp)
    1c2f:	48 8d 3c 1b          	lea    (%rbx,%rbx,1),%rdi
    1c33:	be 00 00 00 00       	mov    $0x0,%esi
    1c38:	e8 00 00 00 00       	call   1c3d <sampler_large+0x363>	1c39: R_X86_64_PLT32	fpr_scaled-0x4
    1c3d:	48 89 c7             	mov    %rax,%rdi
    1c40:	48 8b 34 24          	mov    (%rsp),%rsi
    1c44:	e8 00 00 00 00       	call   1c49 <sampler_large+0x36f>	1c45: R_X86_64_PLT32	fpr_mul-0x4
    1c49:	48 89 c7             	mov    %rax,%rdi
    1c4c:	48 8b 74 24 18       	mov    0x18(%rsp),%rsi
    1c51:	e8 00 00 00 00       	call   1c56 <sampler_large+0x37c>	1c52: R_X86_64_PLT32	fpr_add-0x4
    1c56:	48 89 c7             	mov    %rax,%rdi
    1c59:	4c 89 fe             	mov    %r15,%rsi
    1c5c:	e8 00 00 00 00       	call   1c61 <sampler_large+0x387>	1c5d: R_X86_64_PLT32	fpr_mul-0x4
    1c61:	48 89 c6             	mov    %rax,%rsi
    1c64:	4c 89 e7             	mov    %r12,%rdi
    1c67:	e8 00 00 00 00       	call   1c6c <sampler_large+0x392>	1c68: R_X86_64_PLT32	fpr_add-0x4
    1c6c:	48 89 c6             	mov    %rax,%rsi
    1c6f:	48 89 c2             	mov    %rax,%rdx
    1c72:	48 f7 d2             	not    %rdx
    1c75:	48 b8 00 00 00 00 00 00 f0 7f 	movabs $0x7ff0000000000000,%rax
    1c7f:	48 85 c2             	test   %rax,%rdx
    1c82:	0f 84 b1 00 00 00    	je     1d39 <sampler_large+0x45f>
    1c88:	48 85 f6             	test   %rsi,%rsi
    1c8b:	0f 88 9c 00 00 00    	js     1d2d <sampler_large+0x453>
    1c91:	48 89 ef             	mov    %rbp,%rdi
    1c94:	e8 e1 f3 ff ff       	call   107a <BerExp>
    1c99:	85 c0                	test   %eax,%eax
    1c9b:	0f 85 ac 00 00 00    	jne    1d4d <sampler_large+0x473>
    1ca1:	48 8b 85 00 10 00 00 	mov    0x1000(%rbp),%rax
    1ca8:	48 3d f6 0f 00 00    	cmp    $0xff6,%rax
    1cae:	0f 87 ad fd ff ff    	ja     1a61 <sampler_large+0x187>
    1cb4:	48 8d 50 08          	lea    0x8(%rax),%rdx
    1cb8:	48 89 95 00 10 00 00 	mov    %rdx,0x1000(%rbp)
    1cbf:	48 8b 5c 05 00       	mov    0x0(%rbp,%rax,1),%rbx
    1cc4:	48 81 fa f6 0f 00 00 	cmp    $0xff6,%rdx
    1ccb:	0f 86 a1 fd ff ff    	jbe    1a72 <sampler_large+0x198>
    1cd1:	48 89 ef             	mov    %rbp,%rdi
    1cd4:	e8 00 00 00 00       	call   1cd9 <sampler_large+0x3ff>	1cd5: R_X86_64_PLT32	falcon_prng_refill-0x4
    1cd9:	ba 00 00 00 00       	mov    $0x0,%edx
    1cde:	e9 8f fd ff ff       	jmp    1a72 <sampler_large+0x198>
    1ce3:	c7 85 10 11 00 00 02 00 00 00 	movl   $0x2,0x1110(%rbp)
    1ced:	b8 00 00 00 00       	mov    $0x0,%eax
    1cf2:	e9 41 fc ff ff       	jmp    1938 <sampler_large+0x5e>
    1cf7:	89 d8                	mov    %ebx,%eax
    1cf9:	f7 d8                	neg    %eax
    1cfb:	89 44 24 0c          	mov    %eax,0xc(%rsp)
    1cff:	48 8b 44 24 10       	mov    0x10(%rsp),%rax
    1d04:	48 89 04 24          	mov    %rax,(%rsp)
    1d08:	e9 b5 fe ff ff       	jmp    1bc2 <sampler_large+0x2e8>
    1d0d:	4c 89 e0             	mov    %r12,%rax
    1d10:	48 01 c0             	add    %rax,%rax
    1d13:	0f 84 e3 fe ff ff    	je     1bfc <sampler_large+0x322>
    1d19:	c7 85 10 11 00 00 02 00 00 00 	movl   $0x2,0x1110(%rbp)
    1d23:	b8 00 00 00 00       	mov    $0x0,%eax
    1d28:	e9 0b fc ff ff       	jmp    1938 <sampler_large+0x5e>
    1d2d:	48 89 f0             	mov    %rsi,%rax
    1d30:	48 01 c0             	add    %rax,%rax
    1d33:	0f 84 58 ff ff ff    	je     1c91 <sampler_large+0x3b7>
    1d39:	c7 85 10 11 00 00 03 00 00 00 	movl   $0x3,0x1110(%rbp)
    1d43:	b8 00 00 00 00       	mov    $0x0,%eax
    1d48:	e9 eb fb ff ff       	jmp    1938 <sampler_large+0x5e>
    1d4d:	4c 8b 7c 24 28       	mov    0x28(%rsp),%r15
    1d52:	8b 44 24 0c          	mov    0xc(%rsp),%eax
    1d56:	44 01 f8             	add    %r15d,%eax
    1d59:	e9 da fb ff ff       	jmp    1938 <sampler_large+0x5e>

0000000000001d5e <falcon_sign_new>:
    1d5e:	53                   	push   %rbx
    1d5f:	bf 78 03 00 00       	mov    $0x378,%edi
    1d64:	e8 00 00 00 00       	call   1d69 <falcon_sign_new+0xb>	1d65: R_X86_64_PLT32	malloc-0x4
    1d69:	48 89 c3             	mov    %rax,%rbx
    1d6c:	48 85 c0             	test   %rax,%rax
    1d6f:	74 6f                	je     1de0 <falcon_sign_new+0x82>
    1d71:	c7 80 40 03 00 00 00 00 00 00 	movl   $0x0,0x340(%rax)
    1d7b:	c7 80 44 03 00 00 00 00 00 00 	movl   $0x0,0x344(%rax)
    1d85:	c7 80 48 03 00 00 00 00 00 00 	movl   $0x0,0x348(%rax)
    1d8f:	c7 80 4c 03 00 00 00 00 00 00 	movl   $0x0,0x34c(%rax)
    1d99:	c7 80 50 03 00 00 00 00 00 00 	movl   $0x0,0x350(%rax)
    1da3:	48 c7 80 58 03 00 00 00 00 00 00 	movq   $0x0,0x358(%rax)
    1dae:	48 c7 80 60 03 00 00 00 00 00 00 	movq   $0x0,0x360(%rax)
    1db9:	48 c7 80 68 03 00 00 00 00 00 00 	movq   $0x0,0x368(%rax)
    1dc4:	48 c7 80 70 03 00 00 00 00 00 00 	movq   $0x0,0x370(%rax)
    1dcf:	48 8d b8 a0 01 00 00 	lea    0x1a0(%rax),%rdi
    1dd6:	be 00 02 00 00       	mov    $0x200,%esi
    1ddb:	e8 00 00 00 00       	call   1de0 <falcon_sign_new+0x82>	1ddc: R_X86_64_PLT32	shake_init-0x4
    1de0:	48 89 d8             	mov    %rbx,%rax
    1de3:	5b                   	pop    %rbx
    1de4:	c3                   	ret

0000000000001de5 <falcon_sign_free>:
    1de5:	48 85 ff             	test   %rdi,%rdi
    1de8:	74 13                	je     1dfd <falcon_sign_free+0x18>
    1dea:	53                   	push   %rbx
    1deb:	48 89 fb             	mov    %rdi,%rbx
    1dee:	e8 58 f8 ff ff       	call   164b <clear_private>
    1df3:	48 89 df             	mov    %rbx,%rdi
    1df6:	e8 00 00 00 00       	call   1dfb <falcon_sign_free+0x16>	1df7: R_X86_64_PLT32	free-0x4
    1dfb:	5b                   	pop    %rbx
    1dfc:	c3                   	ret
    1dfd:	c3                   	ret

0000000000001dfe <falcon_sign_set_seed>:
    1dfe:	41 56                	push   %r14
    1e00:	41 55                	push   %r13
    1e02:	41 54                	push   %r12
    1e04:	55                   	push   %rbp
    1e05:	53                   	push   %rbx
    1e06:	48 83 ec 20          	sub    $0x20,%rsp
    1e0a:	48 89 fb             	mov    %rdi,%rbx
    1e0d:	49 89 f4             	mov    %rsi,%r12
    1e10:	48 89 d5             	mov    %rdx,%rbp
    1e13:	85 c9                	test   %ecx,%ecx
    1e15:	75 28                	jne    1e3f <falcon_sign_set_seed+0x41>
    1e17:	83 bf 44 03 00 00 00 	cmpl   $0x0,0x344(%rdi)
    1e1e:	75 57                	jne    1e77 <falcon_sign_set_seed+0x79>
    1e20:	48 8d bb a0 01 00 00 	lea    0x1a0(%rbx),%rdi
    1e27:	48 89 ea             	mov    %rbp,%rdx
    1e2a:	4c 89 e6             	mov    %r12,%rsi
    1e2d:	e8 00 00 00 00       	call   1e32 <falcon_sign_set_seed+0x34>	1e2e: R_X86_64_PLT32	shake_inject-0x4
    1e32:	48 83 c4 20          	add    $0x20,%rsp
    1e36:	5b                   	pop    %rbx
    1e37:	5d                   	pop    %rbp
    1e38:	41 5c                	pop    %r12
    1e3a:	41 5d                	pop    %r13
    1e3c:	41 5e                	pop    %r14
    1e3e:	c3                   	ret
    1e3f:	4c 8d af a0 01 00 00 	lea    0x1a0(%rdi),%r13
    1e46:	be 00 02 00 00       	mov    $0x200,%esi
    1e4b:	4c 89 ef             	mov    %r13,%rdi
    1e4e:	e8 00 00 00 00       	call   1e53 <falcon_sign_set_seed+0x55>	1e4f: R_X86_64_PLT32	shake_init-0x4
    1e53:	48 89 ea             	mov    %rbp,%rdx
    1e56:	4c 89 e6             	mov    %r12,%rsi
    1e59:	4c 89 ef             	mov    %r13,%rdi
    1e5c:	e8 00 00 00 00       	call   1e61 <falcon_sign_set_seed+0x63>	1e5d: R_X86_64_PLT32	shake_inject-0x4
    1e61:	c7 83 40 03 00 00 01 00 00 00 	movl   $0x1,0x340(%rbx)
    1e6b:	c7 83 44 03 00 00 00 00 00 00 	movl   $0x0,0x344(%rbx)
    1e75:	eb bb                	jmp    1e32 <falcon_sign_set_seed+0x34>
    1e77:	4c 8d af a0 01 00 00 	lea    0x1a0(%rdi),%r13
    1e7e:	ba 20 00 00 00       	mov    $0x20,%edx
    1e83:	48 89 e6             	mov    %rsp,%rsi
    1e86:	4c 89 ef             	mov    %r13,%rdi
    1e89:	e8 00 00 00 00       	call   1e8e <falcon_sign_set_seed+0x90>	1e8a: R_X86_64_PLT32	shake_extract-0x4
    1e8e:	be 00 02 00 00       	mov    $0x200,%esi
    1e93:	4c 89 ef             	mov    %r13,%rdi
    1e96:	e8 00 00 00 00       	call   1e9b <falcon_sign_set_seed+0x9d>	1e97: R_X86_64_PLT32	shake_init-0x4
    1e9b:	ba 20 00 00 00       	mov    $0x20,%edx
    1ea0:	48 89 e6             	mov    %rsp,%rsi
    1ea3:	4c 89 ef             	mov    %r13,%rdi
    1ea6:	e8 00 00 00 00       	call   1eab <falcon_sign_set_seed+0xad>	1ea7: R_X86_64_PLT32	shake_inject-0x4
    1eab:	c7 83 44 03 00 00 00 00 00 00 	movl   $0x0,0x344(%rbx)
    1eb5:	e9 66 ff ff ff       	jmp    1e20 <falcon_sign_set_seed+0x22>

0000000000001eba <rng_ready>:
    1eba:	53                   	push   %rbx
    1ebb:	48 83 ec 20          	sub    $0x20,%rsp
    1ebf:	48 89 fb             	mov    %rdi,%rbx
    1ec2:	83 bf 40 03 00 00 00 	cmpl   $0x0,0x340(%rdi)
    1ec9:	74 14                	je     1edf <rng_ready+0x25>
    1ecb:	b8 01 00 00 00       	mov    $0x1,%eax
    1ed0:	83 bb 44 03 00 00 00 	cmpl   $0x0,0x344(%rbx)
    1ed7:	74 38                	je     1f11 <rng_ready+0x57>
    1ed9:	48 83 c4 20          	add    $0x20,%rsp
    1edd:	5b                   	pop    %rbx
    1ede:	c3                   	ret
    1edf:	48 89 e7             	mov    %rsp,%rdi
    1ee2:	be 20 00 00 00       	mov    $0x20,%esi
    1ee7:	e8 00 00 00 00       	call   1eec <rng_ready+0x32>	1ee8: R_X86_64_PLT32	falcon_get_seed-0x4
    1eec:	85 c0                	test   %eax,%eax
    1eee:	74 e9                	je     1ed9 <rng_ready+0x1f>
    1ef0:	48 89 e6             	mov    %rsp,%rsi
    1ef3:	b9 00 00 00 00       	mov    $0x0,%ecx
    1ef8:	ba 20 00 00 00       	mov    $0x20,%edx
    1efd:	48 89 df             	mov    %rbx,%rdi
    1f00:	e8 00 00 00 00       	call   1f05 <rng_ready+0x4b>	1f01: R_X86_64_PLT32	falcon_sign_set_seed-0x4
    1f05:	c7 83 40 03 00 00 01 00 00 00 	movl   $0x1,0x340(%rbx)
    1f0f:	eb ba                	jmp    1ecb <rng_ready+0x11>
    1f11:	48 8d bb a0 01 00 00 	lea    0x1a0(%rbx),%rdi
    1f18:	e8 00 00 00 00       	call   1f1d <rng_ready+0x63>	1f19: R_X86_64_PLT32	shake_flip-0x4
    1f1d:	c7 83 44 03 00 00 01 00 00 00 	movl   $0x1,0x344(%rbx)
    1f27:	b8 01 00 00 00       	mov    $0x1,%eax
    1f2c:	eb ab                	jmp    1ed9 <rng_ready+0x1f>

0000000000001f2e <falcon_sign_set_private_key>:
    1f2e:	41 57                	push   %r15
    1f30:	41 56                	push   %r14
    1f32:	41 55                	push   %r13
    1f34:	41 54                	push   %r12
    1f36:	55                   	push   %rbp
    1f37:	53                   	push   %rbx
    1f38:	48 81 ec 88 60 00 00 	sub    $0x6088,%rsp
    1f3f:	49 89 fe             	mov    %rdi,%r14
    1f42:	48 89 7c 24 20       	mov    %rdi,0x20(%rsp)
    1f47:	48 89 f3             	mov    %rsi,%rbx
    1f4a:	48 89 d5             	mov    %rdx,%rbp
    1f4d:	e8 f9 f6 ff ff       	call   164b <clear_private>
    1f52:	48 85 db             	test   %rbx,%rbx
    1f55:	74 35                	je     1f8c <falcon_sign_set_private_key+0x5e>
    1f57:	48 85 ed             	test   %rbp,%rbp
    1f5a:	74 30                	je     1f8c <falcon_sign_set_private_key+0x5e>
    1f5c:	0f b6 03             	movzbl (%rbx),%eax
    1f5f:	0f b6 c8             	movzbl %al,%ecx
    1f62:	89 c2                	mov    %eax,%edx
    1f64:	83 e2 0f             	and    $0xf,%edx
    1f67:	41 89 96 4c 03 00 00 	mov    %edx,0x34c(%r14)
    1f6e:	89 ce                	mov    %ecx,%esi
    1f70:	c1 fe 07             	sar    $0x7,%esi
    1f73:	41 89 b6 50 03 00 00 	mov    %esi,0x350(%r14)
    1f7a:	74 31                	je     1fad <falcon_sign_set_private_key+0x7f>
    1f7c:	41 c7 86 48 03 00 00 01 48 00 00 	movl   $0x4801,0x348(%r14)
    1f87:	83 fa 0a             	cmp    $0xa,%edx
    1f8a:	74 38                	je     1fc4 <falcon_sign_set_private_key+0x96>
    1f8c:	48 8b 7c 24 20       	mov    0x20(%rsp),%rdi
    1f91:	e8 b5 f6 ff ff       	call   164b <clear_private>
    1f96:	b8 00 00 00 00       	mov    $0x0,%eax
    1f9b:	48 81 c4 88 60 00 00 	add    $0x6088,%rsp
    1fa2:	5b                   	pop    %rbx
    1fa3:	5d                   	pop    %rbp
    1fa4:	41 5c                	pop    %r12
    1fa6:	41 5d                	pop    %r13
    1fa8:	41 5e                	pop    %r14
    1faa:	41 5f                	pop    %r15
    1fac:	c3                   	ret
    1fad:	48 8b 7c 24 20       	mov    0x20(%rsp),%rdi
    1fb2:	c7 87 48 03 00 00 01 30 00 00 	movl   $0x3001,0x348(%rdi)
    1fbc:	83 ea 01             	sub    $0x1,%edx
    1fbf:	83 fa 09             	cmp    $0x9,%edx
    1fc2:	77 c8                	ja     1f8c <falcon_sign_set_private_key+0x5e>
    1fc4:	48 83 c3 01          	add    $0x1,%rbx
    1fc8:	48 8d 7d ff          	lea    -0x1(%rbp),%rdi
    1fcc:	83 e0 10             	and    $0x10,%eax
    1fcf:	41 89 c6             	mov    %eax,%r14d
    1fd2:	c1 f9 05             	sar    $0x5,%ecx
    1fd5:	83 e1 03             	and    $0x3,%ecx
    1fd8:	41 89 cd             	mov    %ecx,%r13d
    1fdb:	48 8d ac 24 80 00 00 00 	lea    0x80(%rsp),%rbp
    1fe3:	3c 01                	cmp    $0x1,%al
    1fe5:	48 19 c0             	sbb    %rax,%rax
    1fe8:	25 00 18 00 00       	and    $0x1800,%eax
    1fed:	4c 8d bc 04 80 48 00 00 	lea    0x4880(%rsp,%rax,1),%r15
    1ff5:	49 89 ec             	mov    %rbp,%r12
    1ff8:	44 88 74 24 08       	mov    %r14b,0x8(%rsp)
    1ffd:	48 89 6c 24 10       	mov    %rbp,0x10(%rsp)
    2002:	48 89 fd             	mov    %rdi,%rbp
    2005:	4c 8b 74 24 20       	mov    0x20(%rsp),%r14
    200a:	41 8b 8e 48 03 00 00 	mov    0x348(%r14),%ecx
    2011:	41 8b b6 4c 03 00 00 	mov    0x34c(%r14),%esi
    2018:	49 89 e9             	mov    %rbp,%r9
    201b:	49 89 d8             	mov    %rbx,%r8
    201e:	44 89 ea             	mov    %r13d,%edx
    2021:	4c 89 e7             	mov    %r12,%rdi
    2024:	e8 00 00 00 00       	call   2029 <falcon_sign_set_private_key+0xfb>	2025: R_X86_64_PLT32	falcon_decode_small-0x4
    2029:	48 85 c0             	test   %rax,%rax
    202c:	0f 84 5a ff ff ff    	je     1f8c <falcon_sign_set_private_key+0x5e>
    2032:	48 01 c3             	add    %rax,%rbx
    2035:	48 29 c5             	sub    %rax,%rbp
    2038:	49 81 c4 00 18 00 00 	add    $0x1800,%r12
    203f:	4d 39 fc             	cmp    %r15,%r12
    2042:	75 c6                	jne    200a <falcon_sign_set_private_key+0xdc>
    2044:	44 0f b6 74 24 08    	movzbl 0x8(%rsp),%r14d
    204a:	48 89 e8             	mov    %rbp,%rax
    204d:	48 89 6c 24 40       	mov    %rbp,0x40(%rsp)
    2052:	48 8b 6c 24 10       	mov    0x10(%rsp),%rbp
    2057:	48 85 c0             	test   %rax,%rax
    205a:	0f 85 2c ff ff ff    	jne    1f8c <falcon_sign_set_private_key+0x5e>
    2060:	45 84 f6             	test   %r14b,%r14b
    2063:	0f 85 b0 00 00 00    	jne    2119 <falcon_sign_set_private_key+0x1eb>
    2069:	48 8b 44 24 20       	mov    0x20(%rsp),%rax
    206e:	8b 98 50 03 00 00    	mov    0x350(%rax),%ebx
    2074:	85 db                	test   %ebx,%ebx
    2076:	0f 84 e2 00 00 00    	je     215e <falcon_sign_set_private_key+0x230>
    207c:	8b 80 4c 03 00 00    	mov    0x34c(%rax),%eax
    2082:	8d 48 ff             	lea    -0x1(%rax),%ecx
    2085:	8d 44 40 12          	lea    0x12(%rax,%rax,2),%eax
    2089:	48 d3 e0             	shl    %cl,%rax
    208c:	48 8d 3c c5 00 00 00 00 	lea    0x0(,%rax,8),%rdi
    2094:	b8 a8 00 00 00       	mov    $0xa8,%eax
    2099:	48 d3 e0             	shl    %cl,%rax
    209c:	49 89 c4             	mov    %rax,%r12
    209f:	4c 8b 7c 24 20       	mov    0x20(%rsp),%r15
    20a4:	49 89 bf 60 03 00 00 	mov    %rdi,0x360(%r15)
    20ab:	4d 89 a7 70 03 00 00 	mov    %r12,0x370(%r15)
    20b2:	e8 00 00 00 00       	call   20b7 <falcon_sign_set_private_key+0x189>	20b3: R_X86_64_PLT32	malloc-0x4
    20b7:	48 89 44 24 28       	mov    %rax,0x28(%rsp)
    20bc:	49 89 87 58 03 00 00 	mov    %rax,0x358(%r15)
    20c3:	48 85 c0             	test   %rax,%rax
    20c6:	0f 84 c0 fe ff ff    	je     1f8c <falcon_sign_set_private_key+0x5e>
    20cc:	4c 89 e7             	mov    %r12,%rdi
    20cf:	e8 00 00 00 00       	call   20d4 <falcon_sign_set_private_key+0x1a6>	20d0: R_X86_64_PLT32	malloc-0x4
    20d4:	49 89 c6             	mov    %rax,%r14
    20d7:	48 89 44 24 08       	mov    %rax,0x8(%rsp)
    20dc:	49 89 87 68 03 00 00 	mov    %rax,0x368(%r15)
    20e3:	48 85 c0             	test   %rax,%rax
    20e6:	0f 84 a0 fe ff ff    	je     1f8c <falcon_sign_set_private_key+0x5e>
    20ec:	85 db                	test   %ebx,%ebx
    20ee:	0f 84 7d 01 00 00    	je     2271 <falcon_sign_set_private_key+0x343>
    20f4:	ba 00 30 00 00       	mov    $0x3000,%edx
    20f9:	be 00 00 00 00       	mov    $0x0,%esi
    20fe:	48 89 c7             	mov    %rax,%rdi
    2101:	e8 00 00 00 00       	call   2106 <falcon_sign_set_private_key+0x1d8>	2102: R_X86_64_PLT32	memset-0x4
    2106:	4d 89 f3             	mov    %r14,%r11
    2109:	48 8b 7c 24 40       	mov    0x40(%rsp),%rdi
    210e:	41 ba 00 00 00 00    	mov    $0x0,%r10d
    2114:	e9 db 00 00 00       	jmp    21f4 <falcon_sign_set_private_key+0x2c6>
    2119:	48 8d b4 24 80 00 00 00 	lea    0x80(%rsp),%rsi
    2121:	48 8d 8c 24 80 30 00 00 	lea    0x3080(%rsp),%rcx
    2129:	48 8d 94 24 80 18 00 00 	lea    0x1880(%rsp),%rdx
    2131:	48 8d bc 24 80 48 00 00 	lea    0x4880(%rsp),%rdi
    2139:	48 8b 44 24 20       	mov    0x20(%rsp),%rax
    213e:	44 8b 88 50 03 00 00 	mov    0x350(%rax),%r9d
    2145:	44 8b 80 4c 03 00 00 	mov    0x34c(%rax),%r8d
    214c:	e8 00 00 00 00       	call   2151 <falcon_sign_set_private_key+0x223>	214d: R_X86_64_PLT32	falcon_complete_private-0x4
    2151:	85 c0                	test   %eax,%eax
    2153:	0f 85 10 ff ff ff    	jne    2069 <falcon_sign_set_private_key+0x13b>
    2159:	e9 2e fe ff ff       	jmp    1f8c <falcon_sign_set_private_key+0x5e>
    215e:	48 8b 44 24 20       	mov    0x20(%rsp),%rax
    2163:	8b 88 4c 03 00 00    	mov    0x34c(%rax),%ecx
    2169:	8d 41 05             	lea    0x5(%rcx),%eax
    216c:	48 d3 e0             	shl    %cl,%rax
    216f:	48 8d 3c c5 00 00 00 00 	lea    0x0(,%rax,8),%rdi
    2177:	b8 38 00 00 00       	mov    $0x38,%eax
    217c:	48 d3 e0             	shl    %cl,%rax
    217f:	49 89 c4             	mov    %rax,%r12
    2182:	e9 18 ff ff ff       	jmp    209f <falcon_sign_set_private_key+0x171>
    2187:	48 81 fe ff 02 00 00 	cmp    $0x2ff,%rsi
    218e:	77 46                	ja     21d6 <falcon_sign_set_private_key+0x2a8>
    2190:	48 29 8a 00 d0 ff ff 	sub    %rcx,-0x3000(%rdx)
    2197:	48 01 8a 00 e8 ff ff 	add    %rcx,-0x1800(%rdx)
    219e:	48 83 c2 08          	add    $0x8,%rdx
    21a2:	48 83 c6 01          	add    $0x1,%rsi
    21a6:	48 39 f7             	cmp    %rsi,%rdi
    21a9:	74 34                	je     21df <falcon_sign_set_private_key+0x2b1>
    21ab:	48 0f bf 8c 75 00 54 00 00 	movswq 0x5400(%rbp,%rsi,2),%rcx
    21b4:	49 0f af cd          	imul   %r13,%rcx
    21b8:	4c 0f bf 84 75 00 3c 00 00 	movswq 0x3c00(%rbp,%rsi,2),%r8
    21c1:	4d 0f af c1          	imul   %r9,%r8
    21c5:	4c 29 c1             	sub    %r8,%rcx
    21c8:	48 81 fe 00 fa ff ff 	cmp    $0xfffffffffffffa00,%rsi
    21cf:	72 b6                	jb     2187 <falcon_sign_set_private_key+0x259>
    21d1:	48 01 0a             	add    %rcx,(%rdx)
    21d4:	eb c8                	jmp    219e <falcon_sign_set_private_key+0x270>
    21d6:	48 29 8a 00 b8 ff ff 	sub    %rcx,-0x4800(%rdx)
    21dd:	eb bf                	jmp    219e <falcon_sign_set_private_key+0x270>
    21df:	48 83 c7 01          	add    $0x1,%rdi
    21e3:	49 83 c3 08          	add    $0x8,%r11
    21e7:	48 83 ed 02          	sub    $0x2,%rbp
    21eb:	48 81 ff 00 06 00 00 	cmp    $0x600,%rdi
    21f2:	74 4b                	je     223f <falcon_sign_set_private_key+0x311>
    21f4:	44 0f b7 ac 7c 80 00 00 00 	movzwl 0x80(%rsp,%rdi,2),%r13d
    21fd:	44 0f b7 8c 7c 80 18 00 00 	movzwl 0x1880(%rsp,%rdi,2),%r9d
    2206:	41 0f bf d5          	movswl %r13w,%edx
    220a:	83 c2 01             	add    $0x1,%edx
    220d:	83 fa 02             	cmp    $0x2,%edx
    2210:	0f 97 c2             	seta   %dl
    2213:	41 0f bf c9          	movswl %r9w,%ecx
    2217:	83 c1 01             	add    $0x1,%ecx
    221a:	83 f9 02             	cmp    $0x2,%ecx
    221d:	0f 97 c1             	seta   %cl
    2220:	09 ca                	or     %ecx,%edx
    2222:	0f b6 d2             	movzbl %dl,%edx
    2225:	41 09 d2             	or     %edx,%r10d
    2228:	48 8d b7 00 fa ff ff 	lea    -0x600(%rdi),%rsi
    222f:	4c 89 da             	mov    %r11,%rdx
    2232:	4d 0f bf ed          	movswq %r13w,%r13
    2236:	4d 0f bf c9          	movswq %r9w,%r9
    223a:	e9 6c ff ff ff       	jmp    21ab <falcon_sign_set_private_key+0x27d>
    223f:	48 8b 7c 24 08       	mov    0x8(%rsp),%rdi
    2244:	48 81 2f 01 48 00 00 	subq   $0x4801,(%rdi)
    224b:	48 8d 8f 00 30 00 00 	lea    0x3000(%rdi),%rcx
    2252:	48 83 38 00          	cmpq   $0x0,(%rax)
    2256:	0f 95 c2             	setne  %dl
    2259:	0f b6 d2             	movzbl %dl,%edx
    225c:	41 09 d2             	or     %edx,%r10d
    225f:	48 83 c0 08          	add    $0x8,%rax
    2263:	48 39 c1             	cmp    %rax,%rcx
    2266:	75 ea                	jne    2252 <falcon_sign_set_private_key+0x324>
    2268:	45 85 d2             	test   %r10d,%r10d
    226b:	0f 85 1b fd ff ff    	jne    1f8c <falcon_sign_set_private_key+0x5e>
    2271:	4c 89 e2             	mov    %r12,%rdx
    2274:	be 00 00 00 00       	mov    $0x0,%esi
    2279:	48 8b 7c 24 08       	mov    0x8(%rsp),%rdi
    227e:	e8 00 00 00 00       	call   2283 <falcon_sign_set_private_key+0x355>	227f: R_X86_64_PLT32	memset-0x4
    2283:	48 8b 44 24 20       	mov    0x20(%rsp),%rax
    2288:	44 8b b8 4c 03 00 00 	mov    0x34c(%rax),%r15d
    228f:	8b 80 48 03 00 00    	mov    0x348(%rax),%eax
    2295:	89 44 24 38          	mov    %eax,0x38(%rsp)
    2299:	8d 44 1b 01          	lea    0x1(%rbx,%rbx,1),%eax
    229d:	44 89 f9             	mov    %r15d,%ecx
    22a0:	29 d9                	sub    %ebx,%ecx
    22a2:	49 89 c5             	mov    %rax,%r13
    22a5:	49 d3 e5             	shl    %cl,%r13
    22a8:	4a 8d 2c ed 00 00 00 00 	lea    0x0(,%r13,8),%rbp
    22b0:	48 8b 44 24 28       	mov    0x28(%rsp),%rax
    22b5:	4c 8d 24 28          	lea    (%rax,%rbp,1),%r12
    22b9:	49 8d 04 2c          	lea    (%r12,%rbp,1),%rax
    22bd:	48 89 44 24 18       	mov    %rax,0x18(%rsp)
    22c2:	4c 8d 34 28          	lea    (%rax,%rbp,1),%r14
    22c6:	4c 89 74 24 30       	mov    %r14,0x30(%rsp)
    22cb:	49 8d 3c 2e          	lea    (%r14,%rbp,1),%rdi
    22cf:	48 89 7c 24 10       	mov    %rdi,0x10(%rsp)
    22d4:	48 8d b4 24 80 00 00 00 	lea    0x80(%rsp),%rsi
    22dc:	89 d9                	mov    %ebx,%ecx
    22de:	44 89 fa             	mov    %r15d,%edx
    22e1:	4c 89 e7             	mov    %r12,%rdi
    22e4:	e8 46 e5 ff ff       	call   82f <smallints_to_fpr>
    22e9:	48 8d b4 24 80 18 00 00 	lea    0x1880(%rsp),%rsi
    22f1:	89 d9                	mov    %ebx,%ecx
    22f3:	44 89 fa             	mov    %r15d,%edx
    22f6:	48 8b 7c 24 28       	mov    0x28(%rsp),%rdi
    22fb:	e8 2f e5 ff ff       	call   82f <smallints_to_fpr>
    2300:	48 8d b4 24 80 30 00 00 	lea    0x3080(%rsp),%rsi
    2308:	89 d9                	mov    %ebx,%ecx
    230a:	44 89 fa             	mov    %r15d,%edx
    230d:	4c 89 f7             	mov    %r14,%rdi
    2310:	e8 1a e5 ff ff       	call   82f <smallints_to_fpr>
    2315:	48 8d b4 24 80 48 00 00 	lea    0x4880(%rsp),%rsi
    231d:	89 d9                	mov    %ebx,%ecx
    231f:	44 89 fa             	mov    %r15d,%edx
    2322:	48 8b 7c 24 18       	mov    0x18(%rsp),%rdi
    2327:	e8 03 e5 ff ff       	call   82f <smallints_to_fpr>
    232c:	85 db                	test   %ebx,%ebx
    232e:	0f 84 37 07 00 00    	je     2a6b <falcon_sign_set_private_key+0xb3d>
    2334:	ba 01 00 00 00       	mov    $0x1,%edx
    2339:	44 89 fe             	mov    %r15d,%esi
    233c:	4c 89 e7             	mov    %r12,%rdi
    233f:	e8 00 00 00 00       	call   2344 <falcon_sign_set_private_key+0x416>	2340: R_X86_64_PLT32	falcon_FFT3-0x4
    2344:	ba 01 00 00 00       	mov    $0x1,%edx
    2349:	44 89 fe             	mov    %r15d,%esi
    234c:	48 8b 7c 24 28       	mov    0x28(%rsp),%rdi
    2351:	e8 00 00 00 00       	call   2356 <falcon_sign_set_private_key+0x428>	2352: R_X86_64_PLT32	falcon_FFT3-0x4
    2356:	ba 01 00 00 00       	mov    $0x1,%edx
    235b:	44 89 fe             	mov    %r15d,%esi
    235e:	4c 89 f7             	mov    %r14,%rdi
    2361:	e8 00 00 00 00       	call   2366 <falcon_sign_set_private_key+0x438>	2362: R_X86_64_PLT32	falcon_FFT3-0x4
    2366:	ba 01 00 00 00       	mov    $0x1,%edx
    236b:	44 89 fe             	mov    %r15d,%esi
    236e:	48 8b 7c 24 18       	mov    0x18(%rsp),%rdi
    2373:	e8 00 00 00 00       	call   2378 <falcon_sign_set_private_key+0x44a>	2374: R_X86_64_PLT32	falcon_FFT3-0x4
    2378:	ba 01 00 00 00       	mov    $0x1,%edx
    237d:	44 89 fe             	mov    %r15d,%esi
    2380:	4c 89 e7             	mov    %r12,%rdi
    2383:	e8 00 00 00 00       	call   2388 <falcon_sign_set_private_key+0x45a>	2384: R_X86_64_PLT32	falcon_poly_neg3-0x4
    2388:	ba 01 00 00 00       	mov    $0x1,%edx
    238d:	44 89 fe             	mov    %r15d,%esi
    2390:	4c 89 f7             	mov    %r14,%rdi
    2393:	e8 00 00 00 00       	call   2398 <falcon_sign_set_private_key+0x46a>	2394: R_X86_64_PLT32	falcon_poly_neg3-0x4
    2398:	41 83 ff 0a          	cmp    $0xa,%r15d
    239c:	0f 95 c0             	setne  %al
    239f:	81 7c 24 38 01 48 00 00 	cmpl   $0x4801,0x38(%rsp)
    23a7:	0f 95 c2             	setne  %dl
    23aa:	08 d0                	or     %dl,%al
    23ac:	0f 85 da fb ff ff    	jne    1f8c <falcon_sign_set_private_key+0x5e>
    23b2:	49 81 fd 00 06 00 00 	cmp    $0x600,%r13
    23b9:	0f 85 cd fb ff ff    	jne    1f8c <falcon_sign_set_private_key+0x5e>
    23bf:	4c 8b 7c 24 08       	mov    0x8(%rsp),%r15
    23c4:	49 8d af 00 30 00 00 	lea    0x3000(%r15),%rbp
    23cb:	4d 8d b7 00 60 00 00 	lea    0x6000(%r15),%r14
    23d2:	49 8d 9f 00 90 00 00 	lea    0x9000(%r15),%rbx
    23d9:	ba 00 30 00 00       	mov    $0x3000,%edx
    23de:	4c 8b 6c 24 28       	mov    0x28(%rsp),%r13
    23e3:	4c 89 ee             	mov    %r13,%rsi
    23e6:	4c 89 ff             	mov    %r15,%rdi
    23e9:	e8 00 00 00 00       	call   23ee <falcon_sign_set_private_key+0x4c0>	23ea: R_X86_64_PLT32	memcpy-0x4
    23ee:	ba 01 00 00 00       	mov    $0x1,%edx
    23f3:	be 0a 00 00 00       	mov    $0xa,%esi
    23f8:	4c 89 ff             	mov    %r15,%rdi
    23fb:	e8 00 00 00 00       	call   2400 <falcon_sign_set_private_key+0x4d2>	23fc: R_X86_64_PLT32	falcon_poly_mulselfadj_fft3-0x4
    2400:	ba 00 30 00 00       	mov    $0x3000,%edx
    2405:	4c 89 e6             	mov    %r12,%rsi
    2408:	48 89 df             	mov    %rbx,%rdi
    240b:	e8 00 00 00 00       	call   2410 <falcon_sign_set_private_key+0x4e2>	240c: R_X86_64_PLT32	memcpy-0x4
    2410:	ba 01 00 00 00       	mov    $0x1,%edx
    2415:	be 0a 00 00 00       	mov    $0xa,%esi
    241a:	48 89 df             	mov    %rbx,%rdi
    241d:	e8 00 00 00 00       	call   2422 <falcon_sign_set_private_key+0x4f4>	241e: R_X86_64_PLT32	falcon_poly_mulselfadj_fft3-0x4
    2422:	b9 01 00 00 00       	mov    $0x1,%ecx
    2427:	ba 0a 00 00 00       	mov    $0xa,%edx
    242c:	48 89 de             	mov    %rbx,%rsi
    242f:	4c 89 ff             	mov    %r15,%rdi
    2432:	e8 00 00 00 00       	call   2437 <falcon_sign_set_private_key+0x509>	2433: R_X86_64_PLT32	falcon_poly_add3-0x4
    2437:	ba 00 30 00 00       	mov    $0x3000,%edx
    243c:	48 8b 74 24 18       	mov    0x18(%rsp),%rsi
    2441:	48 89 ef             	mov    %rbp,%rdi
    2444:	e8 00 00 00 00       	call   2449 <falcon_sign_set_private_key+0x51b>	2445: R_X86_64_PLT32	memcpy-0x4
    2449:	b9 01 00 00 00       	mov    $0x1,%ecx
    244e:	ba 0a 00 00 00       	mov    $0xa,%edx
    2453:	4c 89 ee             	mov    %r13,%rsi
    2456:	48 89 ef             	mov    %rbp,%rdi
    2459:	e8 00 00 00 00       	call   245e <falcon_sign_set_private_key+0x530>	245a: R_X86_64_PLT32	falcon_poly_muladj_fft3-0x4
    245e:	ba 00 30 00 00       	mov    $0x3000,%edx
    2463:	4c 8b 6c 24 30       	mov    0x30(%rsp),%r13
    2468:	4c 89 ee             	mov    %r13,%rsi
    246b:	48 89 df             	mov    %rbx,%rdi
    246e:	e8 00 00 00 00       	call   2473 <falcon_sign_set_private_key+0x545>	246f: R_X86_64_PLT32	memcpy-0x4
    2473:	b9 01 00 00 00       	mov    $0x1,%ecx
    2478:	ba 0a 00 00 00       	mov    $0xa,%edx
    247d:	4c 89 e6             	mov    %r12,%rsi
    2480:	48 89 df             	mov    %rbx,%rdi
    2483:	e8 00 00 00 00       	call   2488 <falcon_sign_set_private_key+0x55a>	2484: R_X86_64_PLT32	falcon_poly_muladj_fft3-0x4
    2488:	b9 01 00 00 00       	mov    $0x1,%ecx
    248d:	ba 0a 00 00 00       	mov    $0xa,%edx
    2492:	48 89 de             	mov    %rbx,%rsi
    2495:	48 89 ef             	mov    %rbp,%rdi
    2498:	e8 00 00 00 00       	call   249d <falcon_sign_set_private_key+0x56f>	2499: R_X86_64_PLT32	falcon_poly_add3-0x4
    249d:	ba 00 30 00 00       	mov    $0x3000,%edx
    24a2:	48 8b 74 24 18       	mov    0x18(%rsp),%rsi
    24a7:	4c 89 f7             	mov    %r14,%rdi
    24aa:	e8 00 00 00 00       	call   24af <falcon_sign_set_private_key+0x581>	24ab: R_X86_64_PLT32	memcpy-0x4
    24af:	ba 01 00 00 00       	mov    $0x1,%edx
    24b4:	be 0a 00 00 00       	mov    $0xa,%esi
    24b9:	4c 89 f7             	mov    %r14,%rdi
    24bc:	e8 00 00 00 00       	call   24c1 <falcon_sign_set_private_key+0x593>	24bd: R_X86_64_PLT32	falcon_poly_mulselfadj_fft3-0x4
    24c1:	ba 00 30 00 00       	mov    $0x3000,%edx
    24c6:	4c 89 ee             	mov    %r13,%rsi
    24c9:	48 89 df             	mov    %rbx,%rdi
    24cc:	e8 00 00 00 00       	call   24d1 <falcon_sign_set_private_key+0x5a3>	24cd: R_X86_64_PLT32	memcpy-0x4
    24d1:	ba 01 00 00 00       	mov    $0x1,%edx
    24d6:	be 0a 00 00 00       	mov    $0xa,%esi
    24db:	48 89 df             	mov    %rbx,%rdi
    24de:	e8 00 00 00 00       	call   24e3 <falcon_sign_set_private_key+0x5b5>	24df: R_X86_64_PLT32	falcon_poly_mulselfadj_fft3-0x4
    24e3:	b9 01 00 00 00       	mov    $0x1,%ecx
    24e8:	ba 0a 00 00 00       	mov    $0xa,%edx
    24ed:	48 89 de             	mov    %rbx,%rsi
    24f0:	4c 89 f7             	mov    %r14,%rdi
    24f3:	e8 00 00 00 00       	call   24f8 <falcon_sign_set_private_key+0x5ca>	24f4: R_X86_64_PLT32	falcon_poly_add3-0x4
    24f8:	4c 89 f8             	mov    %r15,%rax
    24fb:	4d 8d a7 00 a0 00 00 	lea    0xa000(%r15),%r12
    2502:	4d 8d bf 00 b0 00 00 	lea    0xb000(%r15),%r15
    2509:	4c 8d a8 00 c0 00 00 	lea    0xc000(%rax),%r13
    2510:	41 b8 0a 00 00 00    	mov    $0xa,%r8d
    2516:	48 89 44 24 08       	mov    %rax,0x8(%rsp)
    251b:	48 89 c1             	mov    %rax,%rcx
    251e:	4c 89 fa             	mov    %r15,%rdx
    2521:	4c 89 e6             	mov    %r12,%rsi
    2524:	48 89 df             	mov    %rbx,%rdi
    2527:	e8 00 00 00 00       	call   252c <falcon_sign_set_private_key+0x5fe>	2528: R_X86_64_PLT32	falcon_poly_split_top_fft3-0x4
    252c:	ba 00 00 00 00       	mov    $0x0,%edx
    2531:	be 09 00 00 00       	mov    $0x9,%esi
    2536:	4c 89 e7             	mov    %r12,%rdi
    2539:	e8 00 00 00 00       	call   253e <falcon_sign_set_private_key+0x610>	253a: R_X86_64_PLT32	falcon_poly_adj_fft3-0x4
    253e:	ba 00 00 00 00       	mov    $0x0,%edx
    2543:	be 09 00 00 00       	mov    $0x9,%esi
    2548:	4c 89 ff             	mov    %r15,%rdi
    254b:	e8 00 00 00 00       	call   2550 <falcon_sign_set_private_key+0x622>	254c: R_X86_64_PLT32	falcon_poly_adj_fft3-0x4
    2550:	48 8b 44 24 10       	mov    0x10(%rsp),%rax
    2555:	48 8d b8 00 30 00 00 	lea    0x3000(%rax),%rdi
    255c:	48 89 7c 24 48       	mov    %rdi,0x48(%rsp)
    2561:	48 83 ec 08          	sub    $0x8,%rsp
    2565:	4c 89 6c 24 20       	mov    %r13,0x20(%rsp)
    256a:	41 55                	push   %r13
    256c:	6a 09                	push   $0x9
    256e:	53                   	push   %rbx
    256f:	4d 89 e1             	mov    %r12,%r9
    2572:	4d 89 f8             	mov    %r15,%r8
    2575:	48 89 d9             	mov    %rbx,%rcx
    2578:	4c 89 e2             	mov    %r12,%rdx
    257b:	48 89 de             	mov    %rbx,%rsi
    257e:	e8 50 de ff ff       	call   3d3 <ffLDL_depth1_fft3>
    2583:	49 89 c5             	mov    %rax,%r13
    2586:	48 83 c4 18          	add    $0x18,%rsp
    258a:	6a 01                	push   $0x1
    258c:	41 b9 0a 00 00 00    	mov    $0xa,%r9d
    2592:	4d 89 f0             	mov    %r14,%r8
    2595:	48 89 e9             	mov    %rbp,%rcx
    2598:	4c 8b 74 24 18       	mov    0x18(%rsp),%r14
    259d:	4c 89 f2             	mov    %r14,%rdx
    25a0:	48 8b 74 24 20       	mov    0x20(%rsp),%rsi
    25a5:	48 8b 7c 24 28       	mov    0x28(%rsp),%rdi
    25aa:	e8 21 dc ff ff       	call   1d0 <LDL_dim2_fft3>
    25af:	41 b8 0a 00 00 00    	mov    $0xa,%r8d
    25b5:	48 8b 4c 24 28       	mov    0x28(%rsp),%rcx
    25ba:	4c 89 fa             	mov    %r15,%rdx
    25bd:	4c 89 e6             	mov    %r12,%rsi
    25c0:	48 89 df             	mov    %rbx,%rdi
    25c3:	e8 00 00 00 00       	call   25c8 <falcon_sign_set_private_key+0x69a>	25c4: R_X86_64_PLT32	falcon_poly_split_top_fft3-0x4
    25c8:	ba 00 00 00 00       	mov    $0x0,%edx
    25cd:	be 09 00 00 00       	mov    $0x9,%esi
    25d2:	4c 89 e7             	mov    %r12,%rdi
    25d5:	e8 00 00 00 00       	call   25da <falcon_sign_set_private_key+0x6ac>	25d6: R_X86_64_PLT32	falcon_poly_adj_fft3-0x4
    25da:	ba 00 00 00 00       	mov    $0x0,%edx
    25df:	be 09 00 00 00       	mov    $0x9,%esi
    25e4:	4c 89 ff             	mov    %r15,%rdi
    25e7:	e8 00 00 00 00       	call   25ec <falcon_sign_set_private_key+0x6be>	25e8: R_X86_64_PLT32	falcon_poly_adj_fft3-0x4
    25ec:	48 8b 44 24 20       	mov    0x20(%rsp),%rax
    25f1:	4a 8d bc e8 00 30 00 00 	lea    0x3000(%rax,%r13,8),%rdi
    25f9:	48 83 c4 08          	add    $0x8,%rsp
    25fd:	ff 74 24 20          	push   0x20(%rsp)
    2601:	6a 09                	push   $0x9
    2603:	53                   	push   %rbx
    2604:	4d 89 e1             	mov    %r12,%r9
    2607:	4d 89 f8             	mov    %r15,%r8
    260a:	48 89 d9             	mov    %rbx,%rcx
    260d:	4c 89 e2             	mov    %r12,%rdx
    2610:	48 89 de             	mov    %rbx,%rsi
    2613:	e8 bb dd ff ff       	call   3d3 <ffLDL_depth1_fft3>
    2618:	48 83 c4 20          	add    $0x20,%rsp
    261c:	48 8d b4 24 80 00 00 00 	lea    0x80(%rsp),%rsi
    2624:	b9 01 00 00 00       	mov    $0x1,%ecx
    2629:	ba 0a 00 00 00       	mov    $0xa,%edx
    262e:	4c 89 f7             	mov    %r14,%rdi
    2631:	e8 f9 e1 ff ff       	call   82f <smallints_to_fpr>
    2636:	48 8d b4 24 80 18 00 00 	lea    0x1880(%rsp),%rsi
    263e:	b9 01 00 00 00       	mov    $0x1,%ecx
    2643:	ba 0a 00 00 00       	mov    $0xa,%edx
    2648:	48 89 ef             	mov    %rbp,%rdi
    264b:	e8 df e1 ff ff       	call   82f <smallints_to_fpr>
    2650:	ba 01 00 00 00       	mov    $0x1,%edx
    2655:	be 0a 00 00 00       	mov    $0xa,%esi
    265a:	4c 89 f3             	mov    %r14,%rbx
    265d:	4c 89 f7             	mov    %r14,%rdi
    2660:	e8 00 00 00 00       	call   2665 <falcon_sign_set_private_key+0x737>	2661: R_X86_64_PLT32	falcon_FFT3-0x4
    2665:	ba 01 00 00 00       	mov    $0x1,%edx
    266a:	be 0a 00 00 00       	mov    $0xa,%esi
    266f:	48 89 ef             	mov    %rbp,%rdi
    2672:	e8 00 00 00 00       	call   2677 <falcon_sign_set_private_key+0x749>	2673: R_X86_64_PLT32	falcon_FFT3-0x4
    2677:	ba 01 00 00 00       	mov    $0x1,%edx
    267c:	be 0a 00 00 00       	mov    $0xa,%esi
    2681:	4c 89 f7             	mov    %r14,%rdi
    2684:	e8 00 00 00 00       	call   2689 <falcon_sign_set_private_key+0x75b>	2685: R_X86_64_PLT32	falcon_poly_mulselfadj_fft3-0x4
    2689:	ba 01 00 00 00       	mov    $0x1,%edx
    268e:	be 0a 00 00 00       	mov    $0xa,%esi
    2693:	48 89 ef             	mov    %rbp,%rdi
    2696:	e8 00 00 00 00       	call   269b <falcon_sign_set_private_key+0x76d>	2697: R_X86_64_PLT32	falcon_poly_mulselfadj_fft3-0x4
    269b:	b9 01 00 00 00       	mov    $0x1,%ecx
    26a0:	ba 0a 00 00 00       	mov    $0xa,%edx
    26a5:	48 89 ee             	mov    %rbp,%rsi
    26a8:	4c 89 f7             	mov    %r14,%rdi
    26ab:	e8 00 00 00 00       	call   26b0 <falcon_sign_set_private_key+0x782>	26ac: R_X86_64_PLT32	falcon_poly_add3-0x4
    26b0:	4d 8d be 00 18 00 00 	lea    0x1800(%r14),%r15
    26b7:	41 bc 00 00 00 00    	mov    $0x0,%r12d
    26bd:	49 be ff ff ff ff ff ff df 3f 	movabs $0x3fdfffffffffffff,%r14
    26c7:	49 bd 00 00 00 00 00 00 f0 3f 	movabs $0x3ff0000000000000,%r13
    26d1:	48 8b 2b             	mov    (%rbx),%rbp
    26d4:	48 89 ef             	mov    %rbp,%rdi
    26d7:	e8 24 d9 ff ff       	call   0 <ft_fpr_is_positive_finite>
    26dc:	89 c2                	mov    %eax,%edx
    26de:	4c 39 f5             	cmp    %r14,%rbp
    26e1:	0f 9f c0             	setg   %al
    26e4:	0f b6 c0             	movzbl %al,%eax
    26e7:	21 d0                	and    %edx,%eax
    26e9:	89 c2                	mov    %eax,%edx
    26eb:	83 f2 01             	xor    $0x1,%edx
    26ee:	41 09 d4             	or     %edx,%r12d
    26f1:	89 c0                	mov    %eax,%eax
    26f3:	48 8d 50 ff          	lea    -0x1(%rax),%rdx
    26f7:	4c 21 ea             	and    %r13,%rdx
    26fa:	48 f7 d8             	neg    %rax
    26fd:	48 21 c5             	and    %rax,%rbp
    2700:	48 89 d0             	mov    %rdx,%rax
    2703:	48 09 e8             	or     %rbp,%rax
    2706:	48 89 03             	mov    %rax,(%rbx)
    2709:	48 83 c3 08          	add    $0x8,%rbx
    270d:	4c 39 fb             	cmp    %r15,%rbx
    2710:	75 bf                	jne    26d1 <falcon_sign_set_private_key+0x7a3>
    2712:	44 89 64 24 78       	mov    %r12d,0x78(%rsp)
    2717:	48 8b 5c 24 08       	mov    0x8(%rsp),%rbx
    271c:	48 89 83 f8 17 00 00 	mov    %rax,0x17f8(%rbx)
    2723:	4c 8d a3 00 18 00 00 	lea    0x1800(%rbx),%r12
    272a:	4c 89 64 24 18       	mov    %r12,0x18(%rsp)
    272f:	48 8d ab 00 48 00 00 	lea    0x4800(%rbx),%rbp
    2736:	be 00 00 00 00       	mov    $0x0,%esi
    273b:	bf 03 00 00 00       	mov    $0x3,%edi
    2740:	e8 00 00 00 00       	call   2745 <falcon_sign_set_private_key+0x817>	2741: R_X86_64_PLT32	fpr_scaled-0x4
    2745:	48 89 44 24 28       	mov    %rax,0x28(%rsp)
    274a:	4c 89 64 24 38       	mov    %r12,0x38(%rsp)
    274f:	48 8d 83 00 20 00 00 	lea    0x2000(%rbx),%rax
    2756:	48 89 44 24 30       	mov    %rax,0x30(%rsp)
    275b:	4c 8d 7c 24 78       	lea    0x78(%rsp),%r15
    2760:	48 89 6c 24 68       	mov    %rbp,0x68(%rsp)
    2765:	48 8b 3b             	mov    (%rbx),%rdi
    2768:	4c 89 fe             	mov    %r15,%rsi
    276b:	e8 a1 ef ff ff       	call   1711 <ft_stable_positive>
    2770:	49 89 c6             	mov    %rax,%r14
    2773:	48 8b 7b 08          	mov    0x8(%rbx),%rdi
    2777:	4c 89 fe             	mov    %r15,%rsi
    277a:	e8 92 ef ff ff       	call   1711 <ft_stable_positive>
    277f:	48 89 c5             	mov    %rax,%rbp
    2782:	48 8b 7b 10          	mov    0x10(%rbx),%rdi
    2786:	4c 89 fe             	mov    %r15,%rsi
    2789:	e8 83 ef ff ff       	call   1711 <ft_stable_positive>
    278e:	49 89 c5             	mov    %rax,%r13
    2791:	48 89 ee             	mov    %rbp,%rsi
    2794:	4c 89 f7             	mov    %r14,%rdi
    2797:	e8 00 00 00 00       	call   279c <falcon_sign_set_private_key+0x86e>	2798: R_X86_64_PLT32	fpr_add-0x4
    279c:	48 89 c7             	mov    %rax,%rdi
    279f:	4c 89 ee             	mov    %r13,%rsi
    27a2:	e8 00 00 00 00       	call   27a7 <falcon_sign_set_private_key+0x879>	27a3: R_X86_64_PLT32	fpr_add-0x4
    27a7:	48 89 c7             	mov    %rax,%rdi
    27aa:	4c 89 fe             	mov    %r15,%rsi
    27ad:	e8 5f ef ff ff       	call   1711 <ft_stable_positive>
    27b2:	48 89 44 24 50       	mov    %rax,0x50(%rsp)
    27b7:	48 89 ee             	mov    %rbp,%rsi
    27ba:	4c 89 f7             	mov    %r14,%rdi
    27bd:	e8 00 00 00 00       	call   27c2 <falcon_sign_set_private_key+0x894>	27be: R_X86_64_PLT32	fpr_mul-0x4
    27c2:	48 89 c7             	mov    %rax,%rdi
    27c5:	4c 89 fe             	mov    %r15,%rsi
    27c8:	e8 44 ef ff ff       	call   1711 <ft_stable_positive>
    27cd:	48 89 44 24 58       	mov    %rax,0x58(%rsp)
    27d2:	4c 89 ee             	mov    %r13,%rsi
    27d5:	4c 89 f7             	mov    %r14,%rdi
    27d8:	e8 00 00 00 00       	call   27dd <falcon_sign_set_private_key+0x8af>	27d9: R_X86_64_PLT32	fpr_mul-0x4
    27dd:	48 89 c7             	mov    %rax,%rdi
    27e0:	4c 89 fe             	mov    %r15,%rsi
    27e3:	e8 29 ef ff ff       	call   1711 <ft_stable_positive>
    27e8:	49 89 c6             	mov    %rax,%r14
    27eb:	4c 89 ee             	mov    %r13,%rsi
    27ee:	48 89 ef             	mov    %rbp,%rdi
    27f1:	e8 00 00 00 00       	call   27f6 <falcon_sign_set_private_key+0x8c8>	27f2: R_X86_64_PLT32	fpr_mul-0x4
    27f6:	48 89 c7             	mov    %rax,%rdi
    27f9:	4c 89 fe             	mov    %r15,%rsi
    27fc:	e8 10 ef ff ff       	call   1711 <ft_stable_positive>
    2801:	48 89 44 24 60       	mov    %rax,0x60(%rsp)
    2806:	4c 89 f6             	mov    %r14,%rsi
    2809:	48 8b 6c 24 58       	mov    0x58(%rsp),%rbp
    280e:	48 89 ef             	mov    %rbp,%rdi
    2811:	e8 00 00 00 00       	call   2816 <falcon_sign_set_private_key+0x8e8>	2812: R_X86_64_PLT32	fpr_add-0x4
    2816:	48 89 c7             	mov    %rax,%rdi
    2819:	48 8b 74 24 60       	mov    0x60(%rsp),%rsi
    281e:	e8 00 00 00 00       	call   2823 <falcon_sign_set_private_key+0x8f5>	281f: R_X86_64_PLT32	fpr_add-0x4
    2823:	48 89 c7             	mov    %rax,%rdi
    2826:	4c 89 fe             	mov    %r15,%rsi
    2829:	e8 e3 ee ff ff       	call   1711 <ft_stable_positive>
    282e:	49 89 c6             	mov    %rax,%r14
    2831:	4c 89 ee             	mov    %r13,%rsi
    2834:	48 89 ef             	mov    %rbp,%rdi
    2837:	e8 00 00 00 00       	call   283c <falcon_sign_set_private_key+0x90e>	2838: R_X86_64_PLT32	fpr_mul-0x4
    283c:	48 89 c7             	mov    %rax,%rdi
    283f:	4c 89 fe             	mov    %r15,%rsi
    2842:	e8 ca ee ff ff       	call   1711 <ft_stable_positive>
    2847:	49 89 c5             	mov    %rax,%r13
    284a:	48 8b 74 24 28       	mov    0x28(%rsp),%rsi
    284f:	48 8b 6c 24 50       	mov    0x50(%rsp),%rbp
    2854:	48 89 ef             	mov    %rbp,%rdi
    2857:	e8 00 00 00 00       	call   285c <falcon_sign_set_private_key+0x92e>	2858: R_X86_64_PLT32	fpr_div-0x4
    285c:	48 89 c7             	mov    %rax,%rdi
    285f:	4c 89 fe             	mov    %r15,%rsi
    2862:	e8 aa ee ff ff       	call   1711 <ft_stable_positive>
    2867:	49 89 04 24          	mov    %rax,(%r12)
    286b:	48 89 ee             	mov    %rbp,%rsi
    286e:	4c 89 f7             	mov    %r14,%rdi
    2871:	e8 00 00 00 00       	call   2876 <falcon_sign_set_private_key+0x948>	2872: R_X86_64_PLT32	fpr_div-0x4
    2876:	48 89 c7             	mov    %rax,%rdi
    2879:	4c 89 fe             	mov    %r15,%rsi
    287c:	e8 90 ee ff ff       	call   1711 <ft_stable_positive>
    2881:	49 89 84 24 00 08 00 00 	mov    %rax,0x800(%r12)
    2889:	4c 89 ee             	mov    %r13,%rsi
    288c:	48 8b 7c 24 28       	mov    0x28(%rsp),%rdi
    2891:	e8 00 00 00 00       	call   2896 <falcon_sign_set_private_key+0x968>	2892: R_X86_64_PLT32	fpr_mul-0x4
    2896:	48 89 c7             	mov    %rax,%rdi
    2899:	4c 89 f6             	mov    %r14,%rsi
    289c:	e8 00 00 00 00       	call   28a1 <falcon_sign_set_private_key+0x973>	289d: R_X86_64_PLT32	fpr_div-0x4
    28a1:	48 89 c7             	mov    %rax,%rdi
    28a4:	4c 89 fe             	mov    %r15,%rsi
    28a7:	e8 65 ee ff ff       	call   1711 <ft_stable_positive>
    28ac:	49 89 84 24 00 10 00 00 	mov    %rax,0x1000(%r12)
    28b4:	48 83 c3 18          	add    $0x18,%rbx
    28b8:	49 83 c4 08          	add    $0x8,%r12
    28bc:	4c 39 64 24 30       	cmp    %r12,0x30(%rsp)
    28c1:	0f 85 9e fe ff ff    	jne    2765 <falcon_sign_set_private_key+0x837>
    28c7:	48 8b 6c 24 68       	mov    0x68(%rsp),%rbp
    28cc:	48 8d 5c 24 78       	lea    0x78(%rsp),%rbx
    28d1:	48 89 d9             	mov    %rbx,%rcx
    28d4:	48 89 ea             	mov    %rbp,%rdx
    28d7:	be 00 01 00 00       	mov    $0x100,%esi
    28dc:	48 8b 7c 24 18       	mov    0x18(%rsp),%rdi
    28e1:	e8 62 ee ff ff       	call   1748 <ft_stable_binary_inplace>
    28e6:	4c 8b 6c 24 08       	mov    0x8(%rsp),%r13
    28eb:	49 8d bd 00 20 00 00 	lea    0x2000(%r13),%rdi
    28f2:	48 89 d9             	mov    %rbx,%rcx
    28f5:	48 89 ea             	mov    %rbp,%rdx
    28f8:	be 00 01 00 00       	mov    $0x100,%esi
    28fd:	e8 46 ee ff ff       	call   1748 <ft_stable_binary_inplace>
    2902:	49 8d bd 00 28 00 00 	lea    0x2800(%r13),%rdi
    2909:	48 89 d9             	mov    %rbx,%rcx
    290c:	48 89 ea             	mov    %rbp,%rdx
    290f:	be 00 01 00 00       	mov    $0x100,%esi
    2914:	e8 2f ee ff ff       	call   1748 <ft_stable_binary_inplace>
    2919:	be 00 00 00 00       	mov    $0x0,%esi
    291e:	bf 01 90 40 14       	mov    $0x14409001,%edi
    2923:	e8 00 00 00 00       	call   2928 <falcon_sign_set_private_key+0x9fa>	2924: R_X86_64_PLT32	fpr_scaled-0x4
    2928:	48 89 c3             	mov    %rax,%rbx
    292b:	48 8d 6c 24 78       	lea    0x78(%rsp),%rbp
    2930:	4c 8b 64 24 40       	mov    0x40(%rsp),%r12
    2935:	4b 8b b4 25 00 18 00 00 	mov    0x1800(%r13,%r12,1),%rsi
    293d:	48 89 df             	mov    %rbx,%rdi
    2940:	e8 00 00 00 00       	call   2945 <falcon_sign_set_private_key+0xa17>	2941: R_X86_64_PLT32	fpr_div-0x4
    2945:	48 89 c7             	mov    %rax,%rdi
    2948:	48 89 ee             	mov    %rbp,%rsi
    294b:	e8 c1 ed ff ff       	call   1711 <ft_stable_positive>
    2950:	48 89 c2             	mov    %rax,%rdx
    2953:	4c 89 e0             	mov    %r12,%rax
    2956:	48 f7 d8             	neg    %rax
    2959:	49 89 94 05 f8 47 00 00 	mov    %rdx,0x47f8(%r13,%rax,1)
    2961:	49 83 c4 08          	add    $0x8,%r12
    2965:	49 81 fc 00 18 00 00 	cmp    $0x1800,%r12
    296c:	75 c7                	jne    2935 <falcon_sign_set_private_key+0xa07>
    296e:	4c 8b 74 24 08       	mov    0x8(%rsp),%r14
    2973:	49 81 c6 00 48 00 00 	add    $0x4800,%r14
    297a:	4c 8d 6c 24 78       	lea    0x78(%rsp),%r13
    297f:	49 bc 89 fc 8f ac ff ff 6f bf 	movabs $0xbf6fffffac8ffc89,%r12
    2989:	48 bd 50 7d 03 1a 4d 44 14 41 	movabs $0x4114444d1a037d50,%rbp
    2993:	4c 8b 7c 24 38       	mov    0x38(%rsp),%r15
    2998:	49 8b 3f             	mov    (%r15),%rdi
    299b:	4c 89 ee             	mov    %r13,%rsi
    299e:	e8 6e ed ff ff       	call   1711 <ft_stable_positive>
    29a3:	48 89 c2             	mov    %rax,%rdx
    29a6:	49 89 07             	mov    %rax,(%r15)
    29a9:	4a 8d 04 20          	lea    (%rax,%r12,1),%rax
    29ad:	48 c1 e8 3f          	shr    $0x3f,%rax
    29b1:	83 f0 01             	xor    $0x1,%eax
    29b4:	48 89 eb             	mov    %rbp,%rbx
    29b7:	48 29 d3             	sub    %rdx,%rbx
    29ba:	48 c1 eb 3f          	shr    $0x3f,%rbx
    29be:	83 f3 01             	xor    $0x1,%ebx
    29c1:	21 c3                	and    %eax,%ebx
    29c3:	83 f3 01             	xor    $0x1,%ebx
    29c6:	0b 5c 24 78          	or     0x78(%rsp),%ebx
    29ca:	89 5c 24 78          	mov    %ebx,0x78(%rsp)
    29ce:	49 83 c7 08          	add    $0x8,%r15
    29d2:	4d 39 f7             	cmp    %r14,%r15
    29d5:	75 c1                	jne    2998 <falcon_sign_set_private_key+0xa6a>
    29d7:	be 00 00 00 00       	mov    $0x0,%esi
    29dc:	bf 00 03 00 00       	mov    $0x300,%edi
    29e1:	e8 00 00 00 00       	call   29e6 <falcon_sign_set_private_key+0xab8>	29e2: R_X86_64_PLT32	fpr_scaled-0x4
    29e6:	49 89 c4             	mov    %rax,%r12
    29e9:	48 c7 44 24 78 00 00 00 00 	movq   $0x0,0x78(%rsp)
    29f2:	4c 8d 6c 24 78       	lea    0x78(%rsp),%r13
    29f7:	4d 89 e8             	mov    %r13,%r8
    29fa:	4c 8b 74 24 18       	mov    0x18(%rsp),%r14
    29ff:	4c 89 f1             	mov    %r14,%rcx
    2a02:	ba 09 00 00 00       	mov    $0x9,%edx
    2a07:	48 89 c6             	mov    %rax,%rsi
    2a0a:	48 8b 7c 24 48       	mov    0x48(%rsp),%rdi
    2a0f:	e8 d0 d6 ff ff       	call   e4 <ffLDL_ternary_normalize_depth1>
    2a14:	48 8d a8 00 06 00 00 	lea    0x600(%rax),%rbp
    2a1b:	48 8b 44 24 10       	mov    0x10(%rsp),%rax
    2a20:	48 8d 3c e8          	lea    (%rax,%rbp,8),%rdi
    2a24:	4d 89 e8             	mov    %r13,%r8
    2a27:	4c 89 f1             	mov    %r14,%rcx
    2a2a:	ba 09 00 00 00       	mov    $0x9,%edx
    2a2f:	4c 89 e6             	mov    %r12,%rsi
    2a32:	e8 ad d6 ff ff       	call   e4 <ffLDL_ternary_normalize_depth1>
    2a37:	48 8b 54 24 78       	mov    0x78(%rsp),%rdx
    2a3c:	85 db                	test   %ebx,%ebx
    2a3e:	0f 85 48 f5 ff ff    	jne    1f8c <falcon_sign_set_private_key+0x5e>
    2a44:	48 81 fa 00 06 00 00 	cmp    $0x600,%rdx
    2a4b:	0f 85 3b f5 ff ff    	jne    1f8c <falcon_sign_set_private_key+0x5e>
    2a51:	48 01 c5             	add    %rax,%rbp
    2a54:	48 81 fd 00 48 00 00 	cmp    $0x4800,%rbp
    2a5b:	0f 85 2b f5 ff ff    	jne    1f8c <falcon_sign_set_private_key+0x5e>
    2a61:	b8 01 00 00 00       	mov    $0x1,%eax
    2a66:	e9 30 f5 ff ff       	jmp    1f9b <falcon_sign_set_private_key+0x6d>
    2a6b:	44 89 fe             	mov    %r15d,%esi
    2a6e:	4c 89 e7             	mov    %r12,%rdi
    2a71:	e8 00 00 00 00       	call   2a76 <falcon_sign_set_private_key+0xb48>	2a72: R_X86_64_PLT32	falcon_FFT-0x4
    2a76:	44 89 fe             	mov    %r15d,%esi
    2a79:	48 8b 7c 24 28       	mov    0x28(%rsp),%rdi
    2a7e:	e8 00 00 00 00       	call   2a83 <falcon_sign_set_private_key+0xb55>	2a7f: R_X86_64_PLT32	falcon_FFT-0x4
    2a83:	44 89 fe             	mov    %r15d,%esi
    2a86:	48 8b 5c 24 30       	mov    0x30(%rsp),%rbx
    2a8b:	48 89 df             	mov    %rbx,%rdi
    2a8e:	e8 00 00 00 00       	call   2a93 <falcon_sign_set_private_key+0xb65>	2a8f: R_X86_64_PLT32	falcon_FFT-0x4
    2a93:	44 89 fe             	mov    %r15d,%esi
    2a96:	48 8b 7c 24 18       	mov    0x18(%rsp),%rdi
    2a9b:	e8 00 00 00 00       	call   2aa0 <falcon_sign_set_private_key+0xb72>	2a9c: R_X86_64_PLT32	falcon_FFT-0x4
    2aa0:	44 89 fe             	mov    %r15d,%esi
    2aa3:	4c 89 e7             	mov    %r12,%rdi
    2aa6:	e8 00 00 00 00       	call   2aab <falcon_sign_set_private_key+0xb7d>	2aa7: R_X86_64_PLT32	falcon_poly_neg-0x4
    2aab:	44 89 fe             	mov    %r15d,%esi
    2aae:	48 89 5c 24 30       	mov    %rbx,0x30(%rsp)
    2ab3:	48 89 df             	mov    %rbx,%rdi
    2ab6:	e8 00 00 00 00       	call   2abb <falcon_sign_set_private_key+0xb8d>	2ab7: R_X86_64_PLT32	falcon_poly_neg-0x4
    2abb:	48 8b 44 24 08       	mov    0x8(%rsp),%rax
    2ac0:	4c 8d 2c 28          	lea    (%rax,%rbp,1),%r13
    2ac4:	4d 8d 74 2d 00       	lea    0x0(%r13,%rbp,1),%r14
    2ac9:	4c 89 74 24 20       	mov    %r14,0x20(%rsp)
    2ace:	49 8d 1c 2e          	lea    (%r14,%rbp,1),%rbx
    2ad2:	48 89 ea             	mov    %rbp,%rdx
    2ad5:	48 8b 74 24 28       	mov    0x28(%rsp),%rsi
    2ada:	48 89 c7             	mov    %rax,%rdi
    2add:	e8 00 00 00 00       	call   2ae2 <falcon_sign_set_private_key+0xbb4>	2ade: R_X86_64_PLT32	memcpy-0x4
    2ae2:	44 89 fe             	mov    %r15d,%esi
    2ae5:	48 8b 7c 24 08       	mov    0x8(%rsp),%rdi
    2aea:	e8 00 00 00 00       	call   2aef <falcon_sign_set_private_key+0xbc1>	2aeb: R_X86_64_PLT32	falcon_poly_mulselfadj_fft-0x4
    2aef:	48 89 ea             	mov    %rbp,%rdx
    2af2:	4c 89 e6             	mov    %r12,%rsi
    2af5:	48 89 df             	mov    %rbx,%rdi
    2af8:	e8 00 00 00 00       	call   2afd <falcon_sign_set_private_key+0xbcf>	2af9: R_X86_64_PLT32	memcpy-0x4
    2afd:	44 89 fe             	mov    %r15d,%esi
    2b00:	48 89 df             	mov    %rbx,%rdi
    2b03:	e8 00 00 00 00       	call   2b08 <falcon_sign_set_private_key+0xbda>	2b04: R_X86_64_PLT32	falcon_poly_mulselfadj_fft-0x4
    2b08:	44 89 fa             	mov    %r15d,%edx
    2b0b:	48 89 de             	mov    %rbx,%rsi
    2b0e:	48 8b 7c 24 08       	mov    0x8(%rsp),%rdi
    2b13:	e8 00 00 00 00       	call   2b18 <falcon_sign_set_private_key+0xbea>	2b14: R_X86_64_PLT32	falcon_poly_add-0x4
    2b18:	48 89 ea             	mov    %rbp,%rdx
    2b1b:	48 8b 74 24 28       	mov    0x28(%rsp),%rsi
    2b20:	4c 89 ef             	mov    %r13,%rdi
    2b23:	e8 00 00 00 00       	call   2b28 <falcon_sign_set_private_key+0xbfa>	2b24: R_X86_64_PLT32	memcpy-0x4
    2b28:	44 89 fa             	mov    %r15d,%edx
    2b2b:	48 8b 74 24 18       	mov    0x18(%rsp),%rsi
    2b30:	4c 89 ef             	mov    %r13,%rdi
    2b33:	e8 00 00 00 00       	call   2b38 <falcon_sign_set_private_key+0xc0a>	2b34: R_X86_64_PLT32	falcon_poly_muladj_fft-0x4
    2b38:	48 89 ea             	mov    %rbp,%rdx
    2b3b:	4c 89 e6             	mov    %r12,%rsi
    2b3e:	48 89 df             	mov    %rbx,%rdi
    2b41:	e8 00 00 00 00       	call   2b46 <falcon_sign_set_private_key+0xc18>	2b42: R_X86_64_PLT32	memcpy-0x4
    2b46:	44 89 fa             	mov    %r15d,%edx
    2b49:	4c 8b 64 24 30       	mov    0x30(%rsp),%r12
    2b4e:	4c 89 e6             	mov    %r12,%rsi
    2b51:	48 89 df             	mov    %rbx,%rdi
    2b54:	e8 00 00 00 00       	call   2b59 <falcon_sign_set_private_key+0xc2b>	2b55: R_X86_64_PLT32	falcon_poly_muladj_fft-0x4
    2b59:	44 89 fa             	mov    %r15d,%edx
    2b5c:	48 89 de             	mov    %rbx,%rsi
    2b5f:	4c 89 ef             	mov    %r13,%rdi
    2b62:	e8 00 00 00 00       	call   2b67 <falcon_sign_set_private_key+0xc39>	2b63: R_X86_64_PLT32	falcon_poly_add-0x4
    2b67:	48 89 ea             	mov    %rbp,%rdx
    2b6a:	48 8b 74 24 18       	mov    0x18(%rsp),%rsi
    2b6f:	4c 89 f7             	mov    %r14,%rdi
    2b72:	e8 00 00 00 00       	call   2b77 <falcon_sign_set_private_key+0xc49>	2b73: R_X86_64_PLT32	memcpy-0x4
    2b77:	44 89 fe             	mov    %r15d,%esi
    2b7a:	4c 89 f7             	mov    %r14,%rdi
    2b7d:	e8 00 00 00 00       	call   2b82 <falcon_sign_set_private_key+0xc54>	2b7e: R_X86_64_PLT32	falcon_poly_mulselfadj_fft-0x4
    2b82:	48 89 ea             	mov    %rbp,%rdx
    2b85:	4c 89 e6             	mov    %r12,%rsi
    2b88:	48 89 df             	mov    %rbx,%rdi
    2b8b:	e8 00 00 00 00       	call   2b90 <falcon_sign_set_private_key+0xc62>	2b8c: R_X86_64_PLT32	memcpy-0x4
    2b90:	44 89 fe             	mov    %r15d,%esi
    2b93:	48 89 df             	mov    %rbx,%rdi
    2b96:	e8 00 00 00 00       	call   2b9b <falcon_sign_set_private_key+0xc6d>	2b97: R_X86_64_PLT32	falcon_poly_mulselfadj_fft-0x4
    2b9b:	44 89 fa             	mov    %r15d,%edx
    2b9e:	48 89 de             	mov    %rbx,%rsi
    2ba1:	4c 89 f7             	mov    %r14,%rdi
    2ba4:	e8 00 00 00 00       	call   2ba9 <falcon_sign_set_private_key+0xc7b>	2ba5: R_X86_64_PLT32	falcon_poly_add-0x4
    2ba9:	45 85 ff             	test   %r15d,%r15d
    2bac:	75 7a                	jne    2c28 <falcon_sign_set_private_key+0xcfa>
    2bae:	48 8b 44 24 08       	mov    0x8(%rsp),%rax
    2bb3:	48 8b 00             	mov    (%rax),%rax
    2bb6:	48 8b 5c 24 10       	mov    0x10(%rsp),%rbx
    2bbb:	48 89 03             	mov    %rax,(%rbx)
    2bbe:	be 00 00 00 00       	mov    $0x0,%esi
    2bc3:	bf 64 00 00 00       	mov    $0x64,%edi
    2bc8:	e8 00 00 00 00       	call   2bcd <falcon_sign_set_private_key+0xc9f>	2bc9: R_X86_64_PLT32	fpr_scaled-0x4
    2bcd:	48 89 c3             	mov    %rax,%rbx
    2bd0:	be 00 00 00 00       	mov    $0x0,%esi
    2bd5:	bf 9b 00 00 00       	mov    $0x9b,%edi
    2bda:	e8 00 00 00 00       	call   2bdf <falcon_sign_set_private_key+0xcb1>	2bdb: R_X86_64_PLT32	fpr_scaled-0x4
    2bdf:	48 89 c7             	mov    %rax,%rdi
    2be2:	48 89 de             	mov    %rbx,%rsi
    2be5:	e8 00 00 00 00       	call   2bea <falcon_sign_set_private_key+0xcbc>	2be6: R_X86_64_PLT32	fpr_div-0x4
    2bea:	48 89 c3             	mov    %rax,%rbx
    2bed:	8b 7c 24 38          	mov    0x38(%rsp),%edi
    2bf1:	be 00 00 00 00       	mov    $0x0,%esi
    2bf6:	e8 00 00 00 00       	call   2bfb <falcon_sign_set_private_key+0xccd>	2bf7: R_X86_64_PLT32	fpr_scaled-0x4
    2bfb:	48 89 c7             	mov    %rax,%rdi
    2bfe:	e8 00 00 00 00       	call   2c03 <falcon_sign_set_private_key+0xcd5>	2bff: R_X86_64_PLT32	fpr_sqrt-0x4
    2c03:	48 89 c7             	mov    %rax,%rdi
    2c06:	48 89 de             	mov    %rbx,%rsi
    2c09:	e8 00 00 00 00       	call   2c0e <falcon_sign_set_private_key+0xce0>	2c0a: R_X86_64_PLT32	fpr_mul-0x4
    2c0e:	48 89 c6             	mov    %rax,%rsi
    2c11:	44 89 fa             	mov    %r15d,%edx
    2c14:	48 8b 7c 24 10       	mov    0x10(%rsp),%rdi
    2c19:	e8 3b d5 ff ff       	call   159 <ffLDL_binary_normalize>
    2c1e:	b8 01 00 00 00       	mov    $0x1,%eax
    2c23:	e9 73 f3 ff ff       	jmp    1f9b <falcon_sign_set_private_key+0x6d>
    2c28:	b8 01 00 00 00       	mov    $0x1,%eax
    2c2d:	44 89 f9             	mov    %r15d,%ecx
    2c30:	48 d3 e0             	shl    %cl,%rax
    2c33:	48 89 44 24 18       	mov    %rax,0x18(%rsp)
    2c38:	41 bc 08 00 00 00    	mov    $0x8,%r12d
    2c3e:	49 d3 e4             	shl    %cl,%r12
    2c41:	4e 8d 34 23          	lea    (%rbx,%r12,1),%r14
    2c45:	b8 10 00 00 00       	mov    $0x10,%eax
    2c4a:	48 d3 e0             	shl    %cl,%rax
    2c4d:	48 8d 2c 03          	lea    (%rbx,%rax,1),%rbp
    2c51:	4c 89 e2             	mov    %r12,%rdx
    2c54:	48 8b 74 24 08       	mov    0x8(%rsp),%rsi
    2c59:	48 89 df             	mov    %rbx,%rdi
    2c5c:	e8 00 00 00 00       	call   2c61 <falcon_sign_set_private_key+0xd33>	2c5d: R_X86_64_PLT32	memcpy-0x4
    2c61:	48 83 ec 08          	sub    $0x8,%rsp
    2c65:	55                   	push   %rbp
    2c66:	45 89 f9             	mov    %r15d,%r9d
    2c69:	4c 8b 44 24 30       	mov    0x30(%rsp),%r8
    2c6e:	4c 89 e9             	mov    %r13,%rcx
    2c71:	48 8b 54 24 18       	mov    0x18(%rsp),%rdx
    2c76:	48 8b 74 24 20       	mov    0x20(%rsp),%rsi
    2c7b:	4c 89 f7             	mov    %r14,%rdi
    2c7e:	e8 08 da ff ff       	call   68b <LDL_fft>
    2c83:	4c 8b 6c 24 28       	mov    0x28(%rsp),%r13
    2c88:	49 d1 ed             	shr    $1,%r13
    2c8b:	49 c1 e5 03          	shl    $0x3,%r13
    2c8f:	4a 8d 74 2d 00       	lea    0x0(%rbp,%r13,1),%rsi
    2c94:	44 89 f9             	mov    %r15d,%ecx
    2c97:	48 89 da             	mov    %rbx,%rdx
    2c9a:	48 89 ef             	mov    %rbp,%rdi
    2c9d:	e8 00 00 00 00       	call   2ca2 <falcon_sign_set_private_key+0xd74>	2c9e: R_X86_64_PLT32	falcon_poly_split_fft-0x4
    2ca2:	4a 8d 14 2b          	lea    (%rbx,%r13,1),%rdx
    2ca6:	49 89 d2             	mov    %rdx,%r10
    2ca9:	44 89 f9             	mov    %r15d,%ecx
    2cac:	4c 89 f2             	mov    %r14,%rdx
    2caf:	4c 89 54 24 18       	mov    %r10,0x18(%rsp)
    2cb4:	4c 89 d6             	mov    %r10,%rsi
    2cb7:	48 89 df             	mov    %rbx,%rdi
    2cba:	e8 00 00 00 00       	call   2cbf <falcon_sign_set_private_key+0xd91>	2cbb: R_X86_64_PLT32	falcon_poly_split_fft-0x4
    2cbf:	4c 89 e2             	mov    %r12,%rdx
    2cc2:	48 89 ee             	mov    %rbp,%rsi
    2cc5:	4c 89 f7             	mov    %r14,%rdi
    2cc8:	e8 00 00 00 00       	call   2ccd <falcon_sign_set_private_key+0xd9f>	2cc9: R_X86_64_PLT32	memcpy-0x4
    2ccd:	45 8d 5f ff          	lea    -0x1(%r15),%r11d
    2cd1:	4b 8d 14 2e          	lea    (%r14,%r13,1),%rdx
    2cd5:	48 8b 7c 24 20       	mov    0x20(%rsp),%rdi
    2cda:	4c 01 e7             	add    %r12,%rdi
    2cdd:	49 89 e8             	mov    %rbp,%r8
    2ce0:	45 89 dc             	mov    %r11d,%r12d
    2ce3:	44 89 d9             	mov    %r11d,%ecx
    2ce6:	4c 89 f6             	mov    %r14,%rsi
    2ce9:	e8 46 da ff ff       	call   734 <ffLDL_fft_inner>
    2cee:	44 89 f8             	mov    %r15d,%eax
    2cf1:	44 89 e1             	mov    %r12d,%ecx
    2cf4:	d3 e0                	shl    %cl,%eax
    2cf6:	4c 8b 6c 24 28       	mov    0x28(%rsp),%r13
    2cfb:	4c 01 e8             	add    %r13,%rax
    2cfe:	48 8b 7c 24 20       	mov    0x20(%rsp),%rdi
    2d03:	48 8d 3c c7          	lea    (%rdi,%rax,8),%rdi
    2d07:	49 89 e8             	mov    %rbp,%r8
    2d0a:	44 89 e1             	mov    %r12d,%ecx
    2d0d:	48 8b 54 24 18       	mov    0x18(%rsp),%rdx
    2d12:	48 89 de             	mov    %rbx,%rsi
    2d15:	e8 1a da ff ff       	call   734 <ffLDL_fft_inner>
    2d1a:	48 83 c4 10          	add    $0x10,%rsp
    2d1e:	e9 9b fe ff ff       	jmp    2bbe <falcon_sign_set_private_key+0xc90>

0000000000002d23 <falcon_sign_start_external_nonce>:
    2d23:	41 54                	push   %r12
    2d25:	55                   	push   %rbp
    2d26:	53                   	push   %rbx
    2d27:	48 89 fb             	mov    %rdi,%rbx
    2d2a:	48 89 f5             	mov    %rsi,%rbp
    2d2d:	49 89 d4             	mov    %rdx,%r12
    2d30:	be 00 02 00 00       	mov    $0x200,%esi
    2d35:	e8 00 00 00 00       	call   2d3a <falcon_sign_start_external_nonce+0x17>	2d36: R_X86_64_PLT32	shake_init-0x4
    2d3a:	4c 89 e2             	mov    %r12,%rdx
    2d3d:	48 89 ee             	mov    %rbp,%rsi
    2d40:	48 89 df             	mov    %rbx,%rdi
    2d43:	e8 00 00 00 00       	call   2d48 <falcon_sign_start_external_nonce+0x25>	2d44: R_X86_64_PLT32	shake_inject-0x4
    2d48:	5b                   	pop    %rbx
    2d49:	5d                   	pop    %rbp
    2d4a:	41 5c                	pop    %r12
    2d4c:	c3                   	ret

0000000000002d4d <falcon_sign_start>:
    2d4d:	55                   	push   %rbp
    2d4e:	53                   	push   %rbx
    2d4f:	48 83 ec 08          	sub    $0x8,%rsp
    2d53:	48 89 fb             	mov    %rdi,%rbx
    2d56:	48 89 f5             	mov    %rsi,%rbp
    2d59:	e8 5c f1 ff ff       	call   1eba <rng_ready>
    2d5e:	85 c0                	test   %eax,%eax
    2d60:	75 07                	jne    2d69 <falcon_sign_start+0x1c>
    2d62:	48 83 c4 08          	add    $0x8,%rsp
    2d66:	5b                   	pop    %rbx
    2d67:	5d                   	pop    %rbp
    2d68:	c3                   	ret
    2d69:	48 8d bb a0 01 00 00 	lea    0x1a0(%rbx),%rdi
    2d70:	ba 28 00 00 00       	mov    $0x28,%edx
    2d75:	48 89 ee             	mov    %rbp,%rsi
    2d78:	e8 00 00 00 00       	call   2d7d <falcon_sign_start+0x30>	2d79: R_X86_64_PLT32	shake_extract-0x4
    2d7d:	ba 28 00 00 00       	mov    $0x28,%edx
    2d82:	48 89 ee             	mov    %rbp,%rsi
    2d85:	48 89 df             	mov    %rbx,%rdi
    2d88:	e8 00 00 00 00       	call   2d8d <falcon_sign_start+0x40>	2d89: R_X86_64_PLT32	falcon_sign_start_external_nonce-0x4
    2d8d:	b8 01 00 00 00       	mov    $0x1,%eax
    2d92:	eb ce                	jmp    2d62 <falcon_sign_start+0x15>

0000000000002d94 <falcon_sign_update>:
    2d94:	48 83 ec 08          	sub    $0x8,%rsp
    2d98:	e8 00 00 00 00       	call   2d9d <falcon_sign_update+0x9>	2d99: R_X86_64_PLT32	shake_inject-0x4
    2d9d:	48 83 c4 08          	add    $0x8,%rsp
    2da1:	c3                   	ret

0000000000002da2 <falcon_sign_generate>:
    2da2:	41 57                	push   %r15
    2da4:	41 56                	push   %r14
    2da6:	41 55                	push   %r13
    2da8:	41 54                	push   %r12
    2daa:	55                   	push   %rbp
    2dab:	53                   	push   %rbx
    2dac:	48 81 ec f8 6a 00 00 	sub    $0x6af8,%rsp
    2db3:	48 89 7c 24 18       	mov    %rdi,0x18(%rsp)
    2db8:	b8 00 00 00 00       	mov    $0x0,%eax
    2dbd:	48 83 bf 58 03 00 00 00 	cmpq   $0x0,0x358(%rdi)
    2dc5:	0f 84 0d 0b 00 00    	je     38d8 <falcon_sign_generate+0xb36>
    2dcb:	49 89 f4             	mov    %rsi,%r12
    2dce:	48 89 d3             	mov    %rdx,%rbx
    2dd1:	41 89 cd             	mov    %ecx,%r13d
    2dd4:	49 89 ff             	mov    %rdi,%r15
    2dd7:	e8 de f0 ff ff       	call   1eba <rng_ready>
    2ddc:	85 c0                	test   %eax,%eax
    2dde:	0f 84 ef 0a 00 00    	je     38d3 <falcon_sign_generate+0xb31>
    2de4:	48 83 fb 01          	cmp    $0x1,%rbx
    2de8:	0f 86 e5 0a 00 00    	jbe    38d3 <falcon_sign_generate+0xb31>
    2dee:	4c 89 ff             	mov    %r15,%rdi
    2df1:	e8 00 00 00 00       	call   2df6 <falcon_sign_generate+0x54>	2df2: R_X86_64_PLT32	shake_flip-0x4
    2df6:	4c 89 ff             	mov    %r15,%rdi
    2df9:	41 8b 8f 4c 03 00 00 	mov    0x34c(%r15),%ecx
    2e00:	48 8d 94 24 f0 52 00 00 	lea    0x52f0(%rsp),%rdx
    2e08:	41 8b b7 48 03 00 00 	mov    0x348(%r15),%esi
    2e0f:	e8 00 00 00 00       	call   2e14 <falcon_sign_generate+0x72>	2e10: R_X86_64_PLT32	falcon_hash_to_point-0x4
    2e14:	c7 84 24 b8 00 00 00 10 00 00 00 	movl   $0x10,0xb8(%rsp)
    2e1f:	4c 89 a4 24 a8 00 00 00 	mov    %r12,0xa8(%rsp)
    2e27:	48 89 9c 24 b0 00 00 00 	mov    %rbx,0xb0(%rsp)
    2e2f:	44 89 ac 24 bc 00 00 00 	mov    %r13d,0xbc(%rsp)
    2e37:	e9 ba 03 00 00       	jmp    31f6 <falcon_sign_generate+0x454>
    2e3c:	48 8b 44 24 18       	mov    0x18(%rsp),%rax
    2e41:	48 8d b0 a0 01 00 00 	lea    0x1a0(%rax),%rsi
    2e48:	48 8d 9c 24 c0 00 00 00 	lea    0xc0(%rsp),%rbx
    2e50:	ba 00 00 00 00       	mov    $0x0,%edx
    2e55:	48 89 df             	mov    %rbx,%rdi
    2e58:	e8 00 00 00 00       	call   2e5d <falcon_sign_generate+0xbb>	2e59: R_X86_64_PLT32	falcon_prng_init-0x4
    2e5d:	48 89 5c 24 58       	mov    %rbx,0x58(%rsp)
    2e62:	48 8d 05 86 e4 ff ff 	lea    -0x1b7a(%rip),%rax        # 12ef <sampler>
    2e69:	48 89 44 24 50       	mov    %rax,0x50(%rsp)
    2e6e:	e9 cd 03 00 00       	jmp    3240 <falcon_sign_generate+0x49e>
    2e73:	89 ee                	mov    %ebp,%esi
    2e75:	48 89 df             	mov    %rbx,%rdi
    2e78:	e8 00 00 00 00       	call   2e7d <falcon_sign_generate+0xdb>	2e79: R_X86_64_PLT32	falcon_FFT-0x4
    2e7d:	8b 7c 24 48          	mov    0x48(%rsp),%edi
    2e81:	be 00 00 00 00       	mov    $0x0,%esi
    2e86:	e8 00 00 00 00       	call   2e8b <falcon_sign_generate+0xe9>	2e87: R_X86_64_PLT32	fpr_scaled-0x4
    2e8b:	48 89 c6             	mov    %rax,%rsi
    2e8e:	48 bf 00 00 00 00 00 00 f0 3f 	movabs $0x3ff0000000000000,%rdi
    2e98:	e8 00 00 00 00       	call   2e9d <falcon_sign_generate+0xfb>	2e99: R_X86_64_PLT32	fpr_div-0x4
    2e9d:	49 89 c5             	mov    %rax,%r13
    2ea0:	48 8b 54 24 20       	mov    0x20(%rsp),%rdx
    2ea5:	48 89 de             	mov    %rbx,%rsi
    2ea8:	4c 89 e7             	mov    %r12,%rdi
    2eab:	e8 00 00 00 00       	call   2eb0 <falcon_sign_generate+0x10e>	2eac: R_X86_64_PLT32	memcpy-0x4
    2eb0:	89 ea                	mov    %ebp,%edx
    2eb2:	48 8b 74 24 30       	mov    0x30(%rsp),%rsi
    2eb7:	4c 89 e7             	mov    %r12,%rdi
    2eba:	e8 00 00 00 00       	call   2ebf <falcon_sign_generate+0x11d>	2ebb: R_X86_64_PLT32	falcon_poly_mul_fft-0x4
    2ebf:	48 b8 00 00 00 00 00 00 00 80 	movabs $0x8000000000000000,%rax
    2ec9:	4c 31 e8             	xor    %r13,%rax
    2ecc:	48 89 c6             	mov    %rax,%rsi
    2ecf:	89 ea                	mov    %ebp,%edx
    2ed1:	4c 89 e7             	mov    %r12,%rdi
    2ed4:	e8 00 00 00 00       	call   2ed9 <falcon_sign_generate+0x137>	2ed5: R_X86_64_PLT32	falcon_poly_mulconst-0x4
    2ed9:	89 ea                	mov    %ebp,%edx
    2edb:	48 8b 74 24 38       	mov    0x38(%rsp),%rsi
    2ee0:	48 89 df             	mov    %rbx,%rdi
    2ee3:	e8 00 00 00 00       	call   2ee8 <falcon_sign_generate+0x146>	2ee4: R_X86_64_PLT32	falcon_poly_mul_fft-0x4
    2ee8:	89 ea                	mov    %ebp,%edx
    2eea:	4c 89 ee             	mov    %r13,%rsi
    2eed:	48 89 df             	mov    %rbx,%rdi
    2ef0:	e8 00 00 00 00       	call   2ef5 <falcon_sign_generate+0x153>	2ef1: R_X86_64_PLT32	falcon_poly_mulconst-0x4
    2ef5:	48 83 ec 08          	sub    $0x8,%rsp
    2ef9:	ff 74 24 30          	push   0x30(%rsp)
    2efd:	55                   	push   %rbp
    2efe:	41 54                	push   %r12
    2f00:	49 89 d9             	mov    %rbx,%r9
    2f03:	4c 8b 44 24 60       	mov    0x60(%rsp),%r8
    2f08:	4c 8b 74 24 30       	mov    0x30(%rsp),%r14
    2f0d:	4c 89 f1             	mov    %r14,%rcx
    2f10:	48 8b 54 24 28       	mov    0x28(%rsp),%rdx
    2f15:	48 8b 74 24 78       	mov    0x78(%rsp),%rsi
    2f1a:	48 8b 7c 24 70       	mov    0x70(%rsp),%rdi
    2f1f:	e8 6a df ff ff       	call   e8e <ffSampling_fft>
    2f24:	48 83 c4 20          	add    $0x20,%rsp
    2f28:	4c 8b 6c 24 20       	mov    0x20(%rsp),%r13
    2f2d:	4c 89 ea             	mov    %r13,%rdx
    2f30:	48 8b 74 24 08       	mov    0x8(%rsp),%rsi
    2f35:	48 89 df             	mov    %rbx,%rdi
    2f38:	e8 00 00 00 00       	call   2f3d <falcon_sign_generate+0x19b>	2f39: R_X86_64_PLT32	memcpy-0x4
    2f3d:	4c 89 ea             	mov    %r13,%rdx
    2f40:	4c 89 f6             	mov    %r14,%rsi
    2f43:	4c 89 e7             	mov    %r12,%rdi
    2f46:	e8 00 00 00 00       	call   2f4b <falcon_sign_generate+0x1a9>	2f47: R_X86_64_PLT32	memcpy-0x4
    2f4b:	89 ea                	mov    %ebp,%edx
    2f4d:	48 8b 74 24 70       	mov    0x70(%rsp),%rsi
    2f52:	48 8b 7c 24 08       	mov    0x8(%rsp),%rdi
    2f57:	e8 00 00 00 00       	call   2f5c <falcon_sign_generate+0x1ba>	2f58: R_X86_64_PLT32	falcon_poly_mul_fft-0x4
    2f5c:	89 ea                	mov    %ebp,%edx
    2f5e:	48 8b 74 24 78       	mov    0x78(%rsp),%rsi
    2f63:	4c 89 f7             	mov    %r14,%rdi
    2f66:	e8 00 00 00 00       	call   2f6b <falcon_sign_generate+0x1c9>	2f67: R_X86_64_PLT32	falcon_poly_mul_fft-0x4
    2f6b:	89 ea                	mov    %ebp,%edx
    2f6d:	4c 89 f6             	mov    %r14,%rsi
    2f70:	48 8b 7c 24 08       	mov    0x8(%rsp),%rdi
    2f75:	e8 00 00 00 00       	call   2f7a <falcon_sign_generate+0x1d8>	2f76: R_X86_64_PLT32	falcon_poly_add-0x4
    2f7a:	4c 89 ea             	mov    %r13,%rdx
    2f7d:	48 89 de             	mov    %rbx,%rsi
    2f80:	4c 89 f7             	mov    %r14,%rdi
    2f83:	e8 00 00 00 00       	call   2f88 <falcon_sign_generate+0x1e6>	2f84: R_X86_64_PLT32	memcpy-0x4
    2f88:	89 ea                	mov    %ebp,%edx
    2f8a:	48 8b 74 24 30       	mov    0x30(%rsp),%rsi
    2f8f:	4c 89 f7             	mov    %r14,%rdi
    2f92:	e8 00 00 00 00       	call   2f97 <falcon_sign_generate+0x1f5>	2f93: R_X86_64_PLT32	falcon_poly_mul_fft-0x4
    2f97:	4c 89 ea             	mov    %r13,%rdx
    2f9a:	48 8b 74 24 08       	mov    0x8(%rsp),%rsi
    2f9f:	48 89 df             	mov    %rbx,%rdi
    2fa2:	e8 00 00 00 00       	call   2fa7 <falcon_sign_generate+0x205>	2fa3: R_X86_64_PLT32	memcpy-0x4
    2fa7:	89 ea                	mov    %ebp,%edx
    2fa9:	48 8b 74 24 38       	mov    0x38(%rsp),%rsi
    2fae:	4c 89 e7             	mov    %r12,%rdi
    2fb1:	e8 00 00 00 00       	call   2fb6 <falcon_sign_generate+0x214>	2fb2: R_X86_64_PLT32	falcon_poly_mul_fft-0x4
    2fb6:	89 ea                	mov    %ebp,%edx
    2fb8:	4c 89 f6             	mov    %r14,%rsi
    2fbb:	4c 89 e7             	mov    %r12,%rdi
    2fbe:	e8 00 00 00 00       	call   2fc3 <falcon_sign_generate+0x221>	2fbf: R_X86_64_PLT32	falcon_poly_add-0x4
    2fc3:	89 ee                	mov    %ebp,%esi
    2fc5:	48 89 df             	mov    %rbx,%rdi
    2fc8:	e8 00 00 00 00       	call   2fcd <falcon_sign_generate+0x22b>	2fc9: R_X86_64_PLT32	falcon_iFFT-0x4
    2fcd:	89 ee                	mov    %ebp,%esi
    2fcf:	4c 89 e7             	mov    %r12,%rdi
    2fd2:	e8 00 00 00 00       	call   2fd7 <falcon_sign_generate+0x235>	2fd3: R_X86_64_PLT32	falcon_iFFT-0x4
    2fd7:	4d 85 ff             	test   %r15,%r15
    2fda:	0f 84 c3 01 00 00    	je     31a3 <falcon_sign_generate+0x401>
    2fe0:	be 00 00 00 00       	mov    $0x0,%esi
    2fe5:	49 bd 00 00 00 00 00 00 00 40 	movabs $0x4000000000000000,%r13
    2fef:	bd 3d 04 00 00       	mov    $0x43d,%ebp
    2ff4:	41 bb fd 03 00 00    	mov    $0x3fd,%r11d
    2ffa:	41 ba 3f 00 00 00    	mov    $0x3f,%r10d
    3000:	48 8b 14 f3          	mov    (%rbx,%rsi,8),%rdx
    3004:	48 89 d1             	mov    %rdx,%rcx
    3007:	48 c1 e1 0a          	shl    $0xa,%rcx
    300b:	48 b8 ff ff ff ff ff ff ff 3f 	movabs $0x3fffffffffffffff,%rax
    3015:	48 21 c1             	and    %rax,%rcx
    3018:	4c 09 e9             	or     %r13,%rcx
    301b:	48 89 d7             	mov    %rdx,%rdi
    301e:	48 c1 ef 34          	shr    $0x34,%rdi
    3022:	81 e7 ff 07 00 00    	and    $0x7ff,%edi
    3028:	41 89 ee             	mov    %ebp,%r14d
    302b:	41 29 fe             	sub    %edi,%r14d
    302e:	45 89 d9             	mov    %r11d,%r9d
    3031:	41 29 f9             	sub    %edi,%r9d
    3034:	44 89 c8             	mov    %r9d,%eax
    3037:	c1 e8 1f             	shr    $0x1f,%eax
    303a:	89 c0                	mov    %eax,%eax
    303c:	48 f7 d8             	neg    %rax
    303f:	48 21 c8             	and    %rcx,%rax
    3042:	45 89 f0             	mov    %r14d,%r8d
    3045:	41 83 e0 3f          	and    $0x3f,%r8d
    3049:	44 89 d1             	mov    %r10d,%ecx
    304c:	44 29 c1             	sub    %r8d,%ecx
    304f:	48 89 c7             	mov    %rax,%rdi
    3052:	48 c1 e7 20          	shl    $0x20,%rdi
    3056:	f6 c1 20             	test   $0x20,%cl
    3059:	48 0f 44 f8          	cmove  %rax,%rdi
    305d:	83 e1 1f             	and    $0x1f,%ecx
    3060:	48 d3 e7             	shl    %cl,%rdi
    3063:	49 89 f9             	mov    %rdi,%r9
    3066:	49 c1 e9 20          	shr    $0x20,%r9
    306a:	41 81 e1 ff ff ff 1f 	and    $0x1fffffff,%r9d
    3071:	41 09 f9             	or     %edi,%r9d
    3074:	48 89 c1             	mov    %rax,%rcx
    3077:	48 c1 e9 20          	shr    $0x20,%rcx
    307b:	41 c1 e8 05          	shr    $0x5,%r8d
    307f:	49 89 c0             	mov    %rax,%r8
    3082:	4c 0f 45 c1          	cmovne %rcx,%r8
    3086:	44 89 f1             	mov    %r14d,%ecx
    3089:	83 e1 1f             	and    $0x1f,%ecx
    308c:	49 d3 e8             	shr    %cl,%r8
    308f:	44 89 c9             	mov    %r9d,%ecx
    3092:	f7 d9                	neg    %ecx
    3094:	44 09 c9             	or     %r9d,%ecx
    3097:	c1 e9 1f             	shr    $0x1f,%ecx
    309a:	48 c1 ef 3d          	shr    $0x3d,%rdi
    309e:	09 f9                	or     %edi,%ecx
    30a0:	bf c8 00 00 00       	mov    $0xc8,%edi
    30a5:	d3 ef                	shr    %cl,%edi
    30a7:	89 f8                	mov    %edi,%eax
    30a9:	83 e0 01             	and    $0x1,%eax
    30ac:	4c 01 c0             	add    %r8,%rax
    30af:	48 89 d1             	mov    %rdx,%rcx
    30b2:	48 c1 f9 3f          	sar    $0x3f,%rcx
    30b6:	48 31 c8             	xor    %rcx,%rax
    30b9:	48 c1 ea 3f          	shr    $0x3f,%rdx
    30bd:	48 01 d0             	add    %rdx,%rax
    30c0:	0f b7 94 74 f0 52 00 00 	movzwl 0x52f0(%rsp,%rsi,2),%edx
    30c8:	29 c2                	sub    %eax,%edx
    30ca:	66 89 94 74 f0 3a 00 00 	mov    %dx,0x3af0(%rsp,%rsi,2)
    30d2:	49 8b 14 f4          	mov    (%r12,%rsi,8),%rdx
    30d6:	48 89 d1             	mov    %rdx,%rcx
    30d9:	48 c1 e1 0a          	shl    $0xa,%rcx
    30dd:	48 b8 ff ff ff ff ff ff ff 3f 	movabs $0x3fffffffffffffff,%rax
    30e7:	48 21 c1             	and    %rax,%rcx
    30ea:	4c 09 e9             	or     %r13,%rcx
    30ed:	48 89 d7             	mov    %rdx,%rdi
    30f0:	48 c1 ef 34          	shr    $0x34,%rdi
    30f4:	81 e7 ff 07 00 00    	and    $0x7ff,%edi
    30fa:	41 89 ee             	mov    %ebp,%r14d
    30fd:	41 29 fe             	sub    %edi,%r14d
    3100:	44 89 d8             	mov    %r11d,%eax
    3103:	29 f8                	sub    %edi,%eax
    3105:	c1 e8 1f             	shr    $0x1f,%eax
    3108:	89 c0                	mov    %eax,%eax
    310a:	48 f7 d8             	neg    %rax
    310d:	48 21 c8             	and    %rcx,%rax
    3110:	45 89 f0             	mov    %r14d,%r8d
    3113:	41 83 e0 3f          	and    $0x3f,%r8d
    3117:	44 89 d1             	mov    %r10d,%ecx
    311a:	44 29 c1             	sub    %r8d,%ecx
    311d:	48 89 c7             	mov    %rax,%rdi
    3120:	48 c1 e7 20          	shl    $0x20,%rdi
    3124:	f6 c1 20             	test   $0x20,%cl
    3127:	48 0f 44 f8          	cmove  %rax,%rdi
    312b:	83 e1 1f             	and    $0x1f,%ecx
    312e:	48 d3 e7             	shl    %cl,%rdi
    3131:	49 89 f9             	mov    %rdi,%r9
    3134:	49 c1 e9 20          	shr    $0x20,%r9
    3138:	41 81 e1 ff ff ff 1f 	and    $0x1fffffff,%r9d
    313f:	41 09 f9             	or     %edi,%r9d
    3142:	48 89 c1             	mov    %rax,%rcx
    3145:	48 c1 e9 20          	shr    $0x20,%rcx
    3149:	41 c1 e8 05          	shr    $0x5,%r8d
    314d:	48 0f 45 c1          	cmovne %rcx,%rax
    3151:	49 89 c0             	mov    %rax,%r8
    3154:	44 89 f1             	mov    %r14d,%ecx
    3157:	83 e1 1f             	and    $0x1f,%ecx
    315a:	49 d3 e8             	shr    %cl,%r8
    315d:	44 89 c9             	mov    %r9d,%ecx
    3160:	f7 d9                	neg    %ecx
    3162:	44 09 c9             	or     %r9d,%ecx
    3165:	c1 e9 1f             	shr    $0x1f,%ecx
    3168:	48 c1 ef 3d          	shr    $0x3d,%rdi
    316c:	09 f9                	or     %edi,%ecx
    316e:	b8 c8 00 00 00       	mov    $0xc8,%eax
    3173:	d3 e8                	shr    %cl,%eax
    3175:	83 e0 01             	and    $0x1,%eax
    3178:	4c 01 c0             	add    %r8,%rax
    317b:	48 89 d1             	mov    %rdx,%rcx
    317e:	48 c1 f9 3f          	sar    $0x3f,%rcx
    3182:	48 31 c8             	xor    %rcx,%rax
    3185:	48 c1 ea 3f          	shr    $0x3f,%rdx
    3189:	48 01 d0             	add    %rdx,%rax
    318c:	f7 d8                	neg    %eax
    318e:	66 89 84 74 f0 22 00 00 	mov    %ax,0x22f0(%rsp,%rsi,2)
    3196:	48 83 c6 01          	add    $0x1,%rsi
    319a:	49 39 f7             	cmp    %rsi,%r15
    319d:	0f 85 5d fe ff ff    	jne    3000 <falcon_sign_generate+0x25e>
    31a3:	48 8b 44 24 18       	mov    0x18(%rsp),%rax
    31a8:	8b 88 50 03 00 00    	mov    0x350(%rax),%ecx
    31ae:	85 c9                	test   %ecx,%ecx
    31b0:	74 0e                	je     31c0 <falcon_sign_generate+0x41e>
    31b2:	83 bc 24 e0 22 00 00 00 	cmpl   $0x0,0x22e0(%rsp)
    31ba:	0f 85 a0 06 00 00    	jne    3860 <falcon_sign_generate+0xabe>
    31c0:	48 8b 44 24 18       	mov    0x18(%rsp),%rax
    31c5:	8b 90 4c 03 00 00    	mov    0x34c(%rax),%edx
    31cb:	48 8d b4 24 f0 22 00 00 	lea    0x22f0(%rsp),%rsi
    31d3:	48 8d bc 24 f0 3a 00 00 	lea    0x3af0(%rsp),%rdi
    31db:	e8 00 00 00 00       	call   31e0 <falcon_sign_generate+0x43e>	31dc: R_X86_64_PLT32	falcon_is_short-0x4
    31e0:	85 c0                	test   %eax,%eax
    31e2:	0f 85 7f 06 00 00    	jne    3867 <falcon_sign_generate+0xac5>
    31e8:	83 ac 24 b8 00 00 00 01 	subl   $0x1,0xb8(%rsp)
    31f0:	0f 84 6a 06 00 00    	je     3860 <falcon_sign_generate+0xabe>
    31f6:	48 8b 44 24 18       	mov    0x18(%rsp),%rax
    31fb:	83 b8 50 03 00 00 00 	cmpl   $0x0,0x350(%rax)
    3202:	0f 84 34 fc ff ff    	je     2e3c <falcon_sign_generate+0x9a>
    3208:	48 8d b0 a0 01 00 00 	lea    0x1a0(%rax),%rsi
    320f:	48 8d 9c 24 d0 11 00 00 	lea    0x11d0(%rsp),%rbx
    3217:	ba 00 00 00 00       	mov    $0x0,%edx
    321c:	48 89 df             	mov    %rbx,%rdi
    321f:	e8 00 00 00 00       	call   3224 <falcon_sign_generate+0x482>	3220: R_X86_64_PLT32	falcon_prng_init-0x4
    3224:	c7 84 24 e0 22 00 00 00 00 00 00 	movl   $0x0,0x22e0(%rsp)
    322f:	48 89 5c 24 58       	mov    %rbx,0x58(%rsp)
    3234:	48 8d 05 9f e6 ff ff 	lea    -0x1961(%rip),%rax        # 18da <sampler_large>
    323b:	48 89 44 24 50       	mov    %rax,0x50(%rsp)
    3240:	48 8b 44 24 18       	mov    0x18(%rsp),%rax
    3245:	48 8b 98 68 03 00 00 	mov    0x368(%rax),%rbx
    324c:	8b 90 50 03 00 00    	mov    0x350(%rax),%edx
    3252:	8b a8 4c 03 00 00    	mov    0x34c(%rax),%ebp
    3258:	48 8b b0 58 03 00 00 	mov    0x358(%rax),%rsi
    325f:	48 89 74 24 70       	mov    %rsi,0x70(%rsp)
    3264:	8b 80 48 03 00 00    	mov    0x348(%rax),%eax
    326a:	89 44 24 48          	mov    %eax,0x48(%rsp)
    326e:	8d 44 12 01          	lea    0x1(%rdx,%rdx,1),%eax
    3272:	89 e9                	mov    %ebp,%ecx
    3274:	29 d1                	sub    %edx,%ecx
    3276:	48 d3 e0             	shl    %cl,%rax
    3279:	49 89 c7             	mov    %rax,%r15
    327c:	48 8d 04 c5 00 00 00 00 	lea    0x0(,%rax,8),%rax
    3284:	48 89 44 24 20       	mov    %rax,0x20(%rsp)
    3289:	4c 8d 24 03          	lea    (%rbx,%rax,1),%r12
    328d:	49 8d 3c 04          	lea    (%r12,%rax,1),%rdi
    3291:	48 89 7c 24 08       	mov    %rdi,0x8(%rsp)
    3296:	48 01 c7             	add    %rax,%rdi
    3299:	48 89 7c 24 10       	mov    %rdi,0x10(%rsp)
    329e:	48 01 c7             	add    %rax,%rdi
    32a1:	48 89 7c 24 28       	mov    %rdi,0x28(%rsp)
    32a6:	48 01 c6             	add    %rax,%rsi
    32a9:	48 89 74 24 30       	mov    %rsi,0x30(%rsp)
    32ae:	48 01 c6             	add    %rax,%rsi
    32b1:	48 89 74 24 78       	mov    %rsi,0x78(%rsp)
    32b6:	48 01 c6             	add    %rax,%rsi
    32b9:	48 89 74 24 38       	mov    %rsi,0x38(%rsp)
    32be:	48 01 f0             	add    %rsi,%rax
    32c1:	48 89 44 24 40       	mov    %rax,0x40(%rsp)
    32c6:	4d 85 ff             	test   %r15,%r15
    32c9:	74 32                	je     32fd <falcon_sign_generate+0x55b>
    32cb:	41 bd 00 00 00 00    	mov    $0x0,%r13d
    32d1:	4c 8d b4 24 f0 52 00 00 	lea    0x52f0(%rsp),%r14
    32d9:	89 54 24 60          	mov    %edx,0x60(%rsp)
    32dd:	43 0f b7 3c 6e       	movzwl (%r14,%r13,2),%edi
    32e2:	be 00 00 00 00       	mov    $0x0,%esi
    32e7:	e8 00 00 00 00       	call   32ec <falcon_sign_generate+0x54a>	32e8: R_X86_64_PLT32	fpr_scaled-0x4
    32ec:	4a 89 04 eb          	mov    %rax,(%rbx,%r13,8)
    32f0:	49 83 c5 01          	add    $0x1,%r13
    32f4:	4d 39 ef             	cmp    %r13,%r15
    32f7:	75 e4                	jne    32dd <falcon_sign_generate+0x53b>
    32f9:	8b 54 24 60          	mov    0x60(%rsp),%edx
    32fd:	85 d2                	test   %edx,%edx
    32ff:	0f 84 6e fb ff ff    	je     2e73 <falcon_sign_generate+0xd1>
    3305:	ba 01 00 00 00       	mov    $0x1,%edx
    330a:	89 ee                	mov    %ebp,%esi
    330c:	48 89 df             	mov    %rbx,%rdi
    330f:	e8 00 00 00 00       	call   3314 <falcon_sign_generate+0x572>	3310: R_X86_64_PLT32	falcon_FFT3-0x4
    3314:	8b 7c 24 48          	mov    0x48(%rsp),%edi
    3318:	be 00 00 00 00       	mov    $0x0,%esi
    331d:	e8 00 00 00 00       	call   3322 <falcon_sign_generate+0x580>	331e: R_X86_64_PLT32	fpr_scaled-0x4
    3322:	48 89 c6             	mov    %rax,%rsi
    3325:	48 bf 00 00 00 00 00 00 f0 3f 	movabs $0x3ff0000000000000,%rdi
    332f:	e8 00 00 00 00       	call   3334 <falcon_sign_generate+0x592>	3330: R_X86_64_PLT32	fpr_div-0x4
    3334:	49 89 c5             	mov    %rax,%r13
    3337:	48 8b 54 24 20       	mov    0x20(%rsp),%rdx
    333c:	48 89 de             	mov    %rbx,%rsi
    333f:	4c 89 e7             	mov    %r12,%rdi
    3342:	e8 00 00 00 00       	call   3347 <falcon_sign_generate+0x5a5>	3343: R_X86_64_PLT32	memcpy-0x4
    3347:	b9 01 00 00 00       	mov    $0x1,%ecx
    334c:	89 ea                	mov    %ebp,%edx
    334e:	48 8b 74 24 30       	mov    0x30(%rsp),%rsi
    3353:	4c 89 e7             	mov    %r12,%rdi
    3356:	e8 00 00 00 00       	call   335b <falcon_sign_generate+0x5b9>	3357: R_X86_64_PLT32	falcon_poly_mul_fft3-0x4
    335b:	48 b8 00 00 00 00 00 00 00 80 	movabs $0x8000000000000000,%rax
    3365:	4c 31 e8             	xor    %r13,%rax
    3368:	48 89 c6             	mov    %rax,%rsi
    336b:	b9 01 00 00 00       	mov    $0x1,%ecx
    3370:	89 ea                	mov    %ebp,%edx
    3372:	4c 89 e7             	mov    %r12,%rdi
    3375:	e8 00 00 00 00       	call   337a <falcon_sign_generate+0x5d8>	3376: R_X86_64_PLT32	falcon_poly_mulconst3-0x4
    337a:	b9 01 00 00 00       	mov    $0x1,%ecx
    337f:	89 ea                	mov    %ebp,%edx
    3381:	48 8b 74 24 38       	mov    0x38(%rsp),%rsi
    3386:	48 89 df             	mov    %rbx,%rdi
    3389:	e8 00 00 00 00       	call   338e <falcon_sign_generate+0x5ec>	338a: R_X86_64_PLT32	falcon_poly_mul_fft3-0x4
    338e:	b9 01 00 00 00       	mov    $0x1,%ecx
    3393:	89 ea                	mov    %ebp,%edx
    3395:	4c 89 ee             	mov    %r13,%rsi
    3398:	48 89 df             	mov    %rbx,%rdi
    339b:	e8 00 00 00 00       	call   33a0 <falcon_sign_generate+0x5fe>	339c: R_X86_64_PLT32	falcon_poly_mulconst3-0x4
    33a0:	8d 7d ff             	lea    -0x1(%rbp),%edi
    33a3:	b8 18 00 00 00       	mov    $0x18,%eax
    33a8:	89 f9                	mov    %edi,%ecx
    33aa:	48 d3 e0             	shl    %cl,%rax
    33ad:	4c 8b 5c 24 40       	mov    0x40(%rsp),%r11
    33b2:	48 89 44 24 60       	mov    %rax,0x60(%rsp)
    33b7:	4d 8d 14 03          	lea    (%r11,%rax,1),%r10
    33bb:	8d 45 01             	lea    0x1(%rbp),%eax
    33be:	8d 4d fe             	lea    -0x2(%rbp),%ecx
    33c1:	d3 e0                	shl    %cl,%eax
    33c3:	8d 04 40             	lea    (%rax,%rax,2),%eax
    33c6:	4c 89 94 24 88 00 00 00 	mov    %r10,0x88(%rsp)
    33ce:	4d 8d 34 c2          	lea    (%r10,%rax,8),%r14
    33d2:	4c 89 b4 24 a0 00 00 00 	mov    %r14,0xa0(%rsp)
    33da:	41 bd 08 00 00 00    	mov    $0x8,%r13d
    33e0:	89 bc 24 84 00 00 00 	mov    %edi,0x84(%rsp)
    33e7:	0f b6 8c 24 84 00 00 00 	movzbl 0x84(%rsp),%ecx
    33ef:	49 d3 e5             	shl    %cl,%r13
    33f2:	48 8b 44 24 28       	mov    0x28(%rsp),%rax
    33f7:	4a 8d 3c 28          	lea    (%rax,%r13,1),%rdi
    33fb:	48 89 7c 24 48       	mov    %rdi,0x48(%rsp)
    3400:	4e 8d 1c 2f          	lea    (%rdi,%r13,1),%r11
    3404:	4c 89 5c 24 68       	mov    %r11,0x68(%rsp)
    3409:	48 8b 7c 24 10       	mov    0x10(%rsp),%rdi
    340e:	4e 8d 34 2f          	lea    (%rdi,%r13,1),%r14
    3412:	4f 8d 04 2e          	lea    (%r14,%r13,1),%r8
    3416:	4c 89 c2             	mov    %r8,%rdx
    3419:	41 89 e8             	mov    %ebp,%r8d
    341c:	4c 89 e1             	mov    %r12,%rcx
    341f:	48 89 94 24 90 00 00 00 	mov    %rdx,0x90(%rsp)
    3427:	4c 89 f6             	mov    %r14,%rsi
    342a:	e8 00 00 00 00       	call   342f <falcon_sign_generate+0x68d>	342b: R_X86_64_PLT32	falcon_poly_split_top_fft3-0x4
    342f:	48 8b 44 24 28       	mov    0x28(%rsp),%rax
    3434:	48 8b 4c 24 60       	mov    0x60(%rsp),%rcx
    3439:	4c 8d 04 08          	lea    (%rax,%rcx,1),%r8
    343d:	48 83 ec 08          	sub    $0x8,%rsp
    3441:	4c 89 84 24 a0 00 00 00 	mov    %r8,0xa0(%rsp)
    3449:	41 50                	push   %r8
    344b:	44 8b 94 24 94 00 00 00 	mov    0x94(%rsp),%r10d
    3453:	41 52                	push   %r10
    3455:	ff b4 24 a8 00 00 00 	push   0xa8(%rsp)
    345c:	41 56                	push   %r14
    345e:	ff 74 24 38          	push   0x38(%rsp)
    3462:	4c 8b 8c 24 d0 00 00 00 	mov    0xd0(%rsp),%r9
    346a:	4c 8b 84 24 98 00 00 00 	mov    0x98(%rsp),%r8
    3472:	48 8b 4c 24 78       	mov    0x78(%rsp),%rcx
    3477:	49 89 c6             	mov    %rax,%r14
    347a:	48 89 c2             	mov    %rax,%rdx
    347d:	48 8b b4 24 88 00 00 00 	mov    0x88(%rsp),%rsi
    3485:	48 8b bc 24 80 00 00 00 	mov    0x80(%rsp),%rdi
    348d:	e8 93 d6 ff ff       	call   b25 <ffSampling_depth1_fft3>
    3492:	48 83 c4 30          	add    $0x30,%rsp
    3496:	41 89 e8             	mov    %ebp,%r8d
    3499:	48 8b 4c 24 68       	mov    0x68(%rsp),%rcx
    349e:	48 8b 54 24 48       	mov    0x48(%rsp),%rdx
    34a3:	4c 89 f6             	mov    %r14,%rsi
    34a6:	48 8b 7c 24 10       	mov    0x10(%rsp),%rdi
    34ab:	e8 00 00 00 00       	call   34b0 <falcon_sign_generate+0x70e>	34ac: R_X86_64_PLT32	falcon_poly_merge_top_fft3-0x4
    34b0:	48 8b 54 24 60       	mov    0x60(%rsp),%rdx
    34b5:	48 8b 74 24 10       	mov    0x10(%rsp),%rsi
    34ba:	4c 89 f7             	mov    %r14,%rdi
    34bd:	e8 00 00 00 00       	call   34c2 <falcon_sign_generate+0x720>	34be: R_X86_64_PLT32	memcpy-0x4
    34c2:	b9 01 00 00 00       	mov    $0x1,%ecx
    34c7:	89 ea                	mov    %ebp,%edx
    34c9:	48 8b 74 24 40       	mov    0x40(%rsp),%rsi
    34ce:	4c 89 f7             	mov    %r14,%rdi
    34d1:	e8 00 00 00 00       	call   34d6 <falcon_sign_generate+0x734>	34d2: R_X86_64_PLT32	falcon_poly_mul_fft3-0x4
    34d6:	b9 01 00 00 00       	mov    $0x1,%ecx
    34db:	89 ea                	mov    %ebp,%edx
    34dd:	48 89 de             	mov    %rbx,%rsi
    34e0:	4c 89 74 24 28       	mov    %r14,0x28(%rsp)
    34e5:	4c 89 f7             	mov    %r14,%rdi
    34e8:	e8 00 00 00 00       	call   34ed <falcon_sign_generate+0x74b>	34e9: R_X86_64_PLT32	falcon_poly_add3-0x4
    34ed:	48 8b 44 24 08       	mov    0x8(%rsp),%rax
    34f2:	4e 8d 34 28          	lea    (%rax,%r13,1),%r14
    34f6:	4d 01 f5             	add    %r14,%r13
    34f9:	41 89 e8             	mov    %ebp,%r8d
    34fc:	48 8b 4c 24 28       	mov    0x28(%rsp),%rcx
    3501:	4c 89 ea             	mov    %r13,%rdx
    3504:	4c 89 f6             	mov    %r14,%rsi
    3507:	48 89 c7             	mov    %rax,%rdi
    350a:	e8 00 00 00 00       	call   350f <falcon_sign_generate+0x76d>	350b: R_X86_64_PLT32	falcon_poly_split_top_fft3-0x4
    350f:	48 83 ec 08          	sub    $0x8,%rsp
    3513:	ff b4 24 a0 00 00 00 	push   0xa0(%rsp)
    351a:	44 8b 94 24 94 00 00 00 	mov    0x94(%rsp),%r10d
    3522:	41 52                	push   %r10
    3524:	41 55                	push   %r13
    3526:	41 56                	push   %r14
    3528:	4c 8b 6c 24 30       	mov    0x30(%rsp),%r13
    352d:	41 55                	push   %r13
    352f:	4c 8b 8c 24 b8 00 00 00 	mov    0xb8(%rsp),%r9
    3537:	4c 8b 84 24 98 00 00 00 	mov    0x98(%rsp),%r8
    353f:	48 8b 4c 24 78       	mov    0x78(%rsp),%rcx
    3544:	4c 8b 74 24 58       	mov    0x58(%rsp),%r14
    3549:	4c 89 f2             	mov    %r14,%rdx
    354c:	48 8b b4 24 88 00 00 00 	mov    0x88(%rsp),%rsi
    3554:	48 8b bc 24 80 00 00 00 	mov    0x80(%rsp),%rdi
    355c:	e8 c4 d5 ff ff       	call   b25 <ffSampling_depth1_fft3>
    3561:	48 83 c4 30          	add    $0x30,%rsp
    3565:	41 89 e8             	mov    %ebp,%r8d
    3568:	48 8b 4c 24 68       	mov    0x68(%rsp),%rcx
    356d:	48 8b 54 24 48       	mov    0x48(%rsp),%rdx
    3572:	4c 89 f6             	mov    %r14,%rsi
    3575:	4c 89 6c 24 08       	mov    %r13,0x8(%rsp)
    357a:	4c 89 ef             	mov    %r13,%rdi
    357d:	e8 00 00 00 00       	call   3582 <falcon_sign_generate+0x7e0>	357e: R_X86_64_PLT32	falcon_poly_merge_top_fft3-0x4
    3582:	48 8b 54 24 60       	mov    0x60(%rsp),%rdx
    3587:	4c 8b 6c 24 10       	mov    0x10(%rsp),%r13
    358c:	4c 89 ee             	mov    %r13,%rsi
    358f:	4c 89 f7             	mov    %r14,%rdi
    3592:	e8 00 00 00 00       	call   3597 <falcon_sign_generate+0x7f5>	3593: R_X86_64_PLT32	memcpy-0x4
    3597:	b9 01 00 00 00       	mov    $0x1,%ecx
    359c:	89 ea                	mov    %ebp,%edx
    359e:	48 8b 74 24 40       	mov    0x40(%rsp),%rsi
    35a3:	4c 89 f7             	mov    %r14,%rdi
    35a6:	e8 00 00 00 00       	call   35ab <falcon_sign_generate+0x809>	35a7: R_X86_64_PLT32	falcon_poly_mul_fft3-0x4
    35ab:	b9 01 00 00 00       	mov    $0x1,%ecx
    35b0:	89 ea                	mov    %ebp,%edx
    35b2:	4c 89 f6             	mov    %r14,%rsi
    35b5:	4c 8b 74 24 08       	mov    0x8(%rsp),%r14
    35ba:	4c 89 f7             	mov    %r14,%rdi
    35bd:	e8 00 00 00 00       	call   35c2 <falcon_sign_generate+0x820>	35be: R_X86_64_PLT32	falcon_poly_sub3-0x4
    35c2:	48 8b 54 24 20       	mov    0x20(%rsp),%rdx
    35c7:	4c 89 f6             	mov    %r14,%rsi
    35ca:	48 89 df             	mov    %rbx,%rdi
    35cd:	e8 00 00 00 00       	call   35d2 <falcon_sign_generate+0x830>	35ce: R_X86_64_PLT32	memcpy-0x4
    35d2:	48 8b 54 24 20       	mov    0x20(%rsp),%rdx
    35d7:	4c 89 ee             	mov    %r13,%rsi
    35da:	4c 89 e7             	mov    %r12,%rdi
    35dd:	e8 00 00 00 00       	call   35e2 <falcon_sign_generate+0x840>	35de: R_X86_64_PLT32	memcpy-0x4
    35e2:	b9 01 00 00 00       	mov    $0x1,%ecx
    35e7:	89 ea                	mov    %ebp,%edx
    35e9:	48 8b 74 24 70       	mov    0x70(%rsp),%rsi
    35ee:	4c 89 f7             	mov    %r14,%rdi
    35f1:	e8 00 00 00 00       	call   35f6 <falcon_sign_generate+0x854>	35f2: R_X86_64_PLT32	falcon_poly_mul_fft3-0x4
    35f6:	b9 01 00 00 00       	mov    $0x1,%ecx
    35fb:	89 ea                	mov    %ebp,%edx
    35fd:	48 8b 74 24 78       	mov    0x78(%rsp),%rsi
    3602:	4c 89 ef             	mov    %r13,%rdi
    3605:	e8 00 00 00 00       	call   360a <falcon_sign_generate+0x868>	3606: R_X86_64_PLT32	falcon_poly_mul_fft3-0x4
    360a:	b9 01 00 00 00       	mov    $0x1,%ecx
    360f:	89 ea                	mov    %ebp,%edx
    3611:	4c 89 ee             	mov    %r13,%rsi
    3614:	4c 89 74 24 08       	mov    %r14,0x8(%rsp)
    3619:	4c 89 f7             	mov    %r14,%rdi
    361c:	e8 00 00 00 00       	call   3621 <falcon_sign_generate+0x87f>	361d: R_X86_64_PLT32	falcon_poly_add3-0x4
    3621:	48 8b 54 24 20       	mov    0x20(%rsp),%rdx
    3626:	48 89 de             	mov    %rbx,%rsi
    3629:	4c 89 ef             	mov    %r13,%rdi
    362c:	e8 00 00 00 00       	call   3631 <falcon_sign_generate+0x88f>	362d: R_X86_64_PLT32	memcpy-0x4
    3631:	b9 01 00 00 00       	mov    $0x1,%ecx
    3636:	89 ea                	mov    %ebp,%edx
    3638:	48 8b 74 24 30       	mov    0x30(%rsp),%rsi
    363d:	4c 89 ef             	mov    %r13,%rdi
    3640:	e8 00 00 00 00       	call   3645 <falcon_sign_generate+0x8a3>	3641: R_X86_64_PLT32	falcon_poly_mul_fft3-0x4
    3645:	48 8b 54 24 20       	mov    0x20(%rsp),%rdx
    364a:	48 8b 74 24 08       	mov    0x8(%rsp),%rsi
    364f:	48 89 df             	mov    %rbx,%rdi
    3652:	e8 00 00 00 00       	call   3657 <falcon_sign_generate+0x8b5>	3653: R_X86_64_PLT32	memcpy-0x4
    3657:	b9 01 00 00 00       	mov    $0x1,%ecx
    365c:	89 ea                	mov    %ebp,%edx
    365e:	48 8b 74 24 38       	mov    0x38(%rsp),%rsi
    3663:	4c 89 e7             	mov    %r12,%rdi
    3666:	e8 00 00 00 00       	call   366b <falcon_sign_generate+0x8c9>	3667: R_X86_64_PLT32	falcon_poly_mul_fft3-0x4
    366b:	b9 01 00 00 00       	mov    $0x1,%ecx
    3670:	89 ea                	mov    %ebp,%edx
    3672:	4c 89 ee             	mov    %r13,%rsi
    3675:	4c 89 e7             	mov    %r12,%rdi
    3678:	e8 00 00 00 00       	call   367d <falcon_sign_generate+0x8db>	3679: R_X86_64_PLT32	falcon_poly_add3-0x4
    367d:	ba 01 00 00 00       	mov    $0x1,%edx
    3682:	89 ee                	mov    %ebp,%esi
    3684:	48 89 df             	mov    %rbx,%rdi
    3687:	e8 00 00 00 00       	call   368c <falcon_sign_generate+0x8ea>	3688: R_X86_64_PLT32	falcon_iFFT3-0x4
    368c:	ba 01 00 00 00       	mov    $0x1,%edx
    3691:	89 ee                	mov    %ebp,%esi
    3693:	4c 89 e7             	mov    %r12,%rdi
    3696:	e8 00 00 00 00       	call   369b <falcon_sign_generate+0x8f9>	3697: R_X86_64_PLT32	falcon_iFFT3-0x4
    369b:	4d 85 ff             	test   %r15,%r15
    369e:	0f 84 ff fa ff ff    	je     31a3 <falcon_sign_generate+0x401>
    36a4:	be 00 00 00 00       	mov    $0x0,%esi
    36a9:	49 bd 00 00 00 00 00 00 00 40 	movabs $0x4000000000000000,%r13
    36b3:	bd 3d 04 00 00       	mov    $0x43d,%ebp
    36b8:	41 bb fd 03 00 00    	mov    $0x3fd,%r11d
    36be:	41 ba 3f 00 00 00    	mov    $0x3f,%r10d
    36c4:	48 8b 14 f3          	mov    (%rbx,%rsi,8),%rdx
    36c8:	48 89 d1             	mov    %rdx,%rcx
    36cb:	48 c1 e1 0a          	shl    $0xa,%rcx
    36cf:	48 b8 ff ff ff ff ff ff ff 3f 	movabs $0x3fffffffffffffff,%rax
    36d9:	48 21 c1             	and    %rax,%rcx
    36dc:	4c 09 e9             	or     %r13,%rcx
    36df:	48 89 d7             	mov    %rdx,%rdi
    36e2:	48 c1 ef 34          	shr    $0x34,%rdi
    36e6:	81 e7 ff 07 00 00    	and    $0x7ff,%edi
    36ec:	41 89 ee             	mov    %ebp,%r14d
    36ef:	41 29 fe             	sub    %edi,%r14d
    36f2:	45 89 d9             	mov    %r11d,%r9d
    36f5:	41 29 f9             	sub    %edi,%r9d
    36f8:	44 89 c8             	mov    %r9d,%eax
    36fb:	c1 e8 1f             	shr    $0x1f,%eax
    36fe:	89 c0                	mov    %eax,%eax
    3700:	48 f7 d8             	neg    %rax
    3703:	48 21 c8             	and    %rcx,%rax
    3706:	45 89 f0             	mov    %r14d,%r8d
    3709:	41 83 e0 3f          	and    $0x3f,%r8d
    370d:	44 89 d1             	mov    %r10d,%ecx
    3710:	44 29 c1             	sub    %r8d,%ecx
    3713:	48 89 c7             	mov    %rax,%rdi
    3716:	48 c1 e7 20          	shl    $0x20,%rdi
    371a:	f6 c1 20             	test   $0x20,%cl
    371d:	48 0f 44 f8          	cmove  %rax,%rdi
    3721:	83 e1 1f             	and    $0x1f,%ecx
    3724:	48 d3 e7             	shl    %cl,%rdi
    3727:	49 89 f9             	mov    %rdi,%r9
    372a:	49 c1 e9 20          	shr    $0x20,%r9
    372e:	41 81 e1 ff ff ff 1f 	and    $0x1fffffff,%r9d
    3735:	41 09 f9             	or     %edi,%r9d
    3738:	48 89 c1             	mov    %rax,%rcx
    373b:	48 c1 e9 20          	shr    $0x20,%rcx
    373f:	41 c1 e8 05          	shr    $0x5,%r8d
    3743:	49 89 c0             	mov    %rax,%r8
    3746:	4c 0f 45 c1          	cmovne %rcx,%r8
    374a:	44 89 f1             	mov    %r14d,%ecx
    374d:	83 e1 1f             	and    $0x1f,%ecx
    3750:	49 d3 e8             	shr    %cl,%r8
    3753:	44 89 c9             	mov    %r9d,%ecx
    3756:	f7 d9                	neg    %ecx
    3758:	44 09 c9             	or     %r9d,%ecx
    375b:	c1 e9 1f             	shr    $0x1f,%ecx
    375e:	48 c1 ef 3d          	shr    $0x3d,%rdi
    3762:	09 f9                	or     %edi,%ecx
    3764:	bf c8 00 00 00       	mov    $0xc8,%edi
    3769:	d3 ef                	shr    %cl,%edi
    376b:	89 f8                	mov    %edi,%eax
    376d:	83 e0 01             	and    $0x1,%eax
    3770:	4c 01 c0             	add    %r8,%rax
    3773:	48 89 d1             	mov    %rdx,%rcx
    3776:	48 c1 f9 3f          	sar    $0x3f,%rcx
    377a:	48 31 c8             	xor    %rcx,%rax
    377d:	48 c1 ea 3f          	shr    $0x3f,%rdx
    3781:	48 01 d0             	add    %rdx,%rax
    3784:	66 89 84 74 f0 3a 00 00 	mov    %ax,0x3af0(%rsp,%rsi,2)
    378c:	49 8b 14 f4          	mov    (%r12,%rsi,8),%rdx
    3790:	48 89 d1             	mov    %rdx,%rcx
    3793:	48 c1 e1 0a          	shl    $0xa,%rcx
    3797:	48 b8 ff ff ff ff ff ff ff 3f 	movabs $0x3fffffffffffffff,%rax
    37a1:	48 21 c1             	and    %rax,%rcx
    37a4:	4c 09 e9             	or     %r13,%rcx
    37a7:	48 89 d7             	mov    %rdx,%rdi
    37aa:	48 c1 ef 34          	shr    $0x34,%rdi
    37ae:	81 e7 ff 07 00 00    	and    $0x7ff,%edi
    37b4:	41 89 ee             	mov    %ebp,%r14d
    37b7:	41 29 fe             	sub    %edi,%r14d
    37ba:	44 89 d8             	mov    %r11d,%eax
    37bd:	29 f8                	sub    %edi,%eax
    37bf:	c1 e8 1f             	shr    $0x1f,%eax
    37c2:	89 c0                	mov    %eax,%eax
    37c4:	48 f7 d8             	neg    %rax
    37c7:	48 21 c8             	and    %rcx,%rax
    37ca:	45 89 f0             	mov    %r14d,%r8d
    37cd:	41 83 e0 3f          	and    $0x3f,%r8d
    37d1:	44 89 d1             	mov    %r10d,%ecx
    37d4:	44 29 c1             	sub    %r8d,%ecx
    37d7:	48 89 c7             	mov    %rax,%rdi
    37da:	48 c1 e7 20          	shl    $0x20,%rdi
    37de:	f6 c1 20             	test   $0x20,%cl
    37e1:	48 0f 44 f8          	cmove  %rax,%rdi
    37e5:	83 e1 1f             	and    $0x1f,%ecx
    37e8:	48 d3 e7             	shl    %cl,%rdi
    37eb:	49 89 f9             	mov    %rdi,%r9
    37ee:	49 c1 e9 20          	shr    $0x20,%r9
    37f2:	41 81 e1 ff ff ff 1f 	and    $0x1fffffff,%r9d
    37f9:	41 09 f9             	or     %edi,%r9d
    37fc:	48 89 c1             	mov    %rax,%rcx
    37ff:	48 c1 e9 20          	shr    $0x20,%rcx
    3803:	41 c1 e8 05          	shr    $0x5,%r8d
    3807:	48 0f 45 c1          	cmovne %rcx,%rax
    380b:	49 89 c0             	mov    %rax,%r8
    380e:	44 89 f1             	mov    %r14d,%ecx
    3811:	83 e1 1f             	and    $0x1f,%ecx
    3814:	49 d3 e8             	shr    %cl,%r8
    3817:	44 89 c9             	mov    %r9d,%ecx
    381a:	f7 d9                	neg    %ecx
    381c:	44 09 c9             	or     %r9d,%ecx
    381f:	c1 e9 1f             	shr    $0x1f,%ecx
    3822:	48 c1 ef 3d          	shr    $0x3d,%rdi
    3826:	09 f9                	or     %edi,%ecx
    3828:	b8 c8 00 00 00       	mov    $0xc8,%eax
    382d:	d3 e8                	shr    %cl,%eax
    382f:	83 e0 01             	and    $0x1,%eax
    3832:	4c 01 c0             	add    %r8,%rax
    3835:	48 89 d1             	mov    %rdx,%rcx
    3838:	48 c1 f9 3f          	sar    $0x3f,%rcx
    383c:	48 31 c8             	xor    %rcx,%rax
    383f:	48 c1 ea 3f          	shr    $0x3f,%rdx
    3843:	48 01 d0             	add    %rdx,%rax
    3846:	66 89 84 74 f0 22 00 00 	mov    %ax,0x22f0(%rsp,%rsi,2)
    384e:	48 83 c6 01          	add    $0x1,%rsi
    3852:	49 39 f7             	cmp    %rsi,%r15
    3855:	0f 85 69 fe ff ff    	jne    36c4 <falcon_sign_generate+0x922>
    385b:	e9 43 f9 ff ff       	jmp    31a3 <falcon_sign_generate+0x401>
    3860:	b8 00 00 00 00       	mov    $0x0,%eax
    3865:	eb 71                	jmp    38d8 <falcon_sign_generate+0xb36>
    3867:	4c 8b a4 24 a8 00 00 00 	mov    0xa8(%rsp),%r12
    386f:	48 8b 9c 24 b0 00 00 00 	mov    0xb0(%rsp),%rbx
    3877:	44 8b ac 24 bc 00 00 00 	mov    0xbc(%rsp),%r13d
    387f:	48 8b 44 24 18       	mov    0x18(%rsp),%rax
    3884:	8b 88 48 03 00 00    	mov    0x348(%rax),%ecx
    388a:	48 8d 73 ff          	lea    -0x1(%rbx),%rsi
    388e:	49 8d 7c 24 01       	lea    0x1(%r12),%rdi
    3893:	48 89 c3             	mov    %rax,%rbx
    3896:	44 8b 88 4c 03 00 00 	mov    0x34c(%rax),%r9d
    389d:	4c 8d 84 24 f0 22 00 00 	lea    0x22f0(%rsp),%r8
    38a5:	44 89 ea             	mov    %r13d,%edx
    38a8:	e8 00 00 00 00       	call   38ad <falcon_sign_generate+0xb0b>	38a9: R_X86_64_PLT32	falcon_encode_small-0x4
    38ad:	48 85 c0             	test   %rax,%rax
    38b0:	74 26                	je     38d8 <falcon_sign_generate+0xb36>
    38b2:	44 89 ea             	mov    %r13d,%edx
    38b5:	c1 e2 05             	shl    $0x5,%edx
    38b8:	0a 93 4c 03 00 00    	or     0x34c(%rbx),%dl
    38be:	8b 8b 50 03 00 00    	mov    0x350(%rbx),%ecx
    38c4:	c1 e1 07             	shl    $0x7,%ecx
    38c7:	09 ca                	or     %ecx,%edx
    38c9:	41 88 14 24          	mov    %dl,(%r12)
    38cd:	48 83 c0 01          	add    $0x1,%rax
    38d1:	eb 05                	jmp    38d8 <falcon_sign_generate+0xb36>
    38d3:	b8 00 00 00 00       	mov    $0x0,%eax
    38d8:	48 81 c4 f8 6a 00 00 	add    $0x6af8,%rsp
    38df:	5b                   	pop    %rbx
    38e0:	5d                   	pop    %rbp
    38e1:	41 5c                	pop    %r12
    38e3:	41 5d                	pop    %r13
    38e5:	41 5e                	pop    %r14
    38e7:	41 5f                	pop    %r15
    38e9:	c3                   	ret
