x,rho
-32768,4098
-32767,4099
-32766,4100
-32765,4101
-32764,4102
-32763,4103
-32762,4104
-32761,4105
-32760,4106
-32759,4107
-32758,4108
-32757,4109
-32756,4110
-32755,4111
-32754,4112
-32753,4113
-32752,4114
-32751,4115
-32750,4116
-32749,4117
-32748,4118
-32747,4119
-32746,4120
-32745,4121
-32744,4122
-32743,4123
-32742,4124
-32741,4125
-32740,4126
-32739,4127
-32738,4128
-32737,4129
-32736,4130
-32735,4131
-32734,4132
-32733,4133
-32732,4134
-32731,4135
-32730,4136
-32729,4137
-32728,4138
-32727,4139
-32726,4140
-32725,4141
-32724,4142
-32723,4143
-32722,4144
-32721,4145
-32720,4146
-32719,4147
-32718,4148
-32717,4149
-32716,4150
-32715,4151
-32714,4152
-32713,4153
-32712,4154
-32711,4155
-32710,4156
-32709,4157
-32708,4158
-32707,4159
-32706,4160
-32705,4161
-32704,4162
-32703,4163
-32702,4164
-32701,4165
-32700,4166
-32699,4167
-32698,4168
-32697,4169
-32696,4170
-32695,4171
-32694,4172
-32693,4173
-32692,4174
-32691,4175
-32690,4176
-32689,4177
-32688,4178
-32687,4179
-32686,4180
-32685,4181
-32684,4182
-32683,4183
-32682,4184
-32681,4185
-32680,4186
-32679,4187
-32678,4188
-32677,4189
-32676,4190
-32675,4191
-32674,4192
-32673,4193
-32672,4194
-32671,4195
-32670,4196
-32669,4197
-32668,4198
-32667,4199
-32666,4200
-32665,4201
-32664,4202
-32663,4203
-32662,4204
-32661,4205
-32660,4206
-32659,4207
-32658,4208
-32657,4209
-32656,4210
-32655,4211
-32654,4212
-32653,4213
-32652,4214
-32651,4215
-32650,4216
-32649,4217
-32648,4218
-32647,4219
-32646,4220
-32645,4221
-32644,4222
-32643,4223
-32642,4224
-32641,4225
-32640,4226
-32639,4227
-32638,4228
-32637,4229
-32636,4230
-32635,4231
-32634,4232
-32633,4233
-32632,4234
-32631,4235
-32630,4236
-32629,4237
-32628,4238
-32627,4239
-32626,4240
-32625,4241
-32624,4242
-32623,4243
-32622,4244
-32621,4245
-32620,4246
-32619,4247
-32618,4248
-32617,4249
-32616,4250
-32615,4251
-32614,4252
-32613,4253
-32612,4254
-32611,4255
-32610,4256
-32609,4257
-32608,4258
-32607,4259
-32606,4260
-32605,4261
-32604,4262
-32603,4263
-32602,4264
-32601,4265
-32600,4266
-32599,4267
-32598,4268
-32597,4269
-32596,4270
-32595,4271
-32594,4272
-32593,4273
-32592,4274
-32591,4275
-32590,4276
-32589,4277
-32588,4278
-32587,4279
-32586,4280
-32585,4281
-32584,4282
-32583,4283
-32582,4284
-32581,4285
-32580,4286
-32579,4287
-32578,4288
-32577,4289
-32576,4290
-32575,4291
-32574,4292
-32573,4293
-32572,4294
-32571,4295
-32570,4296
-32569,4297
-32568,4298
-32567,4299
-32566,4300
-32565,4301
-32564,4302
-32563,4303
-32562,4304
-32561,4305
-32560,4306
-32559,4307
-32558,4308
-32557,4309
-32556,4310
-32555,4311
-32554,4312
-32553,4313
-32552,4314
-32551,4315
-32550,4316
-32549,4317
-32548,4318
-32547,4319
-32546,4320
-32545,4321
-32544,4322
-32543,4323
-32542,4324
-32541,4325
-32540,4326
-32539,4327
-32538,4328
-32537,4329
-32536,4330
-32535,4331
-32534,4332
-32533,4333
-32532,4334
-32531,4335
-32530,4336
-32529,4337
-32528,4338
-32527,4339
-32526,4340
-32525,4341
-32524,4342
-32523,4343
-32522,4344
-32521,4345
-32520,4346
-32519,4347
-32518,4348
-32517,4349
-32516,4350
-32515,4351
-32514,4352
-32513,4353
-32512,4354
-32511,4355
-32510,4356
-32509,4357
-32508,4358
-32507,4359
-32506,4360
-32505,4361
-32504,4362
-32503,4363
-32502,4364
-32501,4365
-32500,4366
-32499,4367
-32498,4368
-32497,4369
-32496,4370
-32495,4371
-32494,4372
-32493,4373
-32492,4374
-32491,4375
-32490,4376
-32489,4377
-32488,4378
-32487,4379
-32486,4380
-32485,4381
-32484,4382
-32483,4383
-32482,4384
-32481,4385
-32480,4386
-32479,4387
-32478,4388
-32477,4389
-32476,4390
-32475,4391
-32474,4392
-32473,4393
-32472,4394
-32471,4395
-32470,4396
-32469,4397
-32468,4398
-32467,4399
-32466,4400
-32465,4401
-32464,4402
-32463,4403
-32462,4404
-32461,4405
-32460,4406
-32459,4407
-32458,4408
-32457,4409
-32456,4410
-32455,4411
-32454,4412
-32453,4413
-32452,4414
-32451,4415
-32450,4416
-32449,4417
-32448,4418
-32447,4419
-32446,4420
-32445,4421
-32444,4422
-32443,4423
-32442,4424
-32441,4425
-32440,4426
-32439,4427
-32438,4428
-32437,4429
-32436,4430
-32435,4431
-32434,4432
-32433,4433
-32432,4434
-32431,4435
-32430,4436
-32429,4437
-32428,4438
-32427,4439
-32426,4440
-32425,4441
-32424,4442
-32423,4443
-32422,4444
-32421,4445
-32420,4446
-32419,4447
-32418,4448
-32417,4449
-32416,4450
-32415,4451
-32414,4452
-32413,4453
-32412,4454
-32411,4455
-32410,4456
-32409,4457
-32408,4458
-32407,4459
-32406,4460
-32405,4461
-32404,4462
-32403,4463
-32402,4464
-32401,4465
-32400,4466
-32399,4467
-32398,4468
-32397,4469
-32396,4470
-32395,4471
-32394,4472
-32393,4473
-32392,4474
-32391,4475
-32390,4476
-32389,4477
-32388,4478
-32387,4479
-32386,4480
-32385,4481
-32384,4482
-32383,4483
-32382,4484
-32381,4485
-32380,4486
-32379,4487
-32378,4488
-32377,4489
-32376,4490
-32375,4491
-32374,4492
-32373,4493
-32372,4494
-32371,4495
-32370,4496
-32369,4497
-32368,4498
-32367,4499
-32366,4500
-32365,4501
-32364,4502
-32363,4503
-32362,4504
-32361,4505
-32360,4506
-32359,4507
-32358,4508
-32357,4509
-32356,4510
-32355,4511
-32354,4512
-32353,4513
-32352,4514
-32351,4515
-32350,4516
-32349,4517
-32348,4518
-32347,4519
-32346,4520
-32345,4521
-32344,4522
-32343,4523
-32342,4524
-32341,4525
-32340,4526
-32339,4527
-32338,4528
-32337,4529
-32336,4530
-32335,4531
-32334,4532
-32333,4533
-32332,4534
-32331,4535
-32330,4536
-32329,4537
-32328,4538
-32327,4539
-32326,4540
-32325,4541
-32324,4542
-32323,4543
-32322,4544
-32321,4545
-32320,4546
-32319,4547
-32318,4548
-32317,4549
-32316,4550
-32315,4551
-32314,4552
-32313,4553
-32312,4554
-32311,4555
-32310,4556
-32309,4557
-32308,4558
-32307,4559
-32306,4560
-32305,4561
-32304,4562
-32303,4563
-32302,4564
-32301,4565
-32300,4566
-32299,4567
-32298,4568
-32297,4569
-32296,4570
-32295,4571
-32294,4572
-32293,4573
-32292,4574
-32291,4575
-32290,4576
-32289,4577
-32288,4578
-32287,4579
-32286,4580
-32285,4581
-32284,4582
-32283,4583
-32282,4584
-32281,4585
-32280,4586
-32279,4587
-32278,4588
-32277,4589
-32276,4590
-32275,4591
-32274,4592
-32273,4593
-32272,4594
-32271,4595
-32270,4596
-32269,4597
-32268,4598
-32267,4599
-32266,4600
-32265,4601
-32264,4602
-32263,4603
-32262,4604
-32261,4605
-32260,4606
-32259,4607
-32258,4608
-32257,4609
-32256,4610
-32255,4611
-32254,4612
-32253,4613
-32252,4614
-32251,4615
-32250,4616
-32249,4617
-32248,4618
-32247,4619
-32246,4620
-32245,4621
-32244,4622
-32243,4623
-32242,4624
-32241,4625
-32240,4626
-32239,4627
-32238,4628
-32237,4629
-32236,4630
-32235,4631
-32234,4632
-32233,4633
-32232,4634
-32231,4635
-32230,4636
-32229,4637
-32228,4638
-32227,4639
-32226,4640
-32225,4641
-32224,4642
-32223,4643
-32222,4644
-32221,4645
-32220,4646
-32219,4647
-32218,4648
-32217,4649
-32216,4650
-32215,4651
-32214,4652
-32213,4653
-32212,4654
-32211,4655
-32210,4656
-32209,4657
-32208,4658
-32207,4659
-32206,4660
-32205,4661
-32204,4662
-32203,4663
-32202,4664
-32201,4665
-32200,4666
-32199,4667
-32198,4668
-32197,4669
-32196,4670
-32195,4671
-32194,4672
-32193,4673
-32192,4674
-32191,4675
-32190,4676
-32189,4677
-32188,4678
-32187,4679
-32186,4680
-32185,4681
-32184,4682
-32183,4683
-32182,4684
-32181,4685
-32180,4686
-32179,4687
-32178,4688
-32177,4689
-32176,4690
-32175,4691
-32174,4692
-32173,4693
-32172,4694
-32171,4695
-32170,4696
-32169,4697
-32168,4698
-32167,4699
-32166,4700
-32165,4701
-32164,4702
-32163,4703
-32162,4704
-32161,4705
-32160,4706
-32159,4707
-32158,4708
-32157,4709
-32156,4710
-32155,4711
-32154,4712
-32153,4713
-32152,4714
-32151,4715
-32150,4716
-32149,4717
-32148,4718
-32147,4719
-32146,4720
-32145,4721
-32144,4722
-32143,4723
-32142,4724
-32141,4725
-32140,4726
-32139,4727
-32138,4728
-32137,4729
-32136,4730
-32135,4731
-32134,4732
-32133,4733
-32132,4734
-32131,4735
-32130,4736
-32129,4737
-32128,4738
-32127,4739
-32126,4740
-32125,4741
-32124,4742
-32123,4743
-32122,4744
-32121,4745
-32120,4746
-32119,4747
-32118,4748
-32117,4749
-32116,4750
-32115,4751
-32114,4752
-32113,4753
-32112,4754
-32111,4755
-32110,4756
-32109,4757
-32108,4758
-32107,4759
-32106,4760
-32105,4761
-32104,4762
-32103,4763
-32102,4764
-32101,4765
-32100,4766
-32099,4767
-32098,4768
-32097,4769
-32096,4770
-32095,4771
-32094,4772
-32093,4773
-32092,4774
-32091,4775
-32090,4776
-32089,4777
-32088,4778
-32087,4779
-32086,4780
-32085,4781
-32084,4782
-32083,4783
-32082,4784
-32081,4785
-32080,4786
-32079,4787
-32078,4788
-32077,4789
-32076,4790
-32075,4791
-32074,4792
-32073,4793
-32072,4794
-32071,4795
-32070,4796
-32069,4797
-32068,4798
-32067,4799
-32066,4800
-32065,4801
-32064,4802
-32063,4803
-32062,4804
-32061,4805
-32060,4806
-32059,4807
-32058,4808
-32057,4809
-32056,4810
-32055,4811
-32054,4812
-32053,4813
-32052,4814
-32051,4815
-32050,4816
-32049,4817
-32048,4818
-32047,4819
-32046,4820
-32045,4821
-32044,4822
-32043,4823
-32042,4824
-32041,4825
-32040,4826
-32039,4827
-32038,4828
-32037,4829
-32036,4830
-32035,4831
-32034,4832
-32033,4833
-32032,4834
-32031,4835
-32030,4836
-32029,4837
-32028,4838
-32027,4839
-32026,4840
-32025,4841
-32024,4842
-32023,4843
-32022,4844
-32021,4845
-32020,4846
-32019,4847
-32018,4848
-32017,4849
-32016,4850
-32015,4851
-32014,4852
-32013,4853
-32012,4854
-32011,4855
-32010,4856
-32009,4857
-32008,4858
-32007,4859
-32006,4860
-32005,4861
-32004,4862
-32003,4863
-32002,4864
-32001,4865
-32000,4866
-31999,4867
-31998,4868
-31997,4869
-31996,4870
-31995,4871
-31994,4872
-31993,4873
-31992,4874
-31991,4875
-31990,4876
-31989,4877
-31988,4878
-31987,4879
-31986,4880
-31985,4881
-31984,4882
-31983,4883
-31982,4884
-31981,4885
-31980,4886
-31979,4887
-31978,4888
-31977,4889
-31976,4890
-31975,4891
-31974,4892
-31973,4893
-31972,4894
-31971,4895
-31970,4896
-31969,4897
-31968,4898
-31967,4899
-31966,4900
-31965,4901
-31964,4902
-31963,4903
-31962,4904
-31961,4905
-31960,4906
-31959,4907
-31958,4908
-31957,4909
-31956,4910
-31955,4911
-31954,4912
-31953,4913
-31952,4914
-31951,4915
-31950,4916
-31949,4917
-31948,4918
-31947,4919
-31946,4920
-31945,4921
-31944,4922
-31943,4923
-31942,4924
-31941,4925
-31940,4926
-31939,4927
-31938,4928
-31937,4929
-31936,4930
-31935,4931
-31934,4932
-31933,4933
-31932,4934
-31931,4935
-31930,4936
-31929,4937
-31928,4938
-31927,4939
-31926,4940
-31925,4941
-31924,4942
-31923,4943
-31922,4944
-31921,4945
-31920,4946
-31919,4947
-31918,4948
-31917,4949
-31916,4950
-31915,4951
-31914,4952
-31913,4953
-31912,4954
-31911,4955
-31910,4956
-31909,4957
-31908,4958
-31907,4959
-31906,4960
-31905,4961
-31904,4962
-31903,4963
-31902,4964
-31901,4965
-31900,4966
-31899,4967
-31898,4968
-31897,4969
-31896,4970
-31895,4971
-31894,4972
-31893,4973
-31892,4974
-31891,4975
-31890,4976
-31889,4977
-31888,4978
-31887,4979
-31886,4980
-31885,4981
-31884,4982
-31883,4983
-31882,4984
-31881,4985
-31880,4986
-31879,4987
-31878,4988
-31877,4989
-31876,4990
-31875,4991
-31874,4992
-31873,4993
-31872,4994
-31871,4995
-31870,4996
-31869,4997
-31868,4998
-31867,4999
-31866,5000
-31865,5001
-31864,5002
-31863,5003
-31862,5004
-31861,5005
-31860,5006
-31859,5007
-31858,5008
-31857,5009
-31856,5010
-31855,5011
-31854,5012
-31853,5013
-31852,5014
-31851,5015
-31850,5016
-31849,5017
-31848,5018
-31847,5019
-31846,5020
-31845,5021
-31844,5022
-31843,5023
-31842,5024
-31841,5025
-31840,5026
-31839,5027
-31838,5028
-31837,5029
-31836,5030
-31835,5031
-31834,5032
-31833,5033
-31832,5034
-31831,5035
-31830,5036
-31829,5037
-31828,5038
-31827,5039
-31826,5040
-31825,5041
-31824,5042
-31823,5043
-31822,5044
-31821,5045
-31820,5046
-31819,5047
-31818,5048
-31817,5049
-31816,5050
-31815,5051
-31814,5052
-31813,5053
-31812,5054
-31811,5055
-31810,5056
-31809,5057
-31808,5058
-31807,5059
-31806,5060
-31805,5061
-31804,5062
-31803,5063
-31802,5064
-31801,5065
-31800,5066
-31799,5067
-31798,5068
-31797,5069
-31796,5070
-31795,5071
-31794,5072
-31793,5073
-31792,5074
-31791,5075
-31790,5076
-31789,5077
-31788,5078
-31787,5079
-31786,5080
-31785,5081
-31784,5082
-31783,5083
-31782,5084
-31781,5085
-31780,5086
-31779,5087
-31778,5088
-31777,5089
-31776,5090
-31775,5091
-31774,5092
-31773,5093
-31772,5094
-31771,5095
-31770,5096
-31769,5097
-31768,5098
-31767,5099
-31766,5100
-31765,5101
-31764,5102
-31763,5103
-31762,5104
-31761,5105
-31760,5106
-31759,5107
-31758,5108
-31757,5109
-31756,5110
-31755,5111
-31754,5112
-31753,5113
-31752,5114
-31751,5115
-31750,5116
-31749,5117
-31748,5118
-31747,5119
-31746,5120
-31745,5121
-31744,5122
-31743,5123
-31742,5124
-31741,5125
-31740,5126
-31739,5127
-31738,5128
-31737,5129
-31736,5130
-31735,5131
-31734,5132
-31733,5133
-31732,5134
-31731,5135
-31730,5136
-31729,5137
-31728,5138
-31727,5139
-31726,5140
-31725,5141
-31724,5142
-31723,5143
-31722,5144
-31721,5145
-31720,5146
-31719,5147
-31718,5148
-31717,5149
-31716,5150
-31715,5151
-31714,5152
-31713,5153
-31712,5154
-31711,5155
-31710,5156
-31709,5157
-31708,5158
-31707,5159
-31706,5160
-31705,5161
-31704,5162
-31703,5163
-31702,5164
-31701,5165
-31700,5166
-31699,5167
-31698,5168
-31697,5169
-31696,5170
-31695,5171
-31694,5172
-31693,5173
-31692,5174
-31691,5175
-31690,5176
-31689,5177
-31688,5178
-31687,5179
-31686,5180
-31685,5181
-31684,5182
-31683,5183
-31682,5184
-31681,5185
-31680,5186
-31679,5187
-31678,5188
-31677,5189
-31676,5190
-31675,5191
-31674,5192
-31673,5193
-31672,5194
-31671,5195
-31670,5196
-31669,5197
-31668,5198
-31667,5199
-31666,5200
-31665,5201
-31664,5202
-31663,5203
-31662,5204
-31661,5205
-31660,5206
-31659,5207
-31658,5208
-31657,5209
-31656,5210
-31655,5211
-31654,5212
-31653,5213
-31652,5214
-31651,5215
-31650,5216
-31649,5217
-31648,5218
-31647,5219
-31646,5220
-31645,5221
-31644,5222
-31643,5223
-31642,5224
-31641,5225
-31640,5226
-31639,5227
-31638,5228
-31637,5229
-31636,5230
-31635,5231
-31634,5232
-31633,5233
-31632,5234
-31631,5235
-31630,5236
-31629,5237
-31628,5238
-31627,5239
-31626,5240
-31625,5241
-31624,5242
-31623,5243
-31622,5244
-31621,5245
-31620,5246
-31619,5247
-31618,5248
-31617,5249
-31616,5250
-31615,5251
-31614,5252
-31613,5253
-31612,5254
-31611,5255
-31610,5256
-31609,5257
-31608,5258
-31607,5259
-31606,5260
-31605,5261
-31604,5262
-31603,5263
-31602,5264
-31601,5265
-31600,5266
-31599,5267
-31598,5268
-31597,5269
-31596,5270
-31595,5271
-31594,5272
-31593,5273
-31592,5274
-31591,5275
-31590,5276
-31589,5277
-31588,5278
-31587,5279
-31586,5280
-31585,5281
-31584,5282
-31583,5283
-31582,5284
-31581,5285
-31580,5286
-31579,5287
-31578,5288
-31577,5289
-31576,5290
-31575,5291
-31574,5292
-31573,5293
-31572,5294
-31571,5295
-31570,5296
-31569,5297
-31568,5298
-31567,5299
-31566,5300
-31565,5301
-31564,5302
-31563,5303
-31562,5304
-31561,5305
-31560,5306
-31559,5307
-31558,5308
-31557,5309
-31556,5310
-31555,5311
-31554,5312
-31553,5313
-31552,5314
-31551,5315
-31550,5316
-31549,5317
-31548,5318
-31547,5319
-31546,5320
-31545,5321
-31544,5322
-31543,5323
-31542,5324
-31541,5325
-31540,5326
-31539,5327
-31538,5328
-31537,5329
-31536,5330
-31535,5331
-31534,5332
-31533,5333
-31532,5334
-31531,5335
-31530,5336
-31529,5337
-31528,5338
-31527,5339
-31526,5340
-31525,5341
-31524,5342
-31523,5343
-31522,5344
-31521,5345
-31520,5346
-31519,5347
-31518,5348
-31517,5349
-31516,5350
-31515,5351
-31514,5352
-31513,5353
-31512,5354
-31511,5355
-31510,5356
-31509,5357
-31508,5358
-31507,5359
-31506,5360
-31505,5361
-31504,5362
-31503,5363
-31502,5364
-31501,5365
-31500,5366
-31499,5367
-31498,5368
-31497,5369
-31496,5370
-31495,5371
-31494,5372
-31493,5373
-31492,5374
-31491,5375
-31490,5376
-31489,5377
-31488,5378
-31487,5379
-31486,5380
-31485,5381
-31484,5382
-31483,5383
-31482,5384
-31481,5385
-31480,5386
-31479,5387
-31478,5388
-31477,5389
-31476,5390
-31475,5391
-31474,5392
-31473,5393
-31472,5394
-31471,5395
-31470,5396
-31469,5397
-31468,5398
-31467,5399
-31466,5400
-31465,5401
-31464,5402
-31463,5403
-31462,5404
-31461,5405
-31460,5406
-31459,5407
-31458,5408
-31457,5409
-31456,5410
-31455,5411
-31454,5412
-31453,5413
-31452,5414
-31451,5415
-31450,5416
-31449,5417
-31448,5418
-31447,5419
-31446,5420
-31445,5421
-31444,5422
-31443,5423
-31442,5424
-31441,5425
-31440,5426
-31439,5427
-31438,5428
-31437,5429
-31436,5430
-31435,5431
-31434,5432
-31433,5433
-31432,5434
-31431,5435
-31430,5436
-31429,5437
-31428,5438
-31427,5439
-31426,5440
-31425,5441
-31424,5442
-31423,5443
-31422,5444
-31421,5445
-31420,5446
-31419,5447
-31418,5448
-31417,5449
-31416,5450
-31415,5451
-31414,5452
-31413,5453
-31412,5454
-31411,5455
-31410,5456
-31409,5457
-31408,5458
-31407,5459
-31406,5460
-31405,5461
-31404,5462
-31403,5463
-31402,5464
-31401,5465
-31400,5466
-31399,5467
-31398,5468
-31397,5469
-31396,5470
-31395,5471
-31394,5472
-31393,5473
-31392,5474
-31391,5475
-31390,5476
-31389,5477
-31388,5478
-31387,5479
-31386,5480
-31385,5481
-31384,5482
-31383,5483
-31382,5484
-31381,5485
-31380,5486
-31379,5487
-31378,5488
-31377,5489
-31376,5490
-31375,5491
-31374,5492
-31373,5493
-31372,5494
-31371,5495
-31370,5496
-31369,5497
-31368,5498
-31367,5499
-31366,5500
-31365,5501
-31364,5502
-31363,5503
-31362,5504
-31361,5505
-31360,5506
-31359,5507
-31358,5508
-31357,5509
-31356,5510
-31355,5511
-31354,5512
-31353,5513
-31352,5514
-31351,5515
-31350,5516
-31349,5517
-31348,5518
-31347,5519
-31346,5520
-31345,5521
-31344,5522
-31343,5523
-31342,5524
-31341,5525
-31340,5526
-31339,5527
-31338,5528
-31337,5529
-31336,5530
-31335,5531
-31334,5532
-31333,5533
-31332,5534
-31331,5535
-31330,5536
-31329,5537
-31328,5538
-31327,5539
-31326,5540
-31325,5541
-31324,5542
-31323,5543
-31322,5544
-31321,5545
-31320,5546
-31319,5547
-31318,5548
-31317,5549
-31316,5550
-31315,5551
-31314,5552
-31313,5553
-31312,5554
-31311,5555
-31310,5556
-31309,5557
-31308,5558
-31307,5559
-31306,5560
-31305,5561
-31304,5562
-31303,5563
-31302,5564
-31301,5565
-31300,5566
-31299,5567
-31298,5568
-31297,5569
-31296,5570
-31295,5571
-31294,5572
-31293,5573
-31292,5574
-31291,5575
-31290,5576
-31289,5577
-31288,5578
-31287,5579
-31286,5580
-31285,5581
-31284,5582
-31283,5583
-31282,5584
-31281,5585
-31280,5586
-31279,5587
-31278,5588
-31277,5589
-31276,5590
-31275,5591
-31274,5592
-31273,5593
-31272,5594
-31271,5595
-31270,5596
-31269,5597
-31268,5598
-31267,5599
-31266,5600
-31265,5601
-31264,5602
-31263,5603
-31262,5604
-31261,5605
-31260,5606
-31259,5607
-31258,5608
-31257,5609
-31256,5610
-31255,5611
-31254,5612
-31253,5613
-31252,5614
-31251,5615
-31250,5616
-31249,5617
-31248,5618
-31247,5619
-31246,5620
-31245,5621
-31244,5622
-31243,5623
-31242,5624
-31241,5625
-31240,5626
-31239,5627
-31238,5628
-31237,5629
-31236,5630
-31235,5631
-31234,5632
-31233,5633
-31232,5634
-31231,5635
-31230,5636
-31229,5637
-31228,5638
-31227,5639
-31226,5640
-31225,5641
-31224,5642
-31223,5643
-31222,5644
-31221,5645
-31220,5646
-31219,5647
-31218,5648
-31217,5649
-31216,5650
-31215,5651
-31214,5652
-31213,5653
-31212,5654
-31211,5655
-31210,5656
-31209,5657
-31208,5658
-31207,5659
-31206,5660
-31205,5661
-31204,5662
-31203,5663
-31202,5664
-31201,5665
-31200,5666
-31199,5667
-31198,5668
-31197,5669
-31196,5670
-31195,5671
-31194,5672
-31193,5673
-31192,5674
-31191,5675
-31190,5676
-31189,5677
-31188,5678
-31187,5679
-31186,5680
-31185,5681
-31184,5682
-31183,5683
-31182,5684
-31181,5685
-31180,5686
-31179,5687
-31178,5688
-31177,5689
-31176,5690
-31175,5691
-31174,5692
-31173,5693
-31172,5694
-31171,5695
-31170,5696
-31169,5697
-31168,5698
-31167,5699
-31166,5700
-31165,5701
-31164,5702
-31163,5703
-31162,5704
-31161,5705
-31160,5706
-31159,5707
-31158,5708
-31157,5709
-31156,5710
-31155,5711
-31154,5712
-31153,5713
-31152,5714
-31151,5715
-31150,5716
-31149,5717
-31148,5718
-31147,5719
-31146,5720
-31145,5721
-31144,5722
-31143,5723
-31142,5724
-31141,5725
-31140,5726
-31139,5727
-31138,5728
-31137,5729
-31136,5730
-31135,5731
-31134,5732
-31133,5733
-31132,5734
-31131,5735
-31130,5736
-31129,5737
-31128,5738
-31127,5739
-31126,5740
-31125,5741
-31124,5742
-31123,5743
-31122,5744
-31121,5745
-31120,5746
-31119,5747
-31118,5748
-31117,5749
-31116,5750
-31115,5751
-31114,5752
-31113,5753
-31112,5754
-31111,5755
-31110,5756
-31109,5757
-31108,5758
-31107,5759
-31106,5760
-31105,5761
-31104,5762
-31103,5763
-31102,5764
-31101,5765
-31100,5766
-31099,5767
-31098,5768
-31097,5769
-31096,5770
-31095,5771
-31094,5772
-31093,5773
-31092,5774
-31091,5775
-31090,5776
-31089,5777
-31088,5778
-31087,5779
-31086,5780
-31085,5781
-31084,5782
-31083,5783
-31082,5784
-31081,5785
-31080,5786
-31079,5787
-31078,5788
-31077,5789
-31076,5790
-31075,5791
-31074,5792
-31073,5793
-31072,5794
-31071,5795
-31070,5796
-31069,5797
-31068,5798
-31067,5799
-31066,5800
-31065,5801
-31064,5802
-31063,5803
-31062,5804
-31061,5805
-31060,5806
-31059,5807
-31058,5808
-31057,5809
-31056,5810
-31055,5811
-31054,5812
-31053,5813
-31052,5814
-31051,5815
-31050,5816
-31049,5817
-31048,5818
-31047,5819
-31046,5820
-31045,5821
-31044,5822
-31043,5823
-31042,5824
-31041,5825
-31040,5826
-31039,5827
-31038,5828
-31037,5829
-31036,5830
-31035,5831
-31034,5832
-31033,5833
-31032,5834
-31031,5835
-31030,5836
-31029,5837
-31028,5838
-31027,5839
-31026,5840
-31025,5841
-31024,5842
-31023,5843
-31022,5844
-31021,5845
-31020,5846
-31019,5847
-31018,5848
-31017,5849
-31016,5850
-31015,5851
-31014,5852
-31013,5853
-31012,5854
-31011,5855
-31010,5856
-31009,5857
-31008,5858
-31007,5859
-31006,5860
-31005,5861
-31004,5862
-31003,5863
-31002,5864
-31001,5865
-31000,5866
-30999,5867
-30998,5868
-30997,5869
-30996,5870
-30995,5871
-30994,5872
-30993,5873
-30992,5874
-30991,5875
-30990,5876
-30989,5877
-30988,5878
-30987,5879
-30986,5880
-30985,5881
-30984,5882
-30983,5883
-30982,5884
-30981,5885
-30980,5886
-30979,5887
-30978,5888
-30977,5889
-30976,5890
-30975,5891
-30974,5892
-30973,5893
-30972,5894
-30971,5895
-30970,5896
-30969,5897
-30968,5898
-30967,5899
-30966,5900
-30965,5901
-30964,5902
-30963,5903
-30962,5904
-30961,5905
-30960,5906
-30959,5907
-30958,5908
-30957,5909
-30956,5910
-30955,5911
-30954,5912
-30953,5913
-30952,5914
-30951,5915
-30950,5916
-30949,5917
-30948,5918
-30947,5919
-30946,5920
-30945,5921
-30944,5922
-30943,5923
-30942,5924
-30941,5925
-30940,5926
-30939,5927
-30938,5928
-30937,5929
-30936,5930
-30935,5931
-30934,5932
-30933,5933
-30932,5934
-30931,5935
-30930,5936
-30929,5937
-30928,5938
-30927,5939
-30926,5940
-30925,5941
-30924,5942
-30923,5943
-30922,5944
-30921,5945
-30920,5946
-30919,5947
-30918,5948
-30917,5949
-30916,5950
-30915,5951
-30914,5952
-30913,5953
-30912,5954
-30911,5955
-30910,5956
-30909,5957
-30908,5958
-30907,5959
-30906,5960
-30905,5961
-30904,5962
-30903,5963
-30902,5964
-30901,5965
-30900,5966
-30899,5967
-30898,5968
-30897,5969
-30896,5970
-30895,5971
-30894,5972
-30893,5973
-30892,5974
-30891,5975
-30890,5976
-30889,5977
-30888,5978
-30887,5979
-30886,5980
-30885,5981
-30884,5982
-30883,5983
-30882,5984
-30881,5985
-30880,5986
-30879,5987
-30878,5988
-30877,5989
-30876,5990
-30875,5991
-30874,5992
-30873,5993
-30872,5994
-30871,5995
-30870,5996
-30869,5997
-30868,5998
-30867,5999
-30866,6000
-30865,6001
-30864,6002
-30863,6003
-30862,6004
-30861,6005
-30860,6006
-30859,6007
-30858,6008
-30857,6009
-30856,6010
-30855,6011
-30854,6012
-30853,6013
-30852,6014
-30851,6015
-30850,6016
-30849,6017
-30848,6018
-30847,6019
-30846,6020
-30845,6021
-30844,6022
-30843,6023
-30842,6024
-30841,6025
-30840,6026
-30839,6027
-30838,6028
-30837,6029
-30836,6030
-30835,6031
-30834,6032
-30833,6033
-30832,6034
-30831,6035
-30830,6036
-30829,6037
-30828,6038
-30827,6039
-30826,6040
-30825,6041
-30824,6042
-30823,6043
-30822,6044
-30821,6045
-30820,6046
-30819,6047
-30818,6048
-30817,6049
-30816,6050
-30815,6051
-30814,6052
-30813,6053
-30812,6054
-30811,6055
-30810,6056
-30809,6057
-30808,6058
-30807,6059
-30806,6060
-30805,6061
-30804,6062
-30803,6063
-30802,6064
-30801,6065
-30800,6066
-30799,6067
-30798,6068
-30797,6069
-30796,6070
-30795,6071
-30794,6072
-30793,6073
-30792,6074
-30791,6075
-30790,6076
-30789,6077
-30788,6078
-30787,6079
-30786,6080
-30785,6081
-30784,6082
-30783,6083
-30782,6084
-30781,6085
-30780,6086
-30779,6087
-30778,6088
-30777,6089
-30776,6090
-30775,6091
-30774,6092
-30773,6093
-30772,6094
-30771,6095
-30770,6096
-30769,6097
-30768,6098
-30767,6099
-30766,6100
-30765,6101
-30764,6102
-30763,6103
-30762,6104
-30761,6105
-30760,6106
-30759,6107
-30758,6108
-30757,6109
-30756,6110
-30755,6111
-30754,6112
-30753,6113
-30752,6114
-30751,6115
-30750,6116
-30749,6117
-30748,6118
-30747,6119
-30746,6120
-30745,6121
-30744,6122
-30743,6123
-30742,6124
-30741,6125
-30740,6126
-30739,6127
-30738,6128
-30737,6129
-30736,6130
-30735,6131
-30734,6132
-30733,6133
-30732,6134
-30731,6135
-30730,6136
-30729,6137
-30728,6138
-30727,6139
-30726,6140
-30725,6141
-30724,6142
-30723,6143
-30722,6144
-30721,6145
-30720,6146
-30719,6147
-30718,6148
-30717,6149
-30716,6150
-30715,6151
-30714,6152
-30713,6153
-30712,6154
-30711,6155
-30710,6156
-30709,6157
-30708,6158
-30707,6159
-30706,6160
-30705,6161
-30704,6162
-30703,6163
-30702,6164
-30701,6165
-30700,6166
-30699,6167
-30698,6168
-30697,6169
-30696,6170
-30695,6171
-30694,6172
-30693,6173
-30692,6174
-30691,6175
-30690,6176
-30689,6177
-30688,6178
-30687,6179
-30686,6180
-30685,6181
-30684,6182
-30683,6183
-30682,6184
-30681,6185
-30680,6186
-30679,6187
-30678,6188
-30677,6189
-30676,6190
-30675,6191
-30674,6192
-30673,6193
-30672,6194
-30671,6195
-30670,6196
-30669,6197
-30668,6198
-30667,6199
-30666,6200
-30665,6201
-30664,6202
-30663,6203
-30662,6204
-30661,6205
-30660,6206
-30659,6207
-30658,6208
-30657,6209
-30656,6210
-30655,6211
-30654,6212
-30653,6213
-30652,6214
-30651,6215
-30650,6216
-30649,6217
-30648,6218
-30647,6219
-30646,6220
-30645,6221
-30644,6222
-30643,6223
-30642,6224
-30641,6225
-30640,6226
-30639,6227
-30638,6228
-30637,6229
-30636,6230
-30635,6231
-30634,6232
-30633,6233
-30632,6234
-30631,6235
-30630,6236
-30629,6237
-30628,6238
-30627,6239
-30626,6240
-30625,6241
-30624,6242
-30623,6243
-30622,6244
-30621,6245
-30620,6246
-30619,6247
-30618,6248
-30617,6249
-30616,6250
-30615,6251
-30614,6252
-30613,6253
-30612,6254
-30611,6255
-30610,6256
-30609,6257
-30608,6258
-30607,6259
-30606,6260
-30605,6261
-30604,6262
-30603,6263
-30602,6264
-30601,6265
-30600,6266
-30599,6267
-30598,6268
-30597,6269
-30596,6270
-30595,6271
-30594,6272
-30593,6273
-30592,6274
-30591,6275
-30590,6276
-30589,6277
-30588,6278
-30587,6279
-30586,6280
-30585,6281
-30584,6282
-30583,6283
-30582,6284
-30581,6285
-30580,6286
-30579,6287
-30578,6288
-30577,6289
-30576,6290
-30575,6291
-30574,6292
-30573,6293
-30572,6294
-30571,6295
-30570,6296
-30569,6297
-30568,6298
-30567,6299
-30566,6300
-30565,6301
-30564,6302
-30563,6303
-30562,6304
-30561,6305
-30560,6306
-30559,6307
-30558,6308
-30557,6309
-30556,6310
-30555,6311
-30554,6312
-30553,6313
-30552,6314
-30551,6315
-30550,6316
-30549,6317
-30548,6318
-30547,6319
-30546,6320
-30545,6321
-30544,6322
-30543,6323
-30542,6324
-30541,6325
-30540,6326
-30539,6327
-30538,6328
-30537,6329
-30536,6330
-30535,6331
-30534,6332
-30533,6333
-30532,6334
-30531,6335
-30530,6336
-30529,6337
-30528,6338
-30527,6339
-30526,6340
-30525,6341
-30524,6342
-30523,6343
-30522,6344
-30521,6345
-30520,6346
-30519,6347
-30518,6348
-30517,6349
-30516,6350
-30515,6351
-30514,6352
-30513,6353
-30512,6354
-30511,6355
-30510,6356
-30509,6357
-30508,6358
-30507,6359
-30506,6360
-30505,6361
-30504,6362
-30503,6363
-30502,6364
-30501,6365
-30500,6366
-30499,6367
-30498,6368
-30497,6369
-30496,6370
-30495,6371
-30494,6372
-30493,6373
-30492,6374
-30491,6375
-30490,6376
-30489,6377
-30488,6378
-30487,6379
-30486,6380
-30485,6381
-30484,6382
-30483,6383
-30482,6384
-30481,6385
-30480,6386
-30479,6387
-30478,6388
-30477,6389
-30476,6390
-30475,6391
-30474,6392
-30473,6393
-30472,6394
-30471,6395
-30470,6396
-30469,6397
-30468,6398
-30467,6399
-30466,6400
-30465,6401
-30464,6402
-30463,6403
-30462,6404
-30461,6405
-30460,6406
-30459,6407
-30458,6408
-30457,6409
-30456,6410
-30455,6411
-30454,6412
-30453,6413
-30452,6414
-30451,6415
-30450,6416
-30449,6417
-30448,6418
-30447,6419
-30446,6420
-30445,6421
-30444,6422
-30443,6423
-30442,6424
-30441,6425
-30440,6426
-30439,6427
-30438,6428
-30437,6429
-30436,6430
-30435,6431
-30434,6432
-30433,6433
-30432,6434
-30431,6435
-30430,6436
-30429,6437
-30428,6438
-30427,6439
-30426,6440
-30425,6441
-30424,6442
-30423,6443
-30422,6444
-30421,6445
-30420,6446
-30419,6447
-30418,6448
-30417,6449
-30416,6450
-30415,6451
-30414,6452
-30413,6453
-30412,6454
-30411,6455
-30410,6456
-30409,6457
-30408,6458
-30407,6459
-30406,6460
-30405,6461
-30404,6462
-30403,6463
-30402,6464
-30401,6465
-30400,6466
-30399,6467
-30398,6468
-30397,6469
-30396,6470
-30395,6471
-30394,6472
-30393,6473
-30392,6474
-30391,6475
-30390,6476
-30389,6477
-30388,6478
-30387,6479
-30386,6480
-30385,6481
-30384,6482
-30383,6483
-30382,6484
-30381,6485
-30380,6486
-30379,6487
-30378,6488
-30377,6489
-30376,6490
-30375,6491
-30374,6492
-30373,6493
-30372,6494
-30371,6495
-30370,6496
-30369,6497
-30368,6498
-30367,6499
-30366,6500
-30365,6501
-30364,6502
-30363,6503
-30362,6504
-30361,6505
-30360,6506
-30359,6507
-30358,6508
-30357,6509
-30356,6510
-30355,6511
-30354,6512
-30353,6513
-30352,6514
-30351,6515
-30350,6516
-30349,6517
-30348,6518
-30347,6519
-30346,6520
-30345,6521
-30344,6522
-30343,6523
-30342,6524
-30341,6525
-30340,6526
-30339,6527
-30338,6528
-30337,6529
-30336,6530
-30335,6531
-30334,6532
-30333,6533
-30332,6534
-30331,6535
-30330,6536
-30329,6537
-30328,6538
-30327,6539
-30326,6540
-30325,6541
-30324,6542
-30323,6543
-30322,6544
-30321,6545
-30320,6546
-30319,6547
-30318,6548
-30317,6549
-30316,6550
-30315,6551
-30314,6552
-30313,6553
-30312,6554
-30311,6555
-30310,6556
-30309,6557
-30308,6558
-30307,6559
-30306,6560
-30305,6561
-30304,6562
-30303,6563
-30302,6564
-30301,6565
-30300,6566
-30299,6567
-30298,6568
-30297,6569
-30296,6570
-30295,6571
-30294,6572
-30293,6573
-30292,6574
-30291,6575
-30290,6576
-30289,6577
-30288,6578
-30287,6579
-30286,6580
-30285,6581
-30284,6582
-30283,6583
-30282,6584
-30281,6585
-30280,6586
-30279,6587
-30278,6588
-30277,6589
-30276,6590
-30275,6591
-30274,6592
-30273,6593
-30272,6594
-30271,6595
-30270,6596
-30269,6597
-30268,6598
-30267,6599
-30266,6600
-30265,6601
-30264,6602
-30263,6603
-30262,6604
-30261,6605
-30260,6606
-30259,6607
-30258,6608
-30257,6609
-30256,6610
-30255,6611
-30254,6612
-30253,6613
-30252,6614
-30251,6615
-30250,6616
-30249,6617
-30248,6618
-30247,6619
-30246,6620
-30245,6621
-30244,6622
-30243,6623
-30242,6624
-30241,6625
-30240,6626
-30239,6627
-30238,6628
-30237,6629
-30236,6630
-30235,6631
-30234,6632
-30233,6633
-30232,6634
-30231,6635
-30230,6636
-30229,6637
-30228,6638
-30227,6639
-30226,6640
-30225,6641
-30224,6642
-30223,6643
-30222,6644
-30221,6645
-30220,6646
-30219,6647
-30218,6648
-30217,6649
-30216,6650
-30215,6651
-30214,6652
-30213,6653
-30212,6654
-30211,6655
-30210,6656
-30209,6657
-30208,6658
-30207,6659
-30206,6660
-30205,6661
-30204,6662
-30203,6663
-30202,6664
-30201,6665
-30200,6666
-30199,6667
-30198,6668
-30197,6669
-30196,6670
-30195,6671
-30194,6672
-30193,6673
-30192,6674
-30191,6675
-30190,6676
-30189,6677
-30188,6678
-30187,6679
-30186,6680
-30185,6681
-30184,6682
-30183,6683
-30182,6684
-30181,6685
-30180,6686
-30179,6687
-30178,6688
-30177,6689
-30176,6690
-30175,6691
-30174,6692
-30173,6693
-30172,6694
-30171,6695
-30170,6696
-30169,6697
-30168,6698
-30167,6699
-30166,6700
-30165,6701
-30164,6702
-30163,6703
-30162,6704
-30161,6705
-30160,6706
-30159,6707
-30158,6708
-30157,6709
-30156,6710
-30155,6711
-30154,6712
-30153,6713
-30152,6714
-30151,6715
-30150,6716
-30149,6717
-30148,6718
-30147,6719
-30146,6720
-30145,6721
-30144,6722
-30143,6723
-30142,6724
-30141,6725
-30140,6726
-30139,6727
-30138,6728
-30137,6729
-30136,6730
-30135,6731
-30134,6732
-30133,6733
-30132,6734
-30131,6735
-30130,6736
-30129,6737
-30128,6738
-30127,6739
-30126,6740
-30125,6741
-30124,6742
-30123,6743
-30122,6744
-30121,6745
-30120,6746
-30119,6747
-30118,6748
-30117,6749
-30116,6750
-30115,6751
-30114,6752
-30113,6753
-30112,6754
-30111,6755
-30110,6756
-30109,6757
-30108,6758
-30107,6759
-30106,6760
-30105,6761
-30104,6762
-30103,6763
-30102,6764
-30101,6765
-30100,6766
-30099,6767
-30098,6768
-30097,6769
-30096,6770
-30095,6771
-30094,6772
-30093,6773
-30092,6774
-30091,6775
-30090,6776
-30089,6777
-30088,6778
-30087,6779
-30086,6780
-30085,6781
-30084,6782
-30083,6783
-30082,6784
-30081,6785
-30080,6786
-30079,6787
-30078,6788
-30077,6789
-30076,6790
-30075,6791
-30074,6792
-30073,6793
-30072,6794
-30071,6795
-30070,6796
-30069,6797
-30068,6798
-30067,6799
-30066,6800
-30065,6801
-30064,6802
-30063,6803
-30062,6804
-30061,6805
-30060,6806
-30059,6807
-30058,6808
-30057,6809
-30056,6810
-30055,6811
-30054,6812
-30053,6813
-30052,6814
-30051,6815
-30050,6816
-30049,6817
-30048,6818
-30047,6819
-30046,6820
-30045,6821
-30044,6822
-30043,6823
-30042,6824
-30041,6825
-30040,6826
-30039,6827
-30038,6828
-30037,6829
-30036,6830
-30035,6831
-30034,6832
-30033,6833
-30032,6834
-30031,6835
-30030,6836
-30029,6837
-30028,6838
-30027,6839
-30026,6840
-30025,6841
-30024,6842
-30023,6843
-30022,6844
-30021,6845
-30020,6846
-30019,6847
-30018,6848
-30017,6849
-30016,6850
-30015,6851
-30014,6852
-30013,6853
-30012,6854
-30011,6855
-30010,6856
-30009,6857
-30008,6858
-30007,6859
-30006,6860
-30005,6861
-30004,6862
-30003,6863
-30002,6864
-30001,6865
-30000,6866
-29999,6867
-29998,6868
-29997,6869
-29996,6870
-29995,6871
-29994,6872
-29993,6873
-29992,6874
-29991,6875
-29990,6876
-29989,6877
-29988,6878
-29987,6879
-29986,6880
-29985,6881
-29984,6882
-29983,6883
-29982,6884
-29981,6885
-29980,6886
-29979,6887
-29978,6888
-29977,6889
-29976,6890
-29975,6891
-29974,6892
-29973,6893
-29972,6894
-29971,6895
-29970,6896
-29969,6897
-29968,6898
-29967,6899
-29966,6900
-29965,6901
-29964,6902
-29963,6903
-29962,6904
-29961,6905
-29960,6906
-29959,6907
-29958,6908
-29957,6909
-29956,6910
-29955,6911
-29954,6912
-29953,6913
-29952,6914
-29951,6915
-29950,6916
-29949,6917
-29948,6918
-29947,6919
-29946,6920
-29945,6921
-29944,6922
-29943,6923
-29942,6924
-29941,6925
-29940,6926
-29939,6927
-29938,6928
-29937,6929
-29936,6930
-29935,6931
-29934,6932
-29933,6933
-29932,6934
-29931,6935
-29930,6936
-29929,6937
-29928,6938
-29927,6939
-29926,6940
-29925,6941
-29924,6942
-29923,6943
-29922,6944
-29921,6945
-29920,6946
-29919,6947
-29918,6948
-29917,6949
-29916,6950
-29915,6951
-29914,6952
-29913,6953
-29912,6954
-29911,6955
-29910,6956
-29909,6957
-29908,6958
-29907,6959
-29906,6960
-29905,6961
-29904,6962
-29903,6963
-29902,6964
-29901,6965
-29900,6966
-29899,6967
-29898,6968
-29897,6969
-29896,6970
-29895,6971
-29894,6972
-29893,6973
-29892,6974
-29891,6975
-29890,6976
-29889,6977
-29888,6978
-29887,6979
-29886,6980
-29885,6981
-29884,6982
-29883,6983
-29882,6984
-29881,6985
-29880,6986
-29879,6987
-29878,6988
-29877,6989
-29876,6990
-29875,6991
-29874,6992
-29873,6993
-29872,6994
-29871,6995
-29870,6996
-29869,6997
-29868,6998
-29867,6999
-29866,7000
-29865,7001
-29864,7002
-29863,7003
-29862,7004
-29861,7005
-29860,7006
-29859,7007
-29858,7008
-29857,7009
-29856,7010
-29855,7011
-29854,7012
-29853,7013
-29852,7014
-29851,7015
-29850,7016
-29849,7017
-29848,7018
-29847,7019
-29846,7020
-29845,7021
-29844,7022
-29843,7023
-29842,7024
-29841,7025
-29840,7026
-29839,7027
-29838,7028
-29837,7029
-29836,7030
-29835,7031
-29834,7032
-29833,7033
-29832,7034
-29831,7035
-29830,7036
-29829,7037
-29828,7038
-29827,7039
-29826,7040
-29825,7041
-29824,7042
-29823,7043
-29822,7044
-29821,7045
-29820,7046
-29819,7047
-29818,7048
-29817,7049
-29816,7050
-29815,7051
-29814,7052
-29813,7053
-29812,7054
-29811,7055
-29810,7056
-29809,7057
-29808,7058
-29807,7059
-29806,7060
-29805,7061
-29804,7062
-29803,7063
-29802,7064
-29801,7065
-29800,7066
-29799,7067
-29798,7068
-29797,7069
-29796,7070
-29795,7071
-29794,7072
-29793,7073
-29792,7074
-29791,7075
-29790,7076
-29789,7077
-29788,7078
-29787,7079
-29786,7080
-29785,7081
-29784,7082
-29783,7083
-29782,7084
-29781,7085
-29780,7086
-29779,7087
-29778,7088
-29777,7089
-29776,7090
-29775,7091
-29774,7092
-29773,7093
-29772,7094
-29771,7095
-29770,7096
-29769,7097
-29768,7098
-29767,7099
-29766,7100
-29765,7101
-29764,7102
-29763,7103
-29762,7104
-29761,7105
-29760,7106
-29759,7107
-29758,7108
-29757,7109
-29756,7110
-29755,7111
-29754,7112
-29753,7113
-29752,7114
-29751,7115
-29750,7116
-29749,7117
-29748,7118
-29747,7119
-29746,7120
-29745,7121
-29744,7122
-29743,7123
-29742,7124
-29741,7125
-29740,7126
-29739,7127
-29738,7128
-29737,7129
-29736,7130
-29735,7131
-29734,7132
-29733,7133
-29732,7134
-29731,7135
-29730,7136
-29729,7137
-29728,7138
-29727,7139
-29726,7140
-29725,7141
-29724,7142
-29723,7143
-29722,7144
-29721,7145
-29720,7146
-29719,7147
-29718,7148
-29717,7149
-29716,7150
-29715,7151
-29714,7152
-29713,7153
-29712,7154
-29711,7155
-29710,7156
-29709,7157
-29708,7158
-29707,7159
-29706,7160
-29705,7161
-29704,7162
-29703,7163
-29702,7164
-29701,7165
-29700,7166
-29699,7167
-29698,7168
-29697,7169
-29696,7170
-29695,7171
-29694,7172
-29693,7173
-29692,7174
-29691,7175
-29690,7176
-29689,7177
-29688,7178
-29687,7179
-29686,7180
-29685,7181
-29684,7182
-29683,7183
-29682,7184
-29681,7185
-29680,7186
-29679,7187
-29678,7188
-29677,7189
-29676,7190
-29675,7191
-29674,7192
-29673,7193
-29672,7194
-29671,7195
-29670,7196
-29669,7197
-29668,7198
-29667,7199
-29666,7200
-29665,7201
-29664,7202
-29663,7203
-29662,7204
-29661,7205
-29660,7206
-29659,7207
-29658,7208
-29657,7209
-29656,7210
-29655,7211
-29654,7212
-29653,7213
-29652,7214
-29651,7215
-29650,7216
-29649,7217
-29648,7218
-29647,7219
-29646,7220
-29645,7221
-29644,7222
-29643,7223
-29642,7224
-29641,7225
-29640,7226
-29639,7227
-29638,7228
-29637,7229
-29636,7230
-29635,7231
-29634,7232
-29633,7233
-29632,7234
-29631,7235
-29630,7236
-29629,7237
-29628,7238
-29627,7239
-29626,7240
-29625,7241
-29624,7242
-29623,7243
-29622,7244
-29621,7245
-29620,7246
-29619,7247
-29618,7248
-29617,7249
-29616,7250
-29615,7251
-29614,7252
-29613,7253
-29612,7254
-29611,7255
-29610,7256
-29609,7257
-29608,7258
-29607,7259
-29606,7260
-29605,7261
-29604,7262
-29603,7263
-29602,7264
-29601,7265
-29600,7266
-29599,7267
-29598,7268
-29597,7269
-29596,7270
-29595,7271
-29594,7272
-29593,7273
-29592,7274
-29591,7275
-29590,7276
-29589,7277
-29588,7278
-29587,7279
-29586,7280
-29585,7281
-29584,7282
-29583,7283
-29582,7284
-29581,7285
-29580,7286
-29579,7287
-29578,7288
-29577,7289
-29576,7290
-29575,7291
-29574,7292
-29573,7293
-29572,7294
-29571,7295
-29570,7296
-29569,7297
-29568,7298
-29567,7299
-29566,7300
-29565,7301
-29564,7302
-29563,7303
-29562,7304
-29561,7305
-29560,7306
-29559,7307
-29558,7308
-29557,7309
-29556,7310
-29555,7311
-29554,7312
-29553,7313
-29552,7314
-29551,7315
-29550,7316
-29549,7317
-29548,7318
-29547,7319
-29546,7320
-29545,7321
-29544,7322
-29543,7323
-29542,7324
-29541,7325
-29540,7326
-29539,7327
-29538,7328
-29537,7329
-29536,7330
-29535,7331
-29534,7332
-29533,7333
-29532,7334
-29531,7335
-29530,7336
-29529,7337
-29528,7338
-29527,7339
-29526,7340
-29525,7341
-29524,7342
-29523,7343
-29522,7344
-29521,7345
-29520,7346
-29519,7347
-29518,7348
-29517,7349
-29516,7350
-29515,7351
-29514,7352
-29513,7353
-29512,7354
-29511,7355
-29510,7356
-29509,7357
-29508,7358
-29507,7359
-29506,7360
-29505,7361
-29504,7362
-29503,7363
-29502,7364
-29501,7365
-29500,7366
-29499,7367
-29498,7368
-29497,7369
-29496,7370
-29495,7371
-29494,7372
-29493,7373
-29492,7374
-29491,7375
-29490,7376
-29489,7377
-29488,7378
-29487,7379
-29486,7380
-29485,7381
-29484,7382
-29483,7383
-29482,7384
-29481,7385
-29480,7386
-29479,7387
-29478,7388
-29477,7389
-29476,7390
-29475,7391
-29474,7392
-29473,7393
-29472,7394
-29471,7395
-29470,7396
-29469,7397
-29468,7398
-29467,7399
-29466,7400
-29465,7401
-29464,7402
-29463,7403
-29462,7404
-29461,7405
-29460,7406
-29459,7407
-29458,7408
-29457,7409
-29456,7410
-29455,7411
-29454,7412
-29453,7413
-29452,7414
-29451,7415
-29450,7416
-29449,7417
-29448,7418
-29447,7419
-29446,7420
-29445,7421
-29444,7422
-29443,7423
-29442,7424
-29441,7425
-29440,7426
-29439,7427
-29438,7428
-29437,7429
-29436,7430
-29435,7431
-29434,7432
-29433,7433
-29432,7434
-29431,7435
-29430,7436
-29429,7437
-29428,7438
-29427,7439
-29426,7440
-29425,7441
-29424,7442
-29423,7443
-29422,7444
-29421,7445
-29420,7446
-29419,7447
-29418,7448
-29417,7449
-29416,7450
-29415,7451
-29414,7452
-29413,7453
-29412,7454
-29411,7455
-29410,7456
-29409,7457
-29408,7458
-29407,7459
-29406,7460
-29405,7461
-29404,7462
-29403,7463
-29402,7464
-29401,7465
-29400,7466
-29399,7467
-29398,7468
-29397,7469
-29396,7470
-29395,7471
-29394,7472
-29393,7473
-29392,7474
-29391,7475
-29390,7476
-29389,7477
-29388,7478
-29387,7479
-29386,7480
-29385,7481
-29384,7482
-29383,7483
-29382,7484
-29381,7485
-29380,7486
-29379,7487
-29378,7488
-29377,7489
-29376,7490
-29375,7491
-29374,7492
-29373,7493
-29372,7494
-29371,7495
-29370,7496
-29369,7497
-29368,7498
-29367,7499
-29366,7500
-29365,7501
-29364,7502
-29363,7503
-29362,7504
-29361,7505
-29360,7506
-29359,7507
-29358,7508
-29357,7509
-29356,7510
-29355,7511
-29354,7512
-29353,7513
-29352,7514
-29351,7515
-29350,7516
-29349,7517
-29348,7518
-29347,7519
-29346,7520
-29345,7521
-29344,7522
-29343,7523
-29342,7524
-29341,7525
-29340,7526
-29339,7527
-29338,7528
-29337,7529
-29336,7530
-29335,7531
-29334,7532
-29333,7533
-29332,7534
-29331,7535
-29330,7536
-29329,7537
-29328,7538
-29327,7539
-29326,7540
-29325,7541
-29324,7542
-29323,7543
-29322,7544
-29321,7545
-29320,7546
-29319,7547
-29318,7548
-29317,7549
-29316,7550
-29315,7551
-29314,7552
-29313,7553
-29312,7554
-29311,7555
-29310,7556
-29309,7557
-29308,7558
-29307,7559
-29306,7560
-29305,7561
-29304,7562
-29303,7563
-29302,7564
-29301,7565
-29300,7566
-29299,7567
-29298,7568
-29297,7569
-29296,7570
-29295,7571
-29294,7572
-29293,7573
-29292,7574
-29291,7575
-29290,7576
-29289,7577
-29288,7578
-29287,7579
-29286,7580
-29285,7581
-29284,7582
-29283,7583
-29282,7584
-29281,7585
-29280,7586
-29279,7587
-29278,7588
-29277,7589
-29276,7590
-29275,7591
-29274,7592
-29273,7593
-29272,7594
-29271,7595
-29270,7596
-29269,7597
-29268,7598
-29267,7599
-29266,7600
-29265,7601
-29264,7602
-29263,7603
-29262,7604
-29261,7605
-29260,7606
-29259,7607
-29258,7608
-29257,7609
-29256,7610
-29255,7611
-29254,7612
-29253,7613
-29252,7614
-29251,7615
-29250,7616
-29249,7617
-29248,7618
-29247,7619
-29246,7620
-29245,7621
-29244,7622
-29243,7623
-29242,7624
-29241,7625
-29240,7626
-29239,7627
-29238,7628
-29237,7629
-29236,7630
-29235,7631
-29234,7632
-29233,7633
-29232,7634
-29231,7635
-29230,7636
-29229,7637
-29228,7638
-29227,7639
-29226,7640
-29225,7641
-29224,7642
-29223,7643
-29222,7644
-29221,7645
-29220,7646
-29219,7647
-29218,7648
-29217,7649
-29216,7650
-29215,7651
-29214,7652
-29213,7653
-29212,7654
-29211,7655
-29210,7656
-29209,7657
-29208,7658
-29207,7659
-29206,7660
-29205,7661
-29204,7662
-29203,7663
-29202,7664
-29201,7665
-29200,7666
-29199,7667
-29198,7668
-29197,7669
-29196,7670
-29195,7671
-29194,7672
-29193,7673
-29192,7674
-29191,7675
-29190,7676
-29189,7677
-29188,7678
-29187,7679
-29186,7680
-29185,7681
-29184,7682
-29183,7683
-29182,7684
-29181,7685
-29180,7686
-29179,7687
-29178,7688
-29177,7689
-29176,7690
-29175,7691
-29174,7692
-29173,7693
-29172,7694
-29171,7695
-29170,7696
-29169,7697
-29168,7698
-29167,7699
-29166,7700
-29165,7701
-29164,7702
-29163,7703
-29162,7704
-29161,7705
-29160,7706
-29159,7707
-29158,7708
-29157,7709
-29156,7710
-29155,7711
-29154,7712
-29153,7713
-29152,7714
-29151,7715
-29150,7716
-29149,7717
-29148,7718
-29147,7719
-29146,7720
-29145,7721
-29144,7722
-29143,7723
-29142,7724
-29141,7725
-29140,7726
-29139,7727
-29138,7728
-29137,7729
-29136,7730
-29135,7731
-29134,7732
-29133,7733
-29132,7734
-29131,7735
-29130,7736
-29129,7737
-29128,7738
-29127,7739
-29126,7740
-29125,7741
-29124,7742
-29123,7743
-29122,7744
-29121,7745
-29120,7746
-29119,7747
-29118,7748
-29117,7749
-29116,7750
-29115,7751
-29114,7752
-29113,7753
-29112,7754
-29111,7755
-29110,7756
-29109,7757
-29108,7758
-29107,7759
-29106,7760
-29105,7761
-29104,7762
-29103,7763
-29102,7764
-29101,7765
-29100,7766
-29099,7767
-29098,7768
-29097,7769
-29096,7770
-29095,7771
-29094,7772
-29093,7773
-29092,7774
-29091,7775
-29090,7776
-29089,7777
-29088,7778
-29087,7779
-29086,7780
-29085,7781
-29084,7782
-29083,7783
-29082,7784
-29081,7785
-29080,7786
-29079,7787
-29078,7788
-29077,7789
-29076,7790
-29075,7791
-29074,7792
-29073,7793
-29072,7794
-29071,7795
-29070,7796
-29069,7797
-29068,7798
-29067,7799
-29066,7800
-29065,7801
-29064,7802
-29063,7803
-29062,7804
-29061,7805
-29060,7806
-29059,7807
-29058,7808
-29057,7809
-29056,7810
-29055,7811
-29054,7812
-29053,7813
-29052,7814
-29051,7815
-29050,7816
-29049,7817
-29048,7818
-29047,7819
-29046,7820
-29045,7821
-29044,7822
-29043,7823
-29042,7824
-29041,7825
-29040,7826
-29039,7827
-29038,7828
-29037,7829
-29036,7830
-29035,7831
-29034,7832
-29033,7833
-29032,7834
-29031,7835
-29030,7836
-29029,7837
-29028,7838
-29027,7839
-29026,7840
-29025,7841
-29024,7842
-29023,7843
-29022,7844
-29021,7845
-29020,7846
-29019,7847
-29018,7848
-29017,7849
-29016,7850
-29015,7851
-29014,7852
-29013,7853
-29012,7854
-29011,7855
-29010,7856
-29009,7857
-29008,7858
-29007,7859
-29006,7860
-29005,7861
-29004,7862
-29003,7863
-29002,7864
-29001,7865
-29000,7866
-28999,7867
-28998,7868
-28997,7869
-28996,7870
-28995,7871
-28994,7872
-28993,7873
-28992,7874
-28991,7875
-28990,7876
-28989,7877
-28988,7878
-28987,7879
-28986,7880
-28985,7881
-28984,7882
-28983,7883
-28982,7884
-28981,7885
-28980,7886
-28979,7887
-28978,7888
-28977,7889
-28976,7890
-28975,7891
-28974,7892
-28973,7893
-28972,7894
-28971,7895
-28970,7896
-28969,7897
-28968,7898
-28967,7899
-28966,7900
-28965,7901
-28964,7902
-28963,7903
-28962,7904
-28961,7905
-28960,7906
-28959,7907
-28958,7908
-28957,7909
-28956,7910
-28955,7911
-28954,7912
-28953,7913
-28952,7914
-28951,7915
-28950,7916
-28949,7917
-28948,7918
-28947,7919
-28946,7920
-28945,7921
-28944,7922
-28943,7923
-28942,7924
-28941,7925
-28940,7926
-28939,7927
-28938,7928
-28937,7929
-28936,7930
-28935,7931
-28934,7932
-28933,7933
-28932,7934
-28931,7935
-28930,7936
-28929,7937
-28928,7938
-28927,7939
-28926,7940
-28925,7941
-28924,7942
-28923,7943
-28922,7944
-28921,7945
-28920,7946
-28919,7947
-28918,7948
-28917,7949
-28916,7950
-28915,7951
-28914,7952
-28913,7953
-28912,7954
-28911,7955
-28910,7956
-28909,7957
-28908,7958
-28907,7959
-28906,7960
-28905,7961
-28904,7962
-28903,7963
-28902,7964
-28901,7965
-28900,7966
-28899,7967
-28898,7968
-28897,7969
-28896,7970
-28895,7971
-28894,7972
-28893,7973
-28892,7974
-28891,7975
-28890,7976
-28889,7977
-28888,7978
-28887,7979
-28886,7980
-28885,7981
-28884,7982
-28883,7983
-28882,7984
-28881,7985
-28880,7986
-28879,7987
-28878,7988
-28877,7989
-28876,7990
-28875,7991
-28874,7992
-28873,7993
-28872,7994
-28871,7995
-28870,7996
-28869,7997
-28868,7998
-28867,7999
-28866,8000
-28865,8001
-28864,8002
-28863,8003
-28862,8004
-28861,8005
-28860,8006
-28859,8007
-28858,8008
-28857,8009
-28856,8010
-28855,8011
-28854,8012
-28853,8013
-28852,8014
-28851,8015
-28850,8016
-28849,8017
-28848,8018
-28847,8019
-28846,8020
-28845,8021
-28844,8022
-28843,8023
-28842,8024
-28841,8025
-28840,8026
-28839,8027
-28838,8028
-28837,8029
-28836,8030
-28835,8031
-28834,8032
-28833,8033
-28832,8034
-28831,8035
-28830,8036
-28829,8037
-28828,8038
-28827,8039
-28826,8040
-28825,8041
-28824,8042
-28823,8043
-28822,8044
-28821,8045
-28820,8046
-28819,8047
-28818,8048
-28817,8049
-28816,8050
-28815,8051
-28814,8052
-28813,8053
-28812,8054
-28811,8055
-28810,8056
-28809,8057
-28808,8058
-28807,8059
-28806,8060
-28805,8061
-28804,8062
-28803,8063
-28802,8064
-28801,8065
-28800,8066
-28799,8067
-28798,8068
-28797,8069
-28796,8070
-28795,8071
-28794,8072
-28793,8073
-28792,8074
-28791,8075
-28790,8076
-28789,8077
-28788,8078
-28787,8079
-28786,8080
-28785,8081
-28784,8082
-28783,8083
-28782,8084
-28781,8085
-28780,8086
-28779,8087
-28778,8088
-28777,8089
-28776,8090
-28775,8091
-28774,8092
-28773,8093
-28772,8094
-28771,8095
-28770,8096
-28769,8097
-28768,8098
-28767,8099
-28766,8100
-28765,8101
-28764,8102
-28763,8103
-28762,8104
-28761,8105
-28760,8106
-28759,8107
-28758,8108
-28757,8109
-28756,8110
-28755,8111
-28754,8112
-28753,8113
-28752,8114
-28751,8115
-28750,8116
-28749,8117
-28748,8118
-28747,8119
-28746,8120
-28745,8121
-28744,8122
-28743,8123
-28742,8124
-28741,8125
-28740,8126
-28739,8127
-28738,8128
-28737,8129
-28736,8130
-28735,8131
-28734,8132
-28733,8133
-28732,8134
-28731,8135
-28730,8136
-28729,8137
-28728,8138
-28727,8139
-28726,8140
-28725,8141
-28724,8142
-28723,8143
-28722,8144
-28721,8145
-28720,8146
-28719,8147
-28718,8148
-28717,8149
-28716,8150
-28715,8151
-28714,8152
-28713,8153
-28712,8154
-28711,8155
-28710,8156
-28709,8157
-28708,8158
-28707,8159
-28706,8160
-28705,8161
-28704,8162
-28703,8163
-28702,8164
-28701,8165
-28700,8166
-28699,8167
-28698,8168
-28697,8169
-28696,8170
-28695,8171
-28694,8172
-28693,8173
-28692,8174
-28691,8175
-28690,8176
-28689,8177
-28688,8178
-28687,8179
-28686,8180
-28685,8181
-28684,8182
-28683,8183
-28682,8184
-28681,8185
-28680,8186
-28679,8187
-28678,8188
-28677,8189
-28676,8190
-28675,8191
-28674,8192
-28673,8193
-28672,8194
-28671,8195
-28670,8196
-28669,8197
-28668,8198
-28667,8199
-28666,8200
-28665,8201
-28664,8202
-28663,8203
-28662,8204
-28661,8205
-28660,8206
-28659,8207
-28658,8208
-28657,8209
-28656,8210
-28655,8211
-28654,8212
-28653,8213
-28652,8214
-28651,8215
-28650,8216
-28649,8217
-28648,8218
-28647,8219
-28646,8220
-28645,8221
-28644,8222
-28643,8223
-28642,8224
-28641,8225
-28640,8226
-28639,8227
-28638,8228
-28637,8229
-28636,8230
-28635,8231
-28634,8232
-28633,8233
-28632,8234
-28631,8235
-28630,8236
-28629,8237
-28628,8238
-28627,8239
-28626,8240
-28625,8241
-28624,8242
-28623,8243
-28622,8244
-28621,8245
-28620,8246
-28619,8247
-28618,8248
-28617,8249
-28616,8250
-28615,8251
-28614,8252
-28613,8253
-28612,8254
-28611,8255
-28610,8256
-28609,8257
-28608,8258
-28607,8259
-28606,8260
-28605,8261
-28604,8262
-28603,8263
-28602,8264
-28601,8265
-28600,8266
-28599,8267
-28598,8268
-28597,8269
-28596,8270
-28595,8271
-28594,8272
-28593,8273
-28592,8274
-28591,8275
-28590,8276
-28589,8277
-28588,8278
-28587,8279
-28586,8280
-28585,8281
-28584,8282
-28583,8283
-28582,8284
-28581,8285
-28580,8286
-28579,8287
-28578,8288
-28577,8289
-28576,8290
-28575,8291
-28574,8292
-28573,8293
-28572,8294
-28571,8295
-28570,8296
-28569,8297
-28568,8298
-28567,8299
-28566,8300
-28565,8301
-28564,8302
-28563,8303
-28562,8304
-28561,8305
-28560,8306
-28559,8307
-28558,8308
-28557,8309
-28556,8310
-28555,8311
-28554,8312
-28553,8313
-28552,8314
-28551,8315
-28550,8316
-28549,8317
-28548,8318
-28547,8319
-28546,8320
-28545,8321
-28544,8322
-28543,8323
-28542,8324
-28541,8325
-28540,8326
-28539,8327
-28538,8328
-28537,8329
-28536,8330
-28535,8331
-28534,8332
-28533,8333
-28532,8334
-28531,8335
-28530,8336
-28529,8337
-28528,8338
-28527,8339
-28526,8340
-28525,8341
-28524,8342
-28523,8343
-28522,8344
-28521,8345
-28520,8346
-28519,8347
-28518,8348
-28517,8349
-28516,8350
-28515,8351
-28514,8352
-28513,8353
-28512,8354
-28511,8355
-28510,8356
-28509,8357
-28508,8358
-28507,8359
-28506,8360
-28505,8361
-28504,8362
-28503,8363
-28502,8364
-28501,8365
-28500,8366
-28499,8367
-28498,8368
-28497,8369
-28496,8370
-28495,8371
-28494,8372
-28493,8373
-28492,8374
-28491,8375
-28490,8376
-28489,8377
-28488,8378
-28487,8379
-28486,8380
-28485,8381
-28484,8382
-28483,8383
-28482,8384
-28481,8385
-28480,8386
-28479,8387
-28478,8388
-28477,8389
-28476,8390
-28475,8391
-28474,8392
-28473,8393
-28472,8394
-28471,8395
-28470,8396
-28469,8397
-28468,8398
-28467,8399
-28466,8400
-28465,8401
-28464,8402
-28463,8403
-28462,8404
-28461,8405
-28460,8406
-28459,8407
-28458,8408
-28457,8409
-28456,8410
-28455,8411
-28454,8412
-28453,8413
-28452,8414
-28451,8415
-28450,8416
-28449,8417
-28448,8418
-28447,8419
-28446,8420
-28445,8421
-28444,8422
-28443,8423
-28442,8424
-28441,8425
-28440,8426
-28439,8427
-28438,8428
-28437,8429
-28436,8430
-28435,8431
-28434,8432
-28433,8433
-28432,8434
-28431,8435
-28430,8436
-28429,8437
-28428,8438
-28427,8439
-28426,8440
-28425,8441
-28424,8442
-28423,8443
-28422,8444
-28421,8445
-28420,8446
-28419,8447
-28418,8448
-28417,8449
-28416,8450
-28415,8451
-28414,8452
-28413,8453
-28412,8454
-28411,8455
-28410,8456
-28409,8457
-28408,8458
-28407,8459
-28406,8460
-28405,8461
-28404,8462
-28403,8463
-28402,8464
-28401,8465
-28400,8466
-28399,8467
-28398,8468
-28397,8469
-28396,8470
-28395,8471
-28394,8472
-28393,8473
-28392,8474
-28391,8475
-28390,8476
-28389,8477
-28388,8478
-28387,8479
-28386,8480
-28385,8481
-28384,8482
-28383,8483
-28382,8484
-28381,8485
-28380,8486
-28379,8487
-28378,8488
-28377,8489
-28376,8490
-28375,8491
-28374,8492
-28373,8493
-28372,8494
-28371,8495
-28370,8496
-28369,8497
-28368,8498
-28367,8499
-28366,8500
-28365,8501
-28364,8502
-28363,8503
-28362,8504
-28361,8505
-28360,8506
-28359,8507
-28358,8508
-28357,8509
-28356,8510
-28355,8511
-28354,8512
-28353,8513
-28352,8514
-28351,8515
-28350,8516
-28349,8517
-28348,8518
-28347,8519
-28346,8520
-28345,8521
-28344,8522
-28343,8523
-28342,8524
-28341,8525
-28340,8526
-28339,8527
-28338,8528
-28337,8529
-28336,8530
-28335,8531
-28334,8532
-28333,8533
-28332,8534
-28331,8535
-28330,8536
-28329,8537
-28328,8538
-28327,8539
-28326,8540
-28325,8541
-28324,8542
-28323,8543
-28322,8544
-28321,8545
-28320,8546
-28319,8547
-28318,8548
-28317,8549
-28316,8550
-28315,8551
-28314,8552
-28313,8553
-28312,8554
-28311,8555
-28310,8556
-28309,8557
-28308,8558
-28307,8559
-28306,8560
-28305,8561
-28304,8562
-28303,8563
-28302,8564
-28301,8565
-28300,8566
-28299,8567
-28298,8568
-28297,8569
-28296,8570
-28295,8571
-28294,8572
-28293,8573
-28292,8574
-28291,8575
-28290,8576
-28289,8577
-28288,8578
-28287,8579
-28286,8580
-28285,8581
-28284,8582
-28283,8583
-28282,8584
-28281,8585
-28280,8586
-28279,8587
-28278,8588
-28277,8589
-28276,8590
-28275,8591
-28274,8592
-28273,8593
-28272,8594
-28271,8595
-28270,8596
-28269,8597
-28268,8598
-28267,8599
-28266,8600
-28265,8601
-28264,8602
-28263,8603
-28262,8604
-28261,8605
-28260,8606
-28259,8607
-28258,8608
-28257,8609
-28256,8610
-28255,8611
-28254,8612
-28253,8613
-28252,8614
-28251,8615
-28250,8616
-28249,8617
-28248,8618
-28247,8619
-28246,8620
-28245,8621
-28244,8622
-28243,8623
-28242,8624
-28241,8625
-28240,8626
-28239,8627
-28238,8628
-28237,8629
-28236,8630
-28235,8631
-28234,8632
-28233,8633
-28232,8634
-28231,8635
-28230,8636
-28229,8637
-28228,8638
-28227,8639
-28226,8640
-28225,8641
-28224,8642
-28223,8643
-28222,8644
-28221,8645
-28220,8646
-28219,8647
-28218,8648
-28217,8649
-28216,8650
-28215,8651
-28214,8652
-28213,8653
-28212,8654
-28211,8655
-28210,8656
-28209,8657
-28208,8658
-28207,8659
-28206,8660
-28205,8661
-28204,8662
-28203,8663
-28202,8664
-28201,8665
-28200,8666
-28199,8667
-28198,8668
-28197,8669
-28196,8670
-28195,8671
-28194,8672
-28193,8673
-28192,8674
-28191,8675
-28190,8676
-28189,8677
-28188,8678
-28187,8679
-28186,8680
-28185,8681
-28184,8682
-28183,8683
-28182,8684
-28181,8685
-28180,8686
-28179,8687
-28178,8688
-28177,8689
-28176,8690
-28175,8691
-28174,8692
-28173,8693
-28172,8694
-28171,8695
-28170,8696
-28169,8697
-28168,8698
-28167,8699
-28166,8700
-28165,8701
-28164,8702
-28163,8703
-28162,8704
-28161,8705
-28160,8706
-28159,8707
-28158,8708
-28157,8709
-28156,8710
-28155,8711
-28154,8712
-28153,8713
-28152,8714
-28151,8715
-28150,8716
-28149,8717
-28148,8718
-28147,8719
-28146,8720
-28145,8721
-28144,8722
-28143,8723
-28142,8724
-28141,8725
-28140,8726
-28139,8727
-28138,8728
-28137,8729
-28136,8730
-28135,8731
-28134,8732
-28133,8733
-28132,8734
-28131,8735
-28130,8736
-28129,8737
-28128,8738
-28127,8739
-28126,8740
-28125,8741
-28124,8742
-28123,8743
-28122,8744
-28121,8745
-28120,8746
-28119,8747
-28118,8748
-28117,8749
-28116,8750
-28115,8751
-28114,8752
-28113,8753
-28112,8754
-28111,8755
-28110,8756
-28109,8757
-28108,8758
-28107,8759
-28106,8760
-28105,8761
-28104,8762
-28103,8763
-28102,8764
-28101,8765
-28100,8766
-28099,8767
-28098,8768
-28097,8769
-28096,8770
-28095,8771
-28094,8772
-28093,8773
-28092,8774
-28091,8775
-28090,8776
-28089,8777
-28088,8778
-28087,8779
-28086,8780
-28085,8781
-28084,8782
-28083,8783
-28082,8784
-28081,8785
-28080,8786
-28079,8787
-28078,8788
-28077,8789
-28076,8790
-28075,8791
-28074,8792
-28073,8793
-28072,8794
-28071,8795
-28070,8796
-28069,8797
-28068,8798
-28067,8799
-28066,8800
-28065,8801
-28064,8802
-28063,8803
-28062,8804
-28061,8805
-28060,8806
-28059,8807
-28058,8808
-28057,8809
-28056,8810
-28055,8811
-28054,8812
-28053,8813
-28052,8814
-28051,8815
-28050,8816
-28049,8817
-28048,8818
-28047,8819
-28046,8820
-28045,8821
-28044,8822
-28043,8823
-28042,8824
-28041,8825
-28040,8826
-28039,8827
-28038,8828
-28037,8829
-28036,8830
-28035,8831
-28034,8832
-28033,8833
-28032,8834
-28031,8835
-28030,8836
-28029,8837
-28028,8838
-28027,8839
-28026,8840
-28025,8841
-28024,8842
-28023,8843
-28022,8844
-28021,8845
-28020,8846
-28019,8847
-28018,8848
-28017,8849
-28016,8850
-28015,8851
-28014,8852
-28013,8853
-28012,8854
-28011,8855
-28010,8856
-28009,8857
-28008,8858
-28007,8859
-28006,8860
-28005,8861
-28004,8862
-28003,8863
-28002,8864
-28001,8865
-28000,8866
-27999,8867
-27998,8868
-27997,8869
-27996,8870
-27995,8871
-27994,8872
-27993,8873
-27992,8874
-27991,8875
-27990,8876
-27989,8877
-27988,8878
-27987,8879
-27986,8880
-27985,8881
-27984,8882
-27983,8883
-27982,8884
-27981,8885
-27980,8886
-27979,8887
-27978,8888
-27977,8889
-27976,8890
-27975,8891
-27974,8892
-27973,8893
-27972,8894
-27971,8895
-27970,8896
-27969,8897
-27968,8898
-27967,8899
-27966,8900
-27965,8901
-27964,8902
-27963,8903
-27962,8904
-27961,8905
-27960,8906
-27959,8907
-27958,8908
-27957,8909
-27956,8910
-27955,8911
-27954,8912
-27953,8913
-27952,8914
-27951,8915
-27950,8916
-27949,8917
-27948,8918
-27947,8919
-27946,8920
-27945,8921
-27944,8922
-27943,8923
-27942,8924
-27941,8925
-27940,8926
-27939,8927
-27938,8928
-27937,8929
-27936,8930
-27935,8931
-27934,8932
-27933,8933
-27932,8934
-27931,8935
-27930,8936
-27929,8937
-27928,8938
-27927,8939
-27926,8940
-27925,8941
-27924,8942
-27923,8943
-27922,8944
-27921,8945
-27920,8946
-27919,8947
-27918,8948
-27917,8949
-27916,8950
-27915,8951
-27914,8952
-27913,8953
-27912,8954
-27911,8955
-27910,8956
-27909,8957
-27908,8958
-27907,8959
-27906,8960
-27905,8961
-27904,8962
-27903,8963
-27902,8964
-27901,8965
-27900,8966
-27899,8967
-27898,8968
-27897,8969
-27896,8970
-27895,8971
-27894,8972
-27893,8973
-27892,8974
-27891,8975
-27890,8976
-27889,8977
-27888,8978
-27887,8979
-27886,8980
-27885,8981
-27884,8982
-27883,8983
-27882,8984
-27881,8985
-27880,8986
-27879,8987
-27878,8988
-27877,8989
-27876,8990
-27875,8991
-27874,8992
-27873,8993
-27872,8994
-27871,8995
-27870,8996
-27869,8997
-27868,8998
-27867,8999
-27866,9000
-27865,9001
-27864,9002
-27863,9003
-27862,9004
-27861,9005
-27860,9006
-27859,9007
-27858,9008
-27857,9009
-27856,9010
-27855,9011
-27854,9012
-27853,9013
-27852,9014
-27851,9015
-27850,9016
-27849,9017
-27848,9018
-27847,9019
-27846,9020
-27845,9021
-27844,9022
-27843,9023
-27842,9024
-27841,9025
-27840,9026
-27839,9027
-27838,9028
-27837,9029
-27836,9030
-27835,9031
-27834,9032
-27833,9033
-27832,9034
-27831,9035
-27830,9036
-27829,9037
-27828,9038
-27827,9039
-27826,9040
-27825,9041
-27824,9042
-27823,9043
-27822,9044
-27821,9045
-27820,9046
-27819,9047
-27818,9048
-27817,9049
-27816,9050
-27815,9051
-27814,9052
-27813,9053
-27812,9054
-27811,9055
-27810,9056
-27809,9057
-27808,9058
-27807,9059
-27806,9060
-27805,9061
-27804,9062
-27803,9063
-27802,9064
-27801,9065
-27800,9066
-27799,9067
-27798,9068
-27797,9069
-27796,9070
-27795,9071
-27794,9072
-27793,9073
-27792,9074
-27791,9075
-27790,9076
-27789,9077
-27788,9078
-27787,9079
-27786,9080
-27785,9081
-27784,9082
-27783,9083
-27782,9084
-27781,9085
-27780,9086
-27779,9087
-27778,9088
-27777,9089
-27776,9090
-27775,9091
-27774,9092
-27773,9093
-27772,9094
-27771,9095
-27770,9096
-27769,9097
-27768,9098
-27767,9099
-27766,9100
-27765,9101
-27764,9102
-27763,9103
-27762,9104
-27761,9105
-27760,9106
-27759,9107
-27758,9108
-27757,9109
-27756,9110
-27755,9111
-27754,9112
-27753,9113
-27752,9114
-27751,9115
-27750,9116
-27749,9117
-27748,9118
-27747,9119
-27746,9120
-27745,9121
-27744,9122
-27743,9123
-27742,9124
-27741,9125
-27740,9126
-27739,9127
-27738,9128
-27737,9129
-27736,9130
-27735,9131
-27734,9132
-27733,9133
-27732,9134
-27731,9135
-27730,9136
-27729,9137
-27728,9138
-27727,9139
-27726,9140
-27725,9141
-27724,9142
-27723,9143
-27722,9144
-27721,9145
-27720,9146
-27719,9147
-27718,9148
-27717,9149
-27716,9150
-27715,9151
-27714,9152
-27713,9153
-27712,9154
-27711,9155
-27710,9156
-27709,9157
-27708,9158
-27707,9159
-27706,9160
-27705,9161
-27704,9162
-27703,9163
-27702,9164
-27701,9165
-27700,9166
-27699,9167
-27698,9168
-27697,9169
-27696,9170
-27695,9171
-27694,9172
-27693,9173
-27692,9174
-27691,9175
-27690,9176
-27689,9177
-27688,9178
-27687,9179
-27686,9180
-27685,9181
-27684,9182
-27683,9183
-27682,9184
-27681,9185
-27680,9186
-27679,9187
-27678,9188
-27677,9189
-27676,9190
-27675,9191
-27674,9192
-27673,9193
-27672,9194
-27671,9195
-27670,9196
-27669,9197
-27668,9198
-27667,9199
-27666,9200
-27665,9201
-27664,9202
-27663,9203
-27662,9204
-27661,9205
-27660,9206
-27659,9207
-27658,9208
-27657,9209
-27656,9210
-27655,9211
-27654,9212
-27653,9213
-27652,9214
-27651,9215
-27650,9216
-27649,9217
-27648,9218
-27647,9219
-27646,9220
-27645,9221
-27644,9222
-27643,9223
-27642,9224
-27641,9225
-27640,9226
-27639,9227
-27638,9228
-27637,9229
-27636,9230
-27635,9231
-27634,9232
-27633,9233
-27632,9234
-27631,9235
-27630,9236
-27629,9237
-27628,9238
-27627,9239
-27626,9240
-27625,9241
-27624,9242
-27623,9243
-27622,9244
-27621,9245
-27620,9246
-27619,9247
-27618,9248
-27617,9249
-27616,9250
-27615,9251
-27614,9252
-27613,9253
-27612,9254
-27611,9255
-27610,9256
-27609,9257
-27608,9258
-27607,9259
-27606,9260
-27605,9261
-27604,9262
-27603,9263
-27602,9264
-27601,9265
-27600,9266
-27599,9267
-27598,9268
-27597,9269
-27596,9270
-27595,9271
-27594,9272
-27593,9273
-27592,9274
-27591,9275
-27590,9276
-27589,9277
-27588,9278
-27587,9279
-27586,9280
-27585,9281
-27584,9282
-27583,9283
-27582,9284
-27581,9285
-27580,9286
-27579,9287
-27578,9288
-27577,9289
-27576,9290
-27575,9291
-27574,9292
-27573,9293
-27572,9294
-27571,9295
-27570,9296
-27569,9297
-27568,9298
-27567,9299
-27566,9300
-27565,9301
-27564,9302
-27563,9303
-27562,9304
-27561,9305
-27560,9306
-27559,9307
-27558,9308
-27557,9309
-27556,9310
-27555,9311
-27554,9312
-27553,9313
-27552,9314
-27551,9315
-27550,9316
-27549,9317
-27548,9318
-27547,9319
-27546,9320
-27545,9321
-27544,9322
-27543,9323
-27542,9324
-27541,9325
-27540,9326
-27539,9327
-27538,9328
-27537,9329
-27536,9330
-27535,9331
-27534,9332
-27533,9333
-27532,9334
-27531,9335
-27530,9336
-27529,9337
-27528,9338
-27527,9339
-27526,9340
-27525,9341
-27524,9342
-27523,9343
-27522,9344
-27521,9345
-27520,9346
-27519,9347
-27518,9348
-27517,9349
-27516,9350
-27515,9351
-27514,9352
-27513,9353
-27512,9354
-27511,9355
-27510,9356
-27509,9357
-27508,9358
-27507,9359
-27506,9360
-27505,9361
-27504,9362
-27503,9363
-27502,9364
-27501,9365
-27500,9366
-27499,9367
-27498,9368
-27497,9369
-27496,9370
-27495,9371
-27494,9372
-27493,9373
-27492,9374
-27491,9375
-27490,9376
-27489,9377
-27488,9378
-27487,9379
-27486,9380
-27485,9381
-27484,9382
-27483,9383
-27482,9384
-27481,9385
-27480,9386
-27479,9387
-27478,9388
-27477,9389
-27476,9390
-27475,9391
-27474,9392
-27473,9393
-27472,9394
-27471,9395
-27470,9396
-27469,9397
-27468,9398
-27467,9399
-27466,9400
-27465,9401
-27464,9402
-27463,9403
-27462,9404
-27461,9405
-27460,9406
-27459,9407
-27458,9408
-27457,9409
-27456,9410
-27455,9411
-27454,9412
-27453,9413
-27452,9414
-27451,9415
-27450,9416
-27449,9417
-27448,9418
-27447,9419
-27446,9420
-27445,9421
-27444,9422
-27443,9423
-27442,9424
-27441,9425
-27440,9426
-27439,9427
-27438,9428
-27437,9429
-27436,9430
-27435,9431
-27434,9432
-27433,9433
-27432,9434
-27431,9435
-27430,9436
-27429,9437
-27428,9438
-27427,9439
-27426,9440
-27425,9441
-27424,9442
-27423,9443
-27422,9444
-27421,9445
-27420,9446
-27419,9447
-27418,9448
-27417,9449
-27416,9450
-27415,9451
-27414,9452
-27413,9453
-27412,9454
-27411,9455
-27410,9456
-27409,9457
-27408,9458
-27407,9459
-27406,9460
-27405,9461
-27404,9462
-27403,9463
-27402,9464
-27401,9465
-27400,9466
-27399,9467
-27398,9468
-27397,9469
-27396,9470
-27395,9471
-27394,9472
-27393,9473
-27392,9474
-27391,9475
-27390,9476
-27389,9477
-27388,9478
-27387,9479
-27386,9480
-27385,9481
-27384,9482
-27383,9483
-27382,9484
-27381,9485
-27380,9486
-27379,9487
-27378,9488
-27377,9489
-27376,9490
-27375,9491
-27374,9492
-27373,9493
-27372,9494
-27371,9495
-27370,9496
-27369,9497
-27368,9498
-27367,9499
-27366,9500
-27365,9501
-27364,9502
-27363,9503
-27362,9504
-27361,9505
-27360,9506
-27359,9507
-27358,9508
-27357,9509
-27356,9510
-27355,9511
-27354,9512
-27353,9513
-27352,9514
-27351,9515
-27350,9516
-27349,9517
-27348,9518
-27347,9519
-27346,9520
-27345,9521
-27344,9522
-27343,9523
-27342,9524
-27341,9525
-27340,9526
-27339,9527
-27338,9528
-27337,9529
-27336,9530
-27335,9531
-27334,9532
-27333,9533
-27332,9534
-27331,9535
-27330,9536
-27329,9537
-27328,9538
-27327,9539
-27326,9540
-27325,9541
-27324,9542
-27323,9543
-27322,9544
-27321,9545
-27320,9546
-27319,9547
-27318,9548
-27317,9549
-27316,9550
-27315,9551
-27314,9552
-27313,9553
-27312,9554
-27311,9555
-27310,9556
-27309,9557
-27308,9558
-27307,9559
-27306,9560
-27305,9561
-27304,9562
-27303,9563
-27302,9564
-27301,9565
-27300,9566
-27299,9567
-27298,9568
-27297,9569
-27296,9570
-27295,9571
-27294,9572
-27293,9573
-27292,9574
-27291,9575
-27290,9576
-27289,9577
-27288,9578
-27287,9579
-27286,9580
-27285,9581
-27284,9582
-27283,9583
-27282,9584
-27281,9585
-27280,9586
-27279,9587
-27278,9588
-27277,9589
-27276,9590
-27275,9591
-27274,9592
-27273,9593
-27272,9594
-27271,9595
-27270,9596
-27269,9597
-27268,9598
-27267,9599
-27266,9600
-27265,9601
-27264,9602
-27263,9603
-27262,9604
-27261,9605
-27260,9606
-27259,9607
-27258,9608
-27257,9609
-27256,9610
-27255,9611
-27254,9612
-27253,9613
-27252,9614
-27251,9615
-27250,9616
-27249,9617
-27248,9618
-27247,9619
-27246,9620
-27245,9621
-27244,9622
-27243,9623
-27242,9624
-27241,9625
-27240,9626
-27239,9627
-27238,9628
-27237,9629
-27236,9630
-27235,9631
-27234,9632
-27233,9633
-27232,9634
-27231,9635
-27230,9636
-27229,9637
-27228,9638
-27227,9639
-27226,9640
-27225,9641
-27224,9642
-27223,9643
-27222,9644
-27221,9645
-27220,9646
-27219,9647
-27218,9648
-27217,9649
-27216,9650
-27215,9651
-27214,9652
-27213,9653
-27212,9654
-27211,9655
-27210,9656
-27209,9657
-27208,9658
-27207,9659
-27206,9660
-27205,9661
-27204,9662
-27203,9663
-27202,9664
-27201,9665
-27200,9666
-27199,9667
-27198,9668
-27197,9669
-27196,9670
-27195,9671
-27194,9672
-27193,9673
-27192,9674
-27191,9675
-27190,9676
-27189,9677
-27188,9678
-27187,9679
-27186,9680
-27185,9681
-27184,9682
-27183,9683
-27182,9684
-27181,9685
-27180,9686
-27179,9687
-27178,9688
-27177,9689
-27176,9690
-27175,9691
-27174,9692
-27173,9693
-27172,9694
-27171,9695
-27170,9696
-27169,9697
-27168,9698
-27167,9699
-27166,9700
-27165,9701
-27164,9702
-27163,9703
-27162,9704
-27161,9705
-27160,9706
-27159,9707
-27158,9708
-27157,9709
-27156,9710
-27155,9711
-27154,9712
-27153,9713
-27152,9714
-27151,9715
-27150,9716
-27149,9717
-27148,9718
-27147,9719
-27146,9720
-27145,9721
-27144,9722
-27143,9723
-27142,9724
-27141,9725
-27140,9726
-27139,9727
-27138,9728
-27137,9729
-27136,9730
-27135,9731
-27134,9732
-27133,9733
-27132,9734
-27131,9735
-27130,9736
-27129,9737
-27128,9738
-27127,9739
-27126,9740
-27125,9741
-27124,9742
-27123,9743
-27122,9744
-27121,9745
-27120,9746
-27119,9747
-27118,9748
-27117,9749
-27116,9750
-27115,9751
-27114,9752
-27113,9753
-27112,9754
-27111,9755
-27110,9756
-27109,9757
-27108,9758
-27107,9759
-27106,9760
-27105,9761
-27104,9762
-27103,9763
-27102,9764
-27101,9765
-27100,9766
-27099,9767
-27098,9768
-27097,9769
-27096,9770
-27095,9771
-27094,9772
-27093,9773
-27092,9774
-27091,9775
-27090,9776
-27089,9777
-27088,9778
-27087,9779
-27086,9780
-27085,9781
-27084,9782
-27083,9783
-27082,9784
-27081,9785
-27080,9786
-27079,9787
-27078,9788
-27077,9789
-27076,9790
-27075,9791
-27074,9792
-27073,9793
-27072,9794
-27071,9795
-27070,9796
-27069,9797
-27068,9798
-27067,9799
-27066,9800
-27065,9801
-27064,9802
-27063,9803
-27062,9804
-27061,9805
-27060,9806
-27059,9807
-27058,9808
-27057,9809
-27056,9810
-27055,9811
-27054,9812
-27053,9813
-27052,9814
-27051,9815
-27050,9816
-27049,9817
-27048,9818
-27047,9819
-27046,9820
-27045,9821
-27044,9822
-27043,9823
-27042,9824
-27041,9825
-27040,9826
-27039,9827
-27038,9828
-27037,9829
-27036,9830
-27035,9831
-27034,9832
-27033,9833
-27032,9834
-27031,9835
-27030,9836
-27029,9837
-27028,9838
-27027,9839
-27026,9840
-27025,9841
-27024,9842
-27023,9843
-27022,9844
-27021,9845
-27020,9846
-27019,9847
-27018,9848
-27017,9849
-27016,9850
-27015,9851
-27014,9852
-27013,9853
-27012,9854
-27011,9855
-27010,9856
-27009,9857
-27008,9858
-27007,9859
-27006,9860
-27005,9861
-27004,9862
-27003,9863
-27002,9864
-27001,9865
-27000,9866
-26999,9867
-26998,9868
-26997,9869
-26996,9870
-26995,9871
-26994,9872
-26993,9873
-26992,9874
-26991,9875
-26990,9876
-26989,9877
-26988,9878
-26987,9879
-26986,9880
-26985,9881
-26984,9882
-26983,9883
-26982,9884
-26981,9885
-26980,9886
-26979,9887
-26978,9888
-26977,9889
-26976,9890
-26975,9891
-26974,9892
-26973,9893
-26972,9894
-26971,9895
-26970,9896
-26969,9897
-26968,9898
-26967,9899
-26966,9900
-26965,9901
-26964,9902
-26963,9903
-26962,9904
-26961,9905
-26960,9906
-26959,9907
-26958,9908
-26957,9909
-26956,9910
-26955,9911
-26954,9912
-26953,9913
-26952,9914
-26951,9915
-26950,9916
-26949,9917
-26948,9918
-26947,9919
-26946,9920
-26945,9921
-26944,9922
-26943,9923
-26942,9924
-26941,9925
-26940,9926
-26939,9927
-26938,9928
-26937,9929
-26936,9930
-26935,9931
-26934,9932
-26933,9933
-26932,9934
-26931,9935
-26930,9936
-26929,9937
-26928,9938
-26927,9939
-26926,9940
-26925,9941
-26924,9942
-26923,9943
-26922,9944
-26921,9945
-26920,9946
-26919,9947
-26918,9948
-26917,9949
-26916,9950
-26915,9951
-26914,9952
-26913,9953
-26912,9954
-26911,9955
-26910,9956
-26909,9957
-26908,9958
-26907,9959
-26906,9960
-26905,9961
-26904,9962
-26903,9963
-26902,9964
-26901,9965
-26900,9966
-26899,9967
-26898,9968
-26897,9969
-26896,9970
-26895,9971
-26894,9972
-26893,9973
-26892,9974
-26891,9975
-26890,9976
-26889,9977
-26888,9978
-26887,9979
-26886,9980
-26885,9981
-26884,9982
-26883,9983
-26882,9984
-26881,9985
-26880,9986
-26879,9987
-26878,9988
-26877,9989
-26876,9990
-26875,9991
-26874,9992
-26873,9993
-26872,9994
-26871,9995
-26870,9996
-26869,9997
-26868,9998
-26867,9999
-26866,10000
-26865,10001
-26864,10002
-26863,10003
-26862,10004
-26861,10005
-26860,10006
-26859,10007
-26858,10008
-26857,10009
-26856,10010
-26855,10011
-26854,10012
-26853,10013
-26852,10014
-26851,10015
-26850,10016
-26849,10017
-26848,10018
-26847,10019
-26846,10020
-26845,10021
-26844,10022
-26843,10023
-26842,10024
-26841,10025
-26840,10026
-26839,10027
-26838,10028
-26837,10029
-26836,10030
-26835,10031
-26834,10032
-26833,10033
-26832,10034
-26831,10035
-26830,10036
-26829,10037
-26828,10038
-26827,10039
-26826,10040
-26825,10041
-26824,10042
-26823,10043
-26822,10044
-26821,10045
-26820,10046
-26819,10047
-26818,10048
-26817,10049
-26816,10050
-26815,10051
-26814,10052
-26813,10053
-26812,10054
-26811,10055
-26810,10056
-26809,10057
-26808,10058
-26807,10059
-26806,10060
-26805,10061
-26804,10062
-26803,10063
-26802,10064
-26801,10065
-26800,10066
-26799,10067
-26798,10068
-26797,10069
-26796,10070
-26795,10071
-26794,10072
-26793,10073
-26792,10074
-26791,10075
-26790,10076
-26789,10077
-26788,10078
-26787,10079
-26786,10080
-26785,10081
-26784,10082
-26783,10083
-26782,10084
-26781,10085
-26780,10086
-26779,10087
-26778,10088
-26777,10089
-26776,10090
-26775,10091
-26774,10092
-26773,10093
-26772,10094
-26771,10095
-26770,10096
-26769,10097
-26768,10098
-26767,10099
-26766,10100
-26765,10101
-26764,10102
-26763,10103
-26762,10104
-26761,10105
-26760,10106
-26759,10107
-26758,10108
-26757,10109
-26756,10110
-26755,10111
-26754,10112
-26753,10113
-26752,10114
-26751,10115
-26750,10116
-26749,10117
-26748,10118
-26747,10119
-26746,10120
-26745,10121
-26744,10122
-26743,10123
-26742,10124
-26741,10125
-26740,10126
-26739,10127
-26738,10128
-26737,10129
-26736,10130
-26735,10131
-26734,10132
-26733,10133
-26732,10134
-26731,10135
-26730,10136
-26729,10137
-26728,10138
-26727,10139
-26726,10140
-26725,10141
-26724,10142
-26723,10143
-26722,10144
-26721,10145
-26720,10146
-26719,10147
-26718,10148
-26717,10149
-26716,10150
-26715,10151
-26714,10152
-26713,10153
-26712,10154
-26711,10155
-26710,10156
-26709,10157
-26708,10158
-26707,10159
-26706,10160
-26705,10161
-26704,10162
-26703,10163
-26702,10164
-26701,10165
-26700,10166
-26699,10167
-26698,10168
-26697,10169
-26696,10170
-26695,10171
-26694,10172
-26693,10173
-26692,10174
-26691,10175
-26690,10176
-26689,10177
-26688,10178
-26687,10179
-26686,10180
-26685,10181
-26684,10182
-26683,10183
-26682,10184
-26681,10185
-26680,10186
-26679,10187
-26678,10188
-26677,10189
-26676,10190
-26675,10191
-26674,10192
-26673,10193
-26672,10194
-26671,10195
-26670,10196
-26669,10197
-26668,10198
-26667,10199
-26666,10200
-26665,10201
-26664,10202
-26663,10203
-26662,10204
-26661,10205
-26660,10206
-26659,10207
-26658,10208
-26657,10209
-26656,10210
-26655,10211
-26654,10212
-26653,10213
-26652,10214
-26651,10215
-26650,10216
-26649,10217
-26648,10218
-26647,10219
-26646,10220
-26645,10221
-26644,10222
-26643,10223
-26642,10224
-26641,10225
-26640,10226
-26639,10227
-26638,10228
-26637,10229
-26636,10230
-26635,10231
-26634,10232
-26633,10233
-26632,10234
-26631,10235
-26630,10236
-26629,10237
-26628,10238
-26627,10239
-26626,10240
-26625,10241
-26624,10242
-26623,10243
-26622,10244
-26621,10245
-26620,10246
-26619,10247
-26618,10248
-26617,10249
-26616,10250
-26615,10251
-26614,10252
-26613,10253
-26612,10254
-26611,10255
-26610,10256
-26609,10257
-26608,10258
-26607,10259
-26606,10260
-26605,10261
-26604,10262
-26603,10263
-26602,10264
-26601,10265
-26600,10266
-26599,10267
-26598,10268
-26597,10269
-26596,10270
-26595,10271
-26594,10272
-26593,10273
-26592,10274
-26591,10275
-26590,10276
-26589,10277
-26588,10278
-26587,10279
-26586,10280
-26585,10281
-26584,10282
-26583,10283
-26582,10284
-26581,10285
-26580,10286
-26579,10287
-26578,10288
-26577,10289
-26576,10290
-26575,10291
-26574,10292
-26573,10293
-26572,10294
-26571,10295
-26570,10296
-26569,10297
-26568,10298
-26567,10299
-26566,10300
-26565,10301
-26564,10302
-26563,10303
-26562,10304
-26561,10305
-26560,10306
-26559,10307
-26558,10308
-26557,10309
-26556,10310
-26555,10311
-26554,10312
-26553,10313
-26552,10314
-26551,10315
-26550,10316
-26549,10317
-26548,10318
-26547,10319
-26546,10320
-26545,10321
-26544,10322
-26543,10323
-26542,10324
-26541,10325
-26540,10326
-26539,10327
-26538,10328
-26537,10329
-26536,10330
-26535,10331
-26534,10332
-26533,10333
-26532,10334
-26531,10335
-26530,10336
-26529,10337
-26528,10338
-26527,10339
-26526,10340
-26525,10341
-26524,10342
-26523,10343
-26522,10344
-26521,10345
-26520,10346
-26519,10347
-26518,10348
-26517,10349
-26516,10350
-26515,10351
-26514,10352
-26513,10353
-26512,10354
-26511,10355
-26510,10356
-26509,10357
-26508,10358
-26507,10359
-26506,10360
-26505,10361
-26504,10362
-26503,10363
-26502,10364
-26501,10365
-26500,10366
-26499,10367
-26498,10368
-26497,10369
-26496,10370
-26495,10371
-26494,10372
-26493,10373
-26492,10374
-26491,10375
-26490,10376
-26489,10377
-26488,10378
-26487,10379
-26486,10380
-26485,10381
-26484,10382
-26483,10383
-26482,10384
-26481,10385
-26480,10386
-26479,10387
-26478,10388
-26477,10389
-26476,10390
-26475,10391
-26474,10392
-26473,10393
-26472,10394
-26471,10395
-26470,10396
-26469,10397
-26468,10398
-26467,10399
-26466,10400
-26465,10401
-26464,10402
-26463,10403
-26462,10404
-26461,10405
-26460,10406
-26459,10407
-26458,10408
-26457,10409
-26456,10410
-26455,10411
-26454,10412
-26453,10413
-26452,10414
-26451,10415
-26450,10416
-26449,10417
-26448,10418
-26447,10419
-26446,10420
-26445,10421
-26444,10422
-26443,10423
-26442,10424
-26441,10425
-26440,10426
-26439,10427
-26438,10428
-26437,10429
-26436,10430
-26435,10431
-26434,10432
-26433,10433
-26432,10434
-26431,10435
-26430,10436
-26429,10437
-26428,10438
-26427,10439
-26426,10440
-26425,10441
-26424,10442
-26423,10443
-26422,10444
-26421,10445
-26420,10446
-26419,10447
-26418,10448
-26417,10449
-26416,10450
-26415,10451
-26414,10452
-26413,10453
-26412,10454
-26411,10455
-26410,10456
-26409,10457
-26408,10458
-26407,10459
-26406,10460
-26405,10461
-26404,10462
-26403,10463
-26402,10464
-26401,10465
-26400,10466
-26399,10467
-26398,10468
-26397,10469
-26396,10470
-26395,10471
-26394,10472
-26393,10473
-26392,10474
-26391,10475
-26390,10476
-26389,10477
-26388,10478
-26387,10479
-26386,10480
-26385,10481
-26384,10482
-26383,10483
-26382,10484
-26381,10485
-26380,10486
-26379,10487
-26378,10488
-26377,10489
-26376,10490
-26375,10491
-26374,10492
-26373,10493
-26372,10494
-26371,10495
-26370,10496
-26369,10497
-26368,10498
-26367,10499
-26366,10500
-26365,10501
-26364,10502
-26363,10503
-26362,10504
-26361,10505
-26360,10506
-26359,10507
-26358,10508
-26357,10509
-26356,10510
-26355,10511
-26354,10512
-26353,10513
-26352,10514
-26351,10515
-26350,10516
-26349,10517
-26348,10518
-26347,10519
-26346,10520
-26345,10521
-26344,10522
-26343,10523
-26342,10524
-26341,10525
-26340,10526
-26339,10527
-26338,10528
-26337,10529
-26336,10530
-26335,10531
-26334,10532
-26333,10533
-26332,10534
-26331,10535
-26330,10536
-26329,10537
-26328,10538
-26327,10539
-26326,10540
-26325,10541
-26324,10542
-26323,10543
-26322,10544
-26321,10545
-26320,10546
-26319,10547
-26318,10548
-26317,10549
-26316,10550
-26315,10551
-26314,10552
-26313,10553
-26312,10554
-26311,10555
-26310,10556
-26309,10557
-26308,10558
-26307,10559
-26306,10560
-26305,10561
-26304,10562
-26303,10563
-26302,10564
-26301,10565
-26300,10566
-26299,10567
-26298,10568
-26297,10569
-26296,10570
-26295,10571
-26294,10572
-26293,10573
-26292,10574
-26291,10575
-26290,10576
-26289,10577
-26288,10578
-26287,10579
-26286,10580
-26285,10581
-26284,10582
-26283,10583
-26282,10584
-26281,10585
-26280,10586
-26279,10587
-26278,10588
-26277,10589
-26276,10590
-26275,10591
-26274,10592
-26273,10593
-26272,10594
-26271,10595
-26270,10596
-26269,10597
-26268,10598
-26267,10599
-26266,10600
-26265,10601
-26264,10602
-26263,10603
-26262,10604
-26261,10605
-26260,10606
-26259,10607
-26258,10608
-26257,10609
-26256,10610
-26255,10611
-26254,10612
-26253,10613
-26252,10614
-26251,10615
-26250,10616
-26249,10617
-26248,10618
-26247,10619
-26246,10620
-26245,10621
-26244,10622
-26243,10623
-26242,10624
-26241,10625
-26240,10626
-26239,10627
-26238,10628
-26237,10629
-26236,10630
-26235,10631
-26234,10632
-26233,10633
-26232,10634
-26231,10635
-26230,10636
-26229,10637
-26228,10638
-26227,10639
-26226,10640
-26225,10641
-26224,10642
-26223,10643
-26222,10644
-26221,10645
-26220,10646
-26219,10647
-26218,10648
-26217,10649
-26216,10650
-26215,10651
-26214,10652
-26213,10653
-26212,10654
-26211,10655
-26210,10656
-26209,10657
-26208,10658
-26207,10659
-26206,10660
-26205,10661
-26204,10662
-26203,10663
-26202,10664
-26201,10665
-26200,10666
-26199,10667
-26198,10668
-26197,10669
-26196,10670
-26195,10671
-26194,10672
-26193,10673
-26192,10674
-26191,10675
-26190,10676
-26189,10677
-26188,10678
-26187,10679
-26186,10680
-26185,10681
-26184,10682
-26183,10683
-26182,10684
-26181,10685
-26180,10686
-26179,10687
-26178,10688
-26177,10689
-26176,10690
-26175,10691
-26174,10692
-26173,10693
-26172,10694
-26171,10695
-26170,10696
-26169,10697
-26168,10698
-26167,10699
-26166,10700
-26165,10701
-26164,10702
-26163,10703
-26162,10704
-26161,10705
-26160,10706
-26159,10707
-26158,10708
-26157,10709
-26156,10710
-26155,10711
-26154,10712
-26153,10713
-26152,10714
-26151,10715
-26150,10716
-26149,10717
-26148,10718
-26147,10719
-26146,10720
-26145,10721
-26144,10722
-26143,10723
-26142,10724
-26141,10725
-26140,10726
-26139,10727
-26138,10728
-26137,10729
-26136,10730
-26135,10731
-26134,10732
-26133,10733
-26132,10734
-26131,10735
-26130,10736
-26129,10737
-26128,10738
-26127,10739
-26126,10740
-26125,10741
-26124,10742
-26123,10743
-26122,10744
-26121,10745
-26120,10746
-26119,10747
-26118,10748
-26117,10749
-26116,10750
-26115,10751
-26114,10752
-26113,10753
-26112,10754
-26111,10755
-26110,10756
-26109,10757
-26108,10758
-26107,10759
-26106,10760
-26105,10761
-26104,10762
-26103,10763
-26102,10764
-26101,10765
-26100,10766
-26099,10767
-26098,10768
-26097,10769
-26096,10770
-26095,10771
-26094,10772
-26093,10773
-26092,10774
-26091,10775
-26090,10776
-26089,10777
-26088,10778
-26087,10779
-26086,10780
-26085,10781
-26084,10782
-26083,10783
-26082,10784
-26081,10785
-26080,10786
-26079,10787
-26078,10788
-26077,10789
-26076,10790
-26075,10791
-26074,10792
-26073,10793
-26072,10794
-26071,10795
-26070,10796
-26069,10797
-26068,10798
-26067,10799
-26066,10800
-26065,10801
-26064,10802
-26063,10803
-26062,10804
-26061,10805
-26060,10806
-26059,10807
-26058,10808
-26057,10809
-26056,10810
-26055,10811
-26054,10812
-26053,10813
-26052,10814
-26051,10815
-26050,10816
-26049,10817
-26048,10818
-26047,10819
-26046,10820
-26045,10821
-26044,10822
-26043,10823
-26042,10824
-26041,10825
-26040,10826
-26039,10827
-26038,10828
-26037,10829
-26036,10830
-26035,10831
-26034,10832
-26033,10833
-26032,10834
-26031,10835
-26030,10836
-26029,10837
-26028,10838
-26027,10839
-26026,10840
-26025,10841
-26024,10842
-26023,10843
-26022,10844
-26021,10845
-26020,10846
-26019,10847
-26018,10848
-26017,10849
-26016,10850
-26015,10851
-26014,10852
-26013,10853
-26012,10854
-26011,10855
-26010,10856
-26009,10857
-26008,10858
-26007,10859
-26006,10860
-26005,10861
-26004,10862
-26003,10863
-26002,10864
-26001,10865
-26000,10866
-25999,10867
-25998,10868
-25997,10869
-25996,10870
-25995,10871
-25994,10872
-25993,10873
-25992,10874
-25991,10875
-25990,10876
-25989,10877
-25988,10878
-25987,10879
-25986,10880
-25985,10881
-25984,10882
-25983,10883
-25982,10884
-25981,10885
-25980,10886
-25979,10887
-25978,10888
-25977,10889
-25976,10890
-25975,10891
-25974,10892
-25973,10893
-25972,10894
-25971,10895
-25970,10896
-25969,10897
-25968,10898
-25967,10899
-25966,10900
-25965,10901
-25964,10902
-25963,10903
-25962,10904
-25961,10905
-25960,10906
-25959,10907
-25958,10908
-25957,10909
-25956,10910
-25955,10911
-25954,10912
-25953,10913
-25952,10914
-25951,10915
-25950,10916
-25949,10917
-25948,10918
-25947,10919
-25946,10920
-25945,10921
-25944,10922
-25943,10923
-25942,10924
-25941,10925
-25940,10926
-25939,10927
-25938,10928
-25937,10929
-25936,10930
-25935,10931
-25934,10932
-25933,10933
-25932,10934
-25931,10935
-25930,10936
-25929,10937
-25928,10938
-25927,10939
-25926,10940
-25925,10941
-25924,10942
-25923,10943
-25922,10944
-25921,10945
-25920,10946
-25919,10947
-25918,10948
-25917,10949
-25916,10950
-25915,10951
-25914,10952
-25913,10953
-25912,10954
-25911,10955
-25910,10956
-25909,10957
-25908,10958
-25907,10959
-25906,10960
-25905,10961
-25904,10962
-25903,10963
-25902,10964
-25901,10965
-25900,10966
-25899,10967
-25898,10968
-25897,10969
-25896,10970
-25895,10971
-25894,10972
-25893,10973
-25892,10974
-25891,10975
-25890,10976
-25889,10977
-25888,10978
-25887,10979
-25886,10980
-25885,10981
-25884,10982
-25883,10983
-25882,10984
-25881,10985
-25880,10986
-25879,10987
-25878,10988
-25877,10989
-25876,10990
-25875,10991
-25874,10992
-25873,10993
-25872,10994
-25871,10995
-25870,10996
-25869,10997
-25868,10998
-25867,10999
-25866,11000
-25865,11001
-25864,11002
-25863,11003
-25862,11004
-25861,11005
-25860,11006
-25859,11007
-25858,11008
-25857,11009
-25856,11010
-25855,11011
-25854,11012
-25853,11013
-25852,11014
-25851,11015
-25850,11016
-25849,11017
-25848,11018
-25847,11019
-25846,11020
-25845,11021
-25844,11022
-25843,11023
-25842,11024
-25841,11025
-25840,11026
-25839,11027
-25838,11028
-25837,11029
-25836,11030
-25835,11031
-25834,11032
-25833,11033
-25832,11034
-25831,11035
-25830,11036
-25829,11037
-25828,11038
-25827,11039
-25826,11040
-25825,11041
-25824,11042
-25823,11043
-25822,11044
-25821,11045
-25820,11046
-25819,11047
-25818,11048
-25817,11049
-25816,11050
-25815,11051
-25814,11052
-25813,11053
-25812,11054
-25811,11055
-25810,11056
-25809,11057
-25808,11058
-25807,11059
-25806,11060
-25805,11061
-25804,11062
-25803,11063
-25802,11064
-25801,11065
-25800,11066
-25799,11067
-25798,11068
-25797,11069
-25796,11070
-25795,11071
-25794,11072
-25793,11073
-25792,11074
-25791,11075
-25790,11076
-25789,11077
-25788,11078
-25787,11079
-25786,11080
-25785,11081
-25784,11082
-25783,11083
-25782,11084
-25781,11085
-25780,11086
-25779,11087
-25778,11088
-25777,11089
-25776,11090
-25775,11091
-25774,11092
-25773,11093
-25772,11094
-25771,11095
-25770,11096
-25769,11097
-25768,11098
-25767,11099
-25766,11100
-25765,11101
-25764,11102
-25763,11103
-25762,11104
-25761,11105
-25760,11106
-25759,11107
-25758,11108
-25757,11109
-25756,11110
-25755,11111
-25754,11112
-25753,11113
-25752,11114
-25751,11115
-25750,11116
-25749,11117
-25748,11118
-25747,11119
-25746,11120
-25745,11121
-25744,11122
-25743,11123
-25742,11124
-25741,11125
-25740,11126
-25739,11127
-25738,11128
-25737,11129
-25736,11130
-25735,11131
-25734,11132
-25733,11133
-25732,11134
-25731,11135
-25730,11136
-25729,11137
-25728,11138
-25727,11139
-25726,11140
-25725,11141
-25724,11142
-25723,11143
-25722,11144
-25721,11145
-25720,11146
-25719,11147
-25718,11148
-25717,11149
-25716,11150
-25715,11151
-25714,11152
-25713,11153
-25712,11154
-25711,11155
-25710,11156
-25709,11157
-25708,11158
-25707,11159
-25706,11160
-25705,11161
-25704,11162
-25703,11163
-25702,11164
-25701,11165
-25700,11166
-25699,11167
-25698,11168
-25697,11169
-25696,11170
-25695,11171
-25694,11172
-25693,11173
-25692,11174
-25691,11175
-25690,11176
-25689,11177
-25688,11178
-25687,11179
-25686,11180
-25685,11181
-25684,11182
-25683,11183
-25682,11184
-25681,11185
-25680,11186
-25679,11187
-25678,11188
-25677,11189
-25676,11190
-25675,11191
-25674,11192
-25673,11193
-25672,11194
-25671,11195
-25670,11196
-25669,11197
-25668,11198
-25667,11199
-25666,11200
-25665,11201
-25664,11202
-25663,11203
-25662,11204
-25661,11205
-25660,11206
-25659,11207
-25658,11208
-25657,11209
-25656,11210
-25655,11211
-25654,11212
-25653,11213
-25652,11214
-25651,11215
-25650,11216
-25649,11217
-25648,11218
-25647,11219
-25646,11220
-25645,11221
-25644,11222
-25643,11223
-25642,11224
-25641,11225
-25640,11226
-25639,11227
-25638,11228
-25637,11229
-25636,11230
-25635,11231
-25634,11232
-25633,11233
-25632,11234
-25631,11235
-25630,11236
-25629,11237
-25628,11238
-25627,11239
-25626,11240
-25625,11241
-25624,11242
-25623,11243
-25622,11244
-25621,11245
-25620,11246
-25619,11247
-25618,11248
-25617,11249
-25616,11250
-25615,11251
-25614,11252
-25613,11253
-25612,11254
-25611,11255
-25610,11256
-25609,11257
-25608,11258
-25607,11259
-25606,11260
-25605,11261
-25604,11262
-25603,11263
-25602,11264
-25601,11265
-25600,11266
-25599,11267
-25598,11268
-25597,11269
-25596,11270
-25595,11271
-25594,11272
-25593,11273
-25592,11274
-25591,11275
-25590,11276
-25589,11277
-25588,11278
-25587,11279
-25586,11280
-25585,11281
-25584,11282
-25583,11283
-25582,11284
-25581,11285
-25580,11286
-25579,11287
-25578,11288
-25577,11289
-25576,11290
-25575,11291
-25574,11292
-25573,11293
-25572,11294
-25571,11295
-25570,11296
-25569,11297
-25568,11298
-25567,11299
-25566,11300
-25565,11301
-25564,11302
-25563,11303
-25562,11304
-25561,11305
-25560,11306
-25559,11307
-25558,11308
-25557,11309
-25556,11310
-25555,11311
-25554,11312
-25553,11313
-25552,11314
-25551,11315
-25550,11316
-25549,11317
-25548,11318
-25547,11319
-25546,11320
-25545,11321
-25544,11322
-25543,11323
-25542,11324
-25541,11325
-25540,11326
-25539,11327
-25538,11328
-25537,11329
-25536,11330
-25535,11331
-25534,11332
-25533,11333
-25532,11334
-25531,11335
-25530,11336
-25529,11337
-25528,11338
-25527,11339
-25526,11340
-25525,11341
-25524,11342
-25523,11343
-25522,11344
-25521,11345
-25520,11346
-25519,11347
-25518,11348
-25517,11349
-25516,11350
-25515,11351
-25514,11352
-25513,11353
-25512,11354
-25511,11355
-25510,11356
-25509,11357
-25508,11358
-25507,11359
-25506,11360
-25505,11361
-25504,11362
-25503,11363
-25502,11364
-25501,11365
-25500,11366
-25499,11367
-25498,11368
-25497,11369
-25496,11370
-25495,11371
-25494,11372
-25493,11373
-25492,11374
-25491,11375
-25490,11376
-25489,11377
-25488,11378
-25487,11379
-25486,11380
-25485,11381
-25484,11382
-25483,11383
-25482,11384
-25481,11385
-25480,11386
-25479,11387
-25478,11388
-25477,11389
-25476,11390
-25475,11391
-25474,11392
-25473,11393
-25472,11394
-25471,11395
-25470,11396
-25469,11397
-25468,11398
-25467,11399
-25466,11400
-25465,11401
-25464,11402
-25463,11403
-25462,11404
-25461,11405
-25460,11406
-25459,11407
-25458,11408
-25457,11409
-25456,11410
-25455,11411
-25454,11412
-25453,11413
-25452,11414
-25451,11415
-25450,11416
-25449,11417
-25448,11418
-25447,11419
-25446,11420
-25445,11421
-25444,11422
-25443,11423
-25442,11424
-25441,11425
-25440,11426
-25439,11427
-25438,11428
-25437,11429
-25436,11430
-25435,11431
-25434,11432
-25433,11433
-25432,11434
-25431,11435
-25430,11436
-25429,11437
-25428,11438
-25427,11439
-25426,11440
-25425,11441
-25424,11442
-25423,11443
-25422,11444
-25421,11445
-25420,11446
-25419,11447
-25418,11448
-25417,11449
-25416,11450
-25415,11451
-25414,11452
-25413,11453
-25412,11454
-25411,11455
-25410,11456
-25409,11457
-25408,11458
-25407,11459
-25406,11460
-25405,11461
-25404,11462
-25403,11463
-25402,11464
-25401,11465
-25400,11466
-25399,11467
-25398,11468
-25397,11469
-25396,11470
-25395,11471
-25394,11472
-25393,11473
-25392,11474
-25391,11475
-25390,11476
-25389,11477
-25388,11478
-25387,11479
-25386,11480
-25385,11481
-25384,11482
-25383,11483
-25382,11484
-25381,11485
-25380,11486
-25379,11487
-25378,11488
-25377,11489
-25376,11490
-25375,11491
-25374,11492
-25373,11493
-25372,11494
-25371,11495
-25370,11496
-25369,11497
-25368,11498
-25367,11499
-25366,11500
-25365,11501
-25364,11502
-25363,11503
-25362,11504
-25361,11505
-25360,11506
-25359,11507
-25358,11508
-25357,11509
-25356,11510
-25355,11511
-25354,11512
-25353,11513
-25352,11514
-25351,11515
-25350,11516
-25349,11517
-25348,11518
-25347,11519
-25346,11520
-25345,11521
-25344,11522
-25343,11523
-25342,11524
-25341,11525
-25340,11526
-25339,11527
-25338,11528
-25337,11529
-25336,11530
-25335,11531
-25334,11532
-25333,11533
-25332,11534
-25331,11535
-25330,11536
-25329,11537
-25328,11538
-25327,11539
-25326,11540
-25325,11541
-25324,11542
-25323,11543
-25322,11544
-25321,11545
-25320,11546
-25319,11547
-25318,11548
-25317,11549
-25316,11550
-25315,11551
-25314,11552
-25313,11553
-25312,11554
-25311,11555
-25310,11556
-25309,11557
-25308,11558
-25307,11559
-25306,11560
-25305,11561
-25304,11562
-25303,11563
-25302,11564
-25301,11565
-25300,11566
-25299,11567
-25298,11568
-25297,11569
-25296,11570
-25295,11571
-25294,11572
-25293,11573
-25292,11574
-25291,11575
-25290,11576
-25289,11577
-25288,11578
-25287,11579
-25286,11580
-25285,11581
-25284,11582
-25283,11583
-25282,11584
-25281,11585
-25280,11586
-25279,11587
-25278,11588
-25277,11589
-25276,11590
-25275,11591
-25274,11592
-25273,11593
-25272,11594
-25271,11595
-25270,11596
-25269,11597
-25268,11598
-25267,11599
-25266,11600
-25265,11601
-25264,11602
-25263,11603
-25262,11604
-25261,11605
-25260,11606
-25259,11607
-25258,11608
-25257,11609
-25256,11610
-25255,11611
-25254,11612
-25253,11613
-25252,11614
-25251,11615
-25250,11616
-25249,11617
-25248,11618
-25247,11619
-25246,11620
-25245,11621
-25244,11622
-25243,11623
-25242,11624
-25241,11625
-25240,11626
-25239,11627
-25238,11628
-25237,11629
-25236,11630
-25235,11631
-25234,11632
-25233,11633
-25232,11634
-25231,11635
-25230,11636
-25229,11637
-25228,11638
-25227,11639
-25226,11640
-25225,11641
-25224,11642
-25223,11643
-25222,11644
-25221,11645
-25220,11646
-25219,11647
-25218,11648
-25217,11649
-25216,11650
-25215,11651
-25214,11652
-25213,11653
-25212,11654
-25211,11655
-25210,11656
-25209,11657
-25208,11658
-25207,11659
-25206,11660
-25205,11661
-25204,11662
-25203,11663
-25202,11664
-25201,11665
-25200,11666
-25199,11667
-25198,11668
-25197,11669
-25196,11670
-25195,11671
-25194,11672
-25193,11673
-25192,11674
-25191,11675
-25190,11676
-25189,11677
-25188,11678
-25187,11679
-25186,11680
-25185,11681
-25184,11682
-25183,11683
-25182,11684
-25181,11685
-25180,11686
-25179,11687
-25178,11688
-25177,11689
-25176,11690
-25175,11691
-25174,11692
-25173,11693
-25172,11694
-25171,11695
-25170,11696
-25169,11697
-25168,11698
-25167,11699
-25166,11700
-25165,11701
-25164,11702
-25163,11703
-25162,11704
-25161,11705
-25160,11706
-25159,11707
-25158,11708
-25157,11709
-25156,11710
-25155,11711
-25154,11712
-25153,11713
-25152,11714
-25151,11715
-25150,11716
-25149,11717
-25148,11718
-25147,11719
-25146,11720
-25145,11721
-25144,11722
-25143,11723
-25142,11724
-25141,11725
-25140,11726
-25139,11727
-25138,11728
-25137,11729
-25136,11730
-25135,11731
-25134,11732
-25133,11733
-25132,11734
-25131,11735
-25130,11736
-25129,11737
-25128,11738
-25127,11739
-25126,11740
-25125,11741
-25124,11742
-25123,11743
-25122,11744
-25121,11745
-25120,11746
-25119,11747
-25118,11748
-25117,11749
-25116,11750
-25115,11751
-25114,11752
-25113,11753
-25112,11754
-25111,11755
-25110,11756
-25109,11757
-25108,11758
-25107,11759
-25106,11760
-25105,11761
-25104,11762
-25103,11763
-25102,11764
-25101,11765
-25100,11766
-25099,11767
-25098,11768
-25097,11769
-25096,11770
-25095,11771
-25094,11772
-25093,11773
-25092,11774
-25091,11775
-25090,11776
-25089,11777
-25088,11778
-25087,11779
-25086,11780
-25085,11781
-25084,11782
-25083,11783
-25082,11784
-25081,11785
-25080,11786
-25079,11787
-25078,11788
-25077,11789
-25076,11790
-25075,11791
-25074,11792
-25073,11793
-25072,11794
-25071,11795
-25070,11796
-25069,11797
-25068,11798
-25067,11799
-25066,11800
-25065,11801
-25064,11802
-25063,11803
-25062,11804
-25061,11805
-25060,11806
-25059,11807
-25058,11808
-25057,11809
-25056,11810
-25055,11811
-25054,11812
-25053,11813
-25052,11814
-25051,11815
-25050,11816
-25049,11817
-25048,11818
-25047,11819
-25046,11820
-25045,11821
-25044,11822
-25043,11823
-25042,11824
-25041,11825
-25040,11826
-25039,11827
-25038,11828
-25037,11829
-25036,11830
-25035,11831
-25034,11832
-25033,11833
-25032,11834
-25031,11835
-25030,11836
-25029,11837
-25028,11838
-25027,11839
-25026,11840
-25025,11841
-25024,11842
-25023,11843
-25022,11844
-25021,11845
-25020,11846
-25019,11847
-25018,11848
-25017,11849
-25016,11850
-25015,11851
-25014,11852
-25013,11853
-25012,11854
-25011,11855
-25010,11856
-25009,11857
-25008,11858
-25007,11859
-25006,11860
-25005,11861
-25004,11862
-25003,11863
-25002,11864
-25001,11865
-25000,11866
-24999,11867
-24998,11868
-24997,11869
-24996,11870
-24995,11871
-24994,11872
-24993,11873
-24992,11874
-24991,11875
-24990,11876
-24989,11877
-24988,11878
-24987,11879
-24986,11880
-24985,11881
-24984,11882
-24983,11883
-24982,11884
-24981,11885
-24980,11886
-24979,11887
-24978,11888
-24977,11889
-24976,11890
-24975,11891
-24974,11892
-24973,11893
-24972,11894
-24971,11895
-24970,11896
-24969,11897
-24968,11898
-24967,11899
-24966,11900
-24965,11901
-24964,11902
-24963,11903
-24962,11904
-24961,11905
-24960,11906
-24959,11907
-24958,11908
-24957,11909
-24956,11910
-24955,11911
-24954,11912
-24953,11913
-24952,11914
-24951,11915
-24950,11916
-24949,11917
-24948,11918
-24947,11919
-24946,11920
-24945,11921
-24944,11922
-24943,11923
-24942,11924
-24941,11925
-24940,11926
-24939,11927
-24938,11928
-24937,11929
-24936,11930
-24935,11931
-24934,11932
-24933,11933
-24932,11934
-24931,11935
-24930,11936
-24929,11937
-24928,11938
-24927,11939
-24926,11940
-24925,11941
-24924,11942
-24923,11943
-24922,11944
-24921,11945
-24920,11946
-24919,11947
-24918,11948
-24917,11949
-24916,11950
-24915,11951
-24914,11952
-24913,11953
-24912,11954
-24911,11955
-24910,11956
-24909,11957
-24908,11958
-24907,11959
-24906,11960
-24905,11961
-24904,11962
-24903,11963
-24902,11964
-24901,11965
-24900,11966
-24899,11967
-24898,11968
-24897,11969
-24896,11970
-24895,11971
-24894,11972
-24893,11973
-24892,11974
-24891,11975
-24890,11976
-24889,11977
-24888,11978
-24887,11979
-24886,11980
-24885,11981
-24884,11982
-24883,11983
-24882,11984
-24881,11985
-24880,11986
-24879,11987
-24878,11988
-24877,11989
-24876,11990
-24875,11991
-24874,11992
-24873,11993
-24872,11994
-24871,11995
-24870,11996
-24869,11997
-24868,11998
-24867,11999
-24866,12000
-24865,12001
-24864,12002
-24863,12003
-24862,12004
-24861,12005
-24860,12006
-24859,12007
-24858,12008
-24857,12009
-24856,12010
-24855,12011
-24854,12012
-24853,12013
-24852,12014
-24851,12015
-24850,12016
-24849,12017
-24848,12018
-24847,12019
-24846,12020
-24845,12021
-24844,12022
-24843,12023
-24842,12024
-24841,12025
-24840,12026
-24839,12027
-24838,12028
-24837,12029
-24836,12030
-24835,12031
-24834,12032
-24833,12033
-24832,12034
-24831,12035
-24830,12036
-24829,12037
-24828,12038
-24827,12039
-24826,12040
-24825,12041
-24824,12042
-24823,12043
-24822,12044
-24821,12045
-24820,12046
-24819,12047
-24818,12048
-24817,12049
-24816,12050
-24815,12051
-24814,12052
-24813,12053
-24812,12054
-24811,12055
-24810,12056
-24809,12057
-24808,12058
-24807,12059
-24806,12060
-24805,12061
-24804,12062
-24803,12063
-24802,12064
-24801,12065
-24800,12066
-24799,12067
-24798,12068
-24797,12069
-24796,12070
-24795,12071
-24794,12072
-24793,12073
-24792,12074
-24791,12075
-24790,12076
-24789,12077
-24788,12078
-24787,12079
-24786,12080
-24785,12081
-24784,12082
-24783,12083
-24782,12084
-24781,12085
-24780,12086
-24779,12087
-24778,12088
-24777,12089
-24776,12090
-24775,12091
-24774,12092
-24773,12093
-24772,12094
-24771,12095
-24770,12096
-24769,12097
-24768,12098
-24767,12099
-24766,12100
-24765,12101
-24764,12102
-24763,12103
-24762,12104
-24761,12105
-24760,12106
-24759,12107
-24758,12108
-24757,12109
-24756,12110
-24755,12111
-24754,12112
-24753,12113
-24752,12114
-24751,12115
-24750,12116
-24749,12117
-24748,12118
-24747,12119
-24746,12120
-24745,12121
-24744,12122
-24743,12123
-24742,12124
-24741,12125
-24740,12126
-24739,12127
-24738,12128
-24737,12129
-24736,12130
-24735,12131
-24734,12132
-24733,12133
-24732,12134
-24731,12135
-24730,12136
-24729,12137
-24728,12138
-24727,12139
-24726,12140
-24725,12141
-24724,12142
-24723,12143
-24722,12144
-24721,12145
-24720,12146
-24719,12147
-24718,12148
-24717,12149
-24716,12150
-24715,12151
-24714,12152
-24713,12153
-24712,12154
-24711,12155
-24710,12156
-24709,12157
-24708,12158
-24707,12159
-24706,12160
-24705,12161
-24704,12162
-24703,12163
-24702,12164
-24701,12165
-24700,12166
-24699,12167
-24698,12168
-24697,12169
-24696,12170
-24695,12171
-24694,12172
-24693,12173
-24692,12174
-24691,12175
-24690,12176
-24689,12177
-24688,12178
-24687,12179
-24686,12180
-24685,12181
-24684,12182
-24683,12183
-24682,12184
-24681,12185
-24680,12186
-24679,12187
-24678,12188
-24677,12189
-24676,12190
-24675,12191
-24674,12192
-24673,12193
-24672,12194
-24671,12195
-24670,12196
-24669,12197
-24668,12198
-24667,12199
-24666,12200
-24665,12201
-24664,12202
-24663,12203
-24662,12204
-24661,12205
-24660,12206
-24659,12207
-24658,12208
-24657,12209
-24656,12210
-24655,12211
-24654,12212
-24653,12213
-24652,12214
-24651,12215
-24650,12216
-24649,12217
-24648,12218
-24647,12219
-24646,12220
-24645,12221
-24644,12222
-24643,12223
-24642,12224
-24641,12225
-24640,12226
-24639,12227
-24638,12228
-24637,12229
-24636,12230
-24635,12231
-24634,12232
-24633,12233
-24632,12234
-24631,12235
-24630,12236
-24629,12237
-24628,12238
-24627,12239
-24626,12240
-24625,12241
-24624,12242
-24623,12243
-24622,12244
-24621,12245
-24620,12246
-24619,12247
-24618,12248
-24617,12249
-24616,12250
-24615,12251
-24614,12252
-24613,12253
-24612,12254
-24611,12255
-24610,12256
-24609,12257
-24608,12258
-24607,12259
-24606,12260
-24605,12261
-24604,12262
-24603,12263
-24602,12264
-24601,12265
-24600,12266
-24599,12267
-24598,12268
-24597,12269
-24596,12270
-24595,12271
-24594,12272
-24593,12273
-24592,12274
-24591,12275
-24590,12276
-24589,12277
-24588,12278
-24587,12279
-24586,12280
-24585,12281
-24584,12282
-24583,12283
-24582,12284
-24581,12285
-24580,12286
-24579,12287
-24578,12288
-24577,12289
-24576,12290
-24575,12291
-24574,12292
-24573,12293
-24572,12294
-24571,12295
-24570,12296
-24569,12297
-24568,12298
-24567,12299
-24566,12300
-24565,12301
-24564,12302
-24563,12303
-24562,12304
-24561,12305
-24560,12306
-24559,12307
-24558,12308
-24557,12309
-24556,12310
-24555,12311
-24554,12312
-24553,12313
-24552,12314
-24551,12315
-24550,12316
-24549,12317
-24548,12318
-24547,12319
-24546,12320
-24545,12321
-24544,12322
-24543,12323
-24542,12324
-24541,12325
-24540,12326
-24539,12327
-24538,12328
-24537,12329
-24536,12330
-24535,12331
-24534,12332
-24533,12333
-24532,12334
-24531,12335
-24530,12336
-24529,12337
-24528,12338
-24527,12339
-24526,12340
-24525,12341
-24524,12342
-24523,12343
-24522,12344
-24521,12345
-24520,12346
-24519,12347
-24518,12348
-24517,12349
-24516,12350
-24515,12351
-24514,12352
-24513,12353
-24512,12354
-24511,12355
-24510,12356
-24509,12357
-24508,12358
-24507,12359
-24506,12360
-24505,12361
-24504,12362
-24503,12363
-24502,12364
-24501,12365
-24500,12366
-24499,12367
-24498,12368
-24497,12369
-24496,12370
-24495,12371
-24494,12372
-24493,12373
-24492,12374
-24491,12375
-24490,12376
-24489,12377
-24488,12378
-24487,12379
-24486,12380
-24485,12381
-24484,12382
-24483,12383
-24482,12384
-24481,12385
-24480,12386
-24479,12387
-24478,12388
-24477,12389
-24476,12390
-24475,12391
-24474,12392
-24473,12393
-24472,12394
-24471,12395
-24470,12396
-24469,12397
-24468,12398
-24467,12399
-24466,12400
-24465,12401
-24464,12402
-24463,12403
-24462,12404
-24461,12405
-24460,12406
-24459,12407
-24458,12408
-24457,12409
-24456,12410
-24455,12411
-24454,12412
-24453,12413
-24452,12414
-24451,12415
-24450,12416
-24449,12417
-24448,12418
-24447,12419
-24446,12420
-24445,12421
-24444,12422
-24443,12423
-24442,12424
-24441,12425
-24440,12426
-24439,12427
-24438,12428
-24437,12429
-24436,12430
-24435,12431
-24434,12432
-24433,12433
-24432,12434
-24431,12435
-24430,12436
-24429,12437
-24428,12438
-24427,12439
-24426,12440
-24425,12441
-24424,12442
-24423,12443
-24422,12444
-24421,12445
-24420,12446
-24419,12447
-24418,12448
-24417,12449
-24416,12450
-24415,12451
-24414,12452
-24413,12453
-24412,12454
-24411,12455
-24410,12456
-24409,12457
-24408,12458
-24407,12459
-24406,12460
-24405,12461
-24404,12462
-24403,12463
-24402,12464
-24401,12465
-24400,12466
-24399,12467
-24398,12468
-24397,12469
-24396,12470
-24395,12471
-24394,12472
-24393,12473
-24392,12474
-24391,12475
-24390,12476
-24389,12477
-24388,12478
-24387,12479
-24386,12480
-24385,12481
-24384,12482
-24383,12483
-24382,12484
-24381,12485
-24380,12486
-24379,12487
-24378,12488
-24377,12489
-24376,12490
-24375,12491
-24374,12492
-24373,12493
-24372,12494
-24371,12495
-24370,12496
-24369,12497
-24368,12498
-24367,12499
-24366,12500
-24365,12501
-24364,12502
-24363,12503
-24362,12504
-24361,12505
-24360,12506
-24359,12507
-24358,12508
-24357,12509
-24356,12510
-24355,12511
-24354,12512
-24353,12513
-24352,12514
-24351,12515
-24350,12516
-24349,12517
-24348,12518
-24347,12519
-24346,12520
-24345,12521
-24344,12522
-24343,12523
-24342,12524
-24341,12525
-24340,12526
-24339,12527
-24338,12528
-24337,12529
-24336,12530
-24335,12531
-24334,12532
-24333,12533
-24332,12534
-24331,12535
-24330,12536
-24329,12537
-24328,12538
-24327,12539
-24326,12540
-24325,12541
-24324,12542
-24323,12543
-24322,12544
-24321,12545
-24320,12546
-24319,12547
-24318,12548
-24317,12549
-24316,12550
-24315,12551
-24314,12552
-24313,12553
-24312,12554
-24311,12555
-24310,12556
-24309,12557
-24308,12558
-24307,12559
-24306,12560
-24305,12561
-24304,12562
-24303,12563
-24302,12564
-24301,12565
-24300,12566
-24299,12567
-24298,12568
-24297,12569
-24296,12570
-24295,12571
-24294,12572
-24293,12573
-24292,12574
-24291,12575
-24290,12576
-24289,12577
-24288,12578
-24287,12579
-24286,12580
-24285,12581
-24284,12582
-24283,12583
-24282,12584
-24281,12585
-24280,12586
-24279,12587
-24278,12588
-24277,12589
-24276,12590
-24275,12591
-24274,12592
-24273,12593
-24272,12594
-24271,12595
-24270,12596
-24269,12597
-24268,12598
-24267,12599
-24266,12600
-24265,12601
-24264,12602
-24263,12603
-24262,12604
-24261,12605
-24260,12606
-24259,12607
-24258,12608
-24257,12609
-24256,12610
-24255,12611
-24254,12612
-24253,12613
-24252,12614
-24251,12615
-24250,12616
-24249,12617
-24248,12618
-24247,12619
-24246,12620
-24245,12621
-24244,12622
-24243,12623
-24242,12624
-24241,12625
-24240,12626
-24239,12627
-24238,12628
-24237,12629
-24236,12630
-24235,12631
-24234,12632
-24233,12633
-24232,12634
-24231,12635
-24230,12636
-24229,12637
-24228,12638
-24227,12639
-24226,12640
-24225,12641
-24224,12642
-24223,12643
-24222,12644
-24221,12645
-24220,12646
-24219,12647
-24218,12648
-24217,12649
-24216,12650
-24215,12651
-24214,12652
-24213,12653
-24212,12654
-24211,12655
-24210,12656
-24209,12657
-24208,12658
-24207,12659
-24206,12660
-24205,12661
-24204,12662
-24203,12663
-24202,12664
-24201,12665
-24200,12666
-24199,12667
-24198,12668
-24197,12669
-24196,12670
-24195,12671
-24194,12672
-24193,12673
-24192,12674
-24191,12675
-24190,12676
-24189,12677
-24188,12678
-24187,12679
-24186,12680
-24185,12681
-24184,12682
-24183,12683
-24182,12684
-24181,12685
-24180,12686
-24179,12687
-24178,12688
-24177,12689
-24176,12690
-24175,12691
-24174,12692
-24173,12693
-24172,12694
-24171,12695
-24170,12696
-24169,12697
-24168,12698
-24167,12699
-24166,12700
-24165,12701
-24164,12702
-24163,12703
-24162,12704
-24161,12705
-24160,12706
-24159,12707
-24158,12708
-24157,12709
-24156,12710
-24155,12711
-24154,12712
-24153,12713
-24152,12714
-24151,12715
-24150,12716
-24149,12717
-24148,12718
-24147,12719
-24146,12720
-24145,12721
-24144,12722
-24143,12723
-24142,12724
-24141,12725
-24140,12726
-24139,12727
-24138,12728
-24137,12729
-24136,12730
-24135,12731
-24134,12732
-24133,12733
-24132,12734
-24131,12735
-24130,12736
-24129,12737
-24128,12738
-24127,12739
-24126,12740
-24125,12741
-24124,12742
-24123,12743
-24122,12744
-24121,12745
-24120,12746
-24119,12747
-24118,12748
-24117,12749
-24116,12750
-24115,12751
-24114,12752
-24113,12753
-24112,12754
-24111,12755
-24110,12756
-24109,12757
-24108,12758
-24107,12759
-24106,12760
-24105,12761
-24104,12762
-24103,12763
-24102,12764
-24101,12765
-24100,12766
-24099,12767
-24098,12768
-24097,12769
-24096,12770
-24095,12771
-24094,12772
-24093,12773
-24092,12774
-24091,12775
-24090,12776
-24089,12777
-24088,12778
-24087,12779
-24086,12780
-24085,12781
-24084,12782
-24083,12783
-24082,12784
-24081,12785
-24080,12786
-24079,12787
-24078,12788
-24077,12789
-24076,12790
-24075,12791
-24074,12792
-24073,12793
-24072,12794
-24071,12795
-24070,12796
-24069,12797
-24068,12798
-24067,12799
-24066,12800
-24065,12801
-24064,12802
-24063,12803
-24062,12804
-24061,12805
-24060,12806
-24059,12807
-24058,12808
-24057,12809
-24056,12810
-24055,12811
-24054,12812
-24053,12813
-24052,12814
-24051,12815
-24050,12816
-24049,12817
-24048,12818
-24047,12819
-24046,12820
-24045,12821
-24044,12822
-24043,12823
-24042,12824
-24041,12825
-24040,12826
-24039,12827
-24038,12828
-24037,12829
-24036,12830
-24035,12831
-24034,12832
-24033,12833
-24032,12834
-24031,12835
-24030,12836
-24029,12837
-24028,12838
-24027,12839
-24026,12840
-24025,12841
-24024,12842
-24023,12843
-24022,12844
-24021,12845
-24020,12846
-24019,12847
-24018,12848
-24017,12849
-24016,12850
-24015,12851
-24014,12852
-24013,12853
-24012,12854
-24011,12855
-24010,12856
-24009,12857
-24008,12858
-24007,12859
-24006,12860
-24005,12861
-24004,12862
-24003,12863
-24002,12864
-24001,12865
-24000,12866
-23999,12867
-23998,12868
-23997,12869
-23996,12870
-23995,12871
-23994,12872
-23993,12873
-23992,12874
-23991,12875
-23990,12876
-23989,12877
-23988,12878
-23987,12879
-23986,12880
-23985,12881
-23984,12882
-23983,12883
-23982,12884
-23981,12885
-23980,12886
-23979,12887
-23978,12888
-23977,12889
-23976,12890
-23975,12891
-23974,12892
-23973,12893
-23972,12894
-23971,12895
-23970,12896
-23969,12897
-23968,12898
-23967,12899
-23966,12900
-23965,12901
-23964,12902
-23963,12903
-23962,12904
-23961,12905
-23960,12906
-23959,12907
-23958,12908
-23957,12909
-23956,12910
-23955,12911
-23954,12912
-23953,12913
-23952,12914
-23951,12915
-23950,12916
-23949,12917
-23948,12918
-23947,12919
-23946,12920
-23945,12921
-23944,12922
-23943,12923
-23942,12924
-23941,12925
-23940,12926
-23939,12927
-23938,12928
-23937,12929
-23936,12930
-23935,12931
-23934,12932
-23933,12933
-23932,12934
-23931,12935
-23930,12936
-23929,12937
-23928,12938
-23927,12939
-23926,12940
-23925,12941
-23924,12942
-23923,12943
-23922,12944
-23921,12945
-23920,12946
-23919,12947
-23918,12948
-23917,12949
-23916,12950
-23915,12951
-23914,12952
-23913,12953
-23912,12954
-23911,12955
-23910,12956
-23909,12957
-23908,12958
-23907,12959
-23906,12960
-23905,12961
-23904,12962
-23903,12963
-23902,12964
-23901,12965
-23900,12966
-23899,12967
-23898,12968
-23897,12969
-23896,12970
-23895,12971
-23894,12972
-23893,12973
-23892,12974
-23891,12975
-23890,12976
-23889,12977
-23888,12978
-23887,12979
-23886,12980
-23885,12981
-23884,12982
-23883,12983
-23882,12984
-23881,12985
-23880,12986
-23879,12987
-23878,12988
-23877,12989
-23876,12990
-23875,12991
-23874,12992
-23873,12993
-23872,12994
-23871,12995
-23870,12996
-23869,12997
-23868,12998
-23867,12999
-23866,13000
-23865,13001
-23864,13002
-23863,13003
-23862,13004
-23861,13005
-23860,13006
-23859,13007
-23858,13008
-23857,13009
-23856,13010
-23855,13011
-23854,13012
-23853,13013
-23852,13014
-23851,13015
-23850,13016
-23849,13017
-23848,13018
-23847,13019
-23846,13020
-23845,13021
-23844,13022
-23843,13023
-23842,13024
-23841,13025
-23840,13026
-23839,13027
-23838,13028
-23837,13029
-23836,13030
-23835,13031
-23834,13032
-23833,13033
-23832,13034
-23831,13035
-23830,13036
-23829,13037
-23828,13038
-23827,13039
-23826,13040
-23825,13041
-23824,13042
-23823,13043
-23822,13044
-23821,13045
-23820,13046
-23819,13047
-23818,13048
-23817,13049
-23816,13050
-23815,13051
-23814,13052
-23813,13053
-23812,13054
-23811,13055
-23810,13056
-23809,13057
-23808,13058
-23807,13059
-23806,13060
-23805,13061
-23804,13062
-23803,13063
-23802,13064
-23801,13065
-23800,13066
-23799,13067
-23798,13068
-23797,13069
-23796,13070
-23795,13071
-23794,13072
-23793,13073
-23792,13074
-23791,13075
-23790,13076
-23789,13077
-23788,13078
-23787,13079
-23786,13080
-23785,13081
-23784,13082
-23783,13083
-23782,13084
-23781,13085
-23780,13086
-23779,13087
-23778,13088
-23777,13089
-23776,13090
-23775,13091
-23774,13092
-23773,13093
-23772,13094
-23771,13095
-23770,13096
-23769,13097
-23768,13098
-23767,13099
-23766,13100
-23765,13101
-23764,13102
-23763,13103
-23762,13104
-23761,13105
-23760,13106
-23759,13107
-23758,13108
-23757,13109
-23756,13110
-23755,13111
-23754,13112
-23753,13113
-23752,13114
-23751,13115
-23750,13116
-23749,13117
-23748,13118
-23747,13119
-23746,13120
-23745,13121
-23744,13122
-23743,13123
-23742,13124
-23741,13125
-23740,13126
-23739,13127
-23738,13128
-23737,13129
-23736,13130
-23735,13131
-23734,13132
-23733,13133
-23732,13134
-23731,13135
-23730,13136
-23729,13137
-23728,13138
-23727,13139
-23726,13140
-23725,13141
-23724,13142
-23723,13143
-23722,13144
-23721,13145
-23720,13146
-23719,13147
-23718,13148
-23717,13149
-23716,13150
-23715,13151
-23714,13152
-23713,13153
-23712,13154
-23711,13155
-23710,13156
-23709,13157
-23708,13158
-23707,13159
-23706,13160
-23705,13161
-23704,13162
-23703,13163
-23702,13164
-23701,13165
-23700,13166
-23699,13167
-23698,13168
-23697,13169
-23696,13170
-23695,13171
-23694,13172
-23693,13173
-23692,13174
-23691,13175
-23690,13176
-23689,13177
-23688,13178
-23687,13179
-23686,13180
-23685,13181
-23684,13182
-23683,13183
-23682,13184
-23681,13185
-23680,13186
-23679,13187
-23678,13188
-23677,13189
-23676,13190
-23675,13191
-23674,13192
-23673,13193
-23672,13194
-23671,13195
-23670,13196
-23669,13197
-23668,13198
-23667,13199
-23666,13200
-23665,13201
-23664,13202
-23663,13203
-23662,13204
-23661,13205
-23660,13206
-23659,13207
-23658,13208
-23657,13209
-23656,13210
-23655,13211
-23654,13212
-23653,13213
-23652,13214
-23651,13215
-23650,13216
-23649,13217
-23648,13218
-23647,13219
-23646,13220
-23645,13221
-23644,13222
-23643,13223
-23642,13224
-23641,13225
-23640,13226
-23639,13227
-23638,13228
-23637,13229
-23636,13230
-23635,13231
-23634,13232
-23633,13233
-23632,13234
-23631,13235
-23630,13236
-23629,13237
-23628,13238
-23627,13239
-23626,13240
-23625,13241
-23624,13242
-23623,13243
-23622,13244
-23621,13245
-23620,13246
-23619,13247
-23618,13248
-23617,13249
-23616,13250
-23615,13251
-23614,13252
-23613,13253
-23612,13254
-23611,13255
-23610,13256
-23609,13257
-23608,13258
-23607,13259
-23606,13260
-23605,13261
-23604,13262
-23603,13263
-23602,13264
-23601,13265
-23600,13266
-23599,13267
-23598,13268
-23597,13269
-23596,13270
-23595,13271
-23594,13272
-23593,13273
-23592,13274
-23591,13275
-23590,13276
-23589,13277
-23588,13278
-23587,13279
-23586,13280
-23585,13281
-23584,13282
-23583,13283
-23582,13284
-23581,13285
-23580,13286
-23579,13287
-23578,13288
-23577,13289
-23576,13290
-23575,13291
-23574,13292
-23573,13293
-23572,13294
-23571,13295
-23570,13296
-23569,13297
-23568,13298
-23567,13299
-23566,13300
-23565,13301
-23564,13302
-23563,13303
-23562,13304
-23561,13305
-23560,13306
-23559,13307
-23558,13308
-23557,13309
-23556,13310
-23555,13311
-23554,13312
-23553,13313
-23552,13314
-23551,13315
-23550,13316
-23549,13317
-23548,13318
-23547,13319
-23546,13320
-23545,13321
-23544,13322
-23543,13323
-23542,13324
-23541,13325
-23540,13326
-23539,13327
-23538,13328
-23537,13329
-23536,13330
-23535,13331
-23534,13332
-23533,13333
-23532,13334
-23531,13335
-23530,13336
-23529,13337
-23528,13338
-23527,13339
-23526,13340
-23525,13341
-23524,13342
-23523,13343
-23522,13344
-23521,13345
-23520,13346
-23519,13347
-23518,13348
-23517,13349
-23516,13350
-23515,13351
-23514,13352
-23513,13353
-23512,13354
-23511,13355
-23510,13356
-23509,13357
-23508,13358
-23507,13359
-23506,13360
-23505,13361
-23504,13362
-23503,13363
-23502,13364
-23501,13365
-23500,13366
-23499,13367
-23498,13368
-23497,13369
-23496,13370
-23495,13371
-23494,13372
-23493,13373
-23492,13374
-23491,13375
-23490,13376
-23489,13377
-23488,13378
-23487,13379
-23486,13380
-23485,13381
-23484,13382
-23483,13383
-23482,13384
-23481,13385
-23480,13386
-23479,13387
-23478,13388
-23477,13389
-23476,13390
-23475,13391
-23474,13392
-23473,13393
-23472,13394
-23471,13395
-23470,13396
-23469,13397
-23468,13398
-23467,13399
-23466,13400
-23465,13401
-23464,13402
-23463,13403
-23462,13404
-23461,13405
-23460,13406
-23459,13407
-23458,13408
-23457,13409
-23456,13410
-23455,13411
-23454,13412
-23453,13413
-23452,13414
-23451,13415
-23450,13416
-23449,13417
-23448,13418
-23447,13419
-23446,13420
-23445,13421
-23444,13422
-23443,13423
-23442,13424
-23441,13425
-23440,13426
-23439,13427
-23438,13428
-23437,13429
-23436,13430
-23435,13431
-23434,13432
-23433,13433
-23432,13434
-23431,13435
-23430,13436
-23429,13437
-23428,13438
-23427,13439
-23426,13440
-23425,13441
-23424,13442
-23423,13443
-23422,13444
-23421,13445
-23420,13446
-23419,13447
-23418,13448
-23417,13449
-23416,13450
-23415,13451
-23414,13452
-23413,13453
-23412,13454
-23411,13455
-23410,13456
-23409,13457
-23408,13458
-23407,13459
-23406,13460
-23405,13461
-23404,13462
-23403,13463
-23402,13464
-23401,13465
-23400,13466
-23399,13467
-23398,13468
-23397,13469
-23396,13470
-23395,13471
-23394,13472
-23393,13473
-23392,13474
-23391,13475
-23390,13476
-23389,13477
-23388,13478
-23387,13479
-23386,13480
-23385,13481
-23384,13482
-23383,13483
-23382,13484
-23381,13485
-23380,13486
-23379,13487
-23378,13488
-23377,13489
-23376,13490
-23375,13491
-23374,13492
-23373,13493
-23372,13494
-23371,13495
-23370,13496
-23369,13497
-23368,13498
-23367,13499
-23366,13500
-23365,13501
-23364,13502
-23363,13503
-23362,13504
-23361,13505
-23360,13506
-23359,13507
-23358,13508
-23357,13509
-23356,13510
-23355,13511
-23354,13512
-23353,13513
-23352,13514
-23351,13515
-23350,13516
-23349,13517
-23348,13518
-23347,13519
-23346,13520
-23345,13521
-23344,13522
-23343,13523
-23342,13524
-23341,13525
-23340,13526
-23339,13527
-23338,13528
-23337,13529
-23336,13530
-23335,13531
-23334,13532
-23333,13533
-23332,13534
-23331,13535
-23330,13536
-23329,13537
-23328,13538
-23327,13539
-23326,13540
-23325,13541
-23324,13542
-23323,13543
-23322,13544
-23321,13545
-23320,13546
-23319,13547
-23318,13548
-23317,13549
-23316,13550
-23315,13551
-23314,13552
-23313,13553
-23312,13554
-23311,13555
-23310,13556
-23309,13557
-23308,13558
-23307,13559
-23306,13560
-23305,13561
-23304,13562
-23303,13563
-23302,13564
-23301,13565
-23300,13566
-23299,13567
-23298,13568
-23297,13569
-23296,13570
-23295,13571
-23294,13572
-23293,13573
-23292,13574
-23291,13575
-23290,13576
-23289,13577
-23288,13578
-23287,13579
-23286,13580
-23285,13581
-23284,13582
-23283,13583
-23282,13584
-23281,13585
-23280,13586
-23279,13587
-23278,13588
-23277,13589
-23276,13590
-23275,13591
-23274,13592
-23273,13593
-23272,13594
-23271,13595
-23270,13596
-23269,13597
-23268,13598
-23267,13599
-23266,13600
-23265,13601
-23264,13602
-23263,13603
-23262,13604
-23261,13605
-23260,13606
-23259,13607
-23258,13608
-23257,13609
-23256,13610
-23255,13611
-23254,13612
-23253,13613
-23252,13614
-23251,13615
-23250,13616
-23249,13617
-23248,13618
-23247,13619
-23246,13620
-23245,13621
-23244,13622
-23243,13623
-23242,13624
-23241,13625
-23240,13626
-23239,13627
-23238,13628
-23237,13629
-23236,13630
-23235,13631
-23234,13632
-23233,13633
-23232,13634
-23231,13635
-23230,13636
-23229,13637
-23228,13638
-23227,13639
-23226,13640
-23225,13641
-23224,13642
-23223,13643
-23222,13644
-23221,13645
-23220,13646
-23219,13647
-23218,13648
-23217,13649
-23216,13650
-23215,13651
-23214,13652
-23213,13653
-23212,13654
-23211,13655
-23210,13656
-23209,13657
-23208,13658
-23207,13659
-23206,13660
-23205,13661
-23204,13662
-23203,13663
-23202,13664
-23201,13665
-23200,13666
-23199,13667
-23198,13668
-23197,13669
-23196,13670
-23195,13671
-23194,13672
-23193,13673
-23192,13674
-23191,13675
-23190,13676
-23189,13677
-23188,13678
-23187,13679
-23186,13680
-23185,13681
-23184,13682
-23183,13683
-23182,13684
-23181,13685
-23180,13686
-23179,13687
-23178,13688
-23177,13689
-23176,13690
-23175,13691
-23174,13692
-23173,13693
-23172,13694
-23171,13695
-23170,13696
-23169,13697
-23168,13698
-23167,13699
-23166,13700
-23165,13701
-23164,13702
-23163,13703
-23162,13704
-23161,13705
-23160,13706
-23159,13707
-23158,13708
-23157,13709
-23156,13710
-23155,13711
-23154,13712
-23153,13713
-23152,13714
-23151,13715
-23150,13716
-23149,13717
-23148,13718
-23147,13719
-23146,13720
-23145,13721
-23144,13722
-23143,13723
-23142,13724
-23141,13725
-23140,13726
-23139,13727
-23138,13728
-23137,13729
-23136,13730
-23135,13731
-23134,13732
-23133,13733
-23132,13734
-23131,13735
-23130,13736
-23129,13737
-23128,13738
-23127,13739
-23126,13740
-23125,13741
-23124,13742
-23123,13743
-23122,13744
-23121,13745
-23120,13746
-23119,13747
-23118,13748
-23117,13749
-23116,13750
-23115,13751
-23114,13752
-23113,13753
-23112,13754
-23111,13755
-23110,13756
-23109,13757
-23108,13758
-23107,13759
-23106,13760
-23105,13761
-23104,13762
-23103,13763
-23102,13764
-23101,13765
-23100,13766
-23099,13767
-23098,13768
-23097,13769
-23096,13770
-23095,13771
-23094,13772
-23093,13773
-23092,13774
-23091,13775
-23090,13776
-23089,13777
-23088,13778
-23087,13779
-23086,13780
-23085,13781
-23084,13782
-23083,13783
-23082,13784
-23081,13785
-23080,13786
-23079,13787
-23078,13788
-23077,13789
-23076,13790
-23075,13791
-23074,13792
-23073,13793
-23072,13794
-23071,13795
-23070,13796
-23069,13797
-23068,13798
-23067,13799
-23066,13800
-23065,13801
-23064,13802
-23063,13803
-23062,13804
-23061,13805
-23060,13806
-23059,13807
-23058,13808
-23057,13809
-23056,13810
-23055,13811
-23054,13812
-23053,13813
-23052,13814
-23051,13815
-23050,13816
-23049,13817
-23048,13818
-23047,13819
-23046,13820
-23045,13821
-23044,13822
-23043,13823
-23042,13824
-23041,13825
-23040,13826
-23039,13827
-23038,13828
-23037,13829
-23036,13830
-23035,13831
-23034,13832
-23033,13833
-23032,13834
-23031,13835
-23030,13836
-23029,13837
-23028,13838
-23027,13839
-23026,13840
-23025,13841
-23024,13842
-23023,13843
-23022,13844
-23021,13845
-23020,13846
-23019,13847
-23018,13848
-23017,13849
-23016,13850
-23015,13851
-23014,13852
-23013,13853
-23012,13854
-23011,13855
-23010,13856
-23009,13857
-23008,13858
-23007,13859
-23006,13860
-23005,13861
-23004,13862
-23003,13863
-23002,13864
-23001,13865
-23000,13866
-22999,13867
-22998,13868
-22997,13869
-22996,13870
-22995,13871
-22994,13872
-22993,13873
-22992,13874
-22991,13875
-22990,13876
-22989,13877
-22988,13878
-22987,13879
-22986,13880
-22985,13881
-22984,13882
-22983,13883
-22982,13884
-22981,13885
-22980,13886
-22979,13887
-22978,13888
-22977,13889
-22976,13890
-22975,13891
-22974,13892
-22973,13893
-22972,13894
-22971,13895
-22970,13896
-22969,13897
-22968,13898
-22967,13899
-22966,13900
-22965,13901
-22964,13902
-22963,13903
-22962,13904
-22961,13905
-22960,13906
-22959,13907
-22958,13908
-22957,13909
-22956,13910
-22955,13911
-22954,13912
-22953,13913
-22952,13914
-22951,13915
-22950,13916
-22949,13917
-22948,13918
-22947,13919
-22946,13920
-22945,13921
-22944,13922
-22943,13923
-22942,13924
-22941,13925
-22940,13926
-22939,13927
-22938,13928
-22937,13929
-22936,13930
-22935,13931
-22934,13932
-22933,13933
-22932,13934
-22931,13935
-22930,13936
-22929,13937
-22928,13938
-22927,13939
-22926,13940
-22925,13941
-22924,13942
-22923,13943
-22922,13944
-22921,13945
-22920,13946
-22919,13947
-22918,13948
-22917,13949
-22916,13950
-22915,13951
-22914,13952
-22913,13953
-22912,13954
-22911,13955
-22910,13956
-22909,13957
-22908,13958
-22907,13959
-22906,13960
-22905,13961
-22904,13962
-22903,13963
-22902,13964
-22901,13965
-22900,13966
-22899,13967
-22898,13968
-22897,13969
-22896,13970
-22895,13971
-22894,13972
-22893,13973
-22892,13974
-22891,13975
-22890,13976
-22889,13977
-22888,13978
-22887,13979
-22886,13980
-22885,13981
-22884,13982
-22883,13983
-22882,13984
-22881,13985
-22880,13986
-22879,13987
-22878,13988
-22877,13989
-22876,13990
-22875,13991
-22874,13992
-22873,13993
-22872,13994
-22871,13995
-22870,13996
-22869,13997
-22868,13998
-22867,13999
-22866,14000
-22865,14001
-22864,14002
-22863,14003
-22862,14004
-22861,14005
-22860,14006
-22859,14007
-22858,14008
-22857,14009
-22856,14010
-22855,14011
-22854,14012
-22853,14013
-22852,14014
-22851,14015
-22850,14016
-22849,14017
-22848,14018
-22847,14019
-22846,14020
-22845,14021
-22844,14022
-22843,14023
-22842,14024
-22841,14025
-22840,14026
-22839,14027
-22838,14028
-22837,14029
-22836,14030
-22835,14031
-22834,14032
-22833,14033
-22832,14034
-22831,14035
-22830,14036
-22829,14037
-22828,14038
-22827,14039
-22826,14040
-22825,14041
-22824,14042
-22823,14043
-22822,14044
-22821,14045
-22820,14046
-22819,14047
-22818,14048
-22817,14049
-22816,14050
-22815,14051
-22814,14052
-22813,14053
-22812,14054
-22811,14055
-22810,14056
-22809,14057
-22808,14058
-22807,14059
-22806,14060
-22805,14061
-22804,14062
-22803,14063
-22802,14064
-22801,14065
-22800,14066
-22799,14067
-22798,14068
-22797,14069
-22796,14070
-22795,14071
-22794,14072
-22793,14073
-22792,14074
-22791,14075
-22790,14076
-22789,14077
-22788,14078
-22787,14079
-22786,14080
-22785,14081
-22784,14082
-22783,14083
-22782,14084
-22781,14085
-22780,14086
-22779,14087
-22778,14088
-22777,14089
-22776,14090
-22775,14091
-22774,14092
-22773,14093
-22772,14094
-22771,14095
-22770,14096
-22769,14097
-22768,14098
-22767,14099
-22766,14100
-22765,14101
-22764,14102
-22763,14103
-22762,14104
-22761,14105
-22760,14106
-22759,14107
-22758,14108
-22757,14109
-22756,14110
-22755,14111
-22754,14112
-22753,14113
-22752,14114
-22751,14115
-22750,14116
-22749,14117
-22748,14118
-22747,14119
-22746,14120
-22745,14121
-22744,14122
-22743,14123
-22742,14124
-22741,14125
-22740,14126
-22739,14127
-22738,14128
-22737,14129
-22736,14130
-22735,14131
-22734,14132
-22733,14133
-22732,14134
-22731,14135
-22730,14136
-22729,14137
-22728,14138
-22727,14139
-22726,14140
-22725,14141
-22724,14142
-22723,14143
-22722,14144
-22721,14145
-22720,14146
-22719,14147
-22718,14148
-22717,14149
-22716,14150
-22715,14151
-22714,14152
-22713,14153
-22712,14154
-22711,14155
-22710,14156
-22709,14157
-22708,14158
-22707,14159
-22706,14160
-22705,14161
-22704,14162
-22703,14163
-22702,14164
-22701,14165
-22700,14166
-22699,14167
-22698,14168
-22697,14169
-22696,14170
-22695,14171
-22694,14172
-22693,14173
-22692,14174
-22691,14175
-22690,14176
-22689,14177
-22688,14178
-22687,14179
-22686,14180
-22685,14181
-22684,14182
-22683,14183
-22682,14184
-22681,14185
-22680,14186
-22679,14187
-22678,14188
-22677,14189
-22676,14190
-22675,14191
-22674,14192
-22673,14193
-22672,14194
-22671,14195
-22670,14196
-22669,14197
-22668,14198
-22667,14199
-22666,14200
-22665,14201
-22664,14202
-22663,14203
-22662,14204
-22661,14205
-22660,14206
-22659,14207
-22658,14208
-22657,14209
-22656,14210
-22655,14211
-22654,14212
-22653,14213
-22652,14214
-22651,14215
-22650,14216
-22649,14217
-22648,14218
-22647,14219
-22646,14220
-22645,14221
-22644,14222
-22643,14223
-22642,14224
-22641,14225
-22640,14226
-22639,14227
-22638,14228
-22637,14229
-22636,14230
-22635,14231
-22634,14232
-22633,14233
-22632,14234
-22631,14235
-22630,14236
-22629,14237
-22628,14238
-22627,14239
-22626,14240
-22625,14241
-22624,14242
-22623,14243
-22622,14244
-22621,14245
-22620,14246
-22619,14247
-22618,14248
-22617,14249
-22616,14250
-22615,14251
-22614,14252
-22613,14253
-22612,14254
-22611,14255
-22610,14256
-22609,14257
-22608,14258
-22607,14259
-22606,14260
-22605,14261
-22604,14262
-22603,14263
-22602,14264
-22601,14265
-22600,14266
-22599,14267
-22598,14268
-22597,14269
-22596,14270
-22595,14271
-22594,14272
-22593,14273
-22592,14274
-22591,14275
-22590,14276
-22589,14277
-22588,14278
-22587,14279
-22586,14280
-22585,14281
-22584,14282
-22583,14283
-22582,14284
-22581,14285
-22580,14286
-22579,14287
-22578,14288
-22577,14289
-22576,14290
-22575,14291
-22574,14292
-22573,14293
-22572,14294
-22571,14295
-22570,14296
-22569,14297
-22568,14298
-22567,14299
-22566,14300
-22565,14301
-22564,14302
-22563,14303
-22562,14304
-22561,14305
-22560,14306
-22559,14307
-22558,14308
-22557,14309
-22556,14310
-22555,14311
-22554,14312
-22553,14313
-22552,14314
-22551,14315
-22550,14316
-22549,14317
-22548,14318
-22547,14319
-22546,14320
-22545,14321
-22544,14322
-22543,14323
-22542,14324
-22541,14325
-22540,14326
-22539,14327
-22538,14328
-22537,14329
-22536,14330
-22535,14331
-22534,14332
-22533,14333
-22532,14334
-22531,14335
-22530,14336
-22529,14337
-22528,14338
-22527,14339
-22526,14340
-22525,14341
-22524,14342
-22523,14343
-22522,14344
-22521,14345
-22520,14346
-22519,14347
-22518,14348
-22517,14349
-22516,14350
-22515,14351
-22514,14352
-22513,14353
-22512,14354
-22511,14355
-22510,14356
-22509,14357
-22508,14358
-22507,14359
-22506,14360
-22505,14361
-22504,14362
-22503,14363
-22502,14364
-22501,14365
-22500,14366
-22499,14367
-22498,14368
-22497,14369
-22496,14370
-22495,14371
-22494,14372
-22493,14373
-22492,14374
-22491,14375
-22490,14376
-22489,14377
-22488,14378
-22487,14379
-22486,14380
-22485,14381
-22484,14382
-22483,14383
-22482,14384
-22481,14385
-22480,14386
-22479,14387
-22478,14388
-22477,14389
-22476,14390
-22475,14391
-22474,14392
-22473,14393
-22472,14394
-22471,14395
-22470,14396
-22469,14397
-22468,14398
-22467,14399
-22466,14400
-22465,14401
-22464,14402
-22463,14403
-22462,14404
-22461,14405
-22460,14406
-22459,14407
-22458,14408
-22457,14409
-22456,14410
-22455,14411
-22454,14412
-22453,14413
-22452,14414
-22451,14415
-22450,14416
-22449,14417
-22448,14418
-22447,14419
-22446,14420
-22445,14421
-22444,14422
-22443,14423
-22442,14424
-22441,14425
-22440,14426
-22439,14427
-22438,14428
-22437,14429
-22436,14430
-22435,14431
-22434,14432
-22433,14433
-22432,14434
-22431,14435
-22430,14436
-22429,14437
-22428,14438
-22427,14439
-22426,14440
-22425,14441
-22424,14442
-22423,14443
-22422,14444
-22421,14445
-22420,14446
-22419,14447
-22418,14448
-22417,14449
-22416,14450
-22415,14451
-22414,14452
-22413,14453
-22412,14454
-22411,14455
-22410,14456
-22409,14457
-22408,14458
-22407,14459
-22406,14460
-22405,14461
-22404,14462
-22403,14463
-22402,14464
-22401,14465
-22400,14466
-22399,14467
-22398,14468
-22397,14469
-22396,14470
-22395,14471
-22394,14472
-22393,14473
-22392,14474
-22391,14475
-22390,14476
-22389,14477
-22388,14478
-22387,14479
-22386,14480
-22385,14481
-22384,14482
-22383,14483
-22382,14484
-22381,14485
-22380,14486
-22379,14487
-22378,14488
-22377,14489
-22376,14490
-22375,14491
-22374,14492
-22373,14493
-22372,14494
-22371,14495
-22370,14496
-22369,14497
-22368,14498
-22367,14499
-22366,14500
-22365,14501
-22364,14502
-22363,14503
-22362,14504
-22361,14505
-22360,14506
-22359,14507
-22358,14508
-22357,14509
-22356,14510
-22355,14511
-22354,14512
-22353,14513
-22352,14514
-22351,14515
-22350,14516
-22349,14517
-22348,14518
-22347,14519
-22346,14520
-22345,14521
-22344,14522
-22343,14523
-22342,14524
-22341,14525
-22340,14526
-22339,14527
-22338,14528
-22337,14529
-22336,14530
-22335,14531
-22334,14532
-22333,14533
-22332,14534
-22331,14535
-22330,14536
-22329,14537
-22328,14538
-22327,14539
-22326,14540
-22325,14541
-22324,14542
-22323,14543
-22322,14544
-22321,14545
-22320,14546
-22319,14547
-22318,14548
-22317,14549
-22316,14550
-22315,14551
-22314,14552
-22313,14553
-22312,14554
-22311,14555
-22310,14556
-22309,14557
-22308,14558
-22307,14559
-22306,14560
-22305,14561
-22304,14562
-22303,14563
-22302,14564
-22301,14565
-22300,14566
-22299,14567
-22298,14568
-22297,14569
-22296,14570
-22295,14571
-22294,14572
-22293,14573
-22292,14574
-22291,14575
-22290,14576
-22289,14577
-22288,14578
-22287,14579
-22286,14580
-22285,14581
-22284,14582
-22283,14583
-22282,14584
-22281,14585
-22280,14586
-22279,14587
-22278,14588
-22277,14589
-22276,14590
-22275,14591
-22274,14592
-22273,14593
-22272,14594
-22271,14595
-22270,14596
-22269,14597
-22268,14598
-22267,14599
-22266,14600
-22265,14601
-22264,14602
-22263,14603
-22262,14604
-22261,14605
-22260,14606
-22259,14607
-22258,14608
-22257,14609
-22256,14610
-22255,14611
-22254,14612
-22253,14613
-22252,14614
-22251,14615
-22250,14616
-22249,14617
-22248,14618
-22247,14619
-22246,14620
-22245,14621
-22244,14622
-22243,14623
-22242,14624
-22241,14625
-22240,14626
-22239,14627
-22238,14628
-22237,14629
-22236,14630
-22235,14631
-22234,14632
-22233,14633
-22232,14634
-22231,14635
-22230,14636
-22229,14637
-22228,14638
-22227,14639
-22226,14640
-22225,14641
-22224,14642
-22223,14643
-22222,14644
-22221,14645
-22220,14646
-22219,14647
-22218,14648
-22217,14649
-22216,14650
-22215,14651
-22214,14652
-22213,14653
-22212,14654
-22211,14655
-22210,14656
-22209,14657
-22208,14658
-22207,14659
-22206,14660
-22205,14661
-22204,14662
-22203,14663
-22202,14664
-22201,14665
-22200,14666
-22199,14667
-22198,14668
-22197,14669
-22196,14670
-22195,14671
-22194,14672
-22193,14673
-22192,14674
-22191,14675
-22190,14676
-22189,14677
-22188,14678
-22187,14679
-22186,14680
-22185,14681
-22184,14682
-22183,14683
-22182,14684
-22181,14685
-22180,14686
-22179,14687
-22178,14688
-22177,14689
-22176,14690
-22175,14691
-22174,14692
-22173,14693
-22172,14694
-22171,14695
-22170,14696
-22169,14697
-22168,14698
-22167,14699
-22166,14700
-22165,14701
-22164,14702
-22163,14703
-22162,14704
-22161,14705
-22160,14706
-22159,14707
-22158,14708
-22157,14709
-22156,14710
-22155,14711
-22154,14712
-22153,14713
-22152,14714
-22151,14715
-22150,14716
-22149,14717
-22148,14718
-22147,14719
-22146,14720
-22145,14721
-22144,14722
-22143,14723
-22142,14724
-22141,14725
-22140,14726
-22139,14727
-22138,14728
-22137,14729
-22136,14730
-22135,14731
-22134,14732
-22133,14733
-22132,14734
-22131,14735
-22130,14736
-22129,14737
-22128,14738
-22127,14739
-22126,14740
-22125,14741
-22124,14742
-22123,14743
-22122,14744
-22121,14745
-22120,14746
-22119,14747
-22118,14748
-22117,14749
-22116,14750
-22115,14751
-22114,14752
-22113,14753
-22112,14754
-22111,14755
-22110,14756
-22109,14757
-22108,14758
-22107,14759
-22106,14760
-22105,14761
-22104,14762
-22103,14763
-22102,14764
-22101,14765
-22100,14766
-22099,14767
-22098,14768
-22097,14769
-22096,14770
-22095,14771
-22094,14772
-22093,14773
-22092,14774
-22091,14775
-22090,14776
-22089,14777
-22088,14778
-22087,14779
-22086,14780
-22085,14781
-22084,14782
-22083,14783
-22082,14784
-22081,14785
-22080,14786
-22079,14787
-22078,14788
-22077,14789
-22076,14790
-22075,14791
-22074,14792
-22073,14793
-22072,14794
-22071,14795
-22070,14796
-22069,14797
-22068,14798
-22067,14799
-22066,14800
-22065,14801
-22064,14802
-22063,14803
-22062,14804
-22061,14805
-22060,14806
-22059,14807
-22058,14808
-22057,14809
-22056,14810
-22055,14811
-22054,14812
-22053,14813
-22052,14814
-22051,14815
-22050,14816
-22049,14817
-22048,14818
-22047,14819
-22046,14820
-22045,14821
-22044,14822
-22043,14823
-22042,14824
-22041,14825
-22040,14826
-22039,14827
-22038,14828
-22037,14829
-22036,14830
-22035,14831
-22034,14832
-22033,14833
-22032,14834
-22031,14835
-22030,14836
-22029,14837
-22028,14838
-22027,14839
-22026,14840
-22025,14841
-22024,14842
-22023,14843
-22022,14844
-22021,14845
-22020,14846
-22019,14847
-22018,14848
-22017,14849
-22016,14850
-22015,14851
-22014,14852
-22013,14853
-22012,14854
-22011,14855
-22010,14856
-22009,14857
-22008,14858
-22007,14859
-22006,14860
-22005,14861
-22004,14862
-22003,14863
-22002,14864
-22001,14865
-22000,14866
-21999,14867
-21998,14868
-21997,14869
-21996,14870
-21995,14871
-21994,14872
-21993,14873
-21992,14874
-21991,14875
-21990,14876
-21989,14877
-21988,14878
-21987,14879
-21986,14880
-21985,14881
-21984,14882
-21983,14883
-21982,14884
-21981,14885
-21980,14886
-21979,14887
-21978,14888
-21977,14889
-21976,14890
-21975,14891
-21974,14892
-21973,14893
-21972,14894
-21971,14895
-21970,14896
-21969,14897
-21968,14898
-21967,14899
-21966,14900
-21965,14901
-21964,14902
-21963,14903
-21962,14904
-21961,14905
-21960,14906
-21959,14907
-21958,14908
-21957,14909
-21956,14910
-21955,14911
-21954,14912
-21953,14913
-21952,14914
-21951,14915
-21950,14916
-21949,14917
-21948,14918
-21947,14919
-21946,14920
-21945,14921
-21944,14922
-21943,14923
-21942,14924
-21941,14925
-21940,14926
-21939,14927
-21938,14928
-21937,14929
-21936,14930
-21935,14931
-21934,14932
-21933,14933
-21932,14934
-21931,14935
-21930,14936
-21929,14937
-21928,14938
-21927,14939
-21926,14940
-21925,14941
-21924,14942
-21923,14943
-21922,14944
-21921,14945
-21920,14946
-21919,14947
-21918,14948
-21917,14949
-21916,14950
-21915,14951
-21914,14952
-21913,14953
-21912,14954
-21911,14955
-21910,14956
-21909,14957
-21908,14958
-21907,14959
-21906,14960
-21905,14961
-21904,14962
-21903,14963
-21902,14964
-21901,14965
-21900,14966
-21899,14967
-21898,14968
-21897,14969
-21896,14970
-21895,14971
-21894,14972
-21893,14973
-21892,14974
-21891,14975
-21890,14976
-21889,14977
-21888,14978
-21887,14979
-21886,14980
-21885,14981
-21884,14982
-21883,14983
-21882,14984
-21881,14985
-21880,14986
-21879,14987
-21878,14988
-21877,14989
-21876,14990
-21875,14991
-21874,14992
-21873,14993
-21872,14994
-21871,14995
-21870,14996
-21869,14997
-21868,14998
-21867,14999
-21866,15000
-21865,15001
-21864,15002
-21863,15003
-21862,15004
-21861,15005
-21860,15006
-21859,15007
-21858,15008
-21857,15009
-21856,15010
-21855,15011
-21854,15012
-21853,15013
-21852,15014
-21851,15015
-21850,15016
-21849,15017
-21848,15018
-21847,15019
-21846,15020
-21845,15021
-21844,15022
-21843,15023
-21842,15024
-21841,15025
-21840,15026
-21839,15027
-21838,15028
-21837,15029
-21836,15030
-21835,15031
-21834,15032
-21833,15033
-21832,15034
-21831,15035
-21830,15036
-21829,15037
-21828,15038
-21827,15039
-21826,15040
-21825,15041
-21824,15042
-21823,15043
-21822,15044
-21821,15045
-21820,15046
-21819,15047
-21818,15048
-21817,15049
-21816,15050
-21815,15051
-21814,15052
-21813,15053
-21812,15054
-21811,15055
-21810,15056
-21809,15057
-21808,15058
-21807,15059
-21806,15060
-21805,15061
-21804,15062
-21803,15063
-21802,15064
-21801,15065
-21800,15066
-21799,15067
-21798,15068
-21797,15069
-21796,15070
-21795,15071
-21794,15072
-21793,15073
-21792,15074
-21791,15075
-21790,15076
-21789,15077
-21788,15078
-21787,15079
-21786,15080
-21785,15081
-21784,15082
-21783,15083
-21782,15084
-21781,15085
-21780,15086
-21779,15087
-21778,15088
-21777,15089
-21776,15090
-21775,15091
-21774,15092
-21773,15093
-21772,15094
-21771,15095
-21770,15096
-21769,15097
-21768,15098
-21767,15099
-21766,15100
-21765,15101
-21764,15102
-21763,15103
-21762,15104
-21761,15105
-21760,15106
-21759,15107
-21758,15108
-21757,15109
-21756,15110
-21755,15111
-21754,15112
-21753,15113
-21752,15114
-21751,15115
-21750,15116
-21749,15117
-21748,15118
-21747,15119
-21746,15120
-21745,15121
-21744,15122
-21743,15123
-21742,15124
-21741,15125
-21740,15126
-21739,15127
-21738,15128
-21737,15129
-21736,15130
-21735,15131
-21734,15132
-21733,15133
-21732,15134
-21731,15135
-21730,15136
-21729,15137
-21728,15138
-21727,15139
-21726,15140
-21725,15141
-21724,15142
-21723,15143
-21722,15144
-21721,15145
-21720,15146
-21719,15147
-21718,15148
-21717,15149
-21716,15150
-21715,15151
-21714,15152
-21713,15153
-21712,15154
-21711,15155
-21710,15156
-21709,15157
-21708,15158
-21707,15159
-21706,15160
-21705,15161
-21704,15162
-21703,15163
-21702,15164
-21701,15165
-21700,15166
-21699,15167
-21698,15168
-21697,15169
-21696,15170
-21695,15171
-21694,15172
-21693,15173
-21692,15174
-21691,15175
-21690,15176
-21689,15177
-21688,15178
-21687,15179
-21686,15180
-21685,15181
-21684,15182
-21683,15183
-21682,15184
-21681,15185
-21680,15186
-21679,15187
-21678,15188
-21677,15189
-21676,15190
-21675,15191
-21674,15192
-21673,15193
-21672,15194
-21671,15195
-21670,15196
-21669,15197
-21668,15198
-21667,15199
-21666,15200
-21665,15201
-21664,15202
-21663,15203
-21662,15204
-21661,15205
-21660,15206
-21659,15207
-21658,15208
-21657,15209
-21656,15210
-21655,15211
-21654,15212
-21653,15213
-21652,15214
-21651,15215
-21650,15216
-21649,15217
-21648,15218
-21647,15219
-21646,15220
-21645,15221
-21644,15222
-21643,15223
-21642,15224
-21641,15225
-21640,15226
-21639,15227
-21638,15228
-21637,15229
-21636,15230
-21635,15231
-21634,15232
-21633,15233
-21632,15234
-21631,15235
-21630,15236
-21629,15237
-21628,15238
-21627,15239
-21626,15240
-21625,15241
-21624,15242
-21623,15243
-21622,15244
-21621,15245
-21620,15246
-21619,15247
-21618,15248
-21617,15249
-21616,15250
-21615,15251
-21614,15252
-21613,15253
-21612,15254
-21611,15255
-21610,15256
-21609,15257
-21608,15258
-21607,15259
-21606,15260
-21605,15261
-21604,15262
-21603,15263
-21602,15264
-21601,15265
-21600,15266
-21599,15267
-21598,15268
-21597,15269
-21596,15270
-21595,15271
-21594,15272
-21593,15273
-21592,15274
-21591,15275
-21590,15276
-21589,15277
-21588,15278
-21587,15279
-21586,15280
-21585,15281
-21584,15282
-21583,15283
-21582,15284
-21581,15285
-21580,15286
-21579,15287
-21578,15288
-21577,15289
-21576,15290
-21575,15291
-21574,15292
-21573,15293
-21572,15294
-21571,15295
-21570,15296
-21569,15297
-21568,15298
-21567,15299
-21566,15300
-21565,15301
-21564,15302
-21563,15303
-21562,15304
-21561,15305
-21560,15306
-21559,15307
-21558,15308
-21557,15309
-21556,15310
-21555,15311
-21554,15312
-21553,15313
-21552,15314
-21551,15315
-21550,15316
-21549,15317
-21548,15318
-21547,15319
-21546,15320
-21545,15321
-21544,15322
-21543,15323
-21542,15324
-21541,15325
-21540,15326
-21539,15327
-21538,15328
-21537,15329
-21536,15330
-21535,15331
-21534,15332
-21533,15333
-21532,15334
-21531,15335
-21530,15336
-21529,15337
-21528,15338
-21527,15339
-21526,15340
-21525,15341
-21524,15342
-21523,15343
-21522,15344
-21521,15345
-21520,15346
-21519,15347
-21518,15348
-21517,15349
-21516,15350
-21515,15351
-21514,15352
-21513,15353
-21512,15354
-21511,15355
-21510,15356
-21509,15357
-21508,15358
-21507,15359
-21506,15360
-21505,15361
-21504,15362
-21503,15363
-21502,15364
-21501,15365
-21500,15366
-21499,15367
-21498,15368
-21497,15369
-21496,15370
-21495,15371
-21494,15372
-21493,15373
-21492,15374
-21491,15375
-21490,15376
-21489,15377
-21488,15378
-21487,15379
-21486,15380
-21485,15381
-21484,15382
-21483,15383
-21482,15384
-21481,15385
-21480,15386
-21479,15387
-21478,15388
-21477,15389
-21476,15390
-21475,15391
-21474,15392
-21473,15393
-21472,15394
-21471,15395
-21470,15396
-21469,15397
-21468,15398
-21467,15399
-21466,15400
-21465,15401
-21464,15402
-21463,15403
-21462,15404
-21461,15405
-21460,15406
-21459,15407
-21458,15408
-21457,15409
-21456,15410
-21455,15411
-21454,15412
-21453,15413
-21452,15414
-21451,15415
-21450,15416
-21449,15417
-21448,15418
-21447,15419
-21446,15420
-21445,15421
-21444,15422
-21443,15423
-21442,15424
-21441,15425
-21440,15426
-21439,15427
-21438,15428
-21437,15429
-21436,15430
-21435,15431
-21434,15432
-21433,15433
-21432,15434
-21431,15435
-21430,15436
-21429,15437
-21428,15438
-21427,15439
-21426,15440
-21425,15441
-21424,15442
-21423,15443
-21422,15444
-21421,15445
-21420,15446
-21419,15447
-21418,15448
-21417,15449
-21416,15450
-21415,15451
-21414,15452
-21413,15453
-21412,15454
-21411,15455
-21410,15456
-21409,15457
-21408,15458
-21407,15459
-21406,15460
-21405,15461
-21404,15462
-21403,15463
-21402,15464
-21401,15465
-21400,15466
-21399,15467
-21398,15468
-21397,15469
-21396,15470
-21395,15471
-21394,15472
-21393,15473
-21392,15474
-21391,15475
-21390,15476
-21389,15477
-21388,15478
-21387,15479
-21386,15480
-21385,15481
-21384,15482
-21383,15483
-21382,15484
-21381,15485
-21380,15486
-21379,15487
-21378,15488
-21377,15489
-21376,15490
-21375,15491
-21374,15492
-21373,15493
-21372,15494
-21371,15495
-21370,15496
-21369,15497
-21368,15498
-21367,15499
-21366,15500
-21365,15501
-21364,15502
-21363,15503
-21362,15504
-21361,15505
-21360,15506
-21359,15507
-21358,15508
-21357,15509
-21356,15510
-21355,15511
-21354,15512
-21353,15513
-21352,15514
-21351,15515
-21350,15516
-21349,15517
-21348,15518
-21347,15519
-21346,15520
-21345,15521
-21344,15522
-21343,15523
-21342,15524
-21341,15525
-21340,15526
-21339,15527
-21338,15528
-21337,15529
-21336,15530
-21335,15531
-21334,15532
-21333,15533
-21332,15534
-21331,15535
-21330,15536
-21329,15537
-21328,15538
-21327,15539
-21326,15540
-21325,15541
-21324,15542
-21323,15543
-21322,15544
-21321,15545
-21320,15546
-21319,15547
-21318,15548
-21317,15549
-21316,15550
-21315,15551
-21314,15552
-21313,15553
-21312,15554
-21311,15555
-21310,15556
-21309,15557
-21308,15558
-21307,15559
-21306,15560
-21305,15561
-21304,15562
-21303,15563
-21302,15564
-21301,15565
-21300,15566
-21299,15567
-21298,15568
-21297,15569
-21296,15570
-21295,15571
-21294,15572
-21293,15573
-21292,15574
-21291,15575
-21290,15576
-21289,15577
-21288,15578
-21287,15579
-21286,15580
-21285,15581
-21284,15582
-21283,15583
-21282,15584
-21281,15585
-21280,15586
-21279,15587
-21278,15588
-21277,15589
-21276,15590
-21275,15591
-21274,15592
-21273,15593
-21272,15594
-21271,15595
-21270,15596
-21269,15597
-21268,15598
-21267,15599
-21266,15600
-21265,15601
-21264,15602
-21263,15603
-21262,15604
-21261,15605
-21260,15606
-21259,15607
-21258,15608
-21257,15609
-21256,15610
-21255,15611
-21254,15612
-21253,15613
-21252,15614
-21251,15615
-21250,15616
-21249,15617
-21248,15618
-21247,15619
-21246,15620
-21245,15621
-21244,15622
-21243,15623
-21242,15624
-21241,15625
-21240,15626
-21239,15627
-21238,15628
-21237,15629
-21236,15630
-21235,15631
-21234,15632
-21233,15633
-21232,15634
-21231,15635
-21230,15636
-21229,15637
-21228,15638
-21227,15639
-21226,15640
-21225,15641
-21224,15642
-21223,15643
-21222,15644
-21221,15645
-21220,15646
-21219,15647
-21218,15648
-21217,15649
-21216,15650
-21215,15651
-21214,15652
-21213,15653
-21212,15654
-21211,15655
-21210,15656
-21209,15657
-21208,15658
-21207,15659
-21206,15660
-21205,15661
-21204,15662
-21203,15663
-21202,15664
-21201,15665
-21200,15666
-21199,15667
-21198,15668
-21197,15669
-21196,15670
-21195,15671
-21194,15672
-21193,15673
-21192,15674
-21191,15675
-21190,15676
-21189,15677
-21188,15678
-21187,15679
-21186,15680
-21185,15681
-21184,15682
-21183,15683
-21182,15684
-21181,15685
-21180,15686
-21179,15687
-21178,15688
-21177,15689
-21176,15690
-21175,15691
-21174,15692
-21173,15693
-21172,15694
-21171,15695
-21170,15696
-21169,15697
-21168,15698
-21167,15699
-21166,15700
-21165,15701
-21164,15702
-21163,15703
-21162,15704
-21161,15705
-21160,15706
-21159,15707
-21158,15708
-21157,15709
-21156,15710
-21155,15711
-21154,15712
-21153,15713
-21152,15714
-21151,15715
-21150,15716
-21149,15717
-21148,15718
-21147,15719
-21146,15720
-21145,15721
-21144,15722
-21143,15723
-21142,15724
-21141,15725
-21140,15726
-21139,15727
-21138,15728
-21137,15729
-21136,15730
-21135,15731
-21134,15732
-21133,15733
-21132,15734
-21131,15735
-21130,15736
-21129,15737
-21128,15738
-21127,15739
-21126,15740
-21125,15741
-21124,15742
-21123,15743
-21122,15744
-21121,15745
-21120,15746
-21119,15747
-21118,15748
-21117,15749
-21116,15750
-21115,15751
-21114,15752
-21113,15753
-21112,15754
-21111,15755
-21110,15756
-21109,15757
-21108,15758
-21107,15759
-21106,15760
-21105,15761
-21104,15762
-21103,15763
-21102,15764
-21101,15765
-21100,15766
-21099,15767
-21098,15768
-21097,15769
-21096,15770
-21095,15771
-21094,15772
-21093,15773
-21092,15774
-21091,15775
-21090,15776
-21089,15777
-21088,15778
-21087,15779
-21086,15780
-21085,15781
-21084,15782
-21083,15783
-21082,15784
-21081,15785
-21080,15786
-21079,15787
-21078,15788
-21077,15789
-21076,15790
-21075,15791
-21074,15792
-21073,15793
-21072,15794
-21071,15795
-21070,15796
-21069,15797
-21068,15798
-21067,15799
-21066,15800
-21065,15801
-21064,15802
-21063,15803
-21062,15804
-21061,15805
-21060,15806
-21059,15807
-21058,15808
-21057,15809
-21056,15810
-21055,15811
-21054,15812
-21053,15813
-21052,15814
-21051,15815
-21050,15816
-21049,15817
-21048,15818
-21047,15819
-21046,15820
-21045,15821
-21044,15822
-21043,15823
-21042,15824
-21041,15825
-21040,15826
-21039,15827
-21038,15828
-21037,15829
-21036,15830
-21035,15831
-21034,15832
-21033,15833
-21032,15834
-21031,15835
-21030,15836
-21029,15837
-21028,15838
-21027,15839
-21026,15840
-21025,15841
-21024,15842
-21023,15843
-21022,15844
-21021,15845
-21020,15846
-21019,15847
-21018,15848
-21017,15849
-21016,15850
-21015,15851
-21014,15852
-21013,15853
-21012,15854
-21011,15855
-21010,15856
-21009,15857
-21008,15858
-21007,15859
-21006,15860
-21005,15861
-21004,15862
-21003,15863
-21002,15864
-21001,15865
-21000,15866
-20999,15867
-20998,15868
-20997,15869
-20996,15870
-20995,15871
-20994,15872
-20993,15873
-20992,15874
-20991,15875
-20990,15876
-20989,15877
-20988,15878
-20987,15879
-20986,15880
-20985,15881
-20984,15882
-20983,15883
-20982,15884
-20981,15885
-20980,15886
-20979,15887
-20978,15888
-20977,15889
-20976,15890
-20975,15891
-20974,15892
-20973,15893
-20972,15894
-20971,15895
-20970,15896
-20969,15897
-20968,15898
-20967,15899
-20966,15900
-20965,15901
-20964,15902
-20963,15903
-20962,15904
-20961,15905
-20960,15906
-20959,15907
-20958,15908
-20957,15909
-20956,15910
-20955,15911
-20954,15912
-20953,15913
-20952,15914
-20951,15915
-20950,15916
-20949,15917
-20948,15918
-20947,15919
-20946,15920
-20945,15921
-20944,15922
-20943,15923
-20942,15924
-20941,15925
-20940,15926
-20939,15927
-20938,15928
-20937,15929
-20936,15930
-20935,15931
-20934,15932
-20933,15933
-20932,15934
-20931,15935
-20930,15936
-20929,15937
-20928,15938
-20927,15939
-20926,15940
-20925,15941
-20924,15942
-20923,15943
-20922,15944
-20921,15945
-20920,15946
-20919,15947
-20918,15948
-20917,15949
-20916,15950
-20915,15951
-20914,15952
-20913,15953
-20912,15954
-20911,15955
-20910,15956
-20909,15957
-20908,15958
-20907,15959
-20906,15960
-20905,15961
-20904,15962
-20903,15963
-20902,15964
-20901,15965
-20900,15966
-20899,15967
-20898,15968
-20897,15969
-20896,15970
-20895,15971
-20894,15972
-20893,15973
-20892,15974
-20891,15975
-20890,15976
-20889,15977
-20888,15978
-20887,15979
-20886,15980
-20885,15981
-20884,15982
-20883,15983
-20882,15984
-20881,15985
-20880,15986
-20879,15987
-20878,15988
-20877,15989
-20876,15990
-20875,15991
-20874,15992
-20873,15993
-20872,15994
-20871,15995
-20870,15996
-20869,15997
-20868,15998
-20867,15999
-20866,16000
-20865,16001
-20864,16002
-20863,16003
-20862,16004
-20861,16005
-20860,16006
-20859,16007
-20858,16008
-20857,16009
-20856,16010
-20855,16011
-20854,16012
-20853,16013
-20852,16014
-20851,16015
-20850,16016
-20849,16017
-20848,16018
-20847,16019
-20846,16020
-20845,16021
-20844,16022
-20843,16023
-20842,16024
-20841,16025
-20840,16026
-20839,16027
-20838,16028
-20837,16029
-20836,16030
-20835,16031
-20834,16032
-20833,16033
-20832,16034
-20831,16035
-20830,16036
-20829,16037
-20828,16038
-20827,16039
-20826,16040
-20825,16041
-20824,16042
-20823,16043
-20822,16044
-20821,16045
-20820,16046
-20819,16047
-20818,16048
-20817,16049
-20816,16050
-20815,16051
-20814,16052
-20813,16053
-20812,16054
-20811,16055
-20810,16056
-20809,16057
-20808,16058
-20807,16059
-20806,16060
-20805,16061
-20804,16062
-20803,16063
-20802,16064
-20801,16065
-20800,16066
-20799,16067
-20798,16068
-20797,16069
-20796,16070
-20795,16071
-20794,16072
-20793,16073
-20792,16074
-20791,16075
-20790,16076
-20789,16077
-20788,16078
-20787,16079
-20786,16080
-20785,16081
-20784,16082
-20783,16083
-20782,16084
-20781,16085
-20780,16086
-20779,16087
-20778,16088
-20777,16089
-20776,16090
-20775,16091
-20774,16092
-20773,16093
-20772,16094
-20771,16095
-20770,16096
-20769,16097
-20768,16098
-20767,16099
-20766,16100
-20765,16101
-20764,16102
-20763,16103
-20762,16104
-20761,16105
-20760,16106
-20759,16107
-20758,16108
-20757,16109
-20756,16110
-20755,16111
-20754,16112
-20753,16113
-20752,16114
-20751,16115
-20750,16116
-20749,16117
-20748,16118
-20747,16119
-20746,16120
-20745,16121
-20744,16122
-20743,16123
-20742,16124
-20741,16125
-20740,16126
-20739,16127
-20738,16128
-20737,16129
-20736,16130
-20735,16131
-20734,16132
-20733,16133
-20732,16134
-20731,16135
-20730,16136
-20729,16137
-20728,16138
-20727,16139
-20726,16140
-20725,16141
-20724,16142
-20723,16143
-20722,16144
-20721,16145
-20720,16146
-20719,16147
-20718,16148
-20717,16149
-20716,16150
-20715,16151
-20714,16152
-20713,16153
-20712,16154
-20711,16155
-20710,16156
-20709,16157
-20708,16158
-20707,16159
-20706,16160
-20705,16161
-20704,16162
-20703,16163
-20702,16164
-20701,16165
-20700,16166
-20699,16167
-20698,16168
-20697,16169
-20696,16170
-20695,16171
-20694,16172
-20693,16173
-20692,16174
-20691,16175
-20690,16176
-20689,16177
-20688,16178
-20687,16179
-20686,16180
-20685,16181
-20684,16182
-20683,16183
-20682,16184
-20681,16185
-20680,16186
-20679,16187
-20678,16188
-20677,16189
-20676,16190
-20675,16191
-20674,16192
-20673,16193
-20672,16194
-20671,16195
-20670,16196
-20669,16197
-20668,16198
-20667,16199
-20666,16200
-20665,16201
-20664,16202
-20663,16203
-20662,16204
-20661,16205
-20660,16206
-20659,16207
-20658,16208
-20657,16209
-20656,16210
-20655,16211
-20654,16212
-20653,16213
-20652,16214
-20651,16215
-20650,16216
-20649,16217
-20648,16218
-20647,16219
-20646,16220
-20645,16221
-20644,16222
-20643,16223
-20642,16224
-20641,16225
-20640,16226
-20639,16227
-20638,16228
-20637,16229
-20636,16230
-20635,16231
-20634,16232
-20633,16233
-20632,16234
-20631,16235
-20630,16236
-20629,16237
-20628,16238
-20627,16239
-20626,16240
-20625,16241
-20624,16242
-20623,16243
-20622,16244
-20621,16245
-20620,16246
-20619,16247
-20618,16248
-20617,16249
-20616,16250
-20615,16251
-20614,16252
-20613,16253
-20612,16254
-20611,16255
-20610,16256
-20609,16257
-20608,16258
-20607,16259
-20606,16260
-20605,16261
-20604,16262
-20603,16263
-20602,16264
-20601,16265
-20600,16266
-20599,16267
-20598,16268
-20597,16269
-20596,16270
-20595,16271
-20594,16272
-20593,16273
-20592,16274
-20591,16275
-20590,16276
-20589,16277
-20588,16278
-20587,16279
-20586,16280
-20585,16281
-20584,16282
-20583,16283
-20582,16284
-20581,16285
-20580,16286
-20579,16287
-20578,16288
-20577,16289
-20576,16290
-20575,16291
-20574,16292
-20573,16293
-20572,16294
-20571,16295
-20570,16296
-20569,16297
-20568,16298
-20567,16299
-20566,16300
-20565,16301
-20564,16302
-20563,16303
-20562,16304
-20561,16305
-20560,16306
-20559,16307
-20558,16308
-20557,16309
-20556,16310
-20555,16311
-20554,16312
-20553,16313
-20552,16314
-20551,16315
-20550,16316
-20549,16317
-20548,16318
-20547,16319
-20546,16320
-20545,16321
-20544,16322
-20543,16323
-20542,16324
-20541,16325
-20540,16326
-20539,16327
-20538,16328
-20537,16329
-20536,16330
-20535,16331
-20534,16332
-20533,16333
-20532,16334
-20531,16335
-20530,16336
-20529,16337
-20528,16338
-20527,16339
-20526,16340
-20525,16341
-20524,16342
-20523,16343
-20522,16344
-20521,16345
-20520,16346
-20519,16347
-20518,16348
-20517,16349
-20516,16350
-20515,16351
-20514,16352
-20513,16353
-20512,16354
-20511,16355
-20510,16356
-20509,16357
-20508,16358
-20507,16359
-20506,16360
-20505,16361
-20504,16362
-20503,16363
-20502,16364
-20501,16365
-20500,16366
-20499,16367
-20498,16368
-20497,16369
-20496,16370
-20495,16371
-20494,16372
-20493,16373
-20492,16374
-20491,16375
-20490,16376
-20489,16377
-20488,16378
-20487,16379
-20486,16380
-20485,16381
-20484,16382
-20483,16383
-20482,16384
-20481,16385
-20480,16386
-20479,16387
-20478,16388
-20477,16389
-20476,16390
-20475,16391
-20474,16392
-20473,16393
-20472,16394
-20471,16395
-20470,16396
-20469,16397
-20468,16398
-20467,16399
-20466,16400
-20465,16401
-20464,16402
-20463,16403
-20462,16404
-20461,16405
-20460,16406
-20459,16407
-20458,16408
-20457,16409
-20456,16410
-20455,16411
-20454,16412
-20453,16413
-20452,16414
-20451,16415
-20450,16416
-20449,16417
-20448,16418
-20447,16419
-20446,16420
-20445,16421
-20444,16422
-20443,16423
-20442,16424
-20441,16425
-20440,16426
-20439,16427
-20438,16428
-20437,16429
-20436,16430
-20435,16431
-20434,16432
-20433,16433
-20432,16434
-20431,16435
-20430,16436
-20429,16437
-20428,16438
-20427,16439
-20426,16440
-20425,16441
-20424,16442
-20423,16443
-20422,16444
-20421,16445
-20420,16446
-20419,16447
-20418,16448
-20417,16449
-20416,16450
-20415,16451
-20414,16452
-20413,16453
-20412,16454
-20411,16455
-20410,16456
-20409,16457
-20408,16458
-20407,16459
-20406,16460
-20405,16461
-20404,16462
-20403,16463
-20402,16464
-20401,16465
-20400,16466
-20399,16467
-20398,16468
-20397,16469
-20396,16470
-20395,16471
-20394,16472
-20393,16473
-20392,16474
-20391,16475
-20390,16476
-20389,16477
-20388,16478
-20387,16479
-20386,16480
-20385,16481
-20384,16482
-20383,16483
-20382,16484
-20381,16485
-20380,16486
-20379,16487
-20378,16488
-20377,16489
-20376,16490
-20375,16491
-20374,16492
-20373,16493
-20372,16494
-20371,16495
-20370,16496
-20369,16497
-20368,16498
-20367,16499
-20366,16500
-20365,16501
-20364,16502
-20363,16503
-20362,16504
-20361,16505
-20360,16506
-20359,16507
-20358,16508
-20357,16509
-20356,16510
-20355,16511
-20354,16512
-20353,16513
-20352,16514
-20351,16515
-20350,16516
-20349,16517
-20348,16518
-20347,16519
-20346,16520
-20345,16521
-20344,16522
-20343,16523
-20342,16524
-20341,16525
-20340,16526
-20339,16527
-20338,16528
-20337,16529
-20336,16530
-20335,16531
-20334,16532
-20333,16533
-20332,16534
-20331,16535
-20330,16536
-20329,16537
-20328,16538
-20327,16539
-20326,16540
-20325,16541
-20324,16542
-20323,16543
-20322,16544
-20321,16545
-20320,16546
-20319,16547
-20318,16548
-20317,16549
-20316,16550
-20315,16551
-20314,16552
-20313,16553
-20312,16554
-20311,16555
-20310,16556
-20309,16557
-20308,16558
-20307,16559
-20306,16560
-20305,16561
-20304,16562
-20303,16563
-20302,16564
-20301,16565
-20300,16566
-20299,16567
-20298,16568
-20297,16569
-20296,16570
-20295,16571
-20294,16572
-20293,16573
-20292,16574
-20291,16575
-20290,16576
-20289,16577
-20288,16578
-20287,16579
-20286,16580
-20285,16581
-20284,16582
-20283,16583
-20282,16584
-20281,16585
-20280,16586
-20279,16587
-20278,16588
-20277,16589
-20276,16590
-20275,16591
-20274,16592
-20273,16593
-20272,16594
-20271,16595
-20270,16596
-20269,16597
-20268,16598
-20267,16599
-20266,16600
-20265,16601
-20264,16602
-20263,16603
-20262,16604
-20261,16605
-20260,16606
-20259,16607
-20258,16608
-20257,16609
-20256,16610
-20255,16611
-20254,16612
-20253,16613
-20252,16614
-20251,16615
-20250,16616
-20249,16617
-20248,16618
-20247,16619
-20246,16620
-20245,16621
-20244,16622
-20243,16623
-20242,16624
-20241,16625
-20240,16626
-20239,16627
-20238,16628
-20237,16629
-20236,16630
-20235,16631
-20234,16632
-20233,16633
-20232,16634
-20231,16635
-20230,16636
-20229,16637
-20228,16638
-20227,16639
-20226,16640
-20225,16641
-20224,16642
-20223,16643
-20222,16644
-20221,16645
-20220,16646
-20219,16647
-20218,16648
-20217,16649
-20216,16650
-20215,16651
-20214,16652
-20213,16653
-20212,16654
-20211,16655
-20210,16656
-20209,16657
-20208,16658
-20207,16659
-20206,16660
-20205,16661
-20204,16662
-20203,16663
-20202,16664
-20201,16665
-20200,16666
-20199,16667
-20198,16668
-20197,16669
-20196,16670
-20195,16671
-20194,16672
-20193,16673
-20192,16674
-20191,16675
-20190,16676
-20189,16677
-20188,16678
-20187,16679
-20186,16680
-20185,16681
-20184,16682
-20183,16683
-20182,16684
-20181,16685
-20180,16686
-20179,16687
-20178,16688
-20177,16689
-20176,16690
-20175,16691
-20174,16692
-20173,16693
-20172,16694
-20171,16695
-20170,16696
-20169,16697
-20168,16698
-20167,16699
-20166,16700
-20165,16701
-20164,16702
-20163,16703
-20162,16704
-20161,16705
-20160,16706
-20159,16707
-20158,16708
-20157,16709
-20156,16710
-20155,16711
-20154,16712
-20153,16713
-20152,16714
-20151,16715
-20150,16716
-20149,16717
-20148,16718
-20147,16719
-20146,16720
-20145,16721
-20144,16722
-20143,16723
-20142,16724
-20141,16725
-20140,16726
-20139,16727
-20138,16728
-20137,16729
-20136,16730
-20135,16731
-20134,16732
-20133,16733
-20132,16734
-20131,16735
-20130,16736
-20129,16737
-20128,16738
-20127,16739
-20126,16740
-20125,16741
-20124,16742
-20123,16743
-20122,16744
-20121,16745
-20120,16746
-20119,16747
-20118,16748
-20117,16749
-20116,16750
-20115,16751
-20114,16752
-20113,16753
-20112,16754
-20111,16755
-20110,16756
-20109,16757
-20108,16758
-20107,16759
-20106,16760
-20105,16761
-20104,16762
-20103,16763
-20102,16764
-20101,16765
-20100,16766
-20099,16767
-20098,16768
-20097,16769
-20096,16770
-20095,16771
-20094,16772
-20093,16773
-20092,16774
-20091,16775
-20090,16776
-20089,16777
-20088,16778
-20087,16779
-20086,16780
-20085,16781
-20084,16782
-20083,16783
-20082,16784
-20081,16785
-20080,16786
-20079,16787
-20078,16788
-20077,16789
-20076,16790
-20075,16791
-20074,16792
-20073,16793
-20072,16794
-20071,16795
-20070,16796
-20069,16797
-20068,16798
-20067,16799
-20066,16800
-20065,16801
-20064,16802
-20063,16803
-20062,16804
-20061,16805
-20060,16806
-20059,16807
-20058,16808
-20057,16809
-20056,16810
-20055,16811
-20054,16812
-20053,16813
-20052,16814
-20051,16815
-20050,16816
-20049,16817
-20048,16818
-20047,16819
-20046,16820
-20045,16821
-20044,16822
-20043,16823
-20042,16824
-20041,16825
-20040,16826
-20039,16827
-20038,16828
-20037,16829
-20036,16830
-20035,16831
-20034,16832
-20033,16833
-20032,16834
-20031,16835
-20030,16836
-20029,16837
-20028,16838
-20027,16839
-20026,16840
-20025,16841
-20024,16842
-20023,16843
-20022,16844
-20021,16845
-20020,16846
-20019,16847
-20018,16848
-20017,16849
-20016,16850
-20015,16851
-20014,16852
-20013,16853
-20012,16854
-20011,16855
-20010,16856
-20009,16857
-20008,16858
-20007,16859
-20006,16860
-20005,16861
-20004,16862
-20003,16863
-20002,16864
-20001,16865
-20000,16866
-19999,16867
-19998,16868
-19997,16869
-19996,16870
-19995,16871
-19994,16872
-19993,16873
-19992,16874
-19991,16875
-19990,16876
-19989,16877
-19988,16878
-19987,16879
-19986,16880
-19985,16881
-19984,16882
-19983,16883
-19982,16884
-19981,16885
-19980,16886
-19979,16887
-19978,16888
-19977,16889
-19976,16890
-19975,16891
-19974,16892
-19973,16893
-19972,16894
-19971,16895
-19970,16896
-19969,16897
-19968,16898
-19967,16899
-19966,16900
-19965,16901
-19964,16902
-19963,16903
-19962,16904
-19961,16905
-19960,16906
-19959,16907
-19958,16908
-19957,16909
-19956,16910
-19955,16911
-19954,16912
-19953,16913
-19952,16914
-19951,16915
-19950,16916
-19949,16917
-19948,16918
-19947,16919
-19946,16920
-19945,16921
-19944,16922
-19943,16923
-19942,16924
-19941,16925
-19940,16926
-19939,16927
-19938,16928
-19937,16929
-19936,16930
-19935,16931
-19934,16932
-19933,16933
-19932,16934
-19931,16935
-19930,16936
-19929,16937
-19928,16938
-19927,16939
-19926,16940
-19925,16941
-19924,16942
-19923,16943
-19922,16944
-19921,16945
-19920,16946
-19919,16947
-19918,16948
-19917,16949
-19916,16950
-19915,16951
-19914,16952
-19913,16953
-19912,16954
-19911,16955
-19910,16956
-19909,16957
-19908,16958
-19907,16959
-19906,16960
-19905,16961
-19904,16962
-19903,16963
-19902,16964
-19901,16965
-19900,16966
-19899,16967
-19898,16968
-19897,16969
-19896,16970
-19895,16971
-19894,16972
-19893,16973
-19892,16974
-19891,16975
-19890,16976
-19889,16977
-19888,16978
-19887,16979
-19886,16980
-19885,16981
-19884,16982
-19883,16983
-19882,16984
-19881,16985
-19880,16986
-19879,16987
-19878,16988
-19877,16989
-19876,16990
-19875,16991
-19874,16992
-19873,16993
-19872,16994
-19871,16995
-19870,16996
-19869,16997
-19868,16998
-19867,16999
-19866,17000
-19865,17001
-19864,17002
-19863,17003
-19862,17004
-19861,17005
-19860,17006
-19859,17007
-19858,17008
-19857,17009
-19856,17010
-19855,17011
-19854,17012
-19853,17013
-19852,17014
-19851,17015
-19850,17016
-19849,17017
-19848,17018
-19847,17019
-19846,17020
-19845,17021
-19844,17022
-19843,17023
-19842,17024
-19841,17025
-19840,17026
-19839,17027
-19838,17028
-19837,17029
-19836,17030
-19835,17031
-19834,17032
-19833,17033
-19832,17034
-19831,17035
-19830,17036
-19829,17037
-19828,17038
-19827,17039
-19826,17040
-19825,17041
-19824,17042
-19823,17043
-19822,17044
-19821,17045
-19820,17046
-19819,17047
-19818,17048
-19817,17049
-19816,17050
-19815,17051
-19814,17052
-19813,17053
-19812,17054
-19811,17055
-19810,17056
-19809,17057
-19808,17058
-19807,17059
-19806,17060
-19805,17061
-19804,17062
-19803,17063
-19802,17064
-19801,17065
-19800,17066
-19799,17067
-19798,17068
-19797,17069
-19796,17070
-19795,17071
-19794,17072
-19793,17073
-19792,17074
-19791,17075
-19790,17076
-19789,17077
-19788,17078
-19787,17079
-19786,17080
-19785,17081
-19784,17082
-19783,17083
-19782,17084
-19781,17085
-19780,17086
-19779,17087
-19778,17088
-19777,17089
-19776,17090
-19775,17091
-19774,17092
-19773,17093
-19772,17094
-19771,17095
-19770,17096
-19769,17097
-19768,17098
-19767,17099
-19766,17100
-19765,17101
-19764,17102
-19763,17103
-19762,17104
-19761,17105
-19760,17106
-19759,17107
-19758,17108
-19757,17109
-19756,17110
-19755,17111
-19754,17112
-19753,17113
-19752,17114
-19751,17115
-19750,17116
-19749,17117
-19748,17118
-19747,17119
-19746,17120
-19745,17121
-19744,17122
-19743,17123
-19742,17124
-19741,17125
-19740,17126
-19739,17127
-19738,17128
-19737,17129
-19736,17130
-19735,17131
-19734,17132
-19733,17133
-19732,17134
-19731,17135
-19730,17136
-19729,17137
-19728,17138
-19727,17139
-19726,17140
-19725,17141
-19724,17142
-19723,17143
-19722,17144
-19721,17145
-19720,17146
-19719,17147
-19718,17148
-19717,17149
-19716,17150
-19715,17151
-19714,17152
-19713,17153
-19712,17154
-19711,17155
-19710,17156
-19709,17157
-19708,17158
-19707,17159
-19706,17160
-19705,17161
-19704,17162
-19703,17163
-19702,17164
-19701,17165
-19700,17166
-19699,17167
-19698,17168
-19697,17169
-19696,17170
-19695,17171
-19694,17172
-19693,17173
-19692,17174
-19691,17175
-19690,17176
-19689,17177
-19688,17178
-19687,17179
-19686,17180
-19685,17181
-19684,17182
-19683,17183
-19682,17184
-19681,17185
-19680,17186
-19679,17187
-19678,17188
-19677,17189
-19676,17190
-19675,17191
-19674,17192
-19673,17193
-19672,17194
-19671,17195
-19670,17196
-19669,17197
-19668,17198
-19667,17199
-19666,17200
-19665,17201
-19664,17202
-19663,17203
-19662,17204
-19661,17205
-19660,17206
-19659,17207
-19658,17208
-19657,17209
-19656,17210
-19655,17211
-19654,17212
-19653,17213
-19652,17214
-19651,17215
-19650,17216
-19649,17217
-19648,17218
-19647,17219
-19646,17220
-19645,17221
-19644,17222
-19643,17223
-19642,17224
-19641,17225
-19640,17226
-19639,17227
-19638,17228
-19637,17229
-19636,17230
-19635,17231
-19634,17232
-19633,17233
-19632,17234
-19631,17235
-19630,17236
-19629,17237
-19628,17238
-19627,17239
-19626,17240
-19625,17241
-19624,17242
-19623,17243
-19622,17244
-19621,17245
-19620,17246
-19619,17247
-19618,17248
-19617,17249
-19616,17250
-19615,17251
-19614,17252
-19613,17253
-19612,17254
-19611,17255
-19610,17256
-19609,17257
-19608,17258
-19607,17259
-19606,17260
-19605,17261
-19604,17262
-19603,17263
-19602,17264
-19601,17265
-19600,17266
-19599,17267
-19598,17268
-19597,17269
-19596,17270
-19595,17271
-19594,17272
-19593,17273
-19592,17274
-19591,17275
-19590,17276
-19589,17277
-19588,17278
-19587,17279
-19586,17280
-19585,17281
-19584,17282
-19583,17283
-19582,17284
-19581,17285
-19580,17286
-19579,17287
-19578,17288
-19577,17289
-19576,17290
-19575,17291
-19574,17292
-19573,17293
-19572,17294
-19571,17295
-19570,17296
-19569,17297
-19568,17298
-19567,17299
-19566,17300
-19565,17301
-19564,17302
-19563,17303
-19562,17304
-19561,17305
-19560,17306
-19559,17307
-19558,17308
-19557,17309
-19556,17310
-19555,17311
-19554,17312
-19553,17313
-19552,17314
-19551,17315
-19550,17316
-19549,17317
-19548,17318
-19547,17319
-19546,17320
-19545,17321
-19544,17322
-19543,17323
-19542,17324
-19541,17325
-19540,17326
-19539,17327
-19538,17328
-19537,17329
-19536,17330
-19535,17331
-19534,17332
-19533,17333
-19532,17334
-19531,17335
-19530,17336
-19529,17337
-19528,17338
-19527,17339
-19526,17340
-19525,17341
-19524,17342
-19523,17343
-19522,17344
-19521,17345
-19520,17346
-19519,17347
-19518,17348
-19517,17349
-19516,17350
-19515,17351
-19514,17352
-19513,17353
-19512,17354
-19511,17355
-19510,17356
-19509,17357
-19508,17358
-19507,17359
-19506,17360
-19505,17361
-19504,17362
-19503,17363
-19502,17364
-19501,17365
-19500,17366
-19499,17367
-19498,17368
-19497,17369
-19496,17370
-19495,17371
-19494,17372
-19493,17373
-19492,17374
-19491,17375
-19490,17376
-19489,17377
-19488,17378
-19487,17379
-19486,17380
-19485,17381
-19484,17382
-19483,17383
-19482,17384
-19481,17385
-19480,17386
-19479,17387
-19478,17388
-19477,17389
-19476,17390
-19475,17391
-19474,17392
-19473,17393
-19472,17394
-19471,17395
-19470,17396
-19469,17397
-19468,17398
-19467,17399
-19466,17400
-19465,17401
-19464,17402
-19463,17403
-19462,17404
-19461,17405
-19460,17406
-19459,17407
-19458,17408
-19457,17409
-19456,17410
-19455,17411
-19454,17412
-19453,17413
-19452,17414
-19451,17415
-19450,17416
-19449,17417
-19448,17418
-19447,17419
-19446,17420
-19445,17421
-19444,17422
-19443,17423
-19442,17424
-19441,17425
-19440,17426
-19439,17427
-19438,17428
-19437,17429
-19436,17430
-19435,17431
-19434,17432
-19433,17433
-19432,17434
-19431,17435
-19430,17436
-19429,17437
-19428,17438
-19427,17439
-19426,17440
-19425,17441
-19424,17442
-19423,17443
-19422,17444
-19421,17445
-19420,17446
-19419,17447
-19418,17448
-19417,17449
-19416,17450
-19415,17451
-19414,17452
-19413,17453
-19412,17454
-19411,17455
-19410,17456
-19409,17457
-19408,17458
-19407,17459
-19406,17460
-19405,17461
-19404,17462
-19403,17463
-19402,17464
-19401,17465
-19400,17466
-19399,17467
-19398,17468
-19397,17469
-19396,17470
-19395,17471
-19394,17472
-19393,17473
-19392,17474
-19391,17475
-19390,17476
-19389,17477
-19388,17478
-19387,17479
-19386,17480
-19385,17481
-19384,17482
-19383,17483
-19382,17484
-19381,17485
-19380,17486
-19379,17487
-19378,17488
-19377,17489
-19376,17490
-19375,17491
-19374,17492
-19373,17493
-19372,17494
-19371,17495
-19370,17496
-19369,17497
-19368,17498
-19367,17499
-19366,17500
-19365,17501
-19364,17502
-19363,17503
-19362,17504
-19361,17505
-19360,17506
-19359,17507
-19358,17508
-19357,17509
-19356,17510
-19355,17511
-19354,17512
-19353,17513
-19352,17514
-19351,17515
-19350,17516
-19349,17517
-19348,17518
-19347,17519
-19346,17520
-19345,17521
-19344,17522
-19343,17523
-19342,17524
-19341,17525
-19340,17526
-19339,17527
-19338,17528
-19337,17529
-19336,17530
-19335,17531
-19334,17532
-19333,17533
-19332,17534
-19331,17535
-19330,17536
-19329,17537
-19328,17538
-19327,17539
-19326,17540
-19325,17541
-19324,17542
-19323,17543
-19322,17544
-19321,17545
-19320,17546
-19319,17547
-19318,17548
-19317,17549
-19316,17550
-19315,17551
-19314,17552
-19313,17553
-19312,17554
-19311,17555
-19310,17556
-19309,17557
-19308,17558
-19307,17559
-19306,17560
-19305,17561
-19304,17562
-19303,17563
-19302,17564
-19301,17565
-19300,17566
-19299,17567
-19298,17568
-19297,17569
-19296,17570
-19295,17571
-19294,17572
-19293,17573
-19292,17574
-19291,17575
-19290,17576
-19289,17577
-19288,17578
-19287,17579
-19286,17580
-19285,17581
-19284,17582
-19283,17583
-19282,17584
-19281,17585
-19280,17586
-19279,17587
-19278,17588
-19277,17589
-19276,17590
-19275,17591
-19274,17592
-19273,17593
-19272,17594
-19271,17595
-19270,17596
-19269,17597
-19268,17598
-19267,17599
-19266,17600
-19265,17601
-19264,17602
-19263,17603
-19262,17604
-19261,17605
-19260,17606
-19259,17607
-19258,17608
-19257,17609
-19256,17610
-19255,17611
-19254,17612
-19253,17613
-19252,17614
-19251,17615
-19250,17616
-19249,17617
-19248,17618
-19247,17619
-19246,17620
-19245,17621
-19244,17622
-19243,17623
-19242,17624
-19241,17625
-19240,17626
-19239,17627
-19238,17628
-19237,17629
-19236,17630
-19235,17631
-19234,17632
-19233,17633
-19232,17634
-19231,17635
-19230,17636
-19229,17637
-19228,17638
-19227,17639
-19226,17640
-19225,17641
-19224,17642
-19223,17643
-19222,17644
-19221,17645
-19220,17646
-19219,17647
-19218,17648
-19217,17649
-19216,17650
-19215,17651
-19214,17652
-19213,17653
-19212,17654
-19211,17655
-19210,17656
-19209,17657
-19208,17658
-19207,17659
-19206,17660
-19205,17661
-19204,17662
-19203,17663
-19202,17664
-19201,17665
-19200,17666
-19199,17667
-19198,17668
-19197,17669
-19196,17670
-19195,17671
-19194,17672
-19193,17673
-19192,17674
-19191,17675
-19190,17676
-19189,17677
-19188,17678
-19187,17679
-19186,17680
-19185,17681
-19184,17682
-19183,17683
-19182,17684
-19181,17685
-19180,17686
-19179,17687
-19178,17688
-19177,17689
-19176,17690
-19175,17691
-19174,17692
-19173,17693
-19172,17694
-19171,17695
-19170,17696
-19169,17697
-19168,17698
-19167,17699
-19166,17700
-19165,17701
-19164,17702
-19163,17703
-19162,17704
-19161,17705
-19160,17706
-19159,17707
-19158,17708
-19157,17709
-19156,17710
-19155,17711
-19154,17712
-19153,17713
-19152,17714
-19151,17715
-19150,17716
-19149,17717
-19148,17718
-19147,17719
-19146,17720
-19145,17721
-19144,17722
-19143,17723
-19142,17724
-19141,17725
-19140,17726
-19139,17727
-19138,17728
-19137,17729
-19136,17730
-19135,17731
-19134,17732
-19133,17733
-19132,17734
-19131,17735
-19130,17736
-19129,17737
-19128,17738
-19127,17739
-19126,17740
-19125,17741
-19124,17742
-19123,17743
-19122,17744
-19121,17745
-19120,17746
-19119,17747
-19118,17748
-19117,17749
-19116,17750
-19115,17751
-19114,17752
-19113,17753
-19112,17754
-19111,17755
-19110,17756
-19109,17757
-19108,17758
-19107,17759
-19106,17760
-19105,17761
-19104,17762
-19103,17763
-19102,17764
-19101,17765
-19100,17766
-19099,17767
-19098,17768
-19097,17769
-19096,17770
-19095,17771
-19094,17772
-19093,17773
-19092,17774
-19091,17775
-19090,17776
-19089,17777
-19088,17778
-19087,17779
-19086,17780
-19085,17781
-19084,17782
-19083,17783
-19082,17784
-19081,17785
-19080,17786
-19079,17787
-19078,17788
-19077,17789
-19076,17790
-19075,17791
-19074,17792
-19073,17793
-19072,17794
-19071,17795
-19070,17796
-19069,17797
-19068,17798
-19067,17799
-19066,17800
-19065,17801
-19064,17802
-19063,17803
-19062,17804
-19061,17805
-19060,17806
-19059,17807
-19058,17808
-19057,17809
-19056,17810
-19055,17811
-19054,17812
-19053,17813
-19052,17814
-19051,17815
-19050,17816
-19049,17817
-19048,17818
-19047,17819
-19046,17820
-19045,17821
-19044,17822
-19043,17823
-19042,17824
-19041,17825
-19040,17826
-19039,17827
-19038,17828
-19037,17829
-19036,17830
-19035,17831
-19034,17832
-19033,17833
-19032,17834
-19031,17835
-19030,17836
-19029,17837
-19028,17838
-19027,17839
-19026,17840
-19025,17841
-19024,17842
-19023,17843
-19022,17844
-19021,17845
-19020,17846
-19019,17847
-19018,17848
-19017,17849
-19016,17850
-19015,17851
-19014,17852
-19013,17853
-19012,17854
-19011,17855
-19010,17856
-19009,17857
-19008,17858
-19007,17859
-19006,17860
-19005,17861
-19004,17862
-19003,17863
-19002,17864
-19001,17865
-19000,17866
-18999,17867
-18998,17868
-18997,17869
-18996,17870
-18995,17871
-18994,17872
-18993,17873
-18992,17874
-18991,17875
-18990,17876
-18989,17877
-18988,17878
-18987,17879
-18986,17880
-18985,17881
-18984,17882
-18983,17883
-18982,17884
-18981,17885
-18980,17886
-18979,17887
-18978,17888
-18977,17889
-18976,17890
-18975,17891
-18974,17892
-18973,17893
-18972,17894
-18971,17895
-18970,17896
-18969,17897
-18968,17898
-18967,17899
-18966,17900
-18965,17901
-18964,17902
-18963,17903
-18962,17904
-18961,17905
-18960,17906
-18959,17907
-18958,17908
-18957,17909
-18956,17910
-18955,17911
-18954,17912
-18953,17913
-18952,17914
-18951,17915
-18950,17916
-18949,17917
-18948,17918
-18947,17919
-18946,17920
-18945,17921
-18944,17922
-18943,17923
-18942,17924
-18941,17925
-18940,17926
-18939,17927
-18938,17928
-18937,17929
-18936,17930
-18935,17931
-18934,17932
-18933,17933
-18932,17934
-18931,17935
-18930,17936
-18929,17937
-18928,17938
-18927,17939
-18926,17940
-18925,17941
-18924,17942
-18923,17943
-18922,17944
-18921,17945
-18920,17946
-18919,17947
-18918,17948
-18917,17949
-18916,17950
-18915,17951
-18914,17952
-18913,17953
-18912,17954
-18911,17955
-18910,17956
-18909,17957
-18908,17958
-18907,17959
-18906,17960
-18905,17961
-18904,17962
-18903,17963
-18902,17964
-18901,17965
-18900,17966
-18899,17967
-18898,17968
-18897,17969
-18896,17970
-18895,17971
-18894,17972
-18893,17973
-18892,17974
-18891,17975
-18890,17976
-18889,17977
-18888,17978
-18887,17979
-18886,17980
-18885,17981
-18884,17982
-18883,17983
-18882,17984
-18881,17985
-18880,17986
-18879,17987
-18878,17988
-18877,17989
-18876,17990
-18875,17991
-18874,17992
-18873,17993
-18872,17994
-18871,17995
-18870,17996
-18869,17997
-18868,17998
-18867,17999
-18866,18000
-18865,18001
-18864,18002
-18863,18003
-18862,18004
-18861,18005
-18860,18006
-18859,18007
-18858,18008
-18857,18009
-18856,18010
-18855,18011
-18854,18012
-18853,18013
-18852,18014
-18851,18015
-18850,18016
-18849,18017
-18848,18018
-18847,18019
-18846,18020
-18845,18021
-18844,18022
-18843,18023
-18842,18024
-18841,18025
-18840,18026
-18839,18027
-18838,18028
-18837,18029
-18836,18030
-18835,18031
-18834,18032
-18833,18033
-18832,18034
-18831,18035
-18830,18036
-18829,18037
-18828,18038
-18827,18039
-18826,18040
-18825,18041
-18824,18042
-18823,18043
-18822,18044
-18821,18045
-18820,18046
-18819,18047
-18818,18048
-18817,18049
-18816,18050
-18815,18051
-18814,18052
-18813,18053
-18812,18054
-18811,18055
-18810,18056
-18809,18057
-18808,18058
-18807,18059
-18806,18060
-18805,18061
-18804,18062
-18803,18063
-18802,18064
-18801,18065
-18800,18066
-18799,18067
-18798,18068
-18797,18069
-18796,18070
-18795,18071
-18794,18072
-18793,18073
-18792,18074
-18791,18075
-18790,18076
-18789,18077
-18788,18078
-18787,18079
-18786,18080
-18785,18081
-18784,18082
-18783,18083
-18782,18084
-18781,18085
-18780,18086
-18779,18087
-18778,18088
-18777,18089
-18776,18090
-18775,18091
-18774,18092
-18773,18093
-18772,18094
-18771,18095
-18770,18096
-18769,18097
-18768,18098
-18767,18099
-18766,18100
-18765,18101
-18764,18102
-18763,18103
-18762,18104
-18761,18105
-18760,18106
-18759,18107
-18758,18108
-18757,18109
-18756,18110
-18755,18111
-18754,18112
-18753,18113
-18752,18114
-18751,18115
-18750,18116
-18749,18117
-18748,18118
-18747,18119
-18746,18120
-18745,18121
-18744,18122
-18743,18123
-18742,18124
-18741,18125
-18740,18126
-18739,18127
-18738,18128
-18737,18129
-18736,18130
-18735,18131
-18734,18132
-18733,18133
-18732,18134
-18731,18135
-18730,18136
-18729,18137
-18728,18138
-18727,18139
-18726,18140
-18725,18141
-18724,18142
-18723,18143
-18722,18144
-18721,18145
-18720,18146
-18719,18147
-18718,18148
-18717,18149
-18716,18150
-18715,18151
-18714,18152
-18713,18153
-18712,18154
-18711,18155
-18710,18156
-18709,18157
-18708,18158
-18707,18159
-18706,18160
-18705,18161
-18704,18162
-18703,18163
-18702,18164
-18701,18165
-18700,18166
-18699,18167
-18698,18168
-18697,18169
-18696,18170
-18695,18171
-18694,18172
-18693,18173
-18692,18174
-18691,18175
-18690,18176
-18689,18177
-18688,18178
-18687,18179
-18686,18180
-18685,18181
-18684,18182
-18683,18183
-18682,18184
-18681,18185
-18680,18186
-18679,18187
-18678,18188
-18677,18189
-18676,18190
-18675,18191
-18674,18192
-18673,18193
-18672,18194
-18671,18195
-18670,18196
-18669,18197
-18668,18198
-18667,18199
-18666,18200
-18665,18201
-18664,18202
-18663,18203
-18662,18204
-18661,18205
-18660,18206
-18659,18207
-18658,18208
-18657,18209
-18656,18210
-18655,18211
-18654,18212
-18653,18213
-18652,18214
-18651,18215
-18650,18216
-18649,18217
-18648,18218
-18647,18219
-18646,18220
-18645,18221
-18644,18222
-18643,18223
-18642,18224
-18641,18225
-18640,18226
-18639,18227
-18638,18228
-18637,18229
-18636,18230
-18635,18231
-18634,18232
-18633,18233
-18632,18234
-18631,18235
-18630,18236
-18629,18237
-18628,18238
-18627,18239
-18626,18240
-18625,18241
-18624,18242
-18623,18243
-18622,18244
-18621,18245
-18620,18246
-18619,18247
-18618,18248
-18617,18249
-18616,18250
-18615,18251
-18614,18252
-18613,18253
-18612,18254
-18611,18255
-18610,18256
-18609,18257
-18608,18258
-18607,18259
-18606,18260
-18605,18261
-18604,18262
-18603,18263
-18602,18264
-18601,18265
-18600,18266
-18599,18267
-18598,18268
-18597,18269
-18596,18270
-18595,18271
-18594,18272
-18593,18273
-18592,18274
-18591,18275
-18590,18276
-18589,18277
-18588,18278
-18587,18279
-18586,18280
-18585,18281
-18584,18282
-18583,18283
-18582,18284
-18581,18285
-18580,18286
-18579,18287
-18578,18288
-18577,18289
-18576,18290
-18575,18291
-18574,18292
-18573,18293
-18572,18294
-18571,18295
-18570,18296
-18569,18297
-18568,18298
-18567,18299
-18566,18300
-18565,18301
-18564,18302
-18563,18303
-18562,18304
-18561,18305
-18560,18306
-18559,18307
-18558,18308
-18557,18309
-18556,18310
-18555,18311
-18554,18312
-18553,18313
-18552,18314
-18551,18315
-18550,18316
-18549,18317
-18548,18318
-18547,18319
-18546,18320
-18545,18321
-18544,18322
-18543,18323
-18542,18324
-18541,18325
-18540,18326
-18539,18327
-18538,18328
-18537,18329
-18536,18330
-18535,18331
-18534,18332
-18533,18333
-18532,18334
-18531,18335
-18530,18336
-18529,18337
-18528,18338
-18527,18339
-18526,18340
-18525,18341
-18524,18342
-18523,18343
-18522,18344
-18521,18345
-18520,18346
-18519,18347
-18518,18348
-18517,18349
-18516,18350
-18515,18351
-18514,18352
-18513,18353
-18512,18354
-18511,18355
-18510,18356
-18509,18357
-18508,18358
-18507,18359
-18506,18360
-18505,18361
-18504,18362
-18503,18363
-18502,18364
-18501,18365
-18500,18366
-18499,18367
-18498,18368
-18497,18369
-18496,18370
-18495,18371
-18494,18372
-18493,18373
-18492,18374
-18491,18375
-18490,18376
-18489,18377
-18488,18378
-18487,18379
-18486,18380
-18485,18381
-18484,18382
-18483,18383
-18482,18384
-18481,18385
-18480,18386
-18479,18387
-18478,18388
-18477,18389
-18476,18390
-18475,18391
-18474,18392
-18473,18393
-18472,18394
-18471,18395
-18470,18396
-18469,18397
-18468,18398
-18467,18399
-18466,18400
-18465,18401
-18464,18402
-18463,18403
-18462,18404
-18461,18405
-18460,18406
-18459,18407
-18458,18408
-18457,18409
-18456,18410
-18455,18411
-18454,18412
-18453,18413
-18452,18414
-18451,18415
-18450,18416
-18449,18417
-18448,18418
-18447,18419
-18446,18420
-18445,18421
-18444,18422
-18443,18423
-18442,18424
-18441,18425
-18440,18426
-18439,18427
-18438,18428
-18437,18429
-18436,18430
-18435,18431
-18434,0
-18433,1
-18432,2
-18431,3
-18430,4
-18429,5
-18428,6
-18427,7
-18426,8
-18425,9
-18424,10
-18423,11
-18422,12
-18421,13
-18420,14
-18419,15
-18418,16
-18417,17
-18416,18
-18415,19
-18414,20
-18413,21
-18412,22
-18411,23
-18410,24
-18409,25
-18408,26
-18407,27
-18406,28
-18405,29
-18404,30
-18403,31
-18402,32
-18401,33
-18400,34
-18399,35
-18398,36
-18397,37
-18396,38
-18395,39
-18394,40
-18393,41
-18392,42
-18391,43
-18390,44
-18389,45
-18388,46
-18387,47
-18386,48
-18385,49
-18384,50
-18383,51
-18382,52
-18381,53
-18380,54
-18379,55
-18378,56
-18377,57
-18376,58
-18375,59
-18374,60
-18373,61
-18372,62
-18371,63
-18370,64
-18369,65
-18368,66
-18367,67
-18366,68
-18365,69
-18364,70
-18363,71
-18362,72
-18361,73
-18360,74
-18359,75
-18358,76
-18357,77
-18356,78
-18355,79
-18354,80
-18353,81
-18352,82
-18351,83
-18350,84
-18349,85
-18348,86
-18347,87
-18346,88
-18345,89
-18344,90
-18343,91
-18342,92
-18341,93
-18340,94
-18339,95
-18338,96
-18337,97
-18336,98
-18335,99
-18334,100
-18333,101
-18332,102
-18331,103
-18330,104
-18329,105
-18328,106
-18327,107
-18326,108
-18325,109
-18324,110
-18323,111
-18322,112
-18321,113
-18320,114
-18319,115
-18318,116
-18317,117
-18316,118
-18315,119
-18314,120
-18313,121
-18312,122
-18311,123
-18310,124
-18309,125
-18308,126
-18307,127
-18306,128
-18305,129
-18304,130
-18303,131
-18302,132
-18301,133
-18300,134
-18299,135
-18298,136
-18297,137
-18296,138
-18295,139
-18294,140
-18293,141
-18292,142
-18291,143
-18290,144
-18289,145
-18288,146
-18287,147
-18286,148
-18285,149
-18284,150
-18283,151
-18282,152
-18281,153
-18280,154
-18279,155
-18278,156
-18277,157
-18276,158
-18275,159
-18274,160
-18273,161
-18272,162
-18271,163
-18270,164
-18269,165
-18268,166
-18267,167
-18266,168
-18265,169
-18264,170
-18263,171
-18262,172
-18261,173
-18260,174
-18259,175
-18258,176
-18257,177
-18256,178
-18255,179
-18254,180
-18253,181
-18252,182
-18251,183
-18250,184
-18249,185
-18248,186
-18247,187
-18246,188
-18245,189
-18244,190
-18243,191
-18242,192
-18241,193
-18240,194
-18239,195
-18238,196
-18237,197
-18236,198
-18235,199
-18234,200
-18233,201
-18232,202
-18231,203
-18230,204
-18229,205
-18228,206
-18227,207
-18226,208
-18225,209
-18224,210
-18223,211
-18222,212
-18221,213
-18220,214
-18219,215
-18218,216
-18217,217
-18216,218
-18215,219
-18214,220
-18213,221
-18212,222
-18211,223
-18210,224
-18209,225
-18208,226
-18207,227
-18206,228
-18205,229
-18204,230
-18203,231
-18202,232
-18201,233
-18200,234
-18199,235
-18198,236
-18197,237
-18196,238
-18195,239
-18194,240
-18193,241
-18192,242
-18191,243
-18190,244
-18189,245
-18188,246
-18187,247
-18186,248
-18185,249
-18184,250
-18183,251
-18182,252
-18181,253
-18180,254
-18179,255
-18178,256
-18177,257
-18176,258
-18175,259
-18174,260
-18173,261
-18172,262
-18171,263
-18170,264
-18169,265
-18168,266
-18167,267
-18166,268
-18165,269
-18164,270
-18163,271
-18162,272
-18161,273
-18160,274
-18159,275
-18158,276
-18157,277
-18156,278
-18155,279
-18154,280
-18153,281
-18152,282
-18151,283
-18150,284
-18149,285
-18148,286
-18147,287
-18146,288
-18145,289
-18144,290
-18143,291
-18142,292
-18141,293
-18140,294
-18139,295
-18138,296
-18137,297
-18136,298
-18135,299
-18134,300
-18133,301
-18132,302
-18131,303
-18130,304
-18129,305
-18128,306
-18127,307
-18126,308
-18125,309
-18124,310
-18123,311
-18122,312
-18121,313
-18120,314
-18119,315
-18118,316
-18117,317
-18116,318
-18115,319
-18114,320
-18113,321
-18112,322
-18111,323
-18110,324
-18109,325
-18108,326
-18107,327
-18106,328
-18105,329
-18104,330
-18103,331
-18102,332
-18101,333
-18100,334
-18099,335
-18098,336
-18097,337
-18096,338
-18095,339
-18094,340
-18093,341
-18092,342
-18091,343
-18090,344
-18089,345
-18088,346
-18087,347
-18086,348
-18085,349
-18084,350
-18083,351
-18082,352
-18081,353
-18080,354
-18079,355
-18078,356
-18077,357
-18076,358
-18075,359
-18074,360
-18073,361
-18072,362
-18071,363
-18070,364
-18069,365
-18068,366
-18067,367
-18066,368
-18065,369
-18064,370
-18063,371
-18062,372
-18061,373
-18060,374
-18059,375
-18058,376
-18057,377
-18056,378
-18055,379
-18054,380
-18053,381
-18052,382
-18051,383
-18050,384
-18049,385
-18048,386
-18047,387
-18046,388
-18045,389
-18044,390
-18043,391
-18042,392
-18041,393
-18040,394
-18039,395
-18038,396
-18037,397
-18036,398
-18035,399
-18034,400
-18033,401
-18032,402
-18031,403
-18030,404
-18029,405
-18028,406
-18027,407
-18026,408
-18025,409
-18024,410
-18023,411
-18022,412
-18021,413
-18020,414
-18019,415
-18018,416
-18017,417
-18016,418
-18015,419
-18014,420
-18013,421
-18012,422
-18011,423
-18010,424
-18009,425
-18008,426
-18007,427
-18006,428
-18005,429
-18004,430
-18003,431
-18002,432
-18001,433
-18000,434
-17999,435
-17998,436
-17997,437
-17996,438
-17995,439
-17994,440
-17993,441
-17992,442
-17991,443
-17990,444
-17989,445
-17988,446
-17987,447
-17986,448
-17985,449
-17984,450
-17983,451
-17982,452
-17981,453
-17980,454
-17979,455
-17978,456
-17977,457
-17976,458
-17975,459
-17974,460
-17973,461
-17972,462
-17971,463
-17970,464
-17969,465
-17968,466
-17967,467
-17966,468
-17965,469
-17964,470
-17963,471
-17962,472
-17961,473
-17960,474
-17959,475
-17958,476
-17957,477
-17956,478
-17955,479
-17954,480
-17953,481
-17952,482
-17951,483
-17950,484
-17949,485
-17948,486
-17947,487
-17946,488
-17945,489
-17944,490
-17943,491
-17942,492
-17941,493
-17940,494
-17939,495
-17938,496
-17937,497
-17936,498
-17935,499
-17934,500
-17933,501
-17932,502
-17931,503
-17930,504
-17929,505
-17928,506
-17927,507
-17926,508
-17925,509
-17924,510
-17923,511
-17922,512
-17921,513
-17920,514
-17919,515
-17918,516
-17917,517
-17916,518
-17915,519
-17914,520
-17913,521
-17912,522
-17911,523
-17910,524
-17909,525
-17908,526
-17907,527
-17906,528
-17905,529
-17904,530
-17903,531
-17902,532
-17901,533
-17900,534
-17899,535
-17898,536
-17897,537
-17896,538
-17895,539
-17894,540
-17893,541
-17892,542
-17891,543
-17890,544
-17889,545
-17888,546
-17887,547
-17886,548
-17885,549
-17884,550
-17883,551
-17882,552
-17881,553
-17880,554
-17879,555
-17878,556
-17877,557
-17876,558
-17875,559
-17874,560
-17873,561
-17872,562
-17871,563
-17870,564
-17869,565
-17868,566
-17867,567
-17866,568
-17865,569
-17864,570
-17863,571
-17862,572
-17861,573
-17860,574
-17859,575
-17858,576
-17857,577
-17856,578
-17855,579
-17854,580
-17853,581
-17852,582
-17851,583
-17850,584
-17849,585
-17848,586
-17847,587
-17846,588
-17845,589
-17844,590
-17843,591
-17842,592
-17841,593
-17840,594
-17839,595
-17838,596
-17837,597
-17836,598
-17835,599
-17834,600
-17833,601
-17832,602
-17831,603
-17830,604
-17829,605
-17828,606
-17827,607
-17826,608
-17825,609
-17824,610
-17823,611
-17822,612
-17821,613
-17820,614
-17819,615
-17818,616
-17817,617
-17816,618
-17815,619
-17814,620
-17813,621
-17812,622
-17811,623
-17810,624
-17809,625
-17808,626
-17807,627
-17806,628
-17805,629
-17804,630
-17803,631
-17802,632
-17801,633
-17800,634
-17799,635
-17798,636
-17797,637
-17796,638
-17795,639
-17794,640
-17793,641
-17792,642
-17791,643
-17790,644
-17789,645
-17788,646
-17787,647
-17786,648
-17785,649
-17784,650
-17783,651
-17782,652
-17781,653
-17780,654
-17779,655
-17778,656
-17777,657
-17776,658
-17775,659
-17774,660
-17773,661
-17772,662
-17771,663
-17770,664
-17769,665
-17768,666
-17767,667
-17766,668
-17765,669
-17764,670
-17763,671
-17762,672
-17761,673
-17760,674
-17759,675
-17758,676
-17757,677
-17756,678
-17755,679
-17754,680
-17753,681
-17752,682
-17751,683
-17750,684
-17749,685
-17748,686
-17747,687
-17746,688
-17745,689
-17744,690
-17743,691
-17742,692
-17741,693
-17740,694
-17739,695
-17738,696
-17737,697
-17736,698
-17735,699
-17734,700
-17733,701
-17732,702
-17731,703
-17730,704
-17729,705
-17728,706
-17727,707
-17726,708
-17725,709
-17724,710
-17723,711
-17722,712
-17721,713
-17720,714
-17719,715
-17718,716
-17717,717
-17716,718
-17715,719
-17714,720
-17713,721
-17712,722
-17711,723
-17710,724
-17709,725
-17708,726
-17707,727
-17706,728
-17705,729
-17704,730
-17703,731
-17702,732
-17701,733
-17700,734
-17699,735
-17698,736
-17697,737
-17696,738
-17695,739
-17694,740
-17693,741
-17692,742
-17691,743
-17690,744
-17689,745
-17688,746
-17687,747
-17686,748
-17685,749
-17684,750
-17683,751
-17682,752
-17681,753
-17680,754
-17679,755
-17678,756
-17677,757
-17676,758
-17675,759
-17674,760
-17673,761
-17672,762
-17671,763
-17670,764
-17669,765
-17668,766
-17667,767
-17666,768
-17665,769
-17664,770
-17663,771
-17662,772
-17661,773
-17660,774
-17659,775
-17658,776
-17657,777
-17656,778
-17655,779
-17654,780
-17653,781
-17652,782
-17651,783
-17650,784
-17649,785
-17648,786
-17647,787
-17646,788
-17645,789
-17644,790
-17643,791
-17642,792
-17641,793
-17640,794
-17639,795
-17638,796
-17637,797
-17636,798
-17635,799
-17634,800
-17633,801
-17632,802
-17631,803
-17630,804
-17629,805
-17628,806
-17627,807
-17626,808
-17625,809
-17624,810
-17623,811
-17622,812
-17621,813
-17620,814
-17619,815
-17618,816
-17617,817
-17616,818
-17615,819
-17614,820
-17613,821
-17612,822
-17611,823
-17610,824
-17609,825
-17608,826
-17607,827
-17606,828
-17605,829
-17604,830
-17603,831
-17602,832
-17601,833
-17600,834
-17599,835
-17598,836
-17597,837
-17596,838
-17595,839
-17594,840
-17593,841
-17592,842
-17591,843
-17590,844
-17589,845
-17588,846
-17587,847
-17586,848
-17585,849
-17584,850
-17583,851
-17582,852
-17581,853
-17580,854
-17579,855
-17578,856
-17577,857
-17576,858
-17575,859
-17574,860
-17573,861
-17572,862
-17571,863
-17570,864
-17569,865
-17568,866
-17567,867
-17566,868
-17565,869
-17564,870
-17563,871
-17562,872
-17561,873
-17560,874
-17559,875
-17558,876
-17557,877
-17556,878
-17555,879
-17554,880
-17553,881
-17552,882
-17551,883
-17550,884
-17549,885
-17548,886
-17547,887
-17546,888
-17545,889
-17544,890
-17543,891
-17542,892
-17541,893
-17540,894
-17539,895
-17538,896
-17537,897
-17536,898
-17535,899
-17534,900
-17533,901
-17532,902
-17531,903
-17530,904
-17529,905
-17528,906
-17527,907
-17526,908
-17525,909
-17524,910
-17523,911
-17522,912
-17521,913
-17520,914
-17519,915
-17518,916
-17517,917
-17516,918
-17515,919
-17514,920
-17513,921
-17512,922
-17511,923
-17510,924
-17509,925
-17508,926
-17507,927
-17506,928
-17505,929
-17504,930
-17503,931
-17502,932
-17501,933
-17500,934
-17499,935
-17498,936
-17497,937
-17496,938
-17495,939
-17494,940
-17493,941
-17492,942
-17491,943
-17490,944
-17489,945
-17488,946
-17487,947
-17486,948
-17485,949
-17484,950
-17483,951
-17482,952
-17481,953
-17480,954
-17479,955
-17478,956
-17477,957
-17476,958
-17475,959
-17474,960
-17473,961
-17472,962
-17471,963
-17470,964
-17469,965
-17468,966
-17467,967
-17466,968
-17465,969
-17464,970
-17463,971
-17462,972
-17461,973
-17460,974
-17459,975
-17458,976
-17457,977
-17456,978
-17455,979
-17454,980
-17453,981
-17452,982
-17451,983
-17450,984
-17449,985
-17448,986
-17447,987
-17446,988
-17445,989
-17444,990
-17443,991
-17442,992
-17441,993
-17440,994
-17439,995
-17438,996
-17437,997
-17436,998
-17435,999
-17434,1000
-17433,1001
-17432,1002
-17431,1003
-17430,1004
-17429,1005
-17428,1006
-17427,1007
-17426,1008
-17425,1009
-17424,1010
-17423,1011
-17422,1012
-17421,1013
-17420,1014
-17419,1015
-17418,1016
-17417,1017
-17416,1018
-17415,1019
-17414,1020
-17413,1021
-17412,1022
-17411,1023
-17410,1024
-17409,1025
-17408,1026
-17407,1027
-17406,1028
-17405,1029
-17404,1030
-17403,1031
-17402,1032
-17401,1033
-17400,1034
-17399,1035
-17398,1036
-17397,1037
-17396,1038
-17395,1039
-17394,1040
-17393,1041
-17392,1042
-17391,1043
-17390,1044
-17389,1045
-17388,1046
-17387,1047
-17386,1048
-17385,1049
-17384,1050
-17383,1051
-17382,1052
-17381,1053
-17380,1054
-17379,1055
-17378,1056
-17377,1057
-17376,1058
-17375,1059
-17374,1060
-17373,1061
-17372,1062
-17371,1063
-17370,1064
-17369,1065
-17368,1066
-17367,1067
-17366,1068
-17365,1069
-17364,1070
-17363,1071
-17362,1072
-17361,1073
-17360,1074
-17359,1075
-17358,1076
-17357,1077
-17356,1078
-17355,1079
-17354,1080
-17353,1081
-17352,1082
-17351,1083
-17350,1084
-17349,1085
-17348,1086
-17347,1087
-17346,1088
-17345,1089
-17344,1090
-17343,1091
-17342,1092
-17341,1093
-17340,1094
-17339,1095
-17338,1096
-17337,1097
-17336,1098
-17335,1099
-17334,1100
-17333,1101
-17332,1102
-17331,1103
-17330,1104
-17329,1105
-17328,1106
-17327,1107
-17326,1108
-17325,1109
-17324,1110
-17323,1111
-17322,1112
-17321,1113
-17320,1114
-17319,1115
-17318,1116
-17317,1117
-17316,1118
-17315,1119
-17314,1120
-17313,1121
-17312,1122
-17311,1123
-17310,1124
-17309,1125
-17308,1126
-17307,1127
-17306,1128
-17305,1129
-17304,1130
-17303,1131
-17302,1132
-17301,1133
-17300,1134
-17299,1135
-17298,1136
-17297,1137
-17296,1138
-17295,1139
-17294,1140
-17293,1141
-17292,1142
-17291,1143
-17290,1144
-17289,1145
-17288,1146
-17287,1147
-17286,1148
-17285,1149
-17284,1150
-17283,1151
-17282,1152
-17281,1153
-17280,1154
-17279,1155
-17278,1156
-17277,1157
-17276,1158
-17275,1159
-17274,1160
-17273,1161
-17272,1162
-17271,1163
-17270,1164
-17269,1165
-17268,1166
-17267,1167
-17266,1168
-17265,1169
-17264,1170
-17263,1171
-17262,1172
-17261,1173
-17260,1174
-17259,1175
-17258,1176
-17257,1177
-17256,1178
-17255,1179
-17254,1180
-17253,1181
-17252,1182
-17251,1183
-17250,1184
-17249,1185
-17248,1186
-17247,1187
-17246,1188
-17245,1189
-17244,1190
-17243,1191
-17242,1192
-17241,1193
-17240,1194
-17239,1195
-17238,1196
-17237,1197
-17236,1198
-17235,1199
-17234,1200
-17233,1201
-17232,1202
-17231,1203
-17230,1204
-17229,1205
-17228,1206
-17227,1207
-17226,1208
-17225,1209
-17224,1210
-17223,1211
-17222,1212
-17221,1213
-17220,1214
-17219,1215
-17218,1216
-17217,1217
-17216,1218
-17215,1219
-17214,1220
-17213,1221
-17212,1222
-17211,1223
-17210,1224
-17209,1225
-17208,1226
-17207,1227
-17206,1228
-17205,1229
-17204,1230
-17203,1231
-17202,1232
-17201,1233
-17200,1234
-17199,1235
-17198,1236
-17197,1237
-17196,1238
-17195,1239
-17194,1240
-17193,1241
-17192,1242
-17191,1243
-17190,1244
-17189,1245
-17188,1246
-17187,1247
-17186,1248
-17185,1249
-17184,1250
-17183,1251
-17182,1252
-17181,1253
-17180,1254
-17179,1255
-17178,1256
-17177,1257
-17176,1258
-17175,1259
-17174,1260
-17173,1261
-17172,1262
-17171,1263
-17170,1264
-17169,1265
-17168,1266
-17167,1267
-17166,1268
-17165,1269
-17164,1270
-17163,1271
-17162,1272
-17161,1273
-17160,1274
-17159,1275
-17158,1276
-17157,1277
-17156,1278
-17155,1279
-17154,1280
-17153,1281
-17152,1282
-17151,1283
-17150,1284
-17149,1285
-17148,1286
-17147,1287
-17146,1288
-17145,1289
-17144,1290
-17143,1291
-17142,1292
-17141,1293
-17140,1294
-17139,1295
-17138,1296
-17137,1297
-17136,1298
-17135,1299
-17134,1300
-17133,1301
-17132,1302
-17131,1303
-17130,1304
-17129,1305
-17128,1306
-17127,1307
-17126,1308
-17125,1309
-17124,1310
-17123,1311
-17122,1312
-17121,1313
-17120,1314
-17119,1315
-17118,1316
-17117,1317
-17116,1318
-17115,1319
-17114,1320
-17113,1321
-17112,1322
-17111,1323
-17110,1324
-17109,1325
-17108,1326
-17107,1327
-17106,1328
-17105,1329
-17104,1330
-17103,1331
-17102,1332
-17101,1333
-17100,1334
-17099,1335
-17098,1336
-17097,1337
-17096,1338
-17095,1339
-17094,1340
-17093,1341
-17092,1342
-17091,1343
-17090,1344
-17089,1345
-17088,1346
-17087,1347
-17086,1348
-17085,1349
-17084,1350
-17083,1351
-17082,1352
-17081,1353
-17080,1354
-17079,1355
-17078,1356
-17077,1357
-17076,1358
-17075,1359
-17074,1360
-17073,1361
-17072,1362
-17071,1363
-17070,1364
-17069,1365
-17068,1366
-17067,1367
-17066,1368
-17065,1369
-17064,1370
-17063,1371
-17062,1372
-17061,1373
-17060,1374
-17059,1375
-17058,1376
-17057,1377
-17056,1378
-17055,1379
-17054,1380
-17053,1381
-17052,1382
-17051,1383
-17050,1384
-17049,1385
-17048,1386
-17047,1387
-17046,1388
-17045,1389
-17044,1390
-17043,1391
-17042,1392
-17041,1393
-17040,1394
-17039,1395
-17038,1396
-17037,1397
-17036,1398
-17035,1399
-17034,1400
-17033,1401
-17032,1402
-17031,1403
-17030,1404
-17029,1405
-17028,1406
-17027,1407
-17026,1408
-17025,1409
-17024,1410
-17023,1411
-17022,1412
-17021,1413
-17020,1414
-17019,1415
-17018,1416
-17017,1417
-17016,1418
-17015,1419
-17014,1420
-17013,1421
-17012,1422
-17011,1423
-17010,1424
-17009,1425
-17008,1426
-17007,1427
-17006,1428
-17005,1429
-17004,1430
-17003,1431
-17002,1432
-17001,1433
-17000,1434
-16999,1435
-16998,1436
-16997,1437
-16996,1438
-16995,1439
-16994,1440
-16993,1441
-16992,1442
-16991,1443
-16990,1444
-16989,1445
-16988,1446
-16987,1447
-16986,1448
-16985,1449
-16984,1450
-16983,1451
-16982,1452
-16981,1453
-16980,1454
-16979,1455
-16978,1456
-16977,1457
-16976,1458
-16975,1459
-16974,1460
-16973,1461
-16972,1462
-16971,1463
-16970,1464
-16969,1465
-16968,1466
-16967,1467
-16966,1468
-16965,1469
-16964,1470
-16963,1471
-16962,1472
-16961,1473
-16960,1474
-16959,1475
-16958,1476
-16957,1477
-16956,1478
-16955,1479
-16954,1480
-16953,1481
-16952,1482
-16951,1483
-16950,1484
-16949,1485
-16948,1486
-16947,1487
-16946,1488
-16945,1489
-16944,1490
-16943,1491
-16942,1492
-16941,1493
-16940,1494
-16939,1495
-16938,1496
-16937,1497
-16936,1498
-16935,1499
-16934,1500
-16933,1501
-16932,1502
-16931,1503
-16930,1504
-16929,1505
-16928,1506
-16927,1507
-16926,1508
-16925,1509
-16924,1510
-16923,1511
-16922,1512
-16921,1513
-16920,1514
-16919,1515
-16918,1516
-16917,1517
-16916,1518
-16915,1519
-16914,1520
-16913,1521
-16912,1522
-16911,1523
-16910,1524
-16909,1525
-16908,1526
-16907,1527
-16906,1528
-16905,1529
-16904,1530
-16903,1531
-16902,1532
-16901,1533
-16900,1534
-16899,1535
-16898,1536
-16897,1537
-16896,1538
-16895,1539
-16894,1540
-16893,1541
-16892,1542
-16891,1543
-16890,1544
-16889,1545
-16888,1546
-16887,1547
-16886,1548
-16885,1549
-16884,1550
-16883,1551
-16882,1552
-16881,1553
-16880,1554
-16879,1555
-16878,1556
-16877,1557
-16876,1558
-16875,1559
-16874,1560
-16873,1561
-16872,1562
-16871,1563
-16870,1564
-16869,1565
-16868,1566
-16867,1567
-16866,1568
-16865,1569
-16864,1570
-16863,1571
-16862,1572
-16861,1573
-16860,1574
-16859,1575
-16858,1576
-16857,1577
-16856,1578
-16855,1579
-16854,1580
-16853,1581
-16852,1582
-16851,1583
-16850,1584
-16849,1585
-16848,1586
-16847,1587
-16846,1588
-16845,1589
-16844,1590
-16843,1591
-16842,1592
-16841,1593
-16840,1594
-16839,1595
-16838,1596
-16837,1597
-16836,1598
-16835,1599
-16834,1600
-16833,1601
-16832,1602
-16831,1603
-16830,1604
-16829,1605
-16828,1606
-16827,1607
-16826,1608
-16825,1609
-16824,1610
-16823,1611
-16822,1612
-16821,1613
-16820,1614
-16819,1615
-16818,1616
-16817,1617
-16816,1618
-16815,1619
-16814,1620
-16813,1621
-16812,1622
-16811,1623
-16810,1624
-16809,1625
-16808,1626
-16807,1627
-16806,1628
-16805,1629
-16804,1630
-16803,1631
-16802,1632
-16801,1633
-16800,1634
-16799,1635
-16798,1636
-16797,1637
-16796,1638
-16795,1639
-16794,1640
-16793,1641
-16792,1642
-16791,1643
-16790,1644
-16789,1645
-16788,1646
-16787,1647
-16786,1648
-16785,1649
-16784,1650
-16783,1651
-16782,1652
-16781,1653
-16780,1654
-16779,1655
-16778,1656
-16777,1657
-16776,1658
-16775,1659
-16774,1660
-16773,1661
-16772,1662
-16771,1663
-16770,1664
-16769,1665
-16768,1666
-16767,1667
-16766,1668
-16765,1669
-16764,1670
-16763,1671
-16762,1672
-16761,1673
-16760,1674
-16759,1675
-16758,1676
-16757,1677
-16756,1678
-16755,1679
-16754,1680
-16753,1681
-16752,1682
-16751,1683
-16750,1684
-16749,1685
-16748,1686
-16747,1687
-16746,1688
-16745,1689
-16744,1690
-16743,1691
-16742,1692
-16741,1693
-16740,1694
-16739,1695
-16738,1696
-16737,1697
-16736,1698
-16735,1699
-16734,1700
-16733,1701
-16732,1702
-16731,1703
-16730,1704
-16729,1705
-16728,1706
-16727,1707
-16726,1708
-16725,1709
-16724,1710
-16723,1711
-16722,1712
-16721,1713
-16720,1714
-16719,1715
-16718,1716
-16717,1717
-16716,1718
-16715,1719
-16714,1720
-16713,1721
-16712,1722
-16711,1723
-16710,1724
-16709,1725
-16708,1726
-16707,1727
-16706,1728
-16705,1729
-16704,1730
-16703,1731
-16702,1732
-16701,1733
-16700,1734
-16699,1735
-16698,1736
-16697,1737
-16696,1738
-16695,1739
-16694,1740
-16693,1741
-16692,1742
-16691,1743
-16690,1744
-16689,1745
-16688,1746
-16687,1747
-16686,1748
-16685,1749
-16684,1750
-16683,1751
-16682,1752
-16681,1753
-16680,1754
-16679,1755
-16678,1756
-16677,1757
-16676,1758
-16675,1759
-16674,1760
-16673,1761
-16672,1762
-16671,1763
-16670,1764
-16669,1765
-16668,1766
-16667,1767
-16666,1768
-16665,1769
-16664,1770
-16663,1771
-16662,1772
-16661,1773
-16660,1774
-16659,1775
-16658,1776
-16657,1777
-16656,1778
-16655,1779
-16654,1780
-16653,1781
-16652,1782
-16651,1783
-16650,1784
-16649,1785
-16648,1786
-16647,1787
-16646,1788
-16645,1789
-16644,1790
-16643,1791
-16642,1792
-16641,1793
-16640,1794
-16639,1795
-16638,1796
-16637,1797
-16636,1798
-16635,1799
-16634,1800
-16633,1801
-16632,1802
-16631,1803
-16630,1804
-16629,1805
-16628,1806
-16627,1807
-16626,1808
-16625,1809
-16624,1810
-16623,1811
-16622,1812
-16621,1813
-16620,1814
-16619,1815
-16618,1816
-16617,1817
-16616,1818
-16615,1819
-16614,1820
-16613,1821
-16612,1822
-16611,1823
-16610,1824
-16609,1825
-16608,1826
-16607,1827
-16606,1828
-16605,1829
-16604,1830
-16603,1831
-16602,1832
-16601,1833
-16600,1834
-16599,1835
-16598,1836
-16597,1837
-16596,1838
-16595,1839
-16594,1840
-16593,1841
-16592,1842
-16591,1843
-16590,1844
-16589,1845
-16588,1846
-16587,1847
-16586,1848
-16585,1849
-16584,1850
-16583,1851
-16582,1852
-16581,1853
-16580,1854
-16579,1855
-16578,1856
-16577,1857
-16576,1858
-16575,1859
-16574,1860
-16573,1861
-16572,1862
-16571,1863
-16570,1864
-16569,1865
-16568,1866
-16567,1867
-16566,1868
-16565,1869
-16564,1870
-16563,1871
-16562,1872
-16561,1873
-16560,1874
-16559,1875
-16558,1876
-16557,1877
-16556,1878
-16555,1879
-16554,1880
-16553,1881
-16552,1882
-16551,1883
-16550,1884
-16549,1885
-16548,1886
-16547,1887
-16546,1888
-16545,1889
-16544,1890
-16543,1891
-16542,1892
-16541,1893
-16540,1894
-16539,1895
-16538,1896
-16537,1897
-16536,1898
-16535,1899
-16534,1900
-16533,1901
-16532,1902
-16531,1903
-16530,1904
-16529,1905
-16528,1906
-16527,1907
-16526,1908
-16525,1909
-16524,1910
-16523,1911
-16522,1912
-16521,1913
-16520,1914
-16519,1915
-16518,1916
-16517,1917
-16516,1918
-16515,1919
-16514,1920
-16513,1921
-16512,1922
-16511,1923
-16510,1924
-16509,1925
-16508,1926
-16507,1927
-16506,1928
-16505,1929
-16504,1930
-16503,1931
-16502,1932
-16501,1933
-16500,1934
-16499,1935
-16498,1936
-16497,1937
-16496,1938
-16495,1939
-16494,1940
-16493,1941
-16492,1942
-16491,1943
-16490,1944
-16489,1945
-16488,1946
-16487,1947
-16486,1948
-16485,1949
-16484,1950
-16483,1951
-16482,1952
-16481,1953
-16480,1954
-16479,1955
-16478,1956
-16477,1957
-16476,1958
-16475,1959
-16474,1960
-16473,1961
-16472,1962
-16471,1963
-16470,1964
-16469,1965
-16468,1966
-16467,1967
-16466,1968
-16465,1969
-16464,1970
-16463,1971
-16462,1972
-16461,1973
-16460,1974
-16459,1975
-16458,1976
-16457,1977
-16456,1978
-16455,1979
-16454,1980
-16453,1981
-16452,1982
-16451,1983
-16450,1984
-16449,1985
-16448,1986
-16447,1987
-16446,1988
-16445,1989
-16444,1990
-16443,1991
-16442,1992
-16441,1993
-16440,1994
-16439,1995
-16438,1996
-16437,1997
-16436,1998
-16435,1999
-16434,2000
-16433,2001
-16432,2002
-16431,2003
-16430,2004
-16429,2005
-16428,2006
-16427,2007
-16426,2008
-16425,2009
-16424,2010
-16423,2011
-16422,2012
-16421,2013
-16420,2014
-16419,2015
-16418,2016
-16417,2017
-16416,2018
-16415,2019
-16414,2020
-16413,2021
-16412,2022
-16411,2023
-16410,2024
-16409,2025
-16408,2026
-16407,2027
-16406,2028
-16405,2029
-16404,2030
-16403,2031
-16402,2032
-16401,2033
-16400,2034
-16399,2035
-16398,2036
-16397,2037
-16396,2038
-16395,2039
-16394,2040
-16393,2041
-16392,2042
-16391,2043
-16390,2044
-16389,2045
-16388,2046
-16387,2047
-16386,2048
-16385,2049
-16384,2050
-16383,2051
-16382,2052
-16381,2053
-16380,2054
-16379,2055
-16378,2056
-16377,2057
-16376,2058
-16375,2059
-16374,2060
-16373,2061
-16372,2062
-16371,2063
-16370,2064
-16369,2065
-16368,2066
-16367,2067
-16366,2068
-16365,2069
-16364,2070
-16363,2071
-16362,2072
-16361,2073
-16360,2074
-16359,2075
-16358,2076
-16357,2077
-16356,2078
-16355,2079
-16354,2080
-16353,2081
-16352,2082
-16351,2083
-16350,2084
-16349,2085
-16348,2086
-16347,2087
-16346,2088
-16345,2089
-16344,2090
-16343,2091
-16342,2092
-16341,2093
-16340,2094
-16339,2095
-16338,2096
-16337,2097
-16336,2098
-16335,2099
-16334,2100
-16333,2101
-16332,2102
-16331,2103
-16330,2104
-16329,2105
-16328,2106
-16327,2107
-16326,2108
-16325,2109
-16324,2110
-16323,2111
-16322,2112
-16321,2113
-16320,2114
-16319,2115
-16318,2116
-16317,2117
-16316,2118
-16315,2119
-16314,2120
-16313,2121
-16312,2122
-16311,2123
-16310,2124
-16309,2125
-16308,2126
-16307,2127
-16306,2128
-16305,2129
-16304,2130
-16303,2131
-16302,2132
-16301,2133
-16300,2134
-16299,2135
-16298,2136
-16297,2137
-16296,2138
-16295,2139
-16294,2140
-16293,2141
-16292,2142
-16291,2143
-16290,2144
-16289,2145
-16288,2146
-16287,2147
-16286,2148
-16285,2149
-16284,2150
-16283,2151
-16282,2152
-16281,2153
-16280,2154
-16279,2155
-16278,2156
-16277,2157
-16276,2158
-16275,2159
-16274,2160
-16273,2161
-16272,2162
-16271,2163
-16270,2164
-16269,2165
-16268,2166
-16267,2167
-16266,2168
-16265,2169
-16264,2170
-16263,2171
-16262,2172
-16261,2173
-16260,2174
-16259,2175
-16258,2176
-16257,2177
-16256,2178
-16255,2179
-16254,2180
-16253,2181
-16252,2182
-16251,2183
-16250,2184
-16249,2185
-16248,2186
-16247,2187
-16246,2188
-16245,2189
-16244,2190
-16243,2191
-16242,2192
-16241,2193
-16240,2194
-16239,2195
-16238,2196
-16237,2197
-16236,2198
-16235,2199
-16234,2200
-16233,2201
-16232,2202
-16231,2203
-16230,2204
-16229,2205
-16228,2206
-16227,2207
-16226,2208
-16225,2209
-16224,2210
-16223,2211
-16222,2212
-16221,2213
-16220,2214
-16219,2215
-16218,2216
-16217,2217
-16216,2218
-16215,2219
-16214,2220
-16213,2221
-16212,2222
-16211,2223
-16210,2224
-16209,2225
-16208,2226
-16207,2227
-16206,2228
-16205,2229
-16204,2230
-16203,2231
-16202,2232
-16201,2233
-16200,2234
-16199,2235
-16198,2236
-16197,2237
-16196,2238
-16195,2239
-16194,2240
-16193,2241
-16192,2242
-16191,2243
-16190,2244
-16189,2245
-16188,2246
-16187,2247
-16186,2248
-16185,2249
-16184,2250
-16183,2251
-16182,2252
-16181,2253
-16180,2254
-16179,2255
-16178,2256
-16177,2257
-16176,2258
-16175,2259
-16174,2260
-16173,2261
-16172,2262
-16171,2263
-16170,2264
-16169,2265
-16168,2266
-16167,2267
-16166,2268
-16165,2269
-16164,2270
-16163,2271
-16162,2272
-16161,2273
-16160,2274
-16159,2275
-16158,2276
-16157,2277
-16156,2278
-16155,2279
-16154,2280
-16153,2281
-16152,2282
-16151,2283
-16150,2284
-16149,2285
-16148,2286
-16147,2287
-16146,2288
-16145,2289
-16144,2290
-16143,2291
-16142,2292
-16141,2293
-16140,2294
-16139,2295
-16138,2296
-16137,2297
-16136,2298
-16135,2299
-16134,2300
-16133,2301
-16132,2302
-16131,2303
-16130,2304
-16129,2305
-16128,2306
-16127,2307
-16126,2308
-16125,2309
-16124,2310
-16123,2311
-16122,2312
-16121,2313
-16120,2314
-16119,2315
-16118,2316
-16117,2317
-16116,2318
-16115,2319
-16114,2320
-16113,2321
-16112,2322
-16111,2323
-16110,2324
-16109,2325
-16108,2326
-16107,2327
-16106,2328
-16105,2329
-16104,2330
-16103,2331
-16102,2332
-16101,2333
-16100,2334
-16099,2335
-16098,2336
-16097,2337
-16096,2338
-16095,2339
-16094,2340
-16093,2341
-16092,2342
-16091,2343
-16090,2344
-16089,2345
-16088,2346
-16087,2347
-16086,2348
-16085,2349
-16084,2350
-16083,2351
-16082,2352
-16081,2353
-16080,2354
-16079,2355
-16078,2356
-16077,2357
-16076,2358
-16075,2359
-16074,2360
-16073,2361
-16072,2362
-16071,2363
-16070,2364
-16069,2365
-16068,2366
-16067,2367
-16066,2368
-16065,2369
-16064,2370
-16063,2371
-16062,2372
-16061,2373
-16060,2374
-16059,2375
-16058,2376
-16057,2377
-16056,2378
-16055,2379
-16054,2380
-16053,2381
-16052,2382
-16051,2383
-16050,2384
-16049,2385
-16048,2386
-16047,2387
-16046,2388
-16045,2389
-16044,2390
-16043,2391
-16042,2392
-16041,2393
-16040,2394
-16039,2395
-16038,2396
-16037,2397
-16036,2398
-16035,2399
-16034,2400
-16033,2401
-16032,2402
-16031,2403
-16030,2404
-16029,2405
-16028,2406
-16027,2407
-16026,2408
-16025,2409
-16024,2410
-16023,2411
-16022,2412
-16021,2413
-16020,2414
-16019,2415
-16018,2416
-16017,2417
-16016,2418
-16015,2419
-16014,2420
-16013,2421
-16012,2422
-16011,2423
-16010,2424
-16009,2425
-16008,2426
-16007,2427
-16006,2428
-16005,2429
-16004,2430
-16003,2431
-16002,2432
-16001,2433
-16000,2434
-15999,2435
-15998,2436
-15997,2437
-15996,2438
-15995,2439
-15994,2440
-15993,2441
-15992,2442
-15991,2443
-15990,2444
-15989,2445
-15988,2446
-15987,2447
-15986,2448
-15985,2449
-15984,2450
-15983,2451
-15982,2452
-15981,2453
-15980,2454
-15979,2455
-15978,2456
-15977,2457
-15976,2458
-15975,2459
-15974,2460
-15973,2461
-15972,2462
-15971,2463
-15970,2464
-15969,2465
-15968,2466
-15967,2467
-15966,2468
-15965,2469
-15964,2470
-15963,2471
-15962,2472
-15961,2473
-15960,2474
-15959,2475
-15958,2476
-15957,2477
-15956,2478
-15955,2479
-15954,2480
-15953,2481
-15952,2482
-15951,2483
-15950,2484
-15949,2485
-15948,2486
-15947,2487
-15946,2488
-15945,2489
-15944,2490
-15943,2491
-15942,2492
-15941,2493
-15940,2494
-15939,2495
-15938,2496
-15937,2497
-15936,2498
-15935,2499
-15934,2500
-15933,2501
-15932,2502
-15931,2503
-15930,2504
-15929,2505
-15928,2506
-15927,2507
-15926,2508
-15925,2509
-15924,2510
-15923,2511
-15922,2512
-15921,2513
-15920,2514
-15919,2515
-15918,2516
-15917,2517
-15916,2518
-15915,2519
-15914,2520
-15913,2521
-15912,2522
-15911,2523
-15910,2524
-15909,2525
-15908,2526
-15907,2527
-15906,2528
-15905,2529
-15904,2530
-15903,2531
-15902,2532
-15901,2533
-15900,2534
-15899,2535
-15898,2536
-15897,2537
-15896,2538
-15895,2539
-15894,2540
-15893,2541
-15892,2542
-15891,2543
-15890,2544
-15889,2545
-15888,2546
-15887,2547
-15886,2548
-15885,2549
-15884,2550
-15883,2551
-15882,2552
-15881,2553
-15880,2554
-15879,2555
-15878,2556
-15877,2557
-15876,2558
-15875,2559
-15874,2560
-15873,2561
-15872,2562
-15871,2563
-15870,2564
-15869,2565
-15868,2566
-15867,2567
-15866,2568
-15865,2569
-15864,2570
-15863,2571
-15862,2572
-15861,2573
-15860,2574
-15859,2575
-15858,2576
-15857,2577
-15856,2578
-15855,2579
-15854,2580
-15853,2581
-15852,2582
-15851,2583
-15850,2584
-15849,2585
-15848,2586
-15847,2587
-15846,2588
-15845,2589
-15844,2590
-15843,2591
-15842,2592
-15841,2593
-15840,2594
-15839,2595
-15838,2596
-15837,2597
-15836,2598
-15835,2599
-15834,2600
-15833,2601
-15832,2602
-15831,2603
-15830,2604
-15829,2605
-15828,2606
-15827,2607
-15826,2608
-15825,2609
-15824,2610
-15823,2611
-15822,2612
-15821,2613
-15820,2614
-15819,2615
-15818,2616
-15817,2617
-15816,2618
-15815,2619
-15814,2620
-15813,2621
-15812,2622
-15811,2623
-15810,2624
-15809,2625
-15808,2626
-15807,2627
-15806,2628
-15805,2629
-15804,2630
-15803,2631
-15802,2632
-15801,2633
-15800,2634
-15799,2635
-15798,2636
-15797,2637
-15796,2638
-15795,2639
-15794,2640
-15793,2641
-15792,2642
-15791,2643
-15790,2644
-15789,2645
-15788,2646
-15787,2647
-15786,2648
-15785,2649
-15784,2650
-15783,2651
-15782,2652
-15781,2653
-15780,2654
-15779,2655
-15778,2656
-15777,2657
-15776,2658
-15775,2659
-15774,2660
-15773,2661
-15772,2662
-15771,2663
-15770,2664
-15769,2665
-15768,2666
-15767,2667
-15766,2668
-15765,2669
-15764,2670
-15763,2671
-15762,2672
-15761,2673
-15760,2674
-15759,2675
-15758,2676
-15757,2677
-15756,2678
-15755,2679
-15754,2680
-15753,2681
-15752,2682
-15751,2683
-15750,2684
-15749,2685
-15748,2686
-15747,2687
-15746,2688
-15745,2689
-15744,2690
-15743,2691
-15742,2692
-15741,2693
-15740,2694
-15739,2695
-15738,2696
-15737,2697
-15736,2698
-15735,2699
-15734,2700
-15733,2701
-15732,2702
-15731,2703
-15730,2704
-15729,2705
-15728,2706
-15727,2707
-15726,2708
-15725,2709
-15724,2710
-15723,2711
-15722,2712
-15721,2713
-15720,2714
-15719,2715
-15718,2716
-15717,2717
-15716,2718
-15715,2719
-15714,2720
-15713,2721
-15712,2722
-15711,2723
-15710,2724
-15709,2725
-15708,2726
-15707,2727
-15706,2728
-15705,2729
-15704,2730
-15703,2731
-15702,2732
-15701,2733
-15700,2734
-15699,2735
-15698,2736
-15697,2737
-15696,2738
-15695,2739
-15694,2740
-15693,2741
-15692,2742
-15691,2743
-15690,2744
-15689,2745
-15688,2746
-15687,2747
-15686,2748
-15685,2749
-15684,2750
-15683,2751
-15682,2752
-15681,2753
-15680,2754
-15679,2755
-15678,2756
-15677,2757
-15676,2758
-15675,2759
-15674,2760
-15673,2761
-15672,2762
-15671,2763
-15670,2764
-15669,2765
-15668,2766
-15667,2767
-15666,2768
-15665,2769
-15664,2770
-15663,2771
-15662,2772
-15661,2773
-15660,2774
-15659,2775
-15658,2776
-15657,2777
-15656,2778
-15655,2779
-15654,2780
-15653,2781
-15652,2782
-15651,2783
-15650,2784
-15649,2785
-15648,2786
-15647,2787
-15646,2788
-15645,2789
-15644,2790
-15643,2791
-15642,2792
-15641,2793
-15640,2794
-15639,2795
-15638,2796
-15637,2797
-15636,2798
-15635,2799
-15634,2800
-15633,2801
-15632,2802
-15631,2803
-15630,2804
-15629,2805
-15628,2806
-15627,2807
-15626,2808
-15625,2809
-15624,2810
-15623,2811
-15622,2812
-15621,2813
-15620,2814
-15619,2815
-15618,2816
-15617,2817
-15616,2818
-15615,2819
-15614,2820
-15613,2821
-15612,2822
-15611,2823
-15610,2824
-15609,2825
-15608,2826
-15607,2827
-15606,2828
-15605,2829
-15604,2830
-15603,2831
-15602,2832
-15601,2833
-15600,2834
-15599,2835
-15598,2836
-15597,2837
-15596,2838
-15595,2839
-15594,2840
-15593,2841
-15592,2842
-15591,2843
-15590,2844
-15589,2845
-15588,2846
-15587,2847
-15586,2848
-15585,2849
-15584,2850
-15583,2851
-15582,2852
-15581,2853
-15580,2854
-15579,2855
-15578,2856
-15577,2857
-15576,2858
-15575,2859
-15574,2860
-15573,2861
-15572,2862
-15571,2863
-15570,2864
-15569,2865
-15568,2866
-15567,2867
-15566,2868
-15565,2869
-15564,2870
-15563,2871
-15562,2872
-15561,2873
-15560,2874
-15559,2875
-15558,2876
-15557,2877
-15556,2878
-15555,2879
-15554,2880
-15553,2881
-15552,2882
-15551,2883
-15550,2884
-15549,2885
-15548,2886
-15547,2887
-15546,2888
-15545,2889
-15544,2890
-15543,2891
-15542,2892
-15541,2893
-15540,2894
-15539,2895
-15538,2896
-15537,2897
-15536,2898
-15535,2899
-15534,2900
-15533,2901
-15532,2902
-15531,2903
-15530,2904
-15529,2905
-15528,2906
-15527,2907
-15526,2908
-15525,2909
-15524,2910
-15523,2911
-15522,2912
-15521,2913
-15520,2914
-15519,2915
-15518,2916
-15517,2917
-15516,2918
-15515,2919
-15514,2920
-15513,2921
-15512,2922
-15511,2923
-15510,2924
-15509,2925
-15508,2926
-15507,2927
-15506,2928
-15505,2929
-15504,2930
-15503,2931
-15502,2932
-15501,2933
-15500,2934
-15499,2935
-15498,2936
-15497,2937
-15496,2938
-15495,2939
-15494,2940
-15493,2941
-15492,2942
-15491,2943
-15490,2944
-15489,2945
-15488,2946
-15487,2947
-15486,2948
-15485,2949
-15484,2950
-15483,2951
-15482,2952
-15481,2953
-15480,2954
-15479,2955
-15478,2956
-15477,2957
-15476,2958
-15475,2959
-15474,2960
-15473,2961
-15472,2962
-15471,2963
-15470,2964
-15469,2965
-15468,2966
-15467,2967
-15466,2968
-15465,2969
-15464,2970
-15463,2971
-15462,2972
-15461,2973
-15460,2974
-15459,2975
-15458,2976
-15457,2977
-15456,2978
-15455,2979
-15454,2980
-15453,2981
-15452,2982
-15451,2983
-15450,2984
-15449,2985
-15448,2986
-15447,2987
-15446,2988
-15445,2989
-15444,2990
-15443,2991
-15442,2992
-15441,2993
-15440,2994
-15439,2995
-15438,2996
-15437,2997
-15436,2998
-15435,2999
-15434,3000
-15433,3001
-15432,3002
-15431,3003
-15430,3004
-15429,3005
-15428,3006
-15427,3007
-15426,3008
-15425,3009
-15424,3010
-15423,3011
-15422,3012
-15421,3013
-15420,3014
-15419,3015
-15418,3016
-15417,3017
-15416,3018
-15415,3019
-15414,3020
-15413,3021
-15412,3022
-15411,3023
-15410,3024
-15409,3025
-15408,3026
-15407,3027
-15406,3028
-15405,3029
-15404,3030
-15403,3031
-15402,3032
-15401,3033
-15400,3034
-15399,3035
-15398,3036
-15397,3037
-15396,3038
-15395,3039
-15394,3040
-15393,3041
-15392,3042
-15391,3043
-15390,3044
-15389,3045
-15388,3046
-15387,3047
-15386,3048
-15385,3049
-15384,3050
-15383,3051
-15382,3052
-15381,3053
-15380,3054
-15379,3055
-15378,3056
-15377,3057
-15376,3058
-15375,3059
-15374,3060
-15373,3061
-15372,3062
-15371,3063
-15370,3064
-15369,3065
-15368,3066
-15367,3067
-15366,3068
-15365,3069
-15364,3070
-15363,3071
-15362,3072
-15361,3073
-15360,3074
-15359,3075
-15358,3076
-15357,3077
-15356,3078
-15355,3079
-15354,3080
-15353,3081
-15352,3082
-15351,3083
-15350,3084
-15349,3085
-15348,3086
-15347,3087
-15346,3088
-15345,3089
-15344,3090
-15343,3091
-15342,3092
-15341,3093
-15340,3094
-15339,3095
-15338,3096
-15337,3097
-15336,3098
-15335,3099
-15334,3100
-15333,3101
-15332,3102
-15331,3103
-15330,3104
-15329,3105
-15328,3106
-15327,3107
-15326,3108
-15325,3109
-15324,3110
-15323,3111
-15322,3112
-15321,3113
-15320,3114
-15319,3115
-15318,3116
-15317,3117
-15316,3118
-15315,3119
-15314,3120
-15313,3121
-15312,3122
-15311,3123
-15310,3124
-15309,3125
-15308,3126
-15307,3127
-15306,3128
-15305,3129
-15304,3130
-15303,3131
-15302,3132
-15301,3133
-15300,3134
-15299,3135
-15298,3136
-15297,3137
-15296,3138
-15295,3139
-15294,3140
-15293,3141
-15292,3142
-15291,3143
-15290,3144
-15289,3145
-15288,3146
-15287,3147
-15286,3148
-15285,3149
-15284,3150
-15283,3151
-15282,3152
-15281,3153
-15280,3154
-15279,3155
-15278,3156
-15277,3157
-15276,3158
-15275,3159
-15274,3160
-15273,3161
-15272,3162
-15271,3163
-15270,3164
-15269,3165
-15268,3166
-15267,3167
-15266,3168
-15265,3169
-15264,3170
-15263,3171
-15262,3172
-15261,3173
-15260,3174
-15259,3175
-15258,3176
-15257,3177
-15256,3178
-15255,3179
-15254,3180
-15253,3181
-15252,3182
-15251,3183
-15250,3184
-15249,3185
-15248,3186
-15247,3187
-15246,3188
-15245,3189
-15244,3190
-15243,3191
-15242,3192
-15241,3193
-15240,3194
-15239,3195
-15238,3196
-15237,3197
-15236,3198
-15235,3199
-15234,3200
-15233,3201
-15232,3202
-15231,3203
-15230,3204
-15229,3205
-15228,3206
-15227,3207
-15226,3208
-15225,3209
-15224,3210
-15223,3211
-15222,3212
-15221,3213
-15220,3214
-15219,3215
-15218,3216
-15217,3217
-15216,3218
-15215,3219
-15214,3220
-15213,3221
-15212,3222
-15211,3223
-15210,3224
-15209,3225
-15208,3226
-15207,3227
-15206,3228
-15205,3229
-15204,3230
-15203,3231
-15202,3232
-15201,3233
-15200,3234
-15199,3235
-15198,3236
-15197,3237
-15196,3238
-15195,3239
-15194,3240
-15193,3241
-15192,3242
-15191,3243
-15190,3244
-15189,3245
-15188,3246
-15187,3247
-15186,3248
-15185,3249
-15184,3250
-15183,3251
-15182,3252
-15181,3253
-15180,3254
-15179,3255
-15178,3256
-15177,3257
-15176,3258
-15175,3259
-15174,3260
-15173,3261
-15172,3262
-15171,3263
-15170,3264
-15169,3265
-15168,3266
-15167,3267
-15166,3268
-15165,3269
-15164,3270
-15163,3271
-15162,3272
-15161,3273
-15160,3274
-15159,3275
-15158,3276
-15157,3277
-15156,3278
-15155,3279
-15154,3280
-15153,3281
-15152,3282
-15151,3283
-15150,3284
-15149,3285
-15148,3286
-15147,3287
-15146,3288
-15145,3289
-15144,3290
-15143,3291
-15142,3292
-15141,3293
-15140,3294
-15139,3295
-15138,3296
-15137,3297
-15136,3298
-15135,3299
-15134,3300
-15133,3301
-15132,3302
-15131,3303
-15130,3304
-15129,3305
-15128,3306
-15127,3307
-15126,3308
-15125,3309
-15124,3310
-15123,3311
-15122,3312
-15121,3313
-15120,3314
-15119,3315
-15118,3316
-15117,3317
-15116,3318
-15115,3319
-15114,3320
-15113,3321
-15112,3322
-15111,3323
-15110,3324
-15109,3325
-15108,3326
-15107,3327
-15106,3328
-15105,3329
-15104,3330
-15103,3331
-15102,3332
-15101,3333
-15100,3334
-15099,3335
-15098,3336
-15097,3337
-15096,3338
-15095,3339
-15094,3340
-15093,3341
-15092,3342
-15091,3343
-15090,3344
-15089,3345
-15088,3346
-15087,3347
-15086,3348
-15085,3349
-15084,3350
-15083,3351
-15082,3352
-15081,3353
-15080,3354
-15079,3355
-15078,3356
-15077,3357
-15076,3358
-15075,3359
-15074,3360
-15073,3361
-15072,3362
-15071,3363
-15070,3364
-15069,3365
-15068,3366
-15067,3367
-15066,3368
-15065,3369
-15064,3370
-15063,3371
-15062,3372
-15061,3373
-15060,3374
-15059,3375
-15058,3376
-15057,3377
-15056,3378
-15055,3379
-15054,3380
-15053,3381
-15052,3382
-15051,3383
-15050,3384
-15049,3385
-15048,3386
-15047,3387
-15046,3388
-15045,3389
-15044,3390
-15043,3391
-15042,3392
-15041,3393
-15040,3394
-15039,3395
-15038,3396
-15037,3397
-15036,3398
-15035,3399
-15034,3400
-15033,3401
-15032,3402
-15031,3403
-15030,3404
-15029,3405
-15028,3406
-15027,3407
-15026,3408
-15025,3409
-15024,3410
-15023,3411
-15022,3412
-15021,3413
-15020,3414
-15019,3415
-15018,3416
-15017,3417
-15016,3418
-15015,3419
-15014,3420
-15013,3421
-15012,3422
-15011,3423
-15010,3424
-15009,3425
-15008,3426
-15007,3427
-15006,3428
-15005,3429
-15004,3430
-15003,3431
-15002,3432
-15001,3433
-15000,3434
-14999,3435
-14998,3436
-14997,3437
-14996,3438
-14995,3439
-14994,3440
-14993,3441
-14992,3442
-14991,3443
-14990,3444
-14989,3445
-14988,3446
-14987,3447
-14986,3448
-14985,3449
-14984,3450
-14983,3451
-14982,3452
-14981,3453
-14980,3454
-14979,3455
-14978,3456
-14977,3457
-14976,3458
-14975,3459
-14974,3460
-14973,3461
-14972,3462
-14971,3463
-14970,3464
-14969,3465
-14968,3466
-14967,3467
-14966,3468
-14965,3469
-14964,3470
-14963,3471
-14962,3472
-14961,3473
-14960,3474
-14959,3475
-14958,3476
-14957,3477
-14956,3478
-14955,3479
-14954,3480
-14953,3481
-14952,3482
-14951,3483
-14950,3484
-14949,3485
-14948,3486
-14947,3487
-14946,3488
-14945,3489
-14944,3490
-14943,3491
-14942,3492
-14941,3493
-14940,3494
-14939,3495
-14938,3496
-14937,3497
-14936,3498
-14935,3499
-14934,3500
-14933,3501
-14932,3502
-14931,3503
-14930,3504
-14929,3505
-14928,3506
-14927,3507
-14926,3508
-14925,3509
-14924,3510
-14923,3511
-14922,3512
-14921,3513
-14920,3514
-14919,3515
-14918,3516
-14917,3517
-14916,3518
-14915,3519
-14914,3520
-14913,3521
-14912,3522
-14911,3523
-14910,3524
-14909,3525
-14908,3526
-14907,3527
-14906,3528
-14905,3529
-14904,3530
-14903,3531
-14902,3532
-14901,3533
-14900,3534
-14899,3535
-14898,3536
-14897,3537
-14896,3538
-14895,3539
-14894,3540
-14893,3541
-14892,3542
-14891,3543
-14890,3544
-14889,3545
-14888,3546
-14887,3547
-14886,3548
-14885,3549
-14884,3550
-14883,3551
-14882,3552
-14881,3553
-14880,3554
-14879,3555
-14878,3556
-14877,3557
-14876,3558
-14875,3559
-14874,3560
-14873,3561
-14872,3562
-14871,3563
-14870,3564
-14869,3565
-14868,3566
-14867,3567
-14866,3568
-14865,3569
-14864,3570
-14863,3571
-14862,3572
-14861,3573
-14860,3574
-14859,3575
-14858,3576
-14857,3577
-14856,3578
-14855,3579
-14854,3580
-14853,3581
-14852,3582
-14851,3583
-14850,3584
-14849,3585
-14848,3586
-14847,3587
-14846,3588
-14845,3589
-14844,3590
-14843,3591
-14842,3592
-14841,3593
-14840,3594
-14839,3595
-14838,3596
-14837,3597
-14836,3598
-14835,3599
-14834,3600
-14833,3601
-14832,3602
-14831,3603
-14830,3604
-14829,3605
-14828,3606
-14827,3607
-14826,3608
-14825,3609
-14824,3610
-14823,3611
-14822,3612
-14821,3613
-14820,3614
-14819,3615
-14818,3616
-14817,3617
-14816,3618
-14815,3619
-14814,3620
-14813,3621
-14812,3622
-14811,3623
-14810,3624
-14809,3625
-14808,3626
-14807,3627
-14806,3628
-14805,3629
-14804,3630
-14803,3631
-14802,3632
-14801,3633
-14800,3634
-14799,3635
-14798,3636
-14797,3637
-14796,3638
-14795,3639
-14794,3640
-14793,3641
-14792,3642
-14791,3643
-14790,3644
-14789,3645
-14788,3646
-14787,3647
-14786,3648
-14785,3649
-14784,3650
-14783,3651
-14782,3652
-14781,3653
-14780,3654
-14779,3655
-14778,3656
-14777,3657
-14776,3658
-14775,3659
-14774,3660
-14773,3661
-14772,3662
-14771,3663
-14770,3664
-14769,3665
-14768,3666
-14767,3667
-14766,3668
-14765,3669
-14764,3670
-14763,3671
-14762,3672
-14761,3673
-14760,3674
-14759,3675
-14758,3676
-14757,3677
-14756,3678
-14755,3679
-14754,3680
-14753,3681
-14752,3682
-14751,3683
-14750,3684
-14749,3685
-14748,3686
-14747,3687
-14746,3688
-14745,3689
-14744,3690
-14743,3691
-14742,3692
-14741,3693
-14740,3694
-14739,3695
-14738,3696
-14737,3697
-14736,3698
-14735,3699
-14734,3700
-14733,3701
-14732,3702
-14731,3703
-14730,3704
-14729,3705
-14728,3706
-14727,3707
-14726,3708
-14725,3709
-14724,3710
-14723,3711
-14722,3712
-14721,3713
-14720,3714
-14719,3715
-14718,3716
-14717,3717
-14716,3718
-14715,3719
-14714,3720
-14713,3721
-14712,3722
-14711,3723
-14710,3724
-14709,3725
-14708,3726
-14707,3727
-14706,3728
-14705,3729
-14704,3730
-14703,3731
-14702,3732
-14701,3733
-14700,3734
-14699,3735
-14698,3736
-14697,3737
-14696,3738
-14695,3739
-14694,3740
-14693,3741
-14692,3742
-14691,3743
-14690,3744
-14689,3745
-14688,3746
-14687,3747
-14686,3748
-14685,3749
-14684,3750
-14683,3751
-14682,3752
-14681,3753
-14680,3754
-14679,3755
-14678,3756
-14677,3757
-14676,3758
-14675,3759
-14674,3760
-14673,3761
-14672,3762
-14671,3763
-14670,3764
-14669,3765
-14668,3766
-14667,3767
-14666,3768
-14665,3769
-14664,3770
-14663,3771
-14662,3772
-14661,3773
-14660,3774
-14659,3775
-14658,3776
-14657,3777
-14656,3778
-14655,3779
-14654,3780
-14653,3781
-14652,3782
-14651,3783
-14650,3784
-14649,3785
-14648,3786
-14647,3787
-14646,3788
-14645,3789
-14644,3790
-14643,3791
-14642,3792
-14641,3793
-14640,3794
-14639,3795
-14638,3796
-14637,3797
-14636,3798
-14635,3799
-14634,3800
-14633,3801
-14632,3802
-14631,3803
-14630,3804
-14629,3805
-14628,3806
-14627,3807
-14626,3808
-14625,3809
-14624,3810
-14623,3811
-14622,3812
-14621,3813
-14620,3814
-14619,3815
-14618,3816
-14617,3817
-14616,3818
-14615,3819
-14614,3820
-14613,3821
-14612,3822
-14611,3823
-14610,3824
-14609,3825
-14608,3826
-14607,3827
-14606,3828
-14605,3829
-14604,3830
-14603,3831
-14602,3832
-14601,3833
-14600,3834
-14599,3835
-14598,3836
-14597,3837
-14596,3838
-14595,3839
-14594,3840
-14593,3841
-14592,3842
-14591,3843
-14590,3844
-14589,3845
-14588,3846
-14587,3847
-14586,3848
-14585,3849
-14584,3850
-14583,3851
-14582,3852
-14581,3853
-14580,3854
-14579,3855
-14578,3856
-14577,3857
-14576,3858
-14575,3859
-14574,3860
-14573,3861
-14572,3862
-14571,3863
-14570,3864
-14569,3865
-14568,3866
-14567,3867
-14566,3868
-14565,3869
-14564,3870
-14563,3871
-14562,3872
-14561,3873
-14560,3874
-14559,3875
-14558,3876
-14557,3877
-14556,3878
-14555,3879
-14554,3880
-14553,3881
-14552,3882
-14551,3883
-14550,3884
-14549,3885
-14548,3886
-14547,3887
-14546,3888
-14545,3889
-14544,3890
-14543,3891
-14542,3892
-14541,3893
-14540,3894
-14539,3895
-14538,3896
-14537,3897
-14536,3898
-14535,3899
-14534,3900
-14533,3901
-14532,3902
-14531,3903
-14530,3904
-14529,3905
-14528,3906
-14527,3907
-14526,3908
-14525,3909
-14524,3910
-14523,3911
-14522,3912
-14521,3913
-14520,3914
-14519,3915
-14518,3916
-14517,3917
-14516,3918
-14515,3919
-14514,3920
-14513,3921
-14512,3922
-14511,3923
-14510,3924
-14509,3925
-14508,3926
-14507,3927
-14506,3928
-14505,3929
-14504,3930
-14503,3931
-14502,3932
-14501,3933
-14500,3934
-14499,3935
-14498,3936
-14497,3937
-14496,3938
-14495,3939
-14494,3940
-14493,3941
-14492,3942
-14491,3943
-14490,3944
-14489,3945
-14488,3946
-14487,3947
-14486,3948
-14485,3949
-14484,3950
-14483,3951
-14482,3952
-14481,3953
-14480,3954
-14479,3955
-14478,3956
-14477,3957
-14476,3958
-14475,3959
-14474,3960
-14473,3961
-14472,3962
-14471,3963
-14470,3964
-14469,3965
-14468,3966
-14467,3967
-14466,3968
-14465,3969
-14464,3970
-14463,3971
-14462,3972
-14461,3973
-14460,3974
-14459,3975
-14458,3976
-14457,3977
-14456,3978
-14455,3979
-14454,3980
-14453,3981
-14452,3982
-14451,3983
-14450,3984
-14449,3985
-14448,3986
-14447,3987
-14446,3988
-14445,3989
-14444,3990
-14443,3991
-14442,3992
-14441,3993
-14440,3994
-14439,3995
-14438,3996
-14437,3997
-14436,3998
-14435,3999
-14434,4000
-14433,4001
-14432,4002
-14431,4003
-14430,4004
-14429,4005
-14428,4006
-14427,4007
-14426,4008
-14425,4009
-14424,4010
-14423,4011
-14422,4012
-14421,4013
-14420,4014
-14419,4015
-14418,4016
-14417,4017
-14416,4018
-14415,4019
-14414,4020
-14413,4021
-14412,4022
-14411,4023
-14410,4024
-14409,4025
-14408,4026
-14407,4027
-14406,4028
-14405,4029
-14404,4030
-14403,4031
-14402,4032
-14401,4033
-14400,4034
-14399,4035
-14398,4036
-14397,4037
-14396,4038
-14395,4039
-14394,4040
-14393,4041
-14392,4042
-14391,4043
-14390,4044
-14389,4045
-14388,4046
-14387,4047
-14386,4048
-14385,4049
-14384,4050
-14383,4051
-14382,4052
-14381,4053
-14380,4054
-14379,4055
-14378,4056
-14377,4057
-14376,4058
-14375,4059
-14374,4060
-14373,4061
-14372,4062
-14371,4063
-14370,4064
-14369,4065
-14368,4066
-14367,4067
-14366,4068
-14365,4069
-14364,4070
-14363,4071
-14362,4072
-14361,4073
-14360,4074
-14359,4075
-14358,4076
-14357,4077
-14356,4078
-14355,4079
-14354,4080
-14353,4081
-14352,4082
-14351,4083
-14350,4084
-14349,4085
-14348,4086
-14347,4087
-14346,4088
-14345,4089
-14344,4090
-14343,4091
-14342,4092
-14341,4093
-14340,4094
-14339,4095
-14338,4096
-14337,4097
-14336,4098
-14335,4099
-14334,4100
-14333,4101
-14332,4102
-14331,4103
-14330,4104
-14329,4105
-14328,4106
-14327,4107
-14326,4108
-14325,4109
-14324,4110
-14323,4111
-14322,4112
-14321,4113
-14320,4114
-14319,4115
-14318,4116
-14317,4117
-14316,4118
-14315,4119
-14314,4120
-14313,4121
-14312,4122
-14311,4123
-14310,4124
-14309,4125
-14308,4126
-14307,4127
-14306,4128
-14305,4129
-14304,4130
-14303,4131
-14302,4132
-14301,4133
-14300,4134
-14299,4135
-14298,4136
-14297,4137
-14296,4138
-14295,4139
-14294,4140
-14293,4141
-14292,4142
-14291,4143
-14290,4144
-14289,4145
-14288,4146
-14287,4147
-14286,4148
-14285,4149
-14284,4150
-14283,4151
-14282,4152
-14281,4153
-14280,4154
-14279,4155
-14278,4156
-14277,4157
-14276,4158
-14275,4159
-14274,4160
-14273,4161
-14272,4162
-14271,4163
-14270,4164
-14269,4165
-14268,4166
-14267,4167
-14266,4168
-14265,4169
-14264,4170
-14263,4171
-14262,4172
-14261,4173
-14260,4174
-14259,4175
-14258,4176
-14257,4177
-14256,4178
-14255,4179
-14254,4180
-14253,4181
-14252,4182
-14251,4183
-14250,4184
-14249,4185
-14248,4186
-14247,4187
-14246,4188
-14245,4189
-14244,4190
-14243,4191
-14242,4192
-14241,4193
-14240,4194
-14239,4195
-14238,4196
-14237,4197
-14236,4198
-14235,4199
-14234,4200
-14233,4201
-14232,4202
-14231,4203
-14230,4204
-14229,4205
-14228,4206
-14227,4207
-14226,4208
-14225,4209
-14224,4210
-14223,4211
-14222,4212
-14221,4213
-14220,4214
-14219,4215
-14218,4216
-14217,4217
-14216,4218
-14215,4219
-14214,4220
-14213,4221
-14212,4222
-14211,4223
-14210,4224
-14209,4225
-14208,4226
-14207,4227
-14206,4228
-14205,4229
-14204,4230
-14203,4231
-14202,4232
-14201,4233
-14200,4234
-14199,4235
-14198,4236
-14197,4237
-14196,4238
-14195,4239
-14194,4240
-14193,4241
-14192,4242
-14191,4243
-14190,4244
-14189,4245
-14188,4246
-14187,4247
-14186,4248
-14185,4249
-14184,4250
-14183,4251
-14182,4252
-14181,4253
-14180,4254
-14179,4255
-14178,4256
-14177,4257
-14176,4258
-14175,4259
-14174,4260
-14173,4261
-14172,4262
-14171,4263
-14170,4264
-14169,4265
-14168,4266
-14167,4267
-14166,4268
-14165,4269
-14164,4270
-14163,4271
-14162,4272
-14161,4273
-14160,4274
-14159,4275
-14158,4276
-14157,4277
-14156,4278
-14155,4279
-14154,4280
-14153,4281
-14152,4282
-14151,4283
-14150,4284
-14149,4285
-14148,4286
-14147,4287
-14146,4288
-14145,4289
-14144,4290
-14143,4291
-14142,4292
-14141,4293
-14140,4294
-14139,4295
-14138,4296
-14137,4297
-14136,4298
-14135,4299
-14134,4300
-14133,4301
-14132,4302
-14131,4303
-14130,4304
-14129,4305
-14128,4306
-14127,4307
-14126,4308
-14125,4309
-14124,4310
-14123,4311
-14122,4312
-14121,4313
-14120,4314
-14119,4315
-14118,4316
-14117,4317
-14116,4318
-14115,4319
-14114,4320
-14113,4321
-14112,4322
-14111,4323
-14110,4324
-14109,4325
-14108,4326
-14107,4327
-14106,4328
-14105,4329
-14104,4330
-14103,4331
-14102,4332
-14101,4333
-14100,4334
-14099,4335
-14098,4336
-14097,4337
-14096,4338
-14095,4339
-14094,4340
-14093,4341
-14092,4342
-14091,4343
-14090,4344
-14089,4345
-14088,4346
-14087,4347
-14086,4348
-14085,4349
-14084,4350
-14083,4351
-14082,4352
-14081,4353
-14080,4354
-14079,4355
-14078,4356
-14077,4357
-14076,4358
-14075,4359
-14074,4360
-14073,4361
-14072,4362
-14071,4363
-14070,4364
-14069,4365
-14068,4366
-14067,4367
-14066,4368
-14065,4369
-14064,4370
-14063,4371
-14062,4372
-14061,4373
-14060,4374
-14059,4375
-14058,4376
-14057,4377
-14056,4378
-14055,4379
-14054,4380
-14053,4381
-14052,4382
-14051,4383
-14050,4384
-14049,4385
-14048,4386
-14047,4387
-14046,4388
-14045,4389
-14044,4390
-14043,4391
-14042,4392
-14041,4393
-14040,4394
-14039,4395
-14038,4396
-14037,4397
-14036,4398
-14035,4399
-14034,4400
-14033,4401
-14032,4402
-14031,4403
-14030,4404
-14029,4405
-14028,4406
-14027,4407
-14026,4408
-14025,4409
-14024,4410
-14023,4411
-14022,4412
-14021,4413
-14020,4414
-14019,4415
-14018,4416
-14017,4417
-14016,4418
-14015,4419
-14014,4420
-14013,4421
-14012,4422
-14011,4423
-14010,4424
-14009,4425
-14008,4426
-14007,4427
-14006,4428
-14005,4429
-14004,4430
-14003,4431
-14002,4432
-14001,4433
-14000,4434
-13999,4435
-13998,4436
-13997,4437
-13996,4438
-13995,4439
-13994,4440
-13993,4441
-13992,4442
-13991,4443
-13990,4444
-13989,4445
-13988,4446
-13987,4447
-13986,4448
-13985,4449
-13984,4450
-13983,4451
-13982,4452
-13981,4453
-13980,4454
-13979,4455
-13978,4456
-13977,4457
-13976,4458
-13975,4459
-13974,4460
-13973,4461
-13972,4462
-13971,4463
-13970,4464
-13969,4465
-13968,4466
-13967,4467
-13966,4468
-13965,4469
-13964,4470
-13963,4471
-13962,4472
-13961,4473
-13960,4474
-13959,4475
-13958,4476
-13957,4477
-13956,4478
-13955,4479
-13954,4480
-13953,4481
-13952,4482
-13951,4483
-13950,4484
-13949,4485
-13948,4486
-13947,4487
-13946,4488
-13945,4489
-13944,4490
-13943,4491
-13942,4492
-13941,4493
-13940,4494
-13939,4495
-13938,4496
-13937,4497
-13936,4498
-13935,4499
-13934,4500
-13933,4501
-13932,4502
-13931,4503
-13930,4504
-13929,4505
-13928,4506
-13927,4507
-13926,4508
-13925,4509
-13924,4510
-13923,4511
-13922,4512
-13921,4513
-13920,4514
-13919,4515
-13918,4516
-13917,4517
-13916,4518
-13915,4519
-13914,4520
-13913,4521
-13912,4522
-13911,4523
-13910,4524
-13909,4525
-13908,4526
-13907,4527
-13906,4528
-13905,4529
-13904,4530
-13903,4531
-13902,4532
-13901,4533
-13900,4534
-13899,4535
-13898,4536
-13897,4537
-13896,4538
-13895,4539
-13894,4540
-13893,4541
-13892,4542
-13891,4543
-13890,4544
-13889,4545
-13888,4546
-13887,4547
-13886,4548
-13885,4549
-13884,4550
-13883,4551
-13882,4552
-13881,4553
-13880,4554
-13879,4555
-13878,4556
-13877,4557
-13876,4558
-13875,4559
-13874,4560
-13873,4561
-13872,4562
-13871,4563
-13870,4564
-13869,4565
-13868,4566
-13867,4567
-13866,4568
-13865,4569
-13864,4570
-13863,4571
-13862,4572
-13861,4573
-13860,4574
-13859,4575
-13858,4576
-13857,4577
-13856,4578
-13855,4579
-13854,4580
-13853,4581
-13852,4582
-13851,4583
-13850,4584
-13849,4585
-13848,4586
-13847,4587
-13846,4588
-13845,4589
-13844,4590
-13843,4591
-13842,4592
-13841,4593
-13840,4594
-13839,4595
-13838,4596
-13837,4597
-13836,4598
-13835,4599
-13834,4600
-13833,4601
-13832,4602
-13831,4603
-13830,4604
-13829,4605
-13828,4606
-13827,4607
-13826,4608
-13825,4609
-13824,4610
-13823,4611
-13822,4612
-13821,4613
-13820,4614
-13819,4615
-13818,4616
-13817,4617
-13816,4618
-13815,4619
-13814,4620
-13813,4621
-13812,4622
-13811,4623
-13810,4624
-13809,4625
-13808,4626
-13807,4627
-13806,4628
-13805,4629
-13804,4630
-13803,4631
-13802,4632
-13801,4633
-13800,4634
-13799,4635
-13798,4636
-13797,4637
-13796,4638
-13795,4639
-13794,4640
-13793,4641
-13792,4642
-13791,4643
-13790,4644
-13789,4645
-13788,4646
-13787,4647
-13786,4648
-13785,4649
-13784,4650
-13783,4651
-13782,4652
-13781,4653
-13780,4654
-13779,4655
-13778,4656
-13777,4657
-13776,4658
-13775,4659
-13774,4660
-13773,4661
-13772,4662
-13771,4663
-13770,4664
-13769,4665
-13768,4666
-13767,4667
-13766,4668
-13765,4669
-13764,4670
-13763,4671
-13762,4672
-13761,4673
-13760,4674
-13759,4675
-13758,4676
-13757,4677
-13756,4678
-13755,4679
-13754,4680
-13753,4681
-13752,4682
-13751,4683
-13750,4684
-13749,4685
-13748,4686
-13747,4687
-13746,4688
-13745,4689
-13744,4690
-13743,4691
-13742,4692
-13741,4693
-13740,4694
-13739,4695
-13738,4696
-13737,4697
-13736,4698
-13735,4699
-13734,4700
-13733,4701
-13732,4702
-13731,4703
-13730,4704
-13729,4705
-13728,4706
-13727,4707
-13726,4708
-13725,4709
-13724,4710
-13723,4711
-13722,4712
-13721,4713
-13720,4714
-13719,4715
-13718,4716
-13717,4717
-13716,4718
-13715,4719
-13714,4720
-13713,4721
-13712,4722
-13711,4723
-13710,4724
-13709,4725
-13708,4726
-13707,4727
-13706,4728
-13705,4729
-13704,4730
-13703,4731
-13702,4732
-13701,4733
-13700,4734
-13699,4735
-13698,4736
-13697,4737
-13696,4738
-13695,4739
-13694,4740
-13693,4741
-13692,4742
-13691,4743
-13690,4744
-13689,4745
-13688,4746
-13687,4747
-13686,4748
-13685,4749
-13684,4750
-13683,4751
-13682,4752
-13681,4753
-13680,4754
-13679,4755
-13678,4756
-13677,4757
-13676,4758
-13675,4759
-13674,4760
-13673,4761
-13672,4762
-13671,4763
-13670,4764
-13669,4765
-13668,4766
-13667,4767
-13666,4768
-13665,4769
-13664,4770
-13663,4771
-13662,4772
-13661,4773
-13660,4774
-13659,4775
-13658,4776
-13657,4777
-13656,4778
-13655,4779
-13654,4780
-13653,4781
-13652,4782
-13651,4783
-13650,4784
-13649,4785
-13648,4786
-13647,4787
-13646,4788
-13645,4789
-13644,4790
-13643,4791
-13642,4792
-13641,4793
-13640,4794
-13639,4795
-13638,4796
-13637,4797
-13636,4798
-13635,4799
-13634,4800
-13633,4801
-13632,4802
-13631,4803
-13630,4804
-13629,4805
-13628,4806
-13627,4807
-13626,4808
-13625,4809
-13624,4810
-13623,4811
-13622,4812
-13621,4813
-13620,4814
-13619,4815
-13618,4816
-13617,4817
-13616,4818
-13615,4819
-13614,4820
-13613,4821
-13612,4822
-13611,4823
-13610,4824
-13609,4825
-13608,4826
-13607,4827
-13606,4828
-13605,4829
-13604,4830
-13603,4831
-13602,4832
-13601,4833
-13600,4834
-13599,4835
-13598,4836
-13597,4837
-13596,4838
-13595,4839
-13594,4840
-13593,4841
-13592,4842
-13591,4843
-13590,4844
-13589,4845
-13588,4846
-13587,4847
-13586,4848
-13585,4849
-13584,4850
-13583,4851
-13582,4852
-13581,4853
-13580,4854
-13579,4855
-13578,4856
-13577,4857
-13576,4858
-13575,4859
-13574,4860
-13573,4861
-13572,4862
-13571,4863
-13570,4864
-13569,4865
-13568,4866
-13567,4867
-13566,4868
-13565,4869
-13564,4870
-13563,4871
-13562,4872
-13561,4873
-13560,4874
-13559,4875
-13558,4876
-13557,4877
-13556,4878
-13555,4879
-13554,4880
-13553,4881
-13552,4882
-13551,4883
-13550,4884
-13549,4885
-13548,4886
-13547,4887
-13546,4888
-13545,4889
-13544,4890
-13543,4891
-13542,4892
-13541,4893
-13540,4894
-13539,4895
-13538,4896
-13537,4897
-13536,4898
-13535,4899
-13534,4900
-13533,4901
-13532,4902
-13531,4903
-13530,4904
-13529,4905
-13528,4906
-13527,4907
-13526,4908
-13525,4909
-13524,4910
-13523,4911
-13522,4912
-13521,4913
-13520,4914
-13519,4915
-13518,4916
-13517,4917
-13516,4918
-13515,4919
-13514,4920
-13513,4921
-13512,4922
-13511,4923
-13510,4924
-13509,4925
-13508,4926
-13507,4927
-13506,4928
-13505,4929
-13504,4930
-13503,4931
-13502,4932
-13501,4933
-13500,4934
-13499,4935
-13498,4936
-13497,4937
-13496,4938
-13495,4939
-13494,4940
-13493,4941
-13492,4942
-13491,4943
-13490,4944
-13489,4945
-13488,4946
-13487,4947
-13486,4948
-13485,4949
-13484,4950
-13483,4951
-13482,4952
-13481,4953
-13480,4954
-13479,4955
-13478,4956
-13477,4957
-13476,4958
-13475,4959
-13474,4960
-13473,4961
-13472,4962
-13471,4963
-13470,4964
-13469,4965
-13468,4966
-13467,4967
-13466,4968
-13465,4969
-13464,4970
-13463,4971
-13462,4972
-13461,4973
-13460,4974
-13459,4975
-13458,4976
-13457,4977
-13456,4978
-13455,4979
-13454,4980
-13453,4981
-13452,4982
-13451,4983
-13450,4984
-13449,4985
-13448,4986
-13447,4987
-13446,4988
-13445,4989
-13444,4990
-13443,4991
-13442,4992
-13441,4993
-13440,4994
-13439,4995
-13438,4996
-13437,4997
-13436,4998
-13435,4999
-13434,5000
-13433,5001
-13432,5002
-13431,5003
-13430,5004
-13429,5005
-13428,5006
-13427,5007
-13426,5008
-13425,5009
-13424,5010
-13423,5011
-13422,5012
-13421,5013
-13420,5014
-13419,5015
-13418,5016
-13417,5017
-13416,5018
-13415,5019
-13414,5020
-13413,5021
-13412,5022
-13411,5023
-13410,5024
-13409,5025
-13408,5026
-13407,5027
-13406,5028
-13405,5029
-13404,5030
-13403,5031
-13402,5032
-13401,5033
-13400,5034
-13399,5035
-13398,5036
-13397,5037
-13396,5038
-13395,5039
-13394,5040
-13393,5041
-13392,5042
-13391,5043
-13390,5044
-13389,5045
-13388,5046
-13387,5047
-13386,5048
-13385,5049
-13384,5050
-13383,5051
-13382,5052
-13381,5053
-13380,5054
-13379,5055
-13378,5056
-13377,5057
-13376,5058
-13375,5059
-13374,5060
-13373,5061
-13372,5062
-13371,5063
-13370,5064
-13369,5065
-13368,5066
-13367,5067
-13366,5068
-13365,5069
-13364,5070
-13363,5071
-13362,5072
-13361,5073
-13360,5074
-13359,5075
-13358,5076
-13357,5077
-13356,5078
-13355,5079
-13354,5080
-13353,5081
-13352,5082
-13351,5083
-13350,5084
-13349,5085
-13348,5086
-13347,5087
-13346,5088
-13345,5089
-13344,5090
-13343,5091
-13342,5092
-13341,5093
-13340,5094
-13339,5095
-13338,5096
-13337,5097
-13336,5098
-13335,5099
-13334,5100
-13333,5101
-13332,5102
-13331,5103
-13330,5104
-13329,5105
-13328,5106
-13327,5107
-13326,5108
-13325,5109
-13324,5110
-13323,5111
-13322,5112
-13321,5113
-13320,5114
-13319,5115
-13318,5116
-13317,5117
-13316,5118
-13315,5119
-13314,5120
-13313,5121
-13312,5122
-13311,5123
-13310,5124
-13309,5125
-13308,5126
-13307,5127
-13306,5128
-13305,5129
-13304,5130
-13303,5131
-13302,5132
-13301,5133
-13300,5134
-13299,5135
-13298,5136
-13297,5137
-13296,5138
-13295,5139
-13294,5140
-13293,5141
-13292,5142
-13291,5143
-13290,5144
-13289,5145
-13288,5146
-13287,5147
-13286,5148
-13285,5149
-13284,5150
-13283,5151
-13282,5152
-13281,5153
-13280,5154
-13279,5155
-13278,5156
-13277,5157
-13276,5158
-13275,5159
-13274,5160
-13273,5161
-13272,5162
-13271,5163
-13270,5164
-13269,5165
-13268,5166
-13267,5167
-13266,5168
-13265,5169
-13264,5170
-13263,5171
-13262,5172
-13261,5173
-13260,5174
-13259,5175
-13258,5176
-13257,5177
-13256,5178
-13255,5179
-13254,5180
-13253,5181
-13252,5182
-13251,5183
-13250,5184
-13249,5185
-13248,5186
-13247,5187
-13246,5188
-13245,5189
-13244,5190
-13243,5191
-13242,5192
-13241,5193
-13240,5194
-13239,5195
-13238,5196
-13237,5197
-13236,5198
-13235,5199
-13234,5200
-13233,5201
-13232,5202
-13231,5203
-13230,5204
-13229,5205
-13228,5206
-13227,5207
-13226,5208
-13225,5209
-13224,5210
-13223,5211
-13222,5212
-13221,5213
-13220,5214
-13219,5215
-13218,5216
-13217,5217
-13216,5218
-13215,5219
-13214,5220
-13213,5221
-13212,5222
-13211,5223
-13210,5224
-13209,5225
-13208,5226
-13207,5227
-13206,5228
-13205,5229
-13204,5230
-13203,5231
-13202,5232
-13201,5233
-13200,5234
-13199,5235
-13198,5236
-13197,5237
-13196,5238
-13195,5239
-13194,5240
-13193,5241
-13192,5242
-13191,5243
-13190,5244
-13189,5245
-13188,5246
-13187,5247
-13186,5248
-13185,5249
-13184,5250
-13183,5251
-13182,5252
-13181,5253
-13180,5254
-13179,5255
-13178,5256
-13177,5257
-13176,5258
-13175,5259
-13174,5260
-13173,5261
-13172,5262
-13171,5263
-13170,5264
-13169,5265
-13168,5266
-13167,5267
-13166,5268
-13165,5269
-13164,5270
-13163,5271
-13162,5272
-13161,5273
-13160,5274
-13159,5275
-13158,5276
-13157,5277
-13156,5278
-13155,5279
-13154,5280
-13153,5281
-13152,5282
-13151,5283
-13150,5284
-13149,5285
-13148,5286
-13147,5287
-13146,5288
-13145,5289
-13144,5290
-13143,5291
-13142,5292
-13141,5293
-13140,5294
-13139,5295
-13138,5296
-13137,5297
-13136,5298
-13135,5299
-13134,5300
-13133,5301
-13132,5302
-13131,5303
-13130,5304
-13129,5305
-13128,5306
-13127,5307
-13126,5308
-13125,5309
-13124,5310
-13123,5311
-13122,5312
-13121,5313
-13120,5314
-13119,5315
-13118,5316
-13117,5317
-13116,5318
-13115,5319
-13114,5320
-13113,5321
-13112,5322
-13111,5323
-13110,5324
-13109,5325
-13108,5326
-13107,5327
-13106,5328
-13105,5329
-13104,5330
-13103,5331
-13102,5332
-13101,5333
-13100,5334
-13099,5335
-13098,5336
-13097,5337
-13096,5338
-13095,5339
-13094,5340
-13093,5341
-13092,5342
-13091,5343
-13090,5344
-13089,5345
-13088,5346
-13087,5347
-13086,5348
-13085,5349
-13084,5350
-13083,5351
-13082,5352
-13081,5353
-13080,5354
-13079,5355
-13078,5356
-13077,5357
-13076,5358
-13075,5359
-13074,5360
-13073,5361
-13072,5362
-13071,5363
-13070,5364
-13069,5365
-13068,5366
-13067,5367
-13066,5368
-13065,5369
-13064,5370
-13063,5371
-13062,5372
-13061,5373
-13060,5374
-13059,5375
-13058,5376
-13057,5377
-13056,5378
-13055,5379
-13054,5380
-13053,5381
-13052,5382
-13051,5383
-13050,5384
-13049,5385
-13048,5386
-13047,5387
-13046,5388
-13045,5389
-13044,5390
-13043,5391
-13042,5392
-13041,5393
-13040,5394
-13039,5395
-13038,5396
-13037,5397
-13036,5398
-13035,5399
-13034,5400
-13033,5401
-13032,5402
-13031,5403
-13030,5404
-13029,5405
-13028,5406
-13027,5407
-13026,5408
-13025,5409
-13024,5410
-13023,5411
-13022,5412
-13021,5413
-13020,5414
-13019,5415
-13018,5416
-13017,5417
-13016,5418
-13015,5419
-13014,5420
-13013,5421
-13012,5422
-13011,5423
-13010,5424
-13009,5425
-13008,5426
-13007,5427
-13006,5428
-13005,5429
-13004,5430
-13003,5431
-13002,5432
-13001,5433
-13000,5434
-12999,5435
-12998,5436
-12997,5437
-12996,5438
-12995,5439
-12994,5440
-12993,5441
-12992,5442
-12991,5443
-12990,5444
-12989,5445
-12988,5446
-12987,5447
-12986,5448
-12985,5449
-12984,5450
-12983,5451
-12982,5452
-12981,5453
-12980,5454
-12979,5455
-12978,5456
-12977,5457
-12976,5458
-12975,5459
-12974,5460
-12973,5461
-12972,5462
-12971,5463
-12970,5464
-12969,5465
-12968,5466
-12967,5467
-12966,5468
-12965,5469
-12964,5470
-12963,5471
-12962,5472
-12961,5473
-12960,5474
-12959,5475
-12958,5476
-12957,5477
-12956,5478
-12955,5479
-12954,5480
-12953,5481
-12952,5482
-12951,5483
-12950,5484
-12949,5485
-12948,5486
-12947,5487
-12946,5488
-12945,5489
-12944,5490
-12943,5491
-12942,5492
-12941,5493
-12940,5494
-12939,5495
-12938,5496
-12937,5497
-12936,5498
-12935,5499
-12934,5500
-12933,5501
-12932,5502
-12931,5503
-12930,5504
-12929,5505
-12928,5506
-12927,5507
-12926,5508
-12925,5509
-12924,5510
-12923,5511
-12922,5512
-12921,5513
-12920,5514
-12919,5515
-12918,5516
-12917,5517
-12916,5518
-12915,5519
-12914,5520
-12913,5521
-12912,5522
-12911,5523
-12910,5524
-12909,5525
-12908,5526
-12907,5527
-12906,5528
-12905,5529
-12904,5530
-12903,5531
-12902,5532
-12901,5533
-12900,5534
-12899,5535
-12898,5536
-12897,5537
-12896,5538
-12895,5539
-12894,5540
-12893,5541
-12892,5542
-12891,5543
-12890,5544
-12889,5545
-12888,5546
-12887,5547
-12886,5548
-12885,5549
-12884,5550
-12883,5551
-12882,5552
-12881,5553
-12880,5554
-12879,5555
-12878,5556
-12877,5557
-12876,5558
-12875,5559
-12874,5560
-12873,5561
-12872,5562
-12871,5563
-12870,5564
-12869,5565
-12868,5566
-12867,5567
-12866,5568
-12865,5569
-12864,5570
-12863,5571
-12862,5572
-12861,5573
-12860,5574
-12859,5575
-12858,5576
-12857,5577
-12856,5578
-12855,5579
-12854,5580
-12853,5581
-12852,5582
-12851,5583
-12850,5584
-12849,5585
-12848,5586
-12847,5587
-12846,5588
-12845,5589
-12844,5590
-12843,5591
-12842,5592
-12841,5593
-12840,5594
-12839,5595
-12838,5596
-12837,5597
-12836,5598
-12835,5599
-12834,5600
-12833,5601
-12832,5602
-12831,5603
-12830,5604
-12829,5605
-12828,5606
-12827,5607
-12826,5608
-12825,5609
-12824,5610
-12823,5611
-12822,5612
-12821,5613
-12820,5614
-12819,5615
-12818,5616
-12817,5617
-12816,5618
-12815,5619
-12814,5620
-12813,5621
-12812,5622
-12811,5623
-12810,5624
-12809,5625
-12808,5626
-12807,5627
-12806,5628
-12805,5629
-12804,5630
-12803,5631
-12802,5632
-12801,5633
-12800,5634
-12799,5635
-12798,5636
-12797,5637
-12796,5638
-12795,5639
-12794,5640
-12793,5641
-12792,5642
-12791,5643
-12790,5644
-12789,5645
-12788,5646
-12787,5647
-12786,5648
-12785,5649
-12784,5650
-12783,5651
-12782,5652
-12781,5653
-12780,5654
-12779,5655
-12778,5656
-12777,5657
-12776,5658
-12775,5659
-12774,5660
-12773,5661
-12772,5662
-12771,5663
-12770,5664
-12769,5665
-12768,5666
-12767,5667
-12766,5668
-12765,5669
-12764,5670
-12763,5671
-12762,5672
-12761,5673
-12760,5674
-12759,5675
-12758,5676
-12757,5677
-12756,5678
-12755,5679
-12754,5680
-12753,5681
-12752,5682
-12751,5683
-12750,5684
-12749,5685
-12748,5686
-12747,5687
-12746,5688
-12745,5689
-12744,5690
-12743,5691
-12742,5692
-12741,5693
-12740,5694
-12739,5695
-12738,5696
-12737,5697
-12736,5698
-12735,5699
-12734,5700
-12733,5701
-12732,5702
-12731,5703
-12730,5704
-12729,5705
-12728,5706
-12727,5707
-12726,5708
-12725,5709
-12724,5710
-12723,5711
-12722,5712
-12721,5713
-12720,5714
-12719,5715
-12718,5716
-12717,5717
-12716,5718
-12715,5719
-12714,5720
-12713,5721
-12712,5722
-12711,5723
-12710,5724
-12709,5725
-12708,5726
-12707,5727
-12706,5728
-12705,5729
-12704,5730
-12703,5731
-12702,5732
-12701,5733
-12700,5734
-12699,5735
-12698,5736
-12697,5737
-12696,5738
-12695,5739
-12694,5740
-12693,5741
-12692,5742
-12691,5743
-12690,5744
-12689,5745
-12688,5746
-12687,5747
-12686,5748
-12685,5749
-12684,5750
-12683,5751
-12682,5752
-12681,5753
-12680,5754
-12679,5755
-12678,5756
-12677,5757
-12676,5758
-12675,5759
-12674,5760
-12673,5761
-12672,5762
-12671,5763
-12670,5764
-12669,5765
-12668,5766
-12667,5767
-12666,5768
-12665,5769
-12664,5770
-12663,5771
-12662,5772
-12661,5773
-12660,5774
-12659,5775
-12658,5776
-12657,5777
-12656,5778
-12655,5779
-12654,5780
-12653,5781
-12652,5782
-12651,5783
-12650,5784
-12649,5785
-12648,5786
-12647,5787
-12646,5788
-12645,5789
-12644,5790
-12643,5791
-12642,5792
-12641,5793
-12640,5794
-12639,5795
-12638,5796
-12637,5797
-12636,5798
-12635,5799
-12634,5800
-12633,5801
-12632,5802
-12631,5803
-12630,5804
-12629,5805
-12628,5806
-12627,5807
-12626,5808
-12625,5809
-12624,5810
-12623,5811
-12622,5812
-12621,5813
-12620,5814
-12619,5815
-12618,5816
-12617,5817
-12616,5818
-12615,5819
-12614,5820
-12613,5821
-12612,5822
-12611,5823
-12610,5824
-12609,5825
-12608,5826
-12607,5827
-12606,5828
-12605,5829
-12604,5830
-12603,5831
-12602,5832
-12601,5833
-12600,5834
-12599,5835
-12598,5836
-12597,5837
-12596,5838
-12595,5839
-12594,5840
-12593,5841
-12592,5842
-12591,5843
-12590,5844
-12589,5845
-12588,5846
-12587,5847
-12586,5848
-12585,5849
-12584,5850
-12583,5851
-12582,5852
-12581,5853
-12580,5854
-12579,5855
-12578,5856
-12577,5857
-12576,5858
-12575,5859
-12574,5860
-12573,5861
-12572,5862
-12571,5863
-12570,5864
-12569,5865
-12568,5866
-12567,5867
-12566,5868
-12565,5869
-12564,5870
-12563,5871
-12562,5872
-12561,5873
-12560,5874
-12559,5875
-12558,5876
-12557,5877
-12556,5878
-12555,5879
-12554,5880
-12553,5881
-12552,5882
-12551,5883
-12550,5884
-12549,5885
-12548,5886
-12547,5887
-12546,5888
-12545,5889
-12544,5890
-12543,5891
-12542,5892
-12541,5893
-12540,5894
-12539,5895
-12538,5896
-12537,5897
-12536,5898
-12535,5899
-12534,5900
-12533,5901
-12532,5902
-12531,5903
-12530,5904
-12529,5905
-12528,5906
-12527,5907
-12526,5908
-12525,5909
-12524,5910
-12523,5911
-12522,5912
-12521,5913
-12520,5914
-12519,5915
-12518,5916
-12517,5917
-12516,5918
-12515,5919
-12514,5920
-12513,5921
-12512,5922
-12511,5923
-12510,5924
-12509,5925
-12508,5926
-12507,5927
-12506,5928
-12505,5929
-12504,5930
-12503,5931
-12502,5932
-12501,5933
-12500,5934
-12499,5935
-12498,5936
-12497,5937
-12496,5938
-12495,5939
-12494,5940
-12493,5941
-12492,5942
-12491,5943
-12490,5944
-12489,5945
-12488,5946
-12487,5947
-12486,5948
-12485,5949
-12484,5950
-12483,5951
-12482,5952
-12481,5953
-12480,5954
-12479,5955
-12478,5956
-12477,5957
-12476,5958
-12475,5959
-12474,5960
-12473,5961
-12472,5962
-12471,5963
-12470,5964
-12469,5965
-12468,5966
-12467,5967
-12466,5968
-12465,5969
-12464,5970
-12463,5971
-12462,5972
-12461,5973
-12460,5974
-12459,5975
-12458,5976
-12457,5977
-12456,5978
-12455,5979
-12454,5980
-12453,5981
-12452,5982
-12451,5983
-12450,5984
-12449,5985
-12448,5986
-12447,5987
-12446,5988
-12445,5989
-12444,5990
-12443,5991
-12442,5992
-12441,5993
-12440,5994
-12439,5995
-12438,5996
-12437,5997
-12436,5998
-12435,5999
-12434,6000
-12433,6001
-12432,6002
-12431,6003
-12430,6004
-12429,6005
-12428,6006
-12427,6007
-12426,6008
-12425,6009
-12424,6010
-12423,6011
-12422,6012
-12421,6013
-12420,6014
-12419,6015
-12418,6016
-12417,6017
-12416,6018
-12415,6019
-12414,6020
-12413,6021
-12412,6022
-12411,6023
-12410,6024
-12409,6025
-12408,6026
-12407,6027
-12406,6028
-12405,6029
-12404,6030
-12403,6031
-12402,6032
-12401,6033
-12400,6034
-12399,6035
-12398,6036
-12397,6037
-12396,6038
-12395,6039
-12394,6040
-12393,6041
-12392,6042
-12391,6043
-12390,6044
-12389,6045
-12388,6046
-12387,6047
-12386,6048
-12385,6049
-12384,6050
-12383,6051
-12382,6052
-12381,6053
-12380,6054
-12379,6055
-12378,6056
-12377,6057
-12376,6058
-12375,6059
-12374,6060
-12373,6061
-12372,6062
-12371,6063
-12370,6064
-12369,6065
-12368,6066
-12367,6067
-12366,6068
-12365,6069
-12364,6070
-12363,6071
-12362,6072
-12361,6073
-12360,6074
-12359,6075
-12358,6076
-12357,6077
-12356,6078
-12355,6079
-12354,6080
-12353,6081
-12352,6082
-12351,6083
-12350,6084
-12349,6085
-12348,6086
-12347,6087
-12346,6088
-12345,6089
-12344,6090
-12343,6091
-12342,6092
-12341,6093
-12340,6094
-12339,6095
-12338,6096
-12337,6097
-12336,6098
-12335,6099
-12334,6100
-12333,6101
-12332,6102
-12331,6103
-12330,6104
-12329,6105
-12328,6106
-12327,6107
-12326,6108
-12325,6109
-12324,6110
-12323,6111
-12322,6112
-12321,6113
-12320,6114
-12319,6115
-12318,6116
-12317,6117
-12316,6118
-12315,6119
-12314,6120
-12313,6121
-12312,6122
-12311,6123
-12310,6124
-12309,6125
-12308,6126
-12307,6127
-12306,6128
-12305,6129
-12304,6130
-12303,6131
-12302,6132
-12301,6133
-12300,6134
-12299,6135
-12298,6136
-12297,6137
-12296,6138
-12295,6139
-12294,6140
-12293,6141
-12292,6142
-12291,6143
-12290,6144
-12289,6145
-12288,6146
-12287,6147
-12286,6148
-12285,6149
-12284,6150
-12283,6151
-12282,6152
-12281,6153
-12280,6154
-12279,6155
-12278,6156
-12277,6157
-12276,6158
-12275,6159
-12274,6160
-12273,6161
-12272,6162
-12271,6163
-12270,6164
-12269,6165
-12268,6166
-12267,6167
-12266,6168
-12265,6169
-12264,6170
-12263,6171
-12262,6172
-12261,6173
-12260,6174
-12259,6175
-12258,6176
-12257,6177
-12256,6178
-12255,6179
-12254,6180
-12253,6181
-12252,6182
-12251,6183
-12250,6184
-12249,6185
-12248,6186
-12247,6187
-12246,6188
-12245,6189
-12244,6190
-12243,6191
-12242,6192
-12241,6193
-12240,6194
-12239,6195
-12238,6196
-12237,6197
-12236,6198
-12235,6199
-12234,6200
-12233,6201
-12232,6202
-12231,6203
-12230,6204
-12229,6205
-12228,6206
-12227,6207
-12226,6208
-12225,6209
-12224,6210
-12223,6211
-12222,6212
-12221,6213
-12220,6214
-12219,6215
-12218,6216
-12217,6217
-12216,6218
-12215,6219
-12214,6220
-12213,6221
-12212,6222
-12211,6223
-12210,6224
-12209,6225
-12208,6226
-12207,6227
-12206,6228
-12205,6229
-12204,6230
-12203,6231
-12202,6232
-12201,6233
-12200,6234
-12199,6235
-12198,6236
-12197,6237
-12196,6238
-12195,6239
-12194,6240
-12193,6241
-12192,6242
-12191,6243
-12190,6244
-12189,6245
-12188,6246
-12187,6247
-12186,6248
-12185,6249
-12184,6250
-12183,6251
-12182,6252
-12181,6253
-12180,6254
-12179,6255
-12178,6256
-12177,6257
-12176,6258
-12175,6259
-12174,6260
-12173,6261
-12172,6262
-12171,6263
-12170,6264
-12169,6265
-12168,6266
-12167,6267
-12166,6268
-12165,6269
-12164,6270
-12163,6271
-12162,6272
-12161,6273
-12160,6274
-12159,6275
-12158,6276
-12157,6277
-12156,6278
-12155,6279
-12154,6280
-12153,6281
-12152,6282
-12151,6283
-12150,6284
-12149,6285
-12148,6286
-12147,6287
-12146,6288
-12145,6289
-12144,6290
-12143,6291
-12142,6292
-12141,6293
-12140,6294
-12139,6295
-12138,6296
-12137,6297
-12136,6298
-12135,6299
-12134,6300
-12133,6301
-12132,6302
-12131,6303
-12130,6304
-12129,6305
-12128,6306
-12127,6307
-12126,6308
-12125,6309
-12124,6310
-12123,6311
-12122,6312
-12121,6313
-12120,6314
-12119,6315
-12118,6316
-12117,6317
-12116,6318
-12115,6319
-12114,6320
-12113,6321
-12112,6322
-12111,6323
-12110,6324
-12109,6325
-12108,6326
-12107,6327
-12106,6328
-12105,6329
-12104,6330
-12103,6331
-12102,6332
-12101,6333
-12100,6334
-12099,6335
-12098,6336
-12097,6337
-12096,6338
-12095,6339
-12094,6340
-12093,6341
-12092,6342
-12091,6343
-12090,6344
-12089,6345
-12088,6346
-12087,6347
-12086,6348
-12085,6349
-12084,6350
-12083,6351
-12082,6352
-12081,6353
-12080,6354
-12079,6355
-12078,6356
-12077,6357
-12076,6358
-12075,6359
-12074,6360
-12073,6361
-12072,6362
-12071,6363
-12070,6364
-12069,6365
-12068,6366
-12067,6367
-12066,6368
-12065,6369
-12064,6370
-12063,6371
-12062,6372
-12061,6373
-12060,6374
-12059,6375
-12058,6376
-12057,6377
-12056,6378
-12055,6379
-12054,6380
-12053,6381
-12052,6382
-12051,6383
-12050,6384
-12049,6385
-12048,6386
-12047,6387
-12046,6388
-12045,6389
-12044,6390
-12043,6391
-12042,6392
-12041,6393
-12040,6394
-12039,6395
-12038,6396
-12037,6397
-12036,6398
-12035,6399
-12034,6400
-12033,6401
-12032,6402
-12031,6403
-12030,6404
-12029,6405
-12028,6406
-12027,6407
-12026,6408
-12025,6409
-12024,6410
-12023,6411
-12022,6412
-12021,6413
-12020,6414
-12019,6415
-12018,6416
-12017,6417
-12016,6418
-12015,6419
-12014,6420
-12013,6421
-12012,6422
-12011,6423
-12010,6424
-12009,6425
-12008,6426
-12007,6427
-12006,6428
-12005,6429
-12004,6430
-12003,6431
-12002,6432
-12001,6433
-12000,6434
-11999,6435
-11998,6436
-11997,6437
-11996,6438
-11995,6439
-11994,6440
-11993,6441
-11992,6442
-11991,6443
-11990,6444
-11989,6445
-11988,6446
-11987,6447
-11986,6448
-11985,6449
-11984,6450
-11983,6451
-11982,6452
-11981,6453
-11980,6454
-11979,6455
-11978,6456
-11977,6457
-11976,6458
-11975,6459
-11974,6460
-11973,6461
-11972,6462
-11971,6463
-11970,6464
-11969,6465
-11968,6466
-11967,6467
-11966,6468
-11965,6469
-11964,6470
-11963,6471
-11962,6472
-11961,6473
-11960,6474
-11959,6475
-11958,6476
-11957,6477
-11956,6478
-11955,6479
-11954,6480
-11953,6481
-11952,6482
-11951,6483
-11950,6484
-11949,6485
-11948,6486
-11947,6487
-11946,6488
-11945,6489
-11944,6490
-11943,6491
-11942,6492
-11941,6493
-11940,6494
-11939,6495
-11938,6496
-11937,6497
-11936,6498
-11935,6499
-11934,6500
-11933,6501
-11932,6502
-11931,6503
-11930,6504
-11929,6505
-11928,6506
-11927,6507
-11926,6508
-11925,6509
-11924,6510
-11923,6511
-11922,6512
-11921,6513
-11920,6514
-11919,6515
-11918,6516
-11917,6517
-11916,6518
-11915,6519
-11914,6520
-11913,6521
-11912,6522
-11911,6523
-11910,6524
-11909,6525
-11908,6526
-11907,6527
-11906,6528
-11905,6529
-11904,6530
-11903,6531
-11902,6532
-11901,6533
-11900,6534
-11899,6535
-11898,6536
-11897,6537
-11896,6538
-11895,6539
-11894,6540
-11893,6541
-11892,6542
-11891,6543
-11890,6544
-11889,6545
-11888,6546
-11887,6547
-11886,6548
-11885,6549
-11884,6550
-11883,6551
-11882,6552
-11881,6553
-11880,6554
-11879,6555
-11878,6556
-11877,6557
-11876,6558
-11875,6559
-11874,6560
-11873,6561
-11872,6562
-11871,6563
-11870,6564
-11869,6565
-11868,6566
-11867,6567
-11866,6568
-11865,6569
-11864,6570
-11863,6571
-11862,6572
-11861,6573
-11860,6574
-11859,6575
-11858,6576
-11857,6577
-11856,6578
-11855,6579
-11854,6580
-11853,6581
-11852,6582
-11851,6583
-11850,6584
-11849,6585
-11848,6586
-11847,6587
-11846,6588
-11845,6589
-11844,6590
-11843,6591
-11842,6592
-11841,6593
-11840,6594
-11839,6595
-11838,6596
-11837,6597
-11836,6598
-11835,6599
-11834,6600
-11833,6601
-11832,6602
-11831,6603
-11830,6604
-11829,6605
-11828,6606
-11827,6607
-11826,6608
-11825,6609
-11824,6610
-11823,6611
-11822,6612
-11821,6613
-11820,6614
-11819,6615
-11818,6616
-11817,6617
-11816,6618
-11815,6619
-11814,6620
-11813,6621
-11812,6622
-11811,6623
-11810,6624
-11809,6625
-11808,6626
-11807,6627
-11806,6628
-11805,6629
-11804,6630
-11803,6631
-11802,6632
-11801,6633
-11800,6634
-11799,6635
-11798,6636
-11797,6637
-11796,6638
-11795,6639
-11794,6640
-11793,6641
-11792,6642
-11791,6643
-11790,6644
-11789,6645
-11788,6646
-11787,6647
-11786,6648
-11785,6649
-11784,6650
-11783,6651
-11782,6652
-11781,6653
-11780,6654
-11779,6655
-11778,6656
-11777,6657
-11776,6658
-11775,6659
-11774,6660
-11773,6661
-11772,6662
-11771,6663
-11770,6664
-11769,6665
-11768,6666
-11767,6667
-11766,6668
-11765,6669
-11764,6670
-11763,6671
-11762,6672
-11761,6673
-11760,6674
-11759,6675
-11758,6676
-11757,6677
-11756,6678
-11755,6679
-11754,6680
-11753,6681
-11752,6682
-11751,6683
-11750,6684
-11749,6685
-11748,6686
-11747,6687
-11746,6688
-11745,6689
-11744,6690
-11743,6691
-11742,6692
-11741,6693
-11740,6694
-11739,6695
-11738,6696
-11737,6697
-11736,6698
-11735,6699
-11734,6700
-11733,6701
-11732,6702
-11731,6703
-11730,6704
-11729,6705
-11728,6706
-11727,6707
-11726,6708
-11725,6709
-11724,6710
-11723,6711
-11722,6712
-11721,6713
-11720,6714
-11719,6715
-11718,6716
-11717,6717
-11716,6718
-11715,6719
-11714,6720
-11713,6721
-11712,6722
-11711,6723
-11710,6724
-11709,6725
-11708,6726
-11707,6727
-11706,6728
-11705,6729
-11704,6730
-11703,6731
-11702,6732
-11701,6733
-11700,6734
-11699,6735
-11698,6736
-11697,6737
-11696,6738
-11695,6739
-11694,6740
-11693,6741
-11692,6742
-11691,6743
-11690,6744
-11689,6745
-11688,6746
-11687,6747
-11686,6748
-11685,6749
-11684,6750
-11683,6751
-11682,6752
-11681,6753
-11680,6754
-11679,6755
-11678,6756
-11677,6757
-11676,6758
-11675,6759
-11674,6760
-11673,6761
-11672,6762
-11671,6763
-11670,6764
-11669,6765
-11668,6766
-11667,6767
-11666,6768
-11665,6769
-11664,6770
-11663,6771
-11662,6772
-11661,6773
-11660,6774
-11659,6775
-11658,6776
-11657,6777
-11656,6778
-11655,6779
-11654,6780
-11653,6781
-11652,6782
-11651,6783
-11650,6784
-11649,6785
-11648,6786
-11647,6787
-11646,6788
-11645,6789
-11644,6790
-11643,6791
-11642,6792
-11641,6793
-11640,6794
-11639,6795
-11638,6796
-11637,6797
-11636,6798
-11635,6799
-11634,6800
-11633,6801
-11632,6802
-11631,6803
-11630,6804
-11629,6805
-11628,6806
-11627,6807
-11626,6808
-11625,6809
-11624,6810
-11623,6811
-11622,6812
-11621,6813
-11620,6814
-11619,6815
-11618,6816
-11617,6817
-11616,6818
-11615,6819
-11614,6820
-11613,6821
-11612,6822
-11611,6823
-11610,6824
-11609,6825
-11608,6826
-11607,6827
-11606,6828
-11605,6829
-11604,6830
-11603,6831
-11602,6832
-11601,6833
-11600,6834
-11599,6835
-11598,6836
-11597,6837
-11596,6838
-11595,6839
-11594,6840
-11593,6841
-11592,6842
-11591,6843
-11590,6844
-11589,6845
-11588,6846
-11587,6847
-11586,6848
-11585,6849
-11584,6850
-11583,6851
-11582,6852
-11581,6853
-11580,6854
-11579,6855
-11578,6856
-11577,6857
-11576,6858
-11575,6859
-11574,6860
-11573,6861
-11572,6862
-11571,6863
-11570,6864
-11569,6865
-11568,6866
-11567,6867
-11566,6868
-11565,6869
-11564,6870
-11563,6871
-11562,6872
-11561,6873
-11560,6874
-11559,6875
-11558,6876
-11557,6877
-11556,6878
-11555,6879
-11554,6880
-11553,6881
-11552,6882
-11551,6883
-11550,6884
-11549,6885
-11548,6886
-11547,6887
-11546,6888
-11545,6889
-11544,6890
-11543,6891
-11542,6892
-11541,6893
-11540,6894
-11539,6895
-11538,6896
-11537,6897
-11536,6898
-11535,6899
-11534,6900
-11533,6901
-11532,6902
-11531,6903
-11530,6904
-11529,6905
-11528,6906
-11527,6907
-11526,6908
-11525,6909
-11524,6910
-11523,6911
-11522,6912
-11521,6913
-11520,6914
-11519,6915
-11518,6916
-11517,6917
-11516,6918
-11515,6919
-11514,6920
-11513,6921
-11512,6922
-11511,6923
-11510,6924
-11509,6925
-11508,6926
-11507,6927
-11506,6928
-11505,6929
-11504,6930
-11503,6931
-11502,6932
-11501,6933
-11500,6934
-11499,6935
-11498,6936
-11497,6937
-11496,6938
-11495,6939
-11494,6940
-11493,6941
-11492,6942
-11491,6943
-11490,6944
-11489,6945
-11488,6946
-11487,6947
-11486,6948
-11485,6949
-11484,6950
-11483,6951
-11482,6952
-11481,6953
-11480,6954
-11479,6955
-11478,6956
-11477,6957
-11476,6958
-11475,6959
-11474,6960
-11473,6961
-11472,6962
-11471,6963
-11470,6964
-11469,6965
-11468,6966
-11467,6967
-11466,6968
-11465,6969
-11464,6970
-11463,6971
-11462,6972
-11461,6973
-11460,6974
-11459,6975
-11458,6976
-11457,6977
-11456,6978
-11455,6979
-11454,6980
-11453,6981
-11452,6982
-11451,6983
-11450,6984
-11449,6985
-11448,6986
-11447,6987
-11446,6988
-11445,6989
-11444,6990
-11443,6991
-11442,6992
-11441,6993
-11440,6994
-11439,6995
-11438,6996
-11437,6997
-11436,6998
-11435,6999
-11434,7000
-11433,7001
-11432,7002
-11431,7003
-11430,7004
-11429,7005
-11428,7006
-11427,7007
-11426,7008
-11425,7009
-11424,7010
-11423,7011
-11422,7012
-11421,7013
-11420,7014
-11419,7015
-11418,7016
-11417,7017
-11416,7018
-11415,7019
-11414,7020
-11413,7021
-11412,7022
-11411,7023
-11410,7024
-11409,7025
-11408,7026
-11407,7027
-11406,7028
-11405,7029
-11404,7030
-11403,7031
-11402,7032
-11401,7033
-11400,7034
-11399,7035
-11398,7036
-11397,7037
-11396,7038
-11395,7039
-11394,7040
-11393,7041
-11392,7042
-11391,7043
-11390,7044
-11389,7045
-11388,7046
-11387,7047
-11386,7048
-11385,7049
-11384,7050
-11383,7051
-11382,7052
-11381,7053
-11380,7054
-11379,7055
-11378,7056
-11377,7057
-11376,7058
-11375,7059
-11374,7060
-11373,7061
-11372,7062
-11371,7063
-11370,7064
-11369,7065
-11368,7066
-11367,7067
-11366,7068
-11365,7069
-11364,7070
-11363,7071
-11362,7072
-11361,7073
-11360,7074
-11359,7075
-11358,7076
-11357,7077
-11356,7078
-11355,7079
-11354,7080
-11353,7081
-11352,7082
-11351,7083
-11350,7084
-11349,7085
-11348,7086
-11347,7087
-11346,7088
-11345,7089
-11344,7090
-11343,7091
-11342,7092
-11341,7093
-11340,7094
-11339,7095
-11338,7096
-11337,7097
-11336,7098
-11335,7099
-11334,7100
-11333,7101
-11332,7102
-11331,7103
-11330,7104
-11329,7105
-11328,7106
-11327,7107
-11326,7108
-11325,7109
-11324,7110
-11323,7111
-11322,7112
-11321,7113
-11320,7114
-11319,7115
-11318,7116
-11317,7117
-11316,7118
-11315,7119
-11314,7120
-11313,7121
-11312,7122
-11311,7123
-11310,7124
-11309,7125
-11308,7126
-11307,7127
-11306,7128
-11305,7129
-11304,7130
-11303,7131
-11302,7132
-11301,7133
-11300,7134
-11299,7135
-11298,7136
-11297,7137
-11296,7138
-11295,7139
-11294,7140
-11293,7141
-11292,7142
-11291,7143
-11290,7144
-11289,7145
-11288,7146
-11287,7147
-11286,7148
-11285,7149
-11284,7150
-11283,7151
-11282,7152
-11281,7153
-11280,7154
-11279,7155
-11278,7156
-11277,7157
-11276,7158
-11275,7159
-11274,7160
-11273,7161
-11272,7162
-11271,7163
-11270,7164
-11269,7165
-11268,7166
-11267,7167
-11266,7168
-11265,7169
-11264,7170
-11263,7171
-11262,7172
-11261,7173
-11260,7174
-11259,7175
-11258,7176
-11257,7177
-11256,7178
-11255,7179
-11254,7180
-11253,7181
-11252,7182
-11251,7183
-11250,7184
-11249,7185
-11248,7186
-11247,7187
-11246,7188
-11245,7189
-11244,7190
-11243,7191
-11242,7192
-11241,7193
-11240,7194
-11239,7195
-11238,7196
-11237,7197
-11236,7198
-11235,7199
-11234,7200
-11233,7201
-11232,7202
-11231,7203
-11230,7204
-11229,7205
-11228,7206
-11227,7207
-11226,7208
-11225,7209
-11224,7210
-11223,7211
-11222,7212
-11221,7213
-11220,7214
-11219,7215
-11218,7216
-11217,7217
-11216,7218
-11215,7219
-11214,7220
-11213,7221
-11212,7222
-11211,7223
-11210,7224
-11209,7225
-11208,7226
-11207,7227
-11206,7228
-11205,7229
-11204,7230
-11203,7231
-11202,7232
-11201,7233
-11200,7234
-11199,7235
-11198,7236
-11197,7237
-11196,7238
-11195,7239
-11194,7240
-11193,7241
-11192,7242
-11191,7243
-11190,7244
-11189,7245
-11188,7246
-11187,7247
-11186,7248
-11185,7249
-11184,7250
-11183,7251
-11182,7252
-11181,7253
-11180,7254
-11179,7255
-11178,7256
-11177,7257
-11176,7258
-11175,7259
-11174,7260
-11173,7261
-11172,7262
-11171,7263
-11170,7264
-11169,7265
-11168,7266
-11167,7267
-11166,7268
-11165,7269
-11164,7270
-11163,7271
-11162,7272
-11161,7273
-11160,7274
-11159,7275
-11158,7276
-11157,7277
-11156,7278
-11155,7279
-11154,7280
-11153,7281
-11152,7282
-11151,7283
-11150,7284
-11149,7285
-11148,7286
-11147,7287
-11146,7288
-11145,7289
-11144,7290
-11143,7291
-11142,7292
-11141,7293
-11140,7294
-11139,7295
-11138,7296
-11137,7297
-11136,7298
-11135,7299
-11134,7300
-11133,7301
-11132,7302
-11131,7303
-11130,7304
-11129,7305
-11128,7306
-11127,7307
-11126,7308
-11125,7309
-11124,7310
-11123,7311
-11122,7312
-11121,7313
-11120,7314
-11119,7315
-11118,7316
-11117,7317
-11116,7318
-11115,7319
-11114,7320
-11113,7321
-11112,7322
-11111,7323
-11110,7324
-11109,7325
-11108,7326
-11107,7327
-11106,7328
-11105,7329
-11104,7330
-11103,7331
-11102,7332
-11101,7333
-11100,7334
-11099,7335
-11098,7336
-11097,7337
-11096,7338
-11095,7339
-11094,7340
-11093,7341
-11092,7342
-11091,7343
-11090,7344
-11089,7345
-11088,7346
-11087,7347
-11086,7348
-11085,7349
-11084,7350
-11083,7351
-11082,7352
-11081,7353
-11080,7354
-11079,7355
-11078,7356
-11077,7357
-11076,7358
-11075,7359
-11074,7360
-11073,7361
-11072,7362
-11071,7363
-11070,7364
-11069,7365
-11068,7366
-11067,7367
-11066,7368
-11065,7369
-11064,7370
-11063,7371
-11062,7372
-11061,7373
-11060,7374
-11059,7375
-11058,7376
-11057,7377
-11056,7378
-11055,7379
-11054,7380
-11053,7381
-11052,7382
-11051,7383
-11050,7384
-11049,7385
-11048,7386
-11047,7387
-11046,7388
-11045,7389
-11044,7390
-11043,7391
-11042,7392
-11041,7393
-11040,7394
-11039,7395
-11038,7396
-11037,7397
-11036,7398
-11035,7399
-11034,7400
-11033,7401
-11032,7402
-11031,7403
-11030,7404
-11029,7405
-11028,7406
-11027,7407
-11026,7408
-11025,7409
-11024,7410
-11023,7411
-11022,7412
-11021,7413
-11020,7414
-11019,7415
-11018,7416
-11017,7417
-11016,7418
-11015,7419
-11014,7420
-11013,7421
-11012,7422
-11011,7423
-11010,7424
-11009,7425
-11008,7426
-11007,7427
-11006,7428
-11005,7429
-11004,7430
-11003,7431
-11002,7432
-11001,7433
-11000,7434
-10999,7435
-10998,7436
-10997,7437
-10996,7438
-10995,7439
-10994,7440
-10993,7441
-10992,7442
-10991,7443
-10990,7444
-10989,7445
-10988,7446
-10987,7447
-10986,7448
-10985,7449
-10984,7450
-10983,7451
-10982,7452
-10981,7453
-10980,7454
-10979,7455
-10978,7456
-10977,7457
-10976,7458
-10975,7459
-10974,7460
-10973,7461
-10972,7462
-10971,7463
-10970,7464
-10969,7465
-10968,7466
-10967,7467
-10966,7468
-10965,7469
-10964,7470
-10963,7471
-10962,7472
-10961,7473
-10960,7474
-10959,7475
-10958,7476
-10957,7477
-10956,7478
-10955,7479
-10954,7480
-10953,7481
-10952,7482
-10951,7483
-10950,7484
-10949,7485
-10948,7486
-10947,7487
-10946,7488
-10945,7489
-10944,7490
-10943,7491
-10942,7492
-10941,7493
-10940,7494
-10939,7495
-10938,7496
-10937,7497
-10936,7498
-10935,7499
-10934,7500
-10933,7501
-10932,7502
-10931,7503
-10930,7504
-10929,7505
-10928,7506
-10927,7507
-10926,7508
-10925,7509
-10924,7510
-10923,7511
-10922,7512
-10921,7513
-10920,7514
-10919,7515
-10918,7516
-10917,7517
-10916,7518
-10915,7519
-10914,7520
-10913,7521
-10912,7522
-10911,7523
-10910,7524
-10909,7525
-10908,7526
-10907,7527
-10906,7528
-10905,7529
-10904,7530
-10903,7531
-10902,7532
-10901,7533
-10900,7534
-10899,7535
-10898,7536
-10897,7537
-10896,7538
-10895,7539
-10894,7540
-10893,7541
-10892,7542
-10891,7543
-10890,7544
-10889,7545
-10888,7546
-10887,7547
-10886,7548
-10885,7549
-10884,7550
-10883,7551
-10882,7552
-10881,7553
-10880,7554
-10879,7555
-10878,7556
-10877,7557
-10876,7558
-10875,7559
-10874,7560
-10873,7561
-10872,7562
-10871,7563
-10870,7564
-10869,7565
-10868,7566
-10867,7567
-10866,7568
-10865,7569
-10864,7570
-10863,7571
-10862,7572
-10861,7573
-10860,7574
-10859,7575
-10858,7576
-10857,7577
-10856,7578
-10855,7579
-10854,7580
-10853,7581
-10852,7582
-10851,7583
-10850,7584
-10849,7585
-10848,7586
-10847,7587
-10846,7588
-10845,7589
-10844,7590
-10843,7591
-10842,7592
-10841,7593
-10840,7594
-10839,7595
-10838,7596
-10837,7597
-10836,7598
-10835,7599
-10834,7600
-10833,7601
-10832,7602
-10831,7603
-10830,7604
-10829,7605
-10828,7606
-10827,7607
-10826,7608
-10825,7609
-10824,7610
-10823,7611
-10822,7612
-10821,7613
-10820,7614
-10819,7615
-10818,7616
-10817,7617
-10816,7618
-10815,7619
-10814,7620
-10813,7621
-10812,7622
-10811,7623
-10810,7624
-10809,7625
-10808,7626
-10807,7627
-10806,7628
-10805,7629
-10804,7630
-10803,7631
-10802,7632
-10801,7633
-10800,7634
-10799,7635
-10798,7636
-10797,7637
-10796,7638
-10795,7639
-10794,7640
-10793,7641
-10792,7642
-10791,7643
-10790,7644
-10789,7645
-10788,7646
-10787,7647
-10786,7648
-10785,7649
-10784,7650
-10783,7651
-10782,7652
-10781,7653
-10780,7654
-10779,7655
-10778,7656
-10777,7657
-10776,7658
-10775,7659
-10774,7660
-10773,7661
-10772,7662
-10771,7663
-10770,7664
-10769,7665
-10768,7666
-10767,7667
-10766,7668
-10765,7669
-10764,7670
-10763,7671
-10762,7672
-10761,7673
-10760,7674
-10759,7675
-10758,7676
-10757,7677
-10756,7678
-10755,7679
-10754,7680
-10753,7681
-10752,7682
-10751,7683
-10750,7684
-10749,7685
-10748,7686
-10747,7687
-10746,7688
-10745,7689
-10744,7690
-10743,7691
-10742,7692
-10741,7693
-10740,7694
-10739,7695
-10738,7696
-10737,7697
-10736,7698
-10735,7699
-10734,7700
-10733,7701
-10732,7702
-10731,7703
-10730,7704
-10729,7705
-10728,7706
-10727,7707
-10726,7708
-10725,7709
-10724,7710
-10723,7711
-10722,7712
-10721,7713
-10720,7714
-10719,7715
-10718,7716
-10717,7717
-10716,7718
-10715,7719
-10714,7720
-10713,7721
-10712,7722
-10711,7723
-10710,7724
-10709,7725
-10708,7726
-10707,7727
-10706,7728
-10705,7729
-10704,7730
-10703,7731
-10702,7732
-10701,7733
-10700,7734
-10699,7735
-10698,7736
-10697,7737
-10696,7738
-10695,7739
-10694,7740
-10693,7741
-10692,7742
-10691,7743
-10690,7744
-10689,7745
-10688,7746
-10687,7747
-10686,7748
-10685,7749
-10684,7750
-10683,7751
-10682,7752
-10681,7753
-10680,7754
-10679,7755
-10678,7756
-10677,7757
-10676,7758
-10675,7759
-10674,7760
-10673,7761
-10672,7762
-10671,7763
-10670,7764
-10669,7765
-10668,7766
-10667,7767
-10666,7768
-10665,7769
-10664,7770
-10663,7771
-10662,7772
-10661,7773
-10660,7774
-10659,7775
-10658,7776
-10657,7777
-10656,7778
-10655,7779
-10654,7780
-10653,7781
-10652,7782
-10651,7783
-10650,7784
-10649,7785
-10648,7786
-10647,7787
-10646,7788
-10645,7789
-10644,7790
-10643,7791
-10642,7792
-10641,7793
-10640,7794
-10639,7795
-10638,7796
-10637,7797
-10636,7798
-10635,7799
-10634,7800
-10633,7801
-10632,7802
-10631,7803
-10630,7804
-10629,7805
-10628,7806
-10627,7807
-10626,7808
-10625,7809
-10624,7810
-10623,7811
-10622,7812
-10621,7813
-10620,7814
-10619,7815
-10618,7816
-10617,7817
-10616,7818
-10615,7819
-10614,7820
-10613,7821
-10612,7822
-10611,7823
-10610,7824
-10609,7825
-10608,7826
-10607,7827
-10606,7828
-10605,7829
-10604,7830
-10603,7831
-10602,7832
-10601,7833
-10600,7834
-10599,7835
-10598,7836
-10597,7837
-10596,7838
-10595,7839
-10594,7840
-10593,7841
-10592,7842
-10591,7843
-10590,7844
-10589,7845
-10588,7846
-10587,7847
-10586,7848
-10585,7849
-10584,7850
-10583,7851
-10582,7852
-10581,7853
-10580,7854
-10579,7855
-10578,7856
-10577,7857
-10576,7858
-10575,7859
-10574,7860
-10573,7861
-10572,7862
-10571,7863
-10570,7864
-10569,7865
-10568,7866
-10567,7867
-10566,7868
-10565,7869
-10564,7870
-10563,7871
-10562,7872
-10561,7873
-10560,7874
-10559,7875
-10558,7876
-10557,7877
-10556,7878
-10555,7879
-10554,7880
-10553,7881
-10552,7882
-10551,7883
-10550,7884
-10549,7885
-10548,7886
-10547,7887
-10546,7888
-10545,7889
-10544,7890
-10543,7891
-10542,7892
-10541,7893
-10540,7894
-10539,7895
-10538,7896
-10537,7897
-10536,7898
-10535,7899
-10534,7900
-10533,7901
-10532,7902
-10531,7903
-10530,7904
-10529,7905
-10528,7906
-10527,7907
-10526,7908
-10525,7909
-10524,7910
-10523,7911
-10522,7912
-10521,7913
-10520,7914
-10519,7915
-10518,7916
-10517,7917
-10516,7918
-10515,7919
-10514,7920
-10513,7921
-10512,7922
-10511,7923
-10510,7924
-10509,7925
-10508,7926
-10507,7927
-10506,7928
-10505,7929
-10504,7930
-10503,7931
-10502,7932
-10501,7933
-10500,7934
-10499,7935
-10498,7936
-10497,7937
-10496,7938
-10495,7939
-10494,7940
-10493,7941
-10492,7942
-10491,7943
-10490,7944
-10489,7945
-10488,7946
-10487,7947
-10486,7948
-10485,7949
-10484,7950
-10483,7951
-10482,7952
-10481,7953
-10480,7954
-10479,7955
-10478,7956
-10477,7957
-10476,7958
-10475,7959
-10474,7960
-10473,7961
-10472,7962
-10471,7963
-10470,7964
-10469,7965
-10468,7966
-10467,7967
-10466,7968
-10465,7969
-10464,7970
-10463,7971
-10462,7972
-10461,7973
-10460,7974
-10459,7975
-10458,7976
-10457,7977
-10456,7978
-10455,7979
-10454,7980
-10453,7981
-10452,7982
-10451,7983
-10450,7984
-10449,7985
-10448,7986
-10447,7987
-10446,7988
-10445,7989
-10444,7990
-10443,7991
-10442,7992
-10441,7993
-10440,7994
-10439,7995
-10438,7996
-10437,7997
-10436,7998
-10435,7999
-10434,8000
-10433,8001
-10432,8002
-10431,8003
-10430,8004
-10429,8005
-10428,8006
-10427,8007
-10426,8008
-10425,8009
-10424,8010
-10423,8011
-10422,8012
-10421,8013
-10420,8014
-10419,8015
-10418,8016
-10417,8017
-10416,8018
-10415,8019
-10414,8020
-10413,8021
-10412,8022
-10411,8023
-10410,8024
-10409,8025
-10408,8026
-10407,8027
-10406,8028
-10405,8029
-10404,8030
-10403,8031
-10402,8032
-10401,8033
-10400,8034
-10399,8035
-10398,8036
-10397,8037
-10396,8038
-10395,8039
-10394,8040
-10393,8041
-10392,8042
-10391,8043
-10390,8044
-10389,8045
-10388,8046
-10387,8047
-10386,8048
-10385,8049
-10384,8050
-10383,8051
-10382,8052
-10381,8053
-10380,8054
-10379,8055
-10378,8056
-10377,8057
-10376,8058
-10375,8059
-10374,8060
-10373,8061
-10372,8062
-10371,8063
-10370,8064
-10369,8065
-10368,8066
-10367,8067
-10366,8068
-10365,8069
-10364,8070
-10363,8071
-10362,8072
-10361,8073
-10360,8074
-10359,8075
-10358,8076
-10357,8077
-10356,8078
-10355,8079
-10354,8080
-10353,8081
-10352,8082
-10351,8083
-10350,8084
-10349,8085
-10348,8086
-10347,8087
-10346,8088
-10345,8089
-10344,8090
-10343,8091
-10342,8092
-10341,8093
-10340,8094
-10339,8095
-10338,8096
-10337,8097
-10336,8098
-10335,8099
-10334,8100
-10333,8101
-10332,8102
-10331,8103
-10330,8104
-10329,8105
-10328,8106
-10327,8107
-10326,8108
-10325,8109
-10324,8110
-10323,8111
-10322,8112
-10321,8113
-10320,8114
-10319,8115
-10318,8116
-10317,8117
-10316,8118
-10315,8119
-10314,8120
-10313,8121
-10312,8122
-10311,8123
-10310,8124
-10309,8125
-10308,8126
-10307,8127
-10306,8128
-10305,8129
-10304,8130
-10303,8131
-10302,8132
-10301,8133
-10300,8134
-10299,8135
-10298,8136
-10297,8137
-10296,8138
-10295,8139
-10294,8140
-10293,8141
-10292,8142
-10291,8143
-10290,8144
-10289,8145
-10288,8146
-10287,8147
-10286,8148
-10285,8149
-10284,8150
-10283,8151
-10282,8152
-10281,8153
-10280,8154
-10279,8155
-10278,8156
-10277,8157
-10276,8158
-10275,8159
-10274,8160
-10273,8161
-10272,8162
-10271,8163
-10270,8164
-10269,8165
-10268,8166
-10267,8167
-10266,8168
-10265,8169
-10264,8170
-10263,8171
-10262,8172
-10261,8173
-10260,8174
-10259,8175
-10258,8176
-10257,8177
-10256,8178
-10255,8179
-10254,8180
-10253,8181
-10252,8182
-10251,8183
-10250,8184
-10249,8185
-10248,8186
-10247,8187
-10246,8188
-10245,8189
-10244,8190
-10243,8191
-10242,8192
-10241,8193
-10240,8194
-10239,8195
-10238,8196
-10237,8197
-10236,8198
-10235,8199
-10234,8200
-10233,8201
-10232,8202
-10231,8203
-10230,8204
-10229,8205
-10228,8206
-10227,8207
-10226,8208
-10225,8209
-10224,8210
-10223,8211
-10222,8212
-10221,8213
-10220,8214
-10219,8215
-10218,8216
-10217,8217
-10216,8218
-10215,8219
-10214,8220
-10213,8221
-10212,8222
-10211,8223
-10210,8224
-10209,8225
-10208,8226
-10207,8227
-10206,8228
-10205,8229
-10204,8230
-10203,8231
-10202,8232
-10201,8233
-10200,8234
-10199,8235
-10198,8236
-10197,8237
-10196,8238
-10195,8239
-10194,8240
-10193,8241
-10192,8242
-10191,8243
-10190,8244
-10189,8245
-10188,8246
-10187,8247
-10186,8248
-10185,8249
-10184,8250
-10183,8251
-10182,8252
-10181,8253
-10180,8254
-10179,8255
-10178,8256
-10177,8257
-10176,8258
-10175,8259
-10174,8260
-10173,8261
-10172,8262
-10171,8263
-10170,8264
-10169,8265
-10168,8266
-10167,8267
-10166,8268
-10165,8269
-10164,8270
-10163,8271
-10162,8272
-10161,8273
-10160,8274
-10159,8275
-10158,8276
-10157,8277
-10156,8278
-10155,8279
-10154,8280
-10153,8281
-10152,8282
-10151,8283
-10150,8284
-10149,8285
-10148,8286
-10147,8287
-10146,8288
-10145,8289
-10144,8290
-10143,8291
-10142,8292
-10141,8293
-10140,8294
-10139,8295
-10138,8296
-10137,8297
-10136,8298
-10135,8299
-10134,8300
-10133,8301
-10132,8302
-10131,8303
-10130,8304
-10129,8305
-10128,8306
-10127,8307
-10126,8308
-10125,8309
-10124,8310
-10123,8311
-10122,8312
-10121,8313
-10120,8314
-10119,8315
-10118,8316
-10117,8317
-10116,8318
-10115,8319
-10114,8320
-10113,8321
-10112,8322
-10111,8323
-10110,8324
-10109,8325
-10108,8326
-10107,8327
-10106,8328
-10105,8329
-10104,8330
-10103,8331
-10102,8332
-10101,8333
-10100,8334
-10099,8335
-10098,8336
-10097,8337
-10096,8338
-10095,8339
-10094,8340
-10093,8341
-10092,8342
-10091,8343
-10090,8344
-10089,8345
-10088,8346
-10087,8347
-10086,8348
-10085,8349
-10084,8350
-10083,8351
-10082,8352
-10081,8353
-10080,8354
-10079,8355
-10078,8356
-10077,8357
-10076,8358
-10075,8359
-10074,8360
-10073,8361
-10072,8362
-10071,8363
-10070,8364
-10069,8365
-10068,8366
-10067,8367
-10066,8368
-10065,8369
-10064,8370
-10063,8371
-10062,8372
-10061,8373
-10060,8374
-10059,8375
-10058,8376
-10057,8377
-10056,8378
-10055,8379
-10054,8380
-10053,8381
-10052,8382
-10051,8383
-10050,8384
-10049,8385
-10048,8386
-10047,8387
-10046,8388
-10045,8389
-10044,8390
-10043,8391
-10042,8392
-10041,8393
-10040,8394
-10039,8395
-10038,8396
-10037,8397
-10036,8398
-10035,8399
-10034,8400
-10033,8401
-10032,8402
-10031,8403
-10030,8404
-10029,8405
-10028,8406
-10027,8407
-10026,8408
-10025,8409
-10024,8410
-10023,8411
-10022,8412
-10021,8413
-10020,8414
-10019,8415
-10018,8416
-10017,8417
-10016,8418
-10015,8419
-10014,8420
-10013,8421
-10012,8422
-10011,8423
-10010,8424
-10009,8425
-10008,8426
-10007,8427
-10006,8428
-10005,8429
-10004,8430
-10003,8431
-10002,8432
-10001,8433
-10000,8434
-9999,8435
-9998,8436
-9997,8437
-9996,8438
-9995,8439
-9994,8440
-9993,8441
-9992,8442
-9991,8443
-9990,8444
-9989,8445
-9988,8446
-9987,8447
-9986,8448
-9985,8449
-9984,8450
-9983,8451
-9982,8452
-9981,8453
-9980,8454
-9979,8455
-9978,8456
-9977,8457
-9976,8458
-9975,8459
-9974,8460
-9973,8461
-9972,8462
-9971,8463
-9970,8464
-9969,8465
-9968,8466
-9967,8467
-9966,8468
-9965,8469
-9964,8470
-9963,8471
-9962,8472
-9961,8473
-9960,8474
-9959,8475
-9958,8476
-9957,8477
-9956,8478
-9955,8479
-9954,8480
-9953,8481
-9952,8482
-9951,8483
-9950,8484
-9949,8485
-9948,8486
-9947,8487
-9946,8488
-9945,8489
-9944,8490
-9943,8491
-9942,8492
-9941,8493
-9940,8494
-9939,8495
-9938,8496
-9937,8497
-9936,8498
-9935,8499
-9934,8500
-9933,8501
-9932,8502
-9931,8503
-9930,8504
-9929,8505
-9928,8506
-9927,8507
-9926,8508
-9925,8509
-9924,8510
-9923,8511
-9922,8512
-9921,8513
-9920,8514
-9919,8515
-9918,8516
-9917,8517
-9916,8518
-9915,8519
-9914,8520
-9913,8521
-9912,8522
-9911,8523
-9910,8524
-9909,8525
-9908,8526
-9907,8527
-9906,8528
-9905,8529
-9904,8530
-9903,8531
-9902,8532
-9901,8533
-9900,8534
-9899,8535
-9898,8536
-9897,8537
-9896,8538
-9895,8539
-9894,8540
-9893,8541
-9892,8542
-9891,8543
-9890,8544
-9889,8545
-9888,8546
-9887,8547
-9886,8548
-9885,8549
-9884,8550
-9883,8551
-9882,8552
-9881,8553
-9880,8554
-9879,8555
-9878,8556
-9877,8557
-9876,8558
-9875,8559
-9874,8560
-9873,8561
-9872,8562
-9871,8563
-9870,8564
-9869,8565
-9868,8566
-9867,8567
-9866,8568
-9865,8569
-9864,8570
-9863,8571
-9862,8572
-9861,8573
-9860,8574
-9859,8575
-9858,8576
-9857,8577
-9856,8578
-9855,8579
-9854,8580
-9853,8581
-9852,8582
-9851,8583
-9850,8584
-9849,8585
-9848,8586
-9847,8587
-9846,8588
-9845,8589
-9844,8590
-9843,8591
-9842,8592
-9841,8593
-9840,8594
-9839,8595
-9838,8596
-9837,8597
-9836,8598
-9835,8599
-9834,8600
-9833,8601
-9832,8602
-9831,8603
-9830,8604
-9829,8605
-9828,8606
-9827,8607
-9826,8608
-9825,8609
-9824,8610
-9823,8611
-9822,8612
-9821,8613
-9820,8614
-9819,8615
-9818,8616
-9817,8617
-9816,8618
-9815,8619
-9814,8620
-9813,8621
-9812,8622
-9811,8623
-9810,8624
-9809,8625
-9808,8626
-9807,8627
-9806,8628
-9805,8629
-9804,8630
-9803,8631
-9802,8632
-9801,8633
-9800,8634
-9799,8635
-9798,8636
-9797,8637
-9796,8638
-9795,8639
-9794,8640
-9793,8641
-9792,8642
-9791,8643
-9790,8644
-9789,8645
-9788,8646
-9787,8647
-9786,8648
-9785,8649
-9784,8650
-9783,8651
-9782,8652
-9781,8653
-9780,8654
-9779,8655
-9778,8656
-9777,8657
-9776,8658
-9775,8659
-9774,8660
-9773,8661
-9772,8662
-9771,8663
-9770,8664
-9769,8665
-9768,8666
-9767,8667
-9766,8668
-9765,8669
-9764,8670
-9763,8671
-9762,8672
-9761,8673
-9760,8674
-9759,8675
-9758,8676
-9757,8677
-9756,8678
-9755,8679
-9754,8680
-9753,8681
-9752,8682
-9751,8683
-9750,8684
-9749,8685
-9748,8686
-9747,8687
-9746,8688
-9745,8689
-9744,8690
-9743,8691
-9742,8692
-9741,8693
-9740,8694
-9739,8695
-9738,8696
-9737,8697
-9736,8698
-9735,8699
-9734,8700
-9733,8701
-9732,8702
-9731,8703
-9730,8704
-9729,8705
-9728,8706
-9727,8707
-9726,8708
-9725,8709
-9724,8710
-9723,8711
-9722,8712
-9721,8713
-9720,8714
-9719,8715
-9718,8716
-9717,8717
-9716,8718
-9715,8719
-9714,8720
-9713,8721
-9712,8722
-9711,8723
-9710,8724
-9709,8725
-9708,8726
-9707,8727
-9706,8728
-9705,8729
-9704,8730
-9703,8731
-9702,8732
-9701,8733
-9700,8734
-9699,8735
-9698,8736
-9697,8737
-9696,8738
-9695,8739
-9694,8740
-9693,8741
-9692,8742
-9691,8743
-9690,8744
-9689,8745
-9688,8746
-9687,8747
-9686,8748
-9685,8749
-9684,8750
-9683,8751
-9682,8752
-9681,8753
-9680,8754
-9679,8755
-9678,8756
-9677,8757
-9676,8758
-9675,8759
-9674,8760
-9673,8761
-9672,8762
-9671,8763
-9670,8764
-9669,8765
-9668,8766
-9667,8767
-9666,8768
-9665,8769
-9664,8770
-9663,8771
-9662,8772
-9661,8773
-9660,8774
-9659,8775
-9658,8776
-9657,8777
-9656,8778
-9655,8779
-9654,8780
-9653,8781
-9652,8782
-9651,8783
-9650,8784
-9649,8785
-9648,8786
-9647,8787
-9646,8788
-9645,8789
-9644,8790
-9643,8791
-9642,8792
-9641,8793
-9640,8794
-9639,8795
-9638,8796
-9637,8797
-9636,8798
-9635,8799
-9634,8800
-9633,8801
-9632,8802
-9631,8803
-9630,8804
-9629,8805
-9628,8806
-9627,8807
-9626,8808
-9625,8809
-9624,8810
-9623,8811
-9622,8812
-9621,8813
-9620,8814
-9619,8815
-9618,8816
-9617,8817
-9616,8818
-9615,8819
-9614,8820
-9613,8821
-9612,8822
-9611,8823
-9610,8824
-9609,8825
-9608,8826
-9607,8827
-9606,8828
-9605,8829
-9604,8830
-9603,8831
-9602,8832
-9601,8833
-9600,8834
-9599,8835
-9598,8836
-9597,8837
-9596,8838
-9595,8839
-9594,8840
-9593,8841
-9592,8842
-9591,8843
-9590,8844
-9589,8845
-9588,8846
-9587,8847
-9586,8848
-9585,8849
-9584,8850
-9583,8851
-9582,8852
-9581,8853
-9580,8854
-9579,8855
-9578,8856
-9577,8857
-9576,8858
-9575,8859
-9574,8860
-9573,8861
-9572,8862
-9571,8863
-9570,8864
-9569,8865
-9568,8866
-9567,8867
-9566,8868
-9565,8869
-9564,8870
-9563,8871
-9562,8872
-9561,8873
-9560,8874
-9559,8875
-9558,8876
-9557,8877
-9556,8878
-9555,8879
-9554,8880
-9553,8881
-9552,8882
-9551,8883
-9550,8884
-9549,8885
-9548,8886
-9547,8887
-9546,8888
-9545,8889
-9544,8890
-9543,8891
-9542,8892
-9541,8893
-9540,8894
-9539,8895
-9538,8896
-9537,8897
-9536,8898
-9535,8899
-9534,8900
-9533,8901
-9532,8902
-9531,8903
-9530,8904
-9529,8905
-9528,8906
-9527,8907
-9526,8908
-9525,8909
-9524,8910
-9523,8911
-9522,8912
-9521,8913
-9520,8914
-9519,8915
-9518,8916
-9517,8917
-9516,8918
-9515,8919
-9514,8920
-9513,8921
-9512,8922
-9511,8923
-9510,8924
-9509,8925
-9508,8926
-9507,8927
-9506,8928
-9505,8929
-9504,8930
-9503,8931
-9502,8932
-9501,8933
-9500,8934
-9499,8935
-9498,8936
-9497,8937
-9496,8938
-9495,8939
-9494,8940
-9493,8941
-9492,8942
-9491,8943
-9490,8944
-9489,8945
-9488,8946
-9487,8947
-9486,8948
-9485,8949
-9484,8950
-9483,8951
-9482,8952
-9481,8953
-9480,8954
-9479,8955
-9478,8956
-9477,8957
-9476,8958
-9475,8959
-9474,8960
-9473,8961
-9472,8962
-9471,8963
-9470,8964
-9469,8965
-9468,8966
-9467,8967
-9466,8968
-9465,8969
-9464,8970
-9463,8971
-9462,8972
-9461,8973
-9460,8974
-9459,8975
-9458,8976
-9457,8977
-9456,8978
-9455,8979
-9454,8980
-9453,8981
-9452,8982
-9451,8983
-9450,8984
-9449,8985
-9448,8986
-9447,8987
-9446,8988
-9445,8989
-9444,8990
-9443,8991
-9442,8992
-9441,8993
-9440,8994
-9439,8995
-9438,8996
-9437,8997
-9436,8998
-9435,8999
-9434,9000
-9433,9001
-9432,9002
-9431,9003
-9430,9004
-9429,9005
-9428,9006
-9427,9007
-9426,9008
-9425,9009
-9424,9010
-9423,9011
-9422,9012
-9421,9013
-9420,9014
-9419,9015
-9418,9016
-9417,9017
-9416,9018
-9415,9019
-9414,9020
-9413,9021
-9412,9022
-9411,9023
-9410,9024
-9409,9025
-9408,9026
-9407,9027
-9406,9028
-9405,9029
-9404,9030
-9403,9031
-9402,9032
-9401,9033
-9400,9034
-9399,9035
-9398,9036
-9397,9037
-9396,9038
-9395,9039
-9394,9040
-9393,9041
-9392,9042
-9391,9043
-9390,9044
-9389,9045
-9388,9046
-9387,9047
-9386,9048
-9385,9049
-9384,9050
-9383,9051
-9382,9052
-9381,9053
-9380,9054
-9379,9055
-9378,9056
-9377,9057
-9376,9058
-9375,9059
-9374,9060
-9373,9061
-9372,9062
-9371,9063
-9370,9064
-9369,9065
-9368,9066
-9367,9067
-9366,9068
-9365,9069
-9364,9070
-9363,9071
-9362,9072
-9361,9073
-9360,9074
-9359,9075
-9358,9076
-9357,9077
-9356,9078
-9355,9079
-9354,9080
-9353,9081
-9352,9082
-9351,9083
-9350,9084
-9349,9085
-9348,9086
-9347,9087
-9346,9088
-9345,9089
-9344,9090
-9343,9091
-9342,9092
-9341,9093
-9340,9094
-9339,9095
-9338,9096
-9337,9097
-9336,9098
-9335,9099
-9334,9100
-9333,9101
-9332,9102
-9331,9103
-9330,9104
-9329,9105
-9328,9106
-9327,9107
-9326,9108
-9325,9109
-9324,9110
-9323,9111
-9322,9112
-9321,9113
-9320,9114
-9319,9115
-9318,9116
-9317,9117
-9316,9118
-9315,9119
-9314,9120
-9313,9121
-9312,9122
-9311,9123
-9310,9124
-9309,9125
-9308,9126
-9307,9127
-9306,9128
-9305,9129
-9304,9130
-9303,9131
-9302,9132
-9301,9133
-9300,9134
-9299,9135
-9298,9136
-9297,9137
-9296,9138
-9295,9139
-9294,9140
-9293,9141
-9292,9142
-9291,9143
-9290,9144
-9289,9145
-9288,9146
-9287,9147
-9286,9148
-9285,9149
-9284,9150
-9283,9151
-9282,9152
-9281,9153
-9280,9154
-9279,9155
-9278,9156
-9277,9157
-9276,9158
-9275,9159
-9274,9160
-9273,9161
-9272,9162
-9271,9163
-9270,9164
-9269,9165
-9268,9166
-9267,9167
-9266,9168
-9265,9169
-9264,9170
-9263,9171
-9262,9172
-9261,9173
-9260,9174
-9259,9175
-9258,9176
-9257,9177
-9256,9178
-9255,9179
-9254,9180
-9253,9181
-9252,9182
-9251,9183
-9250,9184
-9249,9185
-9248,9186
-9247,9187
-9246,9188
-9245,9189
-9244,9190
-9243,9191
-9242,9192
-9241,9193
-9240,9194
-9239,9195
-9238,9196
-9237,9197
-9236,9198
-9235,9199
-9234,9200
-9233,9201
-9232,9202
-9231,9203
-9230,9204
-9229,9205
-9228,9206
-9227,9207
-9226,9208
-9225,9209
-9224,9210
-9223,9211
-9222,9212
-9221,9213
-9220,9214
-9219,9215
-9218,9216
-9217,9217
-9216,9218
-9215,9219
-9214,9220
-9213,9221
-9212,9222
-9211,9223
-9210,9224
-9209,9225
-9208,9226
-9207,9227
-9206,9228
-9205,9229
-9204,9230
-9203,9231
-9202,9232
-9201,9233
-9200,9234
-9199,9235
-9198,9236
-9197,9237
-9196,9238
-9195,9239
-9194,9240
-9193,9241
-9192,9242
-9191,9243
-9190,9244
-9189,9245
-9188,9246
-9187,9247
-9186,9248
-9185,9249
-9184,9250
-9183,9251
-9182,9252
-9181,9253
-9180,9254
-9179,9255
-9178,9256
-9177,9257
-9176,9258
-9175,9259
-9174,9260
-9173,9261
-9172,9262
-9171,9263
-9170,9264
-9169,9265
-9168,9266
-9167,9267
-9166,9268
-9165,9269
-9164,9270
-9163,9271
-9162,9272
-9161,9273
-9160,9274
-9159,9275
-9158,9276
-9157,9277
-9156,9278
-9155,9279
-9154,9280
-9153,9281
-9152,9282
-9151,9283
-9150,9284
-9149,9285
-9148,9286
-9147,9287
-9146,9288
-9145,9289
-9144,9290
-9143,9291
-9142,9292
-9141,9293
-9140,9294
-9139,9295
-9138,9296
-9137,9297
-9136,9298
-9135,9299
-9134,9300
-9133,9301
-9132,9302
-9131,9303
-9130,9304
-9129,9305
-9128,9306
-9127,9307
-9126,9308
-9125,9309
-9124,9310
-9123,9311
-9122,9312
-9121,9313
-9120,9314
-9119,9315
-9118,9316
-9117,9317
-9116,9318
-9115,9319
-9114,9320
-9113,9321
-9112,9322
-9111,9323
-9110,9324
-9109,9325
-9108,9326
-9107,9327
-9106,9328
-9105,9329
-9104,9330
-9103,9331
-9102,9332
-9101,9333
-9100,9334
-9099,9335
-9098,9336
-9097,9337
-9096,9338
-9095,9339
-9094,9340
-9093,9341
-9092,9342
-9091,9343
-9090,9344
-9089,9345
-9088,9346
-9087,9347
-9086,9348
-9085,9349
-9084,9350
-9083,9351
-9082,9352
-9081,9353
-9080,9354
-9079,9355
-9078,9356
-9077,9357
-9076,9358
-9075,9359
-9074,9360
-9073,9361
-9072,9362
-9071,9363
-9070,9364
-9069,9365
-9068,9366
-9067,9367
-9066,9368
-9065,9369
-9064,9370
-9063,9371
-9062,9372
-9061,9373
-9060,9374
-9059,9375
-9058,9376
-9057,9377
-9056,9378
-9055,9379
-9054,9380
-9053,9381
-9052,9382
-9051,9383
-9050,9384
-9049,9385
-9048,9386
-9047,9387
-9046,9388
-9045,9389
-9044,9390
-9043,9391
-9042,9392
-9041,9393
-9040,9394
-9039,9395
-9038,9396
-9037,9397
-9036,9398
-9035,9399
-9034,9400
-9033,9401
-9032,9402
-9031,9403
-9030,9404
-9029,9405
-9028,9406
-9027,9407
-9026,9408
-9025,9409
-9024,9410
-9023,9411
-9022,9412
-9021,9413
-9020,9414
-9019,9415
-9018,9416
-9017,9417
-9016,9418
-9015,9419
-9014,9420
-9013,9421
-9012,9422
-9011,9423
-9010,9424
-9009,9425
-9008,9426
-9007,9427
-9006,9428
-9005,9429
-9004,9430
-9003,9431
-9002,9432
-9001,9433
-9000,9434
-8999,9435
-8998,9436
-8997,9437
-8996,9438
-8995,9439
-8994,9440
-8993,9441
-8992,9442
-8991,9443
-8990,9444
-8989,9445
-8988,9446
-8987,9447
-8986,9448
-8985,9449
-8984,9450
-8983,9451
-8982,9452
-8981,9453
-8980,9454
-8979,9455
-8978,9456
-8977,9457
-8976,9458
-8975,9459
-8974,9460
-8973,9461
-8972,9462
-8971,9463
-8970,9464
-8969,9465
-8968,9466
-8967,9467
-8966,9468
-8965,9469
-8964,9470
-8963,9471
-8962,9472
-8961,9473
-8960,9474
-8959,9475
-8958,9476
-8957,9477
-8956,9478
-8955,9479
-8954,9480
-8953,9481
-8952,9482
-8951,9483
-8950,9484
-8949,9485
-8948,9486
-8947,9487
-8946,9488
-8945,9489
-8944,9490
-8943,9491
-8942,9492
-8941,9493
-8940,9494
-8939,9495
-8938,9496
-8937,9497
-8936,9498
-8935,9499
-8934,9500
-8933,9501
-8932,9502
-8931,9503
-8930,9504
-8929,9505
-8928,9506
-8927,9507
-8926,9508
-8925,9509
-8924,9510
-8923,9511
-8922,9512
-8921,9513
-8920,9514
-8919,9515
-8918,9516
-8917,9517
-8916,9518
-8915,9519
-8914,9520
-8913,9521
-8912,9522
-8911,9523
-8910,9524
-8909,9525
-8908,9526
-8907,9527
-8906,9528
-8905,9529
-8904,9530
-8903,9531
-8902,9532
-8901,9533
-8900,9534
-8899,9535
-8898,9536
-8897,9537
-8896,9538
-8895,9539
-8894,9540
-8893,9541
-8892,9542
-8891,9543
-8890,9544
-8889,9545
-8888,9546
-8887,9547
-8886,9548
-8885,9549
-8884,9550
-8883,9551
-8882,9552
-8881,9553
-8880,9554
-8879,9555
-8878,9556
-8877,9557
-8876,9558
-8875,9559
-8874,9560
-8873,9561
-8872,9562
-8871,9563
-8870,9564
-8869,9565
-8868,9566
-8867,9567
-8866,9568
-8865,9569
-8864,9570
-8863,9571
-8862,9572
-8861,9573
-8860,9574
-8859,9575
-8858,9576
-8857,9577
-8856,9578
-8855,9579
-8854,9580
-8853,9581
-8852,9582
-8851,9583
-8850,9584
-8849,9585
-8848,9586
-8847,9587
-8846,9588
-8845,9589
-8844,9590
-8843,9591
-8842,9592
-8841,9593
-8840,9594
-8839,9595
-8838,9596
-8837,9597
-8836,9598
-8835,9599
-8834,9600
-8833,9601
-8832,9602
-8831,9603
-8830,9604
-8829,9605
-8828,9606
-8827,9607
-8826,9608
-8825,9609
-8824,9610
-8823,9611
-8822,9612
-8821,9613
-8820,9614
-8819,9615
-8818,9616
-8817,9617
-8816,9618
-8815,9619
-8814,9620
-8813,9621
-8812,9622
-8811,9623
-8810,9624
-8809,9625
-8808,9626
-8807,9627
-8806,9628
-8805,9629
-8804,9630
-8803,9631
-8802,9632
-8801,9633
-8800,9634
-8799,9635
-8798,9636
-8797,9637
-8796,9638
-8795,9639
-8794,9640
-8793,9641
-8792,9642
-8791,9643
-8790,9644
-8789,9645
-8788,9646
-8787,9647
-8786,9648
-8785,9649
-8784,9650
-8783,9651
-8782,9652
-8781,9653
-8780,9654
-8779,9655
-8778,9656
-8777,9657
-8776,9658
-8775,9659
-8774,9660
-8773,9661
-8772,9662
-8771,9663
-8770,9664
-8769,9665
-8768,9666
-8767,9667
-8766,9668
-8765,9669
-8764,9670
-8763,9671
-8762,9672
-8761,9673
-8760,9674
-8759,9675
-8758,9676
-8757,9677
-8756,9678
-8755,9679
-8754,9680
-8753,9681
-8752,9682
-8751,9683
-8750,9684
-8749,9685
-8748,9686
-8747,9687
-8746,9688
-8745,9689
-8744,9690
-8743,9691
-8742,9692
-8741,9693
-8740,9694
-8739,9695
-8738,9696
-8737,9697
-8736,9698
-8735,9699
-8734,9700
-8733,9701
-8732,9702
-8731,9703
-8730,9704
-8729,9705
-8728,9706
-8727,9707
-8726,9708
-8725,9709
-8724,9710
-8723,9711
-8722,9712
-8721,9713
-8720,9714
-8719,9715
-8718,9716
-8717,9717
-8716,9718
-8715,9719
-8714,9720
-8713,9721
-8712,9722
-8711,9723
-8710,9724
-8709,9725
-8708,9726
-8707,9727
-8706,9728
-8705,9729
-8704,9730
-8703,9731
-8702,9732
-8701,9733
-8700,9734
-8699,9735
-8698,9736
-8697,9737
-8696,9738
-8695,9739
-8694,9740
-8693,9741
-8692,9742
-8691,9743
-8690,9744
-8689,9745
-8688,9746
-8687,9747
-8686,9748
-8685,9749
-8684,9750
-8683,9751
-8682,9752
-8681,9753
-8680,9754
-8679,9755
-8678,9756
-8677,9757
-8676,9758
-8675,9759
-8674,9760
-8673,9761
-8672,9762
-8671,9763
-8670,9764
-8669,9765
-8668,9766
-8667,9767
-8666,9768
-8665,9769
-8664,9770
-8663,9771
-8662,9772
-8661,9773
-8660,9774
-8659,9775
-8658,9776
-8657,9777
-8656,9778
-8655,9779
-8654,9780
-8653,9781
-8652,9782
-8651,9783
-8650,9784
-8649,9785
-8648,9786
-8647,9787
-8646,9788
-8645,9789
-8644,9790
-8643,9791
-8642,9792
-8641,9793
-8640,9794
-8639,9795
-8638,9796
-8637,9797
-8636,9798
-8635,9799
-8634,9800
-8633,9801
-8632,9802
-8631,9803
-8630,9804
-8629,9805
-8628,9806
-8627,9807
-8626,9808
-8625,9809
-8624,9810
-8623,9811
-8622,9812
-8621,9813
-8620,9814
-8619,9815
-8618,9816
-8617,9817
-8616,9818
-8615,9819
-8614,9820
-8613,9821
-8612,9822
-8611,9823
-8610,9824
-8609,9825
-8608,9826
-8607,9827
-8606,9828
-8605,9829
-8604,9830
-8603,9831
-8602,9832
-8601,9833
-8600,9834
-8599,9835
-8598,9836
-8597,9837
-8596,9838
-8595,9839
-8594,9840
-8593,9841
-8592,9842
-8591,9843
-8590,9844
-8589,9845
-8588,9846
-8587,9847
-8586,9848
-8585,9849
-8584,9850
-8583,9851
-8582,9852
-8581,9853
-8580,9854
-8579,9855
-8578,9856
-8577,9857
-8576,9858
-8575,9859
-8574,9860
-8573,9861
-8572,9862
-8571,9863
-8570,9864
-8569,9865
-8568,9866
-8567,9867
-8566,9868
-8565,9869
-8564,9870
-8563,9871
-8562,9872
-8561,9873
-8560,9874
-8559,9875
-8558,9876
-8557,9877
-8556,9878
-8555,9879
-8554,9880
-8553,9881
-8552,9882
-8551,9883
-8550,9884
-8549,9885
-8548,9886
-8547,9887
-8546,9888
-8545,9889
-8544,9890
-8543,9891
-8542,9892
-8541,9893
-8540,9894
-8539,9895
-8538,9896
-8537,9897
-8536,9898
-8535,9899
-8534,9900
-8533,9901
-8532,9902
-8531,9903
-8530,9904
-8529,9905
-8528,9906
-8527,9907
-8526,9908
-8525,9909
-8524,9910
-8523,9911
-8522,9912
-8521,9913
-8520,9914
-8519,9915
-8518,9916
-8517,9917
-8516,9918
-8515,9919
-8514,9920
-8513,9921
-8512,9922
-8511,9923
-8510,9924
-8509,9925
-8508,9926
-8507,9927
-8506,9928
-8505,9929
-8504,9930
-8503,9931
-8502,9932
-8501,9933
-8500,9934
-8499,9935
-8498,9936
-8497,9937
-8496,9938
-8495,9939
-8494,9940
-8493,9941
-8492,9942
-8491,9943
-8490,9944
-8489,9945
-8488,9946
-8487,9947
-8486,9948
-8485,9949
-8484,9950
-8483,9951
-8482,9952
-8481,9953
-8480,9954
-8479,9955
-8478,9956
-8477,9957
-8476,9958
-8475,9959
-8474,9960
-8473,9961
-8472,9962
-8471,9963
-8470,9964
-8469,9965
-8468,9966
-8467,9967
-8466,9968
-8465,9969
-8464,9970
-8463,9971
-8462,9972
-8461,9973
-8460,9974
-8459,9975
-8458,9976
-8457,9977
-8456,9978
-8455,9979
-8454,9980
-8453,9981
-8452,9982
-8451,9983
-8450,9984
-8449,9985
-8448,9986
-8447,9987
-8446,9988
-8445,9989
-8444,9990
-8443,9991
-8442,9992
-8441,9993
-8440,9994
-8439,9995
-8438,9996
-8437,9997
-8436,9998
-8435,9999
-8434,10000
-8433,10001
-8432,10002
-8431,10003
-8430,10004
-8429,10005
-8428,10006
-8427,10007
-8426,10008
-8425,10009
-8424,10010
-8423,10011
-8422,10012
-8421,10013
-8420,10014
-8419,10015
-8418,10016
-8417,10017
-8416,10018
-8415,10019
-8414,10020
-8413,10021
-8412,10022
-8411,10023
-8410,10024
-8409,10025
-8408,10026
-8407,10027
-8406,10028
-8405,10029
-8404,10030
-8403,10031
-8402,10032
-8401,10033
-8400,10034
-8399,10035
-8398,10036
-8397,10037
-8396,10038
-8395,10039
-8394,10040
-8393,10041
-8392,10042
-8391,10043
-8390,10044
-8389,10045
-8388,10046
-8387,10047
-8386,10048
-8385,10049
-8384,10050
-8383,10051
-8382,10052
-8381,10053
-8380,10054
-8379,10055
-8378,10056
-8377,10057
-8376,10058
-8375,10059
-8374,10060
-8373,10061
-8372,10062
-8371,10063
-8370,10064
-8369,10065
-8368,10066
-8367,10067
-8366,10068
-8365,10069
-8364,10070
-8363,10071
-8362,10072
-8361,10073
-8360,10074
-8359,10075
-8358,10076
-8357,10077
-8356,10078
-8355,10079
-8354,10080
-8353,10081
-8352,10082
-8351,10083
-8350,10084
-8349,10085
-8348,10086
-8347,10087
-8346,10088
-8345,10089
-8344,10090
-8343,10091
-8342,10092
-8341,10093
-8340,10094
-8339,10095
-8338,10096
-8337,10097
-8336,10098
-8335,10099
-8334,10100
-8333,10101
-8332,10102
-8331,10103
-8330,10104
-8329,10105
-8328,10106
-8327,10107
-8326,10108
-8325,10109
-8324,10110
-8323,10111
-8322,10112
-8321,10113
-8320,10114
-8319,10115
-8318,10116
-8317,10117
-8316,10118
-8315,10119
-8314,10120
-8313,10121
-8312,10122
-8311,10123
-8310,10124
-8309,10125
-8308,10126
-8307,10127
-8306,10128
-8305,10129
-8304,10130
-8303,10131
-8302,10132
-8301,10133
-8300,10134
-8299,10135
-8298,10136
-8297,10137
-8296,10138
-8295,10139
-8294,10140
-8293,10141
-8292,10142
-8291,10143
-8290,10144
-8289,10145
-8288,10146
-8287,10147
-8286,10148
-8285,10149
-8284,10150
-8283,10151
-8282,10152
-8281,10153
-8280,10154
-8279,10155
-8278,10156
-8277,10157
-8276,10158
-8275,10159
-8274,10160
-8273,10161
-8272,10162
-8271,10163
-8270,10164
-8269,10165
-8268,10166
-8267,10167
-8266,10168
-8265,10169
-8264,10170
-8263,10171
-8262,10172
-8261,10173
-8260,10174
-8259,10175
-8258,10176
-8257,10177
-8256,10178
-8255,10179
-8254,10180
-8253,10181
-8252,10182
-8251,10183
-8250,10184
-8249,10185
-8248,10186
-8247,10187
-8246,10188
-8245,10189
-8244,10190
-8243,10191
-8242,10192
-8241,10193
-8240,10194
-8239,10195
-8238,10196
-8237,10197
-8236,10198
-8235,10199
-8234,10200
-8233,10201
-8232,10202
-8231,10203
-8230,10204
-8229,10205
-8228,10206
-8227,10207
-8226,10208
-8225,10209
-8224,10210
-8223,10211
-8222,10212
-8221,10213
-8220,10214
-8219,10215
-8218,10216
-8217,10217
-8216,10218
-8215,10219
-8214,10220
-8213,10221
-8212,10222
-8211,10223
-8210,10224
-8209,10225
-8208,10226
-8207,10227
-8206,10228
-8205,10229
-8204,10230
-8203,10231
-8202,10232
-8201,10233
-8200,10234
-8199,10235
-8198,10236
-8197,10237
-8196,10238
-8195,10239
-8194,10240
-8193,10241
-8192,10242
-8191,10243
-8190,10244
-8189,10245
-8188,10246
-8187,10247
-8186,10248
-8185,10249
-8184,10250
-8183,10251
-8182,10252
-8181,10253
-8180,10254
-8179,10255
-8178,10256
-8177,10257
-8176,10258
-8175,10259
-8174,10260
-8173,10261
-8172,10262
-8171,10263
-8170,10264
-8169,10265
-8168,10266
-8167,10267
-8166,10268
-8165,10269
-8164,10270
-8163,10271
-8162,10272
-8161,10273
-8160,10274
-8159,10275
-8158,10276
-8157,10277
-8156,10278
-8155,10279
-8154,10280
-8153,10281
-8152,10282
-8151,10283
-8150,10284
-8149,10285
-8148,10286
-8147,10287
-8146,10288
-8145,10289
-8144,10290
-8143,10291
-8142,10292
-8141,10293
-8140,10294
-8139,10295
-8138,10296
-8137,10297
-8136,10298
-8135,10299
-8134,10300
-8133,10301
-8132,10302
-8131,10303
-8130,10304
-8129,10305
-8128,10306
-8127,10307
-8126,10308
-8125,10309
-8124,10310
-8123,10311
-8122,10312
-8121,10313
-8120,10314
-8119,10315
-8118,10316
-8117,10317
-8116,10318
-8115,10319
-8114,10320
-8113,10321
-8112,10322
-8111,10323
-8110,10324
-8109,10325
-8108,10326
-8107,10327
-8106,10328
-8105,10329
-8104,10330
-8103,10331
-8102,10332
-8101,10333
-8100,10334
-8099,10335
-8098,10336
-8097,10337
-8096,10338
-8095,10339
-8094,10340
-8093,10341
-8092,10342
-8091,10343
-8090,10344
-8089,10345
-8088,10346
-8087,10347
-8086,10348
-8085,10349
-8084,10350
-8083,10351
-8082,10352
-8081,10353
-8080,10354
-8079,10355
-8078,10356
-8077,10357
-8076,10358
-8075,10359
-8074,10360
-8073,10361
-8072,10362
-8071,10363
-8070,10364
-8069,10365
-8068,10366
-8067,10367
-8066,10368
-8065,10369
-8064,10370
-8063,10371
-8062,10372
-8061,10373
-8060,10374
-8059,10375
-8058,10376
-8057,10377
-8056,10378
-8055,10379
-8054,10380
-8053,10381
-8052,10382
-8051,10383
-8050,10384
-8049,10385
-8048,10386
-8047,10387
-8046,10388
-8045,10389
-8044,10390
-8043,10391
-8042,10392
-8041,10393
-8040,10394
-8039,10395
-8038,10396
-8037,10397
-8036,10398
-8035,10399
-8034,10400
-8033,10401
-8032,10402
-8031,10403
-8030,10404
-8029,10405
-8028,10406
-8027,10407
-8026,10408
-8025,10409
-8024,10410
-8023,10411
-8022,10412
-8021,10413
-8020,10414
-8019,10415
-8018,10416
-8017,10417
-8016,10418
-8015,10419
-8014,10420
-8013,10421
-8012,10422
-8011,10423
-8010,10424
-8009,10425
-8008,10426
-8007,10427
-8006,10428
-8005,10429
-8004,10430
-8003,10431
-8002,10432
-8001,10433
-8000,10434
-7999,10435
-7998,10436
-7997,10437
-7996,10438
-7995,10439
-7994,10440
-7993,10441
-7992,10442
-7991,10443
-7990,10444
-7989,10445
-7988,10446
-7987,10447
-7986,10448
-7985,10449
-7984,10450
-7983,10451
-7982,10452
-7981,10453
-7980,10454
-7979,10455
-7978,10456
-7977,10457
-7976,10458
-7975,10459
-7974,10460
-7973,10461
-7972,10462
-7971,10463
-7970,10464
-7969,10465
-7968,10466
-7967,10467
-7966,10468
-7965,10469
-7964,10470
-7963,10471
-7962,10472
-7961,10473
-7960,10474
-7959,10475
-7958,10476
-7957,10477
-7956,10478
-7955,10479
-7954,10480
-7953,10481
-7952,10482
-7951,10483
-7950,10484
-7949,10485
-7948,10486
-7947,10487
-7946,10488
-7945,10489
-7944,10490
-7943,10491
-7942,10492
-7941,10493
-7940,10494
-7939,10495
-7938,10496
-7937,10497
-7936,10498
-7935,10499
-7934,10500
-7933,10501
-7932,10502
-7931,10503
-7930,10504
-7929,10505
-7928,10506
-7927,10507
-7926,10508
-7925,10509
-7924,10510
-7923,10511
-7922,10512
-7921,10513
-7920,10514
-7919,10515
-7918,10516
-7917,10517
-7916,10518
-7915,10519
-7914,10520
-7913,10521
-7912,10522
-7911,10523
-7910,10524
-7909,10525
-7908,10526
-7907,10527
-7906,10528
-7905,10529
-7904,10530
-7903,10531
-7902,10532
-7901,10533
-7900,10534
-7899,10535
-7898,10536
-7897,10537
-7896,10538
-7895,10539
-7894,10540
-7893,10541
-7892,10542
-7891,10543
-7890,10544
-7889,10545
-7888,10546
-7887,10547
-7886,10548
-7885,10549
-7884,10550
-7883,10551
-7882,10552
-7881,10553
-7880,10554
-7879,10555
-7878,10556
-7877,10557
-7876,10558
-7875,10559
-7874,10560
-7873,10561
-7872,10562
-7871,10563
-7870,10564
-7869,10565
-7868,10566
-7867,10567
-7866,10568
-7865,10569
-7864,10570
-7863,10571
-7862,10572
-7861,10573
-7860,10574
-7859,10575
-7858,10576
-7857,10577
-7856,10578
-7855,10579
-7854,10580
-7853,10581
-7852,10582
-7851,10583
-7850,10584
-7849,10585
-7848,10586
-7847,10587
-7846,10588
-7845,10589
-7844,10590
-7843,10591
-7842,10592
-7841,10593
-7840,10594
-7839,10595
-7838,10596
-7837,10597
-7836,10598
-7835,10599
-7834,10600
-7833,10601
-7832,10602
-7831,10603
-7830,10604
-7829,10605
-7828,10606
-7827,10607
-7826,10608
-7825,10609
-7824,10610
-7823,10611
-7822,10612
-7821,10613
-7820,10614
-7819,10615
-7818,10616
-7817,10617
-7816,10618
-7815,10619
-7814,10620
-7813,10621
-7812,10622
-7811,10623
-7810,10624
-7809,10625
-7808,10626
-7807,10627
-7806,10628
-7805,10629
-7804,10630
-7803,10631
-7802,10632
-7801,10633
-7800,10634
-7799,10635
-7798,10636
-7797,10637
-7796,10638
-7795,10639
-7794,10640
-7793,10641
-7792,10642
-7791,10643
-7790,10644
-7789,10645
-7788,10646
-7787,10647
-7786,10648
-7785,10649
-7784,10650
-7783,10651
-7782,10652
-7781,10653
-7780,10654
-7779,10655
-7778,10656
-7777,10657
-7776,10658
-7775,10659
-7774,10660
-7773,10661
-7772,10662
-7771,10663
-7770,10664
-7769,10665
-7768,10666
-7767,10667
-7766,10668
-7765,10669
-7764,10670
-7763,10671
-7762,10672
-7761,10673
-7760,10674
-7759,10675
-7758,10676
-7757,10677
-7756,10678
-7755,10679
-7754,10680
-7753,10681
-7752,10682
-7751,10683
-7750,10684
-7749,10685
-7748,10686
-7747,10687
-7746,10688
-7745,10689
-7744,10690
-7743,10691
-7742,10692
-7741,10693
-7740,10694
-7739,10695
-7738,10696
-7737,10697
-7736,10698
-7735,10699
-7734,10700
-7733,10701
-7732,10702
-7731,10703
-7730,10704
-7729,10705
-7728,10706
-7727,10707
-7726,10708
-7725,10709
-7724,10710
-7723,10711
-7722,10712
-7721,10713
-7720,10714
-7719,10715
-7718,10716
-7717,10717
-7716,10718
-7715,10719
-7714,10720
-7713,10721
-7712,10722
-7711,10723
-7710,10724
-7709,10725
-7708,10726
-7707,10727
-7706,10728
-7705,10729
-7704,10730
-7703,10731
-7702,10732
-7701,10733
-7700,10734
-7699,10735
-7698,10736
-7697,10737
-7696,10738
-7695,10739
-7694,10740
-7693,10741
-7692,10742
-7691,10743
-7690,10744
-7689,10745
-7688,10746
-7687,10747
-7686,10748
-7685,10749
-7684,10750
-7683,10751
-7682,10752
-7681,10753
-7680,10754
-7679,10755
-7678,10756
-7677,10757
-7676,10758
-7675,10759
-7674,10760
-7673,10761
-7672,10762
-7671,10763
-7670,10764
-7669,10765
-7668,10766
-7667,10767
-7666,10768
-7665,10769
-7664,10770
-7663,10771
-7662,10772
-7661,10773
-7660,10774
-7659,10775
-7658,10776
-7657,10777
-7656,10778
-7655,10779
-7654,10780
-7653,10781
-7652,10782
-7651,10783
-7650,10784
-7649,10785
-7648,10786
-7647,10787
-7646,10788
-7645,10789
-7644,10790
-7643,10791
-7642,10792
-7641,10793
-7640,10794
-7639,10795
-7638,10796
-7637,10797
-7636,10798
-7635,10799
-7634,10800
-7633,10801
-7632,10802
-7631,10803
-7630,10804
-7629,10805
-7628,10806
-7627,10807
-7626,10808
-7625,10809
-7624,10810
-7623,10811
-7622,10812
-7621,10813
-7620,10814
-7619,10815
-7618,10816
-7617,10817
-7616,10818
-7615,10819
-7614,10820
-7613,10821
-7612,10822
-7611,10823
-7610,10824
-7609,10825
-7608,10826
-7607,10827
-7606,10828
-7605,10829
-7604,10830
-7603,10831
-7602,10832
-7601,10833
-7600,10834
-7599,10835
-7598,10836
-7597,10837
-7596,10838
-7595,10839
-7594,10840
-7593,10841
-7592,10842
-7591,10843
-7590,10844
-7589,10845
-7588,10846
-7587,10847
-7586,10848
-7585,10849
-7584,10850
-7583,10851
-7582,10852
-7581,10853
-7580,10854
-7579,10855
-7578,10856
-7577,10857
-7576,10858
-7575,10859
-7574,10860
-7573,10861
-7572,10862
-7571,10863
-7570,10864
-7569,10865
-7568,10866
-7567,10867
-7566,10868
-7565,10869
-7564,10870
-7563,10871
-7562,10872
-7561,10873
-7560,10874
-7559,10875
-7558,10876
-7557,10877
-7556,10878
-7555,10879
-7554,10880
-7553,10881
-7552,10882
-7551,10883
-7550,10884
-7549,10885
-7548,10886
-7547,10887
-7546,10888
-7545,10889
-7544,10890
-7543,10891
-7542,10892
-7541,10893
-7540,10894
-7539,10895
-7538,10896
-7537,10897
-7536,10898
-7535,10899
-7534,10900
-7533,10901
-7532,10902
-7531,10903
-7530,10904
-7529,10905
-7528,10906
-7527,10907
-7526,10908
-7525,10909
-7524,10910
-7523,10911
-7522,10912
-7521,10913
-7520,10914
-7519,10915
-7518,10916
-7517,10917
-7516,10918
-7515,10919
-7514,10920
-7513,10921
-7512,10922
-7511,10923
-7510,10924
-7509,10925
-7508,10926
-7507,10927
-7506,10928
-7505,10929
-7504,10930
-7503,10931
-7502,10932
-7501,10933
-7500,10934
-7499,10935
-7498,10936
-7497,10937
-7496,10938
-7495,10939
-7494,10940
-7493,10941
-7492,10942
-7491,10943
-7490,10944
-7489,10945
-7488,10946
-7487,10947
-7486,10948
-7485,10949
-7484,10950
-7483,10951
-7482,10952
-7481,10953
-7480,10954
-7479,10955
-7478,10956
-7477,10957
-7476,10958
-7475,10959
-7474,10960
-7473,10961
-7472,10962
-7471,10963
-7470,10964
-7469,10965
-7468,10966
-7467,10967
-7466,10968
-7465,10969
-7464,10970
-7463,10971
-7462,10972
-7461,10973
-7460,10974
-7459,10975
-7458,10976
-7457,10977
-7456,10978
-7455,10979
-7454,10980
-7453,10981
-7452,10982
-7451,10983
-7450,10984
-7449,10985
-7448,10986
-7447,10987
-7446,10988
-7445,10989
-7444,10990
-7443,10991
-7442,10992
-7441,10993
-7440,10994
-7439,10995
-7438,10996
-7437,10997
-7436,10998
-7435,10999
-7434,11000
-7433,11001
-7432,11002
-7431,11003
-7430,11004
-7429,11005
-7428,11006
-7427,11007
-7426,11008
-7425,11009
-7424,11010
-7423,11011
-7422,11012
-7421,11013
-7420,11014
-7419,11015
-7418,11016
-7417,11017
-7416,11018
-7415,11019
-7414,11020
-7413,11021
-7412,11022
-7411,11023
-7410,11024
-7409,11025
-7408,11026
-7407,11027
-7406,11028
-7405,11029
-7404,11030
-7403,11031
-7402,11032
-7401,11033
-7400,11034
-7399,11035
-7398,11036
-7397,11037
-7396,11038
-7395,11039
-7394,11040
-7393,11041
-7392,11042
-7391,11043
-7390,11044
-7389,11045
-7388,11046
-7387,11047
-7386,11048
-7385,11049
-7384,11050
-7383,11051
-7382,11052
-7381,11053
-7380,11054
-7379,11055
-7378,11056
-7377,11057
-7376,11058
-7375,11059
-7374,11060
-7373,11061
-7372,11062
-7371,11063
-7370,11064
-7369,11065
-7368,11066
-7367,11067
-7366,11068
-7365,11069
-7364,11070
-7363,11071
-7362,11072
-7361,11073
-7360,11074
-7359,11075
-7358,11076
-7357,11077
-7356,11078
-7355,11079
-7354,11080
-7353,11081
-7352,11082
-7351,11083
-7350,11084
-7349,11085
-7348,11086
-7347,11087
-7346,11088
-7345,11089
-7344,11090
-7343,11091
-7342,11092
-7341,11093
-7340,11094
-7339,11095
-7338,11096
-7337,11097
-7336,11098
-7335,11099
-7334,11100
-7333,11101
-7332,11102
-7331,11103
-7330,11104
-7329,11105
-7328,11106
-7327,11107
-7326,11108
-7325,11109
-7324,11110
-7323,11111
-7322,11112
-7321,11113
-7320,11114
-7319,11115
-7318,11116
-7317,11117
-7316,11118
-7315,11119
-7314,11120
-7313,11121
-7312,11122
-7311,11123
-7310,11124
-7309,11125
-7308,11126
-7307,11127
-7306,11128
-7305,11129
-7304,11130
-7303,11131
-7302,11132
-7301,11133
-7300,11134
-7299,11135
-7298,11136
-7297,11137
-7296,11138
-7295,11139
-7294,11140
-7293,11141
-7292,11142
-7291,11143
-7290,11144
-7289,11145
-7288,11146
-7287,11147
-7286,11148
-7285,11149
-7284,11150
-7283,11151
-7282,11152
-7281,11153
-7280,11154
-7279,11155
-7278,11156
-7277,11157
-7276,11158
-7275,11159
-7274,11160
-7273,11161
-7272,11162
-7271,11163
-7270,11164
-7269,11165
-7268,11166
-7267,11167
-7266,11168
-7265,11169
-7264,11170
-7263,11171
-7262,11172
-7261,11173
-7260,11174
-7259,11175
-7258,11176
-7257,11177
-7256,11178
-7255,11179
-7254,11180
-7253,11181
-7252,11182
-7251,11183
-7250,11184
-7249,11185
-7248,11186
-7247,11187
-7246,11188
-7245,11189
-7244,11190
-7243,11191
-7242,11192
-7241,11193
-7240,11194
-7239,11195
-7238,11196
-7237,11197
-7236,11198
-7235,11199
-7234,11200
-7233,11201
-7232,11202
-7231,11203
-7230,11204
-7229,11205
-7228,11206
-7227,11207
-7226,11208
-7225,11209
-7224,11210
-7223,11211
-7222,11212
-7221,11213
-7220,11214
-7219,11215
-7218,11216
-7217,11217
-7216,11218
-7215,11219
-7214,11220
-7213,11221
-7212,11222
-7211,11223
-7210,11224
-7209,11225
-7208,11226
-7207,11227
-7206,11228
-7205,11229
-7204,11230
-7203,11231
-7202,11232
-7201,11233
-7200,11234
-7199,11235
-7198,11236
-7197,11237
-7196,11238
-7195,11239
-7194,11240
-7193,11241
-7192,11242
-7191,11243
-7190,11244
-7189,11245
-7188,11246
-7187,11247
-7186,11248
-7185,11249
-7184,11250
-7183,11251
-7182,11252
-7181,11253
-7180,11254
-7179,11255
-7178,11256
-7177,11257
-7176,11258
-7175,11259
-7174,11260
-7173,11261
-7172,11262
-7171,11263
-7170,11264
-7169,11265
-7168,11266
-7167,11267
-7166,11268
-7165,11269
-7164,11270
-7163,11271
-7162,11272
-7161,11273
-7160,11274
-7159,11275
-7158,11276
-7157,11277
-7156,11278
-7155,11279
-7154,11280
-7153,11281
-7152,11282
-7151,11283
-7150,11284
-7149,11285
-7148,11286
-7147,11287
-7146,11288
-7145,11289
-7144,11290
-7143,11291
-7142,11292
-7141,11293
-7140,11294
-7139,11295
-7138,11296
-7137,11297
-7136,11298
-7135,11299
-7134,11300
-7133,11301
-7132,11302
-7131,11303
-7130,11304
-7129,11305
-7128,11306
-7127,11307
-7126,11308
-7125,11309
-7124,11310
-7123,11311
-7122,11312
-7121,11313
-7120,11314
-7119,11315
-7118,11316
-7117,11317
-7116,11318
-7115,11319
-7114,11320
-7113,11321
-7112,11322
-7111,11323
-7110,11324
-7109,11325
-7108,11326
-7107,11327
-7106,11328
-7105,11329
-7104,11330
-7103,11331
-7102,11332
-7101,11333
-7100,11334
-7099,11335
-7098,11336
-7097,11337
-7096,11338
-7095,11339
-7094,11340
-7093,11341
-7092,11342
-7091,11343
-7090,11344
-7089,11345
-7088,11346
-7087,11347
-7086,11348
-7085,11349
-7084,11350
-7083,11351
-7082,11352
-7081,11353
-7080,11354
-7079,11355
-7078,11356
-7077,11357
-7076,11358
-7075,11359
-7074,11360
-7073,11361
-7072,11362
-7071,11363
-7070,11364
-7069,11365
-7068,11366
-7067,11367
-7066,11368
-7065,11369
-7064,11370
-7063,11371
-7062,11372
-7061,11373
-7060,11374
-7059,11375
-7058,11376
-7057,11377
-7056,11378
-7055,11379
-7054,11380
-7053,11381
-7052,11382
-7051,11383
-7050,11384
-7049,11385
-7048,11386
-7047,11387
-7046,11388
-7045,11389
-7044,11390
-7043,11391
-7042,11392
-7041,11393
-7040,11394
-7039,11395
-7038,11396
-7037,11397
-7036,11398
-7035,11399
-7034,11400
-7033,11401
-7032,11402
-7031,11403
-7030,11404
-7029,11405
-7028,11406
-7027,11407
-7026,11408
-7025,11409
-7024,11410
-7023,11411
-7022,11412
-7021,11413
-7020,11414
-7019,11415
-7018,11416
-7017,11417
-7016,11418
-7015,11419
-7014,11420
-7013,11421
-7012,11422
-7011,11423
-7010,11424
-7009,11425
-7008,11426
-7007,11427
-7006,11428
-7005,11429
-7004,11430
-7003,11431
-7002,11432
-7001,11433
-7000,11434
-6999,11435
-6998,11436
-6997,11437
-6996,11438
-6995,11439
-6994,11440
-6993,11441
-6992,11442
-6991,11443
-6990,11444
-6989,11445
-6988,11446
-6987,11447
-6986,11448
-6985,11449
-6984,11450
-6983,11451
-6982,11452
-6981,11453
-6980,11454
-6979,11455
-6978,11456
-6977,11457
-6976,11458
-6975,11459
-6974,11460
-6973,11461
-6972,11462
-6971,11463
-6970,11464
-6969,11465
-6968,11466
-6967,11467
-6966,11468
-6965,11469
-6964,11470
-6963,11471
-6962,11472
-6961,11473
-6960,11474
-6959,11475
-6958,11476
-6957,11477
-6956,11478
-6955,11479
-6954,11480
-6953,11481
-6952,11482
-6951,11483
-6950,11484
-6949,11485
-6948,11486
-6947,11487
-6946,11488
-6945,11489
-6944,11490
-6943,11491
-6942,11492
-6941,11493
-6940,11494
-6939,11495
-6938,11496
-6937,11497
-6936,11498
-6935,11499
-6934,11500
-6933,11501
-6932,11502
-6931,11503
-6930,11504
-6929,11505
-6928,11506
-6927,11507
-6926,11508
-6925,11509
-6924,11510
-6923,11511
-6922,11512
-6921,11513
-6920,11514
-6919,11515
-6918,11516
-6917,11517
-6916,11518
-6915,11519
-6914,11520
-6913,11521
-6912,11522
-6911,11523
-6910,11524
-6909,11525
-6908,11526
-6907,11527
-6906,11528
-6905,11529
-6904,11530
-6903,11531
-6902,11532
-6901,11533
-6900,11534
-6899,11535
-6898,11536
-6897,11537
-6896,11538
-6895,11539
-6894,11540
-6893,11541
-6892,11542
-6891,11543
-6890,11544
-6889,11545
-6888,11546
-6887,11547
-6886,11548
-6885,11549
-6884,11550
-6883,11551
-6882,11552
-6881,11553
-6880,11554
-6879,11555
-6878,11556
-6877,11557
-6876,11558
-6875,11559
-6874,11560
-6873,11561
-6872,11562
-6871,11563
-6870,11564
-6869,11565
-6868,11566
-6867,11567
-6866,11568
-6865,11569
-6864,11570
-6863,11571
-6862,11572
-6861,11573
-6860,11574
-6859,11575
-6858,11576
-6857,11577
-6856,11578
-6855,11579
-6854,11580
-6853,11581
-6852,11582
-6851,11583
-6850,11584
-6849,11585
-6848,11586
-6847,11587
-6846,11588
-6845,11589
-6844,11590
-6843,11591
-6842,11592
-6841,11593
-6840,11594
-6839,11595
-6838,11596
-6837,11597
-6836,11598
-6835,11599
-6834,11600
-6833,11601
-6832,11602
-6831,11603
-6830,11604
-6829,11605
-6828,11606
-6827,11607
-6826,11608
-6825,11609
-6824,11610
-6823,11611
-6822,11612
-6821,11613
-6820,11614
-6819,11615
-6818,11616
-6817,11617
-6816,11618
-6815,11619
-6814,11620
-6813,11621
-6812,11622
-6811,11623
-6810,11624
-6809,11625
-6808,11626
-6807,11627
-6806,11628
-6805,11629
-6804,11630
-6803,11631
-6802,11632
-6801,11633
-6800,11634
-6799,11635
-6798,11636
-6797,11637
-6796,11638
-6795,11639
-6794,11640
-6793,11641
-6792,11642
-6791,11643
-6790,11644
-6789,11645
-6788,11646
-6787,11647
-6786,11648
-6785,11649
-6784,11650
-6783,11651
-6782,11652
-6781,11653
-6780,11654
-6779,11655
-6778,11656
-6777,11657
-6776,11658
-6775,11659
-6774,11660
-6773,11661
-6772,11662
-6771,11663
-6770,11664
-6769,11665
-6768,11666
-6767,11667
-6766,11668
-6765,11669
-6764,11670
-6763,11671
-6762,11672
-6761,11673
-6760,11674
-6759,11675
-6758,11676
-6757,11677
-6756,11678
-6755,11679
-6754,11680
-6753,11681
-6752,11682
-6751,11683
-6750,11684
-6749,11685
-6748,11686
-6747,11687
-6746,11688
-6745,11689
-6744,11690
-6743,11691
-6742,11692
-6741,11693
-6740,11694
-6739,11695
-6738,11696
-6737,11697
-6736,11698
-6735,11699
-6734,11700
-6733,11701
-6732,11702
-6731,11703
-6730,11704
-6729,11705
-6728,11706
-6727,11707
-6726,11708
-6725,11709
-6724,11710
-6723,11711
-6722,11712
-6721,11713
-6720,11714
-6719,11715
-6718,11716
-6717,11717
-6716,11718
-6715,11719
-6714,11720
-6713,11721
-6712,11722
-6711,11723
-6710,11724
-6709,11725
-6708,11726
-6707,11727
-6706,11728
-6705,11729
-6704,11730
-6703,11731
-6702,11732
-6701,11733
-6700,11734
-6699,11735
-6698,11736
-6697,11737
-6696,11738
-6695,11739
-6694,11740
-6693,11741
-6692,11742
-6691,11743
-6690,11744
-6689,11745
-6688,11746
-6687,11747
-6686,11748
-6685,11749
-6684,11750
-6683,11751
-6682,11752
-6681,11753
-6680,11754
-6679,11755
-6678,11756
-6677,11757
-6676,11758
-6675,11759
-6674,11760
-6673,11761
-6672,11762
-6671,11763
-6670,11764
-6669,11765
-6668,11766
-6667,11767
-6666,11768
-6665,11769
-6664,11770
-6663,11771
-6662,11772
-6661,11773
-6660,11774
-6659,11775
-6658,11776
-6657,11777
-6656,11778
-6655,11779
-6654,11780
-6653,11781
-6652,11782
-6651,11783
-6650,11784
-6649,11785
-6648,11786
-6647,11787
-6646,11788
-6645,11789
-6644,11790
-6643,11791
-6642,11792
-6641,11793
-6640,11794
-6639,11795
-6638,11796
-6637,11797
-6636,11798
-6635,11799
-6634,11800
-6633,11801
-6632,11802
-6631,11803
-6630,11804
-6629,11805
-6628,11806
-6627,11807
-6626,11808
-6625,11809
-6624,11810
-6623,11811
-6622,11812
-6621,11813
-6620,11814
-6619,11815
-6618,11816
-6617,11817
-6616,11818
-6615,11819
-6614,11820
-6613,11821
-6612,11822
-6611,11823
-6610,11824
-6609,11825
-6608,11826
-6607,11827
-6606,11828
-6605,11829
-6604,11830
-6603,11831
-6602,11832
-6601,11833
-6600,11834
-6599,11835
-6598,11836
-6597,11837
-6596,11838
-6595,11839
-6594,11840
-6593,11841
-6592,11842
-6591,11843
-6590,11844
-6589,11845
-6588,11846
-6587,11847
-6586,11848
-6585,11849
-6584,11850
-6583,11851
-6582,11852
-6581,11853
-6580,11854
-6579,11855
-6578,11856
-6577,11857
-6576,11858
-6575,11859
-6574,11860
-6573,11861
-6572,11862
-6571,11863
-6570,11864
-6569,11865
-6568,11866
-6567,11867
-6566,11868
-6565,11869
-6564,11870
-6563,11871
-6562,11872
-6561,11873
-6560,11874
-6559,11875
-6558,11876
-6557,11877
-6556,11878
-6555,11879
-6554,11880
-6553,11881
-6552,11882
-6551,11883
-6550,11884
-6549,11885
-6548,11886
-6547,11887
-6546,11888
-6545,11889
-6544,11890
-6543,11891
-6542,11892
-6541,11893
-6540,11894
-6539,11895
-6538,11896
-6537,11897
-6536,11898
-6535,11899
-6534,11900
-6533,11901
-6532,11902
-6531,11903
-6530,11904
-6529,11905
-6528,11906
-6527,11907
-6526,11908
-6525,11909
-6524,11910
-6523,11911
-6522,11912
-6521,11913
-6520,11914
-6519,11915
-6518,11916
-6517,11917
-6516,11918
-6515,11919
-6514,11920
-6513,11921
-6512,11922
-6511,11923
-6510,11924
-6509,11925
-6508,11926
-6507,11927
-6506,11928
-6505,11929
-6504,11930
-6503,11931
-6502,11932
-6501,11933
-6500,11934
-6499,11935
-6498,11936
-6497,11937
-6496,11938
-6495,11939
-6494,11940
-6493,11941
-6492,11942
-6491,11943
-6490,11944
-6489,11945
-6488,11946
-6487,11947
-6486,11948
-6485,11949
-6484,11950
-6483,11951
-6482,11952
-6481,11953
-6480,11954
-6479,11955
-6478,11956
-6477,11957
-6476,11958
-6475,11959
-6474,11960
-6473,11961
-6472,11962
-6471,11963
-6470,11964
-6469,11965
-6468,11966
-6467,11967
-6466,11968
-6465,11969
-6464,11970
-6463,11971
-6462,11972
-6461,11973
-6460,11974
-6459,11975
-6458,11976
-6457,11977
-6456,11978
-6455,11979
-6454,11980
-6453,11981
-6452,11982
-6451,11983
-6450,11984
-6449,11985
-6448,11986
-6447,11987
-6446,11988
-6445,11989
-6444,11990
-6443,11991
-6442,11992
-6441,11993
-6440,11994
-6439,11995
-6438,11996
-6437,11997
-6436,11998
-6435,11999
-6434,12000
-6433,12001
-6432,12002
-6431,12003
-6430,12004
-6429,12005
-6428,12006
-6427,12007
-6426,12008
-6425,12009
-6424,12010
-6423,12011
-6422,12012
-6421,12013
-6420,12014
-6419,12015
-6418,12016
-6417,12017
-6416,12018
-6415,12019
-6414,12020
-6413,12021
-6412,12022
-6411,12023
-6410,12024
-6409,12025
-6408,12026
-6407,12027
-6406,12028
-6405,12029
-6404,12030
-6403,12031
-6402,12032
-6401,12033
-6400,12034
-6399,12035
-6398,12036
-6397,12037
-6396,12038
-6395,12039
-6394,12040
-6393,12041
-6392,12042
-6391,12043
-6390,12044
-6389,12045
-6388,12046
-6387,12047
-6386,12048
-6385,12049
-6384,12050
-6383,12051
-6382,12052
-6381,12053
-6380,12054
-6379,12055
-6378,12056
-6377,12057
-6376,12058
-6375,12059
-6374,12060
-6373,12061
-6372,12062
-6371,12063
-6370,12064
-6369,12065
-6368,12066
-6367,12067
-6366,12068
-6365,12069
-6364,12070
-6363,12071
-6362,12072
-6361,12073
-6360,12074
-6359,12075
-6358,12076
-6357,12077
-6356,12078
-6355,12079
-6354,12080
-6353,12081
-6352,12082
-6351,12083
-6350,12084
-6349,12085
-6348,12086
-6347,12087
-6346,12088
-6345,12089
-6344,12090
-6343,12091
-6342,12092
-6341,12093
-6340,12094
-6339,12095
-6338,12096
-6337,12097
-6336,12098
-6335,12099
-6334,12100
-6333,12101
-6332,12102
-6331,12103
-6330,12104
-6329,12105
-6328,12106
-6327,12107
-6326,12108
-6325,12109
-6324,12110
-6323,12111
-6322,12112
-6321,12113
-6320,12114
-6319,12115
-6318,12116
-6317,12117
-6316,12118
-6315,12119
-6314,12120
-6313,12121
-6312,12122
-6311,12123
-6310,12124
-6309,12125
-6308,12126
-6307,12127
-6306,12128
-6305,12129
-6304,12130
-6303,12131
-6302,12132
-6301,12133
-6300,12134
-6299,12135
-6298,12136
-6297,12137
-6296,12138
-6295,12139
-6294,12140
-6293,12141
-6292,12142
-6291,12143
-6290,12144
-6289,12145
-6288,12146
-6287,12147
-6286,12148
-6285,12149
-6284,12150
-6283,12151
-6282,12152
-6281,12153
-6280,12154
-6279,12155
-6278,12156
-6277,12157
-6276,12158
-6275,12159
-6274,12160
-6273,12161
-6272,12162
-6271,12163
-6270,12164
-6269,12165
-6268,12166
-6267,12167
-6266,12168
-6265,12169
-6264,12170
-6263,12171
-6262,12172
-6261,12173
-6260,12174
-6259,12175
-6258,12176
-6257,12177
-6256,12178
-6255,12179
-6254,12180
-6253,12181
-6252,12182
-6251,12183
-6250,12184
-6249,12185
-6248,12186
-6247,12187
-6246,12188
-6245,12189
-6244,12190
-6243,12191
-6242,12192
-6241,12193
-6240,12194
-6239,12195
-6238,12196
-6237,12197
-6236,12198
-6235,12199
-6234,12200
-6233,12201
-6232,12202
-6231,12203
-6230,12204
-6229,12205
-6228,12206
-6227,12207
-6226,12208
-6225,12209
-6224,12210
-6223,12211
-6222,12212
-6221,12213
-6220,12214
-6219,12215
-6218,12216
-6217,12217
-6216,12218
-6215,12219
-6214,12220
-6213,12221
-6212,12222
-6211,12223
-6210,12224
-6209,12225
-6208,12226
-6207,12227
-6206,12228
-6205,12229
-6204,12230
-6203,12231
-6202,12232
-6201,12233
-6200,12234
-6199,12235
-6198,12236
-6197,12237
-6196,12238
-6195,12239
-6194,12240
-6193,12241
-6192,12242
-6191,12243
-6190,12244
-6189,12245
-6188,12246
-6187,12247
-6186,12248
-6185,12249
-6184,12250
-6183,12251
-6182,12252
-6181,12253
-6180,12254
-6179,12255
-6178,12256
-6177,12257
-6176,12258
-6175,12259
-6174,12260
-6173,12261
-6172,12262
-6171,12263
-6170,12264
-6169,12265
-6168,12266
-6167,12267
-6166,12268
-6165,12269
-6164,12270
-6163,12271
-6162,12272
-6161,12273
-6160,12274
-6159,12275
-6158,12276
-6157,12277
-6156,12278
-6155,12279
-6154,12280
-6153,12281
-6152,12282
-6151,12283
-6150,12284
-6149,12285
-6148,12286
-6147,12287
-6146,12288
-6145,12289
-6144,12290
-6143,12291
-6142,12292
-6141,12293
-6140,12294
-6139,12295
-6138,12296
-6137,12297
-6136,12298
-6135,12299
-6134,12300
-6133,12301
-6132,12302
-6131,12303
-6130,12304
-6129,12305
-6128,12306
-6127,12307
-6126,12308
-6125,12309
-6124,12310
-6123,12311
-6122,12312
-6121,12313
-6120,12314
-6119,12315
-6118,12316
-6117,12317
-6116,12318
-6115,12319
-6114,12320
-6113,12321
-6112,12322
-6111,12323
-6110,12324
-6109,12325
-6108,12326
-6107,12327
-6106,12328
-6105,12329
-6104,12330
-6103,12331
-6102,12332
-6101,12333
-6100,12334
-6099,12335
-6098,12336
-6097,12337
-6096,12338
-6095,12339
-6094,12340
-6093,12341
-6092,12342
-6091,12343
-6090,12344
-6089,12345
-6088,12346
-6087,12347
-6086,12348
-6085,12349
-6084,12350
-6083,12351
-6082,12352
-6081,12353
-6080,12354
-6079,12355
-6078,12356
-6077,12357
-6076,12358
-6075,12359
-6074,12360
-6073,12361
-6072,12362
-6071,12363
-6070,12364
-6069,12365
-6068,12366
-6067,12367
-6066,12368
-6065,12369
-6064,12370
-6063,12371
-6062,12372
-6061,12373
-6060,12374
-6059,12375
-6058,12376
-6057,12377
-6056,12378
-6055,12379
-6054,12380
-6053,12381
-6052,12382
-6051,12383
-6050,12384
-6049,12385
-6048,12386
-6047,12387
-6046,12388
-6045,12389
-6044,12390
-6043,12391
-6042,12392
-6041,12393
-6040,12394
-6039,12395
-6038,12396
-6037,12397
-6036,12398
-6035,12399
-6034,12400
-6033,12401
-6032,12402
-6031,12403
-6030,12404
-6029,12405
-6028,12406
-6027,12407
-6026,12408
-6025,12409
-6024,12410
-6023,12411
-6022,12412
-6021,12413
-6020,12414
-6019,12415
-6018,12416
-6017,12417
-6016,12418
-6015,12419
-6014,12420
-6013,12421
-6012,12422
-6011,12423
-6010,12424
-6009,12425
-6008,12426
-6007,12427
-6006,12428
-6005,12429
-6004,12430
-6003,12431
-6002,12432
-6001,12433
-6000,12434
-5999,12435
-5998,12436
-5997,12437
-5996,12438
-5995,12439
-5994,12440
-5993,12441
-5992,12442
-5991,12443
-5990,12444
-5989,12445
-5988,12446
-5987,12447
-5986,12448
-5985,12449
-5984,12450
-5983,12451
-5982,12452
-5981,12453
-5980,12454
-5979,12455
-5978,12456
-5977,12457
-5976,12458
-5975,12459
-5974,12460
-5973,12461
-5972,12462
-5971,12463
-5970,12464
-5969,12465
-5968,12466
-5967,12467
-5966,12468
-5965,12469
-5964,12470
-5963,12471
-5962,12472
-5961,12473
-5960,12474
-5959,12475
-5958,12476
-5957,12477
-5956,12478
-5955,12479
-5954,12480
-5953,12481
-5952,12482
-5951,12483
-5950,12484
-5949,12485
-5948,12486
-5947,12487
-5946,12488
-5945,12489
-5944,12490
-5943,12491
-5942,12492
-5941,12493
-5940,12494
-5939,12495
-5938,12496
-5937,12497
-5936,12498
-5935,12499
-5934,12500
-5933,12501
-5932,12502
-5931,12503
-5930,12504
-5929,12505
-5928,12506
-5927,12507
-5926,12508
-5925,12509
-5924,12510
-5923,12511
-5922,12512
-5921,12513
-5920,12514
-5919,12515
-5918,12516
-5917,12517
-5916,12518
-5915,12519
-5914,12520
-5913,12521
-5912,12522
-5911,12523
-5910,12524
-5909,12525
-5908,12526
-5907,12527
-5906,12528
-5905,12529
-5904,12530
-5903,12531
-5902,12532
-5901,12533
-5900,12534
-5899,12535
-5898,12536
-5897,12537
-5896,12538
-5895,12539
-5894,12540
-5893,12541
-5892,12542
-5891,12543
-5890,12544
-5889,12545
-5888,12546
-5887,12547
-5886,12548
-5885,12549
-5884,12550
-5883,12551
-5882,12552
-5881,12553
-5880,12554
-5879,12555
-5878,12556
-5877,12557
-5876,12558
-5875,12559
-5874,12560
-5873,12561
-5872,12562
-5871,12563
-5870,12564
-5869,12565
-5868,12566
-5867,12567
-5866,12568
-5865,12569
-5864,12570
-5863,12571
-5862,12572
-5861,12573
-5860,12574
-5859,12575
-5858,12576
-5857,12577
-5856,12578
-5855,12579
-5854,12580
-5853,12581
-5852,12582
-5851,12583
-5850,12584
-5849,12585
-5848,12586
-5847,12587
-5846,12588
-5845,12589
-5844,12590
-5843,12591
-5842,12592
-5841,12593
-5840,12594
-5839,12595
-5838,12596
-5837,12597
-5836,12598
-5835,12599
-5834,12600
-5833,12601
-5832,12602
-5831,12603
-5830,12604
-5829,12605
-5828,12606
-5827,12607
-5826,12608
-5825,12609
-5824,12610
-5823,12611
-5822,12612
-5821,12613
-5820,12614
-5819,12615
-5818,12616
-5817,12617
-5816,12618
-5815,12619
-5814,12620
-5813,12621
-5812,12622
-5811,12623
-5810,12624
-5809,12625
-5808,12626
-5807,12627
-5806,12628
-5805,12629
-5804,12630
-5803,12631
-5802,12632
-5801,12633
-5800,12634
-5799,12635
-5798,12636
-5797,12637
-5796,12638
-5795,12639
-5794,12640
-5793,12641
-5792,12642
-5791,12643
-5790,12644
-5789,12645
-5788,12646
-5787,12647
-5786,12648
-5785,12649
-5784,12650
-5783,12651
-5782,12652
-5781,12653
-5780,12654
-5779,12655
-5778,12656
-5777,12657
-5776,12658
-5775,12659
-5774,12660
-5773,12661
-5772,12662
-5771,12663
-5770,12664
-5769,12665
-5768,12666
-5767,12667
-5766,12668
-5765,12669
-5764,12670
-5763,12671
-5762,12672
-5761,12673
-5760,12674
-5759,12675
-5758,12676
-5757,12677
-5756,12678
-5755,12679
-5754,12680
-5753,12681
-5752,12682
-5751,12683
-5750,12684
-5749,12685
-5748,12686
-5747,12687
-5746,12688
-5745,12689
-5744,12690
-5743,12691
-5742,12692
-5741,12693
-5740,12694
-5739,12695
-5738,12696
-5737,12697
-5736,12698
-5735,12699
-5734,12700
-5733,12701
-5732,12702
-5731,12703
-5730,12704
-5729,12705
-5728,12706
-5727,12707
-5726,12708
-5725,12709
-5724,12710
-5723,12711
-5722,12712
-5721,12713
-5720,12714
-5719,12715
-5718,12716
-5717,12717
-5716,12718
-5715,12719
-5714,12720
-5713,12721
-5712,12722
-5711,12723
-5710,12724
-5709,12725
-5708,12726
-5707,12727
-5706,12728
-5705,12729
-5704,12730
-5703,12731
-5702,12732
-5701,12733
-5700,12734
-5699,12735
-5698,12736
-5697,12737
-5696,12738
-5695,12739
-5694,12740
-5693,12741
-5692,12742
-5691,12743
-5690,12744
-5689,12745
-5688,12746
-5687,12747
-5686,12748
-5685,12749
-5684,12750
-5683,12751
-5682,12752
-5681,12753
-5680,12754
-5679,12755
-5678,12756
-5677,12757
-5676,12758
-5675,12759
-5674,12760
-5673,12761
-5672,12762
-5671,12763
-5670,12764
-5669,12765
-5668,12766
-5667,12767
-5666,12768
-5665,12769
-5664,12770
-5663,12771
-5662,12772
-5661,12773
-5660,12774
-5659,12775
-5658,12776
-5657,12777
-5656,12778
-5655,12779
-5654,12780
-5653,12781
-5652,12782
-5651,12783
-5650,12784
-5649,12785
-5648,12786
-5647,12787
-5646,12788
-5645,12789
-5644,12790
-5643,12791
-5642,12792
-5641,12793
-5640,12794
-5639,12795
-5638,12796
-5637,12797
-5636,12798
-5635,12799
-5634,12800
-5633,12801
-5632,12802
-5631,12803
-5630,12804
-5629,12805
-5628,12806
-5627,12807
-5626,12808
-5625,12809
-5624,12810
-5623,12811
-5622,12812
-5621,12813
-5620,12814
-5619,12815
-5618,12816
-5617,12817
-5616,12818
-5615,12819
-5614,12820
-5613,12821
-5612,12822
-5611,12823
-5610,12824
-5609,12825
-5608,12826
-5607,12827
-5606,12828
-5605,12829
-5604,12830
-5603,12831
-5602,12832
-5601,12833
-5600,12834
-5599,12835
-5598,12836
-5597,12837
-5596,12838
-5595,12839
-5594,12840
-5593,12841
-5592,12842
-5591,12843
-5590,12844
-5589,12845
-5588,12846
-5587,12847
-5586,12848
-5585,12849
-5584,12850
-5583,12851
-5582,12852
-5581,12853
-5580,12854
-5579,12855
-5578,12856
-5577,12857
-5576,12858
-5575,12859
-5574,12860
-5573,12861
-5572,12862
-5571,12863
-5570,12864
-5569,12865
-5568,12866
-5567,12867
-5566,12868
-5565,12869
-5564,12870
-5563,12871
-5562,12872
-5561,12873
-5560,12874
-5559,12875
-5558,12876
-5557,12877
-5556,12878
-5555,12879
-5554,12880
-5553,12881
-5552,12882
-5551,12883
-5550,12884
-5549,12885
-5548,12886
-5547,12887
-5546,12888
-5545,12889
-5544,12890
-5543,12891
-5542,12892
-5541,12893
-5540,12894
-5539,12895
-5538,12896
-5537,12897
-5536,12898
-5535,12899
-5534,12900
-5533,12901
-5532,12902
-5531,12903
-5530,12904
-5529,12905
-5528,12906
-5527,12907
-5526,12908
-5525,12909
-5524,12910
-5523,12911
-5522,12912
-5521,12913
-5520,12914
-5519,12915
-5518,12916
-5517,12917
-5516,12918
-5515,12919
-5514,12920
-5513,12921
-5512,12922
-5511,12923
-5510,12924
-5509,12925
-5508,12926
-5507,12927
-5506,12928
-5505,12929
-5504,12930
-5503,12931
-5502,12932
-5501,12933
-5500,12934
-5499,12935
-5498,12936
-5497,12937
-5496,12938
-5495,12939
-5494,12940
-5493,12941
-5492,12942
-5491,12943
-5490,12944
-5489,12945
-5488,12946
-5487,12947
-5486,12948
-5485,12949
-5484,12950
-5483,12951
-5482,12952
-5481,12953
-5480,12954
-5479,12955
-5478,12956
-5477,12957
-5476,12958
-5475,12959
-5474,12960
-5473,12961
-5472,12962
-5471,12963
-5470,12964
-5469,12965
-5468,12966
-5467,12967
-5466,12968
-5465,12969
-5464,12970
-5463,12971
-5462,12972
-5461,12973
-5460,12974
-5459,12975
-5458,12976
-5457,12977
-5456,12978
-5455,12979
-5454,12980
-5453,12981
-5452,12982
-5451,12983
-5450,12984
-5449,12985
-5448,12986
-5447,12987
-5446,12988
-5445,12989
-5444,12990
-5443,12991
-5442,12992
-5441,12993
-5440,12994
-5439,12995
-5438,12996
-5437,12997
-5436,12998
-5435,12999
-5434,13000
-5433,13001
-5432,13002
-5431,13003
-5430,13004
-5429,13005
-5428,13006
-5427,13007
-5426,13008
-5425,13009
-5424,13010
-5423,13011
-5422,13012
-5421,13013
-5420,13014
-5419,13015
-5418,13016
-5417,13017
-5416,13018
-5415,13019
-5414,13020
-5413,13021
-5412,13022
-5411,13023
-5410,13024
-5409,13025
-5408,13026
-5407,13027
-5406,13028
-5405,13029
-5404,13030
-5403,13031
-5402,13032
-5401,13033
-5400,13034
-5399,13035
-5398,13036
-5397,13037
-5396,13038
-5395,13039
-5394,13040
-5393,13041
-5392,13042
-5391,13043
-5390,13044
-5389,13045
-5388,13046
-5387,13047
-5386,13048
-5385,13049
-5384,13050
-5383,13051
-5382,13052
-5381,13053
-5380,13054
-5379,13055
-5378,13056
-5377,13057
-5376,13058
-5375,13059
-5374,13060
-5373,13061
-5372,13062
-5371,13063
-5370,13064
-5369,13065
-5368,13066
-5367,13067
-5366,13068
-5365,13069
-5364,13070
-5363,13071
-5362,13072
-5361,13073
-5360,13074
-5359,13075
-5358,13076
-5357,13077
-5356,13078
-5355,13079
-5354,13080
-5353,13081
-5352,13082
-5351,13083
-5350,13084
-5349,13085
-5348,13086
-5347,13087
-5346,13088
-5345,13089
-5344,13090
-5343,13091
-5342,13092
-5341,13093
-5340,13094
-5339,13095
-5338,13096
-5337,13097
-5336,13098
-5335,13099
-5334,13100
-5333,13101
-5332,13102
-5331,13103
-5330,13104
-5329,13105
-5328,13106
-5327,13107
-5326,13108
-5325,13109
-5324,13110
-5323,13111
-5322,13112
-5321,13113
-5320,13114
-5319,13115
-5318,13116
-5317,13117
-5316,13118
-5315,13119
-5314,13120
-5313,13121
-5312,13122
-5311,13123
-5310,13124
-5309,13125
-5308,13126
-5307,13127
-5306,13128
-5305,13129
-5304,13130
-5303,13131
-5302,13132
-5301,13133
-5300,13134
-5299,13135
-5298,13136
-5297,13137
-5296,13138
-5295,13139
-5294,13140
-5293,13141
-5292,13142
-5291,13143
-5290,13144
-5289,13145
-5288,13146
-5287,13147
-5286,13148
-5285,13149
-5284,13150
-5283,13151
-5282,13152
-5281,13153
-5280,13154
-5279,13155
-5278,13156
-5277,13157
-5276,13158
-5275,13159
-5274,13160
-5273,13161
-5272,13162
-5271,13163
-5270,13164
-5269,13165
-5268,13166
-5267,13167
-5266,13168
-5265,13169
-5264,13170
-5263,13171
-5262,13172
-5261,13173
-5260,13174
-5259,13175
-5258,13176
-5257,13177
-5256,13178
-5255,13179
-5254,13180
-5253,13181
-5252,13182
-5251,13183
-5250,13184
-5249,13185
-5248,13186
-5247,13187
-5246,13188
-5245,13189
-5244,13190
-5243,13191
-5242,13192
-5241,13193
-5240,13194
-5239,13195
-5238,13196
-5237,13197
-5236,13198
-5235,13199
-5234,13200
-5233,13201
-5232,13202
-5231,13203
-5230,13204
-5229,13205
-5228,13206
-5227,13207
-5226,13208
-5225,13209
-5224,13210
-5223,13211
-5222,13212
-5221,13213
-5220,13214
-5219,13215
-5218,13216
-5217,13217
-5216,13218
-5215,13219
-5214,13220
-5213,13221
-5212,13222
-5211,13223
-5210,13224
-5209,13225
-5208,13226
-5207,13227
-5206,13228
-5205,13229
-5204,13230
-5203,13231
-5202,13232
-5201,13233
-5200,13234
-5199,13235
-5198,13236
-5197,13237
-5196,13238
-5195,13239
-5194,13240
-5193,13241
-5192,13242
-5191,13243
-5190,13244
-5189,13245
-5188,13246
-5187,13247
-5186,13248
-5185,13249
-5184,13250
-5183,13251
-5182,13252
-5181,13253
-5180,13254
-5179,13255
-5178,13256
-5177,13257
-5176,13258
-5175,13259
-5174,13260
-5173,13261
-5172,13262
-5171,13263
-5170,13264
-5169,13265
-5168,13266
-5167,13267
-5166,13268
-5165,13269
-5164,13270
-5163,13271
-5162,13272
-5161,13273
-5160,13274
-5159,13275
-5158,13276
-5157,13277
-5156,13278
-5155,13279
-5154,13280
-5153,13281
-5152,13282
-5151,13283
-5150,13284
-5149,13285
-5148,13286
-5147,13287
-5146,13288
-5145,13289
-5144,13290
-5143,13291
-5142,13292
-5141,13293
-5140,13294
-5139,13295
-5138,13296
-5137,13297
-5136,13298
-5135,13299
-5134,13300
-5133,13301
-5132,13302
-5131,13303
-5130,13304
-5129,13305
-5128,13306
-5127,13307
-5126,13308
-5125,13309
-5124,13310
-5123,13311
-5122,13312
-5121,13313
-5120,13314
-5119,13315
-5118,13316
-5117,13317
-5116,13318
-5115,13319
-5114,13320
-5113,13321
-5112,13322
-5111,13323
-5110,13324
-5109,13325
-5108,13326
-5107,13327
-5106,13328
-5105,13329
-5104,13330
-5103,13331
-5102,13332
-5101,13333
-5100,13334
-5099,13335
-5098,13336
-5097,13337
-5096,13338
-5095,13339
-5094,13340
-5093,13341
-5092,13342
-5091,13343
-5090,13344
-5089,13345
-5088,13346
-5087,13347
-5086,13348
-5085,13349
-5084,13350
-5083,13351
-5082,13352
-5081,13353
-5080,13354
-5079,13355
-5078,13356
-5077,13357
-5076,13358
-5075,13359
-5074,13360
-5073,13361
-5072,13362
-5071,13363
-5070,13364
-5069,13365
-5068,13366
-5067,13367
-5066,13368
-5065,13369
-5064,13370
-5063,13371
-5062,13372
-5061,13373
-5060,13374
-5059,13375
-5058,13376
-5057,13377
-5056,13378
-5055,13379
-5054,13380
-5053,13381
-5052,13382
-5051,13383
-5050,13384
-5049,13385
-5048,13386
-5047,13387
-5046,13388
-5045,13389
-5044,13390
-5043,13391
-5042,13392
-5041,13393
-5040,13394
-5039,13395
-5038,13396
-5037,13397
-5036,13398
-5035,13399
-5034,13400
-5033,13401
-5032,13402
-5031,13403
-5030,13404
-5029,13405
-5028,13406
-5027,13407
-5026,13408
-5025,13409
-5024,13410
-5023,13411
-5022,13412
-5021,13413
-5020,13414
-5019,13415
-5018,13416
-5017,13417
-5016,13418
-5015,13419
-5014,13420
-5013,13421
-5012,13422
-5011,13423
-5010,13424
-5009,13425
-5008,13426
-5007,13427
-5006,13428
-5005,13429
-5004,13430
-5003,13431
-5002,13432
-5001,13433
-5000,13434
-4999,13435
-4998,13436
-4997,13437
-4996,13438
-4995,13439
-4994,13440
-4993,13441
-4992,13442
-4991,13443
-4990,13444
-4989,13445
-4988,13446
-4987,13447
-4986,13448
-4985,13449
-4984,13450
-4983,13451
-4982,13452
-4981,13453
-4980,13454
-4979,13455
-4978,13456
-4977,13457
-4976,13458
-4975,13459
-4974,13460
-4973,13461
-4972,13462
-4971,13463
-4970,13464
-4969,13465
-4968,13466
-4967,13467
-4966,13468
-4965,13469
-4964,13470
-4963,13471
-4962,13472
-4961,13473
-4960,13474
-4959,13475
-4958,13476
-4957,13477
-4956,13478
-4955,13479
-4954,13480
-4953,13481
-4952,13482
-4951,13483
-4950,13484
-4949,13485
-4948,13486
-4947,13487
-4946,13488
-4945,13489
-4944,13490
-4943,13491
-4942,13492
-4941,13493
-4940,13494
-4939,13495
-4938,13496
-4937,13497
-4936,13498
-4935,13499
-4934,13500
-4933,13501
-4932,13502
-4931,13503
-4930,13504
-4929,13505
-4928,13506
-4927,13507
-4926,13508
-4925,13509
-4924,13510
-4923,13511
-4922,13512
-4921,13513
-4920,13514
-4919,13515
-4918,13516
-4917,13517
-4916,13518
-4915,13519
-4914,13520
-4913,13521
-4912,13522
-4911,13523
-4910,13524
-4909,13525
-4908,13526
-4907,13527
-4906,13528
-4905,13529
-4904,13530
-4903,13531
-4902,13532
-4901,13533
-4900,13534
-4899,13535
-4898,13536
-4897,13537
-4896,13538
-4895,13539
-4894,13540
-4893,13541
-4892,13542
-4891,13543
-4890,13544
-4889,13545
-4888,13546
-4887,13547
-4886,13548
-4885,13549
-4884,13550
-4883,13551
-4882,13552
-4881,13553
-4880,13554
-4879,13555
-4878,13556
-4877,13557
-4876,13558
-4875,13559
-4874,13560
-4873,13561
-4872,13562
-4871,13563
-4870,13564
-4869,13565
-4868,13566
-4867,13567
-4866,13568
-4865,13569
-4864,13570
-4863,13571
-4862,13572
-4861,13573
-4860,13574
-4859,13575
-4858,13576
-4857,13577
-4856,13578
-4855,13579
-4854,13580
-4853,13581
-4852,13582
-4851,13583
-4850,13584
-4849,13585
-4848,13586
-4847,13587
-4846,13588
-4845,13589
-4844,13590
-4843,13591
-4842,13592
-4841,13593
-4840,13594
-4839,13595
-4838,13596
-4837,13597
-4836,13598
-4835,13599
-4834,13600
-4833,13601
-4832,13602
-4831,13603
-4830,13604
-4829,13605
-4828,13606
-4827,13607
-4826,13608
-4825,13609
-4824,13610
-4823,13611
-4822,13612
-4821,13613
-4820,13614
-4819,13615
-4818,13616
-4817,13617
-4816,13618
-4815,13619
-4814,13620
-4813,13621
-4812,13622
-4811,13623
-4810,13624
-4809,13625
-4808,13626
-4807,13627
-4806,13628
-4805,13629
-4804,13630
-4803,13631
-4802,13632
-4801,13633
-4800,13634
-4799,13635
-4798,13636
-4797,13637
-4796,13638
-4795,13639
-4794,13640
-4793,13641
-4792,13642
-4791,13643
-4790,13644
-4789,13645
-4788,13646
-4787,13647
-4786,13648
-4785,13649
-4784,13650
-4783,13651
-4782,13652
-4781,13653
-4780,13654
-4779,13655
-4778,13656
-4777,13657
-4776,13658
-4775,13659
-4774,13660
-4773,13661
-4772,13662
-4771,13663
-4770,13664
-4769,13665
-4768,13666
-4767,13667
-4766,13668
-4765,13669
-4764,13670
-4763,13671
-4762,13672
-4761,13673
-4760,13674
-4759,13675
-4758,13676
-4757,13677
-4756,13678
-4755,13679
-4754,13680
-4753,13681
-4752,13682
-4751,13683
-4750,13684
-4749,13685
-4748,13686
-4747,13687
-4746,13688
-4745,13689
-4744,13690
-4743,13691
-4742,13692
-4741,13693
-4740,13694
-4739,13695
-4738,13696
-4737,13697
-4736,13698
-4735,13699
-4734,13700
-4733,13701
-4732,13702
-4731,13703
-4730,13704
-4729,13705
-4728,13706
-4727,13707
-4726,13708
-4725,13709
-4724,13710
-4723,13711
-4722,13712
-4721,13713
-4720,13714
-4719,13715
-4718,13716
-4717,13717
-4716,13718
-4715,13719
-4714,13720
-4713,13721
-4712,13722
-4711,13723
-4710,13724
-4709,13725
-4708,13726
-4707,13727
-4706,13728
-4705,13729
-4704,13730
-4703,13731
-4702,13732
-4701,13733
-4700,13734
-4699,13735
-4698,13736
-4697,13737
-4696,13738
-4695,13739
-4694,13740
-4693,13741
-4692,13742
-4691,13743
-4690,13744
-4689,13745
-4688,13746
-4687,13747
-4686,13748
-4685,13749
-4684,13750
-4683,13751
-4682,13752
-4681,13753
-4680,13754
-4679,13755
-4678,13756
-4677,13757
-4676,13758
-4675,13759
-4674,13760
-4673,13761
-4672,13762
-4671,13763
-4670,13764
-4669,13765
-4668,13766
-4667,13767
-4666,13768
-4665,13769
-4664,13770
-4663,13771
-4662,13772
-4661,13773
-4660,13774
-4659,13775
-4658,13776
-4657,13777
-4656,13778
-4655,13779
-4654,13780
-4653,13781
-4652,13782
-4651,13783
-4650,13784
-4649,13785
-4648,13786
-4647,13787
-4646,13788
-4645,13789
-4644,13790
-4643,13791
-4642,13792
-4641,13793
-4640,13794
-4639,13795
-4638,13796
-4637,13797
-4636,13798
-4635,13799
-4634,13800
-4633,13801
-4632,13802
-4631,13803
-4630,13804
-4629,13805
-4628,13806
-4627,13807
-4626,13808
-4625,13809
-4624,13810
-4623,13811
-4622,13812
-4621,13813
-4620,13814
-4619,13815
-4618,13816
-4617,13817
-4616,13818
-4615,13819
-4614,13820
-4613,13821
-4612,13822
-4611,13823
-4610,13824
-4609,13825
-4608,13826
-4607,13827
-4606,13828
-4605,13829
-4604,13830
-4603,13831
-4602,13832
-4601,13833
-4600,13834
-4599,13835
-4598,13836
-4597,13837
-4596,13838
-4595,13839
-4594,13840
-4593,13841
-4592,13842
-4591,13843
-4590,13844
-4589,13845
-4588,13846
-4587,13847
-4586,13848
-4585,13849
-4584,13850
-4583,13851
-4582,13852
-4581,13853
-4580,13854
-4579,13855
-4578,13856
-4577,13857
-4576,13858
-4575,13859
-4574,13860
-4573,13861
-4572,13862
-4571,13863
-4570,13864
-4569,13865
-4568,13866
-4567,13867
-4566,13868
-4565,13869
-4564,13870
-4563,13871
-4562,13872
-4561,13873
-4560,13874
-4559,13875
-4558,13876
-4557,13877
-4556,13878
-4555,13879
-4554,13880
-4553,13881
-4552,13882
-4551,13883
-4550,13884
-4549,13885
-4548,13886
-4547,13887
-4546,13888
-4545,13889
-4544,13890
-4543,13891
-4542,13892
-4541,13893
-4540,13894
-4539,13895
-4538,13896
-4537,13897
-4536,13898
-4535,13899
-4534,13900
-4533,13901
-4532,13902
-4531,13903
-4530,13904
-4529,13905
-4528,13906
-4527,13907
-4526,13908
-4525,13909
-4524,13910
-4523,13911
-4522,13912
-4521,13913
-4520,13914
-4519,13915
-4518,13916
-4517,13917
-4516,13918
-4515,13919
-4514,13920
-4513,13921
-4512,13922
-4511,13923
-4510,13924
-4509,13925
-4508,13926
-4507,13927
-4506,13928
-4505,13929
-4504,13930
-4503,13931
-4502,13932
-4501,13933
-4500,13934
-4499,13935
-4498,13936
-4497,13937
-4496,13938
-4495,13939
-4494,13940
-4493,13941
-4492,13942
-4491,13943
-4490,13944
-4489,13945
-4488,13946
-4487,13947
-4486,13948
-4485,13949
-4484,13950
-4483,13951
-4482,13952
-4481,13953
-4480,13954
-4479,13955
-4478,13956
-4477,13957
-4476,13958
-4475,13959
-4474,13960
-4473,13961
-4472,13962
-4471,13963
-4470,13964
-4469,13965
-4468,13966
-4467,13967
-4466,13968
-4465,13969
-4464,13970
-4463,13971
-4462,13972
-4461,13973
-4460,13974
-4459,13975
-4458,13976
-4457,13977
-4456,13978
-4455,13979
-4454,13980
-4453,13981
-4452,13982
-4451,13983
-4450,13984
-4449,13985
-4448,13986
-4447,13987
-4446,13988
-4445,13989
-4444,13990
-4443,13991
-4442,13992
-4441,13993
-4440,13994
-4439,13995
-4438,13996
-4437,13997
-4436,13998
-4435,13999
-4434,14000
-4433,14001
-4432,14002
-4431,14003
-4430,14004
-4429,14005
-4428,14006
-4427,14007
-4426,14008
-4425,14009
-4424,14010
-4423,14011
-4422,14012
-4421,14013
-4420,14014
-4419,14015
-4418,14016
-4417,14017
-4416,14018
-4415,14019
-4414,14020
-4413,14021
-4412,14022
-4411,14023
-4410,14024
-4409,14025
-4408,14026
-4407,14027
-4406,14028
-4405,14029
-4404,14030
-4403,14031
-4402,14032
-4401,14033
-4400,14034
-4399,14035
-4398,14036
-4397,14037
-4396,14038
-4395,14039
-4394,14040
-4393,14041
-4392,14042
-4391,14043
-4390,14044
-4389,14045
-4388,14046
-4387,14047
-4386,14048
-4385,14049
-4384,14050
-4383,14051
-4382,14052
-4381,14053
-4380,14054
-4379,14055
-4378,14056
-4377,14057
-4376,14058
-4375,14059
-4374,14060
-4373,14061
-4372,14062
-4371,14063
-4370,14064
-4369,14065
-4368,14066
-4367,14067
-4366,14068
-4365,14069
-4364,14070
-4363,14071
-4362,14072
-4361,14073
-4360,14074
-4359,14075
-4358,14076
-4357,14077
-4356,14078
-4355,14079
-4354,14080
-4353,14081
-4352,14082
-4351,14083
-4350,14084
-4349,14085
-4348,14086
-4347,14087
-4346,14088
-4345,14089
-4344,14090
-4343,14091
-4342,14092
-4341,14093
-4340,14094
-4339,14095
-4338,14096
-4337,14097
-4336,14098
-4335,14099
-4334,14100
-4333,14101
-4332,14102
-4331,14103
-4330,14104
-4329,14105
-4328,14106
-4327,14107
-4326,14108
-4325,14109
-4324,14110
-4323,14111
-4322,14112
-4321,14113
-4320,14114
-4319,14115
-4318,14116
-4317,14117
-4316,14118
-4315,14119
-4314,14120
-4313,14121
-4312,14122
-4311,14123
-4310,14124
-4309,14125
-4308,14126
-4307,14127
-4306,14128
-4305,14129
-4304,14130
-4303,14131
-4302,14132
-4301,14133
-4300,14134
-4299,14135
-4298,14136
-4297,14137
-4296,14138
-4295,14139
-4294,14140
-4293,14141
-4292,14142
-4291,14143
-4290,14144
-4289,14145
-4288,14146
-4287,14147
-4286,14148
-4285,14149
-4284,14150
-4283,14151
-4282,14152
-4281,14153
-4280,14154
-4279,14155
-4278,14156
-4277,14157
-4276,14158
-4275,14159
-4274,14160
-4273,14161
-4272,14162
-4271,14163
-4270,14164
-4269,14165
-4268,14166
-4267,14167
-4266,14168
-4265,14169
-4264,14170
-4263,14171
-4262,14172
-4261,14173
-4260,14174
-4259,14175
-4258,14176
-4257,14177
-4256,14178
-4255,14179
-4254,14180
-4253,14181
-4252,14182
-4251,14183
-4250,14184
-4249,14185
-4248,14186
-4247,14187
-4246,14188
-4245,14189
-4244,14190
-4243,14191
-4242,14192
-4241,14193
-4240,14194
-4239,14195
-4238,14196
-4237,14197
-4236,14198
-4235,14199
-4234,14200
-4233,14201
-4232,14202
-4231,14203
-4230,14204
-4229,14205
-4228,14206
-4227,14207
-4226,14208
-4225,14209
-4224,14210
-4223,14211
-4222,14212
-4221,14213
-4220,14214
-4219,14215
-4218,14216
-4217,14217
-4216,14218
-4215,14219
-4214,14220
-4213,14221
-4212,14222
-4211,14223
-4210,14224
-4209,14225
-4208,14226
-4207,14227
-4206,14228
-4205,14229
-4204,14230
-4203,14231
-4202,14232
-4201,14233
-4200,14234
-4199,14235
-4198,14236
-4197,14237
-4196,14238
-4195,14239
-4194,14240
-4193,14241
-4192,14242
-4191,14243
-4190,14244
-4189,14245
-4188,14246
-4187,14247
-4186,14248
-4185,14249
-4184,14250
-4183,14251
-4182,14252
-4181,14253
-4180,14254
-4179,14255
-4178,14256
-4177,14257
-4176,14258
-4175,14259
-4174,14260
-4173,14261
-4172,14262
-4171,14263
-4170,14264
-4169,14265
-4168,14266
-4167,14267
-4166,14268
-4165,14269
-4164,14270
-4163,14271
-4162,14272
-4161,14273
-4160,14274
-4159,14275
-4158,14276
-4157,14277
-4156,14278
-4155,14279
-4154,14280
-4153,14281
-4152,14282
-4151,14283
-4150,14284
-4149,14285
-4148,14286
-4147,14287
-4146,14288
-4145,14289
-4144,14290
-4143,14291
-4142,14292
-4141,14293
-4140,14294
-4139,14295
-4138,14296
-4137,14297
-4136,14298
-4135,14299
-4134,14300
-4133,14301
-4132,14302
-4131,14303
-4130,14304
-4129,14305
-4128,14306
-4127,14307
-4126,14308
-4125,14309
-4124,14310
-4123,14311
-4122,14312
-4121,14313
-4120,14314
-4119,14315
-4118,14316
-4117,14317
-4116,14318
-4115,14319
-4114,14320
-4113,14321
-4112,14322
-4111,14323
-4110,14324
-4109,14325
-4108,14326
-4107,14327
-4106,14328
-4105,14329
-4104,14330
-4103,14331
-4102,14332
-4101,14333
-4100,14334
-4099,14335
-4098,14336
-4097,14337
-4096,14338
-4095,14339
-4094,14340
-4093,14341
-4092,14342
-4091,14343
-4090,14344
-4089,14345
-4088,14346
-4087,14347
-4086,14348
-4085,14349
-4084,14350
-4083,14351
-4082,14352
-4081,14353
-4080,14354
-4079,14355
-4078,14356
-4077,14357
-4076,14358
-4075,14359
-4074,14360
-4073,14361
-4072,14362
-4071,14363
-4070,14364
-4069,14365
-4068,14366
-4067,14367
-4066,14368
-4065,14369
-4064,14370
-4063,14371
-4062,14372
-4061,14373
-4060,14374
-4059,14375
-4058,14376
-4057,14377
-4056,14378
-4055,14379
-4054,14380
-4053,14381
-4052,14382
-4051,14383
-4050,14384
-4049,14385
-4048,14386
-4047,14387
-4046,14388
-4045,14389
-4044,14390
-4043,14391
-4042,14392
-4041,14393
-4040,14394
-4039,14395
-4038,14396
-4037,14397
-4036,14398
-4035,14399
-4034,14400
-4033,14401
-4032,14402
-4031,14403
-4030,14404
-4029,14405
-4028,14406
-4027,14407
-4026,14408
-4025,14409
-4024,14410
-4023,14411
-4022,14412
-4021,14413
-4020,14414
-4019,14415
-4018,14416
-4017,14417
-4016,14418
-4015,14419
-4014,14420
-4013,14421
-4012,14422
-4011,14423
-4010,14424
-4009,14425
-4008,14426
-4007,14427
-4006,14428
-4005,14429
-4004,14430
-4003,14431
-4002,14432
-4001,14433
-4000,14434
-3999,14435
-3998,14436
-3997,14437
-3996,14438
-3995,14439
-3994,14440
-3993,14441
-3992,14442
-3991,14443
-3990,14444
-3989,14445
-3988,14446
-3987,14447
-3986,14448
-3985,14449
-3984,14450
-3983,14451
-3982,14452
-3981,14453
-3980,14454
-3979,14455
-3978,14456
-3977,14457
-3976,14458
-3975,14459
-3974,14460
-3973,14461
-3972,14462
-3971,14463
-3970,14464
-3969,14465
-3968,14466
-3967,14467
-3966,14468
-3965,14469
-3964,14470
-3963,14471
-3962,14472
-3961,14473
-3960,14474
-3959,14475
-3958,14476
-3957,14477
-3956,14478
-3955,14479
-3954,14480
-3953,14481
-3952,14482
-3951,14483
-3950,14484
-3949,14485
-3948,14486
-3947,14487
-3946,14488
-3945,14489
-3944,14490
-3943,14491
-3942,14492
-3941,14493
-3940,14494
-3939,14495
-3938,14496
-3937,14497
-3936,14498
-3935,14499
-3934,14500
-3933,14501
-3932,14502
-3931,14503
-3930,14504
-3929,14505
-3928,14506
-3927,14507
-3926,14508
-3925,14509
-3924,14510
-3923,14511
-3922,14512
-3921,14513
-3920,14514
-3919,14515
-3918,14516
-3917,14517
-3916,14518
-3915,14519
-3914,14520
-3913,14521
-3912,14522
-3911,14523
-3910,14524
-3909,14525
-3908,14526
-3907,14527
-3906,14528
-3905,14529
-3904,14530
-3903,14531
-3902,14532
-3901,14533
-3900,14534
-3899,14535
-3898,14536
-3897,14537
-3896,14538
-3895,14539
-3894,14540
-3893,14541
-3892,14542
-3891,14543
-3890,14544
-3889,14545
-3888,14546
-3887,14547
-3886,14548
-3885,14549
-3884,14550
-3883,14551
-3882,14552
-3881,14553
-3880,14554
-3879,14555
-3878,14556
-3877,14557
-3876,14558
-3875,14559
-3874,14560
-3873,14561
-3872,14562
-3871,14563
-3870,14564
-3869,14565
-3868,14566
-3867,14567
-3866,14568
-3865,14569
-3864,14570
-3863,14571
-3862,14572
-3861,14573
-3860,14574
-3859,14575
-3858,14576
-3857,14577
-3856,14578
-3855,14579
-3854,14580
-3853,14581
-3852,14582
-3851,14583
-3850,14584
-3849,14585
-3848,14586
-3847,14587
-3846,14588
-3845,14589
-3844,14590
-3843,14591
-3842,14592
-3841,14593
-3840,14594
-3839,14595
-3838,14596
-3837,14597
-3836,14598
-3835,14599
-3834,14600
-3833,14601
-3832,14602
-3831,14603
-3830,14604
-3829,14605
-3828,14606
-3827,14607
-3826,14608
-3825,14609
-3824,14610
-3823,14611
-3822,14612
-3821,14613
-3820,14614
-3819,14615
-3818,14616
-3817,14617
-3816,14618
-3815,14619
-3814,14620
-3813,14621
-3812,14622
-3811,14623
-3810,14624
-3809,14625
-3808,14626
-3807,14627
-3806,14628
-3805,14629
-3804,14630
-3803,14631
-3802,14632
-3801,14633
-3800,14634
-3799,14635
-3798,14636
-3797,14637
-3796,14638
-3795,14639
-3794,14640
-3793,14641
-3792,14642
-3791,14643
-3790,14644
-3789,14645
-3788,14646
-3787,14647
-3786,14648
-3785,14649
-3784,14650
-3783,14651
-3782,14652
-3781,14653
-3780,14654
-3779,14655
-3778,14656
-3777,14657
-3776,14658
-3775,14659
-3774,14660
-3773,14661
-3772,14662
-3771,14663
-3770,14664
-3769,14665
-3768,14666
-3767,14667
-3766,14668
-3765,14669
-3764,14670
-3763,14671
-3762,14672
-3761,14673
-3760,14674
-3759,14675
-3758,14676
-3757,14677
-3756,14678
-3755,14679
-3754,14680
-3753,14681
-3752,14682
-3751,14683
-3750,14684
-3749,14685
-3748,14686
-3747,14687
-3746,14688
-3745,14689
-3744,14690
-3743,14691
-3742,14692
-3741,14693
-3740,14694
-3739,14695
-3738,14696
-3737,14697
-3736,14698
-3735,14699
-3734,14700
-3733,14701
-3732,14702
-3731,14703
-3730,14704
-3729,14705
-3728,14706
-3727,14707
-3726,14708
-3725,14709
-3724,14710
-3723,14711
-3722,14712
-3721,14713
-3720,14714
-3719,14715
-3718,14716
-3717,14717
-3716,14718
-3715,14719
-3714,14720
-3713,14721
-3712,14722
-3711,14723
-3710,14724
-3709,14725
-3708,14726
-3707,14727
-3706,14728
-3705,14729
-3704,14730
-3703,14731
-3702,14732
-3701,14733
-3700,14734
-3699,14735
-3698,14736
-3697,14737
-3696,14738
-3695,14739
-3694,14740
-3693,14741
-3692,14742
-3691,14743
-3690,14744
-3689,14745
-3688,14746
-3687,14747
-3686,14748
-3685,14749
-3684,14750
-3683,14751
-3682,14752
-3681,14753
-3680,14754
-3679,14755
-3678,14756
-3677,14757
-3676,14758
-3675,14759
-3674,14760
-3673,14761
-3672,14762
-3671,14763
-3670,14764
-3669,14765
-3668,14766
-3667,14767
-3666,14768
-3665,14769
-3664,14770
-3663,14771
-3662,14772
-3661,14773
-3660,14774
-3659,14775
-3658,14776
-3657,14777
-3656,14778
-3655,14779
-3654,14780
-3653,14781
-3652,14782
-3651,14783
-3650,14784
-3649,14785
-3648,14786
-3647,14787
-3646,14788
-3645,14789
-3644,14790
-3643,14791
-3642,14792
-3641,14793
-3640,14794
-3639,14795
-3638,14796
-3637,14797
-3636,14798
-3635,14799
-3634,14800
-3633,14801
-3632,14802
-3631,14803
-3630,14804
-3629,14805
-3628,14806
-3627,14807
-3626,14808
-3625,14809
-3624,14810
-3623,14811
-3622,14812
-3621,14813
-3620,14814
-3619,14815
-3618,14816
-3617,14817
-3616,14818
-3615,14819
-3614,14820
-3613,14821
-3612,14822
-3611,14823
-3610,14824
-3609,14825
-3608,14826
-3607,14827
-3606,14828
-3605,14829
-3604,14830
-3603,14831
-3602,14832
-3601,14833
-3600,14834
-3599,14835
-3598,14836
-3597,14837
-3596,14838
-3595,14839
-3594,14840
-3593,14841
-3592,14842
-3591,14843
-3590,14844
-3589,14845
-3588,14846
-3587,14847
-3586,14848
-3585,14849
-3584,14850
-3583,14851
-3582,14852
-3581,14853
-3580,14854
-3579,14855
-3578,14856
-3577,14857
-3576,14858
-3575,14859
-3574,14860
-3573,14861
-3572,14862
-3571,14863
-3570,14864
-3569,14865
-3568,14866
-3567,14867
-3566,14868
-3565,14869
-3564,14870
-3563,14871
-3562,14872
-3561,14873
-3560,14874
-3559,14875
-3558,14876
-3557,14877
-3556,14878
-3555,14879
-3554,14880
-3553,14881
-3552,14882
-3551,14883
-3550,14884
-3549,14885
-3548,14886
-3547,14887
-3546,14888
-3545,14889
-3544,14890
-3543,14891
-3542,14892
-3541,14893
-3540,14894
-3539,14895
-3538,14896
-3537,14897
-3536,14898
-3535,14899
-3534,14900
-3533,14901
-3532,14902
-3531,14903
-3530,14904
-3529,14905
-3528,14906
-3527,14907
-3526,14908
-3525,14909
-3524,14910
-3523,14911
-3522,14912
-3521,14913
-3520,14914
-3519,14915
-3518,14916
-3517,14917
-3516,14918
-3515,14919
-3514,14920
-3513,14921
-3512,14922
-3511,14923
-3510,14924
-3509,14925
-3508,14926
-3507,14927
-3506,14928
-3505,14929
-3504,14930
-3503,14931
-3502,14932
-3501,14933
-3500,14934
-3499,14935
-3498,14936
-3497,14937
-3496,14938
-3495,14939
-3494,14940
-3493,14941
-3492,14942
-3491,14943
-3490,14944
-3489,14945
-3488,14946
-3487,14947
-3486,14948
-3485,14949
-3484,14950
-3483,14951
-3482,14952
-3481,14953
-3480,14954
-3479,14955
-3478,14956
-3477,14957
-3476,14958
-3475,14959
-3474,14960
-3473,14961
-3472,14962
-3471,14963
-3470,14964
-3469,14965
-3468,14966
-3467,14967
-3466,14968
-3465,14969
-3464,14970
-3463,14971
-3462,14972
-3461,14973
-3460,14974
-3459,14975
-3458,14976
-3457,14977
-3456,14978
-3455,14979
-3454,14980
-3453,14981
-3452,14982
-3451,14983
-3450,14984
-3449,14985
-3448,14986
-3447,14987
-3446,14988
-3445,14989
-3444,14990
-3443,14991
-3442,14992
-3441,14993
-3440,14994
-3439,14995
-3438,14996
-3437,14997
-3436,14998
-3435,14999
-3434,15000
-3433,15001
-3432,15002
-3431,15003
-3430,15004
-3429,15005
-3428,15006
-3427,15007
-3426,15008
-3425,15009
-3424,15010
-3423,15011
-3422,15012
-3421,15013
-3420,15014
-3419,15015
-3418,15016
-3417,15017
-3416,15018
-3415,15019
-3414,15020
-3413,15021
-3412,15022
-3411,15023
-3410,15024
-3409,15025
-3408,15026
-3407,15027
-3406,15028
-3405,15029
-3404,15030
-3403,15031
-3402,15032
-3401,15033
-3400,15034
-3399,15035
-3398,15036
-3397,15037
-3396,15038
-3395,15039
-3394,15040
-3393,15041
-3392,15042
-3391,15043
-3390,15044
-3389,15045
-3388,15046
-3387,15047
-3386,15048
-3385,15049
-3384,15050
-3383,15051
-3382,15052
-3381,15053
-3380,15054
-3379,15055
-3378,15056
-3377,15057
-3376,15058
-3375,15059
-3374,15060
-3373,15061
-3372,15062
-3371,15063
-3370,15064
-3369,15065
-3368,15066
-3367,15067
-3366,15068
-3365,15069
-3364,15070
-3363,15071
-3362,15072
-3361,15073
-3360,15074
-3359,15075
-3358,15076
-3357,15077
-3356,15078
-3355,15079
-3354,15080
-3353,15081
-3352,15082
-3351,15083
-3350,15084
-3349,15085
-3348,15086
-3347,15087
-3346,15088
-3345,15089
-3344,15090
-3343,15091
-3342,15092
-3341,15093
-3340,15094
-3339,15095
-3338,15096
-3337,15097
-3336,15098
-3335,15099
-3334,15100
-3333,15101
-3332,15102
-3331,15103
-3330,15104
-3329,15105
-3328,15106
-3327,15107
-3326,15108
-3325,15109
-3324,15110
-3323,15111
-3322,15112
-3321,15113
-3320,15114
-3319,15115
-3318,15116
-3317,15117
-3316,15118
-3315,15119
-3314,15120
-3313,15121
-3312,15122
-3311,15123
-3310,15124
-3309,15125
-3308,15126
-3307,15127
-3306,15128
-3305,15129
-3304,15130
-3303,15131
-3302,15132
-3301,15133
-3300,15134
-3299,15135
-3298,15136
-3297,15137
-3296,15138
-3295,15139
-3294,15140
-3293,15141
-3292,15142
-3291,15143
-3290,15144
-3289,15145
-3288,15146
-3287,15147
-3286,15148
-3285,15149
-3284,15150
-3283,15151
-3282,15152
-3281,15153
-3280,15154
-3279,15155
-3278,15156
-3277,15157
-3276,15158
-3275,15159
-3274,15160
-3273,15161
-3272,15162
-3271,15163
-3270,15164
-3269,15165
-3268,15166
-3267,15167
-3266,15168
-3265,15169
-3264,15170
-3263,15171
-3262,15172
-3261,15173
-3260,15174
-3259,15175
-3258,15176
-3257,15177
-3256,15178
-3255,15179
-3254,15180
-3253,15181
-3252,15182
-3251,15183
-3250,15184
-3249,15185
-3248,15186
-3247,15187
-3246,15188
-3245,15189
-3244,15190
-3243,15191
-3242,15192
-3241,15193
-3240,15194
-3239,15195
-3238,15196
-3237,15197
-3236,15198
-3235,15199
-3234,15200
-3233,15201
-3232,15202
-3231,15203
-3230,15204
-3229,15205
-3228,15206
-3227,15207
-3226,15208
-3225,15209
-3224,15210
-3223,15211
-3222,15212
-3221,15213
-3220,15214
-3219,15215
-3218,15216
-3217,15217
-3216,15218
-3215,15219
-3214,15220
-3213,15221
-3212,15222
-3211,15223
-3210,15224
-3209,15225
-3208,15226
-3207,15227
-3206,15228
-3205,15229
-3204,15230
-3203,15231
-3202,15232
-3201,15233
-3200,15234
-3199,15235
-3198,15236
-3197,15237
-3196,15238
-3195,15239
-3194,15240
-3193,15241
-3192,15242
-3191,15243
-3190,15244
-3189,15245
-3188,15246
-3187,15247
-3186,15248
-3185,15249
-3184,15250
-3183,15251
-3182,15252
-3181,15253
-3180,15254
-3179,15255
-3178,15256
-3177,15257
-3176,15258
-3175,15259
-3174,15260
-3173,15261
-3172,15262
-3171,15263
-3170,15264
-3169,15265
-3168,15266
-3167,15267
-3166,15268
-3165,15269
-3164,15270
-3163,15271
-3162,15272
-3161,15273
-3160,15274
-3159,15275
-3158,15276
-3157,15277
-3156,15278
-3155,15279
-3154,15280
-3153,15281
-3152,15282
-3151,15283
-3150,15284
-3149,15285
-3148,15286
-3147,15287
-3146,15288
-3145,15289
-3144,15290
-3143,15291
-3142,15292
-3141,15293
-3140,15294
-3139,15295
-3138,15296
-3137,15297
-3136,15298
-3135,15299
-3134,15300
-3133,15301
-3132,15302
-3131,15303
-3130,15304
-3129,15305
-3128,15306
-3127,15307
-3126,15308
-3125,15309
-3124,15310
-3123,15311
-3122,15312
-3121,15313
-3120,15314
-3119,15315
-3118,15316
-3117,15317
-3116,15318
-3115,15319
-3114,15320
-3113,15321
-3112,15322
-3111,15323
-3110,15324
-3109,15325
-3108,15326
-3107,15327
-3106,15328
-3105,15329
-3104,15330
-3103,15331
-3102,15332
-3101,15333
-3100,15334
-3099,15335
-3098,15336
-3097,15337
-3096,15338
-3095,15339
-3094,15340
-3093,15341
-3092,15342
-3091,15343
-3090,15344
-3089,15345
-3088,15346
-3087,15347
-3086,15348
-3085,15349
-3084,15350
-3083,15351
-3082,15352
-3081,15353
-3080,15354
-3079,15355
-3078,15356
-3077,15357
-3076,15358
-3075,15359
-3074,15360
-3073,15361
-3072,15362
-3071,15363
-3070,15364
-3069,15365
-3068,15366
-3067,15367
-3066,15368
-3065,15369
-3064,15370
-3063,15371
-3062,15372
-3061,15373
-3060,15374
-3059,15375
-3058,15376
-3057,15377
-3056,15378
-3055,15379
-3054,15380
-3053,15381
-3052,15382
-3051,15383
-3050,15384
-3049,15385
-3048,15386
-3047,15387
-3046,15388
-3045,15389
-3044,15390
-3043,15391
-3042,15392
-3041,15393
-3040,15394
-3039,15395
-3038,15396
-3037,15397
-3036,15398
-3035,15399
-3034,15400
-3033,15401
-3032,15402
-3031,15403
-3030,15404
-3029,15405
-3028,15406
-3027,15407
-3026,15408
-3025,15409
-3024,15410
-3023,15411
-3022,15412
-3021,15413
-3020,15414
-3019,15415
-3018,15416
-3017,15417
-3016,15418
-3015,15419
-3014,15420
-3013,15421
-3012,15422
-3011,15423
-3010,15424
-3009,15425
-3008,15426
-3007,15427
-3006,15428
-3005,15429
-3004,15430
-3003,15431
-3002,15432
-3001,15433
-3000,15434
-2999,15435
-2998,15436
-2997,15437
-2996,15438
-2995,15439
-2994,15440
-2993,15441
-2992,15442
-2991,15443
-2990,15444
-2989,15445
-2988,15446
-2987,15447
-2986,15448
-2985,15449
-2984,15450
-2983,15451
-2982,15452
-2981,15453
-2980,15454
-2979,15455
-2978,15456
-2977,15457
-2976,15458
-2975,15459
-2974,15460
-2973,15461
-2972,15462
-2971,15463
-2970,15464
-2969,15465
-2968,15466
-2967,15467
-2966,15468
-2965,15469
-2964,15470
-2963,15471
-2962,15472
-2961,15473
-2960,15474
-2959,15475
-2958,15476
-2957,15477
-2956,15478
-2955,15479
-2954,15480
-2953,15481
-2952,15482
-2951,15483
-2950,15484
-2949,15485
-2948,15486
-2947,15487
-2946,15488
-2945,15489
-2944,15490
-2943,15491
-2942,15492
-2941,15493
-2940,15494
-2939,15495
-2938,15496
-2937,15497
-2936,15498
-2935,15499
-2934,15500
-2933,15501
-2932,15502
-2931,15503
-2930,15504
-2929,15505
-2928,15506
-2927,15507
-2926,15508
-2925,15509
-2924,15510
-2923,15511
-2922,15512
-2921,15513
-2920,15514
-2919,15515
-2918,15516
-2917,15517
-2916,15518
-2915,15519
-2914,15520
-2913,15521
-2912,15522
-2911,15523
-2910,15524
-2909,15525
-2908,15526
-2907,15527
-2906,15528
-2905,15529
-2904,15530
-2903,15531
-2902,15532
-2901,15533
-2900,15534
-2899,15535
-2898,15536
-2897,15537
-2896,15538
-2895,15539
-2894,15540
-2893,15541
-2892,15542
-2891,15543
-2890,15544
-2889,15545
-2888,15546
-2887,15547
-2886,15548
-2885,15549
-2884,15550
-2883,15551
-2882,15552
-2881,15553
-2880,15554
-2879,15555
-2878,15556
-2877,15557
-2876,15558
-2875,15559
-2874,15560
-2873,15561
-2872,15562
-2871,15563
-2870,15564
-2869,15565
-2868,15566
-2867,15567
-2866,15568
-2865,15569
-2864,15570
-2863,15571
-2862,15572
-2861,15573
-2860,15574
-2859,15575
-2858,15576
-2857,15577
-2856,15578
-2855,15579
-2854,15580
-2853,15581
-2852,15582
-2851,15583
-2850,15584
-2849,15585
-2848,15586
-2847,15587
-2846,15588
-2845,15589
-2844,15590
-2843,15591
-2842,15592
-2841,15593
-2840,15594
-2839,15595
-2838,15596
-2837,15597
-2836,15598
-2835,15599
-2834,15600
-2833,15601
-2832,15602
-2831,15603
-2830,15604
-2829,15605
-2828,15606
-2827,15607
-2826,15608
-2825,15609
-2824,15610
-2823,15611
-2822,15612
-2821,15613
-2820,15614
-2819,15615
-2818,15616
-2817,15617
-2816,15618
-2815,15619
-2814,15620
-2813,15621
-2812,15622
-2811,15623
-2810,15624
-2809,15625
-2808,15626
-2807,15627
-2806,15628
-2805,15629
-2804,15630
-2803,15631
-2802,15632
-2801,15633
-2800,15634
-2799,15635
-2798,15636
-2797,15637
-2796,15638
-2795,15639
-2794,15640
-2793,15641
-2792,15642
-2791,15643
-2790,15644
-2789,15645
-2788,15646
-2787,15647
-2786,15648
-2785,15649
-2784,15650
-2783,15651
-2782,15652
-2781,15653
-2780,15654
-2779,15655
-2778,15656
-2777,15657
-2776,15658
-2775,15659
-2774,15660
-2773,15661
-2772,15662
-2771,15663
-2770,15664
-2769,15665
-2768,15666
-2767,15667
-2766,15668
-2765,15669
-2764,15670
-2763,15671
-2762,15672
-2761,15673
-2760,15674
-2759,15675
-2758,15676
-2757,15677
-2756,15678
-2755,15679
-2754,15680
-2753,15681
-2752,15682
-2751,15683
-2750,15684
-2749,15685
-2748,15686
-2747,15687
-2746,15688
-2745,15689
-2744,15690
-2743,15691
-2742,15692
-2741,15693
-2740,15694
-2739,15695
-2738,15696
-2737,15697
-2736,15698
-2735,15699
-2734,15700
-2733,15701
-2732,15702
-2731,15703
-2730,15704
-2729,15705
-2728,15706
-2727,15707
-2726,15708
-2725,15709
-2724,15710
-2723,15711
-2722,15712
-2721,15713
-2720,15714
-2719,15715
-2718,15716
-2717,15717
-2716,15718
-2715,15719
-2714,15720
-2713,15721
-2712,15722
-2711,15723
-2710,15724
-2709,15725
-2708,15726
-2707,15727
-2706,15728
-2705,15729
-2704,15730
-2703,15731
-2702,15732
-2701,15733
-2700,15734
-2699,15735
-2698,15736
-2697,15737
-2696,15738
-2695,15739
-2694,15740
-2693,15741
-2692,15742
-2691,15743
-2690,15744
-2689,15745
-2688,15746
-2687,15747
-2686,15748
-2685,15749
-2684,15750
-2683,15751
-2682,15752
-2681,15753
-2680,15754
-2679,15755
-2678,15756
-2677,15757
-2676,15758
-2675,15759
-2674,15760
-2673,15761
-2672,15762
-2671,15763
-2670,15764
-2669,15765
-2668,15766
-2667,15767
-2666,15768
-2665,15769
-2664,15770
-2663,15771
-2662,15772
-2661,15773
-2660,15774
-2659,15775
-2658,15776
-2657,15777
-2656,15778
-2655,15779
-2654,15780
-2653,15781
-2652,15782
-2651,15783
-2650,15784
-2649,15785
-2648,15786
-2647,15787
-2646,15788
-2645,15789
-2644,15790
-2643,15791
-2642,15792
-2641,15793
-2640,15794
-2639,15795
-2638,15796
-2637,15797
-2636,15798
-2635,15799
-2634,15800
-2633,15801
-2632,15802
-2631,15803
-2630,15804
-2629,15805
-2628,15806
-2627,15807
-2626,15808
-2625,15809
-2624,15810
-2623,15811
-2622,15812
-2621,15813
-2620,15814
-2619,15815
-2618,15816
-2617,15817
-2616,15818
-2615,15819
-2614,15820
-2613,15821
-2612,15822
-2611,15823
-2610,15824
-2609,15825
-2608,15826
-2607,15827
-2606,15828
-2605,15829
-2604,15830
-2603,15831
-2602,15832
-2601,15833
-2600,15834
-2599,15835
-2598,15836
-2597,15837
-2596,15838
-2595,15839
-2594,15840
-2593,15841
-2592,15842
-2591,15843
-2590,15844
-2589,15845
-2588,15846
-2587,15847
-2586,15848
-2585,15849
-2584,15850
-2583,15851
-2582,15852
-2581,15853
-2580,15854
-2579,15855
-2578,15856
-2577,15857
-2576,15858
-2575,15859
-2574,15860
-2573,15861
-2572,15862
-2571,15863
-2570,15864
-2569,15865
-2568,15866
-2567,15867
-2566,15868
-2565,15869
-2564,15870
-2563,15871
-2562,15872
-2561,15873
-2560,15874
-2559,15875
-2558,15876
-2557,15877
-2556,15878
-2555,15879
-2554,15880
-2553,15881
-2552,15882
-2551,15883
-2550,15884
-2549,15885
-2548,15886
-2547,15887
-2546,15888
-2545,15889
-2544,15890
-2543,15891
-2542,15892
-2541,15893
-2540,15894
-2539,15895
-2538,15896
-2537,15897
-2536,15898
-2535,15899
-2534,15900
-2533,15901
-2532,15902
-2531,15903
-2530,15904
-2529,15905
-2528,15906
-2527,15907
-2526,15908
-2525,15909
-2524,15910
-2523,15911
-2522,15912
-2521,15913
-2520,15914
-2519,15915
-2518,15916
-2517,15917
-2516,15918
-2515,15919
-2514,15920
-2513,15921
-2512,15922
-2511,15923
-2510,15924
-2509,15925
-2508,15926
-2507,15927
-2506,15928
-2505,15929
-2504,15930
-2503,15931
-2502,15932
-2501,15933
-2500,15934
-2499,15935
-2498,15936
-2497,15937
-2496,15938
-2495,15939
-2494,15940
-2493,15941
-2492,15942
-2491,15943
-2490,15944
-2489,15945
-2488,15946
-2487,15947
-2486,15948
-2485,15949
-2484,15950
-2483,15951
-2482,15952
-2481,15953
-2480,15954
-2479,15955
-2478,15956
-2477,15957
-2476,15958
-2475,15959
-2474,15960
-2473,15961
-2472,15962
-2471,15963
-2470,15964
-2469,15965
-2468,15966
-2467,15967
-2466,15968
-2465,15969
-2464,15970
-2463,15971
-2462,15972
-2461,15973
-2460,15974
-2459,15975
-2458,15976
-2457,15977
-2456,15978
-2455,15979
-2454,15980
-2453,15981
-2452,15982
-2451,15983
-2450,15984
-2449,15985
-2448,15986
-2447,15987
-2446,15988
-2445,15989
-2444,15990
-2443,15991
-2442,15992
-2441,15993
-2440,15994
-2439,15995
-2438,15996
-2437,15997
-2436,15998
-2435,15999
-2434,16000
-2433,16001
-2432,16002
-2431,16003
-2430,16004
-2429,16005
-2428,16006
-2427,16007
-2426,16008
-2425,16009
-2424,16010
-2423,16011
-2422,16012
-2421,16013
-2420,16014
-2419,16015
-2418,16016
-2417,16017
-2416,16018
-2415,16019
-2414,16020
-2413,16021
-2412,16022
-2411,16023
-2410,16024
-2409,16025
-2408,16026
-2407,16027
-2406,16028
-2405,16029
-2404,16030
-2403,16031
-2402,16032
-2401,16033
-2400,16034
-2399,16035
-2398,16036
-2397,16037
-2396,16038
-2395,16039
-2394,16040
-2393,16041
-2392,16042
-2391,16043
-2390,16044
-2389,16045
-2388,16046
-2387,16047
-2386,16048
-2385,16049
-2384,16050
-2383,16051
-2382,16052
-2381,16053
-2380,16054
-2379,16055
-2378,16056
-2377,16057
-2376,16058
-2375,16059
-2374,16060
-2373,16061
-2372,16062
-2371,16063
-2370,16064
-2369,16065
-2368,16066
-2367,16067
-2366,16068
-2365,16069
-2364,16070
-2363,16071
-2362,16072
-2361,16073
-2360,16074
-2359,16075
-2358,16076
-2357,16077
-2356,16078
-2355,16079
-2354,16080
-2353,16081
-2352,16082
-2351,16083
-2350,16084
-2349,16085
-2348,16086
-2347,16087
-2346,16088
-2345,16089
-2344,16090
-2343,16091
-2342,16092
-2341,16093
-2340,16094
-2339,16095
-2338,16096
-2337,16097
-2336,16098
-2335,16099
-2334,16100
-2333,16101
-2332,16102
-2331,16103
-2330,16104
-2329,16105
-2328,16106
-2327,16107
-2326,16108
-2325,16109
-2324,16110
-2323,16111
-2322,16112
-2321,16113
-2320,16114
-2319,16115
-2318,16116
-2317,16117
-2316,16118
-2315,16119
-2314,16120
-2313,16121
-2312,16122
-2311,16123
-2310,16124
-2309,16125
-2308,16126
-2307,16127
-2306,16128
-2305,16129
-2304,16130
-2303,16131
-2302,16132
-2301,16133
-2300,16134
-2299,16135
-2298,16136
-2297,16137
-2296,16138
-2295,16139
-2294,16140
-2293,16141
-2292,16142
-2291,16143
-2290,16144
-2289,16145
-2288,16146
-2287,16147
-2286,16148
-2285,16149
-2284,16150
-2283,16151
-2282,16152
-2281,16153
-2280,16154
-2279,16155
-2278,16156
-2277,16157
-2276,16158
-2275,16159
-2274,16160
-2273,16161
-2272,16162
-2271,16163
-2270,16164
-2269,16165
-2268,16166
-2267,16167
-2266,16168
-2265,16169
-2264,16170
-2263,16171
-2262,16172
-2261,16173
-2260,16174
-2259,16175
-2258,16176
-2257,16177
-2256,16178
-2255,16179
-2254,16180
-2253,16181
-2252,16182
-2251,16183
-2250,16184
-2249,16185
-2248,16186
-2247,16187
-2246,16188
-2245,16189
-2244,16190
-2243,16191
-2242,16192
-2241,16193
-2240,16194
-2239,16195
-2238,16196
-2237,16197
-2236,16198
-2235,16199
-2234,16200
-2233,16201
-2232,16202
-2231,16203
-2230,16204
-2229,16205
-2228,16206
-2227,16207
-2226,16208
-2225,16209
-2224,16210
-2223,16211
-2222,16212
-2221,16213
-2220,16214
-2219,16215
-2218,16216
-2217,16217
-2216,16218
-2215,16219
-2214,16220
-2213,16221
-2212,16222
-2211,16223
-2210,16224
-2209,16225
-2208,16226
-2207,16227
-2206,16228
-2205,16229
-2204,16230
-2203,16231
-2202,16232
-2201,16233
-2200,16234
-2199,16235
-2198,16236
-2197,16237
-2196,16238
-2195,16239
-2194,16240
-2193,16241
-2192,16242
-2191,16243
-2190,16244
-2189,16245
-2188,16246
-2187,16247
-2186,16248
-2185,16249
-2184,16250
-2183,16251
-2182,16252
-2181,16253
-2180,16254
-2179,16255
-2178,16256
-2177,16257
-2176,16258
-2175,16259
-2174,16260
-2173,16261
-2172,16262
-2171,16263
-2170,16264
-2169,16265
-2168,16266
-2167,16267
-2166,16268
-2165,16269
-2164,16270
-2163,16271
-2162,16272
-2161,16273
-2160,16274
-2159,16275
-2158,16276
-2157,16277
-2156,16278
-2155,16279
-2154,16280
-2153,16281
-2152,16282
-2151,16283
-2150,16284
-2149,16285
-2148,16286
-2147,16287
-2146,16288
-2145,16289
-2144,16290
-2143,16291
-2142,16292
-2141,16293
-2140,16294
-2139,16295
-2138,16296
-2137,16297
-2136,16298
-2135,16299
-2134,16300
-2133,16301
-2132,16302
-2131,16303
-2130,16304
-2129,16305
-2128,16306
-2127,16307
-2126,16308
-2125,16309
-2124,16310
-2123,16311
-2122,16312
-2121,16313
-2120,16314
-2119,16315
-2118,16316
-2117,16317
-2116,16318
-2115,16319
-2114,16320
-2113,16321
-2112,16322
-2111,16323
-2110,16324
-2109,16325
-2108,16326
-2107,16327
-2106,16328
-2105,16329
-2104,16330
-2103,16331
-2102,16332
-2101,16333
-2100,16334
-2099,16335
-2098,16336
-2097,16337
-2096,16338
-2095,16339
-2094,16340
-2093,16341
-2092,16342
-2091,16343
-2090,16344
-2089,16345
-2088,16346
-2087,16347
-2086,16348
-2085,16349
-2084,16350
-2083,16351
-2082,16352
-2081,16353
-2080,16354
-2079,16355
-2078,16356
-2077,16357
-2076,16358
-2075,16359
-2074,16360
-2073,16361
-2072,16362
-2071,16363
-2070,16364
-2069,16365
-2068,16366
-2067,16367
-2066,16368
-2065,16369
-2064,16370
-2063,16371
-2062,16372
-2061,16373
-2060,16374
-2059,16375
-2058,16376
-2057,16377
-2056,16378
-2055,16379
-2054,16380
-2053,16381
-2052,16382
-2051,16383
-2050,16384
-2049,16385
-2048,16386
-2047,16387
-2046,16388
-2045,16389
-2044,16390
-2043,16391
-2042,16392
-2041,16393
-2040,16394
-2039,16395
-2038,16396
-2037,16397
-2036,16398
-2035,16399
-2034,16400
-2033,16401
-2032,16402
-2031,16403
-2030,16404
-2029,16405
-2028,16406
-2027,16407
-2026,16408
-2025,16409
-2024,16410
-2023,16411
-2022,16412
-2021,16413
-2020,16414
-2019,16415
-2018,16416
-2017,16417
-2016,16418
-2015,16419
-2014,16420
-2013,16421
-2012,16422
-2011,16423
-2010,16424
-2009,16425
-2008,16426
-2007,16427
-2006,16428
-2005,16429
-2004,16430
-2003,16431
-2002,16432
-2001,16433
-2000,16434
-1999,16435
-1998,16436
-1997,16437
-1996,16438
-1995,16439
-1994,16440
-1993,16441
-1992,16442
-1991,16443
-1990,16444
-1989,16445
-1988,16446
-1987,16447
-1986,16448
-1985,16449
-1984,16450
-1983,16451
-1982,16452
-1981,16453
-1980,16454
-1979,16455
-1978,16456
-1977,16457
-1976,16458
-1975,16459
-1974,16460
-1973,16461
-1972,16462
-1971,16463
-1970,16464
-1969,16465
-1968,16466
-1967,16467
-1966,16468
-1965,16469
-1964,16470
-1963,16471
-1962,16472
-1961,16473
-1960,16474
-1959,16475
-1958,16476
-1957,16477
-1956,16478
-1955,16479
-1954,16480
-1953,16481
-1952,16482
-1951,16483
-1950,16484
-1949,16485
-1948,16486
-1947,16487
-1946,16488
-1945,16489
-1944,16490
-1943,16491
-1942,16492
-1941,16493
-1940,16494
-1939,16495
-1938,16496
-1937,16497
-1936,16498
-1935,16499
-1934,16500
-1933,16501
-1932,16502
-1931,16503
-1930,16504
-1929,16505
-1928,16506
-1927,16507
-1926,16508
-1925,16509
-1924,16510
-1923,16511
-1922,16512
-1921,16513
-1920,16514
-1919,16515
-1918,16516
-1917,16517
-1916,16518
-1915,16519
-1914,16520
-1913,16521
-1912,16522
-1911,16523
-1910,16524
-1909,16525
-1908,16526
-1907,16527
-1906,16528
-1905,16529
-1904,16530
-1903,16531
-1902,16532
-1901,16533
-1900,16534
-1899,16535
-1898,16536
-1897,16537
-1896,16538
-1895,16539
-1894,16540
-1893,16541
-1892,16542
-1891,16543
-1890,16544
-1889,16545
-1888,16546
-1887,16547
-1886,16548
-1885,16549
-1884,16550
-1883,16551
-1882,16552
-1881,16553
-1880,16554
-1879,16555
-1878,16556
-1877,16557
-1876,16558
-1875,16559
-1874,16560
-1873,16561
-1872,16562
-1871,16563
-1870,16564
-1869,16565
-1868,16566
-1867,16567
-1866,16568
-1865,16569
-1864,16570
-1863,16571
-1862,16572
-1861,16573
-1860,16574
-1859,16575
-1858,16576
-1857,16577
-1856,16578
-1855,16579
-1854,16580
-1853,16581
-1852,16582
-1851,16583
-1850,16584
-1849,16585
-1848,16586
-1847,16587
-1846,16588
-1845,16589
-1844,16590
-1843,16591
-1842,16592
-1841,16593
-1840,16594
-1839,16595
-1838,16596
-1837,16597
-1836,16598
-1835,16599
-1834,16600
-1833,16601
-1832,16602
-1831,16603
-1830,16604
-1829,16605
-1828,16606
-1827,16607
-1826,16608
-1825,16609
-1824,16610
-1823,16611
-1822,16612
-1821,16613
-1820,16614
-1819,16615
-1818,16616
-1817,16617
-1816,16618
-1815,16619
-1814,16620
-1813,16621
-1812,16622
-1811,16623
-1810,16624
-1809,16625
-1808,16626
-1807,16627
-1806,16628
-1805,16629
-1804,16630
-1803,16631
-1802,16632
-1801,16633
-1800,16634
-1799,16635
-1798,16636
-1797,16637
-1796,16638
-1795,16639
-1794,16640
-1793,16641
-1792,16642
-1791,16643
-1790,16644
-1789,16645
-1788,16646
-1787,16647
-1786,16648
-1785,16649
-1784,16650
-1783,16651
-1782,16652
-1781,16653
-1780,16654
-1779,16655
-1778,16656
-1777,16657
-1776,16658
-1775,16659
-1774,16660
-1773,16661
-1772,16662
-1771,16663
-1770,16664
-1769,16665
-1768,16666
-1767,16667
-1766,16668
-1765,16669
-1764,16670
-1763,16671
-1762,16672
-1761,16673
-1760,16674
-1759,16675
-1758,16676
-1757,16677
-1756,16678
-1755,16679
-1754,16680
-1753,16681
-1752,16682
-1751,16683
-1750,16684
-1749,16685
-1748,16686
-1747,16687
-1746,16688
-1745,16689
-1744,16690
-1743,16691
-1742,16692
-1741,16693
-1740,16694
-1739,16695
-1738,16696
-1737,16697
-1736,16698
-1735,16699
-1734,16700
-1733,16701
-1732,16702
-1731,16703
-1730,16704
-1729,16705
-1728,16706
-1727,16707
-1726,16708
-1725,16709
-1724,16710
-1723,16711
-1722,16712
-1721,16713
-1720,16714
-1719,16715
-1718,16716
-1717,16717
-1716,16718
-1715,16719
-1714,16720
-1713,16721
-1712,16722
-1711,16723
-1710,16724
-1709,16725
-1708,16726
-1707,16727
-1706,16728
-1705,16729
-1704,16730
-1703,16731
-1702,16732
-1701,16733
-1700,16734
-1699,16735
-1698,16736
-1697,16737
-1696,16738
-1695,16739
-1694,16740
-1693,16741
-1692,16742
-1691,16743
-1690,16744
-1689,16745
-1688,16746
-1687,16747
-1686,16748
-1685,16749
-1684,16750
-1683,16751
-1682,16752
-1681,16753
-1680,16754
-1679,16755
-1678,16756
-1677,16757
-1676,16758
-1675,16759
-1674,16760
-1673,16761
-1672,16762
-1671,16763
-1670,16764
-1669,16765
-1668,16766
-1667,16767
-1666,16768
-1665,16769
-1664,16770
-1663,16771
-1662,16772
-1661,16773
-1660,16774
-1659,16775
-1658,16776
-1657,16777
-1656,16778
-1655,16779
-1654,16780
-1653,16781
-1652,16782
-1651,16783
-1650,16784
-1649,16785
-1648,16786
-1647,16787
-1646,16788
-1645,16789
-1644,16790
-1643,16791
-1642,16792
-1641,16793
-1640,16794
-1639,16795
-1638,16796
-1637,16797
-1636,16798
-1635,16799
-1634,16800
-1633,16801
-1632,16802
-1631,16803
-1630,16804
-1629,16805
-1628,16806
-1627,16807
-1626,16808
-1625,16809
-1624,16810
-1623,16811
-1622,16812
-1621,16813
-1620,16814
-1619,16815
-1618,16816
-1617,16817
-1616,16818
-1615,16819
-1614,16820
-1613,16821
-1612,16822
-1611,16823
-1610,16824
-1609,16825
-1608,16826
-1607,16827
-1606,16828
-1605,16829
-1604,16830
-1603,16831
-1602,16832
-1601,16833
-1600,16834
-1599,16835
-1598,16836
-1597,16837
-1596,16838
-1595,16839
-1594,16840
-1593,16841
-1592,16842
-1591,16843
-1590,16844
-1589,16845
-1588,16846
-1587,16847
-1586,16848
-1585,16849
-1584,16850
-1583,16851
-1582,16852
-1581,16853
-1580,16854
-1579,16855
-1578,16856
-1577,16857
-1576,16858
-1575,16859
-1574,16860
-1573,16861
-1572,16862
-1571,16863
-1570,16864
-1569,16865
-1568,16866
-1567,16867
-1566,16868
-1565,16869
-1564,16870
-1563,16871
-1562,16872
-1561,16873
-1560,16874
-1559,16875
-1558,16876
-1557,16877
-1556,16878
-1555,16879
-1554,16880
-1553,16881
-1552,16882
-1551,16883
-1550,16884
-1549,16885
-1548,16886
-1547,16887
-1546,16888
-1545,16889
-1544,16890
-1543,16891
-1542,16892
-1541,16893
-1540,16894
-1539,16895
-1538,16896
-1537,16897
-1536,16898
-1535,16899
-1534,16900
-1533,16901
-1532,16902
-1531,16903
-1530,16904
-1529,16905
-1528,16906
-1527,16907
-1526,16908
-1525,16909
-1524,16910
-1523,16911
-1522,16912
-1521,16913
-1520,16914
-1519,16915
-1518,16916
-1517,16917
-1516,16918
-1515,16919
-1514,16920
-1513,16921
-1512,16922
-1511,16923
-1510,16924
-1509,16925
-1508,16926
-1507,16927
-1506,16928
-1505,16929
-1504,16930
-1503,16931
-1502,16932
-1501,16933
-1500,16934
-1499,16935
-1498,16936
-1497,16937
-1496,16938
-1495,16939
-1494,16940
-1493,16941
-1492,16942
-1491,16943
-1490,16944
-1489,16945
-1488,16946
-1487,16947
-1486,16948
-1485,16949
-1484,16950
-1483,16951
-1482,16952
-1481,16953
-1480,16954
-1479,16955
-1478,16956
-1477,16957
-1476,16958
-1475,16959
-1474,16960
-1473,16961
-1472,16962
-1471,16963
-1470,16964
-1469,16965
-1468,16966
-1467,16967
-1466,16968
-1465,16969
-1464,16970
-1463,16971
-1462,16972
-1461,16973
-1460,16974
-1459,16975
-1458,16976
-1457,16977
-1456,16978
-1455,16979
-1454,16980
-1453,16981
-1452,16982
-1451,16983
-1450,16984
-1449,16985
-1448,16986
-1447,16987
-1446,16988
-1445,16989
-1444,16990
-1443,16991
-1442,16992
-1441,16993
-1440,16994
-1439,16995
-1438,16996
-1437,16997
-1436,16998
-1435,16999
-1434,17000
-1433,17001
-1432,17002
-1431,17003
-1430,17004
-1429,17005
-1428,17006
-1427,17007
-1426,17008
-1425,17009
-1424,17010
-1423,17011
-1422,17012
-1421,17013
-1420,17014
-1419,17015
-1418,17016
-1417,17017
-1416,17018
-1415,17019
-1414,17020
-1413,17021
-1412,17022
-1411,17023
-1410,17024
-1409,17025
-1408,17026
-1407,17027
-1406,17028
-1405,17029
-1404,17030
-1403,17031
-1402,17032
-1401,17033
-1400,17034
-1399,17035
-1398,17036
-1397,17037
-1396,17038
-1395,17039
-1394,17040
-1393,17041
-1392,17042
-1391,17043
-1390,17044
-1389,17045
-1388,17046
-1387,17047
-1386,17048
-1385,17049
-1384,17050
-1383,17051
-1382,17052
-1381,17053
-1380,17054
-1379,17055
-1378,17056
-1377,17057
-1376,17058
-1375,17059
-1374,17060
-1373,17061
-1372,17062
-1371,17063
-1370,17064
-1369,17065
-1368,17066
-1367,17067
-1366,17068
-1365,17069
-1364,17070
-1363,17071
-1362,17072
-1361,17073
-1360,17074
-1359,17075
-1358,17076
-1357,17077
-1356,17078
-1355,17079
-1354,17080
-1353,17081
-1352,17082
-1351,17083
-1350,17084
-1349,17085
-1348,17086
-1347,17087
-1346,17088
-1345,17089
-1344,17090
-1343,17091
-1342,17092
-1341,17093
-1340,17094
-1339,17095
-1338,17096
-1337,17097
-1336,17098
-1335,17099
-1334,17100
-1333,17101
-1332,17102
-1331,17103
-1330,17104
-1329,17105
-1328,17106
-1327,17107
-1326,17108
-1325,17109
-1324,17110
-1323,17111
-1322,17112
-1321,17113
-1320,17114
-1319,17115
-1318,17116
-1317,17117
-1316,17118
-1315,17119
-1314,17120
-1313,17121
-1312,17122
-1311,17123
-1310,17124
-1309,17125
-1308,17126
-1307,17127
-1306,17128
-1305,17129
-1304,17130
-1303,17131
-1302,17132
-1301,17133
-1300,17134
-1299,17135
-1298,17136
-1297,17137
-1296,17138
-1295,17139
-1294,17140
-1293,17141
-1292,17142
-1291,17143
-1290,17144
-1289,17145
-1288,17146
-1287,17147
-1286,17148
-1285,17149
-1284,17150
-1283,17151
-1282,17152
-1281,17153
-1280,17154
-1279,17155
-1278,17156
-1277,17157
-1276,17158
-1275,17159
-1274,17160
-1273,17161
-1272,17162
-1271,17163
-1270,17164
-1269,17165
-1268,17166
-1267,17167
-1266,17168
-1265,17169
-1264,17170
-1263,17171
-1262,17172
-1261,17173
-1260,17174
-1259,17175
-1258,17176
-1257,17177
-1256,17178
-1255,17179
-1254,17180
-1253,17181
-1252,17182
-1251,17183
-1250,17184
-1249,17185
-1248,17186
-1247,17187
-1246,17188
-1245,17189
-1244,17190
-1243,17191
-1242,17192
-1241,17193
-1240,17194
-1239,17195
-1238,17196
-1237,17197
-1236,17198
-1235,17199
-1234,17200
-1233,17201
-1232,17202
-1231,17203
-1230,17204
-1229,17205
-1228,17206
-1227,17207
-1226,17208
-1225,17209
-1224,17210
-1223,17211
-1222,17212
-1221,17213
-1220,17214
-1219,17215
-1218,17216
-1217,17217
-1216,17218
-1215,17219
-1214,17220
-1213,17221
-1212,17222
-1211,17223
-1210,17224
-1209,17225
-1208,17226
-1207,17227
-1206,17228
-1205,17229
-1204,17230
-1203,17231
-1202,17232
-1201,17233
-1200,17234
-1199,17235
-1198,17236
-1197,17237
-1196,17238
-1195,17239
-1194,17240
-1193,17241
-1192,17242
-1191,17243
-1190,17244
-1189,17245
-1188,17246
-1187,17247
-1186,17248
-1185,17249
-1184,17250
-1183,17251
-1182,17252
-1181,17253
-1180,17254
-1179,17255
-1178,17256
-1177,17257
-1176,17258
-1175,17259
-1174,17260
-1173,17261
-1172,17262
-1171,17263
-1170,17264
-1169,17265
-1168,17266
-1167,17267
-1166,17268
-1165,17269
-1164,17270
-1163,17271
-1162,17272
-1161,17273
-1160,17274
-1159,17275
-1158,17276
-1157,17277
-1156,17278
-1155,17279
-1154,17280
-1153,17281
-1152,17282
-1151,17283
-1150,17284
-1149,17285
-1148,17286
-1147,17287
-1146,17288
-1145,17289
-1144,17290
-1143,17291
-1142,17292
-1141,17293
-1140,17294
-1139,17295
-1138,17296
-1137,17297
-1136,17298
-1135,17299
-1134,17300
-1133,17301
-1132,17302
-1131,17303
-1130,17304
-1129,17305
-1128,17306
-1127,17307
-1126,17308
-1125,17309
-1124,17310
-1123,17311
-1122,17312
-1121,17313
-1120,17314
-1119,17315
-1118,17316
-1117,17317
-1116,17318
-1115,17319
-1114,17320
-1113,17321
-1112,17322
-1111,17323
-1110,17324
-1109,17325
-1108,17326
-1107,17327
-1106,17328
-1105,17329
-1104,17330
-1103,17331
-1102,17332
-1101,17333
-1100,17334
-1099,17335
-1098,17336
-1097,17337
-1096,17338
-1095,17339
-1094,17340
-1093,17341
-1092,17342
-1091,17343
-1090,17344
-1089,17345
-1088,17346
-1087,17347
-1086,17348
-1085,17349
-1084,17350
-1083,17351
-1082,17352
-1081,17353
-1080,17354
-1079,17355
-1078,17356
-1077,17357
-1076,17358
-1075,17359
-1074,17360
-1073,17361
-1072,17362
-1071,17363
-1070,17364
-1069,17365
-1068,17366
-1067,17367
-1066,17368
-1065,17369
-1064,17370
-1063,17371
-1062,17372
-1061,17373
-1060,17374
-1059,17375
-1058,17376
-1057,17377
-1056,17378
-1055,17379
-1054,17380
-1053,17381
-1052,17382
-1051,17383
-1050,17384
-1049,17385
-1048,17386
-1047,17387
-1046,17388
-1045,17389
-1044,17390
-1043,17391
-1042,17392
-1041,17393
-1040,17394
-1039,17395
-1038,17396
-1037,17397
-1036,17398
-1035,17399
-1034,17400
-1033,17401
-1032,17402
-1031,17403
-1030,17404
-1029,17405
-1028,17406
-1027,17407
-1026,17408
-1025,17409
-1024,17410
-1023,17411
-1022,17412
-1021,17413
-1020,17414
-1019,17415
-1018,17416
-1017,17417
-1016,17418
-1015,17419
-1014,17420
-1013,17421
-1012,17422
-1011,17423
-1010,17424
-1009,17425
-1008,17426
-1007,17427
-1006,17428
-1005,17429
-1004,17430
-1003,17431
-1002,17432
-1001,17433
-1000,17434
-999,17435
-998,17436
-997,17437
-996,17438
-995,17439
-994,17440
-993,17441
-992,17442
-991,17443
-990,17444
-989,17445
-988,17446
-987,17447
-986,17448
-985,17449
-984,17450
-983,17451
-982,17452
-981,17453
-980,17454
-979,17455
-978,17456
-977,17457
-976,17458
-975,17459
-974,17460
-973,17461
-972,17462
-971,17463
-970,17464
-969,17465
-968,17466
-967,17467
-966,17468
-965,17469
-964,17470
-963,17471
-962,17472
-961,17473
-960,17474
-959,17475
-958,17476
-957,17477
-956,17478
-955,17479
-954,17480
-953,17481
-952,17482
-951,17483
-950,17484
-949,17485
-948,17486
-947,17487
-946,17488
-945,17489
-944,17490
-943,17491
-942,17492
-941,17493
-940,17494
-939,17495
-938,17496
-937,17497
-936,17498
-935,17499
-934,17500
-933,17501
-932,17502
-931,17503
-930,17504
-929,17505
-928,17506
-927,17507
-926,17508
-925,17509
-924,17510
-923,17511
-922,17512
-921,17513
-920,17514
-919,17515
-918,17516
-917,17517
-916,17518
-915,17519
-914,17520
-913,17521
-912,17522
-911,17523
-910,17524
-909,17525
-908,17526
-907,17527
-906,17528
-905,17529
-904,17530
-903,17531
-902,17532
-901,17533
-900,17534
-899,17535
-898,17536
-897,17537
-896,17538
-895,17539
-894,17540
-893,17541
-892,17542
-891,17543
-890,17544
-889,17545
-888,17546
-887,17547
-886,17548
-885,17549
-884,17550
-883,17551
-882,17552
-881,17553
-880,17554
-879,17555
-878,17556
-877,17557
-876,17558
-875,17559
-874,17560
-873,17561
-872,17562
-871,17563
-870,17564
-869,17565
-868,17566
-867,17567
-866,17568
-865,17569
-864,17570
-863,17571
-862,17572
-861,17573
-860,17574
-859,17575
-858,17576
-857,17577
-856,17578
-855,17579
-854,17580
-853,17581
-852,17582
-851,17583
-850,17584
-849,17585
-848,17586
-847,17587
-846,17588
-845,17589
-844,17590
-843,17591
-842,17592
-841,17593
-840,17594
-839,17595
-838,17596
-837,17597
-836,17598
-835,17599
-834,17600
-833,17601
-832,17602
-831,17603
-830,17604
-829,17605
-828,17606
-827,17607
-826,17608
-825,17609
-824,17610
-823,17611
-822,17612
-821,17613
-820,17614
-819,17615
-818,17616
-817,17617
-816,17618
-815,17619
-814,17620
-813,17621
-812,17622
-811,17623
-810,17624
-809,17625
-808,17626
-807,17627
-806,17628
-805,17629
-804,17630
-803,17631
-802,17632
-801,17633
-800,17634
-799,17635
-798,17636
-797,17637
-796,17638
-795,17639
-794,17640
-793,17641
-792,17642
-791,17643
-790,17644
-789,17645
-788,17646
-787,17647
-786,17648
-785,17649
-784,17650
-783,17651
-782,17652
-781,17653
-780,17654
-779,17655
-778,17656
-777,17657
-776,17658
-775,17659
-774,17660
-773,17661
-772,17662
-771,17663
-770,17664
-769,17665
-768,17666
-767,17667
-766,17668
-765,17669
-764,17670
-763,17671
-762,17672
-761,17673
-760,17674
-759,17675
-758,17676
-757,17677
-756,17678
-755,17679
-754,17680
-753,17681
-752,17682
-751,17683
-750,17684
-749,17685
-748,17686
-747,17687
-746,17688
-745,17689
-744,17690
-743,17691
-742,17692
-741,17693
-740,17694
-739,17695
-738,17696
-737,17697
-736,17698
-735,17699
-734,17700
-733,17701
-732,17702
-731,17703
-730,17704
-729,17705
-728,17706
-727,17707
-726,17708
-725,17709
-724,17710
-723,17711
-722,17712
-721,17713
-720,17714
-719,17715
-718,17716
-717,17717
-716,17718
-715,17719
-714,17720
-713,17721
-712,17722
-711,17723
-710,17724
-709,17725
-708,17726
-707,17727
-706,17728
-705,17729
-704,17730
-703,17731
-702,17732
-701,17733
-700,17734
-699,17735
-698,17736
-697,17737
-696,17738
-695,17739
-694,17740
-693,17741
-692,17742
-691,17743
-690,17744
-689,17745
-688,17746
-687,17747
-686,17748
-685,17749
-684,17750
-683,17751
-682,17752
-681,17753
-680,17754
-679,17755
-678,17756
-677,17757
-676,17758
-675,17759
-674,17760
-673,17761
-672,17762
-671,17763
-670,17764
-669,17765
-668,17766
-667,17767
-666,17768
-665,17769
-664,17770
-663,17771
-662,17772
-661,17773
-660,17774
-659,17775
-658,17776
-657,17777
-656,17778
-655,17779
-654,17780
-653,17781
-652,17782
-651,17783
-650,17784
-649,17785
-648,17786
-647,17787
-646,17788
-645,17789
-644,17790
-643,17791
-642,17792
-641,17793
-640,17794
-639,17795
-638,17796
-637,17797
-636,17798
-635,17799
-634,17800
-633,17801
-632,17802
-631,17803
-630,17804
-629,17805
-628,17806
-627,17807
-626,17808
-625,17809
-624,17810
-623,17811
-622,17812
-621,17813
-620,17814
-619,17815
-618,17816
-617,17817
-616,17818
-615,17819
-614,17820
-613,17821
-612,17822
-611,17823
-610,17824
-609,17825
-608,17826
-607,17827
-606,17828
-605,17829
-604,17830
-603,17831
-602,17832
-601,17833
-600,17834
-599,17835
-598,17836
-597,17837
-596,17838
-595,17839
-594,17840
-593,17841
-592,17842
-591,17843
-590,17844
-589,17845
-588,17846
-587,17847
-586,17848
-585,17849
-584,17850
-583,17851
-582,17852
-581,17853
-580,17854
-579,17855
-578,17856
-577,17857
-576,17858
-575,17859
-574,17860
-573,17861
-572,17862
-571,17863
-570,17864
-569,17865
-568,17866
-567,17867
-566,17868
-565,17869
-564,17870
-563,17871
-562,17872
-561,17873
-560,17874
-559,17875
-558,17876
-557,17877
-556,17878
-555,17879
-554,17880
-553,17881
-552,17882
-551,17883
-550,17884
-549,17885
-548,17886
-547,17887
-546,17888
-545,17889
-544,17890
-543,17891
-542,17892
-541,17893
-540,17894
-539,17895
-538,17896
-537,17897
-536,17898
-535,17899
-534,17900
-533,17901
-532,17902
-531,17903
-530,17904
-529,17905
-528,17906
-527,17907
-526,17908
-525,17909
-524,17910
-523,17911
-522,17912
-521,17913
-520,17914
-519,17915
-518,17916
-517,17917
-516,17918
-515,17919
-514,17920
-513,17921
-512,17922
-511,17923
-510,17924
-509,17925
-508,17926
-507,17927
-506,17928
-505,17929
-504,17930
-503,17931
-502,17932
-501,17933
-500,17934
-499,17935
-498,17936
-497,17937
-496,17938
-495,17939
-494,17940
-493,17941
-492,17942
-491,17943
-490,17944
-489,17945
-488,17946
-487,17947
-486,17948
-485,17949
-484,17950
-483,17951
-482,17952
-481,17953
-480,17954
-479,17955
-478,17956
-477,17957
-476,17958
-475,17959
-474,17960
-473,17961
-472,17962
-471,17963
-470,17964
-469,17965
-468,17966
-467,17967
-466,17968
-465,17969
-464,17970
-463,17971
-462,17972
-461,17973
-460,17974
-459,17975
-458,17976
-457,17977
-456,17978
-455,17979
-454,17980
-453,17981
-452,17982
-451,17983
-450,17984
-449,17985
-448,17986
-447,17987
-446,17988
-445,17989
-444,17990
-443,17991
-442,17992
-441,17993
-440,17994
-439,17995
-438,17996
-437,17997
-436,17998
-435,17999
-434,18000
-433,18001
-432,18002
-431,18003
-430,18004
-429,18005
-428,18006
-427,18007
-426,18008
-425,18009
-424,18010
-423,18011
-422,18012
-421,18013
-420,18014
-419,18015
-418,18016
-417,18017
-416,18018
-415,18019
-414,18020
-413,18021
-412,18022
-411,18023
-410,18024
-409,18025
-408,18026
-407,18027
-406,18028
-405,18029
-404,18030
-403,18031
-402,18032
-401,18033
-400,18034
-399,18035
-398,18036
-397,18037
-396,18038
-395,18039
-394,18040
-393,18041
-392,18042
-391,18043
-390,18044
-389,18045
-388,18046
-387,18047
-386,18048
-385,18049
-384,18050
-383,18051
-382,18052
-381,18053
-380,18054
-379,18055
-378,18056
-377,18057
-376,18058
-375,18059
-374,18060
-373,18061
-372,18062
-371,18063
-370,18064
-369,18065
-368,18066
-367,18067
-366,18068
-365,18069
-364,18070
-363,18071
-362,18072
-361,18073
-360,18074
-359,18075
-358,18076
-357,18077
-356,18078
-355,18079
-354,18080
-353,18081
-352,18082
-351,18083
-350,18084
-349,18085
-348,18086
-347,18087
-346,18088
-345,18089
-344,18090
-343,18091
-342,18092
-341,18093
-340,18094
-339,18095
-338,18096
-337,18097
-336,18098
-335,18099
-334,18100
-333,18101
-332,18102
-331,18103
-330,18104
-329,18105
-328,18106
-327,18107
-326,18108
-325,18109
-324,18110
-323,18111
-322,18112
-321,18113
-320,18114
-319,18115
-318,18116
-317,18117
-316,18118
-315,18119
-314,18120
-313,18121
-312,18122
-311,18123
-310,18124
-309,18125
-308,18126
-307,18127
-306,18128
-305,18129
-304,18130
-303,18131
-302,18132
-301,18133
-300,18134
-299,18135
-298,18136
-297,18137
-296,18138
-295,18139
-294,18140
-293,18141
-292,18142
-291,18143
-290,18144
-289,18145
-288,18146
-287,18147
-286,18148
-285,18149
-284,18150
-283,18151
-282,18152
-281,18153
-280,18154
-279,18155
-278,18156
-277,18157
-276,18158
-275,18159
-274,18160
-273,18161
-272,18162
-271,18163
-270,18164
-269,18165
-268,18166
-267,18167
-266,18168
-265,18169
-264,18170
-263,18171
-262,18172
-261,18173
-260,18174
-259,18175
-258,18176
-257,18177
-256,18178
-255,18179
-254,18180
-253,18181
-252,18182
-251,18183
-250,18184
-249,18185
-248,18186
-247,18187
-246,18188
-245,18189
-244,18190
-243,18191
-242,18192
-241,18193
-240,18194
-239,18195
-238,18196
-237,18197
-236,18198
-235,18199
-234,18200
-233,18201
-232,18202
-231,18203
-230,18204
-229,18205
-228,18206
-227,18207
-226,18208
-225,18209
-224,18210
-223,18211
-222,18212
-221,18213
-220,18214
-219,18215
-218,18216
-217,18217
-216,18218
-215,18219
-214,18220
-213,18221
-212,18222
-211,18223
-210,18224
-209,18225
-208,18226
-207,18227
-206,18228
-205,18229
-204,18230
-203,18231
-202,18232
-201,18233
-200,18234
-199,18235
-198,18236
-197,18237
-196,18238
-195,18239
-194,18240
-193,18241
-192,18242
-191,18243
-190,18244
-189,18245
-188,18246
-187,18247
-186,18248
-185,18249
-184,18250
-183,18251
-182,18252
-181,18253
-180,18254
-179,18255
-178,18256
-177,18257
-176,18258
-175,18259
-174,18260
-173,18261
-172,18262
-171,18263
-170,18264
-169,18265
-168,18266
-167,18267
-166,18268
-165,18269
-164,18270
-163,18271
-162,18272
-161,18273
-160,18274
-159,18275
-158,18276
-157,18277
-156,18278
-155,18279
-154,18280
-153,18281
-152,18282
-151,18283
-150,18284
-149,18285
-148,18286
-147,18287
-146,18288
-145,18289
-144,18290
-143,18291
-142,18292
-141,18293
-140,18294
-139,18295
-138,18296
-137,18297
-136,18298
-135,18299
-134,18300
-133,18301
-132,18302
-131,18303
-130,18304
-129,18305
-128,18306
-127,18307
-126,18308
-125,18309
-124,18310
-123,18311
-122,18312
-121,18313
-120,18314
-119,18315
-118,18316
-117,18317
-116,18318
-115,18319
-114,18320
-113,18321
-112,18322
-111,18323
-110,18324
-109,18325
-108,18326
-107,18327
-106,18328
-105,18329
-104,18330
-103,18331
-102,18332
-101,18333
-100,18334
-99,18335
-98,18336
-97,18337
-96,18338
-95,18339
-94,18340
-93,18341
-92,18342
-91,18343
-90,18344
-89,18345
-88,18346
-87,18347
-86,18348
-85,18349
-84,18350
-83,18351
-82,18352
-81,18353
-80,18354
-79,18355
-78,18356
-77,18357
-76,18358
-75,18359
-74,18360
-73,18361
-72,18362
-71,18363
-70,18364
-69,18365
-68,18366
-67,18367
-66,18368
-65,18369
-64,18370
-63,18371
-62,18372
-61,18373
-60,18374
-59,18375
-58,18376
-57,18377
-56,18378
-55,18379
-54,18380
-53,18381
-52,18382
-51,18383
-50,18384
-49,18385
-48,18386
-47,18387
-46,18388
-45,18389
-44,18390
-43,18391
-42,18392
-41,18393
-40,18394
-39,18395
-38,18396
-37,18397
-36,18398
-35,18399
-34,18400
-33,18401
-32,18402
-31,18403
-30,18404
-29,18405
-28,18406
-27,18407
-26,18408
-25,18409
-24,18410
-23,18411
-22,18412
-21,18413
-20,18414
-19,18415
-18,18416
-17,18417
-16,18418
-15,18419
-14,18420
-13,18421
-12,18422
-11,18423
-10,18424
-9,18425
-8,18426
-7,18427
-6,18428
-5,18429
-4,18430
-3,18431
-2,0
-1,1
0,2
1,3
2,4
3,5
4,6
5,7
6,8
7,9
8,10
9,11
10,12
11,13
12,14
13,15
14,16
15,17
16,18
17,19
18,20
19,21
20,22
21,23
22,24
23,25
24,26
25,27
26,28
27,29
28,30
29,31
30,32
31,33
32,34
33,35
34,36
35,37
36,38
37,39
38,40
39,41
40,42
41,43
42,44
43,45
44,46
45,47
46,48
47,49
48,50
49,51
50,52
51,53
52,54
53,55
54,56
55,57
56,58
57,59
58,60
59,61
60,62
61,63
62,64
63,65
64,66
65,67
66,68
67,69
68,70
69,71
70,72
71,73
72,74
73,75
74,76
75,77
76,78
77,79
78,80
79,81
80,82
81,83
82,84
83,85
84,86
85,87
86,88
87,89
88,90
89,91
90,92
91,93
92,94
93,95
94,96
95,97
96,98
97,99
98,100
99,101
100,102
101,103
102,104
103,105
104,106
105,107
106,108
107,109
108,110
109,111
110,112
111,113
112,114
113,115
114,116
115,117
116,118
117,119
118,120
119,121
120,122
121,123
122,124
123,125
124,126
125,127
126,128
127,129
128,130
129,131
130,132
131,133
132,134
133,135
134,136
135,137
136,138
137,139
138,140
139,141
140,142
141,143
142,144
143,145
144,146
145,147
146,148
147,149
148,150
149,151
150,152
151,153
152,154
153,155
154,156
155,157
156,158
157,159
158,160
159,161
160,162
161,163
162,164
163,165
164,166
165,167
166,168
167,169
168,170
169,171
170,172
171,173
172,174
173,175
174,176
175,177
176,178
177,179
178,180
179,181
180,182
181,183
182,184
183,185
184,186
185,187
186,188
187,189
188,190
189,191
190,192
191,193
192,194
193,195
194,196
195,197
196,198
197,199
198,200
199,201
200,202
201,203
202,204
203,205
204,206
205,207
206,208
207,209
208,210
209,211
210,212
211,213
212,214
213,215
214,216
215,217
216,218
217,219
218,220
219,221
220,222
221,223
222,224
223,225
224,226
225,227
226,228
227,229
228,230
229,231
230,232
231,233
232,234
233,235
234,236
235,237
236,238
237,239
238,240
239,241
240,242
241,243
242,244
243,245
244,246
245,247
246,248
247,249
248,250
249,251
250,252
251,253
252,254
253,255
254,256
255,257
256,258
257,259
258,260
259,261
260,262
261,263
262,264
263,265
264,266
265,267
266,268
267,269
268,270
269,271
270,272
271,273
272,274
273,275
274,276
275,277
276,278
277,279
278,280
279,281
280,282
281,283
282,284
283,285
284,286
285,287
286,288
287,289
288,290
289,291
290,292
291,293
292,294
293,295
294,296
295,297
296,298
297,299
298,300
299,301
300,302
301,303
302,304
303,305
304,306
305,307
306,308
307,309
308,310
309,311
310,312
311,313
312,314
313,315
314,316
315,317
316,318
317,319
318,320
319,321
320,322
321,323
322,324
323,325
324,326
325,327
326,328
327,329
328,330
329,331
330,332
331,333
332,334
333,335
334,336
335,337
336,338
337,339
338,340
339,341
340,342
341,343
342,344
343,345
344,346
345,347
346,348
347,349
348,350
349,351
350,352
351,353
352,354
353,355
354,356
355,357
356,358
357,359
358,360
359,361
360,362
361,363
362,364
363,365
364,366
365,367
366,368
367,369
368,370
369,371
370,372
371,373
372,374
373,375
374,376
375,377
376,378
377,379
378,380
379,381
380,382
381,383
382,384
383,385
384,386
385,387
386,388
387,389
388,390
389,391
390,392
391,393
392,394
393,395
394,396
395,397
396,398
397,399
398,400
399,401
400,402
401,403
402,404
403,405
404,406
405,407
406,408
407,409
408,410
409,411
410,412
411,413
412,414
413,415
414,416
415,417
416,418
417,419
418,420
419,421
420,422
421,423
422,424
423,425
424,426
425,427
426,428
427,429
428,430
429,431
430,432
431,433
432,434
433,435
434,436
435,437
436,438
437,439
438,440
439,441
440,442
441,443
442,444
443,445
444,446
445,447
446,448
447,449
448,450
449,451
450,452
451,453
452,454
453,455
454,456
455,457
456,458
457,459
458,460
459,461
460,462
461,463
462,464
463,465
464,466
465,467
466,468
467,469
468,470
469,471
470,472
471,473
472,474
473,475
474,476
475,477
476,478
477,479
478,480
479,481
480,482
481,483
482,484
483,485
484,486
485,487
486,488
487,489
488,490
489,491
490,492
491,493
492,494
493,495
494,496
495,497
496,498
497,499
498,500
499,501
500,502
501,503
502,504
503,505
504,506
505,507
506,508
507,509
508,510
509,511
510,512
511,513
512,514
513,515
514,516
515,517
516,518
517,519
518,520
519,521
520,522
521,523
522,524
523,525
524,526
525,527
526,528
527,529
528,530
529,531
530,532
531,533
532,534
533,535
534,536
535,537
536,538
537,539
538,540
539,541
540,542
541,543
542,544
543,545
544,546
545,547
546,548
547,549
548,550
549,551
550,552
551,553
552,554
553,555
554,556
555,557
556,558
557,559
558,560
559,561
560,562
561,563
562,564
563,565
564,566
565,567
566,568
567,569
568,570
569,571
570,572
571,573
572,574
573,575
574,576
575,577
576,578
577,579
578,580
579,581
580,582
581,583
582,584
583,585
584,586
585,587
586,588
587,589
588,590
589,591
590,592
591,593
592,594
593,595
594,596
595,597
596,598
597,599
598,600
599,601
600,602
601,603
602,604
603,605
604,606
605,607
606,608
607,609
608,610
609,611
610,612
611,613
612,614
613,615
614,616
615,617
616,618
617,619
618,620
619,621
620,622
621,623
622,624
623,625
624,626
625,627
626,628
627,629
628,630
629,631
630,632
631,633
632,634
633,635
634,636
635,637
636,638
637,639
638,640
639,641
640,642
641,643
642,644
643,645
644,646
645,647
646,648
647,649
648,650
649,651
650,652
651,653
652,654
653,655
654,656
655,657
656,658
657,659
658,660
659,661
660,662
661,663
662,664
663,665
664,666
665,667
666,668
667,669
668,670
669,671
670,672
671,673
672,674
673,675
674,676
675,677
676,678
677,679
678,680
679,681
680,682
681,683
682,684
683,685
684,686
685,687
686,688
687,689
688,690
689,691
690,692
691,693
692,694
693,695
694,696
695,697
696,698
697,699
698,700
699,701
700,702
701,703
702,704
703,705
704,706
705,707
706,708
707,709
708,710
709,711
710,712
711,713
712,714
713,715
714,716
715,717
716,718
717,719
718,720
719,721
720,722
721,723
722,724
723,725
724,726
725,727
726,728
727,729
728,730
729,731
730,732
731,733
732,734
733,735
734,736
735,737
736,738
737,739
738,740
739,741
740,742
741,743
742,744
743,745
744,746
745,747
746,748
747,749
748,750
749,751
750,752
751,753
752,754
753,755
754,756
755,757
756,758
757,759
758,760
759,761
760,762
761,763
762,764
763,765
764,766
765,767
766,768
767,769
768,770
769,771
770,772
771,773
772,774
773,775
774,776
775,777
776,778
777,779
778,780
779,781
780,782
781,783
782,784
783,785
784,786
785,787
786,788
787,789
788,790
789,791
790,792
791,793
792,794
793,795
794,796
795,797
796,798
797,799
798,800
799,801
800,802
801,803
802,804
803,805
804,806
805,807
806,808
807,809
808,810
809,811
810,812
811,813
812,814
813,815
814,816
815,817
816,818
817,819
818,820
819,821
820,822
821,823
822,824
823,825
824,826
825,827
826,828
827,829
828,830
829,831
830,832
831,833
832,834
833,835
834,836
835,837
836,838
837,839
838,840
839,841
840,842
841,843
842,844
843,845
844,846
845,847
846,848
847,849
848,850
849,851
850,852
851,853
852,854
853,855
854,856
855,857
856,858
857,859
858,860
859,861
860,862
861,863
862,864
863,865
864,866
865,867
866,868
867,869
868,870
869,871
870,872
871,873
872,874
873,875
874,876
875,877
876,878
877,879
878,880
879,881
880,882
881,883
882,884
883,885
884,886
885,887
886,888
887,889
888,890
889,891
890,892
891,893
892,894
893,895
894,896
895,897
896,898
897,899
898,900
899,901
900,902
901,903
902,904
903,905
904,906
905,907
906,908
907,909
908,910
909,911
910,912
911,913
912,914
913,915
914,916
915,917
916,918
917,919
918,920
919,921
920,922
921,923
922,924
923,925
924,926
925,927
926,928
927,929
928,930
929,931
930,932
931,933
932,934
933,935
934,936
935,937
936,938
937,939
938,940
939,941
940,942
941,943
942,944
943,945
944,946
945,947
946,948
947,949
948,950
949,951
950,952
951,953
952,954
953,955
954,956
955,957
956,958
957,959
958,960
959,961
960,962
961,963
962,964
963,965
964,966
965,967
966,968
967,969
968,970
969,971
970,972
971,973
972,974
973,975
974,976
975,977
976,978
977,979
978,980
979,981
980,982
981,983
982,984
983,985
984,986
985,987
986,988
987,989
988,990
989,991
990,992
991,993
992,994
993,995
994,996
995,997
996,998
997,999
998,1000
999,1001
1000,1002
1001,1003
1002,1004
1003,1005
1004,1006
1005,1007
1006,1008
1007,1009
1008,1010
1009,1011
1010,1012
1011,1013
1012,1014
1013,1015
1014,1016
1015,1017
1016,1018
1017,1019
1018,1020
1019,1021
1020,1022
1021,1023
1022,1024
1023,1025
1024,1026
1025,1027
1026,1028
1027,1029
1028,1030
1029,1031
1030,1032
1031,1033
1032,1034
1033,1035
1034,1036
1035,1037
1036,1038
1037,1039
1038,1040
1039,1041
1040,1042
1041,1043
1042,1044
1043,1045
1044,1046
1045,1047
1046,1048
1047,1049
1048,1050
1049,1051
1050,1052
1051,1053
1052,1054
1053,1055
1054,1056
1055,1057
1056,1058
1057,1059
1058,1060
1059,1061
1060,1062
1061,1063
1062,1064
1063,1065
1064,1066
1065,1067
1066,1068
1067,1069
1068,1070
1069,1071
1070,1072
1071,1073
1072,1074
1073,1075
1074,1076
1075,1077
1076,1078
1077,1079
1078,1080
1079,1081
1080,1082
1081,1083
1082,1084
1083,1085
1084,1086
1085,1087
1086,1088
1087,1089
1088,1090
1089,1091
1090,1092
1091,1093
1092,1094
1093,1095
1094,1096
1095,1097
1096,1098
1097,1099
1098,1100
1099,1101
1100,1102
1101,1103
1102,1104
1103,1105
1104,1106
1105,1107
1106,1108
1107,1109
1108,1110
1109,1111
1110,1112
1111,1113
1112,1114
1113,1115
1114,1116
1115,1117
1116,1118
1117,1119
1118,1120
1119,1121
1120,1122
1121,1123
1122,1124
1123,1125
1124,1126
1125,1127
1126,1128
1127,1129
1128,1130
1129,1131
1130,1132
1131,1133
1132,1134
1133,1135
1134,1136
1135,1137
1136,1138
1137,1139
1138,1140
1139,1141
1140,1142
1141,1143
1142,1144
1143,1145
1144,1146
1145,1147
1146,1148
1147,1149
1148,1150
1149,1151
1150,1152
1151,1153
1152,1154
1153,1155
1154,1156
1155,1157
1156,1158
1157,1159
1158,1160
1159,1161
1160,1162
1161,1163
1162,1164
1163,1165
1164,1166
1165,1167
1166,1168
1167,1169
1168,1170
1169,1171
1170,1172
1171,1173
1172,1174
1173,1175
1174,1176
1175,1177
1176,1178
1177,1179
1178,1180
1179,1181
1180,1182
1181,1183
1182,1184
1183,1185
1184,1186
1185,1187
1186,1188
1187,1189
1188,1190
1189,1191
1190,1192
1191,1193
1192,1194
1193,1195
1194,1196
1195,1197
1196,1198
1197,1199
1198,1200
1199,1201
1200,1202
1201,1203
1202,1204
1203,1205
1204,1206
1205,1207
1206,1208
1207,1209
1208,1210
1209,1211
1210,1212
1211,1213
1212,1214
1213,1215
1214,1216
1215,1217
1216,1218
1217,1219
1218,1220
1219,1221
1220,1222
1221,1223
1222,1224
1223,1225
1224,1226
1225,1227
1226,1228
1227,1229
1228,1230
1229,1231
1230,1232
1231,1233
1232,1234
1233,1235
1234,1236
1235,1237
1236,1238
1237,1239
1238,1240
1239,1241
1240,1242
1241,1243
1242,1244
1243,1245
1244,1246
1245,1247
1246,1248
1247,1249
1248,1250
1249,1251
1250,1252
1251,1253
1252,1254
1253,1255
1254,1256
1255,1257
1256,1258
1257,1259
1258,1260
1259,1261
1260,1262
1261,1263
1262,1264
1263,1265
1264,1266
1265,1267
1266,1268
1267,1269
1268,1270
1269,1271
1270,1272
1271,1273
1272,1274
1273,1275
1274,1276
1275,1277
1276,1278
1277,1279
1278,1280
1279,1281
1280,1282
1281,1283
1282,1284
1283,1285
1284,1286
1285,1287
1286,1288
1287,1289
1288,1290
1289,1291
1290,1292
1291,1293
1292,1294
1293,1295
1294,1296
1295,1297
1296,1298
1297,1299
1298,1300
1299,1301
1300,1302
1301,1303
1302,1304
1303,1305
1304,1306
1305,1307
1306,1308
1307,1309
1308,1310
1309,1311
1310,1312
1311,1313
1312,1314
1313,1315
1314,1316
1315,1317
1316,1318
1317,1319
1318,1320
1319,1321
1320,1322
1321,1323
1322,1324
1323,1325
1324,1326
1325,1327
1326,1328
1327,1329
1328,1330
1329,1331
1330,1332
1331,1333
1332,1334
1333,1335
1334,1336
1335,1337
1336,1338
1337,1339
1338,1340
1339,1341
1340,1342
1341,1343
1342,1344
1343,1345
1344,1346
1345,1347
1346,1348
1347,1349
1348,1350
1349,1351
1350,1352
1351,1353
1352,1354
1353,1355
1354,1356
1355,1357
1356,1358
1357,1359
1358,1360
1359,1361
1360,1362
1361,1363
1362,1364
1363,1365
1364,1366
1365,1367
1366,1368
1367,1369
1368,1370
1369,1371
1370,1372
1371,1373
1372,1374
1373,1375
1374,1376
1375,1377
1376,1378
1377,1379
1378,1380
1379,1381
1380,1382
1381,1383
1382,1384
1383,1385
1384,1386
1385,1387
1386,1388
1387,1389
1388,1390
1389,1391
1390,1392
1391,1393
1392,1394
1393,1395
1394,1396
1395,1397
1396,1398
1397,1399
1398,1400
1399,1401
1400,1402
1401,1403
1402,1404
1403,1405
1404,1406
1405,1407
1406,1408
1407,1409
1408,1410
1409,1411
1410,1412
1411,1413
1412,1414
1413,1415
1414,1416
1415,1417
1416,1418
1417,1419
1418,1420
1419,1421
1420,1422
1421,1423
1422,1424
1423,1425
1424,1426
1425,1427
1426,1428
1427,1429
1428,1430
1429,1431
1430,1432
1431,1433
1432,1434
1433,1435
1434,1436
1435,1437
1436,1438
1437,1439
1438,1440
1439,1441
1440,1442
1441,1443
1442,1444
1443,1445
1444,1446
1445,1447
1446,1448
1447,1449
1448,1450
1449,1451
1450,1452
1451,1453
1452,1454
1453,1455
1454,1456
1455,1457
1456,1458
1457,1459
1458,1460
1459,1461
1460,1462
1461,1463
1462,1464
1463,1465
1464,1466
1465,1467
1466,1468
1467,1469
1468,1470
1469,1471
1470,1472
1471,1473
1472,1474
1473,1475
1474,1476
1475,1477
1476,1478
1477,1479
1478,1480
1479,1481
1480,1482
1481,1483
1482,1484
1483,1485
1484,1486
1485,1487
1486,1488
1487,1489
1488,1490
1489,1491
1490,1492
1491,1493
1492,1494
1493,1495
1494,1496
1495,1497
1496,1498
1497,1499
1498,1500
1499,1501
1500,1502
1501,1503
1502,1504
1503,1505
1504,1506
1505,1507
1506,1508
1507,1509
1508,1510
1509,1511
1510,1512
1511,1513
1512,1514
1513,1515
1514,1516
1515,1517
1516,1518
1517,1519
1518,1520
1519,1521
1520,1522
1521,1523
1522,1524
1523,1525
1524,1526
1525,1527
1526,1528
1527,1529
1528,1530
1529,1531
1530,1532
1531,1533
1532,1534
1533,1535
1534,1536
1535,1537
1536,1538
1537,1539
1538,1540
1539,1541
1540,1542
1541,1543
1542,1544
1543,1545
1544,1546
1545,1547
1546,1548
1547,1549
1548,1550
1549,1551
1550,1552
1551,1553
1552,1554
1553,1555
1554,1556
1555,1557
1556,1558
1557,1559
1558,1560
1559,1561
1560,1562
1561,1563
1562,1564
1563,1565
1564,1566
1565,1567
1566,1568
1567,1569
1568,1570
1569,1571
1570,1572
1571,1573
1572,1574
1573,1575
1574,1576
1575,1577
1576,1578
1577,1579
1578,1580
1579,1581
1580,1582
1581,1583
1582,1584
1583,1585
1584,1586
1585,1587
1586,1588
1587,1589
1588,1590
1589,1591
1590,1592
1591,1593
1592,1594
1593,1595
1594,1596
1595,1597
1596,1598
1597,1599
1598,1600
1599,1601
1600,1602
1601,1603
1602,1604
1603,1605
1604,1606
1605,1607
1606,1608
1607,1609
1608,1610
1609,1611
1610,1612
1611,1613
1612,1614
1613,1615
1614,1616
1615,1617
1616,1618
1617,1619
1618,1620
1619,1621
1620,1622
1621,1623
1622,1624
1623,1625
1624,1626
1625,1627
1626,1628
1627,1629
1628,1630
1629,1631
1630,1632
1631,1633
1632,1634
1633,1635
1634,1636
1635,1637
1636,1638
1637,1639
1638,1640
1639,1641
1640,1642
1641,1643
1642,1644
1643,1645
1644,1646
1645,1647
1646,1648
1647,1649
1648,1650
1649,1651
1650,1652
1651,1653
1652,1654
1653,1655
1654,1656
1655,1657
1656,1658
1657,1659
1658,1660
1659,1661
1660,1662
1661,1663
1662,1664
1663,1665
1664,1666
1665,1667
1666,1668
1667,1669
1668,1670
1669,1671
1670,1672
1671,1673
1672,1674
1673,1675
1674,1676
1675,1677
1676,1678
1677,1679
1678,1680
1679,1681
1680,1682
1681,1683
1682,1684
1683,1685
1684,1686
1685,1687
1686,1688
1687,1689
1688,1690
1689,1691
1690,1692
1691,1693
1692,1694
1693,1695
1694,1696
1695,1697
1696,1698
1697,1699
1698,1700
1699,1701
1700,1702
1701,1703
1702,1704
1703,1705
1704,1706
1705,1707
1706,1708
1707,1709
1708,1710
1709,1711
1710,1712
1711,1713
1712,1714
1713,1715
1714,1716
1715,1717
1716,1718
1717,1719
1718,1720
1719,1721
1720,1722
1721,1723
1722,1724
1723,1725
1724,1726
1725,1727
1726,1728
1727,1729
1728,1730
1729,1731
1730,1732
1731,1733
1732,1734
1733,1735
1734,1736
1735,1737
1736,1738
1737,1739
1738,1740
1739,1741
1740,1742
1741,1743
1742,1744
1743,1745
1744,1746
1745,1747
1746,1748
1747,1749
1748,1750
1749,1751
1750,1752
1751,1753
1752,1754
1753,1755
1754,1756
1755,1757
1756,1758
1757,1759
1758,1760
1759,1761
1760,1762
1761,1763
1762,1764
1763,1765
1764,1766
1765,1767
1766,1768
1767,1769
1768,1770
1769,1771
1770,1772
1771,1773
1772,1774
1773,1775
1774,1776
1775,1777
1776,1778
1777,1779
1778,1780
1779,1781
1780,1782
1781,1783
1782,1784
1783,1785
1784,1786
1785,1787
1786,1788
1787,1789
1788,1790
1789,1791
1790,1792
1791,1793
1792,1794
1793,1795
1794,1796
1795,1797
1796,1798
1797,1799
1798,1800
1799,1801
1800,1802
1801,1803
1802,1804
1803,1805
1804,1806
1805,1807
1806,1808
1807,1809
1808,1810
1809,1811
1810,1812
1811,1813
1812,1814
1813,1815
1814,1816
1815,1817
1816,1818
1817,1819
1818,1820
1819,1821
1820,1822
1821,1823
1822,1824
1823,1825
1824,1826
1825,1827
1826,1828
1827,1829
1828,1830
1829,1831
1830,1832
1831,1833
1832,1834
1833,1835
1834,1836
1835,1837
1836,1838
1837,1839
1838,1840
1839,1841
1840,1842
1841,1843
1842,1844
1843,1845
1844,1846
1845,1847
1846,1848
1847,1849
1848,1850
1849,1851
1850,1852
1851,1853
1852,1854
1853,1855
1854,1856
1855,1857
1856,1858
1857,1859
1858,1860
1859,1861
1860,1862
1861,1863
1862,1864
1863,1865
1864,1866
1865,1867
1866,1868
1867,1869
1868,1870
1869,1871
1870,1872
1871,1873
1872,1874
1873,1875
1874,1876
1875,1877
1876,1878
1877,1879
1878,1880
1879,1881
1880,1882
1881,1883
1882,1884
1883,1885
1884,1886
1885,1887
1886,1888
1887,1889
1888,1890
1889,1891
1890,1892
1891,1893
1892,1894
1893,1895
1894,1896
1895,1897
1896,1898
1897,1899
1898,1900
1899,1901
1900,1902
1901,1903
1902,1904
1903,1905
1904,1906
1905,1907
1906,1908
1907,1909
1908,1910
1909,1911
1910,1912
1911,1913
1912,1914
1913,1915
1914,1916
1915,1917
1916,1918
1917,1919
1918,1920
1919,1921
1920,1922
1921,1923
1922,1924
1923,1925
1924,1926
1925,1927
1926,1928
1927,1929
1928,1930
1929,1931
1930,1932
1931,1933
1932,1934
1933,1935
1934,1936
1935,1937
1936,1938
1937,1939
1938,1940
1939,1941
1940,1942
1941,1943
1942,1944
1943,1945
1944,1946
1945,1947
1946,1948
1947,1949
1948,1950
1949,1951
1950,1952
1951,1953
1952,1954
1953,1955
1954,1956
1955,1957
1956,1958
1957,1959
1958,1960
1959,1961
1960,1962
1961,1963
1962,1964
1963,1965
1964,1966
1965,1967
1966,1968
1967,1969
1968,1970
1969,1971
1970,1972
1971,1973
1972,1974
1973,1975
1974,1976
1975,1977
1976,1978
1977,1979
1978,1980
1979,1981
1980,1982
1981,1983
1982,1984
1983,1985
1984,1986
1985,1987
1986,1988
1987,1989
1988,1990
1989,1991
1990,1992
1991,1993
1992,1994
1993,1995
1994,1996
1995,1997
1996,1998
1997,1999
1998,2000
1999,2001
2000,2002
2001,2003
2002,2004
2003,2005
2004,2006
2005,2007
2006,2008
2007,2009
2008,2010
2009,2011
2010,2012
2011,2013
2012,2014
2013,2015
2014,2016
2015,2017
2016,2018
2017,2019
2018,2020
2019,2021
2020,2022
2021,2023
2022,2024
2023,2025
2024,2026
2025,2027
2026,2028
2027,2029
2028,2030
2029,2031
2030,2032
2031,2033
2032,2034
2033,2035
2034,2036
2035,2037
2036,2038
2037,2039
2038,2040
2039,2041
2040,2042
2041,2043
2042,2044
2043,2045
2044,2046
2045,2047
2046,2048
2047,2049
2048,2050
2049,2051
2050,2052
2051,2053
2052,2054
2053,2055
2054,2056
2055,2057
2056,2058
2057,2059
2058,2060
2059,2061
2060,2062
2061,2063
2062,2064
2063,2065
2064,2066
2065,2067
2066,2068
2067,2069
2068,2070
2069,2071
2070,2072
2071,2073
2072,2074
2073,2075
2074,2076
2075,2077
2076,2078
2077,2079
2078,2080
2079,2081
2080,2082
2081,2083
2082,2084
2083,2085
2084,2086
2085,2087
2086,2088
2087,2089
2088,2090
2089,2091
2090,2092
2091,2093
2092,2094
2093,2095
2094,2096
2095,2097
2096,2098
2097,2099
2098,2100
2099,2101
2100,2102
2101,2103
2102,2104
2103,2105
2104,2106
2105,2107
2106,2108
2107,2109
2108,2110
2109,2111
2110,2112
2111,2113
2112,2114
2113,2115
2114,2116
2115,2117
2116,2118
2117,2119
2118,2120
2119,2121
2120,2122
2121,2123
2122,2124
2123,2125
2124,2126
2125,2127
2126,2128
2127,2129
2128,2130
2129,2131
2130,2132
2131,2133
2132,2134
2133,2135
2134,2136
2135,2137
2136,2138
2137,2139
2138,2140
2139,2141
2140,2142
2141,2143
2142,2144
2143,2145
2144,2146
2145,2147
2146,2148
2147,2149
2148,2150
2149,2151
2150,2152
2151,2153
2152,2154
2153,2155
2154,2156
2155,2157
2156,2158
2157,2159
2158,2160
2159,2161
2160,2162
2161,2163
2162,2164
2163,2165
2164,2166
2165,2167
2166,2168
2167,2169
2168,2170
2169,2171
2170,2172
2171,2173
2172,2174
2173,2175
2174,2176
2175,2177
2176,2178
2177,2179
2178,2180
2179,2181
2180,2182
2181,2183
2182,2184
2183,2185
2184,2186
2185,2187
2186,2188
2187,2189
2188,2190
2189,2191
2190,2192
2191,2193
2192,2194
2193,2195
2194,2196
2195,2197
2196,2198
2197,2199
2198,2200
2199,2201
2200,2202
2201,2203
2202,2204
2203,2205
2204,2206
2205,2207
2206,2208
2207,2209
2208,2210
2209,2211
2210,2212
2211,2213
2212,2214
2213,2215
2214,2216
2215,2217
2216,2218
2217,2219
2218,2220
2219,2221
2220,2222
2221,2223
2222,2224
2223,2225
2224,2226
2225,2227
2226,2228
2227,2229
2228,2230
2229,2231
2230,2232
2231,2233
2232,2234
2233,2235
2234,2236
2235,2237
2236,2238
2237,2239
2238,2240
2239,2241
2240,2242
2241,2243
2242,2244
2243,2245
2244,2246
2245,2247
2246,2248
2247,2249
2248,2250
2249,2251
2250,2252
2251,2253
2252,2254
2253,2255
2254,2256
2255,2257
2256,2258
2257,2259
2258,2260
2259,2261
2260,2262
2261,2263
2262,2264
2263,2265
2264,2266
2265,2267
2266,2268
2267,2269
2268,2270
2269,2271
2270,2272
2271,2273
2272,2274
2273,2275
2274,2276
2275,2277
2276,2278
2277,2279
2278,2280
2279,2281
2280,2282
2281,2283
2282,2284
2283,2285
2284,2286
2285,2287
2286,2288
2287,2289
2288,2290
2289,2291
2290,2292
2291,2293
2292,2294
2293,2295
2294,2296
2295,2297
2296,2298
2297,2299
2298,2300
2299,2301
2300,2302
2301,2303
2302,2304
2303,2305
2304,2306
2305,2307
2306,2308
2307,2309
2308,2310
2309,2311
2310,2312
2311,2313
2312,2314
2313,2315
2314,2316
2315,2317
2316,2318
2317,2319
2318,2320
2319,2321
2320,2322
2321,2323
2322,2324
2323,2325
2324,2326
2325,2327
2326,2328
2327,2329
2328,2330
2329,2331
2330,2332
2331,2333
2332,2334
2333,2335
2334,2336
2335,2337
2336,2338
2337,2339
2338,2340
2339,2341
2340,2342
2341,2343
2342,2344
2343,2345
2344,2346
2345,2347
2346,2348
2347,2349
2348,2350
2349,2351
2350,2352
2351,2353
2352,2354
2353,2355
2354,2356
2355,2357
2356,2358
2357,2359
2358,2360
2359,2361
2360,2362
2361,2363
2362,2364
2363,2365
2364,2366
2365,2367
2366,2368
2367,2369
2368,2370
2369,2371
2370,2372
2371,2373
2372,2374
2373,2375
2374,2376
2375,2377
2376,2378
2377,2379
2378,2380
2379,2381
2380,2382
2381,2383
2382,2384
2383,2385
2384,2386
2385,2387
2386,2388
2387,2389
2388,2390
2389,2391
2390,2392
2391,2393
2392,2394
2393,2395
2394,2396
2395,2397
2396,2398
2397,2399
2398,2400
2399,2401
2400,2402
2401,2403
2402,2404
2403,2405
2404,2406
2405,2407
2406,2408
2407,2409
2408,2410
2409,2411
2410,2412
2411,2413
2412,2414
2413,2415
2414,2416
2415,2417
2416,2418
2417,2419
2418,2420
2419,2421
2420,2422
2421,2423
2422,2424
2423,2425
2424,2426
2425,2427
2426,2428
2427,2429
2428,2430
2429,2431
2430,2432
2431,2433
2432,2434
2433,2435
2434,2436
2435,2437
2436,2438
2437,2439
2438,2440
2439,2441
2440,2442
2441,2443
2442,2444
2443,2445
2444,2446
2445,2447
2446,2448
2447,2449
2448,2450
2449,2451
2450,2452
2451,2453
2452,2454
2453,2455
2454,2456
2455,2457
2456,2458
2457,2459
2458,2460
2459,2461
2460,2462
2461,2463
2462,2464
2463,2465
2464,2466
2465,2467
2466,2468
2467,2469
2468,2470
2469,2471
2470,2472
2471,2473
2472,2474
2473,2475
2474,2476
2475,2477
2476,2478
2477,2479
2478,2480
2479,2481
2480,2482
2481,2483
2482,2484
2483,2485
2484,2486
2485,2487
2486,2488
2487,2489
2488,2490
2489,2491
2490,2492
2491,2493
2492,2494
2493,2495
2494,2496
2495,2497
2496,2498
2497,2499
2498,2500
2499,2501
2500,2502
2501,2503
2502,2504
2503,2505
2504,2506
2505,2507
2506,2508
2507,2509
2508,2510
2509,2511
2510,2512
2511,2513
2512,2514
2513,2515
2514,2516
2515,2517
2516,2518
2517,2519
2518,2520
2519,2521
2520,2522
2521,2523
2522,2524
2523,2525
2524,2526
2525,2527
2526,2528
2527,2529
2528,2530
2529,2531
2530,2532
2531,2533
2532,2534
2533,2535
2534,2536
2535,2537
2536,2538
2537,2539
2538,2540
2539,2541
2540,2542
2541,2543
2542,2544
2543,2545
2544,2546
2545,2547
2546,2548
2547,2549
2548,2550
2549,2551
2550,2552
2551,2553
2552,2554
2553,2555
2554,2556
2555,2557
2556,2558
2557,2559
2558,2560
2559,2561
2560,2562
2561,2563
2562,2564
2563,2565
2564,2566
2565,2567
2566,2568
2567,2569
2568,2570
2569,2571
2570,2572
2571,2573
2572,2574
2573,2575
2574,2576
2575,2577
2576,2578
2577,2579
2578,2580
2579,2581
2580,2582
2581,2583
2582,2584
2583,2585
2584,2586
2585,2587
2586,2588
2587,2589
2588,2590
2589,2591
2590,2592
2591,2593
2592,2594
2593,2595
2594,2596
2595,2597
2596,2598
2597,2599
2598,2600
2599,2601
2600,2602
2601,2603
2602,2604
2603,2605
2604,2606
2605,2607
2606,2608
2607,2609
2608,2610
2609,2611
2610,2612
2611,2613
2612,2614
2613,2615
2614,2616
2615,2617
2616,2618
2617,2619
2618,2620
2619,2621
2620,2622
2621,2623
2622,2624
2623,2625
2624,2626
2625,2627
2626,2628
2627,2629
2628,2630
2629,2631
2630,2632
2631,2633
2632,2634
2633,2635
2634,2636
2635,2637
2636,2638
2637,2639
2638,2640
2639,2641
2640,2642
2641,2643
2642,2644
2643,2645
2644,2646
2645,2647
2646,2648
2647,2649
2648,2650
2649,2651
2650,2652
2651,2653
2652,2654
2653,2655
2654,2656
2655,2657
2656,2658
2657,2659
2658,2660
2659,2661
2660,2662
2661,2663
2662,2664
2663,2665
2664,2666
2665,2667
2666,2668
2667,2669
2668,2670
2669,2671
2670,2672
2671,2673
2672,2674
2673,2675
2674,2676
2675,2677
2676,2678
2677,2679
2678,2680
2679,2681
2680,2682
2681,2683
2682,2684
2683,2685
2684,2686
2685,2687
2686,2688
2687,2689
2688,2690
2689,2691
2690,2692
2691,2693
2692,2694
2693,2695
2694,2696
2695,2697
2696,2698
2697,2699
2698,2700
2699,2701
2700,2702
2701,2703
2702,2704
2703,2705
2704,2706
2705,2707
2706,2708
2707,2709
2708,2710
2709,2711
2710,2712
2711,2713
2712,2714
2713,2715
2714,2716
2715,2717
2716,2718
2717,2719
2718,2720
2719,2721
2720,2722
2721,2723
2722,2724
2723,2725
2724,2726
2725,2727
2726,2728
2727,2729
2728,2730
2729,2731
2730,2732
2731,2733
2732,2734
2733,2735
2734,2736
2735,2737
2736,2738
2737,2739
2738,2740
2739,2741
2740,2742
2741,2743
2742,2744
2743,2745
2744,2746
2745,2747
2746,2748
2747,2749
2748,2750
2749,2751
2750,2752
2751,2753
2752,2754
2753,2755
2754,2756
2755,2757
2756,2758
2757,2759
2758,2760
2759,2761
2760,2762
2761,2763
2762,2764
2763,2765
2764,2766
2765,2767
2766,2768
2767,2769
2768,2770
2769,2771
2770,2772
2771,2773
2772,2774
2773,2775
2774,2776
2775,2777
2776,2778
2777,2779
2778,2780
2779,2781
2780,2782
2781,2783
2782,2784
2783,2785
2784,2786
2785,2787
2786,2788
2787,2789
2788,2790
2789,2791
2790,2792
2791,2793
2792,2794
2793,2795
2794,2796
2795,2797
2796,2798
2797,2799
2798,2800
2799,2801
2800,2802
2801,2803
2802,2804
2803,2805
2804,2806
2805,2807
2806,2808
2807,2809
2808,2810
2809,2811
2810,2812
2811,2813
2812,2814
2813,2815
2814,2816
2815,2817
2816,2818
2817,2819
2818,2820
2819,2821
2820,2822
2821,2823
2822,2824
2823,2825
2824,2826
2825,2827
2826,2828
2827,2829
2828,2830
2829,2831
2830,2832
2831,2833
2832,2834
2833,2835
2834,2836
2835,2837
2836,2838
2837,2839
2838,2840
2839,2841
2840,2842
2841,2843
2842,2844
2843,2845
2844,2846
2845,2847
2846,2848
2847,2849
2848,2850
2849,2851
2850,2852
2851,2853
2852,2854
2853,2855
2854,2856
2855,2857
2856,2858
2857,2859
2858,2860
2859,2861
2860,2862
2861,2863
2862,2864
2863,2865
2864,2866
2865,2867
2866,2868
2867,2869
2868,2870
2869,2871
2870,2872
2871,2873
2872,2874
2873,2875
2874,2876
2875,2877
2876,2878
2877,2879
2878,2880
2879,2881
2880,2882
2881,2883
2882,2884
2883,2885
2884,2886
2885,2887
2886,2888
2887,2889
2888,2890
2889,2891
2890,2892
2891,2893
2892,2894
2893,2895
2894,2896
2895,2897
2896,2898
2897,2899
2898,2900
2899,2901
2900,2902
2901,2903
2902,2904
2903,2905
2904,2906
2905,2907
2906,2908
2907,2909
2908,2910
2909,2911
2910,2912
2911,2913
2912,2914
2913,2915
2914,2916
2915,2917
2916,2918
2917,2919
2918,2920
2919,2921
2920,2922
2921,2923
2922,2924
2923,2925
2924,2926
2925,2927
2926,2928
2927,2929
2928,2930
2929,2931
2930,2932
2931,2933
2932,2934
2933,2935
2934,2936
2935,2937
2936,2938
2937,2939
2938,2940
2939,2941
2940,2942
2941,2943
2942,2944
2943,2945
2944,2946
2945,2947
2946,2948
2947,2949
2948,2950
2949,2951
2950,2952
2951,2953
2952,2954
2953,2955
2954,2956
2955,2957
2956,2958
2957,2959
2958,2960
2959,2961
2960,2962
2961,2963
2962,2964
2963,2965
2964,2966
2965,2967
2966,2968
2967,2969
2968,2970
2969,2971
2970,2972
2971,2973
2972,2974
2973,2975
2974,2976
2975,2977
2976,2978
2977,2979
2978,2980
2979,2981
2980,2982
2981,2983
2982,2984
2983,2985
2984,2986
2985,2987
2986,2988
2987,2989
2988,2990
2989,2991
2990,2992
2991,2993
2992,2994
2993,2995
2994,2996
2995,2997
2996,2998
2997,2999
2998,3000
2999,3001
3000,3002
3001,3003
3002,3004
3003,3005
3004,3006
3005,3007
3006,3008
3007,3009
3008,3010
3009,3011
3010,3012
3011,3013
3012,3014
3013,3015
3014,3016
3015,3017
3016,3018
3017,3019
3018,3020
3019,3021
3020,3022
3021,3023
3022,3024
3023,3025
3024,3026
3025,3027
3026,3028
3027,3029
3028,3030
3029,3031
3030,3032
3031,3033
3032,3034
3033,3035
3034,3036
3035,3037
3036,3038
3037,3039
3038,3040
3039,3041
3040,3042
3041,3043
3042,3044
3043,3045
3044,3046
3045,3047
3046,3048
3047,3049
3048,3050
3049,3051
3050,3052
3051,3053
3052,3054
3053,3055
3054,3056
3055,3057
3056,3058
3057,3059
3058,3060
3059,3061
3060,3062
3061,3063
3062,3064
3063,3065
3064,3066
3065,3067
3066,3068
3067,3069
3068,3070
3069,3071
3070,3072
3071,3073
3072,3074
3073,3075
3074,3076
3075,3077
3076,3078
3077,3079
3078,3080
3079,3081
3080,3082
3081,3083
3082,3084
3083,3085
3084,3086
3085,3087
3086,3088
3087,3089
3088,3090
3089,3091
3090,3092
3091,3093
3092,3094
3093,3095
3094,3096
3095,3097
3096,3098
3097,3099
3098,3100
3099,3101
3100,3102
3101,3103
3102,3104
3103,3105
3104,3106
3105,3107
3106,3108
3107,3109
3108,3110
3109,3111
3110,3112
3111,3113
3112,3114
3113,3115
3114,3116
3115,3117
3116,3118
3117,3119
3118,3120
3119,3121
3120,3122
3121,3123
3122,3124
3123,3125
3124,3126
3125,3127
3126,3128
3127,3129
3128,3130
3129,3131
3130,3132
3131,3133
3132,3134
3133,3135
3134,3136
3135,3137
3136,3138
3137,3139
3138,3140
3139,3141
3140,3142
3141,3143
3142,3144
3143,3145
3144,3146
3145,3147
3146,3148
3147,3149
3148,3150
3149,3151
3150,3152
3151,3153
3152,3154
3153,3155
3154,3156
3155,3157
3156,3158
3157,3159
3158,3160
3159,3161
3160,3162
3161,3163
3162,3164
3163,3165
3164,3166
3165,3167
3166,3168
3167,3169
3168,3170
3169,3171
3170,3172
3171,3173
3172,3174
3173,3175
3174,3176
3175,3177
3176,3178
3177,3179
3178,3180
3179,3181
3180,3182
3181,3183
3182,3184
3183,3185
3184,3186
3185,3187
3186,3188
3187,3189
3188,3190
3189,3191
3190,3192
3191,3193
3192,3194
3193,3195
3194,3196
3195,3197
3196,3198
3197,3199
3198,3200
3199,3201
3200,3202
3201,3203
3202,3204
3203,3205
3204,3206
3205,3207
3206,3208
3207,3209
3208,3210
3209,3211
3210,3212
3211,3213
3212,3214
3213,3215
3214,3216
3215,3217
3216,3218
3217,3219
3218,3220
3219,3221
3220,3222
3221,3223
3222,3224
3223,3225
3224,3226
3225,3227
3226,3228
3227,3229
3228,3230
3229,3231
3230,3232
3231,3233
3232,3234
3233,3235
3234,3236
3235,3237
3236,3238
3237,3239
3238,3240
3239,3241
3240,3242
3241,3243
3242,3244
3243,3245
3244,3246
3245,3247
3246,3248
3247,3249
3248,3250
3249,3251
3250,3252
3251,3253
3252,3254
3253,3255
3254,3256
3255,3257
3256,3258
3257,3259
3258,3260
3259,3261
3260,3262
3261,3263
3262,3264
3263,3265
3264,3266
3265,3267
3266,3268
3267,3269
3268,3270
3269,3271
3270,3272
3271,3273
3272,3274
3273,3275
3274,3276
3275,3277
3276,3278
3277,3279
3278,3280
3279,3281
3280,3282
3281,3283
3282,3284
3283,3285
3284,3286
3285,3287
3286,3288
3287,3289
3288,3290
3289,3291
3290,3292
3291,3293
3292,3294
3293,3295
3294,3296
3295,3297
3296,3298
3297,3299
3298,3300
3299,3301
3300,3302
3301,3303
3302,3304
3303,3305
3304,3306
3305,3307
3306,3308
3307,3309
3308,3310
3309,3311
3310,3312
3311,3313
3312,3314
3313,3315
3314,3316
3315,3317
3316,3318
3317,3319
3318,3320
3319,3321
3320,3322
3321,3323
3322,3324
3323,3325
3324,3326
3325,3327
3326,3328
3327,3329
3328,3330
3329,3331
3330,3332
3331,3333
3332,3334
3333,3335
3334,3336
3335,3337
3336,3338
3337,3339
3338,3340
3339,3341
3340,3342
3341,3343
3342,3344
3343,3345
3344,3346
3345,3347
3346,3348
3347,3349
3348,3350
3349,3351
3350,3352
3351,3353
3352,3354
3353,3355
3354,3356
3355,3357
3356,3358
3357,3359
3358,3360
3359,3361
3360,3362
3361,3363
3362,3364
3363,3365
3364,3366
3365,3367
3366,3368
3367,3369
3368,3370
3369,3371
3370,3372
3371,3373
3372,3374
3373,3375
3374,3376
3375,3377
3376,3378
3377,3379
3378,3380
3379,3381
3380,3382
3381,3383
3382,3384
3383,3385
3384,3386
3385,3387
3386,3388
3387,3389
3388,3390
3389,3391
3390,3392
3391,3393
3392,3394
3393,3395
3394,3396
3395,3397
3396,3398
3397,3399
3398,3400
3399,3401
3400,3402
3401,3403
3402,3404
3403,3405
3404,3406
3405,3407
3406,3408
3407,3409
3408,3410
3409,3411
3410,3412
3411,3413
3412,3414
3413,3415
3414,3416
3415,3417
3416,3418
3417,3419
3418,3420
3419,3421
3420,3422
3421,3423
3422,3424
3423,3425
3424,3426
3425,3427
3426,3428
3427,3429
3428,3430
3429,3431
3430,3432
3431,3433
3432,3434
3433,3435
3434,3436
3435,3437
3436,3438
3437,3439
3438,3440
3439,3441
3440,3442
3441,3443
3442,3444
3443,3445
3444,3446
3445,3447
3446,3448
3447,3449
3448,3450
3449,3451
3450,3452
3451,3453
3452,3454
3453,3455
3454,3456
3455,3457
3456,3458
3457,3459
3458,3460
3459,3461
3460,3462
3461,3463
3462,3464
3463,3465
3464,3466
3465,3467
3466,3468
3467,3469
3468,3470
3469,3471
3470,3472
3471,3473
3472,3474
3473,3475
3474,3476
3475,3477
3476,3478
3477,3479
3478,3480
3479,3481
3480,3482
3481,3483
3482,3484
3483,3485
3484,3486
3485,3487
3486,3488
3487,3489
3488,3490
3489,3491
3490,3492
3491,3493
3492,3494
3493,3495
3494,3496
3495,3497
3496,3498
3497,3499
3498,3500
3499,3501
3500,3502
3501,3503
3502,3504
3503,3505
3504,3506
3505,3507
3506,3508
3507,3509
3508,3510
3509,3511
3510,3512
3511,3513
3512,3514
3513,3515
3514,3516
3515,3517
3516,3518
3517,3519
3518,3520
3519,3521
3520,3522
3521,3523
3522,3524
3523,3525
3524,3526
3525,3527
3526,3528
3527,3529
3528,3530
3529,3531
3530,3532
3531,3533
3532,3534
3533,3535
3534,3536
3535,3537
3536,3538
3537,3539
3538,3540
3539,3541
3540,3542
3541,3543
3542,3544
3543,3545
3544,3546
3545,3547
3546,3548
3547,3549
3548,3550
3549,3551
3550,3552
3551,3553
3552,3554
3553,3555
3554,3556
3555,3557
3556,3558
3557,3559
3558,3560
3559,3561
3560,3562
3561,3563
3562,3564
3563,3565
3564,3566
3565,3567
3566,3568
3567,3569
3568,3570
3569,3571
3570,3572
3571,3573
3572,3574
3573,3575
3574,3576
3575,3577
3576,3578
3577,3579
3578,3580
3579,3581
3580,3582
3581,3583
3582,3584
3583,3585
3584,3586
3585,3587
3586,3588
3587,3589
3588,3590
3589,3591
3590,3592
3591,3593
3592,3594
3593,3595
3594,3596
3595,3597
3596,3598
3597,3599
3598,3600
3599,3601
3600,3602
3601,3603
3602,3604
3603,3605
3604,3606
3605,3607
3606,3608
3607,3609
3608,3610
3609,3611
3610,3612
3611,3613
3612,3614
3613,3615
3614,3616
3615,3617
3616,3618
3617,3619
3618,3620
3619,3621
3620,3622
3621,3623
3622,3624
3623,3625
3624,3626
3625,3627
3626,3628
3627,3629
3628,3630
3629,3631
3630,3632
3631,3633
3632,3634
3633,3635
3634,3636
3635,3637
3636,3638
3637,3639
3638,3640
3639,3641
3640,3642
3641,3643
3642,3644
3643,3645
3644,3646
3645,3647
3646,3648
3647,3649
3648,3650
3649,3651
3650,3652
3651,3653
3652,3654
3653,3655
3654,3656
3655,3657
3656,3658
3657,3659
3658,3660
3659,3661
3660,3662
3661,3663
3662,3664
3663,3665
3664,3666
3665,3667
3666,3668
3667,3669
3668,3670
3669,3671
3670,3672
3671,3673
3672,3674
3673,3675
3674,3676
3675,3677
3676,3678
3677,3679
3678,3680
3679,3681
3680,3682
3681,3683
3682,3684
3683,3685
3684,3686
3685,3687
3686,3688
3687,3689
3688,3690
3689,3691
3690,3692
3691,3693
3692,3694
3693,3695
3694,3696
3695,3697
3696,3698
3697,3699
3698,3700
3699,3701
3700,3702
3701,3703
3702,3704
3703,3705
3704,3706
3705,3707
3706,3708
3707,3709
3708,3710
3709,3711
3710,3712
3711,3713
3712,3714
3713,3715
3714,3716
3715,3717
3716,3718
3717,3719
3718,3720
3719,3721
3720,3722
3721,3723
3722,3724
3723,3725
3724,3726
3725,3727
3726,3728
3727,3729
3728,3730
3729,3731
3730,3732
3731,3733
3732,3734
3733,3735
3734,3736
3735,3737
3736,3738
3737,3739
3738,3740
3739,3741
3740,3742
3741,3743
3742,3744
3743,3745
3744,3746
3745,3747
3746,3748
3747,3749
3748,3750
3749,3751
3750,3752
3751,3753
3752,3754
3753,3755
3754,3756
3755,3757
3756,3758
3757,3759
3758,3760
3759,3761
3760,3762
3761,3763
3762,3764
3763,3765
3764,3766
3765,3767
3766,3768
3767,3769
3768,3770
3769,3771
3770,3772
3771,3773
3772,3774
3773,3775
3774,3776
3775,3777
3776,3778
3777,3779
3778,3780
3779,3781
3780,3782
3781,3783
3782,3784
3783,3785
3784,3786
3785,3787
3786,3788
3787,3789
3788,3790
3789,3791
3790,3792
3791,3793
3792,3794
3793,3795
3794,3796
3795,3797
3796,3798
3797,3799
3798,3800
3799,3801
3800,3802
3801,3803
3802,3804
3803,3805
3804,3806
3805,3807
3806,3808
3807,3809
3808,3810
3809,3811
3810,3812
3811,3813
3812,3814
3813,3815
3814,3816
3815,3817
3816,3818
3817,3819
3818,3820
3819,3821
3820,3822
3821,3823
3822,3824
3823,3825
3824,3826
3825,3827
3826,3828
3827,3829
3828,3830
3829,3831
3830,3832
3831,3833
3832,3834
3833,3835
3834,3836
3835,3837
3836,3838
3837,3839
3838,3840
3839,3841
3840,3842
3841,3843
3842,3844
3843,3845
3844,3846
3845,3847
3846,3848
3847,3849
3848,3850
3849,3851
3850,3852
3851,3853
3852,3854
3853,3855
3854,3856
3855,3857
3856,3858
3857,3859
3858,3860
3859,3861
3860,3862
3861,3863
3862,3864
3863,3865
3864,3866
3865,3867
3866,3868
3867,3869
3868,3870
3869,3871
3870,3872
3871,3873
3872,3874
3873,3875
3874,3876
3875,3877
3876,3878
3877,3879
3878,3880
3879,3881
3880,3882
3881,3883
3882,3884
3883,3885
3884,3886
3885,3887
3886,3888
3887,3889
3888,3890
3889,3891
3890,3892
3891,3893
3892,3894
3893,3895
3894,3896
3895,3897
3896,3898
3897,3899
3898,3900
3899,3901
3900,3902
3901,3903
3902,3904
3903,3905
3904,3906
3905,3907
3906,3908
3907,3909
3908,3910
3909,3911
3910,3912
3911,3913
3912,3914
3913,3915
3914,3916
3915,3917
3916,3918
3917,3919
3918,3920
3919,3921
3920,3922
3921,3923
3922,3924
3923,3925
3924,3926
3925,3927
3926,3928
3927,3929
3928,3930
3929,3931
3930,3932
3931,3933
3932,3934
3933,3935
3934,3936
3935,3937
3936,3938
3937,3939
3938,3940
3939,3941
3940,3942
3941,3943
3942,3944
3943,3945
3944,3946
3945,3947
3946,3948
3947,3949
3948,3950
3949,3951
3950,3952
3951,3953
3952,3954
3953,3955
3954,3956
3955,3957
3956,3958
3957,3959
3958,3960
3959,3961
3960,3962
3961,3963
3962,3964
3963,3965
3964,3966
3965,3967
3966,3968
3967,3969
3968,3970
3969,3971
3970,3972
3971,3973
3972,3974
3973,3975
3974,3976
3975,3977
3976,3978
3977,3979
3978,3980
3979,3981
3980,3982
3981,3983
3982,3984
3983,3985
3984,3986
3985,3987
3986,3988
3987,3989
3988,3990
3989,3991
3990,3992
3991,3993
3992,3994
3993,3995
3994,3996
3995,3997
3996,3998
3997,3999
3998,4000
3999,4001
4000,4002
4001,4003
4002,4004
4003,4005
4004,4006
4005,4007
4006,4008
4007,4009
4008,4010
4009,4011
4010,4012
4011,4013
4012,4014
4013,4015
4014,4016
4015,4017
4016,4018
4017,4019
4018,4020
4019,4021
4020,4022
4021,4023
4022,4024
4023,4025
4024,4026
4025,4027
4026,4028
4027,4029
4028,4030
4029,4031
4030,4032
4031,4033
4032,4034
4033,4035
4034,4036
4035,4037
4036,4038
4037,4039
4038,4040
4039,4041
4040,4042
4041,4043
4042,4044
4043,4045
4044,4046
4045,4047
4046,4048
4047,4049
4048,4050
4049,4051
4050,4052
4051,4053
4052,4054
4053,4055
4054,4056
4055,4057
4056,4058
4057,4059
4058,4060
4059,4061
4060,4062
4061,4063
4062,4064
4063,4065
4064,4066
4065,4067
4066,4068
4067,4069
4068,4070
4069,4071
4070,4072
4071,4073
4072,4074
4073,4075
4074,4076
4075,4077
4076,4078
4077,4079
4078,4080
4079,4081
4080,4082
4081,4083
4082,4084
4083,4085
4084,4086
4085,4087
4086,4088
4087,4089
4088,4090
4089,4091
4090,4092
4091,4093
4092,4094
4093,4095
4094,4096
4095,4097
4096,4098
4097,4099
4098,4100
4099,4101
4100,4102
4101,4103
4102,4104
4103,4105
4104,4106
4105,4107
4106,4108
4107,4109
4108,4110
4109,4111
4110,4112
4111,4113
4112,4114
4113,4115
4114,4116
4115,4117
4116,4118
4117,4119
4118,4120
4119,4121
4120,4122
4121,4123
4122,4124
4123,4125
4124,4126
4125,4127
4126,4128
4127,4129
4128,4130
4129,4131
4130,4132
4131,4133
4132,4134
4133,4135
4134,4136
4135,4137
4136,4138
4137,4139
4138,4140
4139,4141
4140,4142
4141,4143
4142,4144
4143,4145
4144,4146
4145,4147
4146,4148
4147,4149
4148,4150
4149,4151
4150,4152
4151,4153
4152,4154
4153,4155
4154,4156
4155,4157
4156,4158
4157,4159
4158,4160
4159,4161
4160,4162
4161,4163
4162,4164
4163,4165
4164,4166
4165,4167
4166,4168
4167,4169
4168,4170
4169,4171
4170,4172
4171,4173
4172,4174
4173,4175
4174,4176
4175,4177
4176,4178
4177,4179
4178,4180
4179,4181
4180,4182
4181,4183
4182,4184
4183,4185
4184,4186
4185,4187
4186,4188
4187,4189
4188,4190
4189,4191
4190,4192
4191,4193
4192,4194
4193,4195
4194,4196
4195,4197
4196,4198
4197,4199
4198,4200
4199,4201
4200,4202
4201,4203
4202,4204
4203,4205
4204,4206
4205,4207
4206,4208
4207,4209
4208,4210
4209,4211
4210,4212
4211,4213
4212,4214
4213,4215
4214,4216
4215,4217
4216,4218
4217,4219
4218,4220
4219,4221
4220,4222
4221,4223
4222,4224
4223,4225
4224,4226
4225,4227
4226,4228
4227,4229
4228,4230
4229,4231
4230,4232
4231,4233
4232,4234
4233,4235
4234,4236
4235,4237
4236,4238
4237,4239
4238,4240
4239,4241
4240,4242
4241,4243
4242,4244
4243,4245
4244,4246
4245,4247
4246,4248
4247,4249
4248,4250
4249,4251
4250,4252
4251,4253
4252,4254
4253,4255
4254,4256
4255,4257
4256,4258
4257,4259
4258,4260
4259,4261
4260,4262
4261,4263
4262,4264
4263,4265
4264,4266
4265,4267
4266,4268
4267,4269
4268,4270
4269,4271
4270,4272
4271,4273
4272,4274
4273,4275
4274,4276
4275,4277
4276,4278
4277,4279
4278,4280
4279,4281
4280,4282
4281,4283
4282,4284
4283,4285
4284,4286
4285,4287
4286,4288
4287,4289
4288,4290
4289,4291
4290,4292
4291,4293
4292,4294
4293,4295
4294,4296
4295,4297
4296,4298
4297,4299
4298,4300
4299,4301
4300,4302
4301,4303
4302,4304
4303,4305
4304,4306
4305,4307
4306,4308
4307,4309
4308,4310
4309,4311
4310,4312
4311,4313
4312,4314
4313,4315
4314,4316
4315,4317
4316,4318
4317,4319
4318,4320
4319,4321
4320,4322
4321,4323
4322,4324
4323,4325
4324,4326
4325,4327
4326,4328
4327,4329
4328,4330
4329,4331
4330,4332
4331,4333
4332,4334
4333,4335
4334,4336
4335,4337
4336,4338
4337,4339
4338,4340
4339,4341
4340,4342
4341,4343
4342,4344
4343,4345
4344,4346
4345,4347
4346,4348
4347,4349
4348,4350
4349,4351
4350,4352
4351,4353
4352,4354
4353,4355
4354,4356
4355,4357
4356,4358
4357,4359
4358,4360
4359,4361
4360,4362
4361,4363
4362,4364
4363,4365
4364,4366
4365,4367
4366,4368
4367,4369
4368,4370
4369,4371
4370,4372
4371,4373
4372,4374
4373,4375
4374,4376
4375,4377
4376,4378
4377,4379
4378,4380
4379,4381
4380,4382
4381,4383
4382,4384
4383,4385
4384,4386
4385,4387
4386,4388
4387,4389
4388,4390
4389,4391
4390,4392
4391,4393
4392,4394
4393,4395
4394,4396
4395,4397
4396,4398
4397,4399
4398,4400
4399,4401
4400,4402
4401,4403
4402,4404
4403,4405
4404,4406
4405,4407
4406,4408
4407,4409
4408,4410
4409,4411
4410,4412
4411,4413
4412,4414
4413,4415
4414,4416
4415,4417
4416,4418
4417,4419
4418,4420
4419,4421
4420,4422
4421,4423
4422,4424
4423,4425
4424,4426
4425,4427
4426,4428
4427,4429
4428,4430
4429,4431
4430,4432
4431,4433
4432,4434
4433,4435
4434,4436
4435,4437
4436,4438
4437,4439
4438,4440
4439,4441
4440,4442
4441,4443
4442,4444
4443,4445
4444,4446
4445,4447
4446,4448
4447,4449
4448,4450
4449,4451
4450,4452
4451,4453
4452,4454
4453,4455
4454,4456
4455,4457
4456,4458
4457,4459
4458,4460
4459,4461
4460,4462
4461,4463
4462,4464
4463,4465
4464,4466
4465,4467
4466,4468
4467,4469
4468,4470
4469,4471
4470,4472
4471,4473
4472,4474
4473,4475
4474,4476
4475,4477
4476,4478
4477,4479
4478,4480
4479,4481
4480,4482
4481,4483
4482,4484
4483,4485
4484,4486
4485,4487
4486,4488
4487,4489
4488,4490
4489,4491
4490,4492
4491,4493
4492,4494
4493,4495
4494,4496
4495,4497
4496,4498
4497,4499
4498,4500
4499,4501
4500,4502
4501,4503
4502,4504
4503,4505
4504,4506
4505,4507
4506,4508
4507,4509
4508,4510
4509,4511
4510,4512
4511,4513
4512,4514
4513,4515
4514,4516
4515,4517
4516,4518
4517,4519
4518,4520
4519,4521
4520,4522
4521,4523
4522,4524
4523,4525
4524,4526
4525,4527
4526,4528
4527,4529
4528,4530
4529,4531
4530,4532
4531,4533
4532,4534
4533,4535
4534,4536
4535,4537
4536,4538
4537,4539
4538,4540
4539,4541
4540,4542
4541,4543
4542,4544
4543,4545
4544,4546
4545,4547
4546,4548
4547,4549
4548,4550
4549,4551
4550,4552
4551,4553
4552,4554
4553,4555
4554,4556
4555,4557
4556,4558
4557,4559
4558,4560
4559,4561
4560,4562
4561,4563
4562,4564
4563,4565
4564,4566
4565,4567
4566,4568
4567,4569
4568,4570
4569,4571
4570,4572
4571,4573
4572,4574
4573,4575
4574,4576
4575,4577
4576,4578
4577,4579
4578,4580
4579,4581
4580,4582
4581,4583
4582,4584
4583,4585
4584,4586
4585,4587
4586,4588
4587,4589
4588,4590
4589,4591
4590,4592
4591,4593
4592,4594
4593,4595
4594,4596
4595,4597
4596,4598
4597,4599
4598,4600
4599,4601
4600,4602
4601,4603
4602,4604
4603,4605
4604,4606
4605,4607
4606,4608
4607,4609
4608,4610
4609,4611
4610,4612
4611,4613
4612,4614
4613,4615
4614,4616
4615,4617
4616,4618
4617,4619
4618,4620
4619,4621
4620,4622
4621,4623
4622,4624
4623,4625
4624,4626
4625,4627
4626,4628
4627,4629
4628,4630
4629,4631
4630,4632
4631,4633
4632,4634
4633,4635
4634,4636
4635,4637
4636,4638
4637,4639
4638,4640
4639,4641
4640,4642
4641,4643
4642,4644
4643,4645
4644,4646
4645,4647
4646,4648
4647,4649
4648,4650
4649,4651
4650,4652
4651,4653
4652,4654
4653,4655
4654,4656
4655,4657
4656,4658
4657,4659
4658,4660
4659,4661
4660,4662
4661,4663
4662,4664
4663,4665
4664,4666
4665,4667
4666,4668
4667,4669
4668,4670
4669,4671
4670,4672
4671,4673
4672,4674
4673,4675
4674,4676
4675,4677
4676,4678
4677,4679
4678,4680
4679,4681
4680,4682
4681,4683
4682,4684
4683,4685
4684,4686
4685,4687
4686,4688
4687,4689
4688,4690
4689,4691
4690,4692
4691,4693
4692,4694
4693,4695
4694,4696
4695,4697
4696,4698
4697,4699
4698,4700
4699,4701
4700,4702
4701,4703
4702,4704
4703,4705
4704,4706
4705,4707
4706,4708
4707,4709
4708,4710
4709,4711
4710,4712
4711,4713
4712,4714
4713,4715
4714,4716
4715,4717
4716,4718
4717,4719
4718,4720
4719,4721
4720,4722
4721,4723
4722,4724
4723,4725
4724,4726
4725,4727
4726,4728
4727,4729
4728,4730
4729,4731
4730,4732
4731,4733
4732,4734
4733,4735
4734,4736
4735,4737
4736,4738
4737,4739
4738,4740
4739,4741
4740,4742
4741,4743
4742,4744
4743,4745
4744,4746
4745,4747
4746,4748
4747,4749
4748,4750
4749,4751
4750,4752
4751,4753
4752,4754
4753,4755
4754,4756
4755,4757
4756,4758
4757,4759
4758,4760
4759,4761
4760,4762
4761,4763
4762,4764
4763,4765
4764,4766
4765,4767
4766,4768
4767,4769
4768,4770
4769,4771
4770,4772
4771,4773
4772,4774
4773,4775
4774,4776
4775,4777
4776,4778
4777,4779
4778,4780
4779,4781
4780,4782
4781,4783
4782,4784
4783,4785
4784,4786
4785,4787
4786,4788
4787,4789
4788,4790
4789,4791
4790,4792
4791,4793
4792,4794
4793,4795
4794,4796
4795,4797
4796,4798
4797,4799
4798,4800
4799,4801
4800,4802
4801,4803
4802,4804
4803,4805
4804,4806
4805,4807
4806,4808
4807,4809
4808,4810
4809,4811
4810,4812
4811,4813
4812,4814
4813,4815
4814,4816
4815,4817
4816,4818
4817,4819
4818,4820
4819,4821
4820,4822
4821,4823
4822,4824
4823,4825
4824,4826
4825,4827
4826,4828
4827,4829
4828,4830
4829,4831
4830,4832
4831,4833
4832,4834
4833,4835
4834,4836
4835,4837
4836,4838
4837,4839
4838,4840
4839,4841
4840,4842
4841,4843
4842,4844
4843,4845
4844,4846
4845,4847
4846,4848
4847,4849
4848,4850
4849,4851
4850,4852
4851,4853
4852,4854
4853,4855
4854,4856
4855,4857
4856,4858
4857,4859
4858,4860
4859,4861
4860,4862
4861,4863
4862,4864
4863,4865
4864,4866
4865,4867
4866,4868
4867,4869
4868,4870
4869,4871
4870,4872
4871,4873
4872,4874
4873,4875
4874,4876
4875,4877
4876,4878
4877,4879
4878,4880
4879,4881
4880,4882
4881,4883
4882,4884
4883,4885
4884,4886
4885,4887
4886,4888
4887,4889
4888,4890
4889,4891
4890,4892
4891,4893
4892,4894
4893,4895
4894,4896
4895,4897
4896,4898
4897,4899
4898,4900
4899,4901
4900,4902
4901,4903
4902,4904
4903,4905
4904,4906
4905,4907
4906,4908
4907,4909
4908,4910
4909,4911
4910,4912
4911,4913
4912,4914
4913,4915
4914,4916
4915,4917
4916,4918
4917,4919
4918,4920
4919,4921
4920,4922
4921,4923
4922,4924
4923,4925
4924,4926
4925,4927
4926,4928
4927,4929
4928,4930
4929,4931
4930,4932
4931,4933
4932,4934
4933,4935
4934,4936
4935,4937
4936,4938
4937,4939
4938,4940
4939,4941
4940,4942
4941,4943
4942,4944
4943,4945
4944,4946
4945,4947
4946,4948
4947,4949
4948,4950
4949,4951
4950,4952
4951,4953
4952,4954
4953,4955
4954,4956
4955,4957
4956,4958
4957,4959
4958,4960
4959,4961
4960,4962
4961,4963
4962,4964
4963,4965
4964,4966
4965,4967
4966,4968
4967,4969
4968,4970
4969,4971
4970,4972
4971,4973
4972,4974
4973,4975
4974,4976
4975,4977
4976,4978
4977,4979
4978,4980
4979,4981
4980,4982
4981,4983
4982,4984
4983,4985
4984,4986
4985,4987
4986,4988
4987,4989
4988,4990
4989,4991
4990,4992
4991,4993
4992,4994
4993,4995
4994,4996
4995,4997
4996,4998
4997,4999
4998,5000
4999,5001
5000,5002
5001,5003
5002,5004
5003,5005
5004,5006
5005,5007
5006,5008
5007,5009
5008,5010
5009,5011
5010,5012
5011,5013
5012,5014
5013,5015
5014,5016
5015,5017
5016,5018
5017,5019
5018,5020
5019,5021
5020,5022
5021,5023
5022,5024
5023,5025
5024,5026
5025,5027
5026,5028
5027,5029
5028,5030
5029,5031
5030,5032
5031,5033
5032,5034
5033,5035
5034,5036
5035,5037
5036,5038
5037,5039
5038,5040
5039,5041
5040,5042
5041,5043
5042,5044
5043,5045
5044,5046
5045,5047
5046,5048
5047,5049
5048,5050
5049,5051
5050,5052
5051,5053
5052,5054
5053,5055
5054,5056
5055,5057
5056,5058
5057,5059
5058,5060
5059,5061
5060,5062
5061,5063
5062,5064
5063,5065
5064,5066
5065,5067
5066,5068
5067,5069
5068,5070
5069,5071
5070,5072
5071,5073
5072,5074
5073,5075
5074,5076
5075,5077
5076,5078
5077,5079
5078,5080
5079,5081
5080,5082
5081,5083
5082,5084
5083,5085
5084,5086
5085,5087
5086,5088
5087,5089
5088,5090
5089,5091
5090,5092
5091,5093
5092,5094
5093,5095
5094,5096
5095,5097
5096,5098
5097,5099
5098,5100
5099,5101
5100,5102
5101,5103
5102,5104
5103,5105
5104,5106
5105,5107
5106,5108
5107,5109
5108,5110
5109,5111
5110,5112
5111,5113
5112,5114
5113,5115
5114,5116
5115,5117
5116,5118
5117,5119
5118,5120
5119,5121
5120,5122
5121,5123
5122,5124
5123,5125
5124,5126
5125,5127
5126,5128
5127,5129
5128,5130
5129,5131
5130,5132
5131,5133
5132,5134
5133,5135
5134,5136
5135,5137
5136,5138
5137,5139
5138,5140
5139,5141
5140,5142
5141,5143
5142,5144
5143,5145
5144,5146
5145,5147
5146,5148
5147,5149
5148,5150
5149,5151
5150,5152
5151,5153
5152,5154
5153,5155
5154,5156
5155,5157
5156,5158
5157,5159
5158,5160
5159,5161
5160,5162
5161,5163
5162,5164
5163,5165
5164,5166
5165,5167
5166,5168
5167,5169
5168,5170
5169,5171
5170,5172
5171,5173
5172,5174
5173,5175
5174,5176
5175,5177
5176,5178
5177,5179
5178,5180
5179,5181
5180,5182
5181,5183
5182,5184
5183,5185
5184,5186
5185,5187
5186,5188
5187,5189
5188,5190
5189,5191
5190,5192
5191,5193
5192,5194
5193,5195
5194,5196
5195,5197
5196,5198
5197,5199
5198,5200
5199,5201
5200,5202
5201,5203
5202,5204
5203,5205
5204,5206
5205,5207
5206,5208
5207,5209
5208,5210
5209,5211
5210,5212
5211,5213
5212,5214
5213,5215
5214,5216
5215,5217
5216,5218
5217,5219
5218,5220
5219,5221
5220,5222
5221,5223
5222,5224
5223,5225
5224,5226
5225,5227
5226,5228
5227,5229
5228,5230
5229,5231
5230,5232
5231,5233
5232,5234
5233,5235
5234,5236
5235,5237
5236,5238
5237,5239
5238,5240
5239,5241
5240,5242
5241,5243
5242,5244
5243,5245
5244,5246
5245,5247
5246,5248
5247,5249
5248,5250
5249,5251
5250,5252
5251,5253
5252,5254
5253,5255
5254,5256
5255,5257
5256,5258
5257,5259
5258,5260
5259,5261
5260,5262
5261,5263
5262,5264
5263,5265
5264,5266
5265,5267
5266,5268
5267,5269
5268,5270
5269,5271
5270,5272
5271,5273
5272,5274
5273,5275
5274,5276
5275,5277
5276,5278
5277,5279
5278,5280
5279,5281
5280,5282
5281,5283
5282,5284
5283,5285
5284,5286
5285,5287
5286,5288
5287,5289
5288,5290
5289,5291
5290,5292
5291,5293
5292,5294
5293,5295
5294,5296
5295,5297
5296,5298
5297,5299
5298,5300
5299,5301
5300,5302
5301,5303
5302,5304
5303,5305
5304,5306
5305,5307
5306,5308
5307,5309
5308,5310
5309,5311
5310,5312
5311,5313
5312,5314
5313,5315
5314,5316
5315,5317
5316,5318
5317,5319
5318,5320
5319,5321
5320,5322
5321,5323
5322,5324
5323,5325
5324,5326
5325,5327
5326,5328
5327,5329
5328,5330
5329,5331
5330,5332
5331,5333
5332,5334
5333,5335
5334,5336
5335,5337
5336,5338
5337,5339
5338,5340
5339,5341
5340,5342
5341,5343
5342,5344
5343,5345
5344,5346
5345,5347
5346,5348
5347,5349
5348,5350
5349,5351
5350,5352
5351,5353
5352,5354
5353,5355
5354,5356
5355,5357
5356,5358
5357,5359
5358,5360
5359,5361
5360,5362
5361,5363
5362,5364
5363,5365
5364,5366
5365,5367
5366,5368
5367,5369
5368,5370
5369,5371
5370,5372
5371,5373
5372,5374
5373,5375
5374,5376
5375,5377
5376,5378
5377,5379
5378,5380
5379,5381
5380,5382
5381,5383
5382,5384
5383,5385
5384,5386
5385,5387
5386,5388
5387,5389
5388,5390
5389,5391
5390,5392
5391,5393
5392,5394
5393,5395
5394,5396
5395,5397
5396,5398
5397,5399
5398,5400
5399,5401
5400,5402
5401,5403
5402,5404
5403,5405
5404,5406
5405,5407
5406,5408
5407,5409
5408,5410
5409,5411
5410,5412
5411,5413
5412,5414
5413,5415
5414,5416
5415,5417
5416,5418
5417,5419
5418,5420
5419,5421
5420,5422
5421,5423
5422,5424
5423,5425
5424,5426
5425,5427
5426,5428
5427,5429
5428,5430
5429,5431
5430,5432
5431,5433
5432,5434
5433,5435
5434,5436
5435,5437
5436,5438
5437,5439
5438,5440
5439,5441
5440,5442
5441,5443
5442,5444
5443,5445
5444,5446
5445,5447
5446,5448
5447,5449
5448,5450
5449,5451
5450,5452
5451,5453
5452,5454
5453,5455
5454,5456
5455,5457
5456,5458
5457,5459
5458,5460
5459,5461
5460,5462
5461,5463
5462,5464
5463,5465
5464,5466
5465,5467
5466,5468
5467,5469
5468,5470
5469,5471
5470,5472
5471,5473
5472,5474
5473,5475
5474,5476
5475,5477
5476,5478
5477,5479
5478,5480
5479,5481
5480,5482
5481,5483
5482,5484
5483,5485
5484,5486
5485,5487
5486,5488
5487,5489
5488,5490
5489,5491
5490,5492
5491,5493
5492,5494
5493,5495
5494,5496
5495,5497
5496,5498
5497,5499
5498,5500
5499,5501
5500,5502
5501,5503
5502,5504
5503,5505
5504,5506
5505,5507
5506,5508
5507,5509
5508,5510
5509,5511
5510,5512
5511,5513
5512,5514
5513,5515
5514,5516
5515,5517
5516,5518
5517,5519
5518,5520
5519,5521
5520,5522
5521,5523
5522,5524
5523,5525
5524,5526
5525,5527
5526,5528
5527,5529
5528,5530
5529,5531
5530,5532
5531,5533
5532,5534
5533,5535
5534,5536
5535,5537
5536,5538
5537,5539
5538,5540
5539,5541
5540,5542
5541,5543
5542,5544
5543,5545
5544,5546
5545,5547
5546,5548
5547,5549
5548,5550
5549,5551
5550,5552
5551,5553
5552,5554
5553,5555
5554,5556
5555,5557
5556,5558
5557,5559
5558,5560
5559,5561
5560,5562
5561,5563
5562,5564
5563,5565
5564,5566
5565,5567
5566,5568
5567,5569
5568,5570
5569,5571
5570,5572
5571,5573
5572,5574
5573,5575
5574,5576
5575,5577
5576,5578
5577,5579
5578,5580
5579,5581
5580,5582
5581,5583
5582,5584
5583,5585
5584,5586
5585,5587
5586,5588
5587,5589
5588,5590
5589,5591
5590,5592
5591,5593
5592,5594
5593,5595
5594,5596
5595,5597
5596,5598
5597,5599
5598,5600
5599,5601
5600,5602
5601,5603
5602,5604
5603,5605
5604,5606
5605,5607
5606,5608
5607,5609
5608,5610
5609,5611
5610,5612
5611,5613
5612,5614
5613,5615
5614,5616
5615,5617
5616,5618
5617,5619
5618,5620
5619,5621
5620,5622
5621,5623
5622,5624
5623,5625
5624,5626
5625,5627
5626,5628
5627,5629
5628,5630
5629,5631
5630,5632
5631,5633
5632,5634
5633,5635
5634,5636
5635,5637
5636,5638
5637,5639
5638,5640
5639,5641
5640,5642
5641,5643
5642,5644
5643,5645
5644,5646
5645,5647
5646,5648
5647,5649
5648,5650
5649,5651
5650,5652
5651,5653
5652,5654
5653,5655
5654,5656
5655,5657
5656,5658
5657,5659
5658,5660
5659,5661
5660,5662
5661,5663
5662,5664
5663,5665
5664,5666
5665,5667
5666,5668
5667,5669
5668,5670
5669,5671
5670,5672
5671,5673
5672,5674
5673,5675
5674,5676
5675,5677
5676,5678
5677,5679
5678,5680
5679,5681
5680,5682
5681,5683
5682,5684
5683,5685
5684,5686
5685,5687
5686,5688
5687,5689
5688,5690
5689,5691
5690,5692
5691,5693
5692,5694
5693,5695
5694,5696
5695,5697
5696,5698
5697,5699
5698,5700
5699,5701
5700,5702
5701,5703
5702,5704
5703,5705
5704,5706
5705,5707
5706,5708
5707,5709
5708,5710
5709,5711
5710,5712
5711,5713
5712,5714
5713,5715
5714,5716
5715,5717
5716,5718
5717,5719
5718,5720
5719,5721
5720,5722
5721,5723
5722,5724
5723,5725
5724,5726
5725,5727
5726,5728
5727,5729
5728,5730
5729,5731
5730,5732
5731,5733
5732,5734
5733,5735
5734,5736
5735,5737
5736,5738
5737,5739
5738,5740
5739,5741
5740,5742
5741,5743
5742,5744
5743,5745
5744,5746
5745,5747
5746,5748
5747,5749
5748,5750
5749,5751
5750,5752
5751,5753
5752,5754
5753,5755
5754,5756
5755,5757
5756,5758
5757,5759
5758,5760
5759,5761
5760,5762
5761,5763
5762,5764
5763,5765
5764,5766
5765,5767
5766,5768
5767,5769
5768,5770
5769,5771
5770,5772
5771,5773
5772,5774
5773,5775
5774,5776
5775,5777
5776,5778
5777,5779
5778,5780
5779,5781
5780,5782
5781,5783
5782,5784
5783,5785
5784,5786
5785,5787
5786,5788
5787,5789
5788,5790
5789,5791
5790,5792
5791,5793
5792,5794
5793,5795
5794,5796
5795,5797
5796,5798
5797,5799
5798,5800
5799,5801
5800,5802
5801,5803
5802,5804
5803,5805
5804,5806
5805,5807
5806,5808
5807,5809
5808,5810
5809,5811
5810,5812
5811,5813
5812,5814
5813,5815
5814,5816
5815,5817
5816,5818
5817,5819
5818,5820
5819,5821
5820,5822
5821,5823
5822,5824
5823,5825
5824,5826
5825,5827
5826,5828
5827,5829
5828,5830
5829,5831
5830,5832
5831,5833
5832,5834
5833,5835
5834,5836
5835,5837
5836,5838
5837,5839
5838,5840
5839,5841
5840,5842
5841,5843
5842,5844
5843,5845
5844,5846
5845,5847
5846,5848
5847,5849
5848,5850
5849,5851
5850,5852
5851,5853
5852,5854
5853,5855
5854,5856
5855,5857
5856,5858
5857,5859
5858,5860
5859,5861
5860,5862
5861,5863
5862,5864
5863,5865
5864,5866
5865,5867
5866,5868
5867,5869
5868,5870
5869,5871
5870,5872
5871,5873
5872,5874
5873,5875
5874,5876
5875,5877
5876,5878
5877,5879
5878,5880
5879,5881
5880,5882
5881,5883
5882,5884
5883,5885
5884,5886
5885,5887
5886,5888
5887,5889
5888,5890
5889,5891
5890,5892
5891,5893
5892,5894
5893,5895
5894,5896
5895,5897
5896,5898
5897,5899
5898,5900
5899,5901
5900,5902
5901,5903
5902,5904
5903,5905
5904,5906
5905,5907
5906,5908
5907,5909
5908,5910
5909,5911
5910,5912
5911,5913
5912,5914
5913,5915
5914,5916
5915,5917
5916,5918
5917,5919
5918,5920
5919,5921
5920,5922
5921,5923
5922,5924
5923,5925
5924,5926
5925,5927
5926,5928
5927,5929
5928,5930
5929,5931
5930,5932
5931,5933
5932,5934
5933,5935
5934,5936
5935,5937
5936,5938
5937,5939
5938,5940
5939,5941
5940,5942
5941,5943
5942,5944
5943,5945
5944,5946
5945,5947
5946,5948
5947,5949
5948,5950
5949,5951
5950,5952
5951,5953
5952,5954
5953,5955
5954,5956
5955,5957
5956,5958
5957,5959
5958,5960
5959,5961
5960,5962
5961,5963
5962,5964
5963,5965
5964,5966
5965,5967
5966,5968
5967,5969
5968,5970
5969,5971
5970,5972
5971,5973
5972,5974
5973,5975
5974,5976
5975,5977
5976,5978
5977,5979
5978,5980
5979,5981
5980,5982
5981,5983
5982,5984
5983,5985
5984,5986
5985,5987
5986,5988
5987,5989
5988,5990
5989,5991
5990,5992
5991,5993
5992,5994
5993,5995
5994,5996
5995,5997
5996,5998
5997,5999
5998,6000
5999,6001
6000,6002
6001,6003
6002,6004
6003,6005
6004,6006
6005,6007
6006,6008
6007,6009
6008,6010
6009,6011
6010,6012
6011,6013
6012,6014
6013,6015
6014,6016
6015,6017
6016,6018
6017,6019
6018,6020
6019,6021
6020,6022
6021,6023
6022,6024
6023,6025
6024,6026
6025,6027
6026,6028
6027,6029
6028,6030
6029,6031
6030,6032
6031,6033
6032,6034
6033,6035
6034,6036
6035,6037
6036,6038
6037,6039
6038,6040
6039,6041
6040,6042
6041,6043
6042,6044
6043,6045
6044,6046
6045,6047
6046,6048
6047,6049
6048,6050
6049,6051
6050,6052
6051,6053
6052,6054
6053,6055
6054,6056
6055,6057
6056,6058
6057,6059
6058,6060
6059,6061
6060,6062
6061,6063
6062,6064
6063,6065
6064,6066
6065,6067
6066,6068
6067,6069
6068,6070
6069,6071
6070,6072
6071,6073
6072,6074
6073,6075
6074,6076
6075,6077
6076,6078
6077,6079
6078,6080
6079,6081
6080,6082
6081,6083
6082,6084
6083,6085
6084,6086
6085,6087
6086,6088
6087,6089
6088,6090
6089,6091
6090,6092
6091,6093
6092,6094
6093,6095
6094,6096
6095,6097
6096,6098
6097,6099
6098,6100
6099,6101
6100,6102
6101,6103
6102,6104
6103,6105
6104,6106
6105,6107
6106,6108
6107,6109
6108,6110
6109,6111
6110,6112
6111,6113
6112,6114
6113,6115
6114,6116
6115,6117
6116,6118
6117,6119
6118,6120
6119,6121
6120,6122
6121,6123
6122,6124
6123,6125
6124,6126
6125,6127
6126,6128
6127,6129
6128,6130
6129,6131
6130,6132
6131,6133
6132,6134
6133,6135
6134,6136
6135,6137
6136,6138
6137,6139
6138,6140
6139,6141
6140,6142
6141,6143
6142,6144
6143,6145
6144,6146
6145,6147
6146,6148
6147,6149
6148,6150
6149,6151
6150,6152
6151,6153
6152,6154
6153,6155
6154,6156
6155,6157
6156,6158
6157,6159
6158,6160
6159,6161
6160,6162
6161,6163
6162,6164
6163,6165
6164,6166
6165,6167
6166,6168
6167,6169
6168,6170
6169,6171
6170,6172
6171,6173
6172,6174
6173,6175
6174,6176
6175,6177
6176,6178
6177,6179
6178,6180
6179,6181
6180,6182
6181,6183
6182,6184
6183,6185
6184,6186
6185,6187
6186,6188
6187,6189
6188,6190
6189,6191
6190,6192
6191,6193
6192,6194
6193,6195
6194,6196
6195,6197
6196,6198
6197,6199
6198,6200
6199,6201
6200,6202
6201,6203
6202,6204
6203,6205
6204,6206
6205,6207
6206,6208
6207,6209
6208,6210
6209,6211
6210,6212
6211,6213
6212,6214
6213,6215
6214,6216
6215,6217
6216,6218
6217,6219
6218,6220
6219,6221
6220,6222
6221,6223
6222,6224
6223,6225
6224,6226
6225,6227
6226,6228
6227,6229
6228,6230
6229,6231
6230,6232
6231,6233
6232,6234
6233,6235
6234,6236
6235,6237
6236,6238
6237,6239
6238,6240
6239,6241
6240,6242
6241,6243
6242,6244
6243,6245
6244,6246
6245,6247
6246,6248
6247,6249
6248,6250
6249,6251
6250,6252
6251,6253
6252,6254
6253,6255
6254,6256
6255,6257
6256,6258
6257,6259
6258,6260
6259,6261
6260,6262
6261,6263
6262,6264
6263,6265
6264,6266
6265,6267
6266,6268
6267,6269
6268,6270
6269,6271
6270,6272
6271,6273
6272,6274
6273,6275
6274,6276
6275,6277
6276,6278
6277,6279
6278,6280
6279,6281
6280,6282
6281,6283
6282,6284
6283,6285
6284,6286
6285,6287
6286,6288
6287,6289
6288,6290
6289,6291
6290,6292
6291,6293
6292,6294
6293,6295
6294,6296
6295,6297
6296,6298
6297,6299
6298,6300
6299,6301
6300,6302
6301,6303
6302,6304
6303,6305
6304,6306
6305,6307
6306,6308
6307,6309
6308,6310
6309,6311
6310,6312
6311,6313
6312,6314
6313,6315
6314,6316
6315,6317
6316,6318
6317,6319
6318,6320
6319,6321
6320,6322
6321,6323
6322,6324
6323,6325
6324,6326
6325,6327
6326,6328
6327,6329
6328,6330
6329,6331
6330,6332
6331,6333
6332,6334
6333,6335
6334,6336
6335,6337
6336,6338
6337,6339
6338,6340
6339,6341
6340,6342
6341,6343
6342,6344
6343,6345
6344,6346
6345,6347
6346,6348
6347,6349
6348,6350
6349,6351
6350,6352
6351,6353
6352,6354
6353,6355
6354,6356
6355,6357
6356,6358
6357,6359
6358,6360
6359,6361
6360,6362
6361,6363
6362,6364
6363,6365
6364,6366
6365,6367
6366,6368
6367,6369
6368,6370
6369,6371
6370,6372
6371,6373
6372,6374
6373,6375
6374,6376
6375,6377
6376,6378
6377,6379
6378,6380
6379,6381
6380,6382
6381,6383
6382,6384
6383,6385
6384,6386
6385,6387
6386,6388
6387,6389
6388,6390
6389,6391
6390,6392
6391,6393
6392,6394
6393,6395
6394,6396
6395,6397
6396,6398
6397,6399
6398,6400
6399,6401
6400,6402
6401,6403
6402,6404
6403,6405
6404,6406
6405,6407
6406,6408
6407,6409
6408,6410
6409,6411
6410,6412
6411,6413
6412,6414
6413,6415
6414,6416
6415,6417
6416,6418
6417,6419
6418,6420
6419,6421
6420,6422
6421,6423
6422,6424
6423,6425
6424,6426
6425,6427
6426,6428
6427,6429
6428,6430
6429,6431
6430,6432
6431,6433
6432,6434
6433,6435
6434,6436
6435,6437
6436,6438
6437,6439
6438,6440
6439,6441
6440,6442
6441,6443
6442,6444
6443,6445
6444,6446
6445,6447
6446,6448
6447,6449
6448,6450
6449,6451
6450,6452
6451,6453
6452,6454
6453,6455
6454,6456
6455,6457
6456,6458
6457,6459
6458,6460
6459,6461
6460,6462
6461,6463
6462,6464
6463,6465
6464,6466
6465,6467
6466,6468
6467,6469
6468,6470
6469,6471
6470,6472
6471,6473
6472,6474
6473,6475
6474,6476
6475,6477
6476,6478
6477,6479
6478,6480
6479,6481
6480,6482
6481,6483
6482,6484
6483,6485
6484,6486
6485,6487
6486,6488
6487,6489
6488,6490
6489,6491
6490,6492
6491,6493
6492,6494
6493,6495
6494,6496
6495,6497
6496,6498
6497,6499
6498,6500
6499,6501
6500,6502
6501,6503
6502,6504
6503,6505
6504,6506
6505,6507
6506,6508
6507,6509
6508,6510
6509,6511
6510,6512
6511,6513
6512,6514
6513,6515
6514,6516
6515,6517
6516,6518
6517,6519
6518,6520
6519,6521
6520,6522
6521,6523
6522,6524
6523,6525
6524,6526
6525,6527
6526,6528
6527,6529
6528,6530
6529,6531
6530,6532
6531,6533
6532,6534
6533,6535
6534,6536
6535,6537
6536,6538
6537,6539
6538,6540
6539,6541
6540,6542
6541,6543
6542,6544
6543,6545
6544,6546
6545,6547
6546,6548
6547,6549
6548,6550
6549,6551
6550,6552
6551,6553
6552,6554
6553,6555
6554,6556
6555,6557
6556,6558
6557,6559
6558,6560
6559,6561
6560,6562
6561,6563
6562,6564
6563,6565
6564,6566
6565,6567
6566,6568
6567,6569
6568,6570
6569,6571
6570,6572
6571,6573
6572,6574
6573,6575
6574,6576
6575,6577
6576,6578
6577,6579
6578,6580
6579,6581
6580,6582
6581,6583
6582,6584
6583,6585
6584,6586
6585,6587
6586,6588
6587,6589
6588,6590
6589,6591
6590,6592
6591,6593
6592,6594
6593,6595
6594,6596
6595,6597
6596,6598
6597,6599
6598,6600
6599,6601
6600,6602
6601,6603
6602,6604
6603,6605
6604,6606
6605,6607
6606,6608
6607,6609
6608,6610
6609,6611
6610,6612
6611,6613
6612,6614
6613,6615
6614,6616
6615,6617
6616,6618
6617,6619
6618,6620
6619,6621
6620,6622
6621,6623
6622,6624
6623,6625
6624,6626
6625,6627
6626,6628
6627,6629
6628,6630
6629,6631
6630,6632
6631,6633
6632,6634
6633,6635
6634,6636
6635,6637
6636,6638
6637,6639
6638,6640
6639,6641
6640,6642
6641,6643
6642,6644
6643,6645
6644,6646
6645,6647
6646,6648
6647,6649
6648,6650
6649,6651
6650,6652
6651,6653
6652,6654
6653,6655
6654,6656
6655,6657
6656,6658
6657,6659
6658,6660
6659,6661
6660,6662
6661,6663
6662,6664
6663,6665
6664,6666
6665,6667
6666,6668
6667,6669
6668,6670
6669,6671
6670,6672
6671,6673
6672,6674
6673,6675
6674,6676
6675,6677
6676,6678
6677,6679
6678,6680
6679,6681
6680,6682
6681,6683
6682,6684
6683,6685
6684,6686
6685,6687
6686,6688
6687,6689
6688,6690
6689,6691
6690,6692
6691,6693
6692,6694
6693,6695
6694,6696
6695,6697
6696,6698
6697,6699
6698,6700
6699,6701
6700,6702
6701,6703
6702,6704
6703,6705
6704,6706
6705,6707
6706,6708
6707,6709
6708,6710
6709,6711
6710,6712
6711,6713
6712,6714
6713,6715
6714,6716
6715,6717
6716,6718
6717,6719
6718,6720
6719,6721
6720,6722
6721,6723
6722,6724
6723,6725
6724,6726
6725,6727
6726,6728
6727,6729
6728,6730
6729,6731
6730,6732
6731,6733
6732,6734
6733,6735
6734,6736
6735,6737
6736,6738
6737,6739
6738,6740
6739,6741
6740,6742
6741,6743
6742,6744
6743,6745
6744,6746
6745,6747
6746,6748
6747,6749
6748,6750
6749,6751
6750,6752
6751,6753
6752,6754
6753,6755
6754,6756
6755,6757
6756,6758
6757,6759
6758,6760
6759,6761
6760,6762
6761,6763
6762,6764
6763,6765
6764,6766
6765,6767
6766,6768
6767,6769
6768,6770
6769,6771
6770,6772
6771,6773
6772,6774
6773,6775
6774,6776
6775,6777
6776,6778
6777,6779
6778,6780
6779,6781
6780,6782
6781,6783
6782,6784
6783,6785
6784,6786
6785,6787
6786,6788
6787,6789
6788,6790
6789,6791
6790,6792
6791,6793
6792,6794
6793,6795
6794,6796
6795,6797
6796,6798
6797,6799
6798,6800
6799,6801
6800,6802
6801,6803
6802,6804
6803,6805
6804,6806
6805,6807
6806,6808
6807,6809
6808,6810
6809,6811
6810,6812
6811,6813
6812,6814
6813,6815
6814,6816
6815,6817
6816,6818
6817,6819
6818,6820
6819,6821
6820,6822
6821,6823
6822,6824
6823,6825
6824,6826
6825,6827
6826,6828
6827,6829
6828,6830
6829,6831
6830,6832
6831,6833
6832,6834
6833,6835
6834,6836
6835,6837
6836,6838
6837,6839
6838,6840
6839,6841
6840,6842
6841,6843
6842,6844
6843,6845
6844,6846
6845,6847
6846,6848
6847,6849
6848,6850
6849,6851
6850,6852
6851,6853
6852,6854
6853,6855
6854,6856
6855,6857
6856,6858
6857,6859
6858,6860
6859,6861
6860,6862
6861,6863
6862,6864
6863,6865
6864,6866
6865,6867
6866,6868
6867,6869
6868,6870
6869,6871
6870,6872
6871,6873
6872,6874
6873,6875
6874,6876
6875,6877
6876,6878
6877,6879
6878,6880
6879,6881
6880,6882
6881,6883
6882,6884
6883,6885
6884,6886
6885,6887
6886,6888
6887,6889
6888,6890
6889,6891
6890,6892
6891,6893
6892,6894
6893,6895
6894,6896
6895,6897
6896,6898
6897,6899
6898,6900
6899,6901
6900,6902
6901,6903
6902,6904
6903,6905
6904,6906
6905,6907
6906,6908
6907,6909
6908,6910
6909,6911
6910,6912
6911,6913
6912,6914
6913,6915
6914,6916
6915,6917
6916,6918
6917,6919
6918,6920
6919,6921
6920,6922
6921,6923
6922,6924
6923,6925
6924,6926
6925,6927
6926,6928
6927,6929
6928,6930
6929,6931
6930,6932
6931,6933
6932,6934
6933,6935
6934,6936
6935,6937
6936,6938
6937,6939
6938,6940
6939,6941
6940,6942
6941,6943
6942,6944
6943,6945
6944,6946
6945,6947
6946,6948
6947,6949
6948,6950
6949,6951
6950,6952
6951,6953
6952,6954
6953,6955
6954,6956
6955,6957
6956,6958
6957,6959
6958,6960
6959,6961
6960,6962
6961,6963
6962,6964
6963,6965
6964,6966
6965,6967
6966,6968
6967,6969
6968,6970
6969,6971
6970,6972
6971,6973
6972,6974
6973,6975
6974,6976
6975,6977
6976,6978
6977,6979
6978,6980
6979,6981
6980,6982
6981,6983
6982,6984
6983,6985
6984,6986
6985,6987
6986,6988
6987,6989
6988,6990
6989,6991
6990,6992
6991,6993
6992,6994
6993,6995
6994,6996
6995,6997
6996,6998
6997,6999
6998,7000
6999,7001
7000,7002
7001,7003
7002,7004
7003,7005
7004,7006
7005,7007
7006,7008
7007,7009
7008,7010
7009,7011
7010,7012
7011,7013
7012,7014
7013,7015
7014,7016
7015,7017
7016,7018
7017,7019
7018,7020
7019,7021
7020,7022
7021,7023
7022,7024
7023,7025
7024,7026
7025,7027
7026,7028
7027,7029
7028,7030
7029,7031
7030,7032
7031,7033
7032,7034
7033,7035
7034,7036
7035,7037
7036,7038
7037,7039
7038,7040
7039,7041
7040,7042
7041,7043
7042,7044
7043,7045
7044,7046
7045,7047
7046,7048
7047,7049
7048,7050
7049,7051
7050,7052
7051,7053
7052,7054
7053,7055
7054,7056
7055,7057
7056,7058
7057,7059
7058,7060
7059,7061
7060,7062
7061,7063
7062,7064
7063,7065
7064,7066
7065,7067
7066,7068
7067,7069
7068,7070
7069,7071
7070,7072
7071,7073
7072,7074
7073,7075
7074,7076
7075,7077
7076,7078
7077,7079
7078,7080
7079,7081
7080,7082
7081,7083
7082,7084
7083,7085
7084,7086
7085,7087
7086,7088
7087,7089
7088,7090
7089,7091
7090,7092
7091,7093
7092,7094
7093,7095
7094,7096
7095,7097
7096,7098
7097,7099
7098,7100
7099,7101
7100,7102
7101,7103
7102,7104
7103,7105
7104,7106
7105,7107
7106,7108
7107,7109
7108,7110
7109,7111
7110,7112
7111,7113
7112,7114
7113,7115
7114,7116
7115,7117
7116,7118
7117,7119
7118,7120
7119,7121
7120,7122
7121,7123
7122,7124
7123,7125
7124,7126
7125,7127
7126,7128
7127,7129
7128,7130
7129,7131
7130,7132
7131,7133
7132,7134
7133,7135
7134,7136
7135,7137
7136,7138
7137,7139
7138,7140
7139,7141
7140,7142
7141,7143
7142,7144
7143,7145
7144,7146
7145,7147
7146,7148
7147,7149
7148,7150
7149,7151
7150,7152
7151,7153
7152,7154
7153,7155
7154,7156
7155,7157
7156,7158
7157,7159
7158,7160
7159,7161
7160,7162
7161,7163
7162,7164
7163,7165
7164,7166
7165,7167
7166,7168
7167,7169
7168,7170
7169,7171
7170,7172
7171,7173
7172,7174
7173,7175
7174,7176
7175,7177
7176,7178
7177,7179
7178,7180
7179,7181
7180,7182
7181,7183
7182,7184
7183,7185
7184,7186
7185,7187
7186,7188
7187,7189
7188,7190
7189,7191
7190,7192
7191,7193
7192,7194
7193,7195
7194,7196
7195,7197
7196,7198
7197,7199
7198,7200
7199,7201
7200,7202
7201,7203
7202,7204
7203,7205
7204,7206
7205,7207
7206,7208
7207,7209
7208,7210
7209,7211
7210,7212
7211,7213
7212,7214
7213,7215
7214,7216
7215,7217
7216,7218
7217,7219
7218,7220
7219,7221
7220,7222
7221,7223
7222,7224
7223,7225
7224,7226
7225,7227
7226,7228
7227,7229
7228,7230
7229,7231
7230,7232
7231,7233
7232,7234
7233,7235
7234,7236
7235,7237
7236,7238
7237,7239
7238,7240
7239,7241
7240,7242
7241,7243
7242,7244
7243,7245
7244,7246
7245,7247
7246,7248
7247,7249
7248,7250
7249,7251
7250,7252
7251,7253
7252,7254
7253,7255
7254,7256
7255,7257
7256,7258
7257,7259
7258,7260
7259,7261
7260,7262
7261,7263
7262,7264
7263,7265
7264,7266
7265,7267
7266,7268
7267,7269
7268,7270
7269,7271
7270,7272
7271,7273
7272,7274
7273,7275
7274,7276
7275,7277
7276,7278
7277,7279
7278,7280
7279,7281
7280,7282
7281,7283
7282,7284
7283,7285
7284,7286
7285,7287
7286,7288
7287,7289
7288,7290
7289,7291
7290,7292
7291,7293
7292,7294
7293,7295
7294,7296
7295,7297
7296,7298
7297,7299
7298,7300
7299,7301
7300,7302
7301,7303
7302,7304
7303,7305
7304,7306
7305,7307
7306,7308
7307,7309
7308,7310
7309,7311
7310,7312
7311,7313
7312,7314
7313,7315
7314,7316
7315,7317
7316,7318
7317,7319
7318,7320
7319,7321
7320,7322
7321,7323
7322,7324
7323,7325
7324,7326
7325,7327
7326,7328
7327,7329
7328,7330
7329,7331
7330,7332
7331,7333
7332,7334
7333,7335
7334,7336
7335,7337
7336,7338
7337,7339
7338,7340
7339,7341
7340,7342
7341,7343
7342,7344
7343,7345
7344,7346
7345,7347
7346,7348
7347,7349
7348,7350
7349,7351
7350,7352
7351,7353
7352,7354
7353,7355
7354,7356
7355,7357
7356,7358
7357,7359
7358,7360
7359,7361
7360,7362
7361,7363
7362,7364
7363,7365
7364,7366
7365,7367
7366,7368
7367,7369
7368,7370
7369,7371
7370,7372
7371,7373
7372,7374
7373,7375
7374,7376
7375,7377
7376,7378
7377,7379
7378,7380
7379,7381
7380,7382
7381,7383
7382,7384
7383,7385
7384,7386
7385,7387
7386,7388
7387,7389
7388,7390
7389,7391
7390,7392
7391,7393
7392,7394
7393,7395
7394,7396
7395,7397
7396,7398
7397,7399
7398,7400
7399,7401
7400,7402
7401,7403
7402,7404
7403,7405
7404,7406
7405,7407
7406,7408
7407,7409
7408,7410
7409,7411
7410,7412
7411,7413
7412,7414
7413,7415
7414,7416
7415,7417
7416,7418
7417,7419
7418,7420
7419,7421
7420,7422
7421,7423
7422,7424
7423,7425
7424,7426
7425,7427
7426,7428
7427,7429
7428,7430
7429,7431
7430,7432
7431,7433
7432,7434
7433,7435
7434,7436
7435,7437
7436,7438
7437,7439
7438,7440
7439,7441
7440,7442
7441,7443
7442,7444
7443,7445
7444,7446
7445,7447
7446,7448
7447,7449
7448,7450
7449,7451
7450,7452
7451,7453
7452,7454
7453,7455
7454,7456
7455,7457
7456,7458
7457,7459
7458,7460
7459,7461
7460,7462
7461,7463
7462,7464
7463,7465
7464,7466
7465,7467
7466,7468
7467,7469
7468,7470
7469,7471
7470,7472
7471,7473
7472,7474
7473,7475
7474,7476
7475,7477
7476,7478
7477,7479
7478,7480
7479,7481
7480,7482
7481,7483
7482,7484
7483,7485
7484,7486
7485,7487
7486,7488
7487,7489
7488,7490
7489,7491
7490,7492
7491,7493
7492,7494
7493,7495
7494,7496
7495,7497
7496,7498
7497,7499
7498,7500
7499,7501
7500,7502
7501,7503
7502,7504
7503,7505
7504,7506
7505,7507
7506,7508
7507,7509
7508,7510
7509,7511
7510,7512
7511,7513
7512,7514
7513,7515
7514,7516
7515,7517
7516,7518
7517,7519
7518,7520
7519,7521
7520,7522
7521,7523
7522,7524
7523,7525
7524,7526
7525,7527
7526,7528
7527,7529
7528,7530
7529,7531
7530,7532
7531,7533
7532,7534
7533,7535
7534,7536
7535,7537
7536,7538
7537,7539
7538,7540
7539,7541
7540,7542
7541,7543
7542,7544
7543,7545
7544,7546
7545,7547
7546,7548
7547,7549
7548,7550
7549,7551
7550,7552
7551,7553
7552,7554
7553,7555
7554,7556
7555,7557
7556,7558
7557,7559
7558,7560
7559,7561
7560,7562
7561,7563
7562,7564
7563,7565
7564,7566
7565,7567
7566,7568
7567,7569
7568,7570
7569,7571
7570,7572
7571,7573
7572,7574
7573,7575
7574,7576
7575,7577
7576,7578
7577,7579
7578,7580
7579,7581
7580,7582
7581,7583
7582,7584
7583,7585
7584,7586
7585,7587
7586,7588
7587,7589
7588,7590
7589,7591
7590,7592
7591,7593
7592,7594
7593,7595
7594,7596
7595,7597
7596,7598
7597,7599
7598,7600
7599,7601
7600,7602
7601,7603
7602,7604
7603,7605
7604,7606
7605,7607
7606,7608
7607,7609
7608,7610
7609,7611
7610,7612
7611,7613
7612,7614
7613,7615
7614,7616
7615,7617
7616,7618
7617,7619
7618,7620
7619,7621
7620,7622
7621,7623
7622,7624
7623,7625
7624,7626
7625,7627
7626,7628
7627,7629
7628,7630
7629,7631
7630,7632
7631,7633
7632,7634
7633,7635
7634,7636
7635,7637
7636,7638
7637,7639
7638,7640
7639,7641
7640,7642
7641,7643
7642,7644
7643,7645
7644,7646
7645,7647
7646,7648
7647,7649
7648,7650
7649,7651
7650,7652
7651,7653
7652,7654
7653,7655
7654,7656
7655,7657
7656,7658
7657,7659
7658,7660
7659,7661
7660,7662
7661,7663
7662,7664
7663,7665
7664,7666
7665,7667
7666,7668
7667,7669
7668,7670
7669,7671
7670,7672
7671,7673
7672,7674
7673,7675
7674,7676
7675,7677
7676,7678
7677,7679
7678,7680
7679,7681
7680,7682
7681,7683
7682,7684
7683,7685
7684,7686
7685,7687
7686,7688
7687,7689
7688,7690
7689,7691
7690,7692
7691,7693
7692,7694
7693,7695
7694,7696
7695,7697
7696,7698
7697,7699
7698,7700
7699,7701
7700,7702
7701,7703
7702,7704
7703,7705
7704,7706
7705,7707
7706,7708
7707,7709
7708,7710
7709,7711
7710,7712
7711,7713
7712,7714
7713,7715
7714,7716
7715,7717
7716,7718
7717,7719
7718,7720
7719,7721
7720,7722
7721,7723
7722,7724
7723,7725
7724,7726
7725,7727
7726,7728
7727,7729
7728,7730
7729,7731
7730,7732
7731,7733
7732,7734
7733,7735
7734,7736
7735,7737
7736,7738
7737,7739
7738,7740
7739,7741
7740,7742
7741,7743
7742,7744
7743,7745
7744,7746
7745,7747
7746,7748
7747,7749
7748,7750
7749,7751
7750,7752
7751,7753
7752,7754
7753,7755
7754,7756
7755,7757
7756,7758
7757,7759
7758,7760
7759,7761
7760,7762
7761,7763
7762,7764
7763,7765
7764,7766
7765,7767
7766,7768
7767,7769
7768,7770
7769,7771
7770,7772
7771,7773
7772,7774
7773,7775
7774,7776
7775,7777
7776,7778
7777,7779
7778,7780
7779,7781
7780,7782
7781,7783
7782,7784
7783,7785
7784,7786
7785,7787
7786,7788
7787,7789
7788,7790
7789,7791
7790,7792
7791,7793
7792,7794
7793,7795
7794,7796
7795,7797
7796,7798
7797,7799
7798,7800
7799,7801
7800,7802
7801,7803
7802,7804
7803,7805
7804,7806
7805,7807
7806,7808
7807,7809
7808,7810
7809,7811
7810,7812
7811,7813
7812,7814
7813,7815
7814,7816
7815,7817
7816,7818
7817,7819
7818,7820
7819,7821
7820,7822
7821,7823
7822,7824
7823,7825
7824,7826
7825,7827
7826,7828
7827,7829
7828,7830
7829,7831
7830,7832
7831,7833
7832,7834
7833,7835
7834,7836
7835,7837
7836,7838
7837,7839
7838,7840
7839,7841
7840,7842
7841,7843
7842,7844
7843,7845
7844,7846
7845,7847
7846,7848
7847,7849
7848,7850
7849,7851
7850,7852
7851,7853
7852,7854
7853,7855
7854,7856
7855,7857
7856,7858
7857,7859
7858,7860
7859,7861
7860,7862
7861,7863
7862,7864
7863,7865
7864,7866
7865,7867
7866,7868
7867,7869
7868,7870
7869,7871
7870,7872
7871,7873
7872,7874
7873,7875
7874,7876
7875,7877
7876,7878
7877,7879
7878,7880
7879,7881
7880,7882
7881,7883
7882,7884
7883,7885
7884,7886
7885,7887
7886,7888
7887,7889
7888,7890
7889,7891
7890,7892
7891,7893
7892,7894
7893,7895
7894,7896
7895,7897
7896,7898
7897,7899
7898,7900
7899,7901
7900,7902
7901,7903
7902,7904
7903,7905
7904,7906
7905,7907
7906,7908
7907,7909
7908,7910
7909,7911
7910,7912
7911,7913
7912,7914
7913,7915
7914,7916
7915,7917
7916,7918
7917,7919
7918,7920
7919,7921
7920,7922
7921,7923
7922,7924
7923,7925
7924,7926
7925,7927
7926,7928
7927,7929
7928,7930
7929,7931
7930,7932
7931,7933
7932,7934
7933,7935
7934,7936
7935,7937
7936,7938
7937,7939
7938,7940
7939,7941
7940,7942
7941,7943
7942,7944
7943,7945
7944,7946
7945,7947
7946,7948
7947,7949
7948,7950
7949,7951
7950,7952
7951,7953
7952,7954
7953,7955
7954,7956
7955,7957
7956,7958
7957,7959
7958,7960
7959,7961
7960,7962
7961,7963
7962,7964
7963,7965
7964,7966
7965,7967
7966,7968
7967,7969
7968,7970
7969,7971
7970,7972
7971,7973
7972,7974
7973,7975
7974,7976
7975,7977
7976,7978
7977,7979
7978,7980
7979,7981
7980,7982
7981,7983
7982,7984
7983,7985
7984,7986
7985,7987
7986,7988
7987,7989
7988,7990
7989,7991
7990,7992
7991,7993
7992,7994
7993,7995
7994,7996
7995,7997
7996,7998
7997,7999
7998,8000
7999,8001
8000,8002
8001,8003
8002,8004
8003,8005
8004,8006
8005,8007
8006,8008
8007,8009
8008,8010
8009,8011
8010,8012
8011,8013
8012,8014
8013,8015
8014,8016
8015,8017
8016,8018
8017,8019
8018,8020
8019,8021
8020,8022
8021,8023
8022,8024
8023,8025
8024,8026
8025,8027
8026,8028
8027,8029
8028,8030
8029,8031
8030,8032
8031,8033
8032,8034
8033,8035
8034,8036
8035,8037
8036,8038
8037,8039
8038,8040
8039,8041
8040,8042
8041,8043
8042,8044
8043,8045
8044,8046
8045,8047
8046,8048
8047,8049
8048,8050
8049,8051
8050,8052
8051,8053
8052,8054
8053,8055
8054,8056
8055,8057
8056,8058
8057,8059
8058,8060
8059,8061
8060,8062
8061,8063
8062,8064
8063,8065
8064,8066
8065,8067
8066,8068
8067,8069
8068,8070
8069,8071
8070,8072
8071,8073
8072,8074
8073,8075
8074,8076
8075,8077
8076,8078
8077,8079
8078,8080
8079,8081
8080,8082
8081,8083
8082,8084
8083,8085
8084,8086
8085,8087
8086,8088
8087,8089
8088,8090
8089,8091
8090,8092
8091,8093
8092,8094
8093,8095
8094,8096
8095,8097
8096,8098
8097,8099
8098,8100
8099,8101
8100,8102
8101,8103
8102,8104
8103,8105
8104,8106
8105,8107
8106,8108
8107,8109
8108,8110
8109,8111
8110,8112
8111,8113
8112,8114
8113,8115
8114,8116
8115,8117
8116,8118
8117,8119
8118,8120
8119,8121
8120,8122
8121,8123
8122,8124
8123,8125
8124,8126
8125,8127
8126,8128
8127,8129
8128,8130
8129,8131
8130,8132
8131,8133
8132,8134
8133,8135
8134,8136
8135,8137
8136,8138
8137,8139
8138,8140
8139,8141
8140,8142
8141,8143
8142,8144
8143,8145
8144,8146
8145,8147
8146,8148
8147,8149
8148,8150
8149,8151
8150,8152
8151,8153
8152,8154
8153,8155
8154,8156
8155,8157
8156,8158
8157,8159
8158,8160
8159,8161
8160,8162
8161,8163
8162,8164
8163,8165
8164,8166
8165,8167
8166,8168
8167,8169
8168,8170
8169,8171
8170,8172
8171,8173
8172,8174
8173,8175
8174,8176
8175,8177
8176,8178
8177,8179
8178,8180
8179,8181
8180,8182
8181,8183
8182,8184
8183,8185
8184,8186
8185,8187
8186,8188
8187,8189
8188,8190
8189,8191
8190,8192
8191,8193
8192,8194
8193,8195
8194,8196
8195,8197
8196,8198
8197,8199
8198,8200
8199,8201
8200,8202
8201,8203
8202,8204
8203,8205
8204,8206
8205,8207
8206,8208
8207,8209
8208,8210
8209,8211
8210,8212
8211,8213
8212,8214
8213,8215
8214,8216
8215,8217
8216,8218
8217,8219
8218,8220
8219,8221
8220,8222
8221,8223
8222,8224
8223,8225
8224,8226
8225,8227
8226,8228
8227,8229
8228,8230
8229,8231
8230,8232
8231,8233
8232,8234
8233,8235
8234,8236
8235,8237
8236,8238
8237,8239
8238,8240
8239,8241
8240,8242
8241,8243
8242,8244
8243,8245
8244,8246
8245,8247
8246,8248
8247,8249
8248,8250
8249,8251
8250,8252
8251,8253
8252,8254
8253,8255
8254,8256
8255,8257
8256,8258
8257,8259
8258,8260
8259,8261
8260,8262
8261,8263
8262,8264
8263,8265
8264,8266
8265,8267
8266,8268
8267,8269
8268,8270
8269,8271
8270,8272
8271,8273
8272,8274
8273,8275
8274,8276
8275,8277
8276,8278
8277,8279
8278,8280
8279,8281
8280,8282
8281,8283
8282,8284
8283,8285
8284,8286
8285,8287
8286,8288
8287,8289
8288,8290
8289,8291
8290,8292
8291,8293
8292,8294
8293,8295
8294,8296
8295,8297
8296,8298
8297,8299
8298,8300
8299,8301
8300,8302
8301,8303
8302,8304
8303,8305
8304,8306
8305,8307
8306,8308
8307,8309
8308,8310
8309,8311
8310,8312
8311,8313
8312,8314
8313,8315
8314,8316
8315,8317
8316,8318
8317,8319
8318,8320
8319,8321
8320,8322
8321,8323
8322,8324
8323,8325
8324,8326
8325,8327
8326,8328
8327,8329
8328,8330
8329,8331
8330,8332
8331,8333
8332,8334
8333,8335
8334,8336
8335,8337
8336,8338
8337,8339
8338,8340
8339,8341
8340,8342
8341,8343
8342,8344
8343,8345
8344,8346
8345,8347
8346,8348
8347,8349
8348,8350
8349,8351
8350,8352
8351,8353
8352,8354
8353,8355
8354,8356
8355,8357
8356,8358
8357,8359
8358,8360
8359,8361
8360,8362
8361,8363
8362,8364
8363,8365
8364,8366
8365,8367
8366,8368
8367,8369
8368,8370
8369,8371
8370,8372
8371,8373
8372,8374
8373,8375
8374,8376
8375,8377
8376,8378
8377,8379
8378,8380
8379,8381
8380,8382
8381,8383
8382,8384
8383,8385
8384,8386
8385,8387
8386,8388
8387,8389
8388,8390
8389,8391
8390,8392
8391,8393
8392,8394
8393,8395
8394,8396
8395,8397
8396,8398
8397,8399
8398,8400
8399,8401
8400,8402
8401,8403
8402,8404
8403,8405
8404,8406
8405,8407
8406,8408
8407,8409
8408,8410
8409,8411
8410,8412
8411,8413
8412,8414
8413,8415
8414,8416
8415,8417
8416,8418
8417,8419
8418,8420
8419,8421
8420,8422
8421,8423
8422,8424
8423,8425
8424,8426
8425,8427
8426,8428
8427,8429
8428,8430
8429,8431
8430,8432
8431,8433
8432,8434
8433,8435
8434,8436
8435,8437
8436,8438
8437,8439
8438,8440
8439,8441
8440,8442
8441,8443
8442,8444
8443,8445
8444,8446
8445,8447
8446,8448
8447,8449
8448,8450
8449,8451
8450,8452
8451,8453
8452,8454
8453,8455
8454,8456
8455,8457
8456,8458
8457,8459
8458,8460
8459,8461
8460,8462
8461,8463
8462,8464
8463,8465
8464,8466
8465,8467
8466,8468
8467,8469
8468,8470
8469,8471
8470,8472
8471,8473
8472,8474
8473,8475
8474,8476
8475,8477
8476,8478
8477,8479
8478,8480
8479,8481
8480,8482
8481,8483
8482,8484
8483,8485
8484,8486
8485,8487
8486,8488
8487,8489
8488,8490
8489,8491
8490,8492
8491,8493
8492,8494
8493,8495
8494,8496
8495,8497
8496,8498
8497,8499
8498,8500
8499,8501
8500,8502
8501,8503
8502,8504
8503,8505
8504,8506
8505,8507
8506,8508
8507,8509
8508,8510
8509,8511
8510,8512
8511,8513
8512,8514
8513,8515
8514,8516
8515,8517
8516,8518
8517,8519
8518,8520
8519,8521
8520,8522
8521,8523
8522,8524
8523,8525
8524,8526
8525,8527
8526,8528
8527,8529
8528,8530
8529,8531
8530,8532
8531,8533
8532,8534
8533,8535
8534,8536
8535,8537
8536,8538
8537,8539
8538,8540
8539,8541
8540,8542
8541,8543
8542,8544
8543,8545
8544,8546
8545,8547
8546,8548
8547,8549
8548,8550
8549,8551
8550,8552
8551,8553
8552,8554
8553,8555
8554,8556
8555,8557
8556,8558
8557,8559
8558,8560
8559,8561
8560,8562
8561,8563
8562,8564
8563,8565
8564,8566
8565,8567
8566,8568
8567,8569
8568,8570
8569,8571
8570,8572
8571,8573
8572,8574
8573,8575
8574,8576
8575,8577
8576,8578
8577,8579
8578,8580
8579,8581
8580,8582
8581,8583
8582,8584
8583,8585
8584,8586
8585,8587
8586,8588
8587,8589
8588,8590
8589,8591
8590,8592
8591,8593
8592,8594
8593,8595
8594,8596
8595,8597
8596,8598
8597,8599
8598,8600
8599,8601
8600,8602
8601,8603
8602,8604
8603,8605
8604,8606
8605,8607
8606,8608
8607,8609
8608,8610
8609,8611
8610,8612
8611,8613
8612,8614
8613,8615
8614,8616
8615,8617
8616,8618
8617,8619
8618,8620
8619,8621
8620,8622
8621,8623
8622,8624
8623,8625
8624,8626
8625,8627
8626,8628
8627,8629
8628,8630
8629,8631
8630,8632
8631,8633
8632,8634
8633,8635
8634,8636
8635,8637
8636,8638
8637,8639
8638,8640
8639,8641
8640,8642
8641,8643
8642,8644
8643,8645
8644,8646
8645,8647
8646,8648
8647,8649
8648,8650
8649,8651
8650,8652
8651,8653
8652,8654
8653,8655
8654,8656
8655,8657
8656,8658
8657,8659
8658,8660
8659,8661
8660,8662
8661,8663
8662,8664
8663,8665
8664,8666
8665,8667
8666,8668
8667,8669
8668,8670
8669,8671
8670,8672
8671,8673
8672,8674
8673,8675
8674,8676
8675,8677
8676,8678
8677,8679
8678,8680
8679,8681
8680,8682
8681,8683
8682,8684
8683,8685
8684,8686
8685,8687
8686,8688
8687,8689
8688,8690
8689,8691
8690,8692
8691,8693
8692,8694
8693,8695
8694,8696
8695,8697
8696,8698
8697,8699
8698,8700
8699,8701
8700,8702
8701,8703
8702,8704
8703,8705
8704,8706
8705,8707
8706,8708
8707,8709
8708,8710
8709,8711
8710,8712
8711,8713
8712,8714
8713,8715
8714,8716
8715,8717
8716,8718
8717,8719
8718,8720
8719,8721
8720,8722
8721,8723
8722,8724
8723,8725
8724,8726
8725,8727
8726,8728
8727,8729
8728,8730
8729,8731
8730,8732
8731,8733
8732,8734
8733,8735
8734,8736
8735,8737
8736,8738
8737,8739
8738,8740
8739,8741
8740,8742
8741,8743
8742,8744
8743,8745
8744,8746
8745,8747
8746,8748
8747,8749
8748,8750
8749,8751
8750,8752
8751,8753
8752,8754
8753,8755
8754,8756
8755,8757
8756,8758
8757,8759
8758,8760
8759,8761
8760,8762
8761,8763
8762,8764
8763,8765
8764,8766
8765,8767
8766,8768
8767,8769
8768,8770
8769,8771
8770,8772
8771,8773
8772,8774
8773,8775
8774,8776
8775,8777
8776,8778
8777,8779
8778,8780
8779,8781
8780,8782
8781,8783
8782,8784
8783,8785
8784,8786
8785,8787
8786,8788
8787,8789
8788,8790
8789,8791
8790,8792
8791,8793
8792,8794
8793,8795
8794,8796
8795,8797
8796,8798
8797,8799
8798,8800
8799,8801
8800,8802
8801,8803
8802,8804
8803,8805
8804,8806
8805,8807
8806,8808
8807,8809
8808,8810
8809,8811
8810,8812
8811,8813
8812,8814
8813,8815
8814,8816
8815,8817
8816,8818
8817,8819
8818,8820
8819,8821
8820,8822
8821,8823
8822,8824
8823,8825
8824,8826
8825,8827
8826,8828
8827,8829
8828,8830
8829,8831
8830,8832
8831,8833
8832,8834
8833,8835
8834,8836
8835,8837
8836,8838
8837,8839
8838,8840
8839,8841
8840,8842
8841,8843
8842,8844
8843,8845
8844,8846
8845,8847
8846,8848
8847,8849
8848,8850
8849,8851
8850,8852
8851,8853
8852,8854
8853,8855
8854,8856
8855,8857
8856,8858
8857,8859
8858,8860
8859,8861
8860,8862
8861,8863
8862,8864
8863,8865
8864,8866
8865,8867
8866,8868
8867,8869
8868,8870
8869,8871
8870,8872
8871,8873
8872,8874
8873,8875
8874,8876
8875,8877
8876,8878
8877,8879
8878,8880
8879,8881
8880,8882
8881,8883
8882,8884
8883,8885
8884,8886
8885,8887
8886,8888
8887,8889
8888,8890
8889,8891
8890,8892
8891,8893
8892,8894
8893,8895
8894,8896
8895,8897
8896,8898
8897,8899
8898,8900
8899,8901
8900,8902
8901,8903
8902,8904
8903,8905
8904,8906
8905,8907
8906,8908
8907,8909
8908,8910
8909,8911
8910,8912
8911,8913
8912,8914
8913,8915
8914,8916
8915,8917
8916,8918
8917,8919
8918,8920
8919,8921
8920,8922
8921,8923
8922,8924
8923,8925
8924,8926
8925,8927
8926,8928
8927,8929
8928,8930
8929,8931
8930,8932
8931,8933
8932,8934
8933,8935
8934,8936
8935,8937
8936,8938
8937,8939
8938,8940
8939,8941
8940,8942
8941,8943
8942,8944
8943,8945
8944,8946
8945,8947
8946,8948
8947,8949
8948,8950
8949,8951
8950,8952
8951,8953
8952,8954
8953,8955
8954,8956
8955,8957
8956,8958
8957,8959
8958,8960
8959,8961
8960,8962
8961,8963
8962,8964
8963,8965
8964,8966
8965,8967
8966,8968
8967,8969
8968,8970
8969,8971
8970,8972
8971,8973
8972,8974
8973,8975
8974,8976
8975,8977
8976,8978
8977,8979
8978,8980
8979,8981
8980,8982
8981,8983
8982,8984
8983,8985
8984,8986
8985,8987
8986,8988
8987,8989
8988,8990
8989,8991
8990,8992
8991,8993
8992,8994
8993,8995
8994,8996
8995,8997
8996,8998
8997,8999
8998,9000
8999,9001
9000,9002
9001,9003
9002,9004
9003,9005
9004,9006
9005,9007
9006,9008
9007,9009
9008,9010
9009,9011
9010,9012
9011,9013
9012,9014
9013,9015
9014,9016
9015,9017
9016,9018
9017,9019
9018,9020
9019,9021
9020,9022
9021,9023
9022,9024
9023,9025
9024,9026
9025,9027
9026,9028
9027,9029
9028,9030
9029,9031
9030,9032
9031,9033
9032,9034
9033,9035
9034,9036
9035,9037
9036,9038
9037,9039
9038,9040
9039,9041
9040,9042
9041,9043
9042,9044
9043,9045
9044,9046
9045,9047
9046,9048
9047,9049
9048,9050
9049,9051
9050,9052
9051,9053
9052,9054
9053,9055
9054,9056
9055,9057
9056,9058
9057,9059
9058,9060
9059,9061
9060,9062
9061,9063
9062,9064
9063,9065
9064,9066
9065,9067
9066,9068
9067,9069
9068,9070
9069,9071
9070,9072
9071,9073
9072,9074
9073,9075
9074,9076
9075,9077
9076,9078
9077,9079
9078,9080
9079,9081
9080,9082
9081,9083
9082,9084
9083,9085
9084,9086
9085,9087
9086,9088
9087,9089
9088,9090
9089,9091
9090,9092
9091,9093
9092,9094
9093,9095
9094,9096
9095,9097
9096,9098
9097,9099
9098,9100
9099,9101
9100,9102
9101,9103
9102,9104
9103,9105
9104,9106
9105,9107
9106,9108
9107,9109
9108,9110
9109,9111
9110,9112
9111,9113
9112,9114
9113,9115
9114,9116
9115,9117
9116,9118
9117,9119
9118,9120
9119,9121
9120,9122
9121,9123
9122,9124
9123,9125
9124,9126
9125,9127
9126,9128
9127,9129
9128,9130
9129,9131
9130,9132
9131,9133
9132,9134
9133,9135
9134,9136
9135,9137
9136,9138
9137,9139
9138,9140
9139,9141
9140,9142
9141,9143
9142,9144
9143,9145
9144,9146
9145,9147
9146,9148
9147,9149
9148,9150
9149,9151
9150,9152
9151,9153
9152,9154
9153,9155
9154,9156
9155,9157
9156,9158
9157,9159
9158,9160
9159,9161
9160,9162
9161,9163
9162,9164
9163,9165
9164,9166
9165,9167
9166,9168
9167,9169
9168,9170
9169,9171
9170,9172
9171,9173
9172,9174
9173,9175
9174,9176
9175,9177
9176,9178
9177,9179
9178,9180
9179,9181
9180,9182
9181,9183
9182,9184
9183,9185
9184,9186
9185,9187
9186,9188
9187,9189
9188,9190
9189,9191
9190,9192
9191,9193
9192,9194
9193,9195
9194,9196
9195,9197
9196,9198
9197,9199
9198,9200
9199,9201
9200,9202
9201,9203
9202,9204
9203,9205
9204,9206
9205,9207
9206,9208
9207,9209
9208,9210
9209,9211
9210,9212
9211,9213
9212,9214
9213,9215
9214,9216
9215,9217
9216,9218
9217,9219
9218,9220
9219,9221
9220,9222
9221,9223
9222,9224
9223,9225
9224,9226
9225,9227
9226,9228
9227,9229
9228,9230
9229,9231
9230,9232
9231,9233
9232,9234
9233,9235
9234,9236
9235,9237
9236,9238
9237,9239
9238,9240
9239,9241
9240,9242
9241,9243
9242,9244
9243,9245
9244,9246
9245,9247
9246,9248
9247,9249
9248,9250
9249,9251
9250,9252
9251,9253
9252,9254
9253,9255
9254,9256
9255,9257
9256,9258
9257,9259
9258,9260
9259,9261
9260,9262
9261,9263
9262,9264
9263,9265
9264,9266
9265,9267
9266,9268
9267,9269
9268,9270
9269,9271
9270,9272
9271,9273
9272,9274
9273,9275
9274,9276
9275,9277
9276,9278
9277,9279
9278,9280
9279,9281
9280,9282
9281,9283
9282,9284
9283,9285
9284,9286
9285,9287
9286,9288
9287,9289
9288,9290
9289,9291
9290,9292
9291,9293
9292,9294
9293,9295
9294,9296
9295,9297
9296,9298
9297,9299
9298,9300
9299,9301
9300,9302
9301,9303
9302,9304
9303,9305
9304,9306
9305,9307
9306,9308
9307,9309
9308,9310
9309,9311
9310,9312
9311,9313
9312,9314
9313,9315
9314,9316
9315,9317
9316,9318
9317,9319
9318,9320
9319,9321
9320,9322
9321,9323
9322,9324
9323,9325
9324,9326
9325,9327
9326,9328
9327,9329
9328,9330
9329,9331
9330,9332
9331,9333
9332,9334
9333,9335
9334,9336
9335,9337
9336,9338
9337,9339
9338,9340
9339,9341
9340,9342
9341,9343
9342,9344
9343,9345
9344,9346
9345,9347
9346,9348
9347,9349
9348,9350
9349,9351
9350,9352
9351,9353
9352,9354
9353,9355
9354,9356
9355,9357
9356,9358
9357,9359
9358,9360
9359,9361
9360,9362
9361,9363
9362,9364
9363,9365
9364,9366
9365,9367
9366,9368
9367,9369
9368,9370
9369,9371
9370,9372
9371,9373
9372,9374
9373,9375
9374,9376
9375,9377
9376,9378
9377,9379
9378,9380
9379,9381
9380,9382
9381,9383
9382,9384
9383,9385
9384,9386
9385,9387
9386,9388
9387,9389
9388,9390
9389,9391
9390,9392
9391,9393
9392,9394
9393,9395
9394,9396
9395,9397
9396,9398
9397,9399
9398,9400
9399,9401
9400,9402
9401,9403
9402,9404
9403,9405
9404,9406
9405,9407
9406,9408
9407,9409
9408,9410
9409,9411
9410,9412
9411,9413
9412,9414
9413,9415
9414,9416
9415,9417
9416,9418
9417,9419
9418,9420
9419,9421
9420,9422
9421,9423
9422,9424
9423,9425
9424,9426
9425,9427
9426,9428
9427,9429
9428,9430
9429,9431
9430,9432
9431,9433
9432,9434
9433,9435
9434,9436
9435,9437
9436,9438
9437,9439
9438,9440
9439,9441
9440,9442
9441,9443
9442,9444
9443,9445
9444,9446
9445,9447
9446,9448
9447,9449
9448,9450
9449,9451
9450,9452
9451,9453
9452,9454
9453,9455
9454,9456
9455,9457
9456,9458
9457,9459
9458,9460
9459,9461
9460,9462
9461,9463
9462,9464
9463,9465
9464,9466
9465,9467
9466,9468
9467,9469
9468,9470
9469,9471
9470,9472
9471,9473
9472,9474
9473,9475
9474,9476
9475,9477
9476,9478
9477,9479
9478,9480
9479,9481
9480,9482
9481,9483
9482,9484
9483,9485
9484,9486
9485,9487
9486,9488
9487,9489
9488,9490
9489,9491
9490,9492
9491,9493
9492,9494
9493,9495
9494,9496
9495,9497
9496,9498
9497,9499
9498,9500
9499,9501
9500,9502
9501,9503
9502,9504
9503,9505
9504,9506
9505,9507
9506,9508
9507,9509
9508,9510
9509,9511
9510,9512
9511,9513
9512,9514
9513,9515
9514,9516
9515,9517
9516,9518
9517,9519
9518,9520
9519,9521
9520,9522
9521,9523
9522,9524
9523,9525
9524,9526
9525,9527
9526,9528
9527,9529
9528,9530
9529,9531
9530,9532
9531,9533
9532,9534
9533,9535
9534,9536
9535,9537
9536,9538
9537,9539
9538,9540
9539,9541
9540,9542
9541,9543
9542,9544
9543,9545
9544,9546
9545,9547
9546,9548
9547,9549
9548,9550
9549,9551
9550,9552
9551,9553
9552,9554
9553,9555
9554,9556
9555,9557
9556,9558
9557,9559
9558,9560
9559,9561
9560,9562
9561,9563
9562,9564
9563,9565
9564,9566
9565,9567
9566,9568
9567,9569
9568,9570
9569,9571
9570,9572
9571,9573
9572,9574
9573,9575
9574,9576
9575,9577
9576,9578
9577,9579
9578,9580
9579,9581
9580,9582
9581,9583
9582,9584
9583,9585
9584,9586
9585,9587
9586,9588
9587,9589
9588,9590
9589,9591
9590,9592
9591,9593
9592,9594
9593,9595
9594,9596
9595,9597
9596,9598
9597,9599
9598,9600
9599,9601
9600,9602
9601,9603
9602,9604
9603,9605
9604,9606
9605,9607
9606,9608
9607,9609
9608,9610
9609,9611
9610,9612
9611,9613
9612,9614
9613,9615
9614,9616
9615,9617
9616,9618
9617,9619
9618,9620
9619,9621
9620,9622
9621,9623
9622,9624
9623,9625
9624,9626
9625,9627
9626,9628
9627,9629
9628,9630
9629,9631
9630,9632
9631,9633
9632,9634
9633,9635
9634,9636
9635,9637
9636,9638
9637,9639
9638,9640
9639,9641
9640,9642
9641,9643
9642,9644
9643,9645
9644,9646
9645,9647
9646,9648
9647,9649
9648,9650
9649,9651
9650,9652
9651,9653
9652,9654
9653,9655
9654,9656
9655,9657
9656,9658
9657,9659
9658,9660
9659,9661
9660,9662
9661,9663
9662,9664
9663,9665
9664,9666
9665,9667
9666,9668
9667,9669
9668,9670
9669,9671
9670,9672
9671,9673
9672,9674
9673,9675
9674,9676
9675,9677
9676,9678
9677,9679
9678,9680
9679,9681
9680,9682
9681,9683
9682,9684
9683,9685
9684,9686
9685,9687
9686,9688
9687,9689
9688,9690
9689,9691
9690,9692
9691,9693
9692,9694
9693,9695
9694,9696
9695,9697
9696,9698
9697,9699
9698,9700
9699,9701
9700,9702
9701,9703
9702,9704
9703,9705
9704,9706
9705,9707
9706,9708
9707,9709
9708,9710
9709,9711
9710,9712
9711,9713
9712,9714
9713,9715
9714,9716
9715,9717
9716,9718
9717,9719
9718,9720
9719,9721
9720,9722
9721,9723
9722,9724
9723,9725
9724,9726
9725,9727
9726,9728
9727,9729
9728,9730
9729,9731
9730,9732
9731,9733
9732,9734
9733,9735
9734,9736
9735,9737
9736,9738
9737,9739
9738,9740
9739,9741
9740,9742
9741,9743
9742,9744
9743,9745
9744,9746
9745,9747
9746,9748
9747,9749
9748,9750
9749,9751
9750,9752
9751,9753
9752,9754
9753,9755
9754,9756
9755,9757
9756,9758
9757,9759
9758,9760
9759,9761
9760,9762
9761,9763
9762,9764
9763,9765
9764,9766
9765,9767
9766,9768
9767,9769
9768,9770
9769,9771
9770,9772
9771,9773
9772,9774
9773,9775
9774,9776
9775,9777
9776,9778
9777,9779
9778,9780
9779,9781
9780,9782
9781,9783
9782,9784
9783,9785
9784,9786
9785,9787
9786,9788
9787,9789
9788,9790
9789,9791
9790,9792
9791,9793
9792,9794
9793,9795
9794,9796
9795,9797
9796,9798
9797,9799
9798,9800
9799,9801
9800,9802
9801,9803
9802,9804
9803,9805
9804,9806
9805,9807
9806,9808
9807,9809
9808,9810
9809,9811
9810,9812
9811,9813
9812,9814
9813,9815
9814,9816
9815,9817
9816,9818
9817,9819
9818,9820
9819,9821
9820,9822
9821,9823
9822,9824
9823,9825
9824,9826
9825,9827
9826,9828
9827,9829
9828,9830
9829,9831
9830,9832
9831,9833
9832,9834
9833,9835
9834,9836
9835,9837
9836,9838
9837,9839
9838,9840
9839,9841
9840,9842
9841,9843
9842,9844
9843,9845
9844,9846
9845,9847
9846,9848
9847,9849
9848,9850
9849,9851
9850,9852
9851,9853
9852,9854
9853,9855
9854,9856
9855,9857
9856,9858
9857,9859
9858,9860
9859,9861
9860,9862
9861,9863
9862,9864
9863,9865
9864,9866
9865,9867
9866,9868
9867,9869
9868,9870
9869,9871
9870,9872
9871,9873
9872,9874
9873,9875
9874,9876
9875,9877
9876,9878
9877,9879
9878,9880
9879,9881
9880,9882
9881,9883
9882,9884
9883,9885
9884,9886
9885,9887
9886,9888
9887,9889
9888,9890
9889,9891
9890,9892
9891,9893
9892,9894
9893,9895
9894,9896
9895,9897
9896,9898
9897,9899
9898,9900
9899,9901
9900,9902
9901,9903
9902,9904
9903,9905
9904,9906
9905,9907
9906,9908
9907,9909
9908,9910
9909,9911
9910,9912
9911,9913
9912,9914
9913,9915
9914,9916
9915,9917
9916,9918
9917,9919
9918,9920
9919,9921
9920,9922
9921,9923
9922,9924
9923,9925
9924,9926
9925,9927
9926,9928
9927,9929
9928,9930
9929,9931
9930,9932
9931,9933
9932,9934
9933,9935
9934,9936
9935,9937
9936,9938
9937,9939
9938,9940
9939,9941
9940,9942
9941,9943
9942,9944
9943,9945
9944,9946
9945,9947
9946,9948
9947,9949
9948,9950
9949,9951
9950,9952
9951,9953
9952,9954
9953,9955
9954,9956
9955,9957
9956,9958
9957,9959
9958,9960
9959,9961
9960,9962
9961,9963
9962,9964
9963,9965
9964,9966
9965,9967
9966,9968
9967,9969
9968,9970
9969,9971
9970,9972
9971,9973
9972,9974
9973,9975
9974,9976
9975,9977
9976,9978
9977,9979
9978,9980
9979,9981
9980,9982
9981,9983
9982,9984
9983,9985
9984,9986
9985,9987
9986,9988
9987,9989
9988,9990
9989,9991
9990,9992
9991,9993
9992,9994
9993,9995
9994,9996
9995,9997
9996,9998
9997,9999
9998,10000
9999,10001
10000,10002
10001,10003
10002,10004
10003,10005
10004,10006
10005,10007
10006,10008
10007,10009
10008,10010
10009,10011
10010,10012
10011,10013
10012,10014
10013,10015
10014,10016
10015,10017
10016,10018
10017,10019
10018,10020
10019,10021
10020,10022
10021,10023
10022,10024
10023,10025
10024,10026
10025,10027
10026,10028
10027,10029
10028,10030
10029,10031
10030,10032
10031,10033
10032,10034
10033,10035
10034,10036
10035,10037
10036,10038
10037,10039
10038,10040
10039,10041
10040,10042
10041,10043
10042,10044
10043,10045
10044,10046
10045,10047
10046,10048
10047,10049
10048,10050
10049,10051
10050,10052
10051,10053
10052,10054
10053,10055
10054,10056
10055,10057
10056,10058
10057,10059
10058,10060
10059,10061
10060,10062
10061,10063
10062,10064
10063,10065
10064,10066
10065,10067
10066,10068
10067,10069
10068,10070
10069,10071
10070,10072
10071,10073
10072,10074
10073,10075
10074,10076
10075,10077
10076,10078
10077,10079
10078,10080
10079,10081
10080,10082
10081,10083
10082,10084
10083,10085
10084,10086
10085,10087
10086,10088
10087,10089
10088,10090
10089,10091
10090,10092
10091,10093
10092,10094
10093,10095
10094,10096
10095,10097
10096,10098
10097,10099
10098,10100
10099,10101
10100,10102
10101,10103
10102,10104
10103,10105
10104,10106
10105,10107
10106,10108
10107,10109
10108,10110
10109,10111
10110,10112
10111,10113
10112,10114
10113,10115
10114,10116
10115,10117
10116,10118
10117,10119
10118,10120
10119,10121
10120,10122
10121,10123
10122,10124
10123,10125
10124,10126
10125,10127
10126,10128
10127,10129
10128,10130
10129,10131
10130,10132
10131,10133
10132,10134
10133,10135
10134,10136
10135,10137
10136,10138
10137,10139
10138,10140
10139,10141
10140,10142
10141,10143
10142,10144
10143,10145
10144,10146
10145,10147
10146,10148
10147,10149
10148,10150
10149,10151
10150,10152
10151,10153
10152,10154
10153,10155
10154,10156
10155,10157
10156,10158
10157,10159
10158,10160
10159,10161
10160,10162
10161,10163
10162,10164
10163,10165
10164,10166
10165,10167
10166,10168
10167,10169
10168,10170
10169,10171
10170,10172
10171,10173
10172,10174
10173,10175
10174,10176
10175,10177
10176,10178
10177,10179
10178,10180
10179,10181
10180,10182
10181,10183
10182,10184
10183,10185
10184,10186
10185,10187
10186,10188
10187,10189
10188,10190
10189,10191
10190,10192
10191,10193
10192,10194
10193,10195
10194,10196
10195,10197
10196,10198
10197,10199
10198,10200
10199,10201
10200,10202
10201,10203
10202,10204
10203,10205
10204,10206
10205,10207
10206,10208
10207,10209
10208,10210
10209,10211
10210,10212
10211,10213
10212,10214
10213,10215
10214,10216
10215,10217
10216,10218
10217,10219
10218,10220
10219,10221
10220,10222
10221,10223
10222,10224
10223,10225
10224,10226
10225,10227
10226,10228
10227,10229
10228,10230
10229,10231
10230,10232
10231,10233
10232,10234
10233,10235
10234,10236
10235,10237
10236,10238
10237,10239
10238,10240
10239,10241
10240,10242
10241,10243
10242,10244
10243,10245
10244,10246
10245,10247
10246,10248
10247,10249
10248,10250
10249,10251
10250,10252
10251,10253
10252,10254
10253,10255
10254,10256
10255,10257
10256,10258
10257,10259
10258,10260
10259,10261
10260,10262
10261,10263
10262,10264
10263,10265
10264,10266
10265,10267
10266,10268
10267,10269
10268,10270
10269,10271
10270,10272
10271,10273
10272,10274
10273,10275
10274,10276
10275,10277
10276,10278
10277,10279
10278,10280
10279,10281
10280,10282
10281,10283
10282,10284
10283,10285
10284,10286
10285,10287
10286,10288
10287,10289
10288,10290
10289,10291
10290,10292
10291,10293
10292,10294
10293,10295
10294,10296
10295,10297
10296,10298
10297,10299
10298,10300
10299,10301
10300,10302
10301,10303
10302,10304
10303,10305
10304,10306
10305,10307
10306,10308
10307,10309
10308,10310
10309,10311
10310,10312
10311,10313
10312,10314
10313,10315
10314,10316
10315,10317
10316,10318
10317,10319
10318,10320
10319,10321
10320,10322
10321,10323
10322,10324
10323,10325
10324,10326
10325,10327
10326,10328
10327,10329
10328,10330
10329,10331
10330,10332
10331,10333
10332,10334
10333,10335
10334,10336
10335,10337
10336,10338
10337,10339
10338,10340
10339,10341
10340,10342
10341,10343
10342,10344
10343,10345
10344,10346
10345,10347
10346,10348
10347,10349
10348,10350
10349,10351
10350,10352
10351,10353
10352,10354
10353,10355
10354,10356
10355,10357
10356,10358
10357,10359
10358,10360
10359,10361
10360,10362
10361,10363
10362,10364
10363,10365
10364,10366
10365,10367
10366,10368
10367,10369
10368,10370
10369,10371
10370,10372
10371,10373
10372,10374
10373,10375
10374,10376
10375,10377
10376,10378
10377,10379
10378,10380
10379,10381
10380,10382
10381,10383
10382,10384
10383,10385
10384,10386
10385,10387
10386,10388
10387,10389
10388,10390
10389,10391
10390,10392
10391,10393
10392,10394
10393,10395
10394,10396
10395,10397
10396,10398
10397,10399
10398,10400
10399,10401
10400,10402
10401,10403
10402,10404
10403,10405
10404,10406
10405,10407
10406,10408
10407,10409
10408,10410
10409,10411
10410,10412
10411,10413
10412,10414
10413,10415
10414,10416
10415,10417
10416,10418
10417,10419
10418,10420
10419,10421
10420,10422
10421,10423
10422,10424
10423,10425
10424,10426
10425,10427
10426,10428
10427,10429
10428,10430
10429,10431
10430,10432
10431,10433
10432,10434
10433,10435
10434,10436
10435,10437
10436,10438
10437,10439
10438,10440
10439,10441
10440,10442
10441,10443
10442,10444
10443,10445
10444,10446
10445,10447
10446,10448
10447,10449
10448,10450
10449,10451
10450,10452
10451,10453
10452,10454
10453,10455
10454,10456
10455,10457
10456,10458
10457,10459
10458,10460
10459,10461
10460,10462
10461,10463
10462,10464
10463,10465
10464,10466
10465,10467
10466,10468
10467,10469
10468,10470
10469,10471
10470,10472
10471,10473
10472,10474
10473,10475
10474,10476
10475,10477
10476,10478
10477,10479
10478,10480
10479,10481
10480,10482
10481,10483
10482,10484
10483,10485
10484,10486
10485,10487
10486,10488
10487,10489
10488,10490
10489,10491
10490,10492
10491,10493
10492,10494
10493,10495
10494,10496
10495,10497
10496,10498
10497,10499
10498,10500
10499,10501
10500,10502
10501,10503
10502,10504
10503,10505
10504,10506
10505,10507
10506,10508
10507,10509
10508,10510
10509,10511
10510,10512
10511,10513
10512,10514
10513,10515
10514,10516
10515,10517
10516,10518
10517,10519
10518,10520
10519,10521
10520,10522
10521,10523
10522,10524
10523,10525
10524,10526
10525,10527
10526,10528
10527,10529
10528,10530
10529,10531
10530,10532
10531,10533
10532,10534
10533,10535
10534,10536
10535,10537
10536,10538
10537,10539
10538,10540
10539,10541
10540,10542
10541,10543
10542,10544
10543,10545
10544,10546
10545,10547
10546,10548
10547,10549
10548,10550
10549,10551
10550,10552
10551,10553
10552,10554
10553,10555
10554,10556
10555,10557
10556,10558
10557,10559
10558,10560
10559,10561
10560,10562
10561,10563
10562,10564
10563,10565
10564,10566
10565,10567
10566,10568
10567,10569
10568,10570
10569,10571
10570,10572
10571,10573
10572,10574
10573,10575
10574,10576
10575,10577
10576,10578
10577,10579
10578,10580
10579,10581
10580,10582
10581,10583
10582,10584
10583,10585
10584,10586
10585,10587
10586,10588
10587,10589
10588,10590
10589,10591
10590,10592
10591,10593
10592,10594
10593,10595
10594,10596
10595,10597
10596,10598
10597,10599
10598,10600
10599,10601
10600,10602
10601,10603
10602,10604
10603,10605
10604,10606
10605,10607
10606,10608
10607,10609
10608,10610
10609,10611
10610,10612
10611,10613
10612,10614
10613,10615
10614,10616
10615,10617
10616,10618
10617,10619
10618,10620
10619,10621
10620,10622
10621,10623
10622,10624
10623,10625
10624,10626
10625,10627
10626,10628
10627,10629
10628,10630
10629,10631
10630,10632
10631,10633
10632,10634
10633,10635
10634,10636
10635,10637
10636,10638
10637,10639
10638,10640
10639,10641
10640,10642
10641,10643
10642,10644
10643,10645
10644,10646
10645,10647
10646,10648
10647,10649
10648,10650
10649,10651
10650,10652
10651,10653
10652,10654
10653,10655
10654,10656
10655,10657
10656,10658
10657,10659
10658,10660
10659,10661
10660,10662
10661,10663
10662,10664
10663,10665
10664,10666
10665,10667
10666,10668
10667,10669
10668,10670
10669,10671
10670,10672
10671,10673
10672,10674
10673,10675
10674,10676
10675,10677
10676,10678
10677,10679
10678,10680
10679,10681
10680,10682
10681,10683
10682,10684
10683,10685
10684,10686
10685,10687
10686,10688
10687,10689
10688,10690
10689,10691
10690,10692
10691,10693
10692,10694
10693,10695
10694,10696
10695,10697
10696,10698
10697,10699
10698,10700
10699,10701
10700,10702
10701,10703
10702,10704
10703,10705
10704,10706
10705,10707
10706,10708
10707,10709
10708,10710
10709,10711
10710,10712
10711,10713
10712,10714
10713,10715
10714,10716
10715,10717
10716,10718
10717,10719
10718,10720
10719,10721
10720,10722
10721,10723
10722,10724
10723,10725
10724,10726
10725,10727
10726,10728
10727,10729
10728,10730
10729,10731
10730,10732
10731,10733
10732,10734
10733,10735
10734,10736
10735,10737
10736,10738
10737,10739
10738,10740
10739,10741
10740,10742
10741,10743
10742,10744
10743,10745
10744,10746
10745,10747
10746,10748
10747,10749
10748,10750
10749,10751
10750,10752
10751,10753
10752,10754
10753,10755
10754,10756
10755,10757
10756,10758
10757,10759
10758,10760
10759,10761
10760,10762
10761,10763
10762,10764
10763,10765
10764,10766
10765,10767
10766,10768
10767,10769
10768,10770
10769,10771
10770,10772
10771,10773
10772,10774
10773,10775
10774,10776
10775,10777
10776,10778
10777,10779
10778,10780
10779,10781
10780,10782
10781,10783
10782,10784
10783,10785
10784,10786
10785,10787
10786,10788
10787,10789
10788,10790
10789,10791
10790,10792
10791,10793
10792,10794
10793,10795
10794,10796
10795,10797
10796,10798
10797,10799
10798,10800
10799,10801
10800,10802
10801,10803
10802,10804
10803,10805
10804,10806
10805,10807
10806,10808
10807,10809
10808,10810
10809,10811
10810,10812
10811,10813
10812,10814
10813,10815
10814,10816
10815,10817
10816,10818
10817,10819
10818,10820
10819,10821
10820,10822
10821,10823
10822,10824
10823,10825
10824,10826
10825,10827
10826,10828
10827,10829
10828,10830
10829,10831
10830,10832
10831,10833
10832,10834
10833,10835
10834,10836
10835,10837
10836,10838
10837,10839
10838,10840
10839,10841
10840,10842
10841,10843
10842,10844
10843,10845
10844,10846
10845,10847
10846,10848
10847,10849
10848,10850
10849,10851
10850,10852
10851,10853
10852,10854
10853,10855
10854,10856
10855,10857
10856,10858
10857,10859
10858,10860
10859,10861
10860,10862
10861,10863
10862,10864
10863,10865
10864,10866
10865,10867
10866,10868
10867,10869
10868,10870
10869,10871
10870,10872
10871,10873
10872,10874
10873,10875
10874,10876
10875,10877
10876,10878
10877,10879
10878,10880
10879,10881
10880,10882
10881,10883
10882,10884
10883,10885
10884,10886
10885,10887
10886,10888
10887,10889
10888,10890
10889,10891
10890,10892
10891,10893
10892,10894
10893,10895
10894,10896
10895,10897
10896,10898
10897,10899
10898,10900
10899,10901
10900,10902
10901,10903
10902,10904
10903,10905
10904,10906
10905,10907
10906,10908
10907,10909
10908,10910
10909,10911
10910,10912
10911,10913
10912,10914
10913,10915
10914,10916
10915,10917
10916,10918
10917,10919
10918,10920
10919,10921
10920,10922
10921,10923
10922,10924
10923,10925
10924,10926
10925,10927
10926,10928
10927,10929
10928,10930
10929,10931
10930,10932
10931,10933
10932,10934
10933,10935
10934,10936
10935,10937
10936,10938
10937,10939
10938,10940
10939,10941
10940,10942
10941,10943
10942,10944
10943,10945
10944,10946
10945,10947
10946,10948
10947,10949
10948,10950
10949,10951
10950,10952
10951,10953
10952,10954
10953,10955
10954,10956
10955,10957
10956,10958
10957,10959
10958,10960
10959,10961
10960,10962
10961,10963
10962,10964
10963,10965
10964,10966
10965,10967
10966,10968
10967,10969
10968,10970
10969,10971
10970,10972
10971,10973
10972,10974
10973,10975
10974,10976
10975,10977
10976,10978
10977,10979
10978,10980
10979,10981
10980,10982
10981,10983
10982,10984
10983,10985
10984,10986
10985,10987
10986,10988
10987,10989
10988,10990
10989,10991
10990,10992
10991,10993
10992,10994
10993,10995
10994,10996
10995,10997
10996,10998
10997,10999
10998,11000
10999,11001
11000,11002
11001,11003
11002,11004
11003,11005
11004,11006
11005,11007
11006,11008
11007,11009
11008,11010
11009,11011
11010,11012
11011,11013
11012,11014
11013,11015
11014,11016
11015,11017
11016,11018
11017,11019
11018,11020
11019,11021
11020,11022
11021,11023
11022,11024
11023,11025
11024,11026
11025,11027
11026,11028
11027,11029
11028,11030
11029,11031
11030,11032
11031,11033
11032,11034
11033,11035
11034,11036
11035,11037
11036,11038
11037,11039
11038,11040
11039,11041
11040,11042
11041,11043
11042,11044
11043,11045
11044,11046
11045,11047
11046,11048
11047,11049
11048,11050
11049,11051
11050,11052
11051,11053
11052,11054
11053,11055
11054,11056
11055,11057
11056,11058
11057,11059
11058,11060
11059,11061
11060,11062
11061,11063
11062,11064
11063,11065
11064,11066
11065,11067
11066,11068
11067,11069
11068,11070
11069,11071
11070,11072
11071,11073
11072,11074
11073,11075
11074,11076
11075,11077
11076,11078
11077,11079
11078,11080
11079,11081
11080,11082
11081,11083
11082,11084
11083,11085
11084,11086
11085,11087
11086,11088
11087,11089
11088,11090
11089,11091
11090,11092
11091,11093
11092,11094
11093,11095
11094,11096
11095,11097
11096,11098
11097,11099
11098,11100
11099,11101
11100,11102
11101,11103
11102,11104
11103,11105
11104,11106
11105,11107
11106,11108
11107,11109
11108,11110
11109,11111
11110,11112
11111,11113
11112,11114
11113,11115
11114,11116
11115,11117
11116,11118
11117,11119
11118,11120
11119,11121
11120,11122
11121,11123
11122,11124
11123,11125
11124,11126
11125,11127
11126,11128
11127,11129
11128,11130
11129,11131
11130,11132
11131,11133
11132,11134
11133,11135
11134,11136
11135,11137
11136,11138
11137,11139
11138,11140
11139,11141
11140,11142
11141,11143
11142,11144
11143,11145
11144,11146
11145,11147
11146,11148
11147,11149
11148,11150
11149,11151
11150,11152
11151,11153
11152,11154
11153,11155
11154,11156
11155,11157
11156,11158
11157,11159
11158,11160
11159,11161
11160,11162
11161,11163
11162,11164
11163,11165
11164,11166
11165,11167
11166,11168
11167,11169
11168,11170
11169,11171
11170,11172
11171,11173
11172,11174
11173,11175
11174,11176
11175,11177
11176,11178
11177,11179
11178,11180
11179,11181
11180,11182
11181,11183
11182,11184
11183,11185
11184,11186
11185,11187
11186,11188
11187,11189
11188,11190
11189,11191
11190,11192
11191,11193
11192,11194
11193,11195
11194,11196
11195,11197
11196,11198
11197,11199
11198,11200
11199,11201
11200,11202
11201,11203
11202,11204
11203,11205
11204,11206
11205,11207
11206,11208
11207,11209
11208,11210
11209,11211
11210,11212
11211,11213
11212,11214
11213,11215
11214,11216
11215,11217
11216,11218
11217,11219
11218,11220
11219,11221
11220,11222
11221,11223
11222,11224
11223,11225
11224,11226
11225,11227
11226,11228
11227,11229
11228,11230
11229,11231
11230,11232
11231,11233
11232,11234
11233,11235
11234,11236
11235,11237
11236,11238
11237,11239
11238,11240
11239,11241
11240,11242
11241,11243
11242,11244
11243,11245
11244,11246
11245,11247
11246,11248
11247,11249
11248,11250
11249,11251
11250,11252
11251,11253
11252,11254
11253,11255
11254,11256
11255,11257
11256,11258
11257,11259
11258,11260
11259,11261
11260,11262
11261,11263
11262,11264
11263,11265
11264,11266
11265,11267
11266,11268
11267,11269
11268,11270
11269,11271
11270,11272
11271,11273
11272,11274
11273,11275
11274,11276
11275,11277
11276,11278
11277,11279
11278,11280
11279,11281
11280,11282
11281,11283
11282,11284
11283,11285
11284,11286
11285,11287
11286,11288
11287,11289
11288,11290
11289,11291
11290,11292
11291,11293
11292,11294
11293,11295
11294,11296
11295,11297
11296,11298
11297,11299
11298,11300
11299,11301
11300,11302
11301,11303
11302,11304
11303,11305
11304,11306
11305,11307
11306,11308
11307,11309
11308,11310
11309,11311
11310,11312
11311,11313
11312,11314
11313,11315
11314,11316
11315,11317
11316,11318
11317,11319
11318,11320
11319,11321
11320,11322
11321,11323
11322,11324
11323,11325
11324,11326
11325,11327
11326,11328
11327,11329
11328,11330
11329,11331
11330,11332
11331,11333
11332,11334
11333,11335
11334,11336
11335,11337
11336,11338
11337,11339
11338,11340
11339,11341
11340,11342
11341,11343
11342,11344
11343,11345
11344,11346
11345,11347
11346,11348
11347,11349
11348,11350
11349,11351
11350,11352
11351,11353
11352,11354
11353,11355
11354,11356
11355,11357
11356,11358
11357,11359
11358,11360
11359,11361
11360,11362
11361,11363
11362,11364
11363,11365
11364,11366
11365,11367
11366,11368
11367,11369
11368,11370
11369,11371
11370,11372
11371,11373
11372,11374
11373,11375
11374,11376
11375,11377
11376,11378
11377,11379
11378,11380
11379,11381
11380,11382
11381,11383
11382,11384
11383,11385
11384,11386
11385,11387
11386,11388
11387,11389
11388,11390
11389,11391
11390,11392
11391,11393
11392,11394
11393,11395
11394,11396
11395,11397
11396,11398
11397,11399
11398,11400
11399,11401
11400,11402
11401,11403
11402,11404
11403,11405
11404,11406
11405,11407
11406,11408
11407,11409
11408,11410
11409,11411
11410,11412
11411,11413
11412,11414
11413,11415
11414,11416
11415,11417
11416,11418
11417,11419
11418,11420
11419,11421
11420,11422
11421,11423
11422,11424
11423,11425
11424,11426
11425,11427
11426,11428
11427,11429
11428,11430
11429,11431
11430,11432
11431,11433
11432,11434
11433,11435
11434,11436
11435,11437
11436,11438
11437,11439
11438,11440
11439,11441
11440,11442
11441,11443
11442,11444
11443,11445
11444,11446
11445,11447
11446,11448
11447,11449
11448,11450
11449,11451
11450,11452
11451,11453
11452,11454
11453,11455
11454,11456
11455,11457
11456,11458
11457,11459
11458,11460
11459,11461
11460,11462
11461,11463
11462,11464
11463,11465
11464,11466
11465,11467
11466,11468
11467,11469
11468,11470
11469,11471
11470,11472
11471,11473
11472,11474
11473,11475
11474,11476
11475,11477
11476,11478
11477,11479
11478,11480
11479,11481
11480,11482
11481,11483
11482,11484
11483,11485
11484,11486
11485,11487
11486,11488
11487,11489
11488,11490
11489,11491
11490,11492
11491,11493
11492,11494
11493,11495
11494,11496
11495,11497
11496,11498
11497,11499
11498,11500
11499,11501
11500,11502
11501,11503
11502,11504
11503,11505
11504,11506
11505,11507
11506,11508
11507,11509
11508,11510
11509,11511
11510,11512
11511,11513
11512,11514
11513,11515
11514,11516
11515,11517
11516,11518
11517,11519
11518,11520
11519,11521
11520,11522
11521,11523
11522,11524
11523,11525
11524,11526
11525,11527
11526,11528
11527,11529
11528,11530
11529,11531
11530,11532
11531,11533
11532,11534
11533,11535
11534,11536
11535,11537
11536,11538
11537,11539
11538,11540
11539,11541
11540,11542
11541,11543
11542,11544
11543,11545
11544,11546
11545,11547
11546,11548
11547,11549
11548,11550
11549,11551
11550,11552
11551,11553
11552,11554
11553,11555
11554,11556
11555,11557
11556,11558
11557,11559
11558,11560
11559,11561
11560,11562
11561,11563
11562,11564
11563,11565
11564,11566
11565,11567
11566,11568
11567,11569
11568,11570
11569,11571
11570,11572
11571,11573
11572,11574
11573,11575
11574,11576
11575,11577
11576,11578
11577,11579
11578,11580
11579,11581
11580,11582
11581,11583
11582,11584
11583,11585
11584,11586
11585,11587
11586,11588
11587,11589
11588,11590
11589,11591
11590,11592
11591,11593
11592,11594
11593,11595
11594,11596
11595,11597
11596,11598
11597,11599
11598,11600
11599,11601
11600,11602
11601,11603
11602,11604
11603,11605
11604,11606
11605,11607
11606,11608
11607,11609
11608,11610
11609,11611
11610,11612
11611,11613
11612,11614
11613,11615
11614,11616
11615,11617
11616,11618
11617,11619
11618,11620
11619,11621
11620,11622
11621,11623
11622,11624
11623,11625
11624,11626
11625,11627
11626,11628
11627,11629
11628,11630
11629,11631
11630,11632
11631,11633
11632,11634
11633,11635
11634,11636
11635,11637
11636,11638
11637,11639
11638,11640
11639,11641
11640,11642
11641,11643
11642,11644
11643,11645
11644,11646
11645,11647
11646,11648
11647,11649
11648,11650
11649,11651
11650,11652
11651,11653
11652,11654
11653,11655
11654,11656
11655,11657
11656,11658
11657,11659
11658,11660
11659,11661
11660,11662
11661,11663
11662,11664
11663,11665
11664,11666
11665,11667
11666,11668
11667,11669
11668,11670
11669,11671
11670,11672
11671,11673
11672,11674
11673,11675
11674,11676
11675,11677
11676,11678
11677,11679
11678,11680
11679,11681
11680,11682
11681,11683
11682,11684
11683,11685
11684,11686
11685,11687
11686,11688
11687,11689
11688,11690
11689,11691
11690,11692
11691,11693
11692,11694
11693,11695
11694,11696
11695,11697
11696,11698
11697,11699
11698,11700
11699,11701
11700,11702
11701,11703
11702,11704
11703,11705
11704,11706
11705,11707
11706,11708
11707,11709
11708,11710
11709,11711
11710,11712
11711,11713
11712,11714
11713,11715
11714,11716
11715,11717
11716,11718
11717,11719
11718,11720
11719,11721
11720,11722
11721,11723
11722,11724
11723,11725
11724,11726
11725,11727
11726,11728
11727,11729
11728,11730
11729,11731
11730,11732
11731,11733
11732,11734
11733,11735
11734,11736
11735,11737
11736,11738
11737,11739
11738,11740
11739,11741
11740,11742
11741,11743
11742,11744
11743,11745
11744,11746
11745,11747
11746,11748
11747,11749
11748,11750
11749,11751
11750,11752
11751,11753
11752,11754
11753,11755
11754,11756
11755,11757
11756,11758
11757,11759
11758,11760
11759,11761
11760,11762
11761,11763
11762,11764
11763,11765
11764,11766
11765,11767
11766,11768
11767,11769
11768,11770
11769,11771
11770,11772
11771,11773
11772,11774
11773,11775
11774,11776
11775,11777
11776,11778
11777,11779
11778,11780
11779,11781
11780,11782
11781,11783
11782,11784
11783,11785
11784,11786
11785,11787
11786,11788
11787,11789
11788,11790
11789,11791
11790,11792
11791,11793
11792,11794
11793,11795
11794,11796
11795,11797
11796,11798
11797,11799
11798,11800
11799,11801
11800,11802
11801,11803
11802,11804
11803,11805
11804,11806
11805,11807
11806,11808
11807,11809
11808,11810
11809,11811
11810,11812
11811,11813
11812,11814
11813,11815
11814,11816
11815,11817
11816,11818
11817,11819
11818,11820
11819,11821
11820,11822
11821,11823
11822,11824
11823,11825
11824,11826
11825,11827
11826,11828
11827,11829
11828,11830
11829,11831
11830,11832
11831,11833
11832,11834
11833,11835
11834,11836
11835,11837
11836,11838
11837,11839
11838,11840
11839,11841
11840,11842
11841,11843
11842,11844
11843,11845
11844,11846
11845,11847
11846,11848
11847,11849
11848,11850
11849,11851
11850,11852
11851,11853
11852,11854
11853,11855
11854,11856
11855,11857
11856,11858
11857,11859
11858,11860
11859,11861
11860,11862
11861,11863
11862,11864
11863,11865
11864,11866
11865,11867
11866,11868
11867,11869
11868,11870
11869,11871
11870,11872
11871,11873
11872,11874
11873,11875
11874,11876
11875,11877
11876,11878
11877,11879
11878,11880
11879,11881
11880,11882
11881,11883
11882,11884
11883,11885
11884,11886
11885,11887
11886,11888
11887,11889
11888,11890
11889,11891
11890,11892
11891,11893
11892,11894
11893,11895
11894,11896
11895,11897
11896,11898
11897,11899
11898,11900
11899,11901
11900,11902
11901,11903
11902,11904
11903,11905
11904,11906
11905,11907
11906,11908
11907,11909
11908,11910
11909,11911
11910,11912
11911,11913
11912,11914
11913,11915
11914,11916
11915,11917
11916,11918
11917,11919
11918,11920
11919,11921
11920,11922
11921,11923
11922,11924
11923,11925
11924,11926
11925,11927
11926,11928
11927,11929
11928,11930
11929,11931
11930,11932
11931,11933
11932,11934
11933,11935
11934,11936
11935,11937
11936,11938
11937,11939
11938,11940
11939,11941
11940,11942
11941,11943
11942,11944
11943,11945
11944,11946
11945,11947
11946,11948
11947,11949
11948,11950
11949,11951
11950,11952
11951,11953
11952,11954
11953,11955
11954,11956
11955,11957
11956,11958
11957,11959
11958,11960
11959,11961
11960,11962
11961,11963
11962,11964
11963,11965
11964,11966
11965,11967
11966,11968
11967,11969
11968,11970
11969,11971
11970,11972
11971,11973
11972,11974
11973,11975
11974,11976
11975,11977
11976,11978
11977,11979
11978,11980
11979,11981
11980,11982
11981,11983
11982,11984
11983,11985
11984,11986
11985,11987
11986,11988
11987,11989
11988,11990
11989,11991
11990,11992
11991,11993
11992,11994
11993,11995
11994,11996
11995,11997
11996,11998
11997,11999
11998,12000
11999,12001
12000,12002
12001,12003
12002,12004
12003,12005
12004,12006
12005,12007
12006,12008
12007,12009
12008,12010
12009,12011
12010,12012
12011,12013
12012,12014
12013,12015
12014,12016
12015,12017
12016,12018
12017,12019
12018,12020
12019,12021
12020,12022
12021,12023
12022,12024
12023,12025
12024,12026
12025,12027
12026,12028
12027,12029
12028,12030
12029,12031
12030,12032
12031,12033
12032,12034
12033,12035
12034,12036
12035,12037
12036,12038
12037,12039
12038,12040
12039,12041
12040,12042
12041,12043
12042,12044
12043,12045
12044,12046
12045,12047
12046,12048
12047,12049
12048,12050
12049,12051
12050,12052
12051,12053
12052,12054
12053,12055
12054,12056
12055,12057
12056,12058
12057,12059
12058,12060
12059,12061
12060,12062
12061,12063
12062,12064
12063,12065
12064,12066
12065,12067
12066,12068
12067,12069
12068,12070
12069,12071
12070,12072
12071,12073
12072,12074
12073,12075
12074,12076
12075,12077
12076,12078
12077,12079
12078,12080
12079,12081
12080,12082
12081,12083
12082,12084
12083,12085
12084,12086
12085,12087
12086,12088
12087,12089
12088,12090
12089,12091
12090,12092
12091,12093
12092,12094
12093,12095
12094,12096
12095,12097
12096,12098
12097,12099
12098,12100
12099,12101
12100,12102
12101,12103
12102,12104
12103,12105
12104,12106
12105,12107
12106,12108
12107,12109
12108,12110
12109,12111
12110,12112
12111,12113
12112,12114
12113,12115
12114,12116
12115,12117
12116,12118
12117,12119
12118,12120
12119,12121
12120,12122
12121,12123
12122,12124
12123,12125
12124,12126
12125,12127
12126,12128
12127,12129
12128,12130
12129,12131
12130,12132
12131,12133
12132,12134
12133,12135
12134,12136
12135,12137
12136,12138
12137,12139
12138,12140
12139,12141
12140,12142
12141,12143
12142,12144
12143,12145
12144,12146
12145,12147
12146,12148
12147,12149
12148,12150
12149,12151
12150,12152
12151,12153
12152,12154
12153,12155
12154,12156
12155,12157
12156,12158
12157,12159
12158,12160
12159,12161
12160,12162
12161,12163
12162,12164
12163,12165
12164,12166
12165,12167
12166,12168
12167,12169
12168,12170
12169,12171
12170,12172
12171,12173
12172,12174
12173,12175
12174,12176
12175,12177
12176,12178
12177,12179
12178,12180
12179,12181
12180,12182
12181,12183
12182,12184
12183,12185
12184,12186
12185,12187
12186,12188
12187,12189
12188,12190
12189,12191
12190,12192
12191,12193
12192,12194
12193,12195
12194,12196
12195,12197
12196,12198
12197,12199
12198,12200
12199,12201
12200,12202
12201,12203
12202,12204
12203,12205
12204,12206
12205,12207
12206,12208
12207,12209
12208,12210
12209,12211
12210,12212
12211,12213
12212,12214
12213,12215
12214,12216
12215,12217
12216,12218
12217,12219
12218,12220
12219,12221
12220,12222
12221,12223
12222,12224
12223,12225
12224,12226
12225,12227
12226,12228
12227,12229
12228,12230
12229,12231
12230,12232
12231,12233
12232,12234
12233,12235
12234,12236
12235,12237
12236,12238
12237,12239
12238,12240
12239,12241
12240,12242
12241,12243
12242,12244
12243,12245
12244,12246
12245,12247
12246,12248
12247,12249
12248,12250
12249,12251
12250,12252
12251,12253
12252,12254
12253,12255
12254,12256
12255,12257
12256,12258
12257,12259
12258,12260
12259,12261
12260,12262
12261,12263
12262,12264
12263,12265
12264,12266
12265,12267
12266,12268
12267,12269
12268,12270
12269,12271
12270,12272
12271,12273
12272,12274
12273,12275
12274,12276
12275,12277
12276,12278
12277,12279
12278,12280
12279,12281
12280,12282
12281,12283
12282,12284
12283,12285
12284,12286
12285,12287
12286,12288
12287,12289
12288,12290
12289,12291
12290,12292
12291,12293
12292,12294
12293,12295
12294,12296
12295,12297
12296,12298
12297,12299
12298,12300
12299,12301
12300,12302
12301,12303
12302,12304
12303,12305
12304,12306
12305,12307
12306,12308
12307,12309
12308,12310
12309,12311
12310,12312
12311,12313
12312,12314
12313,12315
12314,12316
12315,12317
12316,12318
12317,12319
12318,12320
12319,12321
12320,12322
12321,12323
12322,12324
12323,12325
12324,12326
12325,12327
12326,12328
12327,12329
12328,12330
12329,12331
12330,12332
12331,12333
12332,12334
12333,12335
12334,12336
12335,12337
12336,12338
12337,12339
12338,12340
12339,12341
12340,12342
12341,12343
12342,12344
12343,12345
12344,12346
12345,12347
12346,12348
12347,12349
12348,12350
12349,12351
12350,12352
12351,12353
12352,12354
12353,12355
12354,12356
12355,12357
12356,12358
12357,12359
12358,12360
12359,12361
12360,12362
12361,12363
12362,12364
12363,12365
12364,12366
12365,12367
12366,12368
12367,12369
12368,12370
12369,12371
12370,12372
12371,12373
12372,12374
12373,12375
12374,12376
12375,12377
12376,12378
12377,12379
12378,12380
12379,12381
12380,12382
12381,12383
12382,12384
12383,12385
12384,12386
12385,12387
12386,12388
12387,12389
12388,12390
12389,12391
12390,12392
12391,12393
12392,12394
12393,12395
12394,12396
12395,12397
12396,12398
12397,12399
12398,12400
12399,12401
12400,12402
12401,12403
12402,12404
12403,12405
12404,12406
12405,12407
12406,12408
12407,12409
12408,12410
12409,12411
12410,12412
12411,12413
12412,12414
12413,12415
12414,12416
12415,12417
12416,12418
12417,12419
12418,12420
12419,12421
12420,12422
12421,12423
12422,12424
12423,12425
12424,12426
12425,12427
12426,12428
12427,12429
12428,12430
12429,12431
12430,12432
12431,12433
12432,12434
12433,12435
12434,12436
12435,12437
12436,12438
12437,12439
12438,12440
12439,12441
12440,12442
12441,12443
12442,12444
12443,12445
12444,12446
12445,12447
12446,12448
12447,12449
12448,12450
12449,12451
12450,12452
12451,12453
12452,12454
12453,12455
12454,12456
12455,12457
12456,12458
12457,12459
12458,12460
12459,12461
12460,12462
12461,12463
12462,12464
12463,12465
12464,12466
12465,12467
12466,12468
12467,12469
12468,12470
12469,12471
12470,12472
12471,12473
12472,12474
12473,12475
12474,12476
12475,12477
12476,12478
12477,12479
12478,12480
12479,12481
12480,12482
12481,12483
12482,12484
12483,12485
12484,12486
12485,12487
12486,12488
12487,12489
12488,12490
12489,12491
12490,12492
12491,12493
12492,12494
12493,12495
12494,12496
12495,12497
12496,12498
12497,12499
12498,12500
12499,12501
12500,12502
12501,12503
12502,12504
12503,12505
12504,12506
12505,12507
12506,12508
12507,12509
12508,12510
12509,12511
12510,12512
12511,12513
12512,12514
12513,12515
12514,12516
12515,12517
12516,12518
12517,12519
12518,12520
12519,12521
12520,12522
12521,12523
12522,12524
12523,12525
12524,12526
12525,12527
12526,12528
12527,12529
12528,12530
12529,12531
12530,12532
12531,12533
12532,12534
12533,12535
12534,12536
12535,12537
12536,12538
12537,12539
12538,12540
12539,12541
12540,12542
12541,12543
12542,12544
12543,12545
12544,12546
12545,12547
12546,12548
12547,12549
12548,12550
12549,12551
12550,12552
12551,12553
12552,12554
12553,12555
12554,12556
12555,12557
12556,12558
12557,12559
12558,12560
12559,12561
12560,12562
12561,12563
12562,12564
12563,12565
12564,12566
12565,12567
12566,12568
12567,12569
12568,12570
12569,12571
12570,12572
12571,12573
12572,12574
12573,12575
12574,12576
12575,12577
12576,12578
12577,12579
12578,12580
12579,12581
12580,12582
12581,12583
12582,12584
12583,12585
12584,12586
12585,12587
12586,12588
12587,12589
12588,12590
12589,12591
12590,12592
12591,12593
12592,12594
12593,12595
12594,12596
12595,12597
12596,12598
12597,12599
12598,12600
12599,12601
12600,12602
12601,12603
12602,12604
12603,12605
12604,12606
12605,12607
12606,12608
12607,12609
12608,12610
12609,12611
12610,12612
12611,12613
12612,12614
12613,12615
12614,12616
12615,12617
12616,12618
12617,12619
12618,12620
12619,12621
12620,12622
12621,12623
12622,12624
12623,12625
12624,12626
12625,12627
12626,12628
12627,12629
12628,12630
12629,12631
12630,12632
12631,12633
12632,12634
12633,12635
12634,12636
12635,12637
12636,12638
12637,12639
12638,12640
12639,12641
12640,12642
12641,12643
12642,12644
12643,12645
12644,12646
12645,12647
12646,12648
12647,12649
12648,12650
12649,12651
12650,12652
12651,12653
12652,12654
12653,12655
12654,12656
12655,12657
12656,12658
12657,12659
12658,12660
12659,12661
12660,12662
12661,12663
12662,12664
12663,12665
12664,12666
12665,12667
12666,12668
12667,12669
12668,12670
12669,12671
12670,12672
12671,12673
12672,12674
12673,12675
12674,12676
12675,12677
12676,12678
12677,12679
12678,12680
12679,12681
12680,12682
12681,12683
12682,12684
12683,12685
12684,12686
12685,12687
12686,12688
12687,12689
12688,12690
12689,12691
12690,12692
12691,12693
12692,12694
12693,12695
12694,12696
12695,12697
12696,12698
12697,12699
12698,12700
12699,12701
12700,12702
12701,12703
12702,12704
12703,12705
12704,12706
12705,12707
12706,12708
12707,12709
12708,12710
12709,12711
12710,12712
12711,12713
12712,12714
12713,12715
12714,12716
12715,12717
12716,12718
12717,12719
12718,12720
12719,12721
12720,12722
12721,12723
12722,12724
12723,12725
12724,12726
12725,12727
12726,12728
12727,12729
12728,12730
12729,12731
12730,12732
12731,12733
12732,12734
12733,12735
12734,12736
12735,12737
12736,12738
12737,12739
12738,12740
12739,12741
12740,12742
12741,12743
12742,12744
12743,12745
12744,12746
12745,12747
12746,12748
12747,12749
12748,12750
12749,12751
12750,12752
12751,12753
12752,12754
12753,12755
12754,12756
12755,12757
12756,12758
12757,12759
12758,12760
12759,12761
12760,12762
12761,12763
12762,12764
12763,12765
12764,12766
12765,12767
12766,12768
12767,12769
12768,12770
12769,12771
12770,12772
12771,12773
12772,12774
12773,12775
12774,12776
12775,12777
12776,12778
12777,12779
12778,12780
12779,12781
12780,12782
12781,12783
12782,12784
12783,12785
12784,12786
12785,12787
12786,12788
12787,12789
12788,12790
12789,12791
12790,12792
12791,12793
12792,12794
12793,12795
12794,12796
12795,12797
12796,12798
12797,12799
12798,12800
12799,12801
12800,12802
12801,12803
12802,12804
12803,12805
12804,12806
12805,12807
12806,12808
12807,12809
12808,12810
12809,12811
12810,12812
12811,12813
12812,12814
12813,12815
12814,12816
12815,12817
12816,12818
12817,12819
12818,12820
12819,12821
12820,12822
12821,12823
12822,12824
12823,12825
12824,12826
12825,12827
12826,12828
12827,12829
12828,12830
12829,12831
12830,12832
12831,12833
12832,12834
12833,12835
12834,12836
12835,12837
12836,12838
12837,12839
12838,12840
12839,12841
12840,12842
12841,12843
12842,12844
12843,12845
12844,12846
12845,12847
12846,12848
12847,12849
12848,12850
12849,12851
12850,12852
12851,12853
12852,12854
12853,12855
12854,12856
12855,12857
12856,12858
12857,12859
12858,12860
12859,12861
12860,12862
12861,12863
12862,12864
12863,12865
12864,12866
12865,12867
12866,12868
12867,12869
12868,12870
12869,12871
12870,12872
12871,12873
12872,12874
12873,12875
12874,12876
12875,12877
12876,12878
12877,12879
12878,12880
12879,12881
12880,12882
12881,12883
12882,12884
12883,12885
12884,12886
12885,12887
12886,12888
12887,12889
12888,12890
12889,12891
12890,12892
12891,12893
12892,12894
12893,12895
12894,12896
12895,12897
12896,12898
12897,12899
12898,12900
12899,12901
12900,12902
12901,12903
12902,12904
12903,12905
12904,12906
12905,12907
12906,12908
12907,12909
12908,12910
12909,12911
12910,12912
12911,12913
12912,12914
12913,12915
12914,12916
12915,12917
12916,12918
12917,12919
12918,12920
12919,12921
12920,12922
12921,12923
12922,12924
12923,12925
12924,12926
12925,12927
12926,12928
12927,12929
12928,12930
12929,12931
12930,12932
12931,12933
12932,12934
12933,12935
12934,12936
12935,12937
12936,12938
12937,12939
12938,12940
12939,12941
12940,12942
12941,12943
12942,12944
12943,12945
12944,12946
12945,12947
12946,12948
12947,12949
12948,12950
12949,12951
12950,12952
12951,12953
12952,12954
12953,12955
12954,12956
12955,12957
12956,12958
12957,12959
12958,12960
12959,12961
12960,12962
12961,12963
12962,12964
12963,12965
12964,12966
12965,12967
12966,12968
12967,12969
12968,12970
12969,12971
12970,12972
12971,12973
12972,12974
12973,12975
12974,12976
12975,12977
12976,12978
12977,12979
12978,12980
12979,12981
12980,12982
12981,12983
12982,12984
12983,12985
12984,12986
12985,12987
12986,12988
12987,12989
12988,12990
12989,12991
12990,12992
12991,12993
12992,12994
12993,12995
12994,12996
12995,12997
12996,12998
12997,12999
12998,13000
12999,13001
13000,13002
13001,13003
13002,13004
13003,13005
13004,13006
13005,13007
13006,13008
13007,13009
13008,13010
13009,13011
13010,13012
13011,13013
13012,13014
13013,13015
13014,13016
13015,13017
13016,13018
13017,13019
13018,13020
13019,13021
13020,13022
13021,13023
13022,13024
13023,13025
13024,13026
13025,13027
13026,13028
13027,13029
13028,13030
13029,13031
13030,13032
13031,13033
13032,13034
13033,13035
13034,13036
13035,13037
13036,13038
13037,13039
13038,13040
13039,13041
13040,13042
13041,13043
13042,13044
13043,13045
13044,13046
13045,13047
13046,13048
13047,13049
13048,13050
13049,13051
13050,13052
13051,13053
13052,13054
13053,13055
13054,13056
13055,13057
13056,13058
13057,13059
13058,13060
13059,13061
13060,13062
13061,13063
13062,13064
13063,13065
13064,13066
13065,13067
13066,13068
13067,13069
13068,13070
13069,13071
13070,13072
13071,13073
13072,13074
13073,13075
13074,13076
13075,13077
13076,13078
13077,13079
13078,13080
13079,13081
13080,13082
13081,13083
13082,13084
13083,13085
13084,13086
13085,13087
13086,13088
13087,13089
13088,13090
13089,13091
13090,13092
13091,13093
13092,13094
13093,13095
13094,13096
13095,13097
13096,13098
13097,13099
13098,13100
13099,13101
13100,13102
13101,13103
13102,13104
13103,13105
13104,13106
13105,13107
13106,13108
13107,13109
13108,13110
13109,13111
13110,13112
13111,13113
13112,13114
13113,13115
13114,13116
13115,13117
13116,13118
13117,13119
13118,13120
13119,13121
13120,13122
13121,13123
13122,13124
13123,13125
13124,13126
13125,13127
13126,13128
13127,13129
13128,13130
13129,13131
13130,13132
13131,13133
13132,13134
13133,13135
13134,13136
13135,13137
13136,13138
13137,13139
13138,13140
13139,13141
13140,13142
13141,13143
13142,13144
13143,13145
13144,13146
13145,13147
13146,13148
13147,13149
13148,13150
13149,13151
13150,13152
13151,13153
13152,13154
13153,13155
13154,13156
13155,13157
13156,13158
13157,13159
13158,13160
13159,13161
13160,13162
13161,13163
13162,13164
13163,13165
13164,13166
13165,13167
13166,13168
13167,13169
13168,13170
13169,13171
13170,13172
13171,13173
13172,13174
13173,13175
13174,13176
13175,13177
13176,13178
13177,13179
13178,13180
13179,13181
13180,13182
13181,13183
13182,13184
13183,13185
13184,13186
13185,13187
13186,13188
13187,13189
13188,13190
13189,13191
13190,13192
13191,13193
13192,13194
13193,13195
13194,13196
13195,13197
13196,13198
13197,13199
13198,13200
13199,13201
13200,13202
13201,13203
13202,13204
13203,13205
13204,13206
13205,13207
13206,13208
13207,13209
13208,13210
13209,13211
13210,13212
13211,13213
13212,13214
13213,13215
13214,13216
13215,13217
13216,13218
13217,13219
13218,13220
13219,13221
13220,13222
13221,13223
13222,13224
13223,13225
13224,13226
13225,13227
13226,13228
13227,13229
13228,13230
13229,13231
13230,13232
13231,13233
13232,13234
13233,13235
13234,13236
13235,13237
13236,13238
13237,13239
13238,13240
13239,13241
13240,13242
13241,13243
13242,13244
13243,13245
13244,13246
13245,13247
13246,13248
13247,13249
13248,13250
13249,13251
13250,13252
13251,13253
13252,13254
13253,13255
13254,13256
13255,13257
13256,13258
13257,13259
13258,13260
13259,13261
13260,13262
13261,13263
13262,13264
13263,13265
13264,13266
13265,13267
13266,13268
13267,13269
13268,13270
13269,13271
13270,13272
13271,13273
13272,13274
13273,13275
13274,13276
13275,13277
13276,13278
13277,13279
13278,13280
13279,13281
13280,13282
13281,13283
13282,13284
13283,13285
13284,13286
13285,13287
13286,13288
13287,13289
13288,13290
13289,13291
13290,13292
13291,13293
13292,13294
13293,13295
13294,13296
13295,13297
13296,13298
13297,13299
13298,13300
13299,13301
13300,13302
13301,13303
13302,13304
13303,13305
13304,13306
13305,13307
13306,13308
13307,13309
13308,13310
13309,13311
13310,13312
13311,13313
13312,13314
13313,13315
13314,13316
13315,13317
13316,13318
13317,13319
13318,13320
13319,13321
13320,13322
13321,13323
13322,13324
13323,13325
13324,13326
13325,13327
13326,13328
13327,13329
13328,13330
13329,13331
13330,13332
13331,13333
13332,13334
13333,13335
13334,13336
13335,13337
13336,13338
13337,13339
13338,13340
13339,13341
13340,13342
13341,13343
13342,13344
13343,13345
13344,13346
13345,13347
13346,13348
13347,13349
13348,13350
13349,13351
13350,13352
13351,13353
13352,13354
13353,13355
13354,13356
13355,13357
13356,13358
13357,13359
13358,13360
13359,13361
13360,13362
13361,13363
13362,13364
13363,13365
13364,13366
13365,13367
13366,13368
13367,13369
13368,13370
13369,13371
13370,13372
13371,13373
13372,13374
13373,13375
13374,13376
13375,13377
13376,13378
13377,13379
13378,13380
13379,13381
13380,13382
13381,13383
13382,13384
13383,13385
13384,13386
13385,13387
13386,13388
13387,13389
13388,13390
13389,13391
13390,13392
13391,13393
13392,13394
13393,13395
13394,13396
13395,13397
13396,13398
13397,13399
13398,13400
13399,13401
13400,13402
13401,13403
13402,13404
13403,13405
13404,13406
13405,13407
13406,13408
13407,13409
13408,13410
13409,13411
13410,13412
13411,13413
13412,13414
13413,13415
13414,13416
13415,13417
13416,13418
13417,13419
13418,13420
13419,13421
13420,13422
13421,13423
13422,13424
13423,13425
13424,13426
13425,13427
13426,13428
13427,13429
13428,13430
13429,13431
13430,13432
13431,13433
13432,13434
13433,13435
13434,13436
13435,13437
13436,13438
13437,13439
13438,13440
13439,13441
13440,13442
13441,13443
13442,13444
13443,13445
13444,13446
13445,13447
13446,13448
13447,13449
13448,13450
13449,13451
13450,13452
13451,13453
13452,13454
13453,13455
13454,13456
13455,13457
13456,13458
13457,13459
13458,13460
13459,13461
13460,13462
13461,13463
13462,13464
13463,13465
13464,13466
13465,13467
13466,13468
13467,13469
13468,13470
13469,13471
13470,13472
13471,13473
13472,13474
13473,13475
13474,13476
13475,13477
13476,13478
13477,13479
13478,13480
13479,13481
13480,13482
13481,13483
13482,13484
13483,13485
13484,13486
13485,13487
13486,13488
13487,13489
13488,13490
13489,13491
13490,13492
13491,13493
13492,13494
13493,13495
13494,13496
13495,13497
13496,13498
13497,13499
13498,13500
13499,13501
13500,13502
13501,13503
13502,13504
13503,13505
13504,13506
13505,13507
13506,13508
13507,13509
13508,13510
13509,13511
13510,13512
13511,13513
13512,13514
13513,13515
13514,13516
13515,13517
13516,13518
13517,13519
13518,13520
13519,13521
13520,13522
13521,13523
13522,13524
13523,13525
13524,13526
13525,13527
13526,13528
13527,13529
13528,13530
13529,13531
13530,13532
13531,13533
13532,13534
13533,13535
13534,13536
13535,13537
13536,13538
13537,13539
13538,13540
13539,13541
13540,13542
13541,13543
13542,13544
13543,13545
13544,13546
13545,13547
13546,13548
13547,13549
13548,13550
13549,13551
13550,13552
13551,13553
13552,13554
13553,13555
13554,13556
13555,13557
13556,13558
13557,13559
13558,13560
13559,13561
13560,13562
13561,13563
13562,13564
13563,13565
13564,13566
13565,13567
13566,13568
13567,13569
13568,13570
13569,13571
13570,13572
13571,13573
13572,13574
13573,13575
13574,13576
13575,13577
13576,13578
13577,13579
13578,13580
13579,13581
13580,13582
13581,13583
13582,13584
13583,13585
13584,13586
13585,13587
13586,13588
13587,13589
13588,13590
13589,13591
13590,13592
13591,13593
13592,13594
13593,13595
13594,13596
13595,13597
13596,13598
13597,13599
13598,13600
13599,13601
13600,13602
13601,13603
13602,13604
13603,13605
13604,13606
13605,13607
13606,13608
13607,13609
13608,13610
13609,13611
13610,13612
13611,13613
13612,13614
13613,13615
13614,13616
13615,13617
13616,13618
13617,13619
13618,13620
13619,13621
13620,13622
13621,13623
13622,13624
13623,13625
13624,13626
13625,13627
13626,13628
13627,13629
13628,13630
13629,13631
13630,13632
13631,13633
13632,13634
13633,13635
13634,13636
13635,13637
13636,13638
13637,13639
13638,13640
13639,13641
13640,13642
13641,13643
13642,13644
13643,13645
13644,13646
13645,13647
13646,13648
13647,13649
13648,13650
13649,13651
13650,13652
13651,13653
13652,13654
13653,13655
13654,13656
13655,13657
13656,13658
13657,13659
13658,13660
13659,13661
13660,13662
13661,13663
13662,13664
13663,13665
13664,13666
13665,13667
13666,13668
13667,13669
13668,13670
13669,13671
13670,13672
13671,13673
13672,13674
13673,13675
13674,13676
13675,13677
13676,13678
13677,13679
13678,13680
13679,13681
13680,13682
13681,13683
13682,13684
13683,13685
13684,13686
13685,13687
13686,13688
13687,13689
13688,13690
13689,13691
13690,13692
13691,13693
13692,13694
13693,13695
13694,13696
13695,13697
13696,13698
13697,13699
13698,13700
13699,13701
13700,13702
13701,13703
13702,13704
13703,13705
13704,13706
13705,13707
13706,13708
13707,13709
13708,13710
13709,13711
13710,13712
13711,13713
13712,13714
13713,13715
13714,13716
13715,13717
13716,13718
13717,13719
13718,13720
13719,13721
13720,13722
13721,13723
13722,13724
13723,13725
13724,13726
13725,13727
13726,13728
13727,13729
13728,13730
13729,13731
13730,13732
13731,13733
13732,13734
13733,13735
13734,13736
13735,13737
13736,13738
13737,13739
13738,13740
13739,13741
13740,13742
13741,13743
13742,13744
13743,13745
13744,13746
13745,13747
13746,13748
13747,13749
13748,13750
13749,13751
13750,13752
13751,13753
13752,13754
13753,13755
13754,13756
13755,13757
13756,13758
13757,13759
13758,13760
13759,13761
13760,13762
13761,13763
13762,13764
13763,13765
13764,13766
13765,13767
13766,13768
13767,13769
13768,13770
13769,13771
13770,13772
13771,13773
13772,13774
13773,13775
13774,13776
13775,13777
13776,13778
13777,13779
13778,13780
13779,13781
13780,13782
13781,13783
13782,13784
13783,13785
13784,13786
13785,13787
13786,13788
13787,13789
13788,13790
13789,13791
13790,13792
13791,13793
13792,13794
13793,13795
13794,13796
13795,13797
13796,13798
13797,13799
13798,13800
13799,13801
13800,13802
13801,13803
13802,13804
13803,13805
13804,13806
13805,13807
13806,13808
13807,13809
13808,13810
13809,13811
13810,13812
13811,13813
13812,13814
13813,13815
13814,13816
13815,13817
13816,13818
13817,13819
13818,13820
13819,13821
13820,13822
13821,13823
13822,13824
13823,13825
13824,13826
13825,13827
13826,13828
13827,13829
13828,13830
13829,13831
13830,13832
13831,13833
13832,13834
13833,13835
13834,13836
13835,13837
13836,13838
13837,13839
13838,13840
13839,13841
13840,13842
13841,13843
13842,13844
13843,13845
13844,13846
13845,13847
13846,13848
13847,13849
13848,13850
13849,13851
13850,13852
13851,13853
13852,13854
13853,13855
13854,13856
13855,13857
13856,13858
13857,13859
13858,13860
13859,13861
13860,13862
13861,13863
13862,13864
13863,13865
13864,13866
13865,13867
13866,13868
13867,13869
13868,13870
13869,13871
13870,13872
13871,13873
13872,13874
13873,13875
13874,13876
13875,13877
13876,13878
13877,13879
13878,13880
13879,13881
13880,13882
13881,13883
13882,13884
13883,13885
13884,13886
13885,13887
13886,13888
13887,13889
13888,13890
13889,13891
13890,13892
13891,13893
13892,13894
13893,13895
13894,13896
13895,13897
13896,13898
13897,13899
13898,13900
13899,13901
13900,13902
13901,13903
13902,13904
13903,13905
13904,13906
13905,13907
13906,13908
13907,13909
13908,13910
13909,13911
13910,13912
13911,13913
13912,13914
13913,13915
13914,13916
13915,13917
13916,13918
13917,13919
13918,13920
13919,13921
13920,13922
13921,13923
13922,13924
13923,13925
13924,13926
13925,13927
13926,13928
13927,13929
13928,13930
13929,13931
13930,13932
13931,13933
13932,13934
13933,13935
13934,13936
13935,13937
13936,13938
13937,13939
13938,13940
13939,13941
13940,13942
13941,13943
13942,13944
13943,13945
13944,13946
13945,13947
13946,13948
13947,13949
13948,13950
13949,13951
13950,13952
13951,13953
13952,13954
13953,13955
13954,13956
13955,13957
13956,13958
13957,13959
13958,13960
13959,13961
13960,13962
13961,13963
13962,13964
13963,13965
13964,13966
13965,13967
13966,13968
13967,13969
13968,13970
13969,13971
13970,13972
13971,13973
13972,13974
13973,13975
13974,13976
13975,13977
13976,13978
13977,13979
13978,13980
13979,13981
13980,13982
13981,13983
13982,13984
13983,13985
13984,13986
13985,13987
13986,13988
13987,13989
13988,13990
13989,13991
13990,13992
13991,13993
13992,13994
13993,13995
13994,13996
13995,13997
13996,13998
13997,13999
13998,14000
13999,14001
14000,14002
14001,14003
14002,14004
14003,14005
14004,14006
14005,14007
14006,14008
14007,14009
14008,14010
14009,14011
14010,14012
14011,14013
14012,14014
14013,14015
14014,14016
14015,14017
14016,14018
14017,14019
14018,14020
14019,14021
14020,14022
14021,14023
14022,14024
14023,14025
14024,14026
14025,14027
14026,14028
14027,14029
14028,14030
14029,14031
14030,14032
14031,14033
14032,14034
14033,14035
14034,14036
14035,14037
14036,14038
14037,14039
14038,14040
14039,14041
14040,14042
14041,14043
14042,14044
14043,14045
14044,14046
14045,14047
14046,14048
14047,14049
14048,14050
14049,14051
14050,14052
14051,14053
14052,14054
14053,14055
14054,14056
14055,14057
14056,14058
14057,14059
14058,14060
14059,14061
14060,14062
14061,14063
14062,14064
14063,14065
14064,14066
14065,14067
14066,14068
14067,14069
14068,14070
14069,14071
14070,14072
14071,14073
14072,14074
14073,14075
14074,14076
14075,14077
14076,14078
14077,14079
14078,14080
14079,14081
14080,14082
14081,14083
14082,14084
14083,14085
14084,14086
14085,14087
14086,14088
14087,14089
14088,14090
14089,14091
14090,14092
14091,14093
14092,14094
14093,14095
14094,14096
14095,14097
14096,14098
14097,14099
14098,14100
14099,14101
14100,14102
14101,14103
14102,14104
14103,14105
14104,14106
14105,14107
14106,14108
14107,14109
14108,14110
14109,14111
14110,14112
14111,14113
14112,14114
14113,14115
14114,14116
14115,14117
14116,14118
14117,14119
14118,14120
14119,14121
14120,14122
14121,14123
14122,14124
14123,14125
14124,14126
14125,14127
14126,14128
14127,14129
14128,14130
14129,14131
14130,14132
14131,14133
14132,14134
14133,14135
14134,14136
14135,14137
14136,14138
14137,14139
14138,14140
14139,14141
14140,14142
14141,14143
14142,14144
14143,14145
14144,14146
14145,14147
14146,14148
14147,14149
14148,14150
14149,14151
14150,14152
14151,14153
14152,14154
14153,14155
14154,14156
14155,14157
14156,14158
14157,14159
14158,14160
14159,14161
14160,14162
14161,14163
14162,14164
14163,14165
14164,14166
14165,14167
14166,14168
14167,14169
14168,14170
14169,14171
14170,14172
14171,14173
14172,14174
14173,14175
14174,14176
14175,14177
14176,14178
14177,14179
14178,14180
14179,14181
14180,14182
14181,14183
14182,14184
14183,14185
14184,14186
14185,14187
14186,14188
14187,14189
14188,14190
14189,14191
14190,14192
14191,14193
14192,14194
14193,14195
14194,14196
14195,14197
14196,14198
14197,14199
14198,14200
14199,14201
14200,14202
14201,14203
14202,14204
14203,14205
14204,14206
14205,14207
14206,14208
14207,14209
14208,14210
14209,14211
14210,14212
14211,14213
14212,14214
14213,14215
14214,14216
14215,14217
14216,14218
14217,14219
14218,14220
14219,14221
14220,14222
14221,14223
14222,14224
14223,14225
14224,14226
14225,14227
14226,14228
14227,14229
14228,14230
14229,14231
14230,14232
14231,14233
14232,14234
14233,14235
14234,14236
14235,14237
14236,14238
14237,14239
14238,14240
14239,14241
14240,14242
14241,14243
14242,14244
14243,14245
14244,14246
14245,14247
14246,14248
14247,14249
14248,14250
14249,14251
14250,14252
14251,14253
14252,14254
14253,14255
14254,14256
14255,14257
14256,14258
14257,14259
14258,14260
14259,14261
14260,14262
14261,14263
14262,14264
14263,14265
14264,14266
14265,14267
14266,14268
14267,14269
14268,14270
14269,14271
14270,14272
14271,14273
14272,14274
14273,14275
14274,14276
14275,14277
14276,14278
14277,14279
14278,14280
14279,14281
14280,14282
14281,14283
14282,14284
14283,14285
14284,14286
14285,14287
14286,14288
14287,14289
14288,14290
14289,14291
14290,14292
14291,14293
14292,14294
14293,14295
14294,14296
14295,14297
14296,14298
14297,14299
14298,14300
14299,14301
14300,14302
14301,14303
14302,14304
14303,14305
14304,14306
14305,14307
14306,14308
14307,14309
14308,14310
14309,14311
14310,14312
14311,14313
14312,14314
14313,14315
14314,14316
14315,14317
14316,14318
14317,14319
14318,14320
14319,14321
14320,14322
14321,14323
14322,14324
14323,14325
14324,14326
14325,14327
14326,14328
14327,14329
14328,14330
14329,14331
14330,14332
14331,14333
14332,14334
14333,14335
14334,14336
14335,14337
14336,14338
14337,14339
14338,14340
14339,14341
14340,14342
14341,14343
14342,14344
14343,14345
14344,14346
14345,14347
14346,14348
14347,14349
14348,14350
14349,14351
14350,14352
14351,14353
14352,14354
14353,14355
14354,14356
14355,14357
14356,14358
14357,14359
14358,14360
14359,14361
14360,14362
14361,14363
14362,14364
14363,14365
14364,14366
14365,14367
14366,14368
14367,14369
14368,14370
14369,14371
14370,14372
14371,14373
14372,14374
14373,14375
14374,14376
14375,14377
14376,14378
14377,14379
14378,14380
14379,14381
14380,14382
14381,14383
14382,14384
14383,14385
14384,14386
14385,14387
14386,14388
14387,14389
14388,14390
14389,14391
14390,14392
14391,14393
14392,14394
14393,14395
14394,14396
14395,14397
14396,14398
14397,14399
14398,14400
14399,14401
14400,14402
14401,14403
14402,14404
14403,14405
14404,14406
14405,14407
14406,14408
14407,14409
14408,14410
14409,14411
14410,14412
14411,14413
14412,14414
14413,14415
14414,14416
14415,14417
14416,14418
14417,14419
14418,14420
14419,14421
14420,14422
14421,14423
14422,14424
14423,14425
14424,14426
14425,14427
14426,14428
14427,14429
14428,14430
14429,14431
14430,14432
14431,14433
14432,14434
14433,14435
14434,14436
14435,14437
14436,14438
14437,14439
14438,14440
14439,14441
14440,14442
14441,14443
14442,14444
14443,14445
14444,14446
14445,14447
14446,14448
14447,14449
14448,14450
14449,14451
14450,14452
14451,14453
14452,14454
14453,14455
14454,14456
14455,14457
14456,14458
14457,14459
14458,14460
14459,14461
14460,14462
14461,14463
14462,14464
14463,14465
14464,14466
14465,14467
14466,14468
14467,14469
14468,14470
14469,14471
14470,14472
14471,14473
14472,14474
14473,14475
14474,14476
14475,14477
14476,14478
14477,14479
14478,14480
14479,14481
14480,14482
14481,14483
14482,14484
14483,14485
14484,14486
14485,14487
14486,14488
14487,14489
14488,14490
14489,14491
14490,14492
14491,14493
14492,14494
14493,14495
14494,14496
14495,14497
14496,14498
14497,14499
14498,14500
14499,14501
14500,14502
14501,14503
14502,14504
14503,14505
14504,14506
14505,14507
14506,14508
14507,14509
14508,14510
14509,14511
14510,14512
14511,14513
14512,14514
14513,14515
14514,14516
14515,14517
14516,14518
14517,14519
14518,14520
14519,14521
14520,14522
14521,14523
14522,14524
14523,14525
14524,14526
14525,14527
14526,14528
14527,14529
14528,14530
14529,14531
14530,14532
14531,14533
14532,14534
14533,14535
14534,14536
14535,14537
14536,14538
14537,14539
14538,14540
14539,14541
14540,14542
14541,14543
14542,14544
14543,14545
14544,14546
14545,14547
14546,14548
14547,14549
14548,14550
14549,14551
14550,14552
14551,14553
14552,14554
14553,14555
14554,14556
14555,14557
14556,14558
14557,14559
14558,14560
14559,14561
14560,14562
14561,14563
14562,14564
14563,14565
14564,14566
14565,14567
14566,14568
14567,14569
14568,14570
14569,14571
14570,14572
14571,14573
14572,14574
14573,14575
14574,14576
14575,14577
14576,14578
14577,14579
14578,14580
14579,14581
14580,14582
14581,14583
14582,14584
14583,14585
14584,14586
14585,14587
14586,14588
14587,14589
14588,14590
14589,14591
14590,14592
14591,14593
14592,14594
14593,14595
14594,14596
14595,14597
14596,14598
14597,14599
14598,14600
14599,14601
14600,14602
14601,14603
14602,14604
14603,14605
14604,14606
14605,14607
14606,14608
14607,14609
14608,14610
14609,14611
14610,14612
14611,14613
14612,14614
14613,14615
14614,14616
14615,14617
14616,14618
14617,14619
14618,14620
14619,14621
14620,14622
14621,14623
14622,14624
14623,14625
14624,14626
14625,14627
14626,14628
14627,14629
14628,14630
14629,14631
14630,14632
14631,14633
14632,14634
14633,14635
14634,14636
14635,14637
14636,14638
14637,14639
14638,14640
14639,14641
14640,14642
14641,14643
14642,14644
14643,14645
14644,14646
14645,14647
14646,14648
14647,14649
14648,14650
14649,14651
14650,14652
14651,14653
14652,14654
14653,14655
14654,14656
14655,14657
14656,14658
14657,14659
14658,14660
14659,14661
14660,14662
14661,14663
14662,14664
14663,14665
14664,14666
14665,14667
14666,14668
14667,14669
14668,14670
14669,14671
14670,14672
14671,14673
14672,14674
14673,14675
14674,14676
14675,14677
14676,14678
14677,14679
14678,14680
14679,14681
14680,14682
14681,14683
14682,14684
14683,14685
14684,14686
14685,14687
14686,14688
14687,14689
14688,14690
14689,14691
14690,14692
14691,14693
14692,14694
14693,14695
14694,14696
14695,14697
14696,14698
14697,14699
14698,14700
14699,14701
14700,14702
14701,14703
14702,14704
14703,14705
14704,14706
14705,14707
14706,14708
14707,14709
14708,14710
14709,14711
14710,14712
14711,14713
14712,14714
14713,14715
14714,14716
14715,14717
14716,14718
14717,14719
14718,14720
14719,14721
14720,14722
14721,14723
14722,14724
14723,14725
14724,14726
14725,14727
14726,14728
14727,14729
14728,14730
14729,14731
14730,14732
14731,14733
14732,14734
14733,14735
14734,14736
14735,14737
14736,14738
14737,14739
14738,14740
14739,14741
14740,14742
14741,14743
14742,14744
14743,14745
14744,14746
14745,14747
14746,14748
14747,14749
14748,14750
14749,14751
14750,14752
14751,14753
14752,14754
14753,14755
14754,14756
14755,14757
14756,14758
14757,14759
14758,14760
14759,14761
14760,14762
14761,14763
14762,14764
14763,14765
14764,14766
14765,14767
14766,14768
14767,14769
14768,14770
14769,14771
14770,14772
14771,14773
14772,14774
14773,14775
14774,14776
14775,14777
14776,14778
14777,14779
14778,14780
14779,14781
14780,14782
14781,14783
14782,14784
14783,14785
14784,14786
14785,14787
14786,14788
14787,14789
14788,14790
14789,14791
14790,14792
14791,14793
14792,14794
14793,14795
14794,14796
14795,14797
14796,14798
14797,14799
14798,14800
14799,14801
14800,14802
14801,14803
14802,14804
14803,14805
14804,14806
14805,14807
14806,14808
14807,14809
14808,14810
14809,14811
14810,14812
14811,14813
14812,14814
14813,14815
14814,14816
14815,14817
14816,14818
14817,14819
14818,14820
14819,14821
14820,14822
14821,14823
14822,14824
14823,14825
14824,14826
14825,14827
14826,14828
14827,14829
14828,14830
14829,14831
14830,14832
14831,14833
14832,14834
14833,14835
14834,14836
14835,14837
14836,14838
14837,14839
14838,14840
14839,14841
14840,14842
14841,14843
14842,14844
14843,14845
14844,14846
14845,14847
14846,14848
14847,14849
14848,14850
14849,14851
14850,14852
14851,14853
14852,14854
14853,14855
14854,14856
14855,14857
14856,14858
14857,14859
14858,14860
14859,14861
14860,14862
14861,14863
14862,14864
14863,14865
14864,14866
14865,14867
14866,14868
14867,14869
14868,14870
14869,14871
14870,14872
14871,14873
14872,14874
14873,14875
14874,14876
14875,14877
14876,14878
14877,14879
14878,14880
14879,14881
14880,14882
14881,14883
14882,14884
14883,14885
14884,14886
14885,14887
14886,14888
14887,14889
14888,14890
14889,14891
14890,14892
14891,14893
14892,14894
14893,14895
14894,14896
14895,14897
14896,14898
14897,14899
14898,14900
14899,14901
14900,14902
14901,14903
14902,14904
14903,14905
14904,14906
14905,14907
14906,14908
14907,14909
14908,14910
14909,14911
14910,14912
14911,14913
14912,14914
14913,14915
14914,14916
14915,14917
14916,14918
14917,14919
14918,14920
14919,14921
14920,14922
14921,14923
14922,14924
14923,14925
14924,14926
14925,14927
14926,14928
14927,14929
14928,14930
14929,14931
14930,14932
14931,14933
14932,14934
14933,14935
14934,14936
14935,14937
14936,14938
14937,14939
14938,14940
14939,14941
14940,14942
14941,14943
14942,14944
14943,14945
14944,14946
14945,14947
14946,14948
14947,14949
14948,14950
14949,14951
14950,14952
14951,14953
14952,14954
14953,14955
14954,14956
14955,14957
14956,14958
14957,14959
14958,14960
14959,14961
14960,14962
14961,14963
14962,14964
14963,14965
14964,14966
14965,14967
14966,14968
14967,14969
14968,14970
14969,14971
14970,14972
14971,14973
14972,14974
14973,14975
14974,14976
14975,14977
14976,14978
14977,14979
14978,14980
14979,14981
14980,14982
14981,14983
14982,14984
14983,14985
14984,14986
14985,14987
14986,14988
14987,14989
14988,14990
14989,14991
14990,14992
14991,14993
14992,14994
14993,14995
14994,14996
14995,14997
14996,14998
14997,14999
14998,15000
14999,15001
15000,15002
15001,15003
15002,15004
15003,15005
15004,15006
15005,15007
15006,15008
15007,15009
15008,15010
15009,15011
15010,15012
15011,15013
15012,15014
15013,15015
15014,15016
15015,15017
15016,15018
15017,15019
15018,15020
15019,15021
15020,15022
15021,15023
15022,15024
15023,15025
15024,15026
15025,15027
15026,15028
15027,15029
15028,15030
15029,15031
15030,15032
15031,15033
15032,15034
15033,15035
15034,15036
15035,15037
15036,15038
15037,15039
15038,15040
15039,15041
15040,15042
15041,15043
15042,15044
15043,15045
15044,15046
15045,15047
15046,15048
15047,15049
15048,15050
15049,15051
15050,15052
15051,15053
15052,15054
15053,15055
15054,15056
15055,15057
15056,15058
15057,15059
15058,15060
15059,15061
15060,15062
15061,15063
15062,15064
15063,15065
15064,15066
15065,15067
15066,15068
15067,15069
15068,15070
15069,15071
15070,15072
15071,15073
15072,15074
15073,15075
15074,15076
15075,15077
15076,15078
15077,15079
15078,15080
15079,15081
15080,15082
15081,15083
15082,15084
15083,15085
15084,15086
15085,15087
15086,15088
15087,15089
15088,15090
15089,15091
15090,15092
15091,15093
15092,15094
15093,15095
15094,15096
15095,15097
15096,15098
15097,15099
15098,15100
15099,15101
15100,15102
15101,15103
15102,15104
15103,15105
15104,15106
15105,15107
15106,15108
15107,15109
15108,15110
15109,15111
15110,15112
15111,15113
15112,15114
15113,15115
15114,15116
15115,15117
15116,15118
15117,15119
15118,15120
15119,15121
15120,15122
15121,15123
15122,15124
15123,15125
15124,15126
15125,15127
15126,15128
15127,15129
15128,15130
15129,15131
15130,15132
15131,15133
15132,15134
15133,15135
15134,15136
15135,15137
15136,15138
15137,15139
15138,15140
15139,15141
15140,15142
15141,15143
15142,15144
15143,15145
15144,15146
15145,15147
15146,15148
15147,15149
15148,15150
15149,15151
15150,15152
15151,15153
15152,15154
15153,15155
15154,15156
15155,15157
15156,15158
15157,15159
15158,15160
15159,15161
15160,15162
15161,15163
15162,15164
15163,15165
15164,15166
15165,15167
15166,15168
15167,15169
15168,15170
15169,15171
15170,15172
15171,15173
15172,15174
15173,15175
15174,15176
15175,15177
15176,15178
15177,15179
15178,15180
15179,15181
15180,15182
15181,15183
15182,15184
15183,15185
15184,15186
15185,15187
15186,15188
15187,15189
15188,15190
15189,15191
15190,15192
15191,15193
15192,15194
15193,15195
15194,15196
15195,15197
15196,15198
15197,15199
15198,15200
15199,15201
15200,15202
15201,15203
15202,15204
15203,15205
15204,15206
15205,15207
15206,15208
15207,15209
15208,15210
15209,15211
15210,15212
15211,15213
15212,15214
15213,15215
15214,15216
15215,15217
15216,15218
15217,15219
15218,15220
15219,15221
15220,15222
15221,15223
15222,15224
15223,15225
15224,15226
15225,15227
15226,15228
15227,15229
15228,15230
15229,15231
15230,15232
15231,15233
15232,15234
15233,15235
15234,15236
15235,15237
15236,15238
15237,15239
15238,15240
15239,15241
15240,15242
15241,15243
15242,15244
15243,15245
15244,15246
15245,15247
15246,15248
15247,15249
15248,15250
15249,15251
15250,15252
15251,15253
15252,15254
15253,15255
15254,15256
15255,15257
15256,15258
15257,15259
15258,15260
15259,15261
15260,15262
15261,15263
15262,15264
15263,15265
15264,15266
15265,15267
15266,15268
15267,15269
15268,15270
15269,15271
15270,15272
15271,15273
15272,15274
15273,15275
15274,15276
15275,15277
15276,15278
15277,15279
15278,15280
15279,15281
15280,15282
15281,15283
15282,15284
15283,15285
15284,15286
15285,15287
15286,15288
15287,15289
15288,15290
15289,15291
15290,15292
15291,15293
15292,15294
15293,15295
15294,15296
15295,15297
15296,15298
15297,15299
15298,15300
15299,15301
15300,15302
15301,15303
15302,15304
15303,15305
15304,15306
15305,15307
15306,15308
15307,15309
15308,15310
15309,15311
15310,15312
15311,15313
15312,15314
15313,15315
15314,15316
15315,15317
15316,15318
15317,15319
15318,15320
15319,15321
15320,15322
15321,15323
15322,15324
15323,15325
15324,15326
15325,15327
15326,15328
15327,15329
15328,15330
15329,15331
15330,15332
15331,15333
15332,15334
15333,15335
15334,15336
15335,15337
15336,15338
15337,15339
15338,15340
15339,15341
15340,15342
15341,15343
15342,15344
15343,15345
15344,15346
15345,15347
15346,15348
15347,15349
15348,15350
15349,15351
15350,15352
15351,15353
15352,15354
15353,15355
15354,15356
15355,15357
15356,15358
15357,15359
15358,15360
15359,15361
15360,15362
15361,15363
15362,15364
15363,15365
15364,15366
15365,15367
15366,15368
15367,15369
15368,15370
15369,15371
15370,15372
15371,15373
15372,15374
15373,15375
15374,15376
15375,15377
15376,15378
15377,15379
15378,15380
15379,15381
15380,15382
15381,15383
15382,15384
15383,15385
15384,15386
15385,15387
15386,15388
15387,15389
15388,15390
15389,15391
15390,15392
15391,15393
15392,15394
15393,15395
15394,15396
15395,15397
15396,15398
15397,15399
15398,15400
15399,15401
15400,15402
15401,15403
15402,15404
15403,15405
15404,15406
15405,15407
15406,15408
15407,15409
15408,15410
15409,15411
15410,15412
15411,15413
15412,15414
15413,15415
15414,15416
15415,15417
15416,15418
15417,15419
15418,15420
15419,15421
15420,15422
15421,15423
15422,15424
15423,15425
15424,15426
15425,15427
15426,15428
15427,15429
15428,15430
15429,15431
15430,15432
15431,15433
15432,15434
15433,15435
15434,15436
15435,15437
15436,15438
15437,15439
15438,15440
15439,15441
15440,15442
15441,15443
15442,15444
15443,15445
15444,15446
15445,15447
15446,15448
15447,15449
15448,15450
15449,15451
15450,15452
15451,15453
15452,15454
15453,15455
15454,15456
15455,15457
15456,15458
15457,15459
15458,15460
15459,15461
15460,15462
15461,15463
15462,15464
15463,15465
15464,15466
15465,15467
15466,15468
15467,15469
15468,15470
15469,15471
15470,15472
15471,15473
15472,15474
15473,15475
15474,15476
15475,15477
15476,15478
15477,15479
15478,15480
15479,15481
15480,15482
15481,15483
15482,15484
15483,15485
15484,15486
15485,15487
15486,15488
15487,15489
15488,15490
15489,15491
15490,15492
15491,15493
15492,15494
15493,15495
15494,15496
15495,15497
15496,15498
15497,15499
15498,15500
15499,15501
15500,15502
15501,15503
15502,15504
15503,15505
15504,15506
15505,15507
15506,15508
15507,15509
15508,15510
15509,15511
15510,15512
15511,15513
15512,15514
15513,15515
15514,15516
15515,15517
15516,15518
15517,15519
15518,15520
15519,15521
15520,15522
15521,15523
15522,15524
15523,15525
15524,15526
15525,15527
15526,15528
15527,15529
15528,15530
15529,15531
15530,15532
15531,15533
15532,15534
15533,15535
15534,15536
15535,15537
15536,15538
15537,15539
15538,15540
15539,15541
15540,15542
15541,15543
15542,15544
15543,15545
15544,15546
15545,15547
15546,15548
15547,15549
15548,15550
15549,15551
15550,15552
15551,15553
15552,15554
15553,15555
15554,15556
15555,15557
15556,15558
15557,15559
15558,15560
15559,15561
15560,15562
15561,15563
15562,15564
15563,15565
15564,15566
15565,15567
15566,15568
15567,15569
15568,15570
15569,15571
15570,15572
15571,15573
15572,15574
15573,15575
15574,15576
15575,15577
15576,15578
15577,15579
15578,15580
15579,15581
15580,15582
15581,15583
15582,15584
15583,15585
15584,15586
15585,15587
15586,15588
15587,15589
15588,15590
15589,15591
15590,15592
15591,15593
15592,15594
15593,15595
15594,15596
15595,15597
15596,15598
15597,15599
15598,15600
15599,15601
15600,15602
15601,15603
15602,15604
15603,15605
15604,15606
15605,15607
15606,15608
15607,15609
15608,15610
15609,15611
15610,15612
15611,15613
15612,15614
15613,15615
15614,15616
15615,15617
15616,15618
15617,15619
15618,15620
15619,15621
15620,15622
15621,15623
15622,15624
15623,15625
15624,15626
15625,15627
15626,15628
15627,15629
15628,15630
15629,15631
15630,15632
15631,15633
15632,15634
15633,15635
15634,15636
15635,15637
15636,15638
15637,15639
15638,15640
15639,15641
15640,15642
15641,15643
15642,15644
15643,15645
15644,15646
15645,15647
15646,15648
15647,15649
15648,15650
15649,15651
15650,15652
15651,15653
15652,15654
15653,15655
15654,15656
15655,15657
15656,15658
15657,15659
15658,15660
15659,15661
15660,15662
15661,15663
15662,15664
15663,15665
15664,15666
15665,15667
15666,15668
15667,15669
15668,15670
15669,15671
15670,15672
15671,15673
15672,15674
15673,15675
15674,15676
15675,15677
15676,15678
15677,15679
15678,15680
15679,15681
15680,15682
15681,15683
15682,15684
15683,15685
15684,15686
15685,15687
15686,15688
15687,15689
15688,15690
15689,15691
15690,15692
15691,15693
15692,15694
15693,15695
15694,15696
15695,15697
15696,15698
15697,15699
15698,15700
15699,15701
15700,15702
15701,15703
15702,15704
15703,15705
15704,15706
15705,15707
15706,15708
15707,15709
15708,15710
15709,15711
15710,15712
15711,15713
15712,15714
15713,15715
15714,15716
15715,15717
15716,15718
15717,15719
15718,15720
15719,15721
15720,15722
15721,15723
15722,15724
15723,15725
15724,15726
15725,15727
15726,15728
15727,15729
15728,15730
15729,15731
15730,15732
15731,15733
15732,15734
15733,15735
15734,15736
15735,15737
15736,15738
15737,15739
15738,15740
15739,15741
15740,15742
15741,15743
15742,15744
15743,15745
15744,15746
15745,15747
15746,15748
15747,15749
15748,15750
15749,15751
15750,15752
15751,15753
15752,15754
15753,15755
15754,15756
15755,15757
15756,15758
15757,15759
15758,15760
15759,15761
15760,15762
15761,15763
15762,15764
15763,15765
15764,15766
15765,15767
15766,15768
15767,15769
15768,15770
15769,15771
15770,15772
15771,15773
15772,15774
15773,15775
15774,15776
15775,15777
15776,15778
15777,15779
15778,15780
15779,15781
15780,15782
15781,15783
15782,15784
15783,15785
15784,15786
15785,15787
15786,15788
15787,15789
15788,15790
15789,15791
15790,15792
15791,15793
15792,15794
15793,15795
15794,15796
15795,15797
15796,15798
15797,15799
15798,15800
15799,15801
15800,15802
15801,15803
15802,15804
15803,15805
15804,15806
15805,15807
15806,15808
15807,15809
15808,15810
15809,15811
15810,15812
15811,15813
15812,15814
15813,15815
15814,15816
15815,15817
15816,15818
15817,15819
15818,15820
15819,15821
15820,15822
15821,15823
15822,15824
15823,15825
15824,15826
15825,15827
15826,15828
15827,15829
15828,15830
15829,15831
15830,15832
15831,15833
15832,15834
15833,15835
15834,15836
15835,15837
15836,15838
15837,15839
15838,15840
15839,15841
15840,15842
15841,15843
15842,15844
15843,15845
15844,15846
15845,15847
15846,15848
15847,15849
15848,15850
15849,15851
15850,15852
15851,15853
15852,15854
15853,15855
15854,15856
15855,15857
15856,15858
15857,15859
15858,15860
15859,15861
15860,15862
15861,15863
15862,15864
15863,15865
15864,15866
15865,15867
15866,15868
15867,15869
15868,15870
15869,15871
15870,15872
15871,15873
15872,15874
15873,15875
15874,15876
15875,15877
15876,15878
15877,15879
15878,15880
15879,15881
15880,15882
15881,15883
15882,15884
15883,15885
15884,15886
15885,15887
15886,15888
15887,15889
15888,15890
15889,15891
15890,15892
15891,15893
15892,15894
15893,15895
15894,15896
15895,15897
15896,15898
15897,15899
15898,15900
15899,15901
15900,15902
15901,15903
15902,15904
15903,15905
15904,15906
15905,15907
15906,15908
15907,15909
15908,15910
15909,15911
15910,15912
15911,15913
15912,15914
15913,15915
15914,15916
15915,15917
15916,15918
15917,15919
15918,15920
15919,15921
15920,15922
15921,15923
15922,15924
15923,15925
15924,15926
15925,15927
15926,15928
15927,15929
15928,15930
15929,15931
15930,15932
15931,15933
15932,15934
15933,15935
15934,15936
15935,15937
15936,15938
15937,15939
15938,15940
15939,15941
15940,15942
15941,15943
15942,15944
15943,15945
15944,15946
15945,15947
15946,15948
15947,15949
15948,15950
15949,15951
15950,15952
15951,15953
15952,15954
15953,15955
15954,15956
15955,15957
15956,15958
15957,15959
15958,15960
15959,15961
15960,15962
15961,15963
15962,15964
15963,15965
15964,15966
15965,15967
15966,15968
15967,15969
15968,15970
15969,15971
15970,15972
15971,15973
15972,15974
15973,15975
15974,15976
15975,15977
15976,15978
15977,15979
15978,15980
15979,15981
15980,15982
15981,15983
15982,15984
15983,15985
15984,15986
15985,15987
15986,15988
15987,15989
15988,15990
15989,15991
15990,15992
15991,15993
15992,15994
15993,15995
15994,15996
15995,15997
15996,15998
15997,15999
15998,16000
15999,16001
16000,16002
16001,16003
16002,16004
16003,16005
16004,16006
16005,16007
16006,16008
16007,16009
16008,16010
16009,16011
16010,16012
16011,16013
16012,16014
16013,16015
16014,16016
16015,16017
16016,16018
16017,16019
16018,16020
16019,16021
16020,16022
16021,16023
16022,16024
16023,16025
16024,16026
16025,16027
16026,16028
16027,16029
16028,16030
16029,16031
16030,16032
16031,16033
16032,16034
16033,16035
16034,16036
16035,16037
16036,16038
16037,16039
16038,16040
16039,16041
16040,16042
16041,16043
16042,16044
16043,16045
16044,16046
16045,16047
16046,16048
16047,16049
16048,16050
16049,16051
16050,16052
16051,16053
16052,16054
16053,16055
16054,16056
16055,16057
16056,16058
16057,16059
16058,16060
16059,16061
16060,16062
16061,16063
16062,16064
16063,16065
16064,16066
16065,16067
16066,16068
16067,16069
16068,16070
16069,16071
16070,16072
16071,16073
16072,16074
16073,16075
16074,16076
16075,16077
16076,16078
16077,16079
16078,16080
16079,16081
16080,16082
16081,16083
16082,16084
16083,16085
16084,16086
16085,16087
16086,16088
16087,16089
16088,16090
16089,16091
16090,16092
16091,16093
16092,16094
16093,16095
16094,16096
16095,16097
16096,16098
16097,16099
16098,16100
16099,16101
16100,16102
16101,16103
16102,16104
16103,16105
16104,16106
16105,16107
16106,16108
16107,16109
16108,16110
16109,16111
16110,16112
16111,16113
16112,16114
16113,16115
16114,16116
16115,16117
16116,16118
16117,16119
16118,16120
16119,16121
16120,16122
16121,16123
16122,16124
16123,16125
16124,16126
16125,16127
16126,16128
16127,16129
16128,16130
16129,16131
16130,16132
16131,16133
16132,16134
16133,16135
16134,16136
16135,16137
16136,16138
16137,16139
16138,16140
16139,16141
16140,16142
16141,16143
16142,16144
16143,16145
16144,16146
16145,16147
16146,16148
16147,16149
16148,16150
16149,16151
16150,16152
16151,16153
16152,16154
16153,16155
16154,16156
16155,16157
16156,16158
16157,16159
16158,16160
16159,16161
16160,16162
16161,16163
16162,16164
16163,16165
16164,16166
16165,16167
16166,16168
16167,16169
16168,16170
16169,16171
16170,16172
16171,16173
16172,16174
16173,16175
16174,16176
16175,16177
16176,16178
16177,16179
16178,16180
16179,16181
16180,16182
16181,16183
16182,16184
16183,16185
16184,16186
16185,16187
16186,16188
16187,16189
16188,16190
16189,16191
16190,16192
16191,16193
16192,16194
16193,16195
16194,16196
16195,16197
16196,16198
16197,16199
16198,16200
16199,16201
16200,16202
16201,16203
16202,16204
16203,16205
16204,16206
16205,16207
16206,16208
16207,16209
16208,16210
16209,16211
16210,16212
16211,16213
16212,16214
16213,16215
16214,16216
16215,16217
16216,16218
16217,16219
16218,16220
16219,16221
16220,16222
16221,16223
16222,16224
16223,16225
16224,16226
16225,16227
16226,16228
16227,16229
16228,16230
16229,16231
16230,16232
16231,16233
16232,16234
16233,16235
16234,16236
16235,16237
16236,16238
16237,16239
16238,16240
16239,16241
16240,16242
16241,16243
16242,16244
16243,16245
16244,16246
16245,16247
16246,16248
16247,16249
16248,16250
16249,16251
16250,16252
16251,16253
16252,16254
16253,16255
16254,16256
16255,16257
16256,16258
16257,16259
16258,16260
16259,16261
16260,16262
16261,16263
16262,16264
16263,16265
16264,16266
16265,16267
16266,16268
16267,16269
16268,16270
16269,16271
16270,16272
16271,16273
16272,16274
16273,16275
16274,16276
16275,16277
16276,16278
16277,16279
16278,16280
16279,16281
16280,16282
16281,16283
16282,16284
16283,16285
16284,16286
16285,16287
16286,16288
16287,16289
16288,16290
16289,16291
16290,16292
16291,16293
16292,16294
16293,16295
16294,16296
16295,16297
16296,16298
16297,16299
16298,16300
16299,16301
16300,16302
16301,16303
16302,16304
16303,16305
16304,16306
16305,16307
16306,16308
16307,16309
16308,16310
16309,16311
16310,16312
16311,16313
16312,16314
16313,16315
16314,16316
16315,16317
16316,16318
16317,16319
16318,16320
16319,16321
16320,16322
16321,16323
16322,16324
16323,16325
16324,16326
16325,16327
16326,16328
16327,16329
16328,16330
16329,16331
16330,16332
16331,16333
16332,16334
16333,16335
16334,16336
16335,16337
16336,16338
16337,16339
16338,16340
16339,16341
16340,16342
16341,16343
16342,16344
16343,16345
16344,16346
16345,16347
16346,16348
16347,16349
16348,16350
16349,16351
16350,16352
16351,16353
16352,16354
16353,16355
16354,16356
16355,16357
16356,16358
16357,16359
16358,16360
16359,16361
16360,16362
16361,16363
16362,16364
16363,16365
16364,16366
16365,16367
16366,16368
16367,16369
16368,16370
16369,16371
16370,16372
16371,16373
16372,16374
16373,16375
16374,16376
16375,16377
16376,16378
16377,16379
16378,16380
16379,16381
16380,16382
16381,16383
16382,16384
16383,16385
16384,16386
16385,16387
16386,16388
16387,16389
16388,16390
16389,16391
16390,16392
16391,16393
16392,16394
16393,16395
16394,16396
16395,16397
16396,16398
16397,16399
16398,16400
16399,16401
16400,16402
16401,16403
16402,16404
16403,16405
16404,16406
16405,16407
16406,16408
16407,16409
16408,16410
16409,16411
16410,16412
16411,16413
16412,16414
16413,16415
16414,16416
16415,16417
16416,16418
16417,16419
16418,16420
16419,16421
16420,16422
16421,16423
16422,16424
16423,16425
16424,16426
16425,16427
16426,16428
16427,16429
16428,16430
16429,16431
16430,16432
16431,16433
16432,16434
16433,16435
16434,16436
16435,16437
16436,16438
16437,16439
16438,16440
16439,16441
16440,16442
16441,16443
16442,16444
16443,16445
16444,16446
16445,16447
16446,16448
16447,16449
16448,16450
16449,16451
16450,16452
16451,16453
16452,16454
16453,16455
16454,16456
16455,16457
16456,16458
16457,16459
16458,16460
16459,16461
16460,16462
16461,16463
16462,16464
16463,16465
16464,16466
16465,16467
16466,16468
16467,16469
16468,16470
16469,16471
16470,16472
16471,16473
16472,16474
16473,16475
16474,16476
16475,16477
16476,16478
16477,16479
16478,16480
16479,16481
16480,16482
16481,16483
16482,16484
16483,16485
16484,16486
16485,16487
16486,16488
16487,16489
16488,16490
16489,16491
16490,16492
16491,16493
16492,16494
16493,16495
16494,16496
16495,16497
16496,16498
16497,16499
16498,16500
16499,16501
16500,16502
16501,16503
16502,16504
16503,16505
16504,16506
16505,16507
16506,16508
16507,16509
16508,16510
16509,16511
16510,16512
16511,16513
16512,16514
16513,16515
16514,16516
16515,16517
16516,16518
16517,16519
16518,16520
16519,16521
16520,16522
16521,16523
16522,16524
16523,16525
16524,16526
16525,16527
16526,16528
16527,16529
16528,16530
16529,16531
16530,16532
16531,16533
16532,16534
16533,16535
16534,16536
16535,16537
16536,16538
16537,16539
16538,16540
16539,16541
16540,16542
16541,16543
16542,16544
16543,16545
16544,16546
16545,16547
16546,16548
16547,16549
16548,16550
16549,16551
16550,16552
16551,16553
16552,16554
16553,16555
16554,16556
16555,16557
16556,16558
16557,16559
16558,16560
16559,16561
16560,16562
16561,16563
16562,16564
16563,16565
16564,16566
16565,16567
16566,16568
16567,16569
16568,16570
16569,16571
16570,16572
16571,16573
16572,16574
16573,16575
16574,16576
16575,16577
16576,16578
16577,16579
16578,16580
16579,16581
16580,16582
16581,16583
16582,16584
16583,16585
16584,16586
16585,16587
16586,16588
16587,16589
16588,16590
16589,16591
16590,16592
16591,16593
16592,16594
16593,16595
16594,16596
16595,16597
16596,16598
16597,16599
16598,16600
16599,16601
16600,16602
16601,16603
16602,16604
16603,16605
16604,16606
16605,16607
16606,16608
16607,16609
16608,16610
16609,16611
16610,16612
16611,16613
16612,16614
16613,16615
16614,16616
16615,16617
16616,16618
16617,16619
16618,16620
16619,16621
16620,16622
16621,16623
16622,16624
16623,16625
16624,16626
16625,16627
16626,16628
16627,16629
16628,16630
16629,16631
16630,16632
16631,16633
16632,16634
16633,16635
16634,16636
16635,16637
16636,16638
16637,16639
16638,16640
16639,16641
16640,16642
16641,16643
16642,16644
16643,16645
16644,16646
16645,16647
16646,16648
16647,16649
16648,16650
16649,16651
16650,16652
16651,16653
16652,16654
16653,16655
16654,16656
16655,16657
16656,16658
16657,16659
16658,16660
16659,16661
16660,16662
16661,16663
16662,16664
16663,16665
16664,16666
16665,16667
16666,16668
16667,16669
16668,16670
16669,16671
16670,16672
16671,16673
16672,16674
16673,16675
16674,16676
16675,16677
16676,16678
16677,16679
16678,16680
16679,16681
16680,16682
16681,16683
16682,16684
16683,16685
16684,16686
16685,16687
16686,16688
16687,16689
16688,16690
16689,16691
16690,16692
16691,16693
16692,16694
16693,16695
16694,16696
16695,16697
16696,16698
16697,16699
16698,16700
16699,16701
16700,16702
16701,16703
16702,16704
16703,16705
16704,16706
16705,16707
16706,16708
16707,16709
16708,16710
16709,16711
16710,16712
16711,16713
16712,16714
16713,16715
16714,16716
16715,16717
16716,16718
16717,16719
16718,16720
16719,16721
16720,16722
16721,16723
16722,16724
16723,16725
16724,16726
16725,16727
16726,16728
16727,16729
16728,16730
16729,16731
16730,16732
16731,16733
16732,16734
16733,16735
16734,16736
16735,16737
16736,16738
16737,16739
16738,16740
16739,16741
16740,16742
16741,16743
16742,16744
16743,16745
16744,16746
16745,16747
16746,16748
16747,16749
16748,16750
16749,16751
16750,16752
16751,16753
16752,16754
16753,16755
16754,16756
16755,16757
16756,16758
16757,16759
16758,16760
16759,16761
16760,16762
16761,16763
16762,16764
16763,16765
16764,16766
16765,16767
16766,16768
16767,16769
16768,16770
16769,16771
16770,16772
16771,16773
16772,16774
16773,16775
16774,16776
16775,16777
16776,16778
16777,16779
16778,16780
16779,16781
16780,16782
16781,16783
16782,16784
16783,16785
16784,16786
16785,16787
16786,16788
16787,16789
16788,16790
16789,16791
16790,16792
16791,16793
16792,16794
16793,16795
16794,16796
16795,16797
16796,16798
16797,16799
16798,16800
16799,16801
16800,16802
16801,16803
16802,16804
16803,16805
16804,16806
16805,16807
16806,16808
16807,16809
16808,16810
16809,16811
16810,16812
16811,16813
16812,16814
16813,16815
16814,16816
16815,16817
16816,16818
16817,16819
16818,16820
16819,16821
16820,16822
16821,16823
16822,16824
16823,16825
16824,16826
16825,16827
16826,16828
16827,16829
16828,16830
16829,16831
16830,16832
16831,16833
16832,16834
16833,16835
16834,16836
16835,16837
16836,16838
16837,16839
16838,16840
16839,16841
16840,16842
16841,16843
16842,16844
16843,16845
16844,16846
16845,16847
16846,16848
16847,16849
16848,16850
16849,16851
16850,16852
16851,16853
16852,16854
16853,16855
16854,16856
16855,16857
16856,16858
16857,16859
16858,16860
16859,16861
16860,16862
16861,16863
16862,16864
16863,16865
16864,16866
16865,16867
16866,16868
16867,16869
16868,16870
16869,16871
16870,16872
16871,16873
16872,16874
16873,16875
16874,16876
16875,16877
16876,16878
16877,16879
16878,16880
16879,16881
16880,16882
16881,16883
16882,16884
16883,16885
16884,16886
16885,16887
16886,16888
16887,16889
16888,16890
16889,16891
16890,16892
16891,16893
16892,16894
16893,16895
16894,16896
16895,16897
16896,16898
16897,16899
16898,16900
16899,16901
16900,16902
16901,16903
16902,16904
16903,16905
16904,16906
16905,16907
16906,16908
16907,16909
16908,16910
16909,16911
16910,16912
16911,16913
16912,16914
16913,16915
16914,16916
16915,16917
16916,16918
16917,16919
16918,16920
16919,16921
16920,16922
16921,16923
16922,16924
16923,16925
16924,16926
16925,16927
16926,16928
16927,16929
16928,16930
16929,16931
16930,16932
16931,16933
16932,16934
16933,16935
16934,16936
16935,16937
16936,16938
16937,16939
16938,16940
16939,16941
16940,16942
16941,16943
16942,16944
16943,16945
16944,16946
16945,16947
16946,16948
16947,16949
16948,16950
16949,16951
16950,16952
16951,16953
16952,16954
16953,16955
16954,16956
16955,16957
16956,16958
16957,16959
16958,16960
16959,16961
16960,16962
16961,16963
16962,16964
16963,16965
16964,16966
16965,16967
16966,16968
16967,16969
16968,16970
16969,16971
16970,16972
16971,16973
16972,16974
16973,16975
16974,16976
16975,16977
16976,16978
16977,16979
16978,16980
16979,16981
16980,16982
16981,16983
16982,16984
16983,16985
16984,16986
16985,16987
16986,16988
16987,16989
16988,16990
16989,16991
16990,16992
16991,16993
16992,16994
16993,16995
16994,16996
16995,16997
16996,16998
16997,16999
16998,17000
16999,17001
17000,17002
17001,17003
17002,17004
17003,17005
17004,17006
17005,17007
17006,17008
17007,17009
17008,17010
17009,17011
17010,17012
17011,17013
17012,17014
17013,17015
17014,17016
17015,17017
17016,17018
17017,17019
17018,17020
17019,17021
17020,17022
17021,17023
17022,17024
17023,17025
17024,17026
17025,17027
17026,17028
17027,17029
17028,17030
17029,17031
17030,17032
17031,17033
17032,17034
17033,17035
17034,17036
17035,17037
17036,17038
17037,17039
17038,17040
17039,17041
17040,17042
17041,17043
17042,17044
17043,17045
17044,17046
17045,17047
17046,17048
17047,17049
17048,17050
17049,17051
17050,17052
17051,17053
17052,17054
17053,17055
17054,17056
17055,17057
17056,17058
17057,17059
17058,17060
17059,17061
17060,17062
17061,17063
17062,17064
17063,17065
17064,17066
17065,17067
17066,17068
17067,17069
17068,17070
17069,17071
17070,17072
17071,17073
17072,17074
17073,17075
17074,17076
17075,17077
17076,17078
17077,17079
17078,17080
17079,17081
17080,17082
17081,17083
17082,17084
17083,17085
17084,17086
17085,17087
17086,17088
17087,17089
17088,17090
17089,17091
17090,17092
17091,17093
17092,17094
17093,17095
17094,17096
17095,17097
17096,17098
17097,17099
17098,17100
17099,17101
17100,17102
17101,17103
17102,17104
17103,17105
17104,17106
17105,17107
17106,17108
17107,17109
17108,17110
17109,17111
17110,17112
17111,17113
17112,17114
17113,17115
17114,17116
17115,17117
17116,17118
17117,17119
17118,17120
17119,17121
17120,17122
17121,17123
17122,17124
17123,17125
17124,17126
17125,17127
17126,17128
17127,17129
17128,17130
17129,17131
17130,17132
17131,17133
17132,17134
17133,17135
17134,17136
17135,17137
17136,17138
17137,17139
17138,17140
17139,17141
17140,17142
17141,17143
17142,17144
17143,17145
17144,17146
17145,17147
17146,17148
17147,17149
17148,17150
17149,17151
17150,17152
17151,17153
17152,17154
17153,17155
17154,17156
17155,17157
17156,17158
17157,17159
17158,17160
17159,17161
17160,17162
17161,17163
17162,17164
17163,17165
17164,17166
17165,17167
17166,17168
17167,17169
17168,17170
17169,17171
17170,17172
17171,17173
17172,17174
17173,17175
17174,17176
17175,17177
17176,17178
17177,17179
17178,17180
17179,17181
17180,17182
17181,17183
17182,17184
17183,17185
17184,17186
17185,17187
17186,17188
17187,17189
17188,17190
17189,17191
17190,17192
17191,17193
17192,17194
17193,17195
17194,17196
17195,17197
17196,17198
17197,17199
17198,17200
17199,17201
17200,17202
17201,17203
17202,17204
17203,17205
17204,17206
17205,17207
17206,17208
17207,17209
17208,17210
17209,17211
17210,17212
17211,17213
17212,17214
17213,17215
17214,17216
17215,17217
17216,17218
17217,17219
17218,17220
17219,17221
17220,17222
17221,17223
17222,17224
17223,17225
17224,17226
17225,17227
17226,17228
17227,17229
17228,17230
17229,17231
17230,17232
17231,17233
17232,17234
17233,17235
17234,17236
17235,17237
17236,17238
17237,17239
17238,17240
17239,17241
17240,17242
17241,17243
17242,17244
17243,17245
17244,17246
17245,17247
17246,17248
17247,17249
17248,17250
17249,17251
17250,17252
17251,17253
17252,17254
17253,17255
17254,17256
17255,17257
17256,17258
17257,17259
17258,17260
17259,17261
17260,17262
17261,17263
17262,17264
17263,17265
17264,17266
17265,17267
17266,17268
17267,17269
17268,17270
17269,17271
17270,17272
17271,17273
17272,17274
17273,17275
17274,17276
17275,17277
17276,17278
17277,17279
17278,17280
17279,17281
17280,17282
17281,17283
17282,17284
17283,17285
17284,17286
17285,17287
17286,17288
17287,17289
17288,17290
17289,17291
17290,17292
17291,17293
17292,17294
17293,17295
17294,17296
17295,17297
17296,17298
17297,17299
17298,17300
17299,17301
17300,17302
17301,17303
17302,17304
17303,17305
17304,17306
17305,17307
17306,17308
17307,17309
17308,17310
17309,17311
17310,17312
17311,17313
17312,17314
17313,17315
17314,17316
17315,17317
17316,17318
17317,17319
17318,17320
17319,17321
17320,17322
17321,17323
17322,17324
17323,17325
17324,17326
17325,17327
17326,17328
17327,17329
17328,17330
17329,17331
17330,17332
17331,17333
17332,17334
17333,17335
17334,17336
17335,17337
17336,17338
17337,17339
17338,17340
17339,17341
17340,17342
17341,17343
17342,17344
17343,17345
17344,17346
17345,17347
17346,17348
17347,17349
17348,17350
17349,17351
17350,17352
17351,17353
17352,17354
17353,17355
17354,17356
17355,17357
17356,17358
17357,17359
17358,17360
17359,17361
17360,17362
17361,17363
17362,17364
17363,17365
17364,17366
17365,17367
17366,17368
17367,17369
17368,17370
17369,17371
17370,17372
17371,17373
17372,17374
17373,17375
17374,17376
17375,17377
17376,17378
17377,17379
17378,17380
17379,17381
17380,17382
17381,17383
17382,17384
17383,17385
17384,17386
17385,17387
17386,17388
17387,17389
17388,17390
17389,17391
17390,17392
17391,17393
17392,17394
17393,17395
17394,17396
17395,17397
17396,17398
17397,17399
17398,17400
17399,17401
17400,17402
17401,17403
17402,17404
17403,17405
17404,17406
17405,17407
17406,17408
17407,17409
17408,17410
17409,17411
17410,17412
17411,17413
17412,17414
17413,17415
17414,17416
17415,17417
17416,17418
17417,17419
17418,17420
17419,17421
17420,17422
17421,17423
17422,17424
17423,17425
17424,17426
17425,17427
17426,17428
17427,17429
17428,17430
17429,17431
17430,17432
17431,17433
17432,17434
17433,17435
17434,17436
17435,17437
17436,17438
17437,17439
17438,17440
17439,17441
17440,17442
17441,17443
17442,17444
17443,17445
17444,17446
17445,17447
17446,17448
17447,17449
17448,17450
17449,17451
17450,17452
17451,17453
17452,17454
17453,17455
17454,17456
17455,17457
17456,17458
17457,17459
17458,17460
17459,17461
17460,17462
17461,17463
17462,17464
17463,17465
17464,17466
17465,17467
17466,17468
17467,17469
17468,17470
17469,17471
17470,17472
17471,17473
17472,17474
17473,17475
17474,17476
17475,17477
17476,17478
17477,17479
17478,17480
17479,17481
17480,17482
17481,17483
17482,17484
17483,17485
17484,17486
17485,17487
17486,17488
17487,17489
17488,17490
17489,17491
17490,17492
17491,17493
17492,17494
17493,17495
17494,17496
17495,17497
17496,17498
17497,17499
17498,17500
17499,17501
17500,17502
17501,17503
17502,17504
17503,17505
17504,17506
17505,17507
17506,17508
17507,17509
17508,17510
17509,17511
17510,17512
17511,17513
17512,17514
17513,17515
17514,17516
17515,17517
17516,17518
17517,17519
17518,17520
17519,17521
17520,17522
17521,17523
17522,17524
17523,17525
17524,17526
17525,17527
17526,17528
17527,17529
17528,17530
17529,17531
17530,17532
17531,17533
17532,17534
17533,17535
17534,17536
17535,17537
17536,17538
17537,17539
17538,17540
17539,17541
17540,17542
17541,17543
17542,17544
17543,17545
17544,17546
17545,17547
17546,17548
17547,17549
17548,17550
17549,17551
17550,17552
17551,17553
17552,17554
17553,17555
17554,17556
17555,17557
17556,17558
17557,17559
17558,17560
17559,17561
17560,17562
17561,17563
17562,17564
17563,17565
17564,17566
17565,17567
17566,17568
17567,17569
17568,17570
17569,17571
17570,17572
17571,17573
17572,17574
17573,17575
17574,17576
17575,17577
17576,17578
17577,17579
17578,17580
17579,17581
17580,17582
17581,17583
17582,17584
17583,17585
17584,17586
17585,17587
17586,17588
17587,17589
17588,17590
17589,17591
17590,17592
17591,17593
17592,17594
17593,17595
17594,17596
17595,17597
17596,17598
17597,17599
17598,17600
17599,17601
17600,17602
17601,17603
17602,17604
17603,17605
17604,17606
17605,17607
17606,17608
17607,17609
17608,17610
17609,17611
17610,17612
17611,17613
17612,17614
17613,17615
17614,17616
17615,17617
17616,17618
17617,17619
17618,17620
17619,17621
17620,17622
17621,17623
17622,17624
17623,17625
17624,17626
17625,17627
17626,17628
17627,17629
17628,17630
17629,17631
17630,17632
17631,17633
17632,17634
17633,17635
17634,17636
17635,17637
17636,17638
17637,17639
17638,17640
17639,17641
17640,17642
17641,17643
17642,17644
17643,17645
17644,17646
17645,17647
17646,17648
17647,17649
17648,17650
17649,17651
17650,17652
17651,17653
17652,17654
17653,17655
17654,17656
17655,17657
17656,17658
17657,17659
17658,17660
17659,17661
17660,17662
17661,17663
17662,17664
17663,17665
17664,17666
17665,17667
17666,17668
17667,17669
17668,17670
17669,17671
17670,17672
17671,17673
17672,17674
17673,17675
17674,17676
17675,17677
17676,17678
17677,17679
17678,17680
17679,17681
17680,17682
17681,17683
17682,17684
17683,17685
17684,17686
17685,17687
17686,17688
17687,17689
17688,17690
17689,17691
17690,17692
17691,17693
17692,17694
17693,17695
17694,17696
17695,17697
17696,17698
17697,17699
17698,17700
17699,17701
17700,17702
17701,17703
17702,17704
17703,17705
17704,17706
17705,17707
17706,17708
17707,17709
17708,17710
17709,17711
17710,17712
17711,17713
17712,17714
17713,17715
17714,17716
17715,17717
17716,17718
17717,17719
17718,17720
17719,17721
17720,17722
17721,17723
17722,17724
17723,17725
17724,17726
17725,17727
17726,17728
17727,17729
17728,17730
17729,17731
17730,17732
17731,17733
17732,17734
17733,17735
17734,17736
17735,17737
17736,17738
17737,17739
17738,17740
17739,17741
17740,17742
17741,17743
17742,17744
17743,17745
17744,17746
17745,17747
17746,17748
17747,17749
17748,17750
17749,17751
17750,17752
17751,17753
17752,17754
17753,17755
17754,17756
17755,17757
17756,17758
17757,17759
17758,17760
17759,17761
17760,17762
17761,17763
17762,17764
17763,17765
17764,17766
17765,17767
17766,17768
17767,17769
17768,17770
17769,17771
17770,17772
17771,17773
17772,17774
17773,17775
17774,17776
17775,17777
17776,17778
17777,17779
17778,17780
17779,17781
17780,17782
17781,17783
17782,17784
17783,17785
17784,17786
17785,17787
17786,17788
17787,17789
17788,17790
17789,17791
17790,17792
17791,17793
17792,17794
17793,17795
17794,17796
17795,17797
17796,17798
17797,17799
17798,17800
17799,17801
17800,17802
17801,17803
17802,17804
17803,17805
17804,17806
17805,17807
17806,17808
17807,17809
17808,17810
17809,17811
17810,17812
17811,17813
17812,17814
17813,17815
17814,17816
17815,17817
17816,17818
17817,17819
17818,17820
17819,17821
17820,17822
17821,17823
17822,17824
17823,17825
17824,17826
17825,17827
17826,17828
17827,17829
17828,17830
17829,17831
17830,17832
17831,17833
17832,17834
17833,17835
17834,17836
17835,17837
17836,17838
17837,17839
17838,17840
17839,17841
17840,17842
17841,17843
17842,17844
17843,17845
17844,17846
17845,17847
17846,17848
17847,17849
17848,17850
17849,17851
17850,17852
17851,17853
17852,17854
17853,17855
17854,17856
17855,17857
17856,17858
17857,17859
17858,17860
17859,17861
17860,17862
17861,17863
17862,17864
17863,17865
17864,17866
17865,17867
17866,17868
17867,17869
17868,17870
17869,17871
17870,17872
17871,17873
17872,17874
17873,17875
17874,17876
17875,17877
17876,17878
17877,17879
17878,17880
17879,17881
17880,17882
17881,17883
17882,17884
17883,17885
17884,17886
17885,17887
17886,17888
17887,17889
17888,17890
17889,17891
17890,17892
17891,17893
17892,17894
17893,17895
17894,17896
17895,17897
17896,17898
17897,17899
17898,17900
17899,17901
17900,17902
17901,17903
17902,17904
17903,17905
17904,17906
17905,17907
17906,17908
17907,17909
17908,17910
17909,17911
17910,17912
17911,17913
17912,17914
17913,17915
17914,17916
17915,17917
17916,17918
17917,17919
17918,17920
17919,17921
17920,17922
17921,17923
17922,17924
17923,17925
17924,17926
17925,17927
17926,17928
17927,17929
17928,17930
17929,17931
17930,17932
17931,17933
17932,17934
17933,17935
17934,17936
17935,17937
17936,17938
17937,17939
17938,17940
17939,17941
17940,17942
17941,17943
17942,17944
17943,17945
17944,17946
17945,17947
17946,17948
17947,17949
17948,17950
17949,17951
17950,17952
17951,17953
17952,17954
17953,17955
17954,17956
17955,17957
17956,17958
17957,17959
17958,17960
17959,17961
17960,17962
17961,17963
17962,17964
17963,17965
17964,17966
17965,17967
17966,17968
17967,17969
17968,17970
17969,17971
17970,17972
17971,17973
17972,17974
17973,17975
17974,17976
17975,17977
17976,17978
17977,17979
17978,17980
17979,17981
17980,17982
17981,17983
17982,17984
17983,17985
17984,17986
17985,17987
17986,17988
17987,17989
17988,17990
17989,17991
17990,17992
17991,17993
17992,17994
17993,17995
17994,17996
17995,17997
17996,17998
17997,17999
17998,18000
17999,18001
18000,18002
18001,18003
18002,18004
18003,18005
18004,18006
18005,18007
18006,18008
18007,18009
18008,18010
18009,18011
18010,18012
18011,18013
18012,18014
18013,18015
18014,18016
18015,18017
18016,18018
18017,18019
18018,18020
18019,18021
18020,18022
18021,18023
18022,18024
18023,18025
18024,18026
18025,18027
18026,18028
18027,18029
18028,18030
18029,18031
18030,18032
18031,18033
18032,18034
18033,18035
18034,18036
18035,18037
18036,18038
18037,18039
18038,18040
18039,18041
18040,18042
18041,18043
18042,18044
18043,18045
18044,18046
18045,18047
18046,18048
18047,18049
18048,18050
18049,18051
18050,18052
18051,18053
18052,18054
18053,18055
18054,18056
18055,18057
18056,18058
18057,18059
18058,18060
18059,18061
18060,18062
18061,18063
18062,18064
18063,18065
18064,18066
18065,18067
18066,18068
18067,18069
18068,18070
18069,18071
18070,18072
18071,18073
18072,18074
18073,18075
18074,18076
18075,18077
18076,18078
18077,18079
18078,18080
18079,18081
18080,18082
18081,18083
18082,18084
18083,18085
18084,18086
18085,18087
18086,18088
18087,18089
18088,18090
18089,18091
18090,18092
18091,18093
18092,18094
18093,18095
18094,18096
18095,18097
18096,18098
18097,18099
18098,18100
18099,18101
18100,18102
18101,18103
18102,18104
18103,18105
18104,18106
18105,18107
18106,18108
18107,18109
18108,18110
18109,18111
18110,18112
18111,18113
18112,18114
18113,18115
18114,18116
18115,18117
18116,18118
18117,18119
18118,18120
18119,18121
18120,18122
18121,18123
18122,18124
18123,18125
18124,18126
18125,18127
18126,18128
18127,18129
18128,18130
18129,18131
18130,18132
18131,18133
18132,18134
18133,18135
18134,18136
18135,18137
18136,18138
18137,18139
18138,18140
18139,18141
18140,18142
18141,18143
18142,18144
18143,18145
18144,18146
18145,18147
18146,18148
18147,18149
18148,18150
18149,18151
18150,18152
18151,18153
18152,18154
18153,18155
18154,18156
18155,18157
18156,18158
18157,18159
18158,18160
18159,18161
18160,18162
18161,18163
18162,18164
18163,18165
18164,18166
18165,18167
18166,18168
18167,18169
18168,18170
18169,18171
18170,18172
18171,18173
18172,18174
18173,18175
18174,18176
18175,18177
18176,18178
18177,18179
18178,18180
18179,18181
18180,18182
18181,18183
18182,18184
18183,18185
18184,18186
18185,18187
18186,18188
18187,18189
18188,18190
18189,18191
18190,18192
18191,18193
18192,18194
18193,18195
18194,18196
18195,18197
18196,18198
18197,18199
18198,18200
18199,18201
18200,18202
18201,18203
18202,18204
18203,18205
18204,18206
18205,18207
18206,18208
18207,18209
18208,18210
18209,18211
18210,18212
18211,18213
18212,18214
18213,18215
18214,18216
18215,18217
18216,18218
18217,18219
18218,18220
18219,18221
18220,18222
18221,18223
18222,18224
18223,18225
18224,18226
18225,18227
18226,18228
18227,18229
18228,18230
18229,18231
18230,18232
18231,18233
18232,18234
18233,18235
18234,18236
18235,18237
18236,18238
18237,18239
18238,18240
18239,18241
18240,18242
18241,18243
18242,18244
18243,18245
18244,18246
18245,18247
18246,18248
18247,18249
18248,18250
18249,18251
18250,18252
18251,18253
18252,18254
18253,18255
18254,18256
18255,18257
18256,18258
18257,18259
18258,18260
18259,18261
18260,18262
18261,18263
18262,18264
18263,18265
18264,18266
18265,18267
18266,18268
18267,18269
18268,18270
18269,18271
18270,18272
18271,18273
18272,18274
18273,18275
18274,18276
18275,18277
18276,18278
18277,18279
18278,18280
18279,18281
18280,18282
18281,18283
18282,18284
18283,18285
18284,18286
18285,18287
18286,18288
18287,18289
18288,18290
18289,18291
18290,18292
18291,18293
18292,18294
18293,18295
18294,18296
18295,18297
18296,18298
18297,18299
18298,18300
18299,18301
18300,18302
18301,18303
18302,18304
18303,18305
18304,18306
18305,18307
18306,18308
18307,18309
18308,18310
18309,18311
18310,18312
18311,18313
18312,18314
18313,18315
18314,18316
18315,18317
18316,18318
18317,18319
18318,18320
18319,18321
18320,18322
18321,18323
18322,18324
18323,18325
18324,18326
18325,18327
18326,18328
18327,18329
18328,18330
18329,18331
18330,18332
18331,18333
18332,18334
18333,18335
18334,18336
18335,18337
18336,18338
18337,18339
18338,18340
18339,18341
18340,18342
18341,18343
18342,18344
18343,18345
18344,18346
18345,18347
18346,18348
18347,18349
18348,18350
18349,18351
18350,18352
18351,18353
18352,18354
18353,18355
18354,18356
18355,18357
18356,18358
18357,18359
18358,18360
18359,18361
18360,18362
18361,18363
18362,18364
18363,18365
18364,18366
18365,18367
18366,18368
18367,18369
18368,18370
18369,18371
18370,18372
18371,18373
18372,18374
18373,18375
18374,18376
18375,18377
18376,18378
18377,18379
18378,18380
18379,18381
18380,18382
18381,18383
18382,18384
18383,18385
18384,18386
18385,18387
18386,18388
18387,18389
18388,18390
18389,18391
18390,18392
18391,18393
18392,18394
18393,18395
18394,18396
18395,18397
18396,18398
18397,18399
18398,18400
18399,18401
18400,18402
18401,18403
18402,18404
18403,18405
18404,18406
18405,18407
18406,18408
18407,18409
18408,18410
18409,18411
18410,18412
18411,18413
18412,18414
18413,18415
18414,18416
18415,18417
18416,18418
18417,18419
18418,18420
18419,18421
18420,18422
18421,18423
18422,18424
18423,18425
18424,18426
18425,18427
18426,18428
18427,18429
18428,18430
18429,18431
18430,0
18431,1
18432,2
18433,3
18434,4
18435,5
18436,6
18437,7
18438,8
18439,9
18440,10
18441,11
18442,12
18443,13
18444,14
18445,15
18446,16
18447,17
18448,18
18449,19
18450,20
18451,21
18452,22
18453,23
18454,24
18455,25
18456,26
18457,27
18458,28
18459,29
18460,30
18461,31
18462,32
18463,33
18464,34
18465,35
18466,36
18467,37
18468,38
18469,39
18470,40
18471,41
18472,42
18473,43
18474,44
18475,45
18476,46
18477,47
18478,48
18479,49
18480,50
18481,51
18482,52
18483,53
18484,54
18485,55
18486,56
18487,57
18488,58
18489,59
18490,60
18491,61
18492,62
18493,63
18494,64
18495,65
18496,66
18497,67
18498,68
18499,69
18500,70
18501,71
18502,72
18503,73
18504,74
18505,75
18506,76
18507,77
18508,78
18509,79
18510,80
18511,81
18512,82
18513,83
18514,84
18515,85
18516,86
18517,87
18518,88
18519,89
18520,90
18521,91
18522,92
18523,93
18524,94
18525,95
18526,96
18527,97
18528,98
18529,99
18530,100
18531,101
18532,102
18533,103
18534,104
18535,105
18536,106
18537,107
18538,108
18539,109
18540,110
18541,111
18542,112
18543,113
18544,114
18545,115
18546,116
18547,117
18548,118
18549,119
18550,120
18551,121
18552,122
18553,123
18554,124
18555,125
18556,126
18557,127
18558,128
18559,129
18560,130
18561,131
18562,132
18563,133
18564,134
18565,135
18566,136
18567,137
18568,138
18569,139
18570,140
18571,141
18572,142
18573,143
18574,144
18575,145
18576,146
18577,147
18578,148
18579,149
18580,150
18581,151
18582,152
18583,153
18584,154
18585,155
18586,156
18587,157
18588,158
18589,159
18590,160
18591,161
18592,162
18593,163
18594,164
18595,165
18596,166
18597,167
18598,168
18599,169
18600,170
18601,171
18602,172
18603,173
18604,174
18605,175
18606,176
18607,177
18608,178
18609,179
18610,180
18611,181
18612,182
18613,183
18614,184
18615,185
18616,186
18617,187
18618,188
18619,189
18620,190
18621,191
18622,192
18623,193
18624,194
18625,195
18626,196
18627,197
18628,198
18629,199
18630,200
18631,201
18632,202
18633,203
18634,204
18635,205
18636,206
18637,207
18638,208
18639,209
18640,210
18641,211
18642,212
18643,213
18644,214
18645,215
18646,216
18647,217
18648,218
18649,219
18650,220
18651,221
18652,222
18653,223
18654,224
18655,225
18656,226
18657,227
18658,228
18659,229
18660,230
18661,231
18662,232
18663,233
18664,234
18665,235
18666,236
18667,237
18668,238
18669,239
18670,240
18671,241
18672,242
18673,243
18674,244
18675,245
18676,246
18677,247
18678,248
18679,249
18680,250
18681,251
18682,252
18683,253
18684,254
18685,255
18686,256
18687,257
18688,258
18689,259
18690,260
18691,261
18692,262
18693,263
18694,264
18695,265
18696,266
18697,267
18698,268
18699,269
18700,270
18701,271
18702,272
18703,273
18704,274
18705,275
18706,276
18707,277
18708,278
18709,279
18710,280
18711,281
18712,282
18713,283
18714,284
18715,285
18716,286
18717,287
18718,288
18719,289
18720,290
18721,291
18722,292
18723,293
18724,294
18725,295
18726,296
18727,297
18728,298
18729,299
18730,300
18731,301
18732,302
18733,303
18734,304
18735,305
18736,306
18737,307
18738,308
18739,309
18740,310
18741,311
18742,312
18743,313
18744,314
18745,315
18746,316
18747,317
18748,318
18749,319
18750,320
18751,321
18752,322
18753,323
18754,324
18755,325
18756,326
18757,327
18758,328
18759,329
18760,330
18761,331
18762,332
18763,333
18764,334
18765,335
18766,336
18767,337
18768,338
18769,339
18770,340
18771,341
18772,342
18773,343
18774,344
18775,345
18776,346
18777,347
18778,348
18779,349
18780,350
18781,351
18782,352
18783,353
18784,354
18785,355
18786,356
18787,357
18788,358
18789,359
18790,360
18791,361
18792,362
18793,363
18794,364
18795,365
18796,366
18797,367
18798,368
18799,369
18800,370
18801,371
18802,372
18803,373
18804,374
18805,375
18806,376
18807,377
18808,378
18809,379
18810,380
18811,381
18812,382
18813,383
18814,384
18815,385
18816,386
18817,387
18818,388
18819,389
18820,390
18821,391
18822,392
18823,393
18824,394
18825,395
18826,396
18827,397
18828,398
18829,399
18830,400
18831,401
18832,402
18833,403
18834,404
18835,405
18836,406
18837,407
18838,408
18839,409
18840,410
18841,411
18842,412
18843,413
18844,414
18845,415
18846,416
18847,417
18848,418
18849,419
18850,420
18851,421
18852,422
18853,423
18854,424
18855,425
18856,426
18857,427
18858,428
18859,429
18860,430
18861,431
18862,432
18863,433
18864,434
18865,435
18866,436
18867,437
18868,438
18869,439
18870,440
18871,441
18872,442
18873,443
18874,444
18875,445
18876,446
18877,447
18878,448
18879,449
18880,450
18881,451
18882,452
18883,453
18884,454
18885,455
18886,456
18887,457
18888,458
18889,459
18890,460
18891,461
18892,462
18893,463
18894,464
18895,465
18896,466
18897,467
18898,468
18899,469
18900,470
18901,471
18902,472
18903,473
18904,474
18905,475
18906,476
18907,477
18908,478
18909,479
18910,480
18911,481
18912,482
18913,483
18914,484
18915,485
18916,486
18917,487
18918,488
18919,489
18920,490
18921,491
18922,492
18923,493
18924,494
18925,495
18926,496
18927,497
18928,498
18929,499
18930,500
18931,501
18932,502
18933,503
18934,504
18935,505
18936,506
18937,507
18938,508
18939,509
18940,510
18941,511
18942,512
18943,513
18944,514
18945,515
18946,516
18947,517
18948,518
18949,519
18950,520
18951,521
18952,522
18953,523
18954,524
18955,525
18956,526
18957,527
18958,528
18959,529
18960,530
18961,531
18962,532
18963,533
18964,534
18965,535
18966,536
18967,537
18968,538
18969,539
18970,540
18971,541
18972,542
18973,543
18974,544
18975,545
18976,546
18977,547
18978,548
18979,549
18980,550
18981,551
18982,552
18983,553
18984,554
18985,555
18986,556
18987,557
18988,558
18989,559
18990,560
18991,561
18992,562
18993,563
18994,564
18995,565
18996,566
18997,567
18998,568
18999,569
19000,570
19001,571
19002,572
19003,573
19004,574
19005,575
19006,576
19007,577
19008,578
19009,579
19010,580
19011,581
19012,582
19013,583
19014,584
19015,585
19016,586
19017,587
19018,588
19019,589
19020,590
19021,591
19022,592
19023,593
19024,594
19025,595
19026,596
19027,597
19028,598
19029,599
19030,600
19031,601
19032,602
19033,603
19034,604
19035,605
19036,606
19037,607
19038,608
19039,609
19040,610
19041,611
19042,612
19043,613
19044,614
19045,615
19046,616
19047,617
19048,618
19049,619
19050,620
19051,621
19052,622
19053,623
19054,624
19055,625
19056,626
19057,627
19058,628
19059,629
19060,630
19061,631
19062,632
19063,633
19064,634
19065,635
19066,636
19067,637
19068,638
19069,639
19070,640
19071,641
19072,642
19073,643
19074,644
19075,645
19076,646
19077,647
19078,648
19079,649
19080,650
19081,651
19082,652
19083,653
19084,654
19085,655
19086,656
19087,657
19088,658
19089,659
19090,660
19091,661
19092,662
19093,663
19094,664
19095,665
19096,666
19097,667
19098,668
19099,669
19100,670
19101,671
19102,672
19103,673
19104,674
19105,675
19106,676
19107,677
19108,678
19109,679
19110,680
19111,681
19112,682
19113,683
19114,684
19115,685
19116,686
19117,687
19118,688
19119,689
19120,690
19121,691
19122,692
19123,693
19124,694
19125,695
19126,696
19127,697
19128,698
19129,699
19130,700
19131,701
19132,702
19133,703
19134,704
19135,705
19136,706
19137,707
19138,708
19139,709
19140,710
19141,711
19142,712
19143,713
19144,714
19145,715
19146,716
19147,717
19148,718
19149,719
19150,720
19151,721
19152,722
19153,723
19154,724
19155,725
19156,726
19157,727
19158,728
19159,729
19160,730
19161,731
19162,732
19163,733
19164,734
19165,735
19166,736
19167,737
19168,738
19169,739
19170,740
19171,741
19172,742
19173,743
19174,744
19175,745
19176,746
19177,747
19178,748
19179,749
19180,750
19181,751
19182,752
19183,753
19184,754
19185,755
19186,756
19187,757
19188,758
19189,759
19190,760
19191,761
19192,762
19193,763
19194,764
19195,765
19196,766
19197,767
19198,768
19199,769
19200,770
19201,771
19202,772
19203,773
19204,774
19205,775
19206,776
19207,777
19208,778
19209,779
19210,780
19211,781
19212,782
19213,783
19214,784
19215,785
19216,786
19217,787
19218,788
19219,789
19220,790
19221,791
19222,792
19223,793
19224,794
19225,795
19226,796
19227,797
19228,798
19229,799
19230,800
19231,801
19232,802
19233,803
19234,804
19235,805
19236,806
19237,807
19238,808
19239,809
19240,810
19241,811
19242,812
19243,813
19244,814
19245,815
19246,816
19247,817
19248,818
19249,819
19250,820
19251,821
19252,822
19253,823
19254,824
19255,825
19256,826
19257,827
19258,828
19259,829
19260,830
19261,831
19262,832
19263,833
19264,834
19265,835
19266,836
19267,837
19268,838
19269,839
19270,840
19271,841
19272,842
19273,843
19274,844
19275,845
19276,846
19277,847
19278,848
19279,849
19280,850
19281,851
19282,852
19283,853
19284,854
19285,855
19286,856
19287,857
19288,858
19289,859
19290,860
19291,861
19292,862
19293,863
19294,864
19295,865
19296,866
19297,867
19298,868
19299,869
19300,870
19301,871
19302,872
19303,873
19304,874
19305,875
19306,876
19307,877
19308,878
19309,879
19310,880
19311,881
19312,882
19313,883
19314,884
19315,885
19316,886
19317,887
19318,888
19319,889
19320,890
19321,891
19322,892
19323,893
19324,894
19325,895
19326,896
19327,897
19328,898
19329,899
19330,900
19331,901
19332,902
19333,903
19334,904
19335,905
19336,906
19337,907
19338,908
19339,909
19340,910
19341,911
19342,912
19343,913
19344,914
19345,915
19346,916
19347,917
19348,918
19349,919
19350,920
19351,921
19352,922
19353,923
19354,924
19355,925
19356,926
19357,927
19358,928
19359,929
19360,930
19361,931
19362,932
19363,933
19364,934
19365,935
19366,936
19367,937
19368,938
19369,939
19370,940
19371,941
19372,942
19373,943
19374,944
19375,945
19376,946
19377,947
19378,948
19379,949
19380,950
19381,951
19382,952
19383,953
19384,954
19385,955
19386,956
19387,957
19388,958
19389,959
19390,960
19391,961
19392,962
19393,963
19394,964
19395,965
19396,966
19397,967
19398,968
19399,969
19400,970
19401,971
19402,972
19403,973
19404,974
19405,975
19406,976
19407,977
19408,978
19409,979
19410,980
19411,981
19412,982
19413,983
19414,984
19415,985
19416,986
19417,987
19418,988
19419,989
19420,990
19421,991
19422,992
19423,993
19424,994
19425,995
19426,996
19427,997
19428,998
19429,999
19430,1000
19431,1001
19432,1002
19433,1003
19434,1004
19435,1005
19436,1006
19437,1007
19438,1008
19439,1009
19440,1010
19441,1011
19442,1012
19443,1013
19444,1014
19445,1015
19446,1016
19447,1017
19448,1018
19449,1019
19450,1020
19451,1021
19452,1022
19453,1023
19454,1024
19455,1025
19456,1026
19457,1027
19458,1028
19459,1029
19460,1030
19461,1031
19462,1032
19463,1033
19464,1034
19465,1035
19466,1036
19467,1037
19468,1038
19469,1039
19470,1040
19471,1041
19472,1042
19473,1043
19474,1044
19475,1045
19476,1046
19477,1047
19478,1048
19479,1049
19480,1050
19481,1051
19482,1052
19483,1053
19484,1054
19485,1055
19486,1056
19487,1057
19488,1058
19489,1059
19490,1060
19491,1061
19492,1062
19493,1063
19494,1064
19495,1065
19496,1066
19497,1067
19498,1068
19499,1069
19500,1070
19501,1071
19502,1072
19503,1073
19504,1074
19505,1075
19506,1076
19507,1077
19508,1078
19509,1079
19510,1080
19511,1081
19512,1082
19513,1083
19514,1084
19515,1085
19516,1086
19517,1087
19518,1088
19519,1089
19520,1090
19521,1091
19522,1092
19523,1093
19524,1094
19525,1095
19526,1096
19527,1097
19528,1098
19529,1099
19530,1100
19531,1101
19532,1102
19533,1103
19534,1104
19535,1105
19536,1106
19537,1107
19538,1108
19539,1109
19540,1110
19541,1111
19542,1112
19543,1113
19544,1114
19545,1115
19546,1116
19547,1117
19548,1118
19549,1119
19550,1120
19551,1121
19552,1122
19553,1123
19554,1124
19555,1125
19556,1126
19557,1127
19558,1128
19559,1129
19560,1130
19561,1131
19562,1132
19563,1133
19564,1134
19565,1135
19566,1136
19567,1137
19568,1138
19569,1139
19570,1140
19571,1141
19572,1142
19573,1143
19574,1144
19575,1145
19576,1146
19577,1147
19578,1148
19579,1149
19580,1150
19581,1151
19582,1152
19583,1153
19584,1154
19585,1155
19586,1156
19587,1157
19588,1158
19589,1159
19590,1160
19591,1161
19592,1162
19593,1163
19594,1164
19595,1165
19596,1166
19597,1167
19598,1168
19599,1169
19600,1170
19601,1171
19602,1172
19603,1173
19604,1174
19605,1175
19606,1176
19607,1177
19608,1178
19609,1179
19610,1180
19611,1181
19612,1182
19613,1183
19614,1184
19615,1185
19616,1186
19617,1187
19618,1188
19619,1189
19620,1190
19621,1191
19622,1192
19623,1193
19624,1194
19625,1195
19626,1196
19627,1197
19628,1198
19629,1199
19630,1200
19631,1201
19632,1202
19633,1203
19634,1204
19635,1205
19636,1206
19637,1207
19638,1208
19639,1209
19640,1210
19641,1211
19642,1212
19643,1213
19644,1214
19645,1215
19646,1216
19647,1217
19648,1218
19649,1219
19650,1220
19651,1221
19652,1222
19653,1223
19654,1224
19655,1225
19656,1226
19657,1227
19658,1228
19659,1229
19660,1230
19661,1231
19662,1232
19663,1233
19664,1234
19665,1235
19666,1236
19667,1237
19668,1238
19669,1239
19670,1240
19671,1241
19672,1242
19673,1243
19674,1244
19675,1245
19676,1246
19677,1247
19678,1248
19679,1249
19680,1250
19681,1251
19682,1252
19683,1253
19684,1254
19685,1255
19686,1256
19687,1257
19688,1258
19689,1259
19690,1260
19691,1261
19692,1262
19693,1263
19694,1264
19695,1265
19696,1266
19697,1267
19698,1268
19699,1269
19700,1270
19701,1271
19702,1272
19703,1273
19704,1274
19705,1275
19706,1276
19707,1277
19708,1278
19709,1279
19710,1280
19711,1281
19712,1282
19713,1283
19714,1284
19715,1285
19716,1286
19717,1287
19718,1288
19719,1289
19720,1290
19721,1291
19722,1292
19723,1293
19724,1294
19725,1295
19726,1296
19727,1297
19728,1298
19729,1299
19730,1300
19731,1301
19732,1302
19733,1303
19734,1304
19735,1305
19736,1306
19737,1307
19738,1308
19739,1309
19740,1310
19741,1311
19742,1312
19743,1313
19744,1314
19745,1315
19746,1316
19747,1317
19748,1318
19749,1319
19750,1320
19751,1321
19752,1322
19753,1323
19754,1324
19755,1325
19756,1326
19757,1327
19758,1328
19759,1329
19760,1330
19761,1331
19762,1332
19763,1333
19764,1334
19765,1335
19766,1336
19767,1337
19768,1338
19769,1339
19770,1340
19771,1341
19772,1342
19773,1343
19774,1344
19775,1345
19776,1346
19777,1347
19778,1348
19779,1349
19780,1350
19781,1351
19782,1352
19783,1353
19784,1354
19785,1355
19786,1356
19787,1357
19788,1358
19789,1359
19790,1360
19791,1361
19792,1362
19793,1363
19794,1364
19795,1365
19796,1366
19797,1367
19798,1368
19799,1369
19800,1370
19801,1371
19802,1372
19803,1373
19804,1374
19805,1375
19806,1376
19807,1377
19808,1378
19809,1379
19810,1380
19811,1381
19812,1382
19813,1383
19814,1384
19815,1385
19816,1386
19817,1387
19818,1388
19819,1389
19820,1390
19821,1391
19822,1392
19823,1393
19824,1394
19825,1395
19826,1396
19827,1397
19828,1398
19829,1399
19830,1400
19831,1401
19832,1402
19833,1403
19834,1404
19835,1405
19836,1406
19837,1407
19838,1408
19839,1409
19840,1410
19841,1411
19842,1412
19843,1413
19844,1414
19845,1415
19846,1416
19847,1417
19848,1418
19849,1419
19850,1420
19851,1421
19852,1422
19853,1423
19854,1424
19855,1425
19856,1426
19857,1427
19858,1428
19859,1429
19860,1430
19861,1431
19862,1432
19863,1433
19864,1434
19865,1435
19866,1436
19867,1437
19868,1438
19869,1439
19870,1440
19871,1441
19872,1442
19873,1443
19874,1444
19875,1445
19876,1446
19877,1447
19878,1448
19879,1449
19880,1450
19881,1451
19882,1452
19883,1453
19884,1454
19885,1455
19886,1456
19887,1457
19888,1458
19889,1459
19890,1460
19891,1461
19892,1462
19893,1463
19894,1464
19895,1465
19896,1466
19897,1467
19898,1468
19899,1469
19900,1470
19901,1471
19902,1472
19903,1473
19904,1474
19905,1475
19906,1476
19907,1477
19908,1478
19909,1479
19910,1480
19911,1481
19912,1482
19913,1483
19914,1484
19915,1485
19916,1486
19917,1487
19918,1488
19919,1489
19920,1490
19921,1491
19922,1492
19923,1493
19924,1494
19925,1495
19926,1496
19927,1497
19928,1498
19929,1499
19930,1500
19931,1501
19932,1502
19933,1503
19934,1504
19935,1505
19936,1506
19937,1507
19938,1508
19939,1509
19940,1510
19941,1511
19942,1512
19943,1513
19944,1514
19945,1515
19946,1516
19947,1517
19948,1518
19949,1519
19950,1520
19951,1521
19952,1522
19953,1523
19954,1524
19955,1525
19956,1526
19957,1527
19958,1528
19959,1529
19960,1530
19961,1531
19962,1532
19963,1533
19964,1534
19965,1535
19966,1536
19967,1537
19968,1538
19969,1539
19970,1540
19971,1541
19972,1542
19973,1543
19974,1544
19975,1545
19976,1546
19977,1547
19978,1548
19979,1549
19980,1550
19981,1551
19982,1552
19983,1553
19984,1554
19985,1555
19986,1556
19987,1557
19988,1558
19989,1559
19990,1560
19991,1561
19992,1562
19993,1563
19994,1564
19995,1565
19996,1566
19997,1567
19998,1568
19999,1569
20000,1570
20001,1571
20002,1572
20003,1573
20004,1574
20005,1575
20006,1576
20007,1577
20008,1578
20009,1579
20010,1580
20011,1581
20012,1582
20013,1583
20014,1584
20015,1585
20016,1586
20017,1587
20018,1588
20019,1589
20020,1590
20021,1591
20022,1592
20023,1593
20024,1594
20025,1595
20026,1596
20027,1597
20028,1598
20029,1599
20030,1600
20031,1601
20032,1602
20033,1603
20034,1604
20035,1605
20036,1606
20037,1607
20038,1608
20039,1609
20040,1610
20041,1611
20042,1612
20043,1613
20044,1614
20045,1615
20046,1616
20047,1617
20048,1618
20049,1619
20050,1620
20051,1621
20052,1622
20053,1623
20054,1624
20055,1625
20056,1626
20057,1627
20058,1628
20059,1629
20060,1630
20061,1631
20062,1632
20063,1633
20064,1634
20065,1635
20066,1636
20067,1637
20068,1638
20069,1639
20070,1640
20071,1641
20072,1642
20073,1643
20074,1644
20075,1645
20076,1646
20077,1647
20078,1648
20079,1649
20080,1650
20081,1651
20082,1652
20083,1653
20084,1654
20085,1655
20086,1656
20087,1657
20088,1658
20089,1659
20090,1660
20091,1661
20092,1662
20093,1663
20094,1664
20095,1665
20096,1666
20097,1667
20098,1668
20099,1669
20100,1670
20101,1671
20102,1672
20103,1673
20104,1674
20105,1675
20106,1676
20107,1677
20108,1678
20109,1679
20110,1680
20111,1681
20112,1682
20113,1683
20114,1684
20115,1685
20116,1686
20117,1687
20118,1688
20119,1689
20120,1690
20121,1691
20122,1692
20123,1693
20124,1694
20125,1695
20126,1696
20127,1697
20128,1698
20129,1699
20130,1700
20131,1701
20132,1702
20133,1703
20134,1704
20135,1705
20136,1706
20137,1707
20138,1708
20139,1709
20140,1710
20141,1711
20142,1712
20143,1713
20144,1714
20145,1715
20146,1716
20147,1717
20148,1718
20149,1719
20150,1720
20151,1721
20152,1722
20153,1723
20154,1724
20155,1725
20156,1726
20157,1727
20158,1728
20159,1729
20160,1730
20161,1731
20162,1732
20163,1733
20164,1734
20165,1735
20166,1736
20167,1737
20168,1738
20169,1739
20170,1740
20171,1741
20172,1742
20173,1743
20174,1744
20175,1745
20176,1746
20177,1747
20178,1748
20179,1749
20180,1750
20181,1751
20182,1752
20183,1753
20184,1754
20185,1755
20186,1756
20187,1757
20188,1758
20189,1759
20190,1760
20191,1761
20192,1762
20193,1763
20194,1764
20195,1765
20196,1766
20197,1767
20198,1768
20199,1769
20200,1770
20201,1771
20202,1772
20203,1773
20204,1774
20205,1775
20206,1776
20207,1777
20208,1778
20209,1779
20210,1780
20211,1781
20212,1782
20213,1783
20214,1784
20215,1785
20216,1786
20217,1787
20218,1788
20219,1789
20220,1790
20221,1791
20222,1792
20223,1793
20224,1794
20225,1795
20226,1796
20227,1797
20228,1798
20229,1799
20230,1800
20231,1801
20232,1802
20233,1803
20234,1804
20235,1805
20236,1806
20237,1807
20238,1808
20239,1809
20240,1810
20241,1811
20242,1812
20243,1813
20244,1814
20245,1815
20246,1816
20247,1817
20248,1818
20249,1819
20250,1820
20251,1821
20252,1822
20253,1823
20254,1824
20255,1825
20256,1826
20257,1827
20258,1828
20259,1829
20260,1830
20261,1831
20262,1832
20263,1833
20264,1834
20265,1835
20266,1836
20267,1837
20268,1838
20269,1839
20270,1840
20271,1841
20272,1842
20273,1843
20274,1844
20275,1845
20276,1846
20277,1847
20278,1848
20279,1849
20280,1850
20281,1851
20282,1852
20283,1853
20284,1854
20285,1855
20286,1856
20287,1857
20288,1858
20289,1859
20290,1860
20291,1861
20292,1862
20293,1863
20294,1864
20295,1865
20296,1866
20297,1867
20298,1868
20299,1869
20300,1870
20301,1871
20302,1872
20303,1873
20304,1874
20305,1875
20306,1876
20307,1877
20308,1878
20309,1879
20310,1880
20311,1881
20312,1882
20313,1883
20314,1884
20315,1885
20316,1886
20317,1887
20318,1888
20319,1889
20320,1890
20321,1891
20322,1892
20323,1893
20324,1894
20325,1895
20326,1896
20327,1897
20328,1898
20329,1899
20330,1900
20331,1901
20332,1902
20333,1903
20334,1904
20335,1905
20336,1906
20337,1907
20338,1908
20339,1909
20340,1910
20341,1911
20342,1912
20343,1913
20344,1914
20345,1915
20346,1916
20347,1917
20348,1918
20349,1919
20350,1920
20351,1921
20352,1922
20353,1923
20354,1924
20355,1925
20356,1926
20357,1927
20358,1928
20359,1929
20360,1930
20361,1931
20362,1932
20363,1933
20364,1934
20365,1935
20366,1936
20367,1937
20368,1938
20369,1939
20370,1940
20371,1941
20372,1942
20373,1943
20374,1944
20375,1945
20376,1946
20377,1947
20378,1948
20379,1949
20380,1950
20381,1951
20382,1952
20383,1953
20384,1954
20385,1955
20386,1956
20387,1957
20388,1958
20389,1959
20390,1960
20391,1961
20392,1962
20393,1963
20394,1964
20395,1965
20396,1966
20397,1967
20398,1968
20399,1969
20400,1970
20401,1971
20402,1972
20403,1973
20404,1974
20405,1975
20406,1976
20407,1977
20408,1978
20409,1979
20410,1980
20411,1981
20412,1982
20413,1983
20414,1984
20415,1985
20416,1986
20417,1987
20418,1988
20419,1989
20420,1990
20421,1991
20422,1992
20423,1993
20424,1994
20425,1995
20426,1996
20427,1997
20428,1998
20429,1999
20430,2000
20431,2001
20432,2002
20433,2003
20434,2004
20435,2005
20436,2006
20437,2007
20438,2008
20439,2009
20440,2010
20441,2011
20442,2012
20443,2013
20444,2014
20445,2015
20446,2016
20447,2017
20448,2018
20449,2019
20450,2020
20451,2021
20452,2022
20453,2023
20454,2024
20455,2025
20456,2026
20457,2027
20458,2028
20459,2029
20460,2030
20461,2031
20462,2032
20463,2033
20464,2034
20465,2035
20466,2036
20467,2037
20468,2038
20469,2039
20470,2040
20471,2041
20472,2042
20473,2043
20474,2044
20475,2045
20476,2046
20477,2047
20478,2048
20479,2049
20480,2050
20481,2051
20482,2052
20483,2053
20484,2054
20485,2055
20486,2056
20487,2057
20488,2058
20489,2059
20490,2060
20491,2061
20492,2062
20493,2063
20494,2064
20495,2065
20496,2066
20497,2067
20498,2068
20499,2069
20500,2070
20501,2071
20502,2072
20503,2073
20504,2074
20505,2075
20506,2076
20507,2077
20508,2078
20509,2079
20510,2080
20511,2081
20512,2082
20513,2083
20514,2084
20515,2085
20516,2086
20517,2087
20518,2088
20519,2089
20520,2090
20521,2091
20522,2092
20523,2093
20524,2094
20525,2095
20526,2096
20527,2097
20528,2098
20529,2099
20530,2100
20531,2101
20532,2102
20533,2103
20534,2104
20535,2105
20536,2106
20537,2107
20538,2108
20539,2109
20540,2110
20541,2111
20542,2112
20543,2113
20544,2114
20545,2115
20546,2116
20547,2117
20548,2118
20549,2119
20550,2120
20551,2121
20552,2122
20553,2123
20554,2124
20555,2125
20556,2126
20557,2127
20558,2128
20559,2129
20560,2130
20561,2131
20562,2132
20563,2133
20564,2134
20565,2135
20566,2136
20567,2137
20568,2138
20569,2139
20570,2140
20571,2141
20572,2142
20573,2143
20574,2144
20575,2145
20576,2146
20577,2147
20578,2148
20579,2149
20580,2150
20581,2151
20582,2152
20583,2153
20584,2154
20585,2155
20586,2156
20587,2157
20588,2158
20589,2159
20590,2160
20591,2161
20592,2162
20593,2163
20594,2164
20595,2165
20596,2166
20597,2167
20598,2168
20599,2169
20600,2170
20601,2171
20602,2172
20603,2173
20604,2174
20605,2175
20606,2176
20607,2177
20608,2178
20609,2179
20610,2180
20611,2181
20612,2182
20613,2183
20614,2184
20615,2185
20616,2186
20617,2187
20618,2188
20619,2189
20620,2190
20621,2191
20622,2192
20623,2193
20624,2194
20625,2195
20626,2196
20627,2197
20628,2198
20629,2199
20630,2200
20631,2201
20632,2202
20633,2203
20634,2204
20635,2205
20636,2206
20637,2207
20638,2208
20639,2209
20640,2210
20641,2211
20642,2212
20643,2213
20644,2214
20645,2215
20646,2216
20647,2217
20648,2218
20649,2219
20650,2220
20651,2221
20652,2222
20653,2223
20654,2224
20655,2225
20656,2226
20657,2227
20658,2228
20659,2229
20660,2230
20661,2231
20662,2232
20663,2233
20664,2234
20665,2235
20666,2236
20667,2237
20668,2238
20669,2239
20670,2240
20671,2241
20672,2242
20673,2243
20674,2244
20675,2245
20676,2246
20677,2247
20678,2248
20679,2249
20680,2250
20681,2251
20682,2252
20683,2253
20684,2254
20685,2255
20686,2256
20687,2257
20688,2258
20689,2259
20690,2260
20691,2261
20692,2262
20693,2263
20694,2264
20695,2265
20696,2266
20697,2267
20698,2268
20699,2269
20700,2270
20701,2271
20702,2272
20703,2273
20704,2274
20705,2275
20706,2276
20707,2277
20708,2278
20709,2279
20710,2280
20711,2281
20712,2282
20713,2283
20714,2284
20715,2285
20716,2286
20717,2287
20718,2288
20719,2289
20720,2290
20721,2291
20722,2292
20723,2293
20724,2294
20725,2295
20726,2296
20727,2297
20728,2298
20729,2299
20730,2300
20731,2301
20732,2302
20733,2303
20734,2304
20735,2305
20736,2306
20737,2307
20738,2308
20739,2309
20740,2310
20741,2311
20742,2312
20743,2313
20744,2314
20745,2315
20746,2316
20747,2317
20748,2318
20749,2319
20750,2320
20751,2321
20752,2322
20753,2323
20754,2324
20755,2325
20756,2326
20757,2327
20758,2328
20759,2329
20760,2330
20761,2331
20762,2332
20763,2333
20764,2334
20765,2335
20766,2336
20767,2337
20768,2338
20769,2339
20770,2340
20771,2341
20772,2342
20773,2343
20774,2344
20775,2345
20776,2346
20777,2347
20778,2348
20779,2349
20780,2350
20781,2351
20782,2352
20783,2353
20784,2354
20785,2355
20786,2356
20787,2357
20788,2358
20789,2359
20790,2360
20791,2361
20792,2362
20793,2363
20794,2364
20795,2365
20796,2366
20797,2367
20798,2368
20799,2369
20800,2370
20801,2371
20802,2372
20803,2373
20804,2374
20805,2375
20806,2376
20807,2377
20808,2378
20809,2379
20810,2380
20811,2381
20812,2382
20813,2383
20814,2384
20815,2385
20816,2386
20817,2387
20818,2388
20819,2389
20820,2390
20821,2391
20822,2392
20823,2393
20824,2394
20825,2395
20826,2396
20827,2397
20828,2398
20829,2399
20830,2400
20831,2401
20832,2402
20833,2403
20834,2404
20835,2405
20836,2406
20837,2407
20838,2408
20839,2409
20840,2410
20841,2411
20842,2412
20843,2413
20844,2414
20845,2415
20846,2416
20847,2417
20848,2418
20849,2419
20850,2420
20851,2421
20852,2422
20853,2423
20854,2424
20855,2425
20856,2426
20857,2427
20858,2428
20859,2429
20860,2430
20861,2431
20862,2432
20863,2433
20864,2434
20865,2435
20866,2436
20867,2437
20868,2438
20869,2439
20870,2440
20871,2441
20872,2442
20873,2443
20874,2444
20875,2445
20876,2446
20877,2447
20878,2448
20879,2449
20880,2450
20881,2451
20882,2452
20883,2453
20884,2454
20885,2455
20886,2456
20887,2457
20888,2458
20889,2459
20890,2460
20891,2461
20892,2462
20893,2463
20894,2464
20895,2465
20896,2466
20897,2467
20898,2468
20899,2469
20900,2470
20901,2471
20902,2472
20903,2473
20904,2474
20905,2475
20906,2476
20907,2477
20908,2478
20909,2479
20910,2480
20911,2481
20912,2482
20913,2483
20914,2484
20915,2485
20916,2486
20917,2487
20918,2488
20919,2489
20920,2490
20921,2491
20922,2492
20923,2493
20924,2494
20925,2495
20926,2496
20927,2497
20928,2498
20929,2499
20930,2500
20931,2501
20932,2502
20933,2503
20934,2504
20935,2505
20936,2506
20937,2507
20938,2508
20939,2509
20940,2510
20941,2511
20942,2512
20943,2513
20944,2514
20945,2515
20946,2516
20947,2517
20948,2518
20949,2519
20950,2520
20951,2521
20952,2522
20953,2523
20954,2524
20955,2525
20956,2526
20957,2527
20958,2528
20959,2529
20960,2530
20961,2531
20962,2532
20963,2533
20964,2534
20965,2535
20966,2536
20967,2537
20968,2538
20969,2539
20970,2540
20971,2541
20972,2542
20973,2543
20974,2544
20975,2545
20976,2546
20977,2547
20978,2548
20979,2549
20980,2550
20981,2551
20982,2552
20983,2553
20984,2554
20985,2555
20986,2556
20987,2557
20988,2558
20989,2559
20990,2560
20991,2561
20992,2562
20993,2563
20994,2564
20995,2565
20996,2566
20997,2567
20998,2568
20999,2569
21000,2570
21001,2571
21002,2572
21003,2573
21004,2574
21005,2575
21006,2576
21007,2577
21008,2578
21009,2579
21010,2580
21011,2581
21012,2582
21013,2583
21014,2584
21015,2585
21016,2586
21017,2587
21018,2588
21019,2589
21020,2590
21021,2591
21022,2592
21023,2593
21024,2594
21025,2595
21026,2596
21027,2597
21028,2598
21029,2599
21030,2600
21031,2601
21032,2602
21033,2603
21034,2604
21035,2605
21036,2606
21037,2607
21038,2608
21039,2609
21040,2610
21041,2611
21042,2612
21043,2613
21044,2614
21045,2615
21046,2616
21047,2617
21048,2618
21049,2619
21050,2620
21051,2621
21052,2622
21053,2623
21054,2624
21055,2625
21056,2626
21057,2627
21058,2628
21059,2629
21060,2630
21061,2631
21062,2632
21063,2633
21064,2634
21065,2635
21066,2636
21067,2637
21068,2638
21069,2639
21070,2640
21071,2641
21072,2642
21073,2643
21074,2644
21075,2645
21076,2646
21077,2647
21078,2648
21079,2649
21080,2650
21081,2651
21082,2652
21083,2653
21084,2654
21085,2655
21086,2656
21087,2657
21088,2658
21089,2659
21090,2660
21091,2661
21092,2662
21093,2663
21094,2664
21095,2665
21096,2666
21097,2667
21098,2668
21099,2669
21100,2670
21101,2671
21102,2672
21103,2673
21104,2674
21105,2675
21106,2676
21107,2677
21108,2678
21109,2679
21110,2680
21111,2681
21112,2682
21113,2683
21114,2684
21115,2685
21116,2686
21117,2687
21118,2688
21119,2689
21120,2690
21121,2691
21122,2692
21123,2693
21124,2694
21125,2695
21126,2696
21127,2697
21128,2698
21129,2699
21130,2700
21131,2701
21132,2702
21133,2703
21134,2704
21135,2705
21136,2706
21137,2707
21138,2708
21139,2709
21140,2710
21141,2711
21142,2712
21143,2713
21144,2714
21145,2715
21146,2716
21147,2717
21148,2718
21149,2719
21150,2720
21151,2721
21152,2722
21153,2723
21154,2724
21155,2725
21156,2726
21157,2727
21158,2728
21159,2729
21160,2730
21161,2731
21162,2732
21163,2733
21164,2734
21165,2735
21166,2736
21167,2737
21168,2738
21169,2739
21170,2740
21171,2741
21172,2742
21173,2743
21174,2744
21175,2745
21176,2746
21177,2747
21178,2748
21179,2749
21180,2750
21181,2751
21182,2752
21183,2753
21184,2754
21185,2755
21186,2756
21187,2757
21188,2758
21189,2759
21190,2760
21191,2761
21192,2762
21193,2763
21194,2764
21195,2765
21196,2766
21197,2767
21198,2768
21199,2769
21200,2770
21201,2771
21202,2772
21203,2773
21204,2774
21205,2775
21206,2776
21207,2777
21208,2778
21209,2779
21210,2780
21211,2781
21212,2782
21213,2783
21214,2784
21215,2785
21216,2786
21217,2787
21218,2788
21219,2789
21220,2790
21221,2791
21222,2792
21223,2793
21224,2794
21225,2795
21226,2796
21227,2797
21228,2798
21229,2799
21230,2800
21231,2801
21232,2802
21233,2803
21234,2804
21235,2805
21236,2806
21237,2807
21238,2808
21239,2809
21240,2810
21241,2811
21242,2812
21243,2813
21244,2814
21245,2815
21246,2816
21247,2817
21248,2818
21249,2819
21250,2820
21251,2821
21252,2822
21253,2823
21254,2824
21255,2825
21256,2826
21257,2827
21258,2828
21259,2829
21260,2830
21261,2831
21262,2832
21263,2833
21264,2834
21265,2835
21266,2836
21267,2837
21268,2838
21269,2839
21270,2840
21271,2841
21272,2842
21273,2843
21274,2844
21275,2845
21276,2846
21277,2847
21278,2848
21279,2849
21280,2850
21281,2851
21282,2852
21283,2853
21284,2854
21285,2855
21286,2856
21287,2857
21288,2858
21289,2859
21290,2860
21291,2861
21292,2862
21293,2863
21294,2864
21295,2865
21296,2866
21297,2867
21298,2868
21299,2869
21300,2870
21301,2871
21302,2872
21303,2873
21304,2874
21305,2875
21306,2876
21307,2877
21308,2878
21309,2879
21310,2880
21311,2881
21312,2882
21313,2883
21314,2884
21315,2885
21316,2886
21317,2887
21318,2888
21319,2889
21320,2890
21321,2891
21322,2892
21323,2893
21324,2894
21325,2895
21326,2896
21327,2897
21328,2898
21329,2899
21330,2900
21331,2901
21332,2902
21333,2903
21334,2904
21335,2905
21336,2906
21337,2907
21338,2908
21339,2909
21340,2910
21341,2911
21342,2912
21343,2913
21344,2914
21345,2915
21346,2916
21347,2917
21348,2918
21349,2919
21350,2920
21351,2921
21352,2922
21353,2923
21354,2924
21355,2925
21356,2926
21357,2927
21358,2928
21359,2929
21360,2930
21361,2931
21362,2932
21363,2933
21364,2934
21365,2935
21366,2936
21367,2937
21368,2938
21369,2939
21370,2940
21371,2941
21372,2942
21373,2943
21374,2944
21375,2945
21376,2946
21377,2947
21378,2948
21379,2949
21380,2950
21381,2951
21382,2952
21383,2953
21384,2954
21385,2955
21386,2956
21387,2957
21388,2958
21389,2959
21390,2960
21391,2961
21392,2962
21393,2963
21394,2964
21395,2965
21396,2966
21397,2967
21398,2968
21399,2969
21400,2970
21401,2971
21402,2972
21403,2973
21404,2974
21405,2975
21406,2976
21407,2977
21408,2978
21409,2979
21410,2980
21411,2981
21412,2982
21413,2983
21414,2984
21415,2985
21416,2986
21417,2987
21418,2988
21419,2989
21420,2990
21421,2991
21422,2992
21423,2993
21424,2994
21425,2995
21426,2996
21427,2997
21428,2998
21429,2999
21430,3000
21431,3001
21432,3002
21433,3003
21434,3004
21435,3005
21436,3006
21437,3007
21438,3008
21439,3009
21440,3010
21441,3011
21442,3012
21443,3013
21444,3014
21445,3015
21446,3016
21447,3017
21448,3018
21449,3019
21450,3020
21451,3021
21452,3022
21453,3023
21454,3024
21455,3025
21456,3026
21457,3027
21458,3028
21459,3029
21460,3030
21461,3031
21462,3032
21463,3033
21464,3034
21465,3035
21466,3036
21467,3037
21468,3038
21469,3039
21470,3040
21471,3041
21472,3042
21473,3043
21474,3044
21475,3045
21476,3046
21477,3047
21478,3048
21479,3049
21480,3050
21481,3051
21482,3052
21483,3053
21484,3054
21485,3055
21486,3056
21487,3057
21488,3058
21489,3059
21490,3060
21491,3061
21492,3062
21493,3063
21494,3064
21495,3065
21496,3066
21497,3067
21498,3068
21499,3069
21500,3070
21501,3071
21502,3072
21503,3073
21504,3074
21505,3075
21506,3076
21507,3077
21508,3078
21509,3079
21510,3080
21511,3081
21512,3082
21513,3083
21514,3084
21515,3085
21516,3086
21517,3087
21518,3088
21519,3089
21520,3090
21521,3091
21522,3092
21523,3093
21524,3094
21525,3095
21526,3096
21527,3097
21528,3098
21529,3099
21530,3100
21531,3101
21532,3102
21533,3103
21534,3104
21535,3105
21536,3106
21537,3107
21538,3108
21539,3109
21540,3110
21541,3111
21542,3112
21543,3113
21544,3114
21545,3115
21546,3116
21547,3117
21548,3118
21549,3119
21550,3120
21551,3121
21552,3122
21553,3123
21554,3124
21555,3125
21556,3126
21557,3127
21558,3128
21559,3129
21560,3130
21561,3131
21562,3132
21563,3133
21564,3134
21565,3135
21566,3136
21567,3137
21568,3138
21569,3139
21570,3140
21571,3141
21572,3142
21573,3143
21574,3144
21575,3145
21576,3146
21577,3147
21578,3148
21579,3149
21580,3150
21581,3151
21582,3152
21583,3153
21584,3154
21585,3155
21586,3156
21587,3157
21588,3158
21589,3159
21590,3160
21591,3161
21592,3162
21593,3163
21594,3164
21595,3165
21596,3166
21597,3167
21598,3168
21599,3169
21600,3170
21601,3171
21602,3172
21603,3173
21604,3174
21605,3175
21606,3176
21607,3177
21608,3178
21609,3179
21610,3180
21611,3181
21612,3182
21613,3183
21614,3184
21615,3185
21616,3186
21617,3187
21618,3188
21619,3189
21620,3190
21621,3191
21622,3192
21623,3193
21624,3194
21625,3195
21626,3196
21627,3197
21628,3198
21629,3199
21630,3200
21631,3201
21632,3202
21633,3203
21634,3204
21635,3205
21636,3206
21637,3207
21638,3208
21639,3209
21640,3210
21641,3211
21642,3212
21643,3213
21644,3214
21645,3215
21646,3216
21647,3217
21648,3218
21649,3219
21650,3220
21651,3221
21652,3222
21653,3223
21654,3224
21655,3225
21656,3226
21657,3227
21658,3228
21659,3229
21660,3230
21661,3231
21662,3232
21663,3233
21664,3234
21665,3235
21666,3236
21667,3237
21668,3238
21669,3239
21670,3240
21671,3241
21672,3242
21673,3243
21674,3244
21675,3245
21676,3246
21677,3247
21678,3248
21679,3249
21680,3250
21681,3251
21682,3252
21683,3253
21684,3254
21685,3255
21686,3256
21687,3257
21688,3258
21689,3259
21690,3260
21691,3261
21692,3262
21693,3263
21694,3264
21695,3265
21696,3266
21697,3267
21698,3268
21699,3269
21700,3270
21701,3271
21702,3272
21703,3273
21704,3274
21705,3275
21706,3276
21707,3277
21708,3278
21709,3279
21710,3280
21711,3281
21712,3282
21713,3283
21714,3284
21715,3285
21716,3286
21717,3287
21718,3288
21719,3289
21720,3290
21721,3291
21722,3292
21723,3293
21724,3294
21725,3295
21726,3296
21727,3297
21728,3298
21729,3299
21730,3300
21731,3301
21732,3302
21733,3303
21734,3304
21735,3305
21736,3306
21737,3307
21738,3308
21739,3309
21740,3310
21741,3311
21742,3312
21743,3313
21744,3314
21745,3315
21746,3316
21747,3317
21748,3318
21749,3319
21750,3320
21751,3321
21752,3322
21753,3323
21754,3324
21755,3325
21756,3326
21757,3327
21758,3328
21759,3329
21760,3330
21761,3331
21762,3332
21763,3333
21764,3334
21765,3335
21766,3336
21767,3337
21768,3338
21769,3339
21770,3340
21771,3341
21772,3342
21773,3343
21774,3344
21775,3345
21776,3346
21777,3347
21778,3348
21779,3349
21780,3350
21781,3351
21782,3352
21783,3353
21784,3354
21785,3355
21786,3356
21787,3357
21788,3358
21789,3359
21790,3360
21791,3361
21792,3362
21793,3363
21794,3364
21795,3365
21796,3366
21797,3367
21798,3368
21799,3369
21800,3370
21801,3371
21802,3372
21803,3373
21804,3374
21805,3375
21806,3376
21807,3377
21808,3378
21809,3379
21810,3380
21811,3381
21812,3382
21813,3383
21814,3384
21815,3385
21816,3386
21817,3387
21818,3388
21819,3389
21820,3390
21821,3391
21822,3392
21823,3393
21824,3394
21825,3395
21826,3396
21827,3397
21828,3398
21829,3399
21830,3400
21831,3401
21832,3402
21833,3403
21834,3404
21835,3405
21836,3406
21837,3407
21838,3408
21839,3409
21840,3410
21841,3411
21842,3412
21843,3413
21844,3414
21845,3415
21846,3416
21847,3417
21848,3418
21849,3419
21850,3420
21851,3421
21852,3422
21853,3423
21854,3424
21855,3425
21856,3426
21857,3427
21858,3428
21859,3429
21860,3430
21861,3431
21862,3432
21863,3433
21864,3434
21865,3435
21866,3436
21867,3437
21868,3438
21869,3439
21870,3440
21871,3441
21872,3442
21873,3443
21874,3444
21875,3445
21876,3446
21877,3447
21878,3448
21879,3449
21880,3450
21881,3451
21882,3452
21883,3453
21884,3454
21885,3455
21886,3456
21887,3457
21888,3458
21889,3459
21890,3460
21891,3461
21892,3462
21893,3463
21894,3464
21895,3465
21896,3466
21897,3467
21898,3468
21899,3469
21900,3470
21901,3471
21902,3472
21903,3473
21904,3474
21905,3475
21906,3476
21907,3477
21908,3478
21909,3479
21910,3480
21911,3481
21912,3482
21913,3483
21914,3484
21915,3485
21916,3486
21917,3487
21918,3488
21919,3489
21920,3490
21921,3491
21922,3492
21923,3493
21924,3494
21925,3495
21926,3496
21927,3497
21928,3498
21929,3499
21930,3500
21931,3501
21932,3502
21933,3503
21934,3504
21935,3505
21936,3506
21937,3507
21938,3508
21939,3509
21940,3510
21941,3511
21942,3512
21943,3513
21944,3514
21945,3515
21946,3516
21947,3517
21948,3518
21949,3519
21950,3520
21951,3521
21952,3522
21953,3523
21954,3524
21955,3525
21956,3526
21957,3527
21958,3528
21959,3529
21960,3530
21961,3531
21962,3532
21963,3533
21964,3534
21965,3535
21966,3536
21967,3537
21968,3538
21969,3539
21970,3540
21971,3541
21972,3542
21973,3543
21974,3544
21975,3545
21976,3546
21977,3547
21978,3548
21979,3549
21980,3550
21981,3551
21982,3552
21983,3553
21984,3554
21985,3555
21986,3556
21987,3557
21988,3558
21989,3559
21990,3560
21991,3561
21992,3562
21993,3563
21994,3564
21995,3565
21996,3566
21997,3567
21998,3568
21999,3569
22000,3570
22001,3571
22002,3572
22003,3573
22004,3574
22005,3575
22006,3576
22007,3577
22008,3578
22009,3579
22010,3580
22011,3581
22012,3582
22013,3583
22014,3584
22015,3585
22016,3586
22017,3587
22018,3588
22019,3589
22020,3590
22021,3591
22022,3592
22023,3593
22024,3594
22025,3595
22026,3596
22027,3597
22028,3598
22029,3599
22030,3600
22031,3601
22032,3602
22033,3603
22034,3604
22035,3605
22036,3606
22037,3607
22038,3608
22039,3609
22040,3610
22041,3611
22042,3612
22043,3613
22044,3614
22045,3615
22046,3616
22047,3617
22048,3618
22049,3619
22050,3620
22051,3621
22052,3622
22053,3623
22054,3624
22055,3625
22056,3626
22057,3627
22058,3628
22059,3629
22060,3630
22061,3631
22062,3632
22063,3633
22064,3634
22065,3635
22066,3636
22067,3637
22068,3638
22069,3639
22070,3640
22071,3641
22072,3642
22073,3643
22074,3644
22075,3645
22076,3646
22077,3647
22078,3648
22079,3649
22080,3650
22081,3651
22082,3652
22083,3653
22084,3654
22085,3655
22086,3656
22087,3657
22088,3658
22089,3659
22090,3660
22091,3661
22092,3662
22093,3663
22094,3664
22095,3665
22096,3666
22097,3667
22098,3668
22099,3669
22100,3670
22101,3671
22102,3672
22103,3673
22104,3674
22105,3675
22106,3676
22107,3677
22108,3678
22109,3679
22110,3680
22111,3681
22112,3682
22113,3683
22114,3684
22115,3685
22116,3686
22117,3687
22118,3688
22119,3689
22120,3690
22121,3691
22122,3692
22123,3693
22124,3694
22125,3695
22126,3696
22127,3697
22128,3698
22129,3699
22130,3700
22131,3701
22132,3702
22133,3703
22134,3704
22135,3705
22136,3706
22137,3707
22138,3708
22139,3709
22140,3710
22141,3711
22142,3712
22143,3713
22144,3714
22145,3715
22146,3716
22147,3717
22148,3718
22149,3719
22150,3720
22151,3721
22152,3722
22153,3723
22154,3724
22155,3725
22156,3726
22157,3727
22158,3728
22159,3729
22160,3730
22161,3731
22162,3732
22163,3733
22164,3734
22165,3735
22166,3736
22167,3737
22168,3738
22169,3739
22170,3740
22171,3741
22172,3742
22173,3743
22174,3744
22175,3745
22176,3746
22177,3747
22178,3748
22179,3749
22180,3750
22181,3751
22182,3752
22183,3753
22184,3754
22185,3755
22186,3756
22187,3757
22188,3758
22189,3759
22190,3760
22191,3761
22192,3762
22193,3763
22194,3764
22195,3765
22196,3766
22197,3767
22198,3768
22199,3769
22200,3770
22201,3771
22202,3772
22203,3773
22204,3774
22205,3775
22206,3776
22207,3777
22208,3778
22209,3779
22210,3780
22211,3781
22212,3782
22213,3783
22214,3784
22215,3785
22216,3786
22217,3787
22218,3788
22219,3789
22220,3790
22221,3791
22222,3792
22223,3793
22224,3794
22225,3795
22226,3796
22227,3797
22228,3798
22229,3799
22230,3800
22231,3801
22232,3802
22233,3803
22234,3804
22235,3805
22236,3806
22237,3807
22238,3808
22239,3809
22240,3810
22241,3811
22242,3812
22243,3813
22244,3814
22245,3815
22246,3816
22247,3817
22248,3818
22249,3819
22250,3820
22251,3821
22252,3822
22253,3823
22254,3824
22255,3825
22256,3826
22257,3827
22258,3828
22259,3829
22260,3830
22261,3831
22262,3832
22263,3833
22264,3834
22265,3835
22266,3836
22267,3837
22268,3838
22269,3839
22270,3840
22271,3841
22272,3842
22273,3843
22274,3844
22275,3845
22276,3846
22277,3847
22278,3848
22279,3849
22280,3850
22281,3851
22282,3852
22283,3853
22284,3854
22285,3855
22286,3856
22287,3857
22288,3858
22289,3859
22290,3860
22291,3861
22292,3862
22293,3863
22294,3864
22295,3865
22296,3866
22297,3867
22298,3868
22299,3869
22300,3870
22301,3871
22302,3872
22303,3873
22304,3874
22305,3875
22306,3876
22307,3877
22308,3878
22309,3879
22310,3880
22311,3881
22312,3882
22313,3883
22314,3884
22315,3885
22316,3886
22317,3887
22318,3888
22319,3889
22320,3890
22321,3891
22322,3892
22323,3893
22324,3894
22325,3895
22326,3896
22327,3897
22328,3898
22329,3899
22330,3900
22331,3901
22332,3902
22333,3903
22334,3904
22335,3905
22336,3906
22337,3907
22338,3908
22339,3909
22340,3910
22341,3911
22342,3912
22343,3913
22344,3914
22345,3915
22346,3916
22347,3917
22348,3918
22349,3919
22350,3920
22351,3921
22352,3922
22353,3923
22354,3924
22355,3925
22356,3926
22357,3927
22358,3928
22359,3929
22360,3930
22361,3931
22362,3932
22363,3933
22364,3934
22365,3935
22366,3936
22367,3937
22368,3938
22369,3939
22370,3940
22371,3941
22372,3942
22373,3943
22374,3944
22375,3945
22376,3946
22377,3947
22378,3948
22379,3949
22380,3950
22381,3951
22382,3952
22383,3953
22384,3954
22385,3955
22386,3956
22387,3957
22388,3958
22389,3959
22390,3960
22391,3961
22392,3962
22393,3963
22394,3964
22395,3965
22396,3966
22397,3967
22398,3968
22399,3969
22400,3970
22401,3971
22402,3972
22403,3973
22404,3974
22405,3975
22406,3976
22407,3977
22408,3978
22409,3979
22410,3980
22411,3981
22412,3982
22413,3983
22414,3984
22415,3985
22416,3986
22417,3987
22418,3988
22419,3989
22420,3990
22421,3991
22422,3992
22423,3993
22424,3994
22425,3995
22426,3996
22427,3997
22428,3998
22429,3999
22430,4000
22431,4001
22432,4002
22433,4003
22434,4004
22435,4005
22436,4006
22437,4007
22438,4008
22439,4009
22440,4010
22441,4011
22442,4012
22443,4013
22444,4014
22445,4015
22446,4016
22447,4017
22448,4018
22449,4019
22450,4020
22451,4021
22452,4022
22453,4023
22454,4024
22455,4025
22456,4026
22457,4027
22458,4028
22459,4029
22460,4030
22461,4031
22462,4032
22463,4033
22464,4034
22465,4035
22466,4036
22467,4037
22468,4038
22469,4039
22470,4040
22471,4041
22472,4042
22473,4043
22474,4044
22475,4045
22476,4046
22477,4047
22478,4048
22479,4049
22480,4050
22481,4051
22482,4052
22483,4053
22484,4054
22485,4055
22486,4056
22487,4057
22488,4058
22489,4059
22490,4060
22491,4061
22492,4062
22493,4063
22494,4064
22495,4065
22496,4066
22497,4067
22498,4068
22499,4069
22500,4070
22501,4071
22502,4072
22503,4073
22504,4074
22505,4075
22506,4076
22507,4077
22508,4078
22509,4079
22510,4080
22511,4081
22512,4082
22513,4083
22514,4084
22515,4085
22516,4086
22517,4087
22518,4088
22519,4089
22520,4090
22521,4091
22522,4092
22523,4093
22524,4094
22525,4095
22526,4096
22527,4097
22528,4098
22529,4099
22530,4100
22531,4101
22532,4102
22533,4103
22534,4104
22535,4105
22536,4106
22537,4107
22538,4108
22539,4109
22540,4110
22541,4111
22542,4112
22543,4113
22544,4114
22545,4115
22546,4116
22547,4117
22548,4118
22549,4119
22550,4120
22551,4121
22552,4122
22553,4123
22554,4124
22555,4125
22556,4126
22557,4127
22558,4128
22559,4129
22560,4130
22561,4131
22562,4132
22563,4133
22564,4134
22565,4135
22566,4136
22567,4137
22568,4138
22569,4139
22570,4140
22571,4141
22572,4142
22573,4143
22574,4144
22575,4145
22576,4146
22577,4147
22578,4148
22579,4149
22580,4150
22581,4151
22582,4152
22583,4153
22584,4154
22585,4155
22586,4156
22587,4157
22588,4158
22589,4159
22590,4160
22591,4161
22592,4162
22593,4163
22594,4164
22595,4165
22596,4166
22597,4167
22598,4168
22599,4169
22600,4170
22601,4171
22602,4172
22603,4173
22604,4174
22605,4175
22606,4176
22607,4177
22608,4178
22609,4179
22610,4180
22611,4181
22612,4182
22613,4183
22614,4184
22615,4185
22616,4186
22617,4187
22618,4188
22619,4189
22620,4190
22621,4191
22622,4192
22623,4193
22624,4194
22625,4195
22626,4196
22627,4197
22628,4198
22629,4199
22630,4200
22631,4201
22632,4202
22633,4203
22634,4204
22635,4205
22636,4206
22637,4207
22638,4208
22639,4209
22640,4210
22641,4211
22642,4212
22643,4213
22644,4214
22645,4215
22646,4216
22647,4217
22648,4218
22649,4219
22650,4220
22651,4221
22652,4222
22653,4223
22654,4224
22655,4225
22656,4226
22657,4227
22658,4228
22659,4229
22660,4230
22661,4231
22662,4232
22663,4233
22664,4234
22665,4235
22666,4236
22667,4237
22668,4238
22669,4239
22670,4240
22671,4241
22672,4242
22673,4243
22674,4244
22675,4245
22676,4246
22677,4247
22678,4248
22679,4249
22680,4250
22681,4251
22682,4252
22683,4253
22684,4254
22685,4255
22686,4256
22687,4257
22688,4258
22689,4259
22690,4260
22691,4261
22692,4262
22693,4263
22694,4264
22695,4265
22696,4266
22697,4267
22698,4268
22699,4269
22700,4270
22701,4271
22702,4272
22703,4273
22704,4274
22705,4275
22706,4276
22707,4277
22708,4278
22709,4279
22710,4280
22711,4281
22712,4282
22713,4283
22714,4284
22715,4285
22716,4286
22717,4287
22718,4288
22719,4289
22720,4290
22721,4291
22722,4292
22723,4293
22724,4294
22725,4295
22726,4296
22727,4297
22728,4298
22729,4299
22730,4300
22731,4301
22732,4302
22733,4303
22734,4304
22735,4305
22736,4306
22737,4307
22738,4308
22739,4309
22740,4310
22741,4311
22742,4312
22743,4313
22744,4314
22745,4315
22746,4316
22747,4317
22748,4318
22749,4319
22750,4320
22751,4321
22752,4322
22753,4323
22754,4324
22755,4325
22756,4326
22757,4327
22758,4328
22759,4329
22760,4330
22761,4331
22762,4332
22763,4333
22764,4334
22765,4335
22766,4336
22767,4337
22768,4338
22769,4339
22770,4340
22771,4341
22772,4342
22773,4343
22774,4344
22775,4345
22776,4346
22777,4347
22778,4348
22779,4349
22780,4350
22781,4351
22782,4352
22783,4353
22784,4354
22785,4355
22786,4356
22787,4357
22788,4358
22789,4359
22790,4360
22791,4361
22792,4362
22793,4363
22794,4364
22795,4365
22796,4366
22797,4367
22798,4368
22799,4369
22800,4370
22801,4371
22802,4372
22803,4373
22804,4374
22805,4375
22806,4376
22807,4377
22808,4378
22809,4379
22810,4380
22811,4381
22812,4382
22813,4383
22814,4384
22815,4385
22816,4386
22817,4387
22818,4388
22819,4389
22820,4390
22821,4391
22822,4392
22823,4393
22824,4394
22825,4395
22826,4396
22827,4397
22828,4398
22829,4399
22830,4400
22831,4401
22832,4402
22833,4403
22834,4404
22835,4405
22836,4406
22837,4407
22838,4408
22839,4409
22840,4410
22841,4411
22842,4412
22843,4413
22844,4414
22845,4415
22846,4416
22847,4417
22848,4418
22849,4419
22850,4420
22851,4421
22852,4422
22853,4423
22854,4424
22855,4425
22856,4426
22857,4427
22858,4428
22859,4429
22860,4430
22861,4431
22862,4432
22863,4433
22864,4434
22865,4435
22866,4436
22867,4437
22868,4438
22869,4439
22870,4440
22871,4441
22872,4442
22873,4443
22874,4444
22875,4445
22876,4446
22877,4447
22878,4448
22879,4449
22880,4450
22881,4451
22882,4452
22883,4453
22884,4454
22885,4455
22886,4456
22887,4457
22888,4458
22889,4459
22890,4460
22891,4461
22892,4462
22893,4463
22894,4464
22895,4465
22896,4466
22897,4467
22898,4468
22899,4469
22900,4470
22901,4471
22902,4472
22903,4473
22904,4474
22905,4475
22906,4476
22907,4477
22908,4478
22909,4479
22910,4480
22911,4481
22912,4482
22913,4483
22914,4484
22915,4485
22916,4486
22917,4487
22918,4488
22919,4489
22920,4490
22921,4491
22922,4492
22923,4493
22924,4494
22925,4495
22926,4496
22927,4497
22928,4498
22929,4499
22930,4500
22931,4501
22932,4502
22933,4503
22934,4504
22935,4505
22936,4506
22937,4507
22938,4508
22939,4509
22940,4510
22941,4511
22942,4512
22943,4513
22944,4514
22945,4515
22946,4516
22947,4517
22948,4518
22949,4519
22950,4520
22951,4521
22952,4522
22953,4523
22954,4524
22955,4525
22956,4526
22957,4527
22958,4528
22959,4529
22960,4530
22961,4531
22962,4532
22963,4533
22964,4534
22965,4535
22966,4536
22967,4537
22968,4538
22969,4539
22970,4540
22971,4541
22972,4542
22973,4543
22974,4544
22975,4545
22976,4546
22977,4547
22978,4548
22979,4549
22980,4550
22981,4551
22982,4552
22983,4553
22984,4554
22985,4555
22986,4556
22987,4557
22988,4558
22989,4559
22990,4560
22991,4561
22992,4562
22993,4563
22994,4564
22995,4565
22996,4566
22997,4567
22998,4568
22999,4569
23000,4570
23001,4571
23002,4572
23003,4573
23004,4574
23005,4575
23006,4576
23007,4577
23008,4578
23009,4579
23010,4580
23011,4581
23012,4582
23013,4583
23014,4584
23015,4585
23016,4586
23017,4587
23018,4588
23019,4589
23020,4590
23021,4591
23022,4592
23023,4593
23024,4594
23025,4595
23026,4596
23027,4597
23028,4598
23029,4599
23030,4600
23031,4601
23032,4602
23033,4603
23034,4604
23035,4605
23036,4606
23037,4607
23038,4608
23039,4609
23040,4610
23041,4611
23042,4612
23043,4613
23044,4614
23045,4615
23046,4616
23047,4617
23048,4618
23049,4619
23050,4620
23051,4621
23052,4622
23053,4623
23054,4624
23055,4625
23056,4626
23057,4627
23058,4628
23059,4629
23060,4630
23061,4631
23062,4632
23063,4633
23064,4634
23065,4635
23066,4636
23067,4637
23068,4638
23069,4639
23070,4640
23071,4641
23072,4642
23073,4643
23074,4644
23075,4645
23076,4646
23077,4647
23078,4648
23079,4649
23080,4650
23081,4651
23082,4652
23083,4653
23084,4654
23085,4655
23086,4656
23087,4657
23088,4658
23089,4659
23090,4660
23091,4661
23092,4662
23093,4663
23094,4664
23095,4665
23096,4666
23097,4667
23098,4668
23099,4669
23100,4670
23101,4671
23102,4672
23103,4673
23104,4674
23105,4675
23106,4676
23107,4677
23108,4678
23109,4679
23110,4680
23111,4681
23112,4682
23113,4683
23114,4684
23115,4685
23116,4686
23117,4687
23118,4688
23119,4689
23120,4690
23121,4691
23122,4692
23123,4693
23124,4694
23125,4695
23126,4696
23127,4697
23128,4698
23129,4699
23130,4700
23131,4701
23132,4702
23133,4703
23134,4704
23135,4705
23136,4706
23137,4707
23138,4708
23139,4709
23140,4710
23141,4711
23142,4712
23143,4713
23144,4714
23145,4715
23146,4716
23147,4717
23148,4718
23149,4719
23150,4720
23151,4721
23152,4722
23153,4723
23154,4724
23155,4725
23156,4726
23157,4727
23158,4728
23159,4729
23160,4730
23161,4731
23162,4732
23163,4733
23164,4734
23165,4735
23166,4736
23167,4737
23168,4738
23169,4739
23170,4740
23171,4741
23172,4742
23173,4743
23174,4744
23175,4745
23176,4746
23177,4747
23178,4748
23179,4749
23180,4750
23181,4751
23182,4752
23183,4753
23184,4754
23185,4755
23186,4756
23187,4757
23188,4758
23189,4759
23190,4760
23191,4761
23192,4762
23193,4763
23194,4764
23195,4765
23196,4766
23197,4767
23198,4768
23199,4769
23200,4770
23201,4771
23202,4772
23203,4773
23204,4774
23205,4775
23206,4776
23207,4777
23208,4778
23209,4779
23210,4780
23211,4781
23212,4782
23213,4783
23214,4784
23215,4785
23216,4786
23217,4787
23218,4788
23219,4789
23220,4790
23221,4791
23222,4792
23223,4793
23224,4794
23225,4795
23226,4796
23227,4797
23228,4798
23229,4799
23230,4800
23231,4801
23232,4802
23233,4803
23234,4804
23235,4805
23236,4806
23237,4807
23238,4808
23239,4809
23240,4810
23241,4811
23242,4812
23243,4813
23244,4814
23245,4815
23246,4816
23247,4817
23248,4818
23249,4819
23250,4820
23251,4821
23252,4822
23253,4823
23254,4824
23255,4825
23256,4826
23257,4827
23258,4828
23259,4829
23260,4830
23261,4831
23262,4832
23263,4833
23264,4834
23265,4835
23266,4836
23267,4837
23268,4838
23269,4839
23270,4840
23271,4841
23272,4842
23273,4843
23274,4844
23275,4845
23276,4846
23277,4847
23278,4848
23279,4849
23280,4850
23281,4851
23282,4852
23283,4853
23284,4854
23285,4855
23286,4856
23287,4857
23288,4858
23289,4859
23290,4860
23291,4861
23292,4862
23293,4863
23294,4864
23295,4865
23296,4866
23297,4867
23298,4868
23299,4869
23300,4870
23301,4871
23302,4872
23303,4873
23304,4874
23305,4875
23306,4876
23307,4877
23308,4878
23309,4879
23310,4880
23311,4881
23312,4882
23313,4883
23314,4884
23315,4885
23316,4886
23317,4887
23318,4888
23319,4889
23320,4890
23321,4891
23322,4892
23323,4893
23324,4894
23325,4895
23326,4896
23327,4897
23328,4898
23329,4899
23330,4900
23331,4901
23332,4902
23333,4903
23334,4904
23335,4905
23336,4906
23337,4907
23338,4908
23339,4909
23340,4910
23341,4911
23342,4912
23343,4913
23344,4914
23345,4915
23346,4916
23347,4917
23348,4918
23349,4919
23350,4920
23351,4921
23352,4922
23353,4923
23354,4924
23355,4925
23356,4926
23357,4927
23358,4928
23359,4929
23360,4930
23361,4931
23362,4932
23363,4933
23364,4934
23365,4935
23366,4936
23367,4937
23368,4938
23369,4939
23370,4940
23371,4941
23372,4942
23373,4943
23374,4944
23375,4945
23376,4946
23377,4947
23378,4948
23379,4949
23380,4950
23381,4951
23382,4952
23383,4953
23384,4954
23385,4955
23386,4956
23387,4957
23388,4958
23389,4959
23390,4960
23391,4961
23392,4962
23393,4963
23394,4964
23395,4965
23396,4966
23397,4967
23398,4968
23399,4969
23400,4970
23401,4971
23402,4972
23403,4973
23404,4974
23405,4975
23406,4976
23407,4977
23408,4978
23409,4979
23410,4980
23411,4981
23412,4982
23413,4983
23414,4984
23415,4985
23416,4986
23417,4987
23418,4988
23419,4989
23420,4990
23421,4991
23422,4992
23423,4993
23424,4994
23425,4995
23426,4996
23427,4997
23428,4998
23429,4999
23430,5000
23431,5001
23432,5002
23433,5003
23434,5004
23435,5005
23436,5006
23437,5007
23438,5008
23439,5009
23440,5010
23441,5011
23442,5012
23443,5013
23444,5014
23445,5015
23446,5016
23447,5017
23448,5018
23449,5019
23450,5020
23451,5021
23452,5022
23453,5023
23454,5024
23455,5025
23456,5026
23457,5027
23458,5028
23459,5029
23460,5030
23461,5031
23462,5032
23463,5033
23464,5034
23465,5035
23466,5036
23467,5037
23468,5038
23469,5039
23470,5040
23471,5041
23472,5042
23473,5043
23474,5044
23475,5045
23476,5046
23477,5047
23478,5048
23479,5049
23480,5050
23481,5051
23482,5052
23483,5053
23484,5054
23485,5055
23486,5056
23487,5057
23488,5058
23489,5059
23490,5060
23491,5061
23492,5062
23493,5063
23494,5064
23495,5065
23496,5066
23497,5067
23498,5068
23499,5069
23500,5070
23501,5071
23502,5072
23503,5073
23504,5074
23505,5075
23506,5076
23507,5077
23508,5078
23509,5079
23510,5080
23511,5081
23512,5082
23513,5083
23514,5084
23515,5085
23516,5086
23517,5087
23518,5088
23519,5089
23520,5090
23521,5091
23522,5092
23523,5093
23524,5094
23525,5095
23526,5096
23527,5097
23528,5098
23529,5099
23530,5100
23531,5101
23532,5102
23533,5103
23534,5104
23535,5105
23536,5106
23537,5107
23538,5108
23539,5109
23540,5110
23541,5111
23542,5112
23543,5113
23544,5114
23545,5115
23546,5116
23547,5117
23548,5118
23549,5119
23550,5120
23551,5121
23552,5122
23553,5123
23554,5124
23555,5125
23556,5126
23557,5127
23558,5128
23559,5129
23560,5130
23561,5131
23562,5132
23563,5133
23564,5134
23565,5135
23566,5136
23567,5137
23568,5138
23569,5139
23570,5140
23571,5141
23572,5142
23573,5143
23574,5144
23575,5145
23576,5146
23577,5147
23578,5148
23579,5149
23580,5150
23581,5151
23582,5152
23583,5153
23584,5154
23585,5155
23586,5156
23587,5157
23588,5158
23589,5159
23590,5160
23591,5161
23592,5162
23593,5163
23594,5164
23595,5165
23596,5166
23597,5167
23598,5168
23599,5169
23600,5170
23601,5171
23602,5172
23603,5173
23604,5174
23605,5175
23606,5176
23607,5177
23608,5178
23609,5179
23610,5180
23611,5181
23612,5182
23613,5183
23614,5184
23615,5185
23616,5186
23617,5187
23618,5188
23619,5189
23620,5190
23621,5191
23622,5192
23623,5193
23624,5194
23625,5195
23626,5196
23627,5197
23628,5198
23629,5199
23630,5200
23631,5201
23632,5202
23633,5203
23634,5204
23635,5205
23636,5206
23637,5207
23638,5208
23639,5209
23640,5210
23641,5211
23642,5212
23643,5213
23644,5214
23645,5215
23646,5216
23647,5217
23648,5218
23649,5219
23650,5220
23651,5221
23652,5222
23653,5223
23654,5224
23655,5225
23656,5226
23657,5227
23658,5228
23659,5229
23660,5230
23661,5231
23662,5232
23663,5233
23664,5234
23665,5235
23666,5236
23667,5237
23668,5238
23669,5239
23670,5240
23671,5241
23672,5242
23673,5243
23674,5244
23675,5245
23676,5246
23677,5247
23678,5248
23679,5249
23680,5250
23681,5251
23682,5252
23683,5253
23684,5254
23685,5255
23686,5256
23687,5257
23688,5258
23689,5259
23690,5260
23691,5261
23692,5262
23693,5263
23694,5264
23695,5265
23696,5266
23697,5267
23698,5268
23699,5269
23700,5270
23701,5271
23702,5272
23703,5273
23704,5274
23705,5275
23706,5276
23707,5277
23708,5278
23709,5279
23710,5280
23711,5281
23712,5282
23713,5283
23714,5284
23715,5285
23716,5286
23717,5287
23718,5288
23719,5289
23720,5290
23721,5291
23722,5292
23723,5293
23724,5294
23725,5295
23726,5296
23727,5297
23728,5298
23729,5299
23730,5300
23731,5301
23732,5302
23733,5303
23734,5304
23735,5305
23736,5306
23737,5307
23738,5308
23739,5309
23740,5310
23741,5311
23742,5312
23743,5313
23744,5314
23745,5315
23746,5316
23747,5317
23748,5318
23749,5319
23750,5320
23751,5321
23752,5322
23753,5323
23754,5324
23755,5325
23756,5326
23757,5327
23758,5328
23759,5329
23760,5330
23761,5331
23762,5332
23763,5333
23764,5334
23765,5335
23766,5336
23767,5337
23768,5338
23769,5339
23770,5340
23771,5341
23772,5342
23773,5343
23774,5344
23775,5345
23776,5346
23777,5347
23778,5348
23779,5349
23780,5350
23781,5351
23782,5352
23783,5353
23784,5354
23785,5355
23786,5356
23787,5357
23788,5358
23789,5359
23790,5360
23791,5361
23792,5362
23793,5363
23794,5364
23795,5365
23796,5366
23797,5367
23798,5368
23799,5369
23800,5370
23801,5371
23802,5372
23803,5373
23804,5374
23805,5375
23806,5376
23807,5377
23808,5378
23809,5379
23810,5380
23811,5381
23812,5382
23813,5383
23814,5384
23815,5385
23816,5386
23817,5387
23818,5388
23819,5389
23820,5390
23821,5391
23822,5392
23823,5393
23824,5394
23825,5395
23826,5396
23827,5397
23828,5398
23829,5399
23830,5400
23831,5401
23832,5402
23833,5403
23834,5404
23835,5405
23836,5406
23837,5407
23838,5408
23839,5409
23840,5410
23841,5411
23842,5412
23843,5413
23844,5414
23845,5415
23846,5416
23847,5417
23848,5418
23849,5419
23850,5420
23851,5421
23852,5422
23853,5423
23854,5424
23855,5425
23856,5426
23857,5427
23858,5428
23859,5429
23860,5430
23861,5431
23862,5432
23863,5433
23864,5434
23865,5435
23866,5436
23867,5437
23868,5438
23869,5439
23870,5440
23871,5441
23872,5442
23873,5443
23874,5444
23875,5445
23876,5446
23877,5447
23878,5448
23879,5449
23880,5450
23881,5451
23882,5452
23883,5453
23884,5454
23885,5455
23886,5456
23887,5457
23888,5458
23889,5459
23890,5460
23891,5461
23892,5462
23893,5463
23894,5464
23895,5465
23896,5466
23897,5467
23898,5468
23899,5469
23900,5470
23901,5471
23902,5472
23903,5473
23904,5474
23905,5475
23906,5476
23907,5477
23908,5478
23909,5479
23910,5480
23911,5481
23912,5482
23913,5483
23914,5484
23915,5485
23916,5486
23917,5487
23918,5488
23919,5489
23920,5490
23921,5491
23922,5492
23923,5493
23924,5494
23925,5495
23926,5496
23927,5497
23928,5498
23929,5499
23930,5500
23931,5501
23932,5502
23933,5503
23934,5504
23935,5505
23936,5506
23937,5507
23938,5508
23939,5509
23940,5510
23941,5511
23942,5512
23943,5513
23944,5514
23945,5515
23946,5516
23947,5517
23948,5518
23949,5519
23950,5520
23951,5521
23952,5522
23953,5523
23954,5524
23955,5525
23956,5526
23957,5527
23958,5528
23959,5529
23960,5530
23961,5531
23962,5532
23963,5533
23964,5534
23965,5535
23966,5536
23967,5537
23968,5538
23969,5539
23970,5540
23971,5541
23972,5542
23973,5543
23974,5544
23975,5545
23976,5546
23977,5547
23978,5548
23979,5549
23980,5550
23981,5551
23982,5552
23983,5553
23984,5554
23985,5555
23986,5556
23987,5557
23988,5558
23989,5559
23990,5560
23991,5561
23992,5562
23993,5563
23994,5564
23995,5565
23996,5566
23997,5567
23998,5568
23999,5569
24000,5570
24001,5571
24002,5572
24003,5573
24004,5574
24005,5575
24006,5576
24007,5577
24008,5578
24009,5579
24010,5580
24011,5581
24012,5582
24013,5583
24014,5584
24015,5585
24016,5586
24017,5587
24018,5588
24019,5589
24020,5590
24021,5591
24022,5592
24023,5593
24024,5594
24025,5595
24026,5596
24027,5597
24028,5598
24029,5599
24030,5600
24031,5601
24032,5602
24033,5603
24034,5604
24035,5605
24036,5606
24037,5607
24038,5608
24039,5609
24040,5610
24041,5611
24042,5612
24043,5613
24044,5614
24045,5615
24046,5616
24047,5617
24048,5618
24049,5619
24050,5620
24051,5621
24052,5622
24053,5623
24054,5624
24055,5625
24056,5626
24057,5627
24058,5628
24059,5629
24060,5630
24061,5631
24062,5632
24063,5633
24064,5634
24065,5635
24066,5636
24067,5637
24068,5638
24069,5639
24070,5640
24071,5641
24072,5642
24073,5643
24074,5644
24075,5645
24076,5646
24077,5647
24078,5648
24079,5649
24080,5650
24081,5651
24082,5652
24083,5653
24084,5654
24085,5655
24086,5656
24087,5657
24088,5658
24089,5659
24090,5660
24091,5661
24092,5662
24093,5663
24094,5664
24095,5665
24096,5666
24097,5667
24098,5668
24099,5669
24100,5670
24101,5671
24102,5672
24103,5673
24104,5674
24105,5675
24106,5676
24107,5677
24108,5678
24109,5679
24110,5680
24111,5681
24112,5682
24113,5683
24114,5684
24115,5685
24116,5686
24117,5687
24118,5688
24119,5689
24120,5690
24121,5691
24122,5692
24123,5693
24124,5694
24125,5695
24126,5696
24127,5697
24128,5698
24129,5699
24130,5700
24131,5701
24132,5702
24133,5703
24134,5704
24135,5705
24136,5706
24137,5707
24138,5708
24139,5709
24140,5710
24141,5711
24142,5712
24143,5713
24144,5714
24145,5715
24146,5716
24147,5717
24148,5718
24149,5719
24150,5720
24151,5721
24152,5722
24153,5723
24154,5724
24155,5725
24156,5726
24157,5727
24158,5728
24159,5729
24160,5730
24161,5731
24162,5732
24163,5733
24164,5734
24165,5735
24166,5736
24167,5737
24168,5738
24169,5739
24170,5740
24171,5741
24172,5742
24173,5743
24174,5744
24175,5745
24176,5746
24177,5747
24178,5748
24179,5749
24180,5750
24181,5751
24182,5752
24183,5753
24184,5754
24185,5755
24186,5756
24187,5757
24188,5758
24189,5759
24190,5760
24191,5761
24192,5762
24193,5763
24194,5764
24195,5765
24196,5766
24197,5767
24198,5768
24199,5769
24200,5770
24201,5771
24202,5772
24203,5773
24204,5774
24205,5775
24206,5776
24207,5777
24208,5778
24209,5779
24210,5780
24211,5781
24212,5782
24213,5783
24214,5784
24215,5785
24216,5786
24217,5787
24218,5788
24219,5789
24220,5790
24221,5791
24222,5792
24223,5793
24224,5794
24225,5795
24226,5796
24227,5797
24228,5798
24229,5799
24230,5800
24231,5801
24232,5802
24233,5803
24234,5804
24235,5805
24236,5806
24237,5807
24238,5808
24239,5809
24240,5810
24241,5811
24242,5812
24243,5813
24244,5814
24245,5815
24246,5816
24247,5817
24248,5818
24249,5819
24250,5820
24251,5821
24252,5822
24253,5823
24254,5824
24255,5825
24256,5826
24257,5827
24258,5828
24259,5829
24260,5830
24261,5831
24262,5832
24263,5833
24264,5834
24265,5835
24266,5836
24267,5837
24268,5838
24269,5839
24270,5840
24271,5841
24272,5842
24273,5843
24274,5844
24275,5845
24276,5846
24277,5847
24278,5848
24279,5849
24280,5850
24281,5851
24282,5852
24283,5853
24284,5854
24285,5855
24286,5856
24287,5857
24288,5858
24289,5859
24290,5860
24291,5861
24292,5862
24293,5863
24294,5864
24295,5865
24296,5866
24297,5867
24298,5868
24299,5869
24300,5870
24301,5871
24302,5872
24303,5873
24304,5874
24305,5875
24306,5876
24307,5877
24308,5878
24309,5879
24310,5880
24311,5881
24312,5882
24313,5883
24314,5884
24315,5885
24316,5886
24317,5887
24318,5888
24319,5889
24320,5890
24321,5891
24322,5892
24323,5893
24324,5894
24325,5895
24326,5896
24327,5897
24328,5898
24329,5899
24330,5900
24331,5901
24332,5902
24333,5903
24334,5904
24335,5905
24336,5906
24337,5907
24338,5908
24339,5909
24340,5910
24341,5911
24342,5912
24343,5913
24344,5914
24345,5915
24346,5916
24347,5917
24348,5918
24349,5919
24350,5920
24351,5921
24352,5922
24353,5923
24354,5924
24355,5925
24356,5926
24357,5927
24358,5928
24359,5929
24360,5930
24361,5931
24362,5932
24363,5933
24364,5934
24365,5935
24366,5936
24367,5937
24368,5938
24369,5939
24370,5940
24371,5941
24372,5942
24373,5943
24374,5944
24375,5945
24376,5946
24377,5947
24378,5948
24379,5949
24380,5950
24381,5951
24382,5952
24383,5953
24384,5954
24385,5955
24386,5956
24387,5957
24388,5958
24389,5959
24390,5960
24391,5961
24392,5962
24393,5963
24394,5964
24395,5965
24396,5966
24397,5967
24398,5968
24399,5969
24400,5970
24401,5971
24402,5972
24403,5973
24404,5974
24405,5975
24406,5976
24407,5977
24408,5978
24409,5979
24410,5980
24411,5981
24412,5982
24413,5983
24414,5984
24415,5985
24416,5986
24417,5987
24418,5988
24419,5989
24420,5990
24421,5991
24422,5992
24423,5993
24424,5994
24425,5995
24426,5996
24427,5997
24428,5998
24429,5999
24430,6000
24431,6001
24432,6002
24433,6003
24434,6004
24435,6005
24436,6006
24437,6007
24438,6008
24439,6009
24440,6010
24441,6011
24442,6012
24443,6013
24444,6014
24445,6015
24446,6016
24447,6017
24448,6018
24449,6019
24450,6020
24451,6021
24452,6022
24453,6023
24454,6024
24455,6025
24456,6026
24457,6027
24458,6028
24459,6029
24460,6030
24461,6031
24462,6032
24463,6033
24464,6034
24465,6035
24466,6036
24467,6037
24468,6038
24469,6039
24470,6040
24471,6041
24472,6042
24473,6043
24474,6044
24475,6045
24476,6046
24477,6047
24478,6048
24479,6049
24480,6050
24481,6051
24482,6052
24483,6053
24484,6054
24485,6055
24486,6056
24487,6057
24488,6058
24489,6059
24490,6060
24491,6061
24492,6062
24493,6063
24494,6064
24495,6065
24496,6066
24497,6067
24498,6068
24499,6069
24500,6070
24501,6071
24502,6072
24503,6073
24504,6074
24505,6075
24506,6076
24507,6077
24508,6078
24509,6079
24510,6080
24511,6081
24512,6082
24513,6083
24514,6084
24515,6085
24516,6086
24517,6087
24518,6088
24519,6089
24520,6090
24521,6091
24522,6092
24523,6093
24524,6094
24525,6095
24526,6096
24527,6097
24528,6098
24529,6099
24530,6100
24531,6101
24532,6102
24533,6103
24534,6104
24535,6105
24536,6106
24537,6107
24538,6108
24539,6109
24540,6110
24541,6111
24542,6112
24543,6113
24544,6114
24545,6115
24546,6116
24547,6117
24548,6118
24549,6119
24550,6120
24551,6121
24552,6122
24553,6123
24554,6124
24555,6125
24556,6126
24557,6127
24558,6128
24559,6129
24560,6130
24561,6131
24562,6132
24563,6133
24564,6134
24565,6135
24566,6136
24567,6137
24568,6138
24569,6139
24570,6140
24571,6141
24572,6142
24573,6143
24574,6144
24575,6145
24576,6146
24577,6147
24578,6148
24579,6149
24580,6150
24581,6151
24582,6152
24583,6153
24584,6154
24585,6155
24586,6156
24587,6157
24588,6158
24589,6159
24590,6160
24591,6161
24592,6162
24593,6163
24594,6164
24595,6165
24596,6166
24597,6167
24598,6168
24599,6169
24600,6170
24601,6171
24602,6172
24603,6173
24604,6174
24605,6175
24606,6176
24607,6177
24608,6178
24609,6179
24610,6180
24611,6181
24612,6182
24613,6183
24614,6184
24615,6185
24616,6186
24617,6187
24618,6188
24619,6189
24620,6190
24621,6191
24622,6192
24623,6193
24624,6194
24625,6195
24626,6196
24627,6197
24628,6198
24629,6199
24630,6200
24631,6201
24632,6202
24633,6203
24634,6204
24635,6205
24636,6206
24637,6207
24638,6208
24639,6209
24640,6210
24641,6211
24642,6212
24643,6213
24644,6214
24645,6215
24646,6216
24647,6217
24648,6218
24649,6219
24650,6220
24651,6221
24652,6222
24653,6223
24654,6224
24655,6225
24656,6226
24657,6227
24658,6228
24659,6229
24660,6230
24661,6231
24662,6232
24663,6233
24664,6234
24665,6235
24666,6236
24667,6237
24668,6238
24669,6239
24670,6240
24671,6241
24672,6242
24673,6243
24674,6244
24675,6245
24676,6246
24677,6247
24678,6248
24679,6249
24680,6250
24681,6251
24682,6252
24683,6253
24684,6254
24685,6255
24686,6256
24687,6257
24688,6258
24689,6259
24690,6260
24691,6261
24692,6262
24693,6263
24694,6264
24695,6265
24696,6266
24697,6267
24698,6268
24699,6269
24700,6270
24701,6271
24702,6272
24703,6273
24704,6274
24705,6275
24706,6276
24707,6277
24708,6278
24709,6279
24710,6280
24711,6281
24712,6282
24713,6283
24714,6284
24715,6285
24716,6286
24717,6287
24718,6288
24719,6289
24720,6290
24721,6291
24722,6292
24723,6293
24724,6294
24725,6295
24726,6296
24727,6297
24728,6298
24729,6299
24730,6300
24731,6301
24732,6302
24733,6303
24734,6304
24735,6305
24736,6306
24737,6307
24738,6308
24739,6309
24740,6310
24741,6311
24742,6312
24743,6313
24744,6314
24745,6315
24746,6316
24747,6317
24748,6318
24749,6319
24750,6320
24751,6321
24752,6322
24753,6323
24754,6324
24755,6325
24756,6326
24757,6327
24758,6328
24759,6329
24760,6330
24761,6331
24762,6332
24763,6333
24764,6334
24765,6335
24766,6336
24767,6337
24768,6338
24769,6339
24770,6340
24771,6341
24772,6342
24773,6343
24774,6344
24775,6345
24776,6346
24777,6347
24778,6348
24779,6349
24780,6350
24781,6351
24782,6352
24783,6353
24784,6354
24785,6355
24786,6356
24787,6357
24788,6358
24789,6359
24790,6360
24791,6361
24792,6362
24793,6363
24794,6364
24795,6365
24796,6366
24797,6367
24798,6368
24799,6369
24800,6370
24801,6371
24802,6372
24803,6373
24804,6374
24805,6375
24806,6376
24807,6377
24808,6378
24809,6379
24810,6380
24811,6381
24812,6382
24813,6383
24814,6384
24815,6385
24816,6386
24817,6387
24818,6388
24819,6389
24820,6390
24821,6391
24822,6392
24823,6393
24824,6394
24825,6395
24826,6396
24827,6397
24828,6398
24829,6399
24830,6400
24831,6401
24832,6402
24833,6403
24834,6404
24835,6405
24836,6406
24837,6407
24838,6408
24839,6409
24840,6410
24841,6411
24842,6412
24843,6413
24844,6414
24845,6415
24846,6416
24847,6417
24848,6418
24849,6419
24850,6420
24851,6421
24852,6422
24853,6423
24854,6424
24855,6425
24856,6426
24857,6427
24858,6428
24859,6429
24860,6430
24861,6431
24862,6432
24863,6433
24864,6434
24865,6435
24866,6436
24867,6437
24868,6438
24869,6439
24870,6440
24871,6441
24872,6442
24873,6443
24874,6444
24875,6445
24876,6446
24877,6447
24878,6448
24879,6449
24880,6450
24881,6451
24882,6452
24883,6453
24884,6454
24885,6455
24886,6456
24887,6457
24888,6458
24889,6459
24890,6460
24891,6461
24892,6462
24893,6463
24894,6464
24895,6465
24896,6466
24897,6467
24898,6468
24899,6469
24900,6470
24901,6471
24902,6472
24903,6473
24904,6474
24905,6475
24906,6476
24907,6477
24908,6478
24909,6479
24910,6480
24911,6481
24912,6482
24913,6483
24914,6484
24915,6485
24916,6486
24917,6487
24918,6488
24919,6489
24920,6490
24921,6491
24922,6492
24923,6493
24924,6494
24925,6495
24926,6496
24927,6497
24928,6498
24929,6499
24930,6500
24931,6501
24932,6502
24933,6503
24934,6504
24935,6505
24936,6506
24937,6507
24938,6508
24939,6509
24940,6510
24941,6511
24942,6512
24943,6513
24944,6514
24945,6515
24946,6516
24947,6517
24948,6518
24949,6519
24950,6520
24951,6521
24952,6522
24953,6523
24954,6524
24955,6525
24956,6526
24957,6527
24958,6528
24959,6529
24960,6530
24961,6531
24962,6532
24963,6533
24964,6534
24965,6535
24966,6536
24967,6537
24968,6538
24969,6539
24970,6540
24971,6541
24972,6542
24973,6543
24974,6544
24975,6545
24976,6546
24977,6547
24978,6548
24979,6549
24980,6550
24981,6551
24982,6552
24983,6553
24984,6554
24985,6555
24986,6556
24987,6557
24988,6558
24989,6559
24990,6560
24991,6561
24992,6562
24993,6563
24994,6564
24995,6565
24996,6566
24997,6567
24998,6568
24999,6569
25000,6570
25001,6571
25002,6572
25003,6573
25004,6574
25005,6575
25006,6576
25007,6577
25008,6578
25009,6579
25010,6580
25011,6581
25012,6582
25013,6583
25014,6584
25015,6585
25016,6586
25017,6587
25018,6588
25019,6589
25020,6590
25021,6591
25022,6592
25023,6593
25024,6594
25025,6595
25026,6596
25027,6597
25028,6598
25029,6599
25030,6600
25031,6601
25032,6602
25033,6603
25034,6604
25035,6605
25036,6606
25037,6607
25038,6608
25039,6609
25040,6610
25041,6611
25042,6612
25043,6613
25044,6614
25045,6615
25046,6616
25047,6617
25048,6618
25049,6619
25050,6620
25051,6621
25052,6622
25053,6623
25054,6624
25055,6625
25056,6626
25057,6627
25058,6628
25059,6629
25060,6630
25061,6631
25062,6632
25063,6633
25064,6634
25065,6635
25066,6636
25067,6637
25068,6638
25069,6639
25070,6640
25071,6641
25072,6642
25073,6643
25074,6644
25075,6645
25076,6646
25077,6647
25078,6648
25079,6649
25080,6650
25081,6651
25082,6652
25083,6653
25084,6654
25085,6655
25086,6656
25087,6657
25088,6658
25089,6659
25090,6660
25091,6661
25092,6662
25093,6663
25094,6664
25095,6665
25096,6666
25097,6667
25098,6668
25099,6669
25100,6670
25101,6671
25102,6672
25103,6673
25104,6674
25105,6675
25106,6676
25107,6677
25108,6678
25109,6679
25110,6680
25111,6681
25112,6682
25113,6683
25114,6684
25115,6685
25116,6686
25117,6687
25118,6688
25119,6689
25120,6690
25121,6691
25122,6692
25123,6693
25124,6694
25125,6695
25126,6696
25127,6697
25128,6698
25129,6699
25130,6700
25131,6701
25132,6702
25133,6703
25134,6704
25135,6705
25136,6706
25137,6707
25138,6708
25139,6709
25140,6710
25141,6711
25142,6712
25143,6713
25144,6714
25145,6715
25146,6716
25147,6717
25148,6718
25149,6719
25150,6720
25151,6721
25152,6722
25153,6723
25154,6724
25155,6725
25156,6726
25157,6727
25158,6728
25159,6729
25160,6730
25161,6731
25162,6732
25163,6733
25164,6734
25165,6735
25166,6736
25167,6737
25168,6738
25169,6739
25170,6740
25171,6741
25172,6742
25173,6743
25174,6744
25175,6745
25176,6746
25177,6747
25178,6748
25179,6749
25180,6750
25181,6751
25182,6752
25183,6753
25184,6754
25185,6755
25186,6756
25187,6757
25188,6758
25189,6759
25190,6760
25191,6761
25192,6762
25193,6763
25194,6764
25195,6765
25196,6766
25197,6767
25198,6768
25199,6769
25200,6770
25201,6771
25202,6772
25203,6773
25204,6774
25205,6775
25206,6776
25207,6777
25208,6778
25209,6779
25210,6780
25211,6781
25212,6782
25213,6783
25214,6784
25215,6785
25216,6786
25217,6787
25218,6788
25219,6789
25220,6790
25221,6791
25222,6792
25223,6793
25224,6794
25225,6795
25226,6796
25227,6797
25228,6798
25229,6799
25230,6800
25231,6801
25232,6802
25233,6803
25234,6804
25235,6805
25236,6806
25237,6807
25238,6808
25239,6809
25240,6810
25241,6811
25242,6812
25243,6813
25244,6814
25245,6815
25246,6816
25247,6817
25248,6818
25249,6819
25250,6820
25251,6821
25252,6822
25253,6823
25254,6824
25255,6825
25256,6826
25257,6827
25258,6828
25259,6829
25260,6830
25261,6831
25262,6832
25263,6833
25264,6834
25265,6835
25266,6836
25267,6837
25268,6838
25269,6839
25270,6840
25271,6841
25272,6842
25273,6843
25274,6844
25275,6845
25276,6846
25277,6847
25278,6848
25279,6849
25280,6850
25281,6851
25282,6852
25283,6853
25284,6854
25285,6855
25286,6856
25287,6857
25288,6858
25289,6859
25290,6860
25291,6861
25292,6862
25293,6863
25294,6864
25295,6865
25296,6866
25297,6867
25298,6868
25299,6869
25300,6870
25301,6871
25302,6872
25303,6873
25304,6874
25305,6875
25306,6876
25307,6877
25308,6878
25309,6879
25310,6880
25311,6881
25312,6882
25313,6883
25314,6884
25315,6885
25316,6886
25317,6887
25318,6888
25319,6889
25320,6890
25321,6891
25322,6892
25323,6893
25324,6894
25325,6895
25326,6896
25327,6897
25328,6898
25329,6899
25330,6900
25331,6901
25332,6902
25333,6903
25334,6904
25335,6905
25336,6906
25337,6907
25338,6908
25339,6909
25340,6910
25341,6911
25342,6912
25343,6913
25344,6914
25345,6915
25346,6916
25347,6917
25348,6918
25349,6919
25350,6920
25351,6921
25352,6922
25353,6923
25354,6924
25355,6925
25356,6926
25357,6927
25358,6928
25359,6929
25360,6930
25361,6931
25362,6932
25363,6933
25364,6934
25365,6935
25366,6936
25367,6937
25368,6938
25369,6939
25370,6940
25371,6941
25372,6942
25373,6943
25374,6944
25375,6945
25376,6946
25377,6947
25378,6948
25379,6949
25380,6950
25381,6951
25382,6952
25383,6953
25384,6954
25385,6955
25386,6956
25387,6957
25388,6958
25389,6959
25390,6960
25391,6961
25392,6962
25393,6963
25394,6964
25395,6965
25396,6966
25397,6967
25398,6968
25399,6969
25400,6970
25401,6971
25402,6972
25403,6973
25404,6974
25405,6975
25406,6976
25407,6977
25408,6978
25409,6979
25410,6980
25411,6981
25412,6982
25413,6983
25414,6984
25415,6985
25416,6986
25417,6987
25418,6988
25419,6989
25420,6990
25421,6991
25422,6992
25423,6993
25424,6994
25425,6995
25426,6996
25427,6997
25428,6998
25429,6999
25430,7000
25431,7001
25432,7002
25433,7003
25434,7004
25435,7005
25436,7006
25437,7007
25438,7008
25439,7009
25440,7010
25441,7011
25442,7012
25443,7013
25444,7014
25445,7015
25446,7016
25447,7017
25448,7018
25449,7019
25450,7020
25451,7021
25452,7022
25453,7023
25454,7024
25455,7025
25456,7026
25457,7027
25458,7028
25459,7029
25460,7030
25461,7031
25462,7032
25463,7033
25464,7034
25465,7035
25466,7036
25467,7037
25468,7038
25469,7039
25470,7040
25471,7041
25472,7042
25473,7043
25474,7044
25475,7045
25476,7046
25477,7047
25478,7048
25479,7049
25480,7050
25481,7051
25482,7052
25483,7053
25484,7054
25485,7055
25486,7056
25487,7057
25488,7058
25489,7059
25490,7060
25491,7061
25492,7062
25493,7063
25494,7064
25495,7065
25496,7066
25497,7067
25498,7068
25499,7069
25500,7070
25501,7071
25502,7072
25503,7073
25504,7074
25505,7075
25506,7076
25507,7077
25508,7078
25509,7079
25510,7080
25511,7081
25512,7082
25513,7083
25514,7084
25515,7085
25516,7086
25517,7087
25518,7088
25519,7089
25520,7090
25521,7091
25522,7092
25523,7093
25524,7094
25525,7095
25526,7096
25527,7097
25528,7098
25529,7099
25530,7100
25531,7101
25532,7102
25533,7103
25534,7104
25535,7105
25536,7106
25537,7107
25538,7108
25539,7109
25540,7110
25541,7111
25542,7112
25543,7113
25544,7114
25545,7115
25546,7116
25547,7117
25548,7118
25549,7119
25550,7120
25551,7121
25552,7122
25553,7123
25554,7124
25555,7125
25556,7126
25557,7127
25558,7128
25559,7129
25560,7130
25561,7131
25562,7132
25563,7133
25564,7134
25565,7135
25566,7136
25567,7137
25568,7138
25569,7139
25570,7140
25571,7141
25572,7142
25573,7143
25574,7144
25575,7145
25576,7146
25577,7147
25578,7148
25579,7149
25580,7150
25581,7151
25582,7152
25583,7153
25584,7154
25585,7155
25586,7156
25587,7157
25588,7158
25589,7159
25590,7160
25591,7161
25592,7162
25593,7163
25594,7164
25595,7165
25596,7166
25597,7167
25598,7168
25599,7169
25600,7170
25601,7171
25602,7172
25603,7173
25604,7174
25605,7175
25606,7176
25607,7177
25608,7178
25609,7179
25610,7180
25611,7181
25612,7182
25613,7183
25614,7184
25615,7185
25616,7186
25617,7187
25618,7188
25619,7189
25620,7190
25621,7191
25622,7192
25623,7193
25624,7194
25625,7195
25626,7196
25627,7197
25628,7198
25629,7199
25630,7200
25631,7201
25632,7202
25633,7203
25634,7204
25635,7205
25636,7206
25637,7207
25638,7208
25639,7209
25640,7210
25641,7211
25642,7212
25643,7213
25644,7214
25645,7215
25646,7216
25647,7217
25648,7218
25649,7219
25650,7220
25651,7221
25652,7222
25653,7223
25654,7224
25655,7225
25656,7226
25657,7227
25658,7228
25659,7229
25660,7230
25661,7231
25662,7232
25663,7233
25664,7234
25665,7235
25666,7236
25667,7237
25668,7238
25669,7239
25670,7240
25671,7241
25672,7242
25673,7243
25674,7244
25675,7245
25676,7246
25677,7247
25678,7248
25679,7249
25680,7250
25681,7251
25682,7252
25683,7253
25684,7254
25685,7255
25686,7256
25687,7257
25688,7258
25689,7259
25690,7260
25691,7261
25692,7262
25693,7263
25694,7264
25695,7265
25696,7266
25697,7267
25698,7268
25699,7269
25700,7270
25701,7271
25702,7272
25703,7273
25704,7274
25705,7275
25706,7276
25707,7277
25708,7278
25709,7279
25710,7280
25711,7281
25712,7282
25713,7283
25714,7284
25715,7285
25716,7286
25717,7287
25718,7288
25719,7289
25720,7290
25721,7291
25722,7292
25723,7293
25724,7294
25725,7295
25726,7296
25727,7297
25728,7298
25729,7299
25730,7300
25731,7301
25732,7302
25733,7303
25734,7304
25735,7305
25736,7306
25737,7307
25738,7308
25739,7309
25740,7310
25741,7311
25742,7312
25743,7313
25744,7314
25745,7315
25746,7316
25747,7317
25748,7318
25749,7319
25750,7320
25751,7321
25752,7322
25753,7323
25754,7324
25755,7325
25756,7326
25757,7327
25758,7328
25759,7329
25760,7330
25761,7331
25762,7332
25763,7333
25764,7334
25765,7335
25766,7336
25767,7337
25768,7338
25769,7339
25770,7340
25771,7341
25772,7342
25773,7343
25774,7344
25775,7345
25776,7346
25777,7347
25778,7348
25779,7349
25780,7350
25781,7351
25782,7352
25783,7353
25784,7354
25785,7355
25786,7356
25787,7357
25788,7358
25789,7359
25790,7360
25791,7361
25792,7362
25793,7363
25794,7364
25795,7365
25796,7366
25797,7367
25798,7368
25799,7369
25800,7370
25801,7371
25802,7372
25803,7373
25804,7374
25805,7375
25806,7376
25807,7377
25808,7378
25809,7379
25810,7380
25811,7381
25812,7382
25813,7383
25814,7384
25815,7385
25816,7386
25817,7387
25818,7388
25819,7389
25820,7390
25821,7391
25822,7392
25823,7393
25824,7394
25825,7395
25826,7396
25827,7397
25828,7398
25829,7399
25830,7400
25831,7401
25832,7402
25833,7403
25834,7404
25835,7405
25836,7406
25837,7407
25838,7408
25839,7409
25840,7410
25841,7411
25842,7412
25843,7413
25844,7414
25845,7415
25846,7416
25847,7417
25848,7418
25849,7419
25850,7420
25851,7421
25852,7422
25853,7423
25854,7424
25855,7425
25856,7426
25857,7427
25858,7428
25859,7429
25860,7430
25861,7431
25862,7432
25863,7433
25864,7434
25865,7435
25866,7436
25867,7437
25868,7438
25869,7439
25870,7440
25871,7441
25872,7442
25873,7443
25874,7444
25875,7445
25876,7446
25877,7447
25878,7448
25879,7449
25880,7450
25881,7451
25882,7452
25883,7453
25884,7454
25885,7455
25886,7456
25887,7457
25888,7458
25889,7459
25890,7460
25891,7461
25892,7462
25893,7463
25894,7464
25895,7465
25896,7466
25897,7467
25898,7468
25899,7469
25900,7470
25901,7471
25902,7472
25903,7473
25904,7474
25905,7475
25906,7476
25907,7477
25908,7478
25909,7479
25910,7480
25911,7481
25912,7482
25913,7483
25914,7484
25915,7485
25916,7486
25917,7487
25918,7488
25919,7489
25920,7490
25921,7491
25922,7492
25923,7493
25924,7494
25925,7495
25926,7496
25927,7497
25928,7498
25929,7499
25930,7500
25931,7501
25932,7502
25933,7503
25934,7504
25935,7505
25936,7506
25937,7507
25938,7508
25939,7509
25940,7510
25941,7511
25942,7512
25943,7513
25944,7514
25945,7515
25946,7516
25947,7517
25948,7518
25949,7519
25950,7520
25951,7521
25952,7522
25953,7523
25954,7524
25955,7525
25956,7526
25957,7527
25958,7528
25959,7529
25960,7530
25961,7531
25962,7532
25963,7533
25964,7534
25965,7535
25966,7536
25967,7537
25968,7538
25969,7539
25970,7540
25971,7541
25972,7542
25973,7543
25974,7544
25975,7545
25976,7546
25977,7547
25978,7548
25979,7549
25980,7550
25981,7551
25982,7552
25983,7553
25984,7554
25985,7555
25986,7556
25987,7557
25988,7558
25989,7559
25990,7560
25991,7561
25992,7562
25993,7563
25994,7564
25995,7565
25996,7566
25997,7567
25998,7568
25999,7569
26000,7570
26001,7571
26002,7572
26003,7573
26004,7574
26005,7575
26006,7576
26007,7577
26008,7578
26009,7579
26010,7580
26011,7581
26012,7582
26013,7583
26014,7584
26015,7585
26016,7586
26017,7587
26018,7588
26019,7589
26020,7590
26021,7591
26022,7592
26023,7593
26024,7594
26025,7595
26026,7596
26027,7597
26028,7598
26029,7599
26030,7600
26031,7601
26032,7602
26033,7603
26034,7604
26035,7605
26036,7606
26037,7607
26038,7608
26039,7609
26040,7610
26041,7611
26042,7612
26043,7613
26044,7614
26045,7615
26046,7616
26047,7617
26048,7618
26049,7619
26050,7620
26051,7621
26052,7622
26053,7623
26054,7624
26055,7625
26056,7626
26057,7627
26058,7628
26059,7629
26060,7630
26061,7631
26062,7632
26063,7633
26064,7634
26065,7635
26066,7636
26067,7637
26068,7638
26069,7639
26070,7640
26071,7641
26072,7642
26073,7643
26074,7644
26075,7645
26076,7646
26077,7647
26078,7648
26079,7649
26080,7650
26081,7651
26082,7652
26083,7653
26084,7654
26085,7655
26086,7656
26087,7657
26088,7658
26089,7659
26090,7660
26091,7661
26092,7662
26093,7663
26094,7664
26095,7665
26096,7666
26097,7667
26098,7668
26099,7669
26100,7670
26101,7671
26102,7672
26103,7673
26104,7674
26105,7675
26106,7676
26107,7677
26108,7678
26109,7679
26110,7680
26111,7681
26112,7682
26113,7683
26114,7684
26115,7685
26116,7686
26117,7687
26118,7688
26119,7689
26120,7690
26121,7691
26122,7692
26123,7693
26124,7694
26125,7695
26126,7696
26127,7697
26128,7698
26129,7699
26130,7700
26131,7701
26132,7702
26133,7703
26134,7704
26135,7705
26136,7706
26137,7707
26138,7708
26139,7709
26140,7710
26141,7711
26142,7712
26143,7713
26144,7714
26145,7715
26146,7716
26147,7717
26148,7718
26149,7719
26150,7720
26151,7721
26152,7722
26153,7723
26154,7724
26155,7725
26156,7726
26157,7727
26158,7728
26159,7729
26160,7730
26161,7731
26162,7732
26163,7733
26164,7734
26165,7735
26166,7736
26167,7737
26168,7738
26169,7739
26170,7740
26171,7741
26172,7742
26173,7743
26174,7744
26175,7745
26176,7746
26177,7747
26178,7748
26179,7749
26180,7750
26181,7751
26182,7752
26183,7753
26184,7754
26185,7755
26186,7756
26187,7757
26188,7758
26189,7759
26190,7760
26191,7761
26192,7762
26193,7763
26194,7764
26195,7765
26196,7766
26197,7767
26198,7768
26199,7769
26200,7770
26201,7771
26202,7772
26203,7773
26204,7774
26205,7775
26206,7776
26207,7777
26208,7778
26209,7779
26210,7780
26211,7781
26212,7782
26213,7783
26214,7784
26215,7785
26216,7786
26217,7787
26218,7788
26219,7789
26220,7790
26221,7791
26222,7792
26223,7793
26224,7794
26225,7795
26226,7796
26227,7797
26228,7798
26229,7799
26230,7800
26231,7801
26232,7802
26233,7803
26234,7804
26235,7805
26236,7806
26237,7807
26238,7808
26239,7809
26240,7810
26241,7811
26242,7812
26243,7813
26244,7814
26245,7815
26246,7816
26247,7817
26248,7818
26249,7819
26250,7820
26251,7821
26252,7822
26253,7823
26254,7824
26255,7825
26256,7826
26257,7827
26258,7828
26259,7829
26260,7830
26261,7831
26262,7832
26263,7833
26264,7834
26265,7835
26266,7836
26267,7837
26268,7838
26269,7839
26270,7840
26271,7841
26272,7842
26273,7843
26274,7844
26275,7845
26276,7846
26277,7847
26278,7848
26279,7849
26280,7850
26281,7851
26282,7852
26283,7853
26284,7854
26285,7855
26286,7856
26287,7857
26288,7858
26289,7859
26290,7860
26291,7861
26292,7862
26293,7863
26294,7864
26295,7865
26296,7866
26297,7867
26298,7868
26299,7869
26300,7870
26301,7871
26302,7872
26303,7873
26304,7874
26305,7875
26306,7876
26307,7877
26308,7878
26309,7879
26310,7880
26311,7881
26312,7882
26313,7883
26314,7884
26315,7885
26316,7886
26317,7887
26318,7888
26319,7889
26320,7890
26321,7891
26322,7892
26323,7893
26324,7894
26325,7895
26326,7896
26327,7897
26328,7898
26329,7899
26330,7900
26331,7901
26332,7902
26333,7903
26334,7904
26335,7905
26336,7906
26337,7907
26338,7908
26339,7909
26340,7910
26341,7911
26342,7912
26343,7913
26344,7914
26345,7915
26346,7916
26347,7917
26348,7918
26349,7919
26350,7920
26351,7921
26352,7922
26353,7923
26354,7924
26355,7925
26356,7926
26357,7927
26358,7928
26359,7929
26360,7930
26361,7931
26362,7932
26363,7933
26364,7934
26365,7935
26366,7936
26367,7937
26368,7938
26369,7939
26370,7940
26371,7941
26372,7942
26373,7943
26374,7944
26375,7945
26376,7946
26377,7947
26378,7948
26379,7949
26380,7950
26381,7951
26382,7952
26383,7953
26384,7954
26385,7955
26386,7956
26387,7957
26388,7958
26389,7959
26390,7960
26391,7961
26392,7962
26393,7963
26394,7964
26395,7965
26396,7966
26397,7967
26398,7968
26399,7969
26400,7970
26401,7971
26402,7972
26403,7973
26404,7974
26405,7975
26406,7976
26407,7977
26408,7978
26409,7979
26410,7980
26411,7981
26412,7982
26413,7983
26414,7984
26415,7985
26416,7986
26417,7987
26418,7988
26419,7989
26420,7990
26421,7991
26422,7992
26423,7993
26424,7994
26425,7995
26426,7996
26427,7997
26428,7998
26429,7999
26430,8000
26431,8001
26432,8002
26433,8003
26434,8004
26435,8005
26436,8006
26437,8007
26438,8008
26439,8009
26440,8010
26441,8011
26442,8012
26443,8013
26444,8014
26445,8015
26446,8016
26447,8017
26448,8018
26449,8019
26450,8020
26451,8021
26452,8022
26453,8023
26454,8024
26455,8025
26456,8026
26457,8027
26458,8028
26459,8029
26460,8030
26461,8031
26462,8032
26463,8033
26464,8034
26465,8035
26466,8036
26467,8037
26468,8038
26469,8039
26470,8040
26471,8041
26472,8042
26473,8043
26474,8044
26475,8045
26476,8046
26477,8047
26478,8048
26479,8049
26480,8050
26481,8051
26482,8052
26483,8053
26484,8054
26485,8055
26486,8056
26487,8057
26488,8058
26489,8059
26490,8060
26491,8061
26492,8062
26493,8063
26494,8064
26495,8065
26496,8066
26497,8067
26498,8068
26499,8069
26500,8070
26501,8071
26502,8072
26503,8073
26504,8074
26505,8075
26506,8076
26507,8077
26508,8078
26509,8079
26510,8080
26511,8081
26512,8082
26513,8083
26514,8084
26515,8085
26516,8086
26517,8087
26518,8088
26519,8089
26520,8090
26521,8091
26522,8092
26523,8093
26524,8094
26525,8095
26526,8096
26527,8097
26528,8098
26529,8099
26530,8100
26531,8101
26532,8102
26533,8103
26534,8104
26535,8105
26536,8106
26537,8107
26538,8108
26539,8109
26540,8110
26541,8111
26542,8112
26543,8113
26544,8114
26545,8115
26546,8116
26547,8117
26548,8118
26549,8119
26550,8120
26551,8121
26552,8122
26553,8123
26554,8124
26555,8125
26556,8126
26557,8127
26558,8128
26559,8129
26560,8130
26561,8131
26562,8132
26563,8133
26564,8134
26565,8135
26566,8136
26567,8137
26568,8138
26569,8139
26570,8140
26571,8141
26572,8142
26573,8143
26574,8144
26575,8145
26576,8146
26577,8147
26578,8148
26579,8149
26580,8150
26581,8151
26582,8152
26583,8153
26584,8154
26585,8155
26586,8156
26587,8157
26588,8158
26589,8159
26590,8160
26591,8161
26592,8162
26593,8163
26594,8164
26595,8165
26596,8166
26597,8167
26598,8168
26599,8169
26600,8170
26601,8171
26602,8172
26603,8173
26604,8174
26605,8175
26606,8176
26607,8177
26608,8178
26609,8179
26610,8180
26611,8181
26612,8182
26613,8183
26614,8184
26615,8185
26616,8186
26617,8187
26618,8188
26619,8189
26620,8190
26621,8191
26622,8192
26623,8193
26624,8194
26625,8195
26626,8196
26627,8197
26628,8198
26629,8199
26630,8200
26631,8201
26632,8202
26633,8203
26634,8204
26635,8205
26636,8206
26637,8207
26638,8208
26639,8209
26640,8210
26641,8211
26642,8212
26643,8213
26644,8214
26645,8215
26646,8216
26647,8217
26648,8218
26649,8219
26650,8220
26651,8221
26652,8222
26653,8223
26654,8224
26655,8225
26656,8226
26657,8227
26658,8228
26659,8229
26660,8230
26661,8231
26662,8232
26663,8233
26664,8234
26665,8235
26666,8236
26667,8237
26668,8238
26669,8239
26670,8240
26671,8241
26672,8242
26673,8243
26674,8244
26675,8245
26676,8246
26677,8247
26678,8248
26679,8249
26680,8250
26681,8251
26682,8252
26683,8253
26684,8254
26685,8255
26686,8256
26687,8257
26688,8258
26689,8259
26690,8260
26691,8261
26692,8262
26693,8263
26694,8264
26695,8265
26696,8266
26697,8267
26698,8268
26699,8269
26700,8270
26701,8271
26702,8272
26703,8273
26704,8274
26705,8275
26706,8276
26707,8277
26708,8278
26709,8279
26710,8280
26711,8281
26712,8282
26713,8283
26714,8284
26715,8285
26716,8286
26717,8287
26718,8288
26719,8289
26720,8290
26721,8291
26722,8292
26723,8293
26724,8294
26725,8295
26726,8296
26727,8297
26728,8298
26729,8299
26730,8300
26731,8301
26732,8302
26733,8303
26734,8304
26735,8305
26736,8306
26737,8307
26738,8308
26739,8309
26740,8310
26741,8311
26742,8312
26743,8313
26744,8314
26745,8315
26746,8316
26747,8317
26748,8318
26749,8319
26750,8320
26751,8321
26752,8322
26753,8323
26754,8324
26755,8325
26756,8326
26757,8327
26758,8328
26759,8329
26760,8330
26761,8331
26762,8332
26763,8333
26764,8334
26765,8335
26766,8336
26767,8337
26768,8338
26769,8339
26770,8340
26771,8341
26772,8342
26773,8343
26774,8344
26775,8345
26776,8346
26777,8347
26778,8348
26779,8349
26780,8350
26781,8351
26782,8352
26783,8353
26784,8354
26785,8355
26786,8356
26787,8357
26788,8358
26789,8359
26790,8360
26791,8361
26792,8362
26793,8363
26794,8364
26795,8365
26796,8366
26797,8367
26798,8368
26799,8369
26800,8370
26801,8371
26802,8372
26803,8373
26804,8374
26805,8375
26806,8376
26807,8377
26808,8378
26809,8379
26810,8380
26811,8381
26812,8382
26813,8383
26814,8384
26815,8385
26816,8386
26817,8387
26818,8388
26819,8389
26820,8390
26821,8391
26822,8392
26823,8393
26824,8394
26825,8395
26826,8396
26827,8397
26828,8398
26829,8399
26830,8400
26831,8401
26832,8402
26833,8403
26834,8404
26835,8405
26836,8406
26837,8407
26838,8408
26839,8409
26840,8410
26841,8411
26842,8412
26843,8413
26844,8414
26845,8415
26846,8416
26847,8417
26848,8418
26849,8419
26850,8420
26851,8421
26852,8422
26853,8423
26854,8424
26855,8425
26856,8426
26857,8427
26858,8428
26859,8429
26860,8430
26861,8431
26862,8432
26863,8433
26864,8434
26865,8435
26866,8436
26867,8437
26868,8438
26869,8439
26870,8440
26871,8441
26872,8442
26873,8443
26874,8444
26875,8445
26876,8446
26877,8447
26878,8448
26879,8449
26880,8450
26881,8451
26882,8452
26883,8453
26884,8454
26885,8455
26886,8456
26887,8457
26888,8458
26889,8459
26890,8460
26891,8461
26892,8462
26893,8463
26894,8464
26895,8465
26896,8466
26897,8467
26898,8468
26899,8469
26900,8470
26901,8471
26902,8472
26903,8473
26904,8474
26905,8475
26906,8476
26907,8477
26908,8478
26909,8479
26910,8480
26911,8481
26912,8482
26913,8483
26914,8484
26915,8485
26916,8486
26917,8487
26918,8488
26919,8489
26920,8490
26921,8491
26922,8492
26923,8493
26924,8494
26925,8495
26926,8496
26927,8497
26928,8498
26929,8499
26930,8500
26931,8501
26932,8502
26933,8503
26934,8504
26935,8505
26936,8506
26937,8507
26938,8508
26939,8509
26940,8510
26941,8511
26942,8512
26943,8513
26944,8514
26945,8515
26946,8516
26947,8517
26948,8518
26949,8519
26950,8520
26951,8521
26952,8522
26953,8523
26954,8524
26955,8525
26956,8526
26957,8527
26958,8528
26959,8529
26960,8530
26961,8531
26962,8532
26963,8533
26964,8534
26965,8535
26966,8536
26967,8537
26968,8538
26969,8539
26970,8540
26971,8541
26972,8542
26973,8543
26974,8544
26975,8545
26976,8546
26977,8547
26978,8548
26979,8549
26980,8550
26981,8551
26982,8552
26983,8553
26984,8554
26985,8555
26986,8556
26987,8557
26988,8558
26989,8559
26990,8560
26991,8561
26992,8562
26993,8563
26994,8564
26995,8565
26996,8566
26997,8567
26998,8568
26999,8569
27000,8570
27001,8571
27002,8572
27003,8573
27004,8574
27005,8575
27006,8576
27007,8577
27008,8578
27009,8579
27010,8580
27011,8581
27012,8582
27013,8583
27014,8584
27015,8585
27016,8586
27017,8587
27018,8588
27019,8589
27020,8590
27021,8591
27022,8592
27023,8593
27024,8594
27025,8595
27026,8596
27027,8597
27028,8598
27029,8599
27030,8600
27031,8601
27032,8602
27033,8603
27034,8604
27035,8605
27036,8606
27037,8607
27038,8608
27039,8609
27040,8610
27041,8611
27042,8612
27043,8613
27044,8614
27045,8615
27046,8616
27047,8617
27048,8618
27049,8619
27050,8620
27051,8621
27052,8622
27053,8623
27054,8624
27055,8625
27056,8626
27057,8627
27058,8628
27059,8629
27060,8630
27061,8631
27062,8632
27063,8633
27064,8634
27065,8635
27066,8636
27067,8637
27068,8638
27069,8639
27070,8640
27071,8641
27072,8642
27073,8643
27074,8644
27075,8645
27076,8646
27077,8647
27078,8648
27079,8649
27080,8650
27081,8651
27082,8652
27083,8653
27084,8654
27085,8655
27086,8656
27087,8657
27088,8658
27089,8659
27090,8660
27091,8661
27092,8662
27093,8663
27094,8664
27095,8665
27096,8666
27097,8667
27098,8668
27099,8669
27100,8670
27101,8671
27102,8672
27103,8673
27104,8674
27105,8675
27106,8676
27107,8677
27108,8678
27109,8679
27110,8680
27111,8681
27112,8682
27113,8683
27114,8684
27115,8685
27116,8686
27117,8687
27118,8688
27119,8689
27120,8690
27121,8691
27122,8692
27123,8693
27124,8694
27125,8695
27126,8696
27127,8697
27128,8698
27129,8699
27130,8700
27131,8701
27132,8702
27133,8703
27134,8704
27135,8705
27136,8706
27137,8707
27138,8708
27139,8709
27140,8710
27141,8711
27142,8712
27143,8713
27144,8714
27145,8715
27146,8716
27147,8717
27148,8718
27149,8719
27150,8720
27151,8721
27152,8722
27153,8723
27154,8724
27155,8725
27156,8726
27157,8727
27158,8728
27159,8729
27160,8730
27161,8731
27162,8732
27163,8733
27164,8734
27165,8735
27166,8736
27167,8737
27168,8738
27169,8739
27170,8740
27171,8741
27172,8742
27173,8743
27174,8744
27175,8745
27176,8746
27177,8747
27178,8748
27179,8749
27180,8750
27181,8751
27182,8752
27183,8753
27184,8754
27185,8755
27186,8756
27187,8757
27188,8758
27189,8759
27190,8760
27191,8761
27192,8762
27193,8763
27194,8764
27195,8765
27196,8766
27197,8767
27198,8768
27199,8769
27200,8770
27201,8771
27202,8772
27203,8773
27204,8774
27205,8775
27206,8776
27207,8777
27208,8778
27209,8779
27210,8780
27211,8781
27212,8782
27213,8783
27214,8784
27215,8785
27216,8786
27217,8787
27218,8788
27219,8789
27220,8790
27221,8791
27222,8792
27223,8793
27224,8794
27225,8795
27226,8796
27227,8797
27228,8798
27229,8799
27230,8800
27231,8801
27232,8802
27233,8803
27234,8804
27235,8805
27236,8806
27237,8807
27238,8808
27239,8809
27240,8810
27241,8811
27242,8812
27243,8813
27244,8814
27245,8815
27246,8816
27247,8817
27248,8818
27249,8819
27250,8820
27251,8821
27252,8822
27253,8823
27254,8824
27255,8825
27256,8826
27257,8827
27258,8828
27259,8829
27260,8830
27261,8831
27262,8832
27263,8833
27264,8834
27265,8835
27266,8836
27267,8837
27268,8838
27269,8839
27270,8840
27271,8841
27272,8842
27273,8843
27274,8844
27275,8845
27276,8846
27277,8847
27278,8848
27279,8849
27280,8850
27281,8851
27282,8852
27283,8853
27284,8854
27285,8855
27286,8856
27287,8857
27288,8858
27289,8859
27290,8860
27291,8861
27292,8862
27293,8863
27294,8864
27295,8865
27296,8866
27297,8867
27298,8868
27299,8869
27300,8870
27301,8871
27302,8872
27303,8873
27304,8874
27305,8875
27306,8876
27307,8877
27308,8878
27309,8879
27310,8880
27311,8881
27312,8882
27313,8883
27314,8884
27315,8885
27316,8886
27317,8887
27318,8888
27319,8889
27320,8890
27321,8891
27322,8892
27323,8893
27324,8894
27325,8895
27326,8896
27327,8897
27328,8898
27329,8899
27330,8900
27331,8901
27332,8902
27333,8903
27334,8904
27335,8905
27336,8906
27337,8907
27338,8908
27339,8909
27340,8910
27341,8911
27342,8912
27343,8913
27344,8914
27345,8915
27346,8916
27347,8917
27348,8918
27349,8919
27350,8920
27351,8921
27352,8922
27353,8923
27354,8924
27355,8925
27356,8926
27357,8927
27358,8928
27359,8929
27360,8930
27361,8931
27362,8932
27363,8933
27364,8934
27365,8935
27366,8936
27367,8937
27368,8938
27369,8939
27370,8940
27371,8941
27372,8942
27373,8943
27374,8944
27375,8945
27376,8946
27377,8947
27378,8948
27379,8949
27380,8950
27381,8951
27382,8952
27383,8953
27384,8954
27385,8955
27386,8956
27387,8957
27388,8958
27389,8959
27390,8960
27391,8961
27392,8962
27393,8963
27394,8964
27395,8965
27396,8966
27397,8967
27398,8968
27399,8969
27400,8970
27401,8971
27402,8972
27403,8973
27404,8974
27405,8975
27406,8976
27407,8977
27408,8978
27409,8979
27410,8980
27411,8981
27412,8982
27413,8983
27414,8984
27415,8985
27416,8986
27417,8987
27418,8988
27419,8989
27420,8990
27421,8991
27422,8992
27423,8993
27424,8994
27425,8995
27426,8996
27427,8997
27428,8998
27429,8999
27430,9000
27431,9001
27432,9002
27433,9003
27434,9004
27435,9005
27436,9006
27437,9007
27438,9008
27439,9009
27440,9010
27441,9011
27442,9012
27443,9013
27444,9014
27445,9015
27446,9016
27447,9017
27448,9018
27449,9019
27450,9020
27451,9021
27452,9022
27453,9023
27454,9024
27455,9025
27456,9026
27457,9027
27458,9028
27459,9029
27460,9030
27461,9031
27462,9032
27463,9033
27464,9034
27465,9035
27466,9036
27467,9037
27468,9038
27469,9039
27470,9040
27471,9041
27472,9042
27473,9043
27474,9044
27475,9045
27476,9046
27477,9047
27478,9048
27479,9049
27480,9050
27481,9051
27482,9052
27483,9053
27484,9054
27485,9055
27486,9056
27487,9057
27488,9058
27489,9059
27490,9060
27491,9061
27492,9062
27493,9063
27494,9064
27495,9065
27496,9066
27497,9067
27498,9068
27499,9069
27500,9070
27501,9071
27502,9072
27503,9073
27504,9074
27505,9075
27506,9076
27507,9077
27508,9078
27509,9079
27510,9080
27511,9081
27512,9082
27513,9083
27514,9084
27515,9085
27516,9086
27517,9087
27518,9088
27519,9089
27520,9090
27521,9091
27522,9092
27523,9093
27524,9094
27525,9095
27526,9096
27527,9097
27528,9098
27529,9099
27530,9100
27531,9101
27532,9102
27533,9103
27534,9104
27535,9105
27536,9106
27537,9107
27538,9108
27539,9109
27540,9110
27541,9111
27542,9112
27543,9113
27544,9114
27545,9115
27546,9116
27547,9117
27548,9118
27549,9119
27550,9120
27551,9121
27552,9122
27553,9123
27554,9124
27555,9125
27556,9126
27557,9127
27558,9128
27559,9129
27560,9130
27561,9131
27562,9132
27563,9133
27564,9134
27565,9135
27566,9136
27567,9137
27568,9138
27569,9139
27570,9140
27571,9141
27572,9142
27573,9143
27574,9144
27575,9145
27576,9146
27577,9147
27578,9148
27579,9149
27580,9150
27581,9151
27582,9152
27583,9153
27584,9154
27585,9155
27586,9156
27587,9157
27588,9158
27589,9159
27590,9160
27591,9161
27592,9162
27593,9163
27594,9164
27595,9165
27596,9166
27597,9167
27598,9168
27599,9169
27600,9170
27601,9171
27602,9172
27603,9173
27604,9174
27605,9175
27606,9176
27607,9177
27608,9178
27609,9179
27610,9180
27611,9181
27612,9182
27613,9183
27614,9184
27615,9185
27616,9186
27617,9187
27618,9188
27619,9189
27620,9190
27621,9191
27622,9192
27623,9193
27624,9194
27625,9195
27626,9196
27627,9197
27628,9198
27629,9199
27630,9200
27631,9201
27632,9202
27633,9203
27634,9204
27635,9205
27636,9206
27637,9207
27638,9208
27639,9209
27640,9210
27641,9211
27642,9212
27643,9213
27644,9214
27645,9215
27646,9216
27647,9217
27648,9218
27649,9219
27650,9220
27651,9221
27652,9222
27653,9223
27654,9224
27655,9225
27656,9226
27657,9227
27658,9228
27659,9229
27660,9230
27661,9231
27662,9232
27663,9233
27664,9234
27665,9235
27666,9236
27667,9237
27668,9238
27669,9239
27670,9240
27671,9241
27672,9242
27673,9243
27674,9244
27675,9245
27676,9246
27677,9247
27678,9248
27679,9249
27680,9250
27681,9251
27682,9252
27683,9253
27684,9254
27685,9255
27686,9256
27687,9257
27688,9258
27689,9259
27690,9260
27691,9261
27692,9262
27693,9263
27694,9264
27695,9265
27696,9266
27697,9267
27698,9268
27699,9269
27700,9270
27701,9271
27702,9272
27703,9273
27704,9274
27705,9275
27706,9276
27707,9277
27708,9278
27709,9279
27710,9280
27711,9281
27712,9282
27713,9283
27714,9284
27715,9285
27716,9286
27717,9287
27718,9288
27719,9289
27720,9290
27721,9291
27722,9292
27723,9293
27724,9294
27725,9295
27726,9296
27727,9297
27728,9298
27729,9299
27730,9300
27731,9301
27732,9302
27733,9303
27734,9304
27735,9305
27736,9306
27737,9307
27738,9308
27739,9309
27740,9310
27741,9311
27742,9312
27743,9313
27744,9314
27745,9315
27746,9316
27747,9317
27748,9318
27749,9319
27750,9320
27751,9321
27752,9322
27753,9323
27754,9324
27755,9325
27756,9326
27757,9327
27758,9328
27759,9329
27760,9330
27761,9331
27762,9332
27763,9333
27764,9334
27765,9335
27766,9336
27767,9337
27768,9338
27769,9339
27770,9340
27771,9341
27772,9342
27773,9343
27774,9344
27775,9345
27776,9346
27777,9347
27778,9348
27779,9349
27780,9350
27781,9351
27782,9352
27783,9353
27784,9354
27785,9355
27786,9356
27787,9357
27788,9358
27789,9359
27790,9360
27791,9361
27792,9362
27793,9363
27794,9364
27795,9365
27796,9366
27797,9367
27798,9368
27799,9369
27800,9370
27801,9371
27802,9372
27803,9373
27804,9374
27805,9375
27806,9376
27807,9377
27808,9378
27809,9379
27810,9380
27811,9381
27812,9382
27813,9383
27814,9384
27815,9385
27816,9386
27817,9387
27818,9388
27819,9389
27820,9390
27821,9391
27822,9392
27823,9393
27824,9394
27825,9395
27826,9396
27827,9397
27828,9398
27829,9399
27830,9400
27831,9401
27832,9402
27833,9403
27834,9404
27835,9405
27836,9406
27837,9407
27838,9408
27839,9409
27840,9410
27841,9411
27842,9412
27843,9413
27844,9414
27845,9415
27846,9416
27847,9417
27848,9418
27849,9419
27850,9420
27851,9421
27852,9422
27853,9423
27854,9424
27855,9425
27856,9426
27857,9427
27858,9428
27859,9429
27860,9430
27861,9431
27862,9432
27863,9433
27864,9434
27865,9435
27866,9436
27867,9437
27868,9438
27869,9439
27870,9440
27871,9441
27872,9442
27873,9443
27874,9444
27875,9445
27876,9446
27877,9447
27878,9448
27879,9449
27880,9450
27881,9451
27882,9452
27883,9453
27884,9454
27885,9455
27886,9456
27887,9457
27888,9458
27889,9459
27890,9460
27891,9461
27892,9462
27893,9463
27894,9464
27895,9465
27896,9466
27897,9467
27898,9468
27899,9469
27900,9470
27901,9471
27902,9472
27903,9473
27904,9474
27905,9475
27906,9476
27907,9477
27908,9478
27909,9479
27910,9480
27911,9481
27912,9482
27913,9483
27914,9484
27915,9485
27916,9486
27917,9487
27918,9488
27919,9489
27920,9490
27921,9491
27922,9492
27923,9493
27924,9494
27925,9495
27926,9496
27927,9497
27928,9498
27929,9499
27930,9500
27931,9501
27932,9502
27933,9503
27934,9504
27935,9505
27936,9506
27937,9507
27938,9508
27939,9509
27940,9510
27941,9511
27942,9512
27943,9513
27944,9514
27945,9515
27946,9516
27947,9517
27948,9518
27949,9519
27950,9520
27951,9521
27952,9522
27953,9523
27954,9524
27955,9525
27956,9526
27957,9527
27958,9528
27959,9529
27960,9530
27961,9531
27962,9532
27963,9533
27964,9534
27965,9535
27966,9536
27967,9537
27968,9538
27969,9539
27970,9540
27971,9541
27972,9542
27973,9543
27974,9544
27975,9545
27976,9546
27977,9547
27978,9548
27979,9549
27980,9550
27981,9551
27982,9552
27983,9553
27984,9554
27985,9555
27986,9556
27987,9557
27988,9558
27989,9559
27990,9560
27991,9561
27992,9562
27993,9563
27994,9564
27995,9565
27996,9566
27997,9567
27998,9568
27999,9569
28000,9570
28001,9571
28002,9572
28003,9573
28004,9574
28005,9575
28006,9576
28007,9577
28008,9578
28009,9579
28010,9580
28011,9581
28012,9582
28013,9583
28014,9584
28015,9585
28016,9586
28017,9587
28018,9588
28019,9589
28020,9590
28021,9591
28022,9592
28023,9593
28024,9594
28025,9595
28026,9596
28027,9597
28028,9598
28029,9599
28030,9600
28031,9601
28032,9602
28033,9603
28034,9604
28035,9605
28036,9606
28037,9607
28038,9608
28039,9609
28040,9610
28041,9611
28042,9612
28043,9613
28044,9614
28045,9615
28046,9616
28047,9617
28048,9618
28049,9619
28050,9620
28051,9621
28052,9622
28053,9623
28054,9624
28055,9625
28056,9626
28057,9627
28058,9628
28059,9629
28060,9630
28061,9631
28062,9632
28063,9633
28064,9634
28065,9635
28066,9636
28067,9637
28068,9638
28069,9639
28070,9640
28071,9641
28072,9642
28073,9643
28074,9644
28075,9645
28076,9646
28077,9647
28078,9648
28079,9649
28080,9650
28081,9651
28082,9652
28083,9653
28084,9654
28085,9655
28086,9656
28087,9657
28088,9658
28089,9659
28090,9660
28091,9661
28092,9662
28093,9663
28094,9664
28095,9665
28096,9666
28097,9667
28098,9668
28099,9669
28100,9670
28101,9671
28102,9672
28103,9673
28104,9674
28105,9675
28106,9676
28107,9677
28108,9678
28109,9679
28110,9680
28111,9681
28112,9682
28113,9683
28114,9684
28115,9685
28116,9686
28117,9687
28118,9688
28119,9689
28120,9690
28121,9691
28122,9692
28123,9693
28124,9694
28125,9695
28126,9696
28127,9697
28128,9698
28129,9699
28130,9700
28131,9701
28132,9702
28133,9703
28134,9704
28135,9705
28136,9706
28137,9707
28138,9708
28139,9709
28140,9710
28141,9711
28142,9712
28143,9713
28144,9714
28145,9715
28146,9716
28147,9717
28148,9718
28149,9719
28150,9720
28151,9721
28152,9722
28153,9723
28154,9724
28155,9725
28156,9726
28157,9727
28158,9728
28159,9729
28160,9730
28161,9731
28162,9732
28163,9733
28164,9734
28165,9735
28166,9736
28167,9737
28168,9738
28169,9739
28170,9740
28171,9741
28172,9742
28173,9743
28174,9744
28175,9745
28176,9746
28177,9747
28178,9748
28179,9749
28180,9750
28181,9751
28182,9752
28183,9753
28184,9754
28185,9755
28186,9756
28187,9757
28188,9758
28189,9759
28190,9760
28191,9761
28192,9762
28193,9763
28194,9764
28195,9765
28196,9766
28197,9767
28198,9768
28199,9769
28200,9770
28201,9771
28202,9772
28203,9773
28204,9774
28205,9775
28206,9776
28207,9777
28208,9778
28209,9779
28210,9780
28211,9781
28212,9782
28213,9783
28214,9784
28215,9785
28216,9786
28217,9787
28218,9788
28219,9789
28220,9790
28221,9791
28222,9792
28223,9793
28224,9794
28225,9795
28226,9796
28227,9797
28228,9798
28229,9799
28230,9800
28231,9801
28232,9802
28233,9803
28234,9804
28235,9805
28236,9806
28237,9807
28238,9808
28239,9809
28240,9810
28241,9811
28242,9812
28243,9813
28244,9814
28245,9815
28246,9816
28247,9817
28248,9818
28249,9819
28250,9820
28251,9821
28252,9822
28253,9823
28254,9824
28255,9825
28256,9826
28257,9827
28258,9828
28259,9829
28260,9830
28261,9831
28262,9832
28263,9833
28264,9834
28265,9835
28266,9836
28267,9837
28268,9838
28269,9839
28270,9840
28271,9841
28272,9842
28273,9843
28274,9844
28275,9845
28276,9846
28277,9847
28278,9848
28279,9849
28280,9850
28281,9851
28282,9852
28283,9853
28284,9854
28285,9855
28286,9856
28287,9857
28288,9858
28289,9859
28290,9860
28291,9861
28292,9862
28293,9863
28294,9864
28295,9865
28296,9866
28297,9867
28298,9868
28299,9869
28300,9870
28301,9871
28302,9872
28303,9873
28304,9874
28305,9875
28306,9876
28307,9877
28308,9878
28309,9879
28310,9880
28311,9881
28312,9882
28313,9883
28314,9884
28315,9885
28316,9886
28317,9887
28318,9888
28319,9889
28320,9890
28321,9891
28322,9892
28323,9893
28324,9894
28325,9895
28326,9896
28327,9897
28328,9898
28329,9899
28330,9900
28331,9901
28332,9902
28333,9903
28334,9904
28335,9905
28336,9906
28337,9907
28338,9908
28339,9909
28340,9910
28341,9911
28342,9912
28343,9913
28344,9914
28345,9915
28346,9916
28347,9917
28348,9918
28349,9919
28350,9920
28351,9921
28352,9922
28353,9923
28354,9924
28355,9925
28356,9926
28357,9927
28358,9928
28359,9929
28360,9930
28361,9931
28362,9932
28363,9933
28364,9934
28365,9935
28366,9936
28367,9937
28368,9938
28369,9939
28370,9940
28371,9941
28372,9942
28373,9943
28374,9944
28375,9945
28376,9946
28377,9947
28378,9948
28379,9949
28380,9950
28381,9951
28382,9952
28383,9953
28384,9954
28385,9955
28386,9956
28387,9957
28388,9958
28389,9959
28390,9960
28391,9961
28392,9962
28393,9963
28394,9964
28395,9965
28396,9966
28397,9967
28398,9968
28399,9969
28400,9970
28401,9971
28402,9972
28403,9973
28404,9974
28405,9975
28406,9976
28407,9977
28408,9978
28409,9979
28410,9980
28411,9981
28412,9982
28413,9983
28414,9984
28415,9985
28416,9986
28417,9987
28418,9988
28419,9989
28420,9990
28421,9991
28422,9992
28423,9993
28424,9994
28425,9995
28426,9996
28427,9997
28428,9998
28429,9999
28430,10000
28431,10001
28432,10002
28433,10003
28434,10004
28435,10005
28436,10006
28437,10007
28438,10008
28439,10009
28440,10010
28441,10011
28442,10012
28443,10013
28444,10014
28445,10015
28446,10016
28447,10017
28448,10018
28449,10019
28450,10020
28451,10021
28452,10022
28453,10023
28454,10024
28455,10025
28456,10026
28457,10027
28458,10028
28459,10029
28460,10030
28461,10031
28462,10032
28463,10033
28464,10034
28465,10035
28466,10036
28467,10037
28468,10038
28469,10039
28470,10040
28471,10041
28472,10042
28473,10043
28474,10044
28475,10045
28476,10046
28477,10047
28478,10048
28479,10049
28480,10050
28481,10051
28482,10052
28483,10053
28484,10054
28485,10055
28486,10056
28487,10057
28488,10058
28489,10059
28490,10060
28491,10061
28492,10062
28493,10063
28494,10064
28495,10065
28496,10066
28497,10067
28498,10068
28499,10069
28500,10070
28501,10071
28502,10072
28503,10073
28504,10074
28505,10075
28506,10076
28507,10077
28508,10078
28509,10079
28510,10080
28511,10081
28512,10082
28513,10083
28514,10084
28515,10085
28516,10086
28517,10087
28518,10088
28519,10089
28520,10090
28521,10091
28522,10092
28523,10093
28524,10094
28525,10095
28526,10096
28527,10097
28528,10098
28529,10099
28530,10100
28531,10101
28532,10102
28533,10103
28534,10104
28535,10105
28536,10106
28537,10107
28538,10108
28539,10109
28540,10110
28541,10111
28542,10112
28543,10113
28544,10114
28545,10115
28546,10116
28547,10117
28548,10118
28549,10119
28550,10120
28551,10121
28552,10122
28553,10123
28554,10124
28555,10125
28556,10126
28557,10127
28558,10128
28559,10129
28560,10130
28561,10131
28562,10132
28563,10133
28564,10134
28565,10135
28566,10136
28567,10137
28568,10138
28569,10139
28570,10140
28571,10141
28572,10142
28573,10143
28574,10144
28575,10145
28576,10146
28577,10147
28578,10148
28579,10149
28580,10150
28581,10151
28582,10152
28583,10153
28584,10154
28585,10155
28586,10156
28587,10157
28588,10158
28589,10159
28590,10160
28591,10161
28592,10162
28593,10163
28594,10164
28595,10165
28596,10166
28597,10167
28598,10168
28599,10169
28600,10170
28601,10171
28602,10172
28603,10173
28604,10174
28605,10175
28606,10176
28607,10177
28608,10178
28609,10179
28610,10180
28611,10181
28612,10182
28613,10183
28614,10184
28615,10185
28616,10186
28617,10187
28618,10188
28619,10189
28620,10190
28621,10191
28622,10192
28623,10193
28624,10194
28625,10195
28626,10196
28627,10197
28628,10198
28629,10199
28630,10200
28631,10201
28632,10202
28633,10203
28634,10204
28635,10205
28636,10206
28637,10207
28638,10208
28639,10209
28640,10210
28641,10211
28642,10212
28643,10213
28644,10214
28645,10215
28646,10216
28647,10217
28648,10218
28649,10219
28650,10220
28651,10221
28652,10222
28653,10223
28654,10224
28655,10225
28656,10226
28657,10227
28658,10228
28659,10229
28660,10230
28661,10231
28662,10232
28663,10233
28664,10234
28665,10235
28666,10236
28667,10237
28668,10238
28669,10239
28670,10240
28671,10241
28672,10242
28673,10243
28674,10244
28675,10245
28676,10246
28677,10247
28678,10248
28679,10249
28680,10250
28681,10251
28682,10252
28683,10253
28684,10254
28685,10255
28686,10256
28687,10257
28688,10258
28689,10259
28690,10260
28691,10261
28692,10262
28693,10263
28694,10264
28695,10265
28696,10266
28697,10267
28698,10268
28699,10269
28700,10270
28701,10271
28702,10272
28703,10273
28704,10274
28705,10275
28706,10276
28707,10277
28708,10278
28709,10279
28710,10280
28711,10281
28712,10282
28713,10283
28714,10284
28715,10285
28716,10286
28717,10287
28718,10288
28719,10289
28720,10290
28721,10291
28722,10292
28723,10293
28724,10294
28725,10295
28726,10296
28727,10297
28728,10298
28729,10299
28730,10300
28731,10301
28732,10302
28733,10303
28734,10304
28735,10305
28736,10306
28737,10307
28738,10308
28739,10309
28740,10310
28741,10311
28742,10312
28743,10313
28744,10314
28745,10315
28746,10316
28747,10317
28748,10318
28749,10319
28750,10320
28751,10321
28752,10322
28753,10323
28754,10324
28755,10325
28756,10326
28757,10327
28758,10328
28759,10329
28760,10330
28761,10331
28762,10332
28763,10333
28764,10334
28765,10335
28766,10336
28767,10337
28768,10338
28769,10339
28770,10340
28771,10341
28772,10342
28773,10343
28774,10344
28775,10345
28776,10346
28777,10347
28778,10348
28779,10349
28780,10350
28781,10351
28782,10352
28783,10353
28784,10354
28785,10355
28786,10356
28787,10357
28788,10358
28789,10359
28790,10360
28791,10361
28792,10362
28793,10363
28794,10364
28795,10365
28796,10366
28797,10367
28798,10368
28799,10369
28800,10370
28801,10371
28802,10372
28803,10373
28804,10374
28805,10375
28806,10376
28807,10377
28808,10378
28809,10379
28810,10380
28811,10381
28812,10382
28813,10383
28814,10384
28815,10385
28816,10386
28817,10387
28818,10388
28819,10389
28820,10390
28821,10391
28822,10392
28823,10393
28824,10394
28825,10395
28826,10396
28827,10397
28828,10398
28829,10399
28830,10400
28831,10401
28832,10402
28833,10403
28834,10404
28835,10405
28836,10406
28837,10407
28838,10408
28839,10409
28840,10410
28841,10411
28842,10412
28843,10413
28844,10414
28845,10415
28846,10416
28847,10417
28848,10418
28849,10419
28850,10420
28851,10421
28852,10422
28853,10423
28854,10424
28855,10425
28856,10426
28857,10427
28858,10428
28859,10429
28860,10430
28861,10431
28862,10432
28863,10433
28864,10434
28865,10435
28866,10436
28867,10437
28868,10438
28869,10439
28870,10440
28871,10441
28872,10442
28873,10443
28874,10444
28875,10445
28876,10446
28877,10447
28878,10448
28879,10449
28880,10450
28881,10451
28882,10452
28883,10453
28884,10454
28885,10455
28886,10456
28887,10457
28888,10458
28889,10459
28890,10460
28891,10461
28892,10462
28893,10463
28894,10464
28895,10465
28896,10466
28897,10467
28898,10468
28899,10469
28900,10470
28901,10471
28902,10472
28903,10473
28904,10474
28905,10475
28906,10476
28907,10477
28908,10478
28909,10479
28910,10480
28911,10481
28912,10482
28913,10483
28914,10484
28915,10485
28916,10486
28917,10487
28918,10488
28919,10489
28920,10490
28921,10491
28922,10492
28923,10493
28924,10494
28925,10495
28926,10496
28927,10497
28928,10498
28929,10499
28930,10500
28931,10501
28932,10502
28933,10503
28934,10504
28935,10505
28936,10506
28937,10507
28938,10508
28939,10509
28940,10510
28941,10511
28942,10512
28943,10513
28944,10514
28945,10515
28946,10516
28947,10517
28948,10518
28949,10519
28950,10520
28951,10521
28952,10522
28953,10523
28954,10524
28955,10525
28956,10526
28957,10527
28958,10528
28959,10529
28960,10530
28961,10531
28962,10532
28963,10533
28964,10534
28965,10535
28966,10536
28967,10537
28968,10538
28969,10539
28970,10540
28971,10541
28972,10542
28973,10543
28974,10544
28975,10545
28976,10546
28977,10547
28978,10548
28979,10549
28980,10550
28981,10551
28982,10552
28983,10553
28984,10554
28985,10555
28986,10556
28987,10557
28988,10558
28989,10559
28990,10560
28991,10561
28992,10562
28993,10563
28994,10564
28995,10565
28996,10566
28997,10567
28998,10568
28999,10569
29000,10570
29001,10571
29002,10572
29003,10573
29004,10574
29005,10575
29006,10576
29007,10577
29008,10578
29009,10579
29010,10580
29011,10581
29012,10582
29013,10583
29014,10584
29015,10585
29016,10586
29017,10587
29018,10588
29019,10589
29020,10590
29021,10591
29022,10592
29023,10593
29024,10594
29025,10595
29026,10596
29027,10597
29028,10598
29029,10599
29030,10600
29031,10601
29032,10602
29033,10603
29034,10604
29035,10605
29036,10606
29037,10607
29038,10608
29039,10609
29040,10610
29041,10611
29042,10612
29043,10613
29044,10614
29045,10615
29046,10616
29047,10617
29048,10618
29049,10619
29050,10620
29051,10621
29052,10622
29053,10623
29054,10624
29055,10625
29056,10626
29057,10627
29058,10628
29059,10629
29060,10630
29061,10631
29062,10632
29063,10633
29064,10634
29065,10635
29066,10636
29067,10637
29068,10638
29069,10639
29070,10640
29071,10641
29072,10642
29073,10643
29074,10644
29075,10645
29076,10646
29077,10647
29078,10648
29079,10649
29080,10650
29081,10651
29082,10652
29083,10653
29084,10654
29085,10655
29086,10656
29087,10657
29088,10658
29089,10659
29090,10660
29091,10661
29092,10662
29093,10663
29094,10664
29095,10665
29096,10666
29097,10667
29098,10668
29099,10669
29100,10670
29101,10671
29102,10672
29103,10673
29104,10674
29105,10675
29106,10676
29107,10677
29108,10678
29109,10679
29110,10680
29111,10681
29112,10682
29113,10683
29114,10684
29115,10685
29116,10686
29117,10687
29118,10688
29119,10689
29120,10690
29121,10691
29122,10692
29123,10693
29124,10694
29125,10695
29126,10696
29127,10697
29128,10698
29129,10699
29130,10700
29131,10701
29132,10702
29133,10703
29134,10704
29135,10705
29136,10706
29137,10707
29138,10708
29139,10709
29140,10710
29141,10711
29142,10712
29143,10713
29144,10714
29145,10715
29146,10716
29147,10717
29148,10718
29149,10719
29150,10720
29151,10721
29152,10722
29153,10723
29154,10724
29155,10725
29156,10726
29157,10727
29158,10728
29159,10729
29160,10730
29161,10731
29162,10732
29163,10733
29164,10734
29165,10735
29166,10736
29167,10737
29168,10738
29169,10739
29170,10740
29171,10741
29172,10742
29173,10743
29174,10744
29175,10745
29176,10746
29177,10747
29178,10748
29179,10749
29180,10750
29181,10751
29182,10752
29183,10753
29184,10754
29185,10755
29186,10756
29187,10757
29188,10758
29189,10759
29190,10760
29191,10761
29192,10762
29193,10763
29194,10764
29195,10765
29196,10766
29197,10767
29198,10768
29199,10769
29200,10770
29201,10771
29202,10772
29203,10773
29204,10774
29205,10775
29206,10776
29207,10777
29208,10778
29209,10779
29210,10780
29211,10781
29212,10782
29213,10783
29214,10784
29215,10785
29216,10786
29217,10787
29218,10788
29219,10789
29220,10790
29221,10791
29222,10792
29223,10793
29224,10794
29225,10795
29226,10796
29227,10797
29228,10798
29229,10799
29230,10800
29231,10801
29232,10802
29233,10803
29234,10804
29235,10805
29236,10806
29237,10807
29238,10808
29239,10809
29240,10810
29241,10811
29242,10812
29243,10813
29244,10814
29245,10815
29246,10816
29247,10817
29248,10818
29249,10819
29250,10820
29251,10821
29252,10822
29253,10823
29254,10824
29255,10825
29256,10826
29257,10827
29258,10828
29259,10829
29260,10830
29261,10831
29262,10832
29263,10833
29264,10834
29265,10835
29266,10836
29267,10837
29268,10838
29269,10839
29270,10840
29271,10841
29272,10842
29273,10843
29274,10844
29275,10845
29276,10846
29277,10847
29278,10848
29279,10849
29280,10850
29281,10851
29282,10852
29283,10853
29284,10854
29285,10855
29286,10856
29287,10857
29288,10858
29289,10859
29290,10860
29291,10861
29292,10862
29293,10863
29294,10864
29295,10865
29296,10866
29297,10867
29298,10868
29299,10869
29300,10870
29301,10871
29302,10872
29303,10873
29304,10874
29305,10875
29306,10876
29307,10877
29308,10878
29309,10879
29310,10880
29311,10881
29312,10882
29313,10883
29314,10884
29315,10885
29316,10886
29317,10887
29318,10888
29319,10889
29320,10890
29321,10891
29322,10892
29323,10893
29324,10894
29325,10895
29326,10896
29327,10897
29328,10898
29329,10899
29330,10900
29331,10901
29332,10902
29333,10903
29334,10904
29335,10905
29336,10906
29337,10907
29338,10908
29339,10909
29340,10910
29341,10911
29342,10912
29343,10913
29344,10914
29345,10915
29346,10916
29347,10917
29348,10918
29349,10919
29350,10920
29351,10921
29352,10922
29353,10923
29354,10924
29355,10925
29356,10926
29357,10927
29358,10928
29359,10929
29360,10930
29361,10931
29362,10932
29363,10933
29364,10934
29365,10935
29366,10936
29367,10937
29368,10938
29369,10939
29370,10940
29371,10941
29372,10942
29373,10943
29374,10944
29375,10945
29376,10946
29377,10947
29378,10948
29379,10949
29380,10950
29381,10951
29382,10952
29383,10953
29384,10954
29385,10955
29386,10956
29387,10957
29388,10958
29389,10959
29390,10960
29391,10961
29392,10962
29393,10963
29394,10964
29395,10965
29396,10966
29397,10967
29398,10968
29399,10969
29400,10970
29401,10971
29402,10972
29403,10973
29404,10974
29405,10975
29406,10976
29407,10977
29408,10978
29409,10979
29410,10980
29411,10981
29412,10982
29413,10983
29414,10984
29415,10985
29416,10986
29417,10987
29418,10988
29419,10989
29420,10990
29421,10991
29422,10992
29423,10993
29424,10994
29425,10995
29426,10996
29427,10997
29428,10998
29429,10999
29430,11000
29431,11001
29432,11002
29433,11003
29434,11004
29435,11005
29436,11006
29437,11007
29438,11008
29439,11009
29440,11010
29441,11011
29442,11012
29443,11013
29444,11014
29445,11015
29446,11016
29447,11017
29448,11018
29449,11019
29450,11020
29451,11021
29452,11022
29453,11023
29454,11024
29455,11025
29456,11026
29457,11027
29458,11028
29459,11029
29460,11030
29461,11031
29462,11032
29463,11033
29464,11034
29465,11035
29466,11036
29467,11037
29468,11038
29469,11039
29470,11040
29471,11041
29472,11042
29473,11043
29474,11044
29475,11045
29476,11046
29477,11047
29478,11048
29479,11049
29480,11050
29481,11051
29482,11052
29483,11053
29484,11054
29485,11055
29486,11056
29487,11057
29488,11058
29489,11059
29490,11060
29491,11061
29492,11062
29493,11063
29494,11064
29495,11065
29496,11066
29497,11067
29498,11068
29499,11069
29500,11070
29501,11071
29502,11072
29503,11073
29504,11074
29505,11075
29506,11076
29507,11077
29508,11078
29509,11079
29510,11080
29511,11081
29512,11082
29513,11083
29514,11084
29515,11085
29516,11086
29517,11087
29518,11088
29519,11089
29520,11090
29521,11091
29522,11092
29523,11093
29524,11094
29525,11095
29526,11096
29527,11097
29528,11098
29529,11099
29530,11100
29531,11101
29532,11102
29533,11103
29534,11104
29535,11105
29536,11106
29537,11107
29538,11108
29539,11109
29540,11110
29541,11111
29542,11112
29543,11113
29544,11114
29545,11115
29546,11116
29547,11117
29548,11118
29549,11119
29550,11120
29551,11121
29552,11122
29553,11123
29554,11124
29555,11125
29556,11126
29557,11127
29558,11128
29559,11129
29560,11130
29561,11131
29562,11132
29563,11133
29564,11134
29565,11135
29566,11136
29567,11137
29568,11138
29569,11139
29570,11140
29571,11141
29572,11142
29573,11143
29574,11144
29575,11145
29576,11146
29577,11147
29578,11148
29579,11149
29580,11150
29581,11151
29582,11152
29583,11153
29584,11154
29585,11155
29586,11156
29587,11157
29588,11158
29589,11159
29590,11160
29591,11161
29592,11162
29593,11163
29594,11164
29595,11165
29596,11166
29597,11167
29598,11168
29599,11169
29600,11170
29601,11171
29602,11172
29603,11173
29604,11174
29605,11175
29606,11176
29607,11177
29608,11178
29609,11179
29610,11180
29611,11181
29612,11182
29613,11183
29614,11184
29615,11185
29616,11186
29617,11187
29618,11188
29619,11189
29620,11190
29621,11191
29622,11192
29623,11193
29624,11194
29625,11195
29626,11196
29627,11197
29628,11198
29629,11199
29630,11200
29631,11201
29632,11202
29633,11203
29634,11204
29635,11205
29636,11206
29637,11207
29638,11208
29639,11209
29640,11210
29641,11211
29642,11212
29643,11213
29644,11214
29645,11215
29646,11216
29647,11217
29648,11218
29649,11219
29650,11220
29651,11221
29652,11222
29653,11223
29654,11224
29655,11225
29656,11226
29657,11227
29658,11228
29659,11229
29660,11230
29661,11231
29662,11232
29663,11233
29664,11234
29665,11235
29666,11236
29667,11237
29668,11238
29669,11239
29670,11240
29671,11241
29672,11242
29673,11243
29674,11244
29675,11245
29676,11246
29677,11247
29678,11248
29679,11249
29680,11250
29681,11251
29682,11252
29683,11253
29684,11254
29685,11255
29686,11256
29687,11257
29688,11258
29689,11259
29690,11260
29691,11261
29692,11262
29693,11263
29694,11264
29695,11265
29696,11266
29697,11267
29698,11268
29699,11269
29700,11270
29701,11271
29702,11272
29703,11273
29704,11274
29705,11275
29706,11276
29707,11277
29708,11278
29709,11279
29710,11280
29711,11281
29712,11282
29713,11283
29714,11284
29715,11285
29716,11286
29717,11287
29718,11288
29719,11289
29720,11290
29721,11291
29722,11292
29723,11293
29724,11294
29725,11295
29726,11296
29727,11297
29728,11298
29729,11299
29730,11300
29731,11301
29732,11302
29733,11303
29734,11304
29735,11305
29736,11306
29737,11307
29738,11308
29739,11309
29740,11310
29741,11311
29742,11312
29743,11313
29744,11314
29745,11315
29746,11316
29747,11317
29748,11318
29749,11319
29750,11320
29751,11321
29752,11322
29753,11323
29754,11324
29755,11325
29756,11326
29757,11327
29758,11328
29759,11329
29760,11330
29761,11331
29762,11332
29763,11333
29764,11334
29765,11335
29766,11336
29767,11337
29768,11338
29769,11339
29770,11340
29771,11341
29772,11342
29773,11343
29774,11344
29775,11345
29776,11346
29777,11347
29778,11348
29779,11349
29780,11350
29781,11351
29782,11352
29783,11353
29784,11354
29785,11355
29786,11356
29787,11357
29788,11358
29789,11359
29790,11360
29791,11361
29792,11362
29793,11363
29794,11364
29795,11365
29796,11366
29797,11367
29798,11368
29799,11369
29800,11370
29801,11371
29802,11372
29803,11373
29804,11374
29805,11375
29806,11376
29807,11377
29808,11378
29809,11379
29810,11380
29811,11381
29812,11382
29813,11383
29814,11384
29815,11385
29816,11386
29817,11387
29818,11388
29819,11389
29820,11390
29821,11391
29822,11392
29823,11393
29824,11394
29825,11395
29826,11396
29827,11397
29828,11398
29829,11399
29830,11400
29831,11401
29832,11402
29833,11403
29834,11404
29835,11405
29836,11406
29837,11407
29838,11408
29839,11409
29840,11410
29841,11411
29842,11412
29843,11413
29844,11414
29845,11415
29846,11416
29847,11417
29848,11418
29849,11419
29850,11420
29851,11421
29852,11422
29853,11423
29854,11424
29855,11425
29856,11426
29857,11427
29858,11428
29859,11429
29860,11430
29861,11431
29862,11432
29863,11433
29864,11434
29865,11435
29866,11436
29867,11437
29868,11438
29869,11439
29870,11440
29871,11441
29872,11442
29873,11443
29874,11444
29875,11445
29876,11446
29877,11447
29878,11448
29879,11449
29880,11450
29881,11451
29882,11452
29883,11453
29884,11454
29885,11455
29886,11456
29887,11457
29888,11458
29889,11459
29890,11460
29891,11461
29892,11462
29893,11463
29894,11464
29895,11465
29896,11466
29897,11467
29898,11468
29899,11469
29900,11470
29901,11471
29902,11472
29903,11473
29904,11474
29905,11475
29906,11476
29907,11477
29908,11478
29909,11479
29910,11480
29911,11481
29912,11482
29913,11483
29914,11484
29915,11485
29916,11486
29917,11487
29918,11488
29919,11489
29920,11490
29921,11491
29922,11492
29923,11493
29924,11494
29925,11495
29926,11496
29927,11497
29928,11498
29929,11499
29930,11500
29931,11501
29932,11502
29933,11503
29934,11504
29935,11505
29936,11506
29937,11507
29938,11508
29939,11509
29940,11510
29941,11511
29942,11512
29943,11513
29944,11514
29945,11515
29946,11516
29947,11517
29948,11518
29949,11519
29950,11520
29951,11521
29952,11522
29953,11523
29954,11524
29955,11525
29956,11526
29957,11527
29958,11528
29959,11529
29960,11530
29961,11531
29962,11532
29963,11533
29964,11534
29965,11535
29966,11536
29967,11537
29968,11538
29969,11539
29970,11540
29971,11541
29972,11542
29973,11543
29974,11544
29975,11545
29976,11546
29977,11547
29978,11548
29979,11549
29980,11550
29981,11551
29982,11552
29983,11553
29984,11554
29985,11555
29986,11556
29987,11557
29988,11558
29989,11559
29990,11560
29991,11561
29992,11562
29993,11563
29994,11564
29995,11565
29996,11566
29997,11567
29998,11568
29999,11569
30000,11570
30001,11571
30002,11572
30003,11573
30004,11574
30005,11575
30006,11576
30007,11577
30008,11578
30009,11579
30010,11580
30011,11581
30012,11582
30013,11583
30014,11584
30015,11585
30016,11586
30017,11587
30018,11588
30019,11589
30020,11590
30021,11591
30022,11592
30023,11593
30024,11594
30025,11595
30026,11596
30027,11597
30028,11598
30029,11599
30030,11600
30031,11601
30032,11602
30033,11603
30034,11604
30035,11605
30036,11606
30037,11607
30038,11608
30039,11609
30040,11610
30041,11611
30042,11612
30043,11613
30044,11614
30045,11615
30046,11616
30047,11617
30048,11618
30049,11619
30050,11620
30051,11621
30052,11622
30053,11623
30054,11624
30055,11625
30056,11626
30057,11627
30058,11628
30059,11629
30060,11630
30061,11631
30062,11632
30063,11633
30064,11634
30065,11635
30066,11636
30067,11637
30068,11638
30069,11639
30070,11640
30071,11641
30072,11642
30073,11643
30074,11644
30075,11645
30076,11646
30077,11647
30078,11648
30079,11649
30080,11650
30081,11651
30082,11652
30083,11653
30084,11654
30085,11655
30086,11656
30087,11657
30088,11658
30089,11659
30090,11660
30091,11661
30092,11662
30093,11663
30094,11664
30095,11665
30096,11666
30097,11667
30098,11668
30099,11669
30100,11670
30101,11671
30102,11672
30103,11673
30104,11674
30105,11675
30106,11676
30107,11677
30108,11678
30109,11679
30110,11680
30111,11681
30112,11682
30113,11683
30114,11684
30115,11685
30116,11686
30117,11687
30118,11688
30119,11689
30120,11690
30121,11691
30122,11692
30123,11693
30124,11694
30125,11695
30126,11696
30127,11697
30128,11698
30129,11699
30130,11700
30131,11701
30132,11702
30133,11703
30134,11704
30135,11705
30136,11706
30137,11707
30138,11708
30139,11709
30140,11710
30141,11711
30142,11712
30143,11713
30144,11714
30145,11715
30146,11716
30147,11717
30148,11718
30149,11719
30150,11720
30151,11721
30152,11722
30153,11723
30154,11724
30155,11725
30156,11726
30157,11727
30158,11728
30159,11729
30160,11730
30161,11731
30162,11732
30163,11733
30164,11734
30165,11735
30166,11736
30167,11737
30168,11738
30169,11739
30170,11740
30171,11741
30172,11742
30173,11743
30174,11744
30175,11745
30176,11746
30177,11747
30178,11748
30179,11749
30180,11750
30181,11751
30182,11752
30183,11753
30184,11754
30185,11755
30186,11756
30187,11757
30188,11758
30189,11759
30190,11760
30191,11761
30192,11762
30193,11763
30194,11764
30195,11765
30196,11766
30197,11767
30198,11768
30199,11769
30200,11770
30201,11771
30202,11772
30203,11773
30204,11774
30205,11775
30206,11776
30207,11777
30208,11778
30209,11779
30210,11780
30211,11781
30212,11782
30213,11783
30214,11784
30215,11785
30216,11786
30217,11787
30218,11788
30219,11789
30220,11790
30221,11791
30222,11792
30223,11793
30224,11794
30225,11795
30226,11796
30227,11797
30228,11798
30229,11799
30230,11800
30231,11801
30232,11802
30233,11803
30234,11804
30235,11805
30236,11806
30237,11807
30238,11808
30239,11809
30240,11810
30241,11811
30242,11812
30243,11813
30244,11814
30245,11815
30246,11816
30247,11817
30248,11818
30249,11819
30250,11820
30251,11821
30252,11822
30253,11823
30254,11824
30255,11825
30256,11826
30257,11827
30258,11828
30259,11829
30260,11830
30261,11831
30262,11832
30263,11833
30264,11834
30265,11835
30266,11836
30267,11837
30268,11838
30269,11839
30270,11840
30271,11841
30272,11842
30273,11843
30274,11844
30275,11845
30276,11846
30277,11847
30278,11848
30279,11849
30280,11850
30281,11851
30282,11852
30283,11853
30284,11854
30285,11855
30286,11856
30287,11857
30288,11858
30289,11859
30290,11860
30291,11861
30292,11862
30293,11863
30294,11864
30295,11865
30296,11866
30297,11867
30298,11868
30299,11869
30300,11870
30301,11871
30302,11872
30303,11873
30304,11874
30305,11875
30306,11876
30307,11877
30308,11878
30309,11879
30310,11880
30311,11881
30312,11882
30313,11883
30314,11884
30315,11885
30316,11886
30317,11887
30318,11888
30319,11889
30320,11890
30321,11891
30322,11892
30323,11893
30324,11894
30325,11895
30326,11896
30327,11897
30328,11898
30329,11899
30330,11900
30331,11901
30332,11902
30333,11903
30334,11904
30335,11905
30336,11906
30337,11907
30338,11908
30339,11909
30340,11910
30341,11911
30342,11912
30343,11913
30344,11914
30345,11915
30346,11916
30347,11917
30348,11918
30349,11919
30350,11920
30351,11921
30352,11922
30353,11923
30354,11924
30355,11925
30356,11926
30357,11927
30358,11928
30359,11929
30360,11930
30361,11931
30362,11932
30363,11933
30364,11934
30365,11935
30366,11936
30367,11937
30368,11938
30369,11939
30370,11940
30371,11941
30372,11942
30373,11943
30374,11944
30375,11945
30376,11946
30377,11947
30378,11948
30379,11949
30380,11950
30381,11951
30382,11952
30383,11953
30384,11954
30385,11955
30386,11956
30387,11957
30388,11958
30389,11959
30390,11960
30391,11961
30392,11962
30393,11963
30394,11964
30395,11965
30396,11966
30397,11967
30398,11968
30399,11969
30400,11970
30401,11971
30402,11972
30403,11973
30404,11974
30405,11975
30406,11976
30407,11977
30408,11978
30409,11979
30410,11980
30411,11981
30412,11982
30413,11983
30414,11984
30415,11985
30416,11986
30417,11987
30418,11988
30419,11989
30420,11990
30421,11991
30422,11992
30423,11993
30424,11994
30425,11995
30426,11996
30427,11997
30428,11998
30429,11999
30430,12000
30431,12001
30432,12002
30433,12003
30434,12004
30435,12005
30436,12006
30437,12007
30438,12008
30439,12009
30440,12010
30441,12011
30442,12012
30443,12013
30444,12014
30445,12015
30446,12016
30447,12017
30448,12018
30449,12019
30450,12020
30451,12021
30452,12022
30453,12023
30454,12024
30455,12025
30456,12026
30457,12027
30458,12028
30459,12029
30460,12030
30461,12031
30462,12032
30463,12033
30464,12034
30465,12035
30466,12036
30467,12037
30468,12038
30469,12039
30470,12040
30471,12041
30472,12042
30473,12043
30474,12044
30475,12045
30476,12046
30477,12047
30478,12048
30479,12049
30480,12050
30481,12051
30482,12052
30483,12053
30484,12054
30485,12055
30486,12056
30487,12057
30488,12058
30489,12059
30490,12060
30491,12061
30492,12062
30493,12063
30494,12064
30495,12065
30496,12066
30497,12067
30498,12068
30499,12069
30500,12070
30501,12071
30502,12072
30503,12073
30504,12074
30505,12075
30506,12076
30507,12077
30508,12078
30509,12079
30510,12080
30511,12081
30512,12082
30513,12083
30514,12084
30515,12085
30516,12086
30517,12087
30518,12088
30519,12089
30520,12090
30521,12091
30522,12092
30523,12093
30524,12094
30525,12095
30526,12096
30527,12097
30528,12098
30529,12099
30530,12100
30531,12101
30532,12102
30533,12103
30534,12104
30535,12105
30536,12106
30537,12107
30538,12108
30539,12109
30540,12110
30541,12111
30542,12112
30543,12113
30544,12114
30545,12115
30546,12116
30547,12117
30548,12118
30549,12119
30550,12120
30551,12121
30552,12122
30553,12123
30554,12124
30555,12125
30556,12126
30557,12127
30558,12128
30559,12129
30560,12130
30561,12131
30562,12132
30563,12133
30564,12134
30565,12135
30566,12136
30567,12137
30568,12138
30569,12139
30570,12140
30571,12141
30572,12142
30573,12143
30574,12144
30575,12145
30576,12146
30577,12147
30578,12148
30579,12149
30580,12150
30581,12151
30582,12152
30583,12153
30584,12154
30585,12155
30586,12156
30587,12157
30588,12158
30589,12159
30590,12160
30591,12161
30592,12162
30593,12163
30594,12164
30595,12165
30596,12166
30597,12167
30598,12168
30599,12169
30600,12170
30601,12171
30602,12172
30603,12173
30604,12174
30605,12175
30606,12176
30607,12177
30608,12178
30609,12179
30610,12180
30611,12181
30612,12182
30613,12183
30614,12184
30615,12185
30616,12186
30617,12187
30618,12188
30619,12189
30620,12190
30621,12191
30622,12192
30623,12193
30624,12194
30625,12195
30626,12196
30627,12197
30628,12198
30629,12199
30630,12200
30631,12201
30632,12202
30633,12203
30634,12204
30635,12205
30636,12206
30637,12207
30638,12208
30639,12209
30640,12210
30641,12211
30642,12212
30643,12213
30644,12214
30645,12215
30646,12216
30647,12217
30648,12218
30649,12219
30650,12220
30651,12221
30652,12222
30653,12223
30654,12224
30655,12225
30656,12226
30657,12227
30658,12228
30659,12229
30660,12230
30661,12231
30662,12232
30663,12233
30664,12234
30665,12235
30666,12236
30667,12237
30668,12238
30669,12239
30670,12240
30671,12241
30672,12242
30673,12243
30674,12244
30675,12245
30676,12246
30677,12247
30678,12248
30679,12249
30680,12250
30681,12251
30682,12252
30683,12253
30684,12254
30685,12255
30686,12256
30687,12257
30688,12258
30689,12259
30690,12260
30691,12261
30692,12262
30693,12263
30694,12264
30695,12265
30696,12266
30697,12267
30698,12268
30699,12269
30700,12270
30701,12271
30702,12272
30703,12273
30704,12274
30705,12275
30706,12276
30707,12277
30708,12278
30709,12279
30710,12280
30711,12281
30712,12282
30713,12283
30714,12284
30715,12285
30716,12286
30717,12287
30718,12288
30719,12289
30720,12290
30721,12291
30722,12292
30723,12293
30724,12294
30725,12295
30726,12296
30727,12297
30728,12298
30729,12299
30730,12300
30731,12301
30732,12302
30733,12303
30734,12304
30735,12305
30736,12306
30737,12307
30738,12308
30739,12309
30740,12310
30741,12311
30742,12312
30743,12313
30744,12314
30745,12315
30746,12316
30747,12317
30748,12318
30749,12319
30750,12320
30751,12321
30752,12322
30753,12323
30754,12324
30755,12325
30756,12326
30757,12327
30758,12328
30759,12329
30760,12330
30761,12331
30762,12332
30763,12333
30764,12334
30765,12335
30766,12336
30767,12337
30768,12338
30769,12339
30770,12340
30771,12341
30772,12342
30773,12343
30774,12344
30775,12345
30776,12346
30777,12347
30778,12348
30779,12349
30780,12350
30781,12351
30782,12352
30783,12353
30784,12354
30785,12355
30786,12356
30787,12357
30788,12358
30789,12359
30790,12360
30791,12361
30792,12362
30793,12363
30794,12364
30795,12365
30796,12366
30797,12367
30798,12368
30799,12369
30800,12370
30801,12371
30802,12372
30803,12373
30804,12374
30805,12375
30806,12376
30807,12377
30808,12378
30809,12379
30810,12380
30811,12381
30812,12382
30813,12383
30814,12384
30815,12385
30816,12386
30817,12387
30818,12388
30819,12389
30820,12390
30821,12391
30822,12392
30823,12393
30824,12394
30825,12395
30826,12396
30827,12397
30828,12398
30829,12399
30830,12400
30831,12401
30832,12402
30833,12403
30834,12404
30835,12405
30836,12406
30837,12407
30838,12408
30839,12409
30840,12410
30841,12411
30842,12412
30843,12413
30844,12414
30845,12415
30846,12416
30847,12417
30848,12418
30849,12419
30850,12420
30851,12421
30852,12422
30853,12423
30854,12424
30855,12425
30856,12426
30857,12427
30858,12428
30859,12429
30860,12430
30861,12431
30862,12432
30863,12433
30864,12434
30865,12435
30866,12436
30867,12437
30868,12438
30869,12439
30870,12440
30871,12441
30872,12442
30873,12443
30874,12444
30875,12445
30876,12446
30877,12447
30878,12448
30879,12449
30880,12450
30881,12451
30882,12452
30883,12453
30884,12454
30885,12455
30886,12456
30887,12457
30888,12458
30889,12459
30890,12460
30891,12461
30892,12462
30893,12463
30894,12464
30895,12465
30896,12466
30897,12467
30898,12468
30899,12469
30900,12470
30901,12471
30902,12472
30903,12473
30904,12474
30905,12475
30906,12476
30907,12477
30908,12478
30909,12479
30910,12480
30911,12481
30912,12482
30913,12483
30914,12484
30915,12485
30916,12486
30917,12487
30918,12488
30919,12489
30920,12490
30921,12491
30922,12492
30923,12493
30924,12494
30925,12495
30926,12496
30927,12497
30928,12498
30929,12499
30930,12500
30931,12501
30932,12502
30933,12503
30934,12504
30935,12505
30936,12506
30937,12507
30938,12508
30939,12509
30940,12510
30941,12511
30942,12512
30943,12513
30944,12514
30945,12515
30946,12516
30947,12517
30948,12518
30949,12519
30950,12520
30951,12521
30952,12522
30953,12523
30954,12524
30955,12525
30956,12526
30957,12527
30958,12528
30959,12529
30960,12530
30961,12531
30962,12532
30963,12533
30964,12534
30965,12535
30966,12536
30967,12537
30968,12538
30969,12539
30970,12540
30971,12541
30972,12542
30973,12543
30974,12544
30975,12545
30976,12546
30977,12547
30978,12548
30979,12549
30980,12550
30981,12551
30982,12552
30983,12553
30984,12554
30985,12555
30986,12556
30987,12557
30988,12558
30989,12559
30990,12560
30991,12561
30992,12562
30993,12563
30994,12564
30995,12565
30996,12566
30997,12567
30998,12568
30999,12569
31000,12570
31001,12571
31002,12572
31003,12573
31004,12574
31005,12575
31006,12576
31007,12577
31008,12578
31009,12579
31010,12580
31011,12581
31012,12582
31013,12583
31014,12584
31015,12585
31016,12586
31017,12587
31018,12588
31019,12589
31020,12590
31021,12591
31022,12592
31023,12593
31024,12594
31025,12595
31026,12596
31027,12597
31028,12598
31029,12599
31030,12600
31031,12601
31032,12602
31033,12603
31034,12604
31035,12605
31036,12606
31037,12607
31038,12608
31039,12609
31040,12610
31041,12611
31042,12612
31043,12613
31044,12614
31045,12615
31046,12616
31047,12617
31048,12618
31049,12619
31050,12620
31051,12621
31052,12622
31053,12623
31054,12624
31055,12625
31056,12626
31057,12627
31058,12628
31059,12629
31060,12630
31061,12631
31062,12632
31063,12633
31064,12634
31065,12635
31066,12636
31067,12637
31068,12638
31069,12639
31070,12640
31071,12641
31072,12642
31073,12643
31074,12644
31075,12645
31076,12646
31077,12647
31078,12648
31079,12649
31080,12650
31081,12651
31082,12652
31083,12653
31084,12654
31085,12655
31086,12656
31087,12657
31088,12658
31089,12659
31090,12660
31091,12661
31092,12662
31093,12663
31094,12664
31095,12665
31096,12666
31097,12667
31098,12668
31099,12669
31100,12670
31101,12671
31102,12672
31103,12673
31104,12674
31105,12675
31106,12676
31107,12677
31108,12678
31109,12679
31110,12680
31111,12681
31112,12682
31113,12683
31114,12684
31115,12685
31116,12686
31117,12687
31118,12688
31119,12689
31120,12690
31121,12691
31122,12692
31123,12693
31124,12694
31125,12695
31126,12696
31127,12697
31128,12698
31129,12699
31130,12700
31131,12701
31132,12702
31133,12703
31134,12704
31135,12705
31136,12706
31137,12707
31138,12708
31139,12709
31140,12710
31141,12711
31142,12712
31143,12713
31144,12714
31145,12715
31146,12716
31147,12717
31148,12718
31149,12719
31150,12720
31151,12721
31152,12722
31153,12723
31154,12724
31155,12725
31156,12726
31157,12727
31158,12728
31159,12729
31160,12730
31161,12731
31162,12732
31163,12733
31164,12734
31165,12735
31166,12736
31167,12737
31168,12738
31169,12739
31170,12740
31171,12741
31172,12742
31173,12743
31174,12744
31175,12745
31176,12746
31177,12747
31178,12748
31179,12749
31180,12750
31181,12751
31182,12752
31183,12753
31184,12754
31185,12755
31186,12756
31187,12757
31188,12758
31189,12759
31190,12760
31191,12761
31192,12762
31193,12763
31194,12764
31195,12765
31196,12766
31197,12767
31198,12768
31199,12769
31200,12770
31201,12771
31202,12772
31203,12773
31204,12774
31205,12775
31206,12776
31207,12777
31208,12778
31209,12779
31210,12780
31211,12781
31212,12782
31213,12783
31214,12784
31215,12785
31216,12786
31217,12787
31218,12788
31219,12789
31220,12790
31221,12791
31222,12792
31223,12793
31224,12794
31225,12795
31226,12796
31227,12797
31228,12798
31229,12799
31230,12800
31231,12801
31232,12802
31233,12803
31234,12804
31235,12805
31236,12806
31237,12807
31238,12808
31239,12809
31240,12810
31241,12811
31242,12812
31243,12813
31244,12814
31245,12815
31246,12816
31247,12817
31248,12818
31249,12819
31250,12820
31251,12821
31252,12822
31253,12823
31254,12824
31255,12825
31256,12826
31257,12827
31258,12828
31259,12829
31260,12830
31261,12831
31262,12832
31263,12833
31264,12834
31265,12835
31266,12836
31267,12837
31268,12838
31269,12839
31270,12840
31271,12841
31272,12842
31273,12843
31274,12844
31275,12845
31276,12846
31277,12847
31278,12848
31279,12849
31280,12850
31281,12851
31282,12852
31283,12853
31284,12854
31285,12855
31286,12856
31287,12857
31288,12858
31289,12859
31290,12860
31291,12861
31292,12862
31293,12863
31294,12864
31295,12865
31296,12866
31297,12867
31298,12868
31299,12869
31300,12870
31301,12871
31302,12872
31303,12873
31304,12874
31305,12875
31306,12876
31307,12877
31308,12878
31309,12879
31310,12880
31311,12881
31312,12882
31313,12883
31314,12884
31315,12885
31316,12886
31317,12887
31318,12888
31319,12889
31320,12890
31321,12891
31322,12892
31323,12893
31324,12894
31325,12895
31326,12896
31327,12897
31328,12898
31329,12899
31330,12900
31331,12901
31332,12902
31333,12903
31334,12904
31335,12905
31336,12906
31337,12907
31338,12908
31339,12909
31340,12910
31341,12911
31342,12912
31343,12913
31344,12914
31345,12915
31346,12916
31347,12917
31348,12918
31349,12919
31350,12920
31351,12921
31352,12922
31353,12923
31354,12924
31355,12925
31356,12926
31357,12927
31358,12928
31359,12929
31360,12930
31361,12931
31362,12932
31363,12933
31364,12934
31365,12935
31366,12936
31367,12937
31368,12938
31369,12939
31370,12940
31371,12941
31372,12942
31373,12943
31374,12944
31375,12945
31376,12946
31377,12947
31378,12948
31379,12949
31380,12950
31381,12951
31382,12952
31383,12953
31384,12954
31385,12955
31386,12956
31387,12957
31388,12958
31389,12959
31390,12960
31391,12961
31392,12962
31393,12963
31394,12964
31395,12965
31396,12966
31397,12967
31398,12968
31399,12969
31400,12970
31401,12971
31402,12972
31403,12973
31404,12974
31405,12975
31406,12976
31407,12977
31408,12978
31409,12979
31410,12980
31411,12981
31412,12982
31413,12983
31414,12984
31415,12985
31416,12986
31417,12987
31418,12988
31419,12989
31420,12990
31421,12991
31422,12992
31423,12993
31424,12994
31425,12995
31426,12996
31427,12997
31428,12998
31429,12999
31430,13000
31431,13001
31432,13002
31433,13003
31434,13004
31435,13005
31436,13006
31437,13007
31438,13008
31439,13009
31440,13010
31441,13011
31442,13012
31443,13013
31444,13014
31445,13015
31446,13016
31447,13017
31448,13018
31449,13019
31450,13020
31451,13021
31452,13022
31453,13023
31454,13024
31455,13025
31456,13026
31457,13027
31458,13028
31459,13029
31460,13030
31461,13031
31462,13032
31463,13033
31464,13034
31465,13035
31466,13036
31467,13037
31468,13038
31469,13039
31470,13040
31471,13041
31472,13042
31473,13043
31474,13044
31475,13045
31476,13046
31477,13047
31478,13048
31479,13049
31480,13050
31481,13051
31482,13052
31483,13053
31484,13054
31485,13055
31486,13056
31487,13057
31488,13058
31489,13059
31490,13060
31491,13061
31492,13062
31493,13063
31494,13064
31495,13065
31496,13066
31497,13067
31498,13068
31499,13069
31500,13070
31501,13071
31502,13072
31503,13073
31504,13074
31505,13075
31506,13076
31507,13077
31508,13078
31509,13079
31510,13080
31511,13081
31512,13082
31513,13083
31514,13084
31515,13085
31516,13086
31517,13087
31518,13088
31519,13089
31520,13090
31521,13091
31522,13092
31523,13093
31524,13094
31525,13095
31526,13096
31527,13097
31528,13098
31529,13099
31530,13100
31531,13101
31532,13102
31533,13103
31534,13104
31535,13105
31536,13106
31537,13107
31538,13108
31539,13109
31540,13110
31541,13111
31542,13112
31543,13113
31544,13114
31545,13115
31546,13116
31547,13117
31548,13118
31549,13119
31550,13120
31551,13121
31552,13122
31553,13123
31554,13124
31555,13125
31556,13126
31557,13127
31558,13128
31559,13129
31560,13130
31561,13131
31562,13132
31563,13133
31564,13134
31565,13135
31566,13136
31567,13137
31568,13138
31569,13139
31570,13140
31571,13141
31572,13142
31573,13143
31574,13144
31575,13145
31576,13146
31577,13147
31578,13148
31579,13149
31580,13150
31581,13151
31582,13152
31583,13153
31584,13154
31585,13155
31586,13156
31587,13157
31588,13158
31589,13159
31590,13160
31591,13161
31592,13162
31593,13163
31594,13164
31595,13165
31596,13166
31597,13167
31598,13168
31599,13169
31600,13170
31601,13171
31602,13172
31603,13173
31604,13174
31605,13175
31606,13176
31607,13177
31608,13178
31609,13179
31610,13180
31611,13181
31612,13182
31613,13183
31614,13184
31615,13185
31616,13186
31617,13187
31618,13188
31619,13189
31620,13190
31621,13191
31622,13192
31623,13193
31624,13194
31625,13195
31626,13196
31627,13197
31628,13198
31629,13199
31630,13200
31631,13201
31632,13202
31633,13203
31634,13204
31635,13205
31636,13206
31637,13207
31638,13208
31639,13209
31640,13210
31641,13211
31642,13212
31643,13213
31644,13214
31645,13215
31646,13216
31647,13217
31648,13218
31649,13219
31650,13220
31651,13221
31652,13222
31653,13223
31654,13224
31655,13225
31656,13226
31657,13227
31658,13228
31659,13229
31660,13230
31661,13231
31662,13232
31663,13233
31664,13234
31665,13235
31666,13236
31667,13237
31668,13238
31669,13239
31670,13240
31671,13241
31672,13242
31673,13243
31674,13244
31675,13245
31676,13246
31677,13247
31678,13248
31679,13249
31680,13250
31681,13251
31682,13252
31683,13253
31684,13254
31685,13255
31686,13256
31687,13257
31688,13258
31689,13259
31690,13260
31691,13261
31692,13262
31693,13263
31694,13264
31695,13265
31696,13266
31697,13267
31698,13268
31699,13269
31700,13270
31701,13271
31702,13272
31703,13273
31704,13274
31705,13275
31706,13276
31707,13277
31708,13278
31709,13279
31710,13280
31711,13281
31712,13282
31713,13283
31714,13284
31715,13285
31716,13286
31717,13287
31718,13288
31719,13289
31720,13290
31721,13291
31722,13292
31723,13293
31724,13294
31725,13295
31726,13296
31727,13297
31728,13298
31729,13299
31730,13300
31731,13301
31732,13302
31733,13303
31734,13304
31735,13305
31736,13306
31737,13307
31738,13308
31739,13309
31740,13310
31741,13311
31742,13312
31743,13313
31744,13314
31745,13315
31746,13316
31747,13317
31748,13318
31749,13319
31750,13320
31751,13321
31752,13322
31753,13323
31754,13324
31755,13325
31756,13326
31757,13327
31758,13328
31759,13329
31760,13330
31761,13331
31762,13332
31763,13333
31764,13334
31765,13335
31766,13336
31767,13337
31768,13338
31769,13339
31770,13340
31771,13341
31772,13342
31773,13343
31774,13344
31775,13345
31776,13346
31777,13347
31778,13348
31779,13349
31780,13350
31781,13351
31782,13352
31783,13353
31784,13354
31785,13355
31786,13356
31787,13357
31788,13358
31789,13359
31790,13360
31791,13361
31792,13362
31793,13363
31794,13364
31795,13365
31796,13366
31797,13367
31798,13368
31799,13369
31800,13370
31801,13371
31802,13372
31803,13373
31804,13374
31805,13375
31806,13376
31807,13377
31808,13378
31809,13379
31810,13380
31811,13381
31812,13382
31813,13383
31814,13384
31815,13385
31816,13386
31817,13387
31818,13388
31819,13389
31820,13390
31821,13391
31822,13392
31823,13393
31824,13394
31825,13395
31826,13396
31827,13397
31828,13398
31829,13399
31830,13400
31831,13401
31832,13402
31833,13403
31834,13404
31835,13405
31836,13406
31837,13407
31838,13408
31839,13409
31840,13410
31841,13411
31842,13412
31843,13413
31844,13414
31845,13415
31846,13416
31847,13417
31848,13418
31849,13419
31850,13420
31851,13421
31852,13422
31853,13423
31854,13424
31855,13425
31856,13426
31857,13427
31858,13428
31859,13429
31860,13430
31861,13431
31862,13432
31863,13433
31864,13434
31865,13435
31866,13436
31867,13437
31868,13438
31869,13439
31870,13440
31871,13441
31872,13442
31873,13443
31874,13444
31875,13445
31876,13446
31877,13447
31878,13448
31879,13449
31880,13450
31881,13451
31882,13452
31883,13453
31884,13454
31885,13455
31886,13456
31887,13457
31888,13458
31889,13459
31890,13460
31891,13461
31892,13462
31893,13463
31894,13464
31895,13465
31896,13466
31897,13467
31898,13468
31899,13469
31900,13470
31901,13471
31902,13472
31903,13473
31904,13474
31905,13475
31906,13476
31907,13477
31908,13478
31909,13479
31910,13480
31911,13481
31912,13482
31913,13483
31914,13484
31915,13485
31916,13486
31917,13487
31918,13488
31919,13489
31920,13490
31921,13491
31922,13492
31923,13493
31924,13494
31925,13495
31926,13496
31927,13497
31928,13498
31929,13499
31930,13500
31931,13501
31932,13502
31933,13503
31934,13504
31935,13505
31936,13506
31937,13507
31938,13508
31939,13509
31940,13510
31941,13511
31942,13512
31943,13513
31944,13514
31945,13515
31946,13516
31947,13517
31948,13518
31949,13519
31950,13520
31951,13521
31952,13522
31953,13523
31954,13524
31955,13525
31956,13526
31957,13527
31958,13528
31959,13529
31960,13530
31961,13531
31962,13532
31963,13533
31964,13534
31965,13535
31966,13536
31967,13537
31968,13538
31969,13539
31970,13540
31971,13541
31972,13542
31973,13543
31974,13544
31975,13545
31976,13546
31977,13547
31978,13548
31979,13549
31980,13550
31981,13551
31982,13552
31983,13553
31984,13554
31985,13555
31986,13556
31987,13557
31988,13558
31989,13559
31990,13560
31991,13561
31992,13562
31993,13563
31994,13564
31995,13565
31996,13566
31997,13567
31998,13568
31999,13569
32000,13570
32001,13571
32002,13572
32003,13573
32004,13574
32005,13575
32006,13576
32007,13577
32008,13578
32009,13579
32010,13580
32011,13581
32012,13582
32013,13583
32014,13584
32015,13585
32016,13586
32017,13587
32018,13588
32019,13589
32020,13590
32021,13591
32022,13592
32023,13593
32024,13594
32025,13595
32026,13596
32027,13597
32028,13598
32029,13599
32030,13600
32031,13601
32032,13602
32033,13603
32034,13604
32035,13605
32036,13606
32037,13607
32038,13608
32039,13609
32040,13610
32041,13611
32042,13612
32043,13613
32044,13614
32045,13615
32046,13616
32047,13617
32048,13618
32049,13619
32050,13620
32051,13621
32052,13622
32053,13623
32054,13624
32055,13625
32056,13626
32057,13627
32058,13628
32059,13629
32060,13630
32061,13631
32062,13632
32063,13633
32064,13634
32065,13635
32066,13636
32067,13637
32068,13638
32069,13639
32070,13640
32071,13641
32072,13642
32073,13643
32074,13644
32075,13645
32076,13646
32077,13647
32078,13648
32079,13649
32080,13650
32081,13651
32082,13652
32083,13653
32084,13654
32085,13655
32086,13656
32087,13657
32088,13658
32089,13659
32090,13660
32091,13661
32092,13662
32093,13663
32094,13664
32095,13665
32096,13666
32097,13667
32098,13668
32099,13669
32100,13670
32101,13671
32102,13672
32103,13673
32104,13674
32105,13675
32106,13676
32107,13677
32108,13678
32109,13679
32110,13680
32111,13681
32112,13682
32113,13683
32114,13684
32115,13685
32116,13686
32117,13687
32118,13688
32119,13689
32120,13690
32121,13691
32122,13692
32123,13693
32124,13694
32125,13695
32126,13696
32127,13697
32128,13698
32129,13699
32130,13700
32131,13701
32132,13702
32133,13703
32134,13704
32135,13705
32136,13706
32137,13707
32138,13708
32139,13709
32140,13710
32141,13711
32142,13712
32143,13713
32144,13714
32145,13715
32146,13716
32147,13717
32148,13718
32149,13719
32150,13720
32151,13721
32152,13722
32153,13723
32154,13724
32155,13725
32156,13726
32157,13727
32158,13728
32159,13729
32160,13730
32161,13731
32162,13732
32163,13733
32164,13734
32165,13735
32166,13736
32167,13737
32168,13738
32169,13739
32170,13740
32171,13741
32172,13742
32173,13743
32174,13744
32175,13745
32176,13746
32177,13747
32178,13748
32179,13749
32180,13750
32181,13751
32182,13752
32183,13753
32184,13754
32185,13755
32186,13756
32187,13757
32188,13758
32189,13759
32190,13760
32191,13761
32192,13762
32193,13763
32194,13764
32195,13765
32196,13766
32197,13767
32198,13768
32199,13769
32200,13770
32201,13771
32202,13772
32203,13773
32204,13774
32205,13775
32206,13776
32207,13777
32208,13778
32209,13779
32210,13780
32211,13781
32212,13782
32213,13783
32214,13784
32215,13785
32216,13786
32217,13787
32218,13788
32219,13789
32220,13790
32221,13791
32222,13792
32223,13793
32224,13794
32225,13795
32226,13796
32227,13797
32228,13798
32229,13799
32230,13800
32231,13801
32232,13802
32233,13803
32234,13804
32235,13805
32236,13806
32237,13807
32238,13808
32239,13809
32240,13810
32241,13811
32242,13812
32243,13813
32244,13814
32245,13815
32246,13816
32247,13817
32248,13818
32249,13819
32250,13820
32251,13821
32252,13822
32253,13823
32254,13824
32255,13825
32256,13826
32257,13827
32258,13828
32259,13829
32260,13830
32261,13831
32262,13832
32263,13833
32264,13834
32265,13835
32266,13836
32267,13837
32268,13838
32269,13839
32270,13840
32271,13841
32272,13842
32273,13843
32274,13844
32275,13845
32276,13846
32277,13847
32278,13848
32279,13849
32280,13850
32281,13851
32282,13852
32283,13853
32284,13854
32285,13855
32286,13856
32287,13857
32288,13858
32289,13859
32290,13860
32291,13861
32292,13862
32293,13863
32294,13864
32295,13865
32296,13866
32297,13867
32298,13868
32299,13869
32300,13870
32301,13871
32302,13872
32303,13873
32304,13874
32305,13875
32306,13876
32307,13877
32308,13878
32309,13879
32310,13880
32311,13881
32312,13882
32313,13883
32314,13884
32315,13885
32316,13886
32317,13887
32318,13888
32319,13889
32320,13890
32321,13891
32322,13892
32323,13893
32324,13894
32325,13895
32326,13896
32327,13897
32328,13898
32329,13899
32330,13900
32331,13901
32332,13902
32333,13903
32334,13904
32335,13905
32336,13906
32337,13907
32338,13908
32339,13909
32340,13910
32341,13911
32342,13912
32343,13913
32344,13914
32345,13915
32346,13916
32347,13917
32348,13918
32349,13919
32350,13920
32351,13921
32352,13922
32353,13923
32354,13924
32355,13925
32356,13926
32357,13927
32358,13928
32359,13929
32360,13930
32361,13931
32362,13932
32363,13933
32364,13934
32365,13935
32366,13936
32367,13937
32368,13938
32369,13939
32370,13940
32371,13941
32372,13942
32373,13943
32374,13944
32375,13945
32376,13946
32377,13947
32378,13948
32379,13949
32380,13950
32381,13951
32382,13952
32383,13953
32384,13954
32385,13955
32386,13956
32387,13957
32388,13958
32389,13959
32390,13960
32391,13961
32392,13962
32393,13963
32394,13964
32395,13965
32396,13966
32397,13967
32398,13968
32399,13969
32400,13970
32401,13971
32402,13972
32403,13973
32404,13974
32405,13975
32406,13976
32407,13977
32408,13978
32409,13979
32410,13980
32411,13981
32412,13982
32413,13983
32414,13984
32415,13985
32416,13986
32417,13987
32418,13988
32419,13989
32420,13990
32421,13991
32422,13992
32423,13993
32424,13994
32425,13995
32426,13996
32427,13997
32428,13998
32429,13999
32430,14000
32431,14001
32432,14002
32433,14003
32434,14004
32435,14005
32436,14006
32437,14007
32438,14008
32439,14009
32440,14010
32441,14011
32442,14012
32443,14013
32444,14014
32445,14015
32446,14016
32447,14017
32448,14018
32449,14019
32450,14020
32451,14021
32452,14022
32453,14023
32454,14024
32455,14025
32456,14026
32457,14027
32458,14028
32459,14029
32460,14030
32461,14031
32462,14032
32463,14033
32464,14034
32465,14035
32466,14036
32467,14037
32468,14038
32469,14039
32470,14040
32471,14041
32472,14042
32473,14043
32474,14044
32475,14045
32476,14046
32477,14047
32478,14048
32479,14049
32480,14050
32481,14051
32482,14052
32483,14053
32484,14054
32485,14055
32486,14056
32487,14057
32488,14058
32489,14059
32490,14060
32491,14061
32492,14062
32493,14063
32494,14064
32495,14065
32496,14066
32497,14067
32498,14068
32499,14069
32500,14070
32501,14071
32502,14072
32503,14073
32504,14074
32505,14075
32506,14076
32507,14077
32508,14078
32509,14079
32510,14080
32511,14081
32512,14082
32513,14083
32514,14084
32515,14085
32516,14086
32517,14087
32518,14088
32519,14089
32520,14090
32521,14091
32522,14092
32523,14093
32524,14094
32525,14095
32526,14096
32527,14097
32528,14098
32529,14099
32530,14100
32531,14101
32532,14102
32533,14103
32534,14104
32535,14105
32536,14106
32537,14107
32538,14108
32539,14109
32540,14110
32541,14111
32542,14112
32543,14113
32544,14114
32545,14115
32546,14116
32547,14117
32548,14118
32549,14119
32550,14120
32551,14121
32552,14122
32553,14123
32554,14124
32555,14125
32556,14126
32557,14127
32558,14128
32559,14129
32560,14130
32561,14131
32562,14132
32563,14133
32564,14134
32565,14135
32566,14136
32567,14137
32568,14138
32569,14139
32570,14140
32571,14141
32572,14142
32573,14143
32574,14144
32575,14145
32576,14146
32577,14147
32578,14148
32579,14149
32580,14150
32581,14151
32582,14152
32583,14153
32584,14154
32585,14155
32586,14156
32587,14157
32588,14158
32589,14159
32590,14160
32591,14161
32592,14162
32593,14163
32594,14164
32595,14165
32596,14166
32597,14167
32598,14168
32599,14169
32600,14170
32601,14171
32602,14172
32603,14173
32604,14174
32605,14175
32606,14176
32607,14177
32608,14178
32609,14179
32610,14180
32611,14181
32612,14182
32613,14183
32614,14184
32615,14185
32616,14186
32617,14187
32618,14188
32619,14189
32620,14190
32621,14191
32622,14192
32623,14193
32624,14194
32625,14195
32626,14196
32627,14197
32628,14198
32629,14199
32630,14200
32631,14201
32632,14202
32633,14203
32634,14204
32635,14205
32636,14206
32637,14207
32638,14208
32639,14209
32640,14210
32641,14211
32642,14212
32643,14213
32644,14214
32645,14215
32646,14216
32647,14217
32648,14218
32649,14219
32650,14220
32651,14221
32652,14222
32653,14223
32654,14224
32655,14225
32656,14226
32657,14227
32658,14228
32659,14229
32660,14230
32661,14231
32662,14232
32663,14233
32664,14234
32665,14235
32666,14236
32667,14237
32668,14238
32669,14239
32670,14240
32671,14241
32672,14242
32673,14243
32674,14244
32675,14245
32676,14246
32677,14247
32678,14248
32679,14249
32680,14250
32681,14251
32682,14252
32683,14253
32684,14254
32685,14255
32686,14256
32687,14257
32688,14258
32689,14259
32690,14260
32691,14261
32692,14262
32693,14263
32694,14264
32695,14265
32696,14266
32697,14267
32698,14268
32699,14269
32700,14270
32701,14271
32702,14272
32703,14273
32704,14274
32705,14275
32706,14276
32707,14277
32708,14278
32709,14279
32710,14280
32711,14281
32712,14282
32713,14283
32714,14284
32715,14285
32716,14286
32717,14287
32718,14288
32719,14289
32720,14290
32721,14291
32722,14292
32723,14293
32724,14294
32725,14295
32726,14296
32727,14297
32728,14298
32729,14299
32730,14300
32731,14301
32732,14302
32733,14303
32734,14304
32735,14305
32736,14306
32737,14307
32738,14308
32739,14309
32740,14310
32741,14311
32742,14312
32743,14313
32744,14314
32745,14315
32746,14316
32747,14317
32748,14318
32749,14319
32750,14320
32751,14321
32752,14322
32753,14323
32754,14324
32755,14325
32756,14326
32757,14327
32758,14328
32759,14329
32760,14330
32761,14331
32762,14332
32763,14333
32764,14334
32765,14335
32766,14336
32767,14337
