x,rho
-32768,4098
-32767,4099
-32766,4100
-32765,4101
-32764,4102
-32763,4103
-32762,4104
-32761,4105
-32760,4106
-32759,4107
-32758,4108
-32757,4109
-32756,4110
-32755,4111
-32754,4112
-32753,4113
-32752,4114
-32751,4115
-32750,4116
-32749,4117
-32748,4118
-32747,4119
-32746,4120
-32745,4121
-32744,4122
-32743,4123
-32742,4124
-32741,4125
-32740,4126
-32739,4127
-32738,4128
-32737,4129
-32736,4130
-32735,4131
-32734,4132
-32733,4133
-32732,4134
-32731,4135
-32730,4136
-32729,4137
-32728,4138
-32727,4139
-32726,4140
-32725,4141
-32724,4142
-32723,4143
-32722,4144
-32721,4145
-32720,4146
-32719,4147
-32718,4148
-32717,4149
-32716,4150
-32715,4151
-32714,4152
-32713,4153
-32712,4154
-32711,4155
-32710,4156
-32709,4157
-32708,4158
-32707,4159
-32706,4160
-32705,4161
-32704,4162
-32703,4163
-32702,4164
-32701,4165
-32700,4166
-32699,4167
-32698,4168
-32697,4169
-32696,4170
-32695,4171
-32694,4172
-32693,4173
-32692,4174
-32691,4175
-32690,4176
-32689,4177
-32688,4178
-32687,4179
-32686,4180
-32685,4181
-32684,4182
-32683,4183
-32682,4184
-32681,4185
-32680,4186
-32679,4187
-32678,4188
-32677,4189
-32676,4190
-32675,4191
-32674,4192
-32673,4193
-32672,4194
-32671,4195
-32670,4196
-32669,4197
-32668,4198
-32667,4199
-32666,4200
-32665,4201
-32664,4202
-32663,4203
-32662,4204
-32661,4205
-32660,4206
-32659,4207
-32658,4208
-32657,4209
-32656,4210
-32655,4211
-32654,4212
-32653,4213
-32652,4214
-32651,4215
-32650,4216
-32649,4217
-32648,4218
-32647,4219
-32646,4220
-32645,4221
-32644,4222
-32643,4223
-32642,4224
-32641,4225
-32640,4226
-32639,4227
-32638,4228
-32637,4229
-32636,4230
-32635,4231
-32634,4232
-32633,4233
-32632,4234
-32631,4235
-32630,4236
-32629,4237
-32628,4238
-32627,4239
-32626,4240
-32625,4241
-32624,4242
-32623,4243
-32622,4244
-32621,4245
-32620,4246
-32619,4247
-32618,4248
-32617,4249
-32616,4250
-32615,4251
-32614,4252
-32613,4253
-32612,4254
-32611,4255
-32610,4256
-32609,4257
-32608,4258
-32607,4259
-32606,4260
-32605,4261
-32604,4262
-32603,4263
-32602,4264
-32601,4265
-32600,4266
-32599,4267
-32598,4268
-32597,4269
-32596,4270
-32595,4271
-32594,4272
-32593,4273
-32592,4274
-32591,4275
-32590,4276
-32589,4277
-32588,4278
-32587,4279
-32586,4280
-32585,4281
-32584,4282
-32583,4283
-32582,4284
-32581,4285
-32580,4286
-32579,4287
-32578,4288
-32577,4289
-32576,4290
-32575,4291
-32574,4292
-32573,4293
-32572,4294
-32571,4295
-32570,4296
-32569,4297
-32568,4298
-32567,4299
-32566,4300
-32565,4301
-32564,4302
-32563,4303
-32562,4304
-32561,4305
-32560,4306
-32559,4307
-32558,4308
-32557,4309
-32556,4310
-32555,4311
-32554,4312
-32553,4313
-32552,4314
-32551,4315
-32550,4316
-32549,4317
-32548,4318
-32547,4319
-32546,4320
-32545,4321
-32544,4322
-32543,4323
-32542,4324
-32541,4325
-32540,4326
-32539,4327
-32538,4328
-32537,4329
-32536,4330
-32535,4331
-32534,4332
-32533,4333
-32532,4334
-32531,4335
-32530,4336
-32529,4337
-32528,4338
-32527,4339
-32526,4340
-32525,4341
-32524,4342
-32523,4343
-32522,4344
-32521,4345
-32520,4346
-32519,4347
-32518,4348
-32517,4349
-32516,4350
-32515,4351
-32514,4352
-32513,4353
-32512,4354
-32511,4355
-32510,4356
-32509,4357
-32508,4358
-32507,4359
-32506,4360
-32505,4361
-32504,4362
-32503,4363
-32502,4364
-32501,4365
-32500,4366
-32499,4367
-32498,4368
-32497,4369
-32496,4370
-32495,4371
-32494,4372
-32493,4373
-32492,4374
-32491,4375
-32490,4376
-32489,4377
-32488,4378
-32487,4379
-32486,4380
-32485,4381
-32484,4382
-32483,4383
-32482,4384
-32481,4385
-32480,4386
-32479,4387
-32478,4388
-32477,4389
-32476,4390
-32475,4391
-32474,4392
-32473,4393
-32472,4394
-32471,4395
-32470,4396
-32469,4397
-32468,4398
-32467,4399
-32466,4400
-32465,4401
-32464,4402
-32463,4403
-32462,4404
-32461,4405
-32460,4406
-32459,4407
-32458,4408
-32457,4409
-32456,4410
-32455,4411
-32454,4412
-32453,4413
-32452,4414
-32451,4415
-32450,4416
-32449,4417
-32448,4418
-32447,4419
-32446,4420
-32445,4421
-32444,4422
-32443,4423
-32442,4424
-32441,4425
-32440,4426
-32439,4427
-32438,4428
-32437,4429
-32436,4430
-32435,4431
-32434,4432
-32433,4433
-32432,4434
-32431,4435
-32430,4436
-32429,4437
-32428,4438
-32427,4439
-32426,4440
-32425,4441
-32424,4442
-32423,4443
-32422,4444
-32421,4445
-32420,4446
-32419,4447
-32418,4448
-32417,4449
-32416,4450
-32415,4451
-32414,4452
-32413,4453
-32412,4454
-32411,4455
-32410,4456
-32409,4457
-32408,4458
-32407,4459
-32406,4460
-32405,4461
-32404,4462
-32403,4463
-32402,4464
-32401,4465
-32400,4466
-32399,4467
-32398,4468
-32397,4469
-32396,4470
-32395,4471
-32394,4472
-32393,4473
-32392,4474
-32391,4475
-32390,4476
-32389,4477
-32388,4478
-32387,4479
-32386,4480
-32385,4481
-32384,4482
-32383,4483
-32382,4484
-32381,4485
-32380,4486
-32379,4487
-32378,4488
-32377,4489
-32376,4490
-32375,4491
-32374,4492
-32373,4493
-32372,4494
-32371,4495
-32370,4496
-32369,4497
-32368,4498
-32367,4499
-32366,4500
-32365,4501
-32364,4502
-32363,4503
-32362,4504
-32361,4505
-32360,4506
-32359,4507
-32358,4508
-32357,4509
-32356,4510
-32355,4511
-32354,4512
-32353,4513
-32352,4514
-32351,4515
-32350,4516
-32349,4517
-32348,4518
-32347,4519
-32346,4520
-32345,4521
-32344,4522
-32343,4523
-32342,4524
-32341,4525
-32340,4526
-32339,4527
-32338,4528
-32337,4529
-32336,4530
-32335,4531
-32334,4532
-32333,4533
-32332,4534
-32331,4535
-32330,4536
-32329,4537
-32328,4538
-32327,4539
-32326,4540
-32325,4541
-32324,4542
-32323,4543
-32322,4544
-32321,4545
-32320,4546
-32319,4547
-32318,4548
-32317,4549
-32316,4550
-32315,4551
-32314,4552
-32313,4553
-32312,4554
-32311,4555
-32310,4556
-32309,4557
-32308,4558
-32307,4559
-32306,4560
-32305,4561
-32304,4562
-32303,4563
-32302,4564
-32301,4565
-32300,4566
-32299,4567
-32298,4568
-32297,4569
-32296,4570
-32295,4571
-32294,4572
-32293,4573
-32292,4574
-32291,4575
-32290,4576
-32289,4577
-32288,4578
-32287,4579
-32286,4580
-32285,4581
-32284,4582
-32283,4583
-32282,4584
-32281,4585
-32280,4586
-32279,4587
-32278,4588
-32277,4589
-32276,4590
-32275,4591
-32274,4592
-32273,4593
-32272,4594
-32271,4595
-32270,4596
-32269,4597
-32268,4598
-32267,4599
-32266,4600
-32265,4601
-32264,4602
-32263,4603
-32262,4604
-32261,4605
-32260,4606
-32259,4607
-32258,4608
-32257,4609
-32256,4610
-32255,4611
-32254,4612
-32253,4613
-32252,4614
-32251,4615
-32250,4616
-32249,4617
-32248,4618
-32247,4619
-32246,4620
-32245,4621
-32244,4622
-32243,4623
-32242,4624
-32241,4625
-32240,4626
-32239,4627
-32238,4628
-32237,4629
-32236,4630
-32235,4631
-32234,4632
-32233,4633
-32232,4634
-32231,4635
-32230,4636
-32229,4637
-32228,4638
-32227,4639
-32226,4640
-32225,4641
-32224,4642
-32223,4643
-32222,4644
-32221,4645
-32220,4646
-32219,4647
-32218,4648
-32217,4649
-32216,4650
-32215,4651
-32214,4652
-32213,4653
-32212,4654
-32211,4655
-32210,4656
-32209,4657
-32208,4658
-32207,4659
-32206,4660
-32205,4661
-32204,4662
-32203,4663
-32202,4664
-32201,4665
-32200,4666
-32199,4667
-32198,4668
-32197,4669
-32196,4670
-32195,4671
-32194,4672
-32193,4673
-32192,4674
-32191,4675
-32190,4676
-32189,4677
-32188,4678
-32187,4679
-32186,4680
-32185,4681
-32184,4682
-32183,4683
-32182,4684
-32181,4685
-32180,4686
-32179,4687
-32178,4688
-32177,4689
-32176,4690
-32175,4691
-32174,4692
-32173,4693
-32172,4694
-32171,4695
-32170,4696
-32169,4697
-32168,4698
-32167,4699
-32166,4700
-32165,4701
-32164,4702
-32163,4703
-32162,4704
-32161,4705
-32160,4706
-32159,4707
-32158,4708
-32157,4709
-32156,4710
-32155,4711
-32154,4712
-32153,4713
-32152,4714
-32151,4715
-32150,4716
-32149,4717
-32148,4718
-32147,4719
-32146,4720
-32145,4721
-32144,4722
-32143,4723
-32142,4724
-32141,4725
-32140,4726
-32139,4727
-32138,4728
-32137,4729
-32136,4730
-32135,4731
-32134,4732
-32133,4733
-32132,4734
-32131,4735
-32130,4736
-32129,4737
-32128,4738
-32127,4739
-32126,4740
-32125,4741
-32124,4742
-32123,4743
-32122,4744
-32121,4745
-32120,4746
-32119,4747
-32118,4748
-32117,4749
-32116,4750
-32115,4751
-32114,4752
-32113,4753
-32112,4754
-32111,4755
-32110,4756
-32109,4757
-32108,4758
-32107,4759
-32106,4760
-32105,4761
-32104,4762
-32103,4763
-32102,4764
-32101,4765
-32100,4766
-32099,4767
-32098,4768
-32097,4769
-32096,4770
-32095,4771
-32094,4772
-32093,4773
-32092,4774
-32091,4775
-32090,4776
-32089,4777
-32088,4778
-32087,4779
-32086,4780
-32085,4781
-32084,4782
-32083,4783
-32082,4784
-32081,4785
-32080,4786
-32079,4787
-32078,4788
-32077,4789
-32076,4790
-32075,4791
-32074,4792
-32073,4793
-32072,4794
-32071,4795
-32070,4796
-32069,4797
-32068,4798
-32067,4799
-32066,4800
-32065,4801
-32064,4802
-32063,4803
-32062,4804
-32061,4805
-32060,4806
-32059,4807
-32058,4808
-32057,4809
-32056,4810
-32055,4811
-32054,4812
-32053,4813
-32052,4814
-32051,4815
-32050,4816
-32049,4817
-32048,4818
-32047,4819
-32046,4820
-32045,4821
-32044,4822
-32043,4823
-32042,4824
-32041,4825
-32040,4826
-32039,4827
-32038,4828
-32037,4829
-32036,4830
-32035,4831
-32034,4832
-32033,4833
-32032,4834
-32031,4835
-32030,4836
-32029,4837
-32028,4838
-32027,4839
-32026,4840
-32025,4841
-32024,4842
-32023,4843
-32022,4844
-32021,4845
-32020,4846
-32019,4847
-32018,4848
-32017,4849
-32016,4850
-32015,4851
-32014,4852
-32013,4853
-32012,4854
-32011,4855
-32010,4856
-32009,4857
-32008,4858
-32007,4859
-32006,4860
-32005,4861
-32004,4862
-32003,4863
-32002,4864
-32001,4865
-32000,4866
-31999,4867
-31998,4868
-31997,4869
-31996,4870
-31995,4871
-31994,4872
-31993,4873
-31992,4874
-31991,4875
-31990,4876
-31989,4877
-31988,4878
-31987,4879
-31986,4880
-31985,4881
-31984,4882
-31983,4883
-31982,4884
-31981,4885
-31980,4886
-31979,4887
-31978,4888
-31977,4889
-31976,4890
-31975,4891
-31974,4892
-31973,4893
-31972,4894
-31971,4895
-31970,4896
-31969,4897
-31968,4898
-31967,4899
-31966,4900
-31965,4901
-31964,4902
-31963,4903
-31962,4904
-31961,4905
-31960,4906
-31959,4907
-31958,4908
-31957,4909
-31956,4910
-31955,4911
-31954,4912
-31953,4913
-31952,4914
-31951,4915
-31950,4916
-31949,4917
-31948,4918
-31947,4919
-31946,4920
-31945,4921
-31944,4922
-31943,4923
-31942,4924
-31941,4925
-31940,4926
-31939,4927
-31938,4928
-31937,4929
-31936,4930
-31935,4931
-31934,4932
-31933,4933
-31932,4934
-31931,4935
-31930,4936
-31929,4937
-31928,4938
-31927,4939
-31926,4940
-31925,4941
-31924,4942
-31923,4943
-31922,4944
-31921,4945
-31920,4946
-31919,4947
-31918,4948
-31917,4949
-31916,4950
-31915,4951
-31914,4952
-31913,4953
-31912,4954
-31911,4955
-31910,4956
-31909,4957
-31908,4958
-31907,4959
-31906,4960
-31905,4961
-31904,4962
-31903,4963
-31902,4964
-31901,4965
-31900,4966
-31899,4967
-31898,4968
-31897,4969
-31896,4970
-31895,4971
-31894,4972
-31893,4973
-31892,4974
-31891,4975
-31890,4976
-31889,4977
-31888,4978
-31887,4979
-31886,4980
-31885,4981
-31884,4982
-31883,4983
-31882,4984
-31881,4985
-31880,4986
-31879,4987
-31878,4988
-31877,4989
-31876,4990
-31875,4991
-31874,4992
-31873,4993
-31872,4994
-31871,4995
-31870,4996
-31869,4997
-31868,4998
-31867,4999
-31866,5000
-31865,5001
-31864,5002
-31863,5003
-31862,5004
-31861,5005
-31860,5006
-31859,5007
-31858,5008
-31857,5009
-31856,5010
-31855,5011
-31854,5012
-31853,5013
-31852,5014
-31851,5015
-31850,5016
-31849,5017
-31848,5018
-31847,5019
-31846,5020
-31845,5021
-31844,5022
-31843,5023
-31842,5024
-31841,5025
-31840,5026
-31839,5027
-31838,5028
-31837,5029
-31836,5030
-31835,5031
-31834,5032
-31833,5033
-31832,5034
-31831,5035
-31830,5036
-31829,5037
-31828,5038
-31827,5039
-31826,5040
-31825,5041
-31824,5042
-31823,5043
-31822,5044
-31821,5045
-31820,5046
-31819,5047
-31818,5048
-31817,5049
-31816,5050
-31815,5051
-31814,5052
-31813,5053
-31812,5054
-31811,5055
-31810,5056
-31809,5057
-31808,5058
-31807,5059
-31806,5060
-31805,5061
-31804,5062
-31803,5063
-31802,5064
-31801,5065
-31800,5066
-31799,5067
-31798,5068
-31797,5069
-31796,5070
-31795,5071
-31794,5072
-31793,5073
-31792,5074
-31791,5075
-31790,5076
-31789,5077
-31788,5078
-31787,5079
-31786,5080
-31785,5081
-31784,5082
-31783,5083
-31782,5084
-31781,5085
-31780,5086
-31779,5087
-31778,5088
-31777,5089
-31776,5090
-31775,5091
-31774,5092
-31773,5093
-31772,5094
-31771,5095
-31770,5096
-31769,5097
-31768,5098
-31767,5099
-31766,5100
-31765,5101
-31764,5102
-31763,5103
-31762,5104
-31761,5105
-31760,5106
-31759,5107
-31758,5108
-31757,5109
-31756,5110
-31755,5111
-31754,5112
-31753,5113
-31752,5114
-31751,5115
-31750,5116
-31749,5117
-31748,5118
-31747,5119
-31746,5120
-31745,5121
-31744,5122
-31743,5123
-31742,5124
-31741,5125
-31740,5126
-31739,5127
-31738,5128
-31737,5129
-31736,5130
-31735,5131
-31734,5132
-31733,5133
-31732,5134
-31731,5135
-31730,5136
-31729,5137
-31728,5138
-31727,5139
-31726,5140
-31725,5141
-31724,5142
-31723,5143
-31722,5144
-31721,5145
-31720,5146
-31719,5147
-31718,5148
-31717,5149
-31716,5150
-31715,5151
-31714,5152
-31713,5153
-31712,5154
-31711,5155
-31710,5156
-31709,5157
-31708,5158
-31707,5159
-31706,5160
-31705,5161
-31704,5162
-31703,5163
-31702,5164
-31701,5165
-31700,5166
-31699,5167
-31698,5168
-31697,5169
-31696,5170
-31695,5171
-31694,5172
-31693,5173
-31692,5174
-31691,5175
-31690,5176
-31689,5177
-31688,5178
-31687,5179
-31686,5180
-31685,5181
-31684,5182
-31683,5183
-31682,5184
-31681,5185
-31680,5186
-31679,5187
-31678,5188
-31677,5189
-31676,5190
-31675,5191
-31674,5192
-31673,5193
-31672,5194
-31671,5195
-31670,5196
-31669,5197
-31668,5198
-31667,5199
-31666,5200
-31665,5201
-31664,5202
-31663,5203
-31662,5204
-31661,5205
-31660,5206
-31659,5207
-31658,5208
-31657,5209
-31656,5210
-31655,5211
-31654,5212
-31653,5213
-31652,5214
-31651,5215
-31650,5216
-31649,5217
-31648,5218
-31647,5219
-31646,5220
-31645,5221
-31644,5222
-31643,5223
-31642,5224
-31641,5225
-31640,5226
-31639,5227
-31638,5228
-31637,5229
-31636,5230
-31635,5231
-31634,5232
-31633,5233
-31632,5234
-31631,5235
-31630,5236
-31629,5237
-31628,5238
-31627,5239
-31626,5240
-31625,5241
-31624,5242
-31623,5243
-31622,5244
-31621,5245
-31620,5246
-31619,5247
-31618,5248
-31617,5249
-31616,5250
-31615,5251
-31614,5252
-31613,5253
-31612,5254
-31611,5255
-31610,5256
-31609,5257
-31608,5258
-31607,5259
-31606,5260
-31605,5261
-31604,5262
-31603,5263
-31602,5264
-31601,5265
-31600,5266
-31599,5267
-31598,5268
-31597,5269
-31596,5270
-31595,5271
-31594,5272
-31593,5273
-31592,5274
-31591,5275
-31590,5276
-31589,5277
-31588,5278
-31587,5279
-31586,5280
-31585,5281
-31584,5282
-31583,5283
-31582,5284
-31581,5285
-31580,5286
-31579,5287
-31578,5288
-31577,5289
-31576,5290
-31575,5291
-31574,5292
-31573,5293
-31572,5294
-31571,5295
-31570,5296
-31569,5297
-31568,5298
-31567,5299
-31566,5300
-31565,5301
-31564,5302
-31563,5303
-31562,5304
-31561,5305
-31560,5306
-31559,5307
-31558,5308
-31557,5309
-31556,5310
-31555,5311
-31554,5312
-31553,5313
-31552,5314
-31551,5315
-31550,5316
-31549,5317
-31548,5318
-31547,5319
-31546,5320
-31545,5321
-31544,5322
-31543,5323
-31542,5324
-31541,5325
-31540,5326
-31539,5327
-31538,5328
-31537,5329
-31536,5330
-31535,5331
-31534,5332
-31533,5333
-31532,5334
-31531,5335
-31530,5336
-31529,5337
-31528,5338
-31527,5339
-31526,5340
-31525,5341
-31524,5342
-31523,5343
-31522,5344
-31521,5345
-31520,5346
-31519,5347
-31518,5348
-31517,5349
-31516,5350
-31515,5351
-31514,5352
-31513,5353
-31512,5354
-31511,5355
-31510,5356
-31509,5357
-31508,5358
-31507,5359
-31506,5360
-31505,5361
-31504,5362
-31503,5363
-31502,5364
-31501,5365
-31500,5366
-31499,5367
-31498,5368
-31497,5369
-31496,5370
-31495,5371
-31494,5372
-31493,5373
-31492,5374
-31491,5375
-31490,5376
-31489,5377
-31488,5378
-31487,5379
-31486,5380
-31485,5381
-31484,5382
-31483,5383
-31482,5384
-31481,5385
-31480,5386
-31479,5387
-31478,5388
-31477,5389
-31476,5390
-31475,5391
-31474,5392
-31473,5393
-31472,5394
-31471,5395
-31470,5396
-31469,5397
-31468,5398
-31467,5399
-31466,5400
-31465,5401
-31464,5402
-31463,5403
-31462,5404
-31461,5405
-31460,5406
-31459,5407
-31458,5408
-31457,5409
-31456,5410
-31455,5411
-31454,5412
-31453,5413
-31452,5414
-31451,5415
-31450,5416
-31449,5417
-31448,5418
-31447,5419
-31446,5420
-31445,5421
-31444,5422
-31443,5423
-31442,5424
-31441,5425
-31440,5426
-31439,5427
-31438,5428
-31437,5429
-31436,5430
-31435,5431
-31434,5432
-31433,5433
-31432,5434
-31431,5435
-31430,5436
-31429,5437
-31428,5438
-31427,5439
-31426,5440
-31425,5441
-31424,5442
-31423,5443
-31422,5444
-31421,5445
-31420,5446
-31419,5447
-31418,5448
-31417,5449
-31416,5450
-31415,5451
-31414,5452
-31413,5453
-31412,5454
-31411,5455
-31410,5456
-31409,5457
-31408,5458
-31407,5459
-31406,5460
-31405,5461
-31404,5462
-31403,5463
-31402,5464
-31401,5465
-31400,5466
-31399,5467
-31398,5468
-31397,5469
-31396,5470
-31395,5471
-31394,5472
-31393,5473
-31392,5474
-31391,5475
-31390,5476
-31389,5477
-31388,5478
-31387,5479
-31386,5480
-31385,5481
-31384,5482
-31383,5483
-31382,5484
-31381,5485
-31380,5486
-31379,5487
-31378,5488
-31377,5489
-31376,5490
-31375,5491
-31374,5492
-31373,5493
-31372,5494
-31371,5495
-31370,5496
-31369,5497
-31368,5498
-31367,5499
-31366,5500
-31365,5501
-31364,5502
-31363,5503
-31362,5504
-31361,5505
-31360,5506
-31359,5507
-31358,5508
-31357,5509
-31356,5510
-31355,5511
-31354,5512
-31353,5513
-31352,5514
-31351,5515
-31350,5516
-31349,5517
-31348,5518
-31347,5519
-31346,5520
-31345,5521
-31344,5522
-31343,5523
-31342,5524
-31341,5525
-31340,5526
-31339,5527
-31338,5528
-31337,5529
-31336,5530
-31335,5531
-31334,5532
-31333,5533
-31332,5534
-31331,5535
-31330,5536
-31329,5537
-31328,5538
-31327,5539
-31326,5540
-31325,5541
-31324,5542
-31323,5543
-31322,5544
-31321,5545
-31320,5546
-31319,5547
-31318,5548
-31317,5549
-31316,5550
-31315,5551
-31314,5552
-31313,5553
-31312,5554
-31311,5555
-31310,5556
-31309,5557
-31308,5558
-31307,5559
-31306,5560
-31305,5561
-31304,5562
-31303,5563
-31302,5564
-31301,5565
-31300,5566
-31299,5567
-31298,5568
-31297,5569
-31296,5570
-31295,5571
-31294,5572
-31293,5573
-31292,5574
-31291,5575
-31290,5576
-31289,5577
-31288,5578
-31287,5579
-31286,5580
-31285,5581
-31284,5582
-31283,5583
-31282,5584
-31281,5585
-31280,5586
-31279,5587
-31278,5588
-31277,5589
-31276,5590
-31275,5591
-31274,5592
-31273,5593
-31272,5594
-31271,5595
-31270,5596
-31269,5597
-31268,5598
-31267,5599
-31266,5600
-31265,5601
-31264,5602
-31263,5603
-31262,5604
-31261,5605
-31260,5606
-31259,5607
-31258,5608
-31257,5609
-31256,5610
-31255,5611
-31254,5612
-31253,5613
-31252,5614
-31251,5615
-31250,5616
-31249,5617
-31248,5618
-31247,5619
-31246,5620
-31245,5621
-31244,5622
-31243,5623
-31242,5624
-31241,5625
-31240,5626
-31239,5627
-31238,5628
-31237,5629
-31236,5630
-31235,5631
-31234,5632
-31233,5633
-31232,5634
-31231,5635
-31230,5636
-31229,5637
-31228,5638
-31227,5639
-31226,5640
-31225,5641
-31224,5642
-31223,5643
-31222,5644
-31221,5645
-31220,5646
-31219,5647
-31218,5648
-31217,5649
-31216,5650
-31215,5651
-31214,5652
-31213,5653
-31212,5654
-31211,5655
-31210,5656
-31209,5657
-31208,5658
-31207,5659
-31206,5660
-31205,5661
-31204,5662
-31203,5663
-31202,5664
-31201,5665
-31200,5666
-31199,5667
-31198,5668
-31197,5669
-31196,5670
-31195,5671
-31194,5672
-31193,5673
-31192,5674
-31191,5675
-31190,5676
-31189,5677
-31188,5678
-31187,5679
-31186,5680
-31185,5681
-31184,5682
-31183,5683
-31182,5684
-31181,5685
-31180,5686
-31179,5687
-31178,5688
-31177,5689
-31176,5690
-31175,5691
-31174,5692
-31173,5693
-31172,5694
-31171,5695
-31170,5696
-31169,5697
-31168,5698
-31167,5699
-31166,5700
-31165,5701
-31164,5702
-31163,5703
-31162,5704
-31161,5705
-31160,5706
-31159,5707
-31158,5708
-31157,5709
-31156,5710
-31155,5711
-31154,5712
-31153,5713
-31152,5714
-31151,5715
-31150,5716
-31149,5717
-31148,5718
-31147,5719
-31146,5720
-31145,5721
-31144,5722
-31143,5723
-31142,5724
-31141,5725
-31140,5726
-31139,5727
-31138,5728
-31137,5729
-31136,5730
-31135,5731
-31134,5732
-31133,5733
-31132,5734
-31131,5735
-31130,5736
-31129,5737
-31128,5738
-31127,5739
-31126,5740
-31125,5741
-31124,5742
-31123,5743
-31122,5744
-31121,5745
-31120,5746
-31119,5747
-31118,5748
-31117,5749
-31116,5750
-31115,5751
-31114,5752
-31113,5753
-31112,5754
-31111,5755
-31110,5756
-31109,5757
-31108,5758
-31107,5759
-31106,5760
-31105,5761
-31104,5762
-31103,5763
-31102,5764
-31101,5765
-31100,5766
-31099,5767
-31098,5768
-31097,5769
-31096,5770
-31095,5771
-31094,5772
-31093,5773
-31092,5774
-31091,5775
-31090,5776
-31089,5777
-31088,5778
-31087,5779
-31086,5780
-31085,5781
-31084,5782
-31083,5783
-31082,5784
-31081,5785
-31080,5786
-31079,5787
-31078,5788
-31077,5789
-31076,5790
-31075,5791
-31074,5792
-31073,5793
-31072,5794
-31071,5795
-31070,5796
-31069,5797
-31068,5798
-31067,5799
-31066,5800
-31065,5801
-31064,5802
-31063,5803
-31062,5804
-31061,5805
-31060,5806
-31059,5807
-31058,5808
-31057,5809
-31056,5810
-31055,5811
-31054,5812
-31053,5813
-31052,5814
-31051,5815
-31050,5816
-31049,5817
-31048,5818
-31047,5819
-31046,5820
-31045,5821
-31044,5822
-31043,5823
-31042,5824
-31041,5825
-31040,5826
-31039,5827
-31038,5828
-31037,5829
-31036,5830
-31035,5831
-31034,5832
-31033,5833
-31032,5834
-31031,5835
-31030,5836
-31029,5837
-31028,5838
-31027,5839
-31026,5840
-31025,5841
-31024,5842
-31023,5843
-31022,5844
-31021,5845
-31020,5846
-31019,5847
-31018,5848
-31017,5849
-31016,5850
-31015,5851
-31014,5852
-31013,5853
-31012,5854
-31011,5855
-31010,5856
-31009,5857
-31008,5858
-31007,5859
-31006,5860
-31005,5861
-31004,5862
-31003,5863
-31002,5864
-31001,5865
-31000,5866
-30999,5867
-30998,5868
-30997,5869
-30996,5870
-30995,5871
-30994,5872
-30993,5873
-30992,5874
-30991,5875
-30990,5876
-30989,5877
-30988,5878
-30987,5879
-30986,5880
-30985,5881
-30984,5882
-30983,5883
-30982,5884
-30981,5885
-30980,5886
-30979,5887
-30978,5888
-30977,5889
-30976,5890
-30975,5891
-30974,5892
-30973,5893
-30972,5894
-30971,5895
-30970,5896
-30969,5897
-30968,5898
-30967,5899
-30966,5900
-30965,5901
-30964,5902
-30963,5903
-30962,5904
-30961,5905
-30960,5906
-30959,5907
-30958,5908
-30957,5909
-30956,5910
-30955,5911
-30954,5912
-30953,5913
-30952,5914
-30951,5915
-30950,5916
-30949,5917
-30948,5918
-30947,5919
-30946,5920
-30945,5921
-30944,5922
-30943,5923
-30942,5924
-30941,5925
-30940,5926
-30939,5927
-30938,5928
-30937,5929
-30936,5930
-30935,5931
-30934,5932
-30933,5933
-30932,5934
-30931,5935
-30930,5936
-30929,5937
-30928,5938
-30927,5939
-30926,5940
-30925,5941
-30924,5942
-30923,5943
-30922,5944
-30921,5945
-30920,5946
-30919,5947
-30918,5948
-30917,5949
-30916,5950
-30915,5951
-30914,5952
-30913,5953
-30912,5954
-30911,5955
-30910,5956
-30909,5957
-30908,5958
-30907,5959
-30906,5960
-30905,5961
-30904,5962
-30903,5963
-30902,5964
-30901,5965
-30900,5966
-30899,5967
-30898,5968
-30897,5969
-30896,5970
-30895,5971
-30894,5972
-30893,5973
-30892,5974
-30891,5975
-30890,5976
-30889,5977
-30888,5978
-30887,5979
-30886,5980
-30885,5981
-30884,5982
-30883,5983
-30882,5984
-30881,5985
-30880,5986
-30879,5987
-30878,5988
-30877,5989
-30876,5990
-30875,5991
-30874,5992
-30873,5993
-30872,5994
-30871,5995
-30870,5996
-30869,5997
-30868,5998
-30867,5999
-30866,6000
-30865,6001
-30864,6002
-30863,6003
-30862,6004
-30861,6005
-30860,6006
-30859,6007
-30858,6008
-30857,6009
-30856,6010
-30855,6011
-30854,6012
-30853,6013
-30852,6014
-30851,6015
-30850,6016
-30849,6017
-30848,6018
-30847,6019
-30846,6020
-30845,6021
-30844,6022
-30843,6023
-30842,6024
-30841,6025
-30840,6026
-30839,6027
-30838,6028
-30837,6029
-30836,6030
-30835,6031
-30834,6032
-30833,6033
-30832,6034
-30831,6035
-30830,6036
-30829,6037
-30828,6038
-30827,6039
-30826,6040
-30825,6041
-30824,6042
-30823,6043
-30822,6044
-30821,6045
-30820,6046
-30819,6047
-30818,6048
-30817,6049
-30816,6050
-30815,6051
-30814,6052
-30813,6053
-30812,6054
-30811,6055
-30810,6056
-30809,6057
-30808,6058
-30807,6059
-30806,6060
-30805,6061
-30804,6062
-30803,6063
-30802,6064
-30801,6065
-30800,6066
-30799,6067
-30798,6068
-30797,6069
-30796,6070
-30795,6071
-30794,6072
-30793,6073
-30792,6074
-30791,6075
-30790,6076
-30789,6077
-30788,6078
-30787,6079
-30786,6080
-30785,6081
-30784,6082
-30783,6083
-30782,6084
-30781,6085
-30780,6086
-30779,6087
-30778,6088
-30777,6089
-30776,6090
-30775,6091
-30774,6092
-30773,6093
-30772,6094
-30771,6095
-30770,6096
-30769,6097
-30768,6098
-30767,6099
-30766,6100
-30765,6101
-30764,6102
-30763,6103
-30762,6104
-30761,6105
-30760,6106
-30759,6107
-30758,6108
-30757,6109
-30756,6110
-30755,6111
-30754,6112
-30753,6113
-30752,6114
-30751,6115
-30750,6116
-30749,6117
-30748,6118
-30747,6119
-30746,6120
-30745,6121
-30744,6122
-30743,6123
-30742,6124
-30741,6125
-30740,6126
-30739,6127
-30738,6128
-30737,6129
-30736,6130
-30735,6131
-30734,6132
-30733,6133
-30732,6134
-30731,6135
-30730,6136
-30729,6137
-30728,6138
-30727,6139
-30726,6140
-30725,6141
-30724,6142
-30723,6143
-30722,6144
-30721,6145
-30720,6146
-30719,6147
-30718,6148
-30717,6149
-30716,6150
-30715,6151
-30714,6152
-30713,6153
-30712,6154
-30711,6155
-30710,6156
-30709,6157
-30708,6158
-30707,6159
-30706,6160
-30705,6161
-30704,6162
-30703,6163
-30702,6164
-30701,6165
-30700,6166
-30699,6167
-30698,6168
-30697,6169
-30696,6170
-30695,6171
-30694,6172
-30693,6173
-30692,6174
-30691,6175
-30690,6176
-30689,6177
-30688,6178
-30687,6179
-30686,6180
-30685,6181
-30684,6182
-30683,6183
-30682,6184
-30681,6185
-30680,6186
-30679,6187
-30678,6188
-30677,6189
-30676,6190
-30675,6191
-30674,6192
-30673,6193
-30672,6194
-30671,6195
-30670,6196
-30669,6197
-30668,6198
-30667,6199
-30666,6200
-30665,6201
-30664,6202
-30663,6203
-30662,6204
-30661,6205
-30660,6206
-30659,6207
-30658,6208
-30657,6209
-30656,6210
-30655,6211
-30654,6212
-30653,6213
-30652,6214
-30651,6215
-30650,6216
-30649,6217
-30648,6218
-30647,6219
-30646,6220
-30645,6221
-30644,6222
-30643,6223
-30642,6224
-30641,6225
-30640,6226
-30639,6227
-30638,6228
-30637,6229
-30636,6230
-30635,6231
-30634,6232
-30633,6233
-30632,6234
-30631,6235
-30630,6236
-30629,6237
-30628,6238
-30627,6239
-30626,6240
-30625,6241
-30624,6242
-30623,6243
-30622,6244
-30621,6245
-30620,6246
-30619,6247
-30618,6248
-30617,6249
-30616,6250
-30615,6251
-30614,6252
-30613,6253
-30612,6254
-30611,6255
-30610,6256
-30609,6257
-30608,6258
-30607,6259
-30606,6260
-30605,6261
-30604,6262
-30603,6263
-30602,6264
-30601,6265
-30600,6266
-30599,6267
-30598,6268
-30597,6269
-30596,6270
-30595,6271
-30594,6272
-30593,6273
-30592,6274
-30591,6275
-30590,6276
-30589,6277
-30588,6278
-30587,6279
-30586,6280
-30585,6281
-30584,6282
-30583,6283
-30582,6284
-30581,6285
-30580,6286
-30579,6287
-30578,6288
-30577,6289
-30576,6290
-30575,6291
-30574,6292
-30573,6293
-30572,6294
-30571,6295
-30570,6296
-30569,6297
-30568,6298
-30567,6299
-30566,6300
-30565,6301
-30564,6302
-30563,6303
-30562,6304
-30561,6305
-30560,6306
-30559,6307
-30558,6308
-30557,6309
-30556,6310
-30555,6311
-30554,6312
-30553,6313
-30552,6314
-30551,6315
-30550,6316
-30549,6317
-30548,6318
-30547,6319
-30546,6320
-30545,6321
-30544,6322
-30543,6323
-30542,6324
-30541,6325
-30540,6326
-30539,6327
-30538,6328
-30537,6329
-30536,6330
-30535,6331
-30534,6332
-30533,6333
-30532,6334
-30531,6335
-30530,6336
-30529,6337
-30528,6338
-30527,6339
-30526,6340
-30525,6341
-30524,6342
-30523,6343
-30522,6344
-30521,6345
-30520,6346
-30519,6347
-30518,6348
-30517,6349
-30516,6350
-30515,6351
-30514,6352
-30513,6353
-30512,6354
-30511,6355
-30510,6356
-30509,6357
-30508,6358
-30507,6359
-30506,6360
-30505,6361
-30504,6362
-30503,6363
-30502,6364
-30501,6365
-30500,6366
-30499,6367
-30498,6368
-30497,6369
-30496,6370
-30495,6371
-30494,6372
-30493,6373
-30492,6374
-30491,6375
-30490,6376
-30489,6377
-30488,6378
-30487,6379
-30486,6380
-30485,6381
-30484,6382
-30483,6383
-30482,6384
-30481,6385
-30480,6386
-30479,6387
-30478,6388
-30477,6389
-30476,6390
-30475,6391
-30474,6392
-30473,6393
-30472,6394
-30471,6395
-30470,6396
-30469,6397
-30468,6398
-30467,6399
-30466,6400
-30465,6401
-30464,6402
-30463,6403
-30462,6404
-30461,6405
-30460,6406
-30459,6407
-30458,6408
-30457,6409
-30456,6410
-30455,6411
-30454,6412
-30453,6413
-30452,6414
-30451,6415
-30450,6416
-30449,6417
-30448,6418
-30447,6419
-30446,6420
-30445,6421
-30444,6422
-30443,6423
-30442,6424
-30441,6425
-30440,6426
-30439,6427
-30438,6428
-30437,6429
-30436,6430
-30435,6431
-30434,6432
-30433,6433
-30432,6434
-30431,6435
-30430,6436
-30429,6437
-30428,6438
-30427,6439
-30426,6440
-30425,6441
-30424,6442
-30423,6443
-30422,6444
-30421,6445
-30420,6446
-30419,6447
-30418,6448
-30417,6449
-30416,6450
-30415,6451
-30414,6452
-30413,6453
-30412,6454
-30411,6455
-30410,6456
-30409,6457
-30408,6458
-30407,6459
-30406,6460
-30405,6461
-30404,6462
-30403,6463
-30402,6464
-30401,6465
-30400,6466
-30399,6467
-30398,6468
-30397,6469
-30396,6470
-30395,6471
-30394,6472
-30393,6473
-30392,6474
-30391,6475
-30390,6476
-30389,6477
-30388,6478
-30387,6479
-30386,6480
-30385,6481
-30384,6482
-30383,6483
-30382,6484
-30381,6485
-30380,6486
-30379,6487
-30378,6488
-30377,6489
-30376,6490
-30375,6491
-30374,6492
-30373,6493
-30372,6494
-30371,6495
-30370,6496
-30369,6497
-30368,6498
-30367,6499
-30366,6500
-30365,6501
-30364,6502
-30363,6503
-30362,6504
-30361,6505
-30360,6506
-30359,6507
-30358,6508
-30357,6509
-30356,6510
-30355,6511
-30354,6512
-30353,6513
-30352,6514
-30351,6515
-30350,6516
-30349,6517
-30348,6518
-30347,6519
-30346,6520
-30345,6521
-30344,6522
-30343,6523
-30342,6524
-30341,6525
-30340,6526
-30339,6527
-30338,6528
-30337,6529
-30336,6530
-30335,6531
-30334,6532
-30333,6533
-30332,6534
-30331,6535
-30330,6536
-30329,6537
-30328,6538
-30327,6539
-30326,6540
-30325,6541
-30324,6542
-30323,6543
-30322,6544
-30321,6545
-30320,6546
-30319,6547
-30318,6548
-30317,6549
-30316,6550
-30315,6551
-30314,6552
-30313,6553
-30312,6554
-30311,6555
-30310,6556
-30309,6557
-30308,6558
-30307,6559
-30306,6560
-30305,6561
-30304,6562
-30303,6563
-30302,6564
-30301,6565
-30300,6566
-30299,6567
-30298,6568
-30297,6569
-30296,6570
-30295,6571
-30294,6572
-30293,6573
-30292,6574
-30291,6575
-30290,6576
-30289,6577
-30288,6578
-30287,6579
-30286,6580
-30285,6581
-30284,6582
-30283,6583
-30282,6584
-30281,6585
-30280,6586
-30279,6587
-30278,6588
-30277,6589
-30276,6590
-30275,6591
-30274,6592
-30273,6593
-30272,6594
-30271,6595
-30270,6596
-30269,6597
-30268,6598
-30267,6599
-30266,6600
-30265,6601
-30264,6602
-30263,6603
-30262,6604
-30261,6605
-30260,6606
-30259,6607
-30258,6608
-30257,6609
-30256,6610
-30255,6611
-30254,6612
-30253,6613
-30252,6614
-30251,6615
-30250,6616
-30249,6617
-30248,6618
-30247,6619
-30246,6620
-30245,6621
-30244,6622
-30243,6623
-30242,6624
-30241,6625
-30240,6626
-30239,6627
-30238,6628
-30237,6629
-30236,6630
-30235,6631
-30234,6632
-30233,6633
-30232,6634
-30231,6635
-30230,6636
-30229,6637
-30228,6638
-30227,6639
-30226,6640
-30225,6641
-30224,6642
-30223,6643
-30222,6644
-30221,6645
-30220,6646
-30219,6647
-30218,6648
-30217,6649
-30216,6650
-30215,6651
-30214,6652
-30213,6653
-30212,6654
-30211,6655
-30210,6656
-30209,6657
-30208,6658
-30207,6659
-30206,6660
-30205,6661
-30204,6662
-30203,6663
-30202,6664
-30201,6665
-30200,6666
-30199,6667
-30198,6668
-30197,6669
-30196,6670
-30195,6671
-30194,6672
-30193,6673
-30192,6674
-30191,6675
-30190,6676
-30189,6677
-30188,6678
-30187,6679
-30186,6680
-30185,6681
-30184,6682
-30183,6683
-30182,6684
-30181,6685
-30180,6686
-30179,6687
-30178,6688
-30177,6689
-30176,6690
-30175,6691
-30174,6692
-30173,6693
-30172,6694
-30171,6695
-30170,6696
-30169,6697
-30168,6698
-30167,6699
-30166,6700
-30165,6701
-30164,6702
-30163,6703
-30162,6704
-30161,6705
-30160,6706
-30159,6707
-30158,6708
-30157,6709
-30156,6710
-30155,6711
-30154,6712
-30153,6713
-30152,6714
-30151,6715
-30150,6716
-30149,6717
-30148,6718
-30147,6719
-30146,6720
-30145,6721
-30144,6722
-30143,6723
-30142,6724
-30141,6725
-30140,6726
-30139,6727
-30138,6728
-30137,6729
-30136,6730
-30135,6731
-30134,6732
-30133,6733
-30132,6734
-30131,6735
-30130,6736
-30129,6737
-30128,6738
-30127,6739
-30126,6740
-30125,6741
-30124,6742
-30123,6743
-30122,6744
-30121,6745
-30120,6746
-30119,6747
-30118,6748
-30117,6749
-30116,6750
-30115,6751
-30114,6752
-30113,6753
-30112,6754
-30111,6755
-30110,6756
-30109,6757
-30108,6758
-30107,6759
-30106,6760
-30105,6761
-30104,6762
-30103,6763
-30102,6764
-30101,6765
-30100,6766
-30099,6767
-30098,6768
-30097,6769
-30096,6770
-30095,6771
-30094,6772
-30093,6773
-30092,6774
-30091,6775
-30090,6776
-30089,6777
-30088,6778
-30087,6779
-30086,6780
-30085,6781
-30084,6782
-30083,6783
-30082,6784
-30081,6785
-30080,6786
-30079,6787
-30078,6788
-30077,6789
-30076,6790
-30075,6791
-30074,6792
-30073,6793
-30072,6794
-30071,6795
-30070,6796
-30069,6797
-30068,6798
-30067,6799
-30066,6800
-30065,6801
-30064,6802
-30063,6803
-30062,6804
-30061,6805
-30060,6806
-30059,6807
-30058,6808
-30057,6809
-30056,6810
-30055,6811
-30054,6812
-30053,6813
-30052,6814
-30051,6815
-30050,6816
-30049,6817
-30048,6818
-30047,6819
-30046,6820
-30045,6821
-30044,6822
-30043,6823
-30042,6824
-30041,6825
-30040,6826
-30039,6827
-30038,6828
-30037,6829
-30036,6830
-30035,6831
-30034,6832
-30033,6833
-30032,6834
-30031,6835
-30030,6836
-30029,6837
-30028,6838
-30027,6839
-30026,6840
-30025,6841
-30024,6842
-30023,6843
-30022,6844
-30021,6845
-30020,6846
-30019,6847
-30018,6848
-30017,6849
-30016,6850
-30015,6851
-30014,6852
-30013,6853
-30012,6854
-30011,6855
-30010,6856
-30009,6857
-30008,6858
-30007,6859
-30006,6860
-30005,6861
-30004,6862
-30003,6863
-30002,6864
-30001,6865
-30000,6866
-29999,6867
-29998,6868
-29997,6869
-29996,6870
-29995,6871
-29994,6872
-29993,6873
-29992,6874
-29991,6875
-29990,6876
-29989,6877
-29988,6878
-29987,6879
-29986,6880
-29985,6881
-29984,6882
-29983,6883
-29982,6884
-29981,6885
-29980,6886
-29979,6887
-29978,6888
-29977,6889
-29976,6890
-29975,6891
-29974,6892
-29973,6893
-29972,6894
-29971,6895
-29970,6896
-29969,6897
-29968,6898
-29967,6899
-29966,6900
-29965,6901
-29964,6902
-29963,6903
-29962,6904
-29961,6905
-29960,6906
-29959,6907
-29958,6908
-29957,6909
-29956,6910
-29955,6911
-29954,6912
-29953,6913
-29952,6914
-29951,6915
-29950,6916
-29949,6917
-29948,6918
-29947,6919
-29946,6920
-29945,6921
-29944,6922
-29943,6923
-29942,6924
-29941,6925
-29940,6926
-29939,6927
-29938,6928
-29937,6929
-29936,6930
-29935,6931
-29934,6932
-29933,6933
-29932,6934
-29931,6935
-29930,6936
-29929,6937
-29928,6938
-29927,6939
-29926,6940
-29925,6941
-29924,6942
-29923,6943
-29922,6944
-29921,6945
-29920,6946
-29919,6947
-29918,6948
-29917,6949
-29916,6950
-29915,6951
-29914,6952
-29913,6953
-29912,6954
-29911,6955
-29910,6956
-29909,6957
-29908,6958
-29907,6959
-29906,6960
-29905,6961
-29904,6962
-29903,6963
-29902,6964
-29901,6965
-29900,6966
-29899,6967
-29898,6968
-29897,6969
-29896,6970
-29895,6971
-29894,6972
-29893,6973
-29892,6974
-29891,6975
-29890,6976
-29889,6977
-29888,6978
-29887,6979
-29886,6980
-29885,6981
-29884,6982
-29883,6983
-29882,6984
-29881,6985
-29880,6986
-29879,6987
-29878,6988
-29877,6989
-29876,6990
-29875,6991
-29874,6992
-29873,6993
-29872,6994
-29871,6995
-29870,6996
-29869,6997
-29868,6998
-29867,6999
-29866,7000
-29865,7001
-29864,7002
-29863,7003
-29862,7004
-29861,7005
-29860,7006
-29859,7007
-29858,7008
-29857,7009
-29856,7010
-29855,7011
-29854,7012
-29853,7013
-29852,7014
-29851,7015
-29850,7016
-29849,7017
-29848,7018
-29847,7019
-29846,7020
-29845,7021
-29844,7022
-29843,7023
-29842,7024
-29841,7025
-29840,7026
-29839,7027
-29838,7028
-29837,7029
-29836,7030
-29835,7031
-29834,7032
-29833,7033
-29832,7034
-29831,7035
-29830,7036
-29829,7037
-29828,7038
-29827,7039
-29826,7040
-29825,7041
-29824,7042
-29823,7043
-29822,7044
-29821,7045
-29820,7046
-29819,7047
-29818,7048
-29817,7049
-29816,7050
-29815,7051
-29814,7052
-29813,7053
-29812,7054
-29811,7055
-29810,7056
-29809,7057
-29808,7058
-29807,7059
-29806,7060
-29805,7061
-29804,7062
-29803,7063
-29802,7064
-29801,7065
-29800,7066
-29799,7067
-29798,7068
-29797,7069
-29796,7070
-29795,7071
-29794,7072
-29793,7073
-29792,7074
-29791,7075
-29790,7076
-29789,7077
-29788,7078
-29787,7079
-29786,7080
-29785,7081
-29784,7082
-29783,7083
-29782,7084
-29781,7085
-29780,7086
-29779,7087
-29778,7088
-29777,7089
-29776,7090
-29775,7091
-29774,7092
-29773,7093
-29772,7094
-29771,7095
-29770,7096
-29769,7097
-29768,7098
-29767,7099
-29766,7100
-29765,7101
-29764,7102
-29763,7103
-29762,7104
-29761,7105
-29760,7106
-29759,7107
-29758,7108
-29757,7109
-29756,7110
-29755,7111
-29754,7112
-29753,7113
-29752,7114
-29751,7115
-29750,7116
-29749,7117
-29748,7118
-29747,7119
-29746,7120
-29745,7121
-29744,7122
-29743,7123
-29742,7124
-29741,7125
-29740,7126
-29739,7127
-29738,7128
-29737,7129
-29736,7130
-29735,7131
-29734,7132
-29733,7133
-29732,7134
-29731,7135
-29730,7136
-29729,7137
-29728,7138
-29727,7139
-29726,7140
-29725,7141
-29724,7142
-29723,7143
-29722,7144
-29721,7145
-29720,7146
-29719,7147
-29718,7148
-29717,7149
-29716,7150
-29715,7151
-29714,7152
-29713,7153
-29712,7154
-29711,7155
-29710,7156
-29709,7157
-29708,7158
-29707,7159
-29706,7160
-29705,7161
-29704,7162
-29703,7163
-29702,7164
-29701,7165
-29700,7166
-29699,7167
-29698,7168
-29697,7169
-29696,7170
-29695,7171
-29694,7172
-29693,7173
-29692,7174
-29691,7175
-29690,7176
-29689,7177
-29688,7178
-29687,7179
-29686,7180
-29685,7181
-29684,7182
-29683,7183
-29682,7184
-29681,7185
-29680,7186
-29679,7187
-29678,7188
-29677,7189
-29676,7190
-29675,7191
-29674,7192
-29673,7193
-29672,7194
-29671,7195
-29670,7196
-29669,7197
-29668,7198
-29667,7199
-29666,7200
-29665,7201
-29664,7202
-29663,7203
-29662,7204
-29661,7205
-29660,7206
-29659,7207
-29658,7208
-29657,7209
-29656,7210
-29655,7211
-29654,7212
-29653,7213
-29652,7214
-29651,7215
-29650,7216
-29649,7217
-29648,7218
-29647,7219
-29646,7220
-29645,7221
-29644,7222
-29643,7223
-29642,7224
-29641,7225
-29640,7226
-29639,7227
-29638,7228
-29637,7229
-29636,7230
-29635,7231
-29634,7232
-29633,7233
-29632,7234
-29631,7235
-29630,7236
-29629,7237
-29628,7238
-29627,7239
-29626,7240
-29625,7241
-29624,7242
-29623,7243
-29622,7244
-29621,7245
-29620,7246
-29619,7247
-29618,7248
-29617,7249
-29616,7250
-29615,7251
-29614,7252
-29613,7253
-29612,7254
-29611,7255
-29610,7256
-29609,7257
-29608,7258
-29607,7259
-29606,7260
-29605,7261
-29604,7262
-29603,7263
-29602,7264
-29601,7265
-29600,7266
-29599,7267
-29598,7268
-29597,7269
-29596,7270
-29595,7271
-29594,7272
-29593,7273
-29592,7274
-29591,7275
-29590,7276
-29589,7277
-29588,7278
-29587,7279
-29586,7280
-29585,7281
-29584,7282
-29583,7283
-29582,7284
-29581,7285
-29580,7286
-29579,7287
-29578,7288
-29577,7289
-29576,7290
-29575,7291
-29574,7292
-29573,7293
-29572,7294
-29571,7295
-29570,7296
-29569,7297
-29568,7298
-29567,7299
-29566,7300
-29565,7301
-29564,7302
-29563,7303
-29562,7304
-29561,7305
-29560,7306
-29559,7307
-29558,7308
-29557,7309
-29556,7310
-29555,7311
-29554,7312
-29553,7313
-29552,7314
-29551,7315
-29550,7316
-29549,7317
-29548,7318
-29547,7319
-29546,7320
-29545,7321
-29544,7322
-29543,7323
-29542,7324
-29541,7325
-29540,7326
-29539,7327
-29538,7328
-29537,7329
-29536,7330
-29535,7331
-29534,7332
-29533,7333
-29532,7334
-29531,7335
-29530,7336
-29529,7337
-29528,7338
-29527,7339
-29526,7340
-29525,7341
-29524,7342
-29523,7343
-29522,7344
-29521,7345
-29520,7346
-29519,7347
-29518,7348
-29517,7349
-29516,7350
-29515,7351
-29514,7352
-29513,7353
-29512,7354
-29511,7355
-29510,7356
-29509,7357
-29508,7358
-29507,7359
-29506,7360
-29505,7361
-29504,7362
-29503,7363
-29502,7364
-29501,7365
-29500,7366
-29499,7367
-29498,7368
-29497,7369
-29496,7370
-29495,7371
-29494,7372
-29493,7373
-29492,7374
-29491,7375
-29490,7376
-29489,7377
-29488,7378
-29487,7379
-29486,7380
-29485,7381
-29484,7382
-29483,7383
-29482,7384
-29481,7385
-29480,7386
-29479,7387
-29478,7388
-29477,7389
-29476,7390
-29475,7391
-29474,7392
-29473,7393
-29472,7394
-29471,7395
-29470,7396
-29469,7397
-29468,7398
-29467,7399
-29466,7400
-29465,7401
-29464,7402
-29463,7403
-29462,7404
-29461,7405
-29460,7406
-29459,7407
-29458,7408
-29457,7409
-29456,7410
-29455,7411
-29454,7412
-29453,7413
-29452,7414
-29451,7415
-29450,7416
-29449,7417
-29448,7418
-29447,7419
-29446,7420
-29445,7421
-29444,7422
-29443,7423
-29442,7424
-29441,7425
-29440,7426
-29439,7427
-29438,7428
-29437,7429
-29436,7430
-29435,7431
-29434,7432
-29433,7433
-29432,7434
-29431,7435
-29430,7436
-29429,7437
-29428,7438
-29427,7439
-29426,7440
-29425,7441
-29424,7442
-29423,7443
-29422,7444
-29421,7445
-29420,7446
-29419,7447
-29418,7448
-29417,7449
-29416,7450
-29415,7451
-29414,7452
-29413,7453
-29412,7454
-29411,7455
-29410,7456
-29409,7457
-29408,7458
-29407,7459
-29406,7460
-29405,7461
-29404,7462
-29403,7463
-29402,7464
-29401,7465
-29400,7466
-29399,7467
-29398,7468
-29397,7469
-29396,7470
-29395,7471
-29394,7472
-29393,7473
-29392,7474
-29391,7475
-29390,7476
-29389,7477
-29388,7478
-29387,7479
-29386,7480
-29385,7481
-29384,7482
-29383,7483
-29382,7484
-29381,7485
-29380,7486
-29379,7487
-29378,7488
-29377,7489
-29376,7490
-29375,7491
-29374,7492
-29373,7493
-29372,7494
-29371,7495
-29370,7496
-29369,7497
-29368,7498
-29367,7499
-29366,7500
-29365,7501
-29364,7502
-29363,7503
-29362,7504
-29361,7505
-29360,7506
-29359,7507
-29358,7508
-29357,7509
-29356,7510
-29355,7511
-29354,7512
-29353,7513
-29352,7514
-29351,7515
-29350,7516
-29349,7517
-29348,7518
-29347,7519
-29346,7520
-29345,7521
-29344,7522
-29343,7523
-29342,7524
-29341,7525
-29340,7526
-29339,7527
-29338,7528
-29337,7529
-29336,7530
-29335,7531
-29334,7532
-29333,7533
-29332,7534
-29331,7535
-29330,7536
-29329,7537
-29328,7538
-29327,7539
-29326,7540
-29325,7541
-29324,7542
-29323,7543
-29322,7544
-29321,7545
-29320,7546
-29319,7547
-29318,7548
-29317,7549
-29316,7550
-29315,7551
-29314,7552
-29313,7553
-29312,7554
-29311,7555
-29310,7556
-29309,7557
-29308,7558
-29307,7559
-29306,7560
-29305,7561
-29304,7562
-29303,7563
-29302,7564
-29301,7565
-29300,7566
-29299,7567
-29298,7568
-29297,7569
-29296,7570
-29295,7571
-29294,7572
-29293,7573
-29292,7574
-29291,7575
-29290,7576
-29289,7577
-29288,7578
-29287,7579
-29286,7580
-29285,7581
-29284,7582
-29283,7583
-29282,7584
-29281,7585
-29280,7586
-29279,7587
-29278,7588
-29277,7589
-29276,7590
-29275,7591
-29274,7592
-29273,7593
-29272,7594
-29271,7595
-29270,7596
-29269,7597
-29268,7598
-29267,7599
-29266,7600
-29265,7601
-29264,7602
-29263,7603
-29262,7604
-29261,7605
-29260,7606
-29259,7607
-29258,7608
-29257,7609
-29256,7610
-29255,7611
-29254,7612
-29253,7613
-29252,7614
-29251,7615
-29250,7616
-29249,7617
-29248,7618
-29247,7619
-29246,7620
-29245,7621
-29244,7622
-29243,7623
-29242,7624
-29241,7625
-29240,7626
-29239,7627
-29238,7628
-29237,7629
-29236,7630
-29235,7631
-29234,7632
-29233,7633
-29232,7634
-29231,7635
-29230,7636
-29229,7637
-29228,7638
-29227,7639
-29226,7640
-29225,7641
-29224,7642
-29223,7643
-29222,7644
-29221,7645
-29220,7646
-29219,7647
-29218,7648
-29217,7649
-29216,7650
-29215,7651
-29214,7652
-29213,7653
-29212,7654
-29211,7655
-29210,7656
-29209,7657
-29208,7658
-29207,7659
-29206,7660
-29205,7661
-29204,7662
-29203,7663
-29202,7664
-29201,7665
-29200,7666
-29199,7667
-29198,7668
-29197,7669
-29196,7670
-29195,7671
-29194,7672
-29193,7673
-29192,7674
-29191,7675
-29190,7676
-29189,7677
-29188,7678
-29187,7679
-29186,7680
-29185,7681
-29184,7682
-29183,7683
-29182,7684
-29181,7685
-29180,7686
-29179,7687
-29178,7688
-29177,7689
-29176,7690
-29175,7691
-29174,7692
-29173,7693
-29172,7694
-29171,7695
-29170,7696
-29169,7697
-29168,7698
-29167,7699
-29166,7700
-29165,7701
-29164,7702
-29163,7703
-29162,7704
-29161,7705
-29160,7706
-29159,7707
-29158,7708
-29157,7709
-29156,7710
-29155,7711
-29154,7712
-29153,7713
-29152,7714
-29151,7715
-29150,7716
-29149,7717
-29148,7718
-29147,7719
-29146,7720
-29145,7721
-29144,7722
-29143,7723
-29142,7724
-29141,7725
-29140,7726
-29139,7727
-29138,7728
-29137,7729
-29136,7730
-29135,7731
-29134,7732
-29133,7733
-29132,7734
-29131,7735
-29130,7736
-29129,7737
-29128,7738
-29127,7739
-29126,7740
-29125,7741
-29124,7742
-29123,7743
-29122,7744
-29121,7745
-29120,7746
-29119,7747
-29118,7748
-29117,7749
-29116,7750
-29115,7751
-29114,7752
-29113,7753
-29112,7754
-29111,7755
-29110,7756
-29109,7757
-29108,7758
-29107,7759
-29106,7760
-29105,7761
-29104,7762
-29103,7763
-29102,7764
-29101,7765
-29100,7766
-29099,7767
-29098,7768
-29097,7769
-29096,7770
-29095,7771
-29094,7772
-29093,7773
-29092,7774
-29091,7775
-29090,7776
-29089,7777
-29088,7778
-29087,7779
-29086,7780
-29085,7781
-29084,7782
-29083,7783
-29082,7784
-29081,7785
-29080,7786
-29079,7787
-29078,7788
-29077,7789
-29076,7790
-29075,7791
-29074,7792
-29073,7793
-29072,7794
-29071,7795
-29070,7796
-29069,7797
-29068,7798
-29067,7799
-29066,7800
-29065,7801
-29064,7802
-29063,7803
-29062,7804
-29061,7805
-29060,7806
-29059,7807
-29058,7808
-29057,7809
-29056,7810
-29055,7811
-29054,7812
-29053,7813
-29052,7814
-29051,7815
-29050,7816
-29049,7817
-29048,7818
-29047,7819
-29046,7820
-29045,7821
-29044,7822
-29043,7823
-29042,7824
-29041,7825
-29040,7826
-29039,7827
-29038,7828
-29037,7829
-29036,7830
-29035,7831
-29034,7832
-29033,7833
-29032,7834
-29031,7835
-29030,7836
-29029,7837
-29028,7838
-29027,7839
-29026,7840
-29025,7841
-29024,7842
-29023,7843
-29022,7844
-29021,7845
-29020,7846
-29019,7847
-29018,7848
-29017,7849
-29016,7850
-29015,7851
-29014,7852
-29013,7853
-29012,7854
-29011,7855
-29010,7856
-29009,7857
-29008,7858
-29007,7859
-29006,7860
-29005,7861
-29004,7862
-29003,7863
-29002,7864
-29001,7865
-29000,7866
-28999,7867
-28998,7868
-28997,7869
-28996,7870
-28995,7871
-28994,7872
-28993,7873
-28992,7874
-28991,7875
-28990,7876
-28989,7877
-28988,7878
-28987,7879
-28986,7880
-28985,7881
-28984,7882
-28983,7883
-28982,7884
-28981,7885
-28980,7886
-28979,7887
-28978,7888
-28977,7889
-28976,7890
-28975,7891
-28974,7892
-28973,7893
-28972,7894
-28971,7895
-28970,7896
-28969,7897
-28968,7898
-28967,7899
-28966,7900
-28965,7901
-28964,7902
-28963,7903
-28962,7904
-28961,7905
-28960,7906
-28959,7907
-28958,7908
-28957,7909
-28956,7910
-28955,7911
-28954,7912
-28953,7913
-28952,7914
-28951,7915
-28950,7916
-28949,7917
-28948,7918
-28947,7919
-28946,7920
-28945,7921
-28944,7922
-28943,7923
-28942,7924
-28941,7925
-28940,7926
-28939,7927
-28938,7928
-28937,7929
-28936,7930
-28935,7931
-28934,7932
-28933,7933
-28932,7934
-28931,7935
-28930,7936
-28929,7937
-28928,7938
-28927,7939
-28926,7940
-28925,7941
-28924,7942
-28923,7943
-28922,7944
-28921,7945
-28920,7946
-28919,7947
-28918,7948
-28917,7949
-28916,7950
-28915,7951
-28914,7952
-28913,7953
-28912,7954
-28911,7955
-28910,7956
-28909,7957
-28908,7958
-28907,7959
-28906,7960
-28905,7961
-28904,7962
-28903,7963
-28902,7964
-28901,7965
-28900,7966
-28899,7967
-28898,7968
-28897,7969
-28896,7970
-28895,7971
-28894,7972
-28893,7973
-28892,7974
-28891,7975
-28890,7976
-28889,7977
-28888,7978
-28887,7979
-28886,7980
-28885,7981
-28884,7982
-28883,7983
-28882,7984
-28881,7985
-28880,7986
-28879,7987
-28878,7988
-28877,7989
-28876,7990
-28875,7991
-28874,7992
-28873,7993
-28872,7994
-28871,7995
-28870,7996
-28869,7997
-28868,7998
-28867,7999
-28866,8000
-28865,8001
-28864,8002
-28863,8003
-28862,8004
-28861,8005
-28860,8006
-28859,8007
-28858,8008
-28857,8009
-28856,8010
-28855,8011
-28854,8012
-28853,8013
-28852,8014
-28851,8015
-28850,8016
-28849,8017
-28848,8018
-28847,8019
-28846,8020
-28845,8021
-28844,8022
-28843,8023
-28842,8024
-28841,8025
-28840,8026
-28839,8027
-28838,8028
-28837,8029
-28836,8030
-28835,8031
-28834,8032
-28833,8033
-28832,8034
-28831,8035
-28830,8036
-28829,8037
-28828,8038
-28827,8039
-28826,8040
-28825,8041
-28824,8042
-28823,8043
-28822,8044
-28821,8045
-28820,8046
-28819,8047
-28818,8048
-28817,8049
-28816,8050
-28815,8051
-28814,8052
-28813,8053
-28812,8054
-28811,8055
-28810,8056
-28809,8057
-28808,8058
-28807,8059
-28806,8060
-28805,8061
-28804,8062
-28803,8063
-28802,8064
-28801,8065
-28800,8066
-28799,8067
-28798,8068
-28797,8069
-28796,8070
-28795,8071
-28794,8072
-28793,8073
-28792,8074
-28791,8075
-28790,8076
-28789,8077
-28788,8078
-28787,8079
-28786,8080
-28785,8081
-28784,8082
-28783,8083
-28782,8084
-28781,8085
-28780,8086
-28779,8087
-28778,8088
-28777,8089
-28776,8090
-28775,8091
-28774,8092
-28773,8093
-28772,8094
-28771,8095
-28770,8096
-28769,8097
-28768,8098
-28767,8099
-28766,8100
-28765,8101
-28764,8102
-28763,8103
-28762,8104
-28761,8105
-28760,8106
-28759,8107
-28758,8108
-28757,8109
-28756,8110
-28755,8111
-28754,8112
-28753,8113
-28752,8114
-28751,8115
-28750,8116
-28749,8117
-28748,8118
-28747,8119
-28746,8120
-28745,8121
-28744,8122
-28743,8123
-28742,8124
-28741,8125
-28740,8126
-28739,8127
-28738,8128
-28737,8129
-28736,8130
-28735,8131
-28734,8132
-28733,8133
-28732,8134
-28731,8135
-28730,8136
-28729,8137
-28728,8138
-28727,8139
-28726,8140
-28725,8141
-28724,8142
-28723,8143
-28722,8144
-28721,8145
-28720,8146
-28719,8147
-28718,8148
-28717,8149
-28716,8150
-28715,8151
-28714,8152
-28713,8153
-28712,8154
-28711,8155
-28710,8156
-28709,8157
-28708,8158
-28707,8159
-28706,8160
-28705,8161
-28704,8162
-28703,8163
-28702,8164
-28701,8165
-28700,8166
-28699,8167
-28698,8168
-28697,8169
-28696,8170
-28695,8171
-28694,8172
-28693,8173
-28692,8174
-28691,8175
-28690,8176
-28689,8177
-28688,8178
-28687,8179
-28686,8180
-28685,8181
-28684,8182
-28683,8183
-28682,8184
-28681,8185
-28680,8186
-28679,8187
-28678,8188
-28677,8189
-28676,8190
-28675,8191
-28674,8192
-28673,8193
-28672,8194
-28671,8195
-28670,8196
-28669,8197
-28668,8198
-28667,8199
-28666,8200
-28665,8201
-28664,8202
-28663,8203
-28662,8204
-28661,8205
-28660,8206
-28659,8207
-28658,8208
-28657,8209
-28656,8210
-28655,8211
-28654,8212
-28653,8213
-28652,8214
-28651,8215
-28650,8216
-28649,8217
-28648,8218
-28647,8219
-28646,8220
-28645,8221
-28644,8222
-28643,8223
-28642,8224
-28641,8225
-28640,8226
-28639,8227
-28638,8228
-28637,8229
-28636,8230
-28635,8231
-28634,8232
-28633,8233
-28632,8234
-28631,8235
-28630,8236
-28629,8237
-28628,8238
-28627,8239
-28626,8240
-28625,8241
-28624,8242
-28623,8243
-28622,8244
-28621,8245
-28620,8246
-28619,8247
-28618,8248
-28617,8249
-28616,8250
-28615,8251
-28614,8252
-28613,8253
-28612,8254
-28611,8255
-28610,8256
-28609,8257
-28608,8258
-28607,8259
-28606,8260
-28605,8261
-28604,8262
-28603,8263
-28602,8264
-28601,8265
-28600,8266
-28599,8267
-28598,8268
-28597,8269
-28596,8270
-28595,8271
-28594,8272
-28593,8273
-28592,8274
-28591,8275
-28590,8276
-28589,8277
-28588,8278
-28587,8279
-28586,8280
-28585,8281
-28584,8282
-28583,8283
-28582,8284
-28581,8285
-28580,8286
-28579,8287
-28578,8288
-28577,8289
-28576,8290
-28575,8291
-28574,8292
-28573,8293
-28572,8294
-28571,8295
-28570,8296
-28569,8297
-28568,8298
-28567,8299
-28566,8300
-28565,8301
-28564,8302
-28563,8303
-28562,8304
-28561,8305
-28560,8306
-28559,8307
-28558,8308
-28557,8309
-28556,8310
-28555,8311
-28554,8312
-28553,8313
-28552,8314
-28551,8315
-28550,8316
-28549,8317
-28548,8318
-28547,8319
-28546,8320
-28545,8321
-28544,8322
-28543,8323
-28542,8324
-28541,8325
-28540,8326
-28539,8327
-28538,8328
-28537,8329
-28536,8330
-28535,8331
-28534,8332
-28533,8333
-28532,8334
-28531,8335
-28530,8336
-28529,8337
-28528,8338
-28527,8339
-28526,8340
-28525,8341
-28524,8342
-28523,8343
-28522,8344
-28521,8345
-28520,8346
-28519,8347
-28518,8348
-28517,8349
-28516,8350
-28515,8351
-28514,8352
-28513,8353
-28512,8354
-28511,8355
-28510,8356
-28509,8357
-28508,8358
-28507,8359
-28506,8360
-28505,8361
-28504,8362
-28503,8363
-28502,8364
-28501,8365
-28500,8366
-28499,8367
-28498,8368
-28497,8369
-28496,8370
-28495,8371
-28494,8372
-28493,8373
-28492,8374
-28491,8375
-28490,8376
-28489,8377
-28488,8378
-28487,8379
-28486,8380
-28485,8381
-28484,8382
-28483,8383
-28482,8384
-28481,8385
-28480,8386
-28479,8387
-28478,8388
-28477,8389
-28476,8390
-28475,8391
-28474,8392
-28473,8393
-28472,8394
-28471,8395
-28470,8396
-28469,8397
-28468,8398
-28467,8399
-28466,8400
-28465,8401
-28464,8402
-28463,8403
-28462,8404
-28461,8405
-28460,8406
-28459,8407
-28458,8408
-28457,8409
-28456,8410
-28455,8411
-28454,8412
-28453,8413
-28452,8414
-28451,8415
-28450,8416
-28449,8417
-28448,8418
-28447,8419
-28446,8420
-28445,8421
-28444,8422
-28443,8423
-28442,8424
-28441,8425
-28440,8426
-28439,8427
-28438,8428
-28437,8429
-28436,8430
-28435,8431
-28434,8432
-28433,8433
-28432,8434
-28431,8435
-28430,8436
-28429,8437
-28428,8438
-28427,8439
-28426,8440
-28425,8441
-28424,8442
-28423,8443
-28422,8444
-28421,8445
-28420,8446
-28419,8447
-28418,8448
-28417,8449
-28416,8450
-28415,8451
-28414,8452
-28413,8453
-28412,8454
-28411,8455
-28410,8456
-28409,8457
-28408,8458
-28407,8459
-28406,8460
-28405,8461
-28404,8462
-28403,8463
-28402,8464
-28401,8465
-28400,8466
-28399,8467
-28398,8468
-28397,8469
-28396,8470
-28395,8471
-28394,8472
-28393,8473
-28392,8474
-28391,8475
-28390,8476
-28389,8477
-28388,8478
-28387,8479
-28386,8480
-28385,8481
-28384,8482
-28383,8483
-28382,8484
-28381,8485
-28380,8486
-28379,8487
-28378,8488
-28377,8489
-28376,8490
-28375,8491
-28374,8492
-28373,8493
-28372,8494
-28371,8495
-28370,8496
-28369,8497
-28368,8498
-28367,8499
-28366,8500
-28365,8501
-28364,8502
-28363,8503
-28362,8504
-28361,8505
-28360,8506
-28359,8507
-28358,8508
-28357,8509
-28356,8510
-28355,8511
-28354,8512
-28353,8513
-28352,8514
-28351,8515
-28350,8516
-28349,8517
-28348,8518
-28347,8519
-28346,8520
-28345,8521
-28344,8522
-28343,8523
-28342,8524
-28341,8525
-28340,8526
-28339,8527
-28338,8528
-28337,8529
-28336,8530
-28335,8531
-28334,8532
-28333,8533
-28332,8534
-28331,8535
-28330,8536
-28329,8537
-28328,8538
-28327,8539
-28326,8540
-28325,8541
-28324,8542
-28323,8543
-28322,8544
-28321,8545
-28320,8546
-28319,8547
-28318,8548
-28317,8549
-28316,8550
-28315,8551
-28314,8552
-28313,8553
-28312,8554
-28311,8555
-28310,8556
-28309,8557
-28308,8558
-28307,8559
-28306,8560
-28305,8561
-28304,8562
-28303,8563
-28302,8564
-28301,8565
-28300,8566
-28299,8567
-28298,8568
-28297,8569
-28296,8570
-28295,8571
-28294,8572
-28293,8573
-28292,8574
-28291,8575
-28290,8576
-28289,8577
-28288,8578
-28287,8579
-28286,8580
-28285,8581
-28284,8582
-28283,8583
-28282,8584
-28281,8585
-28280,8586
-28279,8587
-28278,8588
-28277,8589
-28276,8590
-28275,8591
-28274,8592
-28273,8593
-28272,8594
-28271,8595
-28270,8596
-28269,8597
-28268,8598
-28267,8599
-28266,8600
-28265,8601
-28264,8602
-28263,8603
-28262,8604
-28261,8605
-28260,8606
-28259,8607
-28258,8608
-28257,8609
-28256,8610
-28255,8611
-28254,8612
-28253,8613
-28252,8614
-28251,8615
-28250,8616
-28249,8617
-28248,8618
-28247,8619
-28246,8620
-28245,8621
-28244,8622
-28243,8623
-28242,8624
-28241,8625
-28240,8626
-28239,8627
-28238,8628
-28237,8629
-28236,8630
-28235,8631
-28234,8632
-28233,8633
-28232,8634
-28231,8635
-28230,8636
-28229,8637
-28228,8638
-28227,8639
-28226,8640
-28225,8641
-28224,8642
-28223,8643
-28222,8644
-28221,8645
-28220,8646
-28219,8647
-28218,8648
-28217,8649
-28216,8650
-28215,8651
-28214,8652
-28213,8653
-28212,8654
-28211,8655
-28210,8656
-28209,8657
-28208,8658
-28207,8659
-28206,8660
-28205,8661
-28204,8662
-28203,8663
-28202,8664
-28201,8665
-28200,8666
-28199,8667
-28198,8668
-28197,8669
-28196,8670
-28195,8671
-28194,8672
-28193,8673
-28192,8674
-28191,8675
-28190,8676
-28189,8677
-28188,8678
-28187,8679
-28186,8680
-28185,8681
-28184,8682
-28183,8683
-28182,8684
-28181,8685
-28180,8686
-28179,8687
-28178,8688
-28177,8689
-28176,8690
-28175,8691
-28174,8692
-28173,8693
-28172,8694
-28171,8695
-28170,8696
-28169,8697
-28168,8698
-28167,8699
-28166,8700
-28165,8701
-28164,8702
-28163,8703
-28162,8704
-28161,8705
-28160,8706
-28159,8707
-28158,8708
-28157,8709
-28156,8710
-28155,8711
-28154,8712
-28153,8713
-28152,8714
-28151,8715
-28150,8716
-28149,8717
-28148,8718
-28147,8719
-28146,8720
-28145,8721
-28144,8722
-28143,8723
-28142,8724
-28141,8725
-28140,8726
-28139,8727
-28138,8728
-28137,8729
-28136,8730
-28135,8731
-28134,8732
-28133,8733
-28132,8734
-28131,8735
-28130,8736
-28129,8737
-28128,8738
-28127,8739
-28126,8740
-28125,8741
-28124,8742
-28123,8743
-28122,8744
-28121,8745
-28120,8746
-28119,8747
-28118,8748
-28117,8749
-28116,8750
-28115,8751
-28114,8752
-28113,8753
-28112,8754
-28111,8755
-28110,8756
-28109,8757
-28108,8758
-28107,8759
-28106,8760
-28105,8761
-28104,8762
-28103,8763
-28102,8764
-28101,8765
-28100,8766
-28099,8767
-28098,8768
-28097,8769
-28096,8770
-28095,8771
-28094,8772
-28093,8773
-28092,8774
-28091,8775
-28090,8776
-28089,8777
-28088,8778
-28087,8779
-28086,8780
-28085,8781
-28084,8782
-28083,8783
-28082,8784
-28081,8785
-28080,8786
-28079,8787
-28078,8788
-28077,8789
-28076,8790
-28075,8791
-28074,8792
-28073,8793
-28072,8794
-28071,8795
-28070,8796
-28069,8797
-28068,8798
-28067,8799
-28066,8800
-28065,8801
-28064,8802
-28063,8803
-28062,8804
-28061,8805
-28060,8806
-28059,8807
-28058,8808
-28057,8809
-28056,8810
-28055,8811
-28054,8812
-28053,8813
-28052,8814
-28051,8815
-28050,8816
-28049,8817
-28048,8818
-28047,8819
-28046,8820
-28045,8821
-28044,8822
-28043,8823
-28042,8824
-28041,8825
-28040,8826
-28039,8827
-28038,8828
-28037,8829
-28036,8830
-28035,8831
-28034,8832
-28033,8833
-28032,8834
-28031,8835
-28030,8836
-28029,8837
-28028,8838
-28027,8839
-28026,8840
-28025,8841
-28024,8842
-28023,8843
-28022,8844
-28021,8845
-28020,8846
-28019,8847
-28018,8848
-28017,8849
-28016,8850
-28015,8851
-28014,8852
-28013,8853
-28012,8854
-28011,8855
-28010,8856
-28009,8857
-28008,8858
-28007,8859
-28006,8860
-28005,8861
-28004,8862
-28003,8863
-28002,8864
-28001,8865
-28000,8866
-27999,8867
-27998,8868
-27997,8869
-27996,8870
-27995,8871
-27994,8872
-27993,8873
-27992,8874
-27991,8875
-27990,8876
-27989,8877
-27988,8878
-27987,8879
-27986,8880
-27985,8881
-27984,8882
-27983,8883
-27982,8884
-27981,8885
-27980,8886
-27979,8887
-27978,8888
-27977,8889
-27976,8890
-27975,8891
-27974,8892
-27973,8893
-27972,8894
-27971,8895
-27970,8896
-27969,8897
-27968,8898
-27967,8899
-27966,8900
-27965,8901
-27964,8902
-27963,8903
-27962,8904
-27961,8905
-27960,8906
-27959,8907
-27958,8908
-27957,8909
-27956,8910
-27955,8911
-27954,8912
-27953,8913
-27952,8914
-27951,8915
-27950,8916
-27949,8917
-27948,8918
-27947,8919
-27946,8920
-27945,8921
-27944,8922
-27943,8923
-27942,8924
-27941,8925
-27940,8926
-27939,8927
-27938,8928
-27937,8929
-27936,8930
-27935,8931
-27934,8932
-27933,8933
-27932,8934
-27931,8935
-27930,8936
-27929,8937
-27928,8938
-27927,8939
-27926,8940
-27925,8941
-27924,8942
-27923,8943
-27922,8944
-27921,8945
-27920,8946
-27919,8947
-27918,8948
-27917,8949
-27916,8950
-27915,8951
-27914,8952
-27913,8953
-27912,8954
-27911,8955
-27910,8956
-27909,8957
-27908,8958
-27907,8959
-27906,8960
-27905,8961
-27904,8962
-27903,8963
-27902,8964
-27901,8965
-27900,8966
-27899,8967
-27898,8968
-27897,8969
-27896,8970
-27895,8971
-27894,8972
-27893,8973
-27892,8974
-27891,8975
-27890,8976
-27889,8977
-27888,8978
-27887,8979
-27886,8980
-27885,8981
-27884,8982
-27883,8983
-27882,8984
-27881,8985
-27880,8986
-27879,8987
-27878,8988
-27877,8989
-27876,8990
-27875,8991
-27874,8992
-27873,8993
-27872,8994
-27871,8995
-27870,8996
-27869,8997
-27868,8998
-27867,8999
-27866,9000
-27865,9001
-27864,9002
-27863,9003
-27862,9004
-27861,9005
-27860,9006
-27859,9007
-27858,9008
-27857,9009
-27856,9010
-27855,9011
-27854,9012
-27853,9013
-27852,9014
-27851,9015
-27850,9016
-27849,9017
-27848,9018
-27847,9019
-27846,9020
-27845,9021
-27844,9022
-27843,9023
-27842,9024
-27841,9025
-27840,9026
-27839,9027
-27838,9028
-27837,9029
-27836,9030
-27835,9031
-27834,9032
-27833,9033
-27832,9034
-27831,9035
-27830,9036
-27829,9037
-27828,9038
-27827,9039
-27826,9040
-27825,9041
-27824,9042
-27823,9043
-27822,9044
-27821,9045
-27820,9046
-27819,9047
-27818,9048
-27817,9049
-27816,9050
-27815,9051
-27814,9052
-27813,9053
-27812,9054
-27811,9055
-27810,9056
-27809,9057
-27808,9058
-27807,9059
-27806,9060
-27805,9061
-27804,9062
-27803,9063
-27802,9064
-27801,9065
-27800,9066
-27799,9067
-27798,9068
-27797,9069
-27796,9070
-27795,9071
-27794,9072
-27793,9073
-27792,9074
-27791,9075
-27790,9076
-27789,9077
-27788,9078
-27787,9079
-27786,9080
-27785,9081
-27784,9082
-27783,9083
-27782,9084
-27781,9085
-27780,9086
-27779,9087
-27778,9088
-27777,9089
-27776,9090
-27775,9091
-27774,9092
-27773,9093
-27772,9094
-27771,9095
-27770,9096
-27769,9097
-27768,9098
-27767,9099
-27766,9100
-27765,9101
-27764,9102
-27763,9103
-27762,9104
-27761,9105
-27760,9106
-27759,9107
-27758,9108
-27757,9109
-27756,9110
-27755,9111
-27754,9112
-27753,9113
-27752,9114
-27751,9115
-27750,9116
-27749,9117
-27748,9118
-27747,9119
-27746,9120
-27745,9121
-27744,9122
-27743,9123
-27742,9124
-27741,9125
-27740,9126
-27739,9127
-27738,9128
-27737,9129
-27736,9130
-27735,9131
-27734,9132
-27733,9133
-27732,9134
-27731,9135
-27730,9136
-27729,9137
-27728,9138
-27727,9139
-27726,9140
-27725,9141
-27724,9142
-27723,9143
-27722,9144
-27721,9145
-27720,9146
-27719,9147
-27718,9148
-27717,9149
-27716,9150
-27715,9151
-27714,9152
-27713,9153
-27712,9154
-27711,9155
-27710,9156
-27709,9157
-27708,9158
-27707,9159
-27706,9160
-27705,9161
-27704,9162
-27703,9163
-27702,9164
-27701,9165
-27700,9166
-27699,9167
-27698,9168
-27697,9169
-27696,9170
-27695,9171
-27694,9172
-27693,9173
-27692,9174
-27691,9175
-27690,9176
-27689,9177
-27688,9178
-27687,9179
-27686,9180
-27685,9181
-27684,9182
-27683,9183
-27682,9184
-27681,9185
-27680,9186
-27679,9187
-27678,9188
-27677,9189
-27676,9190
-27675,9191
-27674,9192
-27673,9193
-27672,9194
-27671,9195
-27670,9196
-27669,9197
-27668,9198
-27667,9199
-27666,9200
-27665,9201
-27664,9202
-27663,9203
-27662,9204
-27661,9205
-27660,9206
-27659,9207
-27658,9208
-27657,9209
-27656,9210
-27655,9211
-27654,9212
-27653,9213
-27652,9214
-27651,9215
-27650,9216
-27649,9217
-27648,9218
-27647,9219
-27646,9220
-27645,9221
-27644,9222
-27643,9223
-27642,9224
-27641,9225
-27640,9226
-27639,9227
-27638,9228
-27637,9229
-27636,9230
-27635,9231
-27634,9232
-27633,9233
-27632,9234
-27631,9235
-27630,9236
-27629,9237
-27628,9238
-27627,9239
-27626,9240
-27625,9241
-27624,9242
-27623,9243
-27622,9244
-27621,9245
-27620,9246
-27619,9247
-27618,9248
-27617,9249
-27616,9250
-27615,9251
-27614,9252
-27613,9253
-27612,9254
-27611,9255
-27610,9256
-27609,9257
-27608,9258
-27607,9259
-27606,9260
-27605,9261
-27604,9262
-27603,9263
-27602,9264
-27601,9265
-27600,9266
-27599,9267
-27598,9268
-27597,9269
-27596,9270
-27595,9271
-27594,9272
-27593,9273
-27592,9274
-27591,9275
-27590,9276
-27589,9277
-27588,9278
-27587,9279
-27586,9280
-27585,9281
-27584,9282
-27583,9283
-27582,9284
-27581,9285
-27580,9286
-27579,9287
-27578,9288
-27577,9289
-27576,9290
-27575,9291
-27574,9292
-27573,9293
-27572,9294
-27571,9295
-27570,9296
-27569,9297
-27568,9298
-27567,9299
-27566,9300
-27565,9301
-27564,9302
-27563,9303
-27562,9304
-27561,9305
-27560,9306
-27559,9307
-27558,9308
-27557,9309
-27556,9310
-27555,9311
-27554,9312
-27553,9313
-27552,9314
-27551,9315
-27550,9316
-27549,9317
-27548,9318
-27547,9319
-27546,9320
-27545,9321
-27544,9322
-27543,9323
-27542,9324
-27541,9325
-27540,9326
-27539,9327
-27538,9328
-27537,9329
-27536,9330
-27535,9331
-27534,9332
-27533,9333
-27532,9334
-27531,9335
-27530,9336
-27529,9337
-27528,9338
-27527,9339
-27526,9340
-27525,9341
-27524,9342
-27523,9343
-27522,9344
-27521,9345
-27520,9346
-27519,9347
-27518,9348
-27517,9349
-27516,9350
-27515,9351
-27514,9352
-27513,9353
-27512,9354
-27511,9355
-27510,9356
-27509,9357
-27508,9358
-27507,9359
-27506,9360
-27505,9361
-27504,9362
-27503,9363
-27502,9364
-27501,9365
-27500,9366
-27499,9367
-27498,9368
-27497,9369
-27496,9370
-27495,9371
-27494,9372
-27493,9373
-27492,9374
-27491,9375
-27490,9376
-27489,9377
-27488,9378
-27487,9379
-27486,9380
-27485,9381
-27484,9382
-27483,9383
-27482,9384
-27481,9385
-27480,9386
-27479,9387
-27478,9388
-27477,9389
-27476,9390
-27475,9391
-27474,9392
-27473,9393
-27472,9394
-27471,9395
-27470,9396
-27469,9397
-27468,9398
-27467,9399
-27466,9400
-27465,9401
-27464,9402
-27463,9403
-27462,9404
-27461,9405
-27460,9406
-27459,9407
-27458,9408
-27457,9409
-27456,9410
-27455,9411
-27454,9412
-27453,9413
-27452,9414
-27451,9415
-27450,9416
-27449,9417
-27448,9418
-27447,9419
-27446,9420
-27445,9421
-27444,9422
-27443,9423
-27442,9424
-27441,9425
-27440,9426
-27439,9427
-27438,9428
-27437,9429
-27436,9430
-27435,9431
-27434,9432
-27433,9433
-27432,9434
-27431,9435
-27430,9436
-27429,9437
-27428,9438
-27427,9439
-27426,9440
-27425,9441
-27424,9442
-27423,9443
-27422,9444
-27421,9445
-27420,9446
-27419,9447
-27418,9448
-27417,9449
-27416,9450
-27415,9451
-27414,9452
-27413,9453
-27412,9454
-27411,9455
-27410,9456
-27409,9457
-27408,9458
-27407,9459
-27406,9460
-27405,9461
-27404,9462
-27403,9463
-27402,9464
-27401,9465
-27400,9466
-27399,9467
-27398,9468
-27397,9469
-27396,9470
-27395,9471
-27394,9472
-27393,9473
-27392,9474
-27391,9475
-27390,9476
-27389,9477
-27388,9478
-27387,9479
-27386,9480
-27385,9481
-27384,9482
-27383,9483
-27382,9484
-27381,9485
-27380,9486
-27379,9487
-27378,9488
-27377,9489
-27376,9490
-27375,9491
-27374,9492
-27373,9493
-27372,9494
-27371,9495
-27370,9496
-27369,9497
-27368,9498
-27367,9499
-27366,9500
-27365,9501
-27364,9502
-27363,9503
-27362,9504
-27361,9505
-27360,9506
-27359,9507
-27358,9508
-27357,9509
-27356,9510
-27355,9511
-27354,9512
-27353,9513
-27352,9514
-27351,9515
-27350,9516
-27349,9517
-27348,9518
-27347,9519
-27346,9520
-27345,9521
-27344,9522
-27343,9523
-27342,9524
-27341,9525
-27340,9526
-27339,9527
-27338,9528
-27337,9529
-27336,9530
-27335,9531
-27334,9532
-27333,9533
-27332,9534
-27331,9535
-27330,9536
-27329,9537
-27328,9538
-27327,9539
-27326,9540
-27325,9541
-27324,9542
-27323,9543
-27322,9544
-27321,9545
-27320,9546
-27319,9547
-27318,9548
-27317,9549
-27316,9550
-27315,9551
-27314,9552
-27313,9553
-27312,9554
-27311,9555
-27310,9556
-27309,9557
-27308,9558
-27307,9559
-27306,9560
-27305,9561
-27304,9562
-27303,9563
-27302,9564
-27301,9565
-27300,9566
-27299,9567
-27298,9568
-27297,9569
-27296,9570
-27295,9571
-27294,9572
-27293,9573
-27292,9574
-27291,9575
-27290,9576
-27289,9577
-27288,9578
-27287,9579
-27286,9580
-27285,9581
-27284,9582
-27283,9583
-27282,9584
-27281,9585
-27280,9586
-27279,9587
-27278,9588
-27277,9589
-27276,9590
-27275,9591
-27274,9592
-27273,9593
-27272,9594
-27271,9595
-27270,9596
-27269,9597
-27268,9598
-27267,9599
-27266,9600
-27265,9601
-27264,9602
-27263,9603
-27262,9604
-27261,9605
-27260,9606
-27259,9607
-27258,9608
-27257,9609
-27256,9610
-27255,9611
-27254,9612
-27253,9613
-27252,9614
-27251,9615
-27250,9616
-27249,9617
-27248,9618
-27247,9619
-27246,9620
-27245,9621
-27244,9622
-27243,9623
-27242,9624
-27241,9625
-27240,9626
-27239,9627
-27238,9628
-27237,9629
-27236,9630
-27235,9631
-27234,9632
-27233,9633
-27232,9634
-27231,9635
-27230,9636
-27229,9637
-27228,9638
-27227,9639
-27226,9640
-27225,9641
-27224,9642
-27223,9643
-27222,9644
-27221,9645
-27220,9646
-27219,9647
-27218,9648
-27217,9649
-27216,9650
-27215,9651
-27214,9652
-27213,9653
-27212,9654
-27211,9655
-27210,9656
-27209,9657
-27208,9658
-27207,9659
-27206,9660
-27205,9661
-27204,9662
-27203,9663
-27202,9664
-27201,9665
-27200,9666
-27199,9667
-27198,9668
-27197,9669
-27196,9670
-27195,9671
-27194,9672
-27193,9673
-27192,9674
-27191,9675
-27190,9676
-27189,9677
-27188,9678
-27187,9679
-27186,9680
-27185,9681
-27184,9682
-27183,9683
-27182,9684
-27181,9685
-27180,9686
-27179,9687
-27178,9688
-27177,9689
-27176,9690
-27175,9691
-27174,9692
-27173,9693
-27172,9694
-27171,9695
-27170,9696
-27169,9697
-27168,9698
-27167,9699
-27166,9700
-27165,9701
-27164,9702
-27163,9703
-27162,9704
-27161,9705
-27160,9706
-27159,9707
-27158,9708
-27157,9709
-27156,9710
-27155,9711
-27154,9712
-27153,9713
-27152,9714
-27151,9715
-27150,9716
-27149,9717
-27148,9718
-27147,9719
-27146,9720
-27145,9721
-27144,9722
-27143,9723
-27142,9724
-27141,9725
-27140,9726
-27139,9727
-27138,9728
-27137,9729
-27136,9730
-27135,9731
-27134,9732
-27133,9733
-27132,9734
-27131,9735
-27130,9736
-27129,9737
-27128,9738
-27127,9739
-27126,9740
-27125,9741
-27124,9742
-27123,9743
-27122,9744
-27121,9745
-27120,9746
-27119,9747
-27118,9748
-27117,9749
-27116,9750
-27115,9751
-27114,9752
-27113,9753
-27112,9754
-27111,9755
-27110,9756
-27109,9757
-27108,9758
-27107,9759
-27106,9760
-27105,9761
-27104,9762
-27103,9763
-27102,9764
-27101,9765
-27100,9766
-27099,9767
-27098,9768
-27097,9769
-27096,9770
-27095,9771
-27094,9772
-27093,9773
-27092,9774
-27091,9775
-27090,9776
-27089,9777
-27088,9778
-27087,9779
-27086,9780
-27085,9781
-27084,9782
-27083,9783
-27082,9784
-27081,9785
-27080,9786
-27079,9787
-27078,9788
-27077,9789
-27076,9790
-27075,9791
-27074,9792
-27073,9793
-27072,9794
-27071,9795
-27070,9796
-27069,9797
-27068,9798
-27067,9799
-27066,9800
-27065,9801
-27064,9802
-27063,9803
-27062,9804
-27061,9805
-27060,9806
-27059,9807
-27058,9808
-27057,9809
-27056,9810
-27055,9811
-27054,9812
-27053,9813
-27052,9814
-27051,9815
-27050,9816
-27049,9817
-27048,9818
-27047,9819
-27046,9820
-27045,9821
-27044,9822
-27043,9823
-27042,9824
-27041,9825
-27040,9826
-27039,9827
-27038,9828
-27037,9829
-27036,9830
-27035,9831
-27034,9832
-27033,9833
-27032,9834
-27031,9835
-27030,9836
-27029,9837
-27028,9838
-27027,9839
-27026,9840
-27025,9841
-27024,9842
-27023,9843
-27022,9844
-27021,9845
-27020,9846
-27019,9847
-27018,9848
-27017,9849
-27016,9850
-27015,9851
-27014,9852
-27013,9853
-27012,9854
-27011,9855
-27010,9856
-27009,9857
-27008,9858
-27007,9859
-27006,9860
-27005,9861
-27004,9862
-27003,9863
-27002,9864
-27001,9865
-27000,9866
-26999,9867
-26998,9868
-26997,9869
-26996,9870
-26995,9871
-26994,9872
-26993,9873
-26992,9874
-26991,9875
-26990,9876
-26989,9877
-26988,9878
-26987,9879
-26986,9880
-26985,9881
-26984,9882
-26983,9883
-26982,9884
-26981,9885
-26980,9886
-26979,9887
-26978,9888
-26977,9889
-26976,9890
-26975,9891
-26974,9892
-26973,9893
-26972,9894
-26971,9895
-26970,9896
-26969,9897
-26968,9898
-26967,9899
-26966,9900
-26965,9901
-26964,9902
-26963,9903
-26962,9904
-26961,9905
-26960,9906
-26959,9907
-26958,9908
-26957,9909
-26956,9910
-26955,9911
-26954,9912
-26953,9913
-26952,9914
-26951,9915
-26950,9916
-26949,9917
-26948,9918
-26947,9919
-26946,9920
-26945,9921
-26944,9922
-26943,9923
-26942,9924
-26941,9925
-26940,9926
-26939,9927
-26938,9928
-26937,9929
-26936,9930
-26935,9931
-26934,9932
-26933,9933
-26932,9934
-26931,9935
-26930,9936
-26929,9937
-26928,9938
-26927,9939
-26926,9940
-26925,9941
-26924,9942
-26923,9943
-26922,9944
-26921,9945
-26920,9946
-26919,9947
-26918,9948
-26917,9949
-26916,9950
-26915,9951
-26914,9952
-26913,9953
-26912,9954
-26911,9955
-26910,9956
-26909,9957
-26908,9958
-26907,9959
-26906,9960
-26905,9961
-26904,9962
-26903,9963
-26902,9964
-26901,9965
-26900,9966
-26899,9967
-26898,9968
-26897,9969
-26896,9970
-26895,9971
-26894,9972
-26893,9973
-26892,9974
-26891,9975
-26890,9976
-26889,9977
-26888,9978
-26887,9979
-26886,9980
-26885,9981
-26884,9982
-26883,9983
-26882,9984
-26881,9985
-26880,9986
-26879,9987
-26878,9988
-26877,9989
-26876,9990
-26875,9991
-26874,9992
-26873,9993
-26872,9994
-26871,9995
-26870,9996
-26869,9997
-26868,9998
-26867,9999
-26866,10000
-26865,10001
-26864,10002
-26863,10003
-26862,10004
-26861,10005
-26860,10006
-26859,10007
-26858,10008
-26857,10009
-26856,10010
-26855,10011
-26854,10012
-26853,10013
-26852,10014
-26851,10015
-26850,10016
-26849,10017
-26848,10018
-26847,10019
-26846,10020
-26845,10021
-26844,10022
-26843,10023
-26842,10024
-26841,10025
-26840,10026
-26839,10027
-26838,10028
-26837,10029
-26836,10030
-26835,10031
-26834,10032
-26833,10033
-26832,10034
-26831,10035
-26830,10036
-26829,10037
-26828,10038
-26827,10039
-26826,10040
-26825,10041
-26824,10042
-26823,10043
-26822,10044
-26821,10045
-26820,10046
-26819,10047
-26818,10048
-26817,10049
-26816,10050
-26815,10051
-26814,10052
-26813,10053
-26812,10054
-26811,10055
-26810,10056
-26809,10057
-26808,10058
-26807,10059
-26806,10060
-26805,10061
-26804,10062
-26803,10063
-26802,10064
-26801,10065
-26800,10066
-26799,10067
-26798,10068
-26797,10069
-26796,10070
-26795,10071
-26794,10072
-26793,10073
-26792,10074
-26791,10075
-26790,10076
-26789,10077
-26788,10078
-26787,10079
-26786,10080
-26785,10081
-26784,10082
-26783,10083
-26782,10084
-26781,10085
-26780,10086
-26779,10087
-26778,10088
-26777,10089
-26776,10090
-26775,10091
-26774,10092
-26773,10093
-26772,10094
-26771,10095
-26770,10096
-26769,10097
-26768,10098
-26767,10099
-26766,10100
-26765,10101
-26764,10102
-26763,10103
-26762,10104
-26761,10105
-26760,10106
-26759,10107
-26758,10108
-26757,10109
-26756,10110
-26755,10111
-26754,10112
-26753,10113
-26752,10114
-26751,10115
-26750,10116
-26749,10117
-26748,10118
-26747,10119
-26746,10120
-26745,10121
-26744,10122
-26743,10123
-26742,10124
-26741,10125
-26740,10126
-26739,10127
-26738,10128
-26737,10129
-26736,10130
-26735,10131
-26734,10132
-26733,10133
-26732,10134
-26731,10135
-26730,10136
-26729,10137
-26728,10138
-26727,10139
-26726,10140
-26725,10141
-26724,10142
-26723,10143
-26722,10144
-26721,10145
-26720,10146
-26719,10147
-26718,10148
-26717,10149
-26716,10150
-26715,10151
-26714,10152
-26713,10153
-26712,10154
-26711,10155
-26710,10156
-26709,10157
-26708,10158
-26707,10159
-26706,10160
-26705,10161
-26704,10162
-26703,10163
-26702,10164
-26701,10165
-26700,10166
-26699,10167
-26698,10168
-26697,10169
-26696,10170
-26695,10171
-26694,10172
-26693,10173
-26692,10174
-26691,10175
-26690,10176
-26689,10177
-26688,10178
-26687,10179
-26686,10180
-26685,10181
-26684,10182
-26683,10183
-26682,10184
-26681,10185
-26680,10186
-26679,10187
-26678,10188
-26677,10189
-26676,10190
-26675,10191
-26674,10192
-26673,10193
-26672,10194
-26671,10195
-26670,10196
-26669,10197
-26668,10198
-26667,10199
-26666,10200
-26665,10201
-26664,10202
-26663,10203
-26662,10204
-26661,10205
-26660,10206
-26659,10207
-26658,10208
-26657,10209
-26656,10210
-26655,10211
-26654,10212
-26653,10213
-26652,10214
-26651,10215
-26650,10216
-26649,10217
-26648,10218
-26647,10219
-26646,10220
-26645,10221
-26644,10222
-26643,10223
-26642,10224
-26641,10225
-26640,10226
-26639,10227
-26638,10228
-26637,10229
-26636,10230
-26635,10231
-26634,10232
-26633,10233
-26632,10234
-26631,10235
-26630,10236
-26629,10237
-26628,10238
-26627,10239
-26626,10240
-26625,10241
-26624,10242
-26623,10243
-26622,10244
-26621,10245
-26620,10246
-26619,10247
-26618,10248
-26617,10249
-26616,10250
-26615,10251
-26614,10252
-26613,10253
-26612,10254
-26611,10255
-26610,10256
-26609,10257
-26608,10258
-26607,10259
-26606,10260
-26605,10261
-26604,10262
-26603,10263
-26602,10264
-26601,10265
-26600,10266
-26599,10267
-26598,10268
-26597,10269
-26596,10270
-26595,10271
-26594,10272
-26593,10273
-26592,10274
-26591,10275
-26590,10276
-26589,10277
-26588,10278
-26587,10279
-26586,10280
-26585,10281
-26584,10282
-26583,10283
-26582,10284
-26581,10285
-26580,10286
-26579,10287
-26578,10288
-26577,10289
-26576,10290
-26575,10291
-26574,10292
-26573,10293
-26572,10294
-26571,10295
-26570,10296
-26569,10297
-26568,10298
-26567,10299
-26566,10300
-26565,10301
-26564,10302
-26563,10303
-26562,10304
-26561,10305
-26560,10306
-26559,10307
-26558,10308
-26557,10309
-26556,10310
-26555,10311
-26554,10312
-26553,10313
-26552,10314
-26551,10315
-26550,10316
-26549,10317
-26548,10318
-26547,10319
-26546,10320
-26545,10321
-26544,10322
-26543,10323
-26542,10324
-26541,10325
-26540,10326
-26539,10327
-26538,10328
-26537,10329
-26536,10330
-26535,10331
-26534,10332
-26533,10333
-26532,10334
-26531,10335
-26530,10336
-26529,10337
-26528,10338
-26527,10339
-26526,10340
-26525,10341
-26524,10342
-26523,10343
-26522,10344
-26521,10345
-26520,10346
-26519,10347
-26518,10348
-26517,10349
-26516,10350
-26515,10351
-26514,10352
-26513,10353
-26512,10354
-26511,10355
-26510,10356
-26509,10357
-26508,10358
-26507,10359
-26506,10360
-26505,10361
-26504,10362
-26503,10363
-26502,10364
-26501,10365
-26500,10366
-26499,10367
-26498,10368
-26497,10369
-26496,10370
-26495,10371
-26494,10372
-26493,10373
-26492,10374
-26491,10375
-26490,10376
-26489,10377
-26488,10378
-26487,10379
-26486,10380
-26485,10381
-26484,10382
-26483,10383
-26482,10384
-26481,10385
-26480,10386
-26479,10387
-26478,10388
-26477,10389
-26476,10390
-26475,10391
-26474,10392
-26473,10393
-26472,10394
-26471,10395
-26470,10396
-26469,10397
-26468,10398
-26467,10399
-26466,10400
-26465,10401
-26464,10402
-26463,10403
-26462,10404
-26461,10405
-26460,10406
-26459,10407
-26458,10408
-26457,10409
-26456,10410
-26455,10411
-26454,10412
-26453,10413
-26452,10414
-26451,10415
-26450,10416
-26449,10417
-26448,10418
-26447,10419
-26446,10420
-26445,10421
-26444,10422
-26443,10423
-26442,10424
-26441,10425
-26440,10426
-26439,10427
-26438,10428
-26437,10429
-26436,10430
-26435,10431
-26434,10432
-26433,10433
-26432,10434
-26431,10435
-26430,10436
-26429,10437
-26428,10438
-26427,10439
-26426,10440
-26425,10441
-26424,10442
-26423,10443
-26422,10444
-26421,10445
-26420,10446
-26419,10447
-26418,10448
-26417,10449
-26416,10450
-26415,10451
-26414,10452
-26413,10453
-26412,10454
-26411,10455
-26410,10456
-26409,10457
-26408,10458
-26407,10459
-26406,10460
-26405,10461
-26404,10462
-26403,10463
-26402,10464
-26401,10465
-26400,10466
-26399,10467
-26398,10468
-26397,10469
-26396,10470
-26395,10471
-26394,10472
-26393,10473
-26392,10474
-26391,10475
-26390,10476
-26389,10477
-26388,10478
-26387,10479
-26386,10480
-26385,10481
-26384,10482
-26383,10483
-26382,10484
-26381,10485
-26380,10486
-26379,10487
-26378,10488
-26377,10489
-26376,10490
-26375,10491
-26374,10492
-26373,10493
-26372,10494
-26371,10495
-26370,10496
-26369,10497
-26368,10498
-26367,10499
-26366,10500
-26365,10501
-26364,10502
-26363,10503
-26362,10504
-26361,10505
-26360,10506
-26359,10507
-26358,10508
-26357,10509
-26356,10510
-26355,10511
-26354,10512
-26353,10513
-26352,10514
-26351,10515
-26350,10516
-26349,10517
-26348,10518
-26347,10519
-26346,10520
-26345,10521
-26344,10522
-26343,10523
-26342,10524
-26341,10525
-26340,10526
-26339,10527
-26338,10528
-26337,10529
-26336,10530
-26335,10531
-26334,10532
-26333,10533
-26332,10534
-26331,10535
-26330,10536
-26329,10537
-26328,10538
-26327,10539
-26326,10540
-26325,10541
-26324,10542
-26323,10543
-26322,10544
-26321,10545
-26320,10546
-26319,10547
-26318,10548
-26317,10549
-26316,10550
-26315,10551
-26314,10552
-26313,10553
-26312,10554
-26311,10555
-26310,10556
-26309,10557
-26308,10558
-26307,10559
-26306,10560
-26305,10561
-26304,10562
-26303,10563
-26302,10564
-26301,10565
-26300,10566
-26299,10567
-26298,10568
-26297,10569
-26296,10570
-26295,10571
-26294,10572
-26293,10573
-26292,10574
-26291,10575
-26290,10576
-26289,10577
-26288,10578
-26287,10579
-26286,10580
-26285,10581
-26284,10582
-26283,10583
-26282,10584
-26281,10585
-26280,10586
-26279,10587
-26278,10588
-26277,10589
-26276,10590
-26275,10591
-26274,10592
-26273,10593
-26272,10594
-26271,10595
-26270,10596
-26269,10597
-26268,10598
-26267,10599
-26266,10600
-26265,10601
-26264,10602
-26263,10603
-26262,10604
-26261,10605
-26260,10606
-26259,10607
-26258,10608
-26257,10609
-26256,10610
-26255,10611
-26254,10612
-26253,10613
-26252,10614
-26251,10615
-26250,10616
-26249,10617
-26248,10618
-26247,10619
-26246,10620
-26245,10621
-26244,10622
-26243,10623
-26242,10624
-26241,10625
-26240,10626
-26239,10627
-26238,10628
-26237,10629
-26236,10630
-26235,10631
-26234,10632
-26233,10633
-26232,10634
-26231,10635
-26230,10636
-26229,10637
-26228,10638
-26227,10639
-26226,10640
-26225,10641
-26224,10642
-26223,10643
-26222,10644
-26221,10645
-26220,10646
-26219,10647
-26218,10648
-26217,10649
-26216,10650
-26215,10651
-26214,10652
-26213,10653
-26212,10654
-26211,10655
-26210,10656
-26209,10657
-26208,10658
-26207,10659
-26206,10660
-26205,10661
-26204,10662
-26203,10663
-26202,10664
-26201,10665
-26200,10666
-26199,10667
-26198,10668
-26197,10669
-26196,10670
-26195,10671
-26194,10672
-26193,10673
-26192,10674
-26191,10675
-26190,10676
-26189,10677
-26188,10678
-26187,10679
-26186,10680
-26185,10681
-26184,10682
-26183,10683
-26182,10684
-26181,10685
-26180,10686
-26179,10687
-26178,10688
-26177,10689
-26176,10690
-26175,10691
-26174,10692
-26173,10693
-26172,10694
-26171,10695
-26170,10696
-26169,10697
-26168,10698
-26167,10699
-26166,10700
-26165,10701
-26164,10702
-26163,10703
-26162,10704
-26161,10705
-26160,10706
-26159,10707
-26158,10708
-26157,10709
-26156,10710
-26155,10711
-26154,10712
-26153,10713
-26152,10714
-26151,10715
-26150,10716
-26149,10717
-26148,10718
-26147,10719
-26146,10720
-26145,10721
-26144,10722
-26143,10723
-26142,10724
-26141,10725
-26140,10726
-26139,10727
-26138,10728
-26137,10729
-26136,10730
-26135,10731
-26134,10732
-26133,10733
-26132,10734
-26131,10735
-26130,10736
-26129,10737
-26128,10738
-26127,10739
-26126,10740
-26125,10741
-26124,10742
-26123,10743
-26122,10744
-26121,10745
-26120,10746
-26119,10747
-26118,10748
-26117,10749
-26116,10750
-26115,10751
-26114,10752
-26113,10753
-26112,10754
-26111,10755
-26110,10756
-26109,10757
-26108,10758
-26107,10759
-26106,10760
-26105,10761
-26104,10762
-26103,10763
-26102,10764
-26101,10765
-26100,10766
-26099,10767
-26098,10768
-26097,10769
-26096,10770
-26095,10771
-26094,10772
-26093,10773
-26092,10774
-26091,10775
-26090,10776
-26089,10777
-26088,10778
-26087,10779
-26086,10780
-26085,10781
-26084,10782
-26083,10783
-26082,10784
-26081,10785
-26080,10786
-26079,10787
-26078,10788
-26077,10789
-26076,10790
-26075,10791
-26074,10792
-26073,10793
-26072,10794
-26071,10795
-26070,10796
-26069,10797
-26068,10798
-26067,10799
-26066,10800
-26065,10801
-26064,10802
-26063,10803
-26062,10804
-26061,10805
-26060,10806
-26059,10807
-26058,10808
-26057,10809
-26056,10810
-26055,10811
-26054,10812
-26053,10813
-26052,10814
-26051,10815
-26050,10816
-26049,10817
-26048,10818
-26047,10819
-26046,10820
-26045,10821
-26044,10822
-26043,10823
-26042,10824
-26041,10825
-26040,10826
-26039,10827
-26038,10828
-26037,10829
-26036,10830
-26035,10831
-26034,10832
-26033,10833
-26032,10834
-26031,10835
-26030,10836
-26029,10837
-26028,10838
-26027,10839
-26026,10840
-26025,10841
-26024,10842
-26023,10843
-26022,10844
-26021,10845
-26020,10846
-26019,10847
-26018,10848
-26017,10849
-26016,10850
-26015,10851
-26014,10852
-26013,10853
-26012,10854
-26011,10855
-26010,10856
-26009,10857
-26008,10858
-26007,10859
-26006,10860
-26005,10861
-26004,10862
-26003,10863
-26002,10864
-26001,10865
-26000,10866
-25999,10867
-25998,10868
-25997,10869
-25996,10870
-25995,10871
-25994,10872
-25993,10873
-25992,10874
-25991,10875
-25990,10876
-25989,10877
-25988,10878
-25987,10879
-25986,10880
-25985,10881
-25984,10882
-25983,10883
-25982,10884
-25981,10885
-25980,10886
-25979,10887
-25978,10888
-25977,10889
-25976,10890
-25975,10891
-25974,10892
-25973,10893
-25972,10894
-25971,10895
-25970,10896
-25969,10897
-25968,10898
-25967,10899
-25966,10900
-25965,10901
-25964,10902
-25963,10903
-25962,10904
-25961,10905
-25960,10906
-25959,10907
-25958,10908
-25957,10909
-25956,10910
-25955,10911
-25954,10912
-25953,10913
-25952,10914
-25951,10915
-25950,10916
-25949,10917
-25948,10918
-25947,10919
-25946,10920
-25945,10921
-25944,10922
-25943,10923
-25942,10924
-25941,10925
-25940,10926
-25939,10927
-25938,10928
-25937,10929
-25936,10930
-25935,10931
-25934,10932
-25933,10933
-25932,10934
-25931,10935
-25930,10936
-25929,10937
-25928,10938
-25927,10939
-25926,10940
-25925,10941
-25924,10942
-25923,10943
-25922,10944
-25921,10945
-25920,10946
-25919,10947
-25918,10948
-25917,10949
-25916,10950
-25915,10951
-25914,10952
-25913,10953
-25912,10954
-25911,10955
-25910,10956
-25909,10957
-25908,10958
-25907,10959
-25906,10960
-25905,10961
-25904,10962
-25903,10963
-25902,10964
-25901,10965
-25900,10966
-25899,10967
-25898,10968
-25897,10969
-25896,10970
-25895,10971
-25894,10972
-25893,10973
-25892,10974
-25891,10975
-25890,10976
-25889,10977
-25888,10978
-25887,10979
-25886,10980
-25885,10981
-25884,10982
-25883,10983
-25882,10984
-25881,10985
-25880,10986
-25879,10987
-25878,10988
-25877,10989
-25876,10990
-25875,10991
-25874,10992
-25873,10993
-25872,10994
-25871,10995
-25870,10996
-25869,10997
-25868,10998
-25867,10999
-25866,11000
-25865,11001
-25864,11002
-25863,11003
-25862,11004
-25861,11005
-25860,11006
-25859,11007
-25858,11008
-25857,11009
-25856,11010
-25855,11011
-25854,11012
-25853,11013
-25852,11014
-25851,11015
-25850,11016
-25849,11017
-25848,11018
-25847,11019
-25846,11020
-25845,11021
-25844,11022
-25843,11023
-25842,11024
-25841,11025
-25840,11026
-25839,11027
-25838,11028
-25837,11029
-25836,11030
-25835,11031
-25834,11032
-25833,11033
-25832,11034
-25831,11035
-25830,11036
-25829,11037
-25828,11038
-25827,11039
-25826,11040
-25825,11041
-25824,11042
-25823,11043
-25822,11044
-25821,11045
-25820,11046
-25819,11047
-25818,11048
-25817,11049
-25816,11050
-25815,11051
-25814,11052
-25813,11053
-25812,11054
-25811,11055
-25810,11056
-25809,11057
-25808,11058
-25807,11059
-25806,11060
-25805,11061
-25804,11062
-25803,11063
-25802,11064
-25801,11065
-25800,11066
-25799,11067
-25798,11068
-25797,11069
-25796,11070
-25795,11071
-25794,11072
-25793,11073
-25792,11074
-25791,11075
-25790,11076
-25789,11077
-25788,11078
-25787,11079
-25786,11080
-25785,11081
-25784,11082
-25783,11083
-25782,11084
-25781,11085
-25780,11086
-25779,11087
-25778,11088
-25777,11089
-25776,11090
-25775,11091
-25774,11092
-25773,11093
-25772,11094
-25771,11095
-25770,11096
-25769,11097
-25768,11098
-25767,11099
-25766,11100
-25765,11101
-25764,11102
-25763,11103
-25762,11104
-25761,11105
-25760,11106
-25759,11107
-25758,11108
-25757,11109
-25756,11110
-25755,11111
-25754,11112
-25753,11113
-25752,11114
-25751,11115
-25750,11116
-25749,11117
-25748,11118
-25747,11119
-25746,11120
-25745,11121
-25744,11122
-25743,11123
-25742,11124
-25741,11125
-25740,11126
-25739,11127
-25738,11128
-25737,11129
-25736,11130
-25735,11131
-25734,11132
-25733,11133
-25732,11134
-25731,11135
-25730,11136
-25729,11137
-25728,11138
-25727,11139
-25726,11140
-25725,11141
-25724,11142
-25723,11143
-25722,11144
-25721,11145
-25720,11146
-25719,11147
-25718,11148
-25717,11149
-25716,11150
-25715,11151
-25714,11152
-25713,11153
-25712,11154
-25711,11155
-25710,11156
-25709,11157
-25708,11158
-25707,11159
-25706,11160
-25705,11161
-25704,11162
-25703,11163
-25702,11164
-25701,11165
-25700,11166
-25699,11167
-25698,11168
-25697,11169
-25696,11170
-25695,11171
-25694,11172
-25693,11173
-25692,11174
-25691,11175
-25690,11176
-25689,11177
-25688,11178
-25687,11179
-25686,11180
-25685,11181
-25684,11182
-25683,11183
-25682,11184
-25681,11185
-25680,11186
-25679,11187
-25678,11188
-25677,11189
-25676,11190
-25675,11191
-25674,11192
-25673,11193
-25672,11194
-25671,11195
-25670,11196
-25669,11197
-25668,11198
-25667,11199
-25666,11200
-25665,11201
-25664,11202
-25663,11203
-25662,11204
-25661,11205
-25660,11206
-25659,11207
-25658,11208
-25657,11209
-25656,11210
-25655,11211
-25654,11212
-25653,11213
-25652,11214
-25651,11215
-25650,11216
-25649,11217
-25648,11218
-25647,11219
-25646,11220
-25645,11221
-25644,11222
-25643,11223
-25642,11224
-25641,11225
-25640,11226
-25639,11227
-25638,11228
-25637,11229
-25636,11230
-25635,11231
-25634,11232
-25633,11233
-25632,11234
-25631,11235
-25630,11236
-25629,11237
-25628,11238
-25627,11239
-25626,11240
-25625,11241
-25624,11242
-25623,11243
-25622,11244
-25621,11245
-25620,11246
-25619,11247
-25618,11248
-25617,11249
-25616,11250
-25615,11251
-25614,11252
-25613,11253
-25612,11254
-25611,11255
-25610,11256
-25609,11257
-25608,11258
-25607,11259
-25606,11260
-25605,11261
-25604,11262
-25603,11263
-25602,11264
-25601,11265
-25600,11266
-25599,11267
-25598,11268
-25597,11269
-25596,11270
-25595,11271
-25594,11272
-25593,11273
-25592,11274
-25591,11275
-25590,11276
-25589,11277
-25588,11278
-25587,11279
-25586,11280
-25585,11281
-25584,11282
-25583,11283
-25582,11284
-25581,11285
-25580,11286
-25579,11287
-25578,11288
-25577,11289
-25576,11290
-25575,11291
-25574,11292
-25573,11293
-25572,11294
-25571,11295
-25570,11296
-25569,11297
-25568,11298
-25567,11299
-25566,11300
-25565,11301
-25564,11302
-25563,11303
-25562,11304
-25561,11305
-25560,11306
-25559,11307
-25558,11308
-25557,11309
-25556,11310
-25555,11311
-25554,11312
-25553,11313
-25552,11314
-25551,11315
-25550,11316
-25549,11317
-25548,11318
-25547,11319
-25546,11320
-25545,11321
-25544,11322
-25543,11323
-25542,11324
-25541,11325
-25540,11326
-25539,11327
-25538,11328
-25537,11329
-25536,11330
-25535,11331
-25534,11332
-25533,11333
-25532,11334
-25531,11335
-25530,11336
-25529,11337
-25528,11338
-25527,11339
-25526,11340
-25525,11341
-25524,11342
-25523,11343
-25522,11344
-25521,11345
-25520,11346
-25519,11347
-25518,11348
-25517,11349
-25516,11350
-25515,11351
-25514,11352
-25513,11353
-25512,11354
-25511,11355
-25510,11356
-25509,11357
-25508,11358
-25507,11359
-25506,11360
-25505,11361
-25504,11362
-25503,11363
-25502,11364
-25501,11365
-25500,11366
-25499,11367
-25498,11368
-25497,11369
-25496,11370
-25495,11371
-25494,11372
-25493,11373
-25492,11374
-25491,11375
-25490,11376
-25489,11377
-25488,11378
-25487,11379
-25486,11380
-25485,11381
-25484,11382
-25483,11383
-25482,11384
-25481,11385
-25480,11386
-25479,11387
-25478,11388
-25477,11389
-25476,11390
-25475,11391
-25474,11392
-25473,11393
-25472,11394
-25471,11395
-25470,11396
-25469,11397
-25468,11398
-25467,11399
-25466,11400
-25465,11401
-25464,11402
-25463,11403
-25462,11404
-25461,11405
-25460,11406
-25459,11407
-25458,11408
-25457,11409
-25456,11410
-25455,11411
-25454,11412
-25453,11413
-25452,11414
-25451,11415
-25450,11416
-25449,11417
-25448,11418
-25447,11419
-25446,11420
-25445,11421
-25444,11422
-25443,11423
-25442,11424
-25441,11425
-25440,11426
-25439,11427
-25438,11428
-25437,11429
-25436,11430
-25435,11431
-25434,11432
-25433,11433
-25432,11434
-25431,11435
-25430,11436
-25429,11437
-25428,11438
-25427,11439
-25426,11440
-25425,11441
-25424,11442
-25423,11443
-25422,11444
-25421,11445
-25420,11446
-25419,11447
-25418,11448
-25417,11449
-25416,11450
-25415,11451
-25414,11452
-25413,11453
-25412,11454
-25411,11455
-25410,11456
-25409,11457
-25408,11458
-25407,11459
-25406,11460
-25405,11461
-25404,11462
-25403,11463
-25402,11464
-25401,11465
-25400,11466
-25399,11467
-25398,11468
-25397,11469
-25396,11470
-25395,11471
-25394,11472
-25393,11473
-25392,11474
-25391,11475
-25390,11476
-25389,11477
-25388,11478
-25387,11479
-25386,11480
-25385,11481
-25384,11482
-25383,11483
-25382,11484
-25381,11485
-25380,11486
-25379,11487
-25378,11488
-25377,11489
-25376,11490
-25375,11491
-25374,11492
-25373,11493
-25372,11494
-25371,11495
-25370,11496
-25369,11497
-25368,11498
-25367,11499
-25366,11500
-25365,11501
-25364,11502
-25363,11503
-25362,11504
-25361,11505
-25360,11506
-25359,11507
-25358,11508
-25357,11509
-25356,11510
-25355,11511
-25354,11512
-25353,11513
-25352,11514
-25351,11515
-25350,11516
-25349,11517
-25348,11518
-25347,11519
-25346,11520
-25345,11521
-25344,11522
-25343,11523
-25342,11524
-25341,11525
-25340,11526
-25339,11527
-25338,11528
-25337,11529
-25336,11530
-25335,11531
-25334,11532
-25333,11533
-25332,11534
-25331,11535
-25330,11536
-25329,11537
-25328,11538
-25327,11539
-25326,11540
-25325,11541
-25324,11542
-25323,11543
-25322,11544
-25321,11545
-25320,11546
-25319,11547
-25318,11548
-25317,11549
-25316,11550
-25315,11551
-25314,11552
-25313,11553
-25312,11554
-25311,11555
-25310,11556
-25309,11557
-25308,11558
-25307,11559
-25306,11560
-25305,11561
-25304,11562
-25303,11563
-25302,11564
-25301,11565
-25300,11566
-25299,11567
-25298,11568
-25297,11569
-25296,11570
-25295,11571
-25294,11572
-25293,11573
-25292,11574
-25291,11575
-25290,11576
-25289,11577
-25288,11578
-25287,11579
-25286,11580
-25285,11581
-25284,11582
-25283,11583
-25282,11584
-25281,11585
-25280,11586
-25279,11587
-25278,11588
-25277,11589
-25276,11590
-25275,11591
-25274,11592
-25273,11593
-25272,11594
-25271,11595
-25270,11596
-25269,11597
-25268,11598
-25267,11599
-25266,11600
-25265,11601
-25264,11602
-25263,11603
-25262,11604
-25261,11605
-25260,11606
-25259,11607
-25258,11608
-25257,11609
-25256,11610
-25255,11611
-25254,11612
-25253,11613
-25252,11614
-25251,11615
-25250,11616
-25249,11617
-25248,11618
-25247,11619
-25246,11620
-25245,11621
-25244,11622
-25243,11623
-25242,11624
-25241,11625
-25240,11626
-25239,11627
-25238,11628
-25237,11629
-25236,11630
-25235,11631
-25234,11632
-25233,11633
-25232,11634
-25231,11635
-25230,11636
-25229,11637
-25228,11638
-25227,11639
-25226,11640
-25225,11641
-25224,11642
-25223,11643
-25222,11644
-25221,11645
-25220,11646
-25219,11647
-25218,11648
-25217,11649
-25216,11650
-25215,11651
-25214,11652
-25213,11653
-25212,11654
-25211,11655
-25210,11656
-25209,11657
-25208,11658
-25207,11659
-25206,11660
-25205,11661
-25204,11662
-25203,11663
-25202,11664
-25201,11665
-25200,11666
-25199,11667
-25198,11668
-25197,11669
-25196,11670
-25195,11671
-25194,11672
-25193,11673
-25192,11674
-25191,11675
-25190,11676
-25189,11677
-25188,11678
-25187,11679
-25186,11680
-25185,11681
-25184,11682
-25183,11683
-25182,11684
-25181,11685
-25180,11686
-25179,11687
-25178,11688
-25177,11689
-25176,11690
-25175,11691
-25174,11692
-25173,11693
-25172,11694
-25171,11695
-25170,11696
-25169,11697
-25168,11698
-25167,11699
-25166,11700
-25165,11701
-25164,11702
-25163,11703
-25162,11704
-25161,11705
-25160,11706
-25159,11707
-25158,11708
-25157,11709
-25156,11710
-25155,11711
-25154,11712
-25153,11713
-25152,11714
-25151,11715
-25150,11716
-25149,11717
-25148,11718
-25147,11719
-25146,11720
-25145,11721
-25144,11722
-25143,11723
-25142,11724
-25141,11725
-25140,11726
-25139,11727
-25138,11728
-25137,11729
-25136,11730
-25135,11731
-25134,11732
-25133,11733
-25132,11734
-25131,11735
-25130,11736
-25129,11737
-25128,11738
-25127,11739
-25126,11740
-25125,11741
-25124,11742
-25123,11743
-25122,11744
-25121,11745
-25120,11746
-25119,11747
-25118,11748
-25117,11749
-25116,11750
-25115,11751
-25114,11752
-25113,11753
-25112,11754
-25111,11755
-25110,11756
-25109,11757
-25108,11758
-25107,11759
-25106,11760
-25105,11761
-25104,11762
-25103,11763
-25102,11764
-25101,11765
-25100,11766
-25099,11767
-25098,11768
-25097,11769
-25096,11770
-25095,11771
-25094,11772
-25093,11773
-25092,11774
-25091,11775
-25090,11776
-25089,11777
-25088,11778
-25087,11779
-25086,11780
-25085,11781
-25084,11782
-25083,11783
-25082,11784
-25081,11785
-25080,11786
-25079,11787
-25078,11788
-25077,11789
-25076,11790
-25075,11791
-25074,11792
-25073,11793
-25072,11794
-25071,11795
-25070,11796
-25069,11797
-25068,11798
-25067,11799
-25066,11800
-25065,11801
-25064,11802
-25063,11803
-25062,11804
-25061,11805
-25060,11806
-25059,11807
-25058,11808
-25057,11809
-25056,11810
-25055,11811
-25054,11812
-25053,11813
-25052,11814
-25051,11815
-25050,11816
-25049,11817
-25048,11818
-25047,11819
-25046,11820
-25045,11821
-25044,11822
-25043,11823
-25042,11824
-25041,11825
-25040,11826
-25039,11827
-25038,11828
-25037,11829
-25036,11830
-25035,11831
-25034,11832
-25033,11833
-25032,11834
-25031,11835
-25030,11836
-25029,11837
-25028,11838
-25027,11839
-25026,11840
-25025,11841
-25024,11842
-25023,11843
-25022,11844
-25021,11845
-25020,11846
-25019,11847
-25018,11848
-25017,11849
-25016,11850
-25015,11851
-25014,11852
-25013,11853
-25012,11854
-25011,11855
-25010,11856
-25009,11857
-25008,11858
-25007,11859
-25006,11860
-25005,11861
-25004,11862
-25003,11863
-25002,11864
-25001,11865
-25000,11866
-24999,11867
-24998,11868
-24997,11869
-24996,11870
-24995,11871
-24994,11872
-24993,11873
-24992,11874
-24991,11875
-24990,11876
-24989,11877
-24988,11878
-24987,11879
-24986,11880
-24985,11881
-24984,11882
-24983,11883
-24982,11884
-24981,11885
-24980,11886
-24979,11887
-24978,11888
-24977,11889
-24976,11890
-24975,11891
-24974,11892
-24973,11893
-24972,11894
-24971,11895
-24970,11896
-24969,11897
-24968,11898
-24967,11899
-24966,11900
-24965,11901
-24964,11902
-24963,11903
-24962,11904
-24961,11905
-24960,11906
-24959,11907
-24958,11908
-24957,11909
-24956,11910
-24955,11911
-24954,11912
-24953,11913
-24952,11914
-24951,11915
-24950,11916
-24949,11917
-24948,11918
-24947,11919
-24946,11920
-24945,11921
-24944,11922
-24943,11923
-24942,11924
-24941,11925
-24940,11926
-24939,11927
-24938,11928
-24937,11929
-24936,11930
-24935,11931
-24934,11932
-24933,11933
-24932,11934
-24931,11935
-24930,11936
-24929,11937
-24928,11938
-24927,11939
-24926,11940
-24925,11941
-24924,11942
-24923,11943
-24922,11944
-24921,11945
-24920,11946
-24919,11947
-24918,11948
-24917,11949
-24916,11950
-24915,11951
-24914,11952
-24913,11953
-24912,11954
-24911,11955
-24910,11956
-24909,11957
-24908,11958
-24907,11959
-24906,11960
-24905,11961
-24904,11962
-24903,11963
-24902,11964
-24901,11965
-24900,11966
-24899,11967
-24898,11968
-24897,11969
-24896,11970
-24895,11971
-24894,11972
-24893,11973
-24892,11974
-24891,11975
-24890,11976
-24889,11977
-24888,11978
-24887,11979
-24886,11980
-24885,11981
-24884,11982
-24883,11983
-24882,11984
-24881,11985
-24880,11986
-24879,11987
-24878,11988
-24877,11989
-24876,11990
-24875,11991
-24874,11992
-24873,11993
-24872,11994
-24871,11995
-24870,11996
-24869,11997
-24868,11998
-24867,11999
-24866,12000
-24865,12001
-24864,12002
-24863,12003
-24862,12004
-24861,12005
-24860,12006
-24859,12007
-24858,12008
-24857,12009
-24856,12010
-24855,12011
-24854,12012
-24853,12013
-24852,12014
-24851,12015
-24850,12016
-24849,12017
-24848,12018
-24847,12019
-24846,12020
-24845,12021
-24844,12022
-24843,12023
-24842,12024
-24841,12025
-24840,12026
-24839,12027
-24838,12028
-24837,12029
-24836,12030
-24835,12031
-24834,12032
-24833,12033
-24832,12034
-24831,12035
-24830,12036
-24829,12037
-24828,12038
-24827,12039
-24826,12040
-24825,12041
-24824,12042
-24823,12043
-24822,12044
-24821,12045
-24820,12046
-24819,12047
-24818,12048
-24817,12049
-24816,12050
-24815,12051
-24814,12052
-24813,12053
-24812,12054
-24811,12055
-24810,12056
-24809,12057
-24808,12058
-24807,12059
-24806,12060
-24805,12061
-24804,12062
-24803,12063
-24802,12064
-24801,12065
-24800,12066
-24799,12067
-24798,12068
-24797,12069
-24796,12070
-24795,12071
-24794,12072
-24793,12073
-24792,12074
-24791,12075
-24790,12076
-24789,12077
-24788,12078
-24787,12079
-24786,12080
-24785,12081
-24784,12082
-24783,12083
-24782,12084
-24781,12085
-24780,12086
-24779,12087
-24778,12088
-24777,12089
-24776,12090
-24775,12091
-24774,12092
-24773,12093
-24772,12094
-24771,12095
-24770,12096
-24769,12097
-24768,12098
-24767,12099
-24766,12100
-24765,12101
-24764,12102
-24763,12103
-24762,12104
-24761,12105
-24760,12106
-24759,12107
-24758,12108
-24757,12109
-24756,12110
-24755,12111
-24754,12112
-24753,12113
-24752,12114
-24751,12115
-24750,12116
-24749,12117
-24748,12118
-24747,12119
-24746,12120
-24745,12121
-24744,12122
-24743,12123
-24742,12124
-24741,12125
-24740,12126
-24739,12127
-24738,12128
-24737,12129
-24736,12130
-24735,12131
-24734,12132
-24733,12133
-24732,12134
-24731,12135
-24730,12136
-24729,12137
-24728,12138
-24727,12139
-24726,12140
-24725,12141
-24724,12142
-24723,12143
-24722,12144
-24721,12145
-24720,12146
-24719,12147
-24718,12148
-24717,12149
-24716,12150
-24715,12151
-24714,12152
-24713,12153
-24712,12154
-24711,12155
-24710,12156
-24709,12157
-24708,12158
-24707,12159
-24706,12160
-24705,12161
-24704,12162
-24703,12163
-24702,12164
-24701,12165
-24700,12166
-24699,12167
-24698,12168
-24697,12169
-24696,12170
-24695,12171
-24694,12172
-24693,12173
-24692,12174
-24691,12175
-24690,12176
-24689,12177
-24688,12178
-24687,12179
-24686,12180
-24685,12181
-24684,12182
-24683,12183
-24682,12184
-24681,12185
-24680,12186
-24679,12187
-24678,12188
-24677,12189
-24676,12190
-24675,12191
-24674,12192
-24673,12193
-24672,12194
-24671,12195
-24670,12196
-24669,12197
-24668,12198
-24667,12199
-24666,12200
-24665,12201
-24664,12202
-24663,12203
-24662,12204
-24661,12205
-24660,12206
-24659,12207
-24658,12208
-24657,12209
-24656,12210
-24655,12211
-24654,12212
-24653,12213
-24652,12214
-24651,12215
-24650,12216
-24649,12217
-24648,12218
-24647,12219
-24646,12220
-24645,12221
-24644,12222
-24643,12223
-24642,12224
-24641,12225
-24640,12226
-24639,12227
-24638,12228
-24637,12229
-24636,12230
-24635,12231
-24634,12232
-24633,12233
-24632,12234
-24631,12235
-24630,12236
-24629,12237
-24628,12238
-24627,12239
-24626,12240
-24625,12241
-24624,12242
-24623,12243
-24622,12244
-24621,12245
-24620,12246
-24619,12247
-24618,12248
-24617,12249
-24616,12250
-24615,12251
-24614,12252
-24613,12253
-24612,12254
-24611,12255
-24610,12256
-24609,12257
-24608,12258
-24607,12259
-24606,12260
-24605,12261
-24604,12262
-24603,12263
-24602,12264
-24601,12265
-24600,12266
-24599,12267
-24598,12268
-24597,12269
-24596,12270
-24595,12271
-24594,12272
-24593,12273
-24592,12274
-24591,12275
-24590,12276
-24589,12277
-24588,12278
-24587,12279
-24586,12280
-24585,12281
-24584,12282
-24583,12283
-24582,12284
-24581,12285
-24580,12286
-24579,12287
-24578,12288
-24577,12289
-24576,12290
-24575,12291
-24574,12292
-24573,12293
-24572,12294
-24571,12295
-24570,12296
-24569,12297
-24568,12298
-24567,12299
-24566,12300
-24565,12301
-24564,12302
-24563,12303
-24562,12304
-24561,12305
-24560,12306
-24559,12307
-24558,12308
-24557,12309
-24556,12310
-24555,12311
-24554,12312
-24553,12313
-24552,12314
-24551,12315
-24550,12316
-24549,12317
-24548,12318
-24547,12319
-24546,12320
-24545,12321
-24544,12322
-24543,12323
-24542,12324
-24541,12325
-24540,12326
-24539,12327
-24538,12328
-24537,12329
-24536,12330
-24535,12331
-24534,12332
-24533,12333
-24532,12334
-24531,12335
-24530,12336
-24529,12337
-24528,12338
-24527,12339
-24526,12340
-24525,12341
-24524,12342
-24523,12343
-24522,12344
-24521,12345
-24520,12346
-24519,12347
-24518,12348
-24517,12349
-24516,12350
-24515,12351
-24514,12352
-24513,12353
-24512,12354
-24511,12355
-24510,12356
-24509,12357
-24508,12358
-24507,12359
-24506,12360
-24505,12361
-24504,12362
-24503,12363
-24502,12364
-24501,12365
-24500,12366
-24499,12367
-24498,12368
-24497,12369
-24496,12370
-24495,12371
-24494,12372
-24493,12373
-24492,12374
-24491,12375
-24490,12376
-24489,12377
-24488,12378
-24487,12379
-24486,12380
-24485,12381
-24484,12382
-24483,12383
-24482,12384
-24481,12385
-24480,12386
-24479,12387
-24478,12388
-24477,12389
-24476,12390
-24475,12391
-24474,12392
-24473,12393
-24472,12394
-24471,12395
-24470,12396
-24469,12397
-24468,12398
-24467,12399
-24466,12400
-24465,12401
-24464,12402
-24463,12403
-24462,12404
-24461,12405
-24460,12406
-24459,12407
-24458,12408
-24457,12409
-24456,12410
-24455,12411
-24454,12412
-24453,12413
-24452,12414
-24451,12415
-24450,12416
-24449,12417
-24448,12418
-24447,12419
-24446,12420
-24445,12421
-24444,12422
-24443,12423
-24442,12424
-24441,12425
-24440,12426
-24439,12427
-24438,12428
-24437,12429
-24436,12430
-24435,12431
-24434,12432
-24433,12433
-24432,12434
-24431,12435
-24430,12436
-24429,12437
-24428,12438
-24427,12439
-24426,12440
-24425,12441
-24424,12442
-24423,12443
-24422,12444
-24421,12445
-24420,12446
-24419,12447
-24418,12448
-24417,12449
-24416,12450
-24415,12451
-24414,12452
-24413,12453
-24412,12454
-24411,12455
-24410,12456
-24409,12457
-24408,12458
-24407,12459
-24406,12460
-24405,12461
-24404,12462
-24403,12463
-24402,12464
-24401,12465
-24400,12466
-24399,12467
-24398,12468
-24397,12469
-24396,12470
-24395,12471
-24394,12472
-24393,12473
-24392,12474
-24391,12475
-24390,12476
-24389,12477
-24388,12478
-24387,12479
-24386,12480
-24385,12481
-24384,12482
-24383,12483
-24382,12484
-24381,12485
-24380,12486
-24379,12487
-24378,12488
-24377,12489
-24376,12490
-24375,12491
-24374,12492
-24373,12493
-24372,12494
-24371,12495
-24370,12496
-24369,12497
-24368,12498
-24367,12499
-24366,12500
-24365,12501
-24364,12502
-24363,12503
-24362,12504
-24361,12505
-24360,12506
-24359,12507
-24358,12508
-24357,12509
-24356,12510
-24355,12511
-24354,12512
-24353,12513
-24352,12514
-24351,12515
-24350,12516
-24349,12517
-24348,12518
-24347,12519
-24346,12520
-24345,12521
-24344,12522
-24343,12523
-24342,12524
-24341,12525
-24340,12526
-24339,12527
-24338,12528
-24337,12529
-24336,12530
-24335,12531
-24334,12532
-24333,12533
-24332,12534
-24331,12535
-24330,12536
-24329,12537
-24328,12538
-24327,12539
-24326,12540
-24325,12541
-24324,12542
-24323,12543
-24322,12544
-24321,12545
-24320,12546
-24319,12547
-24318,12548
-24317,12549
-24316,12550
-24315,12551
-24314,12552
-24313,12553
-24312,12554
-24311,12555
-24310,12556
-24309,12557
-24308,12558
-24307,12559
-24306,12560
-24305,12561
-24304,12562
-24303,12563
-24302,12564
-24301,12565
-24300,12566
-24299,12567
-24298,12568
-24297,12569
-24296,12570
-24295,12571
-24294,12572
-24293,12573
-24292,12574
-24291,12575
-24290,12576
-24289,12577
-24288,12578
-24287,12579
-24286,12580
-24285,12581
-24284,12582
-24283,12583
-24282,12584
-24281,12585
-24280,12586
-24279,12587
-24278,12588
-24277,12589
-24276,12590
-24275,12591
-24274,12592
-24273,12593
-24272,12594
-24271,12595
-24270,12596
-24269,12597
-24268,12598
-24267,12599
-24266,12600
-24265,12601
-24264,12602
-24263,12603
-24262,12604
-24261,12605
-24260,12606
-24259,12607
-24258,12608
-24257,12609
-24256,12610
-24255,12611
-24254,12612
-24253,12613
-24252,12614
-24251,12615
-24250,12616
-24249,12617
-24248,12618
-24247,12619
-24246,12620
-24245,12621
-24244,12622
-24243,12623
-24242,12624
-24241,12625
-24240,12626
-24239,12627
-24238,12628
-24237,12629
-24236,12630
-24235,12631
-24234,12632
-24233,12633
-24232,12634
-24231,12635
-24230,12636
-24229,12637
-24228,12638
-24227,12639
-24226,12640
-24225,12641
-24224,12642
-24223,12643
-24222,12644
-24221,12645
-24220,12646
-24219,12647
-24218,12648
-24217,12649
-24216,12650
-24215,12651
-24214,12652
-24213,12653
-24212,12654
-24211,12655
-24210,12656
-24209,12657
-24208,12658
-24207,12659
-24206,12660
-24205,12661
-24204,12662
-24203,12663
-24202,12664
-24201,12665
-24200,12666
-24199,12667
-24198,12668
-24197,12669
-24196,12670
-24195,12671
-24194,12672
-24193,12673
-24192,12674
-24191,12675
-24190,12676
-24189,12677
-24188,12678
-24187,12679
-24186,12680
-24185,12681
-24184,12682
-24183,12683
-24182,12684
-24181,12685
-24180,12686
-24179,12687
-24178,12688
-24177,12689
-24176,12690
-24175,12691
-24174,12692
-24173,12693
-24172,12694
-24171,12695
-24170,12696
-24169,12697
-24168,12698
-24167,12699
-24166,12700
-24165,12701
-24164,12702
-24163,12703
-24162,12704
-24161,12705
-24160,12706
-24159,12707
-24158,12708
-24157,12709
-24156,12710
-24155,12711
-24154,12712
-24153,12713
-24152,12714
-24151,12715
-24150,12716
-24149,12717
-24148,12718
-24147,12719
-24146,12720
-24145,12721
-24144,12722
-24143,12723
-24142,12724
-24141,12725
-24140,12726
-24139,12727
-24138,12728
-24137,12729
-24136,12730
-24135,12731
-24134,12732
-24133,12733
-24132,12734
-24131,12735
-24130,12736
-24129,12737
-24128,12738
-24127,12739
-24126,12740
-24125,12741
-24124,12742
-24123,12743
-24122,12744
-24121,12745
-24120,12746
-24119,12747
-24118,12748
-24117,12749
-24116,12750
-24115,12751
-24114,12752
-24113,12753
-24112,12754
-24111,12755
-24110,12756
-24109,12757
-24108,12758
-24107,12759
-24106,12760
-24105,12761
-24104,12762
-24103,12763
-24102,12764
-24101,12765
-24100,12766
-24099,12767
-24098,12768
-24097,12769
-24096,12770
-24095,12771
-24094,12772
-24093,12773
-24092,12774
-24091,12775
-24090,12776
-24089,12777
-24088,12778
-24087,12779
-24086,12780
-24085,12781
-24084,12782
-24083,12783
-24082,12784
-24081,12785
-24080,12786
-24079,12787
-24078,12788
-24077,12789
-24076,12790
-24075,12791
-24074,12792
-24073,12793
-24072,12794
-24071,12795
-24070,12796
-24069,12797
-24068,12798
-24067,12799
-24066,12800
-24065,12801
-24064,12802
-24063,12803
-24062,12804
-24061,12805
-24060,12806
-24059,12807
-24058,12808
-24057,12809
-24056,12810
-24055,12811
-24054,12812
-24053,12813
-24052,12814
-24051,12815
-24050,12816
-24049,12817
-24048,12818
-24047,12819
-24046,12820
-24045,12821
-24044,12822
-24043,12823
-24042,12824
-24041,12825
-24040,12826
-24039,12827
-24038,12828
-24037,12829
-24036,12830
-24035,12831
-24034,12832
-24033,12833
-24032,12834
-24031,12835
-24030,12836
-24029,12837
-24028,12838
-24027,12839
-24026,12840
-24025,12841
-24024,12842
-24023,12843
-24022,12844
-24021,12845
-24020,12846
-24019,12847
-24018,12848
-24017,12849
-24016,12850
-24015,12851
-24014,12852
-24013,12853
-24012,12854
-24011,12855
-24010,12856
-24009,12857
-24008,12858
-24007,12859
-24006,12860
-24005,12861
-24004,12862
-24003,12863
-24002,12864
-24001,12865
-24000,12866
-23999,12867
-23998,12868
-23997,12869
-23996,12870
-23995,12871
-23994,12872
-23993,12873
-23992,12874
-23991,12875
-23990,12876
-23989,12877
-23988,12878
-23987,12879
-23986,12880
-23985,12881
-23984,12882
-23983,12883
-23982,12884
-23981,12885
-23980,12886
-23979,12887
-23978,12888
-23977,12889
-23976,12890
-23975,12891
-23974,12892
-23973,12893
-23972,12894
-23971,12895
-23970,12896
-23969,12897
-23968,12898
-23967,12899
-23966,12900
-23965,12901
-23964,12902
-23963,12903
-23962,12904
-23961,12905
-23960,12906
-23959,12907
-23958,12908
-23957,12909
-23956,12910
-23955,12911
-23954,12912
-23953,12913
-23952,12914
-23951,12915
-23950,12916
-23949,12917
-23948,12918
-23947,12919
-23946,12920
-23945,12921
-23944,12922
-23943,12923
-23942,12924
-23941,12925
-23940,12926
-23939,12927
-23938,12928
-23937,12929
-23936,12930
-23935,12931
-23934,12932
-23933,12933
-23932,12934
-23931,12935
-23930,12936
-23929,12937
-23928,12938
-23927,12939
-23926,12940
-23925,12941
-23924,12942
-23923,12943
-23922,12944
-23921,12945
-23920,12946
-23919,12947
-23918,12948
-23917,12949
-23916,12950
-23915,12951
-23914,12952
-23913,12953
-23912,12954
-23911,12955
-23910,12956
-23909,12957
-23908,12958
-23907,12959
-23906,12960
-23905,12961
-23904,12962
-23903,12963
-23902,12964
-23901,12965
-23900,12966
-23899,12967
-23898,12968
-23897,12969
-23896,12970
-23895,12971
-23894,12972
-23893,12973
-23892,12974
-23891,12975
-23890,12976
-23889,12977
-23888,12978
-23887,12979
-23886,12980
-23885,12981
-23884,12982
-23883,12983
-23882,12984
-23881,12985
-23880,12986
-23879,12987
-23878,12988
-23877,12989
-23876,12990
-23875,12991
-23874,12992
-23873,12993
-23872,12994
-23871,12995
-23870,12996
-23869,12997
-23868,12998
-23867,12999
-23866,13000
-23865,13001
-23864,13002
-23863,13003
-23862,13004
-23861,13005
-23860,13006
-23859,13007
-23858,13008
-23857,13009
-23856,13010
-23855,13011
-23854,13012
-23853,13013
-23852,13014
-23851,13015
-23850,13016
-23849,13017
-23848,13018
-23847,13019
-23846,13020
-23845,13021
-23844,13022
-23843,13023
-23842,13024
-23841,13025
-23840,13026
-23839,13027
-23838,13028
-23837,13029
-23836,13030
-23835,13031
-23834,13032
-23833,13033
-23832,13034
-23831,13035
-23830,13036
-23829,13037
-23828,13038
-23827,13039
-23826,13040
-23825,13041
-23824,13042
-23823,13043
-23822,13044
-23821,13045
-23820,13046
-23819,13047
-23818,13048
-23817,13049
-23816,13050
-23815,13051
-23814,13052
-23813,13053
-23812,13054
-23811,13055
-23810,13056
-23809,13057
-23808,13058
-23807,13059
-23806,13060
-23805,13061
-23804,13062
-23803,13063
-23802,13064
-23801,13065
-23800,13066
-23799,13067
-23798,13068
-23797,13069
-23796,13070
-23795,13071
-23794,13072
-23793,13073
-23792,13074
-23791,13075
-23790,13076
-23789,13077
-23788,13078
-23787,13079
-23786,13080
-23785,13081
-23784,13082
-23783,13083
-23782,13084
-23781,13085
-23780,13086
-23779,13087
-23778,13088
-23777,13089
-23776,13090
-23775,13091
-23774,13092
-23773,13093
-23772,13094
-23771,13095
-23770,13096
-23769,13097
-23768,13098
-23767,13099
-23766,13100
-23765,13101
-23764,13102
-23763,13103
-23762,13104
-23761,13105
-23760,13106
-23759,13107
-23758,13108
-23757,13109
-23756,13110
-23755,13111
-23754,13112
-23753,13113
-23752,13114
-23751,13115
-23750,13116
-23749,13117
-23748,13118
-23747,13119
-23746,13120
-23745,13121
-23744,13122
-23743,13123
-23742,13124
-23741,13125
-23740,13126
-23739,13127
-23738,13128
-23737,13129
-23736,13130
-23735,13131
-23734,13132
-23733,13133
-23732,13134
-23731,13135
-23730,13136
-23729,13137
-23728,13138
-23727,13139
-23726,13140
-23725,13141
-23724,13142
-23723,13143
-23722,13144
-23721,13145
-23720,13146
-23719,13147
-23718,13148
-23717,13149
-23716,13150
-23715,13151
-23714,13152
-23713,13153
-23712,13154
-23711,13155
-23710,13156
-23709,13157
-23708,13158
-23707,13159
-23706,13160
-23705,13161
-23704,13162
-23703,13163
-23702,13164
-23701,13165
-23700,13166
-23699,13167
-23698,13168
-23697,13169
-23696,13170
-23695,13171
-23694,13172
-23693,13173
-23692,13174
-23691,13175
-23690,13176
-23689,13177
-23688,13178
-23687,13179
-23686,13180
-23685,13181
-23684,13182
-23683,13183
-23682,13184
-23681,13185
-23680,13186
-23679,13187
-23678,13188
-23677,13189
-23676,13190
-23675,13191
-23674,13192
-23673,13193
-23672,13194
-23671,13195
-23670,13196
-23669,13197
-23668,13198
-23667,13199
-23666,13200
-23665,13201
-23664,13202
-23663,13203
-23662,13204
-23661,13205
-23660,13206
-23659,13207
-23658,13208
-23657,13209
-23656,13210
-23655,13211
-23654,13212
-23653,13213
-23652,13214
-23651,13215
-23650,13216
-23649,13217
-23648,13218
-23647,13219
-23646,13220
-23645,13221
-23644,13222
-23643,13223
-23642,13224
-23641,13225
-23640,13226
-23639,13227
-23638,13228
-23637,13229
-23636,13230
-23635,13231
-23634,13232
-23633,13233
-23632,13234
-23631,13235
-23630,13236
-23629,13237
-23628,13238
-23627,13239
-23626,13240
-23625,13241
-23624,13242
-23623,13243
-23622,13244
-23621,13245
-23620,13246
-23619,13247
-23618,13248
-23617,13249
-23616,13250
-23615,13251
-23614,13252
-23613,13253
-23612,13254
-23611,13255
-23610,13256
-23609,13257
-23608,13258
-23607,13259
-23606,13260
-23605,13261
-23604,13262
-23603,13263
-23602,13264
-23601,13265
-23600,13266
-23599,13267
-23598,13268
-23597,13269
-23596,13270
-23595,13271
-23594,13272
-23593,13273
-23592,13274
-23591,13275
-23590,13276
-23589,13277
-23588,13278
-23587,13279
-23586,13280
-23585,13281
-23584,13282
-23583,13283
-23582,13284
-23581,13285
-23580,13286
-23579,13287
-23578,13288
-23577,13289
-23576,13290
-23575,13291
-23574,13292
-23573,13293
-23572,13294
-23571,13295
-23570,13296
-23569,13297
-23568,13298
-23567,13299
-23566,13300
-23565,13301
-23564,13302
-23563,13303
-23562,13304
-23561,13305
-23560,13306
-23559,13307
-23558,13308
-23557,13309
-23556,13310
-23555,13311
-23554,13312
-23553,13313
-23552,13314
-23551,13315
-23550,13316
-23549,13317
-23548,13318
-23547,13319
-23546,13320
-23545,13321
-23544,13322
-23543,13323
-23542,13324
-23541,13325
-23540,13326
-23539,13327
-23538,13328
-23537,13329
-23536,13330
-23535,13331
-23534,13332
-23533,13333
-23532,13334
-23531,13335
-23530,13336
-23529,13337
-23528,13338
-23527,13339
-23526,13340
-23525,13341
-23524,13342
-23523,13343
-23522,13344
-23521,13345
-23520,13346
-23519,13347
-23518,13348
-23517,13349
-23516,13350
-23515,13351
-23514,13352
-23513,13353
-23512,13354
-23511,13355
-23510,13356
-23509,13357
-23508,13358
-23507,13359
-23506,13360
-23505,13361
-23504,13362
-23503,13363
-23502,13364
-23501,13365
-23500,13366
-23499,13367
-23498,13368
-23497,13369
-23496,13370
-23495,13371
-23494,13372
-23493,13373
-23492,13374
-23491,13375
-23490,13376
-23489,13377
-23488,13378
-23487,13379
-23486,13380
-23485,13381
-23484,13382
-23483,13383
-23482,13384
-23481,13385
-23480,13386
-23479,13387
-23478,13388
-23477,13389
-23476,13390
-23475,13391
-23474,13392
-23473,13393
-23472,13394
-23471,13395
-23470,13396
-23469,13397
-23468,13398
-23467,13399
-23466,13400
-23465,13401
-23464,13402
-23463,13403
-23462,13404
-23461,13405
-23460,13406
-23459,13407
-23458,13408
-23457,13409
-23456,13410
-23455,13411
-23454,13412
-23453,13413
-23452,13414
-23451,13415
-23450,13416
-23449,13417
-23448,13418
-23447,13419
-23446,13420
-23445,13421
-23444,13422
-23443,13423
-23442,13424
-23441,13425
-23440,13426
-23439,13427
-23438,13428
-23437,13429
-23436,13430
-23435,13431
-23434,13432
-23433,13433
-23432,13434
-23431,13435
-23430,13436
-23429,13437
-23428,13438
-23427,13439
-23426,13440
-23425,13441
-23424,13442
-23423,13443
-23422,13444
-23421,13445
-23420,13446
-23419,13447
-23418,13448
-23417,13449
-23416,13450
-23415,13451
-23414,13452
-23413,13453
-23412,13454
-23411,13455
-23410,13456
-23409,13457
-23408,13458
-23407,13459
-23406,13460
-23405,13461
-23404,13462
-23403,13463
-23402,13464
-23401,13465
-23400,13466
-23399,13467
-23398,13468
-23397,13469
-23396,13470
-23395,13471
-23394,13472
-23393,13473
-23392,13474
-23391,13475
-23390,13476
-23389,13477
-23388,13478
-23387,13479
-23386,13480
-23385,13481
-23384,13482
-23383,13483
-23382,13484
-23381,13485
-23380,13486
-23379,13487
-23378,13488
-23377,13489
-23376,13490
-23375,13491
-23374,13492
-23373,13493
-23372,13494
-23371,13495
-23370,13496
-23369,13497
-23368,13498
-23367,13499
-23366,13500
-23365,13501
-23364,13502
-23363,13503
-23362,13504
-23361,13505
-23360,13506
-23359,13507
-23358,13508
-23357,13509
-23356,13510
-23355,13511
-23354,13512
-23353,13513
-23352,13514
-23351,13515
-23350,13516
-23349,13517
-23348,13518
-23347,13519
-23346,13520
-23345,13521
-23344,13522
-23343,13523
-23342,13524
-23341,13525
-23340,13526
-23339,13527
-23338,13528
-23337,13529
-23336,13530
-23335,13531
-23334,13532
-23333,13533
-23332,13534
-23331,13535
-23330,13536
-23329,13537
-23328,13538
-23327,13539
-23326,13540
-23325,13541
-23324,13542
-23323,13543
-23322,13544
-23321,13545
-23320,13546
-23319,13547
-23318,13548
-23317,13549
-23316,13550
-23315,13551
-23314,13552
-23313,13553
-23312,13554
-23311,13555
-23310,13556
-23309,13557
-23308,13558
-23307,13559
-23306,13560
-23305,13561
-23304,13562
-23303,13563
-23302,13564
-23301,13565
-23300,13566
-23299,13567
-23298,13568
-23297,13569
-23296,13570
-23295,13571
-23294,13572
-23293,13573
-23292,13574
-23291,13575
-23290,13576
-23289,13577
-23288,13578
-23287,13579
-23286,13580
-23285,13581
-23284,13582
-23283,13583
-23282,13584
-23281,13585
-23280,13586
-23279,13587
-23278,13588
-23277,13589
-23276,13590
-23275,13591
-23274,13592
-23273,13593
-23272,13594
-23271,13595
-23270,13596
-23269,13597
-23268,13598
-23267,13599
-23266,13600
-23265,13601
-23264,13602
-23263,13603
-23262,13604
-23261,13605
-23260,13606
-23259,13607
-23258,13608
-23257,13609
-23256,13610
-23255,13611
-23254,13612
-23253,13613
-23252,13614
-23251,13615
-23250,13616
-23249,13617
-23248,13618
-23247,13619
-23246,13620
-23245,13621
-23244,13622
-23243,13623
-23242,13624
-23241,13625
-23240,13626
-23239,13627
-23238,13628
-23237,13629
-23236,13630
-23235,13631
-23234,13632
-23233,13633
-23232,13634
-23231,13635
-23230,13636
-23229,13637
-23228,13638
-23227,13639
-23226,13640
-23225,13641
-23224,13642
-23223,13643
-23222,13644
-23221,13645
-23220,13646
-23219,13647
-23218,13648
-23217,13649
-23216,13650
-23215,13651
-23214,13652
-23213,13653
-23212,13654
-23211,13655
-23210,13656
-23209,13657
-23208,13658
-23207,13659
-23206,13660
-23205,13661
-23204,13662
-23203,13663
-23202,13664
-23201,13665
-23200,13666
-23199,13667
-23198,13668
-23197,13669
-23196,13670
-23195,13671
-23194,13672
-23193,13673
-23192,13674
-23191,13675
-23190,13676
-23189,13677
-23188,13678
-23187,13679
-23186,13680
-23185,13681
-23184,13682
-23183,13683
-23182,13684
-23181,13685
-23180,13686
-23179,13687
-23178,13688
-23177,13689
-23176,13690
-23175,13691
-23174,13692
-23173,13693
-23172,13694
-23171,13695
-23170,13696
-23169,13697
-23168,13698
-23167,13699
-23166,13700
-23165,13701
-23164,13702
-23163,13703
-23162,13704
-23161,13705
-23160,13706
-23159,13707
-23158,13708
-23157,13709
-23156,13710
-23155,13711
-23154,13712
-23153,13713
-23152,13714
-23151,13715
-23150,13716
-23149,13717
-23148,13718
-23147,13719
-23146,13720
-23145,13721
-23144,13722
-23143,13723
-23142,13724
-23141,13725
-23140,13726
-23139,13727
-23138,13728
-23137,13729
-23136,13730
-23135,13731
-23134,13732
-23133,13733
-23132,13734
-23131,13735
-23130,13736
-23129,13737
-23128,13738
-23127,13739
-23126,13740
-23125,13741
-23124,13742
-23123,13743
-23122,13744
-23121,13745
-23120,13746
-23119,13747
-23118,13748
-23117,13749
-23116,13750
-23115,13751
-23114,13752
-23113,13753
-23112,13754
-23111,13755
-23110,13756
-23109,13757
-23108,13758
-23107,13759
-23106,13760
-23105,13761
-23104,13762
-23103,13763
-23102,13764
-23101,13765
-23100,13766
-23099,13767
-23098,13768
-23097,13769
-23096,13770
-23095,13771
-23094,13772
-23093,13773
-23092,13774
-23091,13775
-23090,13776
-23089,13777
-23088,13778
-23087,13779
-23086,13780
-23085,13781
-23084,13782
-23083,13783
-23082,13784
-23081,13785
-23080,13786
-23079,13787
-23078,13788
-23077,13789
-23076,13790
-23075,13791
-23074,13792
-23073,13793
-23072,13794
-23071,13795
-23070,13796
-23069,13797
-23068,13798
-23067,13799
-23066,13800
-23065,13801
-23064,13802
-23063,13803
-23062,13804
-23061,13805
-23060,13806
-23059,13807
-23058,13808
-23057,13809
-23056,13810
-23055,13811
-23054,13812
-23053,13813
-23052,13814
-23051,13815
-23050,13816
-23049,13817
-23048,13818
-23047,13819
-23046,13820
-23045,13821
-23044,13822
-23043,13823
-23042,13824
-23041,13825
-23040,13826
-23039,13827
-23038,13828
-23037,13829
-23036,13830
-23035,13831
-23034,13832
-23033,13833
-23032,13834
-23031,13835
-23030,13836
-23029,13837
-23028,13838
-23027,13839
-23026,13840
-23025,13841
-23024,13842
-23023,13843
-23022,13844
-23021,13845
-23020,13846
-23019,13847
-23018,13848
-23017,13849
-23016,13850
-23015,13851
-23014,13852
-23013,13853
-23012,13854
-23011,13855
-23010,13856
-23009,13857
-23008,13858
-23007,13859
-23006,13860
-23005,13861
-23004,13862
-23003,13863
-23002,13864
-23001,13865
-23000,13866
-22999,13867
-22998,13868
-22997,13869
-22996,13870
-22995,13871
-22994,13872
-22993,13873
-22992,13874
-22991,13875
-22990,13876
-22989,13877
-22988,13878
-22987,13879
-22986,13880
-22985,13881
-22984,13882
-22983,13883
-22982,13884
-22981,13885
-22980,13886
-22979,13887
-22978,13888
-22977,13889
-22976,13890
-22975,13891
-22974,13892
-22973,13893
-22972,13894
-22971,13895
-22970,13896
-22969,13897
-22968,13898
-22967,13899
-22966,13900
-22965,13901
-22964,13902
-22963,13903
-22962,13904
-22961,13905
-22960,13906
-22959,13907
-22958,13908
-22957,13909
-22956,13910
-22955,13911
-22954,13912
-22953,13913
-22952,13914
-22951,13915
-22950,13916
-22949,13917
-22948,13918
-22947,13919
-22946,13920
-22945,13921
-22944,13922
-22943,13923
-22942,13924
-22941,13925
-22940,13926
-22939,13927
-22938,13928
-22937,13929
-22936,13930
-22935,13931
-22934,13932
-22933,13933
-22932,13934
-22931,13935
-22930,13936
-22929,13937
-22928,13938
-22927,13939
-22926,13940
-22925,13941
-22924,13942
-22923,13943
-22922,13944
-22921,13945
-22920,13946
-22919,13947
-22918,13948
-22917,13949
-22916,13950
-22915,13951
-22914,13952
-22913,13953
-22912,13954
-22911,13955
-22910,13956
-22909,13957
-22908,13958
-22907,13959
-22906,13960
-22905,13961
-22904,13962
-22903,13963
-22902,13964
-22901,13965
-22900,13966
-22899,13967
-22898,13968
-22897,13969
-22896,13970
-22895,13971
-22894,13972
-22893,13973
-22892,13974
-22891,13975
-22890,13976
-22889,13977
-22888,13978
-22887,13979
-22886,13980
-22885,13981
-22884,13982
-22883,13983
-22882,13984
-22881,13985
-22880,13986
-22879,13987
-22878,13988
-22877,13989
-22876,13990
-22875,13991
-22874,13992
-22873,13993
-22872,13994
-22871,13995
-22870,13996
-22869,13997
-22868,13998
-22867,13999
-22866,14000
-22865,14001
-22864,14002
-22863,14003
-22862,14004
-22861,14005
-22860,14006
-22859,14007
-22858,14008
-22857,14009
-22856,14010
-22855,14011
-22854,14012
-22853,14013
-22852,14014
-22851,14015
-22850,14016
-22849,14017
-22848,14018
-22847,14019
-22846,14020
-22845,14021
-22844,14022
-22843,14023
-22842,14024
-22841,14025
-22840,14026
-22839,14027
-22838,14028
-22837,14029
-22836,14030
-22835,14031
-22834,14032
-22833,14033
-22832,14034
-22831,14035
-22830,14036
-22829,14037
-22828,14038
-22827,14039
-22826,14040
-22825,14041
-22824,14042
-22823,14043
-22822,14044
-22821,14045
-22820,14046
-22819,14047
-22818,14048
-22817,14049
-22816,14050
-22815,14051
-22814,14052
-22813,14053
-22812,14054
-22811,14055
-22810,14056
-22809,14057
-22808,14058
-22807,14059
-22806,14060
-22805,14061
-22804,14062
-22803,14063
-22802,14064
-22801,14065
-22800,14066
-22799,14067
-22798,14068
-22797,14069
-22796,14070
-22795,14071
-22794,14072
-22793,14073
-22792,14074
-22791,14075
-22790,14076
-22789,14077
-22788,14078
-22787,14079
-22786,14080
-22785,14081
-22784,14082
-22783,14083
-22782,14084
-22781,14085
-22780,14086
-22779,14087
-22778,14088
-22777,14089
-22776,14090
-22775,14091
-22774,14092
-22773,14093
-22772,14094
-22771,14095
-22770,14096
-22769,14097
-22768,14098
-22767,14099
-22766,14100
-22765,14101
-22764,14102
-22763,14103
-22762,14104
-22761,14105
-22760,14106
-22759,14107
-22758,14108
-22757,14109
-22756,14110
-22755,14111
-22754,14112
-22753,14113
-22752,14114
-22751,14115
-22750,14116
-22749,14117
-22748,14118
-22747,14119
-22746,14120
-22745,14121
-22744,14122
-22743,14123
-22742,14124
-22741,14125
-22740,14126
-22739,14127
-22738,14128
-22737,14129
-22736,14130
-22735,14131
-22734,14132
-22733,14133
-22732,14134
-22731,14135
-22730,14136
-22729,14137
-22728,14138
-22727,14139
-22726,14140
-22725,14141
-22724,14142
-22723,14143
-22722,14144
-22721,14145
-22720,14146
-22719,14147
-22718,14148
-22717,14149
-22716,14150
-22715,14151
-22714,14152
-22713,14153
-22712,14154
-22711,14155
-22710,14156
-22709,14157
-22708,14158
-22707,14159
-22706,14160
-22705,14161
-22704,14162
-22703,14163
-22702,14164
-22701,14165
-22700,14166
-22699,14167
-22698,14168
-22697,14169
-22696,14170
-22695,14171
-22694,14172
-22693,14173
-22692,14174
-22691,14175
-22690,14176
-22689,14177
-22688,14178
-22687,14179
-22686,14180
-22685,14181
-22684,14182
-22683,14183
-22682,14184
-22681,14185
-22680,14186
-22679,14187
-22678,14188
-22677,14189
-22676,14190
-22675,14191
-22674,14192
-22673,14193
-22672,14194
-22671,14195
-22670,14196
-22669,14197
-22668,14198
-22667,14199
-22666,14200
-22665,14201
-22664,14202
-22663,14203
-22662,14204
-22661,14205
-22660,14206
-22659,14207
-22658,14208
-22657,14209
-22656,14210
-22655,14211
-22654,14212
-22653,14213
-22652,14214
-22651,14215
-22650,14216
-22649,14217
-22648,14218
-22647,14219
-22646,14220
-22645,14221
-22644,14222
-22643,14223
-22642,14224
-22641,14225
-22640,14226
-22639,14227
-22638,14228
-22637,14229
-22636,14230
-22635,14231
-22634,14232
-22633,14233
-22632,14234
-22631,14235
-22630,14236
-22629,14237
-22628,14238
-22627,14239
-22626,14240
-22625,14241
-22624,14242
-22623,14243
-22622,14244
-22621,14245
-22620,14246
-22619,14247
-22618,14248
-22617,14249
-22616,14250
-22615,14251
-22614,14252
-22613,14253
-22612,14254
-22611,14255
-22610,14256
-22609,14257
-22608,14258
-22607,14259
-22606,14260
-22605,14261
-22604,14262
-22603,14263
-22602,14264
-22601,14265
-22600,14266
-22599,14267
-22598,14268
-22597,14269
-22596,14270
-22595,14271
-22594,14272
-22593,14273
-22592,14274
-22591,14275
-22590,14276
-22589,14277
-22588,14278
-22587,14279
-22586,14280
-22585,14281
-22584,14282
-22583,14283
-22582,14284
-22581,14285
-22580,14286
-22579,14287
-22578,14288
-22577,14289
-22576,14290
-22575,14291
-22574,14292
-22573,14293
-22572,14294
-22571,14295
-22570,14296
-22569,14297
-22568,14298
-22567,14299
-22566,14300
-22565,14301
-22564,14302
-22563,14303
-22562,14304
-22561,14305
-22560,14306
-22559,14307
-22558,14308
-22557,14309
-22556,14310
-22555,14311
-22554,14312
-22553,14313
-22552,14314
-22551,14315
-22550,14316
-22549,14317
-22548,14318
-22547,14319
-22546,14320
-22545,14321
-22544,14322
-22543,14323
-22542,14324
-22541,14325
-22540,14326
-22539,14327
-22538,14328
-22537,14329
-22536,14330
-22535,14331
-22534,14332
-22533,14333
-22532,14334
-22531,14335
-22530,14336
-22529,14337
-22528,14338
-22527,14339
-22526,14340
-22525,14341
-22524,14342
-22523,14343
-22522,14344
-22521,14345
-22520,14346
-22519,14347
-22518,14348
-22517,14349
-22516,14350
-22515,14351
-22514,14352
-22513,14353
-22512,14354
-22511,14355
-22510,14356
-22509,14357
-22508,14358
-22507,14359
-22506,14360
-22505,14361
-22504,14362
-22503,14363
-22502,14364
-22501,14365
-22500,14366
-22499,14367
-22498,14368
-22497,14369
-22496,14370
-22495,14371
-22494,14372
-22493,14373
-22492,14374
-22491,14375
-22490,14376
-22489,14377
-22488,14378
-22487,14379
-22486,14380
-22485,14381
-22484,14382
-22483,14383
-22482,14384
-22481,14385
-22480,14386
-22479,14387
-22478,14388
-22477,14389
-22476,14390
-22475,14391
-22474,14392
-22473,14393
-22472,14394
-22471,14395
-22470,14396
-22469,14397
-22468,14398
-22467,14399
-22466,14400
-22465,14401
-22464,14402
-22463,14403
-22462,14404
-22461,14405
-22460,14406
-22459,14407
-22458,14408
-22457,14409
-22456,14410
-22455,14411
-22454,14412
-22453,14413
-22452,14414
-22451,14415
-22450,14416
-22449,14417
-22448,14418
-22447,14419
-22446,14420
-22445,14421
-22444,14422
-22443,14423
-22442,14424
-22441,14425
-22440,14426
-22439,14427
-22438,14428
-22437,14429
-22436,14430
-22435,14431
-22434,14432
-22433,14433
-22432,14434
-22431,14435
-22430,14436
-22429,14437
-22428,14438
-22427,14439
-22426,14440
-22425,14441
-22424,14442
-22423,14443
-22422,14444
-22421,14445
-22420,14446
-22419,14447
-22418,14448
-22417,14449
-22416,14450
-22415,14451
-22414,14452
-22413,14453
-22412,14454
-22411,14455
-22410,14456
-22409,14457
-22408,14458
-22407,14459
-22406,14460
-22405,14461
-22404,14462
-22403,14463
-22402,14464
-22401,14465
-22400,14466
-22399,14467
-22398,14468
-22397,14469
-22396,14470
-22395,14471
-22394,14472
-22393,14473
-22392,14474
-22391,14475
-22390,14476
-22389,14477
-22388,14478
-22387,14479
-22386,14480
-22385,14481
-22384,14482
-22383,14483
-22382,14484
-22381,14485
-22380,14486
-22379,14487
-22378,14488
-22377,14489
-22376,14490
-22375,14491
-22374,14492
-22373,14493
-22372,14494
-22371,14495
-22370,14496
-22369,14497
-22368,14498
-22367,14499
-22366,14500
-22365,14501
-22364,14502
-22363,14503
-22362,14504
-22361,14505
-22360,14506
-22359,14507
-22358,14508
-22357,14509
-22356,14510
-22355,14511
-22354,14512
-22353,14513
-22352,14514
-22351,14515
-22350,14516
-22349,14517
-22348,14518
-22347,14519
-22346,14520
-22345,14521
-22344,14522
-22343,14523
-22342,14524
-22341,14525
-22340,14526
-22339,14527
-22338,14528
-22337,14529
-22336,14530
-22335,14531
-22334,14532
-22333,14533
-22332,14534
-22331,14535
-22330,14536
-22329,14537
-22328,14538
-22327,14539
-22326,14540
-22325,14541
-22324,14542
-22323,14543
-22322,14544
-22321,14545
-22320,14546
-22319,14547
-22318,14548
-22317,14549
-22316,14550
-22315,14551
-22314,14552
-22313,14553
-22312,14554
-22311,14555
-22310,14556
-22309,14557
-22308,14558
-22307,14559
-22306,14560
-22305,14561
-22304,14562
-22303,14563
-22302,14564
-22301,14565
-22300,14566
-22299,14567
-22298,14568
-22297,14569
-22296,14570
-22295,14571
-22294,14572
-22293,14573
-22292,14574
-22291,14575
-22290,14576
-22289,14577
-22288,14578
-22287,14579
-22286,14580
-22285,14581
-22284,14582
-22283,14583
-22282,14584
-22281,14585
-22280,14586
-22279,14587
-22278,14588
-22277,14589
-22276,14590
-22275,14591
-22274,14592
-22273,14593
-22272,14594
-22271,14595
-22270,14596
-22269,14597
-22268,14598
-22267,14599
-22266,14600
-22265,14601
-22264,14602
-22263,14603
-22262,14604
-22261,14605
-22260,14606
-22259,14607
-22258,14608
-22257,14609
-22256,14610
-22255,14611
-22254,14612
-22253,14613
-22252,14614
-22251,14615
-22250,14616
-22249,14617
-22248,14618
-22247,14619
-22246,14620
-22245,14621
-22244,14622
-22243,14623
-22242,14624
-22241,14625
-22240,14626
-22239,14627
-22238,14628
-22237,14629
-22236,14630
-22235,14631
-22234,14632
-22233,14633
-22232,14634
-22231,14635
-22230,14636
-22229,14637
-22228,14638
-22227,14639
-22226,14640
-22225,14641
-22224,14642
-22223,14643
-22222,14644
-22221,14645
-22220,14646
-22219,14647
-22218,14648
-22217,14649
-22216,14650
-22215,14651
-22214,14652
-22213,14653
-22212,14654
-22211,14655
-22210,14656
-22209,14657
-22208,14658
-22207,14659
-22206,14660
-22205,14661
-22204,14662
-22203,14663
-22202,14664
-22201,14665
-22200,14666
-22199,14667
-22198,14668
-22197,14669
-22196,14670
-22195,14671
-22194,14672
-22193,14673
-22192,14674
-22191,14675
-22190,14676
-22189,14677
-22188,14678
-22187,14679
-22186,14680
-22185,14681
-22184,14682
-22183,14683
-22182,14684
-22181,14685
-22180,14686
-22179,14687
-22178,14688
-22177,14689
-22176,14690
-22175,14691
-22174,14692
-22173,14693
-22172,14694
-22171,14695
-22170,14696
-22169,14697
-22168,14698
-22167,14699
-22166,14700
-22165,14701
-22164,14702
-22163,14703
-22162,14704
-22161,14705
-22160,14706
-22159,14707
-22158,14708
-22157,14709
-22156,14710
-22155,14711
-22154,14712
-22153,14713
-22152,14714
-22151,14715
-22150,14716
-22149,14717
-22148,14718
-22147,14719
-22146,14720
-22145,14721
-22144,14722
-22143,14723
-22142,14724
-22141,14725
-22140,14726
-22139,14727
-22138,14728
-22137,14729
-22136,14730
-22135,14731
-22134,14732
-22133,14733
-22132,14734
-22131,14735
-22130,14736
-22129,14737
-22128,14738
-22127,14739
-22126,14740
-22125,14741
-22124,14742
-22123,14743
-22122,14744
-22121,14745
-22120,14746
-22119,14747
-22118,14748
-22117,14749
-22116,14750
-22115,14751
-22114,14752
-22113,14753
-22112,14754
-22111,14755
-22110,14756
-22109,14757
-22108,14758
-22107,14759
-22106,14760
-22105,14761
-22104,14762
-22103,14763
-22102,14764
-22101,14765
-22100,14766
-22099,14767
-22098,14768
-22097,14769
-22096,14770
-22095,14771
-22094,14772
-22093,14773
-22092,14774
-22091,14775
-22090,14776
-22089,14777
-22088,14778
-22087,14779
-22086,14780
-22085,14781
-22084,14782
-22083,14783
-22082,14784
-22081,14785
-22080,14786
-22079,14787
-22078,14788
-22077,14789
-22076,14790
-22075,14791
-22074,14792
-22073,14793
-22072,14794
-22071,14795
-22070,14796
-22069,14797
-22068,14798
-22067,14799
-22066,14800
-22065,14801
-22064,14802
-22063,14803
-22062,14804
-22061,14805
-22060,14806
-22059,14807
-22058,14808
-22057,14809
-22056,14810
-22055,14811
-22054,14812
-22053,14813
-22052,14814
-22051,14815
-22050,14816
-22049,14817
-22048,14818
-22047,14819
-22046,14820
-22045,14821
-22044,14822
-22043,14823
-22042,14824
-22041,14825
-22040,14826
-22039,14827
-22038,14828
-22037,14829
-22036,14830
-22035,14831
-22034,14832
-22033,14833
-22032,14834
-22031,14835
-22030,14836
-22029,14837
-22028,14838
-22027,14839
-22026,14840
-22025,14841
-22024,14842
-22023,14843
-22022,14844
-22021,14845
-22020,14846
-22019,14847
-22018,14848
-22017,14849
-22016,14850
-22015,14851
-22014,14852
-22013,14853
-22012,14854
-22011,14855
-22010,14856
-22009,14857
-22008,14858
-22007,14859
-22006,14860
-22005,14861
-22004,14862
-22003,14863
-22002,14864
-22001,14865
-22000,14866
-21999,14867
-21998,14868
-21997,14869
-21996,14870
-21995,14871
-21994,14872
-21993,14873
-21992,14874
-21991,14875
-21990,14876
-21989,14877
-21988,14878
-21987,14879
-21986,14880
-21985,14881
-21984,14882
-21983,14883
-21982,14884
-21981,14885
-21980,14886
-21979,14887
-21978,14888
-21977,14889
-21976,14890
-21975,14891
-21974,14892
-21973,14893
-21972,14894
-21971,14895
-21970,14896
-21969,14897
-21968,14898
-21967,14899
-21966,14900
-21965,14901
-21964,14902
-21963,14903
-21962,14904
-21961,14905
-21960,14906
-21959,14907
-21958,14908
-21957,14909
-21956,14910
-21955,14911
-21954,14912
-21953,14913
-21952,14914
-21951,14915
-21950,14916
-21949,14917
-21948,14918
-21947,14919
-21946,14920
-21945,14921
-21944,14922
-21943,14923
-21942,14924
-21941,14925
-21940,14926
-21939,14927
-21938,14928
-21937,14929
-21936,14930
-21935,14931
-21934,14932
-21933,14933
-21932,14934
-21931,14935
-21930,14936
-21929,14937
-21928,14938
-21927,14939
-21926,14940
-21925,14941
-21924,14942
-21923,14943
-21922,14944
-21921,14945
-21920,14946
-21919,14947
-21918,14948
-21917,14949
-21916,14950
-21915,14951
-21914,14952
-21913,14953
-21912,14954
-21911,14955
-21910,14956
-21909,14957
-21908,14958
-21907,14959
-21906,14960
-21905,14961
-21904,14962
-21903,14963
-21902,14964
-21901,14965
-21900,14966
-21899,14967
-21898,14968
-21897,14969
-21896,14970
-21895,14971
-21894,14972
-21893,14973
-21892,14974
-21891,14975
-21890,14976
-21889,14977
-21888,14978
-21887,14979
-21886,14980
-21885,14981
-21884,14982
-21883,14983
-21882,14984
-21881,14985
-21880,14986
-21879,14987
-21878,14988
-21877,14989
-21876,14990
-21875,14991
-21874,14992
-21873,14993
-21872,14994
-21871,14995
-21870,14996
-21869,14997
-21868,14998
-21867,14999
-21866,15000
-21865,15001
-21864,15002
-21863,15003
-21862,15004
-21861,15005
-21860,15006
-21859,15007
-21858,15008
-21857,15009
-21856,15010
-21855,15011
-21854,15012
-21853,15013
-21852,15014
-21851,15015
-21850,15016
-21849,15017
-21848,15018
-21847,15019
-21846,15020
-21845,15021
-21844,15022
-21843,15023
-21842,15024
-21841,15025
-21840,15026
-21839,15027
-21838,15028
-21837,15029
-21836,15030
-21835,15031
-21834,15032
-21833,15033
-21832,15034
-21831,15035
-21830,15036
-21829,15037
-21828,15038
-21827,15039
-21826,15040
-21825,15041
-21824,15042
-21823,15043
-21822,15044
-21821,15045
-21820,15046
-21819,15047
-21818,15048
-21817,15049
-21816,15050
-21815,15051
-21814,15052
-21813,15053
-21812,15054
-21811,15055
-21810,15056
-21809,15057
-21808,15058
-21807,15059
-21806,15060
-21805,15061
-21804,15062
-21803,15063
-21802,15064
-21801,15065
-21800,15066
-21799,15067
-21798,15068
-21797,15069
-21796,15070
-21795,15071
-21794,15072
-21793,15073
-21792,15074
-21791,15075
-21790,15076
-21789,15077
-21788,15078
-21787,15079
-21786,15080
-21785,15081
-21784,15082
-21783,15083
-21782,15084
-21781,15085
-21780,15086
-21779,15087
-21778,15088
-21777,15089
-21776,15090
-21775,15091
-21774,15092
-21773,15093
-21772,15094
-21771,15095
-21770,15096
-21769,15097
-21768,15098
-21767,15099
-21766,15100
-21765,15101
-21764,15102
-21763,15103
-21762,15104
-21761,15105
-21760,15106
-21759,15107
-21758,15108
-21757,15109
-21756,15110
-21755,15111
-21754,15112
-21753,15113
-21752,15114
-21751,15115
-21750,15116
-21749,15117
-21748,15118
-21747,15119
-21746,15120
-21745,15121
-21744,15122
-21743,15123
-21742,15124
-21741,15125
-21740,15126
-21739,15127
-21738,15128
-21737,15129
-21736,15130
-21735,15131
-21734,15132
-21733,15133
-21732,15134
-21731,15135
-21730,15136
-21729,15137
-21728,15138
-21727,15139
-21726,15140
-21725,15141
-21724,15142
-21723,15143
-21722,15144
-21721,15145
-21720,15146
-21719,15147
-21718,15148
-21717,15149
-21716,15150
-21715,15151
-21714,15152
-21713,15153
-21712,15154
-21711,15155
-21710,15156
-21709,15157
-21708,15158
-21707,15159
-21706,15160
-21705,15161
-21704,15162
-21703,15163
-21702,15164
-21701,15165
-21700,15166
-21699,15167
-21698,15168
-21697,15169
-21696,15170
-21695,15171
-21694,15172
-21693,15173
-21692,15174
-21691,15175
-21690,15176
-21689,15177
-21688,15178
-21687,15179
-21686,15180
-21685,15181
-21684,15182
-21683,15183
-21682,15184
-21681,15185
-21680,15186
-21679,15187
-21678,15188
-21677,15189
-21676,15190
-21675,15191
-21674,15192
-21673,15193
-21672,15194
-21671,15195
-21670,15196
-21669,15197
-21668,15198
-21667,15199
-21666,15200
-21665,15201
-21664,15202
-21663,15203
-21662,15204
-21661,15205
-21660,15206
-21659,15207
-21658,15208
-21657,15209
-21656,15210
-21655,15211
-21654,15212
-21653,15213
-21652,15214
-21651,15215
-21650,15216
-21649,15217
-21648,15218
-21647,15219
-21646,15220
-21645,15221
-21644,15222
-21643,15223
-21642,15224
-21641,15225
-21640,15226
-21639,15227
-21638,15228
-21637,15229
-21636,15230
-21635,15231
-21634,15232
-21633,15233
-21632,15234
-21631,15235
-21630,15236
-21629,15237
-21628,15238
-21627,15239
-21626,15240
-21625,15241
-21624,15242
-21623,15243
-21622,15244
-21621,15245
-21620,15246
-21619,15247
-21618,15248
-21617,15249
-21616,15250
-21615,15251
-21614,15252
-21613,15253
-21612,15254
-21611,15255
-21610,15256
-21609,15257
-21608,15258
-21607,15259
-21606,15260
-21605,15261
-21604,15262
-21603,15263
-21602,15264
-21601,15265
-21600,15266
-21599,15267
-21598,15268
-21597,15269
-21596,15270
-21595,15271
-21594,15272
-21593,15273
-21592,15274
-21591,15275
-21590,15276
-21589,15277
-21588,15278
-21587,15279
-21586,15280
-21585,15281
-21584,15282
-21583,15283
-21582,15284
-21581,15285
-21580,15286
-21579,15287
-21578,15288
-21577,15289
-21576,15290
-21575,15291
-21574,15292
-21573,15293
-21572,15294
-21571,15295
-21570,15296
-21569,15297
-21568,15298
-21567,15299
-21566,15300
-21565,15301
-21564,15302
-21563,15303
-21562,15304
-21561,15305
-21560,15306
-21559,15307
-21558,15308
-21557,15309
-21556,15310
-21555,15311
-21554,15312
-21553,15313
-21552,15314
-21551,15315
-21550,15316
-21549,15317
-21548,15318
-21547,15319
-21546,15320
-21545,15321
-21544,15322
-21543,15323
-21542,15324
-21541,15325
-21540,15326
-21539,15327
-21538,15328
-21537,15329
-21536,15330
-21535,15331
-21534,15332
-21533,15333
-21532,15334
-21531,15335
-21530,15336
-21529,15337
-21528,15338
-21527,15339
-21526,15340
-21525,15341
-21524,15342
-21523,15343
-21522,15344
-21521,15345
-21520,15346
-21519,15347
-21518,15348
-21517,15349
-21516,15350
-21515,15351
-21514,15352
-21513,15353
-21512,15354
-21511,15355
-21510,15356
-21509,15357
-21508,15358
-21507,15359
-21506,15360
-21505,15361
-21504,15362
-21503,15363
-21502,15364
-21501,15365
-21500,15366
-21499,15367
-21498,15368
-21497,15369
-21496,15370
-21495,15371
-21494,15372
-21493,15373
-21492,15374
-21491,15375
-21490,15376
-21489,15377
-21488,15378
-21487,15379
-21486,15380
-21485,15381
-21484,15382
-21483,15383
-21482,15384
-21481,15385
-21480,15386
-21479,15387
-21478,15388
-21477,15389
-21476,15390
-21475,15391
-21474,15392
-21473,15393
-21472,15394
-21471,15395
-21470,15396
-21469,15397
-21468,15398
-21467,15399
-21466,15400
-21465,15401
-21464,15402
-21463,15403
-21462,15404
-21461,15405
-21460,15406
-21459,15407
-21458,15408
-21457,15409
-21456,15410
-21455,15411
-21454,15412
-21453,15413
-21452,15414
-21451,15415
-21450,15416
-21449,15417
-21448,15418
-21447,15419
-21446,15420
-21445,15421
-21444,15422
-21443,15423
-21442,15424
-21441,15425
-21440,15426
-21439,15427
-21438,15428
-21437,15429
-21436,15430
-21435,15431
-21434,15432
-21433,15433
-21432,15434
-21431,15435
-21430,15436
-21429,15437
-21428,15438
-21427,15439
-21426,15440
-21425,15441
-21424,15442
-21423,15443
-21422,15444
-21421,15445
-21420,15446
-21419,15447
-21418,15448
-21417,15449
-21416,15450
-21415,15451
-21414,15452
-21413,15453
-21412,15454
-21411,15455
-21410,15456
-21409,15457
-21408,15458
-21407,15459
-21406,15460
-21405,15461
-21404,15462
-21403,15463
-21402,15464
-21401,15465
-21400,15466
-21399,15467
-21398,15468
-21397,15469
-21396,15470
-21395,15471
-21394,15472
-21393,15473
-21392,15474
-21391,15475
-21390,15476
-21389,15477
-21388,15478
-21387,15479
-21386,15480
-21385,15481
-21384,15482
-21383,15483
-21382,15484
-21381,15485
-21380,15486
-21379,15487
-21378,15488
-21377,15489
-21376,15490
-21375,15491
-21374,15492
-21373,15493
-21372,15494
-21371,15495
-21370,15496
-21369,15497
-21368,15498
-21367,15499
-21366,15500
-21365,15501
-21364,15502
-21363,15503
-21362,15504
-21361,15505
-21360,15506
-21359,15507
-21358,15508
-21357,15509
-21356,15510
-21355,15511
-21354,15512
-21353,15513
-21352,15514
-21351,15515
-21350,15516
-21349,15517
-21348,15518
-21347,15519
-21346,15520
-21345,15521
-21344,15522
-21343,15523
-21342,15524
-21341,15525
-21340,15526
-21339,15527
-21338,15528
-21337,15529
-21336,15530
-21335,15531
-21334,15532
-21333,15533
-21332,15534
-21331,15535
-21330,15536
-21329,15537
-21328,15538
-21327,15539
-21326,15540
-21325,15541
-21324,15542
-21323,15543
-21322,15544
-21321,15545
-21320,15546
-21319,15547
-21318,15548
-21317,15549
-21316,15550
-21315,15551
-21314,15552
-21313,15553
-21312,15554
-21311,15555
-21310,15556
-21309,15557
-21308,15558
-21307,15559
-21306,15560
-21305,15561
-21304,15562
-21303,15563
-21302,15564
-21301,15565
-21300,15566
-21299,15567
-21298,15568
-21297,15569
-21296,15570
-21295,15571
-21294,15572
-21293,15573
-21292,15574
-21291,15575
-21290,15576
-21289,15577
-21288,15578
-21287,15579
-21286,15580
-21285,15581
-21284,15582
-21283,15583
-21282,15584
-21281,15585
-21280,15586
-21279,15587
-21278,15588
-21277,15589
-21276,15590
-21275,15591
-21274,15592
-21273,15593
-21272,15594
-21271,15595
-21270,15596
-21269,15597
-21268,15598
-21267,15599
-21266,15600
-21265,15601
-21264,15602
-21263,15603
-21262,15604
-21261,15605
-21260,15606
-21259,15607
-21258,15608
-21257,15609
-21256,15610
-21255,15611
-21254,15612
-21253,15613
-21252,15614
-21251,15615
-21250,15616
-21249,15617
-21248,15618
-21247,15619
-21246,15620
-21245,15621
-21244,15622
-21243,15623
-21242,15624
-21241,15625
-21240,15626
-21239,15627
-21238,15628
-21237,15629
-21236,15630
-21235,15631
-21234,15632
-21233,15633
-21232,15634
-21231,15635
-21230,15636
-21229,15637
-21228,15638
-21227,15639
-21226,15640
-21225,15641
-21224,15642
-21223,15643
-21222,15644
-21221,15645
-21220,15646
-21219,15647
-21218,15648
-21217,15649
-21216,15650
-21215,15651
-21214,15652
-21213,15653
-21212,15654
-21211,15655
-21210,15656
-21209,15657
-21208,15658
-21207,15659
-21206,15660
-21205,15661
-21204,15662
-21203,15663
-21202,15664
-21201,15665
-21200,15666
-21199,15667
-21198,15668
-21197,15669
-21196,15670
-21195,15671
-21194,15672
-21193,15673
-21192,15674
-21191,15675
-21190,15676
-21189,15677
-21188,15678
-21187,15679
-21186,15680
-21185,15681
-21184,15682
-21183,15683
-21182,15684
-21181,15685
-21180,15686
-21179,15687
-21178,15688
-21177,15689
-21176,15690
-21175,15691
-21174,15692
-21173,15693
-21172,15694
-21171,15695
-21170,15696
-21169,15697
-21168,15698
-21167,15699
-21166,15700
-21165,15701
-21164,15702
-21163,15703
-21162,15704
-21161,15705
-21160,15706
-21159,15707
-21158,15708
-21157,15709
-21156,15710
-21155,15711
-21154,15712
-21153,15713
-21152,15714
-21151,15715
-21150,15716
-21149,15717
-21148,15718
-21147,15719
-21146,15720
-21145,15721
-21144,15722
-21143,15723
-21142,15724
-21141,15725
-21140,15726
-21139,15727
-21138,15728
-21137,15729
-21136,15730
-21135,15731
-21134,15732
-21133,15733
-21132,15734
-21131,15735
-21130,15736
-21129,15737
-21128,15738
-21127,15739
-21126,15740
-21125,15741
-21124,15742
-21123,15743
-21122,15744
-21121,15745
-21120,15746
-21119,15747
-21118,15748
-21117,15749
-21116,15750
-21115,15751
-21114,15752
-21113,15753
-21112,15754
-21111,15755
-21110,15756
-21109,15757
-21108,15758
-21107,15759
-21106,15760
-21105,15761
-21104,15762
-21103,15763
-21102,15764
-21101,15765
-21100,15766
-21099,15767
-21098,15768
-21097,15769
-21096,15770
-21095,15771
-21094,15772
-21093,15773
-21092,15774
-21091,15775
-21090,15776
-21089,15777
-21088,15778
-21087,15779
-21086,15780
-21085,15781
-21084,15782
-21083,15783
-21082,15784
-21081,15785
-21080,15786
-21079,15787
-21078,15788
-21077,15789
-21076,15790
-21075,15791
-21074,15792
-21073,15793
-21072,15794
-21071,15795
-21070,15796
-21069,15797
-21068,15798
-21067,15799
-21066,15800
-21065,15801
-21064,15802
-21063,15803
-21062,15804
-21061,15805
-21060,15806
-21059,15807
-21058,15808
-21057,15809
-21056,15810
-21055,15811
-21054,15812
-21053,15813
-21052,15814
-21051,15815
-21050,15816
-21049,15817
-21048,15818
-21047,15819
-21046,15820
-21045,15821
-21044,15822
-21043,15823
-21042,15824
-21041,15825
-21040,15826
-21039,15827
-21038,15828
-21037,15829
-21036,15830
-21035,15831
-21034,15832
-21033,15833
-21032,15834
-21031,15835
-21030,15836
-21029,15837
-21028,15838
-21027,15839
-21026,15840
-21025,15841
-21024,15842
-21023,15843
-21022,15844
-21021,15845
-21020,15846
-21019,15847
-21018,15848
-21017,15849
-21016,15850
-21015,15851
-21014,15852
-21013,15853
-21012,15854
-21011,15855
-21010,15856
-21009,15857
-21008,15858
-21007,15859
-21006,15860
-21005,15861
-21004,15862
-21003,15863
-21002,15864
-21001,15865
-21000,15866
-20999,15867
-20998,15868
-20997,15869
-20996,15870
-20995,15871
-20994,15872
-20993,15873
-20992,15874
-20991,15875
-20990,15876
-20989,15877
-20988,15878
-20987,15879
-20986,15880
-20985,15881
-20984,15882
-20983,15883
-20982,15884
-20981,15885
-20980,15886
-20979,15887
-20978,15888
-20977,15889
-20976,15890
-20975,15891
-20974,15892
-20973,15893
-20972,15894
-20971,15895
-20970,15896
-20969,15897
-20968,15898
-20967,15899
-20966,15900
-20965,15901
-20964,15902
-20963,15903
-20962,15904
-20961,15905
-20960,15906
-20959,15907
-20958,15908
-20957,15909
-20956,15910
-20955,15911
-20954,15912
-20953,15913
-20952,15914
-20951,15915
-20950,15916
-20949,15917
-20948,15918
-20947,15919
-20946,15920
-20945,15921
-20944,15922
-20943,15923
-20942,15924
-20941,15925
-20940,15926
-20939,15927
-20938,15928
-20937,15929
-20936,15930
-20935,15931
-20934,15932
-20933,15933
-20932,15934
-20931,15935
-20930,15936
-20929,15937
-20928,15938
-20927,15939
-20926,15940
-20925,15941
-20924,15942
-20923,15943
-20922,15944
-20921,15945
-20920,15946
-20919,15947
-20918,15948
-20917,15949
-20916,15950
-20915,15951
-20914,15952
-20913,15953
-20912,15954
-20911,15955
-20910,15956
-20909,15957
-20908,15958
-20907,15959
-20906,15960
-20905,15961
-20904,15962
-20903,15963
-20902,15964
-20901,15965
-20900,15966
-20899,15967
-20898,15968
-20897,15969
-20896,15970
-20895,15971
-20894,15972
-20893,15973
-20892,15974
-20891,15975
-20890,15976
-20889,15977
-20888,15978
-20887,15979
-20886,15980
-20885,15981
-20884,15982
-20883,15983
-20882,15984
-20881,15985
-20880,15986
-20879,15987
-20878,15988
-20877,15989
-20876,15990
-20875,15991
-20874,15992
-20873,15993
-20872,15994
-20871,15995
-20870,15996
-20869,15997
-20868,15998
-20867,15999
-20866,16000
-20865,16001
-20864,16002
-20863,16003
-20862,16004
-20861,16005
-20860,16006
-20859,16007
-20858,16008
-20857,16009
-20856,16010
-20855,16011
-20854,16012
-20853,16013
-20852,16014
-20851,16015
-20850,16016
-20849,16017
-20848,16018
-20847,16019
-20846,16020
-20845,16021
-20844,16022
-20843,16023
-20842,16024
-20841,16025
-20840,16026
-20839,16027
-20838,16028
-20837,16029
-20836,16030
-20835,16031
-20834,16032
-20833,16033
-20832,16034
-20831,16035
-20830,16036
-20829,16037
-20828,16038
-20827,16039
-20826,16040
-20825,16041
-20824,16042
-20823,16043
-20822,16044
-20821,16045
-20820,16046
-20819,16047
-20818,16048
-20817,16049
-20816,16050
-20815,16051
-20814,16052
-20813,16053
-20812,16054
-20811,16055
-20810,16056
-20809,16057
-20808,16058
-20807,16059
-20806,16060
-20805,16061
-20804,16062
-20803,16063
-20802,16064
-20801,16065
-20800,16066
-20799,16067
-20798,16068
-20797,16069
-20796,16070
-20795,16071
-20794,16072
-20793,16073
-20792,16074
-20791,16075
-20790,16076
-20789,16077
-20788,16078
-20787,16079
-20786,16080
-20785,16081
-20784,16082
-20783,16083
-20782,16084
-20781,16085
-20780,16086
-20779,16087
-20778,16088
-20777,16089
-20776,16090
-20775,16091
-20774,16092
-20773,16093
-20772,16094
-20771,16095
-20770,16096
-20769,16097
-20768,16098
-20767,16099
-20766,16100
-20765,16101
-20764,16102
-20763,16103
-20762,16104
-20761,16105
-20760,16106
-20759,16107
-20758,16108
-20757,16109
-20756,16110
-20755,16111
-20754,16112
-20753,16113
-20752,16114
-20751,16115
-20750,16116
-20749,16117
-20748,16118
-20747,16119
-20746,16120
-20745,16121
-20744,16122
-20743,16123
-20742,16124
-20741,16125
-20740,16126
-20739,16127
-20738,16128
-20737,16129
-20736,16130
-20735,16131
-20734,16132
-20733,16133
-20732,16134
-20731,16135
-20730,16136
-20729,16137
-20728,16138
-20727,16139
-20726,16140
-20725,16141
-20724,16142
-20723,16143
-20722,16144
-20721,16145
-20720,16146
-20719,16147
-20718,16148
-20717,16149
-20716,16150
-20715,16151
-20714,16152
-20713,16153
-20712,16154
-20711,16155
-20710,16156
-20709,16157
-20708,16158
-20707,16159
-20706,16160
-20705,16161
-20704,16162
-20703,16163
-20702,16164
-20701,16165
-20700,16166
-20699,16167
-20698,16168
-20697,16169
-20696,16170
-20695,16171
-20694,16172
-20693,16173
-20692,16174
-20691,16175
-20690,16176
-20689,16177
-20688,16178
-20687,16179
-20686,16180
-20685,16181
-20684,16182
-20683,16183
-20682,16184
-20681,16185
-20680,16186
-20679,16187
-20678,16188
-20677,16189
-20676,16190
-20675,16191
-20674,16192
-20673,16193
-20672,16194
-20671,16195
-20670,16196
-20669,16197
-20668,16198
-20667,16199
-20666,16200
-20665,16201
-20664,16202
-20663,16203
-20662,16204
-20661,16205
-20660,16206
-20659,16207
-20658,16208
-20657,16209
-20656,16210
-20655,16211
-20654,16212
-20653,16213
-20652,16214
-20651,16215
-20650,16216
-20649,16217
-20648,16218
-20647,16219
-20646,16220
-20645,16221
-20644,16222
-20643,16223
-20642,16224
-20641,16225
-20640,16226
-20639,16227
-20638,16228
-20637,16229
-20636,16230
-20635,16231
-20634,16232
-20633,16233
-20632,16234
-20631,16235
-20630,16236
-20629,16237
-20628,16238
-20627,16239
-20626,16240
-20625,16241
-20624,16242
-20623,16243
-20622,16244
-20621,16245
-20620,16246
-20619,16247
-20618,16248
-20617,16249
-20616,16250
-20615,16251
-20614,16252
-20613,16253
-20612,16254
-20611,16255
-20610,16256
-20609,16257
-20608,16258
-20607,16259
-20606,16260
-20605,16261
-20604,16262
-20603,16263
-20602,16264
-20601,16265
-20600,16266
-20599,16267
-20598,16268
-20597,16269
-20596,16270
-20595,16271
-20594,16272
-20593,16273
-20592,16274
-20591,16275
-20590,16276
-20589,16277
-20588,16278
-20587,16279
-20586,16280
-20585,16281
-20584,16282
-20583,16283
-20582,16284
-20581,16285
-20580,16286
-20579,16287
-20578,16288
-20577,16289
-20576,16290
-20575,16291
-20574,16292
-20573,16293
-20572,16294
-20571,16295
-20570,16296
-20569,16297
-20568,16298
-20567,16299
-20566,16300
-20565,16301
-20564,16302
-20563,16303
-20562,16304
-20561,16305
-20560,16306
-20559,16307
-20558,16308
-20557,16309
-20556,16310
-20555,16311
-20554,16312
-20553,16313
-20552,16314
-20551,16315
-20550,16316
-20549,16317
-20548,16318
-20547,16319
-20546,16320
-20545,16321
-20544,16322
-20543,16323
-20542,16324
-20541,16325
-20540,16326
-20539,16327
-20538,16328
-20537,16329
-20536,16330
-20535,16331
-20534,16332
-20533,16333
-20532,16334
-20531,16335
-20530,16336
-20529,16337
-20528,16338
-20527,16339
-20526,16340
-20525,16341
-20524,16342
-20523,16343
-20522,16344
-20521,16345
-20520,16346
-20519,16347
-20518,16348
-20517,16349
-20516,16350
-20515,16351
-20514,16352
-20513,16353
-20512,16354
-20511,16355
-20510,16356
-20509,16357
-20508,16358
-20507,16359
-20506,16360
-20505,16361
-20504,16362
-20503,16363
-20502,16364
-20501,16365
-20500,16366
-20499,16367
-20498,16368
-20497,16369
-20496,16370
-20495,16371
-20494,16372
-20493,16373
-20492,16374
-20491,16375
-20490,16376
-20489,16377
-20488,16378
-20487,16379
-20486,16380
-20485,16381
-20484,16382
-20483,16383
-20482,16384
-20481,16385
-20480,16386
-20479,16387
-20478,16388
-20477,16389
-20476,16390
-20475,16391
-20474,16392
-20473,16393
-20472,16394
-20471,16395
-20470,16396
-20469,16397
-20468,16398
-20467,16399
-20466,16400
-20465,16401
-20464,16402
-20463,16403
-20462,16404
-20461,16405
-20460,16406
-20459,16407
-20458,16408
-20457,16409
-20456,16410
-20455,16411
-20454,16412
-20453,16413
-20452,16414
-20451,16415
-20450,16416
-20449,16417
-20448,16418
-20447,16419
-20446,16420
-20445,16421
-20444,16422
-20443,16423
-20442,16424
-20441,16425
-20440,16426
-20439,16427
-20438,16428
-20437,16429
-20436,16430
-20435,16431
-20434,16432
-20433,16433
-20432,16434
-20431,16435
-20430,16436
-20429,16437
-20428,16438
-20427,16439
-20426,16440
-20425,16441
-20424,16442
-20423,16443
-20422,16444
-20421,16445
-20420,16446
-20419,16447
-20418,16448
-20417,16449
-20416,16450
-20415,16451
-20414,16452
-20413,16453
-20412,16454
-20411,16455
-20410,16456
-20409,16457
-20408,16458
-20407,16459
-20406,16460
-20405,16461
-20404,16462
-20403,16463
-20402,16464
-20401,16465
-20400,16466
-20399,16467
-20398,16468
-20397,16469
-20396,16470
-20395,16471
-20394,16472
-20393,16473
-20392,16474
-20391,16475
-20390,16476
-20389,16477
-20388,16478
-20387,16479
-20386,16480
-20385,16481
-20384,16482
-20383,16483
-20382,16484
-20381,16485
-20380,16486
-20379,16487
-20378,16488
-20377,16489
-20376,16490
-20375,16491
-20374,16492
-20373,16493
-20372,16494
-20371,16495
-20370,16496
-20369,16497
-20368,16498
-20367,16499
-20366,16500
-20365,16501
-20364,16502
-20363,16503
-20362,16504
-20361,16505
-20360,16506
-20359,16507
-20358,16508
-20357,16509
-20356,16510
-20355,16511
-20354,16512
-20353,16513
-20352,16514
-20351,16515
-20350,16516
-20349,16517
-20348,16518
-20347,16519
-20346,16520
-20345,16521
-20344,16522
-20343,16523
-20342,16524
-20341,16525
-20340,16526
-20339,16527
-20338,16528
-20337,16529
-20336,16530
-20335,16531
-20334,16532
-20333,16533
-20332,16534
-20331,16535
-20330,16536
-20329,16537
-20328,16538
-20327,16539
-20326,16540
-20325,16541
-20324,16542
-20323,16543
-20322,16544
-20321,16545
-20320,16546
-20319,16547
-20318,16548
-20317,16549
-20316,16550
-20315,16551
-20314,16552
-20313,16553
-20312,16554
-20311,16555
-20310,16556
-20309,16557
-20308,16558
-20307,16559
-20306,16560
-20305,16561
-20304,16562
-20303,16563
-20302,16564
-20301,16565
-20300,16566
-20299,16567
-20298,16568
-20297,16569
-20296,16570
-20295,16571
-20294,16572
-20293,16573
-20292,16574
-20291,16575
-20290,16576
-20289,16577
-20288,16578
-20287,16579
-20286,16580
-20285,16581
-20284,16582
-20283,16583
-20282,16584
-20281,16585
-20280,16586
-20279,16587
-20278,16588
-20277,16589
-20276,16590
-20275,16591
-20274,16592
-20273,16593
-20272,16594
-20271,16595
-20270,16596
-20269,16597
-20268,16598
-20267,16599
-20266,16600
-20265,16601
-20264,16602
-20263,16603
-20262,16604
-20261,16605
-20260,16606
-20259,16607
-20258,16608
-20257,16609
-20256,16610
-20255,16611
-20254,16612
-20253,16613
-20252,16614
-20251,16615
-20250,16616
-20249,16617
-20248,16618
-20247,16619
-20246,16620
-20245,16621
-20244,16622
-20243,16623
-20242,16624
-20241,16625
-20240,16626
-20239,16627
-20238,16628
-20237,16629
-20236,16630
-20235,16631
-20234,16632
-20233,16633
-20232,16634
-20231,16635
-20230,16636
-20229,16637
-20228,16638
-20227,16639
-20226,16640
-20225,16641
-20224,16642
-20223,16643
-20222,16644
-20221,16645
-20220,16646
-20219,16647
-20218,16648
-20217,16649
-20216,16650
-20215,16651
-20214,16652
-20213,16653
-20212,16654
-20211,16655
-20210,16656
-20209,16657
-20208,16658
-20207,16659
-20206,16660
-20205,16661
-20204,16662
-20203,16663
-20202,16664
-20201,16665
-20200,16666
-20199,16667
-20198,16668
-20197,16669
-20196,16670
-20195,16671
-20194,16672
-20193,16673
-20192,16674
-20191,16675
-20190,16676
-20189,16677
-20188,16678
-20187,16679
-20186,16680
-20185,16681
-20184,16682
-20183,16683
-20182,16684
-20181,16685
-20180,16686
-20179,16687
-20178,16688
-20177,16689
-20176,16690
-20175,16691
-20174,16692
-20173,16693
-20172,16694
-20171,16695
-20170,16696
-20169,16697
-20168,16698
-20167,16699
-20166,16700
-20165,16701
-20164,16702
-20163,16703
-20162,16704
-20161,16705
-20160,16706
-20159,16707
-20158,16708
-20157,16709
-20156,16710
-20155,16711
-20154,16712
-20153,16713
-20152,16714
-20151,16715
-20150,16716
-20149,16717
-20148,16718
-20147,16719
-20146,16720
-20145,16721
-20144,16722
-20143,16723
-20142,16724
-20141,16725
-20140,16726
-20139,16727
-20138,16728
-20137,16729
-20136,16730
-20135,16731
-20134,16732
-20133,16733
-20132,16734
-20131,16735
-20130,16736
-20129,16737
-20128,16738
-20127,16739
-20126,16740
-20125,16741
-20124,16742
-20123,16743
-20122,16744
-20121,16745
-20120,16746
-20119,16747
-20118,16748
-20117,16749
-20116,16750
-20115,16751
-20114,16752
-20113,16753
-20112,16754
-20111,16755
-20110,16756
-20109,16757
-20108,16758
-20107,16759
-20106,16760
-20105,16761
-20104,16762
-20103,16763
-20102,16764
-20101,16765
-20100,16766
-20099,16767
-20098,16768
-20097,16769
-20096,16770
-20095,16771
-20094,16772
-20093,16773
-20092,16774
-20091,16775
-20090,16776
-20089,16777
-20088,16778
-20087,16779
-20086,16780
-20085,16781
-20084,16782
-20083,16783
-20082,16784
-20081,16785
-20080,16786
-20079,16787
-20078,16788
-20077,16789
-20076,16790
-20075,16791
-20074,16792
-20073,16793
-20072,16794
-20071,16795
-20070,16796
-20069,16797
-20068,16798
-20067,16799
-20066,16800
-20065,16801
-20064,16802
-20063,16803
-20062,16804
-20061,16805
-20060,16806
-20059,16807
-20058,16808
-20057,16809
-20056,16810
-20055,16811
-20054,16812
-20053,16813
-20052,16814
-20051,16815
-20050,16816
-20049,16817
-20048,16818
-20047,16819
-20046,16820
-20045,16821
-20044,16822
-20043,16823
-20042,16824
-20041,16825
-20040,16826
-20039,16827
-20038,16828
-20037,16829
-20036,16830
-20035,16831
-20034,16832
-20033,16833
-20032,16834
-20031,16835
-20030,16836
-20029,16837
-20028,16838
-20027,16839
-20026,16840
-20025,16841
-20024,16842
-20023,16843
-20022,16844
-20021,16845
-20020,16846
-20019,16847
-20018,16848
-20017,16849
-20016,16850
-20015,16851
-20014,16852
-20013,16853
-20012,16854
-20011,16855
-20010,16856
-20009,16857
-20008,16858
-20007,16859
-20006,16860
-20005,16861
-20004,16862
-20003,16863
-20002,16864
-20001,16865
-20000,16866
-19999,16867
-19998,16868
-19997,16869
-19996,16870
-19995,16871
-19994,16872
-19993,16873
-19992,16874
-19991,16875
-19990,16876
-19989,16877
-19988,16878
-19987,16879
-19986,16880
-19985,16881
-19984,16882
-19983,16883
-19982,16884
-19981,16885
-19980,16886
-19979,16887
-19978,16888
-19977,16889
-19976,16890
-19975,16891
-19974,16892
-19973,16893
-19972,16894
-19971,16895
-19970,16896
-19969,16897
-19968,16898
-19967,16899
-19966,16900
-19965,16901
-19964,16902
-19963,16903
-19962,16904
-19961,16905
-19960,16906
-19959,16907
-19958,16908
-19957,16909
-19956,16910
-19955,16911
-19954,16912
-19953,16913
-19952,16914
-19951,16915
-19950,16916
-19949,16917
-19948,16918
-19947,16919
-19946,16920
-19945,16921
-19944,16922
-19943,16923
-19942,16924
-19941,16925
-19940,16926
-19939,16927
-19938,16928
-19937,16929
-19936,16930
-19935,16931
-19934,16932
-19933,16933
-19932,16934
-19931,16935
-19930,16936
-19929,16937
-19928,16938
-19927,16939
-19926,16940
-19925,16941
-19924,16942
-19923,16943
-19922,16944
-19921,16945
-19920,16946
-19919,16947
-19918,16948
-19917,16949
-19916,16950
-19915,16951
-19914,16952
-19913,16953
-19912,16954
-19911,16955
-19910,16956
-19909,16957
-19908,16958
-19907,16959
-19906,16960
-19905,16961
-19904,16962
-19903,16963
-19902,16964
-19901,16965
-19900,16966
-19899,16967
-19898,16968
-19897,16969
-19896,16970
-19895,16971
-19894,16972
-19893,16973
-19892,16974
-19891,16975
-19890,16976
-19889,16977
-19888,16978
-19887,16979
-19886,16980
-19885,16981
-19884,16982
-19883,16983
-19882,16984
-19881,16985
-19880,16986
-19879,16987
-19878,16988
-19877,16989
-19876,16990
-19875,16991
-19874,16992
-19873,16993
-19872,16994
-19871,16995
-19870,16996
-19869,16997
-19868,16998
-19867,16999
-19866,17000
-19865,17001
-19864,17002
-19863,17003
-19862,17004
-19861,17005
-19860,17006
-19859,17007
-19858,17008
-19857,17009
-19856,17010
-19855,17011
-19854,17012
-19853,17013
-19852,17014
-19851,17015
-19850,17016
-19849,17017
-19848,17018
-19847,17019
-19846,17020
-19845,17021
-19844,17022
-19843,17023
-19842,17024
-19841,17025
-19840,17026
-19839,17027
-19838,17028
-19837,17029
-19836,17030
-19835,17031
-19834,17032
-19833,17033
-19832,17034
-19831,17035
-19830,17036
-19829,17037
-19828,17038
-19827,17039
-19826,17040
-19825,17041
-19824,17042
-19823,17043
-19822,17044
-19821,17045
-19820,17046
-19819,17047
-19818,17048
-19817,17049
-19816,17050
-19815,17051
-19814,17052
-19813,17053
-19812,17054
-19811,17055
-19810,17056
-19809,17057
-19808,17058
-19807,17059
-19806,17060
-19805,17061
-19804,17062
-19803,17063
-19802,17064
-19801,17065
-19800,17066
-19799,17067
-19798,17068
-19797,17069
-19796,17070
-19795,17071
-19794,17072
-19793,17073
-19792,17074
-19791,17075
-19790,17076
-19789,17077
-19788,17078
-19787,17079
-19786,17080
-19785,17081
-19784,17082
-19783,17083
-19782,17084
-19781,17085
-19780,17086
-19779,17087
-19778,17088
-19777,17089
-19776,17090
-19775,17091
-19774,17092
-19773,17093
-19772,17094
-19771,17095
-19770,17096
-19769,17097
-19768,17098
-19767,17099
-19766,17100
-19765,17101
-19764,17102
-19763,17103
-19762,17104
-19761,17105
-19760,17106
-19759,17107
-19758,17108
-19757,17109
-19756,17110
-19755,17111
-19754,17112
-19753,17113
-19752,17114
-19751,17115
-19750,17116
-19749,17117
-19748,17118
-19747,17119
-19746,17120
-19745,17121
-19744,17122
-19743,17123
-19742,17124
-19741,17125
-19740,17126
-19739,17127
-19738,17128
-19737,17129
-19736,17130
-19735,17131
-19734,17132
-19733,17133
-19732,17134
-19731,17135
-19730,17136
-19729,17137
-19728,17138
-19727,17139
-19726,17140
-19725,17141
-19724,17142
-19723,17143
-19722,17144
-19721,17145
-19720,17146
-19719,17147
-19718,17148
-19717,17149
-19716,17150
-19715,17151
-19714,17152
-19713,17153
-19712,17154
-19711,17155
-19710,17156
-19709,17157
-19708,17158
-19707,17159
-19706,17160
-19705,17161
-19704,17162
-19703,17163
-19702,17164
-19701,17165
-19700,17166
-19699,17167
-19698,17168
-19697,17169
-19696,17170
-19695,17171
-19694,17172
-19693,17173
-19692,17174
-19691,17175
-19690,17176
-19689,17177
-19688,17178
-19687,17179
-19686,17180
-19685,17181
-19684,17182
-19683,17183
-19682,17184
-19681,17185
-19680,17186
-19679,17187
-19678,17188
-19677,17189
-19676,17190
-19675,17191
-19674,17192
-19673,17193
-19672,17194
-19671,17195
-19670,17196
-19669,17197
-19668,17198
-19667,17199
-19666,17200
-19665,17201
-19664,17202
-19663,17203
-19662,17204
-19661,17205
-19660,17206
-19659,17207
-19658,17208
-19657,17209
-19656,17210
-19655,17211
-19654,17212
-19653,17213
-19652,17214
-19651,17215
-19650,17216
-19649,17217
-19648,17218
-19647,17219
-19646,17220
-19645,17221
-19644,17222
-19643,17223
-19642,17224
-19641,17225
-19640,17226
-19639,17227
-19638,17228
-19637,17229
-19636,17230
-19635,17231
-19634,17232
-19633,17233
-19632,17234
-19631,17235
-19630,17236
-19629,17237
-19628,17238
-19627,17239
-19626,17240
-19625,17241
-19624,17242
-19623,17243
-19622,17244
-19621,17245
-19620,17246
-19619,17247
-19618,17248
-19617,17249
-19616,17250
-19615,17251
-19614,17252
-19613,17253
-19612,17254
-19611,17255
-19610,17256
-19609,17257
-19608,17258
-19607,17259
-19606,17260
-19605,17261
-19604,17262
-19603,17263
-19602,17264
-19601,17265
-19600,17266
-19599,17267
-19598,17268
-19597,17269
-19596,17270
-19595,17271
-19594,17272
-19593,17273
-19592,17274
-19591,17275
-19590,17276
-19589,17277
-19588,17278
-19587,17279
-19586,17280
-19585,17281
-19584,17282
-19583,17283
-19582,17284
-19581,17285
-19580,17286
-19579,17287
-19578,17288
-19577,17289
-19576,17290
-19575,17291
-19574,17292
-19573,17293
-19572,17294
-19571,17295
-19570,17296
-19569,17297
-19568,17298
-19567,17299
-19566,17300
-19565,17301
-19564,17302
-19563,17303
-19562,17304
-19561,17305
-19560,17306
-19559,17307
-19558,17308
-19557,17309
-19556,17310
-19555,17311
-19554,17312
-19553,17313
-19552,17314
-19551,17315
-19550,17316
-19549,17317
-19548,17318
-19547,17319
-19546,17320
-19545,17321
-19544,17322
-19543,17323
-19542,17324
-19541,17325
-19540,17326
-19539,17327
-19538,17328
-19537,17329
-19536,17330
-19535,17331
-19534,17332
-19533,17333
-19532,17334
-19531,17335
-19530,17336
-19529,17337
-19528,17338
-19527,17339
-19526,17340
-19525,17341
-19524,17342
-19523,17343
-19522,17344
-19521,17345
-19520,17346
-19519,17347
-19518,17348
-19517,17349
-19516,17350
-19515,17351
-19514,17352
-19513,17353
-19512,17354
-19511,17355
-19510,17356
-19509,17357
-19508,17358
-19507,17359
-19506,17360
-19505,17361
-19504,17362
-19503,17363
-19502,17364
-19501,17365
-19500,17366
-19499,17367
-19498,17368
-19497,17369
-19496,17370
-19495,17371
-19494,17372
-19493,17373
-19492,17374
-19491,17375
-19490,17376
-19489,17377
-19488,17378
-19487,17379
-19486,17380
-19485,17381
-19484,17382
-19483,17383
-19482,17384
-19481,17385
-19480,17386
-19479,17387
-19478,17388
-19477,17389
-19476,17390
-19475,17391
-19474,17392
-19473,17393
-19472,17394
-19471,17395
-19470,17396
-19469,17397
-19468,17398
-19467,17399
-19466,17400
-19465,17401
-19464,17402
-19463,17403
-19462,17404
-19461,17405
-19460,17406
-19459,17407
-19458,17408
-19457,17409
-19456,17410
-19455,17411
-19454,17412
-19453,17413
-19452,17414
-19451,17415
-19450,17416
-19449,17417
-19448,17418
-19447,17419
-19446,17420
-19445,17421
-19444,17422
-19443,17423
-19442,17424
-19441,17425
-19440,17426
-19439,17427
-19438,17428
-19437,17429
-19436,17430
-19435,17431
-19434,17432
-19433,17433
-19432,17434
-19431,17435
-19430,17436
-19429,17437
-19428,17438
-19427,17439
-19426,17440
-19425,17441
-19424,17442
-19423,17443
-19422,17444
-19421,17445
-19420,17446
-19419,17447
-19418,17448
-19417,17449
-19416,17450
-19415,17451
-19414,17452
-19413,17453
-19412,17454
-19411,17455
-19410,17456
-19409,17457
-19408,17458
-19407,17459
-19406,17460
-19405,17461
-19404,17462
-19403,17463
-19402,17464
-19401,17465
-19400,17466
-19399,17467
-19398,17468
-19397,17469
-19396,17470
-19395,17471
-19394,17472
-19393,17473
-19392,17474
-19391,17475
-19390,17476
-19389,17477
-19388,17478
-19387,17479
-19386,17480
-19385,17481
-19384,17482
-19383,17483
-19382,17484
-19381,17485
-19380,17486
-19379,17487
-19378,17488
-19377,17489
-19376,17490
-19375,17491
-19374,17492
-19373,17493
-19372,17494
-19371,17495
-19370,17496
-19369,17497
-19368,17498
-19367,17499
-19366,17500
-19365,17501
-19364,17502
-19363,17503
-19362,17504
-19361,17505
-19360,17506
-19359,17507
-19358,17508
-19357,17509
-19356,17510
-19355,17511
-19354,17512
-19353,17513
-19352,17514
-19351,17515
-19350,17516
-19349,17517
-19348,17518
-19347,17519
-19346,17520
-19345,17521
-19344,17522
-19343,17523
-19342,17524
-19341,17525
-19340,17526
-19339,17527
-19338,17528
-19337,17529
-19336,17530
-19335,17531
-19334,17532
-19333,17533
-19332,17534
-19331,17535
-19330,17536
-19329,17537
-19328,17538
-19327,17539
-19326,17540
-19325,17541
-19324,17542
-19323,17543
-19322,17544
-19321,17545
-19320,17546
-19319,17547
-19318,17548
-19317,17549
-19316,17550
-19315,17551
-19314,17552
-19313,17553
-19312,17554
-19311,17555
-19310,17556
-19309,17557
-19308,17558
-19307,17559
-19306,17560
-19305,17561
-19304,17562
-19303,17563
-19302,17564
-19301,17565
-19300,17566
-19299,17567
-19298,17568
-19297,17569
-19296,17570
-19295,17571
-19294,17572
-19293,17573
-19292,17574
-19291,17575
-19290,17576
-19289,17577
-19288,17578
-19287,17579
-19286,17580
-19285,17581
-19284,17582
-19283,17583
-19282,17584
-19281,17585
-19280,17586
-19279,17587
-19278,17588
-19277,17589
-19276,17590
-19275,17591
-19274,17592
-19273,17593
-19272,17594
-19271,17595
-19270,17596
-19269,17597
-19268,17598
-19267,17599
-19266,17600
-19265,17601
-19264,17602
-19263,17603
-19262,17604
-19261,17605
-19260,17606
-19259,17607
-19258,17608
-19257,17609
-19256,17610
-19255,17611
-19254,17612
-19253,17613
-19252,17614
-19251,17615
-19250,17616
-19249,17617
-19248,17618
-19247,17619
-19246,17620
-19245,17621
-19244,17622
-19243,17623
-19242,17624
-19241,17625
-19240,17626
-19239,17627
-19238,17628
-19237,17629
-19236,17630
-19235,17631
-19234,17632
-19233,17633
-19232,17634
-19231,17635
-19230,17636
-19229,17637
-19228,17638
-19227,17639
-19226,17640
-19225,17641
-19224,17642
-19223,17643
-19222,17644
-19221,17645
-19220,17646
-19219,17647
-19218,17648
-19217,17649
-19216,17650
-19215,17651
-19214,17652
-19213,17653
-19212,17654
-19211,17655
-19210,17656
-19209,17657
-19208,17658
-19207,17659
-19206,17660
-19205,17661
-19204,17662
-19203,17663
-19202,17664
-19201,17665
-19200,17666
-19199,17667
-19198,17668
-19197,17669
-19196,17670
-19195,17671
-19194,17672
-19193,17673
-19192,17674
-19191,17675
-19190,17676
-19189,17677
-19188,17678
-19187,17679
-19186,17680
-19185,17681
-19184,17682
-19183,17683
-19182,17684
-19181,17685
-19180,17686
-19179,17687
-19178,17688
-19177,17689
-19176,17690
-19175,17691
-19174,17692
-19173,17693
-19172,17694
-19171,17695
-19170,17696
-19169,17697
-19168,17698
-19167,17699
-19166,17700
-19165,17701
-19164,17702
-19163,17703
-19162,17704
-19161,17705
-19160,17706
-19159,17707
-19158,17708
-19157,17709
-19156,17710
-19155,17711
-19154,17712
-19153,17713
-19152,17714
-19151,17715
-19150,17716
-19149,17717
-19148,17718
-19147,17719
-19146,17720
-19145,17721
-19144,17722
-19143,17723
-19142,17724
-19141,17725
-19140,17726
-19139,17727
-19138,17728
-19137,17729
-19136,17730
-19135,17731
-19134,17732
-19133,17733
-19132,17734
-19131,17735
-19130,17736
-19129,17737
-19128,17738
-19127,17739
-19126,17740
-19125,17741
-19124,17742
-19123,17743
-19122,17744
-19121,17745
-19120,17746
-19119,17747
-19118,17748
-19117,17749
-19116,17750
-19115,17751
-19114,17752
-19113,17753
-19112,17754
-19111,17755
-19110,17756
-19109,17757
-19108,17758
-19107,17759
-19106,17760
-19105,17761
-19104,17762
-19103,17763
-19102,17764
-19101,17765
-19100,17766
-19099,17767
-19098,17768
-19097,17769
-19096,17770
-19095,17771
-19094,17772
-19093,17773
-19092,17774
-19091,17775
-19090,17776
-19089,17777
-19088,17778
-19087,17779
-19086,17780
-19085,17781
-19084,17782
-19083,17783
-19082,17784
-19081,17785
-19080,17786
-19079,17787
-19078,17788
-19077,17789
-19076,17790
-19075,17791
-19074,17792
-19073,17793
-19072,17794
-19071,17795
-19070,17796
-19069,17797
-19068,17798
-19067,17799
-19066,17800
-19065,17801
-19064,17802
-19063,17803
-19062,17804
-19061,17805
-19060,17806
-19059,17807
-19058,17808
-19057,17809
-19056,17810
-19055,17811
-19054,17812
-19053,17813
-19052,17814
-19051,17815
-19050,17816
-19049,17817
-19048,17818
-19047,17819
-19046,17820
-19045,17821
-19044,17822
-19043,17823
-19042,17824
-19041,17825
-19040,17826
-19039,17827
-19038,17828
-19037,17829
-19036,17830
-19035,17831
-19034,17832
-19033,17833
-19032,17834
-19031,17835
-19030,17836
-19029,17837
-19028,17838
-19027,17839
-19026,17840
-19025,17841
-19024,17842
-19023,17843
-19022,17844
-19021,17845
-19020,17846
-19019,17847
-19018,17848
-19017,17849
-19016,17850
-19015,17851
-19014,17852
-19013,17853
-19012,17854
-19011,17855
-19010,17856
-19009,17857
-19008,17858
-19007,17859
-19006,17860
-19005,17861
-19004,17862
-19003,17863
-19002,17864
-19001,17865
-19000,17866
-18999,17867
-18998,17868
-18997,17869
-18996,17870
-18995,17871
-18994,17872
-18993,17873
-18992,17874
-18991,17875
-18990,17876
-18989,17877
-18988,17878
-18987,17879
-18986,17880
-18985,17881
-18984,17882
-18983,17883
-18982,17884
-18981,17885
-18980,17886
-18979,17887
-18978,17888
-18977,17889
-18976,17890
-18975,17891
-18974,17892
-18973,17893
-18972,17894
-18971,17895
-18970,17896
-18969,17897
-18968,17898
-18967,17899
-18966,17900
-18965,17901
-18964,17902
-18963,17903
-18962,17904
-18961,17905
-18960,17906
-18959,17907
-18958,17908
-18957,17909
-18956,17910
-18955,17911
-18954,17912
-18953,17913
-18952,17914
-18951,17915
-18950,17916
-18949,17917
-18948,17918
-18947,17919
-18946,17920
-18945,17921
-18944,17922
-18943,17923
-18942,17924
-18941,17925
-18940,17926
-18939,17927
-18938,17928
-18937,17929
-18936,17930
-18935,17931
-18934,17932
-18933,17933
-18932,17934
-18931,17935
-18930,17936
-18929,17937
-18928,17938
-18927,17939
-18926,17940
-18925,17941
-18924,17942
-18923,17943
-18922,17944
-18921,17945
-18920,17946
-18919,17947
-18918,17948
-18917,17949
-18916,17950
-18915,17951
-18914,17952
-18913,17953
-18912,17954
-18911,17955
-18910,17956
-18909,17957
-18908,17958
-18907,17959
-18906,17960
-18905,17961
-18904,17962
-18903,17963
-18902,17964
-18901,17965
-18900,17966
-18899,17967
-18898,17968
-18897,17969
-18896,17970
-18895,17971
-18894,17972
-18893,17973
-18892,17974
-18891,17975
-18890,17976
-18889,17977
-18888,17978
-18887,17979
-18886,17980
-18885,17981
-18884,17982
-18883,17983
-18882,17984
-18881,17985
-18880,17986
-18879,17987
-18878,17988
-18877,17989
-18876,17990
-18875,17991
-18874,17992
-18873,17993
-18872,17994
-18871,17995
-18870,17996
-18869,17997
-18868,17998
-18867,17999
-18866,18000
-18865,18001
-18864,18002
-18863,18003
-18862,18004
-18861,18005
-18860,18006
-18859,18007
-18858,18008
-18857,18009
-18856,18010
-18855,18011
-18854,18012
-18853,18013
-18852,18014
-18851,18015
-18850,18016
-18849,18017
-18848,18018
-18847,18019
-18846,18020
-18845,18021
-18844,18022
-18843,18023
-18842,18024
-18841,18025
-18840,18026
-18839,18027
-18838,18028
-18837,18029
-18836,18030
-18835,18031
-18834,18032
-18833,18033
-18832,18034
-18831,18035
-18830,18036
-18829,18037
-18828,18038
-18827,18039
-18826,18040
-18825,18041
-18824,18042
-18823,18043
-18822,18044
-18821,18045
-18820,18046
-18819,18047
-18818,18048
-18817,18049
-18816,18050
-18815,18051
-18814,18052
-18813,18053
-18812,18054
-18811,18055
-18810,18056
-18809,18057
-18808,18058
-18807,18059
-18806,18060
-18805,18061
-18804,18062
-18803,18063
-18802,18064
-18801,18065
-18800,18066
-18799,18067
-18798,18068
-18797,18069
-18796,18070
-18795,18071
-18794,18072
-18793,18073
-18792,18074
-18791,18075
-18790,18076
-18789,18077
-18788,18078
-18787,18079
-18786,18080
-18785,18081
-18784,18082
-18783,18083
-18782,18084
-18781,18085
-18780,18086
-18779,18087
-18778,18088
-18777,18089
-18776,18090
-18775,18091
-18774,18092
-18773,18093
-18772,18094
-18771,18095
-18770,18096
-18769,18097
-18768,18098
-18767,18099
-18766,18100
-18765,18101
-18764,18102
-18763,18103
-18762,18104
-18761,18105
-18760,18106
-18759,18107
-18758,18108
-18757,18109
-18756,18110
-18755,18111
-18754,18112
-18753,18113
-18752,18114
-18751,18115
-18750,18116
-18749,18117
-18748,18118
-18747,18119
-18746,18120
-18745,18121
-18744,18122
-18743,18123
-18742,18124
-18741,18125
-18740,18126
-18739,18127
-18738,18128
-18737,18129
-18736,18130
-18735,18131
-18734,18132
-18733,18133
-18732,18134
-18731,18135
-18730,18136
-18729,18137
-18728,18138
-18727,18139
-18726,18140
-18725,18141
-18724,18142
-18723,18143
-18722,18144
-18721,18145
-18720,18146
-18719,18147
-18718,18148
-18717,18149
-18716,18150
-18715,18151
-18714,18152
-18713,18153
-18712,18154
-18711,18155
-18710,18156
-18709,18157
-18708,18158
-18707,18159
-18706,18160
-18705,18161
-18704,18162
-18703,18163
-18702,18164
-18701,18165
-18700,18166
-18699,18167
-18698,18168
-18697,18169
-18696,18170
-18695,18171
-18694,18172
-18693,18173
-18692,18174
-18691,18175
-18690,18176
-18689,18177
-18688,18178
-18687,18179
-18686,18180
-18685,18181
-18684,18182
-18683,18183
-18682,18184
-18681,18185
-18680,18186
-18679,18187
-18678,18188
-18677,18189
-18676,18190
-18675,18191
-18674,18192
-18673,18193
-18672,18194
-18671,18195
-18670,18196
-18669,18197
-18668,18198
-18667,18199
-18666,18200
-18665,18201
-18664,18202
-18663,18203
-18662,18204
-18661,18205
-18660,18206
-18659,18207
-18658,18208
-18657,18209
-18656,18210
-18655,18211
-18654,18212
-18653,18213
-18652,18214
-18651,18215
-18650,18216
-18649,18217
-18648,18218
-18647,18219
-18646,18220
-18645,18221
-18644,18222
-18643,18223
-18642,18224
-18641,18225
-18640,18226
-18639,18227
-18638,18228
-18637,18229
-18636,18230
-18635,18231
-18634,18232
-18633,18233
-18632,18234
-18631,18235
-18630,18236
-18629,18237
-18628,18238
-18627,18239
-18626,18240
-18625,18241
-18624,18242
-18623,18243
-18622,18244
-18621,18245
-18620,18246
-18619,18247
-18618,18248
-18617,18249
-18616,18250
-18615,18251
-18614,18252
-18613,18253
-18612,18254
-18611,18255
-18610,18256
-18609,18257
-18608,18258
-18607,18259
-18606,18260
-18605,18261
-18604,18262
-18603,18263
-18602,18264
-18601,18265
-18600,18266
-18599,18267
-18598,18268
-18597,18269
-18596,18270
-18595,18271
-18594,18272
-18593,18273
-18592,18274
-18591,18275
-18590,18276
-18589,18277
-18588,18278
-18587,18279
-18586,18280
-18585,18281
-18584,18282
-18583,18283
-18582,18284
-18581,18285
-18580,18286
-18579,18287
-18578,18288
-18577,18289
-18576,18290
-18575,18291
-18574,18292
-18573,18293
-18572,18294
-18571,18295
-18570,18296
-18569,18297
-18568,18298
-18567,18299
-18566,18300
-18565,18301
-18564,18302
-18563,18303
-18562,18304
-18561,18305
-18560,18306
-18559,18307
-18558,18308
-18557,18309
-18556,18310
-18555,18311
-18554,18312
-18553,18313
-18552,18314
-18551,18315
-18550,18316
-18549,18317
-18548,18318
-18547,18319
-18546,18320
-18545,18321
-18544,18322
-18543,18323
-18542,18324
-18541,18325
-18540,18326
-18539,18327
-18538,18328
-18537,18329
-18536,18330
-18535,18331
-18534,18332
-18533,18333
-18532,18334
-18531,18335
-18530,18336
-18529,18337
-18528,18338
-18527,18339
-18526,18340
-18525,18341
-18524,18342
-18523,18343
-18522,18344
-18521,18345
-18520,18346
-18519,18347
-18518,18348
-18517,18349
-18516,18350
-18515,18351
-18514,18352
-18513,18353
-18512,18354
-18511,18355
-18510,18356
-18509,18357
-18508,18358
-18507,18359
-18506,18360
-18505,18361
-18504,18362
-18503,18363
-18502,18364
-18501,18365
-18500,18366
-18499,18367
-18498,18368
-18497,18369
-18496,18370
-18495,18371
-18494,18372
-18493,18373
-18492,18374
-18491,18375
-18490,18376
-18489,18377
-18488,18378
-18487,18379
-18486,18380
-18485,18381
-18484,18382
-18483,18383
-18482,18384
-18481,18385
-18480,18386
-18479,18387
-18478,18388
-18477,18389
-18476,18390
-18475,18391
-18474,18392
-18473,18393
-18472,18394
-18471,18395
-18470,18396
-18469,18397
-18468,18398
-18467,18399
-18466,18400
-18465,18401
-18464,18402
-18463,18403
-18462,18404
-18461,18405
-18460,18406
-18459,18407
-18458,18408
-18457,18409
-18456,18410
-18455,18411
-18454,18412
-18453,18413
-18452,18414
-18451,18415
-18450,18416
-18449,18417
-18448,18418
-18447,18419
-18446,18420
-18445,18421
-18444,18422
-18443,18423
-18442,18424
-18441,18425
-18440,18426
-18439,18427
-18438,18428
-18437,18429
-18436,18430
-18435,18431
-18434,18432
-18433,0
-18432,1
-18431,2
-18430,3
-18429,4
-18428,5
-18427,6
-18426,7
-18425,8
-18424,9
-18423,10
-18422,11
-18421,12
-18420,13
-18419,14
-18418,15
-18417,16
-18416,17
-18415,18
-18414,19
-18413,20
-18412,21
-18411,22
-18410,23
-18409,24
-18408,25
-18407,26
-18406,27
-18405,28
-18404,29
-18403,30
-18402,31
-18401,32
-18400,33
-18399,34
-18398,35
-18397,36
-18396,37
-18395,38
-18394,39
-18393,40
-18392,41
-18391,42
-18390,43
-18389,44
-18388,45
-18387,46
-18386,47
-18385,48
-18384,49
-18383,50
-18382,51
-18381,52
-18380,53
-18379,54
-18378,55
-18377,56
-18376,57
-18375,58
-18374,59
-18373,60
-18372,61
-18371,62
-18370,63
-18369,64
-18368,65
-18367,66
-18366,67
-18365,68
-18364,69
-18363,70
-18362,71
-18361,72
-18360,73
-18359,74
-18358,75
-18357,76
-18356,77
-18355,78
-18354,79
-18353,80
-18352,81
-18351,82
-18350,83
-18349,84
-18348,85
-18347,86
-18346,87
-18345,88
-18344,89
-18343,90
-18342,91
-18341,92
-18340,93
-18339,94
-18338,95
-18337,96
-18336,97
-18335,98
-18334,99
-18333,100
-18332,101
-18331,102
-18330,103
-18329,104
-18328,105
-18327,106
-18326,107
-18325,108
-18324,109
-18323,110
-18322,111
-18321,112
-18320,113
-18319,114
-18318,115
-18317,116
-18316,117
-18315,118
-18314,119
-18313,120
-18312,121
-18311,122
-18310,123
-18309,124
-18308,125
-18307,126
-18306,127
-18305,128
-18304,129
-18303,130
-18302,131
-18301,132
-18300,133
-18299,134
-18298,135
-18297,136
-18296,137
-18295,138
-18294,139
-18293,140
-18292,141
-18291,142
-18290,143
-18289,144
-18288,145
-18287,146
-18286,147
-18285,148
-18284,149
-18283,150
-18282,151
-18281,152
-18280,153
-18279,154
-18278,155
-18277,156
-18276,157
-18275,158
-18274,159
-18273,160
-18272,161
-18271,162
-18270,163
-18269,164
-18268,165
-18267,166
-18266,167
-18265,168
-18264,169
-18263,170
-18262,171
-18261,172
-18260,173
-18259,174
-18258,175
-18257,176
-18256,177
-18255,178
-18254,179
-18253,180
-18252,181
-18251,182
-18250,183
-18249,184
-18248,185
-18247,186
-18246,187
-18245,188
-18244,189
-18243,190
-18242,191
-18241,192
-18240,193
-18239,194
-18238,195
-18237,196
-18236,197
-18235,198
-18234,199
-18233,200
-18232,201
-18231,202
-18230,203
-18229,204
-18228,205
-18227,206
-18226,207
-18225,208
-18224,209
-18223,210
-18222,211
-18221,212
-18220,213
-18219,214
-18218,215
-18217,216
-18216,217
-18215,218
-18214,219
-18213,220
-18212,221
-18211,222
-18210,223
-18209,224
-18208,225
-18207,226
-18206,227
-18205,228
-18204,229
-18203,230
-18202,231
-18201,232
-18200,233
-18199,234
-18198,235
-18197,236
-18196,237
-18195,238
-18194,239
-18193,240
-18192,241
-18191,242
-18190,243
-18189,244
-18188,245
-18187,246
-18186,247
-18185,248
-18184,249
-18183,250
-18182,251
-18181,252
-18180,253
-18179,254
-18178,255
-18177,256
-18176,257
-18175,258
-18174,259
-18173,260
-18172,261
-18171,262
-18170,263
-18169,264
-18168,265
-18167,266
-18166,267
-18165,268
-18164,269
-18163,270
-18162,271
-18161,272
-18160,273
-18159,274
-18158,275
-18157,276
-18156,277
-18155,278
-18154,279
-18153,280
-18152,281
-18151,282
-18150,283
-18149,284
-18148,285
-18147,286
-18146,287
-18145,288
-18144,289
-18143,290
-18142,291
-18141,292
-18140,293
-18139,294
-18138,295
-18137,296
-18136,297
-18135,298
-18134,299
-18133,300
-18132,301
-18131,302
-18130,303
-18129,304
-18128,305
-18127,306
-18126,307
-18125,308
-18124,309
-18123,310
-18122,311
-18121,312
-18120,313
-18119,314
-18118,315
-18117,316
-18116,317
-18115,318
-18114,319
-18113,320
-18112,321
-18111,322
-18110,323
-18109,324
-18108,325
-18107,326
-18106,327
-18105,328
-18104,329
-18103,330
-18102,331
-18101,332
-18100,333
-18099,334
-18098,335
-18097,336
-18096,337
-18095,338
-18094,339
-18093,340
-18092,341
-18091,342
-18090,343
-18089,344
-18088,345
-18087,346
-18086,347
-18085,348
-18084,349
-18083,350
-18082,351
-18081,352
-18080,353
-18079,354
-18078,355
-18077,356
-18076,357
-18075,358
-18074,359
-18073,360
-18072,361
-18071,362
-18070,363
-18069,364
-18068,365
-18067,366
-18066,367
-18065,368
-18064,369
-18063,370
-18062,371
-18061,372
-18060,373
-18059,374
-18058,375
-18057,376
-18056,377
-18055,378
-18054,379
-18053,380
-18052,381
-18051,382
-18050,383
-18049,384
-18048,385
-18047,386
-18046,387
-18045,388
-18044,389
-18043,390
-18042,391
-18041,392
-18040,393
-18039,394
-18038,395
-18037,396
-18036,397
-18035,398
-18034,399
-18033,400
-18032,401
-18031,402
-18030,403
-18029,404
-18028,405
-18027,406
-18026,407
-18025,408
-18024,409
-18023,410
-18022,411
-18021,412
-18020,413
-18019,414
-18018,415
-18017,416
-18016,417
-18015,418
-18014,419
-18013,420
-18012,421
-18011,422
-18010,423
-18009,424
-18008,425
-18007,426
-18006,427
-18005,428
-18004,429
-18003,430
-18002,431
-18001,432
-18000,433
-17999,434
-17998,435
-17997,436
-17996,437
-17995,438
-17994,439
-17993,440
-17992,441
-17991,442
-17990,443
-17989,444
-17988,445
-17987,446
-17986,447
-17985,448
-17984,449
-17983,450
-17982,451
-17981,452
-17980,453
-17979,454
-17978,455
-17977,456
-17976,457
-17975,458
-17974,459
-17973,460
-17972,461
-17971,462
-17970,463
-17969,464
-17968,465
-17967,466
-17966,467
-17965,468
-17964,469
-17963,470
-17962,471
-17961,472
-17960,473
-17959,474
-17958,475
-17957,476
-17956,477
-17955,478
-17954,479
-17953,480
-17952,481
-17951,482
-17950,483
-17949,484
-17948,485
-17947,486
-17946,487
-17945,488
-17944,489
-17943,490
-17942,491
-17941,492
-17940,493
-17939,494
-17938,495
-17937,496
-17936,497
-17935,498
-17934,499
-17933,500
-17932,501
-17931,502
-17930,503
-17929,504
-17928,505
-17927,506
-17926,507
-17925,508
-17924,509
-17923,510
-17922,511
-17921,512
-17920,513
-17919,514
-17918,515
-17917,516
-17916,517
-17915,518
-17914,519
-17913,520
-17912,521
-17911,522
-17910,523
-17909,524
-17908,525
-17907,526
-17906,527
-17905,528
-17904,529
-17903,530
-17902,531
-17901,532
-17900,533
-17899,534
-17898,535
-17897,536
-17896,537
-17895,538
-17894,539
-17893,540
-17892,541
-17891,542
-17890,543
-17889,544
-17888,545
-17887,546
-17886,547
-17885,548
-17884,549
-17883,550
-17882,551
-17881,552
-17880,553
-17879,554
-17878,555
-17877,556
-17876,557
-17875,558
-17874,559
-17873,560
-17872,561
-17871,562
-17870,563
-17869,564
-17868,565
-17867,566
-17866,567
-17865,568
-17864,569
-17863,570
-17862,571
-17861,572
-17860,573
-17859,574
-17858,575
-17857,576
-17856,577
-17855,578
-17854,579
-17853,580
-17852,581
-17851,582
-17850,583
-17849,584
-17848,585
-17847,586
-17846,587
-17845,588
-17844,589
-17843,590
-17842,591
-17841,592
-17840,593
-17839,594
-17838,595
-17837,596
-17836,597
-17835,598
-17834,599
-17833,600
-17832,601
-17831,602
-17830,603
-17829,604
-17828,605
-17827,606
-17826,607
-17825,608
-17824,609
-17823,610
-17822,611
-17821,612
-17820,613
-17819,614
-17818,615
-17817,616
-17816,617
-17815,618
-17814,619
-17813,620
-17812,621
-17811,622
-17810,623
-17809,624
-17808,625
-17807,626
-17806,627
-17805,628
-17804,629
-17803,630
-17802,631
-17801,632
-17800,633
-17799,634
-17798,635
-17797,636
-17796,637
-17795,638
-17794,639
-17793,640
-17792,641
-17791,642
-17790,643
-17789,644
-17788,645
-17787,646
-17786,647
-17785,648
-17784,649
-17783,650
-17782,651
-17781,652
-17780,653
-17779,654
-17778,655
-17777,656
-17776,657
-17775,658
-17774,659
-17773,660
-17772,661
-17771,662
-17770,663
-17769,664
-17768,665
-17767,666
-17766,667
-17765,668
-17764,669
-17763,670
-17762,671
-17761,672
-17760,673
-17759,674
-17758,675
-17757,676
-17756,677
-17755,678
-17754,679
-17753,680
-17752,681
-17751,682
-17750,683
-17749,684
-17748,685
-17747,686
-17746,687
-17745,688
-17744,689
-17743,690
-17742,691
-17741,692
-17740,693
-17739,694
-17738,695
-17737,696
-17736,697
-17735,698
-17734,699
-17733,700
-17732,701
-17731,702
-17730,703
-17729,704
-17728,705
-17727,706
-17726,707
-17725,708
-17724,709
-17723,710
-17722,711
-17721,712
-17720,713
-17719,714
-17718,715
-17717,716
-17716,717
-17715,718
-17714,719
-17713,720
-17712,721
-17711,722
-17710,723
-17709,724
-17708,725
-17707,726
-17706,727
-17705,728
-17704,729
-17703,730
-17702,731
-17701,732
-17700,733
-17699,734
-17698,735
-17697,736
-17696,737
-17695,738
-17694,739
-17693,740
-17692,741
-17691,742
-17690,743
-17689,744
-17688,745
-17687,746
-17686,747
-17685,748
-17684,749
-17683,750
-17682,751
-17681,752
-17680,753
-17679,754
-17678,755
-17677,756
-17676,757
-17675,758
-17674,759
-17673,760
-17672,761
-17671,762
-17670,763
-17669,764
-17668,765
-17667,766
-17666,767
-17665,768
-17664,769
-17663,770
-17662,771
-17661,772
-17660,773
-17659,774
-17658,775
-17657,776
-17656,777
-17655,778
-17654,779
-17653,780
-17652,781
-17651,782
-17650,783
-17649,784
-17648,785
-17647,786
-17646,787
-17645,788
-17644,789
-17643,790
-17642,791
-17641,792
-17640,793
-17639,794
-17638,795
-17637,796
-17636,797
-17635,798
-17634,799
-17633,800
-17632,801
-17631,802
-17630,803
-17629,804
-17628,805
-17627,806
-17626,807
-17625,808
-17624,809
-17623,810
-17622,811
-17621,812
-17620,813
-17619,814
-17618,815
-17617,816
-17616,817
-17615,818
-17614,819
-17613,820
-17612,821
-17611,822
-17610,823
-17609,824
-17608,825
-17607,826
-17606,827
-17605,828
-17604,829
-17603,830
-17602,831
-17601,832
-17600,833
-17599,834
-17598,835
-17597,836
-17596,837
-17595,838
-17594,839
-17593,840
-17592,841
-17591,842
-17590,843
-17589,844
-17588,845
-17587,846
-17586,847
-17585,848
-17584,849
-17583,850
-17582,851
-17581,852
-17580,853
-17579,854
-17578,855
-17577,856
-17576,857
-17575,858
-17574,859
-17573,860
-17572,861
-17571,862
-17570,863
-17569,864
-17568,865
-17567,866
-17566,867
-17565,868
-17564,869
-17563,870
-17562,871
-17561,872
-17560,873
-17559,874
-17558,875
-17557,876
-17556,877
-17555,878
-17554,879
-17553,880
-17552,881
-17551,882
-17550,883
-17549,884
-17548,885
-17547,886
-17546,887
-17545,888
-17544,889
-17543,890
-17542,891
-17541,892
-17540,893
-17539,894
-17538,895
-17537,896
-17536,897
-17535,898
-17534,899
-17533,900
-17532,901
-17531,902
-17530,903
-17529,904
-17528,905
-17527,906
-17526,907
-17525,908
-17524,909
-17523,910
-17522,911
-17521,912
-17520,913
-17519,914
-17518,915
-17517,916
-17516,917
-17515,918
-17514,919
-17513,920
-17512,921
-17511,922
-17510,923
-17509,924
-17508,925
-17507,926
-17506,927
-17505,928
-17504,929
-17503,930
-17502,931
-17501,932
-17500,933
-17499,934
-17498,935
-17497,936
-17496,937
-17495,938
-17494,939
-17493,940
-17492,941
-17491,942
-17490,943
-17489,944
-17488,945
-17487,946
-17486,947
-17485,948
-17484,949
-17483,950
-17482,951
-17481,952
-17480,953
-17479,954
-17478,955
-17477,956
-17476,957
-17475,958
-17474,959
-17473,960
-17472,961
-17471,962
-17470,963
-17469,964
-17468,965
-17467,966
-17466,967
-17465,968
-17464,969
-17463,970
-17462,971
-17461,972
-17460,973
-17459,974
-17458,975
-17457,976
-17456,977
-17455,978
-17454,979
-17453,980
-17452,981
-17451,982
-17450,983
-17449,984
-17448,985
-17447,986
-17446,987
-17445,988
-17444,989
-17443,990
-17442,991
-17441,992
-17440,993
-17439,994
-17438,995
-17437,996
-17436,997
-17435,998
-17434,999
-17433,1000
-17432,1001
-17431,1002
-17430,1003
-17429,1004
-17428,1005
-17427,1006
-17426,1007
-17425,1008
-17424,1009
-17423,1010
-17422,1011
-17421,1012
-17420,1013
-17419,1014
-17418,1015
-17417,1016
-17416,1017
-17415,1018
-17414,1019
-17413,1020
-17412,1021
-17411,1022
-17410,1023
-17409,1024
-17408,1025
-17407,1026
-17406,1027
-17405,1028
-17404,1029
-17403,1030
-17402,1031
-17401,1032
-17400,1033
-17399,1034
-17398,1035
-17397,1036
-17396,1037
-17395,1038
-17394,1039
-17393,1040
-17392,1041
-17391,1042
-17390,1043
-17389,1044
-17388,1045
-17387,1046
-17386,1047
-17385,1048
-17384,1049
-17383,1050
-17382,1051
-17381,1052
-17380,1053
-17379,1054
-17378,1055
-17377,1056
-17376,1057
-17375,1058
-17374,1059
-17373,1060
-17372,1061
-17371,1062
-17370,1063
-17369,1064
-17368,1065
-17367,1066
-17366,1067
-17365,1068
-17364,1069
-17363,1070
-17362,1071
-17361,1072
-17360,1073
-17359,1074
-17358,1075
-17357,1076
-17356,1077
-17355,1078
-17354,1079
-17353,1080
-17352,1081
-17351,1082
-17350,1083
-17349,1084
-17348,1085
-17347,1086
-17346,1087
-17345,1088
-17344,1089
-17343,1090
-17342,1091
-17341,1092
-17340,1093
-17339,1094
-17338,1095
-17337,1096
-17336,1097
-17335,1098
-17334,1099
-17333,1100
-17332,1101
-17331,1102
-17330,1103
-17329,1104
-17328,1105
-17327,1106
-17326,1107
-17325,1108
-17324,1109
-17323,1110
-17322,1111
-17321,1112
-17320,1113
-17319,1114
-17318,1115
-17317,1116
-17316,1117
-17315,1118
-17314,1119
-17313,1120
-17312,1121
-17311,1122
-17310,1123
-17309,1124
-17308,1125
-17307,1126
-17306,1127
-17305,1128
-17304,1129
-17303,1130
-17302,1131
-17301,1132
-17300,1133
-17299,1134
-17298,1135
-17297,1136
-17296,1137
-17295,1138
-17294,1139
-17293,1140
-17292,1141
-17291,1142
-17290,1143
-17289,1144
-17288,1145
-17287,1146
-17286,1147
-17285,1148
-17284,1149
-17283,1150
-17282,1151
-17281,1152
-17280,1153
-17279,1154
-17278,1155
-17277,1156
-17276,1157
-17275,1158
-17274,1159
-17273,1160
-17272,1161
-17271,1162
-17270,1163
-17269,1164
-17268,1165
-17267,1166
-17266,1167
-17265,1168
-17264,1169
-17263,1170
-17262,1171
-17261,1172
-17260,1173
-17259,1174
-17258,1175
-17257,1176
-17256,1177
-17255,1178
-17254,1179
-17253,1180
-17252,1181
-17251,1182
-17250,1183
-17249,1184
-17248,1185
-17247,1186
-17246,1187
-17245,1188
-17244,1189
-17243,1190
-17242,1191
-17241,1192
-17240,1193
-17239,1194
-17238,1195
-17237,1196
-17236,1197
-17235,1198
-17234,1199
-17233,1200
-17232,1201
-17231,1202
-17230,1203
-17229,1204
-17228,1205
-17227,1206
-17226,1207
-17225,1208
-17224,1209
-17223,1210
-17222,1211
-17221,1212
-17220,1213
-17219,1214
-17218,1215
-17217,1216
-17216,1217
-17215,1218
-17214,1219
-17213,1220
-17212,1221
-17211,1222
-17210,1223
-17209,1224
-17208,1225
-17207,1226
-17206,1227
-17205,1228
-17204,1229
-17203,1230
-17202,1231
-17201,1232
-17200,1233
-17199,1234
-17198,1235
-17197,1236
-17196,1237
-17195,1238
-17194,1239
-17193,1240
-17192,1241
-17191,1242
-17190,1243
-17189,1244
-17188,1245
-17187,1246
-17186,1247
-17185,1248
-17184,1249
-17183,1250
-17182,1251
-17181,1252
-17180,1253
-17179,1254
-17178,1255
-17177,1256
-17176,1257
-17175,1258
-17174,1259
-17173,1260
-17172,1261
-17171,1262
-17170,1263
-17169,1264
-17168,1265
-17167,1266
-17166,1267
-17165,1268
-17164,1269
-17163,1270
-17162,1271
-17161,1272
-17160,1273
-17159,1274
-17158,1275
-17157,1276
-17156,1277
-17155,1278
-17154,1279
-17153,1280
-17152,1281
-17151,1282
-17150,1283
-17149,1284
-17148,1285
-17147,1286
-17146,1287
-17145,1288
-17144,1289
-17143,1290
-17142,1291
-17141,1292
-17140,1293
-17139,1294
-17138,1295
-17137,1296
-17136,1297
-17135,1298
-17134,1299
-17133,1300
-17132,1301
-17131,1302
-17130,1303
-17129,1304
-17128,1305
-17127,1306
-17126,1307
-17125,1308
-17124,1309
-17123,1310
-17122,1311
-17121,1312
-17120,1313
-17119,1314
-17118,1315
-17117,1316
-17116,1317
-17115,1318
-17114,1319
-17113,1320
-17112,1321
-17111,1322
-17110,1323
-17109,1324
-17108,1325
-17107,1326
-17106,1327
-17105,1328
-17104,1329
-17103,1330
-17102,1331
-17101,1332
-17100,1333
-17099,1334
-17098,1335
-17097,1336
-17096,1337
-17095,1338
-17094,1339
-17093,1340
-17092,1341
-17091,1342
-17090,1343
-17089,1344
-17088,1345
-17087,1346
-17086,1347
-17085,1348
-17084,1349
-17083,1350
-17082,1351
-17081,1352
-17080,1353
-17079,1354
-17078,1355
-17077,1356
-17076,1357
-17075,1358
-17074,1359
-17073,1360
-17072,1361
-17071,1362
-17070,1363
-17069,1364
-17068,1365
-17067,1366
-17066,1367
-17065,1368
-17064,1369
-17063,1370
-17062,1371
-17061,1372
-17060,1373
-17059,1374
-17058,1375
-17057,1376
-17056,1377
-17055,1378
-17054,1379
-17053,1380
-17052,1381
-17051,1382
-17050,1383
-17049,1384
-17048,1385
-17047,1386
-17046,1387
-17045,1388
-17044,1389
-17043,1390
-17042,1391
-17041,1392
-17040,1393
-17039,1394
-17038,1395
-17037,1396
-17036,1397
-17035,1398
-17034,1399
-17033,1400
-17032,1401
-17031,1402
-17030,1403
-17029,1404
-17028,1405
-17027,1406
-17026,1407
-17025,1408
-17024,1409
-17023,1410
-17022,1411
-17021,1412
-17020,1413
-17019,1414
-17018,1415
-17017,1416
-17016,1417
-17015,1418
-17014,1419
-17013,1420
-17012,1421
-17011,1422
-17010,1423
-17009,1424
-17008,1425
-17007,1426
-17006,1427
-17005,1428
-17004,1429
-17003,1430
-17002,1431
-17001,1432
-17000,1433
-16999,1434
-16998,1435
-16997,1436
-16996,1437
-16995,1438
-16994,1439
-16993,1440
-16992,1441
-16991,1442
-16990,1443
-16989,1444
-16988,1445
-16987,1446
-16986,1447
-16985,1448
-16984,1449
-16983,1450
-16982,1451
-16981,1452
-16980,1453
-16979,1454
-16978,1455
-16977,1456
-16976,1457
-16975,1458
-16974,1459
-16973,1460
-16972,1461
-16971,1462
-16970,1463
-16969,1464
-16968,1465
-16967,1466
-16966,1467
-16965,1468
-16964,1469
-16963,1470
-16962,1471
-16961,1472
-16960,1473
-16959,1474
-16958,1475
-16957,1476
-16956,1477
-16955,1478
-16954,1479
-16953,1480
-16952,1481
-16951,1482
-16950,1483
-16949,1484
-16948,1485
-16947,1486
-16946,1487
-16945,1488
-16944,1489
-16943,1490
-16942,1491
-16941,1492
-16940,1493
-16939,1494
-16938,1495
-16937,1496
-16936,1497
-16935,1498
-16934,1499
-16933,1500
-16932,1501
-16931,1502
-16930,1503
-16929,1504
-16928,1505
-16927,1506
-16926,1507
-16925,1508
-16924,1509
-16923,1510
-16922,1511
-16921,1512
-16920,1513
-16919,1514
-16918,1515
-16917,1516
-16916,1517
-16915,1518
-16914,1519
-16913,1520
-16912,1521
-16911,1522
-16910,1523
-16909,1524
-16908,1525
-16907,1526
-16906,1527
-16905,1528
-16904,1529
-16903,1530
-16902,1531
-16901,1532
-16900,1533
-16899,1534
-16898,1535
-16897,1536
-16896,1537
-16895,1538
-16894,1539
-16893,1540
-16892,1541
-16891,1542
-16890,1543
-16889,1544
-16888,1545
-16887,1546
-16886,1547
-16885,1548
-16884,1549
-16883,1550
-16882,1551
-16881,1552
-16880,1553
-16879,1554
-16878,1555
-16877,1556
-16876,1557
-16875,1558
-16874,1559
-16873,1560
-16872,1561
-16871,1562
-16870,1563
-16869,1564
-16868,1565
-16867,1566
-16866,1567
-16865,1568
-16864,1569
-16863,1570
-16862,1571
-16861,1572
-16860,1573
-16859,1574
-16858,1575
-16857,1576
-16856,1577
-16855,1578
-16854,1579
-16853,1580
-16852,1581
-16851,1582
-16850,1583
-16849,1584
-16848,1585
-16847,1586
-16846,1587
-16845,1588
-16844,1589
-16843,1590
-16842,1591
-16841,1592
-16840,1593
-16839,1594
-16838,1595
-16837,1596
-16836,1597
-16835,1598
-16834,1599
-16833,1600
-16832,1601
-16831,1602
-16830,1603
-16829,1604
-16828,1605
-16827,1606
-16826,1607
-16825,1608
-16824,1609
-16823,1610
-16822,1611
-16821,1612
-16820,1613
-16819,1614
-16818,1615
-16817,1616
-16816,1617
-16815,1618
-16814,1619
-16813,1620
-16812,1621
-16811,1622
-16810,1623
-16809,1624
-16808,1625
-16807,1626
-16806,1627
-16805,1628
-16804,1629
-16803,1630
-16802,1631
-16801,1632
-16800,1633
-16799,1634
-16798,1635
-16797,1636
-16796,1637
-16795,1638
-16794,1639
-16793,1640
-16792,1641
-16791,1642
-16790,1643
-16789,1644
-16788,1645
-16787,1646
-16786,1647
-16785,1648
-16784,1649
-16783,1650
-16782,1651
-16781,1652
-16780,1653
-16779,1654
-16778,1655
-16777,1656
-16776,1657
-16775,1658
-16774,1659
-16773,1660
-16772,1661
-16771,1662
-16770,1663
-16769,1664
-16768,1665
-16767,1666
-16766,1667
-16765,1668
-16764,1669
-16763,1670
-16762,1671
-16761,1672
-16760,1673
-16759,1674
-16758,1675
-16757,1676
-16756,1677
-16755,1678
-16754,1679
-16753,1680
-16752,1681
-16751,1682
-16750,1683
-16749,1684
-16748,1685
-16747,1686
-16746,1687
-16745,1688
-16744,1689
-16743,1690
-16742,1691
-16741,1692
-16740,1693
-16739,1694
-16738,1695
-16737,1696
-16736,1697
-16735,1698
-16734,1699
-16733,1700
-16732,1701
-16731,1702
-16730,1703
-16729,1704
-16728,1705
-16727,1706
-16726,1707
-16725,1708
-16724,1709
-16723,1710
-16722,1711
-16721,1712
-16720,1713
-16719,1714
-16718,1715
-16717,1716
-16716,1717
-16715,1718
-16714,1719
-16713,1720
-16712,1721
-16711,1722
-16710,1723
-16709,1724
-16708,1725
-16707,1726
-16706,1727
-16705,1728
-16704,1729
-16703,1730
-16702,1731
-16701,1732
-16700,1733
-16699,1734
-16698,1735
-16697,1736
-16696,1737
-16695,1738
-16694,1739
-16693,1740
-16692,1741
-16691,1742
-16690,1743
-16689,1744
-16688,1745
-16687,1746
-16686,1747
-16685,1748
-16684,1749
-16683,1750
-16682,1751
-16681,1752
-16680,1753
-16679,1754
-16678,1755
-16677,1756
-16676,1757
-16675,1758
-16674,1759
-16673,1760
-16672,1761
-16671,1762
-16670,1763
-16669,1764
-16668,1765
-16667,1766
-16666,1767
-16665,1768
-16664,1769
-16663,1770
-16662,1771
-16661,1772
-16660,1773
-16659,1774
-16658,1775
-16657,1776
-16656,1777
-16655,1778
-16654,1779
-16653,1780
-16652,1781
-16651,1782
-16650,1783
-16649,1784
-16648,1785
-16647,1786
-16646,1787
-16645,1788
-16644,1789
-16643,1790
-16642,1791
-16641,1792
-16640,1793
-16639,1794
-16638,1795
-16637,1796
-16636,1797
-16635,1798
-16634,1799
-16633,1800
-16632,1801
-16631,1802
-16630,1803
-16629,1804
-16628,1805
-16627,1806
-16626,1807
-16625,1808
-16624,1809
-16623,1810
-16622,1811
-16621,1812
-16620,1813
-16619,1814
-16618,1815
-16617,1816
-16616,1817
-16615,1818
-16614,1819
-16613,1820
-16612,1821
-16611,1822
-16610,1823
-16609,1824
-16608,1825
-16607,1826
-16606,1827
-16605,1828
-16604,1829
-16603,1830
-16602,1831
-16601,1832
-16600,1833
-16599,1834
-16598,1835
-16597,1836
-16596,1837
-16595,1838
-16594,1839
-16593,1840
-16592,1841
-16591,1842
-16590,1843
-16589,1844
-16588,1845
-16587,1846
-16586,1847
-16585,1848
-16584,1849
-16583,1850
-16582,1851
-16581,1852
-16580,1853
-16579,1854
-16578,1855
-16577,1856
-16576,1857
-16575,1858
-16574,1859
-16573,1860
-16572,1861
-16571,1862
-16570,1863
-16569,1864
-16568,1865
-16567,1866
-16566,1867
-16565,1868
-16564,1869
-16563,1870
-16562,1871
-16561,1872
-16560,1873
-16559,1874
-16558,1875
-16557,1876
-16556,1877
-16555,1878
-16554,1879
-16553,1880
-16552,1881
-16551,1882
-16550,1883
-16549,1884
-16548,1885
-16547,1886
-16546,1887
-16545,1888
-16544,1889
-16543,1890
-16542,1891
-16541,1892
-16540,1893
-16539,1894
-16538,1895
-16537,1896
-16536,1897
-16535,1898
-16534,1899
-16533,1900
-16532,1901
-16531,1902
-16530,1903
-16529,1904
-16528,1905
-16527,1906
-16526,1907
-16525,1908
-16524,1909
-16523,1910
-16522,1911
-16521,1912
-16520,1913
-16519,1914
-16518,1915
-16517,1916
-16516,1917
-16515,1918
-16514,1919
-16513,1920
-16512,1921
-16511,1922
-16510,1923
-16509,1924
-16508,1925
-16507,1926
-16506,1927
-16505,1928
-16504,1929
-16503,1930
-16502,1931
-16501,1932
-16500,1933
-16499,1934
-16498,1935
-16497,1936
-16496,1937
-16495,1938
-16494,1939
-16493,1940
-16492,1941
-16491,1942
-16490,1943
-16489,1944
-16488,1945
-16487,1946
-16486,1947
-16485,1948
-16484,1949
-16483,1950
-16482,1951
-16481,1952
-16480,1953
-16479,1954
-16478,1955
-16477,1956
-16476,1957
-16475,1958
-16474,1959
-16473,1960
-16472,1961
-16471,1962
-16470,1963
-16469,1964
-16468,1965
-16467,1966
-16466,1967
-16465,1968
-16464,1969
-16463,1970
-16462,1971
-16461,1972
-16460,1973
-16459,1974
-16458,1975
-16457,1976
-16456,1977
-16455,1978
-16454,1979
-16453,1980
-16452,1981
-16451,1982
-16450,1983
-16449,1984
-16448,1985
-16447,1986
-16446,1987
-16445,1988
-16444,1989
-16443,1990
-16442,1991
-16441,1992
-16440,1993
-16439,1994
-16438,1995
-16437,1996
-16436,1997
-16435,1998
-16434,1999
-16433,2000
-16432,2001
-16431,2002
-16430,2003
-16429,2004
-16428,2005
-16427,2006
-16426,2007
-16425,2008
-16424,2009
-16423,2010
-16422,2011
-16421,2012
-16420,2013
-16419,2014
-16418,2015
-16417,2016
-16416,2017
-16415,2018
-16414,2019
-16413,2020
-16412,2021
-16411,2022
-16410,2023
-16409,2024
-16408,2025
-16407,2026
-16406,2027
-16405,2028
-16404,2029
-16403,2030
-16402,2031
-16401,2032
-16400,2033
-16399,2034
-16398,2035
-16397,2036
-16396,2037
-16395,2038
-16394,2039
-16393,2040
-16392,2041
-16391,2042
-16390,2043
-16389,2044
-16388,2045
-16387,2046
-16386,2047
-16385,2048
-16384,2049
-16383,2050
-16382,2051
-16381,2052
-16380,2053
-16379,2054
-16378,2055
-16377,2056
-16376,2057
-16375,2058
-16374,2059
-16373,2060
-16372,2061
-16371,2062
-16370,2063
-16369,2064
-16368,2065
-16367,2066
-16366,2067
-16365,2068
-16364,2069
-16363,2070
-16362,2071
-16361,2072
-16360,2073
-16359,2074
-16358,2075
-16357,2076
-16356,2077
-16355,2078
-16354,2079
-16353,2080
-16352,2081
-16351,2082
-16350,2083
-16349,2084
-16348,2085
-16347,2086
-16346,2087
-16345,2088
-16344,2089
-16343,2090
-16342,2091
-16341,2092
-16340,2093
-16339,2094
-16338,2095
-16337,2096
-16336,2097
-16335,2098
-16334,2099
-16333,2100
-16332,2101
-16331,2102
-16330,2103
-16329,2104
-16328,2105
-16327,2106
-16326,2107
-16325,2108
-16324,2109
-16323,2110
-16322,2111
-16321,2112
-16320,2113
-16319,2114
-16318,2115
-16317,2116
-16316,2117
-16315,2118
-16314,2119
-16313,2120
-16312,2121
-16311,2122
-16310,2123
-16309,2124
-16308,2125
-16307,2126
-16306,2127
-16305,2128
-16304,2129
-16303,2130
-16302,2131
-16301,2132
-16300,2133
-16299,2134
-16298,2135
-16297,2136
-16296,2137
-16295,2138
-16294,2139
-16293,2140
-16292,2141
-16291,2142
-16290,2143
-16289,2144
-16288,2145
-16287,2146
-16286,2147
-16285,2148
-16284,2149
-16283,2150
-16282,2151
-16281,2152
-16280,2153
-16279,2154
-16278,2155
-16277,2156
-16276,2157
-16275,2158
-16274,2159
-16273,2160
-16272,2161
-16271,2162
-16270,2163
-16269,2164
-16268,2165
-16267,2166
-16266,2167
-16265,2168
-16264,2169
-16263,2170
-16262,2171
-16261,2172
-16260,2173
-16259,2174
-16258,2175
-16257,2176
-16256,2177
-16255,2178
-16254,2179
-16253,2180
-16252,2181
-16251,2182
-16250,2183
-16249,2184
-16248,2185
-16247,2186
-16246,2187
-16245,2188
-16244,2189
-16243,2190
-16242,2191
-16241,2192
-16240,2193
-16239,2194
-16238,2195
-16237,2196
-16236,2197
-16235,2198
-16234,2199
-16233,2200
-16232,2201
-16231,2202
-16230,2203
-16229,2204
-16228,2205
-16227,2206
-16226,2207
-16225,2208
-16224,2209
-16223,2210
-16222,2211
-16221,2212
-16220,2213
-16219,2214
-16218,2215
-16217,2216
-16216,2217
-16215,2218
-16214,2219
-16213,2220
-16212,2221
-16211,2222
-16210,2223
-16209,2224
-16208,2225
-16207,2226
-16206,2227
-16205,2228
-16204,2229
-16203,2230
-16202,2231
-16201,2232
-16200,2233
-16199,2234
-16198,2235
-16197,2236
-16196,2237
-16195,2238
-16194,2239
-16193,2240
-16192,2241
-16191,2242
-16190,2243
-16189,2244
-16188,2245
-16187,2246
-16186,2247
-16185,2248
-16184,2249
-16183,2250
-16182,2251
-16181,2252
-16180,2253
-16179,2254
-16178,2255
-16177,2256
-16176,2257
-16175,2258
-16174,2259
-16173,2260
-16172,2261
-16171,2262
-16170,2263
-16169,2264
-16168,2265
-16167,2266
-16166,2267
-16165,2268
-16164,2269
-16163,2270
-16162,2271
-16161,2272
-16160,2273
-16159,2274
-16158,2275
-16157,2276
-16156,2277
-16155,2278
-16154,2279
-16153,2280
-16152,2281
-16151,2282
-16150,2283
-16149,2284
-16148,2285
-16147,2286
-16146,2287
-16145,2288
-16144,2289
-16143,2290
-16142,2291
-16141,2292
-16140,2293
-16139,2294
-16138,2295
-16137,2296
-16136,2297
-16135,2298
-16134,2299
-16133,2300
-16132,2301
-16131,2302
-16130,2303
-16129,2304
-16128,2305
-16127,2306
-16126,2307
-16125,2308
-16124,2309
-16123,2310
-16122,2311
-16121,2312
-16120,2313
-16119,2314
-16118,2315
-16117,2316
-16116,2317
-16115,2318
-16114,2319
-16113,2320
-16112,2321
-16111,2322
-16110,2323
-16109,2324
-16108,2325
-16107,2326
-16106,2327
-16105,2328
-16104,2329
-16103,2330
-16102,2331
-16101,2332
-16100,2333
-16099,2334
-16098,2335
-16097,2336
-16096,2337
-16095,2338
-16094,2339
-16093,2340
-16092,2341
-16091,2342
-16090,2343
-16089,2344
-16088,2345
-16087,2346
-16086,2347
-16085,2348
-16084,2349
-16083,2350
-16082,2351
-16081,2352
-16080,2353
-16079,2354
-16078,2355
-16077,2356
-16076,2357
-16075,2358
-16074,2359
-16073,2360
-16072,2361
-16071,2362
-16070,2363
-16069,2364
-16068,2365
-16067,2366
-16066,2367
-16065,2368
-16064,2369
-16063,2370
-16062,2371
-16061,2372
-16060,2373
-16059,2374
-16058,2375
-16057,2376
-16056,2377
-16055,2378
-16054,2379
-16053,2380
-16052,2381
-16051,2382
-16050,2383
-16049,2384
-16048,2385
-16047,2386
-16046,2387
-16045,2388
-16044,2389
-16043,2390
-16042,2391
-16041,2392
-16040,2393
-16039,2394
-16038,2395
-16037,2396
-16036,2397
-16035,2398
-16034,2399
-16033,2400
-16032,2401
-16031,2402
-16030,2403
-16029,2404
-16028,2405
-16027,2406
-16026,2407
-16025,2408
-16024,2409
-16023,2410
-16022,2411
-16021,2412
-16020,2413
-16019,2414
-16018,2415
-16017,2416
-16016,2417
-16015,2418
-16014,2419
-16013,2420
-16012,2421
-16011,2422
-16010,2423
-16009,2424
-16008,2425
-16007,2426
-16006,2427
-16005,2428
-16004,2429
-16003,2430
-16002,2431
-16001,2432
-16000,2433
-15999,2434
-15998,2435
-15997,2436
-15996,2437
-15995,2438
-15994,2439
-15993,2440
-15992,2441
-15991,2442
-15990,2443
-15989,2444
-15988,2445
-15987,2446
-15986,2447
-15985,2448
-15984,2449
-15983,2450
-15982,2451
-15981,2452
-15980,2453
-15979,2454
-15978,2455
-15977,2456
-15976,2457
-15975,2458
-15974,2459
-15973,2460
-15972,2461
-15971,2462
-15970,2463
-15969,2464
-15968,2465
-15967,2466
-15966,2467
-15965,2468
-15964,2469
-15963,2470
-15962,2471
-15961,2472
-15960,2473
-15959,2474
-15958,2475
-15957,2476
-15956,2477
-15955,2478
-15954,2479
-15953,2480
-15952,2481
-15951,2482
-15950,2483
-15949,2484
-15948,2485
-15947,2486
-15946,2487
-15945,2488
-15944,2489
-15943,2490
-15942,2491
-15941,2492
-15940,2493
-15939,2494
-15938,2495
-15937,2496
-15936,2497
-15935,2498
-15934,2499
-15933,2500
-15932,2501
-15931,2502
-15930,2503
-15929,2504
-15928,2505
-15927,2506
-15926,2507
-15925,2508
-15924,2509
-15923,2510
-15922,2511
-15921,2512
-15920,2513
-15919,2514
-15918,2515
-15917,2516
-15916,2517
-15915,2518
-15914,2519
-15913,2520
-15912,2521
-15911,2522
-15910,2523
-15909,2524
-15908,2525
-15907,2526
-15906,2527
-15905,2528
-15904,2529
-15903,2530
-15902,2531
-15901,2532
-15900,2533
-15899,2534
-15898,2535
-15897,2536
-15896,2537
-15895,2538
-15894,2539
-15893,2540
-15892,2541
-15891,2542
-15890,2543
-15889,2544
-15888,2545
-15887,2546
-15886,2547
-15885,2548
-15884,2549
-15883,2550
-15882,2551
-15881,2552
-15880,2553
-15879,2554
-15878,2555
-15877,2556
-15876,2557
-15875,2558
-15874,2559
-15873,2560
-15872,2561
-15871,2562
-15870,2563
-15869,2564
-15868,2565
-15867,2566
-15866,2567
-15865,2568
-15864,2569
-15863,2570
-15862,2571
-15861,2572
-15860,2573
-15859,2574
-15858,2575
-15857,2576
-15856,2577
-15855,2578
-15854,2579
-15853,2580
-15852,2581
-15851,2582
-15850,2583
-15849,2584
-15848,2585
-15847,2586
-15846,2587
-15845,2588
-15844,2589
-15843,2590
-15842,2591
-15841,2592
-15840,2593
-15839,2594
-15838,2595
-15837,2596
-15836,2597
-15835,2598
-15834,2599
-15833,2600
-15832,2601
-15831,2602
-15830,2603
-15829,2604
-15828,2605
-15827,2606
-15826,2607
-15825,2608
-15824,2609
-15823,2610
-15822,2611
-15821,2612
-15820,2613
-15819,2614
-15818,2615
-15817,2616
-15816,2617
-15815,2618
-15814,2619
-15813,2620
-15812,2621
-15811,2622
-15810,2623
-15809,2624
-15808,2625
-15807,2626
-15806,2627
-15805,2628
-15804,2629
-15803,2630
-15802,2631
-15801,2632
-15800,2633
-15799,2634
-15798,2635
-15797,2636
-15796,2637
-15795,2638
-15794,2639
-15793,2640
-15792,2641
-15791,2642
-15790,2643
-15789,2644
-15788,2645
-15787,2646
-15786,2647
-15785,2648
-15784,2649
-15783,2650
-15782,2651
-15781,2652
-15780,2653
-15779,2654
-15778,2655
-15777,2656
-15776,2657
-15775,2658
-15774,2659
-15773,2660
-15772,2661
-15771,2662
-15770,2663
-15769,2664
-15768,2665
-15767,2666
-15766,2667
-15765,2668
-15764,2669
-15763,2670
-15762,2671
-15761,2672
-15760,2673
-15759,2674
-15758,2675
-15757,2676
-15756,2677
-15755,2678
-15754,2679
-15753,2680
-15752,2681
-15751,2682
-15750,2683
-15749,2684
-15748,2685
-15747,2686
-15746,2687
-15745,2688
-15744,2689
-15743,2690
-15742,2691
-15741,2692
-15740,2693
-15739,2694
-15738,2695
-15737,2696
-15736,2697
-15735,2698
-15734,2699
-15733,2700
-15732,2701
-15731,2702
-15730,2703
-15729,2704
-15728,2705
-15727,2706
-15726,2707
-15725,2708
-15724,2709
-15723,2710
-15722,2711
-15721,2712
-15720,2713
-15719,2714
-15718,2715
-15717,2716
-15716,2717
-15715,2718
-15714,2719
-15713,2720
-15712,2721
-15711,2722
-15710,2723
-15709,2724
-15708,2725
-15707,2726
-15706,2727
-15705,2728
-15704,2729
-15703,2730
-15702,2731
-15701,2732
-15700,2733
-15699,2734
-15698,2735
-15697,2736
-15696,2737
-15695,2738
-15694,2739
-15693,2740
-15692,2741
-15691,2742
-15690,2743
-15689,2744
-15688,2745
-15687,2746
-15686,2747
-15685,2748
-15684,2749
-15683,2750
-15682,2751
-15681,2752
-15680,2753
-15679,2754
-15678,2755
-15677,2756
-15676,2757
-15675,2758
-15674,2759
-15673,2760
-15672,2761
-15671,2762
-15670,2763
-15669,2764
-15668,2765
-15667,2766
-15666,2767
-15665,2768
-15664,2769
-15663,2770
-15662,2771
-15661,2772
-15660,2773
-15659,2774
-15658,2775
-15657,2776
-15656,2777
-15655,2778
-15654,2779
-15653,2780
-15652,2781
-15651,2782
-15650,2783
-15649,2784
-15648,2785
-15647,2786
-15646,2787
-15645,2788
-15644,2789
-15643,2790
-15642,2791
-15641,2792
-15640,2793
-15639,2794
-15638,2795
-15637,2796
-15636,2797
-15635,2798
-15634,2799
-15633,2800
-15632,2801
-15631,2802
-15630,2803
-15629,2804
-15628,2805
-15627,2806
-15626,2807
-15625,2808
-15624,2809
-15623,2810
-15622,2811
-15621,2812
-15620,2813
-15619,2814
-15618,2815
-15617,2816
-15616,2817
-15615,2818
-15614,2819
-15613,2820
-15612,2821
-15611,2822
-15610,2823
-15609,2824
-15608,2825
-15607,2826
-15606,2827
-15605,2828
-15604,2829
-15603,2830
-15602,2831
-15601,2832
-15600,2833
-15599,2834
-15598,2835
-15597,2836
-15596,2837
-15595,2838
-15594,2839
-15593,2840
-15592,2841
-15591,2842
-15590,2843
-15589,2844
-15588,2845
-15587,2846
-15586,2847
-15585,2848
-15584,2849
-15583,2850
-15582,2851
-15581,2852
-15580,2853
-15579,2854
-15578,2855
-15577,2856
-15576,2857
-15575,2858
-15574,2859
-15573,2860
-15572,2861
-15571,2862
-15570,2863
-15569,2864
-15568,2865
-15567,2866
-15566,2867
-15565,2868
-15564,2869
-15563,2870
-15562,2871
-15561,2872
-15560,2873
-15559,2874
-15558,2875
-15557,2876
-15556,2877
-15555,2878
-15554,2879
-15553,2880
-15552,2881
-15551,2882
-15550,2883
-15549,2884
-15548,2885
-15547,2886
-15546,2887
-15545,2888
-15544,2889
-15543,2890
-15542,2891
-15541,2892
-15540,2893
-15539,2894
-15538,2895
-15537,2896
-15536,2897
-15535,2898
-15534,2899
-15533,2900
-15532,2901
-15531,2902
-15530,2903
-15529,2904
-15528,2905
-15527,2906
-15526,2907
-15525,2908
-15524,2909
-15523,2910
-15522,2911
-15521,2912
-15520,2913
-15519,2914
-15518,2915
-15517,2916
-15516,2917
-15515,2918
-15514,2919
-15513,2920
-15512,2921
-15511,2922
-15510,2923
-15509,2924
-15508,2925
-15507,2926
-15506,2927
-15505,2928
-15504,2929
-15503,2930
-15502,2931
-15501,2932
-15500,2933
-15499,2934
-15498,2935
-15497,2936
-15496,2937
-15495,2938
-15494,2939
-15493,2940
-15492,2941
-15491,2942
-15490,2943
-15489,2944
-15488,2945
-15487,2946
-15486,2947
-15485,2948
-15484,2949
-15483,2950
-15482,2951
-15481,2952
-15480,2953
-15479,2954
-15478,2955
-15477,2956
-15476,2957
-15475,2958
-15474,2959
-15473,2960
-15472,2961
-15471,2962
-15470,2963
-15469,2964
-15468,2965
-15467,2966
-15466,2967
-15465,2968
-15464,2969
-15463,2970
-15462,2971
-15461,2972
-15460,2973
-15459,2974
-15458,2975
-15457,2976
-15456,2977
-15455,2978
-15454,2979
-15453,2980
-15452,2981
-15451,2982
-15450,2983
-15449,2984
-15448,2985
-15447,2986
-15446,2987
-15445,2988
-15444,2989
-15443,2990
-15442,2991
-15441,2992
-15440,2993
-15439,2994
-15438,2995
-15437,2996
-15436,2997
-15435,2998
-15434,2999
-15433,3000
-15432,3001
-15431,3002
-15430,3003
-15429,3004
-15428,3005
-15427,3006
-15426,3007
-15425,3008
-15424,3009
-15423,3010
-15422,3011
-15421,3012
-15420,3013
-15419,3014
-15418,3015
-15417,3016
-15416,3017
-15415,3018
-15414,3019
-15413,3020
-15412,3021
-15411,3022
-15410,3023
-15409,3024
-15408,3025
-15407,3026
-15406,3027
-15405,3028
-15404,3029
-15403,3030
-15402,3031
-15401,3032
-15400,3033
-15399,3034
-15398,3035
-15397,3036
-15396,3037
-15395,3038
-15394,3039
-15393,3040
-15392,3041
-15391,3042
-15390,3043
-15389,3044
-15388,3045
-15387,3046
-15386,3047
-15385,3048
-15384,3049
-15383,3050
-15382,3051
-15381,3052
-15380,3053
-15379,3054
-15378,3055
-15377,3056
-15376,3057
-15375,3058
-15374,3059
-15373,3060
-15372,3061
-15371,3062
-15370,3063
-15369,3064
-15368,3065
-15367,3066
-15366,3067
-15365,3068
-15364,3069
-15363,3070
-15362,3071
-15361,3072
-15360,3073
-15359,3074
-15358,3075
-15357,3076
-15356,3077
-15355,3078
-15354,3079
-15353,3080
-15352,3081
-15351,3082
-15350,3083
-15349,3084
-15348,3085
-15347,3086
-15346,3087
-15345,3088
-15344,3089
-15343,3090
-15342,3091
-15341,3092
-15340,3093
-15339,3094
-15338,3095
-15337,3096
-15336,3097
-15335,3098
-15334,3099
-15333,3100
-15332,3101
-15331,3102
-15330,3103
-15329,3104
-15328,3105
-15327,3106
-15326,3107
-15325,3108
-15324,3109
-15323,3110
-15322,3111
-15321,3112
-15320,3113
-15319,3114
-15318,3115
-15317,3116
-15316,3117
-15315,3118
-15314,3119
-15313,3120
-15312,3121
-15311,3122
-15310,3123
-15309,3124
-15308,3125
-15307,3126
-15306,3127
-15305,3128
-15304,3129
-15303,3130
-15302,3131
-15301,3132
-15300,3133
-15299,3134
-15298,3135
-15297,3136
-15296,3137
-15295,3138
-15294,3139
-15293,3140
-15292,3141
-15291,3142
-15290,3143
-15289,3144
-15288,3145
-15287,3146
-15286,3147
-15285,3148
-15284,3149
-15283,3150
-15282,3151
-15281,3152
-15280,3153
-15279,3154
-15278,3155
-15277,3156
-15276,3157
-15275,3158
-15274,3159
-15273,3160
-15272,3161
-15271,3162
-15270,3163
-15269,3164
-15268,3165
-15267,3166
-15266,3167
-15265,3168
-15264,3169
-15263,3170
-15262,3171
-15261,3172
-15260,3173
-15259,3174
-15258,3175
-15257,3176
-15256,3177
-15255,3178
-15254,3179
-15253,3180
-15252,3181
-15251,3182
-15250,3183
-15249,3184
-15248,3185
-15247,3186
-15246,3187
-15245,3188
-15244,3189
-15243,3190
-15242,3191
-15241,3192
-15240,3193
-15239,3194
-15238,3195
-15237,3196
-15236,3197
-15235,3198
-15234,3199
-15233,3200
-15232,3201
-15231,3202
-15230,3203
-15229,3204
-15228,3205
-15227,3206
-15226,3207
-15225,3208
-15224,3209
-15223,3210
-15222,3211
-15221,3212
-15220,3213
-15219,3214
-15218,3215
-15217,3216
-15216,3217
-15215,3218
-15214,3219
-15213,3220
-15212,3221
-15211,3222
-15210,3223
-15209,3224
-15208,3225
-15207,3226
-15206,3227
-15205,3228
-15204,3229
-15203,3230
-15202,3231
-15201,3232
-15200,3233
-15199,3234
-15198,3235
-15197,3236
-15196,3237
-15195,3238
-15194,3239
-15193,3240
-15192,3241
-15191,3242
-15190,3243
-15189,3244
-15188,3245
-15187,3246
-15186,3247
-15185,3248
-15184,3249
-15183,3250
-15182,3251
-15181,3252
-15180,3253
-15179,3254
-15178,3255
-15177,3256
-15176,3257
-15175,3258
-15174,3259
-15173,3260
-15172,3261
-15171,3262
-15170,3263
-15169,3264
-15168,3265
-15167,3266
-15166,3267
-15165,3268
-15164,3269
-15163,3270
-15162,3271
-15161,3272
-15160,3273
-15159,3274
-15158,3275
-15157,3276
-15156,3277
-15155,3278
-15154,3279
-15153,3280
-15152,3281
-15151,3282
-15150,3283
-15149,3284
-15148,3285
-15147,3286
-15146,3287
-15145,3288
-15144,3289
-15143,3290
-15142,3291
-15141,3292
-15140,3293
-15139,3294
-15138,3295
-15137,3296
-15136,3297
-15135,3298
-15134,3299
-15133,3300
-15132,3301
-15131,3302
-15130,3303
-15129,3304
-15128,3305
-15127,3306
-15126,3307
-15125,3308
-15124,3309
-15123,3310
-15122,3311
-15121,3312
-15120,3313
-15119,3314
-15118,3315
-15117,3316
-15116,3317
-15115,3318
-15114,3319
-15113,3320
-15112,3321
-15111,3322
-15110,3323
-15109,3324
-15108,3325
-15107,3326
-15106,3327
-15105,3328
-15104,3329
-15103,3330
-15102,3331
-15101,3332
-15100,3333
-15099,3334
-15098,3335
-15097,3336
-15096,3337
-15095,3338
-15094,3339
-15093,3340
-15092,3341
-15091,3342
-15090,3343
-15089,3344
-15088,3345
-15087,3346
-15086,3347
-15085,3348
-15084,3349
-15083,3350
-15082,3351
-15081,3352
-15080,3353
-15079,3354
-15078,3355
-15077,3356
-15076,3357
-15075,3358
-15074,3359
-15073,3360
-15072,3361
-15071,3362
-15070,3363
-15069,3364
-15068,3365
-15067,3366
-15066,3367
-15065,3368
-15064,3369
-15063,3370
-15062,3371
-15061,3372
-15060,3373
-15059,3374
-15058,3375
-15057,3376
-15056,3377
-15055,3378
-15054,3379
-15053,3380
-15052,3381
-15051,3382
-15050,3383
-15049,3384
-15048,3385
-15047,3386
-15046,3387
-15045,3388
-15044,3389
-15043,3390
-15042,3391
-15041,3392
-15040,3393
-15039,3394
-15038,3395
-15037,3396
-15036,3397
-15035,3398
-15034,3399
-15033,3400
-15032,3401
-15031,3402
-15030,3403
-15029,3404
-15028,3405
-15027,3406
-15026,3407
-15025,3408
-15024,3409
-15023,3410
-15022,3411
-15021,3412
-15020,3413
-15019,3414
-15018,3415
-15017,3416
-15016,3417
-15015,3418
-15014,3419
-15013,3420
-15012,3421
-15011,3422
-15010,3423
-15009,3424
-15008,3425
-15007,3426
-15006,3427
-15005,3428
-15004,3429
-15003,3430
-15002,3431
-15001,3432
-15000,3433
-14999,3434
-14998,3435
-14997,3436
-14996,3437
-14995,3438
-14994,3439
-14993,3440
-14992,3441
-14991,3442
-14990,3443
-14989,3444
-14988,3445
-14987,3446
-14986,3447
-14985,3448
-14984,3449
-14983,3450
-14982,3451
-14981,3452
-14980,3453
-14979,3454
-14978,3455
-14977,3456
-14976,3457
-14975,3458
-14974,3459
-14973,3460
-14972,3461
-14971,3462
-14970,3463
-14969,3464
-14968,3465
-14967,3466
-14966,3467
-14965,3468
-14964,3469
-14963,3470
-14962,3471
-14961,3472
-14960,3473
-14959,3474
-14958,3475
-14957,3476
-14956,3477
-14955,3478
-14954,3479
-14953,3480
-14952,3481
-14951,3482
-14950,3483
-14949,3484
-14948,3485
-14947,3486
-14946,3487
-14945,3488
-14944,3489
-14943,3490
-14942,3491
-14941,3492
-14940,3493
-14939,3494
-14938,3495
-14937,3496
-14936,3497
-14935,3498
-14934,3499
-14933,3500
-14932,3501
-14931,3502
-14930,3503
-14929,3504
-14928,3505
-14927,3506
-14926,3507
-14925,3508
-14924,3509
-14923,3510
-14922,3511
-14921,3512
-14920,3513
-14919,3514
-14918,3515
-14917,3516
-14916,3517
-14915,3518
-14914,3519
-14913,3520
-14912,3521
-14911,3522
-14910,3523
-14909,3524
-14908,3525
-14907,3526
-14906,3527
-14905,3528
-14904,3529
-14903,3530
-14902,3531
-14901,3532
-14900,3533
-14899,3534
-14898,3535
-14897,3536
-14896,3537
-14895,3538
-14894,3539
-14893,3540
-14892,3541
-14891,3542
-14890,3543
-14889,3544
-14888,3545
-14887,3546
-14886,3547
-14885,3548
-14884,3549
-14883,3550
-14882,3551
-14881,3552
-14880,3553
-14879,3554
-14878,3555
-14877,3556
-14876,3557
-14875,3558
-14874,3559
-14873,3560
-14872,3561
-14871,3562
-14870,3563
-14869,3564
-14868,3565
-14867,3566
-14866,3567
-14865,3568
-14864,3569
-14863,3570
-14862,3571
-14861,3572
-14860,3573
-14859,3574
-14858,3575
-14857,3576
-14856,3577
-14855,3578
-14854,3579
-14853,3580
-14852,3581
-14851,3582
-14850,3583
-14849,3584
-14848,3585
-14847,3586
-14846,3587
-14845,3588
-14844,3589
-14843,3590
-14842,3591
-14841,3592
-14840,3593
-14839,3594
-14838,3595
-14837,3596
-14836,3597
-14835,3598
-14834,3599
-14833,3600
-14832,3601
-14831,3602
-14830,3603
-14829,3604
-14828,3605
-14827,3606
-14826,3607
-14825,3608
-14824,3609
-14823,3610
-14822,3611
-14821,3612
-14820,3613
-14819,3614
-14818,3615
-14817,3616
-14816,3617
-14815,3618
-14814,3619
-14813,3620
-14812,3621
-14811,3622
-14810,3623
-14809,3624
-14808,3625
-14807,3626
-14806,3627
-14805,3628
-14804,3629
-14803,3630
-14802,3631
-14801,3632
-14800,3633
-14799,3634
-14798,3635
-14797,3636
-14796,3637
-14795,3638
-14794,3639
-14793,3640
-14792,3641
-14791,3642
-14790,3643
-14789,3644
-14788,3645
-14787,3646
-14786,3647
-14785,3648
-14784,3649
-14783,3650
-14782,3651
-14781,3652
-14780,3653
-14779,3654
-14778,3655
-14777,3656
-14776,3657
-14775,3658
-14774,3659
-14773,3660
-14772,3661
-14771,3662
-14770,3663
-14769,3664
-14768,3665
-14767,3666
-14766,3667
-14765,3668
-14764,3669
-14763,3670
-14762,3671
-14761,3672
-14760,3673
-14759,3674
-14758,3675
-14757,3676
-14756,3677
-14755,3678
-14754,3679
-14753,3680
-14752,3681
-14751,3682
-14750,3683
-14749,3684
-14748,3685
-14747,3686
-14746,3687
-14745,3688
-14744,3689
-14743,3690
-14742,3691
-14741,3692
-14740,3693
-14739,3694
-14738,3695
-14737,3696
-14736,3697
-14735,3698
-14734,3699
-14733,3700
-14732,3701
-14731,3702
-14730,3703
-14729,3704
-14728,3705
-14727,3706
-14726,3707
-14725,3708
-14724,3709
-14723,3710
-14722,3711
-14721,3712
-14720,3713
-14719,3714
-14718,3715
-14717,3716
-14716,3717
-14715,3718
-14714,3719
-14713,3720
-14712,3721
-14711,3722
-14710,3723
-14709,3724
-14708,3725
-14707,3726
-14706,3727
-14705,3728
-14704,3729
-14703,3730
-14702,3731
-14701,3732
-14700,3733
-14699,3734
-14698,3735
-14697,3736
-14696,3737
-14695,3738
-14694,3739
-14693,3740
-14692,3741
-14691,3742
-14690,3743
-14689,3744
-14688,3745
-14687,3746
-14686,3747
-14685,3748
-14684,3749
-14683,3750
-14682,3751
-14681,3752
-14680,3753
-14679,3754
-14678,3755
-14677,3756
-14676,3757
-14675,3758
-14674,3759
-14673,3760
-14672,3761
-14671,3762
-14670,3763
-14669,3764
-14668,3765
-14667,3766
-14666,3767
-14665,3768
-14664,3769
-14663,3770
-14662,3771
-14661,3772
-14660,3773
-14659,3774
-14658,3775
-14657,3776
-14656,3777
-14655,3778
-14654,3779
-14653,3780
-14652,3781
-14651,3782
-14650,3783
-14649,3784
-14648,3785
-14647,3786
-14646,3787
-14645,3788
-14644,3789
-14643,3790
-14642,3791
-14641,3792
-14640,3793
-14639,3794
-14638,3795
-14637,3796
-14636,3797
-14635,3798
-14634,3799
-14633,3800
-14632,3801
-14631,3802
-14630,3803
-14629,3804
-14628,3805
-14627,3806
-14626,3807
-14625,3808
-14624,3809
-14623,3810
-14622,3811
-14621,3812
-14620,3813
-14619,3814
-14618,3815
-14617,3816
-14616,3817
-14615,3818
-14614,3819
-14613,3820
-14612,3821
-14611,3822
-14610,3823
-14609,3824
-14608,3825
-14607,3826
-14606,3827
-14605,3828
-14604,3829
-14603,3830
-14602,3831
-14601,3832
-14600,3833
-14599,3834
-14598,3835
-14597,3836
-14596,3837
-14595,3838
-14594,3839
-14593,3840
-14592,3841
-14591,3842
-14590,3843
-14589,3844
-14588,3845
-14587,3846
-14586,3847
-14585,3848
-14584,3849
-14583,3850
-14582,3851
-14581,3852
-14580,3853
-14579,3854
-14578,3855
-14577,3856
-14576,3857
-14575,3858
-14574,3859
-14573,3860
-14572,3861
-14571,3862
-14570,3863
-14569,3864
-14568,3865
-14567,3866
-14566,3867
-14565,3868
-14564,3869
-14563,3870
-14562,3871
-14561,3872
-14560,3873
-14559,3874
-14558,3875
-14557,3876
-14556,3877
-14555,3878
-14554,3879
-14553,3880
-14552,3881
-14551,3882
-14550,3883
-14549,3884
-14548,3885
-14547,3886
-14546,3887
-14545,3888
-14544,3889
-14543,3890
-14542,3891
-14541,3892
-14540,3893
-14539,3894
-14538,3895
-14537,3896
-14536,3897
-14535,3898
-14534,3899
-14533,3900
-14532,3901
-14531,3902
-14530,3903
-14529,3904
-14528,3905
-14527,3906
-14526,3907
-14525,3908
-14524,3909
-14523,3910
-14522,3911
-14521,3912
-14520,3913
-14519,3914
-14518,3915
-14517,3916
-14516,3917
-14515,3918
-14514,3919
-14513,3920
-14512,3921
-14511,3922
-14510,3923
-14509,3924
-14508,3925
-14507,3926
-14506,3927
-14505,3928
-14504,3929
-14503,3930
-14502,3931
-14501,3932
-14500,3933
-14499,3934
-14498,3935
-14497,3936
-14496,3937
-14495,3938
-14494,3939
-14493,3940
-14492,3941
-14491,3942
-14490,3943
-14489,3944
-14488,3945
-14487,3946
-14486,3947
-14485,3948
-14484,3949
-14483,3950
-14482,3951
-14481,3952
-14480,3953
-14479,3954
-14478,3955
-14477,3956
-14476,3957
-14475,3958
-14474,3959
-14473,3960
-14472,3961
-14471,3962
-14470,3963
-14469,3964
-14468,3965
-14467,3966
-14466,3967
-14465,3968
-14464,3969
-14463,3970
-14462,3971
-14461,3972
-14460,3973
-14459,3974
-14458,3975
-14457,3976
-14456,3977
-14455,3978
-14454,3979
-14453,3980
-14452,3981
-14451,3982
-14450,3983
-14449,3984
-14448,3985
-14447,3986
-14446,3987
-14445,3988
-14444,3989
-14443,3990
-14442,3991
-14441,3992
-14440,3993
-14439,3994
-14438,3995
-14437,3996
-14436,3997
-14435,3998
-14434,3999
-14433,4000
-14432,4001
-14431,4002
-14430,4003
-14429,4004
-14428,4005
-14427,4006
-14426,4007
-14425,4008
-14424,4009
-14423,4010
-14422,4011
-14421,4012
-14420,4013
-14419,4014
-14418,4015
-14417,4016
-14416,4017
-14415,4018
-14414,4019
-14413,4020
-14412,4021
-14411,4022
-14410,4023
-14409,4024
-14408,4025
-14407,4026
-14406,4027
-14405,4028
-14404,4029
-14403,4030
-14402,4031
-14401,4032
-14400,4033
-14399,4034
-14398,4035
-14397,4036
-14396,4037
-14395,4038
-14394,4039
-14393,4040
-14392,4041
-14391,4042
-14390,4043
-14389,4044
-14388,4045
-14387,4046
-14386,4047
-14385,4048
-14384,4049
-14383,4050
-14382,4051
-14381,4052
-14380,4053
-14379,4054
-14378,4055
-14377,4056
-14376,4057
-14375,4058
-14374,4059
-14373,4060
-14372,4061
-14371,4062
-14370,4063
-14369,4064
-14368,4065
-14367,4066
-14366,4067
-14365,4068
-14364,4069
-14363,4070
-14362,4071
-14361,4072
-14360,4073
-14359,4074
-14358,4075
-14357,4076
-14356,4077
-14355,4078
-14354,4079
-14353,4080
-14352,4081
-14351,4082
-14350,4083
-14349,4084
-14348,4085
-14347,4086
-14346,4087
-14345,4088
-14344,4089
-14343,4090
-14342,4091
-14341,4092
-14340,4093
-14339,4094
-14338,4095
-14337,4096
-14336,4097
-14335,4098
-14334,4099
-14333,4100
-14332,4101
-14331,4102
-14330,4103
-14329,4104
-14328,4105
-14327,4106
-14326,4107
-14325,4108
-14324,4109
-14323,4110
-14322,4111
-14321,4112
-14320,4113
-14319,4114
-14318,4115
-14317,4116
-14316,4117
-14315,4118
-14314,4119
-14313,4120
-14312,4121
-14311,4122
-14310,4123
-14309,4124
-14308,4125
-14307,4126
-14306,4127
-14305,4128
-14304,4129
-14303,4130
-14302,4131
-14301,4132
-14300,4133
-14299,4134
-14298,4135
-14297,4136
-14296,4137
-14295,4138
-14294,4139
-14293,4140
-14292,4141
-14291,4142
-14290,4143
-14289,4144
-14288,4145
-14287,4146
-14286,4147
-14285,4148
-14284,4149
-14283,4150
-14282,4151
-14281,4152
-14280,4153
-14279,4154
-14278,4155
-14277,4156
-14276,4157
-14275,4158
-14274,4159
-14273,4160
-14272,4161
-14271,4162
-14270,4163
-14269,4164
-14268,4165
-14267,4166
-14266,4167
-14265,4168
-14264,4169
-14263,4170
-14262,4171
-14261,4172
-14260,4173
-14259,4174
-14258,4175
-14257,4176
-14256,4177
-14255,4178
-14254,4179
-14253,4180
-14252,4181
-14251,4182
-14250,4183
-14249,4184
-14248,4185
-14247,4186
-14246,4187
-14245,4188
-14244,4189
-14243,4190
-14242,4191
-14241,4192
-14240,4193
-14239,4194
-14238,4195
-14237,4196
-14236,4197
-14235,4198
-14234,4199
-14233,4200
-14232,4201
-14231,4202
-14230,4203
-14229,4204
-14228,4205
-14227,4206
-14226,4207
-14225,4208
-14224,4209
-14223,4210
-14222,4211
-14221,4212
-14220,4213
-14219,4214
-14218,4215
-14217,4216
-14216,4217
-14215,4218
-14214,4219
-14213,4220
-14212,4221
-14211,4222
-14210,4223
-14209,4224
-14208,4225
-14207,4226
-14206,4227
-14205,4228
-14204,4229
-14203,4230
-14202,4231
-14201,4232
-14200,4233
-14199,4234
-14198,4235
-14197,4236
-14196,4237
-14195,4238
-14194,4239
-14193,4240
-14192,4241
-14191,4242
-14190,4243
-14189,4244
-14188,4245
-14187,4246
-14186,4247
-14185,4248
-14184,4249
-14183,4250
-14182,4251
-14181,4252
-14180,4253
-14179,4254
-14178,4255
-14177,4256
-14176,4257
-14175,4258
-14174,4259
-14173,4260
-14172,4261
-14171,4262
-14170,4263
-14169,4264
-14168,4265
-14167,4266
-14166,4267
-14165,4268
-14164,4269
-14163,4270
-14162,4271
-14161,4272
-14160,4273
-14159,4274
-14158,4275
-14157,4276
-14156,4277
-14155,4278
-14154,4279
-14153,4280
-14152,4281
-14151,4282
-14150,4283
-14149,4284
-14148,4285
-14147,4286
-14146,4287
-14145,4288
-14144,4289
-14143,4290
-14142,4291
-14141,4292
-14140,4293
-14139,4294
-14138,4295
-14137,4296
-14136,4297
-14135,4298
-14134,4299
-14133,4300
-14132,4301
-14131,4302
-14130,4303
-14129,4304
-14128,4305
-14127,4306
-14126,4307
-14125,4308
-14124,4309
-14123,4310
-14122,4311
-14121,4312
-14120,4313
-14119,4314
-14118,4315
-14117,4316
-14116,4317
-14115,4318
-14114,4319
-14113,4320
-14112,4321
-14111,4322
-14110,4323
-14109,4324
-14108,4325
-14107,4326
-14106,4327
-14105,4328
-14104,4329
-14103,4330
-14102,4331
-14101,4332
-14100,4333
-14099,4334
-14098,4335
-14097,4336
-14096,4337
-14095,4338
-14094,4339
-14093,4340
-14092,4341
-14091,4342
-14090,4343
-14089,4344
-14088,4345
-14087,4346
-14086,4347
-14085,4348
-14084,4349
-14083,4350
-14082,4351
-14081,4352
-14080,4353
-14079,4354
-14078,4355
-14077,4356
-14076,4357
-14075,4358
-14074,4359
-14073,4360
-14072,4361
-14071,4362
-14070,4363
-14069,4364
-14068,4365
-14067,4366
-14066,4367
-14065,4368
-14064,4369
-14063,4370
-14062,4371
-14061,4372
-14060,4373
-14059,4374
-14058,4375
-14057,4376
-14056,4377
-14055,4378
-14054,4379
-14053,4380
-14052,4381
-14051,4382
-14050,4383
-14049,4384
-14048,4385
-14047,4386
-14046,4387
-14045,4388
-14044,4389
-14043,4390
-14042,4391
-14041,4392
-14040,4393
-14039,4394
-14038,4395
-14037,4396
-14036,4397
-14035,4398
-14034,4399
-14033,4400
-14032,4401
-14031,4402
-14030,4403
-14029,4404
-14028,4405
-14027,4406
-14026,4407
-14025,4408
-14024,4409
-14023,4410
-14022,4411
-14021,4412
-14020,4413
-14019,4414
-14018,4415
-14017,4416
-14016,4417
-14015,4418
-14014,4419
-14013,4420
-14012,4421
-14011,4422
-14010,4423
-14009,4424
-14008,4425
-14007,4426
-14006,4427
-14005,4428
-14004,4429
-14003,4430
-14002,4431
-14001,4432
-14000,4433
-13999,4434
-13998,4435
-13997,4436
-13996,4437
-13995,4438
-13994,4439
-13993,4440
-13992,4441
-13991,4442
-13990,4443
-13989,4444
-13988,4445
-13987,4446
-13986,4447
-13985,4448
-13984,4449
-13983,4450
-13982,4451
-13981,4452
-13980,4453
-13979,4454
-13978,4455
-13977,4456
-13976,4457
-13975,4458
-13974,4459
-13973,4460
-13972,4461
-13971,4462
-13970,4463
-13969,4464
-13968,4465
-13967,4466
-13966,4467
-13965,4468
-13964,4469
-13963,4470
-13962,4471
-13961,4472
-13960,4473
-13959,4474
-13958,4475
-13957,4476
-13956,4477
-13955,4478
-13954,4479
-13953,4480
-13952,4481
-13951,4482
-13950,4483
-13949,4484
-13948,4485
-13947,4486
-13946,4487
-13945,4488
-13944,4489
-13943,4490
-13942,4491
-13941,4492
-13940,4493
-13939,4494
-13938,4495
-13937,4496
-13936,4497
-13935,4498
-13934,4499
-13933,4500
-13932,4501
-13931,4502
-13930,4503
-13929,4504
-13928,4505
-13927,4506
-13926,4507
-13925,4508
-13924,4509
-13923,4510
-13922,4511
-13921,4512
-13920,4513
-13919,4514
-13918,4515
-13917,4516
-13916,4517
-13915,4518
-13914,4519
-13913,4520
-13912,4521
-13911,4522
-13910,4523
-13909,4524
-13908,4525
-13907,4526
-13906,4527
-13905,4528
-13904,4529
-13903,4530
-13902,4531
-13901,4532
-13900,4533
-13899,4534
-13898,4535
-13897,4536
-13896,4537
-13895,4538
-13894,4539
-13893,4540
-13892,4541
-13891,4542
-13890,4543
-13889,4544
-13888,4545
-13887,4546
-13886,4547
-13885,4548
-13884,4549
-13883,4550
-13882,4551
-13881,4552
-13880,4553
-13879,4554
-13878,4555
-13877,4556
-13876,4557
-13875,4558
-13874,4559
-13873,4560
-13872,4561
-13871,4562
-13870,4563
-13869,4564
-13868,4565
-13867,4566
-13866,4567
-13865,4568
-13864,4569
-13863,4570
-13862,4571
-13861,4572
-13860,4573
-13859,4574
-13858,4575
-13857,4576
-13856,4577
-13855,4578
-13854,4579
-13853,4580
-13852,4581
-13851,4582
-13850,4583
-13849,4584
-13848,4585
-13847,4586
-13846,4587
-13845,4588
-13844,4589
-13843,4590
-13842,4591
-13841,4592
-13840,4593
-13839,4594
-13838,4595
-13837,4596
-13836,4597
-13835,4598
-13834,4599
-13833,4600
-13832,4601
-13831,4602
-13830,4603
-13829,4604
-13828,4605
-13827,4606
-13826,4607
-13825,4608
-13824,4609
-13823,4610
-13822,4611
-13821,4612
-13820,4613
-13819,4614
-13818,4615
-13817,4616
-13816,4617
-13815,4618
-13814,4619
-13813,4620
-13812,4621
-13811,4622
-13810,4623
-13809,4624
-13808,4625
-13807,4626
-13806,4627
-13805,4628
-13804,4629
-13803,4630
-13802,4631
-13801,4632
-13800,4633
-13799,4634
-13798,4635
-13797,4636
-13796,4637
-13795,4638
-13794,4639
-13793,4640
-13792,4641
-13791,4642
-13790,4643
-13789,4644
-13788,4645
-13787,4646
-13786,4647
-13785,4648
-13784,4649
-13783,4650
-13782,4651
-13781,4652
-13780,4653
-13779,4654
-13778,4655
-13777,4656
-13776,4657
-13775,4658
-13774,4659
-13773,4660
-13772,4661
-13771,4662
-13770,4663
-13769,4664
-13768,4665
-13767,4666
-13766,4667
-13765,4668
-13764,4669
-13763,4670
-13762,4671
-13761,4672
-13760,4673
-13759,4674
-13758,4675
-13757,4676
-13756,4677
-13755,4678
-13754,4679
-13753,4680
-13752,4681
-13751,4682
-13750,4683
-13749,4684
-13748,4685
-13747,4686
-13746,4687
-13745,4688
-13744,4689
-13743,4690
-13742,4691
-13741,4692
-13740,4693
-13739,4694
-13738,4695
-13737,4696
-13736,4697
-13735,4698
-13734,4699
-13733,4700
-13732,4701
-13731,4702
-13730,4703
-13729,4704
-13728,4705
-13727,4706
-13726,4707
-13725,4708
-13724,4709
-13723,4710
-13722,4711
-13721,4712
-13720,4713
-13719,4714
-13718,4715
-13717,4716
-13716,4717
-13715,4718
-13714,4719
-13713,4720
-13712,4721
-13711,4722
-13710,4723
-13709,4724
-13708,4725
-13707,4726
-13706,4727
-13705,4728
-13704,4729
-13703,4730
-13702,4731
-13701,4732
-13700,4733
-13699,4734
-13698,4735
-13697,4736
-13696,4737
-13695,4738
-13694,4739
-13693,4740
-13692,4741
-13691,4742
-13690,4743
-13689,4744
-13688,4745
-13687,4746
-13686,4747
-13685,4748
-13684,4749
-13683,4750
-13682,4751
-13681,4752
-13680,4753
-13679,4754
-13678,4755
-13677,4756
-13676,4757
-13675,4758
-13674,4759
-13673,4760
-13672,4761
-13671,4762
-13670,4763
-13669,4764
-13668,4765
-13667,4766
-13666,4767
-13665,4768
-13664,4769
-13663,4770
-13662,4771
-13661,4772
-13660,4773
-13659,4774
-13658,4775
-13657,4776
-13656,4777
-13655,4778
-13654,4779
-13653,4780
-13652,4781
-13651,4782
-13650,4783
-13649,4784
-13648,4785
-13647,4786
-13646,4787
-13645,4788
-13644,4789
-13643,4790
-13642,4791
-13641,4792
-13640,4793
-13639,4794
-13638,4795
-13637,4796
-13636,4797
-13635,4798
-13634,4799
-13633,4800
-13632,4801
-13631,4802
-13630,4803
-13629,4804
-13628,4805
-13627,4806
-13626,4807
-13625,4808
-13624,4809
-13623,4810
-13622,4811
-13621,4812
-13620,4813
-13619,4814
-13618,4815
-13617,4816
-13616,4817
-13615,4818
-13614,4819
-13613,4820
-13612,4821
-13611,4822
-13610,4823
-13609,4824
-13608,4825
-13607,4826
-13606,4827
-13605,4828
-13604,4829
-13603,4830
-13602,4831
-13601,4832
-13600,4833
-13599,4834
-13598,4835
-13597,4836
-13596,4837
-13595,4838
-13594,4839
-13593,4840
-13592,4841
-13591,4842
-13590,4843
-13589,4844
-13588,4845
-13587,4846
-13586,4847
-13585,4848
-13584,4849
-13583,4850
-13582,4851
-13581,4852
-13580,4853
-13579,4854
-13578,4855
-13577,4856
-13576,4857
-13575,4858
-13574,4859
-13573,4860
-13572,4861
-13571,4862
-13570,4863
-13569,4864
-13568,4865
-13567,4866
-13566,4867
-13565,4868
-13564,4869
-13563,4870
-13562,4871
-13561,4872
-13560,4873
-13559,4874
-13558,4875
-13557,4876
-13556,4877
-13555,4878
-13554,4879
-13553,4880
-13552,4881
-13551,4882
-13550,4883
-13549,4884
-13548,4885
-13547,4886
-13546,4887
-13545,4888
-13544,4889
-13543,4890
-13542,4891
-13541,4892
-13540,4893
-13539,4894
-13538,4895
-13537,4896
-13536,4897
-13535,4898
-13534,4899
-13533,4900
-13532,4901
-13531,4902
-13530,4903
-13529,4904
-13528,4905
-13527,4906
-13526,4907
-13525,4908
-13524,4909
-13523,4910
-13522,4911
-13521,4912
-13520,4913
-13519,4914
-13518,4915
-13517,4916
-13516,4917
-13515,4918
-13514,4919
-13513,4920
-13512,4921
-13511,4922
-13510,4923
-13509,4924
-13508,4925
-13507,4926
-13506,4927
-13505,4928
-13504,4929
-13503,4930
-13502,4931
-13501,4932
-13500,4933
-13499,4934
-13498,4935
-13497,4936
-13496,4937
-13495,4938
-13494,4939
-13493,4940
-13492,4941
-13491,4942
-13490,4943
-13489,4944
-13488,4945
-13487,4946
-13486,4947
-13485,4948
-13484,4949
-13483,4950
-13482,4951
-13481,4952
-13480,4953
-13479,4954
-13478,4955
-13477,4956
-13476,4957
-13475,4958
-13474,4959
-13473,4960
-13472,4961
-13471,4962
-13470,4963
-13469,4964
-13468,4965
-13467,4966
-13466,4967
-13465,4968
-13464,4969
-13463,4970
-13462,4971
-13461,4972
-13460,4973
-13459,4974
-13458,4975
-13457,4976
-13456,4977
-13455,4978
-13454,4979
-13453,4980
-13452,4981
-13451,4982
-13450,4983
-13449,4984
-13448,4985
-13447,4986
-13446,4987
-13445,4988
-13444,4989
-13443,4990
-13442,4991
-13441,4992
-13440,4993
-13439,4994
-13438,4995
-13437,4996
-13436,4997
-13435,4998
-13434,4999
-13433,5000
-13432,5001
-13431,5002
-13430,5003
-13429,5004
-13428,5005
-13427,5006
-13426,5007
-13425,5008
-13424,5009
-13423,5010
-13422,5011
-13421,5012
-13420,5013
-13419,5014
-13418,5015
-13417,5016
-13416,5017
-13415,5018
-13414,5019
-13413,5020
-13412,5021
-13411,5022
-13410,5023
-13409,5024
-13408,5025
-13407,5026
-13406,5027
-13405,5028
-13404,5029
-13403,5030
-13402,5031
-13401,5032
-13400,5033
-13399,5034
-13398,5035
-13397,5036
-13396,5037
-13395,5038
-13394,5039
-13393,5040
-13392,5041
-13391,5042
-13390,5043
-13389,5044
-13388,5045
-13387,5046
-13386,5047
-13385,5048
-13384,5049
-13383,5050
-13382,5051
-13381,5052
-13380,5053
-13379,5054
-13378,5055
-13377,5056
-13376,5057
-13375,5058
-13374,5059
-13373,5060
-13372,5061
-13371,5062
-13370,5063
-13369,5064
-13368,5065
-13367,5066
-13366,5067
-13365,5068
-13364,5069
-13363,5070
-13362,5071
-13361,5072
-13360,5073
-13359,5074
-13358,5075
-13357,5076
-13356,5077
-13355,5078
-13354,5079
-13353,5080
-13352,5081
-13351,5082
-13350,5083
-13349,5084
-13348,5085
-13347,5086
-13346,5087
-13345,5088
-13344,5089
-13343,5090
-13342,5091
-13341,5092
-13340,5093
-13339,5094
-13338,5095
-13337,5096
-13336,5097
-13335,5098
-13334,5099
-13333,5100
-13332,5101
-13331,5102
-13330,5103
-13329,5104
-13328,5105
-13327,5106
-13326,5107
-13325,5108
-13324,5109
-13323,5110
-13322,5111
-13321,5112
-13320,5113
-13319,5114
-13318,5115
-13317,5116
-13316,5117
-13315,5118
-13314,5119
-13313,5120
-13312,5121
-13311,5122
-13310,5123
-13309,5124
-13308,5125
-13307,5126
-13306,5127
-13305,5128
-13304,5129
-13303,5130
-13302,5131
-13301,5132
-13300,5133
-13299,5134
-13298,5135
-13297,5136
-13296,5137
-13295,5138
-13294,5139
-13293,5140
-13292,5141
-13291,5142
-13290,5143
-13289,5144
-13288,5145
-13287,5146
-13286,5147
-13285,5148
-13284,5149
-13283,5150
-13282,5151
-13281,5152
-13280,5153
-13279,5154
-13278,5155
-13277,5156
-13276,5157
-13275,5158
-13274,5159
-13273,5160
-13272,5161
-13271,5162
-13270,5163
-13269,5164
-13268,5165
-13267,5166
-13266,5167
-13265,5168
-13264,5169
-13263,5170
-13262,5171
-13261,5172
-13260,5173
-13259,5174
-13258,5175
-13257,5176
-13256,5177
-13255,5178
-13254,5179
-13253,5180
-13252,5181
-13251,5182
-13250,5183
-13249,5184
-13248,5185
-13247,5186
-13246,5187
-13245,5188
-13244,5189
-13243,5190
-13242,5191
-13241,5192
-13240,5193
-13239,5194
-13238,5195
-13237,5196
-13236,5197
-13235,5198
-13234,5199
-13233,5200
-13232,5201
-13231,5202
-13230,5203
-13229,5204
-13228,5205
-13227,5206
-13226,5207
-13225,5208
-13224,5209
-13223,5210
-13222,5211
-13221,5212
-13220,5213
-13219,5214
-13218,5215
-13217,5216
-13216,5217
-13215,5218
-13214,5219
-13213,5220
-13212,5221
-13211,5222
-13210,5223
-13209,5224
-13208,5225
-13207,5226
-13206,5227
-13205,5228
-13204,5229
-13203,5230
-13202,5231
-13201,5232
-13200,5233
-13199,5234
-13198,5235
-13197,5236
-13196,5237
-13195,5238
-13194,5239
-13193,5240
-13192,5241
-13191,5242
-13190,5243
-13189,5244
-13188,5245
-13187,5246
-13186,5247
-13185,5248
-13184,5249
-13183,5250
-13182,5251
-13181,5252
-13180,5253
-13179,5254
-13178,5255
-13177,5256
-13176,5257
-13175,5258
-13174,5259
-13173,5260
-13172,5261
-13171,5262
-13170,5263
-13169,5264
-13168,5265
-13167,5266
-13166,5267
-13165,5268
-13164,5269
-13163,5270
-13162,5271
-13161,5272
-13160,5273
-13159,5274
-13158,5275
-13157,5276
-13156,5277
-13155,5278
-13154,5279
-13153,5280
-13152,5281
-13151,5282
-13150,5283
-13149,5284
-13148,5285
-13147,5286
-13146,5287
-13145,5288
-13144,5289
-13143,5290
-13142,5291
-13141,5292
-13140,5293
-13139,5294
-13138,5295
-13137,5296
-13136,5297
-13135,5298
-13134,5299
-13133,5300
-13132,5301
-13131,5302
-13130,5303
-13129,5304
-13128,5305
-13127,5306
-13126,5307
-13125,5308
-13124,5309
-13123,5310
-13122,5311
-13121,5312
-13120,5313
-13119,5314
-13118,5315
-13117,5316
-13116,5317
-13115,5318
-13114,5319
-13113,5320
-13112,5321
-13111,5322
-13110,5323
-13109,5324
-13108,5325
-13107,5326
-13106,5327
-13105,5328
-13104,5329
-13103,5330
-13102,5331
-13101,5332
-13100,5333
-13099,5334
-13098,5335
-13097,5336
-13096,5337
-13095,5338
-13094,5339
-13093,5340
-13092,5341
-13091,5342
-13090,5343
-13089,5344
-13088,5345
-13087,5346
-13086,5347
-13085,5348
-13084,5349
-13083,5350
-13082,5351
-13081,5352
-13080,5353
-13079,5354
-13078,5355
-13077,5356
-13076,5357
-13075,5358
-13074,5359
-13073,5360
-13072,5361
-13071,5362
-13070,5363
-13069,5364
-13068,5365
-13067,5366
-13066,5367
-13065,5368
-13064,5369
-13063,5370
-13062,5371
-13061,5372
-13060,5373
-13059,5374
-13058,5375
-13057,5376
-13056,5377
-13055,5378
-13054,5379
-13053,5380
-13052,5381
-13051,5382
-13050,5383
-13049,5384
-13048,5385
-13047,5386
-13046,5387
-13045,5388
-13044,5389
-13043,5390
-13042,5391
-13041,5392
-13040,5393
-13039,5394
-13038,5395
-13037,5396
-13036,5397
-13035,5398
-13034,5399
-13033,5400
-13032,5401
-13031,5402
-13030,5403
-13029,5404
-13028,5405
-13027,5406
-13026,5407
-13025,5408
-13024,5409
-13023,5410
-13022,5411
-13021,5412
-13020,5413
-13019,5414
-13018,5415
-13017,5416
-13016,5417
-13015,5418
-13014,5419
-13013,5420
-13012,5421
-13011,5422
-13010,5423
-13009,5424
-13008,5425
-13007,5426
-13006,5427
-13005,5428
-13004,5429
-13003,5430
-13002,5431
-13001,5432
-13000,5433
-12999,5434
-12998,5435
-12997,5436
-12996,5437
-12995,5438
-12994,5439
-12993,5440
-12992,5441
-12991,5442
-12990,5443
-12989,5444
-12988,5445
-12987,5446
-12986,5447
-12985,5448
-12984,5449
-12983,5450
-12982,5451
-12981,5452
-12980,5453
-12979,5454
-12978,5455
-12977,5456
-12976,5457
-12975,5458
-12974,5459
-12973,5460
-12972,5461
-12971,5462
-12970,5463
-12969,5464
-12968,5465
-12967,5466
-12966,5467
-12965,5468
-12964,5469
-12963,5470
-12962,5471
-12961,5472
-12960,5473
-12959,5474
-12958,5475
-12957,5476
-12956,5477
-12955,5478
-12954,5479
-12953,5480
-12952,5481
-12951,5482
-12950,5483
-12949,5484
-12948,5485
-12947,5486
-12946,5487
-12945,5488
-12944,5489
-12943,5490
-12942,5491
-12941,5492
-12940,5493
-12939,5494
-12938,5495
-12937,5496
-12936,5497
-12935,5498
-12934,5499
-12933,5500
-12932,5501
-12931,5502
-12930,5503
-12929,5504
-12928,5505
-12927,5506
-12926,5507
-12925,5508
-12924,5509
-12923,5510
-12922,5511
-12921,5512
-12920,5513
-12919,5514
-12918,5515
-12917,5516
-12916,5517
-12915,5518
-12914,5519
-12913,5520
-12912,5521
-12911,5522
-12910,5523
-12909,5524
-12908,5525
-12907,5526
-12906,5527
-12905,5528
-12904,5529
-12903,5530
-12902,5531
-12901,5532
-12900,5533
-12899,5534
-12898,5535
-12897,5536
-12896,5537
-12895,5538
-12894,5539
-12893,5540
-12892,5541
-12891,5542
-12890,5543
-12889,5544
-12888,5545
-12887,5546
-12886,5547
-12885,5548
-12884,5549
-12883,5550
-12882,5551
-12881,5552
-12880,5553
-12879,5554
-12878,5555
-12877,5556
-12876,5557
-12875,5558
-12874,5559
-12873,5560
-12872,5561
-12871,5562
-12870,5563
-12869,5564
-12868,5565
-12867,5566
-12866,5567
-12865,5568
-12864,5569
-12863,5570
-12862,5571
-12861,5572
-12860,5573
-12859,5574
-12858,5575
-12857,5576
-12856,5577
-12855,5578
-12854,5579
-12853,5580
-12852,5581
-12851,5582
-12850,5583
-12849,5584
-12848,5585
-12847,5586
-12846,5587
-12845,5588
-12844,5589
-12843,5590
-12842,5591
-12841,5592
-12840,5593
-12839,5594
-12838,5595
-12837,5596
-12836,5597
-12835,5598
-12834,5599
-12833,5600
-12832,5601
-12831,5602
-12830,5603
-12829,5604
-12828,5605
-12827,5606
-12826,5607
-12825,5608
-12824,5609
-12823,5610
-12822,5611
-12821,5612
-12820,5613
-12819,5614
-12818,5615
-12817,5616
-12816,5617
-12815,5618
-12814,5619
-12813,5620
-12812,5621
-12811,5622
-12810,5623
-12809,5624
-12808,5625
-12807,5626
-12806,5627
-12805,5628
-12804,5629
-12803,5630
-12802,5631
-12801,5632
-12800,5633
-12799,5634
-12798,5635
-12797,5636
-12796,5637
-12795,5638
-12794,5639
-12793,5640
-12792,5641
-12791,5642
-12790,5643
-12789,5644
-12788,5645
-12787,5646
-12786,5647
-12785,5648
-12784,5649
-12783,5650
-12782,5651
-12781,5652
-12780,5653
-12779,5654
-12778,5655
-12777,5656
-12776,5657
-12775,5658
-12774,5659
-12773,5660
-12772,5661
-12771,5662
-12770,5663
-12769,5664
-12768,5665
-12767,5666
-12766,5667
-12765,5668
-12764,5669
-12763,5670
-12762,5671
-12761,5672
-12760,5673
-12759,5674
-12758,5675
-12757,5676
-12756,5677
-12755,5678
-12754,5679
-12753,5680
-12752,5681
-12751,5682
-12750,5683
-12749,5684
-12748,5685
-12747,5686
-12746,5687
-12745,5688
-12744,5689
-12743,5690
-12742,5691
-12741,5692
-12740,5693
-12739,5694
-12738,5695
-12737,5696
-12736,5697
-12735,5698
-12734,5699
-12733,5700
-12732,5701
-12731,5702
-12730,5703
-12729,5704
-12728,5705
-12727,5706
-12726,5707
-12725,5708
-12724,5709
-12723,5710
-12722,5711
-12721,5712
-12720,5713
-12719,5714
-12718,5715
-12717,5716
-12716,5717
-12715,5718
-12714,5719
-12713,5720
-12712,5721
-12711,5722
-12710,5723
-12709,5724
-12708,5725
-12707,5726
-12706,5727
-12705,5728
-12704,5729
-12703,5730
-12702,5731
-12701,5732
-12700,5733
-12699,5734
-12698,5735
-12697,5736
-12696,5737
-12695,5738
-12694,5739
-12693,5740
-12692,5741
-12691,5742
-12690,5743
-12689,5744
-12688,5745
-12687,5746
-12686,5747
-12685,5748
-12684,5749
-12683,5750
-12682,5751
-12681,5752
-12680,5753
-12679,5754
-12678,5755
-12677,5756
-12676,5757
-12675,5758
-12674,5759
-12673,5760
-12672,5761
-12671,5762
-12670,5763
-12669,5764
-12668,5765
-12667,5766
-12666,5767
-12665,5768
-12664,5769
-12663,5770
-12662,5771
-12661,5772
-12660,5773
-12659,5774
-12658,5775
-12657,5776
-12656,5777
-12655,5778
-12654,5779
-12653,5780
-12652,5781
-12651,5782
-12650,5783
-12649,5784
-12648,5785
-12647,5786
-12646,5787
-12645,5788
-12644,5789
-12643,5790
-12642,5791
-12641,5792
-12640,5793
-12639,5794
-12638,5795
-12637,5796
-12636,5797
-12635,5798
-12634,5799
-12633,5800
-12632,5801
-12631,5802
-12630,5803
-12629,5804
-12628,5805
-12627,5806
-12626,5807
-12625,5808
-12624,5809
-12623,5810
-12622,5811
-12621,5812
-12620,5813
-12619,5814
-12618,5815
-12617,5816
-12616,5817
-12615,5818
-12614,5819
-12613,5820
-12612,5821
-12611,5822
-12610,5823
-12609,5824
-12608,5825
-12607,5826
-12606,5827
-12605,5828
-12604,5829
-12603,5830
-12602,5831
-12601,5832
-12600,5833
-12599,5834
-12598,5835
-12597,5836
-12596,5837
-12595,5838
-12594,5839
-12593,5840
-12592,5841
-12591,5842
-12590,5843
-12589,5844
-12588,5845
-12587,5846
-12586,5847
-12585,5848
-12584,5849
-12583,5850
-12582,5851
-12581,5852
-12580,5853
-12579,5854
-12578,5855
-12577,5856
-12576,5857
-12575,5858
-12574,5859
-12573,5860
-12572,5861
-12571,5862
-12570,5863
-12569,5864
-12568,5865
-12567,5866
-12566,5867
-12565,5868
-12564,5869
-12563,5870
-12562,5871
-12561,5872
-12560,5873
-12559,5874
-12558,5875
-12557,5876
-12556,5877
-12555,5878
-12554,5879
-12553,5880
-12552,5881
-12551,5882
-12550,5883
-12549,5884
-12548,5885
-12547,5886
-12546,5887
-12545,5888
-12544,5889
-12543,5890
-12542,5891
-12541,5892
-12540,5893
-12539,5894
-12538,5895
-12537,5896
-12536,5897
-12535,5898
-12534,5899
-12533,5900
-12532,5901
-12531,5902
-12530,5903
-12529,5904
-12528,5905
-12527,5906
-12526,5907
-12525,5908
-12524,5909
-12523,5910
-12522,5911
-12521,5912
-12520,5913
-12519,5914
-12518,5915
-12517,5916
-12516,5917
-12515,5918
-12514,5919
-12513,5920
-12512,5921
-12511,5922
-12510,5923
-12509,5924
-12508,5925
-12507,5926
-12506,5927
-12505,5928
-12504,5929
-12503,5930
-12502,5931
-12501,5932
-12500,5933
-12499,5934
-12498,5935
-12497,5936
-12496,5937
-12495,5938
-12494,5939
-12493,5940
-12492,5941
-12491,5942
-12490,5943
-12489,5944
-12488,5945
-12487,5946
-12486,5947
-12485,5948
-12484,5949
-12483,5950
-12482,5951
-12481,5952
-12480,5953
-12479,5954
-12478,5955
-12477,5956
-12476,5957
-12475,5958
-12474,5959
-12473,5960
-12472,5961
-12471,5962
-12470,5963
-12469,5964
-12468,5965
-12467,5966
-12466,5967
-12465,5968
-12464,5969
-12463,5970
-12462,5971
-12461,5972
-12460,5973
-12459,5974
-12458,5975
-12457,5976
-12456,5977
-12455,5978
-12454,5979
-12453,5980
-12452,5981
-12451,5982
-12450,5983
-12449,5984
-12448,5985
-12447,5986
-12446,5987
-12445,5988
-12444,5989
-12443,5990
-12442,5991
-12441,5992
-12440,5993
-12439,5994
-12438,5995
-12437,5996
-12436,5997
-12435,5998
-12434,5999
-12433,6000
-12432,6001
-12431,6002
-12430,6003
-12429,6004
-12428,6005
-12427,6006
-12426,6007
-12425,6008
-12424,6009
-12423,6010
-12422,6011
-12421,6012
-12420,6013
-12419,6014
-12418,6015
-12417,6016
-12416,6017
-12415,6018
-12414,6019
-12413,6020
-12412,6021
-12411,6022
-12410,6023
-12409,6024
-12408,6025
-12407,6026
-12406,6027
-12405,6028
-12404,6029
-12403,6030
-12402,6031
-12401,6032
-12400,6033
-12399,6034
-12398,6035
-12397,6036
-12396,6037
-12395,6038
-12394,6039
-12393,6040
-12392,6041
-12391,6042
-12390,6043
-12389,6044
-12388,6045
-12387,6046
-12386,6047
-12385,6048
-12384,6049
-12383,6050
-12382,6051
-12381,6052
-12380,6053
-12379,6054
-12378,6055
-12377,6056
-12376,6057
-12375,6058
-12374,6059
-12373,6060
-12372,6061
-12371,6062
-12370,6063
-12369,6064
-12368,6065
-12367,6066
-12366,6067
-12365,6068
-12364,6069
-12363,6070
-12362,6071
-12361,6072
-12360,6073
-12359,6074
-12358,6075
-12357,6076
-12356,6077
-12355,6078
-12354,6079
-12353,6080
-12352,6081
-12351,6082
-12350,6083
-12349,6084
-12348,6085
-12347,6086
-12346,6087
-12345,6088
-12344,6089
-12343,6090
-12342,6091
-12341,6092
-12340,6093
-12339,6094
-12338,6095
-12337,6096
-12336,6097
-12335,6098
-12334,6099
-12333,6100
-12332,6101
-12331,6102
-12330,6103
-12329,6104
-12328,6105
-12327,6106
-12326,6107
-12325,6108
-12324,6109
-12323,6110
-12322,6111
-12321,6112
-12320,6113
-12319,6114
-12318,6115
-12317,6116
-12316,6117
-12315,6118
-12314,6119
-12313,6120
-12312,6121
-12311,6122
-12310,6123
-12309,6124
-12308,6125
-12307,6126
-12306,6127
-12305,6128
-12304,6129
-12303,6130
-12302,6131
-12301,6132
-12300,6133
-12299,6134
-12298,6135
-12297,6136
-12296,6137
-12295,6138
-12294,6139
-12293,6140
-12292,6141
-12291,6142
-12290,6143
-12289,6144
-12288,6145
-12287,6146
-12286,6147
-12285,6148
-12284,6149
-12283,6150
-12282,6151
-12281,6152
-12280,6153
-12279,6154
-12278,6155
-12277,6156
-12276,6157
-12275,6158
-12274,6159
-12273,6160
-12272,6161
-12271,6162
-12270,6163
-12269,6164
-12268,6165
-12267,6166
-12266,6167
-12265,6168
-12264,6169
-12263,6170
-12262,6171
-12261,6172
-12260,6173
-12259,6174
-12258,6175
-12257,6176
-12256,6177
-12255,6178
-12254,6179
-12253,6180
-12252,6181
-12251,6182
-12250,6183
-12249,6184
-12248,6185
-12247,6186
-12246,6187
-12245,6188
-12244,6189
-12243,6190
-12242,6191
-12241,6192
-12240,6193
-12239,6194
-12238,6195
-12237,6196
-12236,6197
-12235,6198
-12234,6199
-12233,6200
-12232,6201
-12231,6202
-12230,6203
-12229,6204
-12228,6205
-12227,6206
-12226,6207
-12225,6208
-12224,6209
-12223,6210
-12222,6211
-12221,6212
-12220,6213
-12219,6214
-12218,6215
-12217,6216
-12216,6217
-12215,6218
-12214,6219
-12213,6220
-12212,6221
-12211,6222
-12210,6223
-12209,6224
-12208,6225
-12207,6226
-12206,6227
-12205,6228
-12204,6229
-12203,6230
-12202,6231
-12201,6232
-12200,6233
-12199,6234
-12198,6235
-12197,6236
-12196,6237
-12195,6238
-12194,6239
-12193,6240
-12192,6241
-12191,6242
-12190,6243
-12189,6244
-12188,6245
-12187,6246
-12186,6247
-12185,6248
-12184,6249
-12183,6250
-12182,6251
-12181,6252
-12180,6253
-12179,6254
-12178,6255
-12177,6256
-12176,6257
-12175,6258
-12174,6259
-12173,6260
-12172,6261
-12171,6262
-12170,6263
-12169,6264
-12168,6265
-12167,6266
-12166,6267
-12165,6268
-12164,6269
-12163,6270
-12162,6271
-12161,6272
-12160,6273
-12159,6274
-12158,6275
-12157,6276
-12156,6277
-12155,6278
-12154,6279
-12153,6280
-12152,6281
-12151,6282
-12150,6283
-12149,6284
-12148,6285
-12147,6286
-12146,6287
-12145,6288
-12144,6289
-12143,6290
-12142,6291
-12141,6292
-12140,6293
-12139,6294
-12138,6295
-12137,6296
-12136,6297
-12135,6298
-12134,6299
-12133,6300
-12132,6301
-12131,6302
-12130,6303
-12129,6304
-12128,6305
-12127,6306
-12126,6307
-12125,6308
-12124,6309
-12123,6310
-12122,6311
-12121,6312
-12120,6313
-12119,6314
-12118,6315
-12117,6316
-12116,6317
-12115,6318
-12114,6319
-12113,6320
-12112,6321
-12111,6322
-12110,6323
-12109,6324
-12108,6325
-12107,6326
-12106,6327
-12105,6328
-12104,6329
-12103,6330
-12102,6331
-12101,6332
-12100,6333
-12099,6334
-12098,6335
-12097,6336
-12096,6337
-12095,6338
-12094,6339
-12093,6340
-12092,6341
-12091,6342
-12090,6343
-12089,6344
-12088,6345
-12087,6346
-12086,6347
-12085,6348
-12084,6349
-12083,6350
-12082,6351
-12081,6352
-12080,6353
-12079,6354
-12078,6355
-12077,6356
-12076,6357
-12075,6358
-12074,6359
-12073,6360
-12072,6361
-12071,6362
-12070,6363
-12069,6364
-12068,6365
-12067,6366
-12066,6367
-12065,6368
-12064,6369
-12063,6370
-12062,6371
-12061,6372
-12060,6373
-12059,6374
-12058,6375
-12057,6376
-12056,6377
-12055,6378
-12054,6379
-12053,6380
-12052,6381
-12051,6382
-12050,6383
-12049,6384
-12048,6385
-12047,6386
-12046,6387
-12045,6388
-12044,6389
-12043,6390
-12042,6391
-12041,6392
-12040,6393
-12039,6394
-12038,6395
-12037,6396
-12036,6397
-12035,6398
-12034,6399
-12033,6400
-12032,6401
-12031,6402
-12030,6403
-12029,6404
-12028,6405
-12027,6406
-12026,6407
-12025,6408
-12024,6409
-12023,6410
-12022,6411
-12021,6412
-12020,6413
-12019,6414
-12018,6415
-12017,6416
-12016,6417
-12015,6418
-12014,6419
-12013,6420
-12012,6421
-12011,6422
-12010,6423
-12009,6424
-12008,6425
-12007,6426
-12006,6427
-12005,6428
-12004,6429
-12003,6430
-12002,6431
-12001,6432
-12000,6433
-11999,6434
-11998,6435
-11997,6436
-11996,6437
-11995,6438
-11994,6439
-11993,6440
-11992,6441
-11991,6442
-11990,6443
-11989,6444
-11988,6445
-11987,6446
-11986,6447
-11985,6448
-11984,6449
-11983,6450
-11982,6451
-11981,6452
-11980,6453
-11979,6454
-11978,6455
-11977,6456
-11976,6457
-11975,6458
-11974,6459
-11973,6460
-11972,6461
-11971,6462
-11970,6463
-11969,6464
-11968,6465
-11967,6466
-11966,6467
-11965,6468
-11964,6469
-11963,6470
-11962,6471
-11961,6472
-11960,6473
-11959,6474
-11958,6475
-11957,6476
-11956,6477
-11955,6478
-11954,6479
-11953,6480
-11952,6481
-11951,6482
-11950,6483
-11949,6484
-11948,6485
-11947,6486
-11946,6487
-11945,6488
-11944,6489
-11943,6490
-11942,6491
-11941,6492
-11940,6493
-11939,6494
-11938,6495
-11937,6496
-11936,6497
-11935,6498
-11934,6499
-11933,6500
-11932,6501
-11931,6502
-11930,6503
-11929,6504
-11928,6505
-11927,6506
-11926,6507
-11925,6508
-11924,6509
-11923,6510
-11922,6511
-11921,6512
-11920,6513
-11919,6514
-11918,6515
-11917,6516
-11916,6517
-11915,6518
-11914,6519
-11913,6520
-11912,6521
-11911,6522
-11910,6523
-11909,6524
-11908,6525
-11907,6526
-11906,6527
-11905,6528
-11904,6529
-11903,6530
-11902,6531
-11901,6532
-11900,6533
-11899,6534
-11898,6535
-11897,6536
-11896,6537
-11895,6538
-11894,6539
-11893,6540
-11892,6541
-11891,6542
-11890,6543
-11889,6544
-11888,6545
-11887,6546
-11886,6547
-11885,6548
-11884,6549
-11883,6550
-11882,6551
-11881,6552
-11880,6553
-11879,6554
-11878,6555
-11877,6556
-11876,6557
-11875,6558
-11874,6559
-11873,6560
-11872,6561
-11871,6562
-11870,6563
-11869,6564
-11868,6565
-11867,6566
-11866,6567
-11865,6568
-11864,6569
-11863,6570
-11862,6571
-11861,6572
-11860,6573
-11859,6574
-11858,6575
-11857,6576
-11856,6577
-11855,6578
-11854,6579
-11853,6580
-11852,6581
-11851,6582
-11850,6583
-11849,6584
-11848,6585
-11847,6586
-11846,6587
-11845,6588
-11844,6589
-11843,6590
-11842,6591
-11841,6592
-11840,6593
-11839,6594
-11838,6595
-11837,6596
-11836,6597
-11835,6598
-11834,6599
-11833,6600
-11832,6601
-11831,6602
-11830,6603
-11829,6604
-11828,6605
-11827,6606
-11826,6607
-11825,6608
-11824,6609
-11823,6610
-11822,6611
-11821,6612
-11820,6613
-11819,6614
-11818,6615
-11817,6616
-11816,6617
-11815,6618
-11814,6619
-11813,6620
-11812,6621
-11811,6622
-11810,6623
-11809,6624
-11808,6625
-11807,6626
-11806,6627
-11805,6628
-11804,6629
-11803,6630
-11802,6631
-11801,6632
-11800,6633
-11799,6634
-11798,6635
-11797,6636
-11796,6637
-11795,6638
-11794,6639
-11793,6640
-11792,6641
-11791,6642
-11790,6643
-11789,6644
-11788,6645
-11787,6646
-11786,6647
-11785,6648
-11784,6649
-11783,6650
-11782,6651
-11781,6652
-11780,6653
-11779,6654
-11778,6655
-11777,6656
-11776,6657
-11775,6658
-11774,6659
-11773,6660
-11772,6661
-11771,6662
-11770,6663
-11769,6664
-11768,6665
-11767,6666
-11766,6667
-11765,6668
-11764,6669
-11763,6670
-11762,6671
-11761,6672
-11760,6673
-11759,6674
-11758,6675
-11757,6676
-11756,6677
-11755,6678
-11754,6679
-11753,6680
-11752,6681
-11751,6682
-11750,6683
-11749,6684
-11748,6685
-11747,6686
-11746,6687
-11745,6688
-11744,6689
-11743,6690
-11742,6691
-11741,6692
-11740,6693
-11739,6694
-11738,6695
-11737,6696
-11736,6697
-11735,6698
-11734,6699
-11733,6700
-11732,6701
-11731,6702
-11730,6703
-11729,6704
-11728,6705
-11727,6706
-11726,6707
-11725,6708
-11724,6709
-11723,6710
-11722,6711
-11721,6712
-11720,6713
-11719,6714
-11718,6715
-11717,6716
-11716,6717
-11715,6718
-11714,6719
-11713,6720
-11712,6721
-11711,6722
-11710,6723
-11709,6724
-11708,6725
-11707,6726
-11706,6727
-11705,6728
-11704,6729
-11703,6730
-11702,6731
-11701,6732
-11700,6733
-11699,6734
-11698,6735
-11697,6736
-11696,6737
-11695,6738
-11694,6739
-11693,6740
-11692,6741
-11691,6742
-11690,6743
-11689,6744
-11688,6745
-11687,6746
-11686,6747
-11685,6748
-11684,6749
-11683,6750
-11682,6751
-11681,6752
-11680,6753
-11679,6754
-11678,6755
-11677,6756
-11676,6757
-11675,6758
-11674,6759
-11673,6760
-11672,6761
-11671,6762
-11670,6763
-11669,6764
-11668,6765
-11667,6766
-11666,6767
-11665,6768
-11664,6769
-11663,6770
-11662,6771
-11661,6772
-11660,6773
-11659,6774
-11658,6775
-11657,6776
-11656,6777
-11655,6778
-11654,6779
-11653,6780
-11652,6781
-11651,6782
-11650,6783
-11649,6784
-11648,6785
-11647,6786
-11646,6787
-11645,6788
-11644,6789
-11643,6790
-11642,6791
-11641,6792
-11640,6793
-11639,6794
-11638,6795
-11637,6796
-11636,6797
-11635,6798
-11634,6799
-11633,6800
-11632,6801
-11631,6802
-11630,6803
-11629,6804
-11628,6805
-11627,6806
-11626,6807
-11625,6808
-11624,6809
-11623,6810
-11622,6811
-11621,6812
-11620,6813
-11619,6814
-11618,6815
-11617,6816
-11616,6817
-11615,6818
-11614,6819
-11613,6820
-11612,6821
-11611,6822
-11610,6823
-11609,6824
-11608,6825
-11607,6826
-11606,6827
-11605,6828
-11604,6829
-11603,6830
-11602,6831
-11601,6832
-11600,6833
-11599,6834
-11598,6835
-11597,6836
-11596,6837
-11595,6838
-11594,6839
-11593,6840
-11592,6841
-11591,6842
-11590,6843
-11589,6844
-11588,6845
-11587,6846
-11586,6847
-11585,6848
-11584,6849
-11583,6850
-11582,6851
-11581,6852
-11580,6853
-11579,6854
-11578,6855
-11577,6856
-11576,6857
-11575,6858
-11574,6859
-11573,6860
-11572,6861
-11571,6862
-11570,6863
-11569,6864
-11568,6865
-11567,6866
-11566,6867
-11565,6868
-11564,6869
-11563,6870
-11562,6871
-11561,6872
-11560,6873
-11559,6874
-11558,6875
-11557,6876
-11556,6877
-11555,6878
-11554,6879
-11553,6880
-11552,6881
-11551,6882
-11550,6883
-11549,6884
-11548,6885
-11547,6886
-11546,6887
-11545,6888
-11544,6889
-11543,6890
-11542,6891
-11541,6892
-11540,6893
-11539,6894
-11538,6895
-11537,6896
-11536,6897
-11535,6898
-11534,6899
-11533,6900
-11532,6901
-11531,6902
-11530,6903
-11529,6904
-11528,6905
-11527,6906
-11526,6907
-11525,6908
-11524,6909
-11523,6910
-11522,6911
-11521,6912
-11520,6913
-11519,6914
-11518,6915
-11517,6916
-11516,6917
-11515,6918
-11514,6919
-11513,6920
-11512,6921
-11511,6922
-11510,6923
-11509,6924
-11508,6925
-11507,6926
-11506,6927
-11505,6928
-11504,6929
-11503,6930
-11502,6931
-11501,6932
-11500,6933
-11499,6934
-11498,6935
-11497,6936
-11496,6937
-11495,6938
-11494,6939
-11493,6940
-11492,6941
-11491,6942
-11490,6943
-11489,6944
-11488,6945
-11487,6946
-11486,6947
-11485,6948
-11484,6949
-11483,6950
-11482,6951
-11481,6952
-11480,6953
-11479,6954
-11478,6955
-11477,6956
-11476,6957
-11475,6958
-11474,6959
-11473,6960
-11472,6961
-11471,6962
-11470,6963
-11469,6964
-11468,6965
-11467,6966
-11466,6967
-11465,6968
-11464,6969
-11463,6970
-11462,6971
-11461,6972
-11460,6973
-11459,6974
-11458,6975
-11457,6976
-11456,6977
-11455,6978
-11454,6979
-11453,6980
-11452,6981
-11451,6982
-11450,6983
-11449,6984
-11448,6985
-11447,6986
-11446,6987
-11445,6988
-11444,6989
-11443,6990
-11442,6991
-11441,6992
-11440,6993
-11439,6994
-11438,6995
-11437,6996
-11436,6997
-11435,6998
-11434,6999
-11433,7000
-11432,7001
-11431,7002
-11430,7003
-11429,7004
-11428,7005
-11427,7006
-11426,7007
-11425,7008
-11424,7009
-11423,7010
-11422,7011
-11421,7012
-11420,7013
-11419,7014
-11418,7015
-11417,7016
-11416,7017
-11415,7018
-11414,7019
-11413,7020
-11412,7021
-11411,7022
-11410,7023
-11409,7024
-11408,7025
-11407,7026
-11406,7027
-11405,7028
-11404,7029
-11403,7030
-11402,7031
-11401,7032
-11400,7033
-11399,7034
-11398,7035
-11397,7036
-11396,7037
-11395,7038
-11394,7039
-11393,7040
-11392,7041
-11391,7042
-11390,7043
-11389,7044
-11388,7045
-11387,7046
-11386,7047
-11385,7048
-11384,7049
-11383,7050
-11382,7051
-11381,7052
-11380,7053
-11379,7054
-11378,7055
-11377,7056
-11376,7057
-11375,7058
-11374,7059
-11373,7060
-11372,7061
-11371,7062
-11370,7063
-11369,7064
-11368,7065
-11367,7066
-11366,7067
-11365,7068
-11364,7069
-11363,7070
-11362,7071
-11361,7072
-11360,7073
-11359,7074
-11358,7075
-11357,7076
-11356,7077
-11355,7078
-11354,7079
-11353,7080
-11352,7081
-11351,7082
-11350,7083
-11349,7084
-11348,7085
-11347,7086
-11346,7087
-11345,7088
-11344,7089
-11343,7090
-11342,7091
-11341,7092
-11340,7093
-11339,7094
-11338,7095
-11337,7096
-11336,7097
-11335,7098
-11334,7099
-11333,7100
-11332,7101
-11331,7102
-11330,7103
-11329,7104
-11328,7105
-11327,7106
-11326,7107
-11325,7108
-11324,7109
-11323,7110
-11322,7111
-11321,7112
-11320,7113
-11319,7114
-11318,7115
-11317,7116
-11316,7117
-11315,7118
-11314,7119
-11313,7120
-11312,7121
-11311,7122
-11310,7123
-11309,7124
-11308,7125
-11307,7126
-11306,7127
-11305,7128
-11304,7129
-11303,7130
-11302,7131
-11301,7132
-11300,7133
-11299,7134
-11298,7135
-11297,7136
-11296,7137
-11295,7138
-11294,7139
-11293,7140
-11292,7141
-11291,7142
-11290,7143
-11289,7144
-11288,7145
-11287,7146
-11286,7147
-11285,7148
-11284,7149
-11283,7150
-11282,7151
-11281,7152
-11280,7153
-11279,7154
-11278,7155
-11277,7156
-11276,7157
-11275,7158
-11274,7159
-11273,7160
-11272,7161
-11271,7162
-11270,7163
-11269,7164
-11268,7165
-11267,7166
-11266,7167
-11265,7168
-11264,7169
-11263,7170
-11262,7171
-11261,7172
-11260,7173
-11259,7174
-11258,7175
-11257,7176
-11256,7177
-11255,7178
-11254,7179
-11253,7180
-11252,7181
-11251,7182
-11250,7183
-11249,7184
-11248,7185
-11247,7186
-11246,7187
-11245,7188
-11244,7189
-11243,7190
-11242,7191
-11241,7192
-11240,7193
-11239,7194
-11238,7195
-11237,7196
-11236,7197
-11235,7198
-11234,7199
-11233,7200
-11232,7201
-11231,7202
-11230,7203
-11229,7204
-11228,7205
-11227,7206
-11226,7207
-11225,7208
-11224,7209
-11223,7210
-11222,7211
-11221,7212
-11220,7213
-11219,7214
-11218,7215
-11217,7216
-11216,7217
-11215,7218
-11214,7219
-11213,7220
-11212,7221
-11211,7222
-11210,7223
-11209,7224
-11208,7225
-11207,7226
-11206,7227
-11205,7228
-11204,7229
-11203,7230
-11202,7231
-11201,7232
-11200,7233
-11199,7234
-11198,7235
-11197,7236
-11196,7237
-11195,7238
-11194,7239
-11193,7240
-11192,7241
-11191,7242
-11190,7243
-11189,7244
-11188,7245
-11187,7246
-11186,7247
-11185,7248
-11184,7249
-11183,7250
-11182,7251
-11181,7252
-11180,7253
-11179,7254
-11178,7255
-11177,7256
-11176,7257
-11175,7258
-11174,7259
-11173,7260
-11172,7261
-11171,7262
-11170,7263
-11169,7264
-11168,7265
-11167,7266
-11166,7267
-11165,7268
-11164,7269
-11163,7270
-11162,7271
-11161,7272
-11160,7273
-11159,7274
-11158,7275
-11157,7276
-11156,7277
-11155,7278
-11154,7279
-11153,7280
-11152,7281
-11151,7282
-11150,7283
-11149,7284
-11148,7285
-11147,7286
-11146,7287
-11145,7288
-11144,7289
-11143,7290
-11142,7291
-11141,7292
-11140,7293
-11139,7294
-11138,7295
-11137,7296
-11136,7297
-11135,7298
-11134,7299
-11133,7300
-11132,7301
-11131,7302
-11130,7303
-11129,7304
-11128,7305
-11127,7306
-11126,7307
-11125,7308
-11124,7309
-11123,7310
-11122,7311
-11121,7312
-11120,7313
-11119,7314
-11118,7315
-11117,7316
-11116,7317
-11115,7318
-11114,7319
-11113,7320
-11112,7321
-11111,7322
-11110,7323
-11109,7324
-11108,7325
-11107,7326
-11106,7327
-11105,7328
-11104,7329
-11103,7330
-11102,7331
-11101,7332
-11100,7333
-11099,7334
-11098,7335
-11097,7336
-11096,7337
-11095,7338
-11094,7339
-11093,7340
-11092,7341
-11091,7342
-11090,7343
-11089,7344
-11088,7345
-11087,7346
-11086,7347
-11085,7348
-11084,7349
-11083,7350
-11082,7351
-11081,7352
-11080,7353
-11079,7354
-11078,7355
-11077,7356
-11076,7357
-11075,7358
-11074,7359
-11073,7360
-11072,7361
-11071,7362
-11070,7363
-11069,7364
-11068,7365
-11067,7366
-11066,7367
-11065,7368
-11064,7369
-11063,7370
-11062,7371
-11061,7372
-11060,7373
-11059,7374
-11058,7375
-11057,7376
-11056,7377
-11055,7378
-11054,7379
-11053,7380
-11052,7381
-11051,7382
-11050,7383
-11049,7384
-11048,7385
-11047,7386
-11046,7387
-11045,7388
-11044,7389
-11043,7390
-11042,7391
-11041,7392
-11040,7393
-11039,7394
-11038,7395
-11037,7396
-11036,7397
-11035,7398
-11034,7399
-11033,7400
-11032,7401
-11031,7402
-11030,7403
-11029,7404
-11028,7405
-11027,7406
-11026,7407
-11025,7408
-11024,7409
-11023,7410
-11022,7411
-11021,7412
-11020,7413
-11019,7414
-11018,7415
-11017,7416
-11016,7417
-11015,7418
-11014,7419
-11013,7420
-11012,7421
-11011,7422
-11010,7423
-11009,7424
-11008,7425
-11007,7426
-11006,7427
-11005,7428
-11004,7429
-11003,7430
-11002,7431
-11001,7432
-11000,7433
-10999,7434
-10998,7435
-10997,7436
-10996,7437
-10995,7438
-10994,7439
-10993,7440
-10992,7441
-10991,7442
-10990,7443
-10989,7444
-10988,7445
-10987,7446
-10986,7447
-10985,7448
-10984,7449
-10983,7450
-10982,7451
-10981,7452
-10980,7453
-10979,7454
-10978,7455
-10977,7456
-10976,7457
-10975,7458
-10974,7459
-10973,7460
-10972,7461
-10971,7462
-10970,7463
-10969,7464
-10968,7465
-10967,7466
-10966,7467
-10965,7468
-10964,7469
-10963,7470
-10962,7471
-10961,7472
-10960,7473
-10959,7474
-10958,7475
-10957,7476
-10956,7477
-10955,7478
-10954,7479
-10953,7480
-10952,7481
-10951,7482
-10950,7483
-10949,7484
-10948,7485
-10947,7486
-10946,7487
-10945,7488
-10944,7489
-10943,7490
-10942,7491
-10941,7492
-10940,7493
-10939,7494
-10938,7495
-10937,7496
-10936,7497
-10935,7498
-10934,7499
-10933,7500
-10932,7501
-10931,7502
-10930,7503
-10929,7504
-10928,7505
-10927,7506
-10926,7507
-10925,7508
-10924,7509
-10923,7510
-10922,7511
-10921,7512
-10920,7513
-10919,7514
-10918,7515
-10917,7516
-10916,7517
-10915,7518
-10914,7519
-10913,7520
-10912,7521
-10911,7522
-10910,7523
-10909,7524
-10908,7525
-10907,7526
-10906,7527
-10905,7528
-10904,7529
-10903,7530
-10902,7531
-10901,7532
-10900,7533
-10899,7534
-10898,7535
-10897,7536
-10896,7537
-10895,7538
-10894,7539
-10893,7540
-10892,7541
-10891,7542
-10890,7543
-10889,7544
-10888,7545
-10887,7546
-10886,7547
-10885,7548
-10884,7549
-10883,7550
-10882,7551
-10881,7552
-10880,7553
-10879,7554
-10878,7555
-10877,7556
-10876,7557
-10875,7558
-10874,7559
-10873,7560
-10872,7561
-10871,7562
-10870,7563
-10869,7564
-10868,7565
-10867,7566
-10866,7567
-10865,7568
-10864,7569
-10863,7570
-10862,7571
-10861,7572
-10860,7573
-10859,7574
-10858,7575
-10857,7576
-10856,7577
-10855,7578
-10854,7579
-10853,7580
-10852,7581
-10851,7582
-10850,7583
-10849,7584
-10848,7585
-10847,7586
-10846,7587
-10845,7588
-10844,7589
-10843,7590
-10842,7591
-10841,7592
-10840,7593
-10839,7594
-10838,7595
-10837,7596
-10836,7597
-10835,7598
-10834,7599
-10833,7600
-10832,7601
-10831,7602
-10830,7603
-10829,7604
-10828,7605
-10827,7606
-10826,7607
-10825,7608
-10824,7609
-10823,7610
-10822,7611
-10821,7612
-10820,7613
-10819,7614
-10818,7615
-10817,7616
-10816,7617
-10815,7618
-10814,7619
-10813,7620
-10812,7621
-10811,7622
-10810,7623
-10809,7624
-10808,7625
-10807,7626
-10806,7627
-10805,7628
-10804,7629
-10803,7630
-10802,7631
-10801,7632
-10800,7633
-10799,7634
-10798,7635
-10797,7636
-10796,7637
-10795,7638
-10794,7639
-10793,7640
-10792,7641
-10791,7642
-10790,7643
-10789,7644
-10788,7645
-10787,7646
-10786,7647
-10785,7648
-10784,7649
-10783,7650
-10782,7651
-10781,7652
-10780,7653
-10779,7654
-10778,7655
-10777,7656
-10776,7657
-10775,7658
-10774,7659
-10773,7660
-10772,7661
-10771,7662
-10770,7663
-10769,7664
-10768,7665
-10767,7666
-10766,7667
-10765,7668
-10764,7669
-10763,7670
-10762,7671
-10761,7672
-10760,7673
-10759,7674
-10758,7675
-10757,7676
-10756,7677
-10755,7678
-10754,7679
-10753,7680
-10752,7681
-10751,7682
-10750,7683
-10749,7684
-10748,7685
-10747,7686
-10746,7687
-10745,7688
-10744,7689
-10743,7690
-10742,7691
-10741,7692
-10740,7693
-10739,7694
-10738,7695
-10737,7696
-10736,7697
-10735,7698
-10734,7699
-10733,7700
-10732,7701
-10731,7702
-10730,7703
-10729,7704
-10728,7705
-10727,7706
-10726,7707
-10725,7708
-10724,7709
-10723,7710
-10722,7711
-10721,7712
-10720,7713
-10719,7714
-10718,7715
-10717,7716
-10716,7717
-10715,7718
-10714,7719
-10713,7720
-10712,7721
-10711,7722
-10710,7723
-10709,7724
-10708,7725
-10707,7726
-10706,7727
-10705,7728
-10704,7729
-10703,7730
-10702,7731
-10701,7732
-10700,7733
-10699,7734
-10698,7735
-10697,7736
-10696,7737
-10695,7738
-10694,7739
-10693,7740
-10692,7741
-10691,7742
-10690,7743
-10689,7744
-10688,7745
-10687,7746
-10686,7747
-10685,7748
-10684,7749
-10683,7750
-10682,7751
-10681,7752
-10680,7753
-10679,7754
-10678,7755
-10677,7756
-10676,7757
-10675,7758
-10674,7759
-10673,7760
-10672,7761
-10671,7762
-10670,7763
-10669,7764
-10668,7765
-10667,7766
-10666,7767
-10665,7768
-10664,7769
-10663,7770
-10662,7771
-10661,7772
-10660,7773
-10659,7774
-10658,7775
-10657,7776
-10656,7777
-10655,7778
-10654,7779
-10653,7780
-10652,7781
-10651,7782
-10650,7783
-10649,7784
-10648,7785
-10647,7786
-10646,7787
-10645,7788
-10644,7789
-10643,7790
-10642,7791
-10641,7792
-10640,7793
-10639,7794
-10638,7795
-10637,7796
-10636,7797
-10635,7798
-10634,7799
-10633,7800
-10632,7801
-10631,7802
-10630,7803
-10629,7804
-10628,7805
-10627,7806
-10626,7807
-10625,7808
-10624,7809
-10623,7810
-10622,7811
-10621,7812
-10620,7813
-10619,7814
-10618,7815
-10617,7816
-10616,7817
-10615,7818
-10614,7819
-10613,7820
-10612,7821
-10611,7822
-10610,7823
-10609,7824
-10608,7825
-10607,7826
-10606,7827
-10605,7828
-10604,7829
-10603,7830
-10602,7831
-10601,7832
-10600,7833
-10599,7834
-10598,7835
-10597,7836
-10596,7837
-10595,7838
-10594,7839
-10593,7840
-10592,7841
-10591,7842
-10590,7843
-10589,7844
-10588,7845
-10587,7846
-10586,7847
-10585,7848
-10584,7849
-10583,7850
-10582,7851
-10581,7852
-10580,7853
-10579,7854
-10578,7855
-10577,7856
-10576,7857
-10575,7858
-10574,7859
-10573,7860
-10572,7861
-10571,7862
-10570,7863
-10569,7864
-10568,7865
-10567,7866
-10566,7867
-10565,7868
-10564,7869
-10563,7870
-10562,7871
-10561,7872
-10560,7873
-10559,7874
-10558,7875
-10557,7876
-10556,7877
-10555,7878
-10554,7879
-10553,7880
-10552,7881
-10551,7882
-10550,7883
-10549,7884
-10548,7885
-10547,7886
-10546,7887
-10545,7888
-10544,7889
-10543,7890
-10542,7891
-10541,7892
-10540,7893
-10539,7894
-10538,7895
-10537,7896
-10536,7897
-10535,7898
-10534,7899
-10533,7900
-10532,7901
-10531,7902
-10530,7903
-10529,7904
-10528,7905
-10527,7906
-10526,7907
-10525,7908
-10524,7909
-10523,7910
-10522,7911
-10521,7912
-10520,7913
-10519,7914
-10518,7915
-10517,7916
-10516,7917
-10515,7918
-10514,7919
-10513,7920
-10512,7921
-10511,7922
-10510,7923
-10509,7924
-10508,7925
-10507,7926
-10506,7927
-10505,7928
-10504,7929
-10503,7930
-10502,7931
-10501,7932
-10500,7933
-10499,7934
-10498,7935
-10497,7936
-10496,7937
-10495,7938
-10494,7939
-10493,7940
-10492,7941
-10491,7942
-10490,7943
-10489,7944
-10488,7945
-10487,7946
-10486,7947
-10485,7948
-10484,7949
-10483,7950
-10482,7951
-10481,7952
-10480,7953
-10479,7954
-10478,7955
-10477,7956
-10476,7957
-10475,7958
-10474,7959
-10473,7960
-10472,7961
-10471,7962
-10470,7963
-10469,7964
-10468,7965
-10467,7966
-10466,7967
-10465,7968
-10464,7969
-10463,7970
-10462,7971
-10461,7972
-10460,7973
-10459,7974
-10458,7975
-10457,7976
-10456,7977
-10455,7978
-10454,7979
-10453,7980
-10452,7981
-10451,7982
-10450,7983
-10449,7984
-10448,7985
-10447,7986
-10446,7987
-10445,7988
-10444,7989
-10443,7990
-10442,7991
-10441,7992
-10440,7993
-10439,7994
-10438,7995
-10437,7996
-10436,7997
-10435,7998
-10434,7999
-10433,8000
-10432,8001
-10431,8002
-10430,8003
-10429,8004
-10428,8005
-10427,8006
-10426,8007
-10425,8008
-10424,8009
-10423,8010
-10422,8011
-10421,8012
-10420,8013
-10419,8014
-10418,8015
-10417,8016
-10416,8017
-10415,8018
-10414,8019
-10413,8020
-10412,8021
-10411,8022
-10410,8023
-10409,8024
-10408,8025
-10407,8026
-10406,8027
-10405,8028
-10404,8029
-10403,8030
-10402,8031
-10401,8032
-10400,8033
-10399,8034
-10398,8035
-10397,8036
-10396,8037
-10395,8038
-10394,8039
-10393,8040
-10392,8041
-10391,8042
-10390,8043
-10389,8044
-10388,8045
-10387,8046
-10386,8047
-10385,8048
-10384,8049
-10383,8050
-10382,8051
-10381,8052
-10380,8053
-10379,8054
-10378,8055
-10377,8056
-10376,8057
-10375,8058
-10374,8059
-10373,8060
-10372,8061
-10371,8062
-10370,8063
-10369,8064
-10368,8065
-10367,8066
-10366,8067
-10365,8068
-10364,8069
-10363,8070
-10362,8071
-10361,8072
-10360,8073
-10359,8074
-10358,8075
-10357,8076
-10356,8077
-10355,8078
-10354,8079
-10353,8080
-10352,8081
-10351,8082
-10350,8083
-10349,8084
-10348,8085
-10347,8086
-10346,8087
-10345,8088
-10344,8089
-10343,8090
-10342,8091
-10341,8092
-10340,8093
-10339,8094
-10338,8095
-10337,8096
-10336,8097
-10335,8098
-10334,8099
-10333,8100
-10332,8101
-10331,8102
-10330,8103
-10329,8104
-10328,8105
-10327,8106
-10326,8107
-10325,8108
-10324,8109
-10323,8110
-10322,8111
-10321,8112
-10320,8113
-10319,8114
-10318,8115
-10317,8116
-10316,8117
-10315,8118
-10314,8119
-10313,8120
-10312,8121
-10311,8122
-10310,8123
-10309,8124
-10308,8125
-10307,8126
-10306,8127
-10305,8128
-10304,8129
-10303,8130
-10302,8131
-10301,8132
-10300,8133
-10299,8134
-10298,8135
-10297,8136
-10296,8137
-10295,8138
-10294,8139
-10293,8140
-10292,8141
-10291,8142
-10290,8143
-10289,8144
-10288,8145
-10287,8146
-10286,8147
-10285,8148
-10284,8149
-10283,8150
-10282,8151
-10281,8152
-10280,8153
-10279,8154
-10278,8155
-10277,8156
-10276,8157
-10275,8158
-10274,8159
-10273,8160
-10272,8161
-10271,8162
-10270,8163
-10269,8164
-10268,8165
-10267,8166
-10266,8167
-10265,8168
-10264,8169
-10263,8170
-10262,8171
-10261,8172
-10260,8173
-10259,8174
-10258,8175
-10257,8176
-10256,8177
-10255,8178
-10254,8179
-10253,8180
-10252,8181
-10251,8182
-10250,8183
-10249,8184
-10248,8185
-10247,8186
-10246,8187
-10245,8188
-10244,8189
-10243,8190
-10242,8191
-10241,8192
-10240,8193
-10239,8194
-10238,8195
-10237,8196
-10236,8197
-10235,8198
-10234,8199
-10233,8200
-10232,8201
-10231,8202
-10230,8203
-10229,8204
-10228,8205
-10227,8206
-10226,8207
-10225,8208
-10224,8209
-10223,8210
-10222,8211
-10221,8212
-10220,8213
-10219,8214
-10218,8215
-10217,8216
-10216,8217
-10215,8218
-10214,8219
-10213,8220
-10212,8221
-10211,8222
-10210,8223
-10209,8224
-10208,8225
-10207,8226
-10206,8227
-10205,8228
-10204,8229
-10203,8230
-10202,8231
-10201,8232
-10200,8233
-10199,8234
-10198,8235
-10197,8236
-10196,8237
-10195,8238
-10194,8239
-10193,8240
-10192,8241
-10191,8242
-10190,8243
-10189,8244
-10188,8245
-10187,8246
-10186,8247
-10185,8248
-10184,8249
-10183,8250
-10182,8251
-10181,8252
-10180,8253
-10179,8254
-10178,8255
-10177,8256
-10176,8257
-10175,8258
-10174,8259
-10173,8260
-10172,8261
-10171,8262
-10170,8263
-10169,8264
-10168,8265
-10167,8266
-10166,8267
-10165,8268
-10164,8269
-10163,8270
-10162,8271
-10161,8272
-10160,8273
-10159,8274
-10158,8275
-10157,8276
-10156,8277
-10155,8278
-10154,8279
-10153,8280
-10152,8281
-10151,8282
-10150,8283
-10149,8284
-10148,8285
-10147,8286
-10146,8287
-10145,8288
-10144,8289
-10143,8290
-10142,8291
-10141,8292
-10140,8293
-10139,8294
-10138,8295
-10137,8296
-10136,8297
-10135,8298
-10134,8299
-10133,8300
-10132,8301
-10131,8302
-10130,8303
-10129,8304
-10128,8305
-10127,8306
-10126,8307
-10125,8308
-10124,8309
-10123,8310
-10122,8311
-10121,8312
-10120,8313
-10119,8314
-10118,8315
-10117,8316
-10116,8317
-10115,8318
-10114,8319
-10113,8320
-10112,8321
-10111,8322
-10110,8323
-10109,8324
-10108,8325
-10107,8326
-10106,8327
-10105,8328
-10104,8329
-10103,8330
-10102,8331
-10101,8332
-10100,8333
-10099,8334
-10098,8335
-10097,8336
-10096,8337
-10095,8338
-10094,8339
-10093,8340
-10092,8341
-10091,8342
-10090,8343
-10089,8344
-10088,8345
-10087,8346
-10086,8347
-10085,8348
-10084,8349
-10083,8350
-10082,8351
-10081,8352
-10080,8353
-10079,8354
-10078,8355
-10077,8356
-10076,8357
-10075,8358
-10074,8359
-10073,8360
-10072,8361
-10071,8362
-10070,8363
-10069,8364
-10068,8365
-10067,8366
-10066,8367
-10065,8368
-10064,8369
-10063,8370
-10062,8371
-10061,8372
-10060,8373
-10059,8374
-10058,8375
-10057,8376
-10056,8377
-10055,8378
-10054,8379
-10053,8380
-10052,8381
-10051,8382
-10050,8383
-10049,8384
-10048,8385
-10047,8386
-10046,8387
-10045,8388
-10044,8389
-10043,8390
-10042,8391
-10041,8392
-10040,8393
-10039,8394
-10038,8395
-10037,8396
-10036,8397
-10035,8398
-10034,8399
-10033,8400
-10032,8401
-10031,8402
-10030,8403
-10029,8404
-10028,8405
-10027,8406
-10026,8407
-10025,8408
-10024,8409
-10023,8410
-10022,8411
-10021,8412
-10020,8413
-10019,8414
-10018,8415
-10017,8416
-10016,8417
-10015,8418
-10014,8419
-10013,8420
-10012,8421
-10011,8422
-10010,8423
-10009,8424
-10008,8425
-10007,8426
-10006,8427
-10005,8428
-10004,8429
-10003,8430
-10002,8431
-10001,8432
-10000,8433
-9999,8434
-9998,8435
-9997,8436
-9996,8437
-9995,8438
-9994,8439
-9993,8440
-9992,8441
-9991,8442
-9990,8443
-9989,8444
-9988,8445
-9987,8446
-9986,8447
-9985,8448
-9984,8449
-9983,8450
-9982,8451
-9981,8452
-9980,8453
-9979,8454
-9978,8455
-9977,8456
-9976,8457
-9975,8458
-9974,8459
-9973,8460
-9972,8461
-9971,8462
-9970,8463
-9969,8464
-9968,8465
-9967,8466
-9966,8467
-9965,8468
-9964,8469
-9963,8470
-9962,8471
-9961,8472
-9960,8473
-9959,8474
-9958,8475
-9957,8476
-9956,8477
-9955,8478
-9954,8479
-9953,8480
-9952,8481
-9951,8482
-9950,8483
-9949,8484
-9948,8485
-9947,8486
-9946,8487
-9945,8488
-9944,8489
-9943,8490
-9942,8491
-9941,8492
-9940,8493
-9939,8494
-9938,8495
-9937,8496
-9936,8497
-9935,8498
-9934,8499
-9933,8500
-9932,8501
-9931,8502
-9930,8503
-9929,8504
-9928,8505
-9927,8506
-9926,8507
-9925,8508
-9924,8509
-9923,8510
-9922,8511
-9921,8512
-9920,8513
-9919,8514
-9918,8515
-9917,8516
-9916,8517
-9915,8518
-9914,8519
-9913,8520
-9912,8521
-9911,8522
-9910,8523
-9909,8524
-9908,8525
-9907,8526
-9906,8527
-9905,8528
-9904,8529
-9903,8530
-9902,8531
-9901,8532
-9900,8533
-9899,8534
-9898,8535
-9897,8536
-9896,8537
-9895,8538
-9894,8539
-9893,8540
-9892,8541
-9891,8542
-9890,8543
-9889,8544
-9888,8545
-9887,8546
-9886,8547
-9885,8548
-9884,8549
-9883,8550
-9882,8551
-9881,8552
-9880,8553
-9879,8554
-9878,8555
-9877,8556
-9876,8557
-9875,8558
-9874,8559
-9873,8560
-9872,8561
-9871,8562
-9870,8563
-9869,8564
-9868,8565
-9867,8566
-9866,8567
-9865,8568
-9864,8569
-9863,8570
-9862,8571
-9861,8572
-9860,8573
-9859,8574
-9858,8575
-9857,8576
-9856,8577
-9855,8578
-9854,8579
-9853,8580
-9852,8581
-9851,8582
-9850,8583
-9849,8584
-9848,8585
-9847,8586
-9846,8587
-9845,8588
-9844,8589
-9843,8590
-9842,8591
-9841,8592
-9840,8593
-9839,8594
-9838,8595
-9837,8596
-9836,8597
-9835,8598
-9834,8599
-9833,8600
-9832,8601
-9831,8602
-9830,8603
-9829,8604
-9828,8605
-9827,8606
-9826,8607
-9825,8608
-9824,8609
-9823,8610
-9822,8611
-9821,8612
-9820,8613
-9819,8614
-9818,8615
-9817,8616
-9816,8617
-9815,8618
-9814,8619
-9813,8620
-9812,8621
-9811,8622
-9810,8623
-9809,8624
-9808,8625
-9807,8626
-9806,8627
-9805,8628
-9804,8629
-9803,8630
-9802,8631
-9801,8632
-9800,8633
-9799,8634
-9798,8635
-9797,8636
-9796,8637
-9795,8638
-9794,8639
-9793,8640
-9792,8641
-9791,8642
-9790,8643
-9789,8644
-9788,8645
-9787,8646
-9786,8647
-9785,8648
-9784,8649
-9783,8650
-9782,8651
-9781,8652
-9780,8653
-9779,8654
-9778,8655
-9777,8656
-9776,8657
-9775,8658
-9774,8659
-9773,8660
-9772,8661
-9771,8662
-9770,8663
-9769,8664
-9768,8665
-9767,8666
-9766,8667
-9765,8668
-9764,8669
-9763,8670
-9762,8671
-9761,8672
-9760,8673
-9759,8674
-9758,8675
-9757,8676
-9756,8677
-9755,8678
-9754,8679
-9753,8680
-9752,8681
-9751,8682
-9750,8683
-9749,8684
-9748,8685
-9747,8686
-9746,8687
-9745,8688
-9744,8689
-9743,8690
-9742,8691
-9741,8692
-9740,8693
-9739,8694
-9738,8695
-9737,8696
-9736,8697
-9735,8698
-9734,8699
-9733,8700
-9732,8701
-9731,8702
-9730,8703
-9729,8704
-9728,8705
-9727,8706
-9726,8707
-9725,8708
-9724,8709
-9723,8710
-9722,8711
-9721,8712
-9720,8713
-9719,8714
-9718,8715
-9717,8716
-9716,8717
-9715,8718
-9714,8719
-9713,8720
-9712,8721
-9711,8722
-9710,8723
-9709,8724
-9708,8725
-9707,8726
-9706,8727
-9705,8728
-9704,8729
-9703,8730
-9702,8731
-9701,8732
-9700,8733
-9699,8734
-9698,8735
-9697,8736
-9696,8737
-9695,8738
-9694,8739
-9693,8740
-9692,8741
-9691,8742
-9690,8743
-9689,8744
-9688,8745
-9687,8746
-9686,8747
-9685,8748
-9684,8749
-9683,8750
-9682,8751
-9681,8752
-9680,8753
-9679,8754
-9678,8755
-9677,8756
-9676,8757
-9675,8758
-9674,8759
-9673,8760
-9672,8761
-9671,8762
-9670,8763
-9669,8764
-9668,8765
-9667,8766
-9666,8767
-9665,8768
-9664,8769
-9663,8770
-9662,8771
-9661,8772
-9660,8773
-9659,8774
-9658,8775
-9657,8776
-9656,8777
-9655,8778
-9654,8779
-9653,8780
-9652,8781
-9651,8782
-9650,8783
-9649,8784
-9648,8785
-9647,8786
-9646,8787
-9645,8788
-9644,8789
-9643,8790
-9642,8791
-9641,8792
-9640,8793
-9639,8794
-9638,8795
-9637,8796
-9636,8797
-9635,8798
-9634,8799
-9633,8800
-9632,8801
-9631,8802
-9630,8803
-9629,8804
-9628,8805
-9627,8806
-9626,8807
-9625,8808
-9624,8809
-9623,8810
-9622,8811
-9621,8812
-9620,8813
-9619,8814
-9618,8815
-9617,8816
-9616,8817
-9615,8818
-9614,8819
-9613,8820
-9612,8821
-9611,8822
-9610,8823
-9609,8824
-9608,8825
-9607,8826
-9606,8827
-9605,8828
-9604,8829
-9603,8830
-9602,8831
-9601,8832
-9600,8833
-9599,8834
-9598,8835
-9597,8836
-9596,8837
-9595,8838
-9594,8839
-9593,8840
-9592,8841
-9591,8842
-9590,8843
-9589,8844
-9588,8845
-9587,8846
-9586,8847
-9585,8848
-9584,8849
-9583,8850
-9582,8851
-9581,8852
-9580,8853
-9579,8854
-9578,8855
-9577,8856
-9576,8857
-9575,8858
-9574,8859
-9573,8860
-9572,8861
-9571,8862
-9570,8863
-9569,8864
-9568,8865
-9567,8866
-9566,8867
-9565,8868
-9564,8869
-9563,8870
-9562,8871
-9561,8872
-9560,8873
-9559,8874
-9558,8875
-9557,8876
-9556,8877
-9555,8878
-9554,8879
-9553,8880
-9552,8881
-9551,8882
-9550,8883
-9549,8884
-9548,8885
-9547,8886
-9546,8887
-9545,8888
-9544,8889
-9543,8890
-9542,8891
-9541,8892
-9540,8893
-9539,8894
-9538,8895
-9537,8896
-9536,8897
-9535,8898
-9534,8899
-9533,8900
-9532,8901
-9531,8902
-9530,8903
-9529,8904
-9528,8905
-9527,8906
-9526,8907
-9525,8908
-9524,8909
-9523,8910
-9522,8911
-9521,8912
-9520,8913
-9519,8914
-9518,8915
-9517,8916
-9516,8917
-9515,8918
-9514,8919
-9513,8920
-9512,8921
-9511,8922
-9510,8923
-9509,8924
-9508,8925
-9507,8926
-9506,8927
-9505,8928
-9504,8929
-9503,8930
-9502,8931
-9501,8932
-9500,8933
-9499,8934
-9498,8935
-9497,8936
-9496,8937
-9495,8938
-9494,8939
-9493,8940
-9492,8941
-9491,8942
-9490,8943
-9489,8944
-9488,8945
-9487,8946
-9486,8947
-9485,8948
-9484,8949
-9483,8950
-9482,8951
-9481,8952
-9480,8953
-9479,8954
-9478,8955
-9477,8956
-9476,8957
-9475,8958
-9474,8959
-9473,8960
-9472,8961
-9471,8962
-9470,8963
-9469,8964
-9468,8965
-9467,8966
-9466,8967
-9465,8968
-9464,8969
-9463,8970
-9462,8971
-9461,8972
-9460,8973
-9459,8974
-9458,8975
-9457,8976
-9456,8977
-9455,8978
-9454,8979
-9453,8980
-9452,8981
-9451,8982
-9450,8983
-9449,8984
-9448,8985
-9447,8986
-9446,8987
-9445,8988
-9444,8989
-9443,8990
-9442,8991
-9441,8992
-9440,8993
-9439,8994
-9438,8995
-9437,8996
-9436,8997
-9435,8998
-9434,8999
-9433,9000
-9432,9001
-9431,9002
-9430,9003
-9429,9004
-9428,9005
-9427,9006
-9426,9007
-9425,9008
-9424,9009
-9423,9010
-9422,9011
-9421,9012
-9420,9013
-9419,9014
-9418,9015
-9417,9016
-9416,9017
-9415,9018
-9414,9019
-9413,9020
-9412,9021
-9411,9022
-9410,9023
-9409,9024
-9408,9025
-9407,9026
-9406,9027
-9405,9028
-9404,9029
-9403,9030
-9402,9031
-9401,9032
-9400,9033
-9399,9034
-9398,9035
-9397,9036
-9396,9037
-9395,9038
-9394,9039
-9393,9040
-9392,9041
-9391,9042
-9390,9043
-9389,9044
-9388,9045
-9387,9046
-9386,9047
-9385,9048
-9384,9049
-9383,9050
-9382,9051
-9381,9052
-9380,9053
-9379,9054
-9378,9055
-9377,9056
-9376,9057
-9375,9058
-9374,9059
-9373,9060
-9372,9061
-9371,9062
-9370,9063
-9369,9064
-9368,9065
-9367,9066
-9366,9067
-9365,9068
-9364,9069
-9363,9070
-9362,9071
-9361,9072
-9360,9073
-9359,9074
-9358,9075
-9357,9076
-9356,9077
-9355,9078
-9354,9079
-9353,9080
-9352,9081
-9351,9082
-9350,9083
-9349,9084
-9348,9085
-9347,9086
-9346,9087
-9345,9088
-9344,9089
-9343,9090
-9342,9091
-9341,9092
-9340,9093
-9339,9094
-9338,9095
-9337,9096
-9336,9097
-9335,9098
-9334,9099
-9333,9100
-9332,9101
-9331,9102
-9330,9103
-9329,9104
-9328,9105
-9327,9106
-9326,9107
-9325,9108
-9324,9109
-9323,9110
-9322,9111
-9321,9112
-9320,9113
-9319,9114
-9318,9115
-9317,9116
-9316,9117
-9315,9118
-9314,9119
-9313,9120
-9312,9121
-9311,9122
-9310,9123
-9309,9124
-9308,9125
-9307,9126
-9306,9127
-9305,9128
-9304,9129
-9303,9130
-9302,9131
-9301,9132
-9300,9133
-9299,9134
-9298,9135
-9297,9136
-9296,9137
-9295,9138
-9294,9139
-9293,9140
-9292,9141
-9291,9142
-9290,9143
-9289,9144
-9288,9145
-9287,9146
-9286,9147
-9285,9148
-9284,9149
-9283,9150
-9282,9151
-9281,9152
-9280,9153
-9279,9154
-9278,9155
-9277,9156
-9276,9157
-9275,9158
-9274,9159
-9273,9160
-9272,9161
-9271,9162
-9270,9163
-9269,9164
-9268,9165
-9267,9166
-9266,9167
-9265,9168
-9264,9169
-9263,9170
-9262,9171
-9261,9172
-9260,9173
-9259,9174
-9258,9175
-9257,9176
-9256,9177
-9255,9178
-9254,9179
-9253,9180
-9252,9181
-9251,9182
-9250,9183
-9249,9184
-9248,9185
-9247,9186
-9246,9187
-9245,9188
-9244,9189
-9243,9190
-9242,9191
-9241,9192
-9240,9193
-9239,9194
-9238,9195
-9237,9196
-9236,9197
-9235,9198
-9234,9199
-9233,9200
-9232,9201
-9231,9202
-9230,9203
-9229,9204
-9228,9205
-9227,9206
-9226,9207
-9225,9208
-9224,9209
-9223,9210
-9222,9211
-9221,9212
-9220,9213
-9219,9214
-9218,9215
-9217,9216
-9216,9217
-9215,9218
-9214,9219
-9213,9220
-9212,9221
-9211,9222
-9210,9223
-9209,9224
-9208,9225
-9207,9226
-9206,9227
-9205,9228
-9204,9229
-9203,9230
-9202,9231
-9201,9232
-9200,9233
-9199,9234
-9198,9235
-9197,9236
-9196,9237
-9195,9238
-9194,9239
-9193,9240
-9192,9241
-9191,9242
-9190,9243
-9189,9244
-9188,9245
-9187,9246
-9186,9247
-9185,9248
-9184,9249
-9183,9250
-9182,9251
-9181,9252
-9180,9253
-9179,9254
-9178,9255
-9177,9256
-9176,9257
-9175,9258
-9174,9259
-9173,9260
-9172,9261
-9171,9262
-9170,9263
-9169,9264
-9168,9265
-9167,9266
-9166,9267
-9165,9268
-9164,9269
-9163,9270
-9162,9271
-9161,9272
-9160,9273
-9159,9274
-9158,9275
-9157,9276
-9156,9277
-9155,9278
-9154,9279
-9153,9280
-9152,9281
-9151,9282
-9150,9283
-9149,9284
-9148,9285
-9147,9286
-9146,9287
-9145,9288
-9144,9289
-9143,9290
-9142,9291
-9141,9292
-9140,9293
-9139,9294
-9138,9295
-9137,9296
-9136,9297
-9135,9298
-9134,9299
-9133,9300
-9132,9301
-9131,9302
-9130,9303
-9129,9304
-9128,9305
-9127,9306
-9126,9307
-9125,9308
-9124,9309
-9123,9310
-9122,9311
-9121,9312
-9120,9313
-9119,9314
-9118,9315
-9117,9316
-9116,9317
-9115,9318
-9114,9319
-9113,9320
-9112,9321
-9111,9322
-9110,9323
-9109,9324
-9108,9325
-9107,9326
-9106,9327
-9105,9328
-9104,9329
-9103,9330
-9102,9331
-9101,9332
-9100,9333
-9099,9334
-9098,9335
-9097,9336
-9096,9337
-9095,9338
-9094,9339
-9093,9340
-9092,9341
-9091,9342
-9090,9343
-9089,9344
-9088,9345
-9087,9346
-9086,9347
-9085,9348
-9084,9349
-9083,9350
-9082,9351
-9081,9352
-9080,9353
-9079,9354
-9078,9355
-9077,9356
-9076,9357
-9075,9358
-9074,9359
-9073,9360
-9072,9361
-9071,9362
-9070,9363
-9069,9364
-9068,9365
-9067,9366
-9066,9367
-9065,9368
-9064,9369
-9063,9370
-9062,9371
-9061,9372
-9060,9373
-9059,9374
-9058,9375
-9057,9376
-9056,9377
-9055,9378
-9054,9379
-9053,9380
-9052,9381
-9051,9382
-9050,9383
-9049,9384
-9048,9385
-9047,9386
-9046,9387
-9045,9388
-9044,9389
-9043,9390
-9042,9391
-9041,9392
-9040,9393
-9039,9394
-9038,9395
-9037,9396
-9036,9397
-9035,9398
-9034,9399
-9033,9400
-9032,9401
-9031,9402
-9030,9403
-9029,9404
-9028,9405
-9027,9406
-9026,9407
-9025,9408
-9024,9409
-9023,9410
-9022,9411
-9021,9412
-9020,9413
-9019,9414
-9018,9415
-9017,9416
-9016,9417
-9015,9418
-9014,9419
-9013,9420
-9012,9421
-9011,9422
-9010,9423
-9009,9424
-9008,9425
-9007,9426
-9006,9427
-9005,9428
-9004,9429
-9003,9430
-9002,9431
-9001,9432
-9000,9433
-8999,9434
-8998,9435
-8997,9436
-8996,9437
-8995,9438
-8994,9439
-8993,9440
-8992,9441
-8991,9442
-8990,9443
-8989,9444
-8988,9445
-8987,9446
-8986,9447
-8985,9448
-8984,9449
-8983,9450
-8982,9451
-8981,9452
-8980,9453
-8979,9454
-8978,9455
-8977,9456
-8976,9457
-8975,9458
-8974,9459
-8973,9460
-8972,9461
-8971,9462
-8970,9463
-8969,9464
-8968,9465
-8967,9466
-8966,9467
-8965,9468
-8964,9469
-8963,9470
-8962,9471
-8961,9472
-8960,9473
-8959,9474
-8958,9475
-8957,9476
-8956,9477
-8955,9478
-8954,9479
-8953,9480
-8952,9481
-8951,9482
-8950,9483
-8949,9484
-8948,9485
-8947,9486
-8946,9487
-8945,9488
-8944,9489
-8943,9490
-8942,9491
-8941,9492
-8940,9493
-8939,9494
-8938,9495
-8937,9496
-8936,9497
-8935,9498
-8934,9499
-8933,9500
-8932,9501
-8931,9502
-8930,9503
-8929,9504
-8928,9505
-8927,9506
-8926,9507
-8925,9508
-8924,9509
-8923,9510
-8922,9511
-8921,9512
-8920,9513
-8919,9514
-8918,9515
-8917,9516
-8916,9517
-8915,9518
-8914,9519
-8913,9520
-8912,9521
-8911,9522
-8910,9523
-8909,9524
-8908,9525
-8907,9526
-8906,9527
-8905,9528
-8904,9529
-8903,9530
-8902,9531
-8901,9532
-8900,9533
-8899,9534
-8898,9535
-8897,9536
-8896,9537
-8895,9538
-8894,9539
-8893,9540
-8892,9541
-8891,9542
-8890,9543
-8889,9544
-8888,9545
-8887,9546
-8886,9547
-8885,9548
-8884,9549
-8883,9550
-8882,9551
-8881,9552
-8880,9553
-8879,9554
-8878,9555
-8877,9556
-8876,9557
-8875,9558
-8874,9559
-8873,9560
-8872,9561
-8871,9562
-8870,9563
-8869,9564
-8868,9565
-8867,9566
-8866,9567
-8865,9568
-8864,9569
-8863,9570
-8862,9571
-8861,9572
-8860,9573
-8859,9574
-8858,9575
-8857,9576
-8856,9577
-8855,9578
-8854,9579
-8853,9580
-8852,9581
-8851,9582
-8850,9583
-8849,9584
-8848,9585
-8847,9586
-8846,9587
-8845,9588
-8844,9589
-8843,9590
-8842,9591
-8841,9592
-8840,9593
-8839,9594
-8838,9595
-8837,9596
-8836,9597
-8835,9598
-8834,9599
-8833,9600
-8832,9601
-8831,9602
-8830,9603
-8829,9604
-8828,9605
-8827,9606
-8826,9607
-8825,9608
-8824,9609
-8823,9610
-8822,9611
-8821,9612
-8820,9613
-8819,9614
-8818,9615
-8817,9616
-8816,9617
-8815,9618
-8814,9619
-8813,9620
-8812,9621
-8811,9622
-8810,9623
-8809,9624
-8808,9625
-8807,9626
-8806,9627
-8805,9628
-8804,9629
-8803,9630
-8802,9631
-8801,9632
-8800,9633
-8799,9634
-8798,9635
-8797,9636
-8796,9637
-8795,9638
-8794,9639
-8793,9640
-8792,9641
-8791,9642
-8790,9643
-8789,9644
-8788,9645
-8787,9646
-8786,9647
-8785,9648
-8784,9649
-8783,9650
-8782,9651
-8781,9652
-8780,9653
-8779,9654
-8778,9655
-8777,9656
-8776,9657
-8775,9658
-8774,9659
-8773,9660
-8772,9661
-8771,9662
-8770,9663
-8769,9664
-8768,9665
-8767,9666
-8766,9667
-8765,9668
-8764,9669
-8763,9670
-8762,9671
-8761,9672
-8760,9673
-8759,9674
-8758,9675
-8757,9676
-8756,9677
-8755,9678
-8754,9679
-8753,9680
-8752,9681
-8751,9682
-8750,9683
-8749,9684
-8748,9685
-8747,9686
-8746,9687
-8745,9688
-8744,9689
-8743,9690
-8742,9691
-8741,9692
-8740,9693
-8739,9694
-8738,9695
-8737,9696
-8736,9697
-8735,9698
-8734,9699
-8733,9700
-8732,9701
-8731,9702
-8730,9703
-8729,9704
-8728,9705
-8727,9706
-8726,9707
-8725,9708
-8724,9709
-8723,9710
-8722,9711
-8721,9712
-8720,9713
-8719,9714
-8718,9715
-8717,9716
-8716,9717
-8715,9718
-8714,9719
-8713,9720
-8712,9721
-8711,9722
-8710,9723
-8709,9724
-8708,9725
-8707,9726
-8706,9727
-8705,9728
-8704,9729
-8703,9730
-8702,9731
-8701,9732
-8700,9733
-8699,9734
-8698,9735
-8697,9736
-8696,9737
-8695,9738
-8694,9739
-8693,9740
-8692,9741
-8691,9742
-8690,9743
-8689,9744
-8688,9745
-8687,9746
-8686,9747
-8685,9748
-8684,9749
-8683,9750
-8682,9751
-8681,9752
-8680,9753
-8679,9754
-8678,9755
-8677,9756
-8676,9757
-8675,9758
-8674,9759
-8673,9760
-8672,9761
-8671,9762
-8670,9763
-8669,9764
-8668,9765
-8667,9766
-8666,9767
-8665,9768
-8664,9769
-8663,9770
-8662,9771
-8661,9772
-8660,9773
-8659,9774
-8658,9775
-8657,9776
-8656,9777
-8655,9778
-8654,9779
-8653,9780
-8652,9781
-8651,9782
-8650,9783
-8649,9784
-8648,9785
-8647,9786
-8646,9787
-8645,9788
-8644,9789
-8643,9790
-8642,9791
-8641,9792
-8640,9793
-8639,9794
-8638,9795
-8637,9796
-8636,9797
-8635,9798
-8634,9799
-8633,9800
-8632,9801
-8631,9802
-8630,9803
-8629,9804
-8628,9805
-8627,9806
-8626,9807
-8625,9808
-8624,9809
-8623,9810
-8622,9811
-8621,9812
-8620,9813
-8619,9814
-8618,9815
-8617,9816
-8616,9817
-8615,9818
-8614,9819
-8613,9820
-8612,9821
-8611,9822
-8610,9823
-8609,9824
-8608,9825
-8607,9826
-8606,9827
-8605,9828
-8604,9829
-8603,9830
-8602,9831
-8601,9832
-8600,9833
-8599,9834
-8598,9835
-8597,9836
-8596,9837
-8595,9838
-8594,9839
-8593,9840
-8592,9841
-8591,9842
-8590,9843
-8589,9844
-8588,9845
-8587,9846
-8586,9847
-8585,9848
-8584,9849
-8583,9850
-8582,9851
-8581,9852
-8580,9853
-8579,9854
-8578,9855
-8577,9856
-8576,9857
-8575,9858
-8574,9859
-8573,9860
-8572,9861
-8571,9862
-8570,9863
-8569,9864
-8568,9865
-8567,9866
-8566,9867
-8565,9868
-8564,9869
-8563,9870
-8562,9871
-8561,9872
-8560,9873
-8559,9874
-8558,9875
-8557,9876
-8556,9877
-8555,9878
-8554,9879
-8553,9880
-8552,9881
-8551,9882
-8550,9883
-8549,9884
-8548,9885
-8547,9886
-8546,9887
-8545,9888
-8544,9889
-8543,9890
-8542,9891
-8541,9892
-8540,9893
-8539,9894
-8538,9895
-8537,9896
-8536,9897
-8535,9898
-8534,9899
-8533,9900
-8532,9901
-8531,9902
-8530,9903
-8529,9904
-8528,9905
-8527,9906
-8526,9907
-8525,9908
-8524,9909
-8523,9910
-8522,9911
-8521,9912
-8520,9913
-8519,9914
-8518,9915
-8517,9916
-8516,9917
-8515,9918
-8514,9919
-8513,9920
-8512,9921
-8511,9922
-8510,9923
-8509,9924
-8508,9925
-8507,9926
-8506,9927
-8505,9928
-8504,9929
-8503,9930
-8502,9931
-8501,9932
-8500,9933
-8499,9934
-8498,9935
-8497,9936
-8496,9937
-8495,9938
-8494,9939
-8493,9940
-8492,9941
-8491,9942
-8490,9943
-8489,9944
-8488,9945
-8487,9946
-8486,9947
-8485,9948
-8484,9949
-8483,9950
-8482,9951
-8481,9952
-8480,9953
-8479,9954
-8478,9955
-8477,9956
-8476,9957
-8475,9958
-8474,9959
-8473,9960
-8472,9961
-8471,9962
-8470,9963
-8469,9964
-8468,9965
-8467,9966
-8466,9967
-8465,9968
-8464,9969
-8463,9970
-8462,9971
-8461,9972
-8460,9973
-8459,9974
-8458,9975
-8457,9976
-8456,9977
-8455,9978
-8454,9979
-8453,9980
-8452,9981
-8451,9982
-8450,9983
-8449,9984
-8448,9985
-8447,9986
-8446,9987
-8445,9988
-8444,9989
-8443,9990
-8442,9991
-8441,9992
-8440,9993
-8439,9994
-8438,9995
-8437,9996
-8436,9997
-8435,9998
-8434,9999
-8433,10000
-8432,10001
-8431,10002
-8430,10003
-8429,10004
-8428,10005
-8427,10006
-8426,10007
-8425,10008
-8424,10009
-8423,10010
-8422,10011
-8421,10012
-8420,10013
-8419,10014
-8418,10015
-8417,10016
-8416,10017
-8415,10018
-8414,10019
-8413,10020
-8412,10021
-8411,10022
-8410,10023
-8409,10024
-8408,10025
-8407,10026
-8406,10027
-8405,10028
-8404,10029
-8403,10030
-8402,10031
-8401,10032
-8400,10033
-8399,10034
-8398,10035
-8397,10036
-8396,10037
-8395,10038
-8394,10039
-8393,10040
-8392,10041
-8391,10042
-8390,10043
-8389,10044
-8388,10045
-8387,10046
-8386,10047
-8385,10048
-8384,10049
-8383,10050
-8382,10051
-8381,10052
-8380,10053
-8379,10054
-8378,10055
-8377,10056
-8376,10057
-8375,10058
-8374,10059
-8373,10060
-8372,10061
-8371,10062
-8370,10063
-8369,10064
-8368,10065
-8367,10066
-8366,10067
-8365,10068
-8364,10069
-8363,10070
-8362,10071
-8361,10072
-8360,10073
-8359,10074
-8358,10075
-8357,10076
-8356,10077
-8355,10078
-8354,10079
-8353,10080
-8352,10081
-8351,10082
-8350,10083
-8349,10084
-8348,10085
-8347,10086
-8346,10087
-8345,10088
-8344,10089
-8343,10090
-8342,10091
-8341,10092
-8340,10093
-8339,10094
-8338,10095
-8337,10096
-8336,10097
-8335,10098
-8334,10099
-8333,10100
-8332,10101
-8331,10102
-8330,10103
-8329,10104
-8328,10105
-8327,10106
-8326,10107
-8325,10108
-8324,10109
-8323,10110
-8322,10111
-8321,10112
-8320,10113
-8319,10114
-8318,10115
-8317,10116
-8316,10117
-8315,10118
-8314,10119
-8313,10120
-8312,10121
-8311,10122
-8310,10123
-8309,10124
-8308,10125
-8307,10126
-8306,10127
-8305,10128
-8304,10129
-8303,10130
-8302,10131
-8301,10132
-8300,10133
-8299,10134
-8298,10135
-8297,10136
-8296,10137
-8295,10138
-8294,10139
-8293,10140
-8292,10141
-8291,10142
-8290,10143
-8289,10144
-8288,10145
-8287,10146
-8286,10147
-8285,10148
-8284,10149
-8283,10150
-8282,10151
-8281,10152
-8280,10153
-8279,10154
-8278,10155
-8277,10156
-8276,10157
-8275,10158
-8274,10159
-8273,10160
-8272,10161
-8271,10162
-8270,10163
-8269,10164
-8268,10165
-8267,10166
-8266,10167
-8265,10168
-8264,10169
-8263,10170
-8262,10171
-8261,10172
-8260,10173
-8259,10174
-8258,10175
-8257,10176
-8256,10177
-8255,10178
-8254,10179
-8253,10180
-8252,10181
-8251,10182
-8250,10183
-8249,10184
-8248,10185
-8247,10186
-8246,10187
-8245,10188
-8244,10189
-8243,10190
-8242,10191
-8241,10192
-8240,10193
-8239,10194
-8238,10195
-8237,10196
-8236,10197
-8235,10198
-8234,10199
-8233,10200
-8232,10201
-8231,10202
-8230,10203
-8229,10204
-8228,10205
-8227,10206
-8226,10207
-8225,10208
-8224,10209
-8223,10210
-8222,10211
-8221,10212
-8220,10213
-8219,10214
-8218,10215
-8217,10216
-8216,10217
-8215,10218
-8214,10219
-8213,10220
-8212,10221
-8211,10222
-8210,10223
-8209,10224
-8208,10225
-8207,10226
-8206,10227
-8205,10228
-8204,10229
-8203,10230
-8202,10231
-8201,10232
-8200,10233
-8199,10234
-8198,10235
-8197,10236
-8196,10237
-8195,10238
-8194,10239
-8193,10240
-8192,10241
-8191,10242
-8190,10243
-8189,10244
-8188,10245
-8187,10246
-8186,10247
-8185,10248
-8184,10249
-8183,10250
-8182,10251
-8181,10252
-8180,10253
-8179,10254
-8178,10255
-8177,10256
-8176,10257
-8175,10258
-8174,10259
-8173,10260
-8172,10261
-8171,10262
-8170,10263
-8169,10264
-8168,10265
-8167,10266
-8166,10267
-8165,10268
-8164,10269
-8163,10270
-8162,10271
-8161,10272
-8160,10273
-8159,10274
-8158,10275
-8157,10276
-8156,10277
-8155,10278
-8154,10279
-8153,10280
-8152,10281
-8151,10282
-8150,10283
-8149,10284
-8148,10285
-8147,10286
-8146,10287
-8145,10288
-8144,10289
-8143,10290
-8142,10291
-8141,10292
-8140,10293
-8139,10294
-8138,10295
-8137,10296
-8136,10297
-8135,10298
-8134,10299
-8133,10300
-8132,10301
-8131,10302
-8130,10303
-8129,10304
-8128,10305
-8127,10306
-8126,10307
-8125,10308
-8124,10309
-8123,10310
-8122,10311
-8121,10312
-8120,10313
-8119,10314
-8118,10315
-8117,10316
-8116,10317
-8115,10318
-8114,10319
-8113,10320
-8112,10321
-8111,10322
-8110,10323
-8109,10324
-8108,10325
-8107,10326
-8106,10327
-8105,10328
-8104,10329
-8103,10330
-8102,10331
-8101,10332
-8100,10333
-8099,10334
-8098,10335
-8097,10336
-8096,10337
-8095,10338
-8094,10339
-8093,10340
-8092,10341
-8091,10342
-8090,10343
-8089,10344
-8088,10345
-8087,10346
-8086,10347
-8085,10348
-8084,10349
-8083,10350
-8082,10351
-8081,10352
-8080,10353
-8079,10354
-8078,10355
-8077,10356
-8076,10357
-8075,10358
-8074,10359
-8073,10360
-8072,10361
-8071,10362
-8070,10363
-8069,10364
-8068,10365
-8067,10366
-8066,10367
-8065,10368
-8064,10369
-8063,10370
-8062,10371
-8061,10372
-8060,10373
-8059,10374
-8058,10375
-8057,10376
-8056,10377
-8055,10378
-8054,10379
-8053,10380
-8052,10381
-8051,10382
-8050,10383
-8049,10384
-8048,10385
-8047,10386
-8046,10387
-8045,10388
-8044,10389
-8043,10390
-8042,10391
-8041,10392
-8040,10393
-8039,10394
-8038,10395
-8037,10396
-8036,10397
-8035,10398
-8034,10399
-8033,10400
-8032,10401
-8031,10402
-8030,10403
-8029,10404
-8028,10405
-8027,10406
-8026,10407
-8025,10408
-8024,10409
-8023,10410
-8022,10411
-8021,10412
-8020,10413
-8019,10414
-8018,10415
-8017,10416
-8016,10417
-8015,10418
-8014,10419
-8013,10420
-8012,10421
-8011,10422
-8010,10423
-8009,10424
-8008,10425
-8007,10426
-8006,10427
-8005,10428
-8004,10429
-8003,10430
-8002,10431
-8001,10432
-8000,10433
-7999,10434
-7998,10435
-7997,10436
-7996,10437
-7995,10438
-7994,10439
-7993,10440
-7992,10441
-7991,10442
-7990,10443
-7989,10444
-7988,10445
-7987,10446
-7986,10447
-7985,10448
-7984,10449
-7983,10450
-7982,10451
-7981,10452
-7980,10453
-7979,10454
-7978,10455
-7977,10456
-7976,10457
-7975,10458
-7974,10459
-7973,10460
-7972,10461
-7971,10462
-7970,10463
-7969,10464
-7968,10465
-7967,10466
-7966,10467
-7965,10468
-7964,10469
-7963,10470
-7962,10471
-7961,10472
-7960,10473
-7959,10474
-7958,10475
-7957,10476
-7956,10477
-7955,10478
-7954,10479
-7953,10480
-7952,10481
-7951,10482
-7950,10483
-7949,10484
-7948,10485
-7947,10486
-7946,10487
-7945,10488
-7944,10489
-7943,10490
-7942,10491
-7941,10492
-7940,10493
-7939,10494
-7938,10495
-7937,10496
-7936,10497
-7935,10498
-7934,10499
-7933,10500
-7932,10501
-7931,10502
-7930,10503
-7929,10504
-7928,10505
-7927,10506
-7926,10507
-7925,10508
-7924,10509
-7923,10510
-7922,10511
-7921,10512
-7920,10513
-7919,10514
-7918,10515
-7917,10516
-7916,10517
-7915,10518
-7914,10519
-7913,10520
-7912,10521
-7911,10522
-7910,10523
-7909,10524
-7908,10525
-7907,10526
-7906,10527
-7905,10528
-7904,10529
-7903,10530
-7902,10531
-7901,10532
-7900,10533
-7899,10534
-7898,10535
-7897,10536
-7896,10537
-7895,10538
-7894,10539
-7893,10540
-7892,10541
-7891,10542
-7890,10543
-7889,10544
-7888,10545
-7887,10546
-7886,10547
-7885,10548
-7884,10549
-7883,10550
-7882,10551
-7881,10552
-7880,10553
-7879,10554
-7878,10555
-7877,10556
-7876,10557
-7875,10558
-7874,10559
-7873,10560
-7872,10561
-7871,10562
-7870,10563
-7869,10564
-7868,10565
-7867,10566
-7866,10567
-7865,10568
-7864,10569
-7863,10570
-7862,10571
-7861,10572
-7860,10573
-7859,10574
-7858,10575
-7857,10576
-7856,10577
-7855,10578
-7854,10579
-7853,10580
-7852,10581
-7851,10582
-7850,10583
-7849,10584
-7848,10585
-7847,10586
-7846,10587
-7845,10588
-7844,10589
-7843,10590
-7842,10591
-7841,10592
-7840,10593
-7839,10594
-7838,10595
-7837,10596
-7836,10597
-7835,10598
-7834,10599
-7833,10600
-7832,10601
-7831,10602
-7830,10603
-7829,10604
-7828,10605
-7827,10606
-7826,10607
-7825,10608
-7824,10609
-7823,10610
-7822,10611
-7821,10612
-7820,10613
-7819,10614
-7818,10615
-7817,10616
-7816,10617
-7815,10618
-7814,10619
-7813,10620
-7812,10621
-7811,10622
-7810,10623
-7809,10624
-7808,10625
-7807,10626
-7806,10627
-7805,10628
-7804,10629
-7803,10630
-7802,10631
-7801,10632
-7800,10633
-7799,10634
-7798,10635
-7797,10636
-7796,10637
-7795,10638
-7794,10639
-7793,10640
-7792,10641
-7791,10642
-7790,10643
-7789,10644
-7788,10645
-7787,10646
-7786,10647
-7785,10648
-7784,10649
-7783,10650
-7782,10651
-7781,10652
-7780,10653
-7779,10654
-7778,10655
-7777,10656
-7776,10657
-7775,10658
-7774,10659
-7773,10660
-7772,10661
-7771,10662
-7770,10663
-7769,10664
-7768,10665
-7767,10666
-7766,10667
-7765,10668
-7764,10669
-7763,10670
-7762,10671
-7761,10672
-7760,10673
-7759,10674
-7758,10675
-7757,10676
-7756,10677
-7755,10678
-7754,10679
-7753,10680
-7752,10681
-7751,10682
-7750,10683
-7749,10684
-7748,10685
-7747,10686
-7746,10687
-7745,10688
-7744,10689
-7743,10690
-7742,10691
-7741,10692
-7740,10693
-7739,10694
-7738,10695
-7737,10696
-7736,10697
-7735,10698
-7734,10699
-7733,10700
-7732,10701
-7731,10702
-7730,10703
-7729,10704
-7728,10705
-7727,10706
-7726,10707
-7725,10708
-7724,10709
-7723,10710
-7722,10711
-7721,10712
-7720,10713
-7719,10714
-7718,10715
-7717,10716
-7716,10717
-7715,10718
-7714,10719
-7713,10720
-7712,10721
-7711,10722
-7710,10723
-7709,10724
-7708,10725
-7707,10726
-7706,10727
-7705,10728
-7704,10729
-7703,10730
-7702,10731
-7701,10732
-7700,10733
-7699,10734
-7698,10735
-7697,10736
-7696,10737
-7695,10738
-7694,10739
-7693,10740
-7692,10741
-7691,10742
-7690,10743
-7689,10744
-7688,10745
-7687,10746
-7686,10747
-7685,10748
-7684,10749
-7683,10750
-7682,10751
-7681,10752
-7680,10753
-7679,10754
-7678,10755
-7677,10756
-7676,10757
-7675,10758
-7674,10759
-7673,10760
-7672,10761
-7671,10762
-7670,10763
-7669,10764
-7668,10765
-7667,10766
-7666,10767
-7665,10768
-7664,10769
-7663,10770
-7662,10771
-7661,10772
-7660,10773
-7659,10774
-7658,10775
-7657,10776
-7656,10777
-7655,10778
-7654,10779
-7653,10780
-7652,10781
-7651,10782
-7650,10783
-7649,10784
-7648,10785
-7647,10786
-7646,10787
-7645,10788
-7644,10789
-7643,10790
-7642,10791
-7641,10792
-7640,10793
-7639,10794
-7638,10795
-7637,10796
-7636,10797
-7635,10798
-7634,10799
-7633,10800
-7632,10801
-7631,10802
-7630,10803
-7629,10804
-7628,10805
-7627,10806
-7626,10807
-7625,10808
-7624,10809
-7623,10810
-7622,10811
-7621,10812
-7620,10813
-7619,10814
-7618,10815
-7617,10816
-7616,10817
-7615,10818
-7614,10819
-7613,10820
-7612,10821
-7611,10822
-7610,10823
-7609,10824
-7608,10825
-7607,10826
-7606,10827
-7605,10828
-7604,10829
-7603,10830
-7602,10831
-7601,10832
-7600,10833
-7599,10834
-7598,10835
-7597,10836
-7596,10837
-7595,10838
-7594,10839
-7593,10840
-7592,10841
-7591,10842
-7590,10843
-7589,10844
-7588,10845
-7587,10846
-7586,10847
-7585,10848
-7584,10849
-7583,10850
-7582,10851
-7581,10852
-7580,10853
-7579,10854
-7578,10855
-7577,10856
-7576,10857
-7575,10858
-7574,10859
-7573,10860
-7572,10861
-7571,10862
-7570,10863
-7569,10864
-7568,10865
-7567,10866
-7566,10867
-7565,10868
-7564,10869
-7563,10870
-7562,10871
-7561,10872
-7560,10873
-7559,10874
-7558,10875
-7557,10876
-7556,10877
-7555,10878
-7554,10879
-7553,10880
-7552,10881
-7551,10882
-7550,10883
-7549,10884
-7548,10885
-7547,10886
-7546,10887
-7545,10888
-7544,10889
-7543,10890
-7542,10891
-7541,10892
-7540,10893
-7539,10894
-7538,10895
-7537,10896
-7536,10897
-7535,10898
-7534,10899
-7533,10900
-7532,10901
-7531,10902
-7530,10903
-7529,10904
-7528,10905
-7527,10906
-7526,10907
-7525,10908
-7524,10909
-7523,10910
-7522,10911
-7521,10912
-7520,10913
-7519,10914
-7518,10915
-7517,10916
-7516,10917
-7515,10918
-7514,10919
-7513,10920
-7512,10921
-7511,10922
-7510,10923
-7509,10924
-7508,10925
-7507,10926
-7506,10927
-7505,10928
-7504,10929
-7503,10930
-7502,10931
-7501,10932
-7500,10933
-7499,10934
-7498,10935
-7497,10936
-7496,10937
-7495,10938
-7494,10939
-7493,10940
-7492,10941
-7491,10942
-7490,10943
-7489,10944
-7488,10945
-7487,10946
-7486,10947
-7485,10948
-7484,10949
-7483,10950
-7482,10951
-7481,10952
-7480,10953
-7479,10954
-7478,10955
-7477,10956
-7476,10957
-7475,10958
-7474,10959
-7473,10960
-7472,10961
-7471,10962
-7470,10963
-7469,10964
-7468,10965
-7467,10966
-7466,10967
-7465,10968
-7464,10969
-7463,10970
-7462,10971
-7461,10972
-7460,10973
-7459,10974
-7458,10975
-7457,10976
-7456,10977
-7455,10978
-7454,10979
-7453,10980
-7452,10981
-7451,10982
-7450,10983
-7449,10984
-7448,10985
-7447,10986
-7446,10987
-7445,10988
-7444,10989
-7443,10990
-7442,10991
-7441,10992
-7440,10993
-7439,10994
-7438,10995
-7437,10996
-7436,10997
-7435,10998
-7434,10999
-7433,11000
-7432,11001
-7431,11002
-7430,11003
-7429,11004
-7428,11005
-7427,11006
-7426,11007
-7425,11008
-7424,11009
-7423,11010
-7422,11011
-7421,11012
-7420,11013
-7419,11014
-7418,11015
-7417,11016
-7416,11017
-7415,11018
-7414,11019
-7413,11020
-7412,11021
-7411,11022
-7410,11023
-7409,11024
-7408,11025
-7407,11026
-7406,11027
-7405,11028
-7404,11029
-7403,11030
-7402,11031
-7401,11032
-7400,11033
-7399,11034
-7398,11035
-7397,11036
-7396,11037
-7395,11038
-7394,11039
-7393,11040
-7392,11041
-7391,11042
-7390,11043
-7389,11044
-7388,11045
-7387,11046
-7386,11047
-7385,11048
-7384,11049
-7383,11050
-7382,11051
-7381,11052
-7380,11053
-7379,11054
-7378,11055
-7377,11056
-7376,11057
-7375,11058
-7374,11059
-7373,11060
-7372,11061
-7371,11062
-7370,11063
-7369,11064
-7368,11065
-7367,11066
-7366,11067
-7365,11068
-7364,11069
-7363,11070
-7362,11071
-7361,11072
-7360,11073
-7359,11074
-7358,11075
-7357,11076
-7356,11077
-7355,11078
-7354,11079
-7353,11080
-7352,11081
-7351,11082
-7350,11083
-7349,11084
-7348,11085
-7347,11086
-7346,11087
-7345,11088
-7344,11089
-7343,11090
-7342,11091
-7341,11092
-7340,11093
-7339,11094
-7338,11095
-7337,11096
-7336,11097
-7335,11098
-7334,11099
-7333,11100
-7332,11101
-7331,11102
-7330,11103
-7329,11104
-7328,11105
-7327,11106
-7326,11107
-7325,11108
-7324,11109
-7323,11110
-7322,11111
-7321,11112
-7320,11113
-7319,11114
-7318,11115
-7317,11116
-7316,11117
-7315,11118
-7314,11119
-7313,11120
-7312,11121
-7311,11122
-7310,11123
-7309,11124
-7308,11125
-7307,11126
-7306,11127
-7305,11128
-7304,11129
-7303,11130
-7302,11131
-7301,11132
-7300,11133
-7299,11134
-7298,11135
-7297,11136
-7296,11137
-7295,11138
-7294,11139
-7293,11140
-7292,11141
-7291,11142
-7290,11143
-7289,11144
-7288,11145
-7287,11146
-7286,11147
-7285,11148
-7284,11149
-7283,11150
-7282,11151
-7281,11152
-7280,11153
-7279,11154
-7278,11155
-7277,11156
-7276,11157
-7275,11158
-7274,11159
-7273,11160
-7272,11161
-7271,11162
-7270,11163
-7269,11164
-7268,11165
-7267,11166
-7266,11167
-7265,11168
-7264,11169
-7263,11170
-7262,11171
-7261,11172
-7260,11173
-7259,11174
-7258,11175
-7257,11176
-7256,11177
-7255,11178
-7254,11179
-7253,11180
-7252,11181
-7251,11182
-7250,11183
-7249,11184
-7248,11185
-7247,11186
-7246,11187
-7245,11188
-7244,11189
-7243,11190
-7242,11191
-7241,11192
-7240,11193
-7239,11194
-7238,11195
-7237,11196
-7236,11197
-7235,11198
-7234,11199
-7233,11200
-7232,11201
-7231,11202
-7230,11203
-7229,11204
-7228,11205
-7227,11206
-7226,11207
-7225,11208
-7224,11209
-7223,11210
-7222,11211
-7221,11212
-7220,11213
-7219,11214
-7218,11215
-7217,11216
-7216,11217
-7215,11218
-7214,11219
-7213,11220
-7212,11221
-7211,11222
-7210,11223
-7209,11224
-7208,11225
-7207,11226
-7206,11227
-7205,11228
-7204,11229
-7203,11230
-7202,11231
-7201,11232
-7200,11233
-7199,11234
-7198,11235
-7197,11236
-7196,11237
-7195,11238
-7194,11239
-7193,11240
-7192,11241
-7191,11242
-7190,11243
-7189,11244
-7188,11245
-7187,11246
-7186,11247
-7185,11248
-7184,11249
-7183,11250
-7182,11251
-7181,11252
-7180,11253
-7179,11254
-7178,11255
-7177,11256
-7176,11257
-7175,11258
-7174,11259
-7173,11260
-7172,11261
-7171,11262
-7170,11263
-7169,11264
-7168,11265
-7167,11266
-7166,11267
-7165,11268
-7164,11269
-7163,11270
-7162,11271
-7161,11272
-7160,11273
-7159,11274
-7158,11275
-7157,11276
-7156,11277
-7155,11278
-7154,11279
-7153,11280
-7152,11281
-7151,11282
-7150,11283
-7149,11284
-7148,11285
-7147,11286
-7146,11287
-7145,11288
-7144,11289
-7143,11290
-7142,11291
-7141,11292
-7140,11293
-7139,11294
-7138,11295
-7137,11296
-7136,11297
-7135,11298
-7134,11299
-7133,11300
-7132,11301
-7131,11302
-7130,11303
-7129,11304
-7128,11305
-7127,11306
-7126,11307
-7125,11308
-7124,11309
-7123,11310
-7122,11311
-7121,11312
-7120,11313
-7119,11314
-7118,11315
-7117,11316
-7116,11317
-7115,11318
-7114,11319
-7113,11320
-7112,11321
-7111,11322
-7110,11323
-7109,11324
-7108,11325
-7107,11326
-7106,11327
-7105,11328
-7104,11329
-7103,11330
-7102,11331
-7101,11332
-7100,11333
-7099,11334
-7098,11335
-7097,11336
-7096,11337
-7095,11338
-7094,11339
-7093,11340
-7092,11341
-7091,11342
-7090,11343
-7089,11344
-7088,11345
-7087,11346
-7086,11347
-7085,11348
-7084,11349
-7083,11350
-7082,11351
-7081,11352
-7080,11353
-7079,11354
-7078,11355
-7077,11356
-7076,11357
-7075,11358
-7074,11359
-7073,11360
-7072,11361
-7071,11362
-7070,11363
-7069,11364
-7068,11365
-7067,11366
-7066,11367
-7065,11368
-7064,11369
-7063,11370
-7062,11371
-7061,11372
-7060,11373
-7059,11374
-7058,11375
-7057,11376
-7056,11377
-7055,11378
-7054,11379
-7053,11380
-7052,11381
-7051,11382
-7050,11383
-7049,11384
-7048,11385
-7047,11386
-7046,11387
-7045,11388
-7044,11389
-7043,11390
-7042,11391
-7041,11392
-7040,11393
-7039,11394
-7038,11395
-7037,11396
-7036,11397
-7035,11398
-7034,11399
-7033,11400
-7032,11401
-7031,11402
-7030,11403
-7029,11404
-7028,11405
-7027,11406
-7026,11407
-7025,11408
-7024,11409
-7023,11410
-7022,11411
-7021,11412
-7020,11413
-7019,11414
-7018,11415
-7017,11416
-7016,11417
-7015,11418
-7014,11419
-7013,11420
-7012,11421
-7011,11422
-7010,11423
-7009,11424
-7008,11425
-7007,11426
-7006,11427
-7005,11428
-7004,11429
-7003,11430
-7002,11431
-7001,11432
-7000,11433
-6999,11434
-6998,11435
-6997,11436
-6996,11437
-6995,11438
-6994,11439
-6993,11440
-6992,11441
-6991,11442
-6990,11443
-6989,11444
-6988,11445
-6987,11446
-6986,11447
-6985,11448
-6984,11449
-6983,11450
-6982,11451
-6981,11452
-6980,11453
-6979,11454
-6978,11455
-6977,11456
-6976,11457
-6975,11458
-6974,11459
-6973,11460
-6972,11461
-6971,11462
-6970,11463
-6969,11464
-6968,11465
-6967,11466
-6966,11467
-6965,11468
-6964,11469
-6963,11470
-6962,11471
-6961,11472
-6960,11473
-6959,11474
-6958,11475
-6957,11476
-6956,11477
-6955,11478
-6954,11479
-6953,11480
-6952,11481
-6951,11482
-6950,11483
-6949,11484
-6948,11485
-6947,11486
-6946,11487
-6945,11488
-6944,11489
-6943,11490
-6942,11491
-6941,11492
-6940,11493
-6939,11494
-6938,11495
-6937,11496
-6936,11497
-6935,11498
-6934,11499
-6933,11500
-6932,11501
-6931,11502
-6930,11503
-6929,11504
-6928,11505
-6927,11506
-6926,11507
-6925,11508
-6924,11509
-6923,11510
-6922,11511
-6921,11512
-6920,11513
-6919,11514
-6918,11515
-6917,11516
-6916,11517
-6915,11518
-6914,11519
-6913,11520
-6912,11521
-6911,11522
-6910,11523
-6909,11524
-6908,11525
-6907,11526
-6906,11527
-6905,11528
-6904,11529
-6903,11530
-6902,11531
-6901,11532
-6900,11533
-6899,11534
-6898,11535
-6897,11536
-6896,11537
-6895,11538
-6894,11539
-6893,11540
-6892,11541
-6891,11542
-6890,11543
-6889,11544
-6888,11545
-6887,11546
-6886,11547
-6885,11548
-6884,11549
-6883,11550
-6882,11551
-6881,11552
-6880,11553
-6879,11554
-6878,11555
-6877,11556
-6876,11557
-6875,11558
-6874,11559
-6873,11560
-6872,11561
-6871,11562
-6870,11563
-6869,11564
-6868,11565
-6867,11566
-6866,11567
-6865,11568
-6864,11569
-6863,11570
-6862,11571
-6861,11572
-6860,11573
-6859,11574
-6858,11575
-6857,11576
-6856,11577
-6855,11578
-6854,11579
-6853,11580
-6852,11581
-6851,11582
-6850,11583
-6849,11584
-6848,11585
-6847,11586
-6846,11587
-6845,11588
-6844,11589
-6843,11590
-6842,11591
-6841,11592
-6840,11593
-6839,11594
-6838,11595
-6837,11596
-6836,11597
-6835,11598
-6834,11599
-6833,11600
-6832,11601
-6831,11602
-6830,11603
-6829,11604
-6828,11605
-6827,11606
-6826,11607
-6825,11608
-6824,11609
-6823,11610
-6822,11611
-6821,11612
-6820,11613
-6819,11614
-6818,11615
-6817,11616
-6816,11617
-6815,11618
-6814,11619
-6813,11620
-6812,11621
-6811,11622
-6810,11623
-6809,11624
-6808,11625
-6807,11626
-6806,11627
-6805,11628
-6804,11629
-6803,11630
-6802,11631
-6801,11632
-6800,11633
-6799,11634
-6798,11635
-6797,11636
-6796,11637
-6795,11638
-6794,11639
-6793,11640
-6792,11641
-6791,11642
-6790,11643
-6789,11644
-6788,11645
-6787,11646
-6786,11647
-6785,11648
-6784,11649
-6783,11650
-6782,11651
-6781,11652
-6780,11653
-6779,11654
-6778,11655
-6777,11656
-6776,11657
-6775,11658
-6774,11659
-6773,11660
-6772,11661
-6771,11662
-6770,11663
-6769,11664
-6768,11665
-6767,11666
-6766,11667
-6765,11668
-6764,11669
-6763,11670
-6762,11671
-6761,11672
-6760,11673
-6759,11674
-6758,11675
-6757,11676
-6756,11677
-6755,11678
-6754,11679
-6753,11680
-6752,11681
-6751,11682
-6750,11683
-6749,11684
-6748,11685
-6747,11686
-6746,11687
-6745,11688
-6744,11689
-6743,11690
-6742,11691
-6741,11692
-6740,11693
-6739,11694
-6738,11695
-6737,11696
-6736,11697
-6735,11698
-6734,11699
-6733,11700
-6732,11701
-6731,11702
-6730,11703
-6729,11704
-6728,11705
-6727,11706
-6726,11707
-6725,11708
-6724,11709
-6723,11710
-6722,11711
-6721,11712
-6720,11713
-6719,11714
-6718,11715
-6717,11716
-6716,11717
-6715,11718
-6714,11719
-6713,11720
-6712,11721
-6711,11722
-6710,11723
-6709,11724
-6708,11725
-6707,11726
-6706,11727
-6705,11728
-6704,11729
-6703,11730
-6702,11731
-6701,11732
-6700,11733
-6699,11734
-6698,11735
-6697,11736
-6696,11737
-6695,11738
-6694,11739
-6693,11740
-6692,11741
-6691,11742
-6690,11743
-6689,11744
-6688,11745
-6687,11746
-6686,11747
-6685,11748
-6684,11749
-6683,11750
-6682,11751
-6681,11752
-6680,11753
-6679,11754
-6678,11755
-6677,11756
-6676,11757
-6675,11758
-6674,11759
-6673,11760
-6672,11761
-6671,11762
-6670,11763
-6669,11764
-6668,11765
-6667,11766
-6666,11767
-6665,11768
-6664,11769
-6663,11770
-6662,11771
-6661,11772
-6660,11773
-6659,11774
-6658,11775
-6657,11776
-6656,11777
-6655,11778
-6654,11779
-6653,11780
-6652,11781
-6651,11782
-6650,11783
-6649,11784
-6648,11785
-6647,11786
-6646,11787
-6645,11788
-6644,11789
-6643,11790
-6642,11791
-6641,11792
-6640,11793
-6639,11794
-6638,11795
-6637,11796
-6636,11797
-6635,11798
-6634,11799
-6633,11800
-6632,11801
-6631,11802
-6630,11803
-6629,11804
-6628,11805
-6627,11806
-6626,11807
-6625,11808
-6624,11809
-6623,11810
-6622,11811
-6621,11812
-6620,11813
-6619,11814
-6618,11815
-6617,11816
-6616,11817
-6615,11818
-6614,11819
-6613,11820
-6612,11821
-6611,11822
-6610,11823
-6609,11824
-6608,11825
-6607,11826
-6606,11827
-6605,11828
-6604,11829
-6603,11830
-6602,11831
-6601,11832
-6600,11833
-6599,11834
-6598,11835
-6597,11836
-6596,11837
-6595,11838
-6594,11839
-6593,11840
-6592,11841
-6591,11842
-6590,11843
-6589,11844
-6588,11845
-6587,11846
-6586,11847
-6585,11848
-6584,11849
-6583,11850
-6582,11851
-6581,11852
-6580,11853
-6579,11854
-6578,11855
-6577,11856
-6576,11857
-6575,11858
-6574,11859
-6573,11860
-6572,11861
-6571,11862
-6570,11863
-6569,11864
-6568,11865
-6567,11866
-6566,11867
-6565,11868
-6564,11869
-6563,11870
-6562,11871
-6561,11872
-6560,11873
-6559,11874
-6558,11875
-6557,11876
-6556,11877
-6555,11878
-6554,11879
-6553,11880
-6552,11881
-6551,11882
-6550,11883
-6549,11884
-6548,11885
-6547,11886
-6546,11887
-6545,11888
-6544,11889
-6543,11890
-6542,11891
-6541,11892
-6540,11893
-6539,11894
-6538,11895
-6537,11896
-6536,11897
-6535,11898
-6534,11899
-6533,11900
-6532,11901
-6531,11902
-6530,11903
-6529,11904
-6528,11905
-6527,11906
-6526,11907
-6525,11908
-6524,11909
-6523,11910
-6522,11911
-6521,11912
-6520,11913
-6519,11914
-6518,11915
-6517,11916
-6516,11917
-6515,11918
-6514,11919
-6513,11920
-6512,11921
-6511,11922
-6510,11923
-6509,11924
-6508,11925
-6507,11926
-6506,11927
-6505,11928
-6504,11929
-6503,11930
-6502,11931
-6501,11932
-6500,11933
-6499,11934
-6498,11935
-6497,11936
-6496,11937
-6495,11938
-6494,11939
-6493,11940
-6492,11941
-6491,11942
-6490,11943
-6489,11944
-6488,11945
-6487,11946
-6486,11947
-6485,11948
-6484,11949
-6483,11950
-6482,11951
-6481,11952
-6480,11953
-6479,11954
-6478,11955
-6477,11956
-6476,11957
-6475,11958
-6474,11959
-6473,11960
-6472,11961
-6471,11962
-6470,11963
-6469,11964
-6468,11965
-6467,11966
-6466,11967
-6465,11968
-6464,11969
-6463,11970
-6462,11971
-6461,11972
-6460,11973
-6459,11974
-6458,11975
-6457,11976
-6456,11977
-6455,11978
-6454,11979
-6453,11980
-6452,11981
-6451,11982
-6450,11983
-6449,11984
-6448,11985
-6447,11986
-6446,11987
-6445,11988
-6444,11989
-6443,11990
-6442,11991
-6441,11992
-6440,11993
-6439,11994
-6438,11995
-6437,11996
-6436,11997
-6435,11998
-6434,11999
-6433,12000
-6432,12001
-6431,12002
-6430,12003
-6429,12004
-6428,12005
-6427,12006
-6426,12007
-6425,12008
-6424,12009
-6423,12010
-6422,12011
-6421,12012
-6420,12013
-6419,12014
-6418,12015
-6417,12016
-6416,12017
-6415,12018
-6414,12019
-6413,12020
-6412,12021
-6411,12022
-6410,12023
-6409,12024
-6408,12025
-6407,12026
-6406,12027
-6405,12028
-6404,12029
-6403,12030
-6402,12031
-6401,12032
-6400,12033
-6399,12034
-6398,12035
-6397,12036
-6396,12037
-6395,12038
-6394,12039
-6393,12040
-6392,12041
-6391,12042
-6390,12043
-6389,12044
-6388,12045
-6387,12046
-6386,12047
-6385,12048
-6384,12049
-6383,12050
-6382,12051
-6381,12052
-6380,12053
-6379,12054
-6378,12055
-6377,12056
-6376,12057
-6375,12058
-6374,12059
-6373,12060
-6372,12061
-6371,12062
-6370,12063
-6369,12064
-6368,12065
-6367,12066
-6366,12067
-6365,12068
-6364,12069
-6363,12070
-6362,12071
-6361,12072
-6360,12073
-6359,12074
-6358,12075
-6357,12076
-6356,12077
-6355,12078
-6354,12079
-6353,12080
-6352,12081
-6351,12082
-6350,12083
-6349,12084
-6348,12085
-6347,12086
-6346,12087
-6345,12088
-6344,12089
-6343,12090
-6342,12091
-6341,12092
-6340,12093
-6339,12094
-6338,12095
-6337,12096
-6336,12097
-6335,12098
-6334,12099
-6333,12100
-6332,12101
-6331,12102
-6330,12103
-6329,12104
-6328,12105
-6327,12106
-6326,12107
-6325,12108
-6324,12109
-6323,12110
-6322,12111
-6321,12112
-6320,12113
-6319,12114
-6318,12115
-6317,12116
-6316,12117
-6315,12118
-6314,12119
-6313,12120
-6312,12121
-6311,12122
-6310,12123
-6309,12124
-6308,12125
-6307,12126
-6306,12127
-6305,12128
-6304,12129
-6303,12130
-6302,12131
-6301,12132
-6300,12133
-6299,12134
-6298,12135
-6297,12136
-6296,12137
-6295,12138
-6294,12139
-6293,12140
-6292,12141
-6291,12142
-6290,12143
-6289,12144
-6288,12145
-6287,12146
-6286,12147
-6285,12148
-6284,12149
-6283,12150
-6282,12151
-6281,12152
-6280,12153
-6279,12154
-6278,12155
-6277,12156
-6276,12157
-6275,12158
-6274,12159
-6273,12160
-6272,12161
-6271,12162
-6270,12163
-6269,12164
-6268,12165
-6267,12166
-6266,12167
-6265,12168
-6264,12169
-6263,12170
-6262,12171
-6261,12172
-6260,12173
-6259,12174
-6258,12175
-6257,12176
-6256,12177
-6255,12178
-6254,12179
-6253,12180
-6252,12181
-6251,12182
-6250,12183
-6249,12184
-6248,12185
-6247,12186
-6246,12187
-6245,12188
-6244,12189
-6243,12190
-6242,12191
-6241,12192
-6240,12193
-6239,12194
-6238,12195
-6237,12196
-6236,12197
-6235,12198
-6234,12199
-6233,12200
-6232,12201
-6231,12202
-6230,12203
-6229,12204
-6228,12205
-6227,12206
-6226,12207
-6225,12208
-6224,12209
-6223,12210
-6222,12211
-6221,12212
-6220,12213
-6219,12214
-6218,12215
-6217,12216
-6216,12217
-6215,12218
-6214,12219
-6213,12220
-6212,12221
-6211,12222
-6210,12223
-6209,12224
-6208,12225
-6207,12226
-6206,12227
-6205,12228
-6204,12229
-6203,12230
-6202,12231
-6201,12232
-6200,12233
-6199,12234
-6198,12235
-6197,12236
-6196,12237
-6195,12238
-6194,12239
-6193,12240
-6192,12241
-6191,12242
-6190,12243
-6189,12244
-6188,12245
-6187,12246
-6186,12247
-6185,12248
-6184,12249
-6183,12250
-6182,12251
-6181,12252
-6180,12253
-6179,12254
-6178,12255
-6177,12256
-6176,12257
-6175,12258
-6174,12259
-6173,12260
-6172,12261
-6171,12262
-6170,12263
-6169,12264
-6168,12265
-6167,12266
-6166,12267
-6165,12268
-6164,12269
-6163,12270
-6162,12271
-6161,12272
-6160,12273
-6159,12274
-6158,12275
-6157,12276
-6156,12277
-6155,12278
-6154,12279
-6153,12280
-6152,12281
-6151,12282
-6150,12283
-6149,12284
-6148,12285
-6147,12286
-6146,12287
-6145,12288
-6144,12289
-6143,12290
-6142,12291
-6141,12292
-6140,12293
-6139,12294
-6138,12295
-6137,12296
-6136,12297
-6135,12298
-6134,12299
-6133,12300
-6132,12301
-6131,12302
-6130,12303
-6129,12304
-6128,12305
-6127,12306
-6126,12307
-6125,12308
-6124,12309
-6123,12310
-6122,12311
-6121,12312
-6120,12313
-6119,12314
-6118,12315
-6117,12316
-6116,12317
-6115,12318
-6114,12319
-6113,12320
-6112,12321
-6111,12322
-6110,12323
-6109,12324
-6108,12325
-6107,12326
-6106,12327
-6105,12328
-6104,12329
-6103,12330
-6102,12331
-6101,12332
-6100,12333
-6099,12334
-6098,12335
-6097,12336
-6096,12337
-6095,12338
-6094,12339
-6093,12340
-6092,12341
-6091,12342
-6090,12343
-6089,12344
-6088,12345
-6087,12346
-6086,12347
-6085,12348
-6084,12349
-6083,12350
-6082,12351
-6081,12352
-6080,12353
-6079,12354
-6078,12355
-6077,12356
-6076,12357
-6075,12358
-6074,12359
-6073,12360
-6072,12361
-6071,12362
-6070,12363
-6069,12364
-6068,12365
-6067,12366
-6066,12367
-6065,12368
-6064,12369
-6063,12370
-6062,12371
-6061,12372
-6060,12373
-6059,12374
-6058,12375
-6057,12376
-6056,12377
-6055,12378
-6054,12379
-6053,12380
-6052,12381
-6051,12382
-6050,12383
-6049,12384
-6048,12385
-6047,12386
-6046,12387
-6045,12388
-6044,12389
-6043,12390
-6042,12391
-6041,12392
-6040,12393
-6039,12394
-6038,12395
-6037,12396
-6036,12397
-6035,12398
-6034,12399
-6033,12400
-6032,12401
-6031,12402
-6030,12403
-6029,12404
-6028,12405
-6027,12406
-6026,12407
-6025,12408
-6024,12409
-6023,12410
-6022,12411
-6021,12412
-6020,12413
-6019,12414
-6018,12415
-6017,12416
-6016,12417
-6015,12418
-6014,12419
-6013,12420
-6012,12421
-6011,12422
-6010,12423
-6009,12424
-6008,12425
-6007,12426
-6006,12427
-6005,12428
-6004,12429
-6003,12430
-6002,12431
-6001,12432
-6000,12433
-5999,12434
-5998,12435
-5997,12436
-5996,12437
-5995,12438
-5994,12439
-5993,12440
-5992,12441
-5991,12442
-5990,12443
-5989,12444
-5988,12445
-5987,12446
-5986,12447
-5985,12448
-5984,12449
-5983,12450
-5982,12451
-5981,12452
-5980,12453
-5979,12454
-5978,12455
-5977,12456
-5976,12457
-5975,12458
-5974,12459
-5973,12460
-5972,12461
-5971,12462
-5970,12463
-5969,12464
-5968,12465
-5967,12466
-5966,12467
-5965,12468
-5964,12469
-5963,12470
-5962,12471
-5961,12472
-5960,12473
-5959,12474
-5958,12475
-5957,12476
-5956,12477
-5955,12478
-5954,12479
-5953,12480
-5952,12481
-5951,12482
-5950,12483
-5949,12484
-5948,12485
-5947,12486
-5946,12487
-5945,12488
-5944,12489
-5943,12490
-5942,12491
-5941,12492
-5940,12493
-5939,12494
-5938,12495
-5937,12496
-5936,12497
-5935,12498
-5934,12499
-5933,12500
-5932,12501
-5931,12502
-5930,12503
-5929,12504
-5928,12505
-5927,12506
-5926,12507
-5925,12508
-5924,12509
-5923,12510
-5922,12511
-5921,12512
-5920,12513
-5919,12514
-5918,12515
-5917,12516
-5916,12517
-5915,12518
-5914,12519
-5913,12520
-5912,12521
-5911,12522
-5910,12523
-5909,12524
-5908,12525
-5907,12526
-5906,12527
-5905,12528
-5904,12529
-5903,12530
-5902,12531
-5901,12532
-5900,12533
-5899,12534
-5898,12535
-5897,12536
-5896,12537
-5895,12538
-5894,12539
-5893,12540
-5892,12541
-5891,12542
-5890,12543
-5889,12544
-5888,12545
-5887,12546
-5886,12547
-5885,12548
-5884,12549
-5883,12550
-5882,12551
-5881,12552
-5880,12553
-5879,12554
-5878,12555
-5877,12556
-5876,12557
-5875,12558
-5874,12559
-5873,12560
-5872,12561
-5871,12562
-5870,12563
-5869,12564
-5868,12565
-5867,12566
-5866,12567
-5865,12568
-5864,12569
-5863,12570
-5862,12571
-5861,12572
-5860,12573
-5859,12574
-5858,12575
-5857,12576
-5856,12577
-5855,12578
-5854,12579
-5853,12580
-5852,12581
-5851,12582
-5850,12583
-5849,12584
-5848,12585
-5847,12586
-5846,12587
-5845,12588
-5844,12589
-5843,12590
-5842,12591
-5841,12592
-5840,12593
-5839,12594
-5838,12595
-5837,12596
-5836,12597
-5835,12598
-5834,12599
-5833,12600
-5832,12601
-5831,12602
-5830,12603
-5829,12604
-5828,12605
-5827,12606
-5826,12607
-5825,12608
-5824,12609
-5823,12610
-5822,12611
-5821,12612
-5820,12613
-5819,12614
-5818,12615
-5817,12616
-5816,12617
-5815,12618
-5814,12619
-5813,12620
-5812,12621
-5811,12622
-5810,12623
-5809,12624
-5808,12625
-5807,12626
-5806,12627
-5805,12628
-5804,12629
-5803,12630
-5802,12631
-5801,12632
-5800,12633
-5799,12634
-5798,12635
-5797,12636
-5796,12637
-5795,12638
-5794,12639
-5793,12640
-5792,12641
-5791,12642
-5790,12643
-5789,12644
-5788,12645
-5787,12646
-5786,12647
-5785,12648
-5784,12649
-5783,12650
-5782,12651
-5781,12652
-5780,12653
-5779,12654
-5778,12655
-5777,12656
-5776,12657
-5775,12658
-5774,12659
-5773,12660
-5772,12661
-5771,12662
-5770,12663
-5769,12664
-5768,12665
-5767,12666
-5766,12667
-5765,12668
-5764,12669
-5763,12670
-5762,12671
-5761,12672
-5760,12673
-5759,12674
-5758,12675
-5757,12676
-5756,12677
-5755,12678
-5754,12679
-5753,12680
-5752,12681
-5751,12682
-5750,12683
-5749,12684
-5748,12685
-5747,12686
-5746,12687
-5745,12688
-5744,12689
-5743,12690
-5742,12691
-5741,12692
-5740,12693
-5739,12694
-5738,12695
-5737,12696
-5736,12697
-5735,12698
-5734,12699
-5733,12700
-5732,12701
-5731,12702
-5730,12703
-5729,12704
-5728,12705
-5727,12706
-5726,12707
-5725,12708
-5724,12709
-5723,12710
-5722,12711
-5721,12712
-5720,12713
-5719,12714
-5718,12715
-5717,12716
-5716,12717
-5715,12718
-5714,12719
-5713,12720
-5712,12721
-5711,12722
-5710,12723
-5709,12724
-5708,12725
-5707,12726
-5706,12727
-5705,12728
-5704,12729
-5703,12730
-5702,12731
-5701,12732
-5700,12733
-5699,12734
-5698,12735
-5697,12736
-5696,12737
-5695,12738
-5694,12739
-5693,12740
-5692,12741
-5691,12742
-5690,12743
-5689,12744
-5688,12745
-5687,12746
-5686,12747
-5685,12748
-5684,12749
-5683,12750
-5682,12751
-5681,12752
-5680,12753
-5679,12754
-5678,12755
-5677,12756
-5676,12757
-5675,12758
-5674,12759
-5673,12760
-5672,12761
-5671,12762
-5670,12763
-5669,12764
-5668,12765
-5667,12766
-5666,12767
-5665,12768
-5664,12769
-5663,12770
-5662,12771
-5661,12772
-5660,12773
-5659,12774
-5658,12775
-5657,12776
-5656,12777
-5655,12778
-5654,12779
-5653,12780
-5652,12781
-5651,12782
-5650,12783
-5649,12784
-5648,12785
-5647,12786
-5646,12787
-5645,12788
-5644,12789
-5643,12790
-5642,12791
-5641,12792
-5640,12793
-5639,12794
-5638,12795
-5637,12796
-5636,12797
-5635,12798
-5634,12799
-5633,12800
-5632,12801
-5631,12802
-5630,12803
-5629,12804
-5628,12805
-5627,12806
-5626,12807
-5625,12808
-5624,12809
-5623,12810
-5622,12811
-5621,12812
-5620,12813
-5619,12814
-5618,12815
-5617,12816
-5616,12817
-5615,12818
-5614,12819
-5613,12820
-5612,12821
-5611,12822
-5610,12823
-5609,12824
-5608,12825
-5607,12826
-5606,12827
-5605,12828
-5604,12829
-5603,12830
-5602,12831
-5601,12832
-5600,12833
-5599,12834
-5598,12835
-5597,12836
-5596,12837
-5595,12838
-5594,12839
-5593,12840
-5592,12841
-5591,12842
-5590,12843
-5589,12844
-5588,12845
-5587,12846
-5586,12847
-5585,12848
-5584,12849
-5583,12850
-5582,12851
-5581,12852
-5580,12853
-5579,12854
-5578,12855
-5577,12856
-5576,12857
-5575,12858
-5574,12859
-5573,12860
-5572,12861
-5571,12862
-5570,12863
-5569,12864
-5568,12865
-5567,12866
-5566,12867
-5565,12868
-5564,12869
-5563,12870
-5562,12871
-5561,12872
-5560,12873
-5559,12874
-5558,12875
-5557,12876
-5556,12877
-5555,12878
-5554,12879
-5553,12880
-5552,12881
-5551,12882
-5550,12883
-5549,12884
-5548,12885
-5547,12886
-5546,12887
-5545,12888
-5544,12889
-5543,12890
-5542,12891
-5541,12892
-5540,12893
-5539,12894
-5538,12895
-5537,12896
-5536,12897
-5535,12898
-5534,12899
-5533,12900
-5532,12901
-5531,12902
-5530,12903
-5529,12904
-5528,12905
-5527,12906
-5526,12907
-5525,12908
-5524,12909
-5523,12910
-5522,12911
-5521,12912
-5520,12913
-5519,12914
-5518,12915
-5517,12916
-5516,12917
-5515,12918
-5514,12919
-5513,12920
-5512,12921
-5511,12922
-5510,12923
-5509,12924
-5508,12925
-5507,12926
-5506,12927
-5505,12928
-5504,12929
-5503,12930
-5502,12931
-5501,12932
-5500,12933
-5499,12934
-5498,12935
-5497,12936
-5496,12937
-5495,12938
-5494,12939
-5493,12940
-5492,12941
-5491,12942
-5490,12943
-5489,12944
-5488,12945
-5487,12946
-5486,12947
-5485,12948
-5484,12949
-5483,12950
-5482,12951
-5481,12952
-5480,12953
-5479,12954
-5478,12955
-5477,12956
-5476,12957
-5475,12958
-5474,12959
-5473,12960
-5472,12961
-5471,12962
-5470,12963
-5469,12964
-5468,12965
-5467,12966
-5466,12967
-5465,12968
-5464,12969
-5463,12970
-5462,12971
-5461,12972
-5460,12973
-5459,12974
-5458,12975
-5457,12976
-5456,12977
-5455,12978
-5454,12979
-5453,12980
-5452,12981
-5451,12982
-5450,12983
-5449,12984
-5448,12985
-5447,12986
-5446,12987
-5445,12988
-5444,12989
-5443,12990
-5442,12991
-5441,12992
-5440,12993
-5439,12994
-5438,12995
-5437,12996
-5436,12997
-5435,12998
-5434,12999
-5433,13000
-5432,13001
-5431,13002
-5430,13003
-5429,13004
-5428,13005
-5427,13006
-5426,13007
-5425,13008
-5424,13009
-5423,13010
-5422,13011
-5421,13012
-5420,13013
-5419,13014
-5418,13015
-5417,13016
-5416,13017
-5415,13018
-5414,13019
-5413,13020
-5412,13021
-5411,13022
-5410,13023
-5409,13024
-5408,13025
-5407,13026
-5406,13027
-5405,13028
-5404,13029
-5403,13030
-5402,13031
-5401,13032
-5400,13033
-5399,13034
-5398,13035
-5397,13036
-5396,13037
-5395,13038
-5394,13039
-5393,13040
-5392,13041
-5391,13042
-5390,13043
-5389,13044
-5388,13045
-5387,13046
-5386,13047
-5385,13048
-5384,13049
-5383,13050
-5382,13051
-5381,13052
-5380,13053
-5379,13054
-5378,13055
-5377,13056
-5376,13057
-5375,13058
-5374,13059
-5373,13060
-5372,13061
-5371,13062
-5370,13063
-5369,13064
-5368,13065
-5367,13066
-5366,13067
-5365,13068
-5364,13069
-5363,13070
-5362,13071
-5361,13072
-5360,13073
-5359,13074
-5358,13075
-5357,13076
-5356,13077
-5355,13078
-5354,13079
-5353,13080
-5352,13081
-5351,13082
-5350,13083
-5349,13084
-5348,13085
-5347,13086
-5346,13087
-5345,13088
-5344,13089
-5343,13090
-5342,13091
-5341,13092
-5340,13093
-5339,13094
-5338,13095
-5337,13096
-5336,13097
-5335,13098
-5334,13099
-5333,13100
-5332,13101
-5331,13102
-5330,13103
-5329,13104
-5328,13105
-5327,13106
-5326,13107
-5325,13108
-5324,13109
-5323,13110
-5322,13111
-5321,13112
-5320,13113
-5319,13114
-5318,13115
-5317,13116
-5316,13117
-5315,13118
-5314,13119
-5313,13120
-5312,13121
-5311,13122
-5310,13123
-5309,13124
-5308,13125
-5307,13126
-5306,13127
-5305,13128
-5304,13129
-5303,13130
-5302,13131
-5301,13132
-5300,13133
-5299,13134
-5298,13135
-5297,13136
-5296,13137
-5295,13138
-5294,13139
-5293,13140
-5292,13141
-5291,13142
-5290,13143
-5289,13144
-5288,13145
-5287,13146
-5286,13147
-5285,13148
-5284,13149
-5283,13150
-5282,13151
-5281,13152
-5280,13153
-5279,13154
-5278,13155
-5277,13156
-5276,13157
-5275,13158
-5274,13159
-5273,13160
-5272,13161
-5271,13162
-5270,13163
-5269,13164
-5268,13165
-5267,13166
-5266,13167
-5265,13168
-5264,13169
-5263,13170
-5262,13171
-5261,13172
-5260,13173
-5259,13174
-5258,13175
-5257,13176
-5256,13177
-5255,13178
-5254,13179
-5253,13180
-5252,13181
-5251,13182
-5250,13183
-5249,13184
-5248,13185
-5247,13186
-5246,13187
-5245,13188
-5244,13189
-5243,13190
-5242,13191
-5241,13192
-5240,13193
-5239,13194
-5238,13195
-5237,13196
-5236,13197
-5235,13198
-5234,13199
-5233,13200
-5232,13201
-5231,13202
-5230,13203
-5229,13204
-5228,13205
-5227,13206
-5226,13207
-5225,13208
-5224,13209
-5223,13210
-5222,13211
-5221,13212
-5220,13213
-5219,13214
-5218,13215
-5217,13216
-5216,13217
-5215,13218
-5214,13219
-5213,13220
-5212,13221
-5211,13222
-5210,13223
-5209,13224
-5208,13225
-5207,13226
-5206,13227
-5205,13228
-5204,13229
-5203,13230
-5202,13231
-5201,13232
-5200,13233
-5199,13234
-5198,13235
-5197,13236
-5196,13237
-5195,13238
-5194,13239
-5193,13240
-5192,13241
-5191,13242
-5190,13243
-5189,13244
-5188,13245
-5187,13246
-5186,13247
-5185,13248
-5184,13249
-5183,13250
-5182,13251
-5181,13252
-5180,13253
-5179,13254
-5178,13255
-5177,13256
-5176,13257
-5175,13258
-5174,13259
-5173,13260
-5172,13261
-5171,13262
-5170,13263
-5169,13264
-5168,13265
-5167,13266
-5166,13267
-5165,13268
-5164,13269
-5163,13270
-5162,13271
-5161,13272
-5160,13273
-5159,13274
-5158,13275
-5157,13276
-5156,13277
-5155,13278
-5154,13279
-5153,13280
-5152,13281
-5151,13282
-5150,13283
-5149,13284
-5148,13285
-5147,13286
-5146,13287
-5145,13288
-5144,13289
-5143,13290
-5142,13291
-5141,13292
-5140,13293
-5139,13294
-5138,13295
-5137,13296
-5136,13297
-5135,13298
-5134,13299
-5133,13300
-5132,13301
-5131,13302
-5130,13303
-5129,13304
-5128,13305
-5127,13306
-5126,13307
-5125,13308
-5124,13309
-5123,13310
-5122,13311
-5121,13312
-5120,13313
-5119,13314
-5118,13315
-5117,13316
-5116,13317
-5115,13318
-5114,13319
-5113,13320
-5112,13321
-5111,13322
-5110,13323
-5109,13324
-5108,13325
-5107,13326
-5106,13327
-5105,13328
-5104,13329
-5103,13330
-5102,13331
-5101,13332
-5100,13333
-5099,13334
-5098,13335
-5097,13336
-5096,13337
-5095,13338
-5094,13339
-5093,13340
-5092,13341
-5091,13342
-5090,13343
-5089,13344
-5088,13345
-5087,13346
-5086,13347
-5085,13348
-5084,13349
-5083,13350
-5082,13351
-5081,13352
-5080,13353
-5079,13354
-5078,13355
-5077,13356
-5076,13357
-5075,13358
-5074,13359
-5073,13360
-5072,13361
-5071,13362
-5070,13363
-5069,13364
-5068,13365
-5067,13366
-5066,13367
-5065,13368
-5064,13369
-5063,13370
-5062,13371
-5061,13372
-5060,13373
-5059,13374
-5058,13375
-5057,13376
-5056,13377
-5055,13378
-5054,13379
-5053,13380
-5052,13381
-5051,13382
-5050,13383
-5049,13384
-5048,13385
-5047,13386
-5046,13387
-5045,13388
-5044,13389
-5043,13390
-5042,13391
-5041,13392
-5040,13393
-5039,13394
-5038,13395
-5037,13396
-5036,13397
-5035,13398
-5034,13399
-5033,13400
-5032,13401
-5031,13402
-5030,13403
-5029,13404
-5028,13405
-5027,13406
-5026,13407
-5025,13408
-5024,13409
-5023,13410
-5022,13411
-5021,13412
-5020,13413
-5019,13414
-5018,13415
-5017,13416
-5016,13417
-5015,13418
-5014,13419
-5013,13420
-5012,13421
-5011,13422
-5010,13423
-5009,13424
-5008,13425
-5007,13426
-5006,13427
-5005,13428
-5004,13429
-5003,13430
-5002,13431
-5001,13432
-5000,13433
-4999,13434
-4998,13435
-4997,13436
-4996,13437
-4995,13438
-4994,13439
-4993,13440
-4992,13441
-4991,13442
-4990,13443
-4989,13444
-4988,13445
-4987,13446
-4986,13447
-4985,13448
-4984,13449
-4983,13450
-4982,13451
-4981,13452
-4980,13453
-4979,13454
-4978,13455
-4977,13456
-4976,13457
-4975,13458
-4974,13459
-4973,13460
-4972,13461
-4971,13462
-4970,13463
-4969,13464
-4968,13465
-4967,13466
-4966,13467
-4965,13468
-4964,13469
-4963,13470
-4962,13471
-4961,13472
-4960,13473
-4959,13474
-4958,13475
-4957,13476
-4956,13477
-4955,13478
-4954,13479
-4953,13480
-4952,13481
-4951,13482
-4950,13483
-4949,13484
-4948,13485
-4947,13486
-4946,13487
-4945,13488
-4944,13489
-4943,13490
-4942,13491
-4941,13492
-4940,13493
-4939,13494
-4938,13495
-4937,13496
-4936,13497
-4935,13498
-4934,13499
-4933,13500
-4932,13501
-4931,13502
-4930,13503
-4929,13504
-4928,13505
-4927,13506
-4926,13507
-4925,13508
-4924,13509
-4923,13510
-4922,13511
-4921,13512
-4920,13513
-4919,13514
-4918,13515
-4917,13516
-4916,13517
-4915,13518
-4914,13519
-4913,13520
-4912,13521
-4911,13522
-4910,13523
-4909,13524
-4908,13525
-4907,13526
-4906,13527
-4905,13528
-4904,13529
-4903,13530
-4902,13531
-4901,13532
-4900,13533
-4899,13534
-4898,13535
-4897,13536
-4896,13537
-4895,13538
-4894,13539
-4893,13540
-4892,13541
-4891,13542
-4890,13543
-4889,13544
-4888,13545
-4887,13546
-4886,13547
-4885,13548
-4884,13549
-4883,13550
-4882,13551
-4881,13552
-4880,13553
-4879,13554
-4878,13555
-4877,13556
-4876,13557
-4875,13558
-4874,13559
-4873,13560
-4872,13561
-4871,13562
-4870,13563
-4869,13564
-4868,13565
-4867,13566
-4866,13567
-4865,13568
-4864,13569
-4863,13570
-4862,13571
-4861,13572
-4860,13573
-4859,13574
-4858,13575
-4857,13576
-4856,13577
-4855,13578
-4854,13579
-4853,13580
-4852,13581
-4851,13582
-4850,13583
-4849,13584
-4848,13585
-4847,13586
-4846,13587
-4845,13588
-4844,13589
-4843,13590
-4842,13591
-4841,13592
-4840,13593
-4839,13594
-4838,13595
-4837,13596
-4836,13597
-4835,13598
-4834,13599
-4833,13600
-4832,13601
-4831,13602
-4830,13603
-4829,13604
-4828,13605
-4827,13606
-4826,13607
-4825,13608
-4824,13609
-4823,13610
-4822,13611
-4821,13612
-4820,13613
-4819,13614
-4818,13615
-4817,13616
-4816,13617
-4815,13618
-4814,13619
-4813,13620
-4812,13621
-4811,13622
-4810,13623
-4809,13624
-4808,13625
-4807,13626
-4806,13627
-4805,13628
-4804,13629
-4803,13630
-4802,13631
-4801,13632
-4800,13633
-4799,13634
-4798,13635
-4797,13636
-4796,13637
-4795,13638
-4794,13639
-4793,13640
-4792,13641
-4791,13642
-4790,13643
-4789,13644
-4788,13645
-4787,13646
-4786,13647
-4785,13648
-4784,13649
-4783,13650
-4782,13651
-4781,13652
-4780,13653
-4779,13654
-4778,13655
-4777,13656
-4776,13657
-4775,13658
-4774,13659
-4773,13660
-4772,13661
-4771,13662
-4770,13663
-4769,13664
-4768,13665
-4767,13666
-4766,13667
-4765,13668
-4764,13669
-4763,13670
-4762,13671
-4761,13672
-4760,13673
-4759,13674
-4758,13675
-4757,13676
-4756,13677
-4755,13678
-4754,13679
-4753,13680
-4752,13681
-4751,13682
-4750,13683
-4749,13684
-4748,13685
-4747,13686
-4746,13687
-4745,13688
-4744,13689
-4743,13690
-4742,13691
-4741,13692
-4740,13693
-4739,13694
-4738,13695
-4737,13696
-4736,13697
-4735,13698
-4734,13699
-4733,13700
-4732,13701
-4731,13702
-4730,13703
-4729,13704
-4728,13705
-4727,13706
-4726,13707
-4725,13708
-4724,13709
-4723,13710
-4722,13711
-4721,13712
-4720,13713
-4719,13714
-4718,13715
-4717,13716
-4716,13717
-4715,13718
-4714,13719
-4713,13720
-4712,13721
-4711,13722
-4710,13723
-4709,13724
-4708,13725
-4707,13726
-4706,13727
-4705,13728
-4704,13729
-4703,13730
-4702,13731
-4701,13732
-4700,13733
-4699,13734
-4698,13735
-4697,13736
-4696,13737
-4695,13738
-4694,13739
-4693,13740
-4692,13741
-4691,13742
-4690,13743
-4689,13744
-4688,13745
-4687,13746
-4686,13747
-4685,13748
-4684,13749
-4683,13750
-4682,13751
-4681,13752
-4680,13753
-4679,13754
-4678,13755
-4677,13756
-4676,13757
-4675,13758
-4674,13759
-4673,13760
-4672,13761
-4671,13762
-4670,13763
-4669,13764
-4668,13765
-4667,13766
-4666,13767
-4665,13768
-4664,13769
-4663,13770
-4662,13771
-4661,13772
-4660,13773
-4659,13774
-4658,13775
-4657,13776
-4656,13777
-4655,13778
-4654,13779
-4653,13780
-4652,13781
-4651,13782
-4650,13783
-4649,13784
-4648,13785
-4647,13786
-4646,13787
-4645,13788
-4644,13789
-4643,13790
-4642,13791
-4641,13792
-4640,13793
-4639,13794
-4638,13795
-4637,13796
-4636,13797
-4635,13798
-4634,13799
-4633,13800
-4632,13801
-4631,13802
-4630,13803
-4629,13804
-4628,13805
-4627,13806
-4626,13807
-4625,13808
-4624,13809
-4623,13810
-4622,13811
-4621,13812
-4620,13813
-4619,13814
-4618,13815
-4617,13816
-4616,13817
-4615,13818
-4614,13819
-4613,13820
-4612,13821
-4611,13822
-4610,13823
-4609,13824
-4608,13825
-4607,13826
-4606,13827
-4605,13828
-4604,13829
-4603,13830
-4602,13831
-4601,13832
-4600,13833
-4599,13834
-4598,13835
-4597,13836
-4596,13837
-4595,13838
-4594,13839
-4593,13840
-4592,13841
-4591,13842
-4590,13843
-4589,13844
-4588,13845
-4587,13846
-4586,13847
-4585,13848
-4584,13849
-4583,13850
-4582,13851
-4581,13852
-4580,13853
-4579,13854
-4578,13855
-4577,13856
-4576,13857
-4575,13858
-4574,13859
-4573,13860
-4572,13861
-4571,13862
-4570,13863
-4569,13864
-4568,13865
-4567,13866
-4566,13867
-4565,13868
-4564,13869
-4563,13870
-4562,13871
-4561,13872
-4560,13873
-4559,13874
-4558,13875
-4557,13876
-4556,13877
-4555,13878
-4554,13879
-4553,13880
-4552,13881
-4551,13882
-4550,13883
-4549,13884
-4548,13885
-4547,13886
-4546,13887
-4545,13888
-4544,13889
-4543,13890
-4542,13891
-4541,13892
-4540,13893
-4539,13894
-4538,13895
-4537,13896
-4536,13897
-4535,13898
-4534,13899
-4533,13900
-4532,13901
-4531,13902
-4530,13903
-4529,13904
-4528,13905
-4527,13906
-4526,13907
-4525,13908
-4524,13909
-4523,13910
-4522,13911
-4521,13912
-4520,13913
-4519,13914
-4518,13915
-4517,13916
-4516,13917
-4515,13918
-4514,13919
-4513,13920
-4512,13921
-4511,13922
-4510,13923
-4509,13924
-4508,13925
-4507,13926
-4506,13927
-4505,13928
-4504,13929
-4503,13930
-4502,13931
-4501,13932
-4500,13933
-4499,13934
-4498,13935
-4497,13936
-4496,13937
-4495,13938
-4494,13939
-4493,13940
-4492,13941
-4491,13942
-4490,13943
-4489,13944
-4488,13945
-4487,13946
-4486,13947
-4485,13948
-4484,13949
-4483,13950
-4482,13951
-4481,13952
-4480,13953
-4479,13954
-4478,13955
-4477,13956
-4476,13957
-4475,13958
-4474,13959
-4473,13960
-4472,13961
-4471,13962
-4470,13963
-4469,13964
-4468,13965
-4467,13966
-4466,13967
-4465,13968
-4464,13969
-4463,13970
-4462,13971
-4461,13972
-4460,13973
-4459,13974
-4458,13975
-4457,13976
-4456,13977
-4455,13978
-4454,13979
-4453,13980
-4452,13981
-4451,13982
-4450,13983
-4449,13984
-4448,13985
-4447,13986
-4446,13987
-4445,13988
-4444,13989
-4443,13990
-4442,13991
-4441,13992
-4440,13993
-4439,13994
-4438,13995
-4437,13996
-4436,13997
-4435,13998
-4434,13999
-4433,14000
-4432,14001
-4431,14002
-4430,14003
-4429,14004
-4428,14005
-4427,14006
-4426,14007
-4425,14008
-4424,14009
-4423,14010
-4422,14011
-4421,14012
-4420,14013
-4419,14014
-4418,14015
-4417,14016
-4416,14017
-4415,14018
-4414,14019
-4413,14020
-4412,14021
-4411,14022
-4410,14023
-4409,14024
-4408,14025
-4407,14026
-4406,14027
-4405,14028
-4404,14029
-4403,14030
-4402,14031
-4401,14032
-4400,14033
-4399,14034
-4398,14035
-4397,14036
-4396,14037
-4395,14038
-4394,14039
-4393,14040
-4392,14041
-4391,14042
-4390,14043
-4389,14044
-4388,14045
-4387,14046
-4386,14047
-4385,14048
-4384,14049
-4383,14050
-4382,14051
-4381,14052
-4380,14053
-4379,14054
-4378,14055
-4377,14056
-4376,14057
-4375,14058
-4374,14059
-4373,14060
-4372,14061
-4371,14062
-4370,14063
-4369,14064
-4368,14065
-4367,14066
-4366,14067
-4365,14068
-4364,14069
-4363,14070
-4362,14071
-4361,14072
-4360,14073
-4359,14074
-4358,14075
-4357,14076
-4356,14077
-4355,14078
-4354,14079
-4353,14080
-4352,14081
-4351,14082
-4350,14083
-4349,14084
-4348,14085
-4347,14086
-4346,14087
-4345,14088
-4344,14089
-4343,14090
-4342,14091
-4341,14092
-4340,14093
-4339,14094
-4338,14095
-4337,14096
-4336,14097
-4335,14098
-4334,14099
-4333,14100
-4332,14101
-4331,14102
-4330,14103
-4329,14104
-4328,14105
-4327,14106
-4326,14107
-4325,14108
-4324,14109
-4323,14110
-4322,14111
-4321,14112
-4320,14113
-4319,14114
-4318,14115
-4317,14116
-4316,14117
-4315,14118
-4314,14119
-4313,14120
-4312,14121
-4311,14122
-4310,14123
-4309,14124
-4308,14125
-4307,14126
-4306,14127
-4305,14128
-4304,14129
-4303,14130
-4302,14131
-4301,14132
-4300,14133
-4299,14134
-4298,14135
-4297,14136
-4296,14137
-4295,14138
-4294,14139
-4293,14140
-4292,14141
-4291,14142
-4290,14143
-4289,14144
-4288,14145
-4287,14146
-4286,14147
-4285,14148
-4284,14149
-4283,14150
-4282,14151
-4281,14152
-4280,14153
-4279,14154
-4278,14155
-4277,14156
-4276,14157
-4275,14158
-4274,14159
-4273,14160
-4272,14161
-4271,14162
-4270,14163
-4269,14164
-4268,14165
-4267,14166
-4266,14167
-4265,14168
-4264,14169
-4263,14170
-4262,14171
-4261,14172
-4260,14173
-4259,14174
-4258,14175
-4257,14176
-4256,14177
-4255,14178
-4254,14179
-4253,14180
-4252,14181
-4251,14182
-4250,14183
-4249,14184
-4248,14185
-4247,14186
-4246,14187
-4245,14188
-4244,14189
-4243,14190
-4242,14191
-4241,14192
-4240,14193
-4239,14194
-4238,14195
-4237,14196
-4236,14197
-4235,14198
-4234,14199
-4233,14200
-4232,14201
-4231,14202
-4230,14203
-4229,14204
-4228,14205
-4227,14206
-4226,14207
-4225,14208
-4224,14209
-4223,14210
-4222,14211
-4221,14212
-4220,14213
-4219,14214
-4218,14215
-4217,14216
-4216,14217
-4215,14218
-4214,14219
-4213,14220
-4212,14221
-4211,14222
-4210,14223
-4209,14224
-4208,14225
-4207,14226
-4206,14227
-4205,14228
-4204,14229
-4203,14230
-4202,14231
-4201,14232
-4200,14233
-4199,14234
-4198,14235
-4197,14236
-4196,14237
-4195,14238
-4194,14239
-4193,14240
-4192,14241
-4191,14242
-4190,14243
-4189,14244
-4188,14245
-4187,14246
-4186,14247
-4185,14248
-4184,14249
-4183,14250
-4182,14251
-4181,14252
-4180,14253
-4179,14254
-4178,14255
-4177,14256
-4176,14257
-4175,14258
-4174,14259
-4173,14260
-4172,14261
-4171,14262
-4170,14263
-4169,14264
-4168,14265
-4167,14266
-4166,14267
-4165,14268
-4164,14269
-4163,14270
-4162,14271
-4161,14272
-4160,14273
-4159,14274
-4158,14275
-4157,14276
-4156,14277
-4155,14278
-4154,14279
-4153,14280
-4152,14281
-4151,14282
-4150,14283
-4149,14284
-4148,14285
-4147,14286
-4146,14287
-4145,14288
-4144,14289
-4143,14290
-4142,14291
-4141,14292
-4140,14293
-4139,14294
-4138,14295
-4137,14296
-4136,14297
-4135,14298
-4134,14299
-4133,14300
-4132,14301
-4131,14302
-4130,14303
-4129,14304
-4128,14305
-4127,14306
-4126,14307
-4125,14308
-4124,14309
-4123,14310
-4122,14311
-4121,14312
-4120,14313
-4119,14314
-4118,14315
-4117,14316
-4116,14317
-4115,14318
-4114,14319
-4113,14320
-4112,14321
-4111,14322
-4110,14323
-4109,14324
-4108,14325
-4107,14326
-4106,14327
-4105,14328
-4104,14329
-4103,14330
-4102,14331
-4101,14332
-4100,14333
-4099,14334
-4098,14335
-4097,14336
-4096,14337
-4095,14338
-4094,14339
-4093,14340
-4092,14341
-4091,14342
-4090,14343
-4089,14344
-4088,14345
-4087,14346
-4086,14347
-4085,14348
-4084,14349
-4083,14350
-4082,14351
-4081,14352
-4080,14353
-4079,14354
-4078,14355
-4077,14356
-4076,14357
-4075,14358
-4074,14359
-4073,14360
-4072,14361
-4071,14362
-4070,14363
-4069,14364
-4068,14365
-4067,14366
-4066,14367
-4065,14368
-4064,14369
-4063,14370
-4062,14371
-4061,14372
-4060,14373
-4059,14374
-4058,14375
-4057,14376
-4056,14377
-4055,14378
-4054,14379
-4053,14380
-4052,14381
-4051,14382
-4050,14383
-4049,14384
-4048,14385
-4047,14386
-4046,14387
-4045,14388
-4044,14389
-4043,14390
-4042,14391
-4041,14392
-4040,14393
-4039,14394
-4038,14395
-4037,14396
-4036,14397
-4035,14398
-4034,14399
-4033,14400
-4032,14401
-4031,14402
-4030,14403
-4029,14404
-4028,14405
-4027,14406
-4026,14407
-4025,14408
-4024,14409
-4023,14410
-4022,14411
-4021,14412
-4020,14413
-4019,14414
-4018,14415
-4017,14416
-4016,14417
-4015,14418
-4014,14419
-4013,14420
-4012,14421
-4011,14422
-4010,14423
-4009,14424
-4008,14425
-4007,14426
-4006,14427
-4005,14428
-4004,14429
-4003,14430
-4002,14431
-4001,14432
-4000,14433
-3999,14434
-3998,14435
-3997,14436
-3996,14437
-3995,14438
-3994,14439
-3993,14440
-3992,14441
-3991,14442
-3990,14443
-3989,14444
-3988,14445
-3987,14446
-3986,14447
-3985,14448
-3984,14449
-3983,14450
-3982,14451
-3981,14452
-3980,14453
-3979,14454
-3978,14455
-3977,14456
-3976,14457
-3975,14458
-3974,14459
-3973,14460
-3972,14461
-3971,14462
-3970,14463
-3969,14464
-3968,14465
-3967,14466
-3966,14467
-3965,14468
-3964,14469
-3963,14470
-3962,14471
-3961,14472
-3960,14473
-3959,14474
-3958,14475
-3957,14476
-3956,14477
-3955,14478
-3954,14479
-3953,14480
-3952,14481
-3951,14482
-3950,14483
-3949,14484
-3948,14485
-3947,14486
-3946,14487
-3945,14488
-3944,14489
-3943,14490
-3942,14491
-3941,14492
-3940,14493
-3939,14494
-3938,14495
-3937,14496
-3936,14497
-3935,14498
-3934,14499
-3933,14500
-3932,14501
-3931,14502
-3930,14503
-3929,14504
-3928,14505
-3927,14506
-3926,14507
-3925,14508
-3924,14509
-3923,14510
-3922,14511
-3921,14512
-3920,14513
-3919,14514
-3918,14515
-3917,14516
-3916,14517
-3915,14518
-3914,14519
-3913,14520
-3912,14521
-3911,14522
-3910,14523
-3909,14524
-3908,14525
-3907,14526
-3906,14527
-3905,14528
-3904,14529
-3903,14530
-3902,14531
-3901,14532
-3900,14533
-3899,14534
-3898,14535
-3897,14536
-3896,14537
-3895,14538
-3894,14539
-3893,14540
-3892,14541
-3891,14542
-3890,14543
-3889,14544
-3888,14545
-3887,14546
-3886,14547
-3885,14548
-3884,14549
-3883,14550
-3882,14551
-3881,14552
-3880,14553
-3879,14554
-3878,14555
-3877,14556
-3876,14557
-3875,14558
-3874,14559
-3873,14560
-3872,14561
-3871,14562
-3870,14563
-3869,14564
-3868,14565
-3867,14566
-3866,14567
-3865,14568
-3864,14569
-3863,14570
-3862,14571
-3861,14572
-3860,14573
-3859,14574
-3858,14575
-3857,14576
-3856,14577
-3855,14578
-3854,14579
-3853,14580
-3852,14581
-3851,14582
-3850,14583
-3849,14584
-3848,14585
-3847,14586
-3846,14587
-3845,14588
-3844,14589
-3843,14590
-3842,14591
-3841,14592
-3840,14593
-3839,14594
-3838,14595
-3837,14596
-3836,14597
-3835,14598
-3834,14599
-3833,14600
-3832,14601
-3831,14602
-3830,14603
-3829,14604
-3828,14605
-3827,14606
-3826,14607
-3825,14608
-3824,14609
-3823,14610
-3822,14611
-3821,14612
-3820,14613
-3819,14614
-3818,14615
-3817,14616
-3816,14617
-3815,14618
-3814,14619
-3813,14620
-3812,14621
-3811,14622
-3810,14623
-3809,14624
-3808,14625
-3807,14626
-3806,14627
-3805,14628
-3804,14629
-3803,14630
-3802,14631
-3801,14632
-3800,14633
-3799,14634
-3798,14635
-3797,14636
-3796,14637
-3795,14638
-3794,14639
-3793,14640
-3792,14641
-3791,14642
-3790,14643
-3789,14644
-3788,14645
-3787,14646
-3786,14647
-3785,14648
-3784,14649
-3783,14650
-3782,14651
-3781,14652
-3780,14653
-3779,14654
-3778,14655
-3777,14656
-3776,14657
-3775,14658
-3774,14659
-3773,14660
-3772,14661
-3771,14662
-3770,14663
-3769,14664
-3768,14665
-3767,14666
-3766,14667
-3765,14668
-3764,14669
-3763,14670
-3762,14671
-3761,14672
-3760,14673
-3759,14674
-3758,14675
-3757,14676
-3756,14677
-3755,14678
-3754,14679
-3753,14680
-3752,14681
-3751,14682
-3750,14683
-3749,14684
-3748,14685
-3747,14686
-3746,14687
-3745,14688
-3744,14689
-3743,14690
-3742,14691
-3741,14692
-3740,14693
-3739,14694
-3738,14695
-3737,14696
-3736,14697
-3735,14698
-3734,14699
-3733,14700
-3732,14701
-3731,14702
-3730,14703
-3729,14704
-3728,14705
-3727,14706
-3726,14707
-3725,14708
-3724,14709
-3723,14710
-3722,14711
-3721,14712
-3720,14713
-3719,14714
-3718,14715
-3717,14716
-3716,14717
-3715,14718
-3714,14719
-3713,14720
-3712,14721
-3711,14722
-3710,14723
-3709,14724
-3708,14725
-3707,14726
-3706,14727
-3705,14728
-3704,14729
-3703,14730
-3702,14731
-3701,14732
-3700,14733
-3699,14734
-3698,14735
-3697,14736
-3696,14737
-3695,14738
-3694,14739
-3693,14740
-3692,14741
-3691,14742
-3690,14743
-3689,14744
-3688,14745
-3687,14746
-3686,14747
-3685,14748
-3684,14749
-3683,14750
-3682,14751
-3681,14752
-3680,14753
-3679,14754
-3678,14755
-3677,14756
-3676,14757
-3675,14758
-3674,14759
-3673,14760
-3672,14761
-3671,14762
-3670,14763
-3669,14764
-3668,14765
-3667,14766
-3666,14767
-3665,14768
-3664,14769
-3663,14770
-3662,14771
-3661,14772
-3660,14773
-3659,14774
-3658,14775
-3657,14776
-3656,14777
-3655,14778
-3654,14779
-3653,14780
-3652,14781
-3651,14782
-3650,14783
-3649,14784
-3648,14785
-3647,14786
-3646,14787
-3645,14788
-3644,14789
-3643,14790
-3642,14791
-3641,14792
-3640,14793
-3639,14794
-3638,14795
-3637,14796
-3636,14797
-3635,14798
-3634,14799
-3633,14800
-3632,14801
-3631,14802
-3630,14803
-3629,14804
-3628,14805
-3627,14806
-3626,14807
-3625,14808
-3624,14809
-3623,14810
-3622,14811
-3621,14812
-3620,14813
-3619,14814
-3618,14815
-3617,14816
-3616,14817
-3615,14818
-3614,14819
-3613,14820
-3612,14821
-3611,14822
-3610,14823
-3609,14824
-3608,14825
-3607,14826
-3606,14827
-3605,14828
-3604,14829
-3603,14830
-3602,14831
-3601,14832
-3600,14833
-3599,14834
-3598,14835
-3597,14836
-3596,14837
-3595,14838
-3594,14839
-3593,14840
-3592,14841
-3591,14842
-3590,14843
-3589,14844
-3588,14845
-3587,14846
-3586,14847
-3585,14848
-3584,14849
-3583,14850
-3582,14851
-3581,14852
-3580,14853
-3579,14854
-3578,14855
-3577,14856
-3576,14857
-3575,14858
-3574,14859
-3573,14860
-3572,14861
-3571,14862
-3570,14863
-3569,14864
-3568,14865
-3567,14866
-3566,14867
-3565,14868
-3564,14869
-3563,14870
-3562,14871
-3561,14872
-3560,14873
-3559,14874
-3558,14875
-3557,14876
-3556,14877
-3555,14878
-3554,14879
-3553,14880
-3552,14881
-3551,14882
-3550,14883
-3549,14884
-3548,14885
-3547,14886
-3546,14887
-3545,14888
-3544,14889
-3543,14890
-3542,14891
-3541,14892
-3540,14893
-3539,14894
-3538,14895
-3537,14896
-3536,14897
-3535,14898
-3534,14899
-3533,14900
-3532,14901
-3531,14902
-3530,14903
-3529,14904
-3528,14905
-3527,14906
-3526,14907
-3525,14908
-3524,14909
-3523,14910
-3522,14911
-3521,14912
-3520,14913
-3519,14914
-3518,14915
-3517,14916
-3516,14917
-3515,14918
-3514,14919
-3513,14920
-3512,14921
-3511,14922
-3510,14923
-3509,14924
-3508,14925
-3507,14926
-3506,14927
-3505,14928
-3504,14929
-3503,14930
-3502,14931
-3501,14932
-3500,14933
-3499,14934
-3498,14935
-3497,14936
-3496,14937
-3495,14938
-3494,14939
-3493,14940
-3492,14941
-3491,14942
-3490,14943
-3489,14944
-3488,14945
-3487,14946
-3486,14947
-3485,14948
-3484,14949
-3483,14950
-3482,14951
-3481,14952
-3480,14953
-3479,14954
-3478,14955
-3477,14956
-3476,14957
-3475,14958
-3474,14959
-3473,14960
-3472,14961
-3471,14962
-3470,14963
-3469,14964
-3468,14965
-3467,14966
-3466,14967
-3465,14968
-3464,14969
-3463,14970
-3462,14971
-3461,14972
-3460,14973
-3459,14974
-3458,14975
-3457,14976
-3456,14977
-3455,14978
-3454,14979
-3453,14980
-3452,14981
-3451,14982
-3450,14983
-3449,14984
-3448,14985
-3447,14986
-3446,14987
-3445,14988
-3444,14989
-3443,14990
-3442,14991
-3441,14992
-3440,14993
-3439,14994
-3438,14995
-3437,14996
-3436,14997
-3435,14998
-3434,14999
-3433,15000
-3432,15001
-3431,15002
-3430,15003
-3429,15004
-3428,15005
-3427,15006
-3426,15007
-3425,15008
-3424,15009
-3423,15010
-3422,15011
-3421,15012
-3420,15013
-3419,15014
-3418,15015
-3417,15016
-3416,15017
-3415,15018
-3414,15019
-3413,15020
-3412,15021
-3411,15022
-3410,15023
-3409,15024
-3408,15025
-3407,15026
-3406,15027
-3405,15028
-3404,15029
-3403,15030
-3402,15031
-3401,15032
-3400,15033
-3399,15034
-3398,15035
-3397,15036
-3396,15037
-3395,15038
-3394,15039
-3393,15040
-3392,15041
-3391,15042
-3390,15043
-3389,15044
-3388,15045
-3387,15046
-3386,15047
-3385,15048
-3384,15049
-3383,15050
-3382,15051
-3381,15052
-3380,15053
-3379,15054
-3378,15055
-3377,15056
-3376,15057
-3375,15058
-3374,15059
-3373,15060
-3372,15061
-3371,15062
-3370,15063
-3369,15064
-3368,15065
-3367,15066
-3366,15067
-3365,15068
-3364,15069
-3363,15070
-3362,15071
-3361,15072
-3360,15073
-3359,15074
-3358,15075
-3357,15076
-3356,15077
-3355,15078
-3354,15079
-3353,15080
-3352,15081
-3351,15082
-3350,15083
-3349,15084
-3348,15085
-3347,15086
-3346,15087
-3345,15088
-3344,15089
-3343,15090
-3342,15091
-3341,15092
-3340,15093
-3339,15094
-3338,15095
-3337,15096
-3336,15097
-3335,15098
-3334,15099
-3333,15100
-3332,15101
-3331,15102
-3330,15103
-3329,15104
-3328,15105
-3327,15106
-3326,15107
-3325,15108
-3324,15109
-3323,15110
-3322,15111
-3321,15112
-3320,15113
-3319,15114
-3318,15115
-3317,15116
-3316,15117
-3315,15118
-3314,15119
-3313,15120
-3312,15121
-3311,15122
-3310,15123
-3309,15124
-3308,15125
-3307,15126
-3306,15127
-3305,15128
-3304,15129
-3303,15130
-3302,15131
-3301,15132
-3300,15133
-3299,15134
-3298,15135
-3297,15136
-3296,15137
-3295,15138
-3294,15139
-3293,15140
-3292,15141
-3291,15142
-3290,15143
-3289,15144
-3288,15145
-3287,15146
-3286,15147
-3285,15148
-3284,15149
-3283,15150
-3282,15151
-3281,15152
-3280,15153
-3279,15154
-3278,15155
-3277,15156
-3276,15157
-3275,15158
-3274,15159
-3273,15160
-3272,15161
-3271,15162
-3270,15163
-3269,15164
-3268,15165
-3267,15166
-3266,15167
-3265,15168
-3264,15169
-3263,15170
-3262,15171
-3261,15172
-3260,15173
-3259,15174
-3258,15175
-3257,15176
-3256,15177
-3255,15178
-3254,15179
-3253,15180
-3252,15181
-3251,15182
-3250,15183
-3249,15184
-3248,15185
-3247,15186
-3246,15187
-3245,15188
-3244,15189
-3243,15190
-3242,15191
-3241,15192
-3240,15193
-3239,15194
-3238,15195
-3237,15196
-3236,15197
-3235,15198
-3234,15199
-3233,15200
-3232,15201
-3231,15202
-3230,15203
-3229,15204
-3228,15205
-3227,15206
-3226,15207
-3225,15208
-3224,15209
-3223,15210
-3222,15211
-3221,15212
-3220,15213
-3219,15214
-3218,15215
-3217,15216
-3216,15217
-3215,15218
-3214,15219
-3213,15220
-3212,15221
-3211,15222
-3210,15223
-3209,15224
-3208,15225
-3207,15226
-3206,15227
-3205,15228
-3204,15229
-3203,15230
-3202,15231
-3201,15232
-3200,15233
-3199,15234
-3198,15235
-3197,15236
-3196,15237
-3195,15238
-3194,15239
-3193,15240
-3192,15241
-3191,15242
-3190,15243
-3189,15244
-3188,15245
-3187,15246
-3186,15247
-3185,15248
-3184,15249
-3183,15250
-3182,15251
-3181,15252
-3180,15253
-3179,15254
-3178,15255
-3177,15256
-3176,15257
-3175,15258
-3174,15259
-3173,15260
-3172,15261
-3171,15262
-3170,15263
-3169,15264
-3168,15265
-3167,15266
-3166,15267
-3165,15268
-3164,15269
-3163,15270
-3162,15271
-3161,15272
-3160,15273
-3159,15274
-3158,15275
-3157,15276
-3156,15277
-3155,15278
-3154,15279
-3153,15280
-3152,15281
-3151,15282
-3150,15283
-3149,15284
-3148,15285
-3147,15286
-3146,15287
-3145,15288
-3144,15289
-3143,15290
-3142,15291
-3141,15292
-3140,15293
-3139,15294
-3138,15295
-3137,15296
-3136,15297
-3135,15298
-3134,15299
-3133,15300
-3132,15301
-3131,15302
-3130,15303
-3129,15304
-3128,15305
-3127,15306
-3126,15307
-3125,15308
-3124,15309
-3123,15310
-3122,15311
-3121,15312
-3120,15313
-3119,15314
-3118,15315
-3117,15316
-3116,15317
-3115,15318
-3114,15319
-3113,15320
-3112,15321
-3111,15322
-3110,15323
-3109,15324
-3108,15325
-3107,15326
-3106,15327
-3105,15328
-3104,15329
-3103,15330
-3102,15331
-3101,15332
-3100,15333
-3099,15334
-3098,15335
-3097,15336
-3096,15337
-3095,15338
-3094,15339
-3093,15340
-3092,15341
-3091,15342
-3090,15343
-3089,15344
-3088,15345
-3087,15346
-3086,15347
-3085,15348
-3084,15349
-3083,15350
-3082,15351
-3081,15352
-3080,15353
-3079,15354
-3078,15355
-3077,15356
-3076,15357
-3075,15358
-3074,15359
-3073,15360
-3072,15361
-3071,15362
-3070,15363
-3069,15364
-3068,15365
-3067,15366
-3066,15367
-3065,15368
-3064,15369
-3063,15370
-3062,15371
-3061,15372
-3060,15373
-3059,15374
-3058,15375
-3057,15376
-3056,15377
-3055,15378
-3054,15379
-3053,15380
-3052,15381
-3051,15382
-3050,15383
-3049,15384
-3048,15385
-3047,15386
-3046,15387
-3045,15388
-3044,15389
-3043,15390
-3042,15391
-3041,15392
-3040,15393
-3039,15394
-3038,15395
-3037,15396
-3036,15397
-3035,15398
-3034,15399
-3033,15400
-3032,15401
-3031,15402
-3030,15403
-3029,15404
-3028,15405
-3027,15406
-3026,15407
-3025,15408
-3024,15409
-3023,15410
-3022,15411
-3021,15412
-3020,15413
-3019,15414
-3018,15415
-3017,15416
-3016,15417
-3015,15418
-3014,15419
-3013,15420
-3012,15421
-3011,15422
-3010,15423
-3009,15424
-3008,15425
-3007,15426
-3006,15427
-3005,15428
-3004,15429
-3003,15430
-3002,15431
-3001,15432
-3000,15433
-2999,15434
-2998,15435
-2997,15436
-2996,15437
-2995,15438
-2994,15439
-2993,15440
-2992,15441
-2991,15442
-2990,15443
-2989,15444
-2988,15445
-2987,15446
-2986,15447
-2985,15448
-2984,15449
-2983,15450
-2982,15451
-2981,15452
-2980,15453
-2979,15454
-2978,15455
-2977,15456
-2976,15457
-2975,15458
-2974,15459
-2973,15460
-2972,15461
-2971,15462
-2970,15463
-2969,15464
-2968,15465
-2967,15466
-2966,15467
-2965,15468
-2964,15469
-2963,15470
-2962,15471
-2961,15472
-2960,15473
-2959,15474
-2958,15475
-2957,15476
-2956,15477
-2955,15478
-2954,15479
-2953,15480
-2952,15481
-2951,15482
-2950,15483
-2949,15484
-2948,15485
-2947,15486
-2946,15487
-2945,15488
-2944,15489
-2943,15490
-2942,15491
-2941,15492
-2940,15493
-2939,15494
-2938,15495
-2937,15496
-2936,15497
-2935,15498
-2934,15499
-2933,15500
-2932,15501
-2931,15502
-2930,15503
-2929,15504
-2928,15505
-2927,15506
-2926,15507
-2925,15508
-2924,15509
-2923,15510
-2922,15511
-2921,15512
-2920,15513
-2919,15514
-2918,15515
-2917,15516
-2916,15517
-2915,15518
-2914,15519
-2913,15520
-2912,15521
-2911,15522
-2910,15523
-2909,15524
-2908,15525
-2907,15526
-2906,15527
-2905,15528
-2904,15529
-2903,15530
-2902,15531
-2901,15532
-2900,15533
-2899,15534
-2898,15535
-2897,15536
-2896,15537
-2895,15538
-2894,15539
-2893,15540
-2892,15541
-2891,15542
-2890,15543
-2889,15544
-2888,15545
-2887,15546
-2886,15547
-2885,15548
-2884,15549
-2883,15550
-2882,15551
-2881,15552
-2880,15553
-2879,15554
-2878,15555
-2877,15556
-2876,15557
-2875,15558
-2874,15559
-2873,15560
-2872,15561
-2871,15562
-2870,15563
-2869,15564
-2868,15565
-2867,15566
-2866,15567
-2865,15568
-2864,15569
-2863,15570
-2862,15571
-2861,15572
-2860,15573
-2859,15574
-2858,15575
-2857,15576
-2856,15577
-2855,15578
-2854,15579
-2853,15580
-2852,15581
-2851,15582
-2850,15583
-2849,15584
-2848,15585
-2847,15586
-2846,15587
-2845,15588
-2844,15589
-2843,15590
-2842,15591
-2841,15592
-2840,15593
-2839,15594
-2838,15595
-2837,15596
-2836,15597
-2835,15598
-2834,15599
-2833,15600
-2832,15601
-2831,15602
-2830,15603
-2829,15604
-2828,15605
-2827,15606
-2826,15607
-2825,15608
-2824,15609
-2823,15610
-2822,15611
-2821,15612
-2820,15613
-2819,15614
-2818,15615
-2817,15616
-2816,15617
-2815,15618
-2814,15619
-2813,15620
-2812,15621
-2811,15622
-2810,15623
-2809,15624
-2808,15625
-2807,15626
-2806,15627
-2805,15628
-2804,15629
-2803,15630
-2802,15631
-2801,15632
-2800,15633
-2799,15634
-2798,15635
-2797,15636
-2796,15637
-2795,15638
-2794,15639
-2793,15640
-2792,15641
-2791,15642
-2790,15643
-2789,15644
-2788,15645
-2787,15646
-2786,15647
-2785,15648
-2784,15649
-2783,15650
-2782,15651
-2781,15652
-2780,15653
-2779,15654
-2778,15655
-2777,15656
-2776,15657
-2775,15658
-2774,15659
-2773,15660
-2772,15661
-2771,15662
-2770,15663
-2769,15664
-2768,15665
-2767,15666
-2766,15667
-2765,15668
-2764,15669
-2763,15670
-2762,15671
-2761,15672
-2760,15673
-2759,15674
-2758,15675
-2757,15676
-2756,15677
-2755,15678
-2754,15679
-2753,15680
-2752,15681
-2751,15682
-2750,15683
-2749,15684
-2748,15685
-2747,15686
-2746,15687
-2745,15688
-2744,15689
-2743,15690
-2742,15691
-2741,15692
-2740,15693
-2739,15694
-2738,15695
-2737,15696
-2736,15697
-2735,15698
-2734,15699
-2733,15700
-2732,15701
-2731,15702
-2730,15703
-2729,15704
-2728,15705
-2727,15706
-2726,15707
-2725,15708
-2724,15709
-2723,15710
-2722,15711
-2721,15712
-2720,15713
-2719,15714
-2718,15715
-2717,15716
-2716,15717
-2715,15718
-2714,15719
-2713,15720
-2712,15721
-2711,15722
-2710,15723
-2709,15724
-2708,15725
-2707,15726
-2706,15727
-2705,15728
-2704,15729
-2703,15730
-2702,15731
-2701,15732
-2700,15733
-2699,15734
-2698,15735
-2697,15736
-2696,15737
-2695,15738
-2694,15739
-2693,15740
-2692,15741
-2691,15742
-2690,15743
-2689,15744
-2688,15745
-2687,15746
-2686,15747
-2685,15748
-2684,15749
-2683,15750
-2682,15751
-2681,15752
-2680,15753
-2679,15754
-2678,15755
-2677,15756
-2676,15757
-2675,15758
-2674,15759
-2673,15760
-2672,15761
-2671,15762
-2670,15763
-2669,15764
-2668,15765
-2667,15766
-2666,15767
-2665,15768
-2664,15769
-2663,15770
-2662,15771
-2661,15772
-2660,15773
-2659,15774
-2658,15775
-2657,15776
-2656,15777
-2655,15778
-2654,15779
-2653,15780
-2652,15781
-2651,15782
-2650,15783
-2649,15784
-2648,15785
-2647,15786
-2646,15787
-2645,15788
-2644,15789
-2643,15790
-2642,15791
-2641,15792
-2640,15793
-2639,15794
-2638,15795
-2637,15796
-2636,15797
-2635,15798
-2634,15799
-2633,15800
-2632,15801
-2631,15802
-2630,15803
-2629,15804
-2628,15805
-2627,15806
-2626,15807
-2625,15808
-2624,15809
-2623,15810
-2622,15811
-2621,15812
-2620,15813
-2619,15814
-2618,15815
-2617,15816
-2616,15817
-2615,15818
-2614,15819
-2613,15820
-2612,15821
-2611,15822
-2610,15823
-2609,15824
-2608,15825
-2607,15826
-2606,15827
-2605,15828
-2604,15829
-2603,15830
-2602,15831
-2601,15832
-2600,15833
-2599,15834
-2598,15835
-2597,15836
-2596,15837
-2595,15838
-2594,15839
-2593,15840
-2592,15841
-2591,15842
-2590,15843
-2589,15844
-2588,15845
-2587,15846
-2586,15847
-2585,15848
-2584,15849
-2583,15850
-2582,15851
-2581,15852
-2580,15853
-2579,15854
-2578,15855
-2577,15856
-2576,15857
-2575,15858
-2574,15859
-2573,15860
-2572,15861
-2571,15862
-2570,15863
-2569,15864
-2568,15865
-2567,15866
-2566,15867
-2565,15868
-2564,15869
-2563,15870
-2562,15871
-2561,15872
-2560,15873
-2559,15874
-2558,15875
-2557,15876
-2556,15877
-2555,15878
-2554,15879
-2553,15880
-2552,15881
-2551,15882
-2550,15883
-2549,15884
-2548,15885
-2547,15886
-2546,15887
-2545,15888
-2544,15889
-2543,15890
-2542,15891
-2541,15892
-2540,15893
-2539,15894
-2538,15895
-2537,15896
-2536,15897
-2535,15898
-2534,15899
-2533,15900
-2532,15901
-2531,15902
-2530,15903
-2529,15904
-2528,15905
-2527,15906
-2526,15907
-2525,15908
-2524,15909
-2523,15910
-2522,15911
-2521,15912
-2520,15913
-2519,15914
-2518,15915
-2517,15916
-2516,15917
-2515,15918
-2514,15919
-2513,15920
-2512,15921
-2511,15922
-2510,15923
-2509,15924
-2508,15925
-2507,15926
-2506,15927
-2505,15928
-2504,15929
-2503,15930
-2502,15931
-2501,15932
-2500,15933
-2499,15934
-2498,15935
-2497,15936
-2496,15937
-2495,15938
-2494,15939
-2493,15940
-2492,15941
-2491,15942
-2490,15943
-2489,15944
-2488,15945
-2487,15946
-2486,15947
-2485,15948
-2484,15949
-2483,15950
-2482,15951
-2481,15952
-2480,15953
-2479,15954
-2478,15955
-2477,15956
-2476,15957
-2475,15958
-2474,15959
-2473,15960
-2472,15961
-2471,15962
-2470,15963
-2469,15964
-2468,15965
-2467,15966
-2466,15967
-2465,15968
-2464,15969
-2463,15970
-2462,15971
-2461,15972
-2460,15973
-2459,15974
-2458,15975
-2457,15976
-2456,15977
-2455,15978
-2454,15979
-2453,15980
-2452,15981
-2451,15982
-2450,15983
-2449,15984
-2448,15985
-2447,15986
-2446,15987
-2445,15988
-2444,15989
-2443,15990
-2442,15991
-2441,15992
-2440,15993
-2439,15994
-2438,15995
-2437,15996
-2436,15997
-2435,15998
-2434,15999
-2433,16000
-2432,16001
-2431,16002
-2430,16003
-2429,16004
-2428,16005
-2427,16006
-2426,16007
-2425,16008
-2424,16009
-2423,16010
-2422,16011
-2421,16012
-2420,16013
-2419,16014
-2418,16015
-2417,16016
-2416,16017
-2415,16018
-2414,16019
-2413,16020
-2412,16021
-2411,16022
-2410,16023
-2409,16024
-2408,16025
-2407,16026
-2406,16027
-2405,16028
-2404,16029
-2403,16030
-2402,16031
-2401,16032
-2400,16033
-2399,16034
-2398,16035
-2397,16036
-2396,16037
-2395,16038
-2394,16039
-2393,16040
-2392,16041
-2391,16042
-2390,16043
-2389,16044
-2388,16045
-2387,16046
-2386,16047
-2385,16048
-2384,16049
-2383,16050
-2382,16051
-2381,16052
-2380,16053
-2379,16054
-2378,16055
-2377,16056
-2376,16057
-2375,16058
-2374,16059
-2373,16060
-2372,16061
-2371,16062
-2370,16063
-2369,16064
-2368,16065
-2367,16066
-2366,16067
-2365,16068
-2364,16069
-2363,16070
-2362,16071
-2361,16072
-2360,16073
-2359,16074
-2358,16075
-2357,16076
-2356,16077
-2355,16078
-2354,16079
-2353,16080
-2352,16081
-2351,16082
-2350,16083
-2349,16084
-2348,16085
-2347,16086
-2346,16087
-2345,16088
-2344,16089
-2343,16090
-2342,16091
-2341,16092
-2340,16093
-2339,16094
-2338,16095
-2337,16096
-2336,16097
-2335,16098
-2334,16099
-2333,16100
-2332,16101
-2331,16102
-2330,16103
-2329,16104
-2328,16105
-2327,16106
-2326,16107
-2325,16108
-2324,16109
-2323,16110
-2322,16111
-2321,16112
-2320,16113
-2319,16114
-2318,16115
-2317,16116
-2316,16117
-2315,16118
-2314,16119
-2313,16120
-2312,16121
-2311,16122
-2310,16123
-2309,16124
-2308,16125
-2307,16126
-2306,16127
-2305,16128
-2304,16129
-2303,16130
-2302,16131
-2301,16132
-2300,16133
-2299,16134
-2298,16135
-2297,16136
-2296,16137
-2295,16138
-2294,16139
-2293,16140
-2292,16141
-2291,16142
-2290,16143
-2289,16144
-2288,16145
-2287,16146
-2286,16147
-2285,16148
-2284,16149
-2283,16150
-2282,16151
-2281,16152
-2280,16153
-2279,16154
-2278,16155
-2277,16156
-2276,16157
-2275,16158
-2274,16159
-2273,16160
-2272,16161
-2271,16162
-2270,16163
-2269,16164
-2268,16165
-2267,16166
-2266,16167
-2265,16168
-2264,16169
-2263,16170
-2262,16171
-2261,16172
-2260,16173
-2259,16174
-2258,16175
-2257,16176
-2256,16177
-2255,16178
-2254,16179
-2253,16180
-2252,16181
-2251,16182
-2250,16183
-2249,16184
-2248,16185
-2247,16186
-2246,16187
-2245,16188
-2244,16189
-2243,16190
-2242,16191
-2241,16192
-2240,16193
-2239,16194
-2238,16195
-2237,16196
-2236,16197
-2235,16198
-2234,16199
-2233,16200
-2232,16201
-2231,16202
-2230,16203
-2229,16204
-2228,16205
-2227,16206
-2226,16207
-2225,16208
-2224,16209
-2223,16210
-2222,16211
-2221,16212
-2220,16213
-2219,16214
-2218,16215
-2217,16216
-2216,16217
-2215,16218
-2214,16219
-2213,16220
-2212,16221
-2211,16222
-2210,16223
-2209,16224
-2208,16225
-2207,16226
-2206,16227
-2205,16228
-2204,16229
-2203,16230
-2202,16231
-2201,16232
-2200,16233
-2199,16234
-2198,16235
-2197,16236
-2196,16237
-2195,16238
-2194,16239
-2193,16240
-2192,16241
-2191,16242
-2190,16243
-2189,16244
-2188,16245
-2187,16246
-2186,16247
-2185,16248
-2184,16249
-2183,16250
-2182,16251
-2181,16252
-2180,16253
-2179,16254
-2178,16255
-2177,16256
-2176,16257
-2175,16258
-2174,16259
-2173,16260
-2172,16261
-2171,16262
-2170,16263
-2169,16264
-2168,16265
-2167,16266
-2166,16267
-2165,16268
-2164,16269
-2163,16270
-2162,16271
-2161,16272
-2160,16273
-2159,16274
-2158,16275
-2157,16276
-2156,16277
-2155,16278
-2154,16279
-2153,16280
-2152,16281
-2151,16282
-2150,16283
-2149,16284
-2148,16285
-2147,16286
-2146,16287
-2145,16288
-2144,16289
-2143,16290
-2142,16291
-2141,16292
-2140,16293
-2139,16294
-2138,16295
-2137,16296
-2136,16297
-2135,16298
-2134,16299
-2133,16300
-2132,16301
-2131,16302
-2130,16303
-2129,16304
-2128,16305
-2127,16306
-2126,16307
-2125,16308
-2124,16309
-2123,16310
-2122,16311
-2121,16312
-2120,16313
-2119,16314
-2118,16315
-2117,16316
-2116,16317
-2115,16318
-2114,16319
-2113,16320
-2112,16321
-2111,16322
-2110,16323
-2109,16324
-2108,16325
-2107,16326
-2106,16327
-2105,16328
-2104,16329
-2103,16330
-2102,16331
-2101,16332
-2100,16333
-2099,16334
-2098,16335
-2097,16336
-2096,16337
-2095,16338
-2094,16339
-2093,16340
-2092,16341
-2091,16342
-2090,16343
-2089,16344
-2088,16345
-2087,16346
-2086,16347
-2085,16348
-2084,16349
-2083,16350
-2082,16351
-2081,16352
-2080,16353
-2079,16354
-2078,16355
-2077,16356
-2076,16357
-2075,16358
-2074,16359
-2073,16360
-2072,16361
-2071,16362
-2070,16363
-2069,16364
-2068,16365
-2067,16366
-2066,16367
-2065,16368
-2064,16369
-2063,16370
-2062,16371
-2061,16372
-2060,16373
-2059,16374
-2058,16375
-2057,16376
-2056,16377
-2055,16378
-2054,16379
-2053,16380
-2052,16381
-2051,16382
-2050,16383
-2049,16384
-2048,16385
-2047,16386
-2046,16387
-2045,16388
-2044,16389
-2043,16390
-2042,16391
-2041,16392
-2040,16393
-2039,16394
-2038,16395
-2037,16396
-2036,16397
-2035,16398
-2034,16399
-2033,16400
-2032,16401
-2031,16402
-2030,16403
-2029,16404
-2028,16405
-2027,16406
-2026,16407
-2025,16408
-2024,16409
-2023,16410
-2022,16411
-2021,16412
-2020,16413
-2019,16414
-2018,16415
-2017,16416
-2016,16417
-2015,16418
-2014,16419
-2013,16420
-2012,16421
-2011,16422
-2010,16423
-2009,16424
-2008,16425
-2007,16426
-2006,16427
-2005,16428
-2004,16429
-2003,16430
-2002,16431
-2001,16432
-2000,16433
-1999,16434
-1998,16435
-1997,16436
-1996,16437
-1995,16438
-1994,16439
-1993,16440
-1992,16441
-1991,16442
-1990,16443
-1989,16444
-1988,16445
-1987,16446
-1986,16447
-1985,16448
-1984,16449
-1983,16450
-1982,16451
-1981,16452
-1980,16453
-1979,16454
-1978,16455
-1977,16456
-1976,16457
-1975,16458
-1974,16459
-1973,16460
-1972,16461
-1971,16462
-1970,16463
-1969,16464
-1968,16465
-1967,16466
-1966,16467
-1965,16468
-1964,16469
-1963,16470
-1962,16471
-1961,16472
-1960,16473
-1959,16474
-1958,16475
-1957,16476
-1956,16477
-1955,16478
-1954,16479
-1953,16480
-1952,16481
-1951,16482
-1950,16483
-1949,16484
-1948,16485
-1947,16486
-1946,16487
-1945,16488
-1944,16489
-1943,16490
-1942,16491
-1941,16492
-1940,16493
-1939,16494
-1938,16495
-1937,16496
-1936,16497
-1935,16498
-1934,16499
-1933,16500
-1932,16501
-1931,16502
-1930,16503
-1929,16504
-1928,16505
-1927,16506
-1926,16507
-1925,16508
-1924,16509
-1923,16510
-1922,16511
-1921,16512
-1920,16513
-1919,16514
-1918,16515
-1917,16516
-1916,16517
-1915,16518
-1914,16519
-1913,16520
-1912,16521
-1911,16522
-1910,16523
-1909,16524
-1908,16525
-1907,16526
-1906,16527
-1905,16528
-1904,16529
-1903,16530
-1902,16531
-1901,16532
-1900,16533
-1899,16534
-1898,16535
-1897,16536
-1896,16537
-1895,16538
-1894,16539
-1893,16540
-1892,16541
-1891,16542
-1890,16543
-1889,16544
-1888,16545
-1887,16546
-1886,16547
-1885,16548
-1884,16549
-1883,16550
-1882,16551
-1881,16552
-1880,16553
-1879,16554
-1878,16555
-1877,16556
-1876,16557
-1875,16558
-1874,16559
-1873,16560
-1872,16561
-1871,16562
-1870,16563
-1869,16564
-1868,16565
-1867,16566
-1866,16567
-1865,16568
-1864,16569
-1863,16570
-1862,16571
-1861,16572
-1860,16573
-1859,16574
-1858,16575
-1857,16576
-1856,16577
-1855,16578
-1854,16579
-1853,16580
-1852,16581
-1851,16582
-1850,16583
-1849,16584
-1848,16585
-1847,16586
-1846,16587
-1845,16588
-1844,16589
-1843,16590
-1842,16591
-1841,16592
-1840,16593
-1839,16594
-1838,16595
-1837,16596
-1836,16597
-1835,16598
-1834,16599
-1833,16600
-1832,16601
-1831,16602
-1830,16603
-1829,16604
-1828,16605
-1827,16606
-1826,16607
-1825,16608
-1824,16609
-1823,16610
-1822,16611
-1821,16612
-1820,16613
-1819,16614
-1818,16615
-1817,16616
-1816,16617
-1815,16618
-1814,16619
-1813,16620
-1812,16621
-1811,16622
-1810,16623
-1809,16624
-1808,16625
-1807,16626
-1806,16627
-1805,16628
-1804,16629
-1803,16630
-1802,16631
-1801,16632
-1800,16633
-1799,16634
-1798,16635
-1797,16636
-1796,16637
-1795,16638
-1794,16639
-1793,16640
-1792,16641
-1791,16642
-1790,16643
-1789,16644
-1788,16645
-1787,16646
-1786,16647
-1785,16648
-1784,16649
-1783,16650
-1782,16651
-1781,16652
-1780,16653
-1779,16654
-1778,16655
-1777,16656
-1776,16657
-1775,16658
-1774,16659
-1773,16660
-1772,16661
-1771,16662
-1770,16663
-1769,16664
-1768,16665
-1767,16666
-1766,16667
-1765,16668
-1764,16669
-1763,16670
-1762,16671
-1761,16672
-1760,16673
-1759,16674
-1758,16675
-1757,16676
-1756,16677
-1755,16678
-1754,16679
-1753,16680
-1752,16681
-1751,16682
-1750,16683
-1749,16684
-1748,16685
-1747,16686
-1746,16687
-1745,16688
-1744,16689
-1743,16690
-1742,16691
-1741,16692
-1740,16693
-1739,16694
-1738,16695
-1737,16696
-1736,16697
-1735,16698
-1734,16699
-1733,16700
-1732,16701
-1731,16702
-1730,16703
-1729,16704
-1728,16705
-1727,16706
-1726,16707
-1725,16708
-1724,16709
-1723,16710
-1722,16711
-1721,16712
-1720,16713
-1719,16714
-1718,16715
-1717,16716
-1716,16717
-1715,16718
-1714,16719
-1713,16720
-1712,16721
-1711,16722
-1710,16723
-1709,16724
-1708,16725
-1707,16726
-1706,16727
-1705,16728
-1704,16729
-1703,16730
-1702,16731
-1701,16732
-1700,16733
-1699,16734
-1698,16735
-1697,16736
-1696,16737
-1695,16738
-1694,16739
-1693,16740
-1692,16741
-1691,16742
-1690,16743
-1689,16744
-1688,16745
-1687,16746
-1686,16747
-1685,16748
-1684,16749
-1683,16750
-1682,16751
-1681,16752
-1680,16753
-1679,16754
-1678,16755
-1677,16756
-1676,16757
-1675,16758
-1674,16759
-1673,16760
-1672,16761
-1671,16762
-1670,16763
-1669,16764
-1668,16765
-1667,16766
-1666,16767
-1665,16768
-1664,16769
-1663,16770
-1662,16771
-1661,16772
-1660,16773
-1659,16774
-1658,16775
-1657,16776
-1656,16777
-1655,16778
-1654,16779
-1653,16780
-1652,16781
-1651,16782
-1650,16783
-1649,16784
-1648,16785
-1647,16786
-1646,16787
-1645,16788
-1644,16789
-1643,16790
-1642,16791
-1641,16792
-1640,16793
-1639,16794
-1638,16795
-1637,16796
-1636,16797
-1635,16798
-1634,16799
-1633,16800
-1632,16801
-1631,16802
-1630,16803
-1629,16804
-1628,16805
-1627,16806
-1626,16807
-1625,16808
-1624,16809
-1623,16810
-1622,16811
-1621,16812
-1620,16813
-1619,16814
-1618,16815
-1617,16816
-1616,16817
-1615,16818
-1614,16819
-1613,16820
-1612,16821
-1611,16822
-1610,16823
-1609,16824
-1608,16825
-1607,16826
-1606,16827
-1605,16828
-1604,16829
-1603,16830
-1602,16831
-1601,16832
-1600,16833
-1599,16834
-1598,16835
-1597,16836
-1596,16837
-1595,16838
-1594,16839
-1593,16840
-1592,16841
-1591,16842
-1590,16843
-1589,16844
-1588,16845
-1587,16846
-1586,16847
-1585,16848
-1584,16849
-1583,16850
-1582,16851
-1581,16852
-1580,16853
-1579,16854
-1578,16855
-1577,16856
-1576,16857
-1575,16858
-1574,16859
-1573,16860
-1572,16861
-1571,16862
-1570,16863
-1569,16864
-1568,16865
-1567,16866
-1566,16867
-1565,16868
-1564,16869
-1563,16870
-1562,16871
-1561,16872
-1560,16873
-1559,16874
-1558,16875
-1557,16876
-1556,16877
-1555,16878
-1554,16879
-1553,16880
-1552,16881
-1551,16882
-1550,16883
-1549,16884
-1548,16885
-1547,16886
-1546,16887
-1545,16888
-1544,16889
-1543,16890
-1542,16891
-1541,16892
-1540,16893
-1539,16894
-1538,16895
-1537,16896
-1536,16897
-1535,16898
-1534,16899
-1533,16900
-1532,16901
-1531,16902
-1530,16903
-1529,16904
-1528,16905
-1527,16906
-1526,16907
-1525,16908
-1524,16909
-1523,16910
-1522,16911
-1521,16912
-1520,16913
-1519,16914
-1518,16915
-1517,16916
-1516,16917
-1515,16918
-1514,16919
-1513,16920
-1512,16921
-1511,16922
-1510,16923
-1509,16924
-1508,16925
-1507,16926
-1506,16927
-1505,16928
-1504,16929
-1503,16930
-1502,16931
-1501,16932
-1500,16933
-1499,16934
-1498,16935
-1497,16936
-1496,16937
-1495,16938
-1494,16939
-1493,16940
-1492,16941
-1491,16942
-1490,16943
-1489,16944
-1488,16945
-1487,16946
-1486,16947
-1485,16948
-1484,16949
-1483,16950
-1482,16951
-1481,16952
-1480,16953
-1479,16954
-1478,16955
-1477,16956
-1476,16957
-1475,16958
-1474,16959
-1473,16960
-1472,16961
-1471,16962
-1470,16963
-1469,16964
-1468,16965
-1467,16966
-1466,16967
-1465,16968
-1464,16969
-1463,16970
-1462,16971
-1461,16972
-1460,16973
-1459,16974
-1458,16975
-1457,16976
-1456,16977
-1455,16978
-1454,16979
-1453,16980
-1452,16981
-1451,16982
-1450,16983
-1449,16984
-1448,16985
-1447,16986
-1446,16987
-1445,16988
-1444,16989
-1443,16990
-1442,16991
-1441,16992
-1440,16993
-1439,16994
-1438,16995
-1437,16996
-1436,16997
-1435,16998
-1434,16999
-1433,17000
-1432,17001
-1431,17002
-1430,17003
-1429,17004
-1428,17005
-1427,17006
-1426,17007
-1425,17008
-1424,17009
-1423,17010
-1422,17011
-1421,17012
-1420,17013
-1419,17014
-1418,17015
-1417,17016
-1416,17017
-1415,17018
-1414,17019
-1413,17020
-1412,17021
-1411,17022
-1410,17023
-1409,17024
-1408,17025
-1407,17026
-1406,17027
-1405,17028
-1404,17029
-1403,17030
-1402,17031
-1401,17032
-1400,17033
-1399,17034
-1398,17035
-1397,17036
-1396,17037
-1395,17038
-1394,17039
-1393,17040
-1392,17041
-1391,17042
-1390,17043
-1389,17044
-1388,17045
-1387,17046
-1386,17047
-1385,17048
-1384,17049
-1383,17050
-1382,17051
-1381,17052
-1380,17053
-1379,17054
-1378,17055
-1377,17056
-1376,17057
-1375,17058
-1374,17059
-1373,17060
-1372,17061
-1371,17062
-1370,17063
-1369,17064
-1368,17065
-1367,17066
-1366,17067
-1365,17068
-1364,17069
-1363,17070
-1362,17071
-1361,17072
-1360,17073
-1359,17074
-1358,17075
-1357,17076
-1356,17077
-1355,17078
-1354,17079
-1353,17080
-1352,17081
-1351,17082
-1350,17083
-1349,17084
-1348,17085
-1347,17086
-1346,17087
-1345,17088
-1344,17089
-1343,17090
-1342,17091
-1341,17092
-1340,17093
-1339,17094
-1338,17095
-1337,17096
-1336,17097
-1335,17098
-1334,17099
-1333,17100
-1332,17101
-1331,17102
-1330,17103
-1329,17104
-1328,17105
-1327,17106
-1326,17107
-1325,17108
-1324,17109
-1323,17110
-1322,17111
-1321,17112
-1320,17113
-1319,17114
-1318,17115
-1317,17116
-1316,17117
-1315,17118
-1314,17119
-1313,17120
-1312,17121
-1311,17122
-1310,17123
-1309,17124
-1308,17125
-1307,17126
-1306,17127
-1305,17128
-1304,17129
-1303,17130
-1302,17131
-1301,17132
-1300,17133
-1299,17134
-1298,17135
-1297,17136
-1296,17137
-1295,17138
-1294,17139
-1293,17140
-1292,17141
-1291,17142
-1290,17143
-1289,17144
-1288,17145
-1287,17146
-1286,17147
-1285,17148
-1284,17149
-1283,17150
-1282,17151
-1281,17152
-1280,17153
-1279,17154
-1278,17155
-1277,17156
-1276,17157
-1275,17158
-1274,17159
-1273,17160
-1272,17161
-1271,17162
-1270,17163
-1269,17164
-1268,17165
-1267,17166
-1266,17167
-1265,17168
-1264,17169
-1263,17170
-1262,17171
-1261,17172
-1260,17173
-1259,17174
-1258,17175
-1257,17176
-1256,17177
-1255,17178
-1254,17179
-1253,17180
-1252,17181
-1251,17182
-1250,17183
-1249,17184
-1248,17185
-1247,17186
-1246,17187
-1245,17188
-1244,17189
-1243,17190
-1242,17191
-1241,17192
-1240,17193
-1239,17194
-1238,17195
-1237,17196
-1236,17197
-1235,17198
-1234,17199
-1233,17200
-1232,17201
-1231,17202
-1230,17203
-1229,17204
-1228,17205
-1227,17206
-1226,17207
-1225,17208
-1224,17209
-1223,17210
-1222,17211
-1221,17212
-1220,17213
-1219,17214
-1218,17215
-1217,17216
-1216,17217
-1215,17218
-1214,17219
-1213,17220
-1212,17221
-1211,17222
-1210,17223
-1209,17224
-1208,17225
-1207,17226
-1206,17227
-1205,17228
-1204,17229
-1203,17230
-1202,17231
-1201,17232
-1200,17233
-1199,17234
-1198,17235
-1197,17236
-1196,17237
-1195,17238
-1194,17239
-1193,17240
-1192,17241
-1191,17242
-1190,17243
-1189,17244
-1188,17245
-1187,17246
-1186,17247
-1185,17248
-1184,17249
-1183,17250
-1182,17251
-1181,17252
-1180,17253
-1179,17254
-1178,17255
-1177,17256
-1176,17257
-1175,17258
-1174,17259
-1173,17260
-1172,17261
-1171,17262
-1170,17263
-1169,17264
-1168,17265
-1167,17266
-1166,17267
-1165,17268
-1164,17269
-1163,17270
-1162,17271
-1161,17272
-1160,17273
-1159,17274
-1158,17275
-1157,17276
-1156,17277
-1155,17278
-1154,17279
-1153,17280
-1152,17281
-1151,17282
-1150,17283
-1149,17284
-1148,17285
-1147,17286
-1146,17287
-1145,17288
-1144,17289
-1143,17290
-1142,17291
-1141,17292
-1140,17293
-1139,17294
-1138,17295
-1137,17296
-1136,17297
-1135,17298
-1134,17299
-1133,17300
-1132,17301
-1131,17302
-1130,17303
-1129,17304
-1128,17305
-1127,17306
-1126,17307
-1125,17308
-1124,17309
-1123,17310
-1122,17311
-1121,17312
-1120,17313
-1119,17314
-1118,17315
-1117,17316
-1116,17317
-1115,17318
-1114,17319
-1113,17320
-1112,17321
-1111,17322
-1110,17323
-1109,17324
-1108,17325
-1107,17326
-1106,17327
-1105,17328
-1104,17329
-1103,17330
-1102,17331
-1101,17332
-1100,17333
-1099,17334
-1098,17335
-1097,17336
-1096,17337
-1095,17338
-1094,17339
-1093,17340
-1092,17341
-1091,17342
-1090,17343
-1089,17344
-1088,17345
-1087,17346
-1086,17347
-1085,17348
-1084,17349
-1083,17350
-1082,17351
-1081,17352
-1080,17353
-1079,17354
-1078,17355
-1077,17356
-1076,17357
-1075,17358
-1074,17359
-1073,17360
-1072,17361
-1071,17362
-1070,17363
-1069,17364
-1068,17365
-1067,17366
-1066,17367
-1065,17368
-1064,17369
-1063,17370
-1062,17371
-1061,17372
-1060,17373
-1059,17374
-1058,17375
-1057,17376
-1056,17377
-1055,17378
-1054,17379
-1053,17380
-1052,17381
-1051,17382
-1050,17383
-1049,17384
-1048,17385
-1047,17386
-1046,17387
-1045,17388
-1044,17389
-1043,17390
-1042,17391
-1041,17392
-1040,17393
-1039,17394
-1038,17395
-1037,17396
-1036,17397
-1035,17398
-1034,17399
-1033,17400
-1032,17401
-1031,17402
-1030,17403
-1029,17404
-1028,17405
-1027,17406
-1026,17407
-1025,17408
-1024,17409
-1023,17410
-1022,17411
-1021,17412
-1020,17413
-1019,17414
-1018,17415
-1017,17416
-1016,17417
-1015,17418
-1014,17419
-1013,17420
-1012,17421
-1011,17422
-1010,17423
-1009,17424
-1008,17425
-1007,17426
-1006,17427
-1005,17428
-1004,17429
-1003,17430
-1002,17431
-1001,17432
-1000,17433
-999,17434
-998,17435
-997,17436
-996,17437
-995,17438
-994,17439
-993,17440
-992,17441
-991,17442
-990,17443
-989,17444
-988,17445
-987,17446
-986,17447
-985,17448
-984,17449
-983,17450
-982,17451
-981,17452
-980,17453
-979,17454
-978,17455
-977,17456
-976,17457
-975,17458
-974,17459
-973,17460
-972,17461
-971,17462
-970,17463
-969,17464
-968,17465
-967,17466
-966,17467
-965,17468
-964,17469
-963,17470
-962,17471
-961,17472
-960,17473
-959,17474
-958,17475
-957,17476
-956,17477
-955,17478
-954,17479
-953,17480
-952,17481
-951,17482
-950,17483
-949,17484
-948,17485
-947,17486
-946,17487
-945,17488
-944,17489
-943,17490
-942,17491
-941,17492
-940,17493
-939,17494
-938,17495
-937,17496
-936,17497
-935,17498
-934,17499
-933,17500
-932,17501
-931,17502
-930,17503
-929,17504
-928,17505
-927,17506
-926,17507
-925,17508
-924,17509
-923,17510
-922,17511
-921,17512
-920,17513
-919,17514
-918,17515
-917,17516
-916,17517
-915,17518
-914,17519
-913,17520
-912,17521
-911,17522
-910,17523
-909,17524
-908,17525
-907,17526
-906,17527
-905,17528
-904,17529
-903,17530
-902,17531
-901,17532
-900,17533
-899,17534
-898,17535
-897,17536
-896,17537
-895,17538
-894,17539
-893,17540
-892,17541
-891,17542
-890,17543
-889,17544
-888,17545
-887,17546
-886,17547
-885,17548
-884,17549
-883,17550
-882,17551
-881,17552
-880,17553
-879,17554
-878,17555
-877,17556
-876,17557
-875,17558
-874,17559
-873,17560
-872,17561
-871,17562
-870,17563
-869,17564
-868,17565
-867,17566
-866,17567
-865,17568
-864,17569
-863,17570
-862,17571
-861,17572
-860,17573
-859,17574
-858,17575
-857,17576
-856,17577
-855,17578
-854,17579
-853,17580
-852,17581
-851,17582
-850,17583
-849,17584
-848,17585
-847,17586
-846,17587
-845,17588
-844,17589
-843,17590
-842,17591
-841,17592
-840,17593
-839,17594
-838,17595
-837,17596
-836,17597
-835,17598
-834,17599
-833,17600
-832,17601
-831,17602
-830,17603
-829,17604
-828,17605
-827,17606
-826,17607
-825,17608
-824,17609
-823,17610
-822,17611
-821,17612
-820,17613
-819,17614
-818,17615
-817,17616
-816,17617
-815,17618
-814,17619
-813,17620
-812,17621
-811,17622
-810,17623
-809,17624
-808,17625
-807,17626
-806,17627
-805,17628
-804,17629
-803,17630
-802,17631
-801,17632
-800,17633
-799,17634
-798,17635
-797,17636
-796,17637
-795,17638
-794,17639
-793,17640
-792,17641
-791,17642
-790,17643
-789,17644
-788,17645
-787,17646
-786,17647
-785,17648
-784,17649
-783,17650
-782,17651
-781,17652
-780,17653
-779,17654
-778,17655
-777,17656
-776,17657
-775,17658
-774,17659
-773,17660
-772,17661
-771,17662
-770,17663
-769,17664
-768,17665
-767,17666
-766,17667
-765,17668
-764,17669
-763,17670
-762,17671
-761,17672
-760,17673
-759,17674
-758,17675
-757,17676
-756,17677
-755,17678
-754,17679
-753,17680
-752,17681
-751,17682
-750,17683
-749,17684
-748,17685
-747,17686
-746,17687
-745,17688
-744,17689
-743,17690
-742,17691
-741,17692
-740,17693
-739,17694
-738,17695
-737,17696
-736,17697
-735,17698
-734,17699
-733,17700
-732,17701
-731,17702
-730,17703
-729,17704
-728,17705
-727,17706
-726,17707
-725,17708
-724,17709
-723,17710
-722,17711
-721,17712
-720,17713
-719,17714
-718,17715
-717,17716
-716,17717
-715,17718
-714,17719
-713,17720
-712,17721
-711,17722
-710,17723
-709,17724
-708,17725
-707,17726
-706,17727
-705,17728
-704,17729
-703,17730
-702,17731
-701,17732
-700,17733
-699,17734
-698,17735
-697,17736
-696,17737
-695,17738
-694,17739
-693,17740
-692,17741
-691,17742
-690,17743
-689,17744
-688,17745
-687,17746
-686,17747
-685,17748
-684,17749
-683,17750
-682,17751
-681,17752
-680,17753
-679,17754
-678,17755
-677,17756
-676,17757
-675,17758
-674,17759
-673,17760
-672,17761
-671,17762
-670,17763
-669,17764
-668,17765
-667,17766
-666,17767
-665,17768
-664,17769
-663,17770
-662,17771
-661,17772
-660,17773
-659,17774
-658,17775
-657,17776
-656,17777
-655,17778
-654,17779
-653,17780
-652,17781
-651,17782
-650,17783
-649,17784
-648,17785
-647,17786
-646,17787
-645,17788
-644,17789
-643,17790
-642,17791
-641,17792
-640,17793
-639,17794
-638,17795
-637,17796
-636,17797
-635,17798
-634,17799
-633,17800
-632,17801
-631,17802
-630,17803
-629,17804
-628,17805
-627,17806
-626,17807
-625,17808
-624,17809
-623,17810
-622,17811
-621,17812
-620,17813
-619,17814
-618,17815
-617,17816
-616,17817
-615,17818
-614,17819
-613,17820
-612,17821
-611,17822
-610,17823
-609,17824
-608,17825
-607,17826
-606,17827
-605,17828
-604,17829
-603,17830
-602,17831
-601,17832
-600,17833
-599,17834
-598,17835
-597,17836
-596,17837
-595,17838
-594,17839
-593,17840
-592,17841
-591,17842
-590,17843
-589,17844
-588,17845
-587,17846
-586,17847
-585,17848
-584,17849
-583,17850
-582,17851
-581,17852
-580,17853
-579,17854
-578,17855
-577,17856
-576,17857
-575,17858
-574,17859
-573,17860
-572,17861
-571,17862
-570,17863
-569,17864
-568,17865
-567,17866
-566,17867
-565,17868
-564,17869
-563,17870
-562,17871
-561,17872
-560,17873
-559,17874
-558,17875
-557,17876
-556,17877
-555,17878
-554,17879
-553,17880
-552,17881
-551,17882
-550,17883
-549,17884
-548,17885
-547,17886
-546,17887
-545,17888
-544,17889
-543,17890
-542,17891
-541,17892
-540,17893
-539,17894
-538,17895
-537,17896
-536,17897
-535,17898
-534,17899
-533,17900
-532,17901
-531,17902
-530,17903
-529,17904
-528,17905
-527,17906
-526,17907
-525,17908
-524,17909
-523,17910
-522,17911
-521,17912
-520,17913
-519,17914
-518,17915
-517,17916
-516,17917
-515,17918
-514,17919
-513,17920
-512,17921
-511,17922
-510,17923
-509,17924
-508,17925
-507,17926
-506,17927
-505,17928
-504,17929
-503,17930
-502,17931
-501,17932
-500,17933
-499,17934
-498,17935
-497,17936
-496,17937
-495,17938
-494,17939
-493,17940
-492,17941
-491,17942
-490,17943
-489,17944
-488,17945
-487,17946
-486,17947
-485,17948
-484,17949
-483,17950
-482,17951
-481,17952
-480,17953
-479,17954
-478,17955
-477,17956
-476,17957
-475,17958
-474,17959
-473,17960
-472,17961
-471,17962
-470,17963
-469,17964
-468,17965
-467,17966
-466,17967
-465,17968
-464,17969
-463,17970
-462,17971
-461,17972
-460,17973
-459,17974
-458,17975
-457,17976
-456,17977
-455,17978
-454,17979
-453,17980
-452,17981
-451,17982
-450,17983
-449,17984
-448,17985
-447,17986
-446,17987
-445,17988
-444,17989
-443,17990
-442,17991
-441,17992
-440,17993
-439,17994
-438,17995
-437,17996
-436,17997
-435,17998
-434,17999
-433,18000
-432,18001
-431,18002
-430,18003
-429,18004
-428,18005
-427,18006
-426,18007
-425,18008
-424,18009
-423,18010
-422,18011
-421,18012
-420,18013
-419,18014
-418,18015
-417,18016
-416,18017
-415,18018
-414,18019
-413,18020
-412,18021
-411,18022
-410,18023
-409,18024
-408,18025
-407,18026
-406,18027
-405,18028
-404,18029
-403,18030
-402,18031
-401,18032
-400,18033
-399,18034
-398,18035
-397,18036
-396,18037
-395,18038
-394,18039
-393,18040
-392,18041
-391,18042
-390,18043
-389,18044
-388,18045
-387,18046
-386,18047
-385,18048
-384,18049
-383,18050
-382,18051
-381,18052
-380,18053
-379,18054
-378,18055
-377,18056
-376,18057
-375,18058
-374,18059
-373,18060
-372,18061
-371,18062
-370,18063
-369,18064
-368,18065
-367,18066
-366,18067
-365,18068
-364,18069
-363,18070
-362,18071
-361,18072
-360,18073
-359,18074
-358,18075
-357,18076
-356,18077
-355,18078
-354,18079
-353,18080
-352,18081
-351,18082
-350,18083
-349,18084
-348,18085
-347,18086
-346,18087
-345,18088
-344,18089
-343,18090
-342,18091
-341,18092
-340,18093
-339,18094
-338,18095
-337,18096
-336,18097
-335,18098
-334,18099
-333,18100
-332,18101
-331,18102
-330,18103
-329,18104
-328,18105
-327,18106
-326,18107
-325,18108
-324,18109
-323,18110
-322,18111
-321,18112
-320,18113
-319,18114
-318,18115
-317,18116
-316,18117
-315,18118
-314,18119
-313,18120
-312,18121
-311,18122
-310,18123
-309,18124
-308,18125
-307,18126
-306,18127
-305,18128
-304,18129
-303,18130
-302,18131
-301,18132
-300,18133
-299,18134
-298,18135
-297,18136
-296,18137
-295,18138
-294,18139
-293,18140
-292,18141
-291,18142
-290,18143
-289,18144
-288,18145
-287,18146
-286,18147
-285,18148
-284,18149
-283,18150
-282,18151
-281,18152
-280,18153
-279,18154
-278,18155
-277,18156
-276,18157
-275,18158
-274,18159
-273,18160
-272,18161
-271,18162
-270,18163
-269,18164
-268,18165
-267,18166
-266,18167
-265,18168
-264,18169
-263,18170
-262,18171
-261,18172
-260,18173
-259,18174
-258,18175
-257,18176
-256,18177
-255,18178
-254,18179
-253,18180
-252,18181
-251,18182
-250,18183
-249,18184
-248,18185
-247,18186
-246,18187
-245,18188
-244,18189
-243,18190
-242,18191
-241,18192
-240,18193
-239,18194
-238,18195
-237,18196
-236,18197
-235,18198
-234,18199
-233,18200
-232,18201
-231,18202
-230,18203
-229,18204
-228,18205
-227,18206
-226,18207
-225,18208
-224,18209
-223,18210
-222,18211
-221,18212
-220,18213
-219,18214
-218,18215
-217,18216
-216,18217
-215,18218
-214,18219
-213,18220
-212,18221
-211,18222
-210,18223
-209,18224
-208,18225
-207,18226
-206,18227
-205,18228
-204,18229
-203,18230
-202,18231
-201,18232
-200,18233
-199,18234
-198,18235
-197,18236
-196,18237
-195,18238
-194,18239
-193,18240
-192,18241
-191,18242
-190,18243
-189,18244
-188,18245
-187,18246
-186,18247
-185,18248
-184,18249
-183,18250
-182,18251
-181,18252
-180,18253
-179,18254
-178,18255
-177,18256
-176,18257
-175,18258
-174,18259
-173,18260
-172,18261
-171,18262
-170,18263
-169,18264
-168,18265
-167,18266
-166,18267
-165,18268
-164,18269
-163,18270
-162,18271
-161,18272
-160,18273
-159,18274
-158,18275
-157,18276
-156,18277
-155,18278
-154,18279
-153,18280
-152,18281
-151,18282
-150,18283
-149,18284
-148,18285
-147,18286
-146,18287
-145,18288
-144,18289
-143,18290
-142,18291
-141,18292
-140,18293
-139,18294
-138,18295
-137,18296
-136,18297
-135,18298
-134,18299
-133,18300
-132,18301
-131,18302
-130,18303
-129,18304
-128,18305
-127,18306
-126,18307
-125,18308
-124,18309
-123,18310
-122,18311
-121,18312
-120,18313
-119,18314
-118,18315
-117,18316
-116,18317
-115,18318
-114,18319
-113,18320
-112,18321
-111,18322
-110,18323
-109,18324
-108,18325
-107,18326
-106,18327
-105,18328
-104,18329
-103,18330
-102,18331
-101,18332
-100,18333
-99,18334
-98,18335
-97,18336
-96,18337
-95,18338
-94,18339
-93,18340
-92,18341
-91,18342
-90,18343
-89,18344
-88,18345
-87,18346
-86,18347
-85,18348
-84,18349
-83,18350
-82,18351
-81,18352
-80,18353
-79,18354
-78,18355
-77,18356
-76,18357
-75,18358
-74,18359
-73,18360
-72,18361
-71,18362
-70,18363
-69,18364
-68,18365
-67,18366
-66,18367
-65,18368
-64,18369
-63,18370
-62,18371
-61,18372
-60,18373
-59,18374
-58,18375
-57,18376
-56,18377
-55,18378
-54,18379
-53,18380
-52,18381
-51,18382
-50,18383
-49,18384
-48,18385
-47,18386
-46,18387
-45,18388
-44,18389
-43,18390
-42,18391
-41,18392
-40,18393
-39,18394
-38,18395
-37,18396
-36,18397
-35,18398
-34,18399
-33,18400
-32,18401
-31,18402
-30,18403
-29,18404
-28,18405
-27,18406
-26,18407
-25,18408
-24,18409
-23,18410
-22,18411
-21,18412
-20,18413
-19,18414
-18,18415
-17,18416
-16,18417
-15,18418
-14,18419
-13,18420
-12,18421
-11,18422
-10,18423
-9,18424
-8,18425
-7,18426
-6,18427
-5,18428
-4,18429
-3,18430
-2,18431
-1,18432
0,0
1,1
2,2
3,3
4,4
5,5
6,6
7,7
8,8
9,9
10,10
11,11
12,12
13,13
14,14
15,15
16,16
17,17
18,18
19,19
20,20
21,21
22,22
23,23
24,24
25,25
26,26
27,27
28,28
29,29
30,30
31,31
32,32
33,33
34,34
35,35
36,36
37,37
38,38
39,39
40,40
41,41
42,42
43,43
44,44
45,45
46,46
47,47
48,48
49,49
50,50
51,51
52,52
53,53
54,54
55,55
56,56
57,57
58,58
59,59
60,60
61,61
62,62
63,63
64,64
65,65
66,66
67,67
68,68
69,69
70,70
71,71
72,72
73,73
74,74
75,75
76,76
77,77
78,78
79,79
80,80
81,81
82,82
83,83
84,84
85,85
86,86
87,87
88,88
89,89
90,90
91,91
92,92
93,93
94,94
95,95
96,96
97,97
98,98
99,99
100,100
101,101
102,102
103,103
104,104
105,105
106,106
107,107
108,108
109,109
110,110
111,111
112,112
113,113
114,114
115,115
116,116
117,117
118,118
119,119
120,120
121,121
122,122
123,123
124,124
125,125
126,126
127,127
128,128
129,129
130,130
131,131
132,132
133,133
134,134
135,135
136,136
137,137
138,138
139,139
140,140
141,141
142,142
143,143
144,144
145,145
146,146
147,147
148,148
149,149
150,150
151,151
152,152
153,153
154,154
155,155
156,156
157,157
158,158
159,159
160,160
161,161
162,162
163,163
164,164
165,165
166,166
167,167
168,168
169,169
170,170
171,171
172,172
173,173
174,174
175,175
176,176
177,177
178,178
179,179
180,180
181,181
182,182
183,183
184,184
185,185
186,186
187,187
188,188
189,189
190,190
191,191
192,192
193,193
194,194
195,195
196,196
197,197
198,198
199,199
200,200
201,201
202,202
203,203
204,204
205,205
206,206
207,207
208,208
209,209
210,210
211,211
212,212
213,213
214,214
215,215
216,216
217,217
218,218
219,219
220,220
221,221
222,222
223,223
224,224
225,225
226,226
227,227
228,228
229,229
230,230
231,231
232,232
233,233
234,234
235,235
236,236
237,237
238,238
239,239
240,240
241,241
242,242
243,243
244,244
245,245
246,246
247,247
248,248
249,249
250,250
251,251
252,252
253,253
254,254
255,255
256,256
257,257
258,258
259,259
260,260
261,261
262,262
263,263
264,264
265,265
266,266
267,267
268,268
269,269
270,270
271,271
272,272
273,273
274,274
275,275
276,276
277,277
278,278
279,279
280,280
281,281
282,282
283,283
284,284
285,285
286,286
287,287
288,288
289,289
290,290
291,291
292,292
293,293
294,294
295,295
296,296
297,297
298,298
299,299
300,300
301,301
302,302
303,303
304,304
305,305
306,306
307,307
308,308
309,309
310,310
311,311
312,312
313,313
314,314
315,315
316,316
317,317
318,318
319,319
320,320
321,321
322,322
323,323
324,324
325,325
326,326
327,327
328,328
329,329
330,330
331,331
332,332
333,333
334,334
335,335
336,336
337,337
338,338
339,339
340,340
341,341
342,342
343,343
344,344
345,345
346,346
347,347
348,348
349,349
350,350
351,351
352,352
353,353
354,354
355,355
356,356
357,357
358,358
359,359
360,360
361,361
362,362
363,363
364,364
365,365
366,366
367,367
368,368
369,369
370,370
371,371
372,372
373,373
374,374
375,375
376,376
377,377
378,378
379,379
380,380
381,381
382,382
383,383
384,384
385,385
386,386
387,387
388,388
389,389
390,390
391,391
392,392
393,393
394,394
395,395
396,396
397,397
398,398
399,399
400,400
401,401
402,402
403,403
404,404
405,405
406,406
407,407
408,408
409,409
410,410
411,411
412,412
413,413
414,414
415,415
416,416
417,417
418,418
419,419
420,420
421,421
422,422
423,423
424,424
425,425
426,426
427,427
428,428
429,429
430,430
431,431
432,432
433,433
434,434
435,435
436,436
437,437
438,438
439,439
440,440
441,441
442,442
443,443
444,444
445,445
446,446
447,447
448,448
449,449
450,450
451,451
452,452
453,453
454,454
455,455
456,456
457,457
458,458
459,459
460,460
461,461
462,462
463,463
464,464
465,465
466,466
467,467
468,468
469,469
470,470
471,471
472,472
473,473
474,474
475,475
476,476
477,477
478,478
479,479
480,480
481,481
482,482
483,483
484,484
485,485
486,486
487,487
488,488
489,489
490,490
491,491
492,492
493,493
494,494
495,495
496,496
497,497
498,498
499,499
500,500
501,501
502,502
503,503
504,504
505,505
506,506
507,507
508,508
509,509
510,510
511,511
512,512
513,513
514,514
515,515
516,516
517,517
518,518
519,519
520,520
521,521
522,522
523,523
524,524
525,525
526,526
527,527
528,528
529,529
530,530
531,531
532,532
533,533
534,534
535,535
536,536
537,537
538,538
539,539
540,540
541,541
542,542
543,543
544,544
545,545
546,546
547,547
548,548
549,549
550,550
551,551
552,552
553,553
554,554
555,555
556,556
557,557
558,558
559,559
560,560
561,561
562,562
563,563
564,564
565,565
566,566
567,567
568,568
569,569
570,570
571,571
572,572
573,573
574,574
575,575
576,576
577,577
578,578
579,579
580,580
581,581
582,582
583,583
584,584
585,585
586,586
587,587
588,588
589,589
590,590
591,591
592,592
593,593
594,594
595,595
596,596
597,597
598,598
599,599
600,600
601,601
602,602
603,603
604,604
605,605
606,606
607,607
608,608
609,609
610,610
611,611
612,612
613,613
614,614
615,615
616,616
617,617
618,618
619,619
620,620
621,621
622,622
623,623
624,624
625,625
626,626
627,627
628,628
629,629
630,630
631,631
632,632
633,633
634,634
635,635
636,636
637,637
638,638
639,639
640,640
641,641
642,642
643,643
644,644
645,645
646,646
647,647
648,648
649,649
650,650
651,651
652,652
653,653
654,654
655,655
656,656
657,657
658,658
659,659
660,660
661,661
662,662
663,663
664,664
665,665
666,666
667,667
668,668
669,669
670,670
671,671
672,672
673,673
674,674
675,675
676,676
677,677
678,678
679,679
680,680
681,681
682,682
683,683
684,684
685,685
686,686
687,687
688,688
689,689
690,690
691,691
692,692
693,693
694,694
695,695
696,696
697,697
698,698
699,699
700,700
701,701
702,702
703,703
704,704
705,705
706,706
707,707
708,708
709,709
710,710
711,711
712,712
713,713
714,714
715,715
716,716
717,717
718,718
719,719
720,720
721,721
722,722
723,723
724,724
725,725
726,726
727,727
728,728
729,729
730,730
731,731
732,732
733,733
734,734
735,735
736,736
737,737
738,738
739,739
740,740
741,741
742,742
743,743
744,744
745,745
746,746
747,747
748,748
749,749
750,750
751,751
752,752
753,753
754,754
755,755
756,756
757,757
758,758
759,759
760,760
761,761
762,762
763,763
764,764
765,765
766,766
767,767
768,768
769,769
770,770
771,771
772,772
773,773
774,774
775,775
776,776
777,777
778,778
779,779
780,780
781,781
782,782
783,783
784,784
785,785
786,786
787,787
788,788
789,789
790,790
791,791
792,792
793,793
794,794
795,795
796,796
797,797
798,798
799,799
800,800
801,801
802,802
803,803
804,804
805,805
806,806
807,807
808,808
809,809
810,810
811,811
812,812
813,813
814,814
815,815
816,816
817,817
818,818
819,819
820,820
821,821
822,822
823,823
824,824
825,825
826,826
827,827
828,828
829,829
830,830
831,831
832,832
833,833
834,834
835,835
836,836
837,837
838,838
839,839
840,840
841,841
842,842
843,843
844,844
845,845
846,846
847,847
848,848
849,849
850,850
851,851
852,852
853,853
854,854
855,855
856,856
857,857
858,858
859,859
860,860
861,861
862,862
863,863
864,864
865,865
866,866
867,867
868,868
869,869
870,870
871,871
872,872
873,873
874,874
875,875
876,876
877,877
878,878
879,879
880,880
881,881
882,882
883,883
884,884
885,885
886,886
887,887
888,888
889,889
890,890
891,891
892,892
893,893
894,894
895,895
896,896
897,897
898,898
899,899
900,900
901,901
902,902
903,903
904,904
905,905
906,906
907,907
908,908
909,909
910,910
911,911
912,912
913,913
914,914
915,915
916,916
917,917
918,918
919,919
920,920
921,921
922,922
923,923
924,924
925,925
926,926
927,927
928,928
929,929
930,930
931,931
932,932
933,933
934,934
935,935
936,936
937,937
938,938
939,939
940,940
941,941
942,942
943,943
944,944
945,945
946,946
947,947
948,948
949,949
950,950
951,951
952,952
953,953
954,954
955,955
956,956
957,957
958,958
959,959
960,960
961,961
962,962
963,963
964,964
965,965
966,966
967,967
968,968
969,969
970,970
971,971
972,972
973,973
974,974
975,975
976,976
977,977
978,978
979,979
980,980
981,981
982,982
983,983
984,984
985,985
986,986
987,987
988,988
989,989
990,990
991,991
992,992
993,993
994,994
995,995
996,996
997,997
998,998
999,999
1000,1000
1001,1001
1002,1002
1003,1003
1004,1004
1005,1005
1006,1006
1007,1007
1008,1008
1009,1009
1010,1010
1011,1011
1012,1012
1013,1013
1014,1014
1015,1015
1016,1016
1017,1017
1018,1018
1019,1019
1020,1020
1021,1021
1022,1022
1023,1023
1024,1024
1025,1025
1026,1026
1027,1027
1028,1028
1029,1029
1030,1030
1031,1031
1032,1032
1033,1033
1034,1034
1035,1035
1036,1036
1037,1037
1038,1038
1039,1039
1040,1040
1041,1041
1042,1042
1043,1043
1044,1044
1045,1045
1046,1046
1047,1047
1048,1048
1049,1049
1050,1050
1051,1051
1052,1052
1053,1053
1054,1054
1055,1055
1056,1056
1057,1057
1058,1058
1059,1059
1060,1060
1061,1061
1062,1062
1063,1063
1064,1064
1065,1065
1066,1066
1067,1067
1068,1068
1069,1069
1070,1070
1071,1071
1072,1072
1073,1073
1074,1074
1075,1075
1076,1076
1077,1077
1078,1078
1079,1079
1080,1080
1081,1081
1082,1082
1083,1083
1084,1084
1085,1085
1086,1086
1087,1087
1088,1088
1089,1089
1090,1090
1091,1091
1092,1092
1093,1093
1094,1094
1095,1095
1096,1096
1097,1097
1098,1098
1099,1099
1100,1100
1101,1101
1102,1102
1103,1103
1104,1104
1105,1105
1106,1106
1107,1107
1108,1108
1109,1109
1110,1110
1111,1111
1112,1112
1113,1113
1114,1114
1115,1115
1116,1116
1117,1117
1118,1118
1119,1119
1120,1120
1121,1121
1122,1122
1123,1123
1124,1124
1125,1125
1126,1126
1127,1127
1128,1128
1129,1129
1130,1130
1131,1131
1132,1132
1133,1133
1134,1134
1135,1135
1136,1136
1137,1137
1138,1138
1139,1139
1140,1140
1141,1141
1142,1142
1143,1143
1144,1144
1145,1145
1146,1146
1147,1147
1148,1148
1149,1149
1150,1150
1151,1151
1152,1152
1153,1153
1154,1154
1155,1155
1156,1156
1157,1157
1158,1158
1159,1159
1160,1160
1161,1161
1162,1162
1163,1163
1164,1164
1165,1165
1166,1166
1167,1167
1168,1168
1169,1169
1170,1170
1171,1171
1172,1172
1173,1173
1174,1174
1175,1175
1176,1176
1177,1177
1178,1178
1179,1179
1180,1180
1181,1181
1182,1182
1183,1183
1184,1184
1185,1185
1186,1186
1187,1187
1188,1188
1189,1189
1190,1190
1191,1191
1192,1192
1193,1193
1194,1194
1195,1195
1196,1196
1197,1197
1198,1198
1199,1199
1200,1200
1201,1201
1202,1202
1203,1203
1204,1204
1205,1205
1206,1206
1207,1207
1208,1208
1209,1209
1210,1210
1211,1211
1212,1212
1213,1213
1214,1214
1215,1215
1216,1216
1217,1217
1218,1218
1219,1219
1220,1220
1221,1221
1222,1222
1223,1223
1224,1224
1225,1225
1226,1226
1227,1227
1228,1228
1229,1229
1230,1230
1231,1231
1232,1232
1233,1233
1234,1234
1235,1235
1236,1236
1237,1237
1238,1238
1239,1239
1240,1240
1241,1241
1242,1242
1243,1243
1244,1244
1245,1245
1246,1246
1247,1247
1248,1248
1249,1249
1250,1250
1251,1251
1252,1252
1253,1253
1254,1254
1255,1255
1256,1256
1257,1257
1258,1258
1259,1259
1260,1260
1261,1261
1262,1262
1263,1263
1264,1264
1265,1265
1266,1266
1267,1267
1268,1268
1269,1269
1270,1270
1271,1271
1272,1272
1273,1273
1274,1274
1275,1275
1276,1276
1277,1277
1278,1278
1279,1279
1280,1280
1281,1281
1282,1282
1283,1283
1284,1284
1285,1285
1286,1286
1287,1287
1288,1288
1289,1289
1290,1290
1291,1291
1292,1292
1293,1293
1294,1294
1295,1295
1296,1296
1297,1297
1298,1298
1299,1299
1300,1300
1301,1301
1302,1302
1303,1303
1304,1304
1305,1305
1306,1306
1307,1307
1308,1308
1309,1309
1310,1310
1311,1311
1312,1312
1313,1313
1314,1314
1315,1315
1316,1316
1317,1317
1318,1318
1319,1319
1320,1320
1321,1321
1322,1322
1323,1323
1324,1324
1325,1325
1326,1326
1327,1327
1328,1328
1329,1329
1330,1330
1331,1331
1332,1332
1333,1333
1334,1334
1335,1335
1336,1336
1337,1337
1338,1338
1339,1339
1340,1340
1341,1341
1342,1342
1343,1343
1344,1344
1345,1345
1346,1346
1347,1347
1348,1348
1349,1349
1350,1350
1351,1351
1352,1352
1353,1353
1354,1354
1355,1355
1356,1356
1357,1357
1358,1358
1359,1359
1360,1360
1361,1361
1362,1362
1363,1363
1364,1364
1365,1365
1366,1366
1367,1367
1368,1368
1369,1369
1370,1370
1371,1371
1372,1372
1373,1373
1374,1374
1375,1375
1376,1376
1377,1377
1378,1378
1379,1379
1380,1380
1381,1381
1382,1382
1383,1383
1384,1384
1385,1385
1386,1386
1387,1387
1388,1388
1389,1389
1390,1390
1391,1391
1392,1392
1393,1393
1394,1394
1395,1395
1396,1396
1397,1397
1398,1398
1399,1399
1400,1400
1401,1401
1402,1402
1403,1403
1404,1404
1405,1405
1406,1406
1407,1407
1408,1408
1409,1409
1410,1410
1411,1411
1412,1412
1413,1413
1414,1414
1415,1415
1416,1416
1417,1417
1418,1418
1419,1419
1420,1420
1421,1421
1422,1422
1423,1423
1424,1424
1425,1425
1426,1426
1427,1427
1428,1428
1429,1429
1430,1430
1431,1431
1432,1432
1433,1433
1434,1434
1435,1435
1436,1436
1437,1437
1438,1438
1439,1439
1440,1440
1441,1441
1442,1442
1443,1443
1444,1444
1445,1445
1446,1446
1447,1447
1448,1448
1449,1449
1450,1450
1451,1451
1452,1452
1453,1453
1454,1454
1455,1455
1456,1456
1457,1457
1458,1458
1459,1459
1460,1460
1461,1461
1462,1462
1463,1463
1464,1464
1465,1465
1466,1466
1467,1467
1468,1468
1469,1469
1470,1470
1471,1471
1472,1472
1473,1473
1474,1474
1475,1475
1476,1476
1477,1477
1478,1478
1479,1479
1480,1480
1481,1481
1482,1482
1483,1483
1484,1484
1485,1485
1486,1486
1487,1487
1488,1488
1489,1489
1490,1490
1491,1491
1492,1492
1493,1493
1494,1494
1495,1495
1496,1496
1497,1497
1498,1498
1499,1499
1500,1500
1501,1501
1502,1502
1503,1503
1504,1504
1505,1505
1506,1506
1507,1507
1508,1508
1509,1509
1510,1510
1511,1511
1512,1512
1513,1513
1514,1514
1515,1515
1516,1516
1517,1517
1518,1518
1519,1519
1520,1520
1521,1521
1522,1522
1523,1523
1524,1524
1525,1525
1526,1526
1527,1527
1528,1528
1529,1529
1530,1530
1531,1531
1532,1532
1533,1533
1534,1534
1535,1535
1536,1536
1537,1537
1538,1538
1539,1539
1540,1540
1541,1541
1542,1542
1543,1543
1544,1544
1545,1545
1546,1546
1547,1547
1548,1548
1549,1549
1550,1550
1551,1551
1552,1552
1553,1553
1554,1554
1555,1555
1556,1556
1557,1557
1558,1558
1559,1559
1560,1560
1561,1561
1562,1562
1563,1563
1564,1564
1565,1565
1566,1566
1567,1567
1568,1568
1569,1569
1570,1570
1571,1571
1572,1572
1573,1573
1574,1574
1575,1575
1576,1576
1577,1577
1578,1578
1579,1579
1580,1580
1581,1581
1582,1582
1583,1583
1584,1584
1585,1585
1586,1586
1587,1587
1588,1588
1589,1589
1590,1590
1591,1591
1592,1592
1593,1593
1594,1594
1595,1595
1596,1596
1597,1597
1598,1598
1599,1599
1600,1600
1601,1601
1602,1602
1603,1603
1604,1604
1605,1605
1606,1606
1607,1607
1608,1608
1609,1609
1610,1610
1611,1611
1612,1612
1613,1613
1614,1614
1615,1615
1616,1616
1617,1617
1618,1618
1619,1619
1620,1620
1621,1621
1622,1622
1623,1623
1624,1624
1625,1625
1626,1626
1627,1627
1628,1628
1629,1629
1630,1630
1631,1631
1632,1632
1633,1633
1634,1634
1635,1635
1636,1636
1637,1637
1638,1638
1639,1639
1640,1640
1641,1641
1642,1642
1643,1643
1644,1644
1645,1645
1646,1646
1647,1647
1648,1648
1649,1649
1650,1650
1651,1651
1652,1652
1653,1653
1654,1654
1655,1655
1656,1656
1657,1657
1658,1658
1659,1659
1660,1660
1661,1661
1662,1662
1663,1663
1664,1664
1665,1665
1666,1666
1667,1667
1668,1668
1669,1669
1670,1670
1671,1671
1672,1672
1673,1673
1674,1674
1675,1675
1676,1676
1677,1677
1678,1678
1679,1679
1680,1680
1681,1681
1682,1682
1683,1683
1684,1684
1685,1685
1686,1686
1687,1687
1688,1688
1689,1689
1690,1690
1691,1691
1692,1692
1693,1693
1694,1694
1695,1695
1696,1696
1697,1697
1698,1698
1699,1699
1700,1700
1701,1701
1702,1702
1703,1703
1704,1704
1705,1705
1706,1706
1707,1707
1708,1708
1709,1709
1710,1710
1711,1711
1712,1712
1713,1713
1714,1714
1715,1715
1716,1716
1717,1717
1718,1718
1719,1719
1720,1720
1721,1721
1722,1722
1723,1723
1724,1724
1725,1725
1726,1726
1727,1727
1728,1728
1729,1729
1730,1730
1731,1731
1732,1732
1733,1733
1734,1734
1735,1735
1736,1736
1737,1737
1738,1738
1739,1739
1740,1740
1741,1741
1742,1742
1743,1743
1744,1744
1745,1745
1746,1746
1747,1747
1748,1748
1749,1749
1750,1750
1751,1751
1752,1752
1753,1753
1754,1754
1755,1755
1756,1756
1757,1757
1758,1758
1759,1759
1760,1760
1761,1761
1762,1762
1763,1763
1764,1764
1765,1765
1766,1766
1767,1767
1768,1768
1769,1769
1770,1770
1771,1771
1772,1772
1773,1773
1774,1774
1775,1775
1776,1776
1777,1777
1778,1778
1779,1779
1780,1780
1781,1781
1782,1782
1783,1783
1784,1784
1785,1785
1786,1786
1787,1787
1788,1788
1789,1789
1790,1790
1791,1791
1792,1792
1793,1793
1794,1794
1795,1795
1796,1796
1797,1797
1798,1798
1799,1799
1800,1800
1801,1801
1802,1802
1803,1803
1804,1804
1805,1805
1806,1806
1807,1807
1808,1808
1809,1809
1810,1810
1811,1811
1812,1812
1813,1813
1814,1814
1815,1815
1816,1816
1817,1817
1818,1818
1819,1819
1820,1820
1821,1821
1822,1822
1823,1823
1824,1824
1825,1825
1826,1826
1827,1827
1828,1828
1829,1829
1830,1830
1831,1831
1832,1832
1833,1833
1834,1834
1835,1835
1836,1836
1837,1837
1838,1838
1839,1839
1840,1840
1841,1841
1842,1842
1843,1843
1844,1844
1845,1845
1846,1846
1847,1847
1848,1848
1849,1849
1850,1850
1851,1851
1852,1852
1853,1853
1854,1854
1855,1855
1856,1856
1857,1857
1858,1858
1859,1859
1860,1860
1861,1861
1862,1862
1863,1863
1864,1864
1865,1865
1866,1866
1867,1867
1868,1868
1869,1869
1870,1870
1871,1871
1872,1872
1873,1873
1874,1874
1875,1875
1876,1876
1877,1877
1878,1878
1879,1879
1880,1880
1881,1881
1882,1882
1883,1883
1884,1884
1885,1885
1886,1886
1887,1887
1888,1888
1889,1889
1890,1890
1891,1891
1892,1892
1893,1893
1894,1894
1895,1895
1896,1896
1897,1897
1898,1898
1899,1899
1900,1900
1901,1901
1902,1902
1903,1903
1904,1904
1905,1905
1906,1906
1907,1907
1908,1908
1909,1909
1910,1910
1911,1911
1912,1912
1913,1913
1914,1914
1915,1915
1916,1916
1917,1917
1918,1918
1919,1919
1920,1920
1921,1921
1922,1922
1923,1923
1924,1924
1925,1925
1926,1926
1927,1927
1928,1928
1929,1929
1930,1930
1931,1931
1932,1932
1933,1933
1934,1934
1935,1935
1936,1936
1937,1937
1938,1938
1939,1939
1940,1940
1941,1941
1942,1942
1943,1943
1944,1944
1945,1945
1946,1946
1947,1947
1948,1948
1949,1949
1950,1950
1951,1951
1952,1952
1953,1953
1954,1954
1955,1955
1956,1956
1957,1957
1958,1958
1959,1959
1960,1960
1961,1961
1962,1962
1963,1963
1964,1964
1965,1965
1966,1966
1967,1967
1968,1968
1969,1969
1970,1970
1971,1971
1972,1972
1973,1973
1974,1974
1975,1975
1976,1976
1977,1977
1978,1978
1979,1979
1980,1980
1981,1981
1982,1982
1983,1983
1984,1984
1985,1985
1986,1986
1987,1987
1988,1988
1989,1989
1990,1990
1991,1991
1992,1992
1993,1993
1994,1994
1995,1995
1996,1996
1997,1997
1998,1998
1999,1999
2000,2000
2001,2001
2002,2002
2003,2003
2004,2004
2005,2005
2006,2006
2007,2007
2008,2008
2009,2009
2010,2010
2011,2011
2012,2012
2013,2013
2014,2014
2015,2015
2016,2016
2017,2017
2018,2018
2019,2019
2020,2020
2021,2021
2022,2022
2023,2023
2024,2024
2025,2025
2026,2026
2027,2027
2028,2028
2029,2029
2030,2030
2031,2031
2032,2032
2033,2033
2034,2034
2035,2035
2036,2036
2037,2037
2038,2038
2039,2039
2040,2040
2041,2041
2042,2042
2043,2043
2044,2044
2045,2045
2046,2046
2047,2047
2048,2048
2049,2049
2050,2050
2051,2051
2052,2052
2053,2053
2054,2054
2055,2055
2056,2056
2057,2057
2058,2058
2059,2059
2060,2060
2061,2061
2062,2062
2063,2063
2064,2064
2065,2065
2066,2066
2067,2067
2068,2068
2069,2069
2070,2070
2071,2071
2072,2072
2073,2073
2074,2074
2075,2075
2076,2076
2077,2077
2078,2078
2079,2079
2080,2080
2081,2081
2082,2082
2083,2083
2084,2084
2085,2085
2086,2086
2087,2087
2088,2088
2089,2089
2090,2090
2091,2091
2092,2092
2093,2093
2094,2094
2095,2095
2096,2096
2097,2097
2098,2098
2099,2099
2100,2100
2101,2101
2102,2102
2103,2103
2104,2104
2105,2105
2106,2106
2107,2107
2108,2108
2109,2109
2110,2110
2111,2111
2112,2112
2113,2113
2114,2114
2115,2115
2116,2116
2117,2117
2118,2118
2119,2119
2120,2120
2121,2121
2122,2122
2123,2123
2124,2124
2125,2125
2126,2126
2127,2127
2128,2128
2129,2129
2130,2130
2131,2131
2132,2132
2133,2133
2134,2134
2135,2135
2136,2136
2137,2137
2138,2138
2139,2139
2140,2140
2141,2141
2142,2142
2143,2143
2144,2144
2145,2145
2146,2146
2147,2147
2148,2148
2149,2149
2150,2150
2151,2151
2152,2152
2153,2153
2154,2154
2155,2155
2156,2156
2157,2157
2158,2158
2159,2159
2160,2160
2161,2161
2162,2162
2163,2163
2164,2164
2165,2165
2166,2166
2167,2167
2168,2168
2169,2169
2170,2170
2171,2171
2172,2172
2173,2173
2174,2174
2175,2175
2176,2176
2177,2177
2178,2178
2179,2179
2180,2180
2181,2181
2182,2182
2183,2183
2184,2184
2185,2185
2186,2186
2187,2187
2188,2188
2189,2189
2190,2190
2191,2191
2192,2192
2193,2193
2194,2194
2195,2195
2196,2196
2197,2197
2198,2198
2199,2199
2200,2200
2201,2201
2202,2202
2203,2203
2204,2204
2205,2205
2206,2206
2207,2207
2208,2208
2209,2209
2210,2210
2211,2211
2212,2212
2213,2213
2214,2214
2215,2215
2216,2216
2217,2217
2218,2218
2219,2219
2220,2220
2221,2221
2222,2222
2223,2223
2224,2224
2225,2225
2226,2226
2227,2227
2228,2228
2229,2229
2230,2230
2231,2231
2232,2232
2233,2233
2234,2234
2235,2235
2236,2236
2237,2237
2238,2238
2239,2239
2240,2240
2241,2241
2242,2242
2243,2243
2244,2244
2245,2245
2246,2246
2247,2247
2248,2248
2249,2249
2250,2250
2251,2251
2252,2252
2253,2253
2254,2254
2255,2255
2256,2256
2257,2257
2258,2258
2259,2259
2260,2260
2261,2261
2262,2262
2263,2263
2264,2264
2265,2265
2266,2266
2267,2267
2268,2268
2269,2269
2270,2270
2271,2271
2272,2272
2273,2273
2274,2274
2275,2275
2276,2276
2277,2277
2278,2278
2279,2279
2280,2280
2281,2281
2282,2282
2283,2283
2284,2284
2285,2285
2286,2286
2287,2287
2288,2288
2289,2289
2290,2290
2291,2291
2292,2292
2293,2293
2294,2294
2295,2295
2296,2296
2297,2297
2298,2298
2299,2299
2300,2300
2301,2301
2302,2302
2303,2303
2304,2304
2305,2305
2306,2306
2307,2307
2308,2308
2309,2309
2310,2310
2311,2311
2312,2312
2313,2313
2314,2314
2315,2315
2316,2316
2317,2317
2318,2318
2319,2319
2320,2320
2321,2321
2322,2322
2323,2323
2324,2324
2325,2325
2326,2326
2327,2327
2328,2328
2329,2329
2330,2330
2331,2331
2332,2332
2333,2333
2334,2334
2335,2335
2336,2336
2337,2337
2338,2338
2339,2339
2340,2340
2341,2341
2342,2342
2343,2343
2344,2344
2345,2345
2346,2346
2347,2347
2348,2348
2349,2349
2350,2350
2351,2351
2352,2352
2353,2353
2354,2354
2355,2355
2356,2356
2357,2357
2358,2358
2359,2359
2360,2360
2361,2361
2362,2362
2363,2363
2364,2364
2365,2365
2366,2366
2367,2367
2368,2368
2369,2369
2370,2370
2371,2371
2372,2372
2373,2373
2374,2374
2375,2375
2376,2376
2377,2377
2378,2378
2379,2379
2380,2380
2381,2381
2382,2382
2383,2383
2384,2384
2385,2385
2386,2386
2387,2387
2388,2388
2389,2389
2390,2390
2391,2391
2392,2392
2393,2393
2394,2394
2395,2395
2396,2396
2397,2397
2398,2398
2399,2399
2400,2400
2401,2401
2402,2402
2403,2403
2404,2404
2405,2405
2406,2406
2407,2407
2408,2408
2409,2409
2410,2410
2411,2411
2412,2412
2413,2413
2414,2414
2415,2415
2416,2416
2417,2417
2418,2418
2419,2419
2420,2420
2421,2421
2422,2422
2423,2423
2424,2424
2425,2425
2426,2426
2427,2427
2428,2428
2429,2429
2430,2430
2431,2431
2432,2432
2433,2433
2434,2434
2435,2435
2436,2436
2437,2437
2438,2438
2439,2439
2440,2440
2441,2441
2442,2442
2443,2443
2444,2444
2445,2445
2446,2446
2447,2447
2448,2448
2449,2449
2450,2450
2451,2451
2452,2452
2453,2453
2454,2454
2455,2455
2456,2456
2457,2457
2458,2458
2459,2459
2460,2460
2461,2461
2462,2462
2463,2463
2464,2464
2465,2465
2466,2466
2467,2467
2468,2468
2469,2469
2470,2470
2471,2471
2472,2472
2473,2473
2474,2474
2475,2475
2476,2476
2477,2477
2478,2478
2479,2479
2480,2480
2481,2481
2482,2482
2483,2483
2484,2484
2485,2485
2486,2486
2487,2487
2488,2488
2489,2489
2490,2490
2491,2491
2492,2492
2493,2493
2494,2494
2495,2495
2496,2496
2497,2497
2498,2498
2499,2499
2500,2500
2501,2501
2502,2502
2503,2503
2504,2504
2505,2505
2506,2506
2507,2507
2508,2508
2509,2509
2510,2510
2511,2511
2512,2512
2513,2513
2514,2514
2515,2515
2516,2516
2517,2517
2518,2518
2519,2519
2520,2520
2521,2521
2522,2522
2523,2523
2524,2524
2525,2525
2526,2526
2527,2527
2528,2528
2529,2529
2530,2530
2531,2531
2532,2532
2533,2533
2534,2534
2535,2535
2536,2536
2537,2537
2538,2538
2539,2539
2540,2540
2541,2541
2542,2542
2543,2543
2544,2544
2545,2545
2546,2546
2547,2547
2548,2548
2549,2549
2550,2550
2551,2551
2552,2552
2553,2553
2554,2554
2555,2555
2556,2556
2557,2557
2558,2558
2559,2559
2560,2560
2561,2561
2562,2562
2563,2563
2564,2564
2565,2565
2566,2566
2567,2567
2568,2568
2569,2569
2570,2570
2571,2571
2572,2572
2573,2573
2574,2574
2575,2575
2576,2576
2577,2577
2578,2578
2579,2579
2580,2580
2581,2581
2582,2582
2583,2583
2584,2584
2585,2585
2586,2586
2587,2587
2588,2588
2589,2589
2590,2590
2591,2591
2592,2592
2593,2593
2594,2594
2595,2595
2596,2596
2597,2597
2598,2598
2599,2599
2600,2600
2601,2601
2602,2602
2603,2603
2604,2604
2605,2605
2606,2606
2607,2607
2608,2608
2609,2609
2610,2610
2611,2611
2612,2612
2613,2613
2614,2614
2615,2615
2616,2616
2617,2617
2618,2618
2619,2619
2620,2620
2621,2621
2622,2622
2623,2623
2624,2624
2625,2625
2626,2626
2627,2627
2628,2628
2629,2629
2630,2630
2631,2631
2632,2632
2633,2633
2634,2634
2635,2635
2636,2636
2637,2637
2638,2638
2639,2639
2640,2640
2641,2641
2642,2642
2643,2643
2644,2644
2645,2645
2646,2646
2647,2647
2648,2648
2649,2649
2650,2650
2651,2651
2652,2652
2653,2653
2654,2654
2655,2655
2656,2656
2657,2657
2658,2658
2659,2659
2660,2660
2661,2661
2662,2662
2663,2663
2664,2664
2665,2665
2666,2666
2667,2667
2668,2668
2669,2669
2670,2670
2671,2671
2672,2672
2673,2673
2674,2674
2675,2675
2676,2676
2677,2677
2678,2678
2679,2679
2680,2680
2681,2681
2682,2682
2683,2683
2684,2684
2685,2685
2686,2686
2687,2687
2688,2688
2689,2689
2690,2690
2691,2691
2692,2692
2693,2693
2694,2694
2695,2695
2696,2696
2697,2697
2698,2698
2699,2699
2700,2700
2701,2701
2702,2702
2703,2703
2704,2704
2705,2705
2706,2706
2707,2707
2708,2708
2709,2709
2710,2710
2711,2711
2712,2712
2713,2713
2714,2714
2715,2715
2716,2716
2717,2717
2718,2718
2719,2719
2720,2720
2721,2721
2722,2722
2723,2723
2724,2724
2725,2725
2726,2726
2727,2727
2728,2728
2729,2729
2730,2730
2731,2731
2732,2732
2733,2733
2734,2734
2735,2735
2736,2736
2737,2737
2738,2738
2739,2739
2740,2740
2741,2741
2742,2742
2743,2743
2744,2744
2745,2745
2746,2746
2747,2747
2748,2748
2749,2749
2750,2750
2751,2751
2752,2752
2753,2753
2754,2754
2755,2755
2756,2756
2757,2757
2758,2758
2759,2759
2760,2760
2761,2761
2762,2762
2763,2763
2764,2764
2765,2765
2766,2766
2767,2767
2768,2768
2769,2769
2770,2770
2771,2771
2772,2772
2773,2773
2774,2774
2775,2775
2776,2776
2777,2777
2778,2778
2779,2779
2780,2780
2781,2781
2782,2782
2783,2783
2784,2784
2785,2785
2786,2786
2787,2787
2788,2788
2789,2789
2790,2790
2791,2791
2792,2792
2793,2793
2794,2794
2795,2795
2796,2796
2797,2797
2798,2798
2799,2799
2800,2800
2801,2801
2802,2802
2803,2803
2804,2804
2805,2805
2806,2806
2807,2807
2808,2808
2809,2809
2810,2810
2811,2811
2812,2812
2813,2813
2814,2814
2815,2815
2816,2816
2817,2817
2818,2818
2819,2819
2820,2820
2821,2821
2822,2822
2823,2823
2824,2824
2825,2825
2826,2826
2827,2827
2828,2828
2829,2829
2830,2830
2831,2831
2832,2832
2833,2833
2834,2834
2835,2835
2836,2836
2837,2837
2838,2838
2839,2839
2840,2840
2841,2841
2842,2842
2843,2843
2844,2844
2845,2845
2846,2846
2847,2847
2848,2848
2849,2849
2850,2850
2851,2851
2852,2852
2853,2853
2854,2854
2855,2855
2856,2856
2857,2857
2858,2858
2859,2859
2860,2860
2861,2861
2862,2862
2863,2863
2864,2864
2865,2865
2866,2866
2867,2867
2868,2868
2869,2869
2870,2870
2871,2871
2872,2872
2873,2873
2874,2874
2875,2875
2876,2876
2877,2877
2878,2878
2879,2879
2880,2880
2881,2881
2882,2882
2883,2883
2884,2884
2885,2885
2886,2886
2887,2887
2888,2888
2889,2889
2890,2890
2891,2891
2892,2892
2893,2893
2894,2894
2895,2895
2896,2896
2897,2897
2898,2898
2899,2899
2900,2900
2901,2901
2902,2902
2903,2903
2904,2904
2905,2905
2906,2906
2907,2907
2908,2908
2909,2909
2910,2910
2911,2911
2912,2912
2913,2913
2914,2914
2915,2915
2916,2916
2917,2917
2918,2918
2919,2919
2920,2920
2921,2921
2922,2922
2923,2923
2924,2924
2925,2925
2926,2926
2927,2927
2928,2928
2929,2929
2930,2930
2931,2931
2932,2932
2933,2933
2934,2934
2935,2935
2936,2936
2937,2937
2938,2938
2939,2939
2940,2940
2941,2941
2942,2942
2943,2943
2944,2944
2945,2945
2946,2946
2947,2947
2948,2948
2949,2949
2950,2950
2951,2951
2952,2952
2953,2953
2954,2954
2955,2955
2956,2956
2957,2957
2958,2958
2959,2959
2960,2960
2961,2961
2962,2962
2963,2963
2964,2964
2965,2965
2966,2966
2967,2967
2968,2968
2969,2969
2970,2970
2971,2971
2972,2972
2973,2973
2974,2974
2975,2975
2976,2976
2977,2977
2978,2978
2979,2979
2980,2980
2981,2981
2982,2982
2983,2983
2984,2984
2985,2985
2986,2986
2987,2987
2988,2988
2989,2989
2990,2990
2991,2991
2992,2992
2993,2993
2994,2994
2995,2995
2996,2996
2997,2997
2998,2998
2999,2999
3000,3000
3001,3001
3002,3002
3003,3003
3004,3004
3005,3005
3006,3006
3007,3007
3008,3008
3009,3009
3010,3010
3011,3011
3012,3012
3013,3013
3014,3014
3015,3015
3016,3016
3017,3017
3018,3018
3019,3019
3020,3020
3021,3021
3022,3022
3023,3023
3024,3024
3025,3025
3026,3026
3027,3027
3028,3028
3029,3029
3030,3030
3031,3031
3032,3032
3033,3033
3034,3034
3035,3035
3036,3036
3037,3037
3038,3038
3039,3039
3040,3040
3041,3041
3042,3042
3043,3043
3044,3044
3045,3045
3046,3046
3047,3047
3048,3048
3049,3049
3050,3050
3051,3051
3052,3052
3053,3053
3054,3054
3055,3055
3056,3056
3057,3057
3058,3058
3059,3059
3060,3060
3061,3061
3062,3062
3063,3063
3064,3064
3065,3065
3066,3066
3067,3067
3068,3068
3069,3069
3070,3070
3071,3071
3072,3072
3073,3073
3074,3074
3075,3075
3076,3076
3077,3077
3078,3078
3079,3079
3080,3080
3081,3081
3082,3082
3083,3083
3084,3084
3085,3085
3086,3086
3087,3087
3088,3088
3089,3089
3090,3090
3091,3091
3092,3092
3093,3093
3094,3094
3095,3095
3096,3096
3097,3097
3098,3098
3099,3099
3100,3100
3101,3101
3102,3102
3103,3103
3104,3104
3105,3105
3106,3106
3107,3107
3108,3108
3109,3109
3110,3110
3111,3111
3112,3112
3113,3113
3114,3114
3115,3115
3116,3116
3117,3117
3118,3118
3119,3119
3120,3120
3121,3121
3122,3122
3123,3123
3124,3124
3125,3125
3126,3126
3127,3127
3128,3128
3129,3129
3130,3130
3131,3131
3132,3132
3133,3133
3134,3134
3135,3135
3136,3136
3137,3137
3138,3138
3139,3139
3140,3140
3141,3141
3142,3142
3143,3143
3144,3144
3145,3145
3146,3146
3147,3147
3148,3148
3149,3149
3150,3150
3151,3151
3152,3152
3153,3153
3154,3154
3155,3155
3156,3156
3157,3157
3158,3158
3159,3159
3160,3160
3161,3161
3162,3162
3163,3163
3164,3164
3165,3165
3166,3166
3167,3167
3168,3168
3169,3169
3170,3170
3171,3171
3172,3172
3173,3173
3174,3174
3175,3175
3176,3176
3177,3177
3178,3178
3179,3179
3180,3180
3181,3181
3182,3182
3183,3183
3184,3184
3185,3185
3186,3186
3187,3187
3188,3188
3189,3189
3190,3190
3191,3191
3192,3192
3193,3193
3194,3194
3195,3195
3196,3196
3197,3197
3198,3198
3199,3199
3200,3200
3201,3201
3202,3202
3203,3203
3204,3204
3205,3205
3206,3206
3207,3207
3208,3208
3209,3209
3210,3210
3211,3211
3212,3212
3213,3213
3214,3214
3215,3215
3216,3216
3217,3217
3218,3218
3219,3219
3220,3220
3221,3221
3222,3222
3223,3223
3224,3224
3225,3225
3226,3226
3227,3227
3228,3228
3229,3229
3230,3230
3231,3231
3232,3232
3233,3233
3234,3234
3235,3235
3236,3236
3237,3237
3238,3238
3239,3239
3240,3240
3241,3241
3242,3242
3243,3243
3244,3244
3245,3245
3246,3246
3247,3247
3248,3248
3249,3249
3250,3250
3251,3251
3252,3252
3253,3253
3254,3254
3255,3255
3256,3256
3257,3257
3258,3258
3259,3259
3260,3260
3261,3261
3262,3262
3263,3263
3264,3264
3265,3265
3266,3266
3267,3267
3268,3268
3269,3269
3270,3270
3271,3271
3272,3272
3273,3273
3274,3274
3275,3275
3276,3276
3277,3277
3278,3278
3279,3279
3280,3280
3281,3281
3282,3282
3283,3283
3284,3284
3285,3285
3286,3286
3287,3287
3288,3288
3289,3289
3290,3290
3291,3291
3292,3292
3293,3293
3294,3294
3295,3295
3296,3296
3297,3297
3298,3298
3299,3299
3300,3300
3301,3301
3302,3302
3303,3303
3304,3304
3305,3305
3306,3306
3307,3307
3308,3308
3309,3309
3310,3310
3311,3311
3312,3312
3313,3313
3314,3314
3315,3315
3316,3316
3317,3317
3318,3318
3319,3319
3320,3320
3321,3321
3322,3322
3323,3323
3324,3324
3325,3325
3326,3326
3327,3327
3328,3328
3329,3329
3330,3330
3331,3331
3332,3332
3333,3333
3334,3334
3335,3335
3336,3336
3337,3337
3338,3338
3339,3339
3340,3340
3341,3341
3342,3342
3343,3343
3344,3344
3345,3345
3346,3346
3347,3347
3348,3348
3349,3349
3350,3350
3351,3351
3352,3352
3353,3353
3354,3354
3355,3355
3356,3356
3357,3357
3358,3358
3359,3359
3360,3360
3361,3361
3362,3362
3363,3363
3364,3364
3365,3365
3366,3366
3367,3367
3368,3368
3369,3369
3370,3370
3371,3371
3372,3372
3373,3373
3374,3374
3375,3375
3376,3376
3377,3377
3378,3378
3379,3379
3380,3380
3381,3381
3382,3382
3383,3383
3384,3384
3385,3385
3386,3386
3387,3387
3388,3388
3389,3389
3390,3390
3391,3391
3392,3392
3393,3393
3394,3394
3395,3395
3396,3396
3397,3397
3398,3398
3399,3399
3400,3400
3401,3401
3402,3402
3403,3403
3404,3404
3405,3405
3406,3406
3407,3407
3408,3408
3409,3409
3410,3410
3411,3411
3412,3412
3413,3413
3414,3414
3415,3415
3416,3416
3417,3417
3418,3418
3419,3419
3420,3420
3421,3421
3422,3422
3423,3423
3424,3424
3425,3425
3426,3426
3427,3427
3428,3428
3429,3429
3430,3430
3431,3431
3432,3432
3433,3433
3434,3434
3435,3435
3436,3436
3437,3437
3438,3438
3439,3439
3440,3440
3441,3441
3442,3442
3443,3443
3444,3444
3445,3445
3446,3446
3447,3447
3448,3448
3449,3449
3450,3450
3451,3451
3452,3452
3453,3453
3454,3454
3455,3455
3456,3456
3457,3457
3458,3458
3459,3459
3460,3460
3461,3461
3462,3462
3463,3463
3464,3464
3465,3465
3466,3466
3467,3467
3468,3468
3469,3469
3470,3470
3471,3471
3472,3472
3473,3473
3474,3474
3475,3475
3476,3476
3477,3477
3478,3478
3479,3479
3480,3480
3481,3481
3482,3482
3483,3483
3484,3484
3485,3485
3486,3486
3487,3487
3488,3488
3489,3489
3490,3490
3491,3491
3492,3492
3493,3493
3494,3494
3495,3495
3496,3496
3497,3497
3498,3498
3499,3499
3500,3500
3501,3501
3502,3502
3503,3503
3504,3504
3505,3505
3506,3506
3507,3507
3508,3508
3509,3509
3510,3510
3511,3511
3512,3512
3513,3513
3514,3514
3515,3515
3516,3516
3517,3517
3518,3518
3519,3519
3520,3520
3521,3521
3522,3522
3523,3523
3524,3524
3525,3525
3526,3526
3527,3527
3528,3528
3529,3529
3530,3530
3531,3531
3532,3532
3533,3533
3534,3534
3535,3535
3536,3536
3537,3537
3538,3538
3539,3539
3540,3540
3541,3541
3542,3542
3543,3543
3544,3544
3545,3545
3546,3546
3547,3547
3548,3548
3549,3549
3550,3550
3551,3551
3552,3552
3553,3553
3554,3554
3555,3555
3556,3556
3557,3557
3558,3558
3559,3559
3560,3560
3561,3561
3562,3562
3563,3563
3564,3564
3565,3565
3566,3566
3567,3567
3568,3568
3569,3569
3570,3570
3571,3571
3572,3572
3573,3573
3574,3574
3575,3575
3576,3576
3577,3577
3578,3578
3579,3579
3580,3580
3581,3581
3582,3582
3583,3583
3584,3584
3585,3585
3586,3586
3587,3587
3588,3588
3589,3589
3590,3590
3591,3591
3592,3592
3593,3593
3594,3594
3595,3595
3596,3596
3597,3597
3598,3598
3599,3599
3600,3600
3601,3601
3602,3602
3603,3603
3604,3604
3605,3605
3606,3606
3607,3607
3608,3608
3609,3609
3610,3610
3611,3611
3612,3612
3613,3613
3614,3614
3615,3615
3616,3616
3617,3617
3618,3618
3619,3619
3620,3620
3621,3621
3622,3622
3623,3623
3624,3624
3625,3625
3626,3626
3627,3627
3628,3628
3629,3629
3630,3630
3631,3631
3632,3632
3633,3633
3634,3634
3635,3635
3636,3636
3637,3637
3638,3638
3639,3639
3640,3640
3641,3641
3642,3642
3643,3643
3644,3644
3645,3645
3646,3646
3647,3647
3648,3648
3649,3649
3650,3650
3651,3651
3652,3652
3653,3653
3654,3654
3655,3655
3656,3656
3657,3657
3658,3658
3659,3659
3660,3660
3661,3661
3662,3662
3663,3663
3664,3664
3665,3665
3666,3666
3667,3667
3668,3668
3669,3669
3670,3670
3671,3671
3672,3672
3673,3673
3674,3674
3675,3675
3676,3676
3677,3677
3678,3678
3679,3679
3680,3680
3681,3681
3682,3682
3683,3683
3684,3684
3685,3685
3686,3686
3687,3687
3688,3688
3689,3689
3690,3690
3691,3691
3692,3692
3693,3693
3694,3694
3695,3695
3696,3696
3697,3697
3698,3698
3699,3699
3700,3700
3701,3701
3702,3702
3703,3703
3704,3704
3705,3705
3706,3706
3707,3707
3708,3708
3709,3709
3710,3710
3711,3711
3712,3712
3713,3713
3714,3714
3715,3715
3716,3716
3717,3717
3718,3718
3719,3719
3720,3720
3721,3721
3722,3722
3723,3723
3724,3724
3725,3725
3726,3726
3727,3727
3728,3728
3729,3729
3730,3730
3731,3731
3732,3732
3733,3733
3734,3734
3735,3735
3736,3736
3737,3737
3738,3738
3739,3739
3740,3740
3741,3741
3742,3742
3743,3743
3744,3744
3745,3745
3746,3746
3747,3747
3748,3748
3749,3749
3750,3750
3751,3751
3752,3752
3753,3753
3754,3754
3755,3755
3756,3756
3757,3757
3758,3758
3759,3759
3760,3760
3761,3761
3762,3762
3763,3763
3764,3764
3765,3765
3766,3766
3767,3767
3768,3768
3769,3769
3770,3770
3771,3771
3772,3772
3773,3773
3774,3774
3775,3775
3776,3776
3777,3777
3778,3778
3779,3779
3780,3780
3781,3781
3782,3782
3783,3783
3784,3784
3785,3785
3786,3786
3787,3787
3788,3788
3789,3789
3790,3790
3791,3791
3792,3792
3793,3793
3794,3794
3795,3795
3796,3796
3797,3797
3798,3798
3799,3799
3800,3800
3801,3801
3802,3802
3803,3803
3804,3804
3805,3805
3806,3806
3807,3807
3808,3808
3809,3809
3810,3810
3811,3811
3812,3812
3813,3813
3814,3814
3815,3815
3816,3816
3817,3817
3818,3818
3819,3819
3820,3820
3821,3821
3822,3822
3823,3823
3824,3824
3825,3825
3826,3826
3827,3827
3828,3828
3829,3829
3830,3830
3831,3831
3832,3832
3833,3833
3834,3834
3835,3835
3836,3836
3837,3837
3838,3838
3839,3839
3840,3840
3841,3841
3842,3842
3843,3843
3844,3844
3845,3845
3846,3846
3847,3847
3848,3848
3849,3849
3850,3850
3851,3851
3852,3852
3853,3853
3854,3854
3855,3855
3856,3856
3857,3857
3858,3858
3859,3859
3860,3860
3861,3861
3862,3862
3863,3863
3864,3864
3865,3865
3866,3866
3867,3867
3868,3868
3869,3869
3870,3870
3871,3871
3872,3872
3873,3873
3874,3874
3875,3875
3876,3876
3877,3877
3878,3878
3879,3879
3880,3880
3881,3881
3882,3882
3883,3883
3884,3884
3885,3885
3886,3886
3887,3887
3888,3888
3889,3889
3890,3890
3891,3891
3892,3892
3893,3893
3894,3894
3895,3895
3896,3896
3897,3897
3898,3898
3899,3899
3900,3900
3901,3901
3902,3902
3903,3903
3904,3904
3905,3905
3906,3906
3907,3907
3908,3908
3909,3909
3910,3910
3911,3911
3912,3912
3913,3913
3914,3914
3915,3915
3916,3916
3917,3917
3918,3918
3919,3919
3920,3920
3921,3921
3922,3922
3923,3923
3924,3924
3925,3925
3926,3926
3927,3927
3928,3928
3929,3929
3930,3930
3931,3931
3932,3932
3933,3933
3934,3934
3935,3935
3936,3936
3937,3937
3938,3938
3939,3939
3940,3940
3941,3941
3942,3942
3943,3943
3944,3944
3945,3945
3946,3946
3947,3947
3948,3948
3949,3949
3950,3950
3951,3951
3952,3952
3953,3953
3954,3954
3955,3955
3956,3956
3957,3957
3958,3958
3959,3959
3960,3960
3961,3961
3962,3962
3963,3963
3964,3964
3965,3965
3966,3966
3967,3967
3968,3968
3969,3969
3970,3970
3971,3971
3972,3972
3973,3973
3974,3974
3975,3975
3976,3976
3977,3977
3978,3978
3979,3979
3980,3980
3981,3981
3982,3982
3983,3983
3984,3984
3985,3985
3986,3986
3987,3987
3988,3988
3989,3989
3990,3990
3991,3991
3992,3992
3993,3993
3994,3994
3995,3995
3996,3996
3997,3997
3998,3998
3999,3999
4000,4000
4001,4001
4002,4002
4003,4003
4004,4004
4005,4005
4006,4006
4007,4007
4008,4008
4009,4009
4010,4010
4011,4011
4012,4012
4013,4013
4014,4014
4015,4015
4016,4016
4017,4017
4018,4018
4019,4019
4020,4020
4021,4021
4022,4022
4023,4023
4024,4024
4025,4025
4026,4026
4027,4027
4028,4028
4029,4029
4030,4030
4031,4031
4032,4032
4033,4033
4034,4034
4035,4035
4036,4036
4037,4037
4038,4038
4039,4039
4040,4040
4041,4041
4042,4042
4043,4043
4044,4044
4045,4045
4046,4046
4047,4047
4048,4048
4049,4049
4050,4050
4051,4051
4052,4052
4053,4053
4054,4054
4055,4055
4056,4056
4057,4057
4058,4058
4059,4059
4060,4060
4061,4061
4062,4062
4063,4063
4064,4064
4065,4065
4066,4066
4067,4067
4068,4068
4069,4069
4070,4070
4071,4071
4072,4072
4073,4073
4074,4074
4075,4075
4076,4076
4077,4077
4078,4078
4079,4079
4080,4080
4081,4081
4082,4082
4083,4083
4084,4084
4085,4085
4086,4086
4087,4087
4088,4088
4089,4089
4090,4090
4091,4091
4092,4092
4093,4093
4094,4094
4095,4095
4096,4096
4097,4097
4098,4098
4099,4099
4100,4100
4101,4101
4102,4102
4103,4103
4104,4104
4105,4105
4106,4106
4107,4107
4108,4108
4109,4109
4110,4110
4111,4111
4112,4112
4113,4113
4114,4114
4115,4115
4116,4116
4117,4117
4118,4118
4119,4119
4120,4120
4121,4121
4122,4122
4123,4123
4124,4124
4125,4125
4126,4126
4127,4127
4128,4128
4129,4129
4130,4130
4131,4131
4132,4132
4133,4133
4134,4134
4135,4135
4136,4136
4137,4137
4138,4138
4139,4139
4140,4140
4141,4141
4142,4142
4143,4143
4144,4144
4145,4145
4146,4146
4147,4147
4148,4148
4149,4149
4150,4150
4151,4151
4152,4152
4153,4153
4154,4154
4155,4155
4156,4156
4157,4157
4158,4158
4159,4159
4160,4160
4161,4161
4162,4162
4163,4163
4164,4164
4165,4165
4166,4166
4167,4167
4168,4168
4169,4169
4170,4170
4171,4171
4172,4172
4173,4173
4174,4174
4175,4175
4176,4176
4177,4177
4178,4178
4179,4179
4180,4180
4181,4181
4182,4182
4183,4183
4184,4184
4185,4185
4186,4186
4187,4187
4188,4188
4189,4189
4190,4190
4191,4191
4192,4192
4193,4193
4194,4194
4195,4195
4196,4196
4197,4197
4198,4198
4199,4199
4200,4200
4201,4201
4202,4202
4203,4203
4204,4204
4205,4205
4206,4206
4207,4207
4208,4208
4209,4209
4210,4210
4211,4211
4212,4212
4213,4213
4214,4214
4215,4215
4216,4216
4217,4217
4218,4218
4219,4219
4220,4220
4221,4221
4222,4222
4223,4223
4224,4224
4225,4225
4226,4226
4227,4227
4228,4228
4229,4229
4230,4230
4231,4231
4232,4232
4233,4233
4234,4234
4235,4235
4236,4236
4237,4237
4238,4238
4239,4239
4240,4240
4241,4241
4242,4242
4243,4243
4244,4244
4245,4245
4246,4246
4247,4247
4248,4248
4249,4249
4250,4250
4251,4251
4252,4252
4253,4253
4254,4254
4255,4255
4256,4256
4257,4257
4258,4258
4259,4259
4260,4260
4261,4261
4262,4262
4263,4263
4264,4264
4265,4265
4266,4266
4267,4267
4268,4268
4269,4269
4270,4270
4271,4271
4272,4272
4273,4273
4274,4274
4275,4275
4276,4276
4277,4277
4278,4278
4279,4279
4280,4280
4281,4281
4282,4282
4283,4283
4284,4284
4285,4285
4286,4286
4287,4287
4288,4288
4289,4289
4290,4290
4291,4291
4292,4292
4293,4293
4294,4294
4295,4295
4296,4296
4297,4297
4298,4298
4299,4299
4300,4300
4301,4301
4302,4302
4303,4303
4304,4304
4305,4305
4306,4306
4307,4307
4308,4308
4309,4309
4310,4310
4311,4311
4312,4312
4313,4313
4314,4314
4315,4315
4316,4316
4317,4317
4318,4318
4319,4319
4320,4320
4321,4321
4322,4322
4323,4323
4324,4324
4325,4325
4326,4326
4327,4327
4328,4328
4329,4329
4330,4330
4331,4331
4332,4332
4333,4333
4334,4334
4335,4335
4336,4336
4337,4337
4338,4338
4339,4339
4340,4340
4341,4341
4342,4342
4343,4343
4344,4344
4345,4345
4346,4346
4347,4347
4348,4348
4349,4349
4350,4350
4351,4351
4352,4352
4353,4353
4354,4354
4355,4355
4356,4356
4357,4357
4358,4358
4359,4359
4360,4360
4361,4361
4362,4362
4363,4363
4364,4364
4365,4365
4366,4366
4367,4367
4368,4368
4369,4369
4370,4370
4371,4371
4372,4372
4373,4373
4374,4374
4375,4375
4376,4376
4377,4377
4378,4378
4379,4379
4380,4380
4381,4381
4382,4382
4383,4383
4384,4384
4385,4385
4386,4386
4387,4387
4388,4388
4389,4389
4390,4390
4391,4391
4392,4392
4393,4393
4394,4394
4395,4395
4396,4396
4397,4397
4398,4398
4399,4399
4400,4400
4401,4401
4402,4402
4403,4403
4404,4404
4405,4405
4406,4406
4407,4407
4408,4408
4409,4409
4410,4410
4411,4411
4412,4412
4413,4413
4414,4414
4415,4415
4416,4416
4417,4417
4418,4418
4419,4419
4420,4420
4421,4421
4422,4422
4423,4423
4424,4424
4425,4425
4426,4426
4427,4427
4428,4428
4429,4429
4430,4430
4431,4431
4432,4432
4433,4433
4434,4434
4435,4435
4436,4436
4437,4437
4438,4438
4439,4439
4440,4440
4441,4441
4442,4442
4443,4443
4444,4444
4445,4445
4446,4446
4447,4447
4448,4448
4449,4449
4450,4450
4451,4451
4452,4452
4453,4453
4454,4454
4455,4455
4456,4456
4457,4457
4458,4458
4459,4459
4460,4460
4461,4461
4462,4462
4463,4463
4464,4464
4465,4465
4466,4466
4467,4467
4468,4468
4469,4469
4470,4470
4471,4471
4472,4472
4473,4473
4474,4474
4475,4475
4476,4476
4477,4477
4478,4478
4479,4479
4480,4480
4481,4481
4482,4482
4483,4483
4484,4484
4485,4485
4486,4486
4487,4487
4488,4488
4489,4489
4490,4490
4491,4491
4492,4492
4493,4493
4494,4494
4495,4495
4496,4496
4497,4497
4498,4498
4499,4499
4500,4500
4501,4501
4502,4502
4503,4503
4504,4504
4505,4505
4506,4506
4507,4507
4508,4508
4509,4509
4510,4510
4511,4511
4512,4512
4513,4513
4514,4514
4515,4515
4516,4516
4517,4517
4518,4518
4519,4519
4520,4520
4521,4521
4522,4522
4523,4523
4524,4524
4525,4525
4526,4526
4527,4527
4528,4528
4529,4529
4530,4530
4531,4531
4532,4532
4533,4533
4534,4534
4535,4535
4536,4536
4537,4537
4538,4538
4539,4539
4540,4540
4541,4541
4542,4542
4543,4543
4544,4544
4545,4545
4546,4546
4547,4547
4548,4548
4549,4549
4550,4550
4551,4551
4552,4552
4553,4553
4554,4554
4555,4555
4556,4556
4557,4557
4558,4558
4559,4559
4560,4560
4561,4561
4562,4562
4563,4563
4564,4564
4565,4565
4566,4566
4567,4567
4568,4568
4569,4569
4570,4570
4571,4571
4572,4572
4573,4573
4574,4574
4575,4575
4576,4576
4577,4577
4578,4578
4579,4579
4580,4580
4581,4581
4582,4582
4583,4583
4584,4584
4585,4585
4586,4586
4587,4587
4588,4588
4589,4589
4590,4590
4591,4591
4592,4592
4593,4593
4594,4594
4595,4595
4596,4596
4597,4597
4598,4598
4599,4599
4600,4600
4601,4601
4602,4602
4603,4603
4604,4604
4605,4605
4606,4606
4607,4607
4608,4608
4609,4609
4610,4610
4611,4611
4612,4612
4613,4613
4614,4614
4615,4615
4616,4616
4617,4617
4618,4618
4619,4619
4620,4620
4621,4621
4622,4622
4623,4623
4624,4624
4625,4625
4626,4626
4627,4627
4628,4628
4629,4629
4630,4630
4631,4631
4632,4632
4633,4633
4634,4634
4635,4635
4636,4636
4637,4637
4638,4638
4639,4639
4640,4640
4641,4641
4642,4642
4643,4643
4644,4644
4645,4645
4646,4646
4647,4647
4648,4648
4649,4649
4650,4650
4651,4651
4652,4652
4653,4653
4654,4654
4655,4655
4656,4656
4657,4657
4658,4658
4659,4659
4660,4660
4661,4661
4662,4662
4663,4663
4664,4664
4665,4665
4666,4666
4667,4667
4668,4668
4669,4669
4670,4670
4671,4671
4672,4672
4673,4673
4674,4674
4675,4675
4676,4676
4677,4677
4678,4678
4679,4679
4680,4680
4681,4681
4682,4682
4683,4683
4684,4684
4685,4685
4686,4686
4687,4687
4688,4688
4689,4689
4690,4690
4691,4691
4692,4692
4693,4693
4694,4694
4695,4695
4696,4696
4697,4697
4698,4698
4699,4699
4700,4700
4701,4701
4702,4702
4703,4703
4704,4704
4705,4705
4706,4706
4707,4707
4708,4708
4709,4709
4710,4710
4711,4711
4712,4712
4713,4713
4714,4714
4715,4715
4716,4716
4717,4717
4718,4718
4719,4719
4720,4720
4721,4721
4722,4722
4723,4723
4724,4724
4725,4725
4726,4726
4727,4727
4728,4728
4729,4729
4730,4730
4731,4731
4732,4732
4733,4733
4734,4734
4735,4735
4736,4736
4737,4737
4738,4738
4739,4739
4740,4740
4741,4741
4742,4742
4743,4743
4744,4744
4745,4745
4746,4746
4747,4747
4748,4748
4749,4749
4750,4750
4751,4751
4752,4752
4753,4753
4754,4754
4755,4755
4756,4756
4757,4757
4758,4758
4759,4759
4760,4760
4761,4761
4762,4762
4763,4763
4764,4764
4765,4765
4766,4766
4767,4767
4768,4768
4769,4769
4770,4770
4771,4771
4772,4772
4773,4773
4774,4774
4775,4775
4776,4776
4777,4777
4778,4778
4779,4779
4780,4780
4781,4781
4782,4782
4783,4783
4784,4784
4785,4785
4786,4786
4787,4787
4788,4788
4789,4789
4790,4790
4791,4791
4792,4792
4793,4793
4794,4794
4795,4795
4796,4796
4797,4797
4798,4798
4799,4799
4800,4800
4801,4801
4802,4802
4803,4803
4804,4804
4805,4805
4806,4806
4807,4807
4808,4808
4809,4809
4810,4810
4811,4811
4812,4812
4813,4813
4814,4814
4815,4815
4816,4816
4817,4817
4818,4818
4819,4819
4820,4820
4821,4821
4822,4822
4823,4823
4824,4824
4825,4825
4826,4826
4827,4827
4828,4828
4829,4829
4830,4830
4831,4831
4832,4832
4833,4833
4834,4834
4835,4835
4836,4836
4837,4837
4838,4838
4839,4839
4840,4840
4841,4841
4842,4842
4843,4843
4844,4844
4845,4845
4846,4846
4847,4847
4848,4848
4849,4849
4850,4850
4851,4851
4852,4852
4853,4853
4854,4854
4855,4855
4856,4856
4857,4857
4858,4858
4859,4859
4860,4860
4861,4861
4862,4862
4863,4863
4864,4864
4865,4865
4866,4866
4867,4867
4868,4868
4869,4869
4870,4870
4871,4871
4872,4872
4873,4873
4874,4874
4875,4875
4876,4876
4877,4877
4878,4878
4879,4879
4880,4880
4881,4881
4882,4882
4883,4883
4884,4884
4885,4885
4886,4886
4887,4887
4888,4888
4889,4889
4890,4890
4891,4891
4892,4892
4893,4893
4894,4894
4895,4895
4896,4896
4897,4897
4898,4898
4899,4899
4900,4900
4901,4901
4902,4902
4903,4903
4904,4904
4905,4905
4906,4906
4907,4907
4908,4908
4909,4909
4910,4910
4911,4911
4912,4912
4913,4913
4914,4914
4915,4915
4916,4916
4917,4917
4918,4918
4919,4919
4920,4920
4921,4921
4922,4922
4923,4923
4924,4924
4925,4925
4926,4926
4927,4927
4928,4928
4929,4929
4930,4930
4931,4931
4932,4932
4933,4933
4934,4934
4935,4935
4936,4936
4937,4937
4938,4938
4939,4939
4940,4940
4941,4941
4942,4942
4943,4943
4944,4944
4945,4945
4946,4946
4947,4947
4948,4948
4949,4949
4950,4950
4951,4951
4952,4952
4953,4953
4954,4954
4955,4955
4956,4956
4957,4957
4958,4958
4959,4959
4960,4960
4961,4961
4962,4962
4963,4963
4964,4964
4965,4965
4966,4966
4967,4967
4968,4968
4969,4969
4970,4970
4971,4971
4972,4972
4973,4973
4974,4974
4975,4975
4976,4976
4977,4977
4978,4978
4979,4979
4980,4980
4981,4981
4982,4982
4983,4983
4984,4984
4985,4985
4986,4986
4987,4987
4988,4988
4989,4989
4990,4990
4991,4991
4992,4992
4993,4993
4994,4994
4995,4995
4996,4996
4997,4997
4998,4998
4999,4999
5000,5000
5001,5001
5002,5002
5003,5003
5004,5004
5005,5005
5006,5006
5007,5007
5008,5008
5009,5009
5010,5010
5011,5011
5012,5012
5013,5013
5014,5014
5015,5015
5016,5016
5017,5017
5018,5018
5019,5019
5020,5020
5021,5021
5022,5022
5023,5023
5024,5024
5025,5025
5026,5026
5027,5027
5028,5028
5029,5029
5030,5030
5031,5031
5032,5032
5033,5033
5034,5034
5035,5035
5036,5036
5037,5037
5038,5038
5039,5039
5040,5040
5041,5041
5042,5042
5043,5043
5044,5044
5045,5045
5046,5046
5047,5047
5048,5048
5049,5049
5050,5050
5051,5051
5052,5052
5053,5053
5054,5054
5055,5055
5056,5056
5057,5057
5058,5058
5059,5059
5060,5060
5061,5061
5062,5062
5063,5063
5064,5064
5065,5065
5066,5066
5067,5067
5068,5068
5069,5069
5070,5070
5071,5071
5072,5072
5073,5073
5074,5074
5075,5075
5076,5076
5077,5077
5078,5078
5079,5079
5080,5080
5081,5081
5082,5082
5083,5083
5084,5084
5085,5085
5086,5086
5087,5087
5088,5088
5089,5089
5090,5090
5091,5091
5092,5092
5093,5093
5094,5094
5095,5095
5096,5096
5097,5097
5098,5098
5099,5099
5100,5100
5101,5101
5102,5102
5103,5103
5104,5104
5105,5105
5106,5106
5107,5107
5108,5108
5109,5109
5110,5110
5111,5111
5112,5112
5113,5113
5114,5114
5115,5115
5116,5116
5117,5117
5118,5118
5119,5119
5120,5120
5121,5121
5122,5122
5123,5123
5124,5124
5125,5125
5126,5126
5127,5127
5128,5128
5129,5129
5130,5130
5131,5131
5132,5132
5133,5133
5134,5134
5135,5135
5136,5136
5137,5137
5138,5138
5139,5139
5140,5140
5141,5141
5142,5142
5143,5143
5144,5144
5145,5145
5146,5146
5147,5147
5148,5148
5149,5149
5150,5150
5151,5151
5152,5152
5153,5153
5154,5154
5155,5155
5156,5156
5157,5157
5158,5158
5159,5159
5160,5160
5161,5161
5162,5162
5163,5163
5164,5164
5165,5165
5166,5166
5167,5167
5168,5168
5169,5169
5170,5170
5171,5171
5172,5172
5173,5173
5174,5174
5175,5175
5176,5176
5177,5177
5178,5178
5179,5179
5180,5180
5181,5181
5182,5182
5183,5183
5184,5184
5185,5185
5186,5186
5187,5187
5188,5188
5189,5189
5190,5190
5191,5191
5192,5192
5193,5193
5194,5194
5195,5195
5196,5196
5197,5197
5198,5198
5199,5199
5200,5200
5201,5201
5202,5202
5203,5203
5204,5204
5205,5205
5206,5206
5207,5207
5208,5208
5209,5209
5210,5210
5211,5211
5212,5212
5213,5213
5214,5214
5215,5215
5216,5216
5217,5217
5218,5218
5219,5219
5220,5220
5221,5221
5222,5222
5223,5223
5224,5224
5225,5225
5226,5226
5227,5227
5228,5228
5229,5229
5230,5230
5231,5231
5232,5232
5233,5233
5234,5234
5235,5235
5236,5236
5237,5237
5238,5238
5239,5239
5240,5240
5241,5241
5242,5242
5243,5243
5244,5244
5245,5245
5246,5246
5247,5247
5248,5248
5249,5249
5250,5250
5251,5251
5252,5252
5253,5253
5254,5254
5255,5255
5256,5256
5257,5257
5258,5258
5259,5259
5260,5260
5261,5261
5262,5262
5263,5263
5264,5264
5265,5265
5266,5266
5267,5267
5268,5268
5269,5269
5270,5270
5271,5271
5272,5272
5273,5273
5274,5274
5275,5275
5276,5276
5277,5277
5278,5278
5279,5279
5280,5280
5281,5281
5282,5282
5283,5283
5284,5284
5285,5285
5286,5286
5287,5287
5288,5288
5289,5289
5290,5290
5291,5291
5292,5292
5293,5293
5294,5294
5295,5295
5296,5296
5297,5297
5298,5298
5299,5299
5300,5300
5301,5301
5302,5302
5303,5303
5304,5304
5305,5305
5306,5306
5307,5307
5308,5308
5309,5309
5310,5310
5311,5311
5312,5312
5313,5313
5314,5314
5315,5315
5316,5316
5317,5317
5318,5318
5319,5319
5320,5320
5321,5321
5322,5322
5323,5323
5324,5324
5325,5325
5326,5326
5327,5327
5328,5328
5329,5329
5330,5330
5331,5331
5332,5332
5333,5333
5334,5334
5335,5335
5336,5336
5337,5337
5338,5338
5339,5339
5340,5340
5341,5341
5342,5342
5343,5343
5344,5344
5345,5345
5346,5346
5347,5347
5348,5348
5349,5349
5350,5350
5351,5351
5352,5352
5353,5353
5354,5354
5355,5355
5356,5356
5357,5357
5358,5358
5359,5359
5360,5360
5361,5361
5362,5362
5363,5363
5364,5364
5365,5365
5366,5366
5367,5367
5368,5368
5369,5369
5370,5370
5371,5371
5372,5372
5373,5373
5374,5374
5375,5375
5376,5376
5377,5377
5378,5378
5379,5379
5380,5380
5381,5381
5382,5382
5383,5383
5384,5384
5385,5385
5386,5386
5387,5387
5388,5388
5389,5389
5390,5390
5391,5391
5392,5392
5393,5393
5394,5394
5395,5395
5396,5396
5397,5397
5398,5398
5399,5399
5400,5400
5401,5401
5402,5402
5403,5403
5404,5404
5405,5405
5406,5406
5407,5407
5408,5408
5409,5409
5410,5410
5411,5411
5412,5412
5413,5413
5414,5414
5415,5415
5416,5416
5417,5417
5418,5418
5419,5419
5420,5420
5421,5421
5422,5422
5423,5423
5424,5424
5425,5425
5426,5426
5427,5427
5428,5428
5429,5429
5430,5430
5431,5431
5432,5432
5433,5433
5434,5434
5435,5435
5436,5436
5437,5437
5438,5438
5439,5439
5440,5440
5441,5441
5442,5442
5443,5443
5444,5444
5445,5445
5446,5446
5447,5447
5448,5448
5449,5449
5450,5450
5451,5451
5452,5452
5453,5453
5454,5454
5455,5455
5456,5456
5457,5457
5458,5458
5459,5459
5460,5460
5461,5461
5462,5462
5463,5463
5464,5464
5465,5465
5466,5466
5467,5467
5468,5468
5469,5469
5470,5470
5471,5471
5472,5472
5473,5473
5474,5474
5475,5475
5476,5476
5477,5477
5478,5478
5479,5479
5480,5480
5481,5481
5482,5482
5483,5483
5484,5484
5485,5485
5486,5486
5487,5487
5488,5488
5489,5489
5490,5490
5491,5491
5492,5492
5493,5493
5494,5494
5495,5495
5496,5496
5497,5497
5498,5498
5499,5499
5500,5500
5501,5501
5502,5502
5503,5503
5504,5504
5505,5505
5506,5506
5507,5507
5508,5508
5509,5509
5510,5510
5511,5511
5512,5512
5513,5513
5514,5514
5515,5515
5516,5516
5517,5517
5518,5518
5519,5519
5520,5520
5521,5521
5522,5522
5523,5523
5524,5524
5525,5525
5526,5526
5527,5527
5528,5528
5529,5529
5530,5530
5531,5531
5532,5532
5533,5533
5534,5534
5535,5535
5536,5536
5537,5537
5538,5538
5539,5539
5540,5540
5541,5541
5542,5542
5543,5543
5544,5544
5545,5545
5546,5546
5547,5547
5548,5548
5549,5549
5550,5550
5551,5551
5552,5552
5553,5553
5554,5554
5555,5555
5556,5556
5557,5557
5558,5558
5559,5559
5560,5560
5561,5561
5562,5562
5563,5563
5564,5564
5565,5565
5566,5566
5567,5567
5568,5568
5569,5569
5570,5570
5571,5571
5572,5572
5573,5573
5574,5574
5575,5575
5576,5576
5577,5577
5578,5578
5579,5579
5580,5580
5581,5581
5582,5582
5583,5583
5584,5584
5585,5585
5586,5586
5587,5587
5588,5588
5589,5589
5590,5590
5591,5591
5592,5592
5593,5593
5594,5594
5595,5595
5596,5596
5597,5597
5598,5598
5599,5599
5600,5600
5601,5601
5602,5602
5603,5603
5604,5604
5605,5605
5606,5606
5607,5607
5608,5608
5609,5609
5610,5610
5611,5611
5612,5612
5613,5613
5614,5614
5615,5615
5616,5616
5617,5617
5618,5618
5619,5619
5620,5620
5621,5621
5622,5622
5623,5623
5624,5624
5625,5625
5626,5626
5627,5627
5628,5628
5629,5629
5630,5630
5631,5631
5632,5632
5633,5633
5634,5634
5635,5635
5636,5636
5637,5637
5638,5638
5639,5639
5640,5640
5641,5641
5642,5642
5643,5643
5644,5644
5645,5645
5646,5646
5647,5647
5648,5648
5649,5649
5650,5650
5651,5651
5652,5652
5653,5653
5654,5654
5655,5655
5656,5656
5657,5657
5658,5658
5659,5659
5660,5660
5661,5661
5662,5662
5663,5663
5664,5664
5665,5665
5666,5666
5667,5667
5668,5668
5669,5669
5670,5670
5671,5671
5672,5672
5673,5673
5674,5674
5675,5675
5676,5676
5677,5677
5678,5678
5679,5679
5680,5680
5681,5681
5682,5682
5683,5683
5684,5684
5685,5685
5686,5686
5687,5687
5688,5688
5689,5689
5690,5690
5691,5691
5692,5692
5693,5693
5694,5694
5695,5695
5696,5696
5697,5697
5698,5698
5699,5699
5700,5700
5701,5701
5702,5702
5703,5703
5704,5704
5705,5705
5706,5706
5707,5707
5708,5708
5709,5709
5710,5710
5711,5711
5712,5712
5713,5713
5714,5714
5715,5715
5716,5716
5717,5717
5718,5718
5719,5719
5720,5720
5721,5721
5722,5722
5723,5723
5724,5724
5725,5725
5726,5726
5727,5727
5728,5728
5729,5729
5730,5730
5731,5731
5732,5732
5733,5733
5734,5734
5735,5735
5736,5736
5737,5737
5738,5738
5739,5739
5740,5740
5741,5741
5742,5742
5743,5743
5744,5744
5745,5745
5746,5746
5747,5747
5748,5748
5749,5749
5750,5750
5751,5751
5752,5752
5753,5753
5754,5754
5755,5755
5756,5756
5757,5757
5758,5758
5759,5759
5760,5760
5761,5761
5762,5762
5763,5763
5764,5764
5765,5765
5766,5766
5767,5767
5768,5768
5769,5769
5770,5770
5771,5771
5772,5772
5773,5773
5774,5774
5775,5775
5776,5776
5777,5777
5778,5778
5779,5779
5780,5780
5781,5781
5782,5782
5783,5783
5784,5784
5785,5785
5786,5786
5787,5787
5788,5788
5789,5789
5790,5790
5791,5791
5792,5792
5793,5793
5794,5794
5795,5795
5796,5796
5797,5797
5798,5798
5799,5799
5800,5800
5801,5801
5802,5802
5803,5803
5804,5804
5805,5805
5806,5806
5807,5807
5808,5808
5809,5809
5810,5810
5811,5811
5812,5812
5813,5813
5814,5814
5815,5815
5816,5816
5817,5817
5818,5818
5819,5819
5820,5820
5821,5821
5822,5822
5823,5823
5824,5824
5825,5825
5826,5826
5827,5827
5828,5828
5829,5829
5830,5830
5831,5831
5832,5832
5833,5833
5834,5834
5835,5835
5836,5836
5837,5837
5838,5838
5839,5839
5840,5840
5841,5841
5842,5842
5843,5843
5844,5844
5845,5845
5846,5846
5847,5847
5848,5848
5849,5849
5850,5850
5851,5851
5852,5852
5853,5853
5854,5854
5855,5855
5856,5856
5857,5857
5858,5858
5859,5859
5860,5860
5861,5861
5862,5862
5863,5863
5864,5864
5865,5865
5866,5866
5867,5867
5868,5868
5869,5869
5870,5870
5871,5871
5872,5872
5873,5873
5874,5874
5875,5875
5876,5876
5877,5877
5878,5878
5879,5879
5880,5880
5881,5881
5882,5882
5883,5883
5884,5884
5885,5885
5886,5886
5887,5887
5888,5888
5889,5889
5890,5890
5891,5891
5892,5892
5893,5893
5894,5894
5895,5895
5896,5896
5897,5897
5898,5898
5899,5899
5900,5900
5901,5901
5902,5902
5903,5903
5904,5904
5905,5905
5906,5906
5907,5907
5908,5908
5909,5909
5910,5910
5911,5911
5912,5912
5913,5913
5914,5914
5915,5915
5916,5916
5917,5917
5918,5918
5919,5919
5920,5920
5921,5921
5922,5922
5923,5923
5924,5924
5925,5925
5926,5926
5927,5927
5928,5928
5929,5929
5930,5930
5931,5931
5932,5932
5933,5933
5934,5934
5935,5935
5936,5936
5937,5937
5938,5938
5939,5939
5940,5940
5941,5941
5942,5942
5943,5943
5944,5944
5945,5945
5946,5946
5947,5947
5948,5948
5949,5949
5950,5950
5951,5951
5952,5952
5953,5953
5954,5954
5955,5955
5956,5956
5957,5957
5958,5958
5959,5959
5960,5960
5961,5961
5962,5962
5963,5963
5964,5964
5965,5965
5966,5966
5967,5967
5968,5968
5969,5969
5970,5970
5971,5971
5972,5972
5973,5973
5974,5974
5975,5975
5976,5976
5977,5977
5978,5978
5979,5979
5980,5980
5981,5981
5982,5982
5983,5983
5984,5984
5985,5985
5986,5986
5987,5987
5988,5988
5989,5989
5990,5990
5991,5991
5992,5992
5993,5993
5994,5994
5995,5995
5996,5996
5997,5997
5998,5998
5999,5999
6000,6000
6001,6001
6002,6002
6003,6003
6004,6004
6005,6005
6006,6006
6007,6007
6008,6008
6009,6009
6010,6010
6011,6011
6012,6012
6013,6013
6014,6014
6015,6015
6016,6016
6017,6017
6018,6018
6019,6019
6020,6020
6021,6021
6022,6022
6023,6023
6024,6024
6025,6025
6026,6026
6027,6027
6028,6028
6029,6029
6030,6030
6031,6031
6032,6032
6033,6033
6034,6034
6035,6035
6036,6036
6037,6037
6038,6038
6039,6039
6040,6040
6041,6041
6042,6042
6043,6043
6044,6044
6045,6045
6046,6046
6047,6047
6048,6048
6049,6049
6050,6050
6051,6051
6052,6052
6053,6053
6054,6054
6055,6055
6056,6056
6057,6057
6058,6058
6059,6059
6060,6060
6061,6061
6062,6062
6063,6063
6064,6064
6065,6065
6066,6066
6067,6067
6068,6068
6069,6069
6070,6070
6071,6071
6072,6072
6073,6073
6074,6074
6075,6075
6076,6076
6077,6077
6078,6078
6079,6079
6080,6080
6081,6081
6082,6082
6083,6083
6084,6084
6085,6085
6086,6086
6087,6087
6088,6088
6089,6089
6090,6090
6091,6091
6092,6092
6093,6093
6094,6094
6095,6095
6096,6096
6097,6097
6098,6098
6099,6099
6100,6100
6101,6101
6102,6102
6103,6103
6104,6104
6105,6105
6106,6106
6107,6107
6108,6108
6109,6109
6110,6110
6111,6111
6112,6112
6113,6113
6114,6114
6115,6115
6116,6116
6117,6117
6118,6118
6119,6119
6120,6120
6121,6121
6122,6122
6123,6123
6124,6124
6125,6125
6126,6126
6127,6127
6128,6128
6129,6129
6130,6130
6131,6131
6132,6132
6133,6133
6134,6134
6135,6135
6136,6136
6137,6137
6138,6138
6139,6139
6140,6140
6141,6141
6142,6142
6143,6143
6144,6144
6145,6145
6146,6146
6147,6147
6148,6148
6149,6149
6150,6150
6151,6151
6152,6152
6153,6153
6154,6154
6155,6155
6156,6156
6157,6157
6158,6158
6159,6159
6160,6160
6161,6161
6162,6162
6163,6163
6164,6164
6165,6165
6166,6166
6167,6167
6168,6168
6169,6169
6170,6170
6171,6171
6172,6172
6173,6173
6174,6174
6175,6175
6176,6176
6177,6177
6178,6178
6179,6179
6180,6180
6181,6181
6182,6182
6183,6183
6184,6184
6185,6185
6186,6186
6187,6187
6188,6188
6189,6189
6190,6190
6191,6191
6192,6192
6193,6193
6194,6194
6195,6195
6196,6196
6197,6197
6198,6198
6199,6199
6200,6200
6201,6201
6202,6202
6203,6203
6204,6204
6205,6205
6206,6206
6207,6207
6208,6208
6209,6209
6210,6210
6211,6211
6212,6212
6213,6213
6214,6214
6215,6215
6216,6216
6217,6217
6218,6218
6219,6219
6220,6220
6221,6221
6222,6222
6223,6223
6224,6224
6225,6225
6226,6226
6227,6227
6228,6228
6229,6229
6230,6230
6231,6231
6232,6232
6233,6233
6234,6234
6235,6235
6236,6236
6237,6237
6238,6238
6239,6239
6240,6240
6241,6241
6242,6242
6243,6243
6244,6244
6245,6245
6246,6246
6247,6247
6248,6248
6249,6249
6250,6250
6251,6251
6252,6252
6253,6253
6254,6254
6255,6255
6256,6256
6257,6257
6258,6258
6259,6259
6260,6260
6261,6261
6262,6262
6263,6263
6264,6264
6265,6265
6266,6266
6267,6267
6268,6268
6269,6269
6270,6270
6271,6271
6272,6272
6273,6273
6274,6274
6275,6275
6276,6276
6277,6277
6278,6278
6279,6279
6280,6280
6281,6281
6282,6282
6283,6283
6284,6284
6285,6285
6286,6286
6287,6287
6288,6288
6289,6289
6290,6290
6291,6291
6292,6292
6293,6293
6294,6294
6295,6295
6296,6296
6297,6297
6298,6298
6299,6299
6300,6300
6301,6301
6302,6302
6303,6303
6304,6304
6305,6305
6306,6306
6307,6307
6308,6308
6309,6309
6310,6310
6311,6311
6312,6312
6313,6313
6314,6314
6315,6315
6316,6316
6317,6317
6318,6318
6319,6319
6320,6320
6321,6321
6322,6322
6323,6323
6324,6324
6325,6325
6326,6326
6327,6327
6328,6328
6329,6329
6330,6330
6331,6331
6332,6332
6333,6333
6334,6334
6335,6335
6336,6336
6337,6337
6338,6338
6339,6339
6340,6340
6341,6341
6342,6342
6343,6343
6344,6344
6345,6345
6346,6346
6347,6347
6348,6348
6349,6349
6350,6350
6351,6351
6352,6352
6353,6353
6354,6354
6355,6355
6356,6356
6357,6357
6358,6358
6359,6359
6360,6360
6361,6361
6362,6362
6363,6363
6364,6364
6365,6365
6366,6366
6367,6367
6368,6368
6369,6369
6370,6370
6371,6371
6372,6372
6373,6373
6374,6374
6375,6375
6376,6376
6377,6377
6378,6378
6379,6379
6380,6380
6381,6381
6382,6382
6383,6383
6384,6384
6385,6385
6386,6386
6387,6387
6388,6388
6389,6389
6390,6390
6391,6391
6392,6392
6393,6393
6394,6394
6395,6395
6396,6396
6397,6397
6398,6398
6399,6399
6400,6400
6401,6401
6402,6402
6403,6403
6404,6404
6405,6405
6406,6406
6407,6407
6408,6408
6409,6409
6410,6410
6411,6411
6412,6412
6413,6413
6414,6414
6415,6415
6416,6416
6417,6417
6418,6418
6419,6419
6420,6420
6421,6421
6422,6422
6423,6423
6424,6424
6425,6425
6426,6426
6427,6427
6428,6428
6429,6429
6430,6430
6431,6431
6432,6432
6433,6433
6434,6434
6435,6435
6436,6436
6437,6437
6438,6438
6439,6439
6440,6440
6441,6441
6442,6442
6443,6443
6444,6444
6445,6445
6446,6446
6447,6447
6448,6448
6449,6449
6450,6450
6451,6451
6452,6452
6453,6453
6454,6454
6455,6455
6456,6456
6457,6457
6458,6458
6459,6459
6460,6460
6461,6461
6462,6462
6463,6463
6464,6464
6465,6465
6466,6466
6467,6467
6468,6468
6469,6469
6470,6470
6471,6471
6472,6472
6473,6473
6474,6474
6475,6475
6476,6476
6477,6477
6478,6478
6479,6479
6480,6480
6481,6481
6482,6482
6483,6483
6484,6484
6485,6485
6486,6486
6487,6487
6488,6488
6489,6489
6490,6490
6491,6491
6492,6492
6493,6493
6494,6494
6495,6495
6496,6496
6497,6497
6498,6498
6499,6499
6500,6500
6501,6501
6502,6502
6503,6503
6504,6504
6505,6505
6506,6506
6507,6507
6508,6508
6509,6509
6510,6510
6511,6511
6512,6512
6513,6513
6514,6514
6515,6515
6516,6516
6517,6517
6518,6518
6519,6519
6520,6520
6521,6521
6522,6522
6523,6523
6524,6524
6525,6525
6526,6526
6527,6527
6528,6528
6529,6529
6530,6530
6531,6531
6532,6532
6533,6533
6534,6534
6535,6535
6536,6536
6537,6537
6538,6538
6539,6539
6540,6540
6541,6541
6542,6542
6543,6543
6544,6544
6545,6545
6546,6546
6547,6547
6548,6548
6549,6549
6550,6550
6551,6551
6552,6552
6553,6553
6554,6554
6555,6555
6556,6556
6557,6557
6558,6558
6559,6559
6560,6560
6561,6561
6562,6562
6563,6563
6564,6564
6565,6565
6566,6566
6567,6567
6568,6568
6569,6569
6570,6570
6571,6571
6572,6572
6573,6573
6574,6574
6575,6575
6576,6576
6577,6577
6578,6578
6579,6579
6580,6580
6581,6581
6582,6582
6583,6583
6584,6584
6585,6585
6586,6586
6587,6587
6588,6588
6589,6589
6590,6590
6591,6591
6592,6592
6593,6593
6594,6594
6595,6595
6596,6596
6597,6597
6598,6598
6599,6599
6600,6600
6601,6601
6602,6602
6603,6603
6604,6604
6605,6605
6606,6606
6607,6607
6608,6608
6609,6609
6610,6610
6611,6611
6612,6612
6613,6613
6614,6614
6615,6615
6616,6616
6617,6617
6618,6618
6619,6619
6620,6620
6621,6621
6622,6622
6623,6623
6624,6624
6625,6625
6626,6626
6627,6627
6628,6628
6629,6629
6630,6630
6631,6631
6632,6632
6633,6633
6634,6634
6635,6635
6636,6636
6637,6637
6638,6638
6639,6639
6640,6640
6641,6641
6642,6642
6643,6643
6644,6644
6645,6645
6646,6646
6647,6647
6648,6648
6649,6649
6650,6650
6651,6651
6652,6652
6653,6653
6654,6654
6655,6655
6656,6656
6657,6657
6658,6658
6659,6659
6660,6660
6661,6661
6662,6662
6663,6663
6664,6664
6665,6665
6666,6666
6667,6667
6668,6668
6669,6669
6670,6670
6671,6671
6672,6672
6673,6673
6674,6674
6675,6675
6676,6676
6677,6677
6678,6678
6679,6679
6680,6680
6681,6681
6682,6682
6683,6683
6684,6684
6685,6685
6686,6686
6687,6687
6688,6688
6689,6689
6690,6690
6691,6691
6692,6692
6693,6693
6694,6694
6695,6695
6696,6696
6697,6697
6698,6698
6699,6699
6700,6700
6701,6701
6702,6702
6703,6703
6704,6704
6705,6705
6706,6706
6707,6707
6708,6708
6709,6709
6710,6710
6711,6711
6712,6712
6713,6713
6714,6714
6715,6715
6716,6716
6717,6717
6718,6718
6719,6719
6720,6720
6721,6721
6722,6722
6723,6723
6724,6724
6725,6725
6726,6726
6727,6727
6728,6728
6729,6729
6730,6730
6731,6731
6732,6732
6733,6733
6734,6734
6735,6735
6736,6736
6737,6737
6738,6738
6739,6739
6740,6740
6741,6741
6742,6742
6743,6743
6744,6744
6745,6745
6746,6746
6747,6747
6748,6748
6749,6749
6750,6750
6751,6751
6752,6752
6753,6753
6754,6754
6755,6755
6756,6756
6757,6757
6758,6758
6759,6759
6760,6760
6761,6761
6762,6762
6763,6763
6764,6764
6765,6765
6766,6766
6767,6767
6768,6768
6769,6769
6770,6770
6771,6771
6772,6772
6773,6773
6774,6774
6775,6775
6776,6776
6777,6777
6778,6778
6779,6779
6780,6780
6781,6781
6782,6782
6783,6783
6784,6784
6785,6785
6786,6786
6787,6787
6788,6788
6789,6789
6790,6790
6791,6791
6792,6792
6793,6793
6794,6794
6795,6795
6796,6796
6797,6797
6798,6798
6799,6799
6800,6800
6801,6801
6802,6802
6803,6803
6804,6804
6805,6805
6806,6806
6807,6807
6808,6808
6809,6809
6810,6810
6811,6811
6812,6812
6813,6813
6814,6814
6815,6815
6816,6816
6817,6817
6818,6818
6819,6819
6820,6820
6821,6821
6822,6822
6823,6823
6824,6824
6825,6825
6826,6826
6827,6827
6828,6828
6829,6829
6830,6830
6831,6831
6832,6832
6833,6833
6834,6834
6835,6835
6836,6836
6837,6837
6838,6838
6839,6839
6840,6840
6841,6841
6842,6842
6843,6843
6844,6844
6845,6845
6846,6846
6847,6847
6848,6848
6849,6849
6850,6850
6851,6851
6852,6852
6853,6853
6854,6854
6855,6855
6856,6856
6857,6857
6858,6858
6859,6859
6860,6860
6861,6861
6862,6862
6863,6863
6864,6864
6865,6865
6866,6866
6867,6867
6868,6868
6869,6869
6870,6870
6871,6871
6872,6872
6873,6873
6874,6874
6875,6875
6876,6876
6877,6877
6878,6878
6879,6879
6880,6880
6881,6881
6882,6882
6883,6883
6884,6884
6885,6885
6886,6886
6887,6887
6888,6888
6889,6889
6890,6890
6891,6891
6892,6892
6893,6893
6894,6894
6895,6895
6896,6896
6897,6897
6898,6898
6899,6899
6900,6900
6901,6901
6902,6902
6903,6903
6904,6904
6905,6905
6906,6906
6907,6907
6908,6908
6909,6909
6910,6910
6911,6911
6912,6912
6913,6913
6914,6914
6915,6915
6916,6916
6917,6917
6918,6918
6919,6919
6920,6920
6921,6921
6922,6922
6923,6923
6924,6924
6925,6925
6926,6926
6927,6927
6928,6928
6929,6929
6930,6930
6931,6931
6932,6932
6933,6933
6934,6934
6935,6935
6936,6936
6937,6937
6938,6938
6939,6939
6940,6940
6941,6941
6942,6942
6943,6943
6944,6944
6945,6945
6946,6946
6947,6947
6948,6948
6949,6949
6950,6950
6951,6951
6952,6952
6953,6953
6954,6954
6955,6955
6956,6956
6957,6957
6958,6958
6959,6959
6960,6960
6961,6961
6962,6962
6963,6963
6964,6964
6965,6965
6966,6966
6967,6967
6968,6968
6969,6969
6970,6970
6971,6971
6972,6972
6973,6973
6974,6974
6975,6975
6976,6976
6977,6977
6978,6978
6979,6979
6980,6980
6981,6981
6982,6982
6983,6983
6984,6984
6985,6985
6986,6986
6987,6987
6988,6988
6989,6989
6990,6990
6991,6991
6992,6992
6993,6993
6994,6994
6995,6995
6996,6996
6997,6997
6998,6998
6999,6999
7000,7000
7001,7001
7002,7002
7003,7003
7004,7004
7005,7005
7006,7006
7007,7007
7008,7008
7009,7009
7010,7010
7011,7011
7012,7012
7013,7013
7014,7014
7015,7015
7016,7016
7017,7017
7018,7018
7019,7019
7020,7020
7021,7021
7022,7022
7023,7023
7024,7024
7025,7025
7026,7026
7027,7027
7028,7028
7029,7029
7030,7030
7031,7031
7032,7032
7033,7033
7034,7034
7035,7035
7036,7036
7037,7037
7038,7038
7039,7039
7040,7040
7041,7041
7042,7042
7043,7043
7044,7044
7045,7045
7046,7046
7047,7047
7048,7048
7049,7049
7050,7050
7051,7051
7052,7052
7053,7053
7054,7054
7055,7055
7056,7056
7057,7057
7058,7058
7059,7059
7060,7060
7061,7061
7062,7062
7063,7063
7064,7064
7065,7065
7066,7066
7067,7067
7068,7068
7069,7069
7070,7070
7071,7071
7072,7072
7073,7073
7074,7074
7075,7075
7076,7076
7077,7077
7078,7078
7079,7079
7080,7080
7081,7081
7082,7082
7083,7083
7084,7084
7085,7085
7086,7086
7087,7087
7088,7088
7089,7089
7090,7090
7091,7091
7092,7092
7093,7093
7094,7094
7095,7095
7096,7096
7097,7097
7098,7098
7099,7099
7100,7100
7101,7101
7102,7102
7103,7103
7104,7104
7105,7105
7106,7106
7107,7107
7108,7108
7109,7109
7110,7110
7111,7111
7112,7112
7113,7113
7114,7114
7115,7115
7116,7116
7117,7117
7118,7118
7119,7119
7120,7120
7121,7121
7122,7122
7123,7123
7124,7124
7125,7125
7126,7126
7127,7127
7128,7128
7129,7129
7130,7130
7131,7131
7132,7132
7133,7133
7134,7134
7135,7135
7136,7136
7137,7137
7138,7138
7139,7139
7140,7140
7141,7141
7142,7142
7143,7143
7144,7144
7145,7145
7146,7146
7147,7147
7148,7148
7149,7149
7150,7150
7151,7151
7152,7152
7153,7153
7154,7154
7155,7155
7156,7156
7157,7157
7158,7158
7159,7159
7160,7160
7161,7161
7162,7162
7163,7163
7164,7164
7165,7165
7166,7166
7167,7167
7168,7168
7169,7169
7170,7170
7171,7171
7172,7172
7173,7173
7174,7174
7175,7175
7176,7176
7177,7177
7178,7178
7179,7179
7180,7180
7181,7181
7182,7182
7183,7183
7184,7184
7185,7185
7186,7186
7187,7187
7188,7188
7189,7189
7190,7190
7191,7191
7192,7192
7193,7193
7194,7194
7195,7195
7196,7196
7197,7197
7198,7198
7199,7199
7200,7200
7201,7201
7202,7202
7203,7203
7204,7204
7205,7205
7206,7206
7207,7207
7208,7208
7209,7209
7210,7210
7211,7211
7212,7212
7213,7213
7214,7214
7215,7215
7216,7216
7217,7217
7218,7218
7219,7219
7220,7220
7221,7221
7222,7222
7223,7223
7224,7224
7225,7225
7226,7226
7227,7227
7228,7228
7229,7229
7230,7230
7231,7231
7232,7232
7233,7233
7234,7234
7235,7235
7236,7236
7237,7237
7238,7238
7239,7239
7240,7240
7241,7241
7242,7242
7243,7243
7244,7244
7245,7245
7246,7246
7247,7247
7248,7248
7249,7249
7250,7250
7251,7251
7252,7252
7253,7253
7254,7254
7255,7255
7256,7256
7257,7257
7258,7258
7259,7259
7260,7260
7261,7261
7262,7262
7263,7263
7264,7264
7265,7265
7266,7266
7267,7267
7268,7268
7269,7269
7270,7270
7271,7271
7272,7272
7273,7273
7274,7274
7275,7275
7276,7276
7277,7277
7278,7278
7279,7279
7280,7280
7281,7281
7282,7282
7283,7283
7284,7284
7285,7285
7286,7286
7287,7287
7288,7288
7289,7289
7290,7290
7291,7291
7292,7292
7293,7293
7294,7294
7295,7295
7296,7296
7297,7297
7298,7298
7299,7299
7300,7300
7301,7301
7302,7302
7303,7303
7304,7304
7305,7305
7306,7306
7307,7307
7308,7308
7309,7309
7310,7310
7311,7311
7312,7312
7313,7313
7314,7314
7315,7315
7316,7316
7317,7317
7318,7318
7319,7319
7320,7320
7321,7321
7322,7322
7323,7323
7324,7324
7325,7325
7326,7326
7327,7327
7328,7328
7329,7329
7330,7330
7331,7331
7332,7332
7333,7333
7334,7334
7335,7335
7336,7336
7337,7337
7338,7338
7339,7339
7340,7340
7341,7341
7342,7342
7343,7343
7344,7344
7345,7345
7346,7346
7347,7347
7348,7348
7349,7349
7350,7350
7351,7351
7352,7352
7353,7353
7354,7354
7355,7355
7356,7356
7357,7357
7358,7358
7359,7359
7360,7360
7361,7361
7362,7362
7363,7363
7364,7364
7365,7365
7366,7366
7367,7367
7368,7368
7369,7369
7370,7370
7371,7371
7372,7372
7373,7373
7374,7374
7375,7375
7376,7376
7377,7377
7378,7378
7379,7379
7380,7380
7381,7381
7382,7382
7383,7383
7384,7384
7385,7385
7386,7386
7387,7387
7388,7388
7389,7389
7390,7390
7391,7391
7392,7392
7393,7393
7394,7394
7395,7395
7396,7396
7397,7397
7398,7398
7399,7399
7400,7400
7401,7401
7402,7402
7403,7403
7404,7404
7405,7405
7406,7406
7407,7407
7408,7408
7409,7409
7410,7410
7411,7411
7412,7412
7413,7413
7414,7414
7415,7415
7416,7416
7417,7417
7418,7418
7419,7419
7420,7420
7421,7421
7422,7422
7423,7423
7424,7424
7425,7425
7426,7426
7427,7427
7428,7428
7429,7429
7430,7430
7431,7431
7432,7432
7433,7433
7434,7434
7435,7435
7436,7436
7437,7437
7438,7438
7439,7439
7440,7440
7441,7441
7442,7442
7443,7443
7444,7444
7445,7445
7446,7446
7447,7447
7448,7448
7449,7449
7450,7450
7451,7451
7452,7452
7453,7453
7454,7454
7455,7455
7456,7456
7457,7457
7458,7458
7459,7459
7460,7460
7461,7461
7462,7462
7463,7463
7464,7464
7465,7465
7466,7466
7467,7467
7468,7468
7469,7469
7470,7470
7471,7471
7472,7472
7473,7473
7474,7474
7475,7475
7476,7476
7477,7477
7478,7478
7479,7479
7480,7480
7481,7481
7482,7482
7483,7483
7484,7484
7485,7485
7486,7486
7487,7487
7488,7488
7489,7489
7490,7490
7491,7491
7492,7492
7493,7493
7494,7494
7495,7495
7496,7496
7497,7497
7498,7498
7499,7499
7500,7500
7501,7501
7502,7502
7503,7503
7504,7504
7505,7505
7506,7506
7507,7507
7508,7508
7509,7509
7510,7510
7511,7511
7512,7512
7513,7513
7514,7514
7515,7515
7516,7516
7517,7517
7518,7518
7519,7519
7520,7520
7521,7521
7522,7522
7523,7523
7524,7524
7525,7525
7526,7526
7527,7527
7528,7528
7529,7529
7530,7530
7531,7531
7532,7532
7533,7533
7534,7534
7535,7535
7536,7536
7537,7537
7538,7538
7539,7539
7540,7540
7541,7541
7542,7542
7543,7543
7544,7544
7545,7545
7546,7546
7547,7547
7548,7548
7549,7549
7550,7550
7551,7551
7552,7552
7553,7553
7554,7554
7555,7555
7556,7556
7557,7557
7558,7558
7559,7559
7560,7560
7561,7561
7562,7562
7563,7563
7564,7564
7565,7565
7566,7566
7567,7567
7568,7568
7569,7569
7570,7570
7571,7571
7572,7572
7573,7573
7574,7574
7575,7575
7576,7576
7577,7577
7578,7578
7579,7579
7580,7580
7581,7581
7582,7582
7583,7583
7584,7584
7585,7585
7586,7586
7587,7587
7588,7588
7589,7589
7590,7590
7591,7591
7592,7592
7593,7593
7594,7594
7595,7595
7596,7596
7597,7597
7598,7598
7599,7599
7600,7600
7601,7601
7602,7602
7603,7603
7604,7604
7605,7605
7606,7606
7607,7607
7608,7608
7609,7609
7610,7610
7611,7611
7612,7612
7613,7613
7614,7614
7615,7615
7616,7616
7617,7617
7618,7618
7619,7619
7620,7620
7621,7621
7622,7622
7623,7623
7624,7624
7625,7625
7626,7626
7627,7627
7628,7628
7629,7629
7630,7630
7631,7631
7632,7632
7633,7633
7634,7634
7635,7635
7636,7636
7637,7637
7638,7638
7639,7639
7640,7640
7641,7641
7642,7642
7643,7643
7644,7644
7645,7645
7646,7646
7647,7647
7648,7648
7649,7649
7650,7650
7651,7651
7652,7652
7653,7653
7654,7654
7655,7655
7656,7656
7657,7657
7658,7658
7659,7659
7660,7660
7661,7661
7662,7662
7663,7663
7664,7664
7665,7665
7666,7666
7667,7667
7668,7668
7669,7669
7670,7670
7671,7671
7672,7672
7673,7673
7674,7674
7675,7675
7676,7676
7677,7677
7678,7678
7679,7679
7680,7680
7681,7681
7682,7682
7683,7683
7684,7684
7685,7685
7686,7686
7687,7687
7688,7688
7689,7689
7690,7690
7691,7691
7692,7692
7693,7693
7694,7694
7695,7695
7696,7696
7697,7697
7698,7698
7699,7699
7700,7700
7701,7701
7702,7702
7703,7703
7704,7704
7705,7705
7706,7706
7707,7707
7708,7708
7709,7709
7710,7710
7711,7711
7712,7712
7713,7713
7714,7714
7715,7715
7716,7716
7717,7717
7718,7718
7719,7719
7720,7720
7721,7721
7722,7722
7723,7723
7724,7724
7725,7725
7726,7726
7727,7727
7728,7728
7729,7729
7730,7730
7731,7731
7732,7732
7733,7733
7734,7734
7735,7735
7736,7736
7737,7737
7738,7738
7739,7739
7740,7740
7741,7741
7742,7742
7743,7743
7744,7744
7745,7745
7746,7746
7747,7747
7748,7748
7749,7749
7750,7750
7751,7751
7752,7752
7753,7753
7754,7754
7755,7755
7756,7756
7757,7757
7758,7758
7759,7759
7760,7760
7761,7761
7762,7762
7763,7763
7764,7764
7765,7765
7766,7766
7767,7767
7768,7768
7769,7769
7770,7770
7771,7771
7772,7772
7773,7773
7774,7774
7775,7775
7776,7776
7777,7777
7778,7778
7779,7779
7780,7780
7781,7781
7782,7782
7783,7783
7784,7784
7785,7785
7786,7786
7787,7787
7788,7788
7789,7789
7790,7790
7791,7791
7792,7792
7793,7793
7794,7794
7795,7795
7796,7796
7797,7797
7798,7798
7799,7799
7800,7800
7801,7801
7802,7802
7803,7803
7804,7804
7805,7805
7806,7806
7807,7807
7808,7808
7809,7809
7810,7810
7811,7811
7812,7812
7813,7813
7814,7814
7815,7815
7816,7816
7817,7817
7818,7818
7819,7819
7820,7820
7821,7821
7822,7822
7823,7823
7824,7824
7825,7825
7826,7826
7827,7827
7828,7828
7829,7829
7830,7830
7831,7831
7832,7832
7833,7833
7834,7834
7835,7835
7836,7836
7837,7837
7838,7838
7839,7839
7840,7840
7841,7841
7842,7842
7843,7843
7844,7844
7845,7845
7846,7846
7847,7847
7848,7848
7849,7849
7850,7850
7851,7851
7852,7852
7853,7853
7854,7854
7855,7855
7856,7856
7857,7857
7858,7858
7859,7859
7860,7860
7861,7861
7862,7862
7863,7863
7864,7864
7865,7865
7866,7866
7867,7867
7868,7868
7869,7869
7870,7870
7871,7871
7872,7872
7873,7873
7874,7874
7875,7875
7876,7876
7877,7877
7878,7878
7879,7879
7880,7880
7881,7881
7882,7882
7883,7883
7884,7884
7885,7885
7886,7886
7887,7887
7888,7888
7889,7889
7890,7890
7891,7891
7892,7892
7893,7893
7894,7894
7895,7895
7896,7896
7897,7897
7898,7898
7899,7899
7900,7900
7901,7901
7902,7902
7903,7903
7904,7904
7905,7905
7906,7906
7907,7907
7908,7908
7909,7909
7910,7910
7911,7911
7912,7912
7913,7913
7914,7914
7915,7915
7916,7916
7917,7917
7918,7918
7919,7919
7920,7920
7921,7921
7922,7922
7923,7923
7924,7924
7925,7925
7926,7926
7927,7927
7928,7928
7929,7929
7930,7930
7931,7931
7932,7932
7933,7933
7934,7934
7935,7935
7936,7936
7937,7937
7938,7938
7939,7939
7940,7940
7941,7941
7942,7942
7943,7943
7944,7944
7945,7945
7946,7946
7947,7947
7948,7948
7949,7949
7950,7950
7951,7951
7952,7952
7953,7953
7954,7954
7955,7955
7956,7956
7957,7957
7958,7958
7959,7959
7960,7960
7961,7961
7962,7962
7963,7963
7964,7964
7965,7965
7966,7966
7967,7967
7968,7968
7969,7969
7970,7970
7971,7971
7972,7972
7973,7973
7974,7974
7975,7975
7976,7976
7977,7977
7978,7978
7979,7979
7980,7980
7981,7981
7982,7982
7983,7983
7984,7984
7985,7985
7986,7986
7987,7987
7988,7988
7989,7989
7990,7990
7991,7991
7992,7992
7993,7993
7994,7994
7995,7995
7996,7996
7997,7997
7998,7998
7999,7999
8000,8000
8001,8001
8002,8002
8003,8003
8004,8004
8005,8005
8006,8006
8007,8007
8008,8008
8009,8009
8010,8010
8011,8011
8012,8012
8013,8013
8014,8014
8015,8015
8016,8016
8017,8017
8018,8018
8019,8019
8020,8020
8021,8021
8022,8022
8023,8023
8024,8024
8025,8025
8026,8026
8027,8027
8028,8028
8029,8029
8030,8030
8031,8031
8032,8032
8033,8033
8034,8034
8035,8035
8036,8036
8037,8037
8038,8038
8039,8039
8040,8040
8041,8041
8042,8042
8043,8043
8044,8044
8045,8045
8046,8046
8047,8047
8048,8048
8049,8049
8050,8050
8051,8051
8052,8052
8053,8053
8054,8054
8055,8055
8056,8056
8057,8057
8058,8058
8059,8059
8060,8060
8061,8061
8062,8062
8063,8063
8064,8064
8065,8065
8066,8066
8067,8067
8068,8068
8069,8069
8070,8070
8071,8071
8072,8072
8073,8073
8074,8074
8075,8075
8076,8076
8077,8077
8078,8078
8079,8079
8080,8080
8081,8081
8082,8082
8083,8083
8084,8084
8085,8085
8086,8086
8087,8087
8088,8088
8089,8089
8090,8090
8091,8091
8092,8092
8093,8093
8094,8094
8095,8095
8096,8096
8097,8097
8098,8098
8099,8099
8100,8100
8101,8101
8102,8102
8103,8103
8104,8104
8105,8105
8106,8106
8107,8107
8108,8108
8109,8109
8110,8110
8111,8111
8112,8112
8113,8113
8114,8114
8115,8115
8116,8116
8117,8117
8118,8118
8119,8119
8120,8120
8121,8121
8122,8122
8123,8123
8124,8124
8125,8125
8126,8126
8127,8127
8128,8128
8129,8129
8130,8130
8131,8131
8132,8132
8133,8133
8134,8134
8135,8135
8136,8136
8137,8137
8138,8138
8139,8139
8140,8140
8141,8141
8142,8142
8143,8143
8144,8144
8145,8145
8146,8146
8147,8147
8148,8148
8149,8149
8150,8150
8151,8151
8152,8152
8153,8153
8154,8154
8155,8155
8156,8156
8157,8157
8158,8158
8159,8159
8160,8160
8161,8161
8162,8162
8163,8163
8164,8164
8165,8165
8166,8166
8167,8167
8168,8168
8169,8169
8170,8170
8171,8171
8172,8172
8173,8173
8174,8174
8175,8175
8176,8176
8177,8177
8178,8178
8179,8179
8180,8180
8181,8181
8182,8182
8183,8183
8184,8184
8185,8185
8186,8186
8187,8187
8188,8188
8189,8189
8190,8190
8191,8191
8192,8192
8193,8193
8194,8194
8195,8195
8196,8196
8197,8197
8198,8198
8199,8199
8200,8200
8201,8201
8202,8202
8203,8203
8204,8204
8205,8205
8206,8206
8207,8207
8208,8208
8209,8209
8210,8210
8211,8211
8212,8212
8213,8213
8214,8214
8215,8215
8216,8216
8217,8217
8218,8218
8219,8219
8220,8220
8221,8221
8222,8222
8223,8223
8224,8224
8225,8225
8226,8226
8227,8227
8228,8228
8229,8229
8230,8230
8231,8231
8232,8232
8233,8233
8234,8234
8235,8235
8236,8236
8237,8237
8238,8238
8239,8239
8240,8240
8241,8241
8242,8242
8243,8243
8244,8244
8245,8245
8246,8246
8247,8247
8248,8248
8249,8249
8250,8250
8251,8251
8252,8252
8253,8253
8254,8254
8255,8255
8256,8256
8257,8257
8258,8258
8259,8259
8260,8260
8261,8261
8262,8262
8263,8263
8264,8264
8265,8265
8266,8266
8267,8267
8268,8268
8269,8269
8270,8270
8271,8271
8272,8272
8273,8273
8274,8274
8275,8275
8276,8276
8277,8277
8278,8278
8279,8279
8280,8280
8281,8281
8282,8282
8283,8283
8284,8284
8285,8285
8286,8286
8287,8287
8288,8288
8289,8289
8290,8290
8291,8291
8292,8292
8293,8293
8294,8294
8295,8295
8296,8296
8297,8297
8298,8298
8299,8299
8300,8300
8301,8301
8302,8302
8303,8303
8304,8304
8305,8305
8306,8306
8307,8307
8308,8308
8309,8309
8310,8310
8311,8311
8312,8312
8313,8313
8314,8314
8315,8315
8316,8316
8317,8317
8318,8318
8319,8319
8320,8320
8321,8321
8322,8322
8323,8323
8324,8324
8325,8325
8326,8326
8327,8327
8328,8328
8329,8329
8330,8330
8331,8331
8332,8332
8333,8333
8334,8334
8335,8335
8336,8336
8337,8337
8338,8338
8339,8339
8340,8340
8341,8341
8342,8342
8343,8343
8344,8344
8345,8345
8346,8346
8347,8347
8348,8348
8349,8349
8350,8350
8351,8351
8352,8352
8353,8353
8354,8354
8355,8355
8356,8356
8357,8357
8358,8358
8359,8359
8360,8360
8361,8361
8362,8362
8363,8363
8364,8364
8365,8365
8366,8366
8367,8367
8368,8368
8369,8369
8370,8370
8371,8371
8372,8372
8373,8373
8374,8374
8375,8375
8376,8376
8377,8377
8378,8378
8379,8379
8380,8380
8381,8381
8382,8382
8383,8383
8384,8384
8385,8385
8386,8386
8387,8387
8388,8388
8389,8389
8390,8390
8391,8391
8392,8392
8393,8393
8394,8394
8395,8395
8396,8396
8397,8397
8398,8398
8399,8399
8400,8400
8401,8401
8402,8402
8403,8403
8404,8404
8405,8405
8406,8406
8407,8407
8408,8408
8409,8409
8410,8410
8411,8411
8412,8412
8413,8413
8414,8414
8415,8415
8416,8416
8417,8417
8418,8418
8419,8419
8420,8420
8421,8421
8422,8422
8423,8423
8424,8424
8425,8425
8426,8426
8427,8427
8428,8428
8429,8429
8430,8430
8431,8431
8432,8432
8433,8433
8434,8434
8435,8435
8436,8436
8437,8437
8438,8438
8439,8439
8440,8440
8441,8441
8442,8442
8443,8443
8444,8444
8445,8445
8446,8446
8447,8447
8448,8448
8449,8449
8450,8450
8451,8451
8452,8452
8453,8453
8454,8454
8455,8455
8456,8456
8457,8457
8458,8458
8459,8459
8460,8460
8461,8461
8462,8462
8463,8463
8464,8464
8465,8465
8466,8466
8467,8467
8468,8468
8469,8469
8470,8470
8471,8471
8472,8472
8473,8473
8474,8474
8475,8475
8476,8476
8477,8477
8478,8478
8479,8479
8480,8480
8481,8481
8482,8482
8483,8483
8484,8484
8485,8485
8486,8486
8487,8487
8488,8488
8489,8489
8490,8490
8491,8491
8492,8492
8493,8493
8494,8494
8495,8495
8496,8496
8497,8497
8498,8498
8499,8499
8500,8500
8501,8501
8502,8502
8503,8503
8504,8504
8505,8505
8506,8506
8507,8507
8508,8508
8509,8509
8510,8510
8511,8511
8512,8512
8513,8513
8514,8514
8515,8515
8516,8516
8517,8517
8518,8518
8519,8519
8520,8520
8521,8521
8522,8522
8523,8523
8524,8524
8525,8525
8526,8526
8527,8527
8528,8528
8529,8529
8530,8530
8531,8531
8532,8532
8533,8533
8534,8534
8535,8535
8536,8536
8537,8537
8538,8538
8539,8539
8540,8540
8541,8541
8542,8542
8543,8543
8544,8544
8545,8545
8546,8546
8547,8547
8548,8548
8549,8549
8550,8550
8551,8551
8552,8552
8553,8553
8554,8554
8555,8555
8556,8556
8557,8557
8558,8558
8559,8559
8560,8560
8561,8561
8562,8562
8563,8563
8564,8564
8565,8565
8566,8566
8567,8567
8568,8568
8569,8569
8570,8570
8571,8571
8572,8572
8573,8573
8574,8574
8575,8575
8576,8576
8577,8577
8578,8578
8579,8579
8580,8580
8581,8581
8582,8582
8583,8583
8584,8584
8585,8585
8586,8586
8587,8587
8588,8588
8589,8589
8590,8590
8591,8591
8592,8592
8593,8593
8594,8594
8595,8595
8596,8596
8597,8597
8598,8598
8599,8599
8600,8600
8601,8601
8602,8602
8603,8603
8604,8604
8605,8605
8606,8606
8607,8607
8608,8608
8609,8609
8610,8610
8611,8611
8612,8612
8613,8613
8614,8614
8615,8615
8616,8616
8617,8617
8618,8618
8619,8619
8620,8620
8621,8621
8622,8622
8623,8623
8624,8624
8625,8625
8626,8626
8627,8627
8628,8628
8629,8629
8630,8630
8631,8631
8632,8632
8633,8633
8634,8634
8635,8635
8636,8636
8637,8637
8638,8638
8639,8639
8640,8640
8641,8641
8642,8642
8643,8643
8644,8644
8645,8645
8646,8646
8647,8647
8648,8648
8649,8649
8650,8650
8651,8651
8652,8652
8653,8653
8654,8654
8655,8655
8656,8656
8657,8657
8658,8658
8659,8659
8660,8660
8661,8661
8662,8662
8663,8663
8664,8664
8665,8665
8666,8666
8667,8667
8668,8668
8669,8669
8670,8670
8671,8671
8672,8672
8673,8673
8674,8674
8675,8675
8676,8676
8677,8677
8678,8678
8679,8679
8680,8680
8681,8681
8682,8682
8683,8683
8684,8684
8685,8685
8686,8686
8687,8687
8688,8688
8689,8689
8690,8690
8691,8691
8692,8692
8693,8693
8694,8694
8695,8695
8696,8696
8697,8697
8698,8698
8699,8699
8700,8700
8701,8701
8702,8702
8703,8703
8704,8704
8705,8705
8706,8706
8707,8707
8708,8708
8709,8709
8710,8710
8711,8711
8712,8712
8713,8713
8714,8714
8715,8715
8716,8716
8717,8717
8718,8718
8719,8719
8720,8720
8721,8721
8722,8722
8723,8723
8724,8724
8725,8725
8726,8726
8727,8727
8728,8728
8729,8729
8730,8730
8731,8731
8732,8732
8733,8733
8734,8734
8735,8735
8736,8736
8737,8737
8738,8738
8739,8739
8740,8740
8741,8741
8742,8742
8743,8743
8744,8744
8745,8745
8746,8746
8747,8747
8748,8748
8749,8749
8750,8750
8751,8751
8752,8752
8753,8753
8754,8754
8755,8755
8756,8756
8757,8757
8758,8758
8759,8759
8760,8760
8761,8761
8762,8762
8763,8763
8764,8764
8765,8765
8766,8766
8767,8767
8768,8768
8769,8769
8770,8770
8771,8771
8772,8772
8773,8773
8774,8774
8775,8775
8776,8776
8777,8777
8778,8778
8779,8779
8780,8780
8781,8781
8782,8782
8783,8783
8784,8784
8785,8785
8786,8786
8787,8787
8788,8788
8789,8789
8790,8790
8791,8791
8792,8792
8793,8793
8794,8794
8795,8795
8796,8796
8797,8797
8798,8798
8799,8799
8800,8800
8801,8801
8802,8802
8803,8803
8804,8804
8805,8805
8806,8806
8807,8807
8808,8808
8809,8809
8810,8810
8811,8811
8812,8812
8813,8813
8814,8814
8815,8815
8816,8816
8817,8817
8818,8818
8819,8819
8820,8820
8821,8821
8822,8822
8823,8823
8824,8824
8825,8825
8826,8826
8827,8827
8828,8828
8829,8829
8830,8830
8831,8831
8832,8832
8833,8833
8834,8834
8835,8835
8836,8836
8837,8837
8838,8838
8839,8839
8840,8840
8841,8841
8842,8842
8843,8843
8844,8844
8845,8845
8846,8846
8847,8847
8848,8848
8849,8849
8850,8850
8851,8851
8852,8852
8853,8853
8854,8854
8855,8855
8856,8856
8857,8857
8858,8858
8859,8859
8860,8860
8861,8861
8862,8862
8863,8863
8864,8864
8865,8865
8866,8866
8867,8867
8868,8868
8869,8869
8870,8870
8871,8871
8872,8872
8873,8873
8874,8874
8875,8875
8876,8876
8877,8877
8878,8878
8879,8879
8880,8880
8881,8881
8882,8882
8883,8883
8884,8884
8885,8885
8886,8886
8887,8887
8888,8888
8889,8889
8890,8890
8891,8891
8892,8892
8893,8893
8894,8894
8895,8895
8896,8896
8897,8897
8898,8898
8899,8899
8900,8900
8901,8901
8902,8902
8903,8903
8904,8904
8905,8905
8906,8906
8907,8907
8908,8908
8909,8909
8910,8910
8911,8911
8912,8912
8913,8913
8914,8914
8915,8915
8916,8916
8917,8917
8918,8918
8919,8919
8920,8920
8921,8921
8922,8922
8923,8923
8924,8924
8925,8925
8926,8926
8927,8927
8928,8928
8929,8929
8930,8930
8931,8931
8932,8932
8933,8933
8934,8934
8935,8935
8936,8936
8937,8937
8938,8938
8939,8939
8940,8940
8941,8941
8942,8942
8943,8943
8944,8944
8945,8945
8946,8946
8947,8947
8948,8948
8949,8949
8950,8950
8951,8951
8952,8952
8953,8953
8954,8954
8955,8955
8956,8956
8957,8957
8958,8958
8959,8959
8960,8960
8961,8961
8962,8962
8963,8963
8964,8964
8965,8965
8966,8966
8967,8967
8968,8968
8969,8969
8970,8970
8971,8971
8972,8972
8973,8973
8974,8974
8975,8975
8976,8976
8977,8977
8978,8978
8979,8979
8980,8980
8981,8981
8982,8982
8983,8983
8984,8984
8985,8985
8986,8986
8987,8987
8988,8988
8989,8989
8990,8990
8991,8991
8992,8992
8993,8993
8994,8994
8995,8995
8996,8996
8997,8997
8998,8998
8999,8999
9000,9000
9001,9001
9002,9002
9003,9003
9004,9004
9005,9005
9006,9006
9007,9007
9008,9008
9009,9009
9010,9010
9011,9011
9012,9012
9013,9013
9014,9014
9015,9015
9016,9016
9017,9017
9018,9018
9019,9019
9020,9020
9021,9021
9022,9022
9023,9023
9024,9024
9025,9025
9026,9026
9027,9027
9028,9028
9029,9029
9030,9030
9031,9031
9032,9032
9033,9033
9034,9034
9035,9035
9036,9036
9037,9037
9038,9038
9039,9039
9040,9040
9041,9041
9042,9042
9043,9043
9044,9044
9045,9045
9046,9046
9047,9047
9048,9048
9049,9049
9050,9050
9051,9051
9052,9052
9053,9053
9054,9054
9055,9055
9056,9056
9057,9057
9058,9058
9059,9059
9060,9060
9061,9061
9062,9062
9063,9063
9064,9064
9065,9065
9066,9066
9067,9067
9068,9068
9069,9069
9070,9070
9071,9071
9072,9072
9073,9073
9074,9074
9075,9075
9076,9076
9077,9077
9078,9078
9079,9079
9080,9080
9081,9081
9082,9082
9083,9083
9084,9084
9085,9085
9086,9086
9087,9087
9088,9088
9089,9089
9090,9090
9091,9091
9092,9092
9093,9093
9094,9094
9095,9095
9096,9096
9097,9097
9098,9098
9099,9099
9100,9100
9101,9101
9102,9102
9103,9103
9104,9104
9105,9105
9106,9106
9107,9107
9108,9108
9109,9109
9110,9110
9111,9111
9112,9112
9113,9113
9114,9114
9115,9115
9116,9116
9117,9117
9118,9118
9119,9119
9120,9120
9121,9121
9122,9122
9123,9123
9124,9124
9125,9125
9126,9126
9127,9127
9128,9128
9129,9129
9130,9130
9131,9131
9132,9132
9133,9133
9134,9134
9135,9135
9136,9136
9137,9137
9138,9138
9139,9139
9140,9140
9141,9141
9142,9142
9143,9143
9144,9144
9145,9145
9146,9146
9147,9147
9148,9148
9149,9149
9150,9150
9151,9151
9152,9152
9153,9153
9154,9154
9155,9155
9156,9156
9157,9157
9158,9158
9159,9159
9160,9160
9161,9161
9162,9162
9163,9163
9164,9164
9165,9165
9166,9166
9167,9167
9168,9168
9169,9169
9170,9170
9171,9171
9172,9172
9173,9173
9174,9174
9175,9175
9176,9176
9177,9177
9178,9178
9179,9179
9180,9180
9181,9181
9182,9182
9183,9183
9184,9184
9185,9185
9186,9186
9187,9187
9188,9188
9189,9189
9190,9190
9191,9191
9192,9192
9193,9193
9194,9194
9195,9195
9196,9196
9197,9197
9198,9198
9199,9199
9200,9200
9201,9201
9202,9202
9203,9203
9204,9204
9205,9205
9206,9206
9207,9207
9208,9208
9209,9209
9210,9210
9211,9211
9212,9212
9213,9213
9214,9214
9215,9215
9216,9216
9217,9217
9218,9218
9219,9219
9220,9220
9221,9221
9222,9222
9223,9223
9224,9224
9225,9225
9226,9226
9227,9227
9228,9228
9229,9229
9230,9230
9231,9231
9232,9232
9233,9233
9234,9234
9235,9235
9236,9236
9237,9237
9238,9238
9239,9239
9240,9240
9241,9241
9242,9242
9243,9243
9244,9244
9245,9245
9246,9246
9247,9247
9248,9248
9249,9249
9250,9250
9251,9251
9252,9252
9253,9253
9254,9254
9255,9255
9256,9256
9257,9257
9258,9258
9259,9259
9260,9260
9261,9261
9262,9262
9263,9263
9264,9264
9265,9265
9266,9266
9267,9267
9268,9268
9269,9269
9270,9270
9271,9271
9272,9272
9273,9273
9274,9274
9275,9275
9276,9276
9277,9277
9278,9278
9279,9279
9280,9280
9281,9281
9282,9282
9283,9283
9284,9284
9285,9285
9286,9286
9287,9287
9288,9288
9289,9289
9290,9290
9291,9291
9292,9292
9293,9293
9294,9294
9295,9295
9296,9296
9297,9297
9298,9298
9299,9299
9300,9300
9301,9301
9302,9302
9303,9303
9304,9304
9305,9305
9306,9306
9307,9307
9308,9308
9309,9309
9310,9310
9311,9311
9312,9312
9313,9313
9314,9314
9315,9315
9316,9316
9317,9317
9318,9318
9319,9319
9320,9320
9321,9321
9322,9322
9323,9323
9324,9324
9325,9325
9326,9326
9327,9327
9328,9328
9329,9329
9330,9330
9331,9331
9332,9332
9333,9333
9334,9334
9335,9335
9336,9336
9337,9337
9338,9338
9339,9339
9340,9340
9341,9341
9342,9342
9343,9343
9344,9344
9345,9345
9346,9346
9347,9347
9348,9348
9349,9349
9350,9350
9351,9351
9352,9352
9353,9353
9354,9354
9355,9355
9356,9356
9357,9357
9358,9358
9359,9359
9360,9360
9361,9361
9362,9362
9363,9363
9364,9364
9365,9365
9366,9366
9367,9367
9368,9368
9369,9369
9370,9370
9371,9371
9372,9372
9373,9373
9374,9374
9375,9375
9376,9376
9377,9377
9378,9378
9379,9379
9380,9380
9381,9381
9382,9382
9383,9383
9384,9384
9385,9385
9386,9386
9387,9387
9388,9388
9389,9389
9390,9390
9391,9391
9392,9392
9393,9393
9394,9394
9395,9395
9396,9396
9397,9397
9398,9398
9399,9399
9400,9400
9401,9401
9402,9402
9403,9403
9404,9404
9405,9405
9406,9406
9407,9407
9408,9408
9409,9409
9410,9410
9411,9411
9412,9412
9413,9413
9414,9414
9415,9415
9416,9416
9417,9417
9418,9418
9419,9419
9420,9420
9421,9421
9422,9422
9423,9423
9424,9424
9425,9425
9426,9426
9427,9427
9428,9428
9429,9429
9430,9430
9431,9431
9432,9432
9433,9433
9434,9434
9435,9435
9436,9436
9437,9437
9438,9438
9439,9439
9440,9440
9441,9441
9442,9442
9443,9443
9444,9444
9445,9445
9446,9446
9447,9447
9448,9448
9449,9449
9450,9450
9451,9451
9452,9452
9453,9453
9454,9454
9455,9455
9456,9456
9457,9457
9458,9458
9459,9459
9460,9460
9461,9461
9462,9462
9463,9463
9464,9464
9465,9465
9466,9466
9467,9467
9468,9468
9469,9469
9470,9470
9471,9471
9472,9472
9473,9473
9474,9474
9475,9475
9476,9476
9477,9477
9478,9478
9479,9479
9480,9480
9481,9481
9482,9482
9483,9483
9484,9484
9485,9485
9486,9486
9487,9487
9488,9488
9489,9489
9490,9490
9491,9491
9492,9492
9493,9493
9494,9494
9495,9495
9496,9496
9497,9497
9498,9498
9499,9499
9500,9500
9501,9501
9502,9502
9503,9503
9504,9504
9505,9505
9506,9506
9507,9507
9508,9508
9509,9509
9510,9510
9511,9511
9512,9512
9513,9513
9514,9514
9515,9515
9516,9516
9517,9517
9518,9518
9519,9519
9520,9520
9521,9521
9522,9522
9523,9523
9524,9524
9525,9525
9526,9526
9527,9527
9528,9528
9529,9529
9530,9530
9531,9531
9532,9532
9533,9533
9534,9534
9535,9535
9536,9536
9537,9537
9538,9538
9539,9539
9540,9540
9541,9541
9542,9542
9543,9543
9544,9544
9545,9545
9546,9546
9547,9547
9548,9548
9549,9549
9550,9550
9551,9551
9552,9552
9553,9553
9554,9554
9555,9555
9556,9556
9557,9557
9558,9558
9559,9559
9560,9560
9561,9561
9562,9562
9563,9563
9564,9564
9565,9565
9566,9566
9567,9567
9568,9568
9569,9569
9570,9570
9571,9571
9572,9572
9573,9573
9574,9574
9575,9575
9576,9576
9577,9577
9578,9578
9579,9579
9580,9580
9581,9581
9582,9582
9583,9583
9584,9584
9585,9585
9586,9586
9587,9587
9588,9588
9589,9589
9590,9590
9591,9591
9592,9592
9593,9593
9594,9594
9595,9595
9596,9596
9597,9597
9598,9598
9599,9599
9600,9600
9601,9601
9602,9602
9603,9603
9604,9604
9605,9605
9606,9606
9607,9607
9608,9608
9609,9609
9610,9610
9611,9611
9612,9612
9613,9613
9614,9614
9615,9615
9616,9616
9617,9617
9618,9618
9619,9619
9620,9620
9621,9621
9622,9622
9623,9623
9624,9624
9625,9625
9626,9626
9627,9627
9628,9628
9629,9629
9630,9630
9631,9631
9632,9632
9633,9633
9634,9634
9635,9635
9636,9636
9637,9637
9638,9638
9639,9639
9640,9640
9641,9641
9642,9642
9643,9643
9644,9644
9645,9645
9646,9646
9647,9647
9648,9648
9649,9649
9650,9650
9651,9651
9652,9652
9653,9653
9654,9654
9655,9655
9656,9656
9657,9657
9658,9658
9659,9659
9660,9660
9661,9661
9662,9662
9663,9663
9664,9664
9665,9665
9666,9666
9667,9667
9668,9668
9669,9669
9670,9670
9671,9671
9672,9672
9673,9673
9674,9674
9675,9675
9676,9676
9677,9677
9678,9678
9679,9679
9680,9680
9681,9681
9682,9682
9683,9683
9684,9684
9685,9685
9686,9686
9687,9687
9688,9688
9689,9689
9690,9690
9691,9691
9692,9692
9693,9693
9694,9694
9695,9695
9696,9696
9697,9697
9698,9698
9699,9699
9700,9700
9701,9701
9702,9702
9703,9703
9704,9704
9705,9705
9706,9706
9707,9707
9708,9708
9709,9709
9710,9710
9711,9711
9712,9712
9713,9713
9714,9714
9715,9715
9716,9716
9717,9717
9718,9718
9719,9719
9720,9720
9721,9721
9722,9722
9723,9723
9724,9724
9725,9725
9726,9726
9727,9727
9728,9728
9729,9729
9730,9730
9731,9731
9732,9732
9733,9733
9734,9734
9735,9735
9736,9736
9737,9737
9738,9738
9739,9739
9740,9740
9741,9741
9742,9742
9743,9743
9744,9744
9745,9745
9746,9746
9747,9747
9748,9748
9749,9749
9750,9750
9751,9751
9752,9752
9753,9753
9754,9754
9755,9755
9756,9756
9757,9757
9758,9758
9759,9759
9760,9760
9761,9761
9762,9762
9763,9763
9764,9764
9765,9765
9766,9766
9767,9767
9768,9768
9769,9769
9770,9770
9771,9771
9772,9772
9773,9773
9774,9774
9775,9775
9776,9776
9777,9777
9778,9778
9779,9779
9780,9780
9781,9781
9782,9782
9783,9783
9784,9784
9785,9785
9786,9786
9787,9787
9788,9788
9789,9789
9790,9790
9791,9791
9792,9792
9793,9793
9794,9794
9795,9795
9796,9796
9797,9797
9798,9798
9799,9799
9800,9800
9801,9801
9802,9802
9803,9803
9804,9804
9805,9805
9806,9806
9807,9807
9808,9808
9809,9809
9810,9810
9811,9811
9812,9812
9813,9813
9814,9814
9815,9815
9816,9816
9817,9817
9818,9818
9819,9819
9820,9820
9821,9821
9822,9822
9823,9823
9824,9824
9825,9825
9826,9826
9827,9827
9828,9828
9829,9829
9830,9830
9831,9831
9832,9832
9833,9833
9834,9834
9835,9835
9836,9836
9837,9837
9838,9838
9839,9839
9840,9840
9841,9841
9842,9842
9843,9843
9844,9844
9845,9845
9846,9846
9847,9847
9848,9848
9849,9849
9850,9850
9851,9851
9852,9852
9853,9853
9854,9854
9855,9855
9856,9856
9857,9857
9858,9858
9859,9859
9860,9860
9861,9861
9862,9862
9863,9863
9864,9864
9865,9865
9866,9866
9867,9867
9868,9868
9869,9869
9870,9870
9871,9871
9872,9872
9873,9873
9874,9874
9875,9875
9876,9876
9877,9877
9878,9878
9879,9879
9880,9880
9881,9881
9882,9882
9883,9883
9884,9884
9885,9885
9886,9886
9887,9887
9888,9888
9889,9889
9890,9890
9891,9891
9892,9892
9893,9893
9894,9894
9895,9895
9896,9896
9897,9897
9898,9898
9899,9899
9900,9900
9901,9901
9902,9902
9903,9903
9904,9904
9905,9905
9906,9906
9907,9907
9908,9908
9909,9909
9910,9910
9911,9911
9912,9912
9913,9913
9914,9914
9915,9915
9916,9916
9917,9917
9918,9918
9919,9919
9920,9920
9921,9921
9922,9922
9923,9923
9924,9924
9925,9925
9926,9926
9927,9927
9928,9928
9929,9929
9930,9930
9931,9931
9932,9932
9933,9933
9934,9934
9935,9935
9936,9936
9937,9937
9938,9938
9939,9939
9940,9940
9941,9941
9942,9942
9943,9943
9944,9944
9945,9945
9946,9946
9947,9947
9948,9948
9949,9949
9950,9950
9951,9951
9952,9952
9953,9953
9954,9954
9955,9955
9956,9956
9957,9957
9958,9958
9959,9959
9960,9960
9961,9961
9962,9962
9963,9963
9964,9964
9965,9965
9966,9966
9967,9967
9968,9968
9969,9969
9970,9970
9971,9971
9972,9972
9973,9973
9974,9974
9975,9975
9976,9976
9977,9977
9978,9978
9979,9979
9980,9980
9981,9981
9982,9982
9983,9983
9984,9984
9985,9985
9986,9986
9987,9987
9988,9988
9989,9989
9990,9990
9991,9991
9992,9992
9993,9993
9994,9994
9995,9995
9996,9996
9997,9997
9998,9998
9999,9999
10000,10000
10001,10001
10002,10002
10003,10003
10004,10004
10005,10005
10006,10006
10007,10007
10008,10008
10009,10009
10010,10010
10011,10011
10012,10012
10013,10013
10014,10014
10015,10015
10016,10016
10017,10017
10018,10018
10019,10019
10020,10020
10021,10021
10022,10022
10023,10023
10024,10024
10025,10025
10026,10026
10027,10027
10028,10028
10029,10029
10030,10030
10031,10031
10032,10032
10033,10033
10034,10034
10035,10035
10036,10036
10037,10037
10038,10038
10039,10039
10040,10040
10041,10041
10042,10042
10043,10043
10044,10044
10045,10045
10046,10046
10047,10047
10048,10048
10049,10049
10050,10050
10051,10051
10052,10052
10053,10053
10054,10054
10055,10055
10056,10056
10057,10057
10058,10058
10059,10059
10060,10060
10061,10061
10062,10062
10063,10063
10064,10064
10065,10065
10066,10066
10067,10067
10068,10068
10069,10069
10070,10070
10071,10071
10072,10072
10073,10073
10074,10074
10075,10075
10076,10076
10077,10077
10078,10078
10079,10079
10080,10080
10081,10081
10082,10082
10083,10083
10084,10084
10085,10085
10086,10086
10087,10087
10088,10088
10089,10089
10090,10090
10091,10091
10092,10092
10093,10093
10094,10094
10095,10095
10096,10096
10097,10097
10098,10098
10099,10099
10100,10100
10101,10101
10102,10102
10103,10103
10104,10104
10105,10105
10106,10106
10107,10107
10108,10108
10109,10109
10110,10110
10111,10111
10112,10112
10113,10113
10114,10114
10115,10115
10116,10116
10117,10117
10118,10118
10119,10119
10120,10120
10121,10121
10122,10122
10123,10123
10124,10124
10125,10125
10126,10126
10127,10127
10128,10128
10129,10129
10130,10130
10131,10131
10132,10132
10133,10133
10134,10134
10135,10135
10136,10136
10137,10137
10138,10138
10139,10139
10140,10140
10141,10141
10142,10142
10143,10143
10144,10144
10145,10145
10146,10146
10147,10147
10148,10148
10149,10149
10150,10150
10151,10151
10152,10152
10153,10153
10154,10154
10155,10155
10156,10156
10157,10157
10158,10158
10159,10159
10160,10160
10161,10161
10162,10162
10163,10163
10164,10164
10165,10165
10166,10166
10167,10167
10168,10168
10169,10169
10170,10170
10171,10171
10172,10172
10173,10173
10174,10174
10175,10175
10176,10176
10177,10177
10178,10178
10179,10179
10180,10180
10181,10181
10182,10182
10183,10183
10184,10184
10185,10185
10186,10186
10187,10187
10188,10188
10189,10189
10190,10190
10191,10191
10192,10192
10193,10193
10194,10194
10195,10195
10196,10196
10197,10197
10198,10198
10199,10199
10200,10200
10201,10201
10202,10202
10203,10203
10204,10204
10205,10205
10206,10206
10207,10207
10208,10208
10209,10209
10210,10210
10211,10211
10212,10212
10213,10213
10214,10214
10215,10215
10216,10216
10217,10217
10218,10218
10219,10219
10220,10220
10221,10221
10222,10222
10223,10223
10224,10224
10225,10225
10226,10226
10227,10227
10228,10228
10229,10229
10230,10230
10231,10231
10232,10232
10233,10233
10234,10234
10235,10235
10236,10236
10237,10237
10238,10238
10239,10239
10240,10240
10241,10241
10242,10242
10243,10243
10244,10244
10245,10245
10246,10246
10247,10247
10248,10248
10249,10249
10250,10250
10251,10251
10252,10252
10253,10253
10254,10254
10255,10255
10256,10256
10257,10257
10258,10258
10259,10259
10260,10260
10261,10261
10262,10262
10263,10263
10264,10264
10265,10265
10266,10266
10267,10267
10268,10268
10269,10269
10270,10270
10271,10271
10272,10272
10273,10273
10274,10274
10275,10275
10276,10276
10277,10277
10278,10278
10279,10279
10280,10280
10281,10281
10282,10282
10283,10283
10284,10284
10285,10285
10286,10286
10287,10287
10288,10288
10289,10289
10290,10290
10291,10291
10292,10292
10293,10293
10294,10294
10295,10295
10296,10296
10297,10297
10298,10298
10299,10299
10300,10300
10301,10301
10302,10302
10303,10303
10304,10304
10305,10305
10306,10306
10307,10307
10308,10308
10309,10309
10310,10310
10311,10311
10312,10312
10313,10313
10314,10314
10315,10315
10316,10316
10317,10317
10318,10318
10319,10319
10320,10320
10321,10321
10322,10322
10323,10323
10324,10324
10325,10325
10326,10326
10327,10327
10328,10328
10329,10329
10330,10330
10331,10331
10332,10332
10333,10333
10334,10334
10335,10335
10336,10336
10337,10337
10338,10338
10339,10339
10340,10340
10341,10341
10342,10342
10343,10343
10344,10344
10345,10345
10346,10346
10347,10347
10348,10348
10349,10349
10350,10350
10351,10351
10352,10352
10353,10353
10354,10354
10355,10355
10356,10356
10357,10357
10358,10358
10359,10359
10360,10360
10361,10361
10362,10362
10363,10363
10364,10364
10365,10365
10366,10366
10367,10367
10368,10368
10369,10369
10370,10370
10371,10371
10372,10372
10373,10373
10374,10374
10375,10375
10376,10376
10377,10377
10378,10378
10379,10379
10380,10380
10381,10381
10382,10382
10383,10383
10384,10384
10385,10385
10386,10386
10387,10387
10388,10388
10389,10389
10390,10390
10391,10391
10392,10392
10393,10393
10394,10394
10395,10395
10396,10396
10397,10397
10398,10398
10399,10399
10400,10400
10401,10401
10402,10402
10403,10403
10404,10404
10405,10405
10406,10406
10407,10407
10408,10408
10409,10409
10410,10410
10411,10411
10412,10412
10413,10413
10414,10414
10415,10415
10416,10416
10417,10417
10418,10418
10419,10419
10420,10420
10421,10421
10422,10422
10423,10423
10424,10424
10425,10425
10426,10426
10427,10427
10428,10428
10429,10429
10430,10430
10431,10431
10432,10432
10433,10433
10434,10434
10435,10435
10436,10436
10437,10437
10438,10438
10439,10439
10440,10440
10441,10441
10442,10442
10443,10443
10444,10444
10445,10445
10446,10446
10447,10447
10448,10448
10449,10449
10450,10450
10451,10451
10452,10452
10453,10453
10454,10454
10455,10455
10456,10456
10457,10457
10458,10458
10459,10459
10460,10460
10461,10461
10462,10462
10463,10463
10464,10464
10465,10465
10466,10466
10467,10467
10468,10468
10469,10469
10470,10470
10471,10471
10472,10472
10473,10473
10474,10474
10475,10475
10476,10476
10477,10477
10478,10478
10479,10479
10480,10480
10481,10481
10482,10482
10483,10483
10484,10484
10485,10485
10486,10486
10487,10487
10488,10488
10489,10489
10490,10490
10491,10491
10492,10492
10493,10493
10494,10494
10495,10495
10496,10496
10497,10497
10498,10498
10499,10499
10500,10500
10501,10501
10502,10502
10503,10503
10504,10504
10505,10505
10506,10506
10507,10507
10508,10508
10509,10509
10510,10510
10511,10511
10512,10512
10513,10513
10514,10514
10515,10515
10516,10516
10517,10517
10518,10518
10519,10519
10520,10520
10521,10521
10522,10522
10523,10523
10524,10524
10525,10525
10526,10526
10527,10527
10528,10528
10529,10529
10530,10530
10531,10531
10532,10532
10533,10533
10534,10534
10535,10535
10536,10536
10537,10537
10538,10538
10539,10539
10540,10540
10541,10541
10542,10542
10543,10543
10544,10544
10545,10545
10546,10546
10547,10547
10548,10548
10549,10549
10550,10550
10551,10551
10552,10552
10553,10553
10554,10554
10555,10555
10556,10556
10557,10557
10558,10558
10559,10559
10560,10560
10561,10561
10562,10562
10563,10563
10564,10564
10565,10565
10566,10566
10567,10567
10568,10568
10569,10569
10570,10570
10571,10571
10572,10572
10573,10573
10574,10574
10575,10575
10576,10576
10577,10577
10578,10578
10579,10579
10580,10580
10581,10581
10582,10582
10583,10583
10584,10584
10585,10585
10586,10586
10587,10587
10588,10588
10589,10589
10590,10590
10591,10591
10592,10592
10593,10593
10594,10594
10595,10595
10596,10596
10597,10597
10598,10598
10599,10599
10600,10600
10601,10601
10602,10602
10603,10603
10604,10604
10605,10605
10606,10606
10607,10607
10608,10608
10609,10609
10610,10610
10611,10611
10612,10612
10613,10613
10614,10614
10615,10615
10616,10616
10617,10617
10618,10618
10619,10619
10620,10620
10621,10621
10622,10622
10623,10623
10624,10624
10625,10625
10626,10626
10627,10627
10628,10628
10629,10629
10630,10630
10631,10631
10632,10632
10633,10633
10634,10634
10635,10635
10636,10636
10637,10637
10638,10638
10639,10639
10640,10640
10641,10641
10642,10642
10643,10643
10644,10644
10645,10645
10646,10646
10647,10647
10648,10648
10649,10649
10650,10650
10651,10651
10652,10652
10653,10653
10654,10654
10655,10655
10656,10656
10657,10657
10658,10658
10659,10659
10660,10660
10661,10661
10662,10662
10663,10663
10664,10664
10665,10665
10666,10666
10667,10667
10668,10668
10669,10669
10670,10670
10671,10671
10672,10672
10673,10673
10674,10674
10675,10675
10676,10676
10677,10677
10678,10678
10679,10679
10680,10680
10681,10681
10682,10682
10683,10683
10684,10684
10685,10685
10686,10686
10687,10687
10688,10688
10689,10689
10690,10690
10691,10691
10692,10692
10693,10693
10694,10694
10695,10695
10696,10696
10697,10697
10698,10698
10699,10699
10700,10700
10701,10701
10702,10702
10703,10703
10704,10704
10705,10705
10706,10706
10707,10707
10708,10708
10709,10709
10710,10710
10711,10711
10712,10712
10713,10713
10714,10714
10715,10715
10716,10716
10717,10717
10718,10718
10719,10719
10720,10720
10721,10721
10722,10722
10723,10723
10724,10724
10725,10725
10726,10726
10727,10727
10728,10728
10729,10729
10730,10730
10731,10731
10732,10732
10733,10733
10734,10734
10735,10735
10736,10736
10737,10737
10738,10738
10739,10739
10740,10740
10741,10741
10742,10742
10743,10743
10744,10744
10745,10745
10746,10746
10747,10747
10748,10748
10749,10749
10750,10750
10751,10751
10752,10752
10753,10753
10754,10754
10755,10755
10756,10756
10757,10757
10758,10758
10759,10759
10760,10760
10761,10761
10762,10762
10763,10763
10764,10764
10765,10765
10766,10766
10767,10767
10768,10768
10769,10769
10770,10770
10771,10771
10772,10772
10773,10773
10774,10774
10775,10775
10776,10776
10777,10777
10778,10778
10779,10779
10780,10780
10781,10781
10782,10782
10783,10783
10784,10784
10785,10785
10786,10786
10787,10787
10788,10788
10789,10789
10790,10790
10791,10791
10792,10792
10793,10793
10794,10794
10795,10795
10796,10796
10797,10797
10798,10798
10799,10799
10800,10800
10801,10801
10802,10802
10803,10803
10804,10804
10805,10805
10806,10806
10807,10807
10808,10808
10809,10809
10810,10810
10811,10811
10812,10812
10813,10813
10814,10814
10815,10815
10816,10816
10817,10817
10818,10818
10819,10819
10820,10820
10821,10821
10822,10822
10823,10823
10824,10824
10825,10825
10826,10826
10827,10827
10828,10828
10829,10829
10830,10830
10831,10831
10832,10832
10833,10833
10834,10834
10835,10835
10836,10836
10837,10837
10838,10838
10839,10839
10840,10840
10841,10841
10842,10842
10843,10843
10844,10844
10845,10845
10846,10846
10847,10847
10848,10848
10849,10849
10850,10850
10851,10851
10852,10852
10853,10853
10854,10854
10855,10855
10856,10856
10857,10857
10858,10858
10859,10859
10860,10860
10861,10861
10862,10862
10863,10863
10864,10864
10865,10865
10866,10866
10867,10867
10868,10868
10869,10869
10870,10870
10871,10871
10872,10872
10873,10873
10874,10874
10875,10875
10876,10876
10877,10877
10878,10878
10879,10879
10880,10880
10881,10881
10882,10882
10883,10883
10884,10884
10885,10885
10886,10886
10887,10887
10888,10888
10889,10889
10890,10890
10891,10891
10892,10892
10893,10893
10894,10894
10895,10895
10896,10896
10897,10897
10898,10898
10899,10899
10900,10900
10901,10901
10902,10902
10903,10903
10904,10904
10905,10905
10906,10906
10907,10907
10908,10908
10909,10909
10910,10910
10911,10911
10912,10912
10913,10913
10914,10914
10915,10915
10916,10916
10917,10917
10918,10918
10919,10919
10920,10920
10921,10921
10922,10922
10923,10923
10924,10924
10925,10925
10926,10926
10927,10927
10928,10928
10929,10929
10930,10930
10931,10931
10932,10932
10933,10933
10934,10934
10935,10935
10936,10936
10937,10937
10938,10938
10939,10939
10940,10940
10941,10941
10942,10942
10943,10943
10944,10944
10945,10945
10946,10946
10947,10947
10948,10948
10949,10949
10950,10950
10951,10951
10952,10952
10953,10953
10954,10954
10955,10955
10956,10956
10957,10957
10958,10958
10959,10959
10960,10960
10961,10961
10962,10962
10963,10963
10964,10964
10965,10965
10966,10966
10967,10967
10968,10968
10969,10969
10970,10970
10971,10971
10972,10972
10973,10973
10974,10974
10975,10975
10976,10976
10977,10977
10978,10978
10979,10979
10980,10980
10981,10981
10982,10982
10983,10983
10984,10984
10985,10985
10986,10986
10987,10987
10988,10988
10989,10989
10990,10990
10991,10991
10992,10992
10993,10993
10994,10994
10995,10995
10996,10996
10997,10997
10998,10998
10999,10999
11000,11000
11001,11001
11002,11002
11003,11003
11004,11004
11005,11005
11006,11006
11007,11007
11008,11008
11009,11009
11010,11010
11011,11011
11012,11012
11013,11013
11014,11014
11015,11015
11016,11016
11017,11017
11018,11018
11019,11019
11020,11020
11021,11021
11022,11022
11023,11023
11024,11024
11025,11025
11026,11026
11027,11027
11028,11028
11029,11029
11030,11030
11031,11031
11032,11032
11033,11033
11034,11034
11035,11035
11036,11036
11037,11037
11038,11038
11039,11039
11040,11040
11041,11041
11042,11042
11043,11043
11044,11044
11045,11045
11046,11046
11047,11047
11048,11048
11049,11049
11050,11050
11051,11051
11052,11052
11053,11053
11054,11054
11055,11055
11056,11056
11057,11057
11058,11058
11059,11059
11060,11060
11061,11061
11062,11062
11063,11063
11064,11064
11065,11065
11066,11066
11067,11067
11068,11068
11069,11069
11070,11070
11071,11071
11072,11072
11073,11073
11074,11074
11075,11075
11076,11076
11077,11077
11078,11078
11079,11079
11080,11080
11081,11081
11082,11082
11083,11083
11084,11084
11085,11085
11086,11086
11087,11087
11088,11088
11089,11089
11090,11090
11091,11091
11092,11092
11093,11093
11094,11094
11095,11095
11096,11096
11097,11097
11098,11098
11099,11099
11100,11100
11101,11101
11102,11102
11103,11103
11104,11104
11105,11105
11106,11106
11107,11107
11108,11108
11109,11109
11110,11110
11111,11111
11112,11112
11113,11113
11114,11114
11115,11115
11116,11116
11117,11117
11118,11118
11119,11119
11120,11120
11121,11121
11122,11122
11123,11123
11124,11124
11125,11125
11126,11126
11127,11127
11128,11128
11129,11129
11130,11130
11131,11131
11132,11132
11133,11133
11134,11134
11135,11135
11136,11136
11137,11137
11138,11138
11139,11139
11140,11140
11141,11141
11142,11142
11143,11143
11144,11144
11145,11145
11146,11146
11147,11147
11148,11148
11149,11149
11150,11150
11151,11151
11152,11152
11153,11153
11154,11154
11155,11155
11156,11156
11157,11157
11158,11158
11159,11159
11160,11160
11161,11161
11162,11162
11163,11163
11164,11164
11165,11165
11166,11166
11167,11167
11168,11168
11169,11169
11170,11170
11171,11171
11172,11172
11173,11173
11174,11174
11175,11175
11176,11176
11177,11177
11178,11178
11179,11179
11180,11180
11181,11181
11182,11182
11183,11183
11184,11184
11185,11185
11186,11186
11187,11187
11188,11188
11189,11189
11190,11190
11191,11191
11192,11192
11193,11193
11194,11194
11195,11195
11196,11196
11197,11197
11198,11198
11199,11199
11200,11200
11201,11201
11202,11202
11203,11203
11204,11204
11205,11205
11206,11206
11207,11207
11208,11208
11209,11209
11210,11210
11211,11211
11212,11212
11213,11213
11214,11214
11215,11215
11216,11216
11217,11217
11218,11218
11219,11219
11220,11220
11221,11221
11222,11222
11223,11223
11224,11224
11225,11225
11226,11226
11227,11227
11228,11228
11229,11229
11230,11230
11231,11231
11232,11232
11233,11233
11234,11234
11235,11235
11236,11236
11237,11237
11238,11238
11239,11239
11240,11240
11241,11241
11242,11242
11243,11243
11244,11244
11245,11245
11246,11246
11247,11247
11248,11248
11249,11249
11250,11250
11251,11251
11252,11252
11253,11253
11254,11254
11255,11255
11256,11256
11257,11257
11258,11258
11259,11259
11260,11260
11261,11261
11262,11262
11263,11263
11264,11264
11265,11265
11266,11266
11267,11267
11268,11268
11269,11269
11270,11270
11271,11271
11272,11272
11273,11273
11274,11274
11275,11275
11276,11276
11277,11277
11278,11278
11279,11279
11280,11280
11281,11281
11282,11282
11283,11283
11284,11284
11285,11285
11286,11286
11287,11287
11288,11288
11289,11289
11290,11290
11291,11291
11292,11292
11293,11293
11294,11294
11295,11295
11296,11296
11297,11297
11298,11298
11299,11299
11300,11300
11301,11301
11302,11302
11303,11303
11304,11304
11305,11305
11306,11306
11307,11307
11308,11308
11309,11309
11310,11310
11311,11311
11312,11312
11313,11313
11314,11314
11315,11315
11316,11316
11317,11317
11318,11318
11319,11319
11320,11320
11321,11321
11322,11322
11323,11323
11324,11324
11325,11325
11326,11326
11327,11327
11328,11328
11329,11329
11330,11330
11331,11331
11332,11332
11333,11333
11334,11334
11335,11335
11336,11336
11337,11337
11338,11338
11339,11339
11340,11340
11341,11341
11342,11342
11343,11343
11344,11344
11345,11345
11346,11346
11347,11347
11348,11348
11349,11349
11350,11350
11351,11351
11352,11352
11353,11353
11354,11354
11355,11355
11356,11356
11357,11357
11358,11358
11359,11359
11360,11360
11361,11361
11362,11362
11363,11363
11364,11364
11365,11365
11366,11366
11367,11367
11368,11368
11369,11369
11370,11370
11371,11371
11372,11372
11373,11373
11374,11374
11375,11375
11376,11376
11377,11377
11378,11378
11379,11379
11380,11380
11381,11381
11382,11382
11383,11383
11384,11384
11385,11385
11386,11386
11387,11387
11388,11388
11389,11389
11390,11390
11391,11391
11392,11392
11393,11393
11394,11394
11395,11395
11396,11396
11397,11397
11398,11398
11399,11399
11400,11400
11401,11401
11402,11402
11403,11403
11404,11404
11405,11405
11406,11406
11407,11407
11408,11408
11409,11409
11410,11410
11411,11411
11412,11412
11413,11413
11414,11414
11415,11415
11416,11416
11417,11417
11418,11418
11419,11419
11420,11420
11421,11421
11422,11422
11423,11423
11424,11424
11425,11425
11426,11426
11427,11427
11428,11428
11429,11429
11430,11430
11431,11431
11432,11432
11433,11433
11434,11434
11435,11435
11436,11436
11437,11437
11438,11438
11439,11439
11440,11440
11441,11441
11442,11442
11443,11443
11444,11444
11445,11445
11446,11446
11447,11447
11448,11448
11449,11449
11450,11450
11451,11451
11452,11452
11453,11453
11454,11454
11455,11455
11456,11456
11457,11457
11458,11458
11459,11459
11460,11460
11461,11461
11462,11462
11463,11463
11464,11464
11465,11465
11466,11466
11467,11467
11468,11468
11469,11469
11470,11470
11471,11471
11472,11472
11473,11473
11474,11474
11475,11475
11476,11476
11477,11477
11478,11478
11479,11479
11480,11480
11481,11481
11482,11482
11483,11483
11484,11484
11485,11485
11486,11486
11487,11487
11488,11488
11489,11489
11490,11490
11491,11491
11492,11492
11493,11493
11494,11494
11495,11495
11496,11496
11497,11497
11498,11498
11499,11499
11500,11500
11501,11501
11502,11502
11503,11503
11504,11504
11505,11505
11506,11506
11507,11507
11508,11508
11509,11509
11510,11510
11511,11511
11512,11512
11513,11513
11514,11514
11515,11515
11516,11516
11517,11517
11518,11518
11519,11519
11520,11520
11521,11521
11522,11522
11523,11523
11524,11524
11525,11525
11526,11526
11527,11527
11528,11528
11529,11529
11530,11530
11531,11531
11532,11532
11533,11533
11534,11534
11535,11535
11536,11536
11537,11537
11538,11538
11539,11539
11540,11540
11541,11541
11542,11542
11543,11543
11544,11544
11545,11545
11546,11546
11547,11547
11548,11548
11549,11549
11550,11550
11551,11551
11552,11552
11553,11553
11554,11554
11555,11555
11556,11556
11557,11557
11558,11558
11559,11559
11560,11560
11561,11561
11562,11562
11563,11563
11564,11564
11565,11565
11566,11566
11567,11567
11568,11568
11569,11569
11570,11570
11571,11571
11572,11572
11573,11573
11574,11574
11575,11575
11576,11576
11577,11577
11578,11578
11579,11579
11580,11580
11581,11581
11582,11582
11583,11583
11584,11584
11585,11585
11586,11586
11587,11587
11588,11588
11589,11589
11590,11590
11591,11591
11592,11592
11593,11593
11594,11594
11595,11595
11596,11596
11597,11597
11598,11598
11599,11599
11600,11600
11601,11601
11602,11602
11603,11603
11604,11604
11605,11605
11606,11606
11607,11607
11608,11608
11609,11609
11610,11610
11611,11611
11612,11612
11613,11613
11614,11614
11615,11615
11616,11616
11617,11617
11618,11618
11619,11619
11620,11620
11621,11621
11622,11622
11623,11623
11624,11624
11625,11625
11626,11626
11627,11627
11628,11628
11629,11629
11630,11630
11631,11631
11632,11632
11633,11633
11634,11634
11635,11635
11636,11636
11637,11637
11638,11638
11639,11639
11640,11640
11641,11641
11642,11642
11643,11643
11644,11644
11645,11645
11646,11646
11647,11647
11648,11648
11649,11649
11650,11650
11651,11651
11652,11652
11653,11653
11654,11654
11655,11655
11656,11656
11657,11657
11658,11658
11659,11659
11660,11660
11661,11661
11662,11662
11663,11663
11664,11664
11665,11665
11666,11666
11667,11667
11668,11668
11669,11669
11670,11670
11671,11671
11672,11672
11673,11673
11674,11674
11675,11675
11676,11676
11677,11677
11678,11678
11679,11679
11680,11680
11681,11681
11682,11682
11683,11683
11684,11684
11685,11685
11686,11686
11687,11687
11688,11688
11689,11689
11690,11690
11691,11691
11692,11692
11693,11693
11694,11694
11695,11695
11696,11696
11697,11697
11698,11698
11699,11699
11700,11700
11701,11701
11702,11702
11703,11703
11704,11704
11705,11705
11706,11706
11707,11707
11708,11708
11709,11709
11710,11710
11711,11711
11712,11712
11713,11713
11714,11714
11715,11715
11716,11716
11717,11717
11718,11718
11719,11719
11720,11720
11721,11721
11722,11722
11723,11723
11724,11724
11725,11725
11726,11726
11727,11727
11728,11728
11729,11729
11730,11730
11731,11731
11732,11732
11733,11733
11734,11734
11735,11735
11736,11736
11737,11737
11738,11738
11739,11739
11740,11740
11741,11741
11742,11742
11743,11743
11744,11744
11745,11745
11746,11746
11747,11747
11748,11748
11749,11749
11750,11750
11751,11751
11752,11752
11753,11753
11754,11754
11755,11755
11756,11756
11757,11757
11758,11758
11759,11759
11760,11760
11761,11761
11762,11762
11763,11763
11764,11764
11765,11765
11766,11766
11767,11767
11768,11768
11769,11769
11770,11770
11771,11771
11772,11772
11773,11773
11774,11774
11775,11775
11776,11776
11777,11777
11778,11778
11779,11779
11780,11780
11781,11781
11782,11782
11783,11783
11784,11784
11785,11785
11786,11786
11787,11787
11788,11788
11789,11789
11790,11790
11791,11791
11792,11792
11793,11793
11794,11794
11795,11795
11796,11796
11797,11797
11798,11798
11799,11799
11800,11800
11801,11801
11802,11802
11803,11803
11804,11804
11805,11805
11806,11806
11807,11807
11808,11808
11809,11809
11810,11810
11811,11811
11812,11812
11813,11813
11814,11814
11815,11815
11816,11816
11817,11817
11818,11818
11819,11819
11820,11820
11821,11821
11822,11822
11823,11823
11824,11824
11825,11825
11826,11826
11827,11827
11828,11828
11829,11829
11830,11830
11831,11831
11832,11832
11833,11833
11834,11834
11835,11835
11836,11836
11837,11837
11838,11838
11839,11839
11840,11840
11841,11841
11842,11842
11843,11843
11844,11844
11845,11845
11846,11846
11847,11847
11848,11848
11849,11849
11850,11850
11851,11851
11852,11852
11853,11853
11854,11854
11855,11855
11856,11856
11857,11857
11858,11858
11859,11859
11860,11860
11861,11861
11862,11862
11863,11863
11864,11864
11865,11865
11866,11866
11867,11867
11868,11868
11869,11869
11870,11870
11871,11871
11872,11872
11873,11873
11874,11874
11875,11875
11876,11876
11877,11877
11878,11878
11879,11879
11880,11880
11881,11881
11882,11882
11883,11883
11884,11884
11885,11885
11886,11886
11887,11887
11888,11888
11889,11889
11890,11890
11891,11891
11892,11892
11893,11893
11894,11894
11895,11895
11896,11896
11897,11897
11898,11898
11899,11899
11900,11900
11901,11901
11902,11902
11903,11903
11904,11904
11905,11905
11906,11906
11907,11907
11908,11908
11909,11909
11910,11910
11911,11911
11912,11912
11913,11913
11914,11914
11915,11915
11916,11916
11917,11917
11918,11918
11919,11919
11920,11920
11921,11921
11922,11922
11923,11923
11924,11924
11925,11925
11926,11926
11927,11927
11928,11928
11929,11929
11930,11930
11931,11931
11932,11932
11933,11933
11934,11934
11935,11935
11936,11936
11937,11937
11938,11938
11939,11939
11940,11940
11941,11941
11942,11942
11943,11943
11944,11944
11945,11945
11946,11946
11947,11947
11948,11948
11949,11949
11950,11950
11951,11951
11952,11952
11953,11953
11954,11954
11955,11955
11956,11956
11957,11957
11958,11958
11959,11959
11960,11960
11961,11961
11962,11962
11963,11963
11964,11964
11965,11965
11966,11966
11967,11967
11968,11968
11969,11969
11970,11970
11971,11971
11972,11972
11973,11973
11974,11974
11975,11975
11976,11976
11977,11977
11978,11978
11979,11979
11980,11980
11981,11981
11982,11982
11983,11983
11984,11984
11985,11985
11986,11986
11987,11987
11988,11988
11989,11989
11990,11990
11991,11991
11992,11992
11993,11993
11994,11994
11995,11995
11996,11996
11997,11997
11998,11998
11999,11999
12000,12000
12001,12001
12002,12002
12003,12003
12004,12004
12005,12005
12006,12006
12007,12007
12008,12008
12009,12009
12010,12010
12011,12011
12012,12012
12013,12013
12014,12014
12015,12015
12016,12016
12017,12017
12018,12018
12019,12019
12020,12020
12021,12021
12022,12022
12023,12023
12024,12024
12025,12025
12026,12026
12027,12027
12028,12028
12029,12029
12030,12030
12031,12031
12032,12032
12033,12033
12034,12034
12035,12035
12036,12036
12037,12037
12038,12038
12039,12039
12040,12040
12041,12041
12042,12042
12043,12043
12044,12044
12045,12045
12046,12046
12047,12047
12048,12048
12049,12049
12050,12050
12051,12051
12052,12052
12053,12053
12054,12054
12055,12055
12056,12056
12057,12057
12058,12058
12059,12059
12060,12060
12061,12061
12062,12062
12063,12063
12064,12064
12065,12065
12066,12066
12067,12067
12068,12068
12069,12069
12070,12070
12071,12071
12072,12072
12073,12073
12074,12074
12075,12075
12076,12076
12077,12077
12078,12078
12079,12079
12080,12080
12081,12081
12082,12082
12083,12083
12084,12084
12085,12085
12086,12086
12087,12087
12088,12088
12089,12089
12090,12090
12091,12091
12092,12092
12093,12093
12094,12094
12095,12095
12096,12096
12097,12097
12098,12098
12099,12099
12100,12100
12101,12101
12102,12102
12103,12103
12104,12104
12105,12105
12106,12106
12107,12107
12108,12108
12109,12109
12110,12110
12111,12111
12112,12112
12113,12113
12114,12114
12115,12115
12116,12116
12117,12117
12118,12118
12119,12119
12120,12120
12121,12121
12122,12122
12123,12123
12124,12124
12125,12125
12126,12126
12127,12127
12128,12128
12129,12129
12130,12130
12131,12131
12132,12132
12133,12133
12134,12134
12135,12135
12136,12136
12137,12137
12138,12138
12139,12139
12140,12140
12141,12141
12142,12142
12143,12143
12144,12144
12145,12145
12146,12146
12147,12147
12148,12148
12149,12149
12150,12150
12151,12151
12152,12152
12153,12153
12154,12154
12155,12155
12156,12156
12157,12157
12158,12158
12159,12159
12160,12160
12161,12161
12162,12162
12163,12163
12164,12164
12165,12165
12166,12166
12167,12167
12168,12168
12169,12169
12170,12170
12171,12171
12172,12172
12173,12173
12174,12174
12175,12175
12176,12176
12177,12177
12178,12178
12179,12179
12180,12180
12181,12181
12182,12182
12183,12183
12184,12184
12185,12185
12186,12186
12187,12187
12188,12188
12189,12189
12190,12190
12191,12191
12192,12192
12193,12193
12194,12194
12195,12195
12196,12196
12197,12197
12198,12198
12199,12199
12200,12200
12201,12201
12202,12202
12203,12203
12204,12204
12205,12205
12206,12206
12207,12207
12208,12208
12209,12209
12210,12210
12211,12211
12212,12212
12213,12213
12214,12214
12215,12215
12216,12216
12217,12217
12218,12218
12219,12219
12220,12220
12221,12221
12222,12222
12223,12223
12224,12224
12225,12225
12226,12226
12227,12227
12228,12228
12229,12229
12230,12230
12231,12231
12232,12232
12233,12233
12234,12234
12235,12235
12236,12236
12237,12237
12238,12238
12239,12239
12240,12240
12241,12241
12242,12242
12243,12243
12244,12244
12245,12245
12246,12246
12247,12247
12248,12248
12249,12249
12250,12250
12251,12251
12252,12252
12253,12253
12254,12254
12255,12255
12256,12256
12257,12257
12258,12258
12259,12259
12260,12260
12261,12261
12262,12262
12263,12263
12264,12264
12265,12265
12266,12266
12267,12267
12268,12268
12269,12269
12270,12270
12271,12271
12272,12272
12273,12273
12274,12274
12275,12275
12276,12276
12277,12277
12278,12278
12279,12279
12280,12280
12281,12281
12282,12282
12283,12283
12284,12284
12285,12285
12286,12286
12287,12287
12288,12288
12289,12289
12290,12290
12291,12291
12292,12292
12293,12293
12294,12294
12295,12295
12296,12296
12297,12297
12298,12298
12299,12299
12300,12300
12301,12301
12302,12302
12303,12303
12304,12304
12305,12305
12306,12306
12307,12307
12308,12308
12309,12309
12310,12310
12311,12311
12312,12312
12313,12313
12314,12314
12315,12315
12316,12316
12317,12317
12318,12318
12319,12319
12320,12320
12321,12321
12322,12322
12323,12323
12324,12324
12325,12325
12326,12326
12327,12327
12328,12328
12329,12329
12330,12330
12331,12331
12332,12332
12333,12333
12334,12334
12335,12335
12336,12336
12337,12337
12338,12338
12339,12339
12340,12340
12341,12341
12342,12342
12343,12343
12344,12344
12345,12345
12346,12346
12347,12347
12348,12348
12349,12349
12350,12350
12351,12351
12352,12352
12353,12353
12354,12354
12355,12355
12356,12356
12357,12357
12358,12358
12359,12359
12360,12360
12361,12361
12362,12362
12363,12363
12364,12364
12365,12365
12366,12366
12367,12367
12368,12368
12369,12369
12370,12370
12371,12371
12372,12372
12373,12373
12374,12374
12375,12375
12376,12376
12377,12377
12378,12378
12379,12379
12380,12380
12381,12381
12382,12382
12383,12383
12384,12384
12385,12385
12386,12386
12387,12387
12388,12388
12389,12389
12390,12390
12391,12391
12392,12392
12393,12393
12394,12394
12395,12395
12396,12396
12397,12397
12398,12398
12399,12399
12400,12400
12401,12401
12402,12402
12403,12403
12404,12404
12405,12405
12406,12406
12407,12407
12408,12408
12409,12409
12410,12410
12411,12411
12412,12412
12413,12413
12414,12414
12415,12415
12416,12416
12417,12417
12418,12418
12419,12419
12420,12420
12421,12421
12422,12422
12423,12423
12424,12424
12425,12425
12426,12426
12427,12427
12428,12428
12429,12429
12430,12430
12431,12431
12432,12432
12433,12433
12434,12434
12435,12435
12436,12436
12437,12437
12438,12438
12439,12439
12440,12440
12441,12441
12442,12442
12443,12443
12444,12444
12445,12445
12446,12446
12447,12447
12448,12448
12449,12449
12450,12450
12451,12451
12452,12452
12453,12453
12454,12454
12455,12455
12456,12456
12457,12457
12458,12458
12459,12459
12460,12460
12461,12461
12462,12462
12463,12463
12464,12464
12465,12465
12466,12466
12467,12467
12468,12468
12469,12469
12470,12470
12471,12471
12472,12472
12473,12473
12474,12474
12475,12475
12476,12476
12477,12477
12478,12478
12479,12479
12480,12480
12481,12481
12482,12482
12483,12483
12484,12484
12485,12485
12486,12486
12487,12487
12488,12488
12489,12489
12490,12490
12491,12491
12492,12492
12493,12493
12494,12494
12495,12495
12496,12496
12497,12497
12498,12498
12499,12499
12500,12500
12501,12501
12502,12502
12503,12503
12504,12504
12505,12505
12506,12506
12507,12507
12508,12508
12509,12509
12510,12510
12511,12511
12512,12512
12513,12513
12514,12514
12515,12515
12516,12516
12517,12517
12518,12518
12519,12519
12520,12520
12521,12521
12522,12522
12523,12523
12524,12524
12525,12525
12526,12526
12527,12527
12528,12528
12529,12529
12530,12530
12531,12531
12532,12532
12533,12533
12534,12534
12535,12535
12536,12536
12537,12537
12538,12538
12539,12539
12540,12540
12541,12541
12542,12542
12543,12543
12544,12544
12545,12545
12546,12546
12547,12547
12548,12548
12549,12549
12550,12550
12551,12551
12552,12552
12553,12553
12554,12554
12555,12555
12556,12556
12557,12557
12558,12558
12559,12559
12560,12560
12561,12561
12562,12562
12563,12563
12564,12564
12565,12565
12566,12566
12567,12567
12568,12568
12569,12569
12570,12570
12571,12571
12572,12572
12573,12573
12574,12574
12575,12575
12576,12576
12577,12577
12578,12578
12579,12579
12580,12580
12581,12581
12582,12582
12583,12583
12584,12584
12585,12585
12586,12586
12587,12587
12588,12588
12589,12589
12590,12590
12591,12591
12592,12592
12593,12593
12594,12594
12595,12595
12596,12596
12597,12597
12598,12598
12599,12599
12600,12600
12601,12601
12602,12602
12603,12603
12604,12604
12605,12605
12606,12606
12607,12607
12608,12608
12609,12609
12610,12610
12611,12611
12612,12612
12613,12613
12614,12614
12615,12615
12616,12616
12617,12617
12618,12618
12619,12619
12620,12620
12621,12621
12622,12622
12623,12623
12624,12624
12625,12625
12626,12626
12627,12627
12628,12628
12629,12629
12630,12630
12631,12631
12632,12632
12633,12633
12634,12634
12635,12635
12636,12636
12637,12637
12638,12638
12639,12639
12640,12640
12641,12641
12642,12642
12643,12643
12644,12644
12645,12645
12646,12646
12647,12647
12648,12648
12649,12649
12650,12650
12651,12651
12652,12652
12653,12653
12654,12654
12655,12655
12656,12656
12657,12657
12658,12658
12659,12659
12660,12660
12661,12661
12662,12662
12663,12663
12664,12664
12665,12665
12666,12666
12667,12667
12668,12668
12669,12669
12670,12670
12671,12671
12672,12672
12673,12673
12674,12674
12675,12675
12676,12676
12677,12677
12678,12678
12679,12679
12680,12680
12681,12681
12682,12682
12683,12683
12684,12684
12685,12685
12686,12686
12687,12687
12688,12688
12689,12689
12690,12690
12691,12691
12692,12692
12693,12693
12694,12694
12695,12695
12696,12696
12697,12697
12698,12698
12699,12699
12700,12700
12701,12701
12702,12702
12703,12703
12704,12704
12705,12705
12706,12706
12707,12707
12708,12708
12709,12709
12710,12710
12711,12711
12712,12712
12713,12713
12714,12714
12715,12715
12716,12716
12717,12717
12718,12718
12719,12719
12720,12720
12721,12721
12722,12722
12723,12723
12724,12724
12725,12725
12726,12726
12727,12727
12728,12728
12729,12729
12730,12730
12731,12731
12732,12732
12733,12733
12734,12734
12735,12735
12736,12736
12737,12737
12738,12738
12739,12739
12740,12740
12741,12741
12742,12742
12743,12743
12744,12744
12745,12745
12746,12746
12747,12747
12748,12748
12749,12749
12750,12750
12751,12751
12752,12752
12753,12753
12754,12754
12755,12755
12756,12756
12757,12757
12758,12758
12759,12759
12760,12760
12761,12761
12762,12762
12763,12763
12764,12764
12765,12765
12766,12766
12767,12767
12768,12768
12769,12769
12770,12770
12771,12771
12772,12772
12773,12773
12774,12774
12775,12775
12776,12776
12777,12777
12778,12778
12779,12779
12780,12780
12781,12781
12782,12782
12783,12783
12784,12784
12785,12785
12786,12786
12787,12787
12788,12788
12789,12789
12790,12790
12791,12791
12792,12792
12793,12793
12794,12794
12795,12795
12796,12796
12797,12797
12798,12798
12799,12799
12800,12800
12801,12801
12802,12802
12803,12803
12804,12804
12805,12805
12806,12806
12807,12807
12808,12808
12809,12809
12810,12810
12811,12811
12812,12812
12813,12813
12814,12814
12815,12815
12816,12816
12817,12817
12818,12818
12819,12819
12820,12820
12821,12821
12822,12822
12823,12823
12824,12824
12825,12825
12826,12826
12827,12827
12828,12828
12829,12829
12830,12830
12831,12831
12832,12832
12833,12833
12834,12834
12835,12835
12836,12836
12837,12837
12838,12838
12839,12839
12840,12840
12841,12841
12842,12842
12843,12843
12844,12844
12845,12845
12846,12846
12847,12847
12848,12848
12849,12849
12850,12850
12851,12851
12852,12852
12853,12853
12854,12854
12855,12855
12856,12856
12857,12857
12858,12858
12859,12859
12860,12860
12861,12861
12862,12862
12863,12863
12864,12864
12865,12865
12866,12866
12867,12867
12868,12868
12869,12869
12870,12870
12871,12871
12872,12872
12873,12873
12874,12874
12875,12875
12876,12876
12877,12877
12878,12878
12879,12879
12880,12880
12881,12881
12882,12882
12883,12883
12884,12884
12885,12885
12886,12886
12887,12887
12888,12888
12889,12889
12890,12890
12891,12891
12892,12892
12893,12893
12894,12894
12895,12895
12896,12896
12897,12897
12898,12898
12899,12899
12900,12900
12901,12901
12902,12902
12903,12903
12904,12904
12905,12905
12906,12906
12907,12907
12908,12908
12909,12909
12910,12910
12911,12911
12912,12912
12913,12913
12914,12914
12915,12915
12916,12916
12917,12917
12918,12918
12919,12919
12920,12920
12921,12921
12922,12922
12923,12923
12924,12924
12925,12925
12926,12926
12927,12927
12928,12928
12929,12929
12930,12930
12931,12931
12932,12932
12933,12933
12934,12934
12935,12935
12936,12936
12937,12937
12938,12938
12939,12939
12940,12940
12941,12941
12942,12942
12943,12943
12944,12944
12945,12945
12946,12946
12947,12947
12948,12948
12949,12949
12950,12950
12951,12951
12952,12952
12953,12953
12954,12954
12955,12955
12956,12956
12957,12957
12958,12958
12959,12959
12960,12960
12961,12961
12962,12962
12963,12963
12964,12964
12965,12965
12966,12966
12967,12967
12968,12968
12969,12969
12970,12970
12971,12971
12972,12972
12973,12973
12974,12974
12975,12975
12976,12976
12977,12977
12978,12978
12979,12979
12980,12980
12981,12981
12982,12982
12983,12983
12984,12984
12985,12985
12986,12986
12987,12987
12988,12988
12989,12989
12990,12990
12991,12991
12992,12992
12993,12993
12994,12994
12995,12995
12996,12996
12997,12997
12998,12998
12999,12999
13000,13000
13001,13001
13002,13002
13003,13003
13004,13004
13005,13005
13006,13006
13007,13007
13008,13008
13009,13009
13010,13010
13011,13011
13012,13012
13013,13013
13014,13014
13015,13015
13016,13016
13017,13017
13018,13018
13019,13019
13020,13020
13021,13021
13022,13022
13023,13023
13024,13024
13025,13025
13026,13026
13027,13027
13028,13028
13029,13029
13030,13030
13031,13031
13032,13032
13033,13033
13034,13034
13035,13035
13036,13036
13037,13037
13038,13038
13039,13039
13040,13040
13041,13041
13042,13042
13043,13043
13044,13044
13045,13045
13046,13046
13047,13047
13048,13048
13049,13049
13050,13050
13051,13051
13052,13052
13053,13053
13054,13054
13055,13055
13056,13056
13057,13057
13058,13058
13059,13059
13060,13060
13061,13061
13062,13062
13063,13063
13064,13064
13065,13065
13066,13066
13067,13067
13068,13068
13069,13069
13070,13070
13071,13071
13072,13072
13073,13073
13074,13074
13075,13075
13076,13076
13077,13077
13078,13078
13079,13079
13080,13080
13081,13081
13082,13082
13083,13083
13084,13084
13085,13085
13086,13086
13087,13087
13088,13088
13089,13089
13090,13090
13091,13091
13092,13092
13093,13093
13094,13094
13095,13095
13096,13096
13097,13097
13098,13098
13099,13099
13100,13100
13101,13101
13102,13102
13103,13103
13104,13104
13105,13105
13106,13106
13107,13107
13108,13108
13109,13109
13110,13110
13111,13111
13112,13112
13113,13113
13114,13114
13115,13115
13116,13116
13117,13117
13118,13118
13119,13119
13120,13120
13121,13121
13122,13122
13123,13123
13124,13124
13125,13125
13126,13126
13127,13127
13128,13128
13129,13129
13130,13130
13131,13131
13132,13132
13133,13133
13134,13134
13135,13135
13136,13136
13137,13137
13138,13138
13139,13139
13140,13140
13141,13141
13142,13142
13143,13143
13144,13144
13145,13145
13146,13146
13147,13147
13148,13148
13149,13149
13150,13150
13151,13151
13152,13152
13153,13153
13154,13154
13155,13155
13156,13156
13157,13157
13158,13158
13159,13159
13160,13160
13161,13161
13162,13162
13163,13163
13164,13164
13165,13165
13166,13166
13167,13167
13168,13168
13169,13169
13170,13170
13171,13171
13172,13172
13173,13173
13174,13174
13175,13175
13176,13176
13177,13177
13178,13178
13179,13179
13180,13180
13181,13181
13182,13182
13183,13183
13184,13184
13185,13185
13186,13186
13187,13187
13188,13188
13189,13189
13190,13190
13191,13191
13192,13192
13193,13193
13194,13194
13195,13195
13196,13196
13197,13197
13198,13198
13199,13199
13200,13200
13201,13201
13202,13202
13203,13203
13204,13204
13205,13205
13206,13206
13207,13207
13208,13208
13209,13209
13210,13210
13211,13211
13212,13212
13213,13213
13214,13214
13215,13215
13216,13216
13217,13217
13218,13218
13219,13219
13220,13220
13221,13221
13222,13222
13223,13223
13224,13224
13225,13225
13226,13226
13227,13227
13228,13228
13229,13229
13230,13230
13231,13231
13232,13232
13233,13233
13234,13234
13235,13235
13236,13236
13237,13237
13238,13238
13239,13239
13240,13240
13241,13241
13242,13242
13243,13243
13244,13244
13245,13245
13246,13246
13247,13247
13248,13248
13249,13249
13250,13250
13251,13251
13252,13252
13253,13253
13254,13254
13255,13255
13256,13256
13257,13257
13258,13258
13259,13259
13260,13260
13261,13261
13262,13262
13263,13263
13264,13264
13265,13265
13266,13266
13267,13267
13268,13268
13269,13269
13270,13270
13271,13271
13272,13272
13273,13273
13274,13274
13275,13275
13276,13276
13277,13277
13278,13278
13279,13279
13280,13280
13281,13281
13282,13282
13283,13283
13284,13284
13285,13285
13286,13286
13287,13287
13288,13288
13289,13289
13290,13290
13291,13291
13292,13292
13293,13293
13294,13294
13295,13295
13296,13296
13297,13297
13298,13298
13299,13299
13300,13300
13301,13301
13302,13302
13303,13303
13304,13304
13305,13305
13306,13306
13307,13307
13308,13308
13309,13309
13310,13310
13311,13311
13312,13312
13313,13313
13314,13314
13315,13315
13316,13316
13317,13317
13318,13318
13319,13319
13320,13320
13321,13321
13322,13322
13323,13323
13324,13324
13325,13325
13326,13326
13327,13327
13328,13328
13329,13329
13330,13330
13331,13331
13332,13332
13333,13333
13334,13334
13335,13335
13336,13336
13337,13337
13338,13338
13339,13339
13340,13340
13341,13341
13342,13342
13343,13343
13344,13344
13345,13345
13346,13346
13347,13347
13348,13348
13349,13349
13350,13350
13351,13351
13352,13352
13353,13353
13354,13354
13355,13355
13356,13356
13357,13357
13358,13358
13359,13359
13360,13360
13361,13361
13362,13362
13363,13363
13364,13364
13365,13365
13366,13366
13367,13367
13368,13368
13369,13369
13370,13370
13371,13371
13372,13372
13373,13373
13374,13374
13375,13375
13376,13376
13377,13377
13378,13378
13379,13379
13380,13380
13381,13381
13382,13382
13383,13383
13384,13384
13385,13385
13386,13386
13387,13387
13388,13388
13389,13389
13390,13390
13391,13391
13392,13392
13393,13393
13394,13394
13395,13395
13396,13396
13397,13397
13398,13398
13399,13399
13400,13400
13401,13401
13402,13402
13403,13403
13404,13404
13405,13405
13406,13406
13407,13407
13408,13408
13409,13409
13410,13410
13411,13411
13412,13412
13413,13413
13414,13414
13415,13415
13416,13416
13417,13417
13418,13418
13419,13419
13420,13420
13421,13421
13422,13422
13423,13423
13424,13424
13425,13425
13426,13426
13427,13427
13428,13428
13429,13429
13430,13430
13431,13431
13432,13432
13433,13433
13434,13434
13435,13435
13436,13436
13437,13437
13438,13438
13439,13439
13440,13440
13441,13441
13442,13442
13443,13443
13444,13444
13445,13445
13446,13446
13447,13447
13448,13448
13449,13449
13450,13450
13451,13451
13452,13452
13453,13453
13454,13454
13455,13455
13456,13456
13457,13457
13458,13458
13459,13459
13460,13460
13461,13461
13462,13462
13463,13463
13464,13464
13465,13465
13466,13466
13467,13467
13468,13468
13469,13469
13470,13470
13471,13471
13472,13472
13473,13473
13474,13474
13475,13475
13476,13476
13477,13477
13478,13478
13479,13479
13480,13480
13481,13481
13482,13482
13483,13483
13484,13484
13485,13485
13486,13486
13487,13487
13488,13488
13489,13489
13490,13490
13491,13491
13492,13492
13493,13493
13494,13494
13495,13495
13496,13496
13497,13497
13498,13498
13499,13499
13500,13500
13501,13501
13502,13502
13503,13503
13504,13504
13505,13505
13506,13506
13507,13507
13508,13508
13509,13509
13510,13510
13511,13511
13512,13512
13513,13513
13514,13514
13515,13515
13516,13516
13517,13517
13518,13518
13519,13519
13520,13520
13521,13521
13522,13522
13523,13523
13524,13524
13525,13525
13526,13526
13527,13527
13528,13528
13529,13529
13530,13530
13531,13531
13532,13532
13533,13533
13534,13534
13535,13535
13536,13536
13537,13537
13538,13538
13539,13539
13540,13540
13541,13541
13542,13542
13543,13543
13544,13544
13545,13545
13546,13546
13547,13547
13548,13548
13549,13549
13550,13550
13551,13551
13552,13552
13553,13553
13554,13554
13555,13555
13556,13556
13557,13557
13558,13558
13559,13559
13560,13560
13561,13561
13562,13562
13563,13563
13564,13564
13565,13565
13566,13566
13567,13567
13568,13568
13569,13569
13570,13570
13571,13571
13572,13572
13573,13573
13574,13574
13575,13575
13576,13576
13577,13577
13578,13578
13579,13579
13580,13580
13581,13581
13582,13582
13583,13583
13584,13584
13585,13585
13586,13586
13587,13587
13588,13588
13589,13589
13590,13590
13591,13591
13592,13592
13593,13593
13594,13594
13595,13595
13596,13596
13597,13597
13598,13598
13599,13599
13600,13600
13601,13601
13602,13602
13603,13603
13604,13604
13605,13605
13606,13606
13607,13607
13608,13608
13609,13609
13610,13610
13611,13611
13612,13612
13613,13613
13614,13614
13615,13615
13616,13616
13617,13617
13618,13618
13619,13619
13620,13620
13621,13621
13622,13622
13623,13623
13624,13624
13625,13625
13626,13626
13627,13627
13628,13628
13629,13629
13630,13630
13631,13631
13632,13632
13633,13633
13634,13634
13635,13635
13636,13636
13637,13637
13638,13638
13639,13639
13640,13640
13641,13641
13642,13642
13643,13643
13644,13644
13645,13645
13646,13646
13647,13647
13648,13648
13649,13649
13650,13650
13651,13651
13652,13652
13653,13653
13654,13654
13655,13655
13656,13656
13657,13657
13658,13658
13659,13659
13660,13660
13661,13661
13662,13662
13663,13663
13664,13664
13665,13665
13666,13666
13667,13667
13668,13668
13669,13669
13670,13670
13671,13671
13672,13672
13673,13673
13674,13674
13675,13675
13676,13676
13677,13677
13678,13678
13679,13679
13680,13680
13681,13681
13682,13682
13683,13683
13684,13684
13685,13685
13686,13686
13687,13687
13688,13688
13689,13689
13690,13690
13691,13691
13692,13692
13693,13693
13694,13694
13695,13695
13696,13696
13697,13697
13698,13698
13699,13699
13700,13700
13701,13701
13702,13702
13703,13703
13704,13704
13705,13705
13706,13706
13707,13707
13708,13708
13709,13709
13710,13710
13711,13711
13712,13712
13713,13713
13714,13714
13715,13715
13716,13716
13717,13717
13718,13718
13719,13719
13720,13720
13721,13721
13722,13722
13723,13723
13724,13724
13725,13725
13726,13726
13727,13727
13728,13728
13729,13729
13730,13730
13731,13731
13732,13732
13733,13733
13734,13734
13735,13735
13736,13736
13737,13737
13738,13738
13739,13739
13740,13740
13741,13741
13742,13742
13743,13743
13744,13744
13745,13745
13746,13746
13747,13747
13748,13748
13749,13749
13750,13750
13751,13751
13752,13752
13753,13753
13754,13754
13755,13755
13756,13756
13757,13757
13758,13758
13759,13759
13760,13760
13761,13761
13762,13762
13763,13763
13764,13764
13765,13765
13766,13766
13767,13767
13768,13768
13769,13769
13770,13770
13771,13771
13772,13772
13773,13773
13774,13774
13775,13775
13776,13776
13777,13777
13778,13778
13779,13779
13780,13780
13781,13781
13782,13782
13783,13783
13784,13784
13785,13785
13786,13786
13787,13787
13788,13788
13789,13789
13790,13790
13791,13791
13792,13792
13793,13793
13794,13794
13795,13795
13796,13796
13797,13797
13798,13798
13799,13799
13800,13800
13801,13801
13802,13802
13803,13803
13804,13804
13805,13805
13806,13806
13807,13807
13808,13808
13809,13809
13810,13810
13811,13811
13812,13812
13813,13813
13814,13814
13815,13815
13816,13816
13817,13817
13818,13818
13819,13819
13820,13820
13821,13821
13822,13822
13823,13823
13824,13824
13825,13825
13826,13826
13827,13827
13828,13828
13829,13829
13830,13830
13831,13831
13832,13832
13833,13833
13834,13834
13835,13835
13836,13836
13837,13837
13838,13838
13839,13839
13840,13840
13841,13841
13842,13842
13843,13843
13844,13844
13845,13845
13846,13846
13847,13847
13848,13848
13849,13849
13850,13850
13851,13851
13852,13852
13853,13853
13854,13854
13855,13855
13856,13856
13857,13857
13858,13858
13859,13859
13860,13860
13861,13861
13862,13862
13863,13863
13864,13864
13865,13865
13866,13866
13867,13867
13868,13868
13869,13869
13870,13870
13871,13871
13872,13872
13873,13873
13874,13874
13875,13875
13876,13876
13877,13877
13878,13878
13879,13879
13880,13880
13881,13881
13882,13882
13883,13883
13884,13884
13885,13885
13886,13886
13887,13887
13888,13888
13889,13889
13890,13890
13891,13891
13892,13892
13893,13893
13894,13894
13895,13895
13896,13896
13897,13897
13898,13898
13899,13899
13900,13900
13901,13901
13902,13902
13903,13903
13904,13904
13905,13905
13906,13906
13907,13907
13908,13908
13909,13909
13910,13910
13911,13911
13912,13912
13913,13913
13914,13914
13915,13915
13916,13916
13917,13917
13918,13918
13919,13919
13920,13920
13921,13921
13922,13922
13923,13923
13924,13924
13925,13925
13926,13926
13927,13927
13928,13928
13929,13929
13930,13930
13931,13931
13932,13932
13933,13933
13934,13934
13935,13935
13936,13936
13937,13937
13938,13938
13939,13939
13940,13940
13941,13941
13942,13942
13943,13943
13944,13944
13945,13945
13946,13946
13947,13947
13948,13948
13949,13949
13950,13950
13951,13951
13952,13952
13953,13953
13954,13954
13955,13955
13956,13956
13957,13957
13958,13958
13959,13959
13960,13960
13961,13961
13962,13962
13963,13963
13964,13964
13965,13965
13966,13966
13967,13967
13968,13968
13969,13969
13970,13970
13971,13971
13972,13972
13973,13973
13974,13974
13975,13975
13976,13976
13977,13977
13978,13978
13979,13979
13980,13980
13981,13981
13982,13982
13983,13983
13984,13984
13985,13985
13986,13986
13987,13987
13988,13988
13989,13989
13990,13990
13991,13991
13992,13992
13993,13993
13994,13994
13995,13995
13996,13996
13997,13997
13998,13998
13999,13999
14000,14000
14001,14001
14002,14002
14003,14003
14004,14004
14005,14005
14006,14006
14007,14007
14008,14008
14009,14009
14010,14010
14011,14011
14012,14012
14013,14013
14014,14014
14015,14015
14016,14016
14017,14017
14018,14018
14019,14019
14020,14020
14021,14021
14022,14022
14023,14023
14024,14024
14025,14025
14026,14026
14027,14027
14028,14028
14029,14029
14030,14030
14031,14031
14032,14032
14033,14033
14034,14034
14035,14035
14036,14036
14037,14037
14038,14038
14039,14039
14040,14040
14041,14041
14042,14042
14043,14043
14044,14044
14045,14045
14046,14046
14047,14047
14048,14048
14049,14049
14050,14050
14051,14051
14052,14052
14053,14053
14054,14054
14055,14055
14056,14056
14057,14057
14058,14058
14059,14059
14060,14060
14061,14061
14062,14062
14063,14063
14064,14064
14065,14065
14066,14066
14067,14067
14068,14068
14069,14069
14070,14070
14071,14071
14072,14072
14073,14073
14074,14074
14075,14075
14076,14076
14077,14077
14078,14078
14079,14079
14080,14080
14081,14081
14082,14082
14083,14083
14084,14084
14085,14085
14086,14086
14087,14087
14088,14088
14089,14089
14090,14090
14091,14091
14092,14092
14093,14093
14094,14094
14095,14095
14096,14096
14097,14097
14098,14098
14099,14099
14100,14100
14101,14101
14102,14102
14103,14103
14104,14104
14105,14105
14106,14106
14107,14107
14108,14108
14109,14109
14110,14110
14111,14111
14112,14112
14113,14113
14114,14114
14115,14115
14116,14116
14117,14117
14118,14118
14119,14119
14120,14120
14121,14121
14122,14122
14123,14123
14124,14124
14125,14125
14126,14126
14127,14127
14128,14128
14129,14129
14130,14130
14131,14131
14132,14132
14133,14133
14134,14134
14135,14135
14136,14136
14137,14137
14138,14138
14139,14139
14140,14140
14141,14141
14142,14142
14143,14143
14144,14144
14145,14145
14146,14146
14147,14147
14148,14148
14149,14149
14150,14150
14151,14151
14152,14152
14153,14153
14154,14154
14155,14155
14156,14156
14157,14157
14158,14158
14159,14159
14160,14160
14161,14161
14162,14162
14163,14163
14164,14164
14165,14165
14166,14166
14167,14167
14168,14168
14169,14169
14170,14170
14171,14171
14172,14172
14173,14173
14174,14174
14175,14175
14176,14176
14177,14177
14178,14178
14179,14179
14180,14180
14181,14181
14182,14182
14183,14183
14184,14184
14185,14185
14186,14186
14187,14187
14188,14188
14189,14189
14190,14190
14191,14191
14192,14192
14193,14193
14194,14194
14195,14195
14196,14196
14197,14197
14198,14198
14199,14199
14200,14200
14201,14201
14202,14202
14203,14203
14204,14204
14205,14205
14206,14206
14207,14207
14208,14208
14209,14209
14210,14210
14211,14211
14212,14212
14213,14213
14214,14214
14215,14215
14216,14216
14217,14217
14218,14218
14219,14219
14220,14220
14221,14221
14222,14222
14223,14223
14224,14224
14225,14225
14226,14226
14227,14227
14228,14228
14229,14229
14230,14230
14231,14231
14232,14232
14233,14233
14234,14234
14235,14235
14236,14236
14237,14237
14238,14238
14239,14239
14240,14240
14241,14241
14242,14242
14243,14243
14244,14244
14245,14245
14246,14246
14247,14247
14248,14248
14249,14249
14250,14250
14251,14251
14252,14252
14253,14253
14254,14254
14255,14255
14256,14256
14257,14257
14258,14258
14259,14259
14260,14260
14261,14261
14262,14262
14263,14263
14264,14264
14265,14265
14266,14266
14267,14267
14268,14268
14269,14269
14270,14270
14271,14271
14272,14272
14273,14273
14274,14274
14275,14275
14276,14276
14277,14277
14278,14278
14279,14279
14280,14280
14281,14281
14282,14282
14283,14283
14284,14284
14285,14285
14286,14286
14287,14287
14288,14288
14289,14289
14290,14290
14291,14291
14292,14292
14293,14293
14294,14294
14295,14295
14296,14296
14297,14297
14298,14298
14299,14299
14300,14300
14301,14301
14302,14302
14303,14303
14304,14304
14305,14305
14306,14306
14307,14307
14308,14308
14309,14309
14310,14310
14311,14311
14312,14312
14313,14313
14314,14314
14315,14315
14316,14316
14317,14317
14318,14318
14319,14319
14320,14320
14321,14321
14322,14322
14323,14323
14324,14324
14325,14325
14326,14326
14327,14327
14328,14328
14329,14329
14330,14330
14331,14331
14332,14332
14333,14333
14334,14334
14335,14335
14336,14336
14337,14337
14338,14338
14339,14339
14340,14340
14341,14341
14342,14342
14343,14343
14344,14344
14345,14345
14346,14346
14347,14347
14348,14348
14349,14349
14350,14350
14351,14351
14352,14352
14353,14353
14354,14354
14355,14355
14356,14356
14357,14357
14358,14358
14359,14359
14360,14360
14361,14361
14362,14362
14363,14363
14364,14364
14365,14365
14366,14366
14367,14367
14368,14368
14369,14369
14370,14370
14371,14371
14372,14372
14373,14373
14374,14374
14375,14375
14376,14376
14377,14377
14378,14378
14379,14379
14380,14380
14381,14381
14382,14382
14383,14383
14384,14384
14385,14385
14386,14386
14387,14387
14388,14388
14389,14389
14390,14390
14391,14391
14392,14392
14393,14393
14394,14394
14395,14395
14396,14396
14397,14397
14398,14398
14399,14399
14400,14400
14401,14401
14402,14402
14403,14403
14404,14404
14405,14405
14406,14406
14407,14407
14408,14408
14409,14409
14410,14410
14411,14411
14412,14412
14413,14413
14414,14414
14415,14415
14416,14416
14417,14417
14418,14418
14419,14419
14420,14420
14421,14421
14422,14422
14423,14423
14424,14424
14425,14425
14426,14426
14427,14427
14428,14428
14429,14429
14430,14430
14431,14431
14432,14432
14433,14433
14434,14434
14435,14435
14436,14436
14437,14437
14438,14438
14439,14439
14440,14440
14441,14441
14442,14442
14443,14443
14444,14444
14445,14445
14446,14446
14447,14447
14448,14448
14449,14449
14450,14450
14451,14451
14452,14452
14453,14453
14454,14454
14455,14455
14456,14456
14457,14457
14458,14458
14459,14459
14460,14460
14461,14461
14462,14462
14463,14463
14464,14464
14465,14465
14466,14466
14467,14467
14468,14468
14469,14469
14470,14470
14471,14471
14472,14472
14473,14473
14474,14474
14475,14475
14476,14476
14477,14477
14478,14478
14479,14479
14480,14480
14481,14481
14482,14482
14483,14483
14484,14484
14485,14485
14486,14486
14487,14487
14488,14488
14489,14489
14490,14490
14491,14491
14492,14492
14493,14493
14494,14494
14495,14495
14496,14496
14497,14497
14498,14498
14499,14499
14500,14500
14501,14501
14502,14502
14503,14503
14504,14504
14505,14505
14506,14506
14507,14507
14508,14508
14509,14509
14510,14510
14511,14511
14512,14512
14513,14513
14514,14514
14515,14515
14516,14516
14517,14517
14518,14518
14519,14519
14520,14520
14521,14521
14522,14522
14523,14523
14524,14524
14525,14525
14526,14526
14527,14527
14528,14528
14529,14529
14530,14530
14531,14531
14532,14532
14533,14533
14534,14534
14535,14535
14536,14536
14537,14537
14538,14538
14539,14539
14540,14540
14541,14541
14542,14542
14543,14543
14544,14544
14545,14545
14546,14546
14547,14547
14548,14548
14549,14549
14550,14550
14551,14551
14552,14552
14553,14553
14554,14554
14555,14555
14556,14556
14557,14557
14558,14558
14559,14559
14560,14560
14561,14561
14562,14562
14563,14563
14564,14564
14565,14565
14566,14566
14567,14567
14568,14568
14569,14569
14570,14570
14571,14571
14572,14572
14573,14573
14574,14574
14575,14575
14576,14576
14577,14577
14578,14578
14579,14579
14580,14580
14581,14581
14582,14582
14583,14583
14584,14584
14585,14585
14586,14586
14587,14587
14588,14588
14589,14589
14590,14590
14591,14591
14592,14592
14593,14593
14594,14594
14595,14595
14596,14596
14597,14597
14598,14598
14599,14599
14600,14600
14601,14601
14602,14602
14603,14603
14604,14604
14605,14605
14606,14606
14607,14607
14608,14608
14609,14609
14610,14610
14611,14611
14612,14612
14613,14613
14614,14614
14615,14615
14616,14616
14617,14617
14618,14618
14619,14619
14620,14620
14621,14621
14622,14622
14623,14623
14624,14624
14625,14625
14626,14626
14627,14627
14628,14628
14629,14629
14630,14630
14631,14631
14632,14632
14633,14633
14634,14634
14635,14635
14636,14636
14637,14637
14638,14638
14639,14639
14640,14640
14641,14641
14642,14642
14643,14643
14644,14644
14645,14645
14646,14646
14647,14647
14648,14648
14649,14649
14650,14650
14651,14651
14652,14652
14653,14653
14654,14654
14655,14655
14656,14656
14657,14657
14658,14658
14659,14659
14660,14660
14661,14661
14662,14662
14663,14663
14664,14664
14665,14665
14666,14666
14667,14667
14668,14668
14669,14669
14670,14670
14671,14671
14672,14672
14673,14673
14674,14674
14675,14675
14676,14676
14677,14677
14678,14678
14679,14679
14680,14680
14681,14681
14682,14682
14683,14683
14684,14684
14685,14685
14686,14686
14687,14687
14688,14688
14689,14689
14690,14690
14691,14691
14692,14692
14693,14693
14694,14694
14695,14695
14696,14696
14697,14697
14698,14698
14699,14699
14700,14700
14701,14701
14702,14702
14703,14703
14704,14704
14705,14705
14706,14706
14707,14707
14708,14708
14709,14709
14710,14710
14711,14711
14712,14712
14713,14713
14714,14714
14715,14715
14716,14716
14717,14717
14718,14718
14719,14719
14720,14720
14721,14721
14722,14722
14723,14723
14724,14724
14725,14725
14726,14726
14727,14727
14728,14728
14729,14729
14730,14730
14731,14731
14732,14732
14733,14733
14734,14734
14735,14735
14736,14736
14737,14737
14738,14738
14739,14739
14740,14740
14741,14741
14742,14742
14743,14743
14744,14744
14745,14745
14746,14746
14747,14747
14748,14748
14749,14749
14750,14750
14751,14751
14752,14752
14753,14753
14754,14754
14755,14755
14756,14756
14757,14757
14758,14758
14759,14759
14760,14760
14761,14761
14762,14762
14763,14763
14764,14764
14765,14765
14766,14766
14767,14767
14768,14768
14769,14769
14770,14770
14771,14771
14772,14772
14773,14773
14774,14774
14775,14775
14776,14776
14777,14777
14778,14778
14779,14779
14780,14780
14781,14781
14782,14782
14783,14783
14784,14784
14785,14785
14786,14786
14787,14787
14788,14788
14789,14789
14790,14790
14791,14791
14792,14792
14793,14793
14794,14794
14795,14795
14796,14796
14797,14797
14798,14798
14799,14799
14800,14800
14801,14801
14802,14802
14803,14803
14804,14804
14805,14805
14806,14806
14807,14807
14808,14808
14809,14809
14810,14810
14811,14811
14812,14812
14813,14813
14814,14814
14815,14815
14816,14816
14817,14817
14818,14818
14819,14819
14820,14820
14821,14821
14822,14822
14823,14823
14824,14824
14825,14825
14826,14826
14827,14827
14828,14828
14829,14829
14830,14830
14831,14831
14832,14832
14833,14833
14834,14834
14835,14835
14836,14836
14837,14837
14838,14838
14839,14839
14840,14840
14841,14841
14842,14842
14843,14843
14844,14844
14845,14845
14846,14846
14847,14847
14848,14848
14849,14849
14850,14850
14851,14851
14852,14852
14853,14853
14854,14854
14855,14855
14856,14856
14857,14857
14858,14858
14859,14859
14860,14860
14861,14861
14862,14862
14863,14863
14864,14864
14865,14865
14866,14866
14867,14867
14868,14868
14869,14869
14870,14870
14871,14871
14872,14872
14873,14873
14874,14874
14875,14875
14876,14876
14877,14877
14878,14878
14879,14879
14880,14880
14881,14881
14882,14882
14883,14883
14884,14884
14885,14885
14886,14886
14887,14887
14888,14888
14889,14889
14890,14890
14891,14891
14892,14892
14893,14893
14894,14894
14895,14895
14896,14896
14897,14897
14898,14898
14899,14899
14900,14900
14901,14901
14902,14902
14903,14903
14904,14904
14905,14905
14906,14906
14907,14907
14908,14908
14909,14909
14910,14910
14911,14911
14912,14912
14913,14913
14914,14914
14915,14915
14916,14916
14917,14917
14918,14918
14919,14919
14920,14920
14921,14921
14922,14922
14923,14923
14924,14924
14925,14925
14926,14926
14927,14927
14928,14928
14929,14929
14930,14930
14931,14931
14932,14932
14933,14933
14934,14934
14935,14935
14936,14936
14937,14937
14938,14938
14939,14939
14940,14940
14941,14941
14942,14942
14943,14943
14944,14944
14945,14945
14946,14946
14947,14947
14948,14948
14949,14949
14950,14950
14951,14951
14952,14952
14953,14953
14954,14954
14955,14955
14956,14956
14957,14957
14958,14958
14959,14959
14960,14960
14961,14961
14962,14962
14963,14963
14964,14964
14965,14965
14966,14966
14967,14967
14968,14968
14969,14969
14970,14970
14971,14971
14972,14972
14973,14973
14974,14974
14975,14975
14976,14976
14977,14977
14978,14978
14979,14979
14980,14980
14981,14981
14982,14982
14983,14983
14984,14984
14985,14985
14986,14986
14987,14987
14988,14988
14989,14989
14990,14990
14991,14991
14992,14992
14993,14993
14994,14994
14995,14995
14996,14996
14997,14997
14998,14998
14999,14999
15000,15000
15001,15001
15002,15002
15003,15003
15004,15004
15005,15005
15006,15006
15007,15007
15008,15008
15009,15009
15010,15010
15011,15011
15012,15012
15013,15013
15014,15014
15015,15015
15016,15016
15017,15017
15018,15018
15019,15019
15020,15020
15021,15021
15022,15022
15023,15023
15024,15024
15025,15025
15026,15026
15027,15027
15028,15028
15029,15029
15030,15030
15031,15031
15032,15032
15033,15033
15034,15034
15035,15035
15036,15036
15037,15037
15038,15038
15039,15039
15040,15040
15041,15041
15042,15042
15043,15043
15044,15044
15045,15045
15046,15046
15047,15047
15048,15048
15049,15049
15050,15050
15051,15051
15052,15052
15053,15053
15054,15054
15055,15055
15056,15056
15057,15057
15058,15058
15059,15059
15060,15060
15061,15061
15062,15062
15063,15063
15064,15064
15065,15065
15066,15066
15067,15067
15068,15068
15069,15069
15070,15070
15071,15071
15072,15072
15073,15073
15074,15074
15075,15075
15076,15076
15077,15077
15078,15078
15079,15079
15080,15080
15081,15081
15082,15082
15083,15083
15084,15084
15085,15085
15086,15086
15087,15087
15088,15088
15089,15089
15090,15090
15091,15091
15092,15092
15093,15093
15094,15094
15095,15095
15096,15096
15097,15097
15098,15098
15099,15099
15100,15100
15101,15101
15102,15102
15103,15103
15104,15104
15105,15105
15106,15106
15107,15107
15108,15108
15109,15109
15110,15110
15111,15111
15112,15112
15113,15113
15114,15114
15115,15115
15116,15116
15117,15117
15118,15118
15119,15119
15120,15120
15121,15121
15122,15122
15123,15123
15124,15124
15125,15125
15126,15126
15127,15127
15128,15128
15129,15129
15130,15130
15131,15131
15132,15132
15133,15133
15134,15134
15135,15135
15136,15136
15137,15137
15138,15138
15139,15139
15140,15140
15141,15141
15142,15142
15143,15143
15144,15144
15145,15145
15146,15146
15147,15147
15148,15148
15149,15149
15150,15150
15151,15151
15152,15152
15153,15153
15154,15154
15155,15155
15156,15156
15157,15157
15158,15158
15159,15159
15160,15160
15161,15161
15162,15162
15163,15163
15164,15164
15165,15165
15166,15166
15167,15167
15168,15168
15169,15169
15170,15170
15171,15171
15172,15172
15173,15173
15174,15174
15175,15175
15176,15176
15177,15177
15178,15178
15179,15179
15180,15180
15181,15181
15182,15182
15183,15183
15184,15184
15185,15185
15186,15186
15187,15187
15188,15188
15189,15189
15190,15190
15191,15191
15192,15192
15193,15193
15194,15194
15195,15195
15196,15196
15197,15197
15198,15198
15199,15199
15200,15200
15201,15201
15202,15202
15203,15203
15204,15204
15205,15205
15206,15206
15207,15207
15208,15208
15209,15209
15210,15210
15211,15211
15212,15212
15213,15213
15214,15214
15215,15215
15216,15216
15217,15217
15218,15218
15219,15219
15220,15220
15221,15221
15222,15222
15223,15223
15224,15224
15225,15225
15226,15226
15227,15227
15228,15228
15229,15229
15230,15230
15231,15231
15232,15232
15233,15233
15234,15234
15235,15235
15236,15236
15237,15237
15238,15238
15239,15239
15240,15240
15241,15241
15242,15242
15243,15243
15244,15244
15245,15245
15246,15246
15247,15247
15248,15248
15249,15249
15250,15250
15251,15251
15252,15252
15253,15253
15254,15254
15255,15255
15256,15256
15257,15257
15258,15258
15259,15259
15260,15260
15261,15261
15262,15262
15263,15263
15264,15264
15265,15265
15266,15266
15267,15267
15268,15268
15269,15269
15270,15270
15271,15271
15272,15272
15273,15273
15274,15274
15275,15275
15276,15276
15277,15277
15278,15278
15279,15279
15280,15280
15281,15281
15282,15282
15283,15283
15284,15284
15285,15285
15286,15286
15287,15287
15288,15288
15289,15289
15290,15290
15291,15291
15292,15292
15293,15293
15294,15294
15295,15295
15296,15296
15297,15297
15298,15298
15299,15299
15300,15300
15301,15301
15302,15302
15303,15303
15304,15304
15305,15305
15306,15306
15307,15307
15308,15308
15309,15309
15310,15310
15311,15311
15312,15312
15313,15313
15314,15314
15315,15315
15316,15316
15317,15317
15318,15318
15319,15319
15320,15320
15321,15321
15322,15322
15323,15323
15324,15324
15325,15325
15326,15326
15327,15327
15328,15328
15329,15329
15330,15330
15331,15331
15332,15332
15333,15333
15334,15334
15335,15335
15336,15336
15337,15337
15338,15338
15339,15339
15340,15340
15341,15341
15342,15342
15343,15343
15344,15344
15345,15345
15346,15346
15347,15347
15348,15348
15349,15349
15350,15350
15351,15351
15352,15352
15353,15353
15354,15354
15355,15355
15356,15356
15357,15357
15358,15358
15359,15359
15360,15360
15361,15361
15362,15362
15363,15363
15364,15364
15365,15365
15366,15366
15367,15367
15368,15368
15369,15369
15370,15370
15371,15371
15372,15372
15373,15373
15374,15374
15375,15375
15376,15376
15377,15377
15378,15378
15379,15379
15380,15380
15381,15381
15382,15382
15383,15383
15384,15384
15385,15385
15386,15386
15387,15387
15388,15388
15389,15389
15390,15390
15391,15391
15392,15392
15393,15393
15394,15394
15395,15395
15396,15396
15397,15397
15398,15398
15399,15399
15400,15400
15401,15401
15402,15402
15403,15403
15404,15404
15405,15405
15406,15406
15407,15407
15408,15408
15409,15409
15410,15410
15411,15411
15412,15412
15413,15413
15414,15414
15415,15415
15416,15416
15417,15417
15418,15418
15419,15419
15420,15420
15421,15421
15422,15422
15423,15423
15424,15424
15425,15425
15426,15426
15427,15427
15428,15428
15429,15429
15430,15430
15431,15431
15432,15432
15433,15433
15434,15434
15435,15435
15436,15436
15437,15437
15438,15438
15439,15439
15440,15440
15441,15441
15442,15442
15443,15443
15444,15444
15445,15445
15446,15446
15447,15447
15448,15448
15449,15449
15450,15450
15451,15451
15452,15452
15453,15453
15454,15454
15455,15455
15456,15456
15457,15457
15458,15458
15459,15459
15460,15460
15461,15461
15462,15462
15463,15463
15464,15464
15465,15465
15466,15466
15467,15467
15468,15468
15469,15469
15470,15470
15471,15471
15472,15472
15473,15473
15474,15474
15475,15475
15476,15476
15477,15477
15478,15478
15479,15479
15480,15480
15481,15481
15482,15482
15483,15483
15484,15484
15485,15485
15486,15486
15487,15487
15488,15488
15489,15489
15490,15490
15491,15491
15492,15492
15493,15493
15494,15494
15495,15495
15496,15496
15497,15497
15498,15498
15499,15499
15500,15500
15501,15501
15502,15502
15503,15503
15504,15504
15505,15505
15506,15506
15507,15507
15508,15508
15509,15509
15510,15510
15511,15511
15512,15512
15513,15513
15514,15514
15515,15515
15516,15516
15517,15517
15518,15518
15519,15519
15520,15520
15521,15521
15522,15522
15523,15523
15524,15524
15525,15525
15526,15526
15527,15527
15528,15528
15529,15529
15530,15530
15531,15531
15532,15532
15533,15533
15534,15534
15535,15535
15536,15536
15537,15537
15538,15538
15539,15539
15540,15540
15541,15541
15542,15542
15543,15543
15544,15544
15545,15545
15546,15546
15547,15547
15548,15548
15549,15549
15550,15550
15551,15551
15552,15552
15553,15553
15554,15554
15555,15555
15556,15556
15557,15557
15558,15558
15559,15559
15560,15560
15561,15561
15562,15562
15563,15563
15564,15564
15565,15565
15566,15566
15567,15567
15568,15568
15569,15569
15570,15570
15571,15571
15572,15572
15573,15573
15574,15574
15575,15575
15576,15576
15577,15577
15578,15578
15579,15579
15580,15580
15581,15581
15582,15582
15583,15583
15584,15584
15585,15585
15586,15586
15587,15587
15588,15588
15589,15589
15590,15590
15591,15591
15592,15592
15593,15593
15594,15594
15595,15595
15596,15596
15597,15597
15598,15598
15599,15599
15600,15600
15601,15601
15602,15602
15603,15603
15604,15604
15605,15605
15606,15606
15607,15607
15608,15608
15609,15609
15610,15610
15611,15611
15612,15612
15613,15613
15614,15614
15615,15615
15616,15616
15617,15617
15618,15618
15619,15619
15620,15620
15621,15621
15622,15622
15623,15623
15624,15624
15625,15625
15626,15626
15627,15627
15628,15628
15629,15629
15630,15630
15631,15631
15632,15632
15633,15633
15634,15634
15635,15635
15636,15636
15637,15637
15638,15638
15639,15639
15640,15640
15641,15641
15642,15642
15643,15643
15644,15644
15645,15645
15646,15646
15647,15647
15648,15648
15649,15649
15650,15650
15651,15651
15652,15652
15653,15653
15654,15654
15655,15655
15656,15656
15657,15657
15658,15658
15659,15659
15660,15660
15661,15661
15662,15662
15663,15663
15664,15664
15665,15665
15666,15666
15667,15667
15668,15668
15669,15669
15670,15670
15671,15671
15672,15672
15673,15673
15674,15674
15675,15675
15676,15676
15677,15677
15678,15678
15679,15679
15680,15680
15681,15681
15682,15682
15683,15683
15684,15684
15685,15685
15686,15686
15687,15687
15688,15688
15689,15689
15690,15690
15691,15691
15692,15692
15693,15693
15694,15694
15695,15695
15696,15696
15697,15697
15698,15698
15699,15699
15700,15700
15701,15701
15702,15702
15703,15703
15704,15704
15705,15705
15706,15706
15707,15707
15708,15708
15709,15709
15710,15710
15711,15711
15712,15712
15713,15713
15714,15714
15715,15715
15716,15716
15717,15717
15718,15718
15719,15719
15720,15720
15721,15721
15722,15722
15723,15723
15724,15724
15725,15725
15726,15726
15727,15727
15728,15728
15729,15729
15730,15730
15731,15731
15732,15732
15733,15733
15734,15734
15735,15735
15736,15736
15737,15737
15738,15738
15739,15739
15740,15740
15741,15741
15742,15742
15743,15743
15744,15744
15745,15745
15746,15746
15747,15747
15748,15748
15749,15749
15750,15750
15751,15751
15752,15752
15753,15753
15754,15754
15755,15755
15756,15756
15757,15757
15758,15758
15759,15759
15760,15760
15761,15761
15762,15762
15763,15763
15764,15764
15765,15765
15766,15766
15767,15767
15768,15768
15769,15769
15770,15770
15771,15771
15772,15772
15773,15773
15774,15774
15775,15775
15776,15776
15777,15777
15778,15778
15779,15779
15780,15780
15781,15781
15782,15782
15783,15783
15784,15784
15785,15785
15786,15786
15787,15787
15788,15788
15789,15789
15790,15790
15791,15791
15792,15792
15793,15793
15794,15794
15795,15795
15796,15796
15797,15797
15798,15798
15799,15799
15800,15800
15801,15801
15802,15802
15803,15803
15804,15804
15805,15805
15806,15806
15807,15807
15808,15808
15809,15809
15810,15810
15811,15811
15812,15812
15813,15813
15814,15814
15815,15815
15816,15816
15817,15817
15818,15818
15819,15819
15820,15820
15821,15821
15822,15822
15823,15823
15824,15824
15825,15825
15826,15826
15827,15827
15828,15828
15829,15829
15830,15830
15831,15831
15832,15832
15833,15833
15834,15834
15835,15835
15836,15836
15837,15837
15838,15838
15839,15839
15840,15840
15841,15841
15842,15842
15843,15843
15844,15844
15845,15845
15846,15846
15847,15847
15848,15848
15849,15849
15850,15850
15851,15851
15852,15852
15853,15853
15854,15854
15855,15855
15856,15856
15857,15857
15858,15858
15859,15859
15860,15860
15861,15861
15862,15862
15863,15863
15864,15864
15865,15865
15866,15866
15867,15867
15868,15868
15869,15869
15870,15870
15871,15871
15872,15872
15873,15873
15874,15874
15875,15875
15876,15876
15877,15877
15878,15878
15879,15879
15880,15880
15881,15881
15882,15882
15883,15883
15884,15884
15885,15885
15886,15886
15887,15887
15888,15888
15889,15889
15890,15890
15891,15891
15892,15892
15893,15893
15894,15894
15895,15895
15896,15896
15897,15897
15898,15898
15899,15899
15900,15900
15901,15901
15902,15902
15903,15903
15904,15904
15905,15905
15906,15906
15907,15907
15908,15908
15909,15909
15910,15910
15911,15911
15912,15912
15913,15913
15914,15914
15915,15915
15916,15916
15917,15917
15918,15918
15919,15919
15920,15920
15921,15921
15922,15922
15923,15923
15924,15924
15925,15925
15926,15926
15927,15927
15928,15928
15929,15929
15930,15930
15931,15931
15932,15932
15933,15933
15934,15934
15935,15935
15936,15936
15937,15937
15938,15938
15939,15939
15940,15940
15941,15941
15942,15942
15943,15943
15944,15944
15945,15945
15946,15946
15947,15947
15948,15948
15949,15949
15950,15950
15951,15951
15952,15952
15953,15953
15954,15954
15955,15955
15956,15956
15957,15957
15958,15958
15959,15959
15960,15960
15961,15961
15962,15962
15963,15963
15964,15964
15965,15965
15966,15966
15967,15967
15968,15968
15969,15969
15970,15970
15971,15971
15972,15972
15973,15973
15974,15974
15975,15975
15976,15976
15977,15977
15978,15978
15979,15979
15980,15980
15981,15981
15982,15982
15983,15983
15984,15984
15985,15985
15986,15986
15987,15987
15988,15988
15989,15989
15990,15990
15991,15991
15992,15992
15993,15993
15994,15994
15995,15995
15996,15996
15997,15997
15998,15998
15999,15999
16000,16000
16001,16001
16002,16002
16003,16003
16004,16004
16005,16005
16006,16006
16007,16007
16008,16008
16009,16009
16010,16010
16011,16011
16012,16012
16013,16013
16014,16014
16015,16015
16016,16016
16017,16017
16018,16018
16019,16019
16020,16020
16021,16021
16022,16022
16023,16023
16024,16024
16025,16025
16026,16026
16027,16027
16028,16028
16029,16029
16030,16030
16031,16031
16032,16032
16033,16033
16034,16034
16035,16035
16036,16036
16037,16037
16038,16038
16039,16039
16040,16040
16041,16041
16042,16042
16043,16043
16044,16044
16045,16045
16046,16046
16047,16047
16048,16048
16049,16049
16050,16050
16051,16051
16052,16052
16053,16053
16054,16054
16055,16055
16056,16056
16057,16057
16058,16058
16059,16059
16060,16060
16061,16061
16062,16062
16063,16063
16064,16064
16065,16065
16066,16066
16067,16067
16068,16068
16069,16069
16070,16070
16071,16071
16072,16072
16073,16073
16074,16074
16075,16075
16076,16076
16077,16077
16078,16078
16079,16079
16080,16080
16081,16081
16082,16082
16083,16083
16084,16084
16085,16085
16086,16086
16087,16087
16088,16088
16089,16089
16090,16090
16091,16091
16092,16092
16093,16093
16094,16094
16095,16095
16096,16096
16097,16097
16098,16098
16099,16099
16100,16100
16101,16101
16102,16102
16103,16103
16104,16104
16105,16105
16106,16106
16107,16107
16108,16108
16109,16109
16110,16110
16111,16111
16112,16112
16113,16113
16114,16114
16115,16115
16116,16116
16117,16117
16118,16118
16119,16119
16120,16120
16121,16121
16122,16122
16123,16123
16124,16124
16125,16125
16126,16126
16127,16127
16128,16128
16129,16129
16130,16130
16131,16131
16132,16132
16133,16133
16134,16134
16135,16135
16136,16136
16137,16137
16138,16138
16139,16139
16140,16140
16141,16141
16142,16142
16143,16143
16144,16144
16145,16145
16146,16146
16147,16147
16148,16148
16149,16149
16150,16150
16151,16151
16152,16152
16153,16153
16154,16154
16155,16155
16156,16156
16157,16157
16158,16158
16159,16159
16160,16160
16161,16161
16162,16162
16163,16163
16164,16164
16165,16165
16166,16166
16167,16167
16168,16168
16169,16169
16170,16170
16171,16171
16172,16172
16173,16173
16174,16174
16175,16175
16176,16176
16177,16177
16178,16178
16179,16179
16180,16180
16181,16181
16182,16182
16183,16183
16184,16184
16185,16185
16186,16186
16187,16187
16188,16188
16189,16189
16190,16190
16191,16191
16192,16192
16193,16193
16194,16194
16195,16195
16196,16196
16197,16197
16198,16198
16199,16199
16200,16200
16201,16201
16202,16202
16203,16203
16204,16204
16205,16205
16206,16206
16207,16207
16208,16208
16209,16209
16210,16210
16211,16211
16212,16212
16213,16213
16214,16214
16215,16215
16216,16216
16217,16217
16218,16218
16219,16219
16220,16220
16221,16221
16222,16222
16223,16223
16224,16224
16225,16225
16226,16226
16227,16227
16228,16228
16229,16229
16230,16230
16231,16231
16232,16232
16233,16233
16234,16234
16235,16235
16236,16236
16237,16237
16238,16238
16239,16239
16240,16240
16241,16241
16242,16242
16243,16243
16244,16244
16245,16245
16246,16246
16247,16247
16248,16248
16249,16249
16250,16250
16251,16251
16252,16252
16253,16253
16254,16254
16255,16255
16256,16256
16257,16257
16258,16258
16259,16259
16260,16260
16261,16261
16262,16262
16263,16263
16264,16264
16265,16265
16266,16266
16267,16267
16268,16268
16269,16269
16270,16270
16271,16271
16272,16272
16273,16273
16274,16274
16275,16275
16276,16276
16277,16277
16278,16278
16279,16279
16280,16280
16281,16281
16282,16282
16283,16283
16284,16284
16285,16285
16286,16286
16287,16287
16288,16288
16289,16289
16290,16290
16291,16291
16292,16292
16293,16293
16294,16294
16295,16295
16296,16296
16297,16297
16298,16298
16299,16299
16300,16300
16301,16301
16302,16302
16303,16303
16304,16304
16305,16305
16306,16306
16307,16307
16308,16308
16309,16309
16310,16310
16311,16311
16312,16312
16313,16313
16314,16314
16315,16315
16316,16316
16317,16317
16318,16318
16319,16319
16320,16320
16321,16321
16322,16322
16323,16323
16324,16324
16325,16325
16326,16326
16327,16327
16328,16328
16329,16329
16330,16330
16331,16331
16332,16332
16333,16333
16334,16334
16335,16335
16336,16336
16337,16337
16338,16338
16339,16339
16340,16340
16341,16341
16342,16342
16343,16343
16344,16344
16345,16345
16346,16346
16347,16347
16348,16348
16349,16349
16350,16350
16351,16351
16352,16352
16353,16353
16354,16354
16355,16355
16356,16356
16357,16357
16358,16358
16359,16359
16360,16360
16361,16361
16362,16362
16363,16363
16364,16364
16365,16365
16366,16366
16367,16367
16368,16368
16369,16369
16370,16370
16371,16371
16372,16372
16373,16373
16374,16374
16375,16375
16376,16376
16377,16377
16378,16378
16379,16379
16380,16380
16381,16381
16382,16382
16383,16383
16384,16384
16385,16385
16386,16386
16387,16387
16388,16388
16389,16389
16390,16390
16391,16391
16392,16392
16393,16393
16394,16394
16395,16395
16396,16396
16397,16397
16398,16398
16399,16399
16400,16400
16401,16401
16402,16402
16403,16403
16404,16404
16405,16405
16406,16406
16407,16407
16408,16408
16409,16409
16410,16410
16411,16411
16412,16412
16413,16413
16414,16414
16415,16415
16416,16416
16417,16417
16418,16418
16419,16419
16420,16420
16421,16421
16422,16422
16423,16423
16424,16424
16425,16425
16426,16426
16427,16427
16428,16428
16429,16429
16430,16430
16431,16431
16432,16432
16433,16433
16434,16434
16435,16435
16436,16436
16437,16437
16438,16438
16439,16439
16440,16440
16441,16441
16442,16442
16443,16443
16444,16444
16445,16445
16446,16446
16447,16447
16448,16448
16449,16449
16450,16450
16451,16451
16452,16452
16453,16453
16454,16454
16455,16455
16456,16456
16457,16457
16458,16458
16459,16459
16460,16460
16461,16461
16462,16462
16463,16463
16464,16464
16465,16465
16466,16466
16467,16467
16468,16468
16469,16469
16470,16470
16471,16471
16472,16472
16473,16473
16474,16474
16475,16475
16476,16476
16477,16477
16478,16478
16479,16479
16480,16480
16481,16481
16482,16482
16483,16483
16484,16484
16485,16485
16486,16486
16487,16487
16488,16488
16489,16489
16490,16490
16491,16491
16492,16492
16493,16493
16494,16494
16495,16495
16496,16496
16497,16497
16498,16498
16499,16499
16500,16500
16501,16501
16502,16502
16503,16503
16504,16504
16505,16505
16506,16506
16507,16507
16508,16508
16509,16509
16510,16510
16511,16511
16512,16512
16513,16513
16514,16514
16515,16515
16516,16516
16517,16517
16518,16518
16519,16519
16520,16520
16521,16521
16522,16522
16523,16523
16524,16524
16525,16525
16526,16526
16527,16527
16528,16528
16529,16529
16530,16530
16531,16531
16532,16532
16533,16533
16534,16534
16535,16535
16536,16536
16537,16537
16538,16538
16539,16539
16540,16540
16541,16541
16542,16542
16543,16543
16544,16544
16545,16545
16546,16546
16547,16547
16548,16548
16549,16549
16550,16550
16551,16551
16552,16552
16553,16553
16554,16554
16555,16555
16556,16556
16557,16557
16558,16558
16559,16559
16560,16560
16561,16561
16562,16562
16563,16563
16564,16564
16565,16565
16566,16566
16567,16567
16568,16568
16569,16569
16570,16570
16571,16571
16572,16572
16573,16573
16574,16574
16575,16575
16576,16576
16577,16577
16578,16578
16579,16579
16580,16580
16581,16581
16582,16582
16583,16583
16584,16584
16585,16585
16586,16586
16587,16587
16588,16588
16589,16589
16590,16590
16591,16591
16592,16592
16593,16593
16594,16594
16595,16595
16596,16596
16597,16597
16598,16598
16599,16599
16600,16600
16601,16601
16602,16602
16603,16603
16604,16604
16605,16605
16606,16606
16607,16607
16608,16608
16609,16609
16610,16610
16611,16611
16612,16612
16613,16613
16614,16614
16615,16615
16616,16616
16617,16617
16618,16618
16619,16619
16620,16620
16621,16621
16622,16622
16623,16623
16624,16624
16625,16625
16626,16626
16627,16627
16628,16628
16629,16629
16630,16630
16631,16631
16632,16632
16633,16633
16634,16634
16635,16635
16636,16636
16637,16637
16638,16638
16639,16639
16640,16640
16641,16641
16642,16642
16643,16643
16644,16644
16645,16645
16646,16646
16647,16647
16648,16648
16649,16649
16650,16650
16651,16651
16652,16652
16653,16653
16654,16654
16655,16655
16656,16656
16657,16657
16658,16658
16659,16659
16660,16660
16661,16661
16662,16662
16663,16663
16664,16664
16665,16665
16666,16666
16667,16667
16668,16668
16669,16669
16670,16670
16671,16671
16672,16672
16673,16673
16674,16674
16675,16675
16676,16676
16677,16677
16678,16678
16679,16679
16680,16680
16681,16681
16682,16682
16683,16683
16684,16684
16685,16685
16686,16686
16687,16687
16688,16688
16689,16689
16690,16690
16691,16691
16692,16692
16693,16693
16694,16694
16695,16695
16696,16696
16697,16697
16698,16698
16699,16699
16700,16700
16701,16701
16702,16702
16703,16703
16704,16704
16705,16705
16706,16706
16707,16707
16708,16708
16709,16709
16710,16710
16711,16711
16712,16712
16713,16713
16714,16714
16715,16715
16716,16716
16717,16717
16718,16718
16719,16719
16720,16720
16721,16721
16722,16722
16723,16723
16724,16724
16725,16725
16726,16726
16727,16727
16728,16728
16729,16729
16730,16730
16731,16731
16732,16732
16733,16733
16734,16734
16735,16735
16736,16736
16737,16737
16738,16738
16739,16739
16740,16740
16741,16741
16742,16742
16743,16743
16744,16744
16745,16745
16746,16746
16747,16747
16748,16748
16749,16749
16750,16750
16751,16751
16752,16752
16753,16753
16754,16754
16755,16755
16756,16756
16757,16757
16758,16758
16759,16759
16760,16760
16761,16761
16762,16762
16763,16763
16764,16764
16765,16765
16766,16766
16767,16767
16768,16768
16769,16769
16770,16770
16771,16771
16772,16772
16773,16773
16774,16774
16775,16775
16776,16776
16777,16777
16778,16778
16779,16779
16780,16780
16781,16781
16782,16782
16783,16783
16784,16784
16785,16785
16786,16786
16787,16787
16788,16788
16789,16789
16790,16790
16791,16791
16792,16792
16793,16793
16794,16794
16795,16795
16796,16796
16797,16797
16798,16798
16799,16799
16800,16800
16801,16801
16802,16802
16803,16803
16804,16804
16805,16805
16806,16806
16807,16807
16808,16808
16809,16809
16810,16810
16811,16811
16812,16812
16813,16813
16814,16814
16815,16815
16816,16816
16817,16817
16818,16818
16819,16819
16820,16820
16821,16821
16822,16822
16823,16823
16824,16824
16825,16825
16826,16826
16827,16827
16828,16828
16829,16829
16830,16830
16831,16831
16832,16832
16833,16833
16834,16834
16835,16835
16836,16836
16837,16837
16838,16838
16839,16839
16840,16840
16841,16841
16842,16842
16843,16843
16844,16844
16845,16845
16846,16846
16847,16847
16848,16848
16849,16849
16850,16850
16851,16851
16852,16852
16853,16853
16854,16854
16855,16855
16856,16856
16857,16857
16858,16858
16859,16859
16860,16860
16861,16861
16862,16862
16863,16863
16864,16864
16865,16865
16866,16866
16867,16867
16868,16868
16869,16869
16870,16870
16871,16871
16872,16872
16873,16873
16874,16874
16875,16875
16876,16876
16877,16877
16878,16878
16879,16879
16880,16880
16881,16881
16882,16882
16883,16883
16884,16884
16885,16885
16886,16886
16887,16887
16888,16888
16889,16889
16890,16890
16891,16891
16892,16892
16893,16893
16894,16894
16895,16895
16896,16896
16897,16897
16898,16898
16899,16899
16900,16900
16901,16901
16902,16902
16903,16903
16904,16904
16905,16905
16906,16906
16907,16907
16908,16908
16909,16909
16910,16910
16911,16911
16912,16912
16913,16913
16914,16914
16915,16915
16916,16916
16917,16917
16918,16918
16919,16919
16920,16920
16921,16921
16922,16922
16923,16923
16924,16924
16925,16925
16926,16926
16927,16927
16928,16928
16929,16929
16930,16930
16931,16931
16932,16932
16933,16933
16934,16934
16935,16935
16936,16936
16937,16937
16938,16938
16939,16939
16940,16940
16941,16941
16942,16942
16943,16943
16944,16944
16945,16945
16946,16946
16947,16947
16948,16948
16949,16949
16950,16950
16951,16951
16952,16952
16953,16953
16954,16954
16955,16955
16956,16956
16957,16957
16958,16958
16959,16959
16960,16960
16961,16961
16962,16962
16963,16963
16964,16964
16965,16965
16966,16966
16967,16967
16968,16968
16969,16969
16970,16970
16971,16971
16972,16972
16973,16973
16974,16974
16975,16975
16976,16976
16977,16977
16978,16978
16979,16979
16980,16980
16981,16981
16982,16982
16983,16983
16984,16984
16985,16985
16986,16986
16987,16987
16988,16988
16989,16989
16990,16990
16991,16991
16992,16992
16993,16993
16994,16994
16995,16995
16996,16996
16997,16997
16998,16998
16999,16999
17000,17000
17001,17001
17002,17002
17003,17003
17004,17004
17005,17005
17006,17006
17007,17007
17008,17008
17009,17009
17010,17010
17011,17011
17012,17012
17013,17013
17014,17014
17015,17015
17016,17016
17017,17017
17018,17018
17019,17019
17020,17020
17021,17021
17022,17022
17023,17023
17024,17024
17025,17025
17026,17026
17027,17027
17028,17028
17029,17029
17030,17030
17031,17031
17032,17032
17033,17033
17034,17034
17035,17035
17036,17036
17037,17037
17038,17038
17039,17039
17040,17040
17041,17041
17042,17042
17043,17043
17044,17044
17045,17045
17046,17046
17047,17047
17048,17048
17049,17049
17050,17050
17051,17051
17052,17052
17053,17053
17054,17054
17055,17055
17056,17056
17057,17057
17058,17058
17059,17059
17060,17060
17061,17061
17062,17062
17063,17063
17064,17064
17065,17065
17066,17066
17067,17067
17068,17068
17069,17069
17070,17070
17071,17071
17072,17072
17073,17073
17074,17074
17075,17075
17076,17076
17077,17077
17078,17078
17079,17079
17080,17080
17081,17081
17082,17082
17083,17083
17084,17084
17085,17085
17086,17086
17087,17087
17088,17088
17089,17089
17090,17090
17091,17091
17092,17092
17093,17093
17094,17094
17095,17095
17096,17096
17097,17097
17098,17098
17099,17099
17100,17100
17101,17101
17102,17102
17103,17103
17104,17104
17105,17105
17106,17106
17107,17107
17108,17108
17109,17109
17110,17110
17111,17111
17112,17112
17113,17113
17114,17114
17115,17115
17116,17116
17117,17117
17118,17118
17119,17119
17120,17120
17121,17121
17122,17122
17123,17123
17124,17124
17125,17125
17126,17126
17127,17127
17128,17128
17129,17129
17130,17130
17131,17131
17132,17132
17133,17133
17134,17134
17135,17135
17136,17136
17137,17137
17138,17138
17139,17139
17140,17140
17141,17141
17142,17142
17143,17143
17144,17144
17145,17145
17146,17146
17147,17147
17148,17148
17149,17149
17150,17150
17151,17151
17152,17152
17153,17153
17154,17154
17155,17155
17156,17156
17157,17157
17158,17158
17159,17159
17160,17160
17161,17161
17162,17162
17163,17163
17164,17164
17165,17165
17166,17166
17167,17167
17168,17168
17169,17169
17170,17170
17171,17171
17172,17172
17173,17173
17174,17174
17175,17175
17176,17176
17177,17177
17178,17178
17179,17179
17180,17180
17181,17181
17182,17182
17183,17183
17184,17184
17185,17185
17186,17186
17187,17187
17188,17188
17189,17189
17190,17190
17191,17191
17192,17192
17193,17193
17194,17194
17195,17195
17196,17196
17197,17197
17198,17198
17199,17199
17200,17200
17201,17201
17202,17202
17203,17203
17204,17204
17205,17205
17206,17206
17207,17207
17208,17208
17209,17209
17210,17210
17211,17211
17212,17212
17213,17213
17214,17214
17215,17215
17216,17216
17217,17217
17218,17218
17219,17219
17220,17220
17221,17221
17222,17222
17223,17223
17224,17224
17225,17225
17226,17226
17227,17227
17228,17228
17229,17229
17230,17230
17231,17231
17232,17232
17233,17233
17234,17234
17235,17235
17236,17236
17237,17237
17238,17238
17239,17239
17240,17240
17241,17241
17242,17242
17243,17243
17244,17244
17245,17245
17246,17246
17247,17247
17248,17248
17249,17249
17250,17250
17251,17251
17252,17252
17253,17253
17254,17254
17255,17255
17256,17256
17257,17257
17258,17258
17259,17259
17260,17260
17261,17261
17262,17262
17263,17263
17264,17264
17265,17265
17266,17266
17267,17267
17268,17268
17269,17269
17270,17270
17271,17271
17272,17272
17273,17273
17274,17274
17275,17275
17276,17276
17277,17277
17278,17278
17279,17279
17280,17280
17281,17281
17282,17282
17283,17283
17284,17284
17285,17285
17286,17286
17287,17287
17288,17288
17289,17289
17290,17290
17291,17291
17292,17292
17293,17293
17294,17294
17295,17295
17296,17296
17297,17297
17298,17298
17299,17299
17300,17300
17301,17301
17302,17302
17303,17303
17304,17304
17305,17305
17306,17306
17307,17307
17308,17308
17309,17309
17310,17310
17311,17311
17312,17312
17313,17313
17314,17314
17315,17315
17316,17316
17317,17317
17318,17318
17319,17319
17320,17320
17321,17321
17322,17322
17323,17323
17324,17324
17325,17325
17326,17326
17327,17327
17328,17328
17329,17329
17330,17330
17331,17331
17332,17332
17333,17333
17334,17334
17335,17335
17336,17336
17337,17337
17338,17338
17339,17339
17340,17340
17341,17341
17342,17342
17343,17343
17344,17344
17345,17345
17346,17346
17347,17347
17348,17348
17349,17349
17350,17350
17351,17351
17352,17352
17353,17353
17354,17354
17355,17355
17356,17356
17357,17357
17358,17358
17359,17359
17360,17360
17361,17361
17362,17362
17363,17363
17364,17364
17365,17365
17366,17366
17367,17367
17368,17368
17369,17369
17370,17370
17371,17371
17372,17372
17373,17373
17374,17374
17375,17375
17376,17376
17377,17377
17378,17378
17379,17379
17380,17380
17381,17381
17382,17382
17383,17383
17384,17384
17385,17385
17386,17386
17387,17387
17388,17388
17389,17389
17390,17390
17391,17391
17392,17392
17393,17393
17394,17394
17395,17395
17396,17396
17397,17397
17398,17398
17399,17399
17400,17400
17401,17401
17402,17402
17403,17403
17404,17404
17405,17405
17406,17406
17407,17407
17408,17408
17409,17409
17410,17410
17411,17411
17412,17412
17413,17413
17414,17414
17415,17415
17416,17416
17417,17417
17418,17418
17419,17419
17420,17420
17421,17421
17422,17422
17423,17423
17424,17424
17425,17425
17426,17426
17427,17427
17428,17428
17429,17429
17430,17430
17431,17431
17432,17432
17433,17433
17434,17434
17435,17435
17436,17436
17437,17437
17438,17438
17439,17439
17440,17440
17441,17441
17442,17442
17443,17443
17444,17444
17445,17445
17446,17446
17447,17447
17448,17448
17449,17449
17450,17450
17451,17451
17452,17452
17453,17453
17454,17454
17455,17455
17456,17456
17457,17457
17458,17458
17459,17459
17460,17460
17461,17461
17462,17462
17463,17463
17464,17464
17465,17465
17466,17466
17467,17467
17468,17468
17469,17469
17470,17470
17471,17471
17472,17472
17473,17473
17474,17474
17475,17475
17476,17476
17477,17477
17478,17478
17479,17479
17480,17480
17481,17481
17482,17482
17483,17483
17484,17484
17485,17485
17486,17486
17487,17487
17488,17488
17489,17489
17490,17490
17491,17491
17492,17492
17493,17493
17494,17494
17495,17495
17496,17496
17497,17497
17498,17498
17499,17499
17500,17500
17501,17501
17502,17502
17503,17503
17504,17504
17505,17505
17506,17506
17507,17507
17508,17508
17509,17509
17510,17510
17511,17511
17512,17512
17513,17513
17514,17514
17515,17515
17516,17516
17517,17517
17518,17518
17519,17519
17520,17520
17521,17521
17522,17522
17523,17523
17524,17524
17525,17525
17526,17526
17527,17527
17528,17528
17529,17529
17530,17530
17531,17531
17532,17532
17533,17533
17534,17534
17535,17535
17536,17536
17537,17537
17538,17538
17539,17539
17540,17540
17541,17541
17542,17542
17543,17543
17544,17544
17545,17545
17546,17546
17547,17547
17548,17548
17549,17549
17550,17550
17551,17551
17552,17552
17553,17553
17554,17554
17555,17555
17556,17556
17557,17557
17558,17558
17559,17559
17560,17560
17561,17561
17562,17562
17563,17563
17564,17564
17565,17565
17566,17566
17567,17567
17568,17568
17569,17569
17570,17570
17571,17571
17572,17572
17573,17573
17574,17574
17575,17575
17576,17576
17577,17577
17578,17578
17579,17579
17580,17580
17581,17581
17582,17582
17583,17583
17584,17584
17585,17585
17586,17586
17587,17587
17588,17588
17589,17589
17590,17590
17591,17591
17592,17592
17593,17593
17594,17594
17595,17595
17596,17596
17597,17597
17598,17598
17599,17599
17600,17600
17601,17601
17602,17602
17603,17603
17604,17604
17605,17605
17606,17606
17607,17607
17608,17608
17609,17609
17610,17610
17611,17611
17612,17612
17613,17613
17614,17614
17615,17615
17616,17616
17617,17617
17618,17618
17619,17619
17620,17620
17621,17621
17622,17622
17623,17623
17624,17624
17625,17625
17626,17626
17627,17627
17628,17628
17629,17629
17630,17630
17631,17631
17632,17632
17633,17633
17634,17634
17635,17635
17636,17636
17637,17637
17638,17638
17639,17639
17640,17640
17641,17641
17642,17642
17643,17643
17644,17644
17645,17645
17646,17646
17647,17647
17648,17648
17649,17649
17650,17650
17651,17651
17652,17652
17653,17653
17654,17654
17655,17655
17656,17656
17657,17657
17658,17658
17659,17659
17660,17660
17661,17661
17662,17662
17663,17663
17664,17664
17665,17665
17666,17666
17667,17667
17668,17668
17669,17669
17670,17670
17671,17671
17672,17672
17673,17673
17674,17674
17675,17675
17676,17676
17677,17677
17678,17678
17679,17679
17680,17680
17681,17681
17682,17682
17683,17683
17684,17684
17685,17685
17686,17686
17687,17687
17688,17688
17689,17689
17690,17690
17691,17691
17692,17692
17693,17693
17694,17694
17695,17695
17696,17696
17697,17697
17698,17698
17699,17699
17700,17700
17701,17701
17702,17702
17703,17703
17704,17704
17705,17705
17706,17706
17707,17707
17708,17708
17709,17709
17710,17710
17711,17711
17712,17712
17713,17713
17714,17714
17715,17715
17716,17716
17717,17717
17718,17718
17719,17719
17720,17720
17721,17721
17722,17722
17723,17723
17724,17724
17725,17725
17726,17726
17727,17727
17728,17728
17729,17729
17730,17730
17731,17731
17732,17732
17733,17733
17734,17734
17735,17735
17736,17736
17737,17737
17738,17738
17739,17739
17740,17740
17741,17741
17742,17742
17743,17743
17744,17744
17745,17745
17746,17746
17747,17747
17748,17748
17749,17749
17750,17750
17751,17751
17752,17752
17753,17753
17754,17754
17755,17755
17756,17756
17757,17757
17758,17758
17759,17759
17760,17760
17761,17761
17762,17762
17763,17763
17764,17764
17765,17765
17766,17766
17767,17767
17768,17768
17769,17769
17770,17770
17771,17771
17772,17772
17773,17773
17774,17774
17775,17775
17776,17776
17777,17777
17778,17778
17779,17779
17780,17780
17781,17781
17782,17782
17783,17783
17784,17784
17785,17785
17786,17786
17787,17787
17788,17788
17789,17789
17790,17790
17791,17791
17792,17792
17793,17793
17794,17794
17795,17795
17796,17796
17797,17797
17798,17798
17799,17799
17800,17800
17801,17801
17802,17802
17803,17803
17804,17804
17805,17805
17806,17806
17807,17807
17808,17808
17809,17809
17810,17810
17811,17811
17812,17812
17813,17813
17814,17814
17815,17815
17816,17816
17817,17817
17818,17818
17819,17819
17820,17820
17821,17821
17822,17822
17823,17823
17824,17824
17825,17825
17826,17826
17827,17827
17828,17828
17829,17829
17830,17830
17831,17831
17832,17832
17833,17833
17834,17834
17835,17835
17836,17836
17837,17837
17838,17838
17839,17839
17840,17840
17841,17841
17842,17842
17843,17843
17844,17844
17845,17845
17846,17846
17847,17847
17848,17848
17849,17849
17850,17850
17851,17851
17852,17852
17853,17853
17854,17854
17855,17855
17856,17856
17857,17857
17858,17858
17859,17859
17860,17860
17861,17861
17862,17862
17863,17863
17864,17864
17865,17865
17866,17866
17867,17867
17868,17868
17869,17869
17870,17870
17871,17871
17872,17872
17873,17873
17874,17874
17875,17875
17876,17876
17877,17877
17878,17878
17879,17879
17880,17880
17881,17881
17882,17882
17883,17883
17884,17884
17885,17885
17886,17886
17887,17887
17888,17888
17889,17889
17890,17890
17891,17891
17892,17892
17893,17893
17894,17894
17895,17895
17896,17896
17897,17897
17898,17898
17899,17899
17900,17900
17901,17901
17902,17902
17903,17903
17904,17904
17905,17905
17906,17906
17907,17907
17908,17908
17909,17909
17910,17910
17911,17911
17912,17912
17913,17913
17914,17914
17915,17915
17916,17916
17917,17917
17918,17918
17919,17919
17920,17920
17921,17921
17922,17922
17923,17923
17924,17924
17925,17925
17926,17926
17927,17927
17928,17928
17929,17929
17930,17930
17931,17931
17932,17932
17933,17933
17934,17934
17935,17935
17936,17936
17937,17937
17938,17938
17939,17939
17940,17940
17941,17941
17942,17942
17943,17943
17944,17944
17945,17945
17946,17946
17947,17947
17948,17948
17949,17949
17950,17950
17951,17951
17952,17952
17953,17953
17954,17954
17955,17955
17956,17956
17957,17957
17958,17958
17959,17959
17960,17960
17961,17961
17962,17962
17963,17963
17964,17964
17965,17965
17966,17966
17967,17967
17968,17968
17969,17969
17970,17970
17971,17971
17972,17972
17973,17973
17974,17974
17975,17975
17976,17976
17977,17977
17978,17978
17979,17979
17980,17980
17981,17981
17982,17982
17983,17983
17984,17984
17985,17985
17986,17986
17987,17987
17988,17988
17989,17989
17990,17990
17991,17991
17992,17992
17993,17993
17994,17994
17995,17995
17996,17996
17997,17997
17998,17998
17999,17999
18000,18000
18001,18001
18002,18002
18003,18003
18004,18004
18005,18005
18006,18006
18007,18007
18008,18008
18009,18009
18010,18010
18011,18011
18012,18012
18013,18013
18014,18014
18015,18015
18016,18016
18017,18017
18018,18018
18019,18019
18020,18020
18021,18021
18022,18022
18023,18023
18024,18024
18025,18025
18026,18026
18027,18027
18028,18028
18029,18029
18030,18030
18031,18031
18032,18032
18033,18033
18034,18034
18035,18035
18036,18036
18037,18037
18038,18038
18039,18039
18040,18040
18041,18041
18042,18042
18043,18043
18044,18044
18045,18045
18046,18046
18047,18047
18048,18048
18049,18049
18050,18050
18051,18051
18052,18052
18053,18053
18054,18054
18055,18055
18056,18056
18057,18057
18058,18058
18059,18059
18060,18060
18061,18061
18062,18062
18063,18063
18064,18064
18065,18065
18066,18066
18067,18067
18068,18068
18069,18069
18070,18070
18071,18071
18072,18072
18073,18073
18074,18074
18075,18075
18076,18076
18077,18077
18078,18078
18079,18079
18080,18080
18081,18081
18082,18082
18083,18083
18084,18084
18085,18085
18086,18086
18087,18087
18088,18088
18089,18089
18090,18090
18091,18091
18092,18092
18093,18093
18094,18094
18095,18095
18096,18096
18097,18097
18098,18098
18099,18099
18100,18100
18101,18101
18102,18102
18103,18103
18104,18104
18105,18105
18106,18106
18107,18107
18108,18108
18109,18109
18110,18110
18111,18111
18112,18112
18113,18113
18114,18114
18115,18115
18116,18116
18117,18117
18118,18118
18119,18119
18120,18120
18121,18121
18122,18122
18123,18123
18124,18124
18125,18125
18126,18126
18127,18127
18128,18128
18129,18129
18130,18130
18131,18131
18132,18132
18133,18133
18134,18134
18135,18135
18136,18136
18137,18137
18138,18138
18139,18139
18140,18140
18141,18141
18142,18142
18143,18143
18144,18144
18145,18145
18146,18146
18147,18147
18148,18148
18149,18149
18150,18150
18151,18151
18152,18152
18153,18153
18154,18154
18155,18155
18156,18156
18157,18157
18158,18158
18159,18159
18160,18160
18161,18161
18162,18162
18163,18163
18164,18164
18165,18165
18166,18166
18167,18167
18168,18168
18169,18169
18170,18170
18171,18171
18172,18172
18173,18173
18174,18174
18175,18175
18176,18176
18177,18177
18178,18178
18179,18179
18180,18180
18181,18181
18182,18182
18183,18183
18184,18184
18185,18185
18186,18186
18187,18187
18188,18188
18189,18189
18190,18190
18191,18191
18192,18192
18193,18193
18194,18194
18195,18195
18196,18196
18197,18197
18198,18198
18199,18199
18200,18200
18201,18201
18202,18202
18203,18203
18204,18204
18205,18205
18206,18206
18207,18207
18208,18208
18209,18209
18210,18210
18211,18211
18212,18212
18213,18213
18214,18214
18215,18215
18216,18216
18217,18217
18218,18218
18219,18219
18220,18220
18221,18221
18222,18222
18223,18223
18224,18224
18225,18225
18226,18226
18227,18227
18228,18228
18229,18229
18230,18230
18231,18231
18232,18232
18233,18233
18234,18234
18235,18235
18236,18236
18237,18237
18238,18238
18239,18239
18240,18240
18241,18241
18242,18242
18243,18243
18244,18244
18245,18245
18246,18246
18247,18247
18248,18248
18249,18249
18250,18250
18251,18251
18252,18252
18253,18253
18254,18254
18255,18255
18256,18256
18257,18257
18258,18258
18259,18259
18260,18260
18261,18261
18262,18262
18263,18263
18264,18264
18265,18265
18266,18266
18267,18267
18268,18268
18269,18269
18270,18270
18271,18271
18272,18272
18273,18273
18274,18274
18275,18275
18276,18276
18277,18277
18278,18278
18279,18279
18280,18280
18281,18281
18282,18282
18283,18283
18284,18284
18285,18285
18286,18286
18287,18287
18288,18288
18289,18289
18290,18290
18291,18291
18292,18292
18293,18293
18294,18294
18295,18295
18296,18296
18297,18297
18298,18298
18299,18299
18300,18300
18301,18301
18302,18302
18303,18303
18304,18304
18305,18305
18306,18306
18307,18307
18308,18308
18309,18309
18310,18310
18311,18311
18312,18312
18313,18313
18314,18314
18315,18315
18316,18316
18317,18317
18318,18318
18319,18319
18320,18320
18321,18321
18322,18322
18323,18323
18324,18324
18325,18325
18326,18326
18327,18327
18328,18328
18329,18329
18330,18330
18331,18331
18332,18332
18333,18333
18334,18334
18335,18335
18336,18336
18337,18337
18338,18338
18339,18339
18340,18340
18341,18341
18342,18342
18343,18343
18344,18344
18345,18345
18346,18346
18347,18347
18348,18348
18349,18349
18350,18350
18351,18351
18352,18352
18353,18353
18354,18354
18355,18355
18356,18356
18357,18357
18358,18358
18359,18359
18360,18360
18361,18361
18362,18362
18363,18363
18364,18364
18365,18365
18366,18366
18367,18367
18368,18368
18369,18369
18370,18370
18371,18371
18372,18372
18373,18373
18374,18374
18375,18375
18376,18376
18377,18377
18378,18378
18379,18379
18380,18380
18381,18381
18382,18382
18383,18383
18384,18384
18385,18385
18386,18386
18387,18387
18388,18388
18389,18389
18390,18390
18391,18391
18392,18392
18393,18393
18394,18394
18395,18395
18396,18396
18397,18397
18398,18398
18399,18399
18400,18400
18401,18401
18402,18402
18403,18403
18404,18404
18405,18405
18406,18406
18407,18407
18408,18408
18409,18409
18410,18410
18411,18411
18412,18412
18413,18413
18414,18414
18415,18415
18416,18416
18417,18417
18418,18418
18419,18419
18420,18420
18421,18421
18422,18422
18423,18423
18424,18424
18425,18425
18426,18426
18427,18427
18428,18428
18429,18429
18430,18430
18431,18431
18432,18432
18433,0
18434,1
18435,2
18436,3
18437,4
18438,5
18439,6
18440,7
18441,8
18442,9
18443,10
18444,11
18445,12
18446,13
18447,14
18448,15
18449,16
18450,17
18451,18
18452,19
18453,20
18454,21
18455,22
18456,23
18457,24
18458,25
18459,26
18460,27
18461,28
18462,29
18463,30
18464,31
18465,32
18466,33
18467,34
18468,35
18469,36
18470,37
18471,38
18472,39
18473,40
18474,41
18475,42
18476,43
18477,44
18478,45
18479,46
18480,47
18481,48
18482,49
18483,50
18484,51
18485,52
18486,53
18487,54
18488,55
18489,56
18490,57
18491,58
18492,59
18493,60
18494,61
18495,62
18496,63
18497,64
18498,65
18499,66
18500,67
18501,68
18502,69
18503,70
18504,71
18505,72
18506,73
18507,74
18508,75
18509,76
18510,77
18511,78
18512,79
18513,80
18514,81
18515,82
18516,83
18517,84
18518,85
18519,86
18520,87
18521,88
18522,89
18523,90
18524,91
18525,92
18526,93
18527,94
18528,95
18529,96
18530,97
18531,98
18532,99
18533,100
18534,101
18535,102
18536,103
18537,104
18538,105
18539,106
18540,107
18541,108
18542,109
18543,110
18544,111
18545,112
18546,113
18547,114
18548,115
18549,116
18550,117
18551,118
18552,119
18553,120
18554,121
18555,122
18556,123
18557,124
18558,125
18559,126
18560,127
18561,128
18562,129
18563,130
18564,131
18565,132
18566,133
18567,134
18568,135
18569,136
18570,137
18571,138
18572,139
18573,140
18574,141
18575,142
18576,143
18577,144
18578,145
18579,146
18580,147
18581,148
18582,149
18583,150
18584,151
18585,152
18586,153
18587,154
18588,155
18589,156
18590,157
18591,158
18592,159
18593,160
18594,161
18595,162
18596,163
18597,164
18598,165
18599,166
18600,167
18601,168
18602,169
18603,170
18604,171
18605,172
18606,173
18607,174
18608,175
18609,176
18610,177
18611,178
18612,179
18613,180
18614,181
18615,182
18616,183
18617,184
18618,185
18619,186
18620,187
18621,188
18622,189
18623,190
18624,191
18625,192
18626,193
18627,194
18628,195
18629,196
18630,197
18631,198
18632,199
18633,200
18634,201
18635,202
18636,203
18637,204
18638,205
18639,206
18640,207
18641,208
18642,209
18643,210
18644,211
18645,212
18646,213
18647,214
18648,215
18649,216
18650,217
18651,218
18652,219
18653,220
18654,221
18655,222
18656,223
18657,224
18658,225
18659,226
18660,227
18661,228
18662,229
18663,230
18664,231
18665,232
18666,233
18667,234
18668,235
18669,236
18670,237
18671,238
18672,239
18673,240
18674,241
18675,242
18676,243
18677,244
18678,245
18679,246
18680,247
18681,248
18682,249
18683,250
18684,251
18685,252
18686,253
18687,254
18688,255
18689,256
18690,257
18691,258
18692,259
18693,260
18694,261
18695,262
18696,263
18697,264
18698,265
18699,266
18700,267
18701,268
18702,269
18703,270
18704,271
18705,272
18706,273
18707,274
18708,275
18709,276
18710,277
18711,278
18712,279
18713,280
18714,281
18715,282
18716,283
18717,284
18718,285
18719,286
18720,287
18721,288
18722,289
18723,290
18724,291
18725,292
18726,293
18727,294
18728,295
18729,296
18730,297
18731,298
18732,299
18733,300
18734,301
18735,302
18736,303
18737,304
18738,305
18739,306
18740,307
18741,308
18742,309
18743,310
18744,311
18745,312
18746,313
18747,314
18748,315
18749,316
18750,317
18751,318
18752,319
18753,320
18754,321
18755,322
18756,323
18757,324
18758,325
18759,326
18760,327
18761,328
18762,329
18763,330
18764,331
18765,332
18766,333
18767,334
18768,335
18769,336
18770,337
18771,338
18772,339
18773,340
18774,341
18775,342
18776,343
18777,344
18778,345
18779,346
18780,347
18781,348
18782,349
18783,350
18784,351
18785,352
18786,353
18787,354
18788,355
18789,356
18790,357
18791,358
18792,359
18793,360
18794,361
18795,362
18796,363
18797,364
18798,365
18799,366
18800,367
18801,368
18802,369
18803,370
18804,371
18805,372
18806,373
18807,374
18808,375
18809,376
18810,377
18811,378
18812,379
18813,380
18814,381
18815,382
18816,383
18817,384
18818,385
18819,386
18820,387
18821,388
18822,389
18823,390
18824,391
18825,392
18826,393
18827,394
18828,395
18829,396
18830,397
18831,398
18832,399
18833,400
18834,401
18835,402
18836,403
18837,404
18838,405
18839,406
18840,407
18841,408
18842,409
18843,410
18844,411
18845,412
18846,413
18847,414
18848,415
18849,416
18850,417
18851,418
18852,419
18853,420
18854,421
18855,422
18856,423
18857,424
18858,425
18859,426
18860,427
18861,428
18862,429
18863,430
18864,431
18865,432
18866,433
18867,434
18868,435
18869,436
18870,437
18871,438
18872,439
18873,440
18874,441
18875,442
18876,443
18877,444
18878,445
18879,446
18880,447
18881,448
18882,449
18883,450
18884,451
18885,452
18886,453
18887,454
18888,455
18889,456
18890,457
18891,458
18892,459
18893,460
18894,461
18895,462
18896,463
18897,464
18898,465
18899,466
18900,467
18901,468
18902,469
18903,470
18904,471
18905,472
18906,473
18907,474
18908,475
18909,476
18910,477
18911,478
18912,479
18913,480
18914,481
18915,482
18916,483
18917,484
18918,485
18919,486
18920,487
18921,488
18922,489
18923,490
18924,491
18925,492
18926,493
18927,494
18928,495
18929,496
18930,497
18931,498
18932,499
18933,500
18934,501
18935,502
18936,503
18937,504
18938,505
18939,506
18940,507
18941,508
18942,509
18943,510
18944,511
18945,512
18946,513
18947,514
18948,515
18949,516
18950,517
18951,518
18952,519
18953,520
18954,521
18955,522
18956,523
18957,524
18958,525
18959,526
18960,527
18961,528
18962,529
18963,530
18964,531
18965,532
18966,533
18967,534
18968,535
18969,536
18970,537
18971,538
18972,539
18973,540
18974,541
18975,542
18976,543
18977,544
18978,545
18979,546
18980,547
18981,548
18982,549
18983,550
18984,551
18985,552
18986,553
18987,554
18988,555
18989,556
18990,557
18991,558
18992,559
18993,560
18994,561
18995,562
18996,563
18997,564
18998,565
18999,566
19000,567
19001,568
19002,569
19003,570
19004,571
19005,572
19006,573
19007,574
19008,575
19009,576
19010,577
19011,578
19012,579
19013,580
19014,581
19015,582
19016,583
19017,584
19018,585
19019,586
19020,587
19021,588
19022,589
19023,590
19024,591
19025,592
19026,593
19027,594
19028,595
19029,596
19030,597
19031,598
19032,599
19033,600
19034,601
19035,602
19036,603
19037,604
19038,605
19039,606
19040,607
19041,608
19042,609
19043,610
19044,611
19045,612
19046,613
19047,614
19048,615
19049,616
19050,617
19051,618
19052,619
19053,620
19054,621
19055,622
19056,623
19057,624
19058,625
19059,626
19060,627
19061,628
19062,629
19063,630
19064,631
19065,632
19066,633
19067,634
19068,635
19069,636
19070,637
19071,638
19072,639
19073,640
19074,641
19075,642
19076,643
19077,644
19078,645
19079,646
19080,647
19081,648
19082,649
19083,650
19084,651
19085,652
19086,653
19087,654
19088,655
19089,656
19090,657
19091,658
19092,659
19093,660
19094,661
19095,662
19096,663
19097,664
19098,665
19099,666
19100,667
19101,668
19102,669
19103,670
19104,671
19105,672
19106,673
19107,674
19108,675
19109,676
19110,677
19111,678
19112,679
19113,680
19114,681
19115,682
19116,683
19117,684
19118,685
19119,686
19120,687
19121,688
19122,689
19123,690
19124,691
19125,692
19126,693
19127,694
19128,695
19129,696
19130,697
19131,698
19132,699
19133,700
19134,701
19135,702
19136,703
19137,704
19138,705
19139,706
19140,707
19141,708
19142,709
19143,710
19144,711
19145,712
19146,713
19147,714
19148,715
19149,716
19150,717
19151,718
19152,719
19153,720
19154,721
19155,722
19156,723
19157,724
19158,725
19159,726
19160,727
19161,728
19162,729
19163,730
19164,731
19165,732
19166,733
19167,734
19168,735
19169,736
19170,737
19171,738
19172,739
19173,740
19174,741
19175,742
19176,743
19177,744
19178,745
19179,746
19180,747
19181,748
19182,749
19183,750
19184,751
19185,752
19186,753
19187,754
19188,755
19189,756
19190,757
19191,758
19192,759
19193,760
19194,761
19195,762
19196,763
19197,764
19198,765
19199,766
19200,767
19201,768
19202,769
19203,770
19204,771
19205,772
19206,773
19207,774
19208,775
19209,776
19210,777
19211,778
19212,779
19213,780
19214,781
19215,782
19216,783
19217,784
19218,785
19219,786
19220,787
19221,788
19222,789
19223,790
19224,791
19225,792
19226,793
19227,794
19228,795
19229,796
19230,797
19231,798
19232,799
19233,800
19234,801
19235,802
19236,803
19237,804
19238,805
19239,806
19240,807
19241,808
19242,809
19243,810
19244,811
19245,812
19246,813
19247,814
19248,815
19249,816
19250,817
19251,818
19252,819
19253,820
19254,821
19255,822
19256,823
19257,824
19258,825
19259,826
19260,827
19261,828
19262,829
19263,830
19264,831
19265,832
19266,833
19267,834
19268,835
19269,836
19270,837
19271,838
19272,839
19273,840
19274,841
19275,842
19276,843
19277,844
19278,845
19279,846
19280,847
19281,848
19282,849
19283,850
19284,851
19285,852
19286,853
19287,854
19288,855
19289,856
19290,857
19291,858
19292,859
19293,860
19294,861
19295,862
19296,863
19297,864
19298,865
19299,866
19300,867
19301,868
19302,869
19303,870
19304,871
19305,872
19306,873
19307,874
19308,875
19309,876
19310,877
19311,878
19312,879
19313,880
19314,881
19315,882
19316,883
19317,884
19318,885
19319,886
19320,887
19321,888
19322,889
19323,890
19324,891
19325,892
19326,893
19327,894
19328,895
19329,896
19330,897
19331,898
19332,899
19333,900
19334,901
19335,902
19336,903
19337,904
19338,905
19339,906
19340,907
19341,908
19342,909
19343,910
19344,911
19345,912
19346,913
19347,914
19348,915
19349,916
19350,917
19351,918
19352,919
19353,920
19354,921
19355,922
19356,923
19357,924
19358,925
19359,926
19360,927
19361,928
19362,929
19363,930
19364,931
19365,932
19366,933
19367,934
19368,935
19369,936
19370,937
19371,938
19372,939
19373,940
19374,941
19375,942
19376,943
19377,944
19378,945
19379,946
19380,947
19381,948
19382,949
19383,950
19384,951
19385,952
19386,953
19387,954
19388,955
19389,956
19390,957
19391,958
19392,959
19393,960
19394,961
19395,962
19396,963
19397,964
19398,965
19399,966
19400,967
19401,968
19402,969
19403,970
19404,971
19405,972
19406,973
19407,974
19408,975
19409,976
19410,977
19411,978
19412,979
19413,980
19414,981
19415,982
19416,983
19417,984
19418,985
19419,986
19420,987
19421,988
19422,989
19423,990
19424,991
19425,992
19426,993
19427,994
19428,995
19429,996
19430,997
19431,998
19432,999
19433,1000
19434,1001
19435,1002
19436,1003
19437,1004
19438,1005
19439,1006
19440,1007
19441,1008
19442,1009
19443,1010
19444,1011
19445,1012
19446,1013
19447,1014
19448,1015
19449,1016
19450,1017
19451,1018
19452,1019
19453,1020
19454,1021
19455,1022
19456,1023
19457,1024
19458,1025
19459,1026
19460,1027
19461,1028
19462,1029
19463,1030
19464,1031
19465,1032
19466,1033
19467,1034
19468,1035
19469,1036
19470,1037
19471,1038
19472,1039
19473,1040
19474,1041
19475,1042
19476,1043
19477,1044
19478,1045
19479,1046
19480,1047
19481,1048
19482,1049
19483,1050
19484,1051
19485,1052
19486,1053
19487,1054
19488,1055
19489,1056
19490,1057
19491,1058
19492,1059
19493,1060
19494,1061
19495,1062
19496,1063
19497,1064
19498,1065
19499,1066
19500,1067
19501,1068
19502,1069
19503,1070
19504,1071
19505,1072
19506,1073
19507,1074
19508,1075
19509,1076
19510,1077
19511,1078
19512,1079
19513,1080
19514,1081
19515,1082
19516,1083
19517,1084
19518,1085
19519,1086
19520,1087
19521,1088
19522,1089
19523,1090
19524,1091
19525,1092
19526,1093
19527,1094
19528,1095
19529,1096
19530,1097
19531,1098
19532,1099
19533,1100
19534,1101
19535,1102
19536,1103
19537,1104
19538,1105
19539,1106
19540,1107
19541,1108
19542,1109
19543,1110
19544,1111
19545,1112
19546,1113
19547,1114
19548,1115
19549,1116
19550,1117
19551,1118
19552,1119
19553,1120
19554,1121
19555,1122
19556,1123
19557,1124
19558,1125
19559,1126
19560,1127
19561,1128
19562,1129
19563,1130
19564,1131
19565,1132
19566,1133
19567,1134
19568,1135
19569,1136
19570,1137
19571,1138
19572,1139
19573,1140
19574,1141
19575,1142
19576,1143
19577,1144
19578,1145
19579,1146
19580,1147
19581,1148
19582,1149
19583,1150
19584,1151
19585,1152
19586,1153
19587,1154
19588,1155
19589,1156
19590,1157
19591,1158
19592,1159
19593,1160
19594,1161
19595,1162
19596,1163
19597,1164
19598,1165
19599,1166
19600,1167
19601,1168
19602,1169
19603,1170
19604,1171
19605,1172
19606,1173
19607,1174
19608,1175
19609,1176
19610,1177
19611,1178
19612,1179
19613,1180
19614,1181
19615,1182
19616,1183
19617,1184
19618,1185
19619,1186
19620,1187
19621,1188
19622,1189
19623,1190
19624,1191
19625,1192
19626,1193
19627,1194
19628,1195
19629,1196
19630,1197
19631,1198
19632,1199
19633,1200
19634,1201
19635,1202
19636,1203
19637,1204
19638,1205
19639,1206
19640,1207
19641,1208
19642,1209
19643,1210
19644,1211
19645,1212
19646,1213
19647,1214
19648,1215
19649,1216
19650,1217
19651,1218
19652,1219
19653,1220
19654,1221
19655,1222
19656,1223
19657,1224
19658,1225
19659,1226
19660,1227
19661,1228
19662,1229
19663,1230
19664,1231
19665,1232
19666,1233
19667,1234
19668,1235
19669,1236
19670,1237
19671,1238
19672,1239
19673,1240
19674,1241
19675,1242
19676,1243
19677,1244
19678,1245
19679,1246
19680,1247
19681,1248
19682,1249
19683,1250
19684,1251
19685,1252
19686,1253
19687,1254
19688,1255
19689,1256
19690,1257
19691,1258
19692,1259
19693,1260
19694,1261
19695,1262
19696,1263
19697,1264
19698,1265
19699,1266
19700,1267
19701,1268
19702,1269
19703,1270
19704,1271
19705,1272
19706,1273
19707,1274
19708,1275
19709,1276
19710,1277
19711,1278
19712,1279
19713,1280
19714,1281
19715,1282
19716,1283
19717,1284
19718,1285
19719,1286
19720,1287
19721,1288
19722,1289
19723,1290
19724,1291
19725,1292
19726,1293
19727,1294
19728,1295
19729,1296
19730,1297
19731,1298
19732,1299
19733,1300
19734,1301
19735,1302
19736,1303
19737,1304
19738,1305
19739,1306
19740,1307
19741,1308
19742,1309
19743,1310
19744,1311
19745,1312
19746,1313
19747,1314
19748,1315
19749,1316
19750,1317
19751,1318
19752,1319
19753,1320
19754,1321
19755,1322
19756,1323
19757,1324
19758,1325
19759,1326
19760,1327
19761,1328
19762,1329
19763,1330
19764,1331
19765,1332
19766,1333
19767,1334
19768,1335
19769,1336
19770,1337
19771,1338
19772,1339
19773,1340
19774,1341
19775,1342
19776,1343
19777,1344
19778,1345
19779,1346
19780,1347
19781,1348
19782,1349
19783,1350
19784,1351
19785,1352
19786,1353
19787,1354
19788,1355
19789,1356
19790,1357
19791,1358
19792,1359
19793,1360
19794,1361
19795,1362
19796,1363
19797,1364
19798,1365
19799,1366
19800,1367
19801,1368
19802,1369
19803,1370
19804,1371
19805,1372
19806,1373
19807,1374
19808,1375
19809,1376
19810,1377
19811,1378
19812,1379
19813,1380
19814,1381
19815,1382
19816,1383
19817,1384
19818,1385
19819,1386
19820,1387
19821,1388
19822,1389
19823,1390
19824,1391
19825,1392
19826,1393
19827,1394
19828,1395
19829,1396
19830,1397
19831,1398
19832,1399
19833,1400
19834,1401
19835,1402
19836,1403
19837,1404
19838,1405
19839,1406
19840,1407
19841,1408
19842,1409
19843,1410
19844,1411
19845,1412
19846,1413
19847,1414
19848,1415
19849,1416
19850,1417
19851,1418
19852,1419
19853,1420
19854,1421
19855,1422
19856,1423
19857,1424
19858,1425
19859,1426
19860,1427
19861,1428
19862,1429
19863,1430
19864,1431
19865,1432
19866,1433
19867,1434
19868,1435
19869,1436
19870,1437
19871,1438
19872,1439
19873,1440
19874,1441
19875,1442
19876,1443
19877,1444
19878,1445
19879,1446
19880,1447
19881,1448
19882,1449
19883,1450
19884,1451
19885,1452
19886,1453
19887,1454
19888,1455
19889,1456
19890,1457
19891,1458
19892,1459
19893,1460
19894,1461
19895,1462
19896,1463
19897,1464
19898,1465
19899,1466
19900,1467
19901,1468
19902,1469
19903,1470
19904,1471
19905,1472
19906,1473
19907,1474
19908,1475
19909,1476
19910,1477
19911,1478
19912,1479
19913,1480
19914,1481
19915,1482
19916,1483
19917,1484
19918,1485
19919,1486
19920,1487
19921,1488
19922,1489
19923,1490
19924,1491
19925,1492
19926,1493
19927,1494
19928,1495
19929,1496
19930,1497
19931,1498
19932,1499
19933,1500
19934,1501
19935,1502
19936,1503
19937,1504
19938,1505
19939,1506
19940,1507
19941,1508
19942,1509
19943,1510
19944,1511
19945,1512
19946,1513
19947,1514
19948,1515
19949,1516
19950,1517
19951,1518
19952,1519
19953,1520
19954,1521
19955,1522
19956,1523
19957,1524
19958,1525
19959,1526
19960,1527
19961,1528
19962,1529
19963,1530
19964,1531
19965,1532
19966,1533
19967,1534
19968,1535
19969,1536
19970,1537
19971,1538
19972,1539
19973,1540
19974,1541
19975,1542
19976,1543
19977,1544
19978,1545
19979,1546
19980,1547
19981,1548
19982,1549
19983,1550
19984,1551
19985,1552
19986,1553
19987,1554
19988,1555
19989,1556
19990,1557
19991,1558
19992,1559
19993,1560
19994,1561
19995,1562
19996,1563
19997,1564
19998,1565
19999,1566
20000,1567
20001,1568
20002,1569
20003,1570
20004,1571
20005,1572
20006,1573
20007,1574
20008,1575
20009,1576
20010,1577
20011,1578
20012,1579
20013,1580
20014,1581
20015,1582
20016,1583
20017,1584
20018,1585
20019,1586
20020,1587
20021,1588
20022,1589
20023,1590
20024,1591
20025,1592
20026,1593
20027,1594
20028,1595
20029,1596
20030,1597
20031,1598
20032,1599
20033,1600
20034,1601
20035,1602
20036,1603
20037,1604
20038,1605
20039,1606
20040,1607
20041,1608
20042,1609
20043,1610
20044,1611
20045,1612
20046,1613
20047,1614
20048,1615
20049,1616
20050,1617
20051,1618
20052,1619
20053,1620
20054,1621
20055,1622
20056,1623
20057,1624
20058,1625
20059,1626
20060,1627
20061,1628
20062,1629
20063,1630
20064,1631
20065,1632
20066,1633
20067,1634
20068,1635
20069,1636
20070,1637
20071,1638
20072,1639
20073,1640
20074,1641
20075,1642
20076,1643
20077,1644
20078,1645
20079,1646
20080,1647
20081,1648
20082,1649
20083,1650
20084,1651
20085,1652
20086,1653
20087,1654
20088,1655
20089,1656
20090,1657
20091,1658
20092,1659
20093,1660
20094,1661
20095,1662
20096,1663
20097,1664
20098,1665
20099,1666
20100,1667
20101,1668
20102,1669
20103,1670
20104,1671
20105,1672
20106,1673
20107,1674
20108,1675
20109,1676
20110,1677
20111,1678
20112,1679
20113,1680
20114,1681
20115,1682
20116,1683
20117,1684
20118,1685
20119,1686
20120,1687
20121,1688
20122,1689
20123,1690
20124,1691
20125,1692
20126,1693
20127,1694
20128,1695
20129,1696
20130,1697
20131,1698
20132,1699
20133,1700
20134,1701
20135,1702
20136,1703
20137,1704
20138,1705
20139,1706
20140,1707
20141,1708
20142,1709
20143,1710
20144,1711
20145,1712
20146,1713
20147,1714
20148,1715
20149,1716
20150,1717
20151,1718
20152,1719
20153,1720
20154,1721
20155,1722
20156,1723
20157,1724
20158,1725
20159,1726
20160,1727
20161,1728
20162,1729
20163,1730
20164,1731
20165,1732
20166,1733
20167,1734
20168,1735
20169,1736
20170,1737
20171,1738
20172,1739
20173,1740
20174,1741
20175,1742
20176,1743
20177,1744
20178,1745
20179,1746
20180,1747
20181,1748
20182,1749
20183,1750
20184,1751
20185,1752
20186,1753
20187,1754
20188,1755
20189,1756
20190,1757
20191,1758
20192,1759
20193,1760
20194,1761
20195,1762
20196,1763
20197,1764
20198,1765
20199,1766
20200,1767
20201,1768
20202,1769
20203,1770
20204,1771
20205,1772
20206,1773
20207,1774
20208,1775
20209,1776
20210,1777
20211,1778
20212,1779
20213,1780
20214,1781
20215,1782
20216,1783
20217,1784
20218,1785
20219,1786
20220,1787
20221,1788
20222,1789
20223,1790
20224,1791
20225,1792
20226,1793
20227,1794
20228,1795
20229,1796
20230,1797
20231,1798
20232,1799
20233,1800
20234,1801
20235,1802
20236,1803
20237,1804
20238,1805
20239,1806
20240,1807
20241,1808
20242,1809
20243,1810
20244,1811
20245,1812
20246,1813
20247,1814
20248,1815
20249,1816
20250,1817
20251,1818
20252,1819
20253,1820
20254,1821
20255,1822
20256,1823
20257,1824
20258,1825
20259,1826
20260,1827
20261,1828
20262,1829
20263,1830
20264,1831
20265,1832
20266,1833
20267,1834
20268,1835
20269,1836
20270,1837
20271,1838
20272,1839
20273,1840
20274,1841
20275,1842
20276,1843
20277,1844
20278,1845
20279,1846
20280,1847
20281,1848
20282,1849
20283,1850
20284,1851
20285,1852
20286,1853
20287,1854
20288,1855
20289,1856
20290,1857
20291,1858
20292,1859
20293,1860
20294,1861
20295,1862
20296,1863
20297,1864
20298,1865
20299,1866
20300,1867
20301,1868
20302,1869
20303,1870
20304,1871
20305,1872
20306,1873
20307,1874
20308,1875
20309,1876
20310,1877
20311,1878
20312,1879
20313,1880
20314,1881
20315,1882
20316,1883
20317,1884
20318,1885
20319,1886
20320,1887
20321,1888
20322,1889
20323,1890
20324,1891
20325,1892
20326,1893
20327,1894
20328,1895
20329,1896
20330,1897
20331,1898
20332,1899
20333,1900
20334,1901
20335,1902
20336,1903
20337,1904
20338,1905
20339,1906
20340,1907
20341,1908
20342,1909
20343,1910
20344,1911
20345,1912
20346,1913
20347,1914
20348,1915
20349,1916
20350,1917
20351,1918
20352,1919
20353,1920
20354,1921
20355,1922
20356,1923
20357,1924
20358,1925
20359,1926
20360,1927
20361,1928
20362,1929
20363,1930
20364,1931
20365,1932
20366,1933
20367,1934
20368,1935
20369,1936
20370,1937
20371,1938
20372,1939
20373,1940
20374,1941
20375,1942
20376,1943
20377,1944
20378,1945
20379,1946
20380,1947
20381,1948
20382,1949
20383,1950
20384,1951
20385,1952
20386,1953
20387,1954
20388,1955
20389,1956
20390,1957
20391,1958
20392,1959
20393,1960
20394,1961
20395,1962
20396,1963
20397,1964
20398,1965
20399,1966
20400,1967
20401,1968
20402,1969
20403,1970
20404,1971
20405,1972
20406,1973
20407,1974
20408,1975
20409,1976
20410,1977
20411,1978
20412,1979
20413,1980
20414,1981
20415,1982
20416,1983
20417,1984
20418,1985
20419,1986
20420,1987
20421,1988
20422,1989
20423,1990
20424,1991
20425,1992
20426,1993
20427,1994
20428,1995
20429,1996
20430,1997
20431,1998
20432,1999
20433,2000
20434,2001
20435,2002
20436,2003
20437,2004
20438,2005
20439,2006
20440,2007
20441,2008
20442,2009
20443,2010
20444,2011
20445,2012
20446,2013
20447,2014
20448,2015
20449,2016
20450,2017
20451,2018
20452,2019
20453,2020
20454,2021
20455,2022
20456,2023
20457,2024
20458,2025
20459,2026
20460,2027
20461,2028
20462,2029
20463,2030
20464,2031
20465,2032
20466,2033
20467,2034
20468,2035
20469,2036
20470,2037
20471,2038
20472,2039
20473,2040
20474,2041
20475,2042
20476,2043
20477,2044
20478,2045
20479,2046
20480,2047
20481,2048
20482,2049
20483,2050
20484,2051
20485,2052
20486,2053
20487,2054
20488,2055
20489,2056
20490,2057
20491,2058
20492,2059
20493,2060
20494,2061
20495,2062
20496,2063
20497,2064
20498,2065
20499,2066
20500,2067
20501,2068
20502,2069
20503,2070
20504,2071
20505,2072
20506,2073
20507,2074
20508,2075
20509,2076
20510,2077
20511,2078
20512,2079
20513,2080
20514,2081
20515,2082
20516,2083
20517,2084
20518,2085
20519,2086
20520,2087
20521,2088
20522,2089
20523,2090
20524,2091
20525,2092
20526,2093
20527,2094
20528,2095
20529,2096
20530,2097
20531,2098
20532,2099
20533,2100
20534,2101
20535,2102
20536,2103
20537,2104
20538,2105
20539,2106
20540,2107
20541,2108
20542,2109
20543,2110
20544,2111
20545,2112
20546,2113
20547,2114
20548,2115
20549,2116
20550,2117
20551,2118
20552,2119
20553,2120
20554,2121
20555,2122
20556,2123
20557,2124
20558,2125
20559,2126
20560,2127
20561,2128
20562,2129
20563,2130
20564,2131
20565,2132
20566,2133
20567,2134
20568,2135
20569,2136
20570,2137
20571,2138
20572,2139
20573,2140
20574,2141
20575,2142
20576,2143
20577,2144
20578,2145
20579,2146
20580,2147
20581,2148
20582,2149
20583,2150
20584,2151
20585,2152
20586,2153
20587,2154
20588,2155
20589,2156
20590,2157
20591,2158
20592,2159
20593,2160
20594,2161
20595,2162
20596,2163
20597,2164
20598,2165
20599,2166
20600,2167
20601,2168
20602,2169
20603,2170
20604,2171
20605,2172
20606,2173
20607,2174
20608,2175
20609,2176
20610,2177
20611,2178
20612,2179
20613,2180
20614,2181
20615,2182
20616,2183
20617,2184
20618,2185
20619,2186
20620,2187
20621,2188
20622,2189
20623,2190
20624,2191
20625,2192
20626,2193
20627,2194
20628,2195
20629,2196
20630,2197
20631,2198
20632,2199
20633,2200
20634,2201
20635,2202
20636,2203
20637,2204
20638,2205
20639,2206
20640,2207
20641,2208
20642,2209
20643,2210
20644,2211
20645,2212
20646,2213
20647,2214
20648,2215
20649,2216
20650,2217
20651,2218
20652,2219
20653,2220
20654,2221
20655,2222
20656,2223
20657,2224
20658,2225
20659,2226
20660,2227
20661,2228
20662,2229
20663,2230
20664,2231
20665,2232
20666,2233
20667,2234
20668,2235
20669,2236
20670,2237
20671,2238
20672,2239
20673,2240
20674,2241
20675,2242
20676,2243
20677,2244
20678,2245
20679,2246
20680,2247
20681,2248
20682,2249
20683,2250
20684,2251
20685,2252
20686,2253
20687,2254
20688,2255
20689,2256
20690,2257
20691,2258
20692,2259
20693,2260
20694,2261
20695,2262
20696,2263
20697,2264
20698,2265
20699,2266
20700,2267
20701,2268
20702,2269
20703,2270
20704,2271
20705,2272
20706,2273
20707,2274
20708,2275
20709,2276
20710,2277
20711,2278
20712,2279
20713,2280
20714,2281
20715,2282
20716,2283
20717,2284
20718,2285
20719,2286
20720,2287
20721,2288
20722,2289
20723,2290
20724,2291
20725,2292
20726,2293
20727,2294
20728,2295
20729,2296
20730,2297
20731,2298
20732,2299
20733,2300
20734,2301
20735,2302
20736,2303
20737,2304
20738,2305
20739,2306
20740,2307
20741,2308
20742,2309
20743,2310
20744,2311
20745,2312
20746,2313
20747,2314
20748,2315
20749,2316
20750,2317
20751,2318
20752,2319
20753,2320
20754,2321
20755,2322
20756,2323
20757,2324
20758,2325
20759,2326
20760,2327
20761,2328
20762,2329
20763,2330
20764,2331
20765,2332
20766,2333
20767,2334
20768,2335
20769,2336
20770,2337
20771,2338
20772,2339
20773,2340
20774,2341
20775,2342
20776,2343
20777,2344
20778,2345
20779,2346
20780,2347
20781,2348
20782,2349
20783,2350
20784,2351
20785,2352
20786,2353
20787,2354
20788,2355
20789,2356
20790,2357
20791,2358
20792,2359
20793,2360
20794,2361
20795,2362
20796,2363
20797,2364
20798,2365
20799,2366
20800,2367
20801,2368
20802,2369
20803,2370
20804,2371
20805,2372
20806,2373
20807,2374
20808,2375
20809,2376
20810,2377
20811,2378
20812,2379
20813,2380
20814,2381
20815,2382
20816,2383
20817,2384
20818,2385
20819,2386
20820,2387
20821,2388
20822,2389
20823,2390
20824,2391
20825,2392
20826,2393
20827,2394
20828,2395
20829,2396
20830,2397
20831,2398
20832,2399
20833,2400
20834,2401
20835,2402
20836,2403
20837,2404
20838,2405
20839,2406
20840,2407
20841,2408
20842,2409
20843,2410
20844,2411
20845,2412
20846,2413
20847,2414
20848,2415
20849,2416
20850,2417
20851,2418
20852,2419
20853,2420
20854,2421
20855,2422
20856,2423
20857,2424
20858,2425
20859,2426
20860,2427
20861,2428
20862,2429
20863,2430
20864,2431
20865,2432
20866,2433
20867,2434
20868,2435
20869,2436
20870,2437
20871,2438
20872,2439
20873,2440
20874,2441
20875,2442
20876,2443
20877,2444
20878,2445
20879,2446
20880,2447
20881,2448
20882,2449
20883,2450
20884,2451
20885,2452
20886,2453
20887,2454
20888,2455
20889,2456
20890,2457
20891,2458
20892,2459
20893,2460
20894,2461
20895,2462
20896,2463
20897,2464
20898,2465
20899,2466
20900,2467
20901,2468
20902,2469
20903,2470
20904,2471
20905,2472
20906,2473
20907,2474
20908,2475
20909,2476
20910,2477
20911,2478
20912,2479
20913,2480
20914,2481
20915,2482
20916,2483
20917,2484
20918,2485
20919,2486
20920,2487
20921,2488
20922,2489
20923,2490
20924,2491
20925,2492
20926,2493
20927,2494
20928,2495
20929,2496
20930,2497
20931,2498
20932,2499
20933,2500
20934,2501
20935,2502
20936,2503
20937,2504
20938,2505
20939,2506
20940,2507
20941,2508
20942,2509
20943,2510
20944,2511
20945,2512
20946,2513
20947,2514
20948,2515
20949,2516
20950,2517
20951,2518
20952,2519
20953,2520
20954,2521
20955,2522
20956,2523
20957,2524
20958,2525
20959,2526
20960,2527
20961,2528
20962,2529
20963,2530
20964,2531
20965,2532
20966,2533
20967,2534
20968,2535
20969,2536
20970,2537
20971,2538
20972,2539
20973,2540
20974,2541
20975,2542
20976,2543
20977,2544
20978,2545
20979,2546
20980,2547
20981,2548
20982,2549
20983,2550
20984,2551
20985,2552
20986,2553
20987,2554
20988,2555
20989,2556
20990,2557
20991,2558
20992,2559
20993,2560
20994,2561
20995,2562
20996,2563
20997,2564
20998,2565
20999,2566
21000,2567
21001,2568
21002,2569
21003,2570
21004,2571
21005,2572
21006,2573
21007,2574
21008,2575
21009,2576
21010,2577
21011,2578
21012,2579
21013,2580
21014,2581
21015,2582
21016,2583
21017,2584
21018,2585
21019,2586
21020,2587
21021,2588
21022,2589
21023,2590
21024,2591
21025,2592
21026,2593
21027,2594
21028,2595
21029,2596
21030,2597
21031,2598
21032,2599
21033,2600
21034,2601
21035,2602
21036,2603
21037,2604
21038,2605
21039,2606
21040,2607
21041,2608
21042,2609
21043,2610
21044,2611
21045,2612
21046,2613
21047,2614
21048,2615
21049,2616
21050,2617
21051,2618
21052,2619
21053,2620
21054,2621
21055,2622
21056,2623
21057,2624
21058,2625
21059,2626
21060,2627
21061,2628
21062,2629
21063,2630
21064,2631
21065,2632
21066,2633
21067,2634
21068,2635
21069,2636
21070,2637
21071,2638
21072,2639
21073,2640
21074,2641
21075,2642
21076,2643
21077,2644
21078,2645
21079,2646
21080,2647
21081,2648
21082,2649
21083,2650
21084,2651
21085,2652
21086,2653
21087,2654
21088,2655
21089,2656
21090,2657
21091,2658
21092,2659
21093,2660
21094,2661
21095,2662
21096,2663
21097,2664
21098,2665
21099,2666
21100,2667
21101,2668
21102,2669
21103,2670
21104,2671
21105,2672
21106,2673
21107,2674
21108,2675
21109,2676
21110,2677
21111,2678
21112,2679
21113,2680
21114,2681
21115,2682
21116,2683
21117,2684
21118,2685
21119,2686
21120,2687
21121,2688
21122,2689
21123,2690
21124,2691
21125,2692
21126,2693
21127,2694
21128,2695
21129,2696
21130,2697
21131,2698
21132,2699
21133,2700
21134,2701
21135,2702
21136,2703
21137,2704
21138,2705
21139,2706
21140,2707
21141,2708
21142,2709
21143,2710
21144,2711
21145,2712
21146,2713
21147,2714
21148,2715
21149,2716
21150,2717
21151,2718
21152,2719
21153,2720
21154,2721
21155,2722
21156,2723
21157,2724
21158,2725
21159,2726
21160,2727
21161,2728
21162,2729
21163,2730
21164,2731
21165,2732
21166,2733
21167,2734
21168,2735
21169,2736
21170,2737
21171,2738
21172,2739
21173,2740
21174,2741
21175,2742
21176,2743
21177,2744
21178,2745
21179,2746
21180,2747
21181,2748
21182,2749
21183,2750
21184,2751
21185,2752
21186,2753
21187,2754
21188,2755
21189,2756
21190,2757
21191,2758
21192,2759
21193,2760
21194,2761
21195,2762
21196,2763
21197,2764
21198,2765
21199,2766
21200,2767
21201,2768
21202,2769
21203,2770
21204,2771
21205,2772
21206,2773
21207,2774
21208,2775
21209,2776
21210,2777
21211,2778
21212,2779
21213,2780
21214,2781
21215,2782
21216,2783
21217,2784
21218,2785
21219,2786
21220,2787
21221,2788
21222,2789
21223,2790
21224,2791
21225,2792
21226,2793
21227,2794
21228,2795
21229,2796
21230,2797
21231,2798
21232,2799
21233,2800
21234,2801
21235,2802
21236,2803
21237,2804
21238,2805
21239,2806
21240,2807
21241,2808
21242,2809
21243,2810
21244,2811
21245,2812
21246,2813
21247,2814
21248,2815
21249,2816
21250,2817
21251,2818
21252,2819
21253,2820
21254,2821
21255,2822
21256,2823
21257,2824
21258,2825
21259,2826
21260,2827
21261,2828
21262,2829
21263,2830
21264,2831
21265,2832
21266,2833
21267,2834
21268,2835
21269,2836
21270,2837
21271,2838
21272,2839
21273,2840
21274,2841
21275,2842
21276,2843
21277,2844
21278,2845
21279,2846
21280,2847
21281,2848
21282,2849
21283,2850
21284,2851
21285,2852
21286,2853
21287,2854
21288,2855
21289,2856
21290,2857
21291,2858
21292,2859
21293,2860
21294,2861
21295,2862
21296,2863
21297,2864
21298,2865
21299,2866
21300,2867
21301,2868
21302,2869
21303,2870
21304,2871
21305,2872
21306,2873
21307,2874
21308,2875
21309,2876
21310,2877
21311,2878
21312,2879
21313,2880
21314,2881
21315,2882
21316,2883
21317,2884
21318,2885
21319,2886
21320,2887
21321,2888
21322,2889
21323,2890
21324,2891
21325,2892
21326,2893
21327,2894
21328,2895
21329,2896
21330,2897
21331,2898
21332,2899
21333,2900
21334,2901
21335,2902
21336,2903
21337,2904
21338,2905
21339,2906
21340,2907
21341,2908
21342,2909
21343,2910
21344,2911
21345,2912
21346,2913
21347,2914
21348,2915
21349,2916
21350,2917
21351,2918
21352,2919
21353,2920
21354,2921
21355,2922
21356,2923
21357,2924
21358,2925
21359,2926
21360,2927
21361,2928
21362,2929
21363,2930
21364,2931
21365,2932
21366,2933
21367,2934
21368,2935
21369,2936
21370,2937
21371,2938
21372,2939
21373,2940
21374,2941
21375,2942
21376,2943
21377,2944
21378,2945
21379,2946
21380,2947
21381,2948
21382,2949
21383,2950
21384,2951
21385,2952
21386,2953
21387,2954
21388,2955
21389,2956
21390,2957
21391,2958
21392,2959
21393,2960
21394,2961
21395,2962
21396,2963
21397,2964
21398,2965
21399,2966
21400,2967
21401,2968
21402,2969
21403,2970
21404,2971
21405,2972
21406,2973
21407,2974
21408,2975
21409,2976
21410,2977
21411,2978
21412,2979
21413,2980
21414,2981
21415,2982
21416,2983
21417,2984
21418,2985
21419,2986
21420,2987
21421,2988
21422,2989
21423,2990
21424,2991
21425,2992
21426,2993
21427,2994
21428,2995
21429,2996
21430,2997
21431,2998
21432,2999
21433,3000
21434,3001
21435,3002
21436,3003
21437,3004
21438,3005
21439,3006
21440,3007
21441,3008
21442,3009
21443,3010
21444,3011
21445,3012
21446,3013
21447,3014
21448,3015
21449,3016
21450,3017
21451,3018
21452,3019
21453,3020
21454,3021
21455,3022
21456,3023
21457,3024
21458,3025
21459,3026
21460,3027
21461,3028
21462,3029
21463,3030
21464,3031
21465,3032
21466,3033
21467,3034
21468,3035
21469,3036
21470,3037
21471,3038
21472,3039
21473,3040
21474,3041
21475,3042
21476,3043
21477,3044
21478,3045
21479,3046
21480,3047
21481,3048
21482,3049
21483,3050
21484,3051
21485,3052
21486,3053
21487,3054
21488,3055
21489,3056
21490,3057
21491,3058
21492,3059
21493,3060
21494,3061
21495,3062
21496,3063
21497,3064
21498,3065
21499,3066
21500,3067
21501,3068
21502,3069
21503,3070
21504,3071
21505,3072
21506,3073
21507,3074
21508,3075
21509,3076
21510,3077
21511,3078
21512,3079
21513,3080
21514,3081
21515,3082
21516,3083
21517,3084
21518,3085
21519,3086
21520,3087
21521,3088
21522,3089
21523,3090
21524,3091
21525,3092
21526,3093
21527,3094
21528,3095
21529,3096
21530,3097
21531,3098
21532,3099
21533,3100
21534,3101
21535,3102
21536,3103
21537,3104
21538,3105
21539,3106
21540,3107
21541,3108
21542,3109
21543,3110
21544,3111
21545,3112
21546,3113
21547,3114
21548,3115
21549,3116
21550,3117
21551,3118
21552,3119
21553,3120
21554,3121
21555,3122
21556,3123
21557,3124
21558,3125
21559,3126
21560,3127
21561,3128
21562,3129
21563,3130
21564,3131
21565,3132
21566,3133
21567,3134
21568,3135
21569,3136
21570,3137
21571,3138
21572,3139
21573,3140
21574,3141
21575,3142
21576,3143
21577,3144
21578,3145
21579,3146
21580,3147
21581,3148
21582,3149
21583,3150
21584,3151
21585,3152
21586,3153
21587,3154
21588,3155
21589,3156
21590,3157
21591,3158
21592,3159
21593,3160
21594,3161
21595,3162
21596,3163
21597,3164
21598,3165
21599,3166
21600,3167
21601,3168
21602,3169
21603,3170
21604,3171
21605,3172
21606,3173
21607,3174
21608,3175
21609,3176
21610,3177
21611,3178
21612,3179
21613,3180
21614,3181
21615,3182
21616,3183
21617,3184
21618,3185
21619,3186
21620,3187
21621,3188
21622,3189
21623,3190
21624,3191
21625,3192
21626,3193
21627,3194
21628,3195
21629,3196
21630,3197
21631,3198
21632,3199
21633,3200
21634,3201
21635,3202
21636,3203
21637,3204
21638,3205
21639,3206
21640,3207
21641,3208
21642,3209
21643,3210
21644,3211
21645,3212
21646,3213
21647,3214
21648,3215
21649,3216
21650,3217
21651,3218
21652,3219
21653,3220
21654,3221
21655,3222
21656,3223
21657,3224
21658,3225
21659,3226
21660,3227
21661,3228
21662,3229
21663,3230
21664,3231
21665,3232
21666,3233
21667,3234
21668,3235
21669,3236
21670,3237
21671,3238
21672,3239
21673,3240
21674,3241
21675,3242
21676,3243
21677,3244
21678,3245
21679,3246
21680,3247
21681,3248
21682,3249
21683,3250
21684,3251
21685,3252
21686,3253
21687,3254
21688,3255
21689,3256
21690,3257
21691,3258
21692,3259
21693,3260
21694,3261
21695,3262
21696,3263
21697,3264
21698,3265
21699,3266
21700,3267
21701,3268
21702,3269
21703,3270
21704,3271
21705,3272
21706,3273
21707,3274
21708,3275
21709,3276
21710,3277
21711,3278
21712,3279
21713,3280
21714,3281
21715,3282
21716,3283
21717,3284
21718,3285
21719,3286
21720,3287
21721,3288
21722,3289
21723,3290
21724,3291
21725,3292
21726,3293
21727,3294
21728,3295
21729,3296
21730,3297
21731,3298
21732,3299
21733,3300
21734,3301
21735,3302
21736,3303
21737,3304
21738,3305
21739,3306
21740,3307
21741,3308
21742,3309
21743,3310
21744,3311
21745,3312
21746,3313
21747,3314
21748,3315
21749,3316
21750,3317
21751,3318
21752,3319
21753,3320
21754,3321
21755,3322
21756,3323
21757,3324
21758,3325
21759,3326
21760,3327
21761,3328
21762,3329
21763,3330
21764,3331
21765,3332
21766,3333
21767,3334
21768,3335
21769,3336
21770,3337
21771,3338
21772,3339
21773,3340
21774,3341
21775,3342
21776,3343
21777,3344
21778,3345
21779,3346
21780,3347
21781,3348
21782,3349
21783,3350
21784,3351
21785,3352
21786,3353
21787,3354
21788,3355
21789,3356
21790,3357
21791,3358
21792,3359
21793,3360
21794,3361
21795,3362
21796,3363
21797,3364
21798,3365
21799,3366
21800,3367
21801,3368
21802,3369
21803,3370
21804,3371
21805,3372
21806,3373
21807,3374
21808,3375
21809,3376
21810,3377
21811,3378
21812,3379
21813,3380
21814,3381
21815,3382
21816,3383
21817,3384
21818,3385
21819,3386
21820,3387
21821,3388
21822,3389
21823,3390
21824,3391
21825,3392
21826,3393
21827,3394
21828,3395
21829,3396
21830,3397
21831,3398
21832,3399
21833,3400
21834,3401
21835,3402
21836,3403
21837,3404
21838,3405
21839,3406
21840,3407
21841,3408
21842,3409
21843,3410
21844,3411
21845,3412
21846,3413
21847,3414
21848,3415
21849,3416
21850,3417
21851,3418
21852,3419
21853,3420
21854,3421
21855,3422
21856,3423
21857,3424
21858,3425
21859,3426
21860,3427
21861,3428
21862,3429
21863,3430
21864,3431
21865,3432
21866,3433
21867,3434
21868,3435
21869,3436
21870,3437
21871,3438
21872,3439
21873,3440
21874,3441
21875,3442
21876,3443
21877,3444
21878,3445
21879,3446
21880,3447
21881,3448
21882,3449
21883,3450
21884,3451
21885,3452
21886,3453
21887,3454
21888,3455
21889,3456
21890,3457
21891,3458
21892,3459
21893,3460
21894,3461
21895,3462
21896,3463
21897,3464
21898,3465
21899,3466
21900,3467
21901,3468
21902,3469
21903,3470
21904,3471
21905,3472
21906,3473
21907,3474
21908,3475
21909,3476
21910,3477
21911,3478
21912,3479
21913,3480
21914,3481
21915,3482
21916,3483
21917,3484
21918,3485
21919,3486
21920,3487
21921,3488
21922,3489
21923,3490
21924,3491
21925,3492
21926,3493
21927,3494
21928,3495
21929,3496
21930,3497
21931,3498
21932,3499
21933,3500
21934,3501
21935,3502
21936,3503
21937,3504
21938,3505
21939,3506
21940,3507
21941,3508
21942,3509
21943,3510
21944,3511
21945,3512
21946,3513
21947,3514
21948,3515
21949,3516
21950,3517
21951,3518
21952,3519
21953,3520
21954,3521
21955,3522
21956,3523
21957,3524
21958,3525
21959,3526
21960,3527
21961,3528
21962,3529
21963,3530
21964,3531
21965,3532
21966,3533
21967,3534
21968,3535
21969,3536
21970,3537
21971,3538
21972,3539
21973,3540
21974,3541
21975,3542
21976,3543
21977,3544
21978,3545
21979,3546
21980,3547
21981,3548
21982,3549
21983,3550
21984,3551
21985,3552
21986,3553
21987,3554
21988,3555
21989,3556
21990,3557
21991,3558
21992,3559
21993,3560
21994,3561
21995,3562
21996,3563
21997,3564
21998,3565
21999,3566
22000,3567
22001,3568
22002,3569
22003,3570
22004,3571
22005,3572
22006,3573
22007,3574
22008,3575
22009,3576
22010,3577
22011,3578
22012,3579
22013,3580
22014,3581
22015,3582
22016,3583
22017,3584
22018,3585
22019,3586
22020,3587
22021,3588
22022,3589
22023,3590
22024,3591
22025,3592
22026,3593
22027,3594
22028,3595
22029,3596
22030,3597
22031,3598
22032,3599
22033,3600
22034,3601
22035,3602
22036,3603
22037,3604
22038,3605
22039,3606
22040,3607
22041,3608
22042,3609
22043,3610
22044,3611
22045,3612
22046,3613
22047,3614
22048,3615
22049,3616
22050,3617
22051,3618
22052,3619
22053,3620
22054,3621
22055,3622
22056,3623
22057,3624
22058,3625
22059,3626
22060,3627
22061,3628
22062,3629
22063,3630
22064,3631
22065,3632
22066,3633
22067,3634
22068,3635
22069,3636
22070,3637
22071,3638
22072,3639
22073,3640
22074,3641
22075,3642
22076,3643
22077,3644
22078,3645
22079,3646
22080,3647
22081,3648
22082,3649
22083,3650
22084,3651
22085,3652
22086,3653
22087,3654
22088,3655
22089,3656
22090,3657
22091,3658
22092,3659
22093,3660
22094,3661
22095,3662
22096,3663
22097,3664
22098,3665
22099,3666
22100,3667
22101,3668
22102,3669
22103,3670
22104,3671
22105,3672
22106,3673
22107,3674
22108,3675
22109,3676
22110,3677
22111,3678
22112,3679
22113,3680
22114,3681
22115,3682
22116,3683
22117,3684
22118,3685
22119,3686
22120,3687
22121,3688
22122,3689
22123,3690
22124,3691
22125,3692
22126,3693
22127,3694
22128,3695
22129,3696
22130,3697
22131,3698
22132,3699
22133,3700
22134,3701
22135,3702
22136,3703
22137,3704
22138,3705
22139,3706
22140,3707
22141,3708
22142,3709
22143,3710
22144,3711
22145,3712
22146,3713
22147,3714
22148,3715
22149,3716
22150,3717
22151,3718
22152,3719
22153,3720
22154,3721
22155,3722
22156,3723
22157,3724
22158,3725
22159,3726
22160,3727
22161,3728
22162,3729
22163,3730
22164,3731
22165,3732
22166,3733
22167,3734
22168,3735
22169,3736
22170,3737
22171,3738
22172,3739
22173,3740
22174,3741
22175,3742
22176,3743
22177,3744
22178,3745
22179,3746
22180,3747
22181,3748
22182,3749
22183,3750
22184,3751
22185,3752
22186,3753
22187,3754
22188,3755
22189,3756
22190,3757
22191,3758
22192,3759
22193,3760
22194,3761
22195,3762
22196,3763
22197,3764
22198,3765
22199,3766
22200,3767
22201,3768
22202,3769
22203,3770
22204,3771
22205,3772
22206,3773
22207,3774
22208,3775
22209,3776
22210,3777
22211,3778
22212,3779
22213,3780
22214,3781
22215,3782
22216,3783
22217,3784
22218,3785
22219,3786
22220,3787
22221,3788
22222,3789
22223,3790
22224,3791
22225,3792
22226,3793
22227,3794
22228,3795
22229,3796
22230,3797
22231,3798
22232,3799
22233,3800
22234,3801
22235,3802
22236,3803
22237,3804
22238,3805
22239,3806
22240,3807
22241,3808
22242,3809
22243,3810
22244,3811
22245,3812
22246,3813
22247,3814
22248,3815
22249,3816
22250,3817
22251,3818
22252,3819
22253,3820
22254,3821
22255,3822
22256,3823
22257,3824
22258,3825
22259,3826
22260,3827
22261,3828
22262,3829
22263,3830
22264,3831
22265,3832
22266,3833
22267,3834
22268,3835
22269,3836
22270,3837
22271,3838
22272,3839
22273,3840
22274,3841
22275,3842
22276,3843
22277,3844
22278,3845
22279,3846
22280,3847
22281,3848
22282,3849
22283,3850
22284,3851
22285,3852
22286,3853
22287,3854
22288,3855
22289,3856
22290,3857
22291,3858
22292,3859
22293,3860
22294,3861
22295,3862
22296,3863
22297,3864
22298,3865
22299,3866
22300,3867
22301,3868
22302,3869
22303,3870
22304,3871
22305,3872
22306,3873
22307,3874
22308,3875
22309,3876
22310,3877
22311,3878
22312,3879
22313,3880
22314,3881
22315,3882
22316,3883
22317,3884
22318,3885
22319,3886
22320,3887
22321,3888
22322,3889
22323,3890
22324,3891
22325,3892
22326,3893
22327,3894
22328,3895
22329,3896
22330,3897
22331,3898
22332,3899
22333,3900
22334,3901
22335,3902
22336,3903
22337,3904
22338,3905
22339,3906
22340,3907
22341,3908
22342,3909
22343,3910
22344,3911
22345,3912
22346,3913
22347,3914
22348,3915
22349,3916
22350,3917
22351,3918
22352,3919
22353,3920
22354,3921
22355,3922
22356,3923
22357,3924
22358,3925
22359,3926
22360,3927
22361,3928
22362,3929
22363,3930
22364,3931
22365,3932
22366,3933
22367,3934
22368,3935
22369,3936
22370,3937
22371,3938
22372,3939
22373,3940
22374,3941
22375,3942
22376,3943
22377,3944
22378,3945
22379,3946
22380,3947
22381,3948
22382,3949
22383,3950
22384,3951
22385,3952
22386,3953
22387,3954
22388,3955
22389,3956
22390,3957
22391,3958
22392,3959
22393,3960
22394,3961
22395,3962
22396,3963
22397,3964
22398,3965
22399,3966
22400,3967
22401,3968
22402,3969
22403,3970
22404,3971
22405,3972
22406,3973
22407,3974
22408,3975
22409,3976
22410,3977
22411,3978
22412,3979
22413,3980
22414,3981
22415,3982
22416,3983
22417,3984
22418,3985
22419,3986
22420,3987
22421,3988
22422,3989
22423,3990
22424,3991
22425,3992
22426,3993
22427,3994
22428,3995
22429,3996
22430,3997
22431,3998
22432,3999
22433,4000
22434,4001
22435,4002
22436,4003
22437,4004
22438,4005
22439,4006
22440,4007
22441,4008
22442,4009
22443,4010
22444,4011
22445,4012
22446,4013
22447,4014
22448,4015
22449,4016
22450,4017
22451,4018
22452,4019
22453,4020
22454,4021
22455,4022
22456,4023
22457,4024
22458,4025
22459,4026
22460,4027
22461,4028
22462,4029
22463,4030
22464,4031
22465,4032
22466,4033
22467,4034
22468,4035
22469,4036
22470,4037
22471,4038
22472,4039
22473,4040
22474,4041
22475,4042
22476,4043
22477,4044
22478,4045
22479,4046
22480,4047
22481,4048
22482,4049
22483,4050
22484,4051
22485,4052
22486,4053
22487,4054
22488,4055
22489,4056
22490,4057
22491,4058
22492,4059
22493,4060
22494,4061
22495,4062
22496,4063
22497,4064
22498,4065
22499,4066
22500,4067
22501,4068
22502,4069
22503,4070
22504,4071
22505,4072
22506,4073
22507,4074
22508,4075
22509,4076
22510,4077
22511,4078
22512,4079
22513,4080
22514,4081
22515,4082
22516,4083
22517,4084
22518,4085
22519,4086
22520,4087
22521,4088
22522,4089
22523,4090
22524,4091
22525,4092
22526,4093
22527,4094
22528,4095
22529,4096
22530,4097
22531,4098
22532,4099
22533,4100
22534,4101
22535,4102
22536,4103
22537,4104
22538,4105
22539,4106
22540,4107
22541,4108
22542,4109
22543,4110
22544,4111
22545,4112
22546,4113
22547,4114
22548,4115
22549,4116
22550,4117
22551,4118
22552,4119
22553,4120
22554,4121
22555,4122
22556,4123
22557,4124
22558,4125
22559,4126
22560,4127
22561,4128
22562,4129
22563,4130
22564,4131
22565,4132
22566,4133
22567,4134
22568,4135
22569,4136
22570,4137
22571,4138
22572,4139
22573,4140
22574,4141
22575,4142
22576,4143
22577,4144
22578,4145
22579,4146
22580,4147
22581,4148
22582,4149
22583,4150
22584,4151
22585,4152
22586,4153
22587,4154
22588,4155
22589,4156
22590,4157
22591,4158
22592,4159
22593,4160
22594,4161
22595,4162
22596,4163
22597,4164
22598,4165
22599,4166
22600,4167
22601,4168
22602,4169
22603,4170
22604,4171
22605,4172
22606,4173
22607,4174
22608,4175
22609,4176
22610,4177
22611,4178
22612,4179
22613,4180
22614,4181
22615,4182
22616,4183
22617,4184
22618,4185
22619,4186
22620,4187
22621,4188
22622,4189
22623,4190
22624,4191
22625,4192
22626,4193
22627,4194
22628,4195
22629,4196
22630,4197
22631,4198
22632,4199
22633,4200
22634,4201
22635,4202
22636,4203
22637,4204
22638,4205
22639,4206
22640,4207
22641,4208
22642,4209
22643,4210
22644,4211
22645,4212
22646,4213
22647,4214
22648,4215
22649,4216
22650,4217
22651,4218
22652,4219
22653,4220
22654,4221
22655,4222
22656,4223
22657,4224
22658,4225
22659,4226
22660,4227
22661,4228
22662,4229
22663,4230
22664,4231
22665,4232
22666,4233
22667,4234
22668,4235
22669,4236
22670,4237
22671,4238
22672,4239
22673,4240
22674,4241
22675,4242
22676,4243
22677,4244
22678,4245
22679,4246
22680,4247
22681,4248
22682,4249
22683,4250
22684,4251
22685,4252
22686,4253
22687,4254
22688,4255
22689,4256
22690,4257
22691,4258
22692,4259
22693,4260
22694,4261
22695,4262
22696,4263
22697,4264
22698,4265
22699,4266
22700,4267
22701,4268
22702,4269
22703,4270
22704,4271
22705,4272
22706,4273
22707,4274
22708,4275
22709,4276
22710,4277
22711,4278
22712,4279
22713,4280
22714,4281
22715,4282
22716,4283
22717,4284
22718,4285
22719,4286
22720,4287
22721,4288
22722,4289
22723,4290
22724,4291
22725,4292
22726,4293
22727,4294
22728,4295
22729,4296
22730,4297
22731,4298
22732,4299
22733,4300
22734,4301
22735,4302
22736,4303
22737,4304
22738,4305
22739,4306
22740,4307
22741,4308
22742,4309
22743,4310
22744,4311
22745,4312
22746,4313
22747,4314
22748,4315
22749,4316
22750,4317
22751,4318
22752,4319
22753,4320
22754,4321
22755,4322
22756,4323
22757,4324
22758,4325
22759,4326
22760,4327
22761,4328
22762,4329
22763,4330
22764,4331
22765,4332
22766,4333
22767,4334
22768,4335
22769,4336
22770,4337
22771,4338
22772,4339
22773,4340
22774,4341
22775,4342
22776,4343
22777,4344
22778,4345
22779,4346
22780,4347
22781,4348
22782,4349
22783,4350
22784,4351
22785,4352
22786,4353
22787,4354
22788,4355
22789,4356
22790,4357
22791,4358
22792,4359
22793,4360
22794,4361
22795,4362
22796,4363
22797,4364
22798,4365
22799,4366
22800,4367
22801,4368
22802,4369
22803,4370
22804,4371
22805,4372
22806,4373
22807,4374
22808,4375
22809,4376
22810,4377
22811,4378
22812,4379
22813,4380
22814,4381
22815,4382
22816,4383
22817,4384
22818,4385
22819,4386
22820,4387
22821,4388
22822,4389
22823,4390
22824,4391
22825,4392
22826,4393
22827,4394
22828,4395
22829,4396
22830,4397
22831,4398
22832,4399
22833,4400
22834,4401
22835,4402
22836,4403
22837,4404
22838,4405
22839,4406
22840,4407
22841,4408
22842,4409
22843,4410
22844,4411
22845,4412
22846,4413
22847,4414
22848,4415
22849,4416
22850,4417
22851,4418
22852,4419
22853,4420
22854,4421
22855,4422
22856,4423
22857,4424
22858,4425
22859,4426
22860,4427
22861,4428
22862,4429
22863,4430
22864,4431
22865,4432
22866,4433
22867,4434
22868,4435
22869,4436
22870,4437
22871,4438
22872,4439
22873,4440
22874,4441
22875,4442
22876,4443
22877,4444
22878,4445
22879,4446
22880,4447
22881,4448
22882,4449
22883,4450
22884,4451
22885,4452
22886,4453
22887,4454
22888,4455
22889,4456
22890,4457
22891,4458
22892,4459
22893,4460
22894,4461
22895,4462
22896,4463
22897,4464
22898,4465
22899,4466
22900,4467
22901,4468
22902,4469
22903,4470
22904,4471
22905,4472
22906,4473
22907,4474
22908,4475
22909,4476
22910,4477
22911,4478
22912,4479
22913,4480
22914,4481
22915,4482
22916,4483
22917,4484
22918,4485
22919,4486
22920,4487
22921,4488
22922,4489
22923,4490
22924,4491
22925,4492
22926,4493
22927,4494
22928,4495
22929,4496
22930,4497
22931,4498
22932,4499
22933,4500
22934,4501
22935,4502
22936,4503
22937,4504
22938,4505
22939,4506
22940,4507
22941,4508
22942,4509
22943,4510
22944,4511
22945,4512
22946,4513
22947,4514
22948,4515
22949,4516
22950,4517
22951,4518
22952,4519
22953,4520
22954,4521
22955,4522
22956,4523
22957,4524
22958,4525
22959,4526
22960,4527
22961,4528
22962,4529
22963,4530
22964,4531
22965,4532
22966,4533
22967,4534
22968,4535
22969,4536
22970,4537
22971,4538
22972,4539
22973,4540
22974,4541
22975,4542
22976,4543
22977,4544
22978,4545
22979,4546
22980,4547
22981,4548
22982,4549
22983,4550
22984,4551
22985,4552
22986,4553
22987,4554
22988,4555
22989,4556
22990,4557
22991,4558
22992,4559
22993,4560
22994,4561
22995,4562
22996,4563
22997,4564
22998,4565
22999,4566
23000,4567
23001,4568
23002,4569
23003,4570
23004,4571
23005,4572
23006,4573
23007,4574
23008,4575
23009,4576
23010,4577
23011,4578
23012,4579
23013,4580
23014,4581
23015,4582
23016,4583
23017,4584
23018,4585
23019,4586
23020,4587
23021,4588
23022,4589
23023,4590
23024,4591
23025,4592
23026,4593
23027,4594
23028,4595
23029,4596
23030,4597
23031,4598
23032,4599
23033,4600
23034,4601
23035,4602
23036,4603
23037,4604
23038,4605
23039,4606
23040,4607
23041,4608
23042,4609
23043,4610
23044,4611
23045,4612
23046,4613
23047,4614
23048,4615
23049,4616
23050,4617
23051,4618
23052,4619
23053,4620
23054,4621
23055,4622
23056,4623
23057,4624
23058,4625
23059,4626
23060,4627
23061,4628
23062,4629
23063,4630
23064,4631
23065,4632
23066,4633
23067,4634
23068,4635
23069,4636
23070,4637
23071,4638
23072,4639
23073,4640
23074,4641
23075,4642
23076,4643
23077,4644
23078,4645
23079,4646
23080,4647
23081,4648
23082,4649
23083,4650
23084,4651
23085,4652
23086,4653
23087,4654
23088,4655
23089,4656
23090,4657
23091,4658
23092,4659
23093,4660
23094,4661
23095,4662
23096,4663
23097,4664
23098,4665
23099,4666
23100,4667
23101,4668
23102,4669
23103,4670
23104,4671
23105,4672
23106,4673
23107,4674
23108,4675
23109,4676
23110,4677
23111,4678
23112,4679
23113,4680
23114,4681
23115,4682
23116,4683
23117,4684
23118,4685
23119,4686
23120,4687
23121,4688
23122,4689
23123,4690
23124,4691
23125,4692
23126,4693
23127,4694
23128,4695
23129,4696
23130,4697
23131,4698
23132,4699
23133,4700
23134,4701
23135,4702
23136,4703
23137,4704
23138,4705
23139,4706
23140,4707
23141,4708
23142,4709
23143,4710
23144,4711
23145,4712
23146,4713
23147,4714
23148,4715
23149,4716
23150,4717
23151,4718
23152,4719
23153,4720
23154,4721
23155,4722
23156,4723
23157,4724
23158,4725
23159,4726
23160,4727
23161,4728
23162,4729
23163,4730
23164,4731
23165,4732
23166,4733
23167,4734
23168,4735
23169,4736
23170,4737
23171,4738
23172,4739
23173,4740
23174,4741
23175,4742
23176,4743
23177,4744
23178,4745
23179,4746
23180,4747
23181,4748
23182,4749
23183,4750
23184,4751
23185,4752
23186,4753
23187,4754
23188,4755
23189,4756
23190,4757
23191,4758
23192,4759
23193,4760
23194,4761
23195,4762
23196,4763
23197,4764
23198,4765
23199,4766
23200,4767
23201,4768
23202,4769
23203,4770
23204,4771
23205,4772
23206,4773
23207,4774
23208,4775
23209,4776
23210,4777
23211,4778
23212,4779
23213,4780
23214,4781
23215,4782
23216,4783
23217,4784
23218,4785
23219,4786
23220,4787
23221,4788
23222,4789
23223,4790
23224,4791
23225,4792
23226,4793
23227,4794
23228,4795
23229,4796
23230,4797
23231,4798
23232,4799
23233,4800
23234,4801
23235,4802
23236,4803
23237,4804
23238,4805
23239,4806
23240,4807
23241,4808
23242,4809
23243,4810
23244,4811
23245,4812
23246,4813
23247,4814
23248,4815
23249,4816
23250,4817
23251,4818
23252,4819
23253,4820
23254,4821
23255,4822
23256,4823
23257,4824
23258,4825
23259,4826
23260,4827
23261,4828
23262,4829
23263,4830
23264,4831
23265,4832
23266,4833
23267,4834
23268,4835
23269,4836
23270,4837
23271,4838
23272,4839
23273,4840
23274,4841
23275,4842
23276,4843
23277,4844
23278,4845
23279,4846
23280,4847
23281,4848
23282,4849
23283,4850
23284,4851
23285,4852
23286,4853
23287,4854
23288,4855
23289,4856
23290,4857
23291,4858
23292,4859
23293,4860
23294,4861
23295,4862
23296,4863
23297,4864
23298,4865
23299,4866
23300,4867
23301,4868
23302,4869
23303,4870
23304,4871
23305,4872
23306,4873
23307,4874
23308,4875
23309,4876
23310,4877
23311,4878
23312,4879
23313,4880
23314,4881
23315,4882
23316,4883
23317,4884
23318,4885
23319,4886
23320,4887
23321,4888
23322,4889
23323,4890
23324,4891
23325,4892
23326,4893
23327,4894
23328,4895
23329,4896
23330,4897
23331,4898
23332,4899
23333,4900
23334,4901
23335,4902
23336,4903
23337,4904
23338,4905
23339,4906
23340,4907
23341,4908
23342,4909
23343,4910
23344,4911
23345,4912
23346,4913
23347,4914
23348,4915
23349,4916
23350,4917
23351,4918
23352,4919
23353,4920
23354,4921
23355,4922
23356,4923
23357,4924
23358,4925
23359,4926
23360,4927
23361,4928
23362,4929
23363,4930
23364,4931
23365,4932
23366,4933
23367,4934
23368,4935
23369,4936
23370,4937
23371,4938
23372,4939
23373,4940
23374,4941
23375,4942
23376,4943
23377,4944
23378,4945
23379,4946
23380,4947
23381,4948
23382,4949
23383,4950
23384,4951
23385,4952
23386,4953
23387,4954
23388,4955
23389,4956
23390,4957
23391,4958
23392,4959
23393,4960
23394,4961
23395,4962
23396,4963
23397,4964
23398,4965
23399,4966
23400,4967
23401,4968
23402,4969
23403,4970
23404,4971
23405,4972
23406,4973
23407,4974
23408,4975
23409,4976
23410,4977
23411,4978
23412,4979
23413,4980
23414,4981
23415,4982
23416,4983
23417,4984
23418,4985
23419,4986
23420,4987
23421,4988
23422,4989
23423,4990
23424,4991
23425,4992
23426,4993
23427,4994
23428,4995
23429,4996
23430,4997
23431,4998
23432,4999
23433,5000
23434,5001
23435,5002
23436,5003
23437,5004
23438,5005
23439,5006
23440,5007
23441,5008
23442,5009
23443,5010
23444,5011
23445,5012
23446,5013
23447,5014
23448,5015
23449,5016
23450,5017
23451,5018
23452,5019
23453,5020
23454,5021
23455,5022
23456,5023
23457,5024
23458,5025
23459,5026
23460,5027
23461,5028
23462,5029
23463,5030
23464,5031
23465,5032
23466,5033
23467,5034
23468,5035
23469,5036
23470,5037
23471,5038
23472,5039
23473,5040
23474,5041
23475,5042
23476,5043
23477,5044
23478,5045
23479,5046
23480,5047
23481,5048
23482,5049
23483,5050
23484,5051
23485,5052
23486,5053
23487,5054
23488,5055
23489,5056
23490,5057
23491,5058
23492,5059
23493,5060
23494,5061
23495,5062
23496,5063
23497,5064
23498,5065
23499,5066
23500,5067
23501,5068
23502,5069
23503,5070
23504,5071
23505,5072
23506,5073
23507,5074
23508,5075
23509,5076
23510,5077
23511,5078
23512,5079
23513,5080
23514,5081
23515,5082
23516,5083
23517,5084
23518,5085
23519,5086
23520,5087
23521,5088
23522,5089
23523,5090
23524,5091
23525,5092
23526,5093
23527,5094
23528,5095
23529,5096
23530,5097
23531,5098
23532,5099
23533,5100
23534,5101
23535,5102
23536,5103
23537,5104
23538,5105
23539,5106
23540,5107
23541,5108
23542,5109
23543,5110
23544,5111
23545,5112
23546,5113
23547,5114
23548,5115
23549,5116
23550,5117
23551,5118
23552,5119
23553,5120
23554,5121
23555,5122
23556,5123
23557,5124
23558,5125
23559,5126
23560,5127
23561,5128
23562,5129
23563,5130
23564,5131
23565,5132
23566,5133
23567,5134
23568,5135
23569,5136
23570,5137
23571,5138
23572,5139
23573,5140
23574,5141
23575,5142
23576,5143
23577,5144
23578,5145
23579,5146
23580,5147
23581,5148
23582,5149
23583,5150
23584,5151
23585,5152
23586,5153
23587,5154
23588,5155
23589,5156
23590,5157
23591,5158
23592,5159
23593,5160
23594,5161
23595,5162
23596,5163
23597,5164
23598,5165
23599,5166
23600,5167
23601,5168
23602,5169
23603,5170
23604,5171
23605,5172
23606,5173
23607,5174
23608,5175
23609,5176
23610,5177
23611,5178
23612,5179
23613,5180
23614,5181
23615,5182
23616,5183
23617,5184
23618,5185
23619,5186
23620,5187
23621,5188
23622,5189
23623,5190
23624,5191
23625,5192
23626,5193
23627,5194
23628,5195
23629,5196
23630,5197
23631,5198
23632,5199
23633,5200
23634,5201
23635,5202
23636,5203
23637,5204
23638,5205
23639,5206
23640,5207
23641,5208
23642,5209
23643,5210
23644,5211
23645,5212
23646,5213
23647,5214
23648,5215
23649,5216
23650,5217
23651,5218
23652,5219
23653,5220
23654,5221
23655,5222
23656,5223
23657,5224
23658,5225
23659,5226
23660,5227
23661,5228
23662,5229
23663,5230
23664,5231
23665,5232
23666,5233
23667,5234
23668,5235
23669,5236
23670,5237
23671,5238
23672,5239
23673,5240
23674,5241
23675,5242
23676,5243
23677,5244
23678,5245
23679,5246
23680,5247
23681,5248
23682,5249
23683,5250
23684,5251
23685,5252
23686,5253
23687,5254
23688,5255
23689,5256
23690,5257
23691,5258
23692,5259
23693,5260
23694,5261
23695,5262
23696,5263
23697,5264
23698,5265
23699,5266
23700,5267
23701,5268
23702,5269
23703,5270
23704,5271
23705,5272
23706,5273
23707,5274
23708,5275
23709,5276
23710,5277
23711,5278
23712,5279
23713,5280
23714,5281
23715,5282
23716,5283
23717,5284
23718,5285
23719,5286
23720,5287
23721,5288
23722,5289
23723,5290
23724,5291
23725,5292
23726,5293
23727,5294
23728,5295
23729,5296
23730,5297
23731,5298
23732,5299
23733,5300
23734,5301
23735,5302
23736,5303
23737,5304
23738,5305
23739,5306
23740,5307
23741,5308
23742,5309
23743,5310
23744,5311
23745,5312
23746,5313
23747,5314
23748,5315
23749,5316
23750,5317
23751,5318
23752,5319
23753,5320
23754,5321
23755,5322
23756,5323
23757,5324
23758,5325
23759,5326
23760,5327
23761,5328
23762,5329
23763,5330
23764,5331
23765,5332
23766,5333
23767,5334
23768,5335
23769,5336
23770,5337
23771,5338
23772,5339
23773,5340
23774,5341
23775,5342
23776,5343
23777,5344
23778,5345
23779,5346
23780,5347
23781,5348
23782,5349
23783,5350
23784,5351
23785,5352
23786,5353
23787,5354
23788,5355
23789,5356
23790,5357
23791,5358
23792,5359
23793,5360
23794,5361
23795,5362
23796,5363
23797,5364
23798,5365
23799,5366
23800,5367
23801,5368
23802,5369
23803,5370
23804,5371
23805,5372
23806,5373
23807,5374
23808,5375
23809,5376
23810,5377
23811,5378
23812,5379
23813,5380
23814,5381
23815,5382
23816,5383
23817,5384
23818,5385
23819,5386
23820,5387
23821,5388
23822,5389
23823,5390
23824,5391
23825,5392
23826,5393
23827,5394
23828,5395
23829,5396
23830,5397
23831,5398
23832,5399
23833,5400
23834,5401
23835,5402
23836,5403
23837,5404
23838,5405
23839,5406
23840,5407
23841,5408
23842,5409
23843,5410
23844,5411
23845,5412
23846,5413
23847,5414
23848,5415
23849,5416
23850,5417
23851,5418
23852,5419
23853,5420
23854,5421
23855,5422
23856,5423
23857,5424
23858,5425
23859,5426
23860,5427
23861,5428
23862,5429
23863,5430
23864,5431
23865,5432
23866,5433
23867,5434
23868,5435
23869,5436
23870,5437
23871,5438
23872,5439
23873,5440
23874,5441
23875,5442
23876,5443
23877,5444
23878,5445
23879,5446
23880,5447
23881,5448
23882,5449
23883,5450
23884,5451
23885,5452
23886,5453
23887,5454
23888,5455
23889,5456
23890,5457
23891,5458
23892,5459
23893,5460
23894,5461
23895,5462
23896,5463
23897,5464
23898,5465
23899,5466
23900,5467
23901,5468
23902,5469
23903,5470
23904,5471
23905,5472
23906,5473
23907,5474
23908,5475
23909,5476
23910,5477
23911,5478
23912,5479
23913,5480
23914,5481
23915,5482
23916,5483
23917,5484
23918,5485
23919,5486
23920,5487
23921,5488
23922,5489
23923,5490
23924,5491
23925,5492
23926,5493
23927,5494
23928,5495
23929,5496
23930,5497
23931,5498
23932,5499
23933,5500
23934,5501
23935,5502
23936,5503
23937,5504
23938,5505
23939,5506
23940,5507
23941,5508
23942,5509
23943,5510
23944,5511
23945,5512
23946,5513
23947,5514
23948,5515
23949,5516
23950,5517
23951,5518
23952,5519
23953,5520
23954,5521
23955,5522
23956,5523
23957,5524
23958,5525
23959,5526
23960,5527
23961,5528
23962,5529
23963,5530
23964,5531
23965,5532
23966,5533
23967,5534
23968,5535
23969,5536
23970,5537
23971,5538
23972,5539
23973,5540
23974,5541
23975,5542
23976,5543
23977,5544
23978,5545
23979,5546
23980,5547
23981,5548
23982,5549
23983,5550
23984,5551
23985,5552
23986,5553
23987,5554
23988,5555
23989,5556
23990,5557
23991,5558
23992,5559
23993,5560
23994,5561
23995,5562
23996,5563
23997,5564
23998,5565
23999,5566
24000,5567
24001,5568
24002,5569
24003,5570
24004,5571
24005,5572
24006,5573
24007,5574
24008,5575
24009,5576
24010,5577
24011,5578
24012,5579
24013,5580
24014,5581
24015,5582
24016,5583
24017,5584
24018,5585
24019,5586
24020,5587
24021,5588
24022,5589
24023,5590
24024,5591
24025,5592
24026,5593
24027,5594
24028,5595
24029,5596
24030,5597
24031,5598
24032,5599
24033,5600
24034,5601
24035,5602
24036,5603
24037,5604
24038,5605
24039,5606
24040,5607
24041,5608
24042,5609
24043,5610
24044,5611
24045,5612
24046,5613
24047,5614
24048,5615
24049,5616
24050,5617
24051,5618
24052,5619
24053,5620
24054,5621
24055,5622
24056,5623
24057,5624
24058,5625
24059,5626
24060,5627
24061,5628
24062,5629
24063,5630
24064,5631
24065,5632
24066,5633
24067,5634
24068,5635
24069,5636
24070,5637
24071,5638
24072,5639
24073,5640
24074,5641
24075,5642
24076,5643
24077,5644
24078,5645
24079,5646
24080,5647
24081,5648
24082,5649
24083,5650
24084,5651
24085,5652
24086,5653
24087,5654
24088,5655
24089,5656
24090,5657
24091,5658
24092,5659
24093,5660
24094,5661
24095,5662
24096,5663
24097,5664
24098,5665
24099,5666
24100,5667
24101,5668
24102,5669
24103,5670
24104,5671
24105,5672
24106,5673
24107,5674
24108,5675
24109,5676
24110,5677
24111,5678
24112,5679
24113,5680
24114,5681
24115,5682
24116,5683
24117,5684
24118,5685
24119,5686
24120,5687
24121,5688
24122,5689
24123,5690
24124,5691
24125,5692
24126,5693
24127,5694
24128,5695
24129,5696
24130,5697
24131,5698
24132,5699
24133,5700
24134,5701
24135,5702
24136,5703
24137,5704
24138,5705
24139,5706
24140,5707
24141,5708
24142,5709
24143,5710
24144,5711
24145,5712
24146,5713
24147,5714
24148,5715
24149,5716
24150,5717
24151,5718
24152,5719
24153,5720
24154,5721
24155,5722
24156,5723
24157,5724
24158,5725
24159,5726
24160,5727
24161,5728
24162,5729
24163,5730
24164,5731
24165,5732
24166,5733
24167,5734
24168,5735
24169,5736
24170,5737
24171,5738
24172,5739
24173,5740
24174,5741
24175,5742
24176,5743
24177,5744
24178,5745
24179,5746
24180,5747
24181,5748
24182,5749
24183,5750
24184,5751
24185,5752
24186,5753
24187,5754
24188,5755
24189,5756
24190,5757
24191,5758
24192,5759
24193,5760
24194,5761
24195,5762
24196,5763
24197,5764
24198,5765
24199,5766
24200,5767
24201,5768
24202,5769
24203,5770
24204,5771
24205,5772
24206,5773
24207,5774
24208,5775
24209,5776
24210,5777
24211,5778
24212,5779
24213,5780
24214,5781
24215,5782
24216,5783
24217,5784
24218,5785
24219,5786
24220,5787
24221,5788
24222,5789
24223,5790
24224,5791
24225,5792
24226,5793
24227,5794
24228,5795
24229,5796
24230,5797
24231,5798
24232,5799
24233,5800
24234,5801
24235,5802
24236,5803
24237,5804
24238,5805
24239,5806
24240,5807
24241,5808
24242,5809
24243,5810
24244,5811
24245,5812
24246,5813
24247,5814
24248,5815
24249,5816
24250,5817
24251,5818
24252,5819
24253,5820
24254,5821
24255,5822
24256,5823
24257,5824
24258,5825
24259,5826
24260,5827
24261,5828
24262,5829
24263,5830
24264,5831
24265,5832
24266,5833
24267,5834
24268,5835
24269,5836
24270,5837
24271,5838
24272,5839
24273,5840
24274,5841
24275,5842
24276,5843
24277,5844
24278,5845
24279,5846
24280,5847
24281,5848
24282,5849
24283,5850
24284,5851
24285,5852
24286,5853
24287,5854
24288,5855
24289,5856
24290,5857
24291,5858
24292,5859
24293,5860
24294,5861
24295,5862
24296,5863
24297,5864
24298,5865
24299,5866
24300,5867
24301,5868
24302,5869
24303,5870
24304,5871
24305,5872
24306,5873
24307,5874
24308,5875
24309,5876
24310,5877
24311,5878
24312,5879
24313,5880
24314,5881
24315,5882
24316,5883
24317,5884
24318,5885
24319,5886
24320,5887
24321,5888
24322,5889
24323,5890
24324,5891
24325,5892
24326,5893
24327,5894
24328,5895
24329,5896
24330,5897
24331,5898
24332,5899
24333,5900
24334,5901
24335,5902
24336,5903
24337,5904
24338,5905
24339,5906
24340,5907
24341,5908
24342,5909
24343,5910
24344,5911
24345,5912
24346,5913
24347,5914
24348,5915
24349,5916
24350,5917
24351,5918
24352,5919
24353,5920
24354,5921
24355,5922
24356,5923
24357,5924
24358,5925
24359,5926
24360,5927
24361,5928
24362,5929
24363,5930
24364,5931
24365,5932
24366,5933
24367,5934
24368,5935
24369,5936
24370,5937
24371,5938
24372,5939
24373,5940
24374,5941
24375,5942
24376,5943
24377,5944
24378,5945
24379,5946
24380,5947
24381,5948
24382,5949
24383,5950
24384,5951
24385,5952
24386,5953
24387,5954
24388,5955
24389,5956
24390,5957
24391,5958
24392,5959
24393,5960
24394,5961
24395,5962
24396,5963
24397,5964
24398,5965
24399,5966
24400,5967
24401,5968
24402,5969
24403,5970
24404,5971
24405,5972
24406,5973
24407,5974
24408,5975
24409,5976
24410,5977
24411,5978
24412,5979
24413,5980
24414,5981
24415,5982
24416,5983
24417,5984
24418,5985
24419,5986
24420,5987
24421,5988
24422,5989
24423,5990
24424,5991
24425,5992
24426,5993
24427,5994
24428,5995
24429,5996
24430,5997
24431,5998
24432,5999
24433,6000
24434,6001
24435,6002
24436,6003
24437,6004
24438,6005
24439,6006
24440,6007
24441,6008
24442,6009
24443,6010
24444,6011
24445,6012
24446,6013
24447,6014
24448,6015
24449,6016
24450,6017
24451,6018
24452,6019
24453,6020
24454,6021
24455,6022
24456,6023
24457,6024
24458,6025
24459,6026
24460,6027
24461,6028
24462,6029
24463,6030
24464,6031
24465,6032
24466,6033
24467,6034
24468,6035
24469,6036
24470,6037
24471,6038
24472,6039
24473,6040
24474,6041
24475,6042
24476,6043
24477,6044
24478,6045
24479,6046
24480,6047
24481,6048
24482,6049
24483,6050
24484,6051
24485,6052
24486,6053
24487,6054
24488,6055
24489,6056
24490,6057
24491,6058
24492,6059
24493,6060
24494,6061
24495,6062
24496,6063
24497,6064
24498,6065
24499,6066
24500,6067
24501,6068
24502,6069
24503,6070
24504,6071
24505,6072
24506,6073
24507,6074
24508,6075
24509,6076
24510,6077
24511,6078
24512,6079
24513,6080
24514,6081
24515,6082
24516,6083
24517,6084
24518,6085
24519,6086
24520,6087
24521,6088
24522,6089
24523,6090
24524,6091
24525,6092
24526,6093
24527,6094
24528,6095
24529,6096
24530,6097
24531,6098
24532,6099
24533,6100
24534,6101
24535,6102
24536,6103
24537,6104
24538,6105
24539,6106
24540,6107
24541,6108
24542,6109
24543,6110
24544,6111
24545,6112
24546,6113
24547,6114
24548,6115
24549,6116
24550,6117
24551,6118
24552,6119
24553,6120
24554,6121
24555,6122
24556,6123
24557,6124
24558,6125
24559,6126
24560,6127
24561,6128
24562,6129
24563,6130
24564,6131
24565,6132
24566,6133
24567,6134
24568,6135
24569,6136
24570,6137
24571,6138
24572,6139
24573,6140
24574,6141
24575,6142
24576,6143
24577,6144
24578,6145
24579,6146
24580,6147
24581,6148
24582,6149
24583,6150
24584,6151
24585,6152
24586,6153
24587,6154
24588,6155
24589,6156
24590,6157
24591,6158
24592,6159
24593,6160
24594,6161
24595,6162
24596,6163
24597,6164
24598,6165
24599,6166
24600,6167
24601,6168
24602,6169
24603,6170
24604,6171
24605,6172
24606,6173
24607,6174
24608,6175
24609,6176
24610,6177
24611,6178
24612,6179
24613,6180
24614,6181
24615,6182
24616,6183
24617,6184
24618,6185
24619,6186
24620,6187
24621,6188
24622,6189
24623,6190
24624,6191
24625,6192
24626,6193
24627,6194
24628,6195
24629,6196
24630,6197
24631,6198
24632,6199
24633,6200
24634,6201
24635,6202
24636,6203
24637,6204
24638,6205
24639,6206
24640,6207
24641,6208
24642,6209
24643,6210
24644,6211
24645,6212
24646,6213
24647,6214
24648,6215
24649,6216
24650,6217
24651,6218
24652,6219
24653,6220
24654,6221
24655,6222
24656,6223
24657,6224
24658,6225
24659,6226
24660,6227
24661,6228
24662,6229
24663,6230
24664,6231
24665,6232
24666,6233
24667,6234
24668,6235
24669,6236
24670,6237
24671,6238
24672,6239
24673,6240
24674,6241
24675,6242
24676,6243
24677,6244
24678,6245
24679,6246
24680,6247
24681,6248
24682,6249
24683,6250
24684,6251
24685,6252
24686,6253
24687,6254
24688,6255
24689,6256
24690,6257
24691,6258
24692,6259
24693,6260
24694,6261
24695,6262
24696,6263
24697,6264
24698,6265
24699,6266
24700,6267
24701,6268
24702,6269
24703,6270
24704,6271
24705,6272
24706,6273
24707,6274
24708,6275
24709,6276
24710,6277
24711,6278
24712,6279
24713,6280
24714,6281
24715,6282
24716,6283
24717,6284
24718,6285
24719,6286
24720,6287
24721,6288
24722,6289
24723,6290
24724,6291
24725,6292
24726,6293
24727,6294
24728,6295
24729,6296
24730,6297
24731,6298
24732,6299
24733,6300
24734,6301
24735,6302
24736,6303
24737,6304
24738,6305
24739,6306
24740,6307
24741,6308
24742,6309
24743,6310
24744,6311
24745,6312
24746,6313
24747,6314
24748,6315
24749,6316
24750,6317
24751,6318
24752,6319
24753,6320
24754,6321
24755,6322
24756,6323
24757,6324
24758,6325
24759,6326
24760,6327
24761,6328
24762,6329
24763,6330
24764,6331
24765,6332
24766,6333
24767,6334
24768,6335
24769,6336
24770,6337
24771,6338
24772,6339
24773,6340
24774,6341
24775,6342
24776,6343
24777,6344
24778,6345
24779,6346
24780,6347
24781,6348
24782,6349
24783,6350
24784,6351
24785,6352
24786,6353
24787,6354
24788,6355
24789,6356
24790,6357
24791,6358
24792,6359
24793,6360
24794,6361
24795,6362
24796,6363
24797,6364
24798,6365
24799,6366
24800,6367
24801,6368
24802,6369
24803,6370
24804,6371
24805,6372
24806,6373
24807,6374
24808,6375
24809,6376
24810,6377
24811,6378
24812,6379
24813,6380
24814,6381
24815,6382
24816,6383
24817,6384
24818,6385
24819,6386
24820,6387
24821,6388
24822,6389
24823,6390
24824,6391
24825,6392
24826,6393
24827,6394
24828,6395
24829,6396
24830,6397
24831,6398
24832,6399
24833,6400
24834,6401
24835,6402
24836,6403
24837,6404
24838,6405
24839,6406
24840,6407
24841,6408
24842,6409
24843,6410
24844,6411
24845,6412
24846,6413
24847,6414
24848,6415
24849,6416
24850,6417
24851,6418
24852,6419
24853,6420
24854,6421
24855,6422
24856,6423
24857,6424
24858,6425
24859,6426
24860,6427
24861,6428
24862,6429
24863,6430
24864,6431
24865,6432
24866,6433
24867,6434
24868,6435
24869,6436
24870,6437
24871,6438
24872,6439
24873,6440
24874,6441
24875,6442
24876,6443
24877,6444
24878,6445
24879,6446
24880,6447
24881,6448
24882,6449
24883,6450
24884,6451
24885,6452
24886,6453
24887,6454
24888,6455
24889,6456
24890,6457
24891,6458
24892,6459
24893,6460
24894,6461
24895,6462
24896,6463
24897,6464
24898,6465
24899,6466
24900,6467
24901,6468
24902,6469
24903,6470
24904,6471
24905,6472
24906,6473
24907,6474
24908,6475
24909,6476
24910,6477
24911,6478
24912,6479
24913,6480
24914,6481
24915,6482
24916,6483
24917,6484
24918,6485
24919,6486
24920,6487
24921,6488
24922,6489
24923,6490
24924,6491
24925,6492
24926,6493
24927,6494
24928,6495
24929,6496
24930,6497
24931,6498
24932,6499
24933,6500
24934,6501
24935,6502
24936,6503
24937,6504
24938,6505
24939,6506
24940,6507
24941,6508
24942,6509
24943,6510
24944,6511
24945,6512
24946,6513
24947,6514
24948,6515
24949,6516
24950,6517
24951,6518
24952,6519
24953,6520
24954,6521
24955,6522
24956,6523
24957,6524
24958,6525
24959,6526
24960,6527
24961,6528
24962,6529
24963,6530
24964,6531
24965,6532
24966,6533
24967,6534
24968,6535
24969,6536
24970,6537
24971,6538
24972,6539
24973,6540
24974,6541
24975,6542
24976,6543
24977,6544
24978,6545
24979,6546
24980,6547
24981,6548
24982,6549
24983,6550
24984,6551
24985,6552
24986,6553
24987,6554
24988,6555
24989,6556
24990,6557
24991,6558
24992,6559
24993,6560
24994,6561
24995,6562
24996,6563
24997,6564
24998,6565
24999,6566
25000,6567
25001,6568
25002,6569
25003,6570
25004,6571
25005,6572
25006,6573
25007,6574
25008,6575
25009,6576
25010,6577
25011,6578
25012,6579
25013,6580
25014,6581
25015,6582
25016,6583
25017,6584
25018,6585
25019,6586
25020,6587
25021,6588
25022,6589
25023,6590
25024,6591
25025,6592
25026,6593
25027,6594
25028,6595
25029,6596
25030,6597
25031,6598
25032,6599
25033,6600
25034,6601
25035,6602
25036,6603
25037,6604
25038,6605
25039,6606
25040,6607
25041,6608
25042,6609
25043,6610
25044,6611
25045,6612
25046,6613
25047,6614
25048,6615
25049,6616
25050,6617
25051,6618
25052,6619
25053,6620
25054,6621
25055,6622
25056,6623
25057,6624
25058,6625
25059,6626
25060,6627
25061,6628
25062,6629
25063,6630
25064,6631
25065,6632
25066,6633
25067,6634
25068,6635
25069,6636
25070,6637
25071,6638
25072,6639
25073,6640
25074,6641
25075,6642
25076,6643
25077,6644
25078,6645
25079,6646
25080,6647
25081,6648
25082,6649
25083,6650
25084,6651
25085,6652
25086,6653
25087,6654
25088,6655
25089,6656
25090,6657
25091,6658
25092,6659
25093,6660
25094,6661
25095,6662
25096,6663
25097,6664
25098,6665
25099,6666
25100,6667
25101,6668
25102,6669
25103,6670
25104,6671
25105,6672
25106,6673
25107,6674
25108,6675
25109,6676
25110,6677
25111,6678
25112,6679
25113,6680
25114,6681
25115,6682
25116,6683
25117,6684
25118,6685
25119,6686
25120,6687
25121,6688
25122,6689
25123,6690
25124,6691
25125,6692
25126,6693
25127,6694
25128,6695
25129,6696
25130,6697
25131,6698
25132,6699
25133,6700
25134,6701
25135,6702
25136,6703
25137,6704
25138,6705
25139,6706
25140,6707
25141,6708
25142,6709
25143,6710
25144,6711
25145,6712
25146,6713
25147,6714
25148,6715
25149,6716
25150,6717
25151,6718
25152,6719
25153,6720
25154,6721
25155,6722
25156,6723
25157,6724
25158,6725
25159,6726
25160,6727
25161,6728
25162,6729
25163,6730
25164,6731
25165,6732
25166,6733
25167,6734
25168,6735
25169,6736
25170,6737
25171,6738
25172,6739
25173,6740
25174,6741
25175,6742
25176,6743
25177,6744
25178,6745
25179,6746
25180,6747
25181,6748
25182,6749
25183,6750
25184,6751
25185,6752
25186,6753
25187,6754
25188,6755
25189,6756
25190,6757
25191,6758
25192,6759
25193,6760
25194,6761
25195,6762
25196,6763
25197,6764
25198,6765
25199,6766
25200,6767
25201,6768
25202,6769
25203,6770
25204,6771
25205,6772
25206,6773
25207,6774
25208,6775
25209,6776
25210,6777
25211,6778
25212,6779
25213,6780
25214,6781
25215,6782
25216,6783
25217,6784
25218,6785
25219,6786
25220,6787
25221,6788
25222,6789
25223,6790
25224,6791
25225,6792
25226,6793
25227,6794
25228,6795
25229,6796
25230,6797
25231,6798
25232,6799
25233,6800
25234,6801
25235,6802
25236,6803
25237,6804
25238,6805
25239,6806
25240,6807
25241,6808
25242,6809
25243,6810
25244,6811
25245,6812
25246,6813
25247,6814
25248,6815
25249,6816
25250,6817
25251,6818
25252,6819
25253,6820
25254,6821
25255,6822
25256,6823
25257,6824
25258,6825
25259,6826
25260,6827
25261,6828
25262,6829
25263,6830
25264,6831
25265,6832
25266,6833
25267,6834
25268,6835
25269,6836
25270,6837
25271,6838
25272,6839
25273,6840
25274,6841
25275,6842
25276,6843
25277,6844
25278,6845
25279,6846
25280,6847
25281,6848
25282,6849
25283,6850
25284,6851
25285,6852
25286,6853
25287,6854
25288,6855
25289,6856
25290,6857
25291,6858
25292,6859
25293,6860
25294,6861
25295,6862
25296,6863
25297,6864
25298,6865
25299,6866
25300,6867
25301,6868
25302,6869
25303,6870
25304,6871
25305,6872
25306,6873
25307,6874
25308,6875
25309,6876
25310,6877
25311,6878
25312,6879
25313,6880
25314,6881
25315,6882
25316,6883
25317,6884
25318,6885
25319,6886
25320,6887
25321,6888
25322,6889
25323,6890
25324,6891
25325,6892
25326,6893
25327,6894
25328,6895
25329,6896
25330,6897
25331,6898
25332,6899
25333,6900
25334,6901
25335,6902
25336,6903
25337,6904
25338,6905
25339,6906
25340,6907
25341,6908
25342,6909
25343,6910
25344,6911
25345,6912
25346,6913
25347,6914
25348,6915
25349,6916
25350,6917
25351,6918
25352,6919
25353,6920
25354,6921
25355,6922
25356,6923
25357,6924
25358,6925
25359,6926
25360,6927
25361,6928
25362,6929
25363,6930
25364,6931
25365,6932
25366,6933
25367,6934
25368,6935
25369,6936
25370,6937
25371,6938
25372,6939
25373,6940
25374,6941
25375,6942
25376,6943
25377,6944
25378,6945
25379,6946
25380,6947
25381,6948
25382,6949
25383,6950
25384,6951
25385,6952
25386,6953
25387,6954
25388,6955
25389,6956
25390,6957
25391,6958
25392,6959
25393,6960
25394,6961
25395,6962
25396,6963
25397,6964
25398,6965
25399,6966
25400,6967
25401,6968
25402,6969
25403,6970
25404,6971
25405,6972
25406,6973
25407,6974
25408,6975
25409,6976
25410,6977
25411,6978
25412,6979
25413,6980
25414,6981
25415,6982
25416,6983
25417,6984
25418,6985
25419,6986
25420,6987
25421,6988
25422,6989
25423,6990
25424,6991
25425,6992
25426,6993
25427,6994
25428,6995
25429,6996
25430,6997
25431,6998
25432,6999
25433,7000
25434,7001
25435,7002
25436,7003
25437,7004
25438,7005
25439,7006
25440,7007
25441,7008
25442,7009
25443,7010
25444,7011
25445,7012
25446,7013
25447,7014
25448,7015
25449,7016
25450,7017
25451,7018
25452,7019
25453,7020
25454,7021
25455,7022
25456,7023
25457,7024
25458,7025
25459,7026
25460,7027
25461,7028
25462,7029
25463,7030
25464,7031
25465,7032
25466,7033
25467,7034
25468,7035
25469,7036
25470,7037
25471,7038
25472,7039
25473,7040
25474,7041
25475,7042
25476,7043
25477,7044
25478,7045
25479,7046
25480,7047
25481,7048
25482,7049
25483,7050
25484,7051
25485,7052
25486,7053
25487,7054
25488,7055
25489,7056
25490,7057
25491,7058
25492,7059
25493,7060
25494,7061
25495,7062
25496,7063
25497,7064
25498,7065
25499,7066
25500,7067
25501,7068
25502,7069
25503,7070
25504,7071
25505,7072
25506,7073
25507,7074
25508,7075
25509,7076
25510,7077
25511,7078
25512,7079
25513,7080
25514,7081
25515,7082
25516,7083
25517,7084
25518,7085
25519,7086
25520,7087
25521,7088
25522,7089
25523,7090
25524,7091
25525,7092
25526,7093
25527,7094
25528,7095
25529,7096
25530,7097
25531,7098
25532,7099
25533,7100
25534,7101
25535,7102
25536,7103
25537,7104
25538,7105
25539,7106
25540,7107
25541,7108
25542,7109
25543,7110
25544,7111
25545,7112
25546,7113
25547,7114
25548,7115
25549,7116
25550,7117
25551,7118
25552,7119
25553,7120
25554,7121
25555,7122
25556,7123
25557,7124
25558,7125
25559,7126
25560,7127
25561,7128
25562,7129
25563,7130
25564,7131
25565,7132
25566,7133
25567,7134
25568,7135
25569,7136
25570,7137
25571,7138
25572,7139
25573,7140
25574,7141
25575,7142
25576,7143
25577,7144
25578,7145
25579,7146
25580,7147
25581,7148
25582,7149
25583,7150
25584,7151
25585,7152
25586,7153
25587,7154
25588,7155
25589,7156
25590,7157
25591,7158
25592,7159
25593,7160
25594,7161
25595,7162
25596,7163
25597,7164
25598,7165
25599,7166
25600,7167
25601,7168
25602,7169
25603,7170
25604,7171
25605,7172
25606,7173
25607,7174
25608,7175
25609,7176
25610,7177
25611,7178
25612,7179
25613,7180
25614,7181
25615,7182
25616,7183
25617,7184
25618,7185
25619,7186
25620,7187
25621,7188
25622,7189
25623,7190
25624,7191
25625,7192
25626,7193
25627,7194
25628,7195
25629,7196
25630,7197
25631,7198
25632,7199
25633,7200
25634,7201
25635,7202
25636,7203
25637,7204
25638,7205
25639,7206
25640,7207
25641,7208
25642,7209
25643,7210
25644,7211
25645,7212
25646,7213
25647,7214
25648,7215
25649,7216
25650,7217
25651,7218
25652,7219
25653,7220
25654,7221
25655,7222
25656,7223
25657,7224
25658,7225
25659,7226
25660,7227
25661,7228
25662,7229
25663,7230
25664,7231
25665,7232
25666,7233
25667,7234
25668,7235
25669,7236
25670,7237
25671,7238
25672,7239
25673,7240
25674,7241
25675,7242
25676,7243
25677,7244
25678,7245
25679,7246
25680,7247
25681,7248
25682,7249
25683,7250
25684,7251
25685,7252
25686,7253
25687,7254
25688,7255
25689,7256
25690,7257
25691,7258
25692,7259
25693,7260
25694,7261
25695,7262
25696,7263
25697,7264
25698,7265
25699,7266
25700,7267
25701,7268
25702,7269
25703,7270
25704,7271
25705,7272
25706,7273
25707,7274
25708,7275
25709,7276
25710,7277
25711,7278
25712,7279
25713,7280
25714,7281
25715,7282
25716,7283
25717,7284
25718,7285
25719,7286
25720,7287
25721,7288
25722,7289
25723,7290
25724,7291
25725,7292
25726,7293
25727,7294
25728,7295
25729,7296
25730,7297
25731,7298
25732,7299
25733,7300
25734,7301
25735,7302
25736,7303
25737,7304
25738,7305
25739,7306
25740,7307
25741,7308
25742,7309
25743,7310
25744,7311
25745,7312
25746,7313
25747,7314
25748,7315
25749,7316
25750,7317
25751,7318
25752,7319
25753,7320
25754,7321
25755,7322
25756,7323
25757,7324
25758,7325
25759,7326
25760,7327
25761,7328
25762,7329
25763,7330
25764,7331
25765,7332
25766,7333
25767,7334
25768,7335
25769,7336
25770,7337
25771,7338
25772,7339
25773,7340
25774,7341
25775,7342
25776,7343
25777,7344
25778,7345
25779,7346
25780,7347
25781,7348
25782,7349
25783,7350
25784,7351
25785,7352
25786,7353
25787,7354
25788,7355
25789,7356
25790,7357
25791,7358
25792,7359
25793,7360
25794,7361
25795,7362
25796,7363
25797,7364
25798,7365
25799,7366
25800,7367
25801,7368
25802,7369
25803,7370
25804,7371
25805,7372
25806,7373
25807,7374
25808,7375
25809,7376
25810,7377
25811,7378
25812,7379
25813,7380
25814,7381
25815,7382
25816,7383
25817,7384
25818,7385
25819,7386
25820,7387
25821,7388
25822,7389
25823,7390
25824,7391
25825,7392
25826,7393
25827,7394
25828,7395
25829,7396
25830,7397
25831,7398
25832,7399
25833,7400
25834,7401
25835,7402
25836,7403
25837,7404
25838,7405
25839,7406
25840,7407
25841,7408
25842,7409
25843,7410
25844,7411
25845,7412
25846,7413
25847,7414
25848,7415
25849,7416
25850,7417
25851,7418
25852,7419
25853,7420
25854,7421
25855,7422
25856,7423
25857,7424
25858,7425
25859,7426
25860,7427
25861,7428
25862,7429
25863,7430
25864,7431
25865,7432
25866,7433
25867,7434
25868,7435
25869,7436
25870,7437
25871,7438
25872,7439
25873,7440
25874,7441
25875,7442
25876,7443
25877,7444
25878,7445
25879,7446
25880,7447
25881,7448
25882,7449
25883,7450
25884,7451
25885,7452
25886,7453
25887,7454
25888,7455
25889,7456
25890,7457
25891,7458
25892,7459
25893,7460
25894,7461
25895,7462
25896,7463
25897,7464
25898,7465
25899,7466
25900,7467
25901,7468
25902,7469
25903,7470
25904,7471
25905,7472
25906,7473
25907,7474
25908,7475
25909,7476
25910,7477
25911,7478
25912,7479
25913,7480
25914,7481
25915,7482
25916,7483
25917,7484
25918,7485
25919,7486
25920,7487
25921,7488
25922,7489
25923,7490
25924,7491
25925,7492
25926,7493
25927,7494
25928,7495
25929,7496
25930,7497
25931,7498
25932,7499
25933,7500
25934,7501
25935,7502
25936,7503
25937,7504
25938,7505
25939,7506
25940,7507
25941,7508
25942,7509
25943,7510
25944,7511
25945,7512
25946,7513
25947,7514
25948,7515
25949,7516
25950,7517
25951,7518
25952,7519
25953,7520
25954,7521
25955,7522
25956,7523
25957,7524
25958,7525
25959,7526
25960,7527
25961,7528
25962,7529
25963,7530
25964,7531
25965,7532
25966,7533
25967,7534
25968,7535
25969,7536
25970,7537
25971,7538
25972,7539
25973,7540
25974,7541
25975,7542
25976,7543
25977,7544
25978,7545
25979,7546
25980,7547
25981,7548
25982,7549
25983,7550
25984,7551
25985,7552
25986,7553
25987,7554
25988,7555
25989,7556
25990,7557
25991,7558
25992,7559
25993,7560
25994,7561
25995,7562
25996,7563
25997,7564
25998,7565
25999,7566
26000,7567
26001,7568
26002,7569
26003,7570
26004,7571
26005,7572
26006,7573
26007,7574
26008,7575
26009,7576
26010,7577
26011,7578
26012,7579
26013,7580
26014,7581
26015,7582
26016,7583
26017,7584
26018,7585
26019,7586
26020,7587
26021,7588
26022,7589
26023,7590
26024,7591
26025,7592
26026,7593
26027,7594
26028,7595
26029,7596
26030,7597
26031,7598
26032,7599
26033,7600
26034,7601
26035,7602
26036,7603
26037,7604
26038,7605
26039,7606
26040,7607
26041,7608
26042,7609
26043,7610
26044,7611
26045,7612
26046,7613
26047,7614
26048,7615
26049,7616
26050,7617
26051,7618
26052,7619
26053,7620
26054,7621
26055,7622
26056,7623
26057,7624
26058,7625
26059,7626
26060,7627
26061,7628
26062,7629
26063,7630
26064,7631
26065,7632
26066,7633
26067,7634
26068,7635
26069,7636
26070,7637
26071,7638
26072,7639
26073,7640
26074,7641
26075,7642
26076,7643
26077,7644
26078,7645
26079,7646
26080,7647
26081,7648
26082,7649
26083,7650
26084,7651
26085,7652
26086,7653
26087,7654
26088,7655
26089,7656
26090,7657
26091,7658
26092,7659
26093,7660
26094,7661
26095,7662
26096,7663
26097,7664
26098,7665
26099,7666
26100,7667
26101,7668
26102,7669
26103,7670
26104,7671
26105,7672
26106,7673
26107,7674
26108,7675
26109,7676
26110,7677
26111,7678
26112,7679
26113,7680
26114,7681
26115,7682
26116,7683
26117,7684
26118,7685
26119,7686
26120,7687
26121,7688
26122,7689
26123,7690
26124,7691
26125,7692
26126,7693
26127,7694
26128,7695
26129,7696
26130,7697
26131,7698
26132,7699
26133,7700
26134,7701
26135,7702
26136,7703
26137,7704
26138,7705
26139,7706
26140,7707
26141,7708
26142,7709
26143,7710
26144,7711
26145,7712
26146,7713
26147,7714
26148,7715
26149,7716
26150,7717
26151,7718
26152,7719
26153,7720
26154,7721
26155,7722
26156,7723
26157,7724
26158,7725
26159,7726
26160,7727
26161,7728
26162,7729
26163,7730
26164,7731
26165,7732
26166,7733
26167,7734
26168,7735
26169,7736
26170,7737
26171,7738
26172,7739
26173,7740
26174,7741
26175,7742
26176,7743
26177,7744
26178,7745
26179,7746
26180,7747
26181,7748
26182,7749
26183,7750
26184,7751
26185,7752
26186,7753
26187,7754
26188,7755
26189,7756
26190,7757
26191,7758
26192,7759
26193,7760
26194,7761
26195,7762
26196,7763
26197,7764
26198,7765
26199,7766
26200,7767
26201,7768
26202,7769
26203,7770
26204,7771
26205,7772
26206,7773
26207,7774
26208,7775
26209,7776
26210,7777
26211,7778
26212,7779
26213,7780
26214,7781
26215,7782
26216,7783
26217,7784
26218,7785
26219,7786
26220,7787
26221,7788
26222,7789
26223,7790
26224,7791
26225,7792
26226,7793
26227,7794
26228,7795
26229,7796
26230,7797
26231,7798
26232,7799
26233,7800
26234,7801
26235,7802
26236,7803
26237,7804
26238,7805
26239,7806
26240,7807
26241,7808
26242,7809
26243,7810
26244,7811
26245,7812
26246,7813
26247,7814
26248,7815
26249,7816
26250,7817
26251,7818
26252,7819
26253,7820
26254,7821
26255,7822
26256,7823
26257,7824
26258,7825
26259,7826
26260,7827
26261,7828
26262,7829
26263,7830
26264,7831
26265,7832
26266,7833
26267,7834
26268,7835
26269,7836
26270,7837
26271,7838
26272,7839
26273,7840
26274,7841
26275,7842
26276,7843
26277,7844
26278,7845
26279,7846
26280,7847
26281,7848
26282,7849
26283,7850
26284,7851
26285,7852
26286,7853
26287,7854
26288,7855
26289,7856
26290,7857
26291,7858
26292,7859
26293,7860
26294,7861
26295,7862
26296,7863
26297,7864
26298,7865
26299,7866
26300,7867
26301,7868
26302,7869
26303,7870
26304,7871
26305,7872
26306,7873
26307,7874
26308,7875
26309,7876
26310,7877
26311,7878
26312,7879
26313,7880
26314,7881
26315,7882
26316,7883
26317,7884
26318,7885
26319,7886
26320,7887
26321,7888
26322,7889
26323,7890
26324,7891
26325,7892
26326,7893
26327,7894
26328,7895
26329,7896
26330,7897
26331,7898
26332,7899
26333,7900
26334,7901
26335,7902
26336,7903
26337,7904
26338,7905
26339,7906
26340,7907
26341,7908
26342,7909
26343,7910
26344,7911
26345,7912
26346,7913
26347,7914
26348,7915
26349,7916
26350,7917
26351,7918
26352,7919
26353,7920
26354,7921
26355,7922
26356,7923
26357,7924
26358,7925
26359,7926
26360,7927
26361,7928
26362,7929
26363,7930
26364,7931
26365,7932
26366,7933
26367,7934
26368,7935
26369,7936
26370,7937
26371,7938
26372,7939
26373,7940
26374,7941
26375,7942
26376,7943
26377,7944
26378,7945
26379,7946
26380,7947
26381,7948
26382,7949
26383,7950
26384,7951
26385,7952
26386,7953
26387,7954
26388,7955
26389,7956
26390,7957
26391,7958
26392,7959
26393,7960
26394,7961
26395,7962
26396,7963
26397,7964
26398,7965
26399,7966
26400,7967
26401,7968
26402,7969
26403,7970
26404,7971
26405,7972
26406,7973
26407,7974
26408,7975
26409,7976
26410,7977
26411,7978
26412,7979
26413,7980
26414,7981
26415,7982
26416,7983
26417,7984
26418,7985
26419,7986
26420,7987
26421,7988
26422,7989
26423,7990
26424,7991
26425,7992
26426,7993
26427,7994
26428,7995
26429,7996
26430,7997
26431,7998
26432,7999
26433,8000
26434,8001
26435,8002
26436,8003
26437,8004
26438,8005
26439,8006
26440,8007
26441,8008
26442,8009
26443,8010
26444,8011
26445,8012
26446,8013
26447,8014
26448,8015
26449,8016
26450,8017
26451,8018
26452,8019
26453,8020
26454,8021
26455,8022
26456,8023
26457,8024
26458,8025
26459,8026
26460,8027
26461,8028
26462,8029
26463,8030
26464,8031
26465,8032
26466,8033
26467,8034
26468,8035
26469,8036
26470,8037
26471,8038
26472,8039
26473,8040
26474,8041
26475,8042
26476,8043
26477,8044
26478,8045
26479,8046
26480,8047
26481,8048
26482,8049
26483,8050
26484,8051
26485,8052
26486,8053
26487,8054
26488,8055
26489,8056
26490,8057
26491,8058
26492,8059
26493,8060
26494,8061
26495,8062
26496,8063
26497,8064
26498,8065
26499,8066
26500,8067
26501,8068
26502,8069
26503,8070
26504,8071
26505,8072
26506,8073
26507,8074
26508,8075
26509,8076
26510,8077
26511,8078
26512,8079
26513,8080
26514,8081
26515,8082
26516,8083
26517,8084
26518,8085
26519,8086
26520,8087
26521,8088
26522,8089
26523,8090
26524,8091
26525,8092
26526,8093
26527,8094
26528,8095
26529,8096
26530,8097
26531,8098
26532,8099
26533,8100
26534,8101
26535,8102
26536,8103
26537,8104
26538,8105
26539,8106
26540,8107
26541,8108
26542,8109
26543,8110
26544,8111
26545,8112
26546,8113
26547,8114
26548,8115
26549,8116
26550,8117
26551,8118
26552,8119
26553,8120
26554,8121
26555,8122
26556,8123
26557,8124
26558,8125
26559,8126
26560,8127
26561,8128
26562,8129
26563,8130
26564,8131
26565,8132
26566,8133
26567,8134
26568,8135
26569,8136
26570,8137
26571,8138
26572,8139
26573,8140
26574,8141
26575,8142
26576,8143
26577,8144
26578,8145
26579,8146
26580,8147
26581,8148
26582,8149
26583,8150
26584,8151
26585,8152
26586,8153
26587,8154
26588,8155
26589,8156
26590,8157
26591,8158
26592,8159
26593,8160
26594,8161
26595,8162
26596,8163
26597,8164
26598,8165
26599,8166
26600,8167
26601,8168
26602,8169
26603,8170
26604,8171
26605,8172
26606,8173
26607,8174
26608,8175
26609,8176
26610,8177
26611,8178
26612,8179
26613,8180
26614,8181
26615,8182
26616,8183
26617,8184
26618,8185
26619,8186
26620,8187
26621,8188
26622,8189
26623,8190
26624,8191
26625,8192
26626,8193
26627,8194
26628,8195
26629,8196
26630,8197
26631,8198
26632,8199
26633,8200
26634,8201
26635,8202
26636,8203
26637,8204
26638,8205
26639,8206
26640,8207
26641,8208
26642,8209
26643,8210
26644,8211
26645,8212
26646,8213
26647,8214
26648,8215
26649,8216
26650,8217
26651,8218
26652,8219
26653,8220
26654,8221
26655,8222
26656,8223
26657,8224
26658,8225
26659,8226
26660,8227
26661,8228
26662,8229
26663,8230
26664,8231
26665,8232
26666,8233
26667,8234
26668,8235
26669,8236
26670,8237
26671,8238
26672,8239
26673,8240
26674,8241
26675,8242
26676,8243
26677,8244
26678,8245
26679,8246
26680,8247
26681,8248
26682,8249
26683,8250
26684,8251
26685,8252
26686,8253
26687,8254
26688,8255
26689,8256
26690,8257
26691,8258
26692,8259
26693,8260
26694,8261
26695,8262
26696,8263
26697,8264
26698,8265
26699,8266
26700,8267
26701,8268
26702,8269
26703,8270
26704,8271
26705,8272
26706,8273
26707,8274
26708,8275
26709,8276
26710,8277
26711,8278
26712,8279
26713,8280
26714,8281
26715,8282
26716,8283
26717,8284
26718,8285
26719,8286
26720,8287
26721,8288
26722,8289
26723,8290
26724,8291
26725,8292
26726,8293
26727,8294
26728,8295
26729,8296
26730,8297
26731,8298
26732,8299
26733,8300
26734,8301
26735,8302
26736,8303
26737,8304
26738,8305
26739,8306
26740,8307
26741,8308
26742,8309
26743,8310
26744,8311
26745,8312
26746,8313
26747,8314
26748,8315
26749,8316
26750,8317
26751,8318
26752,8319
26753,8320
26754,8321
26755,8322
26756,8323
26757,8324
26758,8325
26759,8326
26760,8327
26761,8328
26762,8329
26763,8330
26764,8331
26765,8332
26766,8333
26767,8334
26768,8335
26769,8336
26770,8337
26771,8338
26772,8339
26773,8340
26774,8341
26775,8342
26776,8343
26777,8344
26778,8345
26779,8346
26780,8347
26781,8348
26782,8349
26783,8350
26784,8351
26785,8352
26786,8353
26787,8354
26788,8355
26789,8356
26790,8357
26791,8358
26792,8359
26793,8360
26794,8361
26795,8362
26796,8363
26797,8364
26798,8365
26799,8366
26800,8367
26801,8368
26802,8369
26803,8370
26804,8371
26805,8372
26806,8373
26807,8374
26808,8375
26809,8376
26810,8377
26811,8378
26812,8379
26813,8380
26814,8381
26815,8382
26816,8383
26817,8384
26818,8385
26819,8386
26820,8387
26821,8388
26822,8389
26823,8390
26824,8391
26825,8392
26826,8393
26827,8394
26828,8395
26829,8396
26830,8397
26831,8398
26832,8399
26833,8400
26834,8401
26835,8402
26836,8403
26837,8404
26838,8405
26839,8406
26840,8407
26841,8408
26842,8409
26843,8410
26844,8411
26845,8412
26846,8413
26847,8414
26848,8415
26849,8416
26850,8417
26851,8418
26852,8419
26853,8420
26854,8421
26855,8422
26856,8423
26857,8424
26858,8425
26859,8426
26860,8427
26861,8428
26862,8429
26863,8430
26864,8431
26865,8432
26866,8433
26867,8434
26868,8435
26869,8436
26870,8437
26871,8438
26872,8439
26873,8440
26874,8441
26875,8442
26876,8443
26877,8444
26878,8445
26879,8446
26880,8447
26881,8448
26882,8449
26883,8450
26884,8451
26885,8452
26886,8453
26887,8454
26888,8455
26889,8456
26890,8457
26891,8458
26892,8459
26893,8460
26894,8461
26895,8462
26896,8463
26897,8464
26898,8465
26899,8466
26900,8467
26901,8468
26902,8469
26903,8470
26904,8471
26905,8472
26906,8473
26907,8474
26908,8475
26909,8476
26910,8477
26911,8478
26912,8479
26913,8480
26914,8481
26915,8482
26916,8483
26917,8484
26918,8485
26919,8486
26920,8487
26921,8488
26922,8489
26923,8490
26924,8491
26925,8492
26926,8493
26927,8494
26928,8495
26929,8496
26930,8497
26931,8498
26932,8499
26933,8500
26934,8501
26935,8502
26936,8503
26937,8504
26938,8505
26939,8506
26940,8507
26941,8508
26942,8509
26943,8510
26944,8511
26945,8512
26946,8513
26947,8514
26948,8515
26949,8516
26950,8517
26951,8518
26952,8519
26953,8520
26954,8521
26955,8522
26956,8523
26957,8524
26958,8525
26959,8526
26960,8527
26961,8528
26962,8529
26963,8530
26964,8531
26965,8532
26966,8533
26967,8534
26968,8535
26969,8536
26970,8537
26971,8538
26972,8539
26973,8540
26974,8541
26975,8542
26976,8543
26977,8544
26978,8545
26979,8546
26980,8547
26981,8548
26982,8549
26983,8550
26984,8551
26985,8552
26986,8553
26987,8554
26988,8555
26989,8556
26990,8557
26991,8558
26992,8559
26993,8560
26994,8561
26995,8562
26996,8563
26997,8564
26998,8565
26999,8566
27000,8567
27001,8568
27002,8569
27003,8570
27004,8571
27005,8572
27006,8573
27007,8574
27008,8575
27009,8576
27010,8577
27011,8578
27012,8579
27013,8580
27014,8581
27015,8582
27016,8583
27017,8584
27018,8585
27019,8586
27020,8587
27021,8588
27022,8589
27023,8590
27024,8591
27025,8592
27026,8593
27027,8594
27028,8595
27029,8596
27030,8597
27031,8598
27032,8599
27033,8600
27034,8601
27035,8602
27036,8603
27037,8604
27038,8605
27039,8606
27040,8607
27041,8608
27042,8609
27043,8610
27044,8611
27045,8612
27046,8613
27047,8614
27048,8615
27049,8616
27050,8617
27051,8618
27052,8619
27053,8620
27054,8621
27055,8622
27056,8623
27057,8624
27058,8625
27059,8626
27060,8627
27061,8628
27062,8629
27063,8630
27064,8631
27065,8632
27066,8633
27067,8634
27068,8635
27069,8636
27070,8637
27071,8638
27072,8639
27073,8640
27074,8641
27075,8642
27076,8643
27077,8644
27078,8645
27079,8646
27080,8647
27081,8648
27082,8649
27083,8650
27084,8651
27085,8652
27086,8653
27087,8654
27088,8655
27089,8656
27090,8657
27091,8658
27092,8659
27093,8660
27094,8661
27095,8662
27096,8663
27097,8664
27098,8665
27099,8666
27100,8667
27101,8668
27102,8669
27103,8670
27104,8671
27105,8672
27106,8673
27107,8674
27108,8675
27109,8676
27110,8677
27111,8678
27112,8679
27113,8680
27114,8681
27115,8682
27116,8683
27117,8684
27118,8685
27119,8686
27120,8687
27121,8688
27122,8689
27123,8690
27124,8691
27125,8692
27126,8693
27127,8694
27128,8695
27129,8696
27130,8697
27131,8698
27132,8699
27133,8700
27134,8701
27135,8702
27136,8703
27137,8704
27138,8705
27139,8706
27140,8707
27141,8708
27142,8709
27143,8710
27144,8711
27145,8712
27146,8713
27147,8714
27148,8715
27149,8716
27150,8717
27151,8718
27152,8719
27153,8720
27154,8721
27155,8722
27156,8723
27157,8724
27158,8725
27159,8726
27160,8727
27161,8728
27162,8729
27163,8730
27164,8731
27165,8732
27166,8733
27167,8734
27168,8735
27169,8736
27170,8737
27171,8738
27172,8739
27173,8740
27174,8741
27175,8742
27176,8743
27177,8744
27178,8745
27179,8746
27180,8747
27181,8748
27182,8749
27183,8750
27184,8751
27185,8752
27186,8753
27187,8754
27188,8755
27189,8756
27190,8757
27191,8758
27192,8759
27193,8760
27194,8761
27195,8762
27196,8763
27197,8764
27198,8765
27199,8766
27200,8767
27201,8768
27202,8769
27203,8770
27204,8771
27205,8772
27206,8773
27207,8774
27208,8775
27209,8776
27210,8777
27211,8778
27212,8779
27213,8780
27214,8781
27215,8782
27216,8783
27217,8784
27218,8785
27219,8786
27220,8787
27221,8788
27222,8789
27223,8790
27224,8791
27225,8792
27226,8793
27227,8794
27228,8795
27229,8796
27230,8797
27231,8798
27232,8799
27233,8800
27234,8801
27235,8802
27236,8803
27237,8804
27238,8805
27239,8806
27240,8807
27241,8808
27242,8809
27243,8810
27244,8811
27245,8812
27246,8813
27247,8814
27248,8815
27249,8816
27250,8817
27251,8818
27252,8819
27253,8820
27254,8821
27255,8822
27256,8823
27257,8824
27258,8825
27259,8826
27260,8827
27261,8828
27262,8829
27263,8830
27264,8831
27265,8832
27266,8833
27267,8834
27268,8835
27269,8836
27270,8837
27271,8838
27272,8839
27273,8840
27274,8841
27275,8842
27276,8843
27277,8844
27278,8845
27279,8846
27280,8847
27281,8848
27282,8849
27283,8850
27284,8851
27285,8852
27286,8853
27287,8854
27288,8855
27289,8856
27290,8857
27291,8858
27292,8859
27293,8860
27294,8861
27295,8862
27296,8863
27297,8864
27298,8865
27299,8866
27300,8867
27301,8868
27302,8869
27303,8870
27304,8871
27305,8872
27306,8873
27307,8874
27308,8875
27309,8876
27310,8877
27311,8878
27312,8879
27313,8880
27314,8881
27315,8882
27316,8883
27317,8884
27318,8885
27319,8886
27320,8887
27321,8888
27322,8889
27323,8890
27324,8891
27325,8892
27326,8893
27327,8894
27328,8895
27329,8896
27330,8897
27331,8898
27332,8899
27333,8900
27334,8901
27335,8902
27336,8903
27337,8904
27338,8905
27339,8906
27340,8907
27341,8908
27342,8909
27343,8910
27344,8911
27345,8912
27346,8913
27347,8914
27348,8915
27349,8916
27350,8917
27351,8918
27352,8919
27353,8920
27354,8921
27355,8922
27356,8923
27357,8924
27358,8925
27359,8926
27360,8927
27361,8928
27362,8929
27363,8930
27364,8931
27365,8932
27366,8933
27367,8934
27368,8935
27369,8936
27370,8937
27371,8938
27372,8939
27373,8940
27374,8941
27375,8942
27376,8943
27377,8944
27378,8945
27379,8946
27380,8947
27381,8948
27382,8949
27383,8950
27384,8951
27385,8952
27386,8953
27387,8954
27388,8955
27389,8956
27390,8957
27391,8958
27392,8959
27393,8960
27394,8961
27395,8962
27396,8963
27397,8964
27398,8965
27399,8966
27400,8967
27401,8968
27402,8969
27403,8970
27404,8971
27405,8972
27406,8973
27407,8974
27408,8975
27409,8976
27410,8977
27411,8978
27412,8979
27413,8980
27414,8981
27415,8982
27416,8983
27417,8984
27418,8985
27419,8986
27420,8987
27421,8988
27422,8989
27423,8990
27424,8991
27425,8992
27426,8993
27427,8994
27428,8995
27429,8996
27430,8997
27431,8998
27432,8999
27433,9000
27434,9001
27435,9002
27436,9003
27437,9004
27438,9005
27439,9006
27440,9007
27441,9008
27442,9009
27443,9010
27444,9011
27445,9012
27446,9013
27447,9014
27448,9015
27449,9016
27450,9017
27451,9018
27452,9019
27453,9020
27454,9021
27455,9022
27456,9023
27457,9024
27458,9025
27459,9026
27460,9027
27461,9028
27462,9029
27463,9030
27464,9031
27465,9032
27466,9033
27467,9034
27468,9035
27469,9036
27470,9037
27471,9038
27472,9039
27473,9040
27474,9041
27475,9042
27476,9043
27477,9044
27478,9045
27479,9046
27480,9047
27481,9048
27482,9049
27483,9050
27484,9051
27485,9052
27486,9053
27487,9054
27488,9055
27489,9056
27490,9057
27491,9058
27492,9059
27493,9060
27494,9061
27495,9062
27496,9063
27497,9064
27498,9065
27499,9066
27500,9067
27501,9068
27502,9069
27503,9070
27504,9071
27505,9072
27506,9073
27507,9074
27508,9075
27509,9076
27510,9077
27511,9078
27512,9079
27513,9080
27514,9081
27515,9082
27516,9083
27517,9084
27518,9085
27519,9086
27520,9087
27521,9088
27522,9089
27523,9090
27524,9091
27525,9092
27526,9093
27527,9094
27528,9095
27529,9096
27530,9097
27531,9098
27532,9099
27533,9100
27534,9101
27535,9102
27536,9103
27537,9104
27538,9105
27539,9106
27540,9107
27541,9108
27542,9109
27543,9110
27544,9111
27545,9112
27546,9113
27547,9114
27548,9115
27549,9116
27550,9117
27551,9118
27552,9119
27553,9120
27554,9121
27555,9122
27556,9123
27557,9124
27558,9125
27559,9126
27560,9127
27561,9128
27562,9129
27563,9130
27564,9131
27565,9132
27566,9133
27567,9134
27568,9135
27569,9136
27570,9137
27571,9138
27572,9139
27573,9140
27574,9141
27575,9142
27576,9143
27577,9144
27578,9145
27579,9146
27580,9147
27581,9148
27582,9149
27583,9150
27584,9151
27585,9152
27586,9153
27587,9154
27588,9155
27589,9156
27590,9157
27591,9158
27592,9159
27593,9160
27594,9161
27595,9162
27596,9163
27597,9164
27598,9165
27599,9166
27600,9167
27601,9168
27602,9169
27603,9170
27604,9171
27605,9172
27606,9173
27607,9174
27608,9175
27609,9176
27610,9177
27611,9178
27612,9179
27613,9180
27614,9181
27615,9182
27616,9183
27617,9184
27618,9185
27619,9186
27620,9187
27621,9188
27622,9189
27623,9190
27624,9191
27625,9192
27626,9193
27627,9194
27628,9195
27629,9196
27630,9197
27631,9198
27632,9199
27633,9200
27634,9201
27635,9202
27636,9203
27637,9204
27638,9205
27639,9206
27640,9207
27641,9208
27642,9209
27643,9210
27644,9211
27645,9212
27646,9213
27647,9214
27648,9215
27649,9216
27650,9217
27651,9218
27652,9219
27653,9220
27654,9221
27655,9222
27656,9223
27657,9224
27658,9225
27659,9226
27660,9227
27661,9228
27662,9229
27663,9230
27664,9231
27665,9232
27666,9233
27667,9234
27668,9235
27669,9236
27670,9237
27671,9238
27672,9239
27673,9240
27674,9241
27675,9242
27676,9243
27677,9244
27678,9245
27679,9246
27680,9247
27681,9248
27682,9249
27683,9250
27684,9251
27685,9252
27686,9253
27687,9254
27688,9255
27689,9256
27690,9257
27691,9258
27692,9259
27693,9260
27694,9261
27695,9262
27696,9263
27697,9264
27698,9265
27699,9266
27700,9267
27701,9268
27702,9269
27703,9270
27704,9271
27705,9272
27706,9273
27707,9274
27708,9275
27709,9276
27710,9277
27711,9278
27712,9279
27713,9280
27714,9281
27715,9282
27716,9283
27717,9284
27718,9285
27719,9286
27720,9287
27721,9288
27722,9289
27723,9290
27724,9291
27725,9292
27726,9293
27727,9294
27728,9295
27729,9296
27730,9297
27731,9298
27732,9299
27733,9300
27734,9301
27735,9302
27736,9303
27737,9304
27738,9305
27739,9306
27740,9307
27741,9308
27742,9309
27743,9310
27744,9311
27745,9312
27746,9313
27747,9314
27748,9315
27749,9316
27750,9317
27751,9318
27752,9319
27753,9320
27754,9321
27755,9322
27756,9323
27757,9324
27758,9325
27759,9326
27760,9327
27761,9328
27762,9329
27763,9330
27764,9331
27765,9332
27766,9333
27767,9334
27768,9335
27769,9336
27770,9337
27771,9338
27772,9339
27773,9340
27774,9341
27775,9342
27776,9343
27777,9344
27778,9345
27779,9346
27780,9347
27781,9348
27782,9349
27783,9350
27784,9351
27785,9352
27786,9353
27787,9354
27788,9355
27789,9356
27790,9357
27791,9358
27792,9359
27793,9360
27794,9361
27795,9362
27796,9363
27797,9364
27798,9365
27799,9366
27800,9367
27801,9368
27802,9369
27803,9370
27804,9371
27805,9372
27806,9373
27807,9374
27808,9375
27809,9376
27810,9377
27811,9378
27812,9379
27813,9380
27814,9381
27815,9382
27816,9383
27817,9384
27818,9385
27819,9386
27820,9387
27821,9388
27822,9389
27823,9390
27824,9391
27825,9392
27826,9393
27827,9394
27828,9395
27829,9396
27830,9397
27831,9398
27832,9399
27833,9400
27834,9401
27835,9402
27836,9403
27837,9404
27838,9405
27839,9406
27840,9407
27841,9408
27842,9409
27843,9410
27844,9411
27845,9412
27846,9413
27847,9414
27848,9415
27849,9416
27850,9417
27851,9418
27852,9419
27853,9420
27854,9421
27855,9422
27856,9423
27857,9424
27858,9425
27859,9426
27860,9427
27861,9428
27862,9429
27863,9430
27864,9431
27865,9432
27866,9433
27867,9434
27868,9435
27869,9436
27870,9437
27871,9438
27872,9439
27873,9440
27874,9441
27875,9442
27876,9443
27877,9444
27878,9445
27879,9446
27880,9447
27881,9448
27882,9449
27883,9450
27884,9451
27885,9452
27886,9453
27887,9454
27888,9455
27889,9456
27890,9457
27891,9458
27892,9459
27893,9460
27894,9461
27895,9462
27896,9463
27897,9464
27898,9465
27899,9466
27900,9467
27901,9468
27902,9469
27903,9470
27904,9471
27905,9472
27906,9473
27907,9474
27908,9475
27909,9476
27910,9477
27911,9478
27912,9479
27913,9480
27914,9481
27915,9482
27916,9483
27917,9484
27918,9485
27919,9486
27920,9487
27921,9488
27922,9489
27923,9490
27924,9491
27925,9492
27926,9493
27927,9494
27928,9495
27929,9496
27930,9497
27931,9498
27932,9499
27933,9500
27934,9501
27935,9502
27936,9503
27937,9504
27938,9505
27939,9506
27940,9507
27941,9508
27942,9509
27943,9510
27944,9511
27945,9512
27946,9513
27947,9514
27948,9515
27949,9516
27950,9517
27951,9518
27952,9519
27953,9520
27954,9521
27955,9522
27956,9523
27957,9524
27958,9525
27959,9526
27960,9527
27961,9528
27962,9529
27963,9530
27964,9531
27965,9532
27966,9533
27967,9534
27968,9535
27969,9536
27970,9537
27971,9538
27972,9539
27973,9540
27974,9541
27975,9542
27976,9543
27977,9544
27978,9545
27979,9546
27980,9547
27981,9548
27982,9549
27983,9550
27984,9551
27985,9552
27986,9553
27987,9554
27988,9555
27989,9556
27990,9557
27991,9558
27992,9559
27993,9560
27994,9561
27995,9562
27996,9563
27997,9564
27998,9565
27999,9566
28000,9567
28001,9568
28002,9569
28003,9570
28004,9571
28005,9572
28006,9573
28007,9574
28008,9575
28009,9576
28010,9577
28011,9578
28012,9579
28013,9580
28014,9581
28015,9582
28016,9583
28017,9584
28018,9585
28019,9586
28020,9587
28021,9588
28022,9589
28023,9590
28024,9591
28025,9592
28026,9593
28027,9594
28028,9595
28029,9596
28030,9597
28031,9598
28032,9599
28033,9600
28034,9601
28035,9602
28036,9603
28037,9604
28038,9605
28039,9606
28040,9607
28041,9608
28042,9609
28043,9610
28044,9611
28045,9612
28046,9613
28047,9614
28048,9615
28049,9616
28050,9617
28051,9618
28052,9619
28053,9620
28054,9621
28055,9622
28056,9623
28057,9624
28058,9625
28059,9626
28060,9627
28061,9628
28062,9629
28063,9630
28064,9631
28065,9632
28066,9633
28067,9634
28068,9635
28069,9636
28070,9637
28071,9638
28072,9639
28073,9640
28074,9641
28075,9642
28076,9643
28077,9644
28078,9645
28079,9646
28080,9647
28081,9648
28082,9649
28083,9650
28084,9651
28085,9652
28086,9653
28087,9654
28088,9655
28089,9656
28090,9657
28091,9658
28092,9659
28093,9660
28094,9661
28095,9662
28096,9663
28097,9664
28098,9665
28099,9666
28100,9667
28101,9668
28102,9669
28103,9670
28104,9671
28105,9672
28106,9673
28107,9674
28108,9675
28109,9676
28110,9677
28111,9678
28112,9679
28113,9680
28114,9681
28115,9682
28116,9683
28117,9684
28118,9685
28119,9686
28120,9687
28121,9688
28122,9689
28123,9690
28124,9691
28125,9692
28126,9693
28127,9694
28128,9695
28129,9696
28130,9697
28131,9698
28132,9699
28133,9700
28134,9701
28135,9702
28136,9703
28137,9704
28138,9705
28139,9706
28140,9707
28141,9708
28142,9709
28143,9710
28144,9711
28145,9712
28146,9713
28147,9714
28148,9715
28149,9716
28150,9717
28151,9718
28152,9719
28153,9720
28154,9721
28155,9722
28156,9723
28157,9724
28158,9725
28159,9726
28160,9727
28161,9728
28162,9729
28163,9730
28164,9731
28165,9732
28166,9733
28167,9734
28168,9735
28169,9736
28170,9737
28171,9738
28172,9739
28173,9740
28174,9741
28175,9742
28176,9743
28177,9744
28178,9745
28179,9746
28180,9747
28181,9748
28182,9749
28183,9750
28184,9751
28185,9752
28186,9753
28187,9754
28188,9755
28189,9756
28190,9757
28191,9758
28192,9759
28193,9760
28194,9761
28195,9762
28196,9763
28197,9764
28198,9765
28199,9766
28200,9767
28201,9768
28202,9769
28203,9770
28204,9771
28205,9772
28206,9773
28207,9774
28208,9775
28209,9776
28210,9777
28211,9778
28212,9779
28213,9780
28214,9781
28215,9782
28216,9783
28217,9784
28218,9785
28219,9786
28220,9787
28221,9788
28222,9789
28223,9790
28224,9791
28225,9792
28226,9793
28227,9794
28228,9795
28229,9796
28230,9797
28231,9798
28232,9799
28233,9800
28234,9801
28235,9802
28236,9803
28237,9804
28238,9805
28239,9806
28240,9807
28241,9808
28242,9809
28243,9810
28244,9811
28245,9812
28246,9813
28247,9814
28248,9815
28249,9816
28250,9817
28251,9818
28252,9819
28253,9820
28254,9821
28255,9822
28256,9823
28257,9824
28258,9825
28259,9826
28260,9827
28261,9828
28262,9829
28263,9830
28264,9831
28265,9832
28266,9833
28267,9834
28268,9835
28269,9836
28270,9837
28271,9838
28272,9839
28273,9840
28274,9841
28275,9842
28276,9843
28277,9844
28278,9845
28279,9846
28280,9847
28281,9848
28282,9849
28283,9850
28284,9851
28285,9852
28286,9853
28287,9854
28288,9855
28289,9856
28290,9857
28291,9858
28292,9859
28293,9860
28294,9861
28295,9862
28296,9863
28297,9864
28298,9865
28299,9866
28300,9867
28301,9868
28302,9869
28303,9870
28304,9871
28305,9872
28306,9873
28307,9874
28308,9875
28309,9876
28310,9877
28311,9878
28312,9879
28313,9880
28314,9881
28315,9882
28316,9883
28317,9884
28318,9885
28319,9886
28320,9887
28321,9888
28322,9889
28323,9890
28324,9891
28325,9892
28326,9893
28327,9894
28328,9895
28329,9896
28330,9897
28331,9898
28332,9899
28333,9900
28334,9901
28335,9902
28336,9903
28337,9904
28338,9905
28339,9906
28340,9907
28341,9908
28342,9909
28343,9910
28344,9911
28345,9912
28346,9913
28347,9914
28348,9915
28349,9916
28350,9917
28351,9918
28352,9919
28353,9920
28354,9921
28355,9922
28356,9923
28357,9924
28358,9925
28359,9926
28360,9927
28361,9928
28362,9929
28363,9930
28364,9931
28365,9932
28366,9933
28367,9934
28368,9935
28369,9936
28370,9937
28371,9938
28372,9939
28373,9940
28374,9941
28375,9942
28376,9943
28377,9944
28378,9945
28379,9946
28380,9947
28381,9948
28382,9949
28383,9950
28384,9951
28385,9952
28386,9953
28387,9954
28388,9955
28389,9956
28390,9957
28391,9958
28392,9959
28393,9960
28394,9961
28395,9962
28396,9963
28397,9964
28398,9965
28399,9966
28400,9967
28401,9968
28402,9969
28403,9970
28404,9971
28405,9972
28406,9973
28407,9974
28408,9975
28409,9976
28410,9977
28411,9978
28412,9979
28413,9980
28414,9981
28415,9982
28416,9983
28417,9984
28418,9985
28419,9986
28420,9987
28421,9988
28422,9989
28423,9990
28424,9991
28425,9992
28426,9993
28427,9994
28428,9995
28429,9996
28430,9997
28431,9998
28432,9999
28433,10000
28434,10001
28435,10002
28436,10003
28437,10004
28438,10005
28439,10006
28440,10007
28441,10008
28442,10009
28443,10010
28444,10011
28445,10012
28446,10013
28447,10014
28448,10015
28449,10016
28450,10017
28451,10018
28452,10019
28453,10020
28454,10021
28455,10022
28456,10023
28457,10024
28458,10025
28459,10026
28460,10027
28461,10028
28462,10029
28463,10030
28464,10031
28465,10032
28466,10033
28467,10034
28468,10035
28469,10036
28470,10037
28471,10038
28472,10039
28473,10040
28474,10041
28475,10042
28476,10043
28477,10044
28478,10045
28479,10046
28480,10047
28481,10048
28482,10049
28483,10050
28484,10051
28485,10052
28486,10053
28487,10054
28488,10055
28489,10056
28490,10057
28491,10058
28492,10059
28493,10060
28494,10061
28495,10062
28496,10063
28497,10064
28498,10065
28499,10066
28500,10067
28501,10068
28502,10069
28503,10070
28504,10071
28505,10072
28506,10073
28507,10074
28508,10075
28509,10076
28510,10077
28511,10078
28512,10079
28513,10080
28514,10081
28515,10082
28516,10083
28517,10084
28518,10085
28519,10086
28520,10087
28521,10088
28522,10089
28523,10090
28524,10091
28525,10092
28526,10093
28527,10094
28528,10095
28529,10096
28530,10097
28531,10098
28532,10099
28533,10100
28534,10101
28535,10102
28536,10103
28537,10104
28538,10105
28539,10106
28540,10107
28541,10108
28542,10109
28543,10110
28544,10111
28545,10112
28546,10113
28547,10114
28548,10115
28549,10116
28550,10117
28551,10118
28552,10119
28553,10120
28554,10121
28555,10122
28556,10123
28557,10124
28558,10125
28559,10126
28560,10127
28561,10128
28562,10129
28563,10130
28564,10131
28565,10132
28566,10133
28567,10134
28568,10135
28569,10136
28570,10137
28571,10138
28572,10139
28573,10140
28574,10141
28575,10142
28576,10143
28577,10144
28578,10145
28579,10146
28580,10147
28581,10148
28582,10149
28583,10150
28584,10151
28585,10152
28586,10153
28587,10154
28588,10155
28589,10156
28590,10157
28591,10158
28592,10159
28593,10160
28594,10161
28595,10162
28596,10163
28597,10164
28598,10165
28599,10166
28600,10167
28601,10168
28602,10169
28603,10170
28604,10171
28605,10172
28606,10173
28607,10174
28608,10175
28609,10176
28610,10177
28611,10178
28612,10179
28613,10180
28614,10181
28615,10182
28616,10183
28617,10184
28618,10185
28619,10186
28620,10187
28621,10188
28622,10189
28623,10190
28624,10191
28625,10192
28626,10193
28627,10194
28628,10195
28629,10196
28630,10197
28631,10198
28632,10199
28633,10200
28634,10201
28635,10202
28636,10203
28637,10204
28638,10205
28639,10206
28640,10207
28641,10208
28642,10209
28643,10210
28644,10211
28645,10212
28646,10213
28647,10214
28648,10215
28649,10216
28650,10217
28651,10218
28652,10219
28653,10220
28654,10221
28655,10222
28656,10223
28657,10224
28658,10225
28659,10226
28660,10227
28661,10228
28662,10229
28663,10230
28664,10231
28665,10232
28666,10233
28667,10234
28668,10235
28669,10236
28670,0
28671,1
28672,2
28673,3
28674,4
28675,5
28676,6
28677,7
28678,8
28679,9
28680,10
28681,11
28682,12
28683,13
28684,14
28685,15
28686,16
28687,17
28688,18
28689,19
28690,20
28691,21
28692,22
28693,23
28694,24
28695,25
28696,26
28697,27
28698,28
28699,29
28700,30
28701,31
28702,32
28703,33
28704,34
28705,35
28706,36
28707,37
28708,38
28709,39
28710,40
28711,41
28712,42
28713,43
28714,44
28715,45
28716,46
28717,47
28718,48
28719,49
28720,50
28721,51
28722,52
28723,53
28724,54
28725,55
28726,56
28727,57
28728,58
28729,59
28730,60
28731,61
28732,62
28733,63
28734,64
28735,65
28736,66
28737,67
28738,68
28739,69
28740,70
28741,71
28742,72
28743,73
28744,74
28745,75
28746,76
28747,77
28748,78
28749,79
28750,80
28751,81
28752,82
28753,83
28754,84
28755,85
28756,86
28757,87
28758,88
28759,89
28760,90
28761,91
28762,92
28763,93
28764,94
28765,95
28766,96
28767,97
28768,98
28769,99
28770,100
28771,101
28772,102
28773,103
28774,104
28775,105
28776,106
28777,107
28778,108
28779,109
28780,110
28781,111
28782,112
28783,113
28784,114
28785,115
28786,116
28787,117
28788,118
28789,119
28790,120
28791,121
28792,122
28793,123
28794,124
28795,125
28796,126
28797,127
28798,128
28799,129
28800,130
28801,131
28802,132
28803,133
28804,134
28805,135
28806,136
28807,137
28808,138
28809,139
28810,140
28811,141
28812,142
28813,143
28814,144
28815,145
28816,146
28817,147
28818,148
28819,149
28820,150
28821,151
28822,152
28823,153
28824,154
28825,155
28826,156
28827,157
28828,158
28829,159
28830,160
28831,161
28832,162
28833,163
28834,164
28835,165
28836,166
28837,167
28838,168
28839,169
28840,170
28841,171
28842,172
28843,173
28844,174
28845,175
28846,176
28847,177
28848,178
28849,179
28850,180
28851,181
28852,182
28853,183
28854,184
28855,185
28856,186
28857,187
28858,188
28859,189
28860,190
28861,191
28862,192
28863,193
28864,194
28865,195
28866,196
28867,197
28868,198
28869,199
28870,200
28871,201
28872,202
28873,203
28874,204
28875,205
28876,206
28877,207
28878,208
28879,209
28880,210
28881,211
28882,212
28883,213
28884,214
28885,215
28886,216
28887,217
28888,218
28889,219
28890,220
28891,221
28892,222
28893,223
28894,224
28895,225
28896,226
28897,227
28898,228
28899,229
28900,230
28901,231
28902,232
28903,233
28904,234
28905,235
28906,236
28907,237
28908,238
28909,239
28910,240
28911,241
28912,242
28913,243
28914,244
28915,245
28916,246
28917,247
28918,248
28919,249
28920,250
28921,251
28922,252
28923,253
28924,254
28925,255
28926,256
28927,257
28928,258
28929,259
28930,260
28931,261
28932,262
28933,263
28934,264
28935,265
28936,266
28937,267
28938,268
28939,269
28940,270
28941,271
28942,272
28943,273
28944,274
28945,275
28946,276
28947,277
28948,278
28949,279
28950,280
28951,281
28952,282
28953,283
28954,284
28955,285
28956,286
28957,287
28958,288
28959,289
28960,290
28961,291
28962,292
28963,293
28964,294
28965,295
28966,296
28967,297
28968,298
28969,299
28970,300
28971,301
28972,302
28973,303
28974,304
28975,305
28976,306
28977,307
28978,308
28979,309
28980,310
28981,311
28982,312
28983,313
28984,314
28985,315
28986,316
28987,317
28988,318
28989,319
28990,320
28991,321
28992,322
28993,323
28994,324
28995,325
28996,326
28997,327
28998,328
28999,329
29000,330
29001,331
29002,332
29003,333
29004,334
29005,335
29006,336
29007,337
29008,338
29009,339
29010,340
29011,341
29012,342
29013,343
29014,344
29015,345
29016,346
29017,347
29018,348
29019,349
29020,350
29021,351
29022,352
29023,353
29024,354
29025,355
29026,356
29027,357
29028,358
29029,359
29030,360
29031,361
29032,362
29033,363
29034,364
29035,365
29036,366
29037,367
29038,368
29039,369
29040,370
29041,371
29042,372
29043,373
29044,374
29045,375
29046,376
29047,377
29048,378
29049,379
29050,380
29051,381
29052,382
29053,383
29054,384
29055,385
29056,386
29057,387
29058,388
29059,389
29060,390
29061,391
29062,392
29063,393
29064,394
29065,395
29066,396
29067,397
29068,398
29069,399
29070,400
29071,401
29072,402
29073,403
29074,404
29075,405
29076,406
29077,407
29078,408
29079,409
29080,410
29081,411
29082,412
29083,413
29084,414
29085,415
29086,416
29087,417
29088,418
29089,419
29090,420
29091,421
29092,422
29093,423
29094,424
29095,425
29096,426
29097,427
29098,428
29099,429
29100,430
29101,431
29102,432
29103,433
29104,434
29105,435
29106,436
29107,437
29108,438
29109,439
29110,440
29111,441
29112,442
29113,443
29114,444
29115,445
29116,446
29117,447
29118,448
29119,449
29120,450
29121,451
29122,452
29123,453
29124,454
29125,455
29126,456
29127,457
29128,458
29129,459
29130,460
29131,461
29132,462
29133,463
29134,464
29135,465
29136,466
29137,467
29138,468
29139,469
29140,470
29141,471
29142,472
29143,473
29144,474
29145,475
29146,476
29147,477
29148,478
29149,479
29150,480
29151,481
29152,482
29153,483
29154,484
29155,485
29156,486
29157,487
29158,488
29159,489
29160,490
29161,491
29162,492
29163,493
29164,494
29165,495
29166,496
29167,497
29168,498
29169,499
29170,500
29171,501
29172,502
29173,503
29174,504
29175,505
29176,506
29177,507
29178,508
29179,509
29180,510
29181,511
29182,512
29183,513
29184,514
29185,515
29186,516
29187,517
29188,518
29189,519
29190,520
29191,521
29192,522
29193,523
29194,524
29195,525
29196,526
29197,527
29198,528
29199,529
29200,530
29201,531
29202,532
29203,533
29204,534
29205,535
29206,536
29207,537
29208,538
29209,539
29210,540
29211,541
29212,542
29213,543
29214,544
29215,545
29216,546
29217,547
29218,548
29219,549
29220,550
29221,551
29222,552
29223,553
29224,554
29225,555
29226,556
29227,557
29228,558
29229,559
29230,560
29231,561
29232,562
29233,563
29234,564
29235,565
29236,566
29237,567
29238,568
29239,569
29240,570
29241,571
29242,572
29243,573
29244,574
29245,575
29246,576
29247,577
29248,578
29249,579
29250,580
29251,581
29252,582
29253,583
29254,584
29255,585
29256,586
29257,587
29258,588
29259,589
29260,590
29261,591
29262,592
29263,593
29264,594
29265,595
29266,596
29267,597
29268,598
29269,599
29270,600
29271,601
29272,602
29273,603
29274,604
29275,605
29276,606
29277,607
29278,608
29279,609
29280,610
29281,611
29282,612
29283,613
29284,614
29285,615
29286,616
29287,617
29288,618
29289,619
29290,620
29291,621
29292,622
29293,623
29294,624
29295,625
29296,626
29297,627
29298,628
29299,629
29300,630
29301,631
29302,632
29303,633
29304,634
29305,635
29306,636
29307,637
29308,638
29309,639
29310,640
29311,641
29312,642
29313,643
29314,644
29315,645
29316,646
29317,647
29318,648
29319,649
29320,650
29321,651
29322,652
29323,653
29324,654
29325,655
29326,656
29327,657
29328,658
29329,659
29330,660
29331,661
29332,662
29333,663
29334,664
29335,665
29336,666
29337,667
29338,668
29339,669
29340,670
29341,671
29342,672
29343,673
29344,674
29345,675
29346,676
29347,677
29348,678
29349,679
29350,680
29351,681
29352,682
29353,683
29354,684
29355,685
29356,686
29357,687
29358,688
29359,689
29360,690
29361,691
29362,692
29363,693
29364,694
29365,695
29366,696
29367,697
29368,698
29369,699
29370,700
29371,701
29372,702
29373,703
29374,704
29375,705
29376,706
29377,707
29378,708
29379,709
29380,710
29381,711
29382,712
29383,713
29384,714
29385,715
29386,716
29387,717
29388,718
29389,719
29390,720
29391,721
29392,722
29393,723
29394,724
29395,725
29396,726
29397,727
29398,728
29399,729
29400,730
29401,731
29402,732
29403,733
29404,734
29405,735
29406,736
29407,737
29408,738
29409,739
29410,740
29411,741
29412,742
29413,743
29414,744
29415,745
29416,746
29417,747
29418,748
29419,749
29420,750
29421,751
29422,752
29423,753
29424,754
29425,755
29426,756
29427,757
29428,758
29429,759
29430,760
29431,761
29432,762
29433,763
29434,764
29435,765
29436,766
29437,767
29438,768
29439,769
29440,770
29441,771
29442,772
29443,773
29444,774
29445,775
29446,776
29447,777
29448,778
29449,779
29450,780
29451,781
29452,782
29453,783
29454,784
29455,785
29456,786
29457,787
29458,788
29459,789
29460,790
29461,791
29462,792
29463,793
29464,794
29465,795
29466,796
29467,797
29468,798
29469,799
29470,800
29471,801
29472,802
29473,803
29474,804
29475,805
29476,806
29477,807
29478,808
29479,809
29480,810
29481,811
29482,812
29483,813
29484,814
29485,815
29486,816
29487,817
29488,818
29489,819
29490,820
29491,821
29492,822
29493,823
29494,824
29495,825
29496,826
29497,827
29498,828
29499,829
29500,830
29501,831
29502,832
29503,833
29504,834
29505,835
29506,836
29507,837
29508,838
29509,839
29510,840
29511,841
29512,842
29513,843
29514,844
29515,845
29516,846
29517,847
29518,848
29519,849
29520,850
29521,851
29522,852
29523,853
29524,854
29525,855
29526,856
29527,857
29528,858
29529,859
29530,860
29531,861
29532,862
29533,863
29534,864
29535,865
29536,866
29537,867
29538,868
29539,869
29540,870
29541,871
29542,872
29543,873
29544,874
29545,875
29546,876
29547,877
29548,878
29549,879
29550,880
29551,881
29552,882
29553,883
29554,884
29555,885
29556,886
29557,887
29558,888
29559,889
29560,890
29561,891
29562,892
29563,893
29564,894
29565,895
29566,896
29567,897
29568,898
29569,899
29570,900
29571,901
29572,902
29573,903
29574,904
29575,905
29576,906
29577,907
29578,908
29579,909
29580,910
29581,911
29582,912
29583,913
29584,914
29585,915
29586,916
29587,917
29588,918
29589,919
29590,920
29591,921
29592,922
29593,923
29594,924
29595,925
29596,926
29597,927
29598,928
29599,929
29600,930
29601,931
29602,932
29603,933
29604,934
29605,935
29606,936
29607,937
29608,938
29609,939
29610,940
29611,941
29612,942
29613,943
29614,944
29615,945
29616,946
29617,947
29618,948
29619,949
29620,950
29621,951
29622,952
29623,953
29624,954
29625,955
29626,956
29627,957
29628,958
29629,959
29630,960
29631,961
29632,962
29633,963
29634,964
29635,965
29636,966
29637,967
29638,968
29639,969
29640,970
29641,971
29642,972
29643,973
29644,974
29645,975
29646,976
29647,977
29648,978
29649,979
29650,980
29651,981
29652,982
29653,983
29654,984
29655,985
29656,986
29657,987
29658,988
29659,989
29660,990
29661,991
29662,992
29663,993
29664,994
29665,995
29666,996
29667,997
29668,998
29669,999
29670,1000
29671,1001
29672,1002
29673,1003
29674,1004
29675,1005
29676,1006
29677,1007
29678,1008
29679,1009
29680,1010
29681,1011
29682,1012
29683,1013
29684,1014
29685,1015
29686,1016
29687,1017
29688,1018
29689,1019
29690,1020
29691,1021
29692,1022
29693,1023
29694,1024
29695,1025
29696,1026
29697,1027
29698,1028
29699,1029
29700,1030
29701,1031
29702,1032
29703,1033
29704,1034
29705,1035
29706,1036
29707,1037
29708,1038
29709,1039
29710,1040
29711,1041
29712,1042
29713,1043
29714,1044
29715,1045
29716,1046
29717,1047
29718,1048
29719,1049
29720,1050
29721,1051
29722,1052
29723,1053
29724,1054
29725,1055
29726,1056
29727,1057
29728,1058
29729,1059
29730,1060
29731,1061
29732,1062
29733,1063
29734,1064
29735,1065
29736,1066
29737,1067
29738,1068
29739,1069
29740,1070
29741,1071
29742,1072
29743,1073
29744,1074
29745,1075
29746,1076
29747,1077
29748,1078
29749,1079
29750,1080
29751,1081
29752,1082
29753,1083
29754,1084
29755,1085
29756,1086
29757,1087
29758,1088
29759,1089
29760,1090
29761,1091
29762,1092
29763,1093
29764,1094
29765,1095
29766,1096
29767,1097
29768,1098
29769,1099
29770,1100
29771,1101
29772,1102
29773,1103
29774,1104
29775,1105
29776,1106
29777,1107
29778,1108
29779,1109
29780,1110
29781,1111
29782,1112
29783,1113
29784,1114
29785,1115
29786,1116
29787,1117
29788,1118
29789,1119
29790,1120
29791,1121
29792,1122
29793,1123
29794,1124
29795,1125
29796,1126
29797,1127
29798,1128
29799,1129
29800,1130
29801,1131
29802,1132
29803,1133
29804,1134
29805,1135
29806,1136
29807,1137
29808,1138
29809,1139
29810,1140
29811,1141
29812,1142
29813,1143
29814,1144
29815,1145
29816,1146
29817,1147
29818,1148
29819,1149
29820,1150
29821,1151
29822,1152
29823,1153
29824,1154
29825,1155
29826,1156
29827,1157
29828,1158
29829,1159
29830,1160
29831,1161
29832,1162
29833,1163
29834,1164
29835,1165
29836,1166
29837,1167
29838,1168
29839,1169
29840,1170
29841,1171
29842,1172
29843,1173
29844,1174
29845,1175
29846,1176
29847,1177
29848,1178
29849,1179
29850,1180
29851,1181
29852,1182
29853,1183
29854,1184
29855,1185
29856,1186
29857,1187
29858,1188
29859,1189
29860,1190
29861,1191
29862,1192
29863,1193
29864,1194
29865,1195
29866,1196
29867,1197
29868,1198
29869,1199
29870,1200
29871,1201
29872,1202
29873,1203
29874,1204
29875,1205
29876,1206
29877,1207
29878,1208
29879,1209
29880,1210
29881,1211
29882,1212
29883,1213
29884,1214
29885,1215
29886,1216
29887,1217
29888,1218
29889,1219
29890,1220
29891,1221
29892,1222
29893,1223
29894,1224
29895,1225
29896,1226
29897,1227
29898,1228
29899,1229
29900,1230
29901,1231
29902,1232
29903,1233
29904,1234
29905,1235
29906,1236
29907,1237
29908,1238
29909,1239
29910,1240
29911,1241
29912,1242
29913,1243
29914,1244
29915,1245
29916,1246
29917,1247
29918,1248
29919,1249
29920,1250
29921,1251
29922,1252
29923,1253
29924,1254
29925,1255
29926,1256
29927,1257
29928,1258
29929,1259
29930,1260
29931,1261
29932,1262
29933,1263
29934,1264
29935,1265
29936,1266
29937,1267
29938,1268
29939,1269
29940,1270
29941,1271
29942,1272
29943,1273
29944,1274
29945,1275
29946,1276
29947,1277
29948,1278
29949,1279
29950,1280
29951,1281
29952,1282
29953,1283
29954,1284
29955,1285
29956,1286
29957,1287
29958,1288
29959,1289
29960,1290
29961,1291
29962,1292
29963,1293
29964,1294
29965,1295
29966,1296
29967,1297
29968,1298
29969,1299
29970,1300
29971,1301
29972,1302
29973,1303
29974,1304
29975,1305
29976,1306
29977,1307
29978,1308
29979,1309
29980,1310
29981,1311
29982,1312
29983,1313
29984,1314
29985,1315
29986,1316
29987,1317
29988,1318
29989,1319
29990,1320
29991,1321
29992,1322
29993,1323
29994,1324
29995,1325
29996,1326
29997,1327
29998,1328
29999,1329
30000,1330
30001,1331
30002,1332
30003,1333
30004,1334
30005,1335
30006,1336
30007,1337
30008,1338
30009,1339
30010,1340
30011,1341
30012,1342
30013,1343
30014,1344
30015,1345
30016,1346
30017,1347
30018,1348
30019,1349
30020,1350
30021,1351
30022,1352
30023,1353
30024,1354
30025,1355
30026,1356
30027,1357
30028,1358
30029,1359
30030,1360
30031,1361
30032,1362
30033,1363
30034,1364
30035,1365
30036,1366
30037,1367
30038,1368
30039,1369
30040,1370
30041,1371
30042,1372
30043,1373
30044,1374
30045,1375
30046,1376
30047,1377
30048,1378
30049,1379
30050,1380
30051,1381
30052,1382
30053,1383
30054,1384
30055,1385
30056,1386
30057,1387
30058,1388
30059,1389
30060,1390
30061,1391
30062,1392
30063,1393
30064,1394
30065,1395
30066,1396
30067,1397
30068,1398
30069,1399
30070,1400
30071,1401
30072,1402
30073,1403
30074,1404
30075,1405
30076,1406
30077,1407
30078,1408
30079,1409
30080,1410
30081,1411
30082,1412
30083,1413
30084,1414
30085,1415
30086,1416
30087,1417
30088,1418
30089,1419
30090,1420
30091,1421
30092,1422
30093,1423
30094,1424
30095,1425
30096,1426
30097,1427
30098,1428
30099,1429
30100,1430
30101,1431
30102,1432
30103,1433
30104,1434
30105,1435
30106,1436
30107,1437
30108,1438
30109,1439
30110,1440
30111,1441
30112,1442
30113,1443
30114,1444
30115,1445
30116,1446
30117,1447
30118,1448
30119,1449
30120,1450
30121,1451
30122,1452
30123,1453
30124,1454
30125,1455
30126,1456
30127,1457
30128,1458
30129,1459
30130,1460
30131,1461
30132,1462
30133,1463
30134,1464
30135,1465
30136,1466
30137,1467
30138,1468
30139,1469
30140,1470
30141,1471
30142,1472
30143,1473
30144,1474
30145,1475
30146,1476
30147,1477
30148,1478
30149,1479
30150,1480
30151,1481
30152,1482
30153,1483
30154,1484
30155,1485
30156,1486
30157,1487
30158,1488
30159,1489
30160,1490
30161,1491
30162,1492
30163,1493
30164,1494
30165,1495
30166,1496
30167,1497
30168,1498
30169,1499
30170,1500
30171,1501
30172,1502
30173,1503
30174,1504
30175,1505
30176,1506
30177,1507
30178,1508
30179,1509
30180,1510
30181,1511
30182,1512
30183,1513
30184,1514
30185,1515
30186,1516
30187,1517
30188,1518
30189,1519
30190,1520
30191,1521
30192,1522
30193,1523
30194,1524
30195,1525
30196,1526
30197,1527
30198,1528
30199,1529
30200,1530
30201,1531
30202,1532
30203,1533
30204,1534
30205,1535
30206,1536
30207,1537
30208,1538
30209,1539
30210,1540
30211,1541
30212,1542
30213,1543
30214,1544
30215,1545
30216,1546
30217,1547
30218,1548
30219,1549
30220,1550
30221,1551
30222,1552
30223,1553
30224,1554
30225,1555
30226,1556
30227,1557
30228,1558
30229,1559
30230,1560
30231,1561
30232,1562
30233,1563
30234,1564
30235,1565
30236,1566
30237,1567
30238,1568
30239,1569
30240,1570
30241,1571
30242,1572
30243,1573
30244,1574
30245,1575
30246,1576
30247,1577
30248,1578
30249,1579
30250,1580
30251,1581
30252,1582
30253,1583
30254,1584
30255,1585
30256,1586
30257,1587
30258,1588
30259,1589
30260,1590
30261,1591
30262,1592
30263,1593
30264,1594
30265,1595
30266,1596
30267,1597
30268,1598
30269,1599
30270,1600
30271,1601
30272,1602
30273,1603
30274,1604
30275,1605
30276,1606
30277,1607
30278,1608
30279,1609
30280,1610
30281,1611
30282,1612
30283,1613
30284,1614
30285,1615
30286,1616
30287,1617
30288,1618
30289,1619
30290,1620
30291,1621
30292,1622
30293,1623
30294,1624
30295,1625
30296,1626
30297,1627
30298,1628
30299,1629
30300,1630
30301,1631
30302,1632
30303,1633
30304,1634
30305,1635
30306,1636
30307,1637
30308,1638
30309,1639
30310,1640
30311,1641
30312,1642
30313,1643
30314,1644
30315,1645
30316,1646
30317,1647
30318,1648
30319,1649
30320,1650
30321,1651
30322,1652
30323,1653
30324,1654
30325,1655
30326,1656
30327,1657
30328,1658
30329,1659
30330,1660
30331,1661
30332,1662
30333,1663
30334,1664
30335,1665
30336,1666
30337,1667
30338,1668
30339,1669
30340,1670
30341,1671
30342,1672
30343,1673
30344,1674
30345,1675
30346,1676
30347,1677
30348,1678
30349,1679
30350,1680
30351,1681
30352,1682
30353,1683
30354,1684
30355,1685
30356,1686
30357,1687
30358,1688
30359,1689
30360,1690
30361,1691
30362,1692
30363,1693
30364,1694
30365,1695
30366,1696
30367,1697
30368,1698
30369,1699
30370,1700
30371,1701
30372,1702
30373,1703
30374,1704
30375,1705
30376,1706
30377,1707
30378,1708
30379,1709
30380,1710
30381,1711
30382,1712
30383,1713
30384,1714
30385,1715
30386,1716
30387,1717
30388,1718
30389,1719
30390,1720
30391,1721
30392,1722
30393,1723
30394,1724
30395,1725
30396,1726
30397,1727
30398,1728
30399,1729
30400,1730
30401,1731
30402,1732
30403,1733
30404,1734
30405,1735
30406,1736
30407,1737
30408,1738
30409,1739
30410,1740
30411,1741
30412,1742
30413,1743
30414,1744
30415,1745
30416,1746
30417,1747
30418,1748
30419,1749
30420,1750
30421,1751
30422,1752
30423,1753
30424,1754
30425,1755
30426,1756
30427,1757
30428,1758
30429,1759
30430,1760
30431,1761
30432,1762
30433,1763
30434,1764
30435,1765
30436,1766
30437,1767
30438,1768
30439,1769
30440,1770
30441,1771
30442,1772
30443,1773
30444,1774
30445,1775
30446,1776
30447,1777
30448,1778
30449,1779
30450,1780
30451,1781
30452,1782
30453,1783
30454,1784
30455,1785
30456,1786
30457,1787
30458,1788
30459,1789
30460,1790
30461,1791
30462,1792
30463,1793
30464,1794
30465,1795
30466,1796
30467,1797
30468,1798
30469,1799
30470,1800
30471,1801
30472,1802
30473,1803
30474,1804
30475,1805
30476,1806
30477,1807
30478,1808
30479,1809
30480,1810
30481,1811
30482,1812
30483,1813
30484,1814
30485,1815
30486,1816
30487,1817
30488,1818
30489,1819
30490,1820
30491,1821
30492,1822
30493,1823
30494,1824
30495,1825
30496,1826
30497,1827
30498,1828
30499,1829
30500,1830
30501,1831
30502,1832
30503,1833
30504,1834
30505,1835
30506,1836
30507,1837
30508,1838
30509,1839
30510,1840
30511,1841
30512,1842
30513,1843
30514,1844
30515,1845
30516,1846
30517,1847
30518,1848
30519,1849
30520,1850
30521,1851
30522,1852
30523,1853
30524,1854
30525,1855
30526,1856
30527,1857
30528,1858
30529,1859
30530,1860
30531,1861
30532,1862
30533,1863
30534,1864
30535,1865
30536,1866
30537,1867
30538,1868
30539,1869
30540,1870
30541,1871
30542,1872
30543,1873
30544,1874
30545,1875
30546,1876
30547,1877
30548,1878
30549,1879
30550,1880
30551,1881
30552,1882
30553,1883
30554,1884
30555,1885
30556,1886
30557,1887
30558,1888
30559,1889
30560,1890
30561,1891
30562,1892
30563,1893
30564,1894
30565,1895
30566,1896
30567,1897
30568,1898
30569,1899
30570,1900
30571,1901
30572,1902
30573,1903
30574,1904
30575,1905
30576,1906
30577,1907
30578,1908
30579,1909
30580,1910
30581,1911
30582,1912
30583,1913
30584,1914
30585,1915
30586,1916
30587,1917
30588,1918
30589,1919
30590,1920
30591,1921
30592,1922
30593,1923
30594,1924
30595,1925
30596,1926
30597,1927
30598,1928
30599,1929
30600,1930
30601,1931
30602,1932
30603,1933
30604,1934
30605,1935
30606,1936
30607,1937
30608,1938
30609,1939
30610,1940
30611,1941
30612,1942
30613,1943
30614,1944
30615,1945
30616,1946
30617,1947
30618,1948
30619,1949
30620,1950
30621,1951
30622,1952
30623,1953
30624,1954
30625,1955
30626,1956
30627,1957
30628,1958
30629,1959
30630,1960
30631,1961
30632,1962
30633,1963
30634,1964
30635,1965
30636,1966
30637,1967
30638,1968
30639,1969
30640,1970
30641,1971
30642,1972
30643,1973
30644,1974
30645,1975
30646,1976
30647,1977
30648,1978
30649,1979
30650,1980
30651,1981
30652,1982
30653,1983
30654,1984
30655,1985
30656,1986
30657,1987
30658,1988
30659,1989
30660,1990
30661,1991
30662,1992
30663,1993
30664,1994
30665,1995
30666,1996
30667,1997
30668,1998
30669,1999
30670,2000
30671,2001
30672,2002
30673,2003
30674,2004
30675,2005
30676,2006
30677,2007
30678,2008
30679,2009
30680,2010
30681,2011
30682,2012
30683,2013
30684,2014
30685,2015
30686,2016
30687,2017
30688,2018
30689,2019
30690,2020
30691,2021
30692,2022
30693,2023
30694,2024
30695,2025
30696,2026
30697,2027
30698,2028
30699,2029
30700,2030
30701,2031
30702,2032
30703,2033
30704,2034
30705,2035
30706,2036
30707,2037
30708,2038
30709,2039
30710,2040
30711,2041
30712,2042
30713,2043
30714,2044
30715,2045
30716,2046
30717,2047
30718,2048
30719,2049
30720,2050
30721,2051
30722,2052
30723,2053
30724,2054
30725,2055
30726,2056
30727,2057
30728,2058
30729,2059
30730,2060
30731,2061
30732,2062
30733,2063
30734,2064
30735,2065
30736,2066
30737,2067
30738,2068
30739,2069
30740,2070
30741,2071
30742,2072
30743,2073
30744,2074
30745,2075
30746,2076
30747,2077
30748,2078
30749,2079
30750,2080
30751,2081
30752,2082
30753,2083
30754,2084
30755,2085
30756,2086
30757,2087
30758,2088
30759,2089
30760,2090
30761,2091
30762,2092
30763,2093
30764,2094
30765,2095
30766,2096
30767,2097
30768,2098
30769,2099
30770,2100
30771,2101
30772,2102
30773,2103
30774,2104
30775,2105
30776,2106
30777,2107
30778,2108
30779,2109
30780,2110
30781,2111
30782,2112
30783,2113
30784,2114
30785,2115
30786,2116
30787,2117
30788,2118
30789,2119
30790,2120
30791,2121
30792,2122
30793,2123
30794,2124
30795,2125
30796,2126
30797,2127
30798,2128
30799,2129
30800,2130
30801,2131
30802,2132
30803,2133
30804,2134
30805,2135
30806,2136
30807,2137
30808,2138
30809,2139
30810,2140
30811,2141
30812,2142
30813,2143
30814,2144
30815,2145
30816,2146
30817,2147
30818,2148
30819,2149
30820,2150
30821,2151
30822,2152
30823,2153
30824,2154
30825,2155
30826,2156
30827,2157
30828,2158
30829,2159
30830,2160
30831,2161
30832,2162
30833,2163
30834,2164
30835,2165
30836,2166
30837,2167
30838,2168
30839,2169
30840,2170
30841,2171
30842,2172
30843,2173
30844,2174
30845,2175
30846,2176
30847,2177
30848,2178
30849,2179
30850,2180
30851,2181
30852,2182
30853,2183
30854,2184
30855,2185
30856,2186
30857,2187
30858,2188
30859,2189
30860,2190
30861,2191
30862,2192
30863,2193
30864,2194
30865,2195
30866,2196
30867,2197
30868,2198
30869,2199
30870,2200
30871,2201
30872,2202
30873,2203
30874,2204
30875,2205
30876,2206
30877,2207
30878,2208
30879,2209
30880,2210
30881,2211
30882,2212
30883,2213
30884,2214
30885,2215
30886,2216
30887,2217
30888,2218
30889,2219
30890,2220
30891,2221
30892,2222
30893,2223
30894,2224
30895,2225
30896,2226
30897,2227
30898,2228
30899,2229
30900,2230
30901,2231
30902,2232
30903,2233
30904,2234
30905,2235
30906,2236
30907,2237
30908,2238
30909,2239
30910,2240
30911,2241
30912,2242
30913,2243
30914,2244
30915,2245
30916,2246
30917,2247
30918,2248
30919,2249
30920,2250
30921,2251
30922,2252
30923,2253
30924,2254
30925,2255
30926,2256
30927,2257
30928,2258
30929,2259
30930,2260
30931,2261
30932,2262
30933,2263
30934,2264
30935,2265
30936,2266
30937,2267
30938,2268
30939,2269
30940,2270
30941,2271
30942,2272
30943,2273
30944,2274
30945,2275
30946,2276
30947,2277
30948,2278
30949,2279
30950,2280
30951,2281
30952,2282
30953,2283
30954,2284
30955,2285
30956,2286
30957,2287
30958,2288
30959,2289
30960,2290
30961,2291
30962,2292
30963,2293
30964,2294
30965,2295
30966,2296
30967,2297
30968,2298
30969,2299
30970,2300
30971,2301
30972,2302
30973,2303
30974,2304
30975,2305
30976,2306
30977,2307
30978,2308
30979,2309
30980,2310
30981,2311
30982,2312
30983,2313
30984,2314
30985,2315
30986,2316
30987,2317
30988,2318
30989,2319
30990,2320
30991,2321
30992,2322
30993,2323
30994,2324
30995,2325
30996,2326
30997,2327
30998,2328
30999,2329
31000,2330
31001,2331
31002,2332
31003,2333
31004,2334
31005,2335
31006,2336
31007,2337
31008,2338
31009,2339
31010,2340
31011,2341
31012,2342
31013,2343
31014,2344
31015,2345
31016,2346
31017,2347
31018,2348
31019,2349
31020,2350
31021,2351
31022,2352
31023,2353
31024,2354
31025,2355
31026,2356
31027,2357
31028,2358
31029,2359
31030,2360
31031,2361
31032,2362
31033,2363
31034,2364
31035,2365
31036,2366
31037,2367
31038,2368
31039,2369
31040,2370
31041,2371
31042,2372
31043,2373
31044,2374
31045,2375
31046,2376
31047,2377
31048,2378
31049,2379
31050,2380
31051,2381
31052,2382
31053,2383
31054,2384
31055,2385
31056,2386
31057,2387
31058,2388
31059,2389
31060,2390
31061,2391
31062,2392
31063,2393
31064,2394
31065,2395
31066,2396
31067,2397
31068,2398
31069,2399
31070,2400
31071,2401
31072,2402
31073,2403
31074,2404
31075,2405
31076,2406
31077,2407
31078,2408
31079,2409
31080,2410
31081,2411
31082,2412
31083,2413
31084,2414
31085,2415
31086,2416
31087,2417
31088,2418
31089,2419
31090,2420
31091,2421
31092,2422
31093,2423
31094,2424
31095,2425
31096,2426
31097,2427
31098,2428
31099,2429
31100,2430
31101,2431
31102,2432
31103,2433
31104,2434
31105,2435
31106,2436
31107,2437
31108,2438
31109,2439
31110,2440
31111,2441
31112,2442
31113,2443
31114,2444
31115,2445
31116,2446
31117,2447
31118,2448
31119,2449
31120,2450
31121,2451
31122,2452
31123,2453
31124,2454
31125,2455
31126,2456
31127,2457
31128,2458
31129,2459
31130,2460
31131,2461
31132,2462
31133,2463
31134,2464
31135,2465
31136,2466
31137,2467
31138,2468
31139,2469
31140,2470
31141,2471
31142,2472
31143,2473
31144,2474
31145,2475
31146,2476
31147,2477
31148,2478
31149,2479
31150,2480
31151,2481
31152,2482
31153,2483
31154,2484
31155,2485
31156,2486
31157,2487
31158,2488
31159,2489
31160,2490
31161,2491
31162,2492
31163,2493
31164,2494
31165,2495
31166,2496
31167,2497
31168,2498
31169,2499
31170,2500
31171,2501
31172,2502
31173,2503
31174,2504
31175,2505
31176,2506
31177,2507
31178,2508
31179,2509
31180,2510
31181,2511
31182,2512
31183,2513
31184,2514
31185,2515
31186,2516
31187,2517
31188,2518
31189,2519
31190,2520
31191,2521
31192,2522
31193,2523
31194,2524
31195,2525
31196,2526
31197,2527
31198,2528
31199,2529
31200,2530
31201,2531
31202,2532
31203,2533
31204,2534
31205,2535
31206,2536
31207,2537
31208,2538
31209,2539
31210,2540
31211,2541
31212,2542
31213,2543
31214,2544
31215,2545
31216,2546
31217,2547
31218,2548
31219,2549
31220,2550
31221,2551
31222,2552
31223,2553
31224,2554
31225,2555
31226,2556
31227,2557
31228,2558
31229,2559
31230,2560
31231,2561
31232,2562
31233,2563
31234,2564
31235,2565
31236,2566
31237,2567
31238,2568
31239,2569
31240,2570
31241,2571
31242,2572
31243,2573
31244,2574
31245,2575
31246,2576
31247,2577
31248,2578
31249,2579
31250,2580
31251,2581
31252,2582
31253,2583
31254,2584
31255,2585
31256,2586
31257,2587
31258,2588
31259,2589
31260,2590
31261,2591
31262,2592
31263,2593
31264,2594
31265,2595
31266,2596
31267,2597
31268,2598
31269,2599
31270,2600
31271,2601
31272,2602
31273,2603
31274,2604
31275,2605
31276,2606
31277,2607
31278,2608
31279,2609
31280,2610
31281,2611
31282,2612
31283,2613
31284,2614
31285,2615
31286,2616
31287,2617
31288,2618
31289,2619
31290,2620
31291,2621
31292,2622
31293,2623
31294,2624
31295,2625
31296,2626
31297,2627
31298,2628
31299,2629
31300,2630
31301,2631
31302,2632
31303,2633
31304,2634
31305,2635
31306,2636
31307,2637
31308,2638
31309,2639
31310,2640
31311,2641
31312,2642
31313,2643
31314,2644
31315,2645
31316,2646
31317,2647
31318,2648
31319,2649
31320,2650
31321,2651
31322,2652
31323,2653
31324,2654
31325,2655
31326,2656
31327,2657
31328,2658
31329,2659
31330,2660
31331,2661
31332,2662
31333,2663
31334,2664
31335,2665
31336,2666
31337,2667
31338,2668
31339,2669
31340,2670
31341,2671
31342,2672
31343,2673
31344,2674
31345,2675
31346,2676
31347,2677
31348,2678
31349,2679
31350,2680
31351,2681
31352,2682
31353,2683
31354,2684
31355,2685
31356,2686
31357,2687
31358,2688
31359,2689
31360,2690
31361,2691
31362,2692
31363,2693
31364,2694
31365,2695
31366,2696
31367,2697
31368,2698
31369,2699
31370,2700
31371,2701
31372,2702
31373,2703
31374,2704
31375,2705
31376,2706
31377,2707
31378,2708
31379,2709
31380,2710
31381,2711
31382,2712
31383,2713
31384,2714
31385,2715
31386,2716
31387,2717
31388,2718
31389,2719
31390,2720
31391,2721
31392,2722
31393,2723
31394,2724
31395,2725
31396,2726
31397,2727
31398,2728
31399,2729
31400,2730
31401,2731
31402,2732
31403,2733
31404,2734
31405,2735
31406,2736
31407,2737
31408,2738
31409,2739
31410,2740
31411,2741
31412,2742
31413,2743
31414,2744
31415,2745
31416,2746
31417,2747
31418,2748
31419,2749
31420,2750
31421,2751
31422,2752
31423,2753
31424,2754
31425,2755
31426,2756
31427,2757
31428,2758
31429,2759
31430,2760
31431,2761
31432,2762
31433,2763
31434,2764
31435,2765
31436,2766
31437,2767
31438,2768
31439,2769
31440,2770
31441,2771
31442,2772
31443,2773
31444,2774
31445,2775
31446,2776
31447,2777
31448,2778
31449,2779
31450,2780
31451,2781
31452,2782
31453,2783
31454,2784
31455,2785
31456,2786
31457,2787
31458,2788
31459,2789
31460,2790
31461,2791
31462,2792
31463,2793
31464,2794
31465,2795
31466,2796
31467,2797
31468,2798
31469,2799
31470,2800
31471,2801
31472,2802
31473,2803
31474,2804
31475,2805
31476,2806
31477,2807
31478,2808
31479,2809
31480,2810
31481,2811
31482,2812
31483,2813
31484,2814
31485,2815
31486,2816
31487,2817
31488,2818
31489,2819
31490,2820
31491,2821
31492,2822
31493,2823
31494,2824
31495,2825
31496,2826
31497,2827
31498,2828
31499,2829
31500,2830
31501,2831
31502,2832
31503,2833
31504,2834
31505,2835
31506,2836
31507,2837
31508,2838
31509,2839
31510,2840
31511,2841
31512,2842
31513,2843
31514,2844
31515,2845
31516,2846
31517,2847
31518,2848
31519,2849
31520,2850
31521,2851
31522,2852
31523,2853
31524,2854
31525,2855
31526,2856
31527,2857
31528,2858
31529,2859
31530,2860
31531,2861
31532,2862
31533,2863
31534,2864
31535,2865
31536,2866
31537,2867
31538,2868
31539,2869
31540,2870
31541,2871
31542,2872
31543,2873
31544,2874
31545,2875
31546,2876
31547,2877
31548,2878
31549,2879
31550,2880
31551,2881
31552,2882
31553,2883
31554,2884
31555,2885
31556,2886
31557,2887
31558,2888
31559,2889
31560,2890
31561,2891
31562,2892
31563,2893
31564,2894
31565,2895
31566,2896
31567,2897
31568,2898
31569,2899
31570,2900
31571,2901
31572,2902
31573,2903
31574,2904
31575,2905
31576,2906
31577,2907
31578,2908
31579,2909
31580,2910
31581,2911
31582,2912
31583,2913
31584,2914
31585,2915
31586,2916
31587,2917
31588,2918
31589,2919
31590,2920
31591,2921
31592,2922
31593,2923
31594,2924
31595,2925
31596,2926
31597,2927
31598,2928
31599,2929
31600,2930
31601,2931
31602,2932
31603,2933
31604,2934
31605,2935
31606,2936
31607,2937
31608,2938
31609,2939
31610,2940
31611,2941
31612,2942
31613,2943
31614,2944
31615,2945
31616,2946
31617,2947
31618,2948
31619,2949
31620,2950
31621,2951
31622,2952
31623,2953
31624,2954
31625,2955
31626,2956
31627,2957
31628,2958
31629,2959
31630,2960
31631,2961
31632,2962
31633,2963
31634,2964
31635,2965
31636,2966
31637,2967
31638,2968
31639,2969
31640,2970
31641,2971
31642,2972
31643,2973
31644,2974
31645,2975
31646,2976
31647,2977
31648,2978
31649,2979
31650,2980
31651,2981
31652,2982
31653,2983
31654,2984
31655,2985
31656,2986
31657,2987
31658,2988
31659,2989
31660,2990
31661,2991
31662,2992
31663,2993
31664,2994
31665,2995
31666,2996
31667,2997
31668,2998
31669,2999
31670,3000
31671,3001
31672,3002
31673,3003
31674,3004
31675,3005
31676,3006
31677,3007
31678,3008
31679,3009
31680,3010
31681,3011
31682,3012
31683,3013
31684,3014
31685,3015
31686,3016
31687,3017
31688,3018
31689,3019
31690,3020
31691,3021
31692,3022
31693,3023
31694,3024
31695,3025
31696,3026
31697,3027
31698,3028
31699,3029
31700,3030
31701,3031
31702,3032
31703,3033
31704,3034
31705,3035
31706,3036
31707,3037
31708,3038
31709,3039
31710,3040
31711,3041
31712,3042
31713,3043
31714,3044
31715,3045
31716,3046
31717,3047
31718,3048
31719,3049
31720,3050
31721,3051
31722,3052
31723,3053
31724,3054
31725,3055
31726,3056
31727,3057
31728,3058
31729,3059
31730,3060
31731,3061
31732,3062
31733,3063
31734,3064
31735,3065
31736,3066
31737,3067
31738,3068
31739,3069
31740,3070
31741,3071
31742,3072
31743,3073
31744,3074
31745,3075
31746,3076
31747,3077
31748,3078
31749,3079
31750,3080
31751,3081
31752,3082
31753,3083
31754,3084
31755,3085
31756,3086
31757,3087
31758,3088
31759,3089
31760,3090
31761,3091
31762,3092
31763,3093
31764,3094
31765,3095
31766,3096
31767,3097
31768,3098
31769,3099
31770,3100
31771,3101
31772,3102
31773,3103
31774,3104
31775,3105
31776,3106
31777,3107
31778,3108
31779,3109
31780,3110
31781,3111
31782,3112
31783,3113
31784,3114
31785,3115
31786,3116
31787,3117
31788,3118
31789,3119
31790,3120
31791,3121
31792,3122
31793,3123
31794,3124
31795,3125
31796,3126
31797,3127
31798,3128
31799,3129
31800,3130
31801,3131
31802,3132
31803,3133
31804,3134
31805,3135
31806,3136
31807,3137
31808,3138
31809,3139
31810,3140
31811,3141
31812,3142
31813,3143
31814,3144
31815,3145
31816,3146
31817,3147
31818,3148
31819,3149
31820,3150
31821,3151
31822,3152
31823,3153
31824,3154
31825,3155
31826,3156
31827,3157
31828,3158
31829,3159
31830,3160
31831,3161
31832,3162
31833,3163
31834,3164
31835,3165
31836,3166
31837,3167
31838,3168
31839,3169
31840,3170
31841,3171
31842,3172
31843,3173
31844,3174
31845,3175
31846,3176
31847,3177
31848,3178
31849,3179
31850,3180
31851,3181
31852,3182
31853,3183
31854,3184
31855,3185
31856,3186
31857,3187
31858,3188
31859,3189
31860,3190
31861,3191
31862,3192
31863,3193
31864,3194
31865,3195
31866,3196
31867,3197
31868,3198
31869,3199
31870,3200
31871,3201
31872,3202
31873,3203
31874,3204
31875,3205
31876,3206
31877,3207
31878,3208
31879,3209
31880,3210
31881,3211
31882,3212
31883,3213
31884,3214
31885,3215
31886,3216
31887,3217
31888,3218
31889,3219
31890,3220
31891,3221
31892,3222
31893,3223
31894,3224
31895,3225
31896,3226
31897,3227
31898,3228
31899,3229
31900,3230
31901,3231
31902,3232
31903,3233
31904,3234
31905,3235
31906,3236
31907,3237
31908,3238
31909,3239
31910,3240
31911,3241
31912,3242
31913,3243
31914,3244
31915,3245
31916,3246
31917,3247
31918,3248
31919,3249
31920,3250
31921,3251
31922,3252
31923,3253
31924,3254
31925,3255
31926,3256
31927,3257
31928,3258
31929,3259
31930,3260
31931,3261
31932,3262
31933,3263
31934,3264
31935,3265
31936,3266
31937,3267
31938,3268
31939,3269
31940,3270
31941,3271
31942,3272
31943,3273
31944,3274
31945,3275
31946,3276
31947,3277
31948,3278
31949,3279
31950,3280
31951,3281
31952,3282
31953,3283
31954,3284
31955,3285
31956,3286
31957,3287
31958,3288
31959,3289
31960,3290
31961,3291
31962,3292
31963,3293
31964,3294
31965,3295
31966,3296
31967,3297
31968,3298
31969,3299
31970,3300
31971,3301
31972,3302
31973,3303
31974,3304
31975,3305
31976,3306
31977,3307
31978,3308
31979,3309
31980,3310
31981,3311
31982,3312
31983,3313
31984,3314
31985,3315
31986,3316
31987,3317
31988,3318
31989,3319
31990,3320
31991,3321
31992,3322
31993,3323
31994,3324
31995,3325
31996,3326
31997,3327
31998,3328
31999,3329
32000,3330
32001,3331
32002,3332
32003,3333
32004,3334
32005,3335
32006,3336
32007,3337
32008,3338
32009,3339
32010,3340
32011,3341
32012,3342
32013,3343
32014,3344
32015,3345
32016,3346
32017,3347
32018,3348
32019,3349
32020,3350
32021,3351
32022,3352
32023,3353
32024,3354
32025,3355
32026,3356
32027,3357
32028,3358
32029,3359
32030,3360
32031,3361
32032,3362
32033,3363
32034,3364
32035,3365
32036,3366
32037,3367
32038,3368
32039,3369
32040,3370
32041,3371
32042,3372
32043,3373
32044,3374
32045,3375
32046,3376
32047,3377
32048,3378
32049,3379
32050,3380
32051,3381
32052,3382
32053,3383
32054,3384
32055,3385
32056,3386
32057,3387
32058,3388
32059,3389
32060,3390
32061,3391
32062,3392
32063,3393
32064,3394
32065,3395
32066,3396
32067,3397
32068,3398
32069,3399
32070,3400
32071,3401
32072,3402
32073,3403
32074,3404
32075,3405
32076,3406
32077,3407
32078,3408
32079,3409
32080,3410
32081,3411
32082,3412
32083,3413
32084,3414
32085,3415
32086,3416
32087,3417
32088,3418
32089,3419
32090,3420
32091,3421
32092,3422
32093,3423
32094,3424
32095,3425
32096,3426
32097,3427
32098,3428
32099,3429
32100,3430
32101,3431
32102,3432
32103,3433
32104,3434
32105,3435
32106,3436
32107,3437
32108,3438
32109,3439
32110,3440
32111,3441
32112,3442
32113,3443
32114,3444
32115,3445
32116,3446
32117,3447
32118,3448
32119,3449
32120,3450
32121,3451
32122,3452
32123,3453
32124,3454
32125,3455
32126,3456
32127,3457
32128,3458
32129,3459
32130,3460
32131,3461
32132,3462
32133,3463
32134,3464
32135,3465
32136,3466
32137,3467
32138,3468
32139,3469
32140,3470
32141,3471
32142,3472
32143,3473
32144,3474
32145,3475
32146,3476
32147,3477
32148,3478
32149,3479
32150,3480
32151,3481
32152,3482
32153,3483
32154,3484
32155,3485
32156,3486
32157,3487
32158,3488
32159,3489
32160,3490
32161,3491
32162,3492
32163,3493
32164,3494
32165,3495
32166,3496
32167,3497
32168,3498
32169,3499
32170,3500
32171,3501
32172,3502
32173,3503
32174,3504
32175,3505
32176,3506
32177,3507
32178,3508
32179,3509
32180,3510
32181,3511
32182,3512
32183,3513
32184,3514
32185,3515
32186,3516
32187,3517
32188,3518
32189,3519
32190,3520
32191,3521
32192,3522
32193,3523
32194,3524
32195,3525
32196,3526
32197,3527
32198,3528
32199,3529
32200,3530
32201,3531
32202,3532
32203,3533
32204,3534
32205,3535
32206,3536
32207,3537
32208,3538
32209,3539
32210,3540
32211,3541
32212,3542
32213,3543
32214,3544
32215,3545
32216,3546
32217,3547
32218,3548
32219,3549
32220,3550
32221,3551
32222,3552
32223,3553
32224,3554
32225,3555
32226,3556
32227,3557
32228,3558
32229,3559
32230,3560
32231,3561
32232,3562
32233,3563
32234,3564
32235,3565
32236,3566
32237,3567
32238,3568
32239,3569
32240,3570
32241,3571
32242,3572
32243,3573
32244,3574
32245,3575
32246,3576
32247,3577
32248,3578
32249,3579
32250,3580
32251,3581
32252,3582
32253,3583
32254,3584
32255,3585
32256,3586
32257,3587
32258,3588
32259,3589
32260,3590
32261,3591
32262,3592
32263,3593
32264,3594
32265,3595
32266,3596
32267,3597
32268,3598
32269,3599
32270,3600
32271,3601
32272,3602
32273,3603
32274,3604
32275,3605
32276,3606
32277,3607
32278,3608
32279,3609
32280,3610
32281,3611
32282,3612
32283,3613
32284,3614
32285,3615
32286,3616
32287,3617
32288,3618
32289,3619
32290,3620
32291,3621
32292,3622
32293,3623
32294,3624
32295,3625
32296,3626
32297,3627
32298,3628
32299,3629
32300,3630
32301,3631
32302,3632
32303,3633
32304,3634
32305,3635
32306,3636
32307,3637
32308,3638
32309,3639
32310,3640
32311,3641
32312,3642
32313,3643
32314,3644
32315,3645
32316,3646
32317,3647
32318,3648
32319,3649
32320,3650
32321,3651
32322,3652
32323,3653
32324,3654
32325,3655
32326,3656
32327,3657
32328,3658
32329,3659
32330,3660
32331,3661
32332,3662
32333,3663
32334,3664
32335,3665
32336,3666
32337,3667
32338,3668
32339,3669
32340,3670
32341,3671
32342,3672
32343,3673
32344,3674
32345,3675
32346,3676
32347,3677
32348,3678
32349,3679
32350,3680
32351,3681
32352,3682
32353,3683
32354,3684
32355,3685
32356,3686
32357,3687
32358,3688
32359,3689
32360,3690
32361,3691
32362,3692
32363,3693
32364,3694
32365,3695
32366,3696
32367,3697
32368,3698
32369,3699
32370,3700
32371,3701
32372,3702
32373,3703
32374,3704
32375,3705
32376,3706
32377,3707
32378,3708
32379,3709
32380,3710
32381,3711
32382,3712
32383,3713
32384,3714
32385,3715
32386,3716
32387,3717
32388,3718
32389,3719
32390,3720
32391,3721
32392,3722
32393,3723
32394,3724
32395,3725
32396,3726
32397,3727
32398,3728
32399,3729
32400,3730
32401,3731
32402,3732
32403,3733
32404,3734
32405,3735
32406,3736
32407,3737
32408,3738
32409,3739
32410,3740
32411,3741
32412,3742
32413,3743
32414,3744
32415,3745
32416,3746
32417,3747
32418,3748
32419,3749
32420,3750
32421,3751
32422,3752
32423,3753
32424,3754
32425,3755
32426,3756
32427,3757
32428,3758
32429,3759
32430,3760
32431,3761
32432,3762
32433,3763
32434,3764
32435,3765
32436,3766
32437,3767
32438,3768
32439,3769
32440,3770
32441,3771
32442,3772
32443,3773
32444,3774
32445,3775
32446,3776
32447,3777
32448,3778
32449,3779
32450,3780
32451,3781
32452,3782
32453,3783
32454,3784
32455,3785
32456,3786
32457,3787
32458,3788
32459,3789
32460,3790
32461,3791
32462,3792
32463,3793
32464,3794
32465,3795
32466,3796
32467,3797
32468,3798
32469,3799
32470,3800
32471,3801
32472,3802
32473,3803
32474,3804
32475,3805
32476,3806
32477,3807
32478,3808
32479,3809
32480,3810
32481,3811
32482,3812
32483,3813
32484,3814
32485,3815
32486,3816
32487,3817
32488,3818
32489,3819
32490,3820
32491,3821
32492,3822
32493,3823
32494,3824
32495,3825
32496,3826
32497,3827
32498,3828
32499,3829
32500,3830
32501,3831
32502,3832
32503,3833
32504,3834
32505,3835
32506,3836
32507,3837
32508,3838
32509,3839
32510,3840
32511,3841
32512,3842
32513,3843
32514,3844
32515,3845
32516,3846
32517,3847
32518,3848
32519,3849
32520,3850
32521,3851
32522,3852
32523,3853
32524,3854
32525,3855
32526,3856
32527,3857
32528,3858
32529,3859
32530,3860
32531,3861
32532,3862
32533,3863
32534,3864
32535,3865
32536,3866
32537,3867
32538,3868
32539,3869
32540,3870
32541,3871
32542,3872
32543,3873
32544,3874
32545,3875
32546,3876
32547,3877
32548,3878
32549,3879
32550,3880
32551,3881
32552,3882
32553,3883
32554,3884
32555,3885
32556,3886
32557,3887
32558,3888
32559,3889
32560,3890
32561,3891
32562,3892
32563,3893
32564,3894
32565,3895
32566,3896
32567,3897
32568,3898
32569,3899
32570,3900
32571,3901
32572,3902
32573,3903
32574,3904
32575,3905
32576,3906
32577,3907
32578,3908
32579,3909
32580,3910
32581,3911
32582,3912
32583,3913
32584,3914
32585,3915
32586,3916
32587,3917
32588,3918
32589,3919
32590,3920
32591,3921
32592,3922
32593,3923
32594,3924
32595,3925
32596,3926
32597,3927
32598,3928
32599,3929
32600,3930
32601,3931
32602,3932
32603,3933
32604,3934
32605,3935
32606,3936
32607,3937
32608,3938
32609,3939
32610,3940
32611,3941
32612,3942
32613,3943
32614,3944
32615,3945
32616,3946
32617,3947
32618,3948
32619,3949
32620,3950
32621,3951
32622,3952
32623,3953
32624,3954
32625,3955
32626,3956
32627,3957
32628,3958
32629,3959
32630,3960
32631,3961
32632,3962
32633,3963
32634,3964
32635,3965
32636,3966
32637,3967
32638,3968
32639,3969
32640,3970
32641,3971
32642,3972
32643,3973
32644,3974
32645,3975
32646,3976
32647,3977
32648,3978
32649,3979
32650,3980
32651,3981
32652,3982
32653,3983
32654,3984
32655,3985
32656,3986
32657,3987
32658,3988
32659,3989
32660,3990
32661,3991
32662,3992
32663,3993
32664,3994
32665,3995
32666,3996
32667,3997
32668,3998
32669,3999
32670,4000
32671,4001
32672,4002
32673,4003
32674,4004
32675,4005
32676,4006
32677,4007
32678,4008
32679,4009
32680,4010
32681,4011
32682,4012
32683,4013
32684,4014
32685,4015
32686,4016
32687,4017
32688,4018
32689,4019
32690,4020
32691,4021
32692,4022
32693,4023
32694,4024
32695,4025
32696,4026
32697,4027
32698,4028
32699,4029
32700,4030
32701,4031
32702,4032
32703,4033
32704,4034
32705,4035
32706,4036
32707,4037
32708,4038
32709,4039
32710,4040
32711,4041
32712,4042
32713,4043
32714,4044
32715,4045
32716,4046
32717,4047
32718,4048
32719,4049
32720,4050
32721,4051
32722,4052
32723,4053
32724,4054
32725,4055
32726,4056
32727,4057
32728,4058
32729,4059
32730,4060
32731,4061
32732,4062
32733,4063
32734,4064
32735,4065
32736,4066
32737,4067
32738,4068
32739,4069
32740,4070
32741,4071
32742,4072
32743,4073
32744,4074
32745,4075
32746,4076
32747,4077
32748,4078
32749,4079
32750,4080
32751,4081
32752,4082
32753,4083
32754,4084
32755,4085
32756,4086
32757,4087
32758,4088
32759,4089
32760,4090
32761,4091
32762,4092
32763,4093
32764,4094
32765,4095
32766,4096
32767,4097
