y,inverse
1,1
2,9217
3,12289
4,13825
5,11060
6,15361
7,7900
8,16129
9,16385
10,5530
11,6703
12,16897
13,1418
14,3950
15,9831
16,17281
17,10843
18,17409
19,5821
20,2765
21,14922
22,12568
23,12823
24,17665
25,2212
26,709
27,11606
28,1975
29,5085
30,14132
31,7730
32,17857
33,14523
34,14638
35,1580
36,17921
37,10462
38,12127
39,6617
40,10599
41,13038
42,7461
43,17147
44,6284
45,3277
46,15628
47,10197
48,18049
49,14295
50,1106
51,15903
52,9571
53,10086
54,5803
55,16087
56,10204
57,14229
58,11759
59,10310
60,7066
61,3324
62,3865
63,4974
64,18145
65,15030
66,16478
67,6878
68,7319
69,16563
70,790
71,12981
72,18177
73,17928
74,5231
75,13026
76,15280
77,14124
78,12525
79,700
80,14516
81,10013
82,6519
83,15768
84,12947
85,16915
86,17790
87,1695
88,3142
89,16569
90,10855
91,13369
92,7814
93,8721
94,14315
95,12224
96,18241
97,6081
98,16364
99,4841
100,553
101,18068
102,17168
103,4653
104,14002
105,6671
106,5043
107,10164
108,12118
109,1522
110,17260
111,15776
112,5102
113,1305
114,16331
115,17311
116,15096
117,8350
118,5155
119,1549
120,3533
121,8988
122,1662
123,4346
124,11149
125,4129
126,2487
127,1016
128,18289
129,11860
130,7515
131,14071
132,8239
133,13998
134,3439
135,13381
136,12876
137,5651
138,17498
139,16046
140,395
141,3399
142,15707
143,11859
144,18305
145,1017
146,8964
147,4765
148,11832
149,6433
150,6513
151,11719
152,7640
153,5301
154,7062
155,1546
156,15479
157,15263
158,350
159,3362
160,7258
161,12365
162,14223
163,14475
164,12476
165,17651
166,7884
167,5850
168,15690
169,1527
170,17674
171,4743
172,8895
173,12999
174,10064
175,316
176,1571
177,9581
178,17501
179,4634
180,14644
181,2546
182,15901
183,1108
184,3907
185,5779
186,13577
187,17743
188,16374
189,1658
190,6112
191,6080
192,18337
193,12225
194,12257
195,5010
196,8182
197,4772
198,11637
199,7225
200,9493
201,8437
202,9034
203,5993
204,8584
205,17354
206,11543
207,5521
208,7001
209,13935
210,12552
211,16249
212,11738
213,4327
214,5082
215,7116
216,6059
217,16904
218,761
219,5976
220,8630
221,2252
222,7888
223,14796
224,2551
225,4342
226,9869
227,6009
228,17382
229,6198
230,17872
231,4708
232,7548
233,17721
234,4175
235,5726
236,11794
237,12522
238,9991
239,17816
240,10983
241,10555
242,4494
243,9482
244,831
245,2859
246,2173
247,14627
248,14791
249,5256
250,11281
251,11897
252,10460
253,17923
254,508
255,17927
256,18361
257,12982
258,5930
259,14661
260,12974
261,565
262,16252
263,5607
264,13336
265,13077
266,6999
267,5523
268,10936
269,8497
270,15907
271,3673
272,6438
273,16745
274,12042
275,6904
276,8749
277,732
278,8023
279,2907
280,9414
281,12398
282,10916
283,4364
284,17070
285,10219
286,15146
287,15029
288,18369
289,4975
290,9725
291,2027
292,4482
293,7801
294,11599
295,2062
296,5916
297,7758
298,12433
299,8076
300,12473
301,15616
302,15076
303,12167
304,3820
305,8038
306,11867
307,7085
308,3531
309,1551
310,773
311,10313
312,16956
313,15724
314,16848
315,8368
316,175
317,16863
318,1681
319,2138
320,3629
321,3388
322,15399
323,2511
324,16328
325,3006
326,16454
327,12796
328,6238
329,4090
330,18042
331,2506
332,3942
333,11403
334,2925
335,16122
336,7845
337,4157
338,9980
339,435
340,8837
341,17460
342,11588
343,9942
344,13664
345,18059
346,15716
347,10093
348,5032
349,3169
350,158
351,15072
352,10002
353,2872
354,14007
355,13656
356,17967
357,12805
358,2317
359,2824
360,7322
361,4187
362,1273
363,2996
364,17167
365,18332
366,554
367,4219
368,11170
369,7593
370,12106
371,11974
372,16005
373,15715
374,18088
375,13665
376,8187
377,3227
378,829
379,9484
380,3056
381,6483
382,3040
383,14294
384,18385
385,10198
386,15329
387,16242
388,15345
389,7250
390,2505
391,18103
392,4091
393,16979
394,2386
395,140
396,15035
397,3018
398,12829
399,4666
400,13963
401,9929
402,13435
403,11938
404,4517
405,16749
406,12213
407,7654
408,4292
409,3290
410,8677
411,8028
412,14988
413,12006
414,11977
415,17900
416,12717
417,11493
418,16184
419,6159
420,6276
421,16813
422,17341
423,1133
424,5869
425,3383
426,11380
427,11008
428,2541
429,3953
430,3558
431,5346
432,12246
433,12388
434,8452
435,339
436,9597
437,7466
438,2988
439,3695
440,4315
441,13877
442,1126
443,11401
444,3944
445,10687
446,7398
447,14433
448,10492
449,13055
450,2171
451,2861
452,14151
453,16195
454,12221
455,10047
456,8691
457,9156
458,3099
459,1767
460,8936
461,2639
462,2354
463,12501
464,3774
465,12804
466,18077
467,13657
468,11304
469,14149
470,2863
471,11232
472,5897
473,6586
474,6261
475,9818
476,14212
477,7265
478,8908
479,5426
480,14708
481,14984
482,14494
483,10266
484,2247
485,12276
486,4741
487,17676
488,9632
489,4825
490,10646
491,17532
492,10303
493,3552
494,16530
495,12028
496,16612
497,7121
498,2628
499,6760
500,14857
501,1950
502,15165
503,2382
504,5230
505,18360
506,18178
507,509
508,254
509,507
510,18180
511,10461
512,18397
513,1581
514,6491
515,15677
516,2965
517,927
518,16547
519,4333
520,6487
521,16664
522,9499
523,5040
524,8126
525,12394
526,12020
527,1539
528,6668
529,6969
530,15755
531,9338
532,12716
533,18018
534,11978
535,9406
536,5468
537,7689
538,13465
539,4651
540,17170
541,14651
542,11053
543,6993
544,3219
545,3991
546,17589
547,10278
548,6021
549,12658
550,3452
551,14820
552,13591
553,100
554,366
555,14215
556,13228
557,15951
558,10670
559,1319
560,4707
561,18203
562,6199
563,884
564,5458
565,261
566,2182
567,6697
568,8535
569,8520
570,14326
571,9846
572,7573
573,8171
574,16731
575,14522
576,18401
577,7731
578,11704
579,4075
580,14079
581,15419
582,10230
583,12647
584,2241
585,1670
586,13117
587,3046
588,15016
589,1377
590,1031
591,7735
592,2958
593,2580
594,3879
595,7683
596,15433
597,14697
598,4038
599,12063
600,15453
601,10520
602,7808
603,15101
604,7538
605,16544
606,15300
607,16945
608,1910
609,8142
610,4019
611,7874
612,15150
613,1714
614,12759
615,11929
616,10982
617,18194
618,9992
619,3633
620,9603
621,14129
622,14373
623,2367
624,8478
625,8199
626,7862
627,4645
628,8424
629,2784
630,4184
631,10867
632,9304
633,17705
634,17648
635,11263
636,10057
637,12443
638,1069
639,13731
640,11031
641,6499
642,1694
643,18347
644,16916
645,2372
646,10472
647,7094
648,8164
649,2613
650,1503
651,11779
652,8227
653,4206
654,6398
655,13874
656,3119
657,1992
658,2045
659,15524
660,9021
661,14501
662,1253
663,6895
664,1971
665,17546
666,14918
667,7434
668,10679
669,4932
670,8061
671,13708
672,13139
673,3588
674,11295
675,13736
676,4990
677,12089
678,9434
679,3502
680,13635
681,2003
682,8730
683,11524
684,5794
685,12190
686,4971
687,2066
688,6832
689,16373
690,18246
691,13578
692,7858
693,13858
694,14263
695,14269
696,2516
697,8357
698,10801
699,5907
700,79
701,3918
702,7536
703,15103
704,5001
705,8053
706,1436
707,10481
708,16220
709,26
710,6828
711,4174
712,18200
713,7549
714,15619
715,9745
716,10375
717,12083
718,1412
719,14690
720,3661
721,3298
722,11310
723,15807
724,9853
725,3890
726,1498
727,17647
728,17800
729,9305
730,9166
731,9683
732,277
733,10411
734,11326
735,953
736,5585
737,2301
738,13013
739,2195
740,6053
741,11020
742,5987
743,5582
744,17219
745,16033
746,17074
747,1752
748,9044
749,1452
750,16049
751,13205
752,13310
753,10110
754,10830
755,9717
756,9631
757,17946
758,4742
759,18263
760,1528
761,218
762,12458
763,5484
764,1520
765,12120
766,7147
767,2211
768,18409
769,12824
770,5099
771,16616
772,16881
773,310
774,8121
775,11369
776,16889
777,4887
778,3625
779,5537
780,10469
781,7883
782,18268
783,12477
784,11262
785,17799
786,17706
787,1499
788,1193
789,1869
790,70
791,5453
792,16734
793,13017
794,1509
795,4359
796,15631
797,10662
798,2333
799,4937
800,16198
801,1841
802,14181
803,6657
804,15934
805,2473
806,5969
807,15121
808,11475
809,10276
810,17591
811,14160
812,15323
813,13513
814,3827
815,2895
816,2146
817,16425
818,1645
819,11726
820,13555
821,13067
822,4014
823,13416
824,7494
825,14590
826,6003
827,13574
828,15205
829,378
830,8950
831,244
832,15575
833,16021
834,14963
835,1170
836,8092
837,969
838,12296
839,11798
840,3138
841,14159
842,17623
843,10277
844,17887
845,3992
846,9783
847,1284
848,12151
849,7599
850,10908
851,17285
852,5690
853,11237
854,5504
855,15695
856,10487
857,1226
858,11193
859,5193
860,1779
861,11154
862,2673
863,2200
864,6123
865,9973
866,6194
867,13947
868,4226
869,10118
870,9386
871,1947
872,14015
873,6820
874,3733
875,11123
876,1494
877,5759
878,11064
879,14889
880,11374
881,6235
882,16155
883,12233
884,563
885,12976
886,14917
887,17768
888,1972
889,8045
890,14560
891,2586
892,3699
893,2477
894,16433
895,8300
896,5246
897,2692
898,15744
899,7894
900,10302
901,17942
902,10647
903,17494
904,16292
905,11569
906,17314
907,9877
908,15327
909,10200
910,14240
911,5625
912,13562
913,16515
914,4578
915,14968
916,10766
917,9910
918,10100
919,1043
920,4468
921,8506
922,10536
923,10924
924,1177
925,8529
926,15467
927,517
928,1887
929,3135
930,6402
931,4633
932,18255
933,9582
934,16045
935,18295
936,5652
937,12669
938,16291
939,17530
940,10648
941,11479
942,5616
943,17397
944,12165
945,15078
946,3293
947,10180
948,12347
949,2797
950,4909
951,5621
952,7106
953,735
954,12849
955,1216
956,4454
957,6857
958,2713
959,16607
960,7354
961,11547
962,7492
963,13418
964,7247
965,2445
966,5133
967,13210
968,10340
969,837
970,6138
971,14978
972,11587
973,18092
974,8838
975,1002
976,4816
977,13754
978,11629
979,3182
980,5323
981,16554
982,8766
983,15789
984,14368
985,4641
986,1776
987,13652
988,8265
989,7157
990,6014
991,9170
992,8306
993,13124
994,12777
995,1445
996,1314
997,13626
998,3380
999,3801
1000,16645
1001,9594
1002,975
1003,13618
1004,16799
1005,5374
1006,1191
1007,1501
1008,2615
1009,7618
1010,9180
1011,7530
1012,9089
1013,17414
1014,9471
1015,15945
1016,127
1017,145
1018,9470
1019,17420
1020,9090
1021,5362
1022,14447
1023,5820
1024,18415
1025,10844
1026,10007
1027,15651
1028,12462
1029,3314
1030,17055
1031,590
1032,10699
1033,1374
1034,9680
1035,12164
1036,17490
1037,5617
1038,11383
1039,5482
1040,12460
1041,15653
1042,8332
1043,919
1044,13966
1045,2787
1046,2520
1047,13345
1048,4063
1049,13794
1050,6197
1051,18205
1052,6010
1053,5024
1054,9986
1055,10623
1056,3334
1057,9574
1058,12701
1059,13246
1060,17094
1061,2467
1062,4669
1063,15225
1064,6358
1065,4552
1066,9009
1067,5580
1068,5989
1069,638
1070,4703
1071,16557
1072,2734
1073,1632
1074,13061
1075,12483
1076,15949
1077,13230
1078,11542
1079,18228
1080,8585
1081,10862
1082,16542
1083,7540
1084,14743
1085,10754
1086,12713
1087,7614
1088,10826
1089,7143
1090,11212
1091,1132
1092,18011
1093,16814
1094,5139
1095,12255
1096,12227
1097,10838
1098,6329
1099,7447
1100,1726
1101,13695
1102,7410
1103,10144
1104,16012
1105,4137
1106,50
1107,2531
1108,183
1109,14527
1110,16324
1111,4994
1112,6614
1113,16280
1114,17192
1115,14019
1116,5335
1117,3680
1118,9876
1119,17527
1120,11570
1121,15095
1122,18318
1123,16332
1124,12316
1125,4555
1126,442
1127,7033
1128,2729
1129,7543
1130,9347
1131,7220
1132,1091
1133,423
1134,12565
1135,8575
1136,13484
1137,15450
1138,4260
1139,16669
1140,7163
1141,12601
1142,4923
1143,2161
1144,13003
1145,15986
1146,13302
1147,5689
1148,17582
1149,10909
1150,7261
1151,10842
1152,18417
1153,9832
1154,13082
1155,15688
1156,5852
1157,11200
1158,11254
1159,12787
1160,16256
1161,5414
1162,16926
1163,5056
1164,5115
1165,14604
1166,15540
1167,8561
1168,10337
1169,3469
1170,835
1171,10342
1172,15775
1173,18323
1174,1523
1175,12205
1176,7508
1177,924
1178,9905
1179,11804
1180,9732
1181,15686
1182,13084
1183,8118
1184,1479
1185,6191
1186,1290
1187,2671
1188,11156
1189,13162
1190,13058
1191,1006
1192,16933
1193,788
1194,16565
1195,14623
1196,2019
1197,13844
1198,15248
1199,8517
1200,16943
1201,15302
1202,5260
1203,9454
1204,3904
1205,2111
1206,16767
1207,17028
1208,3769
1209,16268
1210,8272
1211,1857
1212,7650
1213,16032
1214,17689
1215,5583
1216,955
1217,13980
1218,4071
1219,6850
1220,11226
1221,14840
1222,3937
1223,8169
1224,7575
1225,7945
1226,857
1227,7241
1228,15596
1229,9224
1230,15181
1231,9793
1232,5491
1233,2676
1234,9097
1235,6612
1236,4996
1237,6497
1238,11033
1239,4002
1240,14018
1241,17319
1242,16281
1243,10173
1244,16403
1245,12111
1246,10400
1247,4405
1248,4239
1249,4944
1250,13316
1251,3831
1252,3931
1253,662
1254,11539
1255,6066
1256,4212
1257,2053
1258,1392
1259,9502
1260,2092
1261,14647
1262,14650
1263,17893
1264,4652
1265,18331
1266,18069
1267,2997
1268,8824
1269,6522
1270,14848
1271,10529
1272,14245
1273,362
1274,15438
1275,7272
1276,9751
1277,3753
1278,16082
1279,15320
1280,14732
1281,15958
1282,12466
1283,8649
1284,847
1285,6283
1286,18390
1287,7462
1288,8458
1289,12241
1290,1186
1291,15763
1292,5236
1293,1782
1294,3547
1295,13992
1296,4082
1297,13942
1298,10523
1299,16418
1300,9968
1301,8501
1302,15106
1303,7045
1304,13330
1305,113
1306,2103
1307,15429
1308,3199
1309,5168
1310,6937
1311,8633
1312,10776
1313,16987
1314,996
1315,4808
1316,10239
1317,7376
1318,7762
1319,559
1320,13727
1321,9670
1322,16467
1323,10770
1324,9843
1325,6302
1326,12664
1327,14238
1328,10202
1329,16089
1330,8773
1331,7520
1332,7459
1333,13040
1334,3717
1335,15851
1336,14556
1337,14035
1338,2466
1339,17373
1340,13247
1341,4811
1342,6854
1343,14137
1344,15786
1345,5386
1346,1794
1347,10496
1348,14864
1349,5534
1350,6868
1351,7013
1352,2495
1353,7098
1354,15261
1355,15481
1356,4717
1357,3654
1358,1751
1359,17687
1360,16034
1361,13476
1362,10218
1363,18149
1364,4365
1365,3349
1366,5762
1367,2144
1368,2897
1369,16723
1370,6095
1371,3052
1372,11702
1373,7733
1374,1033
1375,8754
1376,3416
1377,589
1378,17403
1379,3315
1380,9123
1381,11559
1382,6789
1383,7024
1384,3929
1385,3833
1386,6929
1387,9675
1388,16348
1389,4167
1390,16351
1391,16379
1392,1258
1393,8932
1394,13395
1395,4268
1396,14617
1397,8471
1398,12170
1399,8617
1400,9256
1401,16841
1402,1959
1403,6556
1404,3768
1405,17226
1406,16768
1407,17005
1408,11717
1409,6515
1410,13243
1411,6349
1412,718
1413,3744
1414,14457
1415,8246
1416,8110
1417,1535
1418,13
1419,14484
1420,3414
1421,8756
1422,2087
1423,11451
1424,9100
1425,9417
1426,12991
1427,11716
1428,17026
1429,16769
1430,14089
1431,8566
1432,14404
1433,14201
1434,15258
1435,10379
1436,706
1437,7953
1438,7345
1439,9082
1440,11047
1441,14685
1442,1649
1443,11139
1444,5655
1445,995
1446,17120
1447,10777
1448,14143
1449,3422
1450,1945
1451,9388
1452,749
1453,2385
1454,18040
1455,4092
1456,8900
1457,3302
1458,13869
1459,8250
1460,4583
1461,5892
1462,14058
1463,4624
1464,9355
1465,12620
1466,14422
1467,13897
1468,5663
1469,7190
1470,9693
1471,16002
1472,12009
1473,5844
1474,10367
1475,4099
1476,15723
1477,18121
1478,10314
1479,1184
1480,12243
1481,10318
1482,5510
1483,16581
1484,12210
1485,16298
1486,2791
1487,1909
1488,17826
1489,15301
1490,17233
1491,8518
1492,8537
1493,7309
1494,876
1495,12675
1496,4522
1497,14542
1498,726
1499,787
1500,17241
1501,1007
1502,15819
1503,650
1504,6655
1505,14183
1506,5055
1507,17271
1508,5415
1509,794
1510,14075
1511,15371
1512,14032
1513,9649
1514,8973
1515,6120
1516,2371
1517,17789
1518,18348
1519,12948
1520,764
1521,6314
1522,109
1523,1174
1524,6229
1525,16354
1526,2742
1527,169
1528,760
1529,18216
1530,6060
1531,15411
1532,12790
1533,3487
1534,10322
1535,1417
1536,18421
1537,6704
1538,6412
1539,527
1540,11766
1541,13122
1542,8308
1543,4886
1544,17657
1545,11370
1546,155
1547,2955
1548,13277
1549,119
1550,14901
1551,309
1552,17661
1553,16617
1554,11660
1555,16809
1556,11029
1557,13733
1558,11985
1559,9116
1560,14451
1561,4747
1562,13158
1563,11699
1564,9134
1565,10518
1566,15455
1567,14657
1568,5631
1569,1680
1570,18116
1571,176
1572,8853
1573,7781
1574,9966
1575,16420
1576,9813
1577,7621
1578,10151
1579,3794
1580,35
1581,513
1582,11943
1583,10608
1584,8367
1585,18119
1586,15725
1587,2323
1588,9971
1589,6125
1590,11396
1591,1958
1592,17032
1593,9257
1594,5331
1595,15174
1596,10383
1597,5598
1598,11685
1599,6006
1600,8099
1601,11145
1602,10137
1603,6152
1604,16307
1605,15424
1606,12545
1607,4657
1608,7967
1609,4445
1610,10453
1611,2563
1612,12201
1613,2057
1614,16777
1615,11562
1616,14954
1617,13839
1618,5138
1619,17340
1620,18012
1621,6277
1622,7080
1623,11028
1624,16878
1625,11661
1626,15973
1627,13584
1628,11130
1629,2331
1630,10664
1631,15698
1632,1073
1633,5373
1634,17429
1635,13619
1636,10039
1637,3851
1638,5863
1639,5612
1640,15994
1641,3426
1642,15750
1643,11623
1644,2007
1645,818
1646,6708
1647,16508
1648,3747
1649,1442
1650,7295
1651,2914
1652,12218
1653,4940
1654,6787
1655,11561
1656,16819
1657,2058
1658,189
1659,12322
1660,4475
1661,9444
1662,122
1663,14088
1664,17004
1665,17027
1666,17227
1667,2112
1668,16698
1669,16191
1670,585
1671,5317
1672,4046
1673,10445
1674,9701
1675,6911
1676,6148
1677,6584
1678,5899
1679,12801
1680,1569
1681,318
1682,16296
1683,12212
1684,18028
1685,4518
1686,14355
1687,12041
1688,18160
1689,6439
1690,1996
1691,6693
1692,14108
1693,11933
1694,642
1695,87
1696,15292
1697,9059
1698,13016
1699,17641
1700,5454
1701,14521
1702,17859
1703,8172
1704,2845
1705,3492
1706,14835
1707,2840
1708,2752
1709,6094
1710,17064
1711,2898
1712,14460
1713,3282
1714,613
1715,5675
1716,14813
1717,5400
1718,11813
1719,8868
1720,10106
1721,10475
1722,5577
1723,16058
1724,10553
1725,10985
1726,1100
1727,4739
1728,12278
1729,15256
1730,14203
1731,2577
1732,3097
1733,9158
1734,16190
1735,16765
1736,2113
1737,13647
1738,5059
1739,9243
1740,4693
1741,15532
1742,10190
1743,11284
1744,16224
1745,8007
1746,3410
1747,13284
1748,11083
1749,10360
1750,14778
1751,1358
1752,747
1753,9390
1754,12096
1755,6701
1756,5532
1757,14866
1758,16661
1759,7828
1760,5687
1761,13304
1762,12334
1763,7162
1764,17294
1765,4261
1766,15333
1767,459
1768,9498
1769,17912
1770,6488
1771,7827
1772,16675
1773,14867
1774,8884
1775,13791
1776,986
1777,4782
1778,13239
1779,860
1780,7280
1781,13196
1782,1293
1783,14887
1784,11066
1785,2561
1786,10455
1787,9593
1788,17433
1789,3802
1790,4150
1791,4899
1792,2623
1793,13046
1794,1346
1795,7938
1796,7872
1797,4021
1798,3947
1799,15021
1800,5151
1801,7103
1802,8971
1803,9651
1804,14540
1805,4524
1806,8747
1807,6906
1808,8146
1809,11178
1810,15001
1811,11756
1812,8657
1813,7361
1814,14155
1815,11659
1816,16880
1817,17662
1818,5100
1819,15778
1820,7120
1821,17937
1822,12029
1823,13802
1824,6781
1825,7353
1826,17474
1827,2714
1828,2289
1829,10441
1830,7484
1831,11839
1832,5383
1833,8769
1834,4955
1835,8217
1836,5050
1837,5559
1838,9738
1839,12860
1840,2234
1841,801
1842,4253
1843,6141
1844,5268
1845,16265
1846,5462
1847,12455
1848,9805
1849,13259
1850,13481
1851,12209
1852,16950
1853,5511
1854,9475
1855,9768
1856,10160
1857,1211
1858,10784
1859,5166
1860,3201
1861,3645
1862,11533
1863,10854
1864,18344
1865,3143
1866,4791
1867,14622
1868,17239
1869,789
1870,18364
1871,7320
1872,2826
1873,3848
1874,15551
1875,2733
1876,17362
1877,4704
1878,8765
1879,17452
1880,5324
1881,13837
1882,14956
1883,11747
1884,2808
1885,4332
1886,17915
1887,928
1888,15299
1889,17828
1890,7539
1891,17351
1892,10863
1893,15911
1894,5090
1895,9270
1896,15390
1897,3158
1898,10615
1899,12046
1900,11671
1901,3578
1902,12027
1903,17939
1904,3553
1905,16043
1906,9584
1907,13832
1908,15641
1909,1487
1910,608
1911,10292
1912,2227
1913,9838
1914,12645
1915,10232
1916,10573
1917,4577
1918,17520
1919,13563
1920,3677
1921,12004
1922,14990
1923,14455
1924,3746
1925,16786
1926,6709
1927,9690
1928,12840
1929,12260
1930,10439
1931,2291
1932,11783
1933,8487
1934,6605
1935,6935
1936,5170
1937,16092
1938,9635
1939,13271
1940,3069
1941,8509
1942,7489
1943,7229
1944,15010
1945,1450
1946,9046
1947,871
1948,4419
1949,3575
1950,501
1951,3269
1952,2408
1953,16215
1954,6877
1955,18367
1956,15031
1957,7036
1958,1591
1959,1402
1960,11878
1961,9240
1962,8277
1963,9409
1964,4383
1965,10769
1966,17111
1967,9671
1968,7184
1969,2097
1970,11537
1971,664
1972,888
1973,10389
1974,6826
1975,28
1976,13349
1977,11319
1978,12795
1979,18107
1980,3007
1981,5890
1982,4585
1983,10978
1984,4153
1985,15350
1986,6562
1987,5798
1988,15605
1989,14587
1990,9939
1991,15313
1992,657
1993,16389
1994,6813
1995,11993
1996,1690
1997,11741
1998,11117
1999,8299
2000,17539
2001,2478
2002,4797
2003,681
2004,9704
2005,9359
2006,6809
2007,1644
2008,17616
2009,2147
2010,2687
2011,10541
2012,9812
2013,16858
2014,9967
2015,17134
2016,10524
2017,7439
2018,3809
2019,1196
2020,4590
2021,10954
2022,3765
2023,3344
2024,13761
2025,10723
2026,8707
2027,291
2028,13952
2029,12110
2030,17189
2031,10174
2032,9280
2033,13147
2034,9289
2035,8904
2036,4735
2037,13456
2038,8710
2039,15061
2040,4545
2041,2592
2042,2681
2043,6812
2044,16440
2045,658
2046,2910
2047,5529
2048,18424
2049,16130
2050,5422
2051,6381
2052,14220
2053,1257
2054,17042
2055,16352
2056,6231
2057,1613
2058,1657
2059,18245
2060,17744
2061,6833
2062,295
2063,12518
2064,14566
2065,13461
2066,687
2067,11602
2068,4840
2069,18335
2070,6082
2071,11722
2072,8745
2073,4526
2074,12025
2075,3580
2076,14908
2077,6168
2078,2741
2079,16908
2080,6230
2081,16378
2082,17043
2083,4168
2084,4166
2085,17045
2086,9676
2087,1422
2088,6983
2089,8365
2090,10610
2091,8930
2092,1260
2093,3787
2094,15889
2095,8605
2096,11248
2097,1969
2098,6897
2099,9458
2100,12315
2101,17310
2102,18319
2103,1306
2104,3005
2105,18109
2106,2512
2107,12764
2108,4993
2109,17323
2110,14528
2111,1205
2112,1667
2113,1736
2114,4787
2115,14973
2116,15567
2117,12695
2118,6623
2119,9621
2120,8547
2121,9638
2122,10450
2123,9490
2124,11551
2125,15423
2126,16829
2127,6153
2128,3179
2129,12736
2130,2276
2131,6202
2132,13721
2133,13680
2134,2790
2135,16948
2136,12211
2137,16751
2138,319
2139,14805
2140,11568
2141,17529
2142,17495
2143,12670
2144,1367
2145,15537
2146,816
2147,2009
2148,15747
2149,8912
2150,15458
2151,10172
2152,17191
2153,17320
2154,6615
2155,12129
2156,5771
2157,11041
2158,9114
2159,11987
2160,13509
2161,1143
2162,5431
2163,13388
2164,8271
2165,17224
2166,3770
2167,5461
2168,16588
2169,5269
2170,5377
2171,450
2172,15573
2173,246
2174,3807
2175,7441
2176,5413
2177,17273
2178,12788
2179,15413
2180,5606
2181,18171
2182,566
2183,11737
2184,18222
2185,12553
2186,8407
2187,9246
2188,11786
2189,5684
2190,15344
2191,18046
2192,15330
2193,9372
2194,5419
2195,739
2196,12381
2197,8625
2198,12940
2199,15759
2200,863
2201,12311
2202,16064
2203,9957
2204,3705
2205,6462
2206,5072
2207,16203
2208,8006
2209,16689
2210,11285
2211,767
2212,25
2213,17725
2214,10482
2215,13340
2216,9308
2217,6876
2218,16480
2219,2409
2220,8162
2221,7096
2222,2497
2223,15962
2224,3307
2225,5824
2226,8140
2227,1912
2228,8596
2229,8005
2230,16226
2231,5073
2232,11884
2233,5572
2234,1840
2235,17633
2236,4938
2237,12220
2238,17980
2239,14152
2240,5785
2241,584
2242,16764
2243,16699
2244,9159
2245,2611
2246,8166
2247,484
2248,6158
2249,18015
2250,11494
2251,9802
2252,221
2253,10546
2254,12733
2255,11632
2256,10581
2257,11050
2258,12988
2259,3370
2260,13890
2261,2992
2262,3610
2263,4146
2264,9762
2265,3239
2266,9428
2267,11668
2268,15499
2269,11414
2270,13504
2271,5982
2272,6742
2273,13251
2274,7725
2275,5696
2276,2130
2277,12232
2278,17551
2279,6236
2280,12798
2281,9067
2282,15517
2283,6217
2284,11678
2285,12891
2286,10297
2287,10091
2288,15718
2289,1828
2290,7993
2291,1931
2292,6651
2293,14912
2294,12061
2295,4040
2296,8791
2297,15199
2298,14671
2299,6294
2300,12847
2301,737
2302,5421
2303,16384
2304,18425
2305,7901
2306,4916
2307,10419
2308,6541
2309,16070
2310,7844
2311,18098
2312,2926
2313,11683
2314,5600
2315,13560
2316,5627
2317,358
2318,15610
2319,12392
2320,8128
2321,14883
2322,2707
2323,1587
2324,8463
2325,9934
2326,2528
2327,8864
2328,11774
2329,2501
2330,7302
2331,1629
2332,7770
2333,798
2334,13497
2335,6418
2336,14385
2337,7990
2338,10951
2339,4823
2340,9634
2341,16496
2342,5171
2343,8772
2344,17104
2345,10203
2346,18378
2347,5804
2348,9978
2349,4159
2350,15319
2351,17155
2352,3754
2353,15793
2354,462
2355,5933
2356,14169
2357,9064
2358,5902
2359,11127
2360,4866
2361,6644
2362,7843
2363,16124
2364,6542
2365,12377
2366,4059
2367,623
2368,9956
2369,16231
2370,12312
2371,1516
2372,645
2373,7962
2374,10552
2375,16710
2376,5578
2377,9011
2378,6581
2379,4339
2380,6529
2381,3267
2382,503
2383,13204
2384,17683
2385,1453
2386,394
2387,18294
2388,17499
2389,9583
2390,16528
2391,3554
2392,10226
2393,14959
2394,6922
2395,12145
2396,7624
2397,7790
2398,13475
2399,17073
2400,17688
2401,17220
2402,7651
2403,6758
2404,2630
2405,10370
2406,4727
2407,15163
2408,1952
2409,2219
2410,10272
2411,14962
2412,17600
2413,15576
2414,8514
2415,13113
2416,11101
2417,10921
2418,8134
2419,8344
2420,4136
2421,17329
2422,10145
2423,8102
2424,3825
2425,13515
2426,8016
2427,15714
2428,18061
2429,11975
2430,12008
2431,16962
2432,9694
2433,4720
2434,6990
2435,14595
2436,11252
2437,11202
2438,3425
2439,16793
2440,5613
2441,5875
2442,7420
2443,3086
2444,11185
2445,965
2446,13301
2447,17288
2448,13004
2449,10131
2450,13189
2451,5475
2452,9645
2453,8048
2454,12837
2455,7193
2456,7798
2457,10053
2458,4612
2459,13583
2460,16807
2461,11662
2462,14113
2463,10500
2464,11962
2465,4397
2466,1338
2467,1061
2468,13765
2469,4472
2470,3306
2471,16210
2472,2498
2473,805
2474,12465
2475,17152
2476,14733
2477,893
2478,2001
2479,13637
2480,7009
2481,10669
2482,17876
2483,13229
2484,17357
2485,12484
2486,14303
2487,126
2488,17418
2489,9472
2490,15272
2491,9235
2492,5200
2493,12370
2494,11419
2495,1352
2496,11336
2497,2222
2498,2472
2499,17629
2500,6658
2501,2329
2502,11132
2503,15664
2504,11182
2505,390
2506,331
2507,14492
2508,14986
2509,8030
2510,3033
2511,323
2512,2106
2513,5670
2514,10243
2515,4163
2516,696
2517,10077
2518,4751
2519,15645
2520,1046
2521,5089
2522,16540
2523,10864
2524,7325
2525,3672
2526,18163
2527,8498
2528,2326
2529,9570
2530,18382
2531,1107
2532,18251
2533,2547
2534,10715
2535,7475
2536,4412
2537,13100
2538,3261
2539,10585
2540,7424
2541,428
2542,14481
2543,8604
2544,16339
2545,3788
2546,181
2547,2533
2548,7719
2549,11216
2550,3636
2551,224
2552,14092
2553,11906
2554,11093
2555,13152
2556,8041
2557,8319
2558,7660
2559,9890
2560,7366
2561,1785
2562,7979
2563,1611
2564,6233
2565,11376
2566,13541
2567,10448
2568,9640
2569,3236
2570,12358
2571,6553
2572,9195
2573,7644
2574,3731
2575,6822
2576,4229
2577,1731
2578,15337
2579,15474
2580,593
2581,14555
2582,17098
2583,3718
2584,2618
2585,3872
2586,891
2587,14735
2588,10990
2589,13022
2590,6996
2591,13887
2592,2041
2593,15753
2594,6971
2595,15613
2596,14478
2597,14877
2598,8209
2599,15284
2600,4984
2601,4649
2602,13467
2603,9999
2604,7553
2605,10706
2606,12739
2607,9517
2608,6665
2609,5313
2610,9273
2611,2245
2612,10268
2613,649
2614,16931
2615,1008
2616,10816
2617,14714
2618,2584
2619,14562
2620,12685
2621,4501
2622,13533
2623,1792
2624,5388
2625,9852
2626,17710
2627,11311
2628,498
2629,11674
2630,2404
2631,8064
2632,14336
2633,9213
2634,3688
2635,7681
2636,3881
2637,4963
2638,9496
2639,461
2640,16080
2641,3755
2642,4835
2643,14367
2644,17450
2645,8767
2646,5385
2647,17089
2648,14138
2649,10222
2650,3151
2651,4311
2652,6332
2653,11888
2654,7119
2655,16614
2656,5101
2657,18322
2658,17261
2659,10343
2660,13603
2661,12067
2662,3760
2663,12141
2664,12946
2665,18350
2666,6520
2667,8826
2668,11075
2669,5235
2670,17142
2671,1187
2672,7278
2673,862
2674,16234
2675,12941
2676,1233
2677,9337
2678,17903
2679,6970
2680,15840
2681,2042
2682,11622
2683,16791
2684,3427
2685,8911
2686,16285
2687,2010
2688,7893
2689,17535
2690,2693
2691,13186
2692,897
2693,2690
2694,5248
2695,11990
2696,7432
2697,14920
2698,2767
2699,7253
2700,3434
2701,6961
2702,12723
2703,12125
2704,10464
2705,13990
2706,3549
2707,2322
2708,16847
2709,18120
2710,16957
2711,4100
2712,11575
2713,958
2714,1827
2715,16145
2716,10092
2717,18087
2718,18060
2719,16006
2720,8017
2721,15581
2722,6738
2723,3669
2724,5109
2725,11858
2726,18291
2727,3400
2728,11399
2729,1128
2730,10891
2731,3692
2732,2881
2733,1875
2734,1072
2735,16802
2736,10665
2737,10486
2738,17578
2739,5505
2740,12264
2741,2078
2742,1526
2743,18265
2744,5851
2745,17278
2746,13083
2747,17252
2748,9733
2749,12539
2750,4377
2751,15592
2752,1708
2753,12340
2754,9511
2755,2964
2756,17918
2757,6492
2758,10874
2759,5886
2760,13778
2761,4433
2762,14996
2763,15124
2764,12611
2765,20
2766,3512
2767,2698
2768,11181
2769,15930
2770,11133
2771,13863
2772,12681
2773,7671
2774,14054
2775,2843
2776,8174
2777,8337
2778,11300
2779,8331
2780,17392
2781,12461
2782,17406
2783,10008
2784,629
2785,14250
2786,4466
2787,1045
2788,15914
2789,4752
2790,2134
2791,1486
2792,16525
2793,13833
2794,13452
2795,7637
2796,6085
2797,949
2798,13525
2799,3194
2800,4628
2801,10661
2802,17637
2803,4360
2804,10196
2805,18387
2806,3278
2807,6685
2808,1884
2809,14102
2810,8613
2811,4223
2812,8384
2813,9744
2814,17719
2815,7550
2816,15075
2817,18132
2818,12474
2819,14477
2820,15838
2821,6972
2822,12391
2823,16115
2824,359
2825,11112
2826,1872
2827,14586
2828,16445
2829,5799
2830,4123
2831,9070
2832,4055
2833,11458
2834,9984
2835,5026
2836,9223
2837,17205
2838,7242
2839,3597
2840,1707
2841,15682
2842,4378
2843,2775
2844,10260
2845,1704
2846,14942
2847,13221
2848,4550
2849,6360
2850,13925
2851,6737
2852,15712
2853,8018
2854,5858
2855,13029
2856,8513
2857,16020
2858,17601
2859,245
2860,16261
2861,451
2862,4283
2863,470
2864,7202
2865,12694
2866,16317
2867,14974
2868,7629
2869,14199
2870,14406
2871,8430
2872,353
2873,4427
2874,13193
2875,6591
2876,12889
2877,11680
2878,4541
2879,15443
2880,14740
2881,2732
2882,16559
2883,3849
2884,10041
2885,12606
2886,14786
2887,6902
2888,12044
2889,10617
2890,9714
2891,9615
2892,8560
2893,17267
2894,14605
2895,815
2896,16288
2897,1368
2898,1711
2899,3974
2900,10189
2901,16692
2902,4694
2903,14928
2904,9591
2905,10457
2906,10409
2907,279
2908,9020
2909,17774
2910,2046
2911,12905
2912,4450
2913,11137
2914,1651
2915,6216
2916,16151
2917,9068
2918,4125
2919,12175
2920,11508
2921,14470
2922,2946
2923,5499
2924,7029
2925,334
2926,2312
2927,6751
2928,13894
2929,5708
2930,6310
2931,10729
2932,7211
2933,11413
2934,16165
2935,11669
2936,12048
2937,7205
2938,3595
2939,7244
2940,14063
2941,9439
2942,8001
2943,5518
2944,15221
2945,3962
2946,2922
2947,12935
2948,14400
2949,5263
2950,11266
2951,4716
2952,17078
2953,15262
2954,18277
2955,1547
2956,5157
2957,10697
2958,592
2959,15854
2960,15338
2961,10695
2962,5159
2963,8921
2964,2755
2965,516
2966,17507
2967,8530
2968,6105
2969,15068
2970,8149
2971,8928
2972,10612
2973,9201
2974,10171
2975,16283
2976,8913
2977,14656
2978,16867
2979,10519
2980,17833
2981,12064
2982,4259
2983,17296
2984,13485
2985,6626
2986,12871
2987,10966
2988,438
2989,14739
2990,15554
2991,4542
2992,2261
2993,14824
2994,7271
2995,17159
2996,363
2997,1267
2998,9610
2999,14696
3000,17837
3001,7684
3002,9720
3003,3198
3004,17126
3005,2104
3006,325
3007,1980
3008,12544
3009,16828
3010,16308
3011,11552
3012,11744
3013,10229
3014,17852
3015,14080
3016,11924
3017,3397
3018,397
3019,5605
3020,16254
3021,12789
3022,16902
3023,6061
3024,7016
3025,10682
3026,14041
3027,14828
3028,13703
3029,4199
3030,3060
3031,4403
3032,10402
3033,2510
3034,18111
3035,3389
3036,9174
3037,13104
3038,6474
3039,11949
3040,382
3041,4140
3042,3157
3043,16537
3044,9271
3045,5315
3046,587
3047,3418
3048,12331
3049,14322
3050,8177
3051,12337
3052,1371
3053,6732
3054,9301
3055,8948
3056,380
3057,11951
3058,9108
3059,14233
3060,3030
3061,14031
3062,16922
3063,14076
3064,6395
3065,7716
3066,10960
3067,8919
3068,5161
3069,1940
3070,9925
3071,7899
3072,18427
3073,11061
3074,3352
3075,9759
3076,3206
3077,12077
3078,9480
3079,4496
3080,5883
3081,5217
3082,6561
3083,16448
3084,4154
3085,11012
3086,2443
3087,7249
3088,18045
3089,16243
3090,5685
3091,7830
3092,9294
3093,6341
3094,10694
3095,15473
3096,15855
3097,1732
3098,9276
3099,458
3100,16667
3101,4262
3102,9371
3103,16241
3104,18047
3105,10199
3106,17525
3107,9878
3108,5830
3109,13512
3110,17621
3111,14161
3112,14731
3113,17154
3114,16083
3115,4160
3116,15209
3117,14116
3118,4558
3119,656
3120,16442
3121,9940
3122,11590
3123,11362
3124,6579
3125,9013
3126,15066
3127,6107
3128,4567
3129,12595
3130,5259
3131,17232
3132,16944
3133,17827
3134,16545
3135,929
3136,12032
3137,6634
3138,840
3139,4275
3140,9058
3141,16737
3142,88
3143,1865
3144,13643
3145,7930
3146,13107
3147,4598
3148,4983
3149,15834
3150,8210
3151,2650
3152,14123
3153,18357
3154,13027
3155,5860
3156,14292
3157,3042
3158,1897
3159,7819
3160,9234
3161,15943
3162,9473
3163,5513
3164,15188
3165,3541
3166,5304
3167,14254
3168,13400
3169,349
3170,18276
3171,15480
3172,17079
3173,7099
3174,10378
3175,16999
3176,14202
3177,16704
3178,12279
3179,2128
3180,5698
3181,6803
3182,979
3183,13111
3184,8516
3185,17235
3186,13845
3187,6073
3188,11882
3189,5075
3190,7587
3191,8428
3192,14408
3193,4907
3194,2799
3195,13806
3196,15059
3197,8712
3198,3003
3199,1308
3200,13266
3201,1860
3202,14789
3203,14629
3204,14285
3205,8673
3206,3076
3207,6357
3208,17370
3209,4670
3210,7712
3211,3961
3212,15489
3213,5519
3214,11545
3215,7356
3216,13200
3217,5409
3218,11439
3219,544
3220,14443
3221,14862
3222,10498
3223,14115
3224,15317
3225,4161
3226,10245
3227,377
3228,17605
3229,13575
3230,5781
3231,4410
3232,7477
3233,14670
3234,16136
3235,8792
3236,2569
3237,6076
3238,8670
3239,2265
3240,9006
3241,12319
3242,12355
3243,9765
3244,3540
3245,15269
3246,5514
3247,9032
3248,8439
3249,14802
3250,15047
3251,9792
3252,17203
3253,9225
3254,6792
3255,9729
3256,5565
3257,13430
3258,10382
3259,16838
3260,5332
3261,2538
3262,7849
3263,3751
3264,9753
3265,11901
3266,11903
3267,2381
3268,17931
3269,1951
3270,16026
3271,4728
3272,14236
3273,12666
3274,11142
3275,10148
3276,12148
3277,45
3278,2806
3279,11749
3280,7997
3281,3972
3282,1713
3283,17821
3284,7875
3285,4085
3286,15028
3287,18147
3288,10220
3289,14140
3290,409
3291,9757
3292,3354
3293,946
3294,8254
3295,10478
3296,11090
3297,14771
3298,721
3299,7124
3300,12864
3301,9532
3302,1457
3303,4565
3304,6109
3305,13960
3306,2470
3307,2224
3308,12610
3309,15670
3310,14997
3311,11474
3312,17626
3313,5970
3314,1029
3315,1379
3316,9311
3317,6274
3318,6161
3319,6609
3320,11454
3321,6988
3322,4722
3323,11366
3324,61
3325,14569
3326,7044
3327,17131
3328,8502
3329,5000
3330,17730
3331,7537
3332,17830
3333,7809
3334,1056
3335,8860
3336,8349
3337,18317
3338,17312
3339,11571
3340,9509
3341,12342
3342,11875
3343,14667
3344,2023
3345,4673
3346,14439
3347,8652
3348,14067
3349,1365
3350,12672
3351,7371
3352,3074
3353,8675
3354,3292
3355,17488
3356,12166
3357,18131
3358,15617
3359,7551
3360,10001
3361,18082
3362,159
3363,11176
3364,8148
3365,15464
3366,6106
3367,15307
3368,9014
3369,5444
3370,2259
3371,4544
3372,16394
3373,8711
3374,15237
3375,13807
3376,9080
3377,7347
3378,12436
3379,4806
3380,998
3381,14633
3382,12563
3383,425
3384,7054
3385,9791
3386,15183
3387,14803
3388,321
3389,3035
3390,9260
3391,3729
3392,7646
3393,8551
3394,13746
3395,4387
3396,6508
3397,3017
3398,18037
3399,141
3400,2727
3401,7035
3402,16477
3403,18368
3404,18146
3405,15147
3406,4086
3407,12882
3408,10639
3409,10425
3410,1746
3411,5150
3412,16634
3413,3948
3414,1420
3415,9678
3416,1376
3417,17845
3418,3047
3419,6103
3420,8532
3421,4289
3422,1449
3423,16489
3424,7230
3425,2438
3426,1641
3427,2684
3428,9523
3429,13009
3430,12054
3431,11755
3432,16623
3433,11179
3434,2700
3435,11473
3436,15123
3437,15671
3438,4434
3439,134
3440,5053
3441,14185
3442,14454
3443,16511
3444,12005
3445,18021
3446,8029
3447,15925
3448,14493
3449,17952
3450,14709
3451,5774
3452,550
3453,3614
3454,11586
3455,17462
3456,6139
3457,4255
3458,7628
3459,15566
3460,16318
3461,4788
3462,10505
3463,5919
3464,10765
3465,17518
3466,4579
3467,5221
3468,8095
3469,1169
3470,17599
3471,16022
3472,10273
3473,6921
3474,16040
3475,10227
3476,11746
3477,16551
3478,13838
3479,16817
3480,11563
3481,11422
3482,7766
3483,7949
3484,5095
3485,5358
3486,5642
3487,1533
3488,8112
3489,13974
3490,13220
3491,15587
3492,1705
3493,3599
3494,6642
3495,4868
3496,14758
3497,11997
3498,5180
3499,10710
3500,7389
3501,8998
3502,679
3503,4799
3504,9590
3505,15530
3506,4695
3507,13445
3508,6048
3509,8573
3510,12567
3511,18412
3512,2766
3513,15736
3514,7433
3515,17767
3516,17547
3517,12977
3518,3914
3519,12252
3520,12060
3521,16140
3522,6652
3523,10208
3524,6167
3525,16357
3526,3581
3527,6768
3528,8647
3529,12468
3530,11347
3531,308
3532,16883
3533,120
3534,9446
3535,13156
3536,4749
3537,10079
3538,8956
3539,8667
3540,3244
3541,3165
3542,13130
3543,11373
3544,17554
3545,11065
3546,16650
3547,1294
3548,4442
3549,2706
3550,16112
3551,8129
3552,493
3553,1904
3554,2391
3555,8208
3556,15836
3557,14479
3558,430
3559,13088
3560,3640
3561,13179
3562,6598
3563,5339
3564,9863
3565,8883
3566,16660
3567,16676
3568,5533
3569,17085
3570,10497
3571,15212
3572,14444
3573,12624
3574,14013
3575,1949
3576,17933
3577,6761
3578,1901
3579,6407
3580,2075
3581,3526
3582,11666
3583,9430
3584,10528
3585,17163
3586,6523
3587,5293
3588,673
3589,7139
3590,3969
3591,10759
3592,3936
3593,17212
3594,11227
3595,2938
3596,11190
3597,2839
3598,16727
3599,3493
3600,11792
3601,5728
3602,12768
3603,11245
3604,13702
3605,15406
3606,14042
3607,9587
3608,7270
3609,15440
3610,2262
3611,14288
3612,13590
3613,17882
3614,3453
3615,6848
3616,4073
3617,11706
3618,5589
3619,5399
3620,16717
3621,5676
3622,5878
3623,10028
3624,13545
3625,778
3626,12897
3627,11567
3628,16294
3629,320
3630,15046
3631,15184
3632,8440
3633,619
3634,8831
3635,7216
3636,2550
3637,18210
3638,7889
3639,5344
3640,3560
3641,5255
3642,18185
3643,14628
3644,15231
3645,1861
3646,6901
3647,15547
3648,12607
3649,10295
3650,12893
3651,4660
3652,8737
3653,13715
3654,1357
3655,16683
3656,10361
3657,14572
3658,14437
3659,4675
3660,3742
3661,720
3662,15136
3663,11091
3664,11908
3665,13142
3666,13601
3667,10345
3668,11694
3669,2723
3670,13325
3671,11107
3672,2525
3673,271
3674,11996
3675,14937
3676,4869
3677,1920
3678,6430
3679,13097
3680,1117
3681,8558
3682,9617
3683,5120
3684,11343
3685,11520
3686,12287
3687,9219
3688,2634
3689,10753
3690,17349
3691,7541
3692,2731
3693,15553
3694,15444
3695,439
3696,14119
3697,10989
3698,15846
3699,892
3700,15957
3701,17153
3702,15321
3703,14162
3704,8475
3705,2204
3706,11972
3707,12108
3708,13954
3709,7077
3710,4884
3711,8310
3712,5080
3713,4329
3714,9822
3715,4803
3716,5392
3717,1334
3718,2583
3719,15816
3720,10817
3721,7609
3722,11039
3723,5773
3724,14983
3725,17953
3726,5427
3727,8304
3728,9172
3729,3391
3730,10788
3731,2574
3732,11612
3733,874
3734,7311
3735,4037
3736,17836
3737,15434
3738,9611
3739,7528
3740,9182
3741,13757
3742,3660
3743,17714
3744,1413
3745,3977
3746,1924
3747,1648
3748,16992
3749,11048
3750,10583
3751,3263
3752,8681
3753,1277
3754,2352
3755,2641
3756,13599
3757,13144
3758,8726
3759,6365
3760,2662
3761,6293
3762,16135
3763,15200
3764,7478
3765,2022
3766,15090
3767,11876
3768,1404
3769,1208
3770,2166
3771,12973
3772,18174
3773,5931
3774,464
3775,5630
3776,16866
3777,15456
3778,8914
3779,11770
3780,12986
3781,11052
3782,17892
3783,17171
3784,14648
3785,14649
3786,17172
3787,2093
3788,2545
3789,18253
3790,4635
3791,10629
3792,7695
3793,8281
3794,1579
3795,18399
3796,14524
3797,12656
3798,6023
3799,12562
3800,15052
3801,999
3802,1789
3803,14284
3804,15230
3805,14790
3806,18186
3807,2174
3808,10993
3809,2018
3810,17238
3811,16566
3812,4792
3813,9654
3814,6916
3815,8470
3816,17037
3817,4269
3818,9960
3819,6265
3820,304
3821,10396
3822,5146
3823,6784
3824,10330
3825,2424
3826,4919
3827,814
3828,15539
3829,17268
3830,5116
3831,1251
3832,14503
3833,1385
3834,11505
3835,11502
3836,8760
3837,11251
3838,15998
3839,6991
3840,11055
3841,10673
3842,6002
3843,17608
3844,7495
3845,9938
3846,16444
3847,15606
3848,1873
3849,2883
3850,8393
3851,1637
3852,12571
3853,4143
3854,4845
3855,14383
3856,6420
3857,10017
3858,6130
3859,13365
3860,14436
3861,14776
3862,10362
3863,7043
3864,15108
3865,62
3866,13460
3867,16369
3868,12519
3869,12511
3870,12684
3871,15814
3872,2585
3873,17543
3874,8046
3875,9647
3876,14034
3877,17097
3878,15852
3879,594
3880,10751
3881,2636
3882,13471
3883,6964
3884,12961
3885,4664
3886,12831
3887,4875
3888,7505
3889,8579
3890,725
3891,16936
3892,4523
3893,16629
3894,9652
3895,4794
3896,11426
3897,11617
3898,11004
3899,4912
3900,9467
3901,13670
3902,10851
3903,8978
3904,1204
3905,16323
3906,17324
3907,184
3908,12655
3909,14637
3910,18400
3911,17858
3912,16732
3913,5455
3914,3518
3915,6182
3916,10012
3917,18353
3918,701
3919,10898
3920,5939
3921,5143
3922,4620
3923,10121
3924,13355
3925,10933
3926,13921
3927,7867
3928,11408
3929,1384
3930,14601
3931,1252
3932,17772
3933,9022
3934,14052
3935,7673
3936,3592
3937,1222
3938,10265
3939,17951
3940,14985
3941,15926
3942,332
3943,7031
3944,444
3945,7747
3946,14411
3947,1798
3948,3413
3949,17014
3950,14
3951,8603
3952,15891
3953,429
3954,14876
3955,15837
3956,15614
3957,12475
3958,18270
3959,14224
3960,10720
3961,3211
3962,2945
3963,15512
3964,11509
3965,6290
3966,5489
3967,9795
3968,11293
3969,3590
3970,7675
3971,10435
3972,3281
3973,16721
3974,2899
3975,8245
3976,17019
3977,3745
3978,16510
3979,14991
3980,14186
3981,4746
3982,16873
3983,9117
3984,9545
3985,5819
3986,17411
3987,5363
3988,12623
3989,14861
3990,15213
3991,545
3992,845
3993,8651
3994,15087
3995,4674
3996,14775
3997,14573
3998,13366
3999,10491
4000,17986
4001,7399
4002,1239
4003,4416
4004,11615
4005,11428
4006,9557
4007,13819
4008,4852
4009,5706
4010,13896
4011,16967
4012,12621
4013,5365
4014,822
4015,5018
4016,8808
4017,5791
4018,10290
4019,610
4020,10560
4021,1797
4022,14487
4023,7748
4024,4906
4025,15241
4026,8429
4027,15563
4028,14200
4029,17001
4030,8567
4031,9452
4032,5262
4033,15485
4034,12936
4035,14084
4036,11121
4037,3735
4038,598
4039,6371
4040,2295
4041,9643
4042,5477
4043,6465
4044,11099
4045,13115
4046,1672
4047,7989
4048,16097
4049,6419
4050,14578
4051,4846
4052,13570
4053,8482
4054,9362
4055,2832
4056,6976
4057,11018
4058,6055
4059,2366
4060,17811
4061,14130
4062,5087
4063,1048
4064,4640
4065,17449
4066,15790
4067,4836
4068,13861
4069,11135
4070,4452
4071,1218
4072,11584
4073,3616
4074,6728
4075,579
4076,4355
4077,12040
4078,16747
4079,4519
4080,11489
4081,4440
4082,1296
4083,4492
4084,10557
4085,3285
4086,3406
4087,5552
4088,8220
4089,12194
4090,329
4091,392
4092,1455
4093,9534
4094,11981
4095,13405
4096,9212
4097,15801
4098,8065
4099,1475
4100,2711
4101,6859
4102,12407
4103,11483
4104,7110
4105,6300
4106,9845
4107,17863
4108,8521
4109,8335
4110,8176
4111,15384
4112,12332
4113,13306
4114,10023
4115,13743
4116,10045
4117,12223
4118,18339
4119,8722
4120,8872
4121,4133
4122,12633
4123,2830
4124,9364
4125,2918
4126,6259
4127,6588
4128,7283
4129,125
4130,15947
4131,12485
4132,9560
4133,4121
4134,5801
4135,10088
4136,2420
4137,1105
4138,18384
4139,18050
4140,3041
4141,15277
4142,5861
4143,3853
4144,13589
4145,14822
4146,2263
4147,8672
4148,15229
4149,14630
4150,1790
4151,13535
4152,7454
4153,1984
4154,3084
4155,7422
4156,10587
4157,337
4158,8454
4159,2349
4160,3115
4161,3225
4162,8189
4163,2515
4164,17738
4165,14264
4166,2084
4167,1389
4168,2083
4169,14268
4170,17739
4171,13859
4172,4838
4173,11604
4174,711
4175,234
4176,12708
4177,11359
4178,13399
4179,15266
4180,5305
4181,12490
4182,4465
4183,15648
4184,630
4185,7567
4186,11110
4187,361
4188,17161
4189,10530
4190,13519
4191,8968
4192,5624
4193,17523
4194,10201
4195,17106
4196,12665
4197,15161
4198,4729
4199,3029
4200,15374
4201,9109
4202,8655
4203,11758
4204,18376
4205,10205
4206,653
4207,12036
4208,10719
4209,14474
4210,18271
4211,12366
4212,1256
4213,16381
4214,6382
4215,5742
4216,11713
4217,13227
4218,17878
4219,367
4220,7264
4221,17957
4222,9819
4223,2811
4224,10050
4225,4485
4226,868
4227,8316
4228,11610
4229,2576
4230,16703
4231,15257
4232,17000
4233,14405
4234,15564
4235,7630
4236,12528
4237,8540
4238,14027
4239,1248
4240,13490
4241,8106
4242,4819
4243,13298
4244,5225
4245,8893
4246,4745
4247,14453
4248,14992
4249,5054
4250,16928
4251,6656
4252,17631
4253,1842
4254,12293
4255,3457
4256,10806
4257,4828
4258,6368
4259,2982
4260,1138
4261,1765
4262,3101
4263,9063
4264,16077
4265,5934
4266,6840
4267,5037
4268,1395
4269,3817
4270,8474
4271,14730
4272,15322
4273,17622
4274,17592
4275,3139
4276,9376
4277,11658
4278,16619
4279,7362
4280,5784
4281,16194
4282,17981
4283,2862
4284,17964
4285,11305
4286,6335
4287,11734
4288,9900
4289,3421
4290,16985
4291,10778
4292,408
4293,15144
4294,10221
4295,15785
4296,17090
4297,6855
4298,4456
4299,10878
4300,7729
4301,18403
4302,5086
4303,14372
4304,17812
4305,9604
4306,8660
4307,9989
4308,12524
4309,18356
4310,15281
4311,2651
4312,12102
4313,10988
4314,14737
4315,440
4316,4557
4317,15316
4318,15210
4319,10499
4320,15971
4321,11663
4322,9788
4323,4895
4324,11932
4325,16741
4326,6694
4327,213
4328,13352
4329,3713
4330,8612
4331,15624
4332,1885
4333,519
4334,11947
4335,6476
4336,8294
4337,12283
4338,11851
4339,2379
4340,11905
4341,15881
4342,225
4343,8565
4344,17003
4345,16770
4346,123
4347,7285
4348,11120
4349,14398
4350,12937
4351,5177
4352,11923
4353,15418
4354,17853
4355,4076
4356,6394
4357,15370
4358,16923
4359,795
4360,2803
4361,8238
4362,18302
4363,7516
4364,283
4365,1364
4366,15085
4367,8653
4368,9111
4369,9438
4370,15493
4371,7245
4372,13420
4373,9383
4374,4623
4375,16971
4376,5893
4377,2750
4378,2842
4379,15659
4380,7672
4381,14499
4382,9023
4383,1964
4384,7665
4385,8525
4386,4686
4387,3395
4388,11926
4389,13830
4390,9586
4391,14827
4392,15407
4393,10683
4394,13529
4395,10351
4396,6470
4397,2465
4398,17096
4399,14557
4400,9648
4401,16921
4402,15372
4403,3031
4404,8032
4405,1247
4406,14195
4407,8541
4408,11069
4409,12651
4410,3231
4411,10957
4412,2536
4413,5334
4414,17318
4415,17193
4416,4003
4417,6819
4418,17561
4419,1948
4420,14859
4421,12625
4422,9600
4423,11219
4424,9229
4425,13655
4426,18079
4427,2873
4428,5241
4429,6967
4430,6670
4431,18329
4432,4654
4433,2761
4434,3438
4435,18300
4436,8240
4437,6539
4438,10421
4439,6943
4440,4081
4441,17138
4442,3548
4443,15728
4444,10465
4445,1609
4446,7981
4447,8945
4448,10870
4449,5527
4450,2912
4451,7297
4452,4070
4453,17216
4454,956
4455,11577
4456,4298
4457,7556
4458,13219
4459,14944
4460,8113
4461,12925
4462,11753
4463,12056
4464,5942
4465,4182
4466,2786
4467,17389
4468,920
4469,9928
4470,18033
4471,4667
4472,2469
4473,15128
4474,6110
4475,1660
4476,8990
4477,5723
4478,7076
4479,14725
4480,12109
4481,16405
4482,292
4483,10633
4484,8382
4485,4225
4486,17566
4487,6195
4488,13796
4489,7806
4490,10522
4491,17136
4492,4083
4493,7877
4494,242
4495,8952
4496,3079
4497,12551
4498,18224
4499,7002
4500,5747
4501,2621
4502,4901
4503,6480
4504,9327
4505,7275
4506,5273
4507,6736
4508,15583
4509,6361
4510,5816
4511,7866
4512,14507
4513,10934
4514,5525
4515,10872
4516,6494
4517,404
4518,1685
4519,4079
4520,6945
4521,5757
4522,1496
4523,3892
4524,1805
4525,9687
4526,2073
4527,6409
4528,4881
4529,6280
4530,10836
4531,12229
4532,4714
4533,11268
4534,5834
4535,5662
4536,16966
4537,14423
4538,5707
4539,15505
4540,6752
4541,2878
4542,2991
4543,16173
4544,3371
4545,2040
4546,15842
4547,6997
4548,13079
4549,5211
4550,2848
4551,12074
4552,1065
4553,9425
4554,6116
4555,1125
4556,17992
4557,4316
4558,3118
4559,17778
4560,6399
4561,11801
4562,13750
4563,8249
4564,16975
4565,3303
4566,12325
4567,3128
4568,5839
4569,12680
4570,15662
4571,11134
4572,14365
4573,4837
4574,14262
4575,17740
4576,7859
4577,1917
4578,914
4579,3466
4580,13213
4581,12345
4582,10182
4583,1460
4584,12542
4585,1982
4586,7456
4587,6072
4588,15247
4589,17236
4590,2020
4591,7480
4592,13612
4593,5137
4594,16816
4595,14955
4596,16552
4597,5325
4598,3147
4599,13451
4600,15640
4601,16526
4602,9585
4603,14044
4604,11927
4605,12761
4606,8192
4607,11059
4608,18429
4609,12290
4610,13167
4611,8379
4612,2458
4613,4851
4614,14426
4615,9558
4616,12487
4617,6320
4618,8035
4619,13289
4620,3922
4621,8313
4622,9049
4623,4374
4624,1463
4625,9079
4626,15058
4627,15238
4628,2800
4629,7773
4630,6780
4631,16610
4632,12030
4633,931
4634,179
4635,3790
4636,7805
4637,13945
4638,6196
4639,17384
4640,4064
4641,985
4642,16658
4643,8885
4644,10570
4645,627
4646,10010
4647,6184
4648,13448
4649,2601
4650,4967
4651,539
4652,1264
4653,103
4654,4432
4655,15673
4656,5887
4657,1607
4658,10467
4659,5539
4660,3651
4661,9697
4662,10031
4663,5471
4664,3885
4665,5603
4666,399
4667,4471
4668,15965
4669,1062
4670,3209
4671,10722
4672,16409
4673,3345
4674,3995
4675,3659
4676,14692
4677,9183
4678,11628
4679,17456
4680,4817
4681,8108
4682,8248
4683,13871
4684,11802
4685,9907
4686,4386
4687,15039
4688,8552
4689,10044
4690,14318
4691,10024
4692,9189
4693,1740
4694,2902
4695,3506
4696,4989
4697,17758
4698,11296
4699,11984
4700,16876
4701,11030
4702,17794
4703,1070
4704,1877
4705,9669
4706,17113
4707,560
4708,231
4709,10886
4710,12183
4711,13679
4712,16301
4713,6203
4714,4532
4715,7166
4716,2951
4717,1356
4718,14780
4719,8738
4720,2433
4721,11444
4722,3322
4723,7068
4724,13138
4725,17762
4726,8062
4727,2406
4728,3271
4729,4198
4730,15405
4731,14829
4732,11246
4733,8607
4734,9528
4735,2036
4736,4978
4737,7409
4738,17332
4739,1727
4740,6156
4741,486
4742,758
4743,171
4744,9539
4745,4246
4746,3981
4747,1561
4748,5276
4749,3536
4750,8355
4751,2518
4752,2789
4753,16300
4754,13722
4755,12184
4756,12507
4757,12299
4758,11386
4759,5105
4760,12481
4761,13063
4762,10850
4763,14532
4764,9468
4765,147
4766,6602
4767,8186
4768,18058
4769,18089
4770,9943
4771,10250
4772,197
4773,6797
4774,9147
4775,11303
4776,17966
4777,18078
4778,14008
4779,9230
4780,8264
4781,17446
4782,1777
4783,5195
4784,5113
4785,5058
4786,16696
4787,2114
4788,3461
4789,7929
4790,15289
4791,1866
4792,3812
4793,8780
4794,3895
4795,7008
4796,15954
4797,2002
4798,17753
4799,3503
4800,8844
4801,11165
4802,8610
4803,3715
4804,13042
4805,5996
4806,3379
4807,17436
4808,1315
4809,8195
4810,5185
4811,1341
4812,11580
4813,10038
4814,16798
4815,17430
4816,976
4817,4680
4818,10326
4819,4242
4820,5136
4821,13841
4822,7481
4823,2339
4824,8800
4825,489
4826,7788
4827,7626
4828,4257
4829,12066
4830,15773
4831,10344
4832,14767
4833,13143
4834,14677
4835,2642
4836,4067
4837,4573
4838,4172
4839,6830
4840,2068
4841,99
4842,17881
4843,14821
4844,14289
4845,3854
4846,4051
4847,4864
4848,11129
4849,16806
4850,15974
4851,4613
4852,4008
4853,12728
4854,7857
4855,17742
4856,18247
4857,5780
4858,15204
4859,17606
4860,6004
4861,11687
4862,8481
4863,14381
4864,4847
4865,7305
4866,2360
4867,11790
4868,3495
4869,3676
4870,16514
4871,17521
4872,5626
4873,16118
4874,5601
4875,3887
4876,10929
4877,13066
4878,17613
4879,11727
4880,12023
4881,4528
4882,12154
4883,11355
4884,3710
4885,10124
4886,1543
4887,777
4888,14809
4889,10029
4890,9699
4891,10447
4892,15867
4893,11377
4894,8644
4895,4323
4896,6502
4897,7453
4898,14282
4899,1791
4900,15811
4901,4502
4902,11954
4903,10350
4904,14039
4905,10684
4906,4024
4907,3193
4908,15635
4909,950
4910,12813
4911,7428
4912,3899
4913,8967
4914,14243
4915,10531
4916,2306
4917,8015
4918,16008
4919,3826
4920,17620
4921,15324
4922,5831
4923,1142
4924,16273
4925,11988
4926,5250
4927,10655
4928,5981
4929,16163
4930,11415
4931,7753
4932,669
4933,10373
4934,9747
4935,6417
4936,16099
4937,799
4938,2236
4939,6214
4940,1653
4941,11647
4942,8105
4943,14193
4944,1249
4945,5118
4946,9619
4947,6625
4948,15449
4949,17297
4950,8576
4951,12208
4952,16583
4953,13260
4954,9663
4955,1834
4956,10217
4957,17072
4958,16035
4959,7791
4960,12721
4961,6963
4962,14551
4963,2637
4964,8938
4965,9998
4966,15831
4967,4650
4968,17895
4969,7690
4970,6242
4971,686
4972,16368
4973,14567
4974,63
4975,289
4976,8709
4977,16396
4978,4736
4979,11025
4980,7636
4981,15639
4982,13834
4983,3148
4984,2600
4985,13785
4986,6185
4987,6047
4988,14926
4989,4696
4990,676
4991,6345
4992,5668
4993,2108
4994,1111
4995,11820
4996,1236
4997,11937
4998,18031
4999,9930
5000,3329
5001,704
5002,10381
5003,15176
5004,5566
5005,9292
5006,7832
5007,5397
5008,5591
5009,6175
5010,195
5011,10252
5012,9382
5013,14061
5014,7246
5015,17470
5016,7493
5017,17610
5018,4015
5019,9626
5020,10733
5021,11656
5022,9378
5023,12422
5024,1053
5025,8448
5026,2835
5027,9211
5028,14338
5029,11982
5030,11298
5031,8339
5032,348
5033,15265
5034,14255
5035,11360
5036,11592
5037,4267
5038,17039
5039,8933
5040,523
5041,10308
5042,11761
5043,106
5044,8270
5045,16270
5046,5432
5047,8371
5048,12879
5049,10215
5050,1836
5051,12875
5052,18298
5053,3440
5054,4249
5055,1506
5056,1163
5057,13319
5058,4785
5059,1738
5060,9191
5061,10158
5062,9770
5063,7813
5064,18342
5065,10856
5066,10490
5067,14435
5068,14574
5069,6131
5070,12954
5071,11970
5072,2206
5073,2231
5074,6550
5075,3189
5076,10847
5077,10932
5078,14509
5079,10122
5080,3712
5081,14105
5082,214
5083,11318
5084,16457
5085,29
5086,4302
5087,4062
5088,17386
5089,2521
5090,1894
5091,9164
5092,9307
5093,16218
5094,10483
5095,3484
5096,13076
5097,18169
5098,5608
5099,770
5100,1818
5101,2656
5102,112
5103,17129
5104,7046
5105,4759
5106,5953
5107,11106
5108,14763
5109,2724
5110,6576
5111,5298
5112,13237
5113,4784
5114,13376
5115,1164
5116,3830
5117,17183
5118,4945
5119,8815
5120,3683
5121,7091
5122,10109
5123,17681
5124,13206
5125,9542
5126,10022
5127,14320
5128,12333
5129,16672
5130,5688
5131,17287
5132,15987
5133,966
5134,5224
5135,14190
5136,4820
5137,4593
5138,1618
5139,1094
5140,6179
5141,6375
5142,12493
5143,3921
5144,13814
5145,8036
5146,3822
5147,11650
5148,11082
5149,16686
5150,3411
5151,1800
5152,11331
5153,6353
5154,10082
5155,118
5156,16885
5157,2956
5158,7737
5159,2962
5160,9513
5161,3068
5162,16494
5163,9636
5164,8549
5165,7648
5166,1859
5167,15233
5168,1309
5169,11497
5170,1936
5171,2342
5172,9662
5173,13480
5174,16584
5175,9806
5176,5495
5177,4351
5178,6511
5179,6435
5180,3498
5181,7724
5182,16160
5183,6743
5184,10237
5185,4810
5186,17093
5187,17374
5188,12702
5189,6348
5190,17023
5191,6516
5192,7239
5193,859
5194,16655
5195,4783
5196,13321
5197,5299
5198,7642
5199,9197
5200,2492
5201,6064
5202,11541
5203,17356
5204,15950
5205,17877
5206,14216
5207,11714
5208,12993
5209,8599
5210,5353
5211,4549
5212,15586
5213,14943
5214,13975
5215,7557
5216,12549
5217,3081
5218,11873
5219,12344
5220,13853
5221,3467
5222,10339
5223,17466
5224,5134
5225,4244
5226,9541
5227,13309
5228,17682
5229,16050
5230,504
5231,74
5232,5408
5233,15217
5234,7357
5235,2669
5236,1292
5237,16652
5238,7281
5239,6590
5240,15559
5241,4428
5242,11467
5243,5474
5244,15983
5245,10132
5246,896
5247,15742
5248,2694
5249,6444
5250,4926
5251,7779
5252,8855
5253,6597
5254,14872
5255,3641
5256,249
5257,7153
5258,5837
5259,3130
5260,1202
5261,8980
5262,4032
5263,2949
5264,7168
5265,8378
5266,13823
5267,12291
5268,1844
5269,2169
5270,13057
5271,17244
5272,11157
5273,4506
5274,11698
5275,16871
5276,4748
5277,14898
5278,9447
5279,11865
5280,8040
5281,15878
5282,11094
5283,10579
5284,11634
5285,9288
5286,16400
5287,9281
5288,8725
5289,14676
5290,13600
5291,14768
5292,11909
5293,3587
5294,17761
5295,13709
5296,7069
5297,11856
5298,5111
5299,5197
5300,10792
5301,153
5302,11372
5303,14891
5304,3166
5305,4180
5306,5944
5307,12115
5308,12776
5309,17440
5310,8307
5311,16892
5312,11767
5313,2609
5314,9161
5315,3045
5316,17847
5317,1671
5318,14388
5319,11100
5320,16018
5321,8515
5322,15250
5323,980
5324,1880
5325,4597
5326,15287
5327,7931
5328,6473
5329,15396
5330,9175
5331,1594
5332,3260
5333,15896
5334,4413
5335,1116
5336,14754
5337,6431
5338,11834
5339,3563
5340,8571
5341,6050
5342,9810
5343,10543
5344,3639
5345,14874
5346,431
5347,6188
5348,8117
5349,17251
5350,15687
5351,17279
5352,9833
5353,5210
5354,13885
5355,6998
5356,18168
5357,13337
5358,3485
5359,12792
5360,7920
5361,9342
5362,1021
5363,3987
5364,5811
5365,4013
5366,17612
5367,13556
5368,10930
5369,10849
5370,13672
5371,12482
5372,17359
5373,1633
5374,1005
5375,17243
5376,13163
5377,2170
5378,17984
5379,10493
5380,10563
5381,12887
5382,6593
5383,1832
5384,9665
5385,2646
5386,1345
5387,16640
5388,2624
5389,8582
5390,5995
5391,13629
5392,3716
5393,17100
5394,7460
5395,18392
5396,10600
5397,5007
5398,12843
5399,3619
5400,1717
5401,6621
5402,12697
5403,8512
5404,15578
5405,5859
5406,15279
5407,18358
5408,5232
5409,3217
5410,6995
5411,15844
5412,10991
5413,2176
5414,1161
5415,1508
5416,17640
5417,16735
5418,9060
5419,2194
5420,17695
5421,2302
5422,2050
5423,12053
5424,15004
5425,9524
5426,479
5427,3726
5428,10130
5429,15985
5430,17289
5431,2162
5432,5046
5433,10063
5434,18260
5435,8896
5436,9030
5437,5516
5438,8003
5439,8598
5440,13225
5441,11715
5442,17007
5443,9418
5444,3369
5445,16175
5446,11051
5447,14653
5448,11771
5449,7838
5450,5929
5451,18176
5452,18362
5453,791
5454,1700
5455,3913
5456,14916
5457,17548
5458,564
5459,18173
5460,14662
5461,2167
5462,1846
5463,5979
5464,10657
5465,10736
5466,10154
5467,9026
5468,536
5469,10745
5470,8401
5471,4663
5472,14549
5473,6965
5474,5243
5475,2451
5476,8789
5477,4042
5478,11969
5479,13363
5480,6132
5481,7049
5482,1039
5483,5974
5484,763
5485,16914
5486,18349
5487,15769
5488,12142
5489,3966
5490,8639
5491,1232
5492,15758
5493,16235
5494,8626
5495,5176
5496,14083
5497,14399
5498,15486
5499,2923
5500,11405
5501,5549
5502,7796
5503,7195
5504,854
5505,2739
5506,6170
5507,11752
5508,13972
5509,8114
5510,1482
5511,1853
5512,8959
5513,3163
5514,3246
5515,9402
5516,5437
5517,10431
5518,2943
5519,3213
5520,6889
5521,207
5522,11433
5523,267
5524,7498
5525,4514
5526,7562
5527,4449
5528,15522
5529,2047
5530,10
5531,11731
5532,1756
5533,3568
5534,1349
5535,11566
5536,14807
5537,779
5538,7965
5539,4659
5540,14783
5541,10296
5542,16148
5543,11679
5544,15557
5545,6592
5546,13052
5547,10564
5548,7027
5549,5501
5550,10638
5551,15026
5552,4087
5553,10214
5554,13385
5555,8372
5556,5650
5557,18297
5558,13382
5559,1837
5560,8696
5561,10965
5562,15447
5563,6627
5564,8703
5565,3256
5566,5004
5567,9142
5568,9531
5569,15133
5570,7125
5571,6548
5572,2233
5573,16594
5574,9739
5575,10177
5576,7957
5577,1722
5578,2376
5579,9423
5580,1067
5581,12445
5582,743
5583,1215
5584,17479
5585,736
5586,16133
5587,6295
5588,6726
5589,3618
5590,13035
5591,5008
5592,12259
5593,16505
5594,9691
5595,7192
5596,15979
5597,8049
5598,1597
5599,6749
5600,2314
5601,4874
5602,14547
5603,4665
5604,18035
5605,3019
5606,2180
5607,263
5608,5098
5609,17664
5610,18410
5611,12569
5612,1639
5613,2440
5614,12559
5615,6953
5616,942
5617,1037
5618,7051
5619,7427
5620,13523
5621,951
5622,11328
5623,9464
5624,4192
5625,911
5626,4872
5627,2316
5628,18076
5629,17968
5630,3775
5631,1568
5632,16754
5633,5900
5634,9066
5635,16153
5636,6237
5637,18106
5638,16455
5639,11320
5640,7919
5641,13074
5642,3486
5643,16901
5644,15412
5645,16255
5646,17274
5647,11255
5648,9396
5649,10060
5650,5556
5651,137
5652,936
5653,5765
5654,7293
5655,1444
5656,17439
5657,13125
5658,12116
5659,10166
5660,11278
5661,12598
5662,4535
5663,1468
5664,11244
5665,14831
5666,5729
5667,12087
5668,4992
5669,16326
5670,2513
5671,8191
5672,13828
5673,11928
5674,17819
5675,1715
5676,3621
5677,12556
5678,11015
5679,11448
5680,10070
5681,6246
5682,7841
5683,6646
5684,2189
5685,3090
5686,10604
5687,1760
5688,5130
5689,1147
5690,852
5691,7197
5692,7471
5693,9516
5694,15827
5695,10707
5696,2275
5697,16304
5698,3180
5699,11631
5700,16179
5701,10547
5702,12585
5703,7337
5704,7856
5705,13580
5706,4009
5707,4538
5708,2929
5709,12124
5710,15731
5711,6962
5712,13473
5713,7792
5714,8010
5715,11492
5716,18017
5717,17901
5718,9339
5719,7613
5720,17347
5721,10755
5722,9442
5723,4477
5724,11358
5725,14257
5726,235
5727,6640
5728,3601
5729,5666
5730,6347
5731,13245
5732,17375
5733,9575
5734,7487
5735,8511
5736,13031
5737,6622
5738,16316
5739,15568
5740,7203
5741,12050
5742,4215
5743,6721
5744,9393
5745,9555
5746,11430
5747,4500
5748,15813
5749,14563
5750,12512
5751,7670
5752,15661
5753,13864
5754,5840
5755,5855
5756,11487
5757,4521
5758,16938
5759,877
5760,7370
5761,15083
5762,1366
5763,16290
5764,17496
5765,5653
5766,11141
5767,15160
5768,14237
5769,17107
5770,6303
5771,2156
5772,7393
5773,3723
5774,3451
5775,17884
5776,6022
5777,14636
5778,14525
5779,185
5780,4857
5781,3230
5782,14024
5783,11070
5784,4280
5785,2240
5786,17850
5787,10231
5788,16519
5789,9839
5790,9624
5791,4017
5792,8144
5793,6908
5794,684
5795,6244
5796,10072
5797,11870
5798,1987
5799,2829
5800,14311
5801,4134
5802,8346
5803,54
5804,2347
5805,8456
5806,7464
5807,9599
5808,14012
5809,14860
5810,14445
5811,5364
5812,14421
5813,16968
5814,9356
5815,12071
5816,4510
5817,10568
5818,8887
5819,3985
5820,1023
5821,19
5822,15669
5823,15125
5824,2225
5825,10294
5826,14785
5827,15548
5828,10042
5829,8554
5830,3108
5831,4922
5832,17292
5833,7164
5834,4534
5835,12772
5836,11279
5837,5258
5838,15304
5839,4568
5840,5754
5841,12579
5842,7235
5843,6423
5844,1473
5845,8067
5846,11966
5847,7336
5848,12731
5849,10548
5850,167
5851,2744
5852,1156
5853,7234
5854,12592
5855,5755
5856,6947
5857,10414
5858,2854
5859,5405
5860,3155
5861,4142
5862,14581
5863,1638
5864,12822
5865,18411
5866,14923
5867,8574
5868,17299
5869,424
5870,15051
5871,14634
5872,6024
5873,6952
5874,12819
5875,2441
5876,11014
5877,12756
5878,3622
5879,8406
5880,16248
5881,18223
5882,13936
5883,3080
5884,13217
5885,7558
5886,2759
5887,4656
5888,16827
5889,15425
5890,1981
5891,13849
5892,1461
5893,4376
5894,15684
5895,9734
5896,7200
5897,472
5898,11848
5899,1678
5900,5633
5901,9368
5902,2358
5903,7307
5904,8539
5905,14197
5906,7631
5907,699
5908,18355
5909,14125
5910,9990
5911,18196
5912,11795
5913,12510
5914,14565
5915,16370
5916,296
5917,10676
5918,7927
5919,3463
5920,7669
5921,12683
5922,14564
5923,12520
5924,11796
5925,12298
5926,13677
5927,12185
5928,10594
5929,5450
5930,258
5931,3773
5932,17970
5933,2355
5934,4265
5935,11594
5936,12269
5937,12180
5938,7534
5939,3920
5940,13291
5941,6376
5942,4464
5943,14252
5944,5306
5945,6319
5946,13817
5947,9559
5948,14302
5949,15948
5950,17358
5951,13062
5952,13673
5953,5106
5954,7328
5955,11261
5956,17650
5957,18269
5958,14476
5959,15615
5960,18133
5961,8077
5962,6032
5963,8776
5964,11346
5965,14904
5966,8648
5967,17151
5968,15959
5969,806
5970,3313
5971,17405
5972,15652
5973,17393
5974,5483
5975,17671
5976,219
5977,9804
5978,16586
5979,5463
5980,7777
5981,4928
5982,2271
5983,11692
5984,10347
5985,10142
5986,7412
5987,742
5988,12852
5989,1068
5990,17796
5991,10058
5992,9398
5993,203
5994,9850
5995,5390
5996,4805
5997,15055
5998,7348
5999,8075
6000,18135
6001,7759
6002,3842
6003,826
6004,4860
6005,6747
6006,1599
6007,10335
6008,8563
6009,227
6010,1052
6011,13410
6012,9379
6013,11275
6014,990
6015,9264
6016,6272
6017,9313
6018,8414
6019,12305
6020,8154
6021,548
6022,5776
6023,3798
6024,5872
6025,11482
6026,14331
6027,6860
6028,8926
6029,8151
6030,7040
6031,10355
6032,5962
6033,9658
6034,10915
6035,18152
6036,9415
6037,9102
6038,12019
6039,17908
6040,8127
6041,16114
6042,15611
6043,6973
6044,8451
6045,18000
6046,12247
6047,4987
6048,3508
6049,9861
6050,5341
6051,8624
6052,16237
6053,740
6054,7414
6055,4058
6056,16068
6057,6543
6058,11316
6059,216
6060,1530
6061,3023
6062,11418
6063,15940
6064,5201
6065,6893
6066,1255
6067,14222
6068,18272
6069,7259
6070,10911
6071,10976
6072,4587
6073,3187
6074,6552
6075,15863
6076,3237
6077,9764
6078,15191
6079,12320
6080,191
6081,97
6082,2070
6083,6712
6084,10795
6085,2796
6086,17485
6087,10181
6088,13852
6089,13214
6090,11874
6091,15092
6092,9510
6093,15680
6094,1709
6095,1370
6096,15382
6097,8178
6098,7161
6099,16671
6100,13305
6101,14321
6102,15385
6103,3419
6104,9902
6105,2968
6106,3366
6107,3127
6108,13867
6109,3304
6110,4474
6111,16774
6112,190
6113,12354
6114,15192
6115,9007
6116,4554
6117,17309
6118,16333
6119,9459
6120,1515
6121,16063
6122,16232
6123,864
6124,8461
6125,1589
6126,7038
6127,8153
6128,12414
6129,8415
6130,3858
6131,5069
6132,5480
6133,11385
6134,13676
6135,12508
6136,11797
6137,17595
6138,970
6139,3456
6140,14179
6141,1843
6142,13166
6143,13824
6144,18430
6145,9218
6146,14747
6147,11521
6148,1676
6149,11850
6150,14096
6151,8295
6152,1603
6153,2127
6154,15255
6155,16705
6156,4740
6157,17948
6158,2248
6159,419
6160,12158
6161,3318
6162,11825
6163,12179
6164,12497
6165,11595
6166,8224
6167,3524
6168,2077
6169,15693
6170,5506
6171,6682
6172,10438
6173,16504
6174,12841
6175,5009
6176,18239
6177,12226
6178,17338
6179,5140
6180,12059
6181,14914
6182,3915
6183,8422
6184,4647
6185,4986
6186,12387
6187,18001
6188,5347
6189,10317
6190,16953
6191,1185
6192,17144
6193,8459
6194,866
6195,4487
6196,4638
6197,1050
6198,229
6199,562
6200,17550
6201,16156
6202,2131
6203,4713
6204,13902
6205,10837
6206,17337
6207,12256
6208,18240
6209,18338
6210,14316
6211,10046
6212,17979
6213,16196
6214,4939
6215,16781
6216,2915
6217,2283
6218,6756
6219,7653
6220,18027
6221,16750
6222,16297
6223,16949
6224,16582
6225,13482
6226,8577
6227,7507
6228,17258
6229,1524
6230,2080
6231,2056
6232,16821
6233,2564
6234,7058
6235,881
6236,2279
6237,5636
6238,328
6239,14344
6240,8221
6241,10742
6242,4970
6243,17748
6244,5795
6245,8362
6246,5681
6247,10593
6248,12506
6249,13678
6250,13723
6251,10887
6252,7533
6253,12496
6254,12270
6255,11826
6256,11500
6257,11507
6258,15514
6259,4126
6260,11846
6261,474
6262,8616
6263,17035
6264,8472
6265,3819
6266,18130
6267,15077
6268,17489
6269,17398
6270,9681
6271,9168
6272,6016
6273,9121
6274,3317
6275,12273
6276,420
6277,1621
6278,11354
6279,13551
6280,4529
6281,7598
6282,17585
6283,1285
6284,44
6285,15157
6286,10149
6287,7623
6288,16038
6289,6923
6290,3965
6291,12945
6292,15770
6293,3761
6294,2299
6295,5587
6296,11708
6297,9297
6298,7917
6299,11322
6300,4105
6301,8589
6302,1325
6303,5770
6304,16278
6305,6616
6306,18395
6307,10463
6308,15730
6309,12724
6310,2930
6311,7705
6312,7146
6313,17668
6314,1521
6315,18325
6316,10165
6317,12775
6318,13126
6319,5945
6320,4617
6321,10399
6322,17188
6323,16404
6324,13953
6325,14726
6326,11973
6327,18063
6328,7594
6329,1098
6330,10987
6331,14121
6332,2652
6333,6546
6334,7127
6335,4286
6336,6700
6337,16679
6338,9391
6339,6723
6340,9138
6341,3093
6342,7740
6343,9433
6344,17756
6345,4991
6346,12766
6347,5730
6348,5189
6349,1411
6350,17716
6351,10376
6352,7101
6353,5153
6354,8352
6355,9479
6356,15356
6357,3207
6358,1064
6359,13882
6360,2849
6361,4509
6362,12618
6363,9357
6364,9706
6365,3759
6366,15772
6367,13604
6368,4258
6369,15452
6370,17834
6371,4039
6372,16139
6373,14913
6374,12253
6375,5141
6376,5941
6377,13970
6378,11754
6379,15003
6380,13010
6381,2051
6382,4214
6383,12692
6384,7204
6385,15497
6386,11670
6387,16534
6388,10616
6389,15545
6390,6903
6391,18159
6392,16746
6393,14356
6394,4356
6395,3064
6396,10718
6397,14226
6398,654
6399,4560
6400,6633
6401,15297
6402,930
6403,13801
6404,16611
6405,17938
6406,16531
6407,3579
6408,16359
6409,4527
6410,13553
6411,11728
6412,1538
6413,17907
6414,12395
6415,9103
6416,8685
6417,4935
6418,2335
6419,4049
6420,3856
6421,8417
6422,11197
6423,5843
6424,16961
6425,16003
6426,11976
6427,18020
6428,14989
6429,16512
6430,3678
6431,5337
6432,6600
6433,149
6434,11921
6435,5179
6436,14936
6437,14759
6438,272
6439,1689
6440,16438
6441,6814
6442,7431
6443,15738
6444,5249
6445,13508
6446,16274
6447,9115
6448,16875
6449,13734
6450,11297
6451,13404
6452,14339
6453,9535
6454,9405
6455,17899
6456,18019
6457,12007
6458,16004
6459,18062
6460,12107
6461,14727
6462,2205
6463,13362
6464,12955
6465,4043
6466,7335
6467,12587
6468,8068
6469,8081
6470,4396
6471,15969
6472,10501
6473,5328
6474,3038
6475,6485
6476,4335
6477,10140
6478,10349
6479,13531
6480,4503
6481,9107
6482,15376
6483,381
6484,15394
6485,6475
6486,14099
6487,520
6488,1770
6489,10607
6490,16851
6491,514
6492,2757
6493,7560
6494,4516
6495,18030
6496,13436
6497,1237
6498,7401
6499,641
6500,16740
6501,14109
6502,4896
6503,10981
6504,17818
6505,12760
6506,13829
6507,14045
6508,3396
6509,15417
6510,14081
6511,5178
6512,11999
6513,150
6514,6715
6515,1409
6516,5191
6517,11195
6518,8419
6519,82
6520,2666
6521,9608
6522,1269
6523,3586
6524,13141
6525,14769
6526,11092
6527,15880
6528,14093
6529,2380
6530,15167
6531,11902
6532,15168
6533,9754
6534,10407
6535,10459
6536,18182
6537,11282
6538,10192
6539,4437
6540,8013
6541,2308
6542,2364
6543,6057
6544,7118
6545,15780
6546,6333
6547,11307
6548,5571
6549,16201
6550,5074
6551,15245
6552,6074
6553,2571
6554,9239
6555,16473
6556,1403
6557,14666
6558,15091
6559,12343
6560,13215
6561,3082
6562,1986
6563,12636
6564,10073
6565,7084
6566,18127
6567,8039
6568,13154
6569,9448
6570,11259
6571,7330
6572,7514
6573,18304
6574,18290
6575,15708
6576,5110
6577,13136
6578,7070
6579,3124
6580,9421
6581,2378
6582,14095
6583,12284
6584,1677
6585,12535
6586,473
6587,12173
6588,4127
6589,11151
6590,5239
6591,2875
6592,5545
6593,5382
6594,16602
6595,7485
6596,9577
6597,5253
6598,3562
6599,13095
6600,6432
6601,18285
6602,4766
6603,10248
6604,9945
6605,1934
6606,11499
6607,12178
6608,12271
6609,3319
6610,6980
6611,9335
6612,1235
6613,13438
6614,1112
6615,2154
6616,6305
6617,39
6618,7835
6619,8867
6620,16715
6621,5401
6622,5737
6623,2118
6624,8813
6625,4947
6626,2985
6627,5563
6628,9731
6629,17254
6630,9906
6631,13749
6632,13872
6633,6400
6634,3137
6635,17594
6636,12297
6637,12509
6638,12521
6639,18197
6640,5727
6641,14833
6642,3494
6643,13566
6644,2361
6645,10591
6646,5683
6647,16245
6648,9247
6649,8486
6650,16501
6651,2292
6652,3522
6653,8226
6654,17782
6655,1504
6656,4251
6657,803
6658,2500
6659,16105
6660,8865
6661,7837
6662,12985
6663,14654
6664,8915
6665,2608
6666,13121
6667,16893
6668,528
6669,11465
6670,4430
6671,105
6672,13391
6673,10309
6674,18375
6675,14230
6676,8656
6677,16622
6678,15002
6679,12055
6680,13971
6681,12926
6682,6171
6683,7996
6684,15154
6685,2807
6686,16550
6687,14957
6688,10228
6689,15421
6690,11553
6691,11116
6692,16436
6693,1691
6694,4326
6695,18221
6696,16250
6697,567
6698,9899
6699,14146
6700,6336
6701,1755
6702,12902
6703,11
6704,1537
6705,12022
6706,13554
6707,17614
6708,1646
6709,1926
6710,8744
6711,16362
6712,6083
6713,7639
6714,18282
6715,6514
6716,17025
6717,17006
6718,12992
6719,13226
6720,14217
6721,5743
6722,9041
6723,6339
6724,9296
6725,12137
6726,5588
6727,14816
6728,4074
6729,17855
6730,7732
6731,17061
6732,3053
6733,9133
6734,16870
6735,13159
6736,4507
6737,2851
6738,2722
6739,14765
6740,10346
6741,12450
6742,2272
6743,5183
6744,8197
6745,8480
6746,13572
6747,6005
6748,16835
6749,5599
6750,16120
6751,2927
6752,4540
6753,15556
6754,12890
6755,16149
6756,6218
6757,10781
6758,2403
6759,15804
6760,499
6761,3577
6762,16533
6763,12047
6764,15498
6765,16166
6766,9429
6767,14851
6768,3527
6769,9787
6770,14112
6771,15972
6772,16808
6773,16879
6774,16618
6775,14156
6776,9377
6777,13412
6778,10734
6779,10659
6780,4630
6781,1824
6782,11081
6783,13286
6784,3823
6785,8104
6786,13492
6787,1654
6788,6873
6789,1382
6790,11410
6791,9207
6792,3254
6793,8705
6794,10725
6795,7224
6796,18235
6797,4773
6798,9287
6799,13149
6800,10580
6801,16178
6802,12734
6803,3181
6804,17455
6805,13755
6806,9184
6807,9949
6808,9073
6809,2006
6810,16790
6811,15751
6812,2043
6813,1994
6814,6441
6815,11003
6816,14536
6817,11427
6818,14429
6819,4417
6820,873
6821,14701
6822,2575
6823,14205
6824,8317
6825,8043
6826,1974
6827,18406
6828,710
6829,14260
6830,4839
6831,16366
6832,688
6833,2061
6834,18139
6835,7802
6836,10740
6837,8223
6838,12268
6839,12498
6840,4266
6841,13397
6842,11361
6843,15311
6844,9941
6845,18091
6846,17461
6847,14979
6848,3615
6849,14361
6850,1219
6851,7208
6852,10037
6853,13621
6854,1342
6855,4297
6856,13978
6857,957
6858,15721
6859,4101
6860,6027
6861,9508
6862,15094
6863,17313
6864,17528
6865,16293
6866,14806
6867,12898
6868,1350
6869,11421
6870,14953
6871,16818
6872,16778
6873,6788
6874,17052
6875,9124
6876,2217
6877,1954
6878,67
6879,11115
6880,11743
6881,15422
6882,16309
6883,9491
6884,7227
6885,7491
6886,17472
6887,7355
6888,15219
6889,5520
6890,18227
6891,17355
6892,13231
6893,6065
6894,17179
6895,663
6896,16463
6897,2098
6898,8976
6899,10853
6900,16571
6901,3646
6902,2887
6903,6390
6904,275
6905,9685
6906,1807
6907,10288
6908,5793
6909,17750
6910,8731
6911,1675
6912,12286
6913,14748
6914,11344
6915,8778
6916,3814
6917,9964
6918,7783
6919,6956
6920,8159
6921,3473
6922,2394
6923,6289
6924,14469
6925,15513
6926,12176
6927,11501
6928,14599
6929,1386
6930,8759
6931,14598
6932,11506
6933,12177
6934,11827
6935,1935
6936,13264
6937,1310
6938,9801
6939,16183
6940,18016
6941,12718
6942,8011
6943,4439
6944,14353
6945,4520
6946,12677
6947,5856
6948,8020
6949,7109
6950,14330
6951,12408
6952,5873
6953,5615
6954,17492
6955,10649
6956,6919
6957,10275
6958,17625
6959,15122
6960,14998
6961,2701
6962,5711
6963,4961
6964,3883
6965,5473
6966,13191
6967,4429
6968,11764
6969,529
6970,2679
6971,2594
6972,2821
6973,6043
6974,9983
6975,15600
6976,4056
6977,7416
6978,6987
6979,15113
6980,6610
6981,9099
6982,17010
6983,2088
6984,10069
6985,12754
6986,11016
6987,6978
6988,3321
6989,13712
6990,2434
6991,3839
6992,7379
6993,543
6994,15215
6995,5410
6996,2590
6997,4547
6998,5355
6999,266
7000,12911
7001,208
7002,4499
7003,12687
7004,9556
7005,14428
7006,11616
7007,14537
7008,4795
7009,2480
7010,7765
7011,14952
7012,11564
7013,1351
7014,15939
7015,12371
7016,3024
7017,7752
7018,13503
7019,16164
7020,15500
7021,7212
7022,9206
7023,11643
7024,1383
7025,14505
7026,7868
7027,5548
7028,12933
7029,2924
7030,18100
7031,3943
7032,17990
7033,1127
7034,15705
7035,3401
7036,1957
7037,16843
7038,6126
7039,10281
7040,6030
7041,8079
7042,8070
7043,3863
7044,3326
7045,1303
7046,5104
7047,13675
7048,12300
7049,5481
7050,17395
7051,5618
7052,11007
7053,18007
7054,3384
7055,8643
7056,13540
7057,15868
7058,6234
7059,17553
7060,14890
7061,13131
7062,154
7063,16888
7064,17658
7065,8122
7066,60
7067,15110
7068,4723
7069,5296
7070,6578
7071,15310
7072,11591
7073,13398
7074,14256
7075,12709
7076,4478
7077,3709
7078,13550
7079,12155
7080,1622
7081,7406
7082,10799
7083,8359
7084,6565
7085,307
7086,14903
7087,12469
7088,8777
7089,11519
7090,14749
7091,5121
7092,8325
7093,7960
7094,647
7095,10270
7096,2221
7097,15937
7098,1353
7099,3173
7100,8056
7101,6352
7102,13281
7103,1801
7104,9463
7105,12811
7106,952
7107,17699
7108,10412
7109,6949
7110,4104
7111,12134
7112,7918
7113,12794
7114,16456
7115,13350
7116,215
7117,12375
7118,6544
7119,2654
7120,1820
7121,497
7122,15806
7123,17711
7124,3299
7125,5570
7126,11886
7127,6334
7128,14148
7129,17965
7130,13658
7131,9148
7132,8330
7133,15655
7134,8338
7135,13403
7136,11983
7137,13735
7138,17759
7139,3589
7140,14465
7141,9796
7142,7606
7143,1089
7144,7222
7145,10727
7146,6312
7147,766
7148,16223
7149,16690
7150,10191
7151,11896
7152,18183
7153,5257
7154,12597
7155,12773
7156,10167
7157,989
7158,12420
7159,9380
7160,10254
7161,6098
7162,1763
7163,1140
7164,5833
7165,13900
7166,4715
7167,15483
7168,5264
7169,10056
7170,17798
7171,17649
7172,12478
7173,7329
7174,11863
7175,9449
7176,9553
7177,9395
7178,12786
7179,17275
7180,11201
7181,15997
7182,14596
7183,8761
7184,1968
7185,16337
7186,8606
7187,13701
7188,14830
7189,12769
7190,1469
7191,8741
7192,5595
7193,2455
7194,10636
7195,5503
7196,17580
7197,5691
7198,10963
7199,8698
7200,5896
7201,17962
7202,2864
7203,5740
7204,6384
7205,2937
7206,14839
7207,17213
7208,6851
7209,8397
7210,7703
7211,2932
7212,7021
7213,9228
7214,14010
7215,9601
7216,3635
7217,15884
7218,7720
7219,9085
7220,1131
7221,17343
7222,7144
7223,7707
7224,6795
7225,199
7226,8941
7227,6884
7228,10943
7229,1943
7230,3424
7231,15996
7232,11253
7233,17276
7234,5853
7235,5842
7236,12011
7237,8418
7238,11916
7239,5192
7240,17575
7241,1227
7242,2838
7243,14837
7244,2939
7245,4371
7246,5014
7247,964
7248,15989
7249,3087
7250,389
7251,15929
7252,15665
7253,2699
7254,15000
7255,16624
7256,8147
7257,15070
7258,160
7259,6069
7260,7523
7261,1150
7262,7592
7263,18065
7264,4220
7265,477
7266,9526
7267,8609
7268,13632
7269,8845
7270,3608
7271,2994
7272,1275
7273,8683
7274,9105
7275,4505
7276,13161
7277,17245
7278,2672
7279,17572
7280,1780
7281,5238
7282,11844
7283,4128
7284,18309
7285,4347
7286,7314
7287,10136
7288,16832
7289,8100
7290,10147
7291,15159
7292,12667
7293,5654
7294,16990
7295,1650
7296,15520
7297,4451
7298,14364
7299,13862
7300,15663
7301,15931
7302,2330
7303,16805
7304,13585
7305,4865
7306,16074
7307,5903
7308,9895
7309,1493
7310,17558
7311,3734
7312,14397
7313,14085
7314,7286
7315,8298
7316,16435
7317,11742
7318,11554
7319,68
7320,1871
7321,15608
7322,360
7323,14247
7324,7568
7325,2524
7326,14762
7327,13326
7328,5954
7329,7173
7330,6571
7331,10920
7332,16017
7333,13114
7334,14389
7335,6466
7336,5847
7337,5703
7338,10578
7339,13151
7340,15879
7341,11907
7342,14770
7343,15137
7344,10479
7345,1438
7346,9352
7347,3377
7348,5998
7349,10359
7350,16685
7351,13285
7352,11651
7353,1825
7354,960
7355,6887
7356,3215
7357,5234
7358,15765
7359,8827
7360,9775
7361,1813
7362,4279
7363,12650
7364,14025
7365,8542
7366,2560
7367,16649
7368,14888
7369,17555
7370,5760
7371,3351
7372,15360
7373,18428
7374,13826
7375,8193
7376,1317
7377,10672
7378,14593
7379,6992
7380,17891
7381,14652
7382,12987
7383,16176
7384,10582
7385,14684
7386,16993
7387,9083
7388,7722
7389,3500
7390,9436
7391,9113
7392,16276
7393,5772
7394,14711
7395,7610
7396,7923
7397,7745
7398,446
7399,4001
7400,17195
7401,6498
7402,17793
7403,13732
7404,16877
7405,16810
7406,7081
7407,7635
7408,13454
7409,4737
7410,1102
7411,8290
7412,5986
7413,17692
7414,6054
7415,14376
7416,6977
7417,11447
7418,12755
7419,12557
7420,2442
7421,15348
7422,4155
7423,7847
7424,2540
7425,18006
7426,11381
7427,5619
7428,4911
7429,14535
7430,11618
7431,6442
7432,2696
7433,3514
7434,667
7435,7755
7436,10508
7437,10690
7438,7908
7439,2017
7440,14625
7441,2175
7442,13021
7443,15845
7444,14736
7445,14120
7446,12103
7447,1099
7448,16708
7449,10554
7450,18193
7451,17817
7452,11930
7453,4897
7454,4152
7455,16450
7456,4586
7457,12362
7458,10912
7459,1332
7460,5394
7461,42
7462,1287
7463,9976
7464,5806
7465,8835
7466,437
7467,15446
7468,12872
7469,8697
7470,11235
7471,5692
7472,8918
7473,15367
7474,7717
7475,2535
7476,14022
7477,3232
7478,3764
7479,16412
7480,4591
7481,4822
7482,16095
7483,7991
7484,1830
7485,6595
7486,8857
7487,5734
7488,9923
7489,1942
7490,11205
7491,6885
7492,962
7493,5016
7494,824
7495,3844
7496,8496
7497,18165
7498,5524
7499,13920
7500,14508
7501,13356
7502,10848
7503,13065
7504,13557
7505,3888
7506,9855
7507,6227
7508,1176
7509,17510
7510,10537
7511,8133
7512,16016
7513,11102
7514,6572
7515,130
7516,4363
7517,18151
7518,12399
7519,9659
7520,1331
7521,10975
7522,12363
7523,7260
7524,17284
7525,17583
7526,7600
7527,8821
7528,3739
7529,9252
7530,1011
7531,9345
7532,7545
7533,6252
7534,5938
7535,14514
7536,702
7537,3331
7538,604
7539,1890
7540,1083
7541,3691
7542,15703
7543,1129
7544,9087
7545,7532
7546,12182
7547,13724
7548,232
7549,713
7550,2815
7551,3359
7552,8433
7553,2604
7554,7728
7555,14134
7556,4457
7557,5215
7558,5885
7559,15675
7560,6493
7561,13918
7562,5526
7563,13985
7564,8946
7565,9303
7566,17802
7567,4185
7568,7324
7569,15910
7570,16541
7571,17352
7572,8586
7573,572
7574,10263
7575,1224
7576,10489
7577,13368
7578,18343
7579,16570
7580,11534
7581,8977
7582,14531
7583,13671
7584,13064
7585,10931
7586,13357
7587,3190
7588,10006
7589,17408
7590,18416
7591,17282
7592,7262
7593,369
7594,6328
7595,17336
7596,12228
7597,13903
7598,6281
7599,849
7600,7526
7601,9613
7602,9716
7603,17679
7604,10111
7605,8636
7606,7142
7607,17345
7608,7615
7609,3721
7610,7395
7611,10511
7612,9093
7613,5719
7614,1087
7615,7608
7616,14713
7617,15817
7618,1009
7619,9254
7620,8619
7621,1577
7622,8283
7623,6287
7624,2396
7625,10644
7626,4827
7627,14177
7628,3458
7629,2868
7630,4235
7631,5906
7632,17735
7633,8358
7634,11351
7635,7407
7636,4980
7637,2795
7638,12349
7639,6713
7640,152
7641,13133
7642,5198
7643,9237
7644,2573
7645,14703
7646,3392
7647,9883
7648,5165
7649,16575
7650,1212
7651,2402
7652,11676
7653,6219
7654,407
7655,14142
7656,16986
7657,17121
7658,8634
7659,10113
7660,2558
7661,8544
7662,9842
7663,17110
7664,16468
7665,4384
7666,9909
7667,17517
7668,14969
7669,5920
7670,5751
7671,2773
7672,4380
7673,3935
7674,14842
7675,3970
7676,7999
7677,9441
7678,12712
7679,17348
7680,14744
7681,2635
7682,14553
7683,595
7684,3001
7685,8714
7686,8804
7687,8400
7688,12964
7689,537
7690,4969
7691,12192
7692,8222
7693,11597
7694,7803
7695,3792
7696,10153
7697,12968
7698,10658
7699,11655
7700,13413
7701,9627
7702,10035
7703,7210
7704,15502
7705,6311
7706,11288
7707,7223
7708,11639
7709,8706
7710,16408
7711,13762
7712,3210
7713,14473
7714,14225
7715,12037
7716,3065
7717,7474
7718,15899
7719,2548
7720,7218
7721,9349
7722,7388
7723,14934
7724,5181
7725,2274
7726,12738
7727,15828
7728,7554
7729,4300
7730,31
7731,577
7732,6730
7733,1373
7734,17401
7735,591
7736,15476
7737,5158
7738,15472
7739,15339
7740,6342
7741,9001
7742,7907
7743,10996
7744,10509
7745,7397
7746,17988
7747,3945
7748,4023
7749,13528
7750,14040
7751,15408
7752,7017
7753,4931
7754,17765
7755,7435
7756,7926
7757,12516
7758,297
7759,6001
7760,14592
7761,11056
7762,1318
7763,17875
7764,15952
7765,7010
7766,3482
7767,10485
7768,15697
7769,16803
7770,2332
7771,17636
7772,15632
7773,4629
7774,11654
7775,10735
7776,12969
7777,5980
7778,13506
7779,5251
7780,9579
7781,1573
7782,8468
7783,6918
7784,11478
7785,17493
7786,17531
7787,17943
7788,4826
7789,10808
7790,2397
7791,4959
7792,5713
7793,10424
7794,15025
7795,12883
7796,5502
7797,11239
7798,2456
7799,8381
7800,13950
7801,293
7802,6835
7803,7694
7804,14642
7805,4636
7806,4489
7807,7912
7808,602
7809,3333
7810,17378
7811,9987
7812,8662
7813,5063
7814,92
7815,9713
7816,15544
7817,12045
7818,16535
7819,3159
7820,9200
7821,15461
7822,8929
7823,16343
7824,8366
7825,16850
7826,11944
7827,1771
7828,1759
7829,12747
7830,3091
7831,9140
7832,5006
7833,13037
7834,18393
7835,6618
7836,9567
7837,6661
7838,5449
7839,12505
7840,12186
7841,5682
7842,11788
7843,2362
7844,2310
7845,336
7846,14277
7847,7423
7848,15894
7849,3262
7850,14683
7851,11049
7852,16177
7853,11633
7854,13150
7855,11095
7856,5704
7857,4854
7858,692
7859,4576
7860,16517
7861,10233
7862,626
7863,13789
7864,8886
7865,12616
7866,4511
7867,3927
7868,7026
7869,12886
7870,13053
7871,10494
7872,1796
7873,14413
7874,611
7875,3284
7876,14349
7877,4493
7878,18192
7879,10984
7880,16709
7881,16059
7882,7963
7883,781
7884,166
7885,12584
7886,12732
7887,16180
7888,222
7889,3638
7890,13090
7891,9811
7892,16422
7893,2688
7894,899
7895,8132
7896,10923
7897,17511
7898,8507
7899,3071
7900,7
7901,2305
7902,13518
7903,14244
7904,17162
7905,14849
7906,9431
7907,7742
7908,7438
7909,16417
7910,17135
7911,13943
7912,7807
7913,17832
7914,15454
7915,16868
7916,9135
7917,6298
7918,7112
7919,5640
7920,5360
7921,9092
7922,10822
7923,7396
7924,10689
7925,10997
7926,7756
7927,5918
7928,14971
7929,4789
7930,3145
7931,5327
7932,11961
7933,15970
7934,14114
7935,15211
7936,14863
7937,17086
7938,1795
7939,10562
7940,13054
7941,17985
7942,14434
7943,13367
7944,10857
7945,1225
7946,17577
7947,15696
7948,10666
7949,3483
7950,13339
7951,16219
7952,17726
7953,1437
7954,11089
7955,15138
7956,8255
7957,5576
7958,16712
7959,10107
7960,7093
7961,17787
7962,2373
7963,7882
7964,17653
7965,5538
7966,13775
7967,1608
7968,13989
7969,15729
7970,12126
7971,18396
7972,17922
7973,18181
7974,11898
7975,10408
7976,15528
7977,9592
7978,16647
7979,2562
7980,16823
7981,4446
7982,9489
7983,16311
7984,9639
7985,15866
7986,13542
7987,9700
7988,16760
7989,4047
7990,2337
7991,7483
7992,16604
7993,2290
7994,16503
7995,12261
7996,6683
7997,3280
7998,14462
7999,7676
8000,8993
8001,2942
8002,12916
8003,5438
8004,9836
8005,2229
8006,2208
8007,1745
8008,15024
8009,10640
8010,5714
8011,6942
8012,13995
8013,6540
8014,16126
8015,4917
8016,2426
8017,2720
8018,2853
8019,12576
8020,6948
8021,11325
8022,17700
8023,278
8024,15527
8025,10458
8026,11899
8027,9755
8028,411
8029,3446
8030,2509
8031,15401
8032,4404
8033,17187
8034,12112
8035,4618
8036,5145
8037,14612
8038,305
8039,6567
8040,5280
8041,2556
8042,10115
8043,6825
8044,16460
8045,889
8046,3874
8047,8787
8048,2453
8049,5597
8050,16837
8051,15175
8052,13431
8053,705
8054,16998
8055,15259
8056,7100
8057,12082
8058,17717
8059,9746
8060,13500
8061,670
8062,4726
8063,16028
8064,2631
8065,4098
8066,16959
8067,5845
8068,6468
8069,10353
8070,7042
8071,14571
8072,14777
8073,16684
8074,11084
8075,5999
8076,299
8077,5961
8078,12402
8079,7041
8080,10364
8081,6469
8082,14038
8083,13530
8084,11955
8085,10141
8086,12449
8087,11693
8088,14766
8089,13602
8090,15774
8091,17262
8092,836
8093,17465
8094,13211
8095,3468
8096,17265
8097,8562
8098,12426
8099,1600
8100,7289
8101,8287
8102,2423
8103,14609
8104,6785
8105,4942
8106,4241
8107,13615
8108,4681
8109,10186
8110,1416
8111,16899
8112,3488
8113,4460
8114,5509
8115,16952
8116,12244
8117,5348
8118,1183
8119,16955
8120,18122
8121,774
8122,7065
8123,18374
8124,11760
8125,13392
8126,524
8127,6040
8128,2320
8129,3551
8130,17941
8131,17533
8132,7895
8133,7511
8134,2418
8135,10090
8136,16147
8137,12892
8138,14784
8139,12608
8140,2226
8141,16522
8142,609
8143,14415
8144,5792
8145,11526
8146,1808
8147,7256
8148,3364
8149,2970
8150,9506
8151,6029
8152,11394
8153,6127
8154,6020
8155,17886
8156,17590
8157,17624
8158,11476
8159,6920
8160,14961
8161,16023
8162,2220
8163,11338
8164,648
8165,15821
8166,2246
8167,17950
8168,14495
8169,1223
8170,10859
8171,573
8172,1703
8173,15589
8174,2776
8175,10097
8176,4110
8177,3050
8178,6097
8179,11273
8180,9381
8181,13422
8182,196
8183,13662
8184,9944
8185,11830
8186,4767
8187,376
8188,15207
8189,4162
8190,15919
8191,5671
8192,4606
8193,7375
8194,17117
8195,4809
8196,13249
8197,6744
8198,9954
8199,625
8200,10572
8201,16518
8202,12646
8203,17851
8204,15420
8205,11745
8206,14958
8207,16041
8208,3555
8209,2598
8210,3150
8211,15784
8212,14139
8213,15145
8214,18148
8215,17071
8216,13477
8217,1835
8218,13384
8219,12880
8220,4088
8221,6240
8222,7692
8223,6837
8224,6166
8225,14910
8226,6653
8227,652
8228,14228
8229,18377
8230,16088
8231,17105
8232,14239
8233,17524
8234,15328
8235,18048
8236,18386
8237,15629
8238,4361
8239,132
8240,4436
8241,11895
8242,11283
8243,16691
8244,15533
8245,3975
8246,1415
8247,10324
8248,4682
8249,4563
8250,1459
8251,13851
8252,12346
8253,17486
8254,3294
8255,7956
8256,12858
8257,9740
8258,9279
8259,16402
8260,17190
8261,16282
8262,15459
8263,9202
8264,4780
8265,988
8266,11277
8267,12774
8268,12117
8269,18326
8270,5044
8271,2164
8272,1210
8273,16577
8274,9769
8275,13372
8276,9192
8277,1962
8278,9025
8279,12967
8280,10737
8281,3793
8282,16855
8283,7622
8284,12147
8285,15158
8286,11143
8287,8101
8288,16011
8289,17330
8290,7411
8291,12448
8292,10348
8293,11956
8294,4336
8295,6151
8296,16831
8297,11146
8298,7315
8299,1999
8300,895
8301,13188
8302,15984
8303,13005
8304,3727
8305,9262
8306,992
8307,5310
8308,1542
8309,13548
8310,3711
8311,13354
8312,14510
8313,4621
8314,9385
8315,17564
8316,4227
8317,6824
8318,10391
8319,2557
8320,10774
8321,8635
8322,10829
8323,17680
8324,13311
8325,7092
8326,10474
8327,16713
8328,8869
8329,9284
8330,7132
8331,2779
8332,1042
8333,17515
8334,9911
8335,4109
8336,10258
8337,2777
8338,7134
8339,5031
8340,18086
8341,15717
8342,16146
8343,10298
8344,2419
8345,14298
8346,5802
8347,18380
8348,9572
8349,3336
8350,117
8351,13279
8352,6354
8353,8955
8354,14896
8355,4750
8356,15916
8357,697
8358,7633
8359,7083
8360,11869
8361,12637
8362,6245
8363,12753
8364,11449
8365,2089
8366,7824
8367,1584
8368,315
8369,18259
8370,13000
8371,5047
8372,5555
8373,12784
8374,9397
8375,12442
8376,17797
8377,11264
8378,5265
8379,4611
8380,15976
8381,7799
8382,4484
8383,14209
8384,2812
8385,8690
8386,17978
8387,12222
8388,14317
8389,13744
8390,8553
8391,12605
8392,15549
8393,3850
8394,16797
8395,13620
8396,11581
8397,7209
8398,10731
8399,9628
8400,7687
8401,5470
8402,13771
8403,9698
8404,13544
8405,14810
8406,5879
8407,2186
8408,9188
8409,13742
8410,14319
8411,13307
8412,9543
8413,9119
8414,6018
8415,6129
8416,14576
8417,6421
8418,7237
8419,6518
8420,18352
8421,14517
8422,6183
8423,13787
8424,628
8425,15650
8426,17407
8427,10845
8428,3191
8429,4026
8430,2871
8431,18081
8432,15073
8433,7552
8434,15830
8435,13468
8436,8939
8437,201
8438,9400
8439,3248
8440,3632
8441,17815
8442,18195
8443,12523
8444,14126
8445,8661
8446,10622
8447,17379
8448,5025
8449,15599
8450,11459
8451,6044
8452,434
8453,18095
8454,4158
8455,16085
8456,5805
8457,10970
8458,1288
8459,6193
8460,17568
8461,6124
8462,16845
8463,2324
8464,8500
8465,17133
8466,16419
8467,16859
8468,7782
8469,11516
8470,3815
8471,1397
8472,6264
8473,14615
8474,4270
8475,3704
8476,16230
8477,16065
8478,624
8479,10235
8480,6745
8481,4862
8482,4053
8483,9072
8484,11626
8485,9185
8486,6649
8487,1933
8488,11829
8489,10249
8490,13663
8491,18090
8492,11589
8493,15312
8494,16443
8495,14588
8496,7496
8497,269
8498,2527
8499,16108
8500,8464
8501,1301
8502,3328
8503,13434
8504,18032
8505,13964
8506,921
8507,7898
8508,15363
8509,1941
8510,10945
8511,5735
8512,5403
8513,2856
8514,2414
8515,5321
8516,3184
8517,1199
8518,1491
8519,9897
8520,569
8521,4108
8522,10099
8523,17516
8524,10767
8525,4385
8526,13748
8527,11803
8528,17255
8529,925
8530,2967
8531,12329
8532,3420
8533,14145
8534,11735
8535,568
8536,9914
8537,1492
8538,11125
8539,5904
8540,4237
8541,4407
8542,7365
8543,15874
8544,7661
8545,8592
8546,8811
8547,2120
8548,8796
8549,5164
8550,10786
8551,3393
8552,4688
8553,8390
8554,5829
8555,15326
8556,17526
8557,17315
8558,3681
8559,8817
8560,2892
8561,1167
8562,8097
8563,6008
8564,18207
8565,4343
8566,1431
8567,4030
8568,8982
8569,8882
8570,14869
8571,5340
8572,12384
8573,3509
8574,5867
8575,1135
8576,4950
8577,6226
8578,10927
8579,3889
8580,17709
8581,15808
8582,5389
8583,12439
8584,204
8585,1080
8586,7572
8587,17862
8588,14327
8589,6301
8590,17109
8591,10771
8592,8545
8593,9623
8594,12644
8595,16520
8596,2228
8597,10429
8598,5439
8599,5209
8600,13081
8601,17280
8602,18418
8603,3951
8604,2543
8605,2095
8606,7186
8607,4733
8608,8906
8609,7267
8610,4802
8611,14719
8612,4330
8613,2810
8614,14211
8615,17958
8616,6262
8617,1399
8618,9178
8619,7620
8620,16857
8621,16421
8622,10542
8623,13091
8624,6051
8625,2197
8626,5494
8627,13258
8628,16585
8629,12456
8630,220
8631,16182
8632,11495
8633,1311
8634,7658
8635,8321
8636,7605
8637,11292
8638,14466
8639,5490
8640,17202
8641,15182
8642,15048
8643,7055
8644,4894
8645,14111
8646,11664
8647,3528
8648,5966
8649,1283
8650,17587
8651,3993
8652,3347
8653,4367
8654,9323
8655,4202
8656,6676
8657,1812
8658,11073
8659,8828
8660,4306
8661,8445
8662,7812
8663,13371
8664,10159
8665,16578
8666,9476
8667,3539
8668,15190
8669,12356
8670,3238
8671,16169
8672,4147
8673,3205
8674,15358
8675,3353
8676,15142
8677,410
8678,10406
8679,11900
8680,15169
8681,3752
8682,17157
8683,7273
8684,9329
8685,6416
8686,13499
8687,10374
8688,17718
8689,15620
8690,8385
8691,456
8692,9278
8693,10176
8694,12859
8695,16595
8696,5560
8697,7469
8698,7199
8699,12538
8700,15685
8701,17253
8702,11805
8703,5564
8704,15178
8705,6793
8706,7709
8707,2026
8708,18143
8709,4976
8710,2038
8711,3373
8712,3197
8713,15431
8714,7685
8715,9630
8716,17678
8717,10831
8718,9614
8719,15543
8720,10618
8721,93
8722,4119
8723,9562
8724,9151
8725,5288
8726,3758
8727,12069
8728,9358
8729,16429
8730,682
8731,6910
8732,16759
8733,10446
8734,13543
8735,10030
8736,13772
8737,3652
8738,4719
8739,16001
8740,16963
8741,7191
8742,12839
8743,16506
8744,6710
8745,2072
8746,13908
8747,1806
8748,11528
8749,276
8750,17702
8751,9167
8752,12163
8753,17399
8754,1375
8755,15018
8756,1421
8757,16347
8758,17046
8759,6930
8760,3836
8761,7183
8762,16466
8763,17112
8764,13728
8765,1878
8766,982
8767,2645
8768,13049
8769,1833
8770,13479
8771,13261
8772,2343
8773,1330
8774,10914
8775,12400
8776,5963
8777,7088
8778,6915
8779,14620
8780,4793
8781,14539
8782,16630
8783,8972
8784,16920
8785,14033
8786,14558
8787,8047
8788,15981
8789,5476
8790,14392
8791,2296
8792,3235
8793,15865
8794,10449
8795,16312
8796,8548
8797,13270
8798,16495
8799,16093
8800,4824
8801,17945
8802,17677
8803,9718
8804,7686
8805,10034
8806,10732
8807,13414
8808,4016
8809,12643
8810,9840
8811,8546
8812,16314
8813,6624
8814,13487
8815,5119
8816,14751
8817,8559
8818,15542
8819,9715
8820,10832
8821,7527
8822,14695
8823,15435
8824,1268
8825,11912
8826,2667
8827,7359
8828,8659
8829,14128
8830,17813
8831,3634
8832,11218
8833,14011
8834,12626
8835,7465
8836,17997
8837,340
8838,974
8839,17432
8840,16646
8841,10456
8842,15529
8843,14929
8844,4800
8845,7269
8846,14826
8847,14043
8848,13831
8849,16527
8850,16044
8851,17500
8852,18256
8853,1572
8854,10653
8855,5252
8856,11837
8857,7486
8858,12700
8859,17376
8860,3335
8861,10085
8862,18381
8863,15904
8864,2327
8865,6660
8866,10597
8867,6619
8868,1719
8869,8328
8870,9150
8871,9710
8872,4120
8873,14301
8874,12486
8875,13818
8876,14427
8877,11429
8878,12688
8879,9394
8880,11257
8881,9450
8882,8569
8883,3565
8884,1774
8885,4643
8886,7864
8887,5818
8888,14449
8889,9118
8890,10021
8891,13308
8892,13207
8893,4245
8894,13689
8895,172
8896,5435
8897,9404
8898,11980
8899,14340
8900,1456
8901,15132
8902,12865
8903,9143
8904,2035
8905,13699
8906,8608
8907,11167
8908,478
8909,13008
8910,15005
8911,2685
8912,2149
8913,2976
8914,3778
8915,6664
8916,15826
8917,12740
8918,7472
8919,3067
8920,13273
8921,2963
8922,15679
8923,12341
8924,15093
8925,11572
8926,6028
8927,10283
8928,2971
8929,7822
8930,2091
8931,17174
8932,1393
8933,5039
8934,17911
8935,16665
8936,460
8937,15795
8938,4964
8939,8436
8940,18233
8941,7226
8942,11550
8943,16310
8944,10451
8945,4447
8946,7564
8947,9131
8948,3055
8949,18054
8950,830
8951,18190
8952,4495
8953,15355
8954,12078
8955,8353
8956,3538
8957,9767
8958,16579
8959,5512
8960,15271
8961,15944
8962,17419
8963,17415
8964,146
8965,13669
8966,14533
8967,4913
8968,4191
8969,12810
8970,11329
8971,1802
8972,8783
8973,1514
8974,12314
8975,16334
8976,6898
8977,7581
8978,3903
8979,17230
8980,5261
8981,14402
8982,8568
8983,9552
8984,11258
8985,11864
8986,13155
8987,14899
8988,121
8989,16772
8990,4476
8991,12711
8992,10756
8993,8000
8994,15492
8995,14064
8996,9112
8997,11043
8998,3501
8999,17755
9000,12090
9001,7741
9002,10527
9003,14850
9004,11667
9005,16167
9006,3240
9007,6115
9008,13880
9009,1066
9010,12854
9011,2377
9012,11853
9013,3125
9014,3368
9015,12990
9016,17008
9017,9101
9018,12397
9019,18153
9020,2908
9021,660
9022,3933
9023,4382
9024,16470
9025,8278
9026,5467
9027,17898
9028,11979
9029,9536
9030,5436
9031,12918
9032,3247
9033,9995
9034,202
9035,12441
9036,10059
9037,12785
9038,11256
9039,9554
9040,12689
9041,6722
9042,12095
9043,16680
9044,748
9045,16982
9046,1946
9047,17563
9048,10119
9049,4622
9050,14060
9051,13421
9052,10253
9053,11274
9054,12421
9055,13411
9056,11657
9057,14157
9058,3140
9059,1697
9060,5418
9061,16240
9062,15331
9063,4263
9064,2357
9065,12532
9066,5634
9067,2281
9068,2917
9069,14309
9070,2831
9071,14379
9072,8483
9073,6808
9074,16428
9075,9705
9076,12070
9077,12619
9078,16969
9079,4625
9080,3376
9081,11087
9082,1439
9083,7387
9084,10712
9085,7219
9086,17303
9087,7544
9088,10902
9089,1012
9090,1020
9091,13072
9092,7921
9093,7612
9094,12715
9095,17902
9096,15756
9097,1234
9098,11822
9099,6981
9100,1424
9101,9017
9102,6037
9103,6415
9104,9749
9105,7274
9106,13929
9107,6481
9108,3058
9109,4201
9110,9779
9111,4368
9112,8996
9113,7391
9114,2158
9115,6447
9116,1559
9117,3983
9118,8889
9119,8413
9120,12416
9121,6273
9122,15117
9123,1380
9124,6875
9125,16217
9126,13341
9127,9165
9128,17704
9129,17801
9130,10868
9131,8947
9132,15379
9133,6733
9134,1564
9135,7916
9136,12136
9137,11709
9138,6340
9139,15341
9140,7831
9141,13428
9142,5567
9143,8903
9144,16399
9145,13148
9146,11635
9147,4774
9148,7131
9149,10104
9150,8870
9151,8724
9152,13146
9153,16401
9154,10175
9155,9741
9156,457
9157,15335
9158,1733
9159,2244
9160,15823
9161,5314
9162,15389
9163,16538
9164,5091
9165,9127
9166,730
9167,8751
9168,6271
9169,12418
9170,991
9171,10128
9172,3728
9173,15043
9174,3036
9175,5330
9176,16840
9177,17033
9178,8618
9179,10814
9180,1010
9181,10904
9182,3740
9183,4677
9184,6806
9185,8485
9186,11785
9187,16246
9188,8408
9189,4692
9190,16694
9191,5060
9192,8276
9193,16472
9194,11879
9195,2572
9196,10790
9197,5199
9198,15942
9199,15273
9200,7820
9201,2973
9202,8263
9203,13654
9204,14009
9205,11220
9206,7022
9207,6791
9208,15180
9209,17204
9210,15597
9211,5027
9212,4096
9213,2633
9214,14746
9215,12288
9216,18431
9217,2
9218,6145
9219,3687
9220,15800
9221,14337
9222,13406
9223,2836
9224,1229
9225,3253
9226,11642
9227,11411
9228,7213
9229,4424
9230,4779
9231,10170
9232,15460
9233,10613
9234,3160
9235,2491
9236,13234
9237,7643
9238,15861
9239,6554
9240,1961
9241,10157
9242,13373
9243,1739
9244,13741
9245,10025
9246,2187
9247,6648
9248,9948
9249,11627
9250,13756
9251,14693
9252,7529
9253,17423
9254,7619
9255,9815
9256,1400
9257,1593
9258,13103
9259,15397
9260,3390
9261,14705
9262,8305
9263,17442
9264,6015
9265,12162
9266,9682
9267,17703
9268,9306
9269,13342
9270,1895
9271,3044
9272,13119
9273,2610
9274,16189
9275,16700
9276,3098
9277,17976
9278,8692
9279,8258
9280,2032
9281,5287
9282,9709
9283,9563
9284,8329
9285,11302
9286,13659
9287,6798
9288,5285
9289,2034
9290,9530
9291,12866
9292,5005
9293,10602
9294,3092
9295,12093
9296,6724
9297,6297
9298,10517
9299,16869
9300,11700
9301,3054
9302,9486
9303,7565
9304,632
9305,729
9306,9268
9307,5092
9308,2216
9309,11558
9310,17053
9311,3316
9312,12160
9313,6017
9314,10020
9315,9544
9316,14450
9317,16874
9318,11986
9319,16275
9320,11042
9321,9437
9322,14065
9323,8654
9324,14232
9325,15375
9326,11952
9327,4504
9328,11159
9329,8684
9330,12018
9331,12396
9332,9416
9333,17009
9334,11452
9335,6611
9336,17199
9337,2677
9338,531
9339,5718
9340,10821
9341,10512
9342,5361
9343,17413
9344,17421
9345,7531
9346,10889
9347,1130
9348,11214
9349,7721
9350,11046
9351,16994
9352,7346
9353,15057
9354,13808
9355,1464
9356,5814
9357,6363
9358,8728
9359,2005
9360,11625
9361,9950
9362,4054
9363,15602
9364,4124
9365,15516
9366,16152
9367,12799
9368,5901
9369,16076
9370,14170
9371,3102
9372,2193
9373,13015
9374,16736
9375,15293
9376,4276
9377,6776
9378,5022
9379,6012
9380,7159
9381,8180
9382,5012
9383,4373
9384,13811
9385,8314
9386,870
9387,16487
9388,1451
9389,17685
9390,1753
9391,6338
9392,11711
9393,5744
9394,8879
9395,7177
9396,5648
9397,8374
9398,5992
9399,18231
9400,8438
9401,15186
9402,5515
9403,12997
9404,8897
9405,6454
9406,535
9407,12966
9408,10155
9409,1963
9410,14051
9411,14500
9412,17773
9413,15525
9414,280
9415,6036
9416,9332
9417,1425
9418,5443
9419,15065
9420,15308
9421,6580
9422,16056
9423,5579
9424,17367
9425,4553
9426,12318
9427,15193
9428,2266
9429,6766
9430,3583
9431,7906
9432,10692
9433,6343
9434,678
9435,14932
9436,7390
9437,9321
9438,4369
9439,2941
9440,10433
9441,7677
9442,5722
9443,13957
9444,1661
9445,18312
9446,3534
9447,5278
9448,6569
9449,7175
9450,8881
9451,9865
9452,4031
9453,13172
9454,1203
9455,14530
9456,10852
9457,11535
9458,2099
9459,6119
9460,16919
9461,9650
9462,16631
9463,7104
9464,5623
9465,14242
9466,13520
9467,3900
9468,4764
9469,18287
9470,1018
9471,1014
9472,2489
9473,3162
9474,12921
9475,1854
9476,8666
9477,14895
9478,10080
9479,6355
9480,3078
9481,13938
9482,243
9483,17603
9484,379
9485,15378
9486,9302
9487,10869
9488,13986
9489,7982
9490,2123
9491,6883
9492,11207
9493,200
9494,9997
9495,13469
9496,2638
9497,17973
9498,1768
9499,522
9500,13394
9501,17040
9502,1259
9503,16342
9504,10611
9505,15462
9506,8150
9507,12405
9508,6861
9509,3340
9510,6092
9511,2754
9512,15470
9513,5160
9514,15366
9515,10961
9516,5693
9517,2607
9518,11769
9519,14655
9520,15457
9521,16284
9522,15748
9523,3428
9524,5425
9525,17955
9526,7266
9527,9825
9528,4734
9529,16398
9530,9290
9531,5568
9532,3301
9533,16977
9534,4093
9535,6453
9536,9029
9537,12998
9538,18261
9539,4744
9540,14188
9541,5226
9542,5125
9543,8412
9544,9315
9545,3984
9546,12615
9547,10569
9548,13790
9549,16659
9550,14868
9551,9864
9552,8983
9553,7176
9554,9039
9555,5745
9556,7004
9557,4006
9558,4615
9559,5947
9560,4132
9561,14313
9562,8723
9563,9283
9564,10105
9565,16714
9566,11814
9567,7836
9568,11773
9569,16106
9570,2529
9571,52
9572,8348
9573,15098
9574,1057
9575,5733
9576,10947
9577,6596
9578,13181
9579,7780
9580,16861
9581,177
9582,933
9583,2389
9584,1906
9585,4602
9586,4390
9587,3607
9588,11164
9589,13633
9590,3504
9591,2904
9592,7977
9593,1787
9594,1001
9595,17459
9596,18093
9597,436
9598,10968
9599,5807
9600,4422
9601,7215
9602,14799
9603,620
9604,4305
9605,9774
9606,11074
9607,15766
9608,6521
9609,17165
9610,2998
9611,3738
9612,10906
9613,7601
9614,8718
9615,2891
9616,9874
9617,3682
9618,13314
9619,4946
9620,11809
9621,2119
9622,9887
9623,8593
9624,5790
9625,14417
9626,5019
9627,7701
9628,8399
9629,10747
9630,8715
9631,756
9632,488
9633,13609
9634,2340
9635,1938
9636,5163
9637,9885
9638,2121
9639,7984
9640,2568
9641,15198
9642,16137
9643,4041
9644,12957
9645,2452
9646,10386
9647,3875
9648,4400
9649,1513
9650,9461
9651,1803
9652,3894
9653,13640
9654,3813
9655,11518
9656,11345
9657,12470
9658,6033
9659,7519
9660,17103
9661,16090
9662,5172
9663,4954
9664,16600
9665,5384
9666,15788
9667,17451
9668,16555
9669,4705
9670,1321
9671,1967
9672,11250
9673,14597
9674,11503
9675,1387
9676,2086
9677,17012
9678,3415
9679,17058
9680,1034
9681,6270
9682,9266
9683,731
9684,18157
9685,6905
9686,16627
9687,4525
9688,16361
9689,11723
9690,1927
9691,5594
9692,11242
9693,1470
9694,2432
9695,13714
9696,14781
9697,4661
9698,8403
9699,4890
9700,7987
9701,1674
9702,11523
9703,17751
9704,2004
9705,9075
9706,6364
9707,14675
9708,13145
9709,9282
9710,8871
9711,14314
9712,18340
9713,7815
9714,2890
9715,8819
9716,7602
9717,755
9718,8803
9719,10748
9720,3002
9721,15236
9722,15060
9723,16395
9724,13457
9725,290
9726,16407
9727,10724
9728,11640
9729,3255
9730,12869
9731,6628
9732,1180
9733,2748
9734,5895
9735,11234
9736,10964
9737,12873
9738,1838
9739,5574
9740,8257
9741,9155
9742,17977
9743,10048
9744,2813
9745,715
9746,8059
9747,4934
9748,12017
9749,9104
9750,11160
9751,1276
9752,14681
9753,3264
9754,6533
9755,8027
9756,18023
9757,3291
9758,15080
9759,3075
9760,15228
9761,14286
9762,2264
9763,15195
9764,6077
9765,3243
9766,14894
9767,8957
9768,1855
9769,8274
9770,5062
9771,10621
9772,9988
9773,14127
9774,9605
9775,7360
9776,16621
9777,11757
9778,14231
9779,9110
9780,14066
9781,15086
9782,14440
9783,846
9784,17150
9785,12467
9786,14905
9787,6769
9788,4322
9789,13539
9790,11378
9791,3385
9792,3251
9793,1231
9794,12943
9795,3967
9796,7141
9797,10828
9798,10112
9799,10775
9800,17122
9801,6938
9802,2251
9803,18213
9804,5977
9805,1848
9806,5175
9807,12939
9808,16236
9809,12382
9810,5342
9811,7891
9812,2012
9813,1576
9814,10813
9815,9255
9816,17034
9817,12171
9818,475
9819,4222
9820,15623
9821,14103
9822,3714
9823,13631
9824,11166
9825,9527
9826,13700
9827,11247
9828,16338
9829,15890
9830,14482
9831,15
9832,1153
9833,5352
9834,13224
9835,12994
9836,8004
9837,16205
9838,1913
9839,5789
9840,8810
9841,9888
9842,7662
9843,1324
9844,12132
9845,4106
9846,571
9847,10861
9848,17353
9849,18229
9850,5994
9851,13044
9852,2625
9853,724
9854,14544
9855,7506
9856,12207
9857,13483
9858,17298
9859,12566
9860,14924
9861,6049
9862,13093
9863,3564
9864,9551
9865,9451
9866,14403
9867,17002
9868,14090
9869,226
9870,12425
9871,10336
9872,17266
9873,15541
9874,9616
9875,14752
9876,1118
9877,907
9878,3107
9879,12604
9880,10043
9881,13745
9882,15040
9883,7647
9884,13269
9885,9637
9886,16313
9887,9622
9888,9841
9889,10772
9890,2559
9891,11068
9892,14026
9893,14196
9894,12529
9895,7308
9896,16941
9897,8519
9898,17865
9899,6698
9900,4288
9901,15013
9902,6104
9903,15466
9904,17508
9905,1178
9906,6630
9907,4685
9908,14048
9909,7666
9910,917
9911,8334
9912,14325
9913,17864
9914,8536
9915,16942
9916,17234
9917,15249
9918,13112
9919,16019
9920,15577
9921,13030
9922,12698
9923,7488
9924,16492
9925,3070
9926,10535
9927,17512
9928,4469
9929,401
9930,4999
9931,15105
9932,17132
9933,9969
9934,2325
9935,15906
9936,18164
9937,10937
9938,3845
9939,1990
9940,3121
9941,6844
9942,343
9943,4770
9944,8184
9945,6604
9946,16500
9947,11784
9948,9248
9949,6807
9950,9361
9951,14380
9952,13571
9953,11688
9954,8198
9955,17809
9956,2368
9957,2203
9958,14729
9959,14163
9960,3818
9961,12169
9962,17036
9963,14618
9964,6917
9965,10651
9966,1574
9967,2014
9968,1300
9969,9933
9970,16109
9971,1588
9972,12309
9973,865
9974,12240
9975,17145
9976,7463
9977,12628
9978,2348
9979,14275
9980,338
9981,17999
9982,12389
9983,6974
9984,2834
9985,13408
9986,1054
9987,7811
9988,9772
9989,4307
9990,5910
9991,238
9992,618
9993,14801
9994,15185
9995,9033
9996,18232
9997,9494
9998,4965
9999,2603
10000,10881
10001,3360
10002,352
10003,15562
10004,14407
10005,15242
10006,7588
10007,1026
10008,2783
10009,17805
10010,4646
10011,12250
10012,3916
10013,81
10014,11915
10015,11196
10016,12012
10017,3857
10018,12304
10019,12415
10020,9314
10021,8890
10022,5126
10023,4114
10024,4691
10025,9245
10026,16247
10027,12554
10028,3623
10029,4889
10030,8735
10031,4662
10032,12963
10033,10746
10034,8805
10035,7702
10036,11224
10037,6852
10038,4813
10039,1636
10040,14583
10041,2884
10042,5828
10043,9880
10044,4689
10045,4116
10046,6211
10047,455
10048,9743
10049,15621
10050,4224
10051,13949
10052,10634
10053,2457
10054,13822
10055,13168
10056,7169
10057,636
10058,5991
10059,9036
10060,5649
10061,12878
10062,13386
10063,5433
10064,174
10065,18118
10066,16849
10067,10609
10068,16344
10069,6984
10070,5680
10071,12188
10072,5796
10073,6564
10074,11350
10075,10800
10076,17736
10077,2517
10078,13683
10079,3537
10080,9478
10081,12079
10082,5154
10083,18316
10084,15097
10085,8861
10086,53
10087,12631
10088,4135
10089,16014
10090,8135
10091,2287
10092,2716
10093,347
10094,13402
10095,11299
10096,15656
10097,8175
10098,14324
10099,8522
10100,918
10101,17391
10102,15654
10103,11301
10104,9149
10105,9564
10106,1720
10107,7959
10108,11341
10109,5122
10110,753
10111,7604
10112,9798
10113,7659
10114,15876
10115,8042
10116,11609
10117,14206
10118,869
10119,9048
10120,13812
10121,3923
10122,5079
10123,14722
10124,4885
10125,16891
10126,13123
10127,17441
10128,9171
10129,14706
10130,5428
10131,2449
10132,5245
10133,17538
10134,16434
10135,11118
10136,7287
10137,1602
10138,12282
10139,14097
10140,6477
10141,8085
10142,5985
10143,11022
10144,1103
10145,2422
10146,10332
10147,7290
10148,3275
10149,6286
10150,10811
10151,1578
10152,14640
10153,7696
10154,5466
10155,9408
10156,16471
10157,9241
10158,5061
10159,8664
10160,1856
10161,17223
10162,16269
10163,13389
10164,107
10165,6316
10166,5659
10167,7156
10168,17445
10169,13653
10170,9231
10171,2974
10172,2151
10173,1243
10174,2031
10175,9154
10176,8693
10177,5575
10178,10477
10179,15139
10180,947
10181,6087
10182,4582
10183,16974
10184,13870
10185,13751
10186,8109
10187,17018
10188,14458
10189,2900
10190,1742
10191,7150
10192,6538
10193,13997
10194,18301
10195,14072
10196,2804
10197,47
10198,385
10199,3105
10200,909
10201,4194
10202,1328
10203,2345
10204,56
10205,4205
10206,17781
10207,11780
10208,3523
10209,12267
10210,11596
10211,10741
10212,12193
10213,14345
10214,5553
10215,5049
10216,16598
10217,4956
10218,1362
10219,285
10220,3288
10221,4294
10222,2649
10223,15283
10224,15835
10225,14878
10226,2392
10227,3475
10228,6688
10229,3013
10230,582
10231,5787
10232,1915
10233,7861
10234,17808
10235,8479
10236,11689
10237,5184
10238,13624
10239,1316
10240,11058
10241,13827
10242,12762
10243,2514
10244,14271
10245,3226
10246,18057
10247,13666
10248,6603
10249,8489
10250,4771
10251,18237
10252,5011
10253,9052
10254,7160
10255,12336
10256,15383
10257,14323
10258,8336
10259,15657
10260,2844
10261,16730
10262,17860
10263,7574
10264,17210
10265,3938
10266,483
10267,16187
10268,2612
10269,17785
10270,7095
10271,16213
10272,2410
10273,3472
10274,11513
10275,6957
10276,809
10277,843
10278,547
10279,12413
10280,12306
10281,7039
10282,12404
10283,8927
10284,15463
10285,15069
10286,11177
10287,16625
10288,6907
10289,12641
10290,4018
10291,17824
10292,1911
10293,16207
10294,5825
10295,3649
10296,5541
10297,2286
10298,8343
10299,16015
10300,10922
10301,10538
10302,900
10303,492
10304,14882
10305,16113
10306,12393
10307,17909
10308,5041
10309,6673
10310,59
10311,11368
10312,17659
10313,311
10314,1478
10315,17250
10316,13085
10317,6189
10318,1481
10319,12924
10320,13973
10321,14945
10322,1534
10323,17017
10324,8247
10325,13752
10326,4818
10327,14192
10328,13491
10329,11648
10330,3824
10331,16010
10332,10146
10333,11144
10334,16833
10335,6007
10336,9871
10337,1168
10338,14965
10339,5222
10340,968
10341,17597
10342,1171
10343,2659
10344,4831
10345,3667
10346,6740
10347,5984
10348,8292
10349,6478
10350,4903
10351,4395
10352,11964
10353,8069
10354,11392
10355,6031
10356,12472
10357,18134
10358,12434
10359,7349
10360,1749
10361,3656
10362,3862
10363,11391
10364,8080
10365,11965
10366,12588
10367,1474
10368,14335
10369,15802
10370,2405
10371,13707
10372,17763
10373,4933
10374,8687
10375,716
10376,6351
10377,11333
10378,3174
10379,1435
10380,17728
10381,5002
10382,3258
10383,1596
10384,12836
10385,15980
10386,9646
10387,14559
10388,17544
10389,1973
10390,11608
10391,8318
10392,15877
10393,13153
10394,11866
10395,18128
10396,3821
10397,13288
10398,13815
10399,6321
10400,1246
10401,14029
10402,3032
10403,15924
10404,14987
10405,18022
10406,8678
10407,6534
10408,7975
10409,2906
10410,18155
10411,733
10412,7108
10413,11485
10414,5857
10415,15580
10416,15713
10417,16007
10418,13516
10419,2307
10420,11893
10421,4438
10422,11491
10423,12719
10424,7793
10425,3409
10426,16688
10427,16225
10428,16204
10429,8597
10430,12995
10431,5517
10432,15491
10433,9440
10434,10757
10435,3971
10436,15153
10437,11750
10438,6172
10439,1930
10440,16143
10441,1829
10442,10950
10443,16096
10444,14386
10445,1673
10446,8733
10447,4891
10448,2567
10449,8794
10450,2122
10451,8944
10452,13987
10453,1610
10454,15871
10455,1786
10456,8841
10457,2905
10458,8025
10459,6535
10460,252
10461,511
10462,37
10463,6307
10464,2704
10465,4444
10466,16825
10467,4658
10468,12895
10469,780
10470,10551
10471,16060
10472,646
10473,11340
10474,8326
10475,1721
10476,12857
10477,10178
10478,3295
10479,7344
10480,16996
10481,707
10482,2214
10483,5094
10484,14950
10485,7767
10486,2737
10487,856
10488,17208
10489,7576
10490,5066
10491,3999
10492,448
10493,5379
10494,7871
10495,16638
10496,1347
10497,3570
10498,3222
10499,4319
10500,2463
10501,6472
10502,13106
10503,15288
10504,13644
10505,3462
10506,12515
10507,10677
10508,7436
10509,7744
10510,11037
10511,7611
10512,9341
10513,13073
10514,12793
10515,11321
10516,12135
10517,9298
10518,1565
10519,2979
10520,601
10521,10626
10522,4490
10523,1298
10524,2016
10525,10995
10526,10691
10527,9002
10528,3584
10529,1271
10530,4189
10531,4915
10532,16128
10533,18426
10534,15362
10535,9926
10536,922
10537,7510
10538,10301
10539,17534
10540,15745
10541,2011
10542,8622
10543,5343
10544,14795
10545,18211
10546,2253
10547,5701
10548,5849
10549,18267
10550,17652
10551,10470
10552,2374
10553,1724
10554,7449
10555,241
10556,13940
10557,4084
10558,15149
10559,17822
10560,4020
10561,16637
10562,7939
10563,5380
10564,5547
10565,11407
10566,14506
10567,13922
10568,5817
10569,9547
10570,4644
10571,17807
10572,8200
10573,1916
10574,13857
10575,17741
10576,13579
10577,12729
10578,7338
10579,5283
10580,6800
10581,2256
10582,7384
10583,3750
10584,15171
10585,2539
10586,11010
10587,4156
10588,18097
10589,16123
10590,16071
10591,6645
10592,12751
10593,6247
10594,5928
10595,12984
10596,11772
10597,8866
10598,11815
10599,40
10600,5396
10601,13427
10602,9293
10603,15342
10604,5686
10605,16674
10606,16662
10607,6489
10608,1583
10609,10067
10610,2090
10611,9504
10612,2972
10613,9233
10614,15274
10615,1898
10616,6388
10617,2889
10618,8720
10619,18341
10620,13370
10621,9771
10622,8446
10623,1055
10624,15100
10625,17831
10626,10521
10627,13944
10628,13797
10629,3791
10630,10739
10631,11598
10632,18140
10633,4483
10634,10052
10635,15977
10636,7194
10637,12931
10638,5550
10639,3408
10640,8009
10641,12720
10642,13474
10643,16036
10644,7625
10645,13607
10646,490
10647,902
10648,940
10649,6955
10650,11515
10651,9965
10652,16860
10653,8854
10654,13182
10655,4927
10656,12453
10657,5464
10658,7698
10659,6779
10660,13804
10661,2801
10662,797
10663,16101
10664,1630
10665,2736
10666,7948
10667,14951
10668,11423
10669,2481
10670,558
10671,17115
10672,7377
10673,3841
10674,12432
10675,18136
10676,5917
10677,10507
10678,10998
10679,668
10680,13502
10681,11416
10682,3025
10683,4393
10684,4905
10685,14410
10686,14488
10687,445
10688,11036
10689,7924
10690,7437
10691,10526
10692,9432
10693,12091
10694,3094
10695,2961
10696,13275
10697,2957
10698,17842
10699,1032
10700,17060
10701,11703
10702,17856
10703,18402
10704,14133
10705,10879
10706,2605
10707,5695
10708,16159
10709,13252
10710,3499
10711,11045
10712,9084
10713,11215
10714,15885
10715,2534
10716,10959
10717,15368
10718,6396
10719,4208
10720,3960
10721,15223
10722,4671
10723,2025
10724,9727
10725,6794
10726,11210
10727,7145
10728,12122
10729,2931
10730,11223
10731,8398
10732,8806
10733,5020
10734,6778
10735,7775
10736,5465
10737,8280
10738,14641
10739,10630
10740,6836
10741,10211
10742,6241
10743,13464
10744,17896
10745,5469
10746,10033
10747,9629
10748,9719
10749,15432
10750,17838
10751,3880
10752,15798
10753,3689
10754,1085
10755,5721
10756,8992
10757,10434
10758,14463
10759,3591
10760,14498
10761,14053
10762,15660
10763,12682
10764,12513
10765,3464
10766,916
10767,8524
10768,14049
10769,1965
10770,1323
10771,8591
10772,9889
10773,15875
10774,8320
10775,9799
10776,1312
10777,1447
10778,4291
10779,18026
10780,12214
10781,6757
10782,16031
10783,17221
10784,1858
10785,13268
10786,8550
10787,15041
10788,3730
10789,15860
10790,9196
10791,13235
10792,5300
10793,18281
10794,11720
10795,6084
10796,15638
10797,13453
10798,11026
10799,7082
10800,10075
10801,698
10802,12527
10803,14198
10804,15565
10805,14975
10806,4256
10807,13606
10808,7789
10809,16037
10810,12146
10811,10150
10812,16856
10813,9814
10814,9179
10815,17424
10816,2616
10817,3720
10818,10825
10819,17346
10820,12714
10821,9340
10822,7922
10823,11038
10824,14712
10825,10818
10826,1088
10827,11291
10828,9797
10829,8322
10830,754
10831,8717
10832,8820
10833,10907
10834,17584
10835,12152
10836,4530
10837,6205
10838,1097
10839,12105
10840,18064
10841,11171
10842,1151
10843,17
10844,1025
10845,8427
10846,15243
10847,5076
10848,7502
10849,5369
10850,4762
10851,3902
10852,9456
10853,6899
10854,1863
10855,90
10856,5065
10857,7944
10858,17209
10859,8170
10860,17861
10861,9847
10862,1081
10863,1892
10864,2523
10865,11109
10866,14248
10867,631
10868,9130
10869,9487
10870,4448
10871,12907
10872,4515
10873,11940
10874,2758
10875,12548
10876,13218
10877,13976
10878,4299
10879,10705
10880,15829
10881,10000
10882,15074
10883,15618
10884,17720
10885,18201
10886,4709
10887,6251
10888,10901
10889,9346
10890,17304
10891,2730
10892,14742
10893,17350
10894,16543
10895,17829
10896,15102
10897,17731
10898,3919
10899,12495
10900,12181
10901,10888
10902,9088
10903,17422
10904,9181
10905,14694
10906,9612
10907,10833
10908,850
10909,1149
10910,11173
10911,6070
10912,7458
10913,17102
10914,8774
10915,6034
10916,282
10917,14070
10918,18303
10919,11861
10920,7331
10921,2417
10922,10300
10923,7896
10924,923
10925,17257
10926,12206
10927,8578
10928,14545
10929,4876
10930,5368
10931,7585
10932,5077
10933,3925
10934,4513
10935,12909
10936,268
10937,9937
10938,14589
10939,17609
10940,13417
10941,17471
10942,11548
10943,7228
10944,16491
10945,8510
10946,12699
10947,9576
10948,11838
10949,16603
10950,10442
10951,2338
10952,13611
10953,13842
10954,2021
10955,14669
10956,15201
10957,4411
10958,15898
10959,10716
10960,3066
10961,9515
10962,12741
10963,7198
10964,9736
10965,5561
10966,2987
10967,17996
10968,9598
10969,12627
10970,8457
10971,17146
10972,18391
10973,13039
10974,17101
10975,7521
10976,6071
10977,13847
10978,1983
10979,14281
10980,13536
10981,6503
10982,616
10983,240
10984,7879
10985,1725
10986,17334
10987,6330
10988,4313
10989,3697
10990,2588
10991,5412
10992,16258
10993,3808
10994,16416
10995,10525
10996,7743
10997,7925
10998,10678
10999,17766
11000,14919
11001,15737
11002,11991
11003,6815
11004,3898
11005,13522
11006,12814
11007,7052
11008,427
11009,15893
11010,10586
11011,14278
11012,3085
11013,15991
11014,5876
11015,5678
11016,6986
11017,11456
11018,4057
11019,12379
11020,741
11021,12447
11022,10143
11023,17331
11024,13696
11025,4979
11026,10798
11027,11352
11028,1623
11029,1556
11030,4701
11031,640
11032,11935
11033,1238
11034,14432
11035,17987
11036,10688
11037,10510
11038,10823
11039,3722
11040,12661
11041,2157
11042,9320
11043,8997
11044,14933
11045,10711
11046,9350
11047,1440
11048,3749
11049,7851
11050,2257
11051,5446
11052,3781
11053,542
11054,11441
11055,3840
11056,7761
11057,17116
11058,10240
11059,4607
11060,5
11061,3073
11062,15082
11063,12673
11064,878
11065,3545
11066,1784
11067,15873
11068,9891
11069,4408
11070,5783
11071,14154
11072,16620
11073,8658
11074,9606
11075,2668
11076,13199
11077,15218
11078,11546
11079,17473
11080,16608
11081,6782
11082,5148
11083,1748
11084,8074
11085,12435
11086,15056
11087,9081
11088,16995
11089,7954
11090,3296
11091,3663
11092,6526
11093,2554
11094,5282
11095,7855
11096,12730
11097,12586
11098,11967
11099,4044
11100,5319
11101,2416
11102,7513
11103,11862
11104,11260
11105,12479
11106,5107
11107,3671
11108,15909
11109,10865
11110,4186
11111,18073
11112,2825
11113,16562
11114,18365
11115,6879
11116,6691
11117,1998
11118,10135
11119,11147
11120,4348
11121,4036
11122,14699
11123,875
11124,16940
11125,8538
11126,12530
11127,2359
11128,13568
11129,4848
11130,1628
11131,16103
11132,2502
11133,2770
11134,4571
11135,4069
11136,13982
11137,2913
11138,16783
11139,1443
11140,12779
11141,5766
11142,3274
11143,8286
11144,10333
11145,1601
11146,8297
11147,11119
11148,14086
11149,124
11150,14305
11151,6589
11152,13195
11153,16653
11154,861
11155,15761
11156,1188
11157,5272
11158,13928
11159,9328
11160,9750
11161,17158
11162,15439
11163,14825
11164,9588
11165,4801
11166,9824
11167,8907
11168,17956
11169,14213
11170,368
11171,10841
11172,17283
11173,10910
11174,12364
11175,18273
11176,3363
11177,10286
11178,1809
11179,3433
11180,15734
11181,2768
11182,2504
11183,18044
11184,15346
11185,2444
11186,17469
11187,13419
11188,14062
11189,15494
11190,3596
11191,15595
11192,17206
11193,858
11194,13241
11195,6517
11196,10015
11197,6422
11198,12591
11199,12580
11200,1157
11201,7180
11202,2437
11203,15009
11204,16490
11205,7490
11206,11549
11207,9492
11208,18234
11209,11638
11210,10726
11211,11289
11212,1090
11213,17302
11214,9348
11215,10713
11216,2549
11217,14798
11218,8832
11219,4423
11220,9205
11221,11412
11222,15501
11223,10730
11224,10036
11225,11582
11226,1220
11227,3594
11228,15496
11229,12049
11230,12693
11231,15569
11232,471
11233,12537
11234,9735
11235,7470
11236,12742
11237,853
11238,12930
11239,7797
11240,15978
11241,12838
11242,9692
11243,16964
11244,5664
11245,3603
11246,4732
11247,9827
11248,2096
11249,16465
11250,9672
11251,3837
11252,2436
11253,7232
11254,1158
11255,5647
11256,9038
11257,8880
11258,8984
11259,6570
11260,11104
11261,5955
11262,784
11263,635
11264,8377
11265,13169
11266,2950
11267,13718
11268,4533
11269,12600
11270,17293
11271,16670
11272,12335
11273,8179
11274,9053
11275,6013
11276,17444
11277,8266
11278,5660
11279,5836
11280,13176
11281,250
11282,6537
11283,8242
11284,1743
11285,2210
11286,17667
11287,12121
11288,7706
11289,11211
11290,17344
11291,10827
11292,8637
11293,3968
11294,14844
11295,674
11296,4698
11297,6450
11298,5030
11299,10095
11300,2778
11301,10103
11302,9285
11303,4775
11304,468
11305,4285
11306,12099
11307,6547
11308,12863
11309,15134
11310,722
11311,2627
11312,17936
11313,16613
11314,15779
11315,11889
11316,6058
11317,18218
11318,5083
11319,1977
11320,5639
11321,10515
11322,6299
11323,14329
11324,11484
11325,8021
11326,734
11327,17481
11328,5622
11329,8970
11330,16632
11331,5152
11332,12081
11333,10377
11334,15260
11335,17080
11336,2496
11337,16212
11338,8163
11339,17786
11340,10473
11341,10108
11342,13312
11343,3684
11344,6914
11345,9656
11346,5964
11347,3530
11348,18126
11349,11868
11350,10074
11351,7634
11352,11027
11353,16811
11354,6278
11355,4883
11356,14724
11357,13955
11358,5724
11359,4177
11360,5035
11361,6842
11362,3123
11363,11855
11364,13137
11365,13710
11366,3323
11367,18373
11368,10311
11369,775
11370,1545
11371,18279
11372,5302
11373,3543
11374,880
11375,12199
11376,2565
11377,4893
11378,9790
11379,15049
11380,426
11381,7426
11382,12815
11383,1038
11384,12952
11385,6133
11386,4758
11387,13329
11388,17130
11389,15107
11390,14570
11391,10363
11392,10354
11393,12403
11394,8152
11395,12307
11396,1590
11397,16476
11398,15032
11399,2728
11400,17306
11401,443
11402,14490
11403,333
11404,15509
11405,5500
11406,12885
11407,10565
11408,3928
11409,17050
11410,6790
11411,9227
11412,11221
11413,2933
11414,2269
11415,4930
11416,10681
11417,15409
11418,6062
11419,2494
11420,17082
11421,6869
11422,3481
11423,10668
11424,15953
11425,13638
11426,3896
11427,6817
11428,4005
11429,8877
11430,5746
11431,13934
11432,18225
11433,5522
11434,18167
11435,13078
11436,13886
11437,15843
11438,13023
11439,3218
11440,17890
11441,11054
11442,14594
11443,15999
11444,4721
11445,15112
11446,11455
11447,7417
11448,5679
11449,8364
11450,16345
11451,1423
11452,9334
11453,11823
11454,3320
11455,11446
11456,11017
11457,14377
11458,2833
11459,8450
11460,12390
11461,15612
11462,15839
11463,15754
11464,17904
11465,6669
11466,14004
11467,5242
11468,12960
11469,14550
11470,13472
11471,12722
11472,15732
11473,3435
11474,3311
11475,808
11476,8158
11477,11514
11478,7784
11479,941
11480,12818
11481,12560
11482,6025
11483,4103
11484,11324
11485,10413
11486,12577
11487,5756
11488,13913
11489,4080
11490,13994
11491,10422
11492,5715
11493,417
11494,2250
11495,8632
11496,17123
11497,5169
11498,16498
11499,6606
11500,6256
11501,6927
11502,3835
11503,9674
11504,17047
11505,3834
11506,6932
11507,6257
11508,2920
11509,3964
11510,12144
11511,16039
11512,14960
11513,10274
11514,11477
11515,10650
11516,8469
11517,14619
11518,9655
11519,7089
11520,3685
11521,6147
11522,16758
11523,9702
11524,683
11525,12640
11526,8145
11527,16626
11528,8748
11529,18158
11530,12043
11531,15546
11532,14787
11533,1862
11534,7580
11535,9457
11536,16335
11537,1970
11538,17770
11539,1254
11540,12368
11541,5202
11542,1078
11543,206
11544,12913
11545,3214
11546,11078
11547,961
11548,10942
11549,11206
11550,8942
11551,2124
11552,3011
11553,6690
11554,7318
11555,18366
11556,16479
11557,16216
11558,9309
11559,1381
11560,11645
11561,1655
11562,1615
11563,3480
11564,7012
11565,17083
11566,5535
11567,3627
11568,2140
11569,905
11570,1120
11571,3339
11572,8925
11573,12406
11574,14332
11575,2712
11576,17476
11577,4455
11578,14136
11579,17091
11580,4812
11581,8396
11582,11225
11583,17214
11584,4072
11585,14818
11586,3454
11587,972
11588,342
11589,8492
11590,3122
11591,7072
11592,5036
11593,14167
11594,5935
11595,6165
11596,10210
11597,7693
11598,10631
11599,294
11600,16372
11601,17745
11602,2067
11603,13594
11604,4173
11605,17723
11606,27
11607,16459
11608,10390
11609,10116
11610,4228
11611,15858
11612,3732
11613,17560
11614,14016
11615,4004
11616,7006
11617,3897
11618,7430
11619,11992
11620,16439
11621,16390
11622,2682
11623,1643
11624,16427
11625,9360
11626,8484
11627,9249
11628,4678
11629,978
11630,15252
11631,5699
11632,2255
11633,7853
11634,5284
11635,9146
11636,13660
11637,198
11638,11209
11639,7708
11640,9728
11641,15179
11642,9226
11643,7023
11644,17051
11645,11560
11646,16779
11647,4941
11648,10329
11649,14610
11650,5147
11651,7352
11652,16609
11653,13803
11654,7774
11655,7699
11656,5021
11657,9056
11658,4277
11659,1815
11660,1554
11661,1625
11662,2461
11663,4321
11664,8646
11665,14906
11666,3582
11667,9004
11668,2267
11669,2935
11670,6386
11671,1900
11672,14856
11673,17934
11674,2629
11675,16030
11676,7652
11677,12215
11678,2284
11679,5543
11680,2877
11681,13893
11682,15506
11683,2313
11684,12834
11685,1598
11686,12428
11687,4861
11688,9953
11689,10236
11690,13250
11691,16161
11692,5983
11693,8087
11694,3668
11695,15711
11696,15582
11697,13926
11698,5274
11699,1563
11700,9300
11701,15380
11702,1372
11703,10701
11704,578
11705,14359
11706,3617
11707,12845
11708,6296
11709,9137
11710,12094
11711,9392
11712,12690
11713,4216
11714,5207
11715,5441
11716,1427
11717,1408
11718,11919
11719,151
11720,10794
11721,12350
11722,2071
11723,9689
11724,16507
11725,16787
11726,819
11727,4879
11728,6411
11729,16896
11730,18422
11731,5531
11732,16678
11733,12097
11734,4287
11735,8534
11736,17866
11737,2183
11738,212
11739,14107
11740,16742
11741,1997
11742,7317
11743,6880
11744,3012
11745,8205
11746,3476
11747,1883
11748,15626
11749,3279
11750,10437
11751,12262
11752,5507
11753,4462
11754,6378
11755,3431
11756,1811
11757,9777
11758,4203
11759,58
11760,8124
11761,5042
11762,18328
11763,14003
11764,6968
11765,17905
11766,1540
11767,5312
11768,15825
11769,9518
11770,3779
11771,5448
11772,10596
11773,9568
11774,2328
11775,15933
11776,17630
11777,14182
11778,16929
11779,651
11780,10207
11781,14911
11782,16141
11783,1932
11784,9947
11785,9186
11786,2188
11787,12750
11788,7842
11789,16072
11790,4867
11791,14939
11792,3600
11793,12706
11794,236
11795,5912
11796,5924
11797,6136
11798,839
11799,15296
11800,12033
11801,4561
11802,4684
11803,8527
11804,1179
11805,8702
11806,12870
11807,15448
11808,13486
11809,9620
11810,16315
11811,12696
11812,13032
11813,1718
11814,9566
11815,10598
11816,18394
11817,12128
11818,16279
11819,17321
11820,4995
11821,17198
11822,9098
11823,11453
11824,15114
11825,6162
11826,6255
11827,6934
11828,16499
11829,8488
11830,8185
11831,13667
11832,148
11833,12001
11834,5338
11835,14871
11836,13180
11837,8856
11838,10948
11839,1831
11840,13051
11841,12888
11842,15558
11843,13194
11844,7282
11845,14306
11846,6260
11847,17960
11848,5898
11849,16756
11850,6149
11851,4338
11852,16055
11853,9012
11854,15309
11855,11363
11856,5297
11857,13323
11858,2725
11859,143
11860,129
11861,10919
11862,11103
11863,7174
11864,8985
11865,5279
11866,10394
11867,306
11868,11349
11869,8360
11870,5797
11871,16447
11872,15351
11873,5218
11874,6090
11875,3342
11876,3767
11877,17030
11878,1960
11879,9194
11880,15862
11881,12359
11882,3188
11883,13359
11884,2232
11885,12862
11886,7126
11887,12100
11888,2653
11889,11315
11890,12376
11891,16069
11892,16125
11893,10420
11894,13996
11895,8241
11896,7151
11897,251
11898,7974
11899,8026
11900,8679
11901,3265
11902,6531
11903,3266
11904,16053
11905,4340
11906,2553
11907,7341
11908,3664
11909,5292
11910,14847
11911,17164
11912,8825
11913,15767
11914,18351
11915,10014
11916,7238
11917,13242
11918,17024
11919,11718
11920,18283
11921,6434
11922,13255
11923,4352
11924,3016
11925,15037
11926,4388
11927,4604
11928,5673
11929,615
11930,7452
11931,13537
11932,4324
11933,1693
11934,17792
11935,11032
11936,17196
11937,4997
11938,403
11939,13917
11940,10873
11941,15676
11942,17919
11943,1582
11944,7826
11945,16663
11946,17913
11947,4334
11948,11958
11949,3039
11950,18052
11951,3057
11952,9326
11953,13930
11954,4902
11955,8084
11956,8293
11957,14098
11958,11948
11959,15395
11960,13105
11961,7932
11962,2464
11963,14037
11964,10352
11965,10365
11966,5846
11967,11098
11968,14390
11969,5478
11970,5071
11971,16228
11972,3706
11973,6326
11974,371
11975,2429
11976,6426
11977,414
11978,534
11979,9028
11980,8898
11981,4094
11982,5029
11983,7136
11984,4699
11985,1558
11986,9318
11987,2159
11988,4925
11989,13184
11990,2695
11991,11002
11992,11619
11993,1995
11994,16744
11995,18161
11996,3674
11997,3497
11998,13254
11999,6512
12000,18284
12001,11833
12002,13096
12003,14755
12004,1921
12005,3444
12006,413
12007,6457
12008,2430
12009,1472
12010,12590
12011,7236
12012,10016
12013,14577
12014,14384
12015,16098
12016,13498
12017,9748
12018,9330
12019,6038
12020,526
12021,16895
12022,6705
12023,4880
12024,13906
12025,2074
12026,14854
12027,1902
12028,495
12029,1822
12030,4632
12031,17503
12032,3136
12033,11800
12034,13873
12035,17779
12036,4207
12037,7715
12038,15369
12039,14077
12040,4077
12041,1687
12042,274
12043,11530
12044,2888
12045,7817
12046,1899
12047,6763
12048,2936
12049,11229
12050,5741
12051,14219
12052,16382
12053,5423
12054,3430
12055,6679
12056,4463
12057,12492
12058,13292
12059,6180
12060,3520
12061,2294
12062,14394
12063,599
12064,2981
12065,14175
12066,4829
12067,2661
12068,14674
12069,8727
12070,9076
12071,5815
12072,13924
12073,15584
12074,4551
12075,17369
12076,15226
12077,3077
12078,8954
12079,10081
12080,13280
12081,11332
12082,8057
12083,717
12084,17022
12085,13244
12086,12703
12087,5667
12088,13442
12089,677
12090,9000
12091,10693
12092,15340
12093,9295
12094,11710
12095,9042
12096,1754
12097,11733
12098,14147
12099,11306
12100,11887
12101,15781
12102,4312
12103,7446
12104,17335
12105,10839
12106,370
12107,6460
12108,3707
12109,4480
12110,2029
12111,1245
12112,8034
12113,13816
12114,12488
12115,5307
12116,5658
12117,8268
12118,108
12119,16912
12120,765
12121,11287
12122,10728
12123,15503
12124,5709
12125,2703
12126,7970
12127,38
12128,11817
12129,2155
12130,12663
12131,17108
12132,9844
12133,14328
12134,7111
12135,10516
12136,9136
12137,6725
12138,12846
12139,16134
12140,14672
12141,2663
12142,5488
12143,14468
12144,11510
12145,2395
12146,10810
12147,8284
12148,3276
12149,18389
12150,17148
12151,848
12152,10835
12153,13904
12154,4882
12155,7079
12156,16812
12157,18013
12158,6160
12159,15116
12160,9312
12161,12417
12162,9265
12163,8752
12164,1035
12165,944
12166,3356
12167,303
12168,14614
12169,9961
12170,1398
12171,9817
12172,17959
12173,6587
12174,14307
12175,2919
12176,6926
12177,6933
12178,6607
12179,6163
12180,5937
12181,10900
12182,7546
12183,4710
12184,4755
12185,5927
12186,7840
12187,12752
12188,10071
12189,12638
12190,685
12191,13463
12192,7691
12193,10212
12194,4089
12195,18105
12196,12797
12197,16154
12198,17552
12199,11375
12200,15869
12201,1612
12202,16377
12203,16353
12204,16909
12205,1175
12206,10926
12207,9856
12208,4951
12209,1851
12210,1484
12211,2136
12212,1683
12213,406
12214,10780
12215,11677
12216,16150
12217,15518
12218,1652
12219,13494
12220,2237
12221,454
12222,8387
12223,4117
12224,95
12225,193
12226,6177
12227,1096
12228,7596
12229,4531
12230,13720
12231,16302
12232,2277
12233,883
12234,17871
12235,18204
12236,17383
12237,13795
12238,13946
12239,17567
12240,9974
12241,1289
12242,17248
12243,1480
12244,8116
12245,13086
12246,432
12247,6046
12248,13447
12249,13786
12250,10011
12251,14518
12252,3519
12253,6374
12254,13293
12255,1095
12256,6207
12257,194
12258,13424
12259,5592
12260,1929
12261,7995
12262,11751
12263,12927
12264,2740
12265,16356
12266,14909
12267,10209
12268,6838
12269,5936
12270,6254
12271,6608
12272,15115
12273,6275
12274,18014
12275,16185
12276,485
12277,13693
12278,1728
12279,3178
12280,16306
12281,16830
12282,10138
12283,4337
12284,6583
12285,16757
12286,6912
12287,3686
12288,9215
12289,3
12290,4609
12291,5267
12292,16590
12293,4254
12294,14977
12295,17463
12296,838
12297,6636
12298,5925
12299,4757
12300,7048
12301,12953
12302,13364
12303,14575
12304,10018
12305,6019
12306,10280
12307,11395
12308,16844
12309,9972
12310,17569
12311,2201
12312,2370
12313,16918
12314,8974
12315,2100
12316,1124
12317,13879
12318,9426
12319,3241
12320,6079
12321,18243
12322,1659
12323,13959
12324,15129
12325,4566
12326,15306
12327,15067
12328,15465
12329,8531
12330,15014
12331,3048
12332,4112
12333,5128
12334,1762
12335,11272
12336,10255
12337,3051
12338,17063
12339,16724
12340,2753
12341,8923
12342,3341
12343,6559
12344,5219
12345,4581
12346,8252
12347,948
12348,15637
12349,7638
12350,11721
12351,16363
12352,18336
12353,18242
12354,6113
12355,3242
12356,8669
12357,15196
12358,2570
12359,11881
12360,15246
12361,13846
12362,7457
12363,7522
12364,11174
12365,161
12366,4211
12367,17178
12368,11540
12369,13232
12370,2493
12371,7015
12372,15410
12373,16903
12374,18217
12375,7117
12376,11890
12377,2365
12378,14375
12379,11019
12380,17693
12381,2196
12382,9809
12383,13092
12384,8572
12385,14925
12386,13446
12387,6186
12388,433
12389,9982
12390,11460
12391,2822
12392,2319
12393,10306
12394,525
12395,6414
12396,9331
12397,9018
12398,281
12399,7518
12400,8775
12401,12471
12402,8078
12403,11393
12404,10282
12405,9507
12406,11573
12407,4102
12408,6951
12409,12561
12410,14635
12411,12657
12412,17885
12413,10279
12414,6128
12415,10019
12416,9120
12417,12161
12418,9169
12419,17443
12420,7158
12421,9054
12422,5023
12423,17381
12424,18206
12425,9870
12426,8098
12427,16834
12428,11686
12429,13573
12430,17607
12431,14591
12432,10674
12433,298
12434,10358
12435,11085
12436,3378
12437,13628
12438,13043
12439,8583
12440,18230
12441,9035
12442,8375
12443,637
12444,17365
12445,5581
12446,17691
12447,11021
12448,8291
12449,8086
12450,6741
12451,16162
12452,13505
12453,10656
12454,12970
12455,1847
12456,8629
12457,18214
12458,762
12459,12950
12460,1040
12461,2781
12462,1028
12463,15120
12464,17627
12465,2474
12466,1282
12467,9785
12468,3529
12469,7087
12470,9657
12471,12401
12472,10356
12473,300
12474,2818
12475,3957
12476,164
12477,783
12478,7172
12479,11105
12480,13327
12481,4760
12482,5371
12483,1075
12484,2485
12485,4131
12486,8874
12487,4616
12488,12114
12489,13127
12490,4181
12491,13969
12492,12057
12493,5142
12494,14513
12495,10899
12496,6253
12497,6164
12498,6839
12499,14168
12500,16078
12501,463
12502,14660
12503,18175
12504,12983
12505,7839
12506,6248
12507,4756
12508,6135
12509,6637
12510,5913
12511,3869
12512,5750
12513,10764
12514,14970
12515,10506
12516,7757
12517,18137
12518,2063
12519,3868
12520,5923
12521,6638
12522,237
12523,8443
12524,4308
12525,78
12526,17734
12527,10802
12528,4236
12529,9894
12530,11126
12531,16075
12532,9065
12533,12800
12534,16755
12535,6585
12536,17961
12537,11233
12538,8699
12539,2749
12540,14057
12541,16972
12542,4584
12543,16452
12544,3008
12545,1606
12546,13777
12547,15674
12548,10875
12549,5216
12550,15353
12551,4497
12552,210
12553,2185
12554,10027
12555,14811
12556,5677
12557,7419
12558,15992
12559,5614
12560,11481
12561,12409
12562,3799
12563,3382
12564,18009
12565,1134
12566,9859
12567,3510
12568,22
12569,5611
12570,16795
12571,3852
12572,14291
12573,15278
12574,13028
12575,15579
12576,8019
12577,11486
12578,12678
12579,5841
12580,11199
12581,17277
12582,15689
12583,18266
12584,7885
12585,5702
12586,11097
12587,6467
12588,10366
12589,16960
12590,12010
12591,11198
12592,5854
12593,12679
12594,13865
12595,3129
12596,13175
12597,7154
12598,5661
12599,13899
12600,11269
12601,1141
12602,13511
12603,15325
12604,9879
12605,8391
12606,2885
12607,3648
12608,8139
12609,16208
12610,3308
12611,2764
12612,18414
12613,17410
12614,14448
12615,9546
12616,7865
12617,13923
12618,6362
12619,9077
12620,1465
12621,4012
12622,13069
12623,3988
12624,3573
12625,4421
12626,8834
12627,10969
12628,9977
12629,16086
12630,18379
12631,10087
12632,14299
12633,4122
12634,15604
12635,16446
12636,6563
12637,8361
12638,12189
12639,17749
12640,11525
12641,10289
12642,14416
12643,8809
12644,8594
12645,1914
12646,8202
12647,583
12648,16193
12649,14153
12650,7363
12651,4409
12652,15203
12653,13576
12654,18248
12655,3908
12656,3797
12657,12411
12658,549
12659,14982
12660,14710
12661,11040
12662,16277
12663,12130
12664,1326
12665,4196
12666,3273
12667,7292
12668,12780
12669,937
12670,2143
12671,17067
12672,3350
12673,11063
12674,17556
12675,1495
12676,13912
12677,6946
12678,12578
12679,12593
12680,4569
12681,2772
12682,10763
12683,5921
12684,3870
12685,2620
12686,13933
12687,7003
12688,8878
12689,9040
12690,11712
12691,14218
12692,6383
12693,11230
12694,2865
12695,2117
12696,11811
12697,5402
12698,9922
12699,10946
12700,8858
12701,1058
12702,5188
12703,12086
12704,12767
12705,14832
12706,11793
12707,18198
12708,4176
12709,7075
12710,13956
12711,8991
12712,7678
12713,1086
12714,10820
12715,9094
12716,532
12717,416
12718,6941
12719,10423
12720,10641
12721,4960
12722,11471
12723,2702
12724,6309
12725,15504
12726,13895
12727,14424
12728,4853
12729,10577
12730,11096
12731,5848
12732,7886
12733,2254
12734,6802
12735,15253
12736,2129
12737,16158
12738,7726
12739,2606
12740,8917
12741,10962
12742,11236
12743,17581
12744,17286
12745,13303
12746,16673
12747,7829
12748,15343
12749,16244
12750,11787
12751,10592
12752,12187
12753,8363
12754,6985
12755,7418
12756,5877
12757,14812
12758,16718
12759,614
12760,6505
12761,4605
12762,10242
12763,15920
12764,2107
12765,13441
12766,6346
12767,12704
12768,3602
12769,7189
12770,16965
12771,13898
12772,5835
12773,7155
12774,8267
12775,6317
12776,5308
12777,994
12778,16989
12779,11140
12780,12668
12781,17497
12782,18296
12783,12877
12784,8373
12785,9037
12786,7178
12787,1159
12788,2178
12789,3021
12790,1532
12791,14947
12792,5359
12793,10514
12794,7113
12795,1978
12796,327
12797,12196
12798,2280
12799,9367
12800,12533
12801,1679
12802,16865
12803,14658
12804,465
12805,357
12806,16117
12807,13561
12808,17522
12809,14241
12810,8969
12811,7105
12812,17482
12813,4910
12814,11006
12815,11382
12816,17396
12817,17491
12818,11480
12819,5874
12820,15993
12821,16794
12822,5864
12823,23
12824,769
12825,13335
12826,18170
12827,16253
12828,15414
12829,398
12830,13768
12831,3886
12832,13559
12833,16119
12834,11684
12835,16836
12836,10384
12837,2454
12838,11241
12839,8742
12840,1928
12841,6174
12842,13425
12843,5398
12844,14815
12845,11707
12846,12138
12847,2300
12848,17697
12849,954
12850,17218
12851,17690
12852,5988
12853,17366
12854,9010
12855,16057
12856,16711
12857,10476
12858,8256
12859,8694
12860,1839
12861,16200
12862,11885
12863,11308
12864,3300
12865,8902
12866,9291
12867,13429
12868,15177
12869,9730
12870,11806
12871,2986
12872,7468
12873,9737
12874,16596
12875,5051
12876,136
12877,12783
12878,10061
12879,5048
12880,8219
12881,14346
12882,3407
12883,7795
12884,12932
12885,11406
12886,7869
12887,5381
12888,11841
12889,2876
12890,6754
12891,2285
12892,8137
12893,3650
12894,13774
12895,10468
12896,17654
12897,3626
12898,6867
12899,17084
12900,14865
12901,16677
12902,6702
12903,18423
12904,16386
12905,2911
12906,13984
12907,10871
12908,13919
12909,10935
12910,18166
12911,7000
12912,18226
12913,11544
12914,15220
12915,15490
12916,8002
12917,12996
12918,9031
12919,15187
12920,15270
12921,9474
12922,16580
12923,16951
12924,10319
12925,4461
12926,6681
12927,12263
12928,15694
12929,17579
12930,11238
12931,10637
12932,12884
12933,7028
12934,15510
12935,2947
12936,4034
12937,4350
12938,13257
12939,9807
12940,2198
12941,2675
12942,17201
12943,9794
12944,14467
12945,6291
12946,2664
12947,84
12948,1519
12949,17670
12950,12459
12951,17394
12952,11384
12953,12301
12954,5070
12955,6464
12956,14391
12957,9644
12958,15982
12959,13190
12960,11468
12961,3884
12962,13770
12963,10032
12964,7688
12965,17897
12966,9407
12967,8279
12968,7697
12969,7776
12970,12454
12971,16587
12972,16266
12973,3771
12974,260
12975,17869
12976,885
12977,3517
12978,14520
12979,16733
12980,17642
12981,71
12982,257
12983,12504
12984,10595
12985,6662
12986,3780
12987,7382
12988,2258
12989,15064
12990,9015
12991,1426
12992,6718
12993,5208
12994,9835
12995,10430
12996,12917
12997,9403
12998,9537
12999,173
13000,8370
13001,13387
13002,16271
13003,1144
13004,2448
13005,8303
13006,14707
13007,17954
13008,8909
13009,3429
13010,6380
13011,16383
13012,16131
13013,738
13014,16239
13015,9373
13016,1698
13017,793
13018,16925
13019,17272
13020,16257
13021,7442
13022,2589
13023,11438
13024,15216
13025,13201
13026,75
13027,3154
13028,12574
13029,2855
13030,9921
13031,5736
13032,11812
13033,16716
13034,14814
13035,5590
13036,13426
13037,7833
13038,41
13039,10973
13040,1333
13041,14717
13042,4804
13043,12438
13044,9851
13045,15809
13046,1793
13047,17088
13048,15787
13049,8768
13050,16601
13051,11840
13052,5546
13053,7870
13054,7940
13055,449
13056,16263
13057,5270
13058,1190
13059,17428
13060,16800
13061,1074
13062,5951
13063,4761
13064,7584
13065,7503
13066,4877
13067,821
13068,14420
13069,12622
13070,14446
13071,17412
13072,9091
13073,10513
13074,5641
13075,14948
13076,5096
13077,265
13078,11435
13079,4548
13080,13223
13081,8600
13082,1154
13083,2746
13084,1182
13085,10316
13086,12245
13087,18002
13088,3559
13089,14794
13090,7890
13091,8623
13092,12383
13093,9862
13094,14870
13095,6599
13096,12002
13097,3679
13098,17317
13099,14020
13100,2537
13101,15173
13102,16839
13103,9258
13104,3037
13105,11960
13106,10502
13107,3146
13108,13836
13109,16553
13110,17453
13111,3183
13112,9918
13113,2415
13114,7333
13115,4045
13116,16762
13117,586
13118,15388
13119,9272
13120,15824
13121,6666
13122,1541
13123,10126
13124,993
13125,5657
13126,6318
13127,12489
13128,14253
13129,15267
13130,3542
13131,7061
13132,18280
13133,7641
13134,13236
13135,13322
13136,6577
13137,11364
13138,4724
13139,672
13140,14846
13141,6524
13142,3665
13143,4833
13144,3757
13145,9708
13146,9152
13147,2033
13148,9145
13149,6799
13150,7854
13151,7339
13152,2555
13153,10393
13154,6568
13155,8986
13156,3535
13157,13685
13158,1562
13159,6735
13160,13927
13161,7276
13162,1189
13163,5376
13164,16264
13165,16589
13166,6142
13167,4610
13168,10055
13169,11265
13170,15484
13171,14401
13172,9453
13173,17231
13174,15303
13175,12596
13176,11280
13177,18184
13178,14792
13179,3561
13180,11836
13181,9578
13182,10654
13183,13507
13184,11989
13185,15739
13186,2691
13187,17537
13188,8301
13189,2450
13190,12959
13191,6966
13192,14005
13193,2874
13194,11843
13195,11152
13196,1781
13197,17141
13198,15764
13199,11076
13200,3216
13201,13025
13202,18359
13203,17929
13204,2383
13205,751
13206,5124
13207,8892
13208,14189
13209,13299
13210,967
13211,8094
13212,14966
13213,4580
13214,6089
13215,6560
13216,15352
13217,5884
13218,10876
13219,4458
13220,3490
13221,2847
13222,13884
13223,13080
13224,9834
13225,5440
13226,6719
13227,4217
13228,556
13229,2483
13230,1077
13231,6892
13232,12369
13233,15941
13234,9236
13235,10791
13236,13134
13237,5112
13238,13650
13239,1778
13240,17574
13241,11194
13242,11917
13243,1410
13244,12085
13245,5731
13246,1059
13247,1340
13248,13623
13249,8196
13250,11690
13251,2273
13252,10709
13253,14935
13254,11998
13255,11922
13256,14082
13257,12938
13258,8627
13259,1849
13260,4953
13261,8771
13262,16091
13263,16497
13264,6936
13265,17124
13266,3200
13267,16574
13268,10785
13269,9884
13270,8797
13271,1939
13272,15365
13273,8920
13274,15471
13275,10696
13276,15477
13277,1548
13278,18315
13279,8351
13280,12080
13281,7102
13282,16633
13283,15022
13284,1747
13285,7351
13286,6783
13287,14611
13288,10397
13289,4619
13290,14512
13291,5940
13292,12058
13293,12254
13294,17339
13295,16815
13296,13840
13297,13613
13298,4243
13299,13209
13300,17467
13301,2446
13302,1146
13303,12745
13304,1761
13305,6100
13306,4113
13307,8411
13308,8891
13309,5227
13310,752
13311,8324
13312,11342
13313,14750
13314,9618
13315,13488
13316,1250
13317,14603
13318,17269
13319,5057
13320,13649
13321,5196
13322,13135
13323,11857
13324,15709
13325,3670
13326,7327
13327,12480
13328,13674
13329,11387
13330,1304
13331,18321
13332,15777
13333,16615
13334,17663
13335,12825
13336,264
13337,5357
13338,14949
13339,7950
13340,2215
13341,9126
13342,9269
13343,16539
13344,15912
13345,1047
13346,14371
13347,14131
13348,18404
13349,1976
13350,7115
13351,18219
13352,4328
13353,14721
13354,8311
13355,3924
13356,7501
13357,7586
13358,15244
13359,11883
13360,16202
13361,16227
13362,6463
13363,5479
13364,12302
13365,3859
13366,3998
13367,7943
13368,7577
13369,91
13370,10620
13371,8663
13372,8275
13373,9242
13374,16695
13375,13648
13376,5114
13377,17270
13378,16927
13379,14184
13380,14993
13381,135
13382,5558
13383,16597
13384,8218
13385,5554
13386,10062
13387,13001
13388,2163
13389,10163
13390,18327
13391,6672
13392,8125
13393,17910
13394,9500
13395,1394
13396,14166
13397,6841
13398,7073
13399,4178
13400,3168
13401,18085
13402,10094
13403,7135
13404,6451
13405,4095
13406,9222
13407,15598
13408,9985
13409,17380
13410,6011
13411,9055
13412,6777
13413,7700
13414,8807
13415,14418
13416,823
13417,10940
13418,963
13419,11187
13420,4372
13421,9051
13422,8181
13423,18238
13424,12258
13425,12842
13426,13036
13427,10601
13428,9141
13429,12867
13430,3257
13431,8052
13432,17729
13433,15104
13434,8503
13435,402
13436,6496
13437,17197
13438,6613
13439,17322
13440,16325
13441,12765
13442,12088
13443,17757
13444,13737
13445,3507
13446,12386
13447,12248
13448,4648
13449,15833
13450,15285
13451,4599
13452,2794
13453,10797
13454,7408
13455,13697
13456,2037
13457,9724
13458,18144
13459,18370
13460,3866
13461,2065
13462,17747
13463,12191
13464,10743
13465,538
13466,13783
13467,2602
13468,8435
13469,9495
13470,15796
13471,3882
13472,11470
13473,5712
13474,10642
13475,2398
13476,1361
13477,8216
13478,16599
13479,8770
13480,5173
13481,1850
13482,6225
13483,9857
13484,1136
13485,2984
13486,11808
13487,8814
13488,13315
13489,17184
13490,4240
13491,10328
13492,6786
13493,16780
13494,12219
13495,16197
13496,17634
13497,2334
13498,12016
13499,8686
13500,8060
13501,17764
13502,10680
13503,7018
13504,2270
13505,12452
13506,7778
13507,13183
13508,6445
13509,2160
13510,17291
13511,12602
13512,3109
13513,813
13514,14607
13515,2425
13516,10418
13517,16127
13518,7902
13519,4190
13520,9466
13521,14534
13522,11005
13523,5620
13524,17483
13525,2798
13526,15240
13527,14409
13528,7749
13529,4394
13530,8083
13531,6479
13532,13931
13533,2622
13534,16642
13535,4151
13536,10980
13537,11931
13538,14110
13539,9789
13540,7056
13541,2566
13542,7986
13543,8734
13544,8404
13545,3624
13546,17656
13547,16890
13548,8309
13549,14723
13550,7078
13551,6279
13552,13905
13553,6410
13554,6706
13555,820
13556,5367
13557,7504
13558,14546
13559,12832
13560,2315
13561,12807
13562,912
13563,1919
13564,14757
13565,14938
13566,6643
13567,16073
13568,11128
13569,13586
13570,4052
13571,9952
13572,6746
13573,12429
13574,827
13575,3229
13576,12653
13577,186
13578,691
13579,10576
13580,5705
13581,14425
13582,13820
13583,2459
13584,1627
13585,7304
13586,13569
13587,14382
13588,14579
13589,4144
13590,3612
13591,552
13592,18334
13593,16365
13594,11603
13595,14261
13596,13860
13597,14366
13598,15791
13599,3756
13600,5290
13601,3666
13602,8089
13603,2660
13604,6367
13605,14176
13606,10807
13607,10645
13608,17944
13609,9633
13610,16094
13611,10952
13612,4592
13613,13297
13614,14191
13615,8107
13616,13753
13617,17457
13618,1003
13619,1635
13620,8395
13621,6853
13622,17092
13623,13248
13624,10238
13625,17118
13626,997
13627,15054
13628,12437
13629,5391
13630,14718
13631,9823
13632,7268
13633,9589
13634,14930
13635,680
13636,16431
13637,2479
13638,11425
13639,14538
13640,9653
13641,14621
13642,16567
13643,3144
13644,10504
13645,14972
13646,16319
13647,1737
13648,13375
13649,13320
13650,13238
13651,16656
13652,987
13653,10169
13654,9203
13655,4425
13656,355
13657,467
13658,7130
13659,9286
13660,11636
13661,18236
13662,8183
13663,8490
13664,344
13665,375
13666,10247
13667,11831
13668,18286
13669,8965
13670,3901
13671,7583
13672,5370
13673,5952
13674,13328
13675,7047
13676,6134
13677,5926
13678,6249
13679,4711
13680,2133
13681,15644
13682,15915
13683,10078
13684,14897
13685,13157
13686,16872
13687,14452
13688,14187
13689,8894
13690,18262
13691,17675
13692,17947
13693,12277
13694,16706
13695,1101
13696,11024
13697,13455
13698,16397
13699,8905
13700,9826
13701,7187
13702,3604
13703,3028
13704,14235
13705,15162
13706,16027
13707,10371
13708,671
13709,5295
13710,11365
13711,15111
13712,6989
13713,16000
13714,9695
13715,3653
13716,17077
13717,15482
13718,11267
13719,13901
13720,12230
13721,2132
13722,4754
13723,6250
13724,7547
13725,18202
13726,17873
13727,1320
13728,8764
13729,16556
13730,17363
13731,639
13732,7403
13733,1557
13734,6449
13735,7137
13736,675
13737,13444
13738,14927
13739,15531
13740,16693
13741,9244
13742,8409
13743,4115
13744,8389
13745,9881
13746,3394
13747,14047
13748,8526
13749,6631
13750,4562
13751,10185
13752,10325
13753,13616
13754,977
13755,6805
13756,9250
13757,3741
13758,14774
13759,14438
13760,15088
13761,2024
13762,7711
13763,15224
13764,17371
13765,2468
13766,13962
13767,18034
13768,12830
13769,14548
13770,12962
13771,8402
13772,8736
13773,14782
13774,12894
13775,7966
13776,16826
13777,12546
13778,2760
13779,14001
13780,18330
13781,17169
13782,17894
13783,13466
13784,15832
13785,4985
13786,12249
13787,8423
13788,17806
13789,7863
13790,9548
13791,1775
13792,17448
13793,14369
13794,1049
13795,12237
13796,4488
13797,10628
13798,14643
13799,18254
13800,17502
13801,6403
13802,1823
13803,11653
13804,10660
13805,15633
13806,3195
13807,3375
13808,9354
13809,16970
13810,14059
13811,9384
13812,10120
13813,14511
13814,5144
13815,10398
13816,12113
13817,5946
13818,8875
13819,4007
13820,13582
13821,15975
13822,10054
13823,5266
13824,6143
13825,4
13826,7374
13827,10241
13828,5672
13829,6506
13830,4389
13831,8848
13832,1907
13833,2793
13834,4982
13835,15286
13836,13108
13837,1881
13838,3478
13839,1617
13840,13296
13841,4821
13842,10953
13843,16413
13844,1197
13845,3186
13846,12361
13847,10977
13848,16451
13849,5891
13850,16973
13851,8251
13852,6088
13853,5220
13854,14967
13855,17519
13856,16516
13857,10574
13858,693
13859,4171
13860,13596
13861,4068
13862,7299
13863,2771
13864,5753
13865,12594
13866,15305
13867,6108
13868,15130
13869,1458
13870,10184
13871,4683
13872,6632
13873,12034
13874,655
13875,15315
13876,14117
13877,441
13878,17308
13879,12317
13880,9008
13881,17368
13882,6359
13883,15585
13884,13222
13885,5354
13886,11436
13887,2591
13888,16393
13889,15062
13890,2260
13891,15442
13892,15555
13893,11681
13894,2928
13895,12726
13896,4010
13897,1467
13898,12771
13899,12599
13900,7165
13901,13719
13902,6204
13903,7597
13904,12153
13905,13552
13906,12024
13907,16360
13908,8746
13909,16628
13910,14541
13911,16937
13912,12676
13913,11488
13914,14354
13915,16748
13916,18029
13917,11939
13918,7561
13919,12908
13920,7499
13921,3926
13922,10567
13923,12617
13924,12072
13925,2850
13926,11697
13927,13160
13928,11158
13929,9106
13930,11953
13931,13532
13932,15812
13933,12686
13934,11431
13935,209
13936,5882
13937,15354
13938,9481
13939,18191
13940,10556
13941,14350
13942,1297
13943,7911
13944,10627
13945,4637
13946,12238
13947,867
13948,14208
13949,10051
13950,7800
13951,18141
13952,2028
13953,6324
13954,3708
13955,11357
13956,12710
13957,9443
13958,16773
13959,12323
13960,3305
13961,15964
13962,13766
13963,400
13964,8505
13965,17513
13966,1044
13967,15647
13968,14251
13969,12491
13970,6377
13971,6680
13972,5508
13973,10320
13974,3489
13975,5214
13976,10877
13977,14135
13978,6856
13979,17477
13980,1217
13981,14363
13982,11136
13983,15521
13984,12906
13985,7563
13986,9488
13987,10452
13988,16824
13989,7968
13990,2705
13991,14885
13992,1295
13993,14352
13994,11490
13995,8012
13996,11894
13997,10193
13998,133
13999,14995
14000,15672
14001,13779
14002,104
14003,11763
14004,11466
14005,13192
14006,15560
14007,354
14008,4778
14009,9204
14010,7214
14011,8833
14012,5808
14013,3574
14014,16485
14015,872
14016,11614
14017,14430
14018,1240
14019,1115
14020,13099
14021,15897
14022,7476
14023,15202
14024,5782
14025,7364
14026,9892
14027,4238
14028,17186
14029,10401
14030,15402
14031,3061
14032,1512
14033,8785
14034,3876
14035,1337
14036,15968
14037,11963
14038,8082
14039,4904
14040,7750
14041,3026
14042,3606
14043,8847
14044,4603
14045,6507
14046,15038
14047,13747
14048,9908
14049,10768
14050,16469
14051,9410
14052,3934
14053,10761
14054,2774
14055,15591
14056,15683
14057,12540
14058,1462
14059,13810
14060,9050
14061,5013
14062,11188
14063,2940
14064,8995
14065,9322
14066,9780
14067,3348
14068,17069
14069,18150
14070,10917
14071,131
14072,10195
14073,15630
14074,17638
14075,1510
14076,3063
14077,12039
14078,14357
14079,580
14080,3015
14081,6510
14082,13256
14083,5496
14084,4035
14085,7313
14086,11148
14087,18310
14088,1663
14089,1430
14090,9868
14091,18208
14092,2552
14093,6528
14094,16054
14095,6582
14096,6150
14097,10139
14098,11957
14099,6486
14100,17914
14101,16548
14102,2809
14103,9821
14104,14720
14105,5081
14106,18220
14107,11739
14108,1692
14109,6501
14110,13538
14111,8645
14112,6770
14113,2462
14114,7934
14115,3223
14116,3117
14117,13876
14118,17993
14119,3696
14120,7445
14121,6331
14122,15782
14123,3152
14124,77
14125,5909
14126,8444
14127,9773
14128,8829
14129,621
14130,4061
14131,13347
14132,30
14133,10704
14134,7555
14135,13977
14136,11578
14137,1343
14138,2648
14139,8212
14140,3289
14141,18025
14142,7655
14143,1448
14144,15012
14145,8533
14146,6699
14147,12098
14148,7128
14149,469
14150,15571
14151,452
14152,2239
14153,12649
14154,11071
14155,1814
14156,6775
14157,9057
14158,15294
14159,841
14160,811
14161,3111
14162,3703
14163,9959
14164,14616
14165,17038
14166,13396
14167,11593
14168,12499
14169,2356
14170,9370
14171,15332
14172,16668
14173,17295
14174,15451
14175,12065
14176,13605
14177,7627
14178,14976
14179,6140
14180,16591
14181,802
14182,11777
14183,1505
14184,13379
14185,3441
14186,3980
14187,13688
14188,9540
14189,13208
14190,5135
14191,13614
14192,10327
14193,4943
14194,17185
14195,4406
14196,9893
14197,5905
14198,10803
14199,2869
14200,4028
14201,1433
14202,3176
14203,1730
14204,15857
14205,6823
14206,10117
14207,17565
14208,13948
14209,8383
14210,15622
14211,8614
14212,476
14213,11169
14214,18066
14215,555
14216,5206
14217,6720
14218,12691
14219,12051
14220,2052
14221,17177
14222,6067
14223,162
14224,3959
14225,7714
14226,6397
14227,17780
14228,8228
14229,57
14230,6675
14231,9778
14232,9324
14233,3059
14234,15404
14235,13704
14236,3272
14237,5768
14238,1327
14239,8232
14240,910
14241,12809
14242,9465
14243,4914
14244,7903
14245,1272
14246,18072
14247,7323
14248,10866
14249,17803
14250,2785
14251,13968
14252,5943
14253,13128
14254,3167
14255,5034
14256,7074
14257,5725
14258,18199
14259,17722
14260,6829
14261,13595
14262,4574
14263,694
14264,4165
14265,16350
14266,17044
14267,16349
14268,4169
14269,695
14270,15918
14271,10244
14272,15208
14273,15318
14274,16084
14275,9979
14276,18096
14277,7846
14278,11011
14279,15349
14280,16449
14281,10979
14282,4898
14283,16643
14284,3803
14285,3204
14286,9761
14287,16170
14288,3611
14289,4844
14290,14580
14291,12572
14292,3156
14293,15392
14294,383
14295,49
14296,17328
14297,16013
14298,8345
14299,12632
14300,14312
14301,8873
14302,5948
14303,2486
14304,18308
14305,11150
14306,11845
14307,12174
14308,15515
14309,9069
14310,15603
14311,5800
14312,14300
14313,9561
14314,9711
14315,94
14316,6210
14317,8388
14318,4690
14319,8410
14320,5127
14321,6101
14322,3049
14323,10257
14324,10098
14325,9912
14326,570
14327,8588
14328,12133
14329,11323
14330,6950
14331,6026
14332,11574
14333,15722
14334,16958
14335,10368
14336,2632
14337,9221
14338,5028
14339,6452
14340,8899
14341,16978
14342,18041
14343,18104
14344,6239
14345,10213
14346,12881
14347,15027
14348,15148
14349,7876
14350,13941
14351,17137
14352,13993
14353,6944
14354,13914
14355,1686
14356,6393
14357,14078
14358,17854
14359,11705
14360,14817
14361,6849
14362,17215
14363,13981
14364,7298
14365,4572
14366,13597
14367,2643
14368,984
14369,13793
14370,17385
14371,13346
14372,4303
14373,622
14374,16067
14375,12378
14376,7415
14377,11457
14378,15601
14379,9071
14380,9951
14381,4863
14382,13587
14383,3855
14384,12014
14385,2336
14386,10444
14387,16761
14388,5318
14389,7334
14390,11968
14391,12956
14392,8790
14393,16138
14394,12062
14395,17835
14396,14698
14397,7312
14398,4349
14399,5497
14400,2948
14401,13171
14402,8981
14403,9866
14404,1432
14405,4233
14406,2870
14407,10004
14408,3192
14409,13527
14410,10685
14411,3946
14412,16636
14413,7873
14414,17823
14415,8143
14416,12642
14417,9625
14418,13415
14419,17611
14420,13068
14421,5812
14422,1466
14423,4537
14424,12727
14425,13581
14426,4614
14427,8876
14428,7005
14429,6818
14430,14017
14431,17194
14432,11034
14433,447
14434,7942
14435,5067
14436,3860
14437,3658
14438,13759
14439,3346
14440,9782
14441,17588
14442,17888
14443,3220
14444,3572
14445,5810
14446,13070
14447,1022
14448,12614
14449,8888
14450,9316
14451,1560
14452,13687
14453,4247
14454,3442
14455,1923
14456,14688
14457,1414
14458,10188
14459,15534
14460,1712
14461,15152
14462,7998
14463,10758
14464,14843
14465,7140
14466,8638
14467,12944
14468,12143
14469,6924
14470,2921
14471,15488
14472,15222
14473,7713
14474,4209
14475,163
14476,5958
14477,2819
14478,2596
14479,3557
14480,18004
14481,2542
14482,9830
14483,18419
14484,1419
14485,15020
14486,16635
14487,4022
14488,10686
14489,17989
14490,11402
14491,18101
14492,2507
14493,3448
14494,482
14495,8168
14496,17211
14497,14841
14498,10760
14499,4381
14500,9411
14501,661
14502,17181
14503,3832
14504,17049
14505,7025
14506,10566
14507,4512
14508,7500
14509,5078
14510,8312
14511,13813
14512,13290
14513,12494
14514,7535
14515,17732
14516,80
14517,8421
14518,12251
14519,14915
14520,12978
14521,1701
14522,575
14523,33
14524,3796
14525,5778
14526,18249
14527,1109
14528,2110
14529,17229
14530,9455
14531,7582
14532,4763
14533,8966
14534,13521
14535,7429
14536,6816
14537,7007
14538,13639
14539,8781
14540,1804
14541,13910
14542,1497
14543,17708
14544,9854
14545,10928
14546,13558
14547,5602
14548,13769
14549,5472
14550,11469
14551,4962
14552,15797
14553,7682
14554,17839
14555,2581
14556,1336
14557,4399
14558,8786
14559,10387
14560,890
14561,15848
14562,2619
14563,5749
14564,5922
14565,5914
14566,2064
14567,4973
14568,18371
14569,3325
14570,11390
14571,8071
14572,3657
14573,3997
14574,5068
14575,12303
14576,8416
14577,12013
14578,4050
14579,13588
14580,14290
14581,5862
14582,16796
14583,10040
14584,15550
14585,16560
14586,2827
14587,1989
14588,8495
14589,10938
14590,825
14591,12431
14592,7760
14593,7378
14594,11442
14595,2435
14596,7182
14597,9673
14598,6931
14599,6928
14600,17048
14601,3930
14602,17182
14603,13317
14604,1165
14605,2894
14606,17619
14607,13514
14608,16009
14609,8103
14610,11649
14611,13287
14612,8037
14613,18129
14614,12168
14615,8473
14616,14164
14617,1396
14618,9963
14619,11517
14620,8779
14621,13641
14622,1867
14623,1195
14624,16415
14625,7440
14626,16259
14627,247
14628,3643
14629,3203
14630,4149
14631,16644
14632,17434
14633,3381
14634,5871
14635,12410
14636,5777
14637,3909
14638,34
14639,16854
14640,10152
14641,10738
14642,7804
14643,13798
14644,180
14645,15888
14646,16340
14647,1261
14648,3784
14649,3785
14650,1262
14651,541
14652,7381
14653,5447
14654,6663
14655,9519
14656,2977
14657,1567
14658,12803
14659,17969
14660,12502
14661,259
14662,5460
14663,16267
14664,17225
14665,17029
14666,6557
14667,3343
14668,16411
14669,10955
14670,3233
14671,2298
14672,12140
14673,15771
14674,12068
14675,9707
14676,5289
14677,4834
14678,15792
14679,16081
14680,17156
14681,9752
14682,15170
14683,7850
14684,7385
14685,1441
14686,16785
14687,16509
14688,14456
14689,17020
14690,719
14691,14773
14692,4676
14693,9251
14694,10905
14695,8822
14696,2999
14697,597
14698,14396
14699,11122
14700,17559
14701,6821
14702,15859
14703,7645
14704,15042
14705,9261
14706,10129
14707,13006
14708,480
14709,3450
14710,12660
14711,7394
14712,10824
14713,7616
14714,2617
14715,15850
14716,17099
14717,13041
14718,13630
14719,8611
14720,14104
14721,13353
14722,10123
14723,13549
14724,11356
14725,4479
14726,6325
14727,6461
14728,16229
14729,9958
14730,4271
14731,3112
14732,1280
14733,2476
14734,17541
14735,2587
14736,7444
14737,4314
14738,17994
14739,2989
14740,2880
14741,15702
14742,10892
14743,1084
14744,7680
14745,15799
14746,9214
14747,6146
14748,6913
14749,7090
14750,13313
14751,8816
14752,9875
14753,17316
14754,5336
14755,12003
14756,16513
14757,13564
14758,3496
14759,6437
14760,18162
14761,15908
14762,7326
14763,5108
14764,15710
14765,6739
14766,8088
14767,4832
14768,5291
14769,6525
14770,7342
14771,3297
14772,17713
14773,14691
14774,13758
14775,3996
14776,3861
14777,8072
14778,1750
14779,17076
14780,4718
14781,9696
14782,13773
14783,5540
14784,8138
14785,5826
14786,2886
14787,11532
14788,16572
14789,3202
14790,3805
14791,248
14792,13178
14793,14873
14794,13089
14795,10544
14796,223
14797,15883
14798,11217
14799,9602
14800,17814
14801,9993
14802,3249
14803,3387
14804,18113
14805,2139
14806,6866
14807,5536
14808,17655
14809,4888
14810,8405
14811,12555
14812,12757
14813,1716
14814,13034
14815,12844
14816,6727
14817,14360
14818,11585
14819,14980
14820,551
14821,4843
14822,4145
14823,16171
14824,2993
14825,11163
14826,8846
14827,4391
14828,3027
14829,4731
14830,7188
14831,5665
14832,12705
14833,6641
14834,14940
14835,1706
14836,15594
14837,7243
14838,15495
14839,7206
14840,1221
14841,14497
14842,7674
14843,14464
14844,11294
14845,17760
14846,13140
14847,11910
14848,1270
14849,7905
14850,9003
14851,6767
14852,14907
14853,16358
14854,12026
14855,16532
14856,11672
14857,500
14858,16484
14859,4420
14860,5809
14861,3989
14862,3221
14863,7936
14864,1348
14865,12900
14866,1757
14867,1773
14868,9550
14869,8570
14870,13094
14871,11835
14872,5254
14873,14793
14874,5345
14875,18003
14876,3954
14877,2597
14878,10225
14879,16042
14880,16529
14881,17940
14882,10304
14883,2321
14884,15727
14885,13991
14886,17139
14887,1783
14888,7368
14889,879
14890,7060
14891,5303
14892,15268
14893,15189
14894,9766
14895,9477
14896,8354
14897,13684
14898,5277
14899,8987
14900,18313
14901,1550
14902,18125
14903,7086
14904,5965
14905,9786
14906,11665
14907,14852
14908,2076
14909,12266
14910,8225
14911,11781
14912,2293
14913,6373
14914,6181
14915,14519
14916,5456
14917,886
14918,666
14919,11000
14920,2697
14921,15667
14922,21
14923,5866
14924,9860
14925,12385
14926,4988
14927,13738
14928,2903
14929,8843
14930,13634
14931,17754
14932,9435
14933,11044
14934,7723
14935,13253
14936,6436
14937,3675
14938,13565
14939,11791
14940,14834
14941,16728
14942,2846
14943,5213
14944,4459
14945,10321
14946,16900
14947,12791
14948,13075
14949,13338
14950,10484
14951,10667
14952,7011
14953,6870
14954,1616
14955,4595
14956,1882
14957,6687
14958,8206
14959,2393
14960,11512
14961,8160
14962,2411
14963,834
14964,17264
14965,10338
14966,13212
14967,13854
14968,915
14969,7668
14970,12514
14971,7928
14972,13645
14973,2115
14974,2867
14975,10805
14976,14178
14977,12294
14978,971
14979,6847
14980,14819
14981,17883
14982,12659
14983,3724
14984,481
14985,3940
14986,2508
14987,10404
14988,412
14989,6428
14990,1922
14991,3979
14992,4248
14993,13380
14994,18299
14995,13999
14996,2762
14997,3310
14998,6960
14999,15733
15000,7254
15001,1810
15002,6678
15003,6379
15004,5424
15005,8910
15006,15749
15007,16792
15008,15995
15009,11203
15010,1944
15011,16984
15012,14144
15013,9901
15014,12330
15015,15386
15016,588
15017,17057
15018,8755
15019,17013
15020,14485
15021,1799
15022,13283
15023,16687
15024,8008
15025,7794
15026,5551
15027,14347
15028,3286
15029,287
15030,65
15031,1956
15032,11398
15033,15706
15034,18292
15035,396
15036,15416
15037,11925
15038,14046
15039,4687
15040,9882
15041,10787
15042,14704
15043,9173
15044,15398
15045,18112
15046,3630
15047,3250
15048,8642
15049,11379
15050,18008
15051,5870
15052,3800
15053,17435
15054,13627
15055,5997
15056,11086
15057,9353
15058,4626
15059,3196
15060,9722
15061,2039
15062,13889
15063,16174
15064,12989
15065,9419
15066,3126
15067,12327
15068,2969
15069,10285
15070,7257
15071,18274
15072,351
15073,8432
15074,10882
15075,2816
15076,302
15077,6267
15078,945
15079,15141
15080,9758
15081,15359
15082,11062
15083,5761
15084,17068
15085,4366
15086,9781
15087,3994
15088,13760
15089,16410
15090,3766
15091,6558
15092,6091
15093,8924
15094,6862
15095,1121
15096,116
15097,10084
15098,9573
15099,17377
15100,10624
15101,603
15102,10896
15103,703
15104,13433
15105,9931
15106,1302
15107,11389
15108,3864
15109,18372
15110,7067
15111,13711
15112,11445
15113,6979
15114,11824
15115,12272
15116,12159
15117,9122
15118,17054
15119,17404
15120,12463
15121,807
15122,6959
15123,3436
15124,2763
15125,5823
15126,16209
15127,15963
15128,4473
15129,12324
15130,13868
15131,16976
15132,8901
15133,5569
15134,11309
15135,17712
15136,3662
15137,7343
15138,7955
15139,10179
15140,17487
15141,15079
15142,8676
15143,18024
15144,4293
15145,8213
15146,286
15147,3405
15148,14348
15149,10558
15150,612
15151,16720
15152,14461
15153,10436
15154,6684
15155,15627
15156,18388
15157,6285
15158,8285
15159,7291
15160,5767
15161,4197
15162,13705
15163,2407
15164,16482
15165,502
15166,16052
15167,6530
15168,6532
15169,8680
15170,14682
15171,10584
15172,15895
15173,13101
15174,1595
15175,8051
15176,5003
15177,12868
15178,8704
15179,11641
15180,9208
15181,1230
15182,8641
15183,3386
15184,3631
15185,9994
15186,9401
15187,12919
15188,3164
15189,14893
15190,8668
15191,6078
15192,6114
15193,9427
15194,16168
15195,9763
15196,12357
15197,15864
15198,9641
15199,2297
15200,3763
15201,10956
15202,14023
15203,12652
15204,4858
15205,828
15206,18056
15207,8188
15208,14272
15209,3116
15210,4318
15211,7935
15212,3571
15213,3990
15214,17889
15215,6994
15216,13024
15217,5233
15218,11077
15219,6888
15220,12914
15221,2944
15222,14472
15223,10721
15224,13763
15225,1063
15226,12076
15227,15357
15228,9760
15229,4148
15230,3804
15231,3644
15232,16573
15233,5167
15234,17125
15235,15430
15236,9721
15237,3374
15238,4627
15239,15634
15240,13526
15241,4025
15242,10005
15243,10846
15244,13358
15245,6551
15246,12360
15247,4588
15248,1198
15249,9917
15250,5322
15251,17454
15252,11630
15253,12735
15254,16305
15255,6154
15256,1729
15257,4231
15258,1434
15259,8055
15260,11334
15261,1354
15262,2953
15263,157
15264,18084
15265,5033
15266,4179
15267,13129
15268,14892
15269,3245
15270,12920
15271,8960
15272,2490
15273,9199
15274,10614
15275,16536
15276,15391
15277,4141
15278,12573
15279,5406
15280,76
15281,4310
15282,15783
15283,10223
15284,2599
15285,13450
15286,13835
15287,5326
15288,10503
15289,4790
15290,16568
15291,18345
15292,1696
15293,9375
15294,14158
15295,17593
15296,11799
15297,6401
15298,17504
15299,1888
15300,606
15301,1489
15302,1201
15303,13174
15304,5838
15305,13866
15306,12326
15307,3367
15308,9420
15309,11854
15310,7071
15311,6843
15312,8493
15313,1991
15314,17777
15315,13875
15316,4317
15317,3224
15318,14273
15319,2350
15320,1279
15321,3702
15322,4272
15323,812
15324,4921
15325,12603
15326,8555
15327,908
15328,8234
15329,386
15330,2192
15331,9062
15332,14171
15333,1766
15334,17975
15335,9157
15336,16701
15337,2578
15338,2960
15339,7739
15340,12092
15341,9139
15342,10603
15343,12748
15344,2190
15345,388
15346,11184
15347,15990
15348,7421
15349,14279
15350,1985
15351,11872
15352,13216
15353,12550
15354,13937
15355,8953
15356,6356
15357,15227
15358,8674
15359,15081
15360,7372
15361,6
15362,10534
15363,8508
15364,16493
15365,13272
15366,9514
15367,7473
15368,10717
15369,12038
15370,4357
15371,1511
15372,4402
15373,15403
15374,4200
15375,9325
15376,6482
15377,18053
15378,9485
15379,9132
15380,11701
15381,17062
15382,6096
15383,10256
15384,4111
15385,6102
15386,15015
15387,17846
15388,13118
15389,9162
15390,1896
15391,15276
15392,14293
15393,18051
15394,6484
15395,11959
15396,5329
15397,9259
15398,15044
15399,322
15400,15923
15401,8031
15402,14030
15403,15373
15404,14234
15405,4730
15406,3605
15407,4392
15408,7751
15409,11417
15410,12372
15411,1531
15412,5644
15413,2179
15414,12828
15415,18036
15416,15036
15417,6509
15418,4353
15419,581
15420,8204
15421,6689
15422,6881
15423,2125
15424,1605
15425,5889
15426,16453
15427,18108
15428,16329
15429,1307
15430,15235
15431,8713
15432,10749
15433,596
15434,3737
15435,8823
15436,17166
15437,18070
15438,1274
15439,11162
15440,3609
15441,16172
15442,13891
15443,2879
15444,3694
15445,17995
15446,7467
15447,5562
15448,11807
15449,4948
15450,1137
15451,14174
15452,6369
15453,600
15454,7914
15455,1566
15456,3777
15457,9520
15458,2150
15459,8262
15460,9232
15461,7821
15462,9505
15463,10284
15464,3365
15465,12328
15466,9903
15467,926
15468,17917
15469,15678
15470,9512
15471,13274
15472,7738
15473,3095
15474,2579
15475,17841
15476,7736
15477,13276
15478,16886
15479,156
15480,3171
15481,1355
15482,13717
15483,7167
15484,13170
15485,4033
15486,5498
15487,15511
15488,14471
15489,3212
15490,12915
15491,10432
15492,8994
15493,4370
15494,11189
15495,14838
15496,11228
15497,6385
15498,6764
15499,2268
15500,7020
15501,11222
15502,7704
15503,12123
15504,12725
15505,4539
15506,11682
15507,16121
15508,18099
15509,11404
15510,12934
15511,15487
15512,3963
15513,6925
15514,6258
15515,14308
15516,9365
15517,2282
15518,12217
15519,16782
15520,7296
15521,13983
15522,5528
15523,16387
15524,659
15525,9413
15526,18154
15527,8024
15528,7976
15529,8842
15530,3505
15531,13739
15532,1741
15533,8244
15534,14459
15535,16722
15536,17065
15537,2145
15538,17618
15539,3828
15540,1166
15541,9873
15542,8818
15543,8719
15544,7816
15545,6389
15546,11531
15547,3647
15548,5827
15549,8392
15550,14584
15551,1874
15552,15701
15553,3693
15554,2990
15555,13892
15556,6753
15557,5544
15558,11842
15559,5240
15560,14006
15561,18080
15562,10003
15563,4027
15564,4234
15565,10804
15566,3459
15567,2116
15568,5739
15569,11231
15570,17963
15571,14150
15572,17982
15573,2172
15574,18188
15575,832
15576,2413
15577,9920
15578,5404
15579,12575
15580,10415
15581,2721
15582,11696
15583,4508
15584,12073
15585,13883
15586,5212
15587,3491
15588,16729
15589,8173
15590,15658
15591,14055
15592,2751
15593,16726
15594,14836
15595,11191
15596,1228
15597,9210
15598,13407
15599,8449
15600,6975
15601,14378
15602,9363
15603,14310
15604,12634
15605,1988
15606,3847
15607,16561
15608,7321
15609,18074
15610,2318
15611,6042
15612,11461
15613,2595
15614,3956
15615,5959
15616,301
15617,3358
15618,10883
15619,714
15620,8689
15621,10049
15622,14210
15623,9820
15624,4331
15625,16549
15626,11748
15627,15155
15628,46
15629,8237
15630,14073
15631,796
15632,7772
15633,13805
15634,15239
15635,4908
15636,17484
15637,12348
15638,10796
15639,4981
15640,4600
15641,1908
15642,16947
15643,16299
15644,13681
15645,2519
15646,17388
15647,13967
15648,4183
15649,17804
15650,8425
15651,1027
15652,5972
15653,1041
15654,10102
15655,7133
15656,10096
15657,10259
15658,15590
15659,4379
15660,10762
15661,5752
15662,4570
15663,7300
15664,2503
15665,7252
15666,15735
15667,14921
15668,18413
15669,5822
15670,3309
15671,3437
15672,14000
15673,4655
15674,12547
15675,7559
15676,11941
15677,515
15678,15469
15679,8922
15680,6093
15681,16725
15682,2841
15683,14056
15684,5894
15685,8700
15686,1181
15687,5350
15688,1155
15689,12582
15690,168
15691,16907
15692,16355
15693,6169
15694,12928
15695,855
15696,7947
15697,7768
15698,1631
15699,17361
15700,16558
15701,15552
15702,14741
15703,7542
15704,17305
15705,7034
15706,15033
15707,142
15708,6575
15709,13324
15710,14764
15711,11695
15712,2852
15713,10416
15714,2427
15715,373
15716,346
15717,8341
15718,2288
15719,16606
15720,17475
15721,6858
15722,14333
15723,1476
15724,313
15725,1586
15726,16111
15727,14884
15728,4443
15729,7969
15730,6308
15731,5710
15732,11472
15733,14999
15734,11180
15735,15666
15736,3513
15737,11001
15738,6443
15739,13185
15740,15743
15741,17536
15742,5247
15743,15740
15744,898
15745,10540
15746,16423
15747,2148
15748,9522
15749,15006
15750,1642
15751,6811
15752,16391
15753,2593
15754,11463
15755,530
15756,9096
15757,17200
15758,5492
15759,2199
15760,17571
15761,11155
15762,17246
15763,1291
15764,13198
15765,7358
15766,9607
15767,11913
15768,83
15769,5487
15770,6292
15771,14673
15772,6366
15773,4830
15774,8090
15775,1172
15776,111
15777,13332
15778,1819
15779,11314
15780,6545
15781,12101
15782,14122
15783,15282
15784,8211
15785,4295
15786,1344
15787,13048
15788,9666
15789,983
15790,4066
15791,13598
15792,14678
15793,2353
15794,17972
15795,8937
15796,13470
15797,14552
15798,10752
15799,14745
15800,9220
15801,4097
15802,10369
15803,16029
15804,6759
15805,17935
15806,7122
15807,723
15808,8581
15809,13045
15810,16641
15811,4900
15812,13932
15813,5748
15814,3871
15815,15849
15816,3719
15817,7617
15818,17425
15819,1502
15820,17784
15821,8165
15822,16188
15823,9160
15824,13120
15825,11768
15826,8916
15827,5694
15828,7727
15829,10880
15830,8434
15831,4966
15832,13784
15833,13449
15834,3149
15835,10224
15836,3556
15837,3955
15838,2820
15839,11462
15840,2680
15841,16392
15842,4546
15843,11437
15844,5411
15845,7443
15846,3698
15847,17542
15848,14561
15849,15815
15850,14715
15851,1335
15852,3878
15853,17840
15854,2959
15855,3096
15856,16702
15857,14204
15858,11611
15859,14702
15860,10789
15861,9238
15862,11880
15863,6075
15864,15197
15865,8793
15866,7985
15867,4892
15868,7057
15869,12200
15870,16822
15871,10454
15872,16648
15873,11067
15874,8543
15875,10773
15876,10114
15877,10392
15878,5281
15879,7340
15880,6527
15881,4341
15882,18209
15883,14797
15884,7217
15885,10714
15886,15900
15887,18252
15888,14645
15889,2094
15890,9829
15891,3952
15892,18005
15893,11009
15894,7848
15895,15172
15896,5333
15897,14021
15898,10958
15899,7718
15900,15886
15901,182
15902,17326
15903,51
15904,8863
15905,16107
15906,9935
15907,270
15908,14761
15909,11108
15910,7569
15911,1893
15912,13344
15913,17387
15914,2788
15915,13682
15916,8356
15917,17737
15918,14270
15919,8190
15920,12763
15921,16327
15922,18110
15923,15400
15924,10403
15925,3447
15926,3941
15927,18102
15928,18043
15929,7251
15930,2769
15931,7301
15932,16104
15933,11775
15934,804
15935,15961
15936,16211
15937,7097
15938,17081
15939,7014
15940,6063
15941,13233
15942,9198
15943,3161
15944,8961
15945,1015
15946,18307
15947,4130
15948,5949
15949,1076
15950,5204
15951,557
15952,7764
15953,11424
15954,4796
15955,16432
15956,17540
15957,3700
15958,1281
15959,5968
15960,17628
15961,15935
15962,2223
15963,15127
15964,13961
15965,4668
15966,17372
15967,17095
15968,14036
15969,6471
15970,7933
15971,4320
15972,6771
15973,1626
15974,4850
15975,13821
15976,8380
15977,10635
15978,11240
15979,5596
15980,10385
15981,8788
15982,12958
15983,5244
15984,8302
15985,5429
15986,1145
15987,5132
15988,17468
15989,7248
15990,15347
15991,11013
15992,12558
15993,12820
15994,1640
15995,15008
15996,7231
15997,7181
15998,3838
15999,11443
16000,13713
16001,8739
16002,1471
16003,6425
16004,6458
16005,372
16006,2719
16007,10417
16008,4918
16009,14608
16010,10331
16011,8288
16012,1104
16013,14297
16014,10089
16015,10299
16016,7512
16017,7332
16018,5320
16019,9919
16020,2857
16021,833
16022,3471
16023,8161
16024,16214
16025,16481
16026,3270
16027,13706
16028,8063
16029,15803
16030,11675
16031,10782
16032,1213
16033,745
16034,1360
16035,4958
16036,10643
16037,10809
16038,6288
16039,11511
16040,3474
16041,8207
16042,14879
16043,1905
16044,8850
16045,934
16046,139
16047,18039
16048,16980
16049,750
16050,5229
16051,17930
16052,15166
16053,11904
16054,14094
16055,11852
16056,9422
16057,12855
16058,1723
16059,7881
16060,10471
16061,17788
16062,16917
16063,6121
16064,2202
16065,8477
16066,17810
16067,14374
16068,6056
16069,11891
16070,2309
16071,10590
16072,11789
16073,13567
16074,7306
16075,12531
16076,9369
16077,4264
16078,12500
16079,17971
16080,2640
16081,14679
16082,1278
16083,3114
16084,14274
16085,8455
16086,12629
16087,55
16088,8230
16089,1329
16090,9661
16091,13262
16092,1937
16093,8799
16094,13610
16095,7482
16096,10443
16097,4048
16098,12015
16099,4936
16100,17635
16101,10663
16102,16804
16103,11131
16104,15932
16105,6659
16106,9569
16107,15905
16108,8499
16109,9970
16110,16846
16111,15726
16112,3550
16113,10305
16114,6041
16115,2823
16116,18075
16117,12806
16118,4873
16119,12833
16120,6750
16121,15507
16122,335
16123,10589
16124,2363
16125,11892
16126,8014
16127,13517
16128,10532
16129,8
16130,2049
16131,13012
16132,17696
16133,5586
16134,12139
16135,3762
16136,3234
16137,9642
16138,14393
16139,6372
16140,3521
16141,11782
16142,16502
16143,10440
16144,16605
16145,2715
16146,8342
16147,8136
16148,5542
16149,6755
16150,12216
16151,2916
16152,9366
16153,5635
16154,12197
16155,882
16156,6201
16157,16303
16158,12737
16159,10708
16160,5182
16161,11691
16162,12451
16163,4929
16164,7019
16165,2934
16166,6765
16167,9005
16168,15194
16169,8671
16170,14287
16171,14823
16172,15441
16173,4543
16174,15063
16175,5445
16176,7383
16177,7852
16178,6801
16179,5700
16180,7887
16181,18212
16182,8631
16183,6939
16184,418
16185,12275
16186,17949
16187,10267
16188,15822
16189,9274
16190,1734
16191,1669
16192,17849
16193,12648
16194,4281
16195,453
16196,6213
16197,13495
16198,800
16199,16593
16200,12861
16201,6549
16202,13360
16203,2207
16204,10428
16205,9837
16206,16521
16207,10293
16208,12609
16209,15126
16210,2471
16211,15936
16212,11337
16213,10271
16214,16024
16215,1953
16216,11557
16217,9125
16218,5093
16219,7951
16220,708
16221,18408
16222,17666
16223,7148
16224,1744
16225,10427
16226,2230
16227,13361
16228,11971
16229,14728
16230,8476
16231,2369
16232,6122
16233,17570
16234,2674
16235,5493
16236,9808
16237,6052
16238,17694
16239,13014
16240,9061
16241,3103
16242,387
16243,3089
16244,12749
16245,6647
16246,9187
16247,10026
16248,5880
16249,211
16250,6696
16251,17867
16252,262
16253,12827
16254,3020
16255,5645
16256,1160
16257,13020
16258,10992
16259,14626
16260,18187
16261,2860
16262,17983
16263,13056
16264,13164
16265,1845
16266,12972
16267,14663
16268,1209
16269,10162
16270,5045
16271,13002
16272,17290
16273,4924
16274,6446
16275,9319
16276,7392
16277,12662
16278,6304
16279,11818
16280,1113
16281,1242
16282,8261
16283,2975
16284,9521
16285,2686
16286,16424
16287,17617
16288,2896
16289,17066
16290,5763
16291,938
16292,904
16293,6865
16294,3628
16295,18114
16296,1682
16297,6222
16298,1485
16299,15643
16300,4753
16301,4712
16302,12231
16303,16157
16304,5697
16305,15254
16306,12280
16307,1604
16308,3010
16309,6882
16310,8943
16311,7983
16312,8795
16313,9886
16314,8812
16315,11810
16316,5738
16317,2866
16318,3460
16319,13646
16320,16697
16321,16766
16322,17228
16323,3905
16324,1110
16325,13440
16326,5669
16327,15921
16328,324
16329,15428
16330,17127
16331,114
16332,1123
16333,6118
16334,8975
16335,11536
16336,16464
16337,7185
16338,9828
16339,2544
16340,14646
16341,17173
16342,9503
16343,7823
16344,10068
16345,11450
16346,17011
16347,8757
16348,1388
16349,14267
16350,14265
16351,1390
16352,2055
16353,12203
16354,1525
16355,15692
16356,12265
16357,3525
16358,14853
16359,6408
16360,13907
16361,9688
16362,6711
16363,12351
16364,98
16365,13593
16366,6831
16367,17746
16368,4972
16369,3867
16370,5915
16371,18138
16372,11600
16373,689
16374,188
16375,16776
16376,16820
16377,12202
16378,2081
16379,1391
16380,17176
16381,4213
16382,12052
16383,13011
16384,2303
16385,9
16386,12904
16387,15523
16388,17775
16389,1993
16390,11621
16391,15752
16392,15841
16393,13888
16394,3372
16395,9723
16396,4977
16397,13698
16398,9529
16399,9144
16400,5286
16401,9153
16402,8259
16403,1244
16404,6323
16405,4481
16406,18142
16407,9726
16408,7710
16409,4672
16410,15089
16411,14668
16412,7479
16413,13843
16414,17237
16415,14624
16416,10994
16417,7909
16418,1299
16419,8466
16420,1575
16421,8621
16422,7892
16423,15746
16424,16286
16425,817
16426,16789
16427,11624
16428,9074
16429,8729
16430,17752
16431,13636
16432,15955
16433,894
16434,10134
16435,7316
16436,6692
16437,16743
16438,6440
16439,11620
16440,2044
16441,17776
16442,3120
16443,8494
16444,3846
16445,2828
16446,12635
16447,11871
16448,3083
16449,14280
16450,7455
16451,13848
16452,12543
16453,15426
16454,326
16455,5638
16456,7114
16457,5084
16458,18405
16459,11607
16460,8044
16461,17545
16462,17769
16463,6896
16464,16336
16465,11249
16466,8762
16467,1322
16468,7664
16469,14050
16470,9024
16471,10156
16472,9193
16473,6555
16474,17031
16475,16842
16476,11397
16477,3402
16478,66
16479,11556
16480,2218
16481,16025
16482,15164
16483,17932
16484,14858
16485,14014
16486,17562
16487,9387
16488,16983
16489,3423
16490,11204
16491,10944
16492,9924
16493,15364
16494,5162
16495,8798
16496,2341
16497,13263
16498,11498
16499,11828
16500,9946
16501,6650
16502,16142
16503,7994
16504,6173
16505,5593
16506,8743
16507,11724
16508,1647
16509,14687
16510,3978
16511,3443
16512,6429
16513,14756
16514,4870
16515,913
16516,13856
16517,7860
16518,8201
16519,5788
16520,8595
16521,16206
16522,8141
16523,17825
16524,16946
16525,2792
16526,4601
16527,8849
16528,2390
16529,14880
16530,494
16531,6406
16532,14855
16533,6762
16534,6387
16535,7818
16536,15275
16537,3043
16538,9163
16539,13343
16540,2522
16541,7570
16542,1082
16543,10894
16544,605
16545,3134
16546,17505
16547,518
16548,14101
16549,15625
16550,6686
16551,3477
16552,4596
16553,13109
16554,981
16555,9668
16556,13729
16557,1071
16558,15700
16559,2882
16560,14585
16561,15607
16562,11113
16563,69
16564,17644
16565,1194
16566,3811
16567,13642
16568,15290
16569,89
16570,7579
16571,6900
16572,14788
16573,15232
16574,13267
16575,7649
16576,17222
16577,8273
16578,8665
16579,8958
16580,12922
16581,1483
16582,6224
16583,4952
16584,5174
16585,8628
16586,5978
16587,12971
16588,2168
16589,13165
16590,12292
16591,14180
16592,17632
16593,16199
16594,5573
16595,8695
16596,12874
16597,13383
16598,10216
16599,13478
16600,9664
16601,13050
16602,6594
16603,10949
16604,7992
16605,16144
16606,15719
16607,959
16608,11080
16609,11652
16610,4631
16611,6404
16612,496
16613,11313
16614,2655
16615,13333
16616,771
16617,1553
16618,6774
16619,4278
16620,11072
16621,9776
16622,6677
16623,3432
16624,7255
16625,10287
16626,11527
16627,9686
16628,13909
16629,3893
16630,8782
16631,9462
16632,11330
16633,13282
16634,3412
16635,14486
16636,14412
16637,10561
16638,10495
16639,17087
16640,5387
16641,15810
16642,13534
16643,14283
16644,14631
16645,1000
16646,8840
16647,7978
16648,15872
16649,7367
16650,3546
16651,17140
16652,5237
16653,11153
16654,17573
16655,5194
16656,13651
16657,17447
16658,4642
16659,9549
16660,3566
16661,1758
16662,10606
16663,11945
16664,521
16665,8935
16666,17974
16667,3100
16668,14172
16669,1139
16670,11271
16671,6099
16672,5129
16673,12746
16674,10605
16675,1772
16676,3567
16677,12901
16678,11732
16679,6337
16680,9043
16681,17686
16682,17075
16683,3655
16684,8073
16685,7350
16686,5149
16687,15023
16688,10426
16689,2209
16690,7149
16691,8243
16692,2901
16693,13740
16694,9190
16695,13374
16696,4786
16697,16320
16698,1668
16699,2243
16700,9275
16701,15336
16702,15856
16703,4230
16704,3177
16705,6155
16706,13694
16707,17333
16708,7448
16709,7880
16710,2375
16711,12856
16712,7958
16713,8327
16714,9565
16715,6620
16716,13033
16717,3620
16718,12758
16719,17820
16720,15151
16721,3973
16722,15535
16723,1369
16724,12339
16725,15681
16726,15593
16727,3598
16728,14941
16729,15588
16730,10261
16731,574
16732,3912
16733,12979
16734,792
16735,5417
16736,9374
16737,3141
16738,18346
16739,17791
16740,6500
16741,4325
16742,11740
16743,16437
16744,11994
16745,273
16746,6392
16747,4078
16748,13915
16749,405
16750,6221
16751,2137
16752,18115
16753,16864
16754,5632
16755,12534
16756,11849
16757,12285
16758,11522
16759,8732
16760,7988
16761,14387
16762,13116
16763,17848
16764,2242
16765,1735
16766,16321
16767,1206
16768,1406
16769,1429
16770,4345
16771,18311
16772,8989
16773,13958
16774,6111
16775,18244
16776,16375
16777,1614
16778,6872
16779,11646
16780,13493
16781,6215
16782,15519
16783,11138
16784,16991
16785,14686
16786,1925
16787,11725
16788,17615
16789,16426
16790,6810
16791,2683
16792,15007
16793,2439
16794,12821
16795,12570
16796,14582
16797,8394
16798,4814
16799,1004
16800,13060
16801,17360
16802,2735
16803,7769
16804,16102
16805,7303
16806,4849
16807,2460
16808,6772
16809,1555
16810,7405
16811,11353
16812,12156
16813,421
16814,1093
16815,13295
16816,4594
16817,3479
16818,6871
16819,1656
16820,16376
16821,6232
16822,15870
16823,7980
16824,13988
16825,10466
16826,13776
16827,5888
16828,3009
16829,2126
16830,12281
16831,8296
16832,7288
16833,10334
16834,12427
16835,6748
16836,12835
16837,8050
16838,3259
16839,13102
16840,9176
16841,1401
16842,16475
16843,7037
16844,12308
16845,8462
16846,16110
16847,2708
16848,314
16849,10066
16850,7825
16851,6490
16852,17920
16853,18398
16854,14639
16855,8282
16856,10812
16857,8620
16858,2013
16859,8467
16860,10652
16861,9580
16862,18257
16863,317
16864,16753
16865,12802
16866,3776
16867,2978
16868,7915
16869,9299
16870,6734
16871,5275
16872,13686
16873,3982
16874,9317
16875,6448
16876,4700
16877,7404
16878,1624
16879,6773
16880,1816
16881,772
16882,18124
16883,3532
16884,18314
16885,5156
16886,15478
16887,18278
16888,7063
16889,776
16890,13547
16891,10125
16892,5311
16893,6667
16894,17906
16895,12021
16896,11729
16897,12
16898,17016
16899,8111
16900,14946
16901,5643
16902,3022
16903,12373
16904,217
16905,17673
16906,18264
16907,15691
16908,2079
16909,12204
16910,17259
16911,18324
16912,12119
16913,17669
16914,5485
16915,85
16916,644
16917,16062
16918,12313
16919,9460
16920,8784
16921,4401
16922,3062
16923,4358
16924,17639
16925,13018
16926,1162
16927,13378
16928,4250
16929,11778
16930,17783
16931,2614
16932,17426
16933,1192
16934,17646
16935,17707
16936,3891
16937,13911
16938,5758
16939,17557
16940,11124
16941,9896
16942,9915
16943,1200
16944,3132
16945,607
16946,16524
16947,15642
16948,2135
16949,6223
16950,1852
16951,12923
16952,8115
16953,6190
16954,17249
16955,8119
16956,312
16957,2710
16958,14334
16959,8066
16960,12589
16961,6424
16962,2431
16963,8740
16964,11243
16965,12770
16966,4536
16967,4011
16968,5813
16969,9078
16970,13809
16971,4375
16972,12541
16973,13850
16974,10183
16975,4564
16976,15131
16977,9533
16978,14341
16979,393
16980,16048
16981,17684
16982,9045
16983,16488
16984,15011
16985,4290
16986,7656
16987,1313
16988,17438
16989,12778
16990,7294
16991,16784
16992,3748
16993,7386
16994,9351
16995,11088
16996,10480
16997,17727
16998,8054
16999,3175
17000,4232
17001,4029
17002,9867
17003,4344
17004,1664
17005,1407
17006,6717
17007,5442
17008,9016
17009,9333
17010,6982
17011,16346
17012,9677
17013,15019
17014,3949
17015,18420
17016,16898
17017,10323
17018,10187
17019,3976
17020,14689
17021,17715
17022,12084
17023,5190
17024,11918
17025,6716
17026,1428
17027,1665
17028,1207
17029,14665
17030,11877
17031,16474
17032,1592
17033,9177
17034,9816
17035,6263
17036,9962
17037,3816
17038,14165
17039,5038
17040,9501
17041,17175
17042,2054
17043,2082
17044,14266
17045,2085
17046,8758
17047,11504
17048,14600
17049,14504
17050,11409
17051,11644
17052,6874
17053,9310
17054,15118
17055,1030
17056,17844
17057,15017
17058,9679
17059,17400
17060,10700
17061,6731
17062,15381
17063,12338
17064,1710
17065,15536
17066,16289
17067,12671
17068,15084
17069,14068
17070,284
17071,8215
17072,4957
17073,2399
17074,746
17075,16682
17076,14779
17077,13716
17078,2952
17079,3172
17080,11335
17081,15938
17082,11420
17083,11565
17084,12899
17085,3569
17086,7937
17087,16639
17088,13047
17089,2647
17090,4296
17091,11579
17092,13622
17093,5186
17094,1060
17095,15967
17096,4398
17097,3877
17098,2582
17099,14716
17100,5393
17101,10974
17102,10913
17103,9660
17104,2344
17105,8231
17106,4195
17107,5769
17108,12131
17109,8590
17110,7663
17111,1966
17112,8763
17113,4706
17114,17874
17115,10671
17116,11057
17117,8194
17118,13625
17119,17437
17120,1446
17121,7657
17122,9800
17123,11496
17124,13265
17125,15234
17126,3004
17127,16330
17128,18320
17129,5103
17130,11388
17131,3327
17132,9932
17133,8465
17134,2015
17135,7910
17136,4491
17137,14351
17138,4441
17139,14886
17140,16651
17141,13197
17142,2670
17143,17247
17144,6192
17145,9975
17146,10971
17147,43
17148,12150
17149,17586
17150,9784
17151,5967
17152,2475
17153,3701
17154,3113
17155,2351
17156,14680
17157,8682
17158,11161
17159,2995
17160,18071
17161,4188
17162,7904
17163,3585
17164,11911
17165,9609
17166,15436
17167,364
17168,102
17169,13781
17170,540
17171,3783
17172,3786
17173,16341
17174,8931
17175,17041
17176,16380
17177,14221
17178,12367
17179,6894
17180,17771
17181,14502
17182,14602
17183,5117
17184,13489
17185,14194
17186,14028
17187,8033
17188,6322
17189,2030
17190,8260
17191,2152
17192,1114
17193,4415
17194,14431
17195,7400
17196,11936
17197,13437
17198,11821
17199,9336
17200,15757
17201,12942
17202,8640
17203,3252
17204,9209
17205,2837
17206,11192
17207,17576
17208,10488
17209,10858
17210,10264
17211,14496
17212,3593
17213,7207
17214,11583
17215,14362
17216,4453
17217,17478
17218,12850
17219,744
17220,2401
17221,10783
17222,16576
17223,10161
17224,2165
17225,14664
17226,1405
17227,1666
17228,16322
17229,14529
17230,8979
17231,13173
17232,3131
17233,1490
17234,9916
17235,3185
17236,4589
17237,16414
17238,3810
17239,1868
17240,17645
17241,1500
17242,17427
17243,5375
17244,5271
17245,7277
17246,15762
17247,17143
17248,12242
17249,16954
17250,10315
17251,5349
17252,2747
17253,8701
17254,6629
17255,8528
17256,17509
17257,10925
17258,6228
17259,16910
17260,110
17261,2658
17262,8091
17263,17598
17264,14964
17265,8096
17266,9872
17267,2893
17268,3829
17269,13318
17270,13377
17271,1507
17272,13019
17273,2177
17274,5646
17275,7179
17276,7233
17277,12581
17278,2745
17279,5351
17280,8601
17281,16
17282,7591
17283,11172
17284,7524
17285,851
17286,12744
17287,5131
17288,2447
17289,5430
17290,16272
17291,13510
17292,5832
17293,11270
17294,1764
17295,14173
17296,2983
17297,4949
17298,9858
17299,5868
17300,18010
17301,17342
17302,11213
17303,9086
17304,10890
17305,15704
17306,11400
17307,17991
17308,13878
17309,6117
17310,2101
17311,115
17312,3338
17313,6863
17314,906
17315,8557
17316,14753
17317,13098
17318,4414
17319,1241
17320,2153
17321,11819
17322,13439
17323,2109
17324,3906
17325,18250
17326,15902
17327,18383
17328,14296
17329,2421
17330,8289
17331,11023
17332,4738
17333,16707
17334,10986
17335,12104
17336,7595
17337,6206
17338,6178
17339,13294
17340,1619
17341,422
17342,17301
17343,7221
17344,11290
17345,7607
17346,10819
17347,5720
17348,7679
17349,3690
17350,10893
17351,1891
17352,7571
17353,9848
17354,205
17355,6891
17356,5203
17357,2484
17358,5950
17359,5372
17360,16801
17361,15699
17362,1876
17363,13730
17364,17795
17365,12444
17366,12853
17367,9424
17368,13881
17369,12075
17370,3208
17371,13764
17372,15966
17373,1339
17374,5187
17375,5732
17376,8859
17377,15099
17378,7810
17379,8447
17380,13409
17381,12423
17382,228
17383,12236
17384,4639
17385,14370
17386,5088
17387,15913
17388,15646
17389,4467
17390,17514
17391,10101
17392,2780
17393,5973
17394,12951
17395,7050
17396,12816
17397,943
17398,6269
17399,8753
17400,17059
17401,7734
17402,17843
17403,1378
17404,15119
17405,5971
17406,2782
17407,8426
17408,7589
17409,18
17410,12613
17411,3986
17412,13071
17413,9343
17414,1013
17415,8963
17416,18288
17417,18306
17418,2488
17419,8962
17420,1019
17421,9344
17422,10903
17423,9253
17424,10815
17425,15818
17426,16932
17427,17242
17428,13059
17429,1634
17430,4815
17431,17458
17432,8839
17433,1788
17434,14632
17435,15053
17436,4807
17437,17119
17438,16988
17439,5656
17440,5309
17441,10127
17442,9263
17443,12419
17444,11276
17445,10168
17446,4781
17447,16657
17448,13792
17449,4065
17450,2644
17451,9667
17452,1879
17453,13110
17454,15251
17455,6804
17456,4679
17457,13617
17458,17431
17459,9595
17460,341
17461,6846
17462,3455
17463,12295
17464,17596
17465,8093
17466,5223
17467,13300
17468,15988
17469,11186
17470,5015
17471,10941
17472,6886
17473,11079
17474,1826
17475,15720
17476,11576
17477,13979
17478,17217
17479,5584
17480,17698
17481,11327
17482,12812
17483,13524
17484,15636
17485,6086
17486,8253
17487,15140
17488,3355
17489,6268
17490,1036
17491,12817
17492,6954
17493,7785
17494,903
17495,2142
17496,5764
17497,12781
17498,138
17499,2388
17500,8851
17501,178
17502,13800
17503,12031
17504,15298
17505,16546
17506,17916
17507,2966
17508,9904
17509,17256
17510,7509
17511,7897
17512,9927
17513,13965
17514,17390
17515,8333
17516,8523
17517,7667
17518,3465
17519,13855
17520,1918
17521,4871
17522,12808
17523,4193
17524,8233
17525,3106
17526,8556
17527,1119
17528,6864
17529,2141
17530,939
17531,7786
17532,491
17533,8131
17534,10539
17535,2689
17536,15741
17537,13187
17538,10133
17539,2000
17540,15956
17541,14734
17542,15847
17543,3873
17544,10388
17545,16461
17546,665
17547,3516
17548,5457
17549,17870
17550,6200
17551,2278
17552,12198
17553,7059
17554,3544
17555,7369
17556,12674
17557,16939
17558,7310
17559,14700
17560,11613
17561,4418
17562,16486
17563,9047
17564,8315
17565,14207
17566,4486
17567,12239
17568,8460
17569,12310
17570,16233
17571,15760
17572,7279
17573,16654
17574,13240
17575,7240
17576,17207
17577,7946
17578,2738
17579,12929
17580,7196
17581,12743
17582,1148
17583,7525
17584,10834
17585,6282
17586,17149
17587,8650
17588,14441
17589,546
17590,8156
17591,810
17592,4274
17593,15295
17594,6635
17595,6137
17596,17464
17597,10341
17598,17263
17599,3470
17600,2412
17601,2858
17602,18189
17603,9483
17604,18055
17605,3228
17606,4859
17607,12430
17608,3843
17609,10939
17610,5017
17611,14419
17612,5366
17613,4878
17614,6707
17615,16788
17616,2008
17617,16287
17618,15538
17619,14606
17620,4920
17621,3110
17622,4273
17623,842
17624,8157
17625,6958
17626,3312
17627,12464
17628,15960
17629,2499
17630,11776
17631,4252
17632,16592
17633,2235
17634,13496
17635,16100
17636,7771
17637,2802
17638,14074
17639,16924
17640,5416
17641,1699
17642,12980
17643,18363
17644,16564
17645,17240
17646,16934
17647,727
17648,634
17649,7171
17650,5956
17651,165
17652,10550
17653,7964
17654,12896
17655,14808
17656,13546
17657,1544
17658,7064
17659,10312
17660,18123
17661,1552
17662,1817
17663,13334
17664,5609
17665,24
17666,16222
17667,11286
17668,6313
17669,16913
17670,12949
17671,5975
17672,18215
17673,16905
17674,170
17675,13691
17676,487
17677,8802
17678,8716
17679,7603
17680,8323
17681,5123
17682,5228
17683,2384
17684,16981
17685,9389
17686,16681
17687,1359
17688,2400
17689,1214
17690,12851
17691,12446
17692,7413
17693,12380
17694,16238
17695,5420
17696,16132
17697,12848
17698,17480
17699,7107
17700,8022
17701,18156
17702,8750
17703,9267
17704,9128
17705,633
17706,786
17707,16935
17708,14543
17709,8580
17710,2626
17711,7123
17712,15135
17713,14772
17714,3743
17715,17021
17716,6350
17717,8058
17718,8688
17719,2814
17720,10884
17721,233
17722,14259
17723,11605
17724,18407
17725,2213
17726,7952
17727,16997
17728,10380
17729,13432
17730,3330
17731,10897
17732,14515
17733,18354
17734,12526
17735,7632
17736,10076
17737,15917
17738,4164
17739,4170
17740,4575
17741,10575
17742,4855
17743,187
17744,2060
17745,11601
17746,16367
17747,13462
17748,6243
17749,12639
17750,6909
17751,9703
17752,16430
17753,4798
17754,14931
17755,8999
17756,6344
17757,13443
17758,4697
17759,7138
17760,14845
17761,5294
17762,4725
17763,10372
17764,13501
17765,7754
17766,10999
17767,3515
17768,887
17769,16462
17770,11538
17771,17180
17772,3932
17773,9412
17774,2909
17775,16388
17776,16441
17777,15314
17778,4559
17779,12035
17780,14227
17781,10206
17782,6654
17783,16930
17784,15820
17785,10269
17786,11339
17787,7961
17788,16061
17789,1517
17790,86
17791,16739
17792,11934
17793,7402
17794,4702
17795,17364
17796,5990
17797,8376
17798,7170
17799,785
17800,728
17801,9129
17802,7566
17803,14249
17804,15649
17805,10009
17806,13788
17807,10571
17808,10234
17809,9955
17810,16066
17811,4060
17812,4304
17813,8830
17814,14800
17815,8441
17816,239
17817,7451
17818,6504
17819,5674
17820,16719
17821,3283
17822,10559
17823,14414
17824,10291
17825,16523
17826,1488
17827,3133
17828,1889
17829,10895
17830,3332
17831,10625
17832,7913
17833,2980
17834,6370
17835,14395
17836,3736
17837,3000
17838,10750
17839,14554
17840,15853
17841,15475
17842,10698
17843,17402
17844,17056
17845,3417
17846,15387
17847,5316
17848,16763
17849,16192
17850,5786
17851,8203
17852,3014
17853,4354
17854,14358
17855,6729
17856,10702
17857,32
17858,3911
17859,1702
17860,10262
17861,10860
17862,8587
17863,4107
17864,9913
17865,9898
17866,11736
17867,16251
17868,18172
17869,12975
17870,17549
17871,12234
17872,230
17873,13726
17874,17114
17875,7763
17876,2482
17877,5205
17878,4218
17879,18067
17880,18333
17881,4842
17882,3613
17883,14981
17884,5775
17885,12412
17886,8155
17887,844
17888,14442
17889,15214
17890,11440
17891,7380
17892,3782
17893,1263
17894,13782
17895,4968
17896,10744
17897,12965
17898,9027
17899,6455
17900,415
17901,5717
17902,9095
17903,2678
17904,11464
17905,11765
17906,16894
17907,6413
17908,6039
17909,10307
17910,13393
17911,8934
17912,1769
17913,11946
17914,14100
17915,1886
17916,17506
17917,15468
17918,2756
17919,11942
17920,16852
17921,36
17922,7972
17923,253
17924,17926
17925,18179
17926,17924
17927,255
17928,73
17929,13203
17930,16051
17931,3268
17932,16483
17933,3576
17934,11673
17935,15805
17936,11312
17937,1821
17938,6405
17939,1903
17940,14881
17941,8130
17942,901
17943,7787
17944,13608
17945,8801
17946,757
17947,13692
17948,6157
17949,16186
17950,8167
17951,3939
17952,3449
17953,3725
17954,13007
17955,9525
17956,11168
17957,4221
17958,8615
17959,12172
17960,11847
17961,12536
17962,7201
17963,15570
17964,4284
17965,7129
17966,4776
17967,356
17968,5629
17969,14659
17970,5932
17971,16079
17972,15794
17973,9497
17974,16666
17975,15334
17976,9277
17977,9742
17978,8386
17979,6212
17980,2238
17981,4282
17982,15572
17983,16262
17984,5378
17985,7941
17986,4000
17987,11035
17988,7746
17989,14489
17990,7032
17991,17307
17992,4556
17993,14118
17994,14738
17995,15445
17996,10967
17997,8836
17998,18094
17999,9981
18000,6045
18001,6187
18002,13087
18003,14875
18004,14480
18005,15892
18006,7425
18007,7053
18008,15050
18009,12564
18010,17300
18011,1092
18012,1620
18013,12157
18014,12274
18015,2249
18016,6940
18017,5716
18018,533
18019,6456
18020,6427
18021,3445
18022,10405
18023,9756
18024,15143
18025,14141
18026,10779
18027,6220
18028,1684
18029,13916
18030,6495
18031,4998
18032,8504
18033,4470
18034,13767
18035,5604
18036,15415
18037,3398
18038,18293
18039,16047
18040,1454
18041,14342
18042,330
18043,15928
18044,11183
18045,3088
18046,2191
18047,3104
18048,8235
18049,48
18050,4139
18051,15393
18052,11950
18053,15377
18054,8949
18055,17604
18056,15206
18057,10246
18058,4768
18059,345
18060,2718
18061,2428
18062,6459
18063,6327
18064,10840
18065,7263
18066,14214
18067,17879
18068,101
18069,1266
18070,15437
18071,17160
18072,14246
18073,11111
18074,15609
18075,16116
18076,5628
18077,466
18078,4777
18079,4426
18080,15561
18081,8431
18082,3361
18083,18275
18084,15264
18085,13401
18086,8340
18087,2717
18088,374
18089,4769
18090,8491
18091,6845
18092,973
18093,9596
18094,17998
18095,8453
18096,14276
18097,10588
18098,2311
18099,15508
18100,7030
18101,14491
18102,15927
18103,391
18104,14343
18105,12195
18106,5637
18107,1979
18108,15427
18109,2105
18110,15922
18111,3034
18112,15045
18113,14804
18114,16295
18115,16752
18116,1570
18117,18258
18118,10065
18119,1585
18120,2709
18121,1477
18122,8120
18123,17660
18124,16882
18125,14902
18126,11348
18127,6566
18128,10395
18129,14613
18130,6266
18131,3357
18132,2817
18133,5960
18134,10357
18135,6000
18136,10675
18137,12517
18138,16371
18139,6834
18140,10632
18141,13951
18142,16406
18143,8708
18144,13458
18145,64
18146,3404
18147,3287
18148,8214
18149,1363
18150,14069
18151,7517
18152,6035
18153,9019
18154,15526
18155,10410
18156,17701
18157,9684
18158,11529
18159,6391
18160,1688
18161,11995
18162,14760
18163,2526
18164,9936
18165,7497
18166,12910
18167,11434
18168,5356
18169,5097
18170,12826
18171,2181
18172,17868
18173,5459
18174,3772
18175,12503
18176,5451
18177,72
18178,506
18179,17925
18180,510
18181,7973
18182,6536
18183,7152
18184,13177
18185,3642
18186,3806
18187,16260
18188,15574
18189,17602
18190,8951
18191,13939
18192,7878
18193,7450
18194,617
18195,8442
18196,5911
18197,6639
18198,12707
18199,14258
18200,712
18201,10885
18202,13725
18203,561
18204,12235
18205,1051
18206,12424
18207,8564
18208,14091
18209,15882
18210,3637
18211,10545
18212,16181
18213,9803
18214,12457
18215,17672
18216,1529
18217,12374
18218,11317
18219,13351
18220,14106
18221,6695
18222,2184
18223,5881
18224,4498
18225,11432
18226,12912
18227,6890
18228,1079
18229,9849
18230,12440
18231,9399
18232,9996
18233,8940
18234,11208
18235,6796
18236,13661
18237,10251
18238,13423
18239,6176
18240,6208
18241,96
18242,12353
18243,12321
18244,16775
18245,2059
18246,690
18247,4856
18248,12654
18249,14526
18250,17325
18251,2532
18252,15887
18253,3789
18254,13799
18255,932
18256,8852
18257,16862
18258,18117
18259,8369
18260,5434
18261,9538
18262,13690
18263,759
18264,16906
18265,2743
18266,12583
18267,10549
18268,782
18269,5957
18270,3958
18271,4210
18272,6068
18273,11175
18274,15071
18275,18083
18276,3170
18277,2954
18278,16887
18279,11371
18280,13132
18281,10793
18282,6714
18283,11920
18284,12000
18285,6601
18286,13668
18287,9469
18288,17416
18289,128
18290,6574
18291,2726
18292,15034
18293,18038
18294,2387
18295,935
18296,12782
18297,5557
18298,5052
18299,14994
18300,4435
18301,10194
18302,4362
18303,10918
18304,6573
18305,144
18306,17417
18307,15946
18308,14304
18309,7284
18310,14087
18311,16771
18312,9445
18313,14900
18314,16884
18315,13278
18316,10083
18317,3337
18318,1122
18319,2102
18320,17128
18321,13331
18322,2657
18323,1173
18324,16911
18325,6315
18326,8269
18327,13390
18328,11762
18329,4431
18330,13780
18331,1265
18332,365
18333,17880
18334,13592
18335,2069
18336,12352
18337,192
18338,6209
18339,4118
18340,9712
18341,10619
18342,5064
18343,7578
18344,1864
18345,15291
18346,16738
18347,643
18348,1518
18349,5486
18350,2665
18351,11914
18352,8420
18353,3917
18354,17733
18355,5908
18356,4309
18357,3153
18358,5407
18359,13202
18360,505
18361,256
18362,5452
18363,17643
18364,1870
18365,11114
18366,11555
18367,1955
18368,3403
18369,288
18370,13459
18371,14568
18372,15109
18373,11367
18374,8123
18375,6674
18376,4204
18377,8229
18378,2346
18379,12630
18380,8347
18381,8862
18382,2530
18383,17327
18384,4138
18385,384
18386,8236
18387,2805
18388,15156
18389,12149
18390,1286
18391,10972
18392,5395
18393,7834
18394,11816
18395,6306
18396,7971
18397,512
18398,16853
18399,3795
18400,3910
18401,576
18402,10703
18403,4301
18404,13348
18405,16458
18406,6827
18407,17724
18408,16221
18409,768
18410,5610
18411,5865
18412,3511
18413,15668
18414,12612
18415,1024
18416,7590
18417,1152
18418,8602
18419,14483
18420,17015
18421,1536
18422,11730
18423,12903
18424,2048
18425,2304
18426,10533
18427,3072
18428,7373
18429,4608
18430,6144
18431,9216
18432,18432
