0 3fd18148d4c736cf 0000000000000000 0000000000000000
1 3fe927eb3ff8d5cf 0000000000000000 0000000000000000
0 bfdd73d6432bd69b 0000000000000000 ffffffffffffffff
1 3fe7d09d25091407 0000000000000000 0000000000000000
0 3fd624c5ec419b63 0000000000000000 0000000000000000
1 3fec418f407cad33 0000000000000000 0000000000000000
0 3fd9d503f7eec2e2 0000000000000000 0000000000000000
1 bfe67a4ba09c10b1 0000000000000000 ffffffffffffffff
0 3fd902fa3a8ebefd 0000000000000000 0000000000000000
1 bfec112809388a5c 0000000000000000 ffffffffffffffff
0 3fd90df1ba554d20 0000000000000000 0000000000000000
1 3feed0f85ebe707b 0000000000000000 0000000000000000
0 bfdeec89369eca32 0000000000000000 ffffffffffffffff
1 3fe4ebfa20dd9ba3 0000000000000000 0000000000000000
0 3fd9b4a659c87077 0000000000000000 0000000000000000
1 3fe67e1261d90108 0000000000000000 0000000000000000
0 bfd4c4f8a44ff6ac 0000000000000000 ffffffffffffffff
1 3fef3b20544b60b5 0000000000000000 0000000000000000
0 3fd5cd6e0b3d739a 0000000000000000 0000000000000000
1 bfe9b4fb6179d13e 0000000000000000 ffffffffffffffff
0 bfd2a3e0cf90cd9f 0000000000000000 ffffffffffffffff
1 3fe55ce1d9f4b60c 0000000000000000 0000000000000000
0 3fdd1fc42b166a94 0000000000000000 0000000000000000
1 3fe32c8fd1f206de 0000000000000000 0000000000000000
0 3fdaa300a6c67361 0000000000000000 0000000000000000
1 bfed6c92b75810ca 0000000000000000 ffffffffffffffff
0 bfd293453eb9d491 0000000000000000 ffffffffffffffff
1 3fe588d20138d5ac 0000000000000000 0000000000000000
0 bfd0057930f6aeb1 0000000000000000 ffffffffffffffff
1 bfe6d5c037edb255 0000000000000000 ffffffffffffffff
0 3fd8c00c853c0689 0000000000000000 0000000000000000
1 3fe3cb55837fc480 0000000000000000 0000000000000000
0 3fd8027daf5d7fc0 0000000000000000 0000000000000000
1 bfec5407723d39ff 0000000000000000 ffffffffffffffff
0 3fd52922980613de 0000000000000000 0000000000000000
1 bfea74e0698fc337 0000000000000000 ffffffffffffffff
0 3fd11809f9408c4d 0000000000000000 0000000000000000
1 3fe3cadb192d385b 0000000000000000 0000000000000000
0 bfd77f3906fc10b7 0000000000000000 ffffffffffffffff
1 3fe317deb302f3d7 0000000000000000 0000000000000000
0 3fd5313a820f4081 0000000000000000 0000000000000000
1 bfe308b82a31e149 0000000000000000 ffffffffffffffff
0 3fdf3e900b8c4b4e 0000000000000000 0000000000000000
1 3fe37c0131f31063 0000000000000000 0000000000000000
0 bfd8ec7a3be7f070 0000000000000000 ffffffffffffffff
1 bfe47e5bdea6d9e0 0000000000000000 ffffffffffffffff
0 bfda431b2cf3d961 0000000000000000 ffffffffffffffff
1 bfe9c5b60968470e 0000000000000000 ffffffffffffffff
0 3fd419489cd333b4 0000000000000000 0000000000000000
1 3feb2cc3d3ff6495 0000000000000000 0000000000000000
0 bfd917a9f11ece6f 0000000000000000 ffffffffffffffff
1 3feb2e4ca1cc328b 0000000000000000 0000000000000000
0 3fda06c13c493552 0000000000000000 0000000000000000
1 3fe15568f414454e 0000000000000000 0000000000000000
0 3fda52d2219fec09 0000000000000000 0000000000000000
1 bfe51d6a11e7d611 0000000000000000 ffffffffffffffff
0 bfd5292cfa25e363 0000000000000000 ffffffffffffffff
1 bfe90e9e5134ecb2 0000000000000000 ffffffffffffffff
0 bfd0a58e6c4558b9 0000000000000000 ffffffffffffffff
1 3fefbe89ed493b2e 0000000000000000 0000000000000000
0 3fd1706da8237a97 0000000000000000 0000000000000000
1 bfe038f3459ba8b1 0000000000000000 ffffffffffffffff
0 bfd90aa07dd078b2 0000000000000000 ffffffffffffffff
1 bfe7e773215a0d53 0000000000000000 ffffffffffffffff
0 3fdab8c3cac4c093 0000000000000000 0000000000000000
1 3fe895f93497f8f3 0000000000000000 0000000000000000
0 bfd6a33870ccf7cd 0000000000000000 ffffffffffffffff
1 3fee59ae2d5c5ad9 0000000000000000 0000000000000000
0 3fd9a553d9b94655 0000000000000000 0000000000000000
1 3fe8aeb71599ba0e 0000000000000000 0000000000000000
0 3fda8c544956298b 0000000000000000 0000000000000000
1 3fefdf15e9f2ed7f 0000000000000000 0000000000000000
0 3fd742a6fce0a2cf 0000000000000000 0000000000000000
1 bfe822dac7e9e888 0000000000000000 ffffffffffffffff
0 3fd0b63462196c9f 0000000000000000 0000000000000000
1 3fe0acfd05ef5332 0000000000000000 0000000000000000
0 bfdd80e6268a8100 0000000000000000 ffffffffffffffff
1 3fe0ef9be3bf0064 0000000000000000 0000000000000000
0 3fde4223c8d2841a 0000000000000000 0000000000000000
1 3fe0644a52280343 0000000000000000 0000000000000000
0 3fdacbe83e55d36d 0000000000000000 0000000000000000
1 3feaaa3ce3554f79 0000000000000000 0000000000000000
0 3fdee5b18835a74f 0000000000000000 0000000000000000
1 3fe82213fe5cc29d 0000000000000000 0000000000000000
0 3fdc54c9a2e9b45b 0000000000000000 0000000000000000
1 bfe3f3d43e79676a 0000000000000000 ffffffffffffffff
0 bfd1bc7c935bddaa 0000000000000000 ffffffffffffffff
1 3fe0086a80c4b51a 0000000000000000 0000000000000000
0 bfd5ec2fcc8fbeec 0000000000000000 ffffffffffffffff
1 bfeff54ad71e2170 0000000000000000 ffffffffffffffff
0 bfd8409a1f3ba3bb 0000000000000000 ffffffffffffffff
1 bfebd31ddc1636ad 0000000000000000 ffffffffffffffff
0 bfd350dd9af2835d 0000000000000000 ffffffffffffffff
1 bfe095eced1b0b84 0000000000000000 ffffffffffffffff
0 3fd6edd77043edac 0000000000000000 0000000000000000
1 bfe7eef86547460e 0000000000000000 ffffffffffffffff
0 bfdba30ae5b7b6d6 0000000000000000 ffffffffffffffff
1 3fed7128818a251c 0000000000000000 0000000000000000
0 3fda82d577a80041 0000000000000000 0000000000000000
1 bfe30a2651db5fab 0000000000000000 ffffffffffffffff
0 bfdbb968a2a88d9d 0000000000000000 ffffffffffffffff
1 bfe0bd3303b76b14 0000000000000000 ffffffffffffffff
0 3fd86b01b97efe32 0000000000000000 0000000000000000
1 bfe757e953e63faf 0000000000000000 ffffffffffffffff
0 bfd3c960bdb0e091 0000000000000000 ffffffffffffffff
1 bfe3ff6bd9a118e7 0000000000000000 ffffffffffffffff
0 3fde490bbae1a30a 0000000000000000 0000000000000000
1 bfe13c1ead89ab75 0000000000000000 ffffffffffffffff
0 3fdcfe067fc45c59 0000000000000000 0000000000000000
1 3fe2bd229981ac90 0000000000000000 0000000000000000
0 bfd2917f1f733531 0000000000000000 ffffffffffffffff
1 3fea62cb9d7a1226 0000000000000000 0000000000000000
0 3fd080c7dde5d4e5 0000000000000000 0000000000000000
1 bfe816763dfc59a1 0000000000000000 ffffffffffffffff
0 bfdc98fc5f762604 0000000000000000 ffffffffffffffff
1 3fe9312a8a8d6273 0000000000000000 0000000000000000
0 3fd69dd10979eb8b 0000000000000000 0000000000000000
1 3fe499bb7a47fa8f 0000000000000000 0000000000000000
0 3fd6a53c27c61c0a 0000000000000000 0000000000000000
1 bfef92f79d96e2ac 0000000000000000 ffffffffffffffff
0 3fd601c747803fb8 0000000000000000 0000000000000000
1 bfe5330f1851bab6 0000000000000000 ffffffffffffffff
0 bfd0f11c84546820 0000000000000000 ffffffffffffffff
1 3fe9c9fe7c5459f0 0000000000000000 0000000000000000
0 3fd994ecc93db4f7 0000000000000000 0000000000000000
1 3fe9ea5fcc56f873 0000000000000000 0000000000000000
0 bfda0e7434d4f48a 0000000000000000 ffffffffffffffff
1 bfe2c8665682c72f 0000000000000000 ffffffffffffffff
0 3fd5cd0a1a03d9e5 0000000000000000 0000000000000000
1 3fed549e3d5ddf62 0000000000000000 0000000000000000
0 3fd5709b477f928a 0000000000000000 0000000000000000
1 bfec3c9b41784500 0000000000000000 ffffffffffffffff
0 bfda00ba3d3ba75e 0000000000000000 ffffffffffffffff
1 bfef348a01119ee2 0000000000000000 ffffffffffffffff
0 bfd2d5a51b83ed84 0000000000000000 ffffffffffffffff
1 bfe56ef230626efb 0000000000000000 ffffffffffffffff
0 bfdfedb1ec4fae7c 0000000000000000 ffffffffffffffff
1 bfec95622a5773fb 0000000000000000 ffffffffffffffff
0 3fd37acddb92331d 0000000000000000 0000000000000000
1 3fe9dd5a1212cacd 0000000000000000 0000000000000000
0 3fd9668a30c84e5b 0000000000000000 0000000000000000
1 3fe67b4e65f21c8f 0000000000000000 0000000000000000
0 3fd209cdc968ff51 0000000000000000 0000000000000000
1 3fe5df1fd5fe9950 0000000000000000 0000000000000000
0 bfd294fef4673081 0000000000000000 ffffffffffffffff
1 3fe2820918d4075f 0000000000000000 0000000000000000
0 3fd3e6dbfc972b9b 0000000000000000 0000000000000000
1 3feda31b42ab66c7 0000000000000000 0000000000000000
0 3fd25ca69ab76708 0000000000000000 0000000000000000
1 bfe12cba00768470 0000000000000000 ffffffffffffffff
0 bfd4744caaea59dd 0000000000000000 ffffffffffffffff
1 3fedee4e61d732d8 0000000000000000 0000000000000000
0 3fdc52d2d1b87997 0000000000000000 0000000000000000
1 3fe7ffac5a15af9b 0000000000000000 0000000000000000
0 3fd456a9226820a4 0000000000000000 0000000000000000
1 bfe5c8fb77ca2097 0000000000000000 ffffffffffffffff
0 3fdf37d14be7c730 0000000000000000 0000000000000000
1 bfe4014b0d46f883 0000000000000000 ffffffffffffffff
0 bfdbbc2dafa2008c 0000000000000000 ffffffffffffffff
1 3fea2a12e3c42b8b 0000000000000000 0000000000000000
0 bfdf6c6edf11bce8 0000000000000000 ffffffffffffffff
1 3fe4ec661235b46c 0000000000000000 0000000000000000
0 bfd57c816933b133 0000000000000000 ffffffffffffffff
1 bfe500c1c43a07cc 0000000000000000 ffffffffffffffff
0 bfd5f5974b4fc51f 0000000000000000 ffffffffffffffff
1 bfec315a9c3c9c5a 0000000000000000 ffffffffffffffff
0 bfd09fa4ef34e0c7 0000000000000000 ffffffffffffffff
1 3fe5eef46d23afd2 0000000000000000 0000000000000000
0 bfdd601eefd7f826 0000000000000000 ffffffffffffffff
1 3feb59192a789688 0000000000000000 0000000000000000
0 bfda2a1907daed4b 0000000000000000 ffffffffffffffff
1 3fec2b6c1f9da7da 0000000000000000 0000000000000000
0 3fdde763bfd3f7a5 0000000000000000 0000000000000000
1 bfe46fd60e5696b8 0000000000000000 ffffffffffffffff
0 3fd7f7024e692556 0000000000000000 0000000000000000
1 3fe7f1fbe58cc179 0000000000000000 0000000000000000
0 3fd90cad014e011c 0000000000000000 0000000000000000
1 bfe8738f3202a03b 0000000000000000 ffffffffffffffff
0 bfd7c7550ff7ffef 0000000000000000 ffffffffffffffff
1 3fea9b15769ee86f 0000000000000000 0000000000000000
0 bfdcb41afaac5a99 0000000000000000 ffffffffffffffff
1 bfe81e04b1178761 0000000000000000 ffffffffffffffff
0 bfd6b6dbe9eb0f55 0000000000000000 ffffffffffffffff
1 bfeb551f8c82239e 0000000000000000 ffffffffffffffff
0 bfd452c5ef10c2bf 0000000000000000 ffffffffffffffff
1 3fe8540f55f1b1f7 0000000000000000 0000000000000000
0 3fda966e17d043eb 0000000000000000 0000000000000000
1 bfe10370fe58ea7b 0000000000000000 ffffffffffffffff
0 bfd64a70527ad077 0000000000000000 ffffffffffffffff
1 3fe4e6c93532758f 0000000000000000 0000000000000000
0 bfdfe85d898055ef 0000000000000000 ffffffffffffffff
1 3fe01e9b30510274 0000000000000000 0000000000000000
0 bfd9cce2ba2872fa 0000000000000000 ffffffffffffffff
1 bfefb50e5c53d834 0000000000000000 ffffffffffffffff
0 3fd7dfce3c0a2fa1 0000000000000000 0000000000000000
1 bfea6696d88fad99 0000000000000000 ffffffffffffffff
0 3fd7a9372d5bcef1 0000000000000000 0000000000000000
1 3fe307b6fbfb77b8 0000000000000000 0000000000000000
0 bfdb1d9a56fbaa5d 0000000000000000 ffffffffffffffff
1 bfe829d2819e7460 0000000000000000 ffffffffffffffff
0 3fd9fa584dd97a86 0000000000000000 0000000000000000
1 3fe517cff25370e6 0000000000000000 0000000000000000
0 bfd45eded3e9d8c7 0000000000000000 ffffffffffffffff
1 bfe61e1521e44b3b 0000000000000000 ffffffffffffffff
0 bfd6d1e9eaa5d174 0000000000000000 ffffffffffffffff
1 3fe5b7849148b9d4 0000000000000000 0000000000000000
0 bfd9ba7b23541afb 0000000000000000 ffffffffffffffff
1 bfeb359f6d6160aa 0000000000000000 ffffffffffffffff
0 3fd09a29e46e4018 0000000000000000 0000000000000000
1 bfe20ddd1f2ce048 0000000000000000 ffffffffffffffff
0 3fdbf49667682312 0000000000000000 0000000000000000
1 bfee5c06c6d624e3 0000000000000000 ffffffffffffffff
0 3fdf1c0d1a031acd 0000000000000000 0000000000000000
1 3fe5b59c2ee2f368 0000000000000000 0000000000000000
0 bfdbb33707a403e0 0000000000000000 ffffffffffffffff
1 3fe2d39f26063f35 0000000000000000 0000000000000000
0 3fd682ecb197d609 0000000000000000 0000000000000000
1 bfea7ea40f1fa68c 0000000000000000 ffffffffffffffff
0 3fd38373cda388c9 0000000000000000 0000000000000000
1 3fe005a4612cbe49 0000000000000000 0000000000000000
0 3fd760b8e0f5f611 0000000000000000 0000000000000000
1 3fec09193528b28f 0000000000000000 0000000000000000
0 3fd3145b605e370a 0000000000000000 0000000000000000
1 3fefe3f805fb0ff0 0000000000000000 0000000000000000
0 3fd198ccb8270822 0000000000000000 0000000000000000
1 bfe11a4f56c18ace 0000000000000000 ffffffffffffffff
0 3fdf434d69c5499e 0000000000000000 0000000000000000
1 3fe07df6d95b1eab 0000000000000000 0000000000000000
0 bfd12d9fb45d4d7b 0000000000000000 ffffffffffffffff
1 3fe28f1703bc4cf2 0000000000000000 0000000000000000
0 3fd396ff50bce9b5 0000000000000000 0000000000000000
1 3febb29a23abd737 0000000000000000 0000000000000000
0 bfd48d15fca8722c 0000000000000000 ffffffffffffffff
1 3fec95f326c8cb5c 0000000000000000 0000000000000000
0 3fdc7df505fd87b4 0000000000000000 0000000000000000
1 bfe207efc9f1ccaa 0000000000000000 ffffffffffffffff
0 bfded6b6cfcd94a8 0000000000000000 ffffffffffffffff
1 bfe55f5f8fa3b93b 0000000000000000 ffffffffffffffff
0 3fd1661babab9f16 0000000000000000 0000000000000000
1 3fe03de89e3aa618 0000000000000000 0000000000000000
0 3fd6431f4760df0a 0000000000000000 0000000000000000
1 bfe34547909f3424 0000000000000000 ffffffffffffffff
0 3fde90ea6cb230ec 0000000000000000 0000000000000000
1 bfefa4fcc5023615 0000000000000000 ffffffffffffffff
0 bfd6e7469f3f4a17 0000000000000000 ffffffffffffffff
1 bfe3a12a8bf09424 0000000000000000 ffffffffffffffff
0 bfd639bcdb0664d5 0000000000000000 ffffffffffffffff
1 3fe6e83e70f77fcb 0000000000000000 0000000000000000
0 3fdce044a04ab90a 0000000000000000 0000000000000000
1 bfe1177d329aba92 0000000000000000 ffffffffffffffff
0 bfd590412887a85d 0000000000000000 ffffffffffffffff
1 bfebea57707081e4 0000000000000000 ffffffffffffffff
0 bfd69f6a287c5593 0000000000000000 ffffffffffffffff
1 3fe1242886233aac 0000000000000000 0000000000000000
0 3fd2f46de9d29d45 0000000000000000 0000000000000000
1 3fe3c276027d3b22 0000000000000000 0000000000000000
0 bfda9653ed153bec 0000000000000000 ffffffffffffffff
1 3fecc18a7a0ee3db 0000000000000000 0000000000000000
0 3fd8f2e9f3658156 0000000000000000 0000000000000000
1 3feb89e2032293b0 0000000000000000 0000000000000000
0 3fd1d33337cae72f 0000000000000000 0000000000000000
1 bfed9a8e4114d289 0000000000000000 ffffffffffffffff
0 bfd6c40c7a9a474d 0000000000000000 ffffffffffffffff
1 bfede7998fd2062b 0000000000000000 ffffffffffffffff
0 bfddbb04ad26c9db 0000000000000000 ffffffffffffffff
1 3fe01eeb0b0409d8 0000000000000000 0000000000000000
0 3fdcc092e9ed44ca 0000000000000000 0000000000000000
1 3fe7c58d39e1c899 0000000000000000 0000000000000000
0 3fd0916c0ea271a5 0000000000000000 0000000000000000
1 3fe635bbf1ce3dbd 0000000000000000 0000000000000000
0 3fdf917f101e74d9 0000000000000000 0000000000000000
1 3fe8e83b420ff75b 0000000000000000 0000000000000000
0 3fd7d370ec67e119 0000000000000000 0000000000000000
1 3fe65afac6408fae 0000000000000000 0000000000000000
0 3fd4942805364cfc 0000000000000000 0000000000000000
1 3fea6be5ca076105 0000000000000000 0000000000000000
0 bfdbdd595487c0c5 0000000000000000 ffffffffffffffff
1 3fe20d4bb1d180ba 0000000000000000 0000000000000000
0 3fdf2993a82ca1a2 0000000000000000 0000000000000000
1 3fe02ced566c2840 0000000000000000 0000000000000000
0 3fdd717e092c7fe2 0000000000000000 0000000000000000
1 bfed9706acfe4430 0000000000000000 ffffffffffffffff
0 3fd85c512d3db241 0000000000000000 0000000000000000
1 bfe124f44419c744 0000000000000000 ffffffffffffffff
0 bfd4b879ccdee8ba 0000000000000000 ffffffffffffffff
1 3fe1d68995de02fe 0000000000000000 0000000000000000
0 3fd590eab1f06371 0000000000000000 0000000000000000
1 3fe47c47184496de 0000000000000000 0000000000000000
0 bfddfc3146525c8d 0000000000000000 ffffffffffffffff
1 bfed83c227ab43e8 0000000000000000 ffffffffffffffff
0 bfd8430a48247b66 0000000000000000 ffffffffffffffff
1 bfe6086292d84a9e 0000000000000000 ffffffffffffffff
0 bfdc1c4ceb910a40 0000000000000000 ffffffffffffffff
1 bfe56d4f0dd17485 0000000000000000 ffffffffffffffff
0 3fd1ec23e7b3de08 0000000000000000 0000000000000000
1 3fe961416938fe58 0000000000000000 0000000000000000
0 3fd60831b74e12a2 0000000000000000 0000000000000000
1 bfe9c80f4d9b45a3 0000000000000000 ffffffffffffffff
0 bfd6207989b5faa5 0000000000000000 ffffffffffffffff
1 bfe5885fc3a5a76d 0000000000000000 ffffffffffffffff
0 bfd041151637e798 0000000000000000 ffffffffffffffff
1 bfe0fc6edb1c92a4 0000000000000000 ffffffffffffffff
0 3fd85f03eb6874c6 0000000000000000 0000000000000000
1 3fe51be6c9a54479 0000000000000000 0000000000000000
0 3fdb53ec8510cf6a 0000000000000000 0000000000000000
1 3fe24fa508c86d42 0000000000000000 0000000000000000
0 bfd3c77479542de5 0000000000000000 ffffffffffffffff
1 bfeb35f51a65ddc8 0000000000000000 ffffffffffffffff
0 3fd22f3ba67efe7b 0000000000000000 0000000000000000
1 bfe9ea284e7aebc1 0000000000000000 ffffffffffffffff
0 3fd8e499943e3269 0000000000000000 0000000000000000
1 bfe2eb574e690964 0000000000000000 ffffffffffffffff
0 3fdf5cf509b49d23 0000000000000000 0000000000000000
1 3fe146e21dc36e34 0000000000000000 0000000000000000
0 bfd1190e235966f6 0000000000000000 ffffffffffffffff
1 bfe4f874dc1d0213 0000000000000000 ffffffffffffffff
0 3fd41212d76548d7 0000000000000000 0000000000000000
1 3fe7c1841770913a 0000000000000000 0000000000000000
0 bfd2ea3eeb1086e4 0000000000000000 ffffffffffffffff
1 3fedc2cfd604e168 0000000000000000 0000000000000000
0 bfd8c37a296bf670 0000000000000000 ffffffffffffffff
1 3fe878299bb3a7a0 0000000000000000 0000000000000000
0 3fda892bfef420ca 0000000000000000 0000000000000000
1 3fe879c49e1db5e1 0000000000000000 0000000000000000
0 3fd58254f3912272 0000000000000000 0000000000000000
1 3feb3b7de6a795b0 0000000000000000 0000000000000000
0 3fd04bef7c6fdf0f 0000000000000000 0000000000000000
1 3fe047b565a5dfd8 0000000000000000 0000000000000000
0 3fde6b2357989a78 0000000000000000 0000000000000000
1 bfee529d57e9fe18 0000000000000000 ffffffffffffffff
0 bfd3de5fafffa946 0000000000000000 ffffffffffffffff
1 bfe788bbc6118063 0000000000000000 ffffffffffffffff
0 bfdff073d07712b5 0000000000000000 ffffffffffffffff
1 bfe950f1ce816588 0000000000000000 ffffffffffffffff
0 3fdfad36802951f1 0000000000000000 0000000000000000
1 bfec6a0db6ebd981 0000000000000000 ffffffffffffffff
0 3fd7b1a7d03055e2 0000000000000000 0000000000000000
1 3feb00d6712dd6e1 0000000000000000 0000000000000000
0 bfd6b896186fcbee 0000000000000000 ffffffffffffffff
1 bfef192a947a3e6f 0000000000000000 ffffffffffffffff
0 bfd0e3722a47f8b3 0000000000000000 ffffffffffffffff
1 bfe823ed64a12545 0000000000000000 ffffffffffffffff
0 bfdb69e29dfd494d 0000000000000000 ffffffffffffffff
1 bfe7917485edf8bd 0000000000000000 ffffffffffffffff
0 bfddfa38895a46c9 0000000000000000 ffffffffffffffff
1 bfea8fac3158811d 0000000000000000 ffffffffffffffff
0 3fd0d7f39d9d070a 0000000000000000 0000000000000000
1 3fed5ba001012a9f 0000000000000000 0000000000000000
0 bfd1a2c4d13469dc 0000000000000000 ffffffffffffffff
1 3fe9042dea0eacf9 0000000000000000 0000000000000000
0 3fd6f416a7c5345c 0000000000000000 0000000000000000
1 bfec6d9cd3b797eb 0000000000000000 ffffffffffffffff
0 bfd8dda920ed8a1d 0000000000000000 ffffffffffffffff
1 bfe653008ce1f9f6 0000000000000000 ffffffffffffffff
0 3fd7da72e94ba3c1 0000000000000000 0000000000000000
1 bfebb854b52ec4f1 0000000000000000 ffffffffffffffff
0 3fdfe8a8bcc5debb 0000000000000000 0000000000000000
1 bfe12b061bffc549 0000000000000000 ffffffffffffffff
0 bfd9d0c6b2ecd515 0000000000000000 ffffffffffffffff
1 3fef05c0e04cddf5 0000000000000000 0000000000000000
0 3fdf90dc6a40302c 0000000000000000 0000000000000000
1 bfed378665d0d222 0000000000000000 ffffffffffffffff
0 bfd2b405b348f5ae 0000000000000000 ffffffffffffffff
1 bfea1eef7b135699 0000000000000000 ffffffffffffffff
0 bfdf866b2f2a690a 0000000000000000 ffffffffffffffff
1 bfee1c36ffa9b79f 0000000000000000 ffffffffffffffff
0 bfde8acf381b5f2b 0000000000000000 ffffffffffffffff
1 bfed1907c73158a7 0000000000000000 ffffffffffffffff
0 bfd54f7bf0e3cc3c 0000000000000000 ffffffffffffffff
1 3feee1c7b71c58b9 0000000000000000 0000000000000000
0 bfd331c1f9640e20 0000000000000000 ffffffffffffffff
1 bfe86f32b4ad942d 0000000000000000 ffffffffffffffff
0 3fd5fdf309d17a77 0000000000000000 0000000000000000
1 bfe8efc6d7b8ad1c 0000000000000000 ffffffffffffffff
0 3fda55bba2cb2a50 0000000000000000 0000000000000000
1 3fe6721ed98e624b 0000000000000000 0000000000000000
0 bfde270e6aed2cf9 0000000000000000 ffffffffffffffff
1 3fe9e3b30b0e9a14 0000000000000000 0000000000000000
0 bfdb8f5dddaf0e73 0000000000000000 ffffffffffffffff
1 3fe422b3d4691c7a 0000000000000000 0000000000000000
0 bfd4be45c69b5011 0000000000000000 ffffffffffffffff
1 3fee904b478a4360 0000000000000000 0000000000000000
0 bfd15524d9bfe3c8 0000000000000000 ffffffffffffffff
1 bfecc6fb1a6094a6 0000000000000000 ffffffffffffffff
0 bfd124c868bf0628 0000000000000000 ffffffffffffffff
1 3fe0dd7755f2f808 0000000000000000 0000000000000000
0 bfd8d6e0d5c7c9bf 0000000000000000 ffffffffffffffff
1 bfeb4e56f7fe8ddd 0000000000000000 ffffffffffffffff
0 3fd9700d1fa41bba 0000000000000000 0000000000000000
1 3fec171cd906cd79 0000000000000000 0000000000000000
0 3fd170d0a48ee38e 0000000000000000 0000000000000000
1 3fe914dfc2fe0eca 0000000000000000 0000000000000000
0 3fd01fa7bcaf5610 0000000000000000 0000000000000000
1 bfe53c5e26eec295 0000000000000000 ffffffffffffffff
0 bfd6ee73dd16ebc2 0000000000000000 ffffffffffffffff
1 bfeff41e65180b54 0000000000000000 ffffffffffffffff
0 3fdf15128ba231a8 0000000000000000 0000000000000000
1 bfeef69bd20bc13f 0000000000000000 ffffffffffffffff
0 bfde60178c2ad628 0000000000000000 ffffffffffffffff
1 bfedbf698fa91da7 0000000000000000 ffffffffffffffff
0 bfd15043e52490af 0000000000000000 ffffffffffffffff
1 bfee5f196f965bf1 0000000000000000 ffffffffffffffff
0 3fdd9b0315fc2def 0000000000000000 0000000000000000
1 bfe3a4a8cbdbc404 0000000000000000 ffffffffffffffff
0 bfd4917e781c3c9c 0000000000000000 ffffffffffffffff
1 3fea1d2cc87c870e 0000000000000000 0000000000000000
0 bfd08da7ace7ac11 0000000000000000 ffffffffffffffff
1 bfe1730c0a577c34 0000000000000000 ffffffffffffffff
0 bfde7a0250fcbac6 0000000000000000 ffffffffffffffff
1 3fec03f59816118e 0000000000000000 0000000000000000
0 bfd09a8dd7a80f24 0000000000000000 ffffffffffffffff
1 bfe4650d44f0e329 0000000000000000 ffffffffffffffff
0 bfd7bf95cc66b42f 0000000000000000 ffffffffffffffff
1 3fe7076de10ebc46 0000000000000000 0000000000000000
0 bfd20b726f2d42e1 0000000000000000 ffffffffffffffff
1 3fef3dad589c3454 0000000000000000 0000000000000000
0 3fd63f5c9ea79d3c 0000000000000000 0000000000000000
1 3fe36bcc82bd6cdf 0000000000000000 0000000000000000
0 bfd0923d1db8f99b 0000000000000000 ffffffffffffffff
1 3feb9eb1c1671546 0000000000000000 0000000000000000
0 bfde84d4de340531 0000000000000000 ffffffffffffffff
1 bfe911910f9c40be 0000000000000000 ffffffffffffffff
0 bfdb589f696ae1ee 0000000000000000 ffffffffffffffff
1 bfe1983ac65734f1 0000000000000000 ffffffffffffffff
0 3fdae9a96155c7f1 0000000000000000 0000000000000000
1 bfec46dbaa180408 0000000000000000 ffffffffffffffff
0 bfd408ea7068a54f 0000000000000000 ffffffffffffffff
1 3fed5cffd97478da 0000000000000000 0000000000000000
0 bfd302d716d02e66 0000000000000000 ffffffffffffffff
1 3fe2ccf832d183fb 0000000000000000 0000000000000000
0 3fd51dc4503147ea 0000000000000000 0000000000000000
1 3fe1065c2941cf73 0000000000000000 0000000000000000
0 3fdd90d70e307d37 0000000000000000 0000000000000000
1 bfeb28bf8372ebd3 0000000000000000 ffffffffffffffff
0 3fd333e439d4a29c 0000000000000000 0000000000000000
1 3fee50c0ac7c25de 0000000000000000 0000000000000000
0 3fd77a8cd83d6af2 0000000000000000 0000000000000000
1 3fe8d3b9f5fbcf0a 0000000000000000 0000000000000000
0 3fd74a5bc316afc6 0000000000000000 0000000000000000
1 bfe2dbb9d8a1ed97 0000000000000000 ffffffffffffffff
0 bfd1b2e054b94dc4 0000000000000000 ffffffffffffffff
1 3fe29095cdf2a550 0000000000000000 0000000000000000
0 bfd06c9089f0abc7 0000000000000000 ffffffffffffffff
1 3fe9e53f4cec849b 0000000000000000 0000000000000000
0 3fd1ee78c7409456 0000000000000000 0000000000000000
1 3fe3b758e8d77a2f 0000000000000000 0000000000000000
0 3fd9934c429b52c5 0000000000000000 0000000000000000
1 bfe41893e39d4d49 0000000000000000 ffffffffffffffff
0 3fd7be49bca0521a 0000000000000000 0000000000000000
1 3fed76dccf527bf4 0000000000000000 0000000000000000
0 3fdbf3b27c2ece81 0000000000000000 0000000000000000
1 bfeea20726daa20f 0000000000000000 ffffffffffffffff
0 3fd7938052833c7c 0000000000000000 0000000000000000
1 3fe7c46e98e97254 0000000000000000 0000000000000000
0 bfd530149d9c243b 0000000000000000 ffffffffffffffff
1 bfeb36ec17312470 0000000000000000 ffffffffffffffff
0 bfd02d4df12751c1 0000000000000000 ffffffffffffffff
1 bfeb068d88e41ce8 0000000000000000 ffffffffffffffff
0 bfdfe9041ba049f7 0000000000000000 ffffffffffffffff
1 3fe4bb3865db07b0 0000000000000000 0000000000000000
0 bfdfea919b2d914f 0000000000000000 ffffffffffffffff
1 bfe687a3a96a7e47 0000000000000000 ffffffffffffffff
0 bfdb5f9f53c19841 0000000000000000 ffffffffffffffff
1 3fe2d1f9ce002707 0000000000000000 0000000000000000
0 bfdc57698964c45a 0000000000000000 ffffffffffffffff
1 3feffc6b5b9d39a1 0000000000000000 0000000000000000
0 3fd013212fa3fe0c 0000000000000000 0000000000000000
1 3fee709f77e97400 0000000000000000 0000000000000000
0 3fd81f6d93b5a4ec 0000000000000000 0000000000000000
1 bfea5142d00a0679 0000000000000000 ffffffffffffffff
0 3fd1c75c5f7d657f 0000000000000000 0000000000000000
1 bfe64dbf27fa9dbb 0000000000000000 ffffffffffffffff
0 3fdedfa3882088f1 0000000000000000 0000000000000000
1 bfe145e260c5524c 0000000000000000 ffffffffffffffff
0 3fd26effd0d2e483 0000000000000000 0000000000000000
1 bfefacaefb3252f7 0000000000000000 ffffffffffffffff
0 3fd242826dc7e605 0000000000000000 0000000000000000
1 bfef6c2c5997acab 0000000000000000 ffffffffffffffff
0 bfdf724d45c4d502 0000000000000000 ffffffffffffffff
1 3fea3e3bb770cfad 0000000000000000 0000000000000000
0 3fd4ddc322f3bebc 0000000000000000 0000000000000000
1 3fe1184a52d012c2 0000000000000000 0000000000000000
0 3fd1069df08c7350 0000000000000000 0000000000000000
1 3fe60ee72efca06f 0000000000000000 0000000000000000
0 bfdfbf0dcf86094f 0000000000000000 ffffffffffffffff
1 3fe328a209f29cf8 0000000000000000 0000000000000000
0 3fd1284822199ad4 0000000000000000 0000000000000000
1 bfef8feab7a1db9f 0000000000000000 ffffffffffffffff
0 3fd6899197356313 0000000000000000 0000000000000000
1 3fec713a4655806a 0000000000000000 0000000000000000
0 bfdb03b59cc76340 0000000000000000 ffffffffffffffff
1 3fec9e6fcb39185f 0000000000000000 0000000000000000
0 bfdd502476a2decc 0000000000000000 ffffffffffffffff
1 bfe17a8616028f63 0000000000000000 ffffffffffffffff
0 3fd789edc3927da2 0000000000000000 0000000000000000
1 3fe8a144dc72457f 0000000000000000 0000000000000000
0 bfdf3a12f3547c45 0000000000000000 ffffffffffffffff
1 3fe569b2913528ce 0000000000000000 0000000000000000
0 3fdb4944965c2523 0000000000000000 0000000000000000
1 bfe327b53676173e 0000000000000000 ffffffffffffffff
0 3fd4d88b5bd7d0dc 0000000000000000 0000000000000000
1 3fed3245fc288efc 0000000000000000 0000000000000000
0 3fdf6cbdeee56763 0000000000000000 0000000000000000
1 3fe9c47d1020cfe4 0000000000000000 0000000000000000
0 bfd41356a8a6a5df 0000000000000000 ffffffffffffffff
1 3fe7c203711af627 0000000000000000 0000000000000000
0 3fdc6b372d7b5ecd 0000000000000000 0000000000000000
1 bfe266764c6cdc61 0000000000000000 ffffffffffffffff
0 3fd9afce964eb7ce 0000000000000000 0000000000000000
1 bfee1c31c4d8fab1 0000000000000000 ffffffffffffffff
0 bfd30851a67914ac 0000000000000000 ffffffffffffffff
1 bfecbb334259abf3 0000000000000000 ffffffffffffffff
0 bfdd9a8734406191 0000000000000000 ffffffffffffffff
1 3fe91dcac44e9945 0000000000000000 0000000000000000
0 3fd4ebb586cc4a0a 0000000000000000 0000000000000000
1 3fe140f1e313b295 0000000000000000 0000000000000000
0 bfda0261be266ff0 0000000000000000 ffffffffffffffff
1 bfee77ee8c16a8b2 0000000000000000 ffffffffffffffff
0 3fdb4606ec92a524 0000000000000000 0000000000000000
1 3fe746ce322ca1e2 0000000000000000 0000000000000000
0 bfd27b100f81d118 0000000000000000 ffffffffffffffff
1 3fe9187103656ef3 0000000000000000 0000000000000000
0 3fd48ffeaf53b1ed 0000000000000000 0000000000000000
1 bfeacfe8d809bdb6 0000000000000000 ffffffffffffffff
0 3fda022b62cc4c04 0000000000000000 0000000000000000
1 bfeac67bb4f3d2f0 0000000000000000 ffffffffffffffff
0 bfdba63f9337692c 0000000000000000 ffffffffffffffff
1 3fe1a7ae372fc988 0000000000000000 0000000000000000
0 bfd3fa1c2f3a94d9 0000000000000000 ffffffffffffffff
1 bfee22c977ce534e 0000000000000000 ffffffffffffffff
0 bfd2ace7498e6358 0000000000000000 ffffffffffffffff
1 bfefcd6f5b7bff0c 0000000000000000 ffffffffffffffff
0 bfd23375670a575a 0000000000000000 ffffffffffffffff
1 3fe58409994234f2 0000000000000000 0000000000000000
0 bfd09c027163c5e1 0000000000000000 ffffffffffffffff
1 bfe0c0f3ba8d16ba 0000000000000000 ffffffffffffffff
0 bfd7e70f8bd4c207 0000000000000000 ffffffffffffffff
1 3fe18ca0f3af1393 0000000000000000 0000000000000000
0 3fdad7a05b7953af 0000000000000000 0000000000000000
1 bfe209257d416485 0000000000000000 ffffffffffffffff
0 bfdfc3bf82381e5d 0000000000000000 ffffffffffffffff
1 bfeb1263167a270c 0000000000000000 ffffffffffffffff
0 bfd99db40214f2e6 0000000000000000 ffffffffffffffff
1 3fe9270306e017bf 0000000000000000 0000000000000000
0 3fd6dfcc8bd7da38 0000000000000000 0000000000000000
1 3febf2978eea7fac 0000000000000000 0000000000000000
0 bfdeb490870a0d79 0000000000000000 ffffffffffffffff
1 bfe1b050340312c9 0000000000000000 ffffffffffffffff
0 bfdbe41e96110b6c 0000000000000000 ffffffffffffffff
1 bfedcdeafbb8a95d 0000000000000000 ffffffffffffffff
0 bfd4809edea2699d 0000000000000000 ffffffffffffffff
1 3fecdbc56750e540 0000000000000000 0000000000000000
0 3fdfe46f4f644f57 0000000000000000 0000000000000000
1 bfe31129245cdbe2 0000000000000000 ffffffffffffffff
0 bfde8c4c308fabb8 0000000000000000 ffffffffffffffff
1 bfedf83bd9eec557 0000000000000000 ffffffffffffffff
0 3fda55ff41c86f82 0000000000000000 0000000000000000
1 3fe4df016730536a 0000000000000000 0000000000000000
0 3fdcd72e1fcb7ab3 0000000000000000 0000000000000000
1 3fe63a06a36650a2 0000000000000000 0000000000000000
0 bfdb4481081e6e0c 0000000000000000 ffffffffffffffff
1 bfedf7ca3d5436ea 0000000000000000 ffffffffffffffff
0 3fd7a9c21d030c32 0000000000000000 0000000000000000
1 bfe3747339f3eacf 0000000000000000 ffffffffffffffff
0 3fd14e1b05e1b7c3 0000000000000000 0000000000000000
1 bfe8b0d0820bbb8f 0000000000000000 ffffffffffffffff
0 3fd38390e1e140fd 0000000000000000 0000000000000000
1 bfe3bae13a2da6a9 0000000000000000 ffffffffffffffff
0 bfd3e52b39a4fdcb 0000000000000000 ffffffffffffffff
1 bfec16e3ce7f7722 0000000000000000 ffffffffffffffff
0 bfd915ff1c808061 0000000000000000 ffffffffffffffff
1 3fe10d4f745fab9e 0000000000000000 0000000000000000
0 bfde17c1277d33de 0000000000000000 ffffffffffffffff
1 3fe02ecc936cec58 0000000000000000 0000000000000000
0 3fd434adb6e58f98 0000000000000000 0000000000000000
1 bfeb672b961ce2c1 0000000000000000 ffffffffffffffff
0 bfdd986913c5ac38 0000000000000000 ffffffffffffffff
1 bfef680d95c5fb37 0000000000000000 ffffffffffffffff
0 3fd2b0437d6b3810 0000000000000000 0000000000000000
1 3fe5b3c0497a410e 0000000000000000 0000000000000000
0 bfd386b696b1c58a 0000000000000000 ffffffffffffffff
1 bfe7c6cb2aa69006 0000000000000000 ffffffffffffffff
0 bfd1acdcaf071f62 0000000000000000 ffffffffffffffff
1 bfe65eca62d1c9e9 0000000000000000 ffffffffffffffff
0 3fd7ac00433d393f 0000000000000000 0000000000000000
1 bfe3b45b0fdb6aeb 0000000000000000 ffffffffffffffff
0 bfd91f9f60078253 0000000000000000 ffffffffffffffff
1 3feb52cb5fc2643b 0000000000000000 0000000000000000
0 3fdec86a9846db8d 0000000000000000 0000000000000000
1 3fed0e7dacaca1ce 0000000000000000 0000000000000000
0 3fd6d51112f8d110 0000000000000000 0000000000000000
1 3fef277f6666f0f4 0000000000000000 0000000000000000
0 3fd21371276780c4 0000000000000000 0000000000000000
1 3fea2961bbed0de2 0000000000000000 0000000000000000
0 bfd09dc077ad315b 0000000000000000 ffffffffffffffff
1 bfe2e751bba613fb 0000000000000000 ffffffffffffffff
0 bfd5627f58cd8db7 0000000000000000 ffffffffffffffff
1 bfeee4d483040abf 0000000000000000 ffffffffffffffff
0 bfdca55c50c5e03c 0000000000000000 ffffffffffffffff
1 3fe031b5af827bc7 0000000000000000 0000000000000000
0 3fdc70e457379e16 0000000000000000 0000000000000000
1 3fe0e880392972af 0000000000000000 0000000000000000
0 3fd8396f441a56ad 0000000000000000 0000000000000000
1 bfef2f2fcbaca0ce 0000000000000000 ffffffffffffffff
0 3fda329652f3ceff 0000000000000000 0000000000000000
1 3fe4ebca91933b7d 0000000000000000 0000000000000000
0 bfdf85a2a0e33e23 0000000000000000 ffffffffffffffff
1 bfe5ba2b208685d3 0000000000000000 ffffffffffffffff
0 bfd2533103b1f964 0000000000000000 ffffffffffffffff
1 3fecb46b1c5bd61b 0000000000000000 0000000000000000
0 3fde54b7f03235a6 0000000000000000 0000000000000000
1 bfe3101266aac17d 0000000000000000 ffffffffffffffff
0 bfd3af3bf2dd01b0 0000000000000000 ffffffffffffffff
1 3fe372c6dca2faa1 0000000000000000 0000000000000000
0 3fd1473ab9c08dc7 0000000000000000 0000000000000000
1 bfe6d1c182ec9d09 0000000000000000 ffffffffffffffff
0 bfd92967ddaafb5e 0000000000000000 ffffffffffffffff
1 3fef2b78cfebec34 0000000000000000 0000000000000000
0 bfdf09d1ca266adf 0000000000000000 ffffffffffffffff
1 bfe0128e18aba039 0000000000000000 ffffffffffffffff
0 3fdf84d14b9dc186 0000000000000000 0000000000000000
1 bfe2600abf892f50 0000000000000000 ffffffffffffffff
0 3fd43e397a5af10c 0000000000000000 0000000000000000
1 3feb13845c84fe20 0000000000000000 0000000000000000
0 bfd7b7ae5950047b 0000000000000000 ffffffffffffffff
1 bfe2f752fe8d2ffc 0000000000000000 ffffffffffffffff
0 3fd6d4ddf2d8a96a 0000000000000000 0000000000000000
1 3fe0db944b030f9c 0000000000000000 0000000000000000
0 3fd80b4db7a04598 0000000000000000 0000000000000000
1 3feab3a1f39f37c9 0000000000000000 0000000000000000
0 3fd1121b918c9319 0000000000000000 0000000000000000
1 bfedad77b246ea78 0000000000000000 ffffffffffffffff
0 bfdab9ab3af91f06 0000000000000000 ffffffffffffffff
1 3fe64d02ebdabe48 0000000000000000 0000000000000000
0 bfd3f7d2d3efba13 0000000000000000 ffffffffffffffff
1 3fec99ec1995bb91 0000000000000000 0000000000000000
0 bfd6f4ef790a3197 0000000000000000 ffffffffffffffff
1 bfe41f2a8a4f8df0 0000000000000000 ffffffffffffffff
0 bfd56a43a56f7492 0000000000000000 ffffffffffffffff
1 3fe76fd520acc07b 0000000000000000 0000000000000000
0 bfd57b94691be2f6 0000000000000000 ffffffffffffffff
1 3fe895e590de3158 0000000000000000 0000000000000000
0 3fdcd942cad1151c 0000000000000000 0000000000000000
1 3fec3145977c5753 0000000000000000 0000000000000000
0 3fdb66f7b3f1b266 0000000000000000 0000000000000000
1 3fefa689f5b9b5b9 0000000000000000 0000000000000000
0 3fd67afab6c97d0e 0000000000000000 0000000000000000
1 bfe3abbf4be708d3 0000000000000000 ffffffffffffffff
0 3fd781f39269c770 0000000000000000 0000000000000000
1 bfe3acb086c18c2f 0000000000000000 ffffffffffffffff
0 bfdd6745b1f4d4e6 0000000000000000 ffffffffffffffff
1 3fe46ece416dc0eb 0000000000000000 0000000000000000
0 bfdc45964d6da4bf 0000000000000000 ffffffffffffffff
1 3fe8fd4c49281df5 0000000000000000 0000000000000000
0 3fdf9673065a7e87 0000000000000000 0000000000000000
1 bfeb2a9b10ec9ed2 0000000000000000 ffffffffffffffff
0 bfd509e6d86374ed 0000000000000000 ffffffffffffffff
1 3fe21556c3251b3f 0000000000000000 0000000000000000
0 3fd6de5d1c5b4fc4 0000000000000000 0000000000000000
1 bfe7acba48bddf4a 0000000000000000 ffffffffffffffff
0 bfd0378d8bb09355 0000000000000000 ffffffffffffffff
1 3fefab777dc958f7 0000000000000000 0000000000000000
0 3fd36d6477d8745c 0000000000000000 0000000000000000
1 3fead1161d55cd74 0000000000000000 0000000000000000
0 3fd0c1ee35402dd2 0000000000000000 0000000000000000
1 3fe3fadd40a38adc 0000000000000000 0000000000000000
0 3fda33b3a7093caa 0000000000000000 0000000000000000
1 3fe01c75d39472d7 0000000000000000 0000000000000000
0 3fd35f49d7220d79 0000000000000000 0000000000000000
1 bfe600fd6404369c 0000000000000000 ffffffffffffffff
0 3fdd759d6821e4ab 0000000000000000 0000000000000000
1 bfef3e557d6cfa40 0000000000000000 ffffffffffffffff
0 bfde859a0d3c4a6e 0000000000000000 ffffffffffffffff
1 3fe07c7d0ed308a8 0000000000000000 0000000000000000
0 3fda6eee75c5f64e 0000000000000000 0000000000000000
1 bfe6fcd38cacbc9c 0000000000000000 ffffffffffffffff
0 bfdc28788d9844bd 0000000000000000 ffffffffffffffff
1 bfece4fe1ad71d5c 0000000000000000 ffffffffffffffff
0 bfd2921ad4048450 0000000000000000 ffffffffffffffff
1 3fe3a1328e559484 0000000000000000 0000000000000000
0 3fd5f2bd36f941c1 0000000000000000 0000000000000000
1 3feb24484cde0654 0000000000000000 0000000000000000
0 bfd9cc8feb616a6c 0000000000000000 ffffffffffffffff
1 3fedf835187deedc 0000000000000000 0000000000000000
0 3fd6731a0e1a14db 0000000000000000 0000000000000000
1 bfed13a613b581d5 0000000000000000 ffffffffffffffff
0 bfdfd60d543ce101 0000000000000000 ffffffffffffffff
1 3fe17aaf6c80a1de 0000000000000000 0000000000000000
0 3fd7d9ccb1a9db95 0000000000000000 0000000000000000
1 3fe70d540c415b68 0000000000000000 0000000000000000
0 3fd43267e7171a91 0000000000000000 0000000000000000
1 bfebc5e3635e0bd1 0000000000000000 ffffffffffffffff
0 3fd30ffe342d57ce 0000000000000000 0000000000000000
1 3fe6dffc094d1aab 0000000000000000 0000000000000000
0 3fda0293936b8058 0000000000000000 0000000000000000
1 3fe81903968ec2a6 0000000000000000 0000000000000000
0 bfd22db5c7582a3b 0000000000000000 ffffffffffffffff
1 3fed5951923c7fed 0000000000000000 0000000000000000
0 bfd77b07d7238a9f 0000000000000000 ffffffffffffffff
1 bfe1e351dc86413c 0000000000000000 ffffffffffffffff
0 3fd599d63bce914d 0000000000000000 0000000000000000
1 bfe246f103626ae9 0000000000000000 ffffffffffffffff
0 3fd1f2adc62d6155 0000000000000000 0000000000000000
1 bfeb20e8167d45c6 0000000000000000 ffffffffffffffff
0 3fd5390b5893c85d 0000000000000000 0000000000000000
1 3fed98c28bca6786 0000000000000000 0000000000000000
0 bfd5c1d9a60111ab 0000000000000000 ffffffffffffffff
1 bfe14500a4a3e25a 0000000000000000 ffffffffffffffff
0 3fd174da11638e72 0000000000000000 0000000000000000
1 3fe4805a73ba567a 0000000000000000 0000000000000000
0 bfdcc5bd9fe238b4 0000000000000000 ffffffffffffffff
1 bfe0c03b48f5684e 0000000000000000 ffffffffffffffff
0 bfd1d3ebd9a4e636 0000000000000000 ffffffffffffffff
1 bfe9bf843816f72e 0000000000000000 ffffffffffffffff
0 3fd3a5f465b16d13 0000000000000000 0000000000000000
1 3fe6f4163a48f12f 0000000000000000 0000000000000000
0 bfd47bc211de1f31 0000000000000000 ffffffffffffffff
1 3feccbab8e0b07c7 0000000000000000 0000000000000000
0 bfd2e2b336410e0a 0000000000000000 ffffffffffffffff
1 bfe7632d0565d44b 0000000000000000 ffffffffffffffff
0 3fdd102be0e3c9d8 0000000000000000 0000000000000000
1 bfe6554a6a593146 0000000000000000 ffffffffffffffff
0 3fd38d29afc9ac1c 0000000000000000 0000000000000000
1 bfeac2ba1fb47f8e 0000000000000000 ffffffffffffffff
0 bfdb820d99e2251a 0000000000000000 ffffffffffffffff
1 3fe1043a15c65233 0000000000000000 0000000000000000
0 3fd384b7a6bd09cb 0000000000000000 0000000000000000
1 bfeb223b0d75bbe9 0000000000000000 ffffffffffffffff
0 bfd397ff420b278d 0000000000000000 ffffffffffffffff
1 bfee6b5e867cea87 0000000000000000 ffffffffffffffff
0 bfd6943c55e9a2f5 0000000000000000 ffffffffffffffff
1 bfe2438df7c7dd5d 0000000000000000 ffffffffffffffff
0 3fd7428118bc1f19 0000000000000000 0000000000000000
1 3fe67a65a0c9f4f9 0000000000000000 0000000000000000
0 bfd6f1592a8e7820 0000000000000000 ffffffffffffffff
1 bfed30ee77a3420f 0000000000000000 ffffffffffffffff
0 3fd5fcfc87af2af4 0000000000000000 0000000000000000
1 bfe7d89d3a69d1e6 0000000000000000 ffffffffffffffff
0 3fd38036225c56cf 0000000000000000 0000000000000000
1 bfe032853f55d9ef 0000000000000000 ffffffffffffffff
0 3fd903049c9b19c0 0000000000000000 0000000000000000
1 bfe0809b80e24ec5 0000000000000000 ffffffffffffffff
0 3fd3f39bd36f82e4 0000000000000000 0000000000000000
1 bfe19d2486eda000 0000000000000000 ffffffffffffffff
0 3fd858744b154ad5 0000000000000000 0000000000000000
1 3fe4cee9987ce7a7 0000000000000000 0000000000000000
0 3fd73174fda1e538 0000000000000000 0000000000000000
1 3fe5e809fd26358d 0000000000000000 0000000000000000
0 3fdd4318d194f743 0000000000000000 0000000000000000
1 3feed8328bd510e2 0000000000000000 0000000000000000
0 bfddcc8482f36623 0000000000000000 ffffffffffffffff
1 3fea4ade32921e82 0000000000000000 0000000000000000
0 bfda39a34fd190b1 0000000000000000 ffffffffffffffff
1 bfe5865f6a78c0f0 0000000000000000 ffffffffffffffff
0 bfdb95f91413bc26 0000000000000000 ffffffffffffffff
1 3fe24e35dd18dca0 0000000000000000 0000000000000000
0 bfdf5080a86bbfff 0000000000000000 ffffffffffffffff
1 bfe6d8e6fac16839 0000000000000000 ffffffffffffffff
0 bfd166644ddc8682 0000000000000000 ffffffffffffffff
1 bfe0fba92c186e9d 0000000000000000 ffffffffffffffff
0 3fd805f5ae4af038 0000000000000000 0000000000000000
1 3fee3eec78cb41ed 0000000000000000 0000000000000000
0 3fd7dfd96c0c5acb 0000000000000000 0000000000000000
1 bfe02211a0c93c37 0000000000000000 ffffffffffffffff
0 3fdf8bae22eaa778 0000000000000000 0000000000000000
1 bfef3d6f606c1718 0000000000000000 ffffffffffffffff
0 bfdcc5f10aa4e073 0000000000000000 ffffffffffffffff
1 3fe965001e5f44f7 0000000000000000 0000000000000000
0 bfdeffb14d3b6872 0000000000000000 ffffffffffffffff
1 bfe3037cf19e0866 0000000000000000 ffffffffffffffff
0 3fd48adea842908a 0000000000000000 0000000000000000
1 3fe110a41a55ee7b 0000000000000000 0000000000000000
0 3fd2cfd572d49e66 0000000000000000 0000000000000000
1 bfee2b71b2088ca6 0000000000000000 ffffffffffffffff
0 bfd81f3658b13d81 0000000000000000 ffffffffffffffff
1 3fe6907718b86bd3 0000000000000000 0000000000000000
0 3fdf4fbffad13446 0000000000000000 0000000000000000
1 3fe6a6a5930e4321 0000000000000000 0000000000000000
0 3fd5404a412155a8 0000000000000000 0000000000000000
1 bfeba1e1ef980cbf 0000000000000000 ffffffffffffffff
0 3fd6b31e7f6f9f1f 0000000000000000 0000000000000000
1 3fe3cd6172727fa1 0000000000000000 0000000000000000
0 3fdfd12a8c3a786c 0000000000000000 0000000000000000
1 bfeb7511757d4a89 0000000000000000 ffffffffffffffff
0 bfd86c20612c7524 0000000000000000 ffffffffffffffff
1 bfea3d6aa029b1b1 0000000000000000 ffffffffffffffff
0 3fdfaeb81c611292 0000000000000000 0000000000000000
1 bfed86165b135e26 0000000000000000 ffffffffffffffff
0 3fd335b5fc45140c 0000000000000000 0000000000000000
1 3fef54ab4d5e356b 0000000000000000 0000000000000000
0 bfd58ac846a5c85e 0000000000000000 ffffffffffffffff
1 3fe426e79dcfd518 0000000000000000 0000000000000000
0 3fd41817a5b31fd3 0000000000000000 0000000000000000
1 bfe10da6efc7b11d 0000000000000000 ffffffffffffffff
0 bfd99e59e47ef3d3 0000000000000000 ffffffffffffffff
1 3fe7533bc370e27c 0000000000000000 0000000000000000
0 3fd76e07ad1c1e57 0000000000000000 0000000000000000
1 bfe4af47410c379a 0000000000000000 ffffffffffffffff
0 3fd6e63b5e611cb7 0000000000000000 0000000000000000
1 bfe78796985ff21b 0000000000000000 ffffffffffffffff
0 bfd89494bd9afa7f 0000000000000000 ffffffffffffffff
1 3fecae4f69280f39 0000000000000000 0000000000000000
0 3fdc9c204f974583 0000000000000000 0000000000000000
1 bfe28343851d11bf 0000000000000000 ffffffffffffffff
0 3fde9ff8dad0012e 0000000000000000 0000000000000000
1 bfebb614b398b666 0000000000000000 ffffffffffffffff
0 3fd156e29bb56bf8 0000000000000000 0000000000000000
1 bfe704ecf06b6516 0000000000000000 ffffffffffffffff
0 3fd481e8dc59353d 0000000000000000 0000000000000000
1 bfebe081c995fc0d 0000000000000000 ffffffffffffffff
0 3fd1386c816b987d 0000000000000000 0000000000000000
1 3fecc521a247c471 0000000000000000 0000000000000000
0 3fdc1cda088a65fb 0000000000000000 0000000000000000
1 bfe505cf5c23bcfe 0000000000000000 ffffffffffffffff
0 bfdc6940843c9955 0000000000000000 ffffffffffffffff
1 3fe9ac5eb3aff7d0 0000000000000000 0000000000000000
0 bfd7627ac0f14cc0 0000000000000000 ffffffffffffffff
1 bfe57ac9a5b343a0 0000000000000000 ffffffffffffffff
0 3fdbd58348f04683 0000000000000000 0000000000000000
1 3fed390d94c3210b 0000000000000000 0000000000000000
0 bfd34025f9925423 0000000000000000 ffffffffffffffff
1 bfe3a9e6c361f4de 0000000000000000 ffffffffffffffff
0 bfde906690ec9f61 0000000000000000 ffffffffffffffff
1 3fe779fbb64ff916 0000000000000000 0000000000000000
0 bfd9402ce55aa0d3 0000000000000000 ffffffffffffffff
1 bfeae00e2e2c4aba 0000000000000000 ffffffffffffffff
0 3fd23e9697279504 0000000000000000 0000000000000000
1 3fe21fb4cfd0ff43 0000000000000000 0000000000000000
0 3fd41dddb4eca149 0000000000000000 0000000000000000
1 bfe1e10cc72731c3 0000000000000000 ffffffffffffffff
0 3fd3943f6df40115 0000000000000000 0000000000000000
1 bfed3ff4358ef990 0000000000000000 ffffffffffffffff
0 bfdcc0a386185415 0000000000000000 ffffffffffffffff
1 3fe83735bb65d225 0000000000000000 0000000000000000
0 3fdfd9d3eeb32d3c 0000000000000000 0000000000000000
1 3fe6b5406ae3d20e 0000000000000000 0000000000000000
0 3fd5683fe3077203 0000000000000000 0000000000000000
1 3fea0807fa0d7301 0000000000000000 0000000000000000
0 3fd78aab9d77056f 0000000000000000 0000000000000000
1 bfeed6b0e8def2a9 0000000000000000 ffffffffffffffff
0 3fdc9ebac93dde28 0000000000000000 0000000000000000
1 3fed7ff67ec70f86 0000000000000000 0000000000000000
0 3fdc9d83b3685ce4 0000000000000000 0000000000000000
1 bfea516d5cc0b833 0000000000000000 ffffffffffffffff
0 3fdd4420bc3515cc 0000000000000000 0000000000000000
1 bfedb1d19ce3cf1b 0000000000000000 ffffffffffffffff
0 bfd31d39572af113 0000000000000000 ffffffffffffffff
1 3fe6b7b3c3dae1e3 0000000000000000 0000000000000000
0 bfd05fb6c9e88be1 0000000000000000 ffffffffffffffff
1 bfe6f6eb62499294 0000000000000000 ffffffffffffffff
0 bfdd96c7f7351dd6 0000000000000000 ffffffffffffffff
1 3fe3efd87d7a43ee 0000000000000000 0000000000000000
0 3fdae989a9fb2d86 0000000000000000 0000000000000000
1 3fe304c0719daef9 0000000000000000 0000000000000000
0 bfdf5d73c0438871 0000000000000000 ffffffffffffffff
1 3fea3e7fd4327058 0000000000000000 0000000000000000
0 bfdeece7bb644936 0000000000000000 ffffffffffffffff
1 bfe5f43f0a78e1de 0000000000000000 ffffffffffffffff
0 3fdb70d4007a3232 0000000000000000 0000000000000000
1 bfedd3fcfccbb35b 0000000000000000 ffffffffffffffff
0 3fdbde804253b75b 0000000000000000 0000000000000000
1 bfeab879e1a32d68 0000000000000000 ffffffffffffffff
0 bfdb8b79def9ea39 0000000000000000 ffffffffffffffff
1 bfea836355dc8561 0000000000000000 ffffffffffffffff
0 3fd53bff1ecb4269 0000000000000000 0000000000000000
1 3fee34103010bbe5 0000000000000000 0000000000000000
0 bfd61a683f850777 0000000000000000 ffffffffffffffff
1 bfeb472f102e6a65 0000000000000000 ffffffffffffffff
0 bfd8f763735f7747 0000000000000000 ffffffffffffffff
1 3fe721160688753b 0000000000000000 0000000000000000
0 3fd1478b9ce66c64 0000000000000000 0000000000000000
1 3fefb913a6586138 0000000000000000 0000000000000000
0 3fd13f2d471e39fe 0000000000000000 0000000000000000
1 bfe8e3a16c2de84e 0000000000000000 ffffffffffffffff
0 3fd82941d4a6c70d 0000000000000000 0000000000000000
1 bfe2a1769a6dc7cb 0000000000000000 ffffffffffffffff
0 bfd0761a83854b2e 0000000000000000 ffffffffffffffff
1 3fea8736ce905308 0000000000000000 0000000000000000
0 bfd2e7b94bd4c5fd 0000000000000000 ffffffffffffffff
1 bfeea2eda7d39c46 0000000000000000 ffffffffffffffff
0 bfdb81c21a4de62c 0000000000000000 ffffffffffffffff
1 bfe64f918887879a 0000000000000000 ffffffffffffffff
0 3fd1e4ece76903be 0000000000000000 0000000000000000
1 3fe1e305ee6b815e 0000000000000000 0000000000000000
0 bfd08a60d3581343 0000000000000000 ffffffffffffffff
1 3fe5c0542b64d338 0000000000000000 0000000000000000
0 3fdff50f6f95fa50 0000000000000000 0000000000000000
1 bfe0f764ccdb3897 0000000000000000 ffffffffffffffff
0 3fd23677563a1cda 0000000000000000 0000000000000000
1 3febb1646ec88b0d 0000000000000000 0000000000000000
0 bfd6aa282648dee1 0000000000000000 ffffffffffffffff
1 bfe0e392b7dc27b8 0000000000000000 ffffffffffffffff
0 bfd4fc33ceebe56a 0000000000000000 ffffffffffffffff
1 bfee6108596843c2 0000000000000000 ffffffffffffffff
0 3fd4f1539750c235 0000000000000000 0000000000000000
1 bfe40904389b899b 0000000000000000 ffffffffffffffff
0 3fd640b38308d864 0000000000000000 0000000000000000
1 3feac4cd71230f41 0000000000000000 0000000000000000
0 3fd56e56cff8132b 0000000000000000 0000000000000000
1 bfe59bf0d4764521 0000000000000000 ffffffffffffffff
0 3fdff126fbd39b57 0000000000000000 0000000000000000
1 3fefceafc689dcac 0000000000000000 0000000000000000
0 3fda0eaa43229a50 0000000000000000 0000000000000000
1 3fef28b778af49b3 0000000000000000 0000000000000000
0 3fdde9273eb8a2bb 0000000000000000 0000000000000000
1 bfe2a49cf0a9c38f 0000000000000000 ffffffffffffffff
0 3fd9c4da3ddbb11f 0000000000000000 0000000000000000
1 3feca3e0d2ed289c 0000000000000000 0000000000000000
0 3fda5006a1696d60 0000000000000000 0000000000000000
1 bfe6727ddd7d21e8 0000000000000000 ffffffffffffffff
0 3fdccd5b81c4cc5e 0000000000000000 0000000000000000
1 3fea23803df66127 0000000000000000 0000000000000000
0 3fdbc16ab3f05fef 0000000000000000 0000000000000000
1 bfe4516bb4fb6e5f 0000000000000000 ffffffffffffffff
0 3fd07ce0beb966e1 0000000000000000 0000000000000000
1 bfe1f0e7ab225910 0000000000000000 ffffffffffffffff
0 3fdf35fd0cbbc260 0000000000000000 0000000000000000
1 bfe1d9bd9cd470a4 0000000000000000 ffffffffffffffff
0 3fd03429fe966258 0000000000000000 0000000000000000
1 bfe262b900dd7a99 0000000000000000 ffffffffffffffff
0 3fd72d7679c068f0 0000000000000000 0000000000000000
1 bfe417783777b92c 0000000000000000 ffffffffffffffff
0 3fd12cda33cb786a 0000000000000000 0000000000000000
1 3fee8fad0c9f64f5 0000000000000000 0000000000000000
0 bfd34f43d31ff90f 0000000000000000 ffffffffffffffff
1 bfe349265677bd64 0000000000000000 ffffffffffffffff
0 bfd52ea8a434bf34 0000000000000000 ffffffffffffffff
1 3febb08b229eefaa 0000000000000000 0000000000000000
0 bfd505cfab2357c8 0000000000000000 ffffffffffffffff
1 3fe2e9bb23f1556e 0000000000000000 0000000000000000
0 bfdbda13bcb9c978 0000000000000000 ffffffffffffffff
1 bfe96bd2b570caed 0000000000000000 ffffffffffffffff
0 bfdf22227f795a2b 0000000000000000 ffffffffffffffff
1 bfef303c0f73da9d 0000000000000000 ffffffffffffffff
0 bfdd2bcebfaba78c 0000000000000000 ffffffffffffffff
1 bfe3ad09cf61aab5 0000000000000000 ffffffffffffffff
0 bfd5a797eb454fac 0000000000000000 ffffffffffffffff
1 bfeaa7212ef6036d 0000000000000000 ffffffffffffffff
0 bfd22c6f8902cdbe 0000000000000000 ffffffffffffffff
1 3fe90e8a9f1e409d 0000000000000000 0000000000000000
0 3fd537f54fa4387c 0000000000000000 0000000000000000
1 3fe6eedf93f00c50 0000000000000000 0000000000000000
0 bfd09717fec3659c 0000000000000000 ffffffffffffffff
1 bfe8e5d24ad2ba2d 0000000000000000 ffffffffffffffff
0 3fdb68f0742ed1f6 0000000000000000 0000000000000000
1 bfe2444f90759791 0000000000000000 ffffffffffffffff
0 3fdd06de0bfdb4a8 0000000000000000 0000000000000000
1 bfe3cdf20f95285e 0000000000000000 ffffffffffffffff
0 3fd28778dbeec11f 0000000000000000 0000000000000000
1 3fe111a940e2c901 0000000000000000 0000000000000000
0 bfd40428a4233fe0 0000000000000000 ffffffffffffffff
1 bfe2a2e207426c59 0000000000000000 ffffffffffffffff
0 bfd79dc08fcda33c 0000000000000000 ffffffffffffffff
1 3fe73de4a7dca79f 0000000000000000 0000000000000000
0 3fdd3552a165bc26 0000000000000000 0000000000000000
1 bfe70f2d9897963f 0000000000000000 ffffffffffffffff
0 3fdc62234fb7be24 0000000000000000 0000000000000000
1 3fe56188835a537a 0000000000000000 0000000000000000
0 3fd8d4c7d626edff 0000000000000000 0000000000000000
1 3fef41fc206f8fd4 0000000000000000 0000000000000000
0 3fd26e9c33db9e45 0000000000000000 0000000000000000
1 3fe5bc1cb88a239e 0000000000000000 0000000000000000
0 bfd6ddb6f5bc7d97 0000000000000000 ffffffffffffffff
1 3feb5f4c59a58685 0000000000000000 0000000000000000
0 bfdbe4446bec40b1 0000000000000000 ffffffffffffffff
1 3feb2f2feaa42222 0000000000000000 0000000000000000
0 bfd483fb9b2616d8 0000000000000000 ffffffffffffffff
1 3feb22755b7e44c9 0000000000000000 0000000000000000
0 3fdd2cbf692dc1eb 0000000000000000 0000000000000000
1 3feb76b31ddfe03f 0000000000000000 0000000000000000
0 bfded037ea44c237 0000000000000000 ffffffffffffffff
1 3fe9b20409ceabc5 0000000000000000 0000000000000000
0 bfdf68d73acef380 0000000000000000 ffffffffffffffff
1 3fe063e1d2b0f253 0000000000000000 0000000000000000
0 3fdd66615c4ae44b 0000000000000000 0000000000000000
1 3fe0cb6d38b279f0 0000000000000000 0000000000000000
0 bfd99546b4ea003b 0000000000000000 ffffffffffffffff
1 3fec3caa94ffd877 0000000000000000 0000000000000000
0 3fd46c7cd53aeb16 0000000000000000 0000000000000000
1 3fe53e6a79adbbee 0000000000000000 0000000000000000
0 bfdf04e5f3a77510 0000000000000000 ffffffffffffffff
1 3fe147a5c99322db 0000000000000000 0000000000000000
0 bfd50f5e0e480ed0 0000000000000000 ffffffffffffffff
1 bfe464c05f6f9552 0000000000000000 ffffffffffffffff
0 bfdff43f93867a47 0000000000000000 ffffffffffffffff
1 3fe5cb04228b8fd6 0000000000000000 0000000000000000
0 bfdf2e24b57dad29 0000000000000000 ffffffffffffffff
1 bfe95bd3ea865326 0000000000000000 ffffffffffffffff
0 bfde01de94b2ecd3 0000000000000000 ffffffffffffffff
1 bfe79776137abf93 0000000000000000 ffffffffffffffff
0 3fdb1b782bd1e523 0000000000000000 0000000000000000
1 bfef36094a7d91ec 0000000000000000 ffffffffffffffff
0 bfd722f1ff493883 0000000000000000 ffffffffffffffff
1 bfe4dbf90ecdb5cd 0000000000000000 ffffffffffffffff
0 3fd10520bf90196f 0000000000000000 0000000000000000
1 bfed9fff8a29b970 0000000000000000 ffffffffffffffff
0 bfda06d0011d9b71 0000000000000000 ffffffffffffffff
1 3fe3c08cc9cc856f 0000000000000000 0000000000000000
0 bfd833a862d03fea 0000000000000000 ffffffffffffffff
1 bfeedb4d4da2197e 0000000000000000 ffffffffffffffff
0 bfda13525aefaa28 0000000000000000 ffffffffffffffff
1 3fee39712994b2fe 0000000000000000 0000000000000000
0 3fd55cf0f4d9e52e 0000000000000000 0000000000000000
1 bfe7387a4fc35579 0000000000000000 ffffffffffffffff
0 3fd95f5666013416 0000000000000000 0000000000000000
1 bfed1f7ed6e64baf 0000000000000000 ffffffffffffffff
0 bfd32d33572d91a7 0000000000000000 ffffffffffffffff
1 3fe9ac296ffc3999 0000000000000000 0000000000000000
0 bfd97eba2aaae80d 0000000000000000 ffffffffffffffff
1 bfeced2c28b02726 0000000000000000 ffffffffffffffff
0 3fd7ead576c17776 0000000000000000 0000000000000000
1 3fe44af02b64e733 0000000000000000 0000000000000000
0 3fde45c8640f01d7 0000000000000000 0000000000000000
1 bfe64234a1ee8d3a 0000000000000000 ffffffffffffffff
0 3fd4d3088a4065ac 0000000000000000 0000000000000000
1 3fe42d0472ed51a8 0000000000000000 0000000000000000
0 3fdfdab97e8def31 0000000000000000 0000000000000000
1 3fea4808b6ce697d 0000000000000000 0000000000000000
0 3fd92dd3ca2ba408 0000000000000000 0000000000000000
1 3fe1763efe9c9af0 0000000000000000 0000000000000000
0 3fdc91f9e482b53c 0000000000000000 0000000000000000
1 3fecc247e026de71 0000000000000000 0000000000000000
0 3fd02df48cb51473 0000000000000000 0000000000000000
1 bfec485cf25ce318 0000000000000000 ffffffffffffffff
0 bfd0a619842a96c7 0000000000000000 ffffffffffffffff
1 3fee40655878f6c2 0000000000000000 0000000000000000
0 bfd988c70d8b0271 0000000000000000 ffffffffffffffff
1 bfe97048d39bcb2a 0000000000000000 ffffffffffffffff
0 3fd31ac8d9d6b46f 0000000000000000 0000000000000000
1 bfe91348ffdaec2e 0000000000000000 ffffffffffffffff
0 3fda1c357ec6d718 0000000000000000 0000000000000000
1 bfe37cd2e55c9360 0000000000000000 ffffffffffffffff
0 3fd7299a7036d0be 0000000000000000 0000000000000000
1 bfe375af363b6ad5 0000000000000000 ffffffffffffffff
0 bfdfedbe563209f5 0000000000000000 ffffffffffffffff
1 3feb32222f9fdb2a 0000000000000000 0000000000000000
0 bfde5ecdce8b80b4 0000000000000000 ffffffffffffffff
1 bfe86084ec772cec 0000000000000000 ffffffffffffffff
0 bfd1bb3d6c75f645 0000000000000000 ffffffffffffffff
1 3fe2e73eecb06904 0000000000000000 0000000000000000
0 3fd6e966725e50d5 0000000000000000 0000000000000000
1 3fedfa92e93cef72 0000000000000000 0000000000000000
0 3fdc349bdca67997 0000000000000000 0000000000000000
1 bfea06353057e23a 0000000000000000 ffffffffffffffff
0 bfdd27bd5807b283 0000000000000000 ffffffffffffffff
1 bfecffa227782f78 0000000000000000 ffffffffffffffff
0 bfdc5210ceaf3494 0000000000000000 ffffffffffffffff
1 bfe7be2eff57b1bf 0000000000000000 ffffffffffffffff
0 bfd3f4f1f6d2130c 0000000000000000 ffffffffffffffff
1 bfe6973447ca0909 0000000000000000 ffffffffffffffff
0 3fd6029c4bda7f92 0000000000000000 0000000000000000
1 3fef21950300b56a 0000000000000000 0000000000000000
0 3fd4f29f57a0b624 0000000000000000 0000000000000000
1 3fe95a4b80cbae46 0000000000000000 0000000000000000
0 3fde23b76246fd76 0000000000000000 0000000000000000
1 bfe74ae4ea369a83 0000000000000000 ffffffffffffffff
0 bfd4486c68a517d8 0000000000000000 ffffffffffffffff
1 3fe69ea617b9b4fb 0000000000000000 0000000000000000
0 bfd18d68616e7280 0000000000000000 ffffffffffffffff
1 3fecc8720fb7a793 0000000000000000 0000000000000000
0 3fd2f389ea40c79f 0000000000000000 0000000000000000
1 bfe3a38bc1f7c824 0000000000000000 ffffffffffffffff
0 bfdc8648a1c53da3 0000000000000000 ffffffffffffffff
1 bfe17278d7895eb9 0000000000000000 ffffffffffffffff
0 bfd0852e084e6551 0000000000000000 ffffffffffffffff
1 3feaa2255e81a029 0000000000000000 0000000000000000
0 bfd63957e067f242 0000000000000000 ffffffffffffffff
1 bfe310eef5e5af42 0000000000000000 ffffffffffffffff
0 3fd40b10dab1f55c 0000000000000000 0000000000000000
1 3fe750af4076c639 0000000000000000 0000000000000000
0 bfd9a22388e35be3 0000000000000000 ffffffffffffffff
1 3fe142d72777dfc0 0000000000000000 0000000000000000
0 bfd418cb72a4718e 0000000000000000 ffffffffffffffff
1 3fea94f6adb8bdaf 0000000000000000 0000000000000000
0 3fd28fa951d5fa27 0000000000000000 0000000000000000
1 3fe3de92549f9141 0000000000000000 0000000000000000
0 bfd65029e8502142 0000000000000000 ffffffffffffffff
1 3fecdaa220a1374d 0000000000000000 0000000000000000
0 bfd5b8b084d043ec 0000000000000000 ffffffffffffffff
1 bfe7fcc7964ddde7 0000000000000000 ffffffffffffffff
0 3fdcd4da06a83d3a 0000000000000000 0000000000000000
1 3fe5311e3f39f950 0000000000000000 0000000000000000
0 bfdcfbb288bf3c0b 0000000000000000 ffffffffffffffff
1 3fe9b86dea7d2ae6 0000000000000000 0000000000000000
0 3fdb145825ffbc58 0000000000000000 0000000000000000
1 3fe9555d94cc2e9b 0000000000000000 0000000000000000
0 bfdf3d6036d5821e 0000000000000000 ffffffffffffffff
1 bfeb17ded36cdf1f 0000000000000000 ffffffffffffffff
0 3fd9f667ff89be2b 0000000000000000 0000000000000000
1 bfe079b937943ff7 0000000000000000 ffffffffffffffff
0 bfddaaa3fbc3ee45 0000000000000000 ffffffffffffffff
1 bfe72d550ea5a872 0000000000000000 ffffffffffffffff
0 bfd0902d5ee961d4 0000000000000000 ffffffffffffffff
1 bfe885c9988e5491 0000000000000000 ffffffffffffffff
0 3fdf11827e27584b 0000000000000000 0000000000000000
1 3fed475fbbbc37a1 0000000000000000 0000000000000000
0 bfd80a22f483097d 0000000000000000 ffffffffffffffff
1 3fe80ae7cd86054c 0000000000000000 0000000000000000
0 3fdbb1f274a5321f 0000000000000000 0000000000000000
1 3feb47aaf8b5a6c6 0000000000000000 0000000000000000
0 3fd43344041e643c 0000000000000000 0000000000000000
1 3feef362ac39d40b 0000000000000000 0000000000000000
0 3fd72322ed53194d 0000000000000000 0000000000000000
1 bfed651e0cfc4382 0000000000000000 ffffffffffffffff
0 bfd36915e04f274e 0000000000000000 ffffffffffffffff
1 bfef880c7fade7fc 0000000000000000 ffffffffffffffff
0 bfdf386ccc7d6dd3 0000000000000000 ffffffffffffffff
1 bfe643738288c12b 0000000000000000 ffffffffffffffff
0 3fd86383454e3bb9 0000000000000000 0000000000000000
1 bfe6a8f71ef8d718 0000000000000000 ffffffffffffffff
0 3fd4968ee592196b 0000000000000000 0000000000000000
1 3fe6c523470ef472 0000000000000000 0000000000000000
0 3fdbb968776c4cb9 0000000000000000 0000000000000000
1 bfe3b345fedbe698 0000000000000000 ffffffffffffffff
0 bfd96cbb715da542 0000000000000000 ffffffffffffffff
1 3fea35f6fab89e5d 0000000000000000 0000000000000000
0 bfdeda4453342685 0000000000000000 ffffffffffffffff
1 3fef886e3f17da91 0000000000000000 0000000000000000
0 3fda920ea30c525e 0000000000000000 0000000000000000
1 3fedd76698ec6f5d 0000000000000000 0000000000000000
0 3fd481a251890e4f 0000000000000000 0000000000000000
1 3fe6060d592cd3e0 0000000000000000 0000000000000000
0 3fd4f6262387da65 0000000000000000 0000000000000000
1 3feacb0c6aa0a016 0000000000000000 0000000000000000
0 bfdd49f2bdbc624a 0000000000000000 ffffffffffffffff
1 bfed639e91d348c6 0000000000000000 ffffffffffffffff
0 3fdd2c9f8ff5d501 0000000000000000 0000000000000000
1 bfeb5c91b0ece7bd 0000000000000000 ffffffffffffffff
0 3fdeb8f893b91ef5 0000000000000000 0000000000000000
1 bfe1833cada475bc 0000000000000000 ffffffffffffffff
0 3fda6e2ef14e3de8 0000000000000000 0000000000000000
1 bfef16ae79373554 0000000000000000 ffffffffffffffff
0 bfd2e8e1b83cefc9 0000000000000000 ffffffffffffffff
1 3fe55daa6c72444a 0000000000000000 0000000000000000
0 3fd1062c499b5cff 0000000000000000 0000000000000000
1 bfedc43855a3d72e 0000000000000000 ffffffffffffffff
0 3fd77ad6c9b0496d 0000000000000000 0000000000000000
1 3fe756b90468b140 0000000000000000 0000000000000000
0 3fdb831af02be26a 0000000000000000 0000000000000000
1 bfed13bf9f086991 0000000000000000 ffffffffffffffff
0 3fd97fbb4df942ce 0000000000000000 0000000000000000
1 3feea196fbe64417 0000000000000000 0000000000000000
0 3fd6734d1569de04 0000000000000000 0000000000000000
1 bfe753ac083344cb 0000000000000000 ffffffffffffffff
0 3fd56609d87a8f9e 0000000000000000 0000000000000000
1 bfe3d840159c956c 0000000000000000 ffffffffffffffff
0 bfd00be908631178 0000000000000000 ffffffffffffffff
1 3fe63671c15ead48 0000000000000000 0000000000000000
0 bfdda5d7c997a605 0000000000000000 ffffffffffffffff
1 3feadc58c0ed4c2d 0000000000000000 0000000000000000
0 bfd2a276ec941aa3 0000000000000000 ffffffffffffffff
1 3fe4e39adb0e1177 0000000000000000 0000000000000000
0 bfd5747944744073 0000000000000000 ffffffffffffffff
1 3fe4e7ac1cdb4a18 0000000000000000 0000000000000000
0 3fd9294ae485122b 0000000000000000 0000000000000000
1 3fed9e1e36fb5a72 0000000000000000 0000000000000000
0 bfd24d38458580a9 0000000000000000 ffffffffffffffff
1 3fe16b79cd8b84be 0000000000000000 0000000000000000
0 3fd38173e9173bc4 0000000000000000 0000000000000000
1 3fe7782d81c1eefa 0000000000000000 0000000000000000
0 bfd1c70b64d73958 0000000000000000 ffffffffffffffff
1 bfea3816066e92e7 0000000000000000 ffffffffffffffff
0 3fda7bcb4c1c03f0 0000000000000000 0000000000000000
1 3fe4b7f6802414fd 0000000000000000 0000000000000000
0 bfd58611d24c9f81 0000000000000000 ffffffffffffffff
1 3fec5fee701e38b6 0000000000000000 0000000000000000
0 3fd9e80790b5af32 0000000000000000 0000000000000000
1 bfe9e2191b5002a6 0000000000000000 ffffffffffffffff
0 3fd591cd319df7a1 0000000000000000 0000000000000000
1 3fe9fa08953286c8 0000000000000000 0000000000000000
0 bfd241242ac480d2 0000000000000000 ffffffffffffffff
1 3fea11b838c4a9c9 0000000000000000 0000000000000000
0 bfd73f9d75f9a244 0000000000000000 ffffffffffffffff
1 3fec74bc1ebac9f7 0000000000000000 0000000000000000
0 bfde2931906753de 0000000000000000 ffffffffffffffff
1 3fe651070e546280 0000000000000000 0000000000000000
0 bfd0ff0fb5e7e348 0000000000000000 ffffffffffffffff
1 bfed4020fcd4b99c 0000000000000000 ffffffffffffffff
0 bfd56ef75447c069 0000000000000000 ffffffffffffffff
1 bfedbbab964e2d5f 0000000000000000 ffffffffffffffff
0 3fd68b3cac26e53a 0000000000000000 0000000000000000
1 3febb733e70b0d2e 0000000000000000 0000000000000000
0 bfde02c595c75cab 0000000000000000 ffffffffffffffff
1 bfefb0366a4e03b3 0000000000000000 ffffffffffffffff
0 3fdff7ccbc6448e0 0000000000000000 0000000000000000
1 3fe4e06b9ca9a528 0000000000000000 0000000000000000
0 bfd62b3b306c4a02 0000000000000000 ffffffffffffffff
1 bfe39f7260930c76 0000000000000000 ffffffffffffffff
0 bfdd1d7a28fd3da9 0000000000000000 ffffffffffffffff
1 bfe61c35edc0a0a2 0000000000000000 ffffffffffffffff
0 3fd2bd8b313e3e1d 0000000000000000 0000000000000000
1 3fe9672001649310 0000000000000000 0000000000000000
0 3fdeb00af811f630 0000000000000000 0000000000000000
1 3fe6e0491a67f96a 0000000000000000 0000000000000000
0 3fdfe17228955b03 0000000000000000 0000000000000000
1 3fe755827477c6d6 0000000000000000 0000000000000000
0 bfd62c3fbfee2c67 0000000000000000 ffffffffffffffff
1 3feabce81c3e7aa9 0000000000000000 0000000000000000
0 3fde361cedb8fb46 0000000000000000 0000000000000000
1 bfedbc84704f6f7b 0000000000000000 ffffffffffffffff
0 bfd2f768f305df46 0000000000000000 ffffffffffffffff
1 bfee54c93faf4643 0000000000000000 ffffffffffffffff
0 bfd1985051a826f9 0000000000000000 ffffffffffffffff
1 3fea97e00d5f464b 0000000000000000 0000000000000000
0 bfdafdba34c5188a 0000000000000000 ffffffffffffffff
1 bfe224f5c2abd0f4 0000000000000000 ffffffffffffffff
0 3fdab3078a4a5a85 0000000000000000 0000000000000000
1 bfe3f78a6450dcc5 0000000000000000 ffffffffffffffff
0 bfd247c44706c3b3 0000000000000000 ffffffffffffffff
1 bfe67a03a32709a4 0000000000000000 ffffffffffffffff
0 3fdba5e4ff5d2355 0000000000000000 0000000000000000
1 3fe1b6c6c394eb5f 0000000000000000 0000000000000000
0 3fd42a9eeace30d0 0000000000000000 0000000000000000
1 bfe7b9b9a1a4dc57 0000000000000000 ffffffffffffffff
0 bfd0a1bf16db41a2 0000000000000000 ffffffffffffffff
1 3febe2e274cb0325 0000000000000000 0000000000000000
0 bfdaabfcb5964600 0000000000000000 ffffffffffffffff
1 3fe40e8f40985656 0000000000000000 0000000000000000
0 3fd31716c783f38e 0000000000000000 0000000000000000
1 3feadf4bdb441f2e 0000000000000000 0000000000000000
0 bfd2239bc0870ab0 0000000000000000 ffffffffffffffff
1 bfe4cc03b54a1f0e 0000000000000000 ffffffffffffffff
0 bfd5056792864b5f 0000000000000000 ffffffffffffffff
1 bfee30249f22b9dd 0000000000000000 ffffffffffffffff
0 3fde88af1cc66566 0000000000000000 0000000000000000
1 bfe1e34f1b252f08 0000000000000000 ffffffffffffffff
0 3fde161a38c9dbc5 0000000000000000 0000000000000000
1 bfe484301cdfed7e 0000000000000000 ffffffffffffffff
0 bfdde5022c23f717 0000000000000000 ffffffffffffffff
1 bfed7a610331c2fc 0000000000000000 ffffffffffffffff
0 bfd0c006f04106e2 0000000000000000 ffffffffffffffff
1 bfe809eba180183e 0000000000000000 ffffffffffffffff
0 bfd73986a86a8217 0000000000000000 ffffffffffffffff
1 3feac128b604d9eb 0000000000000000 0000000000000000
0 bfdba2647109cdf2 0000000000000000 ffffffffffffffff
1 bfe9ef24ab7d3eec 0000000000000000 ffffffffffffffff
0 bfdd6a717d1bc963 0000000000000000 ffffffffffffffff
1 bfecdb25e5999758 0000000000000000 ffffffffffffffff
0 3fdb3911bacbbe31 0000000000000000 0000000000000000
1 3fe4d7cf46ef9334 0000000000000000 0000000000000000
0 bfd382372852c98e 0000000000000000 ffffffffffffffff
1 bfea2c9e9d9a2d41 0000000000000000 ffffffffffffffff
0 bfd4f50bf2de85df 0000000000000000 ffffffffffffffff
1 3fe8901faa7d3c4d 0000000000000000 0000000000000000
0 3fd94a73e03ff8ae 0000000000000000 0000000000000000
1 3fe4ccc1b13ef0f2 0000000000000000 0000000000000000
0 3fd3dc9ae5dacb0c 0000000000000000 0000000000000000
1 3fea00dee90fbc29 0000000000000000 0000000000000000
0 bfd0d4d91b757c0b 0000000000000000 ffffffffffffffff
1 3feb7ae1f956d30c 0000000000000000 0000000000000000
0 bfdbf2512f5bfde3 0000000000000000 ffffffffffffffff
1 3fe5e788248bfe9c 0000000000000000 0000000000000000
0 3fd73b0faed9ff06 0000000000000000 0000000000000000
1 bfef67857e3e2f0f 0000000000000000 ffffffffffffffff
0 bfd2be7330b30b19 0000000000000000 ffffffffffffffff
1 3fe6e7f2691f3096 0000000000000000 0000000000000000
0 3fd027850611db89 0000000000000000 0000000000000000
1 bfed2e4534dc3082 0000000000000000 ffffffffffffffff
0 3fddea509cf72e7f 0000000000000000 0000000000000000
1 3fe4b2a5fb4ef991 0000000000000000 0000000000000000
0 bfd04e5ca419601b 0000000000000000 ffffffffffffffff
1 3fefe0cf7a8c5c51 0000000000000000 0000000000000000
0 3fd414b3708513e8 0000000000000000 0000000000000000
1 3feebdd69fd719fd 0000000000000000 0000000000000000
0 bfdd9e2a6ccea063 0000000000000000 ffffffffffffffff
1 bfeab1c1d37dfa57 0000000000000000 ffffffffffffffff
0 bfd53ddf80dac3e8 0000000000000000 ffffffffffffffff
1 bfea3498e5f25fbe 0000000000000000 ffffffffffffffff
0 bfde997f1c645d1c 0000000000000000 ffffffffffffffff
1 bfe965e791067608 0000000000000000 ffffffffffffffff
0 3fd95f939b028dda 0000000000000000 0000000000000000
1 bfe7bd76e6b66c2d 0000000000000000 ffffffffffffffff
0 bfd4b8babad369c7 0000000000000000 ffffffffffffffff
1 bfee60c9fc35728b 0000000000000000 ffffffffffffffff
0 bfd134ca8cd0222b 0000000000000000 ffffffffffffffff
1 bfe03e67fc0724cd 0000000000000000 ffffffffffffffff
0 bfdba83e49327950 0000000000000000 ffffffffffffffff
1 bfe1e70c917ae837 0000000000000000 ffffffffffffffff
0 bfd2a2d99a7547cf 0000000000000000 ffffffffffffffff
1 3fe7f502a7d056e5 0000000000000000 0000000000000000
0 3fd9efbb19728b5c 0000000000000000 0000000000000000
1 bfec3cf161590715 0000000000000000 ffffffffffffffff
0 bfd2457ddfdcfdc7 0000000000000000 ffffffffffffffff
1 3fea01b705a980c2 0000000000000000 0000000000000000
0 bfd02512aae98706 0000000000000000 ffffffffffffffff
1 3fe52c036e61112b 0000000000000000 0000000000000000
0 3fdbbb1b845290dc 0000000000000000 0000000000000000
1 3fec94803c6c66c4 0000000000000000 0000000000000000
0 3fd99bbe123cb0d4 0000000000000000 0000000000000000
1 3fef82719bc9fb9a 0000000000000000 0000000000000000
0 3fda6f4ee424eea0 0000000000000000 0000000000000000
1 bfecc94baea5a463 0000000000000000 ffffffffffffffff
0 3fd848164dbceb2a 0000000000000000 0000000000000000
1 3fe41e1a5473178a 0000000000000000 0000000000000000
0 3fd3e603d841aa59 0000000000000000 0000000000000000
1 3fe2de212c04b201 0000000000000000 0000000000000000
0 3fdfa2a7f93ae9a8 0000000000000000 0000000000000000
1 3feb1de34026afb0 0000000000000000 0000000000000000
0 bfd489db88b605fb 0000000000000000 ffffffffffffffff
1 3fe0f8e51cf4d1e1 0000000000000000 0000000000000000
0 3fdcaa2242ea521a 0000000000000000 0000000000000000
1 3fe1855e264f57e1 0000000000000000 0000000000000000
0 3fd4dc45edbc4266 0000000000000000 0000000000000000
1 bfe059cc0edff338 0000000000000000 ffffffffffffffff
0 3fd3ea1a88eaf77d 0000000000000000 0000000000000000
1 bfe22bb10cf60ca4 0000000000000000 ffffffffffffffff
0 bfddd1d2512fd1bc 0000000000000000 ffffffffffffffff
1 3fe9a42d199d31e4 0000000000000000 0000000000000000
0 3fd84bdaa7c43b54 0000000000000000 0000000000000000
1 bfe77b054b757bb0 0000000000000000 ffffffffffffffff
0 bfd931cdad203603 0000000000000000 ffffffffffffffff
1 bfe89db850d7fbd6 0000000000000000 ffffffffffffffff
0 bfdafc54cd24b550 0000000000000000 ffffffffffffffff
1 bfe4360c5379a33e 0000000000000000 ffffffffffffffff
0 3fd1118040345172 0000000000000000 0000000000000000
1 bfe0cd7180344f9e 0000000000000000 ffffffffffffffff
0 3fd29bb7c72a3360 0000000000000000 0000000000000000
1 bfed051dd34f2d41 0000000000000000 ffffffffffffffff
0 3fd230469227000d 0000000000000000 0000000000000000
1 3fe065ce914e4c05 0000000000000000 0000000000000000
0 3fd78ac42485c045 0000000000000000 0000000000000000
1 bfea4a05d43a0f05 0000000000000000 ffffffffffffffff
0 bfda9d1561b12b98 0000000000000000 ffffffffffffffff
1 3febe142a8126db0 0000000000000000 0000000000000000
0 3fdfebefda3cb5e7 0000000000000000 0000000000000000
1 bfe2a06a15fbe45d 0000000000000000 ffffffffffffffff
0 bfdacfe6431e9fe6 0000000000000000 ffffffffffffffff
1 bfe8b733199bce53 0000000000000000 ffffffffffffffff
0 bfd020d497a6ca60 0000000000000000 ffffffffffffffff
1 bfe5a7fd9af3e3f7 0000000000000000 ffffffffffffffff
0 bfd25cff99d33157 0000000000000000 ffffffffffffffff
1 3fe09281792e2788 0000000000000000 0000000000000000
0 3fd336d6e19329de 0000000000000000 0000000000000000
1 3fede4e4d4a9b45b 0000000000000000 0000000000000000
0 3fdadfb023d50641 0000000000000000 0000000000000000
1 3feae6d4d1febbc3 0000000000000000 0000000000000000
0 bfd990ae16fc4bb8 0000000000000000 ffffffffffffffff
1 3fe6e41b09e6f4b0 0000000000000000 0000000000000000
0 3fddf085886010a1 0000000000000000 0000000000000000
1 bfe213789286e097 0000000000000000 ffffffffffffffff
0 bfdbbb877a46e390 0000000000000000 ffffffffffffffff
1 bfe36720db3901da 0000000000000000 ffffffffffffffff
0 bfd70d8662fa8f79 0000000000000000 ffffffffffffffff
1 bfe145652e1cbc7d 0000000000000000 ffffffffffffffff
0 3fd764df288cba44 0000000000000000 0000000000000000
1 3fea7900fcbb9ffc 0000000000000000 0000000000000000
0 bfd98ab80f5e9853 0000000000000000 ffffffffffffffff
1 3fe35a02a593a087 0000000000000000 0000000000000000
0 3fddf78b50b5fd30 0000000000000000 0000000000000000
1 bfef85e6bf2e6107 0000000000000000 ffffffffffffffff
0 3fd1ce0c7aa64963 0000000000000000 0000000000000000
1 bfec75c9255b75dc 0000000000000000 ffffffffffffffff
0 bfd52250cd224129 0000000000000000 ffffffffffffffff
1 bfe8c00727ed24d3 0000000000000000 ffffffffffffffff
0 3fdf7dd6faa4f312 0000000000000000 0000000000000000
1 bfecf3ce27f93ec6 0000000000000000 ffffffffffffffff
0 bfdb3b4b3caf3b37 0000000000000000 ffffffffffffffff
1 3fee9c88862c105f 0000000000000000 0000000000000000
0 3fd3f7254d96c9d7 0000000000000000 0000000000000000
1 bfe2ac0b95d9275b 0000000000000000 ffffffffffffffff
0 bfd764184493cd7d 0000000000000000 ffffffffffffffff
1 bfe257b9deb48223 0000000000000000 ffffffffffffffff
0 bfd1906858d09d88 0000000000000000 ffffffffffffffff
1 3fee513a9ad69cb0 0000000000000000 0000000000000000
0 bfddf65088ab9af2 0000000000000000 ffffffffffffffff
1 3fe752275c191890 0000000000000000 0000000000000000
0 3fd521caba7888fc 0000000000000000 0000000000000000
1 bfe28b062ac41ced 0000000000000000 ffffffffffffffff
0 bfda458c111ac8f8 0000000000000000 ffffffffffffffff
1 3fe7e9eb5f3d3359 0000000000000000 0000000000000000
0 3fd9b41492c80d37 0000000000000000 0000000000000000
1 3fe0b5f1263a4f01 0000000000000000 0000000000000000
0 bfd5723485ab4436 0000000000000000 ffffffffffffffff
1 3fe04ada62d9b5c7 0000000000000000 0000000000000000
0 3fdce4e8df152041 0000000000000000 0000000000000000
1 3fe2085f8aaa2a8f 0000000000000000 0000000000000000
0 bfd9ac9847624629 0000000000000000 ffffffffffffffff
1 bfead9c03ecc1f9c 0000000000000000 ffffffffffffffff
0 bfd2448253c15a4b 0000000000000000 ffffffffffffffff
1 bfe2e542bbe317d8 0000000000000000 ffffffffffffffff
0 bfd70828ecc8c88d 0000000000000000 ffffffffffffffff
1 3feb49bcd053d48b 0000000000000000 0000000000000000
0 3fdff072599a05a9 0000000000000000 0000000000000000
1 bfe44240b887fafc 0000000000000000 ffffffffffffffff
0 3fd8780390d39304 0000000000000000 0000000000000000
1 3fe29cc189ef235c 0000000000000000 0000000000000000
0 3fdba881bedda174 0000000000000000 0000000000000000
1 3fe2bb21d021fb51 0000000000000000 0000000000000000
0 3fd64e7f6272f32a 0000000000000000 0000000000000000
1 bfea3066eda4d642 0000000000000000 ffffffffffffffff
0 bfdbe9acfb4db9a5 0000000000000000 ffffffffffffffff
1 3feee45aee1e7c8f 0000000000000000 0000000000000000
0 bfddb32c07e07555 0000000000000000 ffffffffffffffff
1 bfefc8b4a6abb042 0000000000000000 ffffffffffffffff
0 3fd132104ef34406 0000000000000000 0000000000000000
1 bfed19e3e4cf1a54 0000000000000000 ffffffffffffffff
0 3fd48ad5e403bcdd 0000000000000000 0000000000000000
1 bfe305da4bba7f6e 0000000000000000 ffffffffffffffff
0 bfdc2b9c06fe1049 0000000000000000 ffffffffffffffff
1 3fe80ac07b32f2ff 0000000000000000 0000000000000000
0 bfdfd0d97184428d 0000000000000000 ffffffffffffffff
1 bfe8cf0654663dde 0000000000000000 ffffffffffffffff
0 bfd72253b0766339 0000000000000000 ffffffffffffffff
1 3fe9e39ce002ab51 0000000000000000 0000000000000000
0 bfdaefd6d9a2e0f2 0000000000000000 ffffffffffffffff
1 bfe7bb9ac0130935 0000000000000000 ffffffffffffffff
0 bfdd7ab356cc963d 0000000000000000 ffffffffffffffff
1 3fe87dc771b21603 0000000000000000 0000000000000000
0 bfd5c5f17448dd0f 0000000000000000 ffffffffffffffff
1 bfeaca9976a019e1 0000000000000000 ffffffffffffffff
0 3fdeb197d269229d 0000000000000000 0000000000000000
1 bfee201465eb149d 0000000000000000 ffffffffffffffff
0 bfde772fe42f14bb 0000000000000000 ffffffffffffffff
1 3fe1dfdd7effa28b 0000000000000000 0000000000000000
0 bfd10ca732429b13 0000000000000000 ffffffffffffffff
1 bfedb4f7a3cbbde1 0000000000000000 ffffffffffffffff
0 bfd4e06596bd0a15 0000000000000000 ffffffffffffffff
1 bfe6fc795d281f55 0000000000000000 ffffffffffffffff
0 bfd670a16d17c5dd 0000000000000000 ffffffffffffffff
1 bfef4eec9298eddd 0000000000000000 ffffffffffffffff
0 3fd4000efecd9b69 0000000000000000 0000000000000000
1 bfe995aa98e5b72a 0000000000000000 ffffffffffffffff
0 bfdabffe3b8cc0f5 0000000000000000 ffffffffffffffff
1 bfe24e1d760d389e 0000000000000000 ffffffffffffffff
0 3fd40b4904535054 0000000000000000 0000000000000000
1 bfeba667e0d0438a 0000000000000000 ffffffffffffffff
0 bfd31b6e2b3e13fd 0000000000000000 ffffffffffffffff
1 3fef96678973b3b7 0000000000000000 0000000000000000
0 3fdb5a7cfb411d23 0000000000000000 0000000000000000
1 bfe92dc8d2eb3a81 0000000000000000 ffffffffffffffff
0 3fd4093c3cbe8cdf 0000000000000000 0000000000000000
1 3fef2185ce2c00ae 0000000000000000 0000000000000000
0 bfd31d69eafd8779 0000000000000000 ffffffffffffffff
1 3fe5d06ffec4c186 0000000000000000 0000000000000000
0 3fd50331027d70d1 0000000000000000 0000000000000000
1 3fed030f5f823e73 0000000000000000 0000000000000000
0 bfdc75bd333223b3 0000000000000000 ffffffffffffffff
1 bfe980c31f304834 0000000000000000 ffffffffffffffff
0 bfd4ef901dd7e396 0000000000000000 ffffffffffffffff
1 bfed7522ce88bbfc 0000000000000000 ffffffffffffffff
0 3fd3d402709e8336 0000000000000000 0000000000000000
1 3fe39a7064e091cf 0000000000000000 0000000000000000
0 bfd3855dc36e2936 0000000000000000 ffffffffffffffff
1 3fe7e0f82a2d2634 0000000000000000 0000000000000000
0 bfde0d3eb0126787 0000000000000000 ffffffffffffffff
1 bfeeed1726b03107 0000000000000000 ffffffffffffffff
0 bfd70e36eb31077e 0000000000000000 ffffffffffffffff
1 bfecf3d6a607671e 0000000000000000 ffffffffffffffff
0 bfd7c2ebb5b3a96e 0000000000000000 ffffffffffffffff
1 3feb97cafe5f8231 0000000000000000 0000000000000000
0 bfd3baf068115645 0000000000000000 ffffffffffffffff
1 bfe4ef285eb2434f 0000000000000000 ffffffffffffffff
0 bfd0ed4eae4bcc19 0000000000000000 ffffffffffffffff
1 bfe1eef54912b9c4 0000000000000000 ffffffffffffffff
0 bfd7cbe435823d53 0000000000000000 ffffffffffffffff
1 3fe66d63f8e22f38 0000000000000000 0000000000000000
0 3fd2bb89d8e2090a 0000000000000000 0000000000000000
1 bfef8f38ece5448b 0000000000000000 ffffffffffffffff
0 bfdf8ab3fa579fae 0000000000000000 ffffffffffffffff
1 3fe581a26b4852bd 0000000000000000 0000000000000000
0 3fd1364b9e873be5 0000000000000000 0000000000000000
1 bfe1181b543c4460 0000000000000000 ffffffffffffffff
0 3fd398555ba84e37 0000000000000000 0000000000000000
1 3fecfd95fec90f45 0000000000000000 0000000000000000
0 3fd8950fe4adfc55 0000000000000000 0000000000000000
1 bfebec8fb3e745b2 0000000000000000 ffffffffffffffff
0 3fdc84f7d74761f5 0000000000000000 0000000000000000
1 3fe2f4dafe257431 0000000000000000 0000000000000000
0 bfdba77057a04750 0000000000000000 ffffffffffffffff
1 3fe3ca67d362e369 0000000000000000 0000000000000000
0 3fd0e612472a1194 0000000000000000 0000000000000000
1 3fe6a27c7f9614d2 0000000000000000 0000000000000000
0 3fdad3222c3379a3 0000000000000000 0000000000000000
1 bfed8114c392b3a0 0000000000000000 ffffffffffffffff
0 bfd2b52e01242a7d 0000000000000000 ffffffffffffffff
1 3fe6226152e798c6 0000000000000000 0000000000000000
0 3fdc17bd7d7814d2 0000000000000000 0000000000000000
1 bfe4936ad3b11d30 0000000000000000 ffffffffffffffff
0 3fd13c90fa796b4a 0000000000000000 0000000000000000
1 bfe86252861bf982 0000000000000000 ffffffffffffffff
0 3fd92e1735dbe6d3 0000000000000000 0000000000000000
1 bfe1561c7d0ede27 0000000000000000 ffffffffffffffff
0 bfdf2643e40eddf4 0000000000000000 ffffffffffffffff
1 3fe031374248bf67 0000000000000000 0000000000000000
0 bfd19bcc1c7f3b2f 0000000000000000 ffffffffffffffff
1 bfe1d21b22c6a2bb 0000000000000000 ffffffffffffffff
0 3fdc5b14c23e8357 0000000000000000 0000000000000000
1 bfe1ad8c645d1e99 0000000000000000 ffffffffffffffff
0 3fd34369c5e20f7b 0000000000000000 0000000000000000
1 3fe48facba018aa4 0000000000000000 0000000000000000
0 3fdc2eb6d85093dd 0000000000000000 0000000000000000
1 3fedfac90bdbfb7a 0000000000000000 0000000000000000
0 bfd45881a5184087 0000000000000000 ffffffffffffffff
1 bfef6d76c3a9f16f 0000000000000000 ffffffffffffffff
0 bfde6d6cf1252ed5 0000000000000000 ffffffffffffffff
1 3fe757f3a1149057 0000000000000000 0000000000000000
0 3fd1f1df61588274 0000000000000000 0000000000000000
1 3fee16a295de4c8f 0000000000000000 0000000000000000
0 3fd43a2d19799b7e 0000000000000000 0000000000000000
1 bfe2415e066270a8 0000000000000000 ffffffffffffffff
0 3fd74d1ebfa2be2a 0000000000000000 0000000000000000
1 bfee7d4f8e40b25e 0000000000000000 ffffffffffffffff
0 3fdb8b389a6e8a3a 0000000000000000 0000000000000000
1 3fe056fd3e2b9b50 0000000000000000 0000000000000000
0 3fd355d33dec8728 0000000000000000 0000000000000000
1 bfed1f795e672d49 0000000000000000 ffffffffffffffff
0 3fdf82c0e3801b6b 0000000000000000 0000000000000000
1 3fe0de386cc4c9f3 0000000000000000 0000000000000000
0 3fd93274b008b289 0000000000000000 0000000000000000
1 bfe7adfce06bc182 0000000000000000 ffffffffffffffff
0 3fdc92d33001d3a4 0000000000000000 0000000000000000
1 bfe3f3d0b8be1b75 0000000000000000 ffffffffffffffff
0 3fdcf6cf18ce465f 0000000000000000 0000000000000000
1 3feb9650c7791f92 0000000000000000 0000000000000000
0 3fd0ba84df6ee7e0 0000000000000000 0000000000000000
1 bfe9bd80432d9b27 0000000000000000 ffffffffffffffff
0 bfdb259ceb545a1a 0000000000000000 ffffffffffffffff
1 3fef0691576bca2f 0000000000000000 0000000000000000
0 bfddc7438d3f1d77 0000000000000000 ffffffffffffffff
1 3fe9c9551c867a14 0000000000000000 0000000000000000
0 3fd83e4a28db47d4 0000000000000000 0000000000000000
1 3fe3fa5ce21e9ddb 0000000000000000 0000000000000000
0 bfdf87c2c7b60899 0000000000000000 ffffffffffffffff
1 bfe795b6f87c9a21 0000000000000000 ffffffffffffffff
0 bfd75f34e5802272 0000000000000000 ffffffffffffffff
1 3feb261791e935ed 0000000000000000 0000000000000000
0 3fda45a415799741 0000000000000000 0000000000000000
1 3fe174e2b2c068a3 0000000000000000 0000000000000000
0 bfdb9301c9bcd032 0000000000000000 ffffffffffffffff
1 3fecfff5a8dfd9cd 0000000000000000 0000000000000000
0 bfde824c8a444199 0000000000000000 ffffffffffffffff
1 3fe1cbb00fce3f4b 0000000000000000 0000000000000000
0 bfd5369e6db9f2b5 0000000000000000 ffffffffffffffff
1 3fe3568db0befd37 0000000000000000 0000000000000000
0 3fd771d55304ebab 0000000000000000 0000000000000000
1 3fe36342d8e0c07f 0000000000000000 0000000000000000
0 bfd9915030159339 0000000000000000 ffffffffffffffff
1 bfe8336136d26cd1 0000000000000000 ffffffffffffffff
0 3fd79b35c3a93e54 0000000000000000 0000000000000000
1 3fee89329297a62f 0000000000000000 0000000000000000
0 bfd51d1ca46803f1 0000000000000000 ffffffffffffffff
1 3fe271dc2ba0fc98 0000000000000000 0000000000000000
0 bfd32b0aba208a35 0000000000000000 ffffffffffffffff
1 3fe4dc1edc7f9e7e 0000000000000000 0000000000000000
0 bfd5cbd4b8a22071 0000000000000000 ffffffffffffffff
1 bfed460fe7b492e0 0000000000000000 ffffffffffffffff
0 3fdabb50169c4b1e 0000000000000000 0000000000000000
1 3fe7ddcace654af4 0000000000000000 0000000000000000
0 3fdd8019eec0d9c9 0000000000000000 0000000000000000
1 bfefeb099e302d4f 0000000000000000 ffffffffffffffff
0 bfd5646f2120e5de 0000000000000000 ffffffffffffffff
1 bfe640be19b320a2 0000000000000000 ffffffffffffffff
0 bfdcfd37343c7f65 0000000000000000 ffffffffffffffff
1 3fe74cf224c6aa43 0000000000000000 0000000000000000
0 3fd3cdca196c6efe 0000000000000000 0000000000000000
1 bfee979b11d135b1 0000000000000000 ffffffffffffffff
0 3fd9dce699bd5620 0000000000000000 0000000000000000
1 bfe633f4d25df290 0000000000000000 ffffffffffffffff
0 bfd67172fa72c3f9 0000000000000000 ffffffffffffffff
1 bfe9a972066b4205 0000000000000000 ffffffffffffffff
0 bfd21303e978e958 0000000000000000 ffffffffffffffff
1 3fe62243cba50fa5 0000000000000000 0000000000000000
0 3fd59a1743afbcec 0000000000000000 0000000000000000
1 3fef565d3bfebd24 0000000000000000 0000000000000000
0 bfdfc2f554df3efd 0000000000000000 ffffffffffffffff
1 bfec89d93978e470 0000000000000000 ffffffffffffffff
0 3fdf8895b28c6d9a 0000000000000000 0000000000000000
1 bfef880003314101 0000000000000000 ffffffffffffffff
0 3fdb4cd0aa5fe222 0000000000000000 0000000000000000
1 3feb8f486d9e559c 0000000000000000 0000000000000000
0 3fd5f671c2b18461 0000000000000000 0000000000000000
1 3fe15e2c25b87baf 0000000000000000 0000000000000000
0 3fd86ee79a5a277d 0000000000000000 0000000000000000
1 bfe5240f0f000cca 0000000000000000 ffffffffffffffff
0 3fd93d98c1f97774 0000000000000000 0000000000000000
1 bfecf9b5c6c83fd3 0000000000000000 ffffffffffffffff
0 3fdd41358f670249 0000000000000000 0000000000000000
1 3fecece3a695b7f5 0000000000000000 0000000000000000
0 bfda263ffafe9f1d 0000000000000000 ffffffffffffffff
1 bfe6d0242db1adae 0000000000000000 ffffffffffffffff
0 3fd8ac2fb5988e84 0000000000000000 0000000000000000
1 bfeb73eccf8d7d75 0000000000000000 ffffffffffffffff
0 bfdbf4552ad4717c 0000000000000000 ffffffffffffffff
1 bfea649957f72e04 0000000000000000 ffffffffffffffff
0 3fd36ef1805cc776 0000000000000000 0000000000000000
1 bfeba5b57d5d9070 0000000000000000 ffffffffffffffff
0 3fd266dcd10a4c09 0000000000000000 0000000000000000
1 bfe4107b8466e4d7 0000000000000000 ffffffffffffffff
0 3fd0b8e7f5599dbe 0000000000000000 0000000000000000
1 bfe84d614b196530 0000000000000000 ffffffffffffffff
0 3fd8c8460d1b4c26 0000000000000000 0000000000000000
1 bfeaec556fce7684 0000000000000000 ffffffffffffffff
0 bfdd28deda3677c9 0000000000000000 ffffffffffffffff
1 3fec6452e14825b0 0000000000000000 0000000000000000
0 3fd25a3e24216c37 0000000000000000 0000000000000000
1 bfe1ab642346c1b3 0000000000000000 ffffffffffffffff
0 bfdf0e29e6ee938b 0000000000000000 ffffffffffffffff
1 3fe21b09c186b669 0000000000000000 0000000000000000
0 3fdfd4b2532c0c7f 0000000000000000 0000000000000000
1 3fefd6b85f1e1a3e 0000000000000000 0000000000000000
0 bfdebc9e6946ec74 0000000000000000 ffffffffffffffff
1 bfe2c1b2eed420e5 0000000000000000 ffffffffffffffff
0 bfd0f0c377c4da1a 0000000000000000 ffffffffffffffff
1 bfe895f09bb17bac 0000000000000000 ffffffffffffffff
0 bfdecc56d31ce9ce 0000000000000000 ffffffffffffffff
1 3fe66ad168f5db46 0000000000000000 0000000000000000
0 3fd60cf233ddb812 0000000000000000 0000000000000000
1 bfea59a84641908d 0000000000000000 ffffffffffffffff
0 bfd96581b59a0d49 0000000000000000 ffffffffffffffff
1 bfe930975c4cbe58 0000000000000000 ffffffffffffffff
0 3fd942f88a0a49d6 0000000000000000 0000000000000000
1 3fee91a5f5840649 0000000000000000 0000000000000000
0 3fdb328933448921 0000000000000000 0000000000000000
1 3fe2b6b7ec353cd8 0000000000000000 0000000000000000
0 bfd268ba266bcb86 0000000000000000 ffffffffffffffff
1 bfe60e74a7445a0b 0000000000000000 ffffffffffffffff
0 bfd8a50092d4a0db 0000000000000000 ffffffffffffffff
1 bfe82bf4184bf1c7 0000000000000000 ffffffffffffffff
0 bfd151bccb68f72c 0000000000000000 ffffffffffffffff
1 bfed9a100e393cc1 0000000000000000 ffffffffffffffff
0 bfde199b1340494b 0000000000000000 ffffffffffffffff
1 3fea7eacfd1589f6 0000000000000000 0000000000000000
0 3fd4db90f262f6d3 0000000000000000 0000000000000000
1 bfe2ba8c28cc419a 0000000000000000 ffffffffffffffff
0 bfd3dcf9a4e53162 0000000000000000 ffffffffffffffff
1 3fe30d3ad88b0bd0 0000000000000000 0000000000000000
0 3fdc5934a901f615 0000000000000000 0000000000000000
1 bfeddd9024525392 0000000000000000 ffffffffffffffff
0 3fd24495368dc8f1 0000000000000000 0000000000000000
1 3fe15a565e62018e 0000000000000000 0000000000000000
0 3fd90ec4228d3cf5 0000000000000000 0000000000000000
1 3fe0365b875704c5 0000000000000000 0000000000000000
0 3fd8d8e16a8c162c 0000000000000000 0000000000000000
1 3fed0bb13e534a24 0000000000000000 0000000000000000
0 bfde40cac11a1a3e 0000000000000000 ffffffffffffffff
1 3fe7eca11b2dc7ee 0000000000000000 0000000000000000
0 3fd4cca4e847188d 0000000000000000 0000000000000000
1 3fe5390d8e3d7624 0000000000000000 0000000000000000
0 bfdd5807a1a44b95 0000000000000000 ffffffffffffffff
1 3fea1d30a99d2851 0000000000000000 0000000000000000
0 3fd45e902ef473e2 0000000000000000 0000000000000000
1 bfebe684cb43c5c0 0000000000000000 ffffffffffffffff
0 3fd0c37baf4ccc21 0000000000000000 0000000000000000
1 3fe79a2131092e38 0000000000000000 0000000000000000
0 bfd12170b506495e 0000000000000000 ffffffffffffffff
1 3fea042ac0ac9b6d 0000000000000000 0000000000000000
0 bfdd203c03d50dbb 0000000000000000 ffffffffffffffff
1 bfe4b16a7eb14358 0000000000000000 ffffffffffffffff
0 bfd91b53e8a3d981 0000000000000000 ffffffffffffffff
1 bfe2751ea56b4499 0000000000000000 ffffffffffffffff
0 bfd8f41473ff5b37 0000000000000000 ffffffffffffffff
1 3fe921146b0c374b 0000000000000000 0000000000000000
0 bfd8c609396c1093 0000000000000000 ffffffffffffffff
1 bfe2f832348dc275 0000000000000000 ffffffffffffffff
0 3fd667c1c190ec27 0000000000000000 0000000000000000
1 3fe66fee90c19560 0000000000000000 0000000000000000
0 bfd8cd308be07658 0000000000000000 ffffffffffffffff
1 3fe431e8c43c33a3 0000000000000000 0000000000000000
0 3fd6884c49651946 0000000000000000 0000000000000000
1 bfee32e603474455 0000000000000000 ffffffffffffffff
0 3fdac4cdd36aecc5 0000000000000000 0000000000000000
1 3fef3b4c3be13281 0000000000000000 0000000000000000
0 3fd56a62b1625131 0000000000000000 0000000000000000
1 3fe7d6f0877ec932 0000000000000000 0000000000000000
0 3fd408ae34e7c4b3 0000000000000000 0000000000000000
1 bfe4c0e3ed60029a 0000000000000000 ffffffffffffffff
0 bfd001ce93688712 0000000000000000 ffffffffffffffff
1 bfec3beaed4695dc 0000000000000000 ffffffffffffffff
0 3fd789602e677a40 0000000000000000 0000000000000000
1 bfeb88fc3162f171 0000000000000000 ffffffffffffffff
0 3fd42358a4b163d9 0000000000000000 0000000000000000
1 3fe932232b7a6585 0000000000000000 0000000000000000
0 bfd809b5b423a393 0000000000000000 ffffffffffffffff
1 3fe7e9e38502388d 0000000000000000 0000000000000000
0 bfd9e69d9c5d5fb1 0000000000000000 ffffffffffffffff
1 bfe6ba788f949c80 0000000000000000 ffffffffffffffff
0 bfd7e47393cf7882 0000000000000000 ffffffffffffffff
1 3fea283c574808ad 0000000000000000 0000000000000000
0 3fd96cd0d973750b 0000000000000000 0000000000000000
1 bfea810e6d75742d 0000000000000000 ffffffffffffffff
0 bfd3abb4559a1f5d 0000000000000000 ffffffffffffffff
1 3fefc812ac1d6eb9 0000000000000000 0000000000000000
0 3fda8456a1dc7e60 0000000000000000 0000000000000000
1 3fe234ce4a15220d 0000000000000000 0000000000000000
0 bfddf7e87a1baba9 0000000000000000 ffffffffffffffff
1 3fee8192b11b7c68 0000000000000000 0000000000000000
0 3fd42d185af98732 0000000000000000 0000000000000000
1 bfefc6d0b23168d8 0000000000000000 ffffffffffffffff
0 bfd81df4f20ee5e1 0000000000000000 ffffffffffffffff
1 3fea19997357eb3f 0000000000000000 0000000000000000
0 3fd44ed2840602ac 0000000000000000 0000000000000000
1 3feea1a18e3c92f5 0000000000000000 0000000000000000
0 3fda2c08265eac77 0000000000000000 0000000000000000
1 3fe66b316af87802 0000000000000000 0000000000000000
0 bfdc7e05238a3aed 0000000000000000 ffffffffffffffff
1 3feb70aed379ca2b 0000000000000000 0000000000000000
0 3fda9192f3a43876 0000000000000000 0000000000000000
1 bfe3456902aafbee 0000000000000000 ffffffffffffffff
0 3fdb00b0bfd11c61 0000000000000000 0000000000000000
1 bfe179cf05f107f7 0000000000000000 ffffffffffffffff
0 bfd95a4c7ba0aed6 0000000000000000 ffffffffffffffff
1 bfe77bbcc9024ebd 0000000000000000 ffffffffffffffff
0 3fd19dbcb77639c8 0000000000000000 0000000000000000
1 3fe574ff1186d787 0000000000000000 0000000000000000
0 bfd9710564e96bf0 0000000000000000 ffffffffffffffff
1 bfe9d47321879fdd 0000000000000000 ffffffffffffffff
0 bfdf1f7d4495d0e0 0000000000000000 ffffffffffffffff
1 3fe827f3ddf6c0ff 0000000000000000 0000000000000000
0 bfd0534d4941694c 0000000000000000 ffffffffffffffff
1 3fe16c80dd80ee32 0000000000000000 0000000000000000
0 bfddbdd5cc88b7d7 0000000000000000 ffffffffffffffff
1 bfed3168eff7a55d 0000000000000000 ffffffffffffffff
0 3fddc0ca50d6ad8a 0000000000000000 0000000000000000
1 bfeb09894be47cd8 0000000000000000 ffffffffffffffff
0 bfd1208368f3a172 0000000000000000 ffffffffffffffff
1 3fe4a17ffe1a1c5c 0000000000000000 0000000000000000
0 3fda699fce74b82f 0000000000000000 0000000000000000
1 bfea017be0fb72c8 0000000000000000 ffffffffffffffff
0 bfd4ecc215c3c872 0000000000000000 ffffffffffffffff
1 bfef7e9d8f83f630 0000000000000000 ffffffffffffffff
0 bfd4d20848564fbe 0000000000000000 ffffffffffffffff
1 bfecc8694dd32935 0000000000000000 ffffffffffffffff
0 bfd691ad32d3dfaa 0000000000000000 ffffffffffffffff
1 3fe02fe5bbb872f3 0000000000000000 0000000000000000
0 3fdc745d3b516e5b 0000000000000000 0000000000000000
1 3fe46b6eae9f638e 0000000000000000 0000000000000000
0 3fdc81fe2b2295a4 0000000000000000 0000000000000000
1 bfea7d99241ad29a 0000000000000000 ffffffffffffffff
0 bfd68f5a5fcc40f2 0000000000000000 ffffffffffffffff
1 bfeb1dc4258acfb3 0000000000000000 ffffffffffffffff
0 3fd2a93cd185fd7c 0000000000000000 0000000000000000
1 bfeb279ec580e432 0000000000000000 ffffffffffffffff
0 3fdeb0a52dae477d 0000000000000000 0000000000000000
1 bfebcddb19d977d0 0000000000000000 ffffffffffffffff
0 bfdfe4d8f7c743b8 0000000000000000 ffffffffffffffff
1 3fe1c0ba013e1cf6 0000000000000000 0000000000000000
0 3fda6938cb22ec79 0000000000000000 0000000000000000
1 bfe1e2b22486354d 0000000000000000 ffffffffffffffff
0 bfd5bf36b51ee876 0000000000000000 ffffffffffffffff
1 3feb5feb0635fe41 0000000000000000 0000000000000000
0 bfdbc81bc04d3492 0000000000000000 ffffffffffffffff
1 3fe26231b3b6ef47 0000000000000000 0000000000000000
0 3fd59d15faa895bc 0000000000000000 0000000000000000
1 3fe4e067947e1322 0000000000000000 0000000000000000
0 bfd96e21e8b7cc9f 0000000000000000 ffffffffffffffff
1 bfea29d6cc8dbb05 0000000000000000 ffffffffffffffff
0 bfdf9cf2c1893d0e 0000000000000000 ffffffffffffffff
1 3fe839af4d57ef50 0000000000000000 0000000000000000
0 bfd0b79e68f0eacf 0000000000000000 ffffffffffffffff
1 bfed3675d7b51800 0000000000000000 ffffffffffffffff
0 3fd0f02b2d81fb60 0000000000000000 0000000000000000
1 bfe1f90e4ec1dad7 0000000000000000 ffffffffffffffff
0 bfda0d785bd9d751 0000000000000000 ffffffffffffffff
1 3fe030bb14effa81 0000000000000000 0000000000000000
0 bfdd4d3f5ce9b924 0000000000000000 ffffffffffffffff
1 bfea99b7a4ef7daa 0000000000000000 ffffffffffffffff
0 bfd568169a4af63c 0000000000000000 ffffffffffffffff
1 3fee3bee1760f37b 0000000000000000 0000000000000000
0 3fde9450d393b206 0000000000000000 0000000000000000
1 bfec61c58fab019e 0000000000000000 ffffffffffffffff
0 bfd44c690253777d 0000000000000000 ffffffffffffffff
1 bfe45c942989f59c 0000000000000000 ffffffffffffffff
0 bfd7553ec7feeecc 0000000000000000 ffffffffffffffff
1 bfee783521fd3427 0000000000000000 ffffffffffffffff
0 bfd12915de2e979d 0000000000000000 ffffffffffffffff
1 3fea9a7a0bc7e7e1 0000000000000000 0000000000000000
0 bfd1b8d5fcc12135 0000000000000000 ffffffffffffffff
1 bfeb883bb1058b02 0000000000000000 ffffffffffffffff
0 3fd8379f0e118232 0000000000000000 0000000000000000
1 bfe6b069f9aa130e 0000000000000000 ffffffffffffffff
0 3fd68e33b008b29b 0000000000000000 0000000000000000
1 3fe4755aefdee759 0000000000000000 0000000000000000
0 3fdce31d80bf45be 0000000000000000 0000000000000000
1 bfe6c68bffd0b450 0000000000000000 ffffffffffffffff
0 3fd70779c82609d1 0000000000000000 0000000000000000
1 bfe8e8fe908b5a41 0000000000000000 ffffffffffffffff
0 3fd5d1e0796a435a 0000000000000000 0000000000000000
1 bfef88436d4ad672 0000000000000000 ffffffffffffffff
0 3fda900b56a452d5 0000000000000000 0000000000000000
1 3fe310d1363169f5 0000000000000000 0000000000000000
0 bfd5452cb292730a 0000000000000000 ffffffffffffffff
1 3fe8c8c8818748eb 0000000000000000 0000000000000000
0 3fda28352ca9b544 0000000000000000 0000000000000000
1 3fe507bb4f3d766f 0000000000000000 0000000000000000
0 3fd789c7e29a2318 0000000000000000 0000000000000000
1 3fe2e9763f977362 0000000000000000 0000000000000000
0 bfd8a92b0f5bdf85 0000000000000000 ffffffffffffffff
1 3fe3be767f80251c 0000000000000000 0000000000000000
0 bfd6515d1af4f695 0000000000000000 ffffffffffffffff
1 3fe84fa817852179 0000000000000000 0000000000000000
0 bfd2c0c2f799af8f 0000000000000000 ffffffffffffffff
1 3fe86db97803e8fb 0000000000000000 0000000000000000
0 3fd945f630b71fd5 0000000000000000 0000000000000000
1 3fe0d3ffac5c0658 0000000000000000 0000000000000000
0 bfd70ddf60b3241c 0000000000000000 ffffffffffffffff
1 3fe4bfe41d7a1c57 0000000000000000 0000000000000000
0 3fd2e99c87094f3e 0000000000000000 0000000000000000
1 3fe337d98580788e 0000000000000000 0000000000000000
0 3fdf7d327236b3c8 0000000000000000 0000000000000000
1 bfe10a1085f2edf4 0000000000000000 ffffffffffffffff
0 3fdee166b23ec2df 0000000000000000 0000000000000000
1 3fe335e33b3e2b6a 0000000000000000 0000000000000000
0 bfd1ce0bafffa14b 0000000000000000 ffffffffffffffff
1 3feb5895c156646f 0000000000000000 0000000000000000
0 bfd56ecccea6a6fd 0000000000000000 ffffffffffffffff
1 bfe800e2d0a1347e 0000000000000000 ffffffffffffffff
0 3fd435703f750831 0000000000000000 0000000000000000
1 bfe44b4cef747b4f 0000000000000000 ffffffffffffffff
0 bfdb3b4da22406dc 0000000000000000 ffffffffffffffff
1 3fe181cafdd7032f 0000000000000000 0000000000000000
0 3fdaca19f32d2f4a 0000000000000000 0000000000000000
1 bfe2ce697570cdac 0000000000000000 ffffffffffffffff
0 bfd4f69d30615a14 0000000000000000 ffffffffffffffff
1 3fe58cf82d45035a 0000000000000000 0000000000000000
0 bfdb0634330954b6 0000000000000000 ffffffffffffffff
1 3fe12b226270d000 0000000000000000 0000000000000000
0 3fd71c0800cc1668 0000000000000000 0000000000000000
1 3fe32ec99923fb07 0000000000000000 0000000000000000
0 bfd00b123cfbe1f0 0000000000000000 ffffffffffffffff
1 bfee0974417509ee 0000000000000000 ffffffffffffffff
0 3fd12dd6608005d2 0000000000000000 0000000000000000
1 bfe92dc82ac1c772 0000000000000000 ffffffffffffffff
0 3fdf7944d3744bbd 0000000000000000 0000000000000000
1 3fee266309d6190d 0000000000000000 0000000000000000
0 3fd9481fd86ee1b7 0000000000000000 0000000000000000
1 3fe59e75cb234052 0000000000000000 0000000000000000
0 3fd2c6f3eaf8ca8c 0000000000000000 0000000000000000
1 bfe17b7b32af6550 0000000000000000 ffffffffffffffff
0 3fde00f43832aa48 0000000000000000 0000000000000000
1 3fed649833481ea2 0000000000000000 0000000000000000
0 3fde68e1447ddf1e 0000000000000000 0000000000000000
1 bfe5dc945a7754f2 0000000000000000 ffffffffffffffff
0 bfd7cb8e7abc555c 0000000000000000 ffffffffffffffff
1 bfe9f7b1696489c3 0000000000000000 ffffffffffffffff
0 3fd4f9613ad88e5b 0000000000000000 0000000000000000
1 3feaf8ddd82ddafe 0000000000000000 0000000000000000
0 bfd8f604a98ab9ad 0000000000000000 ffffffffffffffff
1 3fed6aabaa4864e6 0000000000000000 0000000000000000
0 bfd9c1ccc577192e 0000000000000000 ffffffffffffffff
1 3fe30f15f6829d50 0000000000000000 0000000000000000
0 bfd065011e76d8ec 0000000000000000 ffffffffffffffff
1 3fee675097ca318b 0000000000000000 0000000000000000
0 bfde1308bc7c5260 0000000000000000 ffffffffffffffff
1 3fe682af075f0db7 0000000000000000 0000000000000000
0 bfd6301b59b0d9cd 0000000000000000 ffffffffffffffff
1 3febd1db1891a1cb 0000000000000000 0000000000000000
0 bfd2556f5c9ef54d 0000000000000000 ffffffffffffffff
1 bfea773465ec956d 0000000000000000 ffffffffffffffff
0 bfdb5f145a911005 0000000000000000 ffffffffffffffff
1 3fe27ebd8d2ad5ec 0000000000000000 0000000000000000
0 bfd26da37336f7e5 0000000000000000 ffffffffffffffff
1 bfecfcb4942b4ea5 0000000000000000 ffffffffffffffff
0 bfdc42ed58d49b25 0000000000000000 ffffffffffffffff
1 3fe68e45060b85c7 0000000000000000 0000000000000000
0 3fd7bc718ad3f110 0000000000000000 0000000000000000
1 3fec3240f07419b5 0000000000000000 0000000000000000
0 3fd8691e5c612d40 0000000000000000 0000000000000000
1 bfe822c56317fe0f 0000000000000000 ffffffffffffffff
0 3fd8a612a890328b 0000000000000000 0000000000000000
1 bfee7df3102a3a1a 0000000000000000 ffffffffffffffff
0 bfdf8e18f71c1b9e 0000000000000000 ffffffffffffffff
1 bfe7f7bc9d28bb96 0000000000000000 ffffffffffffffff
0 bfd19b74da52e335 0000000000000000 ffffffffffffffff
1 bfed16f6d300d9a9 0000000000000000 ffffffffffffffff
0 3fd95e8c7c7b40f8 0000000000000000 0000000000000000
1 3fef589953e3fd28 0000000000000000 0000000000000000
0 3fdbd845f336e154 0000000000000000 0000000000000000
1 3fe45cd6a867be4f 0000000000000000 0000000000000000
0 3fdaeaa457a63662 0000000000000000 0000000000000000
1 3fe7d7d1fe389383 0000000000000000 0000000000000000
0 3fdcdf1a126fb5c5 0000000000000000 0000000000000000
1 3fe14463d1ab46b2 0000000000000000 0000000000000000
0 3fd59240d8fd1f4d 0000000000000000 0000000000000000
1 bfe6fe55b3344852 0000000000000000 ffffffffffffffff
0 3fda646a0e6ae2f5 0000000000000000 0000000000000000
1 3fe048793a7cd659 0000000000000000 0000000000000000
0 3fdb4ebbf061f730 0000000000000000 0000000000000000
1 bfe0ef1b78287eba 0000000000000000 ffffffffffffffff
0 bfd50007e9c93f23 0000000000000000 ffffffffffffffff
1 bfe2f4d23aaa851e 0000000000000000 ffffffffffffffff
0 3fdde288685b34af 0000000000000000 0000000000000000
1 3fed30c720824023 0000000000000000 0000000000000000
0 bfd66175dcf77774 0000000000000000 ffffffffffffffff
1 bfe0eeccc03b9a96 0000000000000000 ffffffffffffffff
0 3fd9cbb4203c7ec8 0000000000000000 0000000000000000
1 bfed5694cb4caf8a 0000000000000000 ffffffffffffffff
0 3fdbb72171b6cee1 0000000000000000 0000000000000000
1 3fe4dd973d1b6c0d 0000000000000000 0000000000000000
0 bfd2cd265d1bcdc1 0000000000000000 ffffffffffffffff
1 bfe9a6e3794d77f6 0000000000000000 ffffffffffffffff
0 bfd56fe12c9a3985 0000000000000000 ffffffffffffffff
1 3fefc6eceddcb985 0000000000000000 0000000000000000
0 3fd254627f3e440c 0000000000000000 0000000000000000
1 3fedc70678711bb2 0000000000000000 0000000000000000
0 3fd10660d789edaf 0000000000000000 0000000000000000
1 bfe00cfeb6d9c18b 0000000000000000 ffffffffffffffff
0 bfd56f1fc52b9ea2 0000000000000000 ffffffffffffffff
1 bfe81cb6c01b9e1d 0000000000000000 ffffffffffffffff
0 bfd315e4c6286771 0000000000000000 ffffffffffffffff
1 bfe4cecfb203925c 0000000000000000 ffffffffffffffff
0 3fd3c89eed5dc89c 0000000000000000 0000000000000000
1 3fe5c490f8882b0a 0000000000000000 0000000000000000
0 bfdbf14c60260c12 0000000000000000 ffffffffffffffff
1 bfeb78ac15afc695 0000000000000000 ffffffffffffffff
0 bfd50a4542a72398 0000000000000000 ffffffffffffffff
1 bfef07bbfc66253d 0000000000000000 ffffffffffffffff
0 bfd7674528c5c8f3 0000000000000000 ffffffffffffffff
1 3fe396375dab64df 0000000000000000 0000000000000000
0 bfd2b4275d3c1819 0000000000000000 ffffffffffffffff
1 bfef67821a654699 0000000000000000 ffffffffffffffff
0 bfd3d936c8a1c274 0000000000000000 ffffffffffffffff
1 3fe26ff7490232ee 0000000000000000 0000000000000000
0 bfd8c88b542d954e 0000000000000000 ffffffffffffffff
1 3fea08122fccd417 0000000000000000 0000000000000000
0 3fd67ef110562df4 0000000000000000 0000000000000000
1 bfe949ef5cc872d8 0000000000000000 ffffffffffffffff
0 bfdd2a9b377a8f2a 0000000000000000 ffffffffffffffff
1 bfe3b3a7a7343799 0000000000000000 ffffffffffffffff
0 bfd9d0498fe5f769 0000000000000000 ffffffffffffffff
1 3fe38cd9cfe75c0f 0000000000000000 0000000000000000
0 bfdae2816ddec0e2 0000000000000000 ffffffffffffffff
1 3fe237de11a2b3b2 0000000000000000 0000000000000000
0 3fdb1291b837a293 0000000000000000 0000000000000000
1 bfe08d75461599b8 0000000000000000 ffffffffffffffff
0 bfd560922fd850a7 0000000000000000 ffffffffffffffff
1 3fe4188b171b8abd 0000000000000000 0000000000000000
0 bfd5e47baf1287db 0000000000000000 ffffffffffffffff
1 bfe56d4e33cf9377 0000000000000000 ffffffffffffffff
0 3fd3c83214b67898 0000000000000000 0000000000000000
1 bfe87500a2efc12e 0000000000000000 ffffffffffffffff
0 3fda96846ba96dd6 0000000000000000 0000000000000000
1 bfe5de8f3a4e747b 0000000000000000 ffffffffffffffff
0 bfd1299d6f41a9f1 0000000000000000 ffffffffffffffff
1 bfe8f1d4d8336065 0000000000000000 ffffffffffffffff
0 bfd1e4c1d42e665f 0000000000000000 ffffffffffffffff
1 bfe4e829e3531503 0000000000000000 ffffffffffffffff
0 bfd1e930b2023231 0000000000000000 ffffffffffffffff
1 3fe160cd95a9ffc4 0000000000000000 0000000000000000
0 3fd4ec85a56166d0 0000000000000000 0000000000000000
1 bfe24ed0cbe349cc 0000000000000000 ffffffffffffffff
0 bfde118ad2c1b0ec 0000000000000000 ffffffffffffffff
1 bfe551af18da6e88 0000000000000000 ffffffffffffffff
0 3fda65f1168ca477 0000000000000000 0000000000000000
1 3fe174ce207425e6 0000000000000000 0000000000000000
0 bfdbcf31fd7bcb51 0000000000000000 ffffffffffffffff
1 3fe375f4830ee5fc 0000000000000000 0000000000000000
0 bfd57b493535b856 0000000000000000 ffffffffffffffff
1 bfec5fe9eeeb3fbe 0000000000000000 ffffffffffffffff
0 3fdfa573f64be41d 0000000000000000 0000000000000000
1 3fec91f7212323ed 0000000000000000 0000000000000000
0 bfd596234d210ee1 0000000000000000 ffffffffffffffff
1 bfe2d9aed6b0b80c 0000000000000000 ffffffffffffffff
0 3fdfc75109e8bd67 0000000000000000 0000000000000000
1 bfe655567b8eefcd 0000000000000000 ffffffffffffffff
0 3fd7ba802034bbba 0000000000000000 0000000000000000
1 bfe23880f98a21bb 0000000000000000 ffffffffffffffff
0 3fde6965817d4884 0000000000000000 0000000000000000
1 3fefb746524b8a45 0000000000000000 0000000000000000
0 3fde4b966f5ce0f9 0000000000000000 0000000000000000
1 bfe1c05d28ad396d 0000000000000000 ffffffffffffffff
0 3fd4c7b5477e7afc 0000000000000000 0000000000000000
1 3fe25e81df7f863b 0000000000000000 0000000000000000
0 3fd17e028f2e6347 0000000000000000 0000000000000000
1 bfed5ab6518d3df4 0000000000000000 ffffffffffffffff
0 bfd1ff9b2fda1d79 0000000000000000 ffffffffffffffff
1 bfea73c8c76f3e11 0000000000000000 ffffffffffffffff
0 bfd6bf3b3a4dc187 0000000000000000 ffffffffffffffff
1 bfe8ca532ba5878e 0000000000000000 ffffffffffffffff
0 bfd8115b11e42364 0000000000000000 ffffffffffffffff
1 bfe03b1b0a27a9d1 0000000000000000 ffffffffffffffff
0 3fd983d9b106f1a7 0000000000000000 0000000000000000
1 bfeb20c4032c00c2 0000000000000000 ffffffffffffffff
0 bfd6f9abf5eeb810 0000000000000000 ffffffffffffffff
1 bfecfae8668d2b79 0000000000000000 ffffffffffffffff
0 bfd941937b37b853 0000000000000000 ffffffffffffffff
1 3fe944c1834549d1 0000000000000000 0000000000000000
0 bfdb759505bc2054 0000000000000000 ffffffffffffffff
1 bfe4b9f2ffe8a65a 0000000000000000 ffffffffffffffff
0 bfd94a075148889c 0000000000000000 ffffffffffffffff
1 bfe2779c53b5145f 0000000000000000 ffffffffffffffff
0 bfd040109dc68335 0000000000000000 ffffffffffffffff
1 3fe07cd101452198 0000000000000000 0000000000000000
0 bfda27a957dccdc5 0000000000000000 ffffffffffffffff
1 3fec1230b92d910e 0000000000000000 0000000000000000
0 bfd6bfa391536282 0000000000000000 ffffffffffffffff
1 3fe1def2cda8bb83 0000000000000000 0000000000000000
0 bfda7bce2597e2f2 0000000000000000 ffffffffffffffff
1 3fe90f84a04cbc4e 0000000000000000 0000000000000000
0 bfd508d6b9a8c341 0000000000000000 ffffffffffffffff
1 3fe79b2890bb8ff8 0000000000000000 0000000000000000
0 bfd7fe76cffb4fc9 0000000000000000 ffffffffffffffff
1 bfec3d890cbe863d 0000000000000000 ffffffffffffffff
0 bfd1f99d087d0393 0000000000000000 ffffffffffffffff
1 bfec49a92ca779a7 0000000000000000 ffffffffffffffff
0 3fda4d8df3189266 0000000000000000 0000000000000000
1 bfed373ff3a3ecc5 0000000000000000 ffffffffffffffff
0 3fd27dd720a46871 0000000000000000 0000000000000000
1 3fecdf5f061ef916 0000000000000000 0000000000000000
0 bfde99bf4f676d88 0000000000000000 ffffffffffffffff
1 3fe3ca6edbff0337 0000000000000000 0000000000000000
0 3fd8c7a63f17b38c 0000000000000000 0000000000000000
1 bfe941909b9fbbde 0000000000000000 ffffffffffffffff
0 3fd987c410685e1b 0000000000000000 0000000000000000
1 3fed1eb6961130a7 0000000000000000 0000000000000000
0 3fd2c93b1b1f7dec 0000000000000000 0000000000000000
1 bfe0a9fce5a0cc36 0000000000000000 ffffffffffffffff
0 bfd0eed7948ebdc2 0000000000000000 ffffffffffffffff
1 3fe7afecfbcd97d9 0000000000000000 0000000000000000
0 3fd218acf705b8ea 0000000000000000 0000000000000000
1 3fe4302b4281ba56 0000000000000000 0000000000000000
0 3fdedd6d7620b8b7 0000000000000000 0000000000000000
1 bfece4577424a361 0000000000000000 ffffffffffffffff
0 bfd0a3b5193437af 0000000000000000 ffffffffffffffff
1 bfe998fbeab682b8 0000000000000000 ffffffffffffffff
0 3fd00ff484d4685b 0000000000000000 0000000000000000
1 bfe27acf496c4a12 0000000000000000 ffffffffffffffff
0 bfdc42b0f7250bd4 0000000000000000 ffffffffffffffff
1 bfede58e9db0e7f9 0000000000000000 ffffffffffffffff
0 3fdf1cad15f1e560 0000000000000000 0000000000000000
1 bfe5214a0ee681fc 0000000000000000 ffffffffffffffff
0 3fd8808921e2fc5b 0000000000000000 0000000000000000
1 bfedf0356f9c9561 0000000000000000 ffffffffffffffff
0 3fda0c7899f9760b 0000000000000000 0000000000000000
1 3fe597151bcb2b9e 0000000000000000 0000000000000000
0 3fdb2c3c7efa34ac 0000000000000000 0000000000000000
1 bfe40fa89b9441f2 0000000000000000 ffffffffffffffff
0 bfd8c57fe5aa453e 0000000000000000 ffffffffffffffff
1 3fedc7f2259aaa1f 0000000000000000 0000000000000000
0 bfd79a5d2a38618e 0000000000000000 ffffffffffffffff
1 bfe2516b18eab8ad 0000000000000000 ffffffffffffffff
0 bfd2e66d20d956a9 0000000000000000 ffffffffffffffff
1 bfeba380bf652763 0000000000000000 ffffffffffffffff
0 bfd3c969b88bde4a 0000000000000000 ffffffffffffffff
1 bfe92def1ad7af0e 0000000000000000 ffffffffffffffff
0 bfd8b2a1129c9cfa 0000000000000000 ffffffffffffffff
1 bfe216806905c822 0000000000000000 ffffffffffffffff
0 bfde49d5d9d6433c 0000000000000000 ffffffffffffffff
1 bfe50de12a91b496 0000000000000000 ffffffffffffffff
0 3fd007de467c5f8c 0000000000000000 0000000000000000
1 bfe7b0da13332d54 0000000000000000 ffffffffffffffff
0 bfd3f41e5310a080 0000000000000000 ffffffffffffffff
1 3feda9c8c0da4f8b 0000000000000000 0000000000000000
0 bfd0bd1201593b02 0000000000000000 ffffffffffffffff
1 3feba7da14987f02 0000000000000000 0000000000000000
0 3fd493ee7923e179 0000000000000000 0000000000000000
1 bfecf6d6467d6595 0000000000000000 ffffffffffffffff
0 bfdbf01ad60c2280 0000000000000000 ffffffffffffffff
1 bfedc7a312499130 0000000000000000 ffffffffffffffff
