neg	0000000000000000	0000000000000000	0000000000000000	8000000000000000
double	0000000000000000	0000000000000000	0000000000000000	0000000000000000
half	0000000000000000	0000000000000000	0000000000000000	0000000000000000
sub_stub	0000000000000000	3ff0000000000000	0000000000000000	bff0000000000000
le	0000000000000000	0000000000000000	0000000000000000	0000000000000000
ursh	0000000000000000	0000000000000000	0000000000000000	0000000000000000
ulsh	0000000000000000	0000000000000000	0000000000000000	0000000000000000
irsh	0000000000000000	0000000000000000	0000000000000000	0000000000000000
ursh	0000000000000000	0000000000000001	0000000000000000	0000000000000000
ulsh	0000000000000000	0000000000000001	0000000000000000	0000000000000000
irsh	0000000000000000	0000000000000001	0000000000000000	0000000000000000
ursh	0000000000000000	000000000000001f	0000000000000000	0000000000000000
ulsh	0000000000000000	000000000000001f	0000000000000000	0000000000000000
irsh	0000000000000000	000000000000001f	0000000000000000	0000000000000000
ursh	0000000000000000	0000000000000020	0000000000000000	0000000000000000
ulsh	0000000000000000	0000000000000020	0000000000000000	0000000000000000
irsh	0000000000000000	0000000000000020	0000000000000000	0000000000000000
ursh	0000000000000000	0000000000000021	0000000000000000	0000000000000000
ulsh	0000000000000000	0000000000000021	0000000000000000	0000000000000000
irsh	0000000000000000	0000000000000021	0000000000000000	0000000000000000
ursh	0000000000000000	000000000000003f	0000000000000000	0000000000000000
ulsh	0000000000000000	000000000000003f	0000000000000000	0000000000000000
irsh	0000000000000000	000000000000003f	0000000000000000	0000000000000000
rint	0000000000000000	0000000000000000	0000000000000000	0000000000000000
floor	0000000000000000	0000000000000000	0000000000000000	0000000000000000
neg	8000000000000000	0000000000000000	0000000000000000	0000000000000000
double	8000000000000000	0000000000000000	0000000000000000	8000000000000000
half	8000000000000000	0000000000000000	0000000000000000	0000000000000000
sub_stub	8000000000000000	3ff0000000000000	0000000000000000	3ff0000000000000
le	8000000000000000	0000000000000008	0000000000000000	8000000000000000
ursh	8000000000000000	0000000000000000	0000000000000000	8000000000000000
ulsh	8000000000000000	0000000000000000	0000000000000000	8000000000000000
irsh	8000000000000000	0000000000000000	0000000000000000	8000000000000000
ursh	8000000000000000	0000000000000001	0000000000000000	4000000000000000
ulsh	8000000000000000	0000000000000001	0000000000000000	0000000000000000
irsh	8000000000000000	0000000000000001	0000000000000000	c000000000000000
ursh	8000000000000000	000000000000001f	0000000000000000	0000000100000000
ulsh	8000000000000000	000000000000001f	0000000000000000	0000000000000000
irsh	8000000000000000	000000000000001f	0000000000000000	ffffffff00000000
ursh	8000000000000000	0000000000000020	0000000000000000	0000000080000000
ulsh	8000000000000000	0000000000000020	0000000000000000	0000000000000000
irsh	8000000000000000	0000000000000020	0000000000000000	ffffffff80000000
ursh	8000000000000000	0000000000000021	0000000000000000	0000000040000000
ulsh	8000000000000000	0000000000000021	0000000000000000	0000000000000000
irsh	8000000000000000	0000000000000021	0000000000000000	ffffffffc0000000
ursh	8000000000000000	000000000000003f	0000000000000000	0000000000000001
ulsh	8000000000000000	000000000000003f	0000000000000000	0000000000000000
irsh	8000000000000000	000000000000003f	0000000000000000	ffffffffffffffff
rint	8000000000000000	0000000000000000	0000000000000000	0000000000000000
neg	0000000000000001	0000000000000000	0000000000000000	8000000000000001
double	0000000000000001	0000000000000000	0000000000000000	0000000000000001
half	0000000000000001	0000000000000000	0000000000000000	0000000000000000
sub_stub	0000000000000001	3ff0000000000000	0000000000000000	bff0000000000001
le	0000000000000001	0000000000000001	0000000000000000	0000000000000001
ursh	0000000000000001	0000000000000000	0000000000000000	0000000000000001
ulsh	0000000000000001	0000000000000000	0000000000000000	0000000000000001
irsh	0000000000000001	0000000000000000	0000000000000000	0000000000000001
ursh	0000000000000001	0000000000000001	0000000000000000	0000000000000000
ulsh	0000000000000001	0000000000000001	0000000000000000	0000000000000002
irsh	0000000000000001	0000000000000001	0000000000000000	0000000000000000
ursh	0000000000000001	000000000000001f	0000000000000000	0000000000000000
ulsh	0000000000000001	000000000000001f	0000000000000000	0000000080000000
irsh	0000000000000001	000000000000001f	0000000000000000	0000000000000000
ursh	0000000000000001	0000000000000020	0000000000000000	0000000000000000
ulsh	0000000000000001	0000000000000020	0000000000000000	0000000100000000
irsh	0000000000000001	0000000000000020	0000000000000000	0000000000000000
ursh	0000000000000001	0000000000000021	0000000000000000	0000000000000000
ulsh	0000000000000001	0000000000000021	0000000000000000	0000000200000000
irsh	0000000000000001	0000000000000021	0000000000000000	0000000000000000
ursh	0000000000000001	000000000000003f	0000000000000000	0000000000000000
ulsh	0000000000000001	000000000000003f	0000000000000000	8000000000000000
irsh	0000000000000001	000000000000003f	0000000000000000	0000000000000000
rint	0000000000000001	0000000000000000	0000000000000000	0000000000000000
floor	0000000000000001	0000000000000000	0000000000000000	0000000000000000
neg	8000000000000001	0000000000000000	0000000000000000	0000000000000001
double	8000000000000001	0000000000000000	0000000000000000	8000000000000001
half	8000000000000001	0000000000000000	0000000000000000	0000000000000000
sub_stub	8000000000000001	3ff0000000000000	0000000000000000	3ff0000000000001
le	8000000000000001	0000000000000000	0000000000000000	8000000000000001
ursh	8000000000000001	0000000000000000	0000000000000000	8000000000000001
ulsh	8000000000000001	0000000000000000	0000000000000000	8000000000000001
irsh	8000000000000001	0000000000000000	0000000000000000	8000000000000001
ursh	8000000000000001	0000000000000001	0000000000000000	4000000000000000
ulsh	8000000000000001	0000000000000001	0000000000000000	0000000000000002
irsh	8000000000000001	0000000000000001	0000000000000000	c000000000000000
ursh	8000000000000001	000000000000001f	0000000000000000	0000000100000000
ulsh	8000000000000001	000000000000001f	0000000000000000	0000000080000000
irsh	8000000000000001	000000000000001f	0000000000000000	ffffffff00000000
ursh	8000000000000001	0000000000000020	0000000000000000	0000000080000000
ulsh	8000000000000001	0000000000000020	0000000000000000	0000000100000000
irsh	8000000000000001	0000000000000020	0000000000000000	ffffffff80000000
ursh	8000000000000001	0000000000000021	0000000000000000	0000000040000000
ulsh	8000000000000001	0000000000000021	0000000000000000	0000000200000000
irsh	8000000000000001	0000000000000021	0000000000000000	ffffffffc0000000
ursh	8000000000000001	000000000000003f	0000000000000000	0000000000000001
ulsh	8000000000000001	000000000000003f	0000000000000000	8000000000000000
irsh	8000000000000001	000000000000003f	0000000000000000	ffffffffffffffff
rint	8000000000000001	0000000000000000	0000000000000000	0000000000000000
floor	8000000000000001	0000000000000000	0000000000000000	ffffffffffffffff
neg	000fffffffffffff	0000000000000000	0000000000000000	800fffffffffffff
double	000fffffffffffff	0000000000000000	0000000000000000	000fffffffffffff
half	000fffffffffffff	0000000000000000	0000000000000000	0000000000000000
sub_stub	000fffffffffffff	3ff0000000000000	0000000000000000	bfffffffffffffff
le	000fffffffffffff	0000000000000006	0000000000000000	000fffffffffffff
ursh	000fffffffffffff	0000000000000000	0000000000000000	000fffffffffffff
ulsh	000fffffffffffff	0000000000000000	0000000000000000	000fffffffffffff
irsh	000fffffffffffff	0000000000000000	0000000000000000	000fffffffffffff
ursh	000fffffffffffff	0000000000000001	0000000000000000	0007ffffffffffff
ulsh	000fffffffffffff	0000000000000001	0000000000000000	001ffffffffffffe
irsh	000fffffffffffff	0000000000000001	0000000000000000	0007ffffffffffff
ursh	000fffffffffffff	000000000000001f	0000000000000000	00000000001fffff
ulsh	000fffffffffffff	000000000000001f	0000000000000000	ffffffff80000000
irsh	000fffffffffffff	000000000000001f	0000000000000000	00000000001fffff
ursh	000fffffffffffff	0000000000000020	0000000000000000	00000000000fffff
ulsh	000fffffffffffff	0000000000000020	0000000000000000	ffffffff00000000
irsh	000fffffffffffff	0000000000000020	0000000000000000	00000000000fffff
ursh	000fffffffffffff	0000000000000021	0000000000000000	000000000007ffff
ulsh	000fffffffffffff	0000000000000021	0000000000000000	fffffffe00000000
irsh	000fffffffffffff	0000000000000021	0000000000000000	000000000007ffff
ursh	000fffffffffffff	000000000000003f	0000000000000000	0000000000000000
ulsh	000fffffffffffff	000000000000003f	0000000000000000	8000000000000000
irsh	000fffffffffffff	000000000000003f	0000000000000000	0000000000000000
rint	000fffffffffffff	0000000000000000	0000000000000000	0000000000000000
floor	000fffffffffffff	0000000000000000	0000000000000000	0000000000000000
neg	800fffffffffffff	0000000000000000	0000000000000000	000fffffffffffff
double	800fffffffffffff	0000000000000000	0000000000000000	800fffffffffffff
half	800fffffffffffff	0000000000000000	0000000000000000	0000000000000000
sub_stub	800fffffffffffff	3ff0000000000000	0000000000000000	3fffffffffffffff
le	800fffffffffffff	0000000000000005	0000000000000000	800fffffffffffff
ursh	800fffffffffffff	0000000000000000	0000000000000000	800fffffffffffff
ulsh	800fffffffffffff	0000000000000000	0000000000000000	800fffffffffffff
irsh	800fffffffffffff	0000000000000000	0000000000000000	800fffffffffffff
ursh	800fffffffffffff	0000000000000001	0000000000000000	4007ffffffffffff
ulsh	800fffffffffffff	0000000000000001	0000000000000000	001ffffffffffffe
irsh	800fffffffffffff	0000000000000001	0000000000000000	c007ffffffffffff
ursh	800fffffffffffff	000000000000001f	0000000000000000	00000001001fffff
ulsh	800fffffffffffff	000000000000001f	0000000000000000	ffffffff80000000
irsh	800fffffffffffff	000000000000001f	0000000000000000	ffffffff001fffff
ursh	800fffffffffffff	0000000000000020	0000000000000000	00000000800fffff
ulsh	800fffffffffffff	0000000000000020	0000000000000000	ffffffff00000000
irsh	800fffffffffffff	0000000000000020	0000000000000000	ffffffff800fffff
ursh	800fffffffffffff	0000000000000021	0000000000000000	000000004007ffff
ulsh	800fffffffffffff	0000000000000021	0000000000000000	fffffffe00000000
irsh	800fffffffffffff	0000000000000021	0000000000000000	ffffffffc007ffff
ursh	800fffffffffffff	000000000000003f	0000000000000000	0000000000000001
ulsh	800fffffffffffff	000000000000003f	0000000000000000	8000000000000000
irsh	800fffffffffffff	000000000000003f	0000000000000000	ffffffffffffffff
rint	800fffffffffffff	0000000000000000	0000000000000000	0000000000000000
floor	800fffffffffffff	0000000000000000	0000000000000000	ffffffffffffffff
neg	3fe0000000000000	0000000000000000	0000000000000000	bfe0000000000000
double	3fe0000000000000	0000000000000000	0000000000000000	3ff0000000000000
half	3fe0000000000000	0000000000000000	0000000000000000	3fd0000000000000
sub_stub	3fe0000000000000	3ff0000000000000	0000000000000000	ffd0000000000000
le	3fe0000000000000	0000000000000008	0000000000000000	3fe0000000000000
ursh	3fe0000000000000	0000000000000000	0000000000000000	3fe0000000000000
ulsh	3fe0000000000000	0000000000000000	0000000000000000	3fe0000000000000
irsh	3fe0000000000000	0000000000000000	0000000000000000	3fe0000000000000
ursh	3fe0000000000000	0000000000000001	0000000000000000	1ff0000000000000
ulsh	3fe0000000000000	0000000000000001	0000000000000000	7fc0000000000000
irsh	3fe0000000000000	0000000000000001	0000000000000000	1ff0000000000000
ursh	3fe0000000000000	000000000000001f	0000000000000000	000000007fc00000
ulsh	3fe0000000000000	000000000000001f	0000000000000000	0000000000000000
irsh	3fe0000000000000	000000000000001f	0000000000000000	000000007fc00000
ursh	3fe0000000000000	0000000000000020	0000000000000000	000000003fe00000
ulsh	3fe0000000000000	0000000000000020	0000000000000000	0000000000000000
irsh	3fe0000000000000	0000000000000020	0000000000000000	000000003fe00000
ursh	3fe0000000000000	0000000000000021	0000000000000000	000000001ff00000
ulsh	3fe0000000000000	0000000000000021	0000000000000000	0000000000000000
irsh	3fe0000000000000	0000000000000021	0000000000000000	000000001ff00000
ursh	3fe0000000000000	000000000000003f	0000000000000000	0000000000000000
ulsh	3fe0000000000000	000000000000003f	0000000000000000	0000000000000000
irsh	3fe0000000000000	000000000000003f	0000000000000000	0000000000000000
rint	3fe0000000000000	0000000000000000	0000000000000000	0000000000000000
floor	3fe0000000000000	0000000000000000	0000000000000000	0000000000000000
neg	bfe0000000000000	0000000000000000	0000000000000000	3fe0000000000000
double	bfe0000000000000	0000000000000000	0000000000000000	bff0000000000000
half	bfe0000000000000	0000000000000000	0000000000000000	bfd0000000000000
sub_stub	bfe0000000000000	3ff0000000000000	0000000000000000	7fd0000000000000
le	bfe0000000000000	0000000000000007	0000000000000000	bfe0000000000000
ursh	bfe0000000000000	0000000000000000	0000000000000000	bfe0000000000000
ulsh	bfe0000000000000	0000000000000000	0000000000000000	bfe0000000000000
irsh	bfe0000000000000	0000000000000000	0000000000000000	bfe0000000000000
ursh	bfe0000000000000	0000000000000001	0000000000000000	5ff0000000000000
ulsh	bfe0000000000000	0000000000000001	0000000000000000	7fc0000000000000
irsh	bfe0000000000000	0000000000000001	0000000000000000	dff0000000000000
ursh	bfe0000000000000	000000000000001f	0000000000000000	000000017fc00000
ulsh	bfe0000000000000	000000000000001f	0000000000000000	0000000000000000
irsh	bfe0000000000000	000000000000001f	0000000000000000	ffffffff7fc00000
ursh	bfe0000000000000	0000000000000020	0000000000000000	00000000bfe00000
ulsh	bfe0000000000000	0000000000000020	0000000000000000	0000000000000000
irsh	bfe0000000000000	0000000000000020	0000000000000000	ffffffffbfe00000
ursh	bfe0000000000000	0000000000000021	0000000000000000	000000005ff00000
ulsh	bfe0000000000000	0000000000000021	0000000000000000	0000000000000000
irsh	bfe0000000000000	0000000000000021	0000000000000000	ffffffffdff00000
ursh	bfe0000000000000	000000000000003f	0000000000000000	0000000000000001
ulsh	bfe0000000000000	000000000000003f	0000000000000000	0000000000000000
irsh	bfe0000000000000	000000000000003f	0000000000000000	ffffffffffffffff
rint	bfe0000000000000	0000000000000000	0000000000000000	0000000000000000
floor	bfe0000000000000	0000000000000000	0000000000000000	ffffffffffffffff
neg	3ff0000000000000	0000000000000000	0000000000000000	bff0000000000000
double	3ff0000000000000	0000000000000000	0000000000000000	4000000000000000
half	3ff0000000000000	0000000000000000	0000000000000000	3fe0000000000000
sub_stub	3ff0000000000000	3ff0000000000000	0000000000000000	ffe0000000000000
le	3ff0000000000000	0000000000000006	0000000000000000	3ff0000000000000
ursh	3ff0000000000000	0000000000000000	0000000000000000	3ff0000000000000
ulsh	3ff0000000000000	0000000000000000	0000000000000000	3ff0000000000000
irsh	3ff0000000000000	0000000000000000	0000000000000000	3ff0000000000000
ursh	3ff0000000000000	0000000000000001	0000000000000000	1ff8000000000000
ulsh	3ff0000000000000	0000000000000001	0000000000000000	7fe0000000000000
irsh	3ff0000000000000	0000000000000001	0000000000000000	1ff8000000000000
ursh	3ff0000000000000	000000000000001f	0000000000000000	000000007fe00000
ulsh	3ff0000000000000	000000000000001f	0000000000000000	0000000000000000
irsh	3ff0000000000000	000000000000001f	0000000000000000	000000007fe00000
ursh	3ff0000000000000	0000000000000020	0000000000000000	000000003ff00000
ulsh	3ff0000000000000	0000000000000020	0000000000000000	0000000000000000
irsh	3ff0000000000000	0000000000000020	0000000000000000	000000003ff00000
ursh	3ff0000000000000	0000000000000021	0000000000000000	000000001ff80000
ulsh	3ff0000000000000	0000000000000021	0000000000000000	0000000000000000
irsh	3ff0000000000000	0000000000000021	0000000000000000	000000001ff80000
ursh	3ff0000000000000	000000000000003f	0000000000000000	0000000000000000
ulsh	3ff0000000000000	000000000000003f	0000000000000000	0000000000000000
irsh	3ff0000000000000	000000000000003f	0000000000000000	0000000000000000
rint	3ff0000000000000	0000000000000000	0000000000000000	0000000000000001
floor	3ff0000000000000	0000000000000000	0000000000000000	0000000000000001
neg	bff0000000000000	0000000000000000	0000000000000000	3ff0000000000000
double	bff0000000000000	0000000000000000	0000000000000000	c000000000000000
half	bff0000000000000	0000000000000000	0000000000000000	bfe0000000000000
sub_stub	bff0000000000000	3ff0000000000000	0000000000000000	7fe0000000000000
le	bff0000000000000	0000000000000005	0000000000000000	bff0000000000000
ursh	bff0000000000000	0000000000000000	0000000000000000	bff0000000000000
ulsh	bff0000000000000	0000000000000000	0000000000000000	bff0000000000000
irsh	bff0000000000000	0000000000000000	0000000000000000	bff0000000000000
ursh	bff0000000000000	0000000000000001	0000000000000000	5ff8000000000000
ulsh	bff0000000000000	0000000000000001	0000000000000000	7fe0000000000000
irsh	bff0000000000000	0000000000000001	0000000000000000	dff8000000000000
ursh	bff0000000000000	000000000000001f	0000000000000000	000000017fe00000
ulsh	bff0000000000000	000000000000001f	0000000000000000	0000000000000000
irsh	bff0000000000000	000000000000001f	0000000000000000	ffffffff7fe00000
ursh	bff0000000000000	0000000000000020	0000000000000000	00000000bff00000
ulsh	bff0000000000000	0000000000000020	0000000000000000	0000000000000000
irsh	bff0000000000000	0000000000000020	0000000000000000	ffffffffbff00000
ursh	bff0000000000000	0000000000000021	0000000000000000	000000005ff80000
ulsh	bff0000000000000	0000000000000021	0000000000000000	0000000000000000
irsh	bff0000000000000	0000000000000021	0000000000000000	ffffffffdff80000
ursh	bff0000000000000	000000000000003f	0000000000000000	0000000000000001
ulsh	bff0000000000000	000000000000003f	0000000000000000	0000000000000000
irsh	bff0000000000000	000000000000003f	0000000000000000	ffffffffffffffff
rint	bff0000000000000	0000000000000000	0000000000000000	ffffffffffffffff
floor	bff0000000000000	0000000000000000	0000000000000000	ffffffffffffffff
neg	3ff8000000000000	0000000000000000	0000000000000000	bff8000000000000
double	3ff8000000000000	0000000000000000	0000000000000000	4008000000000000
half	3ff8000000000000	0000000000000000	0000000000000000	3fe8000000000000
sub_stub	3ff8000000000000	3ff0000000000000	0000000000000000	ffe8000000000000
le	3ff8000000000000	0000000000000005	0000000000000000	3ff8000000000000
ursh	3ff8000000000000	0000000000000000	0000000000000000	3ff8000000000000
ulsh	3ff8000000000000	0000000000000000	0000000000000000	3ff8000000000000
irsh	3ff8000000000000	0000000000000000	0000000000000000	3ff8000000000000
ursh	3ff8000000000000	0000000000000001	0000000000000000	1ffc000000000000
ulsh	3ff8000000000000	0000000000000001	0000000000000000	7ff0000000000000
irsh	3ff8000000000000	0000000000000001	0000000000000000	1ffc000000000000
ursh	3ff8000000000000	000000000000001f	0000000000000000	000000007ff00000
ulsh	3ff8000000000000	000000000000001f	0000000000000000	0000000000000000
irsh	3ff8000000000000	000000000000001f	0000000000000000	000000007ff00000
ursh	3ff8000000000000	0000000000000020	0000000000000000	000000003ff80000
ulsh	3ff8000000000000	0000000000000020	0000000000000000	0000000000000000
irsh	3ff8000000000000	0000000000000020	0000000000000000	000000003ff80000
ursh	3ff8000000000000	0000000000000021	0000000000000000	000000001ffc0000
ulsh	3ff8000000000000	0000000000000021	0000000000000000	0000000000000000
irsh	3ff8000000000000	0000000000000021	0000000000000000	000000001ffc0000
ursh	3ff8000000000000	000000000000003f	0000000000000000	0000000000000000
ulsh	3ff8000000000000	000000000000003f	0000000000000000	0000000000000000
irsh	3ff8000000000000	000000000000003f	0000000000000000	0000000000000000
rint	3ff8000000000000	0000000000000000	0000000000000000	0000000000000002
floor	3ff8000000000000	0000000000000000	0000000000000000	0000000000000001
neg	bff8000000000000	0000000000000000	0000000000000000	3ff8000000000000
double	bff8000000000000	0000000000000000	0000000000000000	c008000000000000
half	bff8000000000000	0000000000000000	0000000000000000	bfe8000000000000
sub_stub	bff8000000000000	3ff0000000000000	0000000000000000	7fe8000000000000
le	bff8000000000000	0000000000000004	0000000000000000	bff8000000000000
ursh	bff8000000000000	0000000000000000	0000000000000000	bff8000000000000
ulsh	bff8000000000000	0000000000000000	0000000000000000	bff8000000000000
irsh	bff8000000000000	0000000000000000	0000000000000000	bff8000000000000
ursh	bff8000000000000	0000000000000001	0000000000000000	5ffc000000000000
ulsh	bff8000000000000	0000000000000001	0000000000000000	7ff0000000000000
irsh	bff8000000000000	0000000000000001	0000000000000000	dffc000000000000
ursh	bff8000000000000	000000000000001f	0000000000000000	000000017ff00000
ulsh	bff8000000000000	000000000000001f	0000000000000000	0000000000000000
irsh	bff8000000000000	000000000000001f	0000000000000000	ffffffff7ff00000
ursh	bff8000000000000	0000000000000020	0000000000000000	00000000bff80000
ulsh	bff8000000000000	0000000000000020	0000000000000000	0000000000000000
irsh	bff8000000000000	0000000000000020	0000000000000000	ffffffffbff80000
ursh	bff8000000000000	0000000000000021	0000000000000000	000000005ffc0000
ulsh	bff8000000000000	0000000000000021	0000000000000000	0000000000000000
irsh	bff8000000000000	0000000000000021	0000000000000000	ffffffffdffc0000
ursh	bff8000000000000	000000000000003f	0000000000000000	0000000000000001
ulsh	bff8000000000000	000000000000003f	0000000000000000	0000000000000000
irsh	bff8000000000000	000000000000003f	0000000000000000	ffffffffffffffff
rint	bff8000000000000	0000000000000000	0000000000000000	fffffffffffffffe
floor	bff8000000000000	0000000000000000	0000000000000000	fffffffffffffffe
neg	4004000000000000	0000000000000000	0000000000000000	c004000000000000
double	4004000000000000	0000000000000000	0000000000000000	4014000000000000
half	4004000000000000	0000000000000000	0000000000000000	3ff4000000000000
sub_stub	4004000000000000	3ff0000000000000	0000000000000000	fff4000000000000
le	4004000000000000	0000000000000008	0000000000000000	4004000000000000
ursh	4004000000000000	0000000000000000	0000000000000000	4004000000000000
ulsh	4004000000000000	0000000000000000	0000000000000000	4004000000000000
irsh	4004000000000000	0000000000000000	0000000000000000	4004000000000000
ursh	4004000000000000	0000000000000001	0000000000000000	2002000000000000
ulsh	4004000000000000	0000000000000001	0000000000000000	8008000000000000
irsh	4004000000000000	0000000000000001	0000000000000000	2002000000000000
ursh	4004000000000000	000000000000001f	0000000000000000	0000000080080000
ulsh	4004000000000000	000000000000001f	0000000000000000	0000000000000000
irsh	4004000000000000	000000000000001f	0000000000000000	0000000080080000
ursh	4004000000000000	0000000000000020	0000000000000000	0000000040040000
ulsh	4004000000000000	0000000000000020	0000000000000000	0000000000000000
irsh	4004000000000000	0000000000000020	0000000000000000	0000000040040000
ursh	4004000000000000	0000000000000021	0000000000000000	0000000020020000
ulsh	4004000000000000	0000000000000021	0000000000000000	0000000000000000
irsh	4004000000000000	0000000000000021	0000000000000000	0000000020020000
ursh	4004000000000000	000000000000003f	0000000000000000	0000000000000000
ulsh	4004000000000000	000000000000003f	0000000000000000	0000000000000000
irsh	4004000000000000	000000000000003f	0000000000000000	0000000000000000
rint	4004000000000000	0000000000000000	0000000000000000	0000000000000002
floor	4004000000000000	0000000000000000	0000000000000000	0000000000000002
neg	c004000000000000	0000000000000000	0000000000000000	4004000000000000
double	c004000000000000	0000000000000000	0000000000000000	c014000000000000
half	c004000000000000	0000000000000000	0000000000000000	bff4000000000000
sub_stub	c004000000000000	3ff0000000000000	0000000000000000	7ff4000000000000
le	c004000000000000	0000000000000007	0000000000000000	c004000000000000
ursh	c004000000000000	0000000000000000	0000000000000000	c004000000000000
ulsh	c004000000000000	0000000000000000	0000000000000000	c004000000000000
irsh	c004000000000000	0000000000000000	0000000000000000	c004000000000000
ursh	c004000000000000	0000000000000001	0000000000000000	6002000000000000
ulsh	c004000000000000	0000000000000001	0000000000000000	8008000000000000
irsh	c004000000000000	0000000000000001	0000000000000000	e002000000000000
ursh	c004000000000000	000000000000001f	0000000000000000	0000000180080000
ulsh	c004000000000000	000000000000001f	0000000000000000	0000000000000000
irsh	c004000000000000	000000000000001f	0000000000000000	ffffffff80080000
ursh	c004000000000000	0000000000000020	0000000000000000	00000000c0040000
ulsh	c004000000000000	0000000000000020	0000000000000000	0000000000000000
irsh	c004000000000000	0000000000000020	0000000000000000	ffffffffc0040000
ursh	c004000000000000	0000000000000021	0000000000000000	0000000060020000
ulsh	c004000000000000	0000000000000021	0000000000000000	0000000000000000
irsh	c004000000000000	0000000000000021	0000000000000000	ffffffffe0020000
ursh	c004000000000000	000000000000003f	0000000000000000	0000000000000001
ulsh	c004000000000000	000000000000003f	0000000000000000	0000000000000000
irsh	c004000000000000	000000000000003f	0000000000000000	ffffffffffffffff
rint	c004000000000000	0000000000000000	0000000000000000	fffffffffffffffe
floor	c004000000000000	0000000000000000	0000000000000000	fffffffffffffffd
neg	3fefffffffffffff	0000000000000000	0000000000000000	bfefffffffffffff
double	3fefffffffffffff	0000000000000000	0000000000000000	3fffffffffffffff
half	3fefffffffffffff	0000000000000000	0000000000000000	3fdfffffffffffff
sub_stub	3fefffffffffffff	3ff0000000000000	0000000000000000	ffdfffffffffffff
le	3fefffffffffffff	0000000000000005	0000000000000000	3fefffffffffffff
ursh	3fefffffffffffff	0000000000000000	0000000000000000	3fefffffffffffff
ulsh	3fefffffffffffff	0000000000000000	0000000000000000	3fefffffffffffff
irsh	3fefffffffffffff	0000000000000000	0000000000000000	3fefffffffffffff
ursh	3fefffffffffffff	0000000000000001	0000000000000000	1ff7ffffffffffff
ulsh	3fefffffffffffff	0000000000000001	0000000000000000	7fdffffffffffffe
irsh	3fefffffffffffff	0000000000000001	0000000000000000	1ff7ffffffffffff
ursh	3fefffffffffffff	000000000000001f	0000000000000000	000000007fdfffff
ulsh	3fefffffffffffff	000000000000001f	0000000000000000	ffffffff80000000
irsh	3fefffffffffffff	000000000000001f	0000000000000000	000000007fdfffff
ursh	3fefffffffffffff	0000000000000020	0000000000000000	000000003fefffff
ulsh	3fefffffffffffff	0000000000000020	0000000000000000	ffffffff00000000
irsh	3fefffffffffffff	0000000000000020	0000000000000000	000000003fefffff
ursh	3fefffffffffffff	0000000000000021	0000000000000000	000000001ff7ffff
ulsh	3fefffffffffffff	0000000000000021	0000000000000000	fffffffe00000000
irsh	3fefffffffffffff	0000000000000021	0000000000000000	000000001ff7ffff
ursh	3fefffffffffffff	000000000000003f	0000000000000000	0000000000000000
ulsh	3fefffffffffffff	000000000000003f	0000000000000000	8000000000000000
irsh	3fefffffffffffff	000000000000003f	0000000000000000	0000000000000000
rint	3fefffffffffffff	0000000000000000	0000000000000000	0000000000000001
floor	3fefffffffffffff	0000000000000000	0000000000000000	0000000000000000
neg	bfefffffffffffff	0000000000000000	0000000000000000	3fefffffffffffff
double	bfefffffffffffff	0000000000000000	0000000000000000	bfffffffffffffff
half	bfefffffffffffff	0000000000000000	0000000000000000	bfdfffffffffffff
sub_stub	bfefffffffffffff	3ff0000000000000	0000000000000000	7fdfffffffffffff
le	bfefffffffffffff	0000000000000004	0000000000000000	bfefffffffffffff
ursh	bfefffffffffffff	0000000000000000	0000000000000000	bfefffffffffffff
ulsh	bfefffffffffffff	0000000000000000	0000000000000000	bfefffffffffffff
irsh	bfefffffffffffff	0000000000000000	0000000000000000	bfefffffffffffff
ursh	bfefffffffffffff	0000000000000001	0000000000000000	5ff7ffffffffffff
ulsh	bfefffffffffffff	0000000000000001	0000000000000000	7fdffffffffffffe
irsh	bfefffffffffffff	0000000000000001	0000000000000000	dff7ffffffffffff
ursh	bfefffffffffffff	000000000000001f	0000000000000000	000000017fdfffff
ulsh	bfefffffffffffff	000000000000001f	0000000000000000	ffffffff80000000
irsh	bfefffffffffffff	000000000000001f	0000000000000000	ffffffff7fdfffff
ursh	bfefffffffffffff	0000000000000020	0000000000000000	00000000bfefffff
ulsh	bfefffffffffffff	0000000000000020	0000000000000000	ffffffff00000000
irsh	bfefffffffffffff	0000000000000020	0000000000000000	ffffffffbfefffff
ursh	bfefffffffffffff	0000000000000021	0000000000000000	000000005ff7ffff
ulsh	bfefffffffffffff	0000000000000021	0000000000000000	fffffffe00000000
irsh	bfefffffffffffff	0000000000000021	0000000000000000	ffffffffdff7ffff
ursh	bfefffffffffffff	000000000000003f	0000000000000000	0000000000000001
ulsh	bfefffffffffffff	000000000000003f	0000000000000000	8000000000000000
irsh	bfefffffffffffff	000000000000003f	0000000000000000	ffffffffffffffff
rint	bfefffffffffffff	0000000000000000	0000000000000000	ffffffffffffffff
floor	bfefffffffffffff	0000000000000000	0000000000000000	ffffffffffffffff
neg	4300000000000000	0000000000000000	0000000000000000	c300000000000000
double	4300000000000000	0000000000000000	0000000000000000	4310000000000000
half	4300000000000000	0000000000000000	0000000000000000	42f0000000000000
sub_stub	4300000000000000	3ff0000000000000	0000000000000000	02f0000000000000
le	4300000000000000	0000000000000007	0000000000000000	4300000000000000
ursh	4300000000000000	0000000000000000	0000000000000000	4300000000000000
ulsh	4300000000000000	0000000000000000	0000000000000000	4300000000000000
irsh	4300000000000000	0000000000000000	0000000000000000	4300000000000000
ursh	4300000000000000	0000000000000001	0000000000000000	2180000000000000
ulsh	4300000000000000	0000000000000001	0000000000000000	8600000000000000
irsh	4300000000000000	0000000000000001	0000000000000000	2180000000000000
ursh	4300000000000000	000000000000001f	0000000000000000	0000000086000000
ulsh	4300000000000000	000000000000001f	0000000000000000	0000000000000000
irsh	4300000000000000	000000000000001f	0000000000000000	0000000086000000
ursh	4300000000000000	0000000000000020	0000000000000000	0000000043000000
ulsh	4300000000000000	0000000000000020	0000000000000000	0000000000000000
irsh	4300000000000000	0000000000000020	0000000000000000	0000000043000000
ursh	4300000000000000	0000000000000021	0000000000000000	0000000021800000
ulsh	4300000000000000	0000000000000021	0000000000000000	0000000000000000
irsh	4300000000000000	0000000000000021	0000000000000000	0000000021800000
ursh	4300000000000000	000000000000003f	0000000000000000	0000000000000000
ulsh	4300000000000000	000000000000003f	0000000000000000	0000000000000000
irsh	4300000000000000	000000000000003f	0000000000000000	0000000000000000
rint	4300000000000000	0000000000000000	0000000000000000	0002000000000000
floor	4300000000000000	0000000000000000	0000000000000000	0002000000000000
neg	c300000000000000	0000000000000000	0000000000000000	4300000000000000
double	c300000000000000	0000000000000000	0000000000000000	c310000000000000
half	c300000000000000	0000000000000000	0000000000000000	c2f0000000000000
sub_stub	c300000000000000	3ff0000000000000	0000000000000000	82f0000000000000
le	c300000000000000	0000000000000006	0000000000000000	c300000000000000
ursh	c300000000000000	0000000000000000	0000000000000000	c300000000000000
ulsh	c300000000000000	0000000000000000	0000000000000000	c300000000000000
irsh	c300000000000000	0000000000000000	0000000000000000	c300000000000000
ursh	c300000000000000	0000000000000001	0000000000000000	6180000000000000
ulsh	c300000000000000	0000000000000001	0000000000000000	8600000000000000
irsh	c300000000000000	0000000000000001	0000000000000000	e180000000000000
ursh	c300000000000000	000000000000001f	0000000000000000	0000000186000000
ulsh	c300000000000000	000000000000001f	0000000000000000	0000000000000000
irsh	c300000000000000	000000000000001f	0000000000000000	ffffffff86000000
ursh	c300000000000000	0000000000000020	0000000000000000	00000000c3000000
ulsh	c300000000000000	0000000000000020	0000000000000000	0000000000000000
irsh	c300000000000000	0000000000000020	0000000000000000	ffffffffc3000000
ursh	c300000000000000	0000000000000021	0000000000000000	0000000061800000
ulsh	c300000000000000	0000000000000021	0000000000000000	0000000000000000
irsh	c300000000000000	0000000000000021	0000000000000000	ffffffffe1800000
ursh	c300000000000000	000000000000003f	0000000000000000	0000000000000001
ulsh	c300000000000000	000000000000003f	0000000000000000	0000000000000000
irsh	c300000000000000	000000000000003f	0000000000000000	ffffffffffffffff
rint	c300000000000000	0000000000000000	0000000000000000	fffe000000000000
floor	c300000000000000	0000000000000000	0000000000000000	fffe000000000000
neg	3ff0000000000001	0000000000000000	0000000000000000	bff0000000000001
double	3ff0000000000001	0000000000000000	0000000000000000	4000000000000001
half	3ff0000000000001	0000000000000000	0000000000000000	3fe0000000000001
sub_stub	3ff0000000000001	3ff0000000000000	0000000000000000	ffe0000000000001
le	3ff0000000000001	0000000000000007	0000000000000000	3ff0000000000001
ursh	3ff0000000000001	0000000000000000	0000000000000000	3ff0000000000001
ulsh	3ff0000000000001	0000000000000000	0000000000000000	3ff0000000000001
irsh	3ff0000000000001	0000000000000000	0000000000000000	3ff0000000000001
ursh	3ff0000000000001	0000000000000001	0000000000000000	1ff8000000000000
ulsh	3ff0000000000001	0000000000000001	0000000000000000	7fe0000000000002
irsh	3ff0000000000001	0000000000000001	0000000000000000	1ff8000000000000
ursh	3ff0000000000001	000000000000001f	0000000000000000	000000007fe00000
ulsh	3ff0000000000001	000000000000001f	0000000000000000	0000000080000000
irsh	3ff0000000000001	000000000000001f	0000000000000000	000000007fe00000
ursh	3ff0000000000001	0000000000000020	0000000000000000	000000003ff00000
ulsh	3ff0000000000001	0000000000000020	0000000000000000	0000000100000000
irsh	3ff0000000000001	0000000000000020	0000000000000000	000000003ff00000
ursh	3ff0000000000001	0000000000000021	0000000000000000	000000001ff80000
ulsh	3ff0000000000001	0000000000000021	0000000000000000	0000000200000000
irsh	3ff0000000000001	0000000000000021	0000000000000000	000000001ff80000
ursh	3ff0000000000001	000000000000003f	0000000000000000	0000000000000000
ulsh	3ff0000000000001	000000000000003f	0000000000000000	8000000000000000
irsh	3ff0000000000001	000000000000003f	0000000000000000	0000000000000000
rint	3ff0000000000001	0000000000000000	0000000000000000	0000000000000001
floor	3ff0000000000001	0000000000000000	0000000000000000	0000000000000001
neg	bff0000000000001	0000000000000000	0000000000000000	3ff0000000000001
double	bff0000000000001	0000000000000000	0000000000000000	c000000000000001
half	bff0000000000001	0000000000000000	0000000000000000	bfe0000000000001
sub_stub	bff0000000000001	3ff0000000000000	0000000000000000	7fe0000000000001
le	bff0000000000001	0000000000000006	0000000000000000	bff0000000000001
ursh	bff0000000000001	0000000000000000	0000000000000000	bff0000000000001
ulsh	bff0000000000001	0000000000000000	0000000000000000	bff0000000000001
irsh	bff0000000000001	0000000000000000	0000000000000000	bff0000000000001
ursh	bff0000000000001	0000000000000001	0000000000000000	5ff8000000000000
ulsh	bff0000000000001	0000000000000001	0000000000000000	7fe0000000000002
irsh	bff0000000000001	0000000000000001	0000000000000000	dff8000000000000
ursh	bff0000000000001	000000000000001f	0000000000000000	000000017fe00000
ulsh	bff0000000000001	000000000000001f	0000000000000000	0000000080000000
irsh	bff0000000000001	000000000000001f	0000000000000000	ffffffff7fe00000
ursh	bff0000000000001	0000000000000020	0000000000000000	00000000bff00000
ulsh	bff0000000000001	0000000000000020	0000000000000000	0000000100000000
irsh	bff0000000000001	0000000000000020	0000000000000000	ffffffffbff00000
ursh	bff0000000000001	0000000000000021	0000000000000000	000000005ff80000
ulsh	bff0000000000001	0000000000000021	0000000000000000	0000000200000000
irsh	bff0000000000001	0000000000000021	0000000000000000	ffffffffdff80000
ursh	bff0000000000001	000000000000003f	0000000000000000	0000000000000001
ulsh	bff0000000000001	000000000000003f	0000000000000000	8000000000000000
irsh	bff0000000000001	000000000000003f	0000000000000000	ffffffffffffffff
rint	bff0000000000001	0000000000000000	0000000000000000	ffffffffffffffff
floor	bff0000000000001	0000000000000000	0000000000000000	fffffffffffffffe
neg	4310000000000000	0000000000000000	0000000000000000	c310000000000000
double	4310000000000000	0000000000000000	0000000000000000	4320000000000000
half	4310000000000000	0000000000000000	0000000000000000	4300000000000000
sub_stub	4310000000000000	3ff0000000000000	0000000000000000	0300000000000000
le	4310000000000000	0000000000000005	0000000000000000	4310000000000000
ursh	4310000000000000	0000000000000000	0000000000000000	4310000000000000
ulsh	4310000000000000	0000000000000000	0000000000000000	4310000000000000
irsh	4310000000000000	0000000000000000	0000000000000000	4310000000000000
ursh	4310000000000000	0000000000000001	0000000000000000	2188000000000000
ulsh	4310000000000000	0000000000000001	0000000000000000	8620000000000000
irsh	4310000000000000	0000000000000001	0000000000000000	2188000000000000
ursh	4310000000000000	000000000000001f	0000000000000000	0000000086200000
ulsh	4310000000000000	000000000000001f	0000000000000000	0000000000000000
irsh	4310000000000000	000000000000001f	0000000000000000	0000000086200000
ursh	4310000000000000	0000000000000020	0000000000000000	0000000043100000
ulsh	4310000000000000	0000000000000020	0000000000000000	0000000000000000
irsh	4310000000000000	0000000000000020	0000000000000000	0000000043100000
ursh	4310000000000000	0000000000000021	0000000000000000	0000000021880000
ulsh	4310000000000000	0000000000000021	0000000000000000	0000000000000000
irsh	4310000000000000	0000000000000021	0000000000000000	0000000021880000
ursh	4310000000000000	000000000000003f	0000000000000000	0000000000000000
ulsh	4310000000000000	000000000000003f	0000000000000000	0000000000000000
irsh	4310000000000000	000000000000003f	0000000000000000	0000000000000000
neg	7ff0000000000000	0000000000000000	0000000000000000	fff0000000000000
double	7ff0000000000000	0000000000000000	0000000000000000	8000000000000000
half	7ff0000000000000	0000000000000000	0000000000000000	7fe0000000000000
sub_stub	7ff0000000000000	3ff0000000000000	0000000000000000	3fe0000000000000
le	7ff0000000000000	0000000000000001	0000000000000000	7ff0000000000000
ursh	7ff0000000000000	0000000000000000	0000000000000000	7ff0000000000000
ulsh	7ff0000000000000	0000000000000000	0000000000000000	7ff0000000000000
irsh	7ff0000000000000	0000000000000000	0000000000000000	7ff0000000000000
ursh	7ff0000000000000	0000000000000001	0000000000000000	3ff8000000000000
ulsh	7ff0000000000000	0000000000000001	0000000000000000	ffe0000000000000
irsh	7ff0000000000000	0000000000000001	0000000000000000	3ff8000000000000
ursh	7ff0000000000000	000000000000001f	0000000000000000	00000000ffe00000
ulsh	7ff0000000000000	000000000000001f	0000000000000000	0000000000000000
irsh	7ff0000000000000	000000000000001f	0000000000000000	00000000ffe00000
ursh	7ff0000000000000	0000000000000020	0000000000000000	000000007ff00000
ulsh	7ff0000000000000	0000000000000020	0000000000000000	0000000000000000
irsh	7ff0000000000000	0000000000000020	0000000000000000	000000007ff00000
ursh	7ff0000000000000	0000000000000021	0000000000000000	000000003ff80000
ulsh	7ff0000000000000	0000000000000021	0000000000000000	0000000000000000
irsh	7ff0000000000000	0000000000000021	0000000000000000	000000003ff80000
ursh	7ff0000000000000	000000000000003f	0000000000000000	0000000000000000
ulsh	7ff0000000000000	000000000000003f	0000000000000000	0000000000000000
irsh	7ff0000000000000	000000000000003f	0000000000000000	0000000000000000
neg	7ff8000000000001	0000000000000000	0000000000000000	fff8000000000001
double	7ff8000000000001	0000000000000000	0000000000000000	8008000000000001
half	7ff8000000000001	0000000000000000	0000000000000000	7fe8000000000001
sub_stub	7ff8000000000001	3ff0000000000000	0000000000000000	3fe8000000000001
le	7ff8000000000001	0000000000000001	0000000000000000	7ff8000000000001
ursh	7ff8000000000001	0000000000000000	0000000000000000	7ff8000000000001
ulsh	7ff8000000000001	0000000000000000	0000000000000000	7ff8000000000001
irsh	7ff8000000000001	0000000000000000	0000000000000000	7ff8000000000001
ursh	7ff8000000000001	0000000000000001	0000000000000000	3ffc000000000000
ulsh	7ff8000000000001	0000000000000001	0000000000000000	fff0000000000002
irsh	7ff8000000000001	0000000000000001	0000000000000000	3ffc000000000000
ursh	7ff8000000000001	000000000000001f	0000000000000000	00000000fff00000
ulsh	7ff8000000000001	000000000000001f	0000000000000000	0000000080000000
irsh	7ff8000000000001	000000000000001f	0000000000000000	00000000fff00000
ursh	7ff8000000000001	0000000000000020	0000000000000000	000000007ff80000
ulsh	7ff8000000000001	0000000000000020	0000000000000000	0000000100000000
irsh	7ff8000000000001	0000000000000020	0000000000000000	000000007ff80000
ursh	7ff8000000000001	0000000000000021	0000000000000000	000000003ffc0000
ulsh	7ff8000000000001	0000000000000021	0000000000000000	0000000200000000
irsh	7ff8000000000001	0000000000000021	0000000000000000	000000003ffc0000
ursh	7ff8000000000001	000000000000003f	0000000000000000	0000000000000000
ulsh	7ff8000000000001	000000000000003f	0000000000000000	8000000000000000
irsh	7ff8000000000001	000000000000003f	0000000000000000	0000000000000000
neg	de0497cf65c3ef09	0000000000000000	0000000000000000	5e0497cf65c3ef09
double	de0497cf65c3ef09	0000000000000000	0000000000000000	de1497cf65c3ef09
half	de0497cf65c3ef09	0000000000000000	0000000000000000	ddf497cf65c3ef09
sub_stub	de0497cf65c3ef09	3ff0000000000000	0000000000000000	9df497cf65c3ef09
le	de0497cf65c3ef09	0000000000000006	0000000000000000	de0497cf65c3ef09
ursh	de0497cf65c3ef09	0000000000000000	0000000000000000	de0497cf65c3ef09
ulsh	de0497cf65c3ef09	0000000000000000	0000000000000000	de0497cf65c3ef09
irsh	de0497cf65c3ef09	0000000000000000	0000000000000000	de0497cf65c3ef09
ursh	de0497cf65c3ef09	0000000000000001	0000000000000000	6f024be7b2e1f784
ulsh	de0497cf65c3ef09	0000000000000001	0000000000000000	bc092f9ecb87de12
irsh	de0497cf65c3ef09	0000000000000001	0000000000000000	ef024be7b2e1f784
ursh	de0497cf65c3ef09	000000000000001f	0000000000000000	00000001bc092f9e
ulsh	de0497cf65c3ef09	000000000000001f	0000000000000000	b2e1f78480000000
irsh	de0497cf65c3ef09	000000000000001f	0000000000000000	ffffffffbc092f9e
ursh	de0497cf65c3ef09	0000000000000020	0000000000000000	00000000de0497cf
ulsh	de0497cf65c3ef09	0000000000000020	0000000000000000	65c3ef0900000000
irsh	de0497cf65c3ef09	0000000000000020	0000000000000000	ffffffffde0497cf
ursh	de0497cf65c3ef09	0000000000000021	0000000000000000	000000006f024be7
ulsh	de0497cf65c3ef09	0000000000000021	0000000000000000	cb87de1200000000
irsh	de0497cf65c3ef09	0000000000000021	0000000000000000	ffffffffef024be7
ursh	de0497cf65c3ef09	000000000000003f	0000000000000000	0000000000000001
ulsh	de0497cf65c3ef09	000000000000003f	0000000000000000	8000000000000000
irsh	de0497cf65c3ef09	000000000000003f	0000000000000000	ffffffffffffffff
neg	7c3c1188e50e6b1e	0000000000000000	0000000000000000	fc3c1188e50e6b1e
double	7c3c1188e50e6b1e	0000000000000000	0000000000000000	7c4c1188e50e6b1e
half	7c3c1188e50e6b1e	0000000000000000	0000000000000000	7c2c1188e50e6b1e
sub_stub	7c3c1188e50e6b1e	3ff0000000000000	0000000000000000	3c2c1188e50e6b1e
le	7c3c1188e50e6b1e	0000000000000006	0000000000000000	7c3c1188e50e6b1e
ursh	7c3c1188e50e6b1e	0000000000000000	0000000000000000	7c3c1188e50e6b1e
ulsh	7c3c1188e50e6b1e	0000000000000000	0000000000000000	7c3c1188e50e6b1e
irsh	7c3c1188e50e6b1e	0000000000000000	0000000000000000	7c3c1188e50e6b1e
ursh	7c3c1188e50e6b1e	0000000000000001	0000000000000000	3e1e08c47287358f
ulsh	7c3c1188e50e6b1e	0000000000000001	0000000000000000	f8782311ca1cd63c
irsh	7c3c1188e50e6b1e	0000000000000001	0000000000000000	3e1e08c47287358f
ursh	7c3c1188e50e6b1e	000000000000001f	0000000000000000	00000000f8782311
ulsh	7c3c1188e50e6b1e	000000000000001f	0000000000000000	7287358f00000000
irsh	7c3c1188e50e6b1e	000000000000001f	0000000000000000	00000000f8782311
ursh	7c3c1188e50e6b1e	0000000000000020	0000000000000000	000000007c3c1188
ulsh	7c3c1188e50e6b1e	0000000000000020	0000000000000000	e50e6b1e00000000
irsh	7c3c1188e50e6b1e	0000000000000020	0000000000000000	000000007c3c1188
ursh	7c3c1188e50e6b1e	0000000000000021	0000000000000000	000000003e1e08c4
ulsh	7c3c1188e50e6b1e	0000000000000021	0000000000000000	ca1cd63c00000000
irsh	7c3c1188e50e6b1e	0000000000000021	0000000000000000	000000003e1e08c4
ursh	7c3c1188e50e6b1e	000000000000003f	0000000000000000	0000000000000000
ulsh	7c3c1188e50e6b1e	000000000000003f	0000000000000000	0000000000000000
irsh	7c3c1188e50e6b1e	000000000000003f	0000000000000000	0000000000000000
neg	1a738b426458e733	0000000000000000	0000000000000000	9a738b426458e733
double	1a738b426458e733	0000000000000000	0000000000000000	1a838b426458e733
half	1a738b426458e733	0000000000000000	0000000000000000	1a638b426458e733
sub_stub	1a738b426458e733	3ff0000000000000	0000000000000000	da638b426458e733
le	1a738b426458e733	0000000000000006	0000000000000000	1a738b426458e733
ursh	1a738b426458e733	0000000000000000	0000000000000000	1a738b426458e733
ulsh	1a738b426458e733	0000000000000000	0000000000000000	1a738b426458e733
irsh	1a738b426458e733	0000000000000000	0000000000000000	1a738b426458e733
ursh	1a738b426458e733	0000000000000001	0000000000000000	0d39c5a1322c7399
ulsh	1a738b426458e733	0000000000000001	0000000000000000	34e71684c8b1ce66
irsh	1a738b426458e733	0000000000000001	0000000000000000	0d39c5a1322c7399
ursh	1a738b426458e733	000000000000001f	0000000000000000	0000000034e71684
ulsh	1a738b426458e733	000000000000001f	0000000000000000	322c739980000000
irsh	1a738b426458e733	000000000000001f	0000000000000000	0000000034e71684
ursh	1a738b426458e733	0000000000000020	0000000000000000	000000001a738b42
ulsh	1a738b426458e733	0000000000000020	0000000000000000	6458e73300000000
irsh	1a738b426458e733	0000000000000020	0000000000000000	000000001a738b42
ursh	1a738b426458e733	0000000000000021	0000000000000000	000000000d39c5a1
ulsh	1a738b426458e733	0000000000000021	0000000000000000	c8b1ce6600000000
irsh	1a738b426458e733	0000000000000021	0000000000000000	000000000d39c5a1
ursh	1a738b426458e733	000000000000003f	0000000000000000	0000000000000000
ulsh	1a738b426458e733	000000000000003f	0000000000000000	8000000000000000
irsh	1a738b426458e733	000000000000003f	0000000000000000	0000000000000000
rint	1a738b426458e733	0000000000000000	0000000000000000	0000000000000000
floor	1a738b426458e733	0000000000000000	0000000000000000	0000000000000000
neg	b8ab04fbe3a36348	0000000000000000	0000000000000000	38ab04fbe3a36348
double	b8ab04fbe3a36348	0000000000000000	0000000000000000	b8bb04fbe3a36348
half	b8ab04fbe3a36348	0000000000000000	0000000000000000	b89b04fbe3a36348
sub_stub	b8ab04fbe3a36348	3ff0000000000000	0000000000000000	789b04fbe3a36348
le	b8ab04fbe3a36348	0000000000000004	0000000000000000	b8ab04fbe3a36348
ursh	b8ab04fbe3a36348	0000000000000000	0000000000000000	b8ab04fbe3a36348
ulsh	b8ab04fbe3a36348	0000000000000000	0000000000000000	b8ab04fbe3a36348
irsh	b8ab04fbe3a36348	0000000000000000	0000000000000000	b8ab04fbe3a36348
ursh	b8ab04fbe3a36348	0000000000000001	0000000000000000	5c55827df1d1b1a4
ulsh	b8ab04fbe3a36348	0000000000000001	0000000000000000	715609f7c746c690
irsh	b8ab04fbe3a36348	0000000000000001	0000000000000000	dc55827df1d1b1a4
ursh	b8ab04fbe3a36348	000000000000001f	0000000000000000	00000001715609f7
ulsh	b8ab04fbe3a36348	000000000000001f	0000000000000000	f1d1b1a400000000
irsh	b8ab04fbe3a36348	000000000000001f	0000000000000000	ffffffff715609f7
ursh	b8ab04fbe3a36348	0000000000000020	0000000000000000	00000000b8ab04fb
ulsh	b8ab04fbe3a36348	0000000000000020	0000000000000000	e3a3634800000000
irsh	b8ab04fbe3a36348	0000000000000020	0000000000000000	ffffffffb8ab04fb
ursh	b8ab04fbe3a36348	0000000000000021	0000000000000000	000000005c55827d
ulsh	b8ab04fbe3a36348	0000000000000021	0000000000000000	c746c69000000000
irsh	b8ab04fbe3a36348	0000000000000021	0000000000000000	ffffffffdc55827d
ursh	b8ab04fbe3a36348	000000000000003f	0000000000000000	0000000000000001
ulsh	b8ab04fbe3a36348	000000000000003f	0000000000000000	0000000000000000
irsh	b8ab04fbe3a36348	000000000000003f	0000000000000000	ffffffffffffffff
rint	b8ab04fbe3a36348	0000000000000000	0000000000000000	0000000000000000
floor	b8ab04fbe3a36348	0000000000000000	0000000000000000	ffffffffffffffff
neg	56e27eb562eddf5d	0000000000000000	0000000000000000	d6e27eb562eddf5d
double	56e27eb562eddf5d	0000000000000000	0000000000000000	56f27eb562eddf5d
half	56e27eb562eddf5d	0000000000000000	0000000000000000	56d27eb562eddf5d
sub_stub	56e27eb562eddf5d	3ff0000000000000	0000000000000000	16d27eb562eddf5d
le	56e27eb562eddf5d	0000000000000004	0000000000000000	56e27eb562eddf5d
ursh	56e27eb562eddf5d	0000000000000000	0000000000000000	56e27eb562eddf5d
ulsh	56e27eb562eddf5d	0000000000000000	0000000000000000	56e27eb562eddf5d
irsh	56e27eb562eddf5d	0000000000000000	0000000000000000	56e27eb562eddf5d
ursh	56e27eb562eddf5d	0000000000000001	0000000000000000	2b713f5ab176efae
ulsh	56e27eb562eddf5d	0000000000000001	0000000000000000	adc4fd6ac5dbbeba
irsh	56e27eb562eddf5d	0000000000000001	0000000000000000	2b713f5ab176efae
ursh	56e27eb562eddf5d	000000000000001f	0000000000000000	00000000adc4fd6a
ulsh	56e27eb562eddf5d	000000000000001f	0000000000000000	b176efae80000000
irsh	56e27eb562eddf5d	000000000000001f	0000000000000000	00000000adc4fd6a
ursh	56e27eb562eddf5d	0000000000000020	0000000000000000	0000000056e27eb5
ulsh	56e27eb562eddf5d	0000000000000020	0000000000000000	62eddf5d00000000
irsh	56e27eb562eddf5d	0000000000000020	0000000000000000	0000000056e27eb5
ursh	56e27eb562eddf5d	0000000000000021	0000000000000000	000000002b713f5a
ulsh	56e27eb562eddf5d	0000000000000021	0000000000000000	c5dbbeba00000000
irsh	56e27eb562eddf5d	0000000000000021	0000000000000000	000000002b713f5a
ursh	56e27eb562eddf5d	000000000000003f	0000000000000000	0000000000000000
ulsh	56e27eb562eddf5d	000000000000003f	0000000000000000	8000000000000000
irsh	56e27eb562eddf5d	000000000000003f	0000000000000000	0000000000000000
neg	f519f86ee2385b72	0000000000000000	0000000000000000	7519f86ee2385b72
double	f519f86ee2385b72	0000000000000000	0000000000000000	f529f86ee2385b72
half	f519f86ee2385b72	0000000000000000	0000000000000000	f509f86ee2385b72
sub_stub	f519f86ee2385b72	3ff0000000000000	0000000000000000	b509f86ee2385b72
le	f519f86ee2385b72	0000000000000002	0000000000000000	f519f86ee2385b72
ursh	f519f86ee2385b72	0000000000000000	0000000000000000	f519f86ee2385b72
ulsh	f519f86ee2385b72	0000000000000000	0000000000000000	f519f86ee2385b72
irsh	f519f86ee2385b72	0000000000000000	0000000000000000	f519f86ee2385b72
ursh	f519f86ee2385b72	0000000000000001	0000000000000000	7a8cfc37711c2db9
ulsh	f519f86ee2385b72	0000000000000001	0000000000000000	ea33f0ddc470b6e4
irsh	f519f86ee2385b72	0000000000000001	0000000000000000	fa8cfc37711c2db9
ursh	f519f86ee2385b72	000000000000001f	0000000000000000	00000001ea33f0dd
ulsh	f519f86ee2385b72	000000000000001f	0000000000000000	711c2db900000000
irsh	f519f86ee2385b72	000000000000001f	0000000000000000	ffffffffea33f0dd
ursh	f519f86ee2385b72	0000000000000020	0000000000000000	00000000f519f86e
ulsh	f519f86ee2385b72	0000000000000020	0000000000000000	e2385b7200000000
irsh	f519f86ee2385b72	0000000000000020	0000000000000000	fffffffff519f86e
ursh	f519f86ee2385b72	0000000000000021	0000000000000000	000000007a8cfc37
ulsh	f519f86ee2385b72	0000000000000021	0000000000000000	c470b6e400000000
irsh	f519f86ee2385b72	0000000000000021	0000000000000000	fffffffffa8cfc37
ursh	f519f86ee2385b72	000000000000003f	0000000000000000	0000000000000001
ulsh	f519f86ee2385b72	000000000000003f	0000000000000000	0000000000000000
irsh	f519f86ee2385b72	000000000000003f	0000000000000000	ffffffffffffffff
neg	935172286182d787	0000000000000000	0000000000000000	135172286182d787
double	935172286182d787	0000000000000000	0000000000000000	936172286182d787
half	935172286182d787	0000000000000000	0000000000000000	934172286182d787
sub_stub	935172286182d787	3ff0000000000000	0000000000000000	534172286182d787
le	935172286182d787	0000000000000002	0000000000000000	935172286182d787
ursh	935172286182d787	0000000000000000	0000000000000000	935172286182d787
ulsh	935172286182d787	0000000000000000	0000000000000000	935172286182d787
irsh	935172286182d787	0000000000000000	0000000000000000	935172286182d787
ursh	935172286182d787	0000000000000001	0000000000000000	49a8b91430c16bc3
ulsh	935172286182d787	0000000000000001	0000000000000000	26a2e450c305af0e
irsh	935172286182d787	0000000000000001	0000000000000000	c9a8b91430c16bc3
ursh	935172286182d787	000000000000001f	0000000000000000	0000000126a2e450
ulsh	935172286182d787	000000000000001f	0000000000000000	30c16bc380000000
irsh	935172286182d787	000000000000001f	0000000000000000	ffffffff26a2e450
ursh	935172286182d787	0000000000000020	0000000000000000	0000000093517228
ulsh	935172286182d787	0000000000000020	0000000000000000	6182d78700000000
irsh	935172286182d787	0000000000000020	0000000000000000	ffffffff93517228
ursh	935172286182d787	0000000000000021	0000000000000000	0000000049a8b914
ulsh	935172286182d787	0000000000000021	0000000000000000	c305af0e00000000
irsh	935172286182d787	0000000000000021	0000000000000000	ffffffffc9a8b914
ursh	935172286182d787	000000000000003f	0000000000000000	0000000000000001
ulsh	935172286182d787	000000000000003f	0000000000000000	8000000000000000
irsh	935172286182d787	000000000000003f	0000000000000000	ffffffffffffffff
rint	935172286182d787	0000000000000000	0000000000000000	0000000000000000
floor	935172286182d787	0000000000000000	0000000000000000	ffffffffffffffff
neg	3188ebe1e0cd539c	0000000000000000	0000000000000000	b188ebe1e0cd539c
double	3188ebe1e0cd539c	0000000000000000	0000000000000000	3198ebe1e0cd539c
half	3188ebe1e0cd539c	0000000000000000	0000000000000000	3178ebe1e0cd539c
sub_stub	3188ebe1e0cd539c	3ff0000000000000	0000000000000000	f178ebe1e0cd539c
le	3188ebe1e0cd539c	0000000000000002	0000000000000000	3188ebe1e0cd539c
ursh	3188ebe1e0cd539c	0000000000000000	0000000000000000	3188ebe1e0cd539c
ulsh	3188ebe1e0cd539c	0000000000000000	0000000000000000	3188ebe1e0cd539c
irsh	3188ebe1e0cd539c	0000000000000000	0000000000000000	3188ebe1e0cd539c
ursh	3188ebe1e0cd539c	0000000000000001	0000000000000000	18c475f0f066a9ce
ulsh	3188ebe1e0cd539c	0000000000000001	0000000000000000	6311d7c3c19aa738
irsh	3188ebe1e0cd539c	0000000000000001	0000000000000000	18c475f0f066a9ce
ursh	3188ebe1e0cd539c	000000000000001f	0000000000000000	000000006311d7c3
ulsh	3188ebe1e0cd539c	000000000000001f	0000000000000000	f066a9ce00000000
irsh	3188ebe1e0cd539c	000000000000001f	0000000000000000	000000006311d7c3
ursh	3188ebe1e0cd539c	0000000000000020	0000000000000000	000000003188ebe1
ulsh	3188ebe1e0cd539c	0000000000000020	0000000000000000	e0cd539c00000000
irsh	3188ebe1e0cd539c	0000000000000020	0000000000000000	000000003188ebe1
ursh	3188ebe1e0cd539c	0000000000000021	0000000000000000	0000000018c475f0
ulsh	3188ebe1e0cd539c	0000000000000021	0000000000000000	c19aa73800000000
irsh	3188ebe1e0cd539c	0000000000000021	0000000000000000	0000000018c475f0
ursh	3188ebe1e0cd539c	000000000000003f	0000000000000000	0000000000000000
ulsh	3188ebe1e0cd539c	000000000000003f	0000000000000000	0000000000000000
irsh	3188ebe1e0cd539c	000000000000003f	0000000000000000	0000000000000000
rint	3188ebe1e0cd539c	0000000000000000	0000000000000000	0000000000000000
floor	3188ebe1e0cd539c	0000000000000000	0000000000000000	0000000000000000
neg	cfc0659b6017cfb1	0000000000000000	0000000000000000	4fc0659b6017cfb1
double	cfc0659b6017cfb1	0000000000000000	0000000000000000	cfd0659b6017cfb1
half	cfc0659b6017cfb1	0000000000000000	0000000000000000	cfb0659b6017cfb1
sub_stub	cfc0659b6017cfb1	3ff0000000000000	0000000000000000	8fb0659b6017cfb1
le	cfc0659b6017cfb1	0000000000000000	0000000000000000	cfc0659b6017cfb1
ursh	cfc0659b6017cfb1	0000000000000000	0000000000000000	cfc0659b6017cfb1
ulsh	cfc0659b6017cfb1	0000000000000000	0000000000000000	cfc0659b6017cfb1
irsh	cfc0659b6017cfb1	0000000000000000	0000000000000000	cfc0659b6017cfb1
ursh	cfc0659b6017cfb1	0000000000000001	0000000000000000	67e032cdb00be7d8
ulsh	cfc0659b6017cfb1	0000000000000001	0000000000000000	9f80cb36c02f9f62
irsh	cfc0659b6017cfb1	0000000000000001	0000000000000000	e7e032cdb00be7d8
ursh	cfc0659b6017cfb1	000000000000001f	0000000000000000	000000019f80cb36
ulsh	cfc0659b6017cfb1	000000000000001f	0000000000000000	b00be7d880000000
irsh	cfc0659b6017cfb1	000000000000001f	0000000000000000	ffffffff9f80cb36
ursh	cfc0659b6017cfb1	0000000000000020	0000000000000000	00000000cfc0659b
ulsh	cfc0659b6017cfb1	0000000000000020	0000000000000000	6017cfb100000000
irsh	cfc0659b6017cfb1	0000000000000020	0000000000000000	ffffffffcfc0659b
ursh	cfc0659b6017cfb1	0000000000000021	0000000000000000	0000000067e032cd
ulsh	cfc0659b6017cfb1	0000000000000021	0000000000000000	c02f9f6200000000
irsh	cfc0659b6017cfb1	0000000000000021	0000000000000000	ffffffffe7e032cd
ursh	cfc0659b6017cfb1	000000000000003f	0000000000000000	0000000000000001
ulsh	cfc0659b6017cfb1	000000000000003f	0000000000000000	8000000000000000
irsh	cfc0659b6017cfb1	000000000000003f	0000000000000000	ffffffffffffffff
neg	6df7df54df624bc6	0000000000000000	0000000000000000	edf7df54df624bc6
double	6df7df54df624bc6	0000000000000000	0000000000000000	6e07df54df624bc6
half	6df7df54df624bc6	0000000000000000	0000000000000000	6de7df54df624bc6
sub_stub	6df7df54df624bc6	3ff0000000000000	0000000000000000	2de7df54df624bc6
le	6df7df54df624bc6	0000000000000000	0000000000000000	6df7df54df624bc6
ursh	6df7df54df624bc6	0000000000000000	0000000000000000	6df7df54df624bc6
ulsh	6df7df54df624bc6	0000000000000000	0000000000000000	6df7df54df624bc6
irsh	6df7df54df624bc6	0000000000000000	0000000000000000	6df7df54df624bc6
ursh	6df7df54df624bc6	0000000000000001	0000000000000000	36fbefaa6fb125e3
ulsh	6df7df54df624bc6	0000000000000001	0000000000000000	dbefbea9bec4978c
irsh	6df7df54df624bc6	0000000000000001	0000000000000000	36fbefaa6fb125e3
ursh	6df7df54df624bc6	000000000000001f	0000000000000000	00000000dbefbea9
ulsh	6df7df54df624bc6	000000000000001f	0000000000000000	6fb125e300000000
irsh	6df7df54df624bc6	000000000000001f	0000000000000000	00000000dbefbea9
ursh	6df7df54df624bc6	0000000000000020	0000000000000000	000000006df7df54
ulsh	6df7df54df624bc6	0000000000000020	0000000000000000	df624bc600000000
irsh	6df7df54df624bc6	0000000000000020	0000000000000000	000000006df7df54
ursh	6df7df54df624bc6	0000000000000021	0000000000000000	0000000036fbefaa
ulsh	6df7df54df624bc6	0000000000000021	0000000000000000	bec4978c00000000
irsh	6df7df54df624bc6	0000000000000021	0000000000000000	0000000036fbefaa
ursh	6df7df54df624bc6	000000000000003f	0000000000000000	0000000000000000
ulsh	6df7df54df624bc6	000000000000003f	0000000000000000	0000000000000000
irsh	6df7df54df624bc6	000000000000003f	0000000000000000	0000000000000000
neg	0c2f590e5eacc7db	0000000000000000	0000000000000000	8c2f590e5eacc7db
double	0c2f590e5eacc7db	0000000000000000	0000000000000000	0c3f590e5eacc7db
half	0c2f590e5eacc7db	0000000000000000	0000000000000000	0c1f590e5eacc7db
sub_stub	0c2f590e5eacc7db	3ff0000000000000	0000000000000000	cc1f590e5eacc7db
le	0c2f590e5eacc7db	0000000000000000	0000000000000000	0c2f590e5eacc7db
ursh	0c2f590e5eacc7db	0000000000000000	0000000000000000	0c2f590e5eacc7db
ulsh	0c2f590e5eacc7db	0000000000000000	0000000000000000	0c2f590e5eacc7db
irsh	0c2f590e5eacc7db	0000000000000000	0000000000000000	0c2f590e5eacc7db
ursh	0c2f590e5eacc7db	0000000000000001	0000000000000000	0617ac872f5663ed
ulsh	0c2f590e5eacc7db	0000000000000001	0000000000000000	185eb21cbd598fb6
irsh	0c2f590e5eacc7db	0000000000000001	0000000000000000	0617ac872f5663ed
ursh	0c2f590e5eacc7db	000000000000001f	0000000000000000	00000000185eb21c
ulsh	0c2f590e5eacc7db	000000000000001f	0000000000000000	2f5663ed80000000
irsh	0c2f590e5eacc7db	000000000000001f	0000000000000000	00000000185eb21c
ursh	0c2f590e5eacc7db	0000000000000020	0000000000000000	000000000c2f590e
ulsh	0c2f590e5eacc7db	0000000000000020	0000000000000000	5eacc7db00000000
irsh	0c2f590e5eacc7db	0000000000000020	0000000000000000	000000000c2f590e
ursh	0c2f590e5eacc7db	0000000000000021	0000000000000000	000000000617ac87
ulsh	0c2f590e5eacc7db	0000000000000021	0000000000000000	bd598fb600000000
irsh	0c2f590e5eacc7db	0000000000000021	0000000000000000	000000000617ac87
ursh	0c2f590e5eacc7db	000000000000003f	0000000000000000	0000000000000000
ulsh	0c2f590e5eacc7db	000000000000003f	0000000000000000	8000000000000000
irsh	0c2f590e5eacc7db	000000000000003f	0000000000000000	0000000000000000
rint	0c2f590e5eacc7db	0000000000000000	0000000000000000	0000000000000000
floor	0c2f590e5eacc7db	0000000000000000	0000000000000000	0000000000000000
neg	aa66d2c7ddf743f0	0000000000000000	0000000000000000	2a66d2c7ddf743f0
double	aa66d2c7ddf743f0	0000000000000000	0000000000000000	aa76d2c7ddf743f0
half	aa66d2c7ddf743f0	0000000000000000	0000000000000000	aa56d2c7ddf743f0
sub_stub	aa66d2c7ddf743f0	3ff0000000000000	0000000000000000	6a56d2c7ddf743f0
le	aa66d2c7ddf743f0	0000000000000007	0000000000000000	aa66d2c7ddf743f0
ursh	aa66d2c7ddf743f0	0000000000000000	0000000000000000	aa66d2c7ddf743f0
ulsh	aa66d2c7ddf743f0	0000000000000000	0000000000000000	aa66d2c7ddf743f0
irsh	aa66d2c7ddf743f0	0000000000000000	0000000000000000	aa66d2c7ddf743f0
ursh	aa66d2c7ddf743f0	0000000000000001	0000000000000000	55336963eefba1f8
ulsh	aa66d2c7ddf743f0	0000000000000001	0000000000000000	54cda58fbbee87e0
irsh	aa66d2c7ddf743f0	0000000000000001	0000000000000000	d5336963eefba1f8
ursh	aa66d2c7ddf743f0	000000000000001f	0000000000000000	0000000154cda58f
ulsh	aa66d2c7ddf743f0	000000000000001f	0000000000000000	eefba1f800000000
irsh	aa66d2c7ddf743f0	000000000000001f	0000000000000000	ffffffff54cda58f
ursh	aa66d2c7ddf743f0	0000000000000020	0000000000000000	00000000aa66d2c7
ulsh	aa66d2c7ddf743f0	0000000000000020	0000000000000000	ddf743f000000000
irsh	aa66d2c7ddf743f0	0000000000000020	0000000000000000	ffffffffaa66d2c7
ursh	aa66d2c7ddf743f0	0000000000000021	0000000000000000	0000000055336963
ulsh	aa66d2c7ddf743f0	0000000000000021	0000000000000000	bbee87e000000000
irsh	aa66d2c7ddf743f0	0000000000000021	0000000000000000	ffffffffd5336963
ursh	aa66d2c7ddf743f0	000000000000003f	0000000000000000	0000000000000001
ulsh	aa66d2c7ddf743f0	000000000000003f	0000000000000000	0000000000000000
irsh	aa66d2c7ddf743f0	000000000000003f	0000000000000000	ffffffffffffffff
rint	aa66d2c7ddf743f0	0000000000000000	0000000000000000	0000000000000000
floor	aa66d2c7ddf743f0	0000000000000000	0000000000000000	ffffffffffffffff
neg	489e4c815d41c005	0000000000000000	0000000000000000	c89e4c815d41c005
double	489e4c815d41c005	0000000000000000	0000000000000000	48ae4c815d41c005
half	489e4c815d41c005	0000000000000000	0000000000000000	488e4c815d41c005
sub_stub	489e4c815d41c005	3ff0000000000000	0000000000000000	088e4c815d41c005
le	489e4c815d41c005	0000000000000007	0000000000000000	489e4c815d41c005
ursh	489e4c815d41c005	0000000000000000	0000000000000000	489e4c815d41c005
ulsh	489e4c815d41c005	0000000000000000	0000000000000000	489e4c815d41c005
irsh	489e4c815d41c005	0000000000000000	0000000000000000	489e4c815d41c005
ursh	489e4c815d41c005	0000000000000001	0000000000000000	244f2640aea0e002
ulsh	489e4c815d41c005	0000000000000001	0000000000000000	913c9902ba83800a
irsh	489e4c815d41c005	0000000000000001	0000000000000000	244f2640aea0e002
ursh	489e4c815d41c005	000000000000001f	0000000000000000	00000000913c9902
ulsh	489e4c815d41c005	000000000000001f	0000000000000000	aea0e00280000000
irsh	489e4c815d41c005	000000000000001f	0000000000000000	00000000913c9902
ursh	489e4c815d41c005	0000000000000020	0000000000000000	00000000489e4c81
ulsh	489e4c815d41c005	0000000000000020	0000000000000000	5d41c00500000000
irsh	489e4c815d41c005	0000000000000020	0000000000000000	00000000489e4c81
ursh	489e4c815d41c005	0000000000000021	0000000000000000	00000000244f2640
ulsh	489e4c815d41c005	0000000000000021	0000000000000000	ba83800a00000000
irsh	489e4c815d41c005	0000000000000021	0000000000000000	00000000244f2640
ursh	489e4c815d41c005	000000000000003f	0000000000000000	0000000000000000
ulsh	489e4c815d41c005	000000000000003f	0000000000000000	8000000000000000
irsh	489e4c815d41c005	000000000000003f	0000000000000000	0000000000000000
neg	e6d5c63adc8c3c1a	0000000000000000	0000000000000000	66d5c63adc8c3c1a
double	e6d5c63adc8c3c1a	0000000000000000	0000000000000000	e6e5c63adc8c3c1a
half	e6d5c63adc8c3c1a	0000000000000000	0000000000000000	e6c5c63adc8c3c1a
sub_stub	e6d5c63adc8c3c1a	3ff0000000000000	0000000000000000	a6c5c63adc8c3c1a
le	e6d5c63adc8c3c1a	0000000000000005	0000000000000000	e6d5c63adc8c3c1a
ursh	e6d5c63adc8c3c1a	0000000000000000	0000000000000000	e6d5c63adc8c3c1a
ulsh	e6d5c63adc8c3c1a	0000000000000000	0000000000000000	e6d5c63adc8c3c1a
irsh	e6d5c63adc8c3c1a	0000000000000000	0000000000000000	e6d5c63adc8c3c1a
ursh	e6d5c63adc8c3c1a	0000000000000001	0000000000000000	736ae31d6e461e0d
ulsh	e6d5c63adc8c3c1a	0000000000000001	0000000000000000	cdab8c75b9187834
irsh	e6d5c63adc8c3c1a	0000000000000001	0000000000000000	f36ae31d6e461e0d
ursh	e6d5c63adc8c3c1a	000000000000001f	0000000000000000	00000001cdab8c75
ulsh	e6d5c63adc8c3c1a	000000000000001f	0000000000000000	6e461e0d00000000
irsh	e6d5c63adc8c3c1a	000000000000001f	0000000000000000	ffffffffcdab8c75
ursh	e6d5c63adc8c3c1a	0000000000000020	0000000000000000	00000000e6d5c63a
ulsh	e6d5c63adc8c3c1a	0000000000000020	0000000000000000	dc8c3c1a00000000
irsh	e6d5c63adc8c3c1a	0000000000000020	0000000000000000	ffffffffe6d5c63a
ursh	e6d5c63adc8c3c1a	0000000000000021	0000000000000000	00000000736ae31d
ulsh	e6d5c63adc8c3c1a	0000000000000021	0000000000000000	b918783400000000
irsh	e6d5c63adc8c3c1a	0000000000000021	0000000000000000	fffffffff36ae31d
ursh	e6d5c63adc8c3c1a	000000000000003f	0000000000000000	0000000000000001
ulsh	e6d5c63adc8c3c1a	000000000000003f	0000000000000000	0000000000000000
irsh	e6d5c63adc8c3c1a	000000000000003f	0000000000000000	ffffffffffffffff
neg	850d3ff45bd6b82f	0000000000000000	0000000000000000	050d3ff45bd6b82f
double	850d3ff45bd6b82f	0000000000000000	0000000000000000	851d3ff45bd6b82f
half	850d3ff45bd6b82f	0000000000000000	0000000000000000	84fd3ff45bd6b82f
sub_stub	850d3ff45bd6b82f	3ff0000000000000	0000000000000000	44fd3ff45bd6b82f
le	850d3ff45bd6b82f	0000000000000005	0000000000000000	850d3ff45bd6b82f
ursh	850d3ff45bd6b82f	0000000000000000	0000000000000000	850d3ff45bd6b82f
ulsh	850d3ff45bd6b82f	0000000000000000	0000000000000000	850d3ff45bd6b82f
irsh	850d3ff45bd6b82f	0000000000000000	0000000000000000	850d3ff45bd6b82f
ursh	850d3ff45bd6b82f	0000000000000001	0000000000000000	42869ffa2deb5c17
ulsh	850d3ff45bd6b82f	0000000000000001	0000000000000000	0a1a7fe8b7ad705e
irsh	850d3ff45bd6b82f	0000000000000001	0000000000000000	c2869ffa2deb5c17
ursh	850d3ff45bd6b82f	000000000000001f	0000000000000000	000000010a1a7fe8
ulsh	850d3ff45bd6b82f	000000000000001f	0000000000000000	2deb5c1780000000
irsh	850d3ff45bd6b82f	000000000000001f	0000000000000000	ffffffff0a1a7fe8
ursh	850d3ff45bd6b82f	0000000000000020	0000000000000000	00000000850d3ff4
ulsh	850d3ff45bd6b82f	0000000000000020	0000000000000000	5bd6b82f00000000
irsh	850d3ff45bd6b82f	0000000000000020	0000000000000000	ffffffff850d3ff4
ursh	850d3ff45bd6b82f	0000000000000021	0000000000000000	0000000042869ffa
ulsh	850d3ff45bd6b82f	0000000000000021	0000000000000000	b7ad705e00000000
irsh	850d3ff45bd6b82f	0000000000000021	0000000000000000	ffffffffc2869ffa
ursh	850d3ff45bd6b82f	000000000000003f	0000000000000000	0000000000000001
ulsh	850d3ff45bd6b82f	000000000000003f	0000000000000000	8000000000000000
irsh	850d3ff45bd6b82f	000000000000003f	0000000000000000	ffffffffffffffff
rint	850d3ff45bd6b82f	0000000000000000	0000000000000000	0000000000000000
floor	850d3ff45bd6b82f	0000000000000000	0000000000000000	ffffffffffffffff
neg	2344b9addb213444	0000000000000000	0000000000000000	a344b9addb213444
double	2344b9addb213444	0000000000000000	0000000000000000	2354b9addb213444
half	2344b9addb213444	0000000000000000	0000000000000000	2334b9addb213444
sub_stub	2344b9addb213444	3ff0000000000000	0000000000000000	e334b9addb213444
le	2344b9addb213444	0000000000000005	0000000000000000	2344b9addb213444
ursh	2344b9addb213444	0000000000000000	0000000000000000	2344b9addb213444
ulsh	2344b9addb213444	0000000000000000	0000000000000000	2344b9addb213444
irsh	2344b9addb213444	0000000000000000	0000000000000000	2344b9addb213444
ursh	2344b9addb213444	0000000000000001	0000000000000000	11a25cd6ed909a22
ulsh	2344b9addb213444	0000000000000001	0000000000000000	4689735bb6426888
irsh	2344b9addb213444	0000000000000001	0000000000000000	11a25cd6ed909a22
ursh	2344b9addb213444	000000000000001f	0000000000000000	000000004689735b
ulsh	2344b9addb213444	000000000000001f	0000000000000000	ed909a2200000000
irsh	2344b9addb213444	000000000000001f	0000000000000000	000000004689735b
ursh	2344b9addb213444	0000000000000020	0000000000000000	000000002344b9ad
ulsh	2344b9addb213444	0000000000000020	0000000000000000	db21344400000000
irsh	2344b9addb213444	0000000000000020	0000000000000000	000000002344b9ad
ursh	2344b9addb213444	0000000000000021	0000000000000000	0000000011a25cd6
ulsh	2344b9addb213444	0000000000000021	0000000000000000	b642688800000000
irsh	2344b9addb213444	0000000000000021	0000000000000000	0000000011a25cd6
ursh	2344b9addb213444	000000000000003f	0000000000000000	0000000000000000
ulsh	2344b9addb213444	000000000000003f	0000000000000000	0000000000000000
irsh	2344b9addb213444	000000000000003f	0000000000000000	0000000000000000
rint	2344b9addb213444	0000000000000000	0000000000000000	0000000000000000
floor	2344b9addb213444	0000000000000000	0000000000000000	0000000000000000
neg	c17c33675a6bb059	0000000000000000	0000000000000000	417c33675a6bb059
double	c17c33675a6bb059	0000000000000000	0000000000000000	c18c33675a6bb059
half	c17c33675a6bb059	0000000000000000	0000000000000000	c16c33675a6bb059
sub_stub	c17c33675a6bb059	3ff0000000000000	0000000000000000	816c33675a6bb059
le	c17c33675a6bb059	0000000000000003	0000000000000000	c17c33675a6bb059
ursh	c17c33675a6bb059	0000000000000000	0000000000000000	c17c33675a6bb059
ulsh	c17c33675a6bb059	0000000000000000	0000000000000000	c17c33675a6bb059
irsh	c17c33675a6bb059	0000000000000000	0000000000000000	c17c33675a6bb059
ursh	c17c33675a6bb059	0000000000000001	0000000000000000	60be19b3ad35d82c
ulsh	c17c33675a6bb059	0000000000000001	0000000000000000	82f866ceb4d760b2
irsh	c17c33675a6bb059	0000000000000001	0000000000000000	e0be19b3ad35d82c
ursh	c17c33675a6bb059	000000000000001f	0000000000000000	0000000182f866ce
ulsh	c17c33675a6bb059	000000000000001f	0000000000000000	ad35d82c80000000
irsh	c17c33675a6bb059	000000000000001f	0000000000000000	ffffffff82f866ce
ursh	c17c33675a6bb059	0000000000000020	0000000000000000	00000000c17c3367
ulsh	c17c33675a6bb059	0000000000000020	0000000000000000	5a6bb05900000000
irsh	c17c33675a6bb059	0000000000000020	0000000000000000	ffffffffc17c3367
ursh	c17c33675a6bb059	0000000000000021	0000000000000000	0000000060be19b3
ulsh	c17c33675a6bb059	0000000000000021	0000000000000000	b4d760b200000000
irsh	c17c33675a6bb059	0000000000000021	0000000000000000	ffffffffe0be19b3
ursh	c17c33675a6bb059	000000000000003f	0000000000000000	0000000000000001
ulsh	c17c33675a6bb059	000000000000003f	0000000000000000	8000000000000000
irsh	c17c33675a6bb059	000000000000003f	0000000000000000	ffffffffffffffff
rint	c17c33675a6bb059	0000000000000000	0000000000000000	fffffffffe3cc98a
floor	c17c33675a6bb059	0000000000000000	0000000000000000	fffffffffe3cc98a
neg	5fb3ad20d9b62c6e	0000000000000000	0000000000000000	dfb3ad20d9b62c6e
double	5fb3ad20d9b62c6e	0000000000000000	0000000000000000	5fc3ad20d9b62c6e
half	5fb3ad20d9b62c6e	0000000000000000	0000000000000000	5fa3ad20d9b62c6e
sub_stub	5fb3ad20d9b62c6e	3ff0000000000000	0000000000000000	1fa3ad20d9b62c6e
le	5fb3ad20d9b62c6e	0000000000000003	0000000000000000	5fb3ad20d9b62c6e
ursh	5fb3ad20d9b62c6e	0000000000000000	0000000000000000	5fb3ad20d9b62c6e
ulsh	5fb3ad20d9b62c6e	0000000000000000	0000000000000000	5fb3ad20d9b62c6e
irsh	5fb3ad20d9b62c6e	0000000000000000	0000000000000000	5fb3ad20d9b62c6e
ursh	5fb3ad20d9b62c6e	0000000000000001	0000000000000000	2fd9d6906cdb1637
ulsh	5fb3ad20d9b62c6e	0000000000000001	0000000000000000	bf675a41b36c58dc
irsh	5fb3ad20d9b62c6e	0000000000000001	0000000000000000	2fd9d6906cdb1637
ursh	5fb3ad20d9b62c6e	000000000000001f	0000000000000000	00000000bf675a41
ulsh	5fb3ad20d9b62c6e	000000000000001f	0000000000000000	6cdb163700000000
irsh	5fb3ad20d9b62c6e	000000000000001f	0000000000000000	00000000bf675a41
ursh	5fb3ad20d9b62c6e	0000000000000020	0000000000000000	000000005fb3ad20
ulsh	5fb3ad20d9b62c6e	0000000000000020	0000000000000000	d9b62c6e00000000
irsh	5fb3ad20d9b62c6e	0000000000000020	0000000000000000	000000005fb3ad20
ursh	5fb3ad20d9b62c6e	0000000000000021	0000000000000000	000000002fd9d690
ulsh	5fb3ad20d9b62c6e	0000000000000021	0000000000000000	b36c58dc00000000
irsh	5fb3ad20d9b62c6e	0000000000000021	0000000000000000	000000002fd9d690
ursh	5fb3ad20d9b62c6e	000000000000003f	0000000000000000	0000000000000000
ulsh	5fb3ad20d9b62c6e	000000000000003f	0000000000000000	0000000000000000
irsh	5fb3ad20d9b62c6e	000000000000003f	0000000000000000	0000000000000000
neg	fdeb26da5900a883	0000000000000000	0000000000000000	7deb26da5900a883
double	fdeb26da5900a883	0000000000000000	0000000000000000	fdfb26da5900a883
half	fdeb26da5900a883	0000000000000000	0000000000000000	fddb26da5900a883
sub_stub	fdeb26da5900a883	3ff0000000000000	0000000000000000	bddb26da5900a883
le	fdeb26da5900a883	0000000000000001	0000000000000000	fdeb26da5900a883
ursh	fdeb26da5900a883	0000000000000000	0000000000000000	fdeb26da5900a883
ulsh	fdeb26da5900a883	0000000000000000	0000000000000000	fdeb26da5900a883
irsh	fdeb26da5900a883	0000000000000000	0000000000000000	fdeb26da5900a883
ursh	fdeb26da5900a883	0000000000000001	0000000000000000	7ef5936d2c805441
ulsh	fdeb26da5900a883	0000000000000001	0000000000000000	fbd64db4b2015106
irsh	fdeb26da5900a883	0000000000000001	0000000000000000	fef5936d2c805441
ursh	fdeb26da5900a883	000000000000001f	0000000000000000	00000001fbd64db4
ulsh	fdeb26da5900a883	000000000000001f	0000000000000000	2c80544180000000
irsh	fdeb26da5900a883	000000000000001f	0000000000000000	fffffffffbd64db4
ursh	fdeb26da5900a883	0000000000000020	0000000000000000	00000000fdeb26da
ulsh	fdeb26da5900a883	0000000000000020	0000000000000000	5900a88300000000
irsh	fdeb26da5900a883	0000000000000020	0000000000000000	fffffffffdeb26da
ursh	fdeb26da5900a883	0000000000000021	0000000000000000	000000007ef5936d
ulsh	fdeb26da5900a883	0000000000000021	0000000000000000	b201510600000000
irsh	fdeb26da5900a883	0000000000000021	0000000000000000	fffffffffef5936d
ursh	fdeb26da5900a883	000000000000003f	0000000000000000	0000000000000001
ulsh	fdeb26da5900a883	000000000000003f	0000000000000000	8000000000000000
irsh	fdeb26da5900a883	000000000000003f	0000000000000000	ffffffffffffffff
neg	9c22a093d84b2498	0000000000000000	0000000000000000	1c22a093d84b2498
double	9c22a093d84b2498	0000000000000000	0000000000000000	9c32a093d84b2498
half	9c22a093d84b2498	0000000000000000	0000000000000000	9c12a093d84b2498
sub_stub	9c22a093d84b2498	3ff0000000000000	0000000000000000	5c12a093d84b2498
le	9c22a093d84b2498	0000000000000001	0000000000000000	9c22a093d84b2498
ursh	9c22a093d84b2498	0000000000000000	0000000000000000	9c22a093d84b2498
ulsh	9c22a093d84b2498	0000000000000000	0000000000000000	9c22a093d84b2498
irsh	9c22a093d84b2498	0000000000000000	0000000000000000	9c22a093d84b2498
ursh	9c22a093d84b2498	0000000000000001	0000000000000000	4e115049ec25924c
ulsh	9c22a093d84b2498	0000000000000001	0000000000000000	38454127b0964930
irsh	9c22a093d84b2498	0000000000000001	0000000000000000	ce115049ec25924c
ursh	9c22a093d84b2498	000000000000001f	0000000000000000	0000000138454127
ulsh	9c22a093d84b2498	000000000000001f	0000000000000000	ec25924c00000000
irsh	9c22a093d84b2498	000000000000001f	0000000000000000	ffffffff38454127
ursh	9c22a093d84b2498	0000000000000020	0000000000000000	000000009c22a093
ulsh	9c22a093d84b2498	0000000000000020	0000000000000000	d84b249800000000
irsh	9c22a093d84b2498	0000000000000020	0000000000000000	ffffffff9c22a093
ursh	9c22a093d84b2498	0000000000000021	0000000000000000	000000004e115049
ulsh	9c22a093d84b2498	0000000000000021	0000000000000000	b096493000000000
irsh	9c22a093d84b2498	0000000000000021	0000000000000000	ffffffffce115049
ursh	9c22a093d84b2498	000000000000003f	0000000000000000	0000000000000001
ulsh	9c22a093d84b2498	000000000000003f	0000000000000000	0000000000000000
irsh	9c22a093d84b2498	000000000000003f	0000000000000000	ffffffffffffffff
rint	9c22a093d84b2498	0000000000000000	0000000000000000	0000000000000000
floor	9c22a093d84b2498	0000000000000000	0000000000000000	ffffffffffffffff
neg	3a5a1a4d5795a0ad	0000000000000000	0000000000000000	ba5a1a4d5795a0ad
double	3a5a1a4d5795a0ad	0000000000000000	0000000000000000	3a6a1a4d5795a0ad
half	3a5a1a4d5795a0ad	0000000000000000	0000000000000000	3a4a1a4d5795a0ad
sub_stub	3a5a1a4d5795a0ad	3ff0000000000000	0000000000000000	fa4a1a4d5795a0ad
le	3a5a1a4d5795a0ad	0000000000000001	0000000000000000	3a5a1a4d5795a0ad
ursh	3a5a1a4d5795a0ad	0000000000000000	0000000000000000	3a5a1a4d5795a0ad
ulsh	3a5a1a4d5795a0ad	0000000000000000	0000000000000000	3a5a1a4d5795a0ad
irsh	3a5a1a4d5795a0ad	0000000000000000	0000000000000000	3a5a1a4d5795a0ad
ursh	3a5a1a4d5795a0ad	0000000000000001	0000000000000000	1d2d0d26abcad056
ulsh	3a5a1a4d5795a0ad	0000000000000001	0000000000000000	74b4349aaf2b415a
irsh	3a5a1a4d5795a0ad	0000000000000001	0000000000000000	1d2d0d26abcad056
ursh	3a5a1a4d5795a0ad	000000000000001f	0000000000000000	0000000074b4349a
ulsh	3a5a1a4d5795a0ad	000000000000001f	0000000000000000	abcad05680000000
irsh	3a5a1a4d5795a0ad	000000000000001f	0000000000000000	0000000074b4349a
ursh	3a5a1a4d5795a0ad	0000000000000020	0000000000000000	000000003a5a1a4d
ulsh	3a5a1a4d5795a0ad	0000000000000020	0000000000000000	5795a0ad00000000
irsh	3a5a1a4d5795a0ad	0000000000000020	0000000000000000	000000003a5a1a4d
ursh	3a5a1a4d5795a0ad	0000000000000021	0000000000000000	000000001d2d0d26
ulsh	3a5a1a4d5795a0ad	0000000000000021	0000000000000000	af2b415a00000000
irsh	3a5a1a4d5795a0ad	0000000000000021	0000000000000000	000000001d2d0d26
ursh	3a5a1a4d5795a0ad	000000000000003f	0000000000000000	0000000000000000
ulsh	3a5a1a4d5795a0ad	000000000000003f	0000000000000000	8000000000000000
irsh	3a5a1a4d5795a0ad	000000000000003f	0000000000000000	0000000000000000
rint	3a5a1a4d5795a0ad	0000000000000000	0000000000000000	0000000000000000
floor	3a5a1a4d5795a0ad	0000000000000000	0000000000000000	0000000000000000
neg	d8919406d6e01cc2	0000000000000000	0000000000000000	58919406d6e01cc2
double	d8919406d6e01cc2	0000000000000000	0000000000000000	d8a19406d6e01cc2
half	d8919406d6e01cc2	0000000000000000	0000000000000000	d8819406d6e01cc2
sub_stub	d8919406d6e01cc2	3ff0000000000000	0000000000000000	98819406d6e01cc2
le	d8919406d6e01cc2	0000000000000008	0000000000000000	d8919406d6e01cc2
ursh	d8919406d6e01cc2	0000000000000000	0000000000000000	d8919406d6e01cc2
ulsh	d8919406d6e01cc2	0000000000000000	0000000000000000	d8919406d6e01cc2
irsh	d8919406d6e01cc2	0000000000000000	0000000000000000	d8919406d6e01cc2
ursh	d8919406d6e01cc2	0000000000000001	0000000000000000	6c48ca036b700e61
ulsh	d8919406d6e01cc2	0000000000000001	0000000000000000	b123280dadc03984
irsh	d8919406d6e01cc2	0000000000000001	0000000000000000	ec48ca036b700e61
ursh	d8919406d6e01cc2	000000000000001f	0000000000000000	00000001b123280d
ulsh	d8919406d6e01cc2	000000000000001f	0000000000000000	6b700e6100000000
irsh	d8919406d6e01cc2	000000000000001f	0000000000000000	ffffffffb123280d
ursh	d8919406d6e01cc2	0000000000000020	0000000000000000	00000000d8919406
ulsh	d8919406d6e01cc2	0000000000000020	0000000000000000	d6e01cc200000000
irsh	d8919406d6e01cc2	0000000000000020	0000000000000000	ffffffffd8919406
ursh	d8919406d6e01cc2	0000000000000021	0000000000000000	000000006c48ca03
ulsh	d8919406d6e01cc2	0000000000000021	0000000000000000	adc0398400000000
irsh	d8919406d6e01cc2	0000000000000021	0000000000000000	ffffffffec48ca03
ursh	d8919406d6e01cc2	000000000000003f	0000000000000000	0000000000000001
ulsh	d8919406d6e01cc2	000000000000003f	0000000000000000	0000000000000000
irsh	d8919406d6e01cc2	000000000000003f	0000000000000000	ffffffffffffffff
neg	76c90dc0562a98d7	0000000000000000	0000000000000000	f6c90dc0562a98d7
double	76c90dc0562a98d7	0000000000000000	0000000000000000	76d90dc0562a98d7
half	76c90dc0562a98d7	0000000000000000	0000000000000000	76b90dc0562a98d7
sub_stub	76c90dc0562a98d7	3ff0000000000000	0000000000000000	36b90dc0562a98d7
le	76c90dc0562a98d7	0000000000000008	0000000000000000	76c90dc0562a98d7
ursh	76c90dc0562a98d7	0000000000000000	0000000000000000	76c90dc0562a98d7
ulsh	76c90dc0562a98d7	0000000000000000	0000000000000000	76c90dc0562a98d7
irsh	76c90dc0562a98d7	0000000000000000	0000000000000000	76c90dc0562a98d7
ursh	76c90dc0562a98d7	0000000000000001	0000000000000000	3b6486e02b154c6b
ulsh	76c90dc0562a98d7	0000000000000001	0000000000000000	ed921b80ac5531ae
irsh	76c90dc0562a98d7	0000000000000001	0000000000000000	3b6486e02b154c6b
ursh	76c90dc0562a98d7	000000000000001f	0000000000000000	00000000ed921b80
ulsh	76c90dc0562a98d7	000000000000001f	0000000000000000	2b154c6b80000000
irsh	76c90dc0562a98d7	000000000000001f	0000000000000000	00000000ed921b80
ursh	76c90dc0562a98d7	0000000000000020	0000000000000000	0000000076c90dc0
ulsh	76c90dc0562a98d7	0000000000000020	0000000000000000	562a98d700000000
irsh	76c90dc0562a98d7	0000000000000020	0000000000000000	0000000076c90dc0
ursh	76c90dc0562a98d7	0000000000000021	0000000000000000	000000003b6486e0
ulsh	76c90dc0562a98d7	0000000000000021	0000000000000000	ac5531ae00000000
irsh	76c90dc0562a98d7	0000000000000021	0000000000000000	000000003b6486e0
ursh	76c90dc0562a98d7	000000000000003f	0000000000000000	0000000000000000
ulsh	76c90dc0562a98d7	000000000000003f	0000000000000000	8000000000000000
irsh	76c90dc0562a98d7	000000000000003f	0000000000000000	0000000000000000
neg	15008779d57514ec	0000000000000000	0000000000000000	95008779d57514ec
double	15008779d57514ec	0000000000000000	0000000000000000	15108779d57514ec
half	15008779d57514ec	0000000000000000	0000000000000000	14f08779d57514ec
sub_stub	15008779d57514ec	3ff0000000000000	0000000000000000	d4f08779d57514ec
le	15008779d57514ec	0000000000000008	0000000000000000	15008779d57514ec
ursh	15008779d57514ec	0000000000000000	0000000000000000	15008779d57514ec
ulsh	15008779d57514ec	0000000000000000	0000000000000000	15008779d57514ec
irsh	15008779d57514ec	0000000000000000	0000000000000000	15008779d57514ec
ursh	15008779d57514ec	0000000000000001	0000000000000000	0a8043bceaba8a76
ulsh	15008779d57514ec	0000000000000001	0000000000000000	2a010ef3aaea29d8
irsh	15008779d57514ec	0000000000000001	0000000000000000	0a8043bceaba8a76
ursh	15008779d57514ec	000000000000001f	0000000000000000	000000002a010ef3
ulsh	15008779d57514ec	000000000000001f	0000000000000000	eaba8a7600000000
irsh	15008779d57514ec	000000000000001f	0000000000000000	000000002a010ef3
ursh	15008779d57514ec	0000000000000020	0000000000000000	0000000015008779
ulsh	15008779d57514ec	0000000000000020	0000000000000000	d57514ec00000000
irsh	15008779d57514ec	0000000000000020	0000000000000000	0000000015008779
ursh	15008779d57514ec	0000000000000021	0000000000000000	000000000a8043bc
ulsh	15008779d57514ec	0000000000000021	0000000000000000	aaea29d800000000
irsh	15008779d57514ec	0000000000000021	0000000000000000	000000000a8043bc
ursh	15008779d57514ec	000000000000003f	0000000000000000	0000000000000000
ulsh	15008779d57514ec	000000000000003f	0000000000000000	0000000000000000
irsh	15008779d57514ec	000000000000003f	0000000000000000	0000000000000000
rint	15008779d57514ec	0000000000000000	0000000000000000	0000000000000000
floor	15008779d57514ec	0000000000000000	0000000000000000	0000000000000000
neg	b338013354bf9101	0000000000000000	0000000000000000	3338013354bf9101
double	b338013354bf9101	0000000000000000	0000000000000000	b348013354bf9101
half	b338013354bf9101	0000000000000000	0000000000000000	b328013354bf9101
sub_stub	b338013354bf9101	3ff0000000000000	0000000000000000	7328013354bf9101
le	b338013354bf9101	0000000000000006	0000000000000000	b338013354bf9101
ursh	b338013354bf9101	0000000000000000	0000000000000000	b338013354bf9101
ulsh	b338013354bf9101	0000000000000000	0000000000000000	b338013354bf9101
irsh	b338013354bf9101	0000000000000000	0000000000000000	b338013354bf9101
ursh	b338013354bf9101	0000000000000001	0000000000000000	599c0099aa5fc880
ulsh	b338013354bf9101	0000000000000001	0000000000000000	66700266a97f2202
irsh	b338013354bf9101	0000000000000001	0000000000000000	d99c0099aa5fc880
ursh	b338013354bf9101	000000000000001f	0000000000000000	0000000166700266
ulsh	b338013354bf9101	000000000000001f	0000000000000000	aa5fc88080000000
irsh	b338013354bf9101	000000000000001f	0000000000000000	ffffffff66700266
ursh	b338013354bf9101	0000000000000020	0000000000000000	00000000b3380133
ulsh	b338013354bf9101	0000000000000020	0000000000000000	54bf910100000000
irsh	b338013354bf9101	0000000000000020	0000000000000000	ffffffffb3380133
ursh	b338013354bf9101	0000000000000021	0000000000000000	00000000599c0099
ulsh	b338013354bf9101	0000000000000021	0000000000000000	a97f220200000000
irsh	b338013354bf9101	0000000000000021	0000000000000000	ffffffffd99c0099
ursh	b338013354bf9101	000000000000003f	0000000000000000	0000000000000001
ulsh	b338013354bf9101	000000000000003f	0000000000000000	8000000000000000
irsh	b338013354bf9101	000000000000003f	0000000000000000	ffffffffffffffff
rint	b338013354bf9101	0000000000000000	0000000000000000	0000000000000000
floor	b338013354bf9101	0000000000000000	0000000000000000	ffffffffffffffff
neg	516f7aecd40a0d16	0000000000000000	0000000000000000	d16f7aecd40a0d16
double	516f7aecd40a0d16	0000000000000000	0000000000000000	517f7aecd40a0d16
half	516f7aecd40a0d16	0000000000000000	0000000000000000	515f7aecd40a0d16
sub_stub	516f7aecd40a0d16	3ff0000000000000	0000000000000000	115f7aecd40a0d16
le	516f7aecd40a0d16	0000000000000006	0000000000000000	516f7aecd40a0d16
ursh	516f7aecd40a0d16	0000000000000000	0000000000000000	516f7aecd40a0d16
ulsh	516f7aecd40a0d16	0000000000000000	0000000000000000	516f7aecd40a0d16
irsh	516f7aecd40a0d16	0000000000000000	0000000000000000	516f7aecd40a0d16
ursh	516f7aecd40a0d16	0000000000000001	0000000000000000	28b7bd766a05068b
ulsh	516f7aecd40a0d16	0000000000000001	0000000000000000	a2def5d9a8141a2c
irsh	516f7aecd40a0d16	0000000000000001	0000000000000000	28b7bd766a05068b
ursh	516f7aecd40a0d16	000000000000001f	0000000000000000	00000000a2def5d9
ulsh	516f7aecd40a0d16	000000000000001f	0000000000000000	6a05068b00000000
irsh	516f7aecd40a0d16	000000000000001f	0000000000000000	00000000a2def5d9
ursh	516f7aecd40a0d16	0000000000000020	0000000000000000	00000000516f7aec
ulsh	516f7aecd40a0d16	0000000000000020	0000000000000000	d40a0d1600000000
irsh	516f7aecd40a0d16	0000000000000020	0000000000000000	00000000516f7aec
ursh	516f7aecd40a0d16	0000000000000021	0000000000000000	0000000028b7bd76
ulsh	516f7aecd40a0d16	0000000000000021	0000000000000000	a8141a2c00000000
irsh	516f7aecd40a0d16	0000000000000021	0000000000000000	0000000028b7bd76
ursh	516f7aecd40a0d16	000000000000003f	0000000000000000	0000000000000000
ulsh	516f7aecd40a0d16	000000000000003f	0000000000000000	0000000000000000
irsh	516f7aecd40a0d16	000000000000003f	0000000000000000	0000000000000000
neg	efa6f4a65354892b	0000000000000000	0000000000000000	6fa6f4a65354892b
double	efa6f4a65354892b	0000000000000000	0000000000000000	efb6f4a65354892b
half	efa6f4a65354892b	0000000000000000	0000000000000000	ef96f4a65354892b
sub_stub	efa6f4a65354892b	3ff0000000000000	0000000000000000	af96f4a65354892b
le	efa6f4a65354892b	0000000000000004	0000000000000000	efa6f4a65354892b
ursh	efa6f4a65354892b	0000000000000000	0000000000000000	efa6f4a65354892b
ulsh	efa6f4a65354892b	0000000000000000	0000000000000000	efa6f4a65354892b
irsh	efa6f4a65354892b	0000000000000000	0000000000000000	efa6f4a65354892b
ursh	efa6f4a65354892b	0000000000000001	0000000000000000	77d37a5329aa4495
ulsh	efa6f4a65354892b	0000000000000001	0000000000000000	df4de94ca6a91256
irsh	efa6f4a65354892b	0000000000000001	0000000000000000	f7d37a5329aa4495
ursh	efa6f4a65354892b	000000000000001f	0000000000000000	00000001df4de94c
ulsh	efa6f4a65354892b	000000000000001f	0000000000000000	29aa449580000000
irsh	efa6f4a65354892b	000000000000001f	0000000000000000	ffffffffdf4de94c
ursh	efa6f4a65354892b	0000000000000020	0000000000000000	00000000efa6f4a6
ulsh	efa6f4a65354892b	0000000000000020	0000000000000000	5354892b00000000
irsh	efa6f4a65354892b	0000000000000020	0000000000000000	ffffffffefa6f4a6
ursh	efa6f4a65354892b	0000000000000021	0000000000000000	0000000077d37a53
ulsh	efa6f4a65354892b	0000000000000021	0000000000000000	a6a9125600000000
irsh	efa6f4a65354892b	0000000000000021	0000000000000000	fffffffff7d37a53
ursh	efa6f4a65354892b	000000000000003f	0000000000000000	0000000000000001
ulsh	efa6f4a65354892b	000000000000003f	0000000000000000	8000000000000000
irsh	efa6f4a65354892b	000000000000003f	0000000000000000	ffffffffffffffff
neg	8dde6e5fd29f0540	0000000000000000	0000000000000000	0dde6e5fd29f0540
double	8dde6e5fd29f0540	0000000000000000	0000000000000000	8dee6e5fd29f0540
half	8dde6e5fd29f0540	0000000000000000	0000000000000000	8dce6e5fd29f0540
sub_stub	8dde6e5fd29f0540	3ff0000000000000	0000000000000000	4dce6e5fd29f0540
le	8dde6e5fd29f0540	0000000000000004	0000000000000000	8dde6e5fd29f0540
ursh	8dde6e5fd29f0540	0000000000000000	0000000000000000	8dde6e5fd29f0540
ulsh	8dde6e5fd29f0540	0000000000000000	0000000000000000	8dde6e5fd29f0540
irsh	8dde6e5fd29f0540	0000000000000000	0000000000000000	8dde6e5fd29f0540
ursh	8dde6e5fd29f0540	0000000000000001	0000000000000000	46ef372fe94f82a0
ulsh	8dde6e5fd29f0540	0000000000000001	0000000000000000	1bbcdcbfa53e0a80
irsh	8dde6e5fd29f0540	0000000000000001	0000000000000000	c6ef372fe94f82a0
ursh	8dde6e5fd29f0540	000000000000001f	0000000000000000	000000011bbcdcbf
ulsh	8dde6e5fd29f0540	000000000000001f	0000000000000000	e94f82a000000000
irsh	8dde6e5fd29f0540	000000000000001f	0000000000000000	ffffffff1bbcdcbf
ursh	8dde6e5fd29f0540	0000000000000020	0000000000000000	000000008dde6e5f
ulsh	8dde6e5fd29f0540	0000000000000020	0000000000000000	d29f054000000000
irsh	8dde6e5fd29f0540	0000000000000020	0000000000000000	ffffffff8dde6e5f
ursh	8dde6e5fd29f0540	0000000000000021	0000000000000000	0000000046ef372f
ulsh	8dde6e5fd29f0540	0000000000000021	0000000000000000	a53e0a8000000000
irsh	8dde6e5fd29f0540	0000000000000021	0000000000000000	ffffffffc6ef372f
ursh	8dde6e5fd29f0540	000000000000003f	0000000000000000	0000000000000001
ulsh	8dde6e5fd29f0540	000000000000003f	0000000000000000	0000000000000000
irsh	8dde6e5fd29f0540	000000000000003f	0000000000000000	ffffffffffffffff
rint	8dde6e5fd29f0540	0000000000000000	0000000000000000	0000000000000000
floor	8dde6e5fd29f0540	0000000000000000	0000000000000000	ffffffffffffffff
neg	2c15e81951e98155	0000000000000000	0000000000000000	ac15e81951e98155
double	2c15e81951e98155	0000000000000000	0000000000000000	2c25e81951e98155
half	2c15e81951e98155	0000000000000000	0000000000000000	2c05e81951e98155
sub_stub	2c15e81951e98155	3ff0000000000000	0000000000000000	ec05e81951e98155
le	2c15e81951e98155	0000000000000004	0000000000000000	2c15e81951e98155
ursh	2c15e81951e98155	0000000000000000	0000000000000000	2c15e81951e98155
ulsh	2c15e81951e98155	0000000000000000	0000000000000000	2c15e81951e98155
irsh	2c15e81951e98155	0000000000000000	0000000000000000	2c15e81951e98155
ursh	2c15e81951e98155	0000000000000001	0000000000000000	160af40ca8f4c0aa
ulsh	2c15e81951e98155	0000000000000001	0000000000000000	582bd032a3d302aa
irsh	2c15e81951e98155	0000000000000001	0000000000000000	160af40ca8f4c0aa
ursh	2c15e81951e98155	000000000000001f	0000000000000000	00000000582bd032
ulsh	2c15e81951e98155	000000000000001f	0000000000000000	a8f4c0aa80000000
irsh	2c15e81951e98155	000000000000001f	0000000000000000	00000000582bd032
ursh	2c15e81951e98155	0000000000000020	0000000000000000	000000002c15e819
ulsh	2c15e81951e98155	0000000000000020	0000000000000000	51e9815500000000
irsh	2c15e81951e98155	0000000000000020	0000000000000000	000000002c15e819
ursh	2c15e81951e98155	0000000000000021	0000000000000000	00000000160af40c
ulsh	2c15e81951e98155	0000000000000021	0000000000000000	a3d302aa00000000
irsh	2c15e81951e98155	0000000000000021	0000000000000000	00000000160af40c
ursh	2c15e81951e98155	000000000000003f	0000000000000000	0000000000000000
ulsh	2c15e81951e98155	000000000000003f	0000000000000000	8000000000000000
irsh	2c15e81951e98155	000000000000003f	0000000000000000	0000000000000000
rint	2c15e81951e98155	0000000000000000	0000000000000000	0000000000000000
floor	2c15e81951e98155	0000000000000000	0000000000000000	0000000000000000
neg	ca4d61d2d133fd6a	0000000000000000	0000000000000000	4a4d61d2d133fd6a
double	ca4d61d2d133fd6a	0000000000000000	0000000000000000	ca5d61d2d133fd6a
half	ca4d61d2d133fd6a	0000000000000000	0000000000000000	ca3d61d2d133fd6a
sub_stub	ca4d61d2d133fd6a	3ff0000000000000	0000000000000000	8a3d61d2d133fd6a
le	ca4d61d2d133fd6a	0000000000000002	0000000000000000	ca4d61d2d133fd6a
ursh	ca4d61d2d133fd6a	0000000000000000	0000000000000000	ca4d61d2d133fd6a
ulsh	ca4d61d2d133fd6a	0000000000000000	0000000000000000	ca4d61d2d133fd6a
irsh	ca4d61d2d133fd6a	0000000000000000	0000000000000000	ca4d61d2d133fd6a
ursh	ca4d61d2d133fd6a	0000000000000001	0000000000000000	6526b0e96899feb5
ulsh	ca4d61d2d133fd6a	0000000000000001	0000000000000000	949ac3a5a267fad4
irsh	ca4d61d2d133fd6a	0000000000000001	0000000000000000	e526b0e96899feb5
ursh	ca4d61d2d133fd6a	000000000000001f	0000000000000000	00000001949ac3a5
ulsh	ca4d61d2d133fd6a	000000000000001f	0000000000000000	6899feb500000000
irsh	ca4d61d2d133fd6a	000000000000001f	0000000000000000	ffffffff949ac3a5
ursh	ca4d61d2d133fd6a	0000000000000020	0000000000000000	00000000ca4d61d2
ulsh	ca4d61d2d133fd6a	0000000000000020	0000000000000000	d133fd6a00000000
irsh	ca4d61d2d133fd6a	0000000000000020	0000000000000000	ffffffffca4d61d2
ursh	ca4d61d2d133fd6a	0000000000000021	0000000000000000	000000006526b0e9
ulsh	ca4d61d2d133fd6a	0000000000000021	0000000000000000	a267fad400000000
irsh	ca4d61d2d133fd6a	0000000000000021	0000000000000000	ffffffffe526b0e9
ursh	ca4d61d2d133fd6a	000000000000003f	0000000000000000	0000000000000001
ulsh	ca4d61d2d133fd6a	000000000000003f	0000000000000000	0000000000000000
irsh	ca4d61d2d133fd6a	000000000000003f	0000000000000000	ffffffffffffffff
neg	6884db8c507e797f	0000000000000000	0000000000000000	e884db8c507e797f
double	6884db8c507e797f	0000000000000000	0000000000000000	6894db8c507e797f
half	6884db8c507e797f	0000000000000000	0000000000000000	6874db8c507e797f
sub_stub	6884db8c507e797f	3ff0000000000000	0000000000000000	2874db8c507e797f
le	6884db8c507e797f	0000000000000002	0000000000000000	6884db8c507e797f
ursh	6884db8c507e797f	0000000000000000	0000000000000000	6884db8c507e797f
ulsh	6884db8c507e797f	0000000000000000	0000000000000000	6884db8c507e797f
irsh	6884db8c507e797f	0000000000000000	0000000000000000	6884db8c507e797f
ursh	6884db8c507e797f	0000000000000001	0000000000000000	34426dc6283f3cbf
ulsh	6884db8c507e797f	0000000000000001	0000000000000000	d109b718a0fcf2fe
irsh	6884db8c507e797f	0000000000000001	0000000000000000	34426dc6283f3cbf
ursh	6884db8c507e797f	000000000000001f	0000000000000000	00000000d109b718
ulsh	6884db8c507e797f	000000000000001f	0000000000000000	283f3cbf80000000
irsh	6884db8c507e797f	000000000000001f	0000000000000000	00000000d109b718
ursh	6884db8c507e797f	0000000000000020	0000000000000000	000000006884db8c
ulsh	6884db8c507e797f	0000000000000020	0000000000000000	507e797f00000000
irsh	6884db8c507e797f	0000000000000020	0000000000000000	000000006884db8c
ursh	6884db8c507e797f	0000000000000021	0000000000000000	0000000034426dc6
ulsh	6884db8c507e797f	0000000000000021	0000000000000000	a0fcf2fe00000000
irsh	6884db8c507e797f	0000000000000021	0000000000000000	0000000034426dc6
ursh	6884db8c507e797f	000000000000003f	0000000000000000	0000000000000000
ulsh	6884db8c507e797f	000000000000003f	0000000000000000	8000000000000000
irsh	6884db8c507e797f	000000000000003f	0000000000000000	0000000000000000
pack	0000000000000000	00000000fffffbcc	0000000000000000	0000000000000000
pack	0000000000000000	00000000fffffbcc	0000000000000001	0000000000000000
pack	0000000000000000	00000000fffffbcc	0000000000000007	0000000000000002
pack	0000000000000000	00000000fffffbcc	0040000000000000	0010000000000000
pack	0000000000000000	00000000fffffbcc	7fffffffffffffff	2000000000000000
pack	0000000000000000	00000000fffffbcc	ffffffffffffffff	4000000000000000
pack	0000000000000000	00000000fffffbcd	0000000000000000	0000000000000000
pack	0000000000000000	00000000fffffbcd	0000000000000001	0000000000000000
pack	0000000000000000	00000000fffffbcd	0000000000000007	0000000000000002
pack	0000000000000000	00000000fffffbcd	0040000000000000	0020000000000000
pack	0000000000000000	00000000fffffbcd	7fffffffffffffff	2010000000000000
pack	0000000000000000	00000000fffffbcd	ffffffffffffffff	4010000000000000
pack	0000000000000000	00000000fffffc02	0000000000000000	0000000000000000
pack	0000000000000000	00000000fffffc02	0000000000000001	0000000000000000
pack	0000000000000000	00000000fffffc02	0000000000000007	0000000000000002
pack	0000000000000000	00000000fffffc02	0040000000000000	0370000000000000
pack	0000000000000000	00000000fffffc02	7fffffffffffffff	2000000000000000
pack	0000000000000000	00000000fffffc02	ffffffffffffffff	4000000000000000
pack	0000000000000000	00000000ffffffff	0000000000000000	0000000000000000
pack	0000000000000000	00000000ffffffff	0000000000000001	0000000000000000
pack	0000000000000000	00000000ffffffff	0000000000000007	0000000000000002
pack	0000000000000000	00000000ffffffff	0040000000000000	4340000000000000
pack	0000000000000000	00000000ffffffff	7fffffffffffffff	6010000000000000
pack	0000000000000000	00000000ffffffff	ffffffffffffffff	8010000000000000
pack	0000000000000000	0000000000000000	0000000000000000	0000000000000000
pack	0000000000000000	0000000000000000	0000000000000001	0000000000000000
pack	0000000000000000	0000000000000000	0000000000000007	0000000000000002
pack	0000000000000000	0000000000000000	0040000000000000	4350000000000000
pack	0000000000000000	0000000000000000	7fffffffffffffff	6000000000000000
pack	0000000000000000	0000000000000000	ffffffffffffffff	8000000000000000
pack	0000000000000000	00000000000003ff	0000000000000000	0000000000000000
pack	0000000000000000	00000000000003ff	0000000000000001	0000000000000000
pack	0000000000000000	00000000000003ff	0000000000000007	0000000000000002
pack	0000000000000000	00000000000003ff	0040000000000000	8340000000000000
pack	0000000000000000	00000000000003ff	7fffffffffffffff	a010000000000000
pack	0000000000000000	00000000000003ff	ffffffffffffffff	c010000000000000
pack	0000000000000000	000000007ffffbcb	0000000000000000	0000000000000000
pack	0000000000000000	000000007ffffbcb	0000000000000001	0000000000000000
pack	0000000000000000	000000007ffffbcb	0000000000000007	0000000000000002
pack	0000000000000000	000000007ffffbcb	0040000000000000	0000000000000000
pack	0000000000000000	000000007ffffbcb	7fffffffffffffff	0010000000000000
pack	0000000000000000	000000007ffffbcb	ffffffffffffffff	0010000000000000
pack	0000000000000001	00000000fffffbcc	0000000000000000	8000000000000000
pack	0000000000000001	00000000fffffbcc	0000000000000001	8000000000000000
pack	0000000000000001	00000000fffffbcc	0000000000000007	8000000000000002
pack	0000000000000001	00000000fffffbcc	0040000000000000	8010000000000000
pack	0000000000000001	00000000fffffbcc	7fffffffffffffff	a000000000000000
pack	0000000000000001	00000000fffffbcc	ffffffffffffffff	c000000000000000
pack	0000000000000001	00000000fffffbcd	0000000000000000	8000000000000000
pack	0000000000000001	00000000fffffbcd	0000000000000001	8000000000000000
pack	0000000000000001	00000000fffffbcd	0000000000000007	8000000000000002
pack	0000000000000001	00000000fffffbcd	0040000000000000	8020000000000000
pack	0000000000000001	00000000fffffbcd	7fffffffffffffff	a010000000000000
pack	0000000000000001	00000000fffffbcd	ffffffffffffffff	c010000000000000
pack	0000000000000001	00000000fffffc02	0000000000000000	8000000000000000
pack	0000000000000001	00000000fffffc02	0000000000000001	8000000000000000
pack	0000000000000001	00000000fffffc02	0000000000000007	8000000000000002
pack	0000000000000001	00000000fffffc02	0040000000000000	8370000000000000
pack	0000000000000001	00000000fffffc02	7fffffffffffffff	a000000000000000
pack	0000000000000001	00000000fffffc02	ffffffffffffffff	c000000000000000
pack	0000000000000001	00000000ffffffff	0000000000000000	8000000000000000
pack	0000000000000001	00000000ffffffff	0000000000000001	8000000000000000
pack	0000000000000001	00000000ffffffff	0000000000000007	8000000000000002
pack	0000000000000001	00000000ffffffff	0040000000000000	c340000000000000
pack	0000000000000001	00000000ffffffff	7fffffffffffffff	e010000000000000
pack	0000000000000001	00000000ffffffff	ffffffffffffffff	0010000000000000
pack	0000000000000001	0000000000000000	0000000000000000	8000000000000000
pack	0000000000000001	0000000000000000	0000000000000001	8000000000000000
pack	0000000000000001	0000000000000000	0000000000000007	8000000000000002
pack	0000000000000001	0000000000000000	0040000000000000	c350000000000000
pack	0000000000000001	0000000000000000	7fffffffffffffff	e000000000000000
pack	0000000000000001	0000000000000000	ffffffffffffffff	0000000000000000
pack	0000000000000001	00000000000003ff	0000000000000000	8000000000000000
pack	0000000000000001	00000000000003ff	0000000000000001	8000000000000000
pack	0000000000000001	00000000000003ff	0000000000000007	8000000000000002
pack	0000000000000001	00000000000003ff	0040000000000000	0340000000000000
pack	0000000000000001	00000000000003ff	7fffffffffffffff	2010000000000000
pack	0000000000000001	00000000000003ff	ffffffffffffffff	4010000000000000
pack	0000000000000001	000000007ffffbcb	0000000000000000	8000000000000000
pack	0000000000000001	000000007ffffbcb	0000000000000001	8000000000000000
pack	0000000000000001	000000007ffffbcb	0000000000000007	8000000000000002
pack	0000000000000001	000000007ffffbcb	0040000000000000	8000000000000000
pack	0000000000000001	000000007ffffbcb	7fffffffffffffff	8010000000000000
pack	0000000000000001	000000007ffffbcb	ffffffffffffffff	8010000000000000
pack	00000000ffffffff	00000000fffffbcc	0000000000000000	8000000000000000
pack	00000000ffffffff	00000000fffffbcc	0000000000000001	8000000000000000
pack	00000000ffffffff	00000000fffffbcc	0000000000000007	8000000000000002
pack	00000000ffffffff	00000000fffffbcc	0040000000000000	8010000000000000
pack	00000000ffffffff	00000000fffffbcc	7fffffffffffffff	a000000000000000
pack	00000000ffffffff	00000000fffffbcc	ffffffffffffffff	c000000000000000
pack	00000000ffffffff	00000000fffffbcd	0000000000000000	8000000000000000
pack	00000000ffffffff	00000000fffffbcd	0000000000000001	8000000000000000
pack	00000000ffffffff	00000000fffffbcd	0000000000000007	8000000000000002
pack	00000000ffffffff	00000000fffffbcd	0040000000000000	8020000000000000
pack	00000000ffffffff	00000000fffffbcd	7fffffffffffffff	a010000000000000
pack	00000000ffffffff	00000000fffffbcd	ffffffffffffffff	c010000000000000
pack	00000000ffffffff	00000000fffffc02	0000000000000000	8000000000000000
pack	00000000ffffffff	00000000fffffc02	0000000000000001	8000000000000000
pack	00000000ffffffff	00000000fffffc02	0000000000000007	8000000000000002
pack	00000000ffffffff	00000000fffffc02	0040000000000000	8370000000000000
pack	00000000ffffffff	00000000fffffc02	7fffffffffffffff	a000000000000000
pack	00000000ffffffff	00000000fffffc02	ffffffffffffffff	c000000000000000
pack	00000000ffffffff	00000000ffffffff	0000000000000000	8000000000000000
pack	00000000ffffffff	00000000ffffffff	0000000000000001	8000000000000000
pack	00000000ffffffff	00000000ffffffff	0000000000000007	8000000000000002
pack	00000000ffffffff	00000000ffffffff	0040000000000000	c340000000000000
pack	00000000ffffffff	00000000ffffffff	7fffffffffffffff	e010000000000000
pack	00000000ffffffff	00000000ffffffff	ffffffffffffffff	0010000000000000
pack	00000000ffffffff	0000000000000000	0000000000000000	8000000000000000
pack	00000000ffffffff	0000000000000000	0000000000000001	8000000000000000
pack	00000000ffffffff	0000000000000000	0000000000000007	8000000000000002
pack	00000000ffffffff	0000000000000000	0040000000000000	c350000000000000
pack	00000000ffffffff	0000000000000000	7fffffffffffffff	e000000000000000
pack	00000000ffffffff	0000000000000000	ffffffffffffffff	0000000000000000
pack	00000000ffffffff	00000000000003ff	0000000000000000	8000000000000000
pack	00000000ffffffff	00000000000003ff	0000000000000001	8000000000000000
pack	00000000ffffffff	00000000000003ff	0000000000000007	8000000000000002
pack	00000000ffffffff	00000000000003ff	0040000000000000	0340000000000000
pack	00000000ffffffff	00000000000003ff	7fffffffffffffff	2010000000000000
pack	00000000ffffffff	00000000000003ff	ffffffffffffffff	4010000000000000
pack	00000000ffffffff	000000007ffffbcb	0000000000000000	8000000000000000
pack	00000000ffffffff	000000007ffffbcb	0000000000000001	8000000000000000
pack	00000000ffffffff	000000007ffffbcb	0000000000000007	8000000000000002
pack	00000000ffffffff	000000007ffffbcb	0040000000000000	8000000000000000
pack	00000000ffffffff	000000007ffffbcb	7fffffffffffffff	8010000000000000
pack	00000000ffffffff	000000007ffffbcb	ffffffffffffffff	8010000000000000
