'H3Range.p2_mono' depends on axioms: [propext]
'H3Range.mant_bounds' depends on axioms: [propext, Classical.choice.{u}, Quot.sound.{u}]
'H3Range.p2_shift' depends on axioms: [propext]
'H3Range.normal_floor_refinement' depends on axioms: [propext, Classical.choice.{u}, Quot.sound.{u}]
'H3Range.subnormal_floor_refinement' depends on axioms: [propext, Classical.choice.{u}, Quot.sound.{u}]
'H3Range.floor_refinement' depends on axioms: [propext, Classical.choice.{u}, Quot.sound.{u}]
'H3Range.negative_zero_exception' depends on axioms: [propext]
'H3Range.signed_zero_guard' does not depend on any axioms
'H3Range.integer_safety' depends on axioms: [propext, Classical.choice.{u}, Quot.sound.{u}]
'H3Range.negative_zero_sum_still_safe' depends on axioms: [propext, Classical.choice.{u}, Quot.sound.{u}]
'H3Range.conditional_H3_local' depends on axioms: [propext, Classical.choice.{u}, Quot.sound.{u}]
'ZeroScalar.p2_pos' depends on axioms: [propext]
'ZeroScalar.D_pos' depends on axioms: [propext]
'ZeroScalar.p2_add' depends on axioms: [propext]
'ZeroScalar.frac_bound' does not depend on any axioms
'ZeroScalar.exponent_from_value' depends on axioms: [propext, Quot.sound.{u}]
'ZeroScalar.floorVal_old' depends on axioms: [propext, Quot.sound.{u}]
'ZeroScalar.floorVal_range' depends on axioms: [propext, Classical.choice.{u}, Quot.sound.{u}]
'ZeroScalar.negzero_fields' depends on axioms: [propext, Classical.choice.{u}, Quot.sound.{u}]
'ZeroScalar.zero_aware_parts' depends on axioms: [propext, Classical.choice.{u}, Quot.sound.{u}]
'ZeroScalar.raw_mantissa' depends on axioms: [propext, Classical.choice.{u}, Quot.sound.{u}]
'ZeroScalar.raw_mantissa_int' depends on axioms: [propext, Classical.choice.{u}, Quot.sound.{u}]
'ZeroScalar.floorC_parts' depends on axioms: [propext, Classical.choice.{u}, Quot.sound.{u}]
'ZeroScalar.FLOOR_ZERO' depends on axioms: [propext, Classical.choice.{u}, Quot.sound.{u}]
'ZeroScalar.source_floor_range' depends on axioms: [propext, Classical.choice.{u}, Quot.sound.{u}]
'ZeroScalar.C_INT_BRIDGE' depends on axioms: [propext, Classical.choice.{u}, Quot.sound.{u}]
'H3Range.scan_bound' depends on axioms: [propext, Quot.sound.{u}]
'H3Range.max_at_zero' depends on axioms: [propext, Quot.sound.{u}]
'H3Range.select_found' depends on axioms: [propext]
'H3Range.select_bound' depends on axioms: [propext]
'H3Range.proposal_support' depends on axioms: [propext, Classical.choice.{u}, Quot.sound.{u}]
'H3Range.proposal_return_safe' depends on axioms: [propext, Classical.choice.{u}, Quot.sound.{u}]
'H3Range.bank0_size' does not depend on any axioms
'H3Range.bank0_max' does not depend on any axioms
'H3Range.bank0_support' depends on axioms: [propext, Quot.sound.{u}]
'H3Range.bank1_size' does not depend on any axioms
'H3Range.bank1_max' does not depend on any axioms
'H3Range.bank1_support' depends on axioms: [propext, Quot.sound.{u}]
'H3Range.bank2_size' does not depend on any axioms
'H3Range.bank2_max' does not depend on any axioms
'H3Range.bank2_support' depends on axioms: [propext, Quot.sound.{u}]
'H3Range.bank3_size' does not depend on any axioms
'H3Range.bank3_max' does not depend on any axioms
'H3Range.bank3_support' depends on axioms: [propext, Quot.sound.{u}]
'H3Range.bank4_size' does not depend on any axioms
'H3Range.bank4_max' does not depend on any axioms
'H3Range.bank4_support' depends on axioms: [propext, Quot.sound.{u}]
'H3Range.all_bank_support' depends on axioms: [propext, Quot.sound.{u}]
'H3Range.scalar_residual' depends on axioms: [propext, Classical.choice.{u}, Quot.sound.{u}]
'H3Range.terminal_right_then_left' depends on axioms: [propext, Classical.choice.{u}, Quot.sound.{u}]
'H3Range.next_terminal_center' depends on axioms: [propext, Classical.choice.{u}, Quot.sound.{u}]
'H3Range.safe_next_center' depends on axioms: [propext, Classical.choice.{u}, Quot.sound.{u}]
'H3Range.inner_visits_count' depends on axioms: [propext, Quot.sound.{u}]
'H3Range.actual_3072_calls' depends on axioms: [propext, Quot.sound.{u}]
'H3Range.first_terminal_right_first' does not depend on any axioms
'H3Range.checked_key_coefficients' depends on axioms: [propext, Classical.choice.{u}, Quot.sound.{u}]
'H3Range.lt64_correct' depends on axioms: [propext, Quot.sound.{u}]
'H3Range.eq64_correct' depends on axioms: [propext, Quot.sound.{u}]
'H3Range.lt128_correct' depends on axioms: [propext, Quot.sound.{u}]
'H3Range.active_guards' depends on axioms: [propext, Classical.choice.{u}, Quot.sound.{u}]
'H3Range.sticky_path' depends on axioms: [propext]
'H3Range.negative_zero_admitted' does not depend on any axioms
'H3Range.guards_do_not_imply_floor_refinement' depends on axioms: [propext]
'H3Range.complete_local_lift' depends on axioms: [propext, Classical.choice.{u}, Quot.sound.{u}]
'ZeroScalar.value_negative_zero' depends on axioms: [propext, Classical.choice.{u}, Quot.sound.{u}]
'ZeroScalar.RHO_CLOSED' depends on axioms: [propext, Classical.choice.{u}, Quot.sound.{u}]
'ZeroScalar.EXACT_RESIDUAL_366' depends on axioms: [propext, Classical.choice.{u}, Quot.sound.{u}]
'ZeroScalar.old_new_relation' depends on axioms: [propext, Classical.choice.{u}, Quot.sound.{u}]
'ZeroScalar.old_floor_equality' depends on axioms: [propext, Classical.choice.{u}, Quot.sound.{u}]
'ZeroScalar.old_implies_numeric' depends on axioms: [propext, Quot.sound.{u}]
'ZeroScalar.or_one_bounds' depends on axioms: [propext, Classical.choice.{u}, Quot.sound.{u}]
'ZeroScalar.sticky_cases' depends on axioms: [propext, Quot.sound.{u}]
'ZeroScalar.sticky_interval' depends on axioms: [propext, Classical.choice.{u}, Quot.sound.{u}]
'ZeroScalar.round_error' depends on axioms: [propext, Classical.choice.{u}, Quot.sound.{u}]
'ZeroScalar.normalizer_bounds' depends on axioms: [propext, Classical.choice.{u}, Quot.sound.{u}]
'ZeroScalar.normalizer_for_add' depends on axioms: [propext, Classical.choice.{u}, Quot.sound.{u}]
'ZeroScalar.shrink9_range' depends on axioms: [propext, Classical.choice.{u}, Quot.sound.{u}]
'ZeroScalar.pack_normal_value' depends on axioms: [propext, Quot.sound.{u}]
'ZeroScalar.round_normal_range' depends on axioms: [propext, Classical.choice.{u}, Quot.sound.{u}]
'ZeroScalar.norm_small_shift' depends on axioms: [propext, Classical.choice.{u}, Quot.sound.{u}]
'ZeroScalar.sticky_multiple' depends on axioms: [propext, Quot.sound.{u}]
'ZeroScalar.OF_EXACT' depends on axioms: [propext, Classical.choice.{u}, Quot.sound.{u}]
'RootLDL.step_range' depends on axioms: [propext, Quot.sound.{u}]
'RootLDL.step_invariant' depends on axioms: [propext, Quot.sound.{u}]
'RootLDL.loop_range' depends on axioms: [propext, Quot.sound.{u}]
'RootLDL.loop_invariant' depends on axioms: [propext, Quot.sound.{u}]
'RootLDL.loop55' depends on axioms: [propext, Quot.sound.{u}]
'RootLDL.store_frame' depends on axioms: [propext, Quot.sound.{u}]
'RootLDL.root_frame' depends on axioms: [propext, Quot.sound.{u}]
'RootLDL.root_layout' does not depend on any axioms
'RootLDL.fft_partition' depends on axioms: [propext, Classical.choice.{u}, Quot.sound.{u}]
'RootLDL.ternary_store' depends on axioms: [propext, Classical.choice.{u}, Quot.sound.{u}]
'RootLDL.coefficient_test' depends on axioms: [propext, Classical.choice.{u}, Quot.sound.{u}]
'RootLDL.positive_margin' depends on axioms: [propext, Quot.sound.{u}]
'RootLDL.machine_schur_consumer' depends on axioms: [propext, Quot.sound.{u}]
'RootLDL.imaginary_consumer' depends on axioms: [propext, Classical.choice.{u}, Quot.sound.{u}]
'RootLDL.no_overflow_primitive_scale' does not depend on any axioms
'RootLDL.zero_domain_not_root_domain' does not depend on any axioms
'RootLDL.coefficient_reduction_bound' does not depend on any axioms
'Node3.inverse3_bits' depends on axioms: [propext, Quot.sound.{u}]
'Node3.inverse3_units' depends on axioms: [propext, Quot.sound.{u}]
'Node3.expanded_div_exponent' depends on axioms: [propext, Classical.choice.{u}, Quot.sound.{u}]
'Node3.normalization_indices' depends on axioms: [propext, Classical.choice.{u}, Quot.sound.{u}]
'Node3.real_slot_noninterference' does not depend on any axioms
'Node3.divReal_ignores_imag' does not depend on any axioms
'Node3.mulReal_ignores_imag' does not depend on any axioms
'Node3.selfadj_imag_store' does not depend on any axioms
'Node3.valid_c3' does not depend on any axioms
'Node3.branch0_round_margin' does not depend on any axioms
'Node3.branch1_round_margin' does not depend on any axioms
'Node3.quotient_domain' does not depend on any axioms
'Node3.safe_order' depends on axioms: [propext, Quot.sound.{u}]
'Node2.half_bits' depends on axioms: [propext, Quot.sound.{u}]
'Node2.half_fields' depends on axioms: [propext, Quot.sound.{u}]
'Node2.half_value' depends on axioms: [propext, Quot.sound.{u}]
'Node2.parts_error' depends on axioms: [propext, Classical.choice.{u}, Quot.sound.{u}]
'Node2.half_error_units' depends on axioms: [propext, Classical.choice.{u}, Quot.sound.{u}]
'Node2.finite_half' depends on axioms: [propext, Quot.sound.{u}]
'Node2.half_endpoint_classes' does not depend on any axioms
'Node2.pair_identity' depends on axioms: [propext, Classical.choice.{u}, Quot.sound.{u}]
'Node2.coarse_box_countermodel' does not depend on any axioms
'Node2.first_branch_margin' does not depend on any axioms
'Node2.second_branch_margin' does not depend on any axioms
'Node2.pair_layout' depends on axioms: [propext, Classical.choice.{u}, Quot.sound.{u}]
'Node3.store_prefix' depends on axioms: [propext, Quot.sound.{u}]
'Node3.node_frame' depends on axioms: [propext, Quot.sound.{u}]
'Node3.layout' does not depend on any axioms
'Node2.input_frame' depends on axioms: [propext, Quot.sound.{u}]
'Node2.level_sizes' does not depend on any axioms
'Node2.valid_c2' depends on axioms: [propext, Quot.sound.{u}]
'Node2.first_div_domain' depends on axioms: [propext, Quot.sound.{u}]
'Tower.words_formula' depends on axioms: [propext, Classical.choice.{u}, Quot.sound.{u}]
'Tower.internal_formula' depends on axioms: [propext, Classical.choice.{u}, Quot.sound.{u}]
'Tower.leaves_formula' depends on axioms: [propext, Quot.sound.{u}]
'Tower.scratch_bound' depends on axioms: [propext, Quot.sound.{u}]
'Tower.twelve_subtrees' does not depend on any axioms
'Tower.assembly_count' does not depend on any axioms
'Tower.coverage' depends on axioms: [propext, Quot.sound.{u}]
'Tower.actual_order' does not depend on any axioms
'Tower.actual_base' does not depend on any axioms
'Tower.frame' depends on axioms: [propext]
'Tower.partition' depends on axioms: [propext, Classical.choice.{u}, Quot.sound.{u}]
'Tower.harmonic_identity' depends on axioms: [propext, Classical.choice.{u}, Quot.sound.{u}]
'Tower.harmonic_lower' depends on axioms: [propext, Classical.choice.{u}, Quot.sound.{u}]
'Tower.output_transfer' depends on axioms: [propext, Quot.sound.{u}]
'Tower.clean_invariant_constants' does not depend on any axioms
'Tower.successful_execution' depends on axioms: [propext, Quot.sound.{u}]
TowerAudit 0 0.251
Tower.words_formula : ∀ (d : Nat),
  @Eq.{1} Nat (Tower.words d)
    (@HMul.hMul.{0, 0, 0} Nat Nat Nat (@instHMul.{0} Nat instMulNat)
      (@HAdd.hAdd.{0, 0, 0} Nat Nat Nat (@instHAdd.{0} Nat instAddNat) d
        (@OfNat.ofNat.{0} Nat (nat_lit 2) (instOfNatNat (nat_lit 2))))
      (@HPow.hPow.{0, 0, 0} Nat Nat Nat (@instHPow.{0, 0} Nat Nat (@instPowNat.{0} Nat instNatPowNat))
        (@OfNat.ofNat.{0} Nat (nat_lit 2) (instOfNatNat (nat_lit 2)))
        (@HAdd.hAdd.{0, 0, 0} Nat Nat Nat (@instHAdd.{0} Nat instAddNat) d
          (@OfNat.ofNat.{0} Nat (nat_lit 1) (instOfNatNat (nat_lit 1))))))
theorem Tower.words_formula : ∀ (d : Nat),
  @Eq.{1} Nat (Tower.words d)
    (@HMul.hMul.{0, 0, 0} Nat Nat Nat (@instHMul.{0} Nat instMulNat)
      (@HAdd.hAdd.{0, 0, 0} Nat Nat Nat (@instHAdd.{0} Nat instAddNat) d
        (@OfNat.ofNat.{0} Nat (nat_lit 2) (instOfNatNat (nat_lit 2))))
      (@HPow.hPow.{0, 0, 0} Nat Nat Nat (@instHPow.{0, 0} Nat Nat (@instPowNat.{0} Nat instNatPowNat))
        (@OfNat.ofNat.{0} Nat (nat_lit 2) (instOfNatNat (nat_lit 2)))
        (@HAdd.hAdd.{0, 0, 0} Nat Nat Nat (@instHAdd.{0} Nat instAddNat) d
          (@OfNat.ofNat.{0} Nat (nat_lit 1) (instOfNatNat (nat_lit 1)))))) :=
fun (d : Nat) =>
  @Nat.recAux.{0}
    (fun (d : Nat) =>
      @Eq.{1} Nat (Tower.words d)
        (@HMul.hMul.{0, 0, 0} Nat Nat Nat (@instHMul.{0} Nat instMulNat)
          (@HAdd.hAdd.{0, 0, 0} Nat Nat Nat (@instHAdd.{0} Nat instAddNat) d
            (@OfNat.ofNat.{0} Nat (nat_lit 2) (instOfNatNat (nat_lit 2))))
          (@HPow.hPow.{0, 0, 0} Nat Nat Nat (@instHPow.{0, 0} Nat Nat (@instPowNat.{0} Nat instNatPowNat))
            (@OfNat.ofNat.{0} Nat (nat_lit 2) (instOfNatNat (nat_lit 2)))
            (@HAdd.hAdd.{0, 0, 0} Nat Nat Nat (@instHAdd.{0} Nat instAddNat) d
              (@OfNat.ofNat.{0} Nat (nat_lit 1) (instOfNatNat (nat_lit 1)))))))
    (@of_decide_eq_true
      (@Eq.{1} Nat (Tower.words (@OfNat.ofNat.{0} Nat (nat_lit 0) (instOfNatNat (nat_lit 0))))
        (@HMul.hMul.{0, 0, 0} Nat Nat Nat (@instHMul.{0} Nat instMulNat)
          (@HAdd.hAdd.{0, 0, 0} Nat Nat Nat (@instHAdd.{0} Nat instAddNat)
            (@OfNat.ofNat.{0} Nat (nat_lit 0) (instOfNatNat (nat_lit 0)))
            (@OfNat.ofNat.{0} Nat (nat_lit 2) (instOfNatNat (nat_lit 2))))
          (@HPow.hPow.{0, 0, 0} Nat Nat Nat (@instHPow.{0, 0} Nat Nat (@instPowNat.{0} Nat instNatPowNat))
            (@OfNat.ofNat.{0} Nat (nat_lit 2) (instOfNatNat (nat_lit 2)))
            (@HAdd.hAdd.{0, 0, 0} Nat Nat Nat (@instHAdd.{0} Nat instAddNat)
              (@OfNat.ofNat.{0} Nat (nat_lit 0) (instOfNatNat (nat_lit 0)))
              (@OfNat.ofNat.{0} Nat (nat_lit 1) (instOfNatNat (nat_lit 1)))))))
      (instDecidableEqNat (Tower.words (@OfNat.ofNat.{0} Nat (nat_lit 0) (instOfNatNat (nat_lit 0))))
        (@HMul.hMul.{0, 0, 0} Nat Nat Nat (@instHMul.{0} Nat instMulNat)
          (@HAdd.hAdd.{0, 0, 0} Nat Nat Nat (@instHAdd.{0} Nat instAddNat)
            (@OfNat.ofNat.{0} Nat (nat_lit 0) (instOfNatNat (nat_lit 0)))
            (@OfNat.ofNat.{0} Nat (nat_lit 2) (instOfNatNat (nat_lit 2))))
          (@HPow.hPow.{0, 0, 0} Nat Nat Nat (@instHPow.{0, 0} Nat Nat (@instPowNat.{0} Nat instNatPowNat))
            (@OfNat.ofNat.{0} Nat (nat_lit 2) (instOfNatNat (nat_lit 2)))
            (@HAdd.hAdd.{0, 0, 0} Nat Nat Nat (@instHAdd.{0} Nat instAddNat)
              (@OfNat.ofNat.{0} Nat (nat_lit 0) (instOfNatNat (nat_lit 0)))
              (@OfNat.ofNat.{0} Nat (nat_lit 1) (instOfNatNat (nat_lit 1)))))))
      (@id.{0}
        (@Eq.{1} Bool
          (@Decidable.decide
            (@Eq.{1} Nat (Tower.words (@OfNat.ofNat.{0} Nat (nat_lit 0) (instOfNatNat (nat_lit 0))))
              (@HMul.hMul.{0, 0, 0} Nat Nat Nat (@instHMul.{0} Nat instMulNat)
                (@HAdd.hAdd.{0, 0, 0} Nat Nat Nat (@instHAdd.{0} Nat instAddNat)
                  (@OfNat.ofNat.{0} Nat (nat_lit 0) (instOfNatNat (nat_lit 0)))
                  (@OfNat.ofNat.{0} Nat (nat_lit 2) (instOfNatNat (nat_lit 2))))
                (@HPow.hPow.{0, 0, 0} Nat Nat Nat (@instHPow.{0, 0} Nat Nat (@instPowNat.{0} Nat instNatPowNat))
                  (@OfNat.ofNat.{0} Nat (nat_lit 2) (instOfNatNat (nat_lit 2)))
                  (@HAdd.hAdd.{0, 0, 0} Nat Nat Nat (@instHAdd.{0} Nat instAddNat)
                    (@OfNat.ofNat.{0} Nat (nat_lit 0) (instOfNatNat (nat_lit 0)))
                    (@OfNat.ofNat.{0} Nat (nat_lit 1) (instOfNatNat (nat_lit 1)))))))
            (instDecidableEqNat (Tower.words (@OfNat.ofNat.{0} Nat (nat_lit 0) (instOfNatNat (nat_lit 0))))
              (@HMul.hMul.{0, 0, 0} Nat Nat Nat (@instHMul.{0} Nat instMulNat)
                (@HAdd.hAdd.{0, 0, 0} Nat Nat Nat (@instHAdd.{0} Nat instAddNat)
                  (@OfNat.ofNat.{0} Nat (nat_lit 0) (instOfNatNat (nat_lit 0)))
                  (@OfNat.ofNat.{0} Nat (nat_lit 2) (instOfNatNat (nat_lit 2))))
                (@HPow.hPow.{0, 0, 0} Nat Nat Nat (@instHPow.{0, 0} Nat Nat (@instPowNat.{0} Nat instNatPowNat))
                  (@OfNat.ofNat.{0} Nat (nat_lit 2) (instOfNatNat (nat_lit 2)))
                  (@HAdd.hAdd.{0, 0, 0} Nat Nat Nat (@instHAdd.{0} Nat instAddNat)
                    (@OfNat.ofNat.{0} Nat (nat_lit 0) (instOfNatNat (nat_lit 0)))
                    (@OfNat.ofNat.{0} Nat (nat_lit 1) (instOfNatNat (nat_lit 1))))))))
          Bool.true)
        (@Eq.refl.{1} Bool Bool.true)))
    (fun (d : Nat)
        (ih :
          @Eq.{1} Nat (Tower.words d)
            (@HMul.hMul.{0, 0, 0} Nat Nat Nat (@instHMul.{0} Nat instMulNat)
              (@HAdd.hAdd.{0, 0, 0} Nat Nat Nat (@instHAdd.{0} Nat instAddNat) d
                (@OfNat.ofNat.{0} Nat (nat_lit 2) (instOfNatNat (nat_lit 2))))
              (@HPow.hPow.{0, 0, 0} Nat Nat Nat (@instHPow.{0, 0} Nat Nat (@instPowNat.{0} Nat instNatPowNat))
                (@OfNat.ofNat.{0} Nat (nat_lit 2) (instOfNatNat (nat_lit 2)))
                (@HAdd.hAdd.{0, 0, 0} Nat Nat Nat (@instHAdd.{0} Nat instAddNat) d
                  (@OfNat.ofNat.{0} Nat (nat_lit 1) (instOfNatNat (nat_lit 1))))))) =>
      @Eq.mpr.{0}
        (@Eq.{1} Nat
          (Tower.words
            (@HAdd.hAdd.{0, 0, 0} Nat Nat Nat (@instHAdd.{0} Nat instAddNat) d
              (@OfNat.ofNat.{0} Nat (nat_lit 1) (instOfNatNat (nat_lit 1)))))
          (@HMul.hMul.{0, 0, 0} Nat Nat Nat (@instHMul.{0} Nat instMulNat)
            (@HAdd.hAdd.{0, 0, 0} Nat Nat Nat (@instHAdd.{0} Nat instAddNat)
              (@HAdd.hAdd.{0, 0, 0} Nat Nat Nat (@instHAdd.{0} Nat instAddNat) d
                (@OfNat.ofNat.{0} Nat (nat_lit 1) (instOfNatNat (nat_lit 1))))
              (@OfNat.ofNat.{0} Nat (nat_lit 2) (instOfNatNat (nat_lit 2))))
            (@HPow.hPow.{0, 0, 0} Nat Nat Nat (@instHPow.{0, 0} Nat Nat (@instPowNat.{0} Nat instNatPowNat))
              (@OfNat.ofNat.{0} Nat (nat_lit 2) (instOfNatNat (nat_lit 2)))
              (@HAdd.hAdd.{0, 0, 0} Nat Nat Nat (@instHAdd.{0} Nat instAddNat)
                (@HAdd.hAdd.{0, 0, 0} Nat Nat Nat (@instHAdd.{0} Nat instAddNat) d
                  (@OfNat.ofNat.{0} Nat (nat_lit 1) (instOfNatNat (nat_lit 1))))
                (@OfNat.ofNat.{0} Nat (nat_lit 1) (instOfNatNat (nat_lit 1)))))))
        (@Eq.{1} Nat
          (@HAdd.hAdd.{0, 0, 0} Nat Nat Nat (@instHAdd.{0} Nat instAddNat)
            (@HMul.hMul.{0, 0, 0} Nat Nat Nat (@instHMul.{0} Nat instMulNat)
              (@HMul.hMul.{0, 0, 0} Nat Nat Nat (@instHMul.{0} Nat instMulNat)
                (@HPow.hPow.{0, 0, 0} Nat Nat Nat (@instHPow.{0, 0} Nat Nat (@instPowNat.{0} Nat instNatPowNat))
                  (@OfNat.ofNat.{0} Nat (nat_lit 2) (instOfNatNat (nat_lit 2))) d)
                (@OfNat.ofNat.{0} Nat (nat_lit 2) (instOfNatNat (nat_lit 2))))
              (@OfNat.ofNat.{0} Nat (nat_lit 2) (instOfNatNat (nat_lit 2))))
            (@HMul.hMul.{0, 0, 0} Nat Nat Nat (@instHMul.{0} Nat instMulNat)
              (@OfNat.ofNat.{0} Nat (nat_lit 2) (instOfNatNat (nat_lit 2)))
              (@HMul.hMul.{0, 0, 0} Nat Nat Nat (@instHMul.{0} Nat instMulNat)
                (@HAdd.hAdd.{0, 0, 0} Nat Nat Nat (@instHAdd.{0} Nat instAddNat) d
                  (@OfNat.ofNat.{0} Nat (nat_lit 2) (instOfNatNat (nat_lit 2))))
                (@HMul.hMul.{0, 0, 0} Nat Nat Nat (@instHMul.{0} Nat instMulNat)
                  (@HPow.hPow.{0, 0, 0} Nat Nat Nat (@instHPow.{0, 0} Nat Nat (@instPowNat.{0} Nat instNatPowNat))
                    (@OfNat.ofNat.{0} Nat (nat_lit 2) (instOfNatNat (nat_lit 2))) d)
                  (@OfNat.ofNat.{0} Nat (nat_lit 2) (instOfNatNat (nat_lit 2)))))))
          (@HMul.hMul.{0, 0, 0} Nat Nat Nat (@instHMul.{0} Nat instMulNat)
            (@HAdd.hAdd.{0, 0, 0} Nat Nat Nat (@instHAdd.{0} Nat instAddNat)
              (@HAdd.hAdd.{0, 0, 0} Nat Nat Nat (@instHAdd.{0} Nat instAddNat) d
                (@OfNat.ofNat.{0} Nat (nat_lit 1) (instOfNatNat (nat_lit 1))))
              (@OfNat.ofNat.{0} Nat (nat_lit 2) (instOfNatNat (nat_lit 2))))
            (@HMul.hMul.{0, 0, 0} Nat Nat Nat (@instHMul.{0} Nat instMulNat)
              (@HMul.hMul.{0, 0, 0} Nat Nat Nat (@instHMul.{0} Nat instMulNat)
                (@HPow.hPow.{0, 0, 0} Nat Nat Nat (@instHPow.{0, 0} Nat Nat (@instPowNat.{0} Nat instNatPowNat))
                  (@OfNat.ofNat.{0} Nat (nat_lit 2) (instOfNatNat (nat_lit 2))) d)
                (@OfNat.ofNat.{0} Nat (nat_lit 2) (instOfNatNat (nat_lit 2))))
              (@OfNat.ofNat.{0} Nat (nat_lit 2) (instOfNatNat (nat_lit 2))))))
        (@id.{0}
          (@Eq.{1} Prop
            (@Eq.{1} Nat
              (Tower.words
                (@HAdd.hAdd.{0, 0, 0} Nat Nat Nat (@instHAdd.{0} Nat instAddNat) d
                  (@OfNat.ofNat.{0} Nat (nat_lit 1) (instOfNatNat (nat_lit 1)))))
              (@HMul.hMul.{0, 0, 0} Nat Nat Nat (@instHMul.{0} Nat instMulNat)
                (@HAdd.hAdd.{0, 0, 0} Nat Nat Nat (@instHAdd.{0} Nat instAddNat)
                  (@HAdd.hAdd.{0, 0, 0} Nat Nat Nat (@instHAdd.{0} Nat instAddNat) d
                    (@OfNat.ofNat.{0} Nat (nat_lit 1) (instOfNatNat (nat_lit 1))))
                  (@OfNat.ofNat.{0} Nat (nat_lit 2) (instOfNatNat (nat_lit 2))))
                (@HPow.hPow.{0, 0, 0} Nat Nat Nat (@instHPow.{0, 0} Nat Nat (@instPowNat.{0} Nat instNatPowNat))
                  (@OfNat.ofNat.{0} Nat (nat_lit 2) (instOfNatNat (nat_lit 2)))
                  (@HAdd.hAdd.{0, 0, 0} Nat Nat Nat (@instHAdd.{0} Nat instAddNat)
                    (@HAdd.hAdd.{0, 0, 0} Nat Nat Nat (@instHAdd.{0} Nat instAddNat) d
                      (@OfNat.ofNat.{0} Nat (nat_lit 1) (instOfNatNat (nat_lit 1))))
                    (@OfNat.ofNat.{0} Nat (nat_lit 1) (instOfNatNat (nat_lit 1)))))))
            (@Eq.{1} Nat
              (@HAdd.hAdd.{0, 0, 0} Nat Nat Nat (@instHAdd.{0} Nat instAddNat)
                (@HMul.hMul.{0, 0, 0} Nat Nat Nat (@instHMul.{0} Nat instMulNat)
                  (@HMul.hMul.{0, 0, 0} Nat Nat Nat (@instHMul.{0} Nat instMulNat)
                    (@HPow.hPow.{0, 0, 0} Nat Nat Nat (@instHPow.{0, 0} Nat Nat (@instPowNat.{0} Nat instNatPowNat))
                      (@OfNat.ofNat.{0} Nat (nat_lit 2) (instOfNatNat (nat_lit 2))) d)
                    (@OfNat.ofNat.{0} Nat (nat_lit 2) (instOfNatNat (nat_lit 2))))
                  (@OfNat.ofNat.{0} Nat (nat_lit 2) (instOfNatNat (nat_lit 2))))
                (@HMul.hMul.{0, 0, 0} Nat Nat Nat (@instHMul.{0} Nat instMulNat)
                  (@OfNat.ofNat.{0} Nat (nat_lit 2) (instOfNatNat (nat_lit 2)))
                  (@HMul.hMul.{0, 0, 0} Nat Nat Nat (@instHMul.{0} Nat instMulNat)
                    (@HAdd.hAdd.{0, 0, 0} Nat Nat Nat (@instHAdd.{0} Nat instAddNat) d
                      (@OfNat.ofNat.{0} Nat (nat_lit 2) (instOfNatNat (nat_lit 2))))
                    (@HMul.hMul.{0, 0, 0} Nat Nat Nat (@instHMul.{0} Nat instMulNat)
                      (@HPow.hPow.{0, 0, 0} Nat Nat Nat (@instHPow.{0, 0} Nat Nat (@instPowNat.{0} Nat instNatPowNat))
                        (@OfNat.ofNat.{0} Nat (nat_lit 2) (instOfNatNat (nat_lit 2))) d)
                      (@OfNat.ofNat.{0} Nat (nat_lit 2) (instOfNatNat (nat_lit 2)))))))
              (@HMul.hMul.{0, 0, 0} Nat Nat Nat (@instHMul.{0} Nat instMulNat)
                (@HAdd.hAdd.{0, 0, 0} Nat Nat Nat (@instHAdd.{0} Nat instAddNat)
                  (@HAdd.hAdd.{0, 0, 0} Nat Nat Nat (@instHAdd.{0} Nat instAddNat) d
                    (@OfNat.ofNat.{0} Nat (nat_lit 1) (instOfNatNat (nat_lit 1))))
                  (@OfNat.ofNat.{0} Nat (nat_lit 2) (instOfNatNat (nat_lit 2))))
                (@HMul.hMul.{0, 0, 0} Nat Nat Nat (@instHMul.{0} Nat instMulNat)
                  (@HMul.hMul.{0, 0, 0} Nat Nat Nat (@instHMul.{0} Nat instMulNat)
                    (@HPow.hPow.{0, 0, 0} Nat Nat Nat (@instHPow.{0, 0} Nat Nat (@instPowNat.{0} Nat instNatPowNat))
                      (@OfNat.ofNat.{0} Nat (nat_lit 2) (instOfNatNat (nat_lit 2))) d)
                    (@OfNat.ofNat.{0} Nat (nat_lit 2) (instOfNatNat (nat_lit 2))))
                  (@OfNat.ofNat.{0} Nat (nat_lit 2) (instOfNatNat (nat_lit 2)))))))
          (@congrFun'.{1, 1} Nat Prop
            (@Eq.{1} Nat
              (Tower.words
                (@HAdd.hAdd.{0, 0, 0} Nat Nat Nat (@instHAdd.{0} Nat instAddNat) d
                  (@OfNat.ofNat.{0} Nat (nat_lit 1) (instOfNatNat (nat_lit 1))))))
            (@Eq.{1} Nat
              (@HAdd.hAdd.{0, 0, 0} Nat Nat Nat (@instHAdd.{0} Nat instAddNat)
                (@HMul.hMul.{0, 0, 0} Nat Nat Nat (@instHMul.{0} Nat instMulNat)
                  (@HMul.hMul.{0, 0, 0} Nat Nat Nat (@instHMul.{0} Nat instMulNat)
                    (@HPow.hPow.{0, 0, 0} Nat Nat Nat (@instHPow.{0, 0} Nat Nat (@instPowNat.{0} Nat instNatPowNat))
                      (@OfNat.ofNat.{0} Nat (nat_lit 2) (instOfNatNat (nat_lit 2))) d)
                    (@OfNat.ofNat.{0} Nat (nat_lit 2) (instOfNatNat (nat_lit 2))))
                  (@OfNat.ofNat.{0} Nat (nat_lit 2) (instOfNatNat (nat_lit 2))))
                (@HMul.hMul.{0, 0, 0} Nat Nat Nat (@instHMul.{0} Nat instMulNat)
                  (@OfNat.ofNat.{0} Nat (nat_lit 2) (instOfNatNat (nat_lit 2)))
                  (@HMul.hMul.{0, 0, 0} Nat Nat Nat (@instHMul.{0} Nat instMulNat)
                    (@HAdd.hAdd.{0, 0, 0} Nat Nat Nat (@instHAdd.{0} Nat instAddNat) d
                      (@OfNat.ofNat.{0} Nat (nat_lit 2) (instOfNatNat (nat_lit 2))))
                    (@HMul.hMul.{0, 0, 0} Nat Nat Nat (@instHMul.{0} Nat instMulNat)
                      (@HPow.hPow.{0, 0, 0} Nat Nat Nat (@instHPow.{0, 0} Nat Nat (@instPowNat.{0} Nat instNatPowNat))
                        (@OfNat.ofNat.{0} Nat (nat_lit 2) (instOfNatNat (nat_lit 2))) d)
                      (@OfNat.ofNat.{0} Nat (nat_lit 2) (instOfNatNat (nat_lit 2))))))))
            (@congrArg.{1, 1} Nat (Nat → Prop)
              (Tower.words
                (@HAdd.hAdd.{0, 0, 0} Nat Nat Nat (@instHAdd.{0} Nat instAddNat) d
                  (@OfNat.ofNat.{0} Nat (nat_lit 1) (instOfNatNat (nat_lit 1)))))
              (@HAdd.hAdd.{0, 0, 0} Nat Nat Nat (@instHAdd.{0} Nat instAddNat)
                (@HMul.hMul.{0, 0, 0} Nat Nat Nat (@instHMul.{0} Nat instMulNat)
                  (@HMul.hMul.{0, 0, 0} Nat Nat Nat (@instHMul.{0} Nat instMulNat)
                    (@HPow.hPow.{0, 0, 0} Nat Nat Nat (@instHPow.{0, 0} Nat Nat (@instPowNat.{0} Nat instNatPowNat))
                      (@OfNat.ofNat.{0} Nat (nat_lit 2) (instOfNatNat (nat_lit 2))) d)
                    (@OfNat.ofNat.{0} Nat (nat_lit 2) (instOfNatNat (nat_lit 2))))
                  (@OfNat.ofNat.{0} Nat (nat_lit 2) (instOfNatNat (nat_lit 2))))
                (@HMul.hMul.{0, 0, 0} Nat Nat Nat (@instHMul.{0} Nat instMulNat)
                  (@OfNat.ofNat.{0} Nat (nat_lit 2) (instOfNatNat (nat_lit 2)))
                  (@HMul.hMul.{0, 0, 0} Nat Nat Nat (@instHMul.{0} Nat instMulNat)
                    (@HAdd.hAdd.{0, 0, 0} Nat Nat Nat (@instHAdd.{0} Nat instAddNat) d
                      (@OfNat.ofNat.{0} Nat (nat_lit 2) (instOfNatNat (nat_lit 2))))
                    (@HMul.hMul.{0, 0, 0} Nat Nat Nat (@instHMul.{0} Nat instMulNat)
                      (@HPow.hPow.{0, 0, 0} Nat Nat Nat (@instHPow.{0, 0} Nat Nat (@instPowNat.{0} Nat instNatPowNat))
                        (@OfNat.ofNat.{0} Nat (nat_lit 2) (instOfNatNat (nat_lit 2))) d)
                      (@OfNat.ofNat.{0} Nat (nat_lit 2) (instOfNatNat (nat_lit 2)))))))
              (@Eq.{1} Nat)
              (@congrArg.{1, 1} Nat Nat
                (@HMul.hMul.{0, 0, 0} Nat Nat Nat (@instHMul.{0} Nat instMulNat)
                  (@OfNat.ofNat.{0} Nat (nat_lit 2) (instOfNatNat (nat_lit 2))) (Tower.words d))
                (@HMul.hMul.{0, 0, 0} Nat Nat Nat (@instHMul.{0} Nat instMulNat)
                  (@OfNat.ofNat.{0} Nat (nat_lit 2) (instOfNatNat (nat_lit 2)))
                  (@HMul.hMul.{0, 0, 0} Nat Nat Nat (@instHMul.{0} Nat instMulNat)
                    (@HAdd.hAdd.{0, 0, 0} Nat Nat Nat (@instHAdd.{0} Nat instAddNat) d
                      (@OfNat.ofNat.{0} Nat (nat_lit 2) (instOfNatNat (nat_lit 2))))
                    (@HMul.hMul.{0, 0, 0} Nat Nat Nat (@instHMul.{0} Nat instMulNat)
                      (@HPow.hPow.{0, 0, 0} Nat Nat Nat (@instHPow.{0, 0} Nat Nat (@instPowNat.{0} Nat instNatPowNat))
                        (@OfNat.ofNat.{0} Nat (nat_lit 2) (instOfNatNat (nat_lit 2))) d)
                      (@OfNat.ofNat.{0} Nat (nat_lit 2) (instOfNatNat (nat_lit 2))))))
                (@HAdd.hAdd.{0, 0, 0} Nat Nat Nat (@instHAdd.{0} Nat instAddNat)
                  (@HMul.hMul.{0, 0, 0} Nat Nat Nat (@instHMul.{0} Nat instMulNat)
                    (@HMul.hMul.{0, 0, 0} Nat Nat Nat (@instHMul.{0} Nat instMulNat)
                      (@HPow.hPow.{0, 0, 0} Nat Nat Nat (@instHPow.{0, 0} Nat Nat (@instPowNat.{0} Nat instNatPowNat))
                        (@OfNat.ofNat.{0} Nat (nat_lit 2) (instOfNatNat (nat_lit 2))) d)
                      (@OfNat.ofNat.{0} Nat (nat_lit 2) (instOfNatNat (nat_lit 2))))
                    (@OfNat.ofNat.{0} Nat (nat_lit 2) (instOfNatNat (nat_lit 2)))))
                (@congrArg.{1, 1} Nat Nat (Tower.words d)
                  (@HMul.hMul.{0, 0, 0} Nat Nat Nat (@instHMul.{0} Nat instMulNat)
                    (@HAdd.hAdd.{0, 0, 0} Nat Nat Nat (@instHAdd.{0} Nat instAddNat) d
                      (@OfNat.ofNat.{0} Nat (nat_lit 2) (instOfNatNat (nat_lit 2))))
                    (@HMul.hMul.{0, 0, 0} Nat Nat Nat (@instHMul.{0} Nat instMulNat)
                      (@HPow.hPow.{0, 0, 0} Nat Nat Nat (@instHPow.{0, 0} Nat Nat (@instPowNat.{0} Nat instNatPowNat))
                        (@OfNat.ofNat.{0} Nat (nat_lit 2) (instOfNatNat (nat_lit 2))) d)
                      (@OfNat.ofNat.{0} Nat (nat_lit 2) (instOfNatNat (nat_lit 2)))))
                  (@HMul.hMul.{0, 0, 0} Nat Nat Nat (@instHMul.{0} Nat instMulNat)
                    (@OfNat.ofNat.{0} Nat (nat_lit 2) (instOfNatNat (nat_lit 2))))
                  ih)))
            (@HMul.hMul.{0, 0, 0} Nat Nat Nat (@instHMul.{0} Nat instMulNat)
              (@HAdd.hAdd.{0, 0, 0} Nat Nat Nat (@instHAdd.{0} Nat instAddNat)
                (@HAdd.hAdd.{0, 0, 0} Nat Nat Nat (@instHAdd.{0} Nat instAddNat) d
                  (@OfNat.ofNat.{0} Nat (nat_lit 1) (instOfNatNat (nat_lit 1))))
                (@OfNat.ofNat.{0} Nat (nat_lit 2) (instOfNatNat (nat_lit 2))))
              (@HMul.hMul.{0, 0, 0} Nat Nat Nat (@instHMul.{0} Nat instMulNat)
                (@HMul.hMul.{0, 0, 0} Nat Nat Nat (@instHMul.{0} Nat instMulNat)
                  (@HPow.hPow.{0, 0, 0} Nat Nat Nat (@instHPow.{0, 0} Nat Nat (@instPowNat.{0} Nat instNatPowNat))
                    (@OfNat.ofNat.{0} Nat (nat_lit 2) (instOfNatNat (nat_lit 2))) d)
                  (@OfNat.ofNat.{0} Nat (nat_lit 2) (instOfNatNat (nat_lit 2))))
                (@OfNat.ofNat.{0} Nat (nat_lit 2) (instOfNatNat (nat_lit 2)))))))
        (Tower.words_formula._proof_1_4 d))
    d
Tower.internal_formula : ∀ (d : Nat),
  @Eq.{1} Nat (Tower.internal d)
    (@HMul.hMul.{0, 0, 0} Nat Nat Nat (@instHMul.{0} Nat instMulNat)
      (@HAdd.hAdd.{0, 0, 0} Nat Nat Nat (@instHAdd.{0} Nat instAddNat) d
        (@OfNat.ofNat.{0} Nat (nat_lit 1) (instOfNatNat (nat_lit 1))))
      (@HPow.hPow.{0, 0, 0} Nat Nat Nat (@instHPow.{0, 0} Nat Nat (@instPowNat.{0} Nat instNatPowNat))
        (@OfNat.ofNat.{0} Nat (nat_lit 2) (instOfNatNat (nat_lit 2)))
        (@HAdd.hAdd.{0, 0, 0} Nat Nat Nat (@instHAdd.{0} Nat instAddNat) d
          (@OfNat.ofNat.{0} Nat (nat_lit 1) (instOfNatNat (nat_lit 1))))))
theorem Tower.internal_formula : ∀ (d : Nat),
  @Eq.{1} Nat (Tower.internal d)
    (@HMul.hMul.{0, 0, 0} Nat Nat Nat (@instHMul.{0} Nat instMulNat)
      (@HAdd.hAdd.{0, 0, 0} Nat Nat Nat (@instHAdd.{0} Nat instAddNat) d
        (@OfNat.ofNat.{0} Nat (nat_lit 1) (instOfNatNat (nat_lit 1))))
      (@HPow.hPow.{0, 0, 0} Nat Nat Nat (@instHPow.{0, 0} Nat Nat (@instPowNat.{0} Nat instNatPowNat))
        (@OfNat.ofNat.{0} Nat (nat_lit 2) (instOfNatNat (nat_lit 2)))
        (@HAdd.hAdd.{0, 0, 0} Nat Nat Nat (@instHAdd.{0} Nat instAddNat) d
          (@OfNat.ofNat.{0} Nat (nat_lit 1) (instOfNatNat (nat_lit 1)))))) :=
fun (d : Nat) =>
  @Nat.recAux.{0}
    (fun (d : Nat) =>
      @Eq.{1} Nat (Tower.internal d)
        (@HMul.hMul.{0, 0, 0} Nat Nat Nat (@instHMul.{0} Nat instMulNat)
          (@HAdd.hAdd.{0, 0, 0} Nat Nat Nat (@instHAdd.{0} Nat instAddNat) d
            (@OfNat.ofNat.{0} Nat (nat_lit 1) (instOfNatNat (nat_lit 1))))
          (@HPow.hPow.{0, 0, 0} Nat Nat Nat (@instHPow.{0, 0} Nat Nat (@instPowNat.{0} Nat instNatPowNat))
            (@OfNat.ofNat.{0} Nat (nat_lit 2) (instOfNatNat (nat_lit 2)))
            (@HAdd.hAdd.{0, 0, 0} Nat Nat Nat (@instHAdd.{0} Nat instAddNat) d
              (@OfNat.ofNat.{0} Nat (nat_lit 1) (instOfNatNat (nat_lit 1)))))))
    (@of_decide_eq_true
      (@Eq.{1} Nat (Tower.internal (@OfNat.ofNat.{0} Nat (nat_lit 0) (instOfNatNat (nat_lit 0))))
        (@HMul.hMul.{0, 0, 0} Nat Nat Nat (@instHMul.{0} Nat instMulNat)
          (@HAdd.hAdd.{0, 0, 0} Nat Nat Nat (@instHAdd.{0} Nat instAddNat)
            (@OfNat.ofNat.{0} Nat (nat_lit 0) (instOfNatNat (nat_lit 0)))
            (@OfNat.ofNat.{0} Nat (nat_lit 1) (instOfNatNat (nat_lit 1))))
          (@HPow.hPow.{0, 0, 0} Nat Nat Nat (@instHPow.{0, 0} Nat Nat (@instPowNat.{0} Nat instNatPowNat))
            (@OfNat.ofNat.{0} Nat (nat_lit 2) (instOfNatNat (nat_lit 2)))
            (@HAdd.hAdd.{0, 0, 0} Nat Nat Nat (@instHAdd.{0} Nat instAddNat)
              (@OfNat.ofNat.{0} Nat (nat_lit 0) (instOfNatNat (nat_lit 0)))
              (@OfNat.ofNat.{0} Nat (nat_lit 1) (instOfNatNat (nat_lit 1)))))))
      (instDecidableEqNat (Tower.internal (@OfNat.ofNat.{0} Nat (nat_lit 0) (instOfNatNat (nat_lit 0))))
        (@HMul.hMul.{0, 0, 0} Nat Nat Nat (@instHMul.{0} Nat instMulNat)
          (@HAdd.hAdd.{0, 0, 0} Nat Nat Nat (@instHAdd.{0} Nat instAddNat)
            (@OfNat.ofNat.{0} Nat (nat_lit 0) (instOfNatNat (nat_lit 0)))
            (@OfNat.ofNat.{0} Nat (nat_lit 1) (instOfNatNat (nat_lit 1))))
          (@HPow.hPow.{0, 0, 0} Nat Nat Nat (@instHPow.{0, 0} Nat Nat (@instPowNat.{0} Nat instNatPowNat))
            (@OfNat.ofNat.{0} Nat (nat_lit 2) (instOfNatNat (nat_lit 2)))
            (@HAdd.hAdd.{0, 0, 0} Nat Nat Nat (@instHAdd.{0} Nat instAddNat)
              (@OfNat.ofNat.{0} Nat (nat_lit 0) (instOfNatNat (nat_lit 0)))
              (@OfNat.ofNat.{0} Nat (nat_lit 1) (instOfNatNat (nat_lit 1)))))))
      (@id.{0}
        (@Eq.{1} Bool
          (@Decidable.decide
            (@Eq.{1} Nat (Tower.internal (@OfNat.ofNat.{0} Nat (nat_lit 0) (instOfNatNat (nat_lit 0))))
              (@HMul.hMul.{0, 0, 0} Nat Nat Nat (@instHMul.{0} Nat instMulNat)
                (@HAdd.hAdd.{0, 0, 0} Nat Nat Nat (@instHAdd.{0} Nat instAddNat)
                  (@OfNat.ofNat.{0} Nat (nat_lit 0) (instOfNatNat (nat_lit 0)))
                  (@OfNat.ofNat.{0} Nat (nat_lit 1) (instOfNatNat (nat_lit 1))))
                (@HPow.hPow.{0, 0, 0} Nat Nat Nat (@instHPow.{0, 0} Nat Nat (@instPowNat.{0} Nat instNatPowNat))
                  (@OfNat.ofNat.{0} Nat (nat_lit 2) (instOfNatNat (nat_lit 2)))
                  (@HAdd.hAdd.{0, 0, 0} Nat Nat Nat (@instHAdd.{0} Nat instAddNat)
                    (@OfNat.ofNat.{0} Nat (nat_lit 0) (instOfNatNat (nat_lit 0)))
                    (@OfNat.ofNat.{0} Nat (nat_lit 1) (instOfNatNat (nat_lit 1)))))))
            (instDecidableEqNat (Tower.internal (@OfNat.ofNat.{0} Nat (nat_lit 0) (instOfNatNat (nat_lit 0))))
              (@HMul.hMul.{0, 0, 0} Nat Nat Nat (@instHMul.{0} Nat instMulNat)
                (@HAdd.hAdd.{0, 0, 0} Nat Nat Nat (@instHAdd.{0} Nat instAddNat)
                  (@OfNat.ofNat.{0} Nat (nat_lit 0) (instOfNatNat (nat_lit 0)))
                  (@OfNat.ofNat.{0} Nat (nat_lit 1) (instOfNatNat (nat_lit 1))))
                (@HPow.hPow.{0, 0, 0} Nat Nat Nat (@instHPow.{0, 0} Nat Nat (@instPowNat.{0} Nat instNatPowNat))
                  (@OfNat.ofNat.{0} Nat (nat_lit 2) (instOfNatNat (nat_lit 2)))
                  (@HAdd.hAdd.{0, 0, 0} Nat Nat Nat (@instHAdd.{0} Nat instAddNat)
                    (@OfNat.ofNat.{0} Nat (nat_lit 0) (instOfNatNat (nat_lit 0)))
                    (@OfNat.ofNat.{0} Nat (nat_lit 1) (instOfNatNat (nat_lit 1))))))))
          Bool.true)
        (@Eq.refl.{1} Bool Bool.true)))
    (fun (d : Nat)
        (ih :
          @Eq.{1} Nat (Tower.internal d)
            (@HMul.hMul.{0, 0, 0} Nat Nat Nat (@instHMul.{0} Nat instMulNat)
              (@HAdd.hAdd.{0, 0, 0} Nat Nat Nat (@instHAdd.{0} Nat instAddNat) d
                (@OfNat.ofNat.{0} Nat (nat_lit 1) (instOfNatNat (nat_lit 1))))
              (@HPow.hPow.{0, 0, 0} Nat Nat Nat (@instHPow.{0, 0} Nat Nat (@instPowNat.{0} Nat instNatPowNat))
                (@OfNat.ofNat.{0} Nat (nat_lit 2) (instOfNatNat (nat_lit 2)))
                (@HAdd.hAdd.{0, 0, 0} Nat Nat Nat (@instHAdd.{0} Nat instAddNat) d
                  (@OfNat.ofNat.{0} Nat (nat_lit 1) (instOfNatNat (nat_lit 1))))))) =>
      @Eq.mpr.{0}
        (@Eq.{1} Nat
          (Tower.internal
            (@HAdd.hAdd.{0, 0, 0} Nat Nat Nat (@instHAdd.{0} Nat instAddNat) d
              (@OfNat.ofNat.{0} Nat (nat_lit 1) (instOfNatNat (nat_lit 1)))))
          (@HMul.hMul.{0, 0, 0} Nat Nat Nat (@instHMul.{0} Nat instMulNat)
            (@HAdd.hAdd.{0, 0, 0} Nat Nat Nat (@instHAdd.{0} Nat instAddNat)
              (@HAdd.hAdd.{0, 0, 0} Nat Nat Nat (@instHAdd.{0} Nat instAddNat) d
                (@OfNat.ofNat.{0} Nat (nat_lit 1) (instOfNatNat (nat_lit 1))))
              (@OfNat.ofNat.{0} Nat (nat_lit 1) (instOfNatNat (nat_lit 1))))
            (@HPow.hPow.{0, 0, 0} Nat Nat Nat (@instHPow.{0, 0} Nat Nat (@instPowNat.{0} Nat instNatPowNat))
              (@OfNat.ofNat.{0} Nat (nat_lit 2) (instOfNatNat (nat_lit 2)))
              (@HAdd.hAdd.{0, 0, 0} Nat Nat Nat (@instHAdd.{0} Nat instAddNat)
                (@HAdd.hAdd.{0, 0, 0} Nat Nat Nat (@instHAdd.{0} Nat instAddNat) d
                  (@OfNat.ofNat.{0} Nat (nat_lit 1) (instOfNatNat (nat_lit 1))))
                (@OfNat.ofNat.{0} Nat (nat_lit 1) (instOfNatNat (nat_lit 1)))))))
        (@Eq.{1} Nat
          (@HAdd.hAdd.{0, 0, 0} Nat Nat Nat (@instHAdd.{0} Nat instAddNat)
            (@HMul.hMul.{0, 0, 0} Nat Nat Nat (@instHMul.{0} Nat instMulNat)
              (@HMul.hMul.{0, 0, 0} Nat Nat Nat (@instHMul.{0} Nat instMulNat)
                (@HPow.hPow.{0, 0, 0} Nat Nat Nat (@instHPow.{0, 0} Nat Nat (@instPowNat.{0} Nat instNatPowNat))
                  (@OfNat.ofNat.{0} Nat (nat_lit 2) (instOfNatNat (nat_lit 2))) d)
                (@OfNat.ofNat.{0} Nat (nat_lit 2) (instOfNatNat (nat_lit 2))))
              (@OfNat.ofNat.{0} Nat (nat_lit 2) (instOfNatNat (nat_lit 2))))
            (@HMul.hMul.{0, 0, 0} Nat Nat Nat (@instHMul.{0} Nat instMulNat)
              (@OfNat.ofNat.{0} Nat (nat_lit 2) (instOfNatNat (nat_lit 2)))
              (@HMul.hMul.{0, 0, 0} Nat Nat Nat (@instHMul.{0} Nat instMulNat)
                (@HAdd.hAdd.{0, 0, 0} Nat Nat Nat (@instHAdd.{0} Nat instAddNat) d
                  (@OfNat.ofNat.{0} Nat (nat_lit 1) (instOfNatNat (nat_lit 1))))
                (@HMul.hMul.{0, 0, 0} Nat Nat Nat (@instHMul.{0} Nat instMulNat)
                  (@HPow.hPow.{0, 0, 0} Nat Nat Nat (@instHPow.{0, 0} Nat Nat (@instPowNat.{0} Nat instNatPowNat))
                    (@OfNat.ofNat.{0} Nat (nat_lit 2) (instOfNatNat (nat_lit 2))) d)
                  (@OfNat.ofNat.{0} Nat (nat_lit 2) (instOfNatNat (nat_lit 2)))))))
          (@HMul.hMul.{0, 0, 0} Nat Nat Nat (@instHMul.{0} Nat instMulNat)
            (@HAdd.hAdd.{0, 0, 0} Nat Nat Nat (@instHAdd.{0} Nat instAddNat)
              (@HAdd.hAdd.{0, 0, 0} Nat Nat Nat (@instHAdd.{0} Nat instAddNat) d
                (@OfNat.ofNat.{0} Nat (nat_lit 1) (instOfNatNat (nat_lit 1))))
              (@OfNat.ofNat.{0} Nat (nat_lit 1) (instOfNatNat (nat_lit 1))))
            (@HMul.hMul.{0, 0, 0} Nat Nat Nat (@instHMul.{0} Nat instMulNat)
              (@HMul.hMul.{0, 0, 0} Nat Nat Nat (@instHMul.{0} Nat instMulNat)
                (@HPow.hPow.{0, 0, 0} Nat Nat Nat (@instHPow.{0, 0} Nat Nat (@instPowNat.{0} Nat instNatPowNat))
                  (@OfNat.ofNat.{0} Nat (nat_lit 2) (instOfNatNat (nat_lit 2))) d)
                (@OfNat.ofNat.{0} Nat (nat_lit 2) (instOfNatNat (nat_lit 2))))
              (@OfNat.ofNat.{0} Nat (nat_lit 2) (instOfNatNat (nat_lit 2))))))
        (@id.{0}
          (@Eq.{1} Prop
            (@Eq.{1} Nat
              (Tower.internal
                (@HAdd.hAdd.{0, 0, 0} Nat Nat Nat (@instHAdd.{0} Nat instAddNat) d
                  (@OfNat.ofNat.{0} Nat (nat_lit 1) (instOfNatNat (nat_lit 1)))))
              (@HMul.hMul.{0, 0, 0} Nat Nat Nat (@instHMul.{0} Nat instMulNat)
                (@HAdd.hAdd.{0, 0, 0} Nat Nat Nat (@instHAdd.{0} Nat instAddNat)
                  (@HAdd.hAdd.{0, 0, 0} Nat Nat Nat (@instHAdd.{0} Nat instAddNat) d
                    (@OfNat.ofNat.{0} Nat (nat_lit 1) (instOfNatNat (nat_lit 1))))
                  (@OfNat.ofNat.{0} Nat (nat_lit 1) (instOfNatNat (nat_lit 1))))
                (@HPow.hPow.{0, 0, 0} Nat Nat Nat (@instHPow.{0, 0} Nat Nat (@instPowNat.{0} Nat instNatPowNat))
                  (@OfNat.ofNat.{0} Nat (nat_lit 2) (instOfNatNat (nat_lit 2)))
                  (@HAdd.hAdd.{0, 0, 0} Nat Nat Nat (@instHAdd.{0} Nat instAddNat)
                    (@HAdd.hAdd.{0, 0, 0} Nat Nat Nat (@instHAdd.{0} Nat instAddNat) d
                      (@OfNat.ofNat.{0} Nat (nat_lit 1) (instOfNatNat (nat_lit 1))))
                    (@OfNat.ofNat.{0} Nat (nat_lit 1) (instOfNatNat (nat_lit 1)))))))
            (@Eq.{1} Nat
              (@HAdd.hAdd.{0, 0, 0} Nat Nat Nat (@instHAdd.{0} Nat instAddNat)
                (@HMul.hMul.{0, 0, 0} Nat Nat Nat (@instHMul.{0} Nat instMulNat)
                  (@HMul.hMul.{0, 0, 0} Nat Nat Nat (@instHMul.{0} Nat instMulNat)
                    (@HPow.hPow.{0, 0, 0} Nat Nat Nat (@instHPow.{0, 0} Nat Nat (@instPowNat.{0} Nat instNatPowNat))
                      (@OfNat.ofNat.{0} Nat (nat_lit 2) (instOfNatNat (nat_lit 2))) d)
                    (@OfNat.ofNat.{0} Nat (nat_lit 2) (instOfNatNat (nat_lit 2))))
                  (@OfNat.ofNat.{0} Nat (nat_lit 2) (instOfNatNat (nat_lit 2))))
                (@HMul.hMul.{0, 0, 0} Nat Nat Nat (@instHMul.{0} Nat instMulNat)
                  (@OfNat.ofNat.{0} Nat (nat_lit 2) (instOfNatNat (nat_lit 2)))
                  (@HMul.hMul.{0, 0, 0} Nat Nat Nat (@instHMul.{0} Nat instMulNat)
                    (@HAdd.hAdd.{0, 0, 0} Nat Nat Nat (@instHAdd.{0} Nat instAddNat) d
                      (@OfNat.ofNat.{0} Nat (nat_lit 1) (instOfNatNat (nat_lit 1))))
                    (@HMul.hMul.{0, 0, 0} Nat Nat Nat (@instHMul.{0} Nat instMulNat)
                      (@HPow.hPow.{0, 0, 0} Nat Nat Nat (@instHPow.{0, 0} Nat Nat (@instPowNat.{0} Nat instNatPowNat))
                        (@OfNat.ofNat.{0} Nat (nat_lit 2) (instOfNatNat (nat_lit 2))) d)
                      (@OfNat.ofNat.{0} Nat (nat_lit 2) (instOfNatNat (nat_lit 2)))))))
              (@HMul.hMul.{0, 0, 0} Nat Nat Nat (@instHMul.{0} Nat instMulNat)
                (@HAdd.hAdd.{0, 0, 0} Nat Nat Nat (@instHAdd.{0} Nat instAddNat)
                  (@HAdd.hAdd.{0, 0, 0} Nat Nat Nat (@instHAdd.{0} Nat instAddNat) d
                    (@OfNat.ofNat.{0} Nat (nat_lit 1) (instOfNatNat (nat_lit 1))))
                  (@OfNat.ofNat.{0} Nat (nat_lit 1) (instOfNatNat (nat_lit 1))))
                (@HMul.hMul.{0, 0, 0} Nat Nat Nat (@instHMul.{0} Nat instMulNat)
                  (@HMul.hMul.{0, 0, 0} Nat Nat Nat (@instHMul.{0} Nat instMulNat)
                    (@HPow.hPow.{0, 0, 0} Nat Nat Nat (@instHPow.{0, 0} Nat Nat (@instPowNat.{0} Nat instNatPowNat))
                      (@OfNat.ofNat.{0} Nat (nat_lit 2) (instOfNatNat (nat_lit 2))) d)
                    (@OfNat.ofNat.{0} Nat (nat_lit 2) (instOfNatNat (nat_lit 2))))
                  (@OfNat.ofNat.{0} Nat (nat_lit 2) (instOfNatNat (nat_lit 2)))))))
          (@congrFun'.{1, 1} Nat Prop
            (@Eq.{1} Nat
              (Tower.internal
                (@HAdd.hAdd.{0, 0, 0} Nat Nat Nat (@instHAdd.{0} Nat instAddNat) d
                  (@OfNat.ofNat.{0} Nat (nat_lit 1) (instOfNatNat (nat_lit 1))))))
            (@Eq.{1} Nat
              (@HAdd.hAdd.{0, 0, 0} Nat Nat Nat (@instHAdd.{0} Nat instAddNat)
                (@HMul.hMul.{0, 0, 0} Nat Nat Nat (@instHMul.{0} Nat instMulNat)
                  (@HMul.hMul.{0, 0, 0} Nat Nat Nat (@instHMul.{0} Nat instMulNat)
                    (@HPow.hPow.{0, 0, 0} Nat Nat Nat (@instHPow.{0, 0} Nat Nat (@instPowNat.{0} Nat instNatPowNat))
                      (@OfNat.ofNat.{0} Nat (nat_lit 2) (instOfNatNat (nat_lit 2))) d)
                    (@OfNat.ofNat.{0} Nat (nat_lit 2) (instOfNatNat (nat_lit 2))))
                  (@OfNat.ofNat.{0} Nat (nat_lit 2) (instOfNatNat (nat_lit 2))))
                (@HMul.hMul.{0, 0, 0} Nat Nat Nat (@instHMul.{0} Nat instMulNat)
                  (@OfNat.ofNat.{0} Nat (nat_lit 2) (instOfNatNat (nat_lit 2)))
                  (@HMul.hMul.{0, 0, 0} Nat Nat Nat (@instHMul.{0} Nat instMulNat)
                    (@HAdd.hAdd.{0, 0, 0} Nat Nat Nat (@instHAdd.{0} Nat instAddNat) d
                      (@OfNat.ofNat.{0} Nat (nat_lit 1) (instOfNatNat (nat_lit 1))))
                    (@HMul.hMul.{0, 0, 0} Nat Nat Nat (@instHMul.{0} Nat instMulNat)
                      (@HPow.hPow.{0, 0, 0} Nat Nat Nat (@instHPow.{0, 0} Nat Nat (@instPowNat.{0} Nat instNatPowNat))
                        (@OfNat.ofNat.{0} Nat (nat_lit 2) (instOfNatNat (nat_lit 2))) d)
                      (@OfNat.ofNat.{0} Nat (nat_lit 2) (instOfNatNat (nat_lit 2))))))))
            (@congrArg.{1, 1} Nat (Nat → Prop)
              (Tower.internal
                (@HAdd.hAdd.{0, 0, 0} Nat Nat Nat (@instHAdd.{0} Nat instAddNat) d
                  (@OfNat.ofNat.{0} Nat (nat_lit 1) (instOfNatNat (nat_lit 1)))))
              (@HAdd.hAdd.{0, 0, 0} Nat Nat Nat (@instHAdd.{0} Nat instAddNat)
                (@HMul.hMul.{0, 0, 0} Nat Nat Nat (@instHMul.{0} Nat instMulNat)
                  (@HMul.hMul.{0, 0, 0} Nat Nat Nat (@instHMul.{0} Nat instMulNat)
                    (@HPow.hPow.{0, 0, 0} Nat Nat Nat (@instHPow.{0, 0} Nat Nat (@instPowNat.{0} Nat instNatPowNat))
                      (@OfNat.ofNat.{0} Nat (nat_lit 2) (instOfNatNat (nat_lit 2))) d)
                    (@OfNat.ofNat.{0} Nat (nat_lit 2) (instOfNatNat (nat_lit 2))))
                  (@OfNat.ofNat.{0} Nat (nat_lit 2) (instOfNatNat (nat_lit 2))))
                (@HMul.hMul.{0, 0, 0} Nat Nat Nat (@instHMul.{0} Nat instMulNat)
                  (@OfNat.ofNat.{0} Nat (nat_lit 2) (instOfNatNat (nat_lit 2)))
                  (@HMul.hMul.{0, 0, 0} Nat Nat Nat (@instHMul.{0} Nat instMulNat)
                    (@HAdd.hAdd.{0, 0, 0} Nat Nat Nat (@instHAdd.{0} Nat instAddNat) d
                      (@OfNat.ofNat.{0} Nat (nat_lit 1) (instOfNatNat (nat_lit 1))))
                    (@HMul.hMul.{0, 0, 0} Nat Nat Nat (@instHMul.{0} Nat instMulNat)
                      (@HPow.hPow.{0, 0, 0} Nat Nat Nat (@instHPow.{0, 0} Nat Nat (@instPowNat.{0} Nat instNatPowNat))
                        (@OfNat.ofNat.{0} Nat (nat_lit 2) (instOfNatNat (nat_lit 2))) d)
                      (@OfNat.ofNat.{0} Nat (nat_lit 2) (instOfNatNat (nat_lit 2)))))))
              (@Eq.{1} Nat)
              (@congrArg.{1, 1} Nat Nat
                (@HMul.hMul.{0, 0, 0} Nat Nat Nat (@instHMul.{0} Nat instMulNat)
                  (@OfNat.ofNat.{0} Nat (nat_lit 2) (instOfNatNat (nat_lit 2))) (Tower.internal d))
                (@HMul.hMul.{0, 0, 0} Nat Nat Nat (@instHMul.{0} Nat instMulNat)
                  (@OfNat.ofNat.{0} Nat (nat_lit 2) (instOfNatNat (nat_lit 2)))
                  (@HMul.hMul.{0, 0, 0} Nat Nat Nat (@instHMul.{0} Nat instMulNat)
                    (@HAdd.hAdd.{0, 0, 0} Nat Nat Nat (@instHAdd.{0} Nat instAddNat) d
                      (@OfNat.ofNat.{0} Nat (nat_lit 1) (instOfNatNat (nat_lit 1))))
                    (@HMul.hMul.{0, 0, 0} Nat Nat Nat (@instHMul.{0} Nat instMulNat)
                      (@HPow.hPow.{0, 0, 0} Nat Nat Nat (@instHPow.{0, 0} Nat Nat (@instPowNat.{0} Nat instNatPowNat))
                        (@OfNat.ofNat.{0} Nat (nat_lit 2) (instOfNatNat (nat_lit 2))) d)
                      (@OfNat.ofNat.{0} Nat (nat_lit 2) (instOfNatNat (nat_lit 2))))))
                (@HAdd.hAdd.{0, 0, 0} Nat Nat Nat (@instHAdd.{0} Nat instAddNat)
                  (@HMul.hMul.{0, 0, 0} Nat Nat Nat (@instHMul.{0} Nat instMulNat)
                    (@HMul.hMul.{0, 0, 0} Nat Nat Nat (@instHMul.{0} Nat instMulNat)
                      (@HPow.hPow.{0, 0, 0} Nat Nat Nat (@instHPow.{0, 0} Nat Nat (@instPowNat.{0} Nat instNatPowNat))
                        (@OfNat.ofNat.{0} Nat (nat_lit 2) (instOfNatNat (nat_lit 2))) d)
                      (@OfNat.ofNat.{0} Nat (nat_lit 2) (instOfNatNat (nat_lit 2))))
                    (@OfNat.ofNat.{0} Nat (nat_lit 2) (instOfNatNat (nat_lit 2)))))
                (@congrArg.{1, 1} Nat Nat (Tower.internal d)
                  (@HMul.hMul.{0, 0, 0} Nat Nat Nat (@instHMul.{0} Nat instMulNat)
                    (@HAdd.hAdd.{0, 0, 0} Nat Nat Nat (@instHAdd.{0} Nat instAddNat) d
                      (@OfNat.ofNat.{0} Nat (nat_lit 1) (instOfNatNat (nat_lit 1))))
                    (@HMul.hMul.{0, 0, 0} Nat Nat Nat (@instHMul.{0} Nat instMulNat)
                      (@HPow.hPow.{0, 0, 0} Nat Nat Nat (@instHPow.{0, 0} Nat Nat (@instPowNat.{0} Nat instNatPowNat))
                        (@OfNat.ofNat.{0} Nat (nat_lit 2) (instOfNatNat (nat_lit 2))) d)
                      (@OfNat.ofNat.{0} Nat (nat_lit 2) (instOfNatNat (nat_lit 2)))))
                  (@HMul.hMul.{0, 0, 0} Nat Nat Nat (@instHMul.{0} Nat instMulNat)
                    (@OfNat.ofNat.{0} Nat (nat_lit 2) (instOfNatNat (nat_lit 2))))
                  ih)))
            (@HMul.hMul.{0, 0, 0} Nat Nat Nat (@instHMul.{0} Nat instMulNat)
              (@HAdd.hAdd.{0, 0, 0} Nat Nat Nat (@instHAdd.{0} Nat instAddNat)
                (@HAdd.hAdd.{0, 0, 0} Nat Nat Nat (@instHAdd.{0} Nat instAddNat) d
                  (@OfNat.ofNat.{0} Nat (nat_lit 1) (instOfNatNat (nat_lit 1))))
                (@OfNat.ofNat.{0} Nat (nat_lit 1) (instOfNatNat (nat_lit 1))))
              (@HMul.hMul.{0, 0, 0} Nat Nat Nat (@instHMul.{0} Nat instMulNat)
                (@HMul.hMul.{0, 0, 0} Nat Nat Nat (@instHMul.{0} Nat instMulNat)
                  (@HPow.hPow.{0, 0, 0} Nat Nat Nat (@instHPow.{0, 0} Nat Nat (@instPowNat.{0} Nat instNatPowNat))
                    (@OfNat.ofNat.{0} Nat (nat_lit 2) (instOfNatNat (nat_lit 2))) d)
                  (@OfNat.ofNat.{0} Nat (nat_lit 2) (instOfNatNat (nat_lit 2))))
                (@OfNat.ofNat.{0} Nat (nat_lit 2) (instOfNatNat (nat_lit 2)))))))
        (Tower.internal_formula._proof_1_4 d))
    d
Tower.leaves_formula : ∀ (d : Nat),
  @Eq.{1} Nat (Tower.leaves d)
    (@HPow.hPow.{0, 0, 0} Nat Nat Nat (@instHPow.{0, 0} Nat Nat (@instPowNat.{0} Nat instNatPowNat))
      (@OfNat.ofNat.{0} Nat (nat_lit 2) (instOfNatNat (nat_lit 2)))
      (@HAdd.hAdd.{0, 0, 0} Nat Nat Nat (@instHAdd.{0} Nat instAddNat) d
        (@OfNat.ofNat.{0} Nat (nat_lit 1) (instOfNatNat (nat_lit 1)))))
theorem Tower.leaves_formula : ∀ (d : Nat),
  @Eq.{1} Nat (Tower.leaves d)
    (@HPow.hPow.{0, 0, 0} Nat Nat Nat (@instHPow.{0, 0} Nat Nat (@instPowNat.{0} Nat instNatPowNat))
      (@OfNat.ofNat.{0} Nat (nat_lit 2) (instOfNatNat (nat_lit 2)))
      (@HAdd.hAdd.{0, 0, 0} Nat Nat Nat (@instHAdd.{0} Nat instAddNat) d
        (@OfNat.ofNat.{0} Nat (nat_lit 1) (instOfNatNat (nat_lit 1))))) :=
fun (d : Nat) =>
  @Nat.recAux.{0}
    (fun (d : Nat) =>
      @Eq.{1} Nat (Tower.leaves d)
        (@HPow.hPow.{0, 0, 0} Nat Nat Nat (@instHPow.{0, 0} Nat Nat (@instPowNat.{0} Nat instNatPowNat))
          (@OfNat.ofNat.{0} Nat (nat_lit 2) (instOfNatNat (nat_lit 2)))
          (@HAdd.hAdd.{0, 0, 0} Nat Nat Nat (@instHAdd.{0} Nat instAddNat) d
            (@OfNat.ofNat.{0} Nat (nat_lit 1) (instOfNatNat (nat_lit 1))))))
    (@of_decide_eq_true
      (@Eq.{1} Nat (Tower.leaves (@OfNat.ofNat.{0} Nat (nat_lit 0) (instOfNatNat (nat_lit 0))))
        (@HPow.hPow.{0, 0, 0} Nat Nat Nat (@instHPow.{0, 0} Nat Nat (@instPowNat.{0} Nat instNatPowNat))
          (@OfNat.ofNat.{0} Nat (nat_lit 2) (instOfNatNat (nat_lit 2)))
          (@HAdd.hAdd.{0, 0, 0} Nat Nat Nat (@instHAdd.{0} Nat instAddNat)
            (@OfNat.ofNat.{0} Nat (nat_lit 0) (instOfNatNat (nat_lit 0)))
            (@OfNat.ofNat.{0} Nat (nat_lit 1) (instOfNatNat (nat_lit 1))))))
      (instDecidableEqNat (Tower.leaves (@OfNat.ofNat.{0} Nat (nat_lit 0) (instOfNatNat (nat_lit 0))))
        (@HPow.hPow.{0, 0, 0} Nat Nat Nat (@instHPow.{0, 0} Nat Nat (@instPowNat.{0} Nat instNatPowNat))
          (@OfNat.ofNat.{0} Nat (nat_lit 2) (instOfNatNat (nat_lit 2)))
          (@HAdd.hAdd.{0, 0, 0} Nat Nat Nat (@instHAdd.{0} Nat instAddNat)
            (@OfNat.ofNat.{0} Nat (nat_lit 0) (instOfNatNat (nat_lit 0)))
            (@OfNat.ofNat.{0} Nat (nat_lit 1) (instOfNatNat (nat_lit 1))))))
      (@id.{0}
        (@Eq.{1} Bool
          (@Decidable.decide
            (@Eq.{1} Nat (Tower.leaves (@OfNat.ofNat.{0} Nat (nat_lit 0) (instOfNatNat (nat_lit 0))))
              (@HPow.hPow.{0, 0, 0} Nat Nat Nat (@instHPow.{0, 0} Nat Nat (@instPowNat.{0} Nat instNatPowNat))
                (@OfNat.ofNat.{0} Nat (nat_lit 2) (instOfNatNat (nat_lit 2)))
                (@HAdd.hAdd.{0, 0, 0} Nat Nat Nat (@instHAdd.{0} Nat instAddNat)
                  (@OfNat.ofNat.{0} Nat (nat_lit 0) (instOfNatNat (nat_lit 0)))
                  (@OfNat.ofNat.{0} Nat (nat_lit 1) (instOfNatNat (nat_lit 1))))))
            (instDecidableEqNat (Tower.leaves (@OfNat.ofNat.{0} Nat (nat_lit 0) (instOfNatNat (nat_lit 0))))
              (@HPow.hPow.{0, 0, 0} Nat Nat Nat (@instHPow.{0, 0} Nat Nat (@instPowNat.{0} Nat instNatPowNat))
                (@OfNat.ofNat.{0} Nat (nat_lit 2) (instOfNatNat (nat_lit 2)))
                (@HAdd.hAdd.{0, 0, 0} Nat Nat Nat (@instHAdd.{0} Nat instAddNat)
                  (@OfNat.ofNat.{0} Nat (nat_lit 0) (instOfNatNat (nat_lit 0)))
                  (@OfNat.ofNat.{0} Nat (nat_lit 1) (instOfNatNat (nat_lit 1)))))))
          Bool.true)
        (@Eq.refl.{1} Bool Bool.true)))
    (fun (d : Nat)
        (ih :
          @Eq.{1} Nat (Tower.leaves d)
            (@HPow.hPow.{0, 0, 0} Nat Nat Nat (@instHPow.{0, 0} Nat Nat (@instPowNat.{0} Nat instNatPowNat))
              (@OfNat.ofNat.{0} Nat (nat_lit 2) (instOfNatNat (nat_lit 2)))
              (@HAdd.hAdd.{0, 0, 0} Nat Nat Nat (@instHAdd.{0} Nat instAddNat) d
                (@OfNat.ofNat.{0} Nat (nat_lit 1) (instOfNatNat (nat_lit 1)))))) =>
      @Eq.mpr.{0}
        (@Eq.{1} Nat
          (Tower.leaves
            (@HAdd.hAdd.{0, 0, 0} Nat Nat Nat (@instHAdd.{0} Nat instAddNat) d
              (@OfNat.ofNat.{0} Nat (nat_lit 1) (instOfNatNat (nat_lit 1)))))
          (@HPow.hPow.{0, 0, 0} Nat Nat Nat (@instHPow.{0, 0} Nat Nat (@instPowNat.{0} Nat instNatPowNat))
            (@OfNat.ofNat.{0} Nat (nat_lit 2) (instOfNatNat (nat_lit 2)))
            (@HAdd.hAdd.{0, 0, 0} Nat Nat Nat (@instHAdd.{0} Nat instAddNat)
              (@HAdd.hAdd.{0, 0, 0} Nat Nat Nat (@instHAdd.{0} Nat instAddNat) d
                (@OfNat.ofNat.{0} Nat (nat_lit 1) (instOfNatNat (nat_lit 1))))
              (@OfNat.ofNat.{0} Nat (nat_lit 1) (instOfNatNat (nat_lit 1))))))
        (@Eq.{1} Nat
          (@HMul.hMul.{0, 0, 0} Nat Nat Nat (@instHMul.{0} Nat instMulNat)
            (@OfNat.ofNat.{0} Nat (nat_lit 2) (instOfNatNat (nat_lit 2)))
            (@HMul.hMul.{0, 0, 0} Nat Nat Nat (@instHMul.{0} Nat instMulNat)
              (@HPow.hPow.{0, 0, 0} Nat Nat Nat (@instHPow.{0, 0} Nat Nat (@instPowNat.{0} Nat instNatPowNat))
                (@OfNat.ofNat.{0} Nat (nat_lit 2) (instOfNatNat (nat_lit 2))) d)
              (@OfNat.ofNat.{0} Nat (nat_lit 2) (instOfNatNat (nat_lit 2)))))
          (@HMul.hMul.{0, 0, 0} Nat Nat Nat (@instHMul.{0} Nat instMulNat)
            (@HMul.hMul.{0, 0, 0} Nat Nat Nat (@instHMul.{0} Nat instMulNat)
              (@HPow.hPow.{0, 0, 0} Nat Nat Nat (@instHPow.{0, 0} Nat Nat (@instPowNat.{0} Nat instNatPowNat))
                (@OfNat.ofNat.{0} Nat (nat_lit 2) (instOfNatNat (nat_lit 2))) d)
              (@OfNat.ofNat.{0} Nat (nat_lit 2) (instOfNatNat (nat_lit 2))))
            (@OfNat.ofNat.{0} Nat (nat_lit 2) (instOfNatNat (nat_lit 2)))))
        (@id.{0}
          (@Eq.{1} Prop
            (@Eq.{1} Nat
              (Tower.leaves
                (@HAdd.hAdd.{0, 0, 0} Nat Nat Nat (@instHAdd.{0} Nat instAddNat) d
                  (@OfNat.ofNat.{0} Nat (nat_lit 1) (instOfNatNat (nat_lit 1)))))
              (@HPow.hPow.{0, 0, 0} Nat Nat Nat (@instHPow.{0, 0} Nat Nat (@instPowNat.{0} Nat instNatPowNat))
                (@OfNat.ofNat.{0} Nat (nat_lit 2) (instOfNatNat (nat_lit 2)))
                (@HAdd.hAdd.{0, 0, 0} Nat Nat Nat (@instHAdd.{0} Nat instAddNat)
                  (@HAdd.hAdd.{0, 0, 0} Nat Nat Nat (@instHAdd.{0} Nat instAddNat) d
                    (@OfNat.ofNat.{0} Nat (nat_lit 1) (instOfNatNat (nat_lit 1))))
                  (@OfNat.ofNat.{0} Nat (nat_lit 1) (instOfNatNat (nat_lit 1))))))
            (@Eq.{1} Nat
              (@HMul.hMul.{0, 0, 0} Nat Nat Nat (@instHMul.{0} Nat instMulNat)
                (@OfNat.ofNat.{0} Nat (nat_lit 2) (instOfNatNat (nat_lit 2)))
                (@HMul.hMul.{0, 0, 0} Nat Nat Nat (@instHMul.{0} Nat instMulNat)
                  (@HPow.hPow.{0, 0, 0} Nat Nat Nat (@instHPow.{0, 0} Nat Nat (@instPowNat.{0} Nat instNatPowNat))
                    (@OfNat.ofNat.{0} Nat (nat_lit 2) (instOfNatNat (nat_lit 2))) d)
                  (@OfNat.ofNat.{0} Nat (nat_lit 2) (instOfNatNat (nat_lit 2)))))
              (@HMul.hMul.{0, 0, 0} Nat Nat Nat (@instHMul.{0} Nat instMulNat)
                (@HMul.hMul.{0, 0, 0} Nat Nat Nat (@instHMul.{0} Nat instMulNat)
                  (@HPow.hPow.{0, 0, 0} Nat Nat Nat (@instHPow.{0, 0} Nat Nat (@instPowNat.{0} Nat instNatPowNat))
                    (@OfNat.ofNat.{0} Nat (nat_lit 2) (instOfNatNat (nat_lit 2))) d)
                  (@OfNat.ofNat.{0} Nat (nat_lit 2) (instOfNatNat (nat_lit 2))))
                (@OfNat.ofNat.{0} Nat (nat_lit 2) (instOfNatNat (nat_lit 2))))))
          (@congrFun'.{1, 1} Nat Prop
            (@Eq.{1} Nat
              (Tower.leaves
                (@HAdd.hAdd.{0, 0, 0} Nat Nat Nat (@instHAdd.{0} Nat instAddNat) d
                  (@OfNat.ofNat.{0} Nat (nat_lit 1) (instOfNatNat (nat_lit 1))))))
            (@Eq.{1} Nat
              (@HMul.hMul.{0, 0, 0} Nat Nat Nat (@instHMul.{0} Nat instMulNat)
                (@OfNat.ofNat.{0} Nat (nat_lit 2) (instOfNatNat (nat_lit 2)))
                (@HMul.hMul.{0, 0, 0} Nat Nat Nat (@instHMul.{0} Nat instMulNat)
                  (@HPow.hPow.{0, 0, 0} Nat Nat Nat (@instHPow.{0, 0} Nat Nat (@instPowNat.{0} Nat instNatPowNat))
                    (@OfNat.ofNat.{0} Nat (nat_lit 2) (instOfNatNat (nat_lit 2))) d)
                  (@OfNat.ofNat.{0} Nat (nat_lit 2) (instOfNatNat (nat_lit 2))))))
            (@congrArg.{1, 1} Nat (Nat → Prop)
              (Tower.leaves
                (@HAdd.hAdd.{0, 0, 0} Nat Nat Nat (@instHAdd.{0} Nat instAddNat) d
                  (@OfNat.ofNat.{0} Nat (nat_lit 1) (instOfNatNat (nat_lit 1)))))
              (@HMul.hMul.{0, 0, 0} Nat Nat Nat (@instHMul.{0} Nat instMulNat)
                (@OfNat.ofNat.{0} Nat (nat_lit 2) (instOfNatNat (nat_lit 2)))
                (@HMul.hMul.{0, 0, 0} Nat Nat Nat (@instHMul.{0} Nat instMulNat)
                  (@HPow.hPow.{0, 0, 0} Nat Nat Nat (@instHPow.{0, 0} Nat Nat (@instPowNat.{0} Nat instNatPowNat))
                    (@OfNat.ofNat.{0} Nat (nat_lit 2) (instOfNatNat (nat_lit 2))) d)
                  (@OfNat.ofNat.{0} Nat (nat_lit 2) (instOfNatNat (nat_lit 2)))))
              (@Eq.{1} Nat)
              (@congrArg.{1, 1} Nat Nat (Tower.leaves d)
                (@HMul.hMul.{0, 0, 0} Nat Nat Nat (@instHMul.{0} Nat instMulNat)
                  (@HPow.hPow.{0, 0, 0} Nat Nat Nat (@instHPow.{0, 0} Nat Nat (@instPowNat.{0} Nat instNatPowNat))
                    (@OfNat.ofNat.{0} Nat (nat_lit 2) (instOfNatNat (nat_lit 2))) d)
                  (@OfNat.ofNat.{0} Nat (nat_lit 2) (instOfNatNat (nat_lit 2))))
                (@HMul.hMul.{0, 0, 0} Nat Nat Nat (@instHMul.{0} Nat instMulNat)
                  (@OfNat.ofNat.{0} Nat (nat_lit 2) (instOfNatNat (nat_lit 2))))
                ih))
            (@HMul.hMul.{0, 0, 0} Nat Nat Nat (@instHMul.{0} Nat instMulNat)
              (@HMul.hMul.{0, 0, 0} Nat Nat Nat (@instHMul.{0} Nat instMulNat)
                (@HPow.hPow.{0, 0, 0} Nat Nat Nat (@instHPow.{0, 0} Nat Nat (@instPowNat.{0} Nat instNatPowNat))
                  (@OfNat.ofNat.{0} Nat (nat_lit 2) (instOfNatNat (nat_lit 2))) d)
                (@OfNat.ofNat.{0} Nat (nat_lit 2) (instOfNatNat (nat_lit 2))))
              (@OfNat.ofNat.{0} Nat (nat_lit 2) (instOfNatNat (nat_lit 2))))))
        (@Decidable.byContradiction
          (@Eq.{1} Nat
            (@HMul.hMul.{0, 0, 0} Nat Nat Nat (@instHMul.{0} Nat instMulNat)
              (@OfNat.ofNat.{0} Nat (nat_lit 2) (instOfNatNat (nat_lit 2)))
              (@HMul.hMul.{0, 0, 0} Nat Nat Nat (@instHMul.{0} Nat instMulNat)
                (@HPow.hPow.{0, 0, 0} Nat Nat Nat (@instHPow.{0, 0} Nat Nat (@instPowNat.{0} Nat instNatPowNat))
                  (@OfNat.ofNat.{0} Nat (nat_lit 2) (instOfNatNat (nat_lit 2))) d)
                (@OfNat.ofNat.{0} Nat (nat_lit 2) (instOfNatNat (nat_lit 2)))))
            (@HMul.hMul.{0, 0, 0} Nat Nat Nat (@instHMul.{0} Nat instMulNat)
              (@HMul.hMul.{0, 0, 0} Nat Nat Nat (@instHMul.{0} Nat instMulNat)
                (@HPow.hPow.{0, 0, 0} Nat Nat Nat (@instHPow.{0, 0} Nat Nat (@instPowNat.{0} Nat instNatPowNat))
                  (@OfNat.ofNat.{0} Nat (nat_lit 2) (instOfNatNat (nat_lit 2))) d)
                (@OfNat.ofNat.{0} Nat (nat_lit 2) (instOfNatNat (nat_lit 2))))
              (@OfNat.ofNat.{0} Nat (nat_lit 2) (instOfNatNat (nat_lit 2)))))
          (instDecidableEqNat
            (@HMul.hMul.{0, 0, 0} Nat Nat Nat (@instHMul.{0} Nat instMulNat)
              (@OfNat.ofNat.{0} Nat (nat_lit 2) (instOfNatNat (nat_lit 2)))
              (@HMul.hMul.{0, 0, 0} Nat Nat Nat (@instHMul.{0} Nat instMulNat)
                (@HPow.hPow.{0, 0, 0} Nat Nat Nat (@instHPow.{0, 0} Nat Nat (@instPowNat.{0} Nat instNatPowNat))
                  (@OfNat.ofNat.{0} Nat (nat_lit 2) (instOfNatNat (nat_lit 2))) d)
                (@OfNat.ofNat.{0} Nat (nat_lit 2) (instOfNatNat (nat_lit 2)))))
            (@HMul.hMul.{0, 0, 0} Nat Nat Nat (@instHMul.{0} Nat instMulNat)
              (@HMul.hMul.{0, 0, 0} Nat Nat Nat (@instHMul.{0} Nat instMulNat)
                (@HPow.hPow.{0, 0, 0} Nat Nat Nat (@instHPow.{0, 0} Nat Nat (@instPowNat.{0} Nat instNatPowNat))
                  (@OfNat.ofNat.{0} Nat (nat_lit 2) (instOfNatNat (nat_lit 2))) d)
                (@OfNat.ofNat.{0} Nat (nat_lit 2) (instOfNatNat (nat_lit 2))))
              (@OfNat.ofNat.{0} Nat (nat_lit 2) (instOfNatNat (nat_lit 2)))))
          fun
            (a :
              Not
                (@Eq.{1} Nat
                  (@HMul.hMul.{0, 0, 0} Nat Nat Nat (@instHMul.{0} Nat instMulNat)
                    (@OfNat.ofNat.{0} Nat (nat_lit 2) (instOfNatNat (nat_lit 2)))
                    (@HMul.hMul.{0, 0, 0} Nat Nat Nat (@instHMul.{0} Nat instMulNat)
                      (@HPow.hPow.{0, 0, 0} Nat Nat Nat (@instHPow.{0, 0} Nat Nat (@instPowNat.{0} Nat instNatPowNat))
                        (@OfNat.ofNat.{0} Nat (nat_lit 2) (instOfNatNat (nat_lit 2))) d)
                      (@OfNat.ofNat.{0} Nat (nat_lit 2) (instOfNatNat (nat_lit 2)))))
                  (@HMul.hMul.{0, 0, 0} Nat Nat Nat (@instHMul.{0} Nat instMulNat)
                    (@HMul.hMul.{0, 0, 0} Nat Nat Nat (@instHMul.{0} Nat instMulNat)
                      (@HPow.hPow.{0, 0, 0} Nat Nat Nat (@instHPow.{0, 0} Nat Nat (@instPowNat.{0} Nat instNatPowNat))
                        (@OfNat.ofNat.{0} Nat (nat_lit 2) (instOfNatNat (nat_lit 2))) d)
                      (@OfNat.ofNat.{0} Nat (nat_lit 2) (instOfNatNat (nat_lit 2))))
                    (@OfNat.ofNat.{0} Nat (nat_lit 2) (instOfNatNat (nat_lit 2)))))) =>
          Tower.leaves_formula._proof_1_4 d a))
    d
Tower.scratch_bound : ∀ (d : Nat),
  @LE.le.{0} Nat instLENat (Tower.scratch d)
    (@HMul.hMul.{0, 0, 0} Nat Nat Nat (@instHMul.{0} Nat instMulNat)
      (@OfNat.ofNat.{0} Nat (nat_lit 2) (instOfNatNat (nat_lit 2)))
      (@HPow.hPow.{0, 0, 0} Nat Nat Nat (@instHPow.{0, 0} Nat Nat (@instPowNat.{0} Nat instNatPowNat))
        (@OfNat.ofNat.{0} Nat (nat_lit 2) (instOfNatNat (nat_lit 2)))
        (@HAdd.hAdd.{0, 0, 0} Nat Nat Nat (@instHAdd.{0} Nat instAddNat) d
          (@OfNat.ofNat.{0} Nat (nat_lit 1) (instOfNatNat (nat_lit 1))))))
theorem Tower.scratch_bound : ∀ (d : Nat),
  @LE.le.{0} Nat instLENat (Tower.scratch d)
    (@HMul.hMul.{0, 0, 0} Nat Nat Nat (@instHMul.{0} Nat instMulNat)
      (@OfNat.ofNat.{0} Nat (nat_lit 2) (instOfNatNat (nat_lit 2)))
      (@HPow.hPow.{0, 0, 0} Nat Nat Nat (@instHPow.{0, 0} Nat Nat (@instPowNat.{0} Nat instNatPowNat))
        (@OfNat.ofNat.{0} Nat (nat_lit 2) (instOfNatNat (nat_lit 2)))
        (@HAdd.hAdd.{0, 0, 0} Nat Nat Nat (@instHAdd.{0} Nat instAddNat) d
          (@OfNat.ofNat.{0} Nat (nat_lit 1) (instOfNatNat (nat_lit 1)))))) :=
fun (d : Nat) =>
  @Nat.recAux.{0}
    (fun (d : Nat) =>
      @LE.le.{0} Nat instLENat (Tower.scratch d)
        (@HMul.hMul.{0, 0, 0} Nat Nat Nat (@instHMul.{0} Nat instMulNat)
          (@OfNat.ofNat.{0} Nat (nat_lit 2) (instOfNatNat (nat_lit 2)))
          (@HPow.hPow.{0, 0, 0} Nat Nat Nat (@instHPow.{0, 0} Nat Nat (@instPowNat.{0} Nat instNatPowNat))
            (@OfNat.ofNat.{0} Nat (nat_lit 2) (instOfNatNat (nat_lit 2)))
            (@HAdd.hAdd.{0, 0, 0} Nat Nat Nat (@instHAdd.{0} Nat instAddNat) d
              (@OfNat.ofNat.{0} Nat (nat_lit 1) (instOfNatNat (nat_lit 1)))))))
    (@of_decide_eq_true
      (@LE.le.{0} Nat instLENat (Tower.scratch (@OfNat.ofNat.{0} Nat (nat_lit 0) (instOfNatNat (nat_lit 0))))
        (@HMul.hMul.{0, 0, 0} Nat Nat Nat (@instHMul.{0} Nat instMulNat)
          (@OfNat.ofNat.{0} Nat (nat_lit 2) (instOfNatNat (nat_lit 2)))
          (@HPow.hPow.{0, 0, 0} Nat Nat Nat (@instHPow.{0, 0} Nat Nat (@instPowNat.{0} Nat instNatPowNat))
            (@OfNat.ofNat.{0} Nat (nat_lit 2) (instOfNatNat (nat_lit 2)))
            (@HAdd.hAdd.{0, 0, 0} Nat Nat Nat (@instHAdd.{0} Nat instAddNat)
              (@OfNat.ofNat.{0} Nat (nat_lit 0) (instOfNatNat (nat_lit 0)))
              (@OfNat.ofNat.{0} Nat (nat_lit 1) (instOfNatNat (nat_lit 1)))))))
      (Nat.decLe (Tower.scratch (@OfNat.ofNat.{0} Nat (nat_lit 0) (instOfNatNat (nat_lit 0))))
        (@HMul.hMul.{0, 0, 0} Nat Nat Nat (@instHMul.{0} Nat instMulNat)
          (@OfNat.ofNat.{0} Nat (nat_lit 2) (instOfNatNat (nat_lit 2)))
          (@HPow.hPow.{0, 0, 0} Nat Nat Nat (@instHPow.{0, 0} Nat Nat (@instPowNat.{0} Nat instNatPowNat))
            (@OfNat.ofNat.{0} Nat (nat_lit 2) (instOfNatNat (nat_lit 2)))
            (@HAdd.hAdd.{0, 0, 0} Nat Nat Nat (@instHAdd.{0} Nat instAddNat)
              (@OfNat.ofNat.{0} Nat (nat_lit 0) (instOfNatNat (nat_lit 0)))
              (@OfNat.ofNat.{0} Nat (nat_lit 1) (instOfNatNat (nat_lit 1)))))))
      (@id.{0}
        (@Eq.{1} Bool
          (@Decidable.decide
            (@LE.le.{0} Nat instLENat (Tower.scratch (@OfNat.ofNat.{0} Nat (nat_lit 0) (instOfNatNat (nat_lit 0))))
              (@HMul.hMul.{0, 0, 0} Nat Nat Nat (@instHMul.{0} Nat instMulNat)
                (@OfNat.ofNat.{0} Nat (nat_lit 2) (instOfNatNat (nat_lit 2)))
                (@HPow.hPow.{0, 0, 0} Nat Nat Nat (@instHPow.{0, 0} Nat Nat (@instPowNat.{0} Nat instNatPowNat))
                  (@OfNat.ofNat.{0} Nat (nat_lit 2) (instOfNatNat (nat_lit 2)))
                  (@HAdd.hAdd.{0, 0, 0} Nat Nat Nat (@instHAdd.{0} Nat instAddNat)
                    (@OfNat.ofNat.{0} Nat (nat_lit 0) (instOfNatNat (nat_lit 0)))
                    (@OfNat.ofNat.{0} Nat (nat_lit 1) (instOfNatNat (nat_lit 1)))))))
            (Nat.decLe (Tower.scratch (@OfNat.ofNat.{0} Nat (nat_lit 0) (instOfNatNat (nat_lit 0))))
              (@HMul.hMul.{0, 0, 0} Nat Nat Nat (@instHMul.{0} Nat instMulNat)
                (@OfNat.ofNat.{0} Nat (nat_lit 2) (instOfNatNat (nat_lit 2)))
                (@HPow.hPow.{0, 0, 0} Nat Nat Nat (@instHPow.{0, 0} Nat Nat (@instPowNat.{0} Nat instNatPowNat))
                  (@OfNat.ofNat.{0} Nat (nat_lit 2) (instOfNatNat (nat_lit 2)))
                  (@HAdd.hAdd.{0, 0, 0} Nat Nat Nat (@instHAdd.{0} Nat instAddNat)
                    (@OfNat.ofNat.{0} Nat (nat_lit 0) (instOfNatNat (nat_lit 0)))
                    (@OfNat.ofNat.{0} Nat (nat_lit 1) (instOfNatNat (nat_lit 1))))))))
          Bool.true)
        (@Eq.refl.{1} Bool Bool.true)))
    (fun (d : Nat)
        (ih :
          @LE.le.{0} Nat instLENat (Tower.scratch d)
            (@HMul.hMul.{0, 0, 0} Nat Nat Nat (@instHMul.{0} Nat instMulNat)
              (@OfNat.ofNat.{0} Nat (nat_lit 2) (instOfNatNat (nat_lit 2)))
              (@HPow.hPow.{0, 0, 0} Nat Nat Nat (@instHPow.{0, 0} Nat Nat (@instPowNat.{0} Nat instNatPowNat))
                (@OfNat.ofNat.{0} Nat (nat_lit 2) (instOfNatNat (nat_lit 2)))
                (@HAdd.hAdd.{0, 0, 0} Nat Nat Nat (@instHAdd.{0} Nat instAddNat) d
                  (@OfNat.ofNat.{0} Nat (nat_lit 1) (instOfNatNat (nat_lit 1))))))) =>
      @id.{0}
        (@LE.le.{0} Nat instLENat
          (Tower.scratch
            (@HAdd.hAdd.{0, 0, 0} Nat Nat Nat (@instHAdd.{0} Nat instAddNat) d
              (@OfNat.ofNat.{0} Nat (nat_lit 1) (instOfNatNat (nat_lit 1)))))
          (@HMul.hMul.{0, 0, 0} Nat Nat Nat (@instHMul.{0} Nat instMulNat)
            (@OfNat.ofNat.{0} Nat (nat_lit 2) (instOfNatNat (nat_lit 2)))
            (@HPow.hPow.{0, 0, 0} Nat Nat Nat (@instHPow.{0, 0} Nat Nat (@instPowNat.{0} Nat instNatPowNat))
              (@OfNat.ofNat.{0} Nat (nat_lit 2) (instOfNatNat (nat_lit 2)))
              (@HAdd.hAdd.{0, 0, 0} Nat Nat Nat (@instHAdd.{0} Nat instAddNat)
                (@HAdd.hAdd.{0, 0, 0} Nat Nat Nat (@instHAdd.{0} Nat instAddNat) d
                  (@OfNat.ofNat.{0} Nat (nat_lit 1) (instOfNatNat (nat_lit 1))))
                (@OfNat.ofNat.{0} Nat (nat_lit 1) (instOfNatNat (nat_lit 1)))))))
        (@Decidable.byContradiction
          (@LE.le.{0} Nat instLENat
            (@Max.max.{0} Nat Nat.instMax
              (@HAdd.hAdd.{0, 0, 0} Nat Nat Nat (@instHAdd.{0} Nat instAddNat)
                (@HMul.hMul.{0, 0, 0} Nat Nat Nat (@instHMul.{0} Nat instMulNat)
                  (@HMul.hMul.{0, 0, 0} Nat Nat Nat (@instHMul.{0} Nat instMulNat)
                    (@HPow.hPow.{0, 0, 0} Nat Nat Nat (@instHPow.{0, 0} Nat Nat (@instPowNat.{0} Nat instNatPowNat))
                      (@OfNat.ofNat.{0} Nat (nat_lit 2) (instOfNatNat (nat_lit 2))) d)
                    (@OfNat.ofNat.{0} Nat (nat_lit 2) (instOfNatNat (nat_lit 2))))
                  (@OfNat.ofNat.{0} Nat (nat_lit 2) (instOfNatNat (nat_lit 2))))
                (Tower.scratch d))
              (@HMul.hMul.{0, 0, 0} Nat Nat Nat (@instHMul.{0} Nat instMulNat)
                (@OfNat.ofNat.{0} Nat (nat_lit 2) (instOfNatNat (nat_lit 2)))
                (@HMul.hMul.{0, 0, 0} Nat Nat Nat (@instHMul.{0} Nat instMulNat)
                  (@HMul.hMul.{0, 0, 0} Nat Nat Nat (@instHMul.{0} Nat instMulNat)
                    (@HPow.hPow.{0, 0, 0} Nat Nat Nat (@instHPow.{0, 0} Nat Nat (@instPowNat.{0} Nat instNatPowNat))
                      (@OfNat.ofNat.{0} Nat (nat_lit 2) (instOfNatNat (nat_lit 2))) d)
                    (@OfNat.ofNat.{0} Nat (nat_lit 2) (instOfNatNat (nat_lit 2))))
                  (@OfNat.ofNat.{0} Nat (nat_lit 2) (instOfNatNat (nat_lit 2))))))
            (@HMul.hMul.{0, 0, 0} Nat Nat Nat (@instHMul.{0} Nat instMulNat)
              (@OfNat.ofNat.{0} Nat (nat_lit 2) (instOfNatNat (nat_lit 2)))
              (@HMul.hMul.{0, 0, 0} Nat Nat Nat (@instHMul.{0} Nat instMulNat)
                (@HMul.hMul.{0, 0, 0} Nat Nat Nat (@instHMul.{0} Nat instMulNat)
                  (@HPow.hPow.{0, 0, 0} Nat Nat Nat (@instHPow.{0, 0} Nat Nat (@instPowNat.{0} Nat instNatPowNat))
                    (@OfNat.ofNat.{0} Nat (nat_lit 2) (instOfNatNat (nat_lit 2))) d)
                  (@OfNat.ofNat.{0} Nat (nat_lit 2) (instOfNatNat (nat_lit 2))))
                (@OfNat.ofNat.{0} Nat (nat_lit 2) (instOfNatNat (nat_lit 2))))))
          (Nat.decLe
            (@Max.max.{0} Nat Nat.instMax
              (@HAdd.hAdd.{0, 0, 0} Nat Nat Nat (@instHAdd.{0} Nat instAddNat)
                (@HMul.hMul.{0, 0, 0} Nat Nat Nat (@instHMul.{0} Nat instMulNat)
                  (@HMul.hMul.{0, 0, 0} Nat Nat Nat (@instHMul.{0} Nat instMulNat)
                    (@HPow.hPow.{0, 0, 0} Nat Nat Nat (@instHPow.{0, 0} Nat Nat (@instPowNat.{0} Nat instNatPowNat))
                      (@OfNat.ofNat.{0} Nat (nat_lit 2) (instOfNatNat (nat_lit 2))) d)
                    (@OfNat.ofNat.{0} Nat (nat_lit 2) (instOfNatNat (nat_lit 2))))
                  (@OfNat.ofNat.{0} Nat (nat_lit 2) (instOfNatNat (nat_lit 2))))
                (Tower.scratch d))
              (@HMul.hMul.{0, 0, 0} Nat Nat Nat (@instHMul.{0} Nat instMulNat)
                (@OfNat.ofNat.{0} Nat (nat_lit 2) (instOfNatNat (nat_lit 2)))
                (@HMul.hMul.{0, 0, 0} Nat Nat Nat (@instHMul.{0} Nat instMulNat)
                  (@HMul.hMul.{0, 0, 0} Nat Nat Nat (@instHMul.{0} Nat instMulNat)
                    (@HPow.hPow.{0, 0, 0} Nat Nat Nat (@instHPow.{0, 0} Nat Nat (@instPowNat.{0} Nat instNatPowNat))
                      (@OfNat.ofNat.{0} Nat (nat_lit 2) (instOfNatNat (nat_lit 2))) d)
                    (@OfNat.ofNat.{0} Nat (nat_lit 2) (instOfNatNat (nat_lit 2))))
                  (@OfNat.ofNat.{0} Nat (nat_lit 2) (instOfNatNat (nat_lit 2))))))
            (@HMul.hMul.{0, 0, 0} Nat Nat Nat (@instHMul.{0} Nat instMulNat)
              (@OfNat.ofNat.{0} Nat (nat_lit 2) (instOfNatNat (nat_lit 2)))
              (@HMul.hMul.{0, 0, 0} Nat Nat Nat (@instHMul.{0} Nat instMulNat)
                (@HMul.hMul.{0, 0, 0} Nat Nat Nat (@instHMul.{0} Nat instMulNat)
                  (@HPow.hPow.{0, 0, 0} Nat Nat Nat (@instHPow.{0, 0} Nat Nat (@instPowNat.{0} Nat instNatPowNat))
                    (@OfNat.ofNat.{0} Nat (nat_lit 2) (instOfNatNat (nat_lit 2))) d)
                  (@OfNat.ofNat.{0} Nat (nat_lit 2) (instOfNatNat (nat_lit 2))))
                (@OfNat.ofNat.{0} Nat (nat_lit 2) (instOfNatNat (nat_lit 2))))))
          fun
            (a :
              Not
                (@LE.le.{0} Nat instLENat
                  (@Max.max.{0} Nat Nat.instMax
                    (@HAdd.hAdd.{0, 0, 0} Nat Nat Nat (@instHAdd.{0} Nat instAddNat)
                      (@HMul.hMul.{0, 0, 0} Nat Nat Nat (@instHMul.{0} Nat instMulNat)
                        (@HMul.hMul.{0, 0, 0} Nat Nat Nat (@instHMul.{0} Nat instMulNat)
                          (@HPow.hPow.{0, 0, 0} Nat Nat Nat
                            (@instHPow.{0, 0} Nat Nat (@instPowNat.{0} Nat instNatPowNat))
                            (@OfNat.ofNat.{0} Nat (nat_lit 2) (instOfNatNat (nat_lit 2))) d)
                          (@OfNat.ofNat.{0} Nat (nat_lit 2) (instOfNatNat (nat_lit 2))))
                        (@OfNat.ofNat.{0} Nat (nat_lit 2) (instOfNatNat (nat_lit 2))))
                      (Tower.scratch d))
                    (@HMul.hMul.{0, 0, 0} Nat Nat Nat (@instHMul.{0} Nat instMulNat)
                      (@OfNat.ofNat.{0} Nat (nat_lit 2) (instOfNatNat (nat_lit 2)))
                      (@HMul.hMul.{0, 0, 0} Nat Nat Nat (@instHMul.{0} Nat instMulNat)
                        (@HMul.hMul.{0, 0, 0} Nat Nat Nat (@instHMul.{0} Nat instMulNat)
                          (@HPow.hPow.{0, 0, 0} Nat Nat Nat
                            (@instHPow.{0, 0} Nat Nat (@instPowNat.{0} Nat instNatPowNat))
                            (@OfNat.ofNat.{0} Nat (nat_lit 2) (instOfNatNat (nat_lit 2))) d)
                          (@OfNat.ofNat.{0} Nat (nat_lit 2) (instOfNatNat (nat_lit 2))))
                        (@OfNat.ofNat.{0} Nat (nat_lit 2) (instOfNatNat (nat_lit 2))))))
                  (@HMul.hMul.{0, 0, 0} Nat Nat Nat (@instHMul.{0} Nat instMulNat)
                    (@OfNat.ofNat.{0} Nat (nat_lit 2) (instOfNatNat (nat_lit 2)))
                    (@HMul.hMul.{0, 0, 0} Nat Nat Nat (@instHMul.{0} Nat instMulNat)
                      (@HMul.hMul.{0, 0, 0} Nat Nat Nat (@instHMul.{0} Nat instMulNat)
                        (@HPow.hPow.{0, 0, 0} Nat Nat Nat (@instHPow.{0, 0} Nat Nat (@instPowNat.{0} Nat instNatPowNat))
                          (@OfNat.ofNat.{0} Nat (nat_lit 2) (instOfNatNat (nat_lit 2))) d)
                        (@OfNat.ofNat.{0} Nat (nat_lit 2) (instOfNatNat (nat_lit 2))))
                      (@OfNat.ofNat.{0} Nat (nat_lit 2) (instOfNatNat (nat_lit 2))))))) =>
          Tower.scratch_bound._proof_1_4 d ih a))
    d
Tower.twelve_subtrees : And
  (@Eq.{1} Nat
    (@HMul.hMul.{0, 0, 0} Nat Nat Nat (@instHMul.{0} Nat instMulNat)
      (@OfNat.ofNat.{0} Nat (nat_lit 12) (instOfNatNat (nat_lit 12)))
      (Tower.words (@OfNat.ofNat.{0} Nat (nat_lit 6) (instOfNatNat (nat_lit 6)))))
    (@OfNat.ofNat.{0} Nat (nat_lit 12288) (instOfNatNat (nat_lit 12288))))
  (And
    (@Eq.{1} Nat
      (@HMul.hMul.{0, 0, 0} Nat Nat Nat (@instHMul.{0} Nat instMulNat)
        (@OfNat.ofNat.{0} Nat (nat_lit 12) (instOfNatNat (nat_lit 12)))
        (Tower.internal (@OfNat.ofNat.{0} Nat (nat_lit 6) (instOfNatNat (nat_lit 6)))))
      (@OfNat.ofNat.{0} Nat (nat_lit 10752) (instOfNatNat (nat_lit 10752))))
    (And
      (@Eq.{1} Nat
        (@HMul.hMul.{0, 0, 0} Nat Nat Nat (@instHMul.{0} Nat instMulNat)
          (@OfNat.ofNat.{0} Nat (nat_lit 12) (instOfNatNat (nat_lit 12)))
          (Tower.leaves (@OfNat.ofNat.{0} Nat (nat_lit 6) (instOfNatNat (nat_lit 6)))))
        (@OfNat.ofNat.{0} Nat (nat_lit 1536) (instOfNatNat (nat_lit 1536))))
      (@LE.le.{0} Nat instLENat (Tower.scratch (@OfNat.ofNat.{0} Nat (nat_lit 6) (instOfNatNat (nat_lit 6))))
        (@OfNat.ofNat.{0} Nat (nat_lit 256) (instOfNatNat (nat_lit 256))))))
theorem Tower.twelve_subtrees : And
  (@Eq.{1} Nat
    (@HMul.hMul.{0, 0, 0} Nat Nat Nat (@instHMul.{0} Nat instMulNat)
      (@OfNat.ofNat.{0} Nat (nat_lit 12) (instOfNatNat (nat_lit 12)))
      (Tower.words (@OfNat.ofNat.{0} Nat (nat_lit 6) (instOfNatNat (nat_lit 6)))))
    (@OfNat.ofNat.{0} Nat (nat_lit 12288) (instOfNatNat (nat_lit 12288))))
  (And
    (@Eq.{1} Nat
      (@HMul.hMul.{0, 0, 0} Nat Nat Nat (@instHMul.{0} Nat instMulNat)
        (@OfNat.ofNat.{0} Nat (nat_lit 12) (instOfNatNat (nat_lit 12)))
        (Tower.internal (@OfNat.ofNat.{0} Nat (nat_lit 6) (instOfNatNat (nat_lit 6)))))
      (@OfNat.ofNat.{0} Nat (nat_lit 10752) (instOfNatNat (nat_lit 10752))))
    (And
      (@Eq.{1} Nat
        (@HMul.hMul.{0, 0, 0} Nat Nat Nat (@instHMul.{0} Nat instMulNat)
          (@OfNat.ofNat.{0} Nat (nat_lit 12) (instOfNatNat (nat_lit 12)))
          (Tower.leaves (@OfNat.ofNat.{0} Nat (nat_lit 6) (instOfNatNat (nat_lit 6)))))
        (@OfNat.ofNat.{0} Nat (nat_lit 1536) (instOfNatNat (nat_lit 1536))))
      (@LE.le.{0} Nat instLENat (Tower.scratch (@OfNat.ofNat.{0} Nat (nat_lit 6) (instOfNatNat (nat_lit 6))))
        (@OfNat.ofNat.{0} Nat (nat_lit 256) (instOfNatNat (nat_lit 256)))))) :=
@of_decide_eq_true
  (And
    (@Eq.{1} Nat
      (@HMul.hMul.{0, 0, 0} Nat Nat Nat (@instHMul.{0} Nat instMulNat)
        (@OfNat.ofNat.{0} Nat (nat_lit 12) (instOfNatNat (nat_lit 12)))
        (Tower.words (@OfNat.ofNat.{0} Nat (nat_lit 6) (instOfNatNat (nat_lit 6)))))
      (@OfNat.ofNat.{0} Nat (nat_lit 12288) (instOfNatNat (nat_lit 12288))))
    (And
      (@Eq.{1} Nat
        (@HMul.hMul.{0, 0, 0} Nat Nat Nat (@instHMul.{0} Nat instMulNat)
          (@OfNat.ofNat.{0} Nat (nat_lit 12) (instOfNatNat (nat_lit 12)))
          (Tower.internal (@OfNat.ofNat.{0} Nat (nat_lit 6) (instOfNatNat (nat_lit 6)))))
        (@OfNat.ofNat.{0} Nat (nat_lit 10752) (instOfNatNat (nat_lit 10752))))
      (And
        (@Eq.{1} Nat
          (@HMul.hMul.{0, 0, 0} Nat Nat Nat (@instHMul.{0} Nat instMulNat)
            (@OfNat.ofNat.{0} Nat (nat_lit 12) (instOfNatNat (nat_lit 12)))
            (Tower.leaves (@OfNat.ofNat.{0} Nat (nat_lit 6) (instOfNatNat (nat_lit 6)))))
          (@OfNat.ofNat.{0} Nat (nat_lit 1536) (instOfNatNat (nat_lit 1536))))
        (@LE.le.{0} Nat instLENat (Tower.scratch (@OfNat.ofNat.{0} Nat (nat_lit 6) (instOfNatNat (nat_lit 6))))
          (@OfNat.ofNat.{0} Nat (nat_lit 256) (instOfNatNat (nat_lit 256)))))))
  (@instDecidableAnd
    (@Eq.{1} Nat
      (@HMul.hMul.{0, 0, 0} Nat Nat Nat (@instHMul.{0} Nat instMulNat)
        (@OfNat.ofNat.{0} Nat (nat_lit 12) (instOfNatNat (nat_lit 12)))
        (Tower.words (@OfNat.ofNat.{0} Nat (nat_lit 6) (instOfNatNat (nat_lit 6)))))
      (@OfNat.ofNat.{0} Nat (nat_lit 12288) (instOfNatNat (nat_lit 12288))))
    (And
      (@Eq.{1} Nat
        (@HMul.hMul.{0, 0, 0} Nat Nat Nat (@instHMul.{0} Nat instMulNat)
          (@OfNat.ofNat.{0} Nat (nat_lit 12) (instOfNatNat (nat_lit 12)))
          (Tower.internal (@OfNat.ofNat.{0} Nat (nat_lit 6) (instOfNatNat (nat_lit 6)))))
        (@OfNat.ofNat.{0} Nat (nat_lit 10752) (instOfNatNat (nat_lit 10752))))
      (And
        (@Eq.{1} Nat
          (@HMul.hMul.{0, 0, 0} Nat Nat Nat (@instHMul.{0} Nat instMulNat)
            (@OfNat.ofNat.{0} Nat (nat_lit 12) (instOfNatNat (nat_lit 12)))
            (Tower.leaves (@OfNat.ofNat.{0} Nat (nat_lit 6) (instOfNatNat (nat_lit 6)))))
          (@OfNat.ofNat.{0} Nat (nat_lit 1536) (instOfNatNat (nat_lit 1536))))
        (@LE.le.{0} Nat instLENat (Tower.scratch (@OfNat.ofNat.{0} Nat (nat_lit 6) (instOfNatNat (nat_lit 6))))
          (@OfNat.ofNat.{0} Nat (nat_lit 256) (instOfNatNat (nat_lit 256))))))
    (instDecidableEqNat
      (@HMul.hMul.{0, 0, 0} Nat Nat Nat (@instHMul.{0} Nat instMulNat)
        (@OfNat.ofNat.{0} Nat (nat_lit 12) (instOfNatNat (nat_lit 12)))
        (Tower.words (@OfNat.ofNat.{0} Nat (nat_lit 6) (instOfNatNat (nat_lit 6)))))
      (@OfNat.ofNat.{0} Nat (nat_lit 12288) (instOfNatNat (nat_lit 12288))))
    (@instDecidableAnd
      (@Eq.{1} Nat
        (@HMul.hMul.{0, 0, 0} Nat Nat Nat (@instHMul.{0} Nat instMulNat)
          (@OfNat.ofNat.{0} Nat (nat_lit 12) (instOfNatNat (nat_lit 12)))
          (Tower.internal (@OfNat.ofNat.{0} Nat (nat_lit 6) (instOfNatNat (nat_lit 6)))))
        (@OfNat.ofNat.{0} Nat (nat_lit 10752) (instOfNatNat (nat_lit 10752))))
      (And
        (@Eq.{1} Nat
          (@HMul.hMul.{0, 0, 0} Nat Nat Nat (@instHMul.{0} Nat instMulNat)
            (@OfNat.ofNat.{0} Nat (nat_lit 12) (instOfNatNat (nat_lit 12)))
            (Tower.leaves (@OfNat.ofNat.{0} Nat (nat_lit 6) (instOfNatNat (nat_lit 6)))))
          (@OfNat.ofNat.{0} Nat (nat_lit 1536) (instOfNatNat (nat_lit 1536))))
        (@LE.le.{0} Nat instLENat (Tower.scratch (@OfNat.ofNat.{0} Nat (nat_lit 6) (instOfNatNat (nat_lit 6))))
          (@OfNat.ofNat.{0} Nat (nat_lit 256) (instOfNatNat (nat_lit 256)))))
      (instDecidableEqNat
        (@HMul.hMul.{0, 0, 0} Nat Nat Nat (@instHMul.{0} Nat instMulNat)
          (@OfNat.ofNat.{0} Nat (nat_lit 12) (instOfNatNat (nat_lit 12)))
          (Tower.internal (@OfNat.ofNat.{0} Nat (nat_lit 6) (instOfNatNat (nat_lit 6)))))
        (@OfNat.ofNat.{0} Nat (nat_lit 10752) (instOfNatNat (nat_lit 10752))))
      (@instDecidableAnd
        (@Eq.{1} Nat
          (@HMul.hMul.{0, 0, 0} Nat Nat Nat (@instHMul.{0} Nat instMulNat)
            (@OfNat.ofNat.{0} Nat (nat_lit 12) (instOfNatNat (nat_lit 12)))
            (Tower.leaves (@OfNat.ofNat.{0} Nat (nat_lit 6) (instOfNatNat (nat_lit 6)))))
          (@OfNat.ofNat.{0} Nat (nat_lit 1536) (instOfNatNat (nat_lit 1536))))
        (@LE.le.{0} Nat instLENat (Tower.scratch (@OfNat.ofNat.{0} Nat (nat_lit 6) (instOfNatNat (nat_lit 6))))
          (@OfNat.ofNat.{0} Nat (nat_lit 256) (instOfNatNat (nat_lit 256))))
        (instDecidableEqNat
          (@HMul.hMul.{0, 0, 0} Nat Nat Nat (@instHMul.{0} Nat instMulNat)
            (@OfNat.ofNat.{0} Nat (nat_lit 12) (instOfNatNat (nat_lit 12)))
            (Tower.leaves (@OfNat.ofNat.{0} Nat (nat_lit 6) (instOfNatNat (nat_lit 6)))))
          (@OfNat.ofNat.{0} Nat (nat_lit 1536) (instOfNatNat (nat_lit 1536))))
        (Nat.decLe (Tower.scratch (@OfNat.ofNat.{0} Nat (nat_lit 6) (instOfNatNat (nat_lit 6))))
          (@OfNat.ofNat.{0} Nat (nat_lit 256) (instOfNatNat (nat_lit 256)))))))
  (@id.{0}
    (@Eq.{1} Bool
      (@Decidable.decide
        (And
          (@Eq.{1} Nat
            (@HMul.hMul.{0, 0, 0} Nat Nat Nat (@instHMul.{0} Nat instMulNat)
              (@OfNat.ofNat.{0} Nat (nat_lit 12) (instOfNatNat (nat_lit 12)))
              (Tower.words (@OfNat.ofNat.{0} Nat (nat_lit 6) (instOfNatNat (nat_lit 6)))))
            (@OfNat.ofNat.{0} Nat (nat_lit 12288) (instOfNatNat (nat_lit 12288))))
          (And
            (@Eq.{1} Nat
              (@HMul.hMul.{0, 0, 0} Nat Nat Nat (@instHMul.{0} Nat instMulNat)
                (@OfNat.ofNat.{0} Nat (nat_lit 12) (instOfNatNat (nat_lit 12)))
                (Tower.internal (@OfNat.ofNat.{0} Nat (nat_lit 6) (instOfNatNat (nat_lit 6)))))
              (@OfNat.ofNat.{0} Nat (nat_lit 10752) (instOfNatNat (nat_lit 10752))))
            (And
              (@Eq.{1} Nat
                (@HMul.hMul.{0, 0, 0} Nat Nat Nat (@instHMul.{0} Nat instMulNat)
                  (@OfNat.ofNat.{0} Nat (nat_lit 12) (instOfNatNat (nat_lit 12)))
                  (Tower.leaves (@OfNat.ofNat.{0} Nat (nat_lit 6) (instOfNatNat (nat_lit 6)))))
                (@OfNat.ofNat.{0} Nat (nat_lit 1536) (instOfNatNat (nat_lit 1536))))
              (@LE.le.{0} Nat instLENat (Tower.scratch (@OfNat.ofNat.{0} Nat (nat_lit 6) (instOfNatNat (nat_lit 6))))
                (@OfNat.ofNat.{0} Nat (nat_lit 256) (instOfNatNat (nat_lit 256)))))))
        (@instDecidableAnd
          (@Eq.{1} Nat
            (@HMul.hMul.{0, 0, 0} Nat Nat Nat (@instHMul.{0} Nat instMulNat)
              (@OfNat.ofNat.{0} Nat (nat_lit 12) (instOfNatNat (nat_lit 12)))
              (Tower.words (@OfNat.ofNat.{0} Nat (nat_lit 6) (instOfNatNat (nat_lit 6)))))
            (@OfNat.ofNat.{0} Nat (nat_lit 12288) (instOfNatNat (nat_lit 12288))))
          (And
            (@Eq.{1} Nat
              (@HMul.hMul.{0, 0, 0} Nat Nat Nat (@instHMul.{0} Nat instMulNat)
                (@OfNat.ofNat.{0} Nat (nat_lit 12) (instOfNatNat (nat_lit 12)))
                (Tower.internal (@OfNat.ofNat.{0} Nat (nat_lit 6) (instOfNatNat (nat_lit 6)))))
              (@OfNat.ofNat.{0} Nat (nat_lit 10752) (instOfNatNat (nat_lit 10752))))
            (And
              (@Eq.{1} Nat
                (@HMul.hMul.{0, 0, 0} Nat Nat Nat (@instHMul.{0} Nat instMulNat)
                  (@OfNat.ofNat.{0} Nat (nat_lit 12) (instOfNatNat (nat_lit 12)))
                  (Tower.leaves (@OfNat.ofNat.{0} Nat (nat_lit 6) (instOfNatNat (nat_lit 6)))))
                (@OfNat.ofNat.{0} Nat (nat_lit 1536) (instOfNatNat (nat_lit 1536))))
              (@LE.le.{0} Nat instLENat (Tower.scratch (@OfNat.ofNat.{0} Nat (nat_lit 6) (instOfNatNat (nat_lit 6))))
                (@OfNat.ofNat.{0} Nat (nat_lit 256) (instOfNatNat (nat_lit 256))))))
          (instDecidableEqNat
            (@HMul.hMul.{0, 0, 0} Nat Nat Nat (@instHMul.{0} Nat instMulNat)
              (@OfNat.ofNat.{0} Nat (nat_lit 12) (instOfNatNat (nat_lit 12)))
              (Tower.words (@OfNat.ofNat.{0} Nat (nat_lit 6) (instOfNatNat (nat_lit 6)))))
            (@OfNat.ofNat.{0} Nat (nat_lit 12288) (instOfNatNat (nat_lit 12288))))
          (@instDecidableAnd
            (@Eq.{1} Nat
              (@HMul.hMul.{0, 0, 0} Nat Nat Nat (@instHMul.{0} Nat instMulNat)
                (@OfNat.ofNat.{0} Nat (nat_lit 12) (instOfNatNat (nat_lit 12)))
                (Tower.internal (@OfNat.ofNat.{0} Nat (nat_lit 6) (instOfNatNat (nat_lit 6)))))
              (@OfNat.ofNat.{0} Nat (nat_lit 10752) (instOfNatNat (nat_lit 10752))))
            (And
              (@Eq.{1} Nat
                (@HMul.hMul.{0, 0, 0} Nat Nat Nat (@instHMul.{0} Nat instMulNat)
                  (@OfNat.ofNat.{0} Nat (nat_lit 12) (instOfNatNat (nat_lit 12)))
                  (Tower.leaves (@OfNat.ofNat.{0} Nat (nat_lit 6) (instOfNatNat (nat_lit 6)))))
                (@OfNat.ofNat.{0} Nat (nat_lit 1536) (instOfNatNat (nat_lit 1536))))
              (@LE.le.{0} Nat instLENat (Tower.scratch (@OfNat.ofNat.{0} Nat (nat_lit 6) (instOfNatNat (nat_lit 6))))
                (@OfNat.ofNat.{0} Nat (nat_lit 256) (instOfNatNat (nat_lit 256)))))
            (instDecidableEqNat
              (@HMul.hMul.{0, 0, 0} Nat Nat Nat (@instHMul.{0} Nat instMulNat)
                (@OfNat.ofNat.{0} Nat (nat_lit 12) (instOfNatNat (nat_lit 12)))
                (Tower.internal (@OfNat.ofNat.{0} Nat (nat_lit 6) (instOfNatNat (nat_lit 6)))))
              (@OfNat.ofNat.{0} Nat (nat_lit 10752) (instOfNatNat (nat_lit 10752))))
            (@instDecidableAnd
              (@Eq.{1} Nat
                (@HMul.hMul.{0, 0, 0} Nat Nat Nat (@instHMul.{0} Nat instMulNat)
                  (@OfNat.ofNat.{0} Nat (nat_lit 12) (instOfNatNat (nat_lit 12)))
                  (Tower.leaves (@OfNat.ofNat.{0} Nat (nat_lit 6) (instOfNatNat (nat_lit 6)))))
                (@OfNat.ofNat.{0} Nat (nat_lit 1536) (instOfNatNat (nat_lit 1536))))
              (@LE.le.{0} Nat instLENat (Tower.scratch (@OfNat.ofNat.{0} Nat (nat_lit 6) (instOfNatNat (nat_lit 6))))
                (@OfNat.ofNat.{0} Nat (nat_lit 256) (instOfNatNat (nat_lit 256))))
              (instDecidableEqNat
                (@HMul.hMul.{0, 0, 0} Nat Nat Nat (@instHMul.{0} Nat instMulNat)
                  (@OfNat.ofNat.{0} Nat (nat_lit 12) (instOfNatNat (nat_lit 12)))
                  (Tower.leaves (@OfNat.ofNat.{0} Nat (nat_lit 6) (instOfNatNat (nat_lit 6)))))
                (@OfNat.ofNat.{0} Nat (nat_lit 1536) (instOfNatNat (nat_lit 1536))))
              (Nat.decLe (Tower.scratch (@OfNat.ofNat.{0} Nat (nat_lit 6) (instOfNatNat (nat_lit 6))))
                (@OfNat.ofNat.{0} Nat (nat_lit 256) (instOfNatNat (nat_lit 256))))))))
      Bool.true)
    (@Eq.refl.{1} Bool Bool.true))
Tower.assembly_count : And
  (@Eq.{1} Nat
    (@HAdd.hAdd.{0, 0, 0} Nat Nat Nat (@instHAdd.{0} Nat instAddNat)
      (@HAdd.hAdd.{0, 0, 0} Nat Nat Nat (@instHAdd.{0} Nat instAddNat)
        (@HAdd.hAdd.{0, 0, 0} Nat Nat Nat (@instHAdd.{0} Nat instAddNat)
          (@OfNat.ofNat.{0} Nat (nat_lit 10752) (instOfNatNat (nat_lit 10752)))
          (@OfNat.ofNat.{0} Nat (nat_lit 1536) (instOfNatNat (nat_lit 1536))))
        (@OfNat.ofNat.{0} Nat (nat_lit 3072) (instOfNatNat (nat_lit 3072))))
      (@OfNat.ofNat.{0} Nat (nat_lit 1536) (instOfNatNat (nat_lit 1536))))
    (@OfNat.ofNat.{0} Nat (nat_lit 16896) (instOfNatNat (nat_lit 16896))))
  (@Eq.{1} Nat
    (@HAdd.hAdd.{0, 0, 0} Nat Nat Nat (@instHAdd.{0} Nat instAddNat)
      (@OfNat.ofNat.{0} Nat (nat_lit 16896) (instOfNatNat (nat_lit 16896)))
      (@OfNat.ofNat.{0} Nat (nat_lit 1536) (instOfNatNat (nat_lit 1536))))
    (@OfNat.ofNat.{0} Nat (nat_lit 18432) (instOfNatNat (nat_lit 18432))))
theorem Tower.assembly_count : And
  (@Eq.{1} Nat
    (@HAdd.hAdd.{0, 0, 0} Nat Nat Nat (@instHAdd.{0} Nat instAddNat)
      (@HAdd.hAdd.{0, 0, 0} Nat Nat Nat (@instHAdd.{0} Nat instAddNat)
        (@HAdd.hAdd.{0, 0, 0} Nat Nat Nat (@instHAdd.{0} Nat instAddNat)
          (@OfNat.ofNat.{0} Nat (nat_lit 10752) (instOfNatNat (nat_lit 10752)))
          (@OfNat.ofNat.{0} Nat (nat_lit 1536) (instOfNatNat (nat_lit 1536))))
        (@OfNat.ofNat.{0} Nat (nat_lit 3072) (instOfNatNat (nat_lit 3072))))
      (@OfNat.ofNat.{0} Nat (nat_lit 1536) (instOfNatNat (nat_lit 1536))))
    (@OfNat.ofNat.{0} Nat (nat_lit 16896) (instOfNatNat (nat_lit 16896))))
  (@Eq.{1} Nat
    (@HAdd.hAdd.{0, 0, 0} Nat Nat Nat (@instHAdd.{0} Nat instAddNat)
      (@OfNat.ofNat.{0} Nat (nat_lit 16896) (instOfNatNat (nat_lit 16896)))
      (@OfNat.ofNat.{0} Nat (nat_lit 1536) (instOfNatNat (nat_lit 1536))))
    (@OfNat.ofNat.{0} Nat (nat_lit 18432) (instOfNatNat (nat_lit 18432)))) :=
@of_decide_eq_true
  (And
    (@Eq.{1} Nat
      (@HAdd.hAdd.{0, 0, 0} Nat Nat Nat (@instHAdd.{0} Nat instAddNat)
        (@HAdd.hAdd.{0, 0, 0} Nat Nat Nat (@instHAdd.{0} Nat instAddNat)
          (@HAdd.hAdd.{0, 0, 0} Nat Nat Nat (@instHAdd.{0} Nat instAddNat)
            (@OfNat.ofNat.{0} Nat (nat_lit 10752) (instOfNatNat (nat_lit 10752)))
            (@OfNat.ofNat.{0} Nat (nat_lit 1536) (instOfNatNat (nat_lit 1536))))
          (@OfNat.ofNat.{0} Nat (nat_lit 3072) (instOfNatNat (nat_lit 3072))))
        (@OfNat.ofNat.{0} Nat (nat_lit 1536) (instOfNatNat (nat_lit 1536))))
      (@OfNat.ofNat.{0} Nat (nat_lit 16896) (instOfNatNat (nat_lit 16896))))
    (@Eq.{1} Nat
      (@HAdd.hAdd.{0, 0, 0} Nat Nat Nat (@instHAdd.{0} Nat instAddNat)
        (@OfNat.ofNat.{0} Nat (nat_lit 16896) (instOfNatNat (nat_lit 16896)))
        (@OfNat.ofNat.{0} Nat (nat_lit 1536) (instOfNatNat (nat_lit 1536))))
      (@OfNat.ofNat.{0} Nat (nat_lit 18432) (instOfNatNat (nat_lit 18432)))))
  (@instDecidableAnd
    (@Eq.{1} Nat
      (@HAdd.hAdd.{0, 0, 0} Nat Nat Nat (@instHAdd.{0} Nat instAddNat)
        (@HAdd.hAdd.{0, 0, 0} Nat Nat Nat (@instHAdd.{0} Nat instAddNat)
          (@HAdd.hAdd.{0, 0, 0} Nat Nat Nat (@instHAdd.{0} Nat instAddNat)
            (@OfNat.ofNat.{0} Nat (nat_lit 10752) (instOfNatNat (nat_lit 10752)))
            (@OfNat.ofNat.{0} Nat (nat_lit 1536) (instOfNatNat (nat_lit 1536))))
          (@OfNat.ofNat.{0} Nat (nat_lit 3072) (instOfNatNat (nat_lit 3072))))
        (@OfNat.ofNat.{0} Nat (nat_lit 1536) (instOfNatNat (nat_lit 1536))))
      (@OfNat.ofNat.{0} Nat (nat_lit 16896) (instOfNatNat (nat_lit 16896))))
    (@Eq.{1} Nat
      (@HAdd.hAdd.{0, 0, 0} Nat Nat Nat (@instHAdd.{0} Nat instAddNat)
        (@OfNat.ofNat.{0} Nat (nat_lit 16896) (instOfNatNat (nat_lit 16896)))
        (@OfNat.ofNat.{0} Nat (nat_lit 1536) (instOfNatNat (nat_lit 1536))))
      (@OfNat.ofNat.{0} Nat (nat_lit 18432) (instOfNatNat (nat_lit 18432))))
    (instDecidableEqNat
      (@HAdd.hAdd.{0, 0, 0} Nat Nat Nat (@instHAdd.{0} Nat instAddNat)
        (@HAdd.hAdd.{0, 0, 0} Nat Nat Nat (@instHAdd.{0} Nat instAddNat)
          (@HAdd.hAdd.{0, 0, 0} Nat Nat Nat (@instHAdd.{0} Nat instAddNat)
            (@OfNat.ofNat.{0} Nat (nat_lit 10752) (instOfNatNat (nat_lit 10752)))
            (@OfNat.ofNat.{0} Nat (nat_lit 1536) (instOfNatNat (nat_lit 1536))))
          (@OfNat.ofNat.{0} Nat (nat_lit 3072) (instOfNatNat (nat_lit 3072))))
        (@OfNat.ofNat.{0} Nat (nat_lit 1536) (instOfNatNat (nat_lit 1536))))
      (@OfNat.ofNat.{0} Nat (nat_lit 16896) (instOfNatNat (nat_lit 16896))))
    (instDecidableEqNat
      (@HAdd.hAdd.{0, 0, 0} Nat Nat Nat (@instHAdd.{0} Nat instAddNat)
        (@OfNat.ofNat.{0} Nat (nat_lit 16896) (instOfNatNat (nat_lit 16896)))
        (@OfNat.ofNat.{0} Nat (nat_lit 1536) (instOfNatNat (nat_lit 1536))))
      (@OfNat.ofNat.{0} Nat (nat_lit 18432) (instOfNatNat (nat_lit 18432)))))
  (@id.{0}
    (@Eq.{1} Bool
      (@Decidable.decide
        (And
          (@Eq.{1} Nat
            (@HAdd.hAdd.{0, 0, 0} Nat Nat Nat (@instHAdd.{0} Nat instAddNat)
              (@HAdd.hAdd.{0, 0, 0} Nat Nat Nat (@instHAdd.{0} Nat instAddNat)
                (@HAdd.hAdd.{0, 0, 0} Nat Nat Nat (@instHAdd.{0} Nat instAddNat)
                  (@OfNat.ofNat.{0} Nat (nat_lit 10752) (instOfNatNat (nat_lit 10752)))
                  (@OfNat.ofNat.{0} Nat (nat_lit 1536) (instOfNatNat (nat_lit 1536))))
                (@OfNat.ofNat.{0} Nat (nat_lit 3072) (instOfNatNat (nat_lit 3072))))
              (@OfNat.ofNat.{0} Nat (nat_lit 1536) (instOfNatNat (nat_lit 1536))))
            (@OfNat.ofNat.{0} Nat (nat_lit 16896) (instOfNatNat (nat_lit 16896))))
          (@Eq.{1} Nat
            (@HAdd.hAdd.{0, 0, 0} Nat Nat Nat (@instHAdd.{0} Nat instAddNat)
              (@OfNat.ofNat.{0} Nat (nat_lit 16896) (instOfNatNat (nat_lit 16896)))
              (@OfNat.ofNat.{0} Nat (nat_lit 1536) (instOfNatNat (nat_lit 1536))))
            (@OfNat.ofNat.{0} Nat (nat_lit 18432) (instOfNatNat (nat_lit 18432)))))
        (@instDecidableAnd
          (@Eq.{1} Nat
            (@HAdd.hAdd.{0, 0, 0} Nat Nat Nat (@instHAdd.{0} Nat instAddNat)
              (@HAdd.hAdd.{0, 0, 0} Nat Nat Nat (@instHAdd.{0} Nat instAddNat)
                (@HAdd.hAdd.{0, 0, 0} Nat Nat Nat (@instHAdd.{0} Nat instAddNat)
                  (@OfNat.ofNat.{0} Nat (nat_lit 10752) (instOfNatNat (nat_lit 10752)))
                  (@OfNat.ofNat.{0} Nat (nat_lit 1536) (instOfNatNat (nat_lit 1536))))
                (@OfNat.ofNat.{0} Nat (nat_lit 3072) (instOfNatNat (nat_lit 3072))))
              (@OfNat.ofNat.{0} Nat (nat_lit 1536) (instOfNatNat (nat_lit 1536))))
            (@OfNat.ofNat.{0} Nat (nat_lit 16896) (instOfNatNat (nat_lit 16896))))
          (@Eq.{1} Nat
            (@HAdd.hAdd.{0, 0, 0} Nat Nat Nat (@instHAdd.{0} Nat instAddNat)
              (@OfNat.ofNat.{0} Nat (nat_lit 16896) (instOfNatNat (nat_lit 16896)))
              (@OfNat.ofNat.{0} Nat (nat_lit 1536) (instOfNatNat (nat_lit 1536))))
            (@OfNat.ofNat.{0} Nat (nat_lit 18432) (instOfNatNat (nat_lit 18432))))
          (instDecidableEqNat
            (@HAdd.hAdd.{0, 0, 0} Nat Nat Nat (@instHAdd.{0} Nat instAddNat)
              (@HAdd.hAdd.{0, 0, 0} Nat Nat Nat (@instHAdd.{0} Nat instAddNat)
                (@HAdd.hAdd.{0, 0, 0} Nat Nat Nat (@instHAdd.{0} Nat instAddNat)
                  (@OfNat.ofNat.{0} Nat (nat_lit 10752) (instOfNatNat (nat_lit 10752)))
                  (@OfNat.ofNat.{0} Nat (nat_lit 1536) (instOfNatNat (nat_lit 1536))))
                (@OfNat.ofNat.{0} Nat (nat_lit 3072) (instOfNatNat (nat_lit 3072))))
              (@OfNat.ofNat.{0} Nat (nat_lit 1536) (instOfNatNat (nat_lit 1536))))
            (@OfNat.ofNat.{0} Nat (nat_lit 16896) (instOfNatNat (nat_lit 16896))))
          (instDecidableEqNat
            (@HAdd.hAdd.{0, 0, 0} Nat Nat Nat (@instHAdd.{0} Nat instAddNat)
              (@OfNat.ofNat.{0} Nat (nat_lit 16896) (instOfNatNat (nat_lit 16896)))
              (@OfNat.ofNat.{0} Nat (nat_lit 1536) (instOfNatNat (nat_lit 1536))))
            (@OfNat.ofNat.{0} Nat (nat_lit 18432) (instOfNatNat (nat_lit 18432))))))
      Bool.true)
    (@Eq.refl.{1} Bool Bool.true))
Tower.coverage : ∀ (l : Nat)
  (hl :
    And (@LE.le.{0} Nat instLENat (@OfNat.ofNat.{0} Nat (nat_lit 1) (instOfNatNat (nat_lit 1))) l)
      (@LE.le.{0} Nat instLENat l (@OfNat.ofNat.{0} Nat (nat_lit 7) (instOfNatNat (nat_lit 7))))),
  @Eq.{1} Nat
    (@HMul.hMul.{0, 0, 0} Nat Nat Nat (@instHMul.{0} Nat instMulNat)
      (@HMul.hMul.{0, 0, 0} Nat Nat Nat (@instHMul.{0} Nat instMulNat)
        (@OfNat.ofNat.{0} Nat (nat_lit 6) (instOfNatNat (nat_lit 6)))
        (@HPow.hPow.{0, 0, 0} Nat Nat Nat (@instHPow.{0, 0} Nat Nat (@instPowNat.{0} Nat instNatPowNat))
          (@OfNat.ofNat.{0} Nat (nat_lit 2) (instOfNatNat (nat_lit 2)))
          (@HSub.hSub.{0, 0, 0} Nat Nat Nat (@instHSub.{0} Nat instSubNat)
            (@OfNat.ofNat.{0} Nat (nat_lit 8) (instOfNatNat (nat_lit 8))) l)))
      (@HPow.hPow.{0, 0, 0} Nat Nat Nat (@instHPow.{0, 0} Nat Nat (@instPowNat.{0} Nat instNatPowNat))
        (@OfNat.ofNat.{0} Nat (nat_lit 2) (instOfNatNat (nat_lit 2)))
        (@HSub.hSub.{0, 0, 0} Nat Nat Nat (@instHSub.{0} Nat instSubNat) l
          (@OfNat.ofNat.{0} Nat (nat_lit 1) (instOfNatNat (nat_lit 1))))))
    (@OfNat.ofNat.{0} Nat (nat_lit 768) (instOfNatNat (nat_lit 768)))
theorem Tower.coverage : ∀ (l : Nat)
  (hl :
    And (@LE.le.{0} Nat instLENat (@OfNat.ofNat.{0} Nat (nat_lit 1) (instOfNatNat (nat_lit 1))) l)
      (@LE.le.{0} Nat instLENat l (@OfNat.ofNat.{0} Nat (nat_lit 7) (instOfNatNat (nat_lit 7))))),
  @Eq.{1} Nat
    (@HMul.hMul.{0, 0, 0} Nat Nat Nat (@instHMul.{0} Nat instMulNat)
      (@HMul.hMul.{0, 0, 0} Nat Nat Nat (@instHMul.{0} Nat instMulNat)
        (@OfNat.ofNat.{0} Nat (nat_lit 6) (instOfNatNat (nat_lit 6)))
        (@HPow.hPow.{0, 0, 0} Nat Nat Nat (@instHPow.{0, 0} Nat Nat (@instPowNat.{0} Nat instNatPowNat))
          (@OfNat.ofNat.{0} Nat (nat_lit 2) (instOfNatNat (nat_lit 2)))
          (@HSub.hSub.{0, 0, 0} Nat Nat Nat (@instHSub.{0} Nat instSubNat)
            (@OfNat.ofNat.{0} Nat (nat_lit 8) (instOfNatNat (nat_lit 8))) l)))
      (@HPow.hPow.{0, 0, 0} Nat Nat Nat (@instHPow.{0, 0} Nat Nat (@instPowNat.{0} Nat instNatPowNat))
        (@OfNat.ofNat.{0} Nat (nat_lit 2) (instOfNatNat (nat_lit 2)))
        (@HSub.hSub.{0, 0, 0} Nat Nat Nat (@instHSub.{0} Nat instSubNat) l
          (@OfNat.ofNat.{0} Nat (nat_lit 1) (instOfNatNat (nat_lit 1))))))
    (@OfNat.ofNat.{0} Nat (nat_lit 768) (instOfNatNat (nat_lit 768))) :=
fun (l : Nat)
    (hl :
      And (@LE.le.{0} Nat instLENat (@OfNat.ofNat.{0} Nat (nat_lit 1) (instOfNatNat (nat_lit 1))) l)
        (@LE.le.{0} Nat instLENat l (@OfNat.ofNat.{0} Nat (nat_lit 7) (instOfNatNat (nat_lit 7))))) =>
  have hp :
    @Eq.{1} Nat
      (@HAdd.hAdd.{0, 0, 0} Nat Nat Nat (@instHAdd.{0} Nat instAddNat)
        (@HSub.hSub.{0, 0, 0} Nat Nat Nat (@instHSub.{0} Nat instSubNat)
          (@OfNat.ofNat.{0} Nat (nat_lit 8) (instOfNatNat (nat_lit 8))) l)
        (@HSub.hSub.{0, 0, 0} Nat Nat Nat (@instHSub.{0} Nat instSubNat) l
          (@OfNat.ofNat.{0} Nat (nat_lit 1) (instOfNatNat (nat_lit 1)))))
      (@OfNat.ofNat.{0} Nat (nat_lit 7) (instOfNatNat (nat_lit 7))) :=
    @Decidable.byContradiction
      (@Eq.{1} Nat
        (@HAdd.hAdd.{0, 0, 0} Nat Nat Nat (@instHAdd.{0} Nat instAddNat)
          (@HSub.hSub.{0, 0, 0} Nat Nat Nat (@instHSub.{0} Nat instSubNat)
            (@OfNat.ofNat.{0} Nat (nat_lit 8) (instOfNatNat (nat_lit 8))) l)
          (@HSub.hSub.{0, 0, 0} Nat Nat Nat (@instHSub.{0} Nat instSubNat) l
            (@OfNat.ofNat.{0} Nat (nat_lit 1) (instOfNatNat (nat_lit 1)))))
        (@OfNat.ofNat.{0} Nat (nat_lit 7) (instOfNatNat (nat_lit 7))))
      (instDecidableEqNat
        (@HAdd.hAdd.{0, 0, 0} Nat Nat Nat (@instHAdd.{0} Nat instAddNat)
          (@HSub.hSub.{0, 0, 0} Nat Nat Nat (@instHSub.{0} Nat instSubNat)
            (@OfNat.ofNat.{0} Nat (nat_lit 8) (instOfNatNat (nat_lit 8))) l)
          (@HSub.hSub.{0, 0, 0} Nat Nat Nat (@instHSub.{0} Nat instSubNat) l
            (@OfNat.ofNat.{0} Nat (nat_lit 1) (instOfNatNat (nat_lit 1)))))
        (@OfNat.ofNat.{0} Nat (nat_lit 7) (instOfNatNat (nat_lit 7))))
      fun
        (a :
          Not
            (@Eq.{1} Nat
              (@HAdd.hAdd.{0, 0, 0} Nat Nat Nat (@instHAdd.{0} Nat instAddNat)
                (@HSub.hSub.{0, 0, 0} Nat Nat Nat (@instHSub.{0} Nat instSubNat)
                  (@OfNat.ofNat.{0} Nat (nat_lit 8) (instOfNatNat (nat_lit 8))) l)
                (@HSub.hSub.{0, 0, 0} Nat Nat Nat (@instHSub.{0} Nat instSubNat) l
                  (@OfNat.ofNat.{0} Nat (nat_lit 1) (instOfNatNat (nat_lit 1)))))
              (@OfNat.ofNat.{0} Nat (nat_lit 7) (instOfNatNat (nat_lit 7))))) =>
      Tower.coverage._proof_1_1 l hl a;
  @Eq.mpr.{0}
    (@Eq.{1} Nat
      (@HMul.hMul.{0, 0, 0} Nat Nat Nat (@instHMul.{0} Nat instMulNat)
        (@HMul.hMul.{0, 0, 0} Nat Nat Nat (@instHMul.{0} Nat instMulNat)
          (@OfNat.ofNat.{0} Nat (nat_lit 6) (instOfNatNat (nat_lit 6)))
          (@HPow.hPow.{0, 0, 0} Nat Nat Nat (@instHPow.{0, 0} Nat Nat (@instPowNat.{0} Nat instNatPowNat))
            (@OfNat.ofNat.{0} Nat (nat_lit 2) (instOfNatNat (nat_lit 2)))
            (@HSub.hSub.{0, 0, 0} Nat Nat Nat (@instHSub.{0} Nat instSubNat)
              (@OfNat.ofNat.{0} Nat (nat_lit 8) (instOfNatNat (nat_lit 8))) l)))
        (@HPow.hPow.{0, 0, 0} Nat Nat Nat (@instHPow.{0, 0} Nat Nat (@instPowNat.{0} Nat instNatPowNat))
          (@OfNat.ofNat.{0} Nat (nat_lit 2) (instOfNatNat (nat_lit 2)))
          (@HSub.hSub.{0, 0, 0} Nat Nat Nat (@instHSub.{0} Nat instSubNat) l
            (@OfNat.ofNat.{0} Nat (nat_lit 1) (instOfNatNat (nat_lit 1))))))
      (@OfNat.ofNat.{0} Nat (nat_lit 768) (instOfNatNat (nat_lit 768))))
    (@Eq.{1} Nat
      (@HMul.hMul.{0, 0, 0} Nat Nat Nat (@instHMul.{0} Nat instMulNat)
        (@OfNat.ofNat.{0} Nat (nat_lit 6) (instOfNatNat (nat_lit 6)))
        (@HMul.hMul.{0, 0, 0} Nat Nat Nat (@instHMul.{0} Nat instMulNat)
          (@HPow.hPow.{0, 0, 0} Nat Nat Nat (@instHPow.{0, 0} Nat Nat (@instPowNat.{0} Nat instNatPowNat))
            (@OfNat.ofNat.{0} Nat (nat_lit 2) (instOfNatNat (nat_lit 2)))
            (@HSub.hSub.{0, 0, 0} Nat Nat Nat (@instHSub.{0} Nat instSubNat)
              (@OfNat.ofNat.{0} Nat (nat_lit 8) (instOfNatNat (nat_lit 8))) l))
          (@HPow.hPow.{0, 0, 0} Nat Nat Nat (@instHPow.{0, 0} Nat Nat (@instPowNat.{0} Nat instNatPowNat))
            (@OfNat.ofNat.{0} Nat (nat_lit 2) (instOfNatNat (nat_lit 2)))
            (@HSub.hSub.{0, 0, 0} Nat Nat Nat (@instHSub.{0} Nat instSubNat) l
              (@OfNat.ofNat.{0} Nat (nat_lit 1) (instOfNatNat (nat_lit 1)))))))
      (@OfNat.ofNat.{0} Nat (nat_lit 768) (instOfNatNat (nat_lit 768))))
    (@id.{0}
      (@Eq.{1} Prop
        (@Eq.{1} Nat
          (@HMul.hMul.{0, 0, 0} Nat Nat Nat (@instHMul.{0} Nat instMulNat)
            (@HMul.hMul.{0, 0, 0} Nat Nat Nat (@instHMul.{0} Nat instMulNat)
              (@OfNat.ofNat.{0} Nat (nat_lit 6) (instOfNatNat (nat_lit 6)))
              (@HPow.hPow.{0, 0, 0} Nat Nat Nat (@instHPow.{0, 0} Nat Nat (@instPowNat.{0} Nat instNatPowNat))
                (@OfNat.ofNat.{0} Nat (nat_lit 2) (instOfNatNat (nat_lit 2)))
                (@HSub.hSub.{0, 0, 0} Nat Nat Nat (@instHSub.{0} Nat instSubNat)
                  (@OfNat.ofNat.{0} Nat (nat_lit 8) (instOfNatNat (nat_lit 8))) l)))
            (@HPow.hPow.{0, 0, 0} Nat Nat Nat (@instHPow.{0, 0} Nat Nat (@instPowNat.{0} Nat instNatPowNat))
              (@OfNat.ofNat.{0} Nat (nat_lit 2) (instOfNatNat (nat_lit 2)))
              (@HSub.hSub.{0, 0, 0} Nat Nat Nat (@instHSub.{0} Nat instSubNat) l
                (@OfNat.ofNat.{0} Nat (nat_lit 1) (instOfNatNat (nat_lit 1))))))
          (@OfNat.ofNat.{0} Nat (nat_lit 768) (instOfNatNat (nat_lit 768))))
        (@Eq.{1} Nat
          (@HMul.hMul.{0, 0, 0} Nat Nat Nat (@instHMul.{0} Nat instMulNat)
            (@OfNat.ofNat.{0} Nat (nat_lit 6) (instOfNatNat (nat_lit 6)))
            (@HMul.hMul.{0, 0, 0} Nat Nat Nat (@instHMul.{0} Nat instMulNat)
              (@HPow.hPow.{0, 0, 0} Nat Nat Nat (@instHPow.{0, 0} Nat Nat (@instPowNat.{0} Nat instNatPowNat))
                (@OfNat.ofNat.{0} Nat (nat_lit 2) (instOfNatNat (nat_lit 2)))
                (@HSub.hSub.{0, 0, 0} Nat Nat Nat (@instHSub.{0} Nat instSubNat)
                  (@OfNat.ofNat.{0} Nat (nat_lit 8) (instOfNatNat (nat_lit 8))) l))
              (@HPow.hPow.{0, 0, 0} Nat Nat Nat (@instHPow.{0, 0} Nat Nat (@instPowNat.{0} Nat instNatPowNat))
                (@OfNat.ofNat.{0} Nat (nat_lit 2) (instOfNatNat (nat_lit 2)))
                (@HSub.hSub.{0, 0, 0} Nat Nat Nat (@instHSub.{0} Nat instSubNat) l
                  (@OfNat.ofNat.{0} Nat (nat_lit 1) (instOfNatNat (nat_lit 1)))))))
          (@OfNat.ofNat.{0} Nat (nat_lit 768) (instOfNatNat (nat_lit 768)))))
      (@congrArg.{1, 1} Nat Prop
        (@HMul.hMul.{0, 0, 0} Nat Nat Nat (@instHMul.{0} Nat instMulNat)
          (@HMul.hMul.{0, 0, 0} Nat Nat Nat (@instHMul.{0} Nat instMulNat)
            (@OfNat.ofNat.{0} Nat (nat_lit 6) (instOfNatNat (nat_lit 6)))
            (@HPow.hPow.{0, 0, 0} Nat Nat Nat (@instHPow.{0, 0} Nat Nat (@instPowNat.{0} Nat instNatPowNat))
              (@OfNat.ofNat.{0} Nat (nat_lit 2) (instOfNatNat (nat_lit 2)))
              (@HSub.hSub.{0, 0, 0} Nat Nat Nat (@instHSub.{0} Nat instSubNat)
                (@OfNat.ofNat.{0} Nat (nat_lit 8) (instOfNatNat (nat_lit 8))) l)))
          (@HPow.hPow.{0, 0, 0} Nat Nat Nat (@instHPow.{0, 0} Nat Nat (@instPowNat.{0} Nat instNatPowNat))
            (@OfNat.ofNat.{0} Nat (nat_lit 2) (instOfNatNat (nat_lit 2)))
            (@HSub.hSub.{0, 0, 0} Nat Nat Nat (@instHSub.{0} Nat instSubNat) l
              (@OfNat.ofNat.{0} Nat (nat_lit 1) (instOfNatNat (nat_lit 1))))))
        (@HMul.hMul.{0, 0, 0} Nat Nat Nat (@instHMul.{0} Nat instMulNat)
          (@OfNat.ofNat.{0} Nat (nat_lit 6) (instOfNatNat (nat_lit 6)))
          (@HMul.hMul.{0, 0, 0} Nat Nat Nat (@instHMul.{0} Nat instMulNat)
            (@HPow.hPow.{0, 0, 0} Nat Nat Nat (@instHPow.{0, 0} Nat Nat (@instPowNat.{0} Nat instNatPowNat))
              (@OfNat.ofNat.{0} Nat (nat_lit 2) (instOfNatNat (nat_lit 2)))
              (@HSub.hSub.{0, 0, 0} Nat Nat Nat (@instHSub.{0} Nat instSubNat)
                (@OfNat.ofNat.{0} Nat (nat_lit 8) (instOfNatNat (nat_lit 8))) l))
            (@HPow.hPow.{0, 0, 0} Nat Nat Nat (@instHPow.{0, 0} Nat Nat (@instPowNat.{0} Nat instNatPowNat))
              (@OfNat.ofNat.{0} Nat (nat_lit 2) (instOfNatNat (nat_lit 2)))
              (@HSub.hSub.{0, 0, 0} Nat Nat Nat (@instHSub.{0} Nat instSubNat) l
                (@OfNat.ofNat.{0} Nat (nat_lit 1) (instOfNatNat (nat_lit 1)))))))
        (fun (_a : Nat) => @Eq.{1} Nat _a (@OfNat.ofNat.{0} Nat (nat_lit 768) (instOfNatNat (nat_lit 768))))
        (Nat.mul_assoc (@OfNat.ofNat.{0} Nat (nat_lit 6) (instOfNatNat (nat_lit 6)))
          (@HPow.hPow.{0, 0, 0} Nat Nat Nat (@instHPow.{0, 0} Nat Nat (@instPowNat.{0} Nat instNatPowNat))
            (@OfNat.ofNat.{0} Nat (nat_lit 2) (instOfNatNat (nat_lit 2)))
            (@HSub.hSub.{0, 0, 0} Nat Nat Nat (@instHSub.{0} Nat instSubNat)
              (@OfNat.ofNat.{0} Nat (nat_lit 8) (instOfNatNat (nat_lit 8))) l))
          (@HPow.hPow.{0, 0, 0} Nat Nat Nat (@instHPow.{0, 0} Nat Nat (@instPowNat.{0} Nat instNatPowNat))
            (@OfNat.ofNat.{0} Nat (nat_lit 2) (instOfNatNat (nat_lit 2)))
            (@HSub.hSub.{0, 0, 0} Nat Nat Nat (@instHSub.{0} Nat instSubNat) l
              (@OfNat.ofNat.{0} Nat (nat_lit 1) (instOfNatNat (nat_lit 1))))))))
    (@Eq.mpr.{0}
      (@Eq.{1} Nat
        (@HMul.hMul.{0, 0, 0} Nat Nat Nat (@instHMul.{0} Nat instMulNat)
          (@OfNat.ofNat.{0} Nat (nat_lit 6) (instOfNatNat (nat_lit 6)))
          (@HMul.hMul.{0, 0, 0} Nat Nat Nat (@instHMul.{0} Nat instMulNat)
            (@HPow.hPow.{0, 0, 0} Nat Nat Nat (@instHPow.{0, 0} Nat Nat (@instPowNat.{0} Nat instNatPowNat))
              (@OfNat.ofNat.{0} Nat (nat_lit 2) (instOfNatNat (nat_lit 2)))
              (@HSub.hSub.{0, 0, 0} Nat Nat Nat (@instHSub.{0} Nat instSubNat)
                (@OfNat.ofNat.{0} Nat (nat_lit 8) (instOfNatNat (nat_lit 8))) l))
            (@HPow.hPow.{0, 0, 0} Nat Nat Nat (@instHPow.{0, 0} Nat Nat (@instPowNat.{0} Nat instNatPowNat))
              (@OfNat.ofNat.{0} Nat (nat_lit 2) (instOfNatNat (nat_lit 2)))
              (@HSub.hSub.{0, 0, 0} Nat Nat Nat (@instHSub.{0} Nat instSubNat) l
                (@OfNat.ofNat.{0} Nat (nat_lit 1) (instOfNatNat (nat_lit 1)))))))
        (@OfNat.ofNat.{0} Nat (nat_lit 768) (instOfNatNat (nat_lit 768))))
      (@Eq.{1} Nat
        (@HMul.hMul.{0, 0, 0} Nat Nat Nat (@instHMul.{0} Nat instMulNat)
          (@OfNat.ofNat.{0} Nat (nat_lit 6) (instOfNatNat (nat_lit 6)))
          (@HPow.hPow.{0, 0, 0} Nat Nat Nat (@instHPow.{0, 0} Nat Nat (@instPowNat.{0} Nat instNatPowNat))
            (@OfNat.ofNat.{0} Nat (nat_lit 2) (instOfNatNat (nat_lit 2)))
            (@HAdd.hAdd.{0, 0, 0} Nat Nat Nat (@instHAdd.{0} Nat instAddNat)
              (@HSub.hSub.{0, 0, 0} Nat Nat Nat (@instHSub.{0} Nat instSubNat)
                (@OfNat.ofNat.{0} Nat (nat_lit 8) (instOfNatNat (nat_lit 8))) l)
              (@HSub.hSub.{0, 0, 0} Nat Nat Nat (@instHSub.{0} Nat instSubNat) l
                (@OfNat.ofNat.{0} Nat (nat_lit 1) (instOfNatNat (nat_lit 1)))))))
        (@OfNat.ofNat.{0} Nat (nat_lit 768) (instOfNatNat (nat_lit 768))))
      (@id.{0}
        (@Eq.{1} Prop
          (@Eq.{1} Nat
            (@HMul.hMul.{0, 0, 0} Nat Nat Nat (@instHMul.{0} Nat instMulNat)
              (@OfNat.ofNat.{0} Nat (nat_lit 6) (instOfNatNat (nat_lit 6)))
              (@HMul.hMul.{0, 0, 0} Nat Nat Nat (@instHMul.{0} Nat instMulNat)
                (@HPow.hPow.{0, 0, 0} Nat Nat Nat (@instHPow.{0, 0} Nat Nat (@instPowNat.{0} Nat instNatPowNat))
                  (@OfNat.ofNat.{0} Nat (nat_lit 2) (instOfNatNat (nat_lit 2)))
                  (@HSub.hSub.{0, 0, 0} Nat Nat Nat (@instHSub.{0} Nat instSubNat)
                    (@OfNat.ofNat.{0} Nat (nat_lit 8) (instOfNatNat (nat_lit 8))) l))
                (@HPow.hPow.{0, 0, 0} Nat Nat Nat (@instHPow.{0, 0} Nat Nat (@instPowNat.{0} Nat instNatPowNat))
                  (@OfNat.ofNat.{0} Nat (nat_lit 2) (instOfNatNat (nat_lit 2)))
                  (@HSub.hSub.{0, 0, 0} Nat Nat Nat (@instHSub.{0} Nat instSubNat) l
                    (@OfNat.ofNat.{0} Nat (nat_lit 1) (instOfNatNat (nat_lit 1)))))))
            (@OfNat.ofNat.{0} Nat (nat_lit 768) (instOfNatNat (nat_lit 768))))
          (@Eq.{1} Nat
            (@HMul.hMul.{0, 0, 0} Nat Nat Nat (@instHMul.{0} Nat instMulNat)
              (@OfNat.ofNat.{0} Nat (nat_lit 6) (instOfNatNat (nat_lit 6)))
              (@HPow.hPow.{0, 0, 0} Nat Nat Nat (@instHPow.{0, 0} Nat Nat (@instPowNat.{0} Nat instNatPowNat))
                (@OfNat.ofNat.{0} Nat (nat_lit 2) (instOfNatNat (nat_lit 2)))
                (@HAdd.hAdd.{0, 0, 0} Nat Nat Nat (@instHAdd.{0} Nat instAddNat)
                  (@HSub.hSub.{0, 0, 0} Nat Nat Nat (@instHSub.{0} Nat instSubNat)
                    (@OfNat.ofNat.{0} Nat (nat_lit 8) (instOfNatNat (nat_lit 8))) l)
                  (@HSub.hSub.{0, 0, 0} Nat Nat Nat (@instHSub.{0} Nat instSubNat) l
                    (@OfNat.ofNat.{0} Nat (nat_lit 1) (instOfNatNat (nat_lit 1)))))))
            (@OfNat.ofNat.{0} Nat (nat_lit 768) (instOfNatNat (nat_lit 768)))))
        (@congrArg.{1, 1} Nat Prop
          (@HMul.hMul.{0, 0, 0} Nat Nat Nat (@instHMul.{0} Nat instMulNat)
            (@HPow.hPow.{0, 0, 0} Nat Nat Nat (@instHPow.{0, 0} Nat Nat (@instPowNat.{0} Nat instNatPowNat))
              (@OfNat.ofNat.{0} Nat (nat_lit 2) (instOfNatNat (nat_lit 2)))
              (@HSub.hSub.{0, 0, 0} Nat Nat Nat (@instHSub.{0} Nat instSubNat)
                (@OfNat.ofNat.{0} Nat (nat_lit 8) (instOfNatNat (nat_lit 8))) l))
            (@HPow.hPow.{0, 0, 0} Nat Nat Nat (@instHPow.{0, 0} Nat Nat (@instPowNat.{0} Nat instNatPowNat))
              (@OfNat.ofNat.{0} Nat (nat_lit 2) (instOfNatNat (nat_lit 2)))
              (@HSub.hSub.{0, 0, 0} Nat Nat Nat (@instHSub.{0} Nat instSubNat) l
                (@OfNat.ofNat.{0} Nat (nat_lit 1) (instOfNatNat (nat_lit 1))))))
          (@HPow.hPow.{0, 0, 0} Nat Nat Nat (@instHPow.{0, 0} Nat Nat (@instPowNat.{0} Nat instNatPowNat))
            (@OfNat.ofNat.{0} Nat (nat_lit 2) (instOfNatNat (nat_lit 2)))
            (@HAdd.hAdd.{0, 0, 0} Nat Nat Nat (@instHAdd.{0} Nat instAddNat)
              (@HSub.hSub.{0, 0, 0} Nat Nat Nat (@instHSub.{0} Nat instSubNat)
                (@OfNat.ofNat.{0} Nat (nat_lit 8) (instOfNatNat (nat_lit 8))) l)
              (@HSub.hSub.{0, 0, 0} Nat Nat Nat (@instHSub.{0} Nat instSubNat) l
                (@OfNat.ofNat.{0} Nat (nat_lit 1) (instOfNatNat (nat_lit 1))))))
          (fun (_a : Nat) =>
            @Eq.{1} Nat
              (@HMul.hMul.{0, 0, 0} Nat Nat Nat (@instHMul.{0} Nat instMulNat)
                (@OfNat.ofNat.{0} Nat (nat_lit 6) (instOfNatNat (nat_lit 6))) _a)
              (@OfNat.ofNat.{0} Nat (nat_lit 768) (instOfNatNat (nat_lit 768))))
          (@Eq.symm.{1} Nat
            (@HPow.hPow.{0, 0, 0} Nat Nat Nat (@instHPow.{0, 0} Nat Nat (@instPowNat.{0} Nat instNatPowNat))
              (@OfNat.ofNat.{0} Nat (nat_lit 2) (instOfNatNat (nat_lit 2)))
              (@HAdd.hAdd.{0, 0, 0} Nat Nat Nat (@instHAdd.{0} Nat instAddNat)
                (@HSub.hSub.{0, 0, 0} Nat Nat Nat (@instHSub.{0} Nat instSubNat)
                  (@OfNat.ofNat.{0} Nat (nat_lit 8) (instOfNatNat (nat_lit 8))) l)
                (@HSub.hSub.{0, 0, 0} Nat Nat Nat (@instHSub.{0} Nat instSubNat) l
                  (@OfNat.ofNat.{0} Nat (nat_lit 1) (instOfNatNat (nat_lit 1))))))
            (@HMul.hMul.{0, 0, 0} Nat Nat Nat (@instHMul.{0} Nat instMulNat)
              (@HPow.hPow.{0, 0, 0} Nat Nat Nat (@instHPow.{0, 0} Nat Nat (@instPowNat.{0} Nat instNatPowNat))
                (@OfNat.ofNat.{0} Nat (nat_lit 2) (instOfNatNat (nat_lit 2)))
                (@HSub.hSub.{0, 0, 0} Nat Nat Nat (@instHSub.{0} Nat instSubNat)
                  (@OfNat.ofNat.{0} Nat (nat_lit 8) (instOfNatNat (nat_lit 8))) l))
              (@HPow.hPow.{0, 0, 0} Nat Nat Nat (@instHPow.{0, 0} Nat Nat (@instPowNat.{0} Nat instNatPowNat))
                (@OfNat.ofNat.{0} Nat (nat_lit 2) (instOfNatNat (nat_lit 2)))
                (@HSub.hSub.{0, 0, 0} Nat Nat Nat (@instHSub.{0} Nat instSubNat) l
                  (@OfNat.ofNat.{0} Nat (nat_lit 1) (instOfNatNat (nat_lit 1))))))
            (Nat.pow_add (@OfNat.ofNat.{0} Nat (nat_lit 2) (instOfNatNat (nat_lit 2)))
              (@HSub.hSub.{0, 0, 0} Nat Nat Nat (@instHSub.{0} Nat instSubNat)
                (@OfNat.ofNat.{0} Nat (nat_lit 8) (instOfNatNat (nat_lit 8))) l)
              (@HSub.hSub.{0, 0, 0} Nat Nat Nat (@instHSub.{0} Nat instSubNat) l
                (@OfNat.ofNat.{0} Nat (nat_lit 1) (instOfNatNat (nat_lit 1))))))))
      (@Eq.mpr.{0}
        (@Eq.{1} Nat
          (@HMul.hMul.{0, 0, 0} Nat Nat Nat (@instHMul.{0} Nat instMulNat)
            (@OfNat.ofNat.{0} Nat (nat_lit 6) (instOfNatNat (nat_lit 6)))
            (@HPow.hPow.{0, 0, 0} Nat Nat Nat (@instHPow.{0, 0} Nat Nat (@instPowNat.{0} Nat instNatPowNat))
              (@OfNat.ofNat.{0} Nat (nat_lit 2) (instOfNatNat (nat_lit 2)))
              (@HAdd.hAdd.{0, 0, 0} Nat Nat Nat (@instHAdd.{0} Nat instAddNat)
                (@HSub.hSub.{0, 0, 0} Nat Nat Nat (@instHSub.{0} Nat instSubNat)
                  (@OfNat.ofNat.{0} Nat (nat_lit 8) (instOfNatNat (nat_lit 8))) l)
                (@HSub.hSub.{0, 0, 0} Nat Nat Nat (@instHSub.{0} Nat instSubNat) l
                  (@OfNat.ofNat.{0} Nat (nat_lit 1) (instOfNatNat (nat_lit 1)))))))
          (@OfNat.ofNat.{0} Nat (nat_lit 768) (instOfNatNat (nat_lit 768))))
        (@Eq.{1} Nat
          (@HMul.hMul.{0, 0, 0} Nat Nat Nat (@instHMul.{0} Nat instMulNat)
            (@OfNat.ofNat.{0} Nat (nat_lit 6) (instOfNatNat (nat_lit 6)))
            (@HPow.hPow.{0, 0, 0} Nat Nat Nat (@instHPow.{0, 0} Nat Nat (@instPowNat.{0} Nat instNatPowNat))
              (@OfNat.ofNat.{0} Nat (nat_lit 2) (instOfNatNat (nat_lit 2)))
              (@OfNat.ofNat.{0} Nat (nat_lit 7) (instOfNatNat (nat_lit 7)))))
          (@OfNat.ofNat.{0} Nat (nat_lit 768) (instOfNatNat (nat_lit 768))))
        (@id.{0}
          (@Eq.{1} Prop
            (@Eq.{1} Nat
              (@HMul.hMul.{0, 0, 0} Nat Nat Nat (@instHMul.{0} Nat instMulNat)
                (@OfNat.ofNat.{0} Nat (nat_lit 6) (instOfNatNat (nat_lit 6)))
                (@HPow.hPow.{0, 0, 0} Nat Nat Nat (@instHPow.{0, 0} Nat Nat (@instPowNat.{0} Nat instNatPowNat))
                  (@OfNat.ofNat.{0} Nat (nat_lit 2) (instOfNatNat (nat_lit 2)))
                  (@HAdd.hAdd.{0, 0, 0} Nat Nat Nat (@instHAdd.{0} Nat instAddNat)
                    (@HSub.hSub.{0, 0, 0} Nat Nat Nat (@instHSub.{0} Nat instSubNat)
                      (@OfNat.ofNat.{0} Nat (nat_lit 8) (instOfNatNat (nat_lit 8))) l)
                    (@HSub.hSub.{0, 0, 0} Nat Nat Nat (@instHSub.{0} Nat instSubNat) l
                      (@OfNat.ofNat.{0} Nat (nat_lit 1) (instOfNatNat (nat_lit 1)))))))
              (@OfNat.ofNat.{0} Nat (nat_lit 768) (instOfNatNat (nat_lit 768))))
            (@Eq.{1} Nat
              (@HMul.hMul.{0, 0, 0} Nat Nat Nat (@instHMul.{0} Nat instMulNat)
                (@OfNat.ofNat.{0} Nat (nat_lit 6) (instOfNatNat (nat_lit 6)))
                (@HPow.hPow.{0, 0, 0} Nat Nat Nat (@instHPow.{0, 0} Nat Nat (@instPowNat.{0} Nat instNatPowNat))
                  (@OfNat.ofNat.{0} Nat (nat_lit 2) (instOfNatNat (nat_lit 2)))
                  (@OfNat.ofNat.{0} Nat (nat_lit 7) (instOfNatNat (nat_lit 7)))))
              (@OfNat.ofNat.{0} Nat (nat_lit 768) (instOfNatNat (nat_lit 768)))))
          (@congrArg.{1, 1} Nat Prop
            (@HAdd.hAdd.{0, 0, 0} Nat Nat Nat (@instHAdd.{0} Nat instAddNat)
              (@HSub.hSub.{0, 0, 0} Nat Nat Nat (@instHSub.{0} Nat instSubNat)
                (@OfNat.ofNat.{0} Nat (nat_lit 8) (instOfNatNat (nat_lit 8))) l)
              (@HSub.hSub.{0, 0, 0} Nat Nat Nat (@instHSub.{0} Nat instSubNat) l
                (@OfNat.ofNat.{0} Nat (nat_lit 1) (instOfNatNat (nat_lit 1)))))
            (@OfNat.ofNat.{0} Nat (nat_lit 7) (instOfNatNat (nat_lit 7)))
            (fun (_a : Nat) =>
              @Eq.{1} Nat
                (@HMul.hMul.{0, 0, 0} Nat Nat Nat (@instHMul.{0} Nat instMulNat)
                  (@OfNat.ofNat.{0} Nat (nat_lit 6) (instOfNatNat (nat_lit 6)))
                  (@HPow.hPow.{0, 0, 0} Nat Nat Nat (@instHPow.{0, 0} Nat Nat (@instPowNat.{0} Nat instNatPowNat))
                    (@OfNat.ofNat.{0} Nat (nat_lit 2) (instOfNatNat (nat_lit 2))) _a))
                (@OfNat.ofNat.{0} Nat (nat_lit 768) (instOfNatNat (nat_lit 768))))
            hp))
        (@Eq.refl.{1} Nat
          (@HMul.hMul.{0, 0, 0} Nat Nat Nat (@instHMul.{0} Nat instMulNat)
            (@OfNat.ofNat.{0} Nat (nat_lit 6) (instOfNatNat (nat_lit 6)))
            (@HPow.hPow.{0, 0, 0} Nat Nat Nat (@instHPow.{0, 0} Nat Nat (@instPowNat.{0} Nat instNatPowNat))
              (@OfNat.ofNat.{0} Nat (nat_lit 2) (instOfNatNat (nat_lit 2)))
              (@OfNat.ofNat.{0} Nat (nat_lit 7) (instOfNatNat (nat_lit 7))))))))
Tower.actual_order : ∀ (d off : Nat),
  @Eq.{1} (List.{0} Tower.Event)
    (Tower.trace
      (@HAdd.hAdd.{0, 0, 0} Nat Nat Nat (@instHAdd.{0} Nat instAddNat) d
        (@OfNat.ofNat.{0} Nat (nat_lit 1) (instOfNatNat (nat_lit 1))))
      off)
    (@HAppend.hAppend.{0, 0, 0} (List.{0} Tower.Event) (List.{0} Tower.Event) (List.{0} Tower.Event)
      (@instHAppendOfAppend.{0} (List.{0} Tower.Event) (@List.instAppend.{0} Tower.Event))
      (@HAppend.hAppend.{0, 0, 0} (List.{0} Tower.Event) (List.{0} Tower.Event) (List.{0} Tower.Event)
        (@instHAppendOfAppend.{0} (List.{0} Tower.Event) (@List.instAppend.{0} Tower.Event))
        (@HAppend.hAppend.{0, 0, 0} (List.{0} Tower.Event) (List.{0} Tower.Event) (List.{0} Tower.Event)
          (@instHAppendOfAppend.{0} (List.{0} Tower.Event) (@List.instAppend.{0} Tower.Event))
          (@List.cons.{0} Tower.Event
            (Tower.Event.split
              (@HAdd.hAdd.{0, 0, 0} Nat Nat Nat (@instHAdd.{0} Nat instAddNat) d
                (@OfNat.ofNat.{0} Nat (nat_lit 2) (instOfNatNat (nat_lit 2)))))
            (@List.nil.{0} Tower.Event))
          (Tower.trace d
            (@HAdd.hAdd.{0, 0, 0} Nat Nat Nat (@instHAdd.{0} Nat instAddNat) off
              (@HPow.hPow.{0, 0, 0} Nat Nat Nat (@instHPow.{0, 0} Nat Nat (@instPowNat.{0} Nat instNatPowNat))
                (@OfNat.ofNat.{0} Nat (nat_lit 2) (instOfNatNat (nat_lit 2)))
                (@HAdd.hAdd.{0, 0, 0} Nat Nat Nat (@instHAdd.{0} Nat instAddNat) d
                  (@OfNat.ofNat.{0} Nat (nat_lit 2) (instOfNatNat (nat_lit 2))))))))
        (@List.cons.{0} Tower.Event
          (Tower.Event.localLDL
            (@HAdd.hAdd.{0, 0, 0} Nat Nat Nat (@instHAdd.{0} Nat instAddNat) d
              (@OfNat.ofNat.{0} Nat (nat_lit 2) (instOfNatNat (nat_lit 2))))
            off)
          (@List.cons.{0} Tower.Event
            (Tower.Event.split
              (@HAdd.hAdd.{0, 0, 0} Nat Nat Nat (@instHAdd.{0} Nat instAddNat) d
                (@OfNat.ofNat.{0} Nat (nat_lit 2) (instOfNatNat (nat_lit 2)))))
            (@List.nil.{0} Tower.Event))))
      (Tower.trace d
        (@HAdd.hAdd.{0, 0, 0} Nat Nat Nat (@instHAdd.{0} Nat instAddNat)
          (@HAdd.hAdd.{0, 0, 0} Nat Nat Nat (@instHAdd.{0} Nat instAddNat) off
            (@HPow.hPow.{0, 0, 0} Nat Nat Nat (@instHPow.{0, 0} Nat Nat (@instPowNat.{0} Nat instNatPowNat))
              (@OfNat.ofNat.{0} Nat (nat_lit 2) (instOfNatNat (nat_lit 2)))
              (@HAdd.hAdd.{0, 0, 0} Nat Nat Nat (@instHAdd.{0} Nat instAddNat) d
                (@OfNat.ofNat.{0} Nat (nat_lit 2) (instOfNatNat (nat_lit 2))))))
          (Tower.words d))))
theorem Tower.actual_order : ∀ (d off : Nat),
  @Eq.{1} (List.{0} Tower.Event)
    (Tower.trace
      (@HAdd.hAdd.{0, 0, 0} Nat Nat Nat (@instHAdd.{0} Nat instAddNat) d
        (@OfNat.ofNat.{0} Nat (nat_lit 1) (instOfNatNat (nat_lit 1))))
      off)
    (@HAppend.hAppend.{0, 0, 0} (List.{0} Tower.Event) (List.{0} Tower.Event) (List.{0} Tower.Event)
      (@instHAppendOfAppend.{0} (List.{0} Tower.Event) (@List.instAppend.{0} Tower.Event))
      (@HAppend.hAppend.{0, 0, 0} (List.{0} Tower.Event) (List.{0} Tower.Event) (List.{0} Tower.Event)
        (@instHAppendOfAppend.{0} (List.{0} Tower.Event) (@List.instAppend.{0} Tower.Event))
        (@HAppend.hAppend.{0, 0, 0} (List.{0} Tower.Event) (List.{0} Tower.Event) (List.{0} Tower.Event)
          (@instHAppendOfAppend.{0} (List.{0} Tower.Event) (@List.instAppend.{0} Tower.Event))
          (@List.cons.{0} Tower.Event
            (Tower.Event.split
              (@HAdd.hAdd.{0, 0, 0} Nat Nat Nat (@instHAdd.{0} Nat instAddNat) d
                (@OfNat.ofNat.{0} Nat (nat_lit 2) (instOfNatNat (nat_lit 2)))))
            (@List.nil.{0} Tower.Event))
          (Tower.trace d
            (@HAdd.hAdd.{0, 0, 0} Nat Nat Nat (@instHAdd.{0} Nat instAddNat) off
              (@HPow.hPow.{0, 0, 0} Nat Nat Nat (@instHPow.{0, 0} Nat Nat (@instPowNat.{0} Nat instNatPowNat))
                (@OfNat.ofNat.{0} Nat (nat_lit 2) (instOfNatNat (nat_lit 2)))
                (@HAdd.hAdd.{0, 0, 0} Nat Nat Nat (@instHAdd.{0} Nat instAddNat) d
                  (@OfNat.ofNat.{0} Nat (nat_lit 2) (instOfNatNat (nat_lit 2))))))))
        (@List.cons.{0} Tower.Event
          (Tower.Event.localLDL
            (@HAdd.hAdd.{0, 0, 0} Nat Nat Nat (@instHAdd.{0} Nat instAddNat) d
              (@OfNat.ofNat.{0} Nat (nat_lit 2) (instOfNatNat (nat_lit 2))))
            off)
          (@List.cons.{0} Tower.Event
            (Tower.Event.split
              (@HAdd.hAdd.{0, 0, 0} Nat Nat Nat (@instHAdd.{0} Nat instAddNat) d
                (@OfNat.ofNat.{0} Nat (nat_lit 2) (instOfNatNat (nat_lit 2)))))
            (@List.nil.{0} Tower.Event))))
      (Tower.trace d
        (@HAdd.hAdd.{0, 0, 0} Nat Nat Nat (@instHAdd.{0} Nat instAddNat)
          (@HAdd.hAdd.{0, 0, 0} Nat Nat Nat (@instHAdd.{0} Nat instAddNat) off
            (@HPow.hPow.{0, 0, 0} Nat Nat Nat (@instHPow.{0, 0} Nat Nat (@instPowNat.{0} Nat instNatPowNat))
              (@OfNat.ofNat.{0} Nat (nat_lit 2) (instOfNatNat (nat_lit 2)))
              (@HAdd.hAdd.{0, 0, 0} Nat Nat Nat (@instHAdd.{0} Nat instAddNat) d
                (@OfNat.ofNat.{0} Nat (nat_lit 2) (instOfNatNat (nat_lit 2))))))
          (Tower.words d)))) :=
fun (d off : Nat) =>
  @Eq.refl.{1} (List.{0} Tower.Event)
    (Tower.trace
      (@HAdd.hAdd.{0, 0, 0} Nat Nat Nat (@instHAdd.{0} Nat instAddNat) d
        (@OfNat.ofNat.{0} Nat (nat_lit 1) (instOfNatNat (nat_lit 1))))
      off)
Tower.actual_base : ∀ (off : Nat),
  @Eq.{1} (List.{0} Tower.Event) (Tower.trace (@OfNat.ofNat.{0} Nat (nat_lit 0) (instOfNatNat (nat_lit 0))) off)
    (@List.cons.{0} Tower.Event (Tower.Event.localLDL (@OfNat.ofNat.{0} Nat (nat_lit 1) (instOfNatNat (nat_lit 1))) off)
      (@List.cons.{0} Tower.Event
        (Tower.Event.leaf
          (@HAdd.hAdd.{0, 0, 0} Nat Nat Nat (@instHAdd.{0} Nat instAddNat) off
            (@OfNat.ofNat.{0} Nat (nat_lit 2) (instOfNatNat (nat_lit 2)))))
        (@List.cons.{0} Tower.Event
          (Tower.Event.leaf
            (@HAdd.hAdd.{0, 0, 0} Nat Nat Nat (@instHAdd.{0} Nat instAddNat) off
              (@OfNat.ofNat.{0} Nat (nat_lit 3) (instOfNatNat (nat_lit 3)))))
          (@List.nil.{0} Tower.Event))))
theorem Tower.actual_base : ∀ (off : Nat),
  @Eq.{1} (List.{0} Tower.Event) (Tower.trace (@OfNat.ofNat.{0} Nat (nat_lit 0) (instOfNatNat (nat_lit 0))) off)
    (@List.cons.{0} Tower.Event (Tower.Event.localLDL (@OfNat.ofNat.{0} Nat (nat_lit 1) (instOfNatNat (nat_lit 1))) off)
      (@List.cons.{0} Tower.Event
        (Tower.Event.leaf
          (@HAdd.hAdd.{0, 0, 0} Nat Nat Nat (@instHAdd.{0} Nat instAddNat) off
            (@OfNat.ofNat.{0} Nat (nat_lit 2) (instOfNatNat (nat_lit 2)))))
        (@List.cons.{0} Tower.Event
          (Tower.Event.leaf
            (@HAdd.hAdd.{0, 0, 0} Nat Nat Nat (@instHAdd.{0} Nat instAddNat) off
              (@OfNat.ofNat.{0} Nat (nat_lit 3) (instOfNatNat (nat_lit 3)))))
          (@List.nil.{0} Tower.Event)))) :=
fun (off : Nat) =>
  @Eq.refl.{1} (List.{0} Tower.Event) (Tower.trace (@OfNat.ofNat.{0} Nat (nat_lit 0) (instOfNatNat (nat_lit 0))) off)
@Tower.frame : ∀ {α : Type} (mem : Nat → α) (ws : List.{0} (Prod.{0, 0} Nat α)) (keep : Nat → Prop)
  (hd :
    ∀ (w : Prod.{0, 0} Nat α),
      @Membership.mem.{0, 0} (Prod.{0, 0} Nat α) (List.{0} (Prod.{0, 0} Nat α))
          (@List.instMembership.{0} (Prod.{0, 0} Nat α)) ws w →
        Not (keep (@Prod.fst.{0, 0} Nat α w)))
  (i : Nat), keep i → @Eq.{1} α (@Tower.stores α mem ws i) (mem i)
theorem Tower.frame : ∀ {α : Type} (mem : Nat → α) (ws : List.{0} (Prod.{0, 0} Nat α)) (keep : Nat → Prop)
  (hd :
    ∀ (w : Prod.{0, 0} Nat α),
      @Membership.mem.{0, 0} (Prod.{0, 0} Nat α) (List.{0} (Prod.{0, 0} Nat α))
          (@List.instMembership.{0} (Prod.{0, 0} Nat α)) ws w →
        Not (keep (@Prod.fst.{0, 0} Nat α w)))
  (i : Nat), keep i → @Eq.{1} α (@Tower.stores α mem ws i) (mem i) :=
fun {α : Type} (mem : Nat → α) (ws : List.{0} (Prod.{0, 0} Nat α)) (keep : Nat → Prop)
    (hd :
      ∀ (w : Prod.{0, 0} Nat α),
        @Membership.mem.{0, 0} (Prod.{0, 0} Nat α) (List.{0} (Prod.{0, 0} Nat α))
            (@List.instMembership.{0} (Prod.{0, 0} Nat α)) ws w →
          Not (keep (@Prod.fst.{0, 0} Nat α w))) =>
  @List.rec.{0, 0} (Prod.{0, 0} Nat α)
    (fun (ws : List.{0} (Prod.{0, 0} Nat α)) =>
      ∀ (mem : Nat → α)
        (hd :
          ∀ (w : Prod.{0, 0} Nat α),
            @Membership.mem.{0, 0} (Prod.{0, 0} Nat α) (List.{0} (Prod.{0, 0} Nat α))
                (@List.instMembership.{0} (Prod.{0, 0} Nat α)) ws w →
              Not (keep (@Prod.fst.{0, 0} Nat α w)))
        (i : Nat), keep i → @Eq.{1} α (@Tower.stores α mem ws i) (mem i))
    (fun (mem : Nat → α)
        (hd :
          ∀ (w : Prod.{0, 0} Nat α),
            @Membership.mem.{0, 0} (Prod.{0, 0} Nat α) (List.{0} (Prod.{0, 0} Nat α))
                (@List.instMembership.{0} (Prod.{0, 0} Nat α)) (@List.nil.{0} (Prod.{0, 0} Nat α)) w →
              Not (keep (@Prod.fst.{0, 0} Nat α w)))
        (i : Nat) (a : keep i) =>
      @Eq.refl.{1} α (@Tower.stores α mem (@List.nil.{0} (Prod.{0, 0} Nat α)) i))
    (fun (w : Prod.{0, 0} Nat α) (ws : List.{0} (Prod.{0, 0} Nat α))
        (ih :
          ∀ (mem : Nat → α)
            (hd :
              ∀ (w : Prod.{0, 0} Nat α),
                @Membership.mem.{0, 0} (Prod.{0, 0} Nat α) (List.{0} (Prod.{0, 0} Nat α))
                    (@List.instMembership.{0} (Prod.{0, 0} Nat α)) ws w →
                  Not (keep (@Prod.fst.{0, 0} Nat α w)))
            (i : Nat), keep i → @Eq.{1} α (@Tower.stores α mem ws i) (mem i))
        (mem : Nat → α)
        (hd :
          ∀ (w_1 : Prod.{0, 0} Nat α),
            @Membership.mem.{0, 0} (Prod.{0, 0} Nat α) (List.{0} (Prod.{0, 0} Nat α))
                (@List.instMembership.{0} (Prod.{0, 0} Nat α)) (@List.cons.{0} (Prod.{0, 0} Nat α) w ws) w_1 →
              Not (keep (@Prod.fst.{0, 0} Nat α w_1)))
        (i : Nat) (hi : keep i) =>
      have ht :
        ∀ (v : Prod.{0, 0} Nat α),
          @Membership.mem.{0, 0} (Prod.{0, 0} Nat α) (List.{0} (Prod.{0, 0} Nat α))
              (@List.instMembership.{0} (Prod.{0, 0} Nat α)) ws v →
            Not (keep (@Prod.fst.{0, 0} Nat α v)) :=
        fun (v : Prod.{0, 0} Nat α)
          (hv :
            @Membership.mem.{0, 0} (Prod.{0, 0} Nat α) (List.{0} (Prod.{0, 0} Nat α))
              (@List.instMembership.{0} (Prod.{0, 0} Nat α)) ws v) =>
        hd v
          (@of_eq_true
            (@Membership.mem.{0, 0} (Prod.{0, 0} Nat α) (List.{0} (Prod.{0, 0} Nat α))
              (@List.instMembership.{0} (Prod.{0, 0} Nat α)) (@List.cons.{0} (Prod.{0, 0} Nat α) w ws) v)
            (@Eq.trans.{1} Prop
              (@Membership.mem.{0, 0} (Prod.{0, 0} Nat α) (List.{0} (Prod.{0, 0} Nat α))
                (@List.instMembership.{0} (Prod.{0, 0} Nat α)) (@List.cons.{0} (Prod.{0, 0} Nat α) w ws) v)
              (Or (@Eq.{1} (Prod.{0, 0} Nat α) v w)
                (@Membership.mem.{0, 0} (Prod.{0, 0} Nat α) (List.{0} (Prod.{0, 0} Nat α))
                  (@List.instMembership.{0} (Prod.{0, 0} Nat α)) ws v))
              True (@List.mem_cons._simp_1.{0} (Prod.{0, 0} Nat α) w ws v)
              (@Eq.trans.{1} Prop
                (Or (@Eq.{1} (Prod.{0, 0} Nat α) v w)
                  (@Membership.mem.{0, 0} (Prod.{0, 0} Nat α) (List.{0} (Prod.{0, 0} Nat α))
                    (@List.instMembership.{0} (Prod.{0, 0} Nat α)) ws v))
                (Or (@Eq.{1} (Prod.{0, 0} Nat α) v w) True) True
                (@congrArg.{1, 1} Prop Prop
                  (@Membership.mem.{0, 0} (Prod.{0, 0} Nat α) (List.{0} (Prod.{0, 0} Nat α))
                    (@List.instMembership.{0} (Prod.{0, 0} Nat α)) ws v)
                  True (Or (@Eq.{1} (Prod.{0, 0} Nat α) v w))
                  (@eq_true
                    (@Membership.mem.{0, 0} (Prod.{0, 0} Nat α) (List.{0} (Prod.{0, 0} Nat α))
                      (@List.instMembership.{0} (Prod.{0, 0} Nat α)) ws v)
                    hv))
                (or_true (@Eq.{1} (Prod.{0, 0} Nat α) v w)))));
      @Eq.mpr.{0} (@Eq.{1} α (@Tower.stores α mem (@List.cons.{0} (Prod.{0, 0} Nat α) w ws) i) (mem i))
        (@Eq.{1} α (@Tower.stores α (@Tower.store α mem (@Prod.fst.{0, 0} Nat α w) (@Prod.snd.{0, 0} Nat α w)) ws i)
          (mem i))
        (@id.{0}
          (@Eq.{1} Prop (@Eq.{1} α (@Tower.stores α mem (@List.cons.{0} (Prod.{0, 0} Nat α) w ws) i) (mem i))
            (@Eq.{1} α (@Tower.stores α (@Tower.store α mem (@Prod.fst.{0, 0} Nat α w) (@Prod.snd.{0, 0} Nat α w)) ws i)
              (mem i)))
          (@congrArg.{1, 1} (Nat → α) Prop
            (@Tower.stores α mem
              (@List.cons.{0} (Prod.{0, 0} Nat α)
                (@Prod.mk.{0, 0} Nat α (@Prod.fst.{0, 0} Nat α w) (@Prod.snd.{0, 0} Nat α w)) ws))
            (@Tower.stores α (@Tower.store α mem (@Prod.fst.{0, 0} Nat α w) (@Prod.snd.{0, 0} Nat α w)) ws)
            (fun (_a : Nat → α) => @Eq.{1} α (_a i) (mem i))
            (@Tower.stores.eq_2 α mem (@Prod.fst.{0, 0} Nat α w) (@Prod.snd.{0, 0} Nat α w) ws)))
        (@Eq.mpr.{0}
          (@Eq.{1} α (@Tower.stores α (@Tower.store α mem (@Prod.fst.{0, 0} Nat α w) (@Prod.snd.{0, 0} Nat α w)) ws i)
            (mem i))
          (@Eq.{1} α (@Tower.store α mem (@Prod.fst.{0, 0} Nat α w) (@Prod.snd.{0, 0} Nat α w) i) (mem i))
          (@id.{0}
            (@Eq.{1} Prop
              (@Eq.{1} α
                (@Tower.stores α (@Tower.store α mem (@Prod.fst.{0, 0} Nat α w) (@Prod.snd.{0, 0} Nat α w)) ws i)
                (mem i))
              (@Eq.{1} α (@Tower.store α mem (@Prod.fst.{0, 0} Nat α w) (@Prod.snd.{0, 0} Nat α w) i) (mem i)))
            (@congrArg.{1, 1} α Prop
              (@Tower.stores α (@Tower.store α mem (@Prod.fst.{0, 0} Nat α w) (@Prod.snd.{0, 0} Nat α w)) ws i)
              (@Tower.store α mem (@Prod.fst.{0, 0} Nat α w) (@Prod.snd.{0, 0} Nat α w) i)
              (fun (_a : α) => @Eq.{1} α _a (mem i))
              (ih (@Tower.store α mem (@Prod.fst.{0, 0} Nat α w) (@Prod.snd.{0, 0} Nat α w)) ht i hi)))
          (have he : @Ne.{1} Nat i (@Prod.fst.{0, 0} Nat α w) := fun (h : @Eq.{1} Nat i (@Prod.fst.{0, 0} Nat α w)) =>
            @Eq.ndrec.{0, 1} Nat (@Prod.fst.{0, 0} Nat α w) (fun (i : Nat) => ∀ (hi : keep i), False)
              (fun (hi : keep (@Prod.fst.{0, 0} Nat α w)) =>
                hd w
                  (@of_eq_true
                    (@Membership.mem.{0, 0} (Prod.{0, 0} Nat α) (List.{0} (Prod.{0, 0} Nat α))
                      (@List.instMembership.{0} (Prod.{0, 0} Nat α)) (@List.cons.{0} (Prod.{0, 0} Nat α) w ws) w)
                    (@Eq.trans.{1} Prop
                      (@Membership.mem.{0, 0} (Prod.{0, 0} Nat α) (List.{0} (Prod.{0, 0} Nat α))
                        (@List.instMembership.{0} (Prod.{0, 0} Nat α)) (@List.cons.{0} (Prod.{0, 0} Nat α) w ws) w)
                      (Or (@Eq.{1} (Prod.{0, 0} Nat α) w w)
                        (@Membership.mem.{0, 0} (Prod.{0, 0} Nat α) (List.{0} (Prod.{0, 0} Nat α))
                          (@List.instMembership.{0} (Prod.{0, 0} Nat α)) ws w))
                      True (@List.mem_cons._simp_1.{0} (Prod.{0, 0} Nat α) w ws w)
                      (@Eq.trans.{1} Prop
                        (Or (@Eq.{1} (Prod.{0, 0} Nat α) w w)
                          (@Membership.mem.{0, 0} (Prod.{0, 0} Nat α) (List.{0} (Prod.{0, 0} Nat α))
                            (@List.instMembership.{0} (Prod.{0, 0} Nat α)) ws w))
                        (Or True
                          (@Membership.mem.{0, 0} (Prod.{0, 0} Nat α) (List.{0} (Prod.{0, 0} Nat α))
                            (@List.instMembership.{0} (Prod.{0, 0} Nat α)) ws w))
                        True
                        (@congrFun'.{1, 1} Prop Prop (Or (@Eq.{1} (Prod.{0, 0} Nat α) w w)) (Or True)
                          (@congrArg.{1, 1} Prop ((b : Prop) → Prop) (@Eq.{1} (Prod.{0, 0} Nat α) w w) True Or
                            (@eq_self.{1} (Prod.{0, 0} Nat α) w))
                          (@Membership.mem.{0, 0} (Prod.{0, 0} Nat α) (List.{0} (Prod.{0, 0} Nat α))
                            (@List.instMembership.{0} (Prod.{0, 0} Nat α)) ws w))
                        (true_or
                          (@Membership.mem.{0, 0} (Prod.{0, 0} Nat α) (List.{0} (Prod.{0, 0} Nat α))
                            (@List.instMembership.{0} (Prod.{0, 0} Nat α)) ws w)))))
                  hi)
              i (@Eq.symm.{1} Nat i (@Prod.fst.{0, 0} Nat α w) h) hi;
          @of_eq_true (@Eq.{1} α (@Tower.store α mem (@Prod.fst.{0, 0} Nat α w) (@Prod.snd.{0, 0} Nat α w) i) (mem i))
            (@Eq.trans.{1} Prop
              (@Eq.{1} α (@Tower.store α mem (@Prod.fst.{0, 0} Nat α w) (@Prod.snd.{0, 0} Nat α w) i) (mem i))
              (@Eq.{1} α (mem i) (mem i)) True
              (@congrFun'.{1, 1} α Prop
                (@Eq.{1} α (@Tower.store α mem (@Prod.fst.{0, 0} Nat α w) (@Prod.snd.{0, 0} Nat α w) i))
                (@Eq.{1} α (mem i))
                (@congrArg.{1, 1} α (α → Prop)
                  (@Tower.store α mem (@Prod.fst.{0, 0} Nat α w) (@Prod.snd.{0, 0} Nat α w) i) (mem i) (@Eq.{1} α)
                  ((fun (x_0 : Decidable (@Eq.{1} Nat i (@Prod.fst.{0, 0} Nat α w))) (x_1 : Type) (x_2 x_3 : x_1) =>
                      (fun (x_0 : Decidable (@Eq.{1} Nat i (@Prod.fst.{0, 0} Nat α w))) (x_1 : Type) (x_2 x_3 : x_1) =>
                          @ite_eq_right.{1} (@Eq.{1} Nat i (@Prod.fst.{0, 0} Nat α w)) x_0 he x_1 x_2 x_3)
                        x_0 x_1 x_2 x_3)
                    (instDecidableEqNat i (@Prod.fst.{0, 0} Nat α w)) α (@Prod.snd.{0, 0} Nat α w) (mem i)))
                (mem i))
              (@eq_self.{1} α (mem i))))))
    ws mem hd
Tower.partition : ∀ (d base i : Nat)
  (hi :
    And (@LE.le.{0} Nat instLENat base i)
      (@LT.lt.{0} Nat instLTNat i
        (@HAdd.hAdd.{0, 0, 0} Nat Nat Nat (@instHAdd.{0} Nat instAddNat) base
          (Tower.words
            (@HAdd.hAdd.{0, 0, 0} Nat Nat Nat (@instHAdd.{0} Nat instAddNat) d
              (@OfNat.ofNat.{0} Nat (nat_lit 1) (instOfNatNat (nat_lit 1)))))))),
  Or
    (And (@LE.le.{0} Nat instLENat base i)
      (@LT.lt.{0} Nat instLTNat i
        (@HAdd.hAdd.{0, 0, 0} Nat Nat Nat (@instHAdd.{0} Nat instAddNat) base
          (@HPow.hPow.{0, 0, 0} Nat Nat Nat (@instHPow.{0, 0} Nat Nat (@instPowNat.{0} Nat instNatPowNat))
            (@OfNat.ofNat.{0} Nat (nat_lit 2) (instOfNatNat (nat_lit 2)))
            (@HAdd.hAdd.{0, 0, 0} Nat Nat Nat (@instHAdd.{0} Nat instAddNat) d
              (@OfNat.ofNat.{0} Nat (nat_lit 2) (instOfNatNat (nat_lit 2))))))))
    (Or
      (And
        (@LE.le.{0} Nat instLENat
          (@HAdd.hAdd.{0, 0, 0} Nat Nat Nat (@instHAdd.{0} Nat instAddNat) base
            (@HPow.hPow.{0, 0, 0} Nat Nat Nat (@instHPow.{0, 0} Nat Nat (@instPowNat.{0} Nat instNatPowNat))
              (@OfNat.ofNat.{0} Nat (nat_lit 2) (instOfNatNat (nat_lit 2)))
              (@HAdd.hAdd.{0, 0, 0} Nat Nat Nat (@instHAdd.{0} Nat instAddNat) d
                (@OfNat.ofNat.{0} Nat (nat_lit 2) (instOfNatNat (nat_lit 2))))))
          i)
        (@LT.lt.{0} Nat instLTNat i
          (@HAdd.hAdd.{0, 0, 0} Nat Nat Nat (@instHAdd.{0} Nat instAddNat)
            (@HAdd.hAdd.{0, 0, 0} Nat Nat Nat (@instHAdd.{0} Nat instAddNat) base
              (@HPow.hPow.{0, 0, 0} Nat Nat Nat (@instHPow.{0, 0} Nat Nat (@instPowNat.{0} Nat instNatPowNat))
                (@OfNat.ofNat.{0} Nat (nat_lit 2) (instOfNatNat (nat_lit 2)))
                (@HAdd.hAdd.{0, 0, 0} Nat Nat Nat (@instHAdd.{0} Nat instAddNat) d
                  (@OfNat.ofNat.{0} Nat (nat_lit 2) (instOfNatNat (nat_lit 2))))))
            (Tower.words d))))
      (And
        (@LE.le.{0} Nat instLENat
          (@HAdd.hAdd.{0, 0, 0} Nat Nat Nat (@instHAdd.{0} Nat instAddNat)
            (@HAdd.hAdd.{0, 0, 0} Nat Nat Nat (@instHAdd.{0} Nat instAddNat) base
              (@HPow.hPow.{0, 0, 0} Nat Nat Nat (@instHPow.{0, 0} Nat Nat (@instPowNat.{0} Nat instNatPowNat))
                (@OfNat.ofNat.{0} Nat (nat_lit 2) (instOfNatNat (nat_lit 2)))
                (@HAdd.hAdd.{0, 0, 0} Nat Nat Nat (@instHAdd.{0} Nat instAddNat) d
                  (@OfNat.ofNat.{0} Nat (nat_lit 2) (instOfNatNat (nat_lit 2))))))
            (Tower.words d))
          i)
        (@LT.lt.{0} Nat instLTNat i
          (@HAdd.hAdd.{0, 0, 0} Nat Nat Nat (@instHAdd.{0} Nat instAddNat)
            (@HAdd.hAdd.{0, 0, 0} Nat Nat Nat (@instHAdd.{0} Nat instAddNat) base
              (@HPow.hPow.{0, 0, 0} Nat Nat Nat (@instHPow.{0, 0} Nat Nat (@instPowNat.{0} Nat instNatPowNat))
                (@OfNat.ofNat.{0} Nat (nat_lit 2) (instOfNatNat (nat_lit 2)))
                (@HAdd.hAdd.{0, 0, 0} Nat Nat Nat (@instHAdd.{0} Nat instAddNat) d
                  (@OfNat.ofNat.{0} Nat (nat_lit 2) (instOfNatNat (nat_lit 2))))))
            (@HMul.hMul.{0, 0, 0} Nat Nat Nat (@instHMul.{0} Nat instMulNat)
              (@OfNat.ofNat.{0} Nat (nat_lit 2) (instOfNatNat (nat_lit 2))) (Tower.words d))))))
theorem Tower.partition : ∀ (d base i : Nat)
  (hi :
    And (@LE.le.{0} Nat instLENat base i)
      (@LT.lt.{0} Nat instLTNat i
        (@HAdd.hAdd.{0, 0, 0} Nat Nat Nat (@instHAdd.{0} Nat instAddNat) base
          (Tower.words
            (@HAdd.hAdd.{0, 0, 0} Nat Nat Nat (@instHAdd.{0} Nat instAddNat) d
              (@OfNat.ofNat.{0} Nat (nat_lit 1) (instOfNatNat (nat_lit 1)))))))),
  Or
    (And (@LE.le.{0} Nat instLENat base i)
      (@LT.lt.{0} Nat instLTNat i
        (@HAdd.hAdd.{0, 0, 0} Nat Nat Nat (@instHAdd.{0} Nat instAddNat) base
          (@HPow.hPow.{0, 0, 0} Nat Nat Nat (@instHPow.{0, 0} Nat Nat (@instPowNat.{0} Nat instNatPowNat))
            (@OfNat.ofNat.{0} Nat (nat_lit 2) (instOfNatNat (nat_lit 2)))
            (@HAdd.hAdd.{0, 0, 0} Nat Nat Nat (@instHAdd.{0} Nat instAddNat) d
              (@OfNat.ofNat.{0} Nat (nat_lit 2) (instOfNatNat (nat_lit 2))))))))
    (Or
      (And
        (@LE.le.{0} Nat instLENat
          (@HAdd.hAdd.{0, 0, 0} Nat Nat Nat (@instHAdd.{0} Nat instAddNat) base
            (@HPow.hPow.{0, 0, 0} Nat Nat Nat (@instHPow.{0, 0} Nat Nat (@instPowNat.{0} Nat instNatPowNat))
              (@OfNat.ofNat.{0} Nat (nat_lit 2) (instOfNatNat (nat_lit 2)))
              (@HAdd.hAdd.{0, 0, 0} Nat Nat Nat (@instHAdd.{0} Nat instAddNat) d
                (@OfNat.ofNat.{0} Nat (nat_lit 2) (instOfNatNat (nat_lit 2))))))
          i)
        (@LT.lt.{0} Nat instLTNat i
          (@HAdd.hAdd.{0, 0, 0} Nat Nat Nat (@instHAdd.{0} Nat instAddNat)
            (@HAdd.hAdd.{0, 0, 0} Nat Nat Nat (@instHAdd.{0} Nat instAddNat) base
              (@HPow.hPow.{0, 0, 0} Nat Nat Nat (@instHPow.{0, 0} Nat Nat (@instPowNat.{0} Nat instNatPowNat))
                (@OfNat.ofNat.{0} Nat (nat_lit 2) (instOfNatNat (nat_lit 2)))
                (@HAdd.hAdd.{0, 0, 0} Nat Nat Nat (@instHAdd.{0} Nat instAddNat) d
                  (@OfNat.ofNat.{0} Nat (nat_lit 2) (instOfNatNat (nat_lit 2))))))
            (Tower.words d))))
      (And
        (@LE.le.{0} Nat instLENat
          (@HAdd.hAdd.{0, 0, 0} Nat Nat Nat (@instHAdd.{0} Nat instAddNat)
            (@HAdd.hAdd.{0, 0, 0} Nat Nat Nat (@instHAdd.{0} Nat instAddNat) base
              (@HPow.hPow.{0, 0, 0} Nat Nat Nat (@instHPow.{0, 0} Nat Nat (@instPowNat.{0} Nat instNatPowNat))
                (@OfNat.ofNat.{0} Nat (nat_lit 2) (instOfNatNat (nat_lit 2)))
                (@HAdd.hAdd.{0, 0, 0} Nat Nat Nat (@instHAdd.{0} Nat instAddNat) d
                  (@OfNat.ofNat.{0} Nat (nat_lit 2) (instOfNatNat (nat_lit 2))))))
            (Tower.words d))
          i)
        (@LT.lt.{0} Nat instLTNat i
          (@HAdd.hAdd.{0, 0, 0} Nat Nat Nat (@instHAdd.{0} Nat instAddNat)
            (@HAdd.hAdd.{0, 0, 0} Nat Nat Nat (@instHAdd.{0} Nat instAddNat) base
              (@HPow.hPow.{0, 0, 0} Nat Nat Nat (@instHPow.{0, 0} Nat Nat (@instPowNat.{0} Nat instNatPowNat))
                (@OfNat.ofNat.{0} Nat (nat_lit 2) (instOfNatNat (nat_lit 2)))
                (@HAdd.hAdd.{0, 0, 0} Nat Nat Nat (@instHAdd.{0} Nat instAddNat) d
                  (@OfNat.ofNat.{0} Nat (nat_lit 2) (instOfNatNat (nat_lit 2))))))
            (@HMul.hMul.{0, 0, 0} Nat Nat Nat (@instHMul.{0} Nat instMulNat)
              (@OfNat.ofNat.{0} Nat (nat_lit 2) (instOfNatNat (nat_lit 2))) (Tower.words d)))))) :=
fun (d base i : Nat)
    (hi :
      And (@LE.le.{0} Nat instLENat base i)
        (@LT.lt.{0} Nat instLTNat i
          (@HAdd.hAdd.{0, 0, 0} Nat Nat Nat (@instHAdd.{0} Nat instAddNat) base
            (Tower.words
              (@HAdd.hAdd.{0, 0, 0} Nat Nat Nat (@instHAdd.{0} Nat instAddNat) d
                (@OfNat.ofNat.{0} Nat (nat_lit 1) (instOfNatNat (nat_lit 1)))))))) =>
  @Decidable.byContradiction
    (Or
      (And (@LE.le.{0} Nat instLENat base i)
        (@LT.lt.{0} Nat instLTNat i
          (@HAdd.hAdd.{0, 0, 0} Nat Nat Nat (@instHAdd.{0} Nat instAddNat) base
            (@HPow.hPow.{0, 0, 0} Nat Nat Nat (@instHPow.{0, 0} Nat Nat (@instPowNat.{0} Nat instNatPowNat))
              (@OfNat.ofNat.{0} Nat (nat_lit 2) (instOfNatNat (nat_lit 2)))
              (@HAdd.hAdd.{0, 0, 0} Nat Nat Nat (@instHAdd.{0} Nat instAddNat) d
                (@OfNat.ofNat.{0} Nat (nat_lit 2) (instOfNatNat (nat_lit 2))))))))
      (Or
        (And
          (@LE.le.{0} Nat instLENat
            (@HAdd.hAdd.{0, 0, 0} Nat Nat Nat (@instHAdd.{0} Nat instAddNat) base
              (@HPow.hPow.{0, 0, 0} Nat Nat Nat (@instHPow.{0, 0} Nat Nat (@instPowNat.{0} Nat instNatPowNat))
                (@OfNat.ofNat.{0} Nat (nat_lit 2) (instOfNatNat (nat_lit 2)))
                (@HAdd.hAdd.{0, 0, 0} Nat Nat Nat (@instHAdd.{0} Nat instAddNat) d
                  (@OfNat.ofNat.{0} Nat (nat_lit 2) (instOfNatNat (nat_lit 2))))))
            i)
          (@LT.lt.{0} Nat instLTNat i
            (@HAdd.hAdd.{0, 0, 0} Nat Nat Nat (@instHAdd.{0} Nat instAddNat)
              (@HAdd.hAdd.{0, 0, 0} Nat Nat Nat (@instHAdd.{0} Nat instAddNat) base
                (@HPow.hPow.{0, 0, 0} Nat Nat Nat (@instHPow.{0, 0} Nat Nat (@instPowNat.{0} Nat instNatPowNat))
                  (@OfNat.ofNat.{0} Nat (nat_lit 2) (instOfNatNat (nat_lit 2)))
                  (@HAdd.hAdd.{0, 0, 0} Nat Nat Nat (@instHAdd.{0} Nat instAddNat) d
                    (@OfNat.ofNat.{0} Nat (nat_lit 2) (instOfNatNat (nat_lit 2))))))
              (Tower.words d))))
        (And
          (@LE.le.{0} Nat instLENat
            (@HAdd.hAdd.{0, 0, 0} Nat Nat Nat (@instHAdd.{0} Nat instAddNat)
              (@HAdd.hAdd.{0, 0, 0} Nat Nat Nat (@instHAdd.{0} Nat instAddNat) base
                (@HPow.hPow.{0, 0, 0} Nat Nat Nat (@instHPow.{0, 0} Nat Nat (@instPowNat.{0} Nat instNatPowNat))
                  (@OfNat.ofNat.{0} Nat (nat_lit 2) (instOfNatNat (nat_lit 2)))
                  (@HAdd.hAdd.{0, 0, 0} Nat Nat Nat (@instHAdd.{0} Nat instAddNat) d
                    (@OfNat.ofNat.{0} Nat (nat_lit 2) (instOfNatNat (nat_lit 2))))))
              (Tower.words d))
            i)
          (@LT.lt.{0} Nat instLTNat i
            (@HAdd.hAdd.{0, 0, 0} Nat Nat Nat (@instHAdd.{0} Nat instAddNat)
              (@HAdd.hAdd.{0, 0, 0} Nat Nat Nat (@instHAdd.{0} Nat instAddNat) base
                (@HPow.hPow.{0, 0, 0} Nat Nat Nat (@instHPow.{0, 0} Nat Nat (@instPowNat.{0} Nat instNatPowNat))
                  (@OfNat.ofNat.{0} Nat (nat_lit 2) (instOfNatNat (nat_lit 2)))
                  (@HAdd.hAdd.{0, 0, 0} Nat Nat Nat (@instHAdd.{0} Nat instAddNat) d
                    (@OfNat.ofNat.{0} Nat (nat_lit 2) (instOfNatNat (nat_lit 2))))))
              (@HMul.hMul.{0, 0, 0} Nat Nat Nat (@instHMul.{0} Nat instMulNat)
                (@OfNat.ofNat.{0} Nat (nat_lit 2) (instOfNatNat (nat_lit 2))) (Tower.words d)))))))
    (@instDecidableOr
      (And (@LE.le.{0} Nat instLENat base i)
        (@LT.lt.{0} Nat instLTNat i
          (@HAdd.hAdd.{0, 0, 0} Nat Nat Nat (@instHAdd.{0} Nat instAddNat) base
            (@HPow.hPow.{0, 0, 0} Nat Nat Nat (@instHPow.{0, 0} Nat Nat (@instPowNat.{0} Nat instNatPowNat))
              (@OfNat.ofNat.{0} Nat (nat_lit 2) (instOfNatNat (nat_lit 2)))
              (@HAdd.hAdd.{0, 0, 0} Nat Nat Nat (@instHAdd.{0} Nat instAddNat) d
                (@OfNat.ofNat.{0} Nat (nat_lit 2) (instOfNatNat (nat_lit 2))))))))
      (Or
        (And
          (@LE.le.{0} Nat instLENat
            (@HAdd.hAdd.{0, 0, 0} Nat Nat Nat (@instHAdd.{0} Nat instAddNat) base
              (@HPow.hPow.{0, 0, 0} Nat Nat Nat (@instHPow.{0, 0} Nat Nat (@instPowNat.{0} Nat instNatPowNat))
                (@OfNat.ofNat.{0} Nat (nat_lit 2) (instOfNatNat (nat_lit 2)))
                (@HAdd.hAdd.{0, 0, 0} Nat Nat Nat (@instHAdd.{0} Nat instAddNat) d
                  (@OfNat.ofNat.{0} Nat (nat_lit 2) (instOfNatNat (nat_lit 2))))))
            i)
          (@LT.lt.{0} Nat instLTNat i
            (@HAdd.hAdd.{0, 0, 0} Nat Nat Nat (@instHAdd.{0} Nat instAddNat)
              (@HAdd.hAdd.{0, 0, 0} Nat Nat Nat (@instHAdd.{0} Nat instAddNat) base
                (@HPow.hPow.{0, 0, 0} Nat Nat Nat (@instHPow.{0, 0} Nat Nat (@instPowNat.{0} Nat instNatPowNat))
                  (@OfNat.ofNat.{0} Nat (nat_lit 2) (instOfNatNat (nat_lit 2)))
                  (@HAdd.hAdd.{0, 0, 0} Nat Nat Nat (@instHAdd.{0} Nat instAddNat) d
                    (@OfNat.ofNat.{0} Nat (nat_lit 2) (instOfNatNat (nat_lit 2))))))
              (Tower.words d))))
        (And
          (@LE.le.{0} Nat instLENat
            (@HAdd.hAdd.{0, 0, 0} Nat Nat Nat (@instHAdd.{0} Nat instAddNat)
              (@HAdd.hAdd.{0, 0, 0} Nat Nat Nat (@instHAdd.{0} Nat instAddNat) base
                (@HPow.hPow.{0, 0, 0} Nat Nat Nat (@instHPow.{0, 0} Nat Nat (@instPowNat.{0} Nat instNatPowNat))
                  (@OfNat.ofNat.{0} Nat (nat_lit 2) (instOfNatNat (nat_lit 2)))
                  (@HAdd.hAdd.{0, 0, 0} Nat Nat Nat (@instHAdd.{0} Nat instAddNat) d
                    (@OfNat.ofNat.{0} Nat (nat_lit 2) (instOfNatNat (nat_lit 2))))))
              (Tower.words d))
            i)
          (@LT.lt.{0} Nat instLTNat i
            (@HAdd.hAdd.{0, 0, 0} Nat Nat Nat (@instHAdd.{0} Nat instAddNat)
              (@HAdd.hAdd.{0, 0, 0} Nat Nat Nat (@instHAdd.{0} Nat instAddNat) base
                (@HPow.hPow.{0, 0, 0} Nat Nat Nat (@instHPow.{0, 0} Nat Nat (@instPowNat.{0} Nat instNatPowNat))
                  (@OfNat.ofNat.{0} Nat (nat_lit 2) (instOfNatNat (nat_lit 2)))
                  (@HAdd.hAdd.{0, 0, 0} Nat Nat Nat (@instHAdd.{0} Nat instAddNat) d
                    (@OfNat.ofNat.{0} Nat (nat_lit 2) (instOfNatNat (nat_lit 2))))))
              (@HMul.hMul.{0, 0, 0} Nat Nat Nat (@instHMul.{0} Nat instMulNat)
                (@OfNat.ofNat.{0} Nat (nat_lit 2) (instOfNatNat (nat_lit 2))) (Tower.words d))))))
      (@instDecidableAnd (@LE.le.{0} Nat instLENat base i)
        (@LT.lt.{0} Nat instLTNat i
          (@HAdd.hAdd.{0, 0, 0} Nat Nat Nat (@instHAdd.{0} Nat instAddNat) base
            (@HPow.hPow.{0, 0, 0} Nat Nat Nat (@instHPow.{0, 0} Nat Nat (@instPowNat.{0} Nat instNatPowNat))
              (@OfNat.ofNat.{0} Nat (nat_lit 2) (instOfNatNat (nat_lit 2)))
              (@HAdd.hAdd.{0, 0, 0} Nat Nat Nat (@instHAdd.{0} Nat instAddNat) d
                (@OfNat.ofNat.{0} Nat (nat_lit 2) (instOfNatNat (nat_lit 2)))))))
        (Nat.decLe base i)
        (Nat.decLt i
          (@HAdd.hAdd.{0, 0, 0} Nat Nat Nat (@instHAdd.{0} Nat instAddNat) base
            (@HPow.hPow.{0, 0, 0} Nat Nat Nat (@instHPow.{0, 0} Nat Nat (@instPowNat.{0} Nat instNatPowNat))
              (@OfNat.ofNat.{0} Nat (nat_lit 2) (instOfNatNat (nat_lit 2)))
              (@HAdd.hAdd.{0, 0, 0} Nat Nat Nat (@instHAdd.{0} Nat instAddNat) d
                (@OfNat.ofNat.{0} Nat (nat_lit 2) (instOfNatNat (nat_lit 2))))))))
      (@instDecidableOr
        (And
          (@LE.le.{0} Nat instLENat
            (@HAdd.hAdd.{0, 0, 0} Nat Nat Nat (@instHAdd.{0} Nat instAddNat) base
              (@HPow.hPow.{0, 0, 0} Nat Nat Nat (@instHPow.{0, 0} Nat Nat (@instPowNat.{0} Nat instNatPowNat))
                (@OfNat.ofNat.{0} Nat (nat_lit 2) (instOfNatNat (nat_lit 2)))
                (@HAdd.hAdd.{0, 0, 0} Nat Nat Nat (@instHAdd.{0} Nat instAddNat) d
                  (@OfNat.ofNat.{0} Nat (nat_lit 2) (instOfNatNat (nat_lit 2))))))
            i)
          (@LT.lt.{0} Nat instLTNat i
            (@HAdd.hAdd.{0, 0, 0} Nat Nat Nat (@instHAdd.{0} Nat instAddNat)
              (@HAdd.hAdd.{0, 0, 0} Nat Nat Nat (@instHAdd.{0} Nat instAddNat) base
                (@HPow.hPow.{0, 0, 0} Nat Nat Nat (@instHPow.{0, 0} Nat Nat (@instPowNat.{0} Nat instNatPowNat))
                  (@OfNat.ofNat.{0} Nat (nat_lit 2) (instOfNatNat (nat_lit 2)))
                  (@HAdd.hAdd.{0, 0, 0} Nat Nat Nat (@instHAdd.{0} Nat instAddNat) d
                    (@OfNat.ofNat.{0} Nat (nat_lit 2) (instOfNatNat (nat_lit 2))))))
              (Tower.words d))))
        (And
          (@LE.le.{0} Nat instLENat
            (@HAdd.hAdd.{0, 0, 0} Nat Nat Nat (@instHAdd.{0} Nat instAddNat)
              (@HAdd.hAdd.{0, 0, 0} Nat Nat Nat (@instHAdd.{0} Nat instAddNat) base
                (@HPow.hPow.{0, 0, 0} Nat Nat Nat (@instHPow.{0, 0} Nat Nat (@instPowNat.{0} Nat instNatPowNat))
                  (@OfNat.ofNat.{0} Nat (nat_lit 2) (instOfNatNat (nat_lit 2)))
                  (@HAdd.hAdd.{0, 0, 0} Nat Nat Nat (@instHAdd.{0} Nat instAddNat) d
                    (@OfNat.ofNat.{0} Nat (nat_lit 2) (instOfNatNat (nat_lit 2))))))
              (Tower.words d))
            i)
          (@LT.lt.{0} Nat instLTNat i
            (@HAdd.hAdd.{0, 0, 0} Nat Nat Nat (@instHAdd.{0} Nat instAddNat)
              (@HAdd.hAdd.{0, 0, 0} Nat Nat Nat (@instHAdd.{0} Nat instAddNat) base
                (@HPow.hPow.{0, 0, 0} Nat Nat Nat (@instHPow.{0, 0} Nat Nat (@instPowNat.{0} Nat instNatPowNat))
                  (@OfNat.ofNat.{0} Nat (nat_lit 2) (instOfNatNat (nat_lit 2)))
                  (@HAdd.hAdd.{0, 0, 0} Nat Nat Nat (@instHAdd.{0} Nat instAddNat) d
                    (@OfNat.ofNat.{0} Nat (nat_lit 2) (instOfNatNat (nat_lit 2))))))
              (@HMul.hMul.{0, 0, 0} Nat Nat Nat (@instHMul.{0} Nat instMulNat)
                (@OfNat.ofNat.{0} Nat (nat_lit 2) (instOfNatNat (nat_lit 2))) (Tower.words d)))))
        (@instDecidableAnd
          (@LE.le.{0} Nat instLENat
            (@HAdd.hAdd.{0, 0, 0} Nat Nat Nat (@instHAdd.{0} Nat instAddNat) base
              (@HPow.hPow.{0, 0, 0} Nat Nat Nat (@instHPow.{0, 0} Nat Nat (@instPowNat.{0} Nat instNatPowNat))
                (@OfNat.ofNat.{0} Nat (nat_lit 2) (instOfNatNat (nat_lit 2)))
                (@HAdd.hAdd.{0, 0, 0} Nat Nat Nat (@instHAdd.{0} Nat instAddNat) d
                  (@OfNat.ofNat.{0} Nat (nat_lit 2) (instOfNatNat (nat_lit 2))))))
            i)
          (@LT.lt.{0} Nat instLTNat i
            (@HAdd.hAdd.{0, 0, 0} Nat Nat Nat (@instHAdd.{0} Nat instAddNat)
              (@HAdd.hAdd.{0, 0, 0} Nat Nat Nat (@instHAdd.{0} Nat instAddNat) base
                (@HPow.hPow.{0, 0, 0} Nat Nat Nat (@instHPow.{0, 0} Nat Nat (@instPowNat.{0} Nat instNatPowNat))
                  (@OfNat.ofNat.{0} Nat (nat_lit 2) (instOfNatNat (nat_lit 2)))
                  (@HAdd.hAdd.{0, 0, 0} Nat Nat Nat (@instHAdd.{0} Nat instAddNat) d
                    (@OfNat.ofNat.{0} Nat (nat_lit 2) (instOfNatNat (nat_lit 2))))))
              (Tower.words d)))
          (Nat.decLe
            (@HAdd.hAdd.{0, 0, 0} Nat Nat Nat (@instHAdd.{0} Nat instAddNat) base
              (@HPow.hPow.{0, 0, 0} Nat Nat Nat (@instHPow.{0, 0} Nat Nat (@instPowNat.{0} Nat instNatPowNat))
                (@OfNat.ofNat.{0} Nat (nat_lit 2) (instOfNatNat (nat_lit 2)))
                (@HAdd.hAdd.{0, 0, 0} Nat Nat Nat (@instHAdd.{0} Nat instAddNat) d
                  (@OfNat.ofNat.{0} Nat (nat_lit 2) (instOfNatNat (nat_lit 2))))))
            i)
          (Nat.decLt i
            (@HAdd.hAdd.{0, 0, 0} Nat Nat Nat (@instHAdd.{0} Nat instAddNat)
              (@HAdd.hAdd.{0, 0, 0} Nat Nat Nat (@instHAdd.{0} Nat instAddNat) base
                (@HPow.hPow.{0, 0, 0} Nat Nat Nat (@instHPow.{0, 0} Nat Nat (@instPowNat.{0} Nat instNatPowNat))
                  (@OfNat.ofNat.{0} Nat (nat_lit 2) (instOfNatNat (nat_lit 2)))
                  (@HAdd.hAdd.{0, 0, 0} Nat Nat Nat (@instHAdd.{0} Nat instAddNat) d
                    (@OfNat.ofNat.{0} Nat (nat_lit 2) (instOfNatNat (nat_lit 2))))))
              (Tower.words d))))
        (@instDecidableAnd
          (@LE.le.{0} Nat instLENat
            (@HAdd.hAdd.{0, 0, 0} Nat Nat Nat (@instHAdd.{0} Nat instAddNat)
              (@HAdd.hAdd.{0, 0, 0} Nat Nat Nat (@instHAdd.{0} Nat instAddNat) base
                (@HPow.hPow.{0, 0, 0} Nat Nat Nat (@instHPow.{0, 0} Nat Nat (@instPowNat.{0} Nat instNatPowNat))
                  (@OfNat.ofNat.{0} Nat (nat_lit 2) (instOfNatNat (nat_lit 2)))
                  (@HAdd.hAdd.{0, 0, 0} Nat Nat Nat (@instHAdd.{0} Nat instAddNat) d
                    (@OfNat.ofNat.{0} Nat (nat_lit 2) (instOfNatNat (nat_lit 2))))))
              (Tower.words d))
            i)
          (@LT.lt.{0} Nat instLTNat i
            (@HAdd.hAdd.{0, 0, 0} Nat Nat Nat (@instHAdd.{0} Nat instAddNat)
              (@HAdd.hAdd.{0, 0, 0} Nat Nat Nat (@instHAdd.{0} Nat instAddNat) base
                (@HPow.hPow.{0, 0, 0} Nat Nat Nat (@instHPow.{0, 0} Nat Nat (@instPowNat.{0} Nat instNatPowNat))
                  (@OfNat.ofNat.{0} Nat (nat_lit 2) (instOfNatNat (nat_lit 2)))
                  (@HAdd.hAdd.{0, 0, 0} Nat Nat Nat (@instHAdd.{0} Nat instAddNat) d
                    (@OfNat.ofNat.{0} Nat (nat_lit 2) (instOfNatNat (nat_lit 2))))))
              (@HMul.hMul.{0, 0, 0} Nat Nat Nat (@instHMul.{0} Nat instMulNat)
                (@OfNat.ofNat.{0} Nat (nat_lit 2) (instOfNatNat (nat_lit 2))) (Tower.words d))))
          (Nat.decLe
            (@HAdd.hAdd.{0, 0, 0} Nat Nat Nat (@instHAdd.{0} Nat instAddNat)
              (@HAdd.hAdd.{0, 0, 0} Nat Nat Nat (@instHAdd.{0} Nat instAddNat) base
                (@HPow.hPow.{0, 0, 0} Nat Nat Nat (@instHPow.{0, 0} Nat Nat (@instPowNat.{0} Nat instNatPowNat))
                  (@OfNat.ofNat.{0} Nat (nat_lit 2) (instOfNatNat (nat_lit 2)))
                  (@HAdd.hAdd.{0, 0, 0} Nat Nat Nat (@instHAdd.{0} Nat instAddNat) d
                    (@OfNat.ofNat.{0} Nat (nat_lit 2) (instOfNatNat (nat_lit 2))))))
              (Tower.words d))
            i)
          (Nat.decLt i
            (@HAdd.hAdd.{0, 0, 0} Nat Nat Nat (@instHAdd.{0} Nat instAddNat)
              (@HAdd.hAdd.{0, 0, 0} Nat Nat Nat (@instHAdd.{0} Nat instAddNat) base
                (@HPow.hPow.{0, 0, 0} Nat Nat Nat (@instHPow.{0, 0} Nat Nat (@instPowNat.{0} Nat instNatPowNat))
                  (@OfNat.ofNat.{0} Nat (nat_lit 2) (instOfNatNat (nat_lit 2)))
                  (@HAdd.hAdd.{0, 0, 0} Nat Nat Nat (@instHAdd.{0} Nat instAddNat) d
                    (@OfNat.ofNat.{0} Nat (nat_lit 2) (instOfNatNat (nat_lit 2))))))
              (@HMul.hMul.{0, 0, 0} Nat Nat Nat (@instHMul.{0} Nat instMulNat)
                (@OfNat.ofNat.{0} Nat (nat_lit 2) (instOfNatNat (nat_lit 2))) (Tower.words d)))))))
    fun
      (a :
        Not
          (Or
            (And (@LE.le.{0} Nat instLENat base i)
              (@LT.lt.{0} Nat instLTNat i
                (@HAdd.hAdd.{0, 0, 0} Nat Nat Nat (@instHAdd.{0} Nat instAddNat) base
                  (@HPow.hPow.{0, 0, 0} Nat Nat Nat (@instHPow.{0, 0} Nat Nat (@instPowNat.{0} Nat instNatPowNat))
                    (@OfNat.ofNat.{0} Nat (nat_lit 2) (instOfNatNat (nat_lit 2)))
                    (@HAdd.hAdd.{0, 0, 0} Nat Nat Nat (@instHAdd.{0} Nat instAddNat) d
                      (@OfNat.ofNat.{0} Nat (nat_lit 2) (instOfNatNat (nat_lit 2))))))))
            (Or
              (And
                (@LE.le.{0} Nat instLENat
                  (@HAdd.hAdd.{0, 0, 0} Nat Nat Nat (@instHAdd.{0} Nat instAddNat) base
                    (@HPow.hPow.{0, 0, 0} Nat Nat Nat (@instHPow.{0, 0} Nat Nat (@instPowNat.{0} Nat instNatPowNat))
                      (@OfNat.ofNat.{0} Nat (nat_lit 2) (instOfNatNat (nat_lit 2)))
                      (@HAdd.hAdd.{0, 0, 0} Nat Nat Nat (@instHAdd.{0} Nat instAddNat) d
                        (@OfNat.ofNat.{0} Nat (nat_lit 2) (instOfNatNat (nat_lit 2))))))
                  i)
                (@LT.lt.{0} Nat instLTNat i
                  (@HAdd.hAdd.{0, 0, 0} Nat Nat Nat (@instHAdd.{0} Nat instAddNat)
                    (@HAdd.hAdd.{0, 0, 0} Nat Nat Nat (@instHAdd.{0} Nat instAddNat) base
                      (@HPow.hPow.{0, 0, 0} Nat Nat Nat (@instHPow.{0, 0} Nat Nat (@instPowNat.{0} Nat instNatPowNat))
                        (@OfNat.ofNat.{0} Nat (nat_lit 2) (instOfNatNat (nat_lit 2)))
                        (@HAdd.hAdd.{0, 0, 0} Nat Nat Nat (@instHAdd.{0} Nat instAddNat) d
                          (@OfNat.ofNat.{0} Nat (nat_lit 2) (instOfNatNat (nat_lit 2))))))
                    (Tower.words d))))
              (And
                (@LE.le.{0} Nat instLENat
                  (@HAdd.hAdd.{0, 0, 0} Nat Nat Nat (@instHAdd.{0} Nat instAddNat)
                    (@HAdd.hAdd.{0, 0, 0} Nat Nat Nat (@instHAdd.{0} Nat instAddNat) base
                      (@HPow.hPow.{0, 0, 0} Nat Nat Nat (@instHPow.{0, 0} Nat Nat (@instPowNat.{0} Nat instNatPowNat))
                        (@OfNat.ofNat.{0} Nat (nat_lit 2) (instOfNatNat (nat_lit 2)))
                        (@HAdd.hAdd.{0, 0, 0} Nat Nat Nat (@instHAdd.{0} Nat instAddNat) d
                          (@OfNat.ofNat.{0} Nat (nat_lit 2) (instOfNatNat (nat_lit 2))))))
                    (Tower.words d))
                  i)
                (@LT.lt.{0} Nat instLTNat i
                  (@HAdd.hAdd.{0, 0, 0} Nat Nat Nat (@instHAdd.{0} Nat instAddNat)
                    (@HAdd.hAdd.{0, 0, 0} Nat Nat Nat (@instHAdd.{0} Nat instAddNat) base
                      (@HPow.hPow.{0, 0, 0} Nat Nat Nat (@instHPow.{0, 0} Nat Nat (@instPowNat.{0} Nat instNatPowNat))
                        (@OfNat.ofNat.{0} Nat (nat_lit 2) (instOfNatNat (nat_lit 2)))
                        (@HAdd.hAdd.{0, 0, 0} Nat Nat Nat (@instHAdd.{0} Nat instAddNat) d
                          (@OfNat.ofNat.{0} Nat (nat_lit 2) (instOfNatNat (nat_lit 2))))))
                    (@HMul.hMul.{0, 0, 0} Nat Nat Nat (@instHMul.{0} Nat instMulNat)
                      (@OfNat.ofNat.{0} Nat (nat_lit 2) (instOfNatNat (nat_lit 2))) (Tower.words d)))))))) =>
    Tower.partition._proof_1_1 d base i hi a
Tower.harmonic_identity : ∀ (a b m : Int),
  @Eq.{1} Int
    (@HSub.hSub.{0, 0, 0} Int Int Int (@instHSub.{0} Int Int.instSub)
      (@HMul.hMul.{0, 0, 0} Int Int Int (@instHMul.{0} Int Int.instMul)
        (@HMul.hMul.{0, 0, 0} Int Int Int (@instHMul.{0} Int Int.instMul)
          (@OfNat.ofNat.{0} Int (nat_lit 2) (@instOfNat (nat_lit 2))) a)
        b)
      (@HMul.hMul.{0, 0, 0} Int Int Int (@instHMul.{0} Int Int.instMul) m
        (@HAdd.hAdd.{0, 0, 0} Int Int Int (@instHAdd.{0} Int Int.instAdd) a b)))
    (@HAdd.hAdd.{0, 0, 0} Int Int Int (@instHAdd.{0} Int Int.instAdd)
      (@HMul.hMul.{0, 0, 0} Int Int Int (@instHMul.{0} Int Int.instMul) m
        (@HAdd.hAdd.{0, 0, 0} Int Int Int (@instHAdd.{0} Int Int.instAdd)
          (@HSub.hSub.{0, 0, 0} Int Int Int (@instHSub.{0} Int Int.instSub) a m)
          (@HSub.hSub.{0, 0, 0} Int Int Int (@instHSub.{0} Int Int.instSub) b m)))
      (@HMul.hMul.{0, 0, 0} Int Int Int (@instHMul.{0} Int Int.instMul)
        (@HMul.hMul.{0, 0, 0} Int Int Int (@instHMul.{0} Int Int.instMul)
          (@OfNat.ofNat.{0} Int (nat_lit 2) (@instOfNat (nat_lit 2)))
          (@HSub.hSub.{0, 0, 0} Int Int Int (@instHSub.{0} Int Int.instSub) a m))
        (@HSub.hSub.{0, 0, 0} Int Int Int (@instHSub.{0} Int Int.instSub) b m)))
theorem Tower.harmonic_identity : ∀ (a b m : Int),
  @Eq.{1} Int
    (@HSub.hSub.{0, 0, 0} Int Int Int (@instHSub.{0} Int Int.instSub)
      (@HMul.hMul.{0, 0, 0} Int Int Int (@instHMul.{0} Int Int.instMul)
        (@HMul.hMul.{0, 0, 0} Int Int Int (@instHMul.{0} Int Int.instMul)
          (@OfNat.ofNat.{0} Int (nat_lit 2) (@instOfNat (nat_lit 2))) a)
        b)
      (@HMul.hMul.{0, 0, 0} Int Int Int (@instHMul.{0} Int Int.instMul) m
        (@HAdd.hAdd.{0, 0, 0} Int Int Int (@instHAdd.{0} Int Int.instAdd) a b)))
    (@HAdd.hAdd.{0, 0, 0} Int Int Int (@instHAdd.{0} Int Int.instAdd)
      (@HMul.hMul.{0, 0, 0} Int Int Int (@instHMul.{0} Int Int.instMul) m
        (@HAdd.hAdd.{0, 0, 0} Int Int Int (@instHAdd.{0} Int Int.instAdd)
          (@HSub.hSub.{0, 0, 0} Int Int Int (@instHSub.{0} Int Int.instSub) a m)
          (@HSub.hSub.{0, 0, 0} Int Int Int (@instHSub.{0} Int Int.instSub) b m)))
      (@HMul.hMul.{0, 0, 0} Int Int Int (@instHMul.{0} Int Int.instMul)
        (@HMul.hMul.{0, 0, 0} Int Int Int (@instHMul.{0} Int Int.instMul)
          (@OfNat.ofNat.{0} Int (nat_lit 2) (@instOfNat (nat_lit 2)))
          (@HSub.hSub.{0, 0, 0} Int Int Int (@instHSub.{0} Int Int.instSub) a m))
        (@HSub.hSub.{0, 0, 0} Int Int Int (@instHSub.{0} Int Int.instSub) b m))) :=
fun (a b m : Int) => Tower.harmonic_identity._proof_1_1 a b m
Tower.harmonic_lower : ∀ (a b m : Int)
  (hm : @LE.le.{0} Int Int.instLEInt (@OfNat.ofNat.{0} Int (nat_lit 0) (@instOfNat (nat_lit 0))) m)
  (ha : @LE.le.{0} Int Int.instLEInt m a) (hb : @LE.le.{0} Int Int.instLEInt m b),
  @LE.le.{0} Int Int.instLEInt
    (@HMul.hMul.{0, 0, 0} Int Int Int (@instHMul.{0} Int Int.instMul) m
      (@HAdd.hAdd.{0, 0, 0} Int Int Int (@instHAdd.{0} Int Int.instAdd) a b))
    (@HMul.hMul.{0, 0, 0} Int Int Int (@instHMul.{0} Int Int.instMul)
      (@HMul.hMul.{0, 0, 0} Int Int Int (@instHMul.{0} Int Int.instMul)
        (@OfNat.ofNat.{0} Int (nat_lit 2) (@instOfNat (nat_lit 2))) a)
      b)
theorem Tower.harmonic_lower : ∀ (a b m : Int)
  (hm : @LE.le.{0} Int Int.instLEInt (@OfNat.ofNat.{0} Int (nat_lit 0) (@instOfNat (nat_lit 0))) m)
  (ha : @LE.le.{0} Int Int.instLEInt m a) (hb : @LE.le.{0} Int Int.instLEInt m b),
  @LE.le.{0} Int Int.instLEInt
    (@HMul.hMul.{0, 0, 0} Int Int Int (@instHMul.{0} Int Int.instMul) m
      (@HAdd.hAdd.{0, 0, 0} Int Int Int (@instHAdd.{0} Int Int.instAdd) a b))
    (@HMul.hMul.{0, 0, 0} Int Int Int (@instHMul.{0} Int Int.instMul)
      (@HMul.hMul.{0, 0, 0} Int Int Int (@instHMul.{0} Int Int.instMul)
        (@OfNat.ofNat.{0} Int (nat_lit 2) (@instOfNat (nat_lit 2))) a)
      b) :=
fun (a b m : Int) (hm : @LE.le.{0} Int Int.instLEInt (@OfNat.ofNat.{0} Int (nat_lit 0) (@instOfNat (nat_lit 0))) m)
    (ha : @LE.le.{0} Int Int.instLEInt m a) (hb : @LE.le.{0} Int Int.instLEInt m b) =>
  have h0 :
    @LE.le.{0} Int Int.instLEInt (@OfNat.ofNat.{0} Int (nat_lit 0) (@instOfNat (nat_lit 0)))
      (@HAdd.hAdd.{0, 0, 0} Int Int Int (@instHAdd.{0} Int Int.instAdd)
        (@HSub.hSub.{0, 0, 0} Int Int Int (@instHSub.{0} Int Int.instSub) a m)
        (@HSub.hSub.{0, 0, 0} Int Int Int (@instHSub.{0} Int Int.instSub) b m)) :=
    @Decidable.byContradiction
      (@LE.le.{0} Int Int.instLEInt (@OfNat.ofNat.{0} Int (nat_lit 0) (@instOfNat (nat_lit 0)))
        (@HAdd.hAdd.{0, 0, 0} Int Int Int (@instHAdd.{0} Int Int.instAdd)
          (@HSub.hSub.{0, 0, 0} Int Int Int (@instHSub.{0} Int Int.instSub) a m)
          (@HSub.hSub.{0, 0, 0} Int Int Int (@instHSub.{0} Int Int.instSub) b m)))
      (Int.decLe (@OfNat.ofNat.{0} Int (nat_lit 0) (@instOfNat (nat_lit 0)))
        (@HAdd.hAdd.{0, 0, 0} Int Int Int (@instHAdd.{0} Int Int.instAdd)
          (@HSub.hSub.{0, 0, 0} Int Int Int (@instHSub.{0} Int Int.instSub) a m)
          (@HSub.hSub.{0, 0, 0} Int Int Int (@instHSub.{0} Int Int.instSub) b m)))
      fun
        (a_1 :
          Not
            (@LE.le.{0} Int Int.instLEInt (@OfNat.ofNat.{0} Int (nat_lit 0) (@instOfNat (nat_lit 0)))
              (@HAdd.hAdd.{0, 0, 0} Int Int Int (@instHAdd.{0} Int Int.instAdd)
                (@HSub.hSub.{0, 0, 0} Int Int Int (@instHSub.{0} Int Int.instSub) a m)
                (@HSub.hSub.{0, 0, 0} Int Int Int (@instHSub.{0} Int Int.instSub) b m)))) =>
      Tower.harmonic_lower._proof_1_1 a b m ha hb a_1;
  have h1 :
    @LE.le.{0} Int Int.instLEInt (@OfNat.ofNat.{0} Int (nat_lit 0) (@instOfNat (nat_lit 0)))
      (@HMul.hMul.{0, 0, 0} Int Int Int (@instHMul.{0} Int Int.instMul) m
        (@HAdd.hAdd.{0, 0, 0} Int Int Int (@instHAdd.{0} Int Int.instAdd)
          (@HSub.hSub.{0, 0, 0} Int Int Int (@instHSub.{0} Int Int.instSub) a m)
          (@HSub.hSub.{0, 0, 0} Int Int Int (@instHSub.{0} Int Int.instSub) b m))) :=
    @Int.mul_nonneg m
      (@HAdd.hAdd.{0, 0, 0} Int Int Int (@instHAdd.{0} Int Int.instAdd)
        (@HSub.hSub.{0, 0, 0} Int Int Int (@instHSub.{0} Int Int.instSub) a m)
        (@HSub.hSub.{0, 0, 0} Int Int Int (@instHSub.{0} Int Int.instSub) b m))
      hm h0;
  have h2 :
    @LE.le.{0} Int Int.instLEInt (@OfNat.ofNat.{0} Int (nat_lit 0) (@instOfNat (nat_lit 0)))
      (@HMul.hMul.{0, 0, 0} Int Int Int (@instHMul.{0} Int Int.instMul)
        (@HSub.hSub.{0, 0, 0} Int Int Int (@instHSub.{0} Int Int.instSub) a m)
        (@HSub.hSub.{0, 0, 0} Int Int Int (@instHSub.{0} Int Int.instSub) b m)) :=
    @Int.mul_nonneg (@HSub.hSub.{0, 0, 0} Int Int Int (@instHSub.{0} Int Int.instSub) a m)
      (@HSub.hSub.{0, 0, 0} Int Int Int (@instHSub.{0} Int Int.instSub) b m)
      (have this :
        @LE.le.{0} Int Int.instLEInt (@OfNat.ofNat.{0} Int (nat_lit 0) (@instOfNat (nat_lit 0)))
          (@HSub.hSub.{0, 0, 0} Int Int Int (@instHSub.{0} Int Int.instSub) a m) :=
        @Decidable.byContradiction
          (@LE.le.{0} Int Int.instLEInt (@OfNat.ofNat.{0} Int (nat_lit 0) (@instOfNat (nat_lit 0)))
            (@HSub.hSub.{0, 0, 0} Int Int Int (@instHSub.{0} Int Int.instSub) a m))
          (Int.decLe (@OfNat.ofNat.{0} Int (nat_lit 0) (@instOfNat (nat_lit 0)))
            (@HSub.hSub.{0, 0, 0} Int Int Int (@instHSub.{0} Int Int.instSub) a m))
          fun
            (a_1 :
              Not
                (@LE.le.{0} Int Int.instLEInt (@OfNat.ofNat.{0} Int (nat_lit 0) (@instOfNat (nat_lit 0)))
                  (@HSub.hSub.{0, 0, 0} Int Int Int (@instHSub.{0} Int Int.instSub) a m))) =>
          Tower.harmonic_lower._proof_1_2 a b m ha a_1;
      this)
      (have this :
        @LE.le.{0} Int Int.instLEInt (@OfNat.ofNat.{0} Int (nat_lit 0) (@instOfNat (nat_lit 0)))
          (@HSub.hSub.{0, 0, 0} Int Int Int (@instHSub.{0} Int Int.instSub) b m) :=
        @Decidable.byContradiction
          (@LE.le.{0} Int Int.instLEInt (@OfNat.ofNat.{0} Int (nat_lit 0) (@instOfNat (nat_lit 0)))
            (@HSub.hSub.{0, 0, 0} Int Int Int (@instHSub.{0} Int Int.instSub) b m))
          (Int.decLe (@OfNat.ofNat.{0} Int (nat_lit 0) (@instOfNat (nat_lit 0)))
            (@HSub.hSub.{0, 0, 0} Int Int Int (@instHSub.{0} Int Int.instSub) b m))
          fun
            (a_1 :
              Not
                (@LE.le.{0} Int Int.instLEInt (@OfNat.ofNat.{0} Int (nat_lit 0) (@instOfNat (nat_lit 0)))
                  (@HSub.hSub.{0, 0, 0} Int Int Int (@instHSub.{0} Int Int.instSub) b m))) =>
          Tower.harmonic_lower._proof_1_3 a b m hb a_1;
      this);
  have h :
    @Eq.{1} Int
      (@HSub.hSub.{0, 0, 0} Int Int Int (@instHSub.{0} Int Int.instSub)
        (@HMul.hMul.{0, 0, 0} Int Int Int (@instHMul.{0} Int Int.instMul)
          (@HMul.hMul.{0, 0, 0} Int Int Int (@instHMul.{0} Int Int.instMul)
            (@OfNat.ofNat.{0} Int (nat_lit 2) (@instOfNat (nat_lit 2))) a)
          b)
        (@HMul.hMul.{0, 0, 0} Int Int Int (@instHMul.{0} Int Int.instMul) m
          (@HAdd.hAdd.{0, 0, 0} Int Int Int (@instHAdd.{0} Int Int.instAdd) a b)))
      (@HAdd.hAdd.{0, 0, 0} Int Int Int (@instHAdd.{0} Int Int.instAdd)
        (@HMul.hMul.{0, 0, 0} Int Int Int (@instHMul.{0} Int Int.instMul) m
          (@HAdd.hAdd.{0, 0, 0} Int Int Int (@instHAdd.{0} Int Int.instAdd)
            (@HSub.hSub.{0, 0, 0} Int Int Int (@instHSub.{0} Int Int.instSub) a m)
            (@HSub.hSub.{0, 0, 0} Int Int Int (@instHSub.{0} Int Int.instSub) b m)))
        (@HMul.hMul.{0, 0, 0} Int Int Int (@instHMul.{0} Int Int.instMul)
          (@HMul.hMul.{0, 0, 0} Int Int Int (@instHMul.{0} Int Int.instMul)
            (@OfNat.ofNat.{0} Int (nat_lit 2) (@instOfNat (nat_lit 2)))
            (@HSub.hSub.{0, 0, 0} Int Int Int (@instHSub.{0} Int Int.instSub) a m))
          (@HSub.hSub.{0, 0, 0} Int Int Int (@instHSub.{0} Int Int.instSub) b m))) :=
    Tower.harmonic_identity a b m;
  @Eq.mpr.{0}
    (@LE.le.{0} Int Int.instLEInt
      (@HMul.hMul.{0, 0, 0} Int Int Int (@instHMul.{0} Int Int.instMul) m
        (@HAdd.hAdd.{0, 0, 0} Int Int Int (@instHAdd.{0} Int Int.instAdd) a b))
      (@HMul.hMul.{0, 0, 0} Int Int Int (@instHMul.{0} Int Int.instMul)
        (@HMul.hMul.{0, 0, 0} Int Int Int (@instHMul.{0} Int Int.instMul)
          (@OfNat.ofNat.{0} Int (nat_lit 2) (@instOfNat (nat_lit 2))) a)
        b))
    (@LE.le.{0} Int Int.instLEInt
      (@HMul.hMul.{0, 0, 0} Int Int Int (@instHMul.{0} Int Int.instMul) m
        (@HAdd.hAdd.{0, 0, 0} Int Int Int (@instHAdd.{0} Int Int.instAdd) a b))
      (@HMul.hMul.{0, 0, 0} Int Int Int (@instHMul.{0} Int Int.instMul)
        (@OfNat.ofNat.{0} Int (nat_lit 2) (@instOfNat (nat_lit 2)))
        (@HMul.hMul.{0, 0, 0} Int Int Int (@instHMul.{0} Int Int.instMul) a b)))
    (@id.{0}
      (@Eq.{1} Prop
        (@LE.le.{0} Int Int.instLEInt
          (@HMul.hMul.{0, 0, 0} Int Int Int (@instHMul.{0} Int Int.instMul) m
            (@HAdd.hAdd.{0, 0, 0} Int Int Int (@instHAdd.{0} Int Int.instAdd) a b))
          (@HMul.hMul.{0, 0, 0} Int Int Int (@instHMul.{0} Int Int.instMul)
            (@HMul.hMul.{0, 0, 0} Int Int Int (@instHMul.{0} Int Int.instMul)
              (@OfNat.ofNat.{0} Int (nat_lit 2) (@instOfNat (nat_lit 2))) a)
            b))
        (@LE.le.{0} Int Int.instLEInt
          (@HMul.hMul.{0, 0, 0} Int Int Int (@instHMul.{0} Int Int.instMul) m
            (@HAdd.hAdd.{0, 0, 0} Int Int Int (@instHAdd.{0} Int Int.instAdd) a b))
          (@HMul.hMul.{0, 0, 0} Int Int Int (@instHMul.{0} Int Int.instMul)
            (@OfNat.ofNat.{0} Int (nat_lit 2) (@instOfNat (nat_lit 2)))
            (@HMul.hMul.{0, 0, 0} Int Int Int (@instHMul.{0} Int Int.instMul) a b))))
      (@congrArg.{1, 1} Int Prop
        (@HMul.hMul.{0, 0, 0} Int Int Int (@instHMul.{0} Int Int.instMul)
          (@HMul.hMul.{0, 0, 0} Int Int Int (@instHMul.{0} Int Int.instMul)
            (@OfNat.ofNat.{0} Int (nat_lit 2) (@instOfNat (nat_lit 2))) a)
          b)
        (@HMul.hMul.{0, 0, 0} Int Int Int (@instHMul.{0} Int Int.instMul)
          (@OfNat.ofNat.{0} Int (nat_lit 2) (@instOfNat (nat_lit 2)))
          (@HMul.hMul.{0, 0, 0} Int Int Int (@instHMul.{0} Int Int.instMul) a b))
        (@LE.le.{0} Int Int.instLEInt
          (@HMul.hMul.{0, 0, 0} Int Int Int (@instHMul.{0} Int Int.instMul) m
            (@HAdd.hAdd.{0, 0, 0} Int Int Int (@instHAdd.{0} Int Int.instAdd) a b)))
        (Int.mul_assoc (@OfNat.ofNat.{0} Int (nat_lit 2) (@instOfNat (nat_lit 2))) a b)))
    (@Decidable.byContradiction
      (@LE.le.{0} Int Int.instLEInt
        (@HMul.hMul.{0, 0, 0} Int Int Int (@instHMul.{0} Int Int.instMul) m
          (@HAdd.hAdd.{0, 0, 0} Int Int Int (@instHAdd.{0} Int Int.instAdd) a b))
        (@HMul.hMul.{0, 0, 0} Int Int Int (@instHMul.{0} Int Int.instMul)
          (@OfNat.ofNat.{0} Int (nat_lit 2) (@instOfNat (nat_lit 2)))
          (@HMul.hMul.{0, 0, 0} Int Int Int (@instHMul.{0} Int Int.instMul) a b)))
      (Int.decLe
        (@HMul.hMul.{0, 0, 0} Int Int Int (@instHMul.{0} Int Int.instMul) m
          (@HAdd.hAdd.{0, 0, 0} Int Int Int (@instHAdd.{0} Int Int.instAdd) a b))
        (@HMul.hMul.{0, 0, 0} Int Int Int (@instHMul.{0} Int Int.instMul)
          (@OfNat.ofNat.{0} Int (nat_lit 2) (@instOfNat (nat_lit 2)))
          (@HMul.hMul.{0, 0, 0} Int Int Int (@instHMul.{0} Int Int.instMul) a b)))
      fun
        (a_1 :
          Not
            (@LE.le.{0} Int Int.instLEInt
              (@HMul.hMul.{0, 0, 0} Int Int Int (@instHMul.{0} Int Int.instMul) m
                (@HAdd.hAdd.{0, 0, 0} Int Int Int (@instHAdd.{0} Int Int.instAdd) a b))
              (@HMul.hMul.{0, 0, 0} Int Int Int (@instHMul.{0} Int Int.instMul)
                (@OfNat.ofNat.{0} Int (nat_lit 2) (@instOfNat (nat_lit 2)))
                (@HMul.hMul.{0, 0, 0} Int Int Int (@instHMul.{0} Int Int.instMul) a b)))) =>
      Tower.harmonic_lower._proof_1_4 a b m h1 h2
        (@Eq.mp.{0}
          (@Eq.{1} Int
            (@HSub.hSub.{0, 0, 0} Int Int Int (@instHSub.{0} Int Int.instSub)
              (@HMul.hMul.{0, 0, 0} Int Int Int (@instHMul.{0} Int Int.instMul)
                (@HMul.hMul.{0, 0, 0} Int Int Int (@instHMul.{0} Int Int.instMul)
                  (@OfNat.ofNat.{0} Int (nat_lit 2) (@instOfNat (nat_lit 2))) a)
                b)
              (@HMul.hMul.{0, 0, 0} Int Int Int (@instHMul.{0} Int Int.instMul) m
                (@HAdd.hAdd.{0, 0, 0} Int Int Int (@instHAdd.{0} Int Int.instAdd) a b)))
            (@HAdd.hAdd.{0, 0, 0} Int Int Int (@instHAdd.{0} Int Int.instAdd)
              (@HMul.hMul.{0, 0, 0} Int Int Int (@instHMul.{0} Int Int.instMul) m
                (@HAdd.hAdd.{0, 0, 0} Int Int Int (@instHAdd.{0} Int Int.instAdd)
                  (@HSub.hSub.{0, 0, 0} Int Int Int (@instHSub.{0} Int Int.instSub) a m)
                  (@HSub.hSub.{0, 0, 0} Int Int Int (@instHSub.{0} Int Int.instSub) b m)))
              (@HMul.hMul.{0, 0, 0} Int Int Int (@instHMul.{0} Int Int.instMul)
                (@HMul.hMul.{0, 0, 0} Int Int Int (@instHMul.{0} Int Int.instMul)
                  (@OfNat.ofNat.{0} Int (nat_lit 2) (@instOfNat (nat_lit 2)))
                  (@HSub.hSub.{0, 0, 0} Int Int Int (@instHSub.{0} Int Int.instSub) a m))
                (@HSub.hSub.{0, 0, 0} Int Int Int (@instHSub.{0} Int Int.instSub) b m))))
          (@Eq.{1} Int
            (@HSub.hSub.{0, 0, 0} Int Int Int (@instHSub.{0} Int Int.instSub)
              (@HMul.hMul.{0, 0, 0} Int Int Int (@instHMul.{0} Int Int.instMul)
                (@OfNat.ofNat.{0} Int (nat_lit 2) (@instOfNat (nat_lit 2)))
                (@HMul.hMul.{0, 0, 0} Int Int Int (@instHMul.{0} Int Int.instMul) a b))
              (@HMul.hMul.{0, 0, 0} Int Int Int (@instHMul.{0} Int Int.instMul) m
                (@HAdd.hAdd.{0, 0, 0} Int Int Int (@instHAdd.{0} Int Int.instAdd) a b)))
            (@HAdd.hAdd.{0, 0, 0} Int Int Int (@instHAdd.{0} Int Int.instAdd)
              (@HMul.hMul.{0, 0, 0} Int Int Int (@instHMul.{0} Int Int.instMul) m
                (@HAdd.hAdd.{0, 0, 0} Int Int Int (@instHAdd.{0} Int Int.instAdd)
                  (@HSub.hSub.{0, 0, 0} Int Int Int (@instHSub.{0} Int Int.instSub) a m)
                  (@HSub.hSub.{0, 0, 0} Int Int Int (@instHSub.{0} Int Int.instSub) b m)))
              (@HMul.hMul.{0, 0, 0} Int Int Int (@instHMul.{0} Int Int.instMul)
                (@OfNat.ofNat.{0} Int (nat_lit 2) (@instOfNat (nat_lit 2)))
                (@HMul.hMul.{0, 0, 0} Int Int Int (@instHMul.{0} Int Int.instMul)
                  (@HSub.hSub.{0, 0, 0} Int Int Int (@instHSub.{0} Int Int.instSub) a m)
                  (@HSub.hSub.{0, 0, 0} Int Int Int (@instHSub.{0} Int Int.instSub) b m)))))
          (@congr.{1, 1} Int Prop
            (@Eq.{1} Int
              (@HSub.hSub.{0, 0, 0} Int Int Int (@instHSub.{0} Int Int.instSub)
                (@HMul.hMul.{0, 0, 0} Int Int Int (@instHMul.{0} Int Int.instMul)
                  (@HMul.hMul.{0, 0, 0} Int Int Int (@instHMul.{0} Int Int.instMul)
                    (@OfNat.ofNat.{0} Int (nat_lit 2) (@instOfNat (nat_lit 2))) a)
                  b)
                (@HMul.hMul.{0, 0, 0} Int Int Int (@instHMul.{0} Int Int.instMul) m
                  (@HAdd.hAdd.{0, 0, 0} Int Int Int (@instHAdd.{0} Int Int.instAdd) a b))))
            (@Eq.{1} Int
              (@HSub.hSub.{0, 0, 0} Int Int Int (@instHSub.{0} Int Int.instSub)
                (@HMul.hMul.{0, 0, 0} Int Int Int (@instHMul.{0} Int Int.instMul)
                  (@OfNat.ofNat.{0} Int (nat_lit 2) (@instOfNat (nat_lit 2)))
                  (@HMul.hMul.{0, 0, 0} Int Int Int (@instHMul.{0} Int Int.instMul) a b))
                (@HMul.hMul.{0, 0, 0} Int Int Int (@instHMul.{0} Int Int.instMul) m
                  (@HAdd.hAdd.{0, 0, 0} Int Int Int (@instHAdd.{0} Int Int.instAdd) a b))))
            (@HAdd.hAdd.{0, 0, 0} Int Int Int (@instHAdd.{0} Int Int.instAdd)
              (@HMul.hMul.{0, 0, 0} Int Int Int (@instHMul.{0} Int Int.instMul) m
                (@HAdd.hAdd.{0, 0, 0} Int Int Int (@instHAdd.{0} Int Int.instAdd)
                  (@HSub.hSub.{0, 0, 0} Int Int Int (@instHSub.{0} Int Int.instSub) a m)
                  (@HSub.hSub.{0, 0, 0} Int Int Int (@instHSub.{0} Int Int.instSub) b m)))
              (@HMul.hMul.{0, 0, 0} Int Int Int (@instHMul.{0} Int Int.instMul)
                (@HMul.hMul.{0, 0, 0} Int Int Int (@instHMul.{0} Int Int.instMul)
                  (@OfNat.ofNat.{0} Int (nat_lit 2) (@instOfNat (nat_lit 2)))
                  (@HSub.hSub.{0, 0, 0} Int Int Int (@instHSub.{0} Int Int.instSub) a m))
                (@HSub.hSub.{0, 0, 0} Int Int Int (@instHSub.{0} Int Int.instSub) b m)))
            (@HAdd.hAdd.{0, 0, 0} Int Int Int (@instHAdd.{0} Int Int.instAdd)
              (@HMul.hMul.{0, 0, 0} Int Int Int (@instHMul.{0} Int Int.instMul) m
                (@HAdd.hAdd.{0, 0, 0} Int Int Int (@instHAdd.{0} Int Int.instAdd)
                  (@HSub.hSub.{0, 0, 0} Int Int Int (@instHSub.{0} Int Int.instSub) a m)
                  (@HSub.hSub.{0, 0, 0} Int Int Int (@instHSub.{0} Int Int.instSub) b m)))
              (@HMul.hMul.{0, 0, 0} Int Int Int (@instHMul.{0} Int Int.instMul)
                (@OfNat.ofNat.{0} Int (nat_lit 2) (@instOfNat (nat_lit 2)))
                (@HMul.hMul.{0, 0, 0} Int Int Int (@instHMul.{0} Int Int.instMul)
                  (@HSub.hSub.{0, 0, 0} Int Int Int (@instHSub.{0} Int Int.instSub) a m)
                  (@HSub.hSub.{0, 0, 0} Int Int Int (@instHSub.{0} Int Int.instSub) b m))))
            (@congrArg.{1, 1} Int (Int → Prop)
              (@HSub.hSub.{0, 0, 0} Int Int Int (@instHSub.{0} Int Int.instSub)
                (@HMul.hMul.{0, 0, 0} Int Int Int (@instHMul.{0} Int Int.instMul)
                  (@HMul.hMul.{0, 0, 0} Int Int Int (@instHMul.{0} Int Int.instMul)
                    (@OfNat.ofNat.{0} Int (nat_lit 2) (@instOfNat (nat_lit 2))) a)
                  b)
                (@HMul.hMul.{0, 0, 0} Int Int Int (@instHMul.{0} Int Int.instMul) m
                  (@HAdd.hAdd.{0, 0, 0} Int Int Int (@instHAdd.{0} Int Int.instAdd) a b)))
              (@HSub.hSub.{0, 0, 0} Int Int Int (@instHSub.{0} Int Int.instSub)
                (@HMul.hMul.{0, 0, 0} Int Int Int (@instHMul.{0} Int Int.instMul)
                  (@OfNat.ofNat.{0} Int (nat_lit 2) (@instOfNat (nat_lit 2)))
                  (@HMul.hMul.{0, 0, 0} Int Int Int (@instHMul.{0} Int Int.instMul) a b))
                (@HMul.hMul.{0, 0, 0} Int Int Int (@instHMul.{0} Int Int.instMul) m
                  (@HAdd.hAdd.{0, 0, 0} Int Int Int (@instHAdd.{0} Int Int.instAdd) a b)))
              (@Eq.{1} Int)
              (@congrFun'.{1, 1} Int Int
                (@HSub.hSub.{0, 0, 0} Int Int Int (@instHSub.{0} Int Int.instSub)
                  (@HMul.hMul.{0, 0, 0} Int Int Int (@instHMul.{0} Int Int.instMul)
                    (@HMul.hMul.{0, 0, 0} Int Int Int (@instHMul.{0} Int Int.instMul)
                      (@OfNat.ofNat.{0} Int (nat_lit 2) (@instOfNat (nat_lit 2))) a)
                    b))
                (@HSub.hSub.{0, 0, 0} Int Int Int (@instHSub.{0} Int Int.instSub)
                  (@HMul.hMul.{0, 0, 0} Int Int Int (@instHMul.{0} Int Int.instMul)
                    (@OfNat.ofNat.{0} Int (nat_lit 2) (@instOfNat (nat_lit 2)))
                    (@HMul.hMul.{0, 0, 0} Int Int Int (@instHMul.{0} Int Int.instMul) a b)))
                (@congrArg.{1, 1} Int (Int → Int)
                  (@HMul.hMul.{0, 0, 0} Int Int Int (@instHMul.{0} Int Int.instMul)
                    (@HMul.hMul.{0, 0, 0} Int Int Int (@instHMul.{0} Int Int.instMul)
                      (@OfNat.ofNat.{0} Int (nat_lit 2) (@instOfNat (nat_lit 2))) a)
                    b)
                  (@HMul.hMul.{0, 0, 0} Int Int Int (@instHMul.{0} Int Int.instMul)
                    (@OfNat.ofNat.{0} Int (nat_lit 2) (@instOfNat (nat_lit 2)))
                    (@HMul.hMul.{0, 0, 0} Int Int Int (@instHMul.{0} Int Int.instMul) a b))
                  (@HSub.hSub.{0, 0, 0} Int Int Int (@instHSub.{0} Int Int.instSub))
                  (Int.mul_assoc (@OfNat.ofNat.{0} Int (nat_lit 2) (@instOfNat (nat_lit 2))) a b))
                (@HMul.hMul.{0, 0, 0} Int Int Int (@instHMul.{0} Int Int.instMul) m
                  (@HAdd.hAdd.{0, 0, 0} Int Int Int (@instHAdd.{0} Int Int.instAdd) a b))))
            (@congrArg.{1, 1} Int Int
              (@HMul.hMul.{0, 0, 0} Int Int Int (@instHMul.{0} Int Int.instMul)
                (@HMul.hMul.{0, 0, 0} Int Int Int (@instHMul.{0} Int Int.instMul)
                  (@OfNat.ofNat.{0} Int (nat_lit 2) (@instOfNat (nat_lit 2)))
                  (@HSub.hSub.{0, 0, 0} Int Int Int (@instHSub.{0} Int Int.instSub) a m))
                (@HSub.hSub.{0, 0, 0} Int Int Int (@instHSub.{0} Int Int.instSub) b m))
              (@HMul.hMul.{0, 0, 0} Int Int Int (@instHMul.{0} Int Int.instMul)
                (@OfNat.ofNat.{0} Int (nat_lit 2) (@instOfNat (nat_lit 2)))
                (@HMul.hMul.{0, 0, 0} Int Int Int (@instHMul.{0} Int Int.instMul)
                  (@HSub.hSub.{0, 0, 0} Int Int Int (@instHSub.{0} Int Int.instSub) a m)
                  (@HSub.hSub.{0, 0, 0} Int Int Int (@instHSub.{0} Int Int.instSub) b m)))
              (@HAdd.hAdd.{0, 0, 0} Int Int Int (@instHAdd.{0} Int Int.instAdd)
                (@HMul.hMul.{0, 0, 0} Int Int Int (@instHMul.{0} Int Int.instMul) m
                  (@HAdd.hAdd.{0, 0, 0} Int Int Int (@instHAdd.{0} Int Int.instAdd)
                    (@HSub.hSub.{0, 0, 0} Int Int Int (@instHSub.{0} Int Int.instSub) a m)
                    (@HSub.hSub.{0, 0, 0} Int Int Int (@instHSub.{0} Int Int.instSub) b m))))
              (Int.mul_assoc (@OfNat.ofNat.{0} Int (nat_lit 2) (@instOfNat (nat_lit 2)))
                (@HSub.hSub.{0, 0, 0} Int Int Int (@instHSub.{0} Int Int.instSub) a m)
                (@HSub.hSub.{0, 0, 0} Int Int Int (@instHSub.{0} Int Int.instSub) b m))))
          h)
        a_1)
Tower.output_transfer : ∀ (actual ideal err lower : Int)
  (he :
    And
      (@LE.le.{0} Int Int.instLEInt (@Neg.neg.{0} Int Int.instNegInt err)
        (@HSub.hSub.{0, 0, 0} Int Int Int (@instHSub.{0} Int Int.instSub) actual ideal))
      (@LE.le.{0} Int Int.instLEInt (@HSub.hSub.{0, 0, 0} Int Int Int (@instHSub.{0} Int Int.instSub) actual ideal)
        err))
  (hi :
    @LE.le.{0} Int Int.instLEInt (@HAdd.hAdd.{0, 0, 0} Int Int Int (@instHAdd.{0} Int Int.instAdd) lower err) ideal),
  @LE.le.{0} Int Int.instLEInt lower actual
theorem Tower.output_transfer : ∀ (actual ideal err lower : Int)
  (he :
    And
      (@LE.le.{0} Int Int.instLEInt (@Neg.neg.{0} Int Int.instNegInt err)
        (@HSub.hSub.{0, 0, 0} Int Int Int (@instHSub.{0} Int Int.instSub) actual ideal))
      (@LE.le.{0} Int Int.instLEInt (@HSub.hSub.{0, 0, 0} Int Int Int (@instHSub.{0} Int Int.instSub) actual ideal)
        err))
  (hi :
    @LE.le.{0} Int Int.instLEInt (@HAdd.hAdd.{0, 0, 0} Int Int Int (@instHAdd.{0} Int Int.instAdd) lower err) ideal),
  @LE.le.{0} Int Int.instLEInt lower actual :=
fun (actual ideal err lower : Int)
    (he :
      And
        (@LE.le.{0} Int Int.instLEInt (@Neg.neg.{0} Int Int.instNegInt err)
          (@HSub.hSub.{0, 0, 0} Int Int Int (@instHSub.{0} Int Int.instSub) actual ideal))
        (@LE.le.{0} Int Int.instLEInt (@HSub.hSub.{0, 0, 0} Int Int Int (@instHSub.{0} Int Int.instSub) actual ideal)
          err))
    (hi :
      @LE.le.{0} Int Int.instLEInt (@HAdd.hAdd.{0, 0, 0} Int Int Int (@instHAdd.{0} Int Int.instAdd) lower err)
        ideal) =>
  @Decidable.byContradiction (@LE.le.{0} Int Int.instLEInt lower actual) (Int.decLe lower actual)
    fun (a : Not (@LE.le.{0} Int Int.instLEInt lower actual)) =>
    Tower.output_transfer._proof_1_1 actual ideal err lower he hi a
Tower.clean_invariant_constants : And
  (@GT.gt.{0} Nat instLTNat (@OfNat.ofNat.{0} Nat (nat_lit 49) (instOfNatNat (nat_lit 49)))
    (@OfNat.ofNat.{0} Nat (nat_lit 0) (instOfNatNat (nat_lit 0))))
  (And
    (@GT.gt.{0} Nat instLTNat (@OfNat.ofNat.{0} Nat (nat_lit 27) (instOfNatNat (nat_lit 27)))
      (@OfNat.ofNat.{0} Nat (nat_lit 0) (instOfNatNat (nat_lit 0))))
    (And
      (@LT.lt.{0} Nat instLTNat (@OfNat.ofNat.{0} Nat (nat_lit 8388610) (instOfNatNat (nat_lit 8388610)))
        (@OfNat.ofNat.{0} Nat (nat_lit 34359738368) (instOfNatNat (nat_lit 34359738368))))
      (@LT.lt.{0} Nat instLTNat (@OfNat.ofNat.{0} Nat (nat_lit 2147483650) (instOfNatNat (nat_lit 2147483650)))
        (@OfNat.ofNat.{0} Nat (nat_lit 34359738368) (instOfNatNat (nat_lit 34359738368))))))
theorem Tower.clean_invariant_constants : And
  (@GT.gt.{0} Nat instLTNat (@OfNat.ofNat.{0} Nat (nat_lit 49) (instOfNatNat (nat_lit 49)))
    (@OfNat.ofNat.{0} Nat (nat_lit 0) (instOfNatNat (nat_lit 0))))
  (And
    (@GT.gt.{0} Nat instLTNat (@OfNat.ofNat.{0} Nat (nat_lit 27) (instOfNatNat (nat_lit 27)))
      (@OfNat.ofNat.{0} Nat (nat_lit 0) (instOfNatNat (nat_lit 0))))
    (And
      (@LT.lt.{0} Nat instLTNat (@OfNat.ofNat.{0} Nat (nat_lit 8388610) (instOfNatNat (nat_lit 8388610)))
        (@OfNat.ofNat.{0} Nat (nat_lit 34359738368) (instOfNatNat (nat_lit 34359738368))))
      (@LT.lt.{0} Nat instLTNat (@OfNat.ofNat.{0} Nat (nat_lit 2147483650) (instOfNatNat (nat_lit 2147483650)))
        (@OfNat.ofNat.{0} Nat (nat_lit 34359738368) (instOfNatNat (nat_lit 34359738368)))))) :=
@of_decide_eq_true
  (And
    (@GT.gt.{0} Nat instLTNat (@OfNat.ofNat.{0} Nat (nat_lit 49) (instOfNatNat (nat_lit 49)))
      (@OfNat.ofNat.{0} Nat (nat_lit 0) (instOfNatNat (nat_lit 0))))
    (And
      (@GT.gt.{0} Nat instLTNat (@OfNat.ofNat.{0} Nat (nat_lit 27) (instOfNatNat (nat_lit 27)))
        (@OfNat.ofNat.{0} Nat (nat_lit 0) (instOfNatNat (nat_lit 0))))
      (And
        (@LT.lt.{0} Nat instLTNat (@OfNat.ofNat.{0} Nat (nat_lit 8388610) (instOfNatNat (nat_lit 8388610)))
          (@OfNat.ofNat.{0} Nat (nat_lit 34359738368) (instOfNatNat (nat_lit 34359738368))))
        (@LT.lt.{0} Nat instLTNat (@OfNat.ofNat.{0} Nat (nat_lit 2147483650) (instOfNatNat (nat_lit 2147483650)))
          (@OfNat.ofNat.{0} Nat (nat_lit 34359738368) (instOfNatNat (nat_lit 34359738368)))))))
  (@instDecidableAnd
    (@GT.gt.{0} Nat instLTNat (@OfNat.ofNat.{0} Nat (nat_lit 49) (instOfNatNat (nat_lit 49)))
      (@OfNat.ofNat.{0} Nat (nat_lit 0) (instOfNatNat (nat_lit 0))))
    (And
      (@GT.gt.{0} Nat instLTNat (@OfNat.ofNat.{0} Nat (nat_lit 27) (instOfNatNat (nat_lit 27)))
        (@OfNat.ofNat.{0} Nat (nat_lit 0) (instOfNatNat (nat_lit 0))))
      (And
        (@LT.lt.{0} Nat instLTNat (@OfNat.ofNat.{0} Nat (nat_lit 8388610) (instOfNatNat (nat_lit 8388610)))
          (@OfNat.ofNat.{0} Nat (nat_lit 34359738368) (instOfNatNat (nat_lit 34359738368))))
        (@LT.lt.{0} Nat instLTNat (@OfNat.ofNat.{0} Nat (nat_lit 2147483650) (instOfNatNat (nat_lit 2147483650)))
          (@OfNat.ofNat.{0} Nat (nat_lit 34359738368) (instOfNatNat (nat_lit 34359738368))))))
    (Nat.decLt (@OfNat.ofNat.{0} Nat (nat_lit 0) (instOfNatNat (nat_lit 0)))
      (@OfNat.ofNat.{0} Nat (nat_lit 49) (instOfNatNat (nat_lit 49))))
    (@instDecidableAnd
      (@GT.gt.{0} Nat instLTNat (@OfNat.ofNat.{0} Nat (nat_lit 27) (instOfNatNat (nat_lit 27)))
        (@OfNat.ofNat.{0} Nat (nat_lit 0) (instOfNatNat (nat_lit 0))))
      (And
        (@LT.lt.{0} Nat instLTNat (@OfNat.ofNat.{0} Nat (nat_lit 8388610) (instOfNatNat (nat_lit 8388610)))
          (@OfNat.ofNat.{0} Nat (nat_lit 34359738368) (instOfNatNat (nat_lit 34359738368))))
        (@LT.lt.{0} Nat instLTNat (@OfNat.ofNat.{0} Nat (nat_lit 2147483650) (instOfNatNat (nat_lit 2147483650)))
          (@OfNat.ofNat.{0} Nat (nat_lit 34359738368) (instOfNatNat (nat_lit 34359738368)))))
      (Nat.decLt (@OfNat.ofNat.{0} Nat (nat_lit 0) (instOfNatNat (nat_lit 0)))
        (@OfNat.ofNat.{0} Nat (nat_lit 27) (instOfNatNat (nat_lit 27))))
      (@instDecidableAnd
        (@LT.lt.{0} Nat instLTNat (@OfNat.ofNat.{0} Nat (nat_lit 8388610) (instOfNatNat (nat_lit 8388610)))
          (@OfNat.ofNat.{0} Nat (nat_lit 34359738368) (instOfNatNat (nat_lit 34359738368))))
        (@LT.lt.{0} Nat instLTNat (@OfNat.ofNat.{0} Nat (nat_lit 2147483650) (instOfNatNat (nat_lit 2147483650)))
          (@OfNat.ofNat.{0} Nat (nat_lit 34359738368) (instOfNatNat (nat_lit 34359738368))))
        (Nat.decLt (@OfNat.ofNat.{0} Nat (nat_lit 8388610) (instOfNatNat (nat_lit 8388610)))
          (@OfNat.ofNat.{0} Nat (nat_lit 34359738368) (instOfNatNat (nat_lit 34359738368))))
        (Nat.decLt (@OfNat.ofNat.{0} Nat (nat_lit 2147483650) (instOfNatNat (nat_lit 2147483650)))
          (@OfNat.ofNat.{0} Nat (nat_lit 34359738368) (instOfNatNat (nat_lit 34359738368)))))))
  (@id.{0}
    (@Eq.{1} Bool
      (@Decidable.decide
        (And
          (@GT.gt.{0} Nat instLTNat (@OfNat.ofNat.{0} Nat (nat_lit 49) (instOfNatNat (nat_lit 49)))
            (@OfNat.ofNat.{0} Nat (nat_lit 0) (instOfNatNat (nat_lit 0))))
          (And
            (@GT.gt.{0} Nat instLTNat (@OfNat.ofNat.{0} Nat (nat_lit 27) (instOfNatNat (nat_lit 27)))
              (@OfNat.ofNat.{0} Nat (nat_lit 0) (instOfNatNat (nat_lit 0))))
            (And
              (@LT.lt.{0} Nat instLTNat (@OfNat.ofNat.{0} Nat (nat_lit 8388610) (instOfNatNat (nat_lit 8388610)))
                (@OfNat.ofNat.{0} Nat (nat_lit 34359738368) (instOfNatNat (nat_lit 34359738368))))
              (@LT.lt.{0} Nat instLTNat (@OfNat.ofNat.{0} Nat (nat_lit 2147483650) (instOfNatNat (nat_lit 2147483650)))
                (@OfNat.ofNat.{0} Nat (nat_lit 34359738368) (instOfNatNat (nat_lit 34359738368)))))))
        (@instDecidableAnd
          (@GT.gt.{0} Nat instLTNat (@OfNat.ofNat.{0} Nat (nat_lit 49) (instOfNatNat (nat_lit 49)))
            (@OfNat.ofNat.{0} Nat (nat_lit 0) (instOfNatNat (nat_lit 0))))
          (And
            (@GT.gt.{0} Nat instLTNat (@OfNat.ofNat.{0} Nat (nat_lit 27) (instOfNatNat (nat_lit 27)))
              (@OfNat.ofNat.{0} Nat (nat_lit 0) (instOfNatNat (nat_lit 0))))
            (And
              (@LT.lt.{0} Nat instLTNat (@OfNat.ofNat.{0} Nat (nat_lit 8388610) (instOfNatNat (nat_lit 8388610)))
                (@OfNat.ofNat.{0} Nat (nat_lit 34359738368) (instOfNatNat (nat_lit 34359738368))))
              (@LT.lt.{0} Nat instLTNat (@OfNat.ofNat.{0} Nat (nat_lit 2147483650) (instOfNatNat (nat_lit 2147483650)))
                (@OfNat.ofNat.{0} Nat (nat_lit 34359738368) (instOfNatNat (nat_lit 34359738368))))))
          (Nat.decLt (@OfNat.ofNat.{0} Nat (nat_lit 0) (instOfNatNat (nat_lit 0)))
            (@OfNat.ofNat.{0} Nat (nat_lit 49) (instOfNatNat (nat_lit 49))))
          (@instDecidableAnd
            (@GT.gt.{0} Nat instLTNat (@OfNat.ofNat.{0} Nat (nat_lit 27) (instOfNatNat (nat_lit 27)))
              (@OfNat.ofNat.{0} Nat (nat_lit 0) (instOfNatNat (nat_lit 0))))
            (And
              (@LT.lt.{0} Nat instLTNat (@OfNat.ofNat.{0} Nat (nat_lit 8388610) (instOfNatNat (nat_lit 8388610)))
                (@OfNat.ofNat.{0} Nat (nat_lit 34359738368) (instOfNatNat (nat_lit 34359738368))))
              (@LT.lt.{0} Nat instLTNat (@OfNat.ofNat.{0} Nat (nat_lit 2147483650) (instOfNatNat (nat_lit 2147483650)))
                (@OfNat.ofNat.{0} Nat (nat_lit 34359738368) (instOfNatNat (nat_lit 34359738368)))))
            (Nat.decLt (@OfNat.ofNat.{0} Nat (nat_lit 0) (instOfNatNat (nat_lit 0)))
              (@OfNat.ofNat.{0} Nat (nat_lit 27) (instOfNatNat (nat_lit 27))))
            (@instDecidableAnd
              (@LT.lt.{0} Nat instLTNat (@OfNat.ofNat.{0} Nat (nat_lit 8388610) (instOfNatNat (nat_lit 8388610)))
                (@OfNat.ofNat.{0} Nat (nat_lit 34359738368) (instOfNatNat (nat_lit 34359738368))))
              (@LT.lt.{0} Nat instLTNat (@OfNat.ofNat.{0} Nat (nat_lit 2147483650) (instOfNatNat (nat_lit 2147483650)))
                (@OfNat.ofNat.{0} Nat (nat_lit 34359738368) (instOfNatNat (nat_lit 34359738368))))
              (Nat.decLt (@OfNat.ofNat.{0} Nat (nat_lit 8388610) (instOfNatNat (nat_lit 8388610)))
                (@OfNat.ofNat.{0} Nat (nat_lit 34359738368) (instOfNatNat (nat_lit 34359738368))))
              (Nat.decLt (@OfNat.ofNat.{0} Nat (nat_lit 2147483650) (instOfNatNat (nat_lit 2147483650)))
                (@OfNat.ofNat.{0} Nat (nat_lit 34359738368) (instOfNatNat (nat_lit 34359738368))))))))
      Bool.true)
    (@Eq.refl.{1} Bool Bool.true))
@Tower.successful_execution : ∀ {Entry Word : Type} (o : Tower.Ops Entry Word) (Good : Nat → Entry → Prop)
  (base :
    ∀ (e : Entry),
      Good (@OfNat.ofNat.{0} Nat (nat_lit 0) (instOfNatNat (nat_lit 0))) e →
        @Exists.{1} (Prod.{0, 0} (List.{0} Word) Entry) fun (z : Prod.{0, 0} (List.{0} Word) Entry) =>
          @Eq.{1} (Option.{0} (Prod.{0, 0} (List.{0} Word) Entry)) (@Tower.Ops.ldl Entry Word o e)
            (@Option.some.{0} (Prod.{0, 0} (List.{0} Word) Entry) z))
  (step :
    ∀ (d : Nat) (e : Entry),
      Good
          (@HAdd.hAdd.{0, 0, 0} Nat Nat Nat (@instHAdd.{0} Nat instAddNat) d
            (@OfNat.ofNat.{0} Nat (nat_lit 1) (instOfNatNat (nat_lit 1))))
          e →
        @Exists.{1} Entry fun (a : Entry) =>
          @Exists.{1} (Prod.{0, 0} (List.{0} Word) Entry) fun (z : Prod.{0, 0} (List.{0} Word) Entry) =>
            @Exists.{1} Entry fun (b : Entry) =>
              And (@Eq.{1} (Option.{0} Entry) (@Tower.Ops.first Entry Word o e) (@Option.some.{0} Entry a))
                (And (Good d a)
                  (And
                    (@Eq.{1} (Option.{0} (Prod.{0, 0} (List.{0} Word) Entry)) (@Tower.Ops.ldl Entry Word o e)
                      (@Option.some.{0} (Prod.{0, 0} (List.{0} Word) Entry) z))
                    (And
                      (@Eq.{1} (Option.{0} Entry)
                        (@Tower.Ops.second Entry Word o (@Prod.snd.{0, 0} (List.{0} Word) Entry z))
                        (@Option.some.{0} Entry b))
                      (Good d b)))))
  (d : Nat) (e : Entry),
  Good d e →
    @Exists.{1} (List.{0} Word) fun (out : List.{0} Word) =>
      @Eq.{1} (Option.{0} (List.{0} Word)) (@Tower.execute Entry Word o d e) (@Option.some.{0} (List.{0} Word) out)
theorem Tower.successful_execution : ∀ {Entry Word : Type} (o : Tower.Ops Entry Word) (Good : Nat → Entry → Prop)
  (base :
    ∀ (e : Entry),
      Good (@OfNat.ofNat.{0} Nat (nat_lit 0) (instOfNatNat (nat_lit 0))) e →
        @Exists.{1} (Prod.{0, 0} (List.{0} Word) Entry) fun (z : Prod.{0, 0} (List.{0} Word) Entry) =>
          @Eq.{1} (Option.{0} (Prod.{0, 0} (List.{0} Word) Entry)) (@Tower.Ops.ldl Entry Word o e)
            (@Option.some.{0} (Prod.{0, 0} (List.{0} Word) Entry) z))
  (step :
    ∀ (d : Nat) (e : Entry),
      Good
          (@HAdd.hAdd.{0, 0, 0} Nat Nat Nat (@instHAdd.{0} Nat instAddNat) d
            (@OfNat.ofNat.{0} Nat (nat_lit 1) (instOfNatNat (nat_lit 1))))
          e →
        @Exists.{1} Entry fun (a : Entry) =>
          @Exists.{1} (Prod.{0, 0} (List.{0} Word) Entry) fun (z : Prod.{0, 0} (List.{0} Word) Entry) =>
            @Exists.{1} Entry fun (b : Entry) =>
              And (@Eq.{1} (Option.{0} Entry) (@Tower.Ops.first Entry Word o e) (@Option.some.{0} Entry a))
                (And (Good d a)
                  (And
                    (@Eq.{1} (Option.{0} (Prod.{0, 0} (List.{0} Word) Entry)) (@Tower.Ops.ldl Entry Word o e)
                      (@Option.some.{0} (Prod.{0, 0} (List.{0} Word) Entry) z))
                    (And
                      (@Eq.{1} (Option.{0} Entry)
                        (@Tower.Ops.second Entry Word o (@Prod.snd.{0, 0} (List.{0} Word) Entry z))
                        (@Option.some.{0} Entry b))
                      (Good d b)))))
  (d : Nat) (e : Entry),
  Good d e →
    @Exists.{1} (List.{0} Word) fun (out : List.{0} Word) =>
      @Eq.{1} (Option.{0} (List.{0} Word)) (@Tower.execute Entry Word o d e) (@Option.some.{0} (List.{0} Word) out) :=
fun {Entry Word : ⋯} (o : ⋯) (Good : ⋯) (base : ⋯) (step : ⋯) (d : ⋯) =>
  @Nat.recAux.{0}
    (fun (d : Nat) =>
      ∀ (e : Entry),
        Good d e →
          @Exists.{1} (List.{0} Word) fun (out : List.{0} Word) =>
            @Eq.{1} (Option.{0} (List.{0} Word)) (@Tower.execute Entry Word o d e)
              (@Option.some.{0} (List.{0} Word) out))
    (fun (e : Entry) (he : Good (@OfNat.ofNat.{0} Nat (nat_lit 0) (instOfNatNat (nat_lit 0))) e) =>
      @Exists.casesOn.{1} (Prod.{0, 0} (List.{0} Word) Entry)
        (fun (z : Prod.{0, 0} (List.{0} Word) Entry) =>
          @Eq.{1} (Option.{0} (Prod.{0, 0} (List.{0} Word) Entry)) (@Tower.Ops.ldl Entry Word o e)
            (@Option.some.{0} (Prod.{0, 0} (List.{0} Word) Entry) z))
        (fun
            (x :
              @Exists.{1} (Prod.{0, 0} (List.{0} Word) Entry) fun (z : Prod.{0, 0} (List.{0} Word) Entry) =>
                @Eq.{1} (Option.{0} (Prod.{0, 0} (List.{0} Word) Entry)) (@Tower.Ops.ldl Entry Word o e)
                  (@Option.some.{0} (Prod.{0, 0} (List.{0} Word) Entry) z)) =>
          @Exists.{1} (List.{0} Word) fun (out : List.{0} Word) =>
            @Eq.{1} (Option.{0} (List.{0} Word))
              (@Tower.execute Entry Word o (@OfNat.ofNat.{0} Nat (nat_lit 0) (instOfNatNat (nat_lit 0))) e)
              (@Option.some.{0} (List.{0} Word) out))
        (base e he)
        fun (z : Prod.{0, 0} (List.{0} Word) Entry)
          (hz :
            @Eq.{1} (Option.{0} (Prod.{0, 0} (List.{0} Word) Entry)) (@Tower.Ops.ldl Entry Word o e)
              (@Option.some.{0} (Prod.{0, 0} (List.{0} Word) Entry) z)) =>
        @Exists.intro.{1} (List.{0} Word)
          (fun (out : List.{0} Word) =>
            @Eq.{1} (Option.{0} (List.{0} Word))
              (@Tower.execute Entry Word o (@OfNat.ofNat.{0} Nat (nat_lit 0) (instOfNatNat (nat_lit 0))) e)
              (@Option.some.{0} (List.{0} Word) out))
          (@HAppend.hAppend.{0, 0, 0} (List.{0} Word) (List.{0} Word) (List.{0} Word)
            (@instHAppendOfAppend.{0} (List.{0} Word) (@List.instAppend.{0} Word))
            (@Prod.fst.{0, 0} (List.{0} Word) Entry z)
            (@List.cons.{0} Word (@Tower.Ops.leaf0 Entry Word o e)
              (@List.cons.{0} Word (@Tower.Ops.leaf1 Entry Word o (@Prod.snd.{0, 0} (List.{0} Word) Entry z))
                (@List.nil.{0} Word))))
          (@of_eq_true
            (@Eq.{1} (Option.{0} (List.{0} Word))
              (@Tower.execute Entry Word o (@OfNat.ofNat.{0} Nat (nat_lit 0) (instOfNatNat (nat_lit 0))) e)
              (@Option.some.{0} (List.{0} Word)
                (@HAppend.hAppend.{0, 0, 0} (List.{0} Word) (List.{0} Word) (List.{0} Word)
                  (@instHAppendOfAppend.{0} (List.{0} Word) (@List.instAppend.{0} Word))
                  (@Prod.fst.{0, 0} (List.{0} Word) Entry z)
                  (@List.cons.{0} Word (@Tower.Ops.leaf0 Entry Word o e)
                    (@List.cons.{0} Word (@Tower.Ops.leaf1 Entry Word o (@Prod.snd.{0, 0} (List.{0} Word) Entry z))
                      (@List.nil.{0} Word))))))
            (@Eq.trans.{1} Prop
              (@Eq.{1} (Option.{0} (List.{0} Word))
                (@Tower.execute Entry Word o (@OfNat.ofNat.{0} Nat (nat_lit 0) (instOfNatNat (nat_lit 0))) e)
                (@Option.some.{0} (List.{0} Word)
                  (@HAppend.hAppend.{0, 0, 0} (List.{0} Word) (List.{0} Word) (List.{0} Word)
                    (@instHAppendOfAppend.{0} (List.{0} Word) (@List.instAppend.{0} Word))
                    (@Prod.fst.{0, 0} (List.{0} Word) Entry z)
                    (@List.cons.{0} Word (@Tower.Ops.leaf0 Entry Word o e)
                      (@List.cons.{0} Word (@Tower.Ops.leaf1 Entry Word o (@Prod.snd.{0, 0} (List.{0} Word) Entry z))
                        (@List.nil.{0} Word))))))
              (@Eq.{1} (Option.{0} (List.{0} Word))
                (@Option.some.{0} (List.{0} Word)
                  (@HAppend.hAppend.{0, 0, 0} (List.{0} Word) (List.{0} Word) (List.{0} Word)
                    (@instHAppendOfAppend.{0} (List.{0} Word) (@List.instAppend.{0} Word))
                    (@Prod.fst.{0, 0} (List.{0} Word) Entry z)
                    (@List.cons.{0} Word (@Tower.Ops.leaf0 Entry Word o e)
                      (@List.cons.{0} Word (@Tower.Ops.leaf1 Entry Word o (@Prod.snd.{0, 0} (List.{0} Word) Entry z))
                        (@List.nil.{0} Word)))))
                (@Option.some.{0} (List.{0} Word)
                  (@HAppend.hAppend.{0, 0, 0} (List.{0} Word) (List.{0} Word) (List.{0} Word)
                    (@instHAppendOfAppend.{0} (List.{0} Word) (@List.instAppend.{0} Word))
                    (@Prod.fst.{0, 0} (List.{0} Word) Entry z)
                    (@List.cons.{0} Word (@Tower.Ops.leaf0 Entry Word o e)
                      (@List.cons.{0} Word (@Tower.Ops.leaf1 Entry Word o (@Prod.snd.{0, 0} (List.{0} Word) Entry z))
                        (@List.nil.{0} Word))))))
              True
              (@congrFun'.{1, 1} (Option.{0} (List.{0} Word)) Prop
                (@Eq.{1} (Option.{0} (List.{0} Word))
                  (@Tower.execute Entry Word o (@OfNat.ofNat.{0} Nat (nat_lit 0) (instOfNatNat (nat_lit 0))) e))
                (@Eq.{1} (Option.{0} (List.{0} Word))
                  (@Option.some.{0} (List.{0} Word)
                    (@HAppend.hAppend.{0, 0, 0} (List.{0} Word) (List.{0} Word) (List.{0} Word)
                      (@instHAppendOfAppend.{0} (List.{0} Word) (@List.instAppend.{0} Word))
                      (@Prod.fst.{0, 0} (List.{0} Word) Entry z)
                      (@List.cons.{0} Word (@Tower.Ops.leaf0 Entry Word o e)
                        (@List.cons.{0} Word (@Tower.Ops.leaf1 Entry Word o (@Prod.snd.{0, 0} (List.{0} Word) Entry z))
                          (@List.nil.{0} Word))))))
                (@congrArg.{1, 1} (Option.{0} (List.{0} Word)) (Option.{0} (List.{0} Word) → Prop)
                  (@Tower.execute Entry Word o (@OfNat.ofNat.{0} Nat (nat_lit 0) (instOfNatNat (nat_lit 0))) e)
                  (@Option.some.{0} (List.{0} Word)
                    (@HAppend.hAppend.{0, 0, 0} (List.{0} Word) (List.{0} Word) (List.{0} Word)
                      (@instHAppendOfAppend.{0} (List.{0} Word) (@List.instAppend.{0} Word))
                      (@Prod.fst.{0, 0} (List.{0} Word) Entry z)
                      (@List.cons.{0} Word (@Tower.Ops.leaf0 Entry Word o e)
                        (@List.cons.{0} Word (@Tower.Ops.leaf1 Entry Word o (@Prod.snd.{0, 0} (List.{0} Word) Entry z))
                          (@List.nil.{0} Word)))))
                  (@Eq.{1} (Option.{0} (List.{0} Word)))
                  (@congrFun'.{1, 1} ((z : Prod.{0, 0} (List.{0} Word) Entry) → Option.{0} (List.{0} Word))
                    (Option.{0} (List.{0} Word))
                    (@Bind.bind.{0, 0} Option.{0} (@Monad.toBind.{0, 0} Option.{0} instMonadOption.{0})
                      (Prod.{0, 0} (List.{0} Word) Entry) (List.{0} Word) (@Tower.Ops.ldl Entry Word o e))
                    (@Bind.bind.{0, 0} Option.{0} (@Monad.toBind.{0, 0} Option.{0} instMonadOption.{0})
                      (Prod.{0, 0} (List.{0} Word) Entry) (List.{0} Word)
                      (@Option.some.{0} (Prod.{0, 0} (List.{0} Word) Entry) z))
                    (@congrArg.{1, 1} (Option.{0} (Prod.{0, 0} (List.{0} Word) Entry))
                      ((Prod.{0, 0} (List.{0} Word) Entry → Option.{0} (List.{0} Word)) → Option.{0} (List.{0} Word))
                      (@Tower.Ops.ldl Entry Word o e) (@Option.some.{0} (Prod.{0, 0} (List.{0} Word) Entry) z)
                      (@Bind.bind.{0, 0} Option.{0} (@Monad.toBind.{0, 0} Option.{0} instMonadOption.{0})
                        (Prod.{0, 0} (List.{0} Word) Entry) (List.{0} Word))
                      hz)
                    fun (z : Prod.{0, 0} (List.{0} Word) Entry) =>
                    @Option.some.{0} (List.{0} Word)
                      (@HAppend.hAppend.{0, 0, 0} (List.{0} Word) (List.{0} Word) (List.{0} Word)
                        (@instHAppendOfAppend.{0} (List.{0} Word) (@List.instAppend.{0} Word))
                        (@Prod.fst.{0, 0} (List.{0} Word) Entry z)
                        (@List.cons.{0} Word (@Tower.Ops.leaf0 Entry Word o e)
                          (@List.cons.{0} Word
                            (@Tower.Ops.leaf1 Entry Word o (@Prod.snd.{0, 0} (List.{0} Word) Entry z))
                            (@List.nil.{0} Word))))))
                (@Option.some.{0} (List.{0} Word)
                  (@HAppend.hAppend.{0, 0, 0} (List.{0} Word) (List.{0} Word) (List.{0} Word)
                    (@instHAppendOfAppend.{0} (List.{0} Word) (@List.instAppend.{0} Word))
                    (@Prod.fst.{0, 0} (List.{0} Word) Entry z)
                    (@List.cons.{0} Word (@Tower.Ops.leaf0 Entry Word o e)
                      (@List.cons.{0} Word (@Tower.Ops.leaf1 Entry Word o (@Prod.snd.{0, 0} (List.{0} Word) Entry z))
                        (@List.nil.{0} Word))))))
              (@eq_self.{1} (Option.{0} (List.{0} Word))
                (@Option.some.{0} (List.{0} Word)
                  (@HAppend.hAppend.{0, 0, 0} (List.{0} Word) (List.{0} Word) (List.{0} Word)
                    (@instHAppendOfAppend.{0} (List.{0} Word) (@List.instAppend.{0} Word))
                    (@Prod.fst.{0, 0} (List.{0} Word) Entry z)
                    (@List.cons.{0} Word (@Tower.Ops.leaf0 Entry Word o e)
                      (@List.cons.{0} Word (@Tower.Ops.leaf1 Entry Word o (@Prod.snd.{0, 0} (List.{0} Word) Entry z))
                        (@List.nil.{0} Word)))))))))
    (fun (d : ⋯) (ih : ⋯) (e : ⋯) (he : ⋯) =>
      @Exists.casesOn.{1} Entry
        (fun (a : Entry) =>
          @Exists.{1} (Prod.{0, 0} (List.{0} Word) Entry) fun (z : Prod.{0, 0} (List.{0} Word) Entry) =>
            @Exists.{1} Entry fun (b : Entry) =>
              And (@Eq.{1} (Option.{0} Entry) (@Tower.Ops.first Entry Word o e) (@Option.some.{0} Entry a))
                (And (Good d a)
                  (And
                    (@Eq.{1} (Option.{0} (Prod.{0, 0} (List.{0} Word) Entry)) (@Tower.Ops.ldl Entry Word o e)
                      (@Option.some.{0} (Prod.{0, 0} (List.{0} Word) Entry) z))
                    (And
                      (@Eq.{1} (Option.{0} Entry)
                        (@Tower.Ops.second Entry Word o (@Prod.snd.{0, 0} (List.{0} Word) Entry z))
                        (@Option.some.{0} Entry b))
                      (Good d b)))))
        (fun
            (x :
              @Exists.{1} Entry fun (a : Entry) =>
                @Exists.{1} (Prod.{0, 0} (List.{0} Word) Entry) fun (z : Prod.{0, 0} (List.{0} Word) Entry) =>
                  @Exists.{1} Entry fun (b : Entry) =>
                    And (@Eq.{1} (Option.{0} Entry) (@Tower.Ops.first Entry Word o e) (@Option.some.{0} Entry a))
                      (And (Good d a)
                        (And
                          (@Eq.{1} (Option.{0} (Prod.{0, 0} (List.{0} Word) Entry)) (@Tower.Ops.ldl Entry Word o e)
                            (@Option.some.{0} (Prod.{0, 0} (List.{0} Word) Entry) z))
                          (And
                            (@Eq.{1} (Option.{0} Entry)
                              (@Tower.Ops.second Entry Word o (@Prod.snd.{0, 0} (List.{0} Word) Entry z))
                              (@Option.some.{0} Entry b))
                            (Good d b))))) =>
          @Exists.{1} (List.{0} Word) fun (out : List.{0} Word) =>
            @Eq.{1} (Option.{0} (List.{0} Word))
              (@Tower.execute Entry Word o
                (@HAdd.hAdd.{0, 0, 0} Nat Nat Nat (@instHAdd.{0} Nat instAddNat) d
                  (@OfNat.ofNat.{0} Nat (nat_lit 1) (instOfNatNat (nat_lit 1))))
                e)
              (@Option.some.{0} (List.{0} Word) out))
        (step d e he) fun (a : ⋯) (h : ⋯) =>
        @Exists.casesOn.{1} (Prod.{0, 0} (List.{0} Word) Entry)
          (fun (z : Prod.{0, 0} (List.{0} Word) Entry) =>
            @Exists.{1} Entry fun (b : Entry) =>
              And (@Eq.{1} (Option.{0} Entry) (@Tower.Ops.first Entry Word o e) (@Option.some.{0} Entry a))
                (And (Good d a)
                  (And
                    (@Eq.{1} (Option.{0} (Prod.{0, 0} (List.{0} Word) Entry)) (@Tower.Ops.ldl Entry Word o e)
                      (@Option.some.{0} (Prod.{0, 0} (List.{0} Word) Entry) z))
                    (And
                      (@Eq.{1} (Option.{0} Entry)
                        (@Tower.Ops.second Entry Word o (@Prod.snd.{0, 0} (List.{0} Word) Entry z))
                        (@Option.some.{0} Entry b))
                      (Good d b)))))
          (fun
              (x :
                @Exists.{1} (Prod.{0, 0} (List.{0} Word) Entry) fun (z : Prod.{0, 0} (List.{0} Word) Entry) =>
                  @Exists.{1} Entry fun (b : Entry) =>
                    And (@Eq.{1} (Option.{0} Entry) (@Tower.Ops.first Entry Word o e) (@Option.some.{0} Entry a))
                      (And (Good d a)
                        (And
                          (@Eq.{1} (Option.{0} (Prod.{0, 0} (List.{0} Word) Entry)) (@Tower.Ops.ldl Entry Word o e)
                            (@Option.some.{0} (Prod.{0, 0} (List.{0} Word) Entry) z))
                          (And
                            (@Eq.{1} (Option.{0} Entry)
                              (@Tower.Ops.second Entry Word o (@Prod.snd.{0, 0} (List.{0} Word) Entry z))
                              (@Option.some.{0} Entry b))
                            (Good d b))))) =>
            @Exists.{1} (List.{0} Word) fun (out : List.{0} Word) =>
              @Eq.{1} (Option.{0} (List.{0} Word))
                (@Tower.execute Entry Word o
                  (@HAdd.hAdd.{0, 0, 0} Nat Nat Nat (@instHAdd.{0} Nat instAddNat) d
                    (@OfNat.ofNat.{0} Nat (nat_lit 1) (instOfNatNat (nat_lit 1))))
                  e)
                (@Option.some.{0} (List.{0} Word) out))
          h fun (z : ⋯) (h : ⋯) =>
          @Exists.casesOn.{1} Entry
            (fun (b : Entry) =>
              And (@Eq.{1} (Option.{0} Entry) (@Tower.Ops.first Entry Word o e) (@Option.some.{0} Entry a))
                (And (Good d a)
                  (And
                    (@Eq.{1} (Option.{0} (Prod.{0, 0} (List.{0} Word) Entry)) (@Tower.Ops.ldl Entry Word o e)
                      (@Option.some.{0} (Prod.{0, 0} (List.{0} Word) Entry) z))
                    (And
                      (@Eq.{1} (Option.{0} Entry)
                        (@Tower.Ops.second Entry Word o (@Prod.snd.{0, 0} (List.{0} Word) Entry z))
                        (@Option.some.{0} Entry b))
                      (Good d b)))))
            (fun
                (x :
                  @Exists.{1} Entry fun (b : Entry) =>
                    And (@Eq.{1} (Option.{0} Entry) (@Tower.Ops.first Entry Word o e) (@Option.some.{0} Entry a))
                      (And (Good d a)
                        (And
                          (@Eq.{1} (Option.{0} (Prod.{0, 0} (List.{0} Word) Entry)) (@Tower.Ops.ldl Entry Word o e)
                            (@Option.some.{0} (Prod.{0, 0} (List.{0} Word) Entry) z))
                          (And
                            (@Eq.{1} (Option.{0} Entry)
                              (@Tower.Ops.second Entry Word o (@Prod.snd.{0, 0} (List.{0} Word) Entry z))
                              (@Option.some.{0} Entry b))
                            (Good d b))))) =>
              @Exists.{1} (List.{0} Word) fun (out : List.{0} Word) =>
                @Eq.{1} (Option.{0} (List.{0} Word))
                  (@Tower.execute Entry Word o
                    (@HAdd.hAdd.{0, 0, 0} Nat Nat Nat (@instHAdd.{0} Nat instAddNat) d
                      (@OfNat.ofNat.{0} Nat (nat_lit 1) (instOfNatNat (nat_lit 1))))
                    e)
                  (@Option.some.{0} (List.{0} Word) out))
            h fun (b : ⋯) (h : ⋯) =>
            @And.casesOn.{0} (@Eq.{1} (Option.{0} Entry) (@Tower.Ops.first Entry Word o e) (@Option.some.{0} Entry a))
              (And (Good d a)
                (And
                  (@Eq.{1} (Option.{0} (Prod.{0, 0} (List.{0} Word) Entry)) (@Tower.Ops.ldl Entry Word o e)
                    (@Option.some.{0} (Prod.{0, 0} (List.{0} Word) Entry) z))
                  (And
                    (@Eq.{1} (Option.{0} Entry)
                      (@Tower.Ops.second Entry Word o (@Prod.snd.{0, 0} (List.{0} Word) Entry z))
                      (@Option.some.{0} Entry b))
                    (Good d b))))
              (fun
                  (x :
                    And (@Eq.{1} (Option.{0} Entry) (@Tower.Ops.first Entry Word o e) (@Option.some.{0} Entry a))
                      (And (Good d a)
                        (And
                          (@Eq.{1} (Option.{0} (Prod.{0, 0} (List.{0} Word) Entry)) (@Tower.Ops.ldl Entry Word o e)
                            (@Option.some.{0} (Prod.{0, 0} (List.{0} Word) Entry) z))
                          (And
                            (@Eq.{1} (Option.{0} Entry)
                              (@Tower.Ops.second Entry Word o (@Prod.snd.{0, 0} (List.{0} Word) Entry z))
                              (@Option.some.{0} Entry b))
                            (Good d b))))) =>
                @Exists.{1} (List.{0} Word) fun (out : List.{0} Word) =>
                  @Eq.{1} (Option.{0} (List.{0} Word))
                    (@Tower.execute Entry Word o
                      (@HAdd.hAdd.{0, 0, 0} Nat Nat Nat (@instHAdd.{0} Nat instAddNat) d
                        (@OfNat.ofNat.{0} Nat (nat_lit 1) (instOfNatNat (nat_lit 1))))
                      e)
                    (@Option.some.{0} (List.{0} Word) out))
              h fun (ha : ⋯) (right : ⋯) =>
              @And.casesOn.{0} (Good d a)
                (And
                  (@Eq.{1} (Option.{0} (Prod.{0, 0} (List.{0} Word) Entry)) (@Tower.Ops.ldl Entry Word o e)
                    (@Option.some.{0} (Prod.{0, 0} (List.{0} Word) Entry) z))
                  (And
                    (@Eq.{1} (Option.{0} Entry)
                      (@Tower.Ops.second Entry Word o (@Prod.snd.{0, 0} (List.{0} Word) Entry z))
                      (@Option.some.{0} Entry b))
                    (Good d b)))
                (fun
                    (x :
                      And (Good d a)
                        (And
                          (@Eq.{1} (Option.{0} (Prod.{0, 0} (List.{0} Word) Entry)) (@Tower.Ops.ldl Entry Word o e)
                            (@Option.some.{0} (Prod.{0, 0} (List.{0} Word) Entry) z))
                          (And
                            (@Eq.{1} (Option.{0} Entry)
                              (@Tower.Ops.second Entry Word o (@Prod.snd.{0, 0} (List.{0} Word) Entry z))
                              (@Option.some.{0} Entry b))
                            (Good d b)))) =>
                  @Exists.{1} (List.{0} Word) fun (out : List.{0} Word) =>
                    @Eq.{1} (Option.{0} (List.{0} Word))
                      (@Tower.execute Entry Word o
                        (@HAdd.hAdd.{0, 0, 0} Nat Nat Nat (@instHAdd.{0} Nat instAddNat) d
                          (@OfNat.ofNat.{0} Nat (nat_lit 1) (instOfNatNat (nat_lit 1))))
                        e)
                      (@Option.some.{0} (List.{0} Word) out))
                right fun (hga : ⋯) (right : ⋯) =>
                @And.casesOn.{0}
                  (@Eq.{1} (Option.{0} (Prod.{0, 0} (List.{0} Word) Entry)) (@Tower.Ops.ldl Entry Word o e)
                    (@Option.some.{0} (Prod.{0, 0} (List.{0} Word) Entry) z))
                  (And
                    (@Eq.{1} (Option.{0} Entry)
                      (@Tower.Ops.second Entry Word o (@Prod.snd.{0, 0} (List.{0} Word) Entry z))
                      (@Option.some.{0} Entry b))
                    (Good d b))
                  (fun
                      (x :
                        And
                          (@Eq.{1} (Option.{0} (Prod.{0, 0} (List.{0} Word) Entry)) (@Tower.Ops.ldl Entry Word o e)
                            (@Option.some.{0} (Prod.{0, 0} (List.{0} Word) Entry) z))
                          (And
                            (@Eq.{1} (Option.{0} Entry)
                              (@Tower.Ops.second Entry Word o (@Prod.snd.{0, 0} (List.{0} Word) Entry z))
                              (@Option.some.{0} Entry b))
                            (Good d b))) =>
                    @Exists.{1} (List.{0} Word) fun (out : List.{0} Word) =>
                      @Eq.{1} (Option.{0} (List.{0} Word))
                        (@Tower.execute Entry Word o
                          (@HAdd.hAdd.{0, 0, 0} Nat Nat Nat (@instHAdd.{0} Nat instAddNat) d
                            (@OfNat.ofNat.{0} Nat (nat_lit 1) (instOfNatNat (nat_lit 1))))
                          e)
                        (@Option.some.{0} (List.{0} Word) out))
                  right fun (hz : ⋯) (right : ⋯) =>
                  @And.casesOn.{0}
                    (@Eq.{1} (Option.{0} Entry)
                      (@Tower.Ops.second Entry Word o (@Prod.snd.{0, 0} (List.{0} Word) Entry z))
                      (@Option.some.{0} Entry b))
                    (Good d b)
                    (fun
                        (x :
                          And
                            (@Eq.{1} (Option.{0} Entry)
                              (@Tower.Ops.second Entry Word o (@Prod.snd.{0, 0} (List.{0} Word) Entry z))
                              (@Option.some.{0} Entry b))
                            (Good d b)) =>
                      @Exists.{1} (List.{0} Word) fun (out : List.{0} Word) =>
                        @Eq.{1} (Option.{0} (List.{0} Word))
                          (@Tower.execute Entry Word o
                            (@HAdd.hAdd.{0, 0, 0} Nat Nat Nat (@instHAdd.{0} Nat instAddNat) d
                              (@OfNat.ofNat.{0} Nat (nat_lit 1) (instOfNatNat (nat_lit 1))))
                            e)
                          (@Option.some.{0} (List.{0} Word) out))
                    right fun (hb : ⋯) (hgb : ⋯) =>
                    @Exists.casesOn.{1} (List.{0} Word)
                      (fun (out : List.{0} Word) =>
                        @Eq.{1} (Option.{0} (List.{0} Word)) (@Tower.execute Entry Word o d a)
                          (@Option.some.{0} (List.{0} Word) out))
                      (fun
                          (x :
                            @Exists.{1} (List.{0} Word) fun (out : List.{0} Word) =>
                              @Eq.{1} (Option.{0} (List.{0} Word)) (@Tower.execute Entry Word o d a)
                                (@Option.some.{0} (List.{0} Word) out)) =>
                        @Exists.{1} (List.{0} Word) fun (out : List.{0} Word) =>
                          @Eq.{1} (Option.{0} (List.{0} Word))
                            (@Tower.execute Entry Word o
                              (@HAdd.hAdd.{0, 0, 0} Nat Nat Nat (@instHAdd.{0} Nat instAddNat) d
                                (@OfNat.ofNat.{0} Nat (nat_lit 1) (instOfNatNat (nat_lit 1))))
                              e)
                            (@Option.some.{0} (List.{0} Word) out))
                      (ih a hga) fun (left : ⋯) (hl : ⋯) =>
                      @Exists.casesOn.{1} (List.{0} Word)
                        (fun (out : List.{0} Word) =>
                          @Eq.{1} (Option.{0} (List.{0} Word)) (@Tower.execute Entry Word o d b)
                            (@Option.some.{0} (List.{0} Word) out))
                        (fun
                            (x :
                              @Exists.{1} (List.{0} Word) fun (out : List.{0} Word) =>
                                @Eq.{1} (Option.{0} (List.{0} Word)) (@Tower.execute Entry Word o d b)
                                  (@Option.some.{0} (List.{0} Word) out)) =>
                          @Exists.{1} (List.{0} Word) fun (out : List.{0} Word) =>
                            @Eq.{1} (Option.{0} (List.{0} Word))
                              (@Tower.execute Entry Word o
                                (@HAdd.hAdd.{0, 0, 0} Nat Nat Nat (@instHAdd.{0} Nat instAddNat) d
                                  (@OfNat.ofNat.{0} Nat (nat_lit 1) (instOfNatNat (nat_lit 1))))
                                e)
                              (@Option.some.{0} (List.{0} Word) out))
                        (ih b hgb) fun (right : ⋯) (hr : ⋯) =>
                        @Exists.intro.{1} (List.{0} Word)
                          (fun (out : List.{0} Word) =>
                            @Eq.{1} (Option.{0} (List.{0} Word))
                              (@Tower.execute Entry Word o
                                (@HAdd.hAdd.{0, 0, 0} Nat Nat Nat (@instHAdd.{0} Nat instAddNat) d
                                  (@OfNat.ofNat.{0} Nat (nat_lit 1) (instOfNatNat (nat_lit 1))))
                                e)
                              (@Option.some.{0} (List.{0} Word) out))
                          (@HAppend.hAppend.{0, 0, 0} (List.{0} Word) (List.{0} Word) (List.{0} Word)
                            (@instHAppendOfAppend.{0} (List.{0} Word) (@List.instAppend.{0} Word))
                            (@HAppend.hAppend.{0, 0, 0} (List.{0} Word) (List.{0} Word) (List.{0} Word)
                              (@instHAppendOfAppend.{0} (List.{0} Word) (@List.instAppend.{0} Word))
                              (@Prod.fst.{0, 0} (List.{0} Word) Entry z) left)
                            right)
                          (@of_eq_true
                            (@Eq.{1} (Option.{0} (List.{0} Word))
                              (@Tower.execute Entry Word o
                                (@HAdd.hAdd.{0, 0, 0} Nat Nat Nat (@instHAdd.{0} Nat instAddNat) d
                                  (@OfNat.ofNat.{0} Nat (nat_lit 1) (instOfNatNat (nat_lit 1))))
                                e)
                              (@Option.some.{0} (List.{0} Word)
                                (@HAppend.hAppend.{0, 0, 0} (List.{0} Word) (List.{0} Word) (List.{0} Word)
                                  (@instHAppendOfAppend.{0} (List.{0} Word) (@List.instAppend.{0} Word))
                                  (@HAppend.hAppend.{0, 0, 0} (List.{0} Word) (List.{0} Word) (List.{0} Word)
                                    (@instHAppendOfAppend.{0} (List.{0} Word) (@List.instAppend.{0} Word))
                                    (@Prod.fst.{0, 0} (List.{0} Word) Entry z) left)
                                  right)))
                            (@Eq.trans.{1} Prop
                              (@Eq.{1} (Option.{0} (List.{0} Word))
                                (@Tower.execute Entry Word o
                                  (@HAdd.hAdd.{0, 0, 0} Nat Nat Nat (@instHAdd.{0} Nat instAddNat) d
                                    (@OfNat.ofNat.{0} Nat (nat_lit 1) (instOfNatNat (nat_lit 1))))
                                  e)
                                (@Option.some.{0} (List.{0} Word)
                                  (@HAppend.hAppend.{0, 0, 0} (List.{0} Word) (List.{0} Word) (List.{0} Word)
                                    (@instHAppendOfAppend.{0} (List.{0} Word) (@List.instAppend.{0} Word))
                                    (@HAppend.hAppend.{0, 0, 0} (List.{0} Word) (List.{0} Word) (List.{0} Word)
                                      (@instHAppendOfAppend.{0} (List.{0} Word) (@List.instAppend.{0} Word))
                                      (@Prod.fst.{0, 0} (List.{0} Word) Entry z) left)
                                    right)))
                              (@Eq.{1} (Option.{0} (List.{0} Word))
                                (@Option.some.{0} (List.{0} Word)
                                  (@HAppend.hAppend.{0, 0, 0} (List.{0} Word) (List.{0} Word) (List.{0} Word)
                                    (@instHAppendOfAppend.{0} (List.{0} Word) (@List.instAppend.{0} Word))
                                    (@Prod.fst.{0, 0} (List.{0} Word) Entry z)
                                    (@HAppend.hAppend.{0, 0, 0} (List.{0} Word) (List.{0} Word) (List.{0} Word)
                                      (@instHAppendOfAppend.{0} (List.{0} Word) (@List.instAppend.{0} Word)) left
                                      right)))
                                (@Option.some.{0} (List.{0} Word)
                                  (@HAppend.hAppend.{0, 0, 0} (List.{0} Word) (List.{0} Word) (List.{0} Word)
                                    (@instHAppendOfAppend.{0} (List.{0} Word) (@List.instAppend.{0} Word))
                                    (@Prod.fst.{0, 0} (List.{0} Word) Entry z)
                                    (@HAppend.hAppend.{0, 0, 0} (List.{0} Word) (List.{0} Word) (List.{0} Word)
                                      (@instHAppendOfAppend.{0} (List.{0} Word) (@List.instAppend.{0} Word)) left
                                      right))))
                              True
                              (@congr.{1, 1} (Option.{0} (List.{0} Word)) Prop
                                (@Eq.{1} (Option.{0} (List.{0} Word))
                                  (@Tower.execute Entry Word o
                                    (@HAdd.hAdd.{0, 0, 0} Nat Nat Nat (@instHAdd.{0} Nat instAddNat) d
                                      (@OfNat.ofNat.{0} Nat (nat_lit 1) (instOfNatNat (nat_lit 1))))
                                    e))
                                (@Eq.{1} (Option.{0} (List.{0} Word))
                                  (@Option.some.{0} (List.{0} Word)
                                    (@HAppend.hAppend.{0, 0, 0} (List.{0} Word) (List.{0} Word) (List.{0} Word)
                                      (@instHAppendOfAppend.{0} (List.{0} Word) (@List.instAppend.{0} Word))
                                      (@Prod.fst.{0, 0} (List.{0} Word) Entry z)
                                      (@HAppend.hAppend.{0, 0, 0} (List.{0} Word) (List.{0} Word) (List.{0} Word)
                                        (@instHAppendOfAppend.{0} (List.{0} Word) (@List.instAppend.{0} Word)) left
                                        right))))
                                (@Option.some.{0} (List.{0} Word)
                                  (@HAppend.hAppend.{0, 0, 0} (List.{0} Word) (List.{0} Word) (List.{0} Word)
                                    (@instHAppendOfAppend.{0} (List.{0} Word) (@List.instAppend.{0} Word))
                                    (@HAppend.hAppend.{0, 0, 0} (List.{0} Word) (List.{0} Word) (List.{0} Word)
                                      (@instHAppendOfAppend.{0} (List.{0} Word) (@List.instAppend.{0} Word))
                                      (@Prod.fst.{0, 0} (List.{0} Word) Entry z) left)
                                    right))
                                (@Option.some.{0} (List.{0} Word)
                                  (@HAppend.hAppend.{0, 0, 0} (List.{0} Word) (List.{0} Word) (List.{0} Word)
                                    (@instHAppendOfAppend.{0} (List.{0} Word) (@List.instAppend.{0} Word))
                                    (@Prod.fst.{0, 0} (List.{0} Word) Entry z)
                                    (@HAppend.hAppend.{0, 0, 0} (List.{0} Word) (List.{0} Word) (List.{0} Word)
                                      (@instHAppendOfAppend.{0} (List.{0} Word) (@List.instAppend.{0} Word)) left
                                      right)))
                                (@congrArg.{1, 1} (Option.{0} (List.{0} Word)) (Option.{0} (List.{0} Word) → Prop)
                                  (@Tower.execute Entry Word o
                                    (@HAdd.hAdd.{0, 0, 0} Nat Nat Nat (@instHAdd.{0} Nat instAddNat) d
                                      (@OfNat.ofNat.{0} Nat (nat_lit 1) (instOfNatNat (nat_lit 1))))
                                    e)
                                  (@Option.some.{0} (List.{0} Word)
                                    (@HAppend.hAppend.{0, 0, 0} (List.{0} Word) (List.{0} Word) (List.{0} Word)
                                      (@instHAppendOfAppend.{0} (List.{0} Word) (@List.instAppend.{0} Word))
                                      (@Prod.fst.{0, 0} (List.{0} Word) Entry z)
                                      (@HAppend.hAppend.{0, 0, 0} (List.{0} Word) (List.{0} Word) (List.{0} Word)
                                        (@instHAppendOfAppend.{0} (List.{0} Word) (@List.instAppend.{0} Word)) left
                                        right)))
                                  (@Eq.{1} (Option.{0} (List.{0} Word)))
                                  (@Eq.trans.{1} (Option.{0} (List.{0} Word))
                                    (@Bind.bind.{0, 0} Option.{0} (@Monad.toBind.{0, 0} Option.{0} instMonadOption.{0})
                                      Entry (List.{0} Word) (@Tower.Ops.first Entry Word o e) fun (a : Entry) =>
                                      @Bind.bind.{0, 0} Option.{0} (@Monad.toBind.{0, 0} Option.{0} instMonadOption.{0})
                                        (List.{0} Word) (List.{0} Word) (@Tower.execute Entry Word o d a)
                                        fun (left : List.{0} Word) =>
                                        @Bind.bind.{0, 0} Option.{0}
                                          (@Monad.toBind.{0, 0} Option.{0} instMonadOption.{0})
                                          (Prod.{0, 0} (List.{0} Word) Entry) (List.{0} Word)
                                          (@Tower.Ops.ldl Entry Word o e) fun (z : Prod.{0, 0} (List.{0} Word) Entry) =>
                                          @Bind.bind.{0, 0} Option.{0}
                                            (@Monad.toBind.{0, 0} Option.{0} instMonadOption.{0}) Entry (List.{0} Word)
                                            (@Tower.Ops.second Entry Word o (@Prod.snd.{0, 0} (List.{0} Word) Entry z))
                                            fun (b : Entry) =>
                                            @Bind.bind.{0, 0} Option.{0}
                                              (@Monad.toBind.{0, 0} Option.{0} instMonadOption.{0}) (List.{0} Word)
                                              (List.{0} Word) (@Tower.execute Entry Word o d b)
                                              fun (right : List.{0} Word) =>
                                              @Pure.pure.{0, 0} Option.{0}
                                                (@Applicative.toPure.{0, 0} Option.{0}
                                                  (@Alternative.toApplicative.{0, 0} Option.{0}
                                                    instAlternativeOption.{0}))
                                                (List.{0} Word)
                                                (@HAppend.hAppend.{0, 0, 0} (List.{0} Word) (List.{0} Word)
                                                  (List.{0} Word)
                                                  (@instHAppendOfAppend.{0} (List.{0} Word) (@List.instAppend.{0} Word))
                                                  (@HAppend.hAppend.{0, 0, 0} (List.{0} Word) (List.{0} Word)
                                                    (List.{0} Word)
                                                    (@instHAppendOfAppend.{0} (List.{0} Word)
                                                      (@List.instAppend.{0} Word))
                                                    (@Prod.fst.{0, 0} (List.{0} Word) Entry z) left)
                                                  right))
                                    (@Bind.bind.{0, 0} Option.{0} (@Monad.toBind.{0, 0} Option.{0} instMonadOption.{0})
                                      Entry (List.{0} Word) (@Option.some.{0} Entry a) fun (a : Entry) =>
                                      @Option.bind.{0, 0} (List.{0} Word) (List.{0} Word)
                                        (@Tower.execute Entry Word o d a) fun (left : List.{0} Word) =>
                                        @Option.some.{0} (List.{0} Word)
                                          (@HAppend.hAppend.{0, 0, 0} (List.{0} Word) (List.{0} Word) (List.{0} Word)
                                            (@instHAppendOfAppend.{0} (List.{0} Word) (@List.instAppend.{0} Word))
                                            (@Prod.fst.{0, 0} (List.{0} Word) Entry z)
                                            (@HAppend.hAppend.{0, 0, 0} (List.{0} Word) (List.{0} Word) (List.{0} Word)
                                              (@instHAppendOfAppend.{0} (List.{0} Word) (@List.instAppend.{0} Word))
                                              left right)))
                                    (@Option.bind.{0, 0} (List.{0} Word) (List.{0} Word)
                                      (@Option.some.{0} (List.{0} Word) left) fun (left : List.{0} Word) =>
                                      @Option.some.{0} (List.{0} Word)
                                        (@HAppend.hAppend.{0, 0, 0} (List.{0} Word) (List.{0} Word) (List.{0} Word)
                                          (@instHAppendOfAppend.{0} (List.{0} Word) (@List.instAppend.{0} Word))
                                          (@Prod.fst.{0, 0} (List.{0} Word) Entry z)
                                          (@HAppend.hAppend.{0, 0, 0} (List.{0} Word) (List.{0} Word) (List.{0} Word)
                                            (@instHAppendOfAppend.{0} (List.{0} Word) (@List.instAppend.{0} Word)) left
                                            right)))
                                    (@congr.{1, 1} ((a : Entry) → Option.{0} (List.{0} Word))
                                      (Option.{0} (List.{0} Word))
                                      (@Bind.bind.{0, 0} Option.{0}
                                        (@Monad.toBind.{0, 0} Option.{0} instMonadOption.{0}) Entry (List.{0} Word)
                                        (@Tower.Ops.first Entry Word o e))
                                      (@Bind.bind.{0, 0} Option.{0}
                                        (@Monad.toBind.{0, 0} Option.{0} instMonadOption.{0}) Entry (List.{0} Word)
                                        (@Option.some.{0} Entry a))
                                      (fun (a : Entry) =>
                                        @Bind.bind.{0, 0} Option.{0}
                                          (@Monad.toBind.{0, 0} Option.{0} instMonadOption.{0}) (List.{0} Word)
                                          (List.{0} Word) (@Tower.execute Entry Word o d a)
                                          fun (left : List.{0} Word) =>
                                          @Bind.bind.{0, 0} Option.{0}
                                            (@Monad.toBind.{0, 0} Option.{0} instMonadOption.{0})
                                            (Prod.{0, 0} (List.{0} Word) Entry) (List.{0} Word)
                                            (@Tower.Ops.ldl Entry Word o e)
                                            fun (z : Prod.{0, 0} (List.{0} Word) Entry) =>
                                            @Bind.bind.{0, 0} Option.{0}
                                              (@Monad.toBind.{0, 0} Option.{0} instMonadOption.{0}) Entry
                                              (List.{0} Word)
                                              (@Tower.Ops.second Entry Word o
                                                (@Prod.snd.{0, 0} (List.{0} Word) Entry z))
                                              fun (b : Entry) =>
                                              @Bind.bind.{0, 0} Option.{0}
                                                (@Monad.toBind.{0, 0} Option.{0} instMonadOption.{0}) (List.{0} Word)
                                                (List.{0} Word) (@Tower.execute Entry Word o d b)
                                                fun (right : List.{0} Word) =>
                                                @Pure.pure.{0, 0} Option.{0}
                                                  (@Applicative.toPure.{0, 0} Option.{0}
                                                    (@Alternative.toApplicative.{0, 0} Option.{0}
                                                      instAlternativeOption.{0}))
                                                  (List.{0} Word)
                                                  (@HAppend.hAppend.{0, 0, 0} (List.{0} Word) (List.{0} Word)
                                                    (List.{0} Word)
                                                    (@instHAppendOfAppend.{0} (List.{0} Word)
                                                      (@List.instAppend.{0} Word))
                                                    (@HAppend.hAppend.{0, 0, 0} (List.{0} Word) (List.{0} Word)
                                                      (List.{0} Word)
                                                      (@instHAppendOfAppend.{0} (List.{0} Word)
                                                        (@List.instAppend.{0} Word))
                                                      (@Prod.fst.{0, 0} (List.{0} Word) Entry z) left)
                                                    right))
                                      (fun (a : Entry) =>
                                        @Option.bind.{0, 0} (List.{0} Word) (List.{0} Word)
                                          (@Tower.execute Entry Word o d a) fun (left : List.{0} Word) =>
                                          @Option.some.{0} (List.{0} Word)
                                            (@HAppend.hAppend.{0, 0, 0} (List.{0} Word) (List.{0} Word) (List.{0} Word)
                                              (@instHAppendOfAppend.{0} (List.{0} Word) (@List.instAppend.{0} Word))
                                              (@Prod.fst.{0, 0} (List.{0} Word) Entry z)
                                              (@HAppend.hAppend.{0, 0, 0} (List.{0} Word) (List.{0} Word)
                                                (List.{0} Word)
                                                (@instHAppendOfAppend.{0} (List.{0} Word) (@List.instAppend.{0} Word))
                                                left right)))
                                      (@congrArg.{1, 1} (Option.{0} Entry)
                                        ((Entry → Option.{0} (List.{0} Word)) → Option.{0} (List.{0} Word))
                                        (@Tower.Ops.first Entry Word o e) (@Option.some.{0} Entry a)
                                        (@Bind.bind.{0, 0} Option.{0}
                                          (@Monad.toBind.{0, 0} Option.{0} instMonadOption.{0}) Entry (List.{0} Word))
                                        ha)
                                      (@funext.{1, 1} Entry (fun (x : Entry) => Option.{0} (List.{0} Word))
                                        (fun (x : Entry) =>
                                          @Bind.bind.{0, 0} Option.{0}
                                            (@Monad.toBind.{0, 0} Option.{0} instMonadOption.{0}) (List.{0} Word)
                                            (List.{0} Word) (@Tower.execute Entry Word o d x)
                                            fun (left : List.{0} Word) =>
                                            @Bind.bind.{0, 0} Option.{0}
                                              (@Monad.toBind.{0, 0} Option.{0} instMonadOption.{0})
                                              (Prod.{0, 0} (List.{0} Word) Entry) (List.{0} Word)
                                              (@Tower.Ops.ldl Entry Word o e)
                                              fun (z : Prod.{0, 0} (List.{0} Word) Entry) =>
                                              @Bind.bind.{0, 0} Option.{0}
                                                (@Monad.toBind.{0, 0} Option.{0} instMonadOption.{0}) Entry
                                                (List.{0} Word)
                                                (@Tower.Ops.second Entry Word o
                                                  (@Prod.snd.{0, 0} (List.{0} Word) Entry z))
                                                fun (b : Entry) =>
                                                @Bind.bind.{0, 0} Option.{0}
                                                  (@Monad.toBind.{0, 0} Option.{0} instMonadOption.{0}) (List.{0} Word)
                                                  (List.{0} Word) (@Tower.execute Entry Word o d b)
                                                  fun (right : List.{0} Word) =>
                                                  @Pure.pure.{0, 0} Option.{0}
                                                    (@Applicative.toPure.{0, 0} Option.{0}
                                                      (@Alternative.toApplicative.{0, 0} Option.{0}
                                                        instAlternativeOption.{0}))
                                                    (List.{0} Word)
                                                    (@HAppend.hAppend.{0, 0, 0} (List.{0} Word) (List.{0} Word)
                                                      (List.{0} Word)
                                                      (@instHAppendOfAppend.{0} (List.{0} Word)
                                                        (@List.instAppend.{0} Word))
                                                      (@HAppend.hAppend.{0, 0, 0} (List.{0} Word) (List.{0} Word)
                                                        (List.{0} Word)
                                                        (@instHAppendOfAppend.{0} (List.{0} Word)
                                                          (@List.instAppend.{0} Word))
                                                        (@Prod.fst.{0, 0} (List.{0} Word) Entry z) left)
                                                      right))
                                        (fun (x : Entry) =>
                                          @Bind.bind.{0, 0} Option.{0}
                                            (@Monad.toBind.{0, 0} Option.{0} instMonadOption.{0}) (List.{0} Word)
                                            (List.{0} Word) (@Tower.execute Entry Word o d x)
                                            fun (left : List.{0} Word) =>
                                            @Option.some.{0} (List.{0} Word)
                                              (@HAppend.hAppend.{0, 0, 0} (List.{0} Word) (List.{0} Word)
                                                (List.{0} Word)
                                                (@instHAppendOfAppend.{0} (List.{0} Word) (@List.instAppend.{0} Word))
                                                (@Prod.fst.{0, 0} (List.{0} Word) Entry z)
                                                (@HAppend.hAppend.{0, 0, 0} (List.{0} Word) (List.{0} Word)
                                                  (List.{0} Word)
                                                  (@instHAppendOfAppend.{0} (List.{0} Word) (@List.instAppend.{0} Word))
                                                  left right)))
                                        fun (a : Entry) =>
                                        @congrArg.{1, 1} ((left : List.{0} Word) → Option.{0} (List.{0} Word))
                                          (Option.{0} (List.{0} Word))
                                          (fun (left : List.{0} Word) =>
                                            @Bind.bind.{0, 0} Option.{0}
                                              (@Monad.toBind.{0, 0} Option.{0} instMonadOption.{0})
                                              (Prod.{0, 0} (List.{0} Word) Entry) (List.{0} Word)
                                              (@Tower.Ops.ldl Entry Word o e)
                                              fun (z : Prod.{0, 0} (List.{0} Word) Entry) =>
                                              @Bind.bind.{0, 0} Option.{0}
                                                (@Monad.toBind.{0, 0} Option.{0} instMonadOption.{0}) Entry
                                                (List.{0} Word)
                                                (@Tower.Ops.second Entry Word o
                                                  (@Prod.snd.{0, 0} (List.{0} Word) Entry z))
                                                fun (b : Entry) =>
                                                @Bind.bind.{0, 0} Option.{0}
                                                  (@Monad.toBind.{0, 0} Option.{0} instMonadOption.{0}) (List.{0} Word)
                                                  (List.{0} Word) (@Tower.execute Entry Word o d b)
                                                  fun (right : List.{0} Word) =>
                                                  @Pure.pure.{0, 0} Option.{0}
                                                    (@Applicative.toPure.{0, 0} Option.{0}
                                                      (@Alternative.toApplicative.{0, 0} Option.{0}
                                                        instAlternativeOption.{0}))
                                                    (List.{0} Word)
                                                    (@HAppend.hAppend.{0, 0, 0} (List.{0} Word) (List.{0} Word)
                                                      (List.{0} Word)
                                                      (@instHAppendOfAppend.{0} (List.{0} Word)
                                                        (@List.instAppend.{0} Word))
                                                      (@HAppend.hAppend.{0, 0, 0} (List.{0} Word) (List.{0} Word)
                                                        (List.{0} Word)
                                                        (@instHAppendOfAppend.{0} (List.{0} Word)
                                                          (@List.instAppend.{0} Word))
                                                        (@Prod.fst.{0, 0} (List.{0} Word) Entry z) left)
                                                      right))
                                          (fun (left : List.{0} Word) =>
                                            @Option.some.{0} (List.{0} Word)
                                              (@HAppend.hAppend.{0, 0, 0} (List.{0} Word) (List.{0} Word)
                                                (List.{0} Word)
                                                (@instHAppendOfAppend.{0} (List.{0} Word) (@List.instAppend.{0} Word))
                                                (@Prod.fst.{0, 0} (List.{0} Word) Entry z)
                                                (@HAppend.hAppend.{0, 0, 0} (List.{0} Word) (List.{0} Word)
                                                  (List.{0} Word)
                                                  (@instHAppendOfAppend.{0} (List.{0} Word) (@List.instAppend.{0} Word))
                                                  left right)))
                                          (@Bind.bind.{0, 0} Option.{0}
                                            (@Monad.toBind.{0, 0} Option.{0} instMonadOption.{0}) (List.{0} Word)
                                            (List.{0} Word) (@Tower.execute Entry Word o d a))
                                          (@funext.{1, 1} (List.{0} Word)
                                            (fun (x : List.{0} Word) => Option.{0} (List.{0} Word))
                                            (fun (x : List.{0} Word) =>
                                              @Bind.bind.{0, 0} Option.{0}
                                                (@Monad.toBind.{0, 0} Option.{0} instMonadOption.{0})
                                                (Prod.{0, 0} (List.{0} Word) Entry) (List.{0} Word)
                                                (@Tower.Ops.ldl Entry Word o e)
                                                fun (z : Prod.{0, 0} (List.{0} Word) Entry) =>
                                                @Bind.bind.{0, 0} Option.{0}
                                                  (@Monad.toBind.{0, 0} Option.{0} instMonadOption.{0}) Entry
                                                  (List.{0} Word)
                                                  (@Tower.Ops.second Entry Word o
                                                    (@Prod.snd.{0, 0} (List.{0} Word) Entry z))
                                                  fun (b : Entry) =>
                                                  @Bind.bind.{0, 0} Option.{0}
                                                    (@Monad.toBind.{0, 0} Option.{0} instMonadOption.{0})
                                                    (List.{0} Word) (List.{0} Word) (@Tower.execute Entry Word o d b)
                                                    fun (right : List.{0} Word) =>
                                                    @Pure.pure.{0, 0} Option.{0}
                                                      (@Applicative.toPure.{0, 0} Option.{0}
                                                        (@Alternative.toApplicative.{0, 0} Option.{0}
                                                          instAlternativeOption.{0}))
                                                      (List.{0} Word)
                                                      (@HAppend.hAppend.{0, 0, 0} (List.{0} Word) (List.{0} Word)
                                                        (List.{0} Word)
                                                        (@instHAppendOfAppend.{0} (List.{0} Word)
                                                          (@List.instAppend.{0} Word))
                                                        (@HAppend.hAppend.{0, 0, 0} (List.{0} Word) (List.{0} Word)
                                                          (List.{0} Word)
                                                          (@instHAppendOfAppend.{0} (List.{0} Word)
                                                            (@List.instAppend.{0} Word))
                                                          (@Prod.fst.{0, 0} (List.{0} Word) Entry z) x)
                                                        right))
                                            (fun (x : List.{0} Word) =>
                                              @Option.bind.{0, 0} (List.{0} Word) (List.{0} Word)
                                                (@Option.some.{0} (List.{0} Word) right) fun (right : List.{0} Word) =>
                                                @Option.some.{0} (List.{0} Word)
                                                  (@HAppend.hAppend.{0, 0, 0} (List.{0} Word) (List.{0} Word)
                                                    (List.{0} Word)
                                                    (@instHAppendOfAppend.{0} (List.{0} Word)
                                                      (@List.instAppend.{0} Word))
                                                    (@Prod.fst.{0, 0} (List.{0} Word) Entry z)
                                                    (@HAppend.hAppend.{0, 0, 0} (List.{0} Word) (List.{0} Word)
                                                      (List.{0} Word)
                                                      (@instHAppendOfAppend.{0} (List.{0} Word)
                                                        (@List.instAppend.{0} Word))
                                                      x right)))
                                            fun (left : List.{0} Word) =>
                                            @Eq.trans.{1} (Option.{0} (List.{0} Word))
                                              (@Bind.bind.{0, 0} Option.{0}
                                                (@Monad.toBind.{0, 0} Option.{0} instMonadOption.{0})
                                                (Prod.{0, 0} (List.{0} Word) Entry) (List.{0} Word)
                                                (@Tower.Ops.ldl Entry Word o e)
                                                fun (z : Prod.{0, 0} (List.{0} Word) Entry) =>
                                                @Bind.bind.{0, 0} Option.{0}
                                                  (@Monad.toBind.{0, 0} Option.{0} instMonadOption.{0}) Entry
                                                  (List.{0} Word)
                                                  (@Tower.Ops.second Entry Word o
                                                    (@Prod.snd.{0, 0} (List.{0} Word) Entry z))
                                                  fun (b : Entry) =>
                                                  @Bind.bind.{0, 0} Option.{0}
                                                    (@Monad.toBind.{0, 0} Option.{0} instMonadOption.{0})
                                                    (List.{0} Word) (List.{0} Word) (@Tower.execute Entry Word o d b)
                                                    fun (right : List.{0} Word) =>
                                                    @Pure.pure.{0, 0} Option.{0}
                                                      (@Applicative.toPure.{0, 0} Option.{0}
                                                        (@Alternative.toApplicative.{0, 0} Option.{0}
                                                          instAlternativeOption.{0}))
                                                      (List.{0} Word)
                                                      (@HAppend.hAppend.{0, 0, 0} (List.{0} Word) (List.{0} Word)
                                                        (List.{0} Word)
                                                        (@instHAppendOfAppend.{0} (List.{0} Word)
                                                          (@List.instAppend.{0} Word))
                                                        (@HAppend.hAppend.{0, 0, 0} (List.{0} Word) (List.{0} Word)
                                                          (List.{0} Word)
                                                          (@instHAppendOfAppend.{0} (List.{0} Word)
                                                            (@List.instAppend.{0} Word))
                                                          (@Prod.fst.{0, 0} (List.{0} Word) Entry z) left)
                                                        right))
                                              (@Bind.bind.{0, 0} Option.{0}
                                                (@Monad.toBind.{0, 0} Option.{0} instMonadOption.{0})
                                                (Prod.{0, 0} (List.{0} Word) Entry) (List.{0} Word)
                                                (@Option.some.{0} (Prod.{0, 0} (List.{0} Word) Entry) z)
                                                fun (z : Prod.{0, 0} (List.{0} Word) Entry) =>
                                                @Option.bind.{0, 0} Entry (List.{0} Word)
                                                  (@Tower.Ops.second Entry Word o
                                                    (@Prod.snd.{0, 0} (List.{0} Word) Entry z))
                                                  fun (b : Entry) =>
                                                  @Option.bind.{0, 0} (List.{0} Word) (List.{0} Word)
                                                    (@Tower.execute Entry Word o d b) fun (right : List.{0} Word) =>
                                                    @Option.some.{0} (List.{0} Word)
                                                      (@HAppend.hAppend.{0, 0, 0} (List.{0} Word) (List.{0} Word)
                                                        (List.{0} Word)
                                                        (@instHAppendOfAppend.{0} (List.{0} Word)
                                                          (@List.instAppend.{0} Word))
                                                        (@Prod.fst.{0, 0} (List.{0} Word) Entry z)
                                                        (@HAppend.hAppend.{0, 0, 0} (List.{0} Word) (List.{0} Word)
                                                          (List.{0} Word)
                                                          (@instHAppendOfAppend.{0} (List.{0} Word)
                                                            (@List.instAppend.{0} Word))
                                                          left right)))
                                              (@Option.bind.{0, 0} (List.{0} Word) (List.{0} Word)
                                                (@Option.some.{0} (List.{0} Word) right) fun (right : List.{0} Word) =>
                                                @Option.some.{0} (List.{0} Word)
                                                  (@HAppend.hAppend.{0, 0, 0} (List.{0} Word) (List.{0} Word)
                                                    (List.{0} Word)
                                                    (@instHAppendOfAppend.{0} (List.{0} Word)
                                                      (@List.instAppend.{0} Word))
                                                    (@Prod.fst.{0, 0} (List.{0} Word) Entry z)
                                                    (@HAppend.hAppend.{0, 0, 0} (List.{0} Word) (List.{0} Word)
                                                      (List.{0} Word)
                                                      (@instHAppendOfAppend.{0} (List.{0} Word)
                                                        (@List.instAppend.{0} Word))
                                                      left right)))
                                              (@congr.{1, 1}
                                                ((z : Prod.{0, 0} (List.{0} Word) Entry) → Option.{0} (List.{0} Word))
                                                (Option.{0} (List.{0} Word))
                                                (@Bind.bind.{0, 0} Option.{0}
                                                  (@Monad.toBind.{0, 0} Option.{0} instMonadOption.{0})
                                                  (Prod.{0, 0} (List.{0} Word) Entry) (List.{0} Word)
                                                  (@Tower.Ops.ldl Entry Word o e))
                                                (@Bind.bind.{0, 0} Option.{0}
                                                  (@Monad.toBind.{0, 0} Option.{0} instMonadOption.{0})
                                                  (Prod.{0, 0} (List.{0} Word) Entry) (List.{0} Word)
                                                  (@Option.some.{0} (Prod.{0, 0} (List.{0} Word) Entry) z))
                                                (fun (z : Prod.{0, 0} (List.{0} Word) Entry) =>
                                                  @Bind.bind.{0, 0} Option.{0}
                                                    (@Monad.toBind.{0, 0} Option.{0} instMonadOption.{0}) Entry
                                                    (List.{0} Word)
                                                    (@Tower.Ops.second Entry Word o
                                                      (@Prod.snd.{0, 0} (List.{0} Word) Entry z))
                                                    fun (b : Entry) =>
                                                    @Bind.bind.{0, 0} Option.{0}
                                                      (@Monad.toBind.{0, 0} Option.{0} instMonadOption.{0})
                                                      (List.{0} Word) (List.{0} Word) (@Tower.execute Entry Word o d b)
                                                      fun (right : List.{0} Word) =>
                                                      @Pure.pure.{0, 0} Option.{0}
                                                        (@Applicative.toPure.{0, 0} Option.{0}
                                                          (@Alternative.toApplicative.{0, 0} Option.{0}
                                                            instAlternativeOption.{0}))
                                                        (List.{0} Word)
                                                        (@HAppend.hAppend.{0, 0, 0} (List.{0} Word) (List.{0} Word)
                                                          (List.{0} Word)
                                                          (@instHAppendOfAppend.{0} (List.{0} Word)
                                                            (@List.instAppend.{0} Word))
                                                          (@HAppend.hAppend.{0, 0, 0} (List.{0} Word) (List.{0} Word)
                                                            (List.{0} Word)
                                                            (@instHAppendOfAppend.{0} (List.{0} Word)
                                                              (@List.instAppend.{0} Word))
                                                            (@Prod.fst.{0, 0} (List.{0} Word) Entry z) left)
                                                          right))
                                                (fun (z : Prod.{0, 0} (List.{0} Word) Entry) =>
                                                  @Option.bind.{0, 0} Entry (List.{0} Word)
                                                    (@Tower.Ops.second Entry Word o
                                                      (@Prod.snd.{0, 0} (List.{0} Word) Entry z))
                                                    fun (b : Entry) =>
                                                    @Option.bind.{0, 0} (List.{0} Word) (List.{0} Word)
                                                      (@Tower.execute Entry Word o d b) fun (right : List.{0} Word) =>
                                                      @Option.some.{0} (List.{0} Word)
                                                        (@HAppend.hAppend.{0, 0, 0} (List.{0} Word) (List.{0} Word)
                                                          (List.{0} Word)
                                                          (@instHAppendOfAppend.{0} (List.{0} Word)
                                                            (@List.instAppend.{0} Word))
                                                          (@Prod.fst.{0, 0} (List.{0} Word) Entry z)
                                                          (@HAppend.hAppend.{0, 0, 0} (List.{0} Word) (List.{0} Word)
                                                            (List.{0} Word)
                                                            (@instHAppendOfAppend.{0} (List.{0} Word)
                                                              (@List.instAppend.{0} Word))
                                                            left right)))
                                                (@congrArg.{1, 1} (Option.{0} (Prod.{0, 0} (List.{0} Word) Entry))
                                                  ((Prod.{0, 0} (List.{0} Word) Entry → Option.{0} (List.{0} Word)) →
                                                    Option.{0} (List.{0} Word))
                                                  (@Tower.Ops.ldl Entry Word o e)
                                                  (@Option.some.{0} (Prod.{0, 0} (List.{0} Word) Entry) z)
                                                  (@Bind.bind.{0, 0} Option.{0}
                                                    (@Monad.toBind.{0, 0} Option.{0} instMonadOption.{0})
                                                    (Prod.{0, 0} (List.{0} Word) Entry) (List.{0} Word))
                                                  hz)
                                                (@funext.{1, 1} (Prod.{0, 0} (List.{0} Word) Entry)
                                                  (fun (x : Prod.{0, 0} (List.{0} Word) Entry) =>
                                                    Option.{0} (List.{0} Word))
                                                  (fun (x : Prod.{0, 0} (List.{0} Word) Entry) =>
                                                    @Bind.bind.{0, 0} Option.{0}
                                                      (@Monad.toBind.{0, 0} Option.{0} instMonadOption.{0}) Entry
                                                      (List.{0} Word)
                                                      (@Tower.Ops.second Entry Word o
                                                        (@Prod.snd.{0, 0} (List.{0} Word) Entry x))
                                                      fun (b : Entry) =>
                                                      @Bind.bind.{0, 0} Option.{0}
                                                        (@Monad.toBind.{0, 0} Option.{0} instMonadOption.{0})
                                                        (List.{0} Word) (List.{0} Word)
                                                        (@Tower.execute Entry Word o d b) fun (right : List.{0} Word) =>
                                                        @Pure.pure.{0, 0} Option.{0}
                                                          (@Applicative.toPure.{0, 0} Option.{0}
                                                            (@Alternative.toApplicative.{0, 0} Option.{0}
                                                              instAlternativeOption.{0}))
                                                          (List.{0} Word)
                                                          (@HAppend.hAppend.{0, 0, 0} (List.{0} Word) (List.{0} Word)
                                                            (List.{0} Word)
                                                            (@instHAppendOfAppend.{0} (List.{0} Word)
                                                              (@List.instAppend.{0} Word))
                                                            (@HAppend.hAppend.{0, 0, 0} (List.{0} Word) (List.{0} Word)
                                                              (List.{0} Word)
                                                              (@instHAppendOfAppend.{0} (List.{0} Word)
                                                                (@List.instAppend.{0} Word))
                                                              (@Prod.fst.{0, 0} (List.{0} Word) Entry x) left)
                                                            right))
                                                  (fun (x : Prod.{0, 0} (List.{0} Word) Entry) =>
                                                    @Bind.bind.{0, 0} Option.{0}
                                                      (@Monad.toBind.{0, 0} Option.{0} instMonadOption.{0}) Entry
                                                      (List.{0} Word)
                                                      (@Tower.Ops.second Entry Word o
                                                        (@Prod.snd.{0, 0} (List.{0} Word) Entry x))
                                                      fun (b : Entry) =>
                                                      @Option.bind.{0, 0} (List.{0} Word) (List.{0} Word)
                                                        (@Tower.execute Entry Word o d b) fun (right : List.{0} Word) =>
                                                        @Option.some.{0} (List.{0} Word)
                                                          (@HAppend.hAppend.{0, 0, 0} (List.{0} Word) (List.{0} Word)
                                                            (List.{0} Word)
                                                            (@instHAppendOfAppend.{0} (List.{0} Word)
                                                              (@List.instAppend.{0} Word))
                                                            (@Prod.fst.{0, 0} (List.{0} Word) Entry x)
                                                            (@HAppend.hAppend.{0, 0, 0} (List.{0} Word) (List.{0} Word)
                                                              (List.{0} Word)
                                                              (@instHAppendOfAppend.{0} (List.{0} Word)
                                                                (@List.instAppend.{0} Word))
                                                              left right)))
                                                  fun (z : Prod.{0, 0} (List.{0} Word) Entry) =>
                                                  @congrArg.{1, 1} ((b : Entry) → Option.{0} (List.{0} Word))
                                                    (Option.{0} (List.{0} Word))
                                                    (fun (b : Entry) =>
                                                      @Bind.bind.{0, 0} Option.{0}
                                                        (@Monad.toBind.{0, 0} Option.{0} instMonadOption.{0})
                                                        (List.{0} Word) (List.{0} Word)
                                                        (@Tower.execute Entry Word o d b) fun (right : List.{0} Word) =>
                                                        @Pure.pure.{0, 0} Option.{0}
                                                          (@Applicative.toPure.{0, 0} Option.{0}
                                                            (@Alternative.toApplicative.{0, 0} Option.{0}
                                                              instAlternativeOption.{0}))
                                                          (List.{0} Word)
                                                          (@HAppend.hAppend.{0, 0, 0} (List.{0} Word) (List.{0} Word)
                                                            (List.{0} Word)
                                                            (@instHAppendOfAppend.{0} (List.{0} Word)
                                                              (@List.instAppend.{0} Word))
                                                            (@HAppend.hAppend.{0, 0, 0} (List.{0} Word) (List.{0} Word)
                                                              (List.{0} Word)
                                                              (@instHAppendOfAppend.{0} (List.{0} Word)
                                                                (@List.instAppend.{0} Word))
                                                              (@Prod.fst.{0, 0} (List.{0} Word) Entry z) left)
                                                            right))
                                                    (fun (b : Entry) =>
                                                      @Option.bind.{0, 0} (List.{0} Word) (List.{0} Word)
                                                        (@Tower.execute Entry Word o d b) fun (right : List.{0} Word) =>
                                                        @Option.some.{0} (List.{0} Word)
                                                          (@HAppend.hAppend.{0, 0, 0} (List.{0} Word) (List.{0} Word)
                                                            (List.{0} Word)
                                                            (@instHAppendOfAppend.{0} (List.{0} Word)
                                                              (@List.instAppend.{0} Word))
                                                            (@Prod.fst.{0, 0} (List.{0} Word) Entry z)
                                                            (@HAppend.hAppend.{0, 0, 0} (List.{0} Word) (List.{0} Word)
                                                              (List.{0} Word)
                                                              (@instHAppendOfAppend.{0} (List.{0} Word)
                                                                (@List.instAppend.{0} Word))
                                                              left right)))
                                                    (@Bind.bind.{0, 0} Option.{0}
                                                      (@Monad.toBind.{0, 0} Option.{0} instMonadOption.{0}) Entry
                                                      (List.{0} Word)
                                                      (@Tower.Ops.second Entry Word o
                                                        (@Prod.snd.{0, 0} (List.{0} Word) Entry z)))
                                                    (@funext.{1, 1} Entry
                                                      (fun (x : Entry) => Option.{0} (List.{0} Word))
                                                      (fun (x : Entry) =>
                                                        @Bind.bind.{0, 0} Option.{0}
                                                          (@Monad.toBind.{0, 0} Option.{0} instMonadOption.{0})
                                                          (List.{0} Word) (List.{0} Word)
                                                          (@Tower.execute Entry Word o d x)
                                                          fun (right : List.{0} Word) =>
                                                          @Pure.pure.{0, 0} Option.{0}
                                                            (@Applicative.toPure.{0, 0} Option.{0}
                                                              (@Alternative.toApplicative.{0, 0} Option.{0}
                                                                instAlternativeOption.{0}))
                                                            (List.{0} Word)
                                                            (@HAppend.hAppend.{0, 0, 0} (List.{0} Word) (List.{0} Word)
                                                              (List.{0} Word)
                                                              (@instHAppendOfAppend.{0} (List.{0} Word)
                                                                (@List.instAppend.{0} Word))
                                                              (@HAppend.hAppend.{0, 0, 0} (List.{0} Word)
                                                                (List.{0} Word) (List.{0} Word)
                                                                (@instHAppendOfAppend.{0} (List.{0} Word)
                                                                  (@List.instAppend.{0} Word))
                                                                (@Prod.fst.{0, 0} (List.{0} Word) Entry z) left)
                                                              right))
                                                      (fun (x : Entry) =>
                                                        @Bind.bind.{0, 0} Option.{0}
                                                          (@Monad.toBind.{0, 0} Option.{0} instMonadOption.{0})
                                                          (List.{0} Word) (List.{0} Word)
                                                          (@Tower.execute Entry Word o d x)
                                                          fun (right : List.{0} Word) =>
                                                          @Option.some.{0} (List.{0} Word)
                                                            (@HAppend.hAppend.{0, 0, 0} (List.{0} Word) (List.{0} Word)
                                                              (List.{0} Word)
                                                              (@instHAppendOfAppend.{0} (List.{0} Word)
                                                                (@List.instAppend.{0} Word))
                                                              (@Prod.fst.{0, 0} (List.{0} Word) Entry z)
                                                              (@HAppend.hAppend.{0, 0, 0} (List.{0} Word)
                                                                (List.{0} Word) (List.{0} Word)
                                                                (@instHAppendOfAppend.{0} (List.{0} Word)
                                                                  (@List.instAppend.{0} Word))
                                                                left right)))
                                                      fun (b : Entry) =>
                                                      @congrArg.{1, 1}
                                                        ((right : List.{0} Word) → Option.{0} (List.{0} Word))
                                                        (Option.{0} (List.{0} Word))
                                                        (fun (right : List.{0} Word) =>
                                                          @Pure.pure.{0, 0} Option.{0}
                                                            (@Applicative.toPure.{0, 0} Option.{0}
                                                              (@Alternative.toApplicative.{0, 0} Option.{0}
                                                                instAlternativeOption.{0}))
                                                            (List.{0} Word)
                                                            (@HAppend.hAppend.{0, 0, 0} (List.{0} Word) (List.{0} Word)
                                                              (List.{0} Word)
                                                              (@instHAppendOfAppend.{0} (List.{0} Word)
                                                                (@List.instAppend.{0} Word))
                                                              (@HAppend.hAppend.{0, 0, 0} (List.{0} Word)
                                                                (List.{0} Word) (List.{0} Word)
                                                                (@instHAppendOfAppend.{0} (List.{0} Word)
                                                                  (@List.instAppend.{0} Word))
                                                                (@Prod.fst.{0, 0} (List.{0} Word) Entry z) left)
                                                              right))
                                                        (fun (right : List.{0} Word) =>
                                                          @Option.some.{0} (List.{0} Word)
                                                            (@HAppend.hAppend.{0, 0, 0} (List.{0} Word) (List.{0} Word)
                                                              (List.{0} Word)
                                                              (@instHAppendOfAppend.{0} (List.{0} Word)
                                                                (@List.instAppend.{0} Word))
                                                              (@Prod.fst.{0, 0} (List.{0} Word) Entry z)
                                                              (@HAppend.hAppend.{0, 0, 0} (List.{0} Word)
                                                                (List.{0} Word) (List.{0} Word)
                                                                (@instHAppendOfAppend.{0} (List.{0} Word)
                                                                  (@List.instAppend.{0} Word))
                                                                left right)))
                                                        (@Bind.bind.{0, 0} Option.{0}
                                                          (@Monad.toBind.{0, 0} Option.{0} instMonadOption.{0})
                                                          (List.{0} Word) (List.{0} Word)
                                                          (@Tower.execute Entry Word o d b))
                                                        (@funext.{1, 1} (List.{0} Word)
                                                          (fun (x : List.{0} Word) => Option.{0} (List.{0} Word))
                                                          (fun (x : List.{0} Word) =>
                                                            @Pure.pure.{0, 0} Option.{0}
                                                              (@Applicative.toPure.{0, 0} Option.{0}
                                                                (@Alternative.toApplicative.{0, 0} Option.{0}
                                                                  instAlternativeOption.{0}))
                                                              (List.{0} Word)
                                                              (@HAppend.hAppend.{0, 0, 0} (List.{0} Word)
                                                                (List.{0} Word) (List.{0} Word)
                                                                (@instHAppendOfAppend.{0} (List.{0} Word)
                                                                  (@List.instAppend.{0} Word))
                                                                (@HAppend.hAppend.{0, 0, 0} (List.{0} Word)
                                                                  (List.{0} Word) (List.{0} Word)
                                                                  (@instHAppendOfAppend.{0} (List.{0} Word)
                                                                    (@List.instAppend.{0} Word))
                                                                  (@Prod.fst.{0, 0} (List.{0} Word) Entry z) left)
                                                                x))
                                                          (fun (x : List.{0} Word) =>
                                                            @Pure.pure.{0, 0} Option.{0}
                                                              (@Applicative.toPure.{0, 0} Option.{0}
                                                                (@Alternative.toApplicative.{0, 0} Option.{0}
                                                                  instAlternativeOption.{0}))
                                                              (List.{0} Word)
                                                              (@HAppend.hAppend.{0, 0, 0} (List.{0} Word)
                                                                (List.{0} Word) (List.{0} Word)
                                                                (@instHAppendOfAppend.{0} (List.{0} Word)
                                                                  (@List.instAppend.{0} Word))
                                                                (@Prod.fst.{0, 0} (List.{0} Word) Entry z)
                                                                (@HAppend.hAppend.{0, 0, 0} (List.{0} Word)
                                                                  (List.{0} Word) (List.{0} Word)
                                                                  (@instHAppendOfAppend.{0} (List.{0} Word)
                                                                    (@List.instAppend.{0} Word))
                                                                  left x)))
                                                          fun (right : List.{0} Word) =>
                                                          @congrArg.{1, 1} (List.{0} Word) (Option.{0} (List.{0} Word))
                                                            (@HAppend.hAppend.{0, 0, 0} (List.{0} Word) (List.{0} Word)
                                                              (List.{0} Word)
                                                              (@instHAppendOfAppend.{0} (List.{0} Word)
                                                                (@List.instAppend.{0} Word))
                                                              (@HAppend.hAppend.{0, 0, 0} (List.{0} Word)
                                                                (List.{0} Word) (List.{0} Word)
                                                                (@instHAppendOfAppend.{0} (List.{0} Word)
                                                                  (@List.instAppend.{0} Word))
                                                                (@Prod.fst.{0, 0} (List.{0} Word) Entry z) left)
                                                              right)
                                                            (@HAppend.hAppend.{0, 0, 0} (List.{0} Word) (List.{0} Word)
                                                              (List.{0} Word)
                                                              (@instHAppendOfAppend.{0} (List.{0} Word)
                                                                (@List.instAppend.{0} Word))
                                                              (@Prod.fst.{0, 0} (List.{0} Word) Entry z)
                                                              (@HAppend.hAppend.{0, 0, 0} (List.{0} Word)
                                                                (List.{0} Word) (List.{0} Word)
                                                                (@instHAppendOfAppend.{0} (List.{0} Word)
                                                                  (@List.instAppend.{0} Word))
                                                                left right))
                                                            (@Pure.pure.{0, 0} Option.{0}
                                                              (@Applicative.toPure.{0, 0} Option.{0}
                                                                (@Alternative.toApplicative.{0, 0} Option.{0}
                                                                  instAlternativeOption.{0}))
                                                              (List.{0} Word))
                                                            (@List.append_assoc.{0} Word
                                                              (@Prod.fst.{0, 0} (List.{0} Word) Entry z) left right)))))
                                              (@Eq.trans.{1} (Option.{0} (List.{0} Word))
                                                (@Option.bind.{0, 0} Entry (List.{0} Word)
                                                  (@Tower.Ops.second Entry Word o
                                                    (@Prod.snd.{0, 0} (List.{0} Word) Entry z))
                                                  fun (b : Entry) =>
                                                  @Option.bind.{0, 0} (List.{0} Word) (List.{0} Word)
                                                    (@Tower.execute Entry Word o d b) fun (right : List.{0} Word) =>
                                                    @Option.some.{0} (List.{0} Word)
                                                      (@HAppend.hAppend.{0, 0, 0} (List.{0} Word) (List.{0} Word)
                                                        (List.{0} Word)
                                                        (@instHAppendOfAppend.{0} (List.{0} Word)
                                                          (@List.instAppend.{0} Word))
                                                        (@Prod.fst.{0, 0} (List.{0} Word) Entry z)
                                                        (@HAppend.hAppend.{0, 0, 0} (List.{0} Word) (List.{0} Word)
                                                          (List.{0} Word)
                                                          (@instHAppendOfAppend.{0} (List.{0} Word)
                                                            (@List.instAppend.{0} Word))
                                                          left right)))
                                                (@Option.bind.{0, 0} Entry (List.{0} Word) (@Option.some.{0} Entry b)
                                                  fun (b : Entry) =>
                                                  @Option.bind.{0, 0} (List.{0} Word) (List.{0} Word)
                                                    (@Tower.execute Entry Word o d b) fun (right : List.{0} Word) =>
                                                    @Option.some.{0} (List.{0} Word)
                                                      (@HAppend.hAppend.{0, 0, 0} (List.{0} Word) (List.{0} Word)
                                                        (List.{0} Word)
                                                        (@instHAppendOfAppend.{0} (List.{0} Word)
                                                          (@List.instAppend.{0} Word))
                                                        (@Prod.fst.{0, 0} (List.{0} Word) Entry z)
                                                        (@HAppend.hAppend.{0, 0, 0} (List.{0} Word) (List.{0} Word)
                                                          (List.{0} Word)
                                                          (@instHAppendOfAppend.{0} (List.{0} Word)
                                                            (@List.instAppend.{0} Word))
                                                          left right)))
                                                (@Option.bind.{0, 0} (List.{0} Word) (List.{0} Word)
                                                  (@Option.some.{0} (List.{0} Word) right)
                                                  fun (right : List.{0} Word) =>
                                                  @Option.some.{0} (List.{0} Word)
                                                    (@HAppend.hAppend.{0, 0, 0} (List.{0} Word) (List.{0} Word)
                                                      (List.{0} Word)
                                                      (@instHAppendOfAppend.{0} (List.{0} Word)
                                                        (@List.instAppend.{0} Word))
                                                      (@Prod.fst.{0, 0} (List.{0} Word) Entry z)
                                                      (@HAppend.hAppend.{0, 0, 0} (List.{0} Word) (List.{0} Word)
                                                        (List.{0} Word)
                                                        (@instHAppendOfAppend.{0} (List.{0} Word)
                                                          (@List.instAppend.{0} Word))
                                                        left right)))
                                                (@congrFun'.{1, 1} ((b : Entry) → Option.{0} (List.{0} Word))
                                                  (Option.{0} (List.{0} Word))
                                                  (@Option.bind.{0, 0} Entry (List.{0} Word)
                                                    (@Tower.Ops.second Entry Word o
                                                      (@Prod.snd.{0, 0} (List.{0} Word) Entry z)))
                                                  (@Option.bind.{0, 0} Entry (List.{0} Word) (@Option.some.{0} Entry b))
                                                  (@congrArg.{1, 1} (Option.{0} Entry)
                                                    ((Entry → Option.{0} (List.{0} Word)) → Option.{0} (List.{0} Word))
                                                    (@Tower.Ops.second Entry Word o
                                                      (@Prod.snd.{0, 0} (List.{0} Word) Entry z))
                                                    (@Option.some.{0} Entry b)
                                                    (@Option.bind.{0, 0} Entry (List.{0} Word)) hb)
                                                  fun (b : Entry) =>
                                                  @Option.bind.{0, 0} (List.{0} Word) (List.{0} Word)
                                                    (@Tower.execute Entry Word o d b) fun (right : List.{0} Word) =>
                                                    @Option.some.{0} (List.{0} Word)
                                                      (@HAppend.hAppend.{0, 0, 0} (List.{0} Word) (List.{0} Word)
                                                        (List.{0} Word)
                                                        (@instHAppendOfAppend.{0} (List.{0} Word)
                                                          (@List.instAppend.{0} Word))
                                                        (@Prod.fst.{0, 0} (List.{0} Word) Entry z)
                                                        (@HAppend.hAppend.{0, 0, 0} (List.{0} Word) (List.{0} Word)
                                                          (List.{0} Word)
                                                          (@instHAppendOfAppend.{0} (List.{0} Word)
                                                            (@List.instAppend.{0} Word))
                                                          left right)))
                                                (@congrFun'.{1, 1}
                                                  ((right : List.{0} Word) → Option.{0} (List.{0} Word))
                                                  (Option.{0} (List.{0} Word))
                                                  (@Option.bind.{0, 0} (List.{0} Word) (List.{0} Word)
                                                    (@Tower.execute Entry Word o d b))
                                                  (@Option.bind.{0, 0} (List.{0} Word) (List.{0} Word)
                                                    (@Option.some.{0} (List.{0} Word) right))
                                                  (@congrArg.{1, 1} (Option.{0} (List.{0} Word))
                                                    ((List.{0} Word → Option.{0} (List.{0} Word)) →
                                                      Option.{0} (List.{0} Word))
                                                    (@Tower.execute Entry Word o d b)
                                                    (@Option.some.{0} (List.{0} Word) right)
                                                    (@Option.bind.{0, 0} (List.{0} Word) (List.{0} Word)) hr)
                                                  fun (right : List.{0} Word) =>
                                                  @Option.some.{0} (List.{0} Word)
                                                    (@HAppend.hAppend.{0, 0, 0} (List.{0} Word) (List.{0} Word)
                                                      (List.{0} Word)
                                                      (@instHAppendOfAppend.{0} (List.{0} Word)
                                                        (@List.instAppend.{0} Word))
                                                      (@Prod.fst.{0, 0} (List.{0} Word) Entry z)
                                                      (@HAppend.hAppend.{0, 0, 0} (List.{0} Word) (List.{0} Word)
                                                        (List.{0} Word)
                                                        (@instHAppendOfAppend.{0} (List.{0} Word)
                                                          (@List.instAppend.{0} Word))
                                                        left right)))))))
                                    (@congrFun'.{1, 1} ((left : List.{0} Word) → Option.{0} (List.{0} Word))
                                      (Option.{0} (List.{0} Word))
                                      (@Option.bind.{0, 0} (List.{0} Word) (List.{0} Word)
                                        (@Tower.execute Entry Word o d a))
                                      (@Option.bind.{0, 0} (List.{0} Word) (List.{0} Word)
                                        (@Option.some.{0} (List.{0} Word) left))
                                      (@congrArg.{1, 1} (Option.{0} (List.{0} Word))
                                        ((List.{0} Word → Option.{0} (List.{0} Word)) → Option.{0} (List.{0} Word))
                                        (@Tower.execute Entry Word o d a) (@Option.some.{0} (List.{0} Word) left)
                                        (@Option.bind.{0, 0} (List.{0} Word) (List.{0} Word)) hl)
                                      fun (left : List.{0} Word) =>
                                      @Option.some.{0} (List.{0} Word)
                                        (@HAppend.hAppend.{0, 0, 0} (List.{0} Word) (List.{0} Word) (List.{0} Word)
                                          (@instHAppendOfAppend.{0} (List.{0} Word) (@List.instAppend.{0} Word))
                                          (@Prod.fst.{0, 0} (List.{0} Word) Entry z)
                                          (@HAppend.hAppend.{0, 0, 0} (List.{0} Word) (List.{0} Word) (List.{0} Word)
                                            (@instHAppendOfAppend.{0} (List.{0} Word) (@List.instAppend.{0} Word)) left
                                            right)))))
                                (@congrArg.{1, 1} (List.{0} Word) (Option.{0} (List.{0} Word))
                                  (@HAppend.hAppend.{0, 0, 0} (List.{0} Word) (List.{0} Word) (List.{0} Word)
                                    (@instHAppendOfAppend.{0} (List.{0} Word) (@List.instAppend.{0} Word))
                                    (@HAppend.hAppend.{0, 0, 0} (List.{0} Word) (List.{0} Word) (List.{0} Word)
                                      (@instHAppendOfAppend.{0} (List.{0} Word) (@List.instAppend.{0} Word))
                                      (@Prod.fst.{0, 0} (List.{0} Word) Entry z) left)
                                    right)
                                  (@HAppend.hAppend.{0, 0, 0} (List.{0} Word) (List.{0} Word) (List.{0} Word)
                                    (@instHAppendOfAppend.{0} (List.{0} Word) (@List.instAppend.{0} ⋯)) ⋯ ⋯)
                                  ⋯ ⋯))
                              ⋯)))
    ⋯
def Tower.words : Nat → Nat :=
fun (x : Nat) => @Nat.brecOn.{1} (fun (x : Nat) => Nat) x Tower.words._f
def Tower.internal : Nat → Nat :=
fun (x : Nat) => @Nat.brecOn.{1} (fun (x : Nat) => Nat) x Tower.internal._f
def Tower.leaves : Nat → Nat :=
fun (x : Nat) => @Nat.brecOn.{1} (fun (x : Nat) => Nat) x Tower.leaves._f
def Tower.scratch : Nat → Nat :=
fun (x : Nat) => @Nat.brecOn.{1} (fun (x : Nat) => Nat) x Tower.scratch._f
def Tower.trace : Nat → Nat → List.{0} Tower.Event :=
fun (x x_1 : Nat) => @Nat.brecOn.{1} (fun (x : Nat) => Nat → List.{0} Tower.Event) x Tower.trace._f x_1
def Tower.execute : {Entry Word : Type} → (o : Tower.Ops Entry Word) → Nat → Entry → Option.{0} (List.{0} Word) :=
fun {Entry Word : Type} (o : Tower.Ops Entry Word) (x : Nat) (x_1 : Entry) =>
  @Nat.brecOn.{1} (fun (x : Nat) => Entry → Option.{0} (List.{0} Word)) x (@Tower.execute._f Entry Word o) x_1
structure Tower.Ops (Entry Word : Type) : Type
number of parameters: 2
fields:
  Tower.Ops.first : Entry → Option.{0} Entry
  Tower.Ops.ldl : Entry → Option.{0} (Prod.{0, 0} (List.{0} Word) Entry)
  Tower.Ops.second : Entry → Option.{0} Entry
  Tower.Ops.leaf0 : Entry → Word
  Tower.Ops.leaf1 : Entry → Word
constructor:
  Tower.Ops.mk {Entry Word : Type} (first : Entry → Option.{0} Entry)
    (ldl : Entry → Option.{0} (Prod.{0, 0} (List.{0} Word) Entry)) (second : Entry → Option.{0} Entry)
    (leaf0 leaf1 : Entry → Word) : Tower.Ops Entry Word
TowerTypes 0 0.677
