OrderedReach.fault_sticky : ∀ (os : List.{0} OrderedReach.Outcome),
  @Eq.{1} Bool (OrderedReach.faults Bool.true os) Bool.true
theorem OrderedReach.fault_sticky : ∀ (os : List.{0} OrderedReach.Outcome),
  @Eq.{1} Bool (OrderedReach.faults Bool.true os) Bool.true :=
fun (os : List.{0} OrderedReach.Outcome) =>
  @List.rec.{0, 0} OrderedReach.Outcome
    (fun (os : List.{0} OrderedReach.Outcome) => @Eq.{1} Bool (OrderedReach.faults Bool.true os) Bool.true)
    (@Eq.refl.{1} Bool (OrderedReach.faults Bool.true (@List.nil.{0} OrderedReach.Outcome)))
    (fun (o : OrderedReach.Outcome) (os : List.{0} OrderedReach.Outcome)
        (ih : @Eq.{1} Bool (OrderedReach.faults Bool.true os) Bool.true) =>
      @OrderedReach.Outcome.casesOn.{0}
        (fun (t : OrderedReach.Outcome) =>
          ∀ (h : @Eq.{1} OrderedReach.Outcome o t),
            @Eq.{1} Bool (OrderedReach.faults Bool.true (@List.cons.{0} OrderedReach.Outcome o os)) Bool.true)
        o
        (fun (sample : Int) (h : @Eq.{1} OrderedReach.Outcome o (OrderedReach.Outcome.normal sample)) =>
          @Eq.ndrec.{0, 1} OrderedReach.Outcome (OrderedReach.Outcome.normal sample)
            (fun (o : OrderedReach.Outcome) =>
              @Eq.{1} Bool (OrderedReach.faults Bool.true (@List.cons.{0} OrderedReach.Outcome o os)) Bool.true)
            (@of_eq_true
              (@Eq.{1} Bool
                (OrderedReach.faults Bool.true
                  (@List.cons.{0} OrderedReach.Outcome (OrderedReach.Outcome.normal sample) os))
                Bool.true)
              (@Eq.trans.{1} Prop
                (@Eq.{1} Bool
                  (OrderedReach.faults Bool.true
                    (@List.cons.{0} OrderedReach.Outcome (OrderedReach.Outcome.normal sample) os))
                  Bool.true)
                (@Eq.{1} Bool Bool.true Bool.true) True
                (@congrFun'.{1, 1} Bool Prop
                  (@Eq.{1} Bool
                    (OrderedReach.faults Bool.true
                      (@List.cons.{0} OrderedReach.Outcome (OrderedReach.Outcome.normal sample) os)))
                  (@Eq.{1} Bool Bool.true)
                  (@congrArg.{1, 1} Bool (Bool → Prop)
                    (OrderedReach.faults Bool.true
                      (@List.cons.{0} OrderedReach.Outcome (OrderedReach.Outcome.normal sample) os))
                    Bool.true (@Eq.{1} Bool) ih)
                  Bool.true)
                (@eq_self.{1} Bool Bool.true)))
            o (@Eq.symm.{1} OrderedReach.Outcome o (OrderedReach.Outcome.normal sample) h))
        (fun (h : @Eq.{1} OrderedReach.Outcome o OrderedReach.Outcome.fault) =>
          @Eq.ndrec.{0, 1} OrderedReach.Outcome OrderedReach.Outcome.fault
            (fun (o : OrderedReach.Outcome) =>
              @Eq.{1} Bool (OrderedReach.faults Bool.true (@List.cons.{0} OrderedReach.Outcome o os)) Bool.true)
            (@of_eq_true
              (@Eq.{1} Bool
                (OrderedReach.faults Bool.true (@List.cons.{0} OrderedReach.Outcome OrderedReach.Outcome.fault os))
                Bool.true)
              (@Eq.trans.{1} Prop
                (@Eq.{1} Bool
                  (OrderedReach.faults Bool.true (@List.cons.{0} OrderedReach.Outcome OrderedReach.Outcome.fault os))
                  Bool.true)
                (@Eq.{1} Bool Bool.true Bool.true) True
                (@congrFun'.{1, 1} Bool Prop
                  (@Eq.{1} Bool
                    (OrderedReach.faults Bool.true (@List.cons.{0} OrderedReach.Outcome OrderedReach.Outcome.fault os)))
                  (@Eq.{1} Bool Bool.true)
                  (@congrArg.{1, 1} Bool (Bool → Prop)
                    (OrderedReach.faults Bool.true (@List.cons.{0} OrderedReach.Outcome OrderedReach.Outcome.fault os))
                    Bool.true (@Eq.{1} Bool) ih)
                  Bool.true)
                (@eq_self.{1} Bool Bool.true)))
            o (@Eq.symm.{1} OrderedReach.Outcome o OrderedReach.Outcome.fault h))
        (fun (h : @Eq.{1} OrderedReach.Outcome o OrderedReach.Outcome.stutter) =>
          @Eq.ndrec.{0, 1} OrderedReach.Outcome OrderedReach.Outcome.stutter
            (fun (o : OrderedReach.Outcome) =>
              @Eq.{1} Bool (OrderedReach.faults Bool.true (@List.cons.{0} OrderedReach.Outcome o os)) Bool.true)
            (@of_eq_true
              (@Eq.{1} Bool
                (OrderedReach.faults Bool.true (@List.cons.{0} OrderedReach.Outcome OrderedReach.Outcome.stutter os))
                Bool.true)
              (@Eq.trans.{1} Prop
                (@Eq.{1} Bool
                  (OrderedReach.faults Bool.true (@List.cons.{0} OrderedReach.Outcome OrderedReach.Outcome.stutter os))
                  Bool.true)
                (@Eq.{1} Bool Bool.true Bool.true) True
                (@congrFun'.{1, 1} Bool Prop
                  (@Eq.{1} Bool
                    (OrderedReach.faults Bool.true
                      (@List.cons.{0} OrderedReach.Outcome OrderedReach.Outcome.stutter os)))
                  (@Eq.{1} Bool Bool.true)
                  (@congrArg.{1, 1} Bool (Bool → Prop)
                    (OrderedReach.faults Bool.true
                      (@List.cons.{0} OrderedReach.Outcome OrderedReach.Outcome.stutter os))
                    Bool.true (@Eq.{1} Bool) ih)
                  Bool.true)
                (@eq_self.{1} Bool Bool.true)))
            o (@Eq.symm.{1} OrderedReach.Outcome o OrderedReach.Outcome.stutter h))
        (@Eq.refl.{1} OrderedReach.Outcome o))
    os
OrderedReach.clear_prefix : ∀ (f : Bool) (os : List.{0} OrderedReach.Outcome)
  (h : @Eq.{1} Bool (OrderedReach.faults f os) Bool.false),
  And (@Eq.{1} Bool f Bool.false)
    (∀ (o : OrderedReach.Outcome),
      @Membership.mem.{0, 0} OrderedReach.Outcome (List.{0} OrderedReach.Outcome)
          (@List.instMembership.{0} OrderedReach.Outcome) os o →
        @Ne.{1} OrderedReach.Outcome o OrderedReach.Outcome.fault)
theorem OrderedReach.clear_prefix : ∀ (f : Bool) (os : List.{0} OrderedReach.Outcome)
  (h : @Eq.{1} Bool (OrderedReach.faults f os) Bool.false),
  And (@Eq.{1} Bool f Bool.false)
    (∀ (o : OrderedReach.Outcome),
      @Membership.mem.{0, 0} OrderedReach.Outcome (List.{0} OrderedReach.Outcome)
          (@List.instMembership.{0} OrderedReach.Outcome) os o →
        @Ne.{1} OrderedReach.Outcome o OrderedReach.Outcome.fault) :=
fun (f : Bool) (os : List.{0} OrderedReach.Outcome) (h : @Eq.{1} Bool (OrderedReach.faults f os) Bool.false) =>
  @List.rec.{0, 0} OrderedReach.Outcome
    (fun (os : List.{0} OrderedReach.Outcome) =>
      ∀ (f : Bool) (h : @Eq.{1} Bool (OrderedReach.faults f os) Bool.false),
        And (@Eq.{1} Bool f Bool.false)
          (∀ (o : OrderedReach.Outcome),
            @Membership.mem.{0, 0} OrderedReach.Outcome (List.{0} OrderedReach.Outcome)
                (@List.instMembership.{0} OrderedReach.Outcome) os o →
              @Ne.{1} OrderedReach.Outcome o OrderedReach.Outcome.fault))
    (fun (f : Bool) (h : @Eq.{1} Bool (OrderedReach.faults f (@List.nil.{0} OrderedReach.Outcome)) Bool.false) =>
      @And.intro (@Eq.{1} Bool f Bool.false)
        (∀ (o : OrderedReach.Outcome),
          @Membership.mem.{0, 0} OrderedReach.Outcome (List.{0} OrderedReach.Outcome)
              (@List.instMembership.{0} OrderedReach.Outcome) (@List.nil.{0} OrderedReach.Outcome) o →
            @Ne.{1} OrderedReach.Outcome o OrderedReach.Outcome.fault)
        h
        (@of_eq_true
          (∀ (a : OrderedReach.Outcome),
            @Membership.mem.{0, 0} OrderedReach.Outcome (List.{0} OrderedReach.Outcome)
                (@List.instMembership.{0} OrderedReach.Outcome) (@List.nil.{0} OrderedReach.Outcome) a →
              Not (@Eq.{1} OrderedReach.Outcome a OrderedReach.Outcome.fault))
          (@Eq.trans.{1} Prop
            (∀ (a : OrderedReach.Outcome),
              @Membership.mem.{0, 0} OrderedReach.Outcome (List.{0} OrderedReach.Outcome)
                  (@List.instMembership.{0} OrderedReach.Outcome) (@List.nil.{0} OrderedReach.Outcome) a →
                Not (@Eq.{1} OrderedReach.Outcome a OrderedReach.Outcome.fault))
            (∀ (a : OrderedReach.Outcome), True) True
            (@forall_congr.{1} OrderedReach.Outcome
              (fun (a : OrderedReach.Outcome) =>
                @Membership.mem.{0, 0} OrderedReach.Outcome (List.{0} OrderedReach.Outcome)
                    (@List.instMembership.{0} OrderedReach.Outcome) (@List.nil.{0} OrderedReach.Outcome) a →
                  Not (@Eq.{1} OrderedReach.Outcome a OrderedReach.Outcome.fault))
              (fun (a : OrderedReach.Outcome) => True) fun (o : OrderedReach.Outcome) =>
              @Eq.trans.{1} Prop
                (@Membership.mem.{0, 0} OrderedReach.Outcome (List.{0} OrderedReach.Outcome)
                    (@List.instMembership.{0} OrderedReach.Outcome) (@List.nil.{0} OrderedReach.Outcome) o →
                  Not (@Eq.{1} OrderedReach.Outcome o OrderedReach.Outcome.fault))
                (False → Not (@Eq.{1} OrderedReach.Outcome o OrderedReach.Outcome.fault)) True
                (@implies_congr.{0, 0}
                  (@Membership.mem.{0, 0} OrderedReach.Outcome (List.{0} OrderedReach.Outcome)
                    (@List.instMembership.{0} OrderedReach.Outcome) (@List.nil.{0} OrderedReach.Outcome) o)
                  False (Not (@Eq.{1} OrderedReach.Outcome o OrderedReach.Outcome.fault))
                  (Not (@Eq.{1} OrderedReach.Outcome o OrderedReach.Outcome.fault))
                  (@List.not_mem_nil._simp_1.{0} OrderedReach.Outcome o)
                  (@Eq.refl.{1} Prop (Not (@Eq.{1} OrderedReach.Outcome o OrderedReach.Outcome.fault))))
                (false_implies (Not (@Eq.{1} OrderedReach.Outcome o OrderedReach.Outcome.fault))))
            (implies_true.{1} OrderedReach.Outcome))))
    (fun (o : OrderedReach.Outcome) (os : List.{0} OrderedReach.Outcome)
        (ih :
          ∀ (f : Bool) (h : @Eq.{1} Bool (OrderedReach.faults f os) Bool.false),
            And (@Eq.{1} Bool f Bool.false)
              (∀ (o : OrderedReach.Outcome),
                @Membership.mem.{0, 0} OrderedReach.Outcome (List.{0} OrderedReach.Outcome)
                    (@List.instMembership.{0} OrderedReach.Outcome) os o →
                  @Ne.{1} OrderedReach.Outcome o OrderedReach.Outcome.fault))
        (f : Bool) (h : @Eq.{1} Bool (OrderedReach.faults f (@List.cons.{0} OrderedReach.Outcome o os)) Bool.false) =>
      @OrderedReach.Outcome.casesOn.{0}
        (fun (t : OrderedReach.Outcome) =>
          ∀ (h : @Eq.{1} OrderedReach.Outcome o t),
            And (@Eq.{1} Bool f Bool.false)
              (∀ (o_1 : OrderedReach.Outcome),
                @Membership.mem.{0, 0} OrderedReach.Outcome (List.{0} OrderedReach.Outcome)
                    (@List.instMembership.{0} OrderedReach.Outcome) (@List.cons.{0} OrderedReach.Outcome o os) o_1 →
                  @Ne.{1} OrderedReach.Outcome o_1 OrderedReach.Outcome.fault))
        o
        (fun (z : Int) (h_1 : @Eq.{1} OrderedReach.Outcome o (OrderedReach.Outcome.normal z)) =>
          @Eq.ndrec.{0, 1} OrderedReach.Outcome (OrderedReach.Outcome.normal z)
            (fun (o : OrderedReach.Outcome) =>
              ∀ (h : @Eq.{1} Bool (OrderedReach.faults f (@List.cons.{0} OrderedReach.Outcome o os)) Bool.false),
                And (@Eq.{1} Bool f Bool.false)
                  (∀ (o_1 : OrderedReach.Outcome),
                    @Membership.mem.{0, 0} OrderedReach.Outcome (List.{0} OrderedReach.Outcome)
                        (@List.instMembership.{0} OrderedReach.Outcome) (@List.cons.{0} OrderedReach.Outcome o os) o_1 →
                      @Ne.{1} OrderedReach.Outcome o_1 OrderedReach.Outcome.fault))
            (fun
                (h :
                  @Eq.{1} Bool
                    (OrderedReach.faults f (@List.cons.{0} OrderedReach.Outcome (OrderedReach.Outcome.normal z) os))
                    Bool.false) =>
              have hh :
                And (@Eq.{1} Bool f Bool.false)
                  (∀ (o : OrderedReach.Outcome),
                    @Membership.mem.{0, 0} OrderedReach.Outcome (List.{0} OrderedReach.Outcome)
                        (@List.instMembership.{0} OrderedReach.Outcome) os o →
                      @Ne.{1} OrderedReach.Outcome o OrderedReach.Outcome.fault) :=
                ih f h;
              @And.intro (@Eq.{1} Bool f Bool.false)
                (∀ (o : OrderedReach.Outcome),
                  @Membership.mem.{0, 0} OrderedReach.Outcome (List.{0} OrderedReach.Outcome)
                      (@List.instMembership.{0} OrderedReach.Outcome)
                      (@List.cons.{0} OrderedReach.Outcome (OrderedReach.Outcome.normal z) os) o →
                    @Ne.{1} OrderedReach.Outcome o OrderedReach.Outcome.fault)
                (@And.left (@Eq.{1} Bool f Bool.false)
                  (∀ (o : OrderedReach.Outcome),
                    @Membership.mem.{0, 0} OrderedReach.Outcome (List.{0} OrderedReach.Outcome)
                        (@List.instMembership.{0} OrderedReach.Outcome) os o →
                      @Ne.{1} OrderedReach.Outcome o OrderedReach.Outcome.fault)
                  hh)
                fun (a : OrderedReach.Outcome)
                  (ha :
                    @Membership.mem.{0, 0} OrderedReach.Outcome (List.{0} OrderedReach.Outcome)
                      (@List.instMembership.{0} OrderedReach.Outcome)
                      (@List.cons.{0} OrderedReach.Outcome (OrderedReach.Outcome.normal z) os) a) =>
                @Or.casesOn (@Eq.{1} OrderedReach.Outcome a (OrderedReach.Outcome.normal z))
                  (@Membership.mem.{0, 0} OrderedReach.Outcome (List.{0} OrderedReach.Outcome)
                    (@List.instMembership.{0} OrderedReach.Outcome) os a)
                  (fun
                      (x :
                        Or (@Eq.{1} OrderedReach.Outcome a (OrderedReach.Outcome.normal z))
                          (@Membership.mem.{0, 0} OrderedReach.Outcome (List.{0} OrderedReach.Outcome)
                            (@List.instMembership.{0} OrderedReach.Outcome) os a)) =>
                    @Ne.{1} OrderedReach.Outcome a OrderedReach.Outcome.fault)
                  (@Iff.mp
                    (@Membership.mem.{0, 0} OrderedReach.Outcome (List.{0} OrderedReach.Outcome)
                      (@List.instMembership.{0} OrderedReach.Outcome)
                      (@List.cons.{0} OrderedReach.Outcome (OrderedReach.Outcome.normal z) os) a)
                    (Or (@Eq.{1} OrderedReach.Outcome a (OrderedReach.Outcome.normal z))
                      (@Membership.mem.{0, 0} OrderedReach.Outcome (List.{0} OrderedReach.Outcome)
                        (@List.instMembership.{0} OrderedReach.Outcome) os a))
                    (@List.mem_cons.{0} OrderedReach.Outcome (OrderedReach.Outcome.normal z) os a) ha)
                  (fun (he : @Eq.{1} OrderedReach.Outcome a (OrderedReach.Outcome.normal z)) =>
                    @Eq.ndrec.{0, 1} OrderedReach.Outcome (OrderedReach.Outcome.normal z)
                      (fun (a : OrderedReach.Outcome) =>
                        ∀
                          (ha :
                            @Membership.mem.{0, 0} OrderedReach.Outcome (List.{0} OrderedReach.Outcome)
                              (@List.instMembership.{0} OrderedReach.Outcome)
                              (@List.cons.{0} OrderedReach.Outcome (OrderedReach.Outcome.normal z) os) a),
                          @Ne.{1} OrderedReach.Outcome a OrderedReach.Outcome.fault)
                      (fun
                          (ha :
                            @Membership.mem.{0, 0} OrderedReach.Outcome (List.{0} OrderedReach.Outcome)
                              (@List.instMembership.{0} OrderedReach.Outcome)
                              (@List.cons.{0} OrderedReach.Outcome (OrderedReach.Outcome.normal z) os)
                              (OrderedReach.Outcome.normal z))
                          (hbad :
                            @Eq.{1} OrderedReach.Outcome (OrderedReach.Outcome.normal z) OrderedReach.Outcome.fault) =>
                        @Eq.casesOn.{0, 1} OrderedReach.Outcome (OrderedReach.Outcome.normal z)
                          (fun (a : OrderedReach.Outcome)
                              (t : @Eq.{1} OrderedReach.Outcome (OrderedReach.Outcome.normal z) a) =>
                            ∀ (h : @Eq.{1} OrderedReach.Outcome OrderedReach.Outcome.fault a)
                              (h :
                                @HEq.{0}
                                  (@Eq.{1} OrderedReach.Outcome (OrderedReach.Outcome.normal z)
                                    OrderedReach.Outcome.fault)
                                  hbad (@Eq.{1} OrderedReach.Outcome (OrderedReach.Outcome.normal z) a) t),
                              False)
                          OrderedReach.Outcome.fault hbad
                          (fun
                              (h :
                                @Eq.{1} OrderedReach.Outcome OrderedReach.Outcome.fault
                                  (OrderedReach.Outcome.normal z)) =>
                            @False.elim.{0}
                              (∀
                                (h :
                                  @HEq.{0}
                                    (@Eq.{1} OrderedReach.Outcome (OrderedReach.Outcome.normal z)
                                      OrderedReach.Outcome.fault)
                                    hbad
                                    (@Eq.{1} OrderedReach.Outcome (OrderedReach.Outcome.normal z)
                                      (OrderedReach.Outcome.normal z))
                                    (@Eq.refl.{1} OrderedReach.Outcome (OrderedReach.Outcome.normal z))),
                                False)
                              (@noConfusion_of_Nat.{1} OrderedReach.Outcome OrderedReach.Outcome.ctorIdx
                                OrderedReach.Outcome.fault (OrderedReach.Outcome.normal z) h))
                          (@Eq.refl.{1} OrderedReach.Outcome OrderedReach.Outcome.fault)
                          (@HEq.refl.{0}
                            (@Eq.{1} OrderedReach.Outcome (OrderedReach.Outcome.normal z) OrderedReach.Outcome.fault)
                            hbad))
                      a (@Eq.symm.{1} OrderedReach.Outcome a (OrderedReach.Outcome.normal z) he) ha)
                  fun
                    (ht :
                      @Membership.mem.{0, 0} OrderedReach.Outcome (List.{0} OrderedReach.Outcome)
                        (@List.instMembership.{0} OrderedReach.Outcome) os a) =>
                  @And.right (@Eq.{1} Bool f Bool.false)
                    (∀ (o : OrderedReach.Outcome),
                      @Membership.mem.{0, 0} OrderedReach.Outcome (List.{0} OrderedReach.Outcome)
                          (@List.instMembership.{0} OrderedReach.Outcome) os o →
                        @Ne.{1} OrderedReach.Outcome o OrderedReach.Outcome.fault)
                    hh a ht)
            o (@Eq.symm.{1} OrderedReach.Outcome o (OrderedReach.Outcome.normal z) h_1) h)
        (fun (h_1 : @Eq.{1} OrderedReach.Outcome o OrderedReach.Outcome.fault) =>
          @Eq.ndrec.{0, 1} OrderedReach.Outcome OrderedReach.Outcome.fault
            (fun (o : OrderedReach.Outcome) =>
              ∀ (h : @Eq.{1} Bool (OrderedReach.faults f (@List.cons.{0} OrderedReach.Outcome o os)) Bool.false),
                And (@Eq.{1} Bool f Bool.false)
                  (∀ (o_1 : OrderedReach.Outcome),
                    @Membership.mem.{0, 0} OrderedReach.Outcome (List.{0} OrderedReach.Outcome)
                        (@List.instMembership.{0} OrderedReach.Outcome) (@List.cons.{0} OrderedReach.Outcome o os) o_1 →
                      @Ne.{1} OrderedReach.Outcome o_1 OrderedReach.Outcome.fault))
            (fun
                (h :
                  @Eq.{1} Bool
                    (OrderedReach.faults f (@List.cons.{0} OrderedReach.Outcome OrderedReach.Outcome.fault os))
                    Bool.false) =>
              @False.elim.{0}
                (And (@Eq.{1} Bool f Bool.false)
                  (∀ (o : OrderedReach.Outcome),
                    @Membership.mem.{0, 0} OrderedReach.Outcome (List.{0} OrderedReach.Outcome)
                        (@List.instMembership.{0} OrderedReach.Outcome)
                        (@List.cons.{0} OrderedReach.Outcome OrderedReach.Outcome.fault os) o →
                      @Ne.{1} OrderedReach.Outcome o OrderedReach.Outcome.fault))
                (@Eq.mp.{0}
                  (@Eq.{1} Bool
                    (OrderedReach.faults f (@List.cons.{0} OrderedReach.Outcome OrderedReach.Outcome.fault os))
                    Bool.false)
                  False
                  (@Eq.trans.{1} Prop
                    (@Eq.{1} Bool
                      (OrderedReach.faults f (@List.cons.{0} OrderedReach.Outcome OrderedReach.Outcome.fault os))
                      Bool.false)
                    (@Eq.{1} Bool Bool.true Bool.false) False
                    (@congrFun'.{1, 1} Bool Prop
                      (@Eq.{1} Bool
                        (OrderedReach.faults f (@List.cons.{0} OrderedReach.Outcome OrderedReach.Outcome.fault os)))
                      (@Eq.{1} Bool Bool.true)
                      (@congrArg.{1, 1} Bool (Bool → Prop)
                        (OrderedReach.faults f (@List.cons.{0} OrderedReach.Outcome OrderedReach.Outcome.fault os))
                        Bool.true (@Eq.{1} Bool) (OrderedReach.fault_sticky os))
                      Bool.false)
                    Bool.true_eq_false)
                  h))
            o (@Eq.symm.{1} OrderedReach.Outcome o OrderedReach.Outcome.fault h_1) h)
        (fun (h_1 : @Eq.{1} OrderedReach.Outcome o OrderedReach.Outcome.stutter) =>
          @Eq.ndrec.{0, 1} OrderedReach.Outcome OrderedReach.Outcome.stutter
            (fun (o : OrderedReach.Outcome) =>
              ∀ (h : @Eq.{1} Bool (OrderedReach.faults f (@List.cons.{0} OrderedReach.Outcome o os)) Bool.false),
                And (@Eq.{1} Bool f Bool.false)
                  (∀ (o_1 : OrderedReach.Outcome),
                    @Membership.mem.{0, 0} OrderedReach.Outcome (List.{0} OrderedReach.Outcome)
                        (@List.instMembership.{0} OrderedReach.Outcome) (@List.cons.{0} OrderedReach.Outcome o os) o_1 →
                      @Ne.{1} OrderedReach.Outcome o_1 OrderedReach.Outcome.fault))
            (fun
                (h :
                  @Eq.{1} Bool
                    (OrderedReach.faults f (@List.cons.{0} OrderedReach.Outcome OrderedReach.Outcome.stutter os))
                    Bool.false) =>
              have hh :
                And (@Eq.{1} Bool f Bool.false)
                  (∀ (o : OrderedReach.Outcome),
                    @Membership.mem.{0, 0} OrderedReach.Outcome (List.{0} OrderedReach.Outcome)
                        (@List.instMembership.{0} OrderedReach.Outcome) os o →
                      @Ne.{1} OrderedReach.Outcome o OrderedReach.Outcome.fault) :=
                ih f h;
              @And.intro (@Eq.{1} Bool f Bool.false)
                (∀ (o : OrderedReach.Outcome),
                  @Membership.mem.{0, 0} OrderedReach.Outcome (List.{0} OrderedReach.Outcome)
                      (@List.instMembership.{0} OrderedReach.Outcome)
                      (@List.cons.{0} OrderedReach.Outcome OrderedReach.Outcome.stutter os) o →
                    @Ne.{1} OrderedReach.Outcome o OrderedReach.Outcome.fault)
                (@And.left (@Eq.{1} Bool f Bool.false)
                  (∀ (o : OrderedReach.Outcome),
                    @Membership.mem.{0, 0} OrderedReach.Outcome (List.{0} OrderedReach.Outcome)
                        (@List.instMembership.{0} OrderedReach.Outcome) os o →
                      @Ne.{1} OrderedReach.Outcome o OrderedReach.Outcome.fault)
                  hh)
                fun (a : OrderedReach.Outcome)
                  (ha :
                    @Membership.mem.{0, 0} OrderedReach.Outcome (List.{0} OrderedReach.Outcome)
                      (@List.instMembership.{0} OrderedReach.Outcome)
                      (@List.cons.{0} OrderedReach.Outcome OrderedReach.Outcome.stutter os) a) =>
                @Or.casesOn (@Eq.{1} OrderedReach.Outcome a OrderedReach.Outcome.stutter)
                  (@Membership.mem.{0, 0} OrderedReach.Outcome (List.{0} OrderedReach.Outcome)
                    (@List.instMembership.{0} OrderedReach.Outcome) os a)
                  (fun
                      (x :
                        Or (@Eq.{1} OrderedReach.Outcome a OrderedReach.Outcome.stutter)
                          (@Membership.mem.{0, 0} OrderedReach.Outcome (List.{0} OrderedReach.Outcome)
                            (@List.instMembership.{0} OrderedReach.Outcome) os a)) =>
                    @Ne.{1} OrderedReach.Outcome a OrderedReach.Outcome.fault)
                  (@Iff.mp
                    (@Membership.mem.{0, 0} OrderedReach.Outcome (List.{0} OrderedReach.Outcome)
                      (@List.instMembership.{0} OrderedReach.Outcome)
                      (@List.cons.{0} OrderedReach.Outcome OrderedReach.Outcome.stutter os) a)
                    (Or (@Eq.{1} OrderedReach.Outcome a OrderedReach.Outcome.stutter)
                      (@Membership.mem.{0, 0} OrderedReach.Outcome (List.{0} OrderedReach.Outcome)
                        (@List.instMembership.{0} OrderedReach.Outcome) os a))
                    (@List.mem_cons.{0} OrderedReach.Outcome OrderedReach.Outcome.stutter os a) ha)
                  (fun (he : @Eq.{1} OrderedReach.Outcome a OrderedReach.Outcome.stutter) =>
                    @Eq.ndrec.{0, 1} OrderedReach.Outcome OrderedReach.Outcome.stutter
                      (fun (a : OrderedReach.Outcome) =>
                        ∀
                          (ha :
                            @Membership.mem.{0, 0} OrderedReach.Outcome (List.{0} OrderedReach.Outcome)
                              (@List.instMembership.{0} OrderedReach.Outcome)
                              (@List.cons.{0} OrderedReach.Outcome OrderedReach.Outcome.stutter os) a),
                          @Ne.{1} OrderedReach.Outcome a OrderedReach.Outcome.fault)
                      (fun
                          (ha :
                            @Membership.mem.{0, 0} OrderedReach.Outcome (List.{0} OrderedReach.Outcome)
                              (@List.instMembership.{0} OrderedReach.Outcome)
                              (@List.cons.{0} OrderedReach.Outcome OrderedReach.Outcome.stutter os)
                              OrderedReach.Outcome.stutter)
                          (hbad :
                            @Eq.{1} OrderedReach.Outcome OrderedReach.Outcome.stutter OrderedReach.Outcome.fault) =>
                        @Eq.casesOn.{0, 1} OrderedReach.Outcome OrderedReach.Outcome.stutter
                          (fun (a : OrderedReach.Outcome)
                              (t : @Eq.{1} OrderedReach.Outcome OrderedReach.Outcome.stutter a) =>
                            ∀ (h : @Eq.{1} OrderedReach.Outcome OrderedReach.Outcome.fault a)
                              (h :
                                @HEq.{0}
                                  (@Eq.{1} OrderedReach.Outcome OrderedReach.Outcome.stutter OrderedReach.Outcome.fault)
                                  hbad (@Eq.{1} OrderedReach.Outcome OrderedReach.Outcome.stutter a) t),
                              False)
                          OrderedReach.Outcome.fault hbad
                          (fun
                              (h :
                                @Eq.{1} OrderedReach.Outcome OrderedReach.Outcome.fault OrderedReach.Outcome.stutter) =>
                            @False.elim.{0}
                              (∀
                                (h :
                                  @HEq.{0}
                                    (@Eq.{1} OrderedReach.Outcome OrderedReach.Outcome.stutter
                                      OrderedReach.Outcome.fault)
                                    hbad
                                    (@Eq.{1} OrderedReach.Outcome OrderedReach.Outcome.stutter
                                      OrderedReach.Outcome.stutter)
                                    (@Eq.refl.{1} OrderedReach.Outcome OrderedReach.Outcome.stutter)),
                                False)
                              (@noConfusion_of_Nat.{1} OrderedReach.Outcome OrderedReach.Outcome.ctorIdx
                                OrderedReach.Outcome.fault OrderedReach.Outcome.stutter h))
                          (@Eq.refl.{1} OrderedReach.Outcome OrderedReach.Outcome.fault)
                          (@HEq.refl.{0}
                            (@Eq.{1} OrderedReach.Outcome OrderedReach.Outcome.stutter OrderedReach.Outcome.fault)
                            hbad))
                      a (@Eq.symm.{1} OrderedReach.Outcome a OrderedReach.Outcome.stutter he) ha)
                  fun
                    (ht :
                      @Membership.mem.{0, 0} OrderedReach.Outcome (List.{0} OrderedReach.Outcome)
                        (@List.instMembership.{0} OrderedReach.Outcome) os a) =>
                  @And.right (@Eq.{1} Bool f Bool.false)
                    (∀ (o : OrderedReach.Outcome),
                      @Membership.mem.{0, 0} OrderedReach.Outcome (List.{0} OrderedReach.Outcome)
                          (@List.instMembership.{0} OrderedReach.Outcome) os o →
                        @Ne.{1} OrderedReach.Outcome o OrderedReach.Outcome.fault)
                    hh a ht)
            o (@Eq.symm.{1} OrderedReach.Outcome o OrderedReach.Outcome.stutter h_1) h)
        (@Eq.refl.{1} OrderedReach.Outcome o))
    os f h
OrderedReach.safe_normal_return : ∀ (mu : ZeroScalar.Word) (hm : ZeroScalar.NumericCenter mu) (sample : Int)
  (h : OrderedReach.normalResult mu sample),
  And
    (@LE.le.{0} Int Int.instLEInt
      (@Neg.neg.{0} Int Int.instNegInt (@OfNat.ofNat.{0} Int (nat_lit 2147483648) (@instOfNat (nat_lit 2147483648))))
      sample)
    (@LE.le.{0} Int Int.instLEInt sample (@OfNat.ofNat.{0} Int (nat_lit 2147483647) (@instOfNat (nat_lit 2147483647))))
theorem OrderedReach.safe_normal_return : ∀ (mu : ZeroScalar.Word) (hm : ZeroScalar.NumericCenter mu) (sample : Int)
  (h : OrderedReach.normalResult mu sample),
  And
    (@LE.le.{0} Int Int.instLEInt
      (@Neg.neg.{0} Int Int.instNegInt (@OfNat.ofNat.{0} Int (nat_lit 2147483648) (@instOfNat (nat_lit 2147483648))))
      sample)
    (@LE.le.{0} Int Int.instLEInt sample
      (@OfNat.ofNat.{0} Int (nat_lit 2147483647) (@instOfNat (nat_lit 2147483647)))) :=
fun (mu : ZeroScalar.Word) (hm : ZeroScalar.NumericCenter mu) (sample : Int)
    (h : OrderedReach.normalResult mu sample) =>
  @Exists.casesOn.{1} Int
    (fun (z : Int) =>
      And
        (@LE.le.{0} Int Int.instLEInt
          (@Neg.neg.{0} Int Int.instNegInt (@OfNat.ofNat.{0} Int (nat_lit 365) (@instOfNat (nat_lit 365)))) z)
        (And (@LE.le.{0} Int Int.instLEInt z (@OfNat.ofNat.{0} Int (nat_lit 366) (@instOfNat (nat_lit 366))))
          (@Eq.{1} Int sample
            (@HAdd.hAdd.{0, 0, 0} Int Int Int (@instHAdd.{0} Int Int.instAdd) (ZeroScalar.floorC mu) z))))
    (fun (x : OrderedReach.normalResult mu sample) =>
      And
        (@LE.le.{0} Int Int.instLEInt
          (@Neg.neg.{0} Int Int.instNegInt
            (@OfNat.ofNat.{0} Int (nat_lit 2147483648) (@instOfNat (nat_lit 2147483648))))
          sample)
        (@LE.le.{0} Int Int.instLEInt sample
          (@OfNat.ofNat.{0} Int (nat_lit 2147483647) (@instOfNat (nat_lit 2147483647)))))
    h
    fun (z : Int)
      (h :
        And
          (@LE.le.{0} Int Int.instLEInt
            (@Neg.neg.{0} Int Int.instNegInt (@OfNat.ofNat.{0} Int (nat_lit 365) (@instOfNat (nat_lit 365)))) z)
          (And (@LE.le.{0} Int Int.instLEInt z (@OfNat.ofNat.{0} Int (nat_lit 366) (@instOfNat (nat_lit 366))))
            (@Eq.{1} Int sample
              (@HAdd.hAdd.{0, 0, 0} Int Int Int (@instHAdd.{0} Int Int.instAdd) (ZeroScalar.floorC mu) z)))) =>
    @And.casesOn.{0}
      (@LE.le.{0} Int Int.instLEInt
        (@Neg.neg.{0} Int Int.instNegInt (@OfNat.ofNat.{0} Int (nat_lit 365) (@instOfNat (nat_lit 365)))) z)
      (And (@LE.le.{0} Int Int.instLEInt z (@OfNat.ofNat.{0} Int (nat_lit 366) (@instOfNat (nat_lit 366))))
        (@Eq.{1} Int sample
          (@HAdd.hAdd.{0, 0, 0} Int Int Int (@instHAdd.{0} Int Int.instAdd) (ZeroScalar.floorC mu) z)))
      (fun
          (x :
            And
              (@LE.le.{0} Int Int.instLEInt
                (@Neg.neg.{0} Int Int.instNegInt (@OfNat.ofNat.{0} Int (nat_lit 365) (@instOfNat (nat_lit 365)))) z)
              (And (@LE.le.{0} Int Int.instLEInt z (@OfNat.ofNat.{0} Int (nat_lit 366) (@instOfNat (nat_lit 366))))
                (@Eq.{1} Int sample
                  (@HAdd.hAdd.{0, 0, 0} Int Int Int (@instHAdd.{0} Int Int.instAdd) (ZeroScalar.floorC mu) z)))) =>
        And
          (@LE.le.{0} Int Int.instLEInt
            (@Neg.neg.{0} Int Int.instNegInt
              (@OfNat.ofNat.{0} Int (nat_lit 2147483648) (@instOfNat (nat_lit 2147483648))))
            sample)
          (@LE.le.{0} Int Int.instLEInt sample
            (@OfNat.ofNat.{0} Int (nat_lit 2147483647) (@instOfNat (nat_lit 2147483647)))))
      h
      fun
        (hlo :
          @LE.le.{0} Int Int.instLEInt
            (@Neg.neg.{0} Int Int.instNegInt (@OfNat.ofNat.{0} Int (nat_lit 365) (@instOfNat (nat_lit 365)))) z)
        (right :
          And (@LE.le.{0} Int Int.instLEInt z (@OfNat.ofNat.{0} Int (nat_lit 366) (@instOfNat (nat_lit 366))))
            (@Eq.{1} Int sample
              (@HAdd.hAdd.{0, 0, 0} Int Int Int (@instHAdd.{0} Int Int.instAdd) (ZeroScalar.floorC mu) z))) =>
      @And.casesOn.{0} (@LE.le.{0} Int Int.instLEInt z (@OfNat.ofNat.{0} Int (nat_lit 366) (@instOfNat (nat_lit 366))))
        (@Eq.{1} Int sample (@HAdd.hAdd.{0, 0, 0} Int Int Int (@instHAdd.{0} Int Int.instAdd) (ZeroScalar.floorC mu) z))
        (fun
            (x :
              And (@LE.le.{0} Int Int.instLEInt z (@OfNat.ofNat.{0} Int (nat_lit 366) (@instOfNat (nat_lit 366))))
                (@Eq.{1} Int sample
                  (@HAdd.hAdd.{0, 0, 0} Int Int Int (@instHAdd.{0} Int Int.instAdd) (ZeroScalar.floorC mu) z))) =>
          And
            (@LE.le.{0} Int Int.instLEInt
              (@Neg.neg.{0} Int Int.instNegInt
                (@OfNat.ofNat.{0} Int (nat_lit 2147483648) (@instOfNat (nat_lit 2147483648))))
              sample)
            (@LE.le.{0} Int Int.instLEInt sample
              (@OfNat.ofNat.{0} Int (nat_lit 2147483647) (@instOfNat (nat_lit 2147483647)))))
        right
        fun (hhi : @LE.le.{0} Int Int.instLEInt z (@OfNat.ofNat.{0} Int (nat_lit 366) (@instOfNat (nat_lit 366))))
          (hs :
            @Eq.{1} Int sample
              (@HAdd.hAdd.{0, 0, 0} Int Int Int (@instHAdd.{0} Int Int.instAdd) (ZeroScalar.floorC mu) z)) =>
        have hc :
          And
            (@LE.le.{0} Int Int.instLEInt
              (@Neg.neg.{0} Int Int.instNegInt
                (@OfNat.ofNat.{0} Int (nat_lit 2147483648) (@instOfNat (nat_lit 2147483648))))
              (ZeroScalar.floorC mu))
            (And
              (@LE.le.{0} Int Int.instLEInt (ZeroScalar.floorC mu)
                (@OfNat.ofNat.{0} Int (nat_lit 2147483647) (@instOfNat (nat_lit 2147483647))))
              (And
                (@LE.le.{0} Int Int.instLEInt
                  (@Neg.neg.{0} Int Int.instNegInt
                    (@OfNat.ofNat.{0} Int (nat_lit 2147483648) (@instOfNat (nat_lit 2147483648))))
                  (@HAdd.hAdd.{0, 0, 0} Int Int Int (@instHAdd.{0} Int Int.instAdd) (ZeroScalar.floorC mu) z))
                (@LE.le.{0} Int Int.instLEInt
                  (@HAdd.hAdd.{0, 0, 0} Int Int Int (@instHAdd.{0} Int Int.instAdd) (ZeroScalar.floorC mu) z)
                  (@OfNat.ofNat.{0} Int (nat_lit 2147483647) (@instOfNat (nat_lit 2147483647)))))) :=
          ZeroScalar.C_INT_BRIDGE mu hm z
            (@And.intro
              (@LE.le.{0} Int Int.instLEInt
                (@Neg.neg.{0} Int Int.instNegInt (@OfNat.ofNat.{0} Int (nat_lit 365) (@instOfNat (nat_lit 365)))) z)
              (@LE.le.{0} Int Int.instLEInt z (@OfNat.ofNat.{0} Int (nat_lit 366) (@instOfNat (nat_lit 366)))) hlo hhi);
        @Eq.mpr.{0}
          (And
            (@LE.le.{0} Int Int.instLEInt
              (@Neg.neg.{0} Int Int.instNegInt
                (@OfNat.ofNat.{0} Int (nat_lit 2147483648) (@instOfNat (nat_lit 2147483648))))
              sample)
            (@LE.le.{0} Int Int.instLEInt sample
              (@OfNat.ofNat.{0} Int (nat_lit 2147483647) (@instOfNat (nat_lit 2147483647)))))
          (And
            (@LE.le.{0} Int Int.instLEInt
              (@Neg.neg.{0} Int Int.instNegInt
                (@OfNat.ofNat.{0} Int (nat_lit 2147483648) (@instOfNat (nat_lit 2147483648))))
              (@HAdd.hAdd.{0, 0, 0} Int Int Int (@instHAdd.{0} Int Int.instAdd) (ZeroScalar.floorC mu) z))
            (@LE.le.{0} Int Int.instLEInt
              (@HAdd.hAdd.{0, 0, 0} Int Int Int (@instHAdd.{0} Int Int.instAdd) (ZeroScalar.floorC mu) z)
              (@OfNat.ofNat.{0} Int (nat_lit 2147483647) (@instOfNat (nat_lit 2147483647)))))
          (@id.{0}
            (@Eq.{1} Prop
              (And
                (@LE.le.{0} Int Int.instLEInt
                  (@Neg.neg.{0} Int Int.instNegInt
                    (@OfNat.ofNat.{0} Int (nat_lit 2147483648) (@instOfNat (nat_lit 2147483648))))
                  sample)
                (@LE.le.{0} Int Int.instLEInt sample
                  (@OfNat.ofNat.{0} Int (nat_lit 2147483647) (@instOfNat (nat_lit 2147483647)))))
              (And
                (@LE.le.{0} Int Int.instLEInt
                  (@Neg.neg.{0} Int Int.instNegInt
                    (@OfNat.ofNat.{0} Int (nat_lit 2147483648) (@instOfNat (nat_lit 2147483648))))
                  (@HAdd.hAdd.{0, 0, 0} Int Int Int (@instHAdd.{0} Int Int.instAdd) (ZeroScalar.floorC mu) z))
                (@LE.le.{0} Int Int.instLEInt
                  (@HAdd.hAdd.{0, 0, 0} Int Int Int (@instHAdd.{0} Int Int.instAdd) (ZeroScalar.floorC mu) z)
                  (@OfNat.ofNat.{0} Int (nat_lit 2147483647) (@instOfNat (nat_lit 2147483647))))))
            (@congrArg.{1, 1} Int Prop sample
              (@HAdd.hAdd.{0, 0, 0} Int Int Int (@instHAdd.{0} Int Int.instAdd) (ZeroScalar.floorC mu) z)
              (fun (_a : Int) =>
                And
                  (@LE.le.{0} Int Int.instLEInt
                    (@Neg.neg.{0} Int Int.instNegInt
                      (@OfNat.ofNat.{0} Int (nat_lit 2147483648) (@instOfNat (nat_lit 2147483648))))
                    _a)
                  (@LE.le.{0} Int Int.instLEInt _a
                    (@OfNat.ofNat.{0} Int (nat_lit 2147483647) (@instOfNat (nat_lit 2147483647)))))
              hs))
          (@And.right
            (@LE.le.{0} Int Int.instLEInt (ZeroScalar.floorC mu)
              (@OfNat.ofNat.{0} Int (nat_lit 2147483647) (@instOfNat (nat_lit 2147483647))))
            (And
              (@LE.le.{0} Int Int.instLEInt
                (@Neg.neg.{0} Int Int.instNegInt
                  (@OfNat.ofNat.{0} Int (nat_lit 2147483648) (@instOfNat (nat_lit 2147483648))))
                (@HAdd.hAdd.{0, 0, 0} Int Int Int (@instHAdd.{0} Int Int.instAdd) (ZeroScalar.floorC mu) z))
              (@LE.le.{0} Int Int.instLEInt
                (@HAdd.hAdd.{0, 0, 0} Int Int Int (@instHAdd.{0} Int Int.instAdd) (ZeroScalar.floorC mu) z)
                (@OfNat.ofNat.{0} Int (nat_lit 2147483647) (@instOfNat (nat_lit 2147483647)))))
            (@And.right
              (@LE.le.{0} Int Int.instLEInt
                (@Neg.neg.{0} Int Int.instNegInt
                  (@OfNat.ofNat.{0} Int (nat_lit 2147483648) (@instOfNat (nat_lit 2147483648))))
                (ZeroScalar.floorC mu))
              (And
                (@LE.le.{0} Int Int.instLEInt (ZeroScalar.floorC mu)
                  (@OfNat.ofNat.{0} Int (nat_lit 2147483647) (@instOfNat (nat_lit 2147483647))))
                (And
                  (@LE.le.{0} Int Int.instLEInt
                    (@Neg.neg.{0} Int Int.instNegInt
                      (@OfNat.ofNat.{0} Int (nat_lit 2147483648) (@instOfNat (nat_lit 2147483648))))
                    (@HAdd.hAdd.{0, 0, 0} Int Int Int (@instHAdd.{0} Int Int.instAdd) (ZeroScalar.floorC mu) z))
                  (@LE.le.{0} Int Int.instLEInt
                    (@HAdd.hAdd.{0, 0, 0} Int Int Int (@instHAdd.{0} Int Int.instAdd) (ZeroScalar.floorC mu) z)
                    (@OfNat.ofNat.{0} Int (nat_lit 2147483647) (@instOfNat (nat_lit 2147483647))))))
              hc))
OrderedReach.normal_residual_after_center : ∀ (mu : ZeroScalar.Word) (hm : ZeroScalar.NumericCenter mu)
  (sample residual : Int) (h : OrderedReach.normalResult mu sample)
  (source_error :
    H3Range.Between
      (@HSub.hSub.{0, 0, 0} Int Int Int (@instHSub.{0} Int Int.instSub) residual
        (@HSub.hSub.{0, 0, 0} Int Int Int (@instHSub.{0} Int Int.instSub) (ZeroScalar.valueNum mu)
          (@HMul.hMul.{0, 0, 0} Int Int Int (@instHMul.{0} Int Int.instMul) ZeroScalar.D sample)))
      ZeroScalar.Eunits),
  H3Range.Between residual
    (@HAdd.hAdd.{0, 0, 0} Int Int Int (@instHAdd.{0} Int Int.instAdd)
      (@HMul.hMul.{0, 0, 0} Int Int Int (@instHMul.{0} Int Int.instMul)
        (@OfNat.ofNat.{0} Int (nat_lit 366) (@instOfNat (nat_lit 366))) ZeroScalar.D)
      ZeroScalar.Eunits)
theorem OrderedReach.normal_residual_after_center : ∀ (mu : ZeroScalar.Word) (hm : ZeroScalar.NumericCenter mu)
  (sample residual : Int) (h : OrderedReach.normalResult mu sample)
  (source_error :
    H3Range.Between
      (@HSub.hSub.{0, 0, 0} Int Int Int (@instHSub.{0} Int Int.instSub) residual
        (@HSub.hSub.{0, 0, 0} Int Int Int (@instHSub.{0} Int Int.instSub) (ZeroScalar.valueNum mu)
          (@HMul.hMul.{0, 0, 0} Int Int Int (@instHMul.{0} Int Int.instMul) ZeroScalar.D sample)))
      ZeroScalar.Eunits),
  H3Range.Between residual
    (@HAdd.hAdd.{0, 0, 0} Int Int Int (@instHAdd.{0} Int Int.instAdd)
      (@HMul.hMul.{0, 0, 0} Int Int Int (@instHMul.{0} Int Int.instMul)
        (@OfNat.ofNat.{0} Int (nat_lit 366) (@instOfNat (nat_lit 366))) ZeroScalar.D)
      ZeroScalar.Eunits) :=
fun (mu : ZeroScalar.Word) (hm : ZeroScalar.NumericCenter mu) (sample residual : Int)
    (h : OrderedReach.normalResult mu sample)
    (source_error :
      H3Range.Between
        (@HSub.hSub.{0, 0, 0} Int Int Int (@instHSub.{0} Int Int.instSub) residual
          (@HSub.hSub.{0, 0, 0} Int Int Int (@instHSub.{0} Int Int.instSub) (ZeroScalar.valueNum mu)
            (@HMul.hMul.{0, 0, 0} Int Int Int (@instHMul.{0} Int Int.instMul) ZeroScalar.D sample)))
        ZeroScalar.Eunits) =>
  @Exists.casesOn.{1} Int
    (fun (z : Int) =>
      And
        (@LE.le.{0} Int Int.instLEInt
          (@Neg.neg.{0} Int Int.instNegInt (@OfNat.ofNat.{0} Int (nat_lit 365) (@instOfNat (nat_lit 365)))) z)
        (And (@LE.le.{0} Int Int.instLEInt z (@OfNat.ofNat.{0} Int (nat_lit 366) (@instOfNat (nat_lit 366))))
          (@Eq.{1} Int sample
            (@HAdd.hAdd.{0, 0, 0} Int Int Int (@instHAdd.{0} Int Int.instAdd) (ZeroScalar.floorC mu) z))))
    (fun (x : OrderedReach.normalResult mu sample) =>
      H3Range.Between residual
        (@HAdd.hAdd.{0, 0, 0} Int Int Int (@instHAdd.{0} Int Int.instAdd)
          (@HMul.hMul.{0, 0, 0} Int Int Int (@instHMul.{0} Int Int.instMul)
            (@OfNat.ofNat.{0} Int (nat_lit 366) (@instOfNat (nat_lit 366))) ZeroScalar.D)
          ZeroScalar.Eunits))
    h
    fun (z : Int)
      (h :
        And
          (@LE.le.{0} Int Int.instLEInt
            (@Neg.neg.{0} Int Int.instNegInt (@OfNat.ofNat.{0} Int (nat_lit 365) (@instOfNat (nat_lit 365)))) z)
          (And (@LE.le.{0} Int Int.instLEInt z (@OfNat.ofNat.{0} Int (nat_lit 366) (@instOfNat (nat_lit 366))))
            (@Eq.{1} Int sample
              (@HAdd.hAdd.{0, 0, 0} Int Int Int (@instHAdd.{0} Int Int.instAdd) (ZeroScalar.floorC mu) z)))) =>
    @And.casesOn.{0}
      (@LE.le.{0} Int Int.instLEInt
        (@Neg.neg.{0} Int Int.instNegInt (@OfNat.ofNat.{0} Int (nat_lit 365) (@instOfNat (nat_lit 365)))) z)
      (And (@LE.le.{0} Int Int.instLEInt z (@OfNat.ofNat.{0} Int (nat_lit 366) (@instOfNat (nat_lit 366))))
        (@Eq.{1} Int sample
          (@HAdd.hAdd.{0, 0, 0} Int Int Int (@instHAdd.{0} Int Int.instAdd) (ZeroScalar.floorC mu) z)))
      (fun
          (x :
            And
              (@LE.le.{0} Int Int.instLEInt
                (@Neg.neg.{0} Int Int.instNegInt (@OfNat.ofNat.{0} Int (nat_lit 365) (@instOfNat (nat_lit 365)))) z)
              (And (@LE.le.{0} Int Int.instLEInt z (@OfNat.ofNat.{0} Int (nat_lit 366) (@instOfNat (nat_lit 366))))
                (@Eq.{1} Int sample
                  (@HAdd.hAdd.{0, 0, 0} Int Int Int (@instHAdd.{0} Int Int.instAdd) (ZeroScalar.floorC mu) z)))) =>
        H3Range.Between residual
          (@HAdd.hAdd.{0, 0, 0} Int Int Int (@instHAdd.{0} Int Int.instAdd)
            (@HMul.hMul.{0, 0, 0} Int Int Int (@instHMul.{0} Int Int.instMul)
              (@OfNat.ofNat.{0} Int (nat_lit 366) (@instOfNat (nat_lit 366))) ZeroScalar.D)
            ZeroScalar.Eunits))
      h
      fun
        (hlo :
          @LE.le.{0} Int Int.instLEInt
            (@Neg.neg.{0} Int Int.instNegInt (@OfNat.ofNat.{0} Int (nat_lit 365) (@instOfNat (nat_lit 365)))) z)
        (right :
          And (@LE.le.{0} Int Int.instLEInt z (@OfNat.ofNat.{0} Int (nat_lit 366) (@instOfNat (nat_lit 366))))
            (@Eq.{1} Int sample
              (@HAdd.hAdd.{0, 0, 0} Int Int Int (@instHAdd.{0} Int Int.instAdd) (ZeroScalar.floorC mu) z))) =>
      @And.casesOn.{0} (@LE.le.{0} Int Int.instLEInt z (@OfNat.ofNat.{0} Int (nat_lit 366) (@instOfNat (nat_lit 366))))
        (@Eq.{1} Int sample (@HAdd.hAdd.{0, 0, 0} Int Int Int (@instHAdd.{0} Int Int.instAdd) (ZeroScalar.floorC mu) z))
        (fun
            (x :
              And (@LE.le.{0} Int Int.instLEInt z (@OfNat.ofNat.{0} Int (nat_lit 366) (@instOfNat (nat_lit 366))))
                (@Eq.{1} Int sample
                  (@HAdd.hAdd.{0, 0, 0} Int Int Int (@instHAdd.{0} Int Int.instAdd) (ZeroScalar.floorC mu) z))) =>
          H3Range.Between residual
            (@HAdd.hAdd.{0, 0, 0} Int Int Int (@instHAdd.{0} Int Int.instAdd)
              (@HMul.hMul.{0, 0, 0} Int Int Int (@instHMul.{0} Int Int.instMul)
                (@OfNat.ofNat.{0} Int (nat_lit 366) (@instOfNat (nat_lit 366))) ZeroScalar.D)
              ZeroScalar.Eunits))
        right
        fun (hhi : @LE.le.{0} Int Int.instLEInt z (@OfNat.ofNat.{0} Int (nat_lit 366) (@instOfNat (nat_lit 366))))
          (hs :
            @Eq.{1} Int sample
              (@HAdd.hAdd.{0, 0, 0} Int Int Int (@instHAdd.{0} Int Int.instAdd) (ZeroScalar.floorC mu) z)) =>
        ZeroScalar.MACHINE_RESIDUAL_366 mu hm z residual
          (@And.intro
            (@LE.le.{0} Int Int.instLEInt
              (@Neg.neg.{0} Int Int.instNegInt (@OfNat.ofNat.{0} Int (nat_lit 365) (@instOfNat (nat_lit 365)))) z)
            (@LE.le.{0} Int Int.instLEInt z (@OfNat.ofNat.{0} Int (nat_lit 366) (@instOfNat (nat_lit 366)))) hlo hhi)
          (@Eq.mp.{0}
            (H3Range.Between
              (@HSub.hSub.{0, 0, 0} Int Int Int (@instHSub.{0} Int Int.instSub) residual
                (@HSub.hSub.{0, 0, 0} Int Int Int (@instHSub.{0} Int Int.instSub) (ZeroScalar.valueNum mu)
                  (@HMul.hMul.{0, 0, 0} Int Int Int (@instHMul.{0} Int Int.instMul) ZeroScalar.D sample)))
              ZeroScalar.Eunits)
            (H3Range.Between
              (@HSub.hSub.{0, 0, 0} Int Int Int (@instHSub.{0} Int Int.instSub) residual
                (@HSub.hSub.{0, 0, 0} Int Int Int (@instHSub.{0} Int Int.instSub) (ZeroScalar.valueNum mu)
                  (@HMul.hMul.{0, 0, 0} Int Int Int (@instHMul.{0} Int Int.instMul) ZeroScalar.D
                    (@HAdd.hAdd.{0, 0, 0} Int Int Int (@instHAdd.{0} Int Int.instAdd) (ZeroScalar.floorC mu) z))))
              ZeroScalar.Eunits)
            (@congrArg.{1, 1} Int Prop sample
              (@HAdd.hAdd.{0, 0, 0} Int Int Int (@instHAdd.{0} Int Int.instAdd) (ZeroScalar.floorC mu) z)
              (fun (_a : Int) =>
                H3Range.Between
                  (@HSub.hSub.{0, 0, 0} Int Int Int (@instHSub.{0} Int Int.instSub) residual
                    (@HSub.hSub.{0, 0, 0} Int Int Int (@instHSub.{0} Int Int.instSub) (ZeroScalar.valueNum mu)
                      (@HMul.hMul.{0, 0, 0} Int Int Int (@instHMul.{0} Int Int.instMul) ZeroScalar.D _a)))
                  ZeroScalar.Eunits)
              hs)
            source_error)
OrderedReach.fault_zero_is_not_close : @GT.gt.{0} Int Int.instLTInt
  (@OfNat.ofNat.{0} Int (nat_lit 10000000) (@instOfNat (nat_lit 10000000)))
  (@HAdd.hAdd.{0, 0, 0} Int Int Int (@instHAdd.{0} Int Int.instAdd)
    (@OfNat.ofNat.{0} Int (nat_lit 366) (@instOfNat (nat_lit 366)))
    (@OfNat.ofNat.{0} Int (nat_lit 1) (@instOfNat (nat_lit 1))))
theorem OrderedReach.fault_zero_is_not_close : @GT.gt.{0} Int Int.instLTInt
  (@OfNat.ofNat.{0} Int (nat_lit 10000000) (@instOfNat (nat_lit 10000000)))
  (@HAdd.hAdd.{0, 0, 0} Int Int Int (@instHAdd.{0} Int Int.instAdd)
    (@OfNat.ofNat.{0} Int (nat_lit 366) (@instOfNat (nat_lit 366)))
    (@OfNat.ofNat.{0} Int (nat_lit 1) (@instOfNat (nat_lit 1)))) :=
@of_decide_eq_true
  (@GT.gt.{0} Int Int.instLTInt (@OfNat.ofNat.{0} Int (nat_lit 10000000) (@instOfNat (nat_lit 10000000)))
    (@HAdd.hAdd.{0, 0, 0} Int Int Int (@instHAdd.{0} Int Int.instAdd)
      (@OfNat.ofNat.{0} Int (nat_lit 366) (@instOfNat (nat_lit 366)))
      (@OfNat.ofNat.{0} Int (nat_lit 1) (@instOfNat (nat_lit 1)))))
  (Int.decLt
    (@HAdd.hAdd.{0, 0, 0} Int Int Int (@instHAdd.{0} Int Int.instAdd)
      (@OfNat.ofNat.{0} Int (nat_lit 366) (@instOfNat (nat_lit 366)))
      (@OfNat.ofNat.{0} Int (nat_lit 1) (@instOfNat (nat_lit 1))))
    (@OfNat.ofNat.{0} Int (nat_lit 10000000) (@instOfNat (nat_lit 10000000))))
  (@id.{0}
    (@Eq.{1} Bool
      (@Decidable.decide
        (@GT.gt.{0} Int Int.instLTInt (@OfNat.ofNat.{0} Int (nat_lit 10000000) (@instOfNat (nat_lit 10000000)))
          (@HAdd.hAdd.{0, 0, 0} Int Int Int (@instHAdd.{0} Int Int.instAdd)
            (@OfNat.ofNat.{0} Int (nat_lit 366) (@instOfNat (nat_lit 366)))
            (@OfNat.ofNat.{0} Int (nat_lit 1) (@instOfNat (nat_lit 1)))))
        (Int.decLt
          (@HAdd.hAdd.{0, 0, 0} Int Int Int (@instHAdd.{0} Int Int.instAdd)
            (@OfNat.ofNat.{0} Int (nat_lit 366) (@instOfNat (nat_lit 366)))
            (@OfNat.ofNat.{0} Int (nat_lit 1) (@instOfNat (nat_lit 1))))
          (@OfNat.ofNat.{0} Int (nat_lit 10000000) (@instOfNat (nat_lit 10000000)))))
      Bool.true)
    (@Eq.refl.{1} Bool Bool.true))
OrderedReach.normal_zero_distinct_tag : @Ne.{1} OrderedReach.Outcome
  (OrderedReach.Outcome.normal (@OfNat.ofNat.{0} Int (nat_lit 0) (@instOfNat (nat_lit 0)))) OrderedReach.Outcome.fault
theorem OrderedReach.normal_zero_distinct_tag : @Ne.{1} OrderedReach.Outcome
  (OrderedReach.Outcome.normal (@OfNat.ofNat.{0} Int (nat_lit 0) (@instOfNat (nat_lit 0))))
  OrderedReach.Outcome.fault :=
fun
    (h :
      @Eq.{1} OrderedReach.Outcome
        (OrderedReach.Outcome.normal (@OfNat.ofNat.{0} Int (nat_lit 0) (@instOfNat (nat_lit 0))))
        OrderedReach.Outcome.fault) =>
  @Eq.casesOn.{0, 1} OrderedReach.Outcome
    (OrderedReach.Outcome.normal (@OfNat.ofNat.{0} Int (nat_lit 0) (@instOfNat (nat_lit 0))))
    (fun (a : OrderedReach.Outcome)
        (t :
          @Eq.{1} OrderedReach.Outcome
            (OrderedReach.Outcome.normal (@OfNat.ofNat.{0} Int (nat_lit 0) (@instOfNat (nat_lit 0)))) a) =>
      ∀ (h_1 : @Eq.{1} OrderedReach.Outcome OrderedReach.Outcome.fault a)
        (h :
          @HEq.{0}
            (@Eq.{1} OrderedReach.Outcome
              (OrderedReach.Outcome.normal (@OfNat.ofNat.{0} Int (nat_lit 0) (@instOfNat (nat_lit 0))))
              OrderedReach.Outcome.fault)
            h
            (@Eq.{1} OrderedReach.Outcome
              (OrderedReach.Outcome.normal (@OfNat.ofNat.{0} Int (nat_lit 0) (@instOfNat (nat_lit 0)))) a)
            t),
        False)
    OrderedReach.Outcome.fault h
    (fun
        (h_1 :
          @Eq.{1} OrderedReach.Outcome OrderedReach.Outcome.fault
            (OrderedReach.Outcome.normal (@OfNat.ofNat.{0} Int (nat_lit 0) (@instOfNat (nat_lit 0))))) =>
      @False.elim.{0}
        (∀
          (h :
            @HEq.{0}
              (@Eq.{1} OrderedReach.Outcome
                (OrderedReach.Outcome.normal (@OfNat.ofNat.{0} Int (nat_lit 0) (@instOfNat (nat_lit 0))))
                OrderedReach.Outcome.fault)
              h
              (@Eq.{1} OrderedReach.Outcome
                (OrderedReach.Outcome.normal (@OfNat.ofNat.{0} Int (nat_lit 0) (@instOfNat (nat_lit 0))))
                (OrderedReach.Outcome.normal (@OfNat.ofNat.{0} Int (nat_lit 0) (@instOfNat (nat_lit 0)))))
              (@Eq.refl.{1} OrderedReach.Outcome
                (OrderedReach.Outcome.normal (@OfNat.ofNat.{0} Int (nat_lit 0) (@instOfNat (nat_lit 0)))))),
          False)
        (@noConfusion_of_Nat.{1} OrderedReach.Outcome OrderedReach.Outcome.ctorIdx OrderedReach.Outcome.fault
          (OrderedReach.Outcome.normal (@OfNat.ofNat.{0} Int (nat_lit 0) (@instOfNat (nat_lit 0)))) h_1))
    (@Eq.refl.{1} OrderedReach.Outcome OrderedReach.Outcome.fault)
    (@HEq.refl.{0}
      (@Eq.{1} OrderedReach.Outcome
        (OrderedReach.Outcome.normal (@OfNat.ofNat.{0} Int (nat_lit 0) (@instOfNat (nat_lit 0))))
        OrderedReach.Outcome.fault)
      h)
@OrderedReach.rejection_no_return : ∀ {M : Type} (normal fault : M → Int → M) (m : M),
  @Eq.{1} (Option.{0} M) (@OrderedReach.callerStep M normal fault m OrderedReach.Outcome.stutter) (@Option.none.{0} M)
theorem OrderedReach.rejection_no_return : ∀ {M : Type} (normal fault : M → Int → M) (m : M),
  @Eq.{1} (Option.{0} M) (@OrderedReach.callerStep M normal fault m OrderedReach.Outcome.stutter)
    (@Option.none.{0} M) :=
fun {M : Type} (normal fault : M → Int → M) (m : M) =>
  @Eq.refl.{1} (Option.{0} M) (@OrderedReach.callerStep M normal fault m OrderedReach.Outcome.stutter)
OrderedReach.shifted_half_bound : ∀ (r h E : Int)
  (hr :
    And
      (@LE.le.{0} Int Int.instLEInt
        (@Neg.neg.{0} Int Int.instNegInt (@OfNat.ofNat.{0} Int (nat_lit 367) (@instOfNat (nat_lit 367)))) r)
      (@LE.le.{0} Int Int.instLEInt r (@OfNat.ofNat.{0} Int (nat_lit 367) (@instOfNat (nat_lit 367)))))
  (he :
    And
      (@LE.le.{0} Int Int.instLEInt (@Neg.neg.{0} Int Int.instNegInt E)
        (@HSub.hSub.{0, 0, 0} Int Int Int (@instHSub.{0} Int Int.instSub)
          (@HMul.hMul.{0, 0, 0} Int Int Int (@instHMul.{0} Int Int.instMul)
            (@OfNat.ofNat.{0} Int (nat_lit 2) (@instOfNat (nat_lit 2))) h)
          r))
      (@LE.le.{0} Int Int.instLEInt
        (@HSub.hSub.{0, 0, 0} Int Int Int (@instHSub.{0} Int Int.instSub)
          (@HMul.hMul.{0, 0, 0} Int Int Int (@instHMul.{0} Int Int.instMul)
            (@OfNat.ofNat.{0} Int (nat_lit 2) (@instOfNat (nat_lit 2))) h)
          r)
        E))
  (hE :
    And (@LE.le.{0} Int Int.instLEInt (@OfNat.ofNat.{0} Int (nat_lit 0) (@instOfNat (nat_lit 0))) E)
      (@LE.le.{0} Int Int.instLEInt E (@OfNat.ofNat.{0} Int (nat_lit 1) (@instOfNat (nat_lit 1))))),
  And
    (@LE.le.{0} Int Int.instLEInt
      (@Neg.neg.{0} Int Int.instNegInt (@OfNat.ofNat.{0} Int (nat_lit 184) (@instOfNat (nat_lit 184)))) h)
    (@LE.le.{0} Int Int.instLEInt h (@OfNat.ofNat.{0} Int (nat_lit 184) (@instOfNat (nat_lit 184))))
theorem OrderedReach.shifted_half_bound : ∀ (r h E : Int)
  (hr :
    And
      (@LE.le.{0} Int Int.instLEInt
        (@Neg.neg.{0} Int Int.instNegInt (@OfNat.ofNat.{0} Int (nat_lit 367) (@instOfNat (nat_lit 367)))) r)
      (@LE.le.{0} Int Int.instLEInt r (@OfNat.ofNat.{0} Int (nat_lit 367) (@instOfNat (nat_lit 367)))))
  (he :
    And
      (@LE.le.{0} Int Int.instLEInt (@Neg.neg.{0} Int Int.instNegInt E)
        (@HSub.hSub.{0, 0, 0} Int Int Int (@instHSub.{0} Int Int.instSub)
          (@HMul.hMul.{0, 0, 0} Int Int Int (@instHMul.{0} Int Int.instMul)
            (@OfNat.ofNat.{0} Int (nat_lit 2) (@instOfNat (nat_lit 2))) h)
          r))
      (@LE.le.{0} Int Int.instLEInt
        (@HSub.hSub.{0, 0, 0} Int Int Int (@instHSub.{0} Int Int.instSub)
          (@HMul.hMul.{0, 0, 0} Int Int Int (@instHMul.{0} Int Int.instMul)
            (@OfNat.ofNat.{0} Int (nat_lit 2) (@instOfNat (nat_lit 2))) h)
          r)
        E))
  (hE :
    And (@LE.le.{0} Int Int.instLEInt (@OfNat.ofNat.{0} Int (nat_lit 0) (@instOfNat (nat_lit 0))) E)
      (@LE.le.{0} Int Int.instLEInt E (@OfNat.ofNat.{0} Int (nat_lit 1) (@instOfNat (nat_lit 1))))),
  And
    (@LE.le.{0} Int Int.instLEInt
      (@Neg.neg.{0} Int Int.instNegInt (@OfNat.ofNat.{0} Int (nat_lit 184) (@instOfNat (nat_lit 184)))) h)
    (@LE.le.{0} Int Int.instLEInt h (@OfNat.ofNat.{0} Int (nat_lit 184) (@instOfNat (nat_lit 184)))) :=
fun (r h E : Int)
    (hr :
      And
        (@LE.le.{0} Int Int.instLEInt
          (@Neg.neg.{0} Int Int.instNegInt (@OfNat.ofNat.{0} Int (nat_lit 367) (@instOfNat (nat_lit 367)))) r)
        (@LE.le.{0} Int Int.instLEInt r (@OfNat.ofNat.{0} Int (nat_lit 367) (@instOfNat (nat_lit 367)))))
    (he :
      And
        (@LE.le.{0} Int Int.instLEInt (@Neg.neg.{0} Int Int.instNegInt E)
          (@HSub.hSub.{0, 0, 0} Int Int Int (@instHSub.{0} Int Int.instSub)
            (@HMul.hMul.{0, 0, 0} Int Int Int (@instHMul.{0} Int Int.instMul)
              (@OfNat.ofNat.{0} Int (nat_lit 2) (@instOfNat (nat_lit 2))) h)
            r))
        (@LE.le.{0} Int Int.instLEInt
          (@HSub.hSub.{0, 0, 0} Int Int Int (@instHSub.{0} Int Int.instSub)
            (@HMul.hMul.{0, 0, 0} Int Int Int (@instHMul.{0} Int Int.instMul)
              (@OfNat.ofNat.{0} Int (nat_lit 2) (@instOfNat (nat_lit 2))) h)
            r)
          E))
    (hE :
      And (@LE.le.{0} Int Int.instLEInt (@OfNat.ofNat.{0} Int (nat_lit 0) (@instOfNat (nat_lit 0))) E)
        (@LE.le.{0} Int Int.instLEInt E (@OfNat.ofNat.{0} Int (nat_lit 1) (@instOfNat (nat_lit 1))))) =>
  @Decidable.byContradiction
    (And
      (@LE.le.{0} Int Int.instLEInt
        (@Neg.neg.{0} Int Int.instNegInt (@OfNat.ofNat.{0} Int (nat_lit 184) (@instOfNat (nat_lit 184)))) h)
      (@LE.le.{0} Int Int.instLEInt h (@OfNat.ofNat.{0} Int (nat_lit 184) (@instOfNat (nat_lit 184)))))
    (@instDecidableAnd
      (@LE.le.{0} Int Int.instLEInt
        (@Neg.neg.{0} Int Int.instNegInt (@OfNat.ofNat.{0} Int (nat_lit 184) (@instOfNat (nat_lit 184)))) h)
      (@LE.le.{0} Int Int.instLEInt h (@OfNat.ofNat.{0} Int (nat_lit 184) (@instOfNat (nat_lit 184))))
      (Int.decLe (@Neg.neg.{0} Int Int.instNegInt (@OfNat.ofNat.{0} Int (nat_lit 184) (@instOfNat (nat_lit 184)))) h)
      (Int.decLe h (@OfNat.ofNat.{0} Int (nat_lit 184) (@instOfNat (nat_lit 184)))))
    fun
      (a :
        Not
          (And
            (@LE.le.{0} Int Int.instLEInt
              (@Neg.neg.{0} Int Int.instNegInt (@OfNat.ofNat.{0} Int (nat_lit 184) (@instOfNat (nat_lit 184)))) h)
            (@LE.le.{0} Int Int.instLEInt h (@OfNat.ofNat.{0} Int (nat_lit 184) (@instOfNat (nat_lit 184)))))) =>
    OrderedReach.shifted_half_bound._proof_1_1 r h E hr he hE a
OrderedReach.next_center_needs_update : ∀ (a h e mu A : Int)
  (ha : And (@LE.le.{0} Int Int.instLEInt (@Neg.neg.{0} Int Int.instNegInt A) a) (@LE.le.{0} Int Int.instLEInt a A))
  (hh :
    And
      (@LE.le.{0} Int Int.instLEInt
        (@Neg.neg.{0} Int Int.instNegInt (@OfNat.ofNat.{0} Int (nat_lit 184) (@instOfNat (nat_lit 184)))) h)
      (@LE.le.{0} Int Int.instLEInt h (@OfNat.ofNat.{0} Int (nat_lit 184) (@instOfNat (nat_lit 184)))))
  (he :
    And
      (@LE.le.{0} Int Int.instLEInt
        (@Neg.neg.{0} Int Int.instNegInt (@OfNat.ofNat.{0} Int (nat_lit 1) (@instOfNat (nat_lit 1)))) e)
      (@LE.le.{0} Int Int.instLEInt e (@OfNat.ofNat.{0} Int (nat_lit 1) (@instOfNat (nat_lit 1)))))
  (hm :
    @Eq.{1} Int mu
      (@HAdd.hAdd.{0, 0, 0} Int Int Int (@instHAdd.{0} Int Int.instAdd)
        (@HAdd.hAdd.{0, 0, 0} Int Int Int (@instHAdd.{0} Int Int.instAdd) a h) e)),
  And
    (@LE.le.{0} Int Int.instLEInt
      (@Neg.neg.{0} Int Int.instNegInt
        (@HAdd.hAdd.{0, 0, 0} Int Int Int (@instHAdd.{0} Int Int.instAdd) A
          (@OfNat.ofNat.{0} Int (nat_lit 185) (@instOfNat (nat_lit 185)))))
      mu)
    (@LE.le.{0} Int Int.instLEInt mu
      (@HAdd.hAdd.{0, 0, 0} Int Int Int (@instHAdd.{0} Int Int.instAdd) A
        (@OfNat.ofNat.{0} Int (nat_lit 185) (@instOfNat (nat_lit 185)))))
theorem OrderedReach.next_center_needs_update : ∀ (a h e mu A : Int)
  (ha : And (@LE.le.{0} Int Int.instLEInt (@Neg.neg.{0} Int Int.instNegInt A) a) (@LE.le.{0} Int Int.instLEInt a A))
  (hh :
    And
      (@LE.le.{0} Int Int.instLEInt
        (@Neg.neg.{0} Int Int.instNegInt (@OfNat.ofNat.{0} Int (nat_lit 184) (@instOfNat (nat_lit 184)))) h)
      (@LE.le.{0} Int Int.instLEInt h (@OfNat.ofNat.{0} Int (nat_lit 184) (@instOfNat (nat_lit 184)))))
  (he :
    And
      (@LE.le.{0} Int Int.instLEInt
        (@Neg.neg.{0} Int Int.instNegInt (@OfNat.ofNat.{0} Int (nat_lit 1) (@instOfNat (nat_lit 1)))) e)
      (@LE.le.{0} Int Int.instLEInt e (@OfNat.ofNat.{0} Int (nat_lit 1) (@instOfNat (nat_lit 1)))))
  (hm :
    @Eq.{1} Int mu
      (@HAdd.hAdd.{0, 0, 0} Int Int Int (@instHAdd.{0} Int Int.instAdd)
        (@HAdd.hAdd.{0, 0, 0} Int Int Int (@instHAdd.{0} Int Int.instAdd) a h) e)),
  And
    (@LE.le.{0} Int Int.instLEInt
      (@Neg.neg.{0} Int Int.instNegInt
        (@HAdd.hAdd.{0, 0, 0} Int Int Int (@instHAdd.{0} Int Int.instAdd) A
          (@OfNat.ofNat.{0} Int (nat_lit 185) (@instOfNat (nat_lit 185)))))
      mu)
    (@LE.le.{0} Int Int.instLEInt mu
      (@HAdd.hAdd.{0, 0, 0} Int Int Int (@instHAdd.{0} Int Int.instAdd) A
        (@OfNat.ofNat.{0} Int (nat_lit 185) (@instOfNat (nat_lit 185))))) :=
fun (a h e mu A : Int)
    (ha : And (@LE.le.{0} Int Int.instLEInt (@Neg.neg.{0} Int Int.instNegInt A) a) (@LE.le.{0} Int Int.instLEInt a A))
    (hh :
      And
        (@LE.le.{0} Int Int.instLEInt
          (@Neg.neg.{0} Int Int.instNegInt (@OfNat.ofNat.{0} Int (nat_lit 184) (@instOfNat (nat_lit 184)))) h)
        (@LE.le.{0} Int Int.instLEInt h (@OfNat.ofNat.{0} Int (nat_lit 184) (@instOfNat (nat_lit 184)))))
    (he :
      And
        (@LE.le.{0} Int Int.instLEInt
          (@Neg.neg.{0} Int Int.instNegInt (@OfNat.ofNat.{0} Int (nat_lit 1) (@instOfNat (nat_lit 1)))) e)
        (@LE.le.{0} Int Int.instLEInt e (@OfNat.ofNat.{0} Int (nat_lit 1) (@instOfNat (nat_lit 1)))))
    (hm :
      @Eq.{1} Int mu
        (@HAdd.hAdd.{0, 0, 0} Int Int Int (@instHAdd.{0} Int Int.instAdd)
          (@HAdd.hAdd.{0, 0, 0} Int Int Int (@instHAdd.{0} Int Int.instAdd) a h) e)) =>
  @Decidable.byContradiction
    (And
      (@LE.le.{0} Int Int.instLEInt
        (@Neg.neg.{0} Int Int.instNegInt
          (@HAdd.hAdd.{0, 0, 0} Int Int Int (@instHAdd.{0} Int Int.instAdd) A
            (@OfNat.ofNat.{0} Int (nat_lit 185) (@instOfNat (nat_lit 185)))))
        mu)
      (@LE.le.{0} Int Int.instLEInt mu
        (@HAdd.hAdd.{0, 0, 0} Int Int Int (@instHAdd.{0} Int Int.instAdd) A
          (@OfNat.ofNat.{0} Int (nat_lit 185) (@instOfNat (nat_lit 185))))))
    (@instDecidableAnd
      (@LE.le.{0} Int Int.instLEInt
        (@Neg.neg.{0} Int Int.instNegInt
          (@HAdd.hAdd.{0, 0, 0} Int Int Int (@instHAdd.{0} Int Int.instAdd) A
            (@OfNat.ofNat.{0} Int (nat_lit 185) (@instOfNat (nat_lit 185)))))
        mu)
      (@LE.le.{0} Int Int.instLEInt mu
        (@HAdd.hAdd.{0, 0, 0} Int Int Int (@instHAdd.{0} Int Int.instAdd) A
          (@OfNat.ofNat.{0} Int (nat_lit 185) (@instOfNat (nat_lit 185)))))
      (Int.decLe
        (@Neg.neg.{0} Int Int.instNegInt
          (@HAdd.hAdd.{0, 0, 0} Int Int Int (@instHAdd.{0} Int Int.instAdd) A
            (@OfNat.ofNat.{0} Int (nat_lit 185) (@instOfNat (nat_lit 185)))))
        mu)
      (Int.decLe mu
        (@HAdd.hAdd.{0, 0, 0} Int Int Int (@instHAdd.{0} Int Int.instAdd) A
          (@OfNat.ofNat.{0} Int (nat_lit 185) (@instOfNat (nat_lit 185))))))
    fun
      (a_1 :
        Not
          (And
            (@LE.le.{0} Int Int.instLEInt
              (@Neg.neg.{0} Int Int.instNegInt
                (@HAdd.hAdd.{0, 0, 0} Int Int Int (@instHAdd.{0} Int Int.instAdd) A
                  (@OfNat.ofNat.{0} Int (nat_lit 185) (@instOfNat (nat_lit 185)))))
              mu)
            (@LE.le.{0} Int Int.instLEInt mu
              (@HAdd.hAdd.{0, 0, 0} Int Int Int (@instHAdd.{0} Int Int.instAdd) A
                (@OfNat.ofNat.{0} Int (nat_lit 185) (@instOfNat (nat_lit 185))))))) =>
    OrderedReach.next_center_needs_update._proof_1_1 a h e mu A ha hh he hm a_1
OrderedReach.final_residual_after_unshift : ∀ (r h e out : Int)
  (hr :
    And
      (@LE.le.{0} Int Int.instLEInt
        (@Neg.neg.{0} Int Int.instNegInt (@OfNat.ofNat.{0} Int (nat_lit 367) (@instOfNat (nat_lit 367)))) r)
      (@LE.le.{0} Int Int.instLEInt r (@OfNat.ofNat.{0} Int (nat_lit 367) (@instOfNat (nat_lit 367)))))
  (hh :
    And
      (@LE.le.{0} Int Int.instLEInt
        (@Neg.neg.{0} Int Int.instNegInt (@OfNat.ofNat.{0} Int (nat_lit 184) (@instOfNat (nat_lit 184)))) h)
      (@LE.le.{0} Int Int.instLEInt h (@OfNat.ofNat.{0} Int (nat_lit 184) (@instOfNat (nat_lit 184)))))
  (he :
    And
      (@LE.le.{0} Int Int.instLEInt
        (@Neg.neg.{0} Int Int.instNegInt (@OfNat.ofNat.{0} Int (nat_lit 1) (@instOfNat (nat_lit 1)))) e)
      (@LE.le.{0} Int Int.instLEInt e (@OfNat.ofNat.{0} Int (nat_lit 1) (@instOfNat (nat_lit 1)))))
  (ho :
    @Eq.{1} Int out
      (@HAdd.hAdd.{0, 0, 0} Int Int Int (@instHAdd.{0} Int Int.instAdd)
        (@HSub.hSub.{0, 0, 0} Int Int Int (@instHSub.{0} Int Int.instSub) r h) e)),
  And
    (@LE.le.{0} Int Int.instLEInt
      (@Neg.neg.{0} Int Int.instNegInt (@OfNat.ofNat.{0} Int (nat_lit 552) (@instOfNat (nat_lit 552)))) out)
    (@LE.le.{0} Int Int.instLEInt out (@OfNat.ofNat.{0} Int (nat_lit 552) (@instOfNat (nat_lit 552))))
theorem OrderedReach.final_residual_after_unshift : ∀ (r h e out : Int)
  (hr :
    And
      (@LE.le.{0} Int Int.instLEInt
        (@Neg.neg.{0} Int Int.instNegInt (@OfNat.ofNat.{0} Int (nat_lit 367) (@instOfNat (nat_lit 367)))) r)
      (@LE.le.{0} Int Int.instLEInt r (@OfNat.ofNat.{0} Int (nat_lit 367) (@instOfNat (nat_lit 367)))))
  (hh :
    And
      (@LE.le.{0} Int Int.instLEInt
        (@Neg.neg.{0} Int Int.instNegInt (@OfNat.ofNat.{0} Int (nat_lit 184) (@instOfNat (nat_lit 184)))) h)
      (@LE.le.{0} Int Int.instLEInt h (@OfNat.ofNat.{0} Int (nat_lit 184) (@instOfNat (nat_lit 184)))))
  (he :
    And
      (@LE.le.{0} Int Int.instLEInt
        (@Neg.neg.{0} Int Int.instNegInt (@OfNat.ofNat.{0} Int (nat_lit 1) (@instOfNat (nat_lit 1)))) e)
      (@LE.le.{0} Int Int.instLEInt e (@OfNat.ofNat.{0} Int (nat_lit 1) (@instOfNat (nat_lit 1)))))
  (ho :
    @Eq.{1} Int out
      (@HAdd.hAdd.{0, 0, 0} Int Int Int (@instHAdd.{0} Int Int.instAdd)
        (@HSub.hSub.{0, 0, 0} Int Int Int (@instHSub.{0} Int Int.instSub) r h) e)),
  And
    (@LE.le.{0} Int Int.instLEInt
      (@Neg.neg.{0} Int Int.instNegInt (@OfNat.ofNat.{0} Int (nat_lit 552) (@instOfNat (nat_lit 552)))) out)
    (@LE.le.{0} Int Int.instLEInt out (@OfNat.ofNat.{0} Int (nat_lit 552) (@instOfNat (nat_lit 552)))) :=
fun (r h e out : Int)
    (hr :
      And
        (@LE.le.{0} Int Int.instLEInt
          (@Neg.neg.{0} Int Int.instNegInt (@OfNat.ofNat.{0} Int (nat_lit 367) (@instOfNat (nat_lit 367)))) r)
        (@LE.le.{0} Int Int.instLEInt r (@OfNat.ofNat.{0} Int (nat_lit 367) (@instOfNat (nat_lit 367)))))
    (hh :
      And
        (@LE.le.{0} Int Int.instLEInt
          (@Neg.neg.{0} Int Int.instNegInt (@OfNat.ofNat.{0} Int (nat_lit 184) (@instOfNat (nat_lit 184)))) h)
        (@LE.le.{0} Int Int.instLEInt h (@OfNat.ofNat.{0} Int (nat_lit 184) (@instOfNat (nat_lit 184)))))
    (he :
      And
        (@LE.le.{0} Int Int.instLEInt
          (@Neg.neg.{0} Int Int.instNegInt (@OfNat.ofNat.{0} Int (nat_lit 1) (@instOfNat (nat_lit 1)))) e)
        (@LE.le.{0} Int Int.instLEInt e (@OfNat.ofNat.{0} Int (nat_lit 1) (@instOfNat (nat_lit 1)))))
    (ho :
      @Eq.{1} Int out
        (@HAdd.hAdd.{0, 0, 0} Int Int Int (@instHAdd.{0} Int Int.instAdd)
          (@HSub.hSub.{0, 0, 0} Int Int Int (@instHSub.{0} Int Int.instSub) r h) e)) =>
  @Decidable.byContradiction
    (And
      (@LE.le.{0} Int Int.instLEInt
        (@Neg.neg.{0} Int Int.instNegInt (@OfNat.ofNat.{0} Int (nat_lit 552) (@instOfNat (nat_lit 552)))) out)
      (@LE.le.{0} Int Int.instLEInt out (@OfNat.ofNat.{0} Int (nat_lit 552) (@instOfNat (nat_lit 552)))))
    (@instDecidableAnd
      (@LE.le.{0} Int Int.instLEInt
        (@Neg.neg.{0} Int Int.instNegInt (@OfNat.ofNat.{0} Int (nat_lit 552) (@instOfNat (nat_lit 552)))) out)
      (@LE.le.{0} Int Int.instLEInt out (@OfNat.ofNat.{0} Int (nat_lit 552) (@instOfNat (nat_lit 552))))
      (Int.decLe (@Neg.neg.{0} Int Int.instNegInt (@OfNat.ofNat.{0} Int (nat_lit 552) (@instOfNat (nat_lit 552)))) out)
      (Int.decLe out (@OfNat.ofNat.{0} Int (nat_lit 552) (@instOfNat (nat_lit 552)))))
    fun
      (a :
        Not
          (And
            (@LE.le.{0} Int Int.instLEInt
              (@Neg.neg.{0} Int Int.instNegInt (@OfNat.ofNat.{0} Int (nat_lit 552) (@instOfNat (nat_lit 552)))) out)
            (@LE.le.{0} Int Int.instLEInt out (@OfNat.ofNat.{0} Int (nat_lit 552) (@instOfNat (nat_lit 552)))))) =>
    OrderedReach.final_residual_after_unshift._proof_1_1 r h e out hr hh he ho a
OrderedReach.right_margin : ∀ (mu : ZeroScalar.Word)
  (finite :
    @LT.lt.{0} Nat instLTNat (ZeroScalar.ex mu) (@OfNat.ofNat.{0} Nat (nat_lit 2047) (instOfNatNat (nat_lit 2047))))
  (range :
    And
      (@LE.le.{0} Int Int.instLEInt
        (@HMul.hMul.{0, 0, 0} Int Int Int (@instHMul.{0} Int Int.instMul)
          (@Neg.neg.{0} Int Int.instNegInt (@OfNat.ofNat.{0} Int (nat_lit 156276714) (@instOfNat (nat_lit 156276714))))
          ZeroScalar.D)
        (ZeroScalar.valueNum mu))
      (@LE.le.{0} Int Int.instLEInt (ZeroScalar.valueNum mu)
        (@HMul.hMul.{0, 0, 0} Int Int Int (@instHMul.{0} Int Int.instMul)
          (@OfNat.ofNat.{0} Int (nat_lit 156276714) (@instOfNat (nat_lit 156276714))) ZeroScalar.D))),
  ZeroScalar.NumericCenter mu
theorem OrderedReach.right_margin : ∀ (mu : ZeroScalar.Word)
  (finite :
    @LT.lt.{0} Nat instLTNat (ZeroScalar.ex mu) (@OfNat.ofNat.{0} Nat (nat_lit 2047) (instOfNatNat (nat_lit 2047))))
  (range :
    And
      (@LE.le.{0} Int Int.instLEInt
        (@HMul.hMul.{0, 0, 0} Int Int Int (@instHMul.{0} Int Int.instMul)
          (@Neg.neg.{0} Int Int.instNegInt (@OfNat.ofNat.{0} Int (nat_lit 156276714) (@instOfNat (nat_lit 156276714))))
          ZeroScalar.D)
        (ZeroScalar.valueNum mu))
      (@LE.le.{0} Int Int.instLEInt (ZeroScalar.valueNum mu)
        (@HMul.hMul.{0, 0, 0} Int Int Int (@instHMul.{0} Int Int.instMul)
          (@OfNat.ofNat.{0} Int (nat_lit 156276714) (@instOfNat (nat_lit 156276714))) ZeroScalar.D))),
  ZeroScalar.NumericCenter mu :=
fun (mu : ZeroScalar.Word)
    (finite :
      @LT.lt.{0} Nat instLTNat (ZeroScalar.ex mu) (@OfNat.ofNat.{0} Nat (nat_lit 2047) (instOfNatNat (nat_lit 2047))))
    (range :
      And
        (@LE.le.{0} Int Int.instLEInt
          (@HMul.hMul.{0, 0, 0} Int Int Int (@instHMul.{0} Int Int.instMul)
            (@Neg.neg.{0} Int Int.instNegInt
              (@OfNat.ofNat.{0} Int (nat_lit 156276714) (@instOfNat (nat_lit 156276714))))
            ZeroScalar.D)
          (ZeroScalar.valueNum mu))
        (@LE.le.{0} Int Int.instLEInt (ZeroScalar.valueNum mu)
          (@HMul.hMul.{0, 0, 0} Int Int Int (@instHMul.{0} Int Int.instMul)
            (@OfNat.ofNat.{0} Int (nat_lit 156276714) (@instOfNat (nat_lit 156276714))) ZeroScalar.D))) =>
  have hd : @LT.lt.{0} Int Int.instLTInt (@OfNat.ofNat.{0} Int (nat_lit 0) (@instOfNat (nat_lit 0))) ZeroScalar.D :=
    ZeroScalar.D_pos;
  @id.{0} (ZeroScalar.NumericCenter mu)
    (@And.intro
      (@LT.lt.{0} Nat instLTNat (ZeroScalar.ex mu) (@OfNat.ofNat.{0} Nat (nat_lit 2047) (instOfNatNat (nat_lit 2047))))
      (And
        (@LE.le.{0} Int Int.instLEInt
          (@HMul.hMul.{0, 0, 0} Int Int Int (@instHMul.{0} Int Int.instMul)
            (@Neg.neg.{0} Int Int.instNegInt
              (@OfNat.ofNat.{0} Int (nat_lit 2147483283) (@instOfNat (nat_lit 2147483283))))
            ZeroScalar.D)
          (ZeroScalar.valueNum mu))
        (@LT.lt.{0} Int Int.instLTInt (ZeroScalar.valueNum mu)
          (@HMul.hMul.{0, 0, 0} Int Int Int (@instHMul.{0} Int Int.instMul)
            (@OfNat.ofNat.{0} Int (nat_lit 2147483282) (@instOfNat (nat_lit 2147483282))) ZeroScalar.D)))
      finite
      (@And.intro
        (@LE.le.{0} Int Int.instLEInt
          (@HMul.hMul.{0, 0, 0} Int Int Int (@instHMul.{0} Int Int.instMul)
            (@Neg.neg.{0} Int Int.instNegInt
              (@OfNat.ofNat.{0} Int (nat_lit 2147483283) (@instOfNat (nat_lit 2147483283))))
            ZeroScalar.D)
          (ZeroScalar.valueNum mu))
        (@LT.lt.{0} Int Int.instLTInt (ZeroScalar.valueNum mu)
          (@HMul.hMul.{0, 0, 0} Int Int Int (@instHMul.{0} Int Int.instMul)
            (@OfNat.ofNat.{0} Int (nat_lit 2147483282) (@instOfNat (nat_lit 2147483282))) ZeroScalar.D))
        (@Decidable.byContradiction
          (@LE.le.{0} Int Int.instLEInt
            (@HMul.hMul.{0, 0, 0} Int Int Int (@instHMul.{0} Int Int.instMul)
              (@Neg.neg.{0} Int Int.instNegInt
                (@OfNat.ofNat.{0} Int (nat_lit 2147483283) (@instOfNat (nat_lit 2147483283))))
              ZeroScalar.D)
            (ZeroScalar.valueNum mu))
          (Int.decLe
            (@HMul.hMul.{0, 0, 0} Int Int Int (@instHMul.{0} Int Int.instMul)
              (@Neg.neg.{0} Int Int.instNegInt
                (@OfNat.ofNat.{0} Int (nat_lit 2147483283) (@instOfNat (nat_lit 2147483283))))
              ZeroScalar.D)
            (ZeroScalar.valueNum mu))
          fun
            (a :
              Not
                (@LE.le.{0} Int Int.instLEInt
                  (@HMul.hMul.{0, 0, 0} Int Int Int (@instHMul.{0} Int Int.instMul)
                    (@Neg.neg.{0} Int Int.instNegInt
                      (@OfNat.ofNat.{0} Int (nat_lit 2147483283) (@instOfNat (nat_lit 2147483283))))
                    ZeroScalar.D)
                  (ZeroScalar.valueNum mu))) =>
          OrderedReach.right_margin._proof_1_1 mu range hd a)
        (@Decidable.byContradiction
          (@LT.lt.{0} Int Int.instLTInt (ZeroScalar.valueNum mu)
            (@HMul.hMul.{0, 0, 0} Int Int Int (@instHMul.{0} Int Int.instMul)
              (@OfNat.ofNat.{0} Int (nat_lit 2147483282) (@instOfNat (nat_lit 2147483282))) ZeroScalar.D))
          (Int.decLt (ZeroScalar.valueNum mu)
            (@HMul.hMul.{0, 0, 0} Int Int Int (@instHMul.{0} Int Int.instMul)
              (@OfNat.ofNat.{0} Int (nat_lit 2147483282) (@instOfNat (nat_lit 2147483282))) ZeroScalar.D))
          fun
            (a :
              Not
                (@LT.lt.{0} Int Int.instLTInt (ZeroScalar.valueNum mu)
                  (@HMul.hMul.{0, 0, 0} Int Int Int (@instHMul.{0} Int Int.instMul)
                    (@OfNat.ofNat.{0} Int (nat_lit 2147483282) (@instOfNat (nat_lit 2147483282))) ZeroScalar.D))) =>
          OrderedReach.right_margin._proof_1_2 mu range hd a)))
OrderedReach.right_margin_constants : And
  (@Eq.{1} Nat
    (@HSub.hSub.{0, 0, 0} Nat Nat Nat (@instHSub.{0} Nat instSubNat)
      (@OfNat.ofNat.{0} Nat (nat_lit 2147483283) (instOfNatNat (nat_lit 2147483283)))
      (@OfNat.ofNat.{0} Nat (nat_lit 156276714) (instOfNatNat (nat_lit 156276714))))
    (@OfNat.ofNat.{0} Nat (nat_lit 1991206569) (instOfNatNat (nat_lit 1991206569))))
  (@Eq.{1} Nat
    (@HSub.hSub.{0, 0, 0} Nat Nat Nat (@instHSub.{0} Nat instSubNat)
      (@OfNat.ofNat.{0} Nat (nat_lit 2147483282) (instOfNatNat (nat_lit 2147483282)))
      (@OfNat.ofNat.{0} Nat (nat_lit 156276714) (instOfNatNat (nat_lit 156276714))))
    (@OfNat.ofNat.{0} Nat (nat_lit 1991206568) (instOfNatNat (nat_lit 1991206568))))
theorem OrderedReach.right_margin_constants : And
  (@Eq.{1} Nat
    (@HSub.hSub.{0, 0, 0} Nat Nat Nat (@instHSub.{0} Nat instSubNat)
      (@OfNat.ofNat.{0} Nat (nat_lit 2147483283) (instOfNatNat (nat_lit 2147483283)))
      (@OfNat.ofNat.{0} Nat (nat_lit 156276714) (instOfNatNat (nat_lit 156276714))))
    (@OfNat.ofNat.{0} Nat (nat_lit 1991206569) (instOfNatNat (nat_lit 1991206569))))
  (@Eq.{1} Nat
    (@HSub.hSub.{0, 0, 0} Nat Nat Nat (@instHSub.{0} Nat instSubNat)
      (@OfNat.ofNat.{0} Nat (nat_lit 2147483282) (instOfNatNat (nat_lit 2147483282)))
      (@OfNat.ofNat.{0} Nat (nat_lit 156276714) (instOfNatNat (nat_lit 156276714))))
    (@OfNat.ofNat.{0} Nat (nat_lit 1991206568) (instOfNatNat (nat_lit 1991206568)))) :=
@of_decide_eq_true
  (And
    (@Eq.{1} Nat
      (@HSub.hSub.{0, 0, 0} Nat Nat Nat (@instHSub.{0} Nat instSubNat)
        (@OfNat.ofNat.{0} Nat (nat_lit 2147483283) (instOfNatNat (nat_lit 2147483283)))
        (@OfNat.ofNat.{0} Nat (nat_lit 156276714) (instOfNatNat (nat_lit 156276714))))
      (@OfNat.ofNat.{0} Nat (nat_lit 1991206569) (instOfNatNat (nat_lit 1991206569))))
    (@Eq.{1} Nat
      (@HSub.hSub.{0, 0, 0} Nat Nat Nat (@instHSub.{0} Nat instSubNat)
        (@OfNat.ofNat.{0} Nat (nat_lit 2147483282) (instOfNatNat (nat_lit 2147483282)))
        (@OfNat.ofNat.{0} Nat (nat_lit 156276714) (instOfNatNat (nat_lit 156276714))))
      (@OfNat.ofNat.{0} Nat (nat_lit 1991206568) (instOfNatNat (nat_lit 1991206568)))))
  (@instDecidableAnd
    (@Eq.{1} Nat
      (@HSub.hSub.{0, 0, 0} Nat Nat Nat (@instHSub.{0} Nat instSubNat)
        (@OfNat.ofNat.{0} Nat (nat_lit 2147483283) (instOfNatNat (nat_lit 2147483283)))
        (@OfNat.ofNat.{0} Nat (nat_lit 156276714) (instOfNatNat (nat_lit 156276714))))
      (@OfNat.ofNat.{0} Nat (nat_lit 1991206569) (instOfNatNat (nat_lit 1991206569))))
    (@Eq.{1} Nat
      (@HSub.hSub.{0, 0, 0} Nat Nat Nat (@instHSub.{0} Nat instSubNat)
        (@OfNat.ofNat.{0} Nat (nat_lit 2147483282) (instOfNatNat (nat_lit 2147483282)))
        (@OfNat.ofNat.{0} Nat (nat_lit 156276714) (instOfNatNat (nat_lit 156276714))))
      (@OfNat.ofNat.{0} Nat (nat_lit 1991206568) (instOfNatNat (nat_lit 1991206568))))
    (instDecidableEqNat
      (@HSub.hSub.{0, 0, 0} Nat Nat Nat (@instHSub.{0} Nat instSubNat)
        (@OfNat.ofNat.{0} Nat (nat_lit 2147483283) (instOfNatNat (nat_lit 2147483283)))
        (@OfNat.ofNat.{0} Nat (nat_lit 156276714) (instOfNatNat (nat_lit 156276714))))
      (@OfNat.ofNat.{0} Nat (nat_lit 1991206569) (instOfNatNat (nat_lit 1991206569))))
    (instDecidableEqNat
      (@HSub.hSub.{0, 0, 0} Nat Nat Nat (@instHSub.{0} Nat instSubNat)
        (@OfNat.ofNat.{0} Nat (nat_lit 2147483282) (instOfNatNat (nat_lit 2147483282)))
        (@OfNat.ofNat.{0} Nat (nat_lit 156276714) (instOfNatNat (nat_lit 156276714))))
      (@OfNat.ofNat.{0} Nat (nat_lit 1991206568) (instOfNatNat (nat_lit 1991206568)))))
  (@id.{0}
    (@Eq.{1} Bool
      (@Decidable.decide
        (And
          (@Eq.{1} Nat
            (@HSub.hSub.{0, 0, 0} Nat Nat Nat (@instHSub.{0} Nat instSubNat)
              (@OfNat.ofNat.{0} Nat (nat_lit 2147483283) (instOfNatNat (nat_lit 2147483283)))
              (@OfNat.ofNat.{0} Nat (nat_lit 156276714) (instOfNatNat (nat_lit 156276714))))
            (@OfNat.ofNat.{0} Nat (nat_lit 1991206569) (instOfNatNat (nat_lit 1991206569))))
          (@Eq.{1} Nat
            (@HSub.hSub.{0, 0, 0} Nat Nat Nat (@instHSub.{0} Nat instSubNat)
              (@OfNat.ofNat.{0} Nat (nat_lit 2147483282) (instOfNatNat (nat_lit 2147483282)))
              (@OfNat.ofNat.{0} Nat (nat_lit 156276714) (instOfNatNat (nat_lit 156276714))))
            (@OfNat.ofNat.{0} Nat (nat_lit 1991206568) (instOfNatNat (nat_lit 1991206568)))))
        (@instDecidableAnd
          (@Eq.{1} Nat
            (@HSub.hSub.{0, 0, 0} Nat Nat Nat (@instHSub.{0} Nat instSubNat)
              (@OfNat.ofNat.{0} Nat (nat_lit 2147483283) (instOfNatNat (nat_lit 2147483283)))
              (@OfNat.ofNat.{0} Nat (nat_lit 156276714) (instOfNatNat (nat_lit 156276714))))
            (@OfNat.ofNat.{0} Nat (nat_lit 1991206569) (instOfNatNat (nat_lit 1991206569))))
          (@Eq.{1} Nat
            (@HSub.hSub.{0, 0, 0} Nat Nat Nat (@instHSub.{0} Nat instSubNat)
              (@OfNat.ofNat.{0} Nat (nat_lit 2147483282) (instOfNatNat (nat_lit 2147483282)))
              (@OfNat.ofNat.{0} Nat (nat_lit 156276714) (instOfNatNat (nat_lit 156276714))))
            (@OfNat.ofNat.{0} Nat (nat_lit 1991206568) (instOfNatNat (nat_lit 1991206568))))
          (instDecidableEqNat
            (@HSub.hSub.{0, 0, 0} Nat Nat Nat (@instHSub.{0} Nat instSubNat)
              (@OfNat.ofNat.{0} Nat (nat_lit 2147483283) (instOfNatNat (nat_lit 2147483283)))
              (@OfNat.ofNat.{0} Nat (nat_lit 156276714) (instOfNatNat (nat_lit 156276714))))
            (@OfNat.ofNat.{0} Nat (nat_lit 1991206569) (instOfNatNat (nat_lit 1991206569))))
          (instDecidableEqNat
            (@HSub.hSub.{0, 0, 0} Nat Nat Nat (@instHSub.{0} Nat instSubNat)
              (@OfNat.ofNat.{0} Nat (nat_lit 2147483282) (instOfNatNat (nat_lit 2147483282)))
              (@OfNat.ofNat.{0} Nat (nat_lit 156276714) (instOfNatNat (nat_lit 156276714))))
            (@OfNat.ofNat.{0} Nat (nat_lit 1991206568) (instOfNatNat (nat_lit 1991206568))))))
      Bool.true)
    (@Eq.refl.{1} Bool Bool.true))
OrderedReach.cutoff_counts : ∀ (sw : Nat)
  (h : @LT.lt.{0} Nat instLTNat sw (@OfNat.ofNat.{0} Nat (nat_lit 1048576) (instOfNatNat (nat_lit 1048576)))),
  @Eq.{1} Nat
    (@HDiv.hDiv.{0, 0, 0} Nat Nat Nat (@instHDiv.{0} Nat Nat.instDiv)
      (@HMod.hMod.{0, 0, 0} Nat Nat Nat (@instHMod.{0} Nat Nat.instMod)
        (@HSub.hSub.{0, 0, 0} Nat Nat Nat (@instHSub.{0} Nat instSubNat)
          (@HAdd.hAdd.{0, 0, 0} Nat Nat Nat (@instHAdd.{0} Nat instAddNat)
            (@OfNat.ofNat.{0} Nat (nat_lit 4294967296) (instOfNatNat (nat_lit 4294967296)))
            (@OfNat.ofNat.{0} Nat (nat_lit 63) (instOfNatNat (nat_lit 63))))
          sw)
        (@OfNat.ofNat.{0} Nat (nat_lit 4294967296) (instOfNatNat (nat_lit 4294967296))))
      (@OfNat.ofNat.{0} Nat (nat_lit 2147483648) (instOfNatNat (nat_lit 2147483648))))
    (@ite.{1} Nat (@LT.lt.{0} Nat instLTNat (@OfNat.ofNat.{0} Nat (nat_lit 63) (instOfNatNat (nat_lit 63))) sw)
      (Nat.decLt (@OfNat.ofNat.{0} Nat (nat_lit 63) (instOfNatNat (nat_lit 63))) sw)
      (@OfNat.ofNat.{0} Nat (nat_lit 1) (instOfNatNat (nat_lit 1)))
      (@OfNat.ofNat.{0} Nat (nat_lit 0) (instOfNatNat (nat_lit 0))))
theorem OrderedReach.cutoff_counts : ∀ (sw : Nat)
  (h : @LT.lt.{0} Nat instLTNat sw (@OfNat.ofNat.{0} Nat (nat_lit 1048576) (instOfNatNat (nat_lit 1048576)))),
  @Eq.{1} Nat
    (@HDiv.hDiv.{0, 0, 0} Nat Nat Nat (@instHDiv.{0} Nat Nat.instDiv)
      (@HMod.hMod.{0, 0, 0} Nat Nat Nat (@instHMod.{0} Nat Nat.instMod)
        (@HSub.hSub.{0, 0, 0} Nat Nat Nat (@instHSub.{0} Nat instSubNat)
          (@HAdd.hAdd.{0, 0, 0} Nat Nat Nat (@instHAdd.{0} Nat instAddNat)
            (@OfNat.ofNat.{0} Nat (nat_lit 4294967296) (instOfNatNat (nat_lit 4294967296)))
            (@OfNat.ofNat.{0} Nat (nat_lit 63) (instOfNatNat (nat_lit 63))))
          sw)
        (@OfNat.ofNat.{0} Nat (nat_lit 4294967296) (instOfNatNat (nat_lit 4294967296))))
      (@OfNat.ofNat.{0} Nat (nat_lit 2147483648) (instOfNatNat (nat_lit 2147483648))))
    (@ite.{1} Nat (@LT.lt.{0} Nat instLTNat (@OfNat.ofNat.{0} Nat (nat_lit 63) (instOfNatNat (nat_lit 63))) sw)
      (Nat.decLt (@OfNat.ofNat.{0} Nat (nat_lit 63) (instOfNatNat (nat_lit 63))) sw)
      (@OfNat.ofNat.{0} Nat (nat_lit 1) (instOfNatNat (nat_lit 1)))
      (@OfNat.ofNat.{0} Nat (nat_lit 0) (instOfNatNat (nat_lit 0)))) :=
fun (sw : Nat)
    (h : @LT.lt.{0} Nat instLTNat sw (@OfNat.ofNat.{0} Nat (nat_lit 1048576) (instOfNatNat (nat_lit 1048576)))) =>
  @Decidable.casesOn.{0} (@LT.lt.{0} Nat instLTNat (@OfNat.ofNat.{0} Nat (nat_lit 63) (instOfNatNat (nat_lit 63))) sw)
    (fun
        (x : Decidable (@LT.lt.{0} Nat instLTNat (@OfNat.ofNat.{0} Nat (nat_lit 63) (instOfNatNat (nat_lit 63))) sw)) =>
      @Eq.{1} Nat
        (@HDiv.hDiv.{0, 0, 0} Nat Nat Nat (@instHDiv.{0} Nat Nat.instDiv)
          (@HMod.hMod.{0, 0, 0} Nat Nat Nat (@instHMod.{0} Nat Nat.instMod)
            (@HSub.hSub.{0, 0, 0} Nat Nat Nat (@instHSub.{0} Nat instSubNat)
              (@HAdd.hAdd.{0, 0, 0} Nat Nat Nat (@instHAdd.{0} Nat instAddNat)
                (@OfNat.ofNat.{0} Nat (nat_lit 4294967296) (instOfNatNat (nat_lit 4294967296)))
                (@OfNat.ofNat.{0} Nat (nat_lit 63) (instOfNatNat (nat_lit 63))))
              sw)
            (@OfNat.ofNat.{0} Nat (nat_lit 4294967296) (instOfNatNat (nat_lit 4294967296))))
          (@OfNat.ofNat.{0} Nat (nat_lit 2147483648) (instOfNatNat (nat_lit 2147483648))))
        (@ite.{1} Nat (@LT.lt.{0} Nat instLTNat (@OfNat.ofNat.{0} Nat (nat_lit 63) (instOfNatNat (nat_lit 63))) sw)
          (Nat.decLt (@OfNat.ofNat.{0} Nat (nat_lit 63) (instOfNatNat (nat_lit 63))) sw)
          (@OfNat.ofNat.{0} Nat (nat_lit 1) (instOfNatNat (nat_lit 1)))
          (@OfNat.ofNat.{0} Nat (nat_lit 0) (instOfNatNat (nat_lit 0)))))
    (Nat.decLt (@OfNat.ofNat.{0} Nat (nat_lit 63) (instOfNatNat (nat_lit 63))) sw)
    (fun (h_1 : Not (@LT.lt.{0} Nat instLTNat (@OfNat.ofNat.{0} Nat (nat_lit 63) (instOfNatNat (nat_lit 63))) sw)) =>
      @Eq.mpr.{0}
        (@Eq.{1} Nat
          (@HDiv.hDiv.{0, 0, 0} Nat Nat Nat (@instHDiv.{0} Nat Nat.instDiv)
            (@HMod.hMod.{0, 0, 0} Nat Nat Nat (@instHMod.{0} Nat Nat.instMod)
              (@HSub.hSub.{0, 0, 0} Nat Nat Nat (@instHSub.{0} Nat instSubNat)
                (@HAdd.hAdd.{0, 0, 0} Nat Nat Nat (@instHAdd.{0} Nat instAddNat)
                  (@OfNat.ofNat.{0} Nat (nat_lit 4294967296) (instOfNatNat (nat_lit 4294967296)))
                  (@OfNat.ofNat.{0} Nat (nat_lit 63) (instOfNatNat (nat_lit 63))))
                sw)
              (@OfNat.ofNat.{0} Nat (nat_lit 4294967296) (instOfNatNat (nat_lit 4294967296))))
            (@OfNat.ofNat.{0} Nat (nat_lit 2147483648) (instOfNatNat (nat_lit 2147483648))))
          (@ite.{1} Nat (@LT.lt.{0} Nat instLTNat (@OfNat.ofNat.{0} Nat (nat_lit 63) (instOfNatNat (nat_lit 63))) sw)
            (Nat.decLt (@OfNat.ofNat.{0} Nat (nat_lit 63) (instOfNatNat (nat_lit 63))) sw)
            (@OfNat.ofNat.{0} Nat (nat_lit 1) (instOfNatNat (nat_lit 1)))
            (@OfNat.ofNat.{0} Nat (nat_lit 0) (instOfNatNat (nat_lit 0)))))
        (@Eq.{1} Nat
          (@HDiv.hDiv.{0, 0, 0} Nat Nat Nat (@instHDiv.{0} Nat Nat.instDiv)
            (@HMod.hMod.{0, 0, 0} Nat Nat Nat (@instHMod.{0} Nat Nat.instMod)
              (@HSub.hSub.{0, 0, 0} Nat Nat Nat (@instHSub.{0} Nat instSubNat)
                (@HAdd.hAdd.{0, 0, 0} Nat Nat Nat (@instHAdd.{0} Nat instAddNat)
                  (@OfNat.ofNat.{0} Nat (nat_lit 4294967296) (instOfNatNat (nat_lit 4294967296)))
                  (@OfNat.ofNat.{0} Nat (nat_lit 63) (instOfNatNat (nat_lit 63))))
                sw)
              (@OfNat.ofNat.{0} Nat (nat_lit 4294967296) (instOfNatNat (nat_lit 4294967296))))
            (@OfNat.ofNat.{0} Nat (nat_lit 2147483648) (instOfNatNat (nat_lit 2147483648))))
          (@OfNat.ofNat.{0} Nat (nat_lit 0) (instOfNatNat (nat_lit 0))))
        (@id.{0}
          (@Eq.{1} Prop
            (@Eq.{1} Nat
              (@HDiv.hDiv.{0, 0, 0} Nat Nat Nat (@instHDiv.{0} Nat Nat.instDiv)
                (@HMod.hMod.{0, 0, 0} Nat Nat Nat (@instHMod.{0} Nat Nat.instMod)
                  (@HSub.hSub.{0, 0, 0} Nat Nat Nat (@instHSub.{0} Nat instSubNat)
                    (@HAdd.hAdd.{0, 0, 0} Nat Nat Nat (@instHAdd.{0} Nat instAddNat)
                      (@OfNat.ofNat.{0} Nat (nat_lit 4294967296) (instOfNatNat (nat_lit 4294967296)))
                      (@OfNat.ofNat.{0} Nat (nat_lit 63) (instOfNatNat (nat_lit 63))))
                    sw)
                  (@OfNat.ofNat.{0} Nat (nat_lit 4294967296) (instOfNatNat (nat_lit 4294967296))))
                (@OfNat.ofNat.{0} Nat (nat_lit 2147483648) (instOfNatNat (nat_lit 2147483648))))
              (@ite.{1} Nat
                (@LT.lt.{0} Nat instLTNat (@OfNat.ofNat.{0} Nat (nat_lit 63) (instOfNatNat (nat_lit 63))) sw)
                (Nat.decLt (@OfNat.ofNat.{0} Nat (nat_lit 63) (instOfNatNat (nat_lit 63))) sw)
                (@OfNat.ofNat.{0} Nat (nat_lit 1) (instOfNatNat (nat_lit 1)))
                (@OfNat.ofNat.{0} Nat (nat_lit 0) (instOfNatNat (nat_lit 0)))))
            (@Eq.{1} Nat
              (@HDiv.hDiv.{0, 0, 0} Nat Nat Nat (@instHDiv.{0} Nat Nat.instDiv)
                (@HMod.hMod.{0, 0, 0} Nat Nat Nat (@instHMod.{0} Nat Nat.instMod)
                  (@HSub.hSub.{0, 0, 0} Nat Nat Nat (@instHSub.{0} Nat instSubNat)
                    (@HAdd.hAdd.{0, 0, 0} Nat Nat Nat (@instHAdd.{0} Nat instAddNat)
                      (@OfNat.ofNat.{0} Nat (nat_lit 4294967296) (instOfNatNat (nat_lit 4294967296)))
                      (@OfNat.ofNat.{0} Nat (nat_lit 63) (instOfNatNat (nat_lit 63))))
                    sw)
                  (@OfNat.ofNat.{0} Nat (nat_lit 4294967296) (instOfNatNat (nat_lit 4294967296))))
                (@OfNat.ofNat.{0} Nat (nat_lit 2147483648) (instOfNatNat (nat_lit 2147483648))))
              (@OfNat.ofNat.{0} Nat (nat_lit 0) (instOfNatNat (nat_lit 0)))))
          (@congrArg.{1, 1} Nat Prop
            (@ite.{1} Nat (@LT.lt.{0} Nat instLTNat (@OfNat.ofNat.{0} Nat (nat_lit 63) (instOfNatNat (nat_lit 63))) sw)
              (Nat.decLt (@OfNat.ofNat.{0} Nat (nat_lit 63) (instOfNatNat (nat_lit 63))) sw)
              (@OfNat.ofNat.{0} Nat (nat_lit 1) (instOfNatNat (nat_lit 1)))
              (@OfNat.ofNat.{0} Nat (nat_lit 0) (instOfNatNat (nat_lit 0))))
            (@OfNat.ofNat.{0} Nat (nat_lit 0) (instOfNatNat (nat_lit 0)))
            (@Eq.{1} Nat
              (@HDiv.hDiv.{0, 0, 0} Nat Nat Nat (@instHDiv.{0} Nat Nat.instDiv)
                (@HMod.hMod.{0, 0, 0} Nat Nat Nat (@instHMod.{0} Nat Nat.instMod)
                  (@HSub.hSub.{0, 0, 0} Nat Nat Nat (@instHSub.{0} Nat instSubNat)
                    (@HAdd.hAdd.{0, 0, 0} Nat Nat Nat (@instHAdd.{0} Nat instAddNat)
                      (@OfNat.ofNat.{0} Nat (nat_lit 4294967296) (instOfNatNat (nat_lit 4294967296)))
                      (@OfNat.ofNat.{0} Nat (nat_lit 63) (instOfNatNat (nat_lit 63))))
                    sw)
                  (@OfNat.ofNat.{0} Nat (nat_lit 4294967296) (instOfNatNat (nat_lit 4294967296))))
                (@OfNat.ofNat.{0} Nat (nat_lit 2147483648) (instOfNatNat (nat_lit 2147483648)))))
            (@ite_eq_right.{1}
              (@LT.lt.{0} Nat instLTNat (@OfNat.ofNat.{0} Nat (nat_lit 63) (instOfNatNat (nat_lit 63))) sw)
              (Nat.decLt (@OfNat.ofNat.{0} Nat (nat_lit 63) (instOfNatNat (nat_lit 63))) sw) h_1 Nat
              (@OfNat.ofNat.{0} Nat (nat_lit 1) (instOfNatNat (nat_lit 1)))
              (@OfNat.ofNat.{0} Nat (nat_lit 0) (instOfNatNat (nat_lit 0))))))
        (@Decidable.byContradiction
          (@Eq.{1} Nat
            (@HDiv.hDiv.{0, 0, 0} Nat Nat Nat (@instHDiv.{0} Nat Nat.instDiv)
              (@HMod.hMod.{0, 0, 0} Nat Nat Nat (@instHMod.{0} Nat Nat.instMod)
                (@HSub.hSub.{0, 0, 0} Nat Nat Nat (@instHSub.{0} Nat instSubNat)
                  (@HAdd.hAdd.{0, 0, 0} Nat Nat Nat (@instHAdd.{0} Nat instAddNat)
                    (@OfNat.ofNat.{0} Nat (nat_lit 4294967296) (instOfNatNat (nat_lit 4294967296)))
                    (@OfNat.ofNat.{0} Nat (nat_lit 63) (instOfNatNat (nat_lit 63))))
                  sw)
                (@OfNat.ofNat.{0} Nat (nat_lit 4294967296) (instOfNatNat (nat_lit 4294967296))))
              (@OfNat.ofNat.{0} Nat (nat_lit 2147483648) (instOfNatNat (nat_lit 2147483648))))
            (@OfNat.ofNat.{0} Nat (nat_lit 0) (instOfNatNat (nat_lit 0))))
          (instDecidableEqNat
            (@HDiv.hDiv.{0, 0, 0} Nat Nat Nat (@instHDiv.{0} Nat Nat.instDiv)
              (@HMod.hMod.{0, 0, 0} Nat Nat Nat (@instHMod.{0} Nat Nat.instMod)
                (@HSub.hSub.{0, 0, 0} Nat Nat Nat (@instHSub.{0} Nat instSubNat)
                  (@HAdd.hAdd.{0, 0, 0} Nat Nat Nat (@instHAdd.{0} Nat instAddNat)
                    (@OfNat.ofNat.{0} Nat (nat_lit 4294967296) (instOfNatNat (nat_lit 4294967296)))
                    (@OfNat.ofNat.{0} Nat (nat_lit 63) (instOfNatNat (nat_lit 63))))
                  sw)
                (@OfNat.ofNat.{0} Nat (nat_lit 4294967296) (instOfNatNat (nat_lit 4294967296))))
              (@OfNat.ofNat.{0} Nat (nat_lit 2147483648) (instOfNatNat (nat_lit 2147483648))))
            (@OfNat.ofNat.{0} Nat (nat_lit 0) (instOfNatNat (nat_lit 0))))
          fun
            (a :
              Not
                (@Eq.{1} Nat
                  (@HDiv.hDiv.{0, 0, 0} Nat Nat Nat (@instHDiv.{0} Nat Nat.instDiv)
                    (@HMod.hMod.{0, 0, 0} Nat Nat Nat (@instHMod.{0} Nat Nat.instMod)
                      (@HSub.hSub.{0, 0, 0} Nat Nat Nat (@instHSub.{0} Nat instSubNat)
                        (@HAdd.hAdd.{0, 0, 0} Nat Nat Nat (@instHAdd.{0} Nat instAddNat)
                          (@OfNat.ofNat.{0} Nat (nat_lit 4294967296) (instOfNatNat (nat_lit 4294967296)))
                          (@OfNat.ofNat.{0} Nat (nat_lit 63) (instOfNatNat (nat_lit 63))))
                        sw)
                      (@OfNat.ofNat.{0} Nat (nat_lit 4294967296) (instOfNatNat (nat_lit 4294967296))))
                    (@OfNat.ofNat.{0} Nat (nat_lit 2147483648) (instOfNatNat (nat_lit 2147483648))))
                  (@OfNat.ofNat.{0} Nat (nat_lit 0) (instOfNatNat (nat_lit 0))))) =>
          OrderedReach.cutoff_counts._proof_1_2 sw h h_1 a))
    fun (h_1 : @LT.lt.{0} Nat instLTNat (@OfNat.ofNat.{0} Nat (nat_lit 63) (instOfNatNat (nat_lit 63))) sw) =>
    @Eq.mpr.{0}
      (@Eq.{1} Nat
        (@HDiv.hDiv.{0, 0, 0} Nat Nat Nat (@instHDiv.{0} Nat Nat.instDiv)
          (@HMod.hMod.{0, 0, 0} Nat Nat Nat (@instHMod.{0} Nat Nat.instMod)
            (@HSub.hSub.{0, 0, 0} Nat Nat Nat (@instHSub.{0} Nat instSubNat)
              (@HAdd.hAdd.{0, 0, 0} Nat Nat Nat (@instHAdd.{0} Nat instAddNat)
                (@OfNat.ofNat.{0} Nat (nat_lit 4294967296) (instOfNatNat (nat_lit 4294967296)))
                (@OfNat.ofNat.{0} Nat (nat_lit 63) (instOfNatNat (nat_lit 63))))
              sw)
            (@OfNat.ofNat.{0} Nat (nat_lit 4294967296) (instOfNatNat (nat_lit 4294967296))))
          (@OfNat.ofNat.{0} Nat (nat_lit 2147483648) (instOfNatNat (nat_lit 2147483648))))
        (@ite.{1} Nat (@LT.lt.{0} Nat instLTNat (@OfNat.ofNat.{0} Nat (nat_lit 63) (instOfNatNat (nat_lit 63))) sw)
          (Nat.decLt (@OfNat.ofNat.{0} Nat (nat_lit 63) (instOfNatNat (nat_lit 63))) sw)
          (@OfNat.ofNat.{0} Nat (nat_lit 1) (instOfNatNat (nat_lit 1)))
          (@OfNat.ofNat.{0} Nat (nat_lit 0) (instOfNatNat (nat_lit 0)))))
      (@Eq.{1} Nat
        (@HDiv.hDiv.{0, 0, 0} Nat Nat Nat (@instHDiv.{0} Nat Nat.instDiv)
          (@HMod.hMod.{0, 0, 0} Nat Nat Nat (@instHMod.{0} Nat Nat.instMod)
            (@HSub.hSub.{0, 0, 0} Nat Nat Nat (@instHSub.{0} Nat instSubNat)
              (@HAdd.hAdd.{0, 0, 0} Nat Nat Nat (@instHAdd.{0} Nat instAddNat)
                (@OfNat.ofNat.{0} Nat (nat_lit 4294967296) (instOfNatNat (nat_lit 4294967296)))
                (@OfNat.ofNat.{0} Nat (nat_lit 63) (instOfNatNat (nat_lit 63))))
              sw)
            (@OfNat.ofNat.{0} Nat (nat_lit 4294967296) (instOfNatNat (nat_lit 4294967296))))
          (@OfNat.ofNat.{0} Nat (nat_lit 2147483648) (instOfNatNat (nat_lit 2147483648))))
        (@OfNat.ofNat.{0} Nat (nat_lit 1) (instOfNatNat (nat_lit 1))))
      (@id.{0}
        (@Eq.{1} Prop
          (@Eq.{1} Nat
            (@HDiv.hDiv.{0, 0, 0} Nat Nat Nat (@instHDiv.{0} Nat Nat.instDiv)
              (@HMod.hMod.{0, 0, 0} Nat Nat Nat (@instHMod.{0} Nat Nat.instMod)
                (@HSub.hSub.{0, 0, 0} Nat Nat Nat (@instHSub.{0} Nat instSubNat)
                  (@HAdd.hAdd.{0, 0, 0} Nat Nat Nat (@instHAdd.{0} Nat instAddNat)
                    (@OfNat.ofNat.{0} Nat (nat_lit 4294967296) (instOfNatNat (nat_lit 4294967296)))
                    (@OfNat.ofNat.{0} Nat (nat_lit 63) (instOfNatNat (nat_lit 63))))
                  sw)
                (@OfNat.ofNat.{0} Nat (nat_lit 4294967296) (instOfNatNat (nat_lit 4294967296))))
              (@OfNat.ofNat.{0} Nat (nat_lit 2147483648) (instOfNatNat (nat_lit 2147483648))))
            (@ite.{1} Nat (@LT.lt.{0} Nat instLTNat (@OfNat.ofNat.{0} Nat (nat_lit 63) (instOfNatNat (nat_lit 63))) sw)
              (Nat.decLt (@OfNat.ofNat.{0} Nat (nat_lit 63) (instOfNatNat (nat_lit 63))) sw)
              (@OfNat.ofNat.{0} Nat (nat_lit 1) (instOfNatNat (nat_lit 1)))
              (@OfNat.ofNat.{0} Nat (nat_lit 0) (instOfNatNat (nat_lit 0)))))
          (@Eq.{1} Nat
            (@HDiv.hDiv.{0, 0, 0} Nat Nat Nat (@instHDiv.{0} Nat Nat.instDiv)
              (@HMod.hMod.{0, 0, 0} Nat Nat Nat (@instHMod.{0} Nat Nat.instMod)
                (@HSub.hSub.{0, 0, 0} Nat Nat Nat (@instHSub.{0} Nat instSubNat)
                  (@HAdd.hAdd.{0, 0, 0} Nat Nat Nat (@instHAdd.{0} Nat instAddNat)
                    (@OfNat.ofNat.{0} Nat (nat_lit 4294967296) (instOfNatNat (nat_lit 4294967296)))
                    (@OfNat.ofNat.{0} Nat (nat_lit 63) (instOfNatNat (nat_lit 63))))
                  sw)
                (@OfNat.ofNat.{0} Nat (nat_lit 4294967296) (instOfNatNat (nat_lit 4294967296))))
              (@OfNat.ofNat.{0} Nat (nat_lit 2147483648) (instOfNatNat (nat_lit 2147483648))))
            (@OfNat.ofNat.{0} Nat (nat_lit 1) (instOfNatNat (nat_lit 1)))))
        (@congrArg.{1, 1} Nat Prop
          (@ite.{1} Nat (@LT.lt.{0} Nat instLTNat (@OfNat.ofNat.{0} Nat (nat_lit 63) (instOfNatNat (nat_lit 63))) sw)
            (Nat.decLt (@OfNat.ofNat.{0} Nat (nat_lit 63) (instOfNatNat (nat_lit 63))) sw)
            (@OfNat.ofNat.{0} Nat (nat_lit 1) (instOfNatNat (nat_lit 1)))
            (@OfNat.ofNat.{0} Nat (nat_lit 0) (instOfNatNat (nat_lit 0))))
          (@OfNat.ofNat.{0} Nat (nat_lit 1) (instOfNatNat (nat_lit 1)))
          (@Eq.{1} Nat
            (@HDiv.hDiv.{0, 0, 0} Nat Nat Nat (@instHDiv.{0} Nat Nat.instDiv)
              (@HMod.hMod.{0, 0, 0} Nat Nat Nat (@instHMod.{0} Nat Nat.instMod)
                (@HSub.hSub.{0, 0, 0} Nat Nat Nat (@instHSub.{0} Nat instSubNat)
                  (@HAdd.hAdd.{0, 0, 0} Nat Nat Nat (@instHAdd.{0} Nat instAddNat)
                    (@OfNat.ofNat.{0} Nat (nat_lit 4294967296) (instOfNatNat (nat_lit 4294967296)))
                    (@OfNat.ofNat.{0} Nat (nat_lit 63) (instOfNatNat (nat_lit 63))))
                  sw)
                (@OfNat.ofNat.{0} Nat (nat_lit 4294967296) (instOfNatNat (nat_lit 4294967296))))
              (@OfNat.ofNat.{0} Nat (nat_lit 2147483648) (instOfNatNat (nat_lit 2147483648)))))
          (@ite_eq_left.{1}
            (@LT.lt.{0} Nat instLTNat (@OfNat.ofNat.{0} Nat (nat_lit 63) (instOfNatNat (nat_lit 63))) sw)
            (Nat.decLt (@OfNat.ofNat.{0} Nat (nat_lit 63) (instOfNatNat (nat_lit 63))) sw) h_1 Nat
            (@OfNat.ofNat.{0} Nat (nat_lit 1) (instOfNatNat (nat_lit 1)))
            (@OfNat.ofNat.{0} Nat (nat_lit 0) (instOfNatNat (nat_lit 0))))))
      (@Decidable.byContradiction
        (@Eq.{1} Nat
          (@HDiv.hDiv.{0, 0, 0} Nat Nat Nat (@instHDiv.{0} Nat Nat.instDiv)
            (@HMod.hMod.{0, 0, 0} Nat Nat Nat (@instHMod.{0} Nat Nat.instMod)
              (@HSub.hSub.{0, 0, 0} Nat Nat Nat (@instHSub.{0} Nat instSubNat)
                (@HAdd.hAdd.{0, 0, 0} Nat Nat Nat (@instHAdd.{0} Nat instAddNat)
                  (@OfNat.ofNat.{0} Nat (nat_lit 4294967296) (instOfNatNat (nat_lit 4294967296)))
                  (@OfNat.ofNat.{0} Nat (nat_lit 63) (instOfNatNat (nat_lit 63))))
                sw)
              (@OfNat.ofNat.{0} Nat (nat_lit 4294967296) (instOfNatNat (nat_lit 4294967296))))
            (@OfNat.ofNat.{0} Nat (nat_lit 2147483648) (instOfNatNat (nat_lit 2147483648))))
          (@OfNat.ofNat.{0} Nat (nat_lit 1) (instOfNatNat (nat_lit 1))))
        (instDecidableEqNat
          (@HDiv.hDiv.{0, 0, 0} Nat Nat Nat (@instHDiv.{0} Nat Nat.instDiv)
            (@HMod.hMod.{0, 0, 0} Nat Nat Nat (@instHMod.{0} Nat Nat.instMod)
              (@HSub.hSub.{0, 0, 0} Nat Nat Nat (@instHSub.{0} Nat instSubNat)
                (@HAdd.hAdd.{0, 0, 0} Nat Nat Nat (@instHAdd.{0} Nat instAddNat)
                  (@OfNat.ofNat.{0} Nat (nat_lit 4294967296) (instOfNatNat (nat_lit 4294967296)))
                  (@OfNat.ofNat.{0} Nat (nat_lit 63) (instOfNatNat (nat_lit 63))))
                sw)
              (@OfNat.ofNat.{0} Nat (nat_lit 4294967296) (instOfNatNat (nat_lit 4294967296))))
            (@OfNat.ofNat.{0} Nat (nat_lit 2147483648) (instOfNatNat (nat_lit 2147483648))))
          (@OfNat.ofNat.{0} Nat (nat_lit 1) (instOfNatNat (nat_lit 1))))
        fun
          (a :
            Not
              (@Eq.{1} Nat
                (@HDiv.hDiv.{0, 0, 0} Nat Nat Nat (@instHDiv.{0} Nat Nat.instDiv)
                  (@HMod.hMod.{0, 0, 0} Nat Nat Nat (@instHMod.{0} Nat Nat.instMod)
                    (@HSub.hSub.{0, 0, 0} Nat Nat Nat (@instHSub.{0} Nat instSubNat)
                      (@HAdd.hAdd.{0, 0, 0} Nat Nat Nat (@instHAdd.{0} Nat instAddNat)
                        (@OfNat.ofNat.{0} Nat (nat_lit 4294967296) (instOfNatNat (nat_lit 4294967296)))
                        (@OfNat.ofNat.{0} Nat (nat_lit 63) (instOfNatNat (nat_lit 63))))
                      sw)
                    (@OfNat.ofNat.{0} Nat (nat_lit 4294967296) (instOfNatNat (nat_lit 4294967296))))
                  (@OfNat.ofNat.{0} Nat (nat_lit 2147483648) (instOfNatNat (nat_lit 2147483648))))
                (@OfNat.ofNat.{0} Nat (nat_lit 1) (instOfNatNat (nat_lit 1))))) =>
        OrderedReach.cutoff_counts._proof_1_1 sw h h_1 a)
OrderedReach.safe_shift : ∀ (sw : Nat),
  @LT.lt.{0} Nat instLTNat
    (@ite.{1} Nat (@LE.le.{0} Nat instLENat sw (@OfNat.ofNat.{0} Nat (nat_lit 63) (instOfNatNat (nat_lit 63))))
      (Nat.decLe sw (@OfNat.ofNat.{0} Nat (nat_lit 63) (instOfNatNat (nat_lit 63)))) sw
      (@OfNat.ofNat.{0} Nat (nat_lit 63) (instOfNatNat (nat_lit 63))))
    (@OfNat.ofNat.{0} Nat (nat_lit 64) (instOfNatNat (nat_lit 64)))
theorem OrderedReach.safe_shift : ∀ (sw : Nat),
  @LT.lt.{0} Nat instLTNat
    (@ite.{1} Nat (@LE.le.{0} Nat instLENat sw (@OfNat.ofNat.{0} Nat (nat_lit 63) (instOfNatNat (nat_lit 63))))
      (Nat.decLe sw (@OfNat.ofNat.{0} Nat (nat_lit 63) (instOfNatNat (nat_lit 63)))) sw
      (@OfNat.ofNat.{0} Nat (nat_lit 63) (instOfNatNat (nat_lit 63))))
    (@OfNat.ofNat.{0} Nat (nat_lit 64) (instOfNatNat (nat_lit 64))) :=
fun (sw : Nat) =>
  @Decidable.casesOn.{0} (@LE.le.{0} Nat instLENat sw (@OfNat.ofNat.{0} Nat (nat_lit 63) (instOfNatNat (nat_lit 63))))
    (fun
        (x : Decidable (@LE.le.{0} Nat instLENat sw (@OfNat.ofNat.{0} Nat (nat_lit 63) (instOfNatNat (nat_lit 63))))) =>
      @LT.lt.{0} Nat instLTNat
        (@ite.{1} Nat (@LE.le.{0} Nat instLENat sw (@OfNat.ofNat.{0} Nat (nat_lit 63) (instOfNatNat (nat_lit 63))))
          (Nat.decLe sw (@OfNat.ofNat.{0} Nat (nat_lit 63) (instOfNatNat (nat_lit 63)))) sw
          (@OfNat.ofNat.{0} Nat (nat_lit 63) (instOfNatNat (nat_lit 63))))
        (@OfNat.ofNat.{0} Nat (nat_lit 64) (instOfNatNat (nat_lit 64))))
    (Nat.decLe sw (@OfNat.ofNat.{0} Nat (nat_lit 63) (instOfNatNat (nat_lit 63))))
    (fun (h : Not (@LE.le.{0} Nat instLENat sw (@OfNat.ofNat.{0} Nat (nat_lit 63) (instOfNatNat (nat_lit 63))))) =>
      @Eq.mpr.{0}
        (@LT.lt.{0} Nat instLTNat
          (@ite.{1} Nat (@LE.le.{0} Nat instLENat sw (@OfNat.ofNat.{0} Nat (nat_lit 63) (instOfNatNat (nat_lit 63))))
            (Nat.decLe sw (@OfNat.ofNat.{0} Nat (nat_lit 63) (instOfNatNat (nat_lit 63)))) sw
            (@OfNat.ofNat.{0} Nat (nat_lit 63) (instOfNatNat (nat_lit 63))))
          (@OfNat.ofNat.{0} Nat (nat_lit 64) (instOfNatNat (nat_lit 64))))
        (@LT.lt.{0} Nat instLTNat (@OfNat.ofNat.{0} Nat (nat_lit 63) (instOfNatNat (nat_lit 63)))
          (@OfNat.ofNat.{0} Nat (nat_lit 64) (instOfNatNat (nat_lit 64))))
        (@id.{0}
          (@Eq.{1} Prop
            (@LT.lt.{0} Nat instLTNat
              (@ite.{1} Nat
                (@LE.le.{0} Nat instLENat sw (@OfNat.ofNat.{0} Nat (nat_lit 63) (instOfNatNat (nat_lit 63))))
                (Nat.decLe sw (@OfNat.ofNat.{0} Nat (nat_lit 63) (instOfNatNat (nat_lit 63)))) sw
                (@OfNat.ofNat.{0} Nat (nat_lit 63) (instOfNatNat (nat_lit 63))))
              (@OfNat.ofNat.{0} Nat (nat_lit 64) (instOfNatNat (nat_lit 64))))
            (@LT.lt.{0} Nat instLTNat (@OfNat.ofNat.{0} Nat (nat_lit 63) (instOfNatNat (nat_lit 63)))
              (@OfNat.ofNat.{0} Nat (nat_lit 64) (instOfNatNat (nat_lit 64)))))
          (@congrFun'.{1, 1} Nat Prop
            (@LT.lt.{0} Nat instLTNat
              (@ite.{1} Nat
                (@LE.le.{0} Nat instLENat sw (@OfNat.ofNat.{0} Nat (nat_lit 63) (instOfNatNat (nat_lit 63))))
                (Nat.decLe sw (@OfNat.ofNat.{0} Nat (nat_lit 63) (instOfNatNat (nat_lit 63)))) sw
                (@OfNat.ofNat.{0} Nat (nat_lit 63) (instOfNatNat (nat_lit 63)))))
            (@LT.lt.{0} Nat instLTNat (@OfNat.ofNat.{0} Nat (nat_lit 63) (instOfNatNat (nat_lit 63))))
            (@congrArg.{1, 1} Nat (Nat → Prop)
              (@ite.{1} Nat
                (@LE.le.{0} Nat instLENat sw (@OfNat.ofNat.{0} Nat (nat_lit 63) (instOfNatNat (nat_lit 63))))
                (Nat.decLe sw (@OfNat.ofNat.{0} Nat (nat_lit 63) (instOfNatNat (nat_lit 63)))) sw
                (@OfNat.ofNat.{0} Nat (nat_lit 63) (instOfNatNat (nat_lit 63))))
              (@OfNat.ofNat.{0} Nat (nat_lit 63) (instOfNatNat (nat_lit 63))) (@LT.lt.{0} Nat instLTNat)
              (@ite_eq_right.{1}
                (@LE.le.{0} Nat instLENat sw (@OfNat.ofNat.{0} Nat (nat_lit 63) (instOfNatNat (nat_lit 63))))
                (Nat.decLe sw (@OfNat.ofNat.{0} Nat (nat_lit 63) (instOfNatNat (nat_lit 63)))) h Nat sw
                (@OfNat.ofNat.{0} Nat (nat_lit 63) (instOfNatNat (nat_lit 63)))))
            (@OfNat.ofNat.{0} Nat (nat_lit 64) (instOfNatNat (nat_lit 64)))))
        (@Decidable.byContradiction
          (@LT.lt.{0} Nat instLTNat (@OfNat.ofNat.{0} Nat (nat_lit 63) (instOfNatNat (nat_lit 63)))
            (@OfNat.ofNat.{0} Nat (nat_lit 64) (instOfNatNat (nat_lit 64))))
          (Nat.decLt (@OfNat.ofNat.{0} Nat (nat_lit 63) (instOfNatNat (nat_lit 63)))
            (@OfNat.ofNat.{0} Nat (nat_lit 64) (instOfNatNat (nat_lit 64))))
          fun
            (a :
              Not
                (@LT.lt.{0} Nat instLTNat (@OfNat.ofNat.{0} Nat (nat_lit 63) (instOfNatNat (nat_lit 63)))
                  (@OfNat.ofNat.{0} Nat (nat_lit 64) (instOfNatNat (nat_lit 64))))) =>
          OrderedReach.safe_shift._proof_1_2 sw a))
    fun (h : @LE.le.{0} Nat instLENat sw (@OfNat.ofNat.{0} Nat (nat_lit 63) (instOfNatNat (nat_lit 63)))) =>
    @Eq.mpr.{0}
      (@LT.lt.{0} Nat instLTNat
        (@ite.{1} Nat (@LE.le.{0} Nat instLENat sw (@OfNat.ofNat.{0} Nat (nat_lit 63) (instOfNatNat (nat_lit 63))))
          (Nat.decLe sw (@OfNat.ofNat.{0} Nat (nat_lit 63) (instOfNatNat (nat_lit 63)))) sw
          (@OfNat.ofNat.{0} Nat (nat_lit 63) (instOfNatNat (nat_lit 63))))
        (@OfNat.ofNat.{0} Nat (nat_lit 64) (instOfNatNat (nat_lit 64))))
      (@LT.lt.{0} Nat instLTNat sw (@OfNat.ofNat.{0} Nat (nat_lit 64) (instOfNatNat (nat_lit 64))))
      (@id.{0}
        (@Eq.{1} Prop
          (@LT.lt.{0} Nat instLTNat
            (@ite.{1} Nat (@LE.le.{0} Nat instLENat sw (@OfNat.ofNat.{0} Nat (nat_lit 63) (instOfNatNat (nat_lit 63))))
              (Nat.decLe sw (@OfNat.ofNat.{0} Nat (nat_lit 63) (instOfNatNat (nat_lit 63)))) sw
              (@OfNat.ofNat.{0} Nat (nat_lit 63) (instOfNatNat (nat_lit 63))))
            (@OfNat.ofNat.{0} Nat (nat_lit 64) (instOfNatNat (nat_lit 64))))
          (@LT.lt.{0} Nat instLTNat sw (@OfNat.ofNat.{0} Nat (nat_lit 64) (instOfNatNat (nat_lit 64)))))
        (@congrFun'.{1, 1} Nat Prop
          (@LT.lt.{0} Nat instLTNat
            (@ite.{1} Nat (@LE.le.{0} Nat instLENat sw (@OfNat.ofNat.{0} Nat (nat_lit 63) (instOfNatNat (nat_lit 63))))
              (Nat.decLe sw (@OfNat.ofNat.{0} Nat (nat_lit 63) (instOfNatNat (nat_lit 63)))) sw
              (@OfNat.ofNat.{0} Nat (nat_lit 63) (instOfNatNat (nat_lit 63)))))
          (@LT.lt.{0} Nat instLTNat sw)
          (@congrArg.{1, 1} Nat (Nat → Prop)
            (@ite.{1} Nat (@LE.le.{0} Nat instLENat sw (@OfNat.ofNat.{0} Nat (nat_lit 63) (instOfNatNat (nat_lit 63))))
              (Nat.decLe sw (@OfNat.ofNat.{0} Nat (nat_lit 63) (instOfNatNat (nat_lit 63)))) sw
              (@OfNat.ofNat.{0} Nat (nat_lit 63) (instOfNatNat (nat_lit 63))))
            sw (@LT.lt.{0} Nat instLTNat)
            (@ite_eq_left.{1}
              (@LE.le.{0} Nat instLENat sw (@OfNat.ofNat.{0} Nat (nat_lit 63) (instOfNatNat (nat_lit 63))))
              (Nat.decLe sw (@OfNat.ofNat.{0} Nat (nat_lit 63) (instOfNatNat (nat_lit 63)))) h Nat sw
              (@OfNat.ofNat.{0} Nat (nat_lit 63) (instOfNatNat (nat_lit 63)))))
          (@OfNat.ofNat.{0} Nat (nat_lit 64) (instOfNatNat (nat_lit 64)))))
      (@Decidable.byContradiction
        (@LT.lt.{0} Nat instLTNat sw (@OfNat.ofNat.{0} Nat (nat_lit 64) (instOfNatNat (nat_lit 64))))
        (Nat.decLt sw (@OfNat.ofNat.{0} Nat (nat_lit 64) (instOfNatNat (nat_lit 64))))
        fun (a : Not (@LT.lt.{0} Nat instLTNat sw (@OfNat.ofNat.{0} Nat (nat_lit 64) (instOfNatNat (nat_lit 64))))) =>
        OrderedReach.safe_shift._proof_1_1 sw h a)
OrderedReach.scalar_integer_products : ∀ (k : Nat)
  (hk : @LE.le.{0} Nat instLENat k (@OfNat.ofNat.{0} Nat (nat_lit 365) (instOfNatNat (nat_lit 365)))),
  And
    (@LE.le.{0} Nat instLENat (@HMul.hMul.{0, 0, 0} Nat Nat Nat (@instHMul.{0} Nat instMulNat) k k)
      (@OfNat.ofNat.{0} Nat (nat_lit 133225) (instOfNatNat (nat_lit 133225))))
    (And
      (@LE.le.{0} Nat instLENat
        (@HMul.hMul.{0, 0, 0} Nat Nat Nat (@instHMul.{0} Nat instMulNat)
          (@OfNat.ofNat.{0} Nat (nat_lit 2) (instOfNatNat (nat_lit 2))) k)
        (@OfNat.ofNat.{0} Nat (nat_lit 730) (instOfNatNat (nat_lit 730))))
      (@LE.le.{0} Nat instLENat
        (@HAdd.hAdd.{0, 0, 0} Nat Nat Nat (@instHAdd.{0} Nat instAddNat) k
          (@OfNat.ofNat.{0} Nat (nat_lit 1) (instOfNatNat (nat_lit 1))))
        (@OfNat.ofNat.{0} Nat (nat_lit 366) (instOfNatNat (nat_lit 366)))))
theorem OrderedReach.scalar_integer_products : ∀ (k : Nat)
  (hk : @LE.le.{0} Nat instLENat k (@OfNat.ofNat.{0} Nat (nat_lit 365) (instOfNatNat (nat_lit 365)))),
  And
    (@LE.le.{0} Nat instLENat (@HMul.hMul.{0, 0, 0} Nat Nat Nat (@instHMul.{0} Nat instMulNat) k k)
      (@OfNat.ofNat.{0} Nat (nat_lit 133225) (instOfNatNat (nat_lit 133225))))
    (And
      (@LE.le.{0} Nat instLENat
        (@HMul.hMul.{0, 0, 0} Nat Nat Nat (@instHMul.{0} Nat instMulNat)
          (@OfNat.ofNat.{0} Nat (nat_lit 2) (instOfNatNat (nat_lit 2))) k)
        (@OfNat.ofNat.{0} Nat (nat_lit 730) (instOfNatNat (nat_lit 730))))
      (@LE.le.{0} Nat instLENat
        (@HAdd.hAdd.{0, 0, 0} Nat Nat Nat (@instHAdd.{0} Nat instAddNat) k
          (@OfNat.ofNat.{0} Nat (nat_lit 1) (instOfNatNat (nat_lit 1))))
        (@OfNat.ofNat.{0} Nat (nat_lit 366) (instOfNatNat (nat_lit 366))))) :=
fun (k : Nat) (hk : @LE.le.{0} Nat instLENat k (@OfNat.ofNat.{0} Nat (nat_lit 365) (instOfNatNat (nat_lit 365)))) =>
  have hm :
    @LE.le.{0} Nat instLENat (@HMul.hMul.{0, 0, 0} Nat Nat Nat (@instHMul.{0} Nat instMulNat) k k)
      (@HMul.hMul.{0, 0, 0} Nat Nat Nat (@instHMul.{0} Nat instMulNat)
        (@OfNat.ofNat.{0} Nat (nat_lit 365) (instOfNatNat (nat_lit 365)))
        (@OfNat.ofNat.{0} Nat (nat_lit 365) (instOfNatNat (nat_lit 365)))) :=
    @Nat.mul_le_mul k k (@OfNat.ofNat.{0} Nat (nat_lit 365) (instOfNatNat (nat_lit 365)))
      (@OfNat.ofNat.{0} Nat (nat_lit 365) (instOfNatNat (nat_lit 365))) hk hk;
  @And.intro
    (@LE.le.{0} Nat instLENat (@HMul.hMul.{0, 0, 0} Nat Nat Nat (@instHMul.{0} Nat instMulNat) k k)
      (@OfNat.ofNat.{0} Nat (nat_lit 133225) (instOfNatNat (nat_lit 133225))))
    (And
      (@LE.le.{0} Nat instLENat
        (@HMul.hMul.{0, 0, 0} Nat Nat Nat (@instHMul.{0} Nat instMulNat)
          (@OfNat.ofNat.{0} Nat (nat_lit 2) (instOfNatNat (nat_lit 2))) k)
        (@OfNat.ofNat.{0} Nat (nat_lit 730) (instOfNatNat (nat_lit 730))))
      (@LE.le.{0} Nat instLENat
        (@HAdd.hAdd.{0, 0, 0} Nat Nat Nat (@instHAdd.{0} Nat instAddNat) k
          (@OfNat.ofNat.{0} Nat (nat_lit 1) (instOfNatNat (nat_lit 1))))
        (@OfNat.ofNat.{0} Nat (nat_lit 366) (instOfNatNat (nat_lit 366)))))
    hm
    (@Decidable.byContradiction
      (And
        (@LE.le.{0} Nat instLENat
          (@HMul.hMul.{0, 0, 0} Nat Nat Nat (@instHMul.{0} Nat instMulNat)
            (@OfNat.ofNat.{0} Nat (nat_lit 2) (instOfNatNat (nat_lit 2))) k)
          (@OfNat.ofNat.{0} Nat (nat_lit 730) (instOfNatNat (nat_lit 730))))
        (@LE.le.{0} Nat instLENat
          (@HAdd.hAdd.{0, 0, 0} Nat Nat Nat (@instHAdd.{0} Nat instAddNat) k
            (@OfNat.ofNat.{0} Nat (nat_lit 1) (instOfNatNat (nat_lit 1))))
          (@OfNat.ofNat.{0} Nat (nat_lit 366) (instOfNatNat (nat_lit 366)))))
      (@instDecidableAnd
        (@LE.le.{0} Nat instLENat
          (@HMul.hMul.{0, 0, 0} Nat Nat Nat (@instHMul.{0} Nat instMulNat)
            (@OfNat.ofNat.{0} Nat (nat_lit 2) (instOfNatNat (nat_lit 2))) k)
          (@OfNat.ofNat.{0} Nat (nat_lit 730) (instOfNatNat (nat_lit 730))))
        (@LE.le.{0} Nat instLENat
          (@HAdd.hAdd.{0, 0, 0} Nat Nat Nat (@instHAdd.{0} Nat instAddNat) k
            (@OfNat.ofNat.{0} Nat (nat_lit 1) (instOfNatNat (nat_lit 1))))
          (@OfNat.ofNat.{0} Nat (nat_lit 366) (instOfNatNat (nat_lit 366))))
        (Nat.decLe
          (@HMul.hMul.{0, 0, 0} Nat Nat Nat (@instHMul.{0} Nat instMulNat)
            (@OfNat.ofNat.{0} Nat (nat_lit 2) (instOfNatNat (nat_lit 2))) k)
          (@OfNat.ofNat.{0} Nat (nat_lit 730) (instOfNatNat (nat_lit 730))))
        (Nat.decLe
          (@HAdd.hAdd.{0, 0, 0} Nat Nat Nat (@instHAdd.{0} Nat instAddNat) k
            (@OfNat.ofNat.{0} Nat (nat_lit 1) (instOfNatNat (nat_lit 1))))
          (@OfNat.ofNat.{0} Nat (nat_lit 366) (instOfNatNat (nat_lit 366)))))
      fun
        (a :
          Not
            (And
              (@LE.le.{0} Nat instLENat
                (@HMul.hMul.{0, 0, 0} Nat Nat Nat (@instHMul.{0} Nat instMulNat)
                  (@OfNat.ofNat.{0} Nat (nat_lit 2) (instOfNatNat (nat_lit 2))) k)
                (@OfNat.ofNat.{0} Nat (nat_lit 730) (instOfNatNat (nat_lit 730))))
              (@LE.le.{0} Nat instLENat
                (@HAdd.hAdd.{0, 0, 0} Nat Nat Nat (@instHAdd.{0} Nat instAddNat) k
                  (@OfNat.ofNat.{0} Nat (nat_lit 1) (instOfNatNat (nat_lit 1))))
                (@OfNat.ofNat.{0} Nat (nat_lit 366) (instOfNatNat (nat_lit 366)))))) =>
      OrderedReach.scalar_integer_products._proof_1_1 k hk a)
@OrderedReach.key_and_root_target_frame : ∀ {W : Type} (mem : Nat → W) (ws : List.{0} (Prod.{0, 0} Nat W))
  (hw :
    ∀ (w : Prod.{0, 0} Nat W),
      @Membership.mem.{0, 0} (Prod.{0, 0} Nat W) (List.{0} (Prod.{0, 0} Nat W))
          (@List.instMembership.{0} (Prod.{0, 0} Nat W)) ws w →
        And
          (@LE.le.{0} Nat instLENat (@OfNat.ofNat.{0} Nat (nat_lit 3072) (instOfNatNat (nat_lit 3072)))
            (@Prod.fst.{0, 0} Nat W w))
          (@LT.lt.{0} Nat instLTNat (@Prod.fst.{0, 0} Nat W w)
            (@OfNat.ofNat.{0} Nat (nat_lit 8702) (instOfNatNat (nat_lit 8702)))))
  (i : Nat),
  Or (@LT.lt.{0} Nat instLTNat i (@OfNat.ofNat.{0} Nat (nat_lit 3072) (instOfNatNat (nat_lit 3072))))
      (@LE.le.{0} Nat instLENat (@OfNat.ofNat.{0} Nat (nat_lit 8702) (instOfNatNat (nat_lit 8702))) i) →
    @Eq.{1} W (@RootLDL.runStores W mem ws i) (mem i)
theorem OrderedReach.key_and_root_target_frame : ∀ {W : Type} (mem : Nat → W) (ws : List.{0} (Prod.{0, 0} Nat W))
  (hw :
    ∀ (w : Prod.{0, 0} Nat W),
      @Membership.mem.{0, 0} (Prod.{0, 0} Nat W) (List.{0} (Prod.{0, 0} Nat W))
          (@List.instMembership.{0} (Prod.{0, 0} Nat W)) ws w →
        And
          (@LE.le.{0} Nat instLENat (@OfNat.ofNat.{0} Nat (nat_lit 3072) (instOfNatNat (nat_lit 3072)))
            (@Prod.fst.{0, 0} Nat W w))
          (@LT.lt.{0} Nat instLTNat (@Prod.fst.{0, 0} Nat W w)
            (@OfNat.ofNat.{0} Nat (nat_lit 8702) (instOfNatNat (nat_lit 8702)))))
  (i : Nat),
  Or (@LT.lt.{0} Nat instLTNat i (@OfNat.ofNat.{0} Nat (nat_lit 3072) (instOfNatNat (nat_lit 3072))))
      (@LE.le.{0} Nat instLENat (@OfNat.ofNat.{0} Nat (nat_lit 8702) (instOfNatNat (nat_lit 8702))) i) →
    @Eq.{1} W (@RootLDL.runStores W mem ws i) (mem i) :=
fun {W : Type} (mem : Nat → W) (ws : List.{0} (Prod.{0, 0} Nat W))
    (hw :
      ∀ (w : Prod.{0, 0} Nat W),
        @Membership.mem.{0, 0} (Prod.{0, 0} Nat W) (List.{0} (Prod.{0, 0} Nat W))
            (@List.instMembership.{0} (Prod.{0, 0} Nat W)) ws w →
          And
            (@LE.le.{0} Nat instLENat (@OfNat.ofNat.{0} Nat (nat_lit 3072) (instOfNatNat (nat_lit 3072)))
              (@Prod.fst.{0, 0} Nat W w))
            (@LT.lt.{0} Nat instLTNat (@Prod.fst.{0, 0} Nat W w)
              (@OfNat.ofNat.{0} Nat (nat_lit 8702) (instOfNatNat (nat_lit 8702))))) =>
  @List.rec.{0, 0} (Prod.{0, 0} Nat W)
    (fun (ws : List.{0} (Prod.{0, 0} Nat W)) =>
      ∀ (mem : Nat → W)
        (hw :
          ∀ (w : Prod.{0, 0} Nat W),
            @Membership.mem.{0, 0} (Prod.{0, 0} Nat W) (List.{0} (Prod.{0, 0} Nat W))
                (@List.instMembership.{0} (Prod.{0, 0} Nat W)) ws w →
              And
                (@LE.le.{0} Nat instLENat (@OfNat.ofNat.{0} Nat (nat_lit 3072) (instOfNatNat (nat_lit 3072)))
                  (@Prod.fst.{0, 0} Nat W w))
                (@LT.lt.{0} Nat instLTNat (@Prod.fst.{0, 0} Nat W w)
                  (@OfNat.ofNat.{0} Nat (nat_lit 8702) (instOfNatNat (nat_lit 8702)))))
        (i : Nat),
        Or (@LT.lt.{0} Nat instLTNat i (@OfNat.ofNat.{0} Nat (nat_lit 3072) (instOfNatNat (nat_lit 3072))))
            (@LE.le.{0} Nat instLENat (@OfNat.ofNat.{0} Nat (nat_lit 8702) (instOfNatNat (nat_lit 8702))) i) →
          @Eq.{1} W (@RootLDL.runStores W mem ws i) (mem i))
    (fun (mem : Nat → W)
        (hw :
          ∀ (w : Prod.{0, 0} Nat W),
            @Membership.mem.{0, 0} (Prod.{0, 0} Nat W) (List.{0} (Prod.{0, 0} Nat W))
                (@List.instMembership.{0} (Prod.{0, 0} Nat W)) (@List.nil.{0} (Prod.{0, 0} Nat W)) w →
              And
                (@LE.le.{0} Nat instLENat (@OfNat.ofNat.{0} Nat (nat_lit 3072) (instOfNatNat (nat_lit 3072)))
                  (@Prod.fst.{0, 0} Nat W w))
                (@LT.lt.{0} Nat instLTNat (@Prod.fst.{0, 0} Nat W w)
                  (@OfNat.ofNat.{0} Nat (nat_lit 8702) (instOfNatNat (nat_lit 8702)))))
        (i : Nat)
        (a :
          Or (@LT.lt.{0} Nat instLTNat i (@OfNat.ofNat.{0} Nat (nat_lit 3072) (instOfNatNat (nat_lit 3072))))
            (@LE.le.{0} Nat instLENat (@OfNat.ofNat.{0} Nat (nat_lit 8702) (instOfNatNat (nat_lit 8702))) i)) =>
      @Eq.refl.{1} W (@RootLDL.runStores W mem (@List.nil.{0} (Prod.{0, 0} Nat W)) i))
    (fun (w : Prod.{0, 0} Nat W) (ws : List.{0} (Prod.{0, 0} Nat W))
        (ih :
          ∀ (mem : Nat → W)
            (hw :
              ∀ (w : Prod.{0, 0} Nat W),
                @Membership.mem.{0, 0} (Prod.{0, 0} Nat W) (List.{0} (Prod.{0, 0} Nat W))
                    (@List.instMembership.{0} (Prod.{0, 0} Nat W)) ws w →
                  And
                    (@LE.le.{0} Nat instLENat (@OfNat.ofNat.{0} Nat (nat_lit 3072) (instOfNatNat (nat_lit 3072)))
                      (@Prod.fst.{0, 0} Nat W w))
                    (@LT.lt.{0} Nat instLTNat (@Prod.fst.{0, 0} Nat W w)
                      (@OfNat.ofNat.{0} Nat (nat_lit 8702) (instOfNatNat (nat_lit 8702)))))
            (i : Nat),
            Or (@LT.lt.{0} Nat instLTNat i (@OfNat.ofNat.{0} Nat (nat_lit 3072) (instOfNatNat (nat_lit 3072))))
                (@LE.le.{0} Nat instLENat (@OfNat.ofNat.{0} Nat (nat_lit 8702) (instOfNatNat (nat_lit 8702))) i) →
              @Eq.{1} W (@RootLDL.runStores W mem ws i) (mem i))
        (mem : Nat → W)
        (hw :
          ∀ (w_1 : Prod.{0, 0} Nat W),
            @Membership.mem.{0, 0} (Prod.{0, 0} Nat W) (List.{0} (Prod.{0, 0} Nat W))
                (@List.instMembership.{0} (Prod.{0, 0} Nat W)) (@List.cons.{0} (Prod.{0, 0} Nat W) w ws) w_1 →
              And
                (@LE.le.{0} Nat instLENat (@OfNat.ofNat.{0} Nat (nat_lit 3072) (instOfNatNat (nat_lit 3072)))
                  (@Prod.fst.{0, 0} Nat W w_1))
                (@LT.lt.{0} Nat instLTNat (@Prod.fst.{0, 0} Nat W w_1)
                  (@OfNat.ofNat.{0} Nat (nat_lit 8702) (instOfNatNat (nat_lit 8702)))))
        (i : Nat)
        (hi :
          Or (@LT.lt.{0} Nat instLTNat i (@OfNat.ofNat.{0} Nat (nat_lit 3072) (instOfNatNat (nat_lit 3072))))
            (@LE.le.{0} Nat instLENat (@OfNat.ofNat.{0} Nat (nat_lit 8702) (instOfNatNat (nat_lit 8702))) i)) =>
      have ht :
        ∀ (v : Prod.{0, 0} Nat W),
          @Membership.mem.{0, 0} (Prod.{0, 0} Nat W) (List.{0} (Prod.{0, 0} Nat W))
              (@List.instMembership.{0} (Prod.{0, 0} Nat W)) ws v →
            And
              (@LE.le.{0} Nat instLENat (@OfNat.ofNat.{0} Nat (nat_lit 3072) (instOfNatNat (nat_lit 3072)))
                (@Prod.fst.{0, 0} Nat W v))
              (@LT.lt.{0} Nat instLTNat (@Prod.fst.{0, 0} Nat W v)
                (@OfNat.ofNat.{0} Nat (nat_lit 8702) (instOfNatNat (nat_lit 8702)))) :=
        fun (v : Prod.{0, 0} Nat W)
          (hv :
            @Membership.mem.{0, 0} (Prod.{0, 0} Nat W) (List.{0} (Prod.{0, 0} Nat W))
              (@List.instMembership.{0} (Prod.{0, 0} Nat W)) ws v) =>
        hw v
          (@of_eq_true
            (@Membership.mem.{0, 0} (Prod.{0, 0} Nat W) (List.{0} (Prod.{0, 0} Nat W))
              (@List.instMembership.{0} (Prod.{0, 0} Nat W)) (@List.cons.{0} (Prod.{0, 0} Nat W) w ws) v)
            (@Eq.trans.{1} Prop
              (@Membership.mem.{0, 0} (Prod.{0, 0} Nat W) (List.{0} (Prod.{0, 0} Nat W))
                (@List.instMembership.{0} (Prod.{0, 0} Nat W)) (@List.cons.{0} (Prod.{0, 0} Nat W) w ws) v)
              (Or (@Eq.{1} (Prod.{0, 0} Nat W) v w)
                (@Membership.mem.{0, 0} (Prod.{0, 0} Nat W) (List.{0} (Prod.{0, 0} Nat W))
                  (@List.instMembership.{0} (Prod.{0, 0} Nat W)) ws v))
              True (@List.mem_cons._simp_1.{0} (Prod.{0, 0} Nat W) w ws v)
              (@Eq.trans.{1} Prop
                (Or (@Eq.{1} (Prod.{0, 0} Nat W) v w)
                  (@Membership.mem.{0, 0} (Prod.{0, 0} Nat W) (List.{0} (Prod.{0, 0} Nat W))
                    (@List.instMembership.{0} (Prod.{0, 0} Nat W)) ws v))
                (Or (@Eq.{1} (Prod.{0, 0} Nat W) v w) True) True
                (@congrArg.{1, 1} Prop Prop
                  (@Membership.mem.{0, 0} (Prod.{0, 0} Nat W) (List.{0} (Prod.{0, 0} Nat W))
                    (@List.instMembership.{0} (Prod.{0, 0} Nat W)) ws v)
                  True (Or (@Eq.{1} (Prod.{0, 0} Nat W) v w))
                  (@eq_true
                    (@Membership.mem.{0, 0} (Prod.{0, 0} Nat W) (List.{0} (Prod.{0, 0} Nat W))
                      (@List.instMembership.{0} (Prod.{0, 0} Nat W)) ws v)
                    hv))
                (or_true (@Eq.{1} (Prod.{0, 0} Nat W) v w)))));
      @Eq.mpr.{0} (@Eq.{1} W (@RootLDL.runStores W mem (@List.cons.{0} (Prod.{0, 0} Nat W) w ws) i) (mem i))
        (@Eq.{1} W (@RootLDL.runStores W (@RootLDL.store W mem w) ws i) (mem i))
        (@id.{0}
          (@Eq.{1} Prop (@Eq.{1} W (@RootLDL.runStores W mem (@List.cons.{0} (Prod.{0, 0} Nat W) w ws) i) (mem i))
            (@Eq.{1} W (@RootLDL.runStores W (@RootLDL.store W mem w) ws i) (mem i)))
          (@congrArg.{1, 1} (Nat → W) Prop (@RootLDL.runStores W mem (@List.cons.{0} (Prod.{0, 0} Nat W) w ws))
            (@RootLDL.runStores W (@RootLDL.store W mem w) ws) (fun (_a : Nat → W) => @Eq.{1} W (_a i) (mem i))
            (@RootLDL.runStores.eq_2 W mem w ws)))
        (@Eq.mpr.{0} (@Eq.{1} W (@RootLDL.runStores W (@RootLDL.store W mem w) ws i) (mem i))
          (@Eq.{1} W (@RootLDL.store W mem w i) (mem i))
          (@id.{0}
            (@Eq.{1} Prop (@Eq.{1} W (@RootLDL.runStores W (@RootLDL.store W mem w) ws i) (mem i))
              (@Eq.{1} W (@RootLDL.store W mem w i) (mem i)))
            (@congrArg.{1, 1} W Prop (@RootLDL.runStores W (@RootLDL.store W mem w) ws i) (@RootLDL.store W mem w i)
              (fun (_a : W) => @Eq.{1} W _a (mem i)) (ih (@RootLDL.store W mem w) ht i hi)))
          (have hn : @Ne.{1} Nat i (@Prod.fst.{0, 0} Nat W w) :=
            have h :
              And
                (@LE.le.{0} Nat instLENat (@OfNat.ofNat.{0} Nat (nat_lit 3072) (instOfNatNat (nat_lit 3072)))
                  (@Prod.fst.{0, 0} Nat W w))
                (@LT.lt.{0} Nat instLTNat (@Prod.fst.{0, 0} Nat W w)
                  (@OfNat.ofNat.{0} Nat (nat_lit 8702) (instOfNatNat (nat_lit 8702)))) :=
              hw w
                (@of_eq_true
                  (@Membership.mem.{0, 0} (Prod.{0, 0} Nat W) (List.{0} (Prod.{0, 0} Nat W))
                    (@List.instMembership.{0} (Prod.{0, 0} Nat W)) (@List.cons.{0} (Prod.{0, 0} Nat W) w ws) w)
                  (@Eq.trans.{1} Prop
                    (@Membership.mem.{0, 0} (Prod.{0, 0} Nat W) (List.{0} (Prod.{0, 0} Nat W))
                      (@List.instMembership.{0} (Prod.{0, 0} Nat W)) (@List.cons.{0} (Prod.{0, 0} Nat W) w ws) w)
                    (Or (@Eq.{1} (Prod.{0, 0} Nat W) w w)
                      (@Membership.mem.{0, 0} (Prod.{0, 0} Nat W) (List.{0} (Prod.{0, 0} Nat W))
                        (@List.instMembership.{0} (Prod.{0, 0} Nat W)) ws w))
                    True (@List.mem_cons._simp_1.{0} (Prod.{0, 0} Nat W) w ws w)
                    (@Eq.trans.{1} Prop
                      (Or (@Eq.{1} (Prod.{0, 0} Nat W) w w)
                        (@Membership.mem.{0, 0} (Prod.{0, 0} Nat W) (List.{0} (Prod.{0, 0} Nat W))
                          (@List.instMembership.{0} (Prod.{0, 0} Nat W)) ws w))
                      (Or True
                        (@Membership.mem.{0, 0} (Prod.{0, 0} Nat W) (List.{0} (Prod.{0, 0} Nat W))
                          (@List.instMembership.{0} (Prod.{0, 0} Nat W)) ws w))
                      True
                      (@congrFun'.{1, 1} Prop Prop (Or (@Eq.{1} (Prod.{0, 0} Nat W) w w)) (Or True)
                        (@congrArg.{1, 1} Prop ((b : Prop) → Prop) (@Eq.{1} (Prod.{0, 0} Nat W) w w) True Or
                          (@eq_self.{1} (Prod.{0, 0} Nat W) w))
                        (@Membership.mem.{0, 0} (Prod.{0, 0} Nat W) (List.{0} (Prod.{0, 0} Nat W))
                          (@List.instMembership.{0} (Prod.{0, 0} Nat W)) ws w))
                      (true_or
                        (@Membership.mem.{0, 0} (Prod.{0, 0} Nat W) (List.{0} (Prod.{0, 0} Nat W))
                          (@List.instMembership.{0} (Prod.{0, 0} Nat W)) ws w)))));
            fun (a : @Eq.{1} Nat i (@Prod.fst.{0, 0} Nat W w)) =>
            @OrderedReach.key_and_root_target_frame._proof_1_1 W w i hi h a;
          @of_eq_true (@Eq.{1} W (@RootLDL.store W mem w i) (mem i))
            (@Eq.trans.{1} Prop (@Eq.{1} W (@RootLDL.store W mem w i) (mem i)) (@Eq.{1} W (mem i) (mem i)) True
              (@congrFun'.{1, 1} W Prop (@Eq.{1} W (@RootLDL.store W mem w i)) (@Eq.{1} W (mem i))
                (@congrArg.{1, 1} W (W → Prop) (@RootLDL.store W mem w i) (mem i) (@Eq.{1} W)
                  (@ite_eq_right_of_eq_false.{1} W (@Eq.{1} Nat i (@Prod.fst.{0, 0} Nat W w))
                    (instDecidableEqNat i (@Prod.fst.{0, 0} Nat W w)) (@Prod.snd.{0, 0} Nat W w) (mem i)
                    (@eq_false (@Eq.{1} Nat i (@Prod.fst.{0, 0} Nat W w)) hn)))
                (mem i))
              (@eq_self.{1} W (mem i))))))
    ws mem hw
OrderedReach.scratch_formula : ∀ (k : Nat),
  @Eq.{1} Nat
    (@HAdd.hAdd.{0, 0, 0} Nat Nat Nat (@instHAdd.{0} Nat instAddNat) (OrderedReach.scratch k)
      (@OfNat.ofNat.{0} Nat (nat_lit 2) (instOfNatNat (nat_lit 2))))
    (@HPow.hPow.{0, 0, 0} Nat Nat Nat (@instHPow.{0, 0} Nat Nat (@instPowNat.{0} Nat instNatPowNat))
      (@OfNat.ofNat.{0} Nat (nat_lit 2) (instOfNatNat (nat_lit 2)))
      (@HAdd.hAdd.{0, 0, 0} Nat Nat Nat (@instHAdd.{0} Nat instAddNat) k
        (@OfNat.ofNat.{0} Nat (nat_lit 1) (instOfNatNat (nat_lit 1)))))
theorem OrderedReach.scratch_formula : ∀ (k : Nat),
  @Eq.{1} Nat
    (@HAdd.hAdd.{0, 0, 0} Nat Nat Nat (@instHAdd.{0} Nat instAddNat) (OrderedReach.scratch k)
      (@OfNat.ofNat.{0} Nat (nat_lit 2) (instOfNatNat (nat_lit 2))))
    (@HPow.hPow.{0, 0, 0} Nat Nat Nat (@instHPow.{0, 0} Nat Nat (@instPowNat.{0} Nat instNatPowNat))
      (@OfNat.ofNat.{0} Nat (nat_lit 2) (instOfNatNat (nat_lit 2)))
      (@HAdd.hAdd.{0, 0, 0} Nat Nat Nat (@instHAdd.{0} Nat instAddNat) k
        (@OfNat.ofNat.{0} Nat (nat_lit 1) (instOfNatNat (nat_lit 1))))) :=
fun (k : Nat) =>
  @Nat.recAux.{0}
    (fun (k : Nat) =>
      @Eq.{1} Nat
        (@HAdd.hAdd.{0, 0, 0} Nat Nat Nat (@instHAdd.{0} Nat instAddNat) (OrderedReach.scratch k)
          (@OfNat.ofNat.{0} Nat (nat_lit 2) (instOfNatNat (nat_lit 2))))
        (@HPow.hPow.{0, 0, 0} Nat Nat Nat (@instHPow.{0, 0} Nat Nat (@instPowNat.{0} Nat instNatPowNat))
          (@OfNat.ofNat.{0} Nat (nat_lit 2) (instOfNatNat (nat_lit 2)))
          (@HAdd.hAdd.{0, 0, 0} Nat Nat Nat (@instHAdd.{0} Nat instAddNat) k
            (@OfNat.ofNat.{0} Nat (nat_lit 1) (instOfNatNat (nat_lit 1))))))
    (@of_decide_eq_true
      (@Eq.{1} Nat
        (@HAdd.hAdd.{0, 0, 0} Nat Nat Nat (@instHAdd.{0} Nat instAddNat)
          (OrderedReach.scratch (@OfNat.ofNat.{0} Nat (nat_lit 0) (instOfNatNat (nat_lit 0))))
          (@OfNat.ofNat.{0} Nat (nat_lit 2) (instOfNatNat (nat_lit 2))))
        (@HPow.hPow.{0, 0, 0} Nat Nat Nat (@instHPow.{0, 0} Nat Nat (@instPowNat.{0} Nat instNatPowNat))
          (@OfNat.ofNat.{0} Nat (nat_lit 2) (instOfNatNat (nat_lit 2)))
          (@HAdd.hAdd.{0, 0, 0} Nat Nat Nat (@instHAdd.{0} Nat instAddNat)
            (@OfNat.ofNat.{0} Nat (nat_lit 0) (instOfNatNat (nat_lit 0)))
            (@OfNat.ofNat.{0} Nat (nat_lit 1) (instOfNatNat (nat_lit 1))))))
      (instDecidableEqNat
        (@HAdd.hAdd.{0, 0, 0} Nat Nat Nat (@instHAdd.{0} Nat instAddNat)
          (OrderedReach.scratch (@OfNat.ofNat.{0} Nat (nat_lit 0) (instOfNatNat (nat_lit 0))))
          (@OfNat.ofNat.{0} Nat (nat_lit 2) (instOfNatNat (nat_lit 2))))
        (@HPow.hPow.{0, 0, 0} Nat Nat Nat (@instHPow.{0, 0} Nat Nat (@instPowNat.{0} Nat instNatPowNat))
          (@OfNat.ofNat.{0} Nat (nat_lit 2) (instOfNatNat (nat_lit 2)))
          (@HAdd.hAdd.{0, 0, 0} Nat Nat Nat (@instHAdd.{0} Nat instAddNat)
            (@OfNat.ofNat.{0} Nat (nat_lit 0) (instOfNatNat (nat_lit 0)))
            (@OfNat.ofNat.{0} Nat (nat_lit 1) (instOfNatNat (nat_lit 1))))))
      (@id.{0}
        (@Eq.{1} Bool
          (@Decidable.decide
            (@Eq.{1} Nat
              (@HAdd.hAdd.{0, 0, 0} Nat Nat Nat (@instHAdd.{0} Nat instAddNat)
                (OrderedReach.scratch (@OfNat.ofNat.{0} Nat (nat_lit 0) (instOfNatNat (nat_lit 0))))
                (@OfNat.ofNat.{0} Nat (nat_lit 2) (instOfNatNat (nat_lit 2))))
              (@HPow.hPow.{0, 0, 0} Nat Nat Nat (@instHPow.{0, 0} Nat Nat (@instPowNat.{0} Nat instNatPowNat))
                (@OfNat.ofNat.{0} Nat (nat_lit 2) (instOfNatNat (nat_lit 2)))
                (@HAdd.hAdd.{0, 0, 0} Nat Nat Nat (@instHAdd.{0} Nat instAddNat)
                  (@OfNat.ofNat.{0} Nat (nat_lit 0) (instOfNatNat (nat_lit 0)))
                  (@OfNat.ofNat.{0} Nat (nat_lit 1) (instOfNatNat (nat_lit 1))))))
            (instDecidableEqNat
              (@HAdd.hAdd.{0, 0, 0} Nat Nat Nat (@instHAdd.{0} Nat instAddNat)
                (OrderedReach.scratch (@OfNat.ofNat.{0} Nat (nat_lit 0) (instOfNatNat (nat_lit 0))))
                (@OfNat.ofNat.{0} Nat (nat_lit 2) (instOfNatNat (nat_lit 2))))
              (@HPow.hPow.{0, 0, 0} Nat Nat Nat (@instHPow.{0, 0} Nat Nat (@instPowNat.{0} Nat instNatPowNat))
                (@OfNat.ofNat.{0} Nat (nat_lit 2) (instOfNatNat (nat_lit 2)))
                (@HAdd.hAdd.{0, 0, 0} Nat Nat Nat (@instHAdd.{0} Nat instAddNat)
                  (@OfNat.ofNat.{0} Nat (nat_lit 0) (instOfNatNat (nat_lit 0)))
                  (@OfNat.ofNat.{0} Nat (nat_lit 1) (instOfNatNat (nat_lit 1)))))))
          Bool.true)
        (@Eq.refl.{1} Bool Bool.true)))
    (fun (k : Nat)
        (ih :
          @Eq.{1} Nat
            (@HAdd.hAdd.{0, 0, 0} Nat Nat Nat (@instHAdd.{0} Nat instAddNat) (OrderedReach.scratch k)
              (@OfNat.ofNat.{0} Nat (nat_lit 2) (instOfNatNat (nat_lit 2))))
            (@HPow.hPow.{0, 0, 0} Nat Nat Nat (@instHPow.{0, 0} Nat Nat (@instPowNat.{0} Nat instNatPowNat))
              (@OfNat.ofNat.{0} Nat (nat_lit 2) (instOfNatNat (nat_lit 2)))
              (@HAdd.hAdd.{0, 0, 0} Nat Nat Nat (@instHAdd.{0} Nat instAddNat) k
                (@OfNat.ofNat.{0} Nat (nat_lit 1) (instOfNatNat (nat_lit 1)))))) =>
      @id.{0}
        (@Eq.{1} Nat
          (@HAdd.hAdd.{0, 0, 0} Nat Nat Nat (@instHAdd.{0} Nat instAddNat)
            (OrderedReach.scratch
              (@HAdd.hAdd.{0, 0, 0} Nat Nat Nat (@instHAdd.{0} Nat instAddNat) k
                (@OfNat.ofNat.{0} Nat (nat_lit 1) (instOfNatNat (nat_lit 1)))))
            (@OfNat.ofNat.{0} Nat (nat_lit 2) (instOfNatNat (nat_lit 2))))
          (@HPow.hPow.{0, 0, 0} Nat Nat Nat (@instHPow.{0, 0} Nat Nat (@instPowNat.{0} Nat instNatPowNat))
            (@OfNat.ofNat.{0} Nat (nat_lit 2) (instOfNatNat (nat_lit 2)))
            (@HAdd.hAdd.{0, 0, 0} Nat Nat Nat (@instHAdd.{0} Nat instAddNat)
              (@HAdd.hAdd.{0, 0, 0} Nat Nat Nat (@instHAdd.{0} Nat instAddNat) k
                (@OfNat.ofNat.{0} Nat (nat_lit 1) (instOfNatNat (nat_lit 1))))
              (@OfNat.ofNat.{0} Nat (nat_lit 1) (instOfNatNat (nat_lit 1))))))
        (@Decidable.byContradiction
          (@Eq.{1} Nat
            (@HAdd.hAdd.{0, 0, 0} Nat Nat Nat (@instHAdd.{0} Nat instAddNat)
              (@HAdd.hAdd.{0, 0, 0} Nat Nat Nat (@instHAdd.{0} Nat instAddNat)
                (@HMul.hMul.{0, 0, 0} Nat Nat Nat (@instHMul.{0} Nat instMulNat)
                  (@HPow.hPow.{0, 0, 0} Nat Nat Nat (@instHPow.{0, 0} Nat Nat (@instPowNat.{0} Nat instNatPowNat))
                    (@OfNat.ofNat.{0} Nat (nat_lit 2) (instOfNatNat (nat_lit 2))) k)
                  (@OfNat.ofNat.{0} Nat (nat_lit 2) (instOfNatNat (nat_lit 2))))
                (OrderedReach.scratch k))
              (@OfNat.ofNat.{0} Nat (nat_lit 2) (instOfNatNat (nat_lit 2))))
            (@HMul.hMul.{0, 0, 0} Nat Nat Nat (@instHMul.{0} Nat instMulNat)
              (@HMul.hMul.{0, 0, 0} Nat Nat Nat (@instHMul.{0} Nat instMulNat)
                (@HPow.hPow.{0, 0, 0} Nat Nat Nat (@instHPow.{0, 0} Nat Nat (@instPowNat.{0} Nat instNatPowNat))
                  (@OfNat.ofNat.{0} Nat (nat_lit 2) (instOfNatNat (nat_lit 2))) k)
                (@OfNat.ofNat.{0} Nat (nat_lit 2) (instOfNatNat (nat_lit 2))))
              (@OfNat.ofNat.{0} Nat (nat_lit 2) (instOfNatNat (nat_lit 2)))))
          (instDecidableEqNat
            (@HAdd.hAdd.{0, 0, 0} Nat Nat Nat (@instHAdd.{0} Nat instAddNat)
              (@HAdd.hAdd.{0, 0, 0} Nat Nat Nat (@instHAdd.{0} Nat instAddNat)
                (@HMul.hMul.{0, 0, 0} Nat Nat Nat (@instHMul.{0} Nat instMulNat)
                  (@HPow.hPow.{0, 0, 0} Nat Nat Nat (@instHPow.{0, 0} Nat Nat (@instPowNat.{0} Nat instNatPowNat))
                    (@OfNat.ofNat.{0} Nat (nat_lit 2) (instOfNatNat (nat_lit 2))) k)
                  (@OfNat.ofNat.{0} Nat (nat_lit 2) (instOfNatNat (nat_lit 2))))
                (OrderedReach.scratch k))
              (@OfNat.ofNat.{0} Nat (nat_lit 2) (instOfNatNat (nat_lit 2))))
            (@HMul.hMul.{0, 0, 0} Nat Nat Nat (@instHMul.{0} Nat instMulNat)
              (@HMul.hMul.{0, 0, 0} Nat Nat Nat (@instHMul.{0} Nat instMulNat)
                (@HPow.hPow.{0, 0, 0} Nat Nat Nat (@instHPow.{0, 0} Nat Nat (@instPowNat.{0} Nat instNatPowNat))
                  (@OfNat.ofNat.{0} Nat (nat_lit 2) (instOfNatNat (nat_lit 2))) k)
                (@OfNat.ofNat.{0} Nat (nat_lit 2) (instOfNatNat (nat_lit 2))))
              (@OfNat.ofNat.{0} Nat (nat_lit 2) (instOfNatNat (nat_lit 2)))))
          fun
            (a :
              Not
                (@Eq.{1} Nat
                  (@HAdd.hAdd.{0, 0, 0} Nat Nat Nat (@instHAdd.{0} Nat instAddNat)
                    (@HAdd.hAdd.{0, 0, 0} Nat Nat Nat (@instHAdd.{0} Nat instAddNat)
                      (@HMul.hMul.{0, 0, 0} Nat Nat Nat (@instHMul.{0} Nat instMulNat)
                        (@HPow.hPow.{0, 0, 0} Nat Nat Nat (@instHPow.{0, 0} Nat Nat (@instPowNat.{0} Nat instNatPowNat))
                          (@OfNat.ofNat.{0} Nat (nat_lit 2) (instOfNatNat (nat_lit 2))) k)
                        (@OfNat.ofNat.{0} Nat (nat_lit 2) (instOfNatNat (nat_lit 2))))
                      (OrderedReach.scratch k))
                    (@OfNat.ofNat.{0} Nat (nat_lit 2) (instOfNatNat (nat_lit 2))))
                  (@HMul.hMul.{0, 0, 0} Nat Nat Nat (@instHMul.{0} Nat instMulNat)
                    (@HMul.hMul.{0, 0, 0} Nat Nat Nat (@instHMul.{0} Nat instMulNat)
                      (@HPow.hPow.{0, 0, 0} Nat Nat Nat (@instHPow.{0, 0} Nat Nat (@instPowNat.{0} Nat instNatPowNat))
                        (@OfNat.ofNat.{0} Nat (nat_lit 2) (instOfNatNat (nat_lit 2))) k)
                      (@OfNat.ofNat.{0} Nat (nat_lit 2) (instOfNatNat (nat_lit 2))))
                    (@OfNat.ofNat.{0} Nat (nat_lit 2) (instOfNatNat (nat_lit 2)))))) =>
          OrderedReach.scratch_formula._proof_1_4 k ih a))
    k
OrderedReach.root_peak : And
  (@Eq.{1} Nat
    (@HAdd.hAdd.{0, 0, 0} Nat Nat Nat (@instHAdd.{0} Nat instAddNat)
      (@HAdd.hAdd.{0, 0, 0} Nat Nat Nat (@instHAdd.{0} Nat instAddNat)
        (@HAdd.hAdd.{0, 0, 0} Nat Nat Nat (@instHAdd.{0} Nat instAddNat)
          (@OfNat.ofNat.{0} Nat (nat_lit 6144) (instOfNatNat (nat_lit 6144)))
          (@OfNat.ofNat.{0} Nat (nat_lit 1536) (instOfNatNat (nat_lit 1536))))
        (@OfNat.ofNat.{0} Nat (nat_lit 512) (instOfNatNat (nat_lit 512))))
      (OrderedReach.scratch (@OfNat.ofNat.{0} Nat (nat_lit 8) (instOfNatNat (nat_lit 8)))))
    (@OfNat.ofNat.{0} Nat (nat_lit 8702) (instOfNatNat (nat_lit 8702))))
  (@LT.lt.{0} Nat instLTNat (@OfNat.ofNat.{0} Nat (nat_lit 8702) (instOfNatNat (nat_lit 8702)))
    (@OfNat.ofNat.{0} Nat (nat_lit 10752) (instOfNatNat (nat_lit 10752))))
theorem OrderedReach.root_peak : And
  (@Eq.{1} Nat
    (@HAdd.hAdd.{0, 0, 0} Nat Nat Nat (@instHAdd.{0} Nat instAddNat)
      (@HAdd.hAdd.{0, 0, 0} Nat Nat Nat (@instHAdd.{0} Nat instAddNat)
        (@HAdd.hAdd.{0, 0, 0} Nat Nat Nat (@instHAdd.{0} Nat instAddNat)
          (@OfNat.ofNat.{0} Nat (nat_lit 6144) (instOfNatNat (nat_lit 6144)))
          (@OfNat.ofNat.{0} Nat (nat_lit 1536) (instOfNatNat (nat_lit 1536))))
        (@OfNat.ofNat.{0} Nat (nat_lit 512) (instOfNatNat (nat_lit 512))))
      (OrderedReach.scratch (@OfNat.ofNat.{0} Nat (nat_lit 8) (instOfNatNat (nat_lit 8)))))
    (@OfNat.ofNat.{0} Nat (nat_lit 8702) (instOfNatNat (nat_lit 8702))))
  (@LT.lt.{0} Nat instLTNat (@OfNat.ofNat.{0} Nat (nat_lit 8702) (instOfNatNat (nat_lit 8702)))
    (@OfNat.ofNat.{0} Nat (nat_lit 10752) (instOfNatNat (nat_lit 10752)))) :=
@of_decide_eq_true
  (And
    (@Eq.{1} Nat
      (@HAdd.hAdd.{0, 0, 0} Nat Nat Nat (@instHAdd.{0} Nat instAddNat)
        (@HAdd.hAdd.{0, 0, 0} Nat Nat Nat (@instHAdd.{0} Nat instAddNat)
          (@HAdd.hAdd.{0, 0, 0} Nat Nat Nat (@instHAdd.{0} Nat instAddNat)
            (@OfNat.ofNat.{0} Nat (nat_lit 6144) (instOfNatNat (nat_lit 6144)))
            (@OfNat.ofNat.{0} Nat (nat_lit 1536) (instOfNatNat (nat_lit 1536))))
          (@OfNat.ofNat.{0} Nat (nat_lit 512) (instOfNatNat (nat_lit 512))))
        (OrderedReach.scratch (@OfNat.ofNat.{0} Nat (nat_lit 8) (instOfNatNat (nat_lit 8)))))
      (@OfNat.ofNat.{0} Nat (nat_lit 8702) (instOfNatNat (nat_lit 8702))))
    (@LT.lt.{0} Nat instLTNat (@OfNat.ofNat.{0} Nat (nat_lit 8702) (instOfNatNat (nat_lit 8702)))
      (@OfNat.ofNat.{0} Nat (nat_lit 10752) (instOfNatNat (nat_lit 10752)))))
  (@instDecidableAnd
    (@Eq.{1} Nat
      (@HAdd.hAdd.{0, 0, 0} Nat Nat Nat (@instHAdd.{0} Nat instAddNat)
        (@HAdd.hAdd.{0, 0, 0} Nat Nat Nat (@instHAdd.{0} Nat instAddNat)
          (@HAdd.hAdd.{0, 0, 0} Nat Nat Nat (@instHAdd.{0} Nat instAddNat)
            (@OfNat.ofNat.{0} Nat (nat_lit 6144) (instOfNatNat (nat_lit 6144)))
            (@OfNat.ofNat.{0} Nat (nat_lit 1536) (instOfNatNat (nat_lit 1536))))
          (@OfNat.ofNat.{0} Nat (nat_lit 512) (instOfNatNat (nat_lit 512))))
        (OrderedReach.scratch (@OfNat.ofNat.{0} Nat (nat_lit 8) (instOfNatNat (nat_lit 8)))))
      (@OfNat.ofNat.{0} Nat (nat_lit 8702) (instOfNatNat (nat_lit 8702))))
    (@LT.lt.{0} Nat instLTNat (@OfNat.ofNat.{0} Nat (nat_lit 8702) (instOfNatNat (nat_lit 8702)))
      (@OfNat.ofNat.{0} Nat (nat_lit 10752) (instOfNatNat (nat_lit 10752))))
    (instDecidableEqNat
      (@HAdd.hAdd.{0, 0, 0} Nat Nat Nat (@instHAdd.{0} Nat instAddNat)
        (@HAdd.hAdd.{0, 0, 0} Nat Nat Nat (@instHAdd.{0} Nat instAddNat)
          (@HAdd.hAdd.{0, 0, 0} Nat Nat Nat (@instHAdd.{0} Nat instAddNat)
            (@OfNat.ofNat.{0} Nat (nat_lit 6144) (instOfNatNat (nat_lit 6144)))
            (@OfNat.ofNat.{0} Nat (nat_lit 1536) (instOfNatNat (nat_lit 1536))))
          (@OfNat.ofNat.{0} Nat (nat_lit 512) (instOfNatNat (nat_lit 512))))
        (OrderedReach.scratch (@OfNat.ofNat.{0} Nat (nat_lit 8) (instOfNatNat (nat_lit 8)))))
      (@OfNat.ofNat.{0} Nat (nat_lit 8702) (instOfNatNat (nat_lit 8702))))
    (Nat.decLt (@OfNat.ofNat.{0} Nat (nat_lit 8702) (instOfNatNat (nat_lit 8702)))
      (@OfNat.ofNat.{0} Nat (nat_lit 10752) (instOfNatNat (nat_lit 10752)))))
  (@id.{0}
    (@Eq.{1} Bool
      (@Decidable.decide
        (And
          (@Eq.{1} Nat
            (@HAdd.hAdd.{0, 0, 0} Nat Nat Nat (@instHAdd.{0} Nat instAddNat)
              (@HAdd.hAdd.{0, 0, 0} Nat Nat Nat (@instHAdd.{0} Nat instAddNat)
                (@HAdd.hAdd.{0, 0, 0} Nat Nat Nat (@instHAdd.{0} Nat instAddNat)
                  (@OfNat.ofNat.{0} Nat (nat_lit 6144) (instOfNatNat (nat_lit 6144)))
                  (@OfNat.ofNat.{0} Nat (nat_lit 1536) (instOfNatNat (nat_lit 1536))))
                (@OfNat.ofNat.{0} Nat (nat_lit 512) (instOfNatNat (nat_lit 512))))
              (OrderedReach.scratch (@OfNat.ofNat.{0} Nat (nat_lit 8) (instOfNatNat (nat_lit 8)))))
            (@OfNat.ofNat.{0} Nat (nat_lit 8702) (instOfNatNat (nat_lit 8702))))
          (@LT.lt.{0} Nat instLTNat (@OfNat.ofNat.{0} Nat (nat_lit 8702) (instOfNatNat (nat_lit 8702)))
            (@OfNat.ofNat.{0} Nat (nat_lit 10752) (instOfNatNat (nat_lit 10752)))))
        (@instDecidableAnd
          (@Eq.{1} Nat
            (@HAdd.hAdd.{0, 0, 0} Nat Nat Nat (@instHAdd.{0} Nat instAddNat)
              (@HAdd.hAdd.{0, 0, 0} Nat Nat Nat (@instHAdd.{0} Nat instAddNat)
                (@HAdd.hAdd.{0, 0, 0} Nat Nat Nat (@instHAdd.{0} Nat instAddNat)
                  (@OfNat.ofNat.{0} Nat (nat_lit 6144) (instOfNatNat (nat_lit 6144)))
                  (@OfNat.ofNat.{0} Nat (nat_lit 1536) (instOfNatNat (nat_lit 1536))))
                (@OfNat.ofNat.{0} Nat (nat_lit 512) (instOfNatNat (nat_lit 512))))
              (OrderedReach.scratch (@OfNat.ofNat.{0} Nat (nat_lit 8) (instOfNatNat (nat_lit 8)))))
            (@OfNat.ofNat.{0} Nat (nat_lit 8702) (instOfNatNat (nat_lit 8702))))
          (@LT.lt.{0} Nat instLTNat (@OfNat.ofNat.{0} Nat (nat_lit 8702) (instOfNatNat (nat_lit 8702)))
            (@OfNat.ofNat.{0} Nat (nat_lit 10752) (instOfNatNat (nat_lit 10752))))
          (instDecidableEqNat
            (@HAdd.hAdd.{0, 0, 0} Nat Nat Nat (@instHAdd.{0} Nat instAddNat)
              (@HAdd.hAdd.{0, 0, 0} Nat Nat Nat (@instHAdd.{0} Nat instAddNat)
                (@HAdd.hAdd.{0, 0, 0} Nat Nat Nat (@instHAdd.{0} Nat instAddNat)
                  (@OfNat.ofNat.{0} Nat (nat_lit 6144) (instOfNatNat (nat_lit 6144)))
                  (@OfNat.ofNat.{0} Nat (nat_lit 1536) (instOfNatNat (nat_lit 1536))))
                (@OfNat.ofNat.{0} Nat (nat_lit 512) (instOfNatNat (nat_lit 512))))
              (OrderedReach.scratch (@OfNat.ofNat.{0} Nat (nat_lit 8) (instOfNatNat (nat_lit 8)))))
            (@OfNat.ofNat.{0} Nat (nat_lit 8702) (instOfNatNat (nat_lit 8702))))
          (Nat.decLt (@OfNat.ofNat.{0} Nat (nat_lit 8702) (instOfNatNat (nat_lit 8702)))
            (@OfNat.ofNat.{0} Nat (nat_lit 10752) (instOfNatNat (nat_lit 10752))))))
      Bool.true)
    (@Eq.refl.{1} Bool Bool.true))
OrderedReach.structural_calls : ∀ (k : Nat),
  @Eq.{1} Nat (OrderedReach.visits k)
    (@HPow.hPow.{0, 0, 0} Nat Nat Nat (@instHPow.{0, 0} Nat Nat (@instPowNat.{0} Nat instNatPowNat))
      (@OfNat.ofNat.{0} Nat (nat_lit 2) (instOfNatNat (nat_lit 2)))
      (@HAdd.hAdd.{0, 0, 0} Nat Nat Nat (@instHAdd.{0} Nat instAddNat) k
        (@OfNat.ofNat.{0} Nat (nat_lit 1) (instOfNatNat (nat_lit 1)))))
theorem OrderedReach.structural_calls : ∀ (k : Nat),
  @Eq.{1} Nat (OrderedReach.visits k)
    (@HPow.hPow.{0, 0, 0} Nat Nat Nat (@instHPow.{0, 0} Nat Nat (@instPowNat.{0} Nat instNatPowNat))
      (@OfNat.ofNat.{0} Nat (nat_lit 2) (instOfNatNat (nat_lit 2)))
      (@HAdd.hAdd.{0, 0, 0} Nat Nat Nat (@instHAdd.{0} Nat instAddNat) k
        (@OfNat.ofNat.{0} Nat (nat_lit 1) (instOfNatNat (nat_lit 1))))) :=
fun (k : Nat) =>
  @Nat.recAux.{0}
    (fun (k : Nat) =>
      @Eq.{1} Nat (OrderedReach.visits k)
        (@HPow.hPow.{0, 0, 0} Nat Nat Nat (@instHPow.{0, 0} Nat Nat (@instPowNat.{0} Nat instNatPowNat))
          (@OfNat.ofNat.{0} Nat (nat_lit 2) (instOfNatNat (nat_lit 2)))
          (@HAdd.hAdd.{0, 0, 0} Nat Nat Nat (@instHAdd.{0} Nat instAddNat) k
            (@OfNat.ofNat.{0} Nat (nat_lit 1) (instOfNatNat (nat_lit 1))))))
    (@of_decide_eq_true
      (@Eq.{1} Nat (OrderedReach.visits (@OfNat.ofNat.{0} Nat (nat_lit 0) (instOfNatNat (nat_lit 0))))
        (@HPow.hPow.{0, 0, 0} Nat Nat Nat (@instHPow.{0, 0} Nat Nat (@instPowNat.{0} Nat instNatPowNat))
          (@OfNat.ofNat.{0} Nat (nat_lit 2) (instOfNatNat (nat_lit 2)))
          (@HAdd.hAdd.{0, 0, 0} Nat Nat Nat (@instHAdd.{0} Nat instAddNat)
            (@OfNat.ofNat.{0} Nat (nat_lit 0) (instOfNatNat (nat_lit 0)))
            (@OfNat.ofNat.{0} Nat (nat_lit 1) (instOfNatNat (nat_lit 1))))))
      (instDecidableEqNat (OrderedReach.visits (@OfNat.ofNat.{0} Nat (nat_lit 0) (instOfNatNat (nat_lit 0))))
        (@HPow.hPow.{0, 0, 0} Nat Nat Nat (@instHPow.{0, 0} Nat Nat (@instPowNat.{0} Nat instNatPowNat))
          (@OfNat.ofNat.{0} Nat (nat_lit 2) (instOfNatNat (nat_lit 2)))
          (@HAdd.hAdd.{0, 0, 0} Nat Nat Nat (@instHAdd.{0} Nat instAddNat)
            (@OfNat.ofNat.{0} Nat (nat_lit 0) (instOfNatNat (nat_lit 0)))
            (@OfNat.ofNat.{0} Nat (nat_lit 1) (instOfNatNat (nat_lit 1))))))
      (@id.{0}
        (@Eq.{1} Bool
          (@Decidable.decide
            (@Eq.{1} Nat (OrderedReach.visits (@OfNat.ofNat.{0} Nat (nat_lit 0) (instOfNatNat (nat_lit 0))))
              (@HPow.hPow.{0, 0, 0} Nat Nat Nat (@instHPow.{0, 0} Nat Nat (@instPowNat.{0} Nat instNatPowNat))
                (@OfNat.ofNat.{0} Nat (nat_lit 2) (instOfNatNat (nat_lit 2)))
                (@HAdd.hAdd.{0, 0, 0} Nat Nat Nat (@instHAdd.{0} Nat instAddNat)
                  (@OfNat.ofNat.{0} Nat (nat_lit 0) (instOfNatNat (nat_lit 0)))
                  (@OfNat.ofNat.{0} Nat (nat_lit 1) (instOfNatNat (nat_lit 1))))))
            (instDecidableEqNat (OrderedReach.visits (@OfNat.ofNat.{0} Nat (nat_lit 0) (instOfNatNat (nat_lit 0))))
              (@HPow.hPow.{0, 0, 0} Nat Nat Nat (@instHPow.{0, 0} Nat Nat (@instPowNat.{0} Nat instNatPowNat))
                (@OfNat.ofNat.{0} Nat (nat_lit 2) (instOfNatNat (nat_lit 2)))
                (@HAdd.hAdd.{0, 0, 0} Nat Nat Nat (@instHAdd.{0} Nat instAddNat)
                  (@OfNat.ofNat.{0} Nat (nat_lit 0) (instOfNatNat (nat_lit 0)))
                  (@OfNat.ofNat.{0} Nat (nat_lit 1) (instOfNatNat (nat_lit 1)))))))
          Bool.true)
        (@Eq.refl.{1} Bool Bool.true)))
    (fun (k : Nat)
        (ih :
          @Eq.{1} Nat (OrderedReach.visits k)
            (@HPow.hPow.{0, 0, 0} Nat Nat Nat (@instHPow.{0, 0} Nat Nat (@instPowNat.{0} Nat instNatPowNat))
              (@OfNat.ofNat.{0} Nat (nat_lit 2) (instOfNatNat (nat_lit 2)))
              (@HAdd.hAdd.{0, 0, 0} Nat Nat Nat (@instHAdd.{0} Nat instAddNat) k
                (@OfNat.ofNat.{0} Nat (nat_lit 1) (instOfNatNat (nat_lit 1)))))) =>
      @of_eq_true
        (@Eq.{1} Nat
          (OrderedReach.visits
            (@HAdd.hAdd.{0, 0, 0} Nat Nat Nat (@instHAdd.{0} Nat instAddNat) k
              (@OfNat.ofNat.{0} Nat (nat_lit 1) (instOfNatNat (nat_lit 1)))))
          (@HPow.hPow.{0, 0, 0} Nat Nat Nat (@instHPow.{0, 0} Nat Nat (@instPowNat.{0} Nat instNatPowNat))
            (@OfNat.ofNat.{0} Nat (nat_lit 2) (instOfNatNat (nat_lit 2)))
            (@HAdd.hAdd.{0, 0, 0} Nat Nat Nat (@instHAdd.{0} Nat instAddNat)
              (@HAdd.hAdd.{0, 0, 0} Nat Nat Nat (@instHAdd.{0} Nat instAddNat) k
                (@OfNat.ofNat.{0} Nat (nat_lit 1) (instOfNatNat (nat_lit 1))))
              (@OfNat.ofNat.{0} Nat (nat_lit 1) (instOfNatNat (nat_lit 1))))))
        (@Eq.trans.{1} Prop
          (@Eq.{1} Nat
            (OrderedReach.visits
              (@HAdd.hAdd.{0, 0, 0} Nat Nat Nat (@instHAdd.{0} Nat instAddNat) k
                (@OfNat.ofNat.{0} Nat (nat_lit 1) (instOfNatNat (nat_lit 1)))))
            (@HPow.hPow.{0, 0, 0} Nat Nat Nat (@instHPow.{0, 0} Nat Nat (@instPowNat.{0} Nat instNatPowNat))
              (@OfNat.ofNat.{0} Nat (nat_lit 2) (instOfNatNat (nat_lit 2)))
              (@HAdd.hAdd.{0, 0, 0} Nat Nat Nat (@instHAdd.{0} Nat instAddNat)
                (@HAdd.hAdd.{0, 0, 0} Nat Nat Nat (@instHAdd.{0} Nat instAddNat) k
                  (@OfNat.ofNat.{0} Nat (nat_lit 1) (instOfNatNat (nat_lit 1))))
                (@OfNat.ofNat.{0} Nat (nat_lit 1) (instOfNatNat (nat_lit 1))))))
          (@Eq.{1} Nat
            (@HMul.hMul.{0, 0, 0} Nat Nat Nat (@instHMul.{0} Nat instMulNat)
              (@OfNat.ofNat.{0} Nat (nat_lit 2) (instOfNatNat (nat_lit 2)))
              (@HMul.hMul.{0, 0, 0} Nat Nat Nat (@instHMul.{0} Nat instMulNat)
                (@OfNat.ofNat.{0} Nat (nat_lit 2) (instOfNatNat (nat_lit 2)))
                (@HPow.hPow.{0, 0, 0} Nat Nat Nat (@instHPow.{0, 0} Nat Nat (@instPowNat.{0} Nat instNatPowNat))
                  (@OfNat.ofNat.{0} Nat (nat_lit 2) (instOfNatNat (nat_lit 2))) k)))
            (@HMul.hMul.{0, 0, 0} Nat Nat Nat (@instHMul.{0} Nat instMulNat)
              (@OfNat.ofNat.{0} Nat (nat_lit 2) (instOfNatNat (nat_lit 2)))
              (@HMul.hMul.{0, 0, 0} Nat Nat Nat (@instHMul.{0} Nat instMulNat)
                (@OfNat.ofNat.{0} Nat (nat_lit 2) (instOfNatNat (nat_lit 2)))
                (@HPow.hPow.{0, 0, 0} Nat Nat Nat (@instHPow.{0, 0} Nat Nat (@instPowNat.{0} Nat instNatPowNat))
                  (@OfNat.ofNat.{0} Nat (nat_lit 2) (instOfNatNat (nat_lit 2))) k))))
          True
          (@congr.{1, 1} Nat Prop
            (@Eq.{1} Nat
              (OrderedReach.visits
                (@HAdd.hAdd.{0, 0, 0} Nat Nat Nat (@instHAdd.{0} Nat instAddNat) k
                  (@OfNat.ofNat.{0} Nat (nat_lit 1) (instOfNatNat (nat_lit 1))))))
            (@Eq.{1} Nat
              (@HMul.hMul.{0, 0, 0} Nat Nat Nat (@instHMul.{0} Nat instMulNat)
                (@OfNat.ofNat.{0} Nat (nat_lit 2) (instOfNatNat (nat_lit 2)))
                (@HMul.hMul.{0, 0, 0} Nat Nat Nat (@instHMul.{0} Nat instMulNat)
                  (@OfNat.ofNat.{0} Nat (nat_lit 2) (instOfNatNat (nat_lit 2)))
                  (@HPow.hPow.{0, 0, 0} Nat Nat Nat (@instHPow.{0, 0} Nat Nat (@instPowNat.{0} Nat instNatPowNat))
                    (@OfNat.ofNat.{0} Nat (nat_lit 2) (instOfNatNat (nat_lit 2))) k))))
            (@HPow.hPow.{0, 0, 0} Nat Nat Nat (@instHPow.{0, 0} Nat Nat (@instPowNat.{0} Nat instNatPowNat))
              (@OfNat.ofNat.{0} Nat (nat_lit 2) (instOfNatNat (nat_lit 2)))
              (@HAdd.hAdd.{0, 0, 0} Nat Nat Nat (@instHAdd.{0} Nat instAddNat)
                (@HAdd.hAdd.{0, 0, 0} Nat Nat Nat (@instHAdd.{0} Nat instAddNat) k
                  (@OfNat.ofNat.{0} Nat (nat_lit 1) (instOfNatNat (nat_lit 1))))
                (@OfNat.ofNat.{0} Nat (nat_lit 1) (instOfNatNat (nat_lit 1)))))
            (@HMul.hMul.{0, 0, 0} Nat Nat Nat (@instHMul.{0} Nat instMulNat)
              (@OfNat.ofNat.{0} Nat (nat_lit 2) (instOfNatNat (nat_lit 2)))
              (@HMul.hMul.{0, 0, 0} Nat Nat Nat (@instHMul.{0} Nat instMulNat)
                (@OfNat.ofNat.{0} Nat (nat_lit 2) (instOfNatNat (nat_lit 2)))
                (@HPow.hPow.{0, 0, 0} Nat Nat Nat (@instHPow.{0, 0} Nat Nat (@instPowNat.{0} Nat instNatPowNat))
                  (@OfNat.ofNat.{0} Nat (nat_lit 2) (instOfNatNat (nat_lit 2))) k)))
            (@congrArg.{1, 1} Nat (Nat → Prop)
              (OrderedReach.visits
                (@HAdd.hAdd.{0, 0, 0} Nat Nat Nat (@instHAdd.{0} Nat instAddNat) k
                  (@OfNat.ofNat.{0} Nat (nat_lit 1) (instOfNatNat (nat_lit 1)))))
              (@HMul.hMul.{0, 0, 0} Nat Nat Nat (@instHMul.{0} Nat instMulNat)
                (@OfNat.ofNat.{0} Nat (nat_lit 2) (instOfNatNat (nat_lit 2)))
                (@HMul.hMul.{0, 0, 0} Nat Nat Nat (@instHMul.{0} Nat instMulNat)
                  (@OfNat.ofNat.{0} Nat (nat_lit 2) (instOfNatNat (nat_lit 2)))
                  (@HPow.hPow.{0, 0, 0} Nat Nat Nat (@instHPow.{0, 0} Nat Nat (@instPowNat.{0} Nat instNatPowNat))
                    (@OfNat.ofNat.{0} Nat (nat_lit 2) (instOfNatNat (nat_lit 2))) k)))
              (@Eq.{1} Nat)
              (@congrArg.{1, 1} Nat Nat (OrderedReach.visits k)
                (@HMul.hMul.{0, 0, 0} Nat Nat Nat (@instHMul.{0} Nat instMulNat)
                  (@OfNat.ofNat.{0} Nat (nat_lit 2) (instOfNatNat (nat_lit 2)))
                  (@HPow.hPow.{0, 0, 0} Nat Nat Nat (@instHPow.{0, 0} Nat Nat (@instPowNat.{0} Nat instNatPowNat))
                    (@OfNat.ofNat.{0} Nat (nat_lit 2) (instOfNatNat (nat_lit 2))) k))
                (@HMul.hMul.{0, 0, 0} Nat Nat Nat (@instHMul.{0} Nat instMulNat)
                  (@OfNat.ofNat.{0} Nat (nat_lit 2) (instOfNatNat (nat_lit 2))))
                (@Eq.trans.{1} Nat (OrderedReach.visits k)
                  (@HPow.hPow.{0, 0, 0} Nat Nat Nat (@instHPow.{0, 0} Nat Nat (@instPowNat.{0} Nat instNatPowNat))
                    (@OfNat.ofNat.{0} Nat (nat_lit 2) (instOfNatNat (nat_lit 2)))
                    (@HAdd.hAdd.{0, 0, 0} Nat Nat Nat (@instHAdd.{0} Nat instAddNat) k
                      (@OfNat.ofNat.{0} Nat (nat_lit 1) (instOfNatNat (nat_lit 1)))))
                  (@HMul.hMul.{0, 0, 0} Nat Nat Nat (@instHMul.{0} Nat instMulNat)
                    (@OfNat.ofNat.{0} Nat (nat_lit 2) (instOfNatNat (nat_lit 2)))
                    (@HPow.hPow.{0, 0, 0} Nat Nat Nat (@instHPow.{0, 0} Nat Nat (@instPowNat.{0} Nat instNatPowNat))
                      (@OfNat.ofNat.{0} Nat (nat_lit 2) (instOfNatNat (nat_lit 2))) k))
                  ih
                  (Nat.mul_comm
                    (@HPow.hPow.{0, 0, 0} Nat Nat Nat (@instHPow.{0, 0} Nat Nat (@instPowNat.{0} Nat instNatPowNat))
                      (@OfNat.ofNat.{0} Nat (nat_lit 2) (instOfNatNat (nat_lit 2))) k)
                    (@OfNat.ofNat.{0} Nat (nat_lit 2) (instOfNatNat (nat_lit 2)))))))
            (@Eq.trans.{1} Nat
              (@HMul.hMul.{0, 0, 0} Nat Nat Nat (@instHMul.{0} Nat instMulNat)
                (@HPow.hPow.{0, 0, 0} Nat Nat Nat (@instHPow.{0, 0} Nat Nat (@instPowNat.{0} Nat instNatPowNat))
                  (@OfNat.ofNat.{0} Nat (nat_lit 2) (instOfNatNat (nat_lit 2)))
                  (@HAdd.hAdd.{0, 0, 0} Nat Nat Nat (@instHAdd.{0} Nat instAddNat) k
                    (@OfNat.ofNat.{0} Nat (nat_lit 1) (instOfNatNat (nat_lit 1)))))
                (@OfNat.ofNat.{0} Nat (nat_lit 2) (instOfNatNat (nat_lit 2))))
              (@HMul.hMul.{0, 0, 0} Nat Nat Nat (@instHMul.{0} Nat instMulNat)
                (@HMul.hMul.{0, 0, 0} Nat Nat Nat (@instHMul.{0} Nat instMulNat)
                  (@OfNat.ofNat.{0} Nat (nat_lit 2) (instOfNatNat (nat_lit 2)))
                  (@HPow.hPow.{0, 0, 0} Nat Nat Nat (@instHPow.{0, 0} Nat Nat (@instPowNat.{0} Nat instNatPowNat))
                    (@OfNat.ofNat.{0} Nat (nat_lit 2) (instOfNatNat (nat_lit 2))) k))
                (@OfNat.ofNat.{0} Nat (nat_lit 2) (instOfNatNat (nat_lit 2))))
              (@HMul.hMul.{0, 0, 0} Nat Nat Nat (@instHMul.{0} Nat instMulNat)
                (@OfNat.ofNat.{0} Nat (nat_lit 2) (instOfNatNat (nat_lit 2)))
                (@HMul.hMul.{0, 0, 0} Nat Nat Nat (@instHMul.{0} Nat instMulNat)
                  (@OfNat.ofNat.{0} Nat (nat_lit 2) (instOfNatNat (nat_lit 2)))
                  (@HPow.hPow.{0, 0, 0} Nat Nat Nat (@instHPow.{0, 0} Nat Nat (@instPowNat.{0} Nat instNatPowNat))
                    (@OfNat.ofNat.{0} Nat (nat_lit 2) (instOfNatNat (nat_lit 2))) k)))
              (@congrFun'.{1, 1} Nat Nat
                (@HMul.hMul.{0, 0, 0} Nat Nat Nat (@instHMul.{0} Nat instMulNat)
                  (@HPow.hPow.{0, 0, 0} Nat Nat Nat (@instHPow.{0, 0} Nat Nat (@instPowNat.{0} Nat instNatPowNat))
                    (@OfNat.ofNat.{0} Nat (nat_lit 2) (instOfNatNat (nat_lit 2)))
                    (@HAdd.hAdd.{0, 0, 0} Nat Nat Nat (@instHAdd.{0} Nat instAddNat) k
                      (@OfNat.ofNat.{0} Nat (nat_lit 1) (instOfNatNat (nat_lit 1))))))
                (@HMul.hMul.{0, 0, 0} Nat Nat Nat (@instHMul.{0} Nat instMulNat)
                  (@HMul.hMul.{0, 0, 0} Nat Nat Nat (@instHMul.{0} Nat instMulNat)
                    (@OfNat.ofNat.{0} Nat (nat_lit 2) (instOfNatNat (nat_lit 2)))
                    (@HPow.hPow.{0, 0, 0} Nat Nat Nat (@instHPow.{0, 0} Nat Nat (@instPowNat.{0} Nat instNatPowNat))
                      (@OfNat.ofNat.{0} Nat (nat_lit 2) (instOfNatNat (nat_lit 2))) k)))
                (@congrArg.{1, 1} Nat (Nat → Nat)
                  (@HPow.hPow.{0, 0, 0} Nat Nat Nat (@instHPow.{0, 0} Nat Nat (@instPowNat.{0} Nat instNatPowNat))
                    (@OfNat.ofNat.{0} Nat (nat_lit 2) (instOfNatNat (nat_lit 2)))
                    (@HAdd.hAdd.{0, 0, 0} Nat Nat Nat (@instHAdd.{0} Nat instAddNat) k
                      (@OfNat.ofNat.{0} Nat (nat_lit 1) (instOfNatNat (nat_lit 1)))))
                  (@HMul.hMul.{0, 0, 0} Nat Nat Nat (@instHMul.{0} Nat instMulNat)
                    (@OfNat.ofNat.{0} Nat (nat_lit 2) (instOfNatNat (nat_lit 2)))
                    (@HPow.hPow.{0, 0, 0} Nat Nat Nat (@instHPow.{0, 0} Nat Nat (@instPowNat.{0} Nat instNatPowNat))
                      (@OfNat.ofNat.{0} Nat (nat_lit 2) (instOfNatNat (nat_lit 2))) k))
                  (@HMul.hMul.{0, 0, 0} Nat Nat Nat (@instHMul.{0} Nat instMulNat))
                  (Nat.mul_comm
                    (@HPow.hPow.{0, 0, 0} Nat Nat Nat (@instHPow.{0, 0} Nat Nat (@instPowNat.{0} Nat instNatPowNat))
                      (@OfNat.ofNat.{0} Nat (nat_lit 2) (instOfNatNat (nat_lit 2))) k)
                    (@OfNat.ofNat.{0} Nat (nat_lit 2) (instOfNatNat (nat_lit 2)))))
                (@OfNat.ofNat.{0} Nat (nat_lit 2) (instOfNatNat (nat_lit 2))))
              (Nat.mul_comm
                (@HMul.hMul.{0, 0, 0} Nat Nat Nat (@instHMul.{0} Nat instMulNat)
                  (@OfNat.ofNat.{0} Nat (nat_lit 2) (instOfNatNat (nat_lit 2)))
                  (@HPow.hPow.{0, 0, 0} Nat Nat Nat (@instHPow.{0, 0} Nat Nat (@instPowNat.{0} Nat instNatPowNat))
                    (@OfNat.ofNat.{0} Nat (nat_lit 2) (instOfNatNat (nat_lit 2))) k))
                (@OfNat.ofNat.{0} Nat (nat_lit 2) (instOfNatNat (nat_lit 2))))))
          (@eq_self.{1} Nat
            (@HMul.hMul.{0, 0, 0} Nat Nat Nat (@instHMul.{0} Nat instMulNat)
              (@OfNat.ofNat.{0} Nat (nat_lit 2) (instOfNatNat (nat_lit 2)))
              (@HMul.hMul.{0, 0, 0} Nat Nat Nat (@instHMul.{0} Nat instMulNat)
                (@OfNat.ofNat.{0} Nat (nat_lit 2) (instOfNatNat (nat_lit 2)))
                (@HPow.hPow.{0, 0, 0} Nat Nat Nat (@instHPow.{0, 0} Nat Nat (@instPowNat.{0} Nat instNatPowNat))
                  (@OfNat.ofNat.{0} Nat (nat_lit 2) (instOfNatNat (nat_lit 2))) k))))))
    k
OrderedReach.right_and_whole_counts : And
  (@Eq.{1} Nat
    (@HMul.hMul.{0, 0, 0} Nat Nat Nat (@instHMul.{0} Nat instMulNat)
      (@OfNat.ofNat.{0} Nat (nat_lit 3) (instOfNatNat (nat_lit 3)))
      (OrderedReach.visits (@OfNat.ofNat.{0} Nat (nat_lit 8) (instOfNatNat (nat_lit 8)))))
    (@OfNat.ofNat.{0} Nat (nat_lit 1536) (instOfNatNat (nat_lit 1536))))
  (@Eq.{1} Nat
    (@HMul.hMul.{0, 0, 0} Nat Nat Nat (@instHMul.{0} Nat instMulNat)
      (@HMul.hMul.{0, 0, 0} Nat Nat Nat (@instHMul.{0} Nat instMulNat)
        (@OfNat.ofNat.{0} Nat (nat_lit 2) (instOfNatNat (nat_lit 2)))
        (@OfNat.ofNat.{0} Nat (nat_lit 3) (instOfNatNat (nat_lit 3))))
      (OrderedReach.visits (@OfNat.ofNat.{0} Nat (nat_lit 8) (instOfNatNat (nat_lit 8)))))
    (@OfNat.ofNat.{0} Nat (nat_lit 3072) (instOfNatNat (nat_lit 3072))))
theorem OrderedReach.right_and_whole_counts : And
  (@Eq.{1} Nat
    (@HMul.hMul.{0, 0, 0} Nat Nat Nat (@instHMul.{0} Nat instMulNat)
      (@OfNat.ofNat.{0} Nat (nat_lit 3) (instOfNatNat (nat_lit 3)))
      (OrderedReach.visits (@OfNat.ofNat.{0} Nat (nat_lit 8) (instOfNatNat (nat_lit 8)))))
    (@OfNat.ofNat.{0} Nat (nat_lit 1536) (instOfNatNat (nat_lit 1536))))
  (@Eq.{1} Nat
    (@HMul.hMul.{0, 0, 0} Nat Nat Nat (@instHMul.{0} Nat instMulNat)
      (@HMul.hMul.{0, 0, 0} Nat Nat Nat (@instHMul.{0} Nat instMulNat)
        (@OfNat.ofNat.{0} Nat (nat_lit 2) (instOfNatNat (nat_lit 2)))
        (@OfNat.ofNat.{0} Nat (nat_lit 3) (instOfNatNat (nat_lit 3))))
      (OrderedReach.visits (@OfNat.ofNat.{0} Nat (nat_lit 8) (instOfNatNat (nat_lit 8)))))
    (@OfNat.ofNat.{0} Nat (nat_lit 3072) (instOfNatNat (nat_lit 3072)))) :=
@of_decide_eq_true
  (And
    (@Eq.{1} Nat
      (@HMul.hMul.{0, 0, 0} Nat Nat Nat (@instHMul.{0} Nat instMulNat)
        (@OfNat.ofNat.{0} Nat (nat_lit 3) (instOfNatNat (nat_lit 3)))
        (OrderedReach.visits (@OfNat.ofNat.{0} Nat (nat_lit 8) (instOfNatNat (nat_lit 8)))))
      (@OfNat.ofNat.{0} Nat (nat_lit 1536) (instOfNatNat (nat_lit 1536))))
    (@Eq.{1} Nat
      (@HMul.hMul.{0, 0, 0} Nat Nat Nat (@instHMul.{0} Nat instMulNat)
        (@HMul.hMul.{0, 0, 0} Nat Nat Nat (@instHMul.{0} Nat instMulNat)
          (@OfNat.ofNat.{0} Nat (nat_lit 2) (instOfNatNat (nat_lit 2)))
          (@OfNat.ofNat.{0} Nat (nat_lit 3) (instOfNatNat (nat_lit 3))))
        (OrderedReach.visits (@OfNat.ofNat.{0} Nat (nat_lit 8) (instOfNatNat (nat_lit 8)))))
      (@OfNat.ofNat.{0} Nat (nat_lit 3072) (instOfNatNat (nat_lit 3072)))))
  (@instDecidableAnd
    (@Eq.{1} Nat
      (@HMul.hMul.{0, 0, 0} Nat Nat Nat (@instHMul.{0} Nat instMulNat)
        (@OfNat.ofNat.{0} Nat (nat_lit 3) (instOfNatNat (nat_lit 3)))
        (OrderedReach.visits (@OfNat.ofNat.{0} Nat (nat_lit 8) (instOfNatNat (nat_lit 8)))))
      (@OfNat.ofNat.{0} Nat (nat_lit 1536) (instOfNatNat (nat_lit 1536))))
    (@Eq.{1} Nat
      (@HMul.hMul.{0, 0, 0} Nat Nat Nat (@instHMul.{0} Nat instMulNat)
        (@HMul.hMul.{0, 0, 0} Nat Nat Nat (@instHMul.{0} Nat instMulNat)
          (@OfNat.ofNat.{0} Nat (nat_lit 2) (instOfNatNat (nat_lit 2)))
          (@OfNat.ofNat.{0} Nat (nat_lit 3) (instOfNatNat (nat_lit 3))))
        (OrderedReach.visits (@OfNat.ofNat.{0} Nat (nat_lit 8) (instOfNatNat (nat_lit 8)))))
      (@OfNat.ofNat.{0} Nat (nat_lit 3072) (instOfNatNat (nat_lit 3072))))
    (instDecidableEqNat
      (@HMul.hMul.{0, 0, 0} Nat Nat Nat (@instHMul.{0} Nat instMulNat)
        (@OfNat.ofNat.{0} Nat (nat_lit 3) (instOfNatNat (nat_lit 3)))
        (OrderedReach.visits (@OfNat.ofNat.{0} Nat (nat_lit 8) (instOfNatNat (nat_lit 8)))))
      (@OfNat.ofNat.{0} Nat (nat_lit 1536) (instOfNatNat (nat_lit 1536))))
    (instDecidableEqNat
      (@HMul.hMul.{0, 0, 0} Nat Nat Nat (@instHMul.{0} Nat instMulNat)
        (@HMul.hMul.{0, 0, 0} Nat Nat Nat (@instHMul.{0} Nat instMulNat)
          (@OfNat.ofNat.{0} Nat (nat_lit 2) (instOfNatNat (nat_lit 2)))
          (@OfNat.ofNat.{0} Nat (nat_lit 3) (instOfNatNat (nat_lit 3))))
        (OrderedReach.visits (@OfNat.ofNat.{0} Nat (nat_lit 8) (instOfNatNat (nat_lit 8)))))
      (@OfNat.ofNat.{0} Nat (nat_lit 3072) (instOfNatNat (nat_lit 3072)))))
  (@id.{0}
    (@Eq.{1} Bool
      (@Decidable.decide
        (And
          (@Eq.{1} Nat
            (@HMul.hMul.{0, 0, 0} Nat Nat Nat (@instHMul.{0} Nat instMulNat)
              (@OfNat.ofNat.{0} Nat (nat_lit 3) (instOfNatNat (nat_lit 3)))
              (OrderedReach.visits (@OfNat.ofNat.{0} Nat (nat_lit 8) (instOfNatNat (nat_lit 8)))))
            (@OfNat.ofNat.{0} Nat (nat_lit 1536) (instOfNatNat (nat_lit 1536))))
          (@Eq.{1} Nat
            (@HMul.hMul.{0, 0, 0} Nat Nat Nat (@instHMul.{0} Nat instMulNat)
              (@HMul.hMul.{0, 0, 0} Nat Nat Nat (@instHMul.{0} Nat instMulNat)
                (@OfNat.ofNat.{0} Nat (nat_lit 2) (instOfNatNat (nat_lit 2)))
                (@OfNat.ofNat.{0} Nat (nat_lit 3) (instOfNatNat (nat_lit 3))))
              (OrderedReach.visits (@OfNat.ofNat.{0} Nat (nat_lit 8) (instOfNatNat (nat_lit 8)))))
            (@OfNat.ofNat.{0} Nat (nat_lit 3072) (instOfNatNat (nat_lit 3072)))))
        (@instDecidableAnd
          (@Eq.{1} Nat
            (@HMul.hMul.{0, 0, 0} Nat Nat Nat (@instHMul.{0} Nat instMulNat)
              (@OfNat.ofNat.{0} Nat (nat_lit 3) (instOfNatNat (nat_lit 3)))
              (OrderedReach.visits (@OfNat.ofNat.{0} Nat (nat_lit 8) (instOfNatNat (nat_lit 8)))))
            (@OfNat.ofNat.{0} Nat (nat_lit 1536) (instOfNatNat (nat_lit 1536))))
          (@Eq.{1} Nat
            (@HMul.hMul.{0, 0, 0} Nat Nat Nat (@instHMul.{0} Nat instMulNat)
              (@HMul.hMul.{0, 0, 0} Nat Nat Nat (@instHMul.{0} Nat instMulNat)
                (@OfNat.ofNat.{0} Nat (nat_lit 2) (instOfNatNat (nat_lit 2)))
                (@OfNat.ofNat.{0} Nat (nat_lit 3) (instOfNatNat (nat_lit 3))))
              (OrderedReach.visits (@OfNat.ofNat.{0} Nat (nat_lit 8) (instOfNatNat (nat_lit 8)))))
            (@OfNat.ofNat.{0} Nat (nat_lit 3072) (instOfNatNat (nat_lit 3072))))
          (instDecidableEqNat
            (@HMul.hMul.{0, 0, 0} Nat Nat Nat (@instHMul.{0} Nat instMulNat)
              (@OfNat.ofNat.{0} Nat (nat_lit 3) (instOfNatNat (nat_lit 3)))
              (OrderedReach.visits (@OfNat.ofNat.{0} Nat (nat_lit 8) (instOfNatNat (nat_lit 8)))))
            (@OfNat.ofNat.{0} Nat (nat_lit 1536) (instOfNatNat (nat_lit 1536))))
          (instDecidableEqNat
            (@HMul.hMul.{0, 0, 0} Nat Nat Nat (@instHMul.{0} Nat instMulNat)
              (@HMul.hMul.{0, 0, 0} Nat Nat Nat (@instHMul.{0} Nat instMulNat)
                (@OfNat.ofNat.{0} Nat (nat_lit 2) (instOfNatNat (nat_lit 2)))
                (@OfNat.ofNat.{0} Nat (nat_lit 3) (instOfNatNat (nat_lit 3))))
              (OrderedReach.visits (@OfNat.ofNat.{0} Nat (nat_lit 8) (instOfNatNat (nat_lit 8)))))
            (@OfNat.ofNat.{0} Nat (nat_lit 3072) (instOfNatNat (nat_lit 3072))))))
      Bool.true)
    (@Eq.refl.{1} Bool Bool.true))
OrderedReach.terminal_inverse_identity : ∀ (a b c : Int),
  @Eq.{1} Int
    (@HAdd.hAdd.{0, 0, 0} Int Int Int (@instHAdd.{0} Int Int.instAdd)
      (@HSub.hSub.{0, 0, 0} Int Int Int (@instHSub.{0} Int Int.instSub)
        (@HMul.hMul.{0, 0, 0} Int Int Int (@instHMul.{0} Int Int.instMul)
          (@OfNat.ofNat.{0} Int (nat_lit 2) (@instOfNat (nat_lit 2))) a)
        (@HMul.hMul.{0, 0, 0} Int Int Int (@instHMul.{0} Int Int.instMul) c b))
      (@HMul.hMul.{0, 0, 0} Int Int Int (@instHMul.{0} Int Int.instMul) c b))
    (@HMul.hMul.{0, 0, 0} Int Int Int (@instHMul.{0} Int Int.instMul)
      (@OfNat.ofNat.{0} Int (nat_lit 2) (@instOfNat (nat_lit 2))) a)
theorem OrderedReach.terminal_inverse_identity : ∀ (a b c : Int),
  @Eq.{1} Int
    (@HAdd.hAdd.{0, 0, 0} Int Int Int (@instHAdd.{0} Int Int.instAdd)
      (@HSub.hSub.{0, 0, 0} Int Int Int (@instHSub.{0} Int Int.instSub)
        (@HMul.hMul.{0, 0, 0} Int Int Int (@instHMul.{0} Int Int.instMul)
          (@OfNat.ofNat.{0} Int (nat_lit 2) (@instOfNat (nat_lit 2))) a)
        (@HMul.hMul.{0, 0, 0} Int Int Int (@instHMul.{0} Int Int.instMul) c b))
      (@HMul.hMul.{0, 0, 0} Int Int Int (@instHMul.{0} Int Int.instMul) c b))
    (@HMul.hMul.{0, 0, 0} Int Int Int (@instHMul.{0} Int Int.instMul)
      (@OfNat.ofNat.{0} Int (nat_lit 2) (@instOfNat (nat_lit 2))) a) :=
fun (a b c : Int) =>
  @Decidable.byContradiction
    (@Eq.{1} Int
      (@HAdd.hAdd.{0, 0, 0} Int Int Int (@instHAdd.{0} Int Int.instAdd)
        (@HSub.hSub.{0, 0, 0} Int Int Int (@instHSub.{0} Int Int.instSub)
          (@HMul.hMul.{0, 0, 0} Int Int Int (@instHMul.{0} Int Int.instMul)
            (@OfNat.ofNat.{0} Int (nat_lit 2) (@instOfNat (nat_lit 2))) a)
          (@HMul.hMul.{0, 0, 0} Int Int Int (@instHMul.{0} Int Int.instMul) c b))
        (@HMul.hMul.{0, 0, 0} Int Int Int (@instHMul.{0} Int Int.instMul) c b))
      (@HMul.hMul.{0, 0, 0} Int Int Int (@instHMul.{0} Int Int.instMul)
        (@OfNat.ofNat.{0} Int (nat_lit 2) (@instOfNat (nat_lit 2))) a))
    (Int.instDecidableEq
      (@HAdd.hAdd.{0, 0, 0} Int Int Int (@instHAdd.{0} Int Int.instAdd)
        (@HSub.hSub.{0, 0, 0} Int Int Int (@instHSub.{0} Int Int.instSub)
          (@HMul.hMul.{0, 0, 0} Int Int Int (@instHMul.{0} Int Int.instMul)
            (@OfNat.ofNat.{0} Int (nat_lit 2) (@instOfNat (nat_lit 2))) a)
          (@HMul.hMul.{0, 0, 0} Int Int Int (@instHMul.{0} Int Int.instMul) c b))
        (@HMul.hMul.{0, 0, 0} Int Int Int (@instHMul.{0} Int Int.instMul) c b))
      (@HMul.hMul.{0, 0, 0} Int Int Int (@instHMul.{0} Int Int.instMul)
        (@OfNat.ofNat.{0} Int (nat_lit 2) (@instOfNat (nat_lit 2))) a))
    fun
      (a_1 :
        Not
          (@Eq.{1} Int
            (@HAdd.hAdd.{0, 0, 0} Int Int Int (@instHAdd.{0} Int Int.instAdd)
              (@HSub.hSub.{0, 0, 0} Int Int Int (@instHSub.{0} Int Int.instSub)
                (@HMul.hMul.{0, 0, 0} Int Int Int (@instHMul.{0} Int Int.instMul)
                  (@OfNat.ofNat.{0} Int (nat_lit 2) (@instOfNat (nat_lit 2))) a)
                (@HMul.hMul.{0, 0, 0} Int Int Int (@instHMul.{0} Int Int.instMul) c b))
              (@HMul.hMul.{0, 0, 0} Int Int Int (@instHMul.{0} Int Int.instMul) c b))
            (@HMul.hMul.{0, 0, 0} Int Int Int (@instHMul.{0} Int Int.instMul)
              (@OfNat.ofNat.{0} Int (nat_lit 2) (@instOfNat (nat_lit 2))) a))) =>
    OrderedReach.terminal_inverse_identity._proof_1_1 a b c a_1
@OrderedReach.repeated_product_same_inputs : ∀ {V : Type} (multiply : V → V → V) (a b oldA oldB : V)
  (ha : @Eq.{1} V a oldA) (hb : @Eq.{1} V b oldB), @Eq.{1} V (multiply a b) (multiply oldA oldB)
theorem OrderedReach.repeated_product_same_inputs : ∀ {V : Type} (multiply : V → V → V) (a b oldA oldB : V)
  (ha : @Eq.{1} V a oldA) (hb : @Eq.{1} V b oldB), @Eq.{1} V (multiply a b) (multiply oldA oldB) :=
fun {V : Type} (multiply : V → V → V) (a b oldA oldB : V) (ha : @Eq.{1} V a oldA) (hb : @Eq.{1} V b oldB) =>
  @Eq.mpr.{0} (@Eq.{1} V (multiply a b) (multiply oldA oldB)) (@Eq.{1} V (multiply oldA b) (multiply oldA oldB))
    (@id.{0}
      (@Eq.{1} Prop (@Eq.{1} V (multiply a b) (multiply oldA oldB)) (@Eq.{1} V (multiply oldA b) (multiply oldA oldB)))
      (@congrArg.{1, 1} V Prop a oldA (fun (_a : V) => @Eq.{1} V (multiply _a b) (multiply oldA oldB)) ha))
    (@Eq.mpr.{0} (@Eq.{1} V (multiply oldA b) (multiply oldA oldB))
      (@Eq.{1} V (multiply oldA oldB) (multiply oldA oldB))
      (@id.{0}
        (@Eq.{1} Prop (@Eq.{1} V (multiply oldA b) (multiply oldA oldB))
          (@Eq.{1} V (multiply oldA oldB) (multiply oldA oldB)))
        (@congrArg.{1, 1} V Prop b oldB (fun (_a : V) => @Eq.{1} V (multiply oldA _a) (multiply oldA oldB)) hb))
      (@Eq.refl.{1} V (multiply oldA oldB)))
OrderedReach.rounded_cancellation_requires_error : ∀ (a p u v e1 e2 : Int)
  (h1 :
    @Eq.{1} Int u
      (@HAdd.hAdd.{0, 0, 0} Int Int Int (@instHAdd.{0} Int Int.instAdd)
        (@HAdd.hAdd.{0, 0, 0} Int Int Int (@instHAdd.{0} Int Int.instAdd) a p) e1))
  (h2 :
    @Eq.{1} Int v
      (@HAdd.hAdd.{0, 0, 0} Int Int Int (@instHAdd.{0} Int Int.instAdd)
        (@HSub.hSub.{0, 0, 0} Int Int Int (@instHSub.{0} Int Int.instSub) u p) e2)),
  @Eq.{1} Int v
    (@HAdd.hAdd.{0, 0, 0} Int Int Int (@instHAdd.{0} Int Int.instAdd)
      (@HAdd.hAdd.{0, 0, 0} Int Int Int (@instHAdd.{0} Int Int.instAdd) a e1) e2)
theorem OrderedReach.rounded_cancellation_requires_error : ∀ (a p u v e1 e2 : Int)
  (h1 :
    @Eq.{1} Int u
      (@HAdd.hAdd.{0, 0, 0} Int Int Int (@instHAdd.{0} Int Int.instAdd)
        (@HAdd.hAdd.{0, 0, 0} Int Int Int (@instHAdd.{0} Int Int.instAdd) a p) e1))
  (h2 :
    @Eq.{1} Int v
      (@HAdd.hAdd.{0, 0, 0} Int Int Int (@instHAdd.{0} Int Int.instAdd)
        (@HSub.hSub.{0, 0, 0} Int Int Int (@instHSub.{0} Int Int.instSub) u p) e2)),
  @Eq.{1} Int v
    (@HAdd.hAdd.{0, 0, 0} Int Int Int (@instHAdd.{0} Int Int.instAdd)
      (@HAdd.hAdd.{0, 0, 0} Int Int Int (@instHAdd.{0} Int Int.instAdd) a e1) e2) :=
fun (a p u v e1 e2 : Int)
    (h1 :
      @Eq.{1} Int u
        (@HAdd.hAdd.{0, 0, 0} Int Int Int (@instHAdd.{0} Int Int.instAdd)
          (@HAdd.hAdd.{0, 0, 0} Int Int Int (@instHAdd.{0} Int Int.instAdd) a p) e1))
    (h2 :
      @Eq.{1} Int v
        (@HAdd.hAdd.{0, 0, 0} Int Int Int (@instHAdd.{0} Int Int.instAdd)
          (@HSub.hSub.{0, 0, 0} Int Int Int (@instHSub.{0} Int Int.instSub) u p) e2)) =>
  @Decidable.byContradiction
    (@Eq.{1} Int v
      (@HAdd.hAdd.{0, 0, 0} Int Int Int (@instHAdd.{0} Int Int.instAdd)
        (@HAdd.hAdd.{0, 0, 0} Int Int Int (@instHAdd.{0} Int Int.instAdd) a e1) e2))
    (Int.instDecidableEq v
      (@HAdd.hAdd.{0, 0, 0} Int Int Int (@instHAdd.{0} Int Int.instAdd)
        (@HAdd.hAdd.{0, 0, 0} Int Int Int (@instHAdd.{0} Int Int.instAdd) a e1) e2))
    fun
      (a_1 :
        Not
          (@Eq.{1} Int v
            (@HAdd.hAdd.{0, 0, 0} Int Int Int (@instHAdd.{0} Int Int.instAdd)
              (@HAdd.hAdd.{0, 0, 0} Int Int Int (@instHAdd.{0} Int Int.instAdd) a e1) e2))) =>
    OrderedReach.rounded_cancellation_requires_error._proof_1_1 a p u v e1 e2 h1 h2 a_1
inductive OrderedReach.Outcome : Type
number of parameters: 0
constructors:
OrderedReach.Outcome.normal : (sample : Int) → OrderedReach.Outcome
OrderedReach.Outcome.fault : OrderedReach.Outcome
OrderedReach.Outcome.stutter : OrderedReach.Outcome
def OrderedReach.nextFault : (f : Bool) → OrderedReach.Outcome → Bool :=
fun (f : Bool) (x : OrderedReach.Outcome) =>
  OrderedReach.nextFault.match_1.{1} (fun (x : OrderedReach.Outcome) => Bool) x (fun (_ : Unit) => Bool.true)
    fun (x : OrderedReach.Outcome) => f
def OrderedReach.faults : Bool → List.{0} OrderedReach.Outcome → Bool :=
fun (x : Bool) (x_1 : List.{0} OrderedReach.Outcome) =>
  @List.brecOn.{1, 0} OrderedReach.Outcome (fun (x : List.{0} OrderedReach.Outcome) => Bool → Bool) x_1
    OrderedReach.faults._f x
def OrderedReach.normalResult : (mu : ZeroScalar.Word) → (sample : Int) → Prop :=
fun (mu : ZeroScalar.Word) (sample : Int) =>
  @Exists.{1} Int fun (z : Int) =>
    And
      (@LE.le.{0} Int Int.instLEInt
        (@Neg.neg.{0} Int Int.instNegInt (@OfNat.ofNat.{0} Int (nat_lit 365) (@instOfNat (nat_lit 365)))) z)
      (And (@LE.le.{0} Int Int.instLEInt z (@OfNat.ofNat.{0} Int (nat_lit 366) (@instOfNat (nat_lit 366))))
        (@Eq.{1} Int sample
          (@HAdd.hAdd.{0, 0, 0} Int Int Int (@instHAdd.{0} Int Int.instAdd) (ZeroScalar.floorC mu) z)))
def OrderedReach.callerStep : {M : Type} →
  (normal fault : M → Int → M) → (m : M) → OrderedReach.Outcome → Option.{0} M :=
fun {M : Type} (normal fault : M → Int → M) (m : M) (x : OrderedReach.Outcome) =>
  OrderedReach.instReprOutcome.repr.match_1.{1} (fun (x : OrderedReach.Outcome) => Option.{0} M) x
    (fun (z : Int) => @Option.some.{0} M (normal m z))
    (fun (_ : Unit) => @Option.some.{0} M (fault m (@OfNat.ofNat.{0} Int (nat_lit 0) (@instOfNat (nat_lit 0)))))
    fun (_ : Unit) => @Option.none.{0} M
def OrderedReach.scratch : Nat → Nat :=
fun (x : Nat) => @Nat.brecOn.{1} (fun (x : Nat) => Nat) x OrderedReach.scratch._f
def OrderedReach.visits : Nat → Nat :=
fun (x : Nat) => @Nat.brecOn.{1} (fun (x : Nat) => Nat) x OrderedReach.visits._f
