# 0 "inputs/bootstrap/source/falcon-keygen.c"
# 0 "<built-in>"
# 0 "<command-line>"
# 1 "/usr/include/stdc-predef.h" 1 3 4
# 0 "<command-line>" 2
# 1 "inputs/bootstrap/source/falcon-keygen.c"
# 32 "inputs/bootstrap/source/falcon-keygen.c"
# 1 "/usr/lib/gcc/x86_64-linux-gnu/14/include/stddef.h" 1 3 4
# 145 "/usr/lib/gcc/x86_64-linux-gnu/14/include/stddef.h" 3 4

# 145 "/usr/lib/gcc/x86_64-linux-gnu/14/include/stddef.h" 3 4
typedef long int ptrdiff_t;
# 214 "/usr/lib/gcc/x86_64-linux-gnu/14/include/stddef.h" 3 4
typedef long unsigned int size_t;
# 329 "/usr/lib/gcc/x86_64-linux-gnu/14/include/stddef.h" 3 4
typedef int wchar_t;
# 33 "inputs/bootstrap/source/falcon-keygen.c" 2
# 1 "inputs/bootstrap/source/internal.h" 1
# 36 "inputs/bootstrap/source/internal.h"
# 1 "/usr/include/stdlib.h" 1 3 4
# 26 "/usr/include/stdlib.h" 3 4
# 1 "/usr/include/x86_64-linux-gnu/bits/libc-header-start.h" 1 3 4
# 33 "/usr/include/x86_64-linux-gnu/bits/libc-header-start.h" 3 4
# 1 "/usr/include/features.h" 1 3 4
# 415 "/usr/include/features.h" 3 4
# 1 "/usr/include/features-time64.h" 1 3 4
# 20 "/usr/include/features-time64.h" 3 4
# 1 "/usr/include/x86_64-linux-gnu/bits/wordsize.h" 1 3 4
# 21 "/usr/include/features-time64.h" 2 3 4
# 1 "/usr/include/x86_64-linux-gnu/bits/timesize.h" 1 3 4
# 19 "/usr/include/x86_64-linux-gnu/bits/timesize.h" 3 4
# 1 "/usr/include/x86_64-linux-gnu/bits/wordsize.h" 1 3 4
# 20 "/usr/include/x86_64-linux-gnu/bits/timesize.h" 2 3 4
# 22 "/usr/include/features-time64.h" 2 3 4
# 416 "/usr/include/features.h" 2 3 4
# 523 "/usr/include/features.h" 3 4
# 1 "/usr/include/x86_64-linux-gnu/sys/cdefs.h" 1 3 4
# 730 "/usr/include/x86_64-linux-gnu/sys/cdefs.h" 3 4
# 1 "/usr/include/x86_64-linux-gnu/bits/wordsize.h" 1 3 4
# 731 "/usr/include/x86_64-linux-gnu/sys/cdefs.h" 2 3 4
# 1 "/usr/include/x86_64-linux-gnu/bits/long-double.h" 1 3 4
# 732 "/usr/include/x86_64-linux-gnu/sys/cdefs.h" 2 3 4
# 524 "/usr/include/features.h" 2 3 4
# 547 "/usr/include/features.h" 3 4
# 1 "/usr/include/x86_64-linux-gnu/gnu/stubs.h" 1 3 4
# 10 "/usr/include/x86_64-linux-gnu/gnu/stubs.h" 3 4
# 1 "/usr/include/x86_64-linux-gnu/gnu/stubs-64.h" 1 3 4
# 11 "/usr/include/x86_64-linux-gnu/gnu/stubs.h" 2 3 4
# 548 "/usr/include/features.h" 2 3 4
# 34 "/usr/include/x86_64-linux-gnu/bits/libc-header-start.h" 2 3 4
# 27 "/usr/include/stdlib.h" 2 3 4





# 1 "/usr/lib/gcc/x86_64-linux-gnu/14/include/stddef.h" 1 3 4
# 33 "/usr/include/stdlib.h" 2 3 4


# 56 "/usr/include/stdlib.h" 3 4
# 1 "/usr/include/x86_64-linux-gnu/bits/floatn.h" 1 3 4
# 131 "/usr/include/x86_64-linux-gnu/bits/floatn.h" 3 4
# 1 "/usr/include/x86_64-linux-gnu/bits/floatn-common.h" 1 3 4
# 24 "/usr/include/x86_64-linux-gnu/bits/floatn-common.h" 3 4
# 1 "/usr/include/x86_64-linux-gnu/bits/long-double.h" 1 3 4
# 25 "/usr/include/x86_64-linux-gnu/bits/floatn-common.h" 2 3 4
# 132 "/usr/include/x86_64-linux-gnu/bits/floatn.h" 2 3 4
# 57 "/usr/include/stdlib.h" 2 3 4


typedef struct
  {
    int quot;
    int rem;
  } div_t;



typedef struct
  {
    long int quot;
    long int rem;
  } ldiv_t;





__extension__ typedef struct
  {
    long long int quot;
    long long int rem;
  } lldiv_t;
# 98 "/usr/include/stdlib.h" 3 4
extern size_t __ctype_get_mb_cur_max (void) __attribute__ ((__nothrow__ , __leaf__)) ;



extern double atof (const char *__nptr)
     __attribute__ ((__nothrow__ , __leaf__)) __attribute__ ((__pure__)) __attribute__ ((__nonnull__ (1))) ;

extern int atoi (const char *__nptr)
     __attribute__ ((__nothrow__ , __leaf__)) __attribute__ ((__pure__)) __attribute__ ((__nonnull__ (1))) ;

extern long int atol (const char *__nptr)
     __attribute__ ((__nothrow__ , __leaf__)) __attribute__ ((__pure__)) __attribute__ ((__nonnull__ (1))) ;



__extension__ extern long long int atoll (const char *__nptr)
     __attribute__ ((__nothrow__ , __leaf__)) __attribute__ ((__pure__)) __attribute__ ((__nonnull__ (1))) ;



extern double strtod (const char *__restrict __nptr,
        char **__restrict __endptr)
     __attribute__ ((__nothrow__ , __leaf__)) __attribute__ ((__nonnull__ (1)));



extern float strtof (const char *__restrict __nptr,
       char **__restrict __endptr) __attribute__ ((__nothrow__ , __leaf__)) __attribute__ ((__nonnull__ (1)));

extern long double strtold (const char *__restrict __nptr,
       char **__restrict __endptr)
     __attribute__ ((__nothrow__ , __leaf__)) __attribute__ ((__nonnull__ (1)));
# 177 "/usr/include/stdlib.h" 3 4
extern long int strtol (const char *__restrict __nptr,
   char **__restrict __endptr, int __base)
     __attribute__ ((__nothrow__ , __leaf__)) __attribute__ ((__nonnull__ (1)));

extern unsigned long int strtoul (const char *__restrict __nptr,
      char **__restrict __endptr, int __base)
     __attribute__ ((__nothrow__ , __leaf__)) __attribute__ ((__nonnull__ (1)));
# 200 "/usr/include/stdlib.h" 3 4
__extension__
extern long long int strtoll (const char *__restrict __nptr,
         char **__restrict __endptr, int __base)
     __attribute__ ((__nothrow__ , __leaf__)) __attribute__ ((__nonnull__ (1)));

__extension__
extern unsigned long long int strtoull (const char *__restrict __nptr,
     char **__restrict __endptr, int __base)
     __attribute__ ((__nothrow__ , __leaf__)) __attribute__ ((__nonnull__ (1)));
# 480 "/usr/include/stdlib.h" 3 4
extern __inline __attribute__ ((__gnu_inline__)) int
__attribute__ ((__nothrow__ , __leaf__)) atoi (const char *__nptr)
{
  return (int) strtol (__nptr, (char **) ((void *)0), 10);
}
extern __inline __attribute__ ((__gnu_inline__)) long int
__attribute__ ((__nothrow__ , __leaf__)) atol (const char *__nptr)
{
  return strtol (__nptr, (char **) ((void *)0), 10);
}


__extension__ extern __inline __attribute__ ((__gnu_inline__)) long long int
__attribute__ ((__nothrow__ , __leaf__)) atoll (const char *__nptr)
{
  return strtoll (__nptr, (char **) ((void *)0), 10);
}
# 573 "/usr/include/stdlib.h" 3 4
extern int rand (void) __attribute__ ((__nothrow__ , __leaf__));

extern void srand (unsigned int __seed) __attribute__ ((__nothrow__ , __leaf__));
# 672 "/usr/include/stdlib.h" 3 4
extern void *malloc (size_t __size) __attribute__ ((__nothrow__ , __leaf__)) __attribute__ ((__malloc__))
     __attribute__ ((__alloc_size__ (1))) ;

extern void *calloc (size_t __nmemb, size_t __size)
     __attribute__ ((__nothrow__ , __leaf__)) __attribute__ ((__malloc__)) __attribute__ ((__alloc_size__ (1, 2))) ;






extern void *realloc (void *__ptr, size_t __size)
     __attribute__ ((__nothrow__ , __leaf__)) __attribute__ ((__warn_unused_result__)) __attribute__ ((__alloc_size__ (2)));


extern void free (void *__ptr) __attribute__ ((__nothrow__ , __leaf__));
# 730 "/usr/include/stdlib.h" 3 4
extern void abort (void) __attribute__ ((__nothrow__ , __leaf__)) __attribute__ ((__noreturn__)) __attribute__ ((__cold__));



extern int atexit (void (*__func) (void)) __attribute__ ((__nothrow__ , __leaf__)) __attribute__ ((__nonnull__ (1)));
# 756 "/usr/include/stdlib.h" 3 4
extern void exit (int __status) __attribute__ ((__nothrow__ , __leaf__)) __attribute__ ((__noreturn__));
# 768 "/usr/include/stdlib.h" 3 4
extern void _Exit (int __status) __attribute__ ((__nothrow__ , __leaf__)) __attribute__ ((__noreturn__));




extern char *getenv (const char *__name) __attribute__ ((__nothrow__ , __leaf__)) __attribute__ ((__nonnull__ (1))) ;
# 923 "/usr/include/stdlib.h" 3 4
extern int system (const char *__command) ;
# 948 "/usr/include/stdlib.h" 3 4
typedef int (*__compar_fn_t) (const void *, const void *);
# 960 "/usr/include/stdlib.h" 3 4
extern void *bsearch (const void *__key, const void *__base,
        size_t __nmemb, size_t __size, __compar_fn_t __compar)
     __attribute__ ((__nonnull__ (1, 2, 5))) ;


# 1 "/usr/include/x86_64-linux-gnu/bits/stdlib-bsearch.h" 1 3 4
# 19 "/usr/include/x86_64-linux-gnu/bits/stdlib-bsearch.h" 3 4
extern __inline __attribute__ ((__gnu_inline__)) void *
bsearch (const void *__key, const void *__base, size_t __nmemb, size_t __size,
  __compar_fn_t __compar)
{
  const void *__p;
  int __comparison;

  while (__nmemb)
    {
      __p = (const void *) (((const char *) __base) + ((__nmemb >> 1) * __size));
      __comparison = (*__compar) (__key, __p);
      if (__comparison == 0)
 {

#pragma GCC diagnostic push
#pragma GCC diagnostic ignored "-Wcast-qual"

   return (void *) __p;

#pragma GCC diagnostic pop

 }
      if (__comparison > 0)
 {
   __base = ((const char *) __p) + __size;
   --__nmemb;
 }
      __nmemb >>= 1;
    }

  return ((void *)0);
}
# 966 "/usr/include/stdlib.h" 2 3 4




extern void qsort (void *__base, size_t __nmemb, size_t __size,
     __compar_fn_t __compar) __attribute__ ((__nonnull__ (1, 4)));
# 980 "/usr/include/stdlib.h" 3 4
extern int abs (int __x) __attribute__ ((__nothrow__ , __leaf__)) __attribute__ ((__const__)) ;
extern long int labs (long int __x) __attribute__ ((__nothrow__ , __leaf__)) __attribute__ ((__const__)) ;


__extension__ extern long long int llabs (long long int __x)
     __attribute__ ((__nothrow__ , __leaf__)) __attribute__ ((__const__)) ;






extern div_t div (int __numer, int __denom)
     __attribute__ ((__nothrow__ , __leaf__)) __attribute__ ((__const__)) ;
extern ldiv_t ldiv (long int __numer, long int __denom)
     __attribute__ ((__nothrow__ , __leaf__)) __attribute__ ((__const__)) ;


__extension__ extern lldiv_t lldiv (long long int __numer,
        long long int __denom)
     __attribute__ ((__nothrow__ , __leaf__)) __attribute__ ((__const__)) ;
# 1062 "/usr/include/stdlib.h" 3 4
extern int mblen (const char *__s, size_t __n) __attribute__ ((__nothrow__ , __leaf__));


extern int mbtowc (wchar_t *__restrict __pwc,
     const char *__restrict __s, size_t __n) __attribute__ ((__nothrow__ , __leaf__));


extern int wctomb (char *__s, wchar_t __wchar) __attribute__ ((__nothrow__ , __leaf__));



extern size_t mbstowcs (wchar_t *__restrict __pwcs,
   const char *__restrict __s, size_t __n) __attribute__ ((__nothrow__ , __leaf__))
    __attribute__ ((__access__ (__read_only__, 2)));

extern size_t wcstombs (char *__restrict __s,
   const wchar_t *__restrict __pwcs, size_t __n)
     __attribute__ ((__nothrow__ , __leaf__))
  __attribute__ ((__access__ (__write_only__, 1, 3)))
  __attribute__ ((__access__ (__read_only__, 2)));
# 1155 "/usr/include/stdlib.h" 3 4
# 1 "/usr/include/x86_64-linux-gnu/bits/stdlib-float.h" 1 3 4
# 24 "/usr/include/x86_64-linux-gnu/bits/stdlib-float.h" 3 4
extern __inline __attribute__ ((__gnu_inline__)) double
__attribute__ ((__nothrow__ , __leaf__)) atof (const char *__nptr)
{
  return strtod (__nptr, (char **) ((void *)0));
}
# 1156 "/usr/include/stdlib.h" 2 3 4
# 1167 "/usr/include/stdlib.h" 3 4

# 37 "inputs/bootstrap/source/internal.h" 2
# 1 "/usr/include/string.h" 1 3 4
# 26 "/usr/include/string.h" 3 4
# 1 "/usr/include/x86_64-linux-gnu/bits/libc-header-start.h" 1 3 4
# 27 "/usr/include/string.h" 2 3 4






# 1 "/usr/lib/gcc/x86_64-linux-gnu/14/include/stddef.h" 1 3 4
# 34 "/usr/include/string.h" 2 3 4
# 43 "/usr/include/string.h" 3 4
extern void *memcpy (void *__restrict __dest, const void *__restrict __src,
       size_t __n) __attribute__ ((__nothrow__ , __leaf__)) __attribute__ ((__nonnull__ (1, 2)));


extern void *memmove (void *__dest, const void *__src, size_t __n)
     __attribute__ ((__nothrow__ , __leaf__)) __attribute__ ((__nonnull__ (1, 2)));
# 61 "/usr/include/string.h" 3 4
extern void *memset (void *__s, int __c, size_t __n) __attribute__ ((__nothrow__ , __leaf__)) __attribute__ ((__nonnull__ (1)));


extern int memcmp (const void *__s1, const void *__s2, size_t __n)
     __attribute__ ((__nothrow__ , __leaf__)) __attribute__ ((__pure__)) __attribute__ ((__nonnull__ (1, 2)));
# 80 "/usr/include/string.h" 3 4
extern int __memcmpeq (const void *__s1, const void *__s2, size_t __n)
     __attribute__ ((__nothrow__ , __leaf__)) __attribute__ ((__pure__)) __attribute__ ((__nonnull__ (1, 2)));
# 107 "/usr/include/string.h" 3 4
extern void *memchr (const void *__s, int __c, size_t __n)
      __attribute__ ((__nothrow__ , __leaf__)) __attribute__ ((__pure__)) __attribute__ ((__nonnull__ (1)));
# 141 "/usr/include/string.h" 3 4
extern char *strcpy (char *__restrict __dest, const char *__restrict __src)
     __attribute__ ((__nothrow__ , __leaf__)) __attribute__ ((__nonnull__ (1, 2)));

extern char *strncpy (char *__restrict __dest,
        const char *__restrict __src, size_t __n)
     __attribute__ ((__nothrow__ , __leaf__)) __attribute__ ((__nonnull__ (1, 2)));


extern char *strcat (char *__restrict __dest, const char *__restrict __src)
     __attribute__ ((__nothrow__ , __leaf__)) __attribute__ ((__nonnull__ (1, 2)));

extern char *strncat (char *__restrict __dest, const char *__restrict __src,
        size_t __n) __attribute__ ((__nothrow__ , __leaf__)) __attribute__ ((__nonnull__ (1, 2)));


extern int strcmp (const char *__s1, const char *__s2)
     __attribute__ ((__nothrow__ , __leaf__)) __attribute__ ((__pure__)) __attribute__ ((__nonnull__ (1, 2)));

extern int strncmp (const char *__s1, const char *__s2, size_t __n)
     __attribute__ ((__nothrow__ , __leaf__)) __attribute__ ((__pure__)) __attribute__ ((__nonnull__ (1, 2)));


extern int strcoll (const char *__s1, const char *__s2)
     __attribute__ ((__nothrow__ , __leaf__)) __attribute__ ((__pure__)) __attribute__ ((__nonnull__ (1, 2)));

extern size_t strxfrm (char *__restrict __dest,
         const char *__restrict __src, size_t __n)
    __attribute__ ((__nothrow__ , __leaf__)) __attribute__ ((__nonnull__ (2))) __attribute__ ((__access__ (__write_only__, 1, 3)));
# 246 "/usr/include/string.h" 3 4
extern char *strchr (const char *__s, int __c)
     __attribute__ ((__nothrow__ , __leaf__)) __attribute__ ((__pure__)) __attribute__ ((__nonnull__ (1)));
# 273 "/usr/include/string.h" 3 4
extern char *strrchr (const char *__s, int __c)
     __attribute__ ((__nothrow__ , __leaf__)) __attribute__ ((__pure__)) __attribute__ ((__nonnull__ (1)));
# 293 "/usr/include/string.h" 3 4
extern size_t strcspn (const char *__s, const char *__reject)
     __attribute__ ((__nothrow__ , __leaf__)) __attribute__ ((__pure__)) __attribute__ ((__nonnull__ (1, 2)));


extern size_t strspn (const char *__s, const char *__accept)
     __attribute__ ((__nothrow__ , __leaf__)) __attribute__ ((__pure__)) __attribute__ ((__nonnull__ (1, 2)));
# 323 "/usr/include/string.h" 3 4
extern char *strpbrk (const char *__s, const char *__accept)
     __attribute__ ((__nothrow__ , __leaf__)) __attribute__ ((__pure__)) __attribute__ ((__nonnull__ (1, 2)));
# 350 "/usr/include/string.h" 3 4
extern char *strstr (const char *__haystack, const char *__needle)
     __attribute__ ((__nothrow__ , __leaf__)) __attribute__ ((__pure__)) __attribute__ ((__nonnull__ (1, 2)));




extern char *strtok (char *__restrict __s, const char *__restrict __delim)
     __attribute__ ((__nothrow__ , __leaf__)) __attribute__ ((__nonnull__ (2)));



extern char *__strtok_r (char *__restrict __s,
    const char *__restrict __delim,
    char **__restrict __save_ptr)
     __attribute__ ((__nothrow__ , __leaf__)) __attribute__ ((__nonnull__ (2, 3)));
# 407 "/usr/include/string.h" 3 4
extern size_t strlen (const char *__s)
     __attribute__ ((__nothrow__ , __leaf__)) __attribute__ ((__pure__)) __attribute__ ((__nonnull__ (1)));
# 419 "/usr/include/string.h" 3 4
extern char *strerror (int __errnum) __attribute__ ((__nothrow__ , __leaf__));
# 552 "/usr/include/string.h" 3 4

# 38 "inputs/bootstrap/source/internal.h" 2

# 1 "inputs/bootstrap/source/shake.h" 1
# 41 "inputs/bootstrap/source/shake.h"
# 1 "/usr/lib/gcc/x86_64-linux-gnu/14/include/stddef.h" 1 3 4
# 42 "inputs/bootstrap/source/shake.h" 2
# 1 "/usr/lib/gcc/x86_64-linux-gnu/14/include/stdint.h" 1 3 4
# 9 "/usr/lib/gcc/x86_64-linux-gnu/14/include/stdint.h" 3 4
# 1 "/usr/include/stdint.h" 1 3 4
# 26 "/usr/include/stdint.h" 3 4
# 1 "/usr/include/x86_64-linux-gnu/bits/libc-header-start.h" 1 3 4
# 27 "/usr/include/stdint.h" 2 3 4
# 1 "/usr/include/x86_64-linux-gnu/bits/types.h" 1 3 4
# 27 "/usr/include/x86_64-linux-gnu/bits/types.h" 3 4
# 1 "/usr/include/x86_64-linux-gnu/bits/wordsize.h" 1 3 4
# 28 "/usr/include/x86_64-linux-gnu/bits/types.h" 2 3 4
# 1 "/usr/include/x86_64-linux-gnu/bits/timesize.h" 1 3 4
# 19 "/usr/include/x86_64-linux-gnu/bits/timesize.h" 3 4
# 1 "/usr/include/x86_64-linux-gnu/bits/wordsize.h" 1 3 4
# 20 "/usr/include/x86_64-linux-gnu/bits/timesize.h" 2 3 4
# 29 "/usr/include/x86_64-linux-gnu/bits/types.h" 2 3 4


typedef unsigned char __u_char;
typedef unsigned short int __u_short;
typedef unsigned int __u_int;
typedef unsigned long int __u_long;


typedef signed char __int8_t;
typedef unsigned char __uint8_t;
typedef signed short int __int16_t;
typedef unsigned short int __uint16_t;
typedef signed int __int32_t;
typedef unsigned int __uint32_t;

typedef signed long int __int64_t;
typedef unsigned long int __uint64_t;






typedef __int8_t __int_least8_t;
typedef __uint8_t __uint_least8_t;
typedef __int16_t __int_least16_t;
typedef __uint16_t __uint_least16_t;
typedef __int32_t __int_least32_t;
typedef __uint32_t __uint_least32_t;
typedef __int64_t __int_least64_t;
typedef __uint64_t __uint_least64_t;



typedef long int __quad_t;
typedef unsigned long int __u_quad_t;







typedef long int __intmax_t;
typedef unsigned long int __uintmax_t;
# 141 "/usr/include/x86_64-linux-gnu/bits/types.h" 3 4
# 1 "/usr/include/x86_64-linux-gnu/bits/typesizes.h" 1 3 4
# 142 "/usr/include/x86_64-linux-gnu/bits/types.h" 2 3 4
# 1 "/usr/include/x86_64-linux-gnu/bits/time64.h" 1 3 4
# 143 "/usr/include/x86_64-linux-gnu/bits/types.h" 2 3 4


typedef unsigned long int __dev_t;
typedef unsigned int __uid_t;
typedef unsigned int __gid_t;
typedef unsigned long int __ino_t;
typedef unsigned long int __ino64_t;
typedef unsigned int __mode_t;
typedef unsigned long int __nlink_t;
typedef long int __off_t;
typedef long int __off64_t;
typedef int __pid_t;
typedef struct { int __val[2]; } __fsid_t;
typedef long int __clock_t;
typedef unsigned long int __rlim_t;
typedef unsigned long int __rlim64_t;
typedef unsigned int __id_t;
typedef long int __time_t;
typedef unsigned int __useconds_t;
typedef long int __suseconds_t;
typedef long int __suseconds64_t;

typedef int __daddr_t;
typedef int __key_t;


typedef int __clockid_t;


typedef void * __timer_t;


typedef long int __blksize_t;




typedef long int __blkcnt_t;
typedef long int __blkcnt64_t;


typedef unsigned long int __fsblkcnt_t;
typedef unsigned long int __fsblkcnt64_t;


typedef unsigned long int __fsfilcnt_t;
typedef unsigned long int __fsfilcnt64_t;


typedef long int __fsword_t;

typedef long int __ssize_t;


typedef long int __syscall_slong_t;

typedef unsigned long int __syscall_ulong_t;



typedef __off64_t __loff_t;
typedef char *__caddr_t;


typedef long int __intptr_t;


typedef unsigned int __socklen_t;




typedef int __sig_atomic_t;
# 28 "/usr/include/stdint.h" 2 3 4
# 1 "/usr/include/x86_64-linux-gnu/bits/wchar.h" 1 3 4
# 29 "/usr/include/stdint.h" 2 3 4
# 1 "/usr/include/x86_64-linux-gnu/bits/wordsize.h" 1 3 4
# 30 "/usr/include/stdint.h" 2 3 4




# 1 "/usr/include/x86_64-linux-gnu/bits/stdint-intn.h" 1 3 4
# 24 "/usr/include/x86_64-linux-gnu/bits/stdint-intn.h" 3 4
typedef __int8_t int8_t;
typedef __int16_t int16_t;
typedef __int32_t int32_t;
typedef __int64_t int64_t;
# 35 "/usr/include/stdint.h" 2 3 4


# 1 "/usr/include/x86_64-linux-gnu/bits/stdint-uintn.h" 1 3 4
# 24 "/usr/include/x86_64-linux-gnu/bits/stdint-uintn.h" 3 4
typedef __uint8_t uint8_t;
typedef __uint16_t uint16_t;
typedef __uint32_t uint32_t;
typedef __uint64_t uint64_t;
# 38 "/usr/include/stdint.h" 2 3 4



# 1 "/usr/include/x86_64-linux-gnu/bits/stdint-least.h" 1 3 4
# 25 "/usr/include/x86_64-linux-gnu/bits/stdint-least.h" 3 4
typedef __int_least8_t int_least8_t;
typedef __int_least16_t int_least16_t;
typedef __int_least32_t int_least32_t;
typedef __int_least64_t int_least64_t;


typedef __uint_least8_t uint_least8_t;
typedef __uint_least16_t uint_least16_t;
typedef __uint_least32_t uint_least32_t;
typedef __uint_least64_t uint_least64_t;
# 42 "/usr/include/stdint.h" 2 3 4





typedef signed char int_fast8_t;

typedef long int int_fast16_t;
typedef long int int_fast32_t;
typedef long int int_fast64_t;
# 60 "/usr/include/stdint.h" 3 4
typedef unsigned char uint_fast8_t;

typedef unsigned long int uint_fast16_t;
typedef unsigned long int uint_fast32_t;
typedef unsigned long int uint_fast64_t;
# 76 "/usr/include/stdint.h" 3 4
typedef long int intptr_t;


typedef unsigned long int uintptr_t;
# 90 "/usr/include/stdint.h" 3 4
typedef __intmax_t intmax_t;
typedef __uintmax_t uintmax_t;
# 10 "/usr/lib/gcc/x86_64-linux-gnu/14/include/stdint.h" 2 3 4
# 43 "inputs/bootstrap/source/shake.h" 2
# 81 "inputs/bootstrap/source/shake.h"

# 81 "inputs/bootstrap/source/shake.h"
typedef struct {
 unsigned char dbuf[200];
 size_t dptr;
 size_t rate;
 uint64_t A[25];
} shake_context;







void shake_init(shake_context *sc, int capacity);





void shake_inject(shake_context *sc, const void *data, size_t len);





void shake_flip(shake_context *sc);






void shake_extract(shake_context *sc, void *out, size_t len);
# 40 "inputs/bootstrap/source/internal.h" 2
# 1 "inputs/bootstrap/source/falcon.h" 1
# 35 "inputs/bootstrap/source/falcon.h"
# 1 "/usr/lib/gcc/x86_64-linux-gnu/14/include/stddef.h" 1 3 4
# 36 "inputs/bootstrap/source/falcon.h" 2
# 84 "inputs/bootstrap/source/falcon.h"
typedef struct falcon_vrfy_ falcon_vrfy;







falcon_vrfy *falcon_vrfy_new(void);







void falcon_vrfy_free(falcon_vrfy *fv);
# 109 "inputs/bootstrap/source/falcon.h"
int falcon_vrfy_set_public_key(falcon_vrfy *fv,
 const void *pkey, size_t len);






void falcon_vrfy_start(falcon_vrfy *fv, const void *r, size_t rlen);






void falcon_vrfy_update(falcon_vrfy *fv, const void *data, size_t len);
# 136 "inputs/bootstrap/source/falcon.h"
int falcon_vrfy_verify(falcon_vrfy *fv, const void *sig, size_t len);
# 170 "inputs/bootstrap/source/falcon.h"
typedef struct falcon_sign_ falcon_sign;







falcon_sign *falcon_sign_new(void);







void falcon_sign_free(falcon_sign *fs);
# 210 "inputs/bootstrap/source/falcon.h"
void falcon_sign_set_seed(falcon_sign *fs,
 const void *seed, size_t len, int replace);
# 221 "inputs/bootstrap/source/falcon.h"
int falcon_sign_set_private_key(falcon_sign *fs,
 const void *skey, size_t len);
# 234 "inputs/bootstrap/source/falcon.h"
int falcon_sign_start(falcon_sign *fs, void *r );
# 244 "inputs/bootstrap/source/falcon.h"
void falcon_sign_start_external_nonce(falcon_sign *fs,
 const void *r, size_t rlen);






void falcon_sign_update(falcon_sign *fs, const void *data, size_t len);
# 274 "inputs/bootstrap/source/falcon.h"
size_t falcon_sign_generate(falcon_sign *fs,
 void *sig, size_t sig_max_len, int comp);
# 290 "inputs/bootstrap/source/falcon.h"
typedef struct falcon_keygen_ falcon_keygen;
# 307 "inputs/bootstrap/source/falcon.h"
falcon_keygen *falcon_keygen_new(unsigned logn, int ternary);






void falcon_keygen_free(falcon_keygen *fk);







size_t falcon_keygen_max_privkey_size(falcon_keygen *fk);






size_t falcon_keygen_max_pubkey_size(falcon_keygen *fk);
# 353 "inputs/bootstrap/source/falcon.h"
void falcon_keygen_set_seed(falcon_keygen *fk,
 const void *seed, size_t len, int replace);
# 376 "inputs/bootstrap/source/falcon.h"
int falcon_keygen_make(falcon_keygen *fk, int comp,
 void *privkey, size_t *privkey_len,
 void *pubkey, size_t *pubkey_len);
# 41 "inputs/bootstrap/source/internal.h" 2
# 85 "inputs/bootstrap/source/internal.h"
size_t falcon_encode_12289(void *out, size_t max_out_len,
 const uint16_t *x, unsigned logn);






size_t falcon_decode_12289(uint16_t *x, unsigned logn,
 const void *data, size_t len);
# 109 "inputs/bootstrap/source/internal.h"
size_t falcon_encode_18433(void *out, size_t max_out_len,
 const uint16_t *x, unsigned logn);
# 119 "inputs/bootstrap/source/internal.h"
size_t falcon_decode_18433(uint16_t *x, unsigned logn,
 const void *data, size_t len);
# 141 "inputs/bootstrap/source/internal.h"
size_t falcon_encode_small(void *out, size_t max_out_len,
 int comp, unsigned q, const int16_t *x, unsigned logn);






size_t falcon_decode_small(int16_t *x, unsigned logn,
 int comp, unsigned q, const void *data, size_t len);




void falcon_hash_to_point(shake_context *sc, unsigned q,
 uint16_t *x, unsigned logn);
# 171 "inputs/bootstrap/source/internal.h"
int falcon_is_short(const int16_t *s1, const int16_t *s2,
 unsigned logn, unsigned ter);
# 188 "inputs/bootstrap/source/internal.h"
int falcon_vrfy_verify_raw(const uint16_t *c0, const int16_t *s2,
 const uint16_t *h, unsigned logn, int ternary);







int falcon_compute_public(uint16_t *h,
 const int16_t *f, const int16_t *g, unsigned logn, int ternary);
# 208 "inputs/bootstrap/source/internal.h"
int falcon_complete_private(int16_t *G,
 const int16_t *f, const int16_t *g, const int16_t *F,
 unsigned logn, int ternary);
# 296 "inputs/bootstrap/source/internal.h"
# 1 "inputs/bootstrap/source/fpr-emulated.h" 1
# 14 "inputs/bootstrap/source/fpr-emulated.h"
# 1 "/usr/include/math.h" 1 3 4
# 27 "/usr/include/math.h" 3 4
# 1 "/usr/include/x86_64-linux-gnu/bits/libc-header-start.h" 1 3 4
# 28 "/usr/include/math.h" 2 3 4












# 1 "/usr/include/x86_64-linux-gnu/bits/math-vector.h" 1 3 4
# 25 "/usr/include/x86_64-linux-gnu/bits/math-vector.h" 3 4
# 1 "/usr/include/x86_64-linux-gnu/bits/libm-simd-decl-stubs.h" 1 3 4
# 26 "/usr/include/x86_64-linux-gnu/bits/math-vector.h" 2 3 4
# 41 "/usr/include/math.h" 2 3 4
# 156 "/usr/include/math.h" 3 4
# 1 "/usr/include/x86_64-linux-gnu/bits/flt-eval-method.h" 1 3 4
# 157 "/usr/include/math.h" 2 3 4
# 167 "/usr/include/math.h" 3 4

# 167 "/usr/include/math.h" 3 4
typedef float float_t;
typedef double double_t;
# 208 "/usr/include/math.h" 3 4
# 1 "/usr/include/x86_64-linux-gnu/bits/fp-logb.h" 1 3 4
# 209 "/usr/include/math.h" 2 3 4
# 251 "/usr/include/math.h" 3 4
# 1 "/usr/include/x86_64-linux-gnu/bits/fp-fast.h" 1 3 4
# 252 "/usr/include/math.h" 2 3 4
# 275 "/usr/include/math.h" 3 4
# 1 "/usr/include/x86_64-linux-gnu/bits/mathcalls-macros.h" 1 3 4
# 276 "/usr/include/math.h" 2 3 4





# 1 "/usr/include/x86_64-linux-gnu/bits/mathcalls-helper-functions.h" 1 3 4
# 20 "/usr/include/x86_64-linux-gnu/bits/mathcalls-helper-functions.h" 3 4
extern int __fpclassify (double __value) __attribute__ ((__nothrow__ , __leaf__))
     __attribute__ ((__const__));


extern int __signbit (double __value) __attribute__ ((__nothrow__ , __leaf__))
     __attribute__ ((__const__));



extern int __isinf (double __value) __attribute__ ((__nothrow__ , __leaf__))
  __attribute__ ((__const__));


extern int __finite (double __value) __attribute__ ((__nothrow__ , __leaf__))
  __attribute__ ((__const__));


extern int __isnan (double __value) __attribute__ ((__nothrow__ , __leaf__))
  __attribute__ ((__const__));


extern int __iseqsig (double __x, double __y) __attribute__ ((__nothrow__ , __leaf__));


extern int __issignaling (double __value) __attribute__ ((__nothrow__ , __leaf__))
     __attribute__ ((__const__));
# 282 "/usr/include/math.h" 2 3 4
# 1 "/usr/include/x86_64-linux-gnu/bits/mathcalls.h" 1 3 4
# 53 "/usr/include/x86_64-linux-gnu/bits/mathcalls.h" 3 4
 extern double acos (double __x) __attribute__ ((__nothrow__ , __leaf__)); extern double __acos (double __x) __attribute__ ((__nothrow__ , __leaf__));

 extern double asin (double __x) __attribute__ ((__nothrow__ , __leaf__)); extern double __asin (double __x) __attribute__ ((__nothrow__ , __leaf__));

 extern double atan (double __x) __attribute__ ((__nothrow__ , __leaf__)); extern double __atan (double __x) __attribute__ ((__nothrow__ , __leaf__));

 extern double atan2 (double __y, double __x) __attribute__ ((__nothrow__ , __leaf__)); extern double __atan2 (double __y, double __x) __attribute__ ((__nothrow__ , __leaf__));


 extern double cos (double __x) __attribute__ ((__nothrow__ , __leaf__)); extern double __cos (double __x) __attribute__ ((__nothrow__ , __leaf__));

 extern double sin (double __x) __attribute__ ((__nothrow__ , __leaf__)); extern double __sin (double __x) __attribute__ ((__nothrow__ , __leaf__));

 extern double tan (double __x) __attribute__ ((__nothrow__ , __leaf__)); extern double __tan (double __x) __attribute__ ((__nothrow__ , __leaf__));
# 89 "/usr/include/x86_64-linux-gnu/bits/mathcalls.h" 3 4
 extern double cosh (double __x) __attribute__ ((__nothrow__ , __leaf__)); extern double __cosh (double __x) __attribute__ ((__nothrow__ , __leaf__));

 extern double sinh (double __x) __attribute__ ((__nothrow__ , __leaf__)); extern double __sinh (double __x) __attribute__ ((__nothrow__ , __leaf__));

 extern double tanh (double __x) __attribute__ ((__nothrow__ , __leaf__)); extern double __tanh (double __x) __attribute__ ((__nothrow__ , __leaf__));
# 103 "/usr/include/x86_64-linux-gnu/bits/mathcalls.h" 3 4
 extern double acosh (double __x) __attribute__ ((__nothrow__ , __leaf__)); extern double __acosh (double __x) __attribute__ ((__nothrow__ , __leaf__));

 extern double asinh (double __x) __attribute__ ((__nothrow__ , __leaf__)); extern double __asinh (double __x) __attribute__ ((__nothrow__ , __leaf__));

 extern double atanh (double __x) __attribute__ ((__nothrow__ , __leaf__)); extern double __atanh (double __x) __attribute__ ((__nothrow__ , __leaf__));





 extern double exp (double __x) __attribute__ ((__nothrow__ , __leaf__)); extern double __exp (double __x) __attribute__ ((__nothrow__ , __leaf__));


extern double frexp (double __x, int *__exponent) __attribute__ ((__nothrow__ , __leaf__)); extern double __frexp (double __x, int *__exponent) __attribute__ ((__nothrow__ , __leaf__));


extern double ldexp (double __x, int __exponent) __attribute__ ((__nothrow__ , __leaf__)); extern double __ldexp (double __x, int __exponent) __attribute__ ((__nothrow__ , __leaf__));


 extern double log (double __x) __attribute__ ((__nothrow__ , __leaf__)); extern double __log (double __x) __attribute__ ((__nothrow__ , __leaf__));


 extern double log10 (double __x) __attribute__ ((__nothrow__ , __leaf__)); extern double __log10 (double __x) __attribute__ ((__nothrow__ , __leaf__));


extern double modf (double __x, double *__iptr) __attribute__ ((__nothrow__ , __leaf__)); extern double __modf (double __x, double *__iptr) __attribute__ ((__nothrow__ , __leaf__)) __attribute__ ((__nonnull__ (2)));
# 152 "/usr/include/x86_64-linux-gnu/bits/mathcalls.h" 3 4
 extern double expm1 (double __x) __attribute__ ((__nothrow__ , __leaf__)); extern double __expm1 (double __x) __attribute__ ((__nothrow__ , __leaf__));


 extern double log1p (double __x) __attribute__ ((__nothrow__ , __leaf__)); extern double __log1p (double __x) __attribute__ ((__nothrow__ , __leaf__));


extern double logb (double __x) __attribute__ ((__nothrow__ , __leaf__)); extern double __logb (double __x) __attribute__ ((__nothrow__ , __leaf__));




 extern double exp2 (double __x) __attribute__ ((__nothrow__ , __leaf__)); extern double __exp2 (double __x) __attribute__ ((__nothrow__ , __leaf__));


 extern double log2 (double __x) __attribute__ ((__nothrow__ , __leaf__)); extern double __log2 (double __x) __attribute__ ((__nothrow__ , __leaf__));






 extern double pow (double __x, double __y) __attribute__ ((__nothrow__ , __leaf__)); extern double __pow (double __x, double __y) __attribute__ ((__nothrow__ , __leaf__));


extern double sqrt (double __x) __attribute__ ((__nothrow__ , __leaf__)); extern double __sqrt (double __x) __attribute__ ((__nothrow__ , __leaf__));



 extern double hypot (double __x, double __y) __attribute__ ((__nothrow__ , __leaf__)); extern double __hypot (double __x, double __y) __attribute__ ((__nothrow__ , __leaf__));




 extern double cbrt (double __x) __attribute__ ((__nothrow__ , __leaf__)); extern double __cbrt (double __x) __attribute__ ((__nothrow__ , __leaf__));






extern double ceil (double __x) __attribute__ ((__nothrow__ , __leaf__)) __attribute__ ((__const__));


extern double fabs (double __x) __attribute__ ((__nothrow__ , __leaf__)) __attribute__ ((__const__));


extern double floor (double __x) __attribute__ ((__nothrow__ , __leaf__)) __attribute__ ((__const__));


extern double fmod (double __x, double __y) __attribute__ ((__nothrow__ , __leaf__)); extern double __fmod (double __x, double __y) __attribute__ ((__nothrow__ , __leaf__));
# 231 "/usr/include/x86_64-linux-gnu/bits/mathcalls.h" 3 4
extern double copysign (double __x, double __y) __attribute__ ((__nothrow__ , __leaf__)) __attribute__ ((__const__));




extern double nan (const char *__tagb) __attribute__ ((__nothrow__ , __leaf__)); extern double __nan (const char *__tagb) __attribute__ ((__nothrow__ , __leaf__));
# 264 "/usr/include/x86_64-linux-gnu/bits/mathcalls.h" 3 4
 extern double erf (double) __attribute__ ((__nothrow__ , __leaf__)); extern double __erf (double) __attribute__ ((__nothrow__ , __leaf__));
 extern double erfc (double) __attribute__ ((__nothrow__ , __leaf__)); extern double __erfc (double) __attribute__ ((__nothrow__ , __leaf__));
extern double lgamma (double) __attribute__ ((__nothrow__ , __leaf__)); extern double __lgamma (double) __attribute__ ((__nothrow__ , __leaf__));




extern double tgamma (double) __attribute__ ((__nothrow__ , __leaf__)); extern double __tgamma (double) __attribute__ ((__nothrow__ , __leaf__));
# 292 "/usr/include/x86_64-linux-gnu/bits/mathcalls.h" 3 4
extern double rint (double __x) __attribute__ ((__nothrow__ , __leaf__)); extern double __rint (double __x) __attribute__ ((__nothrow__ , __leaf__));


extern double nextafter (double __x, double __y) __attribute__ ((__nothrow__ , __leaf__)); extern double __nextafter (double __x, double __y) __attribute__ ((__nothrow__ , __leaf__));

extern double nexttoward (double __x, long double __y) __attribute__ ((__nothrow__ , __leaf__)); extern double __nexttoward (double __x, long double __y) __attribute__ ((__nothrow__ , __leaf__));
# 308 "/usr/include/x86_64-linux-gnu/bits/mathcalls.h" 3 4
extern double remainder (double __x, double __y) __attribute__ ((__nothrow__ , __leaf__)); extern double __remainder (double __x, double __y) __attribute__ ((__nothrow__ , __leaf__));



extern double scalbn (double __x, int __n) __attribute__ ((__nothrow__ , __leaf__)); extern double __scalbn (double __x, int __n) __attribute__ ((__nothrow__ , __leaf__));



extern int ilogb (double __x) __attribute__ ((__nothrow__ , __leaf__)); extern int __ilogb (double __x) __attribute__ ((__nothrow__ , __leaf__));
# 326 "/usr/include/x86_64-linux-gnu/bits/mathcalls.h" 3 4
extern double scalbln (double __x, long int __n) __attribute__ ((__nothrow__ , __leaf__)); extern double __scalbln (double __x, long int __n) __attribute__ ((__nothrow__ , __leaf__));



extern double nearbyint (double __x) __attribute__ ((__nothrow__ , __leaf__)); extern double __nearbyint (double __x) __attribute__ ((__nothrow__ , __leaf__));



extern double round (double __x) __attribute__ ((__nothrow__ , __leaf__)) __attribute__ ((__const__));



extern double trunc (double __x) __attribute__ ((__nothrow__ , __leaf__)) __attribute__ ((__const__));




extern double remquo (double __x, double __y, int *__quo) __attribute__ ((__nothrow__ , __leaf__)); extern double __remquo (double __x, double __y, int *__quo) __attribute__ ((__nothrow__ , __leaf__));






extern long int lrint (double __x) __attribute__ ((__nothrow__ , __leaf__)); extern long int __lrint (double __x) __attribute__ ((__nothrow__ , __leaf__));
__extension__
extern long long int llrint (double __x) __attribute__ ((__nothrow__ , __leaf__)); extern long long int __llrint (double __x) __attribute__ ((__nothrow__ , __leaf__));



extern long int lround (double __x) __attribute__ ((__nothrow__ , __leaf__)); extern long int __lround (double __x) __attribute__ ((__nothrow__ , __leaf__));
__extension__
extern long long int llround (double __x) __attribute__ ((__nothrow__ , __leaf__)); extern long long int __llround (double __x) __attribute__ ((__nothrow__ , __leaf__));



extern double fdim (double __x, double __y) __attribute__ ((__nothrow__ , __leaf__)); extern double __fdim (double __x, double __y) __attribute__ ((__nothrow__ , __leaf__));



extern double fmax (double __x, double __y) __attribute__ ((__nothrow__ , __leaf__)) __attribute__ ((__const__));


extern double fmin (double __x, double __y) __attribute__ ((__nothrow__ , __leaf__)) __attribute__ ((__const__));



extern double fma (double __x, double __y, double __z) __attribute__ ((__nothrow__ , __leaf__)); extern double __fma (double __x, double __y, double __z) __attribute__ ((__nothrow__ , __leaf__));
# 283 "/usr/include/math.h" 2 3 4
# 298 "/usr/include/math.h" 3 4
# 1 "/usr/include/x86_64-linux-gnu/bits/mathcalls-helper-functions.h" 1 3 4
# 20 "/usr/include/x86_64-linux-gnu/bits/mathcalls-helper-functions.h" 3 4
extern int __fpclassifyf (float __value) __attribute__ ((__nothrow__ , __leaf__))
     __attribute__ ((__const__));


extern int __signbitf (float __value) __attribute__ ((__nothrow__ , __leaf__))
     __attribute__ ((__const__));



extern int __isinff (float __value) __attribute__ ((__nothrow__ , __leaf__))
  __attribute__ ((__const__));


extern int __finitef (float __value) __attribute__ ((__nothrow__ , __leaf__))
  __attribute__ ((__const__));


extern int __isnanf (float __value) __attribute__ ((__nothrow__ , __leaf__))
  __attribute__ ((__const__));


extern int __iseqsigf (float __x, float __y) __attribute__ ((__nothrow__ , __leaf__));


extern int __issignalingf (float __value) __attribute__ ((__nothrow__ , __leaf__))
     __attribute__ ((__const__));
# 299 "/usr/include/math.h" 2 3 4
# 1 "/usr/include/x86_64-linux-gnu/bits/mathcalls.h" 1 3 4
# 53 "/usr/include/x86_64-linux-gnu/bits/mathcalls.h" 3 4
 extern float acosf (float __x) __attribute__ ((__nothrow__ , __leaf__)); extern float __acosf (float __x) __attribute__ ((__nothrow__ , __leaf__));

 extern float asinf (float __x) __attribute__ ((__nothrow__ , __leaf__)); extern float __asinf (float __x) __attribute__ ((__nothrow__ , __leaf__));

 extern float atanf (float __x) __attribute__ ((__nothrow__ , __leaf__)); extern float __atanf (float __x) __attribute__ ((__nothrow__ , __leaf__));

 extern float atan2f (float __y, float __x) __attribute__ ((__nothrow__ , __leaf__)); extern float __atan2f (float __y, float __x) __attribute__ ((__nothrow__ , __leaf__));


 extern float cosf (float __x) __attribute__ ((__nothrow__ , __leaf__)); extern float __cosf (float __x) __attribute__ ((__nothrow__ , __leaf__));

 extern float sinf (float __x) __attribute__ ((__nothrow__ , __leaf__)); extern float __sinf (float __x) __attribute__ ((__nothrow__ , __leaf__));

 extern float tanf (float __x) __attribute__ ((__nothrow__ , __leaf__)); extern float __tanf (float __x) __attribute__ ((__nothrow__ , __leaf__));
# 89 "/usr/include/x86_64-linux-gnu/bits/mathcalls.h" 3 4
 extern float coshf (float __x) __attribute__ ((__nothrow__ , __leaf__)); extern float __coshf (float __x) __attribute__ ((__nothrow__ , __leaf__));

 extern float sinhf (float __x) __attribute__ ((__nothrow__ , __leaf__)); extern float __sinhf (float __x) __attribute__ ((__nothrow__ , __leaf__));

 extern float tanhf (float __x) __attribute__ ((__nothrow__ , __leaf__)); extern float __tanhf (float __x) __attribute__ ((__nothrow__ , __leaf__));
# 103 "/usr/include/x86_64-linux-gnu/bits/mathcalls.h" 3 4
 extern float acoshf (float __x) __attribute__ ((__nothrow__ , __leaf__)); extern float __acoshf (float __x) __attribute__ ((__nothrow__ , __leaf__));

 extern float asinhf (float __x) __attribute__ ((__nothrow__ , __leaf__)); extern float __asinhf (float __x) __attribute__ ((__nothrow__ , __leaf__));

 extern float atanhf (float __x) __attribute__ ((__nothrow__ , __leaf__)); extern float __atanhf (float __x) __attribute__ ((__nothrow__ , __leaf__));





 extern float expf (float __x) __attribute__ ((__nothrow__ , __leaf__)); extern float __expf (float __x) __attribute__ ((__nothrow__ , __leaf__));


extern float frexpf (float __x, int *__exponent) __attribute__ ((__nothrow__ , __leaf__)); extern float __frexpf (float __x, int *__exponent) __attribute__ ((__nothrow__ , __leaf__));


extern float ldexpf (float __x, int __exponent) __attribute__ ((__nothrow__ , __leaf__)); extern float __ldexpf (float __x, int __exponent) __attribute__ ((__nothrow__ , __leaf__));


 extern float logf (float __x) __attribute__ ((__nothrow__ , __leaf__)); extern float __logf (float __x) __attribute__ ((__nothrow__ , __leaf__));


 extern float log10f (float __x) __attribute__ ((__nothrow__ , __leaf__)); extern float __log10f (float __x) __attribute__ ((__nothrow__ , __leaf__));


extern float modff (float __x, float *__iptr) __attribute__ ((__nothrow__ , __leaf__)); extern float __modff (float __x, float *__iptr) __attribute__ ((__nothrow__ , __leaf__)) __attribute__ ((__nonnull__ (2)));
# 152 "/usr/include/x86_64-linux-gnu/bits/mathcalls.h" 3 4
 extern float expm1f (float __x) __attribute__ ((__nothrow__ , __leaf__)); extern float __expm1f (float __x) __attribute__ ((__nothrow__ , __leaf__));


 extern float log1pf (float __x) __attribute__ ((__nothrow__ , __leaf__)); extern float __log1pf (float __x) __attribute__ ((__nothrow__ , __leaf__));


extern float logbf (float __x) __attribute__ ((__nothrow__ , __leaf__)); extern float __logbf (float __x) __attribute__ ((__nothrow__ , __leaf__));




 extern float exp2f (float __x) __attribute__ ((__nothrow__ , __leaf__)); extern float __exp2f (float __x) __attribute__ ((__nothrow__ , __leaf__));


 extern float log2f (float __x) __attribute__ ((__nothrow__ , __leaf__)); extern float __log2f (float __x) __attribute__ ((__nothrow__ , __leaf__));






 extern float powf (float __x, float __y) __attribute__ ((__nothrow__ , __leaf__)); extern float __powf (float __x, float __y) __attribute__ ((__nothrow__ , __leaf__));


extern float sqrtf (float __x) __attribute__ ((__nothrow__ , __leaf__)); extern float __sqrtf (float __x) __attribute__ ((__nothrow__ , __leaf__));



 extern float hypotf (float __x, float __y) __attribute__ ((__nothrow__ , __leaf__)); extern float __hypotf (float __x, float __y) __attribute__ ((__nothrow__ , __leaf__));




 extern float cbrtf (float __x) __attribute__ ((__nothrow__ , __leaf__)); extern float __cbrtf (float __x) __attribute__ ((__nothrow__ , __leaf__));






extern float ceilf (float __x) __attribute__ ((__nothrow__ , __leaf__)) __attribute__ ((__const__));


extern float fabsf (float __x) __attribute__ ((__nothrow__ , __leaf__)) __attribute__ ((__const__));


extern float floorf (float __x) __attribute__ ((__nothrow__ , __leaf__)) __attribute__ ((__const__));


extern float fmodf (float __x, float __y) __attribute__ ((__nothrow__ , __leaf__)); extern float __fmodf (float __x, float __y) __attribute__ ((__nothrow__ , __leaf__));
# 231 "/usr/include/x86_64-linux-gnu/bits/mathcalls.h" 3 4
extern float copysignf (float __x, float __y) __attribute__ ((__nothrow__ , __leaf__)) __attribute__ ((__const__));




extern float nanf (const char *__tagb) __attribute__ ((__nothrow__ , __leaf__)); extern float __nanf (const char *__tagb) __attribute__ ((__nothrow__ , __leaf__));
# 264 "/usr/include/x86_64-linux-gnu/bits/mathcalls.h" 3 4
 extern float erff (float) __attribute__ ((__nothrow__ , __leaf__)); extern float __erff (float) __attribute__ ((__nothrow__ , __leaf__));
 extern float erfcf (float) __attribute__ ((__nothrow__ , __leaf__)); extern float __erfcf (float) __attribute__ ((__nothrow__ , __leaf__));
extern float lgammaf (float) __attribute__ ((__nothrow__ , __leaf__)); extern float __lgammaf (float) __attribute__ ((__nothrow__ , __leaf__));




extern float tgammaf (float) __attribute__ ((__nothrow__ , __leaf__)); extern float __tgammaf (float) __attribute__ ((__nothrow__ , __leaf__));
# 292 "/usr/include/x86_64-linux-gnu/bits/mathcalls.h" 3 4
extern float rintf (float __x) __attribute__ ((__nothrow__ , __leaf__)); extern float __rintf (float __x) __attribute__ ((__nothrow__ , __leaf__));


extern float nextafterf (float __x, float __y) __attribute__ ((__nothrow__ , __leaf__)); extern float __nextafterf (float __x, float __y) __attribute__ ((__nothrow__ , __leaf__));

extern float nexttowardf (float __x, long double __y) __attribute__ ((__nothrow__ , __leaf__)); extern float __nexttowardf (float __x, long double __y) __attribute__ ((__nothrow__ , __leaf__));
# 308 "/usr/include/x86_64-linux-gnu/bits/mathcalls.h" 3 4
extern float remainderf (float __x, float __y) __attribute__ ((__nothrow__ , __leaf__)); extern float __remainderf (float __x, float __y) __attribute__ ((__nothrow__ , __leaf__));



extern float scalbnf (float __x, int __n) __attribute__ ((__nothrow__ , __leaf__)); extern float __scalbnf (float __x, int __n) __attribute__ ((__nothrow__ , __leaf__));



extern int ilogbf (float __x) __attribute__ ((__nothrow__ , __leaf__)); extern int __ilogbf (float __x) __attribute__ ((__nothrow__ , __leaf__));
# 326 "/usr/include/x86_64-linux-gnu/bits/mathcalls.h" 3 4
extern float scalblnf (float __x, long int __n) __attribute__ ((__nothrow__ , __leaf__)); extern float __scalblnf (float __x, long int __n) __attribute__ ((__nothrow__ , __leaf__));



extern float nearbyintf (float __x) __attribute__ ((__nothrow__ , __leaf__)); extern float __nearbyintf (float __x) __attribute__ ((__nothrow__ , __leaf__));



extern float roundf (float __x) __attribute__ ((__nothrow__ , __leaf__)) __attribute__ ((__const__));



extern float truncf (float __x) __attribute__ ((__nothrow__ , __leaf__)) __attribute__ ((__const__));




extern float remquof (float __x, float __y, int *__quo) __attribute__ ((__nothrow__ , __leaf__)); extern float __remquof (float __x, float __y, int *__quo) __attribute__ ((__nothrow__ , __leaf__));






extern long int lrintf (float __x) __attribute__ ((__nothrow__ , __leaf__)); extern long int __lrintf (float __x) __attribute__ ((__nothrow__ , __leaf__));
__extension__
extern long long int llrintf (float __x) __attribute__ ((__nothrow__ , __leaf__)); extern long long int __llrintf (float __x) __attribute__ ((__nothrow__ , __leaf__));



extern long int lroundf (float __x) __attribute__ ((__nothrow__ , __leaf__)); extern long int __lroundf (float __x) __attribute__ ((__nothrow__ , __leaf__));
__extension__
extern long long int llroundf (float __x) __attribute__ ((__nothrow__ , __leaf__)); extern long long int __llroundf (float __x) __attribute__ ((__nothrow__ , __leaf__));



extern float fdimf (float __x, float __y) __attribute__ ((__nothrow__ , __leaf__)); extern float __fdimf (float __x, float __y) __attribute__ ((__nothrow__ , __leaf__));



extern float fmaxf (float __x, float __y) __attribute__ ((__nothrow__ , __leaf__)) __attribute__ ((__const__));


extern float fminf (float __x, float __y) __attribute__ ((__nothrow__ , __leaf__)) __attribute__ ((__const__));



extern float fmaf (float __x, float __y, float __z) __attribute__ ((__nothrow__ , __leaf__)); extern float __fmaf (float __x, float __y, float __z) __attribute__ ((__nothrow__ , __leaf__));
# 300 "/usr/include/math.h" 2 3 4
# 367 "/usr/include/math.h" 3 4
# 1 "/usr/include/x86_64-linux-gnu/bits/mathcalls-helper-functions.h" 1 3 4
# 20 "/usr/include/x86_64-linux-gnu/bits/mathcalls-helper-functions.h" 3 4
extern int __fpclassifyl (long double __value) __attribute__ ((__nothrow__ , __leaf__))
     __attribute__ ((__const__));


extern int __signbitl (long double __value) __attribute__ ((__nothrow__ , __leaf__))
     __attribute__ ((__const__));



extern int __isinfl (long double __value) __attribute__ ((__nothrow__ , __leaf__))
  __attribute__ ((__const__));


extern int __finitel (long double __value) __attribute__ ((__nothrow__ , __leaf__))
  __attribute__ ((__const__));


extern int __isnanl (long double __value) __attribute__ ((__nothrow__ , __leaf__))
  __attribute__ ((__const__));


extern int __iseqsigl (long double __x, long double __y) __attribute__ ((__nothrow__ , __leaf__));


extern int __issignalingl (long double __value) __attribute__ ((__nothrow__ , __leaf__))
     __attribute__ ((__const__));
# 368 "/usr/include/math.h" 2 3 4
# 1 "/usr/include/x86_64-linux-gnu/bits/mathcalls.h" 1 3 4
# 53 "/usr/include/x86_64-linux-gnu/bits/mathcalls.h" 3 4
 extern long double acosl (long double __x) __attribute__ ((__nothrow__ , __leaf__)); extern long double __acosl (long double __x) __attribute__ ((__nothrow__ , __leaf__));

 extern long double asinl (long double __x) __attribute__ ((__nothrow__ , __leaf__)); extern long double __asinl (long double __x) __attribute__ ((__nothrow__ , __leaf__));

 extern long double atanl (long double __x) __attribute__ ((__nothrow__ , __leaf__)); extern long double __atanl (long double __x) __attribute__ ((__nothrow__ , __leaf__));

 extern long double atan2l (long double __y, long double __x) __attribute__ ((__nothrow__ , __leaf__)); extern long double __atan2l (long double __y, long double __x) __attribute__ ((__nothrow__ , __leaf__));


 extern long double cosl (long double __x) __attribute__ ((__nothrow__ , __leaf__)); extern long double __cosl (long double __x) __attribute__ ((__nothrow__ , __leaf__));

 extern long double sinl (long double __x) __attribute__ ((__nothrow__ , __leaf__)); extern long double __sinl (long double __x) __attribute__ ((__nothrow__ , __leaf__));

 extern long double tanl (long double __x) __attribute__ ((__nothrow__ , __leaf__)); extern long double __tanl (long double __x) __attribute__ ((__nothrow__ , __leaf__));
# 89 "/usr/include/x86_64-linux-gnu/bits/mathcalls.h" 3 4
 extern long double coshl (long double __x) __attribute__ ((__nothrow__ , __leaf__)); extern long double __coshl (long double __x) __attribute__ ((__nothrow__ , __leaf__));

 extern long double sinhl (long double __x) __attribute__ ((__nothrow__ , __leaf__)); extern long double __sinhl (long double __x) __attribute__ ((__nothrow__ , __leaf__));

 extern long double tanhl (long double __x) __attribute__ ((__nothrow__ , __leaf__)); extern long double __tanhl (long double __x) __attribute__ ((__nothrow__ , __leaf__));
# 103 "/usr/include/x86_64-linux-gnu/bits/mathcalls.h" 3 4
 extern long double acoshl (long double __x) __attribute__ ((__nothrow__ , __leaf__)); extern long double __acoshl (long double __x) __attribute__ ((__nothrow__ , __leaf__));

 extern long double asinhl (long double __x) __attribute__ ((__nothrow__ , __leaf__)); extern long double __asinhl (long double __x) __attribute__ ((__nothrow__ , __leaf__));

 extern long double atanhl (long double __x) __attribute__ ((__nothrow__ , __leaf__)); extern long double __atanhl (long double __x) __attribute__ ((__nothrow__ , __leaf__));





 extern long double expl (long double __x) __attribute__ ((__nothrow__ , __leaf__)); extern long double __expl (long double __x) __attribute__ ((__nothrow__ , __leaf__));


extern long double frexpl (long double __x, int *__exponent) __attribute__ ((__nothrow__ , __leaf__)); extern long double __frexpl (long double __x, int *__exponent) __attribute__ ((__nothrow__ , __leaf__));


extern long double ldexpl (long double __x, int __exponent) __attribute__ ((__nothrow__ , __leaf__)); extern long double __ldexpl (long double __x, int __exponent) __attribute__ ((__nothrow__ , __leaf__));


 extern long double logl (long double __x) __attribute__ ((__nothrow__ , __leaf__)); extern long double __logl (long double __x) __attribute__ ((__nothrow__ , __leaf__));


 extern long double log10l (long double __x) __attribute__ ((__nothrow__ , __leaf__)); extern long double __log10l (long double __x) __attribute__ ((__nothrow__ , __leaf__));


extern long double modfl (long double __x, long double *__iptr) __attribute__ ((__nothrow__ , __leaf__)); extern long double __modfl (long double __x, long double *__iptr) __attribute__ ((__nothrow__ , __leaf__)) __attribute__ ((__nonnull__ (2)));
# 152 "/usr/include/x86_64-linux-gnu/bits/mathcalls.h" 3 4
 extern long double expm1l (long double __x) __attribute__ ((__nothrow__ , __leaf__)); extern long double __expm1l (long double __x) __attribute__ ((__nothrow__ , __leaf__));


 extern long double log1pl (long double __x) __attribute__ ((__nothrow__ , __leaf__)); extern long double __log1pl (long double __x) __attribute__ ((__nothrow__ , __leaf__));


extern long double logbl (long double __x) __attribute__ ((__nothrow__ , __leaf__)); extern long double __logbl (long double __x) __attribute__ ((__nothrow__ , __leaf__));




 extern long double exp2l (long double __x) __attribute__ ((__nothrow__ , __leaf__)); extern long double __exp2l (long double __x) __attribute__ ((__nothrow__ , __leaf__));


 extern long double log2l (long double __x) __attribute__ ((__nothrow__ , __leaf__)); extern long double __log2l (long double __x) __attribute__ ((__nothrow__ , __leaf__));






 extern long double powl (long double __x, long double __y) __attribute__ ((__nothrow__ , __leaf__)); extern long double __powl (long double __x, long double __y) __attribute__ ((__nothrow__ , __leaf__));


extern long double sqrtl (long double __x) __attribute__ ((__nothrow__ , __leaf__)); extern long double __sqrtl (long double __x) __attribute__ ((__nothrow__ , __leaf__));



 extern long double hypotl (long double __x, long double __y) __attribute__ ((__nothrow__ , __leaf__)); extern long double __hypotl (long double __x, long double __y) __attribute__ ((__nothrow__ , __leaf__));




 extern long double cbrtl (long double __x) __attribute__ ((__nothrow__ , __leaf__)); extern long double __cbrtl (long double __x) __attribute__ ((__nothrow__ , __leaf__));






extern long double ceill (long double __x) __attribute__ ((__nothrow__ , __leaf__)) __attribute__ ((__const__));


extern long double fabsl (long double __x) __attribute__ ((__nothrow__ , __leaf__)) __attribute__ ((__const__));


extern long double floorl (long double __x) __attribute__ ((__nothrow__ , __leaf__)) __attribute__ ((__const__));


extern long double fmodl (long double __x, long double __y) __attribute__ ((__nothrow__ , __leaf__)); extern long double __fmodl (long double __x, long double __y) __attribute__ ((__nothrow__ , __leaf__));
# 231 "/usr/include/x86_64-linux-gnu/bits/mathcalls.h" 3 4
extern long double copysignl (long double __x, long double __y) __attribute__ ((__nothrow__ , __leaf__)) __attribute__ ((__const__));




extern long double nanl (const char *__tagb) __attribute__ ((__nothrow__ , __leaf__)); extern long double __nanl (const char *__tagb) __attribute__ ((__nothrow__ , __leaf__));
# 264 "/usr/include/x86_64-linux-gnu/bits/mathcalls.h" 3 4
 extern long double erfl (long double) __attribute__ ((__nothrow__ , __leaf__)); extern long double __erfl (long double) __attribute__ ((__nothrow__ , __leaf__));
 extern long double erfcl (long double) __attribute__ ((__nothrow__ , __leaf__)); extern long double __erfcl (long double) __attribute__ ((__nothrow__ , __leaf__));
extern long double lgammal (long double) __attribute__ ((__nothrow__ , __leaf__)); extern long double __lgammal (long double) __attribute__ ((__nothrow__ , __leaf__));




extern long double tgammal (long double) __attribute__ ((__nothrow__ , __leaf__)); extern long double __tgammal (long double) __attribute__ ((__nothrow__ , __leaf__));
# 292 "/usr/include/x86_64-linux-gnu/bits/mathcalls.h" 3 4
extern long double rintl (long double __x) __attribute__ ((__nothrow__ , __leaf__)); extern long double __rintl (long double __x) __attribute__ ((__nothrow__ , __leaf__));


extern long double nextafterl (long double __x, long double __y) __attribute__ ((__nothrow__ , __leaf__)); extern long double __nextafterl (long double __x, long double __y) __attribute__ ((__nothrow__ , __leaf__));

extern long double nexttowardl (long double __x, long double __y) __attribute__ ((__nothrow__ , __leaf__)); extern long double __nexttowardl (long double __x, long double __y) __attribute__ ((__nothrow__ , __leaf__));
# 308 "/usr/include/x86_64-linux-gnu/bits/mathcalls.h" 3 4
extern long double remainderl (long double __x, long double __y) __attribute__ ((__nothrow__ , __leaf__)); extern long double __remainderl (long double __x, long double __y) __attribute__ ((__nothrow__ , __leaf__));



extern long double scalbnl (long double __x, int __n) __attribute__ ((__nothrow__ , __leaf__)); extern long double __scalbnl (long double __x, int __n) __attribute__ ((__nothrow__ , __leaf__));



extern int ilogbl (long double __x) __attribute__ ((__nothrow__ , __leaf__)); extern int __ilogbl (long double __x) __attribute__ ((__nothrow__ , __leaf__));
# 326 "/usr/include/x86_64-linux-gnu/bits/mathcalls.h" 3 4
extern long double scalblnl (long double __x, long int __n) __attribute__ ((__nothrow__ , __leaf__)); extern long double __scalblnl (long double __x, long int __n) __attribute__ ((__nothrow__ , __leaf__));



extern long double nearbyintl (long double __x) __attribute__ ((__nothrow__ , __leaf__)); extern long double __nearbyintl (long double __x) __attribute__ ((__nothrow__ , __leaf__));



extern long double roundl (long double __x) __attribute__ ((__nothrow__ , __leaf__)) __attribute__ ((__const__));



extern long double truncl (long double __x) __attribute__ ((__nothrow__ , __leaf__)) __attribute__ ((__const__));




extern long double remquol (long double __x, long double __y, int *__quo) __attribute__ ((__nothrow__ , __leaf__)); extern long double __remquol (long double __x, long double __y, int *__quo) __attribute__ ((__nothrow__ , __leaf__));






extern long int lrintl (long double __x) __attribute__ ((__nothrow__ , __leaf__)); extern long int __lrintl (long double __x) __attribute__ ((__nothrow__ , __leaf__));
__extension__
extern long long int llrintl (long double __x) __attribute__ ((__nothrow__ , __leaf__)); extern long long int __llrintl (long double __x) __attribute__ ((__nothrow__ , __leaf__));



extern long int lroundl (long double __x) __attribute__ ((__nothrow__ , __leaf__)); extern long int __lroundl (long double __x) __attribute__ ((__nothrow__ , __leaf__));
__extension__
extern long long int llroundl (long double __x) __attribute__ ((__nothrow__ , __leaf__)); extern long long int __llroundl (long double __x) __attribute__ ((__nothrow__ , __leaf__));



extern long double fdiml (long double __x, long double __y) __attribute__ ((__nothrow__ , __leaf__)); extern long double __fdiml (long double __x, long double __y) __attribute__ ((__nothrow__ , __leaf__));



extern long double fmaxl (long double __x, long double __y) __attribute__ ((__nothrow__ , __leaf__)) __attribute__ ((__const__));


extern long double fminl (long double __x, long double __y) __attribute__ ((__nothrow__ , __leaf__)) __attribute__ ((__const__));



extern long double fmal (long double __x, long double __y, long double __z) __attribute__ ((__nothrow__ , __leaf__)); extern long double __fmal (long double __x, long double __y, long double __z) __attribute__ ((__nothrow__ , __leaf__));
# 369 "/usr/include/math.h" 2 3 4
# 450 "/usr/include/math.h" 3 4
# 1 "/usr/include/x86_64-linux-gnu/bits/mathcalls-helper-functions.h" 1 3 4
# 20 "/usr/include/x86_64-linux-gnu/bits/mathcalls-helper-functions.h" 3 4
extern int __fpclassifyf128 (_Float128 __value) __attribute__ ((__nothrow__ , __leaf__))
     __attribute__ ((__const__));


extern int __signbitf128 (_Float128 __value) __attribute__ ((__nothrow__ , __leaf__))
     __attribute__ ((__const__));



extern int __isinff128 (_Float128 __value) __attribute__ ((__nothrow__ , __leaf__))
  __attribute__ ((__const__));


extern int __finitef128 (_Float128 __value) __attribute__ ((__nothrow__ , __leaf__))
  __attribute__ ((__const__));


extern int __isnanf128 (_Float128 __value) __attribute__ ((__nothrow__ , __leaf__))
  __attribute__ ((__const__));


extern int __iseqsigf128 (_Float128 __x, _Float128 __y) __attribute__ ((__nothrow__ , __leaf__));


extern int __issignalingf128 (_Float128 __value) __attribute__ ((__nothrow__ , __leaf__))
     __attribute__ ((__const__));
# 451 "/usr/include/math.h" 2 3 4
# 903 "/usr/include/math.h" 3 4
enum
  {
    FP_NAN =

      0,
    FP_INFINITE =

      1,
    FP_ZERO =

      2,
    FP_SUBNORMAL =

      3,
    FP_NORMAL =

      4
  };
# 1441 "/usr/include/math.h" 3 4

# 15 "inputs/bootstrap/source/fpr-emulated.h" 2


# 16 "inputs/bootstrap/source/fpr-emulated.h"
typedef uint64_t fpr;

static inline uint64_t
fpr_ursh(uint64_t x, int n)
{
 x ^= (x ^ (x >> 32)) & -(uint64_t)(n >> 5);
 return x >> (n & 31);
}

static inline int64_t
fpr_irsh(int64_t x, int n)
{
 x ^= (x ^ (x >> 32)) & -(int64_t)(n >> 5);
 return x >> (n & 31);
}

static inline uint64_t
fpr_ulsh(uint64_t x, int n)
{
 x ^= (x ^ (x << 32)) & -(uint64_t)(n >> 5);
 return x << (n & 31);
}

static inline fpr
FPR(int s, int e, uint64_t m)
{
 fpr x;
 uint32_t t;
 unsigned f;

 e += 1076;
 t = (uint32_t)e >> 31;
 m &= (uint64_t)t - 1;
 t = (uint32_t)(m >> 54);
 e &= -(int)t;
 x = (((uint64_t)s << 63) | (m >> 2)) + ((uint64_t)(uint32_t)e << 52);
 f = (unsigned)m & 7U;
 x += (0xC8U >> f) & 1;
 return x;
}

fpr fpr_scaled(int64_t i, int sc);
fpr fpr_add(fpr x, fpr y);
fpr fpr_mul(fpr x, fpr y);
fpr fpr_div(fpr x, fpr y);
fpr fpr_sqrt(fpr x);

static const fpr fpr_log2 = 0x3fe62e42fefa39efULL;
static const fpr fpr_p55 = 0x4360000000000000ULL;
static const fpr fpr_p63 = 0x43e0000000000000ULL;
static const fpr fpr_p64 = 0x43f0000000000000ULL;
static const fpr fpr_W1R = 0x3fe0000000000000ULL;
static const fpr fpr_W1I = 0x3febb67ae8584caaULL;
static const fpr fpr_W2R = 0xbfe0000000000000ULL;
static const fpr fpr_W2I = 0x3febb67ae8584caaULL;
static const fpr fpr_W4R = 0xbfe0000000000000ULL;
static const fpr fpr_W4I = 0xbfebb67ae8584caaULL;
static const fpr fpr_W5R = 0x3fe0000000000000ULL;
static const fpr fpr_W5I = 0xbfebb67ae8584caaULL;
static const fpr fpr_IW1I = 0x3ff279a74590331cULL;
static const fpr fpr_zero = 0x0000000000000000ULL;
static const fpr fpr_one = 0x3ff0000000000000ULL;
static const fpr fpr_two = 0x4000000000000000ULL;
static const fpr fpr_onehalf = 0x3fe0000000000000ULL;
static const fpr FPR_P1_EMU = 0x3fc555555555553eULL;
static const fpr FPR_P2_EMU = 0xbf66c16c16bebd93ULL;
static const fpr FPR_P3_EMU = 0x3f11566aaf25de2cULL;
static const fpr FPR_P4_EMU = 0xbebbbd41c5d26bf1ULL;
static const fpr FPR_P5_EMU = 0x3e66376972bea4d0ULL;

static inline fpr
fpr_of(int64_t i)
{
 return fpr_scaled(i, 0);
}

static inline fpr
fpr_inverse_of(long i)
{
 return fpr_div(fpr_one, fpr_of(i));
}

static inline int64_t
fpr_rint(fpr x)
{
 uint64_t m, d;
 int e;
 uint32_t s, dd, f;

 m = ((x << 10) | ((uint64_t)1 << 62)) & (((uint64_t)1 << 63) - 1);
 e = 1085 - ((int)(x >> 52) & 0x7FF);
 m &= -(uint64_t)((uint32_t)(e - 64) >> 31);
 e &= 63;
 d = fpr_ulsh(m, 63 - e);
 dd = (uint32_t)d | ((uint32_t)(d >> 32) & 0x1FFFFFFF);
 f = (uint32_t)(d >> 61) | ((dd | -dd) >> 31);
 m = fpr_ursh(m, e) + (uint64_t)((0xC8U >> f) & 1U);
 s = (uint32_t)(x >> 63);
 return ((int64_t)m ^ -(int64_t)s) + (int64_t)s;
}

static inline long
fpr_floor(fpr x)
{
 uint64_t t;
 int64_t xi;
 int e, cc;

 e = (int)(x >> 52) & 0x7FF;
 t = x >> 63;
 xi = (int64_t)(((x << 10) | ((uint64_t)1 << 62))
  & (((uint64_t)1 << 63) - 1));
 xi = (xi ^ -(int64_t)t) + (int64_t)t;
 cc = 1085 - e;
 xi = fpr_irsh(xi, cc & 63);
 xi ^= (xi ^ -(int64_t)t) & -(int64_t)((uint32_t)(63 - cc) >> 31);
 return (long)xi;
}

static inline int64_t
fpr_trunc(fpr x)
{
 uint64_t t, xu;
 int e, cc;

 e = (int)(x >> 52) & 0x7FF;
 xu = ((x << 10) | ((uint64_t)1 << 62)) & (((uint64_t)1 << 63) - 1);
 cc = 1085 - e;
 xu = fpr_ursh(xu, cc & 63);
 xu &= -(uint64_t)((uint32_t)(cc - 64) >> 31);
 t = x >> 63;
 xu = (xu ^ -t) + t;
 return (int64_t)xu;
}

static inline fpr
fpr_sub(fpr x, fpr y)
{
 y ^= (uint64_t)1 << 63;
 return fpr_add(x, y);
}

static inline fpr
fpr_neg(fpr x)
{
 x ^= (uint64_t)1 << 63;
 return x;
}

static inline fpr
fpr_half(fpr x)
{
 uint32_t t;

 x -= (uint64_t)1 << 52;
 t = (((uint32_t)(x >> 52) & 0x7FF) + 1) >> 11;
 x &= (uint64_t)t - 1;
 return x;
}

static inline fpr
fpr_double(fpr x)
{
 x += (uint64_t)((((unsigned)(x >> 52) & 0x7FFU) + 0x7FFU) >> 11) << 52;
 return x;
}

static inline fpr
fpr_sqr(fpr x)
{
 return fpr_mul(x, x);
}

static inline fpr
fpr_inv(fpr x)
{
 return fpr_div(fpr_one, x);
}

static inline int
fpr_lt(fpr x, fpr y)
{
 int64_t sx, sy;
 int cc0, cc1;

 memcpy(&sx, &x, sizeof sx);
 memcpy(&sy, &y, sizeof sy);
 cc0 = sx < sy;
 cc1 = sx > sy;
 return cc0 ^ ((cc0 ^ cc1) & (int)((x & y) >> 63));
}

static inline fpr
fpr_max(fpr x, fpr y)
{
 return fpr_lt(x, y) ? y : x;
}

static inline fpr
fpr_exp_small(fpr x)
{
 fpr s, t, c;

 s = fpr_half(x);
 t = fpr_sqr(s);
 c = fpr_add(FPR_P4_EMU, fpr_mul(t, FPR_P5_EMU));
 c = fpr_add(FPR_P3_EMU, fpr_mul(t, c));
 c = fpr_add(FPR_P2_EMU, fpr_mul(t, c));
 c = fpr_add(FPR_P1_EMU, fpr_mul(t, c));
 c = fpr_sub(s, fpr_mul(t, c));
 s = fpr_sub(fpr_one,
  fpr_sub(fpr_div(fpr_mul(s, c), fpr_sub(c, fpr_two)), s));
 return fpr_sqr(s);
}





static const uint64_t fpr_expm_p63_coefficients[13] = {
 0x00000004741183A3ULL,
 0x00000036548CFC06ULL,
 0x0000024FDCBF140AULL,
 0x0000171D939DE045ULL,
 0x0000D00CF58F6F84ULL,
 0x000680681CF796E3ULL,
 0x002D82D8305B0FEAULL,
 0x011111110E066FD0ULL,
 0x0555555555070F00ULL,
 0x155555555581FF00ULL,
 0x400000000002B400ULL,
 0x7FFFFFFFFFFF4800ULL,
 0x8000000000000000ULL
};

static inline uint64_t
fpr_mul_high_u64(uint64_t x, uint64_t y)
{
 uint32_t x0, x1, y0, y1;
 uint64_t a, b, c;

 x0 = (uint32_t)x;
 x1 = (uint32_t)(x >> 32);
 y0 = (uint32_t)y;
 y1 = (uint32_t)(y >> 32);
 a = (uint64_t)x0 * (uint64_t)y1
  + (((uint64_t)x0 * (uint64_t)y0) >> 32);
 b = (uint64_t)x1 * (uint64_t)y0;
 c = (a >> 32) + (b >> 32);
 c += ((uint64_t)(uint32_t)a + (uint64_t)(uint32_t)b) >> 32;
 c += (uint64_t)x1 * (uint64_t)y1;
 return c;
}

static inline uint64_t
fpr_expm_scaled(fpr r)
{
 uint64_t y, z;
 unsigned u;

 y = fpr_expm_p63_coefficients[0];
 z = (uint64_t)fpr_trunc(fpr_mul(r, fpr_p63)) << 1;
 for (u = 1; u < 13; u ++) {
  y = fpr_expm_p63_coefficients[u] - fpr_mul_high_u64(z, y);
 }
 return y;
}

static const fpr fpr_inv_ln2 = 0x3ff71547652b82feULL;
static const fpr fpr_inv_8 = 0x3fc0000000000000ULL;
static const fpr fpr_inv_10 = 0x3fb999999999999aULL;

static const fpr fpr_pi = 0x400921fb54442d18ULL;
static const fpr fpr_sin_c0 = 0x3ff0000000000000ULL;
static const fpr fpr_sin_c1 = 0xbfc5555555555555ULL;
static const fpr fpr_sin_c2 = 0x3f81111111111111ULL;
static const fpr fpr_sin_c3 = 0xbf2a01a01a01a01aULL;
static const fpr fpr_sin_c4 = 0x3ec71de3a556c734ULL;
static const fpr fpr_sin_c5 = 0xbe5ae64567f544e4ULL;
static const fpr fpr_sin_c6 = 0x3de6124613a86d09ULL;
static const fpr fpr_sin_c7 = 0xbd6ae7f3e733b81fULL;
static const fpr fpr_sin_c8 = 0x3ce952c77030ad4aULL;
static const fpr fpr_sin_c9 = 0xbc62f49b46814157ULL;
static const fpr fpr_cos_c0 = 0x3ff0000000000000ULL;
static const fpr fpr_cos_c1 = 0xbfe0000000000000ULL;
static const fpr fpr_cos_c2 = 0x3fa5555555555555ULL;
static const fpr fpr_cos_c3 = 0xbf56c16c16c16c17ULL;
static const fpr fpr_cos_c4 = 0x3efa01a01a01a01aULL;
static const fpr fpr_cos_c5 = 0xbe927e4fb7789f5cULL;
static const fpr fpr_cos_c6 = 0x3e21eed8eff8d898ULL;
static const fpr fpr_cos_c7 = 0xbda93974a8c07c9dULL;
static const fpr fpr_cos_c8 = 0x3d2ae7f3e733b81fULL;
static const fpr fpr_cos_c9 = 0xbca6827863b97d97ULL;
static const fpr fpr_inv_odd[] = { 0x3ff0000000000000ULL, 0x3fd5555555555555ULL, 0x3fc999999999999aULL, 0x3fc2492492492492ULL, 0x3fbc71c71c71c71cULL, 0x3fb745d1745d1746ULL, 0x3fb3b13b13b13b14ULL, 0x3fb1111111111111ULL, 0x3fae1e1e1e1e1e1eULL, 0x3faaf286bca1af28ULL, 0x3fa8618618618618ULL, 0x3fa642c8590b2164ULL, 0x3fa47ae147ae147bULL, 0x3fa2f684bda12f68ULL, 0x3fa1a7b9611a7b96ULL, 0x3fa0842108421084ULL, 0x3f9f07c1f07c1f08ULL, 0x3f9d41d41d41d41dULL, 0x3f9bacf914c1bad0ULL, 0x3f9a41a41a41a41aULL, 0x3f98f9c18f9c18faULL, 0x3f97d05f417d05f4ULL, 0x3f96c16c16c16c17ULL, 0x3f95c9882b931057ULL, 0x3f94e5e0a72f0539ULL, 0x3f94141414141414ULL, 0x3f93521cfb2b78c1ULL, 0x3f929e4129e4129eULL, 0x3f91f7047dc11f70ULL, 0x3f915b1e5f75270dULL, 0x3f90c9714fbcda3bULL, 0x3f90410410410410ULL };

static inline fpr
fpr_log_emu(fpr x)
{
 fpr m, y, y2, acc;
 int e, i;

 e = (int)((x >> 52) & 0x7FF) - 1023;
 m = (x & (((uint64_t)1 << 52) - 1)) | ((uint64_t)1023 << 52);
 y = fpr_div(fpr_sub(m, fpr_one), fpr_add(m, fpr_one));
 y2 = fpr_sqr(y);
 acc = fpr_inv_odd[31];
 for (i = 30; i >= 0; i --) {
  acc = fpr_add(fpr_inv_odd[i], fpr_mul(y2, acc));
 }
 return fpr_add(fpr_mul(fpr_of(e), fpr_log2),
  fpr_double(fpr_mul(y, acc)));
}

static inline fpr
fpr_sin_poly(fpr t)
{
 fpr x, y;

 x = fpr_sqr(t);
 y = fpr_sin_c9;
 y = fpr_add(fpr_sin_c8, fpr_mul(x, y));
 y = fpr_add(fpr_sin_c7, fpr_mul(x, y));
 y = fpr_add(fpr_sin_c6, fpr_mul(x, y));
 y = fpr_add(fpr_sin_c5, fpr_mul(x, y));
 y = fpr_add(fpr_sin_c4, fpr_mul(x, y));
 y = fpr_add(fpr_sin_c3, fpr_mul(x, y));
 y = fpr_add(fpr_sin_c2, fpr_mul(x, y));
 y = fpr_add(fpr_sin_c1, fpr_mul(x, y));
 y = fpr_add(fpr_sin_c0, fpr_mul(x, y));
 return fpr_mul(t, y);
}

static inline fpr
fpr_cos_poly(fpr t)
{
 fpr x, y;

 x = fpr_sqr(t);
 y = fpr_cos_c9;
 y = fpr_add(fpr_cos_c8, fpr_mul(x, y));
 y = fpr_add(fpr_cos_c7, fpr_mul(x, y));
 y = fpr_add(fpr_cos_c6, fpr_mul(x, y));
 y = fpr_add(fpr_cos_c5, fpr_mul(x, y));
 y = fpr_add(fpr_cos_c4, fpr_mul(x, y));
 y = fpr_add(fpr_cos_c3, fpr_mul(x, y));
 y = fpr_add(fpr_cos_c2, fpr_mul(x, y));
 y = fpr_add(fpr_cos_c1, fpr_mul(x, y));
 y = fpr_add(fpr_cos_c0, fpr_mul(x, y));
 return y;
}

static inline void
fpr_sincos_tick(fpr *c, fpr *s, uint32_t b)
{
 uint64_t u, qraw;
 int64_t rem;
 int q;
 fpr t, st, ct;

 u = (uint64_t)b + 1;
 qraw = (u + ((uint64_t)1 << 29)) >> 30;
 q = (int)qraw & 3;
 rem = (int64_t)u - ((int64_t)qraw << 30);
 t = fpr_mul(fpr_scaled(rem, -31), fpr_pi);
 st = fpr_sin_poly(t);
 ct = fpr_cos_poly(t);
 switch (q) {
 case 0:
  *s = st;
  *c = ct;
  break;
 case 1:
  *s = ct;
  *c = fpr_neg(st);
  break;
 case 2:
  *s = fpr_neg(st);
  *c = fpr_neg(ct);
  break;
 default:
  *s = fpr_neg(ct);
  *c = st;
  break;
 }
}

static inline void
fpr_gauss(fpr *re, fpr *im, fpr sigma, uint32_t a, uint32_t b)
{
 fpr u, mag, c, s;

 u = fpr_scaled((int64_t)a + 1, -32);
 mag = fpr_mul(sigma, fpr_sqrt(fpr_neg(fpr_double(fpr_log_emu(u)))));
 fpr_sincos_tick(&c, &s, b);
 *re = fpr_mul(mag, c);
 *im = fpr_mul(mag, s);
}
# 297 "inputs/bootstrap/source/internal.h" 2
# 316 "inputs/bootstrap/source/internal.h"
void falcon_FFT(fpr *f, unsigned logn);
# 326 "inputs/bootstrap/source/internal.h"
void falcon_iFFT(fpr *f, unsigned logn);





void falcon_poly_add(fpr *restrict a, const fpr *restrict b, unsigned logn);
# 344 "inputs/bootstrap/source/internal.h"
void falcon_poly_addconst(fpr *a, fpr x, unsigned logn);





void falcon_poly_addconst_fft(fpr *a, fpr x, unsigned logn);





void falcon_poly_sub(fpr *restrict a, const fpr *restrict b, unsigned logn);
# 367 "inputs/bootstrap/source/internal.h"
void falcon_poly_neg(fpr *a, unsigned logn);
# 378 "inputs/bootstrap/source/internal.h"
void falcon_poly_adj(fpr *a, unsigned logn);




void falcon_poly_adj_fft(fpr *a, unsigned logn);
# 396 "inputs/bootstrap/source/internal.h"
void falcon_poly_mul_fft(fpr *restrict a, const fpr *restrict b, unsigned logn);
# 408 "inputs/bootstrap/source/internal.h"
void falcon_poly_sqr_fft(fpr *a, unsigned logn);





void falcon_poly_muladj_fft(fpr *restrict a,
 const fpr *restrict b, unsigned logn);





void falcon_poly_mulselfadj_fft(fpr *a, unsigned logn);





void falcon_poly_mulconst(fpr *a, fpr x, unsigned logn);
# 438 "inputs/bootstrap/source/internal.h"
void falcon_poly_inv_fft(fpr *a, unsigned logn);





void falcon_poly_div_fft(fpr *restrict a, const fpr *restrict b, unsigned logn);





void falcon_poly_divadj_fft(fpr *restrict a,
 const fpr *restrict b, unsigned logn);
# 461 "inputs/bootstrap/source/internal.h"
void falcon_poly_invnorm2_fft(fpr *restrict d,
 const fpr *restrict a, const fpr *restrict b, unsigned logn);






void falcon_poly_add_muladj_fft(fpr *restrict d,
 const fpr *restrict F, const fpr *restrict G,
 const fpr *restrict f, const fpr *restrict g, unsigned logn);







void falcon_poly_mul_autoadj_fft(fpr *restrict a,
 const fpr *restrict b, unsigned logn);







void falcon_poly_div_autoadj_fft(fpr *restrict a,
 const fpr *restrict b, unsigned logn);






void falcon_poly_split_fft(fpr *restrict t0, fpr *restrict t1,
 const fpr *restrict f, unsigned logn);







void falcon_poly_merge_fft(fpr *restrict f,
 const fpr *restrict f0, const fpr *restrict f1, unsigned logn);
# 529 "inputs/bootstrap/source/internal.h"
void falcon_FFT3(fpr *f, unsigned logn, unsigned full);
# 540 "inputs/bootstrap/source/internal.h"
void falcon_iFFT3(fpr *f, unsigned logn, unsigned full);





void falcon_poly_add3(fpr *restrict a, const fpr *restrict b,
 unsigned logn, unsigned full);
# 559 "inputs/bootstrap/source/internal.h"
void falcon_poly_addconst3(fpr *a, fpr x, unsigned logn, unsigned full);





void falcon_poly_addconst_fft3(fpr *a, fpr x, unsigned logn, unsigned full);





void falcon_poly_sub3(fpr *restrict a, const fpr *restrict b,
 unsigned logn, unsigned full);
# 583 "inputs/bootstrap/source/internal.h"
void falcon_poly_neg3(fpr *a, unsigned logn, unsigned full);
# 593 "inputs/bootstrap/source/internal.h"
void falcon_poly_adj_fft3(fpr *a, unsigned logn, unsigned full);
# 607 "inputs/bootstrap/source/internal.h"
void falcon_poly_mul_fft3(fpr *restrict a,
 const fpr *restrict b, unsigned logn, unsigned full);
# 621 "inputs/bootstrap/source/internal.h"
void falcon_poly_sqr_fft3(fpr *a, unsigned logn, unsigned full);





void falcon_poly_muladj_fft3(fpr *restrict a,
 const fpr *restrict b, unsigned logn, unsigned full);





void falcon_poly_mulselfadj_fft3(fpr *a, unsigned logn, unsigned full);





void falcon_poly_mulconst3(fpr *a, fpr x, unsigned logn, unsigned full);
# 651 "inputs/bootstrap/source/internal.h"
void falcon_poly_inv_fft3(fpr *a, unsigned logn, unsigned full);





void falcon_poly_div_fft3(fpr *restrict a,
 const fpr *restrict b, unsigned logn, unsigned full);





void falcon_poly_divadj_fft3(fpr *restrict a,
 const fpr *restrict b, unsigned logn, unsigned full);
# 675 "inputs/bootstrap/source/internal.h"
void falcon_poly_invnorm2_fft3(fpr *restrict d,
 const fpr *restrict a, const fpr *restrict b,
 unsigned logn, unsigned full);






void falcon_poly_add_muladj_fft3(fpr *restrict d,
 const fpr *restrict F, const fpr *restrict G,
 const fpr *restrict f, const fpr *restrict g,
 unsigned logn, unsigned full);







void falcon_poly_mul_autoadj_fft3(fpr *restrict a,
 const fpr *restrict b, unsigned logn, unsigned full);







void falcon_poly_div_autoadj_fft3(fpr *restrict a,
 const fpr *restrict b, unsigned logn, unsigned full);
# 714 "inputs/bootstrap/source/internal.h"
void falcon_poly_split_top_fft3(
 fpr *restrict f0, fpr *restrict f1, fpr *restrict f2,
 const fpr *restrict f, unsigned logn);
# 726 "inputs/bootstrap/source/internal.h"
void falcon_poly_split_deep_fft3(fpr *restrict f0, fpr *restrict f1,
 const fpr *restrict f, unsigned logn);





void falcon_poly_merge_top_fft3(fpr *restrict f,
 const fpr *restrict f0, const fpr *restrict f1, const fpr *restrict f2,
 unsigned logn);





void falcon_poly_merge_deep_fft3(fpr *restrict f,
 const fpr *restrict f0, const fpr *restrict f1, unsigned logn);
# 757 "inputs/bootstrap/source/internal.h"
int falcon_get_seed(void *seed, size_t seed_len);
# 767 "inputs/bootstrap/source/internal.h"
typedef struct {
 union {
  unsigned char d[4096];
  uint64_t dummy_u64;
 } buf;
 size_t ptr;
 union {
  unsigned char d[256];
  uint64_t dummy_u64;
 } state;
 int type;
} prng;
# 797 "inputs/bootstrap/source/internal.h"
int falcon_prng_init(prng *p, shake_context *src, int type);





void falcon_prng_refill(prng *p);




void falcon_prng_get_bytes(prng *p, void *dst, size_t len);




static inline uint64_t
falcon_prng_get_u64(prng *p)
{
 size_t u;







 u = p->ptr;
 if (u >= (sizeof p->buf.d) - 9) {
  falcon_prng_refill(p);
  u = 0;
 }
 p->ptr = u + 8;






 {
  uint64_t x;
  memcpy(&x, p->buf.d + u, sizeof x);
  return x;
 }
# 851 "inputs/bootstrap/source/internal.h"
}




static inline unsigned
falcon_prng_get_u8(prng *p)
{
 unsigned v;

 v = p->buf.d[p->ptr ++];
 if (p->ptr == sizeof p->buf.d) {
  falcon_prng_refill(p);
 }
 return v;
}
# 34 "inputs/bootstrap/source/falcon-keygen.c" 2
# 57 "inputs/bootstrap/source/falcon-keygen.c"
# 1 "/usr/include/stdio.h" 1 3 4
# 28 "/usr/include/stdio.h" 3 4
# 1 "/usr/include/x86_64-linux-gnu/bits/libc-header-start.h" 1 3 4
# 29 "/usr/include/stdio.h" 2 3 4





# 1 "/usr/lib/gcc/x86_64-linux-gnu/14/include/stddef.h" 1 3 4
# 35 "/usr/include/stdio.h" 2 3 4


# 1 "/usr/lib/gcc/x86_64-linux-gnu/14/include/stdarg.h" 1 3 4
# 40 "/usr/lib/gcc/x86_64-linux-gnu/14/include/stdarg.h" 3 4

# 40 "/usr/lib/gcc/x86_64-linux-gnu/14/include/stdarg.h" 3 4
typedef __builtin_va_list __gnuc_va_list;
# 38 "/usr/include/stdio.h" 2 3 4


# 1 "/usr/include/x86_64-linux-gnu/bits/types/__fpos_t.h" 1 3 4




# 1 "/usr/include/x86_64-linux-gnu/bits/types/__mbstate_t.h" 1 3 4
# 13 "/usr/include/x86_64-linux-gnu/bits/types/__mbstate_t.h" 3 4
typedef struct
{
  int __count;
  union
  {
    unsigned int __wch;
    char __wchb[4];
  } __value;
} __mbstate_t;
# 6 "/usr/include/x86_64-linux-gnu/bits/types/__fpos_t.h" 2 3 4




typedef struct _G_fpos_t
{
  __off_t __pos;
  __mbstate_t __state;
} __fpos_t;
# 41 "/usr/include/stdio.h" 2 3 4
# 1 "/usr/include/x86_64-linux-gnu/bits/types/__fpos64_t.h" 1 3 4
# 10 "/usr/include/x86_64-linux-gnu/bits/types/__fpos64_t.h" 3 4
typedef struct _G_fpos64_t
{
  __off64_t __pos;
  __mbstate_t __state;
} __fpos64_t;
# 42 "/usr/include/stdio.h" 2 3 4
# 1 "/usr/include/x86_64-linux-gnu/bits/types/__FILE.h" 1 3 4



struct _IO_FILE;
typedef struct _IO_FILE __FILE;
# 43 "/usr/include/stdio.h" 2 3 4
# 1 "/usr/include/x86_64-linux-gnu/bits/types/FILE.h" 1 3 4



struct _IO_FILE;


typedef struct _IO_FILE FILE;
# 44 "/usr/include/stdio.h" 2 3 4
# 1 "/usr/include/x86_64-linux-gnu/bits/types/struct_FILE.h" 1 3 4
# 36 "/usr/include/x86_64-linux-gnu/bits/types/struct_FILE.h" 3 4
struct _IO_FILE;
struct _IO_marker;
struct _IO_codecvt;
struct _IO_wide_data;




typedef void _IO_lock_t;





struct _IO_FILE
{
  int _flags;


  char *_IO_read_ptr;
  char *_IO_read_end;
  char *_IO_read_base;
  char *_IO_write_base;
  char *_IO_write_ptr;
  char *_IO_write_end;
  char *_IO_buf_base;
  char *_IO_buf_end;


  char *_IO_save_base;
  char *_IO_backup_base;
  char *_IO_save_end;

  struct _IO_marker *_markers;

  struct _IO_FILE *_chain;

  int _fileno;
  int _flags2:24;

  char _short_backupbuf[1];
  __off_t _old_offset;


  unsigned short _cur_column;
  signed char _vtable_offset;
  char _shortbuf[1];

  _IO_lock_t *_lock;







  __off64_t _offset;

  struct _IO_codecvt *_codecvt;
  struct _IO_wide_data *_wide_data;
  struct _IO_FILE *_freeres_list;
  void *_freeres_buf;
  struct _IO_FILE **_prevchain;
  int _mode;

  char _unused2[15 * sizeof (int) - 5 * sizeof (void *)];
};
# 45 "/usr/include/stdio.h" 2 3 4
# 85 "/usr/include/stdio.h" 3 4
typedef __fpos_t fpos_t;
# 129 "/usr/include/stdio.h" 3 4
# 1 "/usr/include/x86_64-linux-gnu/bits/stdio_lim.h" 1 3 4
# 130 "/usr/include/stdio.h" 2 3 4
# 149 "/usr/include/stdio.h" 3 4
extern FILE *stdin;
extern FILE *stdout;
extern FILE *stderr;






extern int remove (const char *__filename) __attribute__ ((__nothrow__ , __leaf__));

extern int rename (const char *__old, const char *__new) __attribute__ ((__nothrow__ , __leaf__));
# 184 "/usr/include/stdio.h" 3 4
extern int fclose (FILE *__stream) __attribute__ ((__nonnull__ (1)));
# 194 "/usr/include/stdio.h" 3 4
extern FILE *tmpfile (void)
  __attribute__ ((__malloc__)) __attribute__ ((__malloc__ (fclose, 1))) ;
# 211 "/usr/include/stdio.h" 3 4
extern char *tmpnam (char[20]) __attribute__ ((__nothrow__ , __leaf__)) ;
# 236 "/usr/include/stdio.h" 3 4
extern int fflush (FILE *__stream);
# 264 "/usr/include/stdio.h" 3 4
extern FILE *fopen (const char *__restrict __filename,
      const char *__restrict __modes)
  __attribute__ ((__malloc__)) __attribute__ ((__malloc__ (fclose, 1))) ;




extern FILE *freopen (const char *__restrict __filename,
        const char *__restrict __modes,
        FILE *__restrict __stream) __attribute__ ((__nonnull__ (3)));
# 334 "/usr/include/stdio.h" 3 4
extern void setbuf (FILE *__restrict __stream, char *__restrict __buf) __attribute__ ((__nothrow__ , __leaf__))
  __attribute__ ((__nonnull__ (1)));



extern int setvbuf (FILE *__restrict __stream, char *__restrict __buf,
      int __modes, size_t __n) __attribute__ ((__nothrow__ , __leaf__)) __attribute__ ((__nonnull__ (1)));
# 357 "/usr/include/stdio.h" 3 4
extern int fprintf (FILE *__restrict __stream,
      const char *__restrict __format, ...) __attribute__ ((__nonnull__ (1)));




extern int printf (const char *__restrict __format, ...);

extern int sprintf (char *__restrict __s,
      const char *__restrict __format, ...) __attribute__ ((__nothrow__));





extern int vfprintf (FILE *__restrict __s, const char *__restrict __format,
       __gnuc_va_list __arg) __attribute__ ((__nonnull__ (1)));




extern int vprintf (const char *__restrict __format, __gnuc_va_list __arg);

extern int vsprintf (char *__restrict __s, const char *__restrict __format,
       __gnuc_va_list __arg) __attribute__ ((__nothrow__));



extern int snprintf (char *__restrict __s, size_t __maxlen,
       const char *__restrict __format, ...)
     __attribute__ ((__nothrow__)) __attribute__ ((__format__ (__printf__, 3, 4)));

extern int vsnprintf (char *__restrict __s, size_t __maxlen,
        const char *__restrict __format, __gnuc_va_list __arg)
     __attribute__ ((__nothrow__)) __attribute__ ((__format__ (__printf__, 3, 0)));
# 422 "/usr/include/stdio.h" 3 4
extern int fscanf (FILE *__restrict __stream,
     const char *__restrict __format, ...) __attribute__ ((__nonnull__ (1)));




extern int scanf (const char *__restrict __format, ...) ;

extern int sscanf (const char *__restrict __s,
     const char *__restrict __format, ...) __attribute__ ((__nothrow__ , __leaf__));
# 463 "/usr/include/stdio.h" 3 4
extern int fscanf (FILE *__restrict __stream, const char *__restrict __format, ...) __asm__ ("" "__isoc99_fscanf")

                                __attribute__ ((__nonnull__ (1)));
extern int scanf (const char *__restrict __format, ...) __asm__ ("" "__isoc99_scanf")
                              ;
extern int sscanf (const char *__restrict __s, const char *__restrict __format, ...) __asm__ ("" "__isoc99_sscanf") __attribute__ ((__nothrow__ , __leaf__))

                      ;
# 490 "/usr/include/stdio.h" 3 4
extern int vfscanf (FILE *__restrict __s, const char *__restrict __format,
      __gnuc_va_list __arg)
     __attribute__ ((__format__ (__scanf__, 2, 0))) __attribute__ ((__nonnull__ (1)));





extern int vscanf (const char *__restrict __format, __gnuc_va_list __arg)
     __attribute__ ((__format__ (__scanf__, 1, 0))) ;


extern int vsscanf (const char *__restrict __s,
      const char *__restrict __format, __gnuc_va_list __arg)
     __attribute__ ((__nothrow__ , __leaf__)) __attribute__ ((__format__ (__scanf__, 2, 0)));
# 540 "/usr/include/stdio.h" 3 4
extern int vfscanf (FILE *__restrict __s, const char *__restrict __format, __gnuc_va_list __arg) __asm__ ("" "__isoc99_vfscanf")



     __attribute__ ((__format__ (__scanf__, 2, 0))) __attribute__ ((__nonnull__ (1)));
extern int vscanf (const char *__restrict __format, __gnuc_va_list __arg) __asm__ ("" "__isoc99_vscanf")

     __attribute__ ((__format__ (__scanf__, 1, 0))) ;
extern int vsscanf (const char *__restrict __s, const char *__restrict __format, __gnuc_va_list __arg) __asm__ ("" "__isoc99_vsscanf") __attribute__ ((__nothrow__ , __leaf__))



     __attribute__ ((__format__ (__scanf__, 2, 0)));
# 575 "/usr/include/stdio.h" 3 4
extern int fgetc (FILE *__stream) __attribute__ ((__nonnull__ (1)));
extern int getc (FILE *__stream) __attribute__ ((__nonnull__ (1)));





extern int getchar (void);
# 611 "/usr/include/stdio.h" 3 4
extern int fputc (int __c, FILE *__stream) __attribute__ ((__nonnull__ (2)));
extern int putc (int __c, FILE *__stream) __attribute__ ((__nonnull__ (2)));





extern int putchar (int __c);
# 654 "/usr/include/stdio.h" 3 4
extern char *fgets (char *__restrict __s, int __n, FILE *__restrict __stream)
     __attribute__ ((__access__ (__write_only__, 1, 2))) __attribute__ ((__nonnull__ (3)));
# 667 "/usr/include/stdio.h" 3 4
extern char *gets (char *__s) __attribute__ ((__deprecated__));
# 707 "/usr/include/stdio.h" 3 4
extern int fputs (const char *__restrict __s, FILE *__restrict __stream)
  __attribute__ ((__nonnull__ (2)));





extern int puts (const char *__s);






extern int ungetc (int __c, FILE *__stream) __attribute__ ((__nonnull__ (2)));






extern size_t fread (void *__restrict __ptr, size_t __size,
       size_t __n, FILE *__restrict __stream)
  __attribute__ ((__nonnull__ (4)));




extern size_t fwrite (const void *__restrict __ptr, size_t __size,
        size_t __n, FILE *__restrict __s) __attribute__ ((__nonnull__ (4)));
# 769 "/usr/include/stdio.h" 3 4
extern int fseek (FILE *__stream, long int __off, int __whence)
  __attribute__ ((__nonnull__ (1)));




extern long int ftell (FILE *__stream) __attribute__ ((__nonnull__ (1)));




extern void rewind (FILE *__stream) __attribute__ ((__nonnull__ (1)));
# 819 "/usr/include/stdio.h" 3 4
extern int fgetpos (FILE *__restrict __stream, fpos_t *__restrict __pos)
  __attribute__ ((__nonnull__ (1)));




extern int fsetpos (FILE *__stream, const fpos_t *__pos) __attribute__ ((__nonnull__ (1)));
# 850 "/usr/include/stdio.h" 3 4
extern void clearerr (FILE *__stream) __attribute__ ((__nothrow__ , __leaf__)) __attribute__ ((__nonnull__ (1)));

extern int feof (FILE *__stream) __attribute__ ((__nothrow__ , __leaf__)) __attribute__ ((__nonnull__ (1)));

extern int ferror (FILE *__stream) __attribute__ ((__nothrow__ , __leaf__)) __attribute__ ((__nonnull__ (1)));
# 868 "/usr/include/stdio.h" 3 4
extern void perror (const char *__s) __attribute__ ((__cold__));
# 949 "/usr/include/stdio.h" 3 4
extern int __uflow (FILE *);
extern int __overflow (FILE *, int);
# 966 "/usr/include/stdio.h" 3 4
# 1 "/usr/include/x86_64-linux-gnu/bits/stdio.h" 1 3 4
# 38 "/usr/include/x86_64-linux-gnu/bits/stdio.h" 3 4
extern __inline __attribute__ ((__gnu_inline__)) int
vprintf (const char *__restrict __fmt, __gnuc_va_list __arg)
{
  return vfprintf (stdout, __fmt, __arg);
}



extern __inline __attribute__ ((__gnu_inline__)) int
getchar (void)
{
  return getc (stdin);
}
# 81 "/usr/include/x86_64-linux-gnu/bits/stdio.h" 3 4
extern __inline __attribute__ ((__gnu_inline__)) int
putchar (int __c)
{
  return putc (__c, stdout);
}
# 967 "/usr/include/stdio.h" 2 3 4







# 58 "inputs/bootstrap/source/falcon-keygen.c" 2
# 524 "inputs/bootstrap/source/falcon-keygen.c"

# 524 "inputs/bootstrap/source/falcon-keygen.c"
static void
cleanse(void *data, size_t len)
{
 volatile unsigned char *p;

 p = (volatile unsigned char *)data;
 while (len -- > 0) {
  *p ++ = 0;
 }
}







static unsigned
mod2_res_ternary(const int16_t *f, unsigned logn)
{
# 560 "inputs/bootstrap/source/falcon-keygen.c"
 uint32_t b[96];
 size_t u, n;




 n = ((size_t)(1 + ((1) << 1)) << ((logn) - (1)));
 memset(b, 0, sizeof b);
 for (u = 0; u < n; u ++) {
  uint32_t bit;

  bit = (uint32_t)f[u] & 1;
  b[u >> 5] |= bit << (u & 31);
 }







 switch (logn) {
 case 11:






  b[0] ^= b[48] ^ b[72];
  b[1] ^= b[49] ^ b[73];
  b[2] ^= b[50] ^ b[74];
  b[3] ^= b[51] ^ b[75];
  b[4] ^= b[52] ^ b[76];
  b[5] ^= b[53] ^ b[77];
  b[6] ^= b[54] ^ b[78];
  b[7] ^= b[55] ^ b[79];
  b[8] ^= b[56] ^ b[80];
  b[9] ^= b[57] ^ b[81];
  b[10] ^= b[58] ^ b[82];
  b[11] ^= b[59] ^ b[83];
  b[12] ^= b[60] ^ b[84];
  b[13] ^= b[61] ^ b[85];
  b[14] ^= b[62] ^ b[86];
  b[15] ^= b[63] ^ b[87];
  b[16] ^= b[64] ^ b[88];
  b[17] ^= b[65] ^ b[89];
  b[18] ^= b[66] ^ b[90];
  b[19] ^= b[67] ^ b[91];
  b[20] ^= b[68] ^ b[92];
  b[21] ^= b[69] ^ b[93];
  b[22] ^= b[70] ^ b[94];
  b[23] ^= b[71] ^ b[95];
  b[24] ^= b[48];
  b[25] ^= b[49];
  b[26] ^= b[50];
  b[27] ^= b[51];
  b[28] ^= b[52];
  b[29] ^= b[53];
  b[30] ^= b[54];
  b[31] ^= b[55];
  b[32] ^= b[56];
  b[33] ^= b[57];
  b[34] ^= b[58];
  b[35] ^= b[59];
  b[36] ^= b[60];
  b[37] ^= b[61];
  b[38] ^= b[62];
  b[39] ^= b[63];
  b[40] ^= b[64];
  b[41] ^= b[65];
  b[42] ^= b[66];
  b[43] ^= b[67];
  b[44] ^= b[68];
  b[45] ^= b[69];
  b[46] ^= b[70];
  b[47] ^= b[71];

 case 10:






  b[0] ^= b[24] ^ b[36];
  b[1] ^= b[25] ^ b[37];
  b[2] ^= b[26] ^ b[38];
  b[3] ^= b[27] ^ b[39];
  b[4] ^= b[28] ^ b[40];
  b[5] ^= b[29] ^ b[41];
  b[6] ^= b[30] ^ b[42];
  b[7] ^= b[31] ^ b[43];
  b[8] ^= b[32] ^ b[44];
  b[9] ^= b[33] ^ b[45];
  b[10] ^= b[34] ^ b[46];
  b[11] ^= b[35] ^ b[47];
  b[12] ^= b[24];
  b[13] ^= b[25];
  b[14] ^= b[26];
  b[15] ^= b[27];
  b[16] ^= b[28];
  b[17] ^= b[29];
  b[18] ^= b[30];
  b[19] ^= b[31];
  b[20] ^= b[32];
  b[21] ^= b[33];
  b[22] ^= b[34];
  b[23] ^= b[35];


 case 9:






  b[0] ^= b[12] ^ b[18];
  b[1] ^= b[13] ^ b[19];
  b[2] ^= b[14] ^ b[20];
  b[3] ^= b[15] ^ b[21];
  b[4] ^= b[16] ^ b[22];
  b[5] ^= b[17] ^ b[23];
  b[6] ^= b[12];
  b[7] ^= b[13];
  b[8] ^= b[14];
  b[9] ^= b[15];
  b[10] ^= b[16];
  b[11] ^= b[17];

 case 8:






  b[0] ^= b[6] ^ b[9];
  b[1] ^= b[7] ^ b[10];
  b[2] ^= b[8] ^ b[11];
  b[3] ^= b[6];
  b[4] ^= b[7];
  b[5] ^= b[8];

 case 7:






  b[0] ^= b[3] ^ (b[4] >> 16) ^ (b[5] << 16);
  b[1] ^= (b[4] & 0xFFFF) ^ (b[5] >> 16);
  b[1] ^= (b[3] << 16);
  b[2] ^= (b[3] >> 16) ^ (b[4] << 16);

 case 6:






  b[0] ^= (b[1] >> 16) ^ ((b[2] & 0xFF) << 16) ^ (b[2] >> 8);
  b[0] ^= ((b[1] << 8) & 0xFF000000);
  b[1] ^= (b[1] >> 24) ^ ((b[2] & 0xFF) << 8);
  b[1] &= 0xFFFF;

 case 5:






  b[0] ^= (b[0] >> 24) ^ ((b[1] & 0x0F) << 8) ^ (b[1] >> 4);
  b[0] ^= ((b[0] >> 12) & 0xFF000) ^ ((b[1] & 0x0F) << 20);
  b[0] &= 0xFFFFFF;

 case 4:






  b[0] ^= ((b[0] >> 12) & 0x3F) ^ ((b[0] >> 18) & 0x3F);
  b[0] ^= ((b[0] >> 6) & 0xFC0);
  b[0] &= 0xFFF;

 case 3:






  b[0] ^= ((b[0] >> 6) & 0x7) ^ ((b[0] >> 9) & 0x7);
  b[0] ^= ((b[0] >> 3) & 0x38);
  b[0] &= 0x3F;

 case 2:
  break;
 }






 return b[0] != 0;
}
# 833 "inputs/bootstrap/source/falcon-keygen.c"
typedef struct {
 uint32_t p;
 uint32_t g;
 uint32_t s;
} small_prime;

static const small_prime PRIMES2[] = {
 { 2147473409, 383167813, 10239 },
 { 2147389441, 211808905, 471403745 },
 { 2147387393, 37672282, 1329335065 },
 { 2147377153, 1977035326, 968223422 },
 { 2147358721, 1067163706, 132460015 },
 { 2147352577, 1606082042, 598693809 },
 { 2147346433, 2033915641, 1056257184 },
 { 2147338241, 1653770625, 421286710 },
 { 2147309569, 631200819, 1111201074 },
 { 2147297281, 2038364663, 1042003613 },
 { 2147295233, 1962540515, 19440033 },
 { 2147239937, 2100082663, 353296760 },
 { 2147235841, 1991153006, 1703918027 },
 { 2147217409, 516405114, 1258919613 },
 { 2147205121, 409347988, 1089726929 },
 { 2147196929, 927788991, 1946238668 },
 { 2147178497, 1136922411, 1347028164 },
 { 2147100673, 868626236, 701164723 },
 { 2147082241, 1897279176, 617820870 },
 { 2147074049, 1888819123, 158382189 },
 { 2147051521, 25006327, 522758543 },
 { 2147043329, 327546255, 37227845 },
 { 2147039233, 766324424, 1133356428 },
 { 2146988033, 1862817362, 73861329 },
 { 2146963457, 404622040, 653019435 },
 { 2146959361, 1936581214, 995143093 },
 { 2146938881, 1559770096, 634921513 },
 { 2146908161, 422623708, 1985060172 },
 { 2146885633, 1751189170, 298238186 },
 { 2146871297, 578919515, 291810829 },
 { 2146846721, 1114060353, 915902322 },
 { 2146834433, 2069565474, 47859524 },
 { 2146818049, 1552824584, 646281055 },
 { 2146775041, 1906267847, 1597832891 },
 { 2146756609, 1847414714, 1228090888 },
 { 2146744321, 1818792070, 1176377637 },
 { 2146738177, 1118066398, 1054971214 },
 { 2146736129, 52057278, 933422153 },
 { 2146713601, 592259376, 1406621510 },
 { 2146695169, 263161877, 1514178701 },
 { 2146656257, 685363115, 384505091 },
 { 2146650113, 927727032, 537575289 },
 { 2146646017, 52575506, 1799464037 },
 { 2146643969, 1276803876, 1348954416 },
 { 2146603009, 814028633, 1521547704 },
 { 2146572289, 1846678872, 1310832121 },
 { 2146547713, 919368090, 1019041349 },
 { 2146508801, 671847612, 38582496 },
 { 2146492417, 283911680, 532424562 },
 { 2146490369, 1780044827, 896447978 },
 { 2146459649, 327980850, 1327906900 },
 { 2146447361, 1310561493, 958645253 },
 { 2146441217, 412148926, 287271128 },
 { 2146437121, 293186449, 2009822534 },
 { 2146430977, 179034356, 1359155584 },
 { 2146418689, 1517345488, 1790248672 },
 { 2146406401, 1615820390, 1584833571 },
 { 2146404353, 826651445, 607120498 },
 { 2146379777, 3816988, 1897049071 },
 { 2146363393, 1221409784, 1986921567 },
 { 2146355201, 1388081168, 849968120 },
 { 2146336769, 1803473237, 1655544036 },
 { 2146312193, 1023484977, 273671831 },
 { 2146293761, 1074591448, 467406983 },
 { 2146283521, 831604668, 1523950494 },
 { 2146203649, 712865423, 1170834574 },
 { 2146154497, 1764991362, 1064856763 },
 { 2146142209, 627386213, 1406840151 },
 { 2146127873, 1638674429, 2088393537 },
 { 2146099201, 1516001018, 690673370 },
 { 2146093057, 1294931393, 315136610 },
 { 2146091009, 1942399533, 973539425 },
 { 2146078721, 1843461814, 2132275436 },
 { 2146060289, 1098740778, 360423481 },
 { 2146048001, 1617213232, 1951981294 },
 { 2146041857, 1805783169, 2075683489 },
 { 2146019329, 272027909, 1753219918 },
 { 2145986561, 1206530344, 2034028118 },
 { 2145976321, 1243769360, 1173377644 },
 { 2145964033, 887200839, 1281344586 },
 { 2145906689, 1651026455, 906178216 },
 { 2145875969, 1673238256, 1043521212 },
 { 2145871873, 1226591210, 1399796492 },
 { 2145841153, 1465353397, 1324527802 },
 { 2145832961, 1150638905, 554084759 },
 { 2145816577, 221601706, 427340863 },
 { 2145785857, 608896761, 316590738 },
 { 2145755137, 1712054942, 1684294304 },
 { 2145742849, 1302302867, 724873116 },
 { 2145728513, 516717693, 431671476 },
 { 2145699841, 524575579, 1619722537 },
 { 2145691649, 1925625239, 982974435 },
 { 2145687553, 463795662, 1293154300 },
 { 2145673217, 771716636, 881778029 },
 { 2145630209, 1509556977, 837364988 },
 { 2145595393, 229091856, 851648427 },
 { 2145587201, 1796903241, 635342424 },
 { 2145525761, 715310882, 1677228081 },
 { 2145495041, 1040930522, 200685896 },
 { 2145466369, 949804237, 1809146322 },
 { 2145445889, 1673903706, 95316881 },
 { 2145390593, 806941852, 1428671135 },
 { 2145372161, 1402525292, 159350694 },
 { 2145361921, 2124760298, 1589134749 },
 { 2145359873, 1217503067, 1561543010 },
 { 2145355777, 338341402, 83865711 },
 { 2145343489, 1381532164, 641430002 },
 { 2145325057, 1883895478, 1528469895 },
 { 2145318913, 1335370424, 65809740 },
 { 2145312769, 2000008042, 1919775760 },
 { 2145300481, 961450962, 1229540578 },
 { 2145282049, 910466767, 1964062701 },
 { 2145232897, 816527501, 450152063 },
 { 2145218561, 1435128058, 1794509700 },
 { 2145187841, 33505311, 1272467582 },
 { 2145181697, 269767433, 1380363849 },
 { 2145175553, 56386299, 1316870546 },
 { 2145079297, 2106880293, 1391797340 },
 { 2145021953, 1347906152, 720510798 },
 { 2145015809, 206769262, 1651459955 },
 { 2145003521, 1885513236, 1393381284 },
 { 2144960513, 1810381315, 31937275 },
 { 2144944129, 1306487838, 2019419520 },
 { 2144935937, 37304730, 1841489054 },
 { 2144894977, 1601434616, 157985831 },
 { 2144888833, 98749330, 2128592228 },
 { 2144880641, 1772327002, 2076128344 },
 { 2144864257, 1404514762, 2029969964 },
 { 2144827393, 801236594, 406627220 },
 { 2144806913, 349217443, 1501080290 },
 { 2144796673, 1542656776, 2084736519 },
 { 2144778241, 1210734884, 1746416203 },
 { 2144759809, 1146598851, 716464489 },
 { 2144757761, 286328400, 1823728177 },
 { 2144729089, 1347555695, 1836644881 },
 { 2144727041, 1795703790, 520296412 },
 { 2144696321, 1302475157, 852964281 },
 { 2144667649, 1075877614, 504992927 },
 { 2144573441, 198765808, 1617144982 },
 { 2144555009, 321528767, 155821259 },
 { 2144550913, 814139516, 1819937644 },
 { 2144536577, 571143206, 962942255 },
 { 2144524289, 1746733766, 2471321 },
 { 2144512001, 1821415077, 124190939 },
 { 2144468993, 917871546, 1260072806 },
 { 2144458753, 378417981, 1569240563 },
 { 2144421889, 175229668, 1825620763 },
 { 2144409601, 1699216963, 351648117 },
 { 2144370689, 1071885991, 958186029 },
 { 2144348161, 1763151227, 540353574 },
 { 2144335873, 1060214804, 919598847 },
 { 2144329729, 663515846, 1448552668 },
 { 2144327681, 1057776305, 590222840 },
 { 2144309249, 1705149168, 1459294624 },
 { 2144296961, 325823721, 1649016934 },
 { 2144290817, 738775789, 447427206 },
 { 2144243713, 962347618, 893050215 },
 { 2144237569, 1655257077, 900860862 },
 { 2144161793, 242206694, 1567868672 },
 { 2144155649, 769415308, 1247993134 },
 { 2144137217, 320492023, 515841070 },
 { 2144120833, 1639388522, 770877302 },
 { 2144071681, 1761785233, 964296120 },
 { 2144065537, 419817825, 204564472 },
 { 2144028673, 666050597, 2091019760 },
 { 2144010241, 1413657615, 1518702610 },
 { 2143952897, 1238327946, 475672271 },
 { 2143940609, 307063413, 1176750846 },
 { 2143918081, 2062905559, 786785803 },
 { 2143899649, 1338112849, 1562292083 },
 { 2143891457, 68149545, 87166451 },
 { 2143885313, 921750778, 394460854 },
 { 2143854593, 719766593, 133877196 },
 { 2143836161, 1149399850, 1861591875 },
 { 2143762433, 1848739366, 1335934145 },
 { 2143756289, 1326674710, 102999236 },
 { 2143713281, 808061791, 1156900308 },
 { 2143690753, 388399459, 1926468019 },
 { 2143670273, 1427891374, 1756689401 },
 { 2143666177, 1912173949, 986629565 },
 { 2143645697, 2041160111, 371842865 },
 { 2143641601, 1279906897, 2023974350 },
 { 2143635457, 720473174, 1389027526 },
 { 2143621121, 1298309455, 1732632006 },
 { 2143598593, 1548762216, 1825417506 },
 { 2143567873, 620475784, 1073787233 },
 { 2143561729, 1932954575, 949167309 },
 { 2143553537, 354315656, 1652037534 },
 { 2143541249, 577424288, 1097027618 },
 { 2143531009, 357862822, 478640055 },
 { 2143522817, 2017706025, 1550531668 },
 { 2143506433, 2078127419, 1824320165 },
 { 2143488001, 613475285, 1604011510 },
 { 2143469569, 1466594987, 502095196 },
 { 2143426561, 1115430331, 1044637111 },
 { 2143383553, 9778045, 1902463734 },
 { 2143377409, 1557401276, 2056861771 },
 { 2143363073, 652036455, 1965915971 },
 { 2143260673, 1464581171, 1523257541 },
 { 2143246337, 1876119649, 764541916 },
 { 2143209473, 1614992673, 1920672844 },
 { 2143203329, 981052047, 2049774209 },
 { 2143160321, 1847355533, 728535665 },
 { 2143129601, 965558457, 603052992 },
 { 2143123457, 2140817191, 8348679 },
 { 2143100929, 1547263683, 694209023 },
 { 2143092737, 643459066, 1979934533 },
 { 2143082497, 188603778, 2026175670 },
 { 2143062017, 1657329695, 377451099 },
 { 2143051777, 114967950, 979255473 },
 { 2143025153, 1698431342, 1449196896 },
 { 2143006721, 1862741675, 1739650365 },
 { 2142996481, 756660457, 996160050 },
 { 2142976001, 927864010, 1166847574 },
 { 2142965761, 905070557, 661974566 },
 { 2142916609, 40932754, 1787161127 },
 { 2142892033, 1987985648, 675335382 },
 { 2142885889, 797497211, 1323096997 },
 { 2142871553, 2068025830, 1411877159 },
 { 2142861313, 1217177090, 1438410687 },
 { 2142830593, 409906375, 1767860634 },
 { 2142803969, 1197788993, 359782919 },
 { 2142785537, 643817365, 513932862 },
 { 2142779393, 1717046338, 218943121 },
 { 2142724097, 89336830, 416687049 },
 { 2142707713, 5944581, 1356813523 },
 { 2142658561, 887942135, 2074011722 },
 { 2142638081, 151851972, 1647339939 },
 { 2142564353, 1691505537, 1483107336 },
 { 2142533633, 1989920200, 1135938817 },
 { 2142529537, 959263126, 1531961857 },
 { 2142527489, 453251129, 1725566162 },
 { 2142502913, 1536028102, 182053257 },
 { 2142498817, 570138730, 701443447 },
 { 2142416897, 326965800, 411931819 },
 { 2142363649, 1675665410, 1517191733 },
 { 2142351361, 968529566, 1575712703 },
 { 2142330881, 1384953238, 1769087884 },
 { 2142314497, 1977173242, 1833745524 },
 { 2142289921, 95082313, 1714775493 },
 { 2142283777, 109377615, 1070584533 },
 { 2142277633, 16960510, 702157145 },
 { 2142263297, 553850819, 431364395 },
 { 2142208001, 241466367, 2053967982 },
 { 2142164993, 1795661326, 1031836848 },
 { 2142097409, 1212530046, 712772031 },
 { 2142087169, 1763869720, 822276067 },
 { 2142078977, 644065713, 1765268066 },
 { 2142074881, 112671944, 643204925 },
 { 2142044161, 1387785471, 1297890174 },
 { 2142025729, 783885537, 1000425730 },
 { 2142011393, 905662232, 1679401033 },
 { 2141974529, 799788433, 468119557 },
 { 2141943809, 1932544124, 449305555 },
 { 2141933569, 1527403256, 841867925 },
 { 2141931521, 1247076451, 743823916 },
 { 2141902849, 1199660531, 401687910 },
 { 2141890561, 150132350, 1720336972 },
 { 2141857793, 1287438162, 663880489 },
 { 2141833217, 618017731, 1819208266 },
 { 2141820929, 999578638, 1403090096 },
 { 2141786113, 81834325, 1523542501 },
 { 2141771777, 120001928, 463556492 },
 { 2141759489, 122455485, 2124928282 },
 { 2141749249, 141986041, 940339153 },
 { 2141685761, 889088734, 477141499 },
 { 2141673473, 324212681, 1122558298 },
 { 2141669377, 1175806187, 1373818177 },
 { 2141655041, 1113654822, 296887082 },
 { 2141587457, 991103258, 1585913875 },
 { 2141583361, 1401451409, 1802457360 },
 { 2141575169, 1571977166, 712760980 },
 { 2141546497, 1107849376, 1250270109 },
 { 2141515777, 196544219, 356001130 },
 { 2141495297, 1733571506, 1060744866 },
 { 2141483009, 321552363, 1168297026 },
 { 2141458433, 505818251, 733225819 },
 { 2141360129, 1026840098, 948342276 },
 { 2141325313, 945133744, 2129965998 },
 { 2141317121, 1871100260, 1843844634 },
 { 2141286401, 1790639498, 1750465696 },
 { 2141267969, 1376858592, 186160720 },
 { 2141255681, 2129698296, 1876677959 },
 { 2141243393, 2138900688, 1340009628 },
 { 2141214721, 1933049835, 1087819477 },
 { 2141212673, 1898664939, 1786328049 },
 { 2141202433, 990234828, 940682169 },
 { 2141175809, 1406392421, 993089586 },
 { 2141165569, 1263518371, 289019479 },
 { 2141073409, 1485624211, 507864514 },
 { 2141052929, 1885134788, 311252465 },
 { 2141040641, 1285021247, 280941862 },
 { 2141028353, 1527610374, 375035110 },
 { 2141011969, 1400626168, 164696620 },
 { 2140999681, 632959608, 966175067 },
 { 2140997633, 2045628978, 1290889438 },
 { 2140993537, 1412755491, 375366253 },
 { 2140942337, 719477232, 785367828 },
 { 2140925953, 45224252, 836552317 },
 { 2140917761, 1157376588, 1001839569 },
 { 2140887041, 278480752, 2098732796 },
 { 2140837889, 1663139953, 924094810 },
 { 2140788737, 802501511, 2045368990 },
 { 2140766209, 1820083885, 1800295504 },
 { 2140764161, 1169561905, 2106792035 },
 { 2140696577, 127781498, 1885987531 },
 { 2140684289, 16014477, 1098116827 },
 { 2140653569, 665960598, 1796728247 },
 { 2140594177, 1043085491, 377310938 },
 { 2140579841, 1732838211, 1504505945 },
 { 2140569601, 302071939, 358291016 },
 { 2140567553, 192393733, 1909137143 },
 { 2140557313, 406595731, 1175330270 },
 { 2140549121, 1748850918, 525007007 },
 { 2140477441, 499436566, 1031159814 },
 { 2140469249, 1886004401, 1029951320 },
 { 2140426241, 1483168100, 1676273461 },
 { 2140420097, 1779917297, 846024476 },
 { 2140413953, 522948893, 1816354149 },
 { 2140383233, 1931364473, 1296921241 },
 { 2140366849, 1917356555, 147196204 },
 { 2140354561, 16466177, 1349052107 },
 { 2140348417, 1875366972, 1860485634 },
 { 2140323841, 456498717, 1790256483 },
 { 2140321793, 1629493973, 150031888 },
 { 2140315649, 1904063898, 395510935 },
 { 2140280833, 1784104328, 831417909 },
 { 2140250113, 256087139, 697349101 },
 { 2140229633, 388553070, 243875754 },
 { 2140223489, 747459608, 1396270850 },
 { 2140200961, 507423743, 1895572209 },
 { 2140162049, 580106016, 2045297469 },
 { 2140149761, 712426444, 785217995 },
 { 2140137473, 1441607584, 536866543 },
 { 2140119041, 346538902, 1740434653 },
 { 2140090369, 282642885, 21051094 },
 { 2140076033, 1407456228, 319910029 },
 { 2140047361, 1619330500, 1488632070 },
 { 2140041217, 2089408064, 2012026134 },
 { 2140008449, 1705524800, 1613440760 },
 { 2139924481, 1846208233, 1280649481 },
 { 2139906049, 989438755, 1185646076 },
 { 2139867137, 1522314850, 372783595 },
 { 2139842561, 1681587377, 216848235 },
 { 2139826177, 2066284988, 1784999464 },
 { 2139824129, 480888214, 1513323027 },
 { 2139789313, 847937200, 858192859 },
 { 2139783169, 1642000434, 1583261448 },
 { 2139770881, 940699589, 179702100 },
 { 2139768833, 315623242, 964612676 },
 { 2139666433, 331649203, 764666914 },
 { 2139641857, 2118730799, 1313764644 },
 { 2139635713, 519149027, 519212449 },
 { 2139598849, 1526413634, 1769667104 },
 { 2139574273, 551148610, 820739925 },
 { 2139568129, 1386800242, 472447405 },
 { 2139549697, 813760130, 1412328531 },
 { 2139537409, 1615286260, 1609362979 },
 { 2139475969, 1352559299, 1696720421 },
 { 2139455489, 1048691649, 1584935400 },
 { 2139432961, 836025845, 950121150 },
 { 2139424769, 1558281165, 1635486858 },
 { 2139406337, 1728402143, 1674423301 },
 { 2139396097, 1727715782, 1483470544 },
 { 2139383809, 1092853491, 1741699084 },
 { 2139369473, 690776899, 1242798709 },
 { 2139351041, 1768782380, 2120712049 },
 { 2139334657, 1739968247, 1427249225 },
 { 2139332609, 1547189119, 623011170 },
 { 2139310081, 1346827917, 1605466350 },
 { 2139303937, 369317948, 828392831 },
 { 2139301889, 1560417239, 1788073219 },
 { 2139283457, 1303121623, 595079358 },
 { 2139248641, 1354555286, 573424177 },
 { 2139240449, 60974056, 885781403 },
 { 2139222017, 355573421, 1221054839 },
 { 2139215873, 566477826, 1724006500 },
 { 2139150337, 871437673, 1609133294 },
 { 2139144193, 1478130914, 1137491905 },
 { 2139117569, 1854880922, 964728507 },
 { 2139076609, 202405335, 756508944 },
 { 2139062273, 1399715741, 884826059 },
 { 2139045889, 1051045798, 1202295476 },
 { 2139033601, 1707715206, 632234634 },
 { 2139006977, 2035853139, 231626690 },
 { 2138951681, 183867876, 838350879 },
 { 2138945537, 1403254661, 404460202 },
 { 2138920961, 310865011, 1282911681 },
 { 2138910721, 1328496553, 103472415 },
 { 2138904577, 78831681, 993513549 },
 { 2138902529, 1319697451, 1055904361 },
 { 2138816513, 384338872, 1706202469 },
 { 2138810369, 1084868275, 405677177 },
 { 2138787841, 401181788, 1964773901 },
 { 2138775553, 1850532988, 1247087473 },
 { 2138767361, 874261901, 1576073565 },
 { 2138757121, 1187474742, 993541415 },
 { 2138748929, 1782458888, 1043206483 },
 { 2138744833, 1221500487, 800141243 },
 { 2138738689, 413465368, 1450660558 },
 { 2138695681, 739045140, 342611472 },
 { 2138658817, 1355845756, 672674190 },
 { 2138644481, 608379162, 1538874380 },
 { 2138632193, 1444914034, 686911254 },
 { 2138607617, 484707818, 1435142134 },
 { 2138591233, 539460669, 1290458549 },
 { 2138572801, 2093538990, 2011138646 },
 { 2138552321, 1149786988, 1076414907 },
 { 2138546177, 840688206, 2108985273 },
 { 2138533889, 209669619, 198172413 },
 { 2138523649, 1975879426, 1277003968 },
 { 2138490881, 1351891144, 1976858109 },
 { 2138460161, 1817321013, 1979278293 },
 { 2138429441, 1950077177, 203441928 },
 { 2138400769, 908970113, 628395069 },
 { 2138398721, 219890864, 758486760 },
 { 2138376193, 1306654379, 977554090 },
 { 2138351617, 298822498, 2004708503 },
 { 2138337281, 441457816, 1049002108 },
 { 2138320897, 1517731724, 1442269609 },
 { 2138290177, 1355911197, 1647139103 },
 { 2138234881, 531313247, 1746591962 },
 { 2138214401, 1899410930, 781416444 },
 { 2138202113, 1813477173, 1622508515 },
 { 2138191873, 1086458299, 1025408615 },
 { 2138183681, 1998800427, 827063290 },
 { 2138173441, 1921308898, 749670117 },
 { 2138103809, 1620902804, 2126787647 },
 { 2138099713, 828647069, 1892961817 },
 { 2138085377, 179405355, 1525506535 },
 { 2138060801, 615683235, 1259580138 },
 { 2138044417, 2030277840, 1731266562 },
 { 2138042369, 2087222316, 1627902259 },
 { 2138032129, 126388712, 1108640984 },
 { 2138011649, 715026550, 1017980050 },
 { 2137993217, 1693714349, 1351778704 },
 { 2137888769, 1289762259, 1053090405 },
 { 2137853953, 199991890, 1254192789 },
 { 2137833473, 941421685, 896995556 },
 { 2137817089, 750416446, 1251031181 },
 { 2137792513, 798075119, 368077456 },
 { 2137786369, 878543495, 1035375025 },
 { 2137767937, 9351178, 1156563902 },
 { 2137755649, 1382297614, 1686559583 },
 { 2137724929, 1345472850, 1681096331 },
 { 2137704449, 834666929, 630551727 },
 { 2137673729, 1646165729, 1892091571 },
 { 2137620481, 778943821, 48456461 },
 { 2137618433, 1730837875, 1713336725 },
 { 2137581569, 805610339, 1378891359 },
 { 2137538561, 204342388, 1950165220 },
 { 2137526273, 1947629754, 1500789441 },
 { 2137516033, 719902645, 1499525372 },
 { 2137491457, 230451261, 556382829 },
 { 2137440257, 979573541, 412760291 },
 { 2137374721, 927841248, 1954137185 },
 { 2137362433, 1243778559, 861024672 },
 { 2137313281, 1341338501, 980638386 },
 { 2137311233, 937415182, 1793212117 },
 { 2137255937, 795331324, 1410253405 },
 { 2137243649, 150756339, 1966999887 },
 { 2137182209, 163346914, 1939301431 },
 { 2137171969, 1952552395, 758913141 },
 { 2137159681, 570788721, 218668666 },
 { 2137147393, 1896656810, 2045670345 },
 { 2137141249, 358493842, 518199643 },
 { 2137139201, 1505023029, 674695848 },
 { 2137133057, 27911103, 830956306 },
 { 2137122817, 439771337, 1555268614 },
 { 2137116673, 790988579, 1871449599 },
 { 2137110529, 432109234, 811805080 },
 { 2137102337, 1357900653, 1184997641 },
 { 2137098241, 515119035, 1715693095 },
 { 2137090049, 408575203, 2085660657 },
 { 2137085953, 2097793407, 1349626963 },
 { 2137055233, 1556739954, 1449960883 },
 { 2137030657, 1545758650, 1369303716 },
 { 2136987649, 332602570, 103875114 },
 { 2136969217, 1499989506, 1662964115 },
 { 2136924161, 857040753, 4738842 },
 { 2136895489, 1948872712, 570436091 },
 { 2136893441, 58969960, 1568349634 },
 { 2136887297, 2127193379, 273612548 },
 { 2136850433, 111208983, 1181257116 },
 { 2136809473, 1627275942, 1680317971 },
 { 2136764417, 1574888217, 14011331 },
 { 2136741889, 14011055, 1129154251 },
 { 2136727553, 35862563, 1838555253 },
 { 2136721409, 310235666, 1363928244 },
 { 2136698881, 1612429202, 1560383828 },
 { 2136649729, 1138540131, 800014364 },
 { 2136606721, 602323503, 1433096652 },
 { 2136563713, 182209265, 1919611038 },
 { 2136555521, 324156477, 165591039 },
 { 2136549377, 195513113, 217165345 },
 { 2136526849, 1050768046, 939647887 },
 { 2136508417, 1886286237, 1619926572 },
 { 2136477697, 609647664, 35065157 },
 { 2136471553, 679352216, 1452259468 },
 { 2136457217, 128630031, 824816521 },
 { 2136422401, 19787464, 1526049830 },
 { 2136420353, 698316836, 1530623527 },
 { 2136371201, 1651862373, 1804812805 },
 { 2136334337, 326596005, 336977082 },
 { 2136322049, 63253370, 1904972151 },
 { 2136297473, 312176076, 172182411 },
 { 2136248321, 381261841, 369032670 },
 { 2136242177, 358688773, 1640007994 },
 { 2136229889, 512677188, 75585225 },
 { 2136219649, 2095003250, 1970086149 },
 { 2136207361, 1909650722, 537760675 },
 { 2136176641, 1334616195, 1533487619 },
 { 2136158209, 2096285632, 1793285210 },
 { 2136143873, 1897347517, 293843959 },
 { 2136133633, 923586222, 1022655978 },
 { 2136096769, 1464868191, 1515074410 },
 { 2136094721, 2020679520, 2061636104 },
 { 2136076289, 290798503, 1814726809 },
 { 2136041473, 156415894, 1250757633 },
 { 2135996417, 297459940, 1132158924 },
 { 2135955457, 538755304, 1688831340 },
 { 0, 0, 0 }
};






static const small_prime PRIMES3[] = {
 { 2147355649, 1907584673, 127999 },
 { 2147346433, 1119654270, 238827065 },
 { 2147309569, 686923925, 434763914 },
 { 2147281921, 658779219, 742235228 },
 { 2147235841, 1567830083, 1964117354 },
 { 2147217409, 273379403, 890663385 },
 { 2147079169, 884642355, 1325537405 },
 { 2147051521, 2049970231, 846062571 },
 { 2146959361, 565744180, 131144629 },
 { 2146885633, 328643105, 798140427 },
 { 2146775041, 797860046, 68264718 },
 { 2146756609, 1681396397, 459938921 },
 { 2146738177, 1162041962, 196967660 },
 { 2146646017, 726398168, 672200588 },
 { 2146599937, 1057553451, 1817004162 },
 { 2146572289, 637715109, 269732777 },
 { 2146544641, 444752022, 1328058681 },
 { 2146507777, 490896612, 838252098 },
 { 2146406401, 1004568183, 869184085 },
 { 2146378753, 2116137511, 721799116 },
 { 2146203649, 1543684282, 978176226 },
 { 2146093057, 523004126, 855356548 },
 { 2146019329, 1312595682, 1137142260 },
 { 2145964033, 1055750942, 1278992850 },
 { 2145954817, 980703732, 927625814 },
 { 2145871873, 477241546, 1603369271 },
 { 2145862657, 1765281746, 679564124 },
 { 2145825793, 387786552, 1729122170 },
 { 2145816577, 615239004, 743619127 },
 { 2145807361, 2102013968, 37313814 },
 { 2145742849, 1629506207, 568956216 },
 { 2145733633, 563501879, 111479038 },
 { 2145687553, 892398826, 250505739 },
 { 2145623041, 1996279291, 2110452644 },
 { 2145595393, 838028303, 1131121608 },
 { 2145549313, 272838886, 1679720531 },
 { 2145466369, 1300958526, 2042057674 },
 { 2145401857, 1855241957, 1327706585 },
 { 2145355777, 606247509, 344551658 },
 { 2145318913, 1261900593, 2039291600 },
 { 2145300481, 524012313, 1585881571 },
 { 2145282049, 2052569355, 1731203241 },
 { 2145235969, 750612415, 291051819 },
 { 2145180673, 1045304879, 1926120629 },
 { 2145079297, 746612925, 1814267874 },
 { 2145033217, 219858114, 1271760214 },
 { 2144894977, 2063940505, 1427422832 },
 { 2144793601, 621444430, 1745703946 },
 { 2144775169, 368284644, 636136287 },
 { 2144729089, 1812203446, 1758638194 },
 { 2144535553, 1961223696, 306682124 },
 { 2144388097, 1037120764, 2013410729 },
 { 2144120833, 1830027094, 191570151 },
 { 2144065537, 1150224848, 1982054047 },
 { 2144028673, 526645070, 1328582209 },
 { 2144010241, 547647546, 364140489 },
 { 2143918081, 1991270404, 1287353762 },
 { 2143899649, 1506542299, 1133531206 },
 { 2143742977, 1100659112, 128559048 },
 { 2143641601, 303982083, 1015351675 },
 { 2143567873, 956078567, 622811492 },
 { 2143531009, 2131729286, 1037132561 },
 { 2143383553, 1703554875, 696962587 },
 { 2143097857, 1742678335, 1434386276 },
 { 2143051777, 736013558, 842493115 },
 { 2142996481, 170463805, 1342212204 },
 { 2142885889, 1593802719, 827529846 },
 { 2142830593, 2052409064, 1579779913 },
 { 2142498817, 1230323290, 116496463 },
 { 2142471169, 1564962005, 726962536 },
 { 2142379009, 1340386447, 664338695 },
 { 2142351361, 1730274428, 1674269670 },
 { 2142323713, 575396590, 169223629 },
 { 2142314497, 137874423, 2007195587 },
 { 2142277633, 338504619, 1206857572 },
 { 2142074881, 375696650, 521693513 },
 { 2142010369, 345508754, 1086992100 },
 { 2141918209, 1672240502, 1303567172 },
 { 2141890561, 1925832177, 270534719 },
 { 2141733889, 1787869362, 1011129521 },
 { 2141669377, 1611042844, 260695342 },
 { 2141660161, 37349518, 1618304444 },
 { 2141475841, 1862580814, 419375204 },
 { 2141291521, 1629968367, 783386302 },
 { 2141273089, 717657965, 1631330745 },
 { 2141254657, 607578270, 156612440 },
 { 2141088769, 120011567, 2128674942 },
 { 2140766209, 805715602, 1316927701 },
 { 2140701697, 2073407710, 97928786 },
 { 2140664833, 896106101, 1872069897 },
 { 2140627969, 853269810, 278518586 },
 { 2140535809, 1704476745, 1793725263 },
 { 2140480513, 1958290120, 2035402415 },
 { 2140351489, 1832338900, 255551052 },
 { 2140323841, 284841, 449941435 },
 { 2140250113, 1689077802, 1170560655 },
 { 2140185601, 1500630554, 1530494340 },
 { 2140047361, 2001630759, 716043965 },
 { 2139964417, 487209668, 725418232 },
 { 2139927553, 1779503780, 981791996 },
 { 2139872257, 619928202, 1747637532 },
 { 2139826177, 9730271, 766984898 },
 { 2139789313, 2051051563, 1550509132 },
 { 2139770881, 86669459, 129570768 },
 { 2139641857, 1008036735, 1251171423 },
 { 2139614209, 161221279, 482289085 },
 { 2139568129, 1925375555, 583773381 },
 { 2139549697, 1356689273, 1036653104 },
 { 2139475969, 1523451362, 2109704897 },
 { 2139466753, 1156508181, 547438814 },
 { 2139383809, 1063000644, 1817587509 },
 { 2139356161, 715623372, 860535110 },
 { 2139310081, 1532332665, 508486789 },
 { 2139144193, 2052943984, 1865377749 },
 { 2139033601, 593737051, 1629672479 },
 { 2138969089, 1889797232, 2093323866 },
 { 2138950657, 1183692055, 847318567 },
 { 2138913793, 34200790, 677604160 },
 { 2138904577, 1921535945, 655034452 },
 { 2138775553, 740680156, 129574017 },
 { 2138757121, 1704697393, 899844774 },
 { 2138738689, 1150723238, 1675923365 },
 { 2138729473, 928942702, 2116217870 },
 { 2138600449, 1436894261, 552821155 },
 { 2138591233, 1847080957, 70514295 },
 { 2138572801, 215800816, 1208937888 },
 { 2138545153, 2089704751, 771490099 },
 { 2138526721, 108149434, 1149716044 },
 { 2138351617, 234459296, 549823968 },
 { 2138268673, 1314810865, 1068328972 },
 { 2138250241, 288759988, 1091918221 },
 { 2138047489, 744206681, 772620203 },
 { 2138029057, 1994412079, 1145999991 },
 { 2137936897, 272309876, 1975847036 },
 { 2137881601, 517202569, 166472690 },
 { 2137853953, 326905402, 1550172032 },
 { 2137817089, 1370024640, 1718646636 },
 { 2137724929, 1757440855, 260919526 },
 { 2137697281, 66157743, 1961453816 },
 { 2137476097, 1503144994, 1069579313 },
 { 2137439233, 204995582, 616433474 },
 { 2137374721, 109691435, 1731802121 },
 { 2137291777, 1304560260, 1368857709 },
 { 2137218049, 1835540823, 781730487 },
 { 2137171969, 688131371, 1830121465 },
 { 2137116673, 483700571, 402752235 },
 { 2137098241, 1148142201, 1237673888 },
 { 2137052161, 700037444, 1899372504 },
 { 2136987649, 1892544381, 1891069147 },
 { 2136969217, 1514825022, 215171708 },
 { 2136895489, 2060695429, 803173156 },
 { 2136701953, 353300507, 122007417 },
 { 2136572929, 448696706, 1467687155 },
 { 2136563713, 1650042973, 287240546 },
 { 2136526849, 2108841258, 1757336405 },
 { 2136508417, 979485959, 614016571 },
 { 2136471553, 1935757354, 967646595 },
 { 2136388609, 524776394, 2043074090 },
 { 2136278017, 1378816565, 711865033 },
 { 2136241153, 1726812175, 2010754874 },
 { 2136204289, 1910346112, 210602632 },
 { 2136176641, 1552920156, 975521921 },
 { 2136158209, 1764928154, 1532477095 },
 { 2136130561, 872401851, 1878748851 },
 { 2136112129, 921927469, 217887869 },
 { 2136056833, 1788139322, 1138889272 },
 { 2135964673, 1293040418, 267847252 },
 { 2135955457, 1916171409, 125572921 },
 { 2135854081, 424380193, 1631813888 },
 { 2135725057, 1732856191, 1403713142 },
 { 2135697409, 2035341665, 832575410 },
 { 2135688193, 807195619, 1195661116 },
 { 2135632897, 1868899285, 1227232653 },
 { 2135605249, 1213724936, 1068956556 },
 { 2135531521, 716205449, 1593070178 },
 { 2135494657, 1050440283, 450935982 },
 { 2135411713, 2080596947, 674432031 },
 { 2135301121, 1721640287, 44999948 },
 { 2135190529, 1940988200, 376151947 },
 { 2135162881, 888820988, 595428850 },
 { 2135144449, 385014974, 320196842 },
 { 2135126017, 1634206201, 1926181209 },
 { 2135116801, 1819468874, 1988454776 },
 { 2134960129, 611397038, 1340009145 },
 { 2134914049, 857397212, 2116330065 },
 { 2134904833, 165089945, 1631323784 },
 { 2134794241, 163628146, 9474792 },
 { 2134711297, 929773057, 149381621 },
 { 2134674433, 515141169, 1000290164 },
 { 2134536193, 121684729, 1805387247 },
 { 2134517761, 661564842, 1217793394 },
 { 2134499329, 1417886623, 949935639 },
 { 2134480897, 830814907, 128368771 },
 { 2134453249, 1927952828, 649634650 },
 { 2134444033, 1948267663, 1327484672 },
 { 2134407169, 237456857, 956816735 },
 { 2134315009, 882873992, 1912006404 },
 { 2134305793, 1333192039, 972748334 },
 { 2134287361, 226944743, 1000012341 },
 { 2134250497, 534913939, 741716282 },
 { 2134241281, 1374655302, 367574877 },
 { 2134213633, 1652299837, 2121033677 },
 { 2134204417, 107911934, 269871386 },
 { 2134176769, 603238808, 2054029050 },
 { 2133992449, 489450148, 643076938 },
 { 2133964801, 1256310671, 2074294754 },
 { 2133900289, 1793967703, 442259187 },
 { 2133835777, 2042547815, 1852529997 },
 { 2133752833, 596460567, 695196571 },
 { 2133688321, 210710179, 1479575872 },
 { 2133660673, 1658242914, 1744196998 },
 { 2133577729, 1461036854, 1601558479 },
 { 2133559297, 690520517, 1580659654 },
 { 2133504001, 1286814238, 136008142 },
 { 2133439489, 1479334858, 263212761 },
 { 2133374977, 2028146004, 1332709859 },
 { 2133365761, 1595872653, 1282045838 },
 { 2133255169, 1563288297, 547054648 },
 { 2133052417, 1130313455, 1315904536 },
 { 2133043201, 17794380, 799584852 },
 { 2132997121, 983827892, 1395685919 },
 { 2132969473, 654615808, 1695573709 },
 { 2132886529, 1700716093, 415207928 },
 { 2132822017, 1389120570, 1340462675 },
 { 2132794369, 1856852777, 232467820 },
 { 2132785153, 1310029530, 510709259 },
 { 2132766721, 1269394360, 903700882 },
 { 2132739073, 2042057984, 978026259 },
 { 2132720641, 661077235, 688687639 },
 { 2132563969, 3901313, 552672747 },
 { 2132324353, 294149229, 347751416 },
 { 2132315137, 859533289, 1115265685 },
 { 2132176897, 646284164, 275644120 },
 { 2132140033, 1450837094, 2047926326 },
 { 2132075521, 310697528, 451970349 },
 { 2132047873, 1878891574, 2095437072 },
 { 2131983361, 171412078, 1562284026 },
 { 2131946497, 1571574972, 384891649 },
 { 2131918849, 477116202, 1593574771 },
 { 2131900417, 1842095959, 240622872 },
 { 2131568641, 1569047303, 1367453540 },
 { 2131550209, 2085849459, 1458239233 },
 { 2131540993, 990400618, 1239129380 },
 { 2131448833, 1370843430, 1425757940 },
 { 2131411969, 423719575, 1572171440 },
 { 2131347457, 588685468, 1221943275 },
 { 2131292161, 348295861, 877480103 },
 { 2131163137, 1871016570, 2122747526 },
 { 2131117057, 2028584533, 2065792624 },
 { 2131107841, 238643344, 1448167417 },
 { 2131043329, 1643249055, 1518017167 },
 { 2131015681, 1003051629, 1541618242 },
 { 2130951169, 1230336370, 73611200 },
 { 2130932737, 1511412998, 1909573845 },
 { 2130849793, 658134188, 1406985963 },
 { 2130665473, 1977528636, 2048939567 },
 { 2130610177, 1821604524, 1261328017 },
 { 2130600961, 1216473417, 767655885 },
 { 2130508801, 1462050216, 931908709 },
 { 2130444289, 755349933, 1991265260 },
 { 2130416641, 1528414056, 970812565 },
 { 2130388993, 1022199250, 1012276299 },
 { 2130352129, 1521132510, 1400182332 },
 { 2130324481, 135966643, 838305637 },
 { 2130250753, 941329364, 1514591211 },
 { 2130241537, 589905453, 179053323 },
 { 2130213889, 1854495452, 956180300 },
 { 2130094081, 1750651466, 2094666665 },
 { 2130001921, 1098497016, 1654955321 },
 { 2129918977, 206718212, 97483314 },
 { 2129771521, 26961201, 433714500 },
 { 2129725441, 1413406895, 2109024360 },
 { 2129688577, 1932573320, 714829474 },
 { 2129614849, 1999323482, 712368041 },
 { 2129568769, 72538732, 393765733 },
 { 2129541121, 1742940308, 173410485 },
 { 2129495041, 153078202, 1405770765 },
 { 2129375233, 1732777594, 1032530779 },
 { 2129218561, 935719199, 105867132 },
 { 2129172481, 1238333105, 647735776 },
 { 2129034241, 1765327809, 404653711 },
 { 2129015809, 222810172, 1332430862 },
 { 2128988161, 976739856, 25247131 },
 { 2128914433, 933870240, 559620551 },
 { 2128896001, 275493829, 1528658681 },
 { 2128868353, 722377097, 1437791192 },
 { 2128766977, 1720465302, 2112749490 },
 { 2128720897, 13746971, 478127071 },
 { 2128453633, 838096637, 360272158 },
 { 2128416769, 931445424, 1357692739 },
 { 2128260097, 1662649598, 158793698 },
 { 2128186369, 1686384587, 1546482664 },
 { 2128066561, 1128711440, 1951812268 },
 { 2127983617, 786667149, 1749830005 },
 { 2127955969, 657684064, 281120976 },
 { 2127891457, 470752303, 1941003532 },
 { 2127753217, 1661057493, 2090293351 },
 { 2127661057, 1244946947, 442154840 },
 { 2127495169, 367174286, 1899824820 },
 { 2127449089, 257882843, 607291576 },
 { 2127375361, 676338950, 1298525230 },
 { 2127356929, 637606045, 445460533 },
 { 2127347713, 1290893211, 949440208 },
 { 2127310849, 357552868, 1596467545 },
 { 2127292417, 2007647852, 854505385 },
 { 2127283201, 229595655, 1409593307 },
 { 2127144961, 273325853, 731172237 },
 { 2127015937, 1377237985, 299898562 },
 { 2126988289, 748283558, 1593860958 },
 { 2126914561, 151281579, 1855468975 },
 { 2126638081, 636779183, 602726442 },
 { 2126499841, 670945998, 2014619820 },
 { 2126407681, 1319083782, 1629953178 },
 { 2126333953, 169494661, 1731613229 },
 { 2126186497, 1702079063, 156524010 },
 { 2126158849, 2030878693, 403292948 },
 { 2126149633, 916551862, 903121548 },
 { 2125873153, 482945063, 1205699132 },
 { 2125827073, 288625174, 1118059614 },
 { 2125790209, 1456637447, 305926396 },
 { 2125725697, 1973950906, 356489483 },
 { 2125670401, 1393422316, 744757640 },
 { 2125633537, 1168921785, 466700071 },
 { 2125624321, 1391187139, 87622116 },
 { 2125532161, 1514365376, 749366762 },
 { 2125440001, 127455195, 1761663344 },
 { 2125375489, 1399056054, 850243839 },
 { 2125255681, 1207803895, 1358502729 },
 { 2125218817, 1740685459, 772541971 },
 { 2125209601, 158422970, 1393803695 },
 { 2125145089, 774945061, 422447238 },
 { 2125034497, 817229098, 572262541 },
 { 2124960769, 1698825902, 1982659953 },
 { 2124850177, 653751473, 1381808527 },
 { 2124840961, 955893738, 2069933595 },
 { 2124776449, 463369993, 633601306 },
 { 2124730369, 1157837776, 1313982800 },
 { 2124721153, 1790010632, 2054959067 },
 { 2124675073, 2095909752, 938708783 },
 { 2124628993, 551553431, 1551153403 },
 { 2124518401, 1003150709, 363961378 },
 { 2124472321, 458570411, 1846831772 },
 { 2124407809, 723744843, 599474824 },
 { 2124269569, 756315765, 1296627617 },
 { 2124241921, 240271797, 824395288 },
 { 2124029953, 987773788, 630934944 },
 { 2123900929, 1674691848, 463866389 },
 { 2123744257, 1808349155, 1174932680 },
 { 2123707393, 971989455, 667730824 },
 { 2123430913, 58106012, 2077947323 },
 { 2123384833, 303651156, 278324568 },
 { 2123347969, 14601707, 1955701082 },
 { 2123255809, 1003411912, 1156288516 },
 { 2123209729, 1134887418, 1648156134 },
 { 2123145217, 549051395, 909737254 },
 { 2123108353, 1124043040, 1455878235 },
 { 2123062273, 714518702, 562237660 },
 { 2123016193, 477140727, 1222750510 },
 { 2122905601, 871772364, 458276114 },
 { 2122841089, 998796878, 1034066124 },
 { 2122795009, 1246163817, 1837916539 },
 { 2122702849, 649939419, 1933115292 },
 { 2122693633, 1464004623, 1659343984 },
 { 2122675201, 1351707837, 1950694436 },
 { 2122638337, 1856349674, 1340787503 },
 { 2122610689, 2113728301, 555032812 },
 { 2122380289, 1240633077, 383470026 },
 { 2122306561, 863692179, 232892234 },
 { 2122278913, 1716367688, 126767839 },
 { 2122242049, 500738737, 1035407344 },
 { 2122223617, 346966153, 1050431097 },
 { 2122177537, 1995072540, 1844003134 },
 { 2122140673, 1084816984, 1981013210 },
 { 2122030081, 213384350, 1804789339 },
 { 2122011649, 774829339, 1637937570 },
 { 2122002433, 365764485, 1025775292 },
 { 2121864193, 1157584746, 1107803651 },
 { 2121818113, 1492821203, 5480873 },
 { 2121670657, 581624218, 80732810 },
 { 2121661441, 117196539, 1540055564 },
 { 2121624577, 313986478, 1447859993 },
 { 2121615361, 2096069568, 474498006 },
 { 2121541633, 1435575916, 1504696751 },
 { 2121532417, 332013221, 1506095154 },
 { 2121431041, 1765687750, 549516218 },
 { 2121302017, 1030773468, 1771875662 },
 { 2121163777, 1160063364, 1228530083 },
 { 2121016321, 451484541, 2001691958 },
 { 2120997889, 1193753623, 1405393548 },
 { 2120905729, 1148813923, 127197231 },
 { 2120804353, 105741521, 489296998 },
 { 2120767489, 238843522, 405203095 },
 { 2120702977, 181335438, 145309480 },
 { 2120509441, 452681497, 416341537 },
 { 2120389633, 38577349, 429830493 },
 { 2120380417, 1585007861, 170165231 },
 { 2120343553, 1358849854, 586900104 },
 { 2120260609, 700414411, 1531079827 },
 { 2120242177, 1403722621, 1110108837 },
 { 2120048641, 1651801506, 1301165160 },
 { 2119965697, 1193729370, 1910811398 },
 { 2119836673, 94731702, 1017121445 },
 { 2119680001, 1976457115, 1737536207 },
 { 2119661569, 1629205671, 403852471 },
 { 2119615489, 246218100, 982466819 },
 { 2119606273, 479839608, 1954131325 },
 { 2119597057, 1649911687, 808245350 },
 { 2119495681, 677468044, 1545497491 },
 { 2119127041, 265852470, 963370239 },
 { 2119108609, 1889427753, 437040411 },
 { 2118804481, 1414598229, 730942333 },
 { 2118776833, 519499421, 2014324182 },
 { 2118767617, 1638204903, 748970097 },
 { 2118758401, 1814485541, 1394854997 },
 { 2118739969, 408050787, 1974429813 },
 { 2118721537, 1056716778, 1039536373 },
 { 2118537217, 1546983822, 775277588 },
 { 2118528001, 1204794661, 2117510248 },
 { 2118417409, 1007191079, 708141224 },
 { 2118343681, 1621893891, 1394899900 },
 { 2118325249, 790149014, 1960510159 },
 { 2118269953, 1384770073, 1608995421 },
 { 2118251521, 603411241, 33673391 },
 { 2118159361, 1650961201, 27178777 },
 { 2118067201, 1841024981, 944226067 },
 { 2118030337, 1566476976, 939086390 },
 { 2118021121, 1775224402, 2081146368 },
 { 2117892097, 1691343134, 1334491380 },
 { 2117818369, 1171222484, 1968249430 },
 { 2117753857, 1573323258, 522881728 },
 { 2117726209, 1277401244, 638111917 },
 { 2117486593, 1723346537, 691480002 },
 { 2117468161, 55763921, 502981959 },
 { 2117403649, 1166105140, 693324800 },
 { 2117302273, 475928414, 183083846 },
 { 2117283841, 405617427, 1251046503 },
 { 2117246977, 1697393574, 1602946023 },
 { 2117154817, 2065498412, 239373751 },
 { 2117127169, 430610228, 1268696569 },
 { 2117117953, 1093343929, 1724711688 },
 { 2117081089, 1192645535, 529674556 },
 { 2117053441, 505102329, 340237027 },
 { 2116979713, 1804622475, 2053613440 },
 { 2116961281, 65888302, 2107574506 },
 { 2116915201, 610308461, 765883989 },
 { 2116850689, 1398598016, 816156948 },
 { 2116832257, 765454171, 2043386233 },
 { 2116546561, 717024057, 908872647 },
 { 2116500481, 4150213, 1791660104 },
 { 2116463617, 852983945, 1644414801 },
 { 2116454401, 216264809, 145255817 },
 { 2116408321, 475976424, 1359934449 },
 { 2116325377, 1625562543, 1515684589 },
 { 2116251649, 2058802384, 1822424401 },
 { 2116196353, 1321633318, 107796720 },
 { 2116187137, 605175264, 878408602 },
 { 2116150273, 2035056670, 752365190 },
 { 2116002817, 1521328676, 1922412326 },
 { 2115827713, 1757335227, 1058894443 },
 { 2115735553, 92961281, 280579127 },
 { 2115643393, 1247556729, 1218186175 },
 { 2115634177, 85949000, 2022049401 },
 { 2115505153, 594820966, 1632620883 },
 { 2115486721, 209298008, 1279424564 },
 { 2115449857, 1402132124, 1024129509 },
 { 2115311617, 1945407724, 1012558423 },
 { 2115274753, 872985195, 614339987 },
 { 2115256321, 204180003, 1438240334 },
 { 2115127297, 50782273, 284566722 },
 { 2114915329, 819417843, 262561066 },
 { 2114841601, 2081783434, 1016047939 },
 { 2114804737, 17411722, 1293342377 },
 { 2114795521, 16941624, 960131138 },
 { 2114629633, 1789204129, 1457521477 },
 { 2114611201, 298873313, 73623697 },
 { 2114592769, 1704509716, 88880999 },
 { 2114565121, 726257921, 259747825 },
 { 2114528257, 584191684, 842044213 },
 { 2114482177, 720385692, 477653968 },
 { 2114445313, 1238383449, 1430552047 },
 { 2114390017, 98614528, 1910577492 },
 { 2114307073, 373551360, 427233204 },
 { 2114288641, 1615089535, 2110837127 },
 { 2114242561, 217156792, 297252338 },
 { 2114214913, 1432348674, 1566451545 },
 { 2114122753, 2101469537, 785458914 },
 { 2113993729, 805095866, 235362830 },
 { 2113929217, 1996941803, 1886332797 },
 { 2113763329, 1045961841, 1369867551 },
 { 2113754113, 1214231913, 1237233461 },
 { 2113708033, 1537995485, 13776316 },
 { 2113606657, 700816500, 658494367 },
 { 2113560577, 1424896092, 1869549877 },
 { 2113505281, 234620725, 941446553 },
 { 2113284097, 323440815, 786455037 },
 { 2113210369, 608305882, 1080882489 },
 { 2113191937, 1148437116, 1719312011 },
 { 2113118209, 1051044863, 794443301 },
 { 2113099777, 980463293, 1719087175 },
 { 2113053697, 699347832, 156091436 },
 { 2113016833, 1430079216, 359758036 },
 { 2112979969, 1310280658, 1565698405 },
 { 2112924673, 1077952720, 826136782 },
 { 2112906241, 2059779110, 1491126664 },
 { 2112860161, 713414867, 586556795 },
 { 2112841729, 1701812916, 454235784 },
 { 2112740353, 891691575, 2103484779 },
 { 2112694273, 1579564755, 374566683 },
 { 2112592897, 573565742, 1413654470 },
 { 2112380929, 1715525588, 426852355 },
 { 2112279553, 361151680, 74301313 },
 { 2112196609, 1084802433, 1809577103 },
 { 2112178177, 1171466206, 1357386994 },
 { 2112049153, 838332559, 143479796 },
 { 2112003073, 376095902, 208470491 },
 { 2111827969, 1785473938, 1585619014 },
 { 2111809537, 854552605, 1643647738 },
 { 2111772673, 1149900274, 862411882 },
 { 2111735809, 1614068446, 1732474813 },
 { 2111689729, 883065790, 1228783274 },
 { 2111680513, 88573989, 855503629 },
 { 2111671297, 163686346, 120230111 },
 { 2111579137, 1856366475, 1824040801 },
 { 2111551489, 1740132893, 1220423335 },
 { 2111477761, 1761175933, 1482065169 },
 { 2111440897, 873082344, 1126710467 },
 { 2111404033, 1234679104, 429061622 },
 { 2111302657, 1285910809, 247718129 },
 { 2111173633, 1072006977, 378677534 },
 { 2111118337, 2042358703, 667913400 },
 { 2110970881, 116629121, 1263574844 },
 { 2110934017, 529074111, 944666895 },
 { 2110924801, 1820783217, 2074740605 },
 { 2110887937, 159343018, 1129369080 },
 { 2110860289, 625828424, 360340853 },
 { 2110832641, 1591537619, 1407943167 },
 { 2110795777, 1350153696, 1006631480 },
 { 2110648321, 1622425679, 1771829802 },
 { 2110473217, 276619341, 299898537 },
 { 2110464001, 584292801, 1797135079 },
 { 2110436353, 1553893068, 1183260440 },
 { 2110334977, 1773301242, 1983346418 },
 { 2110215169, 151311136, 1662765192 },
 { 2110113793, 1237790218, 2092306923 },
 { 2110076929, 1968119378, 1972029191 },
 { 2110003201, 500128670, 78880956 },
 { 2109984769, 866052988, 534461060 },
 { 2109745153, 1868270307, 1359221496 },
 { 2109735937, 1733188861, 188473109 },
 { 2109699073, 1960782843, 9443274 },
 { 2109616129, 202816650, 2102446329 },
 { 2109606913, 61368812, 260949868 },
 { 2109450241, 542910423, 713198468 },
 { 2109404161, 20367061, 1310143682 },
 { 2109376513, 1233858021, 629449410 },
 { 2109367297, 304780954, 1109603597 },
 { 2109321217, 1423489147, 306040011 },
 { 2109275137, 1231666872, 805223297 },
 { 2109155329, 1724006908, 488451587 },
 { 2109100033, 1891395075, 123331414 },
 { 2109090817, 747871669, 167752135 },
 { 2108998657, 535205605, 1866748045 },
 { 2108952577, 1563332723, 1961847492 },
 { 2108924929, 673452897, 857675085 },
 { 2108786689, 398277042, 582804820 },
 { 2108740609, 1019040835, 477405249 },
 { 2108666881, 989234965, 1332801322 },
 { 2108500993, 1487897482, 1888448641 },
 { 2108454913, 1061720500, 1048563700 },
 { 2108344321, 1297529814, 876602033 },
 { 2108316673, 110530206, 1096501547 },
 { 2108261377, 991889565, 538700275 },
 { 2108206081, 1132489007, 1922594064 },
 { 2108141569, 1890975027, 725643017 },
 { 2108077057, 1874277571, 1326841475 },
 { 2108021761, 679188317, 1334863041 },
 { 2107994113, 2042898862, 1213614298 },
 { 2107984897, 553930555, 855461510 },
 { 2107948033, 588654395, 817925600 },
 { 2107855873, 955510197, 1387472603 },
 { 2107772929, 1710750259, 1123501013 },
 { 2107754497, 635478204, 1385962529 },
 { 2107533313, 678856625, 1669657796 },
 { 2107496449, 1538994818, 1742580684 },
 { 2107385857, 219571624, 908447744 },
 { 2107081729, 37125220, 225140665 },
 { 2106823681, 1861430627, 1595579024 },
 { 2106786817, 1478483229, 1834883513 },
 { 2106777601, 18358925, 1226850857 },
 { 2106731521, 70736804, 1593056790 },
 { 2106602497, 1787857779, 1157994066 },
 { 2106510337, 1053283187, 431197947 },
 { 2106408961, 503723589, 924325515 },
 { 2106381313, 422062926, 1818864419 },
 { 2106326017, 988329413, 788786586 },
 { 2106196993, 5144393, 1067946516 },
 { 2106160129, 232789957, 716160267 },
 { 2106132481, 271126160, 588564885 },
 { 2106049537, 219156131, 2103120897 },
 { 2105948161, 310664150, 2102860169 },
 { 2105856001, 1820055956, 278910924 },
 { 2105809921, 1701662140, 84443796 },
 { 2105763841, 372711392, 1208096656 },
 { 2105644033, 852176863, 2074648697 },
 { 2105579521, 1933278403, 1874218731 },
 { 2105496577, 2038484879, 259408028 },
 { 2105404417, 1055508287, 445005691 },
 { 2105349121, 1909094644, 1540449359 },
 { 2105256961, 1032137837, 346714550 },
 { 2105220097, 779743185, 1546162600 },
 { 2105192449, 1388701228, 1806324320 },
 { 2105183233, 690304491, 1259032344 },
 { 2105174017, 1735948214, 725484090 },
 { 2105044993, 793461585, 41023060 },
 { 2104980481, 2008871922, 799963161 },
 { 2104888321, 690132118, 1148573451 },
 { 2104842241, 269838763, 569948871 },
 { 2104768513, 528801830, 770281982 },
 { 2104704001, 1516142741, 588647472 },
 { 2104667137, 246319617, 2073701013 },
 { 2104584193, 1165086960, 1040401640 },
 { 2104538113, 1499544177, 881562709 },
 { 2104501249, 961119635, 1719133603 },
 { 2104473601, 1868205140, 1584317969 },
 { 2104307713, 12930097, 938274123 },
 { 2104289281, 338626191, 1702354574 },
 { 2104206337, 1221749494, 1669711230 },
 { 2103966721, 1549982223, 387442321 },
 { 2103892993, 1655287848, 1470176433 },
 { 2103883777, 483708092, 1448617508 },
 { 2103856129, 2101722548, 2007976283 },
 { 2103763969, 543940570, 1777925299 },
 { 2103671809, 1195257390, 1888353073 },
 { 2103561217, 1030993167, 715919123 },
 { 2103422977, 708358290, 1587476471 },
 { 2103376897, 1313065158, 1449493403 },
 { 2103247873, 1317442397, 1328378784 },
 { 2103183361, 1077688694, 101784545 },
 { 2103091201, 602673005, 875523189 },
 { 2103054337, 190418775, 1909126830 },
 { 2103045121, 1388315484, 1381194261 },
 { 2102980609, 945244326, 801780354 },
 { 2102934529, 34666273, 957656055 },
 { 2102860801, 1755440685, 756305790 },
 { 2102823937, 1850460956, 317314316 },
 { 2102704129, 325514382, 1599848698 },
 { 2102676481, 779224002, 1961254268 },
 { 2102584321, 523381573, 1615556185 },
 { 2102501377, 2042917151, 620509694 },
 { 2102473729, 943339397, 1891565713 },
 { 2102446081, 423919472, 1645067812 },
 { 2102418433, 143260945, 423614459 },
 { 2102261761, 841954787, 177205853 },
 { 2102215681, 560672475, 1169215993 },
 { 2102132737, 1156510649, 117139879 },
 { 2102123521, 500225868, 1239531872 },
 { 2102095873, 241508989, 703169285 },
 { 2102012929, 99814587, 1026035272 },
 { 2101994497, 938653320, 1243519736 },
 { 2101957633, 128968698, 1320062766 },
 { 2101902337, 1456384664, 1217932413 },
 { 2101865473, 2030834104, 1228958072 },
 { 2101856257, 94760290, 1332226039 },
 { 2101727233, 536766749, 1178609993 },
 { 2101625857, 796609456, 164780878 },
 { 2101598209, 396348525, 1234299781 },
 { 2101506049, 273578255, 495370977 },
 { 2101496833, 20439829, 700527864 },
 { 2101340161, 1209835320, 867167765 },
 { 2101257217, 1492225688, 593444144 },
 { 2101165057, 1556797129, 963837170 },
 { 2101155841, 1926574643, 177173630 },
 { 2101017601, 1282759593, 1260338979 },
 { 2100953089, 993418630, 1369441028 },
 { 2100925441, 1603880924, 1931748509 },
 { 2100860929, 638435649, 1518256697 },
 { 2100833281, 1359963770, 382477015 },
 { 2100805633, 778634907, 1573266059 },
 { 2100787201, 1307753743, 822117154 },
 { 2100759553, 1075797626, 1174495883 },
 { 2100612097, 131673507, 139555850 },
 { 2100529153, 400818453, 2023785961 },
 { 2100390913, 476457132, 1392827321 },
 { 2100344833, 1481029753, 522209734 },
 { 2100335617, 1793949236, 1064691562 },
 { 2100307969, 179121373, 21860175 },
 { 2100289537, 1762852499, 1208318242 },
 { 2100197377, 1323210843, 443820460 },
 { 2100151297, 577840546, 383151836 },
 { 2100068353, 1238671839, 1419754956 },
 { 2100049921, 1656088980, 924483992 },
 { 2099985409, 59451203, 1638850328 },
 { 2099736577, 57863534, 869688103 },
 { 2099699713, 1314675048, 528509009 },
 { 2099690497, 317089865, 1208904550 },
 { 2099543041, 1037600388, 1414899397 },
 { 2099414017, 611171215, 698552176 },
 { 2099340289, 336330143, 563224399 },
 { 2099294209, 591651779, 1602747301 },
 { 2099238913, 691977686, 65322698 },
 { 2099192833, 1958220926, 205614888 },
 { 2099183617, 1067696404, 2031611211 },
 { 2099155969, 1860182149, 1727886644 },
 { 2099082241, 1134330653, 737807940 },
 { 2098971649, 1880736657, 603157880 },
 { 2098861057, 1154298233, 2046344571 },
 { 2098722817, 997498292, 2007285809 },
 { 2098593793, 760974185, 1001876445 },
 { 2098501633, 1352334495, 140654508 },
 { 2098483201, 1575003218, 1387359597 },
 { 2098391041, 832525558, 758805084 },
 { 2098317313, 1412351661, 904616875 },
 { 2098280449, 391830844, 395696768 },
 { 2098271233, 962364437, 1618807971 },
 { 2098179073, 1685236361, 1265310761 },
 { 2098123777, 894788033, 2092345409 },
 { 2098114561, 1550851121, 192081785 },
 { 2098003969, 339558786, 485924500 },
 { 2097957889, 251535064, 1184293227 },
 { 2097856513, 1795948729, 346360723 },
 { 2097745921, 992694984, 1506373046 },
 { 2097699841, 351189364, 1974257782 },
 { 2097681409, 594739599, 769720343 },
 { 2097635329, 1272368953, 1234756385 },
 { 2097497089, 841942322, 220916806 },
 { 2097358849, 1157521048, 1970691021 },
 { 2097349633, 1704134020, 810682368 },
 { 2097340417, 787904347, 566393488 },
 { 2097294337, 101776044, 1317779873 },
 { 2097257473, 175812260, 273905458 },
 { 2097239041, 1563332875, 346759854 },
 { 2097156097, 1785398848, 771407085 },
 { 2096980993, 1758772669, 369989240 },
 { 2096962561, 1868308634, 1056095419 },
 { 2096925697, 1513794444, 102577661 },
 { 2096796673, 191396724, 1798924415 },
 { 2096759809, 816145533, 2002876677 },
 { 2096704513, 1390588056, 1748051098 },
 { 2096695297, 1619295388, 1697535445 },
 { 2096566273, 153026731, 1090624645 },
 { 2096547841, 1565655571, 615245178 },
 { 2096326657, 1611716099, 787979910 },
 { 2096252929, 63838391, 1829193720 },
 { 2096142337, 782701547, 1178943280 },
 { 2096096257, 1156106164, 200521033 },
 { 2096068609, 1730349429, 1171196230 },
 { 2095921153, 1533897666, 1420930595 },
 { 2095865857, 505462397, 1004003705 },
 { 2095856641, 927501860, 1286801708 },
 { 2095828993, 1653175899, 349860519 },
 { 2095552513, 1695002953, 300622479 },
 { 2095469569, 1699634630, 1966652127 },
 { 2095423489, 359416515, 61368561 },
 { 2095377409, 1933416645, 1994305037 },
 { 2095368193, 1183530237, 385944103 },
 { 2095349761, 257470750, 732122048 },
 { 2095239169, 1424181709, 1985304968 },
 { 2095220737, 998236393, 1285696587 },
 { 2095082497, 609633743, 962096834 },
 { 2095054849, 248187075, 236922304 },
 { 2095027201, 1522560863, 434721942 },
 { 2094962689, 1218845609, 1912261064 },
 { 2094842881, 898353911, 524086191 },
 { 2094723073, 1835870939, 1793076188 },
 { 2094713857, 1647447163, 499911576 },
 { 2094704641, 141579485, 713954494 },
 { 2094640129, 109254316, 654981265 },
 { 2094630913, 1799848447, 1671319633 },
 { 2094474241, 327802612, 1807896567 },
 { 2094400513, 270429950, 156347457 },
 { 2094271489, 1182179282, 385801896 },
 { 2094262273, 1640267873, 1369622634 },
 { 2094068737, 1115473460, 1610887210 },
 { 2093985793, 1096220066, 1651062916 },
 { 2093930497, 356759964, 1358566013 },
 { 2093810689, 396228996, 1711543002 },
 { 2093736961, 909470239, 282428387 },
 { 2093644801, 2034386788, 1015508708 },
 { 2093607937, 1766553607, 308326393 },
 { 2093598721, 1982921218, 591331138 },
 { 2093432833, 778349941, 977876268 },
 { 2093423617, 1865972268, 1803038234 },
 { 2093377537, 1696981241, 413217010 },
 { 2093340673, 1615901863, 1499970541 },
 { 2093248513, 555707471, 428233473 },
 { 2093101057, 523648184, 1652401191 },
 { 2092999681, 937681353, 1199770751 },
 { 2092925953, 1540241461, 1444054527 },
 { 2092889089, 1093558491, 1491093571 },
 { 2092796929, 1390602230, 958177057 },
 { 2092704769, 1535489452, 1469350975 },
 { 2092677121, 842810205, 2080347951 },
 { 2092631041, 1798728396, 976024690 },
 { 2092566529, 417726325, 1274076858 },
 { 2092538881, 1472434244, 405807317 },
 { 2092474369, 26923610, 1837498459 },
 { 2092465153, 141416583, 397081855 },
 { 2092419073, 870209457, 237334612 },
 { 2092409857, 1178167545, 1545376318 },
 { 2092400641, 402357474, 821042942 },
 { 2092179457, 940658187, 147556151 },
 { 2092124161, 225818744, 148868454 },
 { 2091902977, 364182900, 1406989332 },
 { 2091829249, 1980430729, 338597755 },
 { 2091810817, 1654282043, 556711539 },
 { 2091764737, 334220809, 2038752183 },
 { 2091691009, 860941585, 1231707574 },
 { 2091598849, 1801695248, 720351668 },
 { 2091479041, 912747645, 1472579610 },
 { 2091303937, 1433873490, 1216409264 },
 { 2091294721, 356680218, 897424734 },
 { 2091220993, 2070624758, 711551469 },
 { 2091091969, 1961057542, 1000327653 },
 { 2090990593, 2080851342, 2009659004 },
 { 2090953729, 267292093, 1824626331 },
 { 2090769409, 557205733, 1572273043 },
 { 2090760193, 1576935252, 754618460 },
 { 2090741761, 2072951174, 779491740 },
 { 2090677249, 1732055348, 743336190 },
 { 2090668033, 2010266439, 948792993 },
 { 2090612737, 817545650, 1713980097 },
 { 2090603521, 1010856028, 688758551 },
 { 2090575873, 506524854, 346370729 },
 { 2090336257, 1309784215, 1415734459 },
 { 2090253313, 642202948, 982738317 },
 { 2090244097, 833023539, 1178112798 },
 { 2090198017, 386976689, 1613217611 },
 { 2090161153, 1232108876, 446062285 },
 { 2090004481, 1747793805, 1154628213 },
 { 2089967617, 1746899221, 686200800 },
 { 2089866241, 101438532, 326984857 },
 { 2089774081, 1698055307, 1937512394 },
 { 2089755649, 1780481319, 665817834 },
 { 2089737217, 30516493, 1979006260 },
 { 2089635841, 1160470937, 487476597 },
 { 2089571329, 1252170733, 1995673421 },
 { 2089479169, 1461700277, 432070583 },
 { 2089433089, 1361293741, 169759228 },
 { 2089405441, 249764357, 365619591 },
 { 2089377793, 1302472967, 1442923902 },
 { 2089128961, 1375799560, 1340463648 },
 { 2089055233, 547139880, 438048082 },
 { 2089046017, 1622293266, 1926791106 },
 { 2088999937, 722846386, 1883137657 },
 { 2088990721, 1128649669, 1078781272 },
 { 2088953857, 1498095085, 132098265 },
 { 2088870913, 2063819215, 1640839160 },
 { 2088852481, 1807307634, 1389015627 },
 { 2088778753, 1347419191, 770687093 },
 { 2088732673, 160435415, 2017352971 },
 { 2088695809, 1166734380, 1073904435 },
 { 2088677377, 4890225, 371962047 },
 { 2088649729, 1749318940, 883183350 },
 { 2088483841, 1490801526, 1736430048 },
 { 2088437761, 36037696, 1436470320 },
 { 2088419329, 1148195085, 1135213176 },
 { 2088410113, 1072892811, 1032237284 },
 { 2088253441, 1008098853, 526016768 },
 { 2088225793, 1903976301, 1619497673 },
 { 2088216577, 2083699307, 428783873 },
 { 2088207361, 1611566880, 1595125584 },
 { 2088161281, 1363344267, 202466722 },
 { 2088050689, 456024764, 1420693702 },
 { 2087986177, 226816211, 1196247369 },
 { 2087838721, 1340602815, 1119474650 },
 { 2087820289, 397038104, 1890284608 },
 { 2087562241, 1553792586, 1274654316 },
 { 2087451649, 164364382, 993418731 },
 { 2087442433, 1652478158, 1481330207 },
 { 2087350273, 81443119, 377581277 },
 { 2087313409, 600524856, 502433482 },
 { 2087212033, 1396205816, 1583898309 },
 { 2087156737, 1644266887, 1231823686 },
 { 2087036929, 1860987298, 1484230994 },
 { 2086972417, 16638931, 475733693 },
 { 2086898689, 1193959519, 234160361 },
 { 2086742017, 911227639, 663665582 },
 { 2086714369, 599806920, 498851505 },
 { 2086668289, 645806793, 743146378 },
 { 2086566913, 804249578, 1276276140 },
 { 2086520833, 345465080, 801006492 },
 { 2086456321, 1860837284, 1646232841 },
 { 2086410241, 1608938247, 170075505 },
 { 2086391809, 216348089, 1991626874 },
 { 2086336513, 562852999, 308743130 },
 { 2086189057, 1214298440, 93779757 },
 { 2086152193, 1811321328, 1694565636 },
 { 2086115329, 39747031, 1597052480 },
 { 2086096897, 1277934628, 1340097046 },
 { 2085608449, 1187997728, 1778936945 },
 { 2085451777, 1968912629, 834262605 },
 { 2085424129, 1691450278, 1170341838 },
 { 2085368833, 1793504052, 1422343854 },
 { 2085285889, 1078394485, 1130487317 },
 { 2085166081, 101298685, 514138591 },
 { 2085046273, 1800810132, 281966237 },
 { 2085000193, 1243932501, 753196611 },
 { 2084981761, 219102144, 1553240681 },
 { 2084861953, 1269421035, 517897005 },
 { 2084843521, 1492889204, 1492114181 },
 { 2084806657, 94377032, 827534948 },
 { 2084732929, 652996097, 1548370033 },
 { 2084640769, 2082004664, 169327057 },
 { 2084613121, 248040549, 895872058 },
 { 2084576257, 1199869366, 664677815 },
 { 2084567041, 1411747708, 428760784 },
 { 2084484097, 333518588, 1407990472 },
 { 2084456449, 1848294145, 1440236289 },
 { 2084226049, 598089467, 1411261613 },
 { 2084115457, 1700697298, 254264563 },
 { 2084032513, 823813275, 1217513398 },
 { 2083986433, 820037229, 580219274 },
 { 2083931137, 655979691, 1831216739 },
 { 2083885057, 959691762, 712606234 },
 { 2083875841, 1275221417, 1957218286 },
 { 2083857409, 223297654, 1753181007 },
 { 2083746817, 1866095354, 730006452 },
 { 2083691521, 515378753, 527434380 },
 { 2083673089, 1245911208, 1195970538 },
 { 2083608577, 1061575438, 26184845 },
 { 2083488769, 642839045, 216787326 },
 { 2083424257, 1827239152, 2029910117 },
 { 2083304449, 10507186, 960682433 },
 { 2083156993, 49607996, 1101628495 },
 { 2083147777, 1941288262, 1817672306 },
 { 2082779137, 2050973748, 1335096265 },
 { 2082742273, 185212156, 1917238555 },
 { 2082733057, 1703372682, 1814479114 },
 { 2082696193, 1000306219, 2020896125 },
 { 2082604033, 1099703936, 1043572432 },
 { 2082447361, 241454129, 1214489009 },
 { 2082226177, 88949028, 2063733860 },
 { 2082198529, 1925675666, 590962618 },
 { 2082143233, 2047846969, 25528947 },
 { 2082078721, 1637226588, 1553112919 },
 { 2081995777, 538309598, 1349293326 },
 { 2081968129, 1182336690, 1007817075 },
 { 2081940481, 959404265, 57735380 },
 { 2081857537, 1402372835, 1071874249 },
 { 2081664001, 1699123108, 1595009869 },
 { 2081534977, 1516531378, 212513114 },
 { 2081387521, 574843571, 890030302 },
 { 2081369089, 818492967, 1033649000 },
 { 2081350657, 273717406, 1197364362 },
 { 2081295361, 133307624, 110371312 },
 { 2081258497, 682708178, 920771712 },
 { 2081221633, 1295004023, 1110404781 },
 { 2081175553, 1014655386, 1062578317 },
 { 2081166337, 423531999, 1938939086 },
 { 2081083393, 1726879882, 1303706289 },
 { 2081064961, 287609814, 2057426466 },
 { 2081046529, 672786902, 1248896339 },
 { 2081037313, 1154476547, 1594718313 },
 { 2080972801, 1120639111, 1745874140 },
 { 2080852993, 36378637, 837483871 },
 { 2080806913, 1780293764, 1805230383 },
 { 2080788481, 1923949223, 2058756800 },
 { 2080760833, 1080289220, 1881861705 },
 { 2080668673, 403122662, 1677322791 },
 { 2080631809, 1331938270, 400271400 },
 { 2080604161, 1830826514, 160562603 },
 { 2080530433, 1809737415, 1019682328 },
 { 2080465921, 129584718, 1988856147 },
 { 2080447489, 1494748001, 1525709403 },
 { 2080438273, 806681232, 1688828161 },
 { 2080419841, 559025665, 487989029 },
 { 2080336897, 119504773, 1595647469 },
 { 2080309249, 533543609, 1544055890 },
 { 2080281601, 249543051, 640453528 },
 { 2080263169, 1552070469, 558573537 },
 { 2080152577, 1676215904, 541447718 },
 { 2080124929, 155573011, 163169861 },
 { 2079959041, 1025588203, 1464790063 },
 { 2079866881, 1628100725, 1285284058 },
 { 2079691777, 1180794717, 1590445772 },
 { 2079664129, 1906604290, 1274483203 },
 { 2079618049, 1290081127, 2001746963 },
 { 2079507457, 713492846, 1827208617 },
 { 2079470593, 1631476681, 2029661647 },
 { 2079387649, 61713505, 865553435 },
 { 2079369217, 1382129602, 409178670 },
 { 2079295489, 641929319, 676205706 },
 { 2079148033, 51725626, 1961790831 },
 { 2079065089, 1424616373, 540142226 },
 { 2078991361, 2056340932, 111662571 },
 { 2078899201, 1775153153, 187613491 },
 { 2078834689, 1308531894, 1400707840 },
 { 2078788609, 74171936, 2023572496 },
 { 2078714881, 710870815, 1031349525 },
 { 2078631937, 883395201, 412913589 },
 { 2078419969, 1166166092, 1454010080 },
 { 2078281729, 1115002367, 1345413198 },
 { 2078254081, 1444393534, 186893596 },
 { 2077996033, 1912574351, 1845058822 },
 { 2077931521, 1474837382, 1247353077 },
 { 2077903873, 1114781230, 635920054 },
 { 2077885441, 1036114530, 636717063 },
 { 2077820929, 1278430876, 563747105 },
 { 2077793281, 203294611, 420247729 },
 { 2077728769, 142216248, 1108465544 },
 { 2077664257, 254454125, 598344859 },
 { 2077562881, 81592048, 1669632763 },
 { 2077258753, 1260990282, 345459579 },
 { 2077194241, 2013275868, 772481873 },
 { 2077157377, 1004261248, 1377021309 },
 { 2077129729, 933116108, 1625433195 },
 { 2077111297, 1233003293, 221315789 },
 { 2077083649, 1885054701, 630085941 },
 { 2077037569, 584763138, 1381467240 },
 { 2076926977, 1214954884, 444605445 },
 { 2076797953, 1880423951, 1443373264 },
 { 2076733441, 771236114, 966328111 },
 { 2076705793, 1077442011, 2038110365 },
 { 2076650497, 461765025, 1292291721 },
 { 2076595201, 103100591, 182569749 },
 { 2076503041, 423874271, 1104653112 },
 { 2076484609, 595509290, 1708728563 },
 { 2076456961, 1591582196, 1671872181 },
 { 2076392449, 813965347, 184615220 },
 { 2076272641, 1155217820, 856694213 },
 { 2076254209, 1055001331, 302551962 },
 { 2076244993, 205139967, 674798443 },
 { 2076189697, 1749674831, 2009095920 },
 { 2076143617, 125553221, 1108246091 },
 { 2076115969, 1795035411, 804272132 },
 { 2076097537, 1763350900, 1361842947 },
 { 2075996161, 2010143262, 607884403 },
 { 2075765761, 342910912, 1475683707 },
 { 2075636737, 1324077027, 2031911375 },
 { 2075609089, 624588897, 1864298641 },
 { 2075544577, 1120710235, 667734928 },
 { 2075535361, 220428777, 669572672 },
 { 2075489281, 1977959538, 1560246812 },
 { 2075415553, 13757254, 1647168942 },
 { 2075406337, 1190802639, 58854762 },
 { 2075378689, 827414403, 912680236 },
 { 2075369473, 1738167802, 314377531 },
 { 2075240449, 657349636, 1956325524 },
 { 2075185153, 1948189610, 1782960894 },
 { 2075166721, 1875826290, 1414486482 },
 { 2074954753, 1903405986, 1488161743 },
 { 2074936321, 219585054, 955340273 },
 { 2074871809, 1697632238, 1240742690 },
 { 2074807297, 671965209, 1072909740 },
 { 2074678273, 503652766, 1287426009 },
 { 2074576897, 368918986, 1266234693 },
 { 2074457089, 1592455638, 573348021 },
 { 2074392577, 1915276250, 387264228 },
 { 2074383361, 1835264967, 1211583139 },
 { 2074152961, 1527986733, 1159290669 },
 { 2074134529, 1684642686, 293628678 },
 { 2074060801, 600425178, 41398837 },
 { 2073950209, 1621787062, 127367350 },
 { 2073931777, 149980305, 1566213032 },
 { 2073858049, 1814351981, 1320463568 },
 { 2073756673, 1964640535, 1576228894 },
 { 2073738241, 1664370947, 498121883 },
 { 2073618433, 1792483280, 403789290 },
 { 2073609217, 33559216, 553628744 },
 { 2073535489, 588431716, 1124500400 },
 { 2073443329, 608339915, 783524392 },
 { 2073434113, 1391998139, 889196389 },
 { 2073424897, 1632856579, 1892180580 },
 { 2073378817, 1768174921, 2014756922 },
 { 2073305089, 862397296, 838046676 },
 { 2073240577, 1654167082, 1866221587 },
 { 2073185281, 507971900, 1623488831 },
 { 2073111553, 1137776885, 309642139 },
 { 2073102337, 1737832792, 1989483169 },
 { 2073028609, 116975045, 1956049060 },
 { 2073019393, 59741958, 543311911 },
 { 2072973313, 338014095, 2057710457 },
 { 2072862721, 15834870, 1612914839 },
 { 2072825857, 1557552800, 1248908871 },
 { 2072798209, 1733777098, 390705335 },
 { 2072632321, 1670587583, 846715667 },
 { 2072604673, 1605267431, 237660 },
 { 2072540161, 175399208, 1770247709 },
 { 2072475649, 655429763, 963265886 },
 { 2072355841, 1604244395, 440473803 },
 { 2072272897, 1954247082, 801306376 },
 { 2072014849, 1829768725, 115945552 },
 { 2071959553, 853541630, 1291600290 },
 { 2071950337, 194283619, 125023092 },
 { 2071941121, 9358535, 1981563973 },
 { 2071756801, 597925765, 227071015 },
 { 2071738369, 1118833694, 770359736 },
 { 2071710721, 653593440, 695376499 },
 { 2071683073, 632900693, 1133477175 },
 { 2071544833, 486261671, 1516246386 },
 { 2071507969, 1628878225, 478089136 },
 { 2071480321, 677405993, 1543879685 },
 { 2071415809, 1478365957, 718104578 },
 { 2071360513, 1384425492, 486605923 },
 { 2071093249, 1441945139, 339115618 },
 { 2071037953, 1771674733, 74636550 },
 { 2070936577, 1031779139, 1593018160 },
 { 2070844417, 297350337, 700889695 },
 { 2070743041, 1269467398, 1188672983 },
 { 2070715393, 1305821865, 634606382 },
 { 0, 0, 0 }
};





static inline uint32_t
modp_set(int32_t x, uint32_t p)
{
 uint32_t w;

 w = (uint32_t)x;
 w += p & -(w >> 31);
 return w;
}




static inline int32_t
modp_norm(uint32_t x, uint32_t p)
{
 return x - (p & (((x - ((p + 1) >> 1)) >> 31) - 1));
}





static uint32_t
modp_ninv31(uint32_t p)
{
 uint32_t y;

 y = 2 - p;
 y *= 2 - p * y;
 y *= 2 - p * y;
 y *= 2 - p * y;
 y *= 2 - p * y;
 return (uint32_t)0x7FFFFFFF & -y;
}




static inline uint32_t
modp_R(uint32_t p)
{




 return ((uint32_t)1 << 31) - p;
}




static inline uint32_t
modp_add(uint32_t a, uint32_t b, uint32_t p)
{
 uint32_t d;

 d = a + b - p;
 d += p & -(d >> 31);
 return d;
}




static inline uint32_t
modp_sub(uint32_t a, uint32_t b, uint32_t p)
{
 uint32_t d;

 d = a - b;
 d += p & -(d >> 31);
 return d;
}





static inline uint32_t
modp_montymul(uint32_t a, uint32_t b, uint32_t p, uint32_t p0i)
{
 uint64_t z, w;
 uint32_t d;

 z = (uint64_t)a * (uint64_t)b;
 w = ((z * p0i) & (uint64_t)0x7FFFFFFF) * p;
 d = (uint32_t)((z + w) >> 31) - p;
 d += p & -(d >> 31);
 return d;
}




static uint32_t
modp_R2(uint32_t p, uint32_t p0i)
{
 uint32_t z;





 z = modp_R(p);
 z = modp_add(z, z, p);





 z = modp_montymul(z, z, p, p0i);
 z = modp_montymul(z, z, p, p0i);
 z = modp_montymul(z, z, p, p0i);
 z = modp_montymul(z, z, p, p0i);
 z = modp_montymul(z, z, p, p0i);




 z = (z + (p & -(z & 1))) >> 1;
 return z;
}






static inline uint32_t
modp_Rx(unsigned x, uint32_t p, uint32_t p0i, uint32_t R2)
{
 int i;
 uint32_t r, z;






 x --;
 r = R2;
 z = modp_R(p);
 for (i = 0; (1U << i) <= x; i ++) {
  if ((x & (1U << i)) != 0) {
   z = modp_montymul(z, r, p, p0i);
  }
  r = modp_montymul(r, r, p, p0i);
 }
 return z;
}
# 2639 "inputs/bootstrap/source/falcon-keygen.c"
static uint32_t
modp_div(uint32_t a, uint32_t b, uint32_t p, uint32_t p0i, uint32_t R)
{
 uint32_t z, e;
 int i;

 e = p - 2;
 z = R;
 for (i = 30; i >= 0; i --) {
  uint32_t z2;

  z = modp_montymul(z, z, p, p0i);
  z2 = modp_montymul(z, b, p, p0i);
  z ^= (z ^ z2) & -(uint32_t)((e >> i) & 1);
 }
# 2666 "inputs/bootstrap/source/falcon-keygen.c"
 z = modp_montymul(z, 1, p, p0i);
 return modp_montymul(a, z, p, p0i);
}




static const uint16_t REV10[] = {
    0, 512, 256, 768, 128, 640, 384, 896, 64, 576, 320, 832,
  192, 704, 448, 960, 32, 544, 288, 800, 160, 672, 416, 928,
   96, 608, 352, 864, 224, 736, 480, 992, 16, 528, 272, 784,
  144, 656, 400, 912, 80, 592, 336, 848, 208, 720, 464, 976,
   48, 560, 304, 816, 176, 688, 432, 944, 112, 624, 368, 880,
  240, 752, 496, 1008, 8, 520, 264, 776, 136, 648, 392, 904,
   72, 584, 328, 840, 200, 712, 456, 968, 40, 552, 296, 808,
  168, 680, 424, 936, 104, 616, 360, 872, 232, 744, 488, 1000,
   24, 536, 280, 792, 152, 664, 408, 920, 88, 600, 344, 856,
  216, 728, 472, 984, 56, 568, 312, 824, 184, 696, 440, 952,
  120, 632, 376, 888, 248, 760, 504, 1016, 4, 516, 260, 772,
  132, 644, 388, 900, 68, 580, 324, 836, 196, 708, 452, 964,
   36, 548, 292, 804, 164, 676, 420, 932, 100, 612, 356, 868,
  228, 740, 484, 996, 20, 532, 276, 788, 148, 660, 404, 916,
   84, 596, 340, 852, 212, 724, 468, 980, 52, 564, 308, 820,
  180, 692, 436, 948, 116, 628, 372, 884, 244, 756, 500, 1012,
   12, 524, 268, 780, 140, 652, 396, 908, 76, 588, 332, 844,
  204, 716, 460, 972, 44, 556, 300, 812, 172, 684, 428, 940,
  108, 620, 364, 876, 236, 748, 492, 1004, 28, 540, 284, 796,
  156, 668, 412, 924, 92, 604, 348, 860, 220, 732, 476, 988,
   60, 572, 316, 828, 188, 700, 444, 956, 124, 636, 380, 892,
  252, 764, 508, 1020, 2, 514, 258, 770, 130, 642, 386, 898,
   66, 578, 322, 834, 194, 706, 450, 962, 34, 546, 290, 802,
  162, 674, 418, 930, 98, 610, 354, 866, 226, 738, 482, 994,
   18, 530, 274, 786, 146, 658, 402, 914, 82, 594, 338, 850,
  210, 722, 466, 978, 50, 562, 306, 818, 178, 690, 434, 946,
  114, 626, 370, 882, 242, 754, 498, 1010, 10, 522, 266, 778,
  138, 650, 394, 906, 74, 586, 330, 842, 202, 714, 458, 970,
   42, 554, 298, 810, 170, 682, 426, 938, 106, 618, 362, 874,
  234, 746, 490, 1002, 26, 538, 282, 794, 154, 666, 410, 922,
   90, 602, 346, 858, 218, 730, 474, 986, 58, 570, 314, 826,
  186, 698, 442, 954, 122, 634, 378, 890, 250, 762, 506, 1018,
    6, 518, 262, 774, 134, 646, 390, 902, 70, 582, 326, 838,
  198, 710, 454, 966, 38, 550, 294, 806, 166, 678, 422, 934,
  102, 614, 358, 870, 230, 742, 486, 998, 22, 534, 278, 790,
  150, 662, 406, 918, 86, 598, 342, 854, 214, 726, 470, 982,
   54, 566, 310, 822, 182, 694, 438, 950, 118, 630, 374, 886,
  246, 758, 502, 1014, 14, 526, 270, 782, 142, 654, 398, 910,
   78, 590, 334, 846, 206, 718, 462, 974, 46, 558, 302, 814,
  174, 686, 430, 942, 110, 622, 366, 878, 238, 750, 494, 1006,
   30, 542, 286, 798, 158, 670, 414, 926, 94, 606, 350, 862,
  222, 734, 478, 990, 62, 574, 318, 830, 190, 702, 446, 958,
  126, 638, 382, 894, 254, 766, 510, 1022, 1, 513, 257, 769,
  129, 641, 385, 897, 65, 577, 321, 833, 193, 705, 449, 961,
   33, 545, 289, 801, 161, 673, 417, 929, 97, 609, 353, 865,
  225, 737, 481, 993, 17, 529, 273, 785, 145, 657, 401, 913,
   81, 593, 337, 849, 209, 721, 465, 977, 49, 561, 305, 817,
  177, 689, 433, 945, 113, 625, 369, 881, 241, 753, 497, 1009,
    9, 521, 265, 777, 137, 649, 393, 905, 73, 585, 329, 841,
  201, 713, 457, 969, 41, 553, 297, 809, 169, 681, 425, 937,
  105, 617, 361, 873, 233, 745, 489, 1001, 25, 537, 281, 793,
  153, 665, 409, 921, 89, 601, 345, 857, 217, 729, 473, 985,
   57, 569, 313, 825, 185, 697, 441, 953, 121, 633, 377, 889,
  249, 761, 505, 1017, 5, 517, 261, 773, 133, 645, 389, 901,
   69, 581, 325, 837, 197, 709, 453, 965, 37, 549, 293, 805,
  165, 677, 421, 933, 101, 613, 357, 869, 229, 741, 485, 997,
   21, 533, 277, 789, 149, 661, 405, 917, 85, 597, 341, 853,
  213, 725, 469, 981, 53, 565, 309, 821, 181, 693, 437, 949,
  117, 629, 373, 885, 245, 757, 501, 1013, 13, 525, 269, 781,
  141, 653, 397, 909, 77, 589, 333, 845, 205, 717, 461, 973,
   45, 557, 301, 813, 173, 685, 429, 941, 109, 621, 365, 877,
  237, 749, 493, 1005, 29, 541, 285, 797, 157, 669, 413, 925,
   93, 605, 349, 861, 221, 733, 477, 989, 61, 573, 317, 829,
  189, 701, 445, 957, 125, 637, 381, 893, 253, 765, 509, 1021,
    3, 515, 259, 771, 131, 643, 387, 899, 67, 579, 323, 835,
  195, 707, 451, 963, 35, 547, 291, 803, 163, 675, 419, 931,
   99, 611, 355, 867, 227, 739, 483, 995, 19, 531, 275, 787,
  147, 659, 403, 915, 83, 595, 339, 851, 211, 723, 467, 979,
   51, 563, 307, 819, 179, 691, 435, 947, 115, 627, 371, 883,
  243, 755, 499, 1011, 11, 523, 267, 779, 139, 651, 395, 907,
   75, 587, 331, 843, 203, 715, 459, 971, 43, 555, 299, 811,
  171, 683, 427, 939, 107, 619, 363, 875, 235, 747, 491, 1003,
   27, 539, 283, 795, 155, 667, 411, 923, 91, 603, 347, 859,
  219, 731, 475, 987, 59, 571, 315, 827, 187, 699, 443, 955,
  123, 635, 379, 891, 251, 763, 507, 1019, 7, 519, 263, 775,
  135, 647, 391, 903, 71, 583, 327, 839, 199, 711, 455, 967,
   39, 551, 295, 807, 167, 679, 423, 935, 103, 615, 359, 871,
  231, 743, 487, 999, 23, 535, 279, 791, 151, 663, 407, 919,
   87, 599, 343, 855, 215, 727, 471, 983, 55, 567, 311, 823,
  183, 695, 439, 951, 119, 631, 375, 887, 247, 759, 503, 1015,
   15, 527, 271, 783, 143, 655, 399, 911, 79, 591, 335, 847,
  207, 719, 463, 975, 47, 559, 303, 815, 175, 687, 431, 943,
  111, 623, 367, 879, 239, 751, 495, 1007, 31, 543, 287, 799,
  159, 671, 415, 927, 95, 607, 351, 863, 223, 735, 479, 991,
   63, 575, 319, 831, 191, 703, 447, 959, 127, 639, 383, 895,
  255, 767, 511, 1023
};
# 2775 "inputs/bootstrap/source/falcon-keygen.c"
static void
modp_mkgm2(uint32_t *restrict gm, uint32_t *restrict igm, unsigned logn,
 uint32_t g, uint32_t p, uint32_t p0i)
{
 size_t u, n;
 unsigned k;
 uint32_t ig, x1, x2, R2;

 n = (size_t)1 << logn;





 R2 = modp_R2(p, p0i);
 g = modp_montymul(g, R2, p, p0i);
 for (k = logn; k < 10; k ++) {
  g = modp_montymul(g, g, p, p0i);
 }

 ig = modp_div(R2, g, p, p0i, modp_R(p));
 k = 10 - logn;
 x1 = x2 = modp_R(p);
 for (u = 0; u < n; u ++) {
  size_t v;

  v = REV10[u << k];
  gm[v] = x1;
  igm[v] = x2;
  x1 = modp_montymul(x1, g, p, p0i);
  x2 = modp_montymul(x2, ig, p, p0i);
 }
}





static void
modp_NTT2_ext(uint32_t *a, size_t stride, const uint32_t *gm, unsigned logn,
 uint32_t p, uint32_t p0i)
{
 size_t t, m, n;

 if (logn == 0) {
  return;
 }
 n = (size_t)1 << logn;
 t = n;
 for (m = 1; m < n; m <<= 1) {
  size_t ht, u, v1;

  ht = t >> 1;
  for (u = 0, v1 = 0; u < m; u ++, v1 += t) {
   uint32_t s;
   size_t v;
   uint32_t *r1, *r2;

   s = gm[m + u];
   r1 = a + v1 * stride;
   r2 = r1 + ht * stride;
   for (v = 0; v < ht; v ++, r1 += stride, r2 += stride) {
    uint32_t x, y;

    x = *r1;
    y = modp_montymul(*r2, s, p, p0i);
    *r1 = modp_add(x, y, p);
    *r2 = modp_sub(x, y, p);
   }
  }
  t = ht;
 }
}




static void
modp_iNTT2_ext(uint32_t *a, size_t stride, const uint32_t *igm, unsigned logn,
 uint32_t p, uint32_t p0i)
{
 size_t t, m, n, k;
 uint32_t ni;
 uint32_t *r;

 if (logn == 0) {
  return;
 }
 n = (size_t)1 << logn;
 t = 1;
 for (m = n; m > 1; m >>= 1) {
  size_t hm, dt, u, v1;

  hm = m >> 1;
  dt = t << 1;
  for (u = 0, v1 = 0; u < hm; u ++, v1 += dt) {
   uint32_t s;
   size_t v;
   uint32_t *r1, *r2;

   s = igm[hm + u];
   r1 = a + v1 * stride;
   r2 = r1 + t * stride;
   for (v = 0; v < t; v ++, r1 += stride, r2 += stride) {
    uint32_t x, y;

    x = *r1;
    y = *r2;
    *r1 = modp_add(x, y, p);
    *r2 = modp_montymul(
     modp_sub(x, y, p), s, p, p0i);;
   }
  }
  t = dt;
 }







 ni = (uint32_t)1 << (31 - logn);
 for (k = 0, r = a; k < n; k ++, r += stride) {
  *r = modp_montymul(*r, ni, p, p0i);
 }
}
# 2940 "inputs/bootstrap/source/falcon-keygen.c"
static void
modp_mkgm3(uint32_t *restrict gm, uint32_t *restrict igm,
 unsigned logn, unsigned full,
 uint32_t g, uint32_t p, uint32_t p0i)
{
 size_t u;
 unsigned k;
 uint32_t R, R2, w, ig;

 R = modp_R(p);
 R2 = modp_R2(p, p0i);






 g = modp_montymul(g, R2, p, p0i);
 k = logn;
 if (!full) {
  g = modp_montymul(g, modp_montymul(g, g, p, p0i), p, p0i);
  k ++;
 }
 while (k ++ < 11) {
  g = modp_montymul(g, g, p, p0i);
 }
 ig = modp_div(R2, g, p, p0i, modp_R(p));




 if (logn == 1) {
  gm[1] = g;
  igm[1] = ig;
 } else {
  uint32_t x, ix, g2, g4, ig2, ig4;
  size_t b;

  x = g;
  ix = ig;
  g2 = modp_montymul(g, g, p, p0i);
  g4 = modp_montymul(g2, g2, p, p0i);
  ig2 = modp_montymul(ig, ig, p, p0i);
  ig4 = modp_montymul(ig2, ig2, p, p0i);
  k = 11 - logn;
  b = (size_t)1 << (logn - 1);
  for (u = 0; u < b; u += 2) {
   gm[b + REV10[u << k]] = x;
   igm[b + REV10[u << k]] = ix;
   x = modp_montymul(x, g4, p, p0i);
   ix = modp_montymul(ix, ig4, p, p0i);
   gm[b + REV10[(u + 1) << k]] = x;
   igm[b + REV10[(u + 1) << k]] = ix;
   x = modp_montymul(x, g2, p, p0i);
   ix = modp_montymul(ix, ig2, p, p0i);
  }
 }





 k = logn - 1;
 if (full) {
  k --;
  for (u = (size_t)1 << k; u < ((size_t)1 << (k + 1)); u ++) {
   uint32_t y, z;

   y = gm[u << 1];
   z = igm[u << 1];
   y = modp_montymul(y,
    modp_montymul(y, y, p, p0i), p, p0i);
   z = modp_montymul(z,
    modp_montymul(z, z, p, p0i), p, p0i);
   gm[u] = y;
   igm[u] = z;
  }
 }




 for (u = ((size_t)1 << k) - 1; u > 0; u --) {
  size_t v;

  v = u << 1;
  gm[u] = modp_montymul(gm[v], gm[v], p, p0i);
  igm[u] = modp_montymul(igm[v], igm[v], p, p0i);
 }




 gm[0] = gm[1];
 w = gm[1];
 igm[0] = modp_div(R2, modp_sub(modp_add(w, w, p), R, p), p, p0i, R);
}





static void
modp_NTT3_ext(uint32_t *a, size_t stride, const uint32_t *gm,
 unsigned logn, unsigned full, uint32_t p, uint32_t p0i)
{
 size_t n, hn, u, r, m, t;
 uint32_t w;
 uint32_t *r1, *r2;

 if (logn == 0) {
  return;
 }
 n = ((size_t)(1 + ((full) << 1)) << ((logn) - (full)));
 hn = n >> 1;
# 3066 "inputs/bootstrap/source/falcon-keygen.c"
 w = gm[1];
 for (u = 0, r1 = a, r2 = a + hn * stride;
  u < hn; u ++, r1 += stride, r2 += stride)
 {
  uint32_t a0, a1, b;

  a0 = *r1;
  a1 = *r2;
  b = modp_montymul(a1, w, p, p0i);
  *r1 = modp_add(a0, b, p);
  *r2 = modp_sub(modp_add(a0, a1, p), b, p);
 }




 t = hn;
 for (m = 2; t > (1 + (full << 1)); m <<= 1) {
  size_t ht, u1, v1;

  ht = t >> 1;
  for (u1 = 0, v1 = 0; u1 < m; u1 ++, v1 += t) {
   size_t v;
   uint32_t s;

   s = gm[m + u1];
   r1 = a + v1 * stride;
   r2 = r1 + ht * stride;
   for (v = 0; v < ht; v ++, r1 += stride, r2 += stride) {
    uint32_t x, y;

    x = *r1;
    y = *r2;
    y = modp_montymul(y, s, p, p0i);
    *r1 = modp_add(x, y, p);
    *r2 = modp_sub(x, y, p);
   }
  }
  t = ht;
 }




 if (full) {
  w = modp_montymul(gm[1], gm[1], p, p0i);
  for (u = 0, r = (size_t)1 << (logn - 1), r1 = a;
   u < n; u += 3, r ++, r1 += 3 * stride)
  {
   uint32_t fA, fB, fC, fB0, fB1, fB2, fC0, fC1, fC2;
   uint32_t x, x2;

   x = gm[r];
   x2 = modp_montymul(x, x, p, p0i);
   fA = *r1;
   fB = *(r1 + stride);
   fC = *(r1 + 2 * stride);
   fB0 = modp_montymul(fB, x, p, p0i);
   fB1 = modp_montymul(fB0, w, p, p0i);
   fB2 = modp_montymul(fB1, w, p, p0i);
   fC0 = modp_montymul(fC, x2, p, p0i);
   fC1 = modp_montymul(fC0, w, p, p0i);
   fC2 = modp_montymul(fC1, w, p, p0i);
   *r1 = modp_add(fA,
    modp_add(fB0, fC0, p), p);
   *(r1 + stride) = modp_add(fA,
    modp_add(fB1, fC2, p), p);
   *(r1 + 2 * stride) = modp_add(fA,
    modp_add(fB2, fC1, p), p);
  }
 }
}





static void
modp_iNTT3_ext(uint32_t *a, size_t stride, const uint32_t *igm,
 unsigned logn, unsigned full, uint32_t p, uint32_t p0i)
{
 size_t n, hn, u, r, m, t;
 uint32_t w, ni, R, *r1, *r2;

 if (logn == 0) {
  return;
 }
 n = ((size_t)(1 + ((full) << 1)) << ((logn) - (full)));
 hn = n >> 1;
# 3165 "inputs/bootstrap/source/falcon-keygen.c"
 if (full) {
  w = modp_montymul(igm[1], igm[1], p, p0i);
  for (u = 0, r = (size_t)1 << (logn - 1), r1 = a;
   u < n; u += 3, r ++, r1 += 3 * stride)
  {
   uint32_t f0, f1, f2, f11, f12, f21, f22;
   uint32_t x, x2;

   x = igm[r];
   x2 = modp_montymul(x, x, p, p0i);
   f0 = *r1;
   f1 = *(r1 + stride);
   f2 = *(r1 + 2 * stride);
   f11 = modp_montymul(f1, w, p, p0i);
   f12 = modp_montymul(f11, w, p, p0i);
   f21 = modp_montymul(f2, w, p, p0i);
   f22 = modp_montymul(f21, w, p, p0i);
   *r1 = modp_add(f0, modp_add(f1, f2, p), p);
   *(r1 + stride) = modp_montymul(x,
    modp_add(f0, modp_add(f11, f22, p), p), p, p0i);
   *(r1 + 2 * stride) = modp_montymul(x2,
    modp_add(f0, modp_add(f12, f21, p), p), p, p0i);
  }
 }






 t = 2 + (full << 2);
 for (m = (size_t)1 << (logn - 1 - full); t < n; m >>= 1) {
  size_t ht, u1, v1;

  ht = t >> 1;
  for (u1 = 0, v1 = 0; u1 < m; u1 ++, v1 += t) {
   size_t v;
   uint32_t s;

   s = igm[m + u1];
   r1 = a + v1 * stride;
   r2 = r1 + ht * stride;
   for (v = 0; v < ht; v ++, r1 += stride, r2 += stride) {
    uint32_t x, y;

    x = *r1;
    y = *r2;
    *r1 = modp_add(x, y, p);
    *r2 = modp_montymul(
     modp_sub(x, y, p), s, p, p0i);
   }
  }
  t <<= 1;
 }




 w = igm[0];
 for (u = 0, r1 = a, r2 = a + hn * stride;
  u < hn; u ++, r1 += stride, r2 += stride)
 {
  uint32_t a0, a1, b, c;

  a0 = *r1;
  a1 = *r2;
  b = modp_add(a0, a1, p);
  c = modp_montymul(w, modp_sub(a0, a1, p), p, p0i);
  *r1 = modp_sub(b, c, p);
  *r2 = modp_add(c, c, p);
 }




 R = modp_R(p);
 ni = modp_div(R, (uint32_t)n, p, p0i, R);
 for (u = 0, r1 = a; u < n; u ++, r1 += stride) {
  *r1 = modp_montymul(*r1, ni, p, p0i);
 }
}
# 3270 "inputs/bootstrap/source/falcon-keygen.c"
static void
modp_poly_rec_res(uint32_t *f, unsigned logn,
 uint32_t p, uint32_t p0i, uint32_t R2)
{
 size_t hn, u;

 hn = (size_t)1 << (logn - 1);
 for (u = 0; u < hn; u ++) {
  uint32_t w0, w1;

  w0 = f[(u << 1) + 0];
  w1 = f[(u << 1) + 1];
  f[u] = modp_montymul(modp_montymul(w0, w1, p, p0i), R2, p, p0i);
 }
}
# 3323 "inputs/bootstrap/source/falcon-keygen.c"
static uint32_t
zint_add(uint32_t *restrict a, const uint32_t *restrict b, size_t len)
{
 size_t u;
 uint32_t cc;

 cc = 0;
 for (u = 0; u < len; u ++) {
  uint32_t w;

  w = a[u] + b[u] + cc;
  a[u] = w & 0x7FFFFFFF;
  cc = w >> 31;
 }
 return cc;
}






static uint32_t
zint_sub(uint32_t *restrict a, const uint32_t *restrict b, size_t len)
{
 size_t u;
 uint32_t cc;

 cc = 0;
 for (u = 0; u < len; u ++) {
  uint32_t w;

  w = a[u] - b[u] - cc;
  a[u] = w & 0x7FFFFFFF;
  cc = w >> 31;
 }
 return cc;
}





static uint32_t
zint_mul_small(uint32_t *m, size_t mlen, uint32_t x)
{
 size_t u;
 uint32_t cc;

 cc = 0;
 for (u = 0; u < mlen; u ++) {
  uint64_t z;

  z = (uint64_t)m[u] * (uint64_t)x + cc;
  m[u] = (uint32_t)z & 0x7FFFFFFF;
  cc = (uint32_t)(z >> 31);
 }
 return cc;
}
# 3392 "inputs/bootstrap/source/falcon-keygen.c"
static uint32_t
zint_mod_small_unsigned(const uint32_t *d, size_t dlen,
 uint32_t p, uint32_t p0i, uint32_t R2)
{
 uint32_t x;
 size_t u;







 x = 0;
 u = dlen;
 while (u -- > 0) {
  uint32_t w;

  x = modp_montymul(x, R2, p, p0i);
  w = d[u] - p;
  w += p & -(w >> 31);
  x = modp_add(x, w, p);
 }
 return x;
}





static uint32_t
zint_mod_small_signed(const uint32_t *d, size_t dlen,
 uint32_t p, uint32_t p0i, uint32_t R2, uint32_t Rx)
{
 uint32_t z;

 if (dlen == 0) {
  return 0;
 }
 z = zint_mod_small_unsigned(d, dlen, p, p0i, R2);
 z = modp_sub(z, Rx & -(d[dlen - 1] >> 30), p);
 return z;
}





static void
zint_add_mul_small(uint32_t *restrict x,
 const uint32_t *restrict y, size_t len, uint32_t s)
{
 size_t u;
 uint32_t cc;

 cc = 0;
 for (u = 0; u < len; u ++) {
  uint32_t xw, yw;
  uint64_t z;

  xw = x[u];
  yw = y[u];
  z = (uint64_t)yw * (uint64_t)s + (uint64_t)xw + (uint64_t)cc;
  x[u] = (uint32_t)z & 0x7FFFFFFF;
  cc = (uint32_t)(z >> 31);
 }
 x[len] = cc;
}





static uint32_t
zint_rshift1(uint32_t *d, size_t len)
{
 uint32_t cc;
 size_t k;

 cc = 0;
 k = len;
 while (k -- > 0) {
  uint32_t w;

  w = d[k];
  d[k] = (w >> 1) | (cc << 30);
  cc = w & 1;
 }
 return cc;
}




static void
zint_rshift1_mod(uint32_t *restrict x, const uint32_t *restrict p, size_t len)
{
 uint32_t hi;

 if ((x[0] & 1) != 0) {
  hi = zint_add(x, p, len);
 } else {
  hi = 0;
 }
 zint_rshift1(x, len);
 x[len - 1] |= hi << 30;
}




static void
zint_sub_mod(uint32_t *restrict x, const uint32_t *restrict y,
 const uint32_t *restrict p, size_t len)
{
 if (zint_sub(x, y, len)) {
  zint_add(x, p, len);
 }
}





static int
zint_ucmp(const uint32_t *a, const uint32_t *b, size_t len)
{
 while (len -- > 0) {
  uint32_t wa, wb;

  wa = a[len];
  wb = b[len];
  if (wa < wb) {
   return -1;
  }
  if (wa > wb) {
   return 1;
  }
 }
 return 0;
}






static void
zint_norm_zero(uint32_t *restrict x, const uint32_t *restrict p, size_t len)
{
 uint32_t cc;
 size_t u;

 cc = 0;
 u = len;
 while (u -- > 0) {
  uint32_t w;

  w = (p[u] >> 1) | (cc << 30);
  cc = p[u] & 1;
  if (x[u] < w) {
   return;
  }
  if (x[u] > w) {
   zint_sub(x, p, len);
   return;
  }
 }
}
# 3576 "inputs/bootstrap/source/falcon-keygen.c"
static void
zint_rebuild_CRT(uint32_t *restrict xx, size_t xlen, size_t xstride,
 size_t num, const small_prime *primes, int normalize_signed,
 uint32_t *restrict tmp)
{
 size_t u;
 uint32_t *x;

 tmp[0] = primes[0].p;
 for (u = 1; u < xlen; u ++) {
# 3595 "inputs/bootstrap/source/falcon-keygen.c"
  uint32_t p, p0i, s, R2;
  size_t v;

  p = primes[u].p;
  s = primes[u].s;
  p0i = modp_ninv31(p);
  R2 = modp_R2(p, p0i);

  for (v = 0, x = xx; v < num; v ++, x += xstride) {
   uint32_t xp, xq, xr;





   xp = x[u];
   xq = zint_mod_small_unsigned(x, u, p, p0i, R2);




   xr = modp_montymul(s, modp_sub(xp, xq, p), p, p0i);
   zint_add_mul_small(x, tmp, u, xr);
  }




  tmp[u] = zint_mul_small(tmp, u, p);
 }




 if (normalize_signed) {
  for (u = 0, x = xx; u < num; u ++, x += xstride) {
   zint_norm_zero(x, tmp, xlen);
  }
 }
}





static size_t
zint_exact_length(const uint32_t *x, size_t xlen)
{
 while (xlen > 0) {
  if (x[xlen - 1] != 0) {
   return xlen;
  }
  xlen --;
 }
 return xlen;
}
# 3666 "inputs/bootstrap/source/falcon-keygen.c"
static int
zint_co_reduce(uint32_t *a, uint32_t *b, size_t len,
 int32_t xa, int32_t xb, int32_t ya, int32_t yb)
{
 size_t u;
 int32_t cca, ccb;
 int r;

 cca = 0;
 ccb = 0;
 for (u = 0; u < len; u ++) {
  int32_t wa, wb;
  int64_t za, zb;
  uint32_t tta, ttb;

  wa = (int32_t)a[u];
  wb = (int32_t)b[u];
  za = (int64_t)wa * xa + (int64_t)wb * xb + cca;
  zb = (int64_t)wa * ya + (int64_t)wb * yb + ccb;
  if (u > 0) {
   a[u - 1] = (uint32_t)za & 0x7FFFFFFF;
   b[u - 1] = (uint32_t)zb & 0x7FFFFFFF;
  }
  tta = (uint32_t)((uint64_t)za >> 31);
  ttb = (uint32_t)((uint64_t)zb >> 31);
  cca = *(int32_t *)&tta;
  ccb = *(int32_t *)&ttb;
 }
 a[len - 1] = (uint32_t)cca;
 b[len - 1] = (uint32_t)ccb;
 r = 0;
 if (cca < 0) {
  uint32_t c;

  c = 1;
  for (u = 0; u < len; u ++) {
   uint32_t w;

   w = c + ~a[u];
   a[u] = w & 0x7FFFFFFF;
   c = (~w) >> 31;
  }
  r |= 1;
 }
 if (ccb < 0) {
  uint32_t c;

  c = 1;
  for (u = 0; u < len; u ++) {
   uint32_t w;

   w = c + ~b[u];
   b[u] = w & 0x7FFFFFFF;
   c = (~w) >> 31;
  }
  r |= 2;
 }

 return r;
}





static void
zint_co_reduce_mod(uint32_t *a, uint32_t *b, const uint32_t *m, size_t len,
 uint32_t m0i, int32_t xa, int32_t xb, int32_t ya, int32_t yb)
{
 size_t u;
 uint32_t fx, fy;
 int64_t cca, ccb;




 fx = ((a[0] * (uint32_t)xa + b[0] * (uint32_t)xb) * m0i) & 0x7FFFFFFF;
 fy = ((a[0] * (uint32_t)ya + b[0] * (uint32_t)yb) * m0i) & 0x7FFFFFFF;
 cca = 0;
 ccb = 0;
 for (u = 0; u < len; u ++) {
  uint32_t wa, wb;
  int64_t za, zb;
  uint64_t tta, ttb;

  wa = a[u];
  wb = b[u];
  za = (int64_t)wa * (int64_t)xa + (int64_t)wb * (int64_t)xb;
  zb = (int64_t)wa * (int64_t)ya + (int64_t)wb * (int64_t)yb;
  za += cca;
  zb += ccb;
  za += (uint64_t)m[u] * (uint64_t)fx;
  zb += (uint64_t)m[u] * (uint64_t)fy;
  if (u > 0) {
   a[u - 1] = (uint32_t)za & 0x7FFFFFFF;
   b[u - 1] = (uint32_t)zb & 0x7FFFFFFF;
  }
# 3772 "inputs/bootstrap/source/falcon-keygen.c"
  tta = (uint64_t)za >> 31;
  ttb = (uint64_t)zb >> 31;
  tta = (tta ^ ((uint64_t)1 << 32)) - ((uint64_t)1 << 32);
  ttb = (ttb ^ ((uint64_t)1 << 32)) - ((uint64_t)1 << 32);
  cca = *(int64_t *)&tta;
  ccb = *(int64_t *)&ttb;

 }
 a[len - 1] = (uint32_t)cca & 0x7FFFFFFF;
 b[len - 1] = (uint32_t)ccb & 0x7FFFFFFF;






 if (cca < 0) {
  zint_add(a, m, len);
 } else {
  if (zint_ucmp(a, m, len) >= 0) {
   zint_sub(a, m, len);
  }
 }
 if (ccb < 0) {
  zint_add(b, m, len);
 } else {
  if (zint_ucmp(b, m, len) >= 0) {
   zint_sub(b, m, len);
  }
 }
}





static int
zint_reduce(uint32_t *a, const uint32_t *b, size_t len, int32_t k)
{
 size_t u;
 int32_t cc;

 cc = 0;
 for (u = 0; u < len; u ++) {
  int32_t wa, wb;
  int64_t z;
  uint32_t tt;

  wa = (int32_t)a[u];
  wb = (int32_t)b[u];
  z = (int64_t)wb * k + (int64_t)wa + cc;
  if (u > 0) {
   a[u - 1] = (uint32_t)z & 0x7FFFFFFF;
  }
  tt = (uint32_t)((uint64_t)z >> 31);
  cc = *(int32_t *)&tt;
 }
 a[len - 1] = (uint32_t)cc;
 if (cc < 0) {
  uint32_t c;

  c = 1;
  for (u = 0; u < len; u ++) {
   uint32_t w;

   w = c + ~a[u];
   a[u] = w & 0x7FFFFFFF;
   c = (~w) >> 31;
  }
  return 1;
 } else {
  return 0;
 }
}





static void
zint_reduce_mod(uint32_t *a, const uint32_t *b, const uint32_t *m,
 size_t len, uint32_t m0i, int32_t k)
{
 size_t u;
 uint32_t f;
 int32_t cc;

 f = ((a[0] + b[0] * (uint32_t)k) * m0i) & 0x7FFFFFFF;
 cc = 0;
 for (u = 0; u < len; u ++) {
  uint32_t wa, wb;
  int64_t z;
  uint32_t tt;

  wa = a[u];
  wb = b[u];
  z = (int64_t)wa + (int64_t)wb * (int64_t)k + cc;
  z += (uint64_t)m[u] * (uint64_t)f;
  if (u > 0) {
   a[u - 1] = (uint32_t)z & 0x7FFFFFFF;
  }
  tt = (uint32_t)((uint64_t)z >> 31);
  cc = *(int32_t *)&tt;
 }
 a[len - 1] = (uint32_t)cc & 0x7FFFFFFF;





 if (cc < 0) {
  zint_add(a, m, len);
 } else {
  if (zint_ucmp(a, m, len) >= 0) {
   zint_sub(a, m, len);
  }
 }
}
# 3904 "inputs/bootstrap/source/falcon-keygen.c"
static int
zint_bezout(uint32_t *restrict u, uint32_t *restrict v,
 const uint32_t *restrict x, const uint32_t *restrict y,
 size_t len, uint32_t *restrict tmp)
{
 uint32_t *u0, *u1, *v0, *v1, *a, *b;
 size_t xlen, ylen, alen, blen, mlen;
 uint32_t x0i, y0i;
# 3940 "inputs/bootstrap/source/falcon-keygen.c"
 u0 = u;
 v0 = v;
 u1 = tmp;
 v1 = u1 + len;
 a = v1 + len;
 b = a + len;




 xlen = zint_exact_length(x, len);
 ylen = zint_exact_length(y, len);






 if (xlen == 0 || ylen == 0 || (x[0] & y[0] & 1) == 0) {
  return 0;
 }







 memcpy(a, x, xlen * sizeof *x);
 memcpy(b, y, ylen * sizeof *y);
 alen = xlen;
 blen = ylen;
 u0[0] = 1;
 memset(u0 + 1, 0, (ylen - 1) * sizeof *u0);
 memset(v0, 0, xlen * sizeof *v0);
 memcpy(u1, y, ylen * sizeof *u1);
 memcpy(v1, x, xlen * sizeof *v1);
 v1[0] &= ~(uint32_t)1;





 memset(u + ylen, 0, (len - ylen) * sizeof *u);
 memset(v + xlen, 0, (len - xlen) * sizeof *v);





 mlen = alen < blen ? blen : alen;
 memset(a + alen, 0, (mlen - alen) * sizeof *a);
 memset(b + blen, 0, (mlen - blen) * sizeof *b);







 if (xlen == 1 && x[0] == 1) {
  return 1;
 }
 if (ylen == 1 && y[0] == 1) {
  memcpy(u, u1, ylen * sizeof *u);
  memcpy(v, v1, xlen * sizeof *v);
  return 1;
 }

 x0i = modp_ninv31(x[0]);
 y0i = modp_ninv31(y[0]);




 for (;;) {
  int r;





  if (alen >= 3 || blen >= 3) {
   size_t len;
   uint64_t a_hi, b_hi;
   uint32_t a_lo, b_lo;
   uint32_t uxa, uya, uxb, uyb;
   int i, r;

   len = alen < blen ? blen : alen;




   a_hi = ((uint64_t)a[len - 1] << 31) | a[len - 2];
   b_hi = ((uint64_t)b[len - 1] << 31) | b[len - 2];
   a_lo = a[0];
   b_lo = b[0];
   uxa = 1;
   uxb = 0;
   uya = 0;
   uyb = 1;
   for (i = 0; i < 31; i ++) {
    uint32_t m;

    m = (uint32_t)1 << i;
    if ((a_lo & m) == 0) {
     a_hi >>= 1;
     b_lo <<= 1;
     uya <<= 1;
     uyb <<= 1;
    } else if ((b_lo & m) == 0) {
     b_hi >>= 1;
     a_lo <<= 1;
     uxa <<= 1;
     uxb <<= 1;
    } else if (a_hi > b_hi) {
     a_hi -= b_hi;
     a_lo -= b_lo;
     uxa -= uya;
     uxb -= uyb;
     a_hi >>= 1;
     b_lo <<= 1;
     uya <<= 1;
     uyb <<= 1;
    } else {
     b_hi -= a_hi;
     b_lo -= a_lo;
     uya -= uxa;
     uyb -= uxb;
     b_hi >>= 1;
     a_lo <<= 1;
     uxa <<= 1;
     uxb <<= 1;
    }
   }







   if (uxa == 0x80000000) {
    int32_t ya;

    if (uxb != 0 || uyb != 1) {
     return 0;
    }
    ya = *(int32_t *)&uya;
    if (zint_reduce(b, a, len, ya)) {
     ya = -ya;
    }
    zint_reduce_mod(u1, u0, y, ylen, y0i, ya);
    zint_reduce_mod(v1, v0, x, xlen, x0i, ya);
   } else if (uyb == 0x80000000) {
    int32_t xb;

    if (uya != 0 || uxa != 1) {
     return 0;
    }
    xb = *(int32_t *)&uxb;
    if (zint_reduce(a, b, len, xb)) {
     xb = -xb;
    }
    zint_reduce_mod(u0, u1, y, ylen, y0i, xb);
    zint_reduce_mod(v0, v1, x, xlen, x0i, xb);
   } else {
    int32_t xa, xb, ya, yb;

    xa = *(int32_t *)&uxa;
    xb = *(int32_t *)&uxb;
    ya = *(int32_t *)&uya;
    yb = *(int32_t *)&uyb;

    r = zint_co_reduce(a, b, len, xa, xb, ya, yb);
    if ((r & 1) != 0) {
     xa = -xa;
     xb = -xb;
    }
    if ((r & 2) != 0) {
     ya = -ya;
     yb = -yb;
    }
    zint_co_reduce_mod(u0, u1, y, ylen, y0i,
     xa, xb, ya, yb);
    zint_co_reduce_mod(v0, v1, x, xlen, x0i,
     xa, xb, ya, yb);
   }
   alen = zint_exact_length(a, alen);
   blen = zint_exact_length(b, blen);

   continue;
  }




  if ((a[0] & 1) == 0) {
   zint_rshift1(a, alen);
   alen = zint_exact_length(a, alen);
   zint_rshift1_mod(u0, y, ylen);
   zint_rshift1_mod(v0, x, xlen);
   continue;
  }




  if ((b[0] & 1) == 0) {
   zint_rshift1(b, blen);
   blen = zint_exact_length(b, blen);
   zint_rshift1_mod(u1, y, ylen);
   zint_rshift1_mod(v1, x, xlen);
   continue;
  }





  if (alen < blen) {
   r = -1;
  } else if (alen > blen) {
   r = 1;
  } else {
   r = zint_ucmp(a, b, alen);
   if (r == 0) {







    return alen == 1 && a[0] == 1;
   }
  }
# 4188 "inputs/bootstrap/source/falcon-keygen.c"
  if (r > 0) {
   zint_sub(a, b, alen);
   alen = zint_exact_length(a, alen);
   zint_sub_mod(u0, u1, y, ylen);
   zint_sub_mod(v0, v1, x, xlen);
  } else {
   zint_sub(b, a, blen);
   blen = zint_exact_length(b, blen);
   zint_sub_mod(u1, u0, y, ylen);
   zint_sub_mod(v1, v0, x, xlen);
  }
 }
}





unsigned
bitlength(uint32_t x)
{
# 4224 "inputs/bootstrap/source/falcon-keygen.c"
 static const unsigned vv[] = {
   0, 31, 4, 5, 6, 10, 7, 15,
  11, 20, 8, 18, 16, 25, 12, 27,
  21, 30, 3, 9, 14, 19, 17, 24,
  26, 29, 2, 13, 23, 28, 1, 22
 };

 x |= x >> 1;
 x |= x >> 2;
 x |= x >> 4;
 x |= x >> 8;
 x |= x >> 16;
 return vv[(x * 0xF04653AE) >> 27];
}






static uint32_t
zint_signed_bit_length(const uint32_t *x, size_t xlen)
{
 uint32_t sign;

 if (xlen == 0) {
  return 0;
 }
 sign = (-(x[xlen - 1] >> 30)) >> 1;
 while (xlen > 0) {
  if (x[xlen - 1] != sign) {
   break;
  }
  xlen --;
 }
 if (xlen == 0) {
  return 0;
 }
 return (uint32_t)(xlen - 1) * 31 + bitlength(x[xlen - 1] ^ sign);
}





static int64_t
zint_get_top(const uint32_t *x, size_t xlen, uint32_t sc)
{
 uint64_t z;
 uint32_t sign, w0, w1, w2;
 uint32_t k, off;

 if (xlen == 0) {
  return 0;
 }




 sign = -(x[xlen - 1] >> 30);

 k = sc / 31;
 off = sc - (31 * k);




 if ((k + 2) < xlen) {
  w0 = x[k + 0];
  w1 = x[k + 1];
  w2 = x[k + 2] | (sign << 31);
 } else if ((k + 1) < xlen) {
  w0 = x[k + 0];
  w1 = x[k + 1];
  w2 = sign;
 } else if (k < xlen) {
  w0 = x[k + 0];
  w1 = sign;
  w2 = sign;
 } else {
  w0 = sign;
  w1 = sign;
  w2 = sign;
 }
 z = ((uint64_t)w0 >> off)
  | ((uint64_t)w1 << (31 - off))
  | ((uint64_t)w2 << (62 - off));
# 4319 "inputs/bootstrap/source/falcon-keygen.c"
 return *(int64_t *)&z;
}
# 4333 "inputs/bootstrap/source/falcon-keygen.c"
static void
zint_add_scaled_mul_small(uint32_t *restrict x, size_t xlen,
 const uint32_t *restrict y, size_t ylen, int32_t k,
 uint32_t sch, uint32_t scl)
{
 size_t u;
 uint32_t ysign, tw;
 int32_t cc;

 if (ylen == 0) {
  return;
 }

 ysign = -(y[ylen - 1] >> 30) >> 1;
 tw = 0;
 cc = 0;
 for (u = sch; u < xlen; u ++) {
  size_t v;
  uint32_t wy, wys, ccu;
  uint64_t z;




  v = u - sch;
  wy = v < ylen ? y[v] : ysign;
  wys = ((wy << scl) & 0x7FFFFFFF) | tw;
  tw = wy >> (31 - scl);




  z = (int64_t)wys * (int64_t)k + (int64_t)x[u] + cc;
  x[u] = (uint32_t)z & 0x7FFFFFFF;
# 4378 "inputs/bootstrap/source/falcon-keygen.c"
  ccu = (uint32_t)((uint64_t)z >> 31);
  cc = *(int32_t *)&ccu;
 }
}
# 4394 "inputs/bootstrap/source/falcon-keygen.c"
static void
zint_sub_scaled(uint32_t *restrict x, size_t xlen,
 const uint32_t *restrict y, size_t ylen, uint32_t sch, uint32_t scl)
{
 size_t u;
 uint32_t ysign, tw;
 uint32_t cc;

 if (ylen == 0) {
  return;
 }

 ysign = -(y[ylen - 1] >> 30) >> 1;
 tw = 0;
 cc = 0;
 for (u = sch; u < xlen; u ++) {
  size_t v;
  uint32_t w, wy, wys;




  v = u - sch;
  wy = v < ylen ? y[v] : ysign;
  wys = ((wy << scl) & 0x7FFFFFFF) | tw;
  tw = wy >> (31 - scl);

  w = x[u] - wys - cc;
  x[u] = w & 0x7FFFFFFF;
  cc = w >> 31;
 }
}




static inline int32_t
zint_one_to_plain(const uint32_t *x)
{
 uint32_t w;

 w = x[0];
 w |= (w & 0x40000000) << 1;
 return *(int32_t *)&w;
}






static uint32_t
poly_max_bitlength(const uint32_t *f, size_t flen, size_t fstride,
 unsigned logn, unsigned ter)
{
 size_t n, u;
 uint32_t maxbl;

 n = ((size_t)(1 + ((ter) << 1)) << ((logn) - (ter)));
 maxbl = 0;
 for (u = 0; u < n; u ++, f += fstride) {
  uint32_t bl;

  bl = zint_signed_bit_length(f, flen);
  if (bl > maxbl) {
   maxbl = bl;
  }
 }
 return maxbl;
}







static void
poly_big_to_fp(fpr *d, const uint32_t *f, size_t flen, size_t fstride,
 unsigned logn, unsigned ter, uint32_t maxbl, uint32_t scale)
{
 size_t n, u;
 uint32_t off;

 n = ((size_t)(1 + ((ter) << 1)) << ((logn) - (ter)));
 off = maxbl < 63 ? 0 : maxbl - 63;
 for (u = 0; u < n; u ++, f += fstride) {
  d[u] = fpr_scaled(zint_get_top(f, flen, off),
   (int)(off - scale));
 }
}







static int
poly_big_to_small(int16_t *d, const uint32_t *s, unsigned logn, unsigned ter)
{
 size_t n, u;

 n = ((size_t)(1 + ((ter) << 1)) << ((logn) - (ter)));
 for (u = 0; u < n; u ++) {
  int32_t z;

  z = zint_one_to_plain(s + u);
  if (z < -2047 || z > 2047) {
   return 0;
  }
  d[u] = (int16_t)z;
 }
 return 1;
}
# 4519 "inputs/bootstrap/source/falcon-keygen.c"
static void
poly_sub_scaled(uint32_t *restrict F, size_t Flen, size_t Fstride,
 const uint32_t *restrict f, size_t flen, size_t fstride,
 const int32_t *restrict k, uint32_t sc,
 unsigned logn, unsigned full, unsigned ternary)
{
 size_t n, hn, u;
 uint32_t sch, scl;

 n = ((size_t)(1 + ((full) << 1)) << ((logn) - (full)));
 hn = n >> 1;
 sch = sc / 31;
 scl = sc % 31;
 if (ternary) {
  size_t off1, off2, off3;

  off1 = hn * Fstride;
  off2 = n * Fstride;
  off3 = off1 + off2;
  for (u = 0; u < n; u ++) {
   int32_t kf;
   size_t v, j;
   const uint32_t *y;

   kf = -k[u];
   j = u * Fstride;
   y = f;
   for (v = 0; v < n; v ++, j += Fstride, y += fstride) {
    if (u + v < n) {
     zint_add_scaled_mul_small(
      F + j, Flen,
      y, flen, kf, sch, scl);
    } else if (u + v < (n + hn)) {
     zint_add_scaled_mul_small(
      F + j - off1, Flen,
      y, flen, kf, sch, scl);
     zint_add_scaled_mul_small(
      F + j - off2, Flen,
      y, flen, -kf, sch, scl);
    } else {
     zint_add_scaled_mul_small(
      F + j - off3, Flen,
      y, flen, -kf, sch, scl);
    }
   }
  }
 } else {
  for (u = 0; u < n; u ++) {
   int32_t kf;
   size_t v;
   uint32_t *x;
   const uint32_t *y;

   kf = -k[u];
   x = F + u * Fstride;
   y = f;
   for (v = 0; v < n; v ++) {
    zint_add_scaled_mul_small(
     x, Flen, y, flen, kf, sch, scl);
    if (u + v == n - 1) {
     x = F;
     kf = -kf;
    } else {
     x += Fstride;
    }
    y += fstride;
   }
  }
 }
}






static void
poly_sub_scaled_ntt(uint32_t *restrict F, size_t Flen, size_t Fstride,
 const uint32_t *restrict f, size_t flen, size_t fstride,
 const int32_t *restrict k, uint32_t sc,
 unsigned logn, unsigned full, int ternary, uint32_t *restrict tmp)
{
 uint32_t *gm, *igm, *fk, *t1, *x;
 const uint32_t *y;
 size_t n, u, tlen;
 uint32_t sch, scl;
 const small_prime *primes;

 n = ((size_t)(1 + ((full) << 1)) << ((logn) - (full)));
 tlen = flen + 1;
 gm = tmp;
 igm = gm + ((size_t)(1 + ((0) << 1)) << ((logn) - (0)));
 fk = igm + ((size_t)(1 + ((0) << 1)) << ((logn) - (0)));
 t1 = fk + n * tlen;

 primes = ternary ? PRIMES3 : PRIMES2;




 for (u = 0; u < tlen; u ++) {
  uint32_t p, p0i, R2, Rx;
  size_t v;

  p = primes[u].p;
  p0i = modp_ninv31(p);
  R2 = modp_R2(p, p0i);
  Rx = modp_Rx(flen, p, p0i, R2);
  if (ternary) {
   modp_mkgm3(gm, igm, logn, full, primes[u].g, p, p0i);
  } else {
   modp_mkgm2(gm, igm, logn, primes[u].g, p, p0i);
  }

  for (v = 0; v < n; v ++) {
   t1[v] = modp_set(k[v], p);
  }
  if (ternary) {
   modp_NTT3_ext(t1, 1, gm, logn, full, p, p0i);
  } else {
   modp_NTT2_ext(t1, 1, gm, logn, p, p0i);
  }
  for (v = 0, y = f, x = fk + u;
   v < n; v ++, y += fstride, x += tlen)
  {
   *x = zint_mod_small_signed(y, flen, p, p0i, R2, Rx);
  }
  if (ternary) {
   modp_NTT3_ext(fk + u, tlen, gm, logn, full, p, p0i);
  } else {
   modp_NTT2_ext(fk + u, tlen, gm, logn, p, p0i);
  }
  for (v = 0, x = fk + u; v < n; v ++, x += tlen) {
   *x = modp_montymul(
    modp_montymul(t1[v], *x, p, p0i), R2, p, p0i);
  }
  if (ternary) {
   modp_iNTT3_ext(fk + u, tlen, igm, logn, full, p, p0i);
  } else {
   modp_iNTT2_ext(fk + u, tlen, igm, logn, p, p0i);
  }
 }




 zint_rebuild_CRT(fk, tlen, tlen, n, primes, 1, t1);




 sch = sc / 31;
 scl = sc % 31;
 for (u = 0, x = F, y = fk; u < n; u ++, x += Fstride, y += tlen) {
  zint_sub_scaled(x, Flen, y, tlen, sch, scl);
 }
}



struct falcon_keygen_ {


 unsigned logn;


 unsigned ternary;




 shake_context rng;
 int seeded;
 int flipped;



 uint32_t *tmp;
 size_t tmp_len;
};







static inline uint64_t
get_rng_u64(shake_context *rng)
{
# 4718 "inputs/bootstrap/source/falcon-keygen.c"
 uint64_t r;

 shake_extract(rng, &r, sizeof r);
 return r;
# 4735 "inputs/bootstrap/source/falcon-keygen.c"
}
# 4753 "inputs/bootstrap/source/falcon-keygen.c"
static void
sample_true_ternary_secret(falcon_keygen *fk, int16_t *v, size_t n)
{
 size_t u;



 uint64_t rb;
 unsigned rbits;

 rb = 0;
 rbits = 0;
 for (u = 0; u < n; u ++) {
  uint32_t x;

  for (;;) {
   if (rbits < 2) {
    rb = get_rng_u64(&fk->rng);
    rbits = 64;
   }
   x = (uint32_t)rb & 3U;
   rb >>= 2;
   rbits -= 2;
   if (x < 3U) {
    v[u] = (int16_t)((int)x - 1);
    break;
   }
  }
 }
# 4813 "inputs/bootstrap/source/falcon-keygen.c"
}
# 4824 "inputs/bootstrap/source/falcon-keygen.c"
static const uint64_t gauss_1024_12289[] = {
  1283868770400643928u, 6416574995475331444u, 4078260278032692663u,
  2353523259288686585u, 1227179971273316331u, 575931623374121527u,
   242543240509105209u, 91437049221049666u, 30799446349977173u,
     9255276791179340u, 2478152334826140u, 590642893610164u,
      125206034929641u, 23590435911403u, 3948334035941u,
         586753615614u, 77391054539u, 9056793210u,
            940121950u, 86539696u, 7062824u,
               510971u, 32764u, 1862u,
                   94u, 4u, 0u
};
# 4848 "inputs/bootstrap/source/falcon-keygen.c"
static int
mkgauss(falcon_keygen *fk, unsigned logn)
{
 unsigned u, g;
 int val;

 g = 1U << (10 - logn);
 val = 0;
 for (u = 0; u < g; u ++) {
  uint64_t r;
  int k, neg;

  r = get_rng_u64(&fk->rng);
  neg = (int)(r >> 63);
  r &= ~((uint64_t)1 << 63);
  if (r < gauss_1024_12289[0]) {
   continue;
  }
  r = get_rng_u64(&fk->rng);
  r &= ~((uint64_t)1 << 63);
  k = 1;
  while (gauss_1024_12289[k] > r) {
   k ++;
  }
  k *= (int)(1 - (neg << 1));
  val += k;
 }
 return val;
}
# 4940 "inputs/bootstrap/source/falcon-keygen.c"
static const size_t MAX_BL_SMALL2[] = {
 1, 1, 2, 2, 4, 7, 14, 27, 53, 106, 212
};

static const size_t MAX_BL_LARGE2[] = {
 2, 2, 5, 7, 12, 22, 42, 80, 157, 310
};

static const size_t MAX_BL_SMALL3[] = {
 1, 1, 2, 3, 6, 12, 22, 42, 82, 166, 335, 700
};

static const size_t MAX_BL_LARGE3[] = {
 2, 3, 5, 9, 16, 32, 62, 123, 245, 490, 1000
};
# 4966 "inputs/bootstrap/source/falcon-keygen.c"
static size_t
temp_size(unsigned logn, int ternary)
{




 size_t gmax;
 unsigned depth;

 gmax = 0;



 if (ternary && logn == 10) {
  size_t n, cur;

  n = ((size_t)(1 + ((1) << 1)) << ((logn) - (1)));
  cur = (22 * n + 4 * (n / 3)) * sizeof(fpr);
  gmax = cur > gmax ? cur : gmax;
 }




 for (depth = 0; depth < logn; depth ++) {
  size_t cur;

  if (depth == 0 && ternary) {
   size_t n, dn, tn;

   n = (size_t)3 << (logn - 1);
   dn = (size_t)1 << logn;
   tn = (size_t)1 << (logn - 1);
   cur = (2 * tn + 2 * n + 2 * dn) * sizeof(uint32_t);
   gmax = cur > gmax ? cur : gmax;
  } else {
   size_t n, slen, tlen;

   n = (size_t)1 << (logn - depth);
   slen = ternary
    ? MAX_BL_SMALL3[depth]
    : MAX_BL_SMALL2[depth];
   tlen = ternary
    ? MAX_BL_SMALL3[depth + 1]
    : MAX_BL_SMALL2[depth + 1];
   cur = (n * tlen + 2 * n * slen + 3 * n)
    * sizeof(uint32_t);
   gmax = cur > gmax ? cur : gmax;
   cur = (n * tlen + 2 * n * slen + slen)
    * sizeof(uint32_t);
   gmax = cur > gmax ? cur : gmax;
  }
 }




 for (depth = 0; depth <= logn; depth ++) {
  size_t cur, max;

  max = 0;
  if (depth == logn) {
   size_t slen;

   slen = ternary
    ? MAX_BL_SMALL3[depth]
    : MAX_BL_SMALL2[depth];
   cur = 8 * slen * sizeof(uint32_t);
   max = cur > max ? cur : max;
  } else if (ternary && depth == 0 && logn > 2) {
   size_t n, tn, hn;

   n = (size_t)3 << (logn - 1);
   tn = (size_t)1 << (logn - 1);
   hn = n >> 1;
   cur = ((((2 * tn * sizeof(uint32_t)) + sizeof(fpr) - 1) / sizeof(fpr)) * sizeof(fpr))
    + (2 * n + hn) * sizeof(fpr);
   max = cur > max ? cur : max;
   cur = (hn + 4 * n) * sizeof(fpr);
   max = cur > max ? cur : max;
   cur = ((((2 * n * sizeof(uint32_t)) + sizeof(fpr) - 1) / sizeof(fpr)) * sizeof(fpr))
    + 2 * n * sizeof(fpr);
   max = cur > max ? cur : max;
  } else if (!ternary && depth == 0 && logn > 2) {
   size_t n, hn;

   n = (size_t)1 << logn;
   hn = n >> 1;
   cur = 7 * n * sizeof(uint32_t);
   max = cur > max ? cur : max;
   cur = ((((4 * n * sizeof(uint32_t)) + sizeof(fpr) - 1) / sizeof(fpr)) * sizeof(fpr))
    + n * sizeof(fpr);
   max = cur > max ? cur : max;
   cur = ((((3 * n * sizeof(uint32_t)) + sizeof(fpr) - 1) / sizeof(fpr)) * sizeof(fpr))
    + (n + hn) * sizeof(fpr);
   max = cur > max ? cur : max;
  } else if (!ternary && depth == 1 && logn > 2) {
   size_t n, hn, slen, dlen, llen;

   n = (size_t)1 << (logn - 1);
   hn = n >> 1;
   slen = MAX_BL_SMALL2[depth];
   dlen = MAX_BL_SMALL2[depth + 1];
   llen = MAX_BL_LARGE2[depth];
   cur = (2 * hn * dlen + 2 * n * llen) * sizeof(uint32_t);
   max = cur > max ? cur : max;
   cur = (2 * n * llen + 2 * n * slen + 7 * n)
    * sizeof(uint32_t);
   max = cur > max ? cur : max;
   cur = (2 * n * llen + 2 * n * slen + llen)
    * sizeof(uint32_t);
   max = cur > max ? cur : max;
   cur = (((((2 * n * llen + 2 * n * slen) * sizeof(uint32_t)) + sizeof(fpr) - 1) / sizeof(fpr)) * sizeof(fpr))

    + 2 * n * sizeof(fpr);
   max = cur > max ? cur : max;
   cur = ((((2 * n * slen * sizeof(uint32_t)) + sizeof(fpr) - 1) / sizeof(fpr)) * sizeof(fpr))
    + 4 * n * sizeof(fpr);
   max = cur > max ? cur : max;
   cur = (5 * n + hn) * sizeof(fpr);
   max = cur > max ? cur : max;
   cur = ((((2 * n * sizeof(uint32_t)) + sizeof(fpr) - 1) / sizeof(fpr)) * sizeof(fpr))
    + 2 * n * sizeof(fpr);
   max = cur > max ? cur : max;
  } else {
   size_t n, hn, slen, llen, tmp1, tmp2;

   if (ternary && depth == 0 && logn == 2) {
    n = 6;
    hn = 2;
   } else {
    n = (size_t)1 << (logn - depth);
    hn = n >> 1;
   }
   if (ternary) {
    slen = MAX_BL_SMALL3[depth];
    llen = MAX_BL_LARGE3[depth];
   } else {
    slen = MAX_BL_SMALL2[depth];
    llen = MAX_BL_LARGE2[depth];
   }
   cur = (2 * n * llen + 2 * n * slen + 4 * n)
    * sizeof(uint32_t);
   max = cur > max ? cur : max;
   cur = (2 * n * llen + 2 * n * slen + llen)
    * sizeof(uint32_t);
   max = cur > max ? cur : max;
   tmp1 = (((((((((2 * n * llen + 2 * n * slen) * sizeof(uint32_t)) + sizeof(fpr) - 1) / sizeof(fpr)) * sizeof(fpr)) + (2 * n + hn) * sizeof(fpr)) + sizeof(uint32_t) - 1) / sizeof(uint32_t)) * sizeof(uint32_t))



    + n * sizeof(uint32_t);
   tmp2 = (((((2 * n * llen + 2 * n * slen) * sizeof(uint32_t)) + sizeof(fpr) - 1) / sizeof(fpr)) * sizeof(fpr))

    + (3 * n + hn) * sizeof(fpr);
   cur = tmp1 > tmp2 ? tmp1 : tmp2;
   cur = ((((cur) + sizeof(fpr) - 1) / sizeof(fpr)) * sizeof(fpr)) + n * sizeof(fpr);
   max = cur > max ? cur : max;
   cur = (((((((((2 * n * llen + 2 * n * slen) * sizeof(uint32_t)) + sizeof(fpr) - 1) / sizeof(fpr)) * sizeof(fpr)) + (2 * n + hn) * sizeof(fpr)) + sizeof(uint32_t) - 1) / sizeof(uint32_t)) * sizeof(uint32_t))



    + (5 * n + n * slen) * sizeof(uint32_t);
   max = cur > max ? cur : max;
  }

  gmax = max > gmax ? max : gmax;
 }

 return gmax;



}


static const char MEMCHECK_MARK[] = "memcheck";



falcon_keygen *
falcon_keygen_new(unsigned logn, int ternary)
{
 falcon_keygen *fk;

 if (ternary != 0 && ternary != 1) {
  return 
# 5153 "inputs/bootstrap/source/falcon-keygen.c" 3 4
        ((void *)0)
# 5153 "inputs/bootstrap/source/falcon-keygen.c"
            ;
 }
 if (ternary) {
  if (logn != 10) {
   return 
# 5157 "inputs/bootstrap/source/falcon-keygen.c" 3 4
         ((void *)0)
# 5157 "inputs/bootstrap/source/falcon-keygen.c"
             ;
  }
 } else {
  if (logn < 1 || logn > 10) {
   return 
# 5161 "inputs/bootstrap/source/falcon-keygen.c" 3 4
         ((void *)0)
# 5161 "inputs/bootstrap/source/falcon-keygen.c"
             ;
  }
 }
 fk = malloc(sizeof *fk);
 if (fk == 
# 5165 "inputs/bootstrap/source/falcon-keygen.c" 3 4
          ((void *)0)
# 5165 "inputs/bootstrap/source/falcon-keygen.c"
              ) {
  return 
# 5166 "inputs/bootstrap/source/falcon-keygen.c" 3 4
        ((void *)0)
# 5166 "inputs/bootstrap/source/falcon-keygen.c"
            ;
 }
 fk->logn = logn;
 fk->ternary = ternary;
 shake_init(&fk->rng, 512);
 fk->seeded = 0;
 fk->flipped = 0;

 fk->tmp_len = temp_size(logn, ternary);

 fk->tmp = malloc(fk->tmp_len + sizeof MEMCHECK_MARK);



 if (fk->tmp == 
# 5180 "inputs/bootstrap/source/falcon-keygen.c" 3 4
               ((void *)0)
# 5180 "inputs/bootstrap/source/falcon-keygen.c"
                   ) {
  free(fk);
  return 
# 5182 "inputs/bootstrap/source/falcon-keygen.c" 3 4
        ((void *)0)
# 5182 "inputs/bootstrap/source/falcon-keygen.c"
            ;
 }

 memcpy((unsigned char *)fk->tmp + fk->tmp_len,
  MEMCHECK_MARK, sizeof MEMCHECK_MARK);


 return fk;
}


void
falcon_keygen_free(falcon_keygen *fk)
{
 if (fk != 
# 5196 "inputs/bootstrap/source/falcon-keygen.c" 3 4
          ((void *)0)
# 5196 "inputs/bootstrap/source/falcon-keygen.c"
              ) {

  cleanse(fk->tmp, fk->tmp_len);


  if (memcmp((unsigned char *)fk->tmp + fk->tmp_len,
   MEMCHECK_MARK, sizeof MEMCHECK_MARK) != 0)
  {
   fprintf(
# 5204 "inputs/bootstrap/source/falcon-keygen.c" 3 4
          stderr
# 5204 "inputs/bootstrap/source/falcon-keygen.c"
                ,
    "buffer overflow! temp_size() is wrong\n");
   abort();
  }

  free(fk->tmp);
  free(fk);
 }
}


size_t
falcon_keygen_max_privkey_size(falcon_keygen *fk)
{




 unsigned logn;
 size_t n;

 logn = fk->logn;
 n = fk->ternary ? ((size_t)3 << (logn - 1)) : ((size_t)1 << logn);
 return 1 + (n << 3);
}


size_t
falcon_keygen_max_pubkey_size(falcon_keygen *fk)
{





 unsigned logn;
 unsigned z;

 logn = fk->logn;
 z = fk->ternary ? (45U << (logn - 1)) : (14U << logn);
 return 1 + ((z + 7) >> 3);
}


void
falcon_keygen_set_seed(falcon_keygen *fk,
 const void *seed, size_t len, int replace)
{
 if (replace) {
  shake_init(&fk->rng, 512);
  shake_inject(&fk->rng, seed, len);
  fk->seeded = 1;
  fk->flipped = 0;
  return;
 }
 if (fk->flipped) {
  unsigned char tmp[32];

  shake_extract(&fk->rng, tmp, sizeof tmp);
  shake_init(&fk->rng, 512);
  shake_inject(&fk->rng, tmp, sizeof tmp);
  fk->flipped = 0;
 }
 shake_inject(&fk->rng, seed, len);
}

static int
rng_ready(falcon_keygen *fk)
{
 if (!fk->seeded) {
  unsigned char tmp[32];

  if (!falcon_get_seed(tmp, sizeof tmp)) {
   return 0;
  }
  falcon_keygen_set_seed(fk, tmp, sizeof tmp, 0);
  fk->seeded = 1;
 }
 if (!fk->flipped) {
  shake_flip(&fk->rng);
  fk->flipped = 1;
 }
 return 1;
}





static uint32_t
poly_small_sqnorm(const int16_t *f, unsigned logn, unsigned ter)
{
 size_t n, u;
 uint32_t s, ng;

 n = ((size_t)(1 + ((ter) << 1)) << ((logn) - (ter)));
 s = 0;
 ng = 0;
 for (u = 0; u < n; u ++) {
  int32_t z;

  z = f[u];
  s += (uint32_t)(z * z);
  ng |= s;
 }
 return s | -(ng >> 31);
}





static fpr *
align_fpr(void *base, void *data)
{
 unsigned char *cb, *cd;
 size_t k, km;

 cb = base;
 cd = data;
 k = (size_t)(cd - cb);
 km = k % sizeof(fpr);
 if (km) {
  k += (sizeof(fpr)) - km;
 }
 return (fpr *)(cb + k);
}





static uint32_t *
align_u32(void *base, void *data)
{
 unsigned char *cb, *cd;
 size_t k, km;

 cb = base;
 cd = data;
 k = (size_t)(cd - cb);
 km = k % sizeof(uint32_t);
 if (km) {
  k += (sizeof(uint32_t)) - km;
 }
 return (uint32_t *)(cb + k);
}




static void
poly_small_to_fp(fpr *x, const int16_t *f, unsigned logn, unsigned ter)
{
 size_t n, u;

 n = ((size_t)(1 + ((ter) << 1)) << ((logn) - (ter)));
 for (u = 0; u < n; u ++) {
  x[u] = fpr_of(f[u]);
 }
}
# 5376 "inputs/bootstrap/source/falcon-keygen.c"
static void
make_fg_step(uint32_t *data, unsigned logn, unsigned depth, unsigned ter,
 int in_ntt, int out_ntt)
{
 size_t n, hn, u;
 size_t slen, tlen;
 uint32_t *fd, *gd, *fs, *gs, *gm, *igm, *t1;
 const small_prime *primes;

 n = (size_t)1 << logn;
 hn = n >> 1;
 if (ter) {
  slen = MAX_BL_SMALL3[depth];
  tlen = MAX_BL_SMALL3[depth + 1];
  primes = PRIMES3;
 } else {
  slen = MAX_BL_SMALL2[depth];
  tlen = MAX_BL_SMALL2[depth + 1];
  primes = PRIMES2;
 }




 fd = data;
 gd = fd + hn * tlen;
 fs = gd + hn * tlen;
 gs = fs + n * slen;
 gm = gs + n * slen;
 igm = gm + n;
 t1 = igm + n;
 memmove(fs, data, 2 * n * slen * sizeof *data);





 for (u = 0; u < slen; u ++) {
  uint32_t p, p0i, R2;
  size_t v;
  uint32_t *x;

  p = primes[u].p;
  p0i = modp_ninv31(p);
  R2 = modp_R2(p, p0i);
  if (ter) {
   modp_mkgm3(gm, igm, logn, 0, primes[u].g, p, p0i);
  } else {
   modp_mkgm2(gm, igm, logn, primes[u].g, p, p0i);
  }

  for (v = 0, x = fs + u; v < n; v ++, x += slen) {
   t1[v] = *x;
  }
  if (!in_ntt) {
   if (ter) {
    modp_NTT3_ext(t1, 1, gm, logn, 0, p, p0i);
   } else {
    modp_NTT2_ext(t1, 1, gm, logn, p, p0i);
   }
  }
  for (v = 0, x = fd + u; v < hn; v ++, x += tlen) {
   uint32_t w0, w1;

   w0 = t1[(v << 1) + 0];
   w1 = t1[(v << 1) + 1];
   *x = modp_montymul(
    modp_montymul(w0, w1, p, p0i), R2, p, p0i);
  }
  if (in_ntt) {
   if (ter) {
    modp_iNTT3_ext(fs + u, slen, igm,
     logn, 0, p, p0i);
   } else {
    modp_iNTT2_ext(fs + u, slen, igm,
     logn, p, p0i);
   }
  }

  for (v = 0, x = gs + u; v < n; v ++, x += slen) {
   t1[v] = *x;
  }
  if (!in_ntt) {
   if (ter) {
    modp_NTT3_ext(t1, 1, gm, logn, 0, p, p0i);
   } else {
    modp_NTT2_ext(t1, 1, gm, logn, p, p0i);
   }
  }
  for (v = 0, x = gd + u; v < hn; v ++, x += tlen) {
   uint32_t w0, w1;

   w0 = t1[(v << 1) + 0];
   w1 = t1[(v << 1) + 1];
   *x = modp_montymul(
    modp_montymul(w0, w1, p, p0i), R2, p, p0i);
  }
  if (in_ntt) {
   if (ter) {
    modp_iNTT3_ext(gs + u, slen, igm,
     logn, 0, p, p0i);
   } else {
    modp_iNTT2_ext(gs + u, slen, igm,
     logn, p, p0i);
   }
  }

  if (!out_ntt) {
   if (ter) {
    modp_iNTT3_ext(fd + u, tlen, igm,
     logn - 1, 0, p, p0i);
    modp_iNTT3_ext(gd + u, tlen, igm,
     logn - 1, 0, p, p0i);
   } else {
    modp_iNTT2_ext(fd + u, tlen, igm,
     logn - 1, p, p0i);
    modp_iNTT2_ext(gd + u, tlen, igm,
     logn - 1, p, p0i);
   }
  }
 }





 zint_rebuild_CRT(fs, slen, slen, n, primes, 1, gm);
 zint_rebuild_CRT(gs, slen, slen, n, primes, 1, gm);




 for (u = slen; u < tlen; u ++) {
  uint32_t p, p0i, R2, Rx;
  size_t v;
  uint32_t *x;

  p = primes[u].p;
  p0i = modp_ninv31(p);
  R2 = modp_R2(p, p0i);
  Rx = modp_Rx(slen, p, p0i, R2);
  if (ter) {
   modp_mkgm3(gm, igm, logn, 0, primes[u].g, p, p0i);
  } else {
   modp_mkgm2(gm, igm, logn, primes[u].g, p, p0i);
  }
  for (v = 0, x = fs; v < n; v ++, x += slen) {
   t1[v] = zint_mod_small_signed(x, slen, p, p0i, R2, Rx);
  }
  if (ter) {
   modp_NTT3_ext(t1, 1, gm, logn, 0, p, p0i);
  } else {
   modp_NTT2_ext(t1, 1, gm, logn, p, p0i);
  }
  for (v = 0, x = fd + u; v < hn; v ++, x += tlen) {
   uint32_t w0, w1;

   w0 = t1[(v << 1) + 0];
   w1 = t1[(v << 1) + 1];
   *x = modp_montymul(
    modp_montymul(w0, w1, p, p0i), R2, p, p0i);
  }
  for (v = 0, x = gs; v < n; v ++, x += slen) {
   t1[v] = zint_mod_small_signed(x, slen, p, p0i, R2, Rx);
  }
  if (ter) {
   modp_NTT3_ext(t1, 1, gm, logn, 0, p, p0i);
  } else {
   modp_NTT2_ext(t1, 1, gm, logn, p, p0i);
  }
  for (v = 0, x = gd + u; v < hn; v ++, x += tlen) {
   uint32_t w0, w1;

   w0 = t1[(v << 1) + 0];
   w1 = t1[(v << 1) + 1];
   *x = modp_montymul(
    modp_montymul(w0, w1, p, p0i), R2, p, p0i);
  }

  if (!out_ntt) {
   if (ter) {
    modp_iNTT3_ext(fd + u, tlen, igm,
     logn - 1, 0, p, p0i);
    modp_iNTT3_ext(gd + u, tlen, igm,
     logn - 1, 0, p, p0i);
   } else {
    modp_iNTT2_ext(fd + u, tlen, igm,
     logn - 1, p, p0i);
    modp_iNTT2_ext(gd + u, tlen, igm,
     logn - 1, p, p0i);
   }
  }
 }
}
# 5579 "inputs/bootstrap/source/falcon-keygen.c"
static void
make_fg_ternary_top(uint32_t *data, unsigned logn, int out_ntt)
{
# 5631 "inputs/bootstrap/source/falcon-keygen.c"
 size_t n, dn, tn, u, v;
 uint32_t *gm, *igm, *fd, *gd, *fs, *gs;
 uint32_t p, p0i, R2, R3;

 n = ((size_t)(1 + ((1) << 1)) << ((logn) - (1)));
 dn = ((size_t)(1 + ((0) << 1)) << ((logn) - (0)));
 tn = ((size_t)(1 + ((0) << 1)) << ((logn - 1) - (0)));
 fd = data;
 gd = fd + tn;
 fs = gd + tn;
 gs = fs + n;
 gm = gs + n;
 igm = gm + dn;
 memmove(fs, data, n * 2 * sizeof *data);

 p = PRIMES3[0].p;
 p0i = modp_ninv31(p);
 R2 = modp_R2(p, p0i);

 modp_mkgm3(gm, igm, logn, 1, PRIMES3[0].g, p, p0i);
 modp_NTT3_ext(fs, 1, gm, logn, 1, p, p0i);
 modp_NTT3_ext(gs, 1, gm, logn, 1, p, p0i);

 R3 = modp_montymul(R2, R2, p, p0i);

 for (u = 0, v = 0; u < n; u += 3, v ++) {
  fd[v] = modp_montymul(R3, modp_montymul(fs[u],
   modp_montymul(fs[u + 1], fs[u + 2], p, p0i),
   p, p0i), p, p0i);
  gd[v] = modp_montymul(R3, modp_montymul(gs[u],
   modp_montymul(gs[u + 1], gs[u + 2], p, p0i),
   p, p0i), p, p0i);
 }
 if (!out_ntt) {
  modp_iNTT3_ext(fd, 1, igm, logn - 1, 0, p, p0i);
  modp_iNTT3_ext(gd, 1, igm, logn - 1, 0, p, p0i);
 }
}
# 5681 "inputs/bootstrap/source/falcon-keygen.c"
static void
make_fg(uint32_t *data, const int16_t *f, const int16_t *g,
 unsigned logn, unsigned ter, unsigned depth, int out_ntt)
{
 size_t n, u;
 uint32_t *ft, *gt, p0;
 unsigned d;
 const small_prime *primes;

 n = ((size_t)(1 + ((ter) << 1)) << ((logn) - (ter)));
 ft = data;
 gt = ft + n;
 primes = ter ? PRIMES3 : PRIMES2;
 p0 = primes[0].p;
 for (u = 0; u < n; u ++) {
  ft[u] = modp_set(f[u], p0);
  gt[u] = modp_set(g[u], p0);
 }

 if (depth == 0 && out_ntt) {
  uint32_t *gm, *igm;
  uint32_t p, p0i;

  p = primes[0].p;
  p0i = modp_ninv31(p);
  gm = gt + n;
  igm = gm + ((size_t)(1 + ((0) << 1)) << ((logn) - (0)));
  if (ter) {
   modp_mkgm3(gm, igm, logn, 1, primes[0].g, p, p0i);
   modp_NTT3_ext(ft, 1, gm, logn, 1, p, p0i);
   modp_NTT3_ext(gt, 1, gm, logn, 1, p, p0i);
  } else {
   modp_mkgm2(gm, igm, logn, primes[0].g, p, p0i);
   modp_NTT2_ext(ft, 1, gm, logn, p, p0i);
   modp_NTT2_ext(gt, 1, gm, logn, p, p0i);
  }
  return;
 }

 if (ter) {
  make_fg_ternary_top(data, logn, depth > 1 || out_ntt);
  for (d = 1; d < depth; d ++) {
   make_fg_step(data, logn - d, d, 1,
    1, (d + 1) < depth || out_ntt);
  }
 } else {
  for (d = 0; d < depth; d ++) {
   make_fg_step(data, logn - d, d, 0,
    d != 0, (d + 1) < depth || out_ntt);
  }
 }
}
# 5741 "inputs/bootstrap/source/falcon-keygen.c"
static int
solve_NTRU_deepest(falcon_keygen *fk, const int16_t *f, const int16_t *g)
{
 unsigned logn;
 size_t len;
 uint32_t *Fp, *Gp, *fp, *gp, *t1, q;
 const small_prime *primes;

 logn = fk->logn;
 if (fk->ternary) {
  len = MAX_BL_SMALL3[logn];
  primes = PRIMES3;
 } else {
  len = MAX_BL_SMALL2[logn];
  primes = PRIMES2;
 }

 Fp = fk->tmp;
 Gp = Fp + len;
 fp = Gp + len;
 gp = fp + len;
 t1 = gp + len;

 make_fg(fp, f, g, logn, fk->ternary, logn, 0);





 zint_rebuild_CRT(fp, len, len, 2, primes, 0, t1);





 if (!zint_bezout(Gp, Fp, fp, gp, len, t1)) {
  return 0;
 }





 q = fk->ternary ? 18433 : 12289;
 if (zint_mul_small(Fp, len, q) != 0
  || zint_mul_small(Gp, len, q) != 0)
 {
  return 0;
 }

 return 1;
}
# 5801 "inputs/bootstrap/source/falcon-keygen.c"
static int
solve_NTRU_intermediate(falcon_keygen *fk,
 const int16_t *f, const int16_t *g, unsigned depth)
{







 unsigned logn_top, logn, full;
 size_t n, hn, slen, dlen, llen, FGlen, u;
 uint32_t *Fd, *Gd, *Ft, *Gt, *ft, *gt, *t1;
 fpr *rt1, *rt2, *rt3, *rt4, *rt5;
 uint32_t maxbl_f, maxbl_g, maxbl_fg, maxbl_FG, prev_maxbl_FG;
 uint32_t *x, *y;
 int32_t *k;
 const small_prime *primes;

 logn_top = fk->logn;
 logn = logn_top - depth;





 if (fk->ternary && depth == 0) {
  full = 1;
  n = (size_t)3 << (logn - 1);
  hn = (size_t)1 << (logn - 1);
 } else {
  full = 0;
  n = (size_t)1 << logn;
  hn = n >> 1;
 }
# 5850 "inputs/bootstrap/source/falcon-keygen.c"
 if (fk->ternary) {
  slen = MAX_BL_SMALL3[depth];
  dlen = MAX_BL_SMALL3[depth + 1];
  llen = MAX_BL_LARGE3[depth];
  primes = PRIMES3;
 } else {
  slen = MAX_BL_SMALL2[depth];
  dlen = MAX_BL_SMALL2[depth + 1];
  llen = MAX_BL_LARGE2[depth];
  primes = PRIMES2;
 }




 Fd = fk->tmp;
 Gd = Fd + dlen * hn;





 ft = Gd + dlen * hn;
 make_fg(ft, f, g, logn_top, fk->ternary, depth, 1);





 Ft = fk->tmp;
 Gt = Ft + n * llen;
 t1 = Gt + n * llen;
 memmove(t1, ft, 2 * n * slen * sizeof *ft);
 ft = t1;
 gt = ft + slen * n;
 t1 = gt + slen * n;




 memmove(t1, Fd, 2 * hn * dlen * sizeof *Fd);
 Fd = t1;
 Gd = Fd + hn * dlen;





 for (u = 0; u < llen; u ++) {
  uint32_t p, p0i, R2, Rx;
  size_t v;
  uint32_t *xs, *ys, *xd, *yd;

  p = primes[u].p;
  p0i = modp_ninv31(p);
  R2 = modp_R2(p, p0i);
  Rx = modp_Rx(dlen, p, p0i, R2);
  for (v = 0, xs = Fd, ys = Gd, xd = Ft + u, yd = Gt + u;
   v < hn;
   v ++, xs += dlen, ys += dlen, xd += llen, yd += llen)
  {
   *xd = zint_mod_small_signed(xs, dlen, p, p0i, R2, Rx);
   *yd = zint_mod_small_signed(ys, dlen, p, p0i, R2, Rx);
  }
 }
# 5923 "inputs/bootstrap/source/falcon-keygen.c"
 for (u = 0; u < llen; u ++) {
  uint32_t p, p0i, R2;
  uint32_t *gm, *igm, *fx, *gx, *Fp, *Gp;
  size_t v;




  p = primes[u].p;
  p0i = modp_ninv31(p);
  R2 = modp_R2(p, p0i);





  if (u == slen) {
   zint_rebuild_CRT(ft, slen, slen, n, primes, 1, t1);
   zint_rebuild_CRT(gt, slen, slen, n, primes, 1, t1);
  }

  gm = t1;
  if (full) {
   igm = gm + ((size_t)1 << logn);
   fx = igm + ((size_t)1 << logn);
  } else {
   gm = t1;
   igm = gm + n;
   fx = igm + n;
  }
  gx = fx + n;

  if (fk->ternary) {
   modp_mkgm3(gm, igm, logn, full, primes[u].g, p, p0i);
  } else {
   modp_mkgm2(gm, igm, logn, primes[u].g, p, p0i);
  }

  if (u < slen) {
   size_t v;

   for (v = 0, x = ft + u, y = gt + u;
    v < n; v ++, x += slen, y += slen)
   {
    fx[v] = *x;
    gx[v] = *y;
   }
   if (fk->ternary) {
    modp_iNTT3_ext(ft + u, slen, igm,
     logn, full, p, p0i);
    modp_iNTT3_ext(gt + u, slen, igm,
     logn, full, p, p0i);
   } else {
    modp_iNTT2_ext(ft + u, slen, igm,
     logn, p, p0i);
    modp_iNTT2_ext(gt + u, slen, igm,
     logn, p, p0i);
   }
  } else {
   uint32_t Rx;
   size_t v;

   Rx = modp_Rx(slen, p, p0i, R2);
   for (v = 0, x = ft, y = gt;
    v < n; v ++, x += slen, y += slen)
   {
    fx[v] = zint_mod_small_signed(x, slen,
     p, p0i, R2, Rx);
    gx[v] = zint_mod_small_signed(y, slen,
     p, p0i, R2, Rx);
   }
   if (fk->ternary) {
    modp_NTT3_ext(fx, 1, gm, logn, full, p, p0i);
    modp_NTT3_ext(gx, 1, gm, logn, full, p, p0i);
   } else {
    modp_NTT2_ext(fx, 1, gm, logn, p, p0i);
    modp_NTT2_ext(gx, 1, gm, logn, p, p0i);
   }
  }






  Fp = gx + n;
  Gp = Fp + hn;
  for (v = 0, x = Ft + u, y = Gt + u;
   v < hn; v ++, x += llen, y += llen)
  {
   Fp[v] = *x;
   Gp[v] = *y;
  }
  if (fk->ternary) {
   modp_NTT3_ext(Fp, 1, gm, logn - 1, 0, p, p0i);
   modp_NTT3_ext(Gp, 1, gm, logn - 1, 0, p, p0i);
  } else {
   modp_NTT2_ext(Fp, 1, gm, logn - 1, p, p0i);
   modp_NTT2_ext(Gp, 1, gm, logn - 1, p, p0i);
  }
# 6054 "inputs/bootstrap/source/falcon-keygen.c"
  if (full) {
   uint32_t R3;
   size_t v2;

   R3 = modp_montymul(R2, R2, p, p0i);
   for (v = 0, v2 = 0, x = Ft + u, y = Gt + u; v < n;
    v += 3, v2 ++, x += 3 * llen, y += 3 * llen)
   {
    uint32_t ftA, ftB, ftC, gtA, gtB, gtC;
    uint32_t mFp, mGp;

    ftA = fx[v + 0];
    ftB = fx[v + 1];
    ftC = fx[v + 2];
    gtA = gx[v + 0];
    gtB = gx[v + 1];
    gtC = gx[v + 2];
    mFp = modp_montymul(Fp[v2], R3, p, p0i);
    mGp = modp_montymul(Gp[v2], R3, p, p0i);
    x[0] = modp_montymul(mFp,
     modp_montymul(gtB, gtC, p, p0i),
     p, p0i);
    x[llen] = modp_montymul(mFp,
     modp_montymul(gtC, gtA, p, p0i),
     p, p0i);
    x[2 * llen] = modp_montymul(mFp,
     modp_montymul(gtA, gtB, p, p0i),
     p, p0i);
    y[0] = modp_montymul(mGp,
     modp_montymul(ftB, ftC, p, p0i),
     p, p0i);
    y[llen] = modp_montymul(mGp,
     modp_montymul(ftC, ftA, p, p0i),
     p, p0i);
    y[2 * llen] = modp_montymul(mGp,
     modp_montymul(ftA, ftB, p, p0i),
     p, p0i);
   }
  } else {
   for (v = 0, x = Ft + u, y = Gt + u; v < hn;
    v ++, x += (llen << 1), y += (llen << 1))
   {
    uint32_t ftA, ftB, gtA, gtB;
    uint32_t mFp, mGp;

    ftA = fx[(v << 1) + 0];
    ftB = fx[(v << 1) + 1];
    gtA = gx[(v << 1) + 0];
    gtB = gx[(v << 1) + 1];
    mFp = modp_montymul(Fp[v], R2, p, p0i);
    mGp = modp_montymul(Gp[v], R2, p, p0i);
    x[0] = modp_montymul(gtB, mFp, p, p0i);
    x[llen] = modp_montymul(gtA, mFp, p, p0i);
    y[0] = modp_montymul(ftB, mGp, p, p0i);
    y[llen] = modp_montymul(ftA, mGp, p, p0i);
   }
  }
  if (fk->ternary) {
   modp_iNTT3_ext(Ft + u, llen, igm, logn, full, p, p0i);
   modp_iNTT3_ext(Gt + u, llen, igm, logn, full, p, p0i);
  } else {
   modp_iNTT2_ext(Ft + u, llen, igm, logn, p, p0i);
   modp_iNTT2_ext(Gt + u, llen, igm, logn, p, p0i);
  }
 }




 zint_rebuild_CRT(Ft, llen, llen, n, primes, 1, t1);
 zint_rebuild_CRT(Gt, llen, llen, n, primes, 1, t1);
# 6176 "inputs/bootstrap/source/falcon-keygen.c"
 rt3 = align_fpr(fk->tmp, t1);
 rt4 = rt3 + n;
 rt5 = rt4 + n;
 rt1 = rt5 + (n >> 1);
 k = (int32_t *)align_u32(fk->tmp, rt1);
 rt2 = align_fpr(fk->tmp, k + n);
 if (rt2 < (rt1 + n)) {
  rt2 = rt1 + n;
 }
 t1 = (uint32_t *)k + n;





 maxbl_f = poly_max_bitlength(ft, slen, slen, logn, full);
 maxbl_g = poly_max_bitlength(gt, slen, slen, logn, full);
 maxbl_fg = maxbl_f < maxbl_g ? maxbl_g : maxbl_f;





 poly_big_to_fp(rt3, ft, slen, slen, logn, full, maxbl_fg, maxbl_fg);
 poly_big_to_fp(rt4, gt, slen, slen, logn, full, maxbl_fg, maxbl_fg);

 if (fk->ternary) {
  falcon_FFT3(rt3, logn, full);
  falcon_FFT3(rt4, logn, full);
  falcon_poly_invnorm2_fft3(rt5, rt3, rt4, logn, full);
  falcon_poly_adj_fft3(rt3, logn, full);
  falcon_poly_adj_fft3(rt4, logn, full);
 } else {
  falcon_FFT(rt3, logn);
  falcon_FFT(rt4, logn);
  falcon_poly_invnorm2_fft(rt5, rt3, rt4, logn);
  falcon_poly_adj_fft(rt3, logn);
  falcon_poly_adj_fft(rt4, logn);
 }




 prev_maxbl_FG = (uint32_t)-1;
 FGlen = llen;
 for (;;) {
  uint32_t maxbl_F, maxbl_G, scale_FG, scale_k;
  uint64_t max_kx;






  maxbl_F = poly_max_bitlength(Ft, FGlen, llen, logn, full);
  maxbl_G = poly_max_bitlength(Gt, FGlen, llen, logn, full);
  maxbl_FG = maxbl_F < maxbl_G ? maxbl_G : maxbl_F;
  while ((FGlen * 31) >= (maxbl_FG + 43)) {
   FGlen --;
  }






  if (maxbl_FG <= maxbl_fg || maxbl_FG >= prev_maxbl_FG) {
   break;
  }
  prev_maxbl_FG = maxbl_FG;





  scale_FG = maxbl_FG < 30 ? 0 : maxbl_FG - 30;
  poly_big_to_fp(rt1, Ft, FGlen, llen,
   logn, full, maxbl_FG, scale_FG);
  poly_big_to_fp(rt2, Gt, FGlen, llen,
   logn, full, maxbl_FG, scale_FG);

  if (fk->ternary) {
   falcon_FFT3(rt1, logn, full);
   falcon_FFT3(rt2, logn, full);
   falcon_poly_mul_fft3(rt1, rt3, logn, full);
   falcon_poly_mul_fft3(rt2, rt4, logn, full);
   falcon_poly_add3(rt2, rt1, logn, full);
   falcon_poly_mul_autoadj_fft3(rt2, rt5, logn, full);
   falcon_iFFT3(rt2, logn, full);
  } else {
   falcon_FFT(rt1, logn);
   falcon_FFT(rt2, logn);
   falcon_poly_mul_fft(rt1, rt3, logn);
   falcon_poly_mul_fft(rt2, rt4, logn);
   falcon_poly_add(rt2, rt1, logn);
   falcon_poly_mul_autoadj_fft(rt2, rt5, logn);
   falcon_iFFT(rt2, logn);
  }





  max_kx = 0;
  for (u = 0; u < n; u ++) {
    int64_t kx;
    uint64_t ukx;

    kx = fpr_rint(rt2[u]);
    ukx = (uint64_t)kx;
    if (kx < 0) {
     ukx = (uint64_t)0 - ukx;
    }
    if (ukx > max_kx) {
     max_kx = ukx;
    }
   }
  if (max_kx >= ((uint64_t)1 << 62)) {
   return 0;
  }
  scale_k = bitlength((uint32_t)(max_kx >> 31));






  if (scale_k + scale_FG < maxbl_fg) {
   scale_k = maxbl_fg - scale_FG;
   if (scale_k > 62) {
    break;
   }
  }

  scale_FG += scale_k;




  for (u = 0; u < n; u ++) {
   int64_t kx, ks;

   kx = fpr_rint(rt2[u]);
   {
    uint64_t ukx;

    ukx = (uint64_t)kx;
    if (kx < 0) {
     ukx = (uint64_t)0 - ukx;
    }
    ks = (int32_t)(ukx >> scale_k);
    if (kx < 0) {
     ks = -ks;
    }
   }
   k[u] = ks;
  }





  if (depth <= 4) {
   poly_sub_scaled_ntt(Ft, FGlen, llen, ft, slen, slen,
    k, scale_FG - maxbl_fg,
    logn, full, fk->ternary, t1);
   poly_sub_scaled_ntt(Gt, FGlen, llen, gt, slen, slen,
    k, scale_FG - maxbl_fg,
    logn, full, fk->ternary, t1);
  } else {
   poly_sub_scaled(Ft, FGlen, llen, ft, slen, slen,
    k, scale_FG - maxbl_fg,
    logn, full, fk->ternary);
   poly_sub_scaled(Gt, FGlen, llen, gt, slen, slen,
    k, scale_FG - maxbl_fg,
    logn, full, fk->ternary);
  }
 }





 if (maxbl_FG > (slen * 31)) {
  return 0;
 }





 for (u = 0, x = fk->tmp, y = fk->tmp;
  u < (n << 1); u ++, x += slen, y += llen)
 {
  memmove(x, y, slen * sizeof *y);
 }





 if (FGlen < slen) {
  for (u = 0, x = fk->tmp; u < (n << 1); u ++, x += slen) {
   uint32_t sign;
   size_t v;

   sign = -(x[FGlen - 1] >> 30) >> 1;
   for (v = FGlen; v < slen; v ++) {
    x[v] = sign;
   }
  }
 }

 return 1;
}







static int
solve_NTRU_binary_depth1(falcon_keygen *fk,
 const int16_t *f, const int16_t *g)
{
# 6410 "inputs/bootstrap/source/falcon-keygen.c"
 unsigned depth, logn_top, logn;
 size_t n_top, n, hn, slen, dlen, llen, u;
 uint32_t *Fd, *Gd, *Ft, *Gt, *ft, *gt, *t1;
 fpr *rt1, *rt2, *rt3, *rt4, *rt5, *rt6;
 uint32_t maxbl_f, maxbl_g, maxbl_fg, maxbl_F, maxbl_G, maxbl_FG;
 uint32_t *x, *y;

 depth = 1;
 logn_top = fk->logn;
 n_top = (size_t)1 << logn_top;
 logn = logn_top - depth;
 n = (size_t)1 << logn;
 hn = n >> 1;
# 6449 "inputs/bootstrap/source/falcon-keygen.c"
 slen = MAX_BL_SMALL2[depth];
 dlen = MAX_BL_SMALL2[depth + 1];
 llen = MAX_BL_LARGE2[depth];





 Fd = fk->tmp;
 Gd = Fd + dlen * hn;
 Ft = Gd + dlen * hn;
 Gt = Ft + llen * n;





 for (u = 0; u < llen; u ++) {
  uint32_t p, p0i, R2, Rx;
  size_t v;
  uint32_t *xs, *ys, *xd, *yd;

  p = PRIMES2[u].p;
  p0i = modp_ninv31(p);
  R2 = modp_R2(p, p0i);
  Rx = modp_Rx(dlen, p, p0i, R2);
  for (v = 0, xs = Fd, ys = Gd, xd = Ft + u, yd = Gt + u;
   v < hn;
   v ++, xs += dlen, ys += dlen, xd += llen, yd += llen)
  {
   *xd = zint_mod_small_signed(xs, dlen, p, p0i, R2, Rx);
   *yd = zint_mod_small_signed(ys, dlen, p, p0i, R2, Rx);
  }
 }




 memmove(fk->tmp, Ft, llen * n * sizeof(uint32_t));
 Ft = fk->tmp;
 memmove(Ft + llen * n, Gt, llen * n * sizeof(uint32_t));
 Gt = Ft + llen * n;
 ft = Gt + llen * n;
 gt = ft + slen * n;

 t1 = gt + slen * n;




 for (u = 0; u < llen; u ++) {
  uint32_t p, p0i, R2;
  uint32_t *gm, *igm, *fx, *gx, *Fp, *Gp;
  unsigned e;
  size_t v;




  p = PRIMES2[u].p;
  p0i = modp_ninv31(p);
  R2 = modp_R2(p, p0i);
# 6520 "inputs/bootstrap/source/falcon-keygen.c"
  gm = t1;
  igm = gm + n_top;
  fx = igm + n;
  gx = fx + n_top;
  modp_mkgm2(gm, igm, logn_top, PRIMES2[u].g, p, p0i);




  for (v = 0; v < n_top; v ++) {
   fx[v] = modp_set(f[v], p);
   gx[v] = modp_set(g[v], p);
  }




  modp_NTT2_ext(fx, 1, gm, logn_top, p, p0i);
  modp_NTT2_ext(gx, 1, gm, logn_top, p, p0i);
  for (e = logn_top; e > logn; e --) {
   modp_poly_rec_res(fx, e, p, p0i, R2);
   modp_poly_rec_res(gx, e, p, p0i, R2);
  }





  if (depth > 0) {
   memmove(gm + n, igm, n * sizeof *igm);
   igm = gm + n;
   memmove(igm + n, fx, n * sizeof *ft);
   fx = igm + n;
   memmove(fx + n, gx, n * sizeof *gt);
   gx = fx + n;
  }






  Fp = gx + n;
  Gp = Fp + hn;
  for (v = 0, x = Ft + u, y = Gt + u;
   v < hn; v ++, x += llen, y += llen)
  {
   Fp[v] = *x;
   Gp[v] = *y;
  }
  modp_NTT2_ext(Fp, 1, gm, logn - 1, p, p0i);
  modp_NTT2_ext(Gp, 1, gm, logn - 1, p, p0i);
# 6610 "inputs/bootstrap/source/falcon-keygen.c"
  for (v = 0, x = Ft + u, y = Gt + u;
   v < hn; v ++, x += (llen << 1), y += (llen << 1))
  {
   uint32_t ftA, ftB, gtA, gtB;
   uint32_t mFp, mGp;

   ftA = fx[(v << 1) + 0];
   ftB = fx[(v << 1) + 1];
   gtA = gx[(v << 1) + 0];
   gtB = gx[(v << 1) + 1];
   mFp = modp_montymul(Fp[v], R2, p, p0i);
   mGp = modp_montymul(Gp[v], R2, p, p0i);
   x[0] = modp_montymul(gtB, mFp, p, p0i);
   x[llen] = modp_montymul(gtA, mFp, p, p0i);
   y[0] = modp_montymul(ftB, mGp, p, p0i);
   y[llen] = modp_montymul(ftA, mGp, p, p0i);
  }
  modp_iNTT2_ext(Ft + u, llen, igm, logn, p, p0i);
  modp_iNTT2_ext(Gt + u, llen, igm, logn, p, p0i);




  if (u < slen) {
   modp_iNTT2_ext(fx, 1, igm, logn, p, p0i);
   modp_iNTT2_ext(gx, 1, igm, logn, p, p0i);
   for (v = 0, x = ft + u, y = gt + u;
    v < n; v ++, x += slen, y += slen)
   {
    *x = fx[v];
    *y = gx[v];
   }
  }
 }






 zint_rebuild_CRT(Ft, llen, llen, n << 1, PRIMES2, 1, t1);
 zint_rebuild_CRT(ft, slen, slen, n << 1, PRIMES2, 1, t1);
# 6664 "inputs/bootstrap/source/falcon-keygen.c"
 maxbl_f = poly_max_bitlength(ft, slen, slen, logn, 0);
 maxbl_g = poly_max_bitlength(gt, slen, slen, logn, 0);
 maxbl_fg = maxbl_f < maxbl_g ? maxbl_g : maxbl_f;

 maxbl_F = poly_max_bitlength(Ft, llen, llen, logn, 0);
 maxbl_G = poly_max_bitlength(Gt, llen, llen, logn, 0);
 maxbl_FG = maxbl_F < maxbl_G ? maxbl_G : maxbl_F;

 if (maxbl_fg > 53 || maxbl_FG > 53) {
  return 0;
 }




 rt1 = align_fpr(fk->tmp, gt + slen * n);
 rt2 = rt1 + n;
 poly_big_to_fp(rt1, Ft, llen, llen, logn, 0, maxbl_FG, 0);
 poly_big_to_fp(rt2, Gt, llen, llen, logn, 0, maxbl_FG, 0);





 memmove(fk->tmp, ft, 2 * slen * n * sizeof *ft);
 ft = fk->tmp;
 gt = ft + slen * n;
 rt3 = align_fpr(fk->tmp, gt + slen * n);
 memmove(rt3, rt1, 2 * n * sizeof *rt1);
 rt1 = rt3;
 rt2 = rt1 + n;
 rt3 = rt2 + n;
 rt4 = rt3 + n;




 poly_big_to_fp(rt3, ft, slen, slen, logn, 0, maxbl_fg, 0);
 poly_big_to_fp(rt4, gt, slen, slen, logn, 0, maxbl_fg, 0);




 memmove(fk->tmp, rt1, 4 * n * sizeof *rt1);
 rt1 = (fpr *)fk->tmp;
 rt2 = rt1 + n;
 rt3 = rt2 + n;
 rt4 = rt3 + n;
# 6721 "inputs/bootstrap/source/falcon-keygen.c"
 falcon_FFT(rt1, logn);
 falcon_FFT(rt2, logn);
 falcon_FFT(rt3, logn);
 falcon_FFT(rt4, logn);







 rt5 = rt4 + n;
 rt6 = rt5 + n;
 falcon_poly_add_muladj_fft(rt5, rt1, rt2, rt3, rt4, logn);
 falcon_poly_invnorm2_fft(rt6, rt3, rt4, logn);





 falcon_poly_mul_autoadj_fft(rt5, rt6, logn);




 falcon_iFFT(rt5, logn);
 for (u = 0; u < n; u ++) {
  rt5[u] = fpr_of(fpr_rint(rt5[u]));
 }
 falcon_FFT(rt5, logn);




 falcon_poly_mul_fft(rt3, rt5, logn);
 falcon_poly_mul_fft(rt4, rt5, logn);
 falcon_poly_sub(rt1, rt3, logn);
 falcon_poly_sub(rt2, rt4, logn);
 falcon_iFFT(rt1, logn);
 falcon_iFFT(rt2, logn);




 Ft = fk->tmp;
 Gt = Ft + n;
 rt3 = align_fpr(fk->tmp, Gt + n);
 memmove(rt3, rt1, 2 * n * sizeof *rt1);
 rt1 = rt3;
 rt2 = rt1 + n;
 for (u = 0; u < n; u ++) {
  Ft[u] = (uint32_t)fpr_rint(rt1[u]);
  Gt[u] = (uint32_t)fpr_rint(rt2[u]);
 }

 return 1;
}







static int
solve_NTRU_binary_depth0(falcon_keygen *fk,
 const int16_t *f, const int16_t *g)
{
 unsigned logn;
 size_t n, hn, u;
 uint32_t p, p0i, R2;
 uint32_t *Fp, *Gp, *t1, *t2, *t3, *t4, *t5;
 uint32_t *gm, *igm, *ft, *gt;
 fpr *rt2, *rt3;

 logn = fk->logn;
 n = (size_t)1 << logn;
 hn = n >> 1;
# 6815 "inputs/bootstrap/source/falcon-keygen.c"
 p = PRIMES2[0].p;
 p0i = modp_ninv31(p);
 R2 = modp_R2(p, p0i);

 Fp = fk->tmp;
 Gp = Fp + hn;
 ft = Gp + hn;
 gt = ft + n;
 gm = gt + n;
 igm = gm + n;

 modp_mkgm2(gm, igm, logn, PRIMES2[0].g, p, p0i);




 for (u = 0; u < hn; u ++) {
  Fp[u] = modp_set(zint_one_to_plain(Fp + u), p);
  Gp[u] = modp_set(zint_one_to_plain(Gp + u), p);
 }
 modp_NTT2_ext(Fp, 1, gm, logn - 1, p, p0i);
 modp_NTT2_ext(Gp, 1, gm, logn - 1, p, p0i);




 for (u = 0; u < n; u ++) {
  ft[u] = modp_set(f[u], p);
  gt[u] = modp_set(g[u], p);
 }
 modp_NTT2_ext(ft, 1, gm, logn, p, p0i);
 modp_NTT2_ext(gt, 1, gm, logn, p, p0i);




 for (u = 0; u < n; u += 2) {
  uint32_t ftA, ftB, gtA, gtB;
  uint32_t mFp, mGp;

  ftA = ft[u + 0];
  ftB = ft[u + 1];
  gtA = gt[u + 0];
  gtB = gt[u + 1];
  mFp = modp_montymul(Fp[u >> 1], R2, p, p0i);
  mGp = modp_montymul(Gp[u >> 1], R2, p, p0i);
  ft[u + 0] = modp_montymul(gtB, mFp, p, p0i);
  ft[u + 1] = modp_montymul(gtA, mFp, p, p0i);
  gt[u + 0] = modp_montymul(ftB, mGp, p, p0i);
  gt[u + 1] = modp_montymul(ftA, mGp, p, p0i);
 }
 modp_iNTT2_ext(ft, 1, igm, logn, p, p0i);
 modp_iNTT2_ext(gt, 1, igm, logn, p, p0i);

 Gp = Fp + n;
 t1 = Gp + n;
 memmove(Fp, ft, 2 * n * sizeof *ft);
# 6881 "inputs/bootstrap/source/falcon-keygen.c"
 t2 = t1 + n;
 t3 = t2 + n;
 t4 = t3 + n;
 t5 = t4 + n;





 modp_mkgm2(t1, t2, logn, PRIMES2[0].g, p, p0i);




 modp_NTT2_ext(Fp, 1, t1, logn, p, p0i);
 modp_NTT2_ext(Gp, 1, t1, logn, p, p0i);





 t4[0] = t5[0] = modp_set(f[0], p);
 for (u = 1; u < n; u ++) {
  t4[u] = modp_set(f[u], p);
  t5[n - u] = modp_set(-f[u], p);
 }
 modp_NTT2_ext(t4, 1, t1, logn, p, p0i);
 modp_NTT2_ext(t5, 1, t1, logn, p, p0i);




 for (u = 0; u < n; u ++) {
  uint32_t w;

  w = modp_montymul(t5[u], R2, p, p0i);
  t2[u] = modp_montymul(w, Fp[u], p, p0i);
  t3[u] = modp_montymul(w, t4[u], p, p0i);
 }





 t4[0] = t5[0] = modp_set(g[0], p);
 for (u = 1; u < n; u ++) {
  t4[u] = modp_set(g[u], p);
  t5[n - u] = modp_set(-g[u], p);
 }
 modp_NTT2_ext(t4, 1, t1, logn, p, p0i);
 modp_NTT2_ext(t5, 1, t1, logn, p, p0i);




 for (u = 0; u < n; u ++) {
  uint32_t w;

  w = modp_montymul(t5[u], R2, p, p0i);
  t2[u] = modp_add(t2[u],
   modp_montymul(w, Gp[u], p, p0i), p);
  t3[u] = modp_add(t3[u],
   modp_montymul(w, t4[u], p, p0i), p);
 }







 modp_mkgm2(t1, t4, logn, PRIMES2[0].g, p, p0i);
 modp_iNTT2_ext(t2, 1, t4, logn, p, p0i);
 modp_iNTT2_ext(t3, 1, t4, logn, p, p0i);
 for (u = 0; u < n; u ++) {
  t1[u] = (uint32_t)modp_norm(t2[u], p);
  t2[u] = (uint32_t)modp_norm(t3[u], p);
 }
# 6978 "inputs/bootstrap/source/falcon-keygen.c"
 rt3 = align_fpr(fk->tmp, t3);
 for (u = 0; u < n; u ++) {
  rt3[u] = fpr_of(((int32_t *)t2)[u]);
 }
 falcon_FFT(rt3, logn);
 rt2 = align_fpr(fk->tmp, t2);
 memmove(rt2, rt3, hn * sizeof *rt3);




 rt3 = rt2 + hn;
 for (u = 0; u < n; u ++) {
  rt3[u] = fpr_of(((int32_t *)t1)[u]);
 }
 falcon_FFT(rt3, logn);





 falcon_poly_div_autoadj_fft(rt3, rt2, logn);
 falcon_iFFT(rt3, logn);
 for (u = 0; u < n; u ++) {
  t1[u] = modp_set((int32_t)fpr_rint(rt3[u]), p);
 }
# 7014 "inputs/bootstrap/source/falcon-keygen.c"
 t2 = t1 + n;
 t3 = t2 + n;
 t4 = t3 + n;
 t5 = t4 + n;
 modp_mkgm2(t2, t3, logn, PRIMES2[0].g, p, p0i);
 for (u = 0; u < n; u ++) {
  t4[u] = modp_set(f[u], p);
  t5[u] = modp_set(g[u], p);
 }
 modp_NTT2_ext(t1, 1, t2, logn, p, p0i);
 modp_NTT2_ext(t4, 1, t2, logn, p, p0i);
 modp_NTT2_ext(t5, 1, t2, logn, p, p0i);
 for (u = 0; u < n; u ++) {
  uint32_t kw;

  kw = modp_montymul(t1[u], R2, p, p0i);
  Fp[u] = modp_sub(Fp[u],
   modp_montymul(kw, t4[u], p, p0i), p);
  Gp[u] = modp_sub(Gp[u],
   modp_montymul(kw, t5[u], p, p0i), p);
 }
 modp_iNTT2_ext(Fp, 1, t3, logn, p, p0i);
 modp_iNTT2_ext(Gp, 1, t3, logn, p, p0i);
 for (u = 0; u < n; u ++) {
  Fp[u] = (uint32_t)modp_norm(Fp[u], p);
  Gp[u] = (uint32_t)modp_norm(Gp[u], p);
 }

 return 1;
}







static int
solve_NTRU_ternary_depth0(falcon_keygen *fk,
 const int16_t *f, const int16_t *g)
{
 unsigned logn;
 size_t n, tn, hn, sn, u, v;
 uint32_t *Fp, *Gp, *t1;
 fpr *rt1, *rt2, *rt3, *rt4, *rt5;

 logn = fk->logn;
 n = (size_t)3 << (logn - 1);
 tn = (size_t)1 << (logn - 1);
 hn = n >> 1;
 sn = tn >> 1;






 Fp = fk->tmp;
 Gp = Fp + tn;
 t1 = Gp + tn;





 rt1 = align_fpr(fk->tmp, t1);
 rt2 = rt1 + n;
 rt3 = rt2 + n;
 poly_small_to_fp(rt1, f, logn, 1);
 poly_small_to_fp(rt2, g, logn, 1);
 falcon_FFT3(rt1, logn, 1);
 falcon_FFT3(rt2, logn, 1);
 falcon_poly_invnorm2_fft3(rt3, rt1, rt2, logn, 1);




 memmove(rt1, rt3, hn * sizeof *rt3);
 rt5 = rt1;




 rt1 = rt5 + hn;
 rt2 = rt1 + tn;
 for (u = 0; u < tn; u ++) {
  rt1[u] = fpr_of(zint_one_to_plain(Fp + u));
  rt2[u] = fpr_of(zint_one_to_plain(Gp + u));
 }
 falcon_FFT3(rt1, logn - 1, 0);
 falcon_FFT3(rt2, logn - 1, 0);




 memmove(fk->tmp, rt5, (hn + tn * 2) * sizeof(*rt1));
 rt5 = (fpr *)fk->tmp;
 rt1 = rt5 + hn;
 rt2 = rt1 + tn;







 rt3 = rt2 + tn;
 rt4 = rt3 + n;
 poly_small_to_fp(rt3, f, logn, 1);
 poly_small_to_fp(rt4, g, logn, 1);
 falcon_FFT3(rt3, logn, 1);
 falcon_FFT3(rt4, logn, 1);




 for (u = 0, v = 0; u < hn; u += 3, v ++) {
# 7150 "inputs/bootstrap/source/falcon-keygen.c"
  fpr Fre, Fim, Gre, Gim;
  fpr f1re, f1im, f2re, f2im, f3re, f3im;
  fpr g1re, g1im, g2re, g2im, g3re, g3im;
  fpr re, im;
# 7166 "inputs/bootstrap/source/falcon-keygen.c"
  Fre = rt1[v];
  Fim = rt1[v + sn];
  Gre = rt2[v];
  Gim = rt2[v + sn];
  f1re = rt3[u + 0];
  f1im = rt3[u + 0 + hn];
  f2re = rt3[u + 1];
  f2im = rt3[u + 1 + hn];
  f3re = rt3[u + 2];
  f3im = rt3[u + 2 + hn];
  g1re = rt4[u + 0];
  g1im = rt4[u + 0 + hn];
  g2re = rt4[u + 1];
  g2im = rt4[u + 1 + hn];
  g3re = rt4[u + 2];
  g3im = rt4[u + 2 + hn];

  do { fpr fpct_a_re, fpct_a_im; fpr fpct_b_re, fpct_b_im; fpr fpct_d_re, fpct_d_im; fpct_a_re = (f2re); fpct_a_im = (f2im); fpct_b_re = (f3re); fpct_b_im = (f3im); fpct_d_re = fpr_sub( fpr_mul(fpct_a_re, fpct_b_re), fpr_mul(fpct_a_im, fpct_b_im)); fpct_d_im = fpr_add( fpr_mul(fpct_a_re, fpct_b_im), fpr_mul(fpct_a_im, fpct_b_re)); (re) = fpct_d_re; (im) = fpct_d_im; } while (0);
  do { fpr fpct_a_re, fpct_a_im; fpr fpct_b_re, fpct_b_im; fpr fpct_d_re, fpct_d_im; fpct_a_re = (re); fpct_a_im = (im); fpct_b_re = (Gre); fpct_b_im = (Gim); fpct_d_re = fpr_sub( fpr_mul(fpct_a_re, fpct_b_re), fpr_mul(fpct_a_im, fpct_b_im)); fpct_d_im = fpr_add( fpr_mul(fpct_a_re, fpct_b_im), fpr_mul(fpct_a_im, fpct_b_re)); (rt4[u + 0]) = fpct_d_re; (rt4[u + 0 + hn]) = fpct_d_im; } while (0);
  do { fpr fpct_a_re, fpct_a_im; fpr fpct_b_re, fpct_b_im; fpr fpct_d_re, fpct_d_im; fpct_a_re = (f3re); fpct_a_im = (f3im); fpct_b_re = (f1re); fpct_b_im = (f1im); fpct_d_re = fpr_sub( fpr_mul(fpct_a_re, fpct_b_re), fpr_mul(fpct_a_im, fpct_b_im)); fpct_d_im = fpr_add( fpr_mul(fpct_a_re, fpct_b_im), fpr_mul(fpct_a_im, fpct_b_re)); (re) = fpct_d_re; (im) = fpct_d_im; } while (0);
  do { fpr fpct_a_re, fpct_a_im; fpr fpct_b_re, fpct_b_im; fpr fpct_d_re, fpct_d_im; fpct_a_re = (re); fpct_a_im = (im); fpct_b_re = (Gre); fpct_b_im = (Gim); fpct_d_re = fpr_sub( fpr_mul(fpct_a_re, fpct_b_re), fpr_mul(fpct_a_im, fpct_b_im)); fpct_d_im = fpr_add( fpr_mul(fpct_a_re, fpct_b_im), fpr_mul(fpct_a_im, fpct_b_re)); (rt4[u + 1]) = fpct_d_re; (rt4[u + 1 + hn]) = fpct_d_im; } while (0);
  do { fpr fpct_a_re, fpct_a_im; fpr fpct_b_re, fpct_b_im; fpr fpct_d_re, fpct_d_im; fpct_a_re = (f1re); fpct_a_im = (f1im); fpct_b_re = (f2re); fpct_b_im = (f2im); fpct_d_re = fpr_sub( fpr_mul(fpct_a_re, fpct_b_re), fpr_mul(fpct_a_im, fpct_b_im)); fpct_d_im = fpr_add( fpr_mul(fpct_a_re, fpct_b_im), fpr_mul(fpct_a_im, fpct_b_re)); (re) = fpct_d_re; (im) = fpct_d_im; } while (0);
  do { fpr fpct_a_re, fpct_a_im; fpr fpct_b_re, fpct_b_im; fpr fpct_d_re, fpct_d_im; fpct_a_re = (re); fpct_a_im = (im); fpct_b_re = (Gre); fpct_b_im = (Gim); fpct_d_re = fpr_sub( fpr_mul(fpct_a_re, fpct_b_re), fpr_mul(fpct_a_im, fpct_b_im)); fpct_d_im = fpr_add( fpr_mul(fpct_a_re, fpct_b_im), fpr_mul(fpct_a_im, fpct_b_re)); (rt4[u + 2]) = fpct_d_re; (rt4[u + 2 + hn]) = fpct_d_im; } while (0);
  do { fpr fpct_a_re, fpct_a_im; fpr fpct_b_re, fpct_b_im; fpr fpct_d_re, fpct_d_im; fpct_a_re = (g2re); fpct_a_im = (g2im); fpct_b_re = (g3re); fpct_b_im = (g3im); fpct_d_re = fpr_sub( fpr_mul(fpct_a_re, fpct_b_re), fpr_mul(fpct_a_im, fpct_b_im)); fpct_d_im = fpr_add( fpr_mul(fpct_a_re, fpct_b_im), fpr_mul(fpct_a_im, fpct_b_re)); (re) = fpct_d_re; (im) = fpct_d_im; } while (0);
  do { fpr fpct_a_re, fpct_a_im; fpr fpct_b_re, fpct_b_im; fpr fpct_d_re, fpct_d_im; fpct_a_re = (re); fpct_a_im = (im); fpct_b_re = (Fre); fpct_b_im = (Fim); fpct_d_re = fpr_sub( fpr_mul(fpct_a_re, fpct_b_re), fpr_mul(fpct_a_im, fpct_b_im)); fpct_d_im = fpr_add( fpr_mul(fpct_a_re, fpct_b_im), fpr_mul(fpct_a_im, fpct_b_re)); (rt3[u + 0]) = fpct_d_re; (rt3[u + 0 + hn]) = fpct_d_im; } while (0);
  do { fpr fpct_a_re, fpct_a_im; fpr fpct_b_re, fpct_b_im; fpr fpct_d_re, fpct_d_im; fpct_a_re = (g3re); fpct_a_im = (g3im); fpct_b_re = (g1re); fpct_b_im = (g1im); fpct_d_re = fpr_sub( fpr_mul(fpct_a_re, fpct_b_re), fpr_mul(fpct_a_im, fpct_b_im)); fpct_d_im = fpr_add( fpr_mul(fpct_a_re, fpct_b_im), fpr_mul(fpct_a_im, fpct_b_re)); (re) = fpct_d_re; (im) = fpct_d_im; } while (0);
  do { fpr fpct_a_re, fpct_a_im; fpr fpct_b_re, fpct_b_im; fpr fpct_d_re, fpct_d_im; fpct_a_re = (re); fpct_a_im = (im); fpct_b_re = (Fre); fpct_b_im = (Fim); fpct_d_re = fpr_sub( fpr_mul(fpct_a_re, fpct_b_re), fpr_mul(fpct_a_im, fpct_b_im)); fpct_d_im = fpr_add( fpr_mul(fpct_a_re, fpct_b_im), fpr_mul(fpct_a_im, fpct_b_re)); (rt3[u + 1]) = fpct_d_re; (rt3[u + 1 + hn]) = fpct_d_im; } while (0);
  do { fpr fpct_a_re, fpct_a_im; fpr fpct_b_re, fpct_b_im; fpr fpct_d_re, fpct_d_im; fpct_a_re = (g1re); fpct_a_im = (g1im); fpct_b_re = (g2re); fpct_b_im = (g2im); fpct_d_re = fpr_sub( fpr_mul(fpct_a_re, fpct_b_re), fpr_mul(fpct_a_im, fpct_b_im)); fpct_d_im = fpr_add( fpr_mul(fpct_a_re, fpct_b_im), fpr_mul(fpct_a_im, fpct_b_re)); (re) = fpct_d_re; (im) = fpct_d_im; } while (0);
  do { fpr fpct_a_re, fpct_a_im; fpr fpct_b_re, fpct_b_im; fpr fpct_d_re, fpct_d_im; fpct_a_re = (re); fpct_a_im = (im); fpct_b_re = (Fre); fpct_b_im = (Fim); fpct_d_re = fpr_sub( fpr_mul(fpct_a_re, fpct_b_re), fpr_mul(fpct_a_im, fpct_b_im)); fpct_d_im = fpr_add( fpr_mul(fpct_a_re, fpct_b_im), fpr_mul(fpct_a_im, fpct_b_re)); (rt3[u + 2]) = fpct_d_re; (rt3[u + 2 + hn]) = fpct_d_im; } while (0);


 }





 memmove(rt1, rt3, 2 * n * sizeof *rt3);
 rt2 = rt1 + n;
 rt3 = rt2 + n;
 rt4 = rt3 + n;
# 7218 "inputs/bootstrap/source/falcon-keygen.c"
 poly_small_to_fp(rt3, f, logn, 1);
 poly_small_to_fp(rt4, g, logn, 1);
 falcon_FFT3(rt3, logn, 1);
 falcon_FFT3(rt4, logn, 1);




 falcon_poly_adj_fft3(rt3, logn, 1);
 falcon_poly_adj_fft3(rt4, logn, 1);
 falcon_poly_mul_fft3(rt3, rt1, logn, 1);
 falcon_poly_mul_fft3(rt4, rt2, logn, 1);
 falcon_poly_add3(rt3, rt4, logn, 1);
 falcon_poly_mul_autoadj_fft3(rt3, rt5, logn, 1);




 falcon_iFFT3(rt3, logn, 1);
 for (u = 0; u < n; u ++) {
  rt3[u] = fpr_of(fpr_rint(rt3[u]));
 }
 falcon_FFT3(rt3, logn, 1);




 poly_small_to_fp(rt4, f, logn, 1);
 falcon_FFT3(rt4, logn, 1);
 falcon_poly_mul_fft3(rt4, rt3, logn, 1);
 falcon_poly_sub3(rt1, rt4, logn, 1);
 poly_small_to_fp(rt4, g, logn, 1);
 falcon_FFT3(rt4, logn, 1);
 falcon_poly_mul_fft3(rt4, rt3, logn, 1);
 falcon_poly_sub3(rt2, rt4, logn, 1);




 falcon_iFFT3(rt1, logn, 1);
 falcon_iFFT3(rt2, logn, 1);

 Fp = fk->tmp;
 Gp = Fp + n;
 t1 = Gp + n;
 rt5 = align_fpr(fk->tmp, t1);
 memmove(rt5, rt1, 2 * n * sizeof *rt1);
 rt1 = rt5;
 rt2 = rt1 + n;
 for (u = 0; u < n; u ++) {
  Fp[u] = (uint32_t)fpr_rint(rt1[u]);
  Gp[u] = (uint32_t)fpr_rint(rt2[u]);
 }

 return 1;
}




static int
solve_NTRU(falcon_keygen *fk, int16_t *F, int16_t *G,
 const int16_t *f, const int16_t *g)
{
 unsigned logn;
 size_t n, u;
 uint32_t *ft, *gt, *Ft, *Gt, *gm;
 uint32_t p, p0i, r;
 const small_prime *primes;

 logn = fk->logn;
 n = ((size_t)(1 + ((fk->ternary) << 1)) << ((logn) - (fk->ternary)));

 if (!solve_NTRU_deepest(fk, f, g)) {
  return 0;
 }







 if (logn <= 2) {
  unsigned depth;

  depth = logn;
  while (depth -- > 0) {
   if (!solve_NTRU_intermediate(fk, f, g, depth)) {
    return 0;
   }
  }
 } else {
  unsigned depth;

  depth = logn;
  if (fk->ternary) {
   while (depth -- > 1) {
    if (!solve_NTRU_intermediate(fk, f, g, depth)) {
     return 0;
    }
   }
   if (!solve_NTRU_ternary_depth0(fk, f, g)) {
    return 0;
   }
  } else {
   while (depth -- > 2) {
    if (!solve_NTRU_intermediate(fk, f, g, depth)) {
     return 0;
    }
   }
   if (!solve_NTRU_binary_depth1(fk, f, g)) {
    return 0;
   }
   if (!solve_NTRU_binary_depth0(fk, f, g)) {
    return 0;
   }
  }
 }





 if (!poly_big_to_small(F, fk->tmp, logn, fk->ternary)
  || !poly_big_to_small(G, fk->tmp + n, logn, fk->ternary))
 {
  return 0;
 }






 ft = fk->tmp;
 gt = ft + n;
 Ft = gt + n;
 Gt = Ft + n;
 gm = Gt + n;

 primes = fk->ternary ? PRIMES3 : PRIMES2;
 p = primes[0].p;
 p0i = modp_ninv31(p);
 if (fk->ternary) {
  modp_mkgm3(gm, ft, logn, 1, primes[0].g, p, p0i);
 } else {
  modp_mkgm2(gm, ft, logn, primes[0].g, p, p0i);
 }
 for (u = 0; u < n; u ++) {
  ft[u] = modp_set(f[u], p);
  gt[u] = modp_set(g[u], p);
  Ft[u] = modp_set(F[u], p);
  Gt[u] = modp_set(G[u], p);
 }
 if (fk->ternary) {
  modp_NTT3_ext(ft, 1, gm, logn, 1, p, p0i);
  modp_NTT3_ext(gt, 1, gm, logn, 1, p, p0i);
  modp_NTT3_ext(Ft, 1, gm, logn, 1, p, p0i);
  modp_NTT3_ext(Gt, 1, gm, logn, 1, p, p0i);
  r = modp_montymul(18433, 1, p, p0i);
 } else {
  modp_NTT2_ext(ft, 1, gm, logn, p, p0i);
  modp_NTT2_ext(gt, 1, gm, logn, p, p0i);
  modp_NTT2_ext(Ft, 1, gm, logn, p, p0i);
  modp_NTT2_ext(Gt, 1, gm, logn, p, p0i);
  r = modp_montymul(12289, 1, p, p0i);
 }
 for (u = 0; u < n; u ++) {
  uint32_t z;

  z = modp_sub(modp_montymul(ft[u], Gt[u], p, p0i),
   modp_montymul(gt[u], Ft[u], p, p0i), p);
  if (z != r) {
   return 0;
  }
 }

 return 1;
}







static void
poly_small_mkgauss(falcon_keygen *fk, int16_t *f, unsigned logn)
{
 size_t n, u;
 unsigned mod2;

 n = ((size_t)(1 + ((0) << 1)) << ((logn) - (0)));
 mod2 = 0;
 for (u = 0; u < n; u ++) {
  int s;

 restart:
  s = mkgauss(fk, logn);
  if (u == n - 1) {
   if ((mod2 ^ (unsigned)(s & 1)) == 0) {
    goto restart;
   }
  } else {
   mod2 ^= (unsigned)(s & 1);
  }
  f[u] = s;
 }
}

static void
smallints_to_fpr_keygen(fpr *r, const int16_t *t, unsigned logn, unsigned ter)
{
 size_t n, u;
 n = ((size_t)(1 + ((ter) << 1)) << ((logn) - (ter)));
 for (u = 0; u < n; u ++) {
  r[u] = fpr_of(t[u]);
 }
}
# 7453 "inputs/bootstrap/source/falcon-keygen.c"
static inline uint64_t
ft_fpr_bits_keygen(fpr x)
{
 uint64_t w;
 memcpy(&w, &x, sizeof w);
 return w;
}

static inline fpr
ft_fpr_from_bits_keygen(uint64_t w)
{
 fpr x;
 memcpy(&x, &w, sizeof x);
 return x;
}

static inline int
ft_fpr_is_positive_finite_keygen(fpr x)
{
 uint64_t w, e;
 w = ft_fpr_bits_keygen(x);
 e = (w >> 52) & 0x7FF;
 return (int)((w >> 63) == 0 && e != 0x7FF && (w << 1) != 0);
}

static fpr
ft_stable_positive_keygen(fpr x, uint32_t *bad)
{
 uint64_t mask, xb;
 uint32_t valid;
 valid = (uint32_t)ft_fpr_is_positive_finite_keygen(x);
 *bad |= valid ^ 1U;
 mask = (uint64_t)0 - (uint64_t)valid;
 xb = ft_fpr_bits_keygen(x);
 return ft_fpr_from_bits_keygen(
  (xb & mask) | (ft_fpr_bits_keygen(fpr_one) & ~mask));
}

static void
ft_stable_binary_inplace_keygen(fpr *values, size_t n,
 fpr *scratch, uint32_t *bad)
{
 size_t hn, u;
 if (n == 1) {
  values[0] = ft_stable_positive_keygen(values[0], bad);
  return;
 }
 hn = n >> 1;
 for (u = 0; u < hn; u ++) {
  fpr a, b, product, sum;
  a = ft_stable_positive_keygen(values[(u << 1) + 0], bad);
  b = ft_stable_positive_keygen(values[(u << 1) + 1], bad);
  sum = ft_stable_positive_keygen(fpr_add(a, b), bad);
  product = ft_stable_positive_keygen(fpr_mul(a, b), bad);
  scratch[u] = ft_stable_positive_keygen(fpr_half(sum), bad);
  scratch[u + hn] = ft_stable_positive_keygen(
   fpr_div(fpr_double(product), sum), bad);
 }
 memcpy(values, scratch, n * sizeof *values);
 ft_stable_binary_inplace_keygen(values, hn, scratch, bad);
 ft_stable_binary_inplace_keygen(values + hn, hn, scratch, bad);
}

static void
ft_stable_top_branch_keygen(const fpr *roots, fpr *leaves,
 fpr *scratch, uint32_t *bad)
{
 fpr three;
 size_t u, v;
 three = fpr_of(3);
 for (u = 0, v = 0; u < 768; u += 3, v ++) {
  fpr a, ab, abc, ac, b, bc, c, e1, e2;
  a = ft_stable_positive_keygen(roots[u + 0], bad);
  b = ft_stable_positive_keygen(roots[u + 1], bad);
  c = ft_stable_positive_keygen(roots[u + 2], bad);
  e1 = ft_stable_positive_keygen(fpr_add(fpr_add(a, b), c), bad);
  ab = ft_stable_positive_keygen(fpr_mul(a, b), bad);
  ac = ft_stable_positive_keygen(fpr_mul(a, c), bad);
  bc = ft_stable_positive_keygen(fpr_mul(b, c), bad);
  e2 = ft_stable_positive_keygen(fpr_add(fpr_add(ab, ac), bc), bad);
  abc = ft_stable_positive_keygen(fpr_mul(ab, c), bad);
  leaves[v] = ft_stable_positive_keygen(fpr_div(e1, three), bad);
  leaves[256 + v] = ft_stable_positive_keygen(fpr_div(e2, e1), bad);
  leaves[512 + v] = ft_stable_positive_keygen(
   fpr_div(fpr_mul(three, abc), e2), bad);
 }
 ft_stable_binary_inplace_keygen(leaves + 0, 256, scratch, bad);
 ft_stable_binary_inplace_keygen(leaves + 256, 256, scratch, bad);
 ft_stable_binary_inplace_keygen(leaves + 512, 256, scratch, bad);
}






static void
LDL_dim2_fft3_keygen(fpr *restrict d11, fpr *restrict l10,
 const fpr *restrict g00, const fpr *restrict g10,
 const fpr *restrict g11, unsigned logn, unsigned full)
{
 size_t n;
 n = ((size_t)(1 + ((full) << 1)) << ((logn) - (full)));
 memcpy(l10, g10, n * sizeof *g10);
 falcon_poly_div_autoadj_fft3(l10, g00, logn, full);
 memcpy(d11, g10, n * sizeof *g10);
 falcon_poly_muladj_fft3(d11, l10, logn, full);
 falcon_poly_neg3(d11, logn, full);
 falcon_poly_add3(d11, g11, logn, full);
}

static void
LDL_dim3_fft3_keygen(fpr *restrict d11, fpr *restrict d22,
 fpr *restrict l10, fpr *restrict l20, fpr *restrict l21,
 const fpr *restrict g00, const fpr *restrict g10,
 const fpr *restrict g11, const fpr *restrict g20,
 const fpr *restrict g21, const fpr *restrict g22,
 unsigned logn, unsigned full, fpr *restrict tmp)
{
 size_t n;
 n = ((size_t)(1 + ((full) << 1)) << ((logn) - (full)));
 LDL_dim2_fft3_keygen(d11, l10, g00, g10, g11, logn, full);
 memcpy(l20, g20, n * sizeof *g20);
 falcon_poly_div_autoadj_fft3(l20, g00, logn, full);
 memcpy(l21, g20, n * sizeof *g20);
 falcon_poly_muladj_fft3(l21, g10, logn, full);
 falcon_poly_div_autoadj_fft3(l21, g00, logn, full);
 falcon_poly_neg3(l21, logn, full);
 falcon_poly_add3(l21, g21, logn, full);
 falcon_poly_div_autoadj_fft3(l21, d11, logn, full);
 memcpy(d22, l20, n * sizeof *l20);
 falcon_poly_muladj_fft3(d22, g20, logn, full);
 falcon_poly_neg3(d22, logn, full);
 falcon_poly_add3(d22, g22, logn, full);
 memcpy(tmp, l21, n * sizeof *l21);
 falcon_poly_mulselfadj_fft3(tmp, logn, full);
 falcon_poly_mul_autoadj_fft3(tmp, d11, logn, full);
 falcon_poly_sub3(d22, tmp, logn, full);
}

static size_t
ffLDL_inner_fft3_keygen(fpr *restrict tree, const fpr *restrict g00,
 const fpr *restrict g10, const fpr *restrict g11,
 unsigned logn, fpr *restrict tmp)
{
 size_t n, hn, s;
 fpr *t0, *t1, *t2;
 n = (size_t)1 << logn;
 hn = n >> 1;
 if (logn == 1) {
  LDL_dim2_fft3_keygen(tmp, tree, g00, g10, g11, logn, 0);
  tree[2] = g00[0];
  tree[3] = tmp[0];
  return 4;
 }
 s = n;
 t0 = tmp;
 t1 = tmp + hn;
 t2 = t1 + hn;
 falcon_poly_split_deep_fft3(t0, t1, g00, logn);
 falcon_poly_adj_fft3(t1, logn - 1, 0);
 s += ffLDL_inner_fft3_keygen(tree + s, t0, t1, t0, logn - 1, t2);
 LDL_dim2_fft3_keygen(t2, tree, g00, g10, g11, logn, 0);
 falcon_poly_split_deep_fft3(t0, t1, t2, logn);
 falcon_poly_adj_fft3(t1, logn - 1, 0);
 s += ffLDL_inner_fft3_keygen(tree + s, t0, t1, t0, logn - 1, t2);
 return s;
}

static size_t
ffLDL_depth1_fft3_keygen(fpr *restrict tree, const fpr *restrict g00,
 const fpr *restrict g10, const fpr *restrict g11,
 const fpr *restrict g20, const fpr *restrict g21,
 const fpr *restrict g22, unsigned logn, fpr *restrict tmp)
{
 size_t n, hn, s;
 fpr *l10, *l20, *l21, *d11, *d22;
 fpr *t0, *t1, *t2;
 n = (size_t)1 << logn;
 hn = n >> 1;
 l10 = tree;
 l20 = l10 + n;
 l21 = l20 + n;
 d11 = tmp;
 d22 = d11 + n;
 t0 = d22 + n;
 t1 = t0 + hn;
 t2 = t1 + hn;
 s = 3 * n;
 LDL_dim3_fft3_keygen(d11, d22, l10, l20, l21,
  g00, g10, g11, g20, g21, g22, logn, 0, t2);
 falcon_poly_split_deep_fft3(t0, t1, g00, logn);
 falcon_poly_adj_fft3(t1, logn - 1, 0);
 s += ffLDL_inner_fft3_keygen(tree + s, t0, t1, t0, logn - 1, t2);
 falcon_poly_split_deep_fft3(t0, t1, d11, logn);
 falcon_poly_adj_fft3(t1, logn - 1, 0);
 s += ffLDL_inner_fft3_keygen(tree + s, t0, t1, t0, logn - 1, t2);
 falcon_poly_split_deep_fft3(t0, t1, d22, logn);
 falcon_poly_adj_fft3(t1, logn - 1, 0);
 s += ffLDL_inner_fft3_keygen(tree + s, t0, t1, t0, logn - 1, t2);
 return s;
}

static size_t
ffLDL_fft3_keygen(fpr *restrict tree, const fpr *restrict g00,
 const fpr *restrict g10, const fpr *restrict g11,
 unsigned logn, fpr *restrict tmp)
{
 size_t n, tn, s;
 fpr *l10, *d11, *t0, *t1, *t2, *t3;
 n = (size_t)3 << (logn - 1);
 tn = (size_t)1 << (logn - 1);
 l10 = tree;
 s = n;
 t0 = tmp;
 t1 = t0 + tn;
 t2 = t1 + tn;
 t3 = t2 + tn;
 falcon_poly_split_top_fft3(t0, t1, t2, g00, logn);
 falcon_poly_adj_fft3(t1, logn - 1, 0);
 falcon_poly_adj_fft3(t2, logn - 1, 0);
 s += ffLDL_depth1_fft3_keygen(tree + s, t0, t1, t0, t2, t1, t0, logn - 1, t3);
 d11 = t3;
 LDL_dim2_fft3_keygen(d11, l10, g00, g10, g11, logn, 1);
 falcon_poly_split_top_fft3(t0, t1, t2, d11, logn);
 falcon_poly_adj_fft3(t1, logn - 1, 0);
 falcon_poly_adj_fft3(t2, logn - 1, 0);
 s += ffLDL_depth1_fft3_keygen(tree + s, t0, t1, t0, t2, t1, t0, logn - 1, t3);
 return s;
}






static int
ft_keygen_leaf_certificate(fpr *tmp,
 const int16_t *f, const int16_t *g,
 const int16_t *F, const int16_t *G,
 unsigned logn, unsigned ter)
{
 size_t n, hn, u;
 uint32_t bad;
 fpr q_squared;
 n = ((size_t)(1 + ((ter) << 1)) << ((logn) - (ter)));
 hn = n >> 1;
 if (logn != 10 || n != 1536 || hn != 768 || ter != 1) {
  return 0;
 }
 bad = 0;
 {
  fpr *tf, *tg, *tF, *tG;
  fpr *g00, *g10, *g11, *gxx;
  fpr *tree, *t3, *leaves, *scratch;
  size_t treesize;
  tf = tmp;
  tg = tf + n;
  tF = tg + n;
  tG = tF + n;
  g00 = tG + n;
  g10 = g00 + n;
  g11 = g10 + n;
  gxx = g11 + n;
  smallints_to_fpr_keygen(tf, f, logn, 1);
  smallints_to_fpr_keygen(tg, g, logn, 1);
  smallints_to_fpr_keygen(tF, F, logn, 1);
  smallints_to_fpr_keygen(tG, G, logn, 1);
  falcon_FFT3(tf, logn, 1);
  falcon_FFT3(tg, logn, 1);
  falcon_FFT3(tF, logn, 1);
  falcon_FFT3(tG, logn, 1);
  falcon_poly_neg3(tf, logn, 1);
  falcon_poly_neg3(tF, logn, 1);
  memcpy(g00, tg, n * sizeof *tg);
  falcon_poly_mulselfadj_fft3(g00, logn, 1);
  memcpy(gxx, tf, n * sizeof *tf);
  falcon_poly_mulselfadj_fft3(gxx, logn, 1);
  falcon_poly_add3(g00, gxx, logn, 1);
  memcpy(g10, tG, n * sizeof *tG);
  falcon_poly_muladj_fft3(g10, tg, logn, 1);
  memcpy(gxx, tF, n * sizeof *tF);
  falcon_poly_muladj_fft3(gxx, tf, logn, 1);
  falcon_poly_add3(g10, gxx, logn, 1);
  memcpy(g11, tG, n * sizeof *tG);
  falcon_poly_mulselfadj_fft3(g11, logn, 1);
  memcpy(gxx, tF, n * sizeof *tF);
  falcon_poly_mulselfadj_fft3(gxx, logn, 1);
  falcon_poly_add3(g11, gxx, logn, 1);
  tree = gxx + n;
  treesize = (size_t)12 * n;
  t3 = tree + treesize;
  ffLDL_fft3_keygen(tree, g00, g10, g11, logn, t3);
  for (u = 0; u < hn; u ++) {
   uint32_t valid;
   uint64_t mask, xb;
   valid = (uint32_t)ft_fpr_is_positive_finite_keygen(g00[u]);
   valid &= (uint32_t)(1 ^ fpr_lt(g00[u], fpr_onehalf));
   bad |= valid ^ 1U;
   mask = (uint64_t)0 - (uint64_t)valid;
   xb = ft_fpr_bits_keygen(g00[u]);
   g00[u] = ft_fpr_from_bits_keygen(
    (xb & mask) | (ft_fpr_bits_keygen(fpr_one) & ~mask));
  }
  leaves = t3;
  scratch = leaves + n;
  ft_stable_top_branch_keygen(g00, leaves, scratch, &bad);
  q_squared = fpr_of(((int64_t)339775489));
  for (u = 0; u < hn; u ++) {
   leaves[n - 1 - u] = ft_stable_positive_keygen(
    fpr_div(q_squared, leaves[u]), &bad);
  }
  for (u = 0; u < n; u ++) {
   uint64_t bits;
   uint32_t valid;
   leaves[u] = ft_stable_positive_keygen(leaves[u], &bad);
   bits = ft_fpr_bits_keygen(leaves[u]);
   valid = (uint32_t)(1 ^ (uint32_t)((bits
    - 0x4090000053700377UL) >> 63));
   valid &= (uint32_t)(1 ^ (uint32_t)((0x4114444d1a037d50UL
    - bits) >> 63));
   bad |= valid ^ 1U;
  }
  return bad == 0;
 }
}


int
falcon_keygen_make(falcon_keygen *fk, int comp,
 void *privkey, size_t *privkey_len,
 void *pubkey, size_t *pubkey_len)
{
# 7805 "inputs/bootstrap/source/falcon-keygen.c"
 unsigned logn, ter;
 size_t n, u;
 int16_t f[3072], g[3072], F[3072], G[3072];
 uint16_t h[3072];
 size_t klen, skoff;
 unsigned char *skbuf;
 int16_t *ske[4];
 int i;
 uint64_t local_attempts;




 local_attempts = 0;





 logn = fk->logn;
 ter = fk->ternary;
 n = ((size_t)(1 + ((ter) << 1)) << ((logn) - (ter)));
# 7836 "inputs/bootstrap/source/falcon-keygen.c"
 if (!rng_ready(fk)) {
  return 0;
 }
# 7865 "inputs/bootstrap/source/falcon-keygen.c"
 for (;;) {
  if (ter) {
   local_attempts ++;

   if (local_attempts > 3000000) {



    return 0;
   }

   fpr *rt1, *rt2, *rt3;
   fpr norm, bound;

   rt1 = (fpr *)fk->tmp;
   rt2 = rt1 + n;
   rt3 = rt2 + n;






   sample_true_ternary_secret(fk, f, n);
   sample_true_ternary_secret(fk, g, n);
# 7931 "inputs/bootstrap/source/falcon-keygen.c"
   if (mod2_res_ternary(f, logn) == 0) {






    continue;
   }
   if (mod2_res_ternary(g, logn) == 0) {






    continue;
   }
# 7958 "inputs/bootstrap/source/falcon-keygen.c"
   bound = fpr_div(fpr_of(73732L * (long)n),
    fpr_sqrt(fpr_of(8)));

   bound = fpr_div(fpr_mul(bound,
    fpr_of(1250)),
    fpr_of(100));





   poly_small_to_fp(rt1, f, logn, 1);
   poly_small_to_fp(rt2, g, logn, 1);
   falcon_FFT3(rt1, logn, 1);
   falcon_FFT3(rt2, logn, 1);
   norm = fpr_of(0);
   for (u = 0; u < n; u ++) {
    norm = fpr_add(norm, fpr_sqr(rt1[u]));
    norm = fpr_add(norm, fpr_sqr(rt2[u]));
   }
   norm = fpr_double(norm);




   if (!fpr_lt(norm, bound)) {





    continue;
   }




   falcon_poly_invnorm2_fft3(rt3, rt1, rt2, logn, 1);
   falcon_poly_adj_fft3(rt1, logn, 1);
   falcon_poly_adj_fft3(rt2, logn, 1);
   falcon_poly_mulconst3(rt1, fpr_of(18433), logn, 1);
   falcon_poly_mulconst3(rt2, fpr_of(18433), logn, 1);
   falcon_poly_mul_autoadj_fft3(rt1, rt3, logn, 1);
   falcon_poly_mul_autoadj_fft3(rt2, rt3, logn, 1);
   norm = fpr_of(0);
   for (u = 0; u < n; u ++) {
    norm = fpr_add(norm, fpr_sqr(rt1[u]));
    norm = fpr_add(norm, fpr_sqr(rt2[u]));
   }
   norm = fpr_double(norm);




   if (!fpr_lt(norm, bound)) {





    continue;
   }
  } else {
   fpr *rt1, *rt2, *rt3;
   fpr bnorm;
   uint32_t normf, normg, norm;







   poly_small_mkgauss(fk, f, logn);
   poly_small_mkgauss(fk, g, logn);
# 8041 "inputs/bootstrap/source/falcon-keygen.c"
   normf = poly_small_sqnorm(f, logn, ter);
   normg = poly_small_sqnorm(g, logn, ter);
   norm = (normf + normg) | -((normf | normg) >> 31);
   if (norm >= 16823) {
    continue;
   }




   rt1 = (fpr *)fk->tmp;
   rt2 = rt1 + n;
   rt3 = rt2 + n;
   poly_small_to_fp(rt1, f, logn, 0);
   poly_small_to_fp(rt2, g, logn, 0);
   falcon_FFT(rt1, logn);
   falcon_FFT(rt2, logn);
   falcon_poly_invnorm2_fft(rt3, rt1, rt2, logn);
   falcon_poly_adj_fft(rt1, logn);
   falcon_poly_adj_fft(rt2, logn);
   falcon_poly_mulconst(rt1, fpr_of(12289), logn);
   falcon_poly_mulconst(rt2, fpr_of(12289), logn);
   falcon_poly_mul_autoadj_fft(rt1, rt3, logn);
   falcon_poly_mul_autoadj_fft(rt2, rt3, logn);
   falcon_iFFT(rt1, logn);
   falcon_iFFT(rt2, logn);
   bnorm = fpr_of(0);
   for (u = 0; u < n; u ++) {
    bnorm = fpr_add(bnorm, fpr_sqr(rt1[u]));
    bnorm = fpr_add(bnorm, fpr_sqr(rt2[u]));
   }
   if (!fpr_lt(bnorm, fpr_div(
    fpr_of(168224121), fpr_of(10000))))
   {
    continue;
   }
  }





  if (!falcon_compute_public(h, f, g, logn, ter)) {







   continue;
  }




  if (!solve_NTRU(fk, F, G, f, g)) {







   continue;
  }


  if (ter && logn == 10 && n == 1536) {
   if (!ft_keygen_leaf_certificate((fpr *)fk->tmp, f, g, F, G,
    logn, ter))
   {






    continue;
   }
  }
# 8134 "inputs/bootstrap/source/falcon-keygen.c"
  break;
 }




 klen = *privkey_len;
 skbuf = privkey;
 if (klen < 1) {
  return 0;
 }
 skbuf[0] = (ter << 7) + (comp << 5) + logn;
 skoff = 1;
 ske[0] = f;
 ske[1] = g;
 ske[2] = F;
 ske[3] = G;
 for (i = 0; i < 4; i ++) {
  size_t elen;

  elen = falcon_encode_small(skbuf + skoff, klen - skoff,
   comp, ter ? 18433 : 12289, ske[i], logn);
  if (elen == 0) {
   return 0;
  }
  skoff += elen;
 }
 *privkey_len = skoff;




 klen = *pubkey_len;
 if (klen < 1) {
  return 0;
 }
 ((unsigned char *)pubkey)[0] = (ter << 7) + logn;
 if (ter) {
  klen = falcon_encode_18433(
   (unsigned char *)pubkey + 1, klen - 1, h, logn);
 } else {
  klen = falcon_encode_12289(
   (unsigned char *)pubkey + 1, klen - 1, h, logn);
 }
 if (klen == 0) {
  return 0;
 }
 *pubkey_len = klen + 1;




 return 1;
}
