[
  [
    0,
    9726,
    4658815484840378368,
    4624083131993582979
  ],
  [
    1,
    9727,
    4658815484840378368,
    4624083131993582979
  ],
  [
    2,
    9730,
    4658815484840378368,
    4624083131993582979
  ],
  [
    3,
    9731,
    4658815484840378368,
    4624083131993582979
  ],
  [
    4,
    9738,
    4658815484840378368,
    4624083131993582979
  ],
  [
    5,
    9739,
    4658815484840378368,
    4624083131993582979
  ],
  [
    6,
    9742,
    4658815484840378368,
    4624083131993582979
  ],
  [
    7,
    9743,
    4658815484840378368,
    4624083131993582979
  ],
  [
    8,
    9758,
    4658815484840378368,
    4624083131993582979
  ],
  [
    9,
    9759,
    4658815484840378368,
    4624083131993582979
  ],
  [
    10,
    9762,
    4658815484840378368,
    4624083131993582979
  ],
  [
    11,
    9763,
    4658815484840378368,
    4624083131993582979
  ],
  [
    12,
    9770,
    4658815484840378368,
    4624083131993582979
  ],
  [
    13,
    9771,
    4658815484840378368,
    4624083131993582979
  ],
  [
    14,
    9774,
    4658815484840378368,
    4624083131993582979
  ],
  [
    15,
    9775,
    4658815484840378368,
    4624083131993582979
  ],
  [
    16,
    9806,
    4658815484840378368,
    4624083131993582979
  ],
  [
    17,
    9807,
    4658815484840378368,
    4624083131993582979
  ],
  [
    18,
    9810,
    4658815484840378368,
    4624083131993582979
  ],
  [
    19,
    9811,
    4658815484840378368,
    4624083131993582979
  ],
  [
    20,
    9818,
    4658815484840378368,
    4624083131993582979
  ],
  [
    21,
    9819,
    4658815484840378368,
    4624083131993582979
  ],
  [
    22,
    9822,
    4658815484840378368,
    4624083131993582979
  ],
  [
    23,
    9823,
    4658815484840378368,
    4624083131993582979
  ],
  [
    24,
    9838,
    4658815484840378368,
    4624083131993582979
  ],
  [
    25,
    9839,
    4658815484840378368,
    4624083131993582979
  ],
  [
    26,
    9842,
    4658815484840378368,
    4624083131993582979
  ],
  [
    27,
    9843,
    4658815484840378368,
    4624083131993582979
  ],
  [
    28,
    9850,
    4658815484840378368,
    4624083131993582979
  ],
  [
    29,
    9851,
    4658815484840378368,
    4624083131993582979
  ],
  [
    30,
    9854,
    4658815484840378368,
    4624083131993582979
  ],
  [
    31,
    9855,
    4658815484840378368,
    4624083131993582979
  ],
  [
    32,
    9918,
    4658815484840378368,
    4624083131993582979
  ],
  [
    33,
    9919,
    4658815484840378368,
    4624083131993582979
  ],
  [
    34,
    9922,
    4658815484840378368,
    4624083131993582979
  ],
  [
    35,
    9923,
    4658815484840378368,
    4624083131993582979
  ],
  [
    36,
    9930,
    4658815484840378368,
    4624083131993582979
  ],
  [
    37,
    9931,
    4658815484840378368,
    4624083131993582979
  ],
  [
    38,
    9934,
    4658815484840378368,
    4624083131993582979
  ],
  [
    39,
    9935,
    4658815484840378368,
    4624083131993582979
  ],
  [
    40,
    9950,
    4658815484840378368,
    4624083131993582979
  ],
  [
    41,
    9951,
    4658815484840378368,
    4624083131993582979
  ],
  [
    42,
    9954,
    4658815484840378368,
    4624083131993582979
  ],
  [
    43,
    9955,
    4658815484840378368,
    4624083131993582979
  ],
  [
    44,
    9962,
    4658815484840378368,
    4624083131993582979
  ],
  [
    45,
    9963,
    4658815484840378368,
    4624083131993582979
  ],
  [
    46,
    9966,
    4658815484840378368,
    4624083131993582979
  ],
  [
    47,
    9967,
    4658815484840378368,
    4624083131993582979
  ],
  [
    48,
    9998,
    4658815484840378368,
    4624083131993582979
  ],
  [
    49,
    9999,
    4658815484840378368,
    4624083131993582979
  ],
  [
    50,
    10002,
    4658815484840378368,
    4624083131993582979
  ],
  [
    51,
    10003,
    4658815484840378368,
    4624083131993582979
  ],
  [
    52,
    10010,
    4658815484840378368,
    4624083131993582979
  ],
  [
    53,
    10011,
    4658815484840378368,
    4624083131993582979
  ],
  [
    54,
    10014,
    4658815484840378368,
    4624083131993582979
  ],
  [
    55,
    10015,
    4658815484840378368,
    4624083131993582979
  ],
  [
    56,
    10030,
    4658815484840378368,
    4624083131993582979
  ],
  [
    57,
    10031,
    4658815484840378368,
    4624083131993582979
  ],
  [
    58,
    10034,
    4658815484840378368,
    4624083131993582979
  ],
  [
    59,
    10035,
    4658815484840378368,
    4624083131993582979
  ],
  [
    60,
    10042,
    4658815484840378368,
    4624083131993582979
  ],
  [
    61,
    10043,
    4658815484840378368,
    4624083131993582979
  ],
  [
    62,
    10046,
    4658815484840378368,
    4624083131993582979
  ],
  [
    63,
    10047,
    4658815484840378368,
    4624083131993582979
  ],
  [
    64,
    10174,
    4658815484840378368,
    4624083131993582979
  ],
  [
    65,
    10175,
    4658815484840378368,
    4624083131993582979
  ],
  [
    66,
    10178,
    4658815484840378368,
    4624083131993582979
  ],
  [
    67,
    10179,
    4658815484840378368,
    4624083131993582979
  ],
  [
    68,
    10186,
    4658815484840378368,
    4624083131993582979
  ],
  [
    69,
    10187,
    4658815484840378368,
    4624083131993582979
  ],
  [
    70,
    10190,
    4658815484840378368,
    4624083131993582979
  ],
  [
    71,
    10191,
    4658815484840378368,
    4624083131993582979
  ],
  [
    72,
    10206,
    4658815484840378368,
    4624083131993582979
  ],
  [
    73,
    10207,
    4658815484840378368,
    4624083131993582979
  ],
  [
    74,
    10210,
    4658815484840378368,
    4624083131993582979
  ],
  [
    75,
    10211,
    4658815484840378368,
    4624083131993582979
  ],
  [
    76,
    10218,
    4658815484840378368,
    4624083131993582979
  ],
  [
    77,
    10219,
    4658815484840378368,
    4624083131993582979
  ],
  [
    78,
    10222,
    4658815484840378368,
    4624083131993582979
  ],
  [
    79,
    10223,
    4658815484840378368,
    4624083131993582979
  ],
  [
    80,
    10254,
    4658815484840378368,
    4624083131993582979
  ],
  [
    81,
    10255,
    4658815484840378368,
    4624083131993582979
  ],
  [
    82,
    10258,
    4658815484840378368,
    4624083131993582979
  ],
  [
    83,
    10259,
    4658815484840378368,
    4624083131993582979
  ],
  [
    84,
    10266,
    4658815484840378368,
    4624083131993582979
  ],
  [
    85,
    10267,
    4658815484840378368,
    4624083131993582979
  ],
  [
    86,
    10270,
    4658815484840378368,
    4624083131993582979
  ],
  [
    87,
    10271,
    4658815484840378368,
    4624083131993582979
  ],
  [
    88,
    10286,
    4658815484840378368,
    4624083131993582979
  ],
  [
    89,
    10287,
    4658815484840378368,
    4624083131993582979
  ],
  [
    90,
    10290,
    4658815484840378368,
    4624083131993582979
  ],
  [
    91,
    10291,
    4658815484840378368,
    4624083131993582979
  ],
  [
    92,
    10298,
    4658815484840378368,
    4624083131993582979
  ],
  [
    93,
    10299,
    4658815484840378368,
    4624083131993582979
  ],
  [
    94,
    10302,
    4658815484840378368,
    4624083131993582979
  ],
  [
    95,
    10303,
    4658815484840378368,
    4624083131993582979
  ],
  [
    96,
    10366,
    4658815484840378368,
    4624083131993582979
  ],
  [
    97,
    10367,
    4658815484840378368,
    4624083131993582979
  ],
  [
    98,
    10370,
    4658815484840378368,
    4624083131993582979
  ],
  [
    99,
    10371,
    4658815484840378368,
    4624083131993582979
  ],
  [
    100,
    10378,
    4658815484840378368,
    4624083131993582979
  ],
  [
    101,
    10379,
    4658815484840378368,
    4624083131993582979
  ],
  [
    102,
    10382,
    4658815484840378368,
    4624083131993582979
  ],
  [
    103,
    10383,
    4658815484840378368,
    4624083131993582979
  ],
  [
    104,
    10398,
    4658815484840378368,
    4624083131993582979
  ],
  [
    105,
    10399,
    4658815484840378368,
    4624083131993582979
  ],
  [
    106,
    10402,
    4658815484840378368,
    4624083131993582979
  ],
  [
    107,
    10403,
    4658815484840378368,
    4624083131993582979
  ],
  [
    108,
    10410,
    4658815484840378368,
    4624083131993582979
  ],
  [
    109,
    10411,
    4658815484840378368,
    4624083131993582979
  ],
  [
    110,
    10414,
    4658815484840378368,
    4624083131993582979
  ],
  [
    111,
    10415,
    4658815484840378368,
    4624083131993582979
  ],
  [
    112,
    10446,
    4658815484840378368,
    4624083131993582979
  ],
  [
    113,
    10447,
    4658815484840378368,
    4624083131993582979
  ],
  [
    114,
    10450,
    4658815484840378368,
    4624083131993582979
  ],
  [
    115,
    10451,
    4658815484840378368,
    4624083131993582979
  ],
  [
    116,
    10458,
    4658815484840378368,
    4624083131993582979
  ],
  [
    117,
    10459,
    4658815484840378368,
    4624083131993582979
  ],
  [
    118,
    10462,
    4658815484840378368,
    4624083131993582979
  ],
  [
    119,
    10463,
    4658815484840378368,
    4624083131993582979
  ],
  [
    120,
    10478,
    4658815484840378368,
    4624083131993582979
  ],
  [
    121,
    10479,
    4658815484840378368,
    4624083131993582979
  ],
  [
    122,
    10482,
    4658815484840378368,
    4624083131993582979
  ],
  [
    123,
    10483,
    4658815484840378368,
    4624083131993582979
  ],
  [
    124,
    10490,
    4658815484840378368,
    4624083131993582979
  ],
  [
    125,
    10491,
    4658815484840378368,
    4624083131993582979
  ],
  [
    126,
    10494,
    4658815484840378368,
    4624083131993582979
  ],
  [
    127,
    10495,
    4658815484840378368,
    4624083131993582979
  ],
  [
    128,
    10750,
    4658815484840378368,
    4624083131993582979
  ],
  [
    129,
    10751,
    4658815484840378368,
    4624083131993582979
  ],
  [
    130,
    10754,
    4658815484840378368,
    4624083131993582979
  ],
  [
    131,
    10755,
    4658815484840378368,
    4624083131993582979
  ],
  [
    132,
    10762,
    4658815484840378368,
    4624083131993582979
  ],
  [
    133,
    10763,
    4658815484840378368,
    4624083131993582979
  ],
  [
    134,
    10766,
    4658815484840378368,
    4624083131993582979
  ],
  [
    135,
    10767,
    4658815484840378368,
    4624083131993582979
  ],
  [
    136,
    10782,
    4658815484840378368,
    4624083131993582979
  ],
  [
    137,
    10783,
    4658815484840378368,
    4624083131993582979
  ],
  [
    138,
    10786,
    4658815484840378368,
    4624083131993582979
  ],
  [
    139,
    10787,
    4658815484840378368,
    4624083131993582979
  ],
  [
    140,
    10794,
    4658815484840378368,
    4624083131993582979
  ],
  [
    141,
    10795,
    4658815484840378368,
    4624083131993582979
  ],
  [
    142,
    10798,
    4658815484840378368,
    4624083131993582979
  ],
  [
    143,
    10799,
    4658815484840378368,
    4624083131993582979
  ],
  [
    144,
    10830,
    4658815484840378368,
    4624083131993582979
  ],
  [
    145,
    10831,
    4658815484840378368,
    4624083131993582979
  ],
  [
    146,
    10834,
    4658815484840378368,
    4624083131993582979
  ],
  [
    147,
    10835,
    4658815484840378368,
    4624083131993582979
  ],
  [
    148,
    10842,
    4658815484840378368,
    4624083131993582979
  ],
  [
    149,
    10843,
    4658815484840378368,
    4624083131993582979
  ],
  [
    150,
    10846,
    4658815484840378368,
    4624083131993582979
  ],
  [
    151,
    10847,
    4658815484840378368,
    4624083131993582979
  ],
  [
    152,
    10862,
    4658815484840378368,
    4624083131993582979
  ],
  [
    153,
    10863,
    4658815484840378368,
    4624083131993582979
  ],
  [
    154,
    10866,
    4658815484840378368,
    4624083131993582979
  ],
  [
    155,
    10867,
    4658815484840378368,
    4624083131993582979
  ],
  [
    156,
    10874,
    4658815484840378368,
    4624083131993582979
  ],
  [
    157,
    10875,
    4658815484840378368,
    4624083131993582979
  ],
  [
    158,
    10878,
    4658815484840378368,
    4624083131993582979
  ],
  [
    159,
    10879,
    4658815484840378368,
    4624083131993582979
  ],
  [
    160,
    10942,
    4658815484840378368,
    4624083131993582979
  ],
  [
    161,
    10943,
    4658815484840378368,
    4624083131993582979
  ],
  [
    162,
    10946,
    4658815484840378368,
    4624083131993582979
  ],
  [
    163,
    10947,
    4658815484840378368,
    4624083131993582979
  ],
  [
    164,
    10954,
    4658815484840378368,
    4624083131993582979
  ],
  [
    165,
    10955,
    4658815484840378368,
    4624083131993582979
  ],
  [
    166,
    10958,
    4658815484840378368,
    4624083131993582979
  ],
  [
    167,
    10959,
    4658815484840378368,
    4624083131993582979
  ],
  [
    168,
    10974,
    4658815484840378368,
    4624083131993582979
  ],
  [
    169,
    10975,
    4658815484840378368,
    4624083131993582979
  ],
  [
    170,
    10978,
    4658815484840378368,
    4624083131993582979
  ],
  [
    171,
    10979,
    4658815484840378368,
    4624083131993582979
  ],
  [
    172,
    10986,
    4658815484840378368,
    4624083131993582979
  ],
  [
    173,
    10987,
    4658815484840378368,
    4624083131993582979
  ],
  [
    174,
    10990,
    4658815484840378368,
    4624083131993582979
  ],
  [
    175,
    10991,
    4658815484840378368,
    4624083131993582979
  ],
  [
    176,
    11022,
    4658815484840378368,
    4624083131993582979
  ],
  [
    177,
    11023,
    4658815484840378368,
    4624083131993582979
  ],
  [
    178,
    11026,
    4658815484840378368,
    4624083131993582979
  ],
  [
    179,
    11027,
    4658815484840378368,
    4624083131993582979
  ],
  [
    180,
    11034,
    4658815484840378368,
    4624083131993582979
  ],
  [
    181,
    11035,
    4658815484840378368,
    4624083131993582979
  ],
  [
    182,
    11038,
    4658815484840378368,
    4624083131993582979
  ],
  [
    183,
    11039,
    4658815484840378368,
    4624083131993582979
  ],
  [
    184,
    11054,
    4658815484840378368,
    4624083131993582979
  ],
  [
    185,
    11055,
    4658815484840378368,
    4624083131993582979
  ],
  [
    186,
    11058,
    4658815484840378368,
    4624083131993582979
  ],
  [
    187,
    11059,
    4658815484840378368,
    4624083131993582979
  ],
  [
    188,
    11066,
    4658815484840378368,
    4624083131993582979
  ],
  [
    189,
    11067,
    4658815484840378368,
    4624083131993582979
  ],
  [
    190,
    11070,
    4658815484840378368,
    4624083131993582979
  ],
  [
    191,
    11071,
    4658815484840378368,
    4624083131993582979
  ],
  [
    192,
    11198,
    4658815484840378368,
    4624083131993582979
  ],
  [
    193,
    11199,
    4658815484840378368,
    4624083131993582979
  ],
  [
    194,
    11202,
    4658815484840378368,
    4624083131993582979
  ],
  [
    195,
    11203,
    4658815484840378368,
    4624083131993582979
  ],
  [
    196,
    11210,
    4658815484840378368,
    4624083131993582979
  ],
  [
    197,
    11211,
    4658815484840378368,
    4624083131993582979
  ],
  [
    198,
    11214,
    4658815484840378368,
    4624083131993582979
  ],
  [
    199,
    11215,
    4658815484840378368,
    4624083131993582979
  ],
  [
    200,
    11230,
    4658815484840378368,
    4624083131993582979
  ],
  [
    201,
    11231,
    4658815484840378368,
    4624083131993582979
  ],
  [
    202,
    11234,
    4658815484840378368,
    4624083131993582979
  ],
  [
    203,
    11235,
    4658815484840378368,
    4624083131993582979
  ],
  [
    204,
    11242,
    4658815484840378368,
    4624083131993582979
  ],
  [
    205,
    11243,
    4658815484840378368,
    4624083131993582979
  ],
  [
    206,
    11246,
    4658815484840378368,
    4624083131993582979
  ],
  [
    207,
    11247,
    4658815484840378368,
    4624083131993582979
  ],
  [
    208,
    11278,
    4658815484840378368,
    4624083131993582979
  ],
  [
    209,
    11279,
    4658815484840378368,
    4624083131993582979
  ],
  [
    210,
    11282,
    4658815484840378368,
    4624083131993582979
  ],
  [
    211,
    11283,
    4658815484840378368,
    4624083131993582979
  ],
  [
    212,
    11290,
    4658815484840378368,
    4624083131993582979
  ],
  [
    213,
    11291,
    4658815484840378368,
    4624083131993582979
  ],
  [
    214,
    11294,
    4658815484840378368,
    4624083131993582979
  ],
  [
    215,
    11295,
    4658815484840378368,
    4624083131993582979
  ],
  [
    216,
    11310,
    4658815484840378368,
    4624083131993582979
  ],
  [
    217,
    11311,
    4658815484840378368,
    4624083131993582979
  ],
  [
    218,
    11314,
    4658815484840378368,
    4624083131993582979
  ],
  [
    219,
    11315,
    4658815484840378368,
    4624083131993582979
  ],
  [
    220,
    11322,
    4658815484840378368,
    4624083131993582979
  ],
  [
    221,
    11323,
    4658815484840378368,
    4624083131993582979
  ],
  [
    222,
    11326,
    4658815484840378368,
    4624083131993582979
  ],
  [
    223,
    11327,
    4658815484840378368,
    4624083131993582979
  ],
  [
    224,
    11390,
    4658815484840378368,
    4624083131993582979
  ],
  [
    225,
    11391,
    4658815484840378368,
    4624083131993582979
  ],
  [
    226,
    11394,
    4658815484840378368,
    4624083131993582979
  ],
  [
    227,
    11395,
    4658815484840378368,
    4624083131993582979
  ],
  [
    228,
    11402,
    4658815484840378368,
    4624083131993582979
  ],
  [
    229,
    11403,
    4658815484840378368,
    4624083131993582979
  ],
  [
    230,
    11406,
    4658815484840378368,
    4624083131993582979
  ],
  [
    231,
    11407,
    4658815484840378368,
    4624083131993582979
  ],
  [
    232,
    11422,
    4658815484840378368,
    4624083131993582979
  ],
  [
    233,
    11423,
    4658815484840378368,
    4624083131993582979
  ],
  [
    234,
    11426,
    4658815484840378368,
    4624083131993582979
  ],
  [
    235,
    11427,
    4658815484840378368,
    4624083131993582979
  ],
  [
    236,
    11434,
    4658815484840378368,
    4624083131993582979
  ],
  [
    237,
    11435,
    4658815484840378368,
    4624083131993582979
  ],
  [
    238,
    11438,
    4658815484840378368,
    4624083131993582979
  ],
  [
    239,
    11439,
    4658815484840378368,
    4624083131993582979
  ],
  [
    240,
    11470,
    4658815484840378368,
    4624083131993582979
  ],
  [
    241,
    11471,
    4658815484840378368,
    4624083131993582979
  ],
  [
    242,
    11474,
    4658815484840378368,
    4624083131993582979
  ],
  [
    243,
    11475,
    4658815484840378368,
    4624083131993582979
  ],
  [
    244,
    11482,
    4658815484840378368,
    4624083131993582979
  ],
  [
    245,
    11483,
    4658815484840378368,
    4624083131993582979
  ],
  [
    246,
    11486,
    4658815484840378368,
    4624083131993582979
  ],
  [
    247,
    11487,
    4658815484840378368,
    4624083131993582979
  ],
  [
    248,
    11502,
    4658815484840378368,
    4624083131993582979
  ],
  [
    249,
    11503,
    4658815484840378368,
    4624083131993582979
  ],
  [
    250,
    11506,
    4658815484840378368,
    4624083131993582979
  ],
  [
    251,
    11507,
    4658815484840378368,
    4624083131993582979
  ],
  [
    252,
    11514,
    4658815484840378368,
    4624083131993582979
  ],
  [
    253,
    11515,
    4658815484840378368,
    4624083131993582979
  ],
  [
    254,
    11518,
    4658815484840378368,
    4624083131993582979
  ],
  [
    255,
    11519,
    4658815484840378368,
    4624083131993582979
  ],
  [
    256,
    12030,
    4658815484840378368,
    4624083131993582979
  ],
  [
    257,
    12031,
    4658815484840378368,
    4624083131993582979
  ],
  [
    258,
    12034,
    4658815484840378368,
    4624083131993582979
  ],
  [
    259,
    12035,
    4658815484840378368,
    4624083131993582979
  ],
  [
    260,
    12042,
    4658815484840378368,
    4624083131993582979
  ],
  [
    261,
    12043,
    4658815484840378368,
    4624083131993582979
  ],
  [
    262,
    12046,
    4658815484840378368,
    4624083131993582979
  ],
  [
    263,
    12047,
    4658815484840378368,
    4624083131993582979
  ],
  [
    264,
    12062,
    4658815484840378368,
    4624083131993582979
  ],
  [
    265,
    12063,
    4658815484840378368,
    4624083131993582979
  ],
  [
    266,
    12066,
    4658815484840378368,
    4624083131993582979
  ],
  [
    267,
    12067,
    4658815484840378368,
    4624083131993582979
  ],
  [
    268,
    12074,
    4658815484840378368,
    4624083131993582979
  ],
  [
    269,
    12075,
    4658815484840378368,
    4624083131993582979
  ],
  [
    270,
    12078,
    4658815484840378368,
    4624083131993582979
  ],
  [
    271,
    12079,
    4658815484840378368,
    4624083131993582979
  ],
  [
    272,
    12110,
    4658815484840378368,
    4624083131993582979
  ],
  [
    273,
    12111,
    4658815484840378368,
    4624083131993582979
  ],
  [
    274,
    12114,
    4658815484840378368,
    4624083131993582979
  ],
  [
    275,
    12115,
    4658815484840378368,
    4624083131993582979
  ],
  [
    276,
    12122,
    4658815484840378368,
    4624083131993582979
  ],
  [
    277,
    12123,
    4658815484840378368,
    4624083131993582979
  ],
  [
    278,
    12126,
    4658815484840378368,
    4624083131993582979
  ],
  [
    279,
    12127,
    4658815484840378368,
    4624083131993582979
  ],
  [
    280,
    12142,
    4658815484840378368,
    4624083131993582979
  ],
  [
    281,
    12143,
    4658815484840378368,
    4624083131993582979
  ],
  [
    282,
    12146,
    4658815484840378368,
    4624083131993582979
  ],
  [
    283,
    12147,
    4658815484840378368,
    4624083131993582979
  ],
  [
    284,
    12154,
    4658815484840378368,
    4624083131993582979
  ],
  [
    285,
    12155,
    4658815484840378368,
    4624083131993582979
  ],
  [
    286,
    12158,
    4658815484840378368,
    4624083131993582979
  ],
  [
    287,
    12159,
    4658815484840378368,
    4624083131993582979
  ],
  [
    288,
    12222,
    4658815484840378368,
    4624083131993582979
  ],
  [
    289,
    12223,
    4658815484840378368,
    4624083131993582979
  ],
  [
    290,
    12226,
    4658815484840378368,
    4624083131993582979
  ],
  [
    291,
    12227,
    4658815484840378368,
    4624083131993582979
  ],
  [
    292,
    12234,
    4658815484840378368,
    4624083131993582979
  ],
  [
    293,
    12235,
    4658815484840378368,
    4624083131993582979
  ],
  [
    294,
    12238,
    4658815484840378368,
    4624083131993582979
  ],
  [
    295,
    12239,
    4658815484840378368,
    4624083131993582979
  ],
  [
    296,
    12254,
    4658815484840378368,
    4624083131993582979
  ],
  [
    297,
    12255,
    4658815484840378368,
    4624083131993582979
  ],
  [
    298,
    12258,
    4658815484840378368,
    4624083131993582979
  ],
  [
    299,
    12259,
    4658815484840378368,
    4624083131993582979
  ],
  [
    300,
    12266,
    4658815484840378368,
    4624083131993582979
  ],
  [
    301,
    12267,
    4658815484840378368,
    4624083131993582979
  ],
  [
    302,
    12270,
    4658815484840378368,
    4624083131993582979
  ],
  [
    303,
    12271,
    4658815484840378368,
    4624083131993582979
  ],
  [
    304,
    12302,
    4658815484840378368,
    4624083131993582979
  ],
  [
    305,
    12303,
    4658815484840378368,
    4624083131993582979
  ],
  [
    306,
    12306,
    4658815484840378368,
    4624083131993582979
  ],
  [
    307,
    12307,
    4658815484840378368,
    4624083131993582979
  ],
  [
    308,
    12314,
    4658815484840378368,
    4624083131993582979
  ],
  [
    309,
    12315,
    4658815484840378368,
    4624083131993582979
  ],
  [
    310,
    12318,
    4658815484840378368,
    4624083131993582979
  ],
  [
    311,
    12319,
    4658815484840378368,
    4624083131993582979
  ],
  [
    312,
    12334,
    4658815484840378368,
    4624083131993582979
  ],
  [
    313,
    12335,
    4658815484840378368,
    4624083131993582979
  ],
  [
    314,
    12338,
    4658815484840378368,
    4624083131993582979
  ],
  [
    315,
    12339,
    4658815484840378368,
    4624083131993582979
  ],
  [
    316,
    12346,
    4658815484840378368,
    4624083131993582979
  ],
  [
    317,
    12347,
    4658815484840378368,
    4624083131993582979
  ],
  [
    318,
    12350,
    4658815484840378368,
    4624083131993582979
  ],
  [
    319,
    12351,
    4658815484840378368,
    4624083131993582979
  ],
  [
    320,
    12478,
    4658815484840378368,
    4624083131993582979
  ],
  [
    321,
    12479,
    4658815484840378368,
    4624083131993582979
  ],
  [
    322,
    12482,
    4658815484840378368,
    4624083131993582979
  ],
  [
    323,
    12483,
    4658815484840378368,
    4624083131993582979
  ],
  [
    324,
    12490,
    4658815484840378368,
    4624083131993582979
  ],
  [
    325,
    12491,
    4658815484840378368,
    4624083131993582979
  ],
  [
    326,
    12494,
    4658815484840378368,
    4624083131993582979
  ],
  [
    327,
    12495,
    4658815484840378368,
    4624083131993582979
  ],
  [
    328,
    12510,
    4658815484840378368,
    4624083131993582979
  ],
  [
    329,
    12511,
    4658815484840378368,
    4624083131993582979
  ],
  [
    330,
    12514,
    4658815484840378368,
    4624083131993582979
  ],
  [
    331,
    12515,
    4658815484840378368,
    4624083131993582979
  ],
  [
    332,
    12522,
    4658815484840378368,
    4624083131993582979
  ],
  [
    333,
    12523,
    4658815484840378368,
    4624083131993582979
  ],
  [
    334,
    12526,
    4658815484840378368,
    4624083131993582979
  ],
  [
    335,
    12527,
    4658815484840378368,
    4624083131993582979
  ],
  [
    336,
    12558,
    4658815484840378368,
    4624083131993582979
  ],
  [
    337,
    12559,
    4658815484840378368,
    4624083131993582979
  ],
  [
    338,
    12562,
    4658815484840378368,
    4624083131993582979
  ],
  [
    339,
    12563,
    4658815484840378368,
    4624083131993582979
  ],
  [
    340,
    12570,
    4658815484840378368,
    4624083131993582979
  ],
  [
    341,
    12571,
    4658815484840378368,
    4624083131993582979
  ],
  [
    342,
    12574,
    4658815484840378368,
    4624083131993582979
  ],
  [
    343,
    12575,
    4658815484840378368,
    4624083131993582979
  ],
  [
    344,
    12590,
    4658815484840378368,
    4624083131993582979
  ],
  [
    345,
    12591,
    4658815484840378368,
    4624083131993582979
  ],
  [
    346,
    12594,
    4658815484840378368,
    4624083131993582979
  ],
  [
    347,
    12595,
    4658815484840378368,
    4624083131993582979
  ],
  [
    348,
    12602,
    4658815484840378368,
    4624083131993582979
  ],
  [
    349,
    12603,
    4658815484840378368,
    4624083131993582979
  ],
  [
    350,
    12606,
    4658815484840378368,
    4624083131993582979
  ],
  [
    351,
    12607,
    4658815484840378368,
    4624083131993582979
  ],
  [
    352,
    12670,
    4658815484840378368,
    4624083131993582979
  ],
  [
    353,
    12671,
    4658815484840378368,
    4624083131993582979
  ],
  [
    354,
    12674,
    4658815484840378368,
    4624083131993582979
  ],
  [
    355,
    12675,
    4658815484840378368,
    4624083131993582979
  ],
  [
    356,
    12682,
    4658815484840378368,
    4624083131993582979
  ],
  [
    357,
    12683,
    4658815484840378368,
    4624083131993582979
  ],
  [
    358,
    12686,
    4658815484840378368,
    4624083131993582979
  ],
  [
    359,
    12687,
    4658815484840378368,
    4624083131993582979
  ],
  [
    360,
    12702,
    4658815484840378368,
    4624083131993582979
  ],
  [
    361,
    12703,
    4658815484840378368,
    4624083131993582979
  ],
  [
    362,
    12706,
    4658815484840378368,
    4624083131993582979
  ],
  [
    363,
    12707,
    4658815484840378368,
    4624083131993582979
  ],
  [
    364,
    12714,
    4658815484840378368,
    4624083131993582979
  ],
  [
    365,
    12715,
    4658815484840378368,
    4624083131993582979
  ],
  [
    366,
    12718,
    4658815484840378368,
    4624083131993582979
  ],
  [
    367,
    12719,
    4658815484840378368,
    4624083131993582979
  ],
  [
    368,
    12750,
    4658815484840378368,
    4624083131993582979
  ],
  [
    369,
    12751,
    4658815484840378368,
    4624083131993582979
  ],
  [
    370,
    12754,
    4658815484840378368,
    4624083131993582979
  ],
  [
    371,
    12755,
    4658815484840378368,
    4624083131993582979
  ],
  [
    372,
    12762,
    4658815484840378368,
    4624083131993582979
  ],
  [
    373,
    12763,
    4658815484840378368,
    4624083131993582979
  ],
  [
    374,
    12766,
    4658815484840378368,
    4624083131993582979
  ],
  [
    375,
    12767,
    4658815484840378368,
    4624083131993582979
  ],
  [
    376,
    12782,
    4658815484840378368,
    4624083131993582979
  ],
  [
    377,
    12783,
    4658815484840378368,
    4624083131993582979
  ],
  [
    378,
    12786,
    4658815484840378368,
    4624083131993582979
  ],
  [
    379,
    12787,
    4658815484840378368,
    4624083131993582979
  ],
  [
    380,
    12794,
    4658815484840378368,
    4624083131993582979
  ],
  [
    381,
    12795,
    4658815484840378368,
    4624083131993582979
  ],
  [
    382,
    12798,
    4658815484840378368,
    4624083131993582979
  ],
  [
    383,
    12799,
    4658815484840378368,
    4624083131993582979
  ],
  [
    384,
    13054,
    4658815484840378368,
    4624083131993582979
  ],
  [
    385,
    13055,
    4658815484840378368,
    4624083131993582979
  ],
  [
    386,
    13058,
    4658815484840378368,
    4624083131993582979
  ],
  [
    387,
    13059,
    4658815484840378368,
    4624083131993582979
  ],
  [
    388,
    13066,
    4658815484840378368,
    4624083131993582979
  ],
  [
    389,
    13067,
    4658815484840378368,
    4624083131993582979
  ],
  [
    390,
    13070,
    4658815484840378368,
    4624083131993582979
  ],
  [
    391,
    13071,
    4658815484840378368,
    4624083131993582979
  ],
  [
    392,
    13086,
    4658815484840378368,
    4624083131993582979
  ],
  [
    393,
    13087,
    4658815484840378368,
    4624083131993582979
  ],
  [
    394,
    13090,
    4658815484840378368,
    4624083131993582979
  ],
  [
    395,
    13091,
    4658815484840378368,
    4624083131993582979
  ],
  [
    396,
    13098,
    4658815484840378368,
    4624083131993582979
  ],
  [
    397,
    13099,
    4658815484840378368,
    4624083131993582979
  ],
  [
    398,
    13102,
    4658815484840378368,
    4624083131993582979
  ],
  [
    399,
    13103,
    4658815484840378368,
    4624083131993582979
  ],
  [
    400,
    13134,
    4658815484840378368,
    4624083131993582979
  ],
  [
    401,
    13135,
    4658815484840378368,
    4624083131993582979
  ],
  [
    402,
    13138,
    4658815484840378368,
    4624083131993582979
  ],
  [
    403,
    13139,
    4658815484840378368,
    4624083131993582979
  ],
  [
    404,
    13146,
    4658815484840378368,
    4624083131993582979
  ],
  [
    405,
    13147,
    4658815484840378368,
    4624083131993582979
  ],
  [
    406,
    13150,
    4658815484840378368,
    4624083131993582979
  ],
  [
    407,
    13151,
    4658815484840378368,
    4624083131993582979
  ],
  [
    408,
    13166,
    4658815484840378368,
    4624083131993582979
  ],
  [
    409,
    13167,
    4658815484840378368,
    4624083131993582979
  ],
  [
    410,
    13170,
    4658815484840378368,
    4624083131993582979
  ],
  [
    411,
    13171,
    4658815484840378368,
    4624083131993582979
  ],
  [
    412,
    13178,
    4658815484840378368,
    4624083131993582979
  ],
  [
    413,
    13179,
    4658815484840378368,
    4624083131993582979
  ],
  [
    414,
    13182,
    4658815484840378368,
    4624083131993582979
  ],
  [
    415,
    13183,
    4658815484840378368,
    4624083131993582979
  ],
  [
    416,
    13246,
    4658815484840378368,
    4624083131993582979
  ],
  [
    417,
    13247,
    4658815484840378368,
    4624083131993582979
  ],
  [
    418,
    13250,
    4658815484840378368,
    4624083131993582979
  ],
  [
    419,
    13251,
    4658815484840378368,
    4624083131993582979
  ],
  [
    420,
    13258,
    4658815484840378368,
    4624083131993582979
  ],
  [
    421,
    13259,
    4658815484840378368,
    4624083131993582979
  ],
  [
    422,
    13262,
    4658815484840378368,
    4624083131993582979
  ],
  [
    423,
    13263,
    4658815484840378368,
    4624083131993582979
  ],
  [
    424,
    13278,
    4658815484840378368,
    4624083131993582979
  ],
  [
    425,
    13279,
    4658815484840378368,
    4624083131993582979
  ],
  [
    426,
    13282,
    4658815484840378368,
    4624083131993582979
  ],
  [
    427,
    13283,
    4658815484840378368,
    4624083131993582979
  ],
  [
    428,
    13290,
    4658815484840378368,
    4624083131993582979
  ],
  [
    429,
    13291,
    4658815484840378368,
    4624083131993582979
  ],
  [
    430,
    13294,
    4658815484840378368,
    4624083131993582979
  ],
  [
    431,
    13295,
    4658815484840378368,
    4624083131993582979
  ],
  [
    432,
    13326,
    4658815484840378368,
    4624083131993582979
  ],
  [
    433,
    13327,
    4658815484840378368,
    4624083131993582979
  ],
  [
    434,
    13330,
    4658815484840378368,
    4624083131993582979
  ],
  [
    435,
    13331,
    4658815484840378368,
    4624083131993582979
  ],
  [
    436,
    13338,
    4658815484840378368,
    4624083131993582979
  ],
  [
    437,
    13339,
    4658815484840378368,
    4624083131993582979
  ],
  [
    438,
    13342,
    4658815484840378368,
    4624083131993582979
  ],
  [
    439,
    13343,
    4658815484840378368,
    4624083131993582979
  ],
  [
    440,
    13358,
    4658815484840378368,
    4624083131993582979
  ],
  [
    441,
    13359,
    4658815484840378368,
    4624083131993582979
  ],
  [
    442,
    13362,
    4658815484840378368,
    4624083131993582979
  ],
  [
    443,
    13363,
    4658815484840378368,
    4624083131993582979
  ],
  [
    444,
    13370,
    4658815484840378368,
    4624083131993582979
  ],
  [
    445,
    13371,
    4658815484840378368,
    4624083131993582979
  ],
  [
    446,
    13374,
    4658815484840378368,
    4624083131993582979
  ],
  [
    447,
    13375,
    4658815484840378368,
    4624083131993582979
  ],
  [
    448,
    13502,
    4658815484840378368,
    4624083131993582979
  ],
  [
    449,
    13503,
    4658815484840378368,
    4624083131993582979
  ],
  [
    450,
    13506,
    4658815484840378368,
    4624083131993582979
  ],
  [
    451,
    13507,
    4658815484840378368,
    4624083131993582979
  ],
  [
    452,
    13514,
    4658815484840378368,
    4624083131993582979
  ],
  [
    453,
    13515,
    4658815484840378368,
    4624083131993582979
  ],
  [
    454,
    13518,
    4658815484840378368,
    4624083131993582979
  ],
  [
    455,
    13519,
    4658815484840378368,
    4624083131993582979
  ],
  [
    456,
    13534,
    4658815484840378368,
    4624083131993582979
  ],
  [
    457,
    13535,
    4658815484840378368,
    4624083131993582979
  ],
  [
    458,
    13538,
    4658815484840378368,
    4624083131993582979
  ],
  [
    459,
    13539,
    4658815484840378368,
    4624083131993582979
  ],
  [
    460,
    13546,
    4658815484840378368,
    4624083131993582979
  ],
  [
    461,
    13547,
    4658815484840378368,
    4624083131993582979
  ],
  [
    462,
    13550,
    4658815484840378368,
    4624083131993582979
  ],
  [
    463,
    13551,
    4658815484840378368,
    4624083131993582979
  ],
  [
    464,
    13582,
    4658815484840378368,
    4624083131993582979
  ],
  [
    465,
    13583,
    4658815484840378368,
    4624083131993582979
  ],
  [
    466,
    13586,
    4658815484840378368,
    4624083131993582979
  ],
  [
    467,
    13587,
    4658815484840378368,
    4624083131993582979
  ],
  [
    468,
    13594,
    4658815484840378368,
    4624083131993582979
  ],
  [
    469,
    13595,
    4658815484840378368,
    4624083131993582979
  ],
  [
    470,
    13598,
    4658815484840378368,
    4624083131993582979
  ],
  [
    471,
    13599,
    4658815484840378368,
    4624083131993582979
  ],
  [
    472,
    13614,
    4658815484840378368,
    4624083131993582979
  ],
  [
    473,
    13615,
    4658815484840378368,
    4624083131993582979
  ],
  [
    474,
    13618,
    4658815484840378368,
    4624083131993582979
  ],
  [
    475,
    13619,
    4658815484840378368,
    4624083131993582979
  ],
  [
    476,
    13626,
    4658815484840378368,
    4624083131993582979
  ],
  [
    477,
    13627,
    4658815484840378368,
    4624083131993582979
  ],
  [
    478,
    13630,
    4658815484840378368,
    4624083131993582979
  ],
  [
    479,
    13631,
    4658815484840378368,
    4624083131993582979
  ],
  [
    480,
    13694,
    4658815484840378368,
    4624083131993582979
  ],
  [
    481,
    13695,
    4658815484840378368,
    4624083131993582979
  ],
  [
    482,
    13698,
    4658815484840378368,
    4624083131993582979
  ],
  [
    483,
    13699,
    4658815484840378368,
    4624083131993582979
  ],
  [
    484,
    13706,
    4658815484840378368,
    4624083131993582979
  ],
  [
    485,
    13707,
    4658815484840378368,
    4624083131993582979
  ],
  [
    486,
    13710,
    4658815484840378368,
    4624083131993582979
  ],
  [
    487,
    13711,
    4658815484840378368,
    4624083131993582979
  ],
  [
    488,
    13726,
    4658815484840378368,
    4624083131993582979
  ],
  [
    489,
    13727,
    4658815484840378368,
    4624083131993582979
  ],
  [
    490,
    13730,
    4658815484840378368,
    4624083131993582979
  ],
  [
    491,
    13731,
    4658815484840378368,
    4624083131993582979
  ],
  [
    492,
    13738,
    4658815484840378368,
    4624083131993582979
  ],
  [
    493,
    13739,
    4658815484840378368,
    4624083131993582979
  ],
  [
    494,
    13742,
    4658815484840378368,
    4624083131993582979
  ],
  [
    495,
    13743,
    4658815484840378368,
    4624083131993582979
  ],
  [
    496,
    13774,
    4658815484840378368,
    4624083131993582979
  ],
  [
    497,
    13775,
    4658815484840378368,
    4624083131993582979
  ],
  [
    498,
    13778,
    4658815484840378368,
    4624083131993582979
  ],
  [
    499,
    13779,
    4658815484840378368,
    4624083131993582979
  ],
  [
    500,
    13786,
    4658815484840378368,
    4624083131993582979
  ],
  [
    501,
    13787,
    4658815484840378368,
    4624083131993582979
  ],
  [
    502,
    13790,
    4658815484840378368,
    4624083131993582979
  ],
  [
    503,
    13791,
    4658815484840378368,
    4624083131993582979
  ],
  [
    504,
    13806,
    4658815484840378368,
    4624083131993582979
  ],
  [
    505,
    13807,
    4658815484840378368,
    4624083131993582979
  ],
  [
    506,
    13810,
    4658815484840378368,
    4624083131993582979
  ],
  [
    507,
    13811,
    4658815484840378368,
    4624083131993582979
  ],
  [
    508,
    13818,
    4658815484840378368,
    4624083131993582979
  ],
  [
    509,
    13819,
    4658815484840378368,
    4624083131993582979
  ],
  [
    510,
    13822,
    4658815484840378368,
    4624083131993582979
  ],
  [
    511,
    13823,
    4658815484840378368,
    4624083131993582979
  ],
  [
    512,
    14334,
    4658815484840378368,
    4624083131993582979
  ],
  [
    513,
    14335,
    4658815484840378368,
    4624083131993582979
  ],
  [
    514,
    14338,
    4658815484840378368,
    4624083131993582979
  ],
  [
    515,
    14339,
    4658815484840378368,
    4624083131993582979
  ],
  [
    516,
    14346,
    4658815484840378368,
    4624083131993582979
  ],
  [
    517,
    14347,
    4658815484840378368,
    4624083131993582979
  ],
  [
    518,
    14350,
    4658815484840378368,
    4624083131993582979
  ],
  [
    519,
    14351,
    4658815484840378368,
    4624083131993582979
  ],
  [
    520,
    14366,
    4658815484840378368,
    4624083131993582979
  ],
  [
    521,
    14367,
    4658815484840378368,
    4624083131993582979
  ],
  [
    522,
    14370,
    4658815484840378368,
    4624083131993582979
  ],
  [
    523,
    14371,
    4658815484840378368,
    4624083131993582979
  ],
  [
    524,
    14378,
    4658815484840378368,
    4624083131993582979
  ],
  [
    525,
    14379,
    4658815484840378368,
    4624083131993582979
  ],
  [
    526,
    14382,
    4658815484840378368,
    4624083131993582979
  ],
  [
    527,
    14383,
    4658815484840378368,
    4624083131993582979
  ],
  [
    528,
    14414,
    4658815484840378368,
    4624083131993582979
  ],
  [
    529,
    14415,
    4658815484840378368,
    4624083131993582979
  ],
  [
    530,
    14418,
    4658815484840378368,
    4624083131993582979
  ],
  [
    531,
    14419,
    4658815484840378368,
    4624083131993582979
  ],
  [
    532,
    14426,
    4658815484840378368,
    4624083131993582979
  ],
  [
    533,
    14427,
    4658815484840378368,
    4624083131993582979
  ],
  [
    534,
    14430,
    4658815484840378368,
    4624083131993582979
  ],
  [
    535,
    14431,
    4658815484840378368,
    4624083131993582979
  ],
  [
    536,
    14446,
    4658815484840378368,
    4624083131993582979
  ],
  [
    537,
    14447,
    4658815484840378368,
    4624083131993582979
  ],
  [
    538,
    14450,
    4658815484840378368,
    4624083131993582979
  ],
  [
    539,
    14451,
    4658815484840378368,
    4624083131993582979
  ],
  [
    540,
    14458,
    4658815484840378368,
    4624083131993582979
  ],
  [
    541,
    14459,
    4658815484840378368,
    4624083131993582979
  ],
  [
    542,
    14462,
    4658815484840378368,
    4624083131993582979
  ],
  [
    543,
    14463,
    4658815484840378368,
    4624083131993582979
  ],
  [
    544,
    14526,
    4658815484840378368,
    4624083131993582979
  ],
  [
    545,
    14527,
    4658815484840378368,
    4624083131993582979
  ],
  [
    546,
    14530,
    4658815484840378368,
    4624083131993582979
  ],
  [
    547,
    14531,
    4658815484840378368,
    4624083131993582979
  ],
  [
    548,
    14538,
    4658815484840378368,
    4624083131993582979
  ],
  [
    549,
    14539,
    4658815484840378368,
    4624083131993582979
  ],
  [
    550,
    14542,
    4658815484840378368,
    4624083131993582979
  ],
  [
    551,
    14543,
    4658815484840378368,
    4624083131993582979
  ],
  [
    552,
    14558,
    4658815484840378368,
    4624083131993582979
  ],
  [
    553,
    14559,
    4658815484840378368,
    4624083131993582979
  ],
  [
    554,
    14562,
    4658815484840378368,
    4624083131993582979
  ],
  [
    555,
    14563,
    4658815484840378368,
    4624083131993582979
  ],
  [
    556,
    14570,
    4658815484840378368,
    4624083131993582979
  ],
  [
    557,
    14571,
    4658815484840378368,
    4624083131993582979
  ],
  [
    558,
    14574,
    4658815484840378368,
    4624083131993582979
  ],
  [
    559,
    14575,
    4658815484840378368,
    4624083131993582979
  ],
  [
    560,
    14606,
    4658815484840378368,
    4624083131993582979
  ],
  [
    561,
    14607,
    4658815484840378368,
    4624083131993582979
  ],
  [
    562,
    14610,
    4658815484840378368,
    4624083131993582979
  ],
  [
    563,
    14611,
    4658815484840378368,
    4624083131993582979
  ],
  [
    564,
    14618,
    4658815484840378368,
    4624083131993582979
  ],
  [
    565,
    14619,
    4658815484840378368,
    4624083131993582979
  ],
  [
    566,
    14622,
    4658815484840378368,
    4624083131993582979
  ],
  [
    567,
    14623,
    4658815484840378368,
    4624083131993582979
  ],
  [
    568,
    14638,
    4658815484840378368,
    4624083131993582979
  ],
  [
    569,
    14639,
    4658815484840378368,
    4624083131993582979
  ],
  [
    570,
    14642,
    4658815484840378368,
    4624083131993582979
  ],
  [
    571,
    14643,
    4658815484840378368,
    4624083131993582979
  ],
  [
    572,
    14650,
    4658815484840378368,
    4624083131993582979
  ],
  [
    573,
    14651,
    4658815484840378368,
    4624083131993582979
  ],
  [
    574,
    14654,
    4658815484840378368,
    4624083131993582979
  ],
  [
    575,
    14655,
    4658815484840378368,
    4624083131993582979
  ],
  [
    576,
    14782,
    4658815484840378368,
    4624083131993582979
  ],
  [
    577,
    14783,
    4658815484840378368,
    4624083131993582979
  ],
  [
    578,
    14786,
    4658815484840378368,
    4624083131993582979
  ],
  [
    579,
    14787,
    4658815484840378368,
    4624083131993582979
  ],
  [
    580,
    14794,
    4658815484840378368,
    4624083131993582979
  ],
  [
    581,
    14795,
    4658815484840378368,
    4624083131993582979
  ],
  [
    582,
    14798,
    4658815484840378368,
    4624083131993582979
  ],
  [
    583,
    14799,
    4658815484840378368,
    4624083131993582979
  ],
  [
    584,
    14814,
    4658815484840378368,
    4624083131993582979
  ],
  [
    585,
    14815,
    4658815484840378368,
    4624083131993582979
  ],
  [
    586,
    14818,
    4658815484840378368,
    4624083131993582979
  ],
  [
    587,
    14819,
    4658815484840378368,
    4624083131993582979
  ],
  [
    588,
    14826,
    4658815484840378368,
    4624083131993582979
  ],
  [
    589,
    14827,
    4658815484840378368,
    4624083131993582979
  ],
  [
    590,
    14830,
    4658815484840378368,
    4624083131993582979
  ],
  [
    591,
    14831,
    4658815484840378368,
    4624083131993582979
  ],
  [
    592,
    14862,
    4658815484840378368,
    4624083131993582979
  ],
  [
    593,
    14863,
    4658815484840378368,
    4624083131993582979
  ],
  [
    594,
    14866,
    4658815484840378368,
    4624083131993582979
  ],
  [
    595,
    14867,
    4658815484840378368,
    4624083131993582979
  ],
  [
    596,
    14874,
    4658815484840378368,
    4624083131993582979
  ],
  [
    597,
    14875,
    4658815484840378368,
    4624083131993582979
  ],
  [
    598,
    14878,
    4658815484840378368,
    4624083131993582979
  ],
  [
    599,
    14879,
    4658815484840378368,
    4624083131993582979
  ],
  [
    600,
    14894,
    4658815484840378368,
    4624083131993582979
  ],
  [
    601,
    14895,
    4658815484840378368,
    4624083131993582979
  ],
  [
    602,
    14898,
    4658815484840378368,
    4624083131993582979
  ],
  [
    603,
    14899,
    4658815484840378368,
    4624083131993582979
  ],
  [
    604,
    14906,
    4658815484840378368,
    4624083131993582979
  ],
  [
    605,
    14907,
    4658815484840378368,
    4624083131993582979
  ],
  [
    606,
    14910,
    4658815484840378368,
    4624083131993582979
  ],
  [
    607,
    14911,
    4658815484840378368,
    4624083131993582979
  ],
  [
    608,
    14974,
    4658815484840378368,
    4624083131993582979
  ],
  [
    609,
    14975,
    4658815484840378368,
    4624083131993582979
  ],
  [
    610,
    14978,
    4658815484840378368,
    4624083131993582979
  ],
  [
    611,
    14979,
    4658815484840378368,
    4624083131993582979
  ],
  [
    612,
    14986,
    4658815484840378368,
    4624083131993582979
  ],
  [
    613,
    14987,
    4658815484840378368,
    4624083131993582979
  ],
  [
    614,
    14990,
    4658815484840378368,
    4624083131993582979
  ],
  [
    615,
    14991,
    4658815484840378368,
    4624083131993582979
  ],
  [
    616,
    15006,
    4658815484840378368,
    4624083131993582979
  ],
  [
    617,
    15007,
    4658815484840378368,
    4624083131993582979
  ],
  [
    618,
    15010,
    4658815484840378368,
    4624083131993582979
  ],
  [
    619,
    15011,
    4658815484840378368,
    4624083131993582979
  ],
  [
    620,
    15018,
    4658815484840378368,
    4624083131993582979
  ],
  [
    621,
    15019,
    4658815484840378368,
    4624083131993582979
  ],
  [
    622,
    15022,
    4658815484840378368,
    4624083131993582979
  ],
  [
    623,
    15023,
    4658815484840378368,
    4624083131993582979
  ],
  [
    624,
    15054,
    4658815484840378368,
    4624083131993582979
  ],
  [
    625,
    15055,
    4658815484840378368,
    4624083131993582979
  ],
  [
    626,
    15058,
    4658815484840378368,
    4624083131993582979
  ],
  [
    627,
    15059,
    4658815484840378368,
    4624083131993582979
  ],
  [
    628,
    15066,
    4658815484840378368,
    4624083131993582979
  ],
  [
    629,
    15067,
    4658815484840378368,
    4624083131993582979
  ],
  [
    630,
    15070,
    4658815484840378368,
    4624083131993582979
  ],
  [
    631,
    15071,
    4658815484840378368,
    4624083131993582979
  ],
  [
    632,
    15086,
    4658815484840378368,
    4624083131993582979
  ],
  [
    633,
    15087,
    4658815484840378368,
    4624083131993582979
  ],
  [
    634,
    15090,
    4658815484840378368,
    4624083131993582979
  ],
  [
    635,
    15091,
    4658815484840378368,
    4624083131993582979
  ],
  [
    636,
    15098,
    4658815484840378368,
    4624083131993582979
  ],
  [
    637,
    15099,
    4658815484840378368,
    4624083131993582979
  ],
  [
    638,
    15102,
    4658815484840378368,
    4624083131993582979
  ],
  [
    639,
    15103,
    4658815484840378368,
    4624083131993582979
  ],
  [
    640,
    15358,
    4658815484840378368,
    4624083131993582979
  ],
  [
    641,
    15359,
    4658815484840378368,
    4624083131993582979
  ],
  [
    642,
    15362,
    4658815484840378368,
    4624083131993582979
  ],
  [
    643,
    15363,
    4658815484840378368,
    4624083131993582979
  ],
  [
    644,
    15370,
    4658815484840378368,
    4624083131993582979
  ],
  [
    645,
    15371,
    4658815484840378368,
    4624083131993582979
  ],
  [
    646,
    15374,
    4658815484840378368,
    4624083131993582979
  ],
  [
    647,
    15375,
    4658815484840378368,
    4624083131993582979
  ],
  [
    648,
    15390,
    4658815484840378368,
    4624083131993582979
  ],
  [
    649,
    15391,
    4658815484840378368,
    4624083131993582979
  ],
  [
    650,
    15394,
    4658815484840378368,
    4624083131993582979
  ],
  [
    651,
    15395,
    4658815484840378368,
    4624083131993582979
  ],
  [
    652,
    15402,
    4658815484840378368,
    4624083131993582979
  ],
  [
    653,
    15403,
    4658815484840378368,
    4624083131993582979
  ],
  [
    654,
    15406,
    4658815484840378368,
    4624083131993582979
  ],
  [
    655,
    15407,
    4658815484840378368,
    4624083131993582979
  ],
  [
    656,
    15438,
    4658815484840378368,
    4624083131993582979
  ],
  [
    657,
    15439,
    4658815484840378368,
    4624083131993582979
  ],
  [
    658,
    15442,
    4658815484840378368,
    4624083131993582979
  ],
  [
    659,
    15443,
    4658815484840378368,
    4624083131993582979
  ],
  [
    660,
    15450,
    4658815484840378368,
    4624083131993582979
  ],
  [
    661,
    15451,
    4658815484840378368,
    4624083131993582979
  ],
  [
    662,
    15454,
    4658815484840378368,
    4624083131993582979
  ],
  [
    663,
    15455,
    4658815484840378368,
    4624083131993582979
  ],
  [
    664,
    15470,
    4658815484840378368,
    4624083131993582979
  ],
  [
    665,
    15471,
    4658815484840378368,
    4624083131993582979
  ],
  [
    666,
    15474,
    4658815484840378368,
    4624083131993582979
  ],
  [
    667,
    15475,
    4658815484840378368,
    4624083131993582979
  ],
  [
    668,
    15482,
    4658815484840378368,
    4624083131993582979
  ],
  [
    669,
    15483,
    4658815484840378368,
    4624083131993582979
  ],
  [
    670,
    15486,
    4658815484840378368,
    4624083131993582979
  ],
  [
    671,
    15487,
    4658815484840378368,
    4624083131993582979
  ],
  [
    672,
    15550,
    4658815484840378368,
    4624083131993582979
  ],
  [
    673,
    15551,
    4658815484840378368,
    4624083131993582979
  ],
  [
    674,
    15554,
    4658815484840378368,
    4624083131993582979
  ],
  [
    675,
    15555,
    4658815484840378368,
    4624083131993582979
  ],
  [
    676,
    15562,
    4658815484840378368,
    4624083131993582979
  ],
  [
    677,
    15563,
    4658815484840378368,
    4624083131993582979
  ],
  [
    678,
    15566,
    4658815484840378368,
    4624083131993582979
  ],
  [
    679,
    15567,
    4658815484840378368,
    4624083131993582979
  ],
  [
    680,
    15582,
    4658815484840378368,
    4624083131993582979
  ],
  [
    681,
    15583,
    4658815484840378368,
    4624083131993582979
  ],
  [
    682,
    15586,
    4658815484840378368,
    4624083131993582979
  ],
  [
    683,
    15587,
    4658815484840378368,
    4624083131993582979
  ],
  [
    684,
    15594,
    4658815484840378368,
    4624083131993582979
  ],
  [
    685,
    15595,
    4658815484840378368,
    4624083131993582979
  ],
  [
    686,
    15598,
    4658815484840378368,
    4624083131993582979
  ],
  [
    687,
    15599,
    4658815484840378368,
    4624083131993582979
  ],
  [
    688,
    15630,
    4658815484840378368,
    4624083131993582979
  ],
  [
    689,
    15631,
    4658815484840378368,
    4624083131993582979
  ],
  [
    690,
    15634,
    4658815484840378368,
    4624083131993582979
  ],
  [
    691,
    15635,
    4658815484840378368,
    4624083131993582979
  ],
  [
    692,
    15642,
    4658815484840378368,
    4624083131993582979
  ],
  [
    693,
    15643,
    4658815484840378368,
    4624083131993582979
  ],
  [
    694,
    15646,
    4658815484840378368,
    4624083131993582979
  ],
  [
    695,
    15647,
    4658815484840378368,
    4624083131993582979
  ],
  [
    696,
    15662,
    4658815484840378368,
    4624083131993582979
  ],
  [
    697,
    15663,
    4658815484840378368,
    4624083131993582979
  ],
  [
    698,
    15666,
    4658815484840378368,
    4624083131993582979
  ],
  [
    699,
    15667,
    4658815484840378368,
    4624083131993582979
  ],
  [
    700,
    15674,
    4658815484840378368,
    4624083131993582979
  ],
  [
    701,
    15675,
    4658815484840378368,
    4624083131993582979
  ],
  [
    702,
    15678,
    4658815484840378368,
    4624083131993582979
  ],
  [
    703,
    15679,
    4658815484840378368,
    4624083131993582979
  ],
  [
    704,
    15806,
    4658815484840378368,
    4624083131993582979
  ],
  [
    705,
    15807,
    4658815484840378368,
    4624083131993582979
  ],
  [
    706,
    15810,
    4658815484840378368,
    4624083131993582979
  ],
  [
    707,
    15811,
    4658815484840378368,
    4624083131993582979
  ],
  [
    708,
    15818,
    4658815484840378368,
    4624083131993582979
  ],
  [
    709,
    15819,
    4658815484840378368,
    4624083131993582979
  ],
  [
    710,
    15822,
    4658815484840378368,
    4624083131993582979
  ],
  [
    711,
    15823,
    4658815484840378368,
    4624083131993582979
  ],
  [
    712,
    15838,
    4658815484840378368,
    4624083131993582979
  ],
  [
    713,
    15839,
    4658815484840378368,
    4624083131993582979
  ],
  [
    714,
    15842,
    4658815484840378368,
    4624083131993582979
  ],
  [
    715,
    15843,
    4658815484840378368,
    4624083131993582979
  ],
  [
    716,
    15850,
    4658815484840378368,
    4624083131993582979
  ],
  [
    717,
    15851,
    4658815484840378368,
    4624083131993582979
  ],
  [
    718,
    15854,
    4658815484840378368,
    4624083131993582979
  ],
  [
    719,
    15855,
    4658815484840378368,
    4624083131993582979
  ],
  [
    720,
    15886,
    4658815484840378368,
    4624083131993582979
  ],
  [
    721,
    15887,
    4658815484840378368,
    4624083131993582979
  ],
  [
    722,
    15890,
    4658815484840378368,
    4624083131993582979
  ],
  [
    723,
    15891,
    4658815484840378368,
    4624083131993582979
  ],
  [
    724,
    15898,
    4658815484840378368,
    4624083131993582979
  ],
  [
    725,
    15899,
    4658815484840378368,
    4624083131993582979
  ],
  [
    726,
    15902,
    4658815484840378368,
    4624083131993582979
  ],
  [
    727,
    15903,
    4658815484840378368,
    4624083131993582979
  ],
  [
    728,
    15918,
    4658815484840378368,
    4624083131993582979
  ],
  [
    729,
    15919,
    4658815484840378368,
    4624083131993582979
  ],
  [
    730,
    15922,
    4658815484840378368,
    4624083131993582979
  ],
  [
    731,
    15923,
    4658815484840378368,
    4624083131993582979
  ],
  [
    732,
    15930,
    4658815484840378368,
    4624083131993582979
  ],
  [
    733,
    15931,
    4658815484840378368,
    4624083131993582979
  ],
  [
    734,
    15934,
    4658815484840378368,
    4624083131993582979
  ],
  [
    735,
    15935,
    4658815484840378368,
    4624083131993582979
  ],
  [
    736,
    15998,
    4658815484840378368,
    4624083131993582979
  ],
  [
    737,
    15999,
    4658815484840378368,
    4624083131993582979
  ],
  [
    738,
    16002,
    4658815484840378368,
    4624083131993582979
  ],
  [
    739,
    16003,
    4658815484840378368,
    4624083131993582979
  ],
  [
    740,
    16010,
    4658815484840378368,
    4624083131993582979
  ],
  [
    741,
    16011,
    4658815484840378368,
    4624083131993582979
  ],
  [
    742,
    16014,
    4658815484840378368,
    4624083131993582979
  ],
  [
    743,
    16015,
    4658815484840378368,
    4624083131993582979
  ],
  [
    744,
    16030,
    4658815484840378368,
    4624083131993582979
  ],
  [
    745,
    16031,
    4658815484840378368,
    4624083131993582979
  ],
  [
    746,
    16034,
    4658815484840378368,
    4624083131993582979
  ],
  [
    747,
    16035,
    4658815484840378368,
    4624083131993582979
  ],
  [
    748,
    16042,
    4658815484840378368,
    4624083131993582979
  ],
  [
    749,
    16043,
    4658815484840378368,
    4624083131993582979
  ],
  [
    750,
    16046,
    4658815484840378368,
    4624083131993582979
  ],
  [
    751,
    16047,
    4658815484840378368,
    4624083131993582979
  ],
  [
    752,
    16078,
    4658815484840378368,
    4624083131993582979
  ],
  [
    753,
    16079,
    4658815484840378368,
    4624083131993582979
  ],
  [
    754,
    16082,
    4658815484840378368,
    4624083131993582979
  ],
  [
    755,
    16083,
    4658815484840378368,
    4624083131993582979
  ],
  [
    756,
    16090,
    4658815484840378368,
    4624083131993582979
  ],
  [
    757,
    16091,
    4658815484840378368,
    4624083131993582979
  ],
  [
    758,
    16094,
    4658815484840378368,
    4624083131993582979
  ],
  [
    759,
    16095,
    4658815484840378368,
    4624083131993582979
  ],
  [
    760,
    16110,
    4658815484840378368,
    4624083131993582979
  ],
  [
    761,
    16111,
    4658815484840378368,
    4624083131993582979
  ],
  [
    762,
    16114,
    4658815484840378368,
    4624083131993582979
  ],
  [
    763,
    16115,
    4658815484840378368,
    4624083131993582979
  ],
  [
    764,
    16122,
    4658815484840378368,
    4624083131993582979
  ],
  [
    765,
    16123,
    4658815484840378368,
    4624083131993582979
  ],
  [
    766,
    16126,
    4658815484840378368,
    4624083131993582979
  ],
  [
    767,
    16127,
    4658815484840378368,
    4624083131993582979
  ],
  [
    768,
    18174,
    4682519477814507689,
    4612321146476787058
  ],
  [
    769,
    18175,
    4682519477814507689,
    4612321146476787058
  ],
  [
    770,
    18178,
    4682519477814507689,
    4612321146476787058
  ],
  [
    771,
    18179,
    4682519477814507689,
    4612321146476787058
  ],
  [
    772,
    18186,
    4682519477814507689,
    4612321146476787058
  ],
  [
    773,
    18187,
    4682519477814507689,
    4612321146476787058
  ],
  [
    774,
    18190,
    4682519477814507689,
    4612321146476787058
  ],
  [
    775,
    18191,
    4682519477814507689,
    4612321146476787058
  ],
  [
    776,
    18206,
    4682519477814507689,
    4612321146476787058
  ],
  [
    777,
    18207,
    4682519477814507689,
    4612321146476787058
  ],
  [
    778,
    18210,
    4682519477814507689,
    4612321146476787058
  ],
  [
    779,
    18211,
    4682519477814507689,
    4612321146476787058
  ],
  [
    780,
    18218,
    4682519477814507689,
    4612321146476787058
  ],
  [
    781,
    18219,
    4682519477814507689,
    4612321146476787058
  ],
  [
    782,
    18222,
    4682519477814507689,
    4612321146476787058
  ],
  [
    783,
    18223,
    4682519477814507689,
    4612321146476787058
  ],
  [
    784,
    18254,
    4682519477814507689,
    4612321146476787058
  ],
  [
    785,
    18255,
    4682519477814507689,
    4612321146476787058
  ],
  [
    786,
    18258,
    4682519477814507689,
    4612321146476787058
  ],
  [
    787,
    18259,
    4682519477814507689,
    4612321146476787058
  ],
  [
    788,
    18266,
    4682519477814507689,
    4612321146476787058
  ],
  [
    789,
    18267,
    4682519477814507689,
    4612321146476787058
  ],
  [
    790,
    18270,
    4682519477814507689,
    4612321146476787058
  ],
  [
    791,
    18271,
    4682519477814507689,
    4612321146476787058
  ],
  [
    792,
    18286,
    4682519477814507689,
    4612321146476787058
  ],
  [
    793,
    18287,
    4682519477814507689,
    4612321146476787058
  ],
  [
    794,
    18290,
    4682519477814507689,
    4612321146476787058
  ],
  [
    795,
    18291,
    4682519477814507689,
    4612321146476787058
  ],
  [
    796,
    18298,
    4682519477814507689,
    4612321146476787058
  ],
  [
    797,
    18299,
    4682519477814507689,
    4612321146476787058
  ],
  [
    798,
    18302,
    4682519477814507689,
    4612321146476787058
  ],
  [
    799,
    18303,
    4682519477814507689,
    4612321146476787058
  ],
  [
    800,
    18366,
    4682519477814507689,
    4612321146476787058
  ],
  [
    801,
    18367,
    4682519477814507689,
    4612321146476787058
  ],
  [
    802,
    18370,
    4682519477814507689,
    4612321146476787058
  ],
  [
    803,
    18371,
    4682519477814507689,
    4612321146476787058
  ],
  [
    804,
    18378,
    4682519477814507689,
    4612321146476787058
  ],
  [
    805,
    18379,
    4682519477814507689,
    4612321146476787058
  ],
  [
    806,
    18382,
    4682519477814507689,
    4612321146476787058
  ],
  [
    807,
    18383,
    4682519477814507689,
    4612321146476787058
  ],
  [
    808,
    18398,
    4682519477814507689,
    4612321146476787058
  ],
  [
    809,
    18399,
    4682519477814507689,
    4612321146476787058
  ],
  [
    810,
    18402,
    4682519477814507689,
    4612321146476787058
  ],
  [
    811,
    18403,
    4682519477814507689,
    4612321146476787058
  ],
  [
    812,
    18410,
    4682519477814507689,
    4612321146476787058
  ],
  [
    813,
    18411,
    4682519477814507689,
    4612321146476787058
  ],
  [
    814,
    18414,
    4682519477814507689,
    4612321146476787058
  ],
  [
    815,
    18415,
    4682519477814507689,
    4612321146476787058
  ],
  [
    816,
    18446,
    4682519477814507689,
    4612321146476787058
  ],
  [
    817,
    18447,
    4682519477814507689,
    4612321146476787058
  ],
  [
    818,
    18450,
    4682519477814507689,
    4612321146476787058
  ],
  [
    819,
    18451,
    4682519477814507689,
    4612321146476787058
  ],
  [
    820,
    18458,
    4682519477814507689,
    4612321146476787058
  ],
  [
    821,
    18459,
    4682519477814507689,
    4612321146476787058
  ],
  [
    822,
    18462,
    4682519477814507689,
    4612321146476787058
  ],
  [
    823,
    18463,
    4682519477814507689,
    4612321146476787058
  ],
  [
    824,
    18478,
    4682519477814507689,
    4612321146476787058
  ],
  [
    825,
    18479,
    4682519477814507689,
    4612321146476787058
  ],
  [
    826,
    18482,
    4682519477814507689,
    4612321146476787058
  ],
  [
    827,
    18483,
    4682519477814507689,
    4612321146476787058
  ],
  [
    828,
    18490,
    4682519477814507689,
    4612321146476787058
  ],
  [
    829,
    18491,
    4682519477814507689,
    4612321146476787058
  ],
  [
    830,
    18494,
    4682519477814507689,
    4612321146476787058
  ],
  [
    831,
    18495,
    4682519477814507689,
    4612321146476787058
  ],
  [
    832,
    18622,
    4682519477814507689,
    4612321146476787058
  ],
  [
    833,
    18623,
    4682519477814507689,
    4612321146476787058
  ],
  [
    834,
    18626,
    4682519477814507689,
    4612321146476787058
  ],
  [
    835,
    18627,
    4682519477814507689,
    4612321146476787058
  ],
  [
    836,
    18634,
    4682519477814507689,
    4612321146476787058
  ],
  [
    837,
    18635,
    4682519477814507689,
    4612321146476787058
  ],
  [
    838,
    18638,
    4682519477814507689,
    4612321146476787058
  ],
  [
    839,
    18639,
    4682519477814507689,
    4612321146476787058
  ],
  [
    840,
    18654,
    4682519477814507689,
    4612321146476787058
  ],
  [
    841,
    18655,
    4682519477814507689,
    4612321146476787058
  ],
  [
    842,
    18658,
    4682519477814507689,
    4612321146476787058
  ],
  [
    843,
    18659,
    4682519477814507689,
    4612321146476787058
  ],
  [
    844,
    18666,
    4682519477814507689,
    4612321146476787058
  ],
  [
    845,
    18667,
    4682519477814507689,
    4612321146476787058
  ],
  [
    846,
    18670,
    4682519477814507689,
    4612321146476787058
  ],
  [
    847,
    18671,
    4682519477814507689,
    4612321146476787058
  ],
  [
    848,
    18702,
    4682519477814507689,
    4612321146476787058
  ],
  [
    849,
    18703,
    4682519477814507689,
    4612321146476787058
  ],
  [
    850,
    18706,
    4682519477814507689,
    4612321146476787058
  ],
  [
    851,
    18707,
    4682519477814507689,
    4612321146476787058
  ],
  [
    852,
    18714,
    4682519477814507689,
    4612321146476787058
  ],
  [
    853,
    18715,
    4682519477814507689,
    4612321146476787058
  ],
  [
    854,
    18718,
    4682519477814507689,
    4612321146476787058
  ],
  [
    855,
    18719,
    4682519477814507689,
    4612321146476787058
  ],
  [
    856,
    18734,
    4682519477814507689,
    4612321146476787058
  ],
  [
    857,
    18735,
    4682519477814507689,
    4612321146476787058
  ],
  [
    858,
    18738,
    4682519477814507689,
    4612321146476787058
  ],
  [
    859,
    18739,
    4682519477814507689,
    4612321146476787058
  ],
  [
    860,
    18746,
    4682519477814507689,
    4612321146476787058
  ],
  [
    861,
    18747,
    4682519477814507689,
    4612321146476787058
  ],
  [
    862,
    18750,
    4682519477814507689,
    4612321146476787058
  ],
  [
    863,
    18751,
    4682519477814507689,
    4612321146476787058
  ],
  [
    864,
    18814,
    4682519477814507689,
    4612321146476787058
  ],
  [
    865,
    18815,
    4682519477814507689,
    4612321146476787058
  ],
  [
    866,
    18818,
    4682519477814507689,
    4612321146476787058
  ],
  [
    867,
    18819,
    4682519477814507689,
    4612321146476787058
  ],
  [
    868,
    18826,
    4682519477814507689,
    4612321146476787058
  ],
  [
    869,
    18827,
    4682519477814507689,
    4612321146476787058
  ],
  [
    870,
    18830,
    4682519477814507689,
    4612321146476787058
  ],
  [
    871,
    18831,
    4682519477814507689,
    4612321146476787058
  ],
  [
    872,
    18846,
    4682519477814507689,
    4612321146476787058
  ],
  [
    873,
    18847,
    4682519477814507689,
    4612321146476787058
  ],
  [
    874,
    18850,
    4682519477814507689,
    4612321146476787058
  ],
  [
    875,
    18851,
    4682519477814507689,
    4612321146476787058
  ],
  [
    876,
    18858,
    4682519477814507689,
    4612321146476787058
  ],
  [
    877,
    18859,
    4682519477814507689,
    4612321146476787058
  ],
  [
    878,
    18862,
    4682519477814507689,
    4612321146476787058
  ],
  [
    879,
    18863,
    4682519477814507689,
    4612321146476787058
  ],
  [
    880,
    18894,
    4682519477814507689,
    4612321146476787058
  ],
  [
    881,
    18895,
    4682519477814507689,
    4612321146476787058
  ],
  [
    882,
    18898,
    4682519477814507689,
    4612321146476787058
  ],
  [
    883,
    18899,
    4682519477814507689,
    4612321146476787058
  ],
  [
    884,
    18906,
    4682519477814507689,
    4612321146476787058
  ],
  [
    885,
    18907,
    4682519477814507689,
    4612321146476787058
  ],
  [
    886,
    18910,
    4682519477814507689,
    4612321146476787058
  ],
  [
    887,
    18911,
    4682519477814507689,
    4612321146476787058
  ],
  [
    888,
    18926,
    4682519477814507689,
    4612321146476787058
  ],
  [
    889,
    18927,
    4682519477814507689,
    4612321146476787058
  ],
  [
    890,
    18930,
    4682519477814507689,
    4612321146476787058
  ],
  [
    891,
    18931,
    4682519477814507689,
    4612321146476787058
  ],
  [
    892,
    18938,
    4682519477814507689,
    4612321146476787058
  ],
  [
    893,
    18939,
    4682519477814507689,
    4612321146476787058
  ],
  [
    894,
    18942,
    4682519477814507689,
    4612321146476787058
  ],
  [
    895,
    18943,
    4682519477814507689,
    4612321146476787058
  ],
  [
    896,
    19198,
    4682519477814507689,
    4612321146476787058
  ],
  [
    897,
    19199,
    4682519477814507689,
    4612321146476787058
  ],
  [
    898,
    19202,
    4682519477814507689,
    4612321146476787058
  ],
  [
    899,
    19203,
    4682519477814507689,
    4612321146476787058
  ],
  [
    900,
    19210,
    4682519477814507689,
    4612321146476787058
  ],
  [
    901,
    19211,
    4682519477814507689,
    4612321146476787058
  ],
  [
    902,
    19214,
    4682519477814507689,
    4612321146476787058
  ],
  [
    903,
    19215,
    4682519477814507689,
    4612321146476787058
  ],
  [
    904,
    19230,
    4682519477814507689,
    4612321146476787058
  ],
  [
    905,
    19231,
    4682519477814507689,
    4612321146476787058
  ],
  [
    906,
    19234,
    4682519477814507689,
    4612321146476787058
  ],
  [
    907,
    19235,
    4682519477814507689,
    4612321146476787058
  ],
  [
    908,
    19242,
    4682519477814507689,
    4612321146476787058
  ],
  [
    909,
    19243,
    4682519477814507689,
    4612321146476787058
  ],
  [
    910,
    19246,
    4682519477814507689,
    4612321146476787058
  ],
  [
    911,
    19247,
    4682519477814507689,
    4612321146476787058
  ],
  [
    912,
    19278,
    4682519477814507689,
    4612321146476787058
  ],
  [
    913,
    19279,
    4682519477814507689,
    4612321146476787058
  ],
  [
    914,
    19282,
    4682519477814507689,
    4612321146476787058
  ],
  [
    915,
    19283,
    4682519477814507689,
    4612321146476787058
  ],
  [
    916,
    19290,
    4682519477814507689,
    4612321146476787058
  ],
  [
    917,
    19291,
    4682519477814507689,
    4612321146476787058
  ],
  [
    918,
    19294,
    4682519477814507689,
    4612321146476787058
  ],
  [
    919,
    19295,
    4682519477814507689,
    4612321146476787058
  ],
  [
    920,
    19310,
    4682519477814507689,
    4612321146476787058
  ],
  [
    921,
    19311,
    4682519477814507689,
    4612321146476787058
  ],
  [
    922,
    19314,
    4682519477814507689,
    4612321146476787058
  ],
  [
    923,
    19315,
    4682519477814507689,
    4612321146476787058
  ],
  [
    924,
    19322,
    4682519477814507689,
    4612321146476787058
  ],
  [
    925,
    19323,
    4682519477814507689,
    4612321146476787058
  ],
  [
    926,
    19326,
    4682519477814507689,
    4612321146476787058
  ],
  [
    927,
    19327,
    4682519477814507689,
    4612321146476787058
  ],
  [
    928,
    19390,
    4682519477814507689,
    4612321146476787058
  ],
  [
    929,
    19391,
    4682519477814507689,
    4612321146476787058
  ],
  [
    930,
    19394,
    4682519477814507689,
    4612321146476787058
  ],
  [
    931,
    19395,
    4682519477814507689,
    4612321146476787058
  ],
  [
    932,
    19402,
    4682519477814507689,
    4612321146476787058
  ],
  [
    933,
    19403,
    4682519477814507689,
    4612321146476787058
  ],
  [
    934,
    19406,
    4682519477814507689,
    4612321146476787058
  ],
  [
    935,
    19407,
    4682519477814507689,
    4612321146476787058
  ],
  [
    936,
    19422,
    4682519477814507689,
    4612321146476787058
  ],
  [
    937,
    19423,
    4682519477814507689,
    4612321146476787058
  ],
  [
    938,
    19426,
    4682519477814507689,
    4612321146476787058
  ],
  [
    939,
    19427,
    4682519477814507689,
    4612321146476787058
  ],
  [
    940,
    19434,
    4682519477814507689,
    4612321146476787058
  ],
  [
    941,
    19435,
    4682519477814507689,
    4612321146476787058
  ],
  [
    942,
    19438,
    4682519477814507689,
    4612321146476787058
  ],
  [
    943,
    19439,
    4682519477814507689,
    4612321146476787058
  ],
  [
    944,
    19470,
    4682519477814507689,
    4612321146476787058
  ],
  [
    945,
    19471,
    4682519477814507689,
    4612321146476787058
  ],
  [
    946,
    19474,
    4682519477814507689,
    4612321146476787058
  ],
  [
    947,
    19475,
    4682519477814507689,
    4612321146476787058
  ],
  [
    948,
    19482,
    4682519477814507689,
    4612321146476787058
  ],
  [
    949,
    19483,
    4682519477814507689,
    4612321146476787058
  ],
  [
    950,
    19486,
    4682519477814507689,
    4612321146476787058
  ],
  [
    951,
    19487,
    4682519477814507689,
    4612321146476787058
  ],
  [
    952,
    19502,
    4682519477814507689,
    4612321146476787058
  ],
  [
    953,
    19503,
    4682519477814507689,
    4612321146476787058
  ],
  [
    954,
    19506,
    4682519477814507689,
    4612321146476787058
  ],
  [
    955,
    19507,
    4682519477814507689,
    4612321146476787058
  ],
  [
    956,
    19514,
    4682519477814507689,
    4612321146476787058
  ],
  [
    957,
    19515,
    4682519477814507689,
    4612321146476787058
  ],
  [
    958,
    19518,
    4682519477814507689,
    4612321146476787058
  ],
  [
    959,
    19519,
    4682519477814507689,
    4612321146476787058
  ],
  [
    960,
    19646,
    4682519477814507689,
    4612321146476787058
  ],
  [
    961,
    19647,
    4682519477814507689,
    4612321146476787058
  ],
  [
    962,
    19650,
    4682519477814507689,
    4612321146476787058
  ],
  [
    963,
    19651,
    4682519477814507689,
    4612321146476787058
  ],
  [
    964,
    19658,
    4682519477814507689,
    4612321146476787058
  ],
  [
    965,
    19659,
    4682519477814507689,
    4612321146476787058
  ],
  [
    966,
    19662,
    4682519477814507689,
    4612321146476787058
  ],
  [
    967,
    19663,
    4682519477814507689,
    4612321146476787058
  ],
  [
    968,
    19678,
    4682519477814507689,
    4612321146476787058
  ],
  [
    969,
    19679,
    4682519477814507689,
    4612321146476787058
  ],
  [
    970,
    19682,
    4682519477814507689,
    4612321146476787058
  ],
  [
    971,
    19683,
    4682519477814507689,
    4612321146476787058
  ],
  [
    972,
    19690,
    4682519477814507689,
    4612321146476787058
  ],
  [
    973,
    19691,
    4682519477814507689,
    4612321146476787058
  ],
  [
    974,
    19694,
    4682519477814507689,
    4612321146476787058
  ],
  [
    975,
    19695,
    4682519477814507689,
    4612321146476787058
  ],
  [
    976,
    19726,
    4682519477814507689,
    4612321146476787058
  ],
  [
    977,
    19727,
    4682519477814507689,
    4612321146476787058
  ],
  [
    978,
    19730,
    4682519477814507689,
    4612321146476787058
  ],
  [
    979,
    19731,
    4682519477814507689,
    4612321146476787058
  ],
  [
    980,
    19738,
    4682519477814507689,
    4612321146476787058
  ],
  [
    981,
    19739,
    4682519477814507689,
    4612321146476787058
  ],
  [
    982,
    19742,
    4682519477814507689,
    4612321146476787058
  ],
  [
    983,
    19743,
    4682519477814507689,
    4612321146476787058
  ],
  [
    984,
    19758,
    4682519477814507689,
    4612321146476787058
  ],
  [
    985,
    19759,
    4682519477814507689,
    4612321146476787058
  ],
  [
    986,
    19762,
    4682519477814507689,
    4612321146476787058
  ],
  [
    987,
    19763,
    4682519477814507689,
    4612321146476787058
  ],
  [
    988,
    19770,
    4682519477814507689,
    4612321146476787058
  ],
  [
    989,
    19771,
    4682519477814507689,
    4612321146476787058
  ],
  [
    990,
    19774,
    4682519477814507689,
    4612321146476787058
  ],
  [
    991,
    19775,
    4682519477814507689,
    4612321146476787058
  ],
  [
    992,
    19838,
    4682519477814507689,
    4612321146476787058
  ],
  [
    993,
    19839,
    4682519477814507689,
    4612321146476787058
  ],
  [
    994,
    19842,
    4682519477814507689,
    4612321146476787058
  ],
  [
    995,
    19843,
    4682519477814507689,
    4612321146476787058
  ],
  [
    996,
    19850,
    4682519477814507689,
    4612321146476787058
  ],
  [
    997,
    19851,
    4682519477814507689,
    4612321146476787058
  ],
  [
    998,
    19854,
    4682519477814507689,
    4612321146476787058
  ],
  [
    999,
    19855,
    4682519477814507689,
    4612321146476787058
  ],
  [
    1000,
    19870,
    4682519477814507689,
    4612321146476787058
  ],
  [
    1001,
    19871,
    4682519477814507689,
    4612321146476787058
  ],
  [
    1002,
    19874,
    4682519477814507689,
    4612321146476787058
  ],
  [
    1003,
    19875,
    4682519477814507689,
    4612321146476787058
  ],
  [
    1004,
    19882,
    4682519477814507689,
    4612321146476787058
  ],
  [
    1005,
    19883,
    4682519477814507689,
    4612321146476787058
  ],
  [
    1006,
    19886,
    4682519477814507689,
    4612321146476787058
  ],
  [
    1007,
    19887,
    4682519477814507689,
    4612321146476787058
  ],
  [
    1008,
    19918,
    4682519477814507689,
    4612321146476787058
  ],
  [
    1009,
    19919,
    4682519477814507689,
    4612321146476787058
  ],
  [
    1010,
    19922,
    4682519477814507689,
    4612321146476787058
  ],
  [
    1011,
    19923,
    4682519477814507689,
    4612321146476787058
  ],
  [
    1012,
    19930,
    4682519477814507689,
    4612321146476787058
  ],
  [
    1013,
    19931,
    4682519477814507689,
    4612321146476787058
  ],
  [
    1014,
    19934,
    4682519477814507689,
    4612321146476787058
  ],
  [
    1015,
    19935,
    4682519477814507689,
    4612321146476787058
  ],
  [
    1016,
    19950,
    4682519477814507689,
    4612321146476787058
  ],
  [
    1017,
    19951,
    4682519477814507689,
    4612321146476787058
  ],
  [
    1018,
    19954,
    4682519477814507689,
    4612321146476787058
  ],
  [
    1019,
    19955,
    4682519477814507689,
    4612321146476787058
  ],
  [
    1020,
    19962,
    4682519477814507689,
    4612321146476787058
  ],
  [
    1021,
    19963,
    4682519477814507689,
    4612321146476787058
  ],
  [
    1022,
    19966,
    4682519477814507689,
    4612321146476787058
  ],
  [
    1023,
    19967,
    4682519477814507689,
    4612321146476787058
  ],
  [
    1024,
    20478,
    4682519477814507689,
    4612321146476787058
  ],
  [
    1025,
    20479,
    4682519477814507689,
    4612321146476787058
  ],
  [
    1026,
    20482,
    4682519477814507689,
    4612321146476787058
  ],
  [
    1027,
    20483,
    4682519477814507689,
    4612321146476787058
  ],
  [
    1028,
    20490,
    4682519477814507689,
    4612321146476787058
  ],
  [
    1029,
    20491,
    4682519477814507689,
    4612321146476787058
  ],
  [
    1030,
    20494,
    4682519477814507689,
    4612321146476787058
  ],
  [
    1031,
    20495,
    4682519477814507689,
    4612321146476787058
  ],
  [
    1032,
    20510,
    4682519477814507689,
    4612321146476787058
  ],
  [
    1033,
    20511,
    4682519477814507689,
    4612321146476787058
  ],
  [
    1034,
    20514,
    4682519477814507689,
    4612321146476787058
  ],
  [
    1035,
    20515,
    4682519477814507689,
    4612321146476787058
  ],
  [
    1036,
    20522,
    4682519477814507689,
    4612321146476787058
  ],
  [
    1037,
    20523,
    4682519477814507689,
    4612321146476787058
  ],
  [
    1038,
    20526,
    4682519477814507689,
    4612321146476787058
  ],
  [
    1039,
    20527,
    4682519477814507689,
    4612321146476787058
  ],
  [
    1040,
    20558,
    4682519477814507689,
    4612321146476787058
  ],
  [
    1041,
    20559,
    4682519477814507689,
    4612321146476787058
  ],
  [
    1042,
    20562,
    4682519477814507689,
    4612321146476787058
  ],
  [
    1043,
    20563,
    4682519477814507689,
    4612321146476787058
  ],
  [
    1044,
    20570,
    4682519477814507689,
    4612321146476787058
  ],
  [
    1045,
    20571,
    4682519477814507689,
    4612321146476787058
  ],
  [
    1046,
    20574,
    4682519477814507689,
    4612321146476787058
  ],
  [
    1047,
    20575,
    4682519477814507689,
    4612321146476787058
  ],
  [
    1048,
    20590,
    4682519477814507689,
    4612321146476787058
  ],
  [
    1049,
    20591,
    4682519477814507689,
    4612321146476787058
  ],
  [
    1050,
    20594,
    4682519477814507689,
    4612321146476787058
  ],
  [
    1051,
    20595,
    4682519477814507689,
    4612321146476787058
  ],
  [
    1052,
    20602,
    4682519477814507689,
    4612321146476787058
  ],
  [
    1053,
    20603,
    4682519477814507689,
    4612321146476787058
  ],
  [
    1054,
    20606,
    4682519477814507689,
    4612321146476787058
  ],
  [
    1055,
    20607,
    4682519477814507689,
    4612321146476787058
  ],
  [
    1056,
    20670,
    4682519477814507689,
    4612321146476787058
  ],
  [
    1057,
    20671,
    4682519477814507689,
    4612321146476787058
  ],
  [
    1058,
    20674,
    4682519477814507689,
    4612321146476787058
  ],
  [
    1059,
    20675,
    4682519477814507689,
    4612321146476787058
  ],
  [
    1060,
    20682,
    4682519477814507689,
    4612321146476787058
  ],
  [
    1061,
    20683,
    4682519477814507689,
    4612321146476787058
  ],
  [
    1062,
    20686,
    4682519477814507689,
    4612321146476787058
  ],
  [
    1063,
    20687,
    4682519477814507689,
    4612321146476787058
  ],
  [
    1064,
    20702,
    4682519477814507689,
    4612321146476787058
  ],
  [
    1065,
    20703,
    4682519477814507689,
    4612321146476787058
  ],
  [
    1066,
    20706,
    4682519477814507689,
    4612321146476787058
  ],
  [
    1067,
    20707,
    4682519477814507689,
    4612321146476787058
  ],
  [
    1068,
    20714,
    4682519477814507689,
    4612321146476787058
  ],
  [
    1069,
    20715,
    4682519477814507689,
    4612321146476787058
  ],
  [
    1070,
    20718,
    4682519477814507689,
    4612321146476787058
  ],
  [
    1071,
    20719,
    4682519477814507689,
    4612321146476787058
  ],
  [
    1072,
    20750,
    4682519477814507689,
    4612321146476787058
  ],
  [
    1073,
    20751,
    4682519477814507689,
    4612321146476787058
  ],
  [
    1074,
    20754,
    4682519477814507689,
    4612321146476787058
  ],
  [
    1075,
    20755,
    4682519477814507689,
    4612321146476787058
  ],
  [
    1076,
    20762,
    4682519477814507689,
    4612321146476787058
  ],
  [
    1077,
    20763,
    4682519477814507689,
    4612321146476787058
  ],
  [
    1078,
    20766,
    4682519477814507689,
    4612321146476787058
  ],
  [
    1079,
    20767,
    4682519477814507689,
    4612321146476787058
  ],
  [
    1080,
    20782,
    4682519477814507689,
    4612321146476787058
  ],
  [
    1081,
    20783,
    4682519477814507689,
    4612321146476787058
  ],
  [
    1082,
    20786,
    4682519477814507689,
    4612321146476787058
  ],
  [
    1083,
    20787,
    4682519477814507689,
    4612321146476787058
  ],
  [
    1084,
    20794,
    4682519477814507689,
    4612321146476787058
  ],
  [
    1085,
    20795,
    4682519477814507689,
    4612321146476787058
  ],
  [
    1086,
    20798,
    4682519477814507689,
    4612321146476787058
  ],
  [
    1087,
    20799,
    4682519477814507689,
    4612321146476787058
  ],
  [
    1088,
    20926,
    4682519477814507689,
    4612321146476787058
  ],
  [
    1089,
    20927,
    4682519477814507689,
    4612321146476787058
  ],
  [
    1090,
    20930,
    4682519477814507689,
    4612321146476787058
  ],
  [
    1091,
    20931,
    4682519477814507689,
    4612321146476787058
  ],
  [
    1092,
    20938,
    4682519477814507689,
    4612321146476787058
  ],
  [
    1093,
    20939,
    4682519477814507689,
    4612321146476787058
  ],
  [
    1094,
    20942,
    4682519477814507689,
    4612321146476787058
  ],
  [
    1095,
    20943,
    4682519477814507689,
    4612321146476787058
  ],
  [
    1096,
    20958,
    4682519477814507689,
    4612321146476787058
  ],
  [
    1097,
    20959,
    4682519477814507689,
    4612321146476787058
  ],
  [
    1098,
    20962,
    4682519477814507689,
    4612321146476787058
  ],
  [
    1099,
    20963,
    4682519477814507689,
    4612321146476787058
  ],
  [
    1100,
    20970,
    4682519477814507689,
    4612321146476787058
  ],
  [
    1101,
    20971,
    4682519477814507689,
    4612321146476787058
  ],
  [
    1102,
    20974,
    4682519477814507689,
    4612321146476787058
  ],
  [
    1103,
    20975,
    4682519477814507689,
    4612321146476787058
  ],
  [
    1104,
    21006,
    4682519477814507689,
    4612321146476787058
  ],
  [
    1105,
    21007,
    4682519477814507689,
    4612321146476787058
  ],
  [
    1106,
    21010,
    4682519477814507689,
    4612321146476787058
  ],
  [
    1107,
    21011,
    4682519477814507689,
    4612321146476787058
  ],
  [
    1108,
    21018,
    4682519477814507689,
    4612321146476787058
  ],
  [
    1109,
    21019,
    4682519477814507689,
    4612321146476787058
  ],
  [
    1110,
    21022,
    4682519477814507689,
    4612321146476787058
  ],
  [
    1111,
    21023,
    4682519477814507689,
    4612321146476787058
  ],
  [
    1112,
    21038,
    4682519477814507689,
    4612321146476787058
  ],
  [
    1113,
    21039,
    4682519477814507689,
    4612321146476787058
  ],
  [
    1114,
    21042,
    4682519477814507689,
    4612321146476787058
  ],
  [
    1115,
    21043,
    4682519477814507689,
    4612321146476787058
  ],
  [
    1116,
    21050,
    4682519477814507689,
    4612321146476787058
  ],
  [
    1117,
    21051,
    4682519477814507689,
    4612321146476787058
  ],
  [
    1118,
    21054,
    4682519477814507689,
    4612321146476787058
  ],
  [
    1119,
    21055,
    4682519477814507689,
    4612321146476787058
  ],
  [
    1120,
    21118,
    4682519477814507689,
    4612321146476787058
  ],
  [
    1121,
    21119,
    4682519477814507689,
    4612321146476787058
  ],
  [
    1122,
    21122,
    4682519477814507689,
    4612321146476787058
  ],
  [
    1123,
    21123,
    4682519477814507689,
    4612321146476787058
  ],
  [
    1124,
    21130,
    4682519477814507689,
    4612321146476787058
  ],
  [
    1125,
    21131,
    4682519477814507689,
    4612321146476787058
  ],
  [
    1126,
    21134,
    4682519477814507689,
    4612321146476787058
  ],
  [
    1127,
    21135,
    4682519477814507689,
    4612321146476787058
  ],
  [
    1128,
    21150,
    4682519477814507689,
    4612321146476787058
  ],
  [
    1129,
    21151,
    4682519477814507689,
    4612321146476787058
  ],
  [
    1130,
    21154,
    4682519477814507689,
    4612321146476787058
  ],
  [
    1131,
    21155,
    4682519477814507689,
    4612321146476787058
  ],
  [
    1132,
    21162,
    4682519477814507689,
    4612321146476787058
  ],
  [
    1133,
    21163,
    4682519477814507689,
    4612321146476787058
  ],
  [
    1134,
    21166,
    4682519477814507689,
    4612321146476787058
  ],
  [
    1135,
    21167,
    4682519477814507689,
    4612321146476787058
  ],
  [
    1136,
    21198,
    4682519477814507689,
    4612321146476787058
  ],
  [
    1137,
    21199,
    4682519477814507689,
    4612321146476787058
  ],
  [
    1138,
    21202,
    4682519477814507689,
    4612321146476787058
  ],
  [
    1139,
    21203,
    4682519477814507689,
    4612321146476787058
  ],
  [
    1140,
    21210,
    4682519477814507689,
    4612321146476787058
  ],
  [
    1141,
    21211,
    4682519477814507689,
    4612321146476787058
  ],
  [
    1142,
    21214,
    4682519477814507689,
    4612321146476787058
  ],
  [
    1143,
    21215,
    4682519477814507689,
    4612321146476787058
  ],
  [
    1144,
    21230,
    4682519477814507689,
    4612321146476787058
  ],
  [
    1145,
    21231,
    4682519477814507689,
    4612321146476787058
  ],
  [
    1146,
    21234,
    4682519477814507689,
    4612321146476787058
  ],
  [
    1147,
    21235,
    4682519477814507689,
    4612321146476787058
  ],
  [
    1148,
    21242,
    4682519477814507689,
    4612321146476787058
  ],
  [
    1149,
    21243,
    4682519477814507689,
    4612321146476787058
  ],
  [
    1150,
    21246,
    4682519477814507689,
    4612321146476787058
  ],
  [
    1151,
    21247,
    4682519477814507689,
    4612321146476787058
  ],
  [
    1152,
    21502,
    4682519477814507689,
    4612321146476787058
  ],
  [
    1153,
    21503,
    4682519477814507689,
    4612321146476787058
  ],
  [
    1154,
    21506,
    4682519477814507689,
    4612321146476787058
  ],
  [
    1155,
    21507,
    4682519477814507689,
    4612321146476787058
  ],
  [
    1156,
    21514,
    4682519477814507689,
    4612321146476787058
  ],
  [
    1157,
    21515,
    4682519477814507689,
    4612321146476787058
  ],
  [
    1158,
    21518,
    4682519477814507689,
    4612321146476787058
  ],
  [
    1159,
    21519,
    4682519477814507689,
    4612321146476787058
  ],
  [
    1160,
    21534,
    4682519477814507689,
    4612321146476787058
  ],
  [
    1161,
    21535,
    4682519477814507689,
    4612321146476787058
  ],
  [
    1162,
    21538,
    4682519477814507689,
    4612321146476787058
  ],
  [
    1163,
    21539,
    4682519477814507689,
    4612321146476787058
  ],
  [
    1164,
    21546,
    4682519477814507689,
    4612321146476787058
  ],
  [
    1165,
    21547,
    4682519477814507689,
    4612321146476787058
  ],
  [
    1166,
    21550,
    4682519477814507689,
    4612321146476787058
  ],
  [
    1167,
    21551,
    4682519477814507689,
    4612321146476787058
  ],
  [
    1168,
    21582,
    4682519477814507689,
    4612321146476787058
  ],
  [
    1169,
    21583,
    4682519477814507689,
    4612321146476787058
  ],
  [
    1170,
    21586,
    4682519477814507689,
    4612321146476787058
  ],
  [
    1171,
    21587,
    4682519477814507689,
    4612321146476787058
  ],
  [
    1172,
    21594,
    4682519477814507689,
    4612321146476787058
  ],
  [
    1173,
    21595,
    4682519477814507689,
    4612321146476787058
  ],
  [
    1174,
    21598,
    4682519477814507689,
    4612321146476787058
  ],
  [
    1175,
    21599,
    4682519477814507689,
    4612321146476787058
  ],
  [
    1176,
    21614,
    4682519477814507689,
    4612321146476787058
  ],
  [
    1177,
    21615,
    4682519477814507689,
    4612321146476787058
  ],
  [
    1178,
    21618,
    4682519477814507689,
    4612321146476787058
  ],
  [
    1179,
    21619,
    4682519477814507689,
    4612321146476787058
  ],
  [
    1180,
    21626,
    4682519477814507689,
    4612321146476787058
  ],
  [
    1181,
    21627,
    4682519477814507689,
    4612321146476787058
  ],
  [
    1182,
    21630,
    4682519477814507689,
    4612321146476787058
  ],
  [
    1183,
    21631,
    4682519477814507689,
    4612321146476787058
  ],
  [
    1184,
    21694,
    4682519477814507689,
    4612321146476787058
  ],
  [
    1185,
    21695,
    4682519477814507689,
    4612321146476787058
  ],
  [
    1186,
    21698,
    4682519477814507689,
    4612321146476787058
  ],
  [
    1187,
    21699,
    4682519477814507689,
    4612321146476787058
  ],
  [
    1188,
    21706,
    4682519477814507689,
    4612321146476787058
  ],
  [
    1189,
    21707,
    4682519477814507689,
    4612321146476787058
  ],
  [
    1190,
    21710,
    4682519477814507689,
    4612321146476787058
  ],
  [
    1191,
    21711,
    4682519477814507689,
    4612321146476787058
  ],
  [
    1192,
    21726,
    4682519477814507689,
    4612321146476787058
  ],
  [
    1193,
    21727,
    4682519477814507689,
    4612321146476787058
  ],
  [
    1194,
    21730,
    4682519477814507689,
    4612321146476787058
  ],
  [
    1195,
    21731,
    4682519477814507689,
    4612321146476787058
  ],
  [
    1196,
    21738,
    4682519477814507689,
    4612321146476787058
  ],
  [
    1197,
    21739,
    4682519477814507689,
    4612321146476787058
  ],
  [
    1198,
    21742,
    4682519477814507689,
    4612321146476787058
  ],
  [
    1199,
    21743,
    4682519477814507689,
    4612321146476787058
  ],
  [
    1200,
    21774,
    4682519477814507689,
    4612321146476787058
  ],
  [
    1201,
    21775,
    4682519477814507689,
    4612321146476787058
  ],
  [
    1202,
    21778,
    4682519477814507689,
    4612321146476787058
  ],
  [
    1203,
    21779,
    4682519477814507689,
    4612321146476787058
  ],
  [
    1204,
    21786,
    4682519477814507689,
    4612321146476787058
  ],
  [
    1205,
    21787,
    4682519477814507689,
    4612321146476787058
  ],
  [
    1206,
    21790,
    4682519477814507689,
    4612321146476787058
  ],
  [
    1207,
    21791,
    4682519477814507689,
    4612321146476787058
  ],
  [
    1208,
    21806,
    4682519477814507689,
    4612321146476787058
  ],
  [
    1209,
    21807,
    4682519477814507689,
    4612321146476787058
  ],
  [
    1210,
    21810,
    4682519477814507689,
    4612321146476787058
  ],
  [
    1211,
    21811,
    4682519477814507689,
    4612321146476787058
  ],
  [
    1212,
    21818,
    4682519477814507689,
    4612321146476787058
  ],
  [
    1213,
    21819,
    4682519477814507689,
    4612321146476787058
  ],
  [
    1214,
    21822,
    4682519477814507689,
    4612321146476787058
  ],
  [
    1215,
    21823,
    4682519477814507689,
    4612321146476787058
  ],
  [
    1216,
    21950,
    4682519477814507689,
    4612321146476787058
  ],
  [
    1217,
    21951,
    4682519477814507689,
    4612321146476787058
  ],
  [
    1218,
    21954,
    4682519477814507689,
    4612321146476787058
  ],
  [
    1219,
    21955,
    4682519477814507689,
    4612321146476787058
  ],
  [
    1220,
    21962,
    4682519477814507689,
    4612321146476787058
  ],
  [
    1221,
    21963,
    4682519477814507689,
    4612321146476787058
  ],
  [
    1222,
    21966,
    4682519477814507689,
    4612321146476787058
  ],
  [
    1223,
    21967,
    4682519477814507689,
    4612321146476787058
  ],
  [
    1224,
    21982,
    4682519477814507689,
    4612321146476787058
  ],
  [
    1225,
    21983,
    4682519477814507689,
    4612321146476787058
  ],
  [
    1226,
    21986,
    4682519477814507689,
    4612321146476787058
  ],
  [
    1227,
    21987,
    4682519477814507689,
    4612321146476787058
  ],
  [
    1228,
    21994,
    4682519477814507689,
    4612321146476787058
  ],
  [
    1229,
    21995,
    4682519477814507689,
    4612321146476787058
  ],
  [
    1230,
    21998,
    4682519477814507689,
    4612321146476787058
  ],
  [
    1231,
    21999,
    4682519477814507689,
    4612321146476787058
  ],
  [
    1232,
    22030,
    4682519477814507689,
    4612321146476787058
  ],
  [
    1233,
    22031,
    4682519477814507689,
    4612321146476787058
  ],
  [
    1234,
    22034,
    4682519477814507689,
    4612321146476787058
  ],
  [
    1235,
    22035,
    4682519477814507689,
    4612321146476787058
  ],
  [
    1236,
    22042,
    4682519477814507689,
    4612321146476787058
  ],
  [
    1237,
    22043,
    4682519477814507689,
    4612321146476787058
  ],
  [
    1238,
    22046,
    4682519477814507689,
    4612321146476787058
  ],
  [
    1239,
    22047,
    4682519477814507689,
    4612321146476787058
  ],
  [
    1240,
    22062,
    4682519477814507689,
    4612321146476787058
  ],
  [
    1241,
    22063,
    4682519477814507689,
    4612321146476787058
  ],
  [
    1242,
    22066,
    4682519477814507689,
    4612321146476787058
  ],
  [
    1243,
    22067,
    4682519477814507689,
    4612321146476787058
  ],
  [
    1244,
    22074,
    4682519477814507689,
    4612321146476787058
  ],
  [
    1245,
    22075,
    4682519477814507689,
    4612321146476787058
  ],
  [
    1246,
    22078,
    4682519477814507689,
    4612321146476787058
  ],
  [
    1247,
    22079,
    4682519477814507689,
    4612321146476787058
  ],
  [
    1248,
    22142,
    4682519477814507689,
    4612321146476787058
  ],
  [
    1249,
    22143,
    4682519477814507689,
    4612321146476787058
  ],
  [
    1250,
    22146,
    4682519477814507689,
    4612321146476787058
  ],
  [
    1251,
    22147,
    4682519477814507689,
    4612321146476787058
  ],
  [
    1252,
    22154,
    4682519477814507689,
    4612321146476787058
  ],
  [
    1253,
    22155,
    4682519477814507689,
    4612321146476787058
  ],
  [
    1254,
    22158,
    4682519477814507689,
    4612321146476787058
  ],
  [
    1255,
    22159,
    4682519477814507689,
    4612321146476787058
  ],
  [
    1256,
    22174,
    4682519477814507689,
    4612321146476787058
  ],
  [
    1257,
    22175,
    4682519477814507689,
    4612321146476787058
  ],
  [
    1258,
    22178,
    4682519477814507689,
    4612321146476787058
  ],
  [
    1259,
    22179,
    4682519477814507689,
    4612321146476787058
  ],
  [
    1260,
    22186,
    4682519477814507689,
    4612321146476787058
  ],
  [
    1261,
    22187,
    4682519477814507689,
    4612321146476787058
  ],
  [
    1262,
    22190,
    4682519477814507689,
    4612321146476787058
  ],
  [
    1263,
    22191,
    4682519477814507689,
    4612321146476787058
  ],
  [
    1264,
    22222,
    4682519477814507689,
    4612321146476787058
  ],
  [
    1265,
    22223,
    4682519477814507689,
    4612321146476787058
  ],
  [
    1266,
    22226,
    4682519477814507689,
    4612321146476787058
  ],
  [
    1267,
    22227,
    4682519477814507689,
    4612321146476787058
  ],
  [
    1268,
    22234,
    4682519477814507689,
    4612321146476787058
  ],
  [
    1269,
    22235,
    4682519477814507689,
    4612321146476787058
  ],
  [
    1270,
    22238,
    4682519477814507689,
    4612321146476787058
  ],
  [
    1271,
    22239,
    4682519477814507689,
    4612321146476787058
  ],
  [
    1272,
    22254,
    4682519477814507689,
    4612321146476787058
  ],
  [
    1273,
    22255,
    4682519477814507689,
    4612321146476787058
  ],
  [
    1274,
    22258,
    4682519477814507689,
    4612321146476787058
  ],
  [
    1275,
    22259,
    4682519477814507689,
    4612321146476787058
  ],
  [
    1276,
    22266,
    4682519477814507689,
    4612321146476787058
  ],
  [
    1277,
    22267,
    4682519477814507689,
    4612321146476787058
  ],
  [
    1278,
    22270,
    4682519477814507689,
    4612321146476787058
  ],
  [
    1279,
    22271,
    4682519477814507689,
    4612321146476787058
  ],
  [
    1280,
    22782,
    4682519477814507689,
    4612321146476787058
  ],
  [
    1281,
    22783,
    4682519477814507689,
    4612321146476787058
  ],
  [
    1282,
    22786,
    4682519477814507689,
    4612321146476787058
  ],
  [
    1283,
    22787,
    4682519477814507689,
    4612321146476787058
  ],
  [
    1284,
    22794,
    4682519477814507689,
    4612321146476787058
  ],
  [
    1285,
    22795,
    4682519477814507689,
    4612321146476787058
  ],
  [
    1286,
    22798,
    4682519477814507689,
    4612321146476787058
  ],
  [
    1287,
    22799,
    4682519477814507689,
    4612321146476787058
  ],
  [
    1288,
    22814,
    4682519477814507689,
    4612321146476787058
  ],
  [
    1289,
    22815,
    4682519477814507689,
    4612321146476787058
  ],
  [
    1290,
    22818,
    4682519477814507689,
    4612321146476787058
  ],
  [
    1291,
    22819,
    4682519477814507689,
    4612321146476787058
  ],
  [
    1292,
    22826,
    4682519477814507689,
    4612321146476787058
  ],
  [
    1293,
    22827,
    4682519477814507689,
    4612321146476787058
  ],
  [
    1294,
    22830,
    4682519477814507689,
    4612321146476787058
  ],
  [
    1295,
    22831,
    4682519477814507689,
    4612321146476787058
  ],
  [
    1296,
    22862,
    4682519477814507689,
    4612321146476787058
  ],
  [
    1297,
    22863,
    4682519477814507689,
    4612321146476787058
  ],
  [
    1298,
    22866,
    4682519477814507689,
    4612321146476787058
  ],
  [
    1299,
    22867,
    4682519477814507689,
    4612321146476787058
  ],
  [
    1300,
    22874,
    4682519477814507689,
    4612321146476787058
  ],
  [
    1301,
    22875,
    4682519477814507689,
    4612321146476787058
  ],
  [
    1302,
    22878,
    4682519477814507689,
    4612321146476787058
  ],
  [
    1303,
    22879,
    4682519477814507689,
    4612321146476787058
  ],
  [
    1304,
    22894,
    4682519477814507689,
    4612321146476787058
  ],
  [
    1305,
    22895,
    4682519477814507689,
    4612321146476787058
  ],
  [
    1306,
    22898,
    4682519477814507689,
    4612321146476787058
  ],
  [
    1307,
    22899,
    4682519477814507689,
    4612321146476787058
  ],
  [
    1308,
    22906,
    4682519477814507689,
    4612321146476787058
  ],
  [
    1309,
    22907,
    4682519477814507689,
    4612321146476787058
  ],
  [
    1310,
    22910,
    4682519477814507689,
    4612321146476787058
  ],
  [
    1311,
    22911,
    4682519477814507689,
    4612321146476787058
  ],
  [
    1312,
    22974,
    4682519477814507689,
    4612321146476787058
  ],
  [
    1313,
    22975,
    4682519477814507689,
    4612321146476787058
  ],
  [
    1314,
    22978,
    4682519477814507689,
    4612321146476787058
  ],
  [
    1315,
    22979,
    4682519477814507689,
    4612321146476787058
  ],
  [
    1316,
    22986,
    4682519477814507689,
    4612321146476787058
  ],
  [
    1317,
    22987,
    4682519477814507689,
    4612321146476787058
  ],
  [
    1318,
    22990,
    4682519477814507689,
    4612321146476787058
  ],
  [
    1319,
    22991,
    4682519477814507689,
    4612321146476787058
  ],
  [
    1320,
    23006,
    4682519477814507689,
    4612321146476787058
  ],
  [
    1321,
    23007,
    4682519477814507689,
    4612321146476787058
  ],
  [
    1322,
    23010,
    4682519477814507689,
    4612321146476787058
  ],
  [
    1323,
    23011,
    4682519477814507689,
    4612321146476787058
  ],
  [
    1324,
    23018,
    4682519477814507689,
    4612321146476787058
  ],
  [
    1325,
    23019,
    4682519477814507689,
    4612321146476787058
  ],
  [
    1326,
    23022,
    4682519477814507689,
    4612321146476787058
  ],
  [
    1327,
    23023,
    4682519477814507689,
    4612321146476787058
  ],
  [
    1328,
    23054,
    4682519477814507689,
    4612321146476787058
  ],
  [
    1329,
    23055,
    4682519477814507689,
    4612321146476787058
  ],
  [
    1330,
    23058,
    4682519477814507689,
    4612321146476787058
  ],
  [
    1331,
    23059,
    4682519477814507689,
    4612321146476787058
  ],
  [
    1332,
    23066,
    4682519477814507689,
    4612321146476787058
  ],
  [
    1333,
    23067,
    4682519477814507689,
    4612321146476787058
  ],
  [
    1334,
    23070,
    4682519477814507689,
    4612321146476787058
  ],
  [
    1335,
    23071,
    4682519477814507689,
    4612321146476787058
  ],
  [
    1336,
    23086,
    4682519477814507689,
    4612321146476787058
  ],
  [
    1337,
    23087,
    4682519477814507689,
    4612321146476787058
  ],
  [
    1338,
    23090,
    4682519477814507689,
    4612321146476787058
  ],
  [
    1339,
    23091,
    4682519477814507689,
    4612321146476787058
  ],
  [
    1340,
    23098,
    4682519477814507689,
    4612321146476787058
  ],
  [
    1341,
    23099,
    4682519477814507689,
    4612321146476787058
  ],
  [
    1342,
    23102,
    4682519477814507689,
    4612321146476787058
  ],
  [
    1343,
    23103,
    4682519477814507689,
    4612321146476787058
  ],
  [
    1344,
    23230,
    4682519477814507689,
    4612321146476787058
  ],
  [
    1345,
    23231,
    4682519477814507689,
    4612321146476787058
  ],
  [
    1346,
    23234,
    4682519477814507689,
    4612321146476787058
  ],
  [
    1347,
    23235,
    4682519477814507689,
    4612321146476787058
  ],
  [
    1348,
    23242,
    4682519477814507689,
    4612321146476787058
  ],
  [
    1349,
    23243,
    4682519477814507689,
    4612321146476787058
  ],
  [
    1350,
    23246,
    4682519477814507689,
    4612321146476787058
  ],
  [
    1351,
    23247,
    4682519477814507689,
    4612321146476787058
  ],
  [
    1352,
    23262,
    4682519477814507689,
    4612321146476787058
  ],
  [
    1353,
    23263,
    4682519477814507689,
    4612321146476787058
  ],
  [
    1354,
    23266,
    4682519477814507689,
    4612321146476787058
  ],
  [
    1355,
    23267,
    4682519477814507689,
    4612321146476787058
  ],
  [
    1356,
    23274,
    4682519477814507689,
    4612321146476787058
  ],
  [
    1357,
    23275,
    4682519477814507689,
    4612321146476787058
  ],
  [
    1358,
    23278,
    4682519477814507689,
    4612321146476787058
  ],
  [
    1359,
    23279,
    4682519477814507689,
    4612321146476787058
  ],
  [
    1360,
    23310,
    4682519477814507689,
    4612321146476787058
  ],
  [
    1361,
    23311,
    4682519477814507689,
    4612321146476787058
  ],
  [
    1362,
    23314,
    4682519477814507689,
    4612321146476787058
  ],
  [
    1363,
    23315,
    4682519477814507689,
    4612321146476787058
  ],
  [
    1364,
    23322,
    4682519477814507689,
    4612321146476787058
  ],
  [
    1365,
    23323,
    4682519477814507689,
    4612321146476787058
  ],
  [
    1366,
    23326,
    4682519477814507689,
    4612321146476787058
  ],
  [
    1367,
    23327,
    4682519477814507689,
    4612321146476787058
  ],
  [
    1368,
    23342,
    4682519477814507689,
    4612321146476787058
  ],
  [
    1369,
    23343,
    4682519477814507689,
    4612321146476787058
  ],
  [
    1370,
    23346,
    4682519477814507689,
    4612321146476787058
  ],
  [
    1371,
    23347,
    4682519477814507689,
    4612321146476787058
  ],
  [
    1372,
    23354,
    4682519477814507689,
    4612321146476787058
  ],
  [
    1373,
    23355,
    4682519477814507689,
    4612321146476787058
  ],
  [
    1374,
    23358,
    4682519477814507689,
    4612321146476787058
  ],
  [
    1375,
    23359,
    4682519477814507689,
    4612321146476787058
  ],
  [
    1376,
    23422,
    4682519477814507689,
    4612321146476787058
  ],
  [
    1377,
    23423,
    4682519477814507689,
    4612321146476787058
  ],
  [
    1378,
    23426,
    4682519477814507689,
    4612321146476787058
  ],
  [
    1379,
    23427,
    4682519477814507689,
    4612321146476787058
  ],
  [
    1380,
    23434,
    4682519477814507689,
    4612321146476787058
  ],
  [
    1381,
    23435,
    4682519477814507689,
    4612321146476787058
  ],
  [
    1382,
    23438,
    4682519477814507689,
    4612321146476787058
  ],
  [
    1383,
    23439,
    4682519477814507689,
    4612321146476787058
  ],
  [
    1384,
    23454,
    4682519477814507689,
    4612321146476787058
  ],
  [
    1385,
    23455,
    4682519477814507689,
    4612321146476787058
  ],
  [
    1386,
    23458,
    4682519477814507689,
    4612321146476787058
  ],
  [
    1387,
    23459,
    4682519477814507689,
    4612321146476787058
  ],
  [
    1388,
    23466,
    4682519477814507689,
    4612321146476787058
  ],
  [
    1389,
    23467,
    4682519477814507689,
    4612321146476787058
  ],
  [
    1390,
    23470,
    4682519477814507689,
    4612321146476787058
  ],
  [
    1391,
    23471,
    4682519477814507689,
    4612321146476787058
  ],
  [
    1392,
    23502,
    4682519477814507689,
    4612321146476787058
  ],
  [
    1393,
    23503,
    4682519477814507689,
    4612321146476787058
  ],
  [
    1394,
    23506,
    4682519477814507689,
    4612321146476787058
  ],
  [
    1395,
    23507,
    4682519477814507689,
    4612321146476787058
  ],
  [
    1396,
    23514,
    4682519477814507689,
    4612321146476787058
  ],
  [
    1397,
    23515,
    4682519477814507689,
    4612321146476787058
  ],
  [
    1398,
    23518,
    4682519477814507689,
    4612321146476787058
  ],
  [
    1399,
    23519,
    4682519477814507689,
    4612321146476787058
  ],
  [
    1400,
    23534,
    4682519477814507689,
    4612321146476787058
  ],
  [
    1401,
    23535,
    4682519477814507689,
    4612321146476787058
  ],
  [
    1402,
    23538,
    4682519477814507689,
    4612321146476787058
  ],
  [
    1403,
    23539,
    4682519477814507689,
    4612321146476787058
  ],
  [
    1404,
    23546,
    4682519477814507689,
    4612321146476787058
  ],
  [
    1405,
    23547,
    4682519477814507689,
    4612321146476787058
  ],
  [
    1406,
    23550,
    4682519477814507689,
    4612321146476787058
  ],
  [
    1407,
    23551,
    4682519477814507689,
    4612321146476787058
  ],
  [
    1408,
    23806,
    4682519477814507689,
    4612321146476787058
  ],
  [
    1409,
    23807,
    4682519477814507689,
    4612321146476787058
  ],
  [
    1410,
    23810,
    4682519477814507689,
    4612321146476787058
  ],
  [
    1411,
    23811,
    4682519477814507689,
    4612321146476787058
  ],
  [
    1412,
    23818,
    4682519477814507689,
    4612321146476787058
  ],
  [
    1413,
    23819,
    4682519477814507689,
    4612321146476787058
  ],
  [
    1414,
    23822,
    4682519477814507689,
    4612321146476787058
  ],
  [
    1415,
    23823,
    4682519477814507689,
    4612321146476787058
  ],
  [
    1416,
    23838,
    4682519477814507689,
    4612321146476787058
  ],
  [
    1417,
    23839,
    4682519477814507689,
    4612321146476787058
  ],
  [
    1418,
    23842,
    4682519477814507689,
    4612321146476787058
  ],
  [
    1419,
    23843,
    4682519477814507689,
    4612321146476787058
  ],
  [
    1420,
    23850,
    4682519477814507689,
    4612321146476787058
  ],
  [
    1421,
    23851,
    4682519477814507689,
    4612321146476787058
  ],
  [
    1422,
    23854,
    4682519477814507689,
    4612321146476787058
  ],
  [
    1423,
    23855,
    4682519477814507689,
    4612321146476787058
  ],
  [
    1424,
    23886,
    4682519477814507689,
    4612321146476787058
  ],
  [
    1425,
    23887,
    4682519477814507689,
    4612321146476787058
  ],
  [
    1426,
    23890,
    4682519477814507689,
    4612321146476787058
  ],
  [
    1427,
    23891,
    4682519477814507689,
    4612321146476787058
  ],
  [
    1428,
    23898,
    4682519477814507689,
    4612321146476787058
  ],
  [
    1429,
    23899,
    4682519477814507689,
    4612321146476787058
  ],
  [
    1430,
    23902,
    4682519477814507689,
    4612321146476787058
  ],
  [
    1431,
    23903,
    4682519477814507689,
    4612321146476787058
  ],
  [
    1432,
    23918,
    4682519477814507689,
    4612321146476787058
  ],
  [
    1433,
    23919,
    4682519477814507689,
    4612321146476787058
  ],
  [
    1434,
    23922,
    4682519477814507689,
    4612321146476787058
  ],
  [
    1435,
    23923,
    4682519477814507689,
    4612321146476787058
  ],
  [
    1436,
    23930,
    4682519477814507689,
    4612321146476787058
  ],
  [
    1437,
    23931,
    4682519477814507689,
    4612321146476787058
  ],
  [
    1438,
    23934,
    4682519477814507689,
    4612321146476787058
  ],
  [
    1439,
    23935,
    4682519477814507689,
    4612321146476787058
  ],
  [
    1440,
    23998,
    4682519477814507689,
    4612321146476787058
  ],
  [
    1441,
    23999,
    4682519477814507689,
    4612321146476787058
  ],
  [
    1442,
    24002,
    4682519477814507689,
    4612321146476787058
  ],
  [
    1443,
    24003,
    4682519477814507689,
    4612321146476787058
  ],
  [
    1444,
    24010,
    4682519477814507689,
    4612321146476787058
  ],
  [
    1445,
    24011,
    4682519477814507689,
    4612321146476787058
  ],
  [
    1446,
    24014,
    4682519477814507689,
    4612321146476787058
  ],
  [
    1447,
    24015,
    4682519477814507689,
    4612321146476787058
  ],
  [
    1448,
    24030,
    4682519477814507689,
    4612321146476787058
  ],
  [
    1449,
    24031,
    4682519477814507689,
    4612321146476787058
  ],
  [
    1450,
    24034,
    4682519477814507689,
    4612321146476787058
  ],
  [
    1451,
    24035,
    4682519477814507689,
    4612321146476787058
  ],
  [
    1452,
    24042,
    4682519477814507689,
    4612321146476787058
  ],
  [
    1453,
    24043,
    4682519477814507689,
    4612321146476787058
  ],
  [
    1454,
    24046,
    4682519477814507689,
    4612321146476787058
  ],
  [
    1455,
    24047,
    4682519477814507689,
    4612321146476787058
  ],
  [
    1456,
    24078,
    4682519477814507689,
    4612321146476787058
  ],
  [
    1457,
    24079,
    4682519477814507689,
    4612321146476787058
  ],
  [
    1458,
    24082,
    4682519477814507689,
    4612321146476787058
  ],
  [
    1459,
    24083,
    4682519477814507689,
    4612321146476787058
  ],
  [
    1460,
    24090,
    4682519477814507689,
    4612321146476787058
  ],
  [
    1461,
    24091,
    4682519477814507689,
    4612321146476787058
  ],
  [
    1462,
    24094,
    4682519477814507689,
    4612321146476787058
  ],
  [
    1463,
    24095,
    4682519477814507689,
    4612321146476787058
  ],
  [
    1464,
    24110,
    4682519477814507689,
    4612321146476787058
  ],
  [
    1465,
    24111,
    4682519477814507689,
    4612321146476787058
  ],
  [
    1466,
    24114,
    4682519477814507689,
    4612321146476787058
  ],
  [
    1467,
    24115,
    4682519477814507689,
    4612321146476787058
  ],
  [
    1468,
    24122,
    4682519477814507689,
    4612321146476787058
  ],
  [
    1469,
    24123,
    4682519477814507689,
    4612321146476787058
  ],
  [
    1470,
    24126,
    4682519477814507689,
    4612321146476787058
  ],
  [
    1471,
    24127,
    4682519477814507689,
    4612321146476787058
  ],
  [
    1472,
    24254,
    4682519477814507689,
    4612321146476787058
  ],
  [
    1473,
    24255,
    4682519477814507689,
    4612321146476787058
  ],
  [
    1474,
    24258,
    4682519477814507689,
    4612321146476787058
  ],
  [
    1475,
    24259,
    4682519477814507689,
    4612321146476787058
  ],
  [
    1476,
    24266,
    4682519477814507689,
    4612321146476787058
  ],
  [
    1477,
    24267,
    4682519477814507689,
    4612321146476787058
  ],
  [
    1478,
    24270,
    4682519477814507689,
    4612321146476787058
  ],
  [
    1479,
    24271,
    4682519477814507689,
    4612321146476787058
  ],
  [
    1480,
    24286,
    4682519477814507689,
    4612321146476787058
  ],
  [
    1481,
    24287,
    4682519477814507689,
    4612321146476787058
  ],
  [
    1482,
    24290,
    4682519477814507689,
    4612321146476787058
  ],
  [
    1483,
    24291,
    4682519477814507689,
    4612321146476787058
  ],
  [
    1484,
    24298,
    4682519477814507689,
    4612321146476787058
  ],
  [
    1485,
    24299,
    4682519477814507689,
    4612321146476787058
  ],
  [
    1486,
    24302,
    4682519477814507689,
    4612321146476787058
  ],
  [
    1487,
    24303,
    4682519477814507689,
    4612321146476787058
  ],
  [
    1488,
    24334,
    4682519477814507689,
    4612321146476787058
  ],
  [
    1489,
    24335,
    4682519477814507689,
    4612321146476787058
  ],
  [
    1490,
    24338,
    4682519477814507689,
    4612321146476787058
  ],
  [
    1491,
    24339,
    4682519477814507689,
    4612321146476787058
  ],
  [
    1492,
    24346,
    4682519477814507689,
    4612321146476787058
  ],
  [
    1493,
    24347,
    4682519477814507689,
    4612321146476787058
  ],
  [
    1494,
    24350,
    4682519477814507689,
    4612321146476787058
  ],
  [
    1495,
    24351,
    4682519477814507689,
    4612321146476787058
  ],
  [
    1496,
    24366,
    4682519477814507689,
    4612321146476787058
  ],
  [
    1497,
    24367,
    4682519477814507689,
    4612321146476787058
  ],
  [
    1498,
    24370,
    4682519477814507689,
    4612321146476787058
  ],
  [
    1499,
    24371,
    4682519477814507689,
    4612321146476787058
  ],
  [
    1500,
    24378,
    4682519477814507689,
    4612321146476787058
  ],
  [
    1501,
    24379,
    4682519477814507689,
    4612321146476787058
  ],
  [
    1502,
    24382,
    4682519477814507689,
    4612321146476787058
  ],
  [
    1503,
    24383,
    4682519477814507689,
    4612321146476787058
  ],
  [
    1504,
    24446,
    4682519477814507689,
    4612321146476787058
  ],
  [
    1505,
    24447,
    4682519477814507689,
    4612321146476787058
  ],
  [
    1506,
    24450,
    4682519477814507689,
    4612321146476787058
  ],
  [
    1507,
    24451,
    4682519477814507689,
    4612321146476787058
  ],
  [
    1508,
    24458,
    4682519477814507689,
    4612321146476787058
  ],
  [
    1509,
    24459,
    4682519477814507689,
    4612321146476787058
  ],
  [
    1510,
    24462,
    4682519477814507689,
    4612321146476787058
  ],
  [
    1511,
    24463,
    4682519477814507689,
    4612321146476787058
  ],
  [
    1512,
    24478,
    4682519477814507689,
    4612321146476787058
  ],
  [
    1513,
    24479,
    4682519477814507689,
    4612321146476787058
  ],
  [
    1514,
    24482,
    4682519477814507689,
    4612321146476787058
  ],
  [
    1515,
    24483,
    4682519477814507689,
    4612321146476787058
  ],
  [
    1516,
    24490,
    4682519477814507689,
    4612321146476787058
  ],
  [
    1517,
    24491,
    4682519477814507689,
    4612321146476787058
  ],
  [
    1518,
    24494,
    4682519477814507689,
    4612321146476787058
  ],
  [
    1519,
    24495,
    4682519477814507689,
    4612321146476787058
  ],
  [
    1520,
    24526,
    4682519477814507689,
    4612321146476787058
  ],
  [
    1521,
    24527,
    4682519477814507689,
    4612321146476787058
  ],
  [
    1522,
    24530,
    4682519477814507689,
    4612321146476787058
  ],
  [
    1523,
    24531,
    4682519477814507689,
    4612321146476787058
  ],
  [
    1524,
    24538,
    4682519477814507689,
    4612321146476787058
  ],
  [
    1525,
    24539,
    4682519477814507689,
    4612321146476787058
  ],
  [
    1526,
    24542,
    4682519477814507689,
    4612321146476787058
  ],
  [
    1527,
    24543,
    4682519477814507689,
    4612321146476787058
  ],
  [
    1528,
    24558,
    4682519477814507689,
    4612321146476787058
  ],
  [
    1529,
    24559,
    4682519477814507689,
    4612321146476787058
  ],
  [
    1530,
    24562,
    4682519477814507689,
    4612321146476787058
  ],
  [
    1531,
    24563,
    4682519477814507689,
    4612321146476787058
  ],
  [
    1532,
    24570,
    4682519477814507689,
    4612321146476787058
  ],
  [
    1533,
    24571,
    4682519477814507689,
    4612321146476787058
  ],
  [
    1534,
    24574,
    4682519477814507689,
    4612321146476787058
  ],
  [
    1535,
    24575,
    4682519477814507689,
    4612321146476787058
  ]
]
