Q M 3ff279a74590331c 3ff5555555555555 3ff8a2345cc04425
C 0 0000000000000000 3ff8a2345cc04425 0
ENTRY 0 0000000000000000 3fcb000000000002
G 8 0 4095 1 0 1 8 1 0000000000000000
G 8 1 8 1 8 1 16 0 0000000000000000
G 1 1 16 1 16 1 17 0 0000000000000000
IT 29 0 0 0000000000000000 3fbc66666666666a 405753199999999d
G 8 1 17 1 17 1 25 0 ffffffffffffffff
G 8 1 25 1 25 1 33 0 007fffffffffffff
BE 405753199999999d 134 3fdaab76aba4f700 5460f2417905aa21 005460f2417905aa 63 1 0
G 8 1 33 1 33 1 41 0 0000000000000000
G 8 1 41 1 41 1 49 0 0000000000000000
G 1 1 49 1 49 1 50 0 0000000000000000
IT 29 0 0 0000000000000000 3fbc66666666666a 405753199999999d
G 8 1 50 1 50 1 58 0 ffffffffffffffff
G 8 1 58 1 58 1 66 0 007fffffffffffff
BE 405753199999999d 134 3fdaab76aba4f700 5460f2417905aa21 005460f2417905aa 63 1 0
G 8 1 66 1 66 1 74 0 0000000000000000
G 8 1 74 1 74 1 82 0 0000000000000000
G 1 1 82 1 82 1 83 0 0000000000000000
IT 29 0 0 0000000000000000 3fbc66666666666a 405753199999999d
G 8 1 83 1 83 1 91 0 ffffffffffffffff
G 8 1 91 1 91 1 99 0 007fffffffffffff
BE 405753199999999d 134 3fdaab76aba4f700 5460f2417905aa21 005460f2417905aa 63 1 0
G 8 1 99 1 99 1 107 0 b27b9cffb9409562
G 8 1 107 1 107 1 115 0 aa0adb62fc1574fc
G 1 1 115 1 115 1 116 0 0000000000000000
IT 0 0 0 0000000000000000 3fbc66666666666a 0000000000000000
G 8 1 116 1 116 1 124 0 0000000000000000
G 8 1 124 1 124 1 132 0 0000000000000000
BE 0000000000000000 0 0000000000000000 8000000000000000 0080000000000000 0 0 1
R 0 N 0
Q O 0 0000000000000000 0000000000000000
Q S 0000000000000000 0000000000000000 0000000000000000
Q H 0000000000000000 0000000000000000 0000000000000000
Q A 0000000000000000 0000000000000000 0000000000000000
C 1 0000000000000000 3ff5555555555555 0
ENTRY 0 0000000000000000 3fd2000000000000
G 8 1 132 1 132 1 140 0 6c57ab6d02a96fc4
G 8 1 140 1 140 1 148 0 8c91833c4fcac262
G 1 1 148 1 148 1 149 0 0000000000000081
IT 1 1 0 3ff0000000000000 3fc7333333333333 3ff0666666666666
G 8 1 149 1 149 1 157 0 0000000000000000
G 8 1 157 1 157 1 165 0 0000000000000000
BE 3ff0666666666666 1 3fd53d139ba525ba 5bda15ccd6c5e948 005bda15ccd6c5e9 1 0 1
R 1 N 2
Q O 2 0000000000000000 4000000000000000
Q S 0000000000000000 4000000000000000 c000000000000000
Q S c000000000000000 0000000000000000 c000000000000000
T 0000000000000000 0000000000000000 0000000000000000 0000000000000000 0000000000000000 0000000000000000 0000000000000000 0000000000000000 0000000000000000 0000000000000000 0000000000000000 0000000000000000 0000000000000000 0000000000000000 0000000000000000 0000000000000000 0000000000000000 0000000000000000 0000000000000000 0000000000000000 0000000000000000 0000000000000000 0000000000000000 0000000000000000 0000000000000000 0000000000000000 0000000000000000 0000000000000000 0000000000000000 0000000000000000 0000000000000000 0000000000000000 0000000000000000 0000000000000000 0000000000000000 0000000000000000 0000000000000000 0000000000000000 0000000000000000 0000000000000000 0000000000000000 0000000000000000 0000000000000000 0000000000000000 0000000000000000 0000000000000000 0000000000000000 0000000000000000 0000000000000000 0000000000000000 0000000000000000 0000000000000000 0000000000000000 0000000000000000 0000000000000000 0000000000000000 0000000000000000 0000000000000000 0000000000000000 0000000000000000 0000000000000000 0000000000000000 0000000000000000 0000000000000000 0000000000000000 0000000000000000 0000000000000000 0000000000000000 0000000000000000 0000000000000000 0000000000000000 0000000000000000 0000000000000000 0000000000000000 0000000000000000 0000000000000000 0000000000000000 0000000000000000 0000000000000000 0000000000000000 0000000000000000 0000000000000000 0000000000000000 0000000000000000 0000000000000000 0000000000000000 0000000000000000 0000000000000000 0000000000000000 0000000000000000 0000000000000000 0000000000000000 0000000000000000 0000000000000000 0000000000000000 0000000000000000 0000000000000000 0000000000000000 0000000000000000 0000000000000000 0000000000000000 0000000000000000 0000000000000000 0000000000000000 0000000000000000 0000000000000000 0000000000000000 0000000000000000 0000000000000000 0000000000000000 0000000000000000 0000000000000000 0000000000000000 0000000000000000 0000000000000000 0000000000000000 0000000000000000 0000000000000000 0000000000000000 0000000000000000 0000000000000000 0000000000000000 0000000000000000 0000000000000000 0000000000000000 0000000000000000 0000000000000000 0000000000000000 0000000000000000 0000000000000000 0000000000000000 0000000000000000 0000000000000000 0000000000000000 0000000000000000 0000000000000000 0000000000000000 0000000000000000 0000000000000000 0000000000000000 0000000000000000 0000000000000000 0000000000000000 0000000000000000 0000000000000000 0000000000000000 0000000000000000 0000000000000000 0000000000000000 0000000000000000 0000000000000000 0000000000000000 0000000000000000 0000000000000000 0000000000000000 0000000000000000 0000000000000000 0000000000000000 0000000000000000 0000000000000000 0000000000000000 0000000000000000 0000000000000000 0000000000000000 0000000000000000 0000000000000000 0000000000000000 0000000000000000 0000000000000000 0000000000000000 0000000000000000 0000000000000000 0000000000000000 0000000000000000 0000000000000000 0000000000000000 0000000000000000 0000000000000000 0000000000000000 0000000000000000 0000000000000000 0000000000000000 0000000000000000 0000000000000000 0000000000000000 0000000000000000 0000000000000000 0000000000000000 0000000000000000 0000000000000000 0000000000000000 0000000000000000 0000000000000000 0000000000000000 0000000000000000 0000000000000000 0000000000000000 0000000000000000 0000000000000000 0000000000000000 0000000000000000 0000000000000000 0000000000000000 0000000000000000 0000000000000000 0000000000000000 0000000000000000 0000000000000000 0000000000000000 0000000000000000 0000000000000000 0000000000000000 0000000000000000 0000000000000000 0000000000000000 0000000000000000 0000000000000000 0000000000000000 0000000000000000 0000000000000000 0000000000000000 0000000000000000 0000000000000000 0000000000000000 0000000000000000 0000000000000000 0000000000000000 0000000000000000 0000000000000000 0000000000000000 0000000000000000 0000000000000000 0000000000000000 0000000000000000 0000000000000000 0000000000000000 0000000000000000 0000000000000000 0000000000000000 0000000000000000 0000000000000000 0000000000000000 0000000000000000 0000000000000000 0000000000000000 0000000000000000 0000000000000000 0000000000000000 0000000000000000 0000000000000000 0000000000000000 0000000000000000 0000000000000000 0000000000000000 0000000000000000 0000000000000000 0000000000000000 0000000000000000 0000000000000000 0000000000000000 0000000000000000 0000000000000000 0000000000000000 0000000000000000 0000000000000000 0000000000000000 0000000000000000 0000000000000000 0000000000000000 0000000000000000 0000000000000000 0000000000000000 0000000000000000 0000000000000000 0000000000000000 0000000000000000 0000000000000000 0000000000000000 0000000000000000 0000000000000000 0000000000000000 0000000000000000 0000000000000000 0000000000000000 0000000000000000 0000000000000000 0000000000000000 0000000000000000 0000000000000000 0000000000000000 0000000000000000 0000000000000000 0000000000000000 0000000000000000 0000000000000000 0000000000000000 0000000000000000 0000000000000000 0000000000000000 0000000000000000 0000000000000000 0000000000000000 0000000000000000 0000000000000000 0000000000000000 0000000000000000 0000000000000000 0000000000000000 0000000000000000 0000000000000000 0000000000000000 0000000000000000 0000000000000000 0000000000000000 0000000000000000 0000000000000000 0000000000000000 0000000000000000 0000000000000000 0000000000000000 0000000000000000 0000000000000000 0000000000000000 0000000000000000 0000000000000000 0000000000000000 0000000000000000 0000000000000000 0000000000000000 0000000000000000 0000000000000000 0000000000000000 0000000000000000 0000000000000000 0000000000000000 0000000000000000 0000000000000000 0000000000000000 0000000000000000 0000000000000000 0000000000000000 0000000000000000 0000000000000000 0000000000000000 0000000000000000 0000000000000000 0000000000000000 0000000000000000 0000000000000000 0000000000000000 0000000000000000 0000000000000000 0000000000000000 0000000000000000 0000000000000000 0000000000000000 0000000000000000 0000000000000000 0000000000000000 0000000000000000 0000000000000000 0000000000000000 0000000000000000 0000000000000000 0000000000000000 0000000000000000 0000000000000000 0000000000000000 0000000000000000 0000000000000000 0000000000000000 0000000000000000 0000000000000000 0000000000000000 0000000000000000 0000000000000000 0000000000000000 0000000000000000 0000000000000000 0000000000000000 0000000000000000 0000000000000000 0000000000000000 0000000000000000 0000000000000000 0000000000000000 0000000000000000 0000000000000000 0000000000000000 0000000000000000 0000000000000000 0000000000000000 0000000000000000 0000000000000000 0000000000000000 0000000000000000 0000000000000000 0000000000000000 0000000000000000 0000000000000000 0000000000000000 0000000000000000 0000000000000000 0000000000000000 0000000000000000 0000000000000000 0000000000000000 0000000000000000 0000000000000000 0000000000000000 0000000000000000 0000000000000000 0000000000000000 0000000000000000 0000000000000000 0000000000000000 0000000000000000 0000000000000000 0000000000000000 0000000000000000 0000000000000000 0000000000000000 0000000000000000 0000000000000000 0000000000000000 0000000000000000 0000000000000000 0000000000000000 0000000000000000 0000000000000000 0000000000000000 0000000000000000 0000000000000000 0000000000000000 0000000000000000 0000000000000000 0000000000000000 0000000000000000 0000000000000000 0000000000000000 0000000000000000 0000000000000000 0000000000000000 0000000000000000 0000000000000000 0000000000000000 0000000000000000 0000000000000000 0000000000000000 0000000000000000 0000000000000000 0000000000000000 0000000000000000 0000000000000000 0000000000000000 0000000000000000 0000000000000000 0000000000000000 0000000000000000 0000000000000000 0000000000000000 0000000000000000 0000000000000000 0000000000000000 0000000000000000 0000000000000000 0000000000000000 0000000000000000 0000000000000000 0000000000000000 0000000000000000 0000000000000000 0000000000000000 0000000000000000 0000000000000000 0000000000000000 0000000000000000 0000000000000000 0000000000000000 0000000000000000 0000000000000000 0000000000000000 0000000000000000 0000000000000000 0000000000000000 0000000000000000 0000000000000000 0000000000000000 0000000000000000 0000000000000000 0000000000000000 0000000000000000 0000000000000000 0000000000000000 0000000000000000 0000000000000000 0000000000000000 0000000000000000 0000000000000000 0000000000000000 0000000000000000 0000000000000000 0000000000000000 0000000000000000 0000000000000000 0000000000000000 0000000000000000 0000000000000000 0000000000000000 0000000000000000 0000000000000000 0000000000000000 0000000000000000 0000000000000000 0000000000000000 0000000000000000 0000000000000000 0000000000000000 0000000000000000 0000000000000000 0000000000000000 0000000000000000 0000000000000000 0000000000000000 0000000000000000 0000000000000000 0000000000000000 0000000000000000 0000000000000000 0000000000000000 0000000000000000 0000000000000000 0000000000000000 0000000000000000 0000000000000000 0000000000000000 0000000000000000 0000000000000000 0000000000000000 0000000000000000 0000000000000000 0000000000000000 0000000000000000 0000000000000000 0000000000000000 0000000000000000 0000000000000000 0000000000000000 0000000000000000 0000000000000000 0000000000000000 0000000000000000 0000000000000000 0000000000000000 0000000000000000 0000000000000000 0000000000000000 0000000000000000 0000000000000000 0000000000000000 0000000000000000 0000000000000000 0000000000000000 0000000000000000 0000000000000000 0000000000000000 0000000000000000 0000000000000000 0000000000000000 0000000000000000 0000000000000000 0000000000000000 0000000000000000 0000000000000000 0000000000000000 0000000000000000 0000000000000000 0000000000000000 0000000000000000 0000000000000000 0000000000000000 0000000000000000 0000000000000000 0000000000000000 0000000000000000 0000000000000000 0000000000000000 0000000000000000 0000000000000000 0000000000000000 0000000000000000 0000000000000000 0000000000000000 0000000000000000 0000000000000000 0000000000000000 0000000000000000 0000000000000000 0000000000000000 0000000000000000 0000000000000000 0000000000000000 0000000000000000 0000000000000000 0000000000000000 0000000000000000 0000000000000000 0000000000000000 0000000000000000 0000000000000000 0000000000000000 0000000000000000 0000000000000000 0000000000000000 0000000000000000 0000000000000000 0000000000000000 0000000000000000 0000000000000000 0000000000000000 0000000000000000 0000000000000000 0000000000000000 0000000000000000 0000000000000000 0000000000000000 0000000000000000 0000000000000000 0000000000000000 0000000000000000 0000000000000000 0000000000000000 0000000000000000 0000000000000000 0000000000000000 0000000000000000 0000000000000000 0000000000000000 0000000000000000 0000000000000000 0000000000000000 0000000000000000 0000000000000000 0000000000000000 0000000000000000 0000000000000000 0000000000000000 0000000000000000 0000000000000000 0000000000000000 0000000000000000 0000000000000000 0000000000000000 0000000000000000 0000000000000000 0000000000000000 0000000000000000 0000000000000000 0000000000000000 0000000000000000 0000000000000000 0000000000000000 0000000000000000 0000000000000000 0000000000000000 0000000000000000 0000000000000000 0000000000000000 0000000000000000 0000000000000000 0000000000000000 0000000000000000 0000000000000000 0000000000000000 0000000000000000 0000000000000000 0000000000000000 0000000000000000 0000000000000000 0000000000000000 0000000000000000 0000000000000000 0000000000000000 0000000000000000 0000000000000000 0000000000000000 0000000000000000 0000000000000000 0000000000000000 0000000000000000 0000000000000000 0000000000000000 0000000000000000 0000000000000000 0000000000000000 0000000000000000 0000000000000000 0000000000000000 0000000000000000 0000000000000000 0000000000000000 0000000000000000 0000000000000000 0000000000000000 0000000000000000 0000000000000000 0000000000000000 0000000000000000 0000000000000000 0000000000000000 0000000000000000 0000000000000000 0000000000000000 0000000000000000 0000000000000000 0000000000000000 0000000000000000 0000000000000000 0000000000000000 0000000000000000 0000000000000000 0000000000000000 0000000000000000 0000000000000000 0000000000000000 0000000000000000 0000000000000000 0000000000000000 0000000000000000 0000000000000000 0000000000000000 0000000000000000 0000000000000000 0000000000000000 0000000000000000 0000000000000000 0000000000000000 0000000000000000 0000000000000000 0000000000000000 0000000000000000 0000000000000000 0000000000000000 0000000000000000 0000000000000000 0000000000000000 0000000000000000 0000000000000000 0000000000000000 0000000000000000 0000000000000000 0000000000000000 0000000000000000 0000000000000000 0000000000000000 0000000000000000 0000000000000000 0000000000000000 0000000000000000 0000000000000000 0000000000000000 0000000000000000 0000000000000000 0000000000000000 0000000000000000 0000000000000000 0000000000000000 0000000000000000 0000000000000000 0000000000000000 0000000000000000 0000000000000000 0000000000000000 0000000000000000 0000000000000000 0000000000000000 0000000000000000 0000000000000000 0000000000000000 0000000000000000 0000000000000000 0000000000000000 0000000000000000 0000000000000000 0000000000000000 0000000000000000 0000000000000000 0000000000000000 0000000000000000 0000000000000000 0000000000000000 0000000000000000 0000000000000000 0000000000000000 0000000000000000 0000000000000000 0000000000000000 0000000000000000 0000000000000000 0000000000000000 0000000000000000 0000000000000000 0000000000000000 0000000000000000 0000000000000000 0000000000000000 0000000000000000 0000000000000000 0000000000000000 0000000000000000 0000000000000000 0000000000000000 0000000000000000 0000000000000000 0000000000000000 0000000000000000 0000000000000000 0000000000000000 0000000000000000 0000000000000000 0000000000000000 0000000000000000 0000000000000000 0000000000000000 0000000000000000 0000000000000000 0000000000000000 0000000000000000 0000000000000000 0000000000000000 0000000000000000 0000000000000000 0000000000000000 0000000000000000 0000000000000000 0000000000000000 0000000000000000 0000000000000000 0000000000000000 0000000000000000 0000000000000000 0000000000000000 0000000000000000 0000000000000000 0000000000000000 0000000000000000 0000000000000000 0000000000000000 0000000000000000 0000000000000000 0000000000000000 0000000000000000 0000000000000000 0000000000000000 0000000000000000 0000000000000000 0000000000000000 0000000000000000 0000000000000000 0000000000000000 0000000000000000 0000000000000000 0000000000000000 0000000000000000 0000000000000000 0000000000000000 0000000000000000 0000000000000000 0000000000000000 0000000000000000 0000000000000000 0000000000000000 0000000000000000 0000000000000000 0000000000000000 0000000000000000 0000000000000000 0000000000000000 0000000000000000 0000000000000000 0000000000000000 0000000000000000 0000000000000000 0000000000000000 0000000000000000 0000000000000000 0000000000000000 0000000000000000 0000000000000000 0000000000000000 0000000000000000 0000000000000000 0000000000000000 0000000000000000 0000000000000000 0000000000000000 0000000000000000 0000000000000000 0000000000000000 0000000000000000 0000000000000000 0000000000000000 0000000000000000 0000000000000000 0000000000000000 0000000000000000 0000000000000000 0000000000000000 0000000000000000 0000000000000000 0000000000000000 0000000000000000 0000000000000000 0000000000000000 0000000000000000 0000000000000000 0000000000000000 0000000000000000 0000000000000000 0000000000000000 0000000000000000 0000000000000000 0000000000000000 0000000000000000 0000000000000000 0000000000000000 0000000000000000 0000000000000000 0000000000000000 0000000000000000 0000000000000000 0000000000000000 0000000000000000 0000000000000000 0000000000000000 0000000000000000 0000000000000000 0000000000000000 0000000000000000 0000000000000000 0000000000000000 0000000000000000 0000000000000000 0000000000000000 0000000000000000 0000000000000000 0000000000000000 0000000000000000 0000000000000000 0000000000000000 0000000000000000 0000000000000000 0000000000000000 0000000000000000 0000000000000000 0000000000000000 0000000000000000 0000000000000000 0000000000000000 0000000000000000 0000000000000000 0000000000000000 0000000000000000 0000000000000000 0000000000000000 0000000000000000 0000000000000000 0000000000000000 0000000000000000 0000000000000000 0000000000000000 0000000000000000 0000000000000000 0000000000000000 0000000000000000 0000000000000000 0000000000000000 0000000000000000 0000000000000000 0000000000000000 0000000000000000 0000000000000000 0000000000000000 0000000000000000 0000000000000000 0000000000000000 0000000000000000 0000000000000000 0000000000000000 0000000000000000 0000000000000000 0000000000000000 0000000000000000 0000000000000000 0000000000000000 0000000000000000 0000000000000000 0000000000000000 0000000000000000 0000000000000000 0000000000000000 0000000000000000 0000000000000000 0000000000000000 0000000000000000 0000000000000000 0000000000000000 0000000000000000 0000000000000000 0000000000000000 0000000000000000 0000000000000000 0000000000000000 0000000000000000 0000000000000000 0000000000000000 0000000000000000 0000000000000000 0000000000000000 0000000000000000 0000000000000000 0000000000000000 0000000000000000 0000000000000000 0000000000000000 0000000000000000 0000000000000000 0000000000000000 0000000000000000 0000000000000000 0000000000000000 0000000000000000 0000000000000000 0000000000000000 0000000000000000 0000000000000000 0000000000000000 0000000000000000 0000000000000000 0000000000000000 0000000000000000 0000000000000000 0000000000000000 0000000000000000 0000000000000000 0000000000000000 0000000000000000 0000000000000000 0000000000000000 0000000000000000 0000000000000000 0000000000000000 0000000000000000 0000000000000000 0000000000000000 0000000000000000 0000000000000000 0000000000000000 0000000000000000 0000000000000000 0000000000000000 0000000000000000 0000000000000000 0000000000000000 0000000000000000 0000000000000000 0000000000000000 0000000000000000 0000000000000000 0000000000000000 0000000000000000 0000000000000000 0000000000000000 0000000000000000 0000000000000000 0000000000000000 0000000000000000 0000000000000000 0000000000000000 0000000000000000 0000000000000000 0000000000000000 0000000000000000 0000000000000000 0000000000000000 0000000000000000 0000000000000000 0000000000000000 0000000000000000 0000000000000000 0000000000000000 0000000000000000 0000000000000000 0000000000000000 0000000000000000 0000000000000000 0000000000000000 0000000000000000 0000000000000000 0000000000000000 0000000000000000 0000000000000000 0000000000000000 0000000000000000 0000000000000000 0000000000000000 0000000000000000 0000000000000000 0000000000000000 0000000000000000 0000000000000000 0000000000000000 0000000000000000 0000000000000000 0000000000000000 0000000000000000 0000000000000000 0000000000000000 0000000000000000 0000000000000000 0000000000000000 0000000000000000 0000000000000000 0000000000000000 0000000000000000 0000000000000000 0000000000000000 0000000000000000 0000000000000000 0000000000000000 0000000000000000 0000000000000000 0000000000000000 0000000000000000 0000000000000000 0000000000000000 0000000000000000 0000000000000000 0000000000000000 0000000000000000 0000000000000000 0000000000000000 0000000000000000 0000000000000000 0000000000000000 0000000000000000 0000000000000000 0000000000000000 0000000000000000 0000000000000000 0000000000000000 0000000000000000 0000000000000000 0000000000000000 0000000000000000 0000000000000000 0000000000000000 0000000000000000 0000000000000000 0000000000000000 0000000000000000 0000000000000000 0000000000000000 0000000000000000 0000000000000000 0000000000000000 0000000000000000 0000000000000000 0000000000000000 0000000000000000 0000000000000000 0000000000000000 0000000000000000 0000000000000000 0000000000000000 0000000000000000 0000000000000000 0000000000000000 0000000000000000 0000000000000000 0000000000000000 0000000000000000 0000000000000000 0000000000000000 0000000000000000 0000000000000000 0000000000000000 0000000000000000 0000000000000000 0000000000000000 0000000000000000 0000000000000000 0000000000000000 0000000000000000 0000000000000000 0000000000000000 0000000000000000 0000000000000000 0000000000000000 0000000000000000 0000000000000000 0000000000000000 0000000000000000 0000000000000000 0000000000000000 0000000000000000 0000000000000000 0000000000000000 0000000000000000 0000000000000000 0000000000000000 0000000000000000 0000000000000000 0000000000000000 0000000000000000 0000000000000000 0000000000000000 0000000000000000 0000000000000000 0000000000000000 0000000000000000 0000000000000000 0000000000000000 0000000000000000 0000000000000000 0000000000000000 0000000000000000 0000000000000000 0000000000000000 0000000000000000 0000000000000000 0000000000000000 0000000000000000 0000000000000000 0000000000000000 0000000000000000 0000000000000000 0000000000000000 0000000000000000 0000000000000000 0000000000000000 0000000000000000 0000000000000000 0000000000000000 0000000000000000 0000000000000000 0000000000000000 0000000000000000 0000000000000000 0000000000000000 0000000000000000 0000000000000000 0000000000000000 0000000000000000 0000000000000000 0000000000000000 0000000000000000 0000000000000000 0000000000000000 0000000000000000 0000000000000000 0000000000000000 0000000000000000 0000000000000000 0000000000000000 0000000000000000 0000000000000000 0000000000000000 0000000000000000 0000000000000000 0000000000000000 0000000000000000 0000000000000000 0000000000000000 0000000000000000 0000000000000000 0000000000000000 0000000000000000 0000000000000000 0000000000000000 0000000000000000 0000000000000000 0000000000000000 0000000000000000 0000000000000000 0000000000000000 0000000000000000 0000000000000000 0000000000000000 0000000000000000 0000000000000000 0000000000000000 0000000000000000 0000000000000000 0000000000000000 0000000000000000 0000000000000000 0000000000000000 0000000000000000 0000000000000000 0000000000000000 0000000000000000 0000000000000000 0000000000000000 0000000000000000 0000000000000000 0000000000000000 0000000000000000 0000000000000000 0000000000000000 0000000000000000 0000000000000000 0000000000000000 0000000000000000 0000000000000000 0000000000000000 0000000000000000 0000000000000000 0000000000000000 0000000000000000 0000000000000000 0000000000000000 0000000000000000 0000000000000000 0000000000000000 0000000000000000 0000000000000000 0000000000000000 0000000000000000 0000000000000000 0000000000000000 0000000000000000 0000000000000000 0000000000000000 0000000000000000 0000000000000000 0000000000000000 0000000000000000 0000000000000000 0000000000000000 0000000000000000 0000000000000000 0000000000000000 0000000000000000 0000000000000000 0000000000000000 0000000000000000 0000000000000000 0000000000000000 0000000000000000 0000000000000000 0000000000000000 0000000000000000 0000000000000000 0000000000000000 0000000000000000 0000000000000000 0000000000000000 0000000000000000 0000000000000000 0000000000000000 0000000000000000 0000000000000000 0000000000000000 0000000000000000 0000000000000000 0000000000000000 0000000000000000 0000000000000000 0000000000000000 0000000000000000 0000000000000000 0000000000000000 0000000000000000 0000000000000000 0000000000000000 0000000000000000 0000000000000000 0000000000000000 0000000000000000 0000000000000000 0000000000000000 0000000000000000 0000000000000000 0000000000000000 0000000000000000 0000000000000000 0000000000000000 0000000000000000 0000000000000000 0000000000000000 0000000000000000 0000000000000000 0000000000000000 0000000000000000 0000000000000000 0000000000000000 0000000000000000 0000000000000000 0000000000000000 0000000000000000 0000000000000000 0000000000000000 0000000000000000 0000000000000000 0000000000000000 0000000000000000 0000000000000000 0000000000000000 0000000000000000 0000000000000000 0000000000000000 0000000000000000 0000000000000000 0000000000000000 0000000000000000 0000000000000000 0000000000000000 0000000000000000 0000000000000000 0000000000000000 0000000000000000 0000000000000000 0000000000000000 0000000000000000 0000000000000000 0000000000000000 0000000000000000 0000000000000000 0000000000000000 0000000000000000 0000000000000000 0000000000000000 0000000000000000 0000000000000000 0000000000000000 0000000000000000 0000000000000000 0000000000000000 0000000000000000 0000000000000000 0000000000000000 0000000000000000 0000000000000000 0000000000000000 0000000000000000 0000000000000000 0000000000000000 0000000000000000 0000000000000000 0000000000000000 0000000000000000 0000000000000000 0000000000000000 0000000000000000 0000000000000000 0000000000000000 0000000000000000 0000000000000000 0000000000000000 0000000000000000 0000000000000000 0000000000000000 0000000000000000 0000000000000000 0000000000000000 0000000000000000 0000000000000000 0000000000000000 0000000000000000 0000000000000000 0000000000000000 0000000000000000 0000000000000000 0000000000000000 0000000000000000 0000000000000000 0000000000000000 0000000000000000 0000000000000000 0000000000000000 0000000000000000 0000000000000000 0000000000000000 0000000000000000 0000000000000000 0000000000000000 0000000000000000 0000000000000000 0000000000000000 0000000000000000 0000000000000000 0000000000000000 0000000000000000 0000000000000000 0000000000000000 0000000000000000 0000000000000000 0000000000000000 0000000000000000 0000000000000000 0000000000000000 0000000000000000 0000000000000000 0000000000000000 0000000000000000 0000000000000000 0000000000000000 0000000000000000 0000000000000000 0000000000000000 0000000000000000 0000000000000000 0000000000000000 0000000000000000 0000000000000000 0000000000000000 0000000000000000 0000000000000000 0000000000000000 0000000000000000 0000000000000000 0000000000000000 0000000000000000 0000000000000000 0000000000000000 0000000000000000 0000000000000000 0000000000000000 0000000000000000 0000000000000000 0000000000000000 0000000000000000 0000000000000000 0000000000000000 0000000000000000 0000000000000000 0000000000000000 0000000000000000 0000000000000000 0000000000000000 0000000000000000 0000000000000000 0000000000000000 0000000000000000 0000000000000000 0000000000000000 0000000000000000 0000000000000000 0000000000000000 0000000000000000 0000000000000000 0000000000000000 0000000000000000 0000000000000000 0000000000000000 0000000000000000 0000000000000000 0000000000000000 0000000000000000 0000000000000000 0000000000000000 0000000000000000 0000000000000000 0000000000000000 0000000000000000 0000000000000000 0000000000000000 0000000000000000 0000000000000000 0000000000000000 0000000000000000 0000000000000000 0000000000000000 0000000000000000 0000000000000000 0000000000000000 0000000000000000 0000000000000000 0000000000000000 0000000000000000 0000000000000000 0000000000000000 0000000000000000 0000000000000000 0000000000000000 0000000000000000 0000000000000000 0000000000000000 0000000000000000 0000000000000000 0000000000000000 0000000000000000 0000000000000000 0000000000000000 0000000000000000 0000000000000000 0000000000000000 0000000000000000 0000000000000000 0000000000000000 0000000000000000 0000000000000000 0000000000000000 0000000000000000 0000000000000000 0000000000000000 0000000000000000 0000000000000000 0000000000000000 0000000000000000 0000000000000000 0000000000000000 0000000000000000 0000000000000000 0000000000000000 0000000000000000 0000000000000000 0000000000000000 0000000000000000 0000000000000000 0000000000000000 0000000000000000 0000000000000000 0000000000000000 0000000000000000 0000000000000000 0000000000000000 0000000000000000 0000000000000000 0000000000000000 0000000000000000 0000000000000000 0000000000000000 0000000000000000 0000000000000000 0000000000000000 0000000000000000 0000000000000000 0000000000000000 0000000000000000 0000000000000000 0000000000000000 0000000000000000 0000000000000000 0000000000000000 0000000000000000 0000000000000000 0000000000000000 0000000000000000 0000000000000000 0000000000000000 0000000000000000 0000000000000000 0000000000000000 0000000000000000 0000000000000000 0000000000000000 0000000000000000 0000000000000000 0000000000000000 0000000000000000 0000000000000000 0000000000000000 0000000000000000 0000000000000000 0000000000000000 0000000000000000 0000000000000000 0000000000000000 0000000000000000 0000000000000000 0000000000000000 0000000000000000 0000000000000000 0000000000000000 0000000000000000 0000000000000000 0000000000000000 0000000000000000 0000000000000000 0000000000000000 0000000000000000 0000000000000000 0000000000000000 0000000000000000 0000000000000000 0000000000000000 0000000000000000 0000000000000000 0000000000000000 0000000000000000 0000000000000000 0000000000000000 0000000000000000 0000000000000000 0000000000000000 0000000000000000 0000000000000000 0000000000000000 0000000000000000 0000000000000000 0000000000000000 0000000000000000 0000000000000000 0000000000000000 0000000000000000 0000000000000000 0000000000000000 0000000000000000 0000000000000000 0000000000000000 0000000000000000 0000000000000000 0000000000000000 0000000000000000 0000000000000000 0000000000000000 0000000000000000 0000000000000000 0000000000000000 0000000000000000 0000000000000000 0000000000000000 0000000000000000 0000000000000000 0000000000000000 0000000000000000 0000000000000000 0000000000000000 0000000000000000 0000000000000000 0000000000000000 0000000000000000 0000000000000000 0000000000000000 0000000000000000 0000000000000000 0000000000000000 0000000000000000 0000000000000000 0000000000000000 0000000000000000 0000000000000000 0000000000000000 0000000000000000 0000000000000000 0000000000000000 0000000000000000 0000000000000000 0000000000000000 0000000000000000 0000000000000000 0000000000000000 0000000000000000 0000000000000000 0000000000000000 0000000000000000 0000000000000000 0000000000000000 0000000000000000 0000000000000000 0000000000000000 0000000000000000 0000000000000000 0000000000000000 0000000000000000 0000000000000000 0000000000000000 0000000000000000 0000000000000000 0000000000000000 0000000000000000 0000000000000000 0000000000000000 0000000000000000 0000000000000000 0000000000000000 0000000000000000 0000000000000000 0000000000000000 0000000000000000 0000000000000000 0000000000000000 0000000000000000 0000000000000000 0000000000000000 0000000000000000 0000000000000000 0000000000000000 0000000000000000 0000000000000000 0000000000000000 0000000000000000 0000000000000000 0000000000000000 0000000000000000 0000000000000000 0000000000000000 0000000000000000 0000000000000000 0000000000000000 0000000000000000 0000000000000000 0000000000000000 0000000000000000 0000000000000000 0000000000000000 0000000000000000 0000000000000000 0000000000000000 0000000000000000 0000000000000000 0000000000000000 0000000000000000 0000000000000000 0000000000000000 0000000000000000 0000000000000000 0000000000000000 0000000000000000 0000000000000000 0000000000000000 0000000000000000 0000000000000000 0000000000000000 0000000000000000 0000000000000000 0000000000000000 0000000000000000 0000000000000000 0000000000000000 0000000000000000 0000000000000000 0000000000000000 0000000000000000 0000000000000000 0000000000000000 0000000000000000 0000000000000000 0000000000000000 0000000000000000 0000000000000000 0000000000000000 0000000000000000 0000000000000000 0000000000000000 0000000000000000 0000000000000000 0000000000000000 0000000000000000 0000000000000000 0000000000000000 0000000000000000 0000000000000000 0000000000000000 0000000000000000 0000000000000000 0000000000000000 0000000000000000 0000000000000000 0000000000000000 0000000000000000 0000000000000000 0000000000000000 0000000000000000 0000000000000000 0000000000000000 0000000000000000 0000000000000000 0000000000000000 0000000000000000 0000000000000000 0000000000000000 0000000000000000 0000000000000000 0000000000000000 0000000000000000 0000000000000000 0000000000000000 0000000000000000 0000000000000000 0000000000000000 0000000000000000 0000000000000000 0000000000000000 0000000000000000 0000000000000000 0000000000000000 0000000000000000 0000000000000000 0000000000000000 0000000000000000 0000000000000000 0000000000000000 0000000000000000 0000000000000000 0000000000000000 0000000000000000 0000000000000000 0000000000000000 0000000000000000 0000000000000000 0000000000000000 0000000000000000 0000000000000000 0000000000000000 0000000000000000 0000000000000000 0000000000000000 0000000000000000 0000000000000000 0000000000000000 0000000000000000 0000000000000000 0000000000000000 0000000000000000 0000000000000000 0000000000000000 0000000000000000 0000000000000000 0000000000000000 0000000000000000 0000000000000000 0000000000000000 0000000000000000 0000000000000000 0000000000000000 0000000000000000 0000000000000000 0000000000000000 0000000000000000 0000000000000000 0000000000000000 0000000000000000 0000000000000000 0000000000000000 0000000000000000 0000000000000000 0000000000000000 0000000000000000 0000000000000000 0000000000000000 0000000000000000 0000000000000000 0000000000000000 0000000000000000 0000000000000000 0000000000000000 0000000000000000 0000000000000000 0000000000000000 0000000000000000 0000000000000000 0000000000000000 0000000000000000 0000000000000000 0000000000000000 0000000000000000 0000000000000000 0000000000000000 0000000000000000 0000000000000000 0000000000000000 0000000000000000 0000000000000000 0000000000000000 0000000000000000 0000000000000000 0000000000000000 0000000000000000 0000000000000000 0000000000000000 0000000000000000 0000000000000000 0000000000000000 0000000000000000 0000000000000000 0000000000000000 0000000000000000 0000000000000000 0000000000000000 0000000000000000 0000000000000000 0000000000000000 0000000000000000 0000000000000000 0000000000000000 0000000000000000 0000000000000000 0000000000000000 0000000000000000 0000000000000000 0000000000000000 0000000000000000 0000000000000000 0000000000000000 0000000000000000 0000000000000000 0000000000000000 0000000000000000 0000000000000000 0000000000000000 0000000000000000 0000000000000000 0000000000000000 0000000000000000 0000000000000000 0000000000000000 0000000000000000 0000000000000000 0000000000000000 0000000000000000 0000000000000000 0000000000000000 0000000000000000 0000000000000000 0000000000000000 0000000000000000 0000000000000000 0000000000000000 0000000000000000 0000000000000000 0000000000000000 0000000000000000 0000000000000000 0000000000000000 0000000000000000 0000000000000000 0000000000000000 0000000000000000 0000000000000000 0000000000000000 0000000000000000 0000000000000000 0000000000000000 0000000000000000 0000000000000000 0000000000000000 0000000000000000 0000000000000000 0000000000000000 0000000000000000 0000000000000000 0000000000000000 0000000000000000 0000000000000000 0000000000000000 0000000000000000 0000000000000000 0000000000000000 0000000000000000 0000000000000000 0000000000000000 0000000000000000 0000000000000000 0000000000000000 0000000000000000 0000000000000000 0000000000000000 0000000000000000 0000000000000000 0000000000000000 0000000000000000 0000000000000000 0000000000000000 0000000000000000 0000000000000000 0000000000000000 0000000000000000 0000000000000000 0000000000000000 0000000000000000 0000000000000000 0000000000000000 0000000000000000 0000000000000000 0000000000000000 0000000000000000 0000000000000000 0000000000000000 0000000000000000 0000000000000000 0000000000000000 0000000000000000 0000000000000000 0000000000000000 0000000000000000 0000000000000000 0000000000000000 0000000000000000 0000000000000000 0000000000000000 0000000000000000 0000000000000000 0000000000000000 0000000000000000 0000000000000000 0000000000000000 0000000000000000 0000000000000000 0000000000000000 0000000000000000 0000000000000000 0000000000000000 0000000000000000 0000000000000000 0000000000000000 0000000000000000 0000000000000000 0000000000000000 0000000000000000 0000000000000000 0000000000000000 0000000000000000 0000000000000000 0000000000000000 0000000000000000 0000000000000000 0000000000000000 0000000000000000 0000000000000000 0000000000000000 0000000000000000 0000000000000000 0000000000000000 0000000000000000 0000000000000000 0000000000000000 0000000000000000 0000000000000000 0000000000000000 0000000000000000 0000000000000000 0000000000000000 0000000000000000 0000000000000000 0000000000000000 0000000000000000 0000000000000000 0000000000000000 0000000000000000 0000000000000000 0000000000000000 0000000000000000 0000000000000000 0000000000000000 0000000000000000 0000000000000000 0000000000000000 0000000000000000 0000000000000000 0000000000000000 0000000000000000 0000000000000000 0000000000000000 0000000000000000 0000000000000000 0000000000000000 0000000000000000 0000000000000000 0000000000000000 0000000000000000 0000000000000000 0000000000000000 0000000000000000 0000000000000000 0000000000000000 0000000000000000 0000000000000000 0000000000000000 0000000000000000 0000000000000000 0000000000000000 0000000000000000 0000000000000000 0000000000000000 0000000000000000 0000000000000000 0000000000000000 0000000000000000 0000000000000000 0000000000000000 0000000000000000 0000000000000000 0000000000000000 0000000000000000 0000000000000000 0000000000000000 0000000000000000 0000000000000000 0000000000000000 0000000000000000 0000000000000000 0000000000000000 0000000000000000 0000000000000000 0000000000000000 0000000000000000 0000000000000000 0000000000000000 0000000000000000 0000000000000000 0000000000000000 0000000000000000 0000000000000000 0000000000000000 0000000000000000 0000000000000000 0000000000000000 0000000000000000 0000000000000000 0000000000000000 0000000000000000 0000000000000000 0000000000000000 0000000000000000 0000000000000000 0000000000000000 0000000000000000 0000000000000000 0000000000000000 0000000000000000 0000000000000000 0000000000000000 0000000000000000 0000000000000000 0000000000000000 0000000000000000 0000000000000000 0000000000000000 0000000000000000 0000000000000000 0000000000000000 0000000000000000 0000000000000000 0000000000000000 0000000000000000 0000000000000000 0000000000000000 0000000000000000 0000000000000000 0000000000000000 0000000000000000 0000000000000000 0000000000000000 0000000000000000 0000000000000000 0000000000000000 0000000000000000 0000000000000000 0000000000000000 0000000000000000 0000000000000000 0000000000000000 0000000000000000 0000000000000000 0000000000000000 0000000000000000 0000000000000000 0000000000000000 0000000000000000 0000000000000000 0000000000000000 0000000000000000 0000000000000000 0000000000000000 0000000000000000 0000000000000000 0000000000000000 0000000000000000 0000000000000000 0000000000000000 0000000000000000 0000000000000000 0000000000000000 0000000000000000 0000000000000000 0000000000000000 0000000000000000 0000000000000000 0000000000000000 0000000000000000 0000000000000000 0000000000000000 0000000000000000 0000000000000000 0000000000000000 0000000000000000 0000000000000000 0000000000000000 0000000000000000 0000000000000000 0000000000000000 0000000000000000 0000000000000000 0000000000000000 0000000000000000 0000000000000000 0000000000000000 0000000000000000 0000000000000000 0000000000000000 0000000000000000 0000000000000000 0000000000000000 0000000000000000 0000000000000000 0000000000000000 0000000000000000 0000000000000000 0000000000000000 0000000000000000 0000000000000000 0000000000000000 0000000000000000 0000000000000000 0000000000000000 0000000000000000 0000000000000000 0000000000000000 0000000000000000 0000000000000000 0000000000000000 0000000000000000 0000000000000000 0000000000000000 0000000000000000 0000000000000000 0000000000000000 0000000000000000 0000000000000000 0000000000000000 0000000000000000 0000000000000000 0000000000000000 0000000000000000 0000000000000000 0000000000000000 0000000000000000 0000000000000000 0000000000000000 0000000000000000 0000000000000000 0000000000000000 0000000000000000 0000000000000000 0000000000000000 0000000000000000 0000000000000000 0000000000000000 0000000000000000 0000000000000000 0000000000000000 0000000000000000 0000000000000000 0000000000000000 0000000000000000 0000000000000000 0000000000000000 0000000000000000 0000000000000000 0000000000000000 0000000000000000 0000000000000000 0000000000000000 0000000000000000 0000000000000000 0000000000000000 0000000000000000 0000000000000000 0000000000000000 0000000000000000 0000000000000000 0000000000000000 0000000000000000 0000000000000000 0000000000000000 0000000000000000 0000000000000000 0000000000000000 0000000000000000 0000000000000000 0000000000000000 0000000000000000 0000000000000000 0000000000000000 0000000000000000 0000000000000000 0000000000000000 0000000000000000 0000000000000000 0000000000000000 0000000000000000 0000000000000000 0000000000000000 0000000000000000 0000000000000000 0000000000000000 0000000000000000 0000000000000000 0000000000000000 0000000000000000 0000000000000000 0000000000000000 0000000000000000 0000000000000000 0000000000000000 0000000000000000 0000000000000000 0000000000000000 0000000000000000 0000000000000000 0000000000000000 0000000000000000 0000000000000000 0000000000000000 0000000000000000 0000000000000000 0000000000000000 0000000000000000 0000000000000000 0000000000000000 0000000000000000 0000000000000000 0000000000000000 0000000000000000 0000000000000000 0000000000000000 0000000000000000 0000000000000000 0000000000000000 0000000000000000 0000000000000000 0000000000000000 0000000000000000 0000000000000000 0000000000000000 0000000000000000 0000000000000000 0000000000000000 0000000000000000 0000000000000000 0000000000000000 0000000000000000 0000000000000000 0000000000000000 0000000000000000 0000000000000000 0000000000000000 0000000000000000 0000000000000000 0000000000000000 0000000000000000 0000000000000000 0000000000000000 0000000000000000 0000000000000000 0000000000000000 0000000000000000 0000000000000000 0000000000000000 0000000000000000 0000000000000000 0000000000000000 0000000000000000 0000000000000000 0000000000000000 0000000000000000 0000000000000000 0000000000000000 0000000000000000 0000000000000000 0000000000000000 0000000000000000 0000000000000000 0000000000000000 0000000000000000 0000000000000000 0000000000000000 0000000000000000 0000000000000000 0000000000000000 0000000000000000 0000000000000000 0000000000000000 0000000000000000 0000000000000000 0000000000000000 0000000000000000 0000000000000000 0000000000000000 0000000000000000 0000000000000000 0000000000000000 0000000000000000 0000000000000000 0000000000000000 0000000000000000 0000000000000000 0000000000000000 0000000000000000 0000000000000000 0000000000000000 0000000000000000 0000000000000000 0000000000000000 0000000000000000 0000000000000000 0000000000000000 0000000000000000 0000000000000000 0000000000000000 0000000000000000 0000000000000000 0000000000000000 0000000000000000 0000000000000000 0000000000000000 0000000000000000 0000000000000000 0000000000000000 0000000000000000 0000000000000000 0000000000000000 0000000000000000 0000000000000000 0000000000000000 0000000000000000 0000000000000000 0000000000000000 0000000000000000 0000000000000000 0000000000000000 0000000000000000 0000000000000000 0000000000000000 0000000000000000 0000000000000000 0000000000000000 0000000000000000 0000000000000000 0000000000000000 0000000000000000 0000000000000000 0000000000000000 0000000000000000 0000000000000000 0000000000000000 0000000000000000 0000000000000000 0000000000000000 0000000000000000 0000000000000000 0000000000000000 0000000000000000 0000000000000000 0000000000000000 0000000000000000 0000000000000000 0000000000000000 0000000000000000 0000000000000000 0000000000000000 0000000000000000 0000000000000000 0000000000000000 0000000000000000 0000000000000000 0000000000000000 0000000000000000 0000000000000000 0000000000000000 0000000000000000 0000000000000000 0000000000000000 0000000000000000 0000000000000000 0000000000000000 0000000000000000 0000000000000000 0000000000000000 0000000000000000 0000000000000000 0000000000000000 0000000000000000 0000000000000000 0000000000000000 0000000000000000 0000000000000000 0000000000000000 0000000000000000 0000000000000000 0000000000000000 0000000000000000 0000000000000000 0000000000000000 0000000000000000 0000000000000000 0000000000000000 0000000000000000 0000000000000000 0000000000000000 0000000000000000 0000000000000000 0000000000000000 0000000000000000 0000000000000000 0000000000000000 0000000000000000 0000000000000000 0000000000000000 0000000000000000 0000000000000000 0000000000000000 0000000000000000 0000000000000000 0000000000000000 0000000000000000 0000000000000000 0000000000000000 0000000000000000 0000000000000000 0000000000000000 0000000000000000 0000000000000000 0000000000000000 0000000000000000 0000000000000000 0000000000000000 0000000000000000 0000000000000000 0000000000000000 0000000000000000 0000000000000000 0000000000000000 0000000000000000 0000000000000000 0000000000000000 0000000000000000 0000000000000000 0000000000000000 0000000000000000 0000000000000000 0000000000000000 0000000000000000 0000000000000000 0000000000000000 0000000000000000 0000000000000000 0000000000000000 0000000000000000 0000000000000000 0000000000000000 0000000000000000 0000000000000000 0000000000000000 0000000000000000 0000000000000000 0000000000000000 0000000000000000 0000000000000000 0000000000000000 0000000000000000 0000000000000000 0000000000000000 0000000000000000 0000000000000000 0000000000000000 0000000000000000 0000000000000000 0000000000000000 0000000000000000 0000000000000000 0000000000000000 0000000000000000 0000000000000000 0000000000000000 0000000000000000 0000000000000000 0000000000000000 0000000000000000 0000000000000000 0000000000000000 0000000000000000 0000000000000000 0000000000000000 0000000000000000 0000000000000000 0000000000000000 0000000000000000 0000000000000000 0000000000000000 0000000000000000 0000000000000000 0000000000000000 0000000000000000 0000000000000000 0000000000000000 0000000000000000 0000000000000000 0000000000000000 0000000000000000 0000000000000000 0000000000000000 0000000000000000 0000000000000000 0000000000000000 0000000000000000 0000000000000000 0000000000000000 0000000000000000 0000000000000000 0000000000000000 0000000000000000 0000000000000000 0000000000000000 0000000000000000 0000000000000000 0000000000000000 0000000000000000 0000000000000000 0000000000000000 0000000000000000 0000000000000000 0000000000000000 0000000000000000 0000000000000000 0000000000000000 0000000000000000 0000000000000000 0000000000000000 0000000000000000 0000000000000000 0000000000000000 0000000000000000 0000000000000000 0000000000000000 0000000000000000 0000000000000000 0000000000000000 0000000000000000 0000000000000000 0000000000000000 0000000000000000 0000000000000000 0000000000000000 0000000000000000 0000000000000000 0000000000000000 0000000000000000 0000000000000000 0000000000000000 0000000000000000 0000000000000000 0000000000000000 0000000000000000 0000000000000000 0000000000000000 0000000000000000 0000000000000000 0000000000000000 0000000000000000 0000000000000000 0000000000000000 0000000000000000 0000000000000000 0000000000000000 0000000000000000 0000000000000000 0000000000000000 0000000000000000 0000000000000000 0000000000000000 0000000000000000 0000000000000000 0000000000000000 0000000000000000 0000000000000000 0000000000000000 0000000000000000 0000000000000000 0000000000000000 0000000000000000 0000000000000000 0000000000000000 0000000000000000 0000000000000000 0000000000000000 0000000000000000 0000000000000000 0000000000000000 0000000000000000 0000000000000000 0000000000000000 0000000000000000 0000000000000000 0000000000000000 0000000000000000 0000000000000000 0000000000000000 0000000000000000 0000000000000000 0000000000000000 0000000000000000 0000000000000000 0000000000000000 0000000000000000 0000000000000000 0000000000000000 0000000000000000 0000000000000000 0000000000000000 0000000000000000 0000000000000000 0000000000000000 0000000000000000 0000000000000000 0000000000000000 0000000000000000 0000000000000000 0000000000000000 0000000000000000 0000000000000000 0000000000000000 0000000000000000 0000000000000000 0000000000000000 0000000000000000 0000000000000000 0000000000000000 0000000000000000 0000000000000000 0000000000000000 0000000000000000 0000000000000000 0000000000000000 0000000000000000 0000000000000000 0000000000000000 0000000000000000 0000000000000000 0000000000000000 0000000000000000 0000000000000000 0000000000000000 0000000000000000 0000000000000000 0000000000000000 0000000000000000 0000000000000000 0000000000000000 0000000000000000 0000000000000000 0000000000000000 0000000000000000 0000000000000000 0000000000000000 0000000000000000 0000000000000000 0000000000000000 0000000000000000 0000000000000000 0000000000000000 0000000000000000 0000000000000000 0000000000000000 0000000000000000 0000000000000000 0000000000000000 0000000000000000 0000000000000000 0000000000000000 0000000000000000 0000000000000000 0000000000000000 0000000000000000 0000000000000000 0000000000000000 0000000000000000 0000000000000000 0000000000000000 0000000000000000 0000000000000000 0000000000000000 0000000000000000 0000000000000000 0000000000000000 0000000000000000 0000000000000000 0000000000000000 0000000000000000 0000000000000000 0000000000000000 0000000000000000 0000000000000000 0000000000000000 0000000000000000 0000000000000000 0000000000000000 0000000000000000 0000000000000000 0000000000000000 0000000000000000 0000000000000000 0000000000000000 0000000000000000 0000000000000000 0000000000000000 0000000000000000 0000000000000000 0000000000000000 0000000000000000 0000000000000000 0000000000000000 0000000000000000 0000000000000000 0000000000000000 0000000000000000 0000000000000000 0000000000000000 0000000000000000 0000000000000000 0000000000000000 0000000000000000 0000000000000000 0000000000000000 0000000000000000 0000000000000000 0000000000000000 0000000000000000 0000000000000000 0000000000000000 0000000000000000 0000000000000000 0000000000000000 0000000000000000 0000000000000000 0000000000000000 0000000000000000 0000000000000000 0000000000000000 0000000000000000 0000000000000000 0000000000000000 0000000000000000 0000000000000000 0000000000000000 0000000000000000 0000000000000000 0000000000000000 0000000000000000 0000000000000000 0000000000000000 0000000000000000 0000000000000000 0000000000000000 0000000000000000 0000000000000000 0000000000000000 0000000000000000 0000000000000000 0000000000000000 0000000000000000 0000000000000000 0000000000000000 0000000000000000 0000000000000000 0000000000000000 0000000000000000 0000000000000000 0000000000000000 0000000000000000 0000000000000000 0000000000000000 0000000000000000 0000000000000000 0000000000000000 0000000000000000 0000000000000000 0000000000000000 0000000000000000 0000000000000000 0000000000000000 0000000000000000 0000000000000000 0000000000000000 0000000000000000 0000000000000000 0000000000000000 0000000000000000 0000000000000000 0000000000000000 0000000000000000 0000000000000000 0000000000000000 0000000000000000 0000000000000000 0000000000000000 0000000000000000 0000000000000000 0000000000000000 0000000000000000 0000000000000000 0000000000000000 0000000000000000 0000000000000000 0000000000000000 0000000000000000 0000000000000000 0000000000000000 0000000000000000 0000000000000000 0000000000000000 0000000000000000 0000000000000000 0000000000000000 0000000000000000 0000000000000000 0000000000000000 0000000000000000 0000000000000000 0000000000000000 0000000000000000 0000000000000000 0000000000000000 0000000000000000 0000000000000000 0000000000000000 0000000000000000 0000000000000000 0000000000000000 0000000000000000 0000000000000000 0000000000000000 0000000000000000 0000000000000000 0000000000000000 0000000000000000 0000000000000000 0000000000000000 0000000000000000 0000000000000000 0000000000000000 0000000000000000 0000000000000000 0000000000000000 0000000000000000 0000000000000000 0000000000000000 0000000000000000 0000000000000000 0000000000000000 0000000000000000 0000000000000000 0000000000000000 0000000000000000 0000000000000000 0000000000000000 0000000000000000 0000000000000000 0000000000000000 0000000000000000 0000000000000000 0000000000000000 0000000000000000 0000000000000000 0000000000000000 0000000000000000 0000000000000000 0000000000000000 0000000000000000 c000000000000000 5a5a5a5a5a5a5a5a 5a5a5a5a5a5a5a5a 5a5a5a5a5a5a5a5a 5a5a5a5a5a5a5a5a 5a5a5a5a5a5a5a5a 5a5a5a5a5a5a5a5a 5a5a5a5a5a5a5a5a 5a5a5a5a5a5a5a5a 5a5a5a5a5a5a5a5a 5a5a5a5a5a5a5a5a 5a5a5a5a5a5a5a5a 5a5a5a5a5a5a5a5a 5a5a5a5a5a5a5a5a 5a5a5a5a5a5a5a5a 5a5a5a5a5a5a5a5a 5a5a5a5a5a5a5a5a 5a5a5a5a5a5a5a5a 5a5a5a5a5a5a5a5a 5a5a5a5a5a5a5a5a 5a5a5a5a5a5a5a5a 5a5a5a5a5a5a5a5a 5a5a5a5a5a5a5a5a 5a5a5a5a5a5a5a5a 5a5a5a5a5a5a5a5a 5a5a5a5a5a5a5a5a 5a5a5a5a5a5a5a5a 5a5a5a5a5a5a5a5a 5a5a5a5a5a5a5a5a 5a5a5a5a5a5a5a5a 5a5a5a5a5a5a5a5a 5a5a5a5a5a5a5a5a 5a5a5a5a5a5a5a5a 5a5a5a5a5a5a5a5a 5a5a5a5a5a5a5a5a 5a5a5a5a5a5a5a5a 5a5a5a5a5a5a5a5a 5a5a5a5a5a5a5a5a 5a5a5a5a5a5a5a5a 5a5a5a5a5a5a5a5a 5a5a5a5a5a5a5a5a 5a5a5a5a5a5a5a5a 5a5a5a5a5a5a5a5a 5a5a5a5a5a5a5a5a 5a5a5a5a5a5a5a5a 5a5a5a5a5a5a5a5a 5a5a5a5a5a5a5a5a 5a5a5a5a5a5a5a5a 5a5a5a5a5a5a5a5a 5a5a5a5a5a5a5a5a 5a5a5a5a5a5a5a5a 5a5a5a5a5a5a5a5a 5a5a5a5a5a5a5a5a 5a5a5a5a5a5a5a5a 5a5a5a5a5a5a5a5a 5a5a5a5a5a5a5a5a 5a5a5a5a5a5a5a5a 5a5a5a5a5a5a5a5a 5a5a5a5a5a5a5a5a 5a5a5a5a5a5a5a5a 5a5a5a5a5a5a5a5a 5a5a5a5a5a5a5a5a 5a5a5a5a5a5a5a5a 5a5a5a5a5a5a5a5a 5a5a5a5a5a5a5a5a 5a5a5a5a5a5a5a5a 5a5a5a5a5a5a5a5a 5a5a5a5a5a5a5a5a 5a5a5a5a5a5a5a5a 5a5a5a5a5a5a5a5a 5a5a5a5a5a5a5a5a 5a5a5a5a5a5a5a5a 5a5a5a5a5a5a5a5a 5a5a5a5a5a5a5a5a 5a5a5a5a5a5a5a5a 5a5a5a5a5a5a5a5a 5a5a5a5a5a5a5a5a 5a5a5a5a5a5a5a5a 5a5a5a5a5a5a5a5a 5a5a5a5a5a5a5a5a 5a5a5a5a5a5a5a5a 5a5a5a5a5a5a5a5a 5a5a5a5a5a5a5a5a 5a5a5a5a5a5a5a5a 5a5a5a5a5a5a5a5a 5a5a5a5a5a5a5a5a 5a5a5a5a5a5a5a5a 5a5a5a5a5a5a5a5a 5a5a5a5a5a5a5a5a 5a5a5a5a5a5a5a5a 5a5a5a5a5a5a5a5a 5a5a5a5a5a5a5a5a 5a5a5a5a5a5a5a5a 5a5a5a5a5a5a5a5a 5a5a5a5a5a5a5a5a 5a5a5a5a5a5a5a5a 5a5a5a5a5a5a5a5a 5a5a5a5a5a5a5a5a 5a5a5a5a5a5a5a5a 5a5a5a5a5a5a5a5a 5a5a5a5a5a5a5a5a 5a5a5a5a5a5a5a5a 5a5a5a5a5a5a5a5a 5a5a5a5a5a5a5a5a 5a5a5a5a5a5a5a5a 5a5a5a5a5a5a5a5a 5a5a5a5a5a5a5a5a 5a5a5a5a5a5a5a5a 5a5a5a5a5a5a5a5a 5a5a5a5a5a5a5a5a 5a5a5a5a5a5a5a5a 5a5a5a5a5a5a5a5a 5a5a5a5a5a5a5a5a 5a5a5a5a5a5a5a5a 5a5a5a5a5a5a5a5a 5a5a5a5a5a5a5a5a 5a5a5a5a5a5a5a5a 5a5a5a5a5a5a5a5a 5a5a5a5a5a5a5a5a 5a5a5a5a5a5a5a5a 5a5a5a5a5a5a5a5a 5a5a5a5a5a5a5a5a 5a5a5a5a5a5a5a5a 5a5a5a5a5a5a5a5a 5a5a5a5a5a5a5a5a 5a5a5a5a5a5a5a5a 5a5a5a5a5a5a5a5a 5a5a5a5a5a5a5a5a 5a5a5a5a5a5a5a5a 5a5a5a5a5a5a5a5a 5a5a5a5a5a5a5a5a 5a5a5a5a5a5a5a5a 5a5a5a5a5a5a5a5a 5a5a5a5a5a5a5a5a 5a5a5a5a5a5a5a5a 5a5a5a5a5a5a5a5a 5a5a5a5a5a5a5a5a 5a5a5a5a5a5a5a5a 5a5a5a5a5a5a5a5a 5a5a5a5a5a5a5a5a 5a5a5a5a5a5a5a5a 5a5a5a5a5a5a5a5a 5a5a5a5a5a5a5a5a 5a5a5a5a5a5a5a5a 5a5a5a5a5a5a5a5a 5a5a5a5a5a5a5a5a 5a5a5a5a5a5a5a5a 5a5a5a5a5a5a5a5a 5a5a5a5a5a5a5a5a 5a5a5a5a5a5a5a5a 5a5a5a5a5a5a5a5a 5a5a5a5a5a5a5a5a 5a5a5a5a5a5a5a5a 5a5a5a5a5a5a5a5a 5a5a5a5a5a5a5a5a 5a5a5a5a5a5a5a5a 5a5a5a5a5a5a5a5a 5a5a5a5a5a5a5a5a 5a5a5a5a5a5a5a5a 5a5a5a5a5a5a5a5a 5a5a5a5a5a5a5a5a 5a5a5a5a5a5a5a5a 5a5a5a5a5a5a5a5a 5a5a5a5a5a5a5a5a 5a5a5a5a5a5a5a5a 5a5a5a5a5a5a5a5a 5a5a5a5a5a5a5a5a 5a5a5a5a5a5a5a5a 5a5a5a5a5a5a5a5a 5a5a5a5a5a5a5a5a 5a5a5a5a5a5a5a5a 5a5a5a5a5a5a5a5a 5a5a5a5a5a5a5a5a 5a5a5a5a5a5a5a5a 5a5a5a5a5a5a5a5a 5a5a5a5a5a5a5a5a 5a5a5a5a5a5a5a5a 5a5a5a5a5a5a5a5a 5a5a5a5a5a5a5a5a 5a5a5a5a5a5a5a5a 5a5a5a5a5a5a5a5a 5a5a5a5a5a5a5a5a 5a5a5a5a5a5a5a5a 5a5a5a5a5a5a5a5a 5a5a5a5a5a5a5a5a 5a5a5a5a5a5a5a5a 5a5a5a5a5a5a5a5a 5a5a5a5a5a5a5a5a 5a5a5a5a5a5a5a5a 5a5a5a5a5a5a5a5a 5a5a5a5a5a5a5a5a 5a5a5a5a5a5a5a5a 5a5a5a5a5a5a5a5a 5a5a5a5a5a5a5a5a 5a5a5a5a5a5a5a5a 5a5a5a5a5a5a5a5a 5a5a5a5a5a5a5a5a 5a5a5a5a5a5a5a5a 5a5a5a5a5a5a5a5a 5a5a5a5a5a5a5a5a 5a5a5a5a5a5a5a5a 5a5a5a5a5a5a5a5a 5a5a5a5a5a5a5a5a 5a5a5a5a5a5a5a5a 5a5a5a5a5a5a5a5a 5a5a5a5a5a5a5a5a 5a5a5a5a5a5a5a5a 5a5a5a5a5a5a5a5a 5a5a5a5a5a5a5a5a 5a5a5a5a5a5a5a5a 5a5a5a5a5a5a5a5a 5a5a5a5a5a5a5a5a 5a5a5a5a5a5a5a5a 5a5a5a5a5a5a5a5a 5a5a5a5a5a5a5a5a 5a5a5a5a5a5a5a5a 5a5a5a5a5a5a5a5a 5a5a5a5a5a5a5a5a 5a5a5a5a5a5a5a5a 5a5a5a5a5a5a5a5a 5a5a5a5a5a5a5a5a 5a5a5a5a5a5a5a5a 5a5a5a5a5a5a5a5a 5a5a5a5a5a5a5a5a 5a5a5a5a5a5a5a5a 5a5a5a5a5a5a5a5a 5a5a5a5a5a5a5a5a 5a5a5a5a5a5a5a5a 5a5a5a5a5a5a5a5a 5a5a5a5a5a5a5a5a 5a5a5a5a5a5a5a5a 5a5a5a5a5a5a5a5a 5a5a5a5a5a5a5a5a 5a5a5a5a5a5a5a5a 5a5a5a5a5a5a5a5a 5a5a5a5a5a5a5a5a 5a5a5a5a5a5a5a5a 5a5a5a5a5a5a5a5a 5a5a5a5a5a5a5a5a 5a5a5a5a5a5a5a5a 5a5a5a5a5a5a5a5a 5a5a5a5a5a5a5a5a 5a5a5a5a5a5a5a5a 5a5a5a5a5a5a5a5a 5a5a5a5a5a5a5a5a 5a5a5a5a5a5a5a5a 5a5a5a5a5a5a5a5a 5a5a5a5a5a5a5a5a 5a5a5a5a5a5a5a5a 5a5a5a5a5a5a5a5a 5a5a5a5a5a5a5a5a 5a5a5a5a5a5a5a5a 5a5a5a5a5a5a5a5a 5a5a5a5a5a5a5a5a 5a5a5a5a5a5a5a5a 5a5a5a5a5a5a5a5a 5a5a5a5a5a5a5a5a 5a5a5a5a5a5a5a5a 5a5a5a5a5a5a5a5a 5a5a5a5a5a5a5a5a 5a5a5a5a5a5a5a5a 5a5a5a5a5a5a5a5a 5a5a5a5a5a5a5a5a 5a5a5a5a5a5a5a5a 5a5a5a5a5a5a5a5a 5a5a5a5a5a5a5a5a 5a5a5a5a5a5a5a5a 5a5a5a5a5a5a5a5a 5a5a5a5a5a5a5a5a 5a5a5a5a5a5a5a5a 5a5a5a5a5a5a5a5a 5a5a5a5a5a5a5a5a 5a5a5a5a5a5a5a5a 5a5a5a5a5a5a5a5a 5a5a5a5a5a5a5a5a 5a5a5a5a5a5a5a5a 5a5a5a5a5a5a5a5a 5a5a5a5a5a5a5a5a 5a5a5a5a5a5a5a5a 5a5a5a5a5a5a5a5a 5a5a5a5a5a5a5a5a 5a5a5a5a5a5a5a5a 5a5a5a5a5a5a5a5a 5a5a5a5a5a5a5a5a 5a5a5a5a5a5a5a5a 5a5a5a5a5a5a5a5a 5a5a5a5a5a5a5a5a 5a5a5a5a5a5a5a5a 5a5a5a5a5a5a5a5a 5a5a5a5a5a5a5a5a 5a5a5a5a5a5a5a5a 5a5a5a5a5a5a5a5a 5a5a5a5a5a5a5a5a 5a5a5a5a5a5a5a5a 5a5a5a5a5a5a5a5a 5a5a5a5a5a5a5a5a 5a5a5a5a5a5a5a5a 5a5a5a5a5a5a5a5a 5a5a5a5a5a5a5a5a 5a5a5a5a5a5a5a5a 5a5a5a5a5a5a5a5a 5a5a5a5a5a5a5a5a 5a5a5a5a5a5a5a5a 5a5a5a5a5a5a5a5a 5a5a5a5a5a5a5a5a 5a5a5a5a5a5a5a5a 5a5a5a5a5a5a5a5a 5a5a5a5a5a5a5a5a 5a5a5a5a5a5a5a5a 5a5a5a5a5a5a5a5a 5a5a5a5a5a5a5a5a 5a5a5a5a5a5a5a5a 5a5a5a5a5a5a5a5a 5a5a5a5a5a5a5a5a 5a5a5a5a5a5a5a5a 5a5a5a5a5a5a5a5a 5a5a5a5a5a5a5a5a 5a5a5a5a5a5a5a5a 5a5a5a5a5a5a5a5a 5a5a5a5a5a5a5a5a 5a5a5a5a5a5a5a5a 5a5a5a5a5a5a5a5a 5a5a5a5a5a5a5a5a 5a5a5a5a5a5a5a5a 5a5a5a5a5a5a5a5a 5a5a5a5a5a5a5a5a 5a5a5a5a5a5a5a5a 5a5a5a5a5a5a5a5a 5a5a5a5a5a5a5a5a 5a5a5a5a5a5a5a5a 5a5a5a5a5a5a5a5a 5a5a5a5a5a5a5a5a 5a5a5a5a5a5a5a5a 5a5a5a5a5a5a5a5a 5a5a5a5a5a5a5a5a 5a5a5a5a5a5a5a5a 5a5a5a5a5a5a5a5a 5a5a5a5a5a5a5a5a 5a5a5a5a5a5a5a5a 5a5a5a5a5a5a5a5a 5a5a5a5a5a5a5a5a 5a5a5a5a5a5a5a5a 5a5a5a5a5a5a5a5a 5a5a5a5a5a5a5a5a 5a5a5a5a5a5a5a5a 5a5a5a5a5a5a5a5a 5a5a5a5a5a5a5a5a 5a5a5a5a5a5a5a5a 5a5a5a5a5a5a5a5a 5a5a5a5a5a5a5a5a 5a5a5a5a5a5a5a5a 5a5a5a5a5a5a5a5a 5a5a5a5a5a5a5a5a 5a5a5a5a5a5a5a5a 5a5a5a5a5a5a5a5a 5a5a5a5a5a5a5a5a 5a5a5a5a5a5a5a5a 5a5a5a5a5a5a5a5a 5a5a5a5a5a5a5a5a 5a5a5a5a5a5a5a5a 5a5a5a5a5a5a5a5a 5a5a5a5a5a5a5a5a 5a5a5a5a5a5a5a5a 5a5a5a5a5a5a5a5a 5a5a5a5a5a5a5a5a 5a5a5a5a5a5a5a5a 5a5a5a5a5a5a5a5a 5a5a5a5a5a5a5a5a 5a5a5a5a5a5a5a5a 5a5a5a5a5a5a5a5a 5a5a5a5a5a5a5a5a 5a5a5a5a5a5a5a5a 5a5a5a5a5a5a5a5a 5a5a5a5a5a5a5a5a 5a5a5a5a5a5a5a5a 5a5a5a5a5a5a5a5a 5a5a5a5a5a5a5a5a 5a5a5a5a5a5a5a5a 5a5a5a5a5a5a5a5a 5a5a5a5a5a5a5a5a 5a5a5a5a5a5a5a5a 5a5a5a5a5a5a5a5a 5a5a5a5a5a5a5a5a 5a5a5a5a5a5a5a5a 5a5a5a5a5a5a5a5a 5a5a5a5a5a5a5a5a 5a5a5a5a5a5a5a5a 5a5a5a5a5a5a5a5a 5a5a5a5a5a5a5a5a 5a5a5a5a5a5a5a5a 5a5a5a5a5a5a5a5a 5a5a5a5a5a5a5a5a 5a5a5a5a5a5a5a5a 5a5a5a5a5a5a5a5a 5a5a5a5a5a5a5a5a 5a5a5a5a5a5a5a5a 5a5a5a5a5a5a5a5a 5a5a5a5a5a5a5a5a 5a5a5a5a5a5a5a5a 5a5a5a5a5a5a5a5a 5a5a5a5a5a5a5a5a 5a5a5a5a5a5a5a5a 5a5a5a5a5a5a5a5a 5a5a5a5a5a5a5a5a 5a5a5a5a5a5a5a5a 5a5a5a5a5a5a5a5a 5a5a5a5a5a5a5a5a 5a5a5a5a5a5a5a5a 5a5a5a5a5a5a5a5a 5a5a5a5a5a5a5a5a 5a5a5a5a5a5a5a5a 5a5a5a5a5a5a5a5a 5a5a5a5a5a5a5a5a 5a5a5a5a5a5a5a5a 5a5a5a5a5a5a5a5a 5a5a5a5a5a5a5a5a 5a5a5a5a5a5a5a5a 5a5a5a5a5a5a5a5a 5a5a5a5a5a5a5a5a 5a5a5a5a5a5a5a5a 5a5a5a5a5a5a5a5a 5a5a5a5a5a5a5a5a 5a5a5a5a5a5a5a5a 5a5a5a5a5a5a5a5a 5a5a5a5a5a5a5a5a 5a5a5a5a5a5a5a5a 5a5a5a5a5a5a5a5a 5a5a5a5a5a5a5a5a 5a5a5a5a5a5a5a5a 5a5a5a5a5a5a5a5a 5a5a5a5a5a5a5a5a 5a5a5a5a5a5a5a5a 5a5a5a5a5a5a5a5a 5a5a5a5a5a5a5a5a 5a5a5a5a5a5a5a5a 5a5a5a5a5a5a5a5a 5a5a5a5a5a5a5a5a 5a5a5a5a5a5a5a5a 5a5a5a5a5a5a5a5a 5a5a5a5a5a5a5a5a 5a5a5a5a5a5a5a5a 5a5a5a5a5a5a5a5a 5a5a5a5a5a5a5a5a 5a5a5a5a5a5a5a5a 5a5a5a5a5a5a5a5a 5a5a5a5a5a5a5a5a 5a5a5a5a5a5a5a5a 5a5a5a5a5a5a5a5a 5a5a5a5a5a5a5a5a 5a5a5a5a5a5a5a5a 5a5a5a5a5a5a5a5a 5a5a5a5a5a5a5a5a 5a5a5a5a5a5a5a5a 5a5a5a5a5a5a5a5a 5a5a5a5a5a5a5a5a 5a5a5a5a5a5a5a5a 5a5a5a5a5a5a5a5a 5a5a5a5a5a5a5a5a 5a5a5a5a5a5a5a5a 5a5a5a5a5a5a5a5a 5a5a5a5a5a5a5a5a 5a5a5a5a5a5a5a5a 5a5a5a5a5a5a5a5a 5a5a5a5a5a5a5a5a 5a5a5a5a5a5a5a5a 5a5a5a5a5a5a5a5a 5a5a5a5a5a5a5a5a 5a5a5a5a5a5a5a5a 5a5a5a5a5a5a5a5a 5a5a5a5a5a5a5a5a 5a5a5a5a5a5a5a5a 5a5a5a5a5a5a5a5a 5a5a5a5a5a5a5a5a 5a5a5a5a5a5a5a5a 5a5a5a5a5a5a5a5a 5a5a5a5a5a5a5a5a 5a5a5a5a5a5a5a5a 5a5a5a5a5a5a5a5a 5a5a5a5a5a5a5a5a 5a5a5a5a5a5a5a5a 5a5a5a5a5a5a5a5a 5a5a5a5a5a5a5a5a 5a5a5a5a5a5a5a5a 5a5a5a5a5a5a5a5a 5a5a5a5a5a5a5a5a 5a5a5a5a5a5a5a5a 5a5a5a5a5a5a5a5a 5a5a5a5a5a5a5a5a 5a5a5a5a5a5a5a5a 5a5a5a5a5a5a5a5a 5a5a5a5a5a5a5a5a 5a5a5a5a5a5a5a5a 5a5a5a5a5a5a5a5a 5a5a5a5a5a5a5a5a 5a5a5a5a5a5a5a5a 5a5a5a5a5a5a5a5a 5a5a5a5a5a5a5a5a 5a5a5a5a5a5a5a5a 5a5a5a5a5a5a5a5a 5a5a5a5a5a5a5a5a 5a5a5a5a5a5a5a5a 5a5a5a5a5a5a5a5a 5a5a5a5a5a5a5a5a 5a5a5a5a5a5a5a5a 5a5a5a5a5a5a5a5a 5a5a5a5a5a5a5a5a 5a5a5a5a5a5a5a5a 5a5a5a5a5a5a5a5a 5a5a5a5a5a5a5a5a 5a5a5a5a5a5a5a5a 5a5a5a5a5a5a5a5a 5a5a5a5a5a5a5a5a 5a5a5a5a5a5a5a5a 5a5a5a5a5a5a5a5a 5a5a5a5a5a5a5a5a 5a5a5a5a5a5a5a5a 5a5a5a5a5a5a5a5a 5a5a5a5a5a5a5a5a 5a5a5a5a5a5a5a5a 5a5a5a5a5a5a5a5a 5a5a5a5a5a5a5a5a 5a5a5a5a5a5a5a5a 5a5a5a5a5a5a5a5a 5a5a5a5a5a5a5a5a 5a5a5a5a5a5a5a5a 5a5a5a5a5a5a5a5a 5a5a5a5a5a5a5a5a 5a5a5a5a5a5a5a5a 5a5a5a5a5a5a5a5a 5a5a5a5a5a5a5a5a 5a5a5a5a5a5a5a5a 5a5a5a5a5a5a5a5a 5a5a5a5a5a5a5a5a 5a5a5a5a5a5a5a5a 5a5a5a5a5a5a5a5a 5a5a5a5a5a5a5a5a 5a5a5a5a5a5a5a5a 5a5a5a5a5a5a5a5a 5a5a5a5a5a5a5a5a 5a5a5a5a5a5a5a5a 5a5a5a5a5a5a5a5a 5a5a5a5a5a5a5a5a 5a5a5a5a5a5a5a5a 5a5a5a5a5a5a5a5a 5a5a5a5a5a5a5a5a 5a5a5a5a5a5a5a5a 5a5a5a5a5a5a5a5a 5a5a5a5a5a5a5a5a 5a5a5a5a5a5a5a5a 5a5a5a5a5a5a5a5a 5a5a5a5a5a5a5a5a 5a5a5a5a5a5a5a5a 5a5a5a5a5a5a5a5a 5a5a5a5a5a5a5a5a 5a5a5a5a5a5a5a5a 5a5a5a5a5a5a5a5a 5a5a5a5a5a5a5a5a 5a5a5a5a5a5a5a5a 5a5a5a5a5a5a5a5a 5a5a5a5a5a5a5a5a 5a5a5a5a5a5a5a5a 5a5a5a5a5a5a5a5a 5a5a5a5a5a5a5a5a 5a5a5a5a5a5a5a5a 5a5a5a5a5a5a5a5a 5a5a5a5a5a5a5a5a 5a5a5a5a5a5a5a5a 5a5a5a5a5a5a5a5a 5a5a5a5a5a5a5a5a 5a5a5a5a5a5a5a5a 5a5a5a5a5a5a5a5a 5a5a5a5a5a5a5a5a 5a5a5a5a5a5a5a5a 5a5a5a5a5a5a5a5a 5a5a5a5a5a5a5a5a 5a5a5a5a5a5a5a5a 5a5a5a5a5a5a5a5a 5a5a5a5a5a5a5a5a 5a5a5a5a5a5a5a5a 5a5a5a5a5a5a5a5a 5a5a5a5a5a5a5a5a 5a5a5a5a5a5a5a5a 5a5a5a5a5a5a5a5a 5a5a5a5a5a5a5a5a 5a5a5a5a5a5a5a5a 5a5a5a5a5a5a5a5a 5a5a5a5a5a5a5a5a 5a5a5a5a5a5a5a5a 5a5a5a5a5a5a5a5a 5a5a5a5a5a5a5a5a 5a5a5a5a5a5a5a5a 5a5a5a5a5a5a5a5a 5a5a5a5a5a5a5a5a 5a5a5a5a5a5a5a5a 5a5a5a5a5a5a5a5a 5a5a5a5a5a5a5a5a 5a5a5a5a5a5a5a5a 5a5a5a5a5a5a5a5a 5a5a5a5a5a5a5a5a 5a5a5a5a5a5a5a5a 5a5a5a5a5a5a5a5a 5a5a5a5a5a5a5a5a 5a5a5a5a5a5a5a5a 5a5a5a5a5a5a5a5a 5a5a5a5a5a5a5a5a 5a5a5a5a5a5a5a5a 5a5a5a5a5a5a5a5a 5a5a5a5a5a5a5a5a 5a5a5a5a5a5a5a5a 5a5a5a5a5a5a5a5a 5a5a5a5a5a5a5a5a 5a5a5a5a5a5a5a5a 5a5a5a5a5a5a5a5a 5a5a5a5a5a5a5a5a 5a5a5a5a5a5a5a5a 5a5a5a5a5a5a5a5a 5a5a5a5a5a5a5a5a 5a5a5a5a5a5a5a5a 5a5a5a5a5a5a5a5a 5a5a5a5a5a5a5a5a 5a5a5a5a5a5a5a5a 5a5a5a5a5a5a5a5a 5a5a5a5a5a5a5a5a 5a5a5a5a5a5a5a5a 5a5a5a5a5a5a5a5a 5a5a5a5a5a5a5a5a 5a5a5a5a5a5a5a5a 5a5a5a5a5a5a5a5a 5a5a5a5a5a5a5a5a 5a5a5a5a5a5a5a5a 5a5a5a5a5a5a5a5a 5a5a5a5a5a5a5a5a 5a5a5a5a5a5a5a5a 5a5a5a5a5a5a5a5a 5a5a5a5a5a5a5a5a 5a5a5a5a5a5a5a5a 5a5a5a5a5a5a5a5a 5a5a5a5a5a5a5a5a 5a5a5a5a5a5a5a5a 5a5a5a5a5a5a5a5a 5a5a5a5a5a5a5a5a 5a5a5a5a5a5a5a5a 5a5a5a5a5a5a5a5a 5a5a5a5a5a5a5a5a 5a5a5a5a5a5a5a5a 5a5a5a5a5a5a5a5a 5a5a5a5a5a5a5a5a 5a5a5a5a5a5a5a5a 5a5a5a5a5a5a5a5a 5a5a5a5a5a5a5a5a 5a5a5a5a5a5a5a5a 5a5a5a5a5a5a5a5a 5a5a5a5a5a5a5a5a 5a5a5a5a5a5a5a5a 5a5a5a5a5a5a5a5a 5a5a5a5a5a5a5a5a 5a5a5a5a5a5a5a5a 5a5a5a5a5a5a5a5a 5a5a5a5a5a5a5a5a 5a5a5a5a5a5a5a5a 5a5a5a5a5a5a5a5a 5a5a5a5a5a5a5a5a 5a5a5a5a5a5a5a5a 5a5a5a5a5a5a5a5a 5a5a5a5a5a5a5a5a 5a5a5a5a5a5a5a5a 5a5a5a5a5a5a5a5a 5a5a5a5a5a5a5a5a 5a5a5a5a5a5a5a5a 5a5a5a5a5a5a5a5a 5a5a5a5a5a5a5a5a 5a5a5a5a5a5a5a5a 5a5a5a5a5a5a5a5a 5a5a5a5a5a5a5a5a 5a5a5a5a5a5a5a5a 5a5a5a5a5a5a5a5a 5a5a5a5a5a5a5a5a 5a5a5a5a5a5a5a5a 5a5a5a5a5a5a5a5a 5a5a5a5a5a5a5a5a 5a5a5a5a5a5a5a5a 5a5a5a5a5a5a5a5a 5a5a5a5a5a5a5a5a 5a5a5a5a5a5a5a5a 5a5a5a5a5a5a5a5a 5a5a5a5a5a5a5a5a 5a5a5a5a5a5a5a5a 5a5a5a5a5a5a5a5a 5a5a5a5a5a5a5a5a 5a5a5a5a5a5a5a5a 5a5a5a5a5a5a5a5a 5a5a5a5a5a5a5a5a 5a5a5a5a5a5a5a5a 5a5a5a5a5a5a5a5a 5a5a5a5a5a5a5a5a 5a5a5a5a5a5a5a5a 5a5a5a5a5a5a5a5a 5a5a5a5a5a5a5a5a 5a5a5a5a5a5a5a5a 5a5a5a5a5a5a5a5a 5a5a5a5a5a5a5a5a 5a5a5a5a5a5a5a5a 5a5a5a5a5a5a5a5a 5a5a5a5a5a5a5a5a 5a5a5a5a5a5a5a5a 5a5a5a5a5a5a5a5a 5a5a5a5a5a5a5a5a 5a5a5a5a5a5a5a5a 5a5a5a5a5a5a5a5a 5a5a5a5a5a5a5a5a 5a5a5a5a5a5a5a5a 5a5a5a5a5a5a5a5a 5a5a5a5a5a5a5a5a 5a5a5a5a5a5a5a5a 5a5a5a5a5a5a5a5a 5a5a5a5a5a5a5a5a 5a5a5a5a5a5a5a5a 5a5a5a5a5a5a5a5a 5a5a5a5a5a5a5a5a 5a5a5a5a5a5a5a5a 5a5a5a5a5a5a5a5a 5a5a5a5a5a5a5a5a 5a5a5a5a5a5a5a5a 5a5a5a5a5a5a5a5a 5a5a5a5a5a5a5a5a 5a5a5a5a5a5a5a5a 5a5a5a5a5a5a5a5a 5a5a5a5a5a5a5a5a 5a5a5a5a5a5a5a5a 5a5a5a5a5a5a5a5a 5a5a5a5a5a5a5a5a 5a5a5a5a5a5a5a5a 5a5a5a5a5a5a5a5a 5a5a5a5a5a5a5a5a 5a5a5a5a5a5a5a5a 5a5a5a5a5a5a5a5a 5a5a5a5a5a5a5a5a 5a5a5a5a5a5a5a5a 5a5a5a5a5a5a5a5a 5a5a5a5a5a5a5a5a 5a5a5a5a5a5a5a5a 5a5a5a5a5a5a5a5a 5a5a5a5a5a5a5a5a 5a5a5a5a5a5a5a5a 5a5a5a5a5a5a5a5a 5a5a5a5a5a5a5a5a 5a5a5a5a5a5a5a5a 5a5a5a5a5a5a5a5a 5a5a5a5a5a5a5a5a 5a5a5a5a5a5a5a5a 5a5a5a5a5a5a5a5a 5a5a5a5a5a5a5a5a 5a5a5a5a5a5a5a5a 5a5a5a5a5a5a5a5a 5a5a5a5a5a5a5a5a 5a5a5a5a5a5a5a5a 5a5a5a5a5a5a5a5a 5a5a5a5a5a5a5a5a 5a5a5a5a5a5a5a5a 5a5a5a5a5a5a5a5a 5a5a5a5a5a5a5a5a 5a5a5a5a5a5a5a5a 5a5a5a5a5a5a5a5a 5a5a5a5a5a5a5a5a 5a5a5a5a5a5a5a5a 5a5a5a5a5a5a5a5a 5a5a5a5a5a5a5a5a 5a5a5a5a5a5a5a5a 5a5a5a5a5a5a5a5a 5a5a5a5a5a5a5a5a 5a5a5a5a5a5a5a5a 5a5a5a5a5a5a5a5a 5a5a5a5a5a5a5a5a 5a5a5a5a5a5a5a5a 5a5a5a5a5a5a5a5a 5a5a5a5a5a5a5a5a 5a5a5a5a5a5a5a5a 5a5a5a5a5a5a5a5a 5a5a5a5a5a5a5a5a 5a5a5a5a5a5a5a5a 5a5a5a5a5a5a5a5a 5a5a5a5a5a5a5a5a 5a5a5a5a5a5a5a5a 5a5a5a5a5a5a5a5a 5a5a5a5a5a5a5a5a 5a5a5a5a5a5a5a5a 5a5a5a5a5a5a5a5a 5a5a5a5a5a5a5a5a 5a5a5a5a5a5a5a5a 5a5a5a5a5a5a5a5a 5a5a5a5a5a5a5a5a 5a5a5a5a5a5a5a5a 5a5a5a5a5a5a5a5a 5a5a5a5a5a5a5a5a 5a5a5a5a5a5a5a5a 5a5a5a5a5a5a5a5a 5a5a5a5a5a5a5a5a 5a5a5a5a5a5a5a5a 5a5a5a5a5a5a5a5a 5a5a5a5a5a5a5a5a 5a5a5a5a5a5a5a5a 5a5a5a5a5a5a5a5a 5a5a5a5a5a5a5a5a 5a5a5a5a5a5a5a5a 5a5a5a5a5a5a5a5a 5a5a5a5a5a5a5a5a 5a5a5a5a5a5a5a5a 5a5a5a5a5a5a5a5a 5a5a5a5a5a5a5a5a 5a5a5a5a5a5a5a5a 5a5a5a5a5a5a5a5a 5a5a5a5a5a5a5a5a 5a5a5a5a5a5a5a5a 5a5a5a5a5a5a5a5a 5a5a5a5a5a5a5a5a 5a5a5a5a5a5a5a5a 5a5a5a5a5a5a5a5a 5a5a5a5a5a5a5a5a 5a5a5a5a5a5a5a5a 5a5a5a5a5a5a5a5a 5a5a5a5a5a5a5a5a 5a5a5a5a5a5a5a5a 5a5a5a5a5a5a5a5a 5a5a5a5a5a5a5a5a 5a5a5a5a5a5a5a5a 5a5a5a5a5a5a5a5a 5a5a5a5a5a5a5a5a 5a5a5a5a5a5a5a5a 5a5a5a5a5a5a5a5a 5a5a5a5a5a5a5a5a 5a5a5a5a5a5a5a5a 5a5a5a5a5a5a5a5a 5a5a5a5a5a5a5a5a 5a5a5a5a5a5a5a5a 5a5a5a5a5a5a5a5a 5a5a5a5a5a5a5a5a 5a5a5a5a5a5a5a5a 5a5a5a5a5a5a5a5a 5a5a5a5a5a5a5a5a 5a5a5a5a5a5a5a5a 5a5a5a5a5a5a5a5a 5a5a5a5a5a5a5a5a 5a5a5a5a5a5a5a5a 5a5a5a5a5a5a5a5a 5a5a5a5a5a5a5a5a 5a5a5a5a5a5a5a5a 5a5a5a5a5a5a5a5a 5a5a5a5a5a5a5a5a 5a5a5a5a5a5a5a5a 5a5a5a5a5a5a5a5a 5a5a5a5a5a5a5a5a 5a5a5a5a5a5a5a5a 5a5a5a5a5a5a5a5a 5a5a5a5a5a5a5a5a 5a5a5a5a5a5a5a5a 5a5a5a5a5a5a5a5a 5a5a5a5a5a5a5a5a 5a5a5a5a5a5a5a5a 5a5a5a5a5a5a5a5a 5a5a5a5a5a5a5a5a 5a5a5a5a5a5a5a5a 5a5a5a5a5a5a5a5a 5a5a5a5a5a5a5a5a 5a5a5a5a5a5a5a5a 5a5a5a5a5a5a5a5a 5a5a5a5a5a5a5a5a 5a5a5a5a5a5a5a5a 5a5a5a5a5a5a5a5a 5a5a5a5a5a5a5a5a 5a5a5a5a5a5a5a5a 5a5a5a5a5a5a5a5a 5a5a5a5a5a5a5a5a 5a5a5a5a5a5a5a5a 5a5a5a5a5a5a5a5a 5a5a5a5a5a5a5a5a 5a5a5a5a5a5a5a5a 5a5a5a5a5a5a5a5a 5a5a5a5a5a5a5a5a 5a5a5a5a5a5a5a5a 5a5a5a5a5a5a5a5a 5a5a5a5a5a5a5a5a 5a5a5a5a5a5a5a5a 5a5a5a5a5a5a5a5a 5a5a5a5a5a5a5a5a 5a5a5a5a5a5a5a5a 5a5a5a5a5a5a5a5a 5a5a5a5a5a5a5a5a 5a5a5a5a5a5a5a5a 5a5a5a5a5a5a5a5a 5a5a5a5a5a5a5a5a 5a5a5a5a5a5a5a5a 5a5a5a5a5a5a5a5a 5a5a5a5a5a5a5a5a 5a5a5a5a5a5a5a5a 5a5a5a5a5a5a5a5a 5a5a5a5a5a5a5a5a 5a5a5a5a5a5a5a5a 5a5a5a5a5a5a5a5a 5a5a5a5a5a5a5a5a 5a5a5a5a5a5a5a5a 5a5a5a5a5a5a5a5a 5a5a5a5a5a5a5a5a 5a5a5a5a5a5a5a5a 5a5a5a5a5a5a5a5a 5a5a5a5a5a5a5a5a 5a5a5a5a5a5a5a5a 5a5a5a5a5a5a5a5a 5a5a5a5a5a5a5a5a 5a5a5a5a5a5a5a5a 5a5a5a5a5a5a5a5a 5a5a5a5a5a5a5a5a 5a5a5a5a5a5a5a5a 5a5a5a5a5a5a5a5a 5a5a5a5a5a5a5a5a 5a5a5a5a5a5a5a5a 5a5a5a5a5a5a5a5a 5a5a5a5a5a5a5a5a 5a5a5a5a5a5a5a5a 5a5a5a5a5a5a5a5a 5a5a5a5a5a5a5a5a 5a5a5a5a5a5a5a5a 5a5a5a5a5a5a5a5a 5a5a5a5a5a5a5a5a 5a5a5a5a5a5a5a5a 5a5a5a5a5a5a5a5a 5a5a5a5a5a5a5a5a 5a5a5a5a5a5a5a5a 5a5a5a5a5a5a5a5a 5a5a5a5a5a5a5a5a 5a5a5a5a5a5a5a5a 5a5a5a5a5a5a5a5a 5a5a5a5a5a5a5a5a 5a5a5a5a5a5a5a5a 5a5a5a5a5a5a5a5a 5a5a5a5a5a5a5a5a 5a5a5a5a5a5a5a5a 5a5a5a5a5a5a5a5a 5a5a5a5a5a5a5a5a 5a5a5a5a5a5a5a5a 5a5a5a5a5a5a5a5a 5a5a5a5a5a5a5a5a 5a5a5a5a5a5a5a5a 5a5a5a5a5a5a5a5a 5a5a5a5a5a5a5a5a 5a5a5a5a5a5a5a5a 5a5a5a5a5a5a5a5a 5a5a5a5a5a5a5a5a 5a5a5a5a5a5a5a5a 5a5a5a5a5a5a5a5a 5a5a5a5a5a5a5a5a 5a5a5a5a5a5a5a5a 5a5a5a5a5a5a5a5a 5a5a5a5a5a5a5a5a 5a5a5a5a5a5a5a5a 5a5a5a5a5a5a5a5a 5a5a5a5a5a5a5a5a 5a5a5a5a5a5a5a5a 5a5a5a5a5a5a5a5a 5a5a5a5a5a5a5a5a 5a5a5a5a5a5a5a5a 5a5a5a5a5a5a5a5a 5a5a5a5a5a5a5a5a 5a5a5a5a5a5a5a5a 5a5a5a5a5a5a5a5a 5a5a5a5a5a5a5a5a 5a5a5a5a5a5a5a5a 5a5a5a5a5a5a5a5a 5a5a5a5a5a5a5a5a 5a5a5a5a5a5a5a5a 5a5a5a5a5a5a5a5a 5a5a5a5a5a5a5a5a 5a5a5a5a5a5a5a5a 5a5a5a5a5a5a5a5a 5a5a5a5a5a5a5a5a 5a5a5a5a5a5a5a5a 5a5a5a5a5a5a5a5a 5a5a5a5a5a5a5a5a 5a5a5a5a5a5a5a5a 5a5a5a5a5a5a5a5a 5a5a5a5a5a5a5a5a 5a5a5a5a5a5a5a5a 5a5a5a5a5a5a5a5a 5a5a5a5a5a5a5a5a 5a5a5a5a5a5a5a5a 5a5a5a5a5a5a5a5a 5a5a5a5a5a5a5a5a 5a5a5a5a5a5a5a5a 5a5a5a5a5a5a5a5a 5a5a5a5a5a5a5a5a 5a5a5a5a5a5a5a5a 5a5a5a5a5a5a5a5a 5a5a5a5a5a5a5a5a 5a5a5a5a5a5a5a5a 5a5a5a5a5a5a5a5a 5a5a5a5a5a5a5a5a 5a5a5a5a5a5a5a5a 5a5a5a5a5a5a5a5a 5a5a5a5a5a5a5a5a 5a5a5a5a5a5a5a5a 5a5a5a5a5a5a5a5a 5a5a5a5a5a5a5a5a 5a5a5a5a5a5a5a5a 5a5a5a5a5a5a5a5a 5a5a5a5a5a5a5a5a 5a5a5a5a5a5a5a5a 5a5a5a5a5a5a5a5a 5a5a5a5a5a5a5a5a 5a5a5a5a5a5a5a5a 5a5a5a5a5a5a5a5a 5a5a5a5a5a5a5a5a 5a5a5a5a5a5a5a5a 5a5a5a5a5a5a5a5a 5a5a5a5a5a5a5a5a 5a5a5a5a5a5a5a5a 5a5a5a5a5a5a5a5a 5a5a5a5a5a5a5a5a 5a5a5a5a5a5a5a5a 5a5a5a5a5a5a5a5a 5a5a5a5a5a5a5a5a 5a5a5a5a5a5a5a5a 5a5a5a5a5a5a5a5a 5a5a5a5a5a5a5a5a 5a5a5a5a5a5a5a5a 5a5a5a5a5a5a5a5a 5a5a5a5a5a5a5a5a 5a5a5a5a5a5a5a5a 5a5a5a5a5a5a5a5a 5a5a5a5a5a5a5a5a 5a5a5a5a5a5a5a5a 5a5a5a5a5a5a5a5a 5a5a5a5a5a5a5a5a 5a5a5a5a5a5a5a5a 5a5a5a5a5a5a5a5a 5a5a5a5a5a5a5a5a 5a5a5a5a5a5a5a5a 5a5a5a5a5a5a5a5a 5a5a5a5a5a5a5a5a 5a5a5a5a5a5a5a5a 5a5a5a5a5a5a5a5a 5a5a5a5a5a5a5a5a 5a5a5a5a5a5a5a5a 5a5a5a5a5a5a5a5a 5a5a5a5a5a5a5a5a 5a5a5a5a5a5a5a5a 5a5a5a5a5a5a5a5a 5a5a5a5a5a5a5a5a 5a5a5a5a5a5a5a5a 5a5a5a5a5a5a5a5a 5a5a5a5a5a5a5a5a 5a5a5a5a5a5a5a5a 5a5a5a5a5a5a5a5a 5a5a5a5a5a5a5a5a 5a5a5a5a5a5a5a5a 5a5a5a5a5a5a5a5a 5a5a5a5a5a5a5a5a 5a5a5a5a5a5a5a5a 5a5a5a5a5a5a5a5a 5a5a5a5a5a5a5a5a 5a5a5a5a5a5a5a5a 5a5a5a5a5a5a5a5a 5a5a5a5a5a5a5a5a 5a5a5a5a5a5a5a5a 5a5a5a5a5a5a5a5a 5a5a5a5a5a5a5a5a 5a5a5a5a5a5a5a5a 5a5a5a5a5a5a5a5a 5a5a5a5a5a5a5a5a 5a5a5a5a5a5a5a5a 5a5a5a5a5a5a5a5a 5a5a5a5a5a5a5a5a 5a5a5a5a5a5a5a5a 5a5a5a5a5a5a5a5a 5a5a5a5a5a5a5a5a 5a5a5a5a5a5a5a5a 5a5a5a5a5a5a5a5a 5a5a5a5a5a5a5a5a 5a5a5a5a5a5a5a5a 5a5a5a5a5a5a5a5a 5a5a5a5a5a5a5a5a 5a5a5a5a5a5a5a5a 5a5a5a5a5a5a5a5a 5a5a5a5a5a5a5a5a 5a5a5a5a5a5a5a5a 5a5a5a5a5a5a5a5a 5a5a5a5a5a5a5a5a 5a5a5a5a5a5a5a5a 5a5a5a5a5a5a5a5a 5a5a5a5a5a5a5a5a 5a5a5a5a5a5a5a5a 5a5a5a5a5a5a5a5a 5a5a5a5a5a5a5a5a 5a5a5a5a5a5a5a5a 5a5a5a5a5a5a5a5a 5a5a5a5a5a5a5a5a 5a5a5a5a5a5a5a5a 5a5a5a5a5a5a5a5a 5a5a5a5a5a5a5a5a 5a5a5a5a5a5a5a5a 5a5a5a5a5a5a5a5a 5a5a5a5a5a5a5a5a 5a5a5a5a5a5a5a5a 5a5a5a5a5a5a5a5a 5a5a5a5a5a5a5a5a 5a5a5a5a5a5a5a5a 5a5a5a5a5a5a5a5a 5a5a5a5a5a5a5a5a 5a5a5a5a5a5a5a5a 5a5a5a5a5a5a5a5a 5a5a5a5a5a5a5a5a 5a5a5a5a5a5a5a5a 5a5a5a5a5a5a5a5a 5a5a5a5a5a5a5a5a 5a5a5a5a5a5a5a5a 5a5a5a5a5a5a5a5a 5a5a5a5a5a5a5a5a 5a5a5a5a5a5a5a5a 5a5a5a5a5a5a5a5a 5a5a5a5a5a5a5a5a 5a5a5a5a5a5a5a5a 5a5a5a5a5a5a5a5a 5a5a5a5a5a5a5a5a 5a5a5a5a5a5a5a5a 5a5a5a5a5a5a5a5a 5a5a5a5a5a5a5a5a 5a5a5a5a5a5a5a5a 5a5a5a5a5a5a5a5a 5a5a5a5a5a5a5a5a 5a5a5a5a5a5a5a5a 5a5a5a5a5a5a5a5a 5a5a5a5a5a5a5a5a 5a5a5a5a5a5a5a5a 5a5a5a5a5a5a5a5a 5a5a5a5a5a5a5a5a 5a5a5a5a5a5a5a5a 5a5a5a5a5a5a5a5a 5a5a5a5a5a5a5a5a 5a5a5a5a5a5a5a5a 5a5a5a5a5a5a5a5a 5a5a5a5a5a5a5a5a 5a5a5a5a5a5a5a5a 5a5a5a5a5a5a5a5a 5a5a5a5a5a5a5a5a 5a5a5a5a5a5a5a5a 5a5a5a5a5a5a5a5a 5a5a5a5a5a5a5a5a 5a5a5a5a5a5a5a5a 5a5a5a5a5a5a5a5a 5a5a5a5a5a5a5a5a 5a5a5a5a5a5a5a5a 5a5a5a5a5a5a5a5a 5a5a5a5a5a5a5a5a 5a5a5a5a5a5a5a5a 5a5a5a5a5a5a5a5a 5a5a5a5a5a5a5a5a 5a5a5a5a5a5a5a5a 5a5a5a5a5a5a5a5a 5a5a5a5a5a5a5a5a 5a5a5a5a5a5a5a5a 5a5a5a5a5a5a5a5a 5a5a5a5a5a5a5a5a 5a5a5a5a5a5a5a5a 5a5a5a5a5a5a5a5a 5a5a5a5a5a5a5a5a 5a5a5a5a5a5a5a5a 5a5a5a5a5a5a5a5a 5a5a5a5a5a5a5a5a 5a5a5a5a5a5a5a5a 5a5a5a5a5a5a5a5a 5a5a5a5a5a5a5a5a 5a5a5a5a5a5a5a5a 5a5a5a5a5a5a5a5a 5a5a5a5a5a5a5a5a 5a5a5a5a5a5a5a5a 5a5a5a5a5a5a5a5a 5a5a5a5a5a5a5a5a 5a5a5a5a5a5a5a5a 5a5a5a5a5a5a5a5a 5a5a5a5a5a5a5a5a 5a5a5a5a5a5a5a5a 5a5a5a5a5a5a5a5a 5a5a5a5a5a5a5a5a 5a5a5a5a5a5a5a5a 5a5a5a5a5a5a5a5a 5a5a5a5a5a5a5a5a 5a5a5a5a5a5a5a5a 5a5a5a5a5a5a5a5a 5a5a5a5a5a5a5a5a 5a5a5a5a5a5a5a5a 5a5a5a5a5a5a5a5a 5a5a5a5a5a5a5a5a 5a5a5a5a5a5a5a5a 5a5a5a5a5a5a5a5a 5a5a5a5a5a5a5a5a 5a5a5a5a5a5a5a5a 5a5a5a5a5a5a5a5a 5a5a5a5a5a5a5a5a 5a5a5a5a5a5a5a5a 5a5a5a5a5a5a5a5a 5a5a5a5a5a5a5a5a 5a5a5a5a5a5a5a5a 5a5a5a5a5a5a5a5a 5a5a5a5a5a5a5a5a 5a5a5a5a5a5a5a5a 5a5a5a5a5a5a5a5a 5a5a5a5a5a5a5a5a 5a5a5a5a5a5a5a5a 5a5a5a5a5a5a5a5a 5a5a5a5a5a5a5a5a 5a5a5a5a5a5a5a5a 5a5a5a5a5a5a5a5a 5a5a5a5a5a5a5a5a 5a5a5a5a5a5a5a5a 5a5a5a5a5a5a5a5a 5a5a5a5a5a5a5a5a 5a5a5a5a5a5a5a5a 5a5a5a5a5a5a5a5a 5a5a5a5a5a5a5a5a 5a5a5a5a5a5a5a5a 5a5a5a5a5a5a5a5a 5a5a5a5a5a5a5a5a 5a5a5a5a5a5a5a5a 5a5a5a5a5a5a5a5a 5a5a5a5a5a5a5a5a 5a5a5a5a5a5a5a5a 5a5a5a5a5a5a5a5a 5a5a5a5a5a5a5a5a 5a5a5a5a5a5a5a5a 5a5a5a5a5a5a5a5a 5a5a5a5a5a5a5a5a 5a5a5a5a5a5a5a5a 5a5a5a5a5a5a5a5a 5a5a5a5a5a5a5a5a 5a5a5a5a5a5a5a5a 5a5a5a5a5a5a5a5a 5a5a5a5a5a5a5a5a 5a5a5a5a5a5a5a5a 5a5a5a5a5a5a5a5a 5a5a5a5a5a5a5a5a 5a5a5a5a5a5a5a5a 5a5a5a5a5a5a5a5a 5a5a5a5a5a5a5a5a 5a5a5a5a5a5a5a5a 5a5a5a5a5a5a5a5a 5a5a5a5a5a5a5a5a 5a5a5a5a5a5a5a5a 5a5a5a5a5a5a5a5a 5a5a5a5a5a5a5a5a 5a5a5a5a5a5a5a5a 5a5a5a5a5a5a5a5a 5a5a5a5a5a5a5a5a 5a5a5a5a5a5a5a5a 5a5a5a5a5a5a5a5a 5a5a5a5a5a5a5a5a 5a5a5a5a5a5a5a5a 5a5a5a5a5a5a5a5a 5a5a5a5a5a5a5a5a 5a5a5a5a5a5a5a5a 5a5a5a5a5a5a5a5a 5a5a5a5a5a5a5a5a 5a5a5a5a5a5a5a5a 5a5a5a5a5a5a5a5a 5a5a5a5a5a5a5a5a 5a5a5a5a5a5a5a5a 5a5a5a5a5a5a5a5a 5a5a5a5a5a5a5a5a 5a5a5a5a5a5a5a5a 5a5a5a5a5a5a5a5a 5a5a5a5a5a5a5a5a 5a5a5a5a5a5a5a5a 5a5a5a5a5a5a5a5a 5a5a5a5a5a5a5a5a 5a5a5a5a5a5a5a5a 5a5a5a5a5a5a5a5a 5a5a5a5a5a5a5a5a 5a5a5a5a5a5a5a5a 5a5a5a5a5a5a5a5a 5a5a5a5a5a5a5a5a 5a5a5a5a5a5a5a5a 5a5a5a5a5a5a5a5a 5a5a5a5a5a5a5a5a 5a5a5a5a5a5a5a5a 5a5a5a5a5a5a5a5a 5a5a5a5a5a5a5a5a 5a5a5a5a5a5a5a5a 5a5a5a5a5a5a5a5a 5a5a5a5a5a5a5a5a 5a5a5a5a5a5a5a5a 5a5a5a5a5a5a5a5a 5a5a5a5a5a5a5a5a 5a5a5a5a5a5a5a5a 5a5a5a5a5a5a5a5a 5a5a5a5a5a5a5a5a 5a5a5a5a5a5a5a5a 5a5a5a5a5a5a5a5a 5a5a5a5a5a5a5a5a 5a5a5a5a5a5a5a5a 5a5a5a5a5a5a5a5a 5a5a5a5a5a5a5a5a 5a5a5a5a5a5a5a5a 5a5a5a5a5a5a5a5a 5a5a5a5a5a5a5a5a 5a5a5a5a5a5a5a5a 5a5a5a5a5a5a5a5a 5a5a5a5a5a5a5a5a 5a5a5a5a5a5a5a5a 5a5a5a5a5a5a5a5a 5a5a5a5a5a5a5a5a 5a5a5a5a5a5a5a5a 5a5a5a5a5a5a5a5a 5a5a5a5a5a5a5a5a 5a5a5a5a5a5a5a5a 5a5a5a5a5a5a5a5a 5a5a5a5a5a5a5a5a 5a5a5a5a5a5a5a5a 5a5a5a5a5a5a5a5a 5a5a5a5a5a5a5a5a 5a5a5a5a5a5a5a5a 5a5a5a5a5a5a5a5a 5a5a5a5a5a5a5a5a 5a5a5a5a5a5a5a5a 5a5a5a5a5a5a5a5a 5a5a5a5a5a5a5a5a 5a5a5a5a5a5a5a5a 5a5a5a5a5a5a5a5a 5a5a5a5a5a5a5a5a 5a5a5a5a5a5a5a5a 5a5a5a5a5a5a5a5a 5a5a5a5a5a5a5a5a 5a5a5a5a5a5a5a5a 5a5a5a5a5a5a5a5a 5a5a5a5a5a5a5a5a 5a5a5a5a5a5a5a5a 5a5a5a5a5a5a5a5a 5a5a5a5a5a5a5a5a 5a5a5a5a5a5a5a5a 5a5a5a5a5a5a5a5a 5a5a5a5a5a5a5a5a 5a5a5a5a5a5a5a5a 5a5a5a5a5a5a5a5a 5a5a5a5a5a5a5a5a 5a5a5a5a5a5a5a5a 5a5a5a5a5a5a5a5a 5a5a5a5a5a5a5a5a 5a5a5a5a5a5a5a5a 5a5a5a5a5a5a5a5a 5a5a5a5a5a5a5a5a 5a5a5a5a5a5a5a5a 5a5a5a5a5a5a5a5a 5a5a5a5a5a5a5a5a 5a5a5a5a5a5a5a5a 5a5a5a5a5a5a5a5a 5a5a5a5a5a5a5a5a 5a5a5a5a5a5a5a5a 5a5a5a5a5a5a5a5a 5a5a5a5a5a5a5a5a 5a5a5a5a5a5a5a5a 5a5a5a5a5a5a5a5a 5a5a5a5a5a5a5a5a 5a5a5a5a5a5a5a5a 5a5a5a5a5a5a5a5a 5a5a5a5a5a5a5a5a 5a5a5a5a5a5a5a5a 5a5a5a5a5a5a5a5a 5a5a5a5a5a5a5a5a 5a5a5a5a5a5a5a5a 5a5a5a5a5a5a5a5a 5a5a5a5a5a5a5a5a 5a5a5a5a5a5a5a5a 5a5a5a5a5a5a5a5a 5a5a5a5a5a5a5a5a 5a5a5a5a5a5a5a5a 5a5a5a5a5a5a5a5a 5a5a5a5a5a5a5a5a 5a5a5a5a5a5a5a5a 5a5a5a5a5a5a5a5a 5a5a5a5a5a5a5a5a 5a5a5a5a5a5a5a5a 5a5a5a5a5a5a5a5a 5a5a5a5a5a5a5a5a 5a5a5a5a5a5a5a5a 5a5a5a5a5a5a5a5a 5a5a5a5a5a5a5a5a 5a5a5a5a5a5a5a5a 5a5a5a5a5a5a5a5a 5a5a5a5a5a5a5a5a 5a5a5a5a5a5a5a5a 5a5a5a5a5a5a5a5a 5a5a5a5a5a5a5a5a 5a5a5a5a5a5a5a5a 5a5a5a5a5a5a5a5a 5a5a5a5a5a5a5a5a 5a5a5a5a5a5a5a5a 5a5a5a5a5a5a5a5a 5a5a5a5a5a5a5a5a 5a5a5a5a5a5a5a5a 5a5a5a5a5a5a5a5a 5a5a5a5a5a5a5a5a 5a5a5a5a5a5a5a5a 5a5a5a5a5a5a5a5a 5a5a5a5a5a5a5a5a 5a5a5a5a5a5a5a5a 5a5a5a5a5a5a5a5a 5a5a5a5a5a5a5a5a 5a5a5a5a5a5a5a5a 5a5a5a5a5a5a5a5a 5a5a5a5a5a5a5a5a 5a5a5a5a5a5a5a5a 5a5a5a5a5a5a5a5a 5a5a5a5a5a5a5a5a 5a5a5a5a5a5a5a5a 5a5a5a5a5a5a5a5a 5a5a5a5a5a5a5a5a 5a5a5a5a5a5a5a5a 5a5a5a5a5a5a5a5a 5a5a5a5a5a5a5a5a 5a5a5a5a5a5a5a5a 5a5a5a5a5a5a5a5a 5a5a5a5a5a5a5a5a 5a5a5a5a5a5a5a5a 5a5a5a5a5a5a5a5a 5a5a5a5a5a5a5a5a 5a5a5a5a5a5a5a5a 5a5a5a5a5a5a5a5a 5a5a5a5a5a5a5a5a 5a5a5a5a5a5a5a5a 5a5a5a5a5a5a5a5a 5a5a5a5a5a5a5a5a 5a5a5a5a5a5a5a5a 5a5a5a5a5a5a5a5a 5a5a5a5a5a5a5a5a 5a5a5a5a5a5a5a5a 5a5a5a5a5a5a5a5a 5a5a5a5a5a5a5a5a 5a5a5a5a5a5a5a5a 5a5a5a5a5a5a5a5a 5a5a5a5a5a5a5a5a 5a5a5a5a5a5a5a5a 5a5a5a5a5a5a5a5a 5a5a5a5a5a5a5a5a 5a5a5a5a5a5a5a5a 5a5a5a5a5a5a5a5a 5a5a5a5a5a5a5a5a 5a5a5a5a5a5a5a5a 5a5a5a5a5a5a5a5a 5a5a5a5a5a5a5a5a 5a5a5a5a5a5a5a5a 5a5a5a5a5a5a5a5a 5a5a5a5a5a5a5a5a 5a5a5a5a5a5a5a5a 5a5a5a5a5a5a5a5a 5a5a5a5a5a5a5a5a 5a5a5a5a5a5a5a5a 5a5a5a5a5a5a5a5a 5a5a5a5a5a5a5a5a 5a5a5a5a5a5a5a5a 5a5a5a5a5a5a5a5a 5a5a5a5a5a5a5a5a 5a5a5a5a5a5a5a5a 5a5a5a5a5a5a5a5a 5a5a5a5a5a5a5a5a 5a5a5a5a5a5a5a5a 5a5a5a5a5a5a5a5a 5a5a5a5a5a5a5a5a 5a5a5a5a5a5a5a5a 5a5a5a5a5a5a5a5a 5a5a5a5a5a5a5a5a 5a5a5a5a5a5a5a5a 5a5a5a5a5a5a5a5a 5a5a5a5a5a5a5a5a 5a5a5a5a5a5a5a5a 5a5a5a5a5a5a5a5a 5a5a5a5a5a5a5a5a 5a5a5a5a5a5a5a5a 5a5a5a5a5a5a5a5a 5a5a5a5a5a5a5a5a 5a5a5a5a5a5a5a5a 5a5a5a5a5a5a5a5a 5a5a5a5a5a5a5a5a 5a5a5a5a5a5a5a5a 5a5a5a5a5a5a5a5a 5a5a5a5a5a5a5a5a 5a5a5a5a5a5a5a5a 5a5a5a5a5a5a5a5a 5a5a5a5a5a5a5a5a 5a5a5a5a5a5a5a5a 5a5a5a5a5a5a5a5a 5a5a5a5a5a5a5a5a 5a5a5a5a5a5a5a5a 5a5a5a5a5a5a5a5a 5a5a5a5a5a5a5a5a 5a5a5a5a5a5a5a5a 5a5a5a5a5a5a5a5a 5a5a5a5a5a5a5a5a 5a5a5a5a5a5a5a5a 5a5a5a5a5a5a5a5a 5a5a5a5a5a5a5a5a 5a5a5a5a5a5a5a5a 5a5a5a5a5a5a5a5a 5a5a5a5a5a5a5a5a 5a5a5a5a5a5a5a5a 5a5a5a5a5a5a5a5a 5a5a5a5a5a5a5a5a 5a5a5a5a5a5a5a5a 5a5a5a5a5a5a5a5a 5a5a5a5a5a5a5a5a 5a5a5a5a5a5a5a5a 5a5a5a5a5a5a5a5a 5a5a5a5a5a5a5a5a 5a5a5a5a5a5a5a5a 5a5a5a5a5a5a5a5a 5a5a5a5a5a5a5a5a 5a5a5a5a5a5a5a5a 5a5a5a5a5a5a5a5a 5a5a5a5a5a5a5a5a 5a5a5a5a5a5a5a5a 5a5a5a5a5a5a5a5a 5a5a5a5a5a5a5a5a 5a5a5a5a5a5a5a5a 5a5a5a5a5a5a5a5a 5a5a5a5a5a5a5a5a 5a5a5a5a5a5a5a5a 5a5a5a5a5a5a5a5a 5a5a5a5a5a5a5a5a 5a5a5a5a5a5a5a5a 5a5a5a5a5a5a5a5a 5a5a5a5a5a5a5a5a 5a5a5a5a5a5a5a5a 5a5a5a5a5a5a5a5a 5a5a5a5a5a5a5a5a 5a5a5a5a5a5a5a5a 5a5a5a5a5a5a5a5a 5a5a5a5a5a5a5a5a 5a5a5a5a5a5a5a5a 5a5a5a5a5a5a5a5a 5a5a5a5a5a5a5a5a 5a5a5a5a5a5a5a5a 0000000000000000 5a5a5a5a5a5a5a5a 5a5a5a5a5a5a5a5a 5a5a5a5a5a5a5a5a 5a5a5a5a5a5a5a5a 5a5a5a5a5a5a5a5a 5a5a5a5a5a5a5a5a 5a5a5a5a5a5a5a5a 5a5a5a5a5a5a5a5a 5a5a5a5a5a5a5a5a 5a5a5a5a5a5a5a5a 5a5a5a5a5a5a5a5a 5a5a5a5a5a5a5a5a 5a5a5a5a5a5a5a5a 5a5a5a5a5a5a5a5a 5a5a5a5a5a5a5a5a 5a5a5a5a5a5a5a5a 5a5a5a5a5a5a5a5a 5a5a5a5a5a5a5a5a 5a5a5a5a5a5a5a5a 5a5a5a5a5a5a5a5a 5a5a5a5a5a5a5a5a 5a5a5a5a5a5a5a5a 5a5a5a5a5a5a5a5a 5a5a5a5a5a5a5a5a 5a5a5a5a5a5a5a5a 5a5a5a5a5a5a5a5a 5a5a5a5a5a5a5a5a 5a5a5a5a5a5a5a5a 5a5a5a5a5a5a5a5a 5a5a5a5a5a5a5a5a 5a5a5a5a5a5a5a5a 5a5a5a5a5a5a5a5a 5a5a5a5a5a5a5a5a 5a5a5a5a5a5a5a5a 5a5a5a5a5a5a5a5a 5a5a5a5a5a5a5a5a 5a5a5a5a5a5a5a5a 5a5a5a5a5a5a5a5a 5a5a5a5a5a5a5a5a 5a5a5a5a5a5a5a5a 5a5a5a5a5a5a5a5a 5a5a5a5a5a5a5a5a 5a5a5a5a5a5a5a5a 5a5a5a5a5a5a5a5a 5a5a5a5a5a5a5a5a 5a5a5a5a5a5a5a5a 5a5a5a5a5a5a5a5a 5a5a5a5a5a5a5a5a 5a5a5a5a5a5a5a5a 5a5a5a5a5a5a5a5a 5a5a5a5a5a5a5a5a 5a5a5a5a5a5a5a5a 5a5a5a5a5a5a5a5a 5a5a5a5a5a5a5a5a 5a5a5a5a5a5a5a5a 5a5a5a5a5a5a5a5a 5a5a5a5a5a5a5a5a 5a5a5a5a5a5a5a5a 5a5a5a5a5a5a5a5a 5a5a5a5a5a5a5a5a 5a5a5a5a5a5a5a5a 5a5a5a5a5a5a5a5a 5a5a5a5a5a5a5a5a 5a5a5a5a5a5a5a5a 5a5a5a5a5a5a5a5a 5a5a5a5a5a5a5a5a 5a5a5a5a5a5a5a5a 5a5a5a5a5a5a5a5a 5a5a5a5a5a5a5a5a 5a5a5a5a5a5a5a5a 5a5a5a5a5a5a5a5a 5a5a5a5a5a5a5a5a 5a5a5a5a5a5a5a5a 5a5a5a5a5a5a5a5a 5a5a5a5a5a5a5a5a 5a5a5a5a5a5a5a5a 5a5a5a5a5a5a5a5a 5a5a5a5a5a5a5a5a 5a5a5a5a5a5a5a5a 5a5a5a5a5a5a5a5a 5a5a5a5a5a5a5a5a 5a5a5a5a5a5a5a5a 5a5a5a5a5a5a5a5a 5a5a5a5a5a5a5a5a 5a5a5a5a5a5a5a5a 5a5a5a5a5a5a5a5a 5a5a5a5a5a5a5a5a 5a5a5a5a5a5a5a5a 5a5a5a5a5a5a5a5a 5a5a5a5a5a5a5a5a 5a5a5a5a5a5a5a5a 5a5a5a5a5a5a5a5a 5a5a5a5a5a5a5a5a 5a5a5a5a5a5a5a5a 5a5a5a5a5a5a5a5a 5a5a5a5a5a5a5a5a 5a5a5a5a5a5a5a5a 5a5a5a5a5a5a5a5a 5a5a5a5a5a5a5a5a 5a5a5a5a5a5a5a5a 5a5a5a5a5a5a5a5a 5a5a5a5a5a5a5a5a 5a5a5a5a5a5a5a5a 5a5a5a5a5a5a5a5a 5a5a5a5a5a5a5a5a 5a5a5a5a5a5a5a5a 5a5a5a5a5a5a5a5a 5a5a5a5a5a5a5a5a 5a5a5a5a5a5a5a5a 5a5a5a5a5a5a5a5a 5a5a5a5a5a5a5a5a 5a5a5a5a5a5a5a5a 5a5a5a5a5a5a5a5a 5a5a5a5a5a5a5a5a 5a5a5a5a5a5a5a5a 5a5a5a5a5a5a5a5a 5a5a5a5a5a5a5a5a 5a5a5a5a5a5a5a5a 5a5a5a5a5a5a5a5a 5a5a5a5a5a5a5a5a 5a5a5a5a5a5a5a5a 5a5a5a5a5a5a5a5a 5a5a5a5a5a5a5a5a 5a5a5a5a5a5a5a5a 5a5a5a5a5a5a5a5a 5a5a5a5a5a5a5a5a 5a5a5a5a5a5a5a5a 5a5a5a5a5a5a5a5a 5a5a5a5a5a5a5a5a 5a5a5a5a5a5a5a5a 5a5a5a5a5a5a5a5a 5a5a5a5a5a5a5a5a 5a5a5a5a5a5a5a5a 5a5a5a5a5a5a5a5a 5a5a5a5a5a5a5a5a 5a5a5a5a5a5a5a5a 5a5a5a5a5a5a5a5a 5a5a5a5a5a5a5a5a 5a5a5a5a5a5a5a5a 5a5a5a5a5a5a5a5a 5a5a5a5a5a5a5a5a 5a5a5a5a5a5a5a5a 5a5a5a5a5a5a5a5a 5a5a5a5a5a5a5a5a 5a5a5a5a5a5a5a5a 5a5a5a5a5a5a5a5a 5a5a5a5a5a5a5a5a 5a5a5a5a5a5a5a5a 5a5a5a5a5a5a5a5a 5a5a5a5a5a5a5a5a 5a5a5a5a5a5a5a5a 5a5a5a5a5a5a5a5a 5a5a5a5a5a5a5a5a 5a5a5a5a5a5a5a5a 5a5a5a5a5a5a5a5a 5a5a5a5a5a5a5a5a 5a5a5a5a5a5a5a5a 5a5a5a5a5a5a5a5a 5a5a5a5a5a5a5a5a 5a5a5a5a5a5a5a5a 5a5a5a5a5a5a5a5a 5a5a5a5a5a5a5a5a 5a5a5a5a5a5a5a5a 5a5a5a5a5a5a5a5a 5a5a5a5a5a5a5a5a 5a5a5a5a5a5a5a5a 5a5a5a5a5a5a5a5a 5a5a5a5a5a5a5a5a 5a5a5a5a5a5a5a5a 5a5a5a5a5a5a5a5a 5a5a5a5a5a5a5a5a 5a5a5a5a5a5a5a5a 5a5a5a5a5a5a5a5a 5a5a5a5a5a5a5a5a 5a5a5a5a5a5a5a5a 5a5a5a5a5a5a5a5a 5a5a5a5a5a5a5a5a 5a5a5a5a5a5a5a5a 5a5a5a5a5a5a5a5a 5a5a5a5a5a5a5a5a 5a5a5a5a5a5a5a5a 5a5a5a5a5a5a5a5a 5a5a5a5a5a5a5a5a 5a5a5a5a5a5a5a5a 5a5a5a5a5a5a5a5a 5a5a5a5a5a5a5a5a 5a5a5a5a5a5a5a5a 5a5a5a5a5a5a5a5a 5a5a5a5a5a5a5a5a 5a5a5a5a5a5a5a5a 5a5a5a5a5a5a5a5a 5a5a5a5a5a5a5a5a 5a5a5a5a5a5a5a5a 5a5a5a5a5a5a5a5a 5a5a5a5a5a5a5a5a 5a5a5a5a5a5a5a5a 5a5a5a5a5a5a5a5a 5a5a5a5a5a5a5a5a 5a5a5a5a5a5a5a5a 5a5a5a5a5a5a5a5a 5a5a5a5a5a5a5a5a 5a5a5a5a5a5a5a5a 5a5a5a5a5a5a5a5a 5a5a5a5a5a5a5a5a 5a5a5a5a5a5a5a5a 5a5a5a5a5a5a5a5a 5a5a5a5a5a5a5a5a 5a5a5a5a5a5a5a5a 5a5a5a5a5a5a5a5a 5a5a5a5a5a5a5a5a 5a5a5a5a5a5a5a5a 5a5a5a5a5a5a5a5a 5a5a5a5a5a5a5a5a 5a5a5a5a5a5a5a5a 5a5a5a5a5a5a5a5a 5a5a5a5a5a5a5a5a 5a5a5a5a5a5a5a5a 5a5a5a5a5a5a5a5a 5a5a5a5a5a5a5a5a 5a5a5a5a5a5a5a5a 5a5a5a5a5a5a5a5a 5a5a5a5a5a5a5a5a 5a5a5a5a5a5a5a5a 5a5a5a5a5a5a5a5a 5a5a5a5a5a5a5a5a 5a5a5a5a5a5a5a5a 5a5a5a5a5a5a5a5a 5a5a5a5a5a5a5a5a 5a5a5a5a5a5a5a5a 5a5a5a5a5a5a5a5a 5a5a5a5a5a5a5a5a 5a5a5a5a5a5a5a5a 5a5a5a5a5a5a5a5a 5a5a5a5a5a5a5a5a 5a5a5a5a5a5a5a5a 5a5a5a5a5a5a5a5a 5a5a5a5a5a5a5a5a 5a5a5a5a5a5a5a5a 5a5a5a5a5a5a5a5a 5a5a5a5a5a5a5a5a 5a5a5a5a5a5a5a5a 5a5a5a5a5a5a5a5a 5a5a5a5a5a5a5a5a 5a5a5a5a5a5a5a5a 5a5a5a5a5a5a5a5a 5a5a5a5a5a5a5a5a 5a5a5a5a5a5a5a5a 5a5a5a5a5a5a5a5a 5a5a5a5a5a5a5a5a 5a5a5a5a5a5a5a5a 5a5a5a5a5a5a5a5a 5a5a5a5a5a5a5a5a 5a5a5a5a5a5a5a5a 5a5a5a5a5a5a5a5a 5a5a5a5a5a5a5a5a 5a5a5a5a5a5a5a5a 5a5a5a5a5a5a5a5a 5a5a5a5a5a5a5a5a 5a5a5a5a5a5a5a5a 5a5a5a5a5a5a5a5a 5a5a5a5a5a5a5a5a 5a5a5a5a5a5a5a5a 5a5a5a5a5a5a5a5a 5a5a5a5a5a5a5a5a 5a5a5a5a5a5a5a5a 5a5a5a5a5a5a5a5a 5a5a5a5a5a5a5a5a 5a5a5a5a5a5a5a5a 5a5a5a5a5a5a5a5a 5a5a5a5a5a5a5a5a 5a5a5a5a5a5a5a5a 5a5a5a5a5a5a5a5a 5a5a5a5a5a5a5a5a 5a5a5a5a5a5a5a5a 5a5a5a5a5a5a5a5a 5a5a5a5a5a5a5a5a 5a5a5a5a5a5a5a5a 5a5a5a5a5a5a5a5a 5a5a5a5a5a5a5a5a 5a5a5a5a5a5a5a5a 5a5a5a5a5a5a5a5a 5a5a5a5a5a5a5a5a 5a5a5a5a5a5a5a5a 5a5a5a5a5a5a5a5a 5a5a5a5a5a5a5a5a 5a5a5a5a5a5a5a5a 5a5a5a5a5a5a5a5a 5a5a5a5a5a5a5a5a 5a5a5a5a5a5a5a5a 5a5a5a5a5a5a5a5a 5a5a5a5a5a5a5a5a 5a5a5a5a5a5a5a5a 5a5a5a5a5a5a5a5a 5a5a5a5a5a5a5a5a 5a5a5a5a5a5a5a5a 5a5a5a5a5a5a5a5a 5a5a5a5a5a5a5a5a 5a5a5a5a5a5a5a5a 5a5a5a5a5a5a5a5a 5a5a5a5a5a5a5a5a 5a5a5a5a5a5a5a5a 5a5a5a5a5a5a5a5a 5a5a5a5a5a5a5a5a 5a5a5a5a5a5a5a5a 5a5a5a5a5a5a5a5a 5a5a5a5a5a5a5a5a 5a5a5a5a5a5a5a5a 5a5a5a5a5a5a5a5a 5a5a5a5a5a5a5a5a 5a5a5a5a5a5a5a5a 5a5a5a5a5a5a5a5a 5a5a5a5a5a5a5a5a 5a5a5a5a5a5a5a5a 5a5a5a5a5a5a5a5a 5a5a5a5a5a5a5a5a 5a5a5a5a5a5a5a5a 5a5a5a5a5a5a5a5a 5a5a5a5a5a5a5a5a 5a5a5a5a5a5a5a5a 5a5a5a5a5a5a5a5a 5a5a5a5a5a5a5a5a 5a5a5a5a5a5a5a5a 5a5a5a5a5a5a5a5a 5a5a5a5a5a5a5a5a 5a5a5a5a5a5a5a5a 5a5a5a5a5a5a5a5a 5a5a5a5a5a5a5a5a 5a5a5a5a5a5a5a5a 5a5a5a5a5a5a5a5a 5a5a5a5a5a5a5a5a 5a5a5a5a5a5a5a5a 5a5a5a5a5a5a5a5a 5a5a5a5a5a5a5a5a 5a5a5a5a5a5a5a5a 5a5a5a5a5a5a5a5a 5a5a5a5a5a5a5a5a 5a5a5a5a5a5a5a5a 5a5a5a5a5a5a5a5a 5a5a5a5a5a5a5a5a 5a5a5a5a5a5a5a5a 5a5a5a5a5a5a5a5a 5a5a5a5a5a5a5a5a 5a5a5a5a5a5a5a5a 5a5a5a5a5a5a5a5a 5a5a5a5a5a5a5a5a 5a5a5a5a5a5a5a5a 5a5a5a5a5a5a5a5a 5a5a5a5a5a5a5a5a 5a5a5a5a5a5a5a5a 5a5a5a5a5a5a5a5a 5a5a5a5a5a5a5a5a 5a5a5a5a5a5a5a5a 5a5a5a5a5a5a5a5a 5a5a5a5a5a5a5a5a 5a5a5a5a5a5a5a5a 5a5a5a5a5a5a5a5a 5a5a5a5a5a5a5a5a 5a5a5a5a5a5a5a5a 5a5a5a5a5a5a5a5a 5a5a5a5a5a5a5a5a 5a5a5a5a5a5a5a5a 5a5a5a5a5a5a5a5a 5a5a5a5a5a5a5a5a 5a5a5a5a5a5a5a5a 5a5a5a5a5a5a5a5a 5a5a5a5a5a5a5a5a 5a5a5a5a5a5a5a5a 5a5a5a5a5a5a5a5a 5a5a5a5a5a5a5a5a 5a5a5a5a5a5a5a5a 5a5a5a5a5a5a5a5a 5a5a5a5a5a5a5a5a 5a5a5a5a5a5a5a5a 5a5a5a5a5a5a5a5a 5a5a5a5a5a5a5a5a 5a5a5a5a5a5a5a5a 5a5a5a5a5a5a5a5a 5a5a5a5a5a5a5a5a 5a5a5a5a5a5a5a5a 5a5a5a5a5a5a5a5a 5a5a5a5a5a5a5a5a 5a5a5a5a5a5a5a5a 5a5a5a5a5a5a5a5a 5a5a5a5a5a5a5a5a 5a5a5a5a5a5a5a5a 5a5a5a5a5a5a5a5a 5a5a5a5a5a5a5a5a 5a5a5a5a5a5a5a5a 5a5a5a5a5a5a5a5a 5a5a5a5a5a5a5a5a 5a5a5a5a5a5a5a5a 5a5a5a5a5a5a5a5a 5a5a5a5a5a5a5a5a 5a5a5a5a5a5a5a5a 5a5a5a5a5a5a5a5a 5a5a5a5a5a5a5a5a 5a5a5a5a5a5a5a5a 5a5a5a5a5a5a5a5a 5a5a5a5a5a5a5a5a 5a5a5a5a5a5a5a5a 5a5a5a5a5a5a5a5a 5a5a5a5a5a5a5a5a 5a5a5a5a5a5a5a5a 5a5a5a5a5a5a5a5a 5a5a5a5a5a5a5a5a 5a5a5a5a5a5a5a5a 5a5a5a5a5a5a5a5a 5a5a5a5a5a5a5a5a 5a5a5a5a5a5a5a5a 5a5a5a5a5a5a5a5a 5a5a5a5a5a5a5a5a 5a5a5a5a5a5a5a5a 5a5a5a5a5a5a5a5a 5a5a5a5a5a5a5a5a 5a5a5a5a5a5a5a5a 5a5a5a5a5a5a5a5a 5a5a5a5a5a5a5a5a 5a5a5a5a5a5a5a5a 5a5a5a5a5a5a5a5a 5a5a5a5a5a5a5a5a 5a5a5a5a5a5a5a5a 5a5a5a5a5a5a5a5a 5a5a5a5a5a5a5a5a 5a5a5a5a5a5a5a5a 5a5a5a5a5a5a5a5a 5a5a5a5a5a5a5a5a 5a5a5a5a5a5a5a5a 5a5a5a5a5a5a5a5a 5a5a5a5a5a5a5a5a 5a5a5a5a5a5a5a5a 5a5a5a5a5a5a5a5a 5a5a5a5a5a5a5a5a 5a5a5a5a5a5a5a5a 5a5a5a5a5a5a5a5a 5a5a5a5a5a5a5a5a 5a5a5a5a5a5a5a5a 5a5a5a5a5a5a5a5a 5a5a5a5a5a5a5a5a 5a5a5a5a5a5a5a5a 5a5a5a5a5a5a5a5a 5a5a5a5a5a5a5a5a 5a5a5a5a5a5a5a5a 5a5a5a5a5a5a5a5a 5a5a5a5a5a5a5a5a 5a5a5a5a5a5a5a5a 5a5a5a5a5a5a5a5a 5a5a5a5a5a5a5a5a 5a5a5a5a5a5a5a5a 5a5a5a5a5a5a5a5a 5a5a5a5a5a5a5a5a 5a5a5a5a5a5a5a5a 5a5a5a5a5a5a5a5a 5a5a5a5a5a5a5a5a 5a5a5a5a5a5a5a5a 5a5a5a5a5a5a5a5a 5a5a5a5a5a5a5a5a 5a5a5a5a5a5a5a5a 5a5a5a5a5a5a5a5a 5a5a5a5a5a5a5a5a 5a5a5a5a5a5a5a5a 5a5a5a5a5a5a5a5a 5a5a5a5a5a5a5a5a 5a5a5a5a5a5a5a5a 5a5a5a5a5a5a5a5a 5a5a5a5a5a5a5a5a 5a5a5a5a5a5a5a5a 5a5a5a5a5a5a5a5a 5a5a5a5a5a5a5a5a 5a5a5a5a5a5a5a5a 5a5a5a5a5a5a5a5a 5a5a5a5a5a5a5a5a 5a5a5a5a5a5a5a5a 5a5a5a5a5a5a5a5a 5a5a5a5a5a5a5a5a 5a5a5a5a5a5a5a5a 5a5a5a5a5a5a5a5a 5a5a5a5a5a5a5a5a 5a5a5a5a5a5a5a5a 5a5a5a5a5a5a5a5a 5a5a5a5a5a5a5a5a 5a5a5a5a5a5a5a5a 5a5a5a5a5a5a5a5a 5a5a5a5a5a5a5a5a 5a5a5a5a5a5a5a5a 5a5a5a5a5a5a5a5a 5a5a5a5a5a5a5a5a 5a5a5a5a5a5a5a5a 5a5a5a5a5a5a5a5a 5a5a5a5a5a5a5a5a 5a5a5a5a5a5a5a5a 5a5a5a5a5a5a5a5a 5a5a5a5a5a5a5a5a 5a5a5a5a5a5a5a5a 5a5a5a5a5a5a5a5a 5a5a5a5a5a5a5a5a 5a5a5a5a5a5a5a5a 5a5a5a5a5a5a5a5a 5a5a5a5a5a5a5a5a 5a5a5a5a5a5a5a5a 5a5a5a5a5a5a5a5a 5a5a5a5a5a5a5a5a 5a5a5a5a5a5a5a5a 5a5a5a5a5a5a5a5a 5a5a5a5a5a5a5a5a 5a5a5a5a5a5a5a5a 5a5a5a5a5a5a5a5a 5a5a5a5a5a5a5a5a 5a5a5a5a5a5a5a5a 5a5a5a5a5a5a5a5a 5a5a5a5a5a5a5a5a 5a5a5a5a5a5a5a5a 5a5a5a5a5a5a5a5a 5a5a5a5a5a5a5a5a 5a5a5a5a5a5a5a5a 5a5a5a5a5a5a5a5a 5a5a5a5a5a5a5a5a 5a5a5a5a5a5a5a5a 5a5a5a5a5a5a5a5a 5a5a5a5a5a5a5a5a 5a5a5a5a5a5a5a5a 5a5a5a5a5a5a5a5a 5a5a5a5a5a5a5a5a 5a5a5a5a5a5a5a5a 5a5a5a5a5a5a5a5a 5a5a5a5a5a5a5a5a 5a5a5a5a5a5a5a5a 5a5a5a5a5a5a5a5a 5a5a5a5a5a5a5a5a 5a5a5a5a5a5a5a5a 5a5a5a5a5a5a5a5a 5a5a5a5a5a5a5a5a 5a5a5a5a5a5a5a5a 5a5a5a5a5a5a5a5a 5a5a5a5a5a5a5a5a 5a5a5a5a5a5a5a5a 5a5a5a5a5a5a5a5a 5a5a5a5a5a5a5a5a 5a5a5a5a5a5a5a5a 5a5a5a5a5a5a5a5a 5a5a5a5a5a5a5a5a 5a5a5a5a5a5a5a5a 5a5a5a5a5a5a5a5a 5a5a5a5a5a5a5a5a 5a5a5a5a5a5a5a5a 5a5a5a5a5a5a5a5a 5a5a5a5a5a5a5a5a 5a5a5a5a5a5a5a5a 5a5a5a5a5a5a5a5a 5a5a5a5a5a5a5a5a 5a5a5a5a5a5a5a5a 5a5a5a5a5a5a5a5a 5a5a5a5a5a5a5a5a 5a5a5a5a5a5a5a5a 5a5a5a5a5a5a5a5a 5a5a5a5a5a5a5a5a 5a5a5a5a5a5a5a5a 5a5a5a5a5a5a5a5a 5a5a5a5a5a5a5a5a 5a5a5a5a5a5a5a5a 5a5a5a5a5a5a5a5a 5a5a5a5a5a5a5a5a 5a5a5a5a5a5a5a5a 5a5a5a5a5a5a5a5a 5a5a5a5a5a5a5a5a 5a5a5a5a5a5a5a5a 5a5a5a5a5a5a5a5a 5a5a5a5a5a5a5a5a 5a5a5a5a5a5a5a5a 5a5a5a5a5a5a5a5a 5a5a5a5a5a5a5a5a 5a5a5a5a5a5a5a5a 5a5a5a5a5a5a5a5a 5a5a5a5a5a5a5a5a 5a5a5a5a5a5a5a5a 5a5a5a5a5a5a5a5a 5a5a5a5a5a5a5a5a 5a5a5a5a5a5a5a5a 5a5a5a5a5a5a5a5a 5a5a5a5a5a5a5a5a 5a5a5a5a5a5a5a5a 5a5a5a5a5a5a5a5a 5a5a5a5a5a5a5a5a 5a5a5a5a5a5a5a5a 5a5a5a5a5a5a5a5a 5a5a5a5a5a5a5a5a 5a5a5a5a5a5a5a5a 5a5a5a5a5a5a5a5a 5a5a5a5a5a5a5a5a 5a5a5a5a5a5a5a5a 5a5a5a5a5a5a5a5a 5a5a5a5a5a5a5a5a 5a5a5a5a5a5a5a5a 5a5a5a5a5a5a5a5a 5a5a5a5a5a5a5a5a 5a5a5a5a5a5a5a5a 5a5a5a5a5a5a5a5a 5a5a5a5a5a5a5a5a 5a5a5a5a5a5a5a5a 5a5a5a5a5a5a5a5a 5a5a5a5a5a5a5a5a 5a5a5a5a5a5a5a5a 5a5a5a5a5a5a5a5a 5a5a5a5a5a5a5a5a 5a5a5a5a5a5a5a5a 5a5a5a5a5a5a5a5a 5a5a5a5a5a5a5a5a 5a5a5a5a5a5a5a5a 5a5a5a5a5a5a5a5a 5a5a5a5a5a5a5a5a 5a5a5a5a5a5a5a5a 5a5a5a5a5a5a5a5a 5a5a5a5a5a5a5a5a 5a5a5a5a5a5a5a5a 5a5a5a5a5a5a5a5a 5a5a5a5a5a5a5a5a 5a5a5a5a5a5a5a5a 5a5a5a5a5a5a5a5a 5a5a5a5a5a5a5a5a 5a5a5a5a5a5a5a5a 5a5a5a5a5a5a5a5a 5a5a5a5a5a5a5a5a 5a5a5a5a5a5a5a5a 5a5a5a5a5a5a5a5a 5a5a5a5a5a5a5a5a 5a5a5a5a5a5a5a5a 5a5a5a5a5a5a5a5a 5a5a5a5a5a5a5a5a 5a5a5a5a5a5a5a5a 5a5a5a5a5a5a5a5a 5a5a5a5a5a5a5a5a 5a5a5a5a5a5a5a5a 5a5a5a5a5a5a5a5a 5a5a5a5a5a5a5a5a 5a5a5a5a5a5a5a5a 5a5a5a5a5a5a5a5a 5a5a5a5a5a5a5a5a 5a5a5a5a5a5a5a5a 5a5a5a5a5a5a5a5a 5a5a5a5a5a5a5a5a 5a5a5a5a5a5a5a5a 5a5a5a5a5a5a5a5a 5a5a5a5a5a5a5a5a 5a5a5a5a5a5a5a5a 5a5a5a5a5a5a5a5a 5a5a5a5a5a5a5a5a 5a5a5a5a5a5a5a5a 5a5a5a5a5a5a5a5a 5a5a5a5a5a5a5a5a 5a5a5a5a5a5a5a5a 5a5a5a5a5a5a5a5a 5a5a5a5a5a5a5a5a 5a5a5a5a5a5a5a5a 5a5a5a5a5a5a5a5a 5a5a5a5a5a5a5a5a 5a5a5a5a5a5a5a5a 5a5a5a5a5a5a5a5a 5a5a5a5a5a5a5a5a 5a5a5a5a5a5a5a5a 5a5a5a5a5a5a5a5a 5a5a5a5a5a5a5a5a 5a5a5a5a5a5a5a5a 5a5a5a5a5a5a5a5a 5a5a5a5a5a5a5a5a 5a5a5a5a5a5a5a5a 5a5a5a5a5a5a5a5a 5a5a5a5a5a5a5a5a 5a5a5a5a5a5a5a5a 5a5a5a5a5a5a5a5a 5a5a5a5a5a5a5a5a 5a5a5a5a5a5a5a5a 5a5a5a5a5a5a5a5a 5a5a5a5a5a5a5a5a 5a5a5a5a5a5a5a5a 5a5a5a5a5a5a5a5a 5a5a5a5a5a5a5a5a 5a5a5a5a5a5a5a5a 5a5a5a5a5a5a5a5a 5a5a5a5a5a5a5a5a 5a5a5a5a5a5a5a5a 5a5a5a5a5a5a5a5a 5a5a5a5a5a5a5a5a 5a5a5a5a5a5a5a5a 5a5a5a5a5a5a5a5a 5a5a5a5a5a5a5a5a 5a5a5a5a5a5a5a5a 5a5a5a5a5a5a5a5a 5a5a5a5a5a5a5a5a 5a5a5a5a5a5a5a5a 5a5a5a5a5a5a5a5a 5a5a5a5a5a5a5a5a 5a5a5a5a5a5a5a5a 5a5a5a5a5a5a5a5a 5a5a5a5a5a5a5a5a 5a5a5a5a5a5a5a5a 5a5a5a5a5a5a5a5a 5a5a5a5a5a5a5a5a 5a5a5a5a5a5a5a5a 5a5a5a5a5a5a5a5a 5a5a5a5a5a5a5a5a 5a5a5a5a5a5a5a5a 5a5a5a5a5a5a5a5a 5a5a5a5a5a5a5a5a 5a5a5a5a5a5a5a5a 5a5a5a5a5a5a5a5a 5a5a5a5a5a5a5a5a 5a5a5a5a5a5a5a5a 5a5a5a5a5a5a5a5a 5a5a5a5a5a5a5a5a 5a5a5a5a5a5a5a5a 5a5a5a5a5a5a5a5a 5a5a5a5a5a5a5a5a 5a5a5a5a5a5a5a5a 5a5a5a5a5a5a5a5a 5a5a5a5a5a5a5a5a 5a5a5a5a5a5a5a5a 5a5a5a5a5a5a5a5a 5a5a5a5a5a5a5a5a 5a5a5a5a5a5a5a5a 5a5a5a5a5a5a5a5a 5a5a5a5a5a5a5a5a 5a5a5a5a5a5a5a5a 5a5a5a5a5a5a5a5a 5a5a5a5a5a5a5a5a 5a5a5a5a5a5a5a5a 5a5a5a5a5a5a5a5a 5a5a5a5a5a5a5a5a 5a5a5a5a5a5a5a5a 5a5a5a5a5a5a5a5a 5a5a5a5a5a5a5a5a 5a5a5a5a5a5a5a5a 5a5a5a5a5a5a5a5a 5a5a5a5a5a5a5a5a 5a5a5a5a5a5a5a5a 5a5a5a5a5a5a5a5a 5a5a5a5a5a5a5a5a 5a5a5a5a5a5a5a5a 5a5a5a5a5a5a5a5a 5a5a5a5a5a5a5a5a 5a5a5a5a5a5a5a5a 5a5a5a5a5a5a5a5a 5a5a5a5a5a5a5a5a 5a5a5a5a5a5a5a5a 5a5a5a5a5a5a5a5a 5a5a5a5a5a5a5a5a 5a5a5a5a5a5a5a5a 5a5a5a5a5a5a5a5a 5a5a5a5a5a5a5a5a 5a5a5a5a5a5a5a5a 5a5a5a5a5a5a5a5a 5a5a5a5a5a5a5a5a 5a5a5a5a5a5a5a5a 5a5a5a5a5a5a5a5a 5a5a5a5a5a5a5a5a 5a5a5a5a5a5a5a5a 5a5a5a5a5a5a5a5a 5a5a5a5a5a5a5a5a 5a5a5a5a5a5a5a5a 5a5a5a5a5a5a5a5a 5a5a5a5a5a5a5a5a 5a5a5a5a5a5a5a5a 5a5a5a5a5a5a5a5a 5a5a5a5a5a5a5a5a 5a5a5a5a5a5a5a5a 5a5a5a5a5a5a5a5a 5a5a5a5a5a5a5a5a 5a5a5a5a5a5a5a5a 5a5a5a5a5a5a5a5a 5a5a5a5a5a5a5a5a 5a5a5a5a5a5a5a5a 5a5a5a5a5a5a5a5a 5a5a5a5a5a5a5a5a 5a5a5a5a5a5a5a5a 5a5a5a5a5a5a5a5a 5a5a5a5a5a5a5a5a 5a5a5a5a5a5a5a5a 5a5a5a5a5a5a5a5a 5a5a5a5a5a5a5a5a 5a5a5a5a5a5a5a5a 5a5a5a5a5a5a5a5a 5a5a5a5a5a5a5a5a 5a5a5a5a5a5a5a5a 5a5a5a5a5a5a5a5a 5a5a5a5a5a5a5a5a 5a5a5a5a5a5a5a5a 5a5a5a5a5a5a5a5a 5a5a5a5a5a5a5a5a 5a5a5a5a5a5a5a5a 5a5a5a5a5a5a5a5a 5a5a5a5a5a5a5a5a 5a5a5a5a5a5a5a5a 5a5a5a5a5a5a5a5a 5a5a5a5a5a5a5a5a 5a5a5a5a5a5a5a5a 5a5a5a5a5a5a5a5a 5a5a5a5a5a5a5a5a 5a5a5a5a5a5a5a5a 5a5a5a5a5a5a5a5a 5a5a5a5a5a5a5a5a 5a5a5a5a5a5a5a5a 5a5a5a5a5a5a5a5a 5a5a5a5a5a5a5a5a 5a5a5a5a5a5a5a5a 5a5a5a5a5a5a5a5a 5a5a5a5a5a5a5a5a 5a5a5a5a5a5a5a5a 5a5a5a5a5a5a5a5a 5a5a5a5a5a5a5a5a 5a5a5a5a5a5a5a5a 5a5a5a5a5a5a5a5a 5a5a5a5a5a5a5a5a 5a5a5a5a5a5a5a5a 5a5a5a5a5a5a5a5a 5a5a5a5a5a5a5a5a 5a5a5a5a5a5a5a5a 5a5a5a5a5a5a5a5a 5a5a5a5a5a5a5a5a 5a5a5a5a5a5a5a5a 5a5a5a5a5a5a5a5a 5a5a5a5a5a5a5a5a 5a5a5a5a5a5a5a5a 5a5a5a5a5a5a5a5a 5a5a5a5a5a5a5a5a 5a5a5a5a5a5a5a5a 5a5a5a5a5a5a5a5a 5a5a5a5a5a5a5a5a 5a5a5a5a5a5a5a5a 5a5a5a5a5a5a5a5a 5a5a5a5a5a5a5a5a 5a5a5a5a5a5a5a5a 5a5a5a5a5a5a5a5a 5a5a5a5a5a5a5a5a 5a5a5a5a5a5a5a5a 5a5a5a5a5a5a5a5a 5a5a5a5a5a5a5a5a 5a5a5a5a5a5a5a5a 5a5a5a5a5a5a5a5a 5a5a5a5a5a5a5a5a 5a5a5a5a5a5a5a5a 5a5a5a5a5a5a5a5a 5a5a5a5a5a5a5a5a 5a5a5a5a5a5a5a5a 5a5a5a5a5a5a5a5a 5a5a5a5a5a5a5a5a 5a5a5a5a5a5a5a5a 5a5a5a5a5a5a5a5a 5a5a5a5a5a5a5a5a 5a5a5a5a5a5a5a5a 5a5a5a5a5a5a5a5a 5a5a5a5a5a5a5a5a 5a5a5a5a5a5a5a5a 5a5a5a5a5a5a5a5a 5a5a5a5a5a5a5a5a 5a5a5a5a5a5a5a5a 5a5a5a5a5a5a5a5a 5a5a5a5a5a5a5a5a 5a5a5a5a5a5a5a5a 5a5a5a5a5a5a5a5a 5a5a5a5a5a5a5a5a 5a5a5a5a5a5a5a5a 5a5a5a5a5a5a5a5a 5a5a5a5a5a5a5a5a 5a5a5a5a5a5a5a5a 5a5a5a5a5a5a5a5a 5a5a5a5a5a5a5a5a 5a5a5a5a5a5a5a5a 5a5a5a5a5a5a5a5a 5a5a5a5a5a5a5a5a 5a5a5a5a5a5a5a5a 5a5a5a5a5a5a5a5a 5a5a5a5a5a5a5a5a 5a5a5a5a5a5a5a5a 5a5a5a5a5a5a5a5a 5a5a5a5a5a5a5a5a 5a5a5a5a5a5a5a5a 5a5a5a5a5a5a5a5a 5a5a5a5a5a5a5a5a 5a5a5a5a5a5a5a5a 5a5a5a5a5a5a5a5a 5a5a5a5a5a5a5a5a 5a5a5a5a5a5a5a5a 5a5a5a5a5a5a5a5a 5a5a5a5a5a5a5a5a 5a5a5a5a5a5a5a5a 5a5a5a5a5a5a5a5a 5a5a5a5a5a5a5a5a 5a5a5a5a5a5a5a5a 5a5a5a5a5a5a5a5a 5a5a5a5a5a5a5a5a 5a5a5a5a5a5a5a5a 5a5a5a5a5a5a5a5a 5a5a5a5a5a5a5a5a 5a5a5a5a5a5a5a5a 5a5a5a5a5a5a5a5a 5a5a5a5a5a5a5a5a 5a5a5a5a5a5a5a5a 5a5a5a5a5a5a5a5a 5a5a5a5a5a5a5a5a 5a5a5a5a5a5a5a5a 5a5a5a5a5a5a5a5a 5a5a5a5a5a5a5a5a 5a5a5a5a5a5a5a5a 5a5a5a5a5a5a5a5a 5a5a5a5a5a5a5a5a 5a5a5a5a5a5a5a5a 5a5a5a5a5a5a5a5a 5a5a5a5a5a5a5a5a 5a5a5a5a5a5a5a5a 5a5a5a5a5a5a5a5a 5a5a5a5a5a5a5a5a 5a5a5a5a5a5a5a5a 5a5a5a5a5a5a5a5a 5a5a5a5a5a5a5a5a 5a5a5a5a5a5a5a5a 5a5a5a5a5a5a5a5a 5a5a5a5a5a5a5a5a 5a5a5a5a5a5a5a5a 5a5a5a5a5a5a5a5a 5a5a5a5a5a5a5a5a 5a5a5a5a5a5a5a5a 5a5a5a5a5a5a5a5a 5a5a5a5a5a5a5a5a 5a5a5a5a5a5a5a5a 5a5a5a5a5a5a5a5a 5a5a5a5a5a5a5a5a 5a5a5a5a5a5a5a5a 5a5a5a5a5a5a5a5a 5a5a5a5a5a5a5a5a 5a5a5a5a5a5a5a5a 5a5a5a5a5a5a5a5a 5a5a5a5a5a5a5a5a 5a5a5a5a5a5a5a5a 5a5a5a5a5a5a5a5a 5a5a5a5a5a5a5a5a 5a5a5a5a5a5a5a5a 5a5a5a5a5a5a5a5a 5a5a5a5a5a5a5a5a 5a5a5a5a5a5a5a5a 5a5a5a5a5a5a5a5a 5a5a5a5a5a5a5a5a 5a5a5a5a5a5a5a5a 5a5a5a5a5a5a5a5a 5a5a5a5a5a5a5a5a 5a5a5a5a5a5a5a5a 5a5a5a5a5a5a5a5a 5a5a5a5a5a5a5a5a 5a5a5a5a5a5a5a5a 5a5a5a5a5a5a5a5a 5a5a5a5a5a5a5a5a 5a5a5a5a5a5a5a5a 5a5a5a5a5a5a5a5a 5a5a5a5a5a5a5a5a 5a5a5a5a5a5a5a5a 5a5a5a5a5a5a5a5a 5a5a5a5a5a5a5a5a 5a5a5a5a5a5a5a5a 5a5a5a5a5a5a5a5a 5a5a5a5a5a5a5a5a 5a5a5a5a5a5a5a5a 5a5a5a5a5a5a5a5a 5a5a5a5a5a5a5a5a 5a5a5a5a5a5a5a5a 5a5a5a5a5a5a5a5a 5a5a5a5a5a5a5a5a 5a5a5a5a5a5a5a5a 5a5a5a5a5a5a5a5a 5a5a5a5a5a5a5a5a 5a5a5a5a5a5a5a5a 5a5a5a5a5a5a5a5a 5a5a5a5a5a5a5a5a 5a5a5a5a5a5a5a5a 5a5a5a5a5a5a5a5a 5a5a5a5a5a5a5a5a 5a5a5a5a5a5a5a5a 5a5a5a5a5a5a5a5a 5a5a5a5a5a5a5a5a 5a5a5a5a5a5a5a5a 5a5a5a5a5a5a5a5a 5a5a5a5a5a5a5a5a 5a5a5a5a5a5a5a5a 5a5a5a5a5a5a5a5a 5a5a5a5a5a5a5a5a 5a5a5a5a5a5a5a5a 5a5a5a5a5a5a5a5a 5a5a5a5a5a5a5a5a 5a5a5a5a5a5a5a5a 5a5a5a5a5a5a5a5a 5a5a5a5a5a5a5a5a 5a5a5a5a5a5a5a5a 5a5a5a5a5a5a5a5a 5a5a5a5a5a5a5a5a 5a5a5a5a5a5a5a5a 5a5a5a5a5a5a5a5a 5a5a5a5a5a5a5a5a 5a5a5a5a5a5a5a5a 5a5a5a5a5a5a5a5a 5a5a5a5a5a5a5a5a 5a5a5a5a5a5a5a5a 5a5a5a5a5a5a5a5a 5a5a5a5a5a5a5a5a 5a5a5a5a5a5a5a5a 5a5a5a5a5a5a5a5a 5a5a5a5a5a5a5a5a 5a5a5a5a5a5a5a5a 5a5a5a5a5a5a5a5a 5a5a5a5a5a5a5a5a 5a5a5a5a5a5a5a5a 5a5a5a5a5a5a5a5a 5a5a5a5a5a5a5a5a 5a5a5a5a5a5a5a5a 5a5a5a5a5a5a5a5a 5a5a5a5a5a5a5a5a 5a5a5a5a5a5a5a5a 5a5a5a5a5a5a5a5a 5a5a5a5a5a5a5a5a 5a5a5a5a5a5a5a5a 5a5a5a5a5a5a5a5a 5a5a5a5a5a5a5a5a 5a5a5a5a5a5a5a5a 5a5a5a5a5a5a5a5a 5a5a5a5a5a5a5a5a 5a5a5a5a5a5a5a5a 5a5a5a5a5a5a5a5a 5a5a5a5a5a5a5a5a 5a5a5a5a5a5a5a5a 5a5a5a5a5a5a5a5a 5a5a5a5a5a5a5a5a 5a5a5a5a5a5a5a5a 5a5a5a5a5a5a5a5a 5a5a5a5a5a5a5a5a 5a5a5a5a5a5a5a5a 5a5a5a5a5a5a5a5a 5a5a5a5a5a5a5a5a 5a5a5a5a5a5a5a5a 5a5a5a5a5a5a5a5a 5a5a5a5a5a5a5a5a 5a5a5a5a5a5a5a5a 5a5a5a5a5a5a5a5a 5a5a5a5a5a5a5a5a 5a5a5a5a5a5a5a5a 5a5a5a5a5a5a5a5a 5a5a5a5a5a5a5a5a 5a5a5a5a5a5a5a5a 5a5a5a5a5a5a5a5a 5a5a5a5a5a5a5a5a 5a5a5a5a5a5a5a5a 5a5a5a5a5a5a5a5a 5a5a5a5a5a5a5a5a 5a5a5a5a5a5a5a5a 5a5a5a5a5a5a5a5a 5a5a5a5a5a5a5a5a 5a5a5a5a5a5a5a5a 5a5a5a5a5a5a5a5a 5a5a5a5a5a5a5a5a 5a5a5a5a5a5a5a5a 5a5a5a5a5a5a5a5a 5a5a5a5a5a5a5a5a 5a5a5a5a5a5a5a5a 5a5a5a5a5a5a5a5a 5a5a5a5a5a5a5a5a 5a5a5a5a5a5a5a5a 5a5a5a5a5a5a5a5a 5a5a5a5a5a5a5a5a 5a5a5a5a5a5a5a5a 5a5a5a5a5a5a5a5a 5a5a5a5a5a5a5a5a 5a5a5a5a5a5a5a5a 5a5a5a5a5a5a5a5a 5a5a5a5a5a5a5a5a 5a5a5a5a5a5a5a5a 5a5a5a5a5a5a5a5a 5a5a5a5a5a5a5a5a 5a5a5a5a5a5a5a5a 5a5a5a5a5a5a5a5a 5a5a5a5a5a5a5a5a 5a5a5a5a5a5a5a5a 5a5a5a5a5a5a5a5a 5a5a5a5a5a5a5a5a 5a5a5a5a5a5a5a5a 5a5a5a5a5a5a5a5a 5a5a5a5a5a5a5a5a 5a5a5a5a5a5a5a5a 5a5a5a5a5a5a5a5a 5a5a5a5a5a5a5a5a 5a5a5a5a5a5a5a5a 5a5a5a5a5a5a5a5a 5a5a5a5a5a5a5a5a 5a5a5a5a5a5a5a5a 5a5a5a5a5a5a5a5a 5a5a5a5a5a5a5a5a 5a5a5a5a5a5a5a5a 5a5a5a5a5a5a5a5a 5a5a5a5a5a5a5a5a 5a5a5a5a5a5a5a5a 5a5a5a5a5a5a5a5a 5a5a5a5a5a5a5a5a 5a5a5a5a5a5a5a5a 5a5a5a5a5a5a5a5a 5a5a5a5a5a5a5a5a 5a5a5a5a5a5a5a5a 5a5a5a5a5a5a5a5a 5a5a5a5a5a5a5a5a 5a5a5a5a5a5a5a5a 5a5a5a5a5a5a5a5a 5a5a5a5a5a5a5a5a 5a5a5a5a5a5a5a5a 5a5a5a5a5a5a5a5a 5a5a5a5a5a5a5a5a 5a5a5a5a5a5a5a5a 5a5a5a5a5a5a5a5a 5a5a5a5a5a5a5a5a 5a5a5a5a5a5a5a5a 5a5a5a5a5a5a5a5a 5a5a5a5a5a5a5a5a 5a5a5a5a5a5a5a5a 5a5a5a5a5a5a5a5a 5a5a5a5a5a5a5a5a 5a5a5a5a5a5a5a5a 5a5a5a5a5a5a5a5a 5a5a5a5a5a5a5a5a 5a5a5a5a5a5a5a5a 5a5a5a5a5a5a5a5a 5a5a5a5a5a5a5a5a 5a5a5a5a5a5a5a5a 5a5a5a5a5a5a5a5a 5a5a5a5a5a5a5a5a 5a5a5a5a5a5a5a5a 5a5a5a5a5a5a5a5a 5a5a5a5a5a5a5a5a 5a5a5a5a5a5a5a5a 5a5a5a5a5a5a5a5a 5a5a5a5a5a5a5a5a 5a5a5a5a5a5a5a5a 5a5a5a5a5a5a5a5a 5a5a5a5a5a5a5a5a 5a5a5a5a5a5a5a5a 5a5a5a5a5a5a5a5a 5a5a5a5a5a5a5a5a 5a5a5a5a5a5a5a5a 5a5a5a5a5a5a5a5a 5a5a5a5a5a5a5a5a 5a5a5a5a5a5a5a5a 5a5a5a5a5a5a5a5a 5a5a5a5a5a5a5a5a 5a5a5a5a5a5a5a5a 5a5a5a5a5a5a5a5a 5a5a5a5a5a5a5a5a 5a5a5a5a5a5a5a5a 5a5a5a5a5a5a5a5a 5a5a5a5a5a5a5a5a 5a5a5a5a5a5a5a5a 5a5a5a5a5a5a5a5a 5a5a5a5a5a5a5a5a 5a5a5a5a5a5a5a5a 5a5a5a5a5a5a5a5a 5a5a5a5a5a5a5a5a 5a5a5a5a5a5a5a5a 5a5a5a5a5a5a5a5a 5a5a5a5a5a5a5a5a 5a5a5a5a5a5a5a5a 5a5a5a5a5a5a5a5a 5a5a5a5a5a5a5a5a 5a5a5a5a5a5a5a5a 5a5a5a5a5a5a5a5a 5a5a5a5a5a5a5a5a 5a5a5a5a5a5a5a5a 5a5a5a5a5a5a5a5a 5a5a5a5a5a5a5a5a 5a5a5a5a5a5a5a5a 5a5a5a5a5a5a5a5a 5a5a5a5a5a5a5a5a 5a5a5a5a5a5a5a5a 5a5a5a5a5a5a5a5a 5a5a5a5a5a5a5a5a 5a5a5a5a5a5a5a5a 5a5a5a5a5a5a5a5a 5a5a5a5a5a5a5a5a 5a5a5a5a5a5a5a5a 5a5a5a5a5a5a5a5a 5a5a5a5a5a5a5a5a 5a5a5a5a5a5a5a5a 5a5a5a5a5a5a5a5a 5a5a5a5a5a5a5a5a 5a5a5a5a5a5a5a5a 5a5a5a5a5a5a5a5a 5a5a5a5a5a5a5a5a 5a5a5a5a5a5a5a5a 5a5a5a5a5a5a5a5a 5a5a5a5a5a5a5a5a 5a5a5a5a5a5a5a5a 5a5a5a5a5a5a5a5a 5a5a5a5a5a5a5a5a 5a5a5a5a5a5a5a5a 5a5a5a5a5a5a5a5a 5a5a5a5a5a5a5a5a 5a5a5a5a5a5a5a5a 5a5a5a5a5a5a5a5a 5a5a5a5a5a5a5a5a 5a5a5a5a5a5a5a5a 5a5a5a5a5a5a5a5a 5a5a5a5a5a5a5a5a 5a5a5a5a5a5a5a5a 5a5a5a5a5a5a5a5a 5a5a5a5a5a5a5a5a 5a5a5a5a5a5a5a5a 5a5a5a5a5a5a5a5a 5a5a5a5a5a5a5a5a 5a5a5a5a5a5a5a5a 5a5a5a5a5a5a5a5a 5a5a5a5a5a5a5a5a 5a5a5a5a5a5a5a5a 5a5a5a5a5a5a5a5a 5a5a5a5a5a5a5a5a 5a5a5a5a5a5a5a5a 5a5a5a5a5a5a5a5a 5a5a5a5a5a5a5a5a 5a5a5a5a5a5a5a5a 5a5a5a5a5a5a5a5a 5a5a5a5a5a5a5a5a 5a5a5a5a5a5a5a5a 5a5a5a5a5a5a5a5a 5a5a5a5a5a5a5a5a 5a5a5a5a5a5a5a5a 5a5a5a5a5a5a5a5a 5a5a5a5a5a5a5a5a 5a5a5a5a5a5a5a5a 5a5a5a5a5a5a5a5a 5a5a5a5a5a5a5a5a 5a5a5a5a5a5a5a5a 5a5a5a5a5a5a5a5a 5a5a5a5a5a5a5a5a 5a5a5a5a5a5a5a5a 5a5a5a5a5a5a5a5a 5a5a5a5a5a5a5a5a 5a5a5a5a5a5a5a5a 5a5a5a5a5a5a5a5a 5a5a5a5a5a5a5a5a 5a5a5a5a5a5a5a5a 5a5a5a5a5a5a5a5a 5a5a5a5a5a5a5a5a 5a5a5a5a5a5a5a5a 5a5a5a5a5a5a5a5a 5a5a5a5a5a5a5a5a 5a5a5a5a5a5a5a5a 5a5a5a5a5a5a5a5a 5a5a5a5a5a5a5a5a 5a5a5a5a5a5a5a5a 5a5a5a5a5a5a5a5a 5a5a5a5a5a5a5a5a 5a5a5a5a5a5a5a5a 5a5a5a5a5a5a5a5a 5a5a5a5a5a5a5a5a 5a5a5a5a5a5a5a5a 5a5a5a5a5a5a5a5a 5a5a5a5a5a5a5a5a 5a5a5a5a5a5a5a5a 5a5a5a5a5a5a5a5a 5a5a5a5a5a5a5a5a 5a5a5a5a5a5a5a5a 5a5a5a5a5a5a5a5a 5a5a5a5a5a5a5a5a 5a5a5a5a5a5a5a5a 5a5a5a5a5a5a5a5a 5a5a5a5a5a5a5a5a 5a5a5a5a5a5a5a5a 5a5a5a5a5a5a5a5a 5a5a5a5a5a5a5a5a 5a5a5a5a5a5a5a5a 5a5a5a5a5a5a5a5a 5a5a5a5a5a5a5a5a 5a5a5a5a5a5a5a5a 5a5a5a5a5a5a5a5a 5a5a5a5a5a5a5a5a 5a5a5a5a5a5a5a5a 5a5a5a5a5a5a5a5a 5a5a5a5a5a5a5a5a 5a5a5a5a5a5a5a5a 5a5a5a5a5a5a5a5a 5a5a5a5a5a5a5a5a 5a5a5a5a5a5a5a5a 5a5a5a5a5a5a5a5a 5a5a5a5a5a5a5a5a 5a5a5a5a5a5a5a5a 5a5a5a5a5a5a5a5a 5a5a5a5a5a5a5a5a 5a5a5a5a5a5a5a5a 5a5a5a5a5a5a5a5a 5a5a5a5a5a5a5a5a 5a5a5a5a5a5a5a5a 5a5a5a5a5a5a5a5a 5a5a5a5a5a5a5a5a 5a5a5a5a5a5a5a5a 5a5a5a5a5a5a5a5a 5a5a5a5a5a5a5a5a 5a5a5a5a5a5a5a5a 5a5a5a5a5a5a5a5a 5a5a5a5a5a5a5a5a 5a5a5a5a5a5a5a5a 5a5a5a5a5a5a5a5a 5a5a5a5a5a5a5a5a 5a5a5a5a5a5a5a5a 5a5a5a5a5a5a5a5a 5a5a5a5a5a5a5a5a 5a5a5a5a5a5a5a5a 5a5a5a5a5a5a5a5a 5a5a5a5a5a5a5a5a 5a5a5a5a5a5a5a5a 5a5a5a5a5a5a5a5a 5a5a5a5a5a5a5a5a 5a5a5a5a5a5a5a5a 5a5a5a5a5a5a5a5a 5a5a5a5a5a5a5a5a 5a5a5a5a5a5a5a5a 5a5a5a5a5a5a5a5a 5a5a5a5a5a5a5a5a 5a5a5a5a5a5a5a5a 5a5a5a5a5a5a5a5a 5a5a5a5a5a5a5a5a 5a5a5a5a5a5a5a5a 5a5a5a5a5a5a5a5a 5a5a5a5a5a5a5a5a 5a5a5a5a5a5a5a5a 5a5a5a5a5a5a5a5a 5a5a5a5a5a5a5a5a 5a5a5a5a5a5a5a5a 5a5a5a5a5a5a5a5a 5a5a5a5a5a5a5a5a 5a5a5a5a5a5a5a5a 5a5a5a5a5a5a5a5a 5a5a5a5a5a5a5a5a 5a5a5a5a5a5a5a5a 5a5a5a5a5a5a5a5a 5a5a5a5a5a5a5a5a 5a5a5a5a5a5a5a5a 5a5a5a5a5a5a5a5a 5a5a5a5a5a5a5a5a 5a5a5a5a5a5a5a5a 5a5a5a5a5a5a5a5a 5a5a5a5a5a5a5a5a 5a5a5a5a5a5a5a5a 5a5a5a5a5a5a5a5a 5a5a5a5a5a5a5a5a 5a5a5a5a5a5a5a5a 5a5a5a5a5a5a5a5a 5a5a5a5a5a5a5a5a 5a5a5a5a5a5a5a5a 5a5a5a5a5a5a5a5a 5a5a5a5a5a5a5a5a 5a5a5a5a5a5a5a5a 5a5a5a5a5a5a5a5a 5a5a5a5a5a5a5a5a 5a5a5a5a5a5a5a5a 5a5a5a5a5a5a5a5a 5a5a5a5a5a5a5a5a 5a5a5a5a5a5a5a5a 5a5a5a5a5a5a5a5a 5a5a5a5a5a5a5a5a 5a5a5a5a5a5a5a5a 5a5a5a5a5a5a5a5a 5a5a5a5a5a5a5a5a 5a5a5a5a5a5a5a5a 5a5a5a5a5a5a5a5a 5a5a5a5a5a5a5a5a 5a5a5a5a5a5a5a5a 5a5a5a5a5a5a5a5a 5a5a5a5a5a5a5a5a 5a5a5a5a5a5a5a5a 5a5a5a5a5a5a5a5a 5a5a5a5a5a5a5a5a 5a5a5a5a5a5a5a5a 5a5a5a5a5a5a5a5a 5a5a5a5a5a5a5a5a 5a5a5a5a5a5a5a5a 5a5a5a5a5a5a5a5a 5a5a5a5a5a5a5a5a 5a5a5a5a5a5a5a5a 5a5a5a5a5a5a5a5a 5a5a5a5a5a5a5a5a 5a5a5a5a5a5a5a5a 5a5a5a5a5a5a5a5a 5a5a5a5a5a5a5a5a 5a5a5a5a5a5a5a5a 5a5a5a5a5a5a5a5a 5a5a5a5a5a5a5a5a 5a5a5a5a5a5a5a5a 5a5a5a5a5a5a5a5a 5a5a5a5a5a5a5a5a 5a5a5a5a5a5a5a5a 5a5a5a5a5a5a5a5a 5a5a5a5a5a5a5a5a 5a5a5a5a5a5a5a5a 5a5a5a5a5a5a5a5a 5a5a5a5a5a5a5a5a 5a5a5a5a5a5a5a5a 5a5a5a5a5a5a5a5a 5a5a5a5a5a5a5a5a 5a5a5a5a5a5a5a5a 5a5a5a5a5a5a5a5a 5a5a5a5a5a5a5a5a 5a5a5a5a5a5a5a5a 5a5a5a5a5a5a5a5a 5a5a5a5a5a5a5a5a 5a5a5a5a5a5a5a5a 5a5a5a5a5a5a5a5a 5a5a5a5a5a5a5a5a 5a5a5a5a5a5a5a5a 5a5a5a5a5a5a5a5a 5a5a5a5a5a5a5a5a 5a5a5a5a5a5a5a5a 5a5a5a5a5a5a5a5a 5a5a5a5a5a5a5a5a 5a5a5a5a5a5a5a5a 5a5a5a5a5a5a5a5a 5a5a5a5a5a5a5a5a 5a5a5a5a5a5a5a5a 5a5a5a5a5a5a5a5a 5a5a5a5a5a5a5a5a 5a5a5a5a5a5a5a5a 5a5a5a5a5a5a5a5a 5a5a5a5a5a5a5a5a 5a5a5a5a5a5a5a5a 5a5a5a5a5a5a5a5a 5a5a5a5a5a5a5a5a 5a5a5a5a5a5a5a5a 5a5a5a5a5a5a5a5a 5a5a5a5a5a5a5a5a 5a5a5a5a5a5a5a5a 5a5a5a5a5a5a5a5a 5a5a5a5a5a5a5a5a 5a5a5a5a5a5a5a5a 5a5a5a5a5a5a5a5a 5a5a5a5a5a5a5a5a 5a5a5a5a5a5a5a5a 5a5a5a5a5a5a5a5a 5a5a5a5a5a5a5a5a 5a5a5a5a5a5a5a5a 5a5a5a5a5a5a5a5a 5a5a5a5a5a5a5a5a 5a5a5a5a5a5a5a5a 5a5a5a5a5a5a5a5a 5a5a5a5a5a5a5a5a 5a5a5a5a5a5a5a5a 5a5a5a5a5a5a5a5a 5a5a5a5a5a5a5a5a 5a5a5a5a5a5a5a5a 5a5a5a5a5a5a5a5a 5a5a5a5a5a5a5a5a 5a5a5a5a5a5a5a5a 5a5a5a5a5a5a5a5a 5a5a5a5a5a5a5a5a 5a5a5a5a5a5a5a5a 5a5a5a5a5a5a5a5a 5a5a5a5a5a5a5a5a 5a5a5a5a5a5a5a5a 5a5a5a5a5a5a5a5a 5a5a5a5a5a5a5a5a 5a5a5a5a5a5a5a5a 5a5a5a5a5a5a5a5a 5a5a5a5a5a5a5a5a 5a5a5a5a5a5a5a5a 5a5a5a5a5a5a5a5a 5a5a5a5a5a5a5a5a 5a5a5a5a5a5a5a5a 5a5a5a5a5a5a5a5a 5a5a5a5a5a5a5a5a 5a5a5a5a5a5a5a5a 5a5a5a5a5a5a5a5a 5a5a5a5a5a5a5a5a 5a5a5a5a5a5a5a5a 5a5a5a5a5a5a5a5a 5a5a5a5a5a5a5a5a 5a5a5a5a5a5a5a5a 5a5a5a5a5a5a5a5a 5a5a5a5a5a5a5a5a 5a5a5a5a5a5a5a5a 5a5a5a5a5a5a5a5a 5a5a5a5a5a5a5a5a 5a5a5a5a5a5a5a5a 5a5a5a5a5a5a5a5a 5a5a5a5a5a5a5a5a 5a5a5a5a5a5a5a5a 5a5a5a5a5a5a5a5a 5a5a5a5a5a5a5a5a 5a5a5a5a5a5a5a5a 5a5a5a5a5a5a5a5a 5a5a5a5a5a5a5a5a 5a5a5a5a5a5a5a5a 5a5a5a5a5a5a5a5a 5a5a5a5a5a5a5a5a 5a5a5a5a5a5a5a5a 5a5a5a5a5a5a5a5a 5a5a5a5a5a5a5a5a 5a5a5a5a5a5a5a5a 5a5a5a5a5a5a5a5a 5a5a5a5a5a5a5a5a 5a5a5a5a5a5a5a5a 5a5a5a5a5a5a5a5a 5a5a5a5a5a5a5a5a 5a5a5a5a5a5a5a5a 5a5a5a5a5a5a5a5a 5a5a5a5a5a5a5a5a 5a5a5a5a5a5a5a5a 5a5a5a5a5a5a5a5a 5a5a5a5a5a5a5a5a 5a5a5a5a5a5a5a5a 5a5a5a5a5a5a5a5a 5a5a5a5a5a5a5a5a 5a5a5a5a5a5a5a5a 5a5a5a5a5a5a5a5a 5a5a5a5a5a5a5a5a 5a5a5a5a5a5a5a5a 5a5a5a5a5a5a5a5a 5a5a5a5a5a5a5a5a 5a5a5a5a5a5a5a5a 5a5a5a5a5a5a5a5a 5a5a5a5a5a5a5a5a 5a5a5a5a5a5a5a5a 5a5a5a5a5a5a5a5a 5a5a5a5a5a5a5a5a 5a5a5a5a5a5a5a5a 5a5a5a5a5a5a5a5a 5a5a5a5a5a5a5a5a 5a5a5a5a5a5a5a5a 5a5a5a5a5a5a5a5a 5a5a5a5a5a5a5a5a 5a5a5a5a5a5a5a5a 5a5a5a5a5a5a5a5a 5a5a5a5a5a5a5a5a 5a5a5a5a5a5a5a5a 5a5a5a5a5a5a5a5a 5a5a5a5a5a5a5a5a 5a5a5a5a5a5a5a5a 5a5a5a5a5a5a5a5a 5a5a5a5a5a5a5a5a 5a5a5a5a5a5a5a5a 5a5a5a5a5a5a5a5a 5a5a5a5a5a5a5a5a 5a5a5a5a5a5a5a5a 5a5a5a5a5a5a5a5a 5a5a5a5a5a5a5a5a 5a5a5a5a5a5a5a5a 5a5a5a5a5a5a5a5a 5a5a5a5a5a5a5a5a 5a5a5a5a5a5a5a5a 5a5a5a5a5a5a5a5a 5a5a5a5a5a5a5a5a 5a5a5a5a5a5a5a5a 5a5a5a5a5a5a5a5a 5a5a5a5a5a5a5a5a 5a5a5a5a5a5a5a5a 5a5a5a5a5a5a5a5a 5a5a5a5a5a5a5a5a 5a5a5a5a5a5a5a5a 5a5a5a5a5a5a5a5a 5a5a5a5a5a5a5a5a 5a5a5a5a5a5a5a5a 5a5a5a5a5a5a5a5a 5a5a5a5a5a5a5a5a 5a5a5a5a5a5a5a5a 5a5a5a5a5a5a5a5a 5a5a5a5a5a5a5a5a 5a5a5a5a5a5a5a5a 5a5a5a5a5a5a5a5a 5a5a5a5a5a5a5a5a 5a5a5a5a5a5a5a5a 5a5a5a5a5a5a5a5a 5a5a5a5a5a5a5a5a 5a5a5a5a5a5a5a5a 5a5a5a5a5a5a5a5a 5a5a5a5a5a5a5a5a 5a5a5a5a5a5a5a5a 5a5a5a5a5a5a5a5a 5a5a5a5a5a5a5a5a 5a5a5a5a5a5a5a5a 5a5a5a5a5a5a5a5a 5a5a5a5a5a5a5a5a 5a5a5a5a5a5a5a5a 5a5a5a5a5a5a5a5a 5a5a5a5a5a5a5a5a 5a5a5a5a5a5a5a5a 5a5a5a5a5a5a5a5a 5a5a5a5a5a5a5a5a 5a5a5a5a5a5a5a5a 5a5a5a5a5a5a5a5a 5a5a5a5a5a5a5a5a 5a5a5a5a5a5a5a5a 5a5a5a5a5a5a5a5a 5a5a5a5a5a5a5a5a 5a5a5a5a5a5a5a5a 5a5a5a5a5a5a5a5a 5a5a5a5a5a5a5a5a 5a5a5a5a5a5a5a5a 5a5a5a5a5a5a5a5a 5a5a5a5a5a5a5a5a 5a5a5a5a5a5a5a5a 5a5a5a5a5a5a5a5a 5a5a5a5a5a5a5a5a 5a5a5a5a5a5a5a5a 5a5a5a5a5a5a5a5a 5a5a5a5a5a5a5a5a 5a5a5a5a5a5a5a5a 5a5a5a5a5a5a5a5a 5a5a5a5a5a5a5a5a 5a5a5a5a5a5a5a5a 5a5a5a5a5a5a5a5a 5a5a5a5a5a5a5a5a 5a5a5a5a5a5a5a5a 5a5a5a5a5a5a5a5a 5a5a5a5a5a5a5a5a 5a5a5a5a5a5a5a5a 5a5a5a5a5a5a5a5a 5a5a5a5a5a5a5a5a 5a5a5a5a5a5a5a5a 5a5a5a5a5a5a5a5a 5a5a5a5a5a5a5a5a 5a5a5a5a5a5a5a5a 5a5a5a5a5a5a5a5a 5a5a5a5a5a5a5a5a 5a5a5a5a5a5a5a5a 5a5a5a5a5a5a5a5a 5a5a5a5a5a5a5a5a 5a5a5a5a5a5a5a5a 5a5a5a5a5a5a5a5a 5a5a5a5a5a5a5a5a 5a5a5a5a5a5a5a5a 5a5a5a5a5a5a5a5a 5a5a5a5a5a5a5a5a 5a5a5a5a5a5a5a5a 5a5a5a5a5a5a5a5a 5a5a5a5a5a5a5a5a 5a5a5a5a5a5a5a5a 5a5a5a5a5a5a5a5a 5a5a5a5a5a5a5a5a 5a5a5a5a5a5a5a5a 5a5a5a5a5a5a5a5a 5a5a5a5a5a5a5a5a 5a5a5a5a5a5a5a5a 5a5a5a5a5a5a5a5a 5a5a5a5a5a5a5a5a 5a5a5a5a5a5a5a5a 5a5a5a5a5a5a5a5a 5a5a5a5a5a5a5a5a 5a5a5a5a5a5a5a5a 5a5a5a5a5a5a5a5a 5a5a5a5a5a5a5a5a 5a5a5a5a5a5a5a5a 5a5a5a5a5a5a5a5a 5a5a5a5a5a5a5a5a 5a5a5a5a5a5a5a5a 5a5a5a5a5a5a5a5a 5a5a5a5a5a5a5a5a 5a5a5a5a5a5a5a5a 5a5a5a5a5a5a5a5a 5a5a5a5a5a5a5a5a 5a5a5a5a5a5a5a5a 5a5a5a5a5a5a5a5a 5a5a5a5a5a5a5a5a 5a5a5a5a5a5a5a5a 5a5a5a5a5a5a5a5a 5a5a5a5a5a5a5a5a 5a5a5a5a5a5a5a5a 5a5a5a5a5a5a5a5a 5a5a5a5a5a5a5a5a 5a5a5a5a5a5a5a5a 5a5a5a5a5a5a5a5a 5a5a5a5a5a5a5a5a 5a5a5a5a5a5a5a5a 5a5a5a5a5a5a5a5a 5a5a5a5a5a5a5a5a 5a5a5a5a5a5a5a5a 5a5a5a5a5a5a5a5a 5a5a5a5a5a5a5a5a 5a5a5a5a5a5a5a5a 5a5a5a5a5a5a5a5a 5a5a5a5a5a5a5a5a 5a5a5a5a5a5a5a5a 5a5a5a5a5a5a5a5a 5a5a5a5a5a5a5a5a 5a5a5a5a5a5a5a5a 5a5a5a5a5a5a5a5a 5a5a5a5a5a5a5a5a 5a5a5a5a5a5a5a5a 5a5a5a5a5a5a5a5a 5a5a5a5a5a5a5a5a 5a5a5a5a5a5a5a5a 5a5a5a5a5a5a5a5a 5a5a5a5a5a5a5a5a 5a5a5a5a5a5a5a5a 5a5a5a5a5a5a5a5a 5a5a5a5a5a5a5a5a 5a5a5a5a5a5a5a5a 5a5a5a5a5a5a5a5a 5a5a5a5a5a5a5a5a 5a5a5a5a5a5a5a5a 5a5a5a5a5a5a5a5a 5a5a5a5a5a5a5a5a 5a5a5a5a5a5a5a5a 5a5a5a5a5a5a5a5a 5a5a5a5a5a5a5a5a 5a5a5a5a5a5a5a5a 5a5a5a5a5a5a5a5a 5a5a5a5a5a5a5a5a 5a5a5a5a5a5a5a5a 5a5a5a5a5a5a5a5a 5a5a5a5a5a5a5a5a 5a5a5a5a5a5a5a5a 5a5a5a5a5a5a5a5a 5a5a5a5a5a5a5a5a 5a5a5a5a5a5a5a5a 5a5a5a5a5a5a5a5a 5a5a5a5a5a5a5a5a 5a5a5a5a5a5a5a5a 5a5a5a5a5a5a5a5a 5a5a5a5a5a5a5a5a 5a5a5a5a5a5a5a5a 5a5a5a5a5a5a5a5a 5a5a5a5a5a5a5a5a 5a5a5a5a5a5a5a5a 5a5a5a5a5a5a5a5a 5a5a5a5a5a5a5a5a 5a5a5a5a5a5a5a5a 5a5a5a5a5a5a5a5a 5a5a5a5a5a5a5a5a 5a5a5a5a5a5a5a5a 5a5a5a5a5a5a5a5a 5a5a5a5a5a5a5a5a 5a5a5a5a5a5a5a5a 5a5a5a5a5a5a5a5a 5a5a5a5a5a5a5a5a 5a5a5a5a5a5a5a5a 5a5a5a5a5a5a5a5a 5a5a5a5a5a5a5a5a 5a5a5a5a5a5a5a5a 5a5a5a5a5a5a5a5a 5a5a5a5a5a5a5a5a 5a5a5a5a5a5a5a5a 5a5a5a5a5a5a5a5a 5a5a5a5a5a5a5a5a 5a5a5a5a5a5a5a5a 5a5a5a5a5a5a5a5a 5a5a5a5a5a5a5a5a 5a5a5a5a5a5a5a5a 5a5a5a5a5a5a5a5a 5a5a5a5a5a5a5a5a 5a5a5a5a5a5a5a5a 5a5a5a5a5a5a5a5a 5a5a5a5a5a5a5a5a 5a5a5a5a5a5a5a5a 5a5a5a5a5a5a5a5a 5a5a5a5a5a5a5a5a 5a5a5a5a5a5a5a5a 5a5a5a5a5a5a5a5a 5a5a5a5a5a5a5a5a 5a5a5a5a5a5a5a5a 5a5a5a5a5a5a5a5a 5a5a5a5a5a5a5a5a 5a5a5a5a5a5a5a5a 5a5a5a5a5a5a5a5a 5a5a5a5a5a5a5a5a 5a5a5a5a5a5a5a5a 5a5a5a5a5a5a5a5a 5a5a5a5a5a5a5a5a 5a5a5a5a5a5a5a5a 5a5a5a5a5a5a5a5a 5a5a5a5a5a5a5a5a 5a5a5a5a5a5a5a5a 5a5a5a5a5a5a5a5a 5a5a5a5a5a5a5a5a 5a5a5a5a5a5a5a5a 5a5a5a5a5a5a5a5a 5a5a5a5a5a5a5a5a 5a5a5a5a5a5a5a5a 5a5a5a5a5a5a5a5a 5a5a5a5a5a5a5a5a 5a5a5a5a5a5a5a5a 5a5a5a5a5a5a5a5a 5a5a5a5a5a5a5a5a 5a5a5a5a5a5a5a5a 5a5a5a5a5a5a5a5a 5a5a5a5a5a5a5a5a 5a5a5a5a5a5a5a5a 5a5a5a5a5a5a5a5a 5a5a5a5a5a5a5a5a 5a5a5a5a5a5a5a5a 5a5a5a5a5a5a5a5a 5a5a5a5a5a5a5a5a 5a5a5a5a5a5a5a5a 5a5a5a5a5a5a5a5a 5a5a5a5a5a5a5a5a 5a5a5a5a5a5a5a5a 5a5a5a5a5a5a5a5a 5a5a5a5a5a5a5a5a 5a5a5a5a5a5a5a5a 5a5a5a5a5a5a5a5a 5a5a5a5a5a5a5a5a 5a5a5a5a5a5a5a5a 5a5a5a5a5a5a5a5a 5a5a5a5a5a5a5a5a 5a5a5a5a5a5a5a5a 5a5a5a5a5a5a5a5a 5a5a5a5a5a5a5a5a 5a5a5a5a5a5a5a5a 5a5a5a5a5a5a5a5a 5a5a5a5a5a5a5a5a 5a5a5a5a5a5a5a5a 5a5a5a5a5a5a5a5a 5a5a5a5a5a5a5a5a 5a5a5a5a5a5a5a5a 5a5a5a5a5a5a5a5a 5a5a5a5a5a5a5a5a 5a5a5a5a5a5a5a5a 5a5a5a5a5a5a5a5a 5a5a5a5a5a5a5a5a 5a5a5a5a5a5a5a5a 5a5a5a5a5a5a5a5a 5a5a5a5a5a5a5a5a 5a5a5a5a5a5a5a5a 5a5a5a5a5a5a5a5a 5a5a5a5a5a5a5a5a 5a5a5a5a5a5a5a5a 5a5a5a5a5a5a5a5a 5a5a5a5a5a5a5a5a 5a5a5a5a5a5a5a5a 5a5a5a5a5a5a5a5a 5a5a5a5a5a5a5a5a 5a5a5a5a5a5a5a5a 5a5a5a5a5a5a5a5a 5a5a5a5a5a5a5a5a 5a5a5a5a5a5a5a5a 5a5a5a5a5a5a5a5a 5a5a5a5a5a5a5a5a 5a5a5a5a5a5a5a5a 5a5a5a5a5a5a5a5a 5a5a5a5a5a5a5a5a 5a5a5a5a5a5a5a5a 5a5a5a5a5a5a5a5a 5a5a5a5a5a5a5a5a 5a5a5a5a5a5a5a5a 5a5a5a5a5a5a5a5a 5a5a5a5a5a5a5a5a 5a5a5a5a5a5a5a5a 5a5a5a5a5a5a5a5a 5a5a5a5a5a5a5a5a 5a5a5a5a5a5a5a5a 5a5a5a5a5a5a5a5a 5a5a5a5a5a5a5a5a 5a5a5a5a5a5a5a5a 5a5a5a5a5a5a5a5a 5a5a5a5a5a5a5a5a 5a5a5a5a5a5a5a5a 5a5a5a5a5a5a5a5a 5a5a5a5a5a5a5a5a 5a5a5a5a5a5a5a5a 5a5a5a5a5a5a5a5a 5a5a5a5a5a5a5a5a 5a5a5a5a5a5a5a5a 5a5a5a5a5a5a5a5a 5a5a5a5a5a5a5a5a 5a5a5a5a5a5a5a5a 5a5a5a5a5a5a5a5a 5a5a5a5a5a5a5a5a 5a5a5a5a5a5a5a5a 5a5a5a5a5a5a5a5a 5a5a5a5a5a5a5a5a 5a5a5a5a5a5a5a5a 5a5a5a5a5a5a5a5a 5a5a5a5a5a5a5a5a 5a5a5a5a5a5a5a5a 5a5a5a5a5a5a5a5a 5a5a5a5a5a5a5a5a 5a5a5a5a5a5a5a5a 5a5a5a5a5a5a5a5a 5a5a5a5a5a5a5a5a 5a5a5a5a5a5a5a5a 5a5a5a5a5a5a5a5a 5a5a5a5a5a5a5a5a 5a5a5a5a5a5a5a5a 5a5a5a5a5a5a5a5a 5a5a5a5a5a5a5a5a 5a5a5a5a5a5a5a5a 5a5a5a5a5a5a5a5a 5a5a5a5a5a5a5a5a 5a5a5a5a5a5a5a5a 5a5a5a5a5a5a5a5a 5a5a5a5a5a5a5a5a 5a5a5a5a5a5a5a5a 5a5a5a5a5a5a5a5a 5a5a5a5a5a5a5a5a 5a5a5a5a5a5a5a5a 5a5a5a5a5a5a5a5a 5a5a5a5a5a5a5a5a 5a5a5a5a5a5a5a5a 5a5a5a5a5a5a5a5a 5a5a5a5a5a5a5a5a 5a5a5a5a5a5a5a5a 5a5a5a5a5a5a5a5a 5a5a5a5a5a5a5a5a 5a5a5a5a5a5a5a5a 5a5a5a5a5a5a5a5a 5a5a5a5a5a5a5a5a 5a5a5a5a5a5a5a5a 5a5a5a5a5a5a5a5a 5a5a5a5a5a5a5a5a 5a5a5a5a5a5a5a5a 5a5a5a5a5a5a5a5a 5a5a5a5a5a5a5a5a 5a5a5a5a5a5a5a5a 5a5a5a5a5a5a5a5a 5a5a5a5a5a5a5a5a 5a5a5a5a5a5a5a5a 5a5a5a5a5a5a5a5a 5a5a5a5a5a5a5a5a 5a5a5a5a5a5a5a5a 5a5a5a5a5a5a5a5a 5a5a5a5a5a5a5a5a 5a5a5a5a5a5a5a5a 5a5a5a5a5a5a5a5a 5a5a5a5a5a5a5a5a 5a5a5a5a5a5a5a5a 5a5a5a5a5a5a5a5a 5a5a5a5a5a5a5a5a 5a5a5a5a5a5a5a5a 5a5a5a5a5a5a5a5a 5a5a5a5a5a5a5a5a 5a5a5a5a5a5a5a5a 5a5a5a5a5a5a5a5a 5a5a5a5a5a5a5a5a 5a5a5a5a5a5a5a5a 5a5a5a5a5a5a5a5a 5a5a5a5a5a5a5a5a 5a5a5a5a5a5a5a5a 5a5a5a5a5a5a5a5a 5a5a5a5a5a5a5a5a 5a5a5a5a5a5a5a5a 5a5a5a5a5a5a5a5a 5a5a5a5a5a5a5a5a 5a5a5a5a5a5a5a5a 5a5a5a5a5a5a5a5a 5a5a5a5a5a5a5a5a 5a5a5a5a5a5a5a5a 5a5a5a5a5a5a5a5a 5a5a5a5a5a5a5a5a 5a5a5a5a5a5a5a5a 5a5a5a5a5a5a5a5a 5a5a5a5a5a5a5a5a 5a5a5a5a5a5a5a5a 5a5a5a5a5a5a5a5a 5a5a5a5a5a5a5a5a 5a5a5a5a5a5a5a5a 5a5a5a5a5a5a5a5a 5a5a5a5a5a5a5a5a 5a5a5a5a5a5a5a5a 5a5a5a5a5a5a5a5a 5a5a5a5a5a5a5a5a 5a5a5a5a5a5a5a5a 5a5a5a5a5a5a5a5a 5a5a5a5a5a5a5a5a 5a5a5a5a5a5a5a5a 5a5a5a5a5a5a5a5a 5a5a5a5a5a5a5a5a 5a5a5a5a5a5a5a5a 5a5a5a5a5a5a5a5a 5a5a5a5a5a5a5a5a 5a5a5a5a5a5a5a5a 5a5a5a5a5a5a5a5a 5a5a5a5a5a5a5a5a 5a5a5a5a5a5a5a5a 5a5a5a5a5a5a5a5a 5a5a5a5a5a5a5a5a 5a5a5a5a5a5a5a5a 5a5a5a5a5a5a5a5a 5a5a5a5a5a5a5a5a 5a5a5a5a5a5a5a5a 5a5a5a5a5a5a5a5a 5a5a5a5a5a5a5a5a 5a5a5a5a5a5a5a5a 5a5a5a5a5a5a5a5a 5a5a5a5a5a5a5a5a 5a5a5a5a5a5a5a5a 5a5a5a5a5a5a5a5a 5a5a5a5a5a5a5a5a 5a5a5a5a5a5a5a5a 5a5a5a5a5a5a5a5a 5a5a5a5a5a5a5a5a 5a5a5a5a5a5a5a5a 5a5a5a5a5a5a5a5a 5a5a5a5a5a5a5a5a 5a5a5a5a5a5a5a5a 5a5a5a5a5a5a5a5a 5a5a5a5a5a5a5a5a 5a5a5a5a5a5a5a5a 5a5a5a5a5a5a5a5a 5a5a5a5a5a5a5a5a 5a5a5a5a5a5a5a5a 5a5a5a5a5a5a5a5a 5a5a5a5a5a5a5a5a 5a5a5a5a5a5a5a5a 5a5a5a5a5a5a5a5a 5a5a5a5a5a5a5a5a 5a5a5a5a5a5a5a5a 5a5a5a5a5a5a5a5a 5a5a5a5a5a5a5a5a 5a5a5a5a5a5a5a5a 5a5a5a5a5a5a5a5a 5a5a5a5a5a5a5a5a 5a5a5a5a5a5a5a5a 5a5a5a5a5a5a5a5a 5a5a5a5a5a5a5a5a 5a5a5a5a5a5a5a5a 5a5a5a5a5a5a5a5a 5a5a5a5a5a5a5a5a 5a5a5a5a5a5a5a5a 5a5a5a5a5a5a5a5a 5a5a5a5a5a5a5a5a 5a5a5a5a5a5a5a5a 5a5a5a5a5a5a5a5a 5a5a5a5a5a5a5a5a 5a5a5a5a5a5a5a5a 5a5a5a5a5a5a5a5a 5a5a5a5a5a5a5a5a 5a5a5a5a5a5a5a5a 5a5a5a5a5a5a5a5a 5a5a5a5a5a5a5a5a 5a5a5a5a5a5a5a5a 5a5a5a5a5a5a5a5a 5a5a5a5a5a5a5a5a 5a5a5a5a5a5a5a5a 5a5a5a5a5a5a5a5a 5a5a5a5a5a5a5a5a 5a5a5a5a5a5a5a5a 5a5a5a5a5a5a5a5a 5a5a5a5a5a5a5a5a 5a5a5a5a5a5a5a5a 5a5a5a5a5a5a5a5a 5a5a5a5a5a5a5a5a 5a5a5a5a5a5a5a5a 5a5a5a5a5a5a5a5a 5a5a5a5a5a5a5a5a 5a5a5a5a5a5a5a5a 5a5a5a5a5a5a5a5a 5a5a5a5a5a5a5a5a 5a5a5a5a5a5a5a5a 5a5a5a5a5a5a5a5a 5a5a5a5a5a5a5a5a 5a5a5a5a5a5a5a5a 5a5a5a5a5a5a5a5a 5a5a5a5a5a5a5a5a 5a5a5a5a5a5a5a5a 5a5a5a5a5a5a5a5a 5a5a5a5a5a5a5a5a 5a5a5a5a5a5a5a5a 5a5a5a5a5a5a5a5a 5a5a5a5a5a5a5a5a 5a5a5a5a5a5a5a5a 5a5a5a5a5a5a5a5a 5a5a5a5a5a5a5a5a 5a5a5a5a5a5a5a5a 5a5a5a5a5a5a5a5a 5a5a5a5a5a5a5a5a 5a5a5a5a5a5a5a5a 5a5a5a5a5a5a5a5a 5a5a5a5a5a5a5a5a 5a5a5a5a5a5a5a5a 5a5a5a5a5a5a5a5a 5a5a5a5a5a5a5a5a 5a5a5a5a5a5a5a5a 5a5a5a5a5a5a5a5a 5a5a5a5a5a5a5a5a 5a5a5a5a5a5a5a5a 5a5a5a5a5a5a5a5a 5a5a5a5a5a5a5a5a 5a5a5a5a5a5a5a5a 5a5a5a5a5a5a5a5a 5a5a5a5a5a5a5a5a 5a5a5a5a5a5a5a5a 5a5a5a5a5a5a5a5a 5a5a5a5a5a5a5a5a 5a5a5a5a5a5a5a5a 5a5a5a5a5a5a5a5a 5a5a5a5a5a5a5a5a 5a5a5a5a5a5a5a5a 5a5a5a5a5a5a5a5a 5a5a5a5a5a5a5a5a 5a5a5a5a5a5a5a5a 5a5a5a5a5a5a5a5a 5a5a5a5a5a5a5a5a 5a5a5a5a5a5a5a5a 5a5a5a5a5a5a5a5a 5a5a5a5a5a5a5a5a 5a5a5a5a5a5a5a5a 5a5a5a5a5a5a5a5a 5a5a5a5a5a5a5a5a 5a5a5a5a5a5a5a5a 5a5a5a5a5a5a5a5a 5a5a5a5a5a5a5a5a 5a5a5a5a5a5a5a5a 5a5a5a5a5a5a5a5a 5a5a5a5a5a5a5a5a 5a5a5a5a5a5a5a5a 5a5a5a5a5a5a5a5a 5a5a5a5a5a5a5a5a 5a5a5a5a5a5a5a5a 5a5a5a5a5a5a5a5a 5a5a5a5a5a5a5a5a 5a5a5a5a5a5a5a5a 5a5a5a5a5a5a5a5a 5a5a5a5a5a5a5a5a 5a5a5a5a5a5a5a5a 5a5a5a5a5a5a5a5a 5a5a5a5a5a5a5a5a 5a5a5a5a5a5a5a5a 5a5a5a5a5a5a5a5a 5a5a5a5a5a5a5a5a 5a5a5a5a5a5a5a5a 5a5a5a5a5a5a5a5a 5a5a5a5a5a5a5a5a 5a5a5a5a5a5a5a5a 5a5a5a5a5a5a5a5a 5a5a5a5a5a5a5a5a 5a5a5a5a5a5a5a5a 5a5a5a5a5a5a5a5a 5a5a5a5a5a5a5a5a 5a5a5a5a5a5a5a5a 5a5a5a5a5a5a5a5a 5a5a5a5a5a5a5a5a 5a5a5a5a5a5a5a5a 5a5a5a5a5a5a5a5a 5a5a5a5a5a5a5a5a 5a5a5a5a5a5a5a5a 5a5a5a5a5a5a5a5a 5a5a5a5a5a5a5a5a 5a5a5a5a5a5a5a5a 5a5a5a5a5a5a5a5a 5a5a5a5a5a5a5a5a 5a5a5a5a5a5a5a5a 5a5a5a5a5a5a5a5a 5a5a5a5a5a5a5a5a 5a5a5a5a5a5a5a5a 5a5a5a5a5a5a5a5a 5a5a5a5a5a5a5a5a 5a5a5a5a5a5a5a5a 5a5a5a5a5a5a5a5a 5a5a5a5a5a5a5a5a 5a5a5a5a5a5a5a5a 5a5a5a5a5a5a5a5a 5a5a5a5a5a5a5a5a 5a5a5a5a5a5a5a5a 5a5a5a5a5a5a5a5a 5a5a5a5a5a5a5a5a 5a5a5a5a5a5a5a5a 5a5a5a5a5a5a5a5a 5a5a5a5a5a5a5a5a 5a5a5a5a5a5a5a5a 5a5a5a5a5a5a5a5a 5a5a5a5a5a5a5a5a 5a5a5a5a5a5a5a5a 5a5a5a5a5a5a5a5a 5a5a5a5a5a5a5a5a 5a5a5a5a5a5a5a5a 5a5a5a5a5a5a5a5a 5a5a5a5a5a5a5a5a 5a5a5a5a5a5a5a5a 5a5a5a5a5a5a5a5a 5a5a5a5a5a5a5a5a 5a5a5a5a5a5a5a5a 5a5a5a5a5a5a5a5a 5a5a5a5a5a5a5a5a 5a5a5a5a5a5a5a5a 5a5a5a5a5a5a5a5a 5a5a5a5a5a5a5a5a 5a5a5a5a5a5a5a5a 5a5a5a5a5a5a5a5a 5a5a5a5a5a5a5a5a 5a5a5a5a5a5a5a5a 5a5a5a5a5a5a5a5a 5a5a5a5a5a5a5a5a 5a5a5a5a5a5a5a5a 5a5a5a5a5a5a5a5a 5a5a5a5a5a5a5a5a 5a5a5a5a5a5a5a5a 5a5a5a5a5a5a5a5a 5a5a5a5a5a5a5a5a 5a5a5a5a5a5a5a5a 5a5a5a5a5a5a5a5a 5a5a5a5a5a5a5a5a 5a5a5a5a5a5a5a5a 5a5a5a5a5a5a5a5a 5a5a5a5a5a5a5a5a 5a5a5a5a5a5a5a5a 5a5a5a5a5a5a5a5a 5a5a5a5a5a5a5a5a 5a5a5a5a5a5a5a5a 5a5a5a5a5a5a5a5a 5a5a5a5a5a5a5a5a 5a5a5a5a5a5a5a5a 5a5a5a5a5a5a5a5a 5a5a5a5a5a5a5a5a 5a5a5a5a5a5a5a5a 5a5a5a5a5a5a5a5a 5a5a5a5a5a5a5a5a 5a5a5a5a5a5a5a5a 5a5a5a5a5a5a5a5a 5a5a5a5a5a5a5a5a 5a5a5a5a5a5a5a5a 5a5a5a5a5a5a5a5a 5a5a5a5a5a5a5a5a 5a5a5a5a5a5a5a5a 5a5a5a5a5a5a5a5a 5a5a5a5a5a5a5a5a 5a5a5a5a5a5a5a5a 5a5a5a5a5a5a5a5a 5a5a5a5a5a5a5a5a 5a5a5a5a5a5a5a5a 5a5a5a5a5a5a5a5a 5a5a5a5a5a5a5a5a 5a5a5a5a5a5a5a5a 5a5a5a5a5a5a5a5a 5a5a5a5a5a5a5a5a 5a5a5a5a5a5a5a5a 5a5a5a5a5a5a5a5a 5a5a5a5a5a5a5a5a 5a5a5a5a5a5a5a5a 5a5a5a5a5a5a5a5a 5a5a5a5a5a5a5a5a 5a5a5a5a5a5a5a5a 5a5a5a5a5a5a5a5a 5a5a5a5a5a5a5a5a 5a5a5a5a5a5a5a5a 5a5a5a5a5a5a5a5a 5a5a5a5a5a5a5a5a 5a5a5a5a5a5a5a5a 5a5a5a5a5a5a5a5a 5a5a5a5a5a5a5a5a 5a5a5a5a5a5a5a5a 5a5a5a5a5a5a5a5a 5a5a5a5a5a5a5a5a 5a5a5a5a5a5a5a5a 5a5a5a5a5a5a5a5a 5a5a5a5a5a5a5a5a 5a5a5a5a5a5a5a5a 5a5a5a5a5a5a5a5a 5a5a5a5a5a5a5a5a 5a5a5a5a5a5a5a5a 5a5a5a5a5a5a5a5a 5a5a5a5a5a5a5a5a 5a5a5a5a5a5a5a5a 5a5a5a5a5a5a5a5a 5a5a5a5a5a5a5a5a 5a5a5a5a5a5a5a5a 5a5a5a5a5a5a5a5a 5a5a5a5a5a5a5a5a 5a5a5a5a5a5a5a5a 5a5a5a5a5a5a5a5a 5a5a5a5a5a5a5a5a 5a5a5a5a5a5a5a5a 5a5a5a5a5a5a5a5a 5a5a5a5a5a5a5a5a 5a5a5a5a5a5a5a5a 5a5a5a5a5a5a5a5a 5a5a5a5a5a5a5a5a 5a5a5a5a5a5a5a5a 5a5a5a5a5a5a5a5a 5a5a5a5a5a5a5a5a 5a5a5a5a5a5a5a5a 5a5a5a5a5a5a5a5a 5a5a5a5a5a5a5a5a 5a5a5a5a5a5a5a5a 5a5a5a5a5a5a5a5a 5a5a5a5a5a5a5a5a 5a5a5a5a5a5a5a5a 5a5a5a5a5a5a5a5a 5a5a5a5a5a5a5a5a 5a5a5a5a5a5a5a5a 5a5a5a5a5a5a5a5a 5a5a5a5a5a5a5a5a 5a5a5a5a5a5a5a5a 5a5a5a5a5a5a5a5a 5a5a5a5a5a5a5a5a 5a5a5a5a5a5a5a5a 5a5a5a5a5a5a5a5a 5a5a5a5a5a5a5a5a 5a5a5a5a5a5a5a5a 5a5a5a5a5a5a5a5a 5a5a5a5a5a5a5a5a 5a5a5a5a5a5a5a5a 5a5a5a5a5a5a5a5a 5a5a5a5a5a5a5a5a 5a5a5a5a5a5a5a5a 5a5a5a5a5a5a5a5a 5a5a5a5a5a5a5a5a 5a5a5a5a5a5a5a5a 5a5a5a5a5a5a5a5a 5a5a5a5a5a5a5a5a 5a5a5a5a5a5a5a5a 5a5a5a5a5a5a5a5a 5a5a5a5a5a5a5a5a 5a5a5a5a5a5a5a5a 5a5a5a5a5a5a5a5a 5a5a5a5a5a5a5a5a 5a5a5a5a5a5a5a5a 5a5a5a5a5a5a5a5a 5a5a5a5a5a5a5a5a 5a5a5a5a5a5a5a5a 5a5a5a5a5a5a5a5a 5a5a5a5a5a5a5a5a 5a5a5a5a5a5a5a5a 5a5a5a5a5a5a5a5a 5a5a5a5a5a5a5a5a 5a5a5a5a5a5a5a5a 5a5a5a5a5a5a5a5a 5a5a5a5a5a5a5a5a 5a5a5a5a5a5a5a5a 5a5a5a5a5a5a5a5a 5a5a5a5a5a5a5a5a 5a5a5a5a5a5a5a5a 5a5a5a5a5a5a5a5a 5a5a5a5a5a5a5a5a 5a5a5a5a5a5a5a5a 5a5a5a5a5a5a5a5a 5a5a5a5a5a5a5a5a 5a5a5a5a5a5a5a5a 5a5a5a5a5a5a5a5a 5a5a5a5a5a5a5a5a 5a5a5a5a5a5a5a5a 5a5a5a5a5a5a5a5a 5a5a5a5a5a5a5a5a 5a5a5a5a5a5a5a5a 5a5a5a5a5a5a5a5a 5a5a5a5a5a5a5a5a 5a5a5a5a5a5a5a5a 5a5a5a5a5a5a5a5a 5a5a5a5a5a5a5a5a 5a5a5a5a5a5a5a5a 5a5a5a5a5a5a5a5a 5a5a5a5a5a5a5a5a 5a5a5a5a5a5a5a5a 5a5a5a5a5a5a5a5a 5a5a5a5a5a5a5a5a 5a5a5a5a5a5a5a5a 5a5a5a5a5a5a5a5a 5a5a5a5a5a5a5a5a 5a5a5a5a5a5a5a5a 5a5a5a5a5a5a5a5a 5a5a5a5a5a5a5a5a 5a5a5a5a5a5a5a5a 5a5a5a5a5a5a5a5a 5a5a5a5a5a5a5a5a 5a5a5a5a5a5a5a5a 5a5a5a5a5a5a5a5a 5a5a5a5a5a5a5a5a 5a5a5a5a5a5a5a5a 5a5a5a5a5a5a5a5a 5a5a5a5a5a5a5a5a 5a5a5a5a5a5a5a5a 5a5a5a5a5a5a5a5a 5a5a5a5a5a5a5a5a 5a5a5a5a5a5a5a5a 5a5a5a5a5a5a5a5a 5a5a5a5a5a5a5a5a 5a5a5a5a5a5a5a5a 5a5a5a5a5a5a5a5a 5a5a5a5a5a5a5a5a 5a5a5a5a5a5a5a5a 5a5a5a5a5a5a5a5a 5a5a5a5a5a5a5a5a 5a5a5a5a5a5a5a5a 5a5a5a5a5a5a5a5a 5a5a5a5a5a5a5a5a 5a5a5a5a5a5a5a5a 5a5a5a5a5a5a5a5a 5a5a5a5a5a5a5a5a 5a5a5a5a5a5a5a5a 5a5a5a5a5a5a5a5a 5a5a5a5a5a5a5a5a 5a5a5a5a5a5a5a5a 5a5a5a5a5a5a5a5a 5a5a5a5a5a5a5a5a 5a5a5a5a5a5a5a5a 5a5a5a5a5a5a5a5a 5a5a5a5a5a5a5a5a 5a5a5a5a5a5a5a5a 5a5a5a5a5a5a5a5a 5a5a5a5a5a5a5a5a 5a5a5a5a5a5a5a5a 5a5a5a5a5a5a5a5a 5a5a5a5a5a5a5a5a 5a5a5a5a5a5a5a5a 5a5a5a5a5a5a5a5a 5a5a5a5a5a5a5a5a 5a5a5a5a5a5a5a5a 5a5a5a5a5a5a5a5a 5a5a5a5a5a5a5a5a 5a5a5a5a5a5a5a5a 5a5a5a5a5a5a5a5a 5a5a5a5a5a5a5a5a 5a5a5a5a5a5a5a5a 5a5a5a5a5a5a5a5a 5a5a5a5a5a5a5a5a 5a5a5a5a5a5a5a5a 5a5a5a5a5a5a5a5a 5a5a5a5a5a5a5a5a 5a5a5a5a5a5a5a5a 5a5a5a5a5a5a5a5a 5a5a5a5a5a5a5a5a 5a5a5a5a5a5a5a5a 5a5a5a5a5a5a5a5a 5a5a5a5a5a5a5a5a 5a5a5a5a5a5a5a5a 5a5a5a5a5a5a5a5a 5a5a5a5a5a5a5a5a 5a5a5a5a5a5a5a5a 5a5a5a5a5a5a5a5a 5a5a5a5a5a5a5a5a 5a5a5a5a5a5a5a5a 5a5a5a5a5a5a5a5a 5a5a5a5a5a5a5a5a 5a5a5a5a5a5a5a5a 5a5a5a5a5a5a5a5a 5a5a5a5a5a5a5a5a 5a5a5a5a5a5a5a5a 5a5a5a5a5a5a5a5a 5a5a5a5a5a5a5a5a 5a5a5a5a5a5a5a5a 5a5a5a5a5a5a5a5a 5a5a5a5a5a5a5a5a 5a5a5a5a5a5a5a5a 5a5a5a5a5a5a5a5a 5a5a5a5a5a5a5a5a 5a5a5a5a5a5a5a5a 5a5a5a5a5a5a5a5a 5a5a5a5a5a5a5a5a 5a5a5a5a5a5a5a5a 5a5a5a5a5a5a5a5a 5a5a5a5a5a5a5a5a 5a5a5a5a5a5a5a5a 5a5a5a5a5a5a5a5a 5a5a5a5a5a5a5a5a 5a5a5a5a5a5a5a5a 5a5a5a5a5a5a5a5a 5a5a5a5a5a5a5a5a 5a5a5a5a5a5a5a5a 5a5a5a5a5a5a5a5a 5a5a5a5a5a5a5a5a 5a5a5a5a5a5a5a5a 5a5a5a5a5a5a5a5a 5a5a5a5a5a5a5a5a 5a5a5a5a5a5a5a5a 5a5a5a5a5a5a5a5a 5a5a5a5a5a5a5a5a 5a5a5a5a5a5a5a5a 5a5a5a5a5a5a5a5a 5a5a5a5a5a5a5a5a 5a5a5a5a5a5a5a5a 5a5a5a5a5a5a5a5a 5a5a5a5a5a5a5a5a 5a5a5a5a5a5a5a5a 5a5a5a5a5a5a5a5a 5a5a5a5a5a5a5a5a 5a5a5a5a5a5a5a5a 5a5a5a5a5a5a5a5a 5a5a5a5a5a5a5a5a 5a5a5a5a5a5a5a5a 5a5a5a5a5a5a5a5a 5a5a5a5a5a5a5a5a 5a5a5a5a5a5a5a5a 5a5a5a5a5a5a5a5a 5a5a5a5a5a5a5a5a 5a5a5a5a5a5a5a5a 5a5a5a5a5a5a5a5a 5a5a5a5a5a5a5a5a 5a5a5a5a5a5a5a5a 5a5a5a5a5a5a5a5a 5a5a5a5a5a5a5a5a 5a5a5a5a5a5a5a5a 5a5a5a5a5a5a5a5a 5a5a5a5a5a5a5a5a 5a5a5a5a5a5a5a5a 5a5a5a5a5a5a5a5a 5a5a5a5a5a5a5a5a 5a5a5a5a5a5a5a5a 5a5a5a5a5a5a5a5a 5a5a5a5a5a5a5a5a 5a5a5a5a5a5a5a5a 5a5a5a5a5a5a5a5a 5a5a5a5a5a5a5a5a 5a5a5a5a5a5a5a5a 5a5a5a5a5a5a5a5a 5a5a5a5a5a5a5a5a 5a5a5a5a5a5a5a5a 5a5a5a5a5a5a5a5a 5a5a5a5a5a5a5a5a 5a5a5a5a5a5a5a5a 5a5a5a5a5a5a5a5a 5a5a5a5a5a5a5a5a 5a5a5a5a5a5a5a5a 5a5a5a5a5a5a5a5a 5a5a5a5a5a5a5a5a 5a5a5a5a5a5a5a5a 5a5a5a5a5a5a5a5a 5a5a5a5a5a5a5a5a 5a5a5a5a5a5a5a5a 5a5a5a5a5a5a5a5a 5a5a5a5a5a5a5a5a 5a5a5a5a5a5a5a5a 5a5a5a5a5a5a5a5a 5a5a5a5a5a5a5a5a 5a5a5a5a5a5a5a5a 5a5a5a5a5a5a5a5a 5a5a5a5a5a5a5a5a 5a5a5a5a5a5a5a5a 5a5a5a5a5a5a5a5a 5a5a5a5a5a5a5a5a 5a5a5a5a5a5a5a5a 5a5a5a5a5a5a5a5a 5a5a5a5a5a5a5a5a 5a5a5a5a5a5a5a5a 5a5a5a5a5a5a5a5a 5a5a5a5a5a5a5a5a 5a5a5a5a5a5a5a5a 5a5a5a5a5a5a5a5a 5a5a5a5a5a5a5a5a 5a5a5a5a5a5a5a5a 5a5a5a5a5a5a5a5a 5a5a5a5a5a5a5a5a 5a5a5a5a5a5a5a5a 5a5a5a5a5a5a5a5a 5a5a5a5a5a5a5a5a 5a5a5a5a5a5a5a5a 5a5a5a5a5a5a5a5a 5a5a5a5a5a5a5a5a 5a5a5a5a5a5a5a5a 5a5a5a5a5a5a5a5a 5a5a5a5a5a5a5a5a 5a5a5a5a5a5a5a5a 5a5a5a5a5a5a5a5a 5a5a5a5a5a5a5a5a 5a5a5a5a5a5a5a5a 5a5a5a5a5a5a5a5a 5a5a5a5a5a5a5a5a 5a5a5a5a5a5a5a5a 5a5a5a5a5a5a5a5a 5a5a5a5a5a5a5a5a 5a5a5a5a5a5a5a5a 5a5a5a5a5a5a5a5a 5a5a5a5a5a5a5a5a 5a5a5a5a5a5a5a5a 5a5a5a5a5a5a5a5a 5a5a5a5a5a5a5a5a 5a5a5a5a5a5a5a5a 5a5a5a5a5a5a5a5a 5a5a5a5a5a5a5a5a 5a5a5a5a5a5a5a5a 5a5a5a5a5a5a5a5a 5a5a5a5a5a5a5a5a 5a5a5a5a5a5a5a5a 5a5a5a5a5a5a5a5a 5a5a5a5a5a5a5a5a 5a5a5a5a5a5a5a5a 5a5a5a5a5a5a5a5a 5a5a5a5a5a5a5a5a 5a5a5a5a5a5a5a5a 5a5a5a5a5a5a5a5a 5a5a5a5a5a5a5a5a 5a5a5a5a5a5a5a5a 5a5a5a5a5a5a5a5a 5a5a5a5a5a5a5a5a 5a5a5a5a5a5a5a5a 5a5a5a5a5a5a5a5a 5a5a5a5a5a5a5a5a 5a5a5a5a5a5a5a5a 5a5a5a5a5a5a5a5a 5a5a5a5a5a5a5a5a 5a5a5a5a5a5a5a5a 5a5a5a5a5a5a5a5a 5a5a5a5a5a5a5a5a 5a5a5a5a5a5a5a5a 5a5a5a5a5a5a5a5a 5a5a5a5a5a5a5a5a 5a5a5a5a5a5a5a5a 5a5a5a5a5a5a5a5a 5a5a5a5a5a5a5a5a 5a5a5a5a5a5a5a5a 5a5a5a5a5a5a5a5a 5a5a5a5a5a5a5a5a 5a5a5a5a5a5a5a5a 5a5a5a5a5a5a5a5a 5a5a5a5a5a5a5a5a 5a5a5a5a5a5a5a5a 5a5a5a5a5a5a5a5a 5a5a5a5a5a5a5a5a 5a5a5a5a5a5a5a5a 5a5a5a5a5a5a5a5a 5a5a5a5a5a5a5a5a 5a5a5a5a5a5a5a5a 5a5a5a5a5a5a5a5a 5a5a5a5a5a5a5a5a 5a5a5a5a5a5a5a5a 5a5a5a5a5a5a5a5a 5a5a5a5a5a5a5a5a 5a5a5a5a5a5a5a5a 5a5a5a5a5a5a5a5a 5a5a5a5a5a5a5a5a 5a5a5a5a5a5a5a5a 5a5a5a5a5a5a5a5a 5a5a5a5a5a5a5a5a 5a5a5a5a5a5a5a5a 5a5a5a5a5a5a5a5a 5a5a5a5a5a5a5a5a 5a5a5a5a5a5a5a5a 5a5a5a5a5a5a5a5a 5a5a5a5a5a5a5a5a 5a5a5a5a5a5a5a5a 5a5a5a5a5a5a5a5a 5a5a5a5a5a5a5a5a 5a5a5a5a5a5a5a5a 5a5a5a5a5a5a5a5a 5a5a5a5a5a5a5a5a 5a5a5a5a5a5a5a5a 5a5a5a5a5a5a5a5a 5a5a5a5a5a5a5a5a 5a5a5a5a5a5a5a5a 5a5a5a5a5a5a5a5a 5a5a5a5a5a5a5a5a 5a5a5a5a5a5a5a5a 5a5a5a5a5a5a5a5a 5a5a5a5a5a5a5a5a 5a5a5a5a5a5a5a5a 5a5a5a5a5a5a5a5a 5a5a5a5a5a5a5a5a 5a5a5a5a5a5a5a5a 5a5a5a5a5a5a5a5a 5a5a5a5a5a5a5a5a 5a5a5a5a5a5a5a5a 5a5a5a5a5a5a5a5a 5a5a5a5a5a5a5a5a 5a5a5a5a5a5a5a5a 5a5a5a5a5a5a5a5a 5a5a5a5a5a5a5a5a 5a5a5a5a5a5a5a5a 5a5a5a5a5a5a5a5a 5a5a5a5a5a5a5a5a 5a5a5a5a5a5a5a5a 5a5a5a5a5a5a5a5a 5a5a5a5a5a5a5a5a 5a5a5a5a5a5a5a5a 5a5a5a5a5a5a5a5a 5a5a5a5a5a5a5a5a 5a5a5a5a5a5a5a5a 5a5a5a5a5a5a5a5a 5a5a5a5a5a5a5a5a 5a5a5a5a5a5a5a5a 5a5a5a5a5a5a5a5a 5a5a5a5a5a5a5a5a 5a5a5a5a5a5a5a5a 5a5a5a5a5a5a5a5a 5a5a5a5a5a5a5a5a 5a5a5a5a5a5a5a5a 5a5a5a5a5a5a5a5a 5a5a5a5a5a5a5a5a 5a5a5a5a5a5a5a5a 5a5a5a5a5a5a5a5a 5a5a5a5a5a5a5a5a 5a5a5a5a5a5a5a5a 5a5a5a5a5a5a5a5a 5a5a5a5a5a5a5a5a 5a5a5a5a5a5a5a5a 5a5a5a5a5a5a5a5a 5a5a5a5a5a5a5a5a 5a5a5a5a5a5a5a5a 5a5a5a5a5a5a5a5a 5a5a5a5a5a5a5a5a 5a5a5a5a5a5a5a5a 5a5a5a5a5a5a5a5a 5a5a5a5a5a5a5a5a 5a5a5a5a5a5a5a5a 5a5a5a5a5a5a5a5a 5a5a5a5a5a5a5a5a 5a5a5a5a5a5a5a5a 5a5a5a5a5a5a5a5a 5a5a5a5a5a5a5a5a 5a5a5a5a5a5a5a5a 5a5a5a5a5a5a5a5a 5a5a5a5a5a5a5a5a 5a5a5a5a5a5a5a5a 5a5a5a5a5a5a5a5a 5a5a5a5a5a5a5a5a 5a5a5a5a5a5a5a5a 5a5a5a5a5a5a5a5a 5a5a5a5a5a5a5a5a 5a5a5a5a5a5a5a5a 5a5a5a5a5a5a5a5a 5a5a5a5a5a5a5a5a 5a5a5a5a5a5a5a5a 5a5a5a5a5a5a5a5a 5a5a5a5a5a5a5a5a 5a5a5a5a5a5a5a5a 5a5a5a5a5a5a5a5a 5a5a5a5a5a5a5a5a 5a5a5a5a5a5a5a5a 5a5a5a5a5a5a5a5a 5a5a5a5a5a5a5a5a 5a5a5a5a5a5a5a5a 5a5a5a5a5a5a5a5a 5a5a5a5a5a5a5a5a 5a5a5a5a5a5a5a5a 5a5a5a5a5a5a5a5a 5a5a5a5a5a5a5a5a 5a5a5a5a5a5a5a5a 5a5a5a5a5a5a5a5a 5a5a5a5a5a5a5a5a 5a5a5a5a5a5a5a5a 5a5a5a5a5a5a5a5a 5a5a5a5a5a5a5a5a 5a5a5a5a5a5a5a5a 5a5a5a5a5a5a5a5a 5a5a5a5a5a5a5a5a 5a5a5a5a5a5a5a5a 5a5a5a5a5a5a5a5a 5a5a5a5a5a5a5a5a 5a5a5a5a5a5a5a5a 5a5a5a5a5a5a5a5a 5a5a5a5a5a5a5a5a 5a5a5a5a5a5a5a5a 5a5a5a5a5a5a5a5a 5a5a5a5a5a5a5a5a 5a5a5a5a5a5a5a5a 5a5a5a5a5a5a5a5a 5a5a5a5a5a5a5a5a 5a5a5a5a5a5a5a5a 5a5a5a5a5a5a5a5a 5a5a5a5a5a5a5a5a 5a5a5a5a5a5a5a5a 5a5a5a5a5a5a5a5a 5a5a5a5a5a5a5a5a 5a5a5a5a5a5a5a5a 5a5a5a5a5a5a5a5a 5a5a5a5a5a5a5a5a 5a5a5a5a5a5a5a5a 5a5a5a5a5a5a5a5a 5a5a5a5a5a5a5a5a 5a5a5a5a5a5a5a5a 5a5a5a5a5a5a5a5a 5a5a5a5a5a5a5a5a 5a5a5a5a5a5a5a5a 5a5a5a5a5a5a5a5a 5a5a5a5a5a5a5a5a 5a5a5a5a5a5a5a5a 5a5a5a5a5a5a5a5a 5a5a5a5a5a5a5a5a 5a5a5a5a5a5a5a5a 5a5a5a5a5a5a5a5a 5a5a5a5a5a5a5a5a 5a5a5a5a5a5a5a5a 5a5a5a5a5a5a5a5a 5a5a5a5a5a5a5a5a 5a5a5a5a5a5a5a5a 5a5a5a5a5a5a5a5a 5a5a5a5a5a5a5a5a 5a5a5a5a5a5a5a5a 5a5a5a5a5a5a5a5a 5a5a5a5a5a5a5a5a 5a5a5a5a5a5a5a5a 5a5a5a5a5a5a5a5a 5a5a5a5a5a5a5a5a 5a5a5a5a5a5a5a5a 5a5a5a5a5a5a5a5a 5a5a5a5a5a5a5a5a 5a5a5a5a5a5a5a5a 5a5a5a5a5a5a5a5a 5a5a5a5a5a5a5a5a 5a5a5a5a5a5a5a5a 5a5a5a5a5a5a5a5a 5a5a5a5a5a5a5a5a 5a5a5a5a5a5a5a5a 5a5a5a5a5a5a5a5a 5a5a5a5a5a5a5a5a 5a5a5a5a5a5a5a5a 5a5a5a5a5a5a5a5a 5a5a5a5a5a5a5a5a 5a5a5a5a5a5a5a5a 5a5a5a5a5a5a5a5a 5a5a5a5a5a5a5a5a 5a5a5a5a5a5a5a5a 5a5a5a5a5a5a5a5a 5a5a5a5a5a5a5a5a 5a5a5a5a5a5a5a5a 5a5a5a5a5a5a5a5a 5a5a5a5a5a5a5a5a 5a5a5a5a5a5a5a5a 5a5a5a5a5a5a5a5a 5a5a5a5a5a5a5a5a 5a5a5a5a5a5a5a5a 5a5a5a5a5a5a5a5a 5a5a5a5a5a5a5a5a 5a5a5a5a5a5a5a5a 5a5a5a5a5a5a5a5a 5a5a5a5a5a5a5a5a 5a5a5a5a5a5a5a5a 5a5a5a5a5a5a5a5a 5a5a5a5a5a5a5a5a 5a5a5a5a5a5a5a5a 5a5a5a5a5a5a5a5a 5a5a5a5a5a5a5a5a 5a5a5a5a5a5a5a5a 5a5a5a5a5a5a5a5a 5a5a5a5a5a5a5a5a 5a5a5a5a5a5a5a5a 5a5a5a5a5a5a5a5a 5a5a5a5a5a5a5a5a 5a5a5a5a5a5a5a5a 5a5a5a5a5a5a5a5a 5a5a5a5a5a5a5a5a 5a5a5a5a5a5a5a5a 5a5a5a5a5a5a5a5a 5a5a5a5a5a5a5a5a 5a5a5a5a5a5a5a5a 5a5a5a5a5a5a5a5a 5a5a5a5a5a5a5a5a 5a5a5a5a5a5a5a5a 5a5a5a5a5a5a5a5a 5a5a5a5a5a5a5a5a 5a5a5a5a5a5a5a5a 5a5a5a5a5a5a5a5a 5a5a5a5a5a5a5a5a 5a5a5a5a5a5a5a5a 5a5a5a5a5a5a5a5a 5a5a5a5a5a5a5a5a 5a5a5a5a5a5a5a5a 5a5a5a5a5a5a5a5a 5a5a5a5a5a5a5a5a 5a5a5a5a5a5a5a5a 5a5a5a5a5a5a5a5a 5a5a5a5a5a5a5a5a 5a5a5a5a5a5a5a5a 5a5a5a5a5a5a5a5a 5a5a5a5a5a5a5a5a 5a5a5a5a5a5a5a5a 5a5a5a5a5a5a5a5a 5a5a5a5a5a5a5a5a 5a5a5a5a5a5a5a5a 5a5a5a5a5a5a5a5a 5a5a5a5a5a5a5a5a 5a5a5a5a5a5a5a5a 5a5a5a5a5a5a5a5a 5a5a5a5a5a5a5a5a 5a5a5a5a5a5a5a5a 5a5a5a5a5a5a5a5a 5a5a5a5a5a5a5a5a 5a5a5a5a5a5a5a5a 5a5a5a5a5a5a5a5a 5a5a5a5a5a5a5a5a 5a5a5a5a5a5a5a5a 5a5a5a5a5a5a5a5a 5a5a5a5a5a5a5a5a 5a5a5a5a5a5a5a5a 5a5a5a5a5a5a5a5a 5a5a5a5a5a5a5a5a 5a5a5a5a5a5a5a5a 5a5a5a5a5a5a5a5a 5a5a5a5a5a5a5a5a 5a5a5a5a5a5a5a5a 5a5a5a5a5a5a5a5a 5a5a5a5a5a5a5a5a 5a5a5a5a5a5a5a5a 5a5a5a5a5a5a5a5a 5a5a5a5a5a5a5a5a 5a5a5a5a5a5a5a5a 5a5a5a5a5a5a5a5a 5a5a5a5a5a5a5a5a 5a5a5a5a5a5a5a5a 5a5a5a5a5a5a5a5a 5a5a5a5a5a5a5a5a 5a5a5a5a5a5a5a5a 5a5a5a5a5a5a5a5a 5a5a5a5a5a5a5a5a 5a5a5a5a5a5a5a5a 5a5a5a5a5a5a5a5a 5a5a5a5a5a5a5a5a 5a5a5a5a5a5a5a5a 5a5a5a5a5a5a5a5a 5a5a5a5a5a5a5a5a 5a5a5a5a5a5a5a5a 5a5a5a5a5a5a5a5a 5a5a5a5a5a5a5a5a 5a5a5a5a5a5a5a5a 5a5a5a5a5a5a5a5a 5a5a5a5a5a5a5a5a 5a5a5a5a5a5a5a5a 5a5a5a5a5a5a5a5a 5a5a5a5a5a5a5a5a 5a5a5a5a5a5a5a5a 5a5a5a5a5a5a5a5a 5a5a5a5a5a5a5a5a 5a5a5a5a5a5a5a5a 5a5a5a5a5a5a5a5a 5a5a5a5a5a5a5a5a 5a5a5a5a5a5a5a5a 5a5a5a5a5a5a5a5a 5a5a5a5a5a5a5a5a 5a5a5a5a5a5a5a5a 5a5a5a5a5a5a5a5a 5a5a5a5a5a5a5a5a 5a5a5a5a5a5a5a5a 5a5a5a5a5a5a5a5a 5a5a5a5a5a5a5a5a 5a5a5a5a5a5a5a5a 5a5a5a5a5a5a5a5a 5a5a5a5a5a5a5a5a 5a5a5a5a5a5a5a5a 5a5a5a5a5a5a5a5a 5a5a5a5a5a5a5a5a 5a5a5a5a5a5a5a5a 5a5a5a5a5a5a5a5a 5a5a5a5a5a5a5a5a 5a5a5a5a5a5a5a5a 5a5a5a5a5a5a5a5a 5a5a5a5a5a5a5a5a 5a5a5a5a5a5a5a5a 5a5a5a5a5a5a5a5a 5a5a5a5a5a5a5a5a 5a5a5a5a5a5a5a5a 5a5a5a5a5a5a5a5a 5a5a5a5a5a5a5a5a 5a5a5a5a5a5a5a5a 5a5a5a5a5a5a5a5a 5a5a5a5a5a5a5a5a 5a5a5a5a5a5a5a5a 5a5a5a5a5a5a5a5a 5a5a5a5a5a5a5a5a 5a5a5a5a5a5a5a5a 5a5a5a5a5a5a5a5a 5a5a5a5a5a5a5a5a 5a5a5a5a5a5a5a5a 5a5a5a5a5a5a5a5a 5a5a5a5a5a5a5a5a 5a5a5a5a5a5a5a5a 5a5a5a5a5a5a5a5a 5a5a5a5a5a5a5a5a 5a5a5a5a5a5a5a5a 5a5a5a5a5a5a5a5a 5a5a5a5a5a5a5a5a 5a5a5a5a5a5a5a5a 5a5a5a5a5a5a5a5a 5a5a5a5a5a5a5a5a 5a5a5a5a5a5a5a5a 5a5a5a5a5a5a5a5a 5a5a5a5a5a5a5a5a 5a5a5a5a5a5a5a5a 5a5a5a5a5a5a5a5a 5a5a5a5a5a5a5a5a 5a5a5a5a5a5a5a5a 5a5a5a5a5a5a5a5a 5a5a5a5a5a5a5a5a 5a5a5a5a5a5a5a5a 5a5a5a5a5a5a5a5a 5a5a5a5a5a5a5a5a 5a5a5a5a5a5a5a5a 5a5a5a5a5a5a5a5a 5a5a5a5a5a5a5a5a 5a5a5a5a5a5a5a5a 5a5a5a5a5a5a5a5a 5a5a5a5a5a5a5a5a 5a5a5a5a5a5a5a5a 5a5a5a5a5a5a5a5a 5a5a5a5a5a5a5a5a 5a5a5a5a5a5a5a5a 5a5a5a5a5a5a5a5a 5a5a5a5a5a5a5a5a 5a5a5a5a5a5a5a5a 5a5a5a5a5a5a5a5a 5a5a5a5a5a5a5a5a 5a5a5a5a5a5a5a5a 5a5a5a5a5a5a5a5a 5a5a5a5a5a5a5a5a 5a5a5a5a5a5a5a5a 5a5a5a5a5a5a5a5a 5a5a5a5a5a5a5a5a 5a5a5a5a5a5a5a5a 5a5a5a5a5a5a5a5a 5a5a5a5a5a5a5a5a 5a5a5a5a5a5a5a5a 5a5a5a5a5a5a5a5a 5a5a5a5a5a5a5a5a 5a5a5a5a5a5a5a5a 5a5a5a5a5a5a5a5a 5a5a5a5a5a5a5a5a 5a5a5a5a5a5a5a5a 5a5a5a5a5a5a5a5a 5a5a5a5a5a5a5a5a 5a5a5a5a5a5a5a5a 5a5a5a5a5a5a5a5a 5a5a5a5a5a5a5a5a 5a5a5a5a5a5a5a5a 5a5a5a5a5a5a5a5a 5a5a5a5a5a5a5a5a 5a5a5a5a5a5a5a5a 5a5a5a5a5a5a5a5a 5a5a5a5a5a5a5a5a 5a5a5a5a5a5a5a5a 5a5a5a5a5a5a5a5a 5a5a5a5a5a5a5a5a 5a5a5a5a5a5a5a5a 5a5a5a5a5a5a5a5a 5a5a5a5a5a5a5a5a 5a5a5a5a5a5a5a5a 5a5a5a5a5a5a5a5a 5a5a5a5a5a5a5a5a 5a5a5a5a5a5a5a5a 5a5a5a5a5a5a5a5a 5a5a5a5a5a5a5a5a 5a5a5a5a5a5a5a5a 5a5a5a5a5a5a5a5a 5a5a5a5a5a5a5a5a 5a5a5a5a5a5a5a5a 5a5a5a5a5a5a5a5a 5a5a5a5a5a5a5a5a 5a5a5a5a5a5a5a5a 5a5a5a5a5a5a5a5a 5a5a5a5a5a5a5a5a 5a5a5a5a5a5a5a5a 5a5a5a5a5a5a5a5a 5a5a5a5a5a5a5a5a 5a5a5a5a5a5a5a5a 5a5a5a5a5a5a5a5a 5a5a5a5a5a5a5a5a 5a5a5a5a5a5a5a5a 5a5a5a5a5a5a5a5a 5a5a5a5a5a5a5a5a 5a5a5a5a5a5a5a5a 5a5a5a5a5a5a5a5a 5a5a5a5a5a5a5a5a 5a5a5a5a5a5a5a5a 5a5a5a5a5a5a5a5a 5a5a5a5a5a5a5a5a 5a5a5a5a5a5a5a5a 5a5a5a5a5a5a5a5a 5a5a5a5a5a5a5a5a 5a5a5a5a5a5a5a5a 5a5a5a5a5a5a5a5a 5a5a5a5a5a5a5a5a 5a5a5a5a5a5a5a5a 5a5a5a5a5a5a5a5a 5a5a5a5a5a5a5a5a 5a5a5a5a5a5a5a5a 5a5a5a5a5a5a5a5a 5a5a5a5a5a5a5a5a 5a5a5a5a5a5a5a5a 5a5a5a5a5a5a5a5a 5a5a5a5a5a5a5a5a 5a5a5a5a5a5a5a5a 5a5a5a5a5a5a5a5a 5a5a5a5a5a5a5a5a 5a5a5a5a5a5a5a5a 5a5a5a5a5a5a5a5a 5a5a5a5a5a5a5a5a 5a5a5a5a5a5a5a5a 5a5a5a5a5a5a5a5a 5a5a5a5a5a5a5a5a 5a5a5a5a5a5a5a5a 5a5a5a5a5a5a5a5a 5a5a5a5a5a5a5a5a 5a5a5a5a5a5a5a5a 5a5a5a5a5a5a5a5a 5a5a5a5a5a5a5a5a 5a5a5a5a5a5a5a5a 5a5a5a5a5a5a5a5a 5a5a5a5a5a5a5a5a 5a5a5a5a5a5a5a5a 5a5a5a5a5a5a5a5a 5a5a5a5a5a5a5a5a 5a5a5a5a5a5a5a5a 5a5a5a5a5a5a5a5a 5a5a5a5a5a5a5a5a 5a5a5a5a5a5a5a5a 5a5a5a5a5a5a5a5a 5a5a5a5a5a5a5a5a 5a5a5a5a5a5a5a5a 5a5a5a5a5a5a5a5a 5a5a5a5a5a5a5a5a 5a5a5a5a5a5a5a5a 5a5a5a5a5a5a5a5a 5a5a5a5a5a5a5a5a 5a5a5a5a5a5a5a5a 5a5a5a5a5a5a5a5a 5a5a5a5a5a5a5a5a 5a5a5a5a5a5a5a5a 5a5a5a5a5a5a5a5a 5a5a5a5a5a5a5a5a 5a5a5a5a5a5a5a5a 5a5a5a5a5a5a5a5a 5a5a5a5a5a5a5a5a 5a5a5a5a5a5a5a5a 5a5a5a5a5a5a5a5a 5a5a5a5a5a5a5a5a 5a5a5a5a5a5a5a5a 5a5a5a5a5a5a5a5a 5a5a5a5a5a5a5a5a 5a5a5a5a5a5a5a5a 5a5a5a5a5a5a5a5a 5a5a5a5a5a5a5a5a 5a5a5a5a5a5a5a5a 5a5a5a5a5a5a5a5a 5a5a5a5a5a5a5a5a 5a5a5a5a5a5a5a5a 5a5a5a5a5a5a5a5a 5a5a5a5a5a5a5a5a 5a5a5a5a5a5a5a5a 5a5a5a5a5a5a5a5a 5a5a5a5a5a5a5a5a 5a5a5a5a5a5a5a5a 5a5a5a5a5a5a5a5a 5a5a5a5a5a5a5a5a 5a5a5a5a5a5a5a5a 5a5a5a5a5a5a5a5a 5a5a5a5a5a5a5a5a 5a5a5a5a5a5a5a5a 5a5a5a5a5a5a5a5a 5a5a5a5a5a5a5a5a 5a5a5a5a5a5a5a5a 5a5a5a5a5a5a5a5a 5a5a5a5a5a5a5a5a 5a5a5a5a5a5a5a5a 5a5a5a5a5a5a5a5a 5a5a5a5a5a5a5a5a 5a5a5a5a5a5a5a5a 5a5a5a5a5a5a5a5a 5a5a5a5a5a5a5a5a 5a5a5a5a5a5a5a5a 5a5a5a5a5a5a5a5a 5a5a5a5a5a5a5a5a 5a5a5a5a5a5a5a5a 5a5a5a5a5a5a5a5a 5a5a5a5a5a5a5a5a 5a5a5a5a5a5a5a5a 5a5a5a5a5a5a5a5a 5a5a5a5a5a5a5a5a 5a5a5a5a5a5a5a5a 5a5a5a5a5a5a5a5a 5a5a5a5a5a5a5a5a 5a5a5a5a5a5a5a5a 5a5a5a5a5a5a5a5a 5a5a5a5a5a5a5a5a 5a5a5a5a5a5a5a5a 5a5a5a5a5a5a5a5a 5a5a5a5a5a5a5a5a 5a5a5a5a5a5a5a5a 5a5a5a5a5a5a5a5a 5a5a5a5a5a5a5a5a 5a5a5a5a5a5a5a5a 5a5a5a5a5a5a5a5a 5a5a5a5a5a5a5a5a 5a5a5a5a5a5a5a5a 5a5a5a5a5a5a5a5a 5a5a5a5a5a5a5a5a 5a5a5a5a5a5a5a5a 5a5a5a5a5a5a5a5a 5a5a5a5a5a5a5a5a 5a5a5a5a5a5a5a5a 5a5a5a5a5a5a5a5a 5a5a5a5a5a5a5a5a 5a5a5a5a5a5a5a5a 5a5a5a5a5a5a5a5a 5a5a5a5a5a5a5a5a 5a5a5a5a5a5a5a5a 5a5a5a5a5a5a5a5a 5a5a5a5a5a5a5a5a 5a5a5a5a5a5a5a5a 5a5a5a5a5a5a5a5a 5a5a5a5a5a5a5a5a 5a5a5a5a5a5a5a5a 5a5a5a5a5a5a5a5a 5a5a5a5a5a5a5a5a 5a5a5a5a5a5a5a5a 5a5a5a5a5a5a5a5a 5a5a5a5a5a5a5a5a 5a5a5a5a5a5a5a5a 5a5a5a5a5a5a5a5a 5a5a5a5a5a5a5a5a 5a5a5a5a5a5a5a5a 5a5a5a5a5a5a5a5a 5a5a5a5a5a5a5a5a 5a5a5a5a5a5a5a5a 5a5a5a5a5a5a5a5a 5a5a5a5a5a5a5a5a 5a5a5a5a5a5a5a5a 5a5a5a5a5a5a5a5a 5a5a5a5a5a5a5a5a 5a5a5a5a5a5a5a5a 5a5a5a5a5a5a5a5a 5a5a5a5a5a5a5a5a 5a5a5a5a5a5a5a5a 5a5a5a5a5a5a5a5a 5a5a5a5a5a5a5a5a 5a5a5a5a5a5a5a5a 5a5a5a5a5a5a5a5a 5a5a5a5a5a5a5a5a 5a5a5a5a5a5a5a5a 5a5a5a5a5a5a5a5a 5a5a5a5a5a5a5a5a 5a5a5a5a5a5a5a5a 5a5a5a5a5a5a5a5a 5a5a5a5a5a5a5a5a 5a5a5a5a5a5a5a5a 5a5a5a5a5a5a5a5a 5a5a5a5a5a5a5a5a 5a5a5a5a5a5a5a5a 5a5a5a5a5a5a5a5a 5a5a5a5a5a5a5a5a 5a5a5a5a5a5a5a5a 5a5a5a5a5a5a5a5a 5a5a5a5a5a5a5a5a 5a5a5a5a5a5a5a5a 5a5a5a5a5a5a5a5a 5a5a5a5a5a5a5a5a 5a5a5a5a5a5a5a5a 5a5a5a5a5a5a5a5a 5a5a5a5a5a5a5a5a 5a5a5a5a5a5a5a5a 5a5a5a5a5a5a5a5a 5a5a5a5a5a5a5a5a 5a5a5a5a5a5a5a5a 5a5a5a5a5a5a5a5a 5a5a5a5a5a5a5a5a 5a5a5a5a5a5a5a5a 5a5a5a5a5a5a5a5a 5a5a5a5a5a5a5a5a 5a5a5a5a5a5a5a5a 5a5a5a5a5a5a5a5a 5a5a5a5a5a5a5a5a 5a5a5a5a5a5a5a5a 5a5a5a5a5a5a5a5a 5a5a5a5a5a5a5a5a 5a5a5a5a5a5a5a5a 5a5a5a5a5a5a5a5a 5a5a5a5a5a5a5a5a 5a5a5a5a5a5a5a5a 5a5a5a5a5a5a5a5a 5a5a5a5a5a5a5a5a 5a5a5a5a5a5a5a5a 5a5a5a5a5a5a5a5a 5a5a5a5a5a5a5a5a 5a5a5a5a5a5a5a5a 5a5a5a5a5a5a5a5a 5a5a5a5a5a5a5a5a 5a5a5a5a5a5a5a5a 5a5a5a5a5a5a5a5a 5a5a5a5a5a5a5a5a 5a5a5a5a5a5a5a5a 5a5a5a5a5a5a5a5a 5a5a5a5a5a5a5a5a 5a5a5a5a5a5a5a5a 5a5a5a5a5a5a5a5a 5a5a5a5a5a5a5a5a 5a5a5a5a5a5a5a5a 5a5a5a5a5a5a5a5a 5a5a5a5a5a5a5a5a 5a5a5a5a5a5a5a5a 5a5a5a5a5a5a5a5a 5a5a5a5a5a5a5a5a 5a5a5a5a5a5a5a5a 5a5a5a5a5a5a5a5a 5a5a5a5a5a5a5a5a 5a5a5a5a5a5a5a5a 5a5a5a5a5a5a5a5a 5a5a5a5a5a5a5a5a 5a5a5a5a5a5a5a5a 5a5a5a5a5a5a5a5a 5a5a5a5a5a5a5a5a 5a5a5a5a5a5a5a5a 5a5a5a5a5a5a5a5a 5a5a5a5a5a5a5a5a 5a5a5a5a5a5a5a5a 5a5a5a5a5a5a5a5a 5a5a5a5a5a5a5a5a 5a5a5a5a5a5a5a5a 5a5a5a5a5a5a5a5a 5a5a5a5a5a5a5a5a 5a5a5a5a5a5a5a5a 5a5a5a5a5a5a5a5a 5a5a5a5a5a5a5a5a 5a5a5a5a5a5a5a5a 5a5a5a5a5a5a5a5a 5a5a5a5a5a5a5a5a 5a5a5a5a5a5a5a5a 5a5a5a5a5a5a5a5a 5a5a5a5a5a5a5a5a 5a5a5a5a5a5a5a5a 5a5a5a5a5a5a5a5a 5a5a5a5a5a5a5a5a 5a5a5a5a5a5a5a5a 5a5a5a5a5a5a5a5a 5a5a5a5a5a5a5a5a 5a5a5a5a5a5a5a5a 5a5a5a5a5a5a5a5a 5a5a5a5a5a5a5a5a 5a5a5a5a5a5a5a5a 5a5a5a5a5a5a5a5a 5a5a5a5a5a5a5a5a 5a5a5a5a5a5a5a5a 5a5a5a5a5a5a5a5a 5a5a5a5a5a5a5a5a 5a5a5a5a5a5a5a5a 5a5a5a5a5a5a5a5a 5a5a5a5a5a5a5a5a 5a5a5a5a5a5a5a5a 5a5a5a5a5a5a5a5a 5a5a5a5a5a5a5a5a 5a5a5a5a5a5a5a5a 5a5a5a5a5a5a5a5a 5a5a5a5a5a5a5a5a 5a5a5a5a5a5a5a5a 5a5a5a5a5a5a5a5a 5a5a5a5a5a5a5a5a 5a5a5a5a5a5a5a5a 5a5a5a5a5a5a5a5a 5a5a5a5a5a5a5a5a 5a5a5a5a5a5a5a5a 5a5a5a5a5a5a5a5a 5a5a5a5a5a5a5a5a 5a5a5a5a5a5a5a5a 5a5a5a5a5a5a5a5a 5a5a5a5a5a5a5a5a 5a5a5a5a5a5a5a5a 5a5a5a5a5a5a5a5a 5a5a5a5a5a5a5a5a 5a5a5a5a5a5a5a5a 5a5a5a5a5a5a5a5a 5a5a5a5a5a5a5a5a 5a5a5a5a5a5a5a5a 5a5a5a5a5a5a5a5a 5a5a5a5a5a5a5a5a 5a5a5a5a5a5a5a5a 5a5a5a5a5a5a5a5a 5a5a5a5a5a5a5a5a 5a5a5a5a5a5a5a5a 5a5a5a5a5a5a5a5a 5a5a5a5a5a5a5a5a 5a5a5a5a5a5a5a5a 5a5a5a5a5a5a5a5a 5a5a5a5a5a5a5a5a 5a5a5a5a5a5a5a5a 5a5a5a5a5a5a5a5a 5a5a5a5a5a5a5a5a 5a5a5a5a5a5a5a5a 5a5a5a5a5a5a5a5a 5a5a5a5a5a5a5a5a 5a5a5a5a5a5a5a5a 5a5a5a5a5a5a5a5a 5a5a5a5a5a5a5a5a 5a5a5a5a5a5a5a5a 5a5a5a5a5a5a5a5a 5a5a5a5a5a5a5a5a 5a5a5a5a5a5a5a5a 5a5a5a5a5a5a5a5a 5a5a5a5a5a5a5a5a 5a5a5a5a5a5a5a5a 5a5a5a5a5a5a5a5a 5a5a5a5a5a5a5a5a 5a5a5a5a5a5a5a5a 5a5a5a5a5a5a5a5a 5a5a5a5a5a5a5a5a 5a5a5a5a5a5a5a5a 5a5a5a5a5a5a5a5a 5a5a5a5a5a5a5a5a 5a5a5a5a5a5a5a5a 5a5a5a5a5a5a5a5a 5a5a5a5a5a5a5a5a 5a5a5a5a5a5a5a5a 5a5a5a5a5a5a5a5a 5a5a5a5a5a5a5a5a 5a5a5a5a5a5a5a5a 5a5a5a5a5a5a5a5a 5a5a5a5a5a5a5a5a 5a5a5a5a5a5a5a5a 5a5a5a5a5a5a5a5a 5a5a5a5a5a5a5a5a 5a5a5a5a5a5a5a5a 5a5a5a5a5a5a5a5a 5a5a5a5a5a5a5a5a 5a5a5a5a5a5a5a5a 5a5a5a5a5a5a5a5a 5a5a5a5a5a5a5a5a 5a5a5a5a5a5a5a5a 5a5a5a5a5a5a5a5a 5a5a5a5a5a5a5a5a 5a5a5a5a5a5a5a5a 5a5a5a5a5a5a5a5a 5a5a5a5a5a5a5a5a 5a5a5a5a5a5a5a5a 5a5a5a5a5a5a5a5a 5a5a5a5a5a5a5a5a 5a5a5a5a5a5a5a5a 5a5a5a5a5a5a5a5a 5a5a5a5a5a5a5a5a 5a5a5a5a5a5a5a5a 5a5a5a5a5a5a5a5a 5a5a5a5a5a5a5a5a 5a5a5a5a5a5a5a5a 5a5a5a5a5a5a5a5a 5a5a5a5a5a5a5a5a 5a5a5a5a5a5a5a5a 5a5a5a5a5a5a5a5a 5a5a5a5a5a5a5a5a 5a5a5a5a5a5a5a5a 5a5a5a5a5a5a5a5a 5a5a5a5a5a5a5a5a 5a5a5a5a5a5a5a5a 5a5a5a5a5a5a5a5a 5a5a5a5a5a5a5a5a 5a5a5a5a5a5a5a5a 5a5a5a5a5a5a5a5a 5a5a5a5a5a5a5a5a 5a5a5a5a5a5a5a5a 5a5a5a5a5a5a5a5a 5a5a5a5a5a5a5a5a 5a5a5a5a5a5a5a5a 5a5a5a5a5a5a5a5a 5a5a5a5a5a5a5a5a 5a5a5a5a5a5a5a5a 5a5a5a5a5a5a5a5a 5a5a5a5a5a5a5a5a 5a5a5a5a5a5a5a5a 5a5a5a5a5a5a5a5a 5a5a5a5a5a5a5a5a 5a5a5a5a5a5a5a5a 5a5a5a5a5a5a5a5a 5a5a5a5a5a5a5a5a 5a5a5a5a5a5a5a5a 5a5a5a5a5a5a5a5a 5a5a5a5a5a5a5a5a 5a5a5a5a5a5a5a5a 5a5a5a5a5a5a5a5a 5a5a5a5a5a5a5a5a 5a5a5a5a5a5a5a5a 5a5a5a5a5a5a5a5a 5a5a5a5a5a5a5a5a 5a5a5a5a5a5a5a5a 5a5a5a5a5a5a5a5a 5a5a5a5a5a5a5a5a 5a5a5a5a5a5a5a5a 5a5a5a5a5a5a5a5a 5a5a5a5a5a5a5a5a 5a5a5a5a5a5a5a5a 5a5a5a5a5a5a5a5a 5a5a5a5a5a5a5a5a 5a5a5a5a5a5a5a5a 5a5a5a5a5a5a5a5a 5a5a5a5a5a5a5a5a 5a5a5a5a5a5a5a5a 5a5a5a5a5a5a5a5a 5a5a5a5a5a5a5a5a 5a5a5a5a5a5a5a5a 5a5a5a5a5a5a5a5a 5a5a5a5a5a5a5a5a 5a5a5a5a5a5a5a5a 5a5a5a5a5a5a5a5a 5a5a5a5a5a5a5a5a 5a5a5a5a5a5a5a5a 5a5a5a5a5a5a5a5a 5a5a5a5a5a5a5a5a 5a5a5a5a5a5a5a5a 5a5a5a5a5a5a5a5a 5a5a5a5a5a5a5a5a 5a5a5a5a5a5a5a5a 5a5a5a5a5a5a5a5a 5a5a5a5a5a5a5a5a 5a5a5a5a5a5a5a5a 5a5a5a5a5a5a5a5a 5a5a5a5a5a5a5a5a 5a5a5a5a5a5a5a5a 5a5a5a5a5a5a5a5a 5a5a5a5a5a5a5a5a 5a5a5a5a5a5a5a5a 5a5a5a5a5a5a5a5a 5a5a5a5a5a5a5a5a 5a5a5a5a5a5a5a5a 5a5a5a5a5a5a5a5a 5a5a5a5a5a5a5a5a 5a5a5a5a5a5a5a5a 5a5a5a5a5a5a5a5a 5a5a5a5a5a5a5a5a 5a5a5a5a5a5a5a5a 5a5a5a5a5a5a5a5a 5a5a5a5a5a5a5a5a 5a5a5a5a5a5a5a5a 5a5a5a5a5a5a5a5a 5a5a5a5a5a5a5a5a 5a5a5a5a5a5a5a5a 5a5a5a5a5a5a5a5a 5a5a5a5a5a5a5a5a 5a5a5a5a5a5a5a5a 5a5a5a5a5a5a5a5a 5a5a5a5a5a5a5a5a 5a5a5a5a5a5a5a5a 5a5a5a5a5a5a5a5a 5a5a5a5a5a5a5a5a 5a5a5a5a5a5a5a5a 5a5a5a5a5a5a5a5a 5a5a5a5a5a5a5a5a 5a5a5a5a5a5a5a5a 5a5a5a5a5a5a5a5a 5a5a5a5a5a5a5a5a 5a5a5a5a5a5a5a5a 5a5a5a5a5a5a5a5a 5a5a5a5a5a5a5a5a 5a5a5a5a5a5a5a5a 5a5a5a5a5a5a5a5a 5a5a5a5a5a5a5a5a 5a5a5a5a5a5a5a5a 5a5a5a5a5a5a5a5a 5a5a5a5a5a5a5a5a 5a5a5a5a5a5a5a5a 5a5a5a5a5a5a5a5a 5a5a5a5a5a5a5a5a 5a5a5a5a5a5a5a5a 5a5a5a5a5a5a5a5a 5a5a5a5a5a5a5a5a 5a5a5a5a5a5a5a5a 5a5a5a5a5a5a5a5a 5a5a5a5a5a5a5a5a 5a5a5a5a5a5a5a5a 5a5a5a5a5a5a5a5a 5a5a5a5a5a5a5a5a 5a5a5a5a5a5a5a5a 5a5a5a5a5a5a5a5a 5a5a5a5a5a5a5a5a 5a5a5a5a5a5a5a5a 5a5a5a5a5a5a5a5a 5a5a5a5a5a5a5a5a 5a5a5a5a5a5a5a5a 5a5a5a5a5a5a5a5a 5a5a5a5a5a5a5a5a 5a5a5a5a5a5a5a5a 5a5a5a5a5a5a5a5a 5a5a5a5a5a5a5a5a 5a5a5a5a5a5a5a5a 5a5a5a5a5a5a5a5a 5a5a5a5a5a5a5a5a 5a5a5a5a5a5a5a5a 5a5a5a5a5a5a5a5a 5a5a5a5a5a5a5a5a 5a5a5a5a5a5a5a5a 5a5a5a5a5a5a5a5a 5a5a5a5a5a5a5a5a 5a5a5a5a5a5a5a5a 5a5a5a5a5a5a5a5a 5a5a5a5a5a5a5a5a 5a5a5a5a5a5a5a5a 5a5a5a5a5a5a5a5a 5a5a5a5a5a5a5a5a 5a5a5a5a5a5a5a5a 5a5a5a5a5a5a5a5a 5a5a5a5a5a5a5a5a 5a5a5a5a5a5a5a5a 5a5a5a5a5a5a5a5a 5a5a5a5a5a5a5a5a 5a5a5a5a5a5a5a5a 5a5a5a5a5a5a5a5a 5a5a5a5a5a5a5a5a 5a5a5a5a5a5a5a5a 5a5a5a5a5a5a5a5a 5a5a5a5a5a5a5a5a 5a5a5a5a5a5a5a5a 5a5a5a5a5a5a5a5a 5a5a5a5a5a5a5a5a 5a5a5a5a5a5a5a5a 5a5a5a5a5a5a5a5a 5a5a5a5a5a5a5a5a 5a5a5a5a5a5a5a5a 5a5a5a5a5a5a5a5a 5a5a5a5a5a5a5a5a 5a5a5a5a5a5a5a5a 5a5a5a5a5a5a5a5a 5a5a5a5a5a5a5a5a 5a5a5a5a5a5a5a5a 5a5a5a5a5a5a5a5a 5a5a5a5a5a5a5a5a 5a5a5a5a5a5a5a5a 5a5a5a5a5a5a5a5a 5a5a5a5a5a5a5a5a 5a5a5a5a5a5a5a5a 5a5a5a5a5a5a5a5a 5a5a5a5a5a5a5a5a 5a5a5a5a5a5a5a5a 5a5a5a5a5a5a5a5a 5a5a5a5a5a5a5a5a 5a5a5a5a5a5a5a5a 5a5a5a5a5a5a5a5a 5a5a5a5a5a5a5a5a 5a5a5a5a5a5a5a5a 5a5a5a5a5a5a5a5a 5a5a5a5a5a5a5a5a 5a5a5a5a5a5a5a5a 5a5a5a5a5a5a5a5a 5a5a5a5a5a5a5a5a 5a5a5a5a5a5a5a5a 5a5a5a5a5a5a5a5a 5a5a5a5a5a5a5a5a 5a5a5a5a5a5a5a5a 5a5a5a5a5a5a5a5a 5a5a5a5a5a5a5a5a 5a5a5a5a5a5a5a5a 5a5a5a5a5a5a5a5a 5a5a5a5a5a5a5a5a 5a5a5a5a5a5a5a5a 5a5a5a5a5a5a5a5a 5a5a5a5a5a5a5a5a 5a5a5a5a5a5a5a5a 5a5a5a5a5a5a5a5a 5a5a5a5a5a5a5a5a 5a5a5a5a5a5a5a5a 5a5a5a5a5a5a5a5a 5a5a5a5a5a5a5a5a 5a5a5a5a5a5a5a5a 5a5a5a5a5a5a5a5a 5a5a5a5a5a5a5a5a 5a5a5a5a5a5a5a5a 5a5a5a5a5a5a5a5a 5a5a5a5a5a5a5a5a 5a5a5a5a5a5a5a5a 5a5a5a5a5a5a5a5a 5a5a5a5a5a5a5a5a 5a5a5a5a5a5a5a5a 5a5a5a5a5a5a5a5a 5a5a5a5a5a5a5a5a 5a5a5a5a5a5a5a5a 5a5a5a5a5a5a5a5a 5a5a5a5a5a5a5a5a 5a5a5a5a5a5a5a5a 5a5a5a5a5a5a5a5a 5a5a5a5a5a5a5a5a 5a5a5a5a5a5a5a5a 5a5a5a5a5a5a5a5a 5a5a5a5a5a5a5a5a 5a5a5a5a5a5a5a5a 5a5a5a5a5a5a5a5a 5a5a5a5a5a5a5a5a 5a5a5a5a5a5a5a5a 5a5a5a5a5a5a5a5a 5a5a5a5a5a5a5a5a 5a5a5a5a5a5a5a5a 5a5a5a5a5a5a5a5a 5a5a5a5a5a5a5a5a 5a5a5a5a5a5a5a5a 5a5a5a5a5a5a5a5a 5a5a5a5a5a5a5a5a 5a5a5a5a5a5a5a5a 5a5a5a5a5a5a5a5a 5a5a5a5a5a5a5a5a 5a5a5a5a5a5a5a5a 5a5a5a5a5a5a5a5a 5a5a5a5a5a5a5a5a 5a5a5a5a5a5a5a5a 5a5a5a5a5a5a5a5a 5a5a5a5a5a5a5a5a 5a5a5a5a5a5a5a5a 5a5a5a5a5a5a5a5a 5a5a5a5a5a5a5a5a 5a5a5a5a5a5a5a5a 5a5a5a5a5a5a5a5a 5a5a5a5a5a5a5a5a 5a5a5a5a5a5a5a5a 5a5a5a5a5a5a5a5a 5a5a5a5a5a5a5a5a 5a5a5a5a5a5a5a5a 5a5a5a5a5a5a5a5a 5a5a5a5a5a5a5a5a 5a5a5a5a5a5a5a5a 5a5a5a5a5a5a5a5a 5a5a5a5a5a5a5a5a 5a5a5a5a5a5a5a5a 5a5a5a5a5a5a5a5a 5a5a5a5a5a5a5a5a 5a5a5a5a5a5a5a5a 5a5a5a5a5a5a5a5a 5a5a5a5a5a5a5a5a 5a5a5a5a5a5a5a5a 5a5a5a5a5a5a5a5a 5a5a5a5a5a5a5a5a 5a5a5a5a5a5a5a5a 5a5a5a5a5a5a5a5a 5a5a5a5a5a5a5a5a 5a5a5a5a5a5a5a5a 5a5a5a5a5a5a5a5a 5a5a5a5a5a5a5a5a 5a5a5a5a5a5a5a5a 5a5a5a5a5a5a5a5a 5a5a5a5a5a5a5a5a 5a5a5a5a5a5a5a5a 5a5a5a5a5a5a5a5a 5a5a5a5a5a5a5a5a 5a5a5a5a5a5a5a5a 5a5a5a5a5a5a5a5a 5a5a5a5a5a5a5a5a 5a5a5a5a5a5a5a5a 5a5a5a5a5a5a5a5a 5a5a5a5a5a5a5a5a 5a5a5a5a5a5a5a5a 5a5a5a5a5a5a5a5a 5a5a5a5a5a5a5a5a 5a5a5a5a5a5a5a5a 5a5a5a5a5a5a5a5a 5a5a5a5a5a5a5a5a 5a5a5a5a5a5a5a5a 5a5a5a5a5a5a5a5a 5a5a5a5a5a5a5a5a 5a5a5a5a5a5a5a5a 5a5a5a5a5a5a5a5a 5a5a5a5a5a5a5a5a 5a5a5a5a5a5a5a5a 5a5a5a5a5a5a5a5a 5a5a5a5a5a5a5a5a 5a5a5a5a5a5a5a5a 5a5a5a5a5a5a5a5a 5a5a5a5a5a5a5a5a 5a5a5a5a5a5a5a5a 5a5a5a5a5a5a5a5a 5a5a5a5a5a5a5a5a 5a5a5a5a5a5a5a5a 5a5a5a5a5a5a5a5a 5a5a5a5a5a5a5a5a 5a5a5a5a5a5a5a5a 5a5a5a5a5a5a5a5a 5a5a5a5a5a5a5a5a 5a5a5a5a5a5a5a5a 5a5a5a5a5a5a5a5a 5a5a5a5a5a5a5a5a 5a5a5a5a5a5a5a5a 5a5a5a5a5a5a5a5a 5a5a5a5a5a5a5a5a 5a5a5a5a5a5a5a5a 5a5a5a5a5a5a5a5a 5a5a5a5a5a5a5a5a 5a5a5a5a5a5a5a5a 5a5a5a5a5a5a5a5a 5a5a5a5a5a5a5a5a 5a5a5a5a5a5a5a5a 5a5a5a5a5a5a5a5a 5a5a5a5a5a5a5a5a 5a5a5a5a5a5a5a5a 5a5a5a5a5a5a5a5a 5a5a5a5a5a5a5a5a 5a5a5a5a5a5a5a5a 5a5a5a5a5a5a5a5a 5a5a5a5a5a5a5a5a 5a5a5a5a5a5a5a5a 5a5a5a5a5a5a5a5a 5a5a5a5a5a5a5a5a 5a5a5a5a5a5a5a5a 5a5a5a5a5a5a5a5a 5a5a5a5a5a5a5a5a 5a5a5a5a5a5a5a5a 5a5a5a5a5a5a5a5a 5a5a5a5a5a5a5a5a 5a5a5a5a5a5a5a5a 5a5a5a5a5a5a5a5a 5a5a5a5a5a5a5a5a 5a5a5a5a5a5a5a5a 5a5a5a5a5a5a5a5a 5a5a5a5a5a5a5a5a 5a5a5a5a5a5a5a5a 5a5a5a5a5a5a5a5a 5a5a5a5a5a5a5a5a 5a5a5a5a5a5a5a5a 5a5a5a5a5a5a5a5a 5a5a5a5a5a5a5a5a 5a5a5a5a5a5a5a5a 5a5a5a5a5a5a5a5a 5a5a5a5a5a5a5a5a 5a5a5a5a5a5a5a5a 5a5a5a5a5a5a5a5a 5a5a5a5a5a5a5a5a 5a5a5a5a5a5a5a5a 5a5a5a5a5a5a5a5a 5a5a5a5a5a5a5a5a 5a5a5a5a5a5a5a5a 5a5a5a5a5a5a5a5a 5a5a5a5a5a5a5a5a 5a5a5a5a5a5a5a5a 5a5a5a5a5a5a5a5a 5a5a5a5a5a5a5a5a 5a5a5a5a5a5a5a5a 5a5a5a5a5a5a5a5a 5a5a5a5a5a5a5a5a 5a5a5a5a5a5a5a5a 5a5a5a5a5a5a5a5a 5a5a5a5a5a5a5a5a 5a5a5a5a5a5a5a5a 5a5a5a5a5a5a5a5a 5a5a5a5a5a5a5a5a 5a5a5a5a5a5a5a5a 5a5a5a5a5a5a5a5a 5a5a5a5a5a5a5a5a 5a5a5a5a5a5a5a5a 5a5a5a5a5a5a5a5a 5a5a5a5a5a5a5a5a 5a5a5a5a5a5a5a5a 5a5a5a5a5a5a5a5a 5a5a5a5a5a5a5a5a 5a5a5a5a5a5a5a5a 5a5a5a5a5a5a5a5a 5a5a5a5a5a5a5a5a 5a5a5a5a5a5a5a5a 5a5a5a5a5a5a5a5a 5a5a5a5a5a5a5a5a 5a5a5a5a5a5a5a5a 5a5a5a5a5a5a5a5a 5a5a5a5a5a5a5a5a 5a5a5a5a5a5a5a5a 5a5a5a5a5a5a5a5a 5a5a5a5a5a5a5a5a 5a5a5a5a5a5a5a5a 5a5a5a5a5a5a5a5a 5a5a5a5a5a5a5a5a 5a5a5a5a5a5a5a5a 5a5a5a5a5a5a5a5a 5a5a5a5a5a5a5a5a 5a5a5a5a5a5a5a5a 5a5a5a5a5a5a5a5a 5a5a5a5a5a5a5a5a 5a5a5a5a5a5a5a5a 5a5a5a5a5a5a5a5a 5a5a5a5a5a5a5a5a 5a5a5a5a5a5a5a5a 5a5a5a5a5a5a5a5a 5a5a5a5a5a5a5a5a 5a5a5a5a5a5a5a5a 5a5a5a5a5a5a5a5a 5a5a5a5a5a5a5a5a 5a5a5a5a5a5a5a5a 5a5a5a5a5a5a5a5a 5a5a5a5a5a5a5a5a 5a5a5a5a5a5a5a5a 5a5a5a5a5a5a5a5a 5a5a5a5a5a5a5a5a 5a5a5a5a5a5a5a5a 5a5a5a5a5a5a5a5a 5a5a5a5a5a5a5a5a 5a5a5a5a5a5a5a5a 5a5a5a5a5a5a5a5a 5a5a5a5a5a5a5a5a 5a5a5a5a5a5a5a5a 5a5a5a5a5a5a5a5a 5a5a5a5a5a5a5a5a 5a5a5a5a5a5a5a5a 5a5a5a5a5a5a5a5a 5a5a5a5a5a5a5a5a 5a5a5a5a5a5a5a5a 5a5a5a5a5a5a5a5a 5a5a5a5a5a5a5a5a 5a5a5a5a5a5a5a5a 5a5a5a5a5a5a5a5a 5a5a5a5a5a5a5a5a 5a5a5a5a5a5a5a5a 5a5a5a5a5a5a5a5a 5a5a5a5a5a5a5a5a 5a5a5a5a5a5a5a5a 5a5a5a5a5a5a5a5a 5a5a5a5a5a5a5a5a 5a5a5a5a5a5a5a5a 5a5a5a5a5a5a5a5a 5a5a5a5a5a5a5a5a 5a5a5a5a5a5a5a5a 5a5a5a5a5a5a5a5a 5a5a5a5a5a5a5a5a 5a5a5a5a5a5a5a5a 5a5a5a5a5a5a5a5a 5a5a5a5a5a5a5a5a 5a5a5a5a5a5a5a5a 5a5a5a5a5a5a5a5a 5a5a5a5a5a5a5a5a 5a5a5a5a5a5a5a5a 5a5a5a5a5a5a5a5a 5a5a5a5a5a5a5a5a 5a5a5a5a5a5a5a5a 5a5a5a5a5a5a5a5a 5a5a5a5a5a5a5a5a 5a5a5a5a5a5a5a5a 5a5a5a5a5a5a5a5a 5a5a5a5a5a5a5a5a 5a5a5a5a5a5a5a5a 5a5a5a5a5a5a5a5a 5a5a5a5a5a5a5a5a 5a5a5a5a5a5a5a5a 5a5a5a5a5a5a5a5a 5a5a5a5a5a5a5a5a 5a5a5a5a5a5a5a5a 5a5a5a5a5a5a5a5a 5a5a5a5a5a5a5a5a 5a5a5a5a5a5a5a5a 5a5a5a5a5a5a5a5a 5a5a5a5a5a5a5a5a 5a5a5a5a5a5a5a5a 5a5a5a5a5a5a5a5a 5a5a5a5a5a5a5a5a 5a5a5a5a5a5a5a5a 5a5a5a5a5a5a5a5a 5a5a5a5a5a5a5a5a 5a5a5a5a5a5a5a5a 5a5a5a5a5a5a5a5a 5a5a5a5a5a5a5a5a 5a5a5a5a5a5a5a5a 5a5a5a5a5a5a5a5a 5a5a5a5a5a5a5a5a 5a5a5a5a5a5a5a5a 5a5a5a5a5a5a5a5a 5a5a5a5a5a5a5a5a 5a5a5a5a5a5a5a5a 5a5a5a5a5a5a5a5a 5a5a5a5a5a5a5a5a 5a5a5a5a5a5a5a5a 5a5a5a5a5a5a5a5a 5a5a5a5a5a5a5a5a 5a5a5a5a5a5a5a5a 5a5a5a5a5a5a5a5a 5a5a5a5a5a5a5a5a 5a5a5a5a5a5a5a5a 5a5a5a5a5a5a5a5a 5a5a5a5a5a5a5a5a 5a5a5a5a5a5a5a5a 5a5a5a5a5a5a5a5a 5a5a5a5a5a5a5a5a 5a5a5a5a5a5a5a5a 5a5a5a5a5a5a5a5a 5a5a5a5a5a5a5a5a 5a5a5a5a5a5a5a5a 5a5a5a5a5a5a5a5a 5a5a5a5a5a5a5a5a 5a5a5a5a5a5a5a5a 5a5a5a5a5a5a5a5a 5a5a5a5a5a5a5a5a 5a5a5a5a5a5a5a5a 5a5a5a5a5a5a5a5a 5a5a5a5a5a5a5a5a 5a5a5a5a5a5a5a5a 5a5a5a5a5a5a5a5a 5a5a5a5a5a5a5a5a 5a5a5a5a5a5a5a5a 5a5a5a5a5a5a5a5a 5a5a5a5a5a5a5a5a 5a5a5a5a5a5a5a5a 5a5a5a5a5a5a5a5a 5a5a5a5a5a5a5a5a 5a5a5a5a5a5a5a5a 5a5a5a5a5a5a5a5a 5a5a5a5a5a5a5a5a 5a5a5a5a5a5a5a5a 5a5a5a5a5a5a5a5a 5a5a5a5a5a5a5a5a 5a5a5a5a5a5a5a5a 5a5a5a5a5a5a5a5a 5a5a5a5a5a5a5a5a 5a5a5a5a5a5a5a5a 5a5a5a5a5a5a5a5a 5a5a5a5a5a5a5a5a 5a5a5a5a5a5a5a5a 5a5a5a5a5a5a5a5a 5a5a5a5a5a5a5a5a 5a5a5a5a5a5a5a5a 5a5a5a5a5a5a5a5a 5a5a5a5a5a5a5a5a 5a5a5a5a5a5a5a5a 5a5a5a5a5a5a5a5a 5a5a5a5a5a5a5a5a 5a5a5a5a5a5a5a5a 5a5a5a5a5a5a5a5a 5a5a5a5a5a5a5a5a 5a5a5a5a5a5a5a5a 5a5a5a5a5a5a5a5a 5a5a5a5a5a5a5a5a 5a5a5a5a5a5a5a5a 5a5a5a5a5a5a5a5a 5a5a5a5a5a5a5a5a 5a5a5a5a5a5a5a5a 5a5a5a5a5a5a5a5a 5a5a5a5a5a5a5a5a 5a5a5a5a5a5a5a5a 5a5a5a5a5a5a5a5a 5a5a5a5a5a5a5a5a 5a5a5a5a5a5a5a5a 5a5a5a5a5a5a5a5a 5a5a5a5a5a5a5a5a 5a5a5a5a5a5a5a5a 5a5a5a5a5a5a5a5a 5a5a5a5a5a5a5a5a 5a5a5a5a5a5a5a5a 5a5a5a5a5a5a5a5a 5a5a5a5a5a5a5a5a 5a5a5a5a5a5a5a5a 5a5a5a5a5a5a5a5a 5a5a5a5a5a5a5a5a 5a5a5a5a5a5a5a5a 5a5a5a5a5a5a5a5a 5a5a5a5a5a5a5a5a 5a5a5a5a5a5a5a5a 5a5a5a5a5a5a5a5a 5a5a5a5a5a5a5a5a 5a5a5a5a5a5a5a5a 5a5a5a5a5a5a5a5a 5a5a5a5a5a5a5a5a 5a5a5a5a5a5a5a5a 5a5a5a5a5a5a5a5a 5a5a5a5a5a5a5a5a 5a5a5a5a5a5a5a5a 5a5a5a5a5a5a5a5a 5a5a5a5a5a5a5a5a 5a5a5a5a5a5a5a5a 5a5a5a5a5a5a5a5a 5a5a5a5a5a5a5a5a 5a5a5a5a5a5a5a5a 5a5a5a5a5a5a5a5a 5a5a5a5a5a5a5a5a 5a5a5a5a5a5a5a5a 5a5a5a5a5a5a5a5a 5a5a5a5a5a5a5a5a 5a5a5a5a5a5a5a5a 5a5a5a5a5a5a5a5a 5a5a5a5a5a5a5a5a 5a5a5a5a5a5a5a5a 5a5a5a5a5a5a5a5a 5a5a5a5a5a5a5a5a 5a5a5a5a5a5a5a5a 5a5a5a5a5a5a5a5a 5a5a5a5a5a5a5a5a 5a5a5a5a5a5a5a5a 5a5a5a5a5a5a5a5a 5a5a5a5a5a5a5a5a 5a5a5a5a5a5a5a5a 5a5a5a5a5a5a5a5a 5a5a5a5a5a5a5a5a 5a5a5a5a5a5a5a5a 5a5a5a5a5a5a5a5a 5a5a5a5a5a5a5a5a 5a5a5a5a5a5a5a5a 5a5a5a5a5a5a5a5a 5a5a5a5a5a5a5a5a 5a5a5a5a5a5a5a5a 5a5a5a5a5a5a5a5a 5a5a5a5a5a5a5a5a 5a5a5a5a5a5a5a5a 5a5a5a5a5a5a5a5a 5a5a5a5a5a5a5a5a 5a5a5a5a5a5a5a5a 5a5a5a5a5a5a5a5a 5a5a5a5a5a5a5a5a 5a5a5a5a5a5a5a5a 5a5a5a5a5a5a5a5a 5a5a5a5a5a5a5a5a 5a5a5a5a5a5a5a5a 5a5a5a5a5a5a5a5a 5a5a5a5a5a5a5a5a 5a5a5a5a5a5a5a5a 5a5a5a5a5a5a5a5a 5a5a5a5a5a5a5a5a 5a5a5a5a5a5a5a5a 5a5a5a5a5a5a5a5a 5a5a5a5a5a5a5a5a 5a5a5a5a5a5a5a5a 5a5a5a5a5a5a5a5a 5a5a5a5a5a5a5a5a 5a5a5a5a5a5a5a5a 5a5a5a5a5a5a5a5a 5a5a5a5a5a5a5a5a 5a5a5a5a5a5a5a5a 5a5a5a5a5a5a5a5a 5a5a5a5a5a5a5a5a 5a5a5a5a5a5a5a5a 5a5a5a5a5a5a5a5a 5a5a5a5a5a5a5a5a 5a5a5a5a5a5a5a5a 5a5a5a5a5a5a5a5a 5a5a5a5a5a5a5a5a 5a5a5a5a5a5a5a5a 5a5a5a5a5a5a5a5a 5a5a5a5a5a5a5a5a 5a5a5a5a5a5a5a5a 5a5a5a5a5a5a5a5a 5a5a5a5a5a5a5a5a 5a5a5a5a5a5a5a5a 5a5a5a5a5a5a5a5a 5a5a5a5a5a5a5a5a 5a5a5a5a5a5a5a5a 5a5a5a5a5a5a5a5a 5a5a5a5a5a5a5a5a 5a5a5a5a5a5a5a5a 5a5a5a5a5a5a5a5a 5a5a5a5a5a5a5a5a 5a5a5a5a5a5a5a5a 5a5a5a5a5a5a5a5a 5a5a5a5a5a5a5a5a 5a5a5a5a5a5a5a5a 5a5a5a5a5a5a5a5a 5a5a5a5a5a5a5a5a 5a5a5a5a5a5a5a5a 5a5a5a5a5a5a5a5a 5a5a5a5a5a5a5a5a 5a5a5a5a5a5a5a5a 5a5a5a5a5a5a5a5a 5a5a5a5a5a5a5a5a 5a5a5a5a5a5a5a5a 5a5a5a5a5a5a5a5a 5a5a5a5a5a5a5a5a 5a5a5a5a5a5a5a5a 5a5a5a5a5a5a5a5a 5a5a5a5a5a5a5a5a 5a5a5a5a5a5a5a5a 5a5a5a5a5a5a5a5a 5a5a5a5a5a5a5a5a 5a5a5a5a5a5a5a5a 5a5a5a5a5a5a5a5a 5a5a5a5a5a5a5a5a 5a5a5a5a5a5a5a5a 5a5a5a5a5a5a5a5a 5a5a5a5a5a5a5a5a 5a5a5a5a5a5a5a5a 5a5a5a5a5a5a5a5a 5a5a5a5a5a5a5a5a 5a5a5a5a5a5a5a5a 5a5a5a5a5a5a5a5a 5a5a5a5a5a5a5a5a 5a5a5a5a5a5a5a5a 5a5a5a5a5a5a5a5a 5a5a5a5a5a5a5a5a 5a5a5a5a5a5a5a5a 5a5a5a5a5a5a5a5a 5a5a5a5a5a5a5a5a 5a5a5a5a5a5a5a5a 5a5a5a5a5a5a5a5a 5a5a5a5a5a5a5a5a 5a5a5a5a5a5a5a5a 5a5a5a5a5a5a5a5a 5a5a5a5a5a5a5a5a 5a5a5a5a5a5a5a5a 5a5a5a5a5a5a5a5a 5a5a5a5a5a5a5a5a 5a5a5a5a5a5a5a5a 5a5a5a5a5a5a5a5a 5a5a5a5a5a5a5a5a 5a5a5a5a5a5a5a5a 5a5a5a5a5a5a5a5a 5a5a5a5a5a5a5a5a 5a5a5a5a5a5a5a5a 5a5a5a5a5a5a5a5a 5a5a5a5a5a5a5a5a 5a5a5a5a5a5a5a5a 5a5a5a5a5a5a5a5a 5a5a5a5a5a5a5a5a 5a5a5a5a5a5a5a5a 5a5a5a5a5a5a5a5a 5a5a5a5a5a5a5a5a 5a5a5a5a5a5a5a5a 5a5a5a5a5a5a5a5a 5a5a5a5a5a5a5a5a 5a5a5a5a5a5a5a5a 5a5a5a5a5a5a5a5a 5a5a5a5a5a5a5a5a 5a5a5a5a5a5a5a5a 5a5a5a5a5a5a5a5a 5a5a5a5a5a5a5a5a 5a5a5a5a5a5a5a5a 5a5a5a5a5a5a5a5a 5a5a5a5a5a5a5a5a 5a5a5a5a5a5a5a5a 5a5a5a5a5a5a5a5a 5a5a5a5a5a5a5a5a 5a5a5a5a5a5a5a5a 5a5a5a5a5a5a5a5a 5a5a5a5a5a5a5a5a 5a5a5a5a5a5a5a5a 5a5a5a5a5a5a5a5a 5a5a5a5a5a5a5a5a 5a5a5a5a5a5a5a5a 5a5a5a5a5a5a5a5a 5a5a5a5a5a5a5a5a 5a5a5a5a5a5a5a5a 5a5a5a5a5a5a5a5a 5a5a5a5a5a5a5a5a 5a5a5a5a5a5a5a5a 5a5a5a5a5a5a5a5a 5a5a5a5a5a5a5a5a 5a5a5a5a5a5a5a5a 5a5a5a5a5a5a5a5a 5a5a5a5a5a5a5a5a 5a5a5a5a5a5a5a5a 5a5a5a5a5a5a5a5a 5a5a5a5a5a5a5a5a 5a5a5a5a5a5a5a5a 5a5a5a5a5a5a5a5a 5a5a5a5a5a5a5a5a 5a5a5a5a5a5a5a5a 5a5a5a5a5a5a5a5a 5a5a5a5a5a5a5a5a 5a5a5a5a5a5a5a5a 5a5a5a5a5a5a5a5a 5a5a5a5a5a5a5a5a 5a5a5a5a5a5a5a5a 5a5a5a5a5a5a5a5a 5a5a5a5a5a5a5a5a 5a5a5a5a5a5a5a5a 5a5a5a5a5a5a5a5a 5a5a5a5a5a5a5a5a 5a5a5a5a5a5a5a5a 5a5a5a5a5a5a5a5a 5a5a5a5a5a5a5a5a 5a5a5a5a5a5a5a5a 5a5a5a5a5a5a5a5a 5a5a5a5a5a5a5a5a 5a5a5a5a5a5a5a5a 5a5a5a5a5a5a5a5a 5a5a5a5a5a5a5a5a 5a5a5a5a5a5a5a5a 5a5a5a5a5a5a5a5a 5a5a5a5a5a5a5a5a 5a5a5a5a5a5a5a5a 5a5a5a5a5a5a5a5a 5a5a5a5a5a5a5a5a 5a5a5a5a5a5a5a5a 5a5a5a5a5a5a5a5a 5a5a5a5a5a5a5a5a 5a5a5a5a5a5a5a5a 5a5a5a5a5a5a5a5a 5a5a5a5a5a5a5a5a 5a5a5a5a5a5a5a5a 5a5a5a5a5a5a5a5a 5a5a5a5a5a5a5a5a 5a5a5a5a5a5a5a5a 5a5a5a5a5a5a5a5a 5a5a5a5a5a5a5a5a 5a5a5a5a5a5a5a5a 5a5a5a5a5a5a5a5a 5a5a5a5a5a5a5a5a 5a5a5a5a5a5a5a5a 5a5a5a5a5a5a5a5a 5a5a5a5a5a5a5a5a 5a5a5a5a5a5a5a5a 5a5a5a5a5a5a5a5a 5a5a5a5a5a5a5a5a 5a5a5a5a5a5a5a5a 5a5a5a5a5a5a5a5a 5a5a5a5a5a5a5a5a 5a5a5a5a5a5a5a5a 5a5a5a5a5a5a5a5a 5a5a5a5a5a5a5a5a 5a5a5a5a5a5a5a5a 5a5a5a5a5a5a5a5a 5a5a5a5a5a5a5a5a 5a5a5a5a5a5a5a5a 5a5a5a5a5a5a5a5a 5a5a5a5a5a5a5a5a 5a5a5a5a5a5a5a5a 5a5a5a5a5a5a5a5a 5a5a5a5a5a5a5a5a 5a5a5a5a5a5a5a5a 5a5a5a5a5a5a5a5a 5a5a5a5a5a5a5a5a 5a5a5a5a5a5a5a5a 5a5a5a5a5a5a5a5a 5a5a5a5a5a5a5a5a 5a5a5a5a5a5a5a5a 5a5a5a5a5a5a5a5a 5a5a5a5a5a5a5a5a 5a5a5a5a5a5a5a5a 5a5a5a5a5a5a5a5a 5a5a5a5a5a5a5a5a 5a5a5a5a5a5a5a5a 5a5a5a5a5a5a5a5a 5a5a5a5a5a5a5a5a 5a5a5a5a5a5a5a5a 5a5a5a5a5a5a5a5a 5a5a5a5a5a5a5a5a 5a5a5a5a5a5a5a5a 5a5a5a5a5a5a5a5a 5a5a5a5a5a5a5a5a 5a5a5a5a5a5a5a5a 5a5a5a5a5a5a5a5a 5a5a5a5a5a5a5a5a 5a5a5a5a5a5a5a5a 5a5a5a5a5a5a5a5a 5a5a5a5a5a5a5a5a 5a5a5a5a5a5a5a5a 5a5a5a5a5a5a5a5a 5a5a5a5a5a5a5a5a 5a5a5a5a5a5a5a5a 5a5a5a5a5a5a5a5a 5a5a5a5a5a5a5a5a 5a5a5a5a5a5a5a5a 5a5a5a5a5a5a5a5a 5a5a5a5a5a5a5a5a 5a5a5a5a5a5a5a5a 5a5a5a5a5a5a5a5a 5a5a5a5a5a5a5a5a 5a5a5a5a5a5a5a5a 5a5a5a5a5a5a5a5a 5a5a5a5a5a5a5a5a 5a5a5a5a5a5a5a5a 5a5a5a5a5a5a5a5a 5a5a5a5a5a5a5a5a 5a5a5a5a5a5a5a5a 5a5a5a5a5a5a5a5a 5a5a5a5a5a5a5a5a 5a5a5a5a5a5a5a5a 5a5a5a5a5a5a5a5a 5a5a5a5a5a5a5a5a 5a5a5a5a5a5a5a5a 5a5a5a5a5a5a5a5a 5a5a5a5a5a5a5a5a 5a5a5a5a5a5a5a5a 5a5a5a5a5a5a5a5a 5a5a5a5a5a5a5a5a 5a5a5a5a5a5a5a5a 5a5a5a5a5a5a5a5a 5a5a5a5a5a5a5a5a 5a5a5a5a5a5a5a5a 5a5a5a5a5a5a5a5a 5a5a5a5a5a5a5a5a 5a5a5a5a5a5a5a5a 5a5a5a5a5a5a5a5a 5a5a5a5a5a5a5a5a 5a5a5a5a5a5a5a5a 5a5a5a5a5a5a5a5a 5a5a5a5a5a5a5a5a 5a5a5a5a5a5a5a5a 5a5a5a5a5a5a5a5a 5a5a5a5a5a5a5a5a 5a5a5a5a5a5a5a5a 5a5a5a5a5a5a5a5a 5a5a5a5a5a5a5a5a 5a5a5a5a5a5a5a5a 5a5a5a5a5a5a5a5a 5a5a5a5a5a5a5a5a 5a5a5a5a5a5a5a5a 5a5a5a5a5a5a5a5a 5a5a5a5a5a5a5a5a 5a5a5a5a5a5a5a5a 5a5a5a5a5a5a5a5a 5a5a5a5a5a5a5a5a 5a5a5a5a5a5a5a5a 5a5a5a5a5a5a5a5a 5a5a5a5a5a5a5a5a 5a5a5a5a5a5a5a5a 5a5a5a5a5a5a5a5a 5a5a5a5a5a5a5a5a 5a5a5a5a5a5a5a5a 5a5a5a5a5a5a5a5a 5a5a5a5a5a5a5a5a 5a5a5a5a5a5a5a5a 5a5a5a5a5a5a5a5a 5a5a5a5a5a5a5a5a 5a5a5a5a5a5a5a5a 5a5a5a5a5a5a5a5a 5a5a5a5a5a5a5a5a 5a5a5a5a5a5a5a5a 5a5a5a5a5a5a5a5a 5a5a5a5a5a5a5a5a 5a5a5a5a5a5a5a5a 5a5a5a5a5a5a5a5a 5a5a5a5a5a5a5a5a 5a5a5a5a5a5a5a5a 5a5a5a5a5a5a5a5a 5a5a5a5a5a5a5a5a 5a5a5a5a5a5a5a5a 5a5a5a5a5a5a5a5a 5a5a5a5a5a5a5a5a 5a5a5a5a5a5a5a5a 5a5a5a5a5a5a5a5a 5a5a5a5a5a5a5a5a 5a5a5a5a5a5a5a5a 5a5a5a5a5a5a5a5a 5a5a5a5a5a5a5a5a 5a5a5a5a5a5a5a5a 5a5a5a5a5a5a5a5a 5a5a5a5a5a5a5a5a 5a5a5a5a5a5a5a5a 5a5a5a5a5a5a5a5a 5a5a5a5a5a5a5a5a 5a5a5a5a5a5a5a5a 5a5a5a5a5a5a5a5a 5a5a5a5a5a5a5a5a 5a5a5a5a5a5a5a5a 5a5a5a5a5a5a5a5a 5a5a5a5a5a5a5a5a 5a5a5a5a5a5a5a5a 5a5a5a5a5a5a5a5a 5a5a5a5a5a5a5a5a 5a5a5a5a5a5a5a5a 5a5a5a5a5a5a5a5a 5a5a5a5a5a5a5a5a 5a5a5a5a5a5a5a5a 5a5a5a5a5a5a5a5a 5a5a5a5a5a5a5a5a 5a5a5a5a5a5a5a5a 5a5a5a5a5a5a5a5a 5a5a5a5a5a5a5a5a 5a5a5a5a5a5a5a5a 5a5a5a5a5a5a5a5a 5a5a5a5a5a5a5a5a 5a5a5a5a5a5a5a5a 5a5a5a5a5a5a5a5a 5a5a5a5a5a5a5a5a 5a5a5a5a5a5a5a5a 5a5a5a5a5a5a5a5a 5a5a5a5a5a5a5a5a 5a5a5a5a5a5a5a5a 5a5a5a5a5a5a5a5a 5a5a5a5a5a5a5a5a 5a5a5a5a5a5a5a5a 5a5a5a5a5a5a5a5a 5a5a5a5a5a5a5a5a 5a5a5a5a5a5a5a5a 5a5a5a5a5a5a5a5a 5a5a5a5a5a5a5a5a 5a5a5a5a5a5a5a5a 5a5a5a5a5a5a5a5a 5a5a5a5a5a5a5a5a 5a5a5a5a5a5a5a5a 5a5a5a5a5a5a5a5a 5a5a5a5a5a5a5a5a 5a5a5a5a5a5a5a5a 5a5a5a5a5a5a5a5a 5a5a5a5a5a5a5a5a 5a5a5a5a5a5a5a5a 5a5a5a5a5a5a5a5a 5a5a5a5a5a5a5a5a 5a5a5a5a5a5a5a5a 5a5a5a5a5a5a5a5a 5a5a5a5a5a5a5a5a 5a5a5a5a5a5a5a5a 5a5a5a5a5a5a5a5a 5a5a5a5a5a5a5a5a 5a5a5a5a5a5a5a5a 5a5a5a5a5a5a5a5a 5a5a5a5a5a5a5a5a 5a5a5a5a5a5a5a5a 5a5a5a5a5a5a5a5a 5a5a5a5a5a5a5a5a 5a5a5a5a5a5a5a5a 5a5a5a5a5a5a5a5a 5a5a5a5a5a5a5a5a 5a5a5a5a5a5a5a5a 5a5a5a5a5a5a5a5a 5a5a5a5a5a5a5a5a 5a5a5a5a5a5a5a5a 5a5a5a5a5a5a5a5a 5a5a5a5a5a5a5a5a 5a5a5a5a5a5a5a5a 5a5a5a5a5a5a5a5a 5a5a5a5a5a5a5a5a 5a5a5a5a5a5a5a5a 5a5a5a5a5a5a5a5a 5a5a5a5a5a5a5a5a 5a5a5a5a5a5a5a5a 5a5a5a5a5a5a5a5a 5a5a5a5a5a5a5a5a 5a5a5a5a5a5a5a5a 5a5a5a5a5a5a5a5a 5a5a5a5a5a5a5a5a 5a5a5a5a5a5a5a5a 5a5a5a5a5a5a5a5a 5a5a5a5a5a5a5a5a 5a5a5a5a5a5a5a5a 5a5a5a5a5a5a5a5a 5a5a5a5a5a5a5a5a 5a5a5a5a5a5a5a5a 5a5a5a5a5a5a5a5a 5a5a5a5a5a5a5a5a 5a5a5a5a5a5a5a5a 5a5a5a5a5a5a5a5a 5a5a5a5a5a5a5a5a 5a5a5a5a5a5a5a5a 5a5a5a5a5a5a5a5a 5a5a5a5a5a5a5a5a 5a5a5a5a5a5a5a5a 5a5a5a5a5a5a5a5a 5a5a5a5a5a5a5a5a 5a5a5a5a5a5a5a5a 5a5a5a5a5a5a5a5a 5a5a5a5a5a5a5a5a 5a5a5a5a5a5a5a5a 5a5a5a5a5a5a5a5a 5a5a5a5a5a5a5a5a 5a5a5a5a5a5a5a5a 5a5a5a5a5a5a5a5a 5a5a5a5a5a5a5a5a 5a5a5a5a5a5a5a5a 5a5a5a5a5a5a5a5a 5a5a5a5a5a5a5a5a 5a5a5a5a5a5a5a5a 5a5a5a5a5a5a5a5a 5a5a5a5a5a5a5a5a 5a5a5a5a5a5a5a5a 5a5a5a5a5a5a5a5a 5a5a5a5a5a5a5a5a 5a5a5a5a5a5a5a5a 5a5a5a5a5a5a5a5a 5a5a5a5a5a5a5a5a 5a5a5a5a5a5a5a5a 5a5a5a5a5a5a5a5a 5a5a5a5a5a5a5a5a 5a5a5a5a5a5a5a5a 5a5a5a5a5a5a5a5a 5a5a5a5a5a5a5a5a 5a5a5a5a5a5a5a5a 5a5a5a5a5a5a5a5a 5a5a5a5a5a5a5a5a 5a5a5a5a5a5a5a5a 5a5a5a5a5a5a5a5a 5a5a5a5a5a5a5a5a 5a5a5a5a5a5a5a5a 5a5a5a5a5a5a5a5a 5a5a5a5a5a5a5a5a 5a5a5a5a5a5a5a5a 5a5a5a5a5a5a5a5a 5a5a5a5a5a5a5a5a 5a5a5a5a5a5a5a5a 5a5a5a5a5a5a5a5a 5a5a5a5a5a5a5a5a 5a5a5a5a5a5a5a5a 5a5a5a5a5a5a5a5a 5a5a5a5a5a5a5a5a 5a5a5a5a5a5a5a5a 5a5a5a5a5a5a5a5a 5a5a5a5a5a5a5a5a 5a5a5a5a5a5a5a5a 5a5a5a5a5a5a5a5a 5a5a5a5a5a5a5a5a 5a5a5a5a5a5a5a5a 5a5a5a5a5a5a5a5a 5a5a5a5a5a5a5a5a 5a5a5a5a5a5a5a5a 5a5a5a5a5a5a5a5a 5a5a5a5a5a5a5a5a 5a5a5a5a5a5a5a5a 5a5a5a5a5a5a5a5a 5a5a5a5a5a5a5a5a 5a5a5a5a5a5a5a5a 5a5a5a5a5a5a5a5a 5a5a5a5a5a5a5a5a 5a5a5a5a5a5a5a5a 5a5a5a5a5a5a5a5a 5a5a5a5a5a5a5a5a 5a5a5a5a5a5a5a5a 5a5a5a5a5a5a5a5a 5a5a5a5a5a5a5a5a 5a5a5a5a5a5a5a5a 5a5a5a5a5a5a5a5a 5a5a5a5a5a5a5a5a 5a5a5a5a5a5a5a5a 5a5a5a5a5a5a5a5a 5a5a5a5a5a5a5a5a 5a5a5a5a5a5a5a5a 5a5a5a5a5a5a5a5a 5a5a5a5a5a5a5a5a 5a5a5a5a5a5a5a5a 5a5a5a5a5a5a5a5a 5a5a5a5a5a5a5a5a 5a5a5a5a5a5a5a5a 5a5a5a5a5a5a5a5a 5a5a5a5a5a5a5a5a 5a5a5a5a5a5a5a5a 5a5a5a5a5a5a5a5a 5a5a5a5a5a5a5a5a 5a5a5a5a5a5a5a5a 5a5a5a5a5a5a5a5a 5a5a5a5a5a5a5a5a 5a5a5a5a5a5a5a5a 5a5a5a5a5a5a5a5a 5a5a5a5a5a5a5a5a 5a5a5a5a5a5a5a5a 5a5a5a5a5a5a5a5a 5a5a5a5a5a5a5a5a 5a5a5a5a5a5a5a5a 5a5a5a5a5a5a5a5a 5a5a5a5a5a5a5a5a 5a5a5a5a5a5a5a5a 5a5a5a5a5a5a5a5a 5a5a5a5a5a5a5a5a 5a5a5a5a5a5a5a5a 5a5a5a5a5a5a5a5a 5a5a5a5a5a5a5a5a 5a5a5a5a5a5a5a5a 5a5a5a5a5a5a5a5a 5a5a5a5a5a5a5a5a 5a5a5a5a5a5a5a5a 5a5a5a5a5a5a5a5a 5a5a5a5a5a5a5a5a 5a5a5a5a5a5a5a5a 5a5a5a5a5a5a5a5a 5a5a5a5a5a5a5a5a 5a5a5a5a5a5a5a5a 5a5a5a5a5a5a5a5a 5a5a5a5a5a5a5a5a 5a5a5a5a5a5a5a5a 5a5a5a5a5a5a5a5a 5a5a5a5a5a5a5a5a 5a5a5a5a5a5a5a5a 5a5a5a5a5a5a5a5a 5a5a5a5a5a5a5a5a 5a5a5a5a5a5a5a5a 5a5a5a5a5a5a5a5a 5a5a5a5a5a5a5a5a 5a5a5a5a5a5a5a5a 5a5a5a5a5a5a5a5a 5a5a5a5a5a5a5a5a 5a5a5a5a5a5a5a5a 5a5a5a5a5a5a5a5a 5a5a5a5a5a5a5a5a 5a5a5a5a5a5a5a5a 5a5a5a5a5a5a5a5a 5a5a5a5a5a5a5a5a 5a5a5a5a5a5a5a5a 5a5a5a5a5a5a5a5a 5a5a5a5a5a5a5a5a 5a5a5a5a5a5a5a5a 5a5a5a5a5a5a5a5a 5a5a5a5a5a5a5a5a 5a5a5a5a5a5a5a5a 5a5a5a5a5a5a5a5a 5a5a5a5a5a5a5a5a 5a5a5a5a5a5a5a5a 5a5a5a5a5a5a5a5a 5a5a5a5a5a5a5a5a 5a5a5a5a5a5a5a5a 5a5a5a5a5a5a5a5a 5a5a5a5a5a5a5a5a 5a5a5a5a5a5a5a5a 5a5a5a5a5a5a5a5a 5a5a5a5a5a5a5a5a 5a5a5a5a5a5a5a5a 5a5a5a5a5a5a5a5a 5a5a5a5a5a5a5a5a 5a5a5a5a5a5a5a5a 5a5a5a5a5a5a5a5a 5a5a5a5a5a5a5a5a 5a5a5a5a5a5a5a5a 5a5a5a5a5a5a5a5a 5a5a5a5a5a5a5a5a 5a5a5a5a5a5a5a5a 5a5a5a5a5a5a5a5a 5a5a5a5a5a5a5a5a 5a5a5a5a5a5a5a5a 5a5a5a5a5a5a5a5a 5a5a5a5a5a5a5a5a 5a5a5a5a5a5a5a5a 5a5a5a5a5a5a5a5a 5a5a5a5a5a5a5a5a 5a5a5a5a5a5a5a5a 5a5a5a5a5a5a5a5a 5a5a5a5a5a5a5a5a 5a5a5a5a5a5a5a5a 5a5a5a5a5a5a5a5a 5a5a5a5a5a5a5a5a 5a5a5a5a5a5a5a5a 5a5a5a5a5a5a5a5a 5a5a5a5a5a5a5a5a 5a5a5a5a5a5a5a5a 5a5a5a5a5a5a5a5a 5a5a5a5a5a5a5a5a 5a5a5a5a5a5a5a5a 5a5a5a5a5a5a5a5a 5a5a5a5a5a5a5a5a 5a5a5a5a5a5a5a5a 5a5a5a5a5a5a5a5a 5a5a5a5a5a5a5a5a 5a5a5a5a5a5a5a5a 5a5a5a5a5a5a5a5a 5a5a5a5a5a5a5a5a 5a5a5a5a5a5a5a5a 5a5a5a5a5a5a5a5a 5a5a5a5a5a5a5a5a 5a5a5a5a5a5a5a5a 5a5a5a5a5a5a5a5a 5a5a5a5a5a5a5a5a 5a5a5a5a5a5a5a5a 5a5a5a5a5a5a5a5a 5a5a5a5a5a5a5a5a 5a5a5a5a5a5a5a5a 5a5a5a5a5a5a5a5a 5a5a5a5a5a5a5a5a 5a5a5a5a5a5a5a5a 5a5a5a5a5a5a5a5a 5a5a5a5a5a5a5a5a 5a5a5a5a5a5a5a5a 5a5a5a5a5a5a5a5a 5a5a5a5a5a5a5a5a 5a5a5a5a5a5a5a5a 5a5a5a5a5a5a5a5a 5a5a5a5a5a5a5a5a 5a5a5a5a5a5a5a5a 5a5a5a5a5a5a5a5a 5a5a5a5a5a5a5a5a 5a5a5a5a5a5a5a5a 5a5a5a5a5a5a5a5a 5a5a5a5a5a5a5a5a 5a5a5a5a5a5a5a5a 5a5a5a5a5a5a5a5a 5a5a5a5a5a5a5a5a 5a5a5a5a5a5a5a5a 5a5a5a5a5a5a5a5a 5a5a5a5a5a5a5a5a 5a5a5a5a5a5a5a5a 5a5a5a5a5a5a5a5a 5a5a5a5a5a5a5a5a 5a5a5a5a5a5a5a5a 5a5a5a5a5a5a5a5a 5a5a5a5a5a5a5a5a 5a5a5a5a5a5a5a5a 5a5a5a5a5a5a5a5a 5a5a5a5a5a5a5a5a 5a5a5a5a5a5a5a5a 5a5a5a5a5a5a5a5a 5a5a5a5a5a5a5a5a 5a5a5a5a5a5a5a5a 5a5a5a5a5a5a5a5a 5a5a5a5a5a5a5a5a 5a5a5a5a5a5a5a5a 5a5a5a5a5a5a5a5a 5a5a5a5a5a5a5a5a 5a5a5a5a5a5a5a5a 5a5a5a5a5a5a5a5a 5a5a5a5a5a5a5a5a 5a5a5a5a5a5a5a5a 5a5a5a5a5a5a5a5a 5a5a5a5a5a5a5a5a 5a5a5a5a5a5a5a5a 5a5a5a5a5a5a5a5a 5a5a5a5a5a5a5a5a 5a5a5a5a5a5a5a5a 5a5a5a5a5a5a5a5a 5a5a5a5a5a5a5a5a 5a5a5a5a5a5a5a5a 5a5a5a5a5a5a5a5a 5a5a5a5a5a5a5a5a 5a5a5a5a5a5a5a5a 5a5a5a5a5a5a5a5a 5a5a5a5a5a5a5a5a 5a5a5a5a5a5a5a5a 5a5a5a5a5a5a5a5a 5a5a5a5a5a5a5a5a 5a5a5a5a5a5a5a5a 5a5a5a5a5a5a5a5a 5a5a5a5a5a5a5a5a 5a5a5a5a5a5a5a5a 5a5a5a5a5a5a5a5a 5a5a5a5a5a5a5a5a 5a5a5a5a5a5a5a5a 5a5a5a5a5a5a5a5a 5a5a5a5a5a5a5a5a 5a5a5a5a5a5a5a5a 5a5a5a5a5a5a5a5a 5a5a5a5a5a5a5a5a 5a5a5a5a5a5a5a5a 5a5a5a5a5a5a5a5a 5a5a5a5a5a5a5a5a 5a5a5a5a5a5a5a5a 5a5a5a5a5a5a5a5a 5a5a5a5a5a5a5a5a 5a5a5a5a5a5a5a5a 5a5a5a5a5a5a5a5a 5a5a5a5a5a5a5a5a 5a5a5a5a5a5a5a5a 5a5a5a5a5a5a5a5a 5a5a5a5a5a5a5a5a 5a5a5a5a5a5a5a5a 5a5a5a5a5a5a5a5a 5a5a5a5a5a5a5a5a 5a5a5a5a5a5a5a5a 5a5a5a5a5a5a5a5a 5a5a5a5a5a5a5a5a 5a5a5a5a5a5a5a5a 5a5a5a5a5a5a5a5a 5a5a5a5a5a5a5a5a 5a5a5a5a5a5a5a5a 5a5a5a5a5a5a5a5a 5a5a5a5a5a5a5a5a 5a5a5a5a5a5a5a5a 5a5a5a5a5a5a5a5a 5a5a5a5a5a5a5a5a 5a5a5a5a5a5a5a5a 5a5a5a5a5a5a5a5a 5a5a5a5a5a5a5a5a 5a5a5a5a5a5a5a5a 5a5a5a5a5a5a5a5a 5a5a5a5a5a5a5a5a 5a5a5a5a5a5a5a5a 5a5a5a5a5a5a5a5a 5a5a5a5a5a5a5a5a 5a5a5a5a5a5a5a5a 5a5a5a5a5a5a5a5a 5a5a5a5a5a5a5a5a 5a5a5a5a5a5a5a5a 5a5a5a5a5a5a5a5a 5a5a5a5a5a5a5a5a 5a5a5a5a5a5a5a5a 5a5a5a5a5a5a5a5a 5a5a5a5a5a5a5a5a 5a5a5a5a5a5a5a5a 5a5a5a5a5a5a5a5a 5a5a5a5a5a5a5a5a 5a5a5a5a5a5a5a5a 5a5a5a5a5a5a5a5a 5a5a5a5a5a5a5a5a 5a5a5a5a5a5a5a5a 5a5a5a5a5a5a5a5a 5a5a5a5a5a5a5a5a 5a5a5a5a5a5a5a5a 5a5a5a5a5a5a5a5a 5a5a5a5a5a5a5a5a 5a5a5a5a5a5a5a5a 5a5a5a5a5a5a5a5a 5a5a5a5a5a5a5a5a 5a5a5a5a5a5a5a5a 5a5a5a5a5a5a5a5a 5a5a5a5a5a5a5a5a 5a5a5a5a5a5a5a5a 5a5a5a5a5a5a5a5a 5a5a5a5a5a5a5a5a 5a5a5a5a5a5a5a5a 5a5a5a5a5a5a5a5a 5a5a5a5a5a5a5a5a 5a5a5a5a5a5a5a5a 5a5a5a5a5a5a5a5a 5a5a5a5a5a5a5a5a 5a5a5a5a5a5a5a5a 5a5a5a5a5a5a5a5a 5a5a5a5a5a5a5a5a 5a5a5a5a5a5a5a5a 5a5a5a5a5a5a5a5a 5a5a5a5a5a5a5a5a 5a5a5a5a5a5a5a5a 5a5a5a5a5a5a5a5a 5a5a5a5a5a5a5a5a 5a5a5a5a5a5a5a5a 5a5a5a5a5a5a5a5a 5a5a5a5a5a5a5a5a 5a5a5a5a5a5a5a5a 5a5a5a5a5a5a5a5a 5a5a5a5a5a5a5a5a 5a5a5a5a5a5a5a5a 5a5a5a5a5a5a5a5a 5a5a5a5a5a5a5a5a 5a5a5a5a5a5a5a5a 5a5a5a5a5a5a5a5a 5a5a5a5a5a5a5a5a 5a5a5a5a5a5a5a5a 5a5a5a5a5a5a5a5a 5a5a5a5a5a5a5a5a 5a5a5a5a5a5a5a5a 5a5a5a5a5a5a5a5a 5a5a5a5a5a5a5a5a 5a5a5a5a5a5a5a5a 5a5a5a5a5a5a5a5a 5a5a5a5a5a5a5a5a 5a5a5a5a5a5a5a5a 5a5a5a5a5a5a5a5a 5a5a5a5a5a5a5a5a 5a5a5a5a5a5a5a5a 5a5a5a5a5a5a5a5a 5a5a5a5a5a5a5a5a 5a5a5a5a5a5a5a5a 5a5a5a5a5a5a5a5a 5a5a5a5a5a5a5a5a 5a5a5a5a5a5a5a5a 5a5a5a5a5a5a5a5a 5a5a5a5a5a5a5a5a 5a5a5a5a5a5a5a5a 5a5a5a5a5a5a5a5a 5a5a5a5a5a5a5a5a 5a5a5a5a5a5a5a5a 5a5a5a5a5a5a5a5a 5a5a5a5a5a5a5a5a 5a5a5a5a5a5a5a5a 5a5a5a5a5a5a5a5a 5a5a5a5a5a5a5a5a 5a5a5a5a5a5a5a5a 5a5a5a5a5a5a5a5a 5a5a5a5a5a5a5a5a 5a5a5a5a5a5a5a5a 5a5a5a5a5a5a5a5a 5a5a5a5a5a5a5a5a 5a5a5a5a5a5a5a5a 5a5a5a5a5a5a5a5a 5a5a5a5a5a5a5a5a 5a5a5a5a5a5a5a5a 5a5a5a5a5a5a5a5a 5a5a5a5a5a5a5a5a 5a5a5a5a5a5a5a5a 5a5a5a5a5a5a5a5a 5a5a5a5a5a5a5a5a 5a5a5a5a5a5a5a5a 5a5a5a5a5a5a5a5a 5a5a5a5a5a5a5a5a 5a5a5a5a5a5a5a5a 5a5a5a5a5a5a5a5a 5a5a5a5a5a5a5a5a 5a5a5a5a5a5a5a5a 5a5a5a5a5a5a5a5a 5a5a5a5a5a5a5a5a 5a5a5a5a5a5a5a5a 5a5a5a5a5a5a5a5a 5a5a5a5a5a5a5a5a 5a5a5a5a5a5a5a5a 5a5a5a5a5a5a5a5a 5a5a5a5a5a5a5a5a 5a5a5a5a5a5a5a5a 5a5a5a5a5a5a5a5a 5a5a5a5a5a5a5a5a 5a5a5a5a5a5a5a5a 5a5a5a5a5a5a5a5a 5a5a5a5a5a5a5a5a 5a5a5a5a5a5a5a5a 5a5a5a5a5a5a5a5a 5a5a5a5a5a5a5a5a 5a5a5a5a5a5a5a5a 5a5a5a5a5a5a5a5a 5a5a5a5a5a5a5a5a 5a5a5a5a5a5a5a5a 5a5a5a5a5a5a5a5a 5a5a5a5a5a5a5a5a 5a5a5a5a5a5a5a5a 5a5a5a5a5a5a5a5a 5a5a5a5a5a5a5a5a 5a5a5a5a5a5a5a5a 5a5a5a5a5a5a5a5a 5a5a5a5a5a5a5a5a 5a5a5a5a5a5a5a5a 5a5a5a5a5a5a5a5a 5a5a5a5a5a5a5a5a 5a5a5a5a5a5a5a5a 5a5a5a5a5a5a5a5a 5a5a5a5a5a5a5a5a 5a5a5a5a5a5a5a5a 5a5a5a5a5a5a5a5a 5a5a5a5a5a5a5a5a 5a5a5a5a5a5a5a5a 5a5a5a5a5a5a5a5a 5a5a5a5a5a5a5a5a 5a5a5a5a5a5a5a5a 5a5a5a5a5a5a5a5a 5a5a5a5a5a5a5a5a 5a5a5a5a5a5a5a5a 5a5a5a5a5a5a5a5a 5a5a5a5a5a5a5a5a 5a5a5a5a5a5a5a5a 5a5a5a5a5a5a5a5a 5a5a5a5a5a5a5a5a 5a5a5a5a5a5a5a5a 5a5a5a5a5a5a5a5a 5a5a5a5a5a5a5a5a 5a5a5a5a5a5a5a5a 5a5a5a5a5a5a5a5a 5a5a5a5a5a5a5a5a 5a5a5a5a5a5a5a5a 5a5a5a5a5a5a5a5a 5a5a5a5a5a5a5a5a 5a5a5a5a5a5a5a5a 5a5a5a5a5a5a5a5a 5a5a5a5a5a5a5a5a 5a5a5a5a5a5a5a5a 5a5a5a5a5a5a5a5a 5a5a5a5a5a5a5a5a 5a5a5a5a5a5a5a5a 5a5a5a5a5a5a5a5a 5a5a5a5a5a5a5a5a 5a5a5a5a5a5a5a5a 5a5a5a5a5a5a5a5a 5a5a5a5a5a5a5a5a 5a5a5a5a5a5a5a5a 5a5a5a5a5a5a5a5a 5a5a5a5a5a5a5a5a 5a5a5a5a5a5a5a5a 5a5a5a5a5a5a5a5a 5a5a5a5a5a5a5a5a 5a5a5a5a5a5a5a5a 5a5a5a5a5a5a5a5a 5a5a5a5a5a5a5a5a 5a5a5a5a5a5a5a5a 5a5a5a5a5a5a5a5a 5a5a5a5a5a5a5a5a 5a5a5a5a5a5a5a5a 5a5a5a5a5a5a5a5a 5a5a5a5a5a5a5a5a 5a5a5a5a5a5a5a5a 5a5a5a5a5a5a5a5a 5a5a5a5a5a5a5a5a 5a5a5a5a5a5a5a5a 5a5a5a5a5a5a5a5a 5a5a5a5a5a5a5a5a 5a5a5a5a5a5a5a5a 5a5a5a5a5a5a5a5a 5a5a5a5a5a5a5a5a 5a5a5a5a5a5a5a5a 5a5a5a5a5a5a5a5a 5a5a5a5a5a5a5a5a 5a5a5a5a5a5a5a5a 5a5a5a5a5a5a5a5a 5a5a5a5a5a5a5a5a 5a5a5a5a5a5a5a5a 5a5a5a5a5a5a5a5a 5a5a5a5a5a5a5a5a 5a5a5a5a5a5a5a5a 5a5a5a5a5a5a5a5a 5a5a5a5a5a5a5a5a 5a5a5a5a5a5a5a5a 5a5a5a5a5a5a5a5a 5a5a5a5a5a5a5a5a 5a5a5a5a5a5a5a5a 5a5a5a5a5a5a5a5a 5a5a5a5a5a5a5a5a 5a5a5a5a5a5a5a5a 5a5a5a5a5a5a5a5a 5a5a5a5a5a5a5a5a 5a5a5a5a5a5a5a5a 5a5a5a5a5a5a5a5a 5a5a5a5a5a5a5a5a 5a5a5a5a5a5a5a5a 5a5a5a5a5a5a5a5a 5a5a5a5a5a5a5a5a 5a5a5a5a5a5a5a5a 5a5a5a5a5a5a5a5a 5a5a5a5a5a5a5a5a 5a5a5a5a5a5a5a5a 5a5a5a5a5a5a5a5a 5a5a5a5a5a5a5a5a 5a5a5a5a5a5a5a5a 5a5a5a5a5a5a5a5a 5a5a5a5a5a5a5a5a 5a5a5a5a5a5a5a5a 5a5a5a5a5a5a5a5a 5a5a5a5a5a5a5a5a 5a5a5a5a5a5a5a5a 5a5a5a5a5a5a5a5a 5a5a5a5a5a5a5a5a 5a5a5a5a5a5a5a5a 5a5a5a5a5a5a5a5a 5a5a5a5a5a5a5a5a 5a5a5a5a5a5a5a5a 5a5a5a5a5a5a5a5a 5a5a5a5a5a5a5a5a 5a5a5a5a5a5a5a5a 5a5a5a5a5a5a5a5a 5a5a5a5a5a5a5a5a 5a5a5a5a5a5a5a5a 5a5a5a5a5a5a5a5a 5a5a5a5a5a5a5a5a 5a5a5a5a5a5a5a5a 5a5a5a5a5a5a5a5a 5a5a5a5a5a5a5a5a 5a5a5a5a5a5a5a5a 5a5a5a5a5a5a5a5a 5a5a5a5a5a5a5a5a 5a5a5a5a5a5a5a5a 5a5a5a5a5a5a5a5a 5a5a5a5a5a5a5a5a 5a5a5a5a5a5a5a5a 5a5a5a5a5a5a5a5a 5a5a5a5a5a5a5a5a 5a5a5a5a5a5a5a5a 5a5a5a5a5a5a5a5a 5a5a5a5a5a5a5a5a 5a5a5a5a5a5a5a5a 5a5a5a5a5a5a5a5a 5a5a5a5a5a5a5a5a 5a5a5a5a5a5a5a5a 5a5a5a5a5a5a5a5a 5a5a5a5a5a5a5a5a 5a5a5a5a5a5a5a5a 5a5a5a5a5a5a5a5a 5a5a5a5a5a5a5a5a 5a5a5a5a5a5a5a5a 5a5a5a5a5a5a5a5a 5a5a5a5a5a5a5a5a 5a5a5a5a5a5a5a5a 5a5a5a5a5a5a5a5a 5a5a5a5a5a5a5a5a 5a5a5a5a5a5a5a5a 5a5a5a5a5a5a5a5a 5a5a5a5a5a5a5a5a 5a5a5a5a5a5a5a5a 5a5a5a5a5a5a5a5a 5a5a5a5a5a5a5a5a 5a5a5a5a5a5a5a5a 5a5a5a5a5a5a5a5a 5a5a5a5a5a5a5a5a 5a5a5a5a5a5a5a5a 5a5a5a5a5a5a5a5a 5a5a5a5a5a5a5a5a 5a5a5a5a5a5a5a5a 5a5a5a5a5a5a5a5a 5a5a5a5a5a5a5a5a 5a5a5a5a5a5a5a5a 5a5a5a5a5a5a5a5a 5a5a5a5a5a5a5a5a 5a5a5a5a5a5a5a5a 5a5a5a5a5a5a5a5a 5a5a5a5a5a5a5a5a 5a5a5a5a5a5a5a5a 5a5a5a5a5a5a5a5a 5a5a5a5a5a5a5a5a 5a5a5a5a5a5a5a5a 5a5a5a5a5a5a5a5a 5a5a5a5a5a5a5a5a 5a5a5a5a5a5a5a5a 5a5a5a5a5a5a5a5a 5a5a5a5a5a5a5a5a 5a5a5a5a5a5a5a5a 5a5a5a5a5a5a5a5a 5a5a5a5a5a5a5a5a 5a5a5a5a5a5a5a5a 5a5a5a5a5a5a5a5a 5a5a5a5a5a5a5a5a 5a5a5a5a5a5a5a5a 5a5a5a5a5a5a5a5a 5a5a5a5a5a5a5a5a 5a5a5a5a5a5a5a5a 5a5a5a5a5a5a5a5a 5a5a5a5a5a5a5a5a 5a5a5a5a5a5a5a5a 5a5a5a5a5a5a5a5a 5a5a5a5a5a5a5a5a 5a5a5a5a5a5a5a5a 5a5a5a5a5a5a5a5a 5a5a5a5a5a5a5a5a 5a5a5a5a5a5a5a5a 5a5a5a5a5a5a5a5a 5a5a5a5a5a5a5a5a 5a5a5a5a5a5a5a5a 5a5a5a5a5a5a5a5a 5a5a5a5a5a5a5a5a 5a5a5a5a5a5a5a5a 5a5a5a5a5a5a5a5a 5a5a5a5a5a5a5a5a 5a5a5a5a5a5a5a5a 5a5a5a5a5a5a5a5a 5a5a5a5a5a5a5a5a 5a5a5a5a5a5a5a5a 5a5a5a5a5a5a5a5a 5a5a5a5a5a5a5a5a 5a5a5a5a5a5a5a5a 5a5a5a5a5a5a5a5a 5a5a5a5a5a5a5a5a 5a5a5a5a5a5a5a5a 5a5a5a5a5a5a5a5a 5a5a5a5a5a5a5a5a 5a5a5a5a5a5a5a5a 5a5a5a5a5a5a5a5a 5a5a5a5a5a5a5a5a 5a5a5a5a5a5a5a5a 5a5a5a5a5a5a5a5a 5a5a5a5a5a5a5a5a 5a5a5a5a5a5a5a5a 5a5a5a5a5a5a5a5a 5a5a5a5a5a5a5a5a 5a5a5a5a5a5a5a5a 5a5a5a5a5a5a5a5a 5a5a5a5a5a5a5a5a 5a5a5a5a5a5a5a5a 5a5a5a5a5a5a5a5a 5a5a5a5a5a5a5a5a 5a5a5a5a5a5a5a5a 5a5a5a5a5a5a5a5a 5a5a5a5a5a5a5a5a 5a5a5a5a5a5a5a5a 5a5a5a5a5a5a5a5a 5a5a5a5a5a5a5a5a 5a5a5a5a5a5a5a5a 5a5a5a5a5a5a5a5a 5a5a5a5a5a5a5a5a 5a5a5a5a5a5a5a5a 5a5a5a5a5a5a5a5a 5a5a5a5a5a5a5a5a 5a5a5a5a5a5a5a5a 5a5a5a5a5a5a5a5a 5a5a5a5a5a5a5a5a 5a5a5a5a5a5a5a5a 5a5a5a5a5a5a5a5a 5a5a5a5a5a5a5a5a 5a5a5a5a5a5a5a5a 5a5a5a5a5a5a5a5a 5a5a5a5a5a5a5a5a 5a5a5a5a5a5a5a5a 5a5a5a5a5a5a5a5a 5a5a5a5a5a5a5a5a 5a5a5a5a5a5a5a5a 5a5a5a5a5a5a5a5a 5a5a5a5a5a5a5a5a 5a5a5a5a5a5a5a5a 5a5a5a5a5a5a5a5a 5a5a5a5a5a5a5a5a 5a5a5a5a5a5a5a5a 5a5a5a5a5a5a5a5a 5a5a5a5a5a5a5a5a 5a5a5a5a5a5a5a5a 5a5a5a5a5a5a5a5a 5a5a5a5a5a5a5a5a 5a5a5a5a5a5a5a5a 5a5a5a5a5a5a5a5a 5a5a5a5a5a5a5a5a 5a5a5a5a5a5a5a5a 5a5a5a5a5a5a5a5a 5a5a5a5a5a5a5a5a 5a5a5a5a5a5a5a5a 5a5a5a5a5a5a5a5a 5a5a5a5a5a5a5a5a 5a5a5a5a5a5a5a5a 5a5a5a5a5a5a5a5a 5a5a5a5a5a5a5a5a 5a5a5a5a5a5a5a5a 5a5a5a5a5a5a5a5a 5a5a5a5a5a5a5a5a 5a5a5a5a5a5a5a5a 5a5a5a5a5a5a5a5a 5a5a5a5a5a5a5a5a 5a5a5a5a5a5a5a5a 5a5a5a5a5a5a5a5a 5a5a5a5a5a5a5a5a 5a5a5a5a5a5a5a5a 5a5a5a5a5a5a5a5a 5a5a5a5a5a5a5a5a 5a5a5a5a5a5a5a5a 5a5a5a5a5a5a5a5a 5a5a5a5a5a5a5a5a 5a5a5a5a5a5a5a5a 5a5a5a5a5a5a5a5a 5a5a5a5a5a5a5a5a 5a5a5a5a5a5a5a5a 5a5a5a5a5a5a5a5a 5a5a5a5a5a5a5a5a 5a5a5a5a5a5a5a5a 5a5a5a5a5a5a5a5a 5a5a5a5a5a5a5a5a 5a5a5a5a5a5a5a5a 5a5a5a5a5a5a5a5a 5a5a5a5a5a5a5a5a 5a5a5a5a5a5a5a5a 5a5a5a5a5a5a5a5a 5a5a5a5a5a5a5a5a 5a5a5a5a5a5a5a5a 5a5a5a5a5a5a5a5a 5a5a5a5a5a5a5a5a 5a5a5a5a5a5a5a5a 5a5a5a5a5a5a5a5a 5a5a5a5a5a5a5a5a 5a5a5a5a5a5a5a5a 5a5a5a5a5a5a5a5a 5a5a5a5a5a5a5a5a 5a5a5a5a5a5a5a5a 5a5a5a5a5a5a5a5a 5a5a5a5a5a5a5a5a 5a5a5a5a5a5a5a5a 5a5a5a5a5a5a5a5a 5a5a5a5a5a5a5a5a 5a5a5a5a5a5a5a5a 5a5a5a5a5a5a5a5a 5a5a5a5a5a5a5a5a 5a5a5a5a5a5a5a5a 5a5a5a5a5a5a5a5a 5a5a5a5a5a5a5a5a 5a5a5a5a5a5a5a5a 5a5a5a5a5a5a5a5a 5a5a5a5a5a5a5a5a 5a5a5a5a5a5a5a5a 5a5a5a5a5a5a5a5a 5a5a5a5a5a5a5a5a 5a5a5a5a5a5a5a5a 5a5a5a5a5a5a5a5a 5a5a5a5a5a5a5a5a 5a5a5a5a5a5a5a5a 5a5a5a5a5a5a5a5a 5a5a5a5a5a5a5a5a 5a5a5a5a5a5a5a5a 5a5a5a5a5a5a5a5a 5a5a5a5a5a5a5a5a 5a5a5a5a5a5a5a5a 5a5a5a5a5a5a5a5a 5a5a5a5a5a5a5a5a 5a5a5a5a5a5a5a5a 5a5a5a5a5a5a5a5a 5a5a5a5a5a5a5a5a 5a5a5a5a5a5a5a5a 5a5a5a5a5a5a5a5a 5a5a5a5a5a5a5a5a 5a5a5a5a5a5a5a5a 5a5a5a5a5a5a5a5a 5a5a5a5a5a5a5a5a 5a5a5a5a5a5a5a5a 5a5a5a5a5a5a5a5a 5a5a5a5a5a5a5a5a 5a5a5a5a5a5a5a5a 5a5a5a5a5a5a5a5a 5a5a5a5a5a5a5a5a 5a5a5a5a5a5a5a5a 5a5a5a5a5a5a5a5a 5a5a5a5a5a5a5a5a 5a5a5a5a5a5a5a5a 5a5a5a5a5a5a5a5a 5a5a5a5a5a5a5a5a 5a5a5a5a5a5a5a5a 5a5a5a5a5a5a5a5a 5a5a5a5a5a5a5a5a 5a5a5a5a5a5a5a5a 5a5a5a5a5a5a5a5a 5a5a5a5a5a5a5a5a 5a5a5a5a5a5a5a5a 5a5a5a5a5a5a5a5a 5a5a5a5a5a5a5a5a 5a5a5a5a5a5a5a5a 5a5a5a5a5a5a5a5a 5a5a5a5a5a5a5a5a 5a5a5a5a5a5a5a5a 5a5a5a5a5a5a5a5a 5a5a5a5a5a5a5a5a 5a5a5a5a5a5a5a5a 5a5a5a5a5a5a5a5a 5a5a5a5a5a5a5a5a 5a5a5a5a5a5a5a5a 5a5a5a5a5a5a5a5a 5a5a5a5a5a5a5a5a 5a5a5a5a5a5a5a5a 5a5a5a5a5a5a5a5a 5a5a5a5a5a5a5a5a 5a5a5a5a5a5a5a5a 5a5a5a5a5a5a5a5a 5a5a5a5a5a5a5a5a 5a5a5a5a5a5a5a5a 5a5a5a5a5a5a5a5a 5a5a5a5a5a5a5a5a 5a5a5a5a5a5a5a5a 5a5a5a5a5a5a5a5a 5a5a5a5a5a5a5a5a 5a5a5a5a5a5a5a5a 5a5a5a5a5a5a5a5a 5a5a5a5a5a5a5a5a 5a5a5a5a5a5a5a5a 5a5a5a5a5a5a5a5a 5a5a5a5a5a5a5a5a 5a5a5a5a5a5a5a5a 5a5a5a5a5a5a5a5a 5a5a5a5a5a5a5a5a 5a5a5a5a5a5a5a5a 5a5a5a5a5a5a5a5a 5a5a5a5a5a5a5a5a 5a5a5a5a5a5a5a5a 5a5a5a5a5a5a5a5a 5a5a5a5a5a5a5a5a 5a5a5a5a5a5a5a5a 5a5a5a5a5a5a5a5a 5a5a5a5a5a5a5a5a 5a5a5a5a5a5a5a5a 5a5a5a5a5a5a5a5a 5a5a5a5a5a5a5a5a 5a5a5a5a5a5a5a5a 5a5a5a5a5a5a5a5a 5a5a5a5a5a5a5a5a 5a5a5a5a5a5a5a5a 5a5a5a5a5a5a5a5a 5a5a5a5a5a5a5a5a 5a5a5a5a5a5a5a5a 5a5a5a5a5a5a5a5a 5a5a5a5a5a5a5a5a 5a5a5a5a5a5a5a5a 5a5a5a5a5a5a5a5a 5a5a5a5a5a5a5a5a 5a5a5a5a5a5a5a5a 5a5a5a5a5a5a5a5a 5a5a5a5a5a5a5a5a 5a5a5a5a5a5a5a5a 5a5a5a5a5a5a5a5a 5a5a5a5a5a5a5a5a 5a5a5a5a5a5a5a5a 5a5a5a5a5a5a5a5a 5a5a5a5a5a5a5a5a 5a5a5a5a5a5a5a5a 5a5a5a5a5a5a5a5a 5a5a5a5a5a5a5a5a 5a5a5a5a5a5a5a5a 5a5a5a5a5a5a5a5a 5a5a5a5a5a5a5a5a 5a5a5a5a5a5a5a5a 5a5a5a5a5a5a5a5a 5a5a5a5a5a5a5a5a 5a5a5a5a5a5a5a5a 5a5a5a5a5a5a5a5a 5a5a5a5a5a5a5a5a 5a5a5a5a5a5a5a5a 5a5a5a5a5a5a5a5a 5a5a5a5a5a5a5a5a 5a5a5a5a5a5a5a5a 5a5a5a5a5a5a5a5a 5a5a5a5a5a5a5a5a 5a5a5a5a5a5a5a5a 5a5a5a5a5a5a5a5a 5a5a5a5a5a5a5a5a 5a5a5a5a5a5a5a5a 5a5a5a5a5a5a5a5a 5a5a5a5a5a5a5a5a 5a5a5a5a5a5a5a5a 5a5a5a5a5a5a5a5a 5a5a5a5a5a5a5a5a 5a5a5a5a5a5a5a5a 5a5a5a5a5a5a5a5a 5a5a5a5a5a5a5a5a 5a5a5a5a5a5a5a5a 5a5a5a5a5a5a5a5a 5a5a5a5a5a5a5a5a 5a5a5a5a5a5a5a5a 5a5a5a5a5a5a5a5a 5a5a5a5a5a5a5a5a 5a5a5a5a5a5a5a5a 5a5a5a5a5a5a5a5a 5a5a5a5a5a5a5a5a 5a5a5a5a5a5a5a5a 5a5a5a5a5a5a5a5a 5a5a5a5a5a5a5a5a 5a5a5a5a5a5a5a5a 5a5a5a5a5a5a5a5a 5a5a5a5a5a5a5a5a 5a5a5a5a5a5a5a5a 5a5a5a5a5a5a5a5a 5a5a5a5a5a5a5a5a 5a5a5a5a5a5a5a5a 5a5a5a5a5a5a5a5a 5a5a5a5a5a5a5a5a 5a5a5a5a5a5a5a5a 5a5a5a5a5a5a5a5a 5a5a5a5a5a5a5a5a 5a5a5a5a5a5a5a5a 5a5a5a5a5a5a5a5a 5a5a5a5a5a5a5a5a 5a5a5a5a5a5a5a5a 5a5a5a5a5a5a5a5a 5a5a5a5a5a5a5a5a 5a5a5a5a5a5a5a5a 5a5a5a5a5a5a5a5a 5a5a5a5a5a5a5a5a 5a5a5a5a5a5a5a5a 5a5a5a5a5a5a5a5a 5a5a5a5a5a5a5a5a 5a5a5a5a5a5a5a5a 5a5a5a5a5a5a5a5a 5a5a5a5a5a5a5a5a 5a5a5a5a5a5a5a5a 5a5a5a5a5a5a5a5a 5a5a5a5a5a5a5a5a 5a5a5a5a5a5a5a5a 5a5a5a5a5a5a5a5a 5a5a5a5a5a5a5a5a 5a5a5a5a5a5a5a5a 5a5a5a5a5a5a5a5a 5a5a5a5a5a5a5a5a 5a5a5a5a5a5a5a5a 5a5a5a5a5a5a5a5a 5a5a5a5a5a5a5a5a 5a5a5a5a5a5a5a5a 5a5a5a5a5a5a5a5a 5a5a5a5a5a5a5a5a 5a5a5a5a5a5a5a5a 5a5a5a5a5a5a5a5a 5a5a5a5a5a5a5a5a 5a5a5a5a5a5a5a5a 5a5a5a5a5a5a5a5a 5a5a5a5a5a5a5a5a 5a5a5a5a5a5a5a5a 5a5a5a5a5a5a5a5a 5a5a5a5a5a5a5a5a 5a5a5a5a5a5a5a5a 5a5a5a5a5a5a5a5a 5a5a5a5a5a5a5a5a 5a5a5a5a5a5a5a5a 5a5a5a5a5a5a5a5a 5a5a5a5a5a5a5a5a 5a5a5a5a5a5a5a5a 5a5a5a5a5a5a5a5a 5a5a5a5a5a5a5a5a 5a5a5a5a5a5a5a5a 5a5a5a5a5a5a5a5a 5a5a5a5a5a5a5a5a 5a5a5a5a5a5a5a5a 5a5a5a5a5a5a5a5a 5a5a5a5a5a5a5a5a 5a5a5a5a5a5a5a5a 5a5a5a5a5a5a5a5a 5a5a5a5a5a5a5a5a 5a5a5a5a5a5a5a5a 5a5a5a5a5a5a5a5a 5a5a5a5a5a5a5a5a 5a5a5a5a5a5a5a5a 5a5a5a5a5a5a5a5a 5a5a5a5a5a5a5a5a 5a5a5a5a5a5a5a5a 5a5a5a5a5a5a5a5a 5a5a5a5a5a5a5a5a 5a5a5a5a5a5a5a5a 5a5a5a5a5a5a5a5a 5a5a5a5a5a5a5a5a 5a5a5a5a5a5a5a5a 5a5a5a5a5a5a5a5a 5a5a5a5a5a5a5a5a 5a5a5a5a5a5a5a5a 5a5a5a5a5a5a5a5a 5a5a5a5a5a5a5a5a 5a5a5a5a5a5a5a5a 5a5a5a5a5a5a5a5a 5a5a5a5a5a5a5a5a 5a5a5a5a5a5a5a5a 5a5a5a5a5a5a5a5a 5a5a5a5a5a5a5a5a 5a5a5a5a5a5a5a5a 5a5a5a5a5a5a5a5a 5a5a5a5a5a5a5a5a 5a5a5a5a5a5a5a5a 5a5a5a5a5a5a5a5a 5a5a5a5a5a5a5a5a 5a5a5a5a5a5a5a5a 5a5a5a5a5a5a5a5a 5a5a5a5a5a5a5a5a 5a5a5a5a5a5a5a5a 5a5a5a5a5a5a5a5a 5a5a5a5a5a5a5a5a 5a5a5a5a5a5a5a5a 5a5a5a5a5a5a5a5a 5a5a5a5a5a5a5a5a 5a5a5a5a5a5a5a5a 5a5a5a5a5a5a5a5a 5a5a5a5a5a5a5a5a 5a5a5a5a5a5a5a5a 5a5a5a5a5a5a5a5a 5a5a5a5a5a5a5a5a 5a5a5a5a5a5a5a5a 5a5a5a5a5a5a5a5a 5a5a5a5a5a5a5a5a 5a5a5a5a5a5a5a5a 5a5a5a5a5a5a5a5a 5a5a5a5a5a5a5a5a 5a5a5a5a5a5a5a5a 5a5a5a5a5a5a5a5a 5a5a5a5a5a5a5a5a 5a5a5a5a5a5a5a5a 5a5a5a5a5a5a5a5a 5a5a5a5a5a5a5a5a 5a5a5a5a5a5a5a5a 5a5a5a5a5a5a5a5a 5a5a5a5a5a5a5a5a 5a5a5a5a5a5a5a5a 5a5a5a5a5a5a5a5a 5a5a5a5a5a5a5a5a 5a5a5a5a5a5a5a5a 5a5a5a5a5a5a5a5a 5a5a5a5a5a5a5a5a 5a5a5a5a5a5a5a5a 5a5a5a5a5a5a5a5a 5a5a5a5a5a5a5a5a 5a5a5a5a5a5a5a5a 5a5a5a5a5a5a5a5a 5a5a5a5a5a5a5a5a 5a5a5a5a5a5a5a5a 5a5a5a5a5a5a5a5a 5a5a5a5a5a5a5a5a 5a5a5a5a5a5a5a5a 5a5a5a5a5a5a5a5a 5a5a5a5a5a5a5a5a 5a5a5a5a5a5a5a5a 5a5a5a5a5a5a5a5a 5a5a5a5a5a5a5a5a 5a5a5a5a5a5a5a5a 5a5a5a5a5a5a5a5a 5a5a5a5a5a5a5a5a 5a5a5a5a5a5a5a5a 5a5a5a5a5a5a5a5a 5a5a5a5a5a5a5a5a 5a5a5a5a5a5a5a5a 5a5a5a5a5a5a5a5a 5a5a5a5a5a5a5a5a 5a5a5a5a5a5a5a5a 5a5a5a5a5a5a5a5a 5a5a5a5a5a5a5a5a 5a5a5a5a5a5a5a5a 5a5a5a5a5a5a5a5a 5a5a5a5a5a5a5a5a 5a5a5a5a5a5a5a5a 5a5a5a5a5a5a5a5a 5a5a5a5a5a5a5a5a 5a5a5a5a5a5a5a5a 5a5a5a5a5a5a5a5a 5a5a5a5a5a5a5a5a 5a5a5a5a5a5a5a5a 5a5a5a5a5a5a5a5a 5a5a5a5a5a5a5a5a 5a5a5a5a5a5a5a5a 5a5a5a5a5a5a5a5a 5a5a5a5a5a5a5a5a 5a5a5a5a5a5a5a5a 5a5a5a5a5a5a5a5a 5a5a5a5a5a5a5a5a 5a5a5a5a5a5a5a5a 5a5a5a5a5a5a5a5a 5a5a5a5a5a5a5a5a 5a5a5a5a5a5a5a5a 5a5a5a5a5a5a5a5a 5a5a5a5a5a5a5a5a 5a5a5a5a5a5a5a5a 5a5a5a5a5a5a5a5a 5a5a5a5a5a5a5a5a 5a5a5a5a5a5a5a5a 5a5a5a5a5a5a5a5a 5a5a5a5a5a5a5a5a 5a5a5a5a5a5a5a5a 5a5a5a5a5a5a5a5a 5a5a5a5a5a5a5a5a 5a5a5a5a5a5a5a5a 5a5a5a5a5a5a5a5a 5a5a5a5a5a5a5a5a 5a5a5a5a5a5a5a5a 5a5a5a5a5a5a5a5a 5a5a5a5a5a5a5a5a 5a5a5a5a5a5a5a5a 5a5a5a5a5a5a5a5a 5a5a5a5a5a5a5a5a 5a5a5a5a5a5a5a5a 5a5a5a5a5a5a5a5a 5a5a5a5a5a5a5a5a 5a5a5a5a5a5a5a5a 5a5a5a5a5a5a5a5a 5a5a5a5a5a5a5a5a 5a5a5a5a5a5a5a5a 5a5a5a5a5a5a5a5a 5a5a5a5a5a5a5a5a 5a5a5a5a5a5a5a5a 5a5a5a5a5a5a5a5a 5a5a5a5a5a5a5a5a 5a5a5a5a5a5a5a5a 5a5a5a5a5a5a5a5a 5a5a5a5a5a5a5a5a 5a5a5a5a5a5a5a5a 5a5a5a5a5a5a5a5a 5a5a5a5a5a5a5a5a 5a5a5a5a5a5a5a5a 5a5a5a5a5a5a5a5a 5a5a5a5a5a5a5a5a 5a5a5a5a5a5a5a5a 5a5a5a5a5a5a5a5a 5a5a5a5a5a5a5a5a 5a5a5a5a5a5a5a5a 5a5a5a5a5a5a5a5a 5a5a5a5a5a5a5a5a 5a5a5a5a5a5a5a5a 5a5a5a5a5a5a5a5a 5a5a5a5a5a5a5a5a 5a5a5a5a5a5a5a5a 5a5a5a5a5a5a5a5a 5a5a5a5a5a5a5a5a 5a5a5a5a5a5a5a5a 5a5a5a5a5a5a5a5a 5a5a5a5a5a5a5a5a 5a5a5a5a5a5a5a5a 5a5a5a5a5a5a5a5a 5a5a5a5a5a5a5a5a 5a5a5a5a5a5a5a5a 5a5a5a5a5a5a5a5a 5a5a5a5a5a5a5a5a 5a5a5a5a5a5a5a5a 5a5a5a5a5a5a5a5a 5a5a5a5a5a5a5a5a 5a5a5a5a5a5a5a5a 5a5a5a5a5a5a5a5a 5a5a5a5a5a5a5a5a 5a5a5a5a5a5a5a5a 5a5a5a5a5a5a5a5a 5a5a5a5a5a5a5a5a 5a5a5a5a5a5a5a5a 5a5a5a5a5a5a5a5a 5a5a5a5a5a5a5a5a 5a5a5a5a5a5a5a5a 5a5a5a5a5a5a5a5a 5a5a5a5a5a5a5a5a 5a5a5a5a5a5a5a5a 5a5a5a5a5a5a5a5a 5a5a5a5a5a5a5a5a 5a5a5a5a5a5a5a5a 5a5a5a5a5a5a5a5a 5a5a5a5a5a5a5a5a 5a5a5a5a5a5a5a5a 5a5a5a5a5a5a5a5a 5a5a5a5a5a5a5a5a 5a5a5a5a5a5a5a5a 5a5a5a5a5a5a5a5a 5a5a5a5a5a5a5a5a 5a5a5a5a5a5a5a5a 5a5a5a5a5a5a5a5a 5a5a5a5a5a5a5a5a 5a5a5a5a5a5a5a5a 5a5a5a5a5a5a5a5a 5a5a5a5a5a5a5a5a 5a5a5a5a5a5a5a5a 5a5a5a5a5a5a5a5a 5a5a5a5a5a5a5a5a 5a5a5a5a5a5a5a5a 5a5a5a5a5a5a5a5a 5a5a5a5a5a5a5a5a 5a5a5a5a5a5a5a5a 5a5a5a5a5a5a5a5a 5a5a5a5a5a5a5a5a 5a5a5a5a5a5a5a5a 5a5a5a5a5a5a5a5a 5a5a5a5a5a5a5a5a 5a5a5a5a5a5a5a5a 5a5a5a5a5a5a5a5a 5a5a5a5a5a5a5a5a 5a5a5a5a5a5a5a5a 5a5a5a5a5a5a5a5a 5a5a5a5a5a5a5a5a 5a5a5a5a5a5a5a5a 5a5a5a5a5a5a5a5a 5a5a5a5a5a5a5a5a 5a5a5a5a5a5a5a5a 5a5a5a5a5a5a5a5a 5a5a5a5a5a5a5a5a 5a5a5a5a5a5a5a5a 5a5a5a5a5a5a5a5a 5a5a5a5a5a5a5a5a 5a5a5a5a5a5a5a5a 5a5a5a5a5a5a5a5a 5a5a5a5a5a5a5a5a 5a5a5a5a5a5a5a5a 5a5a5a5a5a5a5a5a 5a5a5a5a5a5a5a5a 5a5a5a5a5a5a5a5a 5a5a5a5a5a5a5a5a 5a5a5a5a5a5a5a5a 5a5a5a5a5a5a5a5a 5a5a5a5a5a5a5a5a 5a5a5a5a5a5a5a5a 5a5a5a5a5a5a5a5a 5a5a5a5a5a5a5a5a 5a5a5a5a5a5a5a5a 5a5a5a5a5a5a5a5a 5a5a5a5a5a5a5a5a 5a5a5a5a5a5a5a5a 5a5a5a5a5a5a5a5a 5a5a5a5a5a5a5a5a 5a5a5a5a5a5a5a5a 5a5a5a5a5a5a5a5a 5a5a5a5a5a5a5a5a 5a5a5a5a5a5a5a5a 5a5a5a5a5a5a5a5a 5a5a5a5a5a5a5a5a 5a5a5a5a5a5a5a5a 5a5a5a5a5a5a5a5a 5a5a5a5a5a5a5a5a 5a5a5a5a5a5a5a5a 5a5a5a5a5a5a5a5a 5a5a5a5a5a5a5a5a 5a5a5a5a5a5a5a5a 5a5a5a5a5a5a5a5a 5a5a5a5a5a5a5a5a 5a5a5a5a5a5a5a5a 5a5a5a5a5a5a5a5a 5a5a5a5a5a5a5a5a 5a5a5a5a5a5a5a5a 5a5a5a5a5a5a5a5a 5a5a5a5a5a5a5a5a 5a5a5a5a5a5a5a5a 5a5a5a5a5a5a5a5a 5a5a5a5a5a5a5a5a 5a5a5a5a5a5a5a5a 5a5a5a5a5a5a5a5a 5a5a5a5a5a5a5a5a 5a5a5a5a5a5a5a5a 5a5a5a5a5a5a5a5a 5a5a5a5a5a5a5a5a 5a5a5a5a5a5a5a5a 5a5a5a5a5a5a5a5a 5a5a5a5a5a5a5a5a 5a5a5a5a5a5a5a5a 5a5a5a5a5a5a5a5a 5a5a5a5a5a5a5a5a 5a5a5a5a5a5a5a5a 5a5a5a5a5a5a5a5a 5a5a5a5a5a5a5a5a 5a5a5a5a5a5a5a5a 5a5a5a5a5a5a5a5a 5a5a5a5a5a5a5a5a 5a5a5a5a5a5a5a5a 5a5a5a5a5a5a5a5a 5a5a5a5a5a5a5a5a 5a5a5a5a5a5a5a5a 5a5a5a5a5a5a5a5a 5a5a5a5a5a5a5a5a 5a5a5a5a5a5a5a5a 5a5a5a5a5a5a5a5a 5a5a5a5a5a5a5a5a 5a5a5a5a5a5a5a5a 5a5a5a5a5a5a5a5a 5a5a5a5a5a5a5a5a 5a5a5a5a5a5a5a5a 5a5a5a5a5a5a5a5a 5a5a5a5a5a5a5a5a 5a5a5a5a5a5a5a5a 5a5a5a5a5a5a5a5a 5a5a5a5a5a5a5a5a 5a5a5a5a5a5a5a5a 5a5a5a5a5a5a5a5a 5a5a5a5a5a5a5a5a 5a5a5a5a5a5a5a5a 5a5a5a5a5a5a5a5a 5a5a5a5a5a5a5a5a 5a5a5a5a5a5a5a5a 5a5a5a5a5a5a5a5a 5a5a5a5a5a5a5a5a 5a5a5a5a5a5a5a5a 5a5a5a5a5a5a5a5a 5a5a5a5a5a5a5a5a 5a5a5a5a5a5a5a5a 5a5a5a5a5a5a5a5a 5a5a5a5a5a5a5a5a 5a5a5a5a5a5a5a5a 5a5a5a5a5a5a5a5a 5a5a5a5a5a5a5a5a 5a5a5a5a5a5a5a5a 5a5a5a5a5a5a5a5a 5a5a5a5a5a5a5a5a 5a5a5a5a5a5a5a5a 5a5a5a5a5a5a5a5a 5a5a5a5a5a5a5a5a 5a5a5a5a5a5a5a5a 5a5a5a5a5a5a5a5a 5a5a5a5a5a5a5a5a 5a5a5a5a5a5a5a5a 5a5a5a5a5a5a5a5a 5a5a5a5a5a5a5a5a 5a5a5a5a5a5a5a5a 5a5a5a5a5a5a5a5a 5a5a5a5a5a5a5a5a 5a5a5a5a5a5a5a5a 5a5a5a5a5a5a5a5a 5a5a5a5a5a5a5a5a 5a5a5a5a5a5a5a5a 5a5a5a5a5a5a5a5a 5a5a5a5a5a5a5a5a 5a5a5a5a5a5a5a5a 5a5a5a5a5a5a5a5a 5a5a5a5a5a5a5a5a 5a5a5a5a5a5a5a5a 5a5a5a5a5a5a5a5a 5a5a5a5a5a5a5a5a 5a5a5a5a5a5a5a5a 5a5a5a5a5a5a5a5a 5a5a5a5a5a5a5a5a 5a5a5a5a5a5a5a5a 5a5a5a5a5a5a5a5a 5a5a5a5a5a5a5a5a 5a5a5a5a5a5a5a5a 5a5a5a5a5a5a5a5a 5a5a5a5a5a5a5a5a 5a5a5a5a5a5a5a5a 5a5a5a5a5a5a5a5a 5a5a5a5a5a5a5a5a 5a5a5a5a5a5a5a5a 5a5a5a5a5a5a5a5a 5a5a5a5a5a5a5a5a 5a5a5a5a5a5a5a5a 5a5a5a5a5a5a5a5a 5a5a5a5a5a5a5a5a 5a5a5a5a5a5a5a5a 5a5a5a5a5a5a5a5a 5a5a5a5a5a5a5a5a 5a5a5a5a5a5a5a5a 5a5a5a5a5a5a5a5a 5a5a5a5a5a5a5a5a 5a5a5a5a5a5a5a5a 5a5a5a5a5a5a5a5a 5a5a5a5a5a5a5a5a 5a5a5a5a5a5a5a5a 5a5a5a5a5a5a5a5a 5a5a5a5a5a5a5a5a 5a5a5a5a5a5a5a5a 5a5a5a5a5a5a5a5a 5a5a5a5a5a5a5a5a 5a5a5a5a5a5a5a5a 5a5a5a5a5a5a5a5a 5a5a5a5a5a5a5a5a 5a5a5a5a5a5a5a5a 5a5a5a5a5a5a5a5a 5a5a5a5a5a5a5a5a 5a5a5a5a5a5a5a5a 5a5a5a5a5a5a5a5a 5a5a5a5a5a5a5a5a 5a5a5a5a5a5a5a5a 5a5a5a5a5a5a5a5a 5a5a5a5a5a5a5a5a 5a5a5a5a5a5a5a5a 5a5a5a5a5a5a5a5a 5a5a5a5a5a5a5a5a 5a5a5a5a5a5a5a5a 5a5a5a5a5a5a5a5a 5a5a5a5a5a5a5a5a 5a5a5a5a5a5a5a5a 5a5a5a5a5a5a5a5a 5a5a5a5a5a5a5a5a 5a5a5a5a5a5a5a5a 5a5a5a5a5a5a5a5a 5a5a5a5a5a5a5a5a 5a5a5a5a5a5a5a5a 5a5a5a5a5a5a5a5a 5a5a5a5a5a5a5a5a 5a5a5a5a5a5a5a5a 5a5a5a5a5a5a5a5a 5a5a5a5a5a5a5a5a 5a5a5a5a5a5a5a5a 5a5a5a5a5a5a5a5a 5a5a5a5a5a5a5a5a 5a5a5a5a5a5a5a5a 5a5a5a5a5a5a5a5a 5a5a5a5a5a5a5a5a 5a5a5a5a5a5a5a5a 5a5a5a5a5a5a5a5a 5a5a5a5a5a5a5a5a 5a5a5a5a5a5a5a5a 5a5a5a5a5a5a5a5a 5a5a5a5a5a5a5a5a 5a5a5a5a5a5a5a5a 5a5a5a5a5a5a5a5a 5a5a5a5a5a5a5a5a 5a5a5a5a5a5a5a5a 5a5a5a5a5a5a5a5a 5a5a5a5a5a5a5a5a 5a5a5a5a5a5a5a5a 5a5a5a5a5a5a5a5a 5a5a5a5a5a5a5a5a 5a5a5a5a5a5a5a5a 5a5a5a5a5a5a5a5a 5a5a5a5a5a5a5a5a 5a5a5a5a5a5a5a5a 5a5a5a5a5a5a5a5a 5a5a5a5a5a5a5a5a 5a5a5a5a5a5a5a5a 5a5a5a5a5a5a5a5a 5a5a5a5a5a5a5a5a 5a5a5a5a5a5a5a5a 5a5a5a5a5a5a5a5a 5a5a5a5a5a5a5a5a 5a5a5a5a5a5a5a5a 5a5a5a5a5a5a5a5a 5a5a5a5a5a5a5a5a 5a5a5a5a5a5a5a5a 5a5a5a5a5a5a5a5a 5a5a5a5a5a5a5a5a 5a5a5a5a5a5a5a5a 5a5a5a5a5a5a5a5a 5a5a5a5a5a5a5a5a 5a5a5a5a5a5a5a5a 5a5a5a5a5a5a5a5a 5a5a5a5a5a5a5a5a 5a5a5a5a5a5a5a5a 5a5a5a5a5a5a5a5a 5a5a5a5a5a5a5a5a 5a5a5a5a5a5a5a5a 5a5a5a5a5a5a5a5a 5a5a5a5a5a5a5a5a 5a5a5a5a5a5a5a5a 5a5a5a5a5a5a5a5a 5a5a5a5a5a5a5a5a 5a5a5a5a5a5a5a5a 5a5a5a5a5a5a5a5a 5a5a5a5a5a5a5a5a 5a5a5a5a5a5a5a5a 5a5a5a5a5a5a5a5a 5a5a5a5a5a5a5a5a 5a5a5a5a5a5a5a5a 5a5a5a5a5a5a5a5a 5a5a5a5a5a5a5a5a 5a5a5a5a5a5a5a5a 5a5a5a5a5a5a5a5a 5a5a5a5a5a5a5a5a 5a5a5a5a5a5a5a5a 5a5a5a5a5a5a5a5a 5a5a5a5a5a5a5a5a 5a5a5a5a5a5a5a5a 5a5a5a5a5a5a5a5a 5a5a5a5a5a5a5a5a 5a5a5a5a5a5a5a5a 5a5a5a5a5a5a5a5a 5a5a5a5a5a5a5a5a 5a5a5a5a5a5a5a5a 5a5a5a5a5a5a5a5a 5a5a5a5a5a5a5a5a 5a5a5a5a5a5a5a5a 5a5a5a5a5a5a5a5a 5a5a5a5a5a5a5a5a 5a5a5a5a5a5a5a5a 5a5a5a5a5a5a5a5a 5a5a5a5a5a5a5a5a 5a5a5a5a5a5a5a5a 5a5a5a5a5a5a5a5a 5a5a5a5a5a5a5a5a 5a5a5a5a5a5a5a5a 5a5a5a5a5a5a5a5a 5a5a5a5a5a5a5a5a 5a5a5a5a5a5a5a5a 5a5a5a5a5a5a5a5a 5a5a5a5a5a5a5a5a 5a5a5a5a5a5a5a5a 5a5a5a5a5a5a5a5a 5a5a5a5a5a5a5a5a 5a5a5a5a5a5a5a5a 5a5a5a5a5a5a5a5a 5a5a5a5a5a5a5a5a 5a5a5a5a5a5a5a5a 5a5a5a5a5a5a5a5a 5a5a5a5a5a5a5a5a 5a5a5a5a5a5a5a5a 5a5a5a5a5a5a5a5a 5a5a5a5a5a5a5a5a 5a5a5a5a5a5a5a5a 5a5a5a5a5a5a5a5a 5a5a5a5a5a5a5a5a 5a5a5a5a5a5a5a5a 5a5a5a5a5a5a5a5a 5a5a5a5a5a5a5a5a 5a5a5a5a5a5a5a5a 5a5a5a5a5a5a5a5a 5a5a5a5a5a5a5a5a 5a5a5a5a5a5a5a5a 5a5a5a5a5a5a5a5a 5a5a5a5a5a5a5a5a 5a5a5a5a5a5a5a5a 5a5a5a5a5a5a5a5a 5a5a5a5a5a5a5a5a 5a5a5a5a5a5a5a5a 5a5a5a5a5a5a5a5a 5a5a5a5a5a5a5a5a 5a5a5a5a5a5a5a5a 5a5a5a5a5a5a5a5a 5a5a5a5a5a5a5a5a 5a5a5a5a5a5a5a5a 5a5a5a5a5a5a5a5a 5a5a5a5a5a5a5a5a 5a5a5a5a5a5a5a5a 5a5a5a5a5a5a5a5a 5a5a5a5a5a5a5a5a 5a5a5a5a5a5a5a5a 5a5a5a5a5a5a5a5a 5a5a5a5a5a5a5a5a 5a5a5a5a5a5a5a5a 5a5a5a5a5a5a5a5a 5a5a5a5a5a5a5a5a 5a5a5a5a5a5a5a5a 5a5a5a5a5a5a5a5a 5a5a5a5a5a5a5a5a 5a5a5a5a5a5a5a5a 5a5a5a5a5a5a5a5a 5a5a5a5a5a5a5a5a 5a5a5a5a5a5a5a5a 5a5a5a5a5a5a5a5a 5a5a5a5a5a5a5a5a 5a5a5a5a5a5a5a5a 5a5a5a5a5a5a5a5a 5a5a5a5a5a5a5a5a 5a5a5a5a5a5a5a5a 5a5a5a5a5a5a5a5a 5a5a5a5a5a5a5a5a 5a5a5a5a5a5a5a5a 5a5a5a5a5a5a5a5a 5a5a5a5a5a5a5a5a 5a5a5a5a5a5a5a5a 5a5a5a5a5a5a5a5a 5a5a5a5a5a5a5a5a 5a5a5a5a5a5a5a5a 5a5a5a5a5a5a5a5a 5a5a5a5a5a5a5a5a 5a5a5a5a5a5a5a5a 5a5a5a5a5a5a5a5a 5a5a5a5a5a5a5a5a 5a5a5a5a5a5a5a5a 5a5a5a5a5a5a5a5a 5a5a5a5a5a5a5a5a 5a5a5a5a5a5a5a5a 5a5a5a5a5a5a5a5a 5a5a5a5a5a5a5a5a 5a5a5a5a5a5a5a5a 5a5a5a5a5a5a5a5a 5a5a5a5a5a5a5a5a 5a5a5a5a5a5a5a5a 5a5a5a5a5a5a5a5a 5a5a5a5a5a5a5a5a 5a5a5a5a5a5a5a5a 5a5a5a5a5a5a5a5a 5a5a5a5a5a5a5a5a 5a5a5a5a5a5a5a5a 5a5a5a5a5a5a5a5a 5a5a5a5a5a5a5a5a 5a5a5a5a5a5a5a5a 5a5a5a5a5a5a5a5a 5a5a5a5a5a5a5a5a 5a5a5a5a5a5a5a5a 5a5a5a5a5a5a5a5a 5a5a5a5a5a5a5a5a 5a5a5a5a5a5a5a5a 5a5a5a5a5a5a5a5a 5a5a5a5a5a5a5a5a 5a5a5a5a5a5a5a5a 5a5a5a5a5a5a5a5a 5a5a5a5a5a5a5a5a 5a5a5a5a5a5a5a5a 5a5a5a5a5a5a5a5a 5a5a5a5a5a5a5a5a 5a5a5a5a5a5a5a5a 5a5a5a5a5a5a5a5a 5a5a5a5a5a5a5a5a 5a5a5a5a5a5a5a5a 5a5a5a5a5a5a5a5a 5a5a5a5a5a5a5a5a 5a5a5a5a5a5a5a5a 5a5a5a5a5a5a5a5a 5a5a5a5a5a5a5a5a 5a5a5a5a5a5a5a5a 5a5a5a5a5a5a5a5a 5a5a5a5a5a5a5a5a 5a5a5a5a5a5a5a5a 5a5a5a5a5a5a5a5a 5a5a5a5a5a5a5a5a 5a5a5a5a5a5a5a5a 5a5a5a5a5a5a5a5a 5a5a5a5a5a5a5a5a 5a5a5a5a5a5a5a5a 5a5a5a5a5a5a5a5a 5a5a5a5a5a5a5a5a 5a5a5a5a5a5a5a5a 5a5a5a5a5a5a5a5a 5a5a5a5a5a5a5a5a 5a5a5a5a5a5a5a5a 5a5a5a5a5a5a5a5a 5a5a5a5a5a5a5a5a 5a5a5a5a5a5a5a5a 5a5a5a5a5a5a5a5a 5a5a5a5a5a5a5a5a 5a5a5a5a5a5a5a5a 5a5a5a5a5a5a5a5a 5a5a5a5a5a5a5a5a 5a5a5a5a5a5a5a5a 5a5a5a5a5a5a5a5a 5a5a5a5a5a5a5a5a 5a5a5a5a5a5a5a5a 5a5a5a5a5a5a5a5a 5a5a5a5a5a5a5a5a
RESOURCE 165 1 1 165
END COMPLETED 2 0 4609 2 FRAME_CANARIES_PASS
