0 3fd72e65b138a2d9 0000000000000000 0000000000000000
1 bfeb882cad8b7e4d 0000000000000000 ffffffffffffffff
0 bfd1c0e68c705441 0000000000000000 ffffffffffffffff
1 bfe42d1ed8de2caf 0000000000000000 ffffffffffffffff
0 3fd37129c606f8f3 0000000000000000 0000000000000000
1 bfe7d707f8f0005b 0000000000000000 ffffffffffffffff
0 3fd925c697d35583 0000000000000000 0000000000000000
1 3fe814d5b240cda5 0000000000000000 0000000000000000
0 3fd0fb13f45420ee 0000000000000000 0000000000000000
1 bfe78baab44a4990 0000000000000000 ffffffffffffffff
0 bfdc523cff843c75 0000000000000000 ffffffffffffffff
1 bfed1ad4e0ef6ec2 0000000000000000 ffffffffffffffff
0 bfd864644d1d3bff 0000000000000000 ffffffffffffffff
1 3fef06ae3721052b 0000000000000000 0000000000000000
0 3fdc157f9a3149ec 0000000000000000 0000000000000000
1 3fe4954b28186808 0000000000000000 0000000000000000
0 3fde32497bcaf0a5 0000000000000000 0000000000000000
1 bfe796de9192a0e5 0000000000000000 ffffffffffffffff
0 bfd3d03ce7d9fe34 0000000000000000 ffffffffffffffff
1 3fe5924ae46d8b23 0000000000000000 0000000000000000
0 3fd3daa6fd13917d 0000000000000000 0000000000000000
1 bfe86481f7279226 0000000000000000 ffffffffffffffff
0 bfd5fef45f4c5d72 0000000000000000 ffffffffffffffff
1 3feac30f59e59b93 0000000000000000 0000000000000000
0 3fd768b8e060abc4 0000000000000000 0000000000000000
1 3febb97b6d334ea0 0000000000000000 0000000000000000
0 bfd16ad829e8f831 0000000000000000 ffffffffffffffff
1 3fe5ad8603bdc01c 0000000000000000 0000000000000000
0 3fd914d5e96690a6 0000000000000000 0000000000000000
1 bfe418d06a77d5c3 0000000000000000 ffffffffffffffff
0 bfdb31d8e18a1179 0000000000000000 ffffffffffffffff
1 3fe8abdf436e036a 0000000000000000 0000000000000000
0 bfd4dfef15d27c3c 0000000000000000 ffffffffffffffff
1 bfe98df26e251d6e 0000000000000000 ffffffffffffffff
0 bfd6d030a133eaed 0000000000000000 ffffffffffffffff
1 3fe57eb66f287ec1 0000000000000000 0000000000000000
0 bfd51c846b66bcaf 0000000000000000 ffffffffffffffff
1 3fec05ae67aca02b 0000000000000000 0000000000000000
0 bfd31f58422848ad 0000000000000000 ffffffffffffffff
1 3febb8c11626966d 0000000000000000 0000000000000000
0 bfd2cb2224459e2d 0000000000000000 ffffffffffffffff
1 3fe6df563f0eaa0e 0000000000000000 0000000000000000
0 bfda53df9dd7ddc0 0000000000000000 ffffffffffffffff
1 bfe3c9c21a6e134b 0000000000000000 ffffffffffffffff
0 3fde0f2f0729ad49 0000000000000000 0000000000000000
1 3fe8437e19961f4e 0000000000000000 0000000000000000
0 bfd46f953ac5ef40 0000000000000000 ffffffffffffffff
1 bfe6647e0ec04563 0000000000000000 ffffffffffffffff
0 bfdc630819f64991 0000000000000000 ffffffffffffffff
1 bfef22766e7e1042 0000000000000000 ffffffffffffffff
0 3fd652b880bffca1 0000000000000000 0000000000000000
1 bfe882be736e6ad4 0000000000000000 ffffffffffffffff
0 3fd98de45cb8eb9b 0000000000000000 0000000000000000
1 bfe92dc0bec0ddf1 0000000000000000 ffffffffffffffff
0 bfd854d1ee4aad60 0000000000000000 ffffffffffffffff
1 3fef750d7f5aa18c 0000000000000000 0000000000000000
0 3fdb7df031095c3e 0000000000000000 0000000000000000
1 3fe0638010b81ff3 0000000000000000 0000000000000000
0 bfd8d514b6211714 0000000000000000 ffffffffffffffff
1 bfecdf1169b23db6 0000000000000000 ffffffffffffffff
0 3fd2ee4080f75849 0000000000000000 0000000000000000
1 bfef2a21f1918042 0000000000000000 ffffffffffffffff
0 3fdbce6d07fde622 0000000000000000 0000000000000000
1 bfeb5bcdef79ff6a 0000000000000000 ffffffffffffffff
0 3fd9c929de0e5779 0000000000000000 0000000000000000
1 3fee4c2a9df1b6aa 0000000000000000 0000000000000000
0 bfd004f4bfe0e289 0000000000000000 ffffffffffffffff
1 3fe7351ccdf51a1d 0000000000000000 0000000000000000
0 3fd7ff78043e381e 0000000000000000 0000000000000000
1 3fe01895641a26f2 0000000000000000 0000000000000000
0 3fdec85a95547c8d 0000000000000000 0000000000000000
1 bfe4271025711dfc 0000000000000000 ffffffffffffffff
0 3fd000830b07ae88 0000000000000000 0000000000000000
1 bfeea4402368f292 0000000000000000 ffffffffffffffff
0 bfd7b4af4d23019e 0000000000000000 ffffffffffffffff
1 3fe9929ccb515495 0000000000000000 0000000000000000
0 3fd2980925451bcd 0000000000000000 0000000000000000
1 3fe825c246418caf 0000000000000000 0000000000000000
0 bfdf16a1ab842fbd 0000000000000000 ffffffffffffffff
1 3fe9e2a70e41bea0 0000000000000000 0000000000000000
0 bfd0a091d0c5cb62 0000000000000000 ffffffffffffffff
1 bfee5dd8ad2c771d 0000000000000000 ffffffffffffffff
0 3fd566e5459b6708 0000000000000000 0000000000000000
1 bfee7222c843ece0 0000000000000000 ffffffffffffffff
0 3fd7f22ffee1a199 0000000000000000 0000000000000000
1 3fe659b8cc952576 0000000000000000 0000000000000000
0 3fdc1b11f116abc0 0000000000000000 0000000000000000
1 3fec8f562a027f25 0000000000000000 0000000000000000
0 3fd8feba5b1c2663 0000000000000000 0000000000000000
1 3fecdd4363f47346 0000000000000000 0000000000000000
0 bfd685c4c884b7f2 0000000000000000 ffffffffffffffff
1 3fe39a34f2ea538d 0000000000000000 0000000000000000
0 3fda6b29c6386728 0000000000000000 0000000000000000
1 bfe3d17695292ab1 0000000000000000 ffffffffffffffff
0 bfd3c61002749464 0000000000000000 ffffffffffffffff
1 3fe0858b0e3b8468 0000000000000000 0000000000000000
0 bfd4f0f1211eeb26 0000000000000000 ffffffffffffffff
1 3fee034fd71a0a5c 0000000000000000 0000000000000000
0 bfd85b0ca7425078 0000000000000000 ffffffffffffffff
1 bfe38cbec8aff46a 0000000000000000 ffffffffffffffff
0 3fdc04d1b80a4b59 0000000000000000 0000000000000000
1 bfefb59017c467fe 0000000000000000 ffffffffffffffff
0 3fd9ed1433b25c23 0000000000000000 0000000000000000
1 bfe0aff840113d99 0000000000000000 ffffffffffffffff
0 3fd5a0cddac541da 0000000000000000 0000000000000000
1 3febdfda0335c1cb 0000000000000000 0000000000000000
0 bfd29d53274b8aff 0000000000000000 ffffffffffffffff
1 3fea048cab472105 0000000000000000 0000000000000000
0 bfd036c96586e40e 0000000000000000 ffffffffffffffff
1 bfe661973ecb51f1 0000000000000000 ffffffffffffffff
0 bfd3d6cf16b04082 0000000000000000 ffffffffffffffff
1 3fef3c5c98a6485e 0000000000000000 0000000000000000
0 3fd1fee1edf6dbfa 0000000000000000 0000000000000000
1 3fe71aaa90535506 0000000000000000 0000000000000000
0 3fda0570538c3e98 0000000000000000 0000000000000000
1 bfeb80e9c384df88 0000000000000000 ffffffffffffffff
0 3fd3aecd73fe4225 0000000000000000 0000000000000000
1 bfe0492e4f2d6715 0000000000000000 ffffffffffffffff
0 3fd8e14bcbbe6a9e 0000000000000000 0000000000000000
1 3fee876ed177b19d 0000000000000000 0000000000000000
0 3fddbcacaf781818 0000000000000000 0000000000000000
1 3fe40ec676bd22ab 0000000000000000 0000000000000000
0 3fd6edf2ab27ded0 0000000000000000 0000000000000000
1 bfed2f969f403348 0000000000000000 ffffffffffffffff
0 bfd86c3a2f0fcc33 0000000000000000 ffffffffffffffff
1 bfea8c3431716268 0000000000000000 ffffffffffffffff
0 bfd42ba0be2ecf87 0000000000000000 ffffffffffffffff
1 3fe83069075f5326 0000000000000000 0000000000000000
0 3fdb5abd158f944b 0000000000000000 0000000000000000
1 bfea1fe059b66991 0000000000000000 ffffffffffffffff
0 bfda695f66c3b4ee 0000000000000000 ffffffffffffffff
1 3febe5c3d41d9cf7 0000000000000000 0000000000000000
0 bfd3b4365e07010a 0000000000000000 ffffffffffffffff
1 3fedf0b9021b9425 0000000000000000 0000000000000000
0 bfddedf830346021 0000000000000000 ffffffffffffffff
1 3fe20685f3723fdd 0000000000000000 0000000000000000
0 3fd8e5216a9b4cae 0000000000000000 0000000000000000
1 3feef436511ff1cf 0000000000000000 0000000000000000
0 3fd9f27ce8c8e9f9 0000000000000000 0000000000000000
1 bfe807b0ac3bb79d 0000000000000000 ffffffffffffffff
0 3fdb0bbd1747c28e 0000000000000000 0000000000000000
1 3fe445987b2ace27 0000000000000000 0000000000000000
0 3fdfe65f58a41ece 0000000000000000 0000000000000000
1 bfe7003040d2ea05 0000000000000000 ffffffffffffffff
0 3fdb8fafb8f4cc08 0000000000000000 0000000000000000
1 3fe600018d9c868e 0000000000000000 0000000000000000
0 bfd59e8f89cb5ef1 0000000000000000 ffffffffffffffff
1 3feeec9fe31c235e 0000000000000000 0000000000000000
0 3fdf2d18d38c995c 0000000000000000 0000000000000000
1 3fe4670cf8d17305 0000000000000000 0000000000000000
0 3fd95598e7aba358 0000000000000000 0000000000000000
1 3fe71db7689fc644 0000000000000000 0000000000000000
0 3fd9e0932de472d4 0000000000000000 0000000000000000
1 bfe39067ab18f3fb 0000000000000000 ffffffffffffffff
0 3fd38dca4654ef0a 0000000000000000 0000000000000000
1 bfe86d9a5d03bf7c 0000000000000000 ffffffffffffffff
0 bfdad46982494679 0000000000000000 ffffffffffffffff
1 3feb33f4a9a22109 0000000000000000 0000000000000000
0 bfd2f579a78eda49 0000000000000000 ffffffffffffffff
1 3fee73928b739bbb 0000000000000000 0000000000000000
0 bfd529a2af56872d 0000000000000000 ffffffffffffffff
1 3fe255799a2f7762 0000000000000000 0000000000000000
0 bfd04108cff7c3e5 0000000000000000 ffffffffffffffff
1 bfe691ad157f9608 0000000000000000 ffffffffffffffff
0 bfdbf0a90f0a8b57 0000000000000000 ffffffffffffffff
1 bfefad2126ae4652 0000000000000000 ffffffffffffffff
0 3fd181c334074857 0000000000000000 0000000000000000
1 bfe1d27b13bf8f96 0000000000000000 ffffffffffffffff
0 bfdc78cbc5bdf71e 0000000000000000 ffffffffffffffff
1 3fe454c1cd8f2945 0000000000000000 0000000000000000
0 3fdcb7868f9c2f1d 0000000000000000 0000000000000000
1 bfef34f89962033a 0000000000000000 ffffffffffffffff
0 3fd9b3f316fc5c1a 0000000000000000 0000000000000000
1 bfef0a537250b6a8 0000000000000000 ffffffffffffffff
0 3fdb06b5b629ae03 0000000000000000 0000000000000000
1 3fe7a538488ef115 0000000000000000 0000000000000000
0 3fdf3b9d6dfaeffa 0000000000000000 0000000000000000
1 bfe8e8b881047ba4 0000000000000000 ffffffffffffffff
0 bfde3a8e02f05421 0000000000000000 ffffffffffffffff
1 3fef7172692299c6 0000000000000000 0000000000000000
0 3fd8a41024a65398 0000000000000000 0000000000000000
1 bfedb2bbeda1b57e 0000000000000000 ffffffffffffffff
0 3fd875e38c24bda0 0000000000000000 0000000000000000
1 3fe095bfc5058b2c 0000000000000000 0000000000000000
0 bfdf853fffc05cc2 0000000000000000 ffffffffffffffff
1 bfe1cff6a126309c 0000000000000000 ffffffffffffffff
0 3fd99e889db4911d 0000000000000000 0000000000000000
1 3fe26ee4a56a06d3 0000000000000000 0000000000000000
0 3fdd07fa590c2da3 0000000000000000 0000000000000000
1 bfea4e7472c14ff1 0000000000000000 ffffffffffffffff
0 bfd492d0c0e634e2 0000000000000000 ffffffffffffffff
1 3fea86cbd5bbb7ee 0000000000000000 0000000000000000
0 3fd2b21a6f2e40ea 0000000000000000 0000000000000000
1 3fe1d66aa0479e96 0000000000000000 0000000000000000
0 bfddf78931262d61 0000000000000000 ffffffffffffffff
1 3fe4790bc0284569 0000000000000000 0000000000000000
0 3fdcaa0164fb01fe 0000000000000000 0000000000000000
1 bfe875e256580972 0000000000000000 ffffffffffffffff
0 bfd7084ca4db8446 0000000000000000 ffffffffffffffff
1 3fe342d36bea9a98 0000000000000000 0000000000000000
0 bfdba220e98eaebd 0000000000000000 ffffffffffffffff
1 3fe022f4f8ca754e 0000000000000000 0000000000000000
0 3fd5de2c345054c6 0000000000000000 0000000000000000
1 3fe8a57ce48c17d8 0000000000000000 0000000000000000
0 3fd720d5f1101392 0000000000000000 0000000000000000
1 3febae3e86d6bdb3 0000000000000000 0000000000000000
0 bfde92f9c95537d3 0000000000000000 ffffffffffffffff
1 bfeac766065517f9 0000000000000000 ffffffffffffffff
0 3fd4425dfa16356b 0000000000000000 0000000000000000
1 3fe123276af07fe9 0000000000000000 0000000000000000
0 bfd4d1f41fc715e4 0000000000000000 ffffffffffffffff
1 3fe91020bb8b936f 0000000000000000 0000000000000000
0 bfdb74e67f70708f 0000000000000000 ffffffffffffffff
1 bfee89cb1ac49ba8 0000000000000000 ffffffffffffffff
0 3fd4bc980e98184e 0000000000000000 0000000000000000
1 bfe634b2c4ed07f6 0000000000000000 ffffffffffffffff
0 3fd4938e957774a2 0000000000000000 0000000000000000
1 3fe5ba6a482d2340 0000000000000000 0000000000000000
0 bfdb4254849e0daa 0000000000000000 ffffffffffffffff
1 3fe5f9d3784eabd2 0000000000000000 0000000000000000
0 bfdda16eff60df3a 0000000000000000 ffffffffffffffff
1 3feb9c5693cd67c7 0000000000000000 0000000000000000
0 bfda718fd39d6913 0000000000000000 ffffffffffffffff
1 bfebc16281378246 0000000000000000 ffffffffffffffff
0 bfd3f40ab7c5faf5 0000000000000000 ffffffffffffffff
1 3fe07c26c6c86c49 0000000000000000 0000000000000000
0 3fd98e33bc52890b 0000000000000000 0000000000000000
1 3fecfba1b1c60459 0000000000000000 0000000000000000
0 bfd3d575481ae281 0000000000000000 ffffffffffffffff
1 bfeb268433eb55ba 0000000000000000 ffffffffffffffff
0 bfd5ca2bd0d35695 0000000000000000 ffffffffffffffff
1 bfe759eadb4cd4fa 0000000000000000 ffffffffffffffff
0 3fd0150a3bfb835e 0000000000000000 0000000000000000
1 3fe3635c6b472a52 0000000000000000 0000000000000000
0 3fd92b2097860251 0000000000000000 0000000000000000
1 bfe48f67b4357da6 0000000000000000 ffffffffffffffff
0 bfdee97230df86b8 0000000000000000 ffffffffffffffff
1 bfe46f21da46c0f9 0000000000000000 ffffffffffffffff
0 3fdfaf1e7b0373c4 0000000000000000 0000000000000000
1 3fe63ae1b05c8d16 0000000000000000 0000000000000000
0 3fd227b9b1e7eaf2 0000000000000000 0000000000000000
1 3feb816afe77f296 0000000000000000 0000000000000000
0 3fdd15fc898d139e 0000000000000000 0000000000000000
1 bfe295eeaf2484c2 0000000000000000 ffffffffffffffff
0 bfda8c56804eb280 0000000000000000 ffffffffffffffff
1 3fe25a67f2603182 0000000000000000 0000000000000000
0 3fdbcdd071cf0bed 0000000000000000 0000000000000000
1 bfe7419e9fb78a8a 0000000000000000 ffffffffffffffff
0 3fdfd172b7d44610 0000000000000000 0000000000000000
1 bfe2208cac0b5b58 0000000000000000 ffffffffffffffff
0 3fd6f3e9badb939f 0000000000000000 0000000000000000
1 3fe32bd1b1f05dcc 0000000000000000 0000000000000000
0 3fdccadf4e5de660 0000000000000000 0000000000000000
1 3fef2017da4ca1fc 0000000000000000 0000000000000000
0 bfd4f73831680eb3 0000000000000000 ffffffffffffffff
1 bfea157d58e6187f 0000000000000000 ffffffffffffffff
0 bfdee7f1101f43b4 0000000000000000 ffffffffffffffff
1 bfebfaa91f3e96be 0000000000000000 ffffffffffffffff
0 3fd80cac5ebd6f3d 0000000000000000 0000000000000000
1 3fe6a07af678fc61 0000000000000000 0000000000000000
0 3fd45d7a23d77c61 0000000000000000 0000000000000000
1 3fe6d6eab0d2dfb7 0000000000000000 0000000000000000
0 bfd9c4a9e46c4614 0000000000000000 ffffffffffffffff
1 bfe0358aee9fc36c 0000000000000000 ffffffffffffffff
0 bfd1041c6ed55c30 0000000000000000 ffffffffffffffff
1 bfeb8bd250f0262c 0000000000000000 ffffffffffffffff
0 bfdf7d2672af9e55 0000000000000000 ffffffffffffffff
1 bfe3db493a79854f 0000000000000000 ffffffffffffffff
0 3fd5bf3d5e5f1847 0000000000000000 0000000000000000
1 bfeac4e1b52c5a18 0000000000000000 ffffffffffffffff
0 3fdb841052fa13ef 0000000000000000 0000000000000000
1 bfef402a60703d2b 0000000000000000 ffffffffffffffff
0 3fdd12fb75ccbde3 0000000000000000 0000000000000000
1 bfe1ce763b8f26e8 0000000000000000 ffffffffffffffff
0 3fda05b71f9e5312 0000000000000000 0000000000000000
1 3fe6ee4aaf79453a 0000000000000000 0000000000000000
0 bfdeed65e118def2 0000000000000000 ffffffffffffffff
1 3fedc55555f6481b 0000000000000000 0000000000000000
0 3fd9f92f347e2849 0000000000000000 0000000000000000
1 3fec5086b03650f0 0000000000000000 0000000000000000
0 3fdf5519b8d68a00 0000000000000000 0000000000000000
1 3fe8e0ae109faff4 0000000000000000 0000000000000000
0 bfdb87a5ae23a93c 0000000000000000 ffffffffffffffff
1 bfe08dd00b4c0078 0000000000000000 ffffffffffffffff
0 bfdc523788fcad19 0000000000000000 ffffffffffffffff
1 3fea5c134c82dd5c 0000000000000000 0000000000000000
0 3fdec00c56fcfb97 0000000000000000 0000000000000000
1 3fed37ccd89d9f58 0000000000000000 0000000000000000
0 3fdbf84903de7639 0000000000000000 0000000000000000
1 bfeb3711f661745c 0000000000000000 ffffffffffffffff
0 3fd20ae80c259ec1 0000000000000000 0000000000000000
1 3fef60a175abf495 0000000000000000 0000000000000000
0 3fdd8e1fba176e7e 0000000000000000 0000000000000000
1 bfe9b588c3527af2 0000000000000000 ffffffffffffffff
0 bfd0cef119137e6b 0000000000000000 ffffffffffffffff
1 3fe69775694ea2c6 0000000000000000 0000000000000000
0 bfd2f4cc2a51ae27 0000000000000000 ffffffffffffffff
1 3fec66a0260df6d2 0000000000000000 0000000000000000
0 3fd6e9edf7fd2ca6 0000000000000000 0000000000000000
1 3fee5df53e75bdfd 0000000000000000 0000000000000000
0 bfd2096f55e970a8 0000000000000000 ffffffffffffffff
1 3fe76ca0d1718696 0000000000000000 0000000000000000
0 bfdad4aa04564d4a 0000000000000000 ffffffffffffffff
1 3feb98ce87f4a49b 0000000000000000 0000000000000000
0 bfde383edf0a40ce 0000000000000000 ffffffffffffffff
1 bfeed669594403dc 0000000000000000 ffffffffffffffff
0 bfdb6a323f9b10d1 0000000000000000 ffffffffffffffff
1 3fe1882b46bf70ec 0000000000000000 0000000000000000
0 bfd2873c5aac4de7 0000000000000000 ffffffffffffffff
1 3fe825fdd3be7fcf 0000000000000000 0000000000000000
0 bfd99fe0b8e6dfa3 0000000000000000 ffffffffffffffff
1 3fe41bf08d9b3fdc 0000000000000000 0000000000000000
0 3fd4e037f0a5562f 0000000000000000 0000000000000000
1 bfe4cbab84290fbc 0000000000000000 ffffffffffffffff
0 3fd202aa3843b715 0000000000000000 0000000000000000
1 3fed74b135a2db88 0000000000000000 0000000000000000
0 bfd66d8d87c4bd48 0000000000000000 ffffffffffffffff
1 bfed1c907189cf33 0000000000000000 ffffffffffffffff
0 3fdad974e0776ad9 0000000000000000 0000000000000000
1 3fe43b91ddb562e3 0000000000000000 0000000000000000
0 bfdba0d4a01318d2 0000000000000000 ffffffffffffffff
1 bfe1aae9cc9b7434 0000000000000000 ffffffffffffffff
0 bfd610e5c51ae7cb 0000000000000000 ffffffffffffffff
1 3fee69ada9b2d6b9 0000000000000000 0000000000000000
0 3fd1d2dd81aaa00f 0000000000000000 0000000000000000
1 bfefb002770786da 0000000000000000 ffffffffffffffff
0 bfdebf3149a73879 0000000000000000 ffffffffffffffff
1 3fed60fd3ac569eb 0000000000000000 0000000000000000
0 3fd4e199ebd6b675 0000000000000000 0000000000000000
1 bfe277ea7d516ce9 0000000000000000 ffffffffffffffff
0 bfdab6da35e17c2e 0000000000000000 ffffffffffffffff
1 3fe3c9baeb9aeb32 0000000000000000 0000000000000000
0 3fd6abfdf1a4b813 0000000000000000 0000000000000000
1 3fe476aa87385726 0000000000000000 0000000000000000
0 3fd9cfc063dcb62c 0000000000000000 0000000000000000
1 3fe460a48516a339 0000000000000000 0000000000000000
0 3fde1450cae99c7d 0000000000000000 0000000000000000
1 bfead7fd74d2c6c6 0000000000000000 ffffffffffffffff
0 bfd74eb4f45cd516 0000000000000000 ffffffffffffffff
1 3fedeb5871c3934e 0000000000000000 0000000000000000
0 3fdb5576dfa2d263 0000000000000000 0000000000000000
1 3fed79db0fbe094e 0000000000000000 0000000000000000
0 bfdbea2170848778 0000000000000000 ffffffffffffffff
1 bfe9913d64ad772e 0000000000000000 ffffffffffffffff
0 bfd9250c1770404f 0000000000000000 ffffffffffffffff
1 3fe393f8b3add47b 0000000000000000 0000000000000000
0 bfd295aca6765e59 0000000000000000 ffffffffffffffff
1 3fe993b41d0993e1 0000000000000000 0000000000000000
0 3fd6869fba959ba4 0000000000000000 0000000000000000
1 bfe3d8262e186e01 0000000000000000 ffffffffffffffff
0 3fd581f73334f575 0000000000000000 0000000000000000
1 3fe82c353fef16ea 0000000000000000 0000000000000000
0 bfd596e686175167 0000000000000000 ffffffffffffffff
1 bfea40aa62d8cb50 0000000000000000 ffffffffffffffff
0 bfd9a48c9bc8a539 0000000000000000 ffffffffffffffff
1 bfe4d27527b6559a 0000000000000000 ffffffffffffffff
0 3fda3baa40255e75 0000000000000000 0000000000000000
1 bfe94c54d682b998 0000000000000000 ffffffffffffffff
0 3fd2b19f649cf78a 0000000000000000 0000000000000000
1 3fe63e43d574c09a 0000000000000000 0000000000000000
0 bfdf2567e764722a 0000000000000000 ffffffffffffffff
1 bfe492250565023a 0000000000000000 ffffffffffffffff
0 bfd10b1990c31267 0000000000000000 ffffffffffffffff
1 bfe242bfa9a15c0b 0000000000000000 ffffffffffffffff
0 3fd712eb28271f8b 0000000000000000 0000000000000000
1 3fe26e4aa60c932f 0000000000000000 0000000000000000
0 bfde4302264a16d2 0000000000000000 ffffffffffffffff
1 bfefe5861568a8e3 0000000000000000 ffffffffffffffff
0 bfdc11c7e7706c0f 0000000000000000 ffffffffffffffff
1 bfed07736c75b5f9 0000000000000000 ffffffffffffffff
0 3fd3903304aa2de1 0000000000000000 0000000000000000
1 bfe1e510b164de59 0000000000000000 ffffffffffffffff
0 3fd5946efa0c7da7 0000000000000000 0000000000000000
1 3fe141eb8725ad99 0000000000000000 0000000000000000
0 bfd6a0d190239970 0000000000000000 ffffffffffffffff
1 3fea02179acaa05f 0000000000000000 0000000000000000
0 bfddf8ac15939dbd 0000000000000000 ffffffffffffffff
1 bfe6b51936690c06 0000000000000000 ffffffffffffffff
0 bfda8f10f3d811ab 0000000000000000 ffffffffffffffff
1 bfe3da75d8864a6b 0000000000000000 ffffffffffffffff
0 3fdf2b3bb435f179 0000000000000000 0000000000000000
1 3fe889156055df87 0000000000000000 0000000000000000
0 bfd77d5e2514a1d6 0000000000000000 ffffffffffffffff
1 bfe5cdb2b558fc26 0000000000000000 ffffffffffffffff
0 bfd0dd5698e50a29 0000000000000000 ffffffffffffffff
1 3fe3a313907a30cd 0000000000000000 0000000000000000
0 3fde400013cbc4a6 0000000000000000 0000000000000000
1 3fe2c13e1b009e18 0000000000000000 0000000000000000
0 bfd4fda0f3c65eb5 0000000000000000 ffffffffffffffff
1 bfef93baa038e05e 0000000000000000 ffffffffffffffff
0 3fd69e1537f8627e 0000000000000000 0000000000000000
1 bfe7a20029fb17b5 0000000000000000 ffffffffffffffff
0 bfd76b95dfdeb3f1 0000000000000000 ffffffffffffffff
1 bfe8312784126c35 0000000000000000 ffffffffffffffff
0 3fdf1aeceb909168 0000000000000000 0000000000000000
1 bfe9ea201b20e58f 0000000000000000 ffffffffffffffff
0 3fdb3eca1fcff420 0000000000000000 0000000000000000
1 bfe0e771d8ec6c4f 0000000000000000 ffffffffffffffff
0 bfdd4b2e1bd943c5 0000000000000000 ffffffffffffffff
1 3fe0b3153d640c77 0000000000000000 0000000000000000
0 3fd93720a12cc203 0000000000000000 0000000000000000
1 3fe15efaea14c71e 0000000000000000 0000000000000000
0 bfdec8ca16958cb2 0000000000000000 ffffffffffffffff
1 3feb703b6bf595cd 0000000000000000 0000000000000000
0 3fd95592fdf4849a 0000000000000000 0000000000000000
1 bfe4795bbc4233c4 0000000000000000 ffffffffffffffff
0 bfdeddce8223caa6 0000000000000000 ffffffffffffffff
1 3fe1af50e4d79eae 0000000000000000 0000000000000000
0 bfd6a3b41084980f 0000000000000000 ffffffffffffffff
1 bfe30b915c0bb204 0000000000000000 ffffffffffffffff
0 bfdb2e960cd1d47f 0000000000000000 ffffffffffffffff
1 bfe5013411902308 0000000000000000 ffffffffffffffff
0 3fd20d78d131cfd3 0000000000000000 0000000000000000
1 bfeb452050b717a7 0000000000000000 ffffffffffffffff
0 3fdf3bccf1474ea3 0000000000000000 0000000000000000
1 3fe0b049cb9432ac 0000000000000000 0000000000000000
0 3fdeb2be0518f34c 0000000000000000 0000000000000000
1 bfef087110a75e3d 0000000000000000 ffffffffffffffff
0 3fd82b126d2a8e24 0000000000000000 0000000000000000
1 3fee77d0d1ec1107 0000000000000000 0000000000000000
0 bfdc7fc7db1b2255 0000000000000000 ffffffffffffffff
1 bfe7eb900d9d85a7 0000000000000000 ffffffffffffffff
0 bfd5de7e62c69d42 0000000000000000 ffffffffffffffff
1 bfedc53ff841b000 0000000000000000 ffffffffffffffff
0 3fd14396e33968a5 0000000000000000 0000000000000000
1 bfedab527936485b 0000000000000000 ffffffffffffffff
0 bfda82137c5e75d3 0000000000000000 ffffffffffffffff
1 bfee1aaf1dbff82d 0000000000000000 ffffffffffffffff
0 bfdfa704e92d192c 0000000000000000 ffffffffffffffff
1 bfe887141ace202f 0000000000000000 ffffffffffffffff
0 bfd989d02b1953ff 0000000000000000 ffffffffffffffff
1 3feabdf3dc8ca588 0000000000000000 0000000000000000
0 3fd64746f0d6ffb8 0000000000000000 0000000000000000
1 3fe4b5833ca13feb 0000000000000000 0000000000000000
0 bfdd0ec85d6ccfd7 0000000000000000 ffffffffffffffff
1 3fe4514add98bf8e 0000000000000000 0000000000000000
0 3fd2c575976f4e0f 0000000000000000 0000000000000000
1 3fe16629be55bc1b 0000000000000000 0000000000000000
0 3fdac2f23e352d74 0000000000000000 0000000000000000
1 3fe4ec64db0deee4 0000000000000000 0000000000000000
0 3fdb5b663c56a7b2 0000000000000000 0000000000000000
1 3fe13bcb1185ac2f 0000000000000000 0000000000000000
0 bfdf362feac4932f 0000000000000000 ffffffffffffffff
1 bfe8d5b9b93ec795 0000000000000000 ffffffffffffffff
0 3fd5760a3e3c0777 0000000000000000 0000000000000000
1 bfec448db4b1828a 0000000000000000 ffffffffffffffff
0 bfd025b193d9fb45 0000000000000000 ffffffffffffffff
1 3fe48c6b7ac5bebc 0000000000000000 0000000000000000
0 3fd056a138031612 0000000000000000 0000000000000000
1 3fe23f7fc78f6d94 0000000000000000 0000000000000000
0 bfd3a33112328104 0000000000000000 ffffffffffffffff
1 3fecfbbf0ea8dc00 0000000000000000 0000000000000000
0 bfda434b4a9b67ec 0000000000000000 ffffffffffffffff
1 bfe8f95661907286 0000000000000000 ffffffffffffffff
0 bfd45938a7814395 0000000000000000 ffffffffffffffff
1 bfe68171d838fb97 0000000000000000 ffffffffffffffff
0 bfdab82bd15635d0 0000000000000000 ffffffffffffffff
1 bfeaf074531425d5 0000000000000000 ffffffffffffffff
0 bfddd8f41b41fc23 0000000000000000 ffffffffffffffff
1 bfecc384713b4cbe 0000000000000000 ffffffffffffffff
0 3fdf2c596514f42e 0000000000000000 0000000000000000
1 3fe2df74c6755e39 0000000000000000 0000000000000000
0 bfdb7ef603e05152 0000000000000000 ffffffffffffffff
1 3fed97d7fad71668 0000000000000000 0000000000000000
0 bfd3e7e61d507b72 0000000000000000 ffffffffffffffff
1 bfe34259786e77da 0000000000000000 ffffffffffffffff
0 3fdbb3ee77f461d9 0000000000000000 0000000000000000
1 3fe587db09de759c 0000000000000000 0000000000000000
0 bfd2177ffead78c5 0000000000000000 ffffffffffffffff
1 bfee44f3d81a6df9 0000000000000000 ffffffffffffffff
0 3fd436b6a8fe41d5 0000000000000000 0000000000000000
1 3fe01dfbbd2492ce 0000000000000000 0000000000000000
0 3fd2cc5cdc9d27c9 0000000000000000 0000000000000000
1 bfee5fff440ab93b 0000000000000000 ffffffffffffffff
0 3fd3b6122199ff55 0000000000000000 0000000000000000
1 bfeab5f79297d5d0 0000000000000000 ffffffffffffffff
0 3fd89a2545400ea9 0000000000000000 0000000000000000
1 bfe89356db965353 0000000000000000 ffffffffffffffff
0 3fd7ce8ce2f7e2cf 0000000000000000 0000000000000000
1 3fe1a7ee083b59d7 0000000000000000 0000000000000000
0 3fd68af1c8e6325c 0000000000000000 0000000000000000
1 bfea8a29a8e98109 0000000000000000 ffffffffffffffff
0 3fd630a8b6db5c51 0000000000000000 0000000000000000
1 bfe804d57372752b 0000000000000000 ffffffffffffffff
0 3fd45ddb5f16a20c 0000000000000000 0000000000000000
1 bfe67dbc2ec5ebc6 0000000000000000 ffffffffffffffff
0 3fd57573153e0c21 0000000000000000 0000000000000000
1 3fe5fb6d8a76802c 0000000000000000 0000000000000000
0 3fd229599fa89966 0000000000000000 0000000000000000
1 bfe2bfdbb8378cdd 0000000000000000 ffffffffffffffff
0 bfd471466b46908d 0000000000000000 ffffffffffffffff
1 bfe4c98c032add81 0000000000000000 ffffffffffffffff
0 bfde437cfb662add 0000000000000000 ffffffffffffffff
1 bfe4827aa6937415 0000000000000000 ffffffffffffffff
0 3fd5ccf008791b46 0000000000000000 0000000000000000
1 3fe860b8d76fc122 0000000000000000 0000000000000000
0 3fd73061d35d28fa 0000000000000000 0000000000000000
1 3fef7617a9a5f62f 0000000000000000 0000000000000000
0 3fd801d3dee0e661 0000000000000000 0000000000000000
1 3fe98210a9988a7c 0000000000000000 0000000000000000
0 3fda04b3c398f68a 0000000000000000 0000000000000000
1 bfe77a0b0a8f3bc7 0000000000000000 ffffffffffffffff
0 3fda13b824bc7f55 0000000000000000 0000000000000000
1 3fe24bfc6165a67b 0000000000000000 0000000000000000
0 3fddef9b0a3cc044 0000000000000000 0000000000000000
1 3fef18be3ae9cff6 0000000000000000 0000000000000000
0 3fd95ee9f94a6caa 0000000000000000 0000000000000000
1 bfe2973dbca354cf 0000000000000000 ffffffffffffffff
0 3fd824b7975f95e3 0000000000000000 0000000000000000
1 3fe34b5886127dcd 0000000000000000 0000000000000000
0 3fdae2384fef2259 0000000000000000 0000000000000000
1 bfeb30a5f4d879b3 0000000000000000 ffffffffffffffff
0 3fda2a144c0796b1 0000000000000000 0000000000000000
1 3fe82909b89ed515 0000000000000000 0000000000000000
0 bfd6f88bb78b67ef 0000000000000000 ffffffffffffffff
1 bfe961170166bef8 0000000000000000 ffffffffffffffff
0 bfd86eb63bcd59a6 0000000000000000 ffffffffffffffff
1 3feeb08d0e117c93 0000000000000000 0000000000000000
0 3fdfb1c5f323a3f1 0000000000000000 0000000000000000
1 3febecca09211fa4 0000000000000000 0000000000000000
0 bfd4aa8f539add0a 0000000000000000 ffffffffffffffff
1 3fefb30daa4a0471 0000000000000000 0000000000000000
0 3fdf3e3216ac9751 0000000000000000 0000000000000000
1 bfec3657ad7c4417 0000000000000000 ffffffffffffffff
0 3fdc59bed341e8ce 0000000000000000 0000000000000000
1 bfede1323188602d 0000000000000000 ffffffffffffffff
0 bfd0c832196a206d 0000000000000000 ffffffffffffffff
1 3fedc2ff24e7a85d 0000000000000000 0000000000000000
0 3fd33764a1b8d955 0000000000000000 0000000000000000
1 bfed2aa714d11559 0000000000000000 ffffffffffffffff
0 3fd629a5aeff4abc 0000000000000000 0000000000000000
1 bfe9d6081fd26fc3 0000000000000000 ffffffffffffffff
0 bfdc43f8bfda3227 0000000000000000 ffffffffffffffff
1 3fec03acb327626c 0000000000000000 0000000000000000
0 bfd63912d1d6a446 0000000000000000 ffffffffffffffff
1 bfee0261fde06bfb 0000000000000000 ffffffffffffffff
0 3fd8d94a296ca00c 0000000000000000 0000000000000000
1 bfe53b36ca1f3ceb 0000000000000000 ffffffffffffffff
0 3fd47669057d5013 0000000000000000 0000000000000000
1 3fe08efc5e067659 0000000000000000 0000000000000000
0 bfd84e9b631920a3 0000000000000000 ffffffffffffffff
1 bfe433580de1f6fc 0000000000000000 ffffffffffffffff
0 3fdab2ee912df465 0000000000000000 0000000000000000
1 bfe40175e4881825 0000000000000000 ffffffffffffffff
0 3fd18a819ea3f933 0000000000000000 0000000000000000
1 bfecd7cb86dac2b0 0000000000000000 ffffffffffffffff
0 bfdd0d2c87ec6519 0000000000000000 ffffffffffffffff
1 3fe4cbc171d3a3aa 0000000000000000 0000000000000000
0 bfdc082ab3f6f542 0000000000000000 ffffffffffffffff
1 bfe0419b1b40e53c 0000000000000000 ffffffffffffffff
0 bfdecf6ca6059db7 0000000000000000 ffffffffffffffff
1 3fec7abccacf469f 0000000000000000 0000000000000000
0 bfddf6d56fe0afa0 0000000000000000 ffffffffffffffff
1 bfecfd242d790c3f 0000000000000000 ffffffffffffffff
0 3fdcc0af8da13cb9 0000000000000000 0000000000000000
1 bfeb3e889b7b3e9d 0000000000000000 ffffffffffffffff
0 bfd308e86d29ca58 0000000000000000 ffffffffffffffff
1 3fe885386a3edc87 0000000000000000 0000000000000000
0 bfd0358162008632 0000000000000000 ffffffffffffffff
1 3fe97cbd5c09d52f 0000000000000000 0000000000000000
0 bfdbb3b5063a7c57 0000000000000000 ffffffffffffffff
1 3fe2cad09aea827a 0000000000000000 0000000000000000
0 bfd82d511736395c 0000000000000000 ffffffffffffffff
1 3fe76628a2fa7225 0000000000000000 0000000000000000
0 bfd9f5abed13602a 0000000000000000 ffffffffffffffff
1 3fe075eadd2b22d5 0000000000000000 0000000000000000
0 3fd89264a7948bc5 0000000000000000 0000000000000000
1 3fe7a633bd4ece4a 0000000000000000 0000000000000000
0 bfdae2f3418d2840 0000000000000000 ffffffffffffffff
1 bfe0585924e7aa86 0000000000000000 ffffffffffffffff
0 3fd339da29c7cd65 0000000000000000 0000000000000000
1 3feda3548f2b81c0 0000000000000000 0000000000000000
0 bfd8874c6378aa31 0000000000000000 ffffffffffffffff
1 3fea831682723b2a 0000000000000000 0000000000000000
0 bfd9e5b505a7d448 0000000000000000 ffffffffffffffff
1 3fe2eabd209a03b1 0000000000000000 0000000000000000
0 3fdcec44a878dd79 0000000000000000 0000000000000000
1 bfee2d1f4dc62fab 0000000000000000 ffffffffffffffff
0 3fd78a7f1d43e81f 0000000000000000 0000000000000000
1 3fe5e83670f7aa40 0000000000000000 0000000000000000
0 3fd398c7528ff7ba 0000000000000000 0000000000000000
1 bfe70daf5a4d010f 0000000000000000 ffffffffffffffff
0 bfd732358167f91f 0000000000000000 ffffffffffffffff
1 bfe1dbc4fe4dbe56 0000000000000000 ffffffffffffffff
0 bfdbb825191ee4c1 0000000000000000 ffffffffffffffff
1 3fe8defeb519d3d3 0000000000000000 0000000000000000
0 bfd31e19862aad68 0000000000000000 ffffffffffffffff
1 bfef982e06fbe0d0 0000000000000000 ffffffffffffffff
0 3fd3edf76097b74b 0000000000000000 0000000000000000
1 bfebfb49cb7b578e 0000000000000000 ffffffffffffffff
0 bfd9a6ab7654e7a4 0000000000000000 ffffffffffffffff
1 3fef08c57108981d 0000000000000000 0000000000000000
0 bfd7dae79da38def 0000000000000000 ffffffffffffffff
1 bfed3c2b098a155f 0000000000000000 ffffffffffffffff
0 bfd9b7467b1f6cf4 0000000000000000 ffffffffffffffff
1 bfec1ac9d522e5f0 0000000000000000 ffffffffffffffff
0 bfd0f443b92ed6b8 0000000000000000 ffffffffffffffff
1 3fe43812c02c53cd 0000000000000000 0000000000000000
0 3fd77d238658fa31 0000000000000000 0000000000000000
1 bfef813712725aff 0000000000000000 ffffffffffffffff
0 bfded4c601489b5c 0000000000000000 ffffffffffffffff
1 bfe4dfd02564d14a 0000000000000000 ffffffffffffffff
0 3fd66dba10ae82dc 0000000000000000 0000000000000000
1 bfe6ad128c449605 0000000000000000 ffffffffffffffff
0 3fd34ce33b1a9043 0000000000000000 0000000000000000
1 3fe0294f31e031f0 0000000000000000 0000000000000000
0 3fd4520c3a510fc2 0000000000000000 0000000000000000
1 3fe7b0166389efe5 0000000000000000 0000000000000000
0 3fd5e22083404fd2 0000000000000000 0000000000000000
1 3fee66279433da5e 0000000000000000 0000000000000000
0 3fd71e66ffd6a2cb 0000000000000000 0000000000000000
1 bfe5da6f6def55ea 0000000000000000 ffffffffffffffff
0 3fdce31291351479 0000000000000000 0000000000000000
1 bfe1beda7ac8be3c 0000000000000000 ffffffffffffffff
0 bfdacfec9ab9768e 0000000000000000 ffffffffffffffff
1 bfeb1b6ffb08674b 0000000000000000 ffffffffffffffff
0 bfdce65e80143156 0000000000000000 ffffffffffffffff
1 3feeb4411dd16c70 0000000000000000 0000000000000000
0 bfdfd40404378bda 0000000000000000 ffffffffffffffff
1 3feb430983acb0f4 0000000000000000 0000000000000000
0 bfd6be353c97427b 0000000000000000 ffffffffffffffff
1 3fef607ba8141bf8 0000000000000000 0000000000000000
0 3fd1eaba955e3769 0000000000000000 0000000000000000
1 3fea498de93fefe3 0000000000000000 0000000000000000
0 bfde513ed2edf89c 0000000000000000 ffffffffffffffff
1 3fe57573f9591eb8 0000000000000000 0000000000000000
0 bfd20c00b6c5c3c1 0000000000000000 ffffffffffffffff
1 3fe6dc1ae96d67f2 0000000000000000 0000000000000000
0 bfd26d3ececb2f54 0000000000000000 ffffffffffffffff
1 3feb120cdf0fff6e 0000000000000000 0000000000000000
0 bfd5b4842ac70ae0 0000000000000000 ffffffffffffffff
1 bfeb81e620ad26e0 0000000000000000 ffffffffffffffff
0 3fdd7344cdebbe51 0000000000000000 0000000000000000
1 3fe87343ade7d05f 0000000000000000 0000000000000000
0 bfd72b11a04843e7 0000000000000000 ffffffffffffffff
1 3fe3b7aec83f0139 0000000000000000 0000000000000000
0 3fd7c8a86e3fe6fe 0000000000000000 0000000000000000
1 bfed6cee5e24c905 0000000000000000 ffffffffffffffff
0 bfd73ebf807dd65d 0000000000000000 ffffffffffffffff
1 bfef841d1830bd6d 0000000000000000 ffffffffffffffff
0 bfdbf946f9d18da4 0000000000000000 ffffffffffffffff
1 3feec5976ebd3128 0000000000000000 0000000000000000
0 3fd41106c3968cbe 0000000000000000 0000000000000000
1 3fe009cdcc822fb1 0000000000000000 0000000000000000
0 3fddc2e30d440517 0000000000000000 0000000000000000
1 bfe3c826adaf1a4a 0000000000000000 ffffffffffffffff
0 bfd04b180608d4a1 0000000000000000 ffffffffffffffff
1 3fe597e64a44be82 0000000000000000 0000000000000000
0 bfdd1de18004daea 0000000000000000 ffffffffffffffff
1 bfe2f1efd51f1190 0000000000000000 ffffffffffffffff
0 bfd77de88cce59c3 0000000000000000 ffffffffffffffff
1 3fe101c1839b39ad 0000000000000000 0000000000000000
0 3fd7361c880c416a 0000000000000000 0000000000000000
1 bfed08f9cba4389f 0000000000000000 ffffffffffffffff
0 bfd1e22f5012d83f 0000000000000000 ffffffffffffffff
1 3fe2639e418dde6b 0000000000000000 0000000000000000
0 bfda59c81cb0d79d 0000000000000000 ffffffffffffffff
1 bfe45886852d1b9f 0000000000000000 ffffffffffffffff
0 bfd9200f13b7cb91 0000000000000000 ffffffffffffffff
1 3fef356b9ec9d236 0000000000000000 0000000000000000
0 bfd331c66a161992 0000000000000000 ffffffffffffffff
1 bfe47b431ee011fe 0000000000000000 ffffffffffffffff
0 bfdad8a247f6e9d5 0000000000000000 ffffffffffffffff
1 bfe9d412c666e38a 0000000000000000 ffffffffffffffff
0 3fdbaa21c76c2fd5 0000000000000000 0000000000000000
1 bfe7e6aa15a873b8 0000000000000000 ffffffffffffffff
0 3fd78ed39055d38c 0000000000000000 0000000000000000
1 3fe568aa34ee39c6 0000000000000000 0000000000000000
0 bfdc2e3471b78bc5 0000000000000000 ffffffffffffffff
1 3fea7d2e144e0938 0000000000000000 0000000000000000
0 bfd58d69edd49da4 0000000000000000 ffffffffffffffff
1 3feb7731e7605558 0000000000000000 0000000000000000
0 bfdaafe991cb4b31 0000000000000000 ffffffffffffffff
1 3fe264960a1a0b7f 0000000000000000 0000000000000000
0 bfda4359a2757035 0000000000000000 ffffffffffffffff
1 bfeba1a2e87581ea 0000000000000000 ffffffffffffffff
0 bfd32570ab0aff17 0000000000000000 ffffffffffffffff
1 bfecdb7cd7482579 0000000000000000 ffffffffffffffff
0 bfd0ce7c42fc0c70 0000000000000000 ffffffffffffffff
1 3fed5a6d1ac55a9d 0000000000000000 0000000000000000
0 3fd267a1a728836f 0000000000000000 0000000000000000
1 bfe516856e1dd8b0 0000000000000000 ffffffffffffffff
0 bfd29415cdada01e 0000000000000000 ffffffffffffffff
1 3feffa33363b00a0 0000000000000000 0000000000000000
0 bfd82c5f382b59ab 0000000000000000 ffffffffffffffff
1 3fe6eaca1dc236ed 0000000000000000 0000000000000000
0 bfd1935518da2673 0000000000000000 ffffffffffffffff
1 3fece5a6e45cee71 0000000000000000 0000000000000000
0 3fdd2e946f76e2fb 0000000000000000 0000000000000000
1 bfe7074edfcc179f 0000000000000000 ffffffffffffffff
0 bfda5129061d5d19 0000000000000000 ffffffffffffffff
1 3fe8d60b6fa2bdcf 0000000000000000 0000000000000000
0 bfdd49cbece9ca7a 0000000000000000 ffffffffffffffff
1 bfebfb65da0493ef 0000000000000000 ffffffffffffffff
0 bfd7f83602a22cf5 0000000000000000 ffffffffffffffff
1 3fe8ba2628f6be65 0000000000000000 0000000000000000
0 bfda12b56f03f5ed 0000000000000000 ffffffffffffffff
1 3fece1a15f720669 0000000000000000 0000000000000000
0 bfd09a7720bedcc9 0000000000000000 ffffffffffffffff
1 3fe2b11cbe272da1 0000000000000000 0000000000000000
0 3fd58f967b5a2674 0000000000000000 0000000000000000
1 bfe67b48a2e2da95 0000000000000000 ffffffffffffffff
0 3fdbdb420b68d298 0000000000000000 0000000000000000
1 bfeacda6faff92d4 0000000000000000 ffffffffffffffff
0 bfd878ce7ee42b09 0000000000000000 ffffffffffffffff
1 bfe41ad5a90ab69a 0000000000000000 ffffffffffffffff
0 bfd1bb5d396f6b45 0000000000000000 ffffffffffffffff
1 3fe2024078b9b96b 0000000000000000 0000000000000000
0 bfdad6558b8590cb 0000000000000000 ffffffffffffffff
1 3fed99239b16530e 0000000000000000 0000000000000000
0 3fdd58c9b9442f6b 0000000000000000 0000000000000000
1 bfed55476ef35457 0000000000000000 ffffffffffffffff
0 bfd3fbced565e602 0000000000000000 ffffffffffffffff
1 bfee58d0e2700eec 0000000000000000 ffffffffffffffff
0 3fd716b62aa1f65a 0000000000000000 0000000000000000
1 3fe64ebc85d526a3 0000000000000000 0000000000000000
0 bfd5f70a0db33590 0000000000000000 ffffffffffffffff
1 bfe2f4eef7bcaabb 0000000000000000 ffffffffffffffff
0 3fd3de45289c9768 0000000000000000 0000000000000000
1 bfe14c1386b3a668 0000000000000000 ffffffffffffffff
0 3fdfb8a30ca86ba6 0000000000000000 0000000000000000
1 bfe4cd106d69a578 0000000000000000 ffffffffffffffff
0 3fd22e750b542c60 0000000000000000 0000000000000000
1 bfeb56bbf67ec983 0000000000000000 ffffffffffffffff
0 bfd597437018ec13 0000000000000000 ffffffffffffffff
1 bfec3e85dc1b4f3c 0000000000000000 ffffffffffffffff
0 bfdfc68a78e0dd4c 0000000000000000 ffffffffffffffff
1 bfeaee7e7f0259cf 0000000000000000 ffffffffffffffff
0 3fde3926f60036ba 0000000000000000 0000000000000000
1 3fe3008efef63e54 0000000000000000 0000000000000000
0 3fd943e270a264b2 0000000000000000 0000000000000000
1 3fed8e5df514726e 0000000000000000 0000000000000000
0 3fd98647a2d9cfc5 0000000000000000 0000000000000000
1 bfee4e318573dd4f 0000000000000000 ffffffffffffffff
0 bfd0e40172621758 0000000000000000 ffffffffffffffff
1 bfecf772ad3e25e8 0000000000000000 ffffffffffffffff
0 3fdf3981fec6ae50 0000000000000000 0000000000000000
1 3feb66f34a5ab9d9 0000000000000000 0000000000000000
0 bfd78dc19d34da22 0000000000000000 ffffffffffffffff
1 bfea55f5246c3d9c 0000000000000000 ffffffffffffffff
0 3fd28f9c82cdaf32 0000000000000000 0000000000000000
1 3fe3898ce839aa72 0000000000000000 0000000000000000
0 bfddcbf20a2c134c 0000000000000000 ffffffffffffffff
1 3fe2be2fc44c7b50 0000000000000000 0000000000000000
0 bfd8b897b7be95ee 0000000000000000 ffffffffffffffff
1 bfe80ada28221ee7 0000000000000000 ffffffffffffffff
0 bfd5620022a70251 0000000000000000 ffffffffffffffff
1 3fe8725554e9947b 0000000000000000 0000000000000000
0 3fd90c2a0117ffb0 0000000000000000 0000000000000000
1 3fe474312b17361e 0000000000000000 0000000000000000
0 3fd2d5c5ea321ee6 0000000000000000 0000000000000000
1 3fee0bc4cfd3c823 0000000000000000 0000000000000000
0 bfd633143aec3578 0000000000000000 ffffffffffffffff
1 bfe488bb9e2a5c5a 0000000000000000 ffffffffffffffff
0 bfd43fd183f5578e 0000000000000000 ffffffffffffffff
1 3fec61eb738c5dcc 0000000000000000 0000000000000000
0 3fd04bbd63bad202 0000000000000000 0000000000000000
1 bfef6392412e0de2 0000000000000000 ffffffffffffffff
0 bfd18cf2d3f35a5e 0000000000000000 ffffffffffffffff
1 bfe223f0596867c8 0000000000000000 ffffffffffffffff
0 3fdae0e831a91928 0000000000000000 0000000000000000
1 3fec30041df74cb6 0000000000000000 0000000000000000
0 bfdd67585edf3cab 0000000000000000 ffffffffffffffff
1 3fe385828bbb4136 0000000000000000 0000000000000000
0 bfd6d7efd54ea0d9 0000000000000000 ffffffffffffffff
1 bfed4b9c8d96df75 0000000000000000 ffffffffffffffff
0 bfdfad0b4fd0f5ef 0000000000000000 ffffffffffffffff
1 bfef8d4600ebeafa 0000000000000000 ffffffffffffffff
0 3fdba716302d1076 0000000000000000 0000000000000000
1 bfea48c16c215a78 0000000000000000 ffffffffffffffff
0 bfda8b261e8f04f8 0000000000000000 ffffffffffffffff
1 bfe32ef76e548f67 0000000000000000 ffffffffffffffff
0 3fd63698dc169422 0000000000000000 0000000000000000
1 3fed22c6f023cebc 0000000000000000 0000000000000000
0 3fd0404da18aa44d 0000000000000000 0000000000000000
1 bfe33cf64e5dbb7a 0000000000000000 ffffffffffffffff
0 bfd1c2350cbe99e3 0000000000000000 ffffffffffffffff
1 bfee33724539166d 0000000000000000 ffffffffffffffff
0 bfda284042e92a38 0000000000000000 ffffffffffffffff
1 bfe45b2d1b64b9de 0000000000000000 ffffffffffffffff
0 3fd56c6dbc404fb2 0000000000000000 0000000000000000
1 3fe16d1fae22970f 0000000000000000 0000000000000000
0 3fde884124313726 0000000000000000 0000000000000000
1 3fe0be48c2a2a369 0000000000000000 0000000000000000
0 bfd6f910124021fa 0000000000000000 ffffffffffffffff
1 bfe8bede881cfdf5 0000000000000000 ffffffffffffffff
0 3fd657710aad7d86 0000000000000000 0000000000000000
1 3fe05132213f137e 0000000000000000 0000000000000000
0 bfdbeb0a383c82bb 0000000000000000 ffffffffffffffff
1 3fe489c9f310f63a 0000000000000000 0000000000000000
0 bfd652382c5deca5 0000000000000000 ffffffffffffffff
1 bfe0d488cd178c29 0000000000000000 ffffffffffffffff
0 3fd0717ade2666d3 0000000000000000 0000000000000000
1 3fe922257dc96d65 0000000000000000 0000000000000000
0 3fdcee70d10dbd06 0000000000000000 0000000000000000
1 3feba676e6db0362 0000000000000000 0000000000000000
0 bfdfb0f94fb68b2e 0000000000000000 ffffffffffffffff
1 3fef495c8b19b6d9 0000000000000000 0000000000000000
0 bfdc8d93884ee7d0 0000000000000000 ffffffffffffffff
1 bfecd7c00c2715d5 0000000000000000 ffffffffffffffff
0 3fd247fec59d9614 0000000000000000 0000000000000000
1 3fee04c170a5b51d 0000000000000000 0000000000000000
0 3fdafb493ed70eda 0000000000000000 0000000000000000
1 3fe9ab6965e37350 0000000000000000 0000000000000000
0 bfdcbabc803e41a9 0000000000000000 ffffffffffffffff
1 3fe74c79c066fb2d 0000000000000000 0000000000000000
0 3fd958b73f83ec2f 0000000000000000 0000000000000000
1 3fe36138d6344b43 0000000000000000 0000000000000000
0 3fd7b50682a5c740 0000000000000000 0000000000000000
1 3fe1e1befde84b3c 0000000000000000 0000000000000000
0 bfd5e1510f7c81d0 0000000000000000 ffffffffffffffff
1 bfe6384c330698bb 0000000000000000 ffffffffffffffff
0 3fda0353cab667fe 0000000000000000 0000000000000000
1 bfe6bff20c02472e 0000000000000000 ffffffffffffffff
0 bfdaf9250faceea8 0000000000000000 ffffffffffffffff
1 bfe5392c12605aa3 0000000000000000 ffffffffffffffff
0 3fd8475e4d3c7d5b 0000000000000000 0000000000000000
1 bfeefcbb1b807084 0000000000000000 ffffffffffffffff
0 3fd5dccfb80321e0 0000000000000000 0000000000000000
1 bfed9c6d7c572155 0000000000000000 ffffffffffffffff
0 3fd85f042e8ec448 0000000000000000 0000000000000000
1 3fe9130647f6eabd 0000000000000000 0000000000000000
0 bfdbeffe95ddd7df 0000000000000000 ffffffffffffffff
1 3fe5d3cc6021c227 0000000000000000 0000000000000000
0 3fd37a8f136f3871 0000000000000000 0000000000000000
1 3fe276f57116bc62 0000000000000000 0000000000000000
0 3fd4968146a67887 0000000000000000 0000000000000000
1 3fed95cbd263924e 0000000000000000 0000000000000000
0 bfd0249e498b439a 0000000000000000 ffffffffffffffff
1 3fe047eed615ab53 0000000000000000 0000000000000000
0 bfdfac35e6a299db 0000000000000000 ffffffffffffffff
1 3fefe601fe348384 0000000000000000 0000000000000000
0 3fd3896eb66792b3 0000000000000000 0000000000000000
1 3fe782472ce27899 0000000000000000 0000000000000000
0 3fd0c3e8c9dcc866 0000000000000000 0000000000000000
1 bfe9b40b779cd4bf 0000000000000000 ffffffffffffffff
0 bfd9403169603036 0000000000000000 ffffffffffffffff
1 bfe45dac91035907 0000000000000000 ffffffffffffffff
0 bfd604fb4a8ef265 0000000000000000 ffffffffffffffff
1 3fefc5a66545681a 0000000000000000 0000000000000000
0 3fd05d98273160b7 0000000000000000 0000000000000000
1 3feebe1ef4b159ba 0000000000000000 0000000000000000
0 3fd22d4e5abda2f7 0000000000000000 0000000000000000
1 3fed3989335cb036 0000000000000000 0000000000000000
0 3fd701bc4ec96594 0000000000000000 0000000000000000
1 3fedfc2f2cb01534 0000000000000000 0000000000000000
0 3fd0d5b95e21fc0b 0000000000000000 0000000000000000
1 3fee5bd16252513c 0000000000000000 0000000000000000
0 3fd45e23462bfb80 0000000000000000 0000000000000000
1 bfeb58611982f43a 0000000000000000 ffffffffffffffff
0 3fdfe5472a5a639f 0000000000000000 0000000000000000
1 bfe160c3eea9d712 0000000000000000 ffffffffffffffff
0 bfd101617e3127aa 0000000000000000 ffffffffffffffff
1 bfeef5044765d992 0000000000000000 ffffffffffffffff
0 3fdb4e339f3f5313 0000000000000000 0000000000000000
1 bfec00f6a3b400f0 0000000000000000 ffffffffffffffff
0 bfd46fcdde6ee1b9 0000000000000000 ffffffffffffffff
1 bfe63348d5e211e6 0000000000000000 ffffffffffffffff
0 3fde04648d1e4a52 0000000000000000 0000000000000000
1 bfe8f90d914ccd22 0000000000000000 ffffffffffffffff
0 3fd6cd51f2128991 0000000000000000 0000000000000000
1 bfec3bcae2f4ef66 0000000000000000 ffffffffffffffff
0 3fd18be6be3c99c5 0000000000000000 0000000000000000
1 bfe9d134590de025 0000000000000000 ffffffffffffffff
0 bfd7b6062320cfd3 0000000000000000 ffffffffffffffff
1 3fedb240b67b0e98 0000000000000000 0000000000000000
0 bfd5d970919b92f4 0000000000000000 ffffffffffffffff
1 bfe333a6293247f8 0000000000000000 ffffffffffffffff
0 bfdf1a70dc43b935 0000000000000000 ffffffffffffffff
1 bfef99e84d830b68 0000000000000000 ffffffffffffffff
0 3fd8ad0b6e953dbb 0000000000000000 0000000000000000
1 bfe256d13a5e479f 0000000000000000 ffffffffffffffff
0 3fd35eeada276290 0000000000000000 0000000000000000
1 bfe6b72b0b0a555d 0000000000000000 ffffffffffffffff
0 3fd8fb142fb2b017 0000000000000000 0000000000000000
1 bfe82c12a175d860 0000000000000000 ffffffffffffffff
0 bfdc5bbb2c089dd0 0000000000000000 ffffffffffffffff
1 bfe9e0bdfbdd0ed5 0000000000000000 ffffffffffffffff
0 bfd39a4ff3cab905 0000000000000000 ffffffffffffffff
1 3fef7015cc249b04 0000000000000000 0000000000000000
0 3fdcbafce08f25d2 0000000000000000 0000000000000000
1 3fe846ec7851bebe 0000000000000000 0000000000000000
0 bfd0eb1ac915ee4c 0000000000000000 ffffffffffffffff
1 3fe2efe5829a679a 0000000000000000 0000000000000000
0 bfd6d777d4641490 0000000000000000 ffffffffffffffff
1 3fe89806e28fb75e 0000000000000000 0000000000000000
0 3fda12deeaeb941e 0000000000000000 0000000000000000
1 bfe76e27c59c2ed1 0000000000000000 ffffffffffffffff
0 3fd4198beae7ef76 0000000000000000 0000000000000000
1 bfeb577705a2a103 0000000000000000 ffffffffffffffff
0 bfd2f4b42f6b4ca3 0000000000000000 ffffffffffffffff
1 bfe142ba1b4d903b 0000000000000000 ffffffffffffffff
0 bfd5562e6930b42c 0000000000000000 ffffffffffffffff
1 3fe0a3546b6ebfa6 0000000000000000 0000000000000000
0 3fdb4c5fe1e0334c 0000000000000000 0000000000000000
1 3fe2ba8c315b28a0 0000000000000000 0000000000000000
0 bfdd4b4a8860afbd 0000000000000000 ffffffffffffffff
1 bfefec5d6b14cf34 0000000000000000 ffffffffffffffff
0 bfd1ee78ead3232c 0000000000000000 ffffffffffffffff
1 3fe42263d9bdedaf 0000000000000000 0000000000000000
0 3fdb18650d72cba4 0000000000000000 0000000000000000
1 bfedab17bb89be7a 0000000000000000 ffffffffffffffff
0 bfd6806e5bc720eb 0000000000000000 ffffffffffffffff
1 bfeea8808520c6f5 0000000000000000 ffffffffffffffff
0 bfd79d35657b0380 0000000000000000 ffffffffffffffff
1 3fe1f297836b8b69 0000000000000000 0000000000000000
0 bfddc99d04736de3 0000000000000000 ffffffffffffffff
1 bfea5a2d987bfb7a 0000000000000000 ffffffffffffffff
0 bfd3f02118e9e8bb 0000000000000000 ffffffffffffffff
1 bfe4772e658e7764 0000000000000000 ffffffffffffffff
0 3fd41d00357d9c02 0000000000000000 0000000000000000
1 bfea669fa9d91ff0 0000000000000000 ffffffffffffffff
0 bfdafc673456e992 0000000000000000 ffffffffffffffff
1 bfe100b5539ee165 0000000000000000 ffffffffffffffff
0 bfd9f3c9d02313f0 0000000000000000 ffffffffffffffff
1 bfeaed766895155b 0000000000000000 ffffffffffffffff
0 3fdcd5f53e71ab52 0000000000000000 0000000000000000
1 3fe85f3bf14d8a7e 0000000000000000 0000000000000000
0 3fdf3df0b212fec2 0000000000000000 0000000000000000
1 bfe4b6894cf41c42 0000000000000000 ffffffffffffffff
0 3fd14b0f8a8bf8b9 0000000000000000 0000000000000000
1 bfe869ece8eb3380 0000000000000000 ffffffffffffffff
0 bfda3b0e0fd88f9b 0000000000000000 ffffffffffffffff
1 bfebde5070721d2a 0000000000000000 ffffffffffffffff
0 bfd2a6bb0ade8f4b 0000000000000000 ffffffffffffffff
1 bfe0f7f1e1960263 0000000000000000 ffffffffffffffff
0 bfd8d5b800aeb6a1 0000000000000000 ffffffffffffffff
1 3fe3d5a293557b4c 0000000000000000 0000000000000000
0 bfdf737d1922a784 0000000000000000 ffffffffffffffff
1 bfe2399cf3ab6e87 0000000000000000 ffffffffffffffff
0 bfd559e04b589ba3 0000000000000000 ffffffffffffffff
1 3fe5a4bad0ec9fd1 0000000000000000 0000000000000000
0 3fd27f7a918f26bb 0000000000000000 0000000000000000
1 bfe187941dc0049b 0000000000000000 ffffffffffffffff
0 bfdf5893f1e4ca1e 0000000000000000 ffffffffffffffff
1 bfee39943a5fe382 0000000000000000 ffffffffffffffff
0 3fd7c436b2213318 0000000000000000 0000000000000000
1 3fea3999f8ed3e73 0000000000000000 0000000000000000
0 3fd4645c845ff703 0000000000000000 0000000000000000
1 3fe68364805fa082 0000000000000000 0000000000000000
0 bfde41e04beeda24 0000000000000000 ffffffffffffffff
1 bfe33318b990ab50 0000000000000000 ffffffffffffffff
0 bfdfc3fd8f9d729c 0000000000000000 ffffffffffffffff
1 bfef6f72bd561297 0000000000000000 ffffffffffffffff
0 3fd61e65bd1b13cb 0000000000000000 0000000000000000
1 3fe0cc11704b7374 0000000000000000 0000000000000000
0 3fd32517eb0a1d13 0000000000000000 0000000000000000
1 bfedab47b05ef230 0000000000000000 ffffffffffffffff
0 bfdaf6ccb1b1d558 0000000000000000 ffffffffffffffff
1 bfec5beb063f2f54 0000000000000000 ffffffffffffffff
0 bfd5f53c5d91437b 0000000000000000 ffffffffffffffff
1 bfe3980a65c1f15e 0000000000000000 ffffffffffffffff
0 3fdd059c700256f4 0000000000000000 0000000000000000
1 bfe8e60a2d5167b1 0000000000000000 ffffffffffffffff
0 bfd3f490c50f8798 0000000000000000 ffffffffffffffff
1 3fe368fb0a323f11 0000000000000000 0000000000000000
0 bfd2a0a475e6b1cf 0000000000000000 ffffffffffffffff
1 3fe64bc74e08778f 0000000000000000 0000000000000000
0 bfdf07c26d470c19 0000000000000000 ffffffffffffffff
1 bfe3b2f65c3d9b6c 0000000000000000 ffffffffffffffff
0 bfd5b7c9fd8145de 0000000000000000 ffffffffffffffff
1 bfe6a904fb6ec5e0 0000000000000000 ffffffffffffffff
0 3fd40ecabc191b20 0000000000000000 0000000000000000
1 3fe8d16ed408aa43 0000000000000000 0000000000000000
0 bfd4823cd724623a 0000000000000000 ffffffffffffffff
1 3fe45002fc8d20db 0000000000000000 0000000000000000
0 3fdc296f59b86b80 0000000000000000 0000000000000000
1 3fe5f89ad0d93e9f 0000000000000000 0000000000000000
0 3fd4f2fb81f4ae6b 0000000000000000 0000000000000000
1 bfed90e34dd48f0b 0000000000000000 ffffffffffffffff
0 3fdb5d5dc9ac02b3 0000000000000000 0000000000000000
1 bfe1b0d52fea0b53 0000000000000000 ffffffffffffffff
0 3fdaa1cd64ccf9de 0000000000000000 0000000000000000
1 bfe5f820dc75a146 0000000000000000 ffffffffffffffff
0 3fdf19d00f92baae 0000000000000000 0000000000000000
1 bfe398448ad05265 0000000000000000 ffffffffffffffff
0 3fd9639b44fb6d62 0000000000000000 0000000000000000
1 3fe13e9a6e506892 0000000000000000 0000000000000000
0 bfd0a39c8463cb3a 0000000000000000 ffffffffffffffff
1 bfe2a9e0fe4e9f43 0000000000000000 ffffffffffffffff
0 3fd661240ae00656 0000000000000000 0000000000000000
1 bfe3fe0069d33260 0000000000000000 ffffffffffffffff
0 bfdc0df384f7b49f 0000000000000000 ffffffffffffffff
1 bfe0663e463f9969 0000000000000000 ffffffffffffffff
0 3fdd0efdd1abe6e1 0000000000000000 0000000000000000
1 bfe2d24a40f6209c 0000000000000000 ffffffffffffffff
0 3fd3e6d83b452c64 0000000000000000 0000000000000000
1 3fefa0b1da2229c1 0000000000000000 0000000000000000
0 bfd7c14675ee1379 0000000000000000 ffffffffffffffff
1 bfe9561a491c7409 0000000000000000 ffffffffffffffff
0 3fdecc612903776c 0000000000000000 0000000000000000
1 bfecd559265be1d5 0000000000000000 ffffffffffffffff
0 3fd8d6114087bad3 0000000000000000 0000000000000000
1 3fec632a2ba18aa8 0000000000000000 0000000000000000
0 bfd14b696ec89642 0000000000000000 ffffffffffffffff
1 bfeccb65515edde9 0000000000000000 ffffffffffffffff
0 bfd5df865bd43615 0000000000000000 ffffffffffffffff
1 3fe048fbbad0cc26 0000000000000000 0000000000000000
0 bfd14e454749dfde 0000000000000000 ffffffffffffffff
1 3fee4c4c398cb07c 0000000000000000 0000000000000000
0 3fd351b109751256 0000000000000000 0000000000000000
1 bfe456c5d73325fe 0000000000000000 ffffffffffffffff
0 3fd1b32b6895aed7 0000000000000000 0000000000000000
1 bfe4783f2a100506 0000000000000000 ffffffffffffffff
0 bfd2736f1874417c 0000000000000000 ffffffffffffffff
1 bfebe4063f8581d2 0000000000000000 ffffffffffffffff
0 bfdfbfb934b94533 0000000000000000 ffffffffffffffff
1 bfed6bf4f054ad7d 0000000000000000 ffffffffffffffff
0 bfde7dc89ed74dbc 0000000000000000 ffffffffffffffff
1 3fed512b7c13f9a1 0000000000000000 0000000000000000
0 3fd77b7db01a3abd 0000000000000000 0000000000000000
1 bfe1d79db9dcb8a8 0000000000000000 ffffffffffffffff
0 bfd3f89d06a15e23 0000000000000000 ffffffffffffffff
1 bfe96481f52ca71c 0000000000000000 ffffffffffffffff
0 3fd3517ba821675d 0000000000000000 0000000000000000
1 bfe8367382fcc61e 0000000000000000 ffffffffffffffff
0 3fdf1407d32d5dca 0000000000000000 0000000000000000
1 bfe5223aa3846d9a 0000000000000000 ffffffffffffffff
0 bfd213ad19fdda46 0000000000000000 ffffffffffffffff
1 bfe15d1274384b33 0000000000000000 ffffffffffffffff
0 3fd3a11cb59ecd37 0000000000000000 0000000000000000
1 bfeee24c57696b65 0000000000000000 ffffffffffffffff
0 bfd8e306988aa9ee 0000000000000000 ffffffffffffffff
1 3fe3c69944d356bc 0000000000000000 0000000000000000
0 bfd29a7372d81bd9 0000000000000000 ffffffffffffffff
1 3fe07ef5ef8c6d60 0000000000000000 0000000000000000
0 bfd4a1ce873384ce 0000000000000000 ffffffffffffffff
1 bfe5baeebfdb45f0 0000000000000000 ffffffffffffffff
0 3fd943a19cf0520e 0000000000000000 0000000000000000
1 3fee166b018c1ef6 0000000000000000 0000000000000000
0 bfd34d900587ccf0 0000000000000000 ffffffffffffffff
1 bfe66cb50251e661 0000000000000000 ffffffffffffffff
0 bfde2d179b239d22 0000000000000000 ffffffffffffffff
1 3fe7a7309111e059 0000000000000000 0000000000000000
0 3fd969ed5ec7ac4d 0000000000000000 0000000000000000
1 bfe688527e26c62c 0000000000000000 ffffffffffffffff
0 bfd30c40050afbc3 0000000000000000 ffffffffffffffff
1 bfeec78e060b9cb5 0000000000000000 ffffffffffffffff
0 bfde467a72b8c5c6 0000000000000000 ffffffffffffffff
1 3fe7a3ce77fffcec 0000000000000000 0000000000000000
0 3fdfc3ab4e0970a2 0000000000000000 0000000000000000
1 3fea972f58e106a7 0000000000000000 0000000000000000
0 bfde0133ba047322 0000000000000000 ffffffffffffffff
1 3fed2db9ca196710 0000000000000000 0000000000000000
0 3fd2142d909463c4 0000000000000000 0000000000000000
1 bfee7dc3ca006481 0000000000000000 ffffffffffffffff
0 bfd22cd5debe8e36 0000000000000000 ffffffffffffffff
1 3fef1e6b01d3afce 0000000000000000 0000000000000000
0 bfdc5a58c522e2ad 0000000000000000 ffffffffffffffff
1 3fe0ab1025a93f1e 0000000000000000 0000000000000000
0 3fdf1e4402c7e25d 0000000000000000 0000000000000000
1 bfe69888205ba9bf 0000000000000000 ffffffffffffffff
0 3fd1d1fb8cea27f5 0000000000000000 0000000000000000
1 3fe279ffbe48cd76 0000000000000000 0000000000000000
0 3fdea1a2de79b07b 0000000000000000 0000000000000000
1 3fe2f0ec8784bf03 0000000000000000 0000000000000000
0 3fdce6b6d1521e37 0000000000000000 0000000000000000
1 3fe8740b3f9ba479 0000000000000000 0000000000000000
0 3fd2c94b34126fe9 0000000000000000 0000000000000000
1 3fed7879e8cbccec 0000000000000000 0000000000000000
0 bfd426fe456d99be 0000000000000000 ffffffffffffffff
1 bfe457e2961ec2a3 0000000000000000 ffffffffffffffff
0 3fd9f36ad4faca53 0000000000000000 0000000000000000
1 bfe0699dca25dcb8 0000000000000000 ffffffffffffffff
0 3fdc2aca314d7e96 0000000000000000 0000000000000000
1 bfee35e5a2e8fbe5 0000000000000000 ffffffffffffffff
0 3fd342829740c5d4 0000000000000000 0000000000000000
1 3feda1c0b1997281 0000000000000000 0000000000000000
0 bfd5b72a8c945f93 0000000000000000 ffffffffffffffff
1 3fe4cc75bea13a0b 0000000000000000 0000000000000000
0 3fdf0c2b538c0f38 0000000000000000 0000000000000000
1 3feeddaaceddf52e 0000000000000000 0000000000000000
0 bfd315b16f32ba4b 0000000000000000 ffffffffffffffff
1 3fea999d6eb6cccf 0000000000000000 0000000000000000
0 bfd338c3b5962e80 0000000000000000 ffffffffffffffff
1 bfef9448d52d5dd0 0000000000000000 ffffffffffffffff
0 bfdbb555181ebb8e 0000000000000000 ffffffffffffffff
1 bfec01495dfc21ae 0000000000000000 ffffffffffffffff
0 bfd2c5095e25c83f 0000000000000000 ffffffffffffffff
1 3fed3f892e5a38aa 0000000000000000 0000000000000000
0 bfd3dfc5034a1d7d 0000000000000000 ffffffffffffffff
1 3fead292094d1700 0000000000000000 0000000000000000
0 bfd4188d446c4f0b 0000000000000000 ffffffffffffffff
1 3fe0ca506be82a6c 0000000000000000 0000000000000000
0 bfd16960bdd88b9e 0000000000000000 ffffffffffffffff
1 bfe36fb4383b6efa 0000000000000000 ffffffffffffffff
0 3fd080d5af5adea3 0000000000000000 0000000000000000
1 bfed7827c42f1cf3 0000000000000000 ffffffffffffffff
0 bfd12ecfa7edc477 0000000000000000 ffffffffffffffff
1 3fe1c7b6d10b4408 0000000000000000 0000000000000000
0 3fd29ece27e37e6b 0000000000000000 0000000000000000
1 bfe510e019eb4fc5 0000000000000000 ffffffffffffffff
0 bfde09d33798fd8c 0000000000000000 ffffffffffffffff
1 3feac6815b429b27 0000000000000000 0000000000000000
0 bfd8e2900e073524 0000000000000000 ffffffffffffffff
1 3fe829a0d49b9123 0000000000000000 0000000000000000
0 3fda2ef587ea7e78 0000000000000000 0000000000000000
1 3feb3ff7aea48654 0000000000000000 0000000000000000
0 3fd4c1314147a016 0000000000000000 0000000000000000
1 3fe9fbcf6a22710b 0000000000000000 0000000000000000
0 3fde407f9494ef26 0000000000000000 0000000000000000
1 bfe1d9c496428f05 0000000000000000 ffffffffffffffff
0 3fd7019fcb3c058b 0000000000000000 0000000000000000
1 3fea3fd85dc455b3 0000000000000000 0000000000000000
0 3fdb5bb068c1d6c2 0000000000000000 0000000000000000
1 3fe680a48bcb6bd4 0000000000000000 0000000000000000
0 3fda2f7c4af11d91 0000000000000000 0000000000000000
1 3fed9ddafbfd326d 0000000000000000 0000000000000000
0 bfd6472ed8307f10 0000000000000000 ffffffffffffffff
1 bfe1ad3148b6765d 0000000000000000 ffffffffffffffff
0 3fd1a3547b1abfb7 0000000000000000 0000000000000000
1 bfe35f9321f671d5 0000000000000000 ffffffffffffffff
0 3fd411e6c88158e3 0000000000000000 0000000000000000
1 bfea73e5a6c03bc3 0000000000000000 ffffffffffffffff
0 bfd30655bce33764 0000000000000000 ffffffffffffffff
1 bfe9376e194bd97e 0000000000000000 ffffffffffffffff
0 bfdee0bc366cb297 0000000000000000 ffffffffffffffff
1 3fe32dc51c0a9d9f 0000000000000000 0000000000000000
0 3fd9fea3efbb44a5 0000000000000000 0000000000000000
1 bfe49d21c818456c 0000000000000000 ffffffffffffffff
0 bfd43ac8b2baf13f 0000000000000000 ffffffffffffffff
1 3fe146e8b88db0e2 0000000000000000 0000000000000000
0 bfdfb60bc6198c81 0000000000000000 ffffffffffffffff
1 bfe9397138b6829b 0000000000000000 ffffffffffffffff
0 3fd780f77d14a80b 0000000000000000 0000000000000000
1 3febe3a0bbb9d73f 0000000000000000 0000000000000000
0 3fd48ea81c83b64b 0000000000000000 0000000000000000
1 3fe2b190377c7456 0000000000000000 0000000000000000
0 bfd94c4b00d4f8c3 0000000000000000 ffffffffffffffff
1 bfed010d53ba4efb 0000000000000000 ffffffffffffffff
0 3fd31f8d3303faec 0000000000000000 0000000000000000
1 bfe9db44ed81a9da 0000000000000000 ffffffffffffffff
0 3fdc36991631b46d 0000000000000000 0000000000000000
1 bfebb6a1bde4f5af 0000000000000000 ffffffffffffffff
0 3fdd0428ca2b1e7c 0000000000000000 0000000000000000
1 3fefcd52bd67813e 0000000000000000 0000000000000000
0 3fdd05c05d197dcf 0000000000000000 0000000000000000
1 bfebb72227354495 0000000000000000 ffffffffffffffff
0 bfd0ae309adcf89e 0000000000000000 ffffffffffffffff
1 bfe596301a780ae8 0000000000000000 ffffffffffffffff
0 bfda03f376624b5a 0000000000000000 ffffffffffffffff
1 bfe3bc1c3a59fa1e 0000000000000000 ffffffffffffffff
0 3fd582944407a110 0000000000000000 0000000000000000
1 bfec72fc34ea00c6 0000000000000000 ffffffffffffffff
0 3fda9e99b0211263 0000000000000000 0000000000000000
1 3fe5eb3bc5dd4561 0000000000000000 0000000000000000
0 bfd27cfadcae5df4 0000000000000000 ffffffffffffffff
1 3fe188c711cbc460 0000000000000000 0000000000000000
0 bfd63c084b68c3e5 0000000000000000 ffffffffffffffff
1 bfe920ca80e56797 0000000000000000 ffffffffffffffff
0 3fd378c6b0ceec6e 0000000000000000 0000000000000000
1 bfe1ef1a305032f2 0000000000000000 ffffffffffffffff
0 3fd728e4f58f34e0 0000000000000000 0000000000000000
1 bfef4f9b33a889ee 0000000000000000 ffffffffffffffff
0 3fd0a1870ace06c7 0000000000000000 0000000000000000
1 bfe86541906bacd6 0000000000000000 ffffffffffffffff
0 bfd27facfb7e880a 0000000000000000 ffffffffffffffff
1 bfe77fe4f60d33d2 0000000000000000 ffffffffffffffff
0 bfdc2a05dce892fd 0000000000000000 ffffffffffffffff
1 3feec9def5b64793 0000000000000000 0000000000000000
0 bfdb38d61f3ded64 0000000000000000 ffffffffffffffff
1 3fe18d86df401457 0000000000000000 0000000000000000
0 3fd3306c2c5fde29 0000000000000000 0000000000000000
1 bfe37231df7f48c0 0000000000000000 ffffffffffffffff
0 bfd5e8b7395eaccd 0000000000000000 ffffffffffffffff
1 3fea6a8922a71b28 0000000000000000 0000000000000000
0 3fdb01508a2c455e 0000000000000000 0000000000000000
1 bfecc1b4344cc2a4 0000000000000000 ffffffffffffffff
0 3fd59f925095d106 0000000000000000 0000000000000000
1 3febeca34ee923b3 0000000000000000 0000000000000000
0 bfd0760632c7af68 0000000000000000 ffffffffffffffff
1 3fe4636f113da39a 0000000000000000 0000000000000000
0 bfdbc3951b45b9e2 0000000000000000 ffffffffffffffff
1 3fea839c000989fa 0000000000000000 0000000000000000
0 bfda72effaac160a 0000000000000000 ffffffffffffffff
1 3fe28a7cab4768b9 0000000000000000 0000000000000000
0 bfd2068a887135c6 0000000000000000 ffffffffffffffff
1 bfe75d027b77d41a 0000000000000000 ffffffffffffffff
0 bfd8b227cb7005d0 0000000000000000 ffffffffffffffff
1 bfe64441f6db13ca 0000000000000000 ffffffffffffffff
0 bfd65296fb08e46e 0000000000000000 ffffffffffffffff
1 3febb1e515ff48cb 0000000000000000 0000000000000000
0 3fd2d6c7641da8bf 0000000000000000 0000000000000000
1 3feea91f7117ab15 0000000000000000 0000000000000000
0 bfdba103f5cd2d3f 0000000000000000 ffffffffffffffff
1 3fecb390ffd7a5c3 0000000000000000 0000000000000000
0 3fd18f9c75924015 0000000000000000 0000000000000000
1 bfe1e2c41d49de8c 0000000000000000 ffffffffffffffff
0 3fdb2c8033a6fb79 0000000000000000 0000000000000000
1 bfe2bcc0a2c4f9a9 0000000000000000 ffffffffffffffff
0 bfdd04c05af7808d 0000000000000000 ffffffffffffffff
1 3feac446c386c5c8 0000000000000000 0000000000000000
0 3fdcbccf9931eaab 0000000000000000 0000000000000000
1 3fe5ed7378ed6581 0000000000000000 0000000000000000
0 3fda2b435e1d39b1 0000000000000000 0000000000000000
1 bfed9e7f29aa55c4 0000000000000000 ffffffffffffffff
0 3fda7926bac75e0d 0000000000000000 0000000000000000
1 3fed85073920be06 0000000000000000 0000000000000000
0 3fdfff4e61237986 0000000000000000 0000000000000000
1 bfe8630618a6c604 0000000000000000 ffffffffffffffff
0 3fdb462d5e872304 0000000000000000 0000000000000000
1 3fed7b0b11efbfc2 0000000000000000 0000000000000000
0 bfd79a7a70648667 0000000000000000 ffffffffffffffff
1 3fe66c6d99c41859 0000000000000000 0000000000000000
0 3fddd327292ddb23 0000000000000000 0000000000000000
1 3fe490df25b624a1 0000000000000000 0000000000000000
0 bfdb6e8751ea8a5b 0000000000000000 ffffffffffffffff
1 bfee9ae2b7799c9b 0000000000000000 ffffffffffffffff
0 3fdd188ce5fd9a60 0000000000000000 0000000000000000
1 3fe048924737b1b2 0000000000000000 0000000000000000
0 3fd7556cdc32a1e8 0000000000000000 0000000000000000
1 bfeb14e143043915 0000000000000000 ffffffffffffffff
0 bfd163510c82fb13 0000000000000000 ffffffffffffffff
1 3fe5670096f331e3 0000000000000000 0000000000000000
0 3fd20c6a6c3c4c5c 0000000000000000 0000000000000000
1 3fe2544ae79a0b0d 0000000000000000 0000000000000000
0 bfd239710ff29a75 0000000000000000 ffffffffffffffff
1 3fe68d6e6fb6c4fb 0000000000000000 0000000000000000
0 3fd7c4b627275bc5 0000000000000000 0000000000000000
1 bfe2b9ab024779d1 0000000000000000 ffffffffffffffff
0 3fdd08ac38cae4d4 0000000000000000 0000000000000000
1 bfe6fea432da0da3 0000000000000000 ffffffffffffffff
0 3fd1e9aecea486a8 0000000000000000 0000000000000000
1 bfe106e16f8d1f82 0000000000000000 ffffffffffffffff
0 3fd554d460450be1 0000000000000000 0000000000000000
1 3fe0f45d2a8b3bc7 0000000000000000 0000000000000000
0 3fd1aac11abc64f2 0000000000000000 0000000000000000
1 bfe7232dc3b44b1e 0000000000000000 ffffffffffffffff
0 bfd11ac1635e8299 0000000000000000 ffffffffffffffff
1 bfe46825fc82520f 0000000000000000 ffffffffffffffff
0 3fd2ca3fe2052053 0000000000000000 0000000000000000
1 3fe42df15f8bff28 0000000000000000 0000000000000000
0 bfd13ed432bed258 0000000000000000 ffffffffffffffff
1 bfe94b00b5363450 0000000000000000 ffffffffffffffff
0 3fd5de2ee5a74cf0 0000000000000000 0000000000000000
1 3feb0f737ee204d5 0000000000000000 0000000000000000
0 3fd882b92d23ff37 0000000000000000 0000000000000000
1 3fe52e1840bb1ba4 0000000000000000 0000000000000000
0 bfdd6200971ebd07 0000000000000000 ffffffffffffffff
1 bfe081eba801e4fe 0000000000000000 ffffffffffffffff
0 bfd2f9e01efe87c2 0000000000000000 ffffffffffffffff
1 bfe7218f42f092c2 0000000000000000 ffffffffffffffff
0 3fd9bdbb7f472af8 0000000000000000 0000000000000000
1 3feeb9ab9e30370f 0000000000000000 0000000000000000
0 bfdeded940145df7 0000000000000000 ffffffffffffffff
1 bfeaccd57df57988 0000000000000000 ffffffffffffffff
0 bfd79471f9b8af02 0000000000000000 ffffffffffffffff
1 3feaaa40f4c8ab92 0000000000000000 0000000000000000
0 3fd14029fbad2213 0000000000000000 0000000000000000
1 bfe831fd1ebebbcc 0000000000000000 ffffffffffffffff
0 bfdfe68bbb18921a 0000000000000000 ffffffffffffffff
1 bfe5a6be720fb062 0000000000000000 ffffffffffffffff
0 3fde3d2381d444bf 0000000000000000 0000000000000000
1 bfea60135b17da50 0000000000000000 ffffffffffffffff
0 3fdf26ec76e5f047 0000000000000000 0000000000000000
1 bfec62c5f6ab5166 0000000000000000 ffffffffffffffff
0 bfdbbe40807579d6 0000000000000000 ffffffffffffffff
1 bfe6031c48aca4aa 0000000000000000 ffffffffffffffff
0 bfd974dda091b45e 0000000000000000 ffffffffffffffff
1 bfec95ad7f8e09d1 0000000000000000 ffffffffffffffff
0 bfda2971c78fda68 0000000000000000 ffffffffffffffff
1 bfe778eefd8deccc 0000000000000000 ffffffffffffffff
0 bfd5cc9772dec4ca 0000000000000000 ffffffffffffffff
1 3fea2e7d7620bc4f 0000000000000000 0000000000000000
0 3fdfc9527640bf60 0000000000000000 0000000000000000
1 3fecb548e6b66b55 0000000000000000 0000000000000000
0 bfded57de888e4e4 0000000000000000 ffffffffffffffff
1 3fef51ce6c554243 0000000000000000 0000000000000000
0 3fdbc82acd8100dd 0000000000000000 0000000000000000
1 bfe12ef15dd485b9 0000000000000000 ffffffffffffffff
0 3fd3aea56568a564 0000000000000000 0000000000000000
1 3febfb2d9713e718 0000000000000000 0000000000000000
0 3fd1523ac5b56317 0000000000000000 0000000000000000
1 3feaa81d52b1bada 0000000000000000 0000000000000000
0 bfd96532bb3ce670 0000000000000000 ffffffffffffffff
1 3feacc747fd2e1b3 0000000000000000 0000000000000000
0 bfd568d648b8da7c 0000000000000000 ffffffffffffffff
1 3fe1005ebb10845b 0000000000000000 0000000000000000
0 bfd8255049e4a883 0000000000000000 ffffffffffffffff
1 3fed359185f06f93 0000000000000000 0000000000000000
0 3fda26d978a3aef7 0000000000000000 0000000000000000
1 3fe8cab846efe267 0000000000000000 0000000000000000
0 bfd383c157415623 0000000000000000 ffffffffffffffff
1 bfea0d5f7652bed2 0000000000000000 ffffffffffffffff
0 bfd66ec9c9a2e39a 0000000000000000 ffffffffffffffff
1 3fe8e806ce51f322 0000000000000000 0000000000000000
0 bfdec30fc52d15f2 0000000000000000 ffffffffffffffff
1 3fe2864ab65fd161 0000000000000000 0000000000000000
0 bfd08e310cff0a8b 0000000000000000 ffffffffffffffff
1 bfe9b1f337fa68ac 0000000000000000 ffffffffffffffff
0 bfd21ad21cec243f 0000000000000000 ffffffffffffffff
1 bfe90676dcbcd463 0000000000000000 ffffffffffffffff
0 bfd9e3829beaecc5 0000000000000000 ffffffffffffffff
1 3feb2d9451f2d69a 0000000000000000 0000000000000000
0 3fdf4aadcdbae26c 0000000000000000 0000000000000000
1 3fe9790411edee37 0000000000000000 0000000000000000
0 3fdfa89a5a2c0520 0000000000000000 0000000000000000
1 3fef056b3f294d5c 0000000000000000 0000000000000000
0 bfd79aab92cfeaea 0000000000000000 ffffffffffffffff
1 bfe91c59daacc195 0000000000000000 ffffffffffffffff
0 bfd151935ba1abc6 0000000000000000 ffffffffffffffff
1 3fe9868fd51e519a 0000000000000000 0000000000000000
0 bfd078d250f7828d 0000000000000000 ffffffffffffffff
1 bfe245a41955abed 0000000000000000 ffffffffffffffff
0 3fd54b21c16a7e63 0000000000000000 0000000000000000
1 3fe6f9092b9174fd 0000000000000000 0000000000000000
0 bfd5e9f62de59d62 0000000000000000 ffffffffffffffff
1 3fe509559e417406 0000000000000000 0000000000000000
0 3fd88a8ce415a338 0000000000000000 0000000000000000
1 3fe1c78746e01165 0000000000000000 0000000000000000
0 bfd981e88019a274 0000000000000000 ffffffffffffffff
1 bfe7e9f5daeca63c 0000000000000000 ffffffffffffffff
0 bfd7a1fb9fb26280 0000000000000000 ffffffffffffffff
1 bfe4ba5d763c5fe1 0000000000000000 ffffffffffffffff
0 3fd7dc7438524b58 0000000000000000 0000000000000000
1 3fe72899d62d0c6e 0000000000000000 0000000000000000
0 3fd6b62daf56fa91 0000000000000000 0000000000000000
1 3fe138b330088fca 0000000000000000 0000000000000000
0 3fd24299747c6070 0000000000000000 0000000000000000
1 3fea41c666ed6818 0000000000000000 0000000000000000
0 3fd8b5a9f86bcc07 0000000000000000 0000000000000000
1 bfeaef4074dcaafe 0000000000000000 ffffffffffffffff
0 3fdb962686b68fc3 0000000000000000 0000000000000000
1 bfe3c47ba71a9c91 0000000000000000 ffffffffffffffff
0 3fd7f99d22082b86 0000000000000000 0000000000000000
1 3fed508428470469 0000000000000000 0000000000000000
0 3fdb45c4d0879116 0000000000000000 0000000000000000
1 3fe7dd7664fc8d67 0000000000000000 0000000000000000
0 3fde599ecabeae57 0000000000000000 0000000000000000
1 3fe437ce5df6ab5a 0000000000000000 0000000000000000
0 3fd3fdf7c28d4ddc 0000000000000000 0000000000000000
1 bfea0f939f34f4e9 0000000000000000 ffffffffffffffff
0 bfdf54cb95ec3bc8 0000000000000000 ffffffffffffffff
1 bfe78b6abb9cf517 0000000000000000 ffffffffffffffff
0 bfd6bb9f002abee3 0000000000000000 ffffffffffffffff
1 bfebb0d83b631d14 0000000000000000 ffffffffffffffff
0 3fdf6a6bb107b99d 0000000000000000 0000000000000000
1 bfe132b02e56f32a 0000000000000000 ffffffffffffffff
0 bfd637dfd4548dba 0000000000000000 ffffffffffffffff
1 3fef44308195eb9a 0000000000000000 0000000000000000
0 3fde8ef35f0ffa20 0000000000000000 0000000000000000
1 bfe07dafe580f4e5 0000000000000000 ffffffffffffffff
0 3fde3b0501832b3d 0000000000000000 0000000000000000
1 3fe9df5df2702bd5 0000000000000000 0000000000000000
0 3fd6ab7b708c2f35 0000000000000000 0000000000000000
1 bfeba3661640841b 0000000000000000 ffffffffffffffff
0 3fd4a3bc46279cd5 0000000000000000 0000000000000000
1 3fe1862f32863012 0000000000000000 0000000000000000
0 bfd4ab2d68998d9a 0000000000000000 ffffffffffffffff
1 3fea2e7c2984cceb 0000000000000000 0000000000000000
0 3fd66c98683a4197 0000000000000000 0000000000000000
1 bfee39fb2d46c63f 0000000000000000 ffffffffffffffff
0 bfd7f4af0b694c37 0000000000000000 ffffffffffffffff
1 3fea2e3ed474426f 0000000000000000 0000000000000000
0 3fd037e13f0de2cc 0000000000000000 0000000000000000
1 3fea09732f79869e 0000000000000000 0000000000000000
0 bfd55d5e92e85a61 0000000000000000 ffffffffffffffff
1 3fe1468d59c7873b 0000000000000000 0000000000000000
0 3fd1f112498cf07b 0000000000000000 0000000000000000
1 3fe73cf76ee75723 0000000000000000 0000000000000000
0 bfde6fd77e3cedb3 0000000000000000 ffffffffffffffff
1 bfe082dd193459e0 0000000000000000 ffffffffffffffff
0 3fdf31e32a0c459e 0000000000000000 0000000000000000
1 bfe56ea2773c00b9 0000000000000000 ffffffffffffffff
0 bfd850aab16f061e 0000000000000000 ffffffffffffffff
1 3fe7d6d784c441dc 0000000000000000 0000000000000000
0 bfd4f5d1c6b35e85 0000000000000000 ffffffffffffffff
1 3fe02897727898a5 0000000000000000 0000000000000000
0 3fd95b87b0cfa143 0000000000000000 0000000000000000
1 3febb2cc0ca94317 0000000000000000 0000000000000000
0 3fd9e49b3404518c 0000000000000000 0000000000000000
1 bfe13ab02b495324 0000000000000000 ffffffffffffffff
0 bfde659246470862 0000000000000000 ffffffffffffffff
1 bfef3653e677fe41 0000000000000000 ffffffffffffffff
0 bfd9bc88808d7ff2 0000000000000000 ffffffffffffffff
1 3fe9143bd3d573d5 0000000000000000 0000000000000000
0 3fd6485ac8699621 0000000000000000 0000000000000000
1 bfea4865cb730e39 0000000000000000 ffffffffffffffff
0 3fdc21639d861acd 0000000000000000 0000000000000000
1 3fee713bc27395ad 0000000000000000 0000000000000000
0 bfd14bd1f0e068c0 0000000000000000 ffffffffffffffff
1 bfec2daec5a6774c 0000000000000000 ffffffffffffffff
0 3fd2fc8b69e64c12 0000000000000000 0000000000000000
1 bfef9abf3b33049a 0000000000000000 ffffffffffffffff
0 bfd2fc295c5ac292 0000000000000000 ffffffffffffffff
1 3fe596ddd37cd021 0000000000000000 0000000000000000
0 3fde40e26e7d85a4 0000000000000000 0000000000000000
1 bfec00e743c27cd9 0000000000000000 ffffffffffffffff
0 3fd4f3aa6c2b2945 0000000000000000 0000000000000000
1 bfec58e2e485048b 0000000000000000 ffffffffffffffff
0 bfd75988c3f8b9cb 0000000000000000 ffffffffffffffff
1 3fe47abc94680f37 0000000000000000 0000000000000000
0 3fdf4fd44ebbb5be 0000000000000000 0000000000000000
1 bfe46bd15f386541 0000000000000000 ffffffffffffffff
0 3fd211ac8e4475fe 0000000000000000 0000000000000000
1 bfe5b6f065af9049 0000000000000000 ffffffffffffffff
0 bfdc015acb3455c8 0000000000000000 ffffffffffffffff
1 3fe244b9df188250 0000000000000000 0000000000000000
0 bfd519878700d1b1 0000000000000000 ffffffffffffffff
1 bfecdc9758eb120e 0000000000000000 ffffffffffffffff
0 bfdac62f6006c201 0000000000000000 ffffffffffffffff
1 bfef51f1df6926b7 0000000000000000 ffffffffffffffff
0 3fde3692c14f404f 0000000000000000 0000000000000000
1 3fee26f199223b90 0000000000000000 0000000000000000
0 3fdde2e1813aa8bf 0000000000000000 0000000000000000
1 3fee53148e7f8449 0000000000000000 0000000000000000
0 3fd8eb79776ee467 0000000000000000 0000000000000000
1 3fed81c0da224140 0000000000000000 0000000000000000
0 bfd30df3383e20d3 0000000000000000 ffffffffffffffff
1 bfe1c5336c3069f1 0000000000000000 ffffffffffffffff
0 3fd6ccbb9d5d172e 0000000000000000 0000000000000000
1 3fe5ef922d49098c 0000000000000000 0000000000000000
0 bfda745eae319e5a 0000000000000000 ffffffffffffffff
1 3fe0eb567bff0580 0000000000000000 0000000000000000
0 bfd57af43650276d 0000000000000000 ffffffffffffffff
1 3fe9bc3658e17e6e 0000000000000000 0000000000000000
0 3fd32a9adb910bc9 0000000000000000 0000000000000000
1 bfe0df9e0b1447a6 0000000000000000 ffffffffffffffff
0 3fde338406d2ef28 0000000000000000 0000000000000000
1 bfe1bcb5aa06c4c7 0000000000000000 ffffffffffffffff
0 bfd061516df53351 0000000000000000 ffffffffffffffff
1 3fe9840d36ed6028 0000000000000000 0000000000000000
0 bfd8d1656e825f7e 0000000000000000 ffffffffffffffff
1 bfe0dc3f795884cb 0000000000000000 ffffffffffffffff
0 3fdbf13f3e999451 0000000000000000 0000000000000000
1 bfea564268fe2ff0 0000000000000000 ffffffffffffffff
0 bfd6b9a8bbffa0de 0000000000000000 ffffffffffffffff
1 bfe556bbced47f26 0000000000000000 ffffffffffffffff
0 3fd33e6733e03c74 0000000000000000 0000000000000000
1 3fe92954bbcfd553 0000000000000000 0000000000000000
0 3fd65761e79371cc 0000000000000000 0000000000000000
1 3fe009d3640a76b2 0000000000000000 0000000000000000
0 3fddc5829678d887 0000000000000000 0000000000000000
1 bfe365fdfd3bc8c6 0000000000000000 ffffffffffffffff
0 3fd1d032dde5f369 0000000000000000 0000000000000000
1 bfe68eb12f2fd9b9 0000000000000000 ffffffffffffffff
0 bfd919e8b27e675b 0000000000000000 ffffffffffffffff
1 bfe2931b7cecf95e 0000000000000000 ffffffffffffffff
0 3fde8d39fd6a0b6d 0000000000000000 0000000000000000
1 3fe5ecfda249875e 0000000000000000 0000000000000000
0 3fd60be7176e5c3d 0000000000000000 0000000000000000
1 3fe3d65dd64a836e 0000000000000000 0000000000000000
0 3fdad3e4eb186920 0000000000000000 0000000000000000
1 3febe473d039505c 0000000000000000 0000000000000000
0 3fd5c18188e03f02 0000000000000000 0000000000000000
1 3fea771461a43942 0000000000000000 0000000000000000
0 3fdb1d7f5ba7c849 0000000000000000 0000000000000000
1 3fed9ff1008323e7 0000000000000000 0000000000000000
0 bfd2a253940e7804 0000000000000000 ffffffffffffffff
1 3fe1ce6c785d64d0 0000000000000000 0000000000000000
0 3fd6dc1986badcbe 0000000000000000 0000000000000000
1 3fe8956d1b871ca5 0000000000000000 0000000000000000
0 bfd3059dd26a768e 0000000000000000 ffffffffffffffff
1 bfe6bdff15d8ae7d 0000000000000000 ffffffffffffffff
0 3fd2c3e59385723f 0000000000000000 0000000000000000
1 3feaaf6b3a442a86 0000000000000000 0000000000000000
0 3fd0fd3f5ccdc845 0000000000000000 0000000000000000
1 bfefbf70a63c60a9 0000000000000000 ffffffffffffffff
0 bfd971b9ff3e0b6e 0000000000000000 ffffffffffffffff
1 bfeffa36fa2d3b02 0000000000000000 ffffffffffffffff
0 3fd50cfbcff6f7b1 0000000000000000 0000000000000000
1 bfea7d601f924145 0000000000000000 ffffffffffffffff
0 3fdb76fda007c59b 0000000000000000 0000000000000000
1 bfe05d88c04e8c84 0000000000000000 ffffffffffffffff
0 3fdddd86350a5daf 0000000000000000 0000000000000000
1 3feffa05fb849175 0000000000000000 0000000000000000
0 bfd10ed519642e01 0000000000000000 ffffffffffffffff
1 bfe8ea03101e2714 0000000000000000 ffffffffffffffff
0 bfda0051bfc11d57 0000000000000000 ffffffffffffffff
1 bfe549017b43e534 0000000000000000 ffffffffffffffff
0 3fda9ecec6a3e529 0000000000000000 0000000000000000
1 3fe3f150ea391c4b 0000000000000000 0000000000000000
0 3fd8c85944c13f47 0000000000000000 0000000000000000
1 3fe206231cc2dd70 0000000000000000 0000000000000000
0 3fd24361cad07ac2 0000000000000000 0000000000000000
1 3fe4bc1056493085 0000000000000000 0000000000000000
0 3fd3ab4df02948eb 0000000000000000 0000000000000000
1 bfe1f8fe1864cf79 0000000000000000 ffffffffffffffff
0 3fd8256f55258937 0000000000000000 0000000000000000
1 3fef0c4e263327a9 0000000000000000 0000000000000000
0 bfd50552bbc83a17 0000000000000000 ffffffffffffffff
1 bfe435844dd88982 0000000000000000 ffffffffffffffff
0 3fd011e5daf4762d 0000000000000000 0000000000000000
1 3fe5c375cffe5f07 0000000000000000 0000000000000000
0 3fdbc7a2035ba5ff 0000000000000000 0000000000000000
1 3feff35dc05fb154 0000000000000000 0000000000000000
0 3fd929fe6281fcd4 0000000000000000 0000000000000000
1 3fe18b6990bc19c9 0000000000000000 0000000000000000
0 3fd91c85c1bb1dbf 0000000000000000 0000000000000000
1 3feb52e150e1d685 0000000000000000 0000000000000000
0 bfd56c73bf4d784c 0000000000000000 ffffffffffffffff
1 bfeee59e01165dad 0000000000000000 ffffffffffffffff
0 3fd7988095a15f80 0000000000000000 0000000000000000
1 bfe90c2337fe1afc 0000000000000000 ffffffffffffffff
0 bfd30f9cd680c79a 0000000000000000 ffffffffffffffff
1 bfeac7268a2e6fa0 0000000000000000 ffffffffffffffff
0 bfdb69551f87e7c5 0000000000000000 ffffffffffffffff
1 bfed9b46e81ed1b3 0000000000000000 ffffffffffffffff
0 bfd277a3e5c994df 0000000000000000 ffffffffffffffff
1 bfef110fc40ca437 0000000000000000 ffffffffffffffff
0 bfd5cb6faca9c55e 0000000000000000 ffffffffffffffff
1 bfe03fa90c233794 0000000000000000 ffffffffffffffff
0 bfd5703feef0a15c 0000000000000000 ffffffffffffffff
1 3fe1a560888183b3 0000000000000000 0000000000000000
0 3fd17f85fc113470 0000000000000000 0000000000000000
1 bfed691e03787696 0000000000000000 ffffffffffffffff
0 bfd845b76a8848b0 0000000000000000 ffffffffffffffff
1 3fef32df4cab6e08 0000000000000000 0000000000000000
0 bfd89a5de96993ac 0000000000000000 ffffffffffffffff
1 3fe6ba4e038a9684 0000000000000000 0000000000000000
0 3fd1a26472e09c63 0000000000000000 0000000000000000
1 bfe41d9d8958ffdb 0000000000000000 ffffffffffffffff
0 bfd31b4ba86de2ce 0000000000000000 ffffffffffffffff
1 3fe8ba8bada5e623 0000000000000000 0000000000000000
0 3fd7599fa6be7b66 0000000000000000 0000000000000000
1 3feef474d7b13879 0000000000000000 0000000000000000
0 3fd8ac85ac4413e1 0000000000000000 0000000000000000
1 3fee96fd06eb371a 0000000000000000 0000000000000000
0 3fdcb45b58e9bb48 0000000000000000 0000000000000000
1 bfebabd377615931 0000000000000000 ffffffffffffffff
0 3fdcafef3311edbc 0000000000000000 0000000000000000
1 bfe05d8e4c15b92b 0000000000000000 ffffffffffffffff
0 3fda9ffe0a5f2752 0000000000000000 0000000000000000
1 3fed50a2c60b6e2d 0000000000000000 0000000000000000
0 3fd90dcc8a109baa 0000000000000000 0000000000000000
1 3fe79c94c68a0cf9 0000000000000000 0000000000000000
0 bfd9fc0336a9b1b9 0000000000000000 ffffffffffffffff
1 3feb15fdf6ef842b 0000000000000000 0000000000000000
0 3fdc74a1ea9bf808 0000000000000000 0000000000000000
1 bfe9fb6ac9680fe7 0000000000000000 ffffffffffffffff
0 bfd184894de6fac2 0000000000000000 ffffffffffffffff
1 3fefcd23e7ace631 0000000000000000 0000000000000000
0 bfd4ee726bb71d8b 0000000000000000 ffffffffffffffff
1 bfea3ab7db56418e 0000000000000000 ffffffffffffffff
0 bfd166e4966caafd 0000000000000000 ffffffffffffffff
1 3fe890459dc30728 0000000000000000 0000000000000000
0 bfdb594ffda8908b 0000000000000000 ffffffffffffffff
1 3fecda85cdda8d4c 0000000000000000 0000000000000000
0 bfdc128bd0d1e259 0000000000000000 ffffffffffffffff
1 3fe6eaa0c5371863 0000000000000000 0000000000000000
0 3fdae3e3683ff28e 0000000000000000 0000000000000000
1 3fedf0aa1d970548 0000000000000000 0000000000000000
0 3fd3f6674f529d80 0000000000000000 0000000000000000
1 bfe141cae5cdb353 0000000000000000 ffffffffffffffff
0 bfdef3ad3c53b84d 0000000000000000 ffffffffffffffff
1 3fee4f0e89f1dd89 0000000000000000 0000000000000000
0 bfdbe1e67f73c9b6 0000000000000000 ffffffffffffffff
1 bfeb2fbfb23d8054 0000000000000000 ffffffffffffffff
0 bfd5428de2de64a2 0000000000000000 ffffffffffffffff
1 bfe4d09448c016d7 0000000000000000 ffffffffffffffff
0 3fd576103c933c6c 0000000000000000 0000000000000000
1 3febe2c120ed69da 0000000000000000 0000000000000000
0 bfd77239bab53792 0000000000000000 ffffffffffffffff
1 bfe206b2f29ab1d6 0000000000000000 ffffffffffffffff
0 3fd5d703d03b9d39 0000000000000000 0000000000000000
1 3fe500fa0189c166 0000000000000000 0000000000000000
0 bfd0c452c5343d7b 0000000000000000 ffffffffffffffff
1 bfede5bb21e79dae 0000000000000000 ffffffffffffffff
0 bfdae03d6f43032a 0000000000000000 ffffffffffffffff
1 3feaed502301384b 0000000000000000 0000000000000000
0 3fd98312bc65b1ce 0000000000000000 0000000000000000
1 bfe243e349e31528 0000000000000000 ffffffffffffffff
0 3fd135db7c140503 0000000000000000 0000000000000000
1 3fed957414e905d6 0000000000000000 0000000000000000
0 3fdb06471e673d01 0000000000000000 0000000000000000
1 3fe7083eb606311e 0000000000000000 0000000000000000
0 bfd4ca8c3ed10125 0000000000000000 ffffffffffffffff
1 3fe3551f97663346 0000000000000000 0000000000000000
0 3fdf1ea378ccd371 0000000000000000 0000000000000000
1 3fe43019d4e260b2 0000000000000000 0000000000000000
0 bfdd8ccfe0f01c95 0000000000000000 ffffffffffffffff
1 bfe587257cbf9167 0000000000000000 ffffffffffffffff
0 bfd5d168761688d5 0000000000000000 ffffffffffffffff
1 bfe96ed3d2efd9e2 0000000000000000 ffffffffffffffff
0 bfdb274690ee37a2 0000000000000000 ffffffffffffffff
1 bfe4093c17e06181 0000000000000000 ffffffffffffffff
0 bfd5ad8afac5ec7d 0000000000000000 ffffffffffffffff
1 3fe366ddd7e98878 0000000000000000 0000000000000000
0 bfd3fc1d04c9ec57 0000000000000000 ffffffffffffffff
1 3fe0aa7ed8f85c90 0000000000000000 0000000000000000
0 bfd520a05e280a63 0000000000000000 ffffffffffffffff
1 3fe93265fffb6431 0000000000000000 0000000000000000
0 bfd4843b1e6d383b 0000000000000000 ffffffffffffffff
1 bfef72bc6a620451 0000000000000000 ffffffffffffffff
0 3fdec4ba87fde798 0000000000000000 0000000000000000
1 3fe763b190d8f66a 0000000000000000 0000000000000000
0 3fd91dbc9f8196f3 0000000000000000 0000000000000000
1 3fefe6f6cbeadb69 0000000000000000 0000000000000000
0 bfda886ac67092af 0000000000000000 ffffffffffffffff
1 bfe35a699776107a 0000000000000000 ffffffffffffffff
0 3fdb1e8484df3d69 0000000000000000 0000000000000000
1 bfe7bd9a4520cac0 0000000000000000 ffffffffffffffff
0 bfd4973735291baa 0000000000000000 ffffffffffffffff
1 3fe69fdb98bd13a0 0000000000000000 0000000000000000
0 3fd4c22051a2b9c6 0000000000000000 0000000000000000
1 bfed45c0b74ccc8a 0000000000000000 ffffffffffffffff
0 bfd188d4211116c2 0000000000000000 ffffffffffffffff
1 bfe455aa4d0dfa8b 0000000000000000 ffffffffffffffff
0 bfd9ceeed814dd7f 0000000000000000 ffffffffffffffff
1 bfe1579871ff86e3 0000000000000000 ffffffffffffffff
0 3fdf3c45684ffe37 0000000000000000 0000000000000000
1 bfe695ceb6e8c1d6 0000000000000000 ffffffffffffffff
0 bfd4a261d1477215 0000000000000000 ffffffffffffffff
1 3fe4ae72c5ac48c0 0000000000000000 0000000000000000
0 3fd8a3146db2e48c 0000000000000000 0000000000000000
1 3febb6260c0b0762 0000000000000000 0000000000000000
0 bfd9489202a06728 0000000000000000 ffffffffffffffff
1 bfe71856cb3bcd8e 0000000000000000 ffffffffffffffff
0 bfde84c7dd9ce0f9 0000000000000000 ffffffffffffffff
1 3feced2d58968930 0000000000000000 0000000000000000
0 3fdc908c9ff59bd8 0000000000000000 0000000000000000
1 3fef17fd88fa3a24 0000000000000000 0000000000000000
0 3fd6106d5b9e24d4 0000000000000000 0000000000000000
1 bfeaa8689b356bbb 0000000000000000 ffffffffffffffff
0 3fde15f291cb8662 0000000000000000 0000000000000000
1 3fee06438961ed5c 0000000000000000 0000000000000000
0 bfd966e528ad78ff 0000000000000000 ffffffffffffffff
1 3fe204d63795be91 0000000000000000 0000000000000000
0 bfd2e00f50184925 0000000000000000 ffffffffffffffff
1 bfe16097b5c87b19 0000000000000000 ffffffffffffffff
0 bfdee066edcb801f 0000000000000000 ffffffffffffffff
1 3fe2afb26992fba8 0000000000000000 0000000000000000
0 3fdcc5884a7322d6 0000000000000000 0000000000000000
1 3fec45e852a0330d 0000000000000000 0000000000000000
0 bfd072f3b5bf95ee 0000000000000000 ffffffffffffffff
1 bfe3a1dfd3f8b229 0000000000000000 ffffffffffffffff
0 3fda6796df07040e 0000000000000000 0000000000000000
1 3fe4d147ac43099a 0000000000000000 0000000000000000
0 3fda4f00decdf4b4 0000000000000000 0000000000000000
1 bfe95ecde460fc7f 0000000000000000 ffffffffffffffff
0 bfd1d93b74955bb3 0000000000000000 ffffffffffffffff
1 3fe0007fa67bb6a9 0000000000000000 0000000000000000
0 3fdba058adb0b8e5 0000000000000000 0000000000000000
1 3fefc0d3036b3d8c 0000000000000000 0000000000000000
0 bfd0631acb7c63c3 0000000000000000 ffffffffffffffff
1 3feb8518bf3b85c9 0000000000000000 0000000000000000
0 3fd989cc3f621981 0000000000000000 0000000000000000
1 3fe6c69c7200622a 0000000000000000 0000000000000000
0 bfd8f8b478cff105 0000000000000000 ffffffffffffffff
1 3fe7304b2a699ac2 0000000000000000 0000000000000000
0 bfd0bf7df94b30d3 0000000000000000 ffffffffffffffff
1 bfe6bbb9cef4081e 0000000000000000 ffffffffffffffff
0 bfd0606745446d4e 0000000000000000 ffffffffffffffff
1 3fe55514e235d2bc 0000000000000000 0000000000000000
0 3fd04064b1b35385 0000000000000000 0000000000000000
1 bfe9a923a98ca789 0000000000000000 ffffffffffffffff
0 3fd4980246c036eb 0000000000000000 0000000000000000
1 3fe32ae112bc7575 0000000000000000 0000000000000000
0 3fdf8f767971f9ab 0000000000000000 0000000000000000
1 3fe93770ccf35be6 0000000000000000 0000000000000000
0 bfddb28a2d728ada 0000000000000000 ffffffffffffffff
1 bfe2ab2bc7fe67ae 0000000000000000 ffffffffffffffff
0 bfd8c00772f5dec1 0000000000000000 ffffffffffffffff
1 bfecd650709cdb56 0000000000000000 ffffffffffffffff
0 3fd8b2581182a9bf 0000000000000000 0000000000000000
1 bfe6b17d3bae24ce 0000000000000000 ffffffffffffffff
0 bfdcd4bfed0a0ead 0000000000000000 ffffffffffffffff
1 3fea1562fbd132b6 0000000000000000 0000000000000000
0 3fd30a0277b39ba2 0000000000000000 0000000000000000
1 3fea771e9cb0aa3b 0000000000000000 0000000000000000
0 3fd1cf96e0368584 0000000000000000 0000000000000000
1 bfec900aa51d8fde 0000000000000000 ffffffffffffffff
0 3fd5e8e07fea5058 0000000000000000 0000000000000000
1 3fe27a8a906fd9f7 0000000000000000 0000000000000000
0 bfd0ec2224896dba 0000000000000000 ffffffffffffffff
1 bfe252f473b5cc2c 0000000000000000 ffffffffffffffff
0 3fd8711f760346c6 0000000000000000 0000000000000000
1 bfe6aa80414560ad 0000000000000000 ffffffffffffffff
0 bfd97b23b1425777 0000000000000000 ffffffffffffffff
1 bfe348f8f7a5b3ca 0000000000000000 ffffffffffffffff
0 3fdcda3d656d43d3 0000000000000000 0000000000000000
1 bfe4f738d32be908 0000000000000000 ffffffffffffffff
0 bfdb3368f18739b4 0000000000000000 ffffffffffffffff
1 bfe7914c8f6637e2 0000000000000000 ffffffffffffffff
0 bfd44954d60c2162 0000000000000000 ffffffffffffffff
1 bfebd07584a9d902 0000000000000000 ffffffffffffffff
0 bfd09d4c7c8673cf 0000000000000000 ffffffffffffffff
1 3feb1f9e44fc32e0 0000000000000000 0000000000000000
0 bfd92e5d122d3f2c 0000000000000000 ffffffffffffffff
1 bfef63ead43c1208 0000000000000000 ffffffffffffffff
0 bfd74df68d0ceeee 0000000000000000 ffffffffffffffff
1 bfe598593da3918e 0000000000000000 ffffffffffffffff
0 3fd1be2f22655573 0000000000000000 0000000000000000
1 bfe19128def023ce 0000000000000000 ffffffffffffffff
0 bfd52e572e07bac4 0000000000000000 ffffffffffffffff
1 bfecf31d57ee6cde 0000000000000000 ffffffffffffffff
0 3fdbdb5d59d1e3c8 0000000000000000 0000000000000000
1 bfe55eed8831aea1 0000000000000000 ffffffffffffffff
0 3fd68ceb15fe6507 0000000000000000 0000000000000000
1 3fe73403209d353f 0000000000000000 0000000000000000
0 bfd7bfe56e5edad7 0000000000000000 ffffffffffffffff
1 3fedb152ea0842ba 0000000000000000 0000000000000000
0 bfde96f7c8cb4d32 0000000000000000 ffffffffffffffff
1 bfec1c7ff663f6a8 0000000000000000 ffffffffffffffff
0 bfd9c049af4af5ca 0000000000000000 ffffffffffffffff
1 bfe3c887299f02cd 0000000000000000 ffffffffffffffff
0 3fd5b4ee8eb6efcf 0000000000000000 0000000000000000
1 bfe600fd89e41b6e 0000000000000000 ffffffffffffffff
0 bfde72c2c35a66b8 0000000000000000 ffffffffffffffff
1 3fe5ffd9269ff2dc 0000000000000000 0000000000000000
0 3fdbd92f8c130a76 0000000000000000 0000000000000000
1 3feee171ec07f95a 0000000000000000 0000000000000000
0 bfd078c294fe177d 0000000000000000 ffffffffffffffff
1 3fe02e09f707a4ce 0000000000000000 0000000000000000
0 bfda7daeff0498da 0000000000000000 ffffffffffffffff
1 bfece8d6a33d0e4b 0000000000000000 ffffffffffffffff
0 bfd94970d860fd58 0000000000000000 ffffffffffffffff
1 3fee4e512f5d0530 0000000000000000 0000000000000000
0 3fd8f6b48a7d2fbd 0000000000000000 0000000000000000
1 3fed124bc52971f3 0000000000000000 0000000000000000
0 bfdaa2bf2e30a6f4 0000000000000000 ffffffffffffffff
1 3fe4fd8f3ca68c97 0000000000000000 0000000000000000
0 bfd52ab9957bb84f 0000000000000000 ffffffffffffffff
1 3fe26623afdc5973 0000000000000000 0000000000000000
0 3fdd1e940ecd0c88 0000000000000000 0000000000000000
1 bfe10e4976906789 0000000000000000 ffffffffffffffff
0 3fd55076f1e606ba 0000000000000000 0000000000000000
1 bfe114003c6bcf69 0000000000000000 ffffffffffffffff
0 3fd77487169ac2ce 0000000000000000 0000000000000000
1 3fe58112a242f18d 0000000000000000 0000000000000000
0 3fd828ebbe242756 0000000000000000 0000000000000000
1 3fe2dd52ec139229 0000000000000000 0000000000000000
0 bfd1c2650b3f262b 0000000000000000 ffffffffffffffff
1 3fe431ac0f845732 0000000000000000 0000000000000000
0 bfdeb39c2fae9b39 0000000000000000 ffffffffffffffff
1 3fe64c3ea15280c7 0000000000000000 0000000000000000
0 3fd31ddd66a0efb1 0000000000000000 0000000000000000
1 bfe8e6807306c260 0000000000000000 ffffffffffffffff
0 3fdc96f9cc69739d 0000000000000000 0000000000000000
1 bfef3468e333a344 0000000000000000 ffffffffffffffff
0 3fd3714f7244bb0c 0000000000000000 0000000000000000
1 bfe82e46861e851a 0000000000000000 ffffffffffffffff
0 3fdce174daaad7d1 0000000000000000 0000000000000000
1 bfe32760e23e36dc 0000000000000000 ffffffffffffffff
0 bfddbe5a6884a5f6 0000000000000000 ffffffffffffffff
1 bfe166b44114ef27 0000000000000000 ffffffffffffffff
0 3fdb0ef92ec0db71 0000000000000000 0000000000000000
1 bfe492f2180825a4 0000000000000000 ffffffffffffffff
0 3fdd44bc74affb67 0000000000000000 0000000000000000
1 bfe817885a94944d 0000000000000000 ffffffffffffffff
0 3fdccb90bd6dee52 0000000000000000 0000000000000000
1 3fed1d0a04c625b6 0000000000000000 0000000000000000
0 bfde201ec3e1f636 0000000000000000 ffffffffffffffff
1 bfe700b2d9d9d2fa 0000000000000000 ffffffffffffffff
0 bfd90306e298f07b 0000000000000000 ffffffffffffffff
1 bfe44fd83387ef46 0000000000000000 ffffffffffffffff
0 3fd299cb7bbfb861 0000000000000000 0000000000000000
1 3fe9b1b41d03bbfb 0000000000000000 0000000000000000
0 3fd29d63d3101ae2 0000000000000000 0000000000000000
1 bfe89eec11fcfb80 0000000000000000 ffffffffffffffff
0 3fd2da13c5e67b3a 0000000000000000 0000000000000000
1 bfeab3fc4a0a9582 0000000000000000 ffffffffffffffff
0 3fdd6355d5e6ad46 0000000000000000 0000000000000000
1 bfedf7f695da167f 0000000000000000 ffffffffffffffff
0 bfd650565d813508 0000000000000000 ffffffffffffffff
1 3fe8ded7c65b66c2 0000000000000000 0000000000000000
0 bfdaff1cdce10648 0000000000000000 ffffffffffffffff
1 bfe99a5a2727f8cd 0000000000000000 ffffffffffffffff
0 3fda8f70ff611d48 0000000000000000 0000000000000000
1 bfe67893c3d7faf8 0000000000000000 ffffffffffffffff
0 3fd852a36a5329d0 0000000000000000 0000000000000000
1 bfe6463ac91ef959 0000000000000000 ffffffffffffffff
0 bfdae746e4d702a2 0000000000000000 ffffffffffffffff
1 bfe7b3821963ba49 0000000000000000 ffffffffffffffff
0 bfd1d2dcc2ea4365 0000000000000000 ffffffffffffffff
1 bfe52f43e17258fd 0000000000000000 ffffffffffffffff
0 bfdd0e23da268ec6 0000000000000000 ffffffffffffffff
1 bfe2f0c6f63c5d86 0000000000000000 ffffffffffffffff
0 3fde59735b87f60e 0000000000000000 0000000000000000
1 3fe2515b8bb3a9e8 0000000000000000 0000000000000000
0 bfd7ee6d76620318 0000000000000000 ffffffffffffffff
1 3fee06e500beb50c 0000000000000000 0000000000000000
0 3fdac3a470e40aaa 0000000000000000 0000000000000000
1 3fe0049838dbe335 0000000000000000 0000000000000000
0 bfd313e370717a29 0000000000000000 ffffffffffffffff
1 bfe8cfc498c6beda 0000000000000000 ffffffffffffffff
0 3fd50e592f320e84 0000000000000000 0000000000000000
1 3fece24dd715cc1f 0000000000000000 0000000000000000
0 bfd86b8a592924ff 0000000000000000 ffffffffffffffff
1 3fe3aa6392861fa7 0000000000000000 0000000000000000
0 3fde1065cbd439b6 0000000000000000 0000000000000000
1 3feb067b62a01622 0000000000000000 0000000000000000
0 bfdfd80aacfb4080 0000000000000000 ffffffffffffffff
1 bfed1864918872d5 0000000000000000 ffffffffffffffff
0 3fdd2a2bcdd0d8bb 0000000000000000 0000000000000000
1 bfe499856e0333dc 0000000000000000 ffffffffffffffff
0 3fdeedfc891b7819 0000000000000000 0000000000000000
1 3fe13c38410ba4de 0000000000000000 0000000000000000
0 bfd9e443ea047c0b 0000000000000000 ffffffffffffffff
1 3fe0cdf7192f590b 0000000000000000 0000000000000000
0 bfd658d684ffb3ff 0000000000000000 ffffffffffffffff
1 bfe0a79090405399 0000000000000000 ffffffffffffffff
0 3fdc68a69b0fe264 0000000000000000 0000000000000000
1 3fea5c480444e292 0000000000000000 0000000000000000
0 bfd41f5ea6c1a0eb 0000000000000000 ffffffffffffffff
1 3fe0ffb64b69e501 0000000000000000 0000000000000000
0 3fd1723d041e6612 0000000000000000 0000000000000000
1 3fe2a3137cbcf231 0000000000000000 0000000000000000
0 3fddfc46467bf772 0000000000000000 0000000000000000
1 bfe82a96506dd2bc 0000000000000000 ffffffffffffffff
0 bfd5c4565477a60a 0000000000000000 ffffffffffffffff
1 3fe870682d1c06f9 0000000000000000 0000000000000000
0 bfd5ea76605aeca6 0000000000000000 ffffffffffffffff
1 bfe5cec05264a999 0000000000000000 ffffffffffffffff
0 bfd1aa92851f7a0e 0000000000000000 ffffffffffffffff
1 bfec559597cef0c4 0000000000000000 ffffffffffffffff
0 bfdab00cb27ce856 0000000000000000 ffffffffffffffff
1 bfecd87982fcb587 0000000000000000 ffffffffffffffff
0 3fd621616a0c5e1b 0000000000000000 0000000000000000
1 bfe98ed29c8c6b9e 0000000000000000 ffffffffffffffff
0 bfd46a77c207c8f0 0000000000000000 ffffffffffffffff
1 bfec28d89ccf80fd 0000000000000000 ffffffffffffffff
0 3fd6376ffe769a13 0000000000000000 0000000000000000
1 bfecb42d4424676c 0000000000000000 ffffffffffffffff
0 3fd8a78de14a5d51 0000000000000000 0000000000000000
1 bfe65c1c67474b2f 0000000000000000 ffffffffffffffff
0 bfd1543ce24d607b 0000000000000000 ffffffffffffffff
1 3fe31b5304ac9068 0000000000000000 0000000000000000
0 bfda17bbfb985d6c 0000000000000000 ffffffffffffffff
1 bfe09c0cc7c0437f 0000000000000000 ffffffffffffffff
0 bfd8a7a2b10d6398 0000000000000000 ffffffffffffffff
1 3feddcbdaf30df03 0000000000000000 0000000000000000
0 3fdc1d729196526b 0000000000000000 0000000000000000
1 bfeaf169d3ba57f6 0000000000000000 ffffffffffffffff
0 bfd522e3d09fa79a 0000000000000000 ffffffffffffffff
1 3fee5d16e1ac2def 0000000000000000 0000000000000000
0 bfde5c9e229490fb 0000000000000000 ffffffffffffffff
1 3fe5aedb0b63c2b4 0000000000000000 0000000000000000
0 bfd88e9ac6afed98 0000000000000000 ffffffffffffffff
1 bfe05694f9d83b7e 0000000000000000 ffffffffffffffff
0 3fdacf526b9f04bd 0000000000000000 0000000000000000
1 3fe41646169c0dab 0000000000000000 0000000000000000
0 3fded31101ac3b18 0000000000000000 0000000000000000
1 3fe929bb5dab9859 0000000000000000 0000000000000000
0 bfdfa33af88d7d3c 0000000000000000 ffffffffffffffff
1 3fe6cf53d470ab00 0000000000000000 0000000000000000
0 3fd045e28323309d 0000000000000000 0000000000000000
1 bfec3e72490463ca 0000000000000000 ffffffffffffffff
0 3fd3a1e2c1c7ebd3 0000000000000000 0000000000000000
1 bfeef3b20f504c6a 0000000000000000 ffffffffffffffff
0 3fd879a1ba5a47ca 0000000000000000 0000000000000000
1 3fe10b62abceb829 0000000000000000 0000000000000000
0 3fdaffb86b6ffde9 0000000000000000 0000000000000000
1 bfe85aec802e3169 0000000000000000 ffffffffffffffff
0 bfd31546b2cc5277 0000000000000000 ffffffffffffffff
1 bfe50ec3e85f9cea 0000000000000000 ffffffffffffffff
0 bfd58624e589455a 0000000000000000 ffffffffffffffff
1 3fe8eabddc6c1638 0000000000000000 0000000000000000
0 bfdd441aa0376791 0000000000000000 ffffffffffffffff
1 3fe68dd9bc41682b 0000000000000000 0000000000000000
0 bfd978add4e1027c 0000000000000000 ffffffffffffffff
1 3fe8f7494f9d99ba 0000000000000000 0000000000000000
0 bfdcc9655795694c 0000000000000000 ffffffffffffffff
1 bfed861e7c760060 0000000000000000 ffffffffffffffff
0 3fdfedd31715367b 0000000000000000 0000000000000000
1 3fe9e09db82672bd 0000000000000000 0000000000000000
0 3fdf2b95296d371d 0000000000000000 0000000000000000
1 3fea0d69960cc5d8 0000000000000000 0000000000000000
0 3fd6d726ca9f9477 0000000000000000 0000000000000000
1 bfe6cc1bc590b592 0000000000000000 ffffffffffffffff
0 3fd4c936ead423f4 0000000000000000 0000000000000000
1 bfe9fdba226b067d 0000000000000000 ffffffffffffffff
0 bfda97dfcbf10d1e 0000000000000000 ffffffffffffffff
1 3fe4156e538c9214 0000000000000000 0000000000000000
0 3fdd6902eeec424b 0000000000000000 0000000000000000
1 bfe3585bee9a3b15 0000000000000000 ffffffffffffffff
0 bfdd4c843e55fd66 0000000000000000 ffffffffffffffff
1 3fe5b6d64fdb68b8 0000000000000000 0000000000000000
0 bfd797f53fecb883 0000000000000000 ffffffffffffffff
1 3fee54f11a05024e 0000000000000000 0000000000000000
0 3fd5f4eaf178425d 0000000000000000 0000000000000000
1 3fe7e4b9de8ef166 0000000000000000 0000000000000000
0 bfd0b763c661ef48 0000000000000000 ffffffffffffffff
1 bfe15373e66f26b5 0000000000000000 ffffffffffffffff
0 3fd6176653884c79 0000000000000000 0000000000000000
1 3fe53910d2eba3a7 0000000000000000 0000000000000000
0 3fd68a8bcb79aab5 0000000000000000 0000000000000000
1 bfeca8f53492fb2b 0000000000000000 ffffffffffffffff
0 bfdf83e2fe7335fd 0000000000000000 ffffffffffffffff
1 bfea112ca0c43824 0000000000000000 ffffffffffffffff
0 3fd6c508d5322535 0000000000000000 0000000000000000
1 3fe61f0d1c4689ef 0000000000000000 0000000000000000
0 3fd564c2fcc67720 0000000000000000 0000000000000000
1 bfe9ab06398e14ad 0000000000000000 ffffffffffffffff
0 3fd44c1ce8e21298 0000000000000000 0000000000000000
1 bfebb4b6f2e38169 0000000000000000 ffffffffffffffff
0 3fdad74c4f20747c 0000000000000000 0000000000000000
1 3fe9ea6fa9b9d2af 0000000000000000 0000000000000000
0 3fde539937509217 0000000000000000 0000000000000000
1 3fedaf3d22f4b977 0000000000000000 0000000000000000
0 bfd832c9d72a3d91 0000000000000000 ffffffffffffffff
1 bfe0584de1916f64 0000000000000000 ffffffffffffffff
0 bfdb63858fa185d8 0000000000000000 ffffffffffffffff
1 3feb64460baad64c 0000000000000000 0000000000000000
0 bfd2012bf43292e5 0000000000000000 ffffffffffffffff
1 bfe481c4b2d2f25d 0000000000000000 ffffffffffffffff
0 bfd13414a9cbf3e9 0000000000000000 ffffffffffffffff
1 bfeb5d80d2dfdce2 0000000000000000 ffffffffffffffff
0 3fd4daa36f9e7bde 0000000000000000 0000000000000000
1 bfe9c991a6018cb6 0000000000000000 ffffffffffffffff
0 bfdd000e619bc860 0000000000000000 ffffffffffffffff
1 bfee5144794bba99 0000000000000000 ffffffffffffffff
0 3fd1be0241fecf5d 0000000000000000 0000000000000000
1 3fe411f25bbbd231 0000000000000000 0000000000000000
0 3fdc1f44b258d7da 0000000000000000 0000000000000000
1 bfe3e66c2371cf0f 0000000000000000 ffffffffffffffff
0 3fdc2b46dbe5814b 0000000000000000 0000000000000000
1 3fe348700fe52da6 0000000000000000 0000000000000000
0 bfd54f2f6878bb5d 0000000000000000 ffffffffffffffff
1 3fe796d0d53154f0 0000000000000000 0000000000000000
0 bfd0fcdd94dc38ed 0000000000000000 ffffffffffffffff
1 3fed306c31976de4 0000000000000000 0000000000000000
0 bfd14a154eabd2c4 0000000000000000 ffffffffffffffff
1 3fe1179d39099e1c 0000000000000000 0000000000000000
0 3fd3bbdbf42d3d10 0000000000000000 0000000000000000
1 bfe3b0351a05dd68 0000000000000000 ffffffffffffffff
0 bfd5d2b18f0cf7cf 0000000000000000 ffffffffffffffff
1 3feb543947cd3c1f 0000000000000000 0000000000000000
0 3fd1f926b4ce3052 0000000000000000 0000000000000000
1 3fe625a88f2fbdcb 0000000000000000 0000000000000000
0 bfd7f58fc0575ff8 0000000000000000 ffffffffffffffff
1 3fed97821274cf2a 0000000000000000 0000000000000000
0 3fd29f025ba231f7 0000000000000000 0000000000000000
1 3fed99f29e4e0cca 0000000000000000 0000000000000000
0 bfd39ff23addcdd4 0000000000000000 ffffffffffffffff
1 3fecdf2bf0f6b18c 0000000000000000 0000000000000000
0 bfd69baa27e2c194 0000000000000000 ffffffffffffffff
1 3fed7cb2910fb130 0000000000000000 0000000000000000
0 3fdaea0a3f093833 0000000000000000 0000000000000000
1 3fe811a06c374ba5 0000000000000000 0000000000000000
0 bfda2a5e1eafa679 0000000000000000 ffffffffffffffff
1 bfe9989c10c4f628 0000000000000000 ffffffffffffffff
0 bfd3b5d60c9bf693 0000000000000000 ffffffffffffffff
1 3febeca44b632c56 0000000000000000 0000000000000000
0 3fd13fed80bb22b4 0000000000000000 0000000000000000
1 bfe1ef0f15063b99 0000000000000000 ffffffffffffffff
0 3fd4cb4a8d28d21f 0000000000000000 0000000000000000
1 3fe24860dae5ec36 0000000000000000 0000000000000000
0 bfd175dba79d4721 0000000000000000 ffffffffffffffff
1 bfe91ef2bfaebb8d 0000000000000000 ffffffffffffffff
0 3fda5f39d248a6e9 0000000000000000 0000000000000000
1 bfe7c62f0c681852 0000000000000000 ffffffffffffffff
0 bfde6205bf1b332f 0000000000000000 ffffffffffffffff
1 bfed044f70f04c73 0000000000000000 ffffffffffffffff
0 3fdf00bb2d696dea 0000000000000000 0000000000000000
1 bfe65e02621d4b90 0000000000000000 ffffffffffffffff
0 3fd8fb145a4c2d94 0000000000000000 0000000000000000
1 3fe20c2ba62649a6 0000000000000000 0000000000000000
0 bfd36b1b70ba2b21 0000000000000000 ffffffffffffffff
1 3fe45b49453a325b 0000000000000000 0000000000000000
0 bfd41281b6f6b57c 0000000000000000 ffffffffffffffff
1 3fe2645275864954 0000000000000000 0000000000000000
0 3fd551162dc8ecd3 0000000000000000 0000000000000000
1 bfee50bb89e986bf 0000000000000000 ffffffffffffffff
0 bfd23a098765c2e6 0000000000000000 ffffffffffffffff
1 3feffe897b64c99d 0000000000000000 0000000000000000
0 3fd8a41887cf6821 0000000000000000 0000000000000000
1 3fe05ac741b8c528 0000000000000000 0000000000000000
0 bfda446e8db24b97 0000000000000000 ffffffffffffffff
1 3feaa24bc78fa98a 0000000000000000 0000000000000000
0 3fd5f06f8e2ec10d 0000000000000000 0000000000000000
1 bfe06caed5230dfb 0000000000000000 ffffffffffffffff
0 3fd337815ab63026 0000000000000000 0000000000000000
1 bfe2ddf3f90f3e70 0000000000000000 ffffffffffffffff
0 3fdbae17baecd326 0000000000000000 0000000000000000
1 bfecdebf5dc8f591 0000000000000000 ffffffffffffffff
0 bfdb6e1a11dfb73a 0000000000000000 ffffffffffffffff
1 bfed7eacc4b2ecbb 0000000000000000 ffffffffffffffff
0 3fdd97be9b2b2f6b 0000000000000000 0000000000000000
1 bfeb9efecec66537 0000000000000000 ffffffffffffffff
0 3fde93edaa84b49d 0000000000000000 0000000000000000
1 bfe6b21a0c5b5bad 0000000000000000 ffffffffffffffff
0 bfdbaeeb9376edee 0000000000000000 ffffffffffffffff
1 3fec0922ccbdbed5 0000000000000000 0000000000000000
0 3fdda3fe1f755d5f 0000000000000000 0000000000000000
1 3fe0fed8604c9593 0000000000000000 0000000000000000
0 3fdd2c6409d87c8b 0000000000000000 0000000000000000
1 3feb7bf7cf5db0cc 0000000000000000 0000000000000000
0 3fd84903fea8b7fc 0000000000000000 0000000000000000
1 bfe3d94f02645526 0000000000000000 ffffffffffffffff
0 3fd3c6933aaf13a0 0000000000000000 0000000000000000
1 3fe1aa84c8a9ca16 0000000000000000 0000000000000000
0 bfd135a06918ddf9 0000000000000000 ffffffffffffffff
1 3fe19d7dbd61cadf 0000000000000000 0000000000000000
0 3fd2987c6cd01d82 0000000000000000 0000000000000000
1 bfe8e68f8c3e0688 0000000000000000 ffffffffffffffff
0 bfdf8cad5e1ad513 0000000000000000 ffffffffffffffff
1 3fe8e1acbe0a8350 0000000000000000 0000000000000000
0 bfd95a73e5e8b235 0000000000000000 ffffffffffffffff
1 bfe632817cb70de4 0000000000000000 ffffffffffffffff
0 bfdcc0971584eb7d 0000000000000000 ffffffffffffffff
1 bfe8ef711521a3dc 0000000000000000 ffffffffffffffff
0 3fd6c10f60f233cf 0000000000000000 0000000000000000
1 bfe688b9178873a4 0000000000000000 ffffffffffffffff
0 3fd3b0bbabe1f95f 0000000000000000 0000000000000000
1 3fe4a75e2c53fef0 0000000000000000 0000000000000000
0 3fdeae1d509e7582 0000000000000000 0000000000000000
1 bfe00c0859f34822 0000000000000000 ffffffffffffffff
0 bfd24ed096f79abc 0000000000000000 ffffffffffffffff
1 bfe3f3be7a184c08 0000000000000000 ffffffffffffffff
0 bfdc25d948605bf5 0000000000000000 ffffffffffffffff
1 3fe694fea21314f3 0000000000000000 0000000000000000
0 3fdab0b033ab73ae 0000000000000000 0000000000000000
1 3fe41e63d94284fe 0000000000000000 0000000000000000
0 bfd0514bda801161 0000000000000000 ffffffffffffffff
1 bfe249cd3bb8c74e 0000000000000000 ffffffffffffffff
0 3fdfa8072ef1f6ab 0000000000000000 0000000000000000
1 3fe253ccee971a23 0000000000000000 0000000000000000
0 3fd3504a52ec74b5 0000000000000000 0000000000000000
1 3feada37419c2723 0000000000000000 0000000000000000
0 bfd74bbcdd465156 0000000000000000 ffffffffffffffff
1 3fe0ba368d5ff291 0000000000000000 0000000000000000
0 3fd803cfa468b0a7 0000000000000000 0000000000000000
1 bfe3bb8b2c049917 0000000000000000 ffffffffffffffff
0 bfdc9e6fe51dc812 0000000000000000 ffffffffffffffff
1 3fe34a754d1990b7 0000000000000000 0000000000000000
0 bfdbb69788052711 0000000000000000 ffffffffffffffff
1 3feb2fa5b2440c8d 0000000000000000 0000000000000000
0 3fdf4f64bba09858 0000000000000000 0000000000000000
1 bfe97226baafef13 0000000000000000 ffffffffffffffff
0 3fd9d2cc9725a802 0000000000000000 0000000000000000
1 3fe39170bb93384d 0000000000000000 0000000000000000
0 3fdf00c40eb23a3f 0000000000000000 0000000000000000
1 bfeb796d4ab98ec4 0000000000000000 ffffffffffffffff
0 bfd39b1d8cae9c8c 0000000000000000 ffffffffffffffff
1 3fec1b696221ec6d 0000000000000000 0000000000000000
0 3fd4c41ddd49e0e6 0000000000000000 0000000000000000
1 3fef9835e241b0ed 0000000000000000 0000000000000000
0 3fd56943fde5a4dc 0000000000000000 0000000000000000
1 3fe6198f496e604a 0000000000000000 0000000000000000
0 3fda23fba821b002 0000000000000000 0000000000000000
1 3fe1d0e0ec35f955 0000000000000000 0000000000000000
0 3fd4405efc2fcd2b 0000000000000000 0000000000000000
1 3feed118ee709669 0000000000000000 0000000000000000
0 3fd6cc46cb52acc0 0000000000000000 0000000000000000
1 3fe1000ef528b6e6 0000000000000000 0000000000000000
0 3fd5a36b60363df3 0000000000000000 0000000000000000
1 3fe11db79e8c19b4 0000000000000000 0000000000000000
0 bfdea4dc1e99372b 0000000000000000 ffffffffffffffff
1 3fe7f87bf22a1a50 0000000000000000 0000000000000000
0 3fd30a2f5d0b6226 0000000000000000 0000000000000000
1 3fe4b60ab0ed5f3b 0000000000000000 0000000000000000
0 3fde99212dab03ba 0000000000000000 0000000000000000
1 bfef9a9415084375 0000000000000000 ffffffffffffffff
0 bfdcfa80ae8dacf1 0000000000000000 ffffffffffffffff
1 3fec4e8b446a2c28 0000000000000000 0000000000000000
0 3fdafc46d336a4a9 0000000000000000 0000000000000000
1 bfe616d55f27de61 0000000000000000 ffffffffffffffff
