RetryIID.counter_guard : ∀ (n : Nat)
  (h : @LE.le.{0} Nat instLENat n (@OfNat.ofNat.{0} Nat (nat_lit 16) (instOfNatNat (nat_lit 16)))),
  And
    (Iff
      (@GT.gt.{0} Nat instLTNat
        (@HAdd.hAdd.{0, 0, 0} Nat Nat Nat (@instHAdd.{0} Nat instAddNat) n
          (@OfNat.ofNat.{0} Nat (nat_lit 1) (instOfNatNat (nat_lit 1))))
        (@OfNat.ofNat.{0} Nat (nat_lit 16) (instOfNatNat (nat_lit 16))))
      (@Eq.{1} Nat n (@OfNat.ofNat.{0} Nat (nat_lit 16) (instOfNatNat (nat_lit 16)))))
    (@LT.lt.{0} Nat instLTNat
      (@HAdd.hAdd.{0, 0, 0} Nat Nat Nat (@instHAdd.{0} Nat instAddNat) n
        (@OfNat.ofNat.{0} Nat (nat_lit 1) (instOfNatNat (nat_lit 1))))
      (@OfNat.ofNat.{0} Nat (nat_lit 4294967296) (instOfNatNat (nat_lit 4294967296))))
theorem RetryIID.counter_guard : ∀ (n : Nat)
  (h : @LE.le.{0} Nat instLENat n (@OfNat.ofNat.{0} Nat (nat_lit 16) (instOfNatNat (nat_lit 16)))),
  And
    (Iff
      (@GT.gt.{0} Nat instLTNat
        (@HAdd.hAdd.{0, 0, 0} Nat Nat Nat (@instHAdd.{0} Nat instAddNat) n
          (@OfNat.ofNat.{0} Nat (nat_lit 1) (instOfNatNat (nat_lit 1))))
        (@OfNat.ofNat.{0} Nat (nat_lit 16) (instOfNatNat (nat_lit 16))))
      (@Eq.{1} Nat n (@OfNat.ofNat.{0} Nat (nat_lit 16) (instOfNatNat (nat_lit 16)))))
    (@LT.lt.{0} Nat instLTNat
      (@HAdd.hAdd.{0, 0, 0} Nat Nat Nat (@instHAdd.{0} Nat instAddNat) n
        (@OfNat.ofNat.{0} Nat (nat_lit 1) (instOfNatNat (nat_lit 1))))
      (@OfNat.ofNat.{0} Nat (nat_lit 4294967296) (instOfNatNat (nat_lit 4294967296)))) :=
fun (n : Nat) (h : @LE.le.{0} Nat instLENat n (@OfNat.ofNat.{0} Nat (nat_lit 16) (instOfNatNat (nat_lit 16)))) =>
  @Decidable.byContradiction
    (And
      (Iff
        (@GT.gt.{0} Nat instLTNat
          (@HAdd.hAdd.{0, 0, 0} Nat Nat Nat (@instHAdd.{0} Nat instAddNat) n
            (@OfNat.ofNat.{0} Nat (nat_lit 1) (instOfNatNat (nat_lit 1))))
          (@OfNat.ofNat.{0} Nat (nat_lit 16) (instOfNatNat (nat_lit 16))))
        (@Eq.{1} Nat n (@OfNat.ofNat.{0} Nat (nat_lit 16) (instOfNatNat (nat_lit 16)))))
      (@LT.lt.{0} Nat instLTNat
        (@HAdd.hAdd.{0, 0, 0} Nat Nat Nat (@instHAdd.{0} Nat instAddNat) n
          (@OfNat.ofNat.{0} Nat (nat_lit 1) (instOfNatNat (nat_lit 1))))
        (@OfNat.ofNat.{0} Nat (nat_lit 4294967296) (instOfNatNat (nat_lit 4294967296)))))
    (@instDecidableAnd
      (Iff
        (@GT.gt.{0} Nat instLTNat
          (@HAdd.hAdd.{0, 0, 0} Nat Nat Nat (@instHAdd.{0} Nat instAddNat) n
            (@OfNat.ofNat.{0} Nat (nat_lit 1) (instOfNatNat (nat_lit 1))))
          (@OfNat.ofNat.{0} Nat (nat_lit 16) (instOfNatNat (nat_lit 16))))
        (@Eq.{1} Nat n (@OfNat.ofNat.{0} Nat (nat_lit 16) (instOfNatNat (nat_lit 16)))))
      (@LT.lt.{0} Nat instLTNat
        (@HAdd.hAdd.{0, 0, 0} Nat Nat Nat (@instHAdd.{0} Nat instAddNat) n
          (@OfNat.ofNat.{0} Nat (nat_lit 1) (instOfNatNat (nat_lit 1))))
        (@OfNat.ofNat.{0} Nat (nat_lit 4294967296) (instOfNatNat (nat_lit 4294967296))))
      (@instDecidableIff
        (@GT.gt.{0} Nat instLTNat
          (@HAdd.hAdd.{0, 0, 0} Nat Nat Nat (@instHAdd.{0} Nat instAddNat) n
            (@OfNat.ofNat.{0} Nat (nat_lit 1) (instOfNatNat (nat_lit 1))))
          (@OfNat.ofNat.{0} Nat (nat_lit 16) (instOfNatNat (nat_lit 16))))
        (@Eq.{1} Nat n (@OfNat.ofNat.{0} Nat (nat_lit 16) (instOfNatNat (nat_lit 16))))
        (Nat.decLt (@OfNat.ofNat.{0} Nat (nat_lit 16) (instOfNatNat (nat_lit 16)))
          (@HAdd.hAdd.{0, 0, 0} Nat Nat Nat (@instHAdd.{0} Nat instAddNat) n
            (@OfNat.ofNat.{0} Nat (nat_lit 1) (instOfNatNat (nat_lit 1)))))
        (instDecidableEqNat n (@OfNat.ofNat.{0} Nat (nat_lit 16) (instOfNatNat (nat_lit 16)))))
      (Nat.decLt
        (@HAdd.hAdd.{0, 0, 0} Nat Nat Nat (@instHAdd.{0} Nat instAddNat) n
          (@OfNat.ofNat.{0} Nat (nat_lit 1) (instOfNatNat (nat_lit 1))))
        (@OfNat.ofNat.{0} Nat (nat_lit 4294967296) (instOfNatNat (nat_lit 4294967296)))))
    fun
      (a :
        Not
          (And
            (Iff
              (@GT.gt.{0} Nat instLTNat
                (@HAdd.hAdd.{0, 0, 0} Nat Nat Nat (@instHAdd.{0} Nat instAddNat) n
                  (@OfNat.ofNat.{0} Nat (nat_lit 1) (instOfNatNat (nat_lit 1))))
                (@OfNat.ofNat.{0} Nat (nat_lit 16) (instOfNatNat (nat_lit 16))))
              (@Eq.{1} Nat n (@OfNat.ofNat.{0} Nat (nat_lit 16) (instOfNatNat (nat_lit 16)))))
            (@LT.lt.{0} Nat instLTNat
              (@HAdd.hAdd.{0, 0, 0} Nat Nat Nat (@instHAdd.{0} Nat instAddNat) n
                (@OfNat.ofNat.{0} Nat (nat_lit 1) (instOfNatNat (nat_lit 1))))
              (@OfNat.ofNat.{0} Nat (nat_lit 4294967296) (instOfNatNat (nat_lit 4294967296)))))) =>
    RetryIID.counter_guard._proof_1_1 n h a
RetryIID.reached_index : ∀ (n : Nat)
  (h :
    Not
      (@GT.gt.{0} Nat instLTNat
        (@HAdd.hAdd.{0, 0, 0} Nat Nat Nat (@instHAdd.{0} Nat instAddNat) n
          (@OfNat.ofNat.{0} Nat (nat_lit 1) (instOfNatNat (nat_lit 1))))
        (@OfNat.ofNat.{0} Nat (nat_lit 16) (instOfNatNat (nat_lit 16))))),
  And
    (@LE.le.{0} Nat instLENat (@OfNat.ofNat.{0} Nat (nat_lit 1) (instOfNatNat (nat_lit 1)))
      (@HAdd.hAdd.{0, 0, 0} Nat Nat Nat (@instHAdd.{0} Nat instAddNat) n
        (@OfNat.ofNat.{0} Nat (nat_lit 1) (instOfNatNat (nat_lit 1)))))
    (@LE.le.{0} Nat instLENat
      (@HAdd.hAdd.{0, 0, 0} Nat Nat Nat (@instHAdd.{0} Nat instAddNat) n
        (@OfNat.ofNat.{0} Nat (nat_lit 1) (instOfNatNat (nat_lit 1))))
      (@OfNat.ofNat.{0} Nat (nat_lit 16) (instOfNatNat (nat_lit 16))))
theorem RetryIID.reached_index : ∀ (n : Nat)
  (h :
    Not
      (@GT.gt.{0} Nat instLTNat
        (@HAdd.hAdd.{0, 0, 0} Nat Nat Nat (@instHAdd.{0} Nat instAddNat) n
          (@OfNat.ofNat.{0} Nat (nat_lit 1) (instOfNatNat (nat_lit 1))))
        (@OfNat.ofNat.{0} Nat (nat_lit 16) (instOfNatNat (nat_lit 16))))),
  And
    (@LE.le.{0} Nat instLENat (@OfNat.ofNat.{0} Nat (nat_lit 1) (instOfNatNat (nat_lit 1)))
      (@HAdd.hAdd.{0, 0, 0} Nat Nat Nat (@instHAdd.{0} Nat instAddNat) n
        (@OfNat.ofNat.{0} Nat (nat_lit 1) (instOfNatNat (nat_lit 1)))))
    (@LE.le.{0} Nat instLENat
      (@HAdd.hAdd.{0, 0, 0} Nat Nat Nat (@instHAdd.{0} Nat instAddNat) n
        (@OfNat.ofNat.{0} Nat (nat_lit 1) (instOfNatNat (nat_lit 1))))
      (@OfNat.ofNat.{0} Nat (nat_lit 16) (instOfNatNat (nat_lit 16)))) :=
fun (n : Nat)
    (h :
      Not
        (@GT.gt.{0} Nat instLTNat
          (@HAdd.hAdd.{0, 0, 0} Nat Nat Nat (@instHAdd.{0} Nat instAddNat) n
            (@OfNat.ofNat.{0} Nat (nat_lit 1) (instOfNatNat (nat_lit 1))))
          (@OfNat.ofNat.{0} Nat (nat_lit 16) (instOfNatNat (nat_lit 16))))) =>
  @Decidable.byContradiction
    (And
      (@LE.le.{0} Nat instLENat (@OfNat.ofNat.{0} Nat (nat_lit 1) (instOfNatNat (nat_lit 1)))
        (@HAdd.hAdd.{0, 0, 0} Nat Nat Nat (@instHAdd.{0} Nat instAddNat) n
          (@OfNat.ofNat.{0} Nat (nat_lit 1) (instOfNatNat (nat_lit 1)))))
      (@LE.le.{0} Nat instLENat
        (@HAdd.hAdd.{0, 0, 0} Nat Nat Nat (@instHAdd.{0} Nat instAddNat) n
          (@OfNat.ofNat.{0} Nat (nat_lit 1) (instOfNatNat (nat_lit 1))))
        (@OfNat.ofNat.{0} Nat (nat_lit 16) (instOfNatNat (nat_lit 16)))))
    (@instDecidableAnd
      (@LE.le.{0} Nat instLENat (@OfNat.ofNat.{0} Nat (nat_lit 1) (instOfNatNat (nat_lit 1)))
        (@HAdd.hAdd.{0, 0, 0} Nat Nat Nat (@instHAdd.{0} Nat instAddNat) n
          (@OfNat.ofNat.{0} Nat (nat_lit 1) (instOfNatNat (nat_lit 1)))))
      (@LE.le.{0} Nat instLENat
        (@HAdd.hAdd.{0, 0, 0} Nat Nat Nat (@instHAdd.{0} Nat instAddNat) n
          (@OfNat.ofNat.{0} Nat (nat_lit 1) (instOfNatNat (nat_lit 1))))
        (@OfNat.ofNat.{0} Nat (nat_lit 16) (instOfNatNat (nat_lit 16))))
      (Nat.decLe (@OfNat.ofNat.{0} Nat (nat_lit 1) (instOfNatNat (nat_lit 1)))
        (@HAdd.hAdd.{0, 0, 0} Nat Nat Nat (@instHAdd.{0} Nat instAddNat) n
          (@OfNat.ofNat.{0} Nat (nat_lit 1) (instOfNatNat (nat_lit 1)))))
      (Nat.decLe
        (@HAdd.hAdd.{0, 0, 0} Nat Nat Nat (@instHAdd.{0} Nat instAddNat) n
          (@OfNat.ofNat.{0} Nat (nat_lit 1) (instOfNatNat (nat_lit 1))))
        (@OfNat.ofNat.{0} Nat (nat_lit 16) (instOfNatNat (nat_lit 16)))))
    fun
      (a :
        Not
          (And
            (@LE.le.{0} Nat instLENat (@OfNat.ofNat.{0} Nat (nat_lit 1) (instOfNatNat (nat_lit 1)))
              (@HAdd.hAdd.{0, 0, 0} Nat Nat Nat (@instHAdd.{0} Nat instAddNat) n
                (@OfNat.ofNat.{0} Nat (nat_lit 1) (instOfNatNat (nat_lit 1)))))
            (@LE.le.{0} Nat instLENat
              (@HAdd.hAdd.{0, 0, 0} Nat Nat Nat (@instHAdd.{0} Nat instAddNat) n
                (@OfNat.ofNat.{0} Nat (nat_lit 1) (instOfNatNat (nat_lit 1))))
              (@OfNat.ofNat.{0} Nat (nat_lit 16) (instOfNatNat (nat_lit 16)))))) =>
    RetryIID.reached_index._proof_1_1 n h a
RetryIID.guard17_before_init : @GT.gt.{0} Nat instLTNat (@OfNat.ofNat.{0} Nat (nat_lit 17) (instOfNatNat (nat_lit 17)))
  (@OfNat.ofNat.{0} Nat (nat_lit 16) (instOfNatNat (nat_lit 16)))
theorem RetryIID.guard17_before_init : @GT.gt.{0} Nat instLTNat
  (@OfNat.ofNat.{0} Nat (nat_lit 17) (instOfNatNat (nat_lit 17)))
  (@OfNat.ofNat.{0} Nat (nat_lit 16) (instOfNatNat (nat_lit 16))) :=
@of_decide_eq_true
  (@GT.gt.{0} Nat instLTNat (@OfNat.ofNat.{0} Nat (nat_lit 17) (instOfNatNat (nat_lit 17)))
    (@OfNat.ofNat.{0} Nat (nat_lit 16) (instOfNatNat (nat_lit 16))))
  (Nat.decLt (@OfNat.ofNat.{0} Nat (nat_lit 16) (instOfNatNat (nat_lit 16)))
    (@OfNat.ofNat.{0} Nat (nat_lit 17) (instOfNatNat (nat_lit 17))))
  (@id.{0}
    (@Eq.{1} Bool
      (@Decidable.decide
        (@GT.gt.{0} Nat instLTNat (@OfNat.ofNat.{0} Nat (nat_lit 17) (instOfNatNat (nat_lit 17)))
          (@OfNat.ofNat.{0} Nat (nat_lit 16) (instOfNatNat (nat_lit 16))))
        (Nat.decLt (@OfNat.ofNat.{0} Nat (nat_lit 16) (instOfNatNat (nat_lit 16)))
          (@OfNat.ofNat.{0} Nat (nat_lit 17) (instOfNatNat (nat_lit 17)))))
      Bool.true)
    (@Eq.refl.{1} Bool Bool.true))
RetryIID.source_reset_pointer : @LT.lt.{0} Nat instLTNat (@OfNat.ofNat.{0} Nat (nat_lit 0) (instOfNatNat (nat_lit 0)))
  (@OfNat.ofNat.{0} Nat (nat_lit 4096) (instOfNatNat (nat_lit 4096)))
theorem RetryIID.source_reset_pointer : @LT.lt.{0} Nat instLTNat
  (@OfNat.ofNat.{0} Nat (nat_lit 0) (instOfNatNat (nat_lit 0)))
  (@OfNat.ofNat.{0} Nat (nat_lit 4096) (instOfNatNat (nat_lit 4096))) :=
@of_decide_eq_true
  (@LT.lt.{0} Nat instLTNat (@OfNat.ofNat.{0} Nat (nat_lit 0) (instOfNatNat (nat_lit 0)))
    (@OfNat.ofNat.{0} Nat (nat_lit 4096) (instOfNatNat (nat_lit 4096))))
  (Nat.decLt (@OfNat.ofNat.{0} Nat (nat_lit 0) (instOfNatNat (nat_lit 0)))
    (@OfNat.ofNat.{0} Nat (nat_lit 4096) (instOfNatNat (nat_lit 4096))))
  (@id.{0}
    (@Eq.{1} Bool
      (@Decidable.decide
        (@LT.lt.{0} Nat instLTNat (@OfNat.ofNat.{0} Nat (nat_lit 0) (instOfNatNat (nat_lit 0)))
          (@OfNat.ofNat.{0} Nat (nat_lit 4096) (instOfNatNat (nat_lit 4096))))
        (Nat.decLt (@OfNat.ofNat.{0} Nat (nat_lit 0) (instOfNatNat (nat_lit 0)))
          (@OfNat.ofNat.{0} Nat (nat_lit 4096) (instOfNatNat (nat_lit 4096)))))
      Bool.true)
    (@Eq.refl.{1} Bool Bool.true))
@RetryIID.target_overwrite : ∀ {K H T : Type} (build : K → H → T) (key : K) (hm : H) (old1 old2 : T),
  @Eq.{1} T (@RetryIID.targets K H T build key hm old1) (@RetryIID.targets K H T build key hm old2)
theorem RetryIID.target_overwrite : ∀ {K H T : Type} (build : K → H → T) (key : K) (hm : H) (old1 old2 : T),
  @Eq.{1} T (@RetryIID.targets K H T build key hm old1) (@RetryIID.targets K H T build key hm old2) :=
fun {K H T : Type} (build : K → H → T) (key : K) (hm : H) (old1 old2 : T) =>
  @Eq.refl.{1} T (@RetryIID.targets K H T build key hm old1)
@RetryIID.reentry_induction : ∀ {S : Type} (ready : S → Prop) (reject : S → S → Prop) (s t : S) (h0 : ready s)
  (preserve : ∀ (a b : S), ready a → reject a b → ready b) (h : @RetryIID.Reached S reject s t), ready t
theorem RetryIID.reentry_induction : ∀ {S : Type} (ready : S → Prop) (reject : S → S → Prop) (s t : S) (h0 : ready s)
  (preserve : ∀ (a b : S), ready a → reject a b → ready b) (h : @RetryIID.Reached S reject s t), ready t :=
fun {S : Type} (ready : S → Prop) (reject : S → S → Prop) (s t : S) (h0 : ready s)
    (preserve : ∀ (a b : S), ready a → reject a b → ready b) (h : @RetryIID.Reached S reject s t) =>
  @RetryIID.Reached.rec S reject s (fun (t : S) (h : @RetryIID.Reached S reject s t) => ready t) h0
    (fun {a b : S} (h : @RetryIID.Reached S reject s a) (step : reject a b) (ih : ready a) => preserve a b ih step) t h
RetryIID.safe_interfaces : ∀ (a b : Fin (@OfNat.ofNat.{0} Nat (nat_lit 1536) (instOfNatNat (nat_lit 1536))) → Int),
  Iff (H6P.Safe16 a b) (Postprocess.Safe16 a b)
theorem RetryIID.safe_interfaces : ∀
  (a b : Fin (@OfNat.ofNat.{0} Nat (nat_lit 1536) (instOfNatNat (nat_lit 1536))) → Int),
  Iff (H6P.Safe16 a b) (Postprocess.Safe16 a b) :=
fun (a b : Fin (@OfNat.ofNat.{0} Nat (nat_lit 1536) (instOfNatNat (nat_lit 1536))) → Int) => @Iff.rfl (H6P.Safe16 a b)
RetryIID.weighted_stopped_sum : ∀ (xs : List.{0} (Prod.{0, 0} Int Int)) (bound scale : Int)
  (h :
    ∀ (x : Prod.{0, 0} Int Int),
      @Membership.mem.{0, 0} (Prod.{0, 0} Int Int) (List.{0} (Prod.{0, 0} Int Int))
          (@List.instMembership.{0} (Prod.{0, 0} Int Int)) xs x →
        @LE.le.{0} Int Int.instLEInt
          (@HMul.hMul.{0, 0, 0} Int Int Int (@instHMul.{0} Int Int.instMul) scale (@Prod.snd.{0, 0} Int Int x))
          (@HMul.hMul.{0, 0, 0} Int Int Int (@instHMul.{0} Int Int.instMul) bound (@Prod.fst.{0, 0} Int Int x))),
  @LE.le.{0} Int Int.instLEInt
    (@HMul.hMul.{0, 0, 0} Int Int Int (@instHMul.{0} Int Int.instMul) scale (RetryIID.sumSecond xs))
    (@HMul.hMul.{0, 0, 0} Int Int Int (@instHMul.{0} Int Int.instMul) bound (RetryIID.sumFirst xs))
theorem RetryIID.weighted_stopped_sum : ∀ (xs : List.{0} (Prod.{0, 0} Int Int)) (bound scale : Int)
  (h :
    ∀ (x : Prod.{0, 0} Int Int),
      @Membership.mem.{0, 0} (Prod.{0, 0} Int Int) (List.{0} (Prod.{0, 0} Int Int))
          (@List.instMembership.{0} (Prod.{0, 0} Int Int)) xs x →
        @LE.le.{0} Int Int.instLEInt
          (@HMul.hMul.{0, 0, 0} Int Int Int (@instHMul.{0} Int Int.instMul) scale (@Prod.snd.{0, 0} Int Int x))
          (@HMul.hMul.{0, 0, 0} Int Int Int (@instHMul.{0} Int Int.instMul) bound (@Prod.fst.{0, 0} Int Int x))),
  @LE.le.{0} Int Int.instLEInt
    (@HMul.hMul.{0, 0, 0} Int Int Int (@instHMul.{0} Int Int.instMul) scale (RetryIID.sumSecond xs))
    (@HMul.hMul.{0, 0, 0} Int Int Int (@instHMul.{0} Int Int.instMul) bound (RetryIID.sumFirst xs)) :=
fun (xs : List.{0} (Prod.{0, 0} Int Int)) (bound scale : Int)
    (h :
      ∀ (x : Prod.{0, 0} Int Int),
        @Membership.mem.{0, 0} (Prod.{0, 0} Int Int) (List.{0} (Prod.{0, 0} Int Int))
            (@List.instMembership.{0} (Prod.{0, 0} Int Int)) xs x →
          @LE.le.{0} Int Int.instLEInt
            (@HMul.hMul.{0, 0, 0} Int Int Int (@instHMul.{0} Int Int.instMul) scale (@Prod.snd.{0, 0} Int Int x))
            (@HMul.hMul.{0, 0, 0} Int Int Int (@instHMul.{0} Int Int.instMul) bound (@Prod.fst.{0, 0} Int Int x))) =>
  @List.rec.{0, 0} (Prod.{0, 0} Int Int)
    (fun (xs : List.{0} (Prod.{0, 0} Int Int)) =>
      ∀
        (h :
          ∀ (x : Prod.{0, 0} Int Int),
            @Membership.mem.{0, 0} (Prod.{0, 0} Int Int) (List.{0} (Prod.{0, 0} Int Int))
                (@List.instMembership.{0} (Prod.{0, 0} Int Int)) xs x →
              @LE.le.{0} Int Int.instLEInt
                (@HMul.hMul.{0, 0, 0} Int Int Int (@instHMul.{0} Int Int.instMul) scale (@Prod.snd.{0, 0} Int Int x))
                (@HMul.hMul.{0, 0, 0} Int Int Int (@instHMul.{0} Int Int.instMul) bound (@Prod.fst.{0, 0} Int Int x))),
        @LE.le.{0} Int Int.instLEInt
          (@HMul.hMul.{0, 0, 0} Int Int Int (@instHMul.{0} Int Int.instMul) scale (RetryIID.sumSecond xs))
          (@HMul.hMul.{0, 0, 0} Int Int Int (@instHMul.{0} Int Int.instMul) bound (RetryIID.sumFirst xs)))
    (fun
        (h :
          ∀ (x : Prod.{0, 0} Int Int),
            @Membership.mem.{0, 0} (Prod.{0, 0} Int Int) (List.{0} (Prod.{0, 0} Int Int))
                (@List.instMembership.{0} (Prod.{0, 0} Int Int)) (@List.nil.{0} (Prod.{0, 0} Int Int)) x →
              @LE.le.{0} Int Int.instLEInt
                (@HMul.hMul.{0, 0, 0} Int Int Int (@instHMul.{0} Int Int.instMul) scale (@Prod.snd.{0, 0} Int Int x))
                (@HMul.hMul.{0, 0, 0} Int Int Int (@instHMul.{0} Int Int.instMul) bound
                  (@Prod.fst.{0, 0} Int Int x))) =>
      @of_eq_true
        (@LE.le.{0} Int Int.instLEInt
          (@HMul.hMul.{0, 0, 0} Int Int Int (@instHMul.{0} Int Int.instMul) scale
            (RetryIID.sumSecond (@List.nil.{0} (Prod.{0, 0} Int Int))))
          (@HMul.hMul.{0, 0, 0} Int Int Int (@instHMul.{0} Int Int.instMul) bound
            (RetryIID.sumFirst (@List.nil.{0} (Prod.{0, 0} Int Int)))))
        (@Eq.trans.{1} Prop
          (@LE.le.{0} Int Int.instLEInt
            (@HMul.hMul.{0, 0, 0} Int Int Int (@instHMul.{0} Int Int.instMul) scale
              (RetryIID.sumSecond (@List.nil.{0} (Prod.{0, 0} Int Int))))
            (@HMul.hMul.{0, 0, 0} Int Int Int (@instHMul.{0} Int Int.instMul) bound
              (RetryIID.sumFirst (@List.nil.{0} (Prod.{0, 0} Int Int)))))
          (@LE.le.{0} Int Int.instLEInt (@OfNat.ofNat.{0} Int (nat_lit 0) (@instOfNat (nat_lit 0)))
            (@OfNat.ofNat.{0} Int (nat_lit 0) (@instOfNat (nat_lit 0))))
          True
          (@congr.{1, 1} Int Prop
            (@LE.le.{0} Int Int.instLEInt
              (@HMul.hMul.{0, 0, 0} Int Int Int (@instHMul.{0} Int Int.instMul) scale
                (RetryIID.sumSecond (@List.nil.{0} (Prod.{0, 0} Int Int)))))
            (@LE.le.{0} Int Int.instLEInt (@OfNat.ofNat.{0} Int (nat_lit 0) (@instOfNat (nat_lit 0))))
            (@HMul.hMul.{0, 0, 0} Int Int Int (@instHMul.{0} Int Int.instMul) bound
              (RetryIID.sumFirst (@List.nil.{0} (Prod.{0, 0} Int Int))))
            (@OfNat.ofNat.{0} Int (nat_lit 0) (@instOfNat (nat_lit 0)))
            (@congrArg.{1, 1} Int (Int → Prop)
              (@HMul.hMul.{0, 0, 0} Int Int Int (@instHMul.{0} Int Int.instMul) scale
                (RetryIID.sumSecond (@List.nil.{0} (Prod.{0, 0} Int Int))))
              (@OfNat.ofNat.{0} Int (nat_lit 0) (@instOfNat (nat_lit 0))) (@LE.le.{0} Int Int.instLEInt)
              (@Eq.trans.{1} Int
                (@HMul.hMul.{0, 0, 0} Int Int Int (@instHMul.{0} Int Int.instMul) scale
                  (RetryIID.sumSecond (@List.nil.{0} (Prod.{0, 0} Int Int))))
                (@HMul.hMul.{0, 0, 0} Int Int Int (@instHMul.{0} Int Int.instMul) scale
                  (@OfNat.ofNat.{0} Int (nat_lit 0)
                    (@Zero.toOfNat0.{0} Int (@Zero.ofOfNat0.{0} Int (@instOfNat (nat_lit 0))))))
                (@OfNat.ofNat.{0} Int (nat_lit 0) (@instOfNat (nat_lit 0)))
                (@congrArg.{1, 1} Int Int (RetryIID.sumSecond (@List.nil.{0} (Prod.{0, 0} Int Int)))
                  (@OfNat.ofNat.{0} Int (nat_lit 0)
                    (@Zero.toOfNat0.{0} Int (@Zero.ofOfNat0.{0} Int (@instOfNat (nat_lit 0)))))
                  (@HMul.hMul.{0, 0, 0} Int Int Int (@instHMul.{0} Int Int.instMul) scale)
                  (@congrArg.{1, 1} (List.{0} Int) Int
                    (@List.map.{0, 0} (Prod.{0, 0} Int Int) Int (@Prod.snd.{0, 0} Int Int)
                      (@List.nil.{0} (Prod.{0, 0} Int Int)))
                    (@List.nil.{0} Int)
                    (@List.sum.{0} Int Int.instAdd (@Zero.ofOfNat0.{0} Int (@instOfNat (nat_lit 0))))
                    (@List.map_nil.{0, 0} (Prod.{0, 0} Int Int) Int (@Prod.snd.{0, 0} Int Int))))
                (Int.mul_zero scale)))
            (@Eq.trans.{1} Int
              (@HMul.hMul.{0, 0, 0} Int Int Int (@instHMul.{0} Int Int.instMul) bound
                (RetryIID.sumFirst (@List.nil.{0} (Prod.{0, 0} Int Int))))
              (@HMul.hMul.{0, 0, 0} Int Int Int (@instHMul.{0} Int Int.instMul) bound
                (@OfNat.ofNat.{0} Int (nat_lit 0)
                  (@Zero.toOfNat0.{0} Int (@Zero.ofOfNat0.{0} Int (@instOfNat (nat_lit 0))))))
              (@OfNat.ofNat.{0} Int (nat_lit 0) (@instOfNat (nat_lit 0)))
              (@congrArg.{1, 1} Int Int (RetryIID.sumFirst (@List.nil.{0} (Prod.{0, 0} Int Int)))
                (@OfNat.ofNat.{0} Int (nat_lit 0)
                  (@Zero.toOfNat0.{0} Int (@Zero.ofOfNat0.{0} Int (@instOfNat (nat_lit 0)))))
                (@HMul.hMul.{0, 0, 0} Int Int Int (@instHMul.{0} Int Int.instMul) bound)
                (@congrArg.{1, 1} (List.{0} Int) Int
                  (@List.map.{0, 0} (Prod.{0, 0} Int Int) Int (@Prod.fst.{0, 0} Int Int)
                    (@List.nil.{0} (Prod.{0, 0} Int Int)))
                  (@List.nil.{0} Int) (@List.sum.{0} Int Int.instAdd (@Zero.ofOfNat0.{0} Int (@instOfNat (nat_lit 0))))
                  (@List.map_nil.{0, 0} (Prod.{0, 0} Int Int) Int (@Prod.fst.{0, 0} Int Int))))
              (Int.mul_zero bound)))
          (@Std.le_refl._simp_1.{0} Int Int.instLEInt
            (@Std.instReflLeOfIsPreorder.{0} Int Int.instLEInt
              (@Std.IsLinearPreorder.toIsPreorder.{0} Int Int.instLEInt
                (@Std.IsLinearOrder.toIsLinearPreorder.{0} Int Int.instLEInt Lean.Grind.instIsLinearOrderInt)))
            (@OfNat.ofNat.{0} Int (nat_lit 0) (@instOfNat (nat_lit 0))))))
    (fun (x : Prod.{0, 0} Int Int) (xs : List.{0} (Prod.{0, 0} Int Int))
        (ih :
          ∀
            (h :
              ∀ (x : Prod.{0, 0} Int Int),
                @Membership.mem.{0, 0} (Prod.{0, 0} Int Int) (List.{0} (Prod.{0, 0} Int Int))
                    (@List.instMembership.{0} (Prod.{0, 0} Int Int)) xs x →
                  @LE.le.{0} Int Int.instLEInt
                    (@HMul.hMul.{0, 0, 0} Int Int Int (@instHMul.{0} Int Int.instMul) scale
                      (@Prod.snd.{0, 0} Int Int x))
                    (@HMul.hMul.{0, 0, 0} Int Int Int (@instHMul.{0} Int Int.instMul) bound
                      (@Prod.fst.{0, 0} Int Int x))),
            @LE.le.{0} Int Int.instLEInt
              (@HMul.hMul.{0, 0, 0} Int Int Int (@instHMul.{0} Int Int.instMul) scale (RetryIID.sumSecond xs))
              (@HMul.hMul.{0, 0, 0} Int Int Int (@instHMul.{0} Int Int.instMul) bound (RetryIID.sumFirst xs)))
        (h :
          ∀ (x_1 : Prod.{0, 0} Int Int),
            @Membership.mem.{0, 0} (Prod.{0, 0} Int Int) (List.{0} (Prod.{0, 0} Int Int))
                (@List.instMembership.{0} (Prod.{0, 0} Int Int)) (@List.cons.{0} (Prod.{0, 0} Int Int) x xs) x_1 →
              @LE.le.{0} Int Int.instLEInt
                (@HMul.hMul.{0, 0, 0} Int Int Int (@instHMul.{0} Int Int.instMul) scale (@Prod.snd.{0, 0} Int Int x_1))
                (@HMul.hMul.{0, 0, 0} Int Int Int (@instHMul.{0} Int Int.instMul) bound
                  (@Prod.fst.{0, 0} Int Int x_1))) =>
      have hx :
        @LE.le.{0} Int Int.instLEInt
          (@HMul.hMul.{0, 0, 0} Int Int Int (@instHMul.{0} Int Int.instMul) scale (@Prod.snd.{0, 0} Int Int x))
          (@HMul.hMul.{0, 0, 0} Int Int Int (@instHMul.{0} Int Int.instMul) bound (@Prod.fst.{0, 0} Int Int x)) :=
        h x
          (@of_eq_true
            (@Membership.mem.{0, 0} (Prod.{0, 0} Int Int) (List.{0} (Prod.{0, 0} Int Int))
              (@List.instMembership.{0} (Prod.{0, 0} Int Int)) (@List.cons.{0} (Prod.{0, 0} Int Int) x xs) x)
            (@Eq.trans.{1} Prop
              (@Membership.mem.{0, 0} (Prod.{0, 0} Int Int) (List.{0} (Prod.{0, 0} Int Int))
                (@List.instMembership.{0} (Prod.{0, 0} Int Int)) (@List.cons.{0} (Prod.{0, 0} Int Int) x xs) x)
              (Or (@Eq.{1} (Prod.{0, 0} Int Int) x x)
                (@Membership.mem.{0, 0} (Prod.{0, 0} Int Int) (List.{0} (Prod.{0, 0} Int Int))
                  (@List.instMembership.{0} (Prod.{0, 0} Int Int)) xs x))
              True (@List.mem_cons._simp_1.{0} (Prod.{0, 0} Int Int) x xs x)
              (@Eq.trans.{1} Prop
                (Or (@Eq.{1} (Prod.{0, 0} Int Int) x x)
                  (@Membership.mem.{0, 0} (Prod.{0, 0} Int Int) (List.{0} (Prod.{0, 0} Int Int))
                    (@List.instMembership.{0} (Prod.{0, 0} Int Int)) xs x))
                (Or True
                  (@Membership.mem.{0, 0} (Prod.{0, 0} Int Int) (List.{0} (Prod.{0, 0} Int Int))
                    (@List.instMembership.{0} (Prod.{0, 0} Int Int)) xs x))
                True
                (@congrFun'.{1, 1} Prop Prop (Or (@Eq.{1} (Prod.{0, 0} Int Int) x x)) (Or True)
                  (@congrArg.{1, 1} Prop ((b : Prop) → Prop) (@Eq.{1} (Prod.{0, 0} Int Int) x x) True Or
                    (@eq_self.{1} (Prod.{0, 0} Int Int) x))
                  (@Membership.mem.{0, 0} (Prod.{0, 0} Int Int) (List.{0} (Prod.{0, 0} Int Int))
                    (@List.instMembership.{0} (Prod.{0, 0} Int Int)) xs x))
                (true_or
                  (@Membership.mem.{0, 0} (Prod.{0, 0} Int Int) (List.{0} (Prod.{0, 0} Int Int))
                    (@List.instMembership.{0} (Prod.{0, 0} Int Int)) xs x)))));
      have hs :
        ∀ (y : Prod.{0, 0} Int Int),
          @Membership.mem.{0, 0} (Prod.{0, 0} Int Int) (List.{0} (Prod.{0, 0} Int Int))
              (@List.instMembership.{0} (Prod.{0, 0} Int Int)) xs y →
            @LE.le.{0} Int Int.instLEInt
              (@HMul.hMul.{0, 0, 0} Int Int Int (@instHMul.{0} Int Int.instMul) scale (@Prod.snd.{0, 0} Int Int y))
              (@HMul.hMul.{0, 0, 0} Int Int Int (@instHMul.{0} Int Int.instMul) bound (@Prod.fst.{0, 0} Int Int y)) :=
        fun (y : Prod.{0, 0} Int Int)
          (hy :
            @Membership.mem.{0, 0} (Prod.{0, 0} Int Int) (List.{0} (Prod.{0, 0} Int Int))
              (@List.instMembership.{0} (Prod.{0, 0} Int Int)) xs y) =>
        h y
          (@of_eq_true
            (@Membership.mem.{0, 0} (Prod.{0, 0} Int Int) (List.{0} (Prod.{0, 0} Int Int))
              (@List.instMembership.{0} (Prod.{0, 0} Int Int)) (@List.cons.{0} (Prod.{0, 0} Int Int) x xs) y)
            (@Eq.trans.{1} Prop
              (@Membership.mem.{0, 0} (Prod.{0, 0} Int Int) (List.{0} (Prod.{0, 0} Int Int))
                (@List.instMembership.{0} (Prod.{0, 0} Int Int)) (@List.cons.{0} (Prod.{0, 0} Int Int) x xs) y)
              (Or (@Eq.{1} (Prod.{0, 0} Int Int) y x)
                (@Membership.mem.{0, 0} (Prod.{0, 0} Int Int) (List.{0} (Prod.{0, 0} Int Int))
                  (@List.instMembership.{0} (Prod.{0, 0} Int Int)) xs y))
              True (@List.mem_cons._simp_1.{0} (Prod.{0, 0} Int Int) x xs y)
              (@Eq.trans.{1} Prop
                (Or (@Eq.{1} (Prod.{0, 0} Int Int) y x)
                  (@Membership.mem.{0, 0} (Prod.{0, 0} Int Int) (List.{0} (Prod.{0, 0} Int Int))
                    (@List.instMembership.{0} (Prod.{0, 0} Int Int)) xs y))
                (Or (@Eq.{1} (Prod.{0, 0} Int Int) y x) True) True
                (@congrArg.{1, 1} Prop Prop
                  (@Membership.mem.{0, 0} (Prod.{0, 0} Int Int) (List.{0} (Prod.{0, 0} Int Int))
                    (@List.instMembership.{0} (Prod.{0, 0} Int Int)) xs y)
                  True (Or (@Eq.{1} (Prod.{0, 0} Int Int) y x))
                  (@eq_true
                    (@Membership.mem.{0, 0} (Prod.{0, 0} Int Int) (List.{0} (Prod.{0, 0} Int Int))
                      (@List.instMembership.{0} (Prod.{0, 0} Int Int)) xs y)
                    hy))
                (or_true (@Eq.{1} (Prod.{0, 0} Int Int) y x)))));
      have hh :
        @LE.le.{0} Int Int.instLEInt
          (@HMul.hMul.{0, 0, 0} Int Int Int (@instHMul.{0} Int Int.instMul) scale (RetryIID.sumSecond xs))
          (@HMul.hMul.{0, 0, 0} Int Int Int (@instHMul.{0} Int Int.instMul) bound (RetryIID.sumFirst xs)) :=
        ih hs;
      @Eq.mpr.{0}
        (@LE.le.{0} Int Int.instLEInt
          (@HMul.hMul.{0, 0, 0} Int Int Int (@instHMul.{0} Int Int.instMul) scale
            (RetryIID.sumSecond (@List.cons.{0} (Prod.{0, 0} Int Int) x xs)))
          (@HMul.hMul.{0, 0, 0} Int Int Int (@instHMul.{0} Int Int.instMul) bound
            (RetryIID.sumFirst (@List.cons.{0} (Prod.{0, 0} Int Int) x xs))))
        (@LE.le.{0} Int Int.instLEInt
          (@HAdd.hAdd.{0, 0, 0} Int Int Int (@instHAdd.{0} Int Int.instAdd)
            (@HMul.hMul.{0, 0, 0} Int Int Int (@instHMul.{0} Int Int.instMul) scale (@Prod.snd.{0, 0} Int Int x))
            (@HMul.hMul.{0, 0, 0} Int Int Int (@instHMul.{0} Int Int.instMul) scale
              (@List.sum.{0} Int Int.instAdd (@Zero.ofOfNat0.{0} Int (@instOfNat (nat_lit 0)))
                (@List.map.{0, 0} (Prod.{0, 0} Int Int) Int (@Prod.snd.{0, 0} Int Int) xs))))
          (@HAdd.hAdd.{0, 0, 0} Int Int Int (@instHAdd.{0} Int Int.instAdd)
            (@HMul.hMul.{0, 0, 0} Int Int Int (@instHMul.{0} Int Int.instMul) bound (@Prod.fst.{0, 0} Int Int x))
            (@HMul.hMul.{0, 0, 0} Int Int Int (@instHMul.{0} Int Int.instMul) bound
              (@List.sum.{0} Int Int.instAdd (@Zero.ofOfNat0.{0} Int (@instOfNat (nat_lit 0)))
                (@List.map.{0, 0} (Prod.{0, 0} Int Int) Int (@Prod.fst.{0, 0} Int Int) xs)))))
        (@id.{0}
          (@Eq.{1} Prop
            (@LE.le.{0} Int Int.instLEInt
              (@HMul.hMul.{0, 0, 0} Int Int Int (@instHMul.{0} Int Int.instMul) scale
                (RetryIID.sumSecond (@List.cons.{0} (Prod.{0, 0} Int Int) x xs)))
              (@HMul.hMul.{0, 0, 0} Int Int Int (@instHMul.{0} Int Int.instMul) bound
                (RetryIID.sumFirst (@List.cons.{0} (Prod.{0, 0} Int Int) x xs))))
            (@LE.le.{0} Int Int.instLEInt
              (@HAdd.hAdd.{0, 0, 0} Int Int Int (@instHAdd.{0} Int Int.instAdd)
                (@HMul.hMul.{0, 0, 0} Int Int Int (@instHMul.{0} Int Int.instMul) scale (@Prod.snd.{0, 0} Int Int x))
                (@HMul.hMul.{0, 0, 0} Int Int Int (@instHMul.{0} Int Int.instMul) scale
                  (@List.sum.{0} Int Int.instAdd (@Zero.ofOfNat0.{0} Int (@instOfNat (nat_lit 0)))
                    (@List.map.{0, 0} (Prod.{0, 0} Int Int) Int (@Prod.snd.{0, 0} Int Int) xs))))
              (@HAdd.hAdd.{0, 0, 0} Int Int Int (@instHAdd.{0} Int Int.instAdd)
                (@HMul.hMul.{0, 0, 0} Int Int Int (@instHMul.{0} Int Int.instMul) bound (@Prod.fst.{0, 0} Int Int x))
                (@HMul.hMul.{0, 0, 0} Int Int Int (@instHMul.{0} Int Int.instMul) bound
                  (@List.sum.{0} Int Int.instAdd (@Zero.ofOfNat0.{0} Int (@instOfNat (nat_lit 0)))
                    (@List.map.{0, 0} (Prod.{0, 0} Int Int) Int (@Prod.fst.{0, 0} Int Int) xs))))))
          (@congr.{1, 1} Int Prop
            (@LE.le.{0} Int Int.instLEInt
              (@HMul.hMul.{0, 0, 0} Int Int Int (@instHMul.{0} Int Int.instMul) scale
                (RetryIID.sumSecond (@List.cons.{0} (Prod.{0, 0} Int Int) x xs))))
            (@LE.le.{0} Int Int.instLEInt
              (@HAdd.hAdd.{0, 0, 0} Int Int Int (@instHAdd.{0} Int Int.instAdd)
                (@HMul.hMul.{0, 0, 0} Int Int Int (@instHMul.{0} Int Int.instMul) scale (@Prod.snd.{0, 0} Int Int x))
                (@HMul.hMul.{0, 0, 0} Int Int Int (@instHMul.{0} Int Int.instMul) scale
                  (@List.sum.{0} Int Int.instAdd (@Zero.ofOfNat0.{0} Int (@instOfNat (nat_lit 0)))
                    (@List.map.{0, 0} (Prod.{0, 0} Int Int) Int (@Prod.snd.{0, 0} Int Int) xs)))))
            (@HMul.hMul.{0, 0, 0} Int Int Int (@instHMul.{0} Int Int.instMul) bound
              (RetryIID.sumFirst (@List.cons.{0} (Prod.{0, 0} Int Int) x xs)))
            (@HAdd.hAdd.{0, 0, 0} Int Int Int (@instHAdd.{0} Int Int.instAdd)
              (@HMul.hMul.{0, 0, 0} Int Int Int (@instHMul.{0} Int Int.instMul) bound (@Prod.fst.{0, 0} Int Int x))
              (@HMul.hMul.{0, 0, 0} Int Int Int (@instHMul.{0} Int Int.instMul) bound
                (@List.sum.{0} Int Int.instAdd (@Zero.ofOfNat0.{0} Int (@instOfNat (nat_lit 0)))
                  (@List.map.{0, 0} (Prod.{0, 0} Int Int) Int (@Prod.fst.{0, 0} Int Int) xs))))
            (@congrArg.{1, 1} Int (Int → Prop)
              (@HMul.hMul.{0, 0, 0} Int Int Int (@instHMul.{0} Int Int.instMul) scale
                (RetryIID.sumSecond (@List.cons.{0} (Prod.{0, 0} Int Int) x xs)))
              (@HAdd.hAdd.{0, 0, 0} Int Int Int (@instHAdd.{0} Int Int.instAdd)
                (@HMul.hMul.{0, 0, 0} Int Int Int (@instHMul.{0} Int Int.instMul) scale (@Prod.snd.{0, 0} Int Int x))
                (@HMul.hMul.{0, 0, 0} Int Int Int (@instHMul.{0} Int Int.instMul) scale
                  (@List.sum.{0} Int Int.instAdd (@Zero.ofOfNat0.{0} Int (@instOfNat (nat_lit 0)))
                    (@List.map.{0, 0} (Prod.{0, 0} Int Int) Int (@Prod.snd.{0, 0} Int Int) xs))))
              (@LE.le.{0} Int Int.instLEInt)
              (@Eq.trans.{1} Int
                (@HMul.hMul.{0, 0, 0} Int Int Int (@instHMul.{0} Int Int.instMul) scale
                  (RetryIID.sumSecond (@List.cons.{0} (Prod.{0, 0} Int Int) x xs)))
                (@HMul.hMul.{0, 0, 0} Int Int Int (@instHMul.{0} Int Int.instMul) scale
                  (@HAdd.hAdd.{0, 0, 0} Int Int Int (@instHAdd.{0} Int Int.instAdd) (@Prod.snd.{0, 0} Int Int x)
                    (@List.sum.{0} Int Int.instAdd (@Zero.ofOfNat0.{0} Int (@instOfNat (nat_lit 0)))
                      (@List.map.{0, 0} (Prod.{0, 0} Int Int) Int (@Prod.snd.{0, 0} Int Int) xs))))
                (@HAdd.hAdd.{0, 0, 0} Int Int Int (@instHAdd.{0} Int Int.instAdd)
                  (@HMul.hMul.{0, 0, 0} Int Int Int (@instHMul.{0} Int Int.instMul) scale (@Prod.snd.{0, 0} Int Int x))
                  (@HMul.hMul.{0, 0, 0} Int Int Int (@instHMul.{0} Int Int.instMul) scale
                    (@List.sum.{0} Int Int.instAdd (@Zero.ofOfNat0.{0} Int (@instOfNat (nat_lit 0)))
                      (@List.map.{0, 0} (Prod.{0, 0} Int Int) Int (@Prod.snd.{0, 0} Int Int) xs))))
                (@congrArg.{1, 1} Int Int (RetryIID.sumSecond (@List.cons.{0} (Prod.{0, 0} Int Int) x xs))
                  (@HAdd.hAdd.{0, 0, 0} Int Int Int (@instHAdd.{0} Int Int.instAdd) (@Prod.snd.{0, 0} Int Int x)
                    (@List.sum.{0} Int Int.instAdd (@Zero.ofOfNat0.{0} Int (@instOfNat (nat_lit 0)))
                      (@List.map.{0, 0} (Prod.{0, 0} Int Int) Int (@Prod.snd.{0, 0} Int Int) xs)))
                  (@HMul.hMul.{0, 0, 0} Int Int Int (@instHMul.{0} Int Int.instMul) scale)
                  (@congrArg.{1, 1} (List.{0} Int) Int
                    (@List.map.{0, 0} (Prod.{0, 0} Int Int) Int (@Prod.snd.{0, 0} Int Int)
                      (@List.cons.{0} (Prod.{0, 0} Int Int) x xs))
                    (@List.cons.{0} Int (@Prod.snd.{0, 0} Int Int x)
                      (@List.map.{0, 0} (Prod.{0, 0} Int Int) Int (@Prod.snd.{0, 0} Int Int) xs))
                    (@List.sum.{0} Int Int.instAdd (@Zero.ofOfNat0.{0} Int (@instOfNat (nat_lit 0))))
                    (@List.map_cons.{0, 0} (Prod.{0, 0} Int Int) Int (@Prod.snd.{0, 0} Int Int) x xs)))
                (Int.mul_add scale (@Prod.snd.{0, 0} Int Int x)
                  (@List.sum.{0} Int Int.instAdd (@Zero.ofOfNat0.{0} Int (@instOfNat (nat_lit 0)))
                    (@List.map.{0, 0} (Prod.{0, 0} Int Int) Int (@Prod.snd.{0, 0} Int Int) xs)))))
            (@Eq.trans.{1} Int
              (@HMul.hMul.{0, 0, 0} Int Int Int (@instHMul.{0} Int Int.instMul) bound
                (RetryIID.sumFirst (@List.cons.{0} (Prod.{0, 0} Int Int) x xs)))
              (@HMul.hMul.{0, 0, 0} Int Int Int (@instHMul.{0} Int Int.instMul) bound
                (@HAdd.hAdd.{0, 0, 0} Int Int Int (@instHAdd.{0} Int Int.instAdd) (@Prod.fst.{0, 0} Int Int x)
                  (@List.sum.{0} Int Int.instAdd (@Zero.ofOfNat0.{0} Int (@instOfNat (nat_lit 0)))
                    (@List.map.{0, 0} (Prod.{0, 0} Int Int) Int (@Prod.fst.{0, 0} Int Int) xs))))
              (@HAdd.hAdd.{0, 0, 0} Int Int Int (@instHAdd.{0} Int Int.instAdd)
                (@HMul.hMul.{0, 0, 0} Int Int Int (@instHMul.{0} Int Int.instMul) bound (@Prod.fst.{0, 0} Int Int x))
                (@HMul.hMul.{0, 0, 0} Int Int Int (@instHMul.{0} Int Int.instMul) bound
                  (@List.sum.{0} Int Int.instAdd (@Zero.ofOfNat0.{0} Int (@instOfNat (nat_lit 0)))
                    (@List.map.{0, 0} (Prod.{0, 0} Int Int) Int (@Prod.fst.{0, 0} Int Int) xs))))
              (@congrArg.{1, 1} Int Int (RetryIID.sumFirst (@List.cons.{0} (Prod.{0, 0} Int Int) x xs))
                (@HAdd.hAdd.{0, 0, 0} Int Int Int (@instHAdd.{0} Int Int.instAdd) (@Prod.fst.{0, 0} Int Int x)
                  (@List.sum.{0} Int Int.instAdd (@Zero.ofOfNat0.{0} Int (@instOfNat (nat_lit 0)))
                    (@List.map.{0, 0} (Prod.{0, 0} Int Int) Int (@Prod.fst.{0, 0} Int Int) xs)))
                (@HMul.hMul.{0, 0, 0} Int Int Int (@instHMul.{0} Int Int.instMul) bound)
                (@congrArg.{1, 1} (List.{0} Int) Int
                  (@List.map.{0, 0} (Prod.{0, 0} Int Int) Int (@Prod.fst.{0, 0} Int Int)
                    (@List.cons.{0} (Prod.{0, 0} Int Int) x xs))
                  (@List.cons.{0} Int (@Prod.fst.{0, 0} Int Int x)
                    (@List.map.{0, 0} (Prod.{0, 0} Int Int) Int (@Prod.fst.{0, 0} Int Int) xs))
                  (@List.sum.{0} Int Int.instAdd (@Zero.ofOfNat0.{0} Int (@instOfNat (nat_lit 0))))
                  (@List.map_cons.{0, 0} (Prod.{0, 0} Int Int) Int (@Prod.fst.{0, 0} Int Int) x xs)))
              (Int.mul_add bound (@Prod.fst.{0, 0} Int Int x)
                (@List.sum.{0} Int Int.instAdd (@Zero.ofOfNat0.{0} Int (@instOfNat (nat_lit 0)))
                  (@List.map.{0, 0} (Prod.{0, 0} Int Int) Int (@Prod.fst.{0, 0} Int Int) xs))))))
        (@Decidable.byContradiction
          (@LE.le.{0} Int Int.instLEInt
            (@HAdd.hAdd.{0, 0, 0} Int Int Int (@instHAdd.{0} Int Int.instAdd)
              (@HMul.hMul.{0, 0, 0} Int Int Int (@instHMul.{0} Int Int.instMul) scale (@Prod.snd.{0, 0} Int Int x))
              (@HMul.hMul.{0, 0, 0} Int Int Int (@instHMul.{0} Int Int.instMul) scale
                (@List.sum.{0} Int Int.instAdd (@Zero.ofOfNat0.{0} Int (@instOfNat (nat_lit 0)))
                  (@List.map.{0, 0} (Prod.{0, 0} Int Int) Int (@Prod.snd.{0, 0} Int Int) xs))))
            (@HAdd.hAdd.{0, 0, 0} Int Int Int (@instHAdd.{0} Int Int.instAdd)
              (@HMul.hMul.{0, 0, 0} Int Int Int (@instHMul.{0} Int Int.instMul) bound (@Prod.fst.{0, 0} Int Int x))
              (@HMul.hMul.{0, 0, 0} Int Int Int (@instHMul.{0} Int Int.instMul) bound
                (@List.sum.{0} Int Int.instAdd (@Zero.ofOfNat0.{0} Int (@instOfNat (nat_lit 0)))
                  (@List.map.{0, 0} (Prod.{0, 0} Int Int) Int (@Prod.fst.{0, 0} Int Int) xs)))))
          (Int.decLe
            (@HAdd.hAdd.{0, 0, 0} Int Int Int (@instHAdd.{0} Int Int.instAdd)
              (@HMul.hMul.{0, 0, 0} Int Int Int (@instHMul.{0} Int Int.instMul) scale (@Prod.snd.{0, 0} Int Int x))
              (@HMul.hMul.{0, 0, 0} Int Int Int (@instHMul.{0} Int Int.instMul) scale
                (@List.sum.{0} Int Int.instAdd (@Zero.ofOfNat0.{0} Int (@instOfNat (nat_lit 0)))
                  (@List.map.{0, 0} (Prod.{0, 0} Int Int) Int (@Prod.snd.{0, 0} Int Int) xs))))
            (@HAdd.hAdd.{0, 0, 0} Int Int Int (@instHAdd.{0} Int Int.instAdd)
              (@HMul.hMul.{0, 0, 0} Int Int Int (@instHMul.{0} Int Int.instMul) bound (@Prod.fst.{0, 0} Int Int x))
              (@HMul.hMul.{0, 0, 0} Int Int Int (@instHMul.{0} Int Int.instMul) bound
                (@List.sum.{0} Int Int.instAdd (@Zero.ofOfNat0.{0} Int (@instOfNat (nat_lit 0)))
                  (@List.map.{0, 0} (Prod.{0, 0} Int Int) Int (@Prod.fst.{0, 0} Int Int) xs)))))
          fun
            (a :
              Not
                (@LE.le.{0} Int Int.instLEInt
                  (@HAdd.hAdd.{0, 0, 0} Int Int Int (@instHAdd.{0} Int Int.instAdd)
                    (@HMul.hMul.{0, 0, 0} Int Int Int (@instHMul.{0} Int Int.instMul) scale
                      (@Prod.snd.{0, 0} Int Int x))
                    (@HMul.hMul.{0, 0, 0} Int Int Int (@instHMul.{0} Int Int.instMul) scale
                      (@List.sum.{0} Int Int.instAdd (@Zero.ofOfNat0.{0} Int (@instOfNat (nat_lit 0)))
                        (@List.map.{0, 0} (Prod.{0, 0} Int Int) Int (@Prod.snd.{0, 0} Int Int) xs))))
                  (@HAdd.hAdd.{0, 0, 0} Int Int Int (@instHAdd.{0} Int Int.instAdd)
                    (@HMul.hMul.{0, 0, 0} Int Int Int (@instHMul.{0} Int Int.instMul) bound
                      (@Prod.fst.{0, 0} Int Int x))
                    (@HMul.hMul.{0, 0, 0} Int Int Int (@instHMul.{0} Int Int.instMul) bound
                      (@List.sum.{0} Int Int.instAdd (@Zero.ofOfNat0.{0} Int (@instOfNat (nat_lit 0)))
                        (@List.map.{0, 0} (Prod.{0, 0} Int Int) Int (@Prod.fst.{0, 0} Int Int) xs)))))) =>
          RetryIID.weighted_stopped_sum._proof_1_3 bound scale x xs hx hh a))
    xs h
RetryIID.bounded_reach_sum : ∀ (xs : List.{0} Int)
  (h :
    ∀ (x : Int),
      @Membership.mem.{0, 0} Int (List.{0} Int) (@List.instMembership.{0} Int) xs x →
        And (@LE.le.{0} Int Int.instLEInt (@OfNat.ofNat.{0} Int (nat_lit 0) (@instOfNat (nat_lit 0))) x)
          (@LE.le.{0} Int Int.instLEInt x (@OfNat.ofNat.{0} Int (nat_lit 1) (@instOfNat (nat_lit 1))))),
  And
    (@LE.le.{0} Int Int.instLEInt (@OfNat.ofNat.{0} Int (nat_lit 0) (@instOfNat (nat_lit 0)))
      (@List.sum.{0} Int Int.instAdd (@Zero.ofOfNat0.{0} Int (@instOfNat (nat_lit 0))) xs))
    (@LE.le.{0} Int Int.instLEInt (@List.sum.{0} Int Int.instAdd (@Zero.ofOfNat0.{0} Int (@instOfNat (nat_lit 0))) xs)
      (@Nat.cast.{0} Int instNatCastInt (@List.length.{0} Int xs)))
theorem RetryIID.bounded_reach_sum : ∀ (xs : List.{0} Int)
  (h :
    ∀ (x : Int),
      @Membership.mem.{0, 0} Int (List.{0} Int) (@List.instMembership.{0} Int) xs x →
        And (@LE.le.{0} Int Int.instLEInt (@OfNat.ofNat.{0} Int (nat_lit 0) (@instOfNat (nat_lit 0))) x)
          (@LE.le.{0} Int Int.instLEInt x (@OfNat.ofNat.{0} Int (nat_lit 1) (@instOfNat (nat_lit 1))))),
  And
    (@LE.le.{0} Int Int.instLEInt (@OfNat.ofNat.{0} Int (nat_lit 0) (@instOfNat (nat_lit 0)))
      (@List.sum.{0} Int Int.instAdd (@Zero.ofOfNat0.{0} Int (@instOfNat (nat_lit 0))) xs))
    (@LE.le.{0} Int Int.instLEInt (@List.sum.{0} Int Int.instAdd (@Zero.ofOfNat0.{0} Int (@instOfNat (nat_lit 0))) xs)
      (@Nat.cast.{0} Int instNatCastInt (@List.length.{0} Int xs))) :=
fun (xs : List.{0} Int)
    (h :
      ∀ (x : Int),
        @Membership.mem.{0, 0} Int (List.{0} Int) (@List.instMembership.{0} Int) xs x →
          And (@LE.le.{0} Int Int.instLEInt (@OfNat.ofNat.{0} Int (nat_lit 0) (@instOfNat (nat_lit 0))) x)
            (@LE.le.{0} Int Int.instLEInt x (@OfNat.ofNat.{0} Int (nat_lit 1) (@instOfNat (nat_lit 1))))) =>
  @List.rec.{0, 0} Int
    (fun (xs : List.{0} Int) =>
      ∀
        (h :
          ∀ (x : Int),
            @Membership.mem.{0, 0} Int (List.{0} Int) (@List.instMembership.{0} Int) xs x →
              And (@LE.le.{0} Int Int.instLEInt (@OfNat.ofNat.{0} Int (nat_lit 0) (@instOfNat (nat_lit 0))) x)
                (@LE.le.{0} Int Int.instLEInt x (@OfNat.ofNat.{0} Int (nat_lit 1) (@instOfNat (nat_lit 1))))),
        And
          (@LE.le.{0} Int Int.instLEInt (@OfNat.ofNat.{0} Int (nat_lit 0) (@instOfNat (nat_lit 0)))
            (@List.sum.{0} Int Int.instAdd (@Zero.ofOfNat0.{0} Int (@instOfNat (nat_lit 0))) xs))
          (@LE.le.{0} Int Int.instLEInt
            (@List.sum.{0} Int Int.instAdd (@Zero.ofOfNat0.{0} Int (@instOfNat (nat_lit 0))) xs)
            (@Nat.cast.{0} Int instNatCastInt (@List.length.{0} Int xs))))
    (fun
        (h :
          ∀ (x : Int),
            @Membership.mem.{0, 0} Int (List.{0} Int) (@List.instMembership.{0} Int) (@List.nil.{0} Int) x →
              And (@LE.le.{0} Int Int.instLEInt (@OfNat.ofNat.{0} Int (nat_lit 0) (@instOfNat (nat_lit 0))) x)
                (@LE.le.{0} Int Int.instLEInt x (@OfNat.ofNat.{0} Int (nat_lit 1) (@instOfNat (nat_lit 1))))) =>
      @of_eq_true
        (And
          (@LE.le.{0} Int Int.instLEInt (@OfNat.ofNat.{0} Int (nat_lit 0) (@instOfNat (nat_lit 0)))
            (@List.sum.{0} Int Int.instAdd (@Zero.ofOfNat0.{0} Int (@instOfNat (nat_lit 0))) (@List.nil.{0} Int)))
          (@LE.le.{0} Int Int.instLEInt
            (@List.sum.{0} Int Int.instAdd (@Zero.ofOfNat0.{0} Int (@instOfNat (nat_lit 0))) (@List.nil.{0} Int))
            (@Nat.cast.{0} Int instNatCastInt (@List.length.{0} Int (@List.nil.{0} Int)))))
        (@Eq.trans.{1} Prop
          (And
            (@LE.le.{0} Int Int.instLEInt (@OfNat.ofNat.{0} Int (nat_lit 0) (@instOfNat (nat_lit 0)))
              (@List.sum.{0} Int Int.instAdd (@Zero.ofOfNat0.{0} Int (@instOfNat (nat_lit 0))) (@List.nil.{0} Int)))
            (@LE.le.{0} Int Int.instLEInt
              (@List.sum.{0} Int Int.instAdd (@Zero.ofOfNat0.{0} Int (@instOfNat (nat_lit 0))) (@List.nil.{0} Int))
              (@Nat.cast.{0} Int instNatCastInt (@List.length.{0} Int (@List.nil.{0} Int)))))
          (And True True) True
          (@congr.{1, 1} Prop Prop
            (And
              (@LE.le.{0} Int Int.instLEInt (@OfNat.ofNat.{0} Int (nat_lit 0) (@instOfNat (nat_lit 0)))
                (@List.sum.{0} Int Int.instAdd (@Zero.ofOfNat0.{0} Int (@instOfNat (nat_lit 0))) (@List.nil.{0} Int))))
            (And True)
            (@LE.le.{0} Int Int.instLEInt
              (@List.sum.{0} Int Int.instAdd (@Zero.ofOfNat0.{0} Int (@instOfNat (nat_lit 0))) (@List.nil.{0} Int))
              (@Nat.cast.{0} Int instNatCastInt (@List.length.{0} Int (@List.nil.{0} Int))))
            True
            (@congrArg.{1, 1} Prop ((b : Prop) → Prop)
              (@LE.le.{0} Int Int.instLEInt (@OfNat.ofNat.{0} Int (nat_lit 0) (@instOfNat (nat_lit 0)))
                (@List.sum.{0} Int Int.instAdd (@Zero.ofOfNat0.{0} Int (@instOfNat (nat_lit 0))) (@List.nil.{0} Int)))
              True And
              (@Std.le_refl._simp_1.{0} Int Int.instLEInt
                (@Std.instReflLeOfIsPreorder.{0} Int Int.instLEInt
                  (@Std.IsLinearPreorder.toIsPreorder.{0} Int Int.instLEInt
                    (@Std.IsLinearOrder.toIsLinearPreorder.{0} Int Int.instLEInt Lean.Grind.instIsLinearOrderInt)))
                (@OfNat.ofNat.{0} Int (nat_lit 0) (@instOfNat (nat_lit 0)))))
            (@Std.le_refl._simp_1.{0} Int Int.instLEInt
              (@Std.instReflLeOfIsPreorder.{0} Int Int.instLEInt
                (@Std.IsLinearPreorder.toIsPreorder.{0} Int Int.instLEInt
                  (@Std.IsLinearOrder.toIsLinearPreorder.{0} Int Int.instLEInt Lean.Grind.instIsLinearOrderInt)))
              (@OfNat.ofNat.{0} Int (nat_lit 0)
                (@Zero.toOfNat0.{0} Int (@Zero.ofOfNat0.{0} Int (@instOfNat (nat_lit 0)))))))
          (and_self True)))
    (fun (x : Int) (xs : List.{0} Int)
        (ih :
          ∀
            (h :
              ∀ (x : Int),
                @Membership.mem.{0, 0} Int (List.{0} Int) (@List.instMembership.{0} Int) xs x →
                  And (@LE.le.{0} Int Int.instLEInt (@OfNat.ofNat.{0} Int (nat_lit 0) (@instOfNat (nat_lit 0))) x)
                    (@LE.le.{0} Int Int.instLEInt x (@OfNat.ofNat.{0} Int (nat_lit 1) (@instOfNat (nat_lit 1))))),
            And
              (@LE.le.{0} Int Int.instLEInt (@OfNat.ofNat.{0} Int (nat_lit 0) (@instOfNat (nat_lit 0)))
                (@List.sum.{0} Int Int.instAdd (@Zero.ofOfNat0.{0} Int (@instOfNat (nat_lit 0))) xs))
              (@LE.le.{0} Int Int.instLEInt
                (@List.sum.{0} Int Int.instAdd (@Zero.ofOfNat0.{0} Int (@instOfNat (nat_lit 0))) xs)
                (@Nat.cast.{0} Int instNatCastInt (@List.length.{0} Int xs))))
        (h :
          ∀ (x_1 : Int),
            @Membership.mem.{0, 0} Int (List.{0} Int) (@List.instMembership.{0} Int) (@List.cons.{0} Int x xs) x_1 →
              And (@LE.le.{0} Int Int.instLEInt (@OfNat.ofNat.{0} Int (nat_lit 0) (@instOfNat (nat_lit 0))) x_1)
                (@LE.le.{0} Int Int.instLEInt x_1 (@OfNat.ofNat.{0} Int (nat_lit 1) (@instOfNat (nat_lit 1))))) =>
      have hx :
        And (@LE.le.{0} Int Int.instLEInt (@OfNat.ofNat.{0} Int (nat_lit 0) (@instOfNat (nat_lit 0))) x)
          (@LE.le.{0} Int Int.instLEInt x (@OfNat.ofNat.{0} Int (nat_lit 1) (@instOfNat (nat_lit 1)))) :=
        h x
          (@of_eq_true
            (@Membership.mem.{0, 0} Int (List.{0} Int) (@List.instMembership.{0} Int) (@List.cons.{0} Int x xs) x)
            (@Eq.trans.{1} Prop
              (@Membership.mem.{0, 0} Int (List.{0} Int) (@List.instMembership.{0} Int) (@List.cons.{0} Int x xs) x)
              (Or (@Eq.{1} Int x x) (@Membership.mem.{0, 0} Int (List.{0} Int) (@List.instMembership.{0} Int) xs x))
              True (@List.mem_cons._simp_1.{0} Int x xs x)
              (@Eq.trans.{1} Prop
                (Or (@Eq.{1} Int x x) (@Membership.mem.{0, 0} Int (List.{0} Int) (@List.instMembership.{0} Int) xs x))
                (Or True (@Membership.mem.{0, 0} Int (List.{0} Int) (@List.instMembership.{0} Int) xs x)) True
                (@congrFun'.{1, 1} Prop Prop (Or (@Eq.{1} Int x x)) (Or True)
                  (@congrArg.{1, 1} Prop ((b : Prop) → Prop) (@Eq.{1} Int x x) True Or (@eq_self.{1} Int x))
                  (@Membership.mem.{0, 0} Int (List.{0} Int) (@List.instMembership.{0} Int) xs x))
                (true_or (@Membership.mem.{0, 0} Int (List.{0} Int) (@List.instMembership.{0} Int) xs x)))));
      have hs :
        ∀ (y : Int),
          @Membership.mem.{0, 0} Int (List.{0} Int) (@List.instMembership.{0} Int) xs y →
            And (@LE.le.{0} Int Int.instLEInt (@OfNat.ofNat.{0} Int (nat_lit 0) (@instOfNat (nat_lit 0))) y)
              (@LE.le.{0} Int Int.instLEInt y (@OfNat.ofNat.{0} Int (nat_lit 1) (@instOfNat (nat_lit 1)))) :=
        fun (y : Int) (hy : @Membership.mem.{0, 0} Int (List.{0} Int) (@List.instMembership.{0} Int) xs y) =>
        h y
          (@of_eq_true
            (@Membership.mem.{0, 0} Int (List.{0} Int) (@List.instMembership.{0} Int) (@List.cons.{0} Int x xs) y)
            (@Eq.trans.{1} Prop
              (@Membership.mem.{0, 0} Int (List.{0} Int) (@List.instMembership.{0} Int) (@List.cons.{0} Int x xs) y)
              (Or (@Eq.{1} Int y x) (@Membership.mem.{0, 0} Int (List.{0} Int) (@List.instMembership.{0} Int) xs y))
              True (@List.mem_cons._simp_1.{0} Int x xs y)
              (@Eq.trans.{1} Prop
                (Or (@Eq.{1} Int y x) (@Membership.mem.{0, 0} Int (List.{0} Int) (@List.instMembership.{0} Int) xs y))
                (Or (@Eq.{1} Int y x) True) True
                (@congrArg.{1, 1} Prop Prop
                  (@Membership.mem.{0, 0} Int (List.{0} Int) (@List.instMembership.{0} Int) xs y) True
                  (Or (@Eq.{1} Int y x))
                  (@eq_true (@Membership.mem.{0, 0} Int (List.{0} Int) (@List.instMembership.{0} Int) xs y) hy))
                (or_true (@Eq.{1} Int y x)))));
      have hh :
        And
          (@LE.le.{0} Int Int.instLEInt (@OfNat.ofNat.{0} Int (nat_lit 0) (@instOfNat (nat_lit 0)))
            (@List.sum.{0} Int Int.instAdd (@Zero.ofOfNat0.{0} Int (@instOfNat (nat_lit 0))) xs))
          (@LE.le.{0} Int Int.instLEInt
            (@List.sum.{0} Int Int.instAdd (@Zero.ofOfNat0.{0} Int (@instOfNat (nat_lit 0))) xs)
            (@Nat.cast.{0} Int instNatCastInt (@List.length.{0} Int xs))) :=
        ih hs;
      @id.{0}
        (And
          (@LE.le.{0} Int Int.instLEInt (@OfNat.ofNat.{0} Int (nat_lit 0) (@instOfNat (nat_lit 0)))
            (@List.sum.{0} Int Int.instAdd (@Zero.ofOfNat0.{0} Int (@instOfNat (nat_lit 0))) (@List.cons.{0} Int x xs)))
          (@LE.le.{0} Int Int.instLEInt
            (@List.sum.{0} Int Int.instAdd (@Zero.ofOfNat0.{0} Int (@instOfNat (nat_lit 0))) (@List.cons.{0} Int x xs))
            (@Nat.cast.{0} Int instNatCastInt (@List.length.{0} Int (@List.cons.{0} Int x xs)))))
        (@Decidable.byContradiction
          (And
            (@LE.le.{0} Int Int.instLEInt (@OfNat.ofNat.{0} Int (nat_lit 0) (@instOfNat (nat_lit 0)))
              (@HAdd.hAdd.{0, 0, 0} Int Int Int (@instHAdd.{0} Int Int.instAdd) x
                (@List.sum.{0} Int Int.instAdd (@Zero.ofOfNat0.{0} Int (@instOfNat (nat_lit 0))) xs)))
            (@LE.le.{0} Int Int.instLEInt
              (@HAdd.hAdd.{0, 0, 0} Int Int Int (@instHAdd.{0} Int Int.instAdd) x
                (@List.sum.{0} Int Int.instAdd (@Zero.ofOfNat0.{0} Int (@instOfNat (nat_lit 0))) xs))
              (@Nat.cast.{0} Int instNatCastInt
                (@HAdd.hAdd.{0, 0, 0} Nat Nat Nat (@instHAdd.{0} Nat instAddNat) (@List.length.{0} Int xs)
                  (@OfNat.ofNat.{0} Nat (nat_lit 1) (instOfNatNat (nat_lit 1)))))))
          (@instDecidableAnd
            (@LE.le.{0} Int Int.instLEInt (@OfNat.ofNat.{0} Int (nat_lit 0) (@instOfNat (nat_lit 0)))
              (@HAdd.hAdd.{0, 0, 0} Int Int Int (@instHAdd.{0} Int Int.instAdd) x
                (@List.sum.{0} Int Int.instAdd (@Zero.ofOfNat0.{0} Int (@instOfNat (nat_lit 0))) xs)))
            (@LE.le.{0} Int Int.instLEInt
              (@HAdd.hAdd.{0, 0, 0} Int Int Int (@instHAdd.{0} Int Int.instAdd) x
                (@List.sum.{0} Int Int.instAdd (@Zero.ofOfNat0.{0} Int (@instOfNat (nat_lit 0))) xs))
              (@Nat.cast.{0} Int instNatCastInt
                (@HAdd.hAdd.{0, 0, 0} Nat Nat Nat (@instHAdd.{0} Nat instAddNat) (@List.length.{0} Int xs)
                  (@OfNat.ofNat.{0} Nat (nat_lit 1) (instOfNatNat (nat_lit 1))))))
            (Int.decLe (@OfNat.ofNat.{0} Int (nat_lit 0) (@instOfNat (nat_lit 0)))
              (@HAdd.hAdd.{0, 0, 0} Int Int Int (@instHAdd.{0} Int Int.instAdd) x
                (@List.sum.{0} Int Int.instAdd (@Zero.ofOfNat0.{0} Int (@instOfNat (nat_lit 0))) xs)))
            (Int.decLe
              (@HAdd.hAdd.{0, 0, 0} Int Int Int (@instHAdd.{0} Int Int.instAdd) x
                (@List.sum.{0} Int Int.instAdd (@Zero.ofOfNat0.{0} Int (@instOfNat (nat_lit 0))) xs))
              (@Nat.cast.{0} Int instNatCastInt
                (@HAdd.hAdd.{0, 0, 0} Nat Nat Nat (@instHAdd.{0} Nat instAddNat) (@List.length.{0} Int xs)
                  (@OfNat.ofNat.{0} Nat (nat_lit 1) (instOfNatNat (nat_lit 1)))))))
          fun
            (a :
              Not
                (And
                  (@LE.le.{0} Int Int.instLEInt (@OfNat.ofNat.{0} Int (nat_lit 0) (@instOfNat (nat_lit 0)))
                    (@HAdd.hAdd.{0, 0, 0} Int Int Int (@instHAdd.{0} Int Int.instAdd) x
                      (@List.sum.{0} Int Int.instAdd (@Zero.ofOfNat0.{0} Int (@instOfNat (nat_lit 0))) xs)))
                  (@LE.le.{0} Int Int.instLEInt
                    (@HAdd.hAdd.{0, 0, 0} Int Int Int (@instHAdd.{0} Int Int.instAdd) x
                      (@List.sum.{0} Int Int.instAdd (@Zero.ofOfNat0.{0} Int (@instOfNat (nat_lit 0))) xs))
                    (@Nat.cast.{0} Int instNatCastInt
                      (@HAdd.hAdd.{0, 0, 0} Nat Nat Nat (@instHAdd.{0} Nat instAddNat) (@List.length.{0} Int xs)
                        (@OfNat.ofNat.{0} Nat (nat_lit 1) (instOfNatNat (nat_lit 1)))))))) =>
          RetryIID.bounded_reach_sum._proof_1_1 x xs hx hh a))
    xs h
RetryIID.survival_product : ∀ (v : Nat → Nat) (C : Nat)
  (h0 :
    @LE.le.{0} Nat instLENat (@OfNat.ofNat.{0} Nat (nat_lit 1) (instOfNatNat (nat_lit 1)))
      (v (@OfNat.ofNat.{0} Nat (nat_lit 0) (instOfNatNat (nat_lit 0)))))
  (step :
    ∀ (n : Nat),
      @LE.le.{0} Nat instLENat (@HMul.hMul.{0, 0, 0} Nat Nat Nat (@instHMul.{0} Nat instMulNat) (v n) C)
        (v
          (@HAdd.hAdd.{0, 0, 0} Nat Nat Nat (@instHAdd.{0} Nat instAddNat) n
            (@OfNat.ofNat.{0} Nat (nat_lit 1) (instOfNatNat (nat_lit 1))))))
  (n : Nat),
  @LE.le.{0} Nat instLENat
    (@HPow.hPow.{0, 0, 0} Nat Nat Nat (@instHPow.{0, 0} Nat Nat (@instPowNat.{0} Nat instNatPowNat)) C n) (v n)
theorem RetryIID.survival_product : ∀ (v : Nat → Nat) (C : Nat)
  (h0 :
    @LE.le.{0} Nat instLENat (@OfNat.ofNat.{0} Nat (nat_lit 1) (instOfNatNat (nat_lit 1)))
      (v (@OfNat.ofNat.{0} Nat (nat_lit 0) (instOfNatNat (nat_lit 0)))))
  (step :
    ∀ (n : Nat),
      @LE.le.{0} Nat instLENat (@HMul.hMul.{0, 0, 0} Nat Nat Nat (@instHMul.{0} Nat instMulNat) (v n) C)
        (v
          (@HAdd.hAdd.{0, 0, 0} Nat Nat Nat (@instHAdd.{0} Nat instAddNat) n
            (@OfNat.ofNat.{0} Nat (nat_lit 1) (instOfNatNat (nat_lit 1))))))
  (n : Nat),
  @LE.le.{0} Nat instLENat
    (@HPow.hPow.{0, 0, 0} Nat Nat Nat (@instHPow.{0, 0} Nat Nat (@instPowNat.{0} Nat instNatPowNat)) C n) (v n) :=
fun (v : Nat → Nat) (C : Nat)
    (h0 :
      @LE.le.{0} Nat instLENat (@OfNat.ofNat.{0} Nat (nat_lit 1) (instOfNatNat (nat_lit 1)))
        (v (@OfNat.ofNat.{0} Nat (nat_lit 0) (instOfNatNat (nat_lit 0)))))
    (step :
      ∀ (n : Nat),
        @LE.le.{0} Nat instLENat (@HMul.hMul.{0, 0, 0} Nat Nat Nat (@instHMul.{0} Nat instMulNat) (v n) C)
          (v
            (@HAdd.hAdd.{0, 0, 0} Nat Nat Nat (@instHAdd.{0} Nat instAddNat) n
              (@OfNat.ofNat.{0} Nat (nat_lit 1) (instOfNatNat (nat_lit 1))))))
    (n : Nat) =>
  @Nat.recAux.{0}
    (fun (n : Nat) =>
      @LE.le.{0} Nat instLENat
        (@HPow.hPow.{0, 0, 0} Nat Nat Nat (@instHPow.{0, 0} Nat Nat (@instPowNat.{0} Nat instNatPowNat)) C n) (v n))
    (@id.{0}
      (@LE.le.{0} Nat instLENat
        (@HPow.hPow.{0, 0, 0} Nat Nat Nat (@instHPow.{0, 0} Nat Nat (@instPowNat.{0} Nat instNatPowNat)) C
          (@OfNat.ofNat.{0} Nat (nat_lit 0) (instOfNatNat (nat_lit 0))))
        (v (@OfNat.ofNat.{0} Nat (nat_lit 0) (instOfNatNat (nat_lit 0)))))
      h0)
    (fun (n : Nat)
        (ih :
          @LE.le.{0} Nat instLENat
            (@HPow.hPow.{0, 0, 0} Nat Nat Nat (@instHPow.{0, 0} Nat Nat (@instPowNat.{0} Nat instNatPowNat)) C n)
            (v n)) =>
      @Nat.le_trans
        (@HPow.hPow.{0, 0, 0} Nat Nat Nat (@instHPow.{0, 0} Nat Nat (@instPowNat.{0} Nat instNatPowNat)) C
          (@HAdd.hAdd.{0, 0, 0} Nat Nat Nat (@instHAdd.{0} Nat instAddNat) n
            (@OfNat.ofNat.{0} Nat (nat_lit 1) (instOfNatNat (nat_lit 1)))))
        (@HMul.hMul.{0, 0, 0} Nat Nat Nat (@instHMul.{0} Nat instMulNat) (v n) C)
        (v
          (@HAdd.hAdd.{0, 0, 0} Nat Nat Nat (@instHAdd.{0} Nat instAddNat) n
            (@OfNat.ofNat.{0} Nat (nat_lit 1) (instOfNatNat (nat_lit 1)))))
        (@id.{0}
          (@LE.le.{0} Nat instLENat
            (@HPow.hPow.{0, 0, 0} Nat Nat Nat (@instHPow.{0, 0} Nat Nat (@instPowNat.{0} Nat instNatPowNat)) C
              (@HAdd.hAdd.{0, 0, 0} Nat Nat Nat (@instHAdd.{0} Nat instAddNat) n
                (@OfNat.ofNat.{0} Nat (nat_lit 1) (instOfNatNat (nat_lit 1)))))
            (@HMul.hMul.{0, 0, 0} Nat Nat Nat (@instHMul.{0} Nat instMulNat) (v n) C))
          (@Nat.mul_le_mul_right
            (@HPow.hPow.{0, 0, 0} Nat Nat Nat (@instHPow.{0, 0} Nat Nat (@instPowNat.{0} Nat instNatPowNat)) C n) (v n)
            C ih))
        (step n))
    n
RetryIID.conjunction_not_conditioning : ∀ (joint success bound : Int) (h : @LE.le.{0} Int Int.instLEInt joint bound)
  (hs : @LE.le.{0} Int Int.instLEInt (@OfNat.ofNat.{0} Int (nat_lit 0) (@instOfNat (nat_lit 0))) success),
  @LE.le.{0} Int Int.instLEInt (@HMul.hMul.{0, 0, 0} Int Int Int (@instHMul.{0} Int Int.instMul) joint success)
    (@HMul.hMul.{0, 0, 0} Int Int Int (@instHMul.{0} Int Int.instMul) bound success)
theorem RetryIID.conjunction_not_conditioning : ∀ (joint success bound : Int)
  (h : @LE.le.{0} Int Int.instLEInt joint bound)
  (hs : @LE.le.{0} Int Int.instLEInt (@OfNat.ofNat.{0} Int (nat_lit 0) (@instOfNat (nat_lit 0))) success),
  @LE.le.{0} Int Int.instLEInt (@HMul.hMul.{0, 0, 0} Int Int Int (@instHMul.{0} Int Int.instMul) joint success)
    (@HMul.hMul.{0, 0, 0} Int Int Int (@instHMul.{0} Int Int.instMul) bound success) :=
fun (joint success bound : Int) (h : @LE.le.{0} Int Int.instLEInt joint bound)
    (hs : @LE.le.{0} Int Int.instLEInt (@OfNat.ofNat.{0} Int (nat_lit 0) (@instOfNat (nat_lit 0))) success) =>
  @Int.mul_le_mul_of_nonneg_right joint bound success h hs
RetryIID.sum_cap_proposals : And
  (@Eq.{1} Nat
    (@HMul.hMul.{0, 0, 0} Nat Nat Nat (@instHMul.{0} Nat instMulNat)
      (@OfNat.ofNat.{0} Nat (nat_lit 16) (instOfNatNat (nat_lit 16)))
      (@OfNat.ofNat.{0} Nat (nat_lit 24576) (instOfNatNat (nat_lit 24576))))
    (@OfNat.ofNat.{0} Nat (nat_lit 393216) (instOfNatNat (nat_lit 393216))))
  (@Eq.{1} Nat
    (@HMul.hMul.{0, 0, 0} Nat Nat Nat (@instHMul.{0} Nat instMulNat)
      (@OfNat.ofNat.{0} Nat (nat_lit 16) (instOfNatNat (nat_lit 16)))
      (@OfNat.ofNat.{0} Nat (nat_lit 49152) (instOfNatNat (nat_lit 49152))))
    (@OfNat.ofNat.{0} Nat (nat_lit 786432) (instOfNatNat (nat_lit 786432))))
theorem RetryIID.sum_cap_proposals : And
  (@Eq.{1} Nat
    (@HMul.hMul.{0, 0, 0} Nat Nat Nat (@instHMul.{0} Nat instMulNat)
      (@OfNat.ofNat.{0} Nat (nat_lit 16) (instOfNatNat (nat_lit 16)))
      (@OfNat.ofNat.{0} Nat (nat_lit 24576) (instOfNatNat (nat_lit 24576))))
    (@OfNat.ofNat.{0} Nat (nat_lit 393216) (instOfNatNat (nat_lit 393216))))
  (@Eq.{1} Nat
    (@HMul.hMul.{0, 0, 0} Nat Nat Nat (@instHMul.{0} Nat instMulNat)
      (@OfNat.ofNat.{0} Nat (nat_lit 16) (instOfNatNat (nat_lit 16)))
      (@OfNat.ofNat.{0} Nat (nat_lit 49152) (instOfNatNat (nat_lit 49152))))
    (@OfNat.ofNat.{0} Nat (nat_lit 786432) (instOfNatNat (nat_lit 786432)))) :=
@of_decide_eq_true
  (And
    (@Eq.{1} Nat
      (@HMul.hMul.{0, 0, 0} Nat Nat Nat (@instHMul.{0} Nat instMulNat)
        (@OfNat.ofNat.{0} Nat (nat_lit 16) (instOfNatNat (nat_lit 16)))
        (@OfNat.ofNat.{0} Nat (nat_lit 24576) (instOfNatNat (nat_lit 24576))))
      (@OfNat.ofNat.{0} Nat (nat_lit 393216) (instOfNatNat (nat_lit 393216))))
    (@Eq.{1} Nat
      (@HMul.hMul.{0, 0, 0} Nat Nat Nat (@instHMul.{0} Nat instMulNat)
        (@OfNat.ofNat.{0} Nat (nat_lit 16) (instOfNatNat (nat_lit 16)))
        (@OfNat.ofNat.{0} Nat (nat_lit 49152) (instOfNatNat (nat_lit 49152))))
      (@OfNat.ofNat.{0} Nat (nat_lit 786432) (instOfNatNat (nat_lit 786432)))))
  (@instDecidableAnd
    (@Eq.{1} Nat
      (@HMul.hMul.{0, 0, 0} Nat Nat Nat (@instHMul.{0} Nat instMulNat)
        (@OfNat.ofNat.{0} Nat (nat_lit 16) (instOfNatNat (nat_lit 16)))
        (@OfNat.ofNat.{0} Nat (nat_lit 24576) (instOfNatNat (nat_lit 24576))))
      (@OfNat.ofNat.{0} Nat (nat_lit 393216) (instOfNatNat (nat_lit 393216))))
    (@Eq.{1} Nat
      (@HMul.hMul.{0, 0, 0} Nat Nat Nat (@instHMul.{0} Nat instMulNat)
        (@OfNat.ofNat.{0} Nat (nat_lit 16) (instOfNatNat (nat_lit 16)))
        (@OfNat.ofNat.{0} Nat (nat_lit 49152) (instOfNatNat (nat_lit 49152))))
      (@OfNat.ofNat.{0} Nat (nat_lit 786432) (instOfNatNat (nat_lit 786432))))
    (instDecidableEqNat
      (@HMul.hMul.{0, 0, 0} Nat Nat Nat (@instHMul.{0} Nat instMulNat)
        (@OfNat.ofNat.{0} Nat (nat_lit 16) (instOfNatNat (nat_lit 16)))
        (@OfNat.ofNat.{0} Nat (nat_lit 24576) (instOfNatNat (nat_lit 24576))))
      (@OfNat.ofNat.{0} Nat (nat_lit 393216) (instOfNatNat (nat_lit 393216))))
    (instDecidableEqNat
      (@HMul.hMul.{0, 0, 0} Nat Nat Nat (@instHMul.{0} Nat instMulNat)
        (@OfNat.ofNat.{0} Nat (nat_lit 16) (instOfNatNat (nat_lit 16)))
        (@OfNat.ofNat.{0} Nat (nat_lit 49152) (instOfNatNat (nat_lit 49152))))
      (@OfNat.ofNat.{0} Nat (nat_lit 786432) (instOfNatNat (nat_lit 786432)))))
  (@id.{0}
    (@Eq.{1} Bool
      (@Decidable.decide
        (And
          (@Eq.{1} Nat
            (@HMul.hMul.{0, 0, 0} Nat Nat Nat (@instHMul.{0} Nat instMulNat)
              (@OfNat.ofNat.{0} Nat (nat_lit 16) (instOfNatNat (nat_lit 16)))
              (@OfNat.ofNat.{0} Nat (nat_lit 24576) (instOfNatNat (nat_lit 24576))))
            (@OfNat.ofNat.{0} Nat (nat_lit 393216) (instOfNatNat (nat_lit 393216))))
          (@Eq.{1} Nat
            (@HMul.hMul.{0, 0, 0} Nat Nat Nat (@instHMul.{0} Nat instMulNat)
              (@OfNat.ofNat.{0} Nat (nat_lit 16) (instOfNatNat (nat_lit 16)))
              (@OfNat.ofNat.{0} Nat (nat_lit 49152) (instOfNatNat (nat_lit 49152))))
            (@OfNat.ofNat.{0} Nat (nat_lit 786432) (instOfNatNat (nat_lit 786432)))))
        (@instDecidableAnd
          (@Eq.{1} Nat
            (@HMul.hMul.{0, 0, 0} Nat Nat Nat (@instHMul.{0} Nat instMulNat)
              (@OfNat.ofNat.{0} Nat (nat_lit 16) (instOfNatNat (nat_lit 16)))
              (@OfNat.ofNat.{0} Nat (nat_lit 24576) (instOfNatNat (nat_lit 24576))))
            (@OfNat.ofNat.{0} Nat (nat_lit 393216) (instOfNatNat (nat_lit 393216))))
          (@Eq.{1} Nat
            (@HMul.hMul.{0, 0, 0} Nat Nat Nat (@instHMul.{0} Nat instMulNat)
              (@OfNat.ofNat.{0} Nat (nat_lit 16) (instOfNatNat (nat_lit 16)))
              (@OfNat.ofNat.{0} Nat (nat_lit 49152) (instOfNatNat (nat_lit 49152))))
            (@OfNat.ofNat.{0} Nat (nat_lit 786432) (instOfNatNat (nat_lit 786432))))
          (instDecidableEqNat
            (@HMul.hMul.{0, 0, 0} Nat Nat Nat (@instHMul.{0} Nat instMulNat)
              (@OfNat.ofNat.{0} Nat (nat_lit 16) (instOfNatNat (nat_lit 16)))
              (@OfNat.ofNat.{0} Nat (nat_lit 24576) (instOfNatNat (nat_lit 24576))))
            (@OfNat.ofNat.{0} Nat (nat_lit 393216) (instOfNatNat (nat_lit 393216))))
          (instDecidableEqNat
            (@HMul.hMul.{0, 0, 0} Nat Nat Nat (@instHMul.{0} Nat instMulNat)
              (@OfNat.ofNat.{0} Nat (nat_lit 16) (instOfNatNat (nat_lit 16)))
              (@OfNat.ofNat.{0} Nat (nat_lit 49152) (instOfNatNat (nat_lit 49152))))
            (@OfNat.ofNat.{0} Nat (nat_lit 786432) (instOfNatNat (nat_lit 786432))))))
      Bool.true)
    (@Eq.refl.{1} Bool Bool.true))
@RetryIID.checked_good : ∀ {A : Type} (out : A),
  @Eq.{1} (Sum.{0, 0} Unit A) (@RetryIID.checked A Bool.false out) (@Sum.inr.{0, 0} Unit A out)
theorem RetryIID.checked_good : ∀ {A : Type} (out : A),
  @Eq.{1} (Sum.{0, 0} Unit A) (@RetryIID.checked A Bool.false out) (@Sum.inr.{0, 0} Unit A out) :=
fun {A : Type} (out : A) => @Eq.refl.{1} (Sum.{0, 0} Unit A) (@RetryIID.checked A Bool.false out)
@RetryIID.checked_bad : ∀ {A : Type} (out : A),
  @Eq.{1} (Sum.{0, 0} Unit A) (@RetryIID.checked A Bool.true out) (@Sum.inl.{0, 0} Unit A Unit.unit)
theorem RetryIID.checked_bad : ∀ {A : Type} (out : A),
  @Eq.{1} (Sum.{0, 0} Unit A) (@RetryIID.checked A Bool.true out) (@Sum.inl.{0, 0} Unit A Unit.unit) :=
fun {A : Type} (out : A) => @Eq.refl.{1} (Sum.{0, 0} Unit A) (@RetryIID.checked A Bool.true out)
@RetryIID.equal_iff_good : ∀ {A : Type} (bad : Bool) (out : A),
  Iff (@Eq.{1} (Sum.{0, 0} Unit A) (@RetryIID.checked A bad out) (@Sum.inr.{0, 0} Unit A out))
    (@Eq.{1} Bool bad Bool.false)
theorem RetryIID.equal_iff_good : ∀ {A : Type} (bad : Bool) (out : A),
  Iff (@Eq.{1} (Sum.{0, 0} Unit A) (@RetryIID.checked A bad out) (@Sum.inr.{0, 0} Unit A out))
    (@Eq.{1} Bool bad Bool.false) :=
fun {A : Type} (bad : Bool) (out : A) =>
  @Bool.casesOn.{0}
    (fun (t : Bool) =>
      ∀ (h : @Eq.{1} Bool bad t),
        Iff (@Eq.{1} (Sum.{0, 0} Unit A) (@RetryIID.checked A bad out) (@Sum.inr.{0, 0} Unit A out))
          (@Eq.{1} Bool bad Bool.false))
    bad
    (fun (h : @Eq.{1} Bool bad Bool.false) =>
      @Eq.ndrec.{0, 1} Bool Bool.false
        (fun (bad : Bool) =>
          Iff (@Eq.{1} (Sum.{0, 0} Unit A) (@RetryIID.checked A bad out) (@Sum.inr.{0, 0} Unit A out))
            (@Eq.{1} Bool bad Bool.false))
        (@of_eq_true
          (Iff (@Eq.{1} (Sum.{0, 0} Unit A) (@RetryIID.checked A Bool.false out) (@Sum.inr.{0, 0} Unit A out))
            (@Eq.{1} Bool Bool.false Bool.false))
          (@Eq.trans.{1} Prop
            (Iff (@Eq.{1} (Sum.{0, 0} Unit A) (@RetryIID.checked A Bool.false out) (@Sum.inr.{0, 0} Unit A out))
              (@Eq.{1} Bool Bool.false Bool.false))
            (Iff True True) True
            (@congr.{1, 1} Prop Prop
              (Iff (@Eq.{1} (Sum.{0, 0} Unit A) (@RetryIID.checked A Bool.false out) (@Sum.inr.{0, 0} Unit A out)))
              (Iff True) (@Eq.{1} Bool Bool.false Bool.false) True
              (@congrArg.{1, 1} Prop ((b : Prop) → Prop)
                (@Eq.{1} (Sum.{0, 0} Unit A) (@RetryIID.checked A Bool.false out) (@Sum.inr.{0, 0} Unit A out)) True Iff
                (@Eq.trans.{1} Prop
                  (@Eq.{1} (Sum.{0, 0} Unit A) (@RetryIID.checked A Bool.false out) (@Sum.inr.{0, 0} Unit A out))
                  (@Eq.{1} (Sum.{0, 0} Unit A) (@Sum.inr.{0, 0} Unit A out) (@Sum.inr.{0, 0} Unit A out)) True
                  (@congrFun'.{1, 1} (Sum.{0, 0} Unit A) Prop
                    (@Eq.{1} (Sum.{0, 0} Unit A) (@RetryIID.checked A Bool.false out))
                    (@Eq.{1} (Sum.{0, 0} Unit A) (@Sum.inr.{0, 0} Unit A out))
                    (@congrArg.{1, 1} (Sum.{0, 0} Unit A) (Sum.{0, 0} Unit A → Prop)
                      (@RetryIID.checked A Bool.false out) (@Sum.inr.{0, 0} Unit A out) (@Eq.{1} (Sum.{0, 0} Unit A))
                      (@ite_eq_right_of_eq_false.{1} (Sum.{0, 0} Unit A) (@Eq.{1} Bool Bool.false Bool.true)
                        (instDecidableEqBool Bool.false Bool.true) (@Sum.inl.{0, 0} Unit A Unit.unit)
                        (@Sum.inr.{0, 0} Unit A out) Bool.false_eq_true))
                    (@Sum.inr.{0, 0} Unit A out))
                  (@eq_self.{1} (Sum.{0, 0} Unit A) (@Sum.inr.{0, 0} Unit A out))))
              (@eq_self.{1} Bool Bool.false))
            (iff_self True)))
        bad (@Eq.symm.{1} Bool bad Bool.false h))
    (fun (h : @Eq.{1} Bool bad Bool.true) =>
      @Eq.ndrec.{0, 1} Bool Bool.true
        (fun (bad : Bool) =>
          Iff (@Eq.{1} (Sum.{0, 0} Unit A) (@RetryIID.checked A bad out) (@Sum.inr.{0, 0} Unit A out))
            (@Eq.{1} Bool bad Bool.false))
        (@of_eq_true
          (Iff (@Eq.{1} (Sum.{0, 0} Unit A) (@RetryIID.checked A Bool.true out) (@Sum.inr.{0, 0} Unit A out))
            (@Eq.{1} Bool Bool.true Bool.false))
          (@Eq.trans.{1} Prop
            (Iff (@Eq.{1} (Sum.{0, 0} Unit A) (@RetryIID.checked A Bool.true out) (@Sum.inr.{0, 0} Unit A out))
              (@Eq.{1} Bool Bool.true Bool.false))
            (Iff False False) True
            (@congr.{1, 1} Prop Prop
              (Iff (@Eq.{1} (Sum.{0, 0} Unit A) (@RetryIID.checked A Bool.true out) (@Sum.inr.{0, 0} Unit A out)))
              (Iff False) (@Eq.{1} Bool Bool.true Bool.false) False
              (@congrArg.{1, 1} Prop ((b : Prop) → Prop)
                (@Eq.{1} (Sum.{0, 0} Unit A) (@RetryIID.checked A Bool.true out) (@Sum.inr.{0, 0} Unit A out)) False Iff
                (@Eq.trans.{1} Prop
                  (@Eq.{1} (Sum.{0, 0} Unit A) (@RetryIID.checked A Bool.true out) (@Sum.inr.{0, 0} Unit A out))
                  (@Eq.{1} (Sum.{0, 0} Unit A) (@Sum.inl.{0, 0} Unit A Unit.unit) (@Sum.inr.{0, 0} Unit A out)) False
                  (@congrFun'.{1, 1} (Sum.{0, 0} Unit A) Prop
                    (@Eq.{1} (Sum.{0, 0} Unit A) (@RetryIID.checked A Bool.true out))
                    (@Eq.{1} (Sum.{0, 0} Unit A) (@Sum.inl.{0, 0} Unit A Unit.unit))
                    (@congrArg.{1, 1} (Sum.{0, 0} Unit A) (Sum.{0, 0} Unit A → Prop) (@RetryIID.checked A Bool.true out)
                      (@Sum.inl.{0, 0} Unit A Unit.unit) (@Eq.{1} (Sum.{0, 0} Unit A))
                      (@ite_eq_left_of_eq_true.{1} (Sum.{0, 0} Unit A) (@Eq.{1} Bool Bool.true Bool.true)
                        (instDecidableEqBool Bool.true Bool.true) (@Sum.inl.{0, 0} Unit A Unit.unit)
                        (@Sum.inr.{0, 0} Unit A out) (@eq_self.{1} Bool Bool.true)))
                    (@Sum.inr.{0, 0} Unit A out))
                  (@eq_false'
                    (@Eq.{1} (Sum.{0, 0} Unit A) (@Sum.inl.{0, 0} Unit A Unit.unit) (@Sum.inr.{0, 0} Unit A out))
                    fun
                      (h :
                        @Eq.{1} (Sum.{0, 0} Unit A) (@Sum.inl.{0, 0} Unit A Unit.unit) (@Sum.inr.{0, 0} Unit A out)) =>
                    @False.elim.{0} False
                      (@noConfusion_of_Nat.{1} (Sum.{0, 0} Unit A) (@Sum.ctorIdx.{0, 0} Unit A)
                        (@Sum.inl.{0, 0} Unit A Unit.unit) (@Sum.inr.{0, 0} Unit A out) h))))
              Bool.true_eq_false)
            (iff_self False)))
        bad (@Eq.symm.{1} Bool bad Bool.true h))
    (@Eq.refl.{1} Bool bad)
RetryIID.preservation_before_norm : ∀
  (a b : Fin (@OfNat.ofNat.{0} Nat (nat_lit 1536) (instOfNatNat (nat_lit 1536))) → Int) (h : Postprocess.Safe16 a b),
  And
    (@Eq.{1} ((i : Fin (@OfNat.ofNat.{0} Nat (nat_lit 1536) (instOfNatNat (nat_lit 1536)))) → Int)
      (fun (i : Fin (@OfNat.ofNat.{0} Nat (nat_lit 1536) (instOfNatNat (nat_lit 1536)))) => Postprocess.narrow16 (a i))
      a)
    (@Eq.{1} ((i : Fin (@OfNat.ofNat.{0} Nat (nat_lit 1536) (instOfNatNat (nat_lit 1536)))) → Int)
      (fun (i : Fin (@OfNat.ofNat.{0} Nat (nat_lit 1536) (instOfNatNat (nat_lit 1536)))) => Postprocess.narrow16 (b i))
      b)
theorem RetryIID.preservation_before_norm : ∀
  (a b : Fin (@OfNat.ofNat.{0} Nat (nat_lit 1536) (instOfNatNat (nat_lit 1536))) → Int) (h : Postprocess.Safe16 a b),
  And
    (@Eq.{1} ((i : Fin (@OfNat.ofNat.{0} Nat (nat_lit 1536) (instOfNatNat (nat_lit 1536)))) → Int)
      (fun (i : Fin (@OfNat.ofNat.{0} Nat (nat_lit 1536) (instOfNatNat (nat_lit 1536)))) => Postprocess.narrow16 (a i))
      a)
    (@Eq.{1} ((i : Fin (@OfNat.ofNat.{0} Nat (nat_lit 1536) (instOfNatNat (nat_lit 1536)))) → Int)
      (fun (i : Fin (@OfNat.ofNat.{0} Nat (nat_lit 1536) (instOfNatNat (nat_lit 1536)))) => Postprocess.narrow16 (b i))
      b) :=
fun (a b : Fin (@OfNat.ofNat.{0} Nat (nat_lit 1536) (instOfNatNat (nat_lit 1536))) → Int)
    (h : Postprocess.Safe16 a b) =>
  @And.intro
    (@Eq.{1} ((i : Fin (@OfNat.ofNat.{0} Nat (nat_lit 1536) (instOfNatNat (nat_lit 1536)))) → Int)
      (fun (i : Fin (@OfNat.ofNat.{0} Nat (nat_lit 1536) (instOfNatNat (nat_lit 1536)))) => Postprocess.narrow16 (a i))
      a)
    (@Eq.{1} ((i : Fin (@OfNat.ofNat.{0} Nat (nat_lit 1536) (instOfNatNat (nat_lit 1536)))) → Int)
      (fun (i : Fin (@OfNat.ofNat.{0} Nat (nat_lit 1536) (instOfNatNat (nat_lit 1536)))) => Postprocess.narrow16 (b i))
      b)
    (@funext.{1, 1} (Fin (@OfNat.ofNat.{0} Nat (nat_lit 1536) (instOfNatNat (nat_lit 1536))))
      (fun (x : Fin (@OfNat.ofNat.{0} Nat (nat_lit 1536) (instOfNatNat (nat_lit 1536)))) => Int)
      (fun (i : Fin (@OfNat.ofNat.{0} Nat (nat_lit 1536) (instOfNatNat (nat_lit 1536)))) => Postprocess.narrow16 (a i))
      a fun (i : Fin (@OfNat.ofNat.{0} Nat (nat_lit 1536) (instOfNatNat (nat_lit 1536)))) =>
      @Iff.mpr (@Eq.{1} Int (Postprocess.narrow16 (a i)) (a i))
        (And
          (@LE.le.{0} Int Int.instLEInt
            (@Neg.neg.{0} Int Int.instNegInt (@OfNat.ofNat.{0} Int (nat_lit 32768) (@instOfNat (nat_lit 32768)))) (a i))
          (@LE.le.{0} Int Int.instLEInt (a i) (@OfNat.ofNat.{0} Int (nat_lit 32767) (@instOfNat (nat_lit 32767)))))
        (Postprocess.narrow_preserves_iff (a i))
        (@And.left
          (And
            (@LE.le.{0} Int Int.instLEInt
              (@Neg.neg.{0} Int Int.instNegInt (@OfNat.ofNat.{0} Int (nat_lit 32768) (@instOfNat (nat_lit 32768))))
              (a i))
            (@LE.le.{0} Int Int.instLEInt (a i) (@OfNat.ofNat.{0} Int (nat_lit 32767) (@instOfNat (nat_lit 32767)))))
          (And
            (@LE.le.{0} Int Int.instLEInt
              (@Neg.neg.{0} Int Int.instNegInt (@OfNat.ofNat.{0} Int (nat_lit 32768) (@instOfNat (nat_lit 32768))))
              (b i))
            (@LE.le.{0} Int Int.instLEInt (b i) (@OfNat.ofNat.{0} Int (nat_lit 32767) (@instOfNat (nat_lit 32767)))))
          (h i)))
    (@funext.{1, 1} (Fin (@OfNat.ofNat.{0} Nat (nat_lit 1536) (instOfNatNat (nat_lit 1536))))
      (fun (x : Fin (@OfNat.ofNat.{0} Nat (nat_lit 1536) (instOfNatNat (nat_lit 1536)))) => Int)
      (fun (i : Fin (@OfNat.ofNat.{0} Nat (nat_lit 1536) (instOfNatNat (nat_lit 1536)))) => Postprocess.narrow16 (b i))
      b fun (i : Fin (@OfNat.ofNat.{0} Nat (nat_lit 1536) (instOfNatNat (nat_lit 1536)))) =>
      @Iff.mpr (@Eq.{1} Int (Postprocess.narrow16 (b i)) (b i))
        (And
          (@LE.le.{0} Int Int.instLEInt
            (@Neg.neg.{0} Int Int.instNegInt (@OfNat.ofNat.{0} Int (nat_lit 32768) (@instOfNat (nat_lit 32768)))) (b i))
          (@LE.le.{0} Int Int.instLEInt (b i) (@OfNat.ofNat.{0} Int (nat_lit 32767) (@instOfNat (nat_lit 32767)))))
        (Postprocess.narrow_preserves_iff (b i))
        (@And.right
          (And
            (@LE.le.{0} Int Int.instLEInt
              (@Neg.neg.{0} Int Int.instNegInt (@OfNat.ofNat.{0} Int (nat_lit 32768) (@instOfNat (nat_lit 32768))))
              (a i))
            (@LE.le.{0} Int Int.instLEInt (a i) (@OfNat.ofNat.{0} Int (nat_lit 32767) (@instOfNat (nat_lit 32767)))))
          (And
            (@LE.le.{0} Int Int.instLEInt
              (@Neg.neg.{0} Int Int.instNegInt (@OfNat.ofNat.{0} Int (nat_lit 32768) (@instOfNat (nat_lit 32768))))
              (b i))
            (@LE.le.{0} Int Int.instLEInt (b i) (@OfNat.ofNat.{0} Int (nat_lit 32767) (@instOfNat (nat_lit 32767)))))
          (h i)))
RetryIID.stored_wide_norm_agrees : ∀
  (a b : Fin (@OfNat.ofNat.{0} Nat (nat_lit 1536) (instOfNatNat (nat_lit 1536))) → Int) (h : Postprocess.Safe16 a b),
  @Eq.{1} Bool
    (FT1536Bridge.isShort
      (fun (i : Fin (@OfNat.ofNat.{0} Nat (nat_lit 1536) (instOfNatNat (nat_lit 1536)))) => Postprocess.narrow16 (a i))
      fun (i : Fin (@OfNat.ofNat.{0} Nat (nat_lit 1536) (instOfNatNat (nat_lit 1536)))) => Postprocess.narrow16 (b i))
    (FT1536Bridge.isShort a b)
theorem RetryIID.stored_wide_norm_agrees : ∀
  (a b : Fin (@OfNat.ofNat.{0} Nat (nat_lit 1536) (instOfNatNat (nat_lit 1536))) → Int) (h : Postprocess.Safe16 a b),
  @Eq.{1} Bool
    (FT1536Bridge.isShort
      (fun (i : Fin (@OfNat.ofNat.{0} Nat (nat_lit 1536) (instOfNatNat (nat_lit 1536)))) => Postprocess.narrow16 (a i))
      fun (i : Fin (@OfNat.ofNat.{0} Nat (nat_lit 1536) (instOfNatNat (nat_lit 1536)))) => Postprocess.narrow16 (b i))
    (FT1536Bridge.isShort a b) :=
fun (a b : Fin (@OfNat.ofNat.{0} Nat (nat_lit 1536) (instOfNatNat (nat_lit 1536))) → Int)
    (h : Postprocess.Safe16 a b) =>
  @And.casesOn.{0}
    (@Eq.{1} ((i : Fin (@OfNat.ofNat.{0} Nat (nat_lit 1536) (instOfNatNat (nat_lit 1536)))) → Int)
      (fun (i : Fin (@OfNat.ofNat.{0} Nat (nat_lit 1536) (instOfNatNat (nat_lit 1536)))) => Postprocess.narrow16 (a i))
      a)
    (@Eq.{1} ((i : Fin (@OfNat.ofNat.{0} Nat (nat_lit 1536) (instOfNatNat (nat_lit 1536)))) → Int)
      (fun (i : Fin (@OfNat.ofNat.{0} Nat (nat_lit 1536) (instOfNatNat (nat_lit 1536)))) => Postprocess.narrow16 (b i))
      b)
    (fun
        (x :
          And
            (@Eq.{1} ((i : Fin (@OfNat.ofNat.{0} Nat (nat_lit 1536) (instOfNatNat (nat_lit 1536)))) → Int)
              (fun (i : Fin (@OfNat.ofNat.{0} Nat (nat_lit 1536) (instOfNatNat (nat_lit 1536)))) =>
                Postprocess.narrow16 (a i))
              a)
            (@Eq.{1} ((i : Fin (@OfNat.ofNat.{0} Nat (nat_lit 1536) (instOfNatNat (nat_lit 1536)))) → Int)
              (fun (i : Fin (@OfNat.ofNat.{0} Nat (nat_lit 1536) (instOfNatNat (nat_lit 1536)))) =>
                Postprocess.narrow16 (b i))
              b)) =>
      @Eq.{1} Bool
        (FT1536Bridge.isShort
          (fun (i : Fin (@OfNat.ofNat.{0} Nat (nat_lit 1536) (instOfNatNat (nat_lit 1536)))) =>
            Postprocess.narrow16 (a i))
          fun (i : Fin (@OfNat.ofNat.{0} Nat (nat_lit 1536) (instOfNatNat (nat_lit 1536)))) =>
          Postprocess.narrow16 (b i))
        (FT1536Bridge.isShort a b))
    (RetryIID.preservation_before_norm a b h)
    fun
      (h1 :
        @Eq.{1} ((i : Fin (@OfNat.ofNat.{0} Nat (nat_lit 1536) (instOfNatNat (nat_lit 1536)))) → Int)
          (fun (i : Fin (@OfNat.ofNat.{0} Nat (nat_lit 1536) (instOfNatNat (nat_lit 1536)))) =>
            Postprocess.narrow16 (a i))
          a)
      (h2 :
        @Eq.{1} ((i : Fin (@OfNat.ofNat.{0} Nat (nat_lit 1536) (instOfNatNat (nat_lit 1536)))) → Int)
          (fun (i : Fin (@OfNat.ofNat.{0} Nat (nat_lit 1536) (instOfNatNat (nat_lit 1536)))) =>
            Postprocess.narrow16 (b i))
          b) =>
    @Eq.mpr.{0}
      (@Eq.{1} Bool
        (FT1536Bridge.isShort
          (fun (i : Fin (@OfNat.ofNat.{0} Nat (nat_lit 1536) (instOfNatNat (nat_lit 1536)))) =>
            Postprocess.narrow16 (a i))
          fun (i : Fin (@OfNat.ofNat.{0} Nat (nat_lit 1536) (instOfNatNat (nat_lit 1536)))) =>
          Postprocess.narrow16 (b i))
        (FT1536Bridge.isShort a b))
      (@Eq.{1} Bool
        (FT1536Bridge.isShort a fun (i : Fin (@OfNat.ofNat.{0} Nat (nat_lit 1536) (instOfNatNat (nat_lit 1536)))) =>
          Postprocess.narrow16 (b i))
        (FT1536Bridge.isShort a b))
      (@id.{0}
        (@Eq.{1} Prop
          (@Eq.{1} Bool
            (FT1536Bridge.isShort
              (fun (i : Fin (@OfNat.ofNat.{0} Nat (nat_lit 1536) (instOfNatNat (nat_lit 1536)))) =>
                Postprocess.narrow16 (a i))
              fun (i : Fin (@OfNat.ofNat.{0} Nat (nat_lit 1536) (instOfNatNat (nat_lit 1536)))) =>
              Postprocess.narrow16 (b i))
            (FT1536Bridge.isShort a b))
          (@Eq.{1} Bool
            (FT1536Bridge.isShort a fun (i : Fin (@OfNat.ofNat.{0} Nat (nat_lit 1536) (instOfNatNat (nat_lit 1536)))) =>
              Postprocess.narrow16 (b i))
            (FT1536Bridge.isShort a b)))
        (@congrArg.{1, 1} ((i : Fin (@OfNat.ofNat.{0} Nat (nat_lit 1536) (instOfNatNat (nat_lit 1536)))) → Int) Prop
          (fun (i : Fin (@OfNat.ofNat.{0} Nat (nat_lit 1536) (instOfNatNat (nat_lit 1536)))) =>
            Postprocess.narrow16 (a i))
          a
          (fun (_a : (i : Fin (@OfNat.ofNat.{0} Nat (nat_lit 1536) (instOfNatNat (nat_lit 1536)))) → Int) =>
            @Eq.{1} Bool
              (FT1536Bridge.isShort _a
                fun (i : Fin (@OfNat.ofNat.{0} Nat (nat_lit 1536) (instOfNatNat (nat_lit 1536)))) =>
                Postprocess.narrow16 (b i))
              (FT1536Bridge.isShort a b))
          h1))
      (@Eq.mpr.{0}
        (@Eq.{1} Bool
          (FT1536Bridge.isShort a fun (i : Fin (@OfNat.ofNat.{0} Nat (nat_lit 1536) (instOfNatNat (nat_lit 1536)))) =>
            Postprocess.narrow16 (b i))
          (FT1536Bridge.isShort a b))
        (@Eq.{1} Bool (FT1536Bridge.isShort a b) (FT1536Bridge.isShort a b))
        (@id.{0}
          (@Eq.{1} Prop
            (@Eq.{1} Bool
              (FT1536Bridge.isShort a
                fun (i : Fin (@OfNat.ofNat.{0} Nat (nat_lit 1536) (instOfNatNat (nat_lit 1536)))) =>
                Postprocess.narrow16 (b i))
              (FT1536Bridge.isShort a b))
            (@Eq.{1} Bool (FT1536Bridge.isShort a b) (FT1536Bridge.isShort a b)))
          (@congrArg.{1, 1} ((i : Fin (@OfNat.ofNat.{0} Nat (nat_lit 1536) (instOfNatNat (nat_lit 1536)))) → Int) Prop
            (fun (i : Fin (@OfNat.ofNat.{0} Nat (nat_lit 1536) (instOfNatNat (nat_lit 1536)))) =>
              Postprocess.narrow16 (b i))
            b
            (fun (_a : (i : Fin (@OfNat.ofNat.{0} Nat (nat_lit 1536) (instOfNatNat (nat_lit 1536)))) → Int) =>
              @Eq.{1} Bool (FT1536Bridge.isShort a _a) (FT1536Bridge.isShort a b))
            h2))
        (@Eq.refl.{1} Bool (FT1536Bridge.isShort a b)))
@RetryIID.public_map_preserves_agreement : ∀ {A B : Type} (observe : A → B) (x y : A) (h : @Eq.{1} A x y),
  @Eq.{1} B (observe x) (observe y)
theorem RetryIID.public_map_preserves_agreement : ∀ {A B : Type} (observe : A → B) (x y : A) (h : @Eq.{1} A x y),
  @Eq.{1} B (observe x) (observe y) :=
fun {A B : Type} (observe : A → B) (x y : A) (h : @Eq.{1} A x y) =>
  @Eq.mpr.{0} (@Eq.{1} B (observe x) (observe y)) (@Eq.{1} B (observe y) (observe y))
    (@id.{0} (@Eq.{1} Prop (@Eq.{1} B (observe x) (observe y)) (@Eq.{1} B (observe y) (observe y)))
      (@congrArg.{1, 1} A Prop x y (fun (_a : A) => @Eq.{1} B (observe _a) (observe y)) h))
    (@Eq.refl.{1} B (observe y))
RetryIID.chunk_generated : ∀ (c : RetryIID.Chunk) (h : RetryIID.Chunk.Valid c),
  @Eq.{1} Nat
    (@HMul.hMul.{0, 0, 0} Nat Nat Nat (@instHMul.{0} Nat instMulNat)
      (@OfNat.ofNat.{0} Nat (nat_lit 4096) (instOfNatNat (nat_lit 4096)))
      (@HAdd.hAdd.{0, 0, 0} Nat Nat Nat (@instHAdd.{0} Nat instAddNat)
        (@OfNat.ofNat.{0} Nat (nat_lit 1) (instOfNatNat (nat_lit 1))) (RetryIID.Chunk.extra c)))
    (@HAdd.hAdd.{0, 0, 0} Nat Nat Nat (@instHAdd.{0} Nat instAddNat)
      (@HAdd.hAdd.{0, 0, 0} Nat Nat Nat (@instHAdd.{0} Nat instAddNat)
        (@HMul.hMul.{0, 0, 0} Nat Nat Nat (@instHMul.{0} Nat instMulNat)
          (@OfNat.ofNat.{0} Nat (nat_lit 33) (instOfNatNat (nat_lit 33))) (RetryIID.Chunk.proposals c))
        (RetryIID.Chunk.drops c))
      (@HSub.hSub.{0, 0, 0} Nat Nat Nat (@instHSub.{0} Nat instSubNat)
        (@OfNat.ofNat.{0} Nat (nat_lit 4096) (instOfNatNat (nat_lit 4096))) (RetryIID.Chunk.finalPtr c)))
theorem RetryIID.chunk_generated : ∀ (c : RetryIID.Chunk) (h : RetryIID.Chunk.Valid c),
  @Eq.{1} Nat
    (@HMul.hMul.{0, 0, 0} Nat Nat Nat (@instHMul.{0} Nat instMulNat)
      (@OfNat.ofNat.{0} Nat (nat_lit 4096) (instOfNatNat (nat_lit 4096)))
      (@HAdd.hAdd.{0, 0, 0} Nat Nat Nat (@instHAdd.{0} Nat instAddNat)
        (@OfNat.ofNat.{0} Nat (nat_lit 1) (instOfNatNat (nat_lit 1))) (RetryIID.Chunk.extra c)))
    (@HAdd.hAdd.{0, 0, 0} Nat Nat Nat (@instHAdd.{0} Nat instAddNat)
      (@HAdd.hAdd.{0, 0, 0} Nat Nat Nat (@instHAdd.{0} Nat instAddNat)
        (@HMul.hMul.{0, 0, 0} Nat Nat Nat (@instHMul.{0} Nat instMulNat)
          (@OfNat.ofNat.{0} Nat (nat_lit 33) (instOfNatNat (nat_lit 33))) (RetryIID.Chunk.proposals c))
        (RetryIID.Chunk.drops c))
      (@HSub.hSub.{0, 0, 0} Nat Nat Nat (@instHSub.{0} Nat instSubNat)
        (@OfNat.ofNat.{0} Nat (nat_lit 4096) (instOfNatNat (nat_lit 4096))) (RetryIID.Chunk.finalPtr c))) :=
fun (c : RetryIID.Chunk) (h : RetryIID.Chunk.Valid c) =>
  @Decidable.byContradiction
    (@Eq.{1} Nat
      (@HMul.hMul.{0, 0, 0} Nat Nat Nat (@instHMul.{0} Nat instMulNat)
        (@OfNat.ofNat.{0} Nat (nat_lit 4096) (instOfNatNat (nat_lit 4096)))
        (@HAdd.hAdd.{0, 0, 0} Nat Nat Nat (@instHAdd.{0} Nat instAddNat)
          (@OfNat.ofNat.{0} Nat (nat_lit 1) (instOfNatNat (nat_lit 1))) (RetryIID.Chunk.extra c)))
      (@HAdd.hAdd.{0, 0, 0} Nat Nat Nat (@instHAdd.{0} Nat instAddNat)
        (@HAdd.hAdd.{0, 0, 0} Nat Nat Nat (@instHAdd.{0} Nat instAddNat)
          (@HMul.hMul.{0, 0, 0} Nat Nat Nat (@instHMul.{0} Nat instMulNat)
            (@OfNat.ofNat.{0} Nat (nat_lit 33) (instOfNatNat (nat_lit 33))) (RetryIID.Chunk.proposals c))
          (RetryIID.Chunk.drops c))
        (@HSub.hSub.{0, 0, 0} Nat Nat Nat (@instHSub.{0} Nat instSubNat)
          (@OfNat.ofNat.{0} Nat (nat_lit 4096) (instOfNatNat (nat_lit 4096))) (RetryIID.Chunk.finalPtr c))))
    (instDecidableEqNat
      (@HMul.hMul.{0, 0, 0} Nat Nat Nat (@instHMul.{0} Nat instMulNat)
        (@OfNat.ofNat.{0} Nat (nat_lit 4096) (instOfNatNat (nat_lit 4096)))
        (@HAdd.hAdd.{0, 0, 0} Nat Nat Nat (@instHAdd.{0} Nat instAddNat)
          (@OfNat.ofNat.{0} Nat (nat_lit 1) (instOfNatNat (nat_lit 1))) (RetryIID.Chunk.extra c)))
      (@HAdd.hAdd.{0, 0, 0} Nat Nat Nat (@instHAdd.{0} Nat instAddNat)
        (@HAdd.hAdd.{0, 0, 0} Nat Nat Nat (@instHAdd.{0} Nat instAddNat)
          (@HMul.hMul.{0, 0, 0} Nat Nat Nat (@instHMul.{0} Nat instMulNat)
            (@OfNat.ofNat.{0} Nat (nat_lit 33) (instOfNatNat (nat_lit 33))) (RetryIID.Chunk.proposals c))
          (RetryIID.Chunk.drops c))
        (@HSub.hSub.{0, 0, 0} Nat Nat Nat (@instHSub.{0} Nat instSubNat)
          (@OfNat.ofNat.{0} Nat (nat_lit 4096) (instOfNatNat (nat_lit 4096))) (RetryIID.Chunk.finalPtr c))))
    fun
      (a :
        Not
          (@Eq.{1} Nat
            (@HMul.hMul.{0, 0, 0} Nat Nat Nat (@instHMul.{0} Nat instMulNat)
              (@OfNat.ofNat.{0} Nat (nat_lit 4096) (instOfNatNat (nat_lit 4096)))
              (@HAdd.hAdd.{0, 0, 0} Nat Nat Nat (@instHAdd.{0} Nat instAddNat)
                (@OfNat.ofNat.{0} Nat (nat_lit 1) (instOfNatNat (nat_lit 1))) (RetryIID.Chunk.extra c)))
            (@HAdd.hAdd.{0, 0, 0} Nat Nat Nat (@instHAdd.{0} Nat instAddNat)
              (@HAdd.hAdd.{0, 0, 0} Nat Nat Nat (@instHAdd.{0} Nat instAddNat)
                (@HMul.hMul.{0, 0, 0} Nat Nat Nat (@instHMul.{0} Nat instMulNat)
                  (@OfNat.ofNat.{0} Nat (nat_lit 33) (instOfNatNat (nat_lit 33))) (RetryIID.Chunk.proposals c))
                (RetryIID.Chunk.drops c))
              (@HSub.hSub.{0, 0, 0} Nat Nat Nat (@instHSub.{0} Nat instSubNat)
                (@OfNat.ofNat.{0} Nat (nat_lit 4096) (instOfNatNat (nat_lit 4096))) (RetryIID.Chunk.finalPtr c))))) =>
    RetryIID.chunk_generated._proof_1_1 c h a
RetryIID.fresh_pointer_refill_bound : ∀ (c : RetryIID.Chunk) (h : RetryIID.Chunk.Valid c),
  @LE.le.{0} Nat instLENat
    (@HAdd.hAdd.{0, 0, 0} Nat Nat Nat (@instHAdd.{0} Nat instAddNat)
      (@HMul.hMul.{0, 0, 0} Nat Nat Nat (@instHMul.{0} Nat instMulNat)
        (@OfNat.ofNat.{0} Nat (nat_lit 4087) (instOfNatNat (nat_lit 4087))) (RetryIID.Chunk.extra c))
      (@OfNat.ofNat.{0} Nat (nat_lit 8) (instOfNatNat (nat_lit 8))))
    (@HMul.hMul.{0, 0, 0} Nat Nat Nat (@instHMul.{0} Nat instMulNat)
      (@OfNat.ofNat.{0} Nat (nat_lit 33) (instOfNatNat (nat_lit 33))) (RetryIID.Chunk.proposals c))
theorem RetryIID.fresh_pointer_refill_bound : ∀ (c : RetryIID.Chunk) (h : RetryIID.Chunk.Valid c),
  @LE.le.{0} Nat instLENat
    (@HAdd.hAdd.{0, 0, 0} Nat Nat Nat (@instHAdd.{0} Nat instAddNat)
      (@HMul.hMul.{0, 0, 0} Nat Nat Nat (@instHMul.{0} Nat instMulNat)
        (@OfNat.ofNat.{0} Nat (nat_lit 4087) (instOfNatNat (nat_lit 4087))) (RetryIID.Chunk.extra c))
      (@OfNat.ofNat.{0} Nat (nat_lit 8) (instOfNatNat (nat_lit 8))))
    (@HMul.hMul.{0, 0, 0} Nat Nat Nat (@instHMul.{0} Nat instMulNat)
      (@OfNat.ofNat.{0} Nat (nat_lit 33) (instOfNatNat (nat_lit 33))) (RetryIID.Chunk.proposals c)) :=
fun (c : RetryIID.Chunk) (h : RetryIID.Chunk.Valid c) =>
  @Decidable.byContradiction
    (@LE.le.{0} Nat instLENat
      (@HAdd.hAdd.{0, 0, 0} Nat Nat Nat (@instHAdd.{0} Nat instAddNat)
        (@HMul.hMul.{0, 0, 0} Nat Nat Nat (@instHMul.{0} Nat instMulNat)
          (@OfNat.ofNat.{0} Nat (nat_lit 4087) (instOfNatNat (nat_lit 4087))) (RetryIID.Chunk.extra c))
        (@OfNat.ofNat.{0} Nat (nat_lit 8) (instOfNatNat (nat_lit 8))))
      (@HMul.hMul.{0, 0, 0} Nat Nat Nat (@instHMul.{0} Nat instMulNat)
        (@OfNat.ofNat.{0} Nat (nat_lit 33) (instOfNatNat (nat_lit 33))) (RetryIID.Chunk.proposals c)))
    (Nat.decLe
      (@HAdd.hAdd.{0, 0, 0} Nat Nat Nat (@instHAdd.{0} Nat instAddNat)
        (@HMul.hMul.{0, 0, 0} Nat Nat Nat (@instHMul.{0} Nat instMulNat)
          (@OfNat.ofNat.{0} Nat (nat_lit 4087) (instOfNatNat (nat_lit 4087))) (RetryIID.Chunk.extra c))
        (@OfNat.ofNat.{0} Nat (nat_lit 8) (instOfNatNat (nat_lit 8))))
      (@HMul.hMul.{0, 0, 0} Nat Nat Nat (@instHMul.{0} Nat instMulNat)
        (@OfNat.ofNat.{0} Nat (nat_lit 33) (instOfNatNat (nat_lit 33))) (RetryIID.Chunk.proposals c)))
    fun
      (a :
        Not
          (@LE.le.{0} Nat instLENat
            (@HAdd.hAdd.{0, 0, 0} Nat Nat Nat (@instHAdd.{0} Nat instAddNat)
              (@HMul.hMul.{0, 0, 0} Nat Nat Nat (@instHMul.{0} Nat instMulNat)
                (@OfNat.ofNat.{0} Nat (nat_lit 4087) (instOfNatNat (nat_lit 4087))) (RetryIID.Chunk.extra c))
              (@OfNat.ofNat.{0} Nat (nat_lit 8) (instOfNatNat (nat_lit 8))))
            (@HMul.hMul.{0, 0, 0} Nat Nat Nat (@instHMul.{0} Nat instMulNat)
              (@OfNat.ofNat.{0} Nat (nat_lit 33) (instOfNatNat (nat_lit 33))) (RetryIID.Chunk.proposals c)))) =>
    RetryIID.fresh_pointer_refill_bound._proof_1_1 c h a
RetryIID.abandoned_root_tail : ∀ (c : RetryIID.Chunk) (h : RetryIID.Chunk.Valid c),
  And
    (@LE.le.{0} Nat instLENat (@OfNat.ofNat.{0} Nat (nat_lit 2) (instOfNatNat (nat_lit 2)))
      (@HSub.hSub.{0, 0, 0} Nat Nat Nat (@instHSub.{0} Nat instSubNat)
        (@OfNat.ofNat.{0} Nat (nat_lit 4096) (instOfNatNat (nat_lit 4096))) (RetryIID.Chunk.finalPtr c)))
    (@LE.le.{0} Nat instLENat
      (@HSub.hSub.{0, 0, 0} Nat Nat Nat (@instHSub.{0} Nat instSubNat)
        (@OfNat.ofNat.{0} Nat (nat_lit 4096) (instOfNatNat (nat_lit 4096))) (RetryIID.Chunk.finalPtr c))
      (@OfNat.ofNat.{0} Nat (nat_lit 4088) (instOfNatNat (nat_lit 4088))))
theorem RetryIID.abandoned_root_tail : ∀ (c : RetryIID.Chunk) (h : RetryIID.Chunk.Valid c),
  And
    (@LE.le.{0} Nat instLENat (@OfNat.ofNat.{0} Nat (nat_lit 2) (instOfNatNat (nat_lit 2)))
      (@HSub.hSub.{0, 0, 0} Nat Nat Nat (@instHSub.{0} Nat instSubNat)
        (@OfNat.ofNat.{0} Nat (nat_lit 4096) (instOfNatNat (nat_lit 4096))) (RetryIID.Chunk.finalPtr c)))
    (@LE.le.{0} Nat instLENat
      (@HSub.hSub.{0, 0, 0} Nat Nat Nat (@instHSub.{0} Nat instSubNat)
        (@OfNat.ofNat.{0} Nat (nat_lit 4096) (instOfNatNat (nat_lit 4096))) (RetryIID.Chunk.finalPtr c))
      (@OfNat.ofNat.{0} Nat (nat_lit 4088) (instOfNatNat (nat_lit 4088)))) :=
fun (c : RetryIID.Chunk) (h : RetryIID.Chunk.Valid c) =>
  @Decidable.byContradiction
    (And
      (@LE.le.{0} Nat instLENat (@OfNat.ofNat.{0} Nat (nat_lit 2) (instOfNatNat (nat_lit 2)))
        (@HSub.hSub.{0, 0, 0} Nat Nat Nat (@instHSub.{0} Nat instSubNat)
          (@OfNat.ofNat.{0} Nat (nat_lit 4096) (instOfNatNat (nat_lit 4096))) (RetryIID.Chunk.finalPtr c)))
      (@LE.le.{0} Nat instLENat
        (@HSub.hSub.{0, 0, 0} Nat Nat Nat (@instHSub.{0} Nat instSubNat)
          (@OfNat.ofNat.{0} Nat (nat_lit 4096) (instOfNatNat (nat_lit 4096))) (RetryIID.Chunk.finalPtr c))
        (@OfNat.ofNat.{0} Nat (nat_lit 4088) (instOfNatNat (nat_lit 4088)))))
    (@instDecidableAnd
      (@LE.le.{0} Nat instLENat (@OfNat.ofNat.{0} Nat (nat_lit 2) (instOfNatNat (nat_lit 2)))
        (@HSub.hSub.{0, 0, 0} Nat Nat Nat (@instHSub.{0} Nat instSubNat)
          (@OfNat.ofNat.{0} Nat (nat_lit 4096) (instOfNatNat (nat_lit 4096))) (RetryIID.Chunk.finalPtr c)))
      (@LE.le.{0} Nat instLENat
        (@HSub.hSub.{0, 0, 0} Nat Nat Nat (@instHSub.{0} Nat instSubNat)
          (@OfNat.ofNat.{0} Nat (nat_lit 4096) (instOfNatNat (nat_lit 4096))) (RetryIID.Chunk.finalPtr c))
        (@OfNat.ofNat.{0} Nat (nat_lit 4088) (instOfNatNat (nat_lit 4088))))
      (Nat.decLe (@OfNat.ofNat.{0} Nat (nat_lit 2) (instOfNatNat (nat_lit 2)))
        (@HSub.hSub.{0, 0, 0} Nat Nat Nat (@instHSub.{0} Nat instSubNat)
          (@OfNat.ofNat.{0} Nat (nat_lit 4096) (instOfNatNat (nat_lit 4096))) (RetryIID.Chunk.finalPtr c)))
      (Nat.decLe
        (@HSub.hSub.{0, 0, 0} Nat Nat Nat (@instHSub.{0} Nat instSubNat)
          (@OfNat.ofNat.{0} Nat (nat_lit 4096) (instOfNatNat (nat_lit 4096))) (RetryIID.Chunk.finalPtr c))
        (@OfNat.ofNat.{0} Nat (nat_lit 4088) (instOfNatNat (nat_lit 4088)))))
    fun
      (a :
        Not
          (And
            (@LE.le.{0} Nat instLENat (@OfNat.ofNat.{0} Nat (nat_lit 2) (instOfNatNat (nat_lit 2)))
              (@HSub.hSub.{0, 0, 0} Nat Nat Nat (@instHSub.{0} Nat instSubNat)
                (@OfNat.ofNat.{0} Nat (nat_lit 4096) (instOfNatNat (nat_lit 4096))) (RetryIID.Chunk.finalPtr c)))
            (@LE.le.{0} Nat instLENat
              (@HSub.hSub.{0, 0, 0} Nat Nat Nat (@instHSub.{0} Nat instSubNat)
                (@OfNat.ofNat.{0} Nat (nat_lit 4096) (instOfNatNat (nat_lit 4096))) (RetryIID.Chunk.finalPtr c))
              (@OfNat.ofNat.{0} Nat (nat_lit 4088) (instOfNatNat (nat_lit 4088)))))) =>
    RetryIID.abandoned_root_tail._proof_1_1 c h a
RetryIID.initial_block_not_optional : ∀ (c : RetryIID.Chunk) (h : RetryIID.Chunk.Valid c),
  @LT.lt.{0} Nat instLTNat
    (@HMul.hMul.{0, 0, 0} Nat Nat Nat (@instHMul.{0} Nat instMulNat)
      (@OfNat.ofNat.{0} Nat (nat_lit 4096) (instOfNatNat (nat_lit 4096))) (RetryIID.Chunk.extra c))
    (@HAdd.hAdd.{0, 0, 0} Nat Nat Nat (@instHAdd.{0} Nat instAddNat)
      (@HAdd.hAdd.{0, 0, 0} Nat Nat Nat (@instHAdd.{0} Nat instAddNat)
        (@HMul.hMul.{0, 0, 0} Nat Nat Nat (@instHMul.{0} Nat instMulNat)
          (@OfNat.ofNat.{0} Nat (nat_lit 33) (instOfNatNat (nat_lit 33))) (RetryIID.Chunk.proposals c))
        (RetryIID.Chunk.drops c))
      (@HSub.hSub.{0, 0, 0} Nat Nat Nat (@instHSub.{0} Nat instSubNat)
        (@OfNat.ofNat.{0} Nat (nat_lit 4096) (instOfNatNat (nat_lit 4096))) (RetryIID.Chunk.finalPtr c)))
theorem RetryIID.initial_block_not_optional : ∀ (c : RetryIID.Chunk) (h : RetryIID.Chunk.Valid c),
  @LT.lt.{0} Nat instLTNat
    (@HMul.hMul.{0, 0, 0} Nat Nat Nat (@instHMul.{0} Nat instMulNat)
      (@OfNat.ofNat.{0} Nat (nat_lit 4096) (instOfNatNat (nat_lit 4096))) (RetryIID.Chunk.extra c))
    (@HAdd.hAdd.{0, 0, 0} Nat Nat Nat (@instHAdd.{0} Nat instAddNat)
      (@HAdd.hAdd.{0, 0, 0} Nat Nat Nat (@instHAdd.{0} Nat instAddNat)
        (@HMul.hMul.{0, 0, 0} Nat Nat Nat (@instHMul.{0} Nat instMulNat)
          (@OfNat.ofNat.{0} Nat (nat_lit 33) (instOfNatNat (nat_lit 33))) (RetryIID.Chunk.proposals c))
        (RetryIID.Chunk.drops c))
      (@HSub.hSub.{0, 0, 0} Nat Nat Nat (@instHSub.{0} Nat instSubNat)
        (@OfNat.ofNat.{0} Nat (nat_lit 4096) (instOfNatNat (nat_lit 4096))) (RetryIID.Chunk.finalPtr c))) :=
fun (c : RetryIID.Chunk) (h : RetryIID.Chunk.Valid c) =>
  have hh :
    @Eq.{1} Nat
      (@HMul.hMul.{0, 0, 0} Nat Nat Nat (@instHMul.{0} Nat instMulNat)
        (@OfNat.ofNat.{0} Nat (nat_lit 4096) (instOfNatNat (nat_lit 4096)))
        (@HAdd.hAdd.{0, 0, 0} Nat Nat Nat (@instHAdd.{0} Nat instAddNat)
          (@OfNat.ofNat.{0} Nat (nat_lit 1) (instOfNatNat (nat_lit 1))) (RetryIID.Chunk.extra c)))
      (@HAdd.hAdd.{0, 0, 0} Nat Nat Nat (@instHAdd.{0} Nat instAddNat)
        (@HAdd.hAdd.{0, 0, 0} Nat Nat Nat (@instHAdd.{0} Nat instAddNat)
          (@HMul.hMul.{0, 0, 0} Nat Nat Nat (@instHMul.{0} Nat instMulNat)
            (@OfNat.ofNat.{0} Nat (nat_lit 33) (instOfNatNat (nat_lit 33))) (RetryIID.Chunk.proposals c))
          (RetryIID.Chunk.drops c))
        (@HSub.hSub.{0, 0, 0} Nat Nat Nat (@instHSub.{0} Nat instSubNat)
          (@OfNat.ofNat.{0} Nat (nat_lit 4096) (instOfNatNat (nat_lit 4096))) (RetryIID.Chunk.finalPtr c))) :=
    RetryIID.chunk_generated c h;
  @Decidable.byContradiction
    (@LT.lt.{0} Nat instLTNat
      (@HMul.hMul.{0, 0, 0} Nat Nat Nat (@instHMul.{0} Nat instMulNat)
        (@OfNat.ofNat.{0} Nat (nat_lit 4096) (instOfNatNat (nat_lit 4096))) (RetryIID.Chunk.extra c))
      (@HAdd.hAdd.{0, 0, 0} Nat Nat Nat (@instHAdd.{0} Nat instAddNat)
        (@HAdd.hAdd.{0, 0, 0} Nat Nat Nat (@instHAdd.{0} Nat instAddNat)
          (@HMul.hMul.{0, 0, 0} Nat Nat Nat (@instHMul.{0} Nat instMulNat)
            (@OfNat.ofNat.{0} Nat (nat_lit 33) (instOfNatNat (nat_lit 33))) (RetryIID.Chunk.proposals c))
          (RetryIID.Chunk.drops c))
        (@HSub.hSub.{0, 0, 0} Nat Nat Nat (@instHSub.{0} Nat instSubNat)
          (@OfNat.ofNat.{0} Nat (nat_lit 4096) (instOfNatNat (nat_lit 4096))) (RetryIID.Chunk.finalPtr c))))
    (Nat.decLt
      (@HMul.hMul.{0, 0, 0} Nat Nat Nat (@instHMul.{0} Nat instMulNat)
        (@OfNat.ofNat.{0} Nat (nat_lit 4096) (instOfNatNat (nat_lit 4096))) (RetryIID.Chunk.extra c))
      (@HAdd.hAdd.{0, 0, 0} Nat Nat Nat (@instHAdd.{0} Nat instAddNat)
        (@HAdd.hAdd.{0, 0, 0} Nat Nat Nat (@instHAdd.{0} Nat instAddNat)
          (@HMul.hMul.{0, 0, 0} Nat Nat Nat (@instHMul.{0} Nat instMulNat)
            (@OfNat.ofNat.{0} Nat (nat_lit 33) (instOfNatNat (nat_lit 33))) (RetryIID.Chunk.proposals c))
          (RetryIID.Chunk.drops c))
        (@HSub.hSub.{0, 0, 0} Nat Nat Nat (@instHSub.{0} Nat instSubNat)
          (@OfNat.ofNat.{0} Nat (nat_lit 4096) (instOfNatNat (nat_lit 4096))) (RetryIID.Chunk.finalPtr c))))
    fun
      (a :
        Not
          (@LT.lt.{0} Nat instLTNat
            (@HMul.hMul.{0, 0, 0} Nat Nat Nat (@instHMul.{0} Nat instMulNat)
              (@OfNat.ofNat.{0} Nat (nat_lit 4096) (instOfNatNat (nat_lit 4096))) (RetryIID.Chunk.extra c))
            (@HAdd.hAdd.{0, 0, 0} Nat Nat Nat (@instHAdd.{0} Nat instAddNat)
              (@HAdd.hAdd.{0, 0, 0} Nat Nat Nat (@instHAdd.{0} Nat instAddNat)
                (@HMul.hMul.{0, 0, 0} Nat Nat Nat (@instHMul.{0} Nat instMulNat)
                  (@OfNat.ofNat.{0} Nat (nat_lit 33) (instOfNatNat (nat_lit 33))) (RetryIID.Chunk.proposals c))
                (RetryIID.Chunk.drops c))
              (@HSub.hSub.{0, 0, 0} Nat Nat Nat (@instHSub.{0} Nat instSubNat)
                (@OfNat.ofNat.{0} Nat (nat_lit 4096) (instOfNatNat (nat_lit 4096))) (RetryIID.Chunk.finalPtr c))))) =>
    RetryIID.initial_block_not_optional._proof_1_1 c hh a
RetryIID.chunk_sum : ∀ (xs : List.{0} RetryIID.Chunk)
  (h :
    ∀ (c : RetryIID.Chunk),
      @Membership.mem.{0, 0} RetryIID.Chunk (List.{0} RetryIID.Chunk) (@List.instMembership.{0} RetryIID.Chunk) xs c →
        RetryIID.Chunk.Valid c),
  @Eq.{1} Nat
    (@HMul.hMul.{0, 0, 0} Nat Nat Nat (@instHMul.{0} Nat instMulNat)
      (@OfNat.ofNat.{0} Nat (nat_lit 4096) (instOfNatNat (nat_lit 4096)))
      (@HAdd.hAdd.{0, 0, 0} Nat Nat Nat (@instHAdd.{0} Nat instAddNat) (@List.length.{0} RetryIID.Chunk xs)
        (@List.sum.{0} Nat instAddNat (@Zero.ofOfNat0.{0} Nat (instOfNatNat (nat_lit 0)))
          (@List.map.{0, 0} RetryIID.Chunk Nat RetryIID.Chunk.extra xs))))
    (@HAdd.hAdd.{0, 0, 0} Nat Nat Nat (@instHAdd.{0} Nat instAddNat)
      (@HAdd.hAdd.{0, 0, 0} Nat Nat Nat (@instHAdd.{0} Nat instAddNat)
        (@HMul.hMul.{0, 0, 0} Nat Nat Nat (@instHMul.{0} Nat instMulNat)
          (@OfNat.ofNat.{0} Nat (nat_lit 33) (instOfNatNat (nat_lit 33)))
          (@List.sum.{0} Nat instAddNat (@Zero.ofOfNat0.{0} Nat (instOfNatNat (nat_lit 0)))
            (@List.map.{0, 0} RetryIID.Chunk Nat RetryIID.Chunk.proposals xs)))
        (@List.sum.{0} Nat instAddNat (@Zero.ofOfNat0.{0} Nat (instOfNatNat (nat_lit 0)))
          (@List.map.{0, 0} RetryIID.Chunk Nat RetryIID.Chunk.drops xs)))
      (@List.sum.{0} Nat instAddNat (@Zero.ofOfNat0.{0} Nat (instOfNatNat (nat_lit 0)))
        (@List.map.{0, 0} RetryIID.Chunk Nat
          (fun (c : RetryIID.Chunk) =>
            @HSub.hSub.{0, 0, 0} Nat Nat Nat (@instHSub.{0} Nat instSubNat)
              (@OfNat.ofNat.{0} Nat (nat_lit 4096) (instOfNatNat (nat_lit 4096))) (RetryIID.Chunk.finalPtr c))
          xs)))
theorem RetryIID.chunk_sum : ∀ (xs : List.{0} RetryIID.Chunk)
  (h :
    ∀ (c : RetryIID.Chunk),
      @Membership.mem.{0, 0} RetryIID.Chunk (List.{0} RetryIID.Chunk) (@List.instMembership.{0} RetryIID.Chunk) xs c →
        RetryIID.Chunk.Valid c),
  @Eq.{1} Nat
    (@HMul.hMul.{0, 0, 0} Nat Nat Nat (@instHMul.{0} Nat instMulNat)
      (@OfNat.ofNat.{0} Nat (nat_lit 4096) (instOfNatNat (nat_lit 4096)))
      (@HAdd.hAdd.{0, 0, 0} Nat Nat Nat (@instHAdd.{0} Nat instAddNat) (@List.length.{0} RetryIID.Chunk xs)
        (@List.sum.{0} Nat instAddNat (@Zero.ofOfNat0.{0} Nat (instOfNatNat (nat_lit 0)))
          (@List.map.{0, 0} RetryIID.Chunk Nat RetryIID.Chunk.extra xs))))
    (@HAdd.hAdd.{0, 0, 0} Nat Nat Nat (@instHAdd.{0} Nat instAddNat)
      (@HAdd.hAdd.{0, 0, 0} Nat Nat Nat (@instHAdd.{0} Nat instAddNat)
        (@HMul.hMul.{0, 0, 0} Nat Nat Nat (@instHMul.{0} Nat instMulNat)
          (@OfNat.ofNat.{0} Nat (nat_lit 33) (instOfNatNat (nat_lit 33)))
          (@List.sum.{0} Nat instAddNat (@Zero.ofOfNat0.{0} Nat (instOfNatNat (nat_lit 0)))
            (@List.map.{0, 0} RetryIID.Chunk Nat RetryIID.Chunk.proposals xs)))
        (@List.sum.{0} Nat instAddNat (@Zero.ofOfNat0.{0} Nat (instOfNatNat (nat_lit 0)))
          (@List.map.{0, 0} RetryIID.Chunk Nat RetryIID.Chunk.drops xs)))
      (@List.sum.{0} Nat instAddNat (@Zero.ofOfNat0.{0} Nat (instOfNatNat (nat_lit 0)))
        (@List.map.{0, 0} RetryIID.Chunk Nat
          (fun (c : RetryIID.Chunk) =>
            @HSub.hSub.{0, 0, 0} Nat Nat Nat (@instHSub.{0} Nat instSubNat)
              (@OfNat.ofNat.{0} Nat (nat_lit 4096) (instOfNatNat (nat_lit 4096))) (RetryIID.Chunk.finalPtr c))
          xs))) :=
fun (xs : ⋯) (h : ⋯) =>
  @List.rec.{0, 0} RetryIID.Chunk
    (fun (xs : List.{0} RetryIID.Chunk) =>
      ∀
        (h :
          ∀ (c : RetryIID.Chunk),
            @Membership.mem.{0, 0} RetryIID.Chunk (List.{0} RetryIID.Chunk) (@List.instMembership.{0} RetryIID.Chunk) xs
                c →
              RetryIID.Chunk.Valid c),
        @Eq.{1} Nat
          (@HMul.hMul.{0, 0, 0} Nat Nat Nat (@instHMul.{0} Nat instMulNat)
            (@OfNat.ofNat.{0} Nat (nat_lit 4096) (instOfNatNat (nat_lit 4096)))
            (@HAdd.hAdd.{0, 0, 0} Nat Nat Nat (@instHAdd.{0} Nat instAddNat) (@List.length.{0} RetryIID.Chunk xs)
              (@List.sum.{0} Nat instAddNat (@Zero.ofOfNat0.{0} Nat (instOfNatNat (nat_lit 0)))
                (@List.map.{0, 0} RetryIID.Chunk Nat RetryIID.Chunk.extra xs))))
          (@HAdd.hAdd.{0, 0, 0} Nat Nat Nat (@instHAdd.{0} Nat instAddNat)
            (@HAdd.hAdd.{0, 0, 0} Nat Nat Nat (@instHAdd.{0} Nat instAddNat)
              (@HMul.hMul.{0, 0, 0} Nat Nat Nat (@instHMul.{0} Nat instMulNat)
                (@OfNat.ofNat.{0} Nat (nat_lit 33) (instOfNatNat (nat_lit 33)))
                (@List.sum.{0} Nat instAddNat (@Zero.ofOfNat0.{0} Nat (instOfNatNat (nat_lit 0)))
                  (@List.map.{0, 0} RetryIID.Chunk Nat RetryIID.Chunk.proposals xs)))
              (@List.sum.{0} Nat instAddNat (@Zero.ofOfNat0.{0} Nat (instOfNatNat (nat_lit 0)))
                (@List.map.{0, 0} RetryIID.Chunk Nat RetryIID.Chunk.drops xs)))
            (@List.sum.{0} Nat instAddNat (@Zero.ofOfNat0.{0} Nat (instOfNatNat (nat_lit 0)))
              (@List.map.{0, 0} RetryIID.Chunk Nat
                (fun (c : RetryIID.Chunk) =>
                  @HSub.hSub.{0, 0, 0} Nat Nat Nat (@instHSub.{0} Nat instSubNat)
                    (@OfNat.ofNat.{0} Nat (nat_lit 4096) (instOfNatNat (nat_lit 4096))) (RetryIID.Chunk.finalPtr c))
                xs))))
    (fun
        (h :
          ∀ (c : RetryIID.Chunk),
            @Membership.mem.{0, 0} RetryIID.Chunk (List.{0} RetryIID.Chunk) (@List.instMembership.{0} RetryIID.Chunk)
                (@List.nil.{0} RetryIID.Chunk) c →
              RetryIID.Chunk.Valid c) =>
      @of_eq_true
        (@Eq.{1} Nat
          (@HMul.hMul.{0, 0, 0} Nat Nat Nat (@instHMul.{0} Nat instMulNat)
            (@OfNat.ofNat.{0} Nat (nat_lit 4096) (instOfNatNat (nat_lit 4096)))
            (@HAdd.hAdd.{0, 0, 0} Nat Nat Nat (@instHAdd.{0} Nat instAddNat)
              (@List.length.{0} RetryIID.Chunk (@List.nil.{0} RetryIID.Chunk))
              (@List.sum.{0} Nat instAddNat (@Zero.ofOfNat0.{0} Nat (instOfNatNat (nat_lit 0)))
                (@List.map.{0, 0} RetryIID.Chunk Nat RetryIID.Chunk.extra (@List.nil.{0} RetryIID.Chunk)))))
          (@HAdd.hAdd.{0, 0, 0} Nat Nat Nat (@instHAdd.{0} Nat instAddNat)
            (@HAdd.hAdd.{0, 0, 0} Nat Nat Nat (@instHAdd.{0} Nat instAddNat)
              (@HMul.hMul.{0, 0, 0} Nat Nat Nat (@instHMul.{0} Nat instMulNat)
                (@OfNat.ofNat.{0} Nat (nat_lit 33) (instOfNatNat (nat_lit 33)))
                (@List.sum.{0} Nat instAddNat (@Zero.ofOfNat0.{0} Nat (instOfNatNat (nat_lit 0)))
                  (@List.map.{0, 0} RetryIID.Chunk Nat RetryIID.Chunk.proposals (@List.nil.{0} RetryIID.Chunk))))
              (@List.sum.{0} Nat instAddNat (@Zero.ofOfNat0.{0} Nat (instOfNatNat (nat_lit 0)))
                (@List.map.{0, 0} RetryIID.Chunk Nat RetryIID.Chunk.drops (@List.nil.{0} RetryIID.Chunk))))
            (@List.sum.{0} Nat instAddNat (@Zero.ofOfNat0.{0} Nat (instOfNatNat (nat_lit 0)))
              (@List.map.{0, 0} RetryIID.Chunk Nat
                (fun (c : RetryIID.Chunk) =>
                  @HSub.hSub.{0, 0, 0} Nat Nat Nat (@instHSub.{0} Nat instSubNat)
                    (@OfNat.ofNat.{0} Nat (nat_lit 4096) (instOfNatNat (nat_lit 4096))) (RetryIID.Chunk.finalPtr c))
                (@List.nil.{0} RetryIID.Chunk)))))
        (@Eq.trans.{1} Prop
          (@Eq.{1} Nat
            (@HMul.hMul.{0, 0, 0} Nat Nat Nat (@instHMul.{0} Nat instMulNat)
              (@OfNat.ofNat.{0} Nat (nat_lit 4096) (instOfNatNat (nat_lit 4096)))
              (@HAdd.hAdd.{0, 0, 0} Nat Nat Nat (@instHAdd.{0} Nat instAddNat)
                (@List.length.{0} RetryIID.Chunk (@List.nil.{0} RetryIID.Chunk))
                (@List.sum.{0} Nat instAddNat (@Zero.ofOfNat0.{0} Nat (instOfNatNat (nat_lit 0)))
                  (@List.map.{0, 0} RetryIID.Chunk Nat RetryIID.Chunk.extra (@List.nil.{0} RetryIID.Chunk)))))
            (@HAdd.hAdd.{0, 0, 0} Nat Nat Nat (@instHAdd.{0} Nat instAddNat)
              (@HAdd.hAdd.{0, 0, 0} Nat Nat Nat (@instHAdd.{0} Nat instAddNat)
                (@HMul.hMul.{0, 0, 0} Nat Nat Nat (@instHMul.{0} Nat instMulNat)
                  (@OfNat.ofNat.{0} Nat (nat_lit 33) (instOfNatNat (nat_lit 33)))
                  (@List.sum.{0} Nat instAddNat (@Zero.ofOfNat0.{0} Nat (instOfNatNat (nat_lit 0)))
                    (@List.map.{0, 0} RetryIID.Chunk Nat RetryIID.Chunk.proposals (@List.nil.{0} RetryIID.Chunk))))
                (@List.sum.{0} Nat instAddNat (@Zero.ofOfNat0.{0} Nat (instOfNatNat (nat_lit 0)))
                  (@List.map.{0, 0} RetryIID.Chunk Nat RetryIID.Chunk.drops (@List.nil.{0} RetryIID.Chunk))))
              (@List.sum.{0} Nat instAddNat (@Zero.ofOfNat0.{0} Nat (instOfNatNat (nat_lit 0)))
                (@List.map.{0, 0} RetryIID.Chunk Nat
                  (fun (c : RetryIID.Chunk) =>
                    @HSub.hSub.{0, 0, 0} Nat Nat Nat (@instHSub.{0} Nat instSubNat)
                      (@OfNat.ofNat.{0} Nat (nat_lit 4096) (instOfNatNat (nat_lit 4096))) (RetryIID.Chunk.finalPtr c))
                  (@List.nil.{0} RetryIID.Chunk)))))
          (@Eq.{1} Nat (@OfNat.ofNat.{0} Nat (nat_lit 0) (instOfNatNat (nat_lit 0)))
            (@OfNat.ofNat.{0} Nat (nat_lit 0) (instOfNatNat (nat_lit 0))))
          True
          (@congr.{1, 1} Nat Prop
            (@Eq.{1} Nat
              (@HMul.hMul.{0, 0, 0} Nat Nat Nat (@instHMul.{0} Nat instMulNat)
                (@OfNat.ofNat.{0} Nat (nat_lit 4096) (instOfNatNat (nat_lit 4096)))
                (@HAdd.hAdd.{0, 0, 0} Nat Nat Nat (@instHAdd.{0} Nat instAddNat)
                  (@List.length.{0} RetryIID.Chunk (@List.nil.{0} RetryIID.Chunk))
                  (@List.sum.{0} Nat instAddNat (@Zero.ofOfNat0.{0} Nat (instOfNatNat (nat_lit 0)))
                    (@List.map.{0, 0} RetryIID.Chunk Nat RetryIID.Chunk.extra (@List.nil.{0} RetryIID.Chunk))))))
            (@Eq.{1} Nat (@OfNat.ofNat.{0} Nat (nat_lit 0) (instOfNatNat (nat_lit 0))))
            (@HAdd.hAdd.{0, 0, 0} Nat Nat Nat (@instHAdd.{0} Nat instAddNat)
              (@HAdd.hAdd.{0, 0, 0} Nat Nat Nat (@instHAdd.{0} Nat instAddNat)
                (@HMul.hMul.{0, 0, 0} Nat Nat Nat (@instHMul.{0} Nat instMulNat)
                  (@OfNat.ofNat.{0} Nat (nat_lit 33) (instOfNatNat (nat_lit 33)))
                  (@List.sum.{0} Nat instAddNat (@Zero.ofOfNat0.{0} Nat (instOfNatNat (nat_lit 0)))
                    (@List.map.{0, 0} RetryIID.Chunk Nat RetryIID.Chunk.proposals (@List.nil.{0} RetryIID.Chunk))))
                (@List.sum.{0} Nat instAddNat (@Zero.ofOfNat0.{0} Nat (instOfNatNat (nat_lit 0)))
                  (@List.map.{0, 0} RetryIID.Chunk Nat RetryIID.Chunk.drops (@List.nil.{0} RetryIID.Chunk))))
              (@List.sum.{0} Nat instAddNat (@Zero.ofOfNat0.{0} Nat (instOfNatNat (nat_lit 0)))
                (@List.map.{0, 0} RetryIID.Chunk Nat
                  (fun (c : RetryIID.Chunk) =>
                    @HSub.hSub.{0, 0, 0} Nat Nat Nat (@instHSub.{0} Nat instSubNat)
                      (@OfNat.ofNat.{0} Nat (nat_lit 4096) (instOfNatNat (nat_lit 4096))) (RetryIID.Chunk.finalPtr c))
                  (@List.nil.{0} RetryIID.Chunk))))
            (@OfNat.ofNat.{0} Nat (nat_lit 0) (instOfNatNat (nat_lit 0)))
            (@congrArg.{1, 1} Nat (Nat → Prop)
              (@HMul.hMul.{0, 0, 0} Nat Nat Nat (@instHMul.{0} Nat instMulNat)
                (@OfNat.ofNat.{0} Nat (nat_lit 4096) (instOfNatNat (nat_lit 4096)))
                (@HAdd.hAdd.{0, 0, 0} Nat Nat Nat (@instHAdd.{0} Nat instAddNat)
                  (@List.length.{0} RetryIID.Chunk (@List.nil.{0} RetryIID.Chunk))
                  (@List.sum.{0} Nat instAddNat (@Zero.ofOfNat0.{0} Nat (instOfNatNat (nat_lit 0)))
                    (@List.map.{0, 0} RetryIID.Chunk Nat RetryIID.Chunk.extra (@List.nil.{0} RetryIID.Chunk)))))
              (@OfNat.ofNat.{0} Nat (nat_lit 0) (instOfNatNat (nat_lit 0))) (@Eq.{1} Nat)
              (@congrArg.{1, 1} Nat Nat
                (@HAdd.hAdd.{0, 0, 0} Nat Nat Nat (@instHAdd.{0} Nat instAddNat)
                  (@List.length.{0} RetryIID.Chunk (@List.nil.{0} RetryIID.Chunk))
                  (@List.sum.{0} Nat instAddNat (@Zero.ofOfNat0.{0} Nat (instOfNatNat (nat_lit 0)))
                    (@List.map.{0, 0} RetryIID.Chunk Nat RetryIID.Chunk.extra (@List.nil.{0} RetryIID.Chunk))))
                (@OfNat.ofNat.{0} Nat (nat_lit 0) (instOfNatNat (nat_lit 0)))
                (@HMul.hMul.{0, 0, 0} Nat Nat Nat (@instHMul.{0} Nat instMulNat)
                  (@OfNat.ofNat.{0} Nat (nat_lit 4096) (instOfNatNat (nat_lit 4096))))
                (@congrArg.{1, 1} Nat Nat
                  (@List.sum.{0} Nat instAddNat (@Zero.ofOfNat0.{0} Nat (instOfNatNat (nat_lit 0)))
                    (@List.map.{0, 0} RetryIID.Chunk Nat RetryIID.Chunk.extra (@List.nil.{0} RetryIID.Chunk)))
                  (@OfNat.ofNat.{0} Nat (nat_lit 0)
                    (@Zero.toOfNat0.{0} Nat (@Zero.ofOfNat0.{0} Nat (instOfNatNat (nat_lit 0)))))
                  (@HAdd.hAdd.{0, 0, 0} Nat Nat Nat (@instHAdd.{0} Nat instAddNat)
                    (@OfNat.ofNat.{0} Nat (nat_lit 0) (instOfNatNat (nat_lit 0))))
                  (@congrArg.{1, 1} (List.{0} Nat) Nat
                    (@List.map.{0, 0} RetryIID.Chunk Nat RetryIID.Chunk.extra (@List.nil.{0} RetryIID.Chunk))
                    (@List.nil.{0} Nat)
                    (@List.sum.{0} Nat instAddNat (@Zero.ofOfNat0.{0} Nat (instOfNatNat (nat_lit 0))))
                    (@List.map_nil.{0, 0} RetryIID.Chunk Nat RetryIID.Chunk.extra)))))
            (@congr.{1, 1} Nat Nat
              (@HAdd.hAdd.{0, 0, 0} Nat Nat Nat (@instHAdd.{0} Nat instAddNat)
                (@HAdd.hAdd.{0, 0, 0} Nat Nat Nat (@instHAdd.{0} Nat instAddNat)
                  (@HMul.hMul.{0, 0, 0} Nat Nat Nat (@instHMul.{0} Nat instMulNat)
                    (@OfNat.ofNat.{0} Nat (nat_lit 33) (instOfNatNat (nat_lit 33)))
                    (@List.sum.{0} Nat instAddNat (@Zero.ofOfNat0.{0} Nat (instOfNatNat (nat_lit 0)))
                      (@List.map.{0, 0} RetryIID.Chunk Nat RetryIID.Chunk.proposals (@List.nil.{0} RetryIID.Chunk))))
                  (@List.sum.{0} Nat instAddNat (@Zero.ofOfNat0.{0} Nat (instOfNatNat (nat_lit 0)))
                    (@List.map.{0, 0} RetryIID.Chunk Nat RetryIID.Chunk.drops (@List.nil.{0} RetryIID.Chunk)))))
              (@HAdd.hAdd.{0, 0, 0} Nat Nat Nat (@instHAdd.{0} Nat instAddNat)
                (@OfNat.ofNat.{0} Nat (nat_lit 0) (instOfNatNat (nat_lit 0))))
              (@List.sum.{0} Nat instAddNat (@Zero.ofOfNat0.{0} Nat (instOfNatNat (nat_lit 0)))
                (@List.map.{0, 0} RetryIID.Chunk Nat
                  (fun (c : RetryIID.Chunk) =>
                    @HSub.hSub.{0, 0, 0} Nat Nat Nat (@instHSub.{0} Nat instSubNat)
                      (@OfNat.ofNat.{0} Nat (nat_lit 4096) (instOfNatNat (nat_lit 4096))) (RetryIID.Chunk.finalPtr c))
                  (@List.nil.{0} RetryIID.Chunk)))
              (@OfNat.ofNat.{0} Nat (nat_lit 0)
                (@Zero.toOfNat0.{0} Nat (@Zero.ofOfNat0.{0} Nat (instOfNatNat (nat_lit 0)))))
              (@congrArg.{1, 1} Nat (Nat → Nat)
                (@HAdd.hAdd.{0, 0, 0} Nat Nat Nat (@instHAdd.{0} Nat instAddNat)
                  (@HMul.hMul.{0, 0, 0} Nat Nat Nat (@instHMul.{0} Nat instMulNat)
                    (@OfNat.ofNat.{0} Nat (nat_lit 33) (instOfNatNat (nat_lit 33)))
                    (@List.sum.{0} Nat instAddNat (@Zero.ofOfNat0.{0} Nat (instOfNatNat (nat_lit 0)))
                      (@List.map.{0, 0} RetryIID.Chunk Nat RetryIID.Chunk.proposals (@List.nil.{0} RetryIID.Chunk))))
                  (@List.sum.{0} Nat instAddNat (@Zero.ofOfNat0.{0} Nat (instOfNatNat (nat_lit 0)))
                    (@List.map.{0, 0} RetryIID.Chunk Nat RetryIID.Chunk.drops (@List.nil.{0} RetryIID.Chunk))))
                (@OfNat.ofNat.{0} Nat (nat_lit 0) (instOfNatNat (nat_lit 0)))
                (@HAdd.hAdd.{0, 0, 0} Nat Nat Nat (@instHAdd.{0} Nat instAddNat))
                (@congr.{1, 1} Nat Nat
                  (@HAdd.hAdd.{0, 0, 0} Nat Nat Nat (@instHAdd.{0} Nat instAddNat)
                    (@HMul.hMul.{0, 0, 0} Nat Nat Nat (@instHMul.{0} Nat instMulNat)
                      (@OfNat.ofNat.{0} Nat (nat_lit 33) (instOfNatNat (nat_lit 33)))
                      (@List.sum.{0} Nat instAddNat (@Zero.ofOfNat0.{0} Nat (instOfNatNat (nat_lit 0)))
                        (@List.map.{0, 0} RetryIID.Chunk Nat RetryIID.Chunk.proposals (@List.nil.{0} RetryIID.Chunk)))))
                  (@HAdd.hAdd.{0, 0, 0} Nat Nat Nat (@instHAdd.{0} Nat instAddNat)
                    (@OfNat.ofNat.{0} Nat (nat_lit 0) (instOfNatNat (nat_lit 0))))
                  (@List.sum.{0} Nat instAddNat (@Zero.ofOfNat0.{0} Nat (instOfNatNat (nat_lit 0)))
                    (@List.map.{0, 0} RetryIID.Chunk Nat RetryIID.Chunk.drops (@List.nil.{0} RetryIID.Chunk)))
                  (@OfNat.ofNat.{0} Nat (nat_lit 0)
                    (@Zero.toOfNat0.{0} Nat (@Zero.ofOfNat0.{0} Nat (instOfNatNat (nat_lit 0)))))
                  (@congrArg.{1, 1} Nat (Nat → Nat)
                    (@HMul.hMul.{0, 0, 0} Nat Nat Nat (@instHMul.{0} Nat instMulNat)
                      (@OfNat.ofNat.{0} Nat (nat_lit 33) (instOfNatNat (nat_lit 33)))
                      (@List.sum.{0} Nat instAddNat (@Zero.ofOfNat0.{0} Nat (instOfNatNat (nat_lit 0)))
                        (@List.map.{0, 0} RetryIID.Chunk Nat RetryIID.Chunk.proposals (@List.nil.{0} RetryIID.Chunk))))
                    (@OfNat.ofNat.{0} Nat (nat_lit 0) (instOfNatNat (nat_lit 0)))
                    (@HAdd.hAdd.{0, 0, 0} Nat Nat Nat (@instHAdd.{0} Nat instAddNat))
                    (@congrArg.{1, 1} Nat Nat
                      (@List.sum.{0} Nat instAddNat (@Zero.ofOfNat0.{0} Nat (instOfNatNat (nat_lit 0)))
                        (@List.map.{0, 0} RetryIID.Chunk Nat RetryIID.Chunk.proposals (@List.nil.{0} RetryIID.Chunk)))
                      (@OfNat.ofNat.{0} Nat (nat_lit 0)
                        (@Zero.toOfNat0.{0} Nat (@Zero.ofOfNat0.{0} Nat (instOfNatNat (nat_lit 0)))))
                      (@HMul.hMul.{0, 0, 0} Nat Nat Nat (@instHMul.{0} Nat instMulNat)
                        (@OfNat.ofNat.{0} Nat (nat_lit 33) (instOfNatNat (nat_lit 33))))
                      (@congrArg.{1, 1} (List.{0} Nat) Nat
                        (@List.map.{0, 0} RetryIID.Chunk Nat RetryIID.Chunk.proposals (@List.nil.{0} RetryIID.Chunk))
                        (@List.nil.{0} Nat)
                        (@List.sum.{0} Nat instAddNat (@Zero.ofOfNat0.{0} Nat (instOfNatNat (nat_lit 0))))
                        (@List.map_nil.{0, 0} RetryIID.Chunk Nat RetryIID.Chunk.proposals))))
                  (@congrArg.{1, 1} (List.{0} Nat) Nat
                    (@List.map.{0, 0} RetryIID.Chunk Nat RetryIID.Chunk.drops (@List.nil.{0} RetryIID.Chunk))
                    (@List.nil.{0} Nat)
                    (@List.sum.{0} Nat instAddNat (@Zero.ofOfNat0.{0} Nat (instOfNatNat (nat_lit 0))))
                    (@List.map_nil.{0, 0} RetryIID.Chunk Nat RetryIID.Chunk.drops))))
              (@congrArg.{1, 1} (List.{0} Nat) Nat
                (@List.map.{0, 0} RetryIID.Chunk Nat
                  (fun (c : RetryIID.Chunk) =>
                    @HSub.hSub.{0, 0, 0} Nat Nat Nat (@instHSub.{0} Nat instSubNat)
                      (@OfNat.ofNat.{0} Nat (nat_lit 4096) (instOfNatNat (nat_lit 4096))) (RetryIID.Chunk.finalPtr c))
                  (@List.nil.{0} RetryIID.Chunk))
                (@List.nil.{0} Nat) (@List.sum.{0} Nat instAddNat (@Zero.ofOfNat0.{0} Nat (instOfNatNat (nat_lit 0))))
                (@List.map_nil.{0, 0} RetryIID.Chunk Nat fun (c : RetryIID.Chunk) =>
                  @HSub.hSub.{0, 0, 0} Nat Nat Nat (@instHSub.{0} Nat instSubNat)
                    (@OfNat.ofNat.{0} Nat (nat_lit 4096) (instOfNatNat (nat_lit 4096))) (RetryIID.Chunk.finalPtr c)))))
          (@eq_self.{1} Nat (@OfNat.ofNat.{0} Nat (nat_lit 0) (instOfNatNat (nat_lit 0))))))
    (fun (c : ⋯) (cs : ⋯) (ih : ⋯) (h : ⋯) =>
      have hc : ⋯ :=
        RetryIID.chunk_generated c
          (h c
            (@of_eq_true
              (@Membership.mem.{0, 0} RetryIID.Chunk (List.{0} RetryIID.Chunk) (@List.instMembership.{0} RetryIID.Chunk)
                (@List.cons.{0} RetryIID.Chunk c cs) c)
              (@Eq.trans.{1} Prop
                (@Membership.mem.{0, 0} RetryIID.Chunk (List.{0} RetryIID.Chunk)
                  (@List.instMembership.{0} RetryIID.Chunk) (@List.cons.{0} RetryIID.Chunk c cs) c)
                (Or (@Eq.{1} RetryIID.Chunk c c)
                  (@Membership.mem.{0, 0} RetryIID.Chunk (List.{0} RetryIID.Chunk)
                    (@List.instMembership.{0} RetryIID.Chunk) cs c))
                True (@List.mem_cons._simp_1.{0} RetryIID.Chunk c cs c)
                (@Eq.trans.{1} Prop
                  (Or (@Eq.{1} RetryIID.Chunk c c)
                    (@Membership.mem.{0, 0} RetryIID.Chunk (List.{0} RetryIID.Chunk)
                      (@List.instMembership.{0} RetryIID.Chunk) cs c))
                  (Or True
                    (@Membership.mem.{0, 0} RetryIID.Chunk (List.{0} RetryIID.Chunk)
                      (@List.instMembership.{0} RetryIID.Chunk) cs c))
                  True
                  (@congrFun'.{1, 1} Prop Prop (Or (@Eq.{1} RetryIID.Chunk c c)) (Or True)
                    (@congrArg.{1, 1} Prop ((b : Prop) → Prop) (@Eq.{1} RetryIID.Chunk c c) True Or
                      (@eq_self.{1} RetryIID.Chunk c))
                    (@Membership.mem.{0, 0} RetryIID.Chunk (List.{0} RetryIID.Chunk)
                      (@List.instMembership.{0} RetryIID.Chunk) cs c))
                  (true_or
                    (@Membership.mem.{0, 0} RetryIID.Chunk (List.{0} RetryIID.Chunk)
                      (@List.instMembership.{0} RetryIID.Chunk) cs c))))));
      have hs : ⋯ :=
        fun (d : RetryIID.Chunk)
          (hd :
            @Membership.mem.{0, 0} RetryIID.Chunk (List.{0} RetryIID.Chunk) (@List.instMembership.{0} RetryIID.Chunk) cs
              d) =>
        h d
          (@of_eq_true
            (@Membership.mem.{0, 0} RetryIID.Chunk (List.{0} RetryIID.Chunk) (@List.instMembership.{0} RetryIID.Chunk)
              (@List.cons.{0} RetryIID.Chunk c cs) d)
            (@Eq.trans.{1} Prop
              (@Membership.mem.{0, 0} RetryIID.Chunk (List.{0} RetryIID.Chunk) (@List.instMembership.{0} RetryIID.Chunk)
                (@List.cons.{0} RetryIID.Chunk c cs) d)
              (Or (@Eq.{1} RetryIID.Chunk d c)
                (@Membership.mem.{0, 0} RetryIID.Chunk (List.{0} RetryIID.Chunk)
                  (@List.instMembership.{0} RetryIID.Chunk) cs d))
              True (@List.mem_cons._simp_1.{0} RetryIID.Chunk c cs d)
              (@Eq.trans.{1} Prop
                (Or (@Eq.{1} RetryIID.Chunk d c)
                  (@Membership.mem.{0, 0} RetryIID.Chunk (List.{0} RetryIID.Chunk)
                    (@List.instMembership.{0} RetryIID.Chunk) cs d))
                (Or (@Eq.{1} RetryIID.Chunk d c) True) True
                (@congrArg.{1, 1} Prop Prop
                  (@Membership.mem.{0, 0} RetryIID.Chunk (List.{0} RetryIID.Chunk)
                    (@List.instMembership.{0} RetryIID.Chunk) cs d)
                  True (Or (@Eq.{1} RetryIID.Chunk d c))
                  (@eq_true
                    (@Membership.mem.{0, 0} RetryIID.Chunk (List.{0} RetryIID.Chunk)
                      (@List.instMembership.{0} RetryIID.Chunk) cs d)
                    hd))
                (or_true (@Eq.{1} RetryIID.Chunk d c)))));
      have hh : ⋯ := ih hs;
      @Eq.mpr.{0}
        (@Eq.{1} Nat
          (@HMul.hMul.{0, 0, 0} Nat Nat Nat (@instHMul.{0} Nat instMulNat)
            (@OfNat.ofNat.{0} Nat (nat_lit 4096) (instOfNatNat (nat_lit 4096)))
            (@HAdd.hAdd.{0, 0, 0} Nat Nat Nat (@instHAdd.{0} Nat instAddNat)
              (@List.length.{0} RetryIID.Chunk (@List.cons.{0} RetryIID.Chunk c cs))
              (@List.sum.{0} Nat instAddNat (@Zero.ofOfNat0.{0} Nat (instOfNatNat (nat_lit 0)))
                (@List.map.{0, 0} RetryIID.Chunk Nat RetryIID.Chunk.extra (@List.cons.{0} RetryIID.Chunk c cs)))))
          (@HAdd.hAdd.{0, 0, 0} Nat Nat Nat (@instHAdd.{0} Nat instAddNat)
            (@HAdd.hAdd.{0, 0, 0} Nat Nat Nat (@instHAdd.{0} Nat instAddNat)
              (@HMul.hMul.{0, 0, 0} Nat Nat Nat (@instHMul.{0} Nat instMulNat)
                (@OfNat.ofNat.{0} Nat (nat_lit 33) (instOfNatNat (nat_lit 33)))
                (@List.sum.{0} Nat instAddNat (@Zero.ofOfNat0.{0} Nat (instOfNatNat (nat_lit 0)))
                  (@List.map.{0, 0} RetryIID.Chunk Nat RetryIID.Chunk.proposals (@List.cons.{0} RetryIID.Chunk c cs))))
              (@List.sum.{0} Nat instAddNat (@Zero.ofOfNat0.{0} Nat (instOfNatNat (nat_lit 0)))
                (@List.map.{0, 0} RetryIID.Chunk Nat RetryIID.Chunk.drops (@List.cons.{0} RetryIID.Chunk c cs))))
            (@List.sum.{0} Nat instAddNat (@Zero.ofOfNat0.{0} Nat (instOfNatNat (nat_lit 0)))
              (@List.map.{0, 0} RetryIID.Chunk Nat
                (fun (c : RetryIID.Chunk) =>
                  @HSub.hSub.{0, 0, 0} Nat Nat Nat (@instHSub.{0} Nat instSubNat)
                    (@OfNat.ofNat.{0} Nat (nat_lit 4096) (instOfNatNat (nat_lit 4096))) (RetryIID.Chunk.finalPtr c))
                (@List.cons.{0} RetryIID.Chunk c cs)))))
        (@Eq.{1} Nat
          (@HAdd.hAdd.{0, 0, 0} Nat Nat Nat (@instHAdd.{0} Nat instAddNat)
            (@HAdd.hAdd.{0, 0, 0} Nat Nat Nat (@instHAdd.{0} Nat instAddNat)
              (@HMul.hMul.{0, 0, 0} Nat Nat Nat (@instHMul.{0} Nat instMulNat)
                (@OfNat.ofNat.{0} Nat (nat_lit 4096) (instOfNatNat (nat_lit 4096)))
                (@List.length.{0} RetryIID.Chunk cs))
              (@HMul.hMul.{0, 0, 0} Nat Nat Nat (@instHMul.{0} Nat instMulNat)
                (@OfNat.ofNat.{0} Nat (nat_lit 4096) (instOfNatNat (nat_lit 4096)))
                (@OfNat.ofNat.{0} Nat (nat_lit 1) (instOfNatNat (nat_lit 1)))))
            (@HAdd.hAdd.{0, 0, 0} Nat Nat Nat (@instHAdd.{0} Nat instAddNat)
              (@HMul.hMul.{0, 0, 0} Nat Nat Nat (@instHMul.{0} Nat instMulNat)
                (@OfNat.ofNat.{0} Nat (nat_lit 4096) (instOfNatNat (nat_lit 4096))) (RetryIID.Chunk.extra c))
              (@HMul.hMul.{0, 0, 0} Nat Nat Nat (@instHMul.{0} Nat instMulNat)
                (@OfNat.ofNat.{0} Nat (nat_lit 4096) (instOfNatNat (nat_lit 4096)))
                (@List.sum.{0} Nat instAddNat (@Zero.ofOfNat0.{0} Nat (instOfNatNat (nat_lit 0)))
                  (@List.map.{0, 0} RetryIID.Chunk Nat RetryIID.Chunk.extra cs)))))
          (@HAdd.hAdd.{0, 0, 0} Nat Nat Nat (@instHAdd.{0} Nat instAddNat)
            (@HAdd.hAdd.{0, 0, 0} Nat Nat Nat (@instHAdd.{0} Nat instAddNat)
              (@HAdd.hAdd.{0, 0, 0} Nat Nat Nat (@instHAdd.{0} Nat instAddNat)
                (@HMul.hMul.{0, 0, 0} Nat Nat Nat (@instHMul.{0} Nat instMulNat)
                  (@OfNat.ofNat.{0} Nat (nat_lit 33) (instOfNatNat (nat_lit 33))) (RetryIID.Chunk.proposals c))
                (@HMul.hMul.{0, 0, 0} Nat Nat Nat (@instHMul.{0} Nat instMulNat)
                  (@OfNat.ofNat.{0} Nat (nat_lit 33) (instOfNatNat (nat_lit 33)))
                  (@List.sum.{0} Nat instAddNat (@Zero.ofOfNat0.{0} Nat (instOfNatNat (nat_lit 0)))
                    (@List.map.{0, 0} RetryIID.Chunk Nat RetryIID.Chunk.proposals cs))))
              (@HAdd.hAdd.{0, 0, 0} Nat Nat Nat (@instHAdd.{0} Nat instAddNat) (RetryIID.Chunk.drops c)
                (@List.sum.{0} Nat instAddNat (@Zero.ofOfNat0.{0} Nat (instOfNatNat (nat_lit 0)))
                  (@List.map.{0, 0} RetryIID.Chunk Nat RetryIID.Chunk.drops cs))))
            (@HAdd.hAdd.{0, 0, 0} Nat Nat Nat (@instHAdd.{0} Nat instAddNat)
              (@HSub.hSub.{0, 0, 0} Nat Nat Nat (@instHSub.{0} Nat instSubNat)
                (@OfNat.ofNat.{0} Nat (nat_lit 4096) (instOfNatNat (nat_lit 4096))) (RetryIID.Chunk.finalPtr c))
              (@List.sum.{0} Nat instAddNat (@Zero.ofOfNat0.{0} Nat (instOfNatNat (nat_lit 0)))
                (@List.map.{0, 0} RetryIID.Chunk Nat
                  (fun (c : RetryIID.Chunk) =>
                    @HSub.hSub.{0, 0, 0} Nat Nat Nat (@instHSub.{0} Nat instSubNat)
                      (@OfNat.ofNat.{0} Nat (nat_lit 4096) (instOfNatNat (nat_lit 4096))) (RetryIID.Chunk.finalPtr c))
                  cs)))))
        (@id.{0}
          (@Eq.{1} Prop
            (@Eq.{1} Nat
              (@HMul.hMul.{0, 0, 0} Nat Nat Nat (@instHMul.{0} Nat instMulNat)
                (@OfNat.ofNat.{0} Nat (nat_lit 4096) (instOfNatNat (nat_lit 4096)))
                (@HAdd.hAdd.{0, 0, 0} Nat Nat Nat (@instHAdd.{0} Nat instAddNat)
                  (@List.length.{0} RetryIID.Chunk (@List.cons.{0} RetryIID.Chunk c cs))
                  (@List.sum.{0} Nat instAddNat (@Zero.ofOfNat0.{0} Nat (instOfNatNat (nat_lit 0)))
                    (@List.map.{0, 0} RetryIID.Chunk Nat RetryIID.Chunk.extra (@List.cons.{0} RetryIID.Chunk c cs)))))
              (@HAdd.hAdd.{0, 0, 0} Nat Nat Nat (@instHAdd.{0} Nat instAddNat)
                (@HAdd.hAdd.{0, 0, 0} Nat Nat Nat (@instHAdd.{0} Nat instAddNat)
                  (@HMul.hMul.{0, 0, 0} Nat Nat Nat (@instHMul.{0} Nat instMulNat)
                    (@OfNat.ofNat.{0} Nat (nat_lit 33) (instOfNatNat (nat_lit 33)))
                    (@List.sum.{0} Nat instAddNat (@Zero.ofOfNat0.{0} Nat (instOfNatNat (nat_lit 0)))
                      (@List.map.{0, 0} RetryIID.Chunk Nat RetryIID.Chunk.proposals
                        (@List.cons.{0} RetryIID.Chunk c cs))))
                  (@List.sum.{0} Nat instAddNat (@Zero.ofOfNat0.{0} Nat (instOfNatNat (nat_lit 0)))
                    (@List.map.{0, 0} RetryIID.Chunk Nat RetryIID.Chunk.drops (@List.cons.{0} RetryIID.Chunk c cs))))
                (@List.sum.{0} Nat instAddNat (@Zero.ofOfNat0.{0} Nat (instOfNatNat (nat_lit 0)))
                  (@List.map.{0, 0} RetryIID.Chunk Nat
                    (fun (c : RetryIID.Chunk) =>
                      @HSub.hSub.{0, 0, 0} Nat Nat Nat (@instHSub.{0} Nat instSubNat)
                        (@OfNat.ofNat.{0} Nat (nat_lit 4096) (instOfNatNat (nat_lit 4096))) (RetryIID.Chunk.finalPtr c))
                    (@List.cons.{0} RetryIID.Chunk c cs)))))
            (@Eq.{1} Nat
              (@HAdd.hAdd.{0, 0, 0} Nat Nat Nat (@instHAdd.{0} Nat instAddNat)
                (@HAdd.hAdd.{0, 0, 0} Nat Nat Nat (@instHAdd.{0} Nat instAddNat)
                  (@HMul.hMul.{0, 0, 0} Nat Nat Nat (@instHMul.{0} Nat instMulNat)
                    (@OfNat.ofNat.{0} Nat (nat_lit 4096) (instOfNatNat (nat_lit 4096)))
                    (@List.length.{0} RetryIID.Chunk cs))
                  (@HMul.hMul.{0, 0, 0} Nat Nat Nat (@instHMul.{0} Nat instMulNat)
                    (@OfNat.ofNat.{0} Nat (nat_lit 4096) (instOfNatNat (nat_lit 4096)))
                    (@OfNat.ofNat.{0} Nat (nat_lit 1) (instOfNatNat (nat_lit 1)))))
                (@HAdd.hAdd.{0, 0, 0} Nat Nat Nat (@instHAdd.{0} Nat instAddNat)
                  (@HMul.hMul.{0, 0, 0} Nat Nat Nat (@instHMul.{0} Nat instMulNat)
                    (@OfNat.ofNat.{0} Nat (nat_lit 4096) (instOfNatNat (nat_lit 4096))) (RetryIID.Chunk.extra c))
                  (@HMul.hMul.{0, 0, 0} Nat Nat Nat (@instHMul.{0} Nat instMulNat)
                    (@OfNat.ofNat.{0} Nat (nat_lit 4096) (instOfNatNat (nat_lit 4096)))
                    (@List.sum.{0} Nat instAddNat (@Zero.ofOfNat0.{0} Nat (instOfNatNat (nat_lit 0)))
                      (@List.map.{0, 0} RetryIID.Chunk Nat RetryIID.Chunk.extra cs)))))
              (@HAdd.hAdd.{0, 0, 0} Nat Nat Nat (@instHAdd.{0} Nat instAddNat)
                (@HAdd.hAdd.{0, 0, 0} Nat Nat Nat (@instHAdd.{0} Nat instAddNat)
                  (@HAdd.hAdd.{0, 0, 0} Nat Nat Nat (@instHAdd.{0} Nat instAddNat)
                    (@HMul.hMul.{0, 0, 0} Nat Nat Nat (@instHMul.{0} Nat instMulNat)
                      (@OfNat.ofNat.{0} Nat (nat_lit 33) (instOfNatNat (nat_lit 33))) (RetryIID.Chunk.proposals c))
                    (@HMul.hMul.{0, 0, 0} Nat Nat Nat (@instHMul.{0} Nat instMulNat)
                      (@OfNat.ofNat.{0} Nat (nat_lit 33) (instOfNatNat (nat_lit 33)))
                      (@List.sum.{0} Nat instAddNat (@Zero.ofOfNat0.{0} Nat (instOfNatNat (nat_lit 0)))
                        (@List.map.{0, 0} RetryIID.Chunk Nat RetryIID.Chunk.proposals cs))))
                  (@HAdd.hAdd.{0, 0, 0} Nat Nat Nat (@instHAdd.{0} Nat instAddNat) (RetryIID.Chunk.drops c)
                    (@List.sum.{0} Nat instAddNat (@Zero.ofOfNat0.{0} Nat (instOfNatNat (nat_lit 0)))
                      (@List.map.{0, 0} RetryIID.Chunk Nat RetryIID.Chunk.drops cs))))
                (@HAdd.hAdd.{0, 0, 0} Nat Nat Nat (@instHAdd.{0} Nat instAddNat)
                  (@HSub.hSub.{0, 0, 0} Nat Nat Nat (@instHSub.{0} Nat instSubNat)
                    (@OfNat.ofNat.{0} Nat (nat_lit 4096) (instOfNatNat (nat_lit 4096))) (RetryIID.Chunk.finalPtr c))
                  (@List.sum.{0} Nat instAddNat (@Zero.ofOfNat0.{0} Nat (instOfNatNat (nat_lit 0)))
                    (@List.map.{0, 0} RetryIID.Chunk Nat
                      (fun (c : RetryIID.Chunk) =>
                        @HSub.hSub.{0, 0, 0} Nat Nat Nat (@instHSub.{0} Nat instSubNat)
                          (@OfNat.ofNat.{0} Nat (nat_lit 4096) (instOfNatNat (nat_lit 4096)))
                          (RetryIID.Chunk.finalPtr c))
                      cs))))))
          (@congr.{1, 1} Nat Prop
            (@Eq.{1} Nat
              (@HMul.hMul.{0, 0, 0} Nat Nat Nat (@instHMul.{0} Nat instMulNat)
                (@OfNat.ofNat.{0} Nat (nat_lit 4096) (instOfNatNat (nat_lit 4096)))
                (@HAdd.hAdd.{0, 0, 0} Nat Nat Nat (@instHAdd.{0} Nat instAddNat)
                  (@List.length.{0} RetryIID.Chunk (@List.cons.{0} RetryIID.Chunk c cs))
                  (@List.sum.{0} Nat instAddNat (@Zero.ofOfNat0.{0} Nat (instOfNatNat (nat_lit 0)))
                    (@List.map.{0, 0} RetryIID.Chunk Nat RetryIID.Chunk.extra (@List.cons.{0} RetryIID.Chunk c cs))))))
            (@Eq.{1} Nat
              (@HAdd.hAdd.{0, 0, 0} Nat Nat Nat (@instHAdd.{0} Nat instAddNat)
                (@HAdd.hAdd.{0, 0, 0} Nat Nat Nat (@instHAdd.{0} Nat instAddNat)
                  (@HMul.hMul.{0, 0, 0} Nat Nat Nat (@instHMul.{0} Nat instMulNat)
                    (@OfNat.ofNat.{0} Nat (nat_lit 4096) (instOfNatNat (nat_lit 4096)))
                    (@List.length.{0} RetryIID.Chunk cs))
                  (@HMul.hMul.{0, 0, 0} Nat Nat Nat (@instHMul.{0} Nat instMulNat)
                    (@OfNat.ofNat.{0} Nat (nat_lit 4096) (instOfNatNat (nat_lit 4096)))
                    (@OfNat.ofNat.{0} Nat (nat_lit 1) (instOfNatNat (nat_lit 1)))))
                (@HAdd.hAdd.{0, 0, 0} Nat Nat Nat (@instHAdd.{0} Nat instAddNat)
                  (@HMul.hMul.{0, 0, 0} Nat Nat Nat (@instHMul.{0} Nat instMulNat)
                    (@OfNat.ofNat.{0} Nat (nat_lit 4096) (instOfNatNat (nat_lit 4096))) (RetryIID.Chunk.extra c))
                  (@HMul.hMul.{0, 0, 0} Nat Nat Nat (@instHMul.{0} Nat instMulNat)
                    (@OfNat.ofNat.{0} Nat (nat_lit 4096) (instOfNatNat (nat_lit 4096)))
                    (@List.sum.{0} Nat instAddNat (@Zero.ofOfNat0.{0} Nat (instOfNatNat (nat_lit 0)))
                      (@List.map.{0, 0} RetryIID.Chunk Nat RetryIID.Chunk.extra cs))))))
            (@HAdd.hAdd.{0, 0, 0} Nat Nat Nat (@instHAdd.{0} Nat instAddNat)
              (@HAdd.hAdd.{0, 0, 0} Nat Nat Nat (@instHAdd.{0} Nat instAddNat)
                (@HMul.hMul.{0, 0, 0} Nat Nat Nat (@instHMul.{0} Nat instMulNat)
                  (@OfNat.ofNat.{0} Nat (nat_lit 33) (instOfNatNat (nat_lit 33)))
                  (@List.sum.{0} Nat instAddNat (@Zero.ofOfNat0.{0} Nat (instOfNatNat (nat_lit 0)))
                    (@List.map.{0, 0} RetryIID.Chunk Nat RetryIID.Chunk.proposals
                      (@List.cons.{0} RetryIID.Chunk c cs))))
                (@List.sum.{0} Nat instAddNat (@Zero.ofOfNat0.{0} Nat (instOfNatNat (nat_lit 0)))
                  (@List.map.{0, 0} RetryIID.Chunk Nat RetryIID.Chunk.drops (@List.cons.{0} RetryIID.Chunk c cs))))
              (@List.sum.{0} Nat instAddNat (@Zero.ofOfNat0.{0} Nat (instOfNatNat (nat_lit 0)))
                (@List.map.{0, 0} RetryIID.Chunk Nat
                  (fun (c : RetryIID.Chunk) =>
                    @HSub.hSub.{0, 0, 0} Nat Nat Nat (@instHSub.{0} Nat instSubNat)
                      (@OfNat.ofNat.{0} Nat (nat_lit 4096) (instOfNatNat (nat_lit 4096))) (RetryIID.Chunk.finalPtr c))
                  (@List.cons.{0} RetryIID.Chunk c cs))))
            (@HAdd.hAdd.{0, 0, 0} Nat Nat Nat (@instHAdd.{0} Nat instAddNat)
              (@HAdd.hAdd.{0, 0, 0} Nat Nat Nat (@instHAdd.{0} Nat instAddNat)
                (@HAdd.hAdd.{0, 0, 0} Nat Nat Nat (@instHAdd.{0} Nat instAddNat)
                  (@HMul.hMul.{0, 0, 0} Nat Nat Nat (@instHMul.{0} Nat instMulNat)
                    (@OfNat.ofNat.{0} Nat (nat_lit 33) (instOfNatNat (nat_lit 33))) (RetryIID.Chunk.proposals c))
                  (@HMul.hMul.{0, 0, 0} Nat Nat Nat (@instHMul.{0} Nat instMulNat)
                    (@OfNat.ofNat.{0} Nat (nat_lit 33) (instOfNatNat (nat_lit 33)))
                    (@List.sum.{0} Nat instAddNat (@Zero.ofOfNat0.{0} Nat (instOfNatNat (nat_lit 0)))
                      (@List.map.{0, 0} RetryIID.Chunk Nat RetryIID.Chunk.proposals cs))))
                (@HAdd.hAdd.{0, 0, 0} Nat Nat Nat (@instHAdd.{0} Nat instAddNat) (RetryIID.Chunk.drops c)
                  (@List.sum.{0} Nat instAddNat (@Zero.ofOfNat0.{0} Nat (instOfNatNat (nat_lit 0)))
                    (@List.map.{0, 0} RetryIID.Chunk Nat RetryIID.Chunk.drops cs))))
              (@HAdd.hAdd.{0, 0, 0} Nat Nat Nat (@instHAdd.{0} Nat instAddNat)
                (@HSub.hSub.{0, 0, 0} Nat Nat Nat (@instHSub.{0} Nat instSubNat)
                  (@OfNat.ofNat.{0} Nat (nat_lit 4096) (instOfNatNat (nat_lit 4096))) (RetryIID.Chunk.finalPtr c))
                (@List.sum.{0} Nat instAddNat (@Zero.ofOfNat0.{0} Nat (instOfNatNat (nat_lit 0)))
                  (@List.map.{0, 0} RetryIID.Chunk Nat
                    (fun (c : RetryIID.Chunk) =>
                      @HSub.hSub.{0, 0, 0} Nat Nat Nat (@instHSub.{0} Nat instSubNat)
                        (@OfNat.ofNat.{0} Nat (nat_lit 4096) (instOfNatNat (nat_lit 4096))) (RetryIID.Chunk.finalPtr c))
                    cs))))
            (@congrArg.{1, 1} Nat (Nat → Prop)
              (@HMul.hMul.{0, 0, 0} Nat Nat Nat (@instHMul.{0} Nat instMulNat)
                (@OfNat.ofNat.{0} Nat (nat_lit 4096) (instOfNatNat (nat_lit 4096)))
                (@HAdd.hAdd.{0, 0, 0} Nat Nat Nat (@instHAdd.{0} Nat instAddNat)
                  (@List.length.{0} RetryIID.Chunk (@List.cons.{0} RetryIID.Chunk c cs))
                  (@List.sum.{0} Nat instAddNat (@Zero.ofOfNat0.{0} Nat (instOfNatNat (nat_lit 0)))
                    (@List.map.{0, 0} RetryIID.Chunk Nat RetryIID.Chunk.extra (@List.cons.{0} RetryIID.Chunk c cs)))))
              (@HAdd.hAdd.{0, 0, 0} Nat Nat Nat (@instHAdd.{0} Nat instAddNat)
                (@HAdd.hAdd.{0, 0, 0} Nat Nat Nat (@instHAdd.{0} Nat instAddNat)
                  (@HMul.hMul.{0, 0, 0} Nat Nat Nat (@instHMul.{0} Nat instMulNat)
                    (@OfNat.ofNat.{0} Nat (nat_lit 4096) (instOfNatNat (nat_lit 4096)))
                    (@List.length.{0} RetryIID.Chunk cs))
                  (@HMul.hMul.{0, 0, 0} Nat Nat Nat (@instHMul.{0} Nat instMulNat)
                    (@OfNat.ofNat.{0} Nat (nat_lit 4096) (instOfNatNat (nat_lit 4096)))
                    (@OfNat.ofNat.{0} Nat (nat_lit 1) (instOfNatNat (nat_lit 1)))))
                (@HAdd.hAdd.{0, 0, 0} Nat Nat Nat (@instHAdd.{0} Nat instAddNat)
                  (@HMul.hMul.{0, 0, 0} Nat Nat Nat (@instHMul.{0} Nat instMulNat)
                    (@OfNat.ofNat.{0} Nat (nat_lit 4096) (instOfNatNat (nat_lit 4096))) (RetryIID.Chunk.extra c))
                  (@HMul.hMul.{0, 0, 0} Nat Nat Nat (@instHMul.{0} Nat instMulNat)
                    (@OfNat.ofNat.{0} Nat (nat_lit 4096) (instOfNatNat (nat_lit 4096)))
                    (@List.sum.{0} Nat instAddNat (@Zero.ofOfNat0.{0} Nat (instOfNatNat (nat_lit 0)))
                      (@List.map.{0, 0} RetryIID.Chunk Nat RetryIID.Chunk.extra cs)))))
              (@Eq.{1} Nat)
              (@Eq.trans.{1} Nat
                (@HMul.hMul.{0, 0, 0} Nat Nat Nat (@instHMul.{0} Nat instMulNat)
                  (@OfNat.ofNat.{0} Nat (nat_lit 4096) (instOfNatNat (nat_lit 4096)))
                  (@HAdd.hAdd.{0, 0, 0} Nat Nat Nat (@instHAdd.{0} Nat instAddNat)
                    (@List.length.{0} RetryIID.Chunk (@List.cons.{0} RetryIID.Chunk c cs))
                    (@List.sum.{0} Nat instAddNat (@Zero.ofOfNat0.{0} Nat (instOfNatNat (nat_lit 0)))
                      (@List.map.{0, 0} RetryIID.Chunk Nat RetryIID.Chunk.extra (@List.cons.{0} RetryIID.Chunk c cs)))))
                (@HAdd.hAdd.{0, 0, 0} Nat Nat Nat (@instHAdd.{0} Nat instAddNat)
                  (@HMul.hMul.{0, 0, 0} Nat Nat Nat (@instHMul.{0} Nat instMulNat)
                    (@OfNat.ofNat.{0} Nat (nat_lit 4096) (instOfNatNat (nat_lit 4096)))
                    (@HAdd.hAdd.{0, 0, 0} Nat Nat Nat (@instHAdd.{0} Nat instAddNat)
                      (@List.length.{0} RetryIID.Chunk cs)
                      (@OfNat.ofNat.{0} Nat (nat_lit 1) (instOfNatNat (nat_lit 1)))))
                  (@HMul.hMul.{0, 0, 0} Nat Nat Nat (@instHMul.{0} Nat instMulNat)
                    (@OfNat.ofNat.{0} Nat (nat_lit 4096) (instOfNatNat (nat_lit 4096)))
                    (@HAdd.hAdd.{0, 0, 0} Nat Nat Nat (@instHAdd.{0} Nat instAddNat) (RetryIID.Chunk.extra c)
                      (@List.sum.{0} Nat instAddNat (@Zero.ofOfNat0.{0} Nat (instOfNatNat (nat_lit 0)))
                        (@List.map.{0, 0} RetryIID.Chunk Nat RetryIID.Chunk.extra cs)))))
                (@HAdd.hAdd.{0, 0, 0} Nat Nat Nat (@instHAdd.{0} Nat instAddNat)
                  (@HAdd.hAdd.{0, 0, 0} Nat Nat Nat (@instHAdd.{0} Nat instAddNat)
                    (@HMul.hMul.{0, 0, 0} Nat Nat Nat (@instHMul.{0} Nat instMulNat)
                      (@OfNat.ofNat.{0} Nat (nat_lit 4096) (instOfNatNat (nat_lit 4096)))
                      (@List.length.{0} RetryIID.Chunk cs))
                    (@HMul.hMul.{0, 0, 0} Nat Nat Nat (@instHMul.{0} Nat instMulNat)
                      (@OfNat.ofNat.{0} Nat (nat_lit 4096) (instOfNatNat (nat_lit 4096)))
                      (@OfNat.ofNat.{0} Nat (nat_lit 1) (instOfNatNat (nat_lit 1)))))
                  (@HAdd.hAdd.{0, 0, 0} Nat Nat Nat (@instHAdd.{0} Nat instAddNat)
                    (@HMul.hMul.{0, 0, 0} Nat Nat Nat (@instHMul.{0} Nat instMulNat)
                      (@OfNat.ofNat.{0} Nat (nat_lit 4096) (instOfNatNat (nat_lit 4096))) (RetryIID.Chunk.extra c))
                    (@HMul.hMul.{0, 0, 0} Nat Nat Nat (@instHMul.{0} Nat instMulNat)
                      (@OfNat.ofNat.{0} Nat (nat_lit 4096) (instOfNatNat (nat_lit 4096)))
                      (@List.sum.{0} Nat instAddNat (@Zero.ofOfNat0.{0} Nat (instOfNatNat (nat_lit 0)))
                        (@List.map.{0, 0} RetryIID.Chunk Nat RetryIID.Chunk.extra cs)))))
                (@Eq.trans.{1} Nat
                  (@HMul.hMul.{0, 0, 0} Nat Nat Nat (@instHMul.{0} Nat instMulNat)
                    (@OfNat.ofNat.{0} Nat (nat_lit 4096) (instOfNatNat (nat_lit 4096)))
                    (@HAdd.hAdd.{0, 0, 0} Nat Nat Nat (@instHAdd.{0} Nat instAddNat)
                      (@List.length.{0} RetryIID.Chunk (@List.cons.{0} RetryIID.Chunk c cs))
                      (@List.sum.{0} Nat instAddNat (@Zero.ofOfNat0.{0} Nat (instOfNatNat (nat_lit 0)))
                        (@List.map.{0, 0} RetryIID.Chunk Nat RetryIID.Chunk.extra
                          (@List.cons.{0} RetryIID.Chunk c cs)))))
                  (@HMul.hMul.{0, 0, 0} Nat Nat Nat (@instHMul.{0} Nat instMulNat)
                    (@OfNat.ofNat.{0} Nat (nat_lit 4096) (instOfNatNat (nat_lit 4096)))
                    (@HAdd.hAdd.{0, 0, 0} Nat Nat Nat (@instHAdd.{0} Nat instAddNat)
                      (@HAdd.hAdd.{0, 0, 0} Nat Nat Nat (@instHAdd.{0} Nat instAddNat)
                        (@List.length.{0} RetryIID.Chunk cs)
                        (@OfNat.ofNat.{0} Nat (nat_lit 1) (instOfNatNat (nat_lit 1))))
                      (@HAdd.hAdd.{0, 0, 0} Nat Nat Nat (@instHAdd.{0} Nat instAddNat) (RetryIID.Chunk.extra c)
                        (@List.sum.{0} Nat instAddNat (@Zero.ofOfNat0.{0} Nat (instOfNatNat (nat_lit 0)))
                          (@List.map.{0, 0} RetryIID.Chunk Nat RetryIID.Chunk.extra cs)))))
                  (@HAdd.hAdd.{0, 0, 0} Nat Nat Nat (@instHAdd.{0} Nat instAddNat)
                    (@HMul.hMul.{0, 0, 0} Nat Nat Nat (@instHMul.{0} Nat instMulNat)
                      (@OfNat.ofNat.{0} Nat (nat_lit 4096) (instOfNatNat (nat_lit 4096)))
                      (@HAdd.hAdd.{0, 0, 0} Nat Nat Nat (@instHAdd.{0} Nat instAddNat)
                        (@List.length.{0} RetryIID.Chunk cs)
                        (@OfNat.ofNat.{0} Nat (nat_lit 1) (instOfNatNat (nat_lit 1)))))
                    (@HMul.hMul.{0, 0, 0} Nat Nat Nat (@instHMul.{0} Nat instMulNat)
                      (@OfNat.ofNat.{0} Nat (nat_lit 4096) (instOfNatNat (nat_lit 4096)))
                      (@HAdd.hAdd.{0, 0, 0} Nat Nat Nat (@instHAdd.{0} Nat instAddNat) (RetryIID.Chunk.extra c)
                        (@List.sum.{0} Nat instAddNat (@Zero.ofOfNat0.{0} Nat (instOfNatNat (nat_lit 0)))
                          (@List.map.{0, 0} RetryIID.Chunk Nat RetryIID.Chunk.extra cs)))))
                  (@congrArg.{1, 1} Nat Nat
                    (@HAdd.hAdd.{0, 0, 0} Nat Nat Nat (@instHAdd.{0} Nat instAddNat)
                      (@List.length.{0} RetryIID.Chunk (@List.cons.{0} RetryIID.Chunk c cs))
                      (@List.sum.{0} Nat instAddNat (@Zero.ofOfNat0.{0} Nat (instOfNatNat (nat_lit 0)))
                        (@List.map.{0, 0} RetryIID.Chunk Nat RetryIID.Chunk.extra
                          (@List.cons.{0} RetryIID.Chunk c cs))))
                    (@HAdd.hAdd.{0, 0, 0} Nat Nat Nat (@instHAdd.{0} Nat instAddNat)
                      (@HAdd.hAdd.{0, 0, 0} Nat Nat Nat (@instHAdd.{0} Nat instAddNat)
                        (@List.length.{0} RetryIID.Chunk cs)
                        (@OfNat.ofNat.{0} Nat (nat_lit 1) (instOfNatNat (nat_lit 1))))
                      (@HAdd.hAdd.{0, 0, 0} Nat Nat Nat (@instHAdd.{0} Nat instAddNat) (RetryIID.Chunk.extra c)
                        (@List.sum.{0} Nat instAddNat (@Zero.ofOfNat0.{0} Nat (instOfNatNat (nat_lit 0)))
                          (@List.map.{0, 0} RetryIID.Chunk Nat RetryIID.Chunk.extra cs))))
                    (@HMul.hMul.{0, 0, 0} Nat Nat Nat (@instHMul.{0} Nat instMulNat)
                      (@OfNat.ofNat.{0} Nat (nat_lit 4096) (instOfNatNat (nat_lit 4096))))
                    (@congrArg.{1, 1} Nat Nat
                      (@List.sum.{0} Nat instAddNat (@Zero.ofOfNat0.{0} Nat (instOfNatNat (nat_lit 0)))
                        (@List.map.{0, 0} RetryIID.Chunk Nat RetryIID.Chunk.extra (@List.cons.{0} RetryIID.Chunk c cs)))
                      (@HAdd.hAdd.{0, 0, 0} Nat Nat Nat (@instHAdd.{0} Nat instAddNat) (RetryIID.Chunk.extra c)
                        (@List.sum.{0} Nat instAddNat (@Zero.ofOfNat0.{0} Nat (instOfNatNat (nat_lit 0)))
                          (@List.map.{0, 0} RetryIID.Chunk Nat RetryIID.Chunk.extra cs)))
                      (@HAdd.hAdd.{0, 0, 0} Nat Nat Nat (@instHAdd.{0} Nat instAddNat)
                        (@HAdd.hAdd.{0, 0, 0} Nat Nat Nat (@instHAdd.{0} Nat instAddNat)
                          (@List.length.{0} RetryIID.Chunk cs)
                          (@OfNat.ofNat.{0} Nat (nat_lit 1) (instOfNatNat (nat_lit 1)))))
                      (@congrArg.{1, 1} (List.{0} Nat) Nat
                        (@List.map.{0, 0} RetryIID.Chunk Nat RetryIID.Chunk.extra (@List.cons.{0} RetryIID.Chunk c cs))
                        (@List.cons.{0} Nat (RetryIID.Chunk.extra c)
                          (@List.map.{0, 0} RetryIID.Chunk Nat RetryIID.Chunk.extra cs))
                        (@List.sum.{0} Nat instAddNat (@Zero.ofOfNat0.{0} Nat (instOfNatNat (nat_lit 0))))
                        (@List.map_cons.{0, 0} RetryIID.Chunk Nat RetryIID.Chunk.extra c cs))))
                  (Nat.mul_add (@OfNat.ofNat.{0} Nat (nat_lit 4096) (instOfNatNat (nat_lit 4096)))
                    (@HAdd.hAdd.{0, 0, 0} Nat Nat Nat (@instHAdd.{0} Nat instAddNat)
                      (@List.length.{0} RetryIID.Chunk cs)
                      (@OfNat.ofNat.{0} Nat (nat_lit 1) (instOfNatNat (nat_lit 1))))
                    (@HAdd.hAdd.{0, 0, 0} Nat Nat Nat (@instHAdd.{0} Nat instAddNat) (RetryIID.Chunk.extra c)
                      (@List.sum.{0} Nat instAddNat (@Zero.ofOfNat0.{0} Nat (instOfNatNat (nat_lit 0)))
                        (@List.map.{0, 0} RetryIID.Chunk Nat RetryIID.Chunk.extra cs)))))
                (@congr.{1, 1} Nat Nat
                  (@HAdd.hAdd.{0, 0, 0} Nat Nat Nat (@instHAdd.{0} Nat instAddNat)
                    (@HMul.hMul.{0, 0, 0} Nat Nat Nat (@instHMul.{0} Nat instMulNat)
                      (@OfNat.ofNat.{0} Nat (nat_lit 4096) (instOfNatNat (nat_lit 4096)))
                      (@HAdd.hAdd.{0, 0, 0} Nat Nat Nat (@instHAdd.{0} Nat instAddNat)
                        (@List.length.{0} RetryIID.Chunk cs)
                        (@OfNat.ofNat.{0} Nat (nat_lit 1) (instOfNatNat (nat_lit 1))))))
                  (@HAdd.hAdd.{0, 0, 0} Nat Nat Nat (@instHAdd.{0} Nat instAddNat)
                    (@HAdd.hAdd.{0, 0, 0} Nat Nat Nat (@instHAdd.{0} Nat instAddNat)
                      (@HMul.hMul.{0, 0, 0} Nat Nat Nat (@instHMul.{0} Nat instMulNat)
                        (@OfNat.ofNat.{0} Nat (nat_lit 4096) (instOfNatNat (nat_lit 4096)))
                        (@List.length.{0} RetryIID.Chunk cs))
                      (@HMul.hMul.{0, 0, 0} Nat Nat Nat (@instHMul.{0} Nat instMulNat)
                        (@OfNat.ofNat.{0} Nat (nat_lit 4096) (instOfNatNat (nat_lit 4096)))
                        (@OfNat.ofNat.{0} Nat (nat_lit 1) (instOfNatNat (nat_lit 1))))))
                  (@HMul.hMul.{0, 0, 0} Nat Nat Nat (@instHMul.{0} Nat instMulNat)
                    (@OfNat.ofNat.{0} Nat (nat_lit 4096) (instOfNatNat (nat_lit 4096)))
                    (@HAdd.hAdd.{0, 0, 0} Nat Nat Nat (@instHAdd.{0} Nat instAddNat) (RetryIID.Chunk.extra c)
                      (@List.sum.{0} Nat instAddNat (@Zero.ofOfNat0.{0} Nat (instOfNatNat (nat_lit 0)))
                        (@List.map.{0, 0} RetryIID.Chunk Nat RetryIID.Chunk.extra cs))))
                  (@HAdd.hAdd.{0, 0, 0} Nat Nat Nat (@instHAdd.{0} Nat instAddNat)
                    (@HMul.hMul.{0, 0, 0} Nat Nat Nat (@instHMul.{0} Nat instMulNat)
                      (@OfNat.ofNat.{0} Nat (nat_lit 4096) (instOfNatNat (nat_lit 4096))) (RetryIID.Chunk.extra c))
                    (@HMul.hMul.{0, 0, 0} Nat Nat Nat (@instHMul.{0} Nat instMulNat)
                      (@OfNat.ofNat.{0} Nat (nat_lit 4096) (instOfNatNat (nat_lit 4096)))
                      (@List.sum.{0} Nat instAddNat (@Zero.ofOfNat0.{0} Nat (instOfNatNat (nat_lit 0)))
                        (@List.map.{0, 0} RetryIID.Chunk Nat RetryIID.Chunk.extra cs))))
                  (@congrArg.{1, 1} Nat (Nat → Nat)
                    (@HMul.hMul.{0, 0, 0} Nat Nat Nat (@instHMul.{0} Nat instMulNat)
                      (@OfNat.ofNat.{0} Nat (nat_lit 4096) (instOfNatNat (nat_lit 4096)))
                      (@HAdd.hAdd.{0, 0, 0} Nat Nat Nat (@instHAdd.{0} Nat instAddNat)
                        (@List.length.{0} RetryIID.Chunk cs)
                        (@OfNat.ofNat.{0} Nat (nat_lit 1) (instOfNatNat (nat_lit 1)))))
                    (@HAdd.hAdd.{0, 0, 0} Nat Nat Nat (@instHAdd.{0} Nat instAddNat)
                      (@HMul.hMul.{0, 0, 0} Nat Nat Nat (@instHMul.{0} Nat instMulNat)
                        (@OfNat.ofNat.{0} Nat (nat_lit 4096) (instOfNatNat (nat_lit 4096)))
                        (@List.length.{0} RetryIID.Chunk cs))
                      (@HMul.hMul.{0, 0, 0} Nat Nat Nat (@instHMul.{0} Nat instMulNat)
                        (@OfNat.ofNat.{0} Nat (nat_lit 4096) (instOfNatNat (nat_lit 4096)))
                        (@OfNat.ofNat.{0} Nat (nat_lit 1) (instOfNatNat (nat_lit 1)))))
                    (@HAdd.hAdd.{0, 0, 0} Nat Nat Nat (@instHAdd.{0} Nat instAddNat))
                    (Nat.mul_add (@OfNat.ofNat.{0} Nat (nat_lit 4096) (instOfNatNat (nat_lit 4096)))
                      (@List.length.{0} RetryIID.Chunk cs)
                      (@OfNat.ofNat.{0} Nat (nat_lit 1) (instOfNatNat (nat_lit 1)))))
                  (Nat.mul_add (@OfNat.ofNat.{0} Nat (nat_lit 4096) (instOfNatNat (nat_lit 4096)))
                    (RetryIID.Chunk.extra c)
                    (@List.sum.{0} Nat instAddNat (@Zero.ofOfNat0.{0} Nat (instOfNatNat (nat_lit 0)))
                      (@List.map.{0, 0} RetryIID.Chunk Nat RetryIID.Chunk.extra cs))))))
            (@congr.{1, 1} Nat Nat
              (@HAdd.hAdd.{0, 0, 0} Nat Nat Nat (@instHAdd.{0} Nat instAddNat)
                (@HAdd.hAdd.{0, 0, 0} Nat Nat Nat (@instHAdd.{0} Nat instAddNat)
                  (@HMul.hMul.{0, 0, 0} Nat Nat Nat (@instHMul.{0} Nat instMulNat)
                    (@OfNat.ofNat.{0} Nat (nat_lit 33) (instOfNatNat (nat_lit 33)))
                    (@List.sum.{0} Nat instAddNat (@Zero.ofOfNat0.{0} Nat (instOfNatNat (nat_lit 0)))
                      (@List.map.{0, 0} RetryIID.Chunk Nat RetryIID.Chunk.proposals
                        (@List.cons.{0} RetryIID.Chunk c cs))))
                  (@List.sum.{0} Nat instAddNat (@Zero.ofOfNat0.{0} Nat (instOfNatNat (nat_lit 0)))
                    (@List.map.{0, 0} RetryIID.Chunk Nat RetryIID.Chunk.drops (@List.cons.{0} RetryIID.Chunk c cs)))))
              (@HAdd.hAdd.{0, 0, 0} Nat Nat Nat (@instHAdd.{0} Nat instAddNat)
                (@HAdd.hAdd.{0, 0, 0} Nat Nat Nat (@instHAdd.{0} Nat instAddNat)
                  (@HAdd.hAdd.{0, 0, 0} Nat Nat Nat (@instHAdd.{0} Nat instAddNat)
                    (@HMul.hMul.{0, 0, 0} Nat Nat Nat (@instHMul.{0} Nat instMulNat)
                      (@OfNat.ofNat.{0} Nat (nat_lit 33) (instOfNatNat (nat_lit 33))) (RetryIID.Chunk.proposals c))
                    (@HMul.hMul.{0, 0, 0} Nat Nat Nat (@instHMul.{0} Nat instMulNat)
                      (@OfNat.ofNat.{0} Nat (nat_lit 33) (instOfNatNat (nat_lit 33)))
                      (@List.sum.{0} Nat instAddNat (@Zero.ofOfNat0.{0} Nat (instOfNatNat (nat_lit 0)))
                        (@List.map.{0, 0} RetryIID.Chunk Nat RetryIID.Chunk.proposals cs))))
                  (@HAdd.hAdd.{0, 0, 0} Nat Nat Nat (@instHAdd.{0} Nat instAddNat) (RetryIID.Chunk.drops c)
                    (@List.sum.{0} Nat instAddNat (@Zero.ofOfNat0.{0} Nat (instOfNatNat (nat_lit 0)))
                      (@List.map.{0, 0} RetryIID.Chunk Nat RetryIID.Chunk.drops cs)))))
              (@List.sum.{0} Nat instAddNat (@Zero.ofOfNat0.{0} Nat (instOfNatNat (nat_lit 0)))
                (@List.map.{0, 0} RetryIID.Chunk Nat
                  (fun (c : RetryIID.Chunk) =>
                    @HSub.hSub.{0, 0, 0} Nat Nat Nat (@instHSub.{0} Nat instSubNat)
                      (@OfNat.ofNat.{0} Nat (nat_lit 4096) (instOfNatNat (nat_lit 4096))) (RetryIID.Chunk.finalPtr c))
                  (@List.cons.{0} RetryIID.Chunk c cs)))
              (@HAdd.hAdd.{0, 0, 0} Nat Nat Nat (@instHAdd.{0} Nat instAddNat)
                (@HSub.hSub.{0, 0, 0} Nat Nat Nat (@instHSub.{0} Nat instSubNat)
                  (@OfNat.ofNat.{0} Nat (nat_lit 4096) (instOfNatNat (nat_lit 4096))) (RetryIID.Chunk.finalPtr c))
                (@List.sum.{0} Nat instAddNat (@Zero.ofOfNat0.{0} Nat (instOfNatNat (nat_lit 0)))
                  (@List.map.{0, 0} RetryIID.Chunk Nat
                    (fun (c : RetryIID.Chunk) =>
                      @HSub.hSub.{0, 0, 0} Nat Nat Nat (@instHSub.{0} Nat instSubNat)
                        (@OfNat.ofNat.{0} Nat (nat_lit 4096) (instOfNatNat (nat_lit 4096))) (RetryIID.Chunk.finalPtr c))
                    cs)))
              (@congrArg.{1, 1} Nat (Nat → Nat)
                (@HAdd.hAdd.{0, 0, 0} Nat Nat Nat (@instHAdd.{0} Nat instAddNat)
                  (@HMul.hMul.{0, 0, 0} Nat Nat Nat (@instHMul.{0} Nat instMulNat)
                    (@OfNat.ofNat.{0} Nat (nat_lit 33) (instOfNatNat (nat_lit 33)))
                    (@List.sum.{0} Nat instAddNat (@Zero.ofOfNat0.{0} Nat (instOfNatNat (nat_lit 0)))
                      (@List.map.{0, 0} RetryIID.Chunk Nat RetryIID.Chunk.proposals
                        (@List.cons.{0} RetryIID.Chunk c cs))))
                  (@List.sum.{0} Nat instAddNat (@Zero.ofOfNat0.{0} Nat (instOfNatNat (nat_lit 0)))
                    (@List.map.{0, 0} RetryIID.Chunk Nat RetryIID.Chunk.drops (@List.cons.{0} RetryIID.Chunk c cs))))
                (@HAdd.hAdd.{0, 0, 0} Nat Nat Nat (@instHAdd.{0} Nat instAddNat)
                  (@HAdd.hAdd.{0, 0, 0} Nat Nat Nat (@instHAdd.{0} Nat instAddNat)
                    (@HMul.hMul.{0, 0, 0} Nat Nat Nat (@instHMul.{0} Nat instMulNat)
                      (@OfNat.ofNat.{0} Nat (nat_lit 33) (instOfNatNat (nat_lit 33))) (RetryIID.Chunk.proposals c))
                    (@HMul.hMul.{0, 0, 0} Nat Nat Nat (@instHMul.{0} Nat instMulNat)
                      (@OfNat.ofNat.{0} Nat (nat_lit 33) (instOfNatNat (nat_lit 33)))
                      (@List.sum.{0} Nat instAddNat (@Zero.ofOfNat0.{0} Nat (instOfNatNat (nat_lit 0)))
                        (@List.map.{0, 0} RetryIID.Chunk Nat RetryIID.Chunk.proposals cs))))
                  (@HAdd.hAdd.{0, 0, 0} Nat Nat Nat (@instHAdd.{0} Nat instAddNat) (RetryIID.Chunk.drops c)
                    (@List.sum.{0} Nat instAddNat (@Zero.ofOfNat0.{0} Nat (instOfNatNat (nat_lit 0)))
                      (@List.map.{0, 0} RetryIID.Chunk Nat RetryIID.Chunk.drops cs))))
                (@HAdd.hAdd.{0, 0, 0} Nat Nat Nat (@instHAdd.{0} Nat instAddNat))
                (@congr.{1, 1} Nat Nat
                  (@HAdd.hAdd.{0, 0, 0} Nat Nat Nat (@instHAdd.{0} Nat instAddNat)
                    (@HMul.hMul.{0, 0, 0} Nat Nat Nat (@instHMul.{0} Nat instMulNat)
                      (@OfNat.ofNat.{0} Nat (nat_lit 33) (instOfNatNat (nat_lit 33)))
                      (@List.sum.{0} Nat instAddNat (@Zero.ofOfNat0.{0} Nat (instOfNatNat (nat_lit 0)))
                        (@List.map.{0, 0} RetryIID.Chunk Nat RetryIID.Chunk.proposals
                          (@List.cons.{0} RetryIID.Chunk c cs)))))
                  (@HAdd.hAdd.{0, 0, 0} Nat Nat Nat (@instHAdd.{0} Nat instAddNat)
                    (@HAdd.hAdd.{0, 0, 0} Nat Nat Nat (@instHAdd.{0} Nat instAddNat)
                      (@HMul.hMul.{0, 0, 0} Nat Nat Nat (@instHMul.{0} Nat instMulNat)
                        (@OfNat.ofNat.{0} Nat (nat_lit 33) (instOfNatNat (nat_lit 33))) (RetryIID.Chunk.proposals c))
                      (@HMul.hMul.{0, 0, 0} Nat Nat Nat (@instHMul.{0} Nat instMulNat)
                        (@OfNat.ofNat.{0} Nat (nat_lit 33) (instOfNatNat (nat_lit 33)))
                        (@List.sum.{0} Nat instAddNat (@Zero.ofOfNat0.{0} Nat (instOfNatNat (nat_lit 0)))
                          (@List.map.{0, 0} RetryIID.Chunk Nat RetryIID.Chunk.proposals cs)))))
                  (@List.sum.{0} Nat instAddNat (@Zero.ofOfNat0.{0} Nat (instOfNatNat (nat_lit 0)))
                    (@List.map.{0, 0} RetryIID.Chunk Nat RetryIID.Chunk.drops (@List.cons.{0} RetryIID.Chunk c cs)))
                  (@HAdd.hAdd.{0, 0, 0} Nat Nat Nat (@instHAdd.{0} Nat instAddNat) (RetryIID.Chunk.drops c)
                    (@List.sum.{0} Nat instAddNat (@Zero.ofOfNat0.{0} Nat (instOfNatNat (nat_lit 0)))
                      (@List.map.{0, 0} RetryIID.Chunk Nat RetryIID.Chunk.drops cs)))
                  (@congrArg.{1, 1} Nat (Nat → Nat)
                    (@HMul.hMul.{0, 0, 0} Nat Nat Nat (@instHMul.{0} Nat instMulNat)
                      (@OfNat.ofNat.{0} Nat (nat_lit 33) (instOfNatNat (nat_lit 33)))
                      (@List.sum.{0} Nat instAddNat (@Zero.ofOfNat0.{0} Nat (instOfNatNat (nat_lit 0)))
                        (@List.map.{0, 0} RetryIID.Chunk Nat RetryIID.Chunk.proposals
                          (@List.cons.{0} RetryIID.Chunk c cs))))
                    (@HAdd.hAdd.{0, 0, 0} Nat Nat Nat (@instHAdd.{0} Nat instAddNat)
                      (@HMul.hMul.{0, 0, 0} Nat Nat Nat (@instHMul.{0} Nat instMulNat)
                        (@OfNat.ofNat.{0} Nat (nat_lit 33) (instOfNatNat (nat_lit 33))) (RetryIID.Chunk.proposals c))
                      (@HMul.hMul.{0, 0, 0} Nat Nat Nat (@instHMul.{0} Nat instMulNat)
                        (@OfNat.ofNat.{0} Nat (nat_lit 33) (instOfNatNat (nat_lit 33)))
                        (@List.sum.{0} Nat instAddNat (@Zero.ofOfNat0.{0} Nat (instOfNatNat (nat_lit 0)))
                          (@List.map.{0, 0} RetryIID.Chunk Nat RetryIID.Chunk.proposals cs))))
                    (@HAdd.hAdd.{0, 0, 0} Nat Nat Nat (@instHAdd.{0} Nat instAddNat))
                    (@Eq.trans.{1} Nat
                      (@HMul.hMul.{0, 0, 0} Nat Nat Nat (@instHMul.{0} Nat instMulNat)
                        (@OfNat.ofNat.{0} Nat (nat_lit 33) (instOfNatNat (nat_lit 33)))
                        (@List.sum.{0} Nat instAddNat (@Zero.ofOfNat0.{0} Nat (instOfNatNat (nat_lit 0)))
                          (@List.map.{0, 0} RetryIID.Chunk Nat RetryIID.Chunk.proposals
                            (@List.cons.{0} RetryIID.Chunk c cs))))
                      (@HMul.hMul.{0, 0, 0} Nat Nat Nat (@instHMul.{0} Nat instMulNat)
                        (@OfNat.ofNat.{0} Nat (nat_lit 33) (instOfNatNat (nat_lit 33)))
                        (@HAdd.hAdd.{0, 0, 0} Nat Nat Nat (@instHAdd.{0} Nat instAddNat) (RetryIID.Chunk.proposals c)
                          (@List.sum.{0} Nat instAddNat (@Zero.ofOfNat0.{0} Nat (instOfNatNat (nat_lit 0)))
                            (@List.map.{0, 0} RetryIID.Chunk Nat RetryIID.Chunk.proposals cs))))
                      (@HAdd.hAdd.{0, 0, 0} Nat Nat Nat (@instHAdd.{0} Nat instAddNat)
                        (@HMul.hMul.{0, 0, 0} Nat Nat Nat (@instHMul.{0} Nat instMulNat)
                          (@OfNat.ofNat.{0} Nat (nat_lit 33) (instOfNatNat (nat_lit 33))) (RetryIID.Chunk.proposals c))
                        (@HMul.hMul.{0, 0, 0} Nat Nat Nat (@instHMul.{0} Nat instMulNat)
                          (@OfNat.ofNat.{0} Nat (nat_lit 33) (instOfNatNat (nat_lit 33)))
                          (@List.sum.{0} Nat instAddNat (@Zero.ofOfNat0.{0} Nat (instOfNatNat (nat_lit 0)))
                            (@List.map.{0, 0} RetryIID.Chunk Nat RetryIID.Chunk.proposals cs))))
                      (@congrArg.{1, 1} Nat Nat
                        (@List.sum.{0} Nat instAddNat (@Zero.ofOfNat0.{0} Nat (instOfNatNat (nat_lit 0)))
                          (@List.map.{0, 0} RetryIID.Chunk Nat RetryIID.Chunk.proposals
                            (@List.cons.{0} RetryIID.Chunk c cs)))
                        (@HAdd.hAdd.{0, 0, 0} Nat Nat Nat (@instHAdd.{0} Nat instAddNat) (RetryIID.Chunk.proposals c)
                          (@List.sum.{0} Nat instAddNat (@Zero.ofOfNat0.{0} Nat (instOfNatNat (nat_lit 0)))
                            (@List.map.{0, 0} RetryIID.Chunk Nat RetryIID.Chunk.proposals cs)))
                        (@HMul.hMul.{0, 0, 0} Nat Nat Nat (@instHMul.{0} Nat instMulNat)
                          (@OfNat.ofNat.{0} Nat (nat_lit 33) (instOfNatNat (nat_lit 33))))
                        (@congrArg.{1, 1} (List.{0} Nat) Nat
                          (@List.map.{0, 0} RetryIID.Chunk Nat RetryIID.Chunk.proposals
                            (@List.cons.{0} RetryIID.Chunk c cs))
                          (@List.cons.{0} Nat (RetryIID.Chunk.proposals c)
                            (@List.map.{0, 0} RetryIID.Chunk Nat RetryIID.Chunk.proposals cs))
                          (@List.sum.{0} Nat instAddNat (@Zero.ofOfNat0.{0} Nat (instOfNatNat (nat_lit 0))))
                          (@List.map_cons.{0, 0} RetryIID.Chunk Nat RetryIID.Chunk.proposals c cs)))
                      (Nat.mul_add (@OfNat.ofNat.{0} Nat (nat_lit 33) (instOfNatNat (nat_lit 33)))
                        (RetryIID.Chunk.proposals c)
                        (@List.sum.{0} Nat instAddNat (@Zero.ofOfNat0.{0} Nat (instOfNatNat (nat_lit 0)))
                          (@List.map.{0, 0} RetryIID.Chunk Nat RetryIID.Chunk.proposals cs)))))
                  (@congrArg.{1, 1} (List.{0} Nat) Nat
                    (@List.map.{0, 0} RetryIID.Chunk Nat RetryIID.Chunk.drops (@List.cons.{0} RetryIID.Chunk c cs))
                    (@List.cons.{0} Nat (RetryIID.Chunk.drops c)
                      (@List.map.{0, 0} RetryIID.Chunk Nat RetryIID.Chunk.drops cs))
                    (@List.sum.{0} Nat instAddNat (@Zero.ofOfNat0.{0} Nat (instOfNatNat (nat_lit 0))))
                    (@List.map_cons.{0, 0} RetryIID.Chunk Nat RetryIID.Chunk.drops c cs))))
              (@congrArg.{1, 1} (List.{0} Nat) Nat
                (@List.map.{0, 0} RetryIID.Chunk Nat
                  (fun (c : RetryIID.Chunk) =>
                    @HSub.hSub.{0, 0, 0} Nat Nat Nat (@instHSub.{0} Nat instSubNat)
                      (@OfNat.ofNat.{0} Nat (nat_lit 4096) (instOfNatNat (nat_lit 4096))) (RetryIID.Chunk.finalPtr c))
                  (@List.cons.{0} RetryIID.Chunk c cs))
                (@List.cons.{0} Nat
                  (@HSub.hSub.{0, 0, 0} Nat Nat Nat (@instHSub.{0} Nat instSubNat)
                    (@OfNat.ofNat.{0} Nat (nat_lit 4096) (instOfNatNat (nat_lit 4096))) (RetryIID.Chunk.finalPtr c))
                  (@List.map.{0, 0} RetryIID.Chunk Nat
                    (fun (c : RetryIID.Chunk) =>
                      @HSub.hSub.{0, 0, 0} Nat Nat Nat (@instHSub.{0} Nat instSubNat)
                        (@OfNat.ofNat.{0} Nat (nat_lit 4096) (instOfNatNat (nat_lit 4096))) (RetryIID.Chunk.finalPtr c))
                    cs))
                (@List.sum.{0} Nat instAddNat (@Zero.ofOfNat0.{0} Nat (instOfNatNat (nat_lit 0))))
                (@List.map_cons.{0, 0} RetryIID.Chunk Nat
                  (fun (c : RetryIID.Chunk) =>
                    @HSub.hSub.{0, 0, 0} Nat Nat Nat (@instHSub.{0} Nat instSubNat)
                      (@OfNat.ofNat.{0} Nat (nat_lit 4096) (instOfNatNat (nat_lit 4096))) (RetryIID.Chunk.finalPtr c))
                  c cs)))))
        (@Decidable.byContradiction
          (@Eq.{1} Nat
            (@HAdd.hAdd.{0, 0, 0} Nat Nat Nat (@instHAdd.{0} Nat instAddNat)
              (@HAdd.hAdd.{0, 0, 0} Nat Nat Nat (@instHAdd.{0} Nat instAddNat)
                (@HMul.hMul.{0, 0, 0} Nat Nat Nat (@instHMul.{0} Nat instMulNat)
                  (@OfNat.ofNat.{0} Nat (nat_lit 4096) (instOfNatNat (nat_lit 4096)))
                  (@List.length.{0} RetryIID.Chunk cs))
                (@HMul.hMul.{0, 0, 0} Nat Nat Nat (@instHMul.{0} Nat instMulNat)
                  (@OfNat.ofNat.{0} Nat (nat_lit 4096) (instOfNatNat (nat_lit 4096)))
                  (@OfNat.ofNat.{0} Nat (nat_lit 1) (instOfNatNat (nat_lit 1)))))
              (@HAdd.hAdd.{0, 0, 0} Nat Nat Nat (@instHAdd.{0} Nat instAddNat)
                (@HMul.hMul.{0, 0, 0} Nat Nat Nat (@instHMul.{0} Nat instMulNat)
                  (@OfNat.ofNat.{0} Nat (nat_lit 4096) (instOfNatNat (nat_lit 4096))) (RetryIID.Chunk.extra c))
                (@HMul.hMul.{0, 0, 0} Nat Nat Nat (@instHMul.{0} Nat instMulNat)
                  (@OfNat.ofNat.{0} Nat (nat_lit 4096) (instOfNatNat (nat_lit 4096)))
                  (@List.sum.{0} Nat instAddNat (@Zero.ofOfNat0.{0} Nat (instOfNatNat (nat_lit 0)))
                    (@List.map.{0, 0} RetryIID.Chunk Nat RetryIID.Chunk.extra cs)))))
            (@HAdd.hAdd.{0, 0, 0} Nat Nat Nat (@instHAdd.{0} Nat instAddNat)
              (@HAdd.hAdd.{0, 0, 0} Nat Nat Nat (@instHAdd.{0} Nat instAddNat)
                (@HAdd.hAdd.{0, 0, 0} Nat Nat Nat (@instHAdd.{0} Nat instAddNat)
                  (@HMul.hMul.{0, 0, 0} Nat Nat Nat (@instHMul.{0} Nat instMulNat)
                    (@OfNat.ofNat.{0} Nat (nat_lit 33) (instOfNatNat (nat_lit 33))) (RetryIID.Chunk.proposals c))
                  (@HMul.hMul.{0, 0, 0} Nat Nat Nat (@instHMul.{0} Nat instMulNat)
                    (@OfNat.ofNat.{0} Nat (nat_lit 33) (instOfNatNat (nat_lit 33)))
                    (@List.sum.{0} Nat instAddNat (@Zero.ofOfNat0.{0} Nat (instOfNatNat (nat_lit 0)))
                      (@List.map.{0, 0} RetryIID.Chunk Nat RetryIID.Chunk.proposals cs))))
                (@HAdd.hAdd.{0, 0, 0} Nat Nat Nat (@instHAdd.{0} Nat instAddNat) (RetryIID.Chunk.drops c)
                  (@List.sum.{0} Nat instAddNat (@Zero.ofOfNat0.{0} Nat (instOfNatNat (nat_lit 0)))
                    (@List.map.{0, 0} RetryIID.Chunk Nat RetryIID.Chunk.drops cs))))
              (@HAdd.hAdd.{0, 0, 0} Nat Nat Nat (@instHAdd.{0} Nat instAddNat)
                (@HSub.hSub.{0, 0, 0} Nat Nat Nat (@instHSub.{0} Nat instSubNat)
                  (@OfNat.ofNat.{0} Nat (nat_lit 4096) (instOfNatNat (nat_lit 4096))) (RetryIID.Chunk.finalPtr c))
                (@List.sum.{0} Nat instAddNat (@Zero.ofOfNat0.{0} Nat (instOfNatNat (nat_lit 0)))
                  (@List.map.{0, 0} RetryIID.Chunk Nat
                    (fun (c : RetryIID.Chunk) =>
                      @HSub.hSub.{0, 0, 0} Nat Nat Nat (@instHSub.{0} Nat instSubNat)
                        (@OfNat.ofNat.{0} Nat (nat_lit 4096) (instOfNatNat (nat_lit 4096))) (RetryIID.Chunk.finalPtr c))
                    cs)))))
          (instDecidableEqNat
            (@HAdd.hAdd.{0, 0, 0} Nat Nat Nat (@instHAdd.{0} Nat instAddNat)
              (@HAdd.hAdd.{0, 0, 0} Nat Nat Nat (@instHAdd.{0} Nat instAddNat)
                (@HMul.hMul.{0, 0, 0} Nat Nat Nat (@instHMul.{0} Nat instMulNat)
                  (@OfNat.ofNat.{0} Nat (nat_lit 4096) (instOfNatNat (nat_lit 4096)))
                  (@List.length.{0} RetryIID.Chunk cs))
                (@HMul.hMul.{0, 0, 0} Nat Nat Nat (@instHMul.{0} Nat instMulNat)
                  (@OfNat.ofNat.{0} Nat (nat_lit 4096) (instOfNatNat (nat_lit 4096)))
                  (@OfNat.ofNat.{0} Nat (nat_lit 1) (instOfNatNat (nat_lit 1)))))
              (@HAdd.hAdd.{0, 0, 0} Nat Nat Nat (@instHAdd.{0} Nat instAddNat)
                (@HMul.hMul.{0, 0, 0} Nat Nat Nat (@instHMul.{0} Nat instMulNat)
                  (@OfNat.ofNat.{0} Nat (nat_lit 4096) (instOfNatNat (nat_lit 4096))) (RetryIID.Chunk.extra c))
                (@HMul.hMul.{0, 0, 0} Nat Nat Nat (@instHMul.{0} Nat instMulNat)
                  (@OfNat.ofNat.{0} Nat (nat_lit 4096) (instOfNatNat (nat_lit 4096)))
                  (@List.sum.{0} Nat instAddNat (@Zero.ofOfNat0.{0} Nat (instOfNatNat (nat_lit 0)))
                    (@List.map.{0, 0} RetryIID.Chunk Nat RetryIID.Chunk.extra cs)))))
            (@HAdd.hAdd.{0, 0, 0} Nat Nat Nat (@instHAdd.{0} Nat instAddNat)
              (@HAdd.hAdd.{0, 0, 0} Nat Nat Nat (@instHAdd.{0} Nat instAddNat)
                (@HAdd.hAdd.{0, 0, 0} Nat Nat Nat (@instHAdd.{0} Nat instAddNat)
                  (@HMul.hMul.{0, 0, 0} Nat Nat Nat (@instHMul.{0} Nat instMulNat)
                    (@OfNat.ofNat.{0} Nat (nat_lit 33) (instOfNatNat (nat_lit 33))) (RetryIID.Chunk.proposals c))
                  (@HMul.hMul.{0, 0, 0} Nat Nat Nat (@instHMul.{0} Nat instMulNat)
                    (@OfNat.ofNat.{0} Nat (nat_lit 33) (instOfNatNat (nat_lit 33)))
                    (@List.sum.{0} Nat instAddNat (@Zero.ofOfNat0.{0} Nat (instOfNatNat (nat_lit 0)))
                      (@List.map.{0, 0} RetryIID.Chunk Nat RetryIID.Chunk.proposals cs))))
                (@HAdd.hAdd.{0, 0, 0} Nat Nat Nat (@instHAdd.{0} Nat instAddNat) (RetryIID.Chunk.drops c)
                  (@List.sum.{0} Nat instAddNat (@Zero.ofOfNat0.{0} Nat (instOfNatNat (nat_lit 0)))
                    (@List.map.{0, 0} RetryIID.Chunk Nat RetryIID.Chunk.drops cs))))
              (@HAdd.hAdd.{0, 0, 0} Nat Nat Nat (@instHAdd.{0} Nat instAddNat)
                (@HSub.hSub.{0, 0, 0} Nat Nat Nat (@instHSub.{0} Nat instSubNat)
                  (@OfNat.ofNat.{0} Nat (nat_lit 4096) (instOfNatNat (nat_lit 4096))) (RetryIID.Chunk.finalPtr c))
                (@List.sum.{0} Nat instAddNat (@Zero.ofOfNat0.{0} Nat (instOfNatNat (nat_lit 0)))
                  (@List.map.{0, 0} RetryIID.Chunk Nat
                    (fun (c : RetryIID.Chunk) =>
                      @HSub.hSub.{0, 0, 0} Nat Nat Nat (@instHSub.{0} Nat instSubNat)
                        (@OfNat.ofNat.{0} Nat (nat_lit 4096) (instOfNatNat (nat_lit 4096))) (RetryIID.Chunk.finalPtr c))
                    cs)))))
          fun (a : ⋯) =>
          RetryIID.chunk_sum._proof_1_1 c cs
            (@Eq.mp.{0}
              (@Eq.{1} Nat
                (@HMul.hMul.{0, 0, 0} Nat Nat Nat (@instHMul.{0} Nat instMulNat)
                  (@OfNat.ofNat.{0} Nat (nat_lit 4096) (instOfNatNat (nat_lit 4096)))
                  (@HAdd.hAdd.{0, 0, 0} Nat Nat Nat (@instHAdd.{0} Nat instAddNat)
                    (@OfNat.ofNat.{0} Nat (nat_lit 1) (instOfNatNat (nat_lit 1))) (RetryIID.Chunk.extra c)))
                (@HAdd.hAdd.{0, 0, 0} Nat Nat Nat (@instHAdd.{0} Nat instAddNat)
                  (@HAdd.hAdd.{0, 0, 0} Nat Nat Nat (@instHAdd.{0} Nat instAddNat)
                    (@HMul.hMul.{0, 0, 0} Nat Nat Nat (@instHMul.{0} Nat instMulNat)
                      (@OfNat.ofNat.{0} Nat (nat_lit 33) (instOfNatNat (nat_lit 33))) (RetryIID.Chunk.proposals c))
                    (RetryIID.Chunk.drops c))
                  (@HSub.hSub.{0, 0, 0} Nat Nat Nat (@instHSub.{0} Nat instSubNat)
                    (@OfNat.ofNat.{0} Nat (nat_lit 4096) (instOfNatNat (nat_lit 4096))) (RetryIID.Chunk.finalPtr c))))
              (@Eq.{1} Nat
                (@HAdd.hAdd.{0, 0, 0} Nat Nat Nat (@instHAdd.{0} Nat instAddNat)
                  (@HMul.hMul.{0, 0, 0} Nat Nat Nat (@instHMul.{0} Nat instMulNat)
                    (@OfNat.ofNat.{0} Nat (nat_lit 4096) (instOfNatNat (nat_lit 4096)))
                    (@OfNat.ofNat.{0} Nat (nat_lit 1) (instOfNatNat (nat_lit 1))))
                  (@HMul.hMul.{0, 0, 0} Nat Nat Nat (@instHMul.{0} Nat instMulNat)
                    (@OfNat.ofNat.{0} Nat (nat_lit 4096) (instOfNatNat (nat_lit 4096))) (RetryIID.Chunk.extra c)))
                (@HAdd.hAdd.{0, 0, 0} Nat Nat Nat (@instHAdd.{0} Nat instAddNat)
                  (@HAdd.hAdd.{0, 0, 0} Nat Nat Nat (@instHAdd.{0} Nat instAddNat)
                    (@HMul.hMul.{0, 0, 0} Nat Nat Nat (@instHMul.{0} Nat instMulNat)
                      (@OfNat.ofNat.{0} Nat (nat_lit 33) (instOfNatNat (nat_lit 33))) (RetryIID.Chunk.proposals c))
                    (RetryIID.Chunk.drops c))
                  (@HSub.hSub.{0, 0, 0} Nat Nat Nat (@instHSub.{0} Nat instSubNat)
                    (@OfNat.ofNat.{0} Nat (nat_lit 4096) (instOfNatNat (nat_lit 4096))) (RetryIID.Chunk.finalPtr c))))
              (@congrFun'.{1, 1} Nat Prop
                (@Eq.{1} Nat
                  (@HMul.hMul.{0, 0, 0} Nat Nat Nat (@instHMul.{0} Nat instMulNat)
                    (@OfNat.ofNat.{0} Nat (nat_lit 4096) (instOfNatNat (nat_lit 4096)))
                    (@HAdd.hAdd.{0, 0, 0} Nat Nat Nat (@instHAdd.{0} Nat instAddNat)
                      (@OfNat.ofNat.{0} Nat (nat_lit 1) (instOfNatNat (nat_lit 1))) (RetryIID.Chunk.extra c))))
                (@Eq.{1} Nat
                  (@HAdd.hAdd.{0, 0, 0} Nat Nat Nat (@instHAdd.{0} Nat instAddNat)
                    (@HMul.hMul.{0, 0, 0} Nat Nat Nat (@instHMul.{0} Nat instMulNat)
                      (@OfNat.ofNat.{0} Nat (nat_lit 4096) (instOfNatNat (nat_lit 4096)))
                      (@OfNat.ofNat.{0} Nat (nat_lit 1) (instOfNatNat (nat_lit 1))))
                    (@HMul.hMul.{0, 0, 0} Nat Nat Nat (@instHMul.{0} Nat instMulNat)
                      (@OfNat.ofNat.{0} Nat (nat_lit 4096) (instOfNatNat (nat_lit 4096))) (RetryIID.Chunk.extra c))))
                (@congrArg.{1, 1} Nat (Nat → Prop)
                  (@HMul.hMul.{0, 0, 0} Nat Nat Nat (@instHMul.{0} Nat instMulNat)
                    (@OfNat.ofNat.{0} Nat (nat_lit 4096) (instOfNatNat (nat_lit 4096)))
                    (@HAdd.hAdd.{0, 0, 0} Nat Nat Nat (@instHAdd.{0} Nat instAddNat)
                      (@OfNat.ofNat.{0} Nat (nat_lit 1) (instOfNatNat (nat_lit 1))) (RetryIID.Chunk.extra c)))
                  (@HAdd.hAdd.{0, 0, 0} Nat ⋯ ⋯ ⋯ ⋯ ⋯) ⋯ ⋯)
                ⋯)
              ⋯)
            ⋯ ⋯))
    ⋯ ⋯
RetryIID.block_bound_numbers : And
  (@Eq.{1} Nat
    (@HDiv.hDiv.{0, 0, 0} Nat Nat Nat (@instHDiv.{0} Nat Nat.instDiv)
      (@HSub.hSub.{0, 0, 0} Nat Nat Nat (@instHSub.{0} Nat instSubNat)
        (@HMul.hMul.{0, 0, 0} Nat Nat Nat (@instHMul.{0} Nat instMulNat)
          (@OfNat.ofNat.{0} Nat (nat_lit 33) (instOfNatNat (nat_lit 33)))
          (@OfNat.ofNat.{0} Nat (nat_lit 49152) (instOfNatNat (nat_lit 49152))))
        (@OfNat.ofNat.{0} Nat (nat_lit 8) (instOfNatNat (nat_lit 8))))
      (@OfNat.ofNat.{0} Nat (nat_lit 4087) (instOfNatNat (nat_lit 4087))))
    (@OfNat.ofNat.{0} Nat (nat_lit 396) (instOfNatNat (nat_lit 396))))
  (And
    (@Eq.{1} Nat
      (@HMul.hMul.{0, 0, 0} Nat Nat Nat (@instHMul.{0} Nat instMulNat)
        (@OfNat.ofNat.{0} Nat (nat_lit 16) (instOfNatNat (nat_lit 16)))
        (@HAdd.hAdd.{0, 0, 0} Nat Nat Nat (@instHAdd.{0} Nat instAddNat)
          (@OfNat.ofNat.{0} Nat (nat_lit 396) (instOfNatNat (nat_lit 396)))
          (@OfNat.ofNat.{0} Nat (nat_lit 1) (instOfNatNat (nat_lit 1)))))
      (@OfNat.ofNat.{0} Nat (nat_lit 6352) (instOfNatNat (nat_lit 6352))))
    (@Eq.{1} Nat
      (@HMul.hMul.{0, 0, 0} Nat Nat Nat (@instHMul.{0} Nat instMulNat)
        (@OfNat.ofNat.{0} Nat (nat_lit 6352) (instOfNatNat (nat_lit 6352)))
        (@OfNat.ofNat.{0} Nat (nat_lit 4096) (instOfNatNat (nat_lit 4096))))
      (@OfNat.ofNat.{0} Nat (nat_lit 26017792) (instOfNatNat (nat_lit 26017792)))))
theorem RetryIID.block_bound_numbers : And
  (@Eq.{1} Nat
    (@HDiv.hDiv.{0, 0, 0} Nat Nat Nat (@instHDiv.{0} Nat Nat.instDiv)
      (@HSub.hSub.{0, 0, 0} Nat Nat Nat (@instHSub.{0} Nat instSubNat)
        (@HMul.hMul.{0, 0, 0} Nat Nat Nat (@instHMul.{0} Nat instMulNat)
          (@OfNat.ofNat.{0} Nat (nat_lit 33) (instOfNatNat (nat_lit 33)))
          (@OfNat.ofNat.{0} Nat (nat_lit 49152) (instOfNatNat (nat_lit 49152))))
        (@OfNat.ofNat.{0} Nat (nat_lit 8) (instOfNatNat (nat_lit 8))))
      (@OfNat.ofNat.{0} Nat (nat_lit 4087) (instOfNatNat (nat_lit 4087))))
    (@OfNat.ofNat.{0} Nat (nat_lit 396) (instOfNatNat (nat_lit 396))))
  (And
    (@Eq.{1} Nat
      (@HMul.hMul.{0, 0, 0} Nat Nat Nat (@instHMul.{0} Nat instMulNat)
        (@OfNat.ofNat.{0} Nat (nat_lit 16) (instOfNatNat (nat_lit 16)))
        (@HAdd.hAdd.{0, 0, 0} Nat Nat Nat (@instHAdd.{0} Nat instAddNat)
          (@OfNat.ofNat.{0} Nat (nat_lit 396) (instOfNatNat (nat_lit 396)))
          (@OfNat.ofNat.{0} Nat (nat_lit 1) (instOfNatNat (nat_lit 1)))))
      (@OfNat.ofNat.{0} Nat (nat_lit 6352) (instOfNatNat (nat_lit 6352))))
    (@Eq.{1} Nat
      (@HMul.hMul.{0, 0, 0} Nat Nat Nat (@instHMul.{0} Nat instMulNat)
        (@OfNat.ofNat.{0} Nat (nat_lit 6352) (instOfNatNat (nat_lit 6352)))
        (@OfNat.ofNat.{0} Nat (nat_lit 4096) (instOfNatNat (nat_lit 4096))))
      (@OfNat.ofNat.{0} Nat (nat_lit 26017792) (instOfNatNat (nat_lit 26017792))))) :=
@of_decide_eq_true
  (And
    (@Eq.{1} Nat
      (@HDiv.hDiv.{0, 0, 0} Nat Nat Nat (@instHDiv.{0} Nat Nat.instDiv)
        (@HSub.hSub.{0, 0, 0} Nat Nat Nat (@instHSub.{0} Nat instSubNat)
          (@HMul.hMul.{0, 0, 0} Nat Nat Nat (@instHMul.{0} Nat instMulNat)
            (@OfNat.ofNat.{0} Nat (nat_lit 33) (instOfNatNat (nat_lit 33)))
            (@OfNat.ofNat.{0} Nat (nat_lit 49152) (instOfNatNat (nat_lit 49152))))
          (@OfNat.ofNat.{0} Nat (nat_lit 8) (instOfNatNat (nat_lit 8))))
        (@OfNat.ofNat.{0} Nat (nat_lit 4087) (instOfNatNat (nat_lit 4087))))
      (@OfNat.ofNat.{0} Nat (nat_lit 396) (instOfNatNat (nat_lit 396))))
    (And
      (@Eq.{1} Nat
        (@HMul.hMul.{0, 0, 0} Nat Nat Nat (@instHMul.{0} Nat instMulNat)
          (@OfNat.ofNat.{0} Nat (nat_lit 16) (instOfNatNat (nat_lit 16)))
          (@HAdd.hAdd.{0, 0, 0} Nat Nat Nat (@instHAdd.{0} Nat instAddNat)
            (@OfNat.ofNat.{0} Nat (nat_lit 396) (instOfNatNat (nat_lit 396)))
            (@OfNat.ofNat.{0} Nat (nat_lit 1) (instOfNatNat (nat_lit 1)))))
        (@OfNat.ofNat.{0} Nat (nat_lit 6352) (instOfNatNat (nat_lit 6352))))
      (@Eq.{1} Nat
        (@HMul.hMul.{0, 0, 0} Nat Nat Nat (@instHMul.{0} Nat instMulNat)
          (@OfNat.ofNat.{0} Nat (nat_lit 6352) (instOfNatNat (nat_lit 6352)))
          (@OfNat.ofNat.{0} Nat (nat_lit 4096) (instOfNatNat (nat_lit 4096))))
        (@OfNat.ofNat.{0} Nat (nat_lit 26017792) (instOfNatNat (nat_lit 26017792))))))
  (@instDecidableAnd
    (@Eq.{1} Nat
      (@HDiv.hDiv.{0, 0, 0} Nat Nat Nat (@instHDiv.{0} Nat Nat.instDiv)
        (@HSub.hSub.{0, 0, 0} Nat Nat Nat (@instHSub.{0} Nat instSubNat)
          (@HMul.hMul.{0, 0, 0} Nat Nat Nat (@instHMul.{0} Nat instMulNat)
            (@OfNat.ofNat.{0} Nat (nat_lit 33) (instOfNatNat (nat_lit 33)))
            (@OfNat.ofNat.{0} Nat (nat_lit 49152) (instOfNatNat (nat_lit 49152))))
          (@OfNat.ofNat.{0} Nat (nat_lit 8) (instOfNatNat (nat_lit 8))))
        (@OfNat.ofNat.{0} Nat (nat_lit 4087) (instOfNatNat (nat_lit 4087))))
      (@OfNat.ofNat.{0} Nat (nat_lit 396) (instOfNatNat (nat_lit 396))))
    (And
      (@Eq.{1} Nat
        (@HMul.hMul.{0, 0, 0} Nat Nat Nat (@instHMul.{0} Nat instMulNat)
          (@OfNat.ofNat.{0} Nat (nat_lit 16) (instOfNatNat (nat_lit 16)))
          (@HAdd.hAdd.{0, 0, 0} Nat Nat Nat (@instHAdd.{0} Nat instAddNat)
            (@OfNat.ofNat.{0} Nat (nat_lit 396) (instOfNatNat (nat_lit 396)))
            (@OfNat.ofNat.{0} Nat (nat_lit 1) (instOfNatNat (nat_lit 1)))))
        (@OfNat.ofNat.{0} Nat (nat_lit 6352) (instOfNatNat (nat_lit 6352))))
      (@Eq.{1} Nat
        (@HMul.hMul.{0, 0, 0} Nat Nat Nat (@instHMul.{0} Nat instMulNat)
          (@OfNat.ofNat.{0} Nat (nat_lit 6352) (instOfNatNat (nat_lit 6352)))
          (@OfNat.ofNat.{0} Nat (nat_lit 4096) (instOfNatNat (nat_lit 4096))))
        (@OfNat.ofNat.{0} Nat (nat_lit 26017792) (instOfNatNat (nat_lit 26017792)))))
    (instDecidableEqNat
      (@HDiv.hDiv.{0, 0, 0} Nat Nat Nat (@instHDiv.{0} Nat Nat.instDiv)
        (@HSub.hSub.{0, 0, 0} Nat Nat Nat (@instHSub.{0} Nat instSubNat)
          (@HMul.hMul.{0, 0, 0} Nat Nat Nat (@instHMul.{0} Nat instMulNat)
            (@OfNat.ofNat.{0} Nat (nat_lit 33) (instOfNatNat (nat_lit 33)))
            (@OfNat.ofNat.{0} Nat (nat_lit 49152) (instOfNatNat (nat_lit 49152))))
          (@OfNat.ofNat.{0} Nat (nat_lit 8) (instOfNatNat (nat_lit 8))))
        (@OfNat.ofNat.{0} Nat (nat_lit 4087) (instOfNatNat (nat_lit 4087))))
      (@OfNat.ofNat.{0} Nat (nat_lit 396) (instOfNatNat (nat_lit 396))))
    (@instDecidableAnd
      (@Eq.{1} Nat
        (@HMul.hMul.{0, 0, 0} Nat Nat Nat (@instHMul.{0} Nat instMulNat)
          (@OfNat.ofNat.{0} Nat (nat_lit 16) (instOfNatNat (nat_lit 16)))
          (@HAdd.hAdd.{0, 0, 0} Nat Nat Nat (@instHAdd.{0} Nat instAddNat)
            (@OfNat.ofNat.{0} Nat (nat_lit 396) (instOfNatNat (nat_lit 396)))
            (@OfNat.ofNat.{0} Nat (nat_lit 1) (instOfNatNat (nat_lit 1)))))
        (@OfNat.ofNat.{0} Nat (nat_lit 6352) (instOfNatNat (nat_lit 6352))))
      (@Eq.{1} Nat
        (@HMul.hMul.{0, 0, 0} Nat Nat Nat (@instHMul.{0} Nat instMulNat)
          (@OfNat.ofNat.{0} Nat (nat_lit 6352) (instOfNatNat (nat_lit 6352)))
          (@OfNat.ofNat.{0} Nat (nat_lit 4096) (instOfNatNat (nat_lit 4096))))
        (@OfNat.ofNat.{0} Nat (nat_lit 26017792) (instOfNatNat (nat_lit 26017792))))
      (instDecidableEqNat
        (@HMul.hMul.{0, 0, 0} Nat Nat Nat (@instHMul.{0} Nat instMulNat)
          (@OfNat.ofNat.{0} Nat (nat_lit 16) (instOfNatNat (nat_lit 16)))
          (@HAdd.hAdd.{0, 0, 0} Nat Nat Nat (@instHAdd.{0} Nat instAddNat)
            (@OfNat.ofNat.{0} Nat (nat_lit 396) (instOfNatNat (nat_lit 396)))
            (@OfNat.ofNat.{0} Nat (nat_lit 1) (instOfNatNat (nat_lit 1)))))
        (@OfNat.ofNat.{0} Nat (nat_lit 6352) (instOfNatNat (nat_lit 6352))))
      (instDecidableEqNat
        (@HMul.hMul.{0, 0, 0} Nat Nat Nat (@instHMul.{0} Nat instMulNat)
          (@OfNat.ofNat.{0} Nat (nat_lit 6352) (instOfNatNat (nat_lit 6352)))
          (@OfNat.ofNat.{0} Nat (nat_lit 4096) (instOfNatNat (nat_lit 4096))))
        (@OfNat.ofNat.{0} Nat (nat_lit 26017792) (instOfNatNat (nat_lit 26017792))))))
  (@id.{0}
    (@Eq.{1} Bool
      (@Decidable.decide
        (And
          (@Eq.{1} Nat
            (@HDiv.hDiv.{0, 0, 0} Nat Nat Nat (@instHDiv.{0} Nat Nat.instDiv)
              (@HSub.hSub.{0, 0, 0} Nat Nat Nat (@instHSub.{0} Nat instSubNat)
                (@HMul.hMul.{0, 0, 0} Nat Nat Nat (@instHMul.{0} Nat instMulNat)
                  (@OfNat.ofNat.{0} Nat (nat_lit 33) (instOfNatNat (nat_lit 33)))
                  (@OfNat.ofNat.{0} Nat (nat_lit 49152) (instOfNatNat (nat_lit 49152))))
                (@OfNat.ofNat.{0} Nat (nat_lit 8) (instOfNatNat (nat_lit 8))))
              (@OfNat.ofNat.{0} Nat (nat_lit 4087) (instOfNatNat (nat_lit 4087))))
            (@OfNat.ofNat.{0} Nat (nat_lit 396) (instOfNatNat (nat_lit 396))))
          (And
            (@Eq.{1} Nat
              (@HMul.hMul.{0, 0, 0} Nat Nat Nat (@instHMul.{0} Nat instMulNat)
                (@OfNat.ofNat.{0} Nat (nat_lit 16) (instOfNatNat (nat_lit 16)))
                (@HAdd.hAdd.{0, 0, 0} Nat Nat Nat (@instHAdd.{0} Nat instAddNat)
                  (@OfNat.ofNat.{0} Nat (nat_lit 396) (instOfNatNat (nat_lit 396)))
                  (@OfNat.ofNat.{0} Nat (nat_lit 1) (instOfNatNat (nat_lit 1)))))
              (@OfNat.ofNat.{0} Nat (nat_lit 6352) (instOfNatNat (nat_lit 6352))))
            (@Eq.{1} Nat
              (@HMul.hMul.{0, 0, 0} Nat Nat Nat (@instHMul.{0} Nat instMulNat)
                (@OfNat.ofNat.{0} Nat (nat_lit 6352) (instOfNatNat (nat_lit 6352)))
                (@OfNat.ofNat.{0} Nat (nat_lit 4096) (instOfNatNat (nat_lit 4096))))
              (@OfNat.ofNat.{0} Nat (nat_lit 26017792) (instOfNatNat (nat_lit 26017792))))))
        (@instDecidableAnd
          (@Eq.{1} Nat
            (@HDiv.hDiv.{0, 0, 0} Nat Nat Nat (@instHDiv.{0} Nat Nat.instDiv)
              (@HSub.hSub.{0, 0, 0} Nat Nat Nat (@instHSub.{0} Nat instSubNat)
                (@HMul.hMul.{0, 0, 0} Nat Nat Nat (@instHMul.{0} Nat instMulNat)
                  (@OfNat.ofNat.{0} Nat (nat_lit 33) (instOfNatNat (nat_lit 33)))
                  (@OfNat.ofNat.{0} Nat (nat_lit 49152) (instOfNatNat (nat_lit 49152))))
                (@OfNat.ofNat.{0} Nat (nat_lit 8) (instOfNatNat (nat_lit 8))))
              (@OfNat.ofNat.{0} Nat (nat_lit 4087) (instOfNatNat (nat_lit 4087))))
            (@OfNat.ofNat.{0} Nat (nat_lit 396) (instOfNatNat (nat_lit 396))))
          (And
            (@Eq.{1} Nat
              (@HMul.hMul.{0, 0, 0} Nat Nat Nat (@instHMul.{0} Nat instMulNat)
                (@OfNat.ofNat.{0} Nat (nat_lit 16) (instOfNatNat (nat_lit 16)))
                (@HAdd.hAdd.{0, 0, 0} Nat Nat Nat (@instHAdd.{0} Nat instAddNat)
                  (@OfNat.ofNat.{0} Nat (nat_lit 396) (instOfNatNat (nat_lit 396)))
                  (@OfNat.ofNat.{0} Nat (nat_lit 1) (instOfNatNat (nat_lit 1)))))
              (@OfNat.ofNat.{0} Nat (nat_lit 6352) (instOfNatNat (nat_lit 6352))))
            (@Eq.{1} Nat
              (@HMul.hMul.{0, 0, 0} Nat Nat Nat (@instHMul.{0} Nat instMulNat)
                (@OfNat.ofNat.{0} Nat (nat_lit 6352) (instOfNatNat (nat_lit 6352)))
                (@OfNat.ofNat.{0} Nat (nat_lit 4096) (instOfNatNat (nat_lit 4096))))
              (@OfNat.ofNat.{0} Nat (nat_lit 26017792) (instOfNatNat (nat_lit 26017792)))))
          (instDecidableEqNat
            (@HDiv.hDiv.{0, 0, 0} Nat Nat Nat (@instHDiv.{0} Nat Nat.instDiv)
              (@HSub.hSub.{0, 0, 0} Nat Nat Nat (@instHSub.{0} Nat instSubNat)
                (@HMul.hMul.{0, 0, 0} Nat Nat Nat (@instHMul.{0} Nat instMulNat)
                  (@OfNat.ofNat.{0} Nat (nat_lit 33) (instOfNatNat (nat_lit 33)))
                  (@OfNat.ofNat.{0} Nat (nat_lit 49152) (instOfNatNat (nat_lit 49152))))
                (@OfNat.ofNat.{0} Nat (nat_lit 8) (instOfNatNat (nat_lit 8))))
              (@OfNat.ofNat.{0} Nat (nat_lit 4087) (instOfNatNat (nat_lit 4087))))
            (@OfNat.ofNat.{0} Nat (nat_lit 396) (instOfNatNat (nat_lit 396))))
          (@instDecidableAnd
            (@Eq.{1} Nat
              (@HMul.hMul.{0, 0, 0} Nat Nat Nat (@instHMul.{0} Nat instMulNat)
                (@OfNat.ofNat.{0} Nat (nat_lit 16) (instOfNatNat (nat_lit 16)))
                (@HAdd.hAdd.{0, 0, 0} Nat Nat Nat (@instHAdd.{0} Nat instAddNat)
                  (@OfNat.ofNat.{0} Nat (nat_lit 396) (instOfNatNat (nat_lit 396)))
                  (@OfNat.ofNat.{0} Nat (nat_lit 1) (instOfNatNat (nat_lit 1)))))
              (@OfNat.ofNat.{0} Nat (nat_lit 6352) (instOfNatNat (nat_lit 6352))))
            (@Eq.{1} Nat
              (@HMul.hMul.{0, 0, 0} Nat Nat Nat (@instHMul.{0} Nat instMulNat)
                (@OfNat.ofNat.{0} Nat (nat_lit 6352) (instOfNatNat (nat_lit 6352)))
                (@OfNat.ofNat.{0} Nat (nat_lit 4096) (instOfNatNat (nat_lit 4096))))
              (@OfNat.ofNat.{0} Nat (nat_lit 26017792) (instOfNatNat (nat_lit 26017792))))
            (instDecidableEqNat
              (@HMul.hMul.{0, 0, 0} Nat Nat Nat (@instHMul.{0} Nat instMulNat)
                (@OfNat.ofNat.{0} Nat (nat_lit 16) (instOfNatNat (nat_lit 16)))
                (@HAdd.hAdd.{0, 0, 0} Nat Nat Nat (@instHAdd.{0} Nat instAddNat)
                  (@OfNat.ofNat.{0} Nat (nat_lit 396) (instOfNatNat (nat_lit 396)))
                  (@OfNat.ofNat.{0} Nat (nat_lit 1) (instOfNatNat (nat_lit 1)))))
              (@OfNat.ofNat.{0} Nat (nat_lit 6352) (instOfNatNat (nat_lit 6352))))
            (instDecidableEqNat
              (@HMul.hMul.{0, 0, 0} Nat Nat Nat (@instHMul.{0} Nat instMulNat)
                (@OfNat.ofNat.{0} Nat (nat_lit 6352) (instOfNatNat (nat_lit 6352)))
                (@OfNat.ofNat.{0} Nat (nat_lit 4096) (instOfNatNat (nat_lit 4096))))
              (@OfNat.ofNat.{0} Nat (nat_lit 26017792) (instOfNatNat (nat_lit 26017792)))))))
      Bool.true)
    (@Eq.refl.{1} Bool Bool.true))
RetryIID.root_request_budget : And
  (@Eq.{1} Nat
    (@HMul.hMul.{0, 0, 0} Nat Nat Nat (@instHMul.{0} Nat instMulNat)
      (@OfNat.ofNat.{0} Nat (nat_lit 56) (instOfNatNat (nat_lit 56)))
      (@OfNat.ofNat.{0} Nat (nat_lit 16) (instOfNatNat (nat_lit 16))))
    (@OfNat.ofNat.{0} Nat (nat_lit 896) (instOfNatNat (nat_lit 896))))
  (And
    (@Eq.{1} Nat
      (@HAdd.hAdd.{0, 0, 0} Nat Nat Nat (@instHAdd.{0} Nat instAddNat)
        (@OfNat.ofNat.{0} Nat (nat_lit 40) (instOfNatNat (nat_lit 40)))
        (@HMul.hMul.{0, 0, 0} Nat Nat Nat (@instHMul.{0} Nat instMulNat)
          (@OfNat.ofNat.{0} Nat (nat_lit 56) (instOfNatNat (nat_lit 56)))
          (@OfNat.ofNat.{0} Nat (nat_lit 16) (instOfNatNat (nat_lit 16)))))
      (@OfNat.ofNat.{0} Nat (nat_lit 936) (instOfNatNat (nat_lit 936))))
    (@Eq.{1} Nat
      (@HMul.hMul.{0, 0, 0} Nat Nat Nat (@instHMul.{0} Nat instMulNat)
        (@OfNat.ofNat.{0} Nat (nat_lit 15) (instOfNatNat (nat_lit 15)))
        (@OfNat.ofNat.{0} Nat (nat_lit 4088) (instOfNatNat (nat_lit 4088))))
      (@OfNat.ofNat.{0} Nat (nat_lit 61320) (instOfNatNat (nat_lit 61320)))))
theorem RetryIID.root_request_budget : And
  (@Eq.{1} Nat
    (@HMul.hMul.{0, 0, 0} Nat Nat Nat (@instHMul.{0} Nat instMulNat)
      (@OfNat.ofNat.{0} Nat (nat_lit 56) (instOfNatNat (nat_lit 56)))
      (@OfNat.ofNat.{0} Nat (nat_lit 16) (instOfNatNat (nat_lit 16))))
    (@OfNat.ofNat.{0} Nat (nat_lit 896) (instOfNatNat (nat_lit 896))))
  (And
    (@Eq.{1} Nat
      (@HAdd.hAdd.{0, 0, 0} Nat Nat Nat (@instHAdd.{0} Nat instAddNat)
        (@OfNat.ofNat.{0} Nat (nat_lit 40) (instOfNatNat (nat_lit 40)))
        (@HMul.hMul.{0, 0, 0} Nat Nat Nat (@instHMul.{0} Nat instMulNat)
          (@OfNat.ofNat.{0} Nat (nat_lit 56) (instOfNatNat (nat_lit 56)))
          (@OfNat.ofNat.{0} Nat (nat_lit 16) (instOfNatNat (nat_lit 16)))))
      (@OfNat.ofNat.{0} Nat (nat_lit 936) (instOfNatNat (nat_lit 936))))
    (@Eq.{1} Nat
      (@HMul.hMul.{0, 0, 0} Nat Nat Nat (@instHMul.{0} Nat instMulNat)
        (@OfNat.ofNat.{0} Nat (nat_lit 15) (instOfNatNat (nat_lit 15)))
        (@OfNat.ofNat.{0} Nat (nat_lit 4088) (instOfNatNat (nat_lit 4088))))
      (@OfNat.ofNat.{0} Nat (nat_lit 61320) (instOfNatNat (nat_lit 61320))))) :=
@of_decide_eq_true
  (And
    (@Eq.{1} Nat
      (@HMul.hMul.{0, 0, 0} Nat Nat Nat (@instHMul.{0} Nat instMulNat)
        (@OfNat.ofNat.{0} Nat (nat_lit 56) (instOfNatNat (nat_lit 56)))
        (@OfNat.ofNat.{0} Nat (nat_lit 16) (instOfNatNat (nat_lit 16))))
      (@OfNat.ofNat.{0} Nat (nat_lit 896) (instOfNatNat (nat_lit 896))))
    (And
      (@Eq.{1} Nat
        (@HAdd.hAdd.{0, 0, 0} Nat Nat Nat (@instHAdd.{0} Nat instAddNat)
          (@OfNat.ofNat.{0} Nat (nat_lit 40) (instOfNatNat (nat_lit 40)))
          (@HMul.hMul.{0, 0, 0} Nat Nat Nat (@instHMul.{0} Nat instMulNat)
            (@OfNat.ofNat.{0} Nat (nat_lit 56) (instOfNatNat (nat_lit 56)))
            (@OfNat.ofNat.{0} Nat (nat_lit 16) (instOfNatNat (nat_lit 16)))))
        (@OfNat.ofNat.{0} Nat (nat_lit 936) (instOfNatNat (nat_lit 936))))
      (@Eq.{1} Nat
        (@HMul.hMul.{0, 0, 0} Nat Nat Nat (@instHMul.{0} Nat instMulNat)
          (@OfNat.ofNat.{0} Nat (nat_lit 15) (instOfNatNat (nat_lit 15)))
          (@OfNat.ofNat.{0} Nat (nat_lit 4088) (instOfNatNat (nat_lit 4088))))
        (@OfNat.ofNat.{0} Nat (nat_lit 61320) (instOfNatNat (nat_lit 61320))))))
  (@instDecidableAnd
    (@Eq.{1} Nat
      (@HMul.hMul.{0, 0, 0} Nat Nat Nat (@instHMul.{0} Nat instMulNat)
        (@OfNat.ofNat.{0} Nat (nat_lit 56) (instOfNatNat (nat_lit 56)))
        (@OfNat.ofNat.{0} Nat (nat_lit 16) (instOfNatNat (nat_lit 16))))
      (@OfNat.ofNat.{0} Nat (nat_lit 896) (instOfNatNat (nat_lit 896))))
    (And
      (@Eq.{1} Nat
        (@HAdd.hAdd.{0, 0, 0} Nat Nat Nat (@instHAdd.{0} Nat instAddNat)
          (@OfNat.ofNat.{0} Nat (nat_lit 40) (instOfNatNat (nat_lit 40)))
          (@HMul.hMul.{0, 0, 0} Nat Nat Nat (@instHMul.{0} Nat instMulNat)
            (@OfNat.ofNat.{0} Nat (nat_lit 56) (instOfNatNat (nat_lit 56)))
            (@OfNat.ofNat.{0} Nat (nat_lit 16) (instOfNatNat (nat_lit 16)))))
        (@OfNat.ofNat.{0} Nat (nat_lit 936) (instOfNatNat (nat_lit 936))))
      (@Eq.{1} Nat
        (@HMul.hMul.{0, 0, 0} Nat Nat Nat (@instHMul.{0} Nat instMulNat)
          (@OfNat.ofNat.{0} Nat (nat_lit 15) (instOfNatNat (nat_lit 15)))
          (@OfNat.ofNat.{0} Nat (nat_lit 4088) (instOfNatNat (nat_lit 4088))))
        (@OfNat.ofNat.{0} Nat (nat_lit 61320) (instOfNatNat (nat_lit 61320)))))
    (instDecidableEqNat
      (@HMul.hMul.{0, 0, 0} Nat Nat Nat (@instHMul.{0} Nat instMulNat)
        (@OfNat.ofNat.{0} Nat (nat_lit 56) (instOfNatNat (nat_lit 56)))
        (@OfNat.ofNat.{0} Nat (nat_lit 16) (instOfNatNat (nat_lit 16))))
      (@OfNat.ofNat.{0} Nat (nat_lit 896) (instOfNatNat (nat_lit 896))))
    (@instDecidableAnd
      (@Eq.{1} Nat
        (@HAdd.hAdd.{0, 0, 0} Nat Nat Nat (@instHAdd.{0} Nat instAddNat)
          (@OfNat.ofNat.{0} Nat (nat_lit 40) (instOfNatNat (nat_lit 40)))
          (@HMul.hMul.{0, 0, 0} Nat Nat Nat (@instHMul.{0} Nat instMulNat)
            (@OfNat.ofNat.{0} Nat (nat_lit 56) (instOfNatNat (nat_lit 56)))
            (@OfNat.ofNat.{0} Nat (nat_lit 16) (instOfNatNat (nat_lit 16)))))
        (@OfNat.ofNat.{0} Nat (nat_lit 936) (instOfNatNat (nat_lit 936))))
      (@Eq.{1} Nat
        (@HMul.hMul.{0, 0, 0} Nat Nat Nat (@instHMul.{0} Nat instMulNat)
          (@OfNat.ofNat.{0} Nat (nat_lit 15) (instOfNatNat (nat_lit 15)))
          (@OfNat.ofNat.{0} Nat (nat_lit 4088) (instOfNatNat (nat_lit 4088))))
        (@OfNat.ofNat.{0} Nat (nat_lit 61320) (instOfNatNat (nat_lit 61320))))
      (instDecidableEqNat
        (@HAdd.hAdd.{0, 0, 0} Nat Nat Nat (@instHAdd.{0} Nat instAddNat)
          (@OfNat.ofNat.{0} Nat (nat_lit 40) (instOfNatNat (nat_lit 40)))
          (@HMul.hMul.{0, 0, 0} Nat Nat Nat (@instHMul.{0} Nat instMulNat)
            (@OfNat.ofNat.{0} Nat (nat_lit 56) (instOfNatNat (nat_lit 56)))
            (@OfNat.ofNat.{0} Nat (nat_lit 16) (instOfNatNat (nat_lit 16)))))
        (@OfNat.ofNat.{0} Nat (nat_lit 936) (instOfNatNat (nat_lit 936))))
      (instDecidableEqNat
        (@HMul.hMul.{0, 0, 0} Nat Nat Nat (@instHMul.{0} Nat instMulNat)
          (@OfNat.ofNat.{0} Nat (nat_lit 15) (instOfNatNat (nat_lit 15)))
          (@OfNat.ofNat.{0} Nat (nat_lit 4088) (instOfNatNat (nat_lit 4088))))
        (@OfNat.ofNat.{0} Nat (nat_lit 61320) (instOfNatNat (nat_lit 61320))))))
  (@id.{0}
    (@Eq.{1} Bool
      (@Decidable.decide
        (And
          (@Eq.{1} Nat
            (@HMul.hMul.{0, 0, 0} Nat Nat Nat (@instHMul.{0} Nat instMulNat)
              (@OfNat.ofNat.{0} Nat (nat_lit 56) (instOfNatNat (nat_lit 56)))
              (@OfNat.ofNat.{0} Nat (nat_lit 16) (instOfNatNat (nat_lit 16))))
            (@OfNat.ofNat.{0} Nat (nat_lit 896) (instOfNatNat (nat_lit 896))))
          (And
            (@Eq.{1} Nat
              (@HAdd.hAdd.{0, 0, 0} Nat Nat Nat (@instHAdd.{0} Nat instAddNat)
                (@OfNat.ofNat.{0} Nat (nat_lit 40) (instOfNatNat (nat_lit 40)))
                (@HMul.hMul.{0, 0, 0} Nat Nat Nat (@instHMul.{0} Nat instMulNat)
                  (@OfNat.ofNat.{0} Nat (nat_lit 56) (instOfNatNat (nat_lit 56)))
                  (@OfNat.ofNat.{0} Nat (nat_lit 16) (instOfNatNat (nat_lit 16)))))
              (@OfNat.ofNat.{0} Nat (nat_lit 936) (instOfNatNat (nat_lit 936))))
            (@Eq.{1} Nat
              (@HMul.hMul.{0, 0, 0} Nat Nat Nat (@instHMul.{0} Nat instMulNat)
                (@OfNat.ofNat.{0} Nat (nat_lit 15) (instOfNatNat (nat_lit 15)))
                (@OfNat.ofNat.{0} Nat (nat_lit 4088) (instOfNatNat (nat_lit 4088))))
              (@OfNat.ofNat.{0} Nat (nat_lit 61320) (instOfNatNat (nat_lit 61320))))))
        (@instDecidableAnd
          (@Eq.{1} Nat
            (@HMul.hMul.{0, 0, 0} Nat Nat Nat (@instHMul.{0} Nat instMulNat)
              (@OfNat.ofNat.{0} Nat (nat_lit 56) (instOfNatNat (nat_lit 56)))
              (@OfNat.ofNat.{0} Nat (nat_lit 16) (instOfNatNat (nat_lit 16))))
            (@OfNat.ofNat.{0} Nat (nat_lit 896) (instOfNatNat (nat_lit 896))))
          (And
            (@Eq.{1} Nat
              (@HAdd.hAdd.{0, 0, 0} Nat Nat Nat (@instHAdd.{0} Nat instAddNat)
                (@OfNat.ofNat.{0} Nat (nat_lit 40) (instOfNatNat (nat_lit 40)))
                (@HMul.hMul.{0, 0, 0} Nat Nat Nat (@instHMul.{0} Nat instMulNat)
                  (@OfNat.ofNat.{0} Nat (nat_lit 56) (instOfNatNat (nat_lit 56)))
                  (@OfNat.ofNat.{0} Nat (nat_lit 16) (instOfNatNat (nat_lit 16)))))
              (@OfNat.ofNat.{0} Nat (nat_lit 936) (instOfNatNat (nat_lit 936))))
            (@Eq.{1} Nat
              (@HMul.hMul.{0, 0, 0} Nat Nat Nat (@instHMul.{0} Nat instMulNat)
                (@OfNat.ofNat.{0} Nat (nat_lit 15) (instOfNatNat (nat_lit 15)))
                (@OfNat.ofNat.{0} Nat (nat_lit 4088) (instOfNatNat (nat_lit 4088))))
              (@OfNat.ofNat.{0} Nat (nat_lit 61320) (instOfNatNat (nat_lit 61320)))))
          (instDecidableEqNat
            (@HMul.hMul.{0, 0, 0} Nat Nat Nat (@instHMul.{0} Nat instMulNat)
              (@OfNat.ofNat.{0} Nat (nat_lit 56) (instOfNatNat (nat_lit 56)))
              (@OfNat.ofNat.{0} Nat (nat_lit 16) (instOfNatNat (nat_lit 16))))
            (@OfNat.ofNat.{0} Nat (nat_lit 896) (instOfNatNat (nat_lit 896))))
          (@instDecidableAnd
            (@Eq.{1} Nat
              (@HAdd.hAdd.{0, 0, 0} Nat Nat Nat (@instHAdd.{0} Nat instAddNat)
                (@OfNat.ofNat.{0} Nat (nat_lit 40) (instOfNatNat (nat_lit 40)))
                (@HMul.hMul.{0, 0, 0} Nat Nat Nat (@instHMul.{0} Nat instMulNat)
                  (@OfNat.ofNat.{0} Nat (nat_lit 56) (instOfNatNat (nat_lit 56)))
                  (@OfNat.ofNat.{0} Nat (nat_lit 16) (instOfNatNat (nat_lit 16)))))
              (@OfNat.ofNat.{0} Nat (nat_lit 936) (instOfNatNat (nat_lit 936))))
            (@Eq.{1} Nat
              (@HMul.hMul.{0, 0, 0} Nat Nat Nat (@instHMul.{0} Nat instMulNat)
                (@OfNat.ofNat.{0} Nat (nat_lit 15) (instOfNatNat (nat_lit 15)))
                (@OfNat.ofNat.{0} Nat (nat_lit 4088) (instOfNatNat (nat_lit 4088))))
              (@OfNat.ofNat.{0} Nat (nat_lit 61320) (instOfNatNat (nat_lit 61320))))
            (instDecidableEqNat
              (@HAdd.hAdd.{0, 0, 0} Nat Nat Nat (@instHAdd.{0} Nat instAddNat)
                (@OfNat.ofNat.{0} Nat (nat_lit 40) (instOfNatNat (nat_lit 40)))
                (@HMul.hMul.{0, 0, 0} Nat Nat Nat (@instHMul.{0} Nat instMulNat)
                  (@OfNat.ofNat.{0} Nat (nat_lit 56) (instOfNatNat (nat_lit 56)))
                  (@OfNat.ofNat.{0} Nat (nat_lit 16) (instOfNatNat (nat_lit 16)))))
              (@OfNat.ofNat.{0} Nat (nat_lit 936) (instOfNatNat (nat_lit 936))))
            (instDecidableEqNat
              (@HMul.hMul.{0, 0, 0} Nat Nat Nat (@instHMul.{0} Nat instMulNat)
                (@OfNat.ofNat.{0} Nat (nat_lit 15) (instOfNatNat (nat_lit 15)))
                (@OfNat.ofNat.{0} Nat (nat_lit 4088) (instOfNatNat (nat_lit 4088))))
              (@OfNat.ofNat.{0} Nat (nat_lit 61320) (instOfNatNat (nat_lit 61320)))))))
      Bool.true)
    (@Eq.refl.{1} Bool Bool.true))
RetryIID.counter_projection : ∀ (c blocks : Nat),
  @Eq.{1} Nat
    (@HMod.hMod.{0, 0, 0} Nat Nat Nat (@instHMod.{0} Nat Nat.instMod)
      (@HAdd.hAdd.{0, 0, 0} Nat Nat Nat (@instHAdd.{0} Nat instAddNat) c
        (@HMul.hMul.{0, 0, 0} Nat Nat Nat (@instHMul.{0} Nat instMulNat)
          (@OfNat.ofNat.{0} Nat (nat_lit 64) (instOfNatNat (nat_lit 64)))
          (@HAdd.hAdd.{0, 0, 0} Nat Nat Nat (@instHAdd.{0} Nat instAddNat) blocks
            (@OfNat.ofNat.{0} Nat (nat_lit 1) (instOfNatNat (nat_lit 1))))))
      (@OfNat.ofNat.{0} Nat (nat_lit 18446744073709551616) (instOfNatNat (nat_lit 18446744073709551616))))
    (@HMod.hMod.{0, 0, 0} Nat Nat Nat (@instHMod.{0} Nat Nat.instMod)
      (@HAdd.hAdd.{0, 0, 0} Nat Nat Nat (@instHAdd.{0} Nat instAddNat)
        (@HMod.hMod.{0, 0, 0} Nat Nat Nat (@instHMod.{0} Nat Nat.instMod)
          (@HAdd.hAdd.{0, 0, 0} Nat Nat Nat (@instHAdd.{0} Nat instAddNat) c
            (@HMul.hMul.{0, 0, 0} Nat Nat Nat (@instHMul.{0} Nat instMulNat)
              (@OfNat.ofNat.{0} Nat (nat_lit 64) (instOfNatNat (nat_lit 64))) blocks))
          (@OfNat.ofNat.{0} Nat (nat_lit 18446744073709551616) (instOfNatNat (nat_lit 18446744073709551616))))
        (@OfNat.ofNat.{0} Nat (nat_lit 64) (instOfNatNat (nat_lit 64))))
      (@OfNat.ofNat.{0} Nat (nat_lit 18446744073709551616) (instOfNatNat (nat_lit 18446744073709551616))))
theorem RetryIID.counter_projection : ∀ (c blocks : Nat),
  @Eq.{1} Nat
    (@HMod.hMod.{0, 0, 0} Nat Nat Nat (@instHMod.{0} Nat Nat.instMod)
      (@HAdd.hAdd.{0, 0, 0} Nat Nat Nat (@instHAdd.{0} Nat instAddNat) c
        (@HMul.hMul.{0, 0, 0} Nat Nat Nat (@instHMul.{0} Nat instMulNat)
          (@OfNat.ofNat.{0} Nat (nat_lit 64) (instOfNatNat (nat_lit 64)))
          (@HAdd.hAdd.{0, 0, 0} Nat Nat Nat (@instHAdd.{0} Nat instAddNat) blocks
            (@OfNat.ofNat.{0} Nat (nat_lit 1) (instOfNatNat (nat_lit 1))))))
      (@OfNat.ofNat.{0} Nat (nat_lit 18446744073709551616) (instOfNatNat (nat_lit 18446744073709551616))))
    (@HMod.hMod.{0, 0, 0} Nat Nat Nat (@instHMod.{0} Nat Nat.instMod)
      (@HAdd.hAdd.{0, 0, 0} Nat Nat Nat (@instHAdd.{0} Nat instAddNat)
        (@HMod.hMod.{0, 0, 0} Nat Nat Nat (@instHMod.{0} Nat Nat.instMod)
          (@HAdd.hAdd.{0, 0, 0} Nat Nat Nat (@instHAdd.{0} Nat instAddNat) c
            (@HMul.hMul.{0, 0, 0} Nat Nat Nat (@instHMul.{0} Nat instMulNat)
              (@OfNat.ofNat.{0} Nat (nat_lit 64) (instOfNatNat (nat_lit 64))) blocks))
          (@OfNat.ofNat.{0} Nat (nat_lit 18446744073709551616) (instOfNatNat (nat_lit 18446744073709551616))))
        (@OfNat.ofNat.{0} Nat (nat_lit 64) (instOfNatNat (nat_lit 64))))
      (@OfNat.ofNat.{0} Nat (nat_lit 18446744073709551616) (instOfNatNat (nat_lit 18446744073709551616)))) :=
fun (c blocks : Nat) =>
  @Decidable.byContradiction
    (@Eq.{1} Nat
      (@HMod.hMod.{0, 0, 0} Nat Nat Nat (@instHMod.{0} Nat Nat.instMod)
        (@HAdd.hAdd.{0, 0, 0} Nat Nat Nat (@instHAdd.{0} Nat instAddNat) c
          (@HMul.hMul.{0, 0, 0} Nat Nat Nat (@instHMul.{0} Nat instMulNat)
            (@OfNat.ofNat.{0} Nat (nat_lit 64) (instOfNatNat (nat_lit 64)))
            (@HAdd.hAdd.{0, 0, 0} Nat Nat Nat (@instHAdd.{0} Nat instAddNat) blocks
              (@OfNat.ofNat.{0} Nat (nat_lit 1) (instOfNatNat (nat_lit 1))))))
        (@OfNat.ofNat.{0} Nat (nat_lit 18446744073709551616) (instOfNatNat (nat_lit 18446744073709551616))))
      (@HMod.hMod.{0, 0, 0} Nat Nat Nat (@instHMod.{0} Nat Nat.instMod)
        (@HAdd.hAdd.{0, 0, 0} Nat Nat Nat (@instHAdd.{0} Nat instAddNat)
          (@HMod.hMod.{0, 0, 0} Nat Nat Nat (@instHMod.{0} Nat Nat.instMod)
            (@HAdd.hAdd.{0, 0, 0} Nat Nat Nat (@instHAdd.{0} Nat instAddNat) c
              (@HMul.hMul.{0, 0, 0} Nat Nat Nat (@instHMul.{0} Nat instMulNat)
                (@OfNat.ofNat.{0} Nat (nat_lit 64) (instOfNatNat (nat_lit 64))) blocks))
            (@OfNat.ofNat.{0} Nat (nat_lit 18446744073709551616) (instOfNatNat (nat_lit 18446744073709551616))))
          (@OfNat.ofNat.{0} Nat (nat_lit 64) (instOfNatNat (nat_lit 64))))
        (@OfNat.ofNat.{0} Nat (nat_lit 18446744073709551616) (instOfNatNat (nat_lit 18446744073709551616)))))
    (instDecidableEqNat
      (@HMod.hMod.{0, 0, 0} Nat Nat Nat (@instHMod.{0} Nat Nat.instMod)
        (@HAdd.hAdd.{0, 0, 0} Nat Nat Nat (@instHAdd.{0} Nat instAddNat) c
          (@HMul.hMul.{0, 0, 0} Nat Nat Nat (@instHMul.{0} Nat instMulNat)
            (@OfNat.ofNat.{0} Nat (nat_lit 64) (instOfNatNat (nat_lit 64)))
            (@HAdd.hAdd.{0, 0, 0} Nat Nat Nat (@instHAdd.{0} Nat instAddNat) blocks
              (@OfNat.ofNat.{0} Nat (nat_lit 1) (instOfNatNat (nat_lit 1))))))
        (@OfNat.ofNat.{0} Nat (nat_lit 18446744073709551616) (instOfNatNat (nat_lit 18446744073709551616))))
      (@HMod.hMod.{0, 0, 0} Nat Nat Nat (@instHMod.{0} Nat Nat.instMod)
        (@HAdd.hAdd.{0, 0, 0} Nat Nat Nat (@instHAdd.{0} Nat instAddNat)
          (@HMod.hMod.{0, 0, 0} Nat Nat Nat (@instHMod.{0} Nat Nat.instMod)
            (@HAdd.hAdd.{0, 0, 0} Nat Nat Nat (@instHAdd.{0} Nat instAddNat) c
              (@HMul.hMul.{0, 0, 0} Nat Nat Nat (@instHMul.{0} Nat instMulNat)
                (@OfNat.ofNat.{0} Nat (nat_lit 64) (instOfNatNat (nat_lit 64))) blocks))
            (@OfNat.ofNat.{0} Nat (nat_lit 18446744073709551616) (instOfNatNat (nat_lit 18446744073709551616))))
          (@OfNat.ofNat.{0} Nat (nat_lit 64) (instOfNatNat (nat_lit 64))))
        (@OfNat.ofNat.{0} Nat (nat_lit 18446744073709551616) (instOfNatNat (nat_lit 18446744073709551616)))))
    fun
      (a :
        Not
          (@Eq.{1} Nat
            (@HMod.hMod.{0, 0, 0} Nat Nat Nat (@instHMod.{0} Nat Nat.instMod)
              (@HAdd.hAdd.{0, 0, 0} Nat Nat Nat (@instHAdd.{0} Nat instAddNat) c
                (@HMul.hMul.{0, 0, 0} Nat Nat Nat (@instHMul.{0} Nat instMulNat)
                  (@OfNat.ofNat.{0} Nat (nat_lit 64) (instOfNatNat (nat_lit 64)))
                  (@HAdd.hAdd.{0, 0, 0} Nat Nat Nat (@instHAdd.{0} Nat instAddNat) blocks
                    (@OfNat.ofNat.{0} Nat (nat_lit 1) (instOfNatNat (nat_lit 1))))))
              (@OfNat.ofNat.{0} Nat (nat_lit 18446744073709551616) (instOfNatNat (nat_lit 18446744073709551616))))
            (@HMod.hMod.{0, 0, 0} Nat Nat Nat (@instHMod.{0} Nat Nat.instMod)
              (@HAdd.hAdd.{0, 0, 0} Nat Nat Nat (@instHAdd.{0} Nat instAddNat)
                (@HMod.hMod.{0, 0, 0} Nat Nat Nat (@instHMod.{0} Nat Nat.instMod)
                  (@HAdd.hAdd.{0, 0, 0} Nat Nat Nat (@instHAdd.{0} Nat instAddNat) c
                    (@HMul.hMul.{0, 0, 0} Nat Nat Nat (@instHMul.{0} Nat instMulNat)
                      (@OfNat.ofNat.{0} Nat (nat_lit 64) (instOfNatNat (nat_lit 64))) blocks))
                  (@OfNat.ofNat.{0} Nat (nat_lit 18446744073709551616) (instOfNatNat (nat_lit 18446744073709551616))))
                (@OfNat.ofNat.{0} Nat (nat_lit 64) (instOfNatNat (nat_lit 64))))
              (@OfNat.ofNat.{0} Nat (nat_lit 18446744073709551616) (instOfNatNat (nat_lit 18446744073709551616)))))) =>
    RetryIID.counter_projection._proof_1_1 c blocks a
