'H3Range.p2_mono' depends on axioms: [propext]
'H3Range.mant_bounds' depends on axioms: [propext, Classical.choice.{u}, Quot.sound.{u}]
'H3Range.p2_shift' depends on axioms: [propext]
'H3Range.normal_floor_refinement' depends on axioms: [propext, Classical.choice.{u}, Quot.sound.{u}]
'H3Range.subnormal_floor_refinement' depends on axioms: [propext, Classical.choice.{u}, Quot.sound.{u}]
'H3Range.floor_refinement' depends on axioms: [propext, Classical.choice.{u}, Quot.sound.{u}]
'H3Range.negative_zero_exception' depends on axioms: [propext]
'H3Range.signed_zero_guard' does not depend on any axioms
'H3Range.integer_safety' depends on axioms: [propext, Classical.choice.{u}, Quot.sound.{u}]
'H3Range.negative_zero_sum_still_safe' depends on axioms: [propext, Classical.choice.{u}, Quot.sound.{u}]
'H3Range.conditional_H3_local' depends on axioms: [propext, Classical.choice.{u}, Quot.sound.{u}]
'ZeroScalar.p2_pos' depends on axioms: [propext]
'ZeroScalar.D_pos' depends on axioms: [propext]
'ZeroScalar.p2_add' depends on axioms: [propext]
'ZeroScalar.frac_bound' does not depend on any axioms
'ZeroScalar.exponent_from_value' depends on axioms: [propext, Quot.sound.{u}]
'ZeroScalar.floorVal_old' depends on axioms: [propext, Quot.sound.{u}]
'ZeroScalar.floorVal_range' depends on axioms: [propext, Classical.choice.{u}, Quot.sound.{u}]
'ZeroScalar.negzero_fields' depends on axioms: [propext, Classical.choice.{u}, Quot.sound.{u}]
'ZeroScalar.zero_aware_parts' depends on axioms: [propext, Classical.choice.{u}, Quot.sound.{u}]
'ZeroScalar.raw_mantissa' depends on axioms: [propext, Classical.choice.{u}, Quot.sound.{u}]
'ZeroScalar.raw_mantissa_int' depends on axioms: [propext, Classical.choice.{u}, Quot.sound.{u}]
'ZeroScalar.floorC_parts' depends on axioms: [propext, Classical.choice.{u}, Quot.sound.{u}]
'ZeroScalar.FLOOR_ZERO' depends on axioms: [propext, Classical.choice.{u}, Quot.sound.{u}]
'ZeroScalar.source_floor_range' depends on axioms: [propext, Classical.choice.{u}, Quot.sound.{u}]
'ZeroScalar.C_INT_BRIDGE' depends on axioms: [propext, Classical.choice.{u}, Quot.sound.{u}]
'H3Range.scan_bound' depends on axioms: [propext, Quot.sound.{u}]
'H3Range.max_at_zero' depends on axioms: [propext, Quot.sound.{u}]
'H3Range.select_found' depends on axioms: [propext]
'H3Range.select_bound' depends on axioms: [propext]
'H3Range.proposal_support' depends on axioms: [propext, Classical.choice.{u}, Quot.sound.{u}]
'H3Range.proposal_return_safe' depends on axioms: [propext, Classical.choice.{u}, Quot.sound.{u}]
'H3Range.bank0_size' does not depend on any axioms
'H3Range.bank0_max' does not depend on any axioms
'H3Range.bank0_support' depends on axioms: [propext, Quot.sound.{u}]
'H3Range.bank1_size' does not depend on any axioms
'H3Range.bank1_max' does not depend on any axioms
'H3Range.bank1_support' depends on axioms: [propext, Quot.sound.{u}]
'H3Range.bank2_size' does not depend on any axioms
'H3Range.bank2_max' does not depend on any axioms
'H3Range.bank2_support' depends on axioms: [propext, Quot.sound.{u}]
'H3Range.bank3_size' does not depend on any axioms
'H3Range.bank3_max' does not depend on any axioms
'H3Range.bank3_support' depends on axioms: [propext, Quot.sound.{u}]
'H3Range.bank4_size' does not depend on any axioms
'H3Range.bank4_max' does not depend on any axioms
'H3Range.bank4_support' depends on axioms: [propext, Quot.sound.{u}]
'H3Range.all_bank_support' depends on axioms: [propext, Quot.sound.{u}]
'H3Range.scalar_residual' depends on axioms: [propext, Classical.choice.{u}, Quot.sound.{u}]
'H3Range.terminal_right_then_left' depends on axioms: [propext, Classical.choice.{u}, Quot.sound.{u}]
'H3Range.next_terminal_center' depends on axioms: [propext, Classical.choice.{u}, Quot.sound.{u}]
'H3Range.safe_next_center' depends on axioms: [propext, Classical.choice.{u}, Quot.sound.{u}]
'H3Range.inner_visits_count' depends on axioms: [propext, Quot.sound.{u}]
'H3Range.actual_3072_calls' depends on axioms: [propext, Quot.sound.{u}]
'H3Range.first_terminal_right_first' does not depend on any axioms
'H3Range.checked_key_coefficients' depends on axioms: [propext, Classical.choice.{u}, Quot.sound.{u}]
'H3Range.lt64_correct' depends on axioms: [propext, Quot.sound.{u}]
'H3Range.eq64_correct' depends on axioms: [propext, Quot.sound.{u}]
'H3Range.lt128_correct' depends on axioms: [propext, Quot.sound.{u}]
'H3Range.active_guards' depends on axioms: [propext, Classical.choice.{u}, Quot.sound.{u}]
'H3Range.sticky_path' depends on axioms: [propext]
'H3Range.negative_zero_admitted' does not depend on any axioms
'H3Range.guards_do_not_imply_floor_refinement' depends on axioms: [propext]
'H3Range.complete_local_lift' depends on axioms: [propext, Classical.choice.{u}, Quot.sound.{u}]
'ZeroScalar.value_negative_zero' depends on axioms: [propext, Classical.choice.{u}, Quot.sound.{u}]
'ZeroScalar.RHO_CLOSED' depends on axioms: [propext, Classical.choice.{u}, Quot.sound.{u}]
'ZeroScalar.EXACT_RESIDUAL_366' depends on axioms: [propext, Classical.choice.{u}, Quot.sound.{u}]
'ZeroScalar.old_new_relation' depends on axioms: [propext, Classical.choice.{u}, Quot.sound.{u}]
'ZeroScalar.old_floor_equality' depends on axioms: [propext, Classical.choice.{u}, Quot.sound.{u}]
'ZeroScalar.old_implies_numeric' depends on axioms: [propext, Quot.sound.{u}]
'ZeroScalar.or_one_bounds' depends on axioms: [propext, Classical.choice.{u}, Quot.sound.{u}]
'ZeroScalar.sticky_cases' depends on axioms: [propext, Quot.sound.{u}]
'ZeroScalar.sticky_interval' depends on axioms: [propext, Classical.choice.{u}, Quot.sound.{u}]
'ZeroScalar.round_error' depends on axioms: [propext, Classical.choice.{u}, Quot.sound.{u}]
'ZeroScalar.normalizer_bounds' depends on axioms: [propext, Classical.choice.{u}, Quot.sound.{u}]
'ZeroScalar.normalizer_for_add' depends on axioms: [propext, Classical.choice.{u}, Quot.sound.{u}]
'ZeroScalar.shrink9_range' depends on axioms: [propext, Classical.choice.{u}, Quot.sound.{u}]
'ZeroScalar.pack_normal_value' depends on axioms: [propext, Quot.sound.{u}]
'ZeroScalar.round_normal_range' depends on axioms: [propext, Classical.choice.{u}, Quot.sound.{u}]
'ZeroScalar.norm_small_shift' depends on axioms: [propext, Classical.choice.{u}, Quot.sound.{u}]
'ZeroScalar.sticky_multiple' depends on axioms: [propext, Quot.sound.{u}]
'ZeroScalar.OF_EXACT' depends on axioms: [propext, Classical.choice.{u}, Quot.sound.{u}]
'ZeroScalar.error_rational' does not depend on any axioms
'ZeroScalar.error_budget_numeric' does not depend on any axioms
'ZeroScalar.phase_scale_bound' depends on axioms: [propext, Quot.sound.{u}]
'ZeroScalar.error_budget_composition' depends on axioms: [propext, Classical.choice.{u}, Quot.sound.{u}]
'ZeroScalar.MACHINE_RESIDUAL_366' depends on axioms: [propext, Classical.choice.{u}, Quot.sound.{u}]
'ZeroScalar.MACHINE_CENTER_INTERVAL' depends on axioms: [propext, Classical.choice.{u}, Quot.sound.{u}]
'ZeroScalar.ORDERED_ZERO_TERMINAL' depends on axioms: [propext, Classical.choice.{u}, Quot.sound.{u}]
'RootLDL.step_range' depends on axioms: [propext, Quot.sound.{u}]
'RootLDL.step_invariant' depends on axioms: [propext, Quot.sound.{u}]
'RootLDL.loop_range' depends on axioms: [propext, Quot.sound.{u}]
'RootLDL.loop_invariant' depends on axioms: [propext, Quot.sound.{u}]
'RootLDL.loop55' depends on axioms: [propext, Quot.sound.{u}]
'RootLDL.store_frame' depends on axioms: [propext, Quot.sound.{u}]
'RootLDL.root_frame' depends on axioms: [propext, Quot.sound.{u}]
'RootLDL.root_layout' does not depend on any axioms
'RootLDL.fft_partition' depends on axioms: [propext, Classical.choice.{u}, Quot.sound.{u}]
'RootLDL.ternary_store' depends on axioms: [propext, Classical.choice.{u}, Quot.sound.{u}]
'RootLDL.coefficient_test' depends on axioms: [propext, Classical.choice.{u}, Quot.sound.{u}]
'RootLDL.positive_margin' depends on axioms: [propext, Quot.sound.{u}]
'RootLDL.machine_schur_consumer' depends on axioms: [propext, Quot.sound.{u}]
'RootLDL.imaginary_consumer' depends on axioms: [propext, Classical.choice.{u}, Quot.sound.{u}]
'RootLDL.no_overflow_primitive_scale' does not depend on any axioms
'RootLDL.zero_domain_not_root_domain' does not depend on any axioms
'RootLDL.coefficient_reduction_bound' does not depend on any axioms
'Node3.inverse3_bits' depends on axioms: [propext, Quot.sound.{u}]
'Node3.inverse3_units' depends on axioms: [propext, Quot.sound.{u}]
'Node3.expanded_div_exponent' depends on axioms: [propext, Classical.choice.{u}, Quot.sound.{u}]
'Node3.normalization_indices' depends on axioms: [propext, Classical.choice.{u}, Quot.sound.{u}]
'Node3.real_slot_noninterference' does not depend on any axioms
'Node3.divReal_ignores_imag' does not depend on any axioms
'Node3.mulReal_ignores_imag' does not depend on any axioms
'Node3.selfadj_imag_store' does not depend on any axioms
'Node3.valid_c3' does not depend on any axioms
'Node3.branch0_round_margin' does not depend on any axioms
'Node3.branch1_round_margin' does not depend on any axioms
'Node3.quotient_domain' does not depend on any axioms
'Node3.safe_order' depends on axioms: [propext, Quot.sound.{u}]
'Node2.half_bits' depends on axioms: [propext, Quot.sound.{u}]
'Node2.half_fields' depends on axioms: [propext, Quot.sound.{u}]
'Node2.half_value' depends on axioms: [propext, Quot.sound.{u}]
'Node2.parts_error' depends on axioms: [propext, Classical.choice.{u}, Quot.sound.{u}]
'Node2.half_error_units' depends on axioms: [propext, Classical.choice.{u}, Quot.sound.{u}]
'Node2.finite_half' depends on axioms: [propext, Quot.sound.{u}]
'Node2.half_endpoint_classes' does not depend on any axioms
'InitialTarget.one_word' depends on axioms: [propext, Quot.sound.{u}]
'InitialTarget.q_word' depends on axioms: [propext, Quot.sound.{u}]
'InitialTarget.ni_word' depends on axioms: [propext, Quot.sound.{u}]
'InitialTarget.ni_fields' depends on axioms: [propext, Quot.sound.{u}]
'InitialTarget.ni_value_scaled' depends on axioms: [propext, Quot.sound.{u}]
'InitialTarget.reciprocal_error_numerator' does not depend on any axioms
'InitialTarget.reciprocal_interval' does not depend on any axioms
'InitialTarget.canonical_int_ranges' depends on axioms: [propext, Classical.choice.{u}, Quot.sound.{u}]
'InitialTarget.canonical_of_exact' depends on axioms: [propext, Classical.choice.{u}, Quot.sound.{u}]
'InitialTarget.hash_to_point_written_range' does not depend on any axioms
'InitialTarget.hash_to_point_uint16' depends on axioms: [propext, Quot.sound.{u}]
'InitialTarget.rejection_limit' does not depend on any axioms
'InitialTarget.basis_determinant' depends on axioms: [propext, Classical.choice.{u}, Quot.sound.{u}]
'InitialTarget.target_numerator_identity' depends on axioms: [propext, Classical.choice.{u}, Quot.sound.{u}]
'InitialTarget.reduced_low_count' depends on axioms: [propext, Quot.sound.{u}]
'InitialTarget.reduced_high_count' depends on axioms: [propext, Quot.sound.{u}]
'InitialTarget.reduced_row_bound' depends on axioms: [propext, Classical.choice.{u}, Quot.sound.{u}]
'InitialTarget.gram_pair_identities' depends on axioms: [propext, Classical.choice.{u}, Quot.sound.{u}]
'InitialTarget.gram_pair_bounds' depends on axioms: [propext, Classical.choice.{u}, Quot.sound.{u}]
'InitialTarget.two_error_layers' depends on axioms: [propext, Classical.choice.{u}, Quot.sound.{u}]
'InitialTarget.inverse_eval_energy_transport' depends on axioms: [propext, Quot.sound.{u}]
'InitialTarget.target_frame' depends on axioms: [propext, Quot.sound.{u}]
'InitialTarget.prefix_offsets' does not depend on any axioms
'InitialTarget.buffers_and_future_pointers' does not depend on any axioms
'InitialTarget.target_read_write_indices' depends on axioms: [propext, Classical.choice.{u}, Quot.sound.{u}]
'InitialTarget.packed_indices' depends on axioms: [propext, Classical.choice.{u}, Quot.sound.{u}]
'InitialTarget.copy_disjoint' depends on axioms: [propext, Quot.sound.{u}]
'InitialTarget.whole_key_frame' depends on axioms: [propext, Quot.sound.{u}]
'InitialTarget.source_word_match' depends on axioms: [propext, Quot.sound.{u}]
'InitialTarget.defined_prefix_from_local_domains' depends on axioms: [propext, Quot.sound.{u}]
'OrderedReach.fault_sticky' depends on axioms: [propext]
'OrderedReach.clear_prefix' depends on axioms: [propext, Quot.sound.{u}]
'OrderedReach.safe_normal_return' depends on axioms: [propext, Classical.choice.{u}, Quot.sound.{u}]
'OrderedReach.normal_residual_after_center' depends on axioms: [propext, Classical.choice.{u}, Quot.sound.{u}]
'OrderedReach.fault_zero_is_not_close' does not depend on any axioms
'OrderedReach.normal_zero_distinct_tag' does not depend on any axioms
'OrderedReach.rejection_no_return' does not depend on any axioms
'OrderedReach.shifted_half_bound' depends on axioms: [propext, Classical.choice.{u}, Quot.sound.{u}]
'OrderedReach.next_center_needs_update' depends on axioms: [propext, Classical.choice.{u}, Quot.sound.{u}]
'OrderedReach.final_residual_after_unshift' depends on axioms: [propext, Classical.choice.{u}, Quot.sound.{u}]
'OrderedReach.right_margin' depends on axioms: [propext, Quot.sound.{u}]
'OrderedReach.right_margin_constants' does not depend on any axioms
'OrderedReach.cutoff_counts' depends on axioms: [propext, Quot.sound.{u}]
'OrderedReach.safe_shift' depends on axioms: [propext, Quot.sound.{u}]
'OrderedReach.scalar_integer_products' depends on axioms: [propext, Classical.choice.{u}, Quot.sound.{u}]
'OrderedReach.key_and_root_target_frame' depends on axioms: [propext, Quot.sound.{u}]
'OrderedReach.scratch_formula' depends on axioms: [propext, Quot.sound.{u}]
'OrderedReach.root_peak' does not depend on any axioms
'OrderedReach.structural_calls' depends on axioms: [propext]
'OrderedReach.right_and_whole_counts' does not depend on any axioms
'OrderedReach.terminal_inverse_identity' depends on axioms: [propext, Quot.sound.{u}]
'OrderedReach.repeated_product_same_inputs' does not depend on any axioms
'OrderedReach.rounded_cancellation_requires_error' depends on axioms: [propext, Quot.sound.{u}]
'LeftRoot.failed_bank_lower' depends on axioms: [propext, Quot.sound.{u}]
'LeftRoot.passed_bank_upper' depends on axioms: [propext, Quot.sound.{u}]
'LeftRoot.paired_three_quarters' depends on axioms: [propext, Classical.choice.{u}, Quot.sound.{u}]
'LeftRoot.A2_four' depends on axioms: [propext, Classical.choice.{u}, Quot.sound.{u}]
'LeftRoot.terminal_defect_identity' depends on axioms: [propext, Classical.choice.{u}, Quot.sound.{u}]
'LeftRoot.terminal_cross_expansion' depends on axioms: [propext, Classical.choice.{u}, Quot.sound.{u}]
'LeftRoot.half_last_defect' depends on axioms: [propext, Quot.sound.{u}]
'LeftRoot.right_terminal_count' does not depend on any axioms
'LeftRoot.reverse_leaf_index' depends on axioms: [propext, Classical.choice.{u}, Quot.sound.{u}]
'LeftRoot.reverse_leaf_injective' depends on axioms: [propext, Quot.sound.{u}]
'LeftRoot.square_roundoff_identity' depends on axioms: [propext, Quot.sound.{u}]
'ScalarIID.mass_telescopes' depends on axioms: [propext, Quot.sound.{u}]
'ScalarIID.count_append' depends on axioms: [propext]
'ScalarIID.count_all' depends on axioms: [propext, Quot.sound.{u}]
'ScalarIID.count_none' depends on axioms: [propext, Quot.sound.{u}]
'ScalarIID.atom_partition' depends on axioms: [propext, Quot.sound.{u}]
'ScalarIID.threshold_strict' depends on axioms: [propext, Quot.sound.{u}]
'ScalarIID.sign_outputs_disjoint' depends on axioms: [propext, Quot.sound.{u}]
'ScalarIID.small_atom_mass' does not depend on any axioms
'ScalarIID.getter64_ranges' depends on axioms: [propext, Classical.choice.{u}, Quot.sound.{u}]
'ScalarIID.getter64_read_range' depends on axioms: [propext, Quot.sound.{u}]
'ScalarIID.getter8_ranges' depends on axioms: [propext, Classical.choice.{u}, Quot.sound.{u}]
'ScalarIID.sign_getter_no_refill' depends on axioms: [propext, Quot.sound.{u}]
'ScalarIID.exact_boundary' does not depend on any axioms
'ScalarIID.returned_proposal_bytes' does not depend on any axioms
'ScalarIID.refill_budget' depends on axioms: [propext, Classical.choice.{u}, Quot.sound.{u}]
'ScalarIID.discarded_budget' depends on axioms: [propext, Quot.sound.{u}]
'ScalarIID.unique_read_positions' depends on axioms: [propext, Quot.sound.{u}]
'ScalarIID.unsigned_low55_comparison' depends on axioms: [propext, Quot.sound.{u}]
'ScalarIID.saturated_count' depends on axioms: [propext, Quot.sound.{u}]
'ScalarIID.zero_low_bits' depends on axioms: [propext, Classical.choice.{u}, Quot.sound.{u}]
'ScalarIID.high_half_bound' depends on axioms: [propext, Quot.sound.{u}]
'ScalarIID.horner_interval' depends on axioms: [propext, Classical.choice.{u}, Quot.sound.{u}]
'ScalarIID.final_positive_threshold' depends on axioms: [propext, Quot.sound.{u}]
'ScalarIID.cutoff_integer' depends on axioms: [propext, Quot.sound.{u}]
'ScalarIID.small_trunc_shift' depends on axioms: [propext, Classical.choice.{u}, Quot.sound.{u}]
'ScalarIID.raw_trunc_counts' depends on axioms: [propext, Classical.choice.{u}, Quot.sound.{u}]
'ScalarIID.limb_expansion' depends on axioms: [propext, Classical.choice.{u}, Quot.sound.{u}]
'ScalarIID.high_carry' depends on axioms: [propext, Quot.sound.{u}]
'ScalarIID.first_limb_sum_bound' depends on axioms: [propext, Quot.sound.{u}]
'ScalarIID.high_product_range' depends on axioms: [propext, Quot.sound.{u}]
'ScalarIID.finite_geometric_count' depends on axioms: [propext, Classical.choice.{u}, Quot.sound.{u}]
'ScalarIID.normalized_mass_integer' depends on axioms: [propext]
'ScalarIID.positive_normalizer' depends on axioms: [propext, Quot.sound.{u}]
'ScalarIID.strict_reject_fraction' depends on axioms: [propext, Classical.choice.{u}, Quot.sound.{u}]
'ScalarIID.source_return_injective_left' depends on axioms: [propext, Classical.choice.{u}, Quot.sound.{u}]
'ScalarIID.source_return_injective_right' depends on axioms: [propext, Classical.choice.{u}, Quot.sound.{u}]
'ScalarIID.normal_zero_is_not_fault' does not depend on any axioms
'GaussianComparison.limb25_expansion' depends on axioms: [propext, Classical.choice.{u}, Quot.sound.{u}]
'GaussianComparison.low_product_reconstruction' depends on axioms: [propext, Classical.choice.{u}, Quot.sound.{u}]
'GaussianComparison.limb_product_ranges' depends on axioms: [propext, Classical.choice.{u}, Quot.sound.{u}]
'GaussianComparison.round_lookup' does not depend on any axioms
'GaussianComparison.nearest_non_crossing' depends on axioms: [propext, Classical.choice.{u}, Quot.sound.{u}]
'GaussianComparison.specialized_center_error' depends on axioms: [propext, Quot.sound.{u}]
'GaussianComparison.positive_trunc_counts' depends on axioms: [propext, Classical.choice.{u}, Quot.sound.{u}]
'GaussianComparison.source_precision_error_consumer' depends on axioms: [propext, Classical.choice.{u}, Quot.sound.{u}]
'GaussianComparison.monotone_bracket' depends on axioms: [propext, Quot.sound.{u}]
'GaussianComparison.adjacent_cover' depends on axioms: [propext, Classical.choice.{u}, Quot.sound.{u}]
'GaussianComparison.interval_difference' depends on axioms: [propext, Classical.choice.{u}, Quot.sound.{u}]
'GaussianComparison.finite_guard_source' depends on axioms: [propext, Classical.choice.{u}, Quot.sound.{u}]
'GaussianComparison.nonwrap_horner' depends on axioms: [propext, Quot.sound.{u}]
'GaussianComparison.threshold_upper' depends on axioms: [propext, Quot.sound.{u}]
'GaussianComparison.weighted_bounds' depends on axioms: [propext, Classical.choice.{u}, Quot.sound.{u}]
'GaussianComparison.normalization_variance_identity' depends on axioms: [propext, Classical.choice.{u}, Quot.sound.{u}]
'GaussianComparison.squared_sum_bound' depends on axioms: [propext, Classical.choice.{u}, Quot.sound.{u}]
'GaussianComparison.normalization_point_bound' depends on axioms: [propext, Classical.choice.{u}, Quot.sound.{u}]
'GaussianComparison.accepted_mass_lower' depends on axioms: [propext, Quot.sound.{u}]
'GaussianComparison.finite_support_reverse_failure' depends on axioms: [propext, Quot.sound.{u}]
'GaussianComparison.conditioned_support' does not depend on any axioms
'GaussianComparison.tail_is_nonnegative' depends on axioms: [propext, Quot.sound.{u}]
'LeftRoot.form_congruence' does not depend on any axioms
'LeftRoot.form_scale' depends on axioms: [propext]
'LeftRoot.form_transitive' depends on axioms: [propext]
'LeftRoot.minimum_comparison' depends on axioms: [propext]
'LeftRoot.metric_weight_composition' depends on axioms: [propext]
'LeftRoot.binary_reconstruction_identity' depends on axioms: [propext, Classical.choice.{u}, Quot.sound.{u}]
'LeftRoot.cubic_reconstruction_identity' depends on axioms: [propext, Classical.choice.{u}, Quot.sound.{u}]
'LeftRoot.imaginary_defect_not_zero' does not depend on any axioms
'LeftRoot.positive_budget' does not depend on any axioms
'LeftRoot.signal_history_bound' depends on axioms: [propext, Classical.choice.{u}, Quot.sound.{u}]
'LeftRoot.split_defect_bound' depends on axioms: [propext, Classical.choice.{u}, Quot.sound.{u}]
'LeftRoot.left_numeric_center' depends on axioms: [propext, Quot.sound.{u}]
'LeftRoot.global_range_union' depends on axioms: [propext, Classical.choice.{u}, Quot.sound.{u}]
'LeftRoot.global_margins' does not depend on any axioms
'LeftRoot.normal_return_zero_is_not_fault' does not depend on any axioms
'LeftRoot.conditional_right_completion_is_not_termination' does not depend on any axioms
'OrderedJoint.inner_count' depends on axioms: [propext, Quot.sound.{u}]
'OrderedJoint.root_count' does not depend on any axioms
'OrderedJoint.branch_count' does not depend on any axioms
'OrderedJoint.scratch_size' depends on axioms: [propext, Quot.sound.{u}]
'OrderedJoint.root_frame' does not depend on any axioms
'OrderedJoint.call_pair_counts' does not depend on any axioms
'OrderedJoint.correlated_branch_budget' does not depend on any axioms
'OrderedJoint.support_realizes' does not depend on any axioms
'OrderedJoint.before_next' does not depend on any axioms
'OrderedJoint.same_value_projection' does not depend on any axioms
'OrderedJoint.zero_atom_not_support' depends on axioms: [propext, Quot.sound.{u}]
'OrderedJoint.positive_atom_has_element' depends on axioms: [propext]
'OrderedJoint.paired_terminal_identity' depends on axioms: [propext, Classical.choice.{u}, Quot.sound.{u}]
'OrderedJoint.conditioning_second_moment' depends on axioms: [propext, Classical.choice.{u}, Quot.sound.{u}]
'OrderedJoint.conditioning_decreases' depends on axioms: [propext, Classical.choice.{u}, Quot.sound.{u}]
'OrderedJoint.weighted_step_bound' depends on axioms: [propext, Classical.choice.{u}, Quot.sound.{u}]
'OrderedJoint.second_moment_chain' does not depend on any axioms
'OrderedJoint.survival_tilt_cleared' depends on axioms: [propext, Quot.sound.{u}]
'OrderedJoint.reverse_support_same' does not depend on any axioms
'OrderedJoint.numerical_chi_bound' does not depend on any axioms
'OrderedJoint.tv_square_bound' does not depend on any axioms
'OrderedJoint.union_epsilon' does not depend on any axioms
'OrderedJoint.reverse_exponent' does not depend on any axioms
'Postprocess.dd_zero' depends on axioms: [propext, Classical.choice.{u}, Quot.sound.{u}]
'Postprocess.increment_rule' depends on axioms: [propext, Classical.choice.{u}, Quot.sound.{u}]
'Postprocess.shift_product' depends on axioms: [propext, Quot.sound.{u}]
'Postprocess.discarded_word' depends on axioms: [propext, Quot.sound.{u}]
'Postprocess.scaled_half_comparison' depends on axioms: [propext, Classical.choice.{u}, Quot.sound.{u}]
'Postprocess.source_shift_range' depends on axioms: [propext, Classical.choice.{u}, Quot.sound.{u}]
'Postprocess.below_half_mask' depends on axioms: [propext, Quot.sound.{u}]
'Postprocess.normal_round_count' depends on axioms: [propext, Classical.choice.{u}, Quot.sound.{u}]
'Postprocess.signed_reconstruction_range' depends on axioms: [propext, Classical.choice.{u}, Quot.sound.{u}]
'Postprocess.magnitude_is_nearest' depends on axioms: [propext, Classical.choice.{u}, Quot.sound.{u}]
'Postprocess.nearest_error' depends on axioms: [propext, Classical.choice.{u}, Quot.sound.{u}]
'Postprocess.nearest_tie_even' depends on axioms: [propext, Quot.sound.{u}]
'Postprocess.negative_error' depends on axioms: [propext, Classical.choice.{u}, Quot.sound.{u}]
'H6P.terminal_innovation_identity' depends on axioms: [propext, Quot.sound.{u}]
'H6P.terminal_A2' depends on axioms: [propext, Classical.choice.{u}, Quot.sound.{u}]
'H6P.binary_map' depends on axioms: [propext, Classical.choice.{u}, Quot.sound.{u}]
'H6P.cubic_map' depends on axioms: [propext, Classical.choice.{u}, Quot.sound.{u}]
'H6P.root_basis_map' depends on axioms: [propext, Classical.choice.{u}, Quot.sound.{u}]
'H6P.no_affine_offset' depends on axioms: [propext]
'H6P.output_counts' does not depend on any axioms
'H6P.A2_coordinate0' depends on axioms: [propext, Classical.choice.{u}, Quot.sound.{u}]
'H6P.A2_coordinate1' depends on axioms: [propext, Classical.choice.{u}, Quot.sound.{u}]
'H6P.gram_determinant' depends on axioms: [propext, Classical.choice.{u}, Quot.sound.{u}]
'H6P.energy_max_composition' depends on axioms: [propext, Classical.choice.{u}, Quot.sound.{u}]
'H6P.row_norm_consumer' depends on axioms: [propext, Quot.sound.{u}]
'H6P.cauchy_two' depends on axioms: [propext, Classical.choice.{u}, Quot.sound.{u}]
'H6P.completing_square' depends on axioms: [propext, Classical.choice.{u}, Quot.sound.{u}]
'H6P.local_conditioning_count' depends on axioms: [propext]
'H6P.conditional_product_bound' does not depend on any axioms
'H6P.signed_union_count' does not depend on any axioms
'H6P.event_factor_monotone' depends on axioms: [propext, Classical.choice.{u}, Quot.sound.{u}]
'H6P.exit_subprobability_event' depends on axioms: [propext]
'H6P.joint_bad_has_coefficient' depends on axioms: [propext, Classical.choice.{u}, Quot.sound.{u}]
'H6P.second_vector_matters' depends on axioms: [propext, Quot.sound.{u}]
'H6P.negative_safe_tie' depends on axioms: [propext, Quot.sound.{u}]
'H6P.positive_bad_tie' depends on axioms: [propext, Quot.sound.{u}]
'H6P.bad_rint_argument' depends on axioms: [propext, Quot.sound.{u}]
'H6P.error_to_symmetric_tail' depends on axioms: [propext, Quot.sound.{u}]
'H6P.exit_not_bad' depends on axioms: [propext]
H6PAudit 0 0.285
H6P.terminal_innovation_identity : ∀ (xi0 xi1 e0 e1 eh es r0 r1 twiceHalf : Int)
  (hr : @Eq.{1} Int r1 (@HAdd.hAdd.{0, 0, 0} Int Int Int (@instHAdd.{0} Int Int.instAdd) xi1 e1))
  (hh :
    @Eq.{1} Int twiceHalf
      (@HAdd.hAdd.{0, 0, 0} Int Int Int (@instHAdd.{0} Int Int.instAdd) r1
        (@HMul.hMul.{0, 0, 0} Int Int Int (@instHMul.{0} Int Int.instMul)
          (@OfNat.ofNat.{0} Int (nat_lit 2) (@instOfNat (nat_lit 2))) eh)))
  (h0 :
    @Eq.{1} Int
      (@HMul.hMul.{0, 0, 0} Int Int Int (@instHMul.{0} Int Int.instMul)
        (@OfNat.ofNat.{0} Int (nat_lit 2) (@instOfNat (nat_lit 2))) r0)
      (@HAdd.hAdd.{0, 0, 0} Int Int Int (@instHAdd.{0} Int Int.instAdd)
        (@HSub.hSub.{0, 0, 0} Int Int Int (@instHSub.{0} Int Int.instSub)
          (@HAdd.hAdd.{0, 0, 0} Int Int Int (@instHAdd.{0} Int Int.instAdd)
            (@HMul.hMul.{0, 0, 0} Int Int Int (@instHMul.{0} Int Int.instMul)
              (@OfNat.ofNat.{0} Int (nat_lit 2) (@instOfNat (nat_lit 2))) xi0)
            (@HMul.hMul.{0, 0, 0} Int Int Int (@instHMul.{0} Int Int.instMul)
              (@OfNat.ofNat.{0} Int (nat_lit 2) (@instOfNat (nat_lit 2))) e0))
          twiceHalf)
        (@HMul.hMul.{0, 0, 0} Int Int Int (@instHMul.{0} Int Int.instMul)
          (@OfNat.ofNat.{0} Int (nat_lit 2) (@instOfNat (nat_lit 2))) es))),
  @Eq.{1} Int
    (@HMul.hMul.{0, 0, 0} Int Int Int (@instHMul.{0} Int Int.instMul)
      (@OfNat.ofNat.{0} Int (nat_lit 2) (@instOfNat (nat_lit 2))) r0)
    (@HSub.hSub.{0, 0, 0} Int Int Int (@instHSub.{0} Int Int.instSub)
      (@HAdd.hAdd.{0, 0, 0} Int Int Int (@instHAdd.{0} Int Int.instAdd)
        (@HSub.hSub.{0, 0, 0} Int Int Int (@instHSub.{0} Int Int.instSub)
          (@HMul.hMul.{0, 0, 0} Int Int Int (@instHMul.{0} Int Int.instMul)
            (@OfNat.ofNat.{0} Int (nat_lit 2) (@instOfNat (nat_lit 2))) xi0)
          xi1)
        (@HMul.hMul.{0, 0, 0} Int Int Int (@instHMul.{0} Int Int.instMul)
          (@OfNat.ofNat.{0} Int (nat_lit 2) (@instOfNat (nat_lit 2)))
          (@HAdd.hAdd.{0, 0, 0} Int Int Int (@instHAdd.{0} Int Int.instAdd)
            (@HSub.hSub.{0, 0, 0} Int Int Int (@instHSub.{0} Int Int.instSub) e0 eh) es)))
      e1)
theorem H6P.terminal_innovation_identity : ∀ (xi0 xi1 e0 e1 eh es r0 r1 twiceHalf : Int)
  (hr : @Eq.{1} Int r1 (@HAdd.hAdd.{0, 0, 0} Int Int Int (@instHAdd.{0} Int Int.instAdd) xi1 e1))
  (hh :
    @Eq.{1} Int twiceHalf
      (@HAdd.hAdd.{0, 0, 0} Int Int Int (@instHAdd.{0} Int Int.instAdd) r1
        (@HMul.hMul.{0, 0, 0} Int Int Int (@instHMul.{0} Int Int.instMul)
          (@OfNat.ofNat.{0} Int (nat_lit 2) (@instOfNat (nat_lit 2))) eh)))
  (h0 :
    @Eq.{1} Int
      (@HMul.hMul.{0, 0, 0} Int Int Int (@instHMul.{0} Int Int.instMul)
        (@OfNat.ofNat.{0} Int (nat_lit 2) (@instOfNat (nat_lit 2))) r0)
      (@HAdd.hAdd.{0, 0, 0} Int Int Int (@instHAdd.{0} Int Int.instAdd)
        (@HSub.hSub.{0, 0, 0} Int Int Int (@instHSub.{0} Int Int.instSub)
          (@HAdd.hAdd.{0, 0, 0} Int Int Int (@instHAdd.{0} Int Int.instAdd)
            (@HMul.hMul.{0, 0, 0} Int Int Int (@instHMul.{0} Int Int.instMul)
              (@OfNat.ofNat.{0} Int (nat_lit 2) (@instOfNat (nat_lit 2))) xi0)
            (@HMul.hMul.{0, 0, 0} Int Int Int (@instHMul.{0} Int Int.instMul)
              (@OfNat.ofNat.{0} Int (nat_lit 2) (@instOfNat (nat_lit 2))) e0))
          twiceHalf)
        (@HMul.hMul.{0, 0, 0} Int Int Int (@instHMul.{0} Int Int.instMul)
          (@OfNat.ofNat.{0} Int (nat_lit 2) (@instOfNat (nat_lit 2))) es))),
  @Eq.{1} Int
    (@HMul.hMul.{0, 0, 0} Int Int Int (@instHMul.{0} Int Int.instMul)
      (@OfNat.ofNat.{0} Int (nat_lit 2) (@instOfNat (nat_lit 2))) r0)
    (@HSub.hSub.{0, 0, 0} Int Int Int (@instHSub.{0} Int Int.instSub)
      (@HAdd.hAdd.{0, 0, 0} Int Int Int (@instHAdd.{0} Int Int.instAdd)
        (@HSub.hSub.{0, 0, 0} Int Int Int (@instHSub.{0} Int Int.instSub)
          (@HMul.hMul.{0, 0, 0} Int Int Int (@instHMul.{0} Int Int.instMul)
            (@OfNat.ofNat.{0} Int (nat_lit 2) (@instOfNat (nat_lit 2))) xi0)
          xi1)
        (@HMul.hMul.{0, 0, 0} Int Int Int (@instHMul.{0} Int Int.instMul)
          (@OfNat.ofNat.{0} Int (nat_lit 2) (@instOfNat (nat_lit 2)))
          (@HAdd.hAdd.{0, 0, 0} Int Int Int (@instHAdd.{0} Int Int.instAdd)
            (@HSub.hSub.{0, 0, 0} Int Int Int (@instHSub.{0} Int Int.instSub) e0 eh) es)))
      e1) :=
fun (xi0 xi1 e0 e1 eh es r0 r1 twiceHalf : Int)
    (hr : @Eq.{1} Int r1 (@HAdd.hAdd.{0, 0, 0} Int Int Int (@instHAdd.{0} Int Int.instAdd) xi1 e1))
    (hh :
      @Eq.{1} Int twiceHalf
        (@HAdd.hAdd.{0, 0, 0} Int Int Int (@instHAdd.{0} Int Int.instAdd) r1
          (@HMul.hMul.{0, 0, 0} Int Int Int (@instHMul.{0} Int Int.instMul)
            (@OfNat.ofNat.{0} Int (nat_lit 2) (@instOfNat (nat_lit 2))) eh)))
    (h0 :
      @Eq.{1} Int
        (@HMul.hMul.{0, 0, 0} Int Int Int (@instHMul.{0} Int Int.instMul)
          (@OfNat.ofNat.{0} Int (nat_lit 2) (@instOfNat (nat_lit 2))) r0)
        (@HAdd.hAdd.{0, 0, 0} Int Int Int (@instHAdd.{0} Int Int.instAdd)
          (@HSub.hSub.{0, 0, 0} Int Int Int (@instHSub.{0} Int Int.instSub)
            (@HAdd.hAdd.{0, 0, 0} Int Int Int (@instHAdd.{0} Int Int.instAdd)
              (@HMul.hMul.{0, 0, 0} Int Int Int (@instHMul.{0} Int Int.instMul)
                (@OfNat.ofNat.{0} Int (nat_lit 2) (@instOfNat (nat_lit 2))) xi0)
              (@HMul.hMul.{0, 0, 0} Int Int Int (@instHMul.{0} Int Int.instMul)
                (@OfNat.ofNat.{0} Int (nat_lit 2) (@instOfNat (nat_lit 2))) e0))
            twiceHalf)
          (@HMul.hMul.{0, 0, 0} Int Int Int (@instHMul.{0} Int Int.instMul)
            (@OfNat.ofNat.{0} Int (nat_lit 2) (@instOfNat (nat_lit 2))) es))) =>
  @Decidable.byContradiction
    (@Eq.{1} Int
      (@HMul.hMul.{0, 0, 0} Int Int Int (@instHMul.{0} Int Int.instMul)
        (@OfNat.ofNat.{0} Int (nat_lit 2) (@instOfNat (nat_lit 2))) r0)
      (@HSub.hSub.{0, 0, 0} Int Int Int (@instHSub.{0} Int Int.instSub)
        (@HAdd.hAdd.{0, 0, 0} Int Int Int (@instHAdd.{0} Int Int.instAdd)
          (@HSub.hSub.{0, 0, 0} Int Int Int (@instHSub.{0} Int Int.instSub)
            (@HMul.hMul.{0, 0, 0} Int Int Int (@instHMul.{0} Int Int.instMul)
              (@OfNat.ofNat.{0} Int (nat_lit 2) (@instOfNat (nat_lit 2))) xi0)
            xi1)
          (@HMul.hMul.{0, 0, 0} Int Int Int (@instHMul.{0} Int Int.instMul)
            (@OfNat.ofNat.{0} Int (nat_lit 2) (@instOfNat (nat_lit 2)))
            (@HAdd.hAdd.{0, 0, 0} Int Int Int (@instHAdd.{0} Int Int.instAdd)
              (@HSub.hSub.{0, 0, 0} Int Int Int (@instHSub.{0} Int Int.instSub) e0 eh) es)))
        e1))
    (Int.instDecidableEq
      (@HMul.hMul.{0, 0, 0} Int Int Int (@instHMul.{0} Int Int.instMul)
        (@OfNat.ofNat.{0} Int (nat_lit 2) (@instOfNat (nat_lit 2))) r0)
      (@HSub.hSub.{0, 0, 0} Int Int Int (@instHSub.{0} Int Int.instSub)
        (@HAdd.hAdd.{0, 0, 0} Int Int Int (@instHAdd.{0} Int Int.instAdd)
          (@HSub.hSub.{0, 0, 0} Int Int Int (@instHSub.{0} Int Int.instSub)
            (@HMul.hMul.{0, 0, 0} Int Int Int (@instHMul.{0} Int Int.instMul)
              (@OfNat.ofNat.{0} Int (nat_lit 2) (@instOfNat (nat_lit 2))) xi0)
            xi1)
          (@HMul.hMul.{0, 0, 0} Int Int Int (@instHMul.{0} Int Int.instMul)
            (@OfNat.ofNat.{0} Int (nat_lit 2) (@instOfNat (nat_lit 2)))
            (@HAdd.hAdd.{0, 0, 0} Int Int Int (@instHAdd.{0} Int Int.instAdd)
              (@HSub.hSub.{0, 0, 0} Int Int Int (@instHSub.{0} Int Int.instSub) e0 eh) es)))
        e1))
    fun
      (a :
        Not
          (@Eq.{1} Int
            (@HMul.hMul.{0, 0, 0} Int Int Int (@instHMul.{0} Int Int.instMul)
              (@OfNat.ofNat.{0} Int (nat_lit 2) (@instOfNat (nat_lit 2))) r0)
            (@HSub.hSub.{0, 0, 0} Int Int Int (@instHSub.{0} Int Int.instSub)
              (@HAdd.hAdd.{0, 0, 0} Int Int Int (@instHAdd.{0} Int Int.instAdd)
                (@HSub.hSub.{0, 0, 0} Int Int Int (@instHSub.{0} Int Int.instSub)
                  (@HMul.hMul.{0, 0, 0} Int Int Int (@instHMul.{0} Int Int.instMul)
                    (@OfNat.ofNat.{0} Int (nat_lit 2) (@instOfNat (nat_lit 2))) xi0)
                  xi1)
                (@HMul.hMul.{0, 0, 0} Int Int Int (@instHMul.{0} Int Int.instMul)
                  (@OfNat.ofNat.{0} Int (nat_lit 2) (@instOfNat (nat_lit 2)))
                  (@HAdd.hAdd.{0, 0, 0} Int Int Int (@instHAdd.{0} Int Int.instAdd)
                    (@HSub.hSub.{0, 0, 0} Int Int Int (@instHSub.{0} Int Int.instSub) e0 eh) es)))
              e1))) =>
    H6P.terminal_innovation_identity._proof_1_1 xi0 xi1 e0 e1 eh es r0 r1 twiceHalf hr hh h0 a
H6P.terminal_A2 : ∀ (r0 r1 x0 : Int)
  (h :
    @Eq.{1} Int
      (@HAdd.hAdd.{0, 0, 0} Int Int Int (@instHAdd.{0} Int Int.instAdd)
        (@HMul.hMul.{0, 0, 0} Int Int Int (@instHMul.{0} Int Int.instMul)
          (@OfNat.ofNat.{0} Int (nat_lit 2) (@instOfNat (nat_lit 2))) r0)
        r1)
      (@HMul.hMul.{0, 0, 0} Int Int Int (@instHMul.{0} Int Int.instMul)
        (@OfNat.ofNat.{0} Int (nat_lit 2) (@instOfNat (nat_lit 2))) x0)),
  @Eq.{1} Int
    (@HMul.hMul.{0, 0, 0} Int Int Int (@instHMul.{0} Int Int.instMul)
      (@OfNat.ofNat.{0} Int (nat_lit 4) (@instOfNat (nat_lit 4)))
      (@HAdd.hAdd.{0, 0, 0} Int Int Int (@instHAdd.{0} Int Int.instAdd)
        (@HAdd.hAdd.{0, 0, 0} Int Int Int (@instHAdd.{0} Int Int.instAdd)
          (@HMul.hMul.{0, 0, 0} Int Int Int (@instHMul.{0} Int Int.instMul) r0 r0)
          (@HMul.hMul.{0, 0, 0} Int Int Int (@instHMul.{0} Int Int.instMul) r0 r1))
        (@HMul.hMul.{0, 0, 0} Int Int Int (@instHMul.{0} Int Int.instMul) r1 r1)))
    (@HAdd.hAdd.{0, 0, 0} Int Int Int (@instHAdd.{0} Int Int.instAdd)
      (@HMul.hMul.{0, 0, 0} Int Int Int (@instHMul.{0} Int Int.instMul)
        (@HMul.hMul.{0, 0, 0} Int Int Int (@instHMul.{0} Int Int.instMul)
          (@OfNat.ofNat.{0} Int (nat_lit 4) (@instOfNat (nat_lit 4))) x0)
        x0)
      (@HMul.hMul.{0, 0, 0} Int Int Int (@instHMul.{0} Int Int.instMul)
        (@HMul.hMul.{0, 0, 0} Int Int Int (@instHMul.{0} Int Int.instMul)
          (@OfNat.ofNat.{0} Int (nat_lit 3) (@instOfNat (nat_lit 3))) r1)
        r1))
theorem H6P.terminal_A2 : ∀ (r0 r1 x0 : Int)
  (h :
    @Eq.{1} Int
      (@HAdd.hAdd.{0, 0, 0} Int Int Int (@instHAdd.{0} Int Int.instAdd)
        (@HMul.hMul.{0, 0, 0} Int Int Int (@instHMul.{0} Int Int.instMul)
          (@OfNat.ofNat.{0} Int (nat_lit 2) (@instOfNat (nat_lit 2))) r0)
        r1)
      (@HMul.hMul.{0, 0, 0} Int Int Int (@instHMul.{0} Int Int.instMul)
        (@OfNat.ofNat.{0} Int (nat_lit 2) (@instOfNat (nat_lit 2))) x0)),
  @Eq.{1} Int
    (@HMul.hMul.{0, 0, 0} Int Int Int (@instHMul.{0} Int Int.instMul)
      (@OfNat.ofNat.{0} Int (nat_lit 4) (@instOfNat (nat_lit 4)))
      (@HAdd.hAdd.{0, 0, 0} Int Int Int (@instHAdd.{0} Int Int.instAdd)
        (@HAdd.hAdd.{0, 0, 0} Int Int Int (@instHAdd.{0} Int Int.instAdd)
          (@HMul.hMul.{0, 0, 0} Int Int Int (@instHMul.{0} Int Int.instMul) r0 r0)
          (@HMul.hMul.{0, 0, 0} Int Int Int (@instHMul.{0} Int Int.instMul) r0 r1))
        (@HMul.hMul.{0, 0, 0} Int Int Int (@instHMul.{0} Int Int.instMul) r1 r1)))
    (@HAdd.hAdd.{0, 0, 0} Int Int Int (@instHAdd.{0} Int Int.instAdd)
      (@HMul.hMul.{0, 0, 0} Int Int Int (@instHMul.{0} Int Int.instMul)
        (@HMul.hMul.{0, 0, 0} Int Int Int (@instHMul.{0} Int Int.instMul)
          (@OfNat.ofNat.{0} Int (nat_lit 4) (@instOfNat (nat_lit 4))) x0)
        x0)
      (@HMul.hMul.{0, 0, 0} Int Int Int (@instHMul.{0} Int Int.instMul)
        (@HMul.hMul.{0, 0, 0} Int Int Int (@instHMul.{0} Int Int.instMul)
          (@OfNat.ofNat.{0} Int (nat_lit 3) (@instOfNat (nat_lit 3))) r1)
        r1)) :=
fun (r0 r1 x0 : Int)
    (h :
      @Eq.{1} Int
        (@HAdd.hAdd.{0, 0, 0} Int Int Int (@instHAdd.{0} Int Int.instAdd)
          (@HMul.hMul.{0, 0, 0} Int Int Int (@instHMul.{0} Int Int.instMul)
            (@OfNat.ofNat.{0} Int (nat_lit 2) (@instOfNat (nat_lit 2))) r0)
          r1)
        (@HMul.hMul.{0, 0, 0} Int Int Int (@instHMul.{0} Int Int.instMul)
          (@OfNat.ofNat.{0} Int (nat_lit 2) (@instOfNat (nat_lit 2))) x0)) =>
  H6P.terminal_A2._proof_1_1 r0 r1 x0 h
H6P.binary_map : ∀ (u y l : Int),
  @Eq.{1} Int
    (@HAdd.hAdd.{0, 0, 0} Int Int Int (@instHAdd.{0} Int Int.instAdd)
      (@HSub.hSub.{0, 0, 0} Int Int Int (@instHSub.{0} Int Int.instSub) u
        (@HMul.hMul.{0, 0, 0} Int Int Int (@instHMul.{0} Int Int.instMul) y l))
      (@HMul.hMul.{0, 0, 0} Int Int Int (@instHMul.{0} Int Int.instMul) y l))
    u
theorem H6P.binary_map : ∀ (u y l : Int),
  @Eq.{1} Int
    (@HAdd.hAdd.{0, 0, 0} Int Int Int (@instHAdd.{0} Int Int.instAdd)
      (@HSub.hSub.{0, 0, 0} Int Int Int (@instHSub.{0} Int Int.instSub) u
        (@HMul.hMul.{0, 0, 0} Int Int Int (@instHMul.{0} Int Int.instMul) y l))
      (@HMul.hMul.{0, 0, 0} Int Int Int (@instHMul.{0} Int Int.instMul) y l))
    u :=
fun (u y l : Int) => H6P.binary_map._proof_1_1 u y l
H6P.cubic_map : ∀ (u0 u1 u2 l10 l20 l21 : Int),
  @Eq.{1} Int
    (@HSub.hSub.{0, 0, 0} Int Int Int (@instHSub.{0} Int Int.instSub)
      (@HSub.hSub.{0, 0, 0} Int Int Int (@instHSub.{0} Int Int.instSub) u0
        (@HMul.hMul.{0, 0, 0} Int Int Int (@instHMul.{0} Int Int.instMul)
          (@HSub.hSub.{0, 0, 0} Int Int Int (@instHSub.{0} Int Int.instSub) u1
            (@HMul.hMul.{0, 0, 0} Int Int Int (@instHMul.{0} Int Int.instMul) u2 l21))
          l10))
      (@HMul.hMul.{0, 0, 0} Int Int Int (@instHMul.{0} Int Int.instMul) u2 l20))
    (@HAdd.hAdd.{0, 0, 0} Int Int Int (@instHAdd.{0} Int Int.instAdd)
      (@HSub.hSub.{0, 0, 0} Int Int Int (@instHSub.{0} Int Int.instSub) u0
        (@HMul.hMul.{0, 0, 0} Int Int Int (@instHMul.{0} Int Int.instMul) u1 l10))
      (@HMul.hMul.{0, 0, 0} Int Int Int (@instHMul.{0} Int Int.instMul) u2
        (@HSub.hSub.{0, 0, 0} Int Int Int (@instHSub.{0} Int Int.instSub)
          (@HMul.hMul.{0, 0, 0} Int Int Int (@instHMul.{0} Int Int.instMul) l21 l10) l20)))
theorem H6P.cubic_map : ∀ (u0 u1 u2 l10 l20 l21 : Int),
  @Eq.{1} Int
    (@HSub.hSub.{0, 0, 0} Int Int Int (@instHSub.{0} Int Int.instSub)
      (@HSub.hSub.{0, 0, 0} Int Int Int (@instHSub.{0} Int Int.instSub) u0
        (@HMul.hMul.{0, 0, 0} Int Int Int (@instHMul.{0} Int Int.instMul)
          (@HSub.hSub.{0, 0, 0} Int Int Int (@instHSub.{0} Int Int.instSub) u1
            (@HMul.hMul.{0, 0, 0} Int Int Int (@instHMul.{0} Int Int.instMul) u2 l21))
          l10))
      (@HMul.hMul.{0, 0, 0} Int Int Int (@instHMul.{0} Int Int.instMul) u2 l20))
    (@HAdd.hAdd.{0, 0, 0} Int Int Int (@instHAdd.{0} Int Int.instAdd)
      (@HSub.hSub.{0, 0, 0} Int Int Int (@instHSub.{0} Int Int.instSub) u0
        (@HMul.hMul.{0, 0, 0} Int Int Int (@instHMul.{0} Int Int.instMul) u1 l10))
      (@HMul.hMul.{0, 0, 0} Int Int Int (@instHMul.{0} Int Int.instMul) u2
        (@HSub.hSub.{0, 0, 0} Int Int Int (@instHSub.{0} Int Int.instSub)
          (@HMul.hMul.{0, 0, 0} Int Int Int (@instHMul.{0} Int Int.instMul) l21 l10) l20))) :=
fun (u0 u1 u2 l10 l20 l21 : Int) => H6P.cubic_map._proof_1_1 u0 u1 u2 l10 l20 l21
H6P.root_basis_map : ∀ (u y l b0 b1 : Int),
  @Eq.{1} Int
    (@HAdd.hAdd.{0, 0, 0} Int Int Int (@instHAdd.{0} Int Int.instAdd)
      (@HMul.hMul.{0, 0, 0} Int Int Int (@instHMul.{0} Int Int.instMul)
        (@HSub.hSub.{0, 0, 0} Int Int Int (@instHSub.{0} Int Int.instSub) u
          (@HMul.hMul.{0, 0, 0} Int Int Int (@instHMul.{0} Int Int.instMul) y l))
        b0)
      (@HMul.hMul.{0, 0, 0} Int Int Int (@instHMul.{0} Int Int.instMul) y b1))
    (@HAdd.hAdd.{0, 0, 0} Int Int Int (@instHAdd.{0} Int Int.instAdd)
      (@HMul.hMul.{0, 0, 0} Int Int Int (@instHMul.{0} Int Int.instMul) u b0)
      (@HMul.hMul.{0, 0, 0} Int Int Int (@instHMul.{0} Int Int.instMul) y
        (@HSub.hSub.{0, 0, 0} Int Int Int (@instHSub.{0} Int Int.instSub) b1
          (@HMul.hMul.{0, 0, 0} Int Int Int (@instHMul.{0} Int Int.instMul) l b0))))
theorem H6P.root_basis_map : ∀ (u y l b0 b1 : Int),
  @Eq.{1} Int
    (@HAdd.hAdd.{0, 0, 0} Int Int Int (@instHAdd.{0} Int Int.instAdd)
      (@HMul.hMul.{0, 0, 0} Int Int Int (@instHMul.{0} Int Int.instMul)
        (@HSub.hSub.{0, 0, 0} Int Int Int (@instHSub.{0} Int Int.instSub) u
          (@HMul.hMul.{0, 0, 0} Int Int Int (@instHMul.{0} Int Int.instMul) y l))
        b0)
      (@HMul.hMul.{0, 0, 0} Int Int Int (@instHMul.{0} Int Int.instMul) y b1))
    (@HAdd.hAdd.{0, 0, 0} Int Int Int (@instHAdd.{0} Int Int.instAdd)
      (@HMul.hMul.{0, 0, 0} Int Int Int (@instHMul.{0} Int Int.instMul) u b0)
      (@HMul.hMul.{0, 0, 0} Int Int Int (@instHMul.{0} Int Int.instMul) y
        (@HSub.hSub.{0, 0, 0} Int Int Int (@instHSub.{0} Int Int.instSub) b1
          (@HMul.hMul.{0, 0, 0} Int Int Int (@instHMul.{0} Int Int.instMul) l b0)))) :=
fun (u y l b0 b1 : Int) => H6P.root_basis_map._proof_1_1 u y l b0 b1
H6P.no_affine_offset : ∀ (l b0 b1 : Int),
  @Eq.{1} Int
    (@HAdd.hAdd.{0, 0, 0} Int Int Int (@instHAdd.{0} Int Int.instAdd)
      (@HMul.hMul.{0, 0, 0} Int Int Int (@instHMul.{0} Int Int.instMul)
        (@HSub.hSub.{0, 0, 0} Int Int Int (@instHSub.{0} Int Int.instSub)
          (@OfNat.ofNat.{0} Int (nat_lit 0) (@instOfNat (nat_lit 0)))
          (@HMul.hMul.{0, 0, 0} Int Int Int (@instHMul.{0} Int Int.instMul)
            (@OfNat.ofNat.{0} Int (nat_lit 0) (@instOfNat (nat_lit 0))) l))
        b0)
      (@HMul.hMul.{0, 0, 0} Int Int Int (@instHMul.{0} Int Int.instMul)
        (@OfNat.ofNat.{0} Int (nat_lit 0) (@instOfNat (nat_lit 0))) b1))
    (@OfNat.ofNat.{0} Int (nat_lit 0) (@instOfNat (nat_lit 0)))
theorem H6P.no_affine_offset : ∀ (l b0 b1 : Int),
  @Eq.{1} Int
    (@HAdd.hAdd.{0, 0, 0} Int Int Int (@instHAdd.{0} Int Int.instAdd)
      (@HMul.hMul.{0, 0, 0} Int Int Int (@instHMul.{0} Int Int.instMul)
        (@HSub.hSub.{0, 0, 0} Int Int Int (@instHSub.{0} Int Int.instSub)
          (@OfNat.ofNat.{0} Int (nat_lit 0) (@instOfNat (nat_lit 0)))
          (@HMul.hMul.{0, 0, 0} Int Int Int (@instHMul.{0} Int Int.instMul)
            (@OfNat.ofNat.{0} Int (nat_lit 0) (@instOfNat (nat_lit 0))) l))
        b0)
      (@HMul.hMul.{0, 0, 0} Int Int Int (@instHMul.{0} Int Int.instMul)
        (@OfNat.ofNat.{0} Int (nat_lit 0) (@instOfNat (nat_lit 0))) b1))
    (@OfNat.ofNat.{0} Int (nat_lit 0) (@instOfNat (nat_lit 0))) :=
fun (l b0 b1 : Int) =>
  @of_eq_true
    (@Eq.{1} Int
      (@HAdd.hAdd.{0, 0, 0} Int Int Int (@instHAdd.{0} Int Int.instAdd)
        (@HMul.hMul.{0, 0, 0} Int Int Int (@instHMul.{0} Int Int.instMul)
          (@HSub.hSub.{0, 0, 0} Int Int Int (@instHSub.{0} Int Int.instSub)
            (@OfNat.ofNat.{0} Int (nat_lit 0) (@instOfNat (nat_lit 0)))
            (@HMul.hMul.{0, 0, 0} Int Int Int (@instHMul.{0} Int Int.instMul)
              (@OfNat.ofNat.{0} Int (nat_lit 0) (@instOfNat (nat_lit 0))) l))
          b0)
        (@HMul.hMul.{0, 0, 0} Int Int Int (@instHMul.{0} Int Int.instMul)
          (@OfNat.ofNat.{0} Int (nat_lit 0) (@instOfNat (nat_lit 0))) b1))
      (@OfNat.ofNat.{0} Int (nat_lit 0) (@instOfNat (nat_lit 0))))
    (@Eq.trans.{1} Prop
      (@Eq.{1} Int
        (@HAdd.hAdd.{0, 0, 0} Int Int Int (@instHAdd.{0} Int Int.instAdd)
          (@HMul.hMul.{0, 0, 0} Int Int Int (@instHMul.{0} Int Int.instMul)
            (@HSub.hSub.{0, 0, 0} Int Int Int (@instHSub.{0} Int Int.instSub)
              (@OfNat.ofNat.{0} Int (nat_lit 0) (@instOfNat (nat_lit 0)))
              (@HMul.hMul.{0, 0, 0} Int Int Int (@instHMul.{0} Int Int.instMul)
                (@OfNat.ofNat.{0} Int (nat_lit 0) (@instOfNat (nat_lit 0))) l))
            b0)
          (@HMul.hMul.{0, 0, 0} Int Int Int (@instHMul.{0} Int Int.instMul)
            (@OfNat.ofNat.{0} Int (nat_lit 0) (@instOfNat (nat_lit 0))) b1))
        (@OfNat.ofNat.{0} Int (nat_lit 0) (@instOfNat (nat_lit 0))))
      (@Eq.{1} Int (@OfNat.ofNat.{0} Int (nat_lit 0) (@instOfNat (nat_lit 0)))
        (@OfNat.ofNat.{0} Int (nat_lit 0) (@instOfNat (nat_lit 0))))
      True
      (@congrFun'.{1, 1} Int Prop
        (@Eq.{1} Int
          (@HAdd.hAdd.{0, 0, 0} Int Int Int (@instHAdd.{0} Int Int.instAdd)
            (@HMul.hMul.{0, 0, 0} Int Int Int (@instHMul.{0} Int Int.instMul)
              (@HSub.hSub.{0, 0, 0} Int Int Int (@instHSub.{0} Int Int.instSub)
                (@OfNat.ofNat.{0} Int (nat_lit 0) (@instOfNat (nat_lit 0)))
                (@HMul.hMul.{0, 0, 0} Int Int Int (@instHMul.{0} Int Int.instMul)
                  (@OfNat.ofNat.{0} Int (nat_lit 0) (@instOfNat (nat_lit 0))) l))
              b0)
            (@HMul.hMul.{0, 0, 0} Int Int Int (@instHMul.{0} Int Int.instMul)
              (@OfNat.ofNat.{0} Int (nat_lit 0) (@instOfNat (nat_lit 0))) b1)))
        (@Eq.{1} Int (@OfNat.ofNat.{0} Int (nat_lit 0) (@instOfNat (nat_lit 0))))
        (@congrArg.{1, 1} Int (Int → Prop)
          (@HAdd.hAdd.{0, 0, 0} Int Int Int (@instHAdd.{0} Int Int.instAdd)
            (@HMul.hMul.{0, 0, 0} Int Int Int (@instHMul.{0} Int Int.instMul)
              (@HSub.hSub.{0, 0, 0} Int Int Int (@instHSub.{0} Int Int.instSub)
                (@OfNat.ofNat.{0} Int (nat_lit 0) (@instOfNat (nat_lit 0)))
                (@HMul.hMul.{0, 0, 0} Int Int Int (@instHMul.{0} Int Int.instMul)
                  (@OfNat.ofNat.{0} Int (nat_lit 0) (@instOfNat (nat_lit 0))) l))
              b0)
            (@HMul.hMul.{0, 0, 0} Int Int Int (@instHMul.{0} Int Int.instMul)
              (@OfNat.ofNat.{0} Int (nat_lit 0) (@instOfNat (nat_lit 0))) b1))
          (@OfNat.ofNat.{0} Int (nat_lit 0) (@instOfNat (nat_lit 0))) (@Eq.{1} Int)
          (@Eq.trans.{1} Int
            (@HAdd.hAdd.{0, 0, 0} Int Int Int (@instHAdd.{0} Int Int.instAdd)
              (@HMul.hMul.{0, 0, 0} Int Int Int (@instHMul.{0} Int Int.instMul)
                (@HSub.hSub.{0, 0, 0} Int Int Int (@instHSub.{0} Int Int.instSub)
                  (@OfNat.ofNat.{0} Int (nat_lit 0) (@instOfNat (nat_lit 0)))
                  (@HMul.hMul.{0, 0, 0} Int Int Int (@instHMul.{0} Int Int.instMul)
                    (@OfNat.ofNat.{0} Int (nat_lit 0) (@instOfNat (nat_lit 0))) l))
                b0)
              (@HMul.hMul.{0, 0, 0} Int Int Int (@instHMul.{0} Int Int.instMul)
                (@OfNat.ofNat.{0} Int (nat_lit 0) (@instOfNat (nat_lit 0))) b1))
            (@HAdd.hAdd.{0, 0, 0} Int Int Int (@instHAdd.{0} Int Int.instAdd)
              (@OfNat.ofNat.{0} Int (nat_lit 0) (@instOfNat (nat_lit 0)))
              (@OfNat.ofNat.{0} Int (nat_lit 0) (@instOfNat (nat_lit 0))))
            (@OfNat.ofNat.{0} Int (nat_lit 0) (@instOfNat (nat_lit 0)))
            (@congr.{1, 1} Int Int
              (@HAdd.hAdd.{0, 0, 0} Int Int Int (@instHAdd.{0} Int Int.instAdd)
                (@HMul.hMul.{0, 0, 0} Int Int Int (@instHMul.{0} Int Int.instMul)
                  (@HSub.hSub.{0, 0, 0} Int Int Int (@instHSub.{0} Int Int.instSub)
                    (@OfNat.ofNat.{0} Int (nat_lit 0) (@instOfNat (nat_lit 0)))
                    (@HMul.hMul.{0, 0, 0} Int Int Int (@instHMul.{0} Int Int.instMul)
                      (@OfNat.ofNat.{0} Int (nat_lit 0) (@instOfNat (nat_lit 0))) l))
                  b0))
              (@HAdd.hAdd.{0, 0, 0} Int Int Int (@instHAdd.{0} Int Int.instAdd)
                (@OfNat.ofNat.{0} Int (nat_lit 0) (@instOfNat (nat_lit 0))))
              (@HMul.hMul.{0, 0, 0} Int Int Int (@instHMul.{0} Int Int.instMul)
                (@OfNat.ofNat.{0} Int (nat_lit 0) (@instOfNat (nat_lit 0))) b1)
              (@OfNat.ofNat.{0} Int (nat_lit 0) (@instOfNat (nat_lit 0)))
              (@congrArg.{1, 1} Int (Int → Int)
                (@HMul.hMul.{0, 0, 0} Int Int Int (@instHMul.{0} Int Int.instMul)
                  (@HSub.hSub.{0, 0, 0} Int Int Int (@instHSub.{0} Int Int.instSub)
                    (@OfNat.ofNat.{0} Int (nat_lit 0) (@instOfNat (nat_lit 0)))
                    (@HMul.hMul.{0, 0, 0} Int Int Int (@instHMul.{0} Int Int.instMul)
                      (@OfNat.ofNat.{0} Int (nat_lit 0) (@instOfNat (nat_lit 0))) l))
                  b0)
                (@OfNat.ofNat.{0} Int (nat_lit 0) (@instOfNat (nat_lit 0)))
                (@HAdd.hAdd.{0, 0, 0} Int Int Int (@instHAdd.{0} Int Int.instAdd))
                (@Eq.trans.{1} Int
                  (@HMul.hMul.{0, 0, 0} Int Int Int (@instHMul.{0} Int Int.instMul)
                    (@HSub.hSub.{0, 0, 0} Int Int Int (@instHSub.{0} Int Int.instSub)
                      (@OfNat.ofNat.{0} Int (nat_lit 0) (@instOfNat (nat_lit 0)))
                      (@HMul.hMul.{0, 0, 0} Int Int Int (@instHMul.{0} Int Int.instMul)
                        (@OfNat.ofNat.{0} Int (nat_lit 0) (@instOfNat (nat_lit 0))) l))
                    b0)
                  (@HMul.hMul.{0, 0, 0} Int Int Int (@instHMul.{0} Int Int.instMul)
                    (@OfNat.ofNat.{0} Int (nat_lit 0) (@instOfNat (nat_lit 0))) b0)
                  (@OfNat.ofNat.{0} Int (nat_lit 0) (@instOfNat (nat_lit 0)))
                  (@congrFun'.{1, 1} Int Int
                    (@HMul.hMul.{0, 0, 0} Int Int Int (@instHMul.{0} Int Int.instMul)
                      (@HSub.hSub.{0, 0, 0} Int Int Int (@instHSub.{0} Int Int.instSub)
                        (@OfNat.ofNat.{0} Int (nat_lit 0) (@instOfNat (nat_lit 0)))
                        (@HMul.hMul.{0, 0, 0} Int Int Int (@instHMul.{0} Int Int.instMul)
                          (@OfNat.ofNat.{0} Int (nat_lit 0) (@instOfNat (nat_lit 0))) l)))
                    (@HMul.hMul.{0, 0, 0} Int Int Int (@instHMul.{0} Int Int.instMul)
                      (@OfNat.ofNat.{0} Int (nat_lit 0) (@instOfNat (nat_lit 0))))
                    (@congrArg.{1, 1} Int (Int → Int)
                      (@HSub.hSub.{0, 0, 0} Int Int Int (@instHSub.{0} Int Int.instSub)
                        (@OfNat.ofNat.{0} Int (nat_lit 0) (@instOfNat (nat_lit 0)))
                        (@HMul.hMul.{0, 0, 0} Int Int Int (@instHMul.{0} Int Int.instMul)
                          (@OfNat.ofNat.{0} Int (nat_lit 0) (@instOfNat (nat_lit 0))) l))
                      (@OfNat.ofNat.{0} Int (nat_lit 0) (@instOfNat (nat_lit 0)))
                      (@HMul.hMul.{0, 0, 0} Int Int Int (@instHMul.{0} Int Int.instMul))
                      (@Eq.trans.{1} Int
                        (@HSub.hSub.{0, 0, 0} Int Int Int (@instHSub.{0} Int Int.instSub)
                          (@OfNat.ofNat.{0} Int (nat_lit 0) (@instOfNat (nat_lit 0)))
                          (@HMul.hMul.{0, 0, 0} Int Int Int (@instHMul.{0} Int Int.instMul)
                            (@OfNat.ofNat.{0} Int (nat_lit 0) (@instOfNat (nat_lit 0))) l))
                        (@HSub.hSub.{0, 0, 0} Int Int Int (@instHSub.{0} Int Int.instSub)
                          (@OfNat.ofNat.{0} Int (nat_lit 0) (@instOfNat (nat_lit 0)))
                          (@OfNat.ofNat.{0} Int (nat_lit 0) (@instOfNat (nat_lit 0))))
                        (@OfNat.ofNat.{0} Int (nat_lit 0) (@instOfNat (nat_lit 0)))
                        (@congrArg.{1, 1} Int Int
                          (@HMul.hMul.{0, 0, 0} Int Int Int (@instHMul.{0} Int Int.instMul)
                            (@OfNat.ofNat.{0} Int (nat_lit 0) (@instOfNat (nat_lit 0))) l)
                          (@OfNat.ofNat.{0} Int (nat_lit 0) (@instOfNat (nat_lit 0)))
                          (@HSub.hSub.{0, 0, 0} Int Int Int (@instHSub.{0} Int Int.instSub)
                            (@OfNat.ofNat.{0} Int (nat_lit 0) (@instOfNat (nat_lit 0))))
                          (Int.zero_mul l))
                        (Int.sub_self (@OfNat.ofNat.{0} Int (nat_lit 0) (@instOfNat (nat_lit 0))))))
                    b0)
                  (Int.zero_mul b0)))
              (Int.zero_mul b1))
            (Int.add_zero (@OfNat.ofNat.{0} Int (nat_lit 0) (@instOfNat (nat_lit 0))))))
        (@OfNat.ofNat.{0} Int (nat_lit 0) (@instOfNat (nat_lit 0))))
      (@eq_self.{1} Int (@OfNat.ofNat.{0} Int (nat_lit 0) (@instOfNat (nat_lit 0)))))
H6P.output_counts : And
  (@Eq.{1} Nat
    (@HMul.hMul.{0, 0, 0} Nat Nat Nat (@instHMul.{0} Nat instMulNat)
      (@OfNat.ofNat.{0} Nat (nat_lit 2) (instOfNatNat (nat_lit 2)))
      (@OfNat.ofNat.{0} Nat (nat_lit 1536) (instOfNatNat (nat_lit 1536))))
    (@OfNat.ofNat.{0} Nat (nat_lit 3072) (instOfNatNat (nat_lit 3072))))
  (@Eq.{1} Nat
    (@HMul.hMul.{0, 0, 0} Nat Nat Nat (@instHMul.{0} Nat instMulNat)
      (@OfNat.ofNat.{0} Nat (nat_lit 2) (instOfNatNat (nat_lit 2)))
      (@OfNat.ofNat.{0} Nat (nat_lit 3072) (instOfNatNat (nat_lit 3072))))
    (@OfNat.ofNat.{0} Nat (nat_lit 6144) (instOfNatNat (nat_lit 6144))))
theorem H6P.output_counts : And
  (@Eq.{1} Nat
    (@HMul.hMul.{0, 0, 0} Nat Nat Nat (@instHMul.{0} Nat instMulNat)
      (@OfNat.ofNat.{0} Nat (nat_lit 2) (instOfNatNat (nat_lit 2)))
      (@OfNat.ofNat.{0} Nat (nat_lit 1536) (instOfNatNat (nat_lit 1536))))
    (@OfNat.ofNat.{0} Nat (nat_lit 3072) (instOfNatNat (nat_lit 3072))))
  (@Eq.{1} Nat
    (@HMul.hMul.{0, 0, 0} Nat Nat Nat (@instHMul.{0} Nat instMulNat)
      (@OfNat.ofNat.{0} Nat (nat_lit 2) (instOfNatNat (nat_lit 2)))
      (@OfNat.ofNat.{0} Nat (nat_lit 3072) (instOfNatNat (nat_lit 3072))))
    (@OfNat.ofNat.{0} Nat (nat_lit 6144) (instOfNatNat (nat_lit 6144)))) :=
@of_decide_eq_true
  (And
    (@Eq.{1} Nat
      (@HMul.hMul.{0, 0, 0} Nat Nat Nat (@instHMul.{0} Nat instMulNat)
        (@OfNat.ofNat.{0} Nat (nat_lit 2) (instOfNatNat (nat_lit 2)))
        (@OfNat.ofNat.{0} Nat (nat_lit 1536) (instOfNatNat (nat_lit 1536))))
      (@OfNat.ofNat.{0} Nat (nat_lit 3072) (instOfNatNat (nat_lit 3072))))
    (@Eq.{1} Nat
      (@HMul.hMul.{0, 0, 0} Nat Nat Nat (@instHMul.{0} Nat instMulNat)
        (@OfNat.ofNat.{0} Nat (nat_lit 2) (instOfNatNat (nat_lit 2)))
        (@OfNat.ofNat.{0} Nat (nat_lit 3072) (instOfNatNat (nat_lit 3072))))
      (@OfNat.ofNat.{0} Nat (nat_lit 6144) (instOfNatNat (nat_lit 6144)))))
  (@instDecidableAnd
    (@Eq.{1} Nat
      (@HMul.hMul.{0, 0, 0} Nat Nat Nat (@instHMul.{0} Nat instMulNat)
        (@OfNat.ofNat.{0} Nat (nat_lit 2) (instOfNatNat (nat_lit 2)))
        (@OfNat.ofNat.{0} Nat (nat_lit 1536) (instOfNatNat (nat_lit 1536))))
      (@OfNat.ofNat.{0} Nat (nat_lit 3072) (instOfNatNat (nat_lit 3072))))
    (@Eq.{1} Nat
      (@HMul.hMul.{0, 0, 0} Nat Nat Nat (@instHMul.{0} Nat instMulNat)
        (@OfNat.ofNat.{0} Nat (nat_lit 2) (instOfNatNat (nat_lit 2)))
        (@OfNat.ofNat.{0} Nat (nat_lit 3072) (instOfNatNat (nat_lit 3072))))
      (@OfNat.ofNat.{0} Nat (nat_lit 6144) (instOfNatNat (nat_lit 6144))))
    (instDecidableEqNat
      (@HMul.hMul.{0, 0, 0} Nat Nat Nat (@instHMul.{0} Nat instMulNat)
        (@OfNat.ofNat.{0} Nat (nat_lit 2) (instOfNatNat (nat_lit 2)))
        (@OfNat.ofNat.{0} Nat (nat_lit 1536) (instOfNatNat (nat_lit 1536))))
      (@OfNat.ofNat.{0} Nat (nat_lit 3072) (instOfNatNat (nat_lit 3072))))
    (instDecidableEqNat
      (@HMul.hMul.{0, 0, 0} Nat Nat Nat (@instHMul.{0} Nat instMulNat)
        (@OfNat.ofNat.{0} Nat (nat_lit 2) (instOfNatNat (nat_lit 2)))
        (@OfNat.ofNat.{0} Nat (nat_lit 3072) (instOfNatNat (nat_lit 3072))))
      (@OfNat.ofNat.{0} Nat (nat_lit 6144) (instOfNatNat (nat_lit 6144)))))
  (@id.{0}
    (@Eq.{1} Bool
      (@Decidable.decide
        (And
          (@Eq.{1} Nat
            (@HMul.hMul.{0, 0, 0} Nat Nat Nat (@instHMul.{0} Nat instMulNat)
              (@OfNat.ofNat.{0} Nat (nat_lit 2) (instOfNatNat (nat_lit 2)))
              (@OfNat.ofNat.{0} Nat (nat_lit 1536) (instOfNatNat (nat_lit 1536))))
            (@OfNat.ofNat.{0} Nat (nat_lit 3072) (instOfNatNat (nat_lit 3072))))
          (@Eq.{1} Nat
            (@HMul.hMul.{0, 0, 0} Nat Nat Nat (@instHMul.{0} Nat instMulNat)
              (@OfNat.ofNat.{0} Nat (nat_lit 2) (instOfNatNat (nat_lit 2)))
              (@OfNat.ofNat.{0} Nat (nat_lit 3072) (instOfNatNat (nat_lit 3072))))
            (@OfNat.ofNat.{0} Nat (nat_lit 6144) (instOfNatNat (nat_lit 6144)))))
        (@instDecidableAnd
          (@Eq.{1} Nat
            (@HMul.hMul.{0, 0, 0} Nat Nat Nat (@instHMul.{0} Nat instMulNat)
              (@OfNat.ofNat.{0} Nat (nat_lit 2) (instOfNatNat (nat_lit 2)))
              (@OfNat.ofNat.{0} Nat (nat_lit 1536) (instOfNatNat (nat_lit 1536))))
            (@OfNat.ofNat.{0} Nat (nat_lit 3072) (instOfNatNat (nat_lit 3072))))
          (@Eq.{1} Nat
            (@HMul.hMul.{0, 0, 0} Nat Nat Nat (@instHMul.{0} Nat instMulNat)
              (@OfNat.ofNat.{0} Nat (nat_lit 2) (instOfNatNat (nat_lit 2)))
              (@OfNat.ofNat.{0} Nat (nat_lit 3072) (instOfNatNat (nat_lit 3072))))
            (@OfNat.ofNat.{0} Nat (nat_lit 6144) (instOfNatNat (nat_lit 6144))))
          (instDecidableEqNat
            (@HMul.hMul.{0, 0, 0} Nat Nat Nat (@instHMul.{0} Nat instMulNat)
              (@OfNat.ofNat.{0} Nat (nat_lit 2) (instOfNatNat (nat_lit 2)))
              (@OfNat.ofNat.{0} Nat (nat_lit 1536) (instOfNatNat (nat_lit 1536))))
            (@OfNat.ofNat.{0} Nat (nat_lit 3072) (instOfNatNat (nat_lit 3072))))
          (instDecidableEqNat
            (@HMul.hMul.{0, 0, 0} Nat Nat Nat (@instHMul.{0} Nat instMulNat)
              (@OfNat.ofNat.{0} Nat (nat_lit 2) (instOfNatNat (nat_lit 2)))
              (@OfNat.ofNat.{0} Nat (nat_lit 3072) (instOfNatNat (nat_lit 3072))))
            (@OfNat.ofNat.{0} Nat (nat_lit 6144) (instOfNatNat (nat_lit 6144))))))
      Bool.true)
    (@Eq.refl.{1} Bool Bool.true))
H6P.A2_coordinate0 : ∀ (x y : Int),
  @LE.le.{0} Int Int.instLEInt
    (@HMul.hMul.{0, 0, 0} Int Int Int (@instHMul.{0} Int Int.instMul)
      (@OfNat.ofNat.{0} Int (nat_lit 3) (@instOfNat (nat_lit 3)))
      (@HPow.hPow.{0, 0, 0} Int Nat Int (@instHPow.{0, 0} Int Nat (@instPowNat.{0} Int Int.instNatPow)) x
        (@OfNat.ofNat.{0} Nat (nat_lit 2) (instOfNatNat (nat_lit 2)))))
    (@HMul.hMul.{0, 0, 0} Int Int Int (@instHMul.{0} Int Int.instMul)
      (@OfNat.ofNat.{0} Int (nat_lit 4) (@instOfNat (nat_lit 4)))
      (@HAdd.hAdd.{0, 0, 0} Int Int Int (@instHAdd.{0} Int Int.instAdd)
        (@HAdd.hAdd.{0, 0, 0} Int Int Int (@instHAdd.{0} Int Int.instAdd)
          (@HMul.hMul.{0, 0, 0} Int Int Int (@instHMul.{0} Int Int.instMul) x x)
          (@HMul.hMul.{0, 0, 0} Int Int Int (@instHMul.{0} Int Int.instMul) x y))
        (@HMul.hMul.{0, 0, 0} Int Int Int (@instHMul.{0} Int Int.instMul) y y)))
theorem H6P.A2_coordinate0 : ∀ (x y : Int),
  @LE.le.{0} Int Int.instLEInt
    (@HMul.hMul.{0, 0, 0} Int Int Int (@instHMul.{0} Int Int.instMul)
      (@OfNat.ofNat.{0} Int (nat_lit 3) (@instOfNat (nat_lit 3)))
      (@HPow.hPow.{0, 0, 0} Int Nat Int (@instHPow.{0, 0} Int Nat (@instPowNat.{0} Int Int.instNatPow)) x
        (@OfNat.ofNat.{0} Nat (nat_lit 2) (instOfNatNat (nat_lit 2)))))
    (@HMul.hMul.{0, 0, 0} Int Int Int (@instHMul.{0} Int Int.instMul)
      (@OfNat.ofNat.{0} Int (nat_lit 4) (@instOfNat (nat_lit 4)))
      (@HAdd.hAdd.{0, 0, 0} Int Int Int (@instHAdd.{0} Int Int.instAdd)
        (@HAdd.hAdd.{0, 0, 0} Int Int Int (@instHAdd.{0} Int Int.instAdd)
          (@HMul.hMul.{0, 0, 0} Int Int Int (@instHMul.{0} Int Int.instMul) x x)
          (@HMul.hMul.{0, 0, 0} Int Int Int (@instHMul.{0} Int Int.instMul) x y))
        (@HMul.hMul.{0, 0, 0} Int Int Int (@instHMul.{0} Int Int.instMul) y y))) :=
fun (x y : Int) =>
  have h :
    @LE.le.{0} Int Int.instLEInt (@OfNat.ofNat.{0} Int (nat_lit 0) (@instOfNat (nat_lit 0)))
      (@HPow.hPow.{0, 0, 0} Int Nat Int (@instHPow.{0, 0} Int Nat (@instPowNat.{0} Int Int.instNatPow))
        (@HAdd.hAdd.{0, 0, 0} Int Int Int (@instHAdd.{0} Int Int.instAdd) x
          (@HMul.hMul.{0, 0, 0} Int Int Int (@instHMul.{0} Int Int.instMul)
            (@OfNat.ofNat.{0} Int (nat_lit 2) (@instOfNat (nat_lit 2))) y))
        (@OfNat.ofNat.{0} Nat (nat_lit 2) (instOfNatNat (nat_lit 2)))) :=
    Int.sq_nonneg
      (@HAdd.hAdd.{0, 0, 0} Int Int Int (@instHAdd.{0} Int Int.instAdd) x
        (@HMul.hMul.{0, 0, 0} Int Int Int (@instHMul.{0} Int Int.instMul)
          (@OfNat.ofNat.{0} Int (nat_lit 2) (@instOfNat (nat_lit 2))) y));
  H6P.A2_coordinate0._proof_1_1 x y h
H6P.A2_coordinate1 : ∀ (x y : Int),
  @LE.le.{0} Int Int.instLEInt
    (@HMul.hMul.{0, 0, 0} Int Int Int (@instHMul.{0} Int Int.instMul)
      (@OfNat.ofNat.{0} Int (nat_lit 3) (@instOfNat (nat_lit 3)))
      (@HPow.hPow.{0, 0, 0} Int Nat Int (@instHPow.{0, 0} Int Nat (@instPowNat.{0} Int Int.instNatPow)) y
        (@OfNat.ofNat.{0} Nat (nat_lit 2) (instOfNatNat (nat_lit 2)))))
    (@HMul.hMul.{0, 0, 0} Int Int Int (@instHMul.{0} Int Int.instMul)
      (@OfNat.ofNat.{0} Int (nat_lit 4) (@instOfNat (nat_lit 4)))
      (@HAdd.hAdd.{0, 0, 0} Int Int Int (@instHAdd.{0} Int Int.instAdd)
        (@HAdd.hAdd.{0, 0, 0} Int Int Int (@instHAdd.{0} Int Int.instAdd)
          (@HMul.hMul.{0, 0, 0} Int Int Int (@instHMul.{0} Int Int.instMul) x x)
          (@HMul.hMul.{0, 0, 0} Int Int Int (@instHMul.{0} Int Int.instMul) x y))
        (@HMul.hMul.{0, 0, 0} Int Int Int (@instHMul.{0} Int Int.instMul) y y)))
theorem H6P.A2_coordinate1 : ∀ (x y : Int),
  @LE.le.{0} Int Int.instLEInt
    (@HMul.hMul.{0, 0, 0} Int Int Int (@instHMul.{0} Int Int.instMul)
      (@OfNat.ofNat.{0} Int (nat_lit 3) (@instOfNat (nat_lit 3)))
      (@HPow.hPow.{0, 0, 0} Int Nat Int (@instHPow.{0, 0} Int Nat (@instPowNat.{0} Int Int.instNatPow)) y
        (@OfNat.ofNat.{0} Nat (nat_lit 2) (instOfNatNat (nat_lit 2)))))
    (@HMul.hMul.{0, 0, 0} Int Int Int (@instHMul.{0} Int Int.instMul)
      (@OfNat.ofNat.{0} Int (nat_lit 4) (@instOfNat (nat_lit 4)))
      (@HAdd.hAdd.{0, 0, 0} Int Int Int (@instHAdd.{0} Int Int.instAdd)
        (@HAdd.hAdd.{0, 0, 0} Int Int Int (@instHAdd.{0} Int Int.instAdd)
          (@HMul.hMul.{0, 0, 0} Int Int Int (@instHMul.{0} Int Int.instMul) x x)
          (@HMul.hMul.{0, 0, 0} Int Int Int (@instHMul.{0} Int Int.instMul) x y))
        (@HMul.hMul.{0, 0, 0} Int Int Int (@instHMul.{0} Int Int.instMul) y y))) :=
fun (x y : Int) =>
  have h :
    @LE.le.{0} Int Int.instLEInt (@OfNat.ofNat.{0} Int (nat_lit 0) (@instOfNat (nat_lit 0)))
      (@HPow.hPow.{0, 0, 0} Int Nat Int (@instHPow.{0, 0} Int Nat (@instPowNat.{0} Int Int.instNatPow))
        (@HAdd.hAdd.{0, 0, 0} Int Int Int (@instHAdd.{0} Int Int.instAdd)
          (@HMul.hMul.{0, 0, 0} Int Int Int (@instHMul.{0} Int Int.instMul)
            (@OfNat.ofNat.{0} Int (nat_lit 2) (@instOfNat (nat_lit 2))) x)
          y)
        (@OfNat.ofNat.{0} Nat (nat_lit 2) (instOfNatNat (nat_lit 2)))) :=
    Int.sq_nonneg
      (@HAdd.hAdd.{0, 0, 0} Int Int Int (@instHAdd.{0} Int Int.instAdd)
        (@HMul.hMul.{0, 0, 0} Int Int Int (@instHMul.{0} Int Int.instMul)
          (@OfNat.ofNat.{0} Int (nat_lit 2) (@instOfNat (nat_lit 2))) x)
        y);
  H6P.A2_coordinate1._proof_1_1 x y h
H6P.gram_determinant : ∀ (a b c d e f g h : Int),
  @Eq.{1} Int
    (@HSub.hSub.{0, 0, 0} Int Int Int (@instHSub.{0} Int Int.instSub)
      (@HSub.hSub.{0, 0, 0} Int Int Int (@instHSub.{0} Int Int.instSub)
        (@HMul.hMul.{0, 0, 0} Int Int Int (@instHMul.{0} Int Int.instMul)
          (@HAdd.hAdd.{0, 0, 0} Int Int Int (@instHAdd.{0} Int Int.instAdd)
            (@HAdd.hAdd.{0, 0, 0} Int Int Int (@instHAdd.{0} Int Int.instAdd)
              (@HAdd.hAdd.{0, 0, 0} Int Int Int (@instHAdd.{0} Int Int.instAdd)
                (@HMul.hMul.{0, 0, 0} Int Int Int (@instHMul.{0} Int Int.instMul) a a)
                (@HMul.hMul.{0, 0, 0} Int Int Int (@instHMul.{0} Int Int.instMul) b b))
              (@HMul.hMul.{0, 0, 0} Int Int Int (@instHMul.{0} Int Int.instMul) c c))
            (@HMul.hMul.{0, 0, 0} Int Int Int (@instHMul.{0} Int Int.instMul) d d))
          (@HAdd.hAdd.{0, 0, 0} Int Int Int (@instHAdd.{0} Int Int.instAdd)
            (@HAdd.hAdd.{0, 0, 0} Int Int Int (@instHAdd.{0} Int Int.instAdd)
              (@HAdd.hAdd.{0, 0, 0} Int Int Int (@instHAdd.{0} Int Int.instAdd)
                (@HMul.hMul.{0, 0, 0} Int Int Int (@instHMul.{0} Int Int.instMul) e e)
                (@HMul.hMul.{0, 0, 0} Int Int Int (@instHMul.{0} Int Int.instMul) f f))
              (@HMul.hMul.{0, 0, 0} Int Int Int (@instHMul.{0} Int Int.instMul) g g))
            (@HMul.hMul.{0, 0, 0} Int Int Int (@instHMul.{0} Int Int.instMul) h h)))
        (@HPow.hPow.{0, 0, 0} Int Nat Int (@instHPow.{0, 0} Int Nat (@instPowNat.{0} Int Int.instNatPow))
          (@HAdd.hAdd.{0, 0, 0} Int Int Int (@instHAdd.{0} Int Int.instAdd)
            (@HAdd.hAdd.{0, 0, 0} Int Int Int (@instHAdd.{0} Int Int.instAdd)
              (@HAdd.hAdd.{0, 0, 0} Int Int Int (@instHAdd.{0} Int Int.instAdd)
                (@HMul.hMul.{0, 0, 0} Int Int Int (@instHMul.{0} Int Int.instMul) a e)
                (@HMul.hMul.{0, 0, 0} Int Int Int (@instHMul.{0} Int Int.instMul) b f))
              (@HMul.hMul.{0, 0, 0} Int Int Int (@instHMul.{0} Int Int.instMul) c g))
            (@HMul.hMul.{0, 0, 0} Int Int Int (@instHMul.{0} Int Int.instMul) d h))
          (@OfNat.ofNat.{0} Nat (nat_lit 2) (instOfNatNat (nat_lit 2)))))
      (@HPow.hPow.{0, 0, 0} Int Nat Int (@instHPow.{0, 0} Int Nat (@instPowNat.{0} Int Int.instNatPow))
        (@HSub.hSub.{0, 0, 0} Int Int Int (@instHSub.{0} Int Int.instSub)
          (@HAdd.hAdd.{0, 0, 0} Int Int Int (@instHAdd.{0} Int Int.instAdd)
            (@HSub.hSub.{0, 0, 0} Int Int Int (@instHSub.{0} Int Int.instSub)
              (@HMul.hMul.{0, 0, 0} Int Int Int (@instHMul.{0} Int Int.instMul) a f)
              (@HMul.hMul.{0, 0, 0} Int Int Int (@instHMul.{0} Int Int.instMul) b e))
            (@HMul.hMul.{0, 0, 0} Int Int Int (@instHMul.{0} Int Int.instMul) c h))
          (@HMul.hMul.{0, 0, 0} Int Int Int (@instHMul.{0} Int Int.instMul) d g))
        (@OfNat.ofNat.{0} Nat (nat_lit 2) (instOfNatNat (nat_lit 2)))))
    (@HAdd.hAdd.{0, 0, 0} Int Int Int (@instHAdd.{0} Int Int.instAdd)
      (@HPow.hPow.{0, 0, 0} Int Nat Int (@instHPow.{0, 0} Int Nat (@instPowNat.{0} Int Int.instNatPow))
        (@HAdd.hAdd.{0, 0, 0} Int Int Int (@instHAdd.{0} Int Int.instAdd)
          (@HSub.hSub.{0, 0, 0} Int Int Int (@instHSub.{0} Int Int.instSub)
            (@HSub.hSub.{0, 0, 0} Int Int Int (@instHSub.{0} Int Int.instSub)
              (@HMul.hMul.{0, 0, 0} Int Int Int (@instHMul.{0} Int Int.instMul) a g)
              (@HMul.hMul.{0, 0, 0} Int Int Int (@instHMul.{0} Int Int.instMul) b h))
            (@HMul.hMul.{0, 0, 0} Int Int Int (@instHMul.{0} Int Int.instMul) c e))
          (@HMul.hMul.{0, 0, 0} Int Int Int (@instHMul.{0} Int Int.instMul) d f))
        (@OfNat.ofNat.{0} Nat (nat_lit 2) (instOfNatNat (nat_lit 2))))
      (@HPow.hPow.{0, 0, 0} Int Nat Int (@instHPow.{0, 0} Int Nat (@instPowNat.{0} Int Int.instNatPow))
        (@HSub.hSub.{0, 0, 0} Int Int Int (@instHSub.{0} Int Int.instSub)
          (@HSub.hSub.{0, 0, 0} Int Int Int (@instHSub.{0} Int Int.instSub)
            (@HAdd.hAdd.{0, 0, 0} Int Int Int (@instHAdd.{0} Int Int.instAdd)
              (@HMul.hMul.{0, 0, 0} Int Int Int (@instHMul.{0} Int Int.instMul) a h)
              (@HMul.hMul.{0, 0, 0} Int Int Int (@instHMul.{0} Int Int.instMul) b g))
            (@HMul.hMul.{0, 0, 0} Int Int Int (@instHMul.{0} Int Int.instMul) c f))
          (@HMul.hMul.{0, 0, 0} Int Int Int (@instHMul.{0} Int Int.instMul) d e))
        (@OfNat.ofNat.{0} Nat (nat_lit 2) (instOfNatNat (nat_lit 2)))))
theorem H6P.gram_determinant : ∀ (a b c d e f g h : Int),
  @Eq.{1} Int
    (@HSub.hSub.{0, 0, 0} Int Int Int (@instHSub.{0} Int Int.instSub)
      (@HSub.hSub.{0, 0, 0} Int Int Int (@instHSub.{0} Int Int.instSub)
        (@HMul.hMul.{0, 0, 0} Int Int Int (@instHMul.{0} Int Int.instMul)
          (@HAdd.hAdd.{0, 0, 0} Int Int Int (@instHAdd.{0} Int Int.instAdd)
            (@HAdd.hAdd.{0, 0, 0} Int Int Int (@instHAdd.{0} Int Int.instAdd)
              (@HAdd.hAdd.{0, 0, 0} Int Int Int (@instHAdd.{0} Int Int.instAdd)
                (@HMul.hMul.{0, 0, 0} Int Int Int (@instHMul.{0} Int Int.instMul) a a)
                (@HMul.hMul.{0, 0, 0} Int Int Int (@instHMul.{0} Int Int.instMul) b b))
              (@HMul.hMul.{0, 0, 0} Int Int Int (@instHMul.{0} Int Int.instMul) c c))
            (@HMul.hMul.{0, 0, 0} Int Int Int (@instHMul.{0} Int Int.instMul) d d))
          (@HAdd.hAdd.{0, 0, 0} Int Int Int (@instHAdd.{0} Int Int.instAdd)
            (@HAdd.hAdd.{0, 0, 0} Int Int Int (@instHAdd.{0} Int Int.instAdd)
              (@HAdd.hAdd.{0, 0, 0} Int Int Int (@instHAdd.{0} Int Int.instAdd)
                (@HMul.hMul.{0, 0, 0} Int Int Int (@instHMul.{0} Int Int.instMul) e e)
                (@HMul.hMul.{0, 0, 0} Int Int Int (@instHMul.{0} Int Int.instMul) f f))
              (@HMul.hMul.{0, 0, 0} Int Int Int (@instHMul.{0} Int Int.instMul) g g))
            (@HMul.hMul.{0, 0, 0} Int Int Int (@instHMul.{0} Int Int.instMul) h h)))
        (@HPow.hPow.{0, 0, 0} Int Nat Int (@instHPow.{0, 0} Int Nat (@instPowNat.{0} Int Int.instNatPow))
          (@HAdd.hAdd.{0, 0, 0} Int Int Int (@instHAdd.{0} Int Int.instAdd)
            (@HAdd.hAdd.{0, 0, 0} Int Int Int (@instHAdd.{0} Int Int.instAdd)
              (@HAdd.hAdd.{0, 0, 0} Int Int Int (@instHAdd.{0} Int Int.instAdd)
                (@HMul.hMul.{0, 0, 0} Int Int Int (@instHMul.{0} Int Int.instMul) a e)
                (@HMul.hMul.{0, 0, 0} Int Int Int (@instHMul.{0} Int Int.instMul) b f))
              (@HMul.hMul.{0, 0, 0} Int Int Int (@instHMul.{0} Int Int.instMul) c g))
            (@HMul.hMul.{0, 0, 0} Int Int Int (@instHMul.{0} Int Int.instMul) d h))
          (@OfNat.ofNat.{0} Nat (nat_lit 2) (instOfNatNat (nat_lit 2)))))
      (@HPow.hPow.{0, 0, 0} Int Nat Int (@instHPow.{0, 0} Int Nat (@instPowNat.{0} Int Int.instNatPow))
        (@HSub.hSub.{0, 0, 0} Int Int Int (@instHSub.{0} Int Int.instSub)
          (@HAdd.hAdd.{0, 0, 0} Int Int Int (@instHAdd.{0} Int Int.instAdd)
            (@HSub.hSub.{0, 0, 0} Int Int Int (@instHSub.{0} Int Int.instSub)
              (@HMul.hMul.{0, 0, 0} Int Int Int (@instHMul.{0} Int Int.instMul) a f)
              (@HMul.hMul.{0, 0, 0} Int Int Int (@instHMul.{0} Int Int.instMul) b e))
            (@HMul.hMul.{0, 0, 0} Int Int Int (@instHMul.{0} Int Int.instMul) c h))
          (@HMul.hMul.{0, 0, 0} Int Int Int (@instHMul.{0} Int Int.instMul) d g))
        (@OfNat.ofNat.{0} Nat (nat_lit 2) (instOfNatNat (nat_lit 2)))))
    (@HAdd.hAdd.{0, 0, 0} Int Int Int (@instHAdd.{0} Int Int.instAdd)
      (@HPow.hPow.{0, 0, 0} Int Nat Int (@instHPow.{0, 0} Int Nat (@instPowNat.{0} Int Int.instNatPow))
        (@HAdd.hAdd.{0, 0, 0} Int Int Int (@instHAdd.{0} Int Int.instAdd)
          (@HSub.hSub.{0, 0, 0} Int Int Int (@instHSub.{0} Int Int.instSub)
            (@HSub.hSub.{0, 0, 0} Int Int Int (@instHSub.{0} Int Int.instSub)
              (@HMul.hMul.{0, 0, 0} Int Int Int (@instHMul.{0} Int Int.instMul) a g)
              (@HMul.hMul.{0, 0, 0} Int Int Int (@instHMul.{0} Int Int.instMul) b h))
            (@HMul.hMul.{0, 0, 0} Int Int Int (@instHMul.{0} Int Int.instMul) c e))
          (@HMul.hMul.{0, 0, 0} Int Int Int (@instHMul.{0} Int Int.instMul) d f))
        (@OfNat.ofNat.{0} Nat (nat_lit 2) (instOfNatNat (nat_lit 2))))
      (@HPow.hPow.{0, 0, 0} Int Nat Int (@instHPow.{0, 0} Int Nat (@instPowNat.{0} Int Int.instNatPow))
        (@HSub.hSub.{0, 0, 0} Int Int Int (@instHSub.{0} Int Int.instSub)
          (@HSub.hSub.{0, 0, 0} Int Int Int (@instHSub.{0} Int Int.instSub)
            (@HAdd.hAdd.{0, 0, 0} Int Int Int (@instHAdd.{0} Int Int.instAdd)
              (@HMul.hMul.{0, 0, 0} Int Int Int (@instHMul.{0} Int Int.instMul) a h)
              (@HMul.hMul.{0, 0, 0} Int Int Int (@instHMul.{0} Int Int.instMul) b g))
            (@HMul.hMul.{0, 0, 0} Int Int Int (@instHMul.{0} Int Int.instMul) c f))
          (@HMul.hMul.{0, 0, 0} Int Int Int (@instHMul.{0} Int Int.instMul) d e))
        (@OfNat.ofNat.{0} Nat (nat_lit 2) (instOfNatNat (nat_lit 2))))) :=
fun (a b c d e f g h : Int) => H6P.gram_determinant._proof_1_1 a b c d e f g h
H6P.energy_max_composition : ∀ (s0 s1 u v k0 k1 c0 c1 K out : Int)
  (hs :
    And (@LE.le.{0} Int Int.instLEInt (@OfNat.ofNat.{0} Int (nat_lit 0) (@instOfNat (nat_lit 0))) s0)
      (@LE.le.{0} Int Int.instLEInt (@OfNat.ofNat.{0} Int (nat_lit 0) (@instOfNat (nat_lit 0))) s1))
  (hc :
    And (@LE.le.{0} Int Int.instLEInt (@OfNat.ofNat.{0} Int (nat_lit 0) (@instOfNat (nat_lit 0))) c0)
      (@LE.le.{0} Int Int.instLEInt (@OfNat.ofNat.{0} Int (nat_lit 0) (@instOfNat (nat_lit 0))) c1))
  (hu : @LE.le.{0} Int Int.instLEInt u (@HMul.hMul.{0, 0, 0} Int Int Int (@instHMul.{0} Int Int.instMul) k0 s0))
  (hv : @LE.le.{0} Int Int.instLEInt v (@HMul.hMul.{0, 0, 0} Int Int Int (@instHMul.{0} Int Int.instMul) k1 s1))
  (hout :
    @LE.le.{0} Int Int.instLEInt out
      (@HAdd.hAdd.{0, 0, 0} Int Int Int (@instHAdd.{0} Int Int.instAdd)
        (@HMul.hMul.{0, 0, 0} Int Int Int (@instHMul.{0} Int Int.instMul) c0 u)
        (@HMul.hMul.{0, 0, 0} Int Int Int (@instHMul.{0} Int Int.instMul) c1 v)))
  (hk :
    And (@LE.le.{0} Int Int.instLEInt (@HMul.hMul.{0, 0, 0} Int Int Int (@instHMul.{0} Int Int.instMul) c0 k0) K)
      (@LE.le.{0} Int Int.instLEInt (@HMul.hMul.{0, 0, 0} Int Int Int (@instHMul.{0} Int Int.instMul) c1 k1) K)),
  @LE.le.{0} Int Int.instLEInt out
    (@HMul.hMul.{0, 0, 0} Int Int Int (@instHMul.{0} Int Int.instMul) K
      (@HAdd.hAdd.{0, 0, 0} Int Int Int (@instHAdd.{0} Int Int.instAdd) s0 s1))
theorem H6P.energy_max_composition : ∀ (s0 s1 u v k0 k1 c0 c1 K out : Int)
  (hs :
    And (@LE.le.{0} Int Int.instLEInt (@OfNat.ofNat.{0} Int (nat_lit 0) (@instOfNat (nat_lit 0))) s0)
      (@LE.le.{0} Int Int.instLEInt (@OfNat.ofNat.{0} Int (nat_lit 0) (@instOfNat (nat_lit 0))) s1))
  (hc :
    And (@LE.le.{0} Int Int.instLEInt (@OfNat.ofNat.{0} Int (nat_lit 0) (@instOfNat (nat_lit 0))) c0)
      (@LE.le.{0} Int Int.instLEInt (@OfNat.ofNat.{0} Int (nat_lit 0) (@instOfNat (nat_lit 0))) c1))
  (hu : @LE.le.{0} Int Int.instLEInt u (@HMul.hMul.{0, 0, 0} Int Int Int (@instHMul.{0} Int Int.instMul) k0 s0))
  (hv : @LE.le.{0} Int Int.instLEInt v (@HMul.hMul.{0, 0, 0} Int Int Int (@instHMul.{0} Int Int.instMul) k1 s1))
  (hout :
    @LE.le.{0} Int Int.instLEInt out
      (@HAdd.hAdd.{0, 0, 0} Int Int Int (@instHAdd.{0} Int Int.instAdd)
        (@HMul.hMul.{0, 0, 0} Int Int Int (@instHMul.{0} Int Int.instMul) c0 u)
        (@HMul.hMul.{0, 0, 0} Int Int Int (@instHMul.{0} Int Int.instMul) c1 v)))
  (hk :
    And (@LE.le.{0} Int Int.instLEInt (@HMul.hMul.{0, 0, 0} Int Int Int (@instHMul.{0} Int Int.instMul) c0 k0) K)
      (@LE.le.{0} Int Int.instLEInt (@HMul.hMul.{0, 0, 0} Int Int Int (@instHMul.{0} Int Int.instMul) c1 k1) K)),
  @LE.le.{0} Int Int.instLEInt out
    (@HMul.hMul.{0, 0, 0} Int Int Int (@instHMul.{0} Int Int.instMul) K
      (@HAdd.hAdd.{0, 0, 0} Int Int Int (@instHAdd.{0} Int Int.instAdd) s0 s1)) :=
fun (s0 s1 u v k0 k1 c0 c1 K out : Int)
    (hs :
      And (@LE.le.{0} Int Int.instLEInt (@OfNat.ofNat.{0} Int (nat_lit 0) (@instOfNat (nat_lit 0))) s0)
        (@LE.le.{0} Int Int.instLEInt (@OfNat.ofNat.{0} Int (nat_lit 0) (@instOfNat (nat_lit 0))) s1))
    (hc :
      And (@LE.le.{0} Int Int.instLEInt (@OfNat.ofNat.{0} Int (nat_lit 0) (@instOfNat (nat_lit 0))) c0)
        (@LE.le.{0} Int Int.instLEInt (@OfNat.ofNat.{0} Int (nat_lit 0) (@instOfNat (nat_lit 0))) c1))
    (hu : @LE.le.{0} Int Int.instLEInt u (@HMul.hMul.{0, 0, 0} Int Int Int (@instHMul.{0} Int Int.instMul) k0 s0))
    (hv : @LE.le.{0} Int Int.instLEInt v (@HMul.hMul.{0, 0, 0} Int Int Int (@instHMul.{0} Int Int.instMul) k1 s1))
    (hout :
      @LE.le.{0} Int Int.instLEInt out
        (@HAdd.hAdd.{0, 0, 0} Int Int Int (@instHAdd.{0} Int Int.instAdd)
          (@HMul.hMul.{0, 0, 0} Int Int Int (@instHMul.{0} Int Int.instMul) c0 u)
          (@HMul.hMul.{0, 0, 0} Int Int Int (@instHMul.{0} Int Int.instMul) c1 v)))
    (hk :
      And (@LE.le.{0} Int Int.instLEInt (@HMul.hMul.{0, 0, 0} Int Int Int (@instHMul.{0} Int Int.instMul) c0 k0) K)
        (@LE.le.{0} Int Int.instLEInt (@HMul.hMul.{0, 0, 0} Int Int Int (@instHMul.{0} Int Int.instMul) c1 k1) K)) =>
  have h0 :
    @LE.le.{0} Int Int.instLEInt (@HMul.hMul.{0, 0, 0} Int Int Int (@instHMul.{0} Int Int.instMul) c0 u)
      (@HMul.hMul.{0, 0, 0} Int Int Int (@instHMul.{0} Int Int.instMul) c0
        (@HMul.hMul.{0, 0, 0} Int Int Int (@instHMul.{0} Int Int.instMul) k0 s0)) :=
    @Int.mul_le_mul_of_nonneg_left u (@HMul.hMul.{0, 0, 0} Int Int Int (@instHMul.{0} Int Int.instMul) k0 s0) c0 hu
      (@And.left (@LE.le.{0} Int Int.instLEInt (@OfNat.ofNat.{0} Int (nat_lit 0) (@instOfNat (nat_lit 0))) c0)
        (@LE.le.{0} Int Int.instLEInt (@OfNat.ofNat.{0} Int (nat_lit 0) (@instOfNat (nat_lit 0))) c1) hc);
  have h1 :
    @LE.le.{0} Int Int.instLEInt (@HMul.hMul.{0, 0, 0} Int Int Int (@instHMul.{0} Int Int.instMul) c1 v)
      (@HMul.hMul.{0, 0, 0} Int Int Int (@instHMul.{0} Int Int.instMul) c1
        (@HMul.hMul.{0, 0, 0} Int Int Int (@instHMul.{0} Int Int.instMul) k1 s1)) :=
    @Int.mul_le_mul_of_nonneg_left v (@HMul.hMul.{0, 0, 0} Int Int Int (@instHMul.{0} Int Int.instMul) k1 s1) c1 hv
      (@And.right (@LE.le.{0} Int Int.instLEInt (@OfNat.ofNat.{0} Int (nat_lit 0) (@instOfNat (nat_lit 0))) c0)
        (@LE.le.{0} Int Int.instLEInt (@OfNat.ofNat.{0} Int (nat_lit 0) (@instOfNat (nat_lit 0))) c1) hc);
  have h2 :
    @LE.le.{0} Int Int.instLEInt
      (@HMul.hMul.{0, 0, 0} Int Int Int (@instHMul.{0} Int Int.instMul)
        (@HMul.hMul.{0, 0, 0} Int Int Int (@instHMul.{0} Int Int.instMul) c0 k0) s0)
      (@HMul.hMul.{0, 0, 0} Int Int Int (@instHMul.{0} Int Int.instMul) K s0) :=
    @Int.mul_le_mul_of_nonneg_right (@HMul.hMul.{0, 0, 0} Int Int Int (@instHMul.{0} Int Int.instMul) c0 k0) K s0
      (@And.left
        (@LE.le.{0} Int Int.instLEInt (@HMul.hMul.{0, 0, 0} Int Int Int (@instHMul.{0} Int Int.instMul) c0 k0) K)
        (@LE.le.{0} Int Int.instLEInt (@HMul.hMul.{0, 0, 0} Int Int Int (@instHMul.{0} Int Int.instMul) c1 k1) K) hk)
      (@And.left (@LE.le.{0} Int Int.instLEInt (@OfNat.ofNat.{0} Int (nat_lit 0) (@instOfNat (nat_lit 0))) s0)
        (@LE.le.{0} Int Int.instLEInt (@OfNat.ofNat.{0} Int (nat_lit 0) (@instOfNat (nat_lit 0))) s1) hs);
  have h3 :
    @LE.le.{0} Int Int.instLEInt
      (@HMul.hMul.{0, 0, 0} Int Int Int (@instHMul.{0} Int Int.instMul)
        (@HMul.hMul.{0, 0, 0} Int Int Int (@instHMul.{0} Int Int.instMul) c1 k1) s1)
      (@HMul.hMul.{0, 0, 0} Int Int Int (@instHMul.{0} Int Int.instMul) K s1) :=
    @Int.mul_le_mul_of_nonneg_right (@HMul.hMul.{0, 0, 0} Int Int Int (@instHMul.{0} Int Int.instMul) c1 k1) K s1
      (@And.right
        (@LE.le.{0} Int Int.instLEInt (@HMul.hMul.{0, 0, 0} Int Int Int (@instHMul.{0} Int Int.instMul) c0 k0) K)
        (@LE.le.{0} Int Int.instLEInt (@HMul.hMul.{0, 0, 0} Int Int Int (@instHMul.{0} Int Int.instMul) c1 k1) K) hk)
      (@And.right (@LE.le.{0} Int Int.instLEInt (@OfNat.ofNat.{0} Int (nat_lit 0) (@instOfNat (nat_lit 0))) s0)
        (@LE.le.{0} Int Int.instLEInt (@OfNat.ofNat.{0} Int (nat_lit 0) (@instOfNat (nat_lit 0))) s1) hs);
  H6P.energy_max_composition._proof_1_1 s0 s1 u v k0 k1 c0 c1 K out hout h0 h1 h2 h3
H6P.row_norm_consumer : ∀ (v cap : Int)
  (hv : @LE.le.{0} Int Int.instLEInt (@OfNat.ofNat.{0} Int (nat_lit 0) (@instOfNat (nat_lit 0))) v)
  (h :
    @LE.le.{0} Int Int.instLEInt (@HMul.hMul.{0, 0, 0} Int Int Int (@instHMul.{0} Int Int.instMul) v v)
      (@HMul.hMul.{0, 0, 0} Int Int Int (@instHMul.{0} Int Int.instMul) cap v)),
  Or (@LE.le.{0} Int Int.instLEInt v cap) (@Eq.{1} Int v (@OfNat.ofNat.{0} Int (nat_lit 0) (@instOfNat (nat_lit 0))))
theorem H6P.row_norm_consumer : ∀ (v cap : Int)
  (hv : @LE.le.{0} Int Int.instLEInt (@OfNat.ofNat.{0} Int (nat_lit 0) (@instOfNat (nat_lit 0))) v)
  (h :
    @LE.le.{0} Int Int.instLEInt (@HMul.hMul.{0, 0, 0} Int Int Int (@instHMul.{0} Int Int.instMul) v v)
      (@HMul.hMul.{0, 0, 0} Int Int Int (@instHMul.{0} Int Int.instMul) cap v)),
  Or (@LE.le.{0} Int Int.instLEInt v cap) (@Eq.{1} Int v (@OfNat.ofNat.{0} Int (nat_lit 0) (@instOfNat (nat_lit 0)))) :=
fun (v cap : Int) (hv : @LE.le.{0} Int Int.instLEInt (@OfNat.ofNat.{0} Int (nat_lit 0) (@instOfNat (nat_lit 0))) v)
    (h :
      @LE.le.{0} Int Int.instLEInt (@HMul.hMul.{0, 0, 0} Int Int Int (@instHMul.{0} Int Int.instMul) v v)
        (@HMul.hMul.{0, 0, 0} Int Int Int (@instHMul.{0} Int Int.instMul) cap v)) =>
  @dite.{0}
    (Or (@LE.le.{0} Int Int.instLEInt v cap)
      (@Eq.{1} Int v (@OfNat.ofNat.{0} Int (nat_lit 0) (@instOfNat (nat_lit 0)))))
    (@Eq.{1} Int v (@OfNat.ofNat.{0} Int (nat_lit 0) (@instOfNat (nat_lit 0))))
    (Int.instDecidableEq v (@OfNat.ofNat.{0} Int (nat_lit 0) (@instOfNat (nat_lit 0))))
    (fun (hzero : @Eq.{1} Int v (@OfNat.ofNat.{0} Int (nat_lit 0) (@instOfNat (nat_lit 0)))) =>
      @Or.inr (@LE.le.{0} Int Int.instLEInt v cap)
        (@Eq.{1} Int v (@OfNat.ofNat.{0} Int (nat_lit 0) (@instOfNat (nat_lit 0)))) hzero)
    fun (hzero : Not (@Eq.{1} Int v (@OfNat.ofNat.{0} Int (nat_lit 0) (@instOfNat (nat_lit 0))))) =>
    @Or.inl (@LE.le.{0} Int Int.instLEInt v cap)
      (@Eq.{1} Int v (@OfNat.ofNat.{0} Int (nat_lit 0) (@instOfNat (nat_lit 0))))
      (have hp : @LT.lt.{0} Int Int.instLTInt (@OfNat.ofNat.{0} Int (nat_lit 0) (@instOfNat (nat_lit 0))) v :=
        @Decidable.byContradiction
          (@LT.lt.{0} Int Int.instLTInt (@OfNat.ofNat.{0} Int (nat_lit 0) (@instOfNat (nat_lit 0))) v)
          (Int.decLt (@OfNat.ofNat.{0} Int (nat_lit 0) (@instOfNat (nat_lit 0))) v)
          fun (a : Not (@LT.lt.{0} Int Int.instLTInt (@OfNat.ofNat.{0} Int (nat_lit 0) (@instOfNat (nat_lit 0))) v)) =>
          H6P.row_norm_consumer._proof_1_1 v cap hv hzero a;
      @Iff.mp
        (@LE.le.{0} Int Int.instLEInt (@HMul.hMul.{0, 0, 0} Int Int Int (@instHMul.{0} Int Int.instMul) v v)
          (@HMul.hMul.{0, 0, 0} Int Int Int (@instHMul.{0} Int Int.instMul) cap v))
        (@LE.le.{0} Int Int.instLEInt v cap) (@Int.mul_le_mul_right v v cap hp) h)
H6P.cauchy_two : ∀ (a b x y : Int),
  @LE.le.{0} Int Int.instLEInt
    (@HPow.hPow.{0, 0, 0} Int Nat Int (@instHPow.{0, 0} Int Nat (@instPowNat.{0} Int Int.instNatPow))
      (@HAdd.hAdd.{0, 0, 0} Int Int Int (@instHAdd.{0} Int Int.instAdd)
        (@HMul.hMul.{0, 0, 0} Int Int Int (@instHMul.{0} Int Int.instMul) a x)
        (@HMul.hMul.{0, 0, 0} Int Int Int (@instHMul.{0} Int Int.instMul) b y))
      (@OfNat.ofNat.{0} Nat (nat_lit 2) (instOfNatNat (nat_lit 2))))
    (@HMul.hMul.{0, 0, 0} Int Int Int (@instHMul.{0} Int Int.instMul)
      (@HAdd.hAdd.{0, 0, 0} Int Int Int (@instHAdd.{0} Int Int.instAdd)
        (@HMul.hMul.{0, 0, 0} Int Int Int (@instHMul.{0} Int Int.instMul) a a)
        (@HMul.hMul.{0, 0, 0} Int Int Int (@instHMul.{0} Int Int.instMul) b b))
      (@HAdd.hAdd.{0, 0, 0} Int Int Int (@instHAdd.{0} Int Int.instAdd)
        (@HMul.hMul.{0, 0, 0} Int Int Int (@instHMul.{0} Int Int.instMul) x x)
        (@HMul.hMul.{0, 0, 0} Int Int Int (@instHMul.{0} Int Int.instMul) y y)))
theorem H6P.cauchy_two : ∀ (a b x y : Int),
  @LE.le.{0} Int Int.instLEInt
    (@HPow.hPow.{0, 0, 0} Int Nat Int (@instHPow.{0, 0} Int Nat (@instPowNat.{0} Int Int.instNatPow))
      (@HAdd.hAdd.{0, 0, 0} Int Int Int (@instHAdd.{0} Int Int.instAdd)
        (@HMul.hMul.{0, 0, 0} Int Int Int (@instHMul.{0} Int Int.instMul) a x)
        (@HMul.hMul.{0, 0, 0} Int Int Int (@instHMul.{0} Int Int.instMul) b y))
      (@OfNat.ofNat.{0} Nat (nat_lit 2) (instOfNatNat (nat_lit 2))))
    (@HMul.hMul.{0, 0, 0} Int Int Int (@instHMul.{0} Int Int.instMul)
      (@HAdd.hAdd.{0, 0, 0} Int Int Int (@instHAdd.{0} Int Int.instAdd)
        (@HMul.hMul.{0, 0, 0} Int Int Int (@instHMul.{0} Int Int.instMul) a a)
        (@HMul.hMul.{0, 0, 0} Int Int Int (@instHMul.{0} Int Int.instMul) b b))
      (@HAdd.hAdd.{0, 0, 0} Int Int Int (@instHAdd.{0} Int Int.instAdd)
        (@HMul.hMul.{0, 0, 0} Int Int Int (@instHMul.{0} Int Int.instMul) x x)
        (@HMul.hMul.{0, 0, 0} Int Int Int (@instHMul.{0} Int Int.instMul) y y))) :=
fun (a b x y : Int) =>
  have h :
    @LE.le.{0} Int Int.instLEInt (@OfNat.ofNat.{0} Int (nat_lit 0) (@instOfNat (nat_lit 0)))
      (@HPow.hPow.{0, 0, 0} Int Nat Int (@instHPow.{0, 0} Int Nat (@instPowNat.{0} Int Int.instNatPow))
        (@HSub.hSub.{0, 0, 0} Int Int Int (@instHSub.{0} Int Int.instSub)
          (@HMul.hMul.{0, 0, 0} Int Int Int (@instHMul.{0} Int Int.instMul) a y)
          (@HMul.hMul.{0, 0, 0} Int Int Int (@instHMul.{0} Int Int.instMul) b x))
        (@OfNat.ofNat.{0} Nat (nat_lit 2) (instOfNatNat (nat_lit 2)))) :=
    Int.sq_nonneg
      (@HSub.hSub.{0, 0, 0} Int Int Int (@instHSub.{0} Int Int.instSub)
        (@HMul.hMul.{0, 0, 0} Int Int Int (@instHMul.{0} Int Int.instMul) a y)
        (@HMul.hMul.{0, 0, 0} Int Int Int (@instHMul.{0} Int Int.instMul) b x));
  H6P.cauchy_two._proof_1_1 a b x y h
H6P.completing_square : ∀ (y mu v t : Int),
  @Eq.{1} Int
    (@HAdd.hAdd.{0, 0, 0} Int Int Int (@instHAdd.{0} Int Int.instAdd)
      (@Neg.neg.{0} Int Int.instNegInt
        (@HPow.hPow.{0, 0, 0} Int Nat Int (@instHPow.{0, 0} Int Nat (@instPowNat.{0} Int Int.instNatPow))
          (@HSub.hSub.{0, 0, 0} Int Int Int (@instHSub.{0} Int Int.instSub) y mu)
          (@OfNat.ofNat.{0} Nat (nat_lit 2) (instOfNatNat (nat_lit 2)))))
      (@HMul.hMul.{0, 0, 0} Int Int Int (@instHMul.{0} Int Int.instMul)
        (@HMul.hMul.{0, 0, 0} Int Int Int (@instHMul.{0} Int Int.instMul)
          (@HMul.hMul.{0, 0, 0} Int Int Int (@instHMul.{0} Int Int.instMul)
            (@OfNat.ofNat.{0} Int (nat_lit 2) (@instOfNat (nat_lit 2))) v)
          t)
        (@HSub.hSub.{0, 0, 0} Int Int Int (@instHSub.{0} Int Int.instSub) mu y)))
    (@HAdd.hAdd.{0, 0, 0} Int Int Int (@instHAdd.{0} Int Int.instAdd)
      (@Neg.neg.{0} Int Int.instNegInt
        (@HPow.hPow.{0, 0, 0} Int Nat Int (@instHPow.{0, 0} Int Nat (@instPowNat.{0} Int Int.instNatPow))
          (@HAdd.hAdd.{0, 0, 0} Int Int Int (@instHAdd.{0} Int Int.instAdd)
            (@HSub.hSub.{0, 0, 0} Int Int Int (@instHSub.{0} Int Int.instSub) y mu)
            (@HMul.hMul.{0, 0, 0} Int Int Int (@instHMul.{0} Int Int.instMul) v t))
          (@OfNat.ofNat.{0} Nat (nat_lit 2) (instOfNatNat (nat_lit 2)))))
      (@HPow.hPow.{0, 0, 0} Int Nat Int (@instHPow.{0, 0} Int Nat (@instPowNat.{0} Int Int.instNatPow))
        (@HMul.hMul.{0, 0, 0} Int Int Int (@instHMul.{0} Int Int.instMul) v t)
        (@OfNat.ofNat.{0} Nat (nat_lit 2) (instOfNatNat (nat_lit 2)))))
theorem H6P.completing_square : ∀ (y mu v t : Int),
  @Eq.{1} Int
    (@HAdd.hAdd.{0, 0, 0} Int Int Int (@instHAdd.{0} Int Int.instAdd)
      (@Neg.neg.{0} Int Int.instNegInt
        (@HPow.hPow.{0, 0, 0} Int Nat Int (@instHPow.{0, 0} Int Nat (@instPowNat.{0} Int Int.instNatPow))
          (@HSub.hSub.{0, 0, 0} Int Int Int (@instHSub.{0} Int Int.instSub) y mu)
          (@OfNat.ofNat.{0} Nat (nat_lit 2) (instOfNatNat (nat_lit 2)))))
      (@HMul.hMul.{0, 0, 0} Int Int Int (@instHMul.{0} Int Int.instMul)
        (@HMul.hMul.{0, 0, 0} Int Int Int (@instHMul.{0} Int Int.instMul)
          (@HMul.hMul.{0, 0, 0} Int Int Int (@instHMul.{0} Int Int.instMul)
            (@OfNat.ofNat.{0} Int (nat_lit 2) (@instOfNat (nat_lit 2))) v)
          t)
        (@HSub.hSub.{0, 0, 0} Int Int Int (@instHSub.{0} Int Int.instSub) mu y)))
    (@HAdd.hAdd.{0, 0, 0} Int Int Int (@instHAdd.{0} Int Int.instAdd)
      (@Neg.neg.{0} Int Int.instNegInt
        (@HPow.hPow.{0, 0, 0} Int Nat Int (@instHPow.{0, 0} Int Nat (@instPowNat.{0} Int Int.instNatPow))
          (@HAdd.hAdd.{0, 0, 0} Int Int Int (@instHAdd.{0} Int Int.instAdd)
            (@HSub.hSub.{0, 0, 0} Int Int Int (@instHSub.{0} Int Int.instSub) y mu)
            (@HMul.hMul.{0, 0, 0} Int Int Int (@instHMul.{0} Int Int.instMul) v t))
          (@OfNat.ofNat.{0} Nat (nat_lit 2) (instOfNatNat (nat_lit 2)))))
      (@HPow.hPow.{0, 0, 0} Int Nat Int (@instHPow.{0, 0} Int Nat (@instPowNat.{0} Int Int.instNatPow))
        (@HMul.hMul.{0, 0, 0} Int Int Int (@instHMul.{0} Int Int.instMul) v t)
        (@OfNat.ofNat.{0} Nat (nat_lit 2) (instOfNatNat (nat_lit 2))))) :=
fun (y mu v t : Int) => H6P.completing_square._proof_1_1 y mu v t
H6P.local_conditioning_count : ∀ (part full mass : Int)
  (h :
    And (@LE.le.{0} Int Int.instLEInt (@OfNat.ofNat.{0} Int (nat_lit 0) (@instOfNat (nat_lit 0))) part)
      (@LE.le.{0} Int Int.instLEInt part full))
  (hm : @LE.le.{0} Int Int.instLEInt (@OfNat.ofNat.{0} Int (nat_lit 0) (@instOfNat (nat_lit 0))) mass),
  @LE.le.{0} Int Int.instLEInt (@HMul.hMul.{0, 0, 0} Int Int Int (@instHMul.{0} Int Int.instMul) part mass)
    (@HMul.hMul.{0, 0, 0} Int Int Int (@instHMul.{0} Int Int.instMul) full mass)
theorem H6P.local_conditioning_count : ∀ (part full mass : Int)
  (h :
    And (@LE.le.{0} Int Int.instLEInt (@OfNat.ofNat.{0} Int (nat_lit 0) (@instOfNat (nat_lit 0))) part)
      (@LE.le.{0} Int Int.instLEInt part full))
  (hm : @LE.le.{0} Int Int.instLEInt (@OfNat.ofNat.{0} Int (nat_lit 0) (@instOfNat (nat_lit 0))) mass),
  @LE.le.{0} Int Int.instLEInt (@HMul.hMul.{0, 0, 0} Int Int Int (@instHMul.{0} Int Int.instMul) part mass)
    (@HMul.hMul.{0, 0, 0} Int Int Int (@instHMul.{0} Int Int.instMul) full mass) :=
fun (part full mass : Int)
    (h :
      And (@LE.le.{0} Int Int.instLEInt (@OfNat.ofNat.{0} Int (nat_lit 0) (@instOfNat (nat_lit 0))) part)
        (@LE.le.{0} Int Int.instLEInt part full))
    (hm : @LE.le.{0} Int Int.instLEInt (@OfNat.ofNat.{0} Int (nat_lit 0) (@instOfNat (nat_lit 0))) mass) =>
  @Int.mul_le_mul_of_nonneg_right part full mass
    (@And.right (@LE.le.{0} Int Int.instLEInt (@OfNat.ofNat.{0} Int (nat_lit 0) (@instOfNat (nat_lit 0))) part)
      (@LE.le.{0} Int Int.instLEInt part full) h)
    hm
H6P.conditional_product_bound : ∀ (v : Nat → Nat) (C : Nat)
  (h0 :
    @LE.le.{0} Nat instLENat (v (@OfNat.ofNat.{0} Nat (nat_lit 0) (instOfNatNat (nat_lit 0))))
      (@OfNat.ofNat.{0} Nat (nat_lit 1) (instOfNatNat (nat_lit 1))))
  (h :
    ∀ (n : Nat),
      @LE.le.{0} Nat instLENat
        (v
          (@HAdd.hAdd.{0, 0, 0} Nat Nat Nat (@instHAdd.{0} Nat instAddNat) n
            (@OfNat.ofNat.{0} Nat (nat_lit 1) (instOfNatNat (nat_lit 1)))))
        (@HMul.hMul.{0, 0, 0} Nat Nat Nat (@instHMul.{0} Nat instMulNat) (v n) C))
  (n : Nat),
  @LE.le.{0} Nat instLENat (v n)
    (@HPow.hPow.{0, 0, 0} Nat Nat Nat (@instHPow.{0, 0} Nat Nat (@instPowNat.{0} Nat instNatPowNat)) C n)
theorem H6P.conditional_product_bound : ∀ (v : Nat → Nat) (C : Nat)
  (h0 :
    @LE.le.{0} Nat instLENat (v (@OfNat.ofNat.{0} Nat (nat_lit 0) (instOfNatNat (nat_lit 0))))
      (@OfNat.ofNat.{0} Nat (nat_lit 1) (instOfNatNat (nat_lit 1))))
  (h :
    ∀ (n : Nat),
      @LE.le.{0} Nat instLENat
        (v
          (@HAdd.hAdd.{0, 0, 0} Nat Nat Nat (@instHAdd.{0} Nat instAddNat) n
            (@OfNat.ofNat.{0} Nat (nat_lit 1) (instOfNatNat (nat_lit 1)))))
        (@HMul.hMul.{0, 0, 0} Nat Nat Nat (@instHMul.{0} Nat instMulNat) (v n) C))
  (n : Nat),
  @LE.le.{0} Nat instLENat (v n)
    (@HPow.hPow.{0, 0, 0} Nat Nat Nat (@instHPow.{0, 0} Nat Nat (@instPowNat.{0} Nat instNatPowNat)) C n) :=
fun (v : Nat → Nat) (C : Nat)
    (h0 :
      @LE.le.{0} Nat instLENat (v (@OfNat.ofNat.{0} Nat (nat_lit 0) (instOfNatNat (nat_lit 0))))
        (@OfNat.ofNat.{0} Nat (nat_lit 1) (instOfNatNat (nat_lit 1))))
    (h :
      ∀ (n : Nat),
        @LE.le.{0} Nat instLENat
          (v
            (@HAdd.hAdd.{0, 0, 0} Nat Nat Nat (@instHAdd.{0} Nat instAddNat) n
              (@OfNat.ofNat.{0} Nat (nat_lit 1) (instOfNatNat (nat_lit 1)))))
          (@HMul.hMul.{0, 0, 0} Nat Nat Nat (@instHMul.{0} Nat instMulNat) (v n) C)) =>
  OrderedJoint.second_moment_chain v C h0 h
H6P.signed_union_count : @Eq.{1} Nat
  (@HMul.hMul.{0, 0, 0} Nat Nat Nat (@instHMul.{0} Nat instMulNat)
    (@HMul.hMul.{0, 0, 0} Nat Nat Nat (@instHMul.{0} Nat instMulNat)
      (@OfNat.ofNat.{0} Nat (nat_lit 2) (instOfNatNat (nat_lit 2)))
      (@OfNat.ofNat.{0} Nat (nat_lit 2) (instOfNatNat (nat_lit 2))))
    (@OfNat.ofNat.{0} Nat (nat_lit 1536) (instOfNatNat (nat_lit 1536))))
  (@OfNat.ofNat.{0} Nat (nat_lit 6144) (instOfNatNat (nat_lit 6144)))
theorem H6P.signed_union_count : @Eq.{1} Nat
  (@HMul.hMul.{0, 0, 0} Nat Nat Nat (@instHMul.{0} Nat instMulNat)
    (@HMul.hMul.{0, 0, 0} Nat Nat Nat (@instHMul.{0} Nat instMulNat)
      (@OfNat.ofNat.{0} Nat (nat_lit 2) (instOfNatNat (nat_lit 2)))
      (@OfNat.ofNat.{0} Nat (nat_lit 2) (instOfNatNat (nat_lit 2))))
    (@OfNat.ofNat.{0} Nat (nat_lit 1536) (instOfNatNat (nat_lit 1536))))
  (@OfNat.ofNat.{0} Nat (nat_lit 6144) (instOfNatNat (nat_lit 6144))) :=
@of_decide_eq_true
  (@Eq.{1} Nat
    (@HMul.hMul.{0, 0, 0} Nat Nat Nat (@instHMul.{0} Nat instMulNat)
      (@HMul.hMul.{0, 0, 0} Nat Nat Nat (@instHMul.{0} Nat instMulNat)
        (@OfNat.ofNat.{0} Nat (nat_lit 2) (instOfNatNat (nat_lit 2)))
        (@OfNat.ofNat.{0} Nat (nat_lit 2) (instOfNatNat (nat_lit 2))))
      (@OfNat.ofNat.{0} Nat (nat_lit 1536) (instOfNatNat (nat_lit 1536))))
    (@OfNat.ofNat.{0} Nat (nat_lit 6144) (instOfNatNat (nat_lit 6144))))
  (instDecidableEqNat
    (@HMul.hMul.{0, 0, 0} Nat Nat Nat (@instHMul.{0} Nat instMulNat)
      (@HMul.hMul.{0, 0, 0} Nat Nat Nat (@instHMul.{0} Nat instMulNat)
        (@OfNat.ofNat.{0} Nat (nat_lit 2) (instOfNatNat (nat_lit 2)))
        (@OfNat.ofNat.{0} Nat (nat_lit 2) (instOfNatNat (nat_lit 2))))
      (@OfNat.ofNat.{0} Nat (nat_lit 1536) (instOfNatNat (nat_lit 1536))))
    (@OfNat.ofNat.{0} Nat (nat_lit 6144) (instOfNatNat (nat_lit 6144))))
  (@id.{0}
    (@Eq.{1} Bool
      (@Decidable.decide
        (@Eq.{1} Nat
          (@HMul.hMul.{0, 0, 0} Nat Nat Nat (@instHMul.{0} Nat instMulNat)
            (@HMul.hMul.{0, 0, 0} Nat Nat Nat (@instHMul.{0} Nat instMulNat)
              (@OfNat.ofNat.{0} Nat (nat_lit 2) (instOfNatNat (nat_lit 2)))
              (@OfNat.ofNat.{0} Nat (nat_lit 2) (instOfNatNat (nat_lit 2))))
            (@OfNat.ofNat.{0} Nat (nat_lit 1536) (instOfNatNat (nat_lit 1536))))
          (@OfNat.ofNat.{0} Nat (nat_lit 6144) (instOfNatNat (nat_lit 6144))))
        (instDecidableEqNat
          (@HMul.hMul.{0, 0, 0} Nat Nat Nat (@instHMul.{0} Nat instMulNat)
            (@HMul.hMul.{0, 0, 0} Nat Nat Nat (@instHMul.{0} Nat instMulNat)
              (@OfNat.ofNat.{0} Nat (nat_lit 2) (instOfNatNat (nat_lit 2)))
              (@OfNat.ofNat.{0} Nat (nat_lit 2) (instOfNatNat (nat_lit 2))))
            (@OfNat.ofNat.{0} Nat (nat_lit 1536) (instOfNatNat (nat_lit 1536))))
          (@OfNat.ofNat.{0} Nat (nat_lit 6144) (instOfNatNat (nat_lit 6144)))))
      Bool.true)
    (@Eq.refl.{1} Bool Bool.true))
H6P.event_factor_monotone : ∀ (q b scale : Int)
  (h :
    And (@LE.le.{0} Int Int.instLEInt (@OfNat.ofNat.{0} Int (nat_lit 0) (@instOfNat (nat_lit 0))) q)
      (And (@LE.le.{0} Int Int.instLEInt q b)
        (@LE.le.{0} Int Int.instLEInt
          (@HMul.hMul.{0, 0, 0} Int Int Int (@instHMul.{0} Int Int.instMul)
            (@OfNat.ofNat.{0} Int (nat_lit 2) (@instOfNat (nat_lit 2))) b)
          scale))),
  @LE.le.{0} Int Int.instLEInt
    (@HMul.hMul.{0, 0, 0} Int Int Int (@instHMul.{0} Int Int.instMul) q
      (@HSub.hSub.{0, 0, 0} Int Int Int (@instHSub.{0} Int Int.instSub) scale q))
    (@HMul.hMul.{0, 0, 0} Int Int Int (@instHMul.{0} Int Int.instMul) b
      (@HSub.hSub.{0, 0, 0} Int Int Int (@instHSub.{0} Int Int.instSub) scale b))
theorem H6P.event_factor_monotone : ∀ (q b scale : Int)
  (h :
    And (@LE.le.{0} Int Int.instLEInt (@OfNat.ofNat.{0} Int (nat_lit 0) (@instOfNat (nat_lit 0))) q)
      (And (@LE.le.{0} Int Int.instLEInt q b)
        (@LE.le.{0} Int Int.instLEInt
          (@HMul.hMul.{0, 0, 0} Int Int Int (@instHMul.{0} Int Int.instMul)
            (@OfNat.ofNat.{0} Int (nat_lit 2) (@instOfNat (nat_lit 2))) b)
          scale))),
  @LE.le.{0} Int Int.instLEInt
    (@HMul.hMul.{0, 0, 0} Int Int Int (@instHMul.{0} Int Int.instMul) q
      (@HSub.hSub.{0, 0, 0} Int Int Int (@instHSub.{0} Int Int.instSub) scale q))
    (@HMul.hMul.{0, 0, 0} Int Int Int (@instHMul.{0} Int Int.instMul) b
      (@HSub.hSub.{0, 0, 0} Int Int Int (@instHSub.{0} Int Int.instSub) scale b)) :=
fun (q b scale : Int)
    (h :
      And (@LE.le.{0} Int Int.instLEInt (@OfNat.ofNat.{0} Int (nat_lit 0) (@instOfNat (nat_lit 0))) q)
        (And (@LE.le.{0} Int Int.instLEInt q b)
          (@LE.le.{0} Int Int.instLEInt
            (@HMul.hMul.{0, 0, 0} Int Int Int (@instHMul.{0} Int Int.instMul)
              (@OfNat.ofNat.{0} Int (nat_lit 2) (@instOfNat (nat_lit 2))) b)
            scale))) =>
  have hp :
    @LE.le.{0} Int Int.instLEInt (@OfNat.ofNat.{0} Int (nat_lit 0) (@instOfNat (nat_lit 0)))
      (@HMul.hMul.{0, 0, 0} Int Int Int (@instHMul.{0} Int Int.instMul)
        (@HSub.hSub.{0, 0, 0} Int Int Int (@instHSub.{0} Int Int.instSub) b q)
        (@HSub.hSub.{0, 0, 0} Int Int Int (@instHSub.{0} Int Int.instSub)
          (@HSub.hSub.{0, 0, 0} Int Int Int (@instHSub.{0} Int Int.instSub) scale b) q)) :=
    @Int.mul_nonneg (@HSub.hSub.{0, 0, 0} Int Int Int (@instHSub.{0} Int Int.instSub) b q)
      (@HSub.hSub.{0, 0, 0} Int Int Int (@instHSub.{0} Int Int.instSub)
        (@HSub.hSub.{0, 0, 0} Int Int Int (@instHSub.{0} Int Int.instSub) scale b) q)
      (have this :
        @LE.le.{0} Int Int.instLEInt (@OfNat.ofNat.{0} Int (nat_lit 0) (@instOfNat (nat_lit 0)))
          (@HSub.hSub.{0, 0, 0} Int Int Int (@instHSub.{0} Int Int.instSub) b q) :=
        @Decidable.byContradiction
          (@LE.le.{0} Int Int.instLEInt (@OfNat.ofNat.{0} Int (nat_lit 0) (@instOfNat (nat_lit 0)))
            (@HSub.hSub.{0, 0, 0} Int Int Int (@instHSub.{0} Int Int.instSub) b q))
          (Int.decLe (@OfNat.ofNat.{0} Int (nat_lit 0) (@instOfNat (nat_lit 0)))
            (@HSub.hSub.{0, 0, 0} Int Int Int (@instHSub.{0} Int Int.instSub) b q))
          fun
            (a :
              Not
                (@LE.le.{0} Int Int.instLEInt (@OfNat.ofNat.{0} Int (nat_lit 0) (@instOfNat (nat_lit 0)))
                  (@HSub.hSub.{0, 0, 0} Int Int Int (@instHSub.{0} Int Int.instSub) b q))) =>
          H6P.event_factor_monotone._proof_1_1 q b scale h a;
      this)
      (have this :
        @LE.le.{0} Int Int.instLEInt (@OfNat.ofNat.{0} Int (nat_lit 0) (@instOfNat (nat_lit 0)))
          (@HSub.hSub.{0, 0, 0} Int Int Int (@instHSub.{0} Int Int.instSub)
            (@HSub.hSub.{0, 0, 0} Int Int Int (@instHSub.{0} Int Int.instSub) scale b) q) :=
        @Decidable.byContradiction
          (@LE.le.{0} Int Int.instLEInt (@OfNat.ofNat.{0} Int (nat_lit 0) (@instOfNat (nat_lit 0)))
            (@HSub.hSub.{0, 0, 0} Int Int Int (@instHSub.{0} Int Int.instSub)
              (@HSub.hSub.{0, 0, 0} Int Int Int (@instHSub.{0} Int Int.instSub) scale b) q))
          (Int.decLe (@OfNat.ofNat.{0} Int (nat_lit 0) (@instOfNat (nat_lit 0)))
            (@HSub.hSub.{0, 0, 0} Int Int Int (@instHSub.{0} Int Int.instSub)
              (@HSub.hSub.{0, 0, 0} Int Int Int (@instHSub.{0} Int Int.instSub) scale b) q))
          fun
            (a :
              Not
                (@LE.le.{0} Int Int.instLEInt (@OfNat.ofNat.{0} Int (nat_lit 0) (@instOfNat (nat_lit 0)))
                  (@HSub.hSub.{0, 0, 0} Int Int Int (@instHSub.{0} Int Int.instSub)
                    (@HSub.hSub.{0, 0, 0} Int Int Int (@instHSub.{0} Int Int.instSub) scale b) q))) =>
          H6P.event_factor_monotone._proof_1_2 q b scale h a;
      this);
  H6P.event_factor_monotone._proof_1_3 q b scale hp
H6P.exit_subprobability_event : ∀ (q mass : Int)
  (hq : @LE.le.{0} Int Int.instLEInt (@OfNat.ofNat.{0} Int (nat_lit 0) (@instOfNat (nat_lit 0))) q)
  (hm :
    And (@LE.le.{0} Int Int.instLEInt (@OfNat.ofNat.{0} Int (nat_lit 0) (@instOfNat (nat_lit 0))) mass)
      (@LE.le.{0} Int Int.instLEInt mass (@OfNat.ofNat.{0} Int (nat_lit 1) (@instOfNat (nat_lit 1))))),
  @LE.le.{0} Int Int.instLEInt (@HMul.hMul.{0, 0, 0} Int Int Int (@instHMul.{0} Int Int.instMul) q mass) q
theorem H6P.exit_subprobability_event : ∀ (q mass : Int)
  (hq : @LE.le.{0} Int Int.instLEInt (@OfNat.ofNat.{0} Int (nat_lit 0) (@instOfNat (nat_lit 0))) q)
  (hm :
    And (@LE.le.{0} Int Int.instLEInt (@OfNat.ofNat.{0} Int (nat_lit 0) (@instOfNat (nat_lit 0))) mass)
      (@LE.le.{0} Int Int.instLEInt mass (@OfNat.ofNat.{0} Int (nat_lit 1) (@instOfNat (nat_lit 1))))),
  @LE.le.{0} Int Int.instLEInt (@HMul.hMul.{0, 0, 0} Int Int Int (@instHMul.{0} Int Int.instMul) q mass) q :=
fun (q mass : Int) (hq : @LE.le.{0} Int Int.instLEInt (@OfNat.ofNat.{0} Int (nat_lit 0) (@instOfNat (nat_lit 0))) q)
    (hm :
      And (@LE.le.{0} Int Int.instLEInt (@OfNat.ofNat.{0} Int (nat_lit 0) (@instOfNat (nat_lit 0))) mass)
        (@LE.le.{0} Int Int.instLEInt mass (@OfNat.ofNat.{0} Int (nat_lit 1) (@instOfNat (nat_lit 1))))) =>
  have h :
    @LE.le.{0} Int Int.instLEInt (@HMul.hMul.{0, 0, 0} Int Int Int (@instHMul.{0} Int Int.instMul) q mass)
      (@HMul.hMul.{0, 0, 0} Int Int Int (@instHMul.{0} Int Int.instMul) q
        (@OfNat.ofNat.{0} Int (nat_lit 1) (@instOfNat (nat_lit 1)))) :=
    @Int.mul_le_mul_of_nonneg_left mass (@OfNat.ofNat.{0} Int (nat_lit 1) (@instOfNat (nat_lit 1))) q
      (@And.right (@LE.le.{0} Int Int.instLEInt (@OfNat.ofNat.{0} Int (nat_lit 0) (@instOfNat (nat_lit 0))) mass)
        (@LE.le.{0} Int Int.instLEInt mass (@OfNat.ofNat.{0} Int (nat_lit 1) (@instOfNat (nat_lit 1)))) hm)
      hq;
  @Eq.mpr.{0} (@LE.le.{0} Int Int.instLEInt (@HMul.hMul.{0, 0, 0} Int Int Int (@instHMul.{0} Int Int.instMul) q mass) q)
    (@LE.le.{0} Int Int.instLEInt (@HMul.hMul.{0, 0, 0} Int Int Int (@instHMul.{0} Int Int.instMul) q mass) q)
    (@id.{0}
      (@Eq.{1} Prop
        (@LE.le.{0} Int Int.instLEInt (@HMul.hMul.{0, 0, 0} Int Int Int (@instHMul.{0} Int Int.instMul) q mass) q)
        (@LE.le.{0} Int Int.instLEInt (@HMul.hMul.{0, 0, 0} Int Int Int (@instHMul.{0} Int Int.instMul) q mass) q))
      (@ge_iff_le._simp_1.{0} Int Int.instLEInt q
        (@HMul.hMul.{0, 0, 0} Int Int Int (@instHMul.{0} Int Int.instMul) q mass)))
    (@Eq.mp.{0}
      (@LE.le.{0} Int Int.instLEInt (@HMul.hMul.{0, 0, 0} Int Int Int (@instHMul.{0} Int Int.instMul) q mass)
        (@HMul.hMul.{0, 0, 0} Int Int Int (@instHMul.{0} Int Int.instMul) q
          (@OfNat.ofNat.{0} Int (nat_lit 1) (@instOfNat (nat_lit 1)))))
      (@LE.le.{0} Int Int.instLEInt (@HMul.hMul.{0, 0, 0} Int Int Int (@instHMul.{0} Int Int.instMul) q mass) q)
      (@congrArg.{1, 1} Int Prop
        (@HMul.hMul.{0, 0, 0} Int Int Int (@instHMul.{0} Int Int.instMul) q
          (@OfNat.ofNat.{0} Int (nat_lit 1) (@instOfNat (nat_lit 1))))
        q (@LE.le.{0} Int Int.instLEInt (@HMul.hMul.{0, 0, 0} Int Int Int (@instHMul.{0} Int Int.instMul) q mass))
        (Int.mul_one q))
      h)
H6P.joint_bad_has_coefficient : ∀ (a b : Fin (@OfNat.ofNat.{0} Nat (nat_lit 1536) (instOfNatNat (nat_lit 1536))) → Int)
  (h : H6P.BadPrecast a b),
  @Exists.{1} (Fin (@OfNat.ofNat.{0} Nat (nat_lit 1536) (instOfNatNat (nat_lit 1536))))
    fun (i : Fin (@OfNat.ofNat.{0} Nat (nat_lit 1536) (instOfNatNat (nat_lit 1536)))) =>
    Or
      (@LE.le.{0} Int Int.instLEInt (a i)
        (@Neg.neg.{0} Int Int.instNegInt (@OfNat.ofNat.{0} Int (nat_lit 32769) (@instOfNat (nat_lit 32769)))))
      (Or (@LE.le.{0} Int Int.instLEInt (@OfNat.ofNat.{0} Int (nat_lit 32768) (@instOfNat (nat_lit 32768))) (a i))
        (Or
          (@LE.le.{0} Int Int.instLEInt (b i)
            (@Neg.neg.{0} Int Int.instNegInt (@OfNat.ofNat.{0} Int (nat_lit 32769) (@instOfNat (nat_lit 32769)))))
          (@LE.le.{0} Int Int.instLEInt (@OfNat.ofNat.{0} Int (nat_lit 32768) (@instOfNat (nat_lit 32768))) (b i))))
theorem H6P.joint_bad_has_coefficient : ∀
  (a b : Fin (@OfNat.ofNat.{0} Nat (nat_lit 1536) (instOfNatNat (nat_lit 1536))) → Int) (h : H6P.BadPrecast a b),
  @Exists.{1} (Fin (@OfNat.ofNat.{0} Nat (nat_lit 1536) (instOfNatNat (nat_lit 1536))))
    fun (i : Fin (@OfNat.ofNat.{0} Nat (nat_lit 1536) (instOfNatNat (nat_lit 1536)))) =>
    Or
      (@LE.le.{0} Int Int.instLEInt (a i)
        (@Neg.neg.{0} Int Int.instNegInt (@OfNat.ofNat.{0} Int (nat_lit 32769) (@instOfNat (nat_lit 32769)))))
      (Or (@LE.le.{0} Int Int.instLEInt (@OfNat.ofNat.{0} Int (nat_lit 32768) (@instOfNat (nat_lit 32768))) (a i))
        (Or
          (@LE.le.{0} Int Int.instLEInt (b i)
            (@Neg.neg.{0} Int Int.instNegInt (@OfNat.ofNat.{0} Int (nat_lit 32769) (@instOfNat (nat_lit 32769)))))
          (@LE.le.{0} Int Int.instLEInt (@OfNat.ofNat.{0} Int (nat_lit 32768) (@instOfNat (nat_lit 32768))) (b i)))) :=
fun (a b : Fin (@OfNat.ofNat.{0} Nat (nat_lit 1536) (instOfNatNat (nat_lit 1536))) → Int) (h : H6P.BadPrecast a b) =>
  @Classical.byContradiction
    (@Exists.{1} (Fin (@OfNat.ofNat.{0} Nat (nat_lit 1536) (instOfNatNat (nat_lit 1536))))
      fun (i : Fin (@OfNat.ofNat.{0} Nat (nat_lit 1536) (instOfNatNat (nat_lit 1536)))) =>
      Or
        (@LE.le.{0} Int Int.instLEInt (a i)
          (@Neg.neg.{0} Int Int.instNegInt (@OfNat.ofNat.{0} Int (nat_lit 32769) (@instOfNat (nat_lit 32769)))))
        (Or (@LE.le.{0} Int Int.instLEInt (@OfNat.ofNat.{0} Int (nat_lit 32768) (@instOfNat (nat_lit 32768))) (a i))
          (Or
            (@LE.le.{0} Int Int.instLEInt (b i)
              (@Neg.neg.{0} Int Int.instNegInt (@OfNat.ofNat.{0} Int (nat_lit 32769) (@instOfNat (nat_lit 32769)))))
            (@LE.le.{0} Int Int.instLEInt (@OfNat.ofNat.{0} Int (nat_lit 32768) (@instOfNat (nat_lit 32768))) (b i)))))
    fun
      (hn :
        Not
          (@Exists.{1} (Fin (@OfNat.ofNat.{0} Nat (nat_lit 1536) (instOfNatNat (nat_lit 1536))))
            fun (i : Fin (@OfNat.ofNat.{0} Nat (nat_lit 1536) (instOfNatNat (nat_lit 1536)))) =>
            Or
              (@LE.le.{0} Int Int.instLEInt (a i)
                (@Neg.neg.{0} Int Int.instNegInt (@OfNat.ofNat.{0} Int (nat_lit 32769) (@instOfNat (nat_lit 32769)))))
              (Or
                (@LE.le.{0} Int Int.instLEInt (@OfNat.ofNat.{0} Int (nat_lit 32768) (@instOfNat (nat_lit 32768))) (a i))
                (Or
                  (@LE.le.{0} Int Int.instLEInt (b i)
                    (@Neg.neg.{0} Int Int.instNegInt
                      (@OfNat.ofNat.{0} Int (nat_lit 32769) (@instOfNat (nat_lit 32769)))))
                  (@LE.le.{0} Int Int.instLEInt (@OfNat.ofNat.{0} Int (nat_lit 32768) (@instOfNat (nat_lit 32768)))
                    (b i)))))) =>
    h fun (i : Fin (@OfNat.ofNat.{0} Nat (nat_lit 1536) (instOfNatNat (nat_lit 1536)))) =>
      have hi :
        Not
          (Or
            (@LE.le.{0} Int Int.instLEInt (a i)
              (@Neg.neg.{0} Int Int.instNegInt (@OfNat.ofNat.{0} Int (nat_lit 32769) (@instOfNat (nat_lit 32769)))))
            (Or (@LE.le.{0} Int Int.instLEInt (@OfNat.ofNat.{0} Int (nat_lit 32768) (@instOfNat (nat_lit 32768))) (a i))
              (Or
                (@LE.le.{0} Int Int.instLEInt (b i)
                  (@Neg.neg.{0} Int Int.instNegInt (@OfNat.ofNat.{0} Int (nat_lit 32769) (@instOfNat (nat_lit 32769)))))
                (@LE.le.{0} Int Int.instLEInt (@OfNat.ofNat.{0} Int (nat_lit 32768) (@instOfNat (nat_lit 32768)))
                  (b i))))) :=
        fun
          (hh :
            Or
              (@LE.le.{0} Int Int.instLEInt (a i)
                (@Neg.neg.{0} Int Int.instNegInt (@OfNat.ofNat.{0} Int (nat_lit 32769) (@instOfNat (nat_lit 32769)))))
              (Or
                (@LE.le.{0} Int Int.instLEInt (@OfNat.ofNat.{0} Int (nat_lit 32768) (@instOfNat (nat_lit 32768))) (a i))
                (Or
                  (@LE.le.{0} Int Int.instLEInt (b i)
                    (@Neg.neg.{0} Int Int.instNegInt
                      (@OfNat.ofNat.{0} Int (nat_lit 32769) (@instOfNat (nat_lit 32769)))))
                  (@LE.le.{0} Int Int.instLEInt (@OfNat.ofNat.{0} Int (nat_lit 32768) (@instOfNat (nat_lit 32768)))
                    (b i))))) =>
        hn
          (@Exists.intro.{1} (Fin (@OfNat.ofNat.{0} Nat (nat_lit 1536) (instOfNatNat (nat_lit 1536))))
            (fun (i : Fin (@OfNat.ofNat.{0} Nat (nat_lit 1536) (instOfNatNat (nat_lit 1536)))) =>
              Or
                (@LE.le.{0} Int Int.instLEInt (a i)
                  (@Neg.neg.{0} Int Int.instNegInt (@OfNat.ofNat.{0} Int (nat_lit 32769) (@instOfNat (nat_lit 32769)))))
                (Or
                  (@LE.le.{0} Int Int.instLEInt (@OfNat.ofNat.{0} Int (nat_lit 32768) (@instOfNat (nat_lit 32768)))
                    (a i))
                  (Or
                    (@LE.le.{0} Int Int.instLEInt (b i)
                      (@Neg.neg.{0} Int Int.instNegInt
                        (@OfNat.ofNat.{0} Int (nat_lit 32769) (@instOfNat (nat_lit 32769)))))
                    (@LE.le.{0} Int Int.instLEInt (@OfNat.ofNat.{0} Int (nat_lit 32768) (@instOfNat (nat_lit 32768)))
                      (b i)))))
            i hh);
      @And.intro
        (And
          (@LE.le.{0} Int Int.instLEInt
            (@Neg.neg.{0} Int Int.instNegInt (@OfNat.ofNat.{0} Int (nat_lit 32768) (@instOfNat (nat_lit 32768)))) (a i))
          (@LE.le.{0} Int Int.instLEInt (a i) (@OfNat.ofNat.{0} Int (nat_lit 32767) (@instOfNat (nat_lit 32767)))))
        (And
          (@LE.le.{0} Int Int.instLEInt
            (@Neg.neg.{0} Int Int.instNegInt (@OfNat.ofNat.{0} Int (nat_lit 32768) (@instOfNat (nat_lit 32768)))) (b i))
          (@LE.le.{0} Int Int.instLEInt (b i) (@OfNat.ofNat.{0} Int (nat_lit 32767) (@instOfNat (nat_lit 32767)))))
        (@And.intro
          (@LE.le.{0} Int Int.instLEInt
            (@Neg.neg.{0} Int Int.instNegInt (@OfNat.ofNat.{0} Int (nat_lit 32768) (@instOfNat (nat_lit 32768)))) (a i))
          (@LE.le.{0} Int Int.instLEInt (a i) (@OfNat.ofNat.{0} Int (nat_lit 32767) (@instOfNat (nat_lit 32767))))
          (@Decidable.byContradiction
            (@LE.le.{0} Int Int.instLEInt
              (@Neg.neg.{0} Int Int.instNegInt (@OfNat.ofNat.{0} Int (nat_lit 32768) (@instOfNat (nat_lit 32768))))
              (a i))
            (Int.decLe
              (@Neg.neg.{0} Int Int.instNegInt (@OfNat.ofNat.{0} Int (nat_lit 32768) (@instOfNat (nat_lit 32768))))
              (a i))
            fun
              (a_1 :
                Not
                  (@LE.le.{0} Int Int.instLEInt
                    (@Neg.neg.{0} Int Int.instNegInt
                      (@OfNat.ofNat.{0} Int (nat_lit 32768) (@instOfNat (nat_lit 32768))))
                    (a i))) =>
            H6P.joint_bad_has_coefficient._proof_1_1 a b i hi a_1)
          (@Decidable.byContradiction
            (@LE.le.{0} Int Int.instLEInt (a i) (@OfNat.ofNat.{0} Int (nat_lit 32767) (@instOfNat (nat_lit 32767))))
            (Int.decLe (a i) (@OfNat.ofNat.{0} Int (nat_lit 32767) (@instOfNat (nat_lit 32767))))
            fun
              (a_1 :
                Not
                  (@LE.le.{0} Int Int.instLEInt (a i)
                    (@OfNat.ofNat.{0} Int (nat_lit 32767) (@instOfNat (nat_lit 32767))))) =>
            H6P.joint_bad_has_coefficient._proof_1_2 a b i hi a_1))
        (@And.intro
          (@LE.le.{0} Int Int.instLEInt
            (@Neg.neg.{0} Int Int.instNegInt (@OfNat.ofNat.{0} Int (nat_lit 32768) (@instOfNat (nat_lit 32768)))) (b i))
          (@LE.le.{0} Int Int.instLEInt (b i) (@OfNat.ofNat.{0} Int (nat_lit 32767) (@instOfNat (nat_lit 32767))))
          (@Decidable.byContradiction
            (@LE.le.{0} Int Int.instLEInt
              (@Neg.neg.{0} Int Int.instNegInt (@OfNat.ofNat.{0} Int (nat_lit 32768) (@instOfNat (nat_lit 32768))))
              (b i))
            (Int.decLe
              (@Neg.neg.{0} Int Int.instNegInt (@OfNat.ofNat.{0} Int (nat_lit 32768) (@instOfNat (nat_lit 32768))))
              (b i))
            fun
              (a_1 :
                Not
                  (@LE.le.{0} Int Int.instLEInt
                    (@Neg.neg.{0} Int Int.instNegInt
                      (@OfNat.ofNat.{0} Int (nat_lit 32768) (@instOfNat (nat_lit 32768))))
                    (b i))) =>
            H6P.joint_bad_has_coefficient._proof_1_3 a b i hi a_1)
          (@Decidable.byContradiction
            (@LE.le.{0} Int Int.instLEInt (b i) (@OfNat.ofNat.{0} Int (nat_lit 32767) (@instOfNat (nat_lit 32767))))
            (Int.decLe (b i) (@OfNat.ofNat.{0} Int (nat_lit 32767) (@instOfNat (nat_lit 32767))))
            fun
              (a_1 :
                Not
                  (@LE.le.{0} Int Int.instLEInt (b i)
                    (@OfNat.ofNat.{0} Int (nat_lit 32767) (@instOfNat (nat_lit 32767))))) =>
            H6P.joint_bad_has_coefficient._proof_1_4 a b i hi a_1))
H6P.second_vector_matters : H6P.BadPrecast
  (fun (x : Fin (@OfNat.ofNat.{0} Nat (nat_lit 1536) (instOfNatNat (nat_lit 1536)))) =>
    @OfNat.ofNat.{0} Int (nat_lit 0) (@instOfNat (nat_lit 0)))
  fun (x : Fin (@OfNat.ofNat.{0} Nat (nat_lit 1536) (instOfNatNat (nat_lit 1536)))) =>
  @OfNat.ofNat.{0} Int (nat_lit 32768) (@instOfNat (nat_lit 32768))
theorem H6P.second_vector_matters : H6P.BadPrecast
  (fun (x : Fin (@OfNat.ofNat.{0} Nat (nat_lit 1536) (instOfNatNat (nat_lit 1536)))) =>
    @OfNat.ofNat.{0} Int (nat_lit 0) (@instOfNat (nat_lit 0)))
  fun (x : Fin (@OfNat.ofNat.{0} Nat (nat_lit 1536) (instOfNatNat (nat_lit 1536)))) =>
  @OfNat.ofNat.{0} Int (nat_lit 32768) (@instOfNat (nat_lit 32768)) :=
fun
    (h :
      H6P.Safe16
        (fun (x : Fin (@OfNat.ofNat.{0} Nat (nat_lit 1536) (instOfNatNat (nat_lit 1536)))) =>
          @OfNat.ofNat.{0} Int (nat_lit 0) (@instOfNat (nat_lit 0)))
        fun (x : Fin (@OfNat.ofNat.{0} Nat (nat_lit 1536) (instOfNatNat (nat_lit 1536)))) =>
        @OfNat.ofNat.{0} Int (nat_lit 32768) (@instOfNat (nat_lit 32768))) =>
  have hh :
    @LE.le.{0} Int Int.instLEInt
      ((fun (x : Fin (@OfNat.ofNat.{0} Nat (nat_lit 1536) (instOfNatNat (nat_lit 1536)))) =>
          @OfNat.ofNat.{0} Int (nat_lit 32768) (@instOfNat (nat_lit 32768)))
        (@Fin.mk (@OfNat.ofNat.{0} Nat (nat_lit 1536) (instOfNatNat (nat_lit 1536)))
          (@OfNat.ofNat.{0} Nat (nat_lit 0) (instOfNatNat (nat_lit 0)))
          (@of_decide_eq_true
            (@LT.lt.{0} Nat instLTNat (@OfNat.ofNat.{0} Nat (nat_lit 0) (instOfNatNat (nat_lit 0)))
              (@OfNat.ofNat.{0} Nat (nat_lit 1536) (instOfNatNat (nat_lit 1536))))
            (Nat.decLt (@OfNat.ofNat.{0} Nat (nat_lit 0) (instOfNatNat (nat_lit 0)))
              (@OfNat.ofNat.{0} Nat (nat_lit 1536) (instOfNatNat (nat_lit 1536))))
            (@id.{0}
              (@Eq.{1} Bool
                (@Decidable.decide
                  (@LT.lt.{0} Nat instLTNat (@OfNat.ofNat.{0} Nat (nat_lit 0) (instOfNatNat (nat_lit 0)))
                    (@OfNat.ofNat.{0} Nat (nat_lit 1536) (instOfNatNat (nat_lit 1536))))
                  (Nat.decLt (@OfNat.ofNat.{0} Nat (nat_lit 0) (instOfNatNat (nat_lit 0)))
                    (@OfNat.ofNat.{0} Nat (nat_lit 1536) (instOfNatNat (nat_lit 1536)))))
                Bool.true)
              (@Eq.refl.{1} Bool Bool.true)))))
      (@OfNat.ofNat.{0} Int (nat_lit 32767) (@instOfNat (nat_lit 32767))) :=
    @And.right
      (@LE.le.{0} Int Int.instLEInt
        (@Neg.neg.{0} Int Int.instNegInt (@OfNat.ofNat.{0} Int (nat_lit 32768) (@instOfNat (nat_lit 32768))))
        ((fun (x : Fin (@OfNat.ofNat.{0} Nat (nat_lit 1536) (instOfNatNat (nat_lit 1536)))) =>
            @OfNat.ofNat.{0} Int (nat_lit 32768) (@instOfNat (nat_lit 32768)))
          (@Fin.mk (@OfNat.ofNat.{0} Nat (nat_lit 1536) (instOfNatNat (nat_lit 1536)))
            (@OfNat.ofNat.{0} Nat (nat_lit 0) (instOfNatNat (nat_lit 0)))
            (@of_decide_eq_true
              (@LT.lt.{0} Nat instLTNat (@OfNat.ofNat.{0} Nat (nat_lit 0) (instOfNatNat (nat_lit 0)))
                (@OfNat.ofNat.{0} Nat (nat_lit 1536) (instOfNatNat (nat_lit 1536))))
              (Nat.decLt (@OfNat.ofNat.{0} Nat (nat_lit 0) (instOfNatNat (nat_lit 0)))
                (@OfNat.ofNat.{0} Nat (nat_lit 1536) (instOfNatNat (nat_lit 1536))))
              (@id.{0}
                (@Eq.{1} Bool
                  (@Decidable.decide
                    (@LT.lt.{0} Nat instLTNat (@OfNat.ofNat.{0} Nat (nat_lit 0) (instOfNatNat (nat_lit 0)))
                      (@OfNat.ofNat.{0} Nat (nat_lit 1536) (instOfNatNat (nat_lit 1536))))
                    (Nat.decLt (@OfNat.ofNat.{0} Nat (nat_lit 0) (instOfNatNat (nat_lit 0)))
                      (@OfNat.ofNat.{0} Nat (nat_lit 1536) (instOfNatNat (nat_lit 1536)))))
                  Bool.true)
                (@Eq.refl.{1} Bool Bool.true))))))
      (@LE.le.{0} Int Int.instLEInt
        ((fun (x : Fin (@OfNat.ofNat.{0} Nat (nat_lit 1536) (instOfNatNat (nat_lit 1536)))) =>
            @OfNat.ofNat.{0} Int (nat_lit 32768) (@instOfNat (nat_lit 32768)))
          (@Fin.mk (@OfNat.ofNat.{0} Nat (nat_lit 1536) (instOfNatNat (nat_lit 1536)))
            (@OfNat.ofNat.{0} Nat (nat_lit 0) (instOfNatNat (nat_lit 0)))
            (@of_decide_eq_true
              (@LT.lt.{0} Nat instLTNat (@OfNat.ofNat.{0} Nat (nat_lit 0) (instOfNatNat (nat_lit 0)))
                (@OfNat.ofNat.{0} Nat (nat_lit 1536) (instOfNatNat (nat_lit 1536))))
              (Nat.decLt (@OfNat.ofNat.{0} Nat (nat_lit 0) (instOfNatNat (nat_lit 0)))
                (@OfNat.ofNat.{0} Nat (nat_lit 1536) (instOfNatNat (nat_lit 1536))))
              (@id.{0}
                (@Eq.{1} Bool
                  (@Decidable.decide
                    (@LT.lt.{0} Nat instLTNat (@OfNat.ofNat.{0} Nat (nat_lit 0) (instOfNatNat (nat_lit 0)))
                      (@OfNat.ofNat.{0} Nat (nat_lit 1536) (instOfNatNat (nat_lit 1536))))
                    (Nat.decLt (@OfNat.ofNat.{0} Nat (nat_lit 0) (instOfNatNat (nat_lit 0)))
                      (@OfNat.ofNat.{0} Nat (nat_lit 1536) (instOfNatNat (nat_lit 1536)))))
                  Bool.true)
                (@Eq.refl.{1} Bool Bool.true)))))
        (@OfNat.ofNat.{0} Int (nat_lit 32767) (@instOfNat (nat_lit 32767))))
      (@And.right
        (And
          (@LE.le.{0} Int Int.instLEInt
            (@Neg.neg.{0} Int Int.instNegInt (@OfNat.ofNat.{0} Int (nat_lit 32768) (@instOfNat (nat_lit 32768))))
            ((fun (x : Fin (@OfNat.ofNat.{0} Nat (nat_lit 1536) (instOfNatNat (nat_lit 1536)))) =>
                @OfNat.ofNat.{0} Int (nat_lit 0) (@instOfNat (nat_lit 0)))
              (@Fin.mk (@OfNat.ofNat.{0} Nat (nat_lit 1536) (instOfNatNat (nat_lit 1536)))
                (@OfNat.ofNat.{0} Nat (nat_lit 0) (instOfNatNat (nat_lit 0)))
                (@of_decide_eq_true
                  (@LT.lt.{0} Nat instLTNat (@OfNat.ofNat.{0} Nat (nat_lit 0) (instOfNatNat (nat_lit 0)))
                    (@OfNat.ofNat.{0} Nat (nat_lit 1536) (instOfNatNat (nat_lit 1536))))
                  (Nat.decLt (@OfNat.ofNat.{0} Nat (nat_lit 0) (instOfNatNat (nat_lit 0)))
                    (@OfNat.ofNat.{0} Nat (nat_lit 1536) (instOfNatNat (nat_lit 1536))))
                  (@id.{0}
                    (@Eq.{1} Bool
                      (@Decidable.decide
                        (@LT.lt.{0} Nat instLTNat (@OfNat.ofNat.{0} Nat (nat_lit 0) (instOfNatNat (nat_lit 0)))
                          (@OfNat.ofNat.{0} Nat (nat_lit 1536) (instOfNatNat (nat_lit 1536))))
                        (Nat.decLt (@OfNat.ofNat.{0} Nat (nat_lit 0) (instOfNatNat (nat_lit 0)))
                          (@OfNat.ofNat.{0} Nat (nat_lit 1536) (instOfNatNat (nat_lit 1536)))))
                      Bool.true)
                    (@Eq.refl.{1} Bool Bool.true))))))
          (@LE.le.{0} Int Int.instLEInt
            ((fun (x : Fin (@OfNat.ofNat.{0} Nat (nat_lit 1536) (instOfNatNat (nat_lit 1536)))) =>
                @OfNat.ofNat.{0} Int (nat_lit 0) (@instOfNat (nat_lit 0)))
              (@Fin.mk (@OfNat.ofNat.{0} Nat (nat_lit 1536) (instOfNatNat (nat_lit 1536)))
                (@OfNat.ofNat.{0} Nat (nat_lit 0) (instOfNatNat (nat_lit 0)))
                (@of_decide_eq_true
                  (@LT.lt.{0} Nat instLTNat (@OfNat.ofNat.{0} Nat (nat_lit 0) (instOfNatNat (nat_lit 0)))
                    (@OfNat.ofNat.{0} Nat (nat_lit 1536) (instOfNatNat (nat_lit 1536))))
                  (Nat.decLt (@OfNat.ofNat.{0} Nat (nat_lit 0) (instOfNatNat (nat_lit 0)))
                    (@OfNat.ofNat.{0} Nat (nat_lit 1536) (instOfNatNat (nat_lit 1536))))
                  (@id.{0}
                    (@Eq.{1} Bool
                      (@Decidable.decide
                        (@LT.lt.{0} Nat instLTNat (@OfNat.ofNat.{0} Nat (nat_lit 0) (instOfNatNat (nat_lit 0)))
                          (@OfNat.ofNat.{0} Nat (nat_lit 1536) (instOfNatNat (nat_lit 1536))))
                        (Nat.decLt (@OfNat.ofNat.{0} Nat (nat_lit 0) (instOfNatNat (nat_lit 0)))
                          (@OfNat.ofNat.{0} Nat (nat_lit 1536) (instOfNatNat (nat_lit 1536)))))
                      Bool.true)
                    (@Eq.refl.{1} Bool Bool.true)))))
            (@OfNat.ofNat.{0} Int (nat_lit 32767) (@instOfNat (nat_lit 32767)))))
        (And
          (@LE.le.{0} Int Int.instLEInt
            (@Neg.neg.{0} Int Int.instNegInt (@OfNat.ofNat.{0} Int (nat_lit 32768) (@instOfNat (nat_lit 32768))))
            ((fun (x : Fin (@OfNat.ofNat.{0} Nat (nat_lit 1536) (instOfNatNat (nat_lit 1536)))) =>
                @OfNat.ofNat.{0} Int (nat_lit 32768) (@instOfNat (nat_lit 32768)))
              (@Fin.mk (@OfNat.ofNat.{0} Nat (nat_lit 1536) (instOfNatNat (nat_lit 1536)))
                (@OfNat.ofNat.{0} Nat (nat_lit 0) (instOfNatNat (nat_lit 0)))
                (@of_decide_eq_true
                  (@LT.lt.{0} Nat instLTNat (@OfNat.ofNat.{0} Nat (nat_lit 0) (instOfNatNat (nat_lit 0)))
                    (@OfNat.ofNat.{0} Nat (nat_lit 1536) (instOfNatNat (nat_lit 1536))))
                  (Nat.decLt (@OfNat.ofNat.{0} Nat (nat_lit 0) (instOfNatNat (nat_lit 0)))
                    (@OfNat.ofNat.{0} Nat (nat_lit 1536) (instOfNatNat (nat_lit 1536))))
                  (@id.{0}
                    (@Eq.{1} Bool
                      (@Decidable.decide
                        (@LT.lt.{0} Nat instLTNat (@OfNat.ofNat.{0} Nat (nat_lit 0) (instOfNatNat (nat_lit 0)))
                          (@OfNat.ofNat.{0} Nat (nat_lit 1536) (instOfNatNat (nat_lit 1536))))
                        (Nat.decLt (@OfNat.ofNat.{0} Nat (nat_lit 0) (instOfNatNat (nat_lit 0)))
                          (@OfNat.ofNat.{0} Nat (nat_lit 1536) (instOfNatNat (nat_lit 1536)))))
                      Bool.true)
                    (@Eq.refl.{1} Bool Bool.true))))))
          (@LE.le.{0} Int Int.instLEInt
            ((fun (x : Fin (@OfNat.ofNat.{0} Nat (nat_lit 1536) (instOfNatNat (nat_lit 1536)))) =>
                @OfNat.ofNat.{0} Int (nat_lit 32768) (@instOfNat (nat_lit 32768)))
              (@Fin.mk (@OfNat.ofNat.{0} Nat (nat_lit 1536) (instOfNatNat (nat_lit 1536)))
                (@OfNat.ofNat.{0} Nat (nat_lit 0) (instOfNatNat (nat_lit 0)))
                (@of_decide_eq_true
                  (@LT.lt.{0} Nat instLTNat (@OfNat.ofNat.{0} Nat (nat_lit 0) (instOfNatNat (nat_lit 0)))
                    (@OfNat.ofNat.{0} Nat (nat_lit 1536) (instOfNatNat (nat_lit 1536))))
                  (Nat.decLt (@OfNat.ofNat.{0} Nat (nat_lit 0) (instOfNatNat (nat_lit 0)))
                    (@OfNat.ofNat.{0} Nat (nat_lit 1536) (instOfNatNat (nat_lit 1536))))
                  (@id.{0}
                    (@Eq.{1} Bool
                      (@Decidable.decide
                        (@LT.lt.{0} Nat instLTNat (@OfNat.ofNat.{0} Nat (nat_lit 0) (instOfNatNat (nat_lit 0)))
                          (@OfNat.ofNat.{0} Nat (nat_lit 1536) (instOfNatNat (nat_lit 1536))))
                        (Nat.decLt (@OfNat.ofNat.{0} Nat (nat_lit 0) (instOfNatNat (nat_lit 0)))
                          (@OfNat.ofNat.{0} Nat (nat_lit 1536) (instOfNatNat (nat_lit 1536)))))
                      Bool.true)
                    (@Eq.refl.{1} Bool Bool.true)))))
            (@OfNat.ofNat.{0} Int (nat_lit 32767) (@instOfNat (nat_lit 32767)))))
        (h
          (@Fin.mk (@OfNat.ofNat.{0} Nat (nat_lit 1536) (instOfNatNat (nat_lit 1536)))
            (@OfNat.ofNat.{0} Nat (nat_lit 0) (instOfNatNat (nat_lit 0)))
            (@of_decide_eq_true
              (@LT.lt.{0} Nat instLTNat (@OfNat.ofNat.{0} Nat (nat_lit 0) (instOfNatNat (nat_lit 0)))
                (@OfNat.ofNat.{0} Nat (nat_lit 1536) (instOfNatNat (nat_lit 1536))))
              (Nat.decLt (@OfNat.ofNat.{0} Nat (nat_lit 0) (instOfNatNat (nat_lit 0)))
                (@OfNat.ofNat.{0} Nat (nat_lit 1536) (instOfNatNat (nat_lit 1536))))
              (@id.{0}
                (@Eq.{1} Bool
                  (@Decidable.decide
                    (@LT.lt.{0} Nat instLTNat (@OfNat.ofNat.{0} Nat (nat_lit 0) (instOfNatNat (nat_lit 0)))
                      (@OfNat.ofNat.{0} Nat (nat_lit 1536) (instOfNatNat (nat_lit 1536))))
                    (Nat.decLt (@OfNat.ofNat.{0} Nat (nat_lit 0) (instOfNatNat (nat_lit 0)))
                      (@OfNat.ofNat.{0} Nat (nat_lit 1536) (instOfNatNat (nat_lit 1536)))))
                  Bool.true)
                (@Eq.refl.{1} Bool Bool.true))))));
  @id.{0}
    (∀
      (hh :
        @LE.le.{0} Int Int.instLEInt
          ((fun (x : Fin (@OfNat.ofNat.{0} Nat (nat_lit 1536) (instOfNatNat (nat_lit 1536)))) =>
              @OfNat.ofNat.{0} Int (nat_lit 32768) (@instOfNat (nat_lit 32768)))
            (@Fin.mk (@OfNat.ofNat.{0} Nat (nat_lit 1536) (instOfNatNat (nat_lit 1536)))
              (@OfNat.ofNat.{0} Nat (nat_lit 0) (instOfNatNat (nat_lit 0)))
              (@of_decide_eq_true
                (@LT.lt.{0} Nat instLTNat (@OfNat.ofNat.{0} Nat (nat_lit 0) (instOfNatNat (nat_lit 0)))
                  (@OfNat.ofNat.{0} Nat (nat_lit 1536) (instOfNatNat (nat_lit 1536))))
                (Nat.decLt (@OfNat.ofNat.{0} Nat (nat_lit 0) (instOfNatNat (nat_lit 0)))
                  (@OfNat.ofNat.{0} Nat (nat_lit 1536) (instOfNatNat (nat_lit 1536))))
                (@id.{0}
                  (@Eq.{1} Bool
                    (@Decidable.decide
                      (@LT.lt.{0} Nat instLTNat (@OfNat.ofNat.{0} Nat (nat_lit 0) (instOfNatNat (nat_lit 0)))
                        (@OfNat.ofNat.{0} Nat (nat_lit 1536) (instOfNatNat (nat_lit 1536))))
                      (Nat.decLt (@OfNat.ofNat.{0} Nat (nat_lit 0) (instOfNatNat (nat_lit 0)))
                        (@OfNat.ofNat.{0} Nat (nat_lit 1536) (instOfNatNat (nat_lit 1536)))))
                    Bool.true)
                  (@Eq.refl.{1} Bool Bool.true)))))
          (@OfNat.ofNat.{0} Int (nat_lit 32767) (@instOfNat (nat_lit 32767)))),
      False)
    (fun
        (hh :
          @LE.le.{0} Int Int.instLEInt (@OfNat.ofNat.{0} Int (nat_lit 32768) (@instOfNat (nat_lit 32768)))
            (@OfNat.ofNat.{0} Int (nat_lit 32767) (@instOfNat (nat_lit 32767)))) =>
      H6P.second_vector_matters._proof_1_1 hh)
    hh
H6P.negative_safe_tie : ∀ (w : Int)
  (h :
    And
      (@LE.le.{0} Int Int.instLEInt
        (@Neg.neg.{0} Int Int.instNegInt (@OfNat.ofNat.{0} Int (nat_lit 1) (@instOfNat (nat_lit 1))))
        (@HAdd.hAdd.{0, 0, 0} Int Int Int (@instHAdd.{0} Int Int.instAdd)
          (@HMul.hMul.{0, 0, 0} Int Int Int (@instHMul.{0} Int Int.instMul)
            (@OfNat.ofNat.{0} Int (nat_lit 2) (@instOfNat (nat_lit 2))) w)
          (@OfNat.ofNat.{0} Int (nat_lit 65537) (@instOfNat (nat_lit 65537)))))
      (@LE.le.{0} Int Int.instLEInt
        (@HAdd.hAdd.{0, 0, 0} Int Int Int (@instHAdd.{0} Int Int.instAdd)
          (@HMul.hMul.{0, 0, 0} Int Int Int (@instHMul.{0} Int Int.instMul)
            (@OfNat.ofNat.{0} Int (nat_lit 2) (@instOfNat (nat_lit 2))) w)
          (@OfNat.ofNat.{0} Int (nat_lit 65537) (@instOfNat (nat_lit 65537))))
        (@OfNat.ofNat.{0} Int (nat_lit 1) (@instOfNat (nat_lit 1)))))
  (he :
    @Eq.{1} Int
      (@HMod.hMod.{0, 0, 0} Int Int Int (@instHMod.{0} Int Int.instMod) w
        (@OfNat.ofNat.{0} Int (nat_lit 2) (@instOfNat (nat_lit 2))))
      (@OfNat.ofNat.{0} Int (nat_lit 0) (@instOfNat (nat_lit 0)))),
  @Eq.{1} Int w (@Neg.neg.{0} Int Int.instNegInt (@OfNat.ofNat.{0} Int (nat_lit 32768) (@instOfNat (nat_lit 32768))))
theorem H6P.negative_safe_tie : ∀ (w : Int)
  (h :
    And
      (@LE.le.{0} Int Int.instLEInt
        (@Neg.neg.{0} Int Int.instNegInt (@OfNat.ofNat.{0} Int (nat_lit 1) (@instOfNat (nat_lit 1))))
        (@HAdd.hAdd.{0, 0, 0} Int Int Int (@instHAdd.{0} Int Int.instAdd)
          (@HMul.hMul.{0, 0, 0} Int Int Int (@instHMul.{0} Int Int.instMul)
            (@OfNat.ofNat.{0} Int (nat_lit 2) (@instOfNat (nat_lit 2))) w)
          (@OfNat.ofNat.{0} Int (nat_lit 65537) (@instOfNat (nat_lit 65537)))))
      (@LE.le.{0} Int Int.instLEInt
        (@HAdd.hAdd.{0, 0, 0} Int Int Int (@instHAdd.{0} Int Int.instAdd)
          (@HMul.hMul.{0, 0, 0} Int Int Int (@instHMul.{0} Int Int.instMul)
            (@OfNat.ofNat.{0} Int (nat_lit 2) (@instOfNat (nat_lit 2))) w)
          (@OfNat.ofNat.{0} Int (nat_lit 65537) (@instOfNat (nat_lit 65537))))
        (@OfNat.ofNat.{0} Int (nat_lit 1) (@instOfNat (nat_lit 1)))))
  (he :
    @Eq.{1} Int
      (@HMod.hMod.{0, 0, 0} Int Int Int (@instHMod.{0} Int Int.instMod) w
        (@OfNat.ofNat.{0} Int (nat_lit 2) (@instOfNat (nat_lit 2))))
      (@OfNat.ofNat.{0} Int (nat_lit 0) (@instOfNat (nat_lit 0)))),
  @Eq.{1} Int w (@Neg.neg.{0} Int Int.instNegInt (@OfNat.ofNat.{0} Int (nat_lit 32768) (@instOfNat (nat_lit 32768)))) :=
fun (w : Int)
    (h :
      And
        (@LE.le.{0} Int Int.instLEInt
          (@Neg.neg.{0} Int Int.instNegInt (@OfNat.ofNat.{0} Int (nat_lit 1) (@instOfNat (nat_lit 1))))
          (@HAdd.hAdd.{0, 0, 0} Int Int Int (@instHAdd.{0} Int Int.instAdd)
            (@HMul.hMul.{0, 0, 0} Int Int Int (@instHMul.{0} Int Int.instMul)
              (@OfNat.ofNat.{0} Int (nat_lit 2) (@instOfNat (nat_lit 2))) w)
            (@OfNat.ofNat.{0} Int (nat_lit 65537) (@instOfNat (nat_lit 65537)))))
        (@LE.le.{0} Int Int.instLEInt
          (@HAdd.hAdd.{0, 0, 0} Int Int Int (@instHAdd.{0} Int Int.instAdd)
            (@HMul.hMul.{0, 0, 0} Int Int Int (@instHMul.{0} Int Int.instMul)
              (@OfNat.ofNat.{0} Int (nat_lit 2) (@instOfNat (nat_lit 2))) w)
            (@OfNat.ofNat.{0} Int (nat_lit 65537) (@instOfNat (nat_lit 65537))))
          (@OfNat.ofNat.{0} Int (nat_lit 1) (@instOfNat (nat_lit 1)))))
    (he :
      @Eq.{1} Int
        (@HMod.hMod.{0, 0, 0} Int Int Int (@instHMod.{0} Int Int.instMod) w
          (@OfNat.ofNat.{0} Int (nat_lit 2) (@instOfNat (nat_lit 2))))
        (@OfNat.ofNat.{0} Int (nat_lit 0) (@instOfNat (nat_lit 0)))) =>
  @Decidable.byContradiction
    (@Eq.{1} Int w
      (@Neg.neg.{0} Int Int.instNegInt (@OfNat.ofNat.{0} Int (nat_lit 32768) (@instOfNat (nat_lit 32768)))))
    (Int.instDecidableEq w
      (@Neg.neg.{0} Int Int.instNegInt (@OfNat.ofNat.{0} Int (nat_lit 32768) (@instOfNat (nat_lit 32768)))))
    fun
      (a :
        Not
          (@Eq.{1} Int w
            (@Neg.neg.{0} Int Int.instNegInt (@OfNat.ofNat.{0} Int (nat_lit 32768) (@instOfNat (nat_lit 32768)))))) =>
    H6P.negative_safe_tie._proof_1_1 w h he a
H6P.positive_bad_tie : ∀ (w : Int)
  (h :
    And
      (@LE.le.{0} Int Int.instLEInt
        (@Neg.neg.{0} Int Int.instNegInt (@OfNat.ofNat.{0} Int (nat_lit 1) (@instOfNat (nat_lit 1))))
        (@HSub.hSub.{0, 0, 0} Int Int Int (@instHSub.{0} Int Int.instSub)
          (@HMul.hMul.{0, 0, 0} Int Int Int (@instHMul.{0} Int Int.instMul)
            (@OfNat.ofNat.{0} Int (nat_lit 2) (@instOfNat (nat_lit 2))) w)
          (@OfNat.ofNat.{0} Int (nat_lit 65535) (@instOfNat (nat_lit 65535)))))
      (@LE.le.{0} Int Int.instLEInt
        (@HSub.hSub.{0, 0, 0} Int Int Int (@instHSub.{0} Int Int.instSub)
          (@HMul.hMul.{0, 0, 0} Int Int Int (@instHMul.{0} Int Int.instMul)
            (@OfNat.ofNat.{0} Int (nat_lit 2) (@instOfNat (nat_lit 2))) w)
          (@OfNat.ofNat.{0} Int (nat_lit 65535) (@instOfNat (nat_lit 65535))))
        (@OfNat.ofNat.{0} Int (nat_lit 1) (@instOfNat (nat_lit 1)))))
  (he :
    @Eq.{1} Int
      (@HMod.hMod.{0, 0, 0} Int Int Int (@instHMod.{0} Int Int.instMod) w
        (@OfNat.ofNat.{0} Int (nat_lit 2) (@instOfNat (nat_lit 2))))
      (@OfNat.ofNat.{0} Int (nat_lit 0) (@instOfNat (nat_lit 0)))),
  @Eq.{1} Int w (@OfNat.ofNat.{0} Int (nat_lit 32768) (@instOfNat (nat_lit 32768)))
theorem H6P.positive_bad_tie : ∀ (w : Int)
  (h :
    And
      (@LE.le.{0} Int Int.instLEInt
        (@Neg.neg.{0} Int Int.instNegInt (@OfNat.ofNat.{0} Int (nat_lit 1) (@instOfNat (nat_lit 1))))
        (@HSub.hSub.{0, 0, 0} Int Int Int (@instHSub.{0} Int Int.instSub)
          (@HMul.hMul.{0, 0, 0} Int Int Int (@instHMul.{0} Int Int.instMul)
            (@OfNat.ofNat.{0} Int (nat_lit 2) (@instOfNat (nat_lit 2))) w)
          (@OfNat.ofNat.{0} Int (nat_lit 65535) (@instOfNat (nat_lit 65535)))))
      (@LE.le.{0} Int Int.instLEInt
        (@HSub.hSub.{0, 0, 0} Int Int Int (@instHSub.{0} Int Int.instSub)
          (@HMul.hMul.{0, 0, 0} Int Int Int (@instHMul.{0} Int Int.instMul)
            (@OfNat.ofNat.{0} Int (nat_lit 2) (@instOfNat (nat_lit 2))) w)
          (@OfNat.ofNat.{0} Int (nat_lit 65535) (@instOfNat (nat_lit 65535))))
        (@OfNat.ofNat.{0} Int (nat_lit 1) (@instOfNat (nat_lit 1)))))
  (he :
    @Eq.{1} Int
      (@HMod.hMod.{0, 0, 0} Int Int Int (@instHMod.{0} Int Int.instMod) w
        (@OfNat.ofNat.{0} Int (nat_lit 2) (@instOfNat (nat_lit 2))))
      (@OfNat.ofNat.{0} Int (nat_lit 0) (@instOfNat (nat_lit 0)))),
  @Eq.{1} Int w (@OfNat.ofNat.{0} Int (nat_lit 32768) (@instOfNat (nat_lit 32768))) :=
fun (w : Int)
    (h :
      And
        (@LE.le.{0} Int Int.instLEInt
          (@Neg.neg.{0} Int Int.instNegInt (@OfNat.ofNat.{0} Int (nat_lit 1) (@instOfNat (nat_lit 1))))
          (@HSub.hSub.{0, 0, 0} Int Int Int (@instHSub.{0} Int Int.instSub)
            (@HMul.hMul.{0, 0, 0} Int Int Int (@instHMul.{0} Int Int.instMul)
              (@OfNat.ofNat.{0} Int (nat_lit 2) (@instOfNat (nat_lit 2))) w)
            (@OfNat.ofNat.{0} Int (nat_lit 65535) (@instOfNat (nat_lit 65535)))))
        (@LE.le.{0} Int Int.instLEInt
          (@HSub.hSub.{0, 0, 0} Int Int Int (@instHSub.{0} Int Int.instSub)
            (@HMul.hMul.{0, 0, 0} Int Int Int (@instHMul.{0} Int Int.instMul)
              (@OfNat.ofNat.{0} Int (nat_lit 2) (@instOfNat (nat_lit 2))) w)
            (@OfNat.ofNat.{0} Int (nat_lit 65535) (@instOfNat (nat_lit 65535))))
          (@OfNat.ofNat.{0} Int (nat_lit 1) (@instOfNat (nat_lit 1)))))
    (he :
      @Eq.{1} Int
        (@HMod.hMod.{0, 0, 0} Int Int Int (@instHMod.{0} Int Int.instMod) w
          (@OfNat.ofNat.{0} Int (nat_lit 2) (@instOfNat (nat_lit 2))))
        (@OfNat.ofNat.{0} Int (nat_lit 0) (@instOfNat (nat_lit 0)))) =>
  @Decidable.byContradiction (@Eq.{1} Int w (@OfNat.ofNat.{0} Int (nat_lit 32768) (@instOfNat (nat_lit 32768))))
    (Int.instDecidableEq w (@OfNat.ofNat.{0} Int (nat_lit 32768) (@instOfNat (nat_lit 32768))))
    fun (a : Not (@Eq.{1} Int w (@OfNat.ofNat.{0} Int (nat_lit 32768) (@instOfNat (nat_lit 32768))))) =>
    H6P.positive_bad_tie._proof_1_1 w h he a
H6P.bad_rint_argument : ∀ (x w scale : Int)
  (hs : @LT.lt.{0} Int Int.instLTInt (@OfNat.ofNat.{0} Int (nat_lit 0) (@instOfNat (nat_lit 0))) scale)
  (hr :
    And
      (@LE.le.{0} Int Int.instLEInt (@Neg.neg.{0} Int Int.instNegInt scale)
        (@HSub.hSub.{0, 0, 0} Int Int Int (@instHSub.{0} Int Int.instSub)
          (@HMul.hMul.{0, 0, 0} Int Int Int (@instHMul.{0} Int Int.instMul)
            (@OfNat.ofNat.{0} Int (nat_lit 2) (@instOfNat (nat_lit 2)))
            (@HMul.hMul.{0, 0, 0} Int Int Int (@instHMul.{0} Int Int.instMul) scale w))
          (@HMul.hMul.{0, 0, 0} Int Int Int (@instHMul.{0} Int Int.instMul)
            (@OfNat.ofNat.{0} Int (nat_lit 2) (@instOfNat (nat_lit 2))) x)))
      (@LE.le.{0} Int Int.instLEInt
        (@HSub.hSub.{0, 0, 0} Int Int Int (@instHSub.{0} Int Int.instSub)
          (@HMul.hMul.{0, 0, 0} Int Int Int (@instHMul.{0} Int Int.instMul)
            (@OfNat.ofNat.{0} Int (nat_lit 2) (@instOfNat (nat_lit 2)))
            (@HMul.hMul.{0, 0, 0} Int Int Int (@instHMul.{0} Int Int.instMul) scale w))
          (@HMul.hMul.{0, 0, 0} Int Int Int (@instHMul.{0} Int Int.instMul)
            (@OfNat.ofNat.{0} Int (nat_lit 2) (@instOfNat (nat_lit 2))) x))
        scale))
  (hb :
    Or
      (@LE.le.{0} Int Int.instLEInt w
        (@Neg.neg.{0} Int Int.instNegInt (@OfNat.ofNat.{0} Int (nat_lit 32769) (@instOfNat (nat_lit 32769)))))
      (@LE.le.{0} Int Int.instLEInt (@OfNat.ofNat.{0} Int (nat_lit 32768) (@instOfNat (nat_lit 32768))) w)),
  Or
    (@LE.le.{0} Int Int.instLEInt
      (@HMul.hMul.{0, 0, 0} Int Int Int (@instHMul.{0} Int Int.instMul)
        (@OfNat.ofNat.{0} Int (nat_lit 2) (@instOfNat (nat_lit 2))) x)
      (@HMul.hMul.{0, 0, 0} Int Int Int (@instHMul.{0} Int Int.instMul)
        (@Neg.neg.{0} Int Int.instNegInt (@OfNat.ofNat.{0} Int (nat_lit 65537) (@instOfNat (nat_lit 65537)))) scale))
    (@LE.le.{0} Int Int.instLEInt
      (@HMul.hMul.{0, 0, 0} Int Int Int (@instHMul.{0} Int Int.instMul)
        (@OfNat.ofNat.{0} Int (nat_lit 65535) (@instOfNat (nat_lit 65535))) scale)
      (@HMul.hMul.{0, 0, 0} Int Int Int (@instHMul.{0} Int Int.instMul)
        (@OfNat.ofNat.{0} Int (nat_lit 2) (@instOfNat (nat_lit 2))) x))
theorem H6P.bad_rint_argument : ∀ (x w scale : Int)
  (hs : @LT.lt.{0} Int Int.instLTInt (@OfNat.ofNat.{0} Int (nat_lit 0) (@instOfNat (nat_lit 0))) scale)
  (hr :
    And
      (@LE.le.{0} Int Int.instLEInt (@Neg.neg.{0} Int Int.instNegInt scale)
        (@HSub.hSub.{0, 0, 0} Int Int Int (@instHSub.{0} Int Int.instSub)
          (@HMul.hMul.{0, 0, 0} Int Int Int (@instHMul.{0} Int Int.instMul)
            (@OfNat.ofNat.{0} Int (nat_lit 2) (@instOfNat (nat_lit 2)))
            (@HMul.hMul.{0, 0, 0} Int Int Int (@instHMul.{0} Int Int.instMul) scale w))
          (@HMul.hMul.{0, 0, 0} Int Int Int (@instHMul.{0} Int Int.instMul)
            (@OfNat.ofNat.{0} Int (nat_lit 2) (@instOfNat (nat_lit 2))) x)))
      (@LE.le.{0} Int Int.instLEInt
        (@HSub.hSub.{0, 0, 0} Int Int Int (@instHSub.{0} Int Int.instSub)
          (@HMul.hMul.{0, 0, 0} Int Int Int (@instHMul.{0} Int Int.instMul)
            (@OfNat.ofNat.{0} Int (nat_lit 2) (@instOfNat (nat_lit 2)))
            (@HMul.hMul.{0, 0, 0} Int Int Int (@instHMul.{0} Int Int.instMul) scale w))
          (@HMul.hMul.{0, 0, 0} Int Int Int (@instHMul.{0} Int Int.instMul)
            (@OfNat.ofNat.{0} Int (nat_lit 2) (@instOfNat (nat_lit 2))) x))
        scale))
  (hb :
    Or
      (@LE.le.{0} Int Int.instLEInt w
        (@Neg.neg.{0} Int Int.instNegInt (@OfNat.ofNat.{0} Int (nat_lit 32769) (@instOfNat (nat_lit 32769)))))
      (@LE.le.{0} Int Int.instLEInt (@OfNat.ofNat.{0} Int (nat_lit 32768) (@instOfNat (nat_lit 32768))) w)),
  Or
    (@LE.le.{0} Int Int.instLEInt
      (@HMul.hMul.{0, 0, 0} Int Int Int (@instHMul.{0} Int Int.instMul)
        (@OfNat.ofNat.{0} Int (nat_lit 2) (@instOfNat (nat_lit 2))) x)
      (@HMul.hMul.{0, 0, 0} Int Int Int (@instHMul.{0} Int Int.instMul)
        (@Neg.neg.{0} Int Int.instNegInt (@OfNat.ofNat.{0} Int (nat_lit 65537) (@instOfNat (nat_lit 65537)))) scale))
    (@LE.le.{0} Int Int.instLEInt
      (@HMul.hMul.{0, 0, 0} Int Int Int (@instHMul.{0} Int Int.instMul)
        (@OfNat.ofNat.{0} Int (nat_lit 65535) (@instOfNat (nat_lit 65535))) scale)
      (@HMul.hMul.{0, 0, 0} Int Int Int (@instHMul.{0} Int Int.instMul)
        (@OfNat.ofNat.{0} Int (nat_lit 2) (@instOfNat (nat_lit 2))) x)) :=
fun (x w scale : Int)
    (hs : @LT.lt.{0} Int Int.instLTInt (@OfNat.ofNat.{0} Int (nat_lit 0) (@instOfNat (nat_lit 0))) scale)
    (hr :
      And
        (@LE.le.{0} Int Int.instLEInt (@Neg.neg.{0} Int Int.instNegInt scale)
          (@HSub.hSub.{0, 0, 0} Int Int Int (@instHSub.{0} Int Int.instSub)
            (@HMul.hMul.{0, 0, 0} Int Int Int (@instHMul.{0} Int Int.instMul)
              (@OfNat.ofNat.{0} Int (nat_lit 2) (@instOfNat (nat_lit 2)))
              (@HMul.hMul.{0, 0, 0} Int Int Int (@instHMul.{0} Int Int.instMul) scale w))
            (@HMul.hMul.{0, 0, 0} Int Int Int (@instHMul.{0} Int Int.instMul)
              (@OfNat.ofNat.{0} Int (nat_lit 2) (@instOfNat (nat_lit 2))) x)))
        (@LE.le.{0} Int Int.instLEInt
          (@HSub.hSub.{0, 0, 0} Int Int Int (@instHSub.{0} Int Int.instSub)
            (@HMul.hMul.{0, 0, 0} Int Int Int (@instHMul.{0} Int Int.instMul)
              (@OfNat.ofNat.{0} Int (nat_lit 2) (@instOfNat (nat_lit 2)))
              (@HMul.hMul.{0, 0, 0} Int Int Int (@instHMul.{0} Int Int.instMul) scale w))
            (@HMul.hMul.{0, 0, 0} Int Int Int (@instHMul.{0} Int Int.instMul)
              (@OfNat.ofNat.{0} Int (nat_lit 2) (@instOfNat (nat_lit 2))) x))
          scale))
    (hb :
      Or
        (@LE.le.{0} Int Int.instLEInt w
          (@Neg.neg.{0} Int Int.instNegInt (@OfNat.ofNat.{0} Int (nat_lit 32769) (@instOfNat (nat_lit 32769)))))
        (@LE.le.{0} Int Int.instLEInt (@OfNat.ofNat.{0} Int (nat_lit 32768) (@instOfNat (nat_lit 32768))) w)) =>
  @Or.casesOn
    (@LE.le.{0} Int Int.instLEInt w
      (@Neg.neg.{0} Int Int.instNegInt (@OfNat.ofNat.{0} Int (nat_lit 32769) (@instOfNat (nat_lit 32769)))))
    (@LE.le.{0} Int Int.instLEInt (@OfNat.ofNat.{0} Int (nat_lit 32768) (@instOfNat (nat_lit 32768))) w)
    (fun
        (x_1 :
          Or
            (@LE.le.{0} Int Int.instLEInt w
              (@Neg.neg.{0} Int Int.instNegInt (@OfNat.ofNat.{0} Int (nat_lit 32769) (@instOfNat (nat_lit 32769)))))
            (@LE.le.{0} Int Int.instLEInt (@OfNat.ofNat.{0} Int (nat_lit 32768) (@instOfNat (nat_lit 32768))) w)) =>
      Or
        (@LE.le.{0} Int Int.instLEInt
          (@HMul.hMul.{0, 0, 0} Int Int Int (@instHMul.{0} Int Int.instMul)
            (@OfNat.ofNat.{0} Int (nat_lit 2) (@instOfNat (nat_lit 2))) x)
          (@HMul.hMul.{0, 0, 0} Int Int Int (@instHMul.{0} Int Int.instMul)
            (@Neg.neg.{0} Int Int.instNegInt (@OfNat.ofNat.{0} Int (nat_lit 65537) (@instOfNat (nat_lit 65537))))
            scale))
        (@LE.le.{0} Int Int.instLEInt
          (@HMul.hMul.{0, 0, 0} Int Int Int (@instHMul.{0} Int Int.instMul)
            (@OfNat.ofNat.{0} Int (nat_lit 65535) (@instOfNat (nat_lit 65535))) scale)
          (@HMul.hMul.{0, 0, 0} Int Int Int (@instHMul.{0} Int Int.instMul)
            (@OfNat.ofNat.{0} Int (nat_lit 2) (@instOfNat (nat_lit 2))) x)))
    hb
    (fun
        (h :
          @LE.le.{0} Int Int.instLEInt w
            (@Neg.neg.{0} Int Int.instNegInt (@OfNat.ofNat.{0} Int (nat_lit 32769) (@instOfNat (nat_lit 32769))))) =>
      have hm :
        @LE.le.{0} Int Int.instLEInt (@HMul.hMul.{0, 0, 0} Int Int Int (@instHMul.{0} Int Int.instMul) scale w)
          (@HMul.hMul.{0, 0, 0} Int Int Int (@instHMul.{0} Int Int.instMul) scale
            (@Neg.neg.{0} Int Int.instNegInt (@OfNat.ofNat.{0} Int (nat_lit 32769) (@instOfNat (nat_lit 32769))))) :=
        @Int.mul_le_mul_of_nonneg_left w
          (@Neg.neg.{0} Int Int.instNegInt (@OfNat.ofNat.{0} Int (nat_lit 32769) (@instOfNat (nat_lit 32769)))) scale h
          (@Int.le_of_lt (@OfNat.ofNat.{0} Int (nat_lit 0) (@instOfNat (nat_lit 0))) scale hs);
      have he :
        @Eq.{1} Int
          (@HMul.hMul.{0, 0, 0} Int Int Int (@instHMul.{0} Int Int.instMul) scale
            (@Neg.neg.{0} Int Int.instNegInt (@OfNat.ofNat.{0} Int (nat_lit 32769) (@instOfNat (nat_lit 32769)))))
          (@HMul.hMul.{0, 0, 0} Int Int Int (@instHMul.{0} Int Int.instMul)
            (@Neg.neg.{0} Int Int.instNegInt (@OfNat.ofNat.{0} Int (nat_lit 32769) (@instOfNat (nat_lit 32769))))
            scale) :=
        Int.mul_comm scale
          (@Neg.neg.{0} Int Int.instNegInt (@OfNat.ofNat.{0} Int (nat_lit 32769) (@instOfNat (nat_lit 32769))));
      @Decidable.byContradiction
        (Or
          (@LE.le.{0} Int Int.instLEInt
            (@HMul.hMul.{0, 0, 0} Int Int Int (@instHMul.{0} Int Int.instMul)
              (@OfNat.ofNat.{0} Int (nat_lit 2) (@instOfNat (nat_lit 2))) x)
            (@HMul.hMul.{0, 0, 0} Int Int Int (@instHMul.{0} Int Int.instMul)
              (@Neg.neg.{0} Int Int.instNegInt (@OfNat.ofNat.{0} Int (nat_lit 65537) (@instOfNat (nat_lit 65537))))
              scale))
          (@LE.le.{0} Int Int.instLEInt
            (@HMul.hMul.{0, 0, 0} Int Int Int (@instHMul.{0} Int Int.instMul)
              (@OfNat.ofNat.{0} Int (nat_lit 65535) (@instOfNat (nat_lit 65535))) scale)
            (@HMul.hMul.{0, 0, 0} Int Int Int (@instHMul.{0} Int Int.instMul)
              (@OfNat.ofNat.{0} Int (nat_lit 2) (@instOfNat (nat_lit 2))) x)))
        (@instDecidableOr
          (@LE.le.{0} Int Int.instLEInt
            (@HMul.hMul.{0, 0, 0} Int Int Int (@instHMul.{0} Int Int.instMul)
              (@OfNat.ofNat.{0} Int (nat_lit 2) (@instOfNat (nat_lit 2))) x)
            (@HMul.hMul.{0, 0, 0} Int Int Int (@instHMul.{0} Int Int.instMul)
              (@Neg.neg.{0} Int Int.instNegInt (@OfNat.ofNat.{0} Int (nat_lit 65537) (@instOfNat (nat_lit 65537))))
              scale))
          (@LE.le.{0} Int Int.instLEInt
            (@HMul.hMul.{0, 0, 0} Int Int Int (@instHMul.{0} Int Int.instMul)
              (@OfNat.ofNat.{0} Int (nat_lit 65535) (@instOfNat (nat_lit 65535))) scale)
            (@HMul.hMul.{0, 0, 0} Int Int Int (@instHMul.{0} Int Int.instMul)
              (@OfNat.ofNat.{0} Int (nat_lit 2) (@instOfNat (nat_lit 2))) x))
          (Int.decLe
            (@HMul.hMul.{0, 0, 0} Int Int Int (@instHMul.{0} Int Int.instMul)
              (@OfNat.ofNat.{0} Int (nat_lit 2) (@instOfNat (nat_lit 2))) x)
            (@HMul.hMul.{0, 0, 0} Int Int Int (@instHMul.{0} Int Int.instMul)
              (@Neg.neg.{0} Int Int.instNegInt (@OfNat.ofNat.{0} Int (nat_lit 65537) (@instOfNat (nat_lit 65537))))
              scale))
          (Int.decLe
            (@HMul.hMul.{0, 0, 0} Int Int Int (@instHMul.{0} Int Int.instMul)
              (@OfNat.ofNat.{0} Int (nat_lit 65535) (@instOfNat (nat_lit 65535))) scale)
            (@HMul.hMul.{0, 0, 0} Int Int Int (@instHMul.{0} Int Int.instMul)
              (@OfNat.ofNat.{0} Int (nat_lit 2) (@instOfNat (nat_lit 2))) x)))
        fun
          (a :
            Not
              (Or
                (@LE.le.{0} Int Int.instLEInt
                  (@HMul.hMul.{0, 0, 0} Int Int Int (@instHMul.{0} Int Int.instMul)
                    (@OfNat.ofNat.{0} Int (nat_lit 2) (@instOfNat (nat_lit 2))) x)
                  (@HMul.hMul.{0, 0, 0} Int Int Int (@instHMul.{0} Int Int.instMul)
                    (@Neg.neg.{0} Int Int.instNegInt
                      (@OfNat.ofNat.{0} Int (nat_lit 65537) (@instOfNat (nat_lit 65537))))
                    scale))
                (@LE.le.{0} Int Int.instLEInt
                  (@HMul.hMul.{0, 0, 0} Int Int Int (@instHMul.{0} Int Int.instMul)
                    (@OfNat.ofNat.{0} Int (nat_lit 65535) (@instOfNat (nat_lit 65535))) scale)
                  (@HMul.hMul.{0, 0, 0} Int Int Int (@instHMul.{0} Int Int.instMul)
                    (@OfNat.ofNat.{0} Int (nat_lit 2) (@instOfNat (nat_lit 2))) x)))) =>
        H6P.bad_rint_argument._proof_1_1 x w scale hr
          (@Eq.mp.{0}
            (@LE.le.{0} Int Int.instLEInt (@HMul.hMul.{0, 0, 0} Int Int Int (@instHMul.{0} Int Int.instMul) scale w)
              (@HMul.hMul.{0, 0, 0} Int Int Int (@instHMul.{0} Int Int.instMul) scale
                (@Neg.neg.{0} Int Int.instNegInt (@OfNat.ofNat.{0} Int (nat_lit 32769) (@instOfNat (nat_lit 32769))))))
            (@LE.le.{0} Int Int.instLEInt (@HMul.hMul.{0, 0, 0} Int Int Int (@instHMul.{0} Int Int.instMul) scale w)
              (@HMul.hMul.{0, 0, 0} Int Int Int (@instHMul.{0} Int Int.instMul)
                (@Neg.neg.{0} Int Int.instNegInt (@OfNat.ofNat.{0} Int (nat_lit 32769) (@instOfNat (nat_lit 32769))))
                scale))
            (@congrArg.{1, 1} Int Prop
              (@HMul.hMul.{0, 0, 0} Int Int Int (@instHMul.{0} Int Int.instMul) scale
                (@Neg.neg.{0} Int Int.instNegInt (@OfNat.ofNat.{0} Int (nat_lit 32769) (@instOfNat (nat_lit 32769)))))
              (@HMul.hMul.{0, 0, 0} Int Int Int (@instHMul.{0} Int Int.instMul)
                (@Neg.neg.{0} Int Int.instNegInt (@OfNat.ofNat.{0} Int (nat_lit 32769) (@instOfNat (nat_lit 32769))))
                scale)
              (fun (_a : Int) =>
                @LE.le.{0} Int Int.instLEInt (@HMul.hMul.{0, 0, 0} Int Int Int (@instHMul.{0} Int Int.instMul) scale w)
                  _a)
              he)
            hm)
          a)
    fun (h : @LE.le.{0} Int Int.instLEInt (@OfNat.ofNat.{0} Int (nat_lit 32768) (@instOfNat (nat_lit 32768))) w) =>
    have hm :
      @LE.le.{0} Int Int.instLEInt
        (@HMul.hMul.{0, 0, 0} Int Int Int (@instHMul.{0} Int Int.instMul) scale
          (@OfNat.ofNat.{0} Int (nat_lit 32768) (@instOfNat (nat_lit 32768))))
        (@HMul.hMul.{0, 0, 0} Int Int Int (@instHMul.{0} Int Int.instMul) scale w) :=
      @Int.mul_le_mul_of_nonneg_left (@OfNat.ofNat.{0} Int (nat_lit 32768) (@instOfNat (nat_lit 32768))) w scale h
        (@Int.le_of_lt (@OfNat.ofNat.{0} Int (nat_lit 0) (@instOfNat (nat_lit 0))) scale hs);
    have he :
      @Eq.{1} Int
        (@HMul.hMul.{0, 0, 0} Int Int Int (@instHMul.{0} Int Int.instMul) scale
          (@OfNat.ofNat.{0} Int (nat_lit 32768) (@instOfNat (nat_lit 32768))))
        (@HMul.hMul.{0, 0, 0} Int Int Int (@instHMul.{0} Int Int.instMul)
          (@OfNat.ofNat.{0} Int (nat_lit 32768) (@instOfNat (nat_lit 32768))) scale) :=
      Int.mul_comm scale (@OfNat.ofNat.{0} Int (nat_lit 32768) (@instOfNat (nat_lit 32768)));
    @Decidable.byContradiction
      (Or
        (@LE.le.{0} Int Int.instLEInt
          (@HMul.hMul.{0, 0, 0} Int Int Int (@instHMul.{0} Int Int.instMul)
            (@OfNat.ofNat.{0} Int (nat_lit 2) (@instOfNat (nat_lit 2))) x)
          (@HMul.hMul.{0, 0, 0} Int Int Int (@instHMul.{0} Int Int.instMul)
            (@Neg.neg.{0} Int Int.instNegInt (@OfNat.ofNat.{0} Int (nat_lit 65537) (@instOfNat (nat_lit 65537))))
            scale))
        (@LE.le.{0} Int Int.instLEInt
          (@HMul.hMul.{0, 0, 0} Int Int Int (@instHMul.{0} Int Int.instMul)
            (@OfNat.ofNat.{0} Int (nat_lit 65535) (@instOfNat (nat_lit 65535))) scale)
          (@HMul.hMul.{0, 0, 0} Int Int Int (@instHMul.{0} Int Int.instMul)
            (@OfNat.ofNat.{0} Int (nat_lit 2) (@instOfNat (nat_lit 2))) x)))
      (@instDecidableOr
        (@LE.le.{0} Int Int.instLEInt
          (@HMul.hMul.{0, 0, 0} Int Int Int (@instHMul.{0} Int Int.instMul)
            (@OfNat.ofNat.{0} Int (nat_lit 2) (@instOfNat (nat_lit 2))) x)
          (@HMul.hMul.{0, 0, 0} Int Int Int (@instHMul.{0} Int Int.instMul)
            (@Neg.neg.{0} Int Int.instNegInt (@OfNat.ofNat.{0} Int (nat_lit 65537) (@instOfNat (nat_lit 65537))))
            scale))
        (@LE.le.{0} Int Int.instLEInt
          (@HMul.hMul.{0, 0, 0} Int Int Int (@instHMul.{0} Int Int.instMul)
            (@OfNat.ofNat.{0} Int (nat_lit 65535) (@instOfNat (nat_lit 65535))) scale)
          (@HMul.hMul.{0, 0, 0} Int Int Int (@instHMul.{0} Int Int.instMul)
            (@OfNat.ofNat.{0} Int (nat_lit 2) (@instOfNat (nat_lit 2))) x))
        (Int.decLe
          (@HMul.hMul.{0, 0, 0} Int Int Int (@instHMul.{0} Int Int.instMul)
            (@OfNat.ofNat.{0} Int (nat_lit 2) (@instOfNat (nat_lit 2))) x)
          (@HMul.hMul.{0, 0, 0} Int Int Int (@instHMul.{0} Int Int.instMul)
            (@Neg.neg.{0} Int Int.instNegInt (@OfNat.ofNat.{0} Int (nat_lit 65537) (@instOfNat (nat_lit 65537))))
            scale))
        (Int.decLe
          (@HMul.hMul.{0, 0, 0} Int Int Int (@instHMul.{0} Int Int.instMul)
            (@OfNat.ofNat.{0} Int (nat_lit 65535) (@instOfNat (nat_lit 65535))) scale)
          (@HMul.hMul.{0, 0, 0} Int Int Int (@instHMul.{0} Int Int.instMul)
            (@OfNat.ofNat.{0} Int (nat_lit 2) (@instOfNat (nat_lit 2))) x)))
      fun
        (a :
          Not
            (Or
              (@LE.le.{0} Int Int.instLEInt
                (@HMul.hMul.{0, 0, 0} Int Int Int (@instHMul.{0} Int Int.instMul)
                  (@OfNat.ofNat.{0} Int (nat_lit 2) (@instOfNat (nat_lit 2))) x)
                (@HMul.hMul.{0, 0, 0} Int Int Int (@instHMul.{0} Int Int.instMul)
                  (@Neg.neg.{0} Int Int.instNegInt (@OfNat.ofNat.{0} Int (nat_lit 65537) (@instOfNat (nat_lit 65537))))
                  scale))
              (@LE.le.{0} Int Int.instLEInt
                (@HMul.hMul.{0, 0, 0} Int Int Int (@instHMul.{0} Int Int.instMul)
                  (@OfNat.ofNat.{0} Int (nat_lit 65535) (@instOfNat (nat_lit 65535))) scale)
                (@HMul.hMul.{0, 0, 0} Int Int Int (@instHMul.{0} Int Int.instMul)
                  (@OfNat.ofNat.{0} Int (nat_lit 2) (@instOfNat (nat_lit 2))) x)))) =>
      H6P.bad_rint_argument._proof_1_2 x w scale hr
        (@Eq.mp.{0}
          (@LE.le.{0} Int Int.instLEInt
            (@HMul.hMul.{0, 0, 0} Int Int Int (@instHMul.{0} Int Int.instMul) scale
              (@OfNat.ofNat.{0} Int (nat_lit 32768) (@instOfNat (nat_lit 32768))))
            (@HMul.hMul.{0, 0, 0} Int Int Int (@instHMul.{0} Int Int.instMul) scale w))
          (@LE.le.{0} Int Int.instLEInt
            (@HMul.hMul.{0, 0, 0} Int Int Int (@instHMul.{0} Int Int.instMul)
              (@OfNat.ofNat.{0} Int (nat_lit 32768) (@instOfNat (nat_lit 32768))) scale)
            (@HMul.hMul.{0, 0, 0} Int Int Int (@instHMul.{0} Int Int.instMul) scale w))
          (@congrArg.{1, 1} Int Prop
            (@HMul.hMul.{0, 0, 0} Int Int Int (@instHMul.{0} Int Int.instMul) scale
              (@OfNat.ofNat.{0} Int (nat_lit 32768) (@instOfNat (nat_lit 32768))))
            (@HMul.hMul.{0, 0, 0} Int Int Int (@instHMul.{0} Int Int.instMul)
              (@OfNat.ofNat.{0} Int (nat_lit 32768) (@instOfNat (nat_lit 32768))) scale)
            (fun (_a : Int) =>
              @LE.le.{0} Int Int.instLEInt _a
                (@HMul.hMul.{0, 0, 0} Int Int Int (@instHMul.{0} Int Int.instMul) scale w))
            he)
          hm)
        a
H6P.error_to_symmetric_tail : ∀ (actual linear err E threshold : Int)
  (hm : @Eq.{1} Int actual (@HAdd.hAdd.{0, 0, 0} Int Int Int (@instHAdd.{0} Int Int.instAdd) linear err))
  (he : And (@LE.le.{0} Int Int.instLEInt (@Neg.neg.{0} Int Int.instNegInt E) err) (@LE.le.{0} Int Int.instLEInt err E))
  (hb :
    Or (@LE.le.{0} Int Int.instLEInt threshold actual)
      (@LE.le.{0} Int Int.instLEInt actual (@Neg.neg.{0} Int Int.instNegInt threshold))),
  Or
    (@LE.le.{0} Int Int.instLEInt (@HSub.hSub.{0, 0, 0} Int Int Int (@instHSub.{0} Int Int.instSub) threshold E) linear)
    (@LE.le.{0} Int Int.instLEInt linear
      (@Neg.neg.{0} Int Int.instNegInt (@HSub.hSub.{0, 0, 0} Int Int Int (@instHSub.{0} Int Int.instSub) threshold E)))
theorem H6P.error_to_symmetric_tail : ∀ (actual linear err E threshold : Int)
  (hm : @Eq.{1} Int actual (@HAdd.hAdd.{0, 0, 0} Int Int Int (@instHAdd.{0} Int Int.instAdd) linear err))
  (he : And (@LE.le.{0} Int Int.instLEInt (@Neg.neg.{0} Int Int.instNegInt E) err) (@LE.le.{0} Int Int.instLEInt err E))
  (hb :
    Or (@LE.le.{0} Int Int.instLEInt threshold actual)
      (@LE.le.{0} Int Int.instLEInt actual (@Neg.neg.{0} Int Int.instNegInt threshold))),
  Or
    (@LE.le.{0} Int Int.instLEInt (@HSub.hSub.{0, 0, 0} Int Int Int (@instHSub.{0} Int Int.instSub) threshold E) linear)
    (@LE.le.{0} Int Int.instLEInt linear
      (@Neg.neg.{0} Int Int.instNegInt
        (@HSub.hSub.{0, 0, 0} Int Int Int (@instHSub.{0} Int Int.instSub) threshold E))) :=
fun (actual linear err E threshold : Int)
    (hm : @Eq.{1} Int actual (@HAdd.hAdd.{0, 0, 0} Int Int Int (@instHAdd.{0} Int Int.instAdd) linear err))
    (he :
      And (@LE.le.{0} Int Int.instLEInt (@Neg.neg.{0} Int Int.instNegInt E) err) (@LE.le.{0} Int Int.instLEInt err E))
    (hb :
      Or (@LE.le.{0} Int Int.instLEInt threshold actual)
        (@LE.le.{0} Int Int.instLEInt actual (@Neg.neg.{0} Int Int.instNegInt threshold))) =>
  @Decidable.byContradiction
    (Or
      (@LE.le.{0} Int Int.instLEInt (@HSub.hSub.{0, 0, 0} Int Int Int (@instHSub.{0} Int Int.instSub) threshold E)
        linear)
      (@LE.le.{0} Int Int.instLEInt linear
        (@Neg.neg.{0} Int Int.instNegInt
          (@HSub.hSub.{0, 0, 0} Int Int Int (@instHSub.{0} Int Int.instSub) threshold E))))
    (@instDecidableOr
      (@LE.le.{0} Int Int.instLEInt (@HSub.hSub.{0, 0, 0} Int Int Int (@instHSub.{0} Int Int.instSub) threshold E)
        linear)
      (@LE.le.{0} Int Int.instLEInt linear
        (@Neg.neg.{0} Int Int.instNegInt
          (@HSub.hSub.{0, 0, 0} Int Int Int (@instHSub.{0} Int Int.instSub) threshold E)))
      (Int.decLe (@HSub.hSub.{0, 0, 0} Int Int Int (@instHSub.{0} Int Int.instSub) threshold E) linear)
      (Int.decLe linear
        (@Neg.neg.{0} Int Int.instNegInt
          (@HSub.hSub.{0, 0, 0} Int Int Int (@instHSub.{0} Int Int.instSub) threshold E))))
    fun
      (a :
        Not
          (Or
            (@LE.le.{0} Int Int.instLEInt (@HSub.hSub.{0, 0, 0} Int Int Int (@instHSub.{0} Int Int.instSub) threshold E)
              linear)
            (@LE.le.{0} Int Int.instLEInt linear
              (@Neg.neg.{0} Int Int.instNegInt
                (@HSub.hSub.{0, 0, 0} Int Int Int (@instHSub.{0} Int Int.instSub) threshold E))))) =>
    H6P.error_to_symmetric_tail._proof_1_1 actual linear err E threshold hm he hb a
@H6P.exit_not_bad : ∀ {A : Type}
  (f :
    A →
      Prod.{0, 0} (Fin (@OfNat.ofNat.{0} Nat (nat_lit 1536) (instOfNatNat (nat_lit 1536))) → Int)
        (Fin (@OfNat.ofNat.{0} Nat (nat_lit 1536) (instOfNatNat (nat_lit 1536))) → Int)),
  Not (@H6P.badEvent A f (@H6P.RootResult.exit A))
theorem H6P.exit_not_bad : ∀ {A : Type}
  (f :
    A →
      Prod.{0, 0} (Fin (@OfNat.ofNat.{0} Nat (nat_lit 1536) (instOfNatNat (nat_lit 1536))) → Int)
        (Fin (@OfNat.ofNat.{0} Nat (nat_lit 1536) (instOfNatNat (nat_lit 1536))) → Int)),
  Not (@H6P.badEvent A f (@H6P.RootResult.exit A)) :=
fun {A : Type}
    (f :
      A →
        Prod.{0, 0} (Fin (@OfNat.ofNat.{0} Nat (nat_lit 1536) (instOfNatNat (nat_lit 1536))) → Int)
          (Fin (@OfNat.ofNat.{0} Nat (nat_lit 1536) (instOfNatNat (nat_lit 1536))) → Int)) =>
  @of_eq_true (Not False) not_false_eq_true
H6PTypes 0 0.518
