O 0 12345 40c81c8000000000
O 1 1848 409ce00000000000
O 2 9818 40c32d0000000000
O 3 17822 40d1678000000000
O 4 7427 40bd030000000000
O 5 15499 40ce458000000000
O 6 5172 40b4340000000000
O 7 13312 40ca000000000000
O 8 3053 40a7da0000000000
O 9 11261 40c5fe8000000000
O 10 1070 4090b80000000000
O 11 9346 40c2410000000000
O 12 17656 40d13e0000000000
O 13 7567 40bd8f0000000000
O 14 15945 40cf248000000000
O 15 5924 40b7240000000000
O 16 14370 40cc110000000000
O 17 4417 40b1410000000000
O 18 12931 40c9418000000000
O 19 3046 40a7cc0000000000
O 20 11628 40c6b60000000000
O 21 1811 409c4c0000000000
O 22 10461 40c46e8000000000
O 23 712 4086400000000000
O 24 9430 40c26b0000000000
O 25 18182 40d1c18000000000
O 26 8535 40c0ab8000000000
O 27 17355 40d0f2c000000000
O 28 7776 40be600000000000
O 29 16664 40d0460000000000
O 30 7153 40bbf10000000000
O 31 16109 40cf768000000000
O 32 6666 40ba0a0000000000
O 33 15690 40cea50000000000
O 34 6315 40b8ab0000000000
O 35 15407 40ce178000000000
O 36 6100 40b7d40000000000
O 37 15260 40cdce0000000000
O 38 6021 40b7850000000000
O 39 15249 40cdc88000000000
O 40 6078 40b7be0000000000
O 41 15374 40ce070000000000
O 42 6271 40b87f0000000000
O 43 15635 40ce898000000000
O 44 6600 40b9c80000000000
O 45 16032 40cf500000000000
O 46 7065 40bb990000000000
O 47 16565 40d02d4000000000
O 48 7666 40bdf20000000000
O 49 17234 40d0d48000000000
O 50 8403 40c0698000000000
O 51 18039 40d19dc000000000
O 52 9276 40c21e0000000000
O 53 547 4081180000000000
O 54 10285 40c4168000000000
O 55 1624 4099600000000000
O 56 11430 40c6530000000000
O 57 2837 40a62a0000000000
O 58 12711 40c8d38000000000
O 59 4186 40b05a0000000000
O 60 14128 40cb980000000000
O 61 5671 40b6270000000000
O 62 15681 40cea08000000000
O 63 7292 40bc7c0000000000
O 64 17370 40d0f68000000000
O 65 9049 40c1ac8000000000
O 66 762 4087d00000000000
O 67 10942 40c55f0000000000
O 68 2723 40a5460000000000
O 69 12971 40c9558000000000
O 70 4820 40b2d40000000000
O 71 15136 40cd900000000000
O 72 7053 40bb8d0000000000
O 73 17437 40d1074000000000
O 74 9422 40c2670000000000
O 75 1441 4096840000000000
O 76 11927 40c74b8000000000
O 77 4014 40af5c0000000000
O 78 14568 40cc740000000000
O 79 6723 40ba430000000000
O 80 17345 40d0f04000000000
O 81 9568 40c2b00000000000
O 82 1825 409c840000000000
O 83 12549 40c8828000000000
O 84 4874 40b30a0000000000
O 85 15666 40ce990000000000
O 86 8059 40bf7b0000000000
O 87 486 407e600000000000
O 88 11380 40c63a0000000000
O 89 3875 40ae460000000000
O 90 14837 40ccfa8000000000
O 91 7400 40bce80000000000
O 92 18430 40d1ff8000000000
O 93 11061 40c59a8000000000
O 94 3726 40ad1c0000000000
O 95 14858 40cd050000000000
O 96 7591 40bda70000000000
O 97 358 4076600000000000
O 98 11592 40c6a40000000000
O 99 4427 40b14b0000000000
O 100 15729 40ceb88000000000
O 101 8632 40c0dc0000000000
O 102 1569 4098840000000000
O 103 12973 40c9568000000000
O 104 5978 40b75a0000000000
O 105 17450 40d10a8000000000
O 106 10523 40c48d8000000000
O 107 3630 40ac5c0000000000
O 108 15204 40cdb20000000000
O 109 8379 40c05d8000000000
O 110 1588 4098d00000000000
O 111 13264 40c9e80000000000
O 112 6541 40b98d0000000000
O 113 18285 40d1db4000000000
O 114 11630 40c6b70000000000
O 115 5009 40b3910000000000
O 116 16855 40d075c000000000
O 117 10302 40c41f0000000000
O 118 3783 40ad8e0000000000
O 119 15731 40ceb98000000000
O 120 9280 40c2200000000000
O 121 2863 40a65e0000000000
O 122 14913 40cd208000000000
O 123 8564 40c0ba0000000000
O 124 2249 40a1920000000000
O 125 14401 40cc208000000000
O 126 8154 40bfda0000000000
O 127 1941 409e540000000000
O 128 14195 40cbb98000000000
O 129 8050 40bf720000000000
O 130 1939 409e4c0000000000
O 131 14295 40cbeb8000000000
O 132 8252 40c01e0000000000
O 133 2243 40a1860000000000
O 134 14701 40ccb68000000000
O 135 8760 40c11c0000000000
O 136 2853 40a64a0000000000
O 137 15413 40ce1a8000000000
O 138 9574 40c2b30000000000
O 139 3769 40ad720000000000
O 140 16431 40d00bc000000000
O 141 10694 40c4e30000000000
O 142 4991 40b37f0000000000
O 143 17755 40d156c000000000
O 144 12120 40c7ac0000000000
O 145 6519 40b9770000000000
O 146 952 408dc00000000000
O 147 13852 40cb0e0000000000
O 148 8353 40c0508000000000
O 149 2888 40a6900000000000
O 150 15890 40cf090000000000
O 151 10493 40c47e8000000000
O 152 5130 40b40a0000000000
O 153 18234 40d1ce8000000000
O 154 12939 40c9458000000000
O 155 7678 40bdfe0000000000
O 156 2451 40a3260000000000
O 157 15691 40cea58000000000
O 158 10532 40c4920000000000
O 159 5407 40b51f0000000000
O 160 316 4073c00000000000
O 161 13692 40cabe0000000000
O 162 8669 40c0ee8000000000
O 163 3680 40acc00000000000
O 164 17158 40d0c18000000000
O 165 12237 40c7e68000000000
O 166 7350 40bcb60000000000
O 167 2497 40a3820000000000
O 168 16111 40cf778000000000
O 169 11326 40c61f0000000000
O 170 6575 40b9af0000000000
O 171 1858 409d080000000000
O 172 15608 40ce7c0000000000
O 173 10959 40c5678000000000
O 174 6344 40b8c80000000000
O 175 1763 409b8c0000000000
O 176 15649 40ce908000000000
O 177 11136 40c5c00000000000
O 178 6657 40ba010000000000
O 179 2212 40a1480000000000
O 180 16234 40cfb50000000000
O 181 11857 40c7288000000000
O 182 7514 40bd5a0000000000
O 183 3205 40a90a0000000000
O 184 17363 40d0f4c000000000
O 185 13122 40c9a10000000000
O 186 8915 40c1698000000000
O 187 4742 40b2860000000000
O 188 603 4082d80000000000
O 189 14931 40cd298000000000
O 190 10860 40c5360000000000
O 191 6823 40baa70000000000
O 192 2820 40a6080000000000
O 193 17284 40d0e10000000000
O 194 13349 40ca128000000000
O 195 9448 40c2740000000000
O 196 5581 40b5cd0000000000
O 197 1748 409b500000000000
O 198 16382 40cfff0000000000
O 199 12617 40c8a48000000000
O 200 8886 40c15b0000000000
O 201 5189 40b4450000000000
O 202 1526 4097d80000000000
O 203 16330 40cfe50000000000
O 204 12735 40c8df8000000000
O 205 9174 40c1eb0000000000
O 206 5647 40b60f0000000000
O 207 2154 40a0d40000000000
O 208 17128 40d0ba0000000000
O 209 13703 40cac38000000000
O 210 10312 40c4240000000000
O 211 6955 40bb2b0000000000
O 212 3632 40ac600000000000
O 213 343 4075700000000000
O 214 15521 40ce508000000000
O 215 12300 40c8060000000000
O 216 9113 40c1cc8000000000
O 217 5960 40b7480000000000
O 218 2841 40a6320000000000
O 219 18189 40d1c34000000000
O 220 15138 40cd910000000000
O 221 12121 40c7ac8000000000
O 222 9138 40c1d90000000000
O 223 6189 40b82d0000000000
O 224 3274 40a9940000000000
O 225 393 4078900000000000
O 226 15979 40cf358000000000
O 227 13166 40c9b70000000000
O 228 10387 40c4498000000000
O 229 7642 40bdda0000000000
O 230 4931 40b3430000000000
O 231 2254 40a19c0000000000
O 232 18044 40d19f0000000000
O 233 15435 40ce258000000000
O 234 12860 40c91e0000000000
O 235 10319 40c4278000000000
O 236 7812 40be840000000000
O 237 5339 40b4db0000000000
O 238 2900 40a6a80000000000
O 239 495 407ef00000000000
O 240 16557 40d02b4000000000
O 241 14220 40cbc60000000000
O 242 11917 40c7468000000000
O 243 9648 40c2d80000000000
O 244 7413 40bcf50000000000
O 245 5212 40b45c0000000000
O 246 3045 40a7ca0000000000
O 247 912 408c800000000000
O 248 17246 40d0d78000000000
O 249 15181 40cda68000000000
O 250 13150 40c9af0000000000
O 251 11153 40c5c88000000000
O 252 9190 40c1f30000000000
O 253 7261 40bc5d0000000000
O 254 5366 40b4f60000000000
O 255 3505 40ab620000000000
O 256 1678 409a380000000000
O 257 18318 40d1e38000000000
O 258 16559 40d02bc000000000
O 259 14834 40ccf90000000000
O 260 13143 40c9ab8000000000
O 261 11486 40c66f0000000000
O 262 9863 40c3438000000000
O 263 8274 40c0290000000000
O 264 6719 40ba3f0000000000
O 265 5198 40b44e0000000000
O 266 3711 40acfe0000000000
O 267 2258 40a1a40000000000
O 268 839 408a380000000000
O 269 17887 40d177c000000000
O 270 16536 40d0260000000000
O 271 15219 40cdb98000000000
O 272 13936 40cb380000000000
O 273 12687 40c8c78000000000
O 274 11472 40c6680000000000
O 275 10291 40c4198000000000
O 276 9144 40c1dc0000000000
O 277 8031 40bf5f0000000000
O 278 6952 40bb280000000000
O 279 5907 40b7130000000000
O 280 4896 40b3200000000000
O 281 3919 40ae9e0000000000
O 282 2976 40a7400000000000
O 283 2067 40a0260000000000
O 284 1192 4092a00000000000
O 285 351 4075f00000000000
O 286 17977 40d18e4000000000
O 287 17204 40d0cd0000000000
O 288 16465 40d0144000000000
O 289 15760 40cec80000000000
O 290 15089 40cd788000000000
O 291 14452 40cc3a0000000000
O 292 13849 40cb0c8000000000
O 293 13280 40c9f00000000000
O 294 12745 40c8e48000000000
O 295 12244 40c7ea0000000000
O 296 11777 40c7008000000000
O 297 11344 40c6280000000000
O 298 10945 40c5608000000000
O 299 10580 40c4aa0000000000
O 300 10249 40c4048000000000
O 301 9952 40c3700000000000
O 302 9689 40c2ec8000000000
O 303 9460 40c27a0000000000
O 304 9265 40c2188000000000
O 305 9104 40c1c80000000000
O 306 8977 40c1888000000000
O 307 8884 40c15a0000000000
O 308 8825 40c13c8000000000
O 309 8800 40c1300000000000
O 310 8809 40c1348000000000
O 311 8852 40c14a0000000000
O 312 8929 40c1708000000000
O 313 9040 40c1a80000000000
O 314 9185 40c1f08000000000
O 315 9364 40c24a0000000000
O 316 9577 40c2b48000000000
O 317 9824 40c3300000000000
O 318 10105 40c3bc8000000000
O 319 10420 40c45a0000000000
O 320 10769 40c5088000000000
O 321 11152 40c5c80000000000
O 322 11569 40c6988000000000
O 323 12020 40c77a0000000000
O 324 12505 40c86c8000000000
O 325 13024 40c9700000000000
O 326 13577 40ca848000000000
O 327 14164 40cbaa0000000000
O 328 14785 40cce08000000000
O 329 15440 40ce280000000000
O 330 16129 40cf808000000000
O 331 16852 40d0750000000000
O 332 17609 40d1324000000000
O 333 18400 40d1f80000000000
O 334 792 4088c00000000000
O 335 1651 4099cc0000000000
O 336 2544 40a3e00000000000
O 337 3471 40ab1e0000000000
O 338 4432 40b1500000000000
O 339 5427 40b5330000000000
O 340 6456 40b9380000000000
O 341 7519 40bd5f0000000000
O 342 8616 40c0d40000000000
O 343 9747 40c3098000000000
O 344 10912 40c5500000000000
O 345 12111 40c7a78000000000
O 346 13344 40ca100000000000
O 347 14611 40cc898000000000
O 348 15912 40cf140000000000
O 349 17247 40d0d7c000000000
O 350 183 4066e00000000000
O 351 1586 4098c80000000000
O 352 3023 40a79e0000000000
O 353 4494 40b18e0000000000
O 354 5999 40b76f0000000000
O 355 7538 40bd720000000000
O 356 9111 40c1cb8000000000
O 357 10718 40c4ef0000000000
O 358 12359 40c8238000000000
O 359 14034 40cb690000000000
O 360 15743 40cebf8000000000
O 361 17486 40d1138000000000
O 362 830 4089f00000000000
O 363 2641 40a4a20000000000
O 364 4486 40b1860000000000
O 365 6365 40b8dd0000000000
O 366 8278 40c02b0000000000
O 367 10225 40c3f88000000000
O 368 12206 40c7d70000000000
O 369 14221 40cbc68000000000
O 370 16270 40cfc70000000000
O 371 18353 40d1ec4000000000
O 372 2037 409fd40000000000
O 373 4188 40b05c0000000000
O 374 6373 40b8e50000000000
O 375 8592 40c0c80000000000
O 376 10845 40c52e8000000000
O 377 13132 40c9a60000000000
O 378 15453 40ce2e8000000000
O 379 17808 40d1640000000000
O 380 1764 409b900000000000
O 381 4187 40b05b0000000000
O 382 6644 40b9f40000000000
O 383 9135 40c1d78000000000
O 384 11660 40c6c60000000000
O 385 14219 40cbc58000000000
O 386 16812 40d06b0000000000
O 387 1006 408f700000000000
O 388 3667 40aca60000000000
O 389 6362 40b8da0000000000
O 390 9091 40c1c18000000000
O 391 11854 40c7270000000000
O 392 14651 40cc9d8000000000
O 393 17482 40d1128000000000
O 394 1914 409de80000000000
O 395 4813 40b2cd0000000000
O 396 7746 40be420000000000
O 397 10713 40c4ec8000000000
O 398 13714 40cac90000000000
O 399 16749 40d05b4000000000
O 400 1385 4095a40000000000
O 401 4488 40b1880000000000
O 402 7625 40bdc90000000000
O 403 10796 40c5160000000000
O 404 14001 40cb588000000000
O 405 17240 40d0d60000000000
O 406 2080 40a0400000000000
O 407 5387 40b50b0000000000
O 408 8728 40c10c0000000000
O 409 12103 40c7a38000000000
O 410 15512 40ce4c0000000000
O 411 522 4080500000000000
O 412 3999 40af3e0000000000
O 413 7510 40bd560000000000
O 414 11055 40c5978000000000
O 415 14634 40cc950000000000
O 416 18247 40d1d1c000000000
O 417 3461 40ab0a0000000000
O 418 7142 40bbe60000000000
O 419 10857 40c5348000000000
O 420 14606 40cc870000000000
O 421 18389 40d1f54000000000
O 422 3773 40ad7a0000000000
O 423 7624 40bdc80000000000
O 424 11509 40c67a8000000000
O 425 15428 40ce220000000000
O 426 948 408da00000000000
O 427 4935 40b3470000000000
O 428 8956 40c17e0000000000
O 429 13011 40c9698000000000
O 430 17100 40d0b30000000000
O 431 2790 40a5cc0000000000
O 432 6947 40bb230000000000
O 433 11138 40c5c10000000000
O 434 15363 40ce018000000000
O 435 1189 4092940000000000
O 436 5482 40b56a0000000000
O 437 9809 40c3288000000000
O 438 14170 40cbad0000000000
O 439 132 4060800000000000
O 440 4561 40b1d10000000000
O 441 9024 40c1a00000000000
O 442 13521 40ca688000000000
O 443 18052 40d1a10000000000
O 444 4184 40b0580000000000
O 445 8783 40c1278000000000
O 446 13416 40ca340000000000
O 447 18083 40d1a8c000000000
O 448 4351 40b0ff0000000000
O 449 9086 40c1bf0000000000
O 450 13855 40cb0f8000000000
O 451 225 406c200000000000
O 452 5062 40b3c60000000000
O 453 9933 40c3668000000000
O 454 14838 40ccfb0000000000
O 455 1344 4095000000000000
O 456 6317 40b8ad0000000000
O 457 11324 40c61e0000000000
O 458 16365 40cff68000000000
O 459 3007 40a77e0000000000
O 460 8116 40bfb40000000000
O 461 13259 40c9e58000000000
O 462 3 4008000000000000
O 463 5214 40b45e0000000000
O 464 10459 40c46d8000000000
O 465 15738 40cebd0000000000
O 466 2618 40a4740000000000
O 467 7965 40bf1d0000000000
O 468 13346 40ca110000000000
O 469 328 4074800000000000
O 470 5777 40b6910000000000
O 471 11260 40c5fe0000000000
O 472 16777 40d0624000000000
O 473 3895 40ae6e0000000000
O 474 9480 40c2840000000000
O 475 15099 40cd7d8000000000
O 476 2319 40a21e0000000000
O 477 8006 40bf460000000000
O 478 13727 40cacf8000000000
O 479 1049 4090640000000000
O 480 6838 40bab60000000000
O 481 12661 40c8ba8000000000
O 482 85 4055400000000000
O 483 5976 40b7580000000000
O 484 11901 40c73e8000000000
O 485 17860 40d1710000000000
O 486 5420 40b52c0000000000
O 487 11447 40c65b8000000000
O 488 17508 40d1190000000000
O 489 5170 40b4320000000000
O 490 11299 40c6118000000000
O 491 17462 40d10d8000000000
O 492 5226 40b46a0000000000
O 493 11457 40c6608000000000
O 494 17722 40d14e8000000000
O 495 5588 40b5d40000000000
O 496 11921 40c7488000000000
O 497 18288 40d1dc0000000000
O 498 6256 40b8700000000000
O 499 12691 40c8c98000000000
O 500 727 4086b80000000000
O 501 7230 40bc3e0000000000
O 502 13767 40cae38000000000
O 503 1905 409dc40000000000
O 504 8510 40c09f0000000000
O 505 15149 40cd968000000000
O 506 3389 40aa7a0000000000
O 507 10096 40c3b80000000000
O 508 16837 40d0714000000000
O 509 5179 40b43b0000000000
O 510 11988 40c76a0000000000
O 511 398 4078e00000000000
O 512 7275 40bc6b0000000000
O 513 14186 40cbb50000000000
O 514 2698 40a5140000000000
O 515 9677 40c2e68000000000
O 516 16690 40d04c8000000000
O 517 5304 40b4b80000000000
O 518 12385 40c8308000000000
O 519 1067 4090ac0000000000
O 520 8216 40c00c0000000000
O 521 15399 40ce138000000000
O 522 4183 40b0570000000000
O 523 11434 40c6550000000000
O 524 286 4071e00000000000
O 525 7605 40bdb50000000000
O 526 14958 40cd370000000000
O 527 3912 40ae900000000000
O 528 11333 40c6228000000000
O 529 355 4076300000000000
O 530 7844 40bea40000000000
O 531 15367 40ce038000000000
O 532 4491 40b18b0000000000
O 533 12082 40c7990000000000
O 534 1274 4093e80000000000
O 535 8933 40c1728000000000
O 536 16626 40d03c8000000000
O 537 5920 40b7200000000000
O 538 13681 40cab88000000000
O 539 3043 40a7c60000000000
O 540 10872 40c53c0000000000
O 541 302 4072e00000000000
O 542 8199 40c0038000000000
O 543 16130 40cf810000000000
O 544 5662 40b61e0000000000
O 545 13661 40caae8000000000
O 546 3261 40a97a0000000000
O 547 11328 40c6200000000000
O 548 996 408f200000000000
O 549 9131 40c1d58000000000
O 550 17300 40d0e50000000000
O 551 7070 40bb9e0000000000
O 552 15307 40cde58000000000
O 553 5145 40b4190000000000
O 554 13450 40ca450000000000
O 555 3356 40aa380000000000
O 556 11729 40c6e88000000000
O 557 1703 409a9c0000000000
O 558 10144 40c3d00000000000
O 559 186 4067400000000000
O 560 8695 40c0fb8000000000
O 561 17238 40d0d58000000000
O 562 7382 40bcd60000000000
O 563 15993 40cf3c8000000000
O 564 6205 40b83d0000000000
O 565 14884 40cd120000000000
O 566 5164 40b42c0000000000
O 567 13911 40cb2b8000000000
O 568 4259 40b0a30000000000
O 569 13074 40c9890000000000
O 570 3490 40ab440000000000
O 571 12373 40c82a8000000000
O 572 2857 40a6520000000000
O 573 11808 40c7100000000000
O 574 2360 40a2700000000000
O 575 11379 40c6398000000000
O 576 1999 409f3c0000000000
O 577 11086 40c5a70000000000
O 578 1774 409bb80000000000
O 579 10929 40c5588000000000
O 580 1685 409a540000000000
O 581 10908 40c54e0000000000
O 582 1732 409b100000000000
O 583 11023 40c5878000000000
O 584 1915 409dec0000000000
O 585 11274 40c6050000000000
O 586 2234 40a1740000000000
O 587 11661 40c6c68000000000
O 588 2689 40a5020000000000
O 589 12184 40c7cc0000000000
O 590 3280 40a9a00000000000
O 591 12843 40c9158000000000
O 592 4007 40af4e0000000000
O 593 13638 40caa30000000000
O 594 4870 40b3060000000000
O 595 14569 40cc748000000000
O 596 5869 40b6ed0000000000
O 597 15636 40ce8a0000000000
O 598 7004 40bb5c0000000000
O 599 16839 40d071c000000000
O 600 8275 40c0298000000000
O 601 18178 40d1c08000000000
O 602 9682 40c2e90000000000
O 603 1220 4093100000000000
O 604 11225 40c5ec8000000000
O 605 2831 40a61e0000000000
O 606 12904 40c9340000000000
O 607 4578 40b1e20000000000
O 608 14719 40ccbf8000000000
O 609 6461 40b93d0000000000
O 610 16670 40d0478000000000
O 611 8480 40c0900000000000
O 612 324 4074400000000000
O 613 10635 40c4c58000000000
O 614 2547 40a3e60000000000
O 615 12926 40c93f0000000000
O 616 4906 40b32a0000000000
O 617 15353 40cdfc8000000000
O 618 7401 40bce90000000000
O 619 17916 40d17f0000000000
O 620 10032 40c3980000000000
O 621 2182 40a10c0000000000
O 622 12799 40c8ff8000000000
O 623 5017 40b3990000000000
O 624 15702 40ceab0000000000
O 625 7988 40bf340000000000
O 626 308 4073400000000000
O 627 11095 40c5ab8000000000
O 628 3483 40ab360000000000
O 629 14338 40cc010000000000
O 630 6794 40ba8a0000000000
O 631 17717 40d14d4000000000
O 632 10241 40c4008000000000
O 633 2799 40a5de0000000000
O 634 13824 40cb000000000000
O 635 6450 40b9320000000000
O 636 17543 40d121c000000000
O 637 10237 40c3fe8000000000
O 638 2965 40a72a0000000000
O 639 14160 40cba80000000000
O 640 6956 40bb2c0000000000
O 641 18219 40d1cac000000000
O 642 11083 40c5a58000000000
O 643 3981 40af1a0000000000
O 644 15346 40cdf90000000000
O 645 8312 40c03c0000000000
O 646 1312 4094800000000000
O 647 12779 40c8f58000000000
O 648 5847 40b6d70000000000
O 649 17382 40d0f98000000000
O 650 10518 40c48b0000000000
O 651 3688 40acd00000000000
O 652 15325 40cdee8000000000
O 653 8563 40c0b98000000000
O 654 1835 409cac0000000000
O 655 13574 40ca830000000000
O 656 6914 40bb020000000000
O 657 288 4072000000000000
O 658 12129 40c7b08000000000
O 659 5571 40b5c30000000000
O 660 17480 40d1120000000000
O 661 10990 40c5770000000000
O 662 4534 40b1b60000000000
O 663 16545 40d0284000000000
O 664 10157 40c3d68000000000
O 665 3803 40adb60000000000
O 666 15916 40cf160000000000
O 667 9630 40c2cf0000000000
O 668 3378 40aa640000000000
O 669 15593 40ce748000000000
O 670 9409 40c2608000000000
O 671 3259 40a9760000000000
O 672 15576 40ce6c0000000000
O 673 9494 40c28b0000000000
O 674 3446 40aaec0000000000
O 675 15865 40cefc8000000000
O 676 9885 40c34e8000000000
O 677 3939 40aec60000000000
O 678 16460 40d0130000000000
O 679 10582 40c4ab0000000000
O 680 4738 40b2820000000000
O 681 17361 40d0f44000000000
O 682 11585 40c6a08000000000
O 683 5843 40b6d30000000000
O 684 135 4060e00000000000
O 685 12894 40c92f0000000000
O 686 7254 40bc560000000000
O 687 1648 4099c00000000000
O 688 14509 40cc568000000000
O 689 8971 40c1858000000000
O 690 3467 40ab160000000000
O 691 16430 40d00b8000000000
O 692 10994 40c5790000000000
O 693 5592 40b5d80000000000
O 694 224 406c000000000000
O 695 13323 40ca058000000000
O 696 8023 40bf570000000000
O 697 2757 40a58a0000000000
O 698 15958 40cf2b0000000000
O 699 10760 40c5040000000000
O 700 5596 40b5dc0000000000
O 701 466 407d200000000000
O 702 13803 40caf58000000000
O 703 8741 40c1128000000000
O 704 3713 40ad020000000000
O 705 17152 40d0c00000000000
O 706 12192 40c7d00000000000
O 707 7266 40bc620000000000
O 708 2374 40a28c0000000000
O 709 15949 40cf268000000000
O 710 11125 40c5ba8000000000
O 711 6335 40b8bf0000000000
O 712 1579 4098ac0000000000
O 713 15290 40cddd0000000000
O 714 10602 40c4b50000000000
O 715 5948 40b73c0000000000
O 716 1328 4094c00000000000
O 717 15175 40cda38000000000
O 718 10623 40c4bf8000000000
O 719 6105 40b7d90000000000
O 720 1621 4099540000000000
O 721 15604 40ce7a0000000000
O 722 11188 40c5da0000000000
O 723 6806 40ba960000000000
O 724 2458 40a3340000000000
O 725 16577 40d0304000000000
O 726 12297 40c8048000000000
O 727 8051 40bf730000000000
O 728 3839 40adfe0000000000
O 729 18094 40d1ab8000000000
O 730 13950 40cb3f0000000000
O 731 9840 40c3380000000000
O 732 5764 40b6840000000000
O 733 1722 409ae80000000000
O 734 16147 40cf898000000000
O 735 12173 40c7c68000000000
O 736 8233 40c0148000000000
O 737 4327 40b0e70000000000
O 738 455 407c700000000000
O 739 15050 40cd650000000000
O 740 11246 40c5f70000000000
O 741 7476 40bd340000000000
O 742 3740 40ad380000000000
O 743 38 4043000000000000
O 744 14803 40cce98000000000
O 745 11169 40c5d08000000000
O 746 7569 40bd910000000000
O 747 4003 40af460000000000
O 748 471 407d700000000000
O 749 15406 40ce170000000000
O 750 11942 40c7530000000000
O 751 8512 40c0a00000000000
O 752 5116 40b3fc0000000000
O 753 1754 409b680000000000
O 754 16859 40d076c000000000
O 755 13565 40ca7e8000000000
O 756 10305 40c4208000000000
O 757 7079 40bba70000000000
O 758 3887 40ae5e0000000000
O 759 729 4086c80000000000
O 760 16038 40cf530000000000
O 761 12948 40c94a0000000000
O 762 9892 40c3520000000000
O 763 6870 40bad60000000000
O 764 3882 40ae540000000000
O 765 928 408d000000000000
O 766 16441 40d00e4000000000
O 767 13555 40ca798000000000
O 768 10703 40c4e78000000000
O 769 7885 40becd0000000000
O 770 5101 40b3ed0000000000
O 771 2351 40a25e0000000000
O 772 18068 40d1a50000000000
O 773 15386 40ce0d0000000000
O 774 12738 40c8e10000000000
O 775 10124 40c3c60000000000
O 776 7544 40bd780000000000
O 777 4998 40b3860000000000
O 778 2486 40a36c0000000000
O 779 8 4020000000000000
O 780 15997 40cf3e8000000000
O 781 13587 40ca898000000000
O 782 11211 40c5e58000000000
O 783 8869 40c1528000000000
O 784 6561 40b9a10000000000
O 785 4287 40b0bf0000000000
O 786 2047 409ffc0000000000
O 787 18274 40d1d88000000000
O 788 16102 40cf730000000000
O 789 13964 40cb460000000000
O 790 11860 40c72a0000000000
O 791 9790 40c31f0000000000
O 792 7754 40be4a0000000000
O 793 5752 40b6780000000000
O 794 3784 40ad900000000000
O 795 1850 409ce80000000000
O 796 18383 40d1f3c000000000
O 797 16517 40d0214000000000
O 798 14685 40ccae8000000000
O 799 12887 40c92b8000000000
O 800 11123 40c5b98000000000
O 801 9393 40c2588000000000
O 802 7697 40be110000000000
O 803 6035 40b7930000000000
O 804 4407 40b1370000000000
O 805 2813 40a5fa0000000000
O 806 1253 4093940000000000
O 807 18160 40d1bc0000000000
O 808 16668 40d0470000000000
O 809 15210 40cdb50000000000
O 810 13786 40caed0000000000
O 811 12396 40c8360000000000
O 812 11040 40c5900000000000
O 813 9718 40c2fb0000000000
O 814 8430 40c0770000000000
O 815 7176 40bc080000000000
O 816 5956 40b7440000000000
O 817 4770 40b2a20000000000
O 818 3618 40ac440000000000
O 819 2500 40a3880000000000
O 820 1416 4096200000000000
O 821 366 4076e00000000000
O 822 17783 40d15dc000000000
O 823 16801 40d0684000000000
O 824 15853 40cef68000000000
O 825 14939 40cd2d8000000000
O 826 14059 40cb758000000000
O 827 13213 40c9ce8000000000
O 828 12401 40c8388000000000
O 829 11623 40c6b38000000000
O 830 10879 40c53f8000000000
O 831 10169 40c3dc8000000000
O 832 9493 40c28a8000000000
O 833 8851 40c1498000000000
O 834 8243 40c0198000000000
O 835 7669 40bdf50000000000
O 836 7129 40bbd90000000000
O 837 6623 40b9df0000000000
O 838 6151 40b8070000000000
O 839 5713 40b6510000000000
O 840 5309 40b4bd0000000000
O 841 4939 40b34b0000000000
O 842 4603 40b1fb0000000000
O 843 4301 40b0cd0000000000
O 844 4033 40af820000000000
O 845 3799 40adae0000000000
O 846 3599 40ac1e0000000000
O 847 3433 40aad20000000000
O 848 3301 40a9ca0000000000
O 849 3203 40a9060000000000
O 850 3139 40a8860000000000
O 851 3109 40a84a0000000000
O 852 3113 40a8520000000000
O 853 3151 40a89e0000000000
O 854 3223 40a92e0000000000
O 855 3329 40aa020000000000
O 856 3469 40ab1a0000000000
O 857 3643 40ac760000000000
O 858 3851 40ae160000000000
O 859 4093 40affa0000000000
O 860 4369 40b1110000000000
O 861 4679 40b2470000000000
O 862 5023 40b39f0000000000
O 863 5401 40b5190000000000
O 864 5813 40b6b50000000000
O 865 6259 40b8730000000000
O 866 6739 40ba530000000000
O 867 7253 40bc550000000000
O 868 7801 40be790000000000
O 869 8383 40c05f8000000000
O 870 8999 40c1938000000000
O 871 9649 40c2d88000000000
O 872 10333 40c42e8000000000
O 873 11051 40c5958000000000
O 874 11803 40c70d8000000000
O 875 12589 40c8968000000000
O 876 13409 40ca308000000000
O 877 14263 40cbdb8000000000
O 878 15151 40cd978000000000
O 879 16073 40cf648000000000
O 880 17029 40d0a14000000000
O 881 18019 40d198c000000000
O 882 610 4083100000000000
O 883 1668 409a100000000000
O 884 2760 40a5900000000000
O 885 3886 40ae5c0000000000
O 886 5046 40b3b60000000000
O 887 6240 40b8600000000000
O 888 7468 40bd2c0000000000
O 889 8730 40c10d0000000000
O 890 10026 40c3950000000000
O 891 11356 40c62e0000000000
O 892 12720 40c8d80000000000
O 893 14118 40cb930000000000
O 894 15550 40ce5f0000000000
O 895 17016 40d09e0000000000
O 896 83 4054c00000000000
O 897 1617 4099440000000000
O 898 3185 40a8e20000000000
O 899 4787 40b2b30000000000
O 900 6423 40b9170000000000
O 901 8093 40bf9d0000000000
O 902 9797 40c3228000000000
O 903 11535 40c6878000000000
O 904 13307 40c9fd8000000000
O 905 15113 40cd848000000000
O 906 16953 40d08e4000000000
O 907 394 4078a00000000000
O 908 2302 40a1fc0000000000
O 909 4244 40b0940000000000
O 910 6220 40b84c0000000000
O 911 8230 40c0130000000000
O 912 10274 40c4110000000000
O 913 12352 40c8200000000000
O 914 14464 40cc400000000000
O 915 16610 40d0388000000000
O 916 357 4076500000000000
O 917 2571 40a4160000000000
O 918 4819 40b2d30000000000
O 919 7101 40bbbd0000000000
O 920 9417 40c2648000000000
O 921 11767 40c6fb8000000000
O 922 14151 40cba38000000000
O 923 16569 40d02e4000000000
O 924 588 4082600000000000
O 925 3074 40a8040000000000
O 926 5594 40b5da0000000000
O 927 8148 40bfd40000000000
O 928 10736 40c4f80000000000
O 929 13358 40ca170000000000
O 930 16014 40cf470000000000
O 931 271 4070f00000000000
O 932 2995 40a7660000000000
O 933 5753 40b6790000000000
O 934 8545 40c0b08000000000
O 935 11371 40c6358000000000
O 936 14231 40cbcb8000000000
O 937 17125 40d0b94000000000
O 938 1620 4099500000000000
O 939 4582 40b1e60000000000
O 940 7578 40bd9a0000000000
O 941 10608 40c4b80000000000
O 942 13672 40cab40000000000
O 943 16770 40d0608000000000
O 944 1469 4096f40000000000
O 945 4635 40b21b0000000000
O 946 7835 40be9b0000000000
O 947 11069 40c59e8000000000
O 948 14337 40cc008000000000
O 949 17639 40d139c000000000
O 950 2542 40a3dc0000000000
O 951 5912 40b7180000000000
O 952 9316 40c2320000000000
O 953 12754 40c8e90000000000
O 954 16226 40cfb10000000000
O 955 1299 40944c0000000000
O 956 4839 40b2e70000000000
O 957 8413 40c06e8000000000
O 958 12021 40c77a8000000000
O 959 15663 40ce978000000000
O 960 906 408c500000000000
O 961 4616 40b2080000000000
O 962 8360 40c0540000000000
O 963 12138 40c7b50000000000
O 964 15950 40cf270000000000
O 965 1363 40954c0000000000
O 966 5243 40b47b0000000000
O 967 9157 40c1e28000000000
O 968 13105 40c9988000000000
O 969 17087 40d0afc000000000
O 970 2670 40a4dc0000000000
O 971 6720 40ba400000000000
O 972 10804 40c51a0000000000
O 973 14922 40cd250000000000
O 974 641 4084080000000000
O 975 4827 40b2db0000000000
O 976 9047 40c1ab8000000000
O 977 13301 40c9fa8000000000
O 978 17589 40d12d4000000000
O 979 3478 40ab2c0000000000
O 980 7834 40be9a0000000000
O 981 12224 40c7e00000000000
O 982 16648 40d0420000000000
O 983 2673 40a4e20000000000
O 984 7165 40bbfd0000000000
O 985 11691 40c6d58000000000
O 986 16251 40cfbd8000000000
O 987 2412 40a2d80000000000
O 988 7040 40bb800000000000
O 989 11702 40c6db0000000000
O 990 16398 40d0038000000000
O 991 2695 40a50e0000000000
O 992 7459 40bd230000000000
O 993 12257 40c7f08000000000
O 994 17089 40d0b04000000000
O 995 3522 40ab840000000000
O 996 8422 40c0730000000000
O 997 13356 40ca160000000000
O 998 18324 40d1e50000000000
O 999 4893 40b31d0000000000
O 1000 9929 40c3648000000000
O 1001 14999 40cd4b8000000000
O 1002 1670 409a180000000000
O 1003 6808 40ba980000000000
O 1004 11980 40c7660000000000
O 1005 17186 40d0c88000000000
O 1006 3993 40af320000000000
O 1007 9267 40c2198000000000
O 1008 14575 40cc778000000000
O 1009 1484 4097300000000000
O 1010 6860 40bacc0000000000
O 1011 12270 40c7f70000000000
O 1012 17714 40d14c8000000000
O 1013 4759 40b2970000000000
O 1014 10271 40c40f8000000000
O 1015 15817 40cee48000000000
O 1016 2964 40a7280000000000
O 1017 8578 40c0c10000000000
O 1018 14226 40cbc90000000000
O 1019 1475 40970c0000000000
O 1020 7191 40bc170000000000
O 1021 12941 40c9468000000000
O 1022 292 4072400000000000
O 1023 6110 40b7de0000000000
O 1024 11962 40c75d0000000000
O 1025 17848 40d16e0000000000
O 1026 5335 40b4d70000000000
O 1027 11289 40c60c8000000000
O 1028 17277 40d0df4000000000
O 1029 4866 40b3020000000000
O 1030 10922 40c5550000000000
O 1031 17012 40d09d0000000000
O 1032 4703 40b25f0000000000
O 1033 10861 40c5368000000000
O 1034 17053 40d0a74000000000
O 1035 4846 40b2ee0000000000
O 1036 11106 40c5b10000000000
O 1037 17400 40d0fe0000000000
O 1038 5295 40b4af0000000000
O 1039 11657 40c6c48000000000
O 1040 18053 40d1a14000000000
O 1041 6050 40b7a20000000000
O 1042 12514 40c8710000000000
O 1043 579 4082180000000000
O 1044 7111 40bbc70000000000
O 1045 13677 40cab68000000000
O 1046 1844 409cd00000000000
O 1047 8478 40c08f0000000000
O 1048 15146 40cd950000000000
O 1049 3415 40aaae0000000000
O 1050 10151 40c3d38000000000
O 1051 16921 40d0864000000000
O 1052 5292 40b4ac0000000000
O 1053 12130 40c7b10000000000
O 1054 569 4081c80000000000
O 1055 7475 40bd330000000000
O 1056 14415 40cc278000000000
O 1057 2956 40a7180000000000
O 1058 9964 40c3760000000000
O 1059 17006 40d09b8000000000
O 1060 5649 40b6110000000000
O 1061 12759 40c8eb8000000000
O 1062 1470 4096f80000000000
O 1063 8648 40c0e40000000000
O 1064 15860 40cefa0000000000
O 1065 4673 40b2410000000000
O 1066 11953 40c7588000000000
O 1067 834 408a100000000000
O 1068 8182 40bff60000000000
O 1069 15564 40ce660000000000
O 1070 4547 40b1c30000000000
O 1071 11997 40c76e8000000000
O 1072 1048 4090600000000000
O 1073 8566 40c0bb0000000000
O 1074 16118 40cf7b0000000000
O 1075 5271 40b4970000000000
O 1076 12891 40c92d8000000000
O 1077 2112 40a0800000000000
O 1078 9800 40c3240000000000
O 1079 17522 40d11c8000000000
O 1080 6845 40babd0000000000
O 1081 14635 40cc958000000000
O 1082 4026 40af740000000000
O 1083 11884 40c7360000000000
O 1084 1343 4094fc0000000000
O 1085 9269 40c21a8000000000
O 1086 17229 40d0d34000000000
O 1087 6790 40ba860000000000
O 1088 14818 40ccf10000000000
O 1089 4447 40b15f0000000000
O 1090 12543 40c87f8000000000
O 1091 2240 40a1800000000000
O 1092 10404 40c4520000000000
O 1093 169 4065200000000000
O 1094 8401 40c0688000000000
O 1095 16667 40d046c000000000
O 1096 6534 40b9860000000000
O 1097 14868 40cd0a0000000000
O 1098 4803 40b2c30000000000
O 1099 13205 40c9ca8000000000
O 1100 3208 40a9100000000000
O 1101 11678 40c6cf0000000000
O 1102 1749 409b540000000000
O 1103 10287 40c4178000000000
O 1104 426 407aa00000000000
O 1105 9032 40c1a40000000000
O 1106 17672 40d1420000000000
O 1107 7913 40bee90000000000
O 1108 16621 40d03b4000000000
O 1109 6930 40bb120000000000
O 1110 15706 40cead0000000000
O 1111 6083 40b7c30000000000
O 1112 14927 40cd278000000000
O 1113 5372 40b4fc0000000000
O 1114 14284 40cbe60000000000
O 1115 4797 40b2bd0000000000
O 1116 13777 40cae88000000000
O 1117 4358 40b1060000000000
O 1118 13406 40ca2f0000000000
O 1119 4055 40afae0000000000
O 1120 13171 40c9b98000000000
O 1121 3888 40ae600000000000
O 1122 13072 40c9880000000000
O 1123 3857 40ae220000000000
O 1124 13109 40c99a8000000000
O 1125 3962 40aef40000000000
O 1126 13282 40c9f10000000000
O 1127 4203 40b06b0000000000
O 1128 13591 40ca8b8000000000
O 1129 4580 40b1e40000000000
O 1130 14036 40cb6a0000000000
O 1131 5093 40b3e50000000000
O 1132 14617 40cc8c8000000000
O 1133 5742 40b66e0000000000
O 1134 15334 40cdf30000000000
O 1135 6527 40b97f0000000000
O 1136 16187 40cf9d8000000000
O 1137 7448 40bd180000000000
O 1138 17176 40d0c60000000000
O 1139 8505 40c09c8000000000
O 1140 18301 40d1df4000000000
O 1141 9698 40c2f10000000000
O 1142 1129 4091a40000000000
O 1143 11027 40c5898000000000
O 1144 2526 40a3bc0000000000
O 1145 12492 40c8660000000000
O 1146 4059 40afb60000000000
O 1147 14093 40cb868000000000
O 1148 5728 40b6600000000000
O 1149 15830 40ceeb0000000000
O 1150 7533 40bd6d0000000000
O 1151 17703 40d149c000000000
O 1152 9474 40c2810000000000
O 1153 1279 4093fc0000000000
O 1154 11551 40c68f8000000000
O 1155 3424 40aac00000000000
O 1156 13764 40cae20000000000
O 1157 5705 40b6490000000000
O 1158 16113 40cf788000000000
O 1159 8122 40bfba0000000000
O 1160 165 4064a00000000000
O 1161 10675 40c4d98000000000
O 1162 2786 40a5c40000000000
O 1163 13364 40ca1a0000000000
O 1164 5543 40b5a70000000000
O 1165 16189 40cf9e8000000000
O 1166 8436 40c07a0000000000
O 1167 717 4086680000000000
O 1168 11465 40c6648000000000
O 1169 3814 40adcc0000000000
O 1170 14630 40cc930000000000
O 1171 7047 40bb870000000000
O 1172 17931 40d182c000000000
O 1173 10416 40c4580000000000
O 1174 2935 40a6ee0000000000
O 1175 13921 40cb308000000000
O 1176 6508 40b96c0000000000
O 1177 17562 40d1268000000000
O 1178 10217 40c3f48000000000
O 1179 2906 40a6b40000000000
O 1180 14062 40cb770000000000
O 1181 6819 40baa30000000000
O 1182 18043 40d19ec000000000
O 1183 10868 40c53a0000000000
O 1184 3727 40ad1e0000000000
O 1185 15053 40cd668000000000
O 1186 7980 40bf2c0000000000
O 1187 941 408d680000000000
O 1188 12369 40c8288000000000
O 1189 5398 40b5160000000000
O 1190 16894 40d07f8000000000
O 1191 9991 40c3838000000000
O 1192 3122 40a8640000000000
O 1193 14720 40ccc00000000000
O 1194 7919 40beef0000000000
O 1195 1152 4092000000000000
O 1196 12852 40c91a0000000000
O 1197 6153 40b8090000000000
O 1198 17921 40d1804000000000
O 1199 11290 40c60d0000000000
O 1200 4693 40b2550000000000
O 1201 16563 40d02cc000000000
O 1202 10034 40c3990000000000
O 1203 3539 40aba60000000000
O 1204 15511 40ce4b8000000000
O 1205 9084 40c1be0000000000
O 1206 2691 40a5060000000000
O 1207 14765 40ccd68000000000
O 1208 8440 40c07c0000000000
O 1209 2149 40a0ca0000000000
O 1210 14325 40cbfa8000000000
O 1211 8102 40bfa60000000000
O 1212 1913 409de40000000000
O 1213 14191 40cbb78000000000
O 1214 8070 40bf860000000000
O 1215 1983 409efc0000000000
O 1216 14363 40cc0d8000000000
O 1217 8344 40c04c0000000000
O 1218 2359 40a26e0000000000
O 1219 14841 40ccfc8000000000
O 1220 8924 40c16e0000000000
O 1221 3041 40a7c20000000000
O 1222 15625 40ce848000000000
O 1223 9810 40c3290000000000
O 1224 4029 40af7a0000000000
O 1225 16715 40d052c000000000
O 1226 11002 40c57d0000000000
O 1227 5323 40b4cb0000000000
O 1228 18111 40d1afc000000000
O 1229 12500 40c86a0000000000
O 1230 6923 40bb0b0000000000
O 1231 1380 4095900000000000
O 1232 14304 40cbf00000000000
O 1233 8829 40c13e8000000000
O 1234 3388 40aa780000000000
O 1235 16414 40d0078000000000
O 1236 11041 40c5908000000000
O 1237 5702 40b6460000000000
O 1238 397 4078d00000000000
O 1239 13559 40ca7b8000000000
O 1240 8322 40c0410000000000
O 1241 3119 40a85e0000000000
O 1242 16383 40cfff8000000000
O 1243 11248 40c5f80000000000
O 1244 6147 40b8030000000000
O 1245 1080 4090e00000000000
O 1246 14480 40cc480000000000
O 1247 9481 40c2848000000000
O 1248 4516 40b1a40000000000
O 1249 18018 40d1988000000000
O 1250 13121 40c9a08000000000
O 1251 8258 40c0210000000000
O 1252 3429 40aaca0000000000
O 1253 17067 40d0aac000000000
O 1254 12306 40c8090000000000
O 1255 7579 40bd9b0000000000
O 1256 2886 40a68c0000000000
O 1257 16660 40d0450000000000
O 1258 12035 40c7818000000000
O 1259 7444 40bd140000000000
O 1260 2887 40a68e0000000000
O 1261 16797 40d0674000000000
O 1262 12308 40c80a0000000000
O 1263 7853 40bead0000000000
O 1264 3432 40aad00000000000
O 1265 17478 40d1118000000000
O 1266 13125 40c9a28000000000
O 1267 8806 40c1330000000000
O 1268 4521 40b1a90000000000
O 1269 270 4070e00000000000
O 1270 14486 40cc4b0000000000
O 1271 10303 40c41f8000000000
O 1272 6154 40b80a0000000000
O 1273 2039 409fdc0000000000
O 1274 16391 40d001c000000000
O 1275 12344 40c81c0000000000
O 1276 8331 40c0458000000000
O 1277 4352 40b1000000000000
O 1278 407 4079700000000000
O 1279 14929 40cd288000000000
O 1280 11052 40c5960000000000
O 1281 7209 40bc290000000000
O 1282 3400 40aa900000000000
O 1283 18058 40d1a28000000000
O 1284 14317 40cbf68000000000
O 1285 10610 40c4b90000000000
O 1286 6937 40bb190000000000
O 1287 3298 40a9c40000000000
O 1288 18126 40d1b38000000000
O 1289 14555 40cc6d8000000000
O 1290 11018 40c5850000000000
O 1291 7515 40bd5b0000000000
O 1292 4046 40af9c0000000000
O 1293 611 4083180000000000
O 1294 15643 40ce8d8000000000
O 1295 12276 40c7fa0000000000
O 1296 8943 40c1778000000000
O 1297 5644 40b60c0000000000
O 1298 2379 40a2960000000000
O 1299 17581 40d12b4000000000
O 1300 14384 40cc180000000000
O 1301 11221 40c5ea8000000000
O 1302 8092 40bf9c0000000000
O 1303 4997 40b3850000000000
O 1304 1936 409e400000000000
O 1305 17342 40d0ef8000000000
O 1306 14349 40cc068000000000
O 1307 11390 40c63f0000000000
O 1308 8465 40c0888000000000
O 1309 5574 40b5c60000000000
O 1310 2717 40a53a0000000000
O 1311 18327 40d1e5c000000000
O 1312 15538 40ce590000000000
O 1313 12783 40c8f78000000000
O 1314 10062 40c3a70000000000
O 1315 7375 40bccf0000000000
O 1316 4722 40b2720000000000
O 1317 2103 40a06e0000000000
O 1318 17951 40d187c000000000
O 1319 15400 40ce140000000000
O 1320 12883 40c9298000000000
O 1321 10400 40c4500000000000
O 1322 7951 40bf0f0000000000
O 1323 5536 40b5a00000000000
O 1324 3155 40a8a60000000000
O 1325 808 4089400000000000
O 1326 16928 40d0880000000000
O 1327 14649 40cc9c8000000000
O 1328 12404 40c83a0000000000
O 1329 10193 40c3e88000000000
O 1330 8016 40bf500000000000
O 1331 5873 40b6f10000000000
O 1332 3764 40ad680000000000
O 1333 1689 409a640000000000
O 1334 18081 40d1a84000000000
O 1335 16074 40cf650000000000
O 1336 14101 40cb8a8000000000
O 1337 12162 40c7c10000000000
O 1338 10257 40c4088000000000
O 1339 8386 40c0610000000000
O 1340 6549 40b9950000000000
O 1341 4746 40b28a0000000000
O 1342 2977 40a7420000000000
O 1343 1242 4093680000000000
O 1344 17974 40d18d8000000000
O 1345 16307 40cfd98000000000
O 1346 14674 40cca90000000000
O 1347 13075 40c9898000000000
O 1348 11510 40c67b0000000000
O 1349 9979 40c37d8000000000
O 1350 8482 40c0910000000000
O 1351 7019 40bb6b0000000000
O 1352 5590 40b5d60000000000
O 1353 4195 40b0630000000000
O 1354 2834 40a6240000000000
O 1355 1507 40978c0000000000
O 1356 214 406ac00000000000
O 1357 17388 40d0fb0000000000
O 1358 16163 40cf918000000000
O 1359 14972 40cd3e0000000000
O 1360 13815 40cafb8000000000
O 1361 12692 40c8ca0000000000
O 1362 11603 40c6a98000000000
O 1363 10548 40c49a0000000000
O 1364 9527 40c29b8000000000
O 1365 8540 40c0ae0000000000
O 1366 7587 40bda30000000000
O 1367 6668 40ba0c0000000000
O 1368 5783 40b6970000000000
O 1369 4932 40b3440000000000
O 1370 4115 40b0130000000000
O 1371 3332 40aa080000000000
O 1372 2583 40a42e0000000000
O 1373 1868 409d300000000000
O 1374 1187 40928c0000000000
O 1375 540 4080e00000000000
O 1376 18360 40d1ee0000000000
O 1377 17781 40d15d4000000000
O 1378 17236 40d0d50000000000
O 1379 16725 40d0554000000000
O 1380 16248 40cfbc0000000000
O 1381 15805 40cede8000000000
O 1382 15396 40ce120000000000
O 1383 15021 40cd568000000000
O 1384 14680 40ccac0000000000
O 1385 14373 40cc128000000000
O 1386 14100 40cb8a0000000000
O 1387 13861 40cb128000000000
O 1388 13656 40caac0000000000
O 1389 13485 40ca568000000000
O 1390 13348 40ca120000000000
O 1391 13245 40c9de8000000000
O 1392 13176 40c9bc0000000000
O 1393 13141 40c9aa8000000000
O 1394 13140 40c9aa0000000000
O 1395 13173 40c9ba8000000000
O 1396 13240 40c9dc0000000000
O 1397 13341 40ca0e8000000000
O 1398 13476 40ca520000000000
O 1399 13645 40caa68000000000
O 1400 13848 40cb0c0000000000
O 1401 14085 40cb828000000000
O 1402 14356 40cc0a0000000000
O 1403 14661 40cca28000000000
O 1404 15000 40cd4c0000000000
O 1405 15373 40ce068000000000
O 1406 15780 40ced20000000000
O 1407 16221 40cfae8000000000
O 1408 16696 40d04e0000000000
O 1409 17205 40d0cd4000000000
O 1410 17748 40d1550000000000
O 1411 18325 40d1e54000000000
O 1412 503 407f700000000000
O 1413 1148 4091f00000000000
O 1414 1827 409c8c0000000000
O 1415 2540 40a3d80000000000
O 1416 3287 40a9ae0000000000
O 1417 4068 40afc80000000000
O 1418 4883 40b3130000000000
O 1419 5732 40b6640000000000
O 1420 6615 40b9d70000000000
O 1421 7532 40bd6c0000000000
O 1422 8483 40c0918000000000
O 1423 9468 40c27e0000000000
O 1424 10487 40c47b8000000000
O 1425 11540 40c68a0000000000
O 1426 12627 40c8a98000000000
O 1427 13748 40cada0000000000
O 1428 14903 40cd1b8000000000
O 1429 16092 40cf6e0000000000
O 1430 17315 40d0e8c000000000
O 1431 139 4061600000000000
O 1432 1430 4096580000000000
O 1433 2755 40a5860000000000
O 1434 4114 40b0120000000000
O 1435 5507 40b5830000000000
O 1436 6934 40bb160000000000
O 1437 8395 40c0658000000000
O 1438 9890 40c3510000000000
O 1439 11419 40c64d8000000000
O 1440 12982 40c95b0000000000
O 1441 14579 40cc798000000000
O 1442 16210 40cfa90000000000
O 1443 17875 40d174c000000000
O 1444 1141 4091d40000000000
O 1445 2874 40a6740000000000
O 1446 4641 40b2210000000000
O 1447 6442 40b92a0000000000
O 1448 8277 40c02a8000000000
O 1449 10146 40c3d10000000000
O 1450 12049 40c7888000000000
O 1451 13986 40cb510000000000
O 1452 15957 40cf2a8000000000
O 1453 17962 40d18a8000000000
O 1454 1568 4098800000000000
O 1455 3641 40ac720000000000
O 1456 5748 40b6740000000000
O 1457 7889 40bed10000000000
O 1458 10064 40c3a80000000000
O 1459 12273 40c7f88000000000
O 1460 14516 40cc5a0000000000
O 1461 16793 40d0664000000000
O 1462 671 4084f80000000000
O 1463 3016 40a7900000000000
O 1464 5395 40b5130000000000
O 1465 7808 40be800000000000
O 1466 10255 40c4078000000000
O 1467 12736 40c8e00000000000
O 1468 15251 40cdc98000000000
O 1469 17800 40d1620000000000
O 1470 1950 409e780000000000
O 1471 4567 40b1d70000000000
O 1472 7218 40bc320000000000
O 1473 9903 40c3578000000000
O 1474 12622 40c8a70000000000
O 1475 15375 40ce078000000000
O 1476 18162 40d1bc8000000000
O 1477 2550 40a3ec0000000000
O 1478 5405 40b51d0000000000
O 1479 8294 40c0330000000000
O 1480 11217 40c5e88000000000
O 1481 14174 40cbaf0000000000
O 1482 17165 40d0c34000000000
O 1483 1757 409b740000000000
O 1484 4816 40b2d00000000000
O 1485 7909 40bee50000000000
O 1486 11036 40c58e0000000000
O 1487 14197 40cbba8000000000
O 1488 17392 40d0fc0000000000
O 1489 2188 40a1180000000000
O 1490 5451 40b54b0000000000
O 1491 8748 40c1160000000000
O 1492 12079 40c7978000000000
O 1493 15444 40ce2a0000000000
O 1494 410 4079a00000000000
O 1495 3843 40ae060000000000
O 1496 7310 40bc8e0000000000
O 1497 10811 40c51d8000000000
O 1498 14346 40cc050000000000
O 1499 17915 40d17ec000000000
O 1500 3085 40a81a0000000000
O 1501 6722 40ba420000000000
O 1502 10393 40c44c8000000000
O 1503 14098 40cb890000000000
O 1504 17837 40d16b4000000000
O 1505 3177 40a8d20000000000
O 1506 6984 40bb480000000000
O 1507 10825 40c5248000000000
O 1508 14700 40ccb60000000000
O 1509 176 4066000000000000
O 1510 4119 40b0170000000000
O 1511 8096 40bfa00000000000
O 1512 12107 40c7a58000000000
O 1513 16152 40cf8c0000000000
O 1514 1798 409c180000000000
O 1515 5911 40b7170000000000
O 1516 10058 40c3a50000000000
O 1517 14239 40cbcf8000000000
O 1518 21 4035000000000000
O 1519 4270 40b0ae0000000000
O 1520 8553 40c0b48000000000
O 1521 12870 40c9230000000000
O 1522 17221 40d0d14000000000
O 1523 3173 40a8ca0000000000
O 1524 7592 40bda80000000000
O 1525 12045 40c7868000000000
O 1526 16532 40d0250000000000
O 1527 2620 40a4780000000000
O 1528 7175 40bc070000000000
O 1529 11764 40c6fa0000000000
O 1530 16387 40d000c000000000
O 1531 2611 40a4660000000000
O 1532 7302 40bc860000000000
O 1533 12027 40c77d8000000000
O 1534 16786 40d0648000000000
O 1535 3146 40a8940000000000
F
V 41563c1a33c1ea47 c0ff29782cfd8490 4102b74f5b9a9ca0 4113d1bd83b902aa c1061fa1c747f7fd c0e88665a726cae0 c0f24d8b1ba39980 c0f10f1a50ed4758 4111e7d9adde4e5d c104d0b08358345c 40f9be5a01b091b2 40cc26ce6d0ed63a c0d8e431cd3ad42b 40dc31144955473d c0e60bb496dff74e c0de9e816f1e53ac c0fd73d8d9352727 4113148ec2db6574 c0e3585a1436d91a 4106c08d9fa90540 c105683b2639571f 40eac09846760f22 c0d2e84cea37ecb1 c0f90420d373095f c0f04a8a6a37185b 4100a791aee8ce54 41023daa4c62f40d 40facd35297032e6 40f156204ff41f35 40d0d4cb883795b4 c0ee723e2f733fca 40f62c94629df278 c0edd61f4d32ac78 40f5f92f23dda711 40f697269189910c c0ef833b8e4d97a4 c1005ae9643a1752 40e1bde11519aec8 c0f4bc0a5bbb2160 40e2e15bbd7ca816 c0ed98993a9337b8 40e4efcf1965a1f3 40e3adb9ea31b544 c111eee7686212d4 c11554613e15aad1 c0f0b17028b17d7b 40f600cee32f7daf 40bdd40ae7456cb0 40b01c8f8f12c900 c1055c70f0e69961 c0d92b0ae4dac4a8 c0f0958ffef834e6 41043190797a3cd0 411155eaffaece98 c0f95749f70c0e72 40fd82cf96971906 40f6ca5fd36d62da 4106ff83ba38dc1f c0e8e6ada551aa68 4110b317b384e91c c0e6e8eb13d97a94 40dbfc875a73d0a8 c112c7f17a0b5c72 410dba2a2ee6a06e 41007df870b7c344 40e97c778856d044 41111990149dc0cd c0f0eaed27d787b3 c0e947caf1f15660 c1048de3890975c6 40e232c3e953e6f4 40e5d8b89cc1625e 40e57bf9a61e2dad 40f9f546dfb93740 40bf849ee1a42490 c0d6e3582a2ff6c2 40e680edd56890e2 c0fc133d838d4eca c0e36bf576022591 40f28104167431bc c1094643ce5661d9 c104eaf5a73379f0 c104ad035b1ab63e 40fee03c07a7d954 40f2e7e706faef94 c0e8a7a9815ab4b9 410453d590dedef8 c0e6cb8c46f77838 c101595899502a95 c10a65328bb8998c c10056f1ab3e157d c1026a1629eeafc4 41047531edd9310a c0f00c15c5cc57a0 4100d9ee223ea873 c0dbb375ce8a9754 40f6e3a7abba07ee 40f1de481523d293 4110c1c3ea0a3194 41038b1653df2ab4 c101270432223cec 40b8b714505d2270 4105bb871f2521e0 40fc99823916d12e c0d1fa9f7d5ac4e8 c1015ffd36fe1d49 40ddd5086cdf6822 40f64e2895574a8c 4104f561ac0a90ab 40fc9a3a3ec69cf2 40f6982a84f355e8 c1095e848b209cde c0f404d49446fe57 c0ed5b4763dc777d 4100c3ce8e1562cb 40f42236b8bababe 40f038c52a842a0e c0eacdbcb8cc5d85 410044e5a0952a9a c1014a0f0b327208 41093483fa072ae7 c0ed99fa20f20e9e c116493f6f4f91fc 40c2a6829a718050 c1148d25644ff37e 40e2cd839c0c766c c105d0d3a6cf00ee 40f09fd0630e3a11 c10b1b1a7ff2d1fc c10897757356c752 c0d6cedb779c3f2c c0f0c7463d3efb46 c1085eef44e03287 c0f665eec92ddcb2 c0e20915f1710e58 c0d01409df092d22 c101e68ed282868c 4101a82d6e9cf099 40ff22e7ec6757c7 c0f9afe9281b8ff6 c10e4cfa397d28b8 40f278776f14059f 40f19771be8914f9 c11784f86a6f7937 4112afd70bdf4a7f 40fa08b41c8b7e7f c0fb559522806401 c0c1b611a8d0c7e8 40d1f3be0f433a1e 410798c943b27fdc c0ea556ed140c13c 410c7f371a1b6b8b c100e78deb27af93 c0eda0ce04fb4ff8 c0f9e8f6ad405ab5 410a4ae9ce6887a1 c0f7024cf89115f4 c0b8cc4cc9a5fda8 4106e6e69ce8ba64 40fcd8cfd0cae141 40ee4e1b4da9012b 40dd632bb018effc 411187b9381fd82c c0ff7525984d5053 c1093ee6919ac2b9 410150ad4b97b630 c0f9872c6de384e6 c11039700458cbd7 4103265f7e7fae44 c104642ad7960a5b c0f35513cb89063a c0e36fa55b0ce8bc 40c92f8d8faf39c8 c10e12865e75ab35 40ec3d9a02acee12 4103afd159559f48 c0f4155f15c625f8 40a75a5fad94a9b0 40edff9d37bf7c64 c0faf078519c59e2 40ffc4341d7bb9e5 40fc17c132917678 410641d6691e35a8 c0d7db736927f68c c108fa03059ebc01 c1020b3d07242a62 410091afa106519c c0f7fef8d72b8f46 40eabf20d5261498 c0ea946036c81fc6 c1064b59c8fa5fd6 c0fbf2ce9bf8f59f 41290da2c4e5cd50 410df73e393d4066 c0ebdb8e647b4730 c0ee616f1551036c c0d722b8f1ec2250 40ede07c3ddb95dc 40ffb90823acea1f 410bb953aa10798e 40fff358f79a7876 c0ead94038730088 c0f9e373f35242fb c0fb43bff5ec701d c0f5f71259b61f92 40fbdee85f968a6b 40fdeb0c4e7abc84 40e3768726cd4a94 c1052df6dba59b0c c10f5d8c2b4bc2ed 40e127e8df80bee7 c0fb788887931a86 41129a223577ac72 c0f6eebf2babc2b6 40fa4ee5c53db974 c0f25332c9cb05bd 410102bb850dc9a8 4105dbf5d33d82cc 40f9cc3a1f7d3788 40ff2dfbef370488 c10269a633761eb5 c0fd3a9d25541cba c0e68c35ab12cfe0 410d7f555487caad 40f4ae8dde90c765 40f98ab51dda9030 40c5b4b1c415efe4 c100624020d023e6 4119e3f2148cd28c 40b1b11bfa078820 c0ef679e283500dc 40b2cbaaaa6163a0 40f7c14319a1c6aa c10055b459eb0c66 4103da440b9ce6ce 4105e77e3b2ff39e c10dd71b0c2f6231 40e04be75e2e3970 c0d39c3d6f9f31a8 4101a48771b667e6 c100e2479e755e74 c0f33a0a790d7ff6 c0e605a053cdd25e c1041fa26f31f7a0 4115ec0c4d34afe8 40d7d603b15da328 41180fa497ad9f7c c0972a360ee5e400 40f03f1c1a83d6d2 c101ca5e1adc8763 40f6db8350eeb46c c0d37576720fbc40 4109ae48e7a4445b 41163d0b1c1d0940 40f20cbd7410b7a2 410ac999614c339d 40f3fbccb3da9962 410e3ac8c292aad3 c0c5cbdcc42cbbaf 40d3307257d59964 c0e09b7aa2585978 410209bd4df1d3bf 410753fa8e5d03c3 c0edf3b1ad417854 410f9612200e4fee c0f5e952f0d88909 40e7ae4840704fdb 40dadb12437373f8 40f43bcdbfe32119 4100a4a051723340 c0a5897384b8bb18 40b65266d7373f00 c0f0c14877710468 41061a3a746577d0 c0f7a5093f69a6ef 4103d24e5a2b5e84 c0dad5fbb7b6bd94 410a04461cc04ffa 40f3caff77a2faef 4105e581da31187a 40f53792f2127a16 c0f8be76e494e063 4111e071cf824a01 c0c9fd088cda6d40 40c4c501b88209a0 40f6e9b7d83c6ffd 4105e6749fb7daec c0fca52c32be5b8c 4103127f2a915e34 c0f5ebd2c1643432 c0fa90915cf9093a 40eb1a0085747161 41008679b4dbef0c 40e7eb3179e2fd40 c0ff500b75dcf0b0 41047b55ae10b8a5 40f00cd75ccb2d9d 40f685911d410e56 410fad2e07c39666 c0b3f3e565745d00 c0fbda4e9d221d1b 40ebddd2e809d28e c0f3bc25d9834e74 411369ab9d342ed2 40ebb1dd0c1dede3 c106dc02f325272a 40f6dfc038f5fdb3 c0c14c4cffd73430 40fe9f5831e6d1d7 40ea3e0af07f6ea2 40e33b016ce1e809 c0b145aa5458e1b8 40fb519b61c609db c10ff235179da1fa c0eb53e8299b1547 411046c1c4b1667a c0f178df09dbdcf7 41063f79fb0429c8 40d1248e3767cbe8 40fff9c842f01292 410c3c925a9e5ef4 40fad9895e5958d9 40ec64e0178b9b4c 40f249ff20718318 c0db785ee44e9998 c0e79d62d9d76836 c10930bf245f80ba 4106c0aa7399f6c3 40fa8f16fb0328bc c110b49aa4841828 41146a5caa0597e1 40f93ffa2e60eab6 c10f36c66e30b45c 40efca08e4ef5400 40f3f5e05cf13d83 c0f43a2590263de8 410446996fac85f6 c0eb15d47761ab37 c0ebc25fbdc9f6d9 40fbbb9c7d5b3118 c0dfba288b6d3920 c0f5320eb0851652 c10e0bad8039af7a 40faf025c9a3b363 410142c8518119e8 c1148ba3ffd704de c0b85db0c1aa76e0 c0f74efd5cbcd891 c0e23330e95f2c52 c105282ab45053de 40f7e1a5ca8f0b90 40eabe178cf3c338 c10b83b5e5f93762 c0e190469a62d5ec 410d29dd51bfdb39 4104e3b5a8fc2465 40df04b3cc013e08 c1062af69ef98be0 c100a51e803523b6 c0fce9bdd207c926 c1054ab10aac8eb8 40f0587cae57088a c110a7791d689962 c10858137ccf1c45 41037e950ea807ce 40e991e8e1b677f5 41072800a90e5e5d 4104d598728f64c1 40ff561f80fef1f0 c1008b3985709114 c105db58de8626a8 40f6776ecc3c2027 410c44341a27bd7c c0dc1885c14c6b1e c101119c6b1311c3 c0f442ff5d16d612 c0dc1a24f236f730 c10f1872b7d22ed9 c0fa222428691c7b c0c99a8e7905e858 40eb8b352a60dd7c c1045b8be265772b 40cef36d0b26c680 c1237ade7380f55a 412c040e995ebeb0 40f1601615da7d94 c0f397032a0f2e8c 40eca596f3c12a92 c10b94b0e49b47ba c1035fb880b3c428 40e58322eef911e6 40f738afc07c5a59 40ee538ec823f6e6 c0e99b0c502635ea 40d06b5416e88bd3 40f20f6dfcf8b3b4 40ebb9ed7e65f105 c0d36b224e6474d6 c1066e93a1fe77e9 41015d71a5b1e315 410ef4b7002ac1a5 40f383813c8e7479 c0eca8a43ef05ef5 c1093cb98fcd6524 40fdee3d53cd5087 40fa98fcb800bfdf c0eb8644fdf35a52 c0f3fa8047ea7130 40ccb583c75ce448 c10104c8c05d6fb3 40e4319d35c11e8c 4109c67784681bd6 c0e3220da4b89c46 4103d1d8c1058c88 c104271df95c7670 40e6758d2da0b9f4 c0fb41eedb558672 c10db5914703da7e c0d4a43c96be2616 40ea74c2cb454198 410c4c8fcccb537a 40f4e020881a1bcb 40d5218ff0fdd384 40f29542d41753e1 40f0c5531f050695 c1044ca14cb0f0f6 c0d365b939b89784 c10382668d0b242e 40f8feac00db67e2 4110e56b7bd051cc 40f6b052a589c075 4107b9e7ab36834c c1005d22c141cff5 40a785833808e3f0 40f9d6b01ce6b8d8 40f5c62b3ef47d29 40ce426997223ec0 41024f5ab8f0fbb5 40f59ac3b3232716 c0fb4559e468e7af 40f7fb05ec3e0026 c107cc66155a804f c0fcd0ae8c89419b c0fa0fd98050ada4 c10092ead417adb0 40d6077c12d362f7 40fba444c472193e 41132e116cb025ec 40e18e566d773ef4 c0f06fb7100be8b6 40eac8846cebfbc6 c1014bb6560fe232 40e117f3b5fc353d 411687c2a4543b64 40ed2ccd0d2c0190 c0d2a40037bec040 40b2ccdc19207750 c0c3daab0220305c 40cbb5573325f698 c1001125f480dc1e 40dee0377fa9df30 c11a4c7cc5dac096 40df5d5a822f61ca 410f1b185d0ac154 40a299e6a9a88b60 c0e49300f1c9ee6e 40efd085bb7cf03c 41029f24ebf24084 c10f685b9a706680 40e1e020ccad2e3c 4101c9d665cf9544 40ef4cfabf3a59a5 40f9f2f25dc051ec 40fc8f40a8d35f0e c1002b056d241aa8 4101f0fbc60fe01a c0eba8c8e07655c4 c0cb34f37857e366 4106784bb43a49a7 c1007e6a0e274f8a 40ff8b483a840fe0 c110cd0999148476 41065268bb12e2a9 c0dfeb07f2e851e0 c106f7ae129557e4 c1019b84edd5c75c c0feed85c2676070 c1006175371b5125 40c65decec934840 c0bd5313307c4f00 4113d0486f2654ac 41098a0cdfc0c76a 4111ac8702ea49c0 c0f5dcfe2023068e 4118052c7426cada 410ba54d93bcc5f4 410fa8b17c51a9a2 40bb2cc400f43ea0 40f5b1c836c0341f c0e9cb0aabe0f494 410d22ea9240eeba c10aa3a0e3045087 40997188ab91f7a0 40dc538c98b88190 40fad07f80108280 4105db2f90ccd1ac 41054afcd51caee8 c0e62c75112325ec c0f9ea7286617ec6 c0db253d6737a104 c0e2b7c972abd64f 40fefa616ecde672 c0f1831c0726d858 410b13eb4fc152d8 40ee0b1824c120c8 c0d53e27f59b24a8 410ca9dba712968d 40dc8c70383dd378 c0e933aba20f8bee c0e26c404c082a67 40e697bb8fd22a11 40fc8d313482d304 40d3ad37cd9b3d48 40f4b68755503e49 41105aec02e4c3f9 c0eae1dd826f2bac c10c9f1279955fe7 c1137ec08b1a9dd4 40f9cbfc49f88c3b c0f75c9432e3099d c0cada4427697204 40f1f41b08cad4f6 40ed8f42b5befa9f c0cccbfcd8aa82a8 c0fa7a120e921cd6 4100b600db6367e8 4119b0b50c3d47e4 4102df6124914791 40f4e58bd9e6a107 4108484deb24e432 40ae79e870518e60 4101b691acd7be4e 4103a08285b11950 c0dac1980a42fec0 c0fbc88ac3f5cf82 c1029ae349ec3dae 40f1a8a0515e980a c10d17ba3067aa41 c0fdfa9888bfe0c7 c10ae71d5376e310 40fbc0da8bfd64fc c0dad338bc2197ea c0ebed507c16d080 40daa05f85803914 c0f511aa6117ce80 40fa1ea6d10394d3 40e4cde30e1cbf64 40e9f7de47f89080 40fc39078e821441 c112060bdcaf5cf3 c0d75b81ab532900 c0feeca46b0a94b2 41140d6c65c58982 c0f451a423ce36bb c10a148908405ce2 4104a2b7f2ecb03f 410a7835e81531a2 c0ef0c8e59c5b449 4110c943eb48cec9 c0f2f83f08b2f75e 4104774b5f30634c 40f000e11f600476 c10f92caa09109dd c0db011e767b6eb4 4101f73635acc2b0 c11221d50d229589 411919f77c4741cd c10003bbfa08dd88 c0f33d51f24ea84c 410d4d477d964192 40f12223f5867a8a c0fc03ae54d12ee2 410d2cdb0ffd582c 40c0ac8712c92062 c105ec118507a2ea c0dd7d836e9a7ea4 4103d578f733e6ba 40a132950b618c20 40e82eea17f2095e 40f11f999049caa9 c0f8f7b9d9fb9203 40f0ea1524d288b6 40f0c90bb259d851 c110357943438271 c10872561082b7f8 c0e0bc2bdb0a1952 c10f451cf4dc7f62 c0de7310851b3510 4101e37a1d455830 40e895c052f00348 4100fd510b35349e 40e46549eb951ce5 c0fe0018e2b5ccd2 40c503271f250c2c 40b259af75ed0df0 40c26e77a33f4300 410679ff75a2747c c10e657e5c549500 c10beefe7682ebb0 40e145391aa44488 c1135447e9e75910 4105f9f6e83fc977 410c9858e10ae023 40f8aee8e8525b71 40fa49e38ad56392 c09d4daa92bcc980 410299fe64b1f66c 4115850866d145ba 40f8f07e0ef54b41 40f4b66b99b924b4 c101f1a4baded950 c0d63aede0c132e3 40dfcf30339fbc45 c0f94964af4a4c2a 40fbace7381df088 c0f93025055db2b8 c0c3dc6d90052234 40f401abed0d6ce1 40e1b339a4e85a54 40f03a2c71b3432e 40cb0ef0fd4a8fa0 c108e3228d455c88 410d56743593cea8 c0f0146745086912 c0fea7247cdfe55a 40d292ec0d226f08 c10492b026d4a85c 40e5eafe0a4f109c c10188d7f3f96248 40cf41b7cc769450 40fa0587179f1782 40ef557fb25177b4 40b7e0cc46e68f00 c10dc089da578316 c104de11f2b42922 c0f23841ffdc6b22 41002151d7378e0b 40f56d276bdef6f7 c0ecfb957c7f204c 40f62c1eadb107be 40e285ee68e8fc86 c108971861c955df 40e18e11784f4cec c10ebeb58dd443ff c0fac97464be96e0 c0d6ca8de1716000 c1010034729021ed c10422b5d7dc7bea c10acc060d5a715d c0f998a65c25bc24 c0ebd7068b2de86b c109046b1a4d0474 40ed3658d5f44f72 40cf7e854e7e055c 410bb37bfaee8072 c0e3c2f000826896 40f23f7d0cf34143 40f35e9cd9dea317 410bff2f98b18ab0 411488044b966ca1 c0f2fa1ae371ac49 40cd959ccd211218 41014638b6afaa2c 40c088a11208b870 40f06263181bcf64 4107a1019252bc4e 410347f0146bdf68 c0ea62bb99a45662 c0e0b7b9b308d8ee 40e4c4c03c00066b 40fdd941eb1b39ef 40fcb8c82929f6c6 41060571271ac046 40fee5abd0edef01 c0fdce656a6668eb c101f794f992e36e c0d29a6f144b4580 c103449e3829d115 40faed91155f42ae c1053076f77b751a c0fc3e54a26157e9 c0ed313fcf68863c c0fa580f196b5bc7 c0e93823543d95e8 40dcf3925b57e564 c10af890a11068f8 4104e2d3b616d82d c0cbb982efe9cbc4 c1066f013ac9e4df c0f72151ad68f301 c0c5234a4aa77f20 c1005cce5a4d60f5 c1093718d9736a8f 410e13d0df90bce5 c0fbd4fd754138f6 c0e1febf16fedc7d 40fe929801825ce4 c1045b03b3cbaf2d 40c02bf5877c0e00 40f54f1dc88c9553 4114e38030459454 41008b8fdd5edb0a c0e912b10330534c c0f7f5352ed2cd33 c0f543de4e91af28 41096dde550a298e 40f91df5eb8a0f38 c1004fb4b3b38ed5 c0e2cb3e7154eb74 c0dbd70875702ea6 c101cb63704e43b8 40f31e247bbf7eaf 40dffdb2f56e600d 40ce331b32ac3044 40d4ea17f0343978 c105df8ef5b56de6 411166521a74cf7f c110af1e38d7f7a9 c0d02cf23f78e5fe c0f7f32bce88253c c0f27258c499dae6 c106fefb76c0ea79 c0c0c360839ef444 c110cb06f2dd26bf 410dc64e86c9e465 40f69b961d00f1be 4112aac9ab6bbfba c0f00d133da2282c c0e6be00ed03ab18 c0f3989c9621dc6e c10a0e70a4c88b70 40f90f6b7ca53d8c 40e96425263392c0 c0ebcd59ca7033d6 4113dcc23431aa1a c103e436b8776266 411159669ecf2a23 c10d21c053ce660b c0f279d746f8d9a4 c0f95c33f829fb9f 40e355a115a5b688 c1056c70546b5521 c0cc3b4152ea6a38 40fc7d6a71fe9481 c0fe745020e1ab8c 40fa7a523513565c c10841ee9e4c4b3b c0fd31d9deaae784 40c43ec2bd529430 4103f669bb943651 c0fa732f6d54df42 c10324ba69f8e902 40f1bf536b3390ea 40f56134c46aba41 40d821ec3f82b59c c0cdbd56b3a0ade0 410aa9d4c4e82f80 c134fa3420251c9a 4163689ef75280e6 c1012a1ccf616fe0 c0fc43c2cea8d280 4101d1240c00b855 c0d7d24b6ef3cc58 4104418c192717bd c0f70aa5ed2b873e c0c0a65d90861478 c11279543f5abddb 40fbcb9e2dbbef15 c0b1cf80ac108840 40e738e2d3c70932 c105156bbc3a6fa1 40d55ea0224c9fc8 c0ef447e8f02f6aa 40d455ab7eaade6c 410afe26b29f3df1 4101594066bae3da 4111e2d87f25b007 c0f3b5b048cbd921 c0fa7940095091f2 c0e0a410571cfa10 c104f3b66b72c85e c1147ec3b5911f20 4107133fec148ca7 410f5812cb685e25 410ab48506956e80 c10fd126ddc787d9 c100adc519ee5464 c0f324d394e30750 40facca1996da544 41019dfd56320000 c0e6f4ed6163902e c105f155ae567084 410eeb41fa2dbc5c 40f62804f72c0dc8 40bad281b5a090c0 40e01882f470cc18 40f1eb6a7434e4e0 c10490c0edfc0a6c 40a2304d2607e9c0 c0f8ec50952eab52 40f1db764bb40028 c10586c41f564870 c0fa6754155ecd79 410ed6b53e38d7e6 408feeae4ddd1a00 c0eb8ffafda20434 40fb3128f28faba1 41042f8cecd93d3e c104574118520a10 c0ef92b248ffc9a9 c10948d900563044 410f5594ab281356 c0db30a94f74f813 c10553bdbe800fe7 4105c6c010f0fa7a c0fe0fdd380c4ee2 c0dd8c4860c35de2 40bbd07c5a48ab38 4112ba138d926edc c0df66320e798cba c11114b6fc195ff2 c0c8109519ff18b0 c0ff4f9aa155d3c9 c0fef1019f33cbf7 c0f5b99083313422 410e28cfa7cc84a7 c0ec37538dae1c3e 40ee6f440897c466 41076630900e6e5a c0ff3bc3c2e96c63 410933fc49fdd771 40f74d0ed262e556 c0f244e08187e1a2 c101987864a8f54a c0e8c81800ed71d7 40f8635466efcb50 c10686d5db44e0a8 40fa1afad2956e3c 4108b3625bf923cc c10ae66bfe6c9a74 40fd94307b1879f0 40e3f207009bb21e 41150316e2d25e4e c11474a0c9ae3749 c0cfca7f39333e60 40eba2b541a68858 40fb2525d3a38888 40d320b1f4cd12ea 41056507c5cba2d5 c0d2bbce1addec9c 40e7c4687089e6ca 40dd98a3fc4a7ab8 40f0d440088bd146 c121722914f1d617 411c971bdee2a6cc c0f1e307797243c6 40cf0f6100db6c70 c0f45b785286fbfa 40fb366747f47a09 410bb5c1066f4527 40fa40dead307130 c0fb24705bd87fb6 40fea670cc341fe4 c0e89aeefaaa41cf c0fa3e90cfb06ea4 c0ff61536bd3c60d 410eb7de6f26339e 40ed1f45c5fbb028 c0c0e8ae76e291e0 4098395408731f60 c0e7ee87df1071e7 c0f05df90606b257 41110df474c29369 41043cc15962772b c0a42d06d9399580 c0d37a450dedcc9c c108c419f25a0686 c0e98d5a4bfd67d3 c10502ec1c65d0c4 c0ee8bcb7637e0fa 40de2622a3bdcef4 c110ec2c6c35e2de 40e4ac4f64bb9d06 c0e412d3d0410406 40e70eccfb85870b 40f7c6cd78adb920 c101778a3cfca353 410ae1ff9214c926 c0ea8ca2309aa4b2 40e8e8f61b3a927c 40f3be3f171c9e7c c1077b160be4abb7 40dc89c27dde4ee6 40cad06e0328c1d4 4110d18c24405e45 c10c29e9436df3b4 4107d04b92b1be58 c0fdeaa57b961ad5 40f12698ba3046d6 c11547f46929486b 40f5e43ac0c3add1 c0f2825e9b7fd94c 40e7a9e19bc45c47 c1010a8ceeb04454 40e5f078b898044c 40fe31ae7c89e795 c108abbc6b5c154b 40f3d67f49857d30 c104f17d585d3cc1 40e4963afb829074 c0ea6bd762badd1e c0e5408c4a449d0a c0fa6e127b450bac c10b990567d0e724 c0f2f03d91e4f2bc c0f051f72fe9cdce 4100f2230cc29a13 c10cb7506e0b1941 40e5ca365b8b5674 c109a0145f5845ce c0f7be8a1e1c89cb c1001b592fcf0662 c1165eb65c1b2b1c c1053ba80fe83117 c11446b4910a42a7 40db8b64a3b6c218 c0ed097619bd4356 c0fcba29f8b15a0b 40ffc05713d7d409 4105cf084bf95c2f 4108c0abc3dcb501 4103f1b8287f1d68 c0d0c8d2a00dae1a c0d34a354e4394ca 40c8111b65560fcc 410148df870bcb4a c0f34828e3700484 40ed32938e18abc7 c0fa2022b96aebc0 c0e68d59c8fae88a c107e03a12a3e654 40e72aa184e36e0f c0e16dc5a1a36904 40f2e7c538acf6c8 41097eb6cb8975ce 40f8db4a21272a38 c10c10887af0f1aa 411041d6b7137573 c0d3084036731ad0 c1184efb5d82dd59 4123a0d5be3b5e26 c0e695e1087f6c90 c0f5748ec9b19c26 410d5012ea4a42f1 410b557b611ce50c c11796b0280b86d2 c0f551cd80ca14fe c0e0d4b6de67797f 40f925a0ae4166f0 40e4415430ddeda4 c0ddf08389329bbc 40fc753599daddae 40ea429777f1aa0c c1131a7920d0766a 40d71579bd3eb220 410b2cbdf410f209 c0cba84cfefc2f44 c10e20f8dedabb74 c0ffe55ca24ec885 c0ff40ad9bca7a1a 40dc8136e42d086c c111fad7fc434dc7 41062677927d72f9 c0f72ed165672302 c0f3858a2990152b c0b08765d88a21e8 40f212be004888d4 c0f1c7b70c743584 4106f9134d2136ec 4114234187c2249e 40ee09eddfc33a1e c0f624746e1c4cd8 c101162c53c5597c 40f18ef358ee2f56 c0df54680fd23e8e c105cdda68ee11f8 41049f8261f8d41e c102f38d0cc1d706 c10e50fb1746a1ea c11457dc63864b1d 410408fd92c2349e c103deb3c40b5910 40ebcd9a959330e6 c10273b2036158c4 c0b30044fd31618c c0fb138b2034ae8b c10d8c8967630698 40df8cda10c62710 40f6eb9a1aab9ba0 410041e76c434661 c0ca643db1fd2630 c0f0c7cdcaa6370c 40f147d3059ec920 c0f88275efca18a6 40f4310c0f097e32 40e661426494518e 410c8d5bf466bd52 40c663766e6ea1e4 40d641493ccf7c08 c0f9a2775ffb832c 40f1d56f9e4b7b28 4101b536cbe48b06 40db8bca33a84a64 c0e0f0456887c632 c0daf476b4fb9f20 c110a161a298daf8 40cf562c6e0ffa70 41090da6cabcbffe 410d6f2d1393a84e c0f1ffad143d2973 c0db25ba4aa83588 c0f39920a06beca0 40ed272038676311 c0ed3b866a27d182 40f89f3f6c043fc8 c0f4b14b42d7b75c c105b36f302dafba c0ec6789b8cbd6a0 c100e08b7d8f49c6 40f68a8e703a59ca 40ec3b497b899962 408f5296434339e0 4100cef9a5f02f6f c10b352195b1d85a c0f01de876530e9a 410d275f706ad11b 410d3891c9523016 c0eb8e4fd6ae7790 40e21e50e2b4edc5 c0ef30035011d671 4110140ff6ff1f14 40fdb274d9d05bec 40ffbae5f4165af4 c10cfc2d0603587b c0f49a16cc6a34ef c10b785de10902cc 4122501b5e4c93c2 c10348622ccf88c8 4104e4dde8bf80f3 c0d25eee26004924 40f64eddaffeb99c 4103fa64943fb604 40d7252e87fae194 4112726216291a1b c0b81f9590d70be0 40f92f659de68e30 40f86f03d39bea42 c0dfb8251eedd2d0 40e0f26bfa2c2a24 c0513ee8c6f2b900 c0e28b2e1e18e29c 40dd9a543173630e c0e0690612b0e4ad c0fe83757230a976 4102c7dde1e67911 41001a0410b2903b c0b07d0e08fe8a80 4104fbec9fbf6ad0 c0f0808e16a63d62 c0f0c3781a9c108e 411276abeefb8529 4106bef0ea5549ab 40d3d5c8fefc45a0 c0cc202288ca83ec c0e08d5f91e6a4a6 40f6758c00633b0a 40f29f0e6d51445e c0f372a249ee456d 40d706ae08d12011 c0dd5d5071d743b0 410279abe00161a8 4103adaa4fd1167d 41129bfd12fa3400 c105d329286c50e6 c0ec54b27e747edd c10e32c137e48bb5 40db24f8a9fba962 40faa59841e5af22 40e01ff63e497007 40ebbf1626477a33 40df3ccbc0ec4a98 40ec73795ae960d9 41053e964fd4549d c10b33b532a23f51 41043cd0639f28fa 408d5bfbc5bff280 c0dd5cfe5b81e1dc c10d514315f8e4e8 4107efa9e607bb16 4106bebc0d07c206 4105007c02c7c581 41129a0ccb9cf72b c1114aa17b8d89a1 c10ce237cc0f1f7f c101dd50ee64c037 40f68dbf53123976 c10ec262ba483151 c100f6365c49bd3e c0f72b85759f2d76 40eb8ead635a6f82 40e56d135eace7d2 c0f5c02213f48b39 410b17bd11dad6e9 c0ffb7e62369f412 40d51cfbee153f35 c0f73edb23917b3f 40fd65b9015a4826 c105ade0e0ae0f76 4104c229578581be 410253c3230c218f c10c436d3f67f0a6 411567d845033235 c10c09443208f52c 40b619595a742008 c1160892bf30fedb 40f348766cefe4d4 40e8e8734807bbb0 40f90dd16ce3069a c10e299a0c27e70e 40ea749eb14f2cb3 40dc67b78acbde61 c100954f9818a08a 40ceaca042c76502 c100701aa2636b3e 4101753541cea409 c10875703bc6ff30 4104021ba3c3c349 410688254b5e6d12 40e7ebaf005567ae c0ec49d4e2757158 c0f87b26c2c83f32 c12bd6ae6141dc12 4136443dd5e97d1c 41031c797118933c 40e54544b791f350 40f9b7d6f0568063 409c2b2539bf14e0 40f1e96578d1bbc7 4103738dbaaeddb0 c0f901bc60405fd0 410b702f6fcf7552 c0e0005018d672d7 c0db28b789041008 c1066f3a17b8e49e c10d8074f4e64a16 410a3c3a7b6da2fe 410f53e849128f50 c0cde1d21784b044 c0f5aa6c403c9cfc c0d146551f11b76a 40d8837801a851e0 c0e4c76879a680f9 40dcab18edd677c6 4107043df9affb30 c0fdc130576bd2c7 c0fb3b0f039f1b71 411034e53007ec1c 40dc0bfac965be28 40ee6129716abb6e c10461afd2086ab0 410518eaf16766b0 4106061e6f268dec 40faa83df5b1e40c 410a4803dabd96ac c111813760d01df9 c0d41c76403ccef8 c10df2d459ef3ec0 40c4c1dcd9ef90e8 410b3faa287e91e5 c108f284301310bc c0f1a9a5bac90e7a c0f64bf42622ac22 c11c92eff05a2e32 41144e8af6464f86 c0e352149b6c05fa 410c287b93dec732 c0de5b532511d9dc 41074f74499e9e6e 40d326bf3c6c78ae 40e132b843952101 c0ea714384762cd8 c104f3023e4056f9 c10334de23f27c24 4110a3b139628440 40fb75dae39dca26 c10df71bc9e6039f 40fd4b5bb44dbe28 c0eb11f1b6d7e2b6 c1088edffb24bc93 4100cd1ad4277ae7 41030daf226c9799 40f378bae10cd7ee 40ef03ba8eeba9ea c0ba54c0a282f1e0 40f8c99ef8df2370 c0e39eb383d1ded5 40b63333f6f61060 c0fd7919048030ef c0f8eee3d501d260 40f7fb5d0225cb38 c111af93536817a4 c0b768854e332540 c102490c6ea86039 40fdd9a2ce7da2a8 40dea5dac6788fc8 c10f114f239d6331 40c7e0d42c4369b8 c0f762d44d95f990 c1002d7037162fea c0fb7db341692e63 40a356011aa708c0 c100e7ae471d2942 c115e41d18925f3e c0f7af5c599c0c54 40e09219a9cc7060 40e6e2e907aa003a 411033067547ce88 40def666dfe0eefc 40eb4620ac6fcdce c0e3b52e7605dba0 4104797e59e51759 c0f447f873c7e23d c0f83e1e36cd88be 411a88e65d41b40c 40ecff18672af460 c0fbad52f6f81d7a c0da1e7e68b06948 c115db269b6010a4 41210fdcdfa9f7cf c112c383adefbb94 c088bc0085b35e80 40f3b9e258a47caf 40d2684e82f9bc60 40f8e7459602691a 40f450168dff7558 40a0eca615ec81d0 40d7dd943155273c 410765d8093d21c1 c10605a7c43ff2a4 c110899612a982ce 40f0647546ab46e0 c0e8b5ca16c946a2 c0ecb06292f46216 410fc8a2ca275952 c1178aeaf517c61a 41063c622b6a5a74 c0f3ce22ea0529a4 c0db39383263d52e c10007ac78d9fb89 c0f60272675429ec 410099c0abb33aeb c0fafe1bb916b5fc 41026021bdd12124 4102198b3150ac8e c0fbdb91b7991016 c111e6380f1d4f59 c0f6f32d99613195 4110190a6e692ebc c0ea8edffa704b67 c0e0100ebc7d5d77 c0f8b05f60edc830 c0fe4eef32a9de4f c0ec36c723bacf00 c1087001a3df1176 c0f8e72158017062 41008e7bc0285ce3 c0e3cc08a76f330e c104adfb6ad00f0e 40f11a5e0035fce8 c113519ab5301eb6 c0f078e48dfe5c2c 4108927d327a39a0 40f0350c9c24903a 40d5281c5c0fa23d 40fa2a67def74378 c0d484882d01e3e6 410293250c3cb6ba 40b6a5cace385550 40de023c340711cc 410aee9adfa15994 4109d027fa6541d9 40e5be6a6b44596c 41097de26dca29db c101e958521b62dd c0b09505facea4a8 40f92c7cd4daca68 40f6ac985daea532 c109ad2908ac32bd 40e4fe4a12e03cf8 c1033d20672fd11f 40e4482606d7eac0 c0d18ee8bfc53020 c10864717d2e8bc3 c106741719279408 40f77e008dad3a7a c1030b3571b17d5a c10d369871fbf6ae c0f112ff7f7c8be8 40fee7d1b7c31674 c109cc722697804e 4105b284c18453f8 41128f422b43b3da c0f82cd0d7a10833 c0f17b8e7aed2c79 410b4a282b437ce4 40fd96d65e9e60a0 c0edc63dafaeb5bc c0ebd84de09980fa 40d8a6243eb4b772 c0fb30f08e08bb02 c0e504d79732356d 40ec65eae654d3e5 c0d14e2c115ea580 411072a78f39ad42 410075f7ddd291f6 c1130cb88e091bd7 40e8ce16190020c0 c10b1da203279f0c c0ed9c844dbbe89e 410a3ff57cf8eeed c0f6b3fb64d1fc3d c0ea994551a0af48 c1014c9601432002 c124a1bcc45cc527 412009c1940d7003 c0b3a0c71b8bde40 c110b4c1e0a2c655 c10ed83fd6fda838 c0febe9de265dfa5 40f73028978b3153 40ebb57b73caf788 40e2ebc89bd0d090 c0f3cdb3dee8fee6 4112cc5c0edd58f5 410e650e6783d8e7 c109a9ca5851977b 41133a90fdb93282 411016e158254d79 c10c9b781bc273f9 40faa6fcf15d9022 c1133cd7602439d6 c1055dc33bac4b44 40f69bd1317fc8b0 410cc1309b5b8e76 4103684dba8d9be8 c0f1a7490ce1fe09 c0fc1b45781a3a18 c0fd648f9265c166 c0f10d421bd4f9f9 c10e8bf6c95df54e 40e58f83e08177f0 c0fbd27372339266 40f5be3e2ee52d40 40c916867c4dd730 c10f377e363a0559 c0ff281358d1a259 40ee0a5c3fb71d44 40faa8b73c14d7e8 c0e2551cd2810675 c1036a7ebd800873 c07059c236f3a800 410cf089e3e07cb8 40f6f7b81ce6b588 40f2cb3c59bd7032 c0f9558379b209ac 40f1425c6264d86e 40d46826b69cf4be 40c28d7c4f9e886c 40fcb87dd47e8208 4105efd6a699b107 40fde13bb1bad9c6 c107911a459fe690 410b86f121447320 c0cf474030ef1268 c0f60a2337817c3c 40f02b90a67034c2 410542a0afaf92a4 40f46fca84afda0e c0d61ed5ca2ac344 c0f737d570a08dd6 40daff3d84977e90 c112f276205afa30 c0fbab6215ee3a5b 410942601e886206 410118fc8e7ce976 40e54a6d8f5788f0 4110f2941cb580fd 40dfd8ba4438a4ae 40f7dc13ae8d7667 40ea872430c9a21a c1030515183629b2 40f0858003731e47 c0f6420ae63a5b4e c1019e9ae43305b2 c10473abcac0aa0d c0eb3914b1ea6c9c 4104315b75035c06 40b6109e6ceba3c0 c11071ef2c4b3fd1 40f1d23185e182da c0ee94e0d8d8351d 40fe01c1ad62d2cc 40ef34c4541d6a5a 41024b55e53198ea 410bb37b60959ce0 c0c7faf3b2860fa4 c0e44bfdff993072 c0f5ceafe7bfbcc0 c0e91bcfc579fe34 40fde61ce4a6f71e c0f45dbe4658f59e c10b27485cd21433 c0fddedac58e525a c0b266f0077b1f60 c0e977539a092550 c0fe23d4575e13e1 40f8a24dc3d1bc95 c0fd4c7dbb5864c4 c10867138cf19a3a c1125079de8cd7ae 410ecdeb59b4e274 c0ebd4e4c45e46ec 40ffdb82418b3daf c1105100bdf64adf 40f08b5df6183226 40f5dcce1ded45f8 40fb9b36777e40b5 410471393ae1c41c 40df2a3a5d5d82ac c0f445f75cc73df6 c0d58d0c8cd3871c c100b477027a67b5 c0fb6d5dab911b0a c10f5f617f791f5d 40eab0f17da6dbf8 40c03cfa2af5e568 c10d4d5dd2f41258 c0e59d9e3247f6eb c0efa5386e810f88 41092813b566d23d 4100dd0505671772 40ef3b2000cd6464 40d7614d6fb0708e c0b97dc11037ecf8 40fc37d0eb26edfe c0e3a9ab8f7e08e4 4114be2ef5600501 c10ae5dd5870e6f0 c0ea6396aecd0c5c c10299fbc41ad9ac c10b160b5d9b4c27 c1101de40bef4262 40f2fd071330b4be 410c488e5928c111 40f5a5b5f2c4cd1f c0f1b7c1be9c5f72 c0fd398c7d325bb4 c0fbcfa72613edd9 40dfa546db58915c 41063050b99144ee c0ea058f2f68f2dc 410dfad0f0395a27 c10accbd1b7b878a 40e5da58cf20551a 410295cf73e6e05c c0bcfcef1f1c3b00 c10adc1231cc35f4 c1143e9f34595f4c 4105481fc0930908 4101e643615a04f7 c0c5aba2c1eaab70 40f1bb51b5404e82 411339763c53a222 40e0a94891e7adee c0c47d42e14b21b8 c0f4f38fbcb29af0 40dde547365498d0 40d65699d3c3ca90 410090510eee79c9 410272a22e8be9a0 c10a9a790ea110cc c10529877e958930 c0da0f6ea316aaf0 c1192b8dff42235a 40f3b4812443a642 c0f5065af34b9654 410ecd54e79dfc07 c100d83fabb3164e 40f1996c10bf418e c102c02dffcff40c 40edfb96bb01edf8 c0fdfafa56bef8b6 40e6ef708acb150a c0ecd21f3df7b14e 4113bb0208dac2f0 410748e55f4ee09e c0eb7e0fec02276e 40fe85fc47abe5fe c10a8214a876fd06 40ea63f4422d13e6 410199e4e9398a58 c10c1c042ea354e2 41105632d11da810 c10fb5bb04e1cadf 40f7cb2df3ae4761 41020a072158f191 c0b11a88116ae420 c0e30949efbc53fc 410d8984b81406ec c0f4d9f2f9303642 c0f1eae1fedaaf02 c10eeb6320255882 c0faef801a237a73 40dfc418d27f06a0 40fdcf5bf2032848 c14131ab82079952
I 3f0c7161fb1566d0
C
V 41563c1a33c1ea47 c0ff29782cfd8490 4102b74f5b9a9ca0 4113d1bd83b902aa c1061fa1c747f7fd c0e88665a726cae0 c0f24d8b1ba39980 c0f10f1a50ed4758 4111e7d9adde4e5d c104d0b08358345c 40f9be5a01b091b2 40cc26ce6d0ed63a c0d8e431cd3ad42b 40dc31144955473d c0e60bb496dff74e c0de9e816f1e53ac c0fd73d8d9352727 4113148ec2db6574 c0e3585a1436d91a 4106c08d9fa90540 c105683b2639571f 40eac09846760f22 c0d2e84cea37ecb1 c0f90420d373095f c0f04a8a6a37185b 4100a791aee8ce54 41023daa4c62f40d 40facd35297032e6 40f156204ff41f35 40d0d4cb883795b4 c0ee723e2f733fca 40f62c94629df278 c0edd61f4d32ac78 40f5f92f23dda711 40f697269189910c c0ef833b8e4d97a4 c1005ae9643a1752 40e1bde11519aec8 c0f4bc0a5bbb2160 40e2e15bbd7ca816 c0ed98993a9337b8 40e4efcf1965a1f3 40e3adb9ea31b544 c111eee7686212d4 c11554613e15aad1 c0f0b17028b17d7b 40f600cee32f7daf 40bdd40ae7456cb0 40b01c8f8f12c900 c1055c70f0e69961 c0d92b0ae4dac4a8 c0f0958ffef834e6 41043190797a3cd0 411155eaffaece98 c0f95749f70c0e72 40fd82cf96971906 40f6ca5fd36d62da 4106ff83ba38dc1f c0e8e6ada551aa68 4110b317b384e91c c0e6e8eb13d97a94 40dbfc875a73d0a8 c112c7f17a0b5c72 410dba2a2ee6a06e 41007df870b7c344 40e97c778856d044 41111990149dc0cd c0f0eaed27d787b3 c0e947caf1f15660 c1048de3890975c6 40e232c3e953e6f4 40e5d8b89cc1625e 40e57bf9a61e2dad 40f9f546dfb93740 40bf849ee1a42490 c0d6e3582a2ff6c2 40e680edd56890e2 c0fc133d838d4eca c0e36bf576022591 40f28104167431bc c1094643ce5661d9 c104eaf5a73379f0 c104ad035b1ab63e 40fee03c07a7d954 40f2e7e706faef94 c0e8a7a9815ab4b9 410453d590dedef8 c0e6cb8c46f77838 c101595899502a95 c10a65328bb8998c c10056f1ab3e157d c1026a1629eeafc4 41047531edd9310a c0f00c15c5cc57a0 4100d9ee223ea873 c0dbb375ce8a9754 40f6e3a7abba07ee 40f1de481523d293 4110c1c3ea0a3194 41038b1653df2ab4 c101270432223cec 40b8b714505d2270 4105bb871f2521e0 40fc99823916d12e c0d1fa9f7d5ac4e8 c1015ffd36fe1d49 40ddd5086cdf6822 40f64e2895574a8c 4104f561ac0a90ab 40fc9a3a3ec69cf2 40f6982a84f355e8 c1095e848b209cde c0f404d49446fe57 c0ed5b4763dc777d 4100c3ce8e1562cb 40f42236b8bababe 40f038c52a842a0e c0eacdbcb8cc5d85 410044e5a0952a9a c1014a0f0b327208 41093483fa072ae7 c0ed99fa20f20e9e c116493f6f4f91fc 40c2a6829a718050 c1148d25644ff37e 40e2cd839c0c766c c105d0d3a6cf00ee 40f09fd0630e3a11 c10b1b1a7ff2d1fc c10897757356c752 c0d6cedb779c3f2c c0f0c7463d3efb46 c1085eef44e03287 c0f665eec92ddcb2 c0e20915f1710e58 c0d01409df092d22 c101e68ed282868c 4101a82d6e9cf099 40ff22e7ec6757c7 c0f9afe9281b8ff6 c10e4cfa397d28b8 40f278776f14059f 40f19771be8914f9 c11784f86a6f7937 4112afd70bdf4a7f 40fa08b41c8b7e7f c0fb559522806401 c0c1b611a8d0c7e8 40d1f3be0f433a1e 410798c943b27fdc c0ea556ed140c13c 410c7f371a1b6b8b c100e78deb27af93 c0eda0ce04fb4ff8 c0f9e8f6ad405ab5 410a4ae9ce6887a1 c0f7024cf89115f4 c0b8cc4cc9a5fda8 4106e6e69ce8ba64 40fcd8cfd0cae141 40ee4e1b4da9012b 40dd632bb018effc 411187b9381fd82c c0ff7525984d5053 c1093ee6919ac2b9 410150ad4b97b630 c0f9872c6de384e6 c11039700458cbd7 4103265f7e7fae44 c104642ad7960a5b c0f35513cb89063a c0e36fa55b0ce8bc 40c92f8d8faf39c8 c10e12865e75ab35 40ec3d9a02acee12 4103afd159559f48 c0f4155f15c625f8 40a75a5fad94a9b0 40edff9d37bf7c64 c0faf078519c59e2 40ffc4341d7bb9e5 40fc17c132917678 410641d6691e35a8 c0d7db736927f68c c108fa03059ebc01 c1020b3d07242a62 410091afa106519c c0f7fef8d72b8f46 40eabf20d5261498 c0ea946036c81fc6 c1064b59c8fa5fd6 c0fbf2ce9bf8f59f 41290da2c4e5cd50 410df73e393d4066 c0ebdb8e647b4730 c0ee616f1551036c c0d722b8f1ec2250 40ede07c3ddb95dc 40ffb90823acea1f 410bb953aa10798e 40fff358f79a7876 c0ead94038730088 c0f9e373f35242fb c0fb43bff5ec701d c0f5f71259b61f92 40fbdee85f968a6b 40fdeb0c4e7abc84 40e3768726cd4a94 c1052df6dba59b0c c10f5d8c2b4bc2ed 40e127e8df80bee7 c0fb788887931a86 41129a223577ac72 c0f6eebf2babc2b6 40fa4ee5c53db974 c0f25332c9cb05bd 410102bb850dc9a8 4105dbf5d33d82cc 40f9cc3a1f7d3788 40ff2dfbef370488 c10269a633761eb5 c0fd3a9d25541cba c0e68c35ab12cfe0 410d7f555487caad 40f4ae8dde90c765 40f98ab51dda9030 40c5b4b1c415efe4 c100624020d023e6 4119e3f2148cd28c 40b1b11bfa078820 c0ef679e283500dc 40b2cbaaaa6163a0 40f7c14319a1c6aa c10055b459eb0c66 4103da440b9ce6ce 4105e77e3b2ff39e c10dd71b0c2f6231 40e04be75e2e3970 c0d39c3d6f9f31a8 4101a48771b667e6 c100e2479e755e74 c0f33a0a790d7ff6 c0e605a053cdd25e c1041fa26f31f7a0 4115ec0c4d34afe8 40d7d603b15da328 41180fa497ad9f7c c0972a360ee5e400 40f03f1c1a83d6d2 c101ca5e1adc8763 40f6db8350eeb46c c0d37576720fbc40 4109ae48e7a4445b 41163d0b1c1d0940 40f20cbd7410b7a2 410ac999614c339d 40f3fbccb3da9962 410e3ac8c292aad3 c0c5cbdcc42cbbaf 40d3307257d59964 c0e09b7aa2585978 410209bd4df1d3bf 410753fa8e5d03c3 c0edf3b1ad417854 410f9612200e4fee c0f5e952f0d88909 40e7ae4840704fdb 40dadb12437373f8 40f43bcdbfe32119 4100a4a051723340 c0a5897384b8bb18 40b65266d7373f00 c0f0c14877710468 41061a3a746577d0 c0f7a5093f69a6ef 4103d24e5a2b5e84 c0dad5fbb7b6bd94 410a04461cc04ffa 40f3caff77a2faef 4105e581da31187a 40f53792f2127a16 c0f8be76e494e063 4111e071cf824a01 c0c9fd088cda6d40 40c4c501b88209a0 40f6e9b7d83c6ffd 4105e6749fb7daec c0fca52c32be5b8c 4103127f2a915e34 c0f5ebd2c1643432 c0fa90915cf9093a 40eb1a0085747161 41008679b4dbef0c 40e7eb3179e2fd40 c0ff500b75dcf0b0 41047b55ae10b8a5 40f00cd75ccb2d9d 40f685911d410e56 410fad2e07c39666 c0b3f3e565745d00 c0fbda4e9d221d1b 40ebddd2e809d28e c0f3bc25d9834e74 411369ab9d342ed2 40ebb1dd0c1dede3 c106dc02f325272a 40f6dfc038f5fdb3 c0c14c4cffd73430 40fe9f5831e6d1d7 40ea3e0af07f6ea2 40e33b016ce1e809 c0b145aa5458e1b8 40fb519b61c609db c10ff235179da1fa c0eb53e8299b1547 411046c1c4b1667a c0f178df09dbdcf7 41063f79fb0429c8 40d1248e3767cbe8 40fff9c842f01292 410c3c925a9e5ef4 40fad9895e5958d9 40ec64e0178b9b4c 40f249ff20718318 c0db785ee44e9998 c0e79d62d9d76836 c10930bf245f80ba 4106c0aa7399f6c3 40fa8f16fb0328bc c110b49aa4841828 41146a5caa0597e1 40f93ffa2e60eab6 c10f36c66e30b45c 40efca08e4ef5400 40f3f5e05cf13d83 c0f43a2590263de8 410446996fac85f6 c0eb15d47761ab37 c0ebc25fbdc9f6d9 40fbbb9c7d5b3118 c0dfba288b6d3920 c0f5320eb0851652 c10e0bad8039af7a 40faf025c9a3b363 410142c8518119e8 c1148ba3ffd704de c0b85db0c1aa76e0 c0f74efd5cbcd891 c0e23330e95f2c52 c105282ab45053de 40f7e1a5ca8f0b90 40eabe178cf3c338 c10b83b5e5f93762 c0e190469a62d5ec 410d29dd51bfdb39 4104e3b5a8fc2465 40df04b3cc013e08 c1062af69ef98be0 c100a51e803523b6 c0fce9bdd207c926 c1054ab10aac8eb8 40f0587cae57088a c110a7791d689962 c10858137ccf1c45 41037e950ea807ce 40e991e8e1b677f5 41072800a90e5e5d 4104d598728f64c1 40ff561f80fef1f0 c1008b3985709114 c105db58de8626a8 40f6776ecc3c2027 410c44341a27bd7c c0dc1885c14c6b1e c101119c6b1311c3 c0f442ff5d16d612 c0dc1a24f236f730 c10f1872b7d22ed9 c0fa222428691c7b c0c99a8e7905e858 40eb8b352a60dd7c c1045b8be265772b 40cef36d0b26c680 c1237ade7380f55a 412c040e995ebeb0 40f1601615da7d94 c0f397032a0f2e8c 40eca596f3c12a92 c10b94b0e49b47ba c1035fb880b3c428 40e58322eef911e6 40f738afc07c5a59 40ee538ec823f6e6 c0e99b0c502635ea 40d06b5416e88bd3 40f20f6dfcf8b3b4 40ebb9ed7e65f105 c0d36b224e6474d6 c1066e93a1fe77e9 41015d71a5b1e315 410ef4b7002ac1a5 40f383813c8e7479 c0eca8a43ef05ef5 c1093cb98fcd6524 40fdee3d53cd5087 40fa98fcb800bfdf c0eb8644fdf35a52 c0f3fa8047ea7130 40ccb583c75ce448 c10104c8c05d6fb3 40e4319d35c11e8c 4109c67784681bd6 c0e3220da4b89c46 4103d1d8c1058c88 c104271df95c7670 40e6758d2da0b9f4 c0fb41eedb558672 c10db5914703da7e c0d4a43c96be2616 40ea74c2cb454198 410c4c8fcccb537a 40f4e020881a1bcb 40d5218ff0fdd384 40f29542d41753e1 40f0c5531f050695 c1044ca14cb0f0f6 c0d365b939b89784 c10382668d0b242e 40f8feac00db67e2 4110e56b7bd051cc 40f6b052a589c075 4107b9e7ab36834c c1005d22c141cff5 40a785833808e3f0 40f9d6b01ce6b8d8 40f5c62b3ef47d29 40ce426997223ec0 41024f5ab8f0fbb5 40f59ac3b3232716 c0fb4559e468e7af 40f7fb05ec3e0026 c107cc66155a804f c0fcd0ae8c89419b c0fa0fd98050ada4 c10092ead417adb0 40d6077c12d362f7 40fba444c472193e 41132e116cb025ec 40e18e566d773ef4 c0f06fb7100be8b6 40eac8846cebfbc6 c1014bb6560fe232 40e117f3b5fc353d 411687c2a4543b64 40ed2ccd0d2c0190 c0d2a40037bec040 40b2ccdc19207750 c0c3daab0220305c 40cbb5573325f698 c1001125f480dc1e 40dee0377fa9df30 c11a4c7cc5dac096 40df5d5a822f61ca 410f1b185d0ac154 40a299e6a9a88b60 c0e49300f1c9ee6e 40efd085bb7cf03c 41029f24ebf24084 c10f685b9a706680 40e1e020ccad2e3c 4101c9d665cf9544 40ef4cfabf3a59a5 40f9f2f25dc051ec 40fc8f40a8d35f0e c1002b056d241aa8 4101f0fbc60fe01a c0eba8c8e07655c4 c0cb34f37857e366 4106784bb43a49a7 c1007e6a0e274f8a 40ff8b483a840fe0 c110cd0999148476 41065268bb12e2a9 c0dfeb07f2e851e0 c106f7ae129557e4 c1019b84edd5c75c c0feed85c2676070 c1006175371b5125 40c65decec934840 c0bd5313307c4f00 4113d0486f2654ac 41098a0cdfc0c76a 4111ac8702ea49c0 c0f5dcfe2023068e 4118052c7426cada 410ba54d93bcc5f4 410fa8b17c51a9a2 40bb2cc400f43ea0 40f5b1c836c0341f c0e9cb0aabe0f494 410d22ea9240eeba c10aa3a0e3045087 40997188ab91f7a0 40dc538c98b88190 40fad07f80108280 4105db2f90ccd1ac 41054afcd51caee8 c0e62c75112325ec c0f9ea7286617ec6 c0db253d6737a104 c0e2b7c972abd64f 40fefa616ecde672 c0f1831c0726d858 410b13eb4fc152d8 40ee0b1824c120c8 c0d53e27f59b24a8 410ca9dba712968d 40dc8c70383dd378 c0e933aba20f8bee c0e26c404c082a67 40e697bb8fd22a11 40fc8d313482d304 40d3ad37cd9b3d48 40f4b68755503e49 41105aec02e4c3f9 c0eae1dd826f2bac c10c9f1279955fe7 c1137ec08b1a9dd4 40f9cbfc49f88c3b c0f75c9432e3099d c0cada4427697204 40f1f41b08cad4f6 40ed8f42b5befa9f c0cccbfcd8aa82a8 c0fa7a120e921cd6 4100b600db6367e8 4119b0b50c3d47e4 4102df6124914791 40f4e58bd9e6a107 4108484deb24e432 40ae79e870518e60 4101b691acd7be4e 4103a08285b11950 c0dac1980a42fec0 c0fbc88ac3f5cf82 c1029ae349ec3dae 40f1a8a0515e980a c10d17ba3067aa41 c0fdfa9888bfe0c7 c10ae71d5376e310 40fbc0da8bfd64fc c0dad338bc2197ea c0ebed507c16d080 40daa05f85803914 c0f511aa6117ce80 40fa1ea6d10394d3 40e4cde30e1cbf64 40e9f7de47f89080 40fc39078e821441 c112060bdcaf5cf3 c0d75b81ab532900 c0feeca46b0a94b2 41140d6c65c58982 c0f451a423ce36bb c10a148908405ce2 4104a2b7f2ecb03f 410a7835e81531a2 c0ef0c8e59c5b449 4110c943eb48cec9 c0f2f83f08b2f75e 4104774b5f30634c 40f000e11f600476 c10f92caa09109dd c0db011e767b6eb4 4101f73635acc2b0 c11221d50d229589 411919f77c4741cd c10003bbfa08dd88 c0f33d51f24ea84c 410d4d477d964192 40f12223f5867a8a c0fc03ae54d12ee2 410d2cdb0ffd582c 40c0ac8712c92062 c105ec118507a2ea c0dd7d836e9a7ea4 4103d578f733e6ba 40a132950b618c20 40e82eea17f2095e 40f11f999049caa9 c0f8f7b9d9fb9203 40f0ea1524d288b6 40f0c90bb259d851 c110357943438271 c10872561082b7f8 c0e0bc2bdb0a1952 c10f451cf4dc7f62 c0de7310851b3510 4101e37a1d455830 40e895c052f00348 4100fd510b35349e 40e46549eb951ce5 c0fe0018e2b5ccd2 40c503271f250c2c 40b259af75ed0df0 40c26e77a33f4300 410679ff75a2747c c10e657e5c549500 c10beefe7682ebb0 40e145391aa44488 c1135447e9e75910 4105f9f6e83fc977 410c9858e10ae023 40f8aee8e8525b71 40fa49e38ad56392 c09d4daa92bcc980 410299fe64b1f66c 4115850866d145ba 40f8f07e0ef54b41 40f4b66b99b924b4 c101f1a4baded950 c0d63aede0c132e3 40dfcf30339fbc45 c0f94964af4a4c2a 40fbace7381df088 c0f93025055db2b8 c0c3dc6d90052234 40f401abed0d6ce1 40e1b339a4e85a54 40f03a2c71b3432e 40cb0ef0fd4a8fa0 c108e3228d455c88 410d56743593cea8 c0f0146745086912 c0fea7247cdfe55a 40d292ec0d226f08 c10492b026d4a85c 40e5eafe0a4f109c c10188d7f3f96248 40cf41b7cc769450 40fa0587179f1782 40ef557fb25177b4 40b7e0cc46e68f00 c10dc089da578316 c104de11f2b42922 c0f23841ffdc6b22 41002151d7378e0b 40f56d276bdef6f7 c0ecfb957c7f204c 40f62c1eadb107be 40e285ee68e8fc86 c108971861c955df 40e18e11784f4cec c10ebeb58dd443ff c0fac97464be96e0 c0d6ca8de1716000 c1010034729021ed c10422b5d7dc7bea c10acc060d5a715d c0f998a65c25bc24 c0ebd7068b2de86b c109046b1a4d0474 40ed3658d5f44f72 40cf7e854e7e055c 410bb37bfaee8072 c0e3c2f000826896 40f23f7d0cf34143 40f35e9cd9dea317 410bff2f98b18ab0 411488044b966ca1 c0f2fa1ae371ac49 40cd959ccd211218 41014638b6afaa2c 40c088a11208b870 40f06263181bcf64 4107a1019252bc4e 410347f0146bdf68 c0ea62bb99a45662 c0e0b7b9b308d8ee 40e4c4c03c00066b 40fdd941eb1b39ef 40fcb8c82929f6c6 41060571271ac046 40fee5abd0edef01 c0fdce656a6668eb c101f794f992e36e c0d29a6f144b4580 c103449e3829d115 40faed91155f42ae c1053076f77b751a c0fc3e54a26157e9 c0ed313fcf68863c c0fa580f196b5bc7 c0e93823543d95e8 40dcf3925b57e564 c10af890a11068f8 4104e2d3b616d82d c0cbb982efe9cbc4 c1066f013ac9e4df c0f72151ad68f301 c0c5234a4aa77f20 c1005cce5a4d60f5 c1093718d9736a8f 410e13d0df90bce5 c0fbd4fd754138f6 c0e1febf16fedc7d 40fe929801825ce4 c1045b03b3cbaf2d 40c02bf5877c0e00 40f54f1dc88c9553 4114e38030459454 41008b8fdd5edb0a c0e912b10330534c c0f7f5352ed2cd33 c0f543de4e91af28 41096dde550a298e 40f91df5eb8a0f38 c1004fb4b3b38ed5 c0e2cb3e7154eb74 c0dbd70875702ea6 c101cb63704e43b8 40f31e247bbf7eaf 40dffdb2f56e600d 40ce331b32ac3044 40d4ea17f0343978 c105df8ef5b56de6 411166521a74cf7f c110af1e38d7f7a9 c0d02cf23f78e5fe c0f7f32bce88253c c0f27258c499dae6 c106fefb76c0ea79 c0c0c360839ef444 c110cb06f2dd26bf 410dc64e86c9e465 40f69b961d00f1be 4112aac9ab6bbfba c0f00d133da2282c c0e6be00ed03ab18 c0f3989c9621dc6e c10a0e70a4c88b70 40f90f6b7ca53d8c 40e96425263392c0 c0ebcd59ca7033d6 4113dcc23431aa1a c103e436b8776266 411159669ecf2a23 c10d21c053ce660b c0f279d746f8d9a4 c0f95c33f829fb9f 40e355a115a5b688 c1056c70546b5521 c0cc3b4152ea6a38 40fc7d6a71fe9481 c0fe745020e1ab8c 40fa7a523513565c c10841ee9e4c4b3b c0fd31d9deaae784 40c43ec2bd529430 4103f669bb943651 c0fa732f6d54df42 c10324ba69f8e902 40f1bf536b3390ea 40f56134c46aba41 40d821ec3f82b59c c0cdbd56b3a0ade0 410aa9d4c4e82f80 c134fa3420251c9a 4163689ef75280e6 c1012a1ccf616fe0 c0fc43c2cea8d280 4101d1240c00b855 c0d7d24b6ef3cc58 4104418c192717bd c0f70aa5ed2b873e c0c0a65d90861478 c11279543f5abddb 40fbcb9e2dbbef15 c0b1cf80ac108840 40e738e2d3c70932 c105156bbc3a6fa1 40d55ea0224c9fc8 c0ef447e8f02f6aa 40d455ab7eaade6c 410afe26b29f3df1 4101594066bae3da 4111e2d87f25b007 c0f3b5b048cbd921 c0fa7940095091f2 c0e0a410571cfa10 c104f3b66b72c85e c1147ec3b5911f20 4107133fec148ca7 410f5812cb685e25 410ab48506956e80 c10fd126ddc787d9 c100adc519ee5464 c0f324d394e30750 40facca1996da544 41019dfd56320000 c0e6f4ed6163902e c105f155ae567084 410eeb41fa2dbc5c 40f62804f72c0dc8 40bad281b5a090c0 40e01882f470cc18 40f1eb6a7434e4e0 c10490c0edfc0a6c 40a2304d2607e9c0 c0f8ec50952eab52 40f1db764bb40028 c10586c41f564870 c0fa6754155ecd79 410ed6b53e38d7e6 408feeae4ddd1a00 c0eb8ffafda20434 40fb3128f28faba1 41042f8cecd93d3e c104574118520a10 c0ef92b248ffc9a9 c10948d900563044 410f5594ab281356 c0db30a94f74f813 c10553bdbe800fe7 4105c6c010f0fa7a c0fe0fdd380c4ee2 c0dd8c4860c35de2 40bbd07c5a48ab38 4112ba138d926edc c0df66320e798cba c11114b6fc195ff2 c0c8109519ff18b0 c0ff4f9aa155d3c9 c0fef1019f33cbf7 c0f5b99083313422 410e28cfa7cc84a7 c0ec37538dae1c3e 40ee6f440897c466 41076630900e6e5a c0ff3bc3c2e96c63 410933fc49fdd771 40f74d0ed262e556 c0f244e08187e1a2 c101987864a8f54a c0e8c81800ed71d7 40f8635466efcb50 c10686d5db44e0a8 40fa1afad2956e3c 4108b3625bf923cc c10ae66bfe6c9a74 40fd94307b1879f0 40e3f207009bb21e 41150316e2d25e4e c11474a0c9ae3749 c0cfca7f39333e60 40eba2b541a68858 40fb2525d3a38888 40d320b1f4cd12ea 41056507c5cba2d5 c0d2bbce1addec9c 40e7c4687089e6ca 40dd98a3fc4a7ab8 40f0d440088bd146 c121722914f1d617 411c971bdee2a6cc c0f1e307797243c6 40cf0f6100db6c70 c0f45b785286fbfa 40fb366747f47a09 410bb5c1066f4527 40fa40dead307130 c0fb24705bd87fb6 40fea670cc341fe4 c0e89aeefaaa41cf c0fa3e90cfb06ea4 c0ff61536bd3c60d 410eb7de6f26339e 40ed1f45c5fbb028 c0c0e8ae76e291e0 4098395408731f60 c0e7ee87df1071e7 c0f05df90606b257 41110df474c29369 41043cc15962772b c0a42d06d9399580 c0d37a450dedcc9c c108c419f25a0686 c0e98d5a4bfd67d3 c10502ec1c65d0c4 c0ee8bcb7637e0fa 40de2622a3bdcef4 c110ec2c6c35e2de 40e4ac4f64bb9d06 c0e412d3d0410406 40e70eccfb85870b 40f7c6cd78adb920 c101778a3cfca353 410ae1ff9214c926 c0ea8ca2309aa4b2 40e8e8f61b3a927c 40f3be3f171c9e7c c1077b160be4abb7 40dc89c27dde4ee6 40cad06e0328c1d4 4110d18c24405e45 c10c29e9436df3b4 4107d04b92b1be58 c0fdeaa57b961ad5 40f12698ba3046d6 c11547f46929486b 40f5e43ac0c3add1 c0f2825e9b7fd94c 40e7a9e19bc45c47 c1010a8ceeb04454 40e5f078b898044c 40fe31ae7c89e795 c108abbc6b5c154b 40f3d67f49857d30 c104f17d585d3cc1 40e4963afb829074 c0ea6bd762badd1e c0e5408c4a449d0a c0fa6e127b450bac c10b990567d0e724 c0f2f03d91e4f2bc c0f051f72fe9cdce 4100f2230cc29a13 c10cb7506e0b1941 40e5ca365b8b5674 c109a0145f5845ce c0f7be8a1e1c89cb c1001b592fcf0662 c1165eb65c1b2b1c c1053ba80fe83117 c11446b4910a42a7 40db8b64a3b6c218 c0ed097619bd4356 c0fcba29f8b15a0b 40ffc05713d7d409 4105cf084bf95c2f 4108c0abc3dcb501 4103f1b8287f1d68 c0d0c8d2a00dae1a c0d34a354e4394ca 40c8111b65560fcc 410148df870bcb4a c0f34828e3700484 40ed32938e18abc7 c0fa2022b96aebc0 c0e68d59c8fae88a c107e03a12a3e654 40e72aa184e36e0f c0e16dc5a1a36904 40f2e7c538acf6c8 41097eb6cb8975ce 40f8db4a21272a38 c10c10887af0f1aa 411041d6b7137573 c0d3084036731ad0 c1184efb5d82dd59 4123a0d5be3b5e26 c0e695e1087f6c90 c0f5748ec9b19c26 410d5012ea4a42f1 410b557b611ce50c c11796b0280b86d2 c0f551cd80ca14fe c0e0d4b6de67797f 40f925a0ae4166f0 40e4415430ddeda4 c0ddf08389329bbc 40fc753599daddae 40ea429777f1aa0c c1131a7920d0766a 40d71579bd3eb220 410b2cbdf410f209 c0cba84cfefc2f44 c10e20f8dedabb74 c0ffe55ca24ec885 c0ff40ad9bca7a1a 40dc8136e42d086c c111fad7fc434dc7 41062677927d72f9 c0f72ed165672302 c0f3858a2990152b c0b08765d88a21e8 40f212be004888d4 c0f1c7b70c743584 4106f9134d2136ec 4114234187c2249e 40ee09eddfc33a1e c0f624746e1c4cd8 c101162c53c5597c 40f18ef358ee2f56 c0df54680fd23e8e c105cdda68ee11f8 41049f8261f8d41e c102f38d0cc1d706 c10e50fb1746a1ea c11457dc63864b1d 410408fd92c2349e c103deb3c40b5910 40ebcd9a959330e6 c10273b2036158c4 c0b30044fd31618c c0fb138b2034ae8b c10d8c8967630698 40df8cda10c62710 40f6eb9a1aab9ba0 410041e76c434661 c0ca643db1fd2630 c0f0c7cdcaa6370c 40f147d3059ec920 c0f88275efca18a6 40f4310c0f097e32 40e661426494518e 410c8d5bf466bd52 40c663766e6ea1e4 40d641493ccf7c08 c0f9a2775ffb832c 40f1d56f9e4b7b28 4101b536cbe48b06 40db8bca33a84a64 c0e0f0456887c632 c0daf476b4fb9f20 c110a161a298daf8 40cf562c6e0ffa70 41090da6cabcbffe 410d6f2d1393a84e c0f1ffad143d2973 c0db25ba4aa83588 c0f39920a06beca0 40ed272038676311 c0ed3b866a27d182 40f89f3f6c043fc8 c0f4b14b42d7b75c c105b36f302dafba c0ec6789b8cbd6a0 c100e08b7d8f49c6 40f68a8e703a59ca 40ec3b497b899962 408f5296434339e0 4100cef9a5f02f6f c10b352195b1d85a c0f01de876530e9a 410d275f706ad11b 410d3891c9523016 c0eb8e4fd6ae7790 40e21e50e2b4edc5 c0ef30035011d671 4110140ff6ff1f14 40fdb274d9d05bec 40ffbae5f4165af4 c10cfc2d0603587b c0f49a16cc6a34ef c10b785de10902cc 4122501b5e4c93c2 c10348622ccf88c8 4104e4dde8bf80f3 c0d25eee26004924 40f64eddaffeb99c 4103fa64943fb604 40d7252e87fae194 4112726216291a1b c0b81f9590d70be0 40f92f659de68e30 40f86f03d39bea42 c0dfb8251eedd2d0 40e0f26bfa2c2a24 c0513ee8c6f2b900 c0e28b2e1e18e29c 40dd9a543173630e c0e0690612b0e4ad c0fe83757230a976 4102c7dde1e67911 41001a0410b2903b c0b07d0e08fe8a80 4104fbec9fbf6ad0 c0f0808e16a63d62 c0f0c3781a9c108e 411276abeefb8529 4106bef0ea5549ab 40d3d5c8fefc45a0 c0cc202288ca83ec c0e08d5f91e6a4a6 40f6758c00633b0a 40f29f0e6d51445e c0f372a249ee456d 40d706ae08d12011 c0dd5d5071d743b0 410279abe00161a8 4103adaa4fd1167d 41129bfd12fa3400 c105d329286c50e6 c0ec54b27e747edd c10e32c137e48bb5 40db24f8a9fba962 40faa59841e5af22 40e01ff63e497007 40ebbf1626477a33 40df3ccbc0ec4a98 40ec73795ae960d9 41053e964fd4549d c10b33b532a23f51 41043cd0639f28fa 408d5bfbc5bff280 c0dd5cfe5b81e1dc c10d514315f8e4e8 4107efa9e607bb16 4106bebc0d07c206 4105007c02c7c581 41129a0ccb9cf72b c1114aa17b8d89a1 c10ce237cc0f1f7f c101dd50ee64c037 40f68dbf53123976 c10ec262ba483151 c100f6365c49bd3e c0f72b85759f2d76 40eb8ead635a6f82 40e56d135eace7d2 c0f5c02213f48b39 410b17bd11dad6e9 c0ffb7e62369f412 40d51cfbee153f35 c0f73edb23917b3f 40fd65b9015a4826 c105ade0e0ae0f76 4104c229578581be 410253c3230c218f c10c436d3f67f0a6 411567d845033235 c10c09443208f52c 40b619595a742008 c1160892bf30fedb 40f348766cefe4d4 40e8e8734807bbb0 40f90dd16ce3069a c10e299a0c27e70e 40ea749eb14f2cb3 40dc67b78acbde61 c100954f9818a08a 40ceaca042c76502 c100701aa2636b3e 4101753541cea409 c10875703bc6ff30 4104021ba3c3c349 410688254b5e6d12 40e7ebaf005567ae c0ec49d4e2757158 c0f87b26c2c83f32 c12bd6ae6141dc12 4136443dd5e97d1c 41031c797118933c 40e54544b791f350 40f9b7d6f0568063 409c2b2539bf14e0 40f1e96578d1bbc7 4103738dbaaeddb0 c0f901bc60405fd0 410b702f6fcf7552 c0e0005018d672d7 c0db28b789041008 c1066f3a17b8e49e c10d8074f4e64a16 410a3c3a7b6da2fe 410f53e849128f50 c0cde1d21784b044 c0f5aa6c403c9cfc c0d146551f11b76a 40d8837801a851e0 c0e4c76879a680f9 40dcab18edd677c6 4107043df9affb30 c0fdc130576bd2c7 c0fb3b0f039f1b71 411034e53007ec1c 40dc0bfac965be28 40ee6129716abb6e c10461afd2086ab0 410518eaf16766b0 4106061e6f268dec 40faa83df5b1e40c 410a4803dabd96ac c111813760d01df9 c0d41c76403ccef8 c10df2d459ef3ec0 40c4c1dcd9ef90e8 410b3faa287e91e5 c108f284301310bc c0f1a9a5bac90e7a c0f64bf42622ac22 c11c92eff05a2e32 41144e8af6464f86 c0e352149b6c05fa 410c287b93dec732 c0de5b532511d9dc 41074f74499e9e6e 40d326bf3c6c78ae 40e132b843952101 c0ea714384762cd8 c104f3023e4056f9 c10334de23f27c24 4110a3b139628440 40fb75dae39dca26 c10df71bc9e6039f 40fd4b5bb44dbe28 c0eb11f1b6d7e2b6 c1088edffb24bc93 4100cd1ad4277ae7 41030daf226c9799 40f378bae10cd7ee 40ef03ba8eeba9ea c0ba54c0a282f1e0 40f8c99ef8df2370 c0e39eb383d1ded5 40b63333f6f61060 c0fd7919048030ef c0f8eee3d501d260 40f7fb5d0225cb38 c111af93536817a4 c0b768854e332540 c102490c6ea86039 40fdd9a2ce7da2a8 40dea5dac6788fc8 c10f114f239d6331 40c7e0d42c4369b8 c0f762d44d95f990 c1002d7037162fea c0fb7db341692e63 40a356011aa708c0 c100e7ae471d2942 c115e41d18925f3e c0f7af5c599c0c54 40e09219a9cc7060 40e6e2e907aa003a 411033067547ce88 40def666dfe0eefc 40eb4620ac6fcdce c0e3b52e7605dba0 4104797e59e51759 c0f447f873c7e23d c0f83e1e36cd88be 411a88e65d41b40c 40ecff18672af460 c0fbad52f6f81d7a c0da1e7e68b06948 c115db269b6010a4 41210fdcdfa9f7cf c112c383adefbb94 c088bc0085b35e80 40f3b9e258a47caf 40d2684e82f9bc60 40f8e7459602691a 40f450168dff7558 40a0eca615ec81d0 40d7dd943155273c 410765d8093d21c1 c10605a7c43ff2a4 c110899612a982ce 40f0647546ab46e0 c0e8b5ca16c946a2 c0ecb06292f46216 410fc8a2ca275952 c1178aeaf517c61a 41063c622b6a5a74 c0f3ce22ea0529a4 c0db39383263d52e c10007ac78d9fb89 c0f60272675429ec 410099c0abb33aeb c0fafe1bb916b5fc 41026021bdd12124 4102198b3150ac8e c0fbdb91b7991016 c111e6380f1d4f59 c0f6f32d99613195 4110190a6e692ebc c0ea8edffa704b67 c0e0100ebc7d5d77 c0f8b05f60edc830 c0fe4eef32a9de4f c0ec36c723bacf00 c1087001a3df1176 c0f8e72158017062 41008e7bc0285ce3 c0e3cc08a76f330e c104adfb6ad00f0e 40f11a5e0035fce8 c113519ab5301eb6 c0f078e48dfe5c2c 4108927d327a39a0 40f0350c9c24903a 40d5281c5c0fa23d 40fa2a67def74378 c0d484882d01e3e6 410293250c3cb6ba 40b6a5cace385550 40de023c340711cc 410aee9adfa15994 4109d027fa6541d9 40e5be6a6b44596c 41097de26dca29db c101e958521b62dd c0b09505facea4a8 40f92c7cd4daca68 40f6ac985daea532 c109ad2908ac32bd 40e4fe4a12e03cf8 c1033d20672fd11f 40e4482606d7eac0 c0d18ee8bfc53020 c10864717d2e8bc3 c106741719279408 40f77e008dad3a7a c1030b3571b17d5a c10d369871fbf6ae c0f112ff7f7c8be8 40fee7d1b7c31674 c109cc722697804e 4105b284c18453f8 41128f422b43b3da c0f82cd0d7a10833 c0f17b8e7aed2c79 410b4a282b437ce4 40fd96d65e9e60a0 c0edc63dafaeb5bc c0ebd84de09980fa 40d8a6243eb4b772 c0fb30f08e08bb02 c0e504d79732356d 40ec65eae654d3e5 c0d14e2c115ea580 411072a78f39ad42 410075f7ddd291f6 c1130cb88e091bd7 40e8ce16190020c0 c10b1da203279f0c c0ed9c844dbbe89e 410a3ff57cf8eeed c0f6b3fb64d1fc3d c0ea994551a0af48 c1014c9601432002 c124a1bcc45cc527 412009c1940d7003 c0b3a0c71b8bde40 c110b4c1e0a2c655 c10ed83fd6fda838 c0febe9de265dfa5 40f73028978b3153 40ebb57b73caf788 40e2ebc89bd0d090 c0f3cdb3dee8fee6 4112cc5c0edd58f5 410e650e6783d8e7 c109a9ca5851977b 41133a90fdb93282 411016e158254d79 c10c9b781bc273f9 40faa6fcf15d9022 c1133cd7602439d6 c1055dc33bac4b44 40f69bd1317fc8b0 410cc1309b5b8e76 4103684dba8d9be8 c0f1a7490ce1fe09 c0fc1b45781a3a18 c0fd648f9265c166 c0f10d421bd4f9f9 c10e8bf6c95df54e 40e58f83e08177f0 c0fbd27372339266 40f5be3e2ee52d40 40c916867c4dd730 c10f377e363a0559 c0ff281358d1a259 40ee0a5c3fb71d44 40faa8b73c14d7e8 c0e2551cd2810675 c1036a7ebd800873 c07059c236f3a800 410cf089e3e07cb8 40f6f7b81ce6b588 40f2cb3c59bd7032 c0f9558379b209ac 40f1425c6264d86e 40d46826b69cf4be 40c28d7c4f9e886c 40fcb87dd47e8208 4105efd6a699b107 40fde13bb1bad9c6 c107911a459fe690 410b86f121447320 c0cf474030ef1268 c0f60a2337817c3c 40f02b90a67034c2 410542a0afaf92a4 40f46fca84afda0e c0d61ed5ca2ac344 c0f737d570a08dd6 40daff3d84977e90 c112f276205afa30 c0fbab6215ee3a5b 410942601e886206 410118fc8e7ce976 40e54a6d8f5788f0 4110f2941cb580fd 40dfd8ba4438a4ae 40f7dc13ae8d7667 40ea872430c9a21a c1030515183629b2 40f0858003731e47 c0f6420ae63a5b4e c1019e9ae43305b2 c10473abcac0aa0d c0eb3914b1ea6c9c 4104315b75035c06 40b6109e6ceba3c0 c11071ef2c4b3fd1 40f1d23185e182da c0ee94e0d8d8351d 40fe01c1ad62d2cc 40ef34c4541d6a5a 41024b55e53198ea 410bb37b60959ce0 c0c7faf3b2860fa4 c0e44bfdff993072 c0f5ceafe7bfbcc0 c0e91bcfc579fe34 40fde61ce4a6f71e c0f45dbe4658f59e c10b27485cd21433 c0fddedac58e525a c0b266f0077b1f60 c0e977539a092550 c0fe23d4575e13e1 40f8a24dc3d1bc95 c0fd4c7dbb5864c4 c10867138cf19a3a c1125079de8cd7ae 410ecdeb59b4e274 c0ebd4e4c45e46ec 40ffdb82418b3daf c1105100bdf64adf 40f08b5df6183226 40f5dcce1ded45f8 40fb9b36777e40b5 410471393ae1c41c 40df2a3a5d5d82ac c0f445f75cc73df6 c0d58d0c8cd3871c c100b477027a67b5 c0fb6d5dab911b0a c10f5f617f791f5d 40eab0f17da6dbf8 40c03cfa2af5e568 c10d4d5dd2f41258 c0e59d9e3247f6eb c0efa5386e810f88 41092813b566d23d 4100dd0505671772 40ef3b2000cd6464 40d7614d6fb0708e c0b97dc11037ecf8 40fc37d0eb26edfe c0e3a9ab8f7e08e4 4114be2ef5600501 c10ae5dd5870e6f0 c0ea6396aecd0c5c c10299fbc41ad9ac c10b160b5d9b4c27 c1101de40bef4262 40f2fd071330b4be 410c488e5928c111 40f5a5b5f2c4cd1f c0f1b7c1be9c5f72 c0fd398c7d325bb4 c0fbcfa72613edd9 40dfa546db58915c 41063050b99144ee c0ea058f2f68f2dc 410dfad0f0395a27 c10accbd1b7b878a 40e5da58cf20551a 410295cf73e6e05c c0bcfcef1f1c3b00 c10adc1231cc35f4 c1143e9f34595f4c 4105481fc0930908 4101e643615a04f7 c0c5aba2c1eaab70 40f1bb51b5404e82 411339763c53a222 40e0a94891e7adee c0c47d42e14b21b8 c0f4f38fbcb29af0 40dde547365498d0 40d65699d3c3ca90 410090510eee79c9 410272a22e8be9a0 c10a9a790ea110cc c10529877e958930 c0da0f6ea316aaf0 c1192b8dff42235a 40f3b4812443a642 c0f5065af34b9654 410ecd54e79dfc07 c100d83fabb3164e 40f1996c10bf418e c102c02dffcff40c 40edfb96bb01edf8 c0fdfafa56bef8b6 40e6ef708acb150a c0ecd21f3df7b14e 4113bb0208dac2f0 410748e55f4ee09e c0eb7e0fec02276e 40fe85fc47abe5fe c10a8214a876fd06 40ea63f4422d13e6 410199e4e9398a58 c10c1c042ea354e2 41105632d11da810 c10fb5bb04e1cadf 40f7cb2df3ae4761 41020a072158f191 c0b11a88116ae420 c0e30949efbc53fc 410d8984b81406ec c0f4d9f2f9303642 c0f1eae1fedaaf02 c10eeb6320255882 c0faef801a237a73 40dfc418d27f06a0 40fdcf5bf2032848 c14131ab82079952
M 1536 1536
V 4159d3c1ac107a0c c1845c635adbdcfa c19ad367a0a31079 41112c7c0ab7f353 c107aaf7ffee4df1 4101d4e17c5958c1 c0f15a29c7f36069 c0d3e150c5013fcd c12560f274050eba c115b0b92c72fd5c 4109c965ce033a3c 40dd712a04686831 c0f432e3e8381b08 40ebdd6aeb5c9a4c 40f77c7cc121a205 c0e3ec93ad109838 41000f387826715e 40e3e4638134fb1d 40da1168a79524a9 c0eab8f5f06de89a 40ea2d17b20e2950 410bafd59c4ec6b0 c1102145a2802bcf c1094c6069f556a0 40eef10b811b26da 41364b6e8662adf8 c12a95941d256743 41012ca2711f8257 c0fbf74c1015ddff c0ee1f5d48ae74d1 c0c4a38be8f965f2 41134f3921980a9b 40da70ddbb298b90 4119fb850b239f4c 412074e13dfaa95e 40e82e04a57c7859 c0ee5f4e601144ca 40f41ead065a58ad 410e63d0b32de38a 4100de0b6b85ba4f c0f7559014fddf6f c0f1716145ccf7cf 40e2dd0f6120f261 c11da2cd7a64fc69 40fe404523e63083 c13b935e2e57c060 4125f7b05553168e c0dbe3ccdc9280e0 40eac5353bd03bbf 414a49510ef29648 410a2bb6438b81a7 c0ec84033d61e875 c100fc102ecb7fa5 40f50764e5a13268 c0f0c092c48ee3ba c1161be07877af57 40e03d14ac31c1ca 411b755a189019e0 c102e588d55ec869 40ceb576ab2e2aca 40f85c9a4e5f1324 c0ff08869168e3b7 412156fe2bb298a3 4111dd5aa2cf2fed 40e05aa87adfbe84 c0f6b1069a06382f 410782f596850672 41173cdc644f7e40 c0c35ac084454df8 c1278572e5a3a9e2 41189b75e255aa12 c0ee7312a30a7c5f 40fa4a798c3d7ecf 4112950a5f0704f4 c0fa9486e4823bd8 40b5ff2fe56deac0 c0cb0679cbf33d38 40f7f3ac6be69a79 c0f05ac388f93763 410c4b2571791495 4115f159ed9dd838 40e776129e868eb8 c119a1230243fbae 40e2f5a3a81f206b 410354b5cb20fa48 c12a59610f5fbeba c112f899a34f497e c0f9180582a648e7 c0fe37838b5c410a 40d533186587077a c0f888c2cf81d754 c101daaabffb9765 c0e77d23bb0672ac c12cd9bfabf2189a 414141c71ffee4b0 c112861bc8b0ca62 410f852aa812ecb2 c1466603376e789b c15e5a16afe4aa9a 4101be975bd6d206 40e11ce855785204 410445bae4b9403d 4100482ad327624b c10d99bd583b7179 41003e444f92b580 c10559ed9eb6c4e1 c0ec9e214c72e3ca c0f32b2d66e70018 410592ebf4c92d22 40fcffc392197b86 c1118c648f134eff c10d05e5f878ac4b c1059f5f3881d4e3 c0e1c66c6a83be56 410199545bc763ef 41145b894bac329e c0e93c89503bb3f9 c0f739fbb75cfdda 4118539f93b5ed65 c0ea34796ca23c50 c08eec79da880b80 c10d1d19b13fe95d 414031942fc26872 40eb4f13e578f6a4 c113b2c6693fc5ac c0e35eafd61d54cb c0f90ef6b7cfb84c 4109fb513e8a171d 40f9a21c9926dadc c127426b36ae0924 c0ffd1239b583473 40d6fbd4ef9edfa9 c0f14dfbaf32152c c11ec578cfff8e77 40f7f77b21e8d294 c0dd4c8726338e9c 40f5119492963932 c1039af6d924e02d 40fc8188d17f9cc0 c1108d33a32a28f2 41074db8f2c0f8b2 414928e4d30ecd39 412a1c04e02550d9 c10028024b4c6f1e 40fed5784e7a15bb c13b0d5f196ece0d 41314b71cd99e4e1 c0d3c6b2aa1860be c11060c259aea6e5 c0b11b506abdfdc0 c0f34c08cfbb1883 4100bda2196d6048 40fc87880b042eb0 c0e932f2fbddaaf4 c117ee03423b8069 c0fe7e33a0580e28 c0f1fab6d74cdd9f c109118200e4a275 c113be786817ee38 410ef3b1ab02efb4 410285ef906d7eda c1019879c663b234 4108f930d5b2be87 c112587f720fcef5 c102e82bad14884b 41343fb1f7d83f76 c12f172f2c9efc0e c0e338fc2f87ae5a 40e2612275df5b95 c1126f17732c6d5e 411ac053a40684ec c0f552014eb59d7a 41117bb24668dae0 41044fddddefe8ea 40e157d0065f7336 40e0472b4b3fc4a8 40f3da9ec0fc8a7f c11270fd748e4e5c 41009ee2c56a6c22 40d3288700ce7bcc 40e097fdb4b8252c c0fe12de68775f79 c11c8c9bf4e5e848 c0f17d29113e316a c11ab7480a93c855 40e9b26c27841487 40fd47f5f80e9fb8 40f25139fb8305bb c108604edc0c8ba5 c15ec0825d29cf61 c1567c5daa1a0772 c10c8f16d82f712c 41212ac7889bc566 c1613e0b9b3aa65a 4147c2d99fee2b60 c0ec8be94e535a85 411300bd7eefa496 c113250452143257 40e63b8646c9ab94 c0f12c5a8d057d5d c0f8211fa3b95491 c0fe07cd42baa184 c10fdd57ecb37e1e 40f19ea9ecba95db c0cfb3e0372a3f10 c133f14c5086aac5 c116c40035a3e90e c0da594b0655e754 c10edef2554b8241 c0fec1e5020d94cb 409c935bd6ef46f0 c11150db88201d4e c109f9f9e4bef184 41214ddf91b25173 41242bb5b773d021 c0f01a307ac20dfe 40cb81ab8ac3e920 c11df1412d2584ef c1227bb95328a39a 4100bae6f25d521a 40f70e391f6c0d2a 411084b8f828e592 c0caf4c7ec9a7283 c0fa7a34c49216b4 c10907dfd3d5d95f 40f645ce08d65609 c0b0df26a01e4958 c0fd0beb305b7344 41107859f442f19f c11ae89923c4daa0 c0f5e9ca159e4296 4107b2b884c63c47 41164a17c7f5a6b3 c0f7c5e15c670528 41003a3ceffd1702 c0fcb3e3b9303c67 4100a1e7229560c0 412c86a40deff25e c11a6c0fffd28fa5 40e8b6af5d4c293b c08f92e52eabfb40 413cfd33df89a790 411f706939544ba6 c10218d1a4e710b1 411bfdeb920f2eac c0f3ff0f0feac716 410f58f7a4a92078 40f7ce58cfda40e0 40fc8a53cec78193 c11001ef1b7455dc 410f0b1473df2b0d c0f0001109f4026e 40fe7c5d0b5bdd17 410f4fc583f6be47 c103b0e31b69212c 411105e0119dd785 40f5682f2c5b5d02 c10a1e3ce48ba47e c0b8015d4000f303 4115d0b14b8c3087 4109fce7c97ccc75 4128c787a63d7b75 413095890aa3fadb c0eb6f897954ed71 40ff3bca625480d7 c1022f6aa7d038b9 c0fc18cbb052dfc2 40e7960fc779804d c100cc1c7ee376c8 c0f17ab62466210c c0de83650a9fce0d 41055cda91be116c 40fa9cd4eb832ef0 411881a7536e550b c106279ad170041e c0faaeadd50ad8fc c0e1e7fdd91ba91c 4121b102279880ee 40f1937f254177c2 4111e2063c18567c 410953ac68af1896 c0e29746a360dd33 410efe6cfacc71f4 41059f0f189d330f 40f6db4525b27c62 4153c1e323efdf46 414c6820ee0ddb1e c101e64aeb133477 4114c38a6d1516f5 c13e9c67efa4352b 41417dddc5326cc9 40e8f2852b70e0af 410fd8ca14a0dbb8 40f9017680ae0625 c0f0502b2870b850 4125056bedee3a9f c0f67e3cdf2e319a 40e42b715dcbac6c 412584bc393f1021 c0d3e45a32425176 c0e1dffe0b9ab12b c0e50ca2db16d00a 4107c56c7b534096 4115d8ebed1ed166 40e24bf06648d732 c0ec3bf7776beb29 40f6605a92cc48ec 410b2ca02f7a79eb c0f6d9b67d7d4975 c119153b50cf91fc 40fe28ff76876000 c0e316419fa5436e 4105959b1b23b56a 413783db6bebae5e 4112e0c54d80ab39 4110c1af7f6923b4 c0ff902ca8b848e2 40d2c792fb84a494 40dc3e6c6f0c473c c0fa2e16e0ad6169 c109004b5af33ad0 411112de8e94b5b0 411553f322eff3e4 40f93ade9728b5c4 40f69a0f1f7313f0 c11c86197febf8e8 41145944c3d0ae28 4118ff4811a0b26e 410b99c923389d5a 40f4e69dc9586eae 4110a1fbc271e7a3 41045caf3e59f9b4 410387044e209c34 c1004c707d20c0c8 41328f7bac1ca3d6 c100ba5377beb92b 41006f5d4ce6c1ba 4108f697251c9dba 411b1011a89d4ff0 4100948fd90059b4 410d903e2a674554 4103ce26d793854a c0f99bb2776da3b2 4123f213a447c114 c1184205a29a8390 c111b9a5f3ff0f1e c106499c3ff49d22 40e812286c55cc81 c0fb73a66d519bc1 c114e31fbc4ef860 c112c5013a9b054f 40e3b804c89829c8 c1126641d691a055 c0eb4db67a851c57 410957cc19055605 c0f8e88bbc7ebec3 c0a57c21181258f0 c10ea56c2cddced0 c129bad2a4b8693c c0fda27168f37feb 4074c89b40090b00 4120f86d42cb054a 41283fff52acffe0 c1131359332004e0 c0f821061aeb93bc c0b913a239ddfadd 40ed1c44c365a8fe 410b1205c271e9c4 c0f012f5a7eb0472 c121708b7ee24cd4 c12d1db92bc91cd0 40e5b31e96f17b2e 410072de336cd0bb c113f7d4f45f02e9 410c499b5fedec35 c0c6b5ad8a713738 40fb8c3713295bcf c0fe96741a0ad26c c0f5d3da4adc8434 41105f44521edf0c 40c67c0bf5f52f7a c1422300ec6b20c6 412d4ea249580fa4 c12384323a241496 412e5d55715fbe29 41644e27e0ba7bf8 416012a6ec92f24f 40e8961ce547d885 c107f411babc629e 40fdc313cf4b4e56 40f2210047391f83 c10cf20d03942287 40f93550ca7edbae c0e8940e3633c416 40a2153d62d58f80 c0fc3cc422521ab6 c0f298ecfbcb667d 412a564f3a9c2ed7 4129f1de7d280628 4103e81d36f88065 410b1e0b39eda835 c0d9d59a5ff91672 c0e1d0c6eef13d15 c105c303e7defbbe c0f1ddf09c8a5ccb c10a91337dbfaf72 c1166dec0a1d432d c0f2a18f15735639 40fef4603427653d 4121e592beb762d9 c10b047d48a53c3a 410c1edc7abd380e 41082573f78df267 40f4329aa36f70ce c0f27120fdf9064f 411b27a46a073235 c0fd590296842290 c11a46c9da11b00e c114777fe9cbf9e4 40c574c0aa7e0a72 4107c78196206836 c122d6a4f9af9a5f c0fae97d836652ad 4102021a2232383a c11c7f968cbd010d 410c834dd70cdca2 c0d2d2745ad73808 41100faa7651fd88 c0f47d042c236bc1 40faebf968ab0650 4128b892a898ad89 40eebcfd5750ae5c c0f0fc2b97320826 c1403b10ce27a96a c137633a0fc4ab5c 40ef06fe50e7b8ad 41059d20400f3c2f c10c743536dcc1f0 40f50287f50c1dc2 c100c754c3b3b68a c111e1ff0f7791c1 c11dabee237dfb08 c0f90f151ca72dc6 40e59710bc420fdc c0e2039ded448542 c0e1b73966ec020c c108a8aba6dff0d3 4117e2c7dae5a1e7 40ed8063002f241d c0f1d576fbacf0f9 40d9a41c4e9a2c20 40f41ab341b0a060 c10edea575f29197 41331e1ac4e1bc06 4105771135c40f5f 40ef1d38b7cf4794 40ce6dbb7ee7429a c132efeef0e13f0c c0e9aaa8ed7db002 c0fc6f722bb06364 c10128adcbdbb9ec 40d408ced07597c4 40d53df11b693c8c c1039c2258627fdc c11211efb732382a 40f7c876a3ad8f8f 410f37771d21ce9e 40e679ed5ad4547f c0e53d061e7fa292 40f297957b8cf0ee c108f7b7e13c594f 40fcaf5ed19ba125 411856d97b73fbc2 c0ec4e3be564cafd c0fbcf2c60464ca3 412816f4d5343367 40f1f26e6de47307 413771341c49e6b4 41494c7b4776c38b c10ad91a8a05c996 411315397517d861 c14a83744b8c1601 c1504c018f8d794a c0dfad9d970e4de7 c101ff1c18d0f1a1 410009b6cf4a92c5 c0e7352852b5060d c0beb28bf542c602 40b56f3e0e5fe422 c109328d3385a147 411f5e7328c7b226 c103f7da32277b55 4102cdedb2884d6d c0fabcf560dd4a73 c13267ac2011c558 4104580e3bc6dea7 c1004bd73e1cc024 40fe24ee1657c775 40e8d21115dd170f c0f2d6f1bbab8b82 c111126a0fe18f1c c1156a3120e71db1 4102ae182ab057cc c0ebbbea1b7b2ce1 40fa78be23fe855c 411d02dab85ab474 c13025dde8bc73de 40b742583310a3a0 c10e8f5830dd98a1 4107d1f7e0a93ca3 c0e23fee1e900b0e c0d44c1b4199c74e c0c8df2ebfeb4928 4124254908ca38c2 40fe101d37daa3e0 c0fd8535db270e37 40f411be4ffc8fe0 411600232026570e 40ee8b65db96885f 40eab4e6ff4b6e52 41044c66488ef698 c10a1c70b7d43636 40c63038658d9b28 411742b6aca8ba3e c0f6df10741c9bde c12098b0b50f07d8 c143d1f019b5baaf c0f5b6ca2f84ab51 40fa34b4634b3bac 4119c256736350da 4102b070d056a3ab 40e71aa0119cd273 4116144117d68e54 40e21c51e1c5300b c0c33377ab8d3b6c c110b7331908ad36 c11dc802ceeb5d42 410139513558fc67 4113ecba2fd99827 c0fc0e798736d2be 40d1b586e5c2352d c120dc3c8c2d31ca c11494e20ab596c4 c0d8a96094a3c1fe c11a2587aeae74e6 c0fa2deda82cb9ca 40f02df22cc7ee38 c11912a6741db2b6 c0faded464139e37 c11fddc5faa5336e 412b6c18a68d5fe4 c0fd68d9c8c12da5 40e997ca93196461 4133b53e16bf3e09 410d32bfd17c3bed 41005c06de7d389a 41156b1a6aa37870 40f200274a9f4daf 40f0360f0f0bcccf c10ccbb68548e3a8 40e3f198cf3a2082 c0e79880a44baf94 4131f107cab464bd 40d55850d15f3e24 c0fd6db6b7203ccb 4123cf4882a7611b c10bd605adfb2dc9 4102fc430a446462 41224d662f2d1014 c101320d80790d94 41013a2ba31a22b7 4117486a35fd1d69 40e7c201cb0b7e44 41350708b8087bd0 4157d5b0c544a3cc c119ee039629f236 41175def9c0fc699 41414660ed5d5776 4144f50104f34eb4 410aa9877c41f956 c0fdeedfb6ea9455 40fc974ad75fb304 4102875960b02fb9 40f5c06a19bb78dc 41064502efabd05c c114ce19d19d77dc 412399cd4a5be3c2 c1001c5329f94888 41025254bb80f61e 412c2860a03f42ff 40f91033243f0cda 40e46f6189af7343 c11341481e7c8368 c0f2a886e9665086 c0fec9f3af755d09 411830c0d1703d0b 4113abd7f31200ba 40fe474e92c0def7 41203353848df3f6 c0ed0dbb14c9a3ce 40d2e94936f6a08d c1397124f7484011 4127fa868f405c8d 40dbfef4806482b2 40ff4a9f48b265fa 40b9c90d89b23043 40ea8a7b31ce3938 c1141cb7d9b904b8 4111725f6a7292ce c0f95610f4d68205 c12d74f709460737 c0f3068079a75107 40fc50d1db1b048b 412344a140000b98 c1001668b39764c6 c0e71388a81f70cc 40ffd0187fce7238 40d58d5e1f32efc2 40f42adbd7710f64 40f274bf91e7d436 41052d59d96a8bd8 c1366eaa86308ec0 411b28e4e8565908 c0fee92eca353340 4101a3afc9211821 4113b4aeb1b6b3e2 40d3b7fe967bb114 40f162e09fe01a59 411165114200da18 40e2e9bbfda21926 409fc34320ea7d08 c10d5b20fb26b0a1 c1101fdb8be31739 411033c2cd86a0be c11af18d168b0267 40ff33fa2e6a27b9 c0d77e7af695c8b4 40fbd34ab3e7600c 412276c6e08d0cc2 40b2e109c71d8d1e 41116b74d9967e8d 40dc6fb86f177036 c0ce489911bc479c c0e21dea9582cf80 40e3a166df2619b8 4115ad676b057421 4123445c7b9b1cc5 c0c900a3ef0c9336 40e74771bfeb232c c0f986394f23f5fd c119133c2fd04e82 c10c343453e51812 c0e337c4606dd801 41013b931ba72173 c0ed645278d43f8a 411062f418e35065 4112cdc96240de66 c11554fb17bc12a8 c12903fea1fbbcca c0f00502f4d7ff09 c0e71975853ef17c 4113f4c471a4e849 c10511eee1bd20e6 4107147423402667 41115f40a36c4d44 c09f3f928ed0c001 40edb45d367669a4 c0fea43aec2072e4 c0e0423292051904 415ad07af7ef36ce c140b48f3dd94b2c c1023b124ddbae0b 41045cb7b7d9901e c12d00411256b590 c12e64beb97394f4 4107492d799ac8c4 410e6f89719c8eb2 40f4ffb6e4f42723 40c97619e4b97ce4 4116c589be1b6c97 c100012f65653de0 41113c23128aedbe 4117dd2fd5d3ee4c c0f3990920ee8ca6 c0f8341aa9e58b2b c127b987230325bb 40f9065974a3f129 c106f64539938a33 c102245dfff5a93a c0b69a7a36b12384 c0f6f28f12d259c8 41137cf9440f4128 4106b139e2ae87f2 c11775b1e4cacc6e 4105c543bde4662c c0e5a9720b7345ea 40fc7051080870c4 c106e3ce8be51693 4132c5f811519eda c0ea522204700a79 c0f50820ee8241c0 c0f251e9ebbb9318 c1068b013a8f9c09 c1194e45b441c3b8 41050def263e3f4f c11e70e1ef1e3ea5 411e6453c6d7055a c0ee0e7e12e27a08 c0e23942ece03a24 c113585db65c5979 c122273122749d0e 40ef8b57da0e64ea c10324b49be9361a 41041198c3d502d1 c0f4777360230552 410bdf09e032308e 40eed6bd20f73b5b c12c81467566521e c1276deb56479c89 c105f34354d6fbb1 40dcf33eaba3d230 412ac21db9c06105 c1102138317665af 40b82e7182a231a2 411c5b41dcbf7da7 40f361526294ff88 410510d213871610 c10ddc70e4f81f22 40e579ea1bdd7af2 c109dc1bda838b2d c0e7eb6dc9118df8 40f2d736a4e66033 c0f4d7bd66aeb3a3 c1187bbfc91f69e8 c121328d8120cac7 4113fd578404d69e 412207a57b047402 c0e904f893ec85c1 c0c173490efa1db6 c111080deb9cd354 4106ad1d819b0a6e 4133b24d32127cfa 411bc0e77381af77 c0f32d9b797ef774 4102debc1dbcbca7 c0ec8f792cd17ff4 c125cd2196bf1ada c11345488178f8f2 c1051313e0b5c3b6 40fa0be64dace94c c0cb27601cbee71e 40cd46edc38bd8d0 40ff5a8ed690103d 412a1c60440855d2 c1088f4fb0174290 c1002cb11e60a557 c0f2da6cc617ddc4 4115a9253fb66761 c0d329f014154ffe 4110d6577adc736f 40f092d441074cbc c0ea2c2e7dff9b46 40ee5924b96fef44 c112b5075e1f2c61 c0f6e67df22a0484 c153f87f6be41def 417ebaff8a1c0116 c1373ee3421ec4e8 40df9951681cdc00 419f9eae4ecc16b3 419432d5e1fda349 40fefd752e1a2c99 410e930c61d5aed9 c0e092e6f79d10a5 c0db810a577a6b3a 410423e1b62ee7f3 410839aff06e4cc4 40d6261ecf5f57a8 c1005d05a99b20ca c0c1c21b00553df0 c0ee17d5ed72f7e6 c1010920f8d6b960 411009a29c88a310 40caaeb7f9c3a869 411b729fd3b930ad c10da2d294589ce8 4109b683c86b6908 c116c8424c7f242a 410beb1f6cf22b86 40e9f72d4409869e c1249fc99c20f5cd 40babb5a9905ae28 40f7d7a01382b5b0 c13af47eecb171b8 c13a5d04ef7577f3 c10d40723ca2c133 c10e0a7cefd24b0a 40c54cff65994395 40f47d4200643483 c101af830cc35920 40f8efd1c8a15565 c109260c44c580da 4121f72b282142b7 40e68b8e6179fe68 40e9cef22fb27c6c c0fcf4b622d1a3bd c0f40cd2dbc18088 c107a4abf5a5df79 40f3518b56c904e9 c0d32b1681c3bc7e 40e9b39e55955fc8 4115e3c83a3e6470 411486b2eca5408d 41269808e58984cc c0f4de9a6e39c225 c0d0492bfe89d9dc 40e089d6628c64ab 41339a3712a47a98 4142d52513051823 c0ef0749394c4851 c11ad66a90f6d416 c1126a06890d2701 40ca6e09308a6fcb c111970f49145bbe c112aae3e84b182a 40b44261c2e87e40 c0c7d7e54643e0dc c1049d9557ee95bb 410322ff11b31413 c0f24efc403fb678 412f6dd827065f8d 40f465f736e760fe c115f543102ed9ac c0d1fe07572310d1 c0f9d7e36d9b4e8a 410fefab0ff21f69 40f3cab652ec016f c1198ece3d2298ec 412e2fe55860665c c0e7e115a18730e6 40ed81386e4b4876 c125a2afd1d632de 4115191c70386724 c102cfb14c15cc4e c0fdf9afd05cfbd0 40ec0bff6d3cd52c c0fb6582c4f6456a c0f932308e56ad71 c0d27c796f4c5d78 c128422d5ecc7167 4121ccaabe754db4 c0f0f1437d2f2229 410270ff19363fe6 4106dd2ea1b5f88b c0fcbe39033ed72a 40e681dfd1a5ec04 4116da874cc60ea6 41010613795f1e15 41026528a633a5af 410ae5d4f3485261 c102a6ae57ce5590 c121bb3acb464ec9 412d1b1f6b8fab52 c1001963bf221ba5 40f7bd3eefb51ad4 c12b42bdb827f560 c12663b4c7e3b29e c0f0f8ce4fccae58 4112dc9652da748b c0f712c4a4b676b2 40bc16053eebf428 c110b31f2f6dddbb c10327f871a27ba1 c10acb02ea87c9b4 c11091b06437eb24 c0ed446e1cf097c7 40e35d8c03a206aa c11d38fb1e5d504d c0ecd70ef4439b62 c0f138eda5f583c1 40e2aa9a12c7d46c 40e95292b31c353b 41058fdf96ae7b0e c0eb3cb3dc1846a8 c0e8ff54ef73502e c10b41392b874482 c1307b2444f524f4 40f13e064ebc97fc c1031e3860279208 411eb8c9b769b490 4104f047524c85f4 c110e3fdbacfc5d4 411f2d17ce5d748d c0d01c5672912244 40f1c622310efb81 c0f8cb345f8c99d8 4114053d28abc2ee 40fa77ad2a5db4a0 c10097f8a00be64e 40e66c8ce7ead2a4 40fb43e55186fa16 411285c8d4a00584 c0d7b8046ec44a22 40c01ba28d248339 4123eee7211af149 c0f3951dfdeabc4c 4101c6e69bda0706 40f33b2834c1fdcc 4102a317ae6ed54c c135acf32b44f771 412ab9d58b87b442 4106949d0840c591 c0ff29297e708ddf c11922f55fe842ac c1140cd694a4367f 40fc5677969d497f c10c5fda0acca8d8 c1047355c3c8fa93 c0f59f648daf6e22 c11d4e2e22ee4252 410601162dab1de8 c102abaf8807b747 c102a20a868a5d0a c101bc4ecf5d4f69 c069cb024ab83700 40ea58da4a6e63e4 c11ea398ff9a00fa c10c7d3a9caa4431 c0c28aed6fde3a30 40a663cf6acfcdc0 c0fa8fcac558af80 41000aee8a0b672a 4118496c74e7b08c c0a224b6b434df00 c13ed10a8a1f5b1b 410263675efd1fcd c0f63fb5f4d2326a 412bc3fadb40d0a8 c11b2f6e758d660d 4106166137ba3501 410ce3dddc02fa2c 4100d56d729071c2 c0d6d34b9f39a5f5 c112ab2391f35527 40eb7a8b91e3f3b8 41147c5735c8b22d c1158e7d1c4572d4 40f1912cf2d40032 c0f86a824749e3de c111278d065c8444 410371f054a67647 40e8163f034aaf30 41057b1051c3d39e 40f6c28eede5313b 41050d50271dfc6a 410c83eef8c08584 40f036a7a76e3fd7 4146af8d14e24bb2 c11b03a5d7721210 c0e8a10715a2650a c10a3b4aaee3d2ab c164cd2f4515f7f4 415307d28ae94976 4109a934ef2deaee 410cb25f0431046b 40fbda9534391bae c0f5b62d9618d077 c1200ebe35ef3073 c10fcb72815f8ce5 40c95199b1630450 40ed18664d45ad1b 40f17d8d0d6fc4ca 40ed47c719b6d0af c100ebda5e5aebe2 c10721fb36ee20a2 411008a8d7554b59 410948bdd9d1ada0 410ac8a4330e752c c0f7f173a8cca3f3 41005eba267a19a4 c11052059f055219 c1300c6fe3cd11e5 4124642340dd3922 40da6d98665ffeb1 c0f68da21129b983 c131c6472ab04ab4 c1218ee5a6c11487 c0e9ed6fe41bf24e 41196d32acef2cac c0bc6ddb81cb0650 40e873c55bab7484 c11efd7d79c2d2cb 40f28524b1fde046 41123cc3eb78c346 c0f964f876e490df 40ef6b24e297ed9b c0f15e00d3596006 40e2208cc6eb8f9a 41214d270a129659 c11a30d1aa59a9b9 4102ca16c7358869 40f889c9a5b5542e 40dd85bdde85f871 c118140935b86092 410773c74dd9eb30 c11477c8f55a720f c140a3bfc0d58844 c0f0ef75a0fae71f 40f79da99596c835 4105c4b48eea83b8 4108b292399721f9 c0f2c2923038603a c11b1ce0d6865034 40d05fb6fc28bc37 c0edd6e4126021d9 40c618e0bcb0db5c c114dbcb1b1eb9d3 c102af365ce6872a c0e9629d5a8bd17d 40bad0b88b6204ed c0e782a5c316a621 c13347e7bbdfbc2b c100e8098914c3da 40e9ef6ec25a9740 c101b8c7f72f41f6 c1005743c26f66d2 40ca3b8b1fe8e14f 40f63cb41b0296a4 c1005e741f75fc68 41154aeed897cfb0 c11635baa01f9d50 40d16d4f2b07804e c0f5a91644dc7c16 411fc5090ecbb53e c11d725b47ff8320 c0f43a81489a57e5 c11409dcdbd20aaf c0f438873a85001d c0f64f661cc7164e 40da3993d0236b2a 40b0004923b23fd8 41168571e3d19afd 4121b04849c18eba c0fdfd646e54a04b c0d8c3f30793806a c1215f86b4b59764 c11d351c36614b7a 40e8b6ec5e0898ee c0e128940574771a 40f070940a2d6f57 41094efac08ff7ad 40fca17995df2a25 c0f17b9223ce7221 c12f343b72815d02 c13e1cd35db06ea5 4085b35b9d7bf640 40fb76747d1548fe 41475251d96e7443 c148ac2cf9ce7268 c0cc4c52388320dc c0fb27fecfc28a61 c0f7f4dfb62b9854 40e91b4c2296b730 c114a382e1ac0ad5 c0e77145104ed784 4110131257b956c5 c0f226b49ca59570 40a0db439bf7fc5d 40edc8e3eb90cda1 c1086220c07238c4 410635cd3835c38c 4102d975e8df67d7 c0fd79ff1e9da7c0 4101d183a9dcbc03 40f79f07bd2438be 40f5a9bd11d18ac1 c0f7a1c590211bbd 4125443ed9e7c2ba c1170b26f3df1de8 c0c353dc458d53ef 40ef9475382634d6 41306dae994a17c6 c0e96c85e5b169a7 40e12bf7720af7d8 40ec74556537fb77 c102a72fdbbaf6f0 40e61b6862af859a c1111fbaac543913 c10a14b4a0447116 40fffd6cc4906aa7 4118dc29fd091cfe c0da29afd09c831c 41041b452a55cb73 41047a3eacace248 4111bf82b0588dd0 c10a26c58494d286 c0f464ca9c284506 410519279048a0d9 40b31f450a2b6f3c c0fd657bf5e100bb 4105e2f390493753 4130159af353fcec 414038e37cab75bf c0c76555d46f4714 c0d372614512e596 411b9b07018b7a3e 41129c20643108b3 c10a94f7af690da8 410eaa5fa545b1cb 40b1f59f9c45ebc8 4104bdf82f34df25 c102cd9bf77a9889 41088b5575a145ba c12ade52e5a4fad5 c1170d4f12175c06 40ef76fb77e8c6c3 c0f9cd7ab28c7b7e 4121d43b0e922b2e 40ff167c705ce869 40f7cd9693f1a211 411572e0d9a3ee10 40dff7ea6c8791e2 4101705c7b443fa7 c1165b140138b8d7 c0e2a738c34d9f38 c1344a9060a5e6eb 412e74224825aa6e 40d951559c53ad2a 410185b033dcbc2d c11c5f4d0a3af0ee 4130f8a8306bfb29 4113ea956d0a5c2f c11ee5acb8a7ab0b c0e259c21b501b01 c111532cbcdfd2b0 c110baea16afab3b c101e54b5532002c c0f126417f2f8128 c126ec12a253cd39 c0e5fb7d0017f12a c0ece1ae3b25720a 40f22bca8d5e2994 40f7b3fe94c8c9c9 c1103837acc1d485 41137787615f958c 41040e3e5cc24078 410145a44d150a0b 41056e0166a1682b c0ef837a2f4235e6 c165e3d5c4b5f104 c159ac31b3699d11 40eff29ede77acf4 c0db9a2cf6fe5ff0 c16bd82c2a576560 c1510e7c97c88e21 40f693ba68bce337 4114ab5fde563e80 40f56a6d296dc6df 40f22fd5c9429db5 c10b65e93f0ad2bb c1175b04cd63d858 c0f7a7fba2a8b339 c0f30396afe2b7f8 c0e75c4c10c221c0 c0feab9d56a86f88 c101002df5d203b8 c124e58bd4837d08 40da63441ab2ecef c11b7b8c15483b0b c0e96cee4032a143 40db72b5f164c03d 41153123991244bf c0fdc047742d3ccf 4127e785dd1bed63 c11b6d8da88105e4 40dc3093efee55b6 40f593ac3813b177 412af1977239ce5c c11c3cfbf007ecf2 c1006ca8b081e439 410da0f01f0bb681 c104a61243fa874c 40fac411a5c2a578 c0de7a53d26bf4d0 4118564d162fe4dd c1186750bf4c064b c12430e5b73b9cfd c0dee7347eb7e4cd 40d73c2f9c0fbf14 c10540d441150f4e 410035737ad866b0 c0f2771d89d3e174 c12a20f8bb23e64d 40f44f55596b0110 c0dc51da3ebe77fa 411977e28fd0586a c0edf1752689fe37 4144758d53cbc466 40f12c438b52c0bd c0f7618af24e4be9 40e6a8f3982f308d 412ddbc8b65264c2 413db1ed94537ec9 410f894d89d242f4 40f5826565911b6a c0d6d0997ab61f84 40e63cb9c6f35a64 410c4432ed1d9df7 41046229de104f56 40bea40b66eeda60 411f176462e5e91c 40f0f74c2dbb1bc2 40f4048695e79f04 c0f121d8c09f7e90 c11668d4b86da460 40f4537a3e924d78 c0e23c438aab39f1 40edc53c8597a46f c0f448ec2f02f744 411233ba69d78e50 4104ad3c0689c5ad 413581f01b5091d4 c12b7f153ad2cdc5 40e0a993d9d05c28 40c3d1d2766218f0 411c4e9048606909 c0f0c15f3c66f602 c0ff682a4ce91dca c108b3ced8362078 4114243b9a354fec c0b4dd5c9e097c0b c120506c6d60cebb 4113f1c6521bd1d6 c111f50ab60f85e1 40e4783557ea9d36 c0f4609fb87d89aa 410b8dd32b77f094 c0f81017d7e2521f c10b8179800d2d96 c0c5afe52fa79944 41061e096e8638b0 c0f1bd5d719848ea c0f284048eb3e322 40fb7d3abcb89646 40ca77a558bb31d8 c133d0e6dcd5e76f c12488ac6a609c62 c0d70b7567ad3f1c 40fae5008fdd23a6 4161a7076d3df320 c103cbc11390ae6b 40f16bde9035dc2a 4111e3eb39f97720 40f073e1d8049e5e 40f4d373e1edb9e7 41125a9337b53470 c0e4dffbd279122d 4112380468547ecb c127d2c4e2631aaf c100cff5234ba8ec c0f54c6461e236eb 411602da24437512 c107233837bc6b85 411749c61a899de7 c12abdf2889f7d6c c0dfc79502fe2841 c0f1b47ca88b7d97 40f2ae1570b61ddd c0f6fc72bf4491a4 c12d354f860eae54 4123cf96f2ddbd9b c0e1699e7810b3a1 40bc2e1454499658 c1346c6234991f05 411bc6b0571c0ab3 c11298deaf290203 40e2618ac543db70 c0e7dd8536204fb2 c0d9511bae8671b2 c10f72878e4bb880 41036ef3f8ca6d87 40fe6b087d689902 c10ddc360d175cce c0beb6bb742ab75c c1006999836e0efd c0fb4f9fca3df359 40fe116671c84c7c c10e740b1ee008ab 40eff23f6aa38593 c0ec6089deb2b14a c0eb25367a6e4580 40cae00419801e20 c10d89c27876b0d2 c115ebeb22faa83b 41368eeee40eec6e 4103d7c494a8ccc1 40a46e1f9310aa60 4128f56635bfdcd5 c11001b18e9dc9c3 410a936da4c3a61c 41003e6946ebd61e c0abf25a9f872838 4102fdc8ef24a6b3 c1135b09313b44f6 c115510eb57d9527 41177faa9cc108ee 4101556bd7665f40 c10077c0c77663db 40d2548eed2d8413 c116949cb214aaea c10d882c7d4b12f4 c0e140b281a69cc8 c1049bfca4dfcb79 40fd9011137ca74e 40ef8313669da8e4 4111f6a6dae854e8 410e29aaf8cb0a90 c13483f3049bf09e 41266739a283753e c0dcd25c84ec429b 40f793b3e177835b c11ef9eb3f4306d5 411c29dbfb7d7f58 c0e7fa38f6bd3100 410bb151d9ffc68e c0ee3b0c1a155902 c0ef7668baaae8cc 411f71e1b6a8c55d c09ffc6a44fc2e40 c120d80f2a3d0706 c11fa44cd0702390 40eb68e637f2d03a 40ed74d49fff64ae c11a26fcc32c21db c118a608053907ec c11ebfc8266cf769 c10be6c88aaf6346 40e9dd2111ee1e0b c0eabf4d109d3793 40f351ab64823b58 410d0e27f81c5406 c140fc06452e5d05 c1580a2cc14bdf41 c0e1f7663ace45a4 c0e57fe1d9a13bc8 415175a3b9e86916 4164257dab1f8468 c10aa5f677703da9 c10a93b6e84196f8 40e6f37ebff52f14 c0e41459903cba0e c0d0d157e9599576 41106123f289974a 411b86653439f104 411528c618b10769 c0b2c32b94c47cb5 40fc2b182ef24630 c11e77fbca22894e 41292ee6e6285812 4101ea5420fc40bc c11fc7e2945143ba 4109cf44c70785bf 40f857e896ceb53d 41065122dd8c763c 40f49515d75d2328 c111b26dbb17d855 c1247d8c8a7a9954 c0e7adaf798d6250 c0f59e9cd2d66007 4114c6f743609e9c c102437d75bb2219 c0fb4dcf7af7516b 40f6b493b7f4c466 c0c418ee79a843e3 c10938eb21273f2b 411b8f927d187813 40fefa49ebca720c 41107825a8d31bd6 410def2f454e03ac c0fde43cdb2166c4 c0f4a1fafaf09ff3 c11575a387f69a62 c11159b210271bae 40f8523c93277cce c1162cc4225a79c2 c10ceb51cbb06c51 40bf5448c7d5a178 c0ff7de00c2c4ed8 40e7325507efc2c2 4128a9289d6972c0 4131c369ea6d4742 40c248c42c6bdd2c 40d534a500d0f730 41313efb53b4f0ad 412d99dd831f2e88 40f0e56e023114e7 40fe3877bb6406c2 c0f2bbd8d887b962 c0d0effa7ca90b50 41192d510db296d7 c10cd47327aaf83a c122d9bceb914432 c100ca484e71ab41 c04347095b6c5d00 40ffac86ca8c930a c104511e427242f0 c120de01103b4a3f 40e6d1750842d05a 40cacd21298c3af0 c0e826a88a90c1d9 c0fcae19fecb3a71 411b7214264094b0 4107b5fa9fcf4e2e c129aa937660bb0e c131bebbff504299 c0ecedfac6bfef8a 40f65591ebab4f1e c11a29c6b9445a79 41308c1c0385e38d 40dc70c5befbec30 c0fea590f2b90142 41024d142e6cdfff 40f007a692cd70e0 40f9eec57b34a7f2 c0f52e40e5b3249d c116de6539bbb351 40f6f442f802a4d2 40e7ffd3351ee4e4 c0bfdbaca85c5ac0 411e94dc1e58df16 40f51e805f6d5bb8 c1128dc0f8040c28 c11ed3ba53bcdafc 40d988cdedbaa949 c0e68632823905b8 c10b096d4c9466f6 c10b22d27993f21e 41550677a7dfefc2 c153329b5d037d0f c0f595867a90de22 40c73877b4912630 41130ff2c538ac54 c1412e61a0d28bcc c10c7bad4e210f1f c1041568d0528c72 40ba410264e651b0 40f26f7099232277 c0f186ecc61ddc14 c101c48f67958401 c0c1e1a52cab2ef8 c10fba7a5c91f0e6 c0f4616ebcc9e898 c09a79544b365840 4124f228e25e9897 c10043901d58d4c1 c0e933fc277f916b c11dbd5df6751683 40fe5525c10fc3d8 c0dd2634fa7870f8 410ad331e69844bc c0c7249edfb53030 40d1d4322ff7ba30 40f674d0e0721aa6 40fdace3244dd495 c0deb1e29d798ea2 41023ed6ccae5735 c136f7baa561014c c10de98fd18c2c76 c0e7d5351ffdf1ff 41002cc060543432 c0f7e14158205bff c1215650fa167319 40d35b3af2f87868 4119a2e07205af0d 41019d1339c20b4b 40f5f74b494a6765 c0ef54ef53b58126 c1096edf4763cf5b c1160c097ef7c4f4 4114922181240cce c0e02b3714f58877 40e98685e7e5384f c1052fc89b2c29e0 c111d8c17258b204 c10343b63a8da734 c137c18381065f02 c147621e6e0b265e c0f0ce2199856b7d 40ff5f995cf99880 c13084b9450d1958 40ea7dda1ce15df0 40f198a8df017acb 411291de74dcc38d 40fd16f969288c84 c0f3a4fdd9d5b61f 41205a0c8420cb6d c0d38d1c95abf4f3 c0f7027292dce57a 411b6ee63bb6cff7 40fe9782ab76e9df c0f8b61aa64caf7f 412b150c8b834e1a c1038cffd4a8fc5a c11ccc71ef615857 c10ec5b98cf22424 40e93d1b5077f23f 4108527e61b641c4 40e35541bc088336 40fdf5b7ef16e156 c0f6cc9aa7461e20 4118db902af2f92e 40ada7b318c11b08 c0fc9f6def5e16ac 4126932801fefdb8 c135a889c836e622 41012e27f86dddcf 40d9ec3a9b30517c 40e78df0a182ab6b c1032e12dc3088ea 4114e4a646f0d329 c0f9ffbc8042a99d c1117d53fee1af60 41322827ffabd55c c0f89ddd658b03b4 40fc804911f600cb 411148ef43ce6c6c c0a2092678d96e42 40f3913247b64c62 4122da8a02c7a932 40f86c7f174b0023 c0ef0f5337071198 c11547a59ebd553c 40dd5976fd06e6e4 411dad2e38c18d8c 4170e791bc8190c9 40e70bf7c6c3a6e0
S 1536 bf0c7161fb1566d0
V c076f4cc4eff539b 40a218fb8628ae86 40b7d80755cc32eb c02e878c69fe7099 4025097533a4e2fd c01fb2e74484ff7e 400ed8c027e9010c 3ff1ab97309236ae 40430093f34bc87b 4033477c7eab909a c026eb973893dc60 bffa2b5686459ba6 4011f418f8bca3a1 c008c478c14fa0ef c014e024ab29bda9 4001b599a25e45ff c01c8c70a95e6f57 c001ae5278d0f8c1 bff72b98dd817eca 4007c086292f58c4 c00744341d8c2d71 c0289bf499521db1 402cac879f01a6bf 40267c77873116fc c00b808bff09ed10 c053d0ff5776801a 4047a1133287a820 c01e87d0ad520daf 4018db7973b8f0fb 400ac62c9c6e3ba3 3fe2583b2399a326 c03129bcdecb2a29 bff7807188585e62 c037182425d8070a c03d41286a117b13 c0057df09a6c7ecd 400aff022007cb42 c011e221536809d2 c02b030422c4c069 c01dfc1b77a88551 4014bd8ba99bc0e3 400f0205ca3b5b47 c000c443d564fd28 403a57756eb83a40 c01ae36c13be1dd0 405882a73c3446b8 c043869034820405 3ff8ca2511c588b3 c007cb68f02789e4 c0675d4a4fcf69d0 c02742f9f891713a 4009588c510ecade 401e317886d9ae1f c012b0fac8a1d539 400dc7b77ae36e22 4033a6ba8c0bff3f bffcddf700787349 c03867f94ed0c5e1 4020cbcc21f03979 bfeb4b96a7d87bea c015a7589d52536d 401b956adfc4cb3c c03ed31d5f0df645 c02fc1f753564956 bffd128b432cd5a0 40142b4c60bd12df c024e5e554634b76 c034a796e8d8c28b 3fe133fc2e8411b1 4044e81bcbbcdf0d c035df3776a36320 400b1093e4345f9a c0175e51d7f737f3 c0308440455a9c08 4017a023e7108dda bfd38d3a6403ded6 3fe8056c303b1926 c0154a14add8c9da 400d12bb5b92ab18 c0292600c14c7f74 c03380ee253d911e c004da711273cb79 4036c7ce1f26a9d8 c000da1caa6069b3 c0212e9d642696d3 40476b9139def837 4030dcbe63da6c84 40164dee7b7cc2a0 401adba3a7d33a6f bff2d7d2b035941f 4015ce98848e048a 401fbd307bbd8e11 4004e0b91573a7e1 4049a4c0f9b748a8 c05ead66b3e6335b 403076fa9993e72d c02c043414acfaa9 4063e89fa0d54bcc 407afa5ee940e885 c01f8b47979bcc19 bffe6bdb8a3b1818 c02204d7d688cc88 c01cf1ac54fdb971 402a4f67341b39d2 c01ce012c61765e5 4022fa56da185238 40096fc3285ae5a9 401109b2e3a69dc5 c0232cff560a846a c019c68b154493f5 402f320af717c88d 4029cbfeeb19c703 402338104e7250fa 3fff9933f1f8a0b3 c01f490a4a217132 c0321839b43dac23 40066e63309b815f 4014a5081f523964 c0359f5d691cb29e 40074ac3c882c204 3fab7c7c5cf7a33a 4029e09e62777154 c05cc984a4d75322 c00845f445070240 4031823939345617 4001377b87466a65 401645e17208d579 c02717f61b489717 c016c8abf7863603 4044ac879246e395 401c47bb19436304 bff46dc9f94d5067 400ec3192c714ebb 403b59d140a5d1aa c0154d770ab5ea6e 3ffa0ac634898b13 c012ba0897836d75 40216d0f3d3fed7d c01956586ac54898 402d6c64f6006c57 c024b693a3f3eb74 c0665cedaa15761f c047350727242e79 401cb8818410b716 c01b68097e83a6d2 40580b8d42de024b c04ebe95e451f950 3ff193ee893751ab 402d1d63c529165a 3fce690664c94051 401126e74ac544d3 c01dc27d79aefa83 c0195bacfcb918b5 400665ddae94641e 4035450c9ab2bde2 401b1a78306a0b1c 400ff628be30acdf 40264824559f5ff8 40318c9e688cb55a c02b82e6c6952f71 c02076d34baaf1f0 401f4785b7b95a3b c026328726be587e 40304e70320d5b55 4020ce23f5cb481a c051ff7aa545093a 404ba27257da5259 400115f8bfaed4ff c000561d6f7a5343 4030628540f85dc4 c037c7123fc4e8c0 4012f34c015a4e48 c02f145ca68d6dd0 c0220dda5b2235ab bffed4926cd9f475 bffcefe6145bbfe4 c011a5a3b3efc272 403064353c32fdd5 c01d8bd4c31e0a7c bff10757e69b72fe bffd7f9309e73b51 401abb1151f3a342 40396030673cb4bd 400f16f6e9726f25 4037bf080cd88466 c006d72b5ef7a424 c01a06b6fd825df0 c01047f9a6c3ed0a 4025aaa3ba36c997 407b556806b34b2e 4073fc7df901e697 40296264b7a79eb6 c03e84847105226a 407ea6c41859b4b6 c0651eaf3d8112fc 40095f919c7d4080 c030e3fa9b92daed 403104391d7fc3dc c003c2dbc2fb3894 400e8750e0b14e2f 4015727a88b82c2b 401ab13b1a7e6a42 402c52941e90e6fb c00f5285d4c53256 3fec2db87207862c 4051b9cbebdb8a14 40343c2a046e14be 3ff76b7da3e2f8b2 402b7075d8673975 401b56a33f8ebeb9 bfb966303745b36b 402ec83546981ca6 402716c4ec267297 c03ec2e7319535d6 c041edb71cf85200 400c9ff068acdd95 bfe872ec3810eb6e 403a9d30a3e62f69 40406dbfa741ccf4 c01dbda29ad587e1 c0147e22cd39a3ca c02d5d523479c119 3fe7f5b1da82b232 401788bec8862ec3 40263f944c0424b7 c013cbfef9a5b865 3fcdfe12ea9d4034 4019d158d0dc9c48 c02d475442d9a36a 4037eaddc0453326 40137a357d23d394 c02510591f7353fa c033cfceb26d3637 40152160bf03964f c01cd8e95212934f 4019831a60b0a504 c01d9131c7750343 c0495ae25777a071 40377c2c7f3965ff c005f76a389122a2 3fac1067ef27541e c059c44445c0807e c03bf1c14929e9c5 402015d67dd2c13e c038e15c7cfd8985 4011c60715294948 c02bdcead636ea52 c01528e743c49e0c c0195e29301ee486 402c74d21faad2b6 c02b97b012c61c67 400c7180453f0e1c c01b18d5eaae65a8 c02bd4be646f4408 4021808ba4a5d412 c02e42e9dc11fee5 c0130702b92b15a1 4027370007987735 3fd5563fe9c84373 c03363e6dff26436 c027195f755469e6 c046066327b9a79b c04d7b357948f249 400862ce28fcb31b c01bc2fbdb04843d 402029ec71e22bb9 4018f93fd12ddf25 c004f6dfee335bff 401ddc3a44536e73 400f129c70507285 3ffb1f15d3cea99e c022fcf08c6e1c2e c017a7859a27ccb9 c035c847492bb935 4023b12727d8598b 4017b762a31cb5cf 3fffd4e05430014e c03f73223b40128a c00f3eabd52ddeee c02fca44b81a7cf0 c02682f3e0c6bdc2 4000863cecd2cfea c02b8c70b2b33f3f c02337c916a44ea8 c01450d8c92a1517 c0718fa7e84753b2 c0693fc37f1c5427 401fd1db2988ad26 c03274ab33eaea08 405b3550fb004109 c05f183824e75aa0 c0062c994f26cabc c02c4e87deabe479 c01639e16bb214c4 400cffe59d97fae3 c042af39f2b0636f 4013fe27e962439d c001ed7a5c5750f0 c04320634df36af5 3ff1ae4a32c15b0f 3fffc6a7fcf69b18 4002b5a392407807 c02520f8dbf19d2a c0336b37558f89ea c0004346882985d1 40091882bdab83fb c013e39803ee6bbb c0282754f3b09824 40144f767174e6c8 40364b73ad561975 c01acebca6bd20ed 4000f71a74a69d2e c0232f621a51273d c054e6b19d766b20 c030c7902a0002dd c02dc9b1a398a476 401c0dfcd6046447 bff0b12adb6bbf04 bff91ab1cae8188a 40174516ee817858 402638d786bd71a5 c02e5a034ba75274 c032f5067ef7155c c0166ce7e6b2c2a4 c01416e275411b7c 40395a6730466a7e c0321635b46c5230 c03637f10fe06627 c028885b8fd053a4 c01293d86c698b95 c02d9156715e4199 c022193efa1aba08 c0215b54560d91c5 401cf944849bf100 c0507f4fb7e1920e 401dbc9c6f26da6d c01d375a6e919661 c0263037758d2321 c0380df30ef2bc92 c01d797a7c86012a c02a46f645d3b721 c0219a8e9a16529d 4016c2f85f9904b7 c041ba7d17669150 40358fb858a48f1a 402f827e1aafbbfd 4023cf60e5b9cca6 c005652d3172b0a2 40186676114f6958 403290bdc131bc16 4030aee2381020f0 c00186e260f09393 40305aab0a931396 400844bdb1621446 c026869e37994de3 401623bbb6b8ca8e 3fc318bd12c561a6 402b3d54a32673be 4046dea2d0282418 401a5723993d6d4b bf92792bdf6c0bd5 c03e2b01a4f14d29 c0458deba6377802 4030f484c80b75f3 40157263d68addd6 3fd64a080fc518b2 c009dfe11fe49698 c0280faf91833c31 400c93163bfd6b7e 403f0089c336b60b 4049e12c22c0819a c003499db9508543 c01d3d94d5ccb3ca 4031bf9aa1bcdff6 c02924a27dae2f8b 3fe42f6eeeda352a c0187c4bac6d08fb 401b300688d5f0f5 401366b5f1cb52b0 c02d1abca4b4983e bfe3fc3559e35c60 40601ee3f28a141a c04a0ca569905dad 404158d286171917 c04afd4152178526 c0820c550db03d86 c07c928a46360a77 c005da76a699fe52 40254a6eb9c86dc4 c01a7425542ffdda c0101d1c49954f45 4029ba5ac1eba615 c01667f825e203b0 4005d8a283418647 bfc012a81584a4d3 40191938a863165e 401087b452a56e23 c04768d6bf5664e1 c0470f9037e9e955 c021b1a22b0e11ef c0281a5ef22c54e7 3ff6f670774d8835 3fffab9bb866c07f 402357beb291f313 400fc301ef27fd4c 40279d2f24748c1c 4033efa75f8e0468 40108f60bff213f2 c01b8381e8ffc837 c03fd093c2c6debe 402803a8339228d6 c028fea400283144 c0257653a91bd387 c011f3d7d8f1d2b0 40106454d25a6f04 c03822e6fe9831a0 401a15de70ecc619 40375b0b0c5a37af 403231149316d324 bfe3122e8fca7bce c02522d2b44c1477 4040be8fff7fa772 4017eba8bd1f702a c02001a56de0726b 4039549d89228b1f c02957eb14c796ae 3ff0bad69bfd239f c02c8d3b4df7c9f2 401235fbd911cdc1 c017edddf2d83463 c045f917caddc8f3 c00b52472911d012 400e31a93fc6482d 405cda61f43f8fda 4054c9b0cf1db7e8 c00b940e397ef42b c02336113fd03629 40294a800b6ebca1 c012aca83b09f334 401dd3badcdffa4a 402fca37f72a0617 403a5f9259f5d82b 401645fc75f68543 c00330ae3324ad96 400002fe1d98f0c5 3fff7e2ef651ed2b 4025eaf550ed0ba9 c0353b10d41e8144 c00a38de5268c233 400fb3f106be0633 bff6ca72cb62a968 c011de98b128c352 402b70318499549e c050fe14440ed198 c023143d3d29dedc c00ba7d015d463c9 bfeb0bd4b883e409 4050d50a526aa13a 4006d0450b087539 401946448253de4b 401e80c884130327 bff1ceb1689c6849 bff2e176bdd3cbc4 40216e1971c4327c 40300fb86af243e4 c01523ac846dc531 c02bbf23ab2d7379 c003fa530f956908 4002e0a5dfeac9b1 c0108683015626bd 4026313819354b17 c0197f1612e684ed c035a23b823e2d24 400928bf577860fc 4018b7cf8f239c84 c04569710db8e075 c00fe76f539886d1 c054d61d1fda22ed c0667c8f6832c98e 4027dd18133dc41b c030f62fa76bc265 406790f72346b293 406cf87f52c506aa 3ffc2827f77e9c60 401ffdf916e15c35 c01c82a6bc6c9fdc 4004a0be0dfd28f9 3fdb48fef2e9c218 bfd30d48c119aa6d 4026658336a43eda c03be1ca56c5a2b8 4021bf9f4a5e81a6 c020b6d0bf5a0e3d 4017c413d5d382cb 40505bed0e8c09ea c0221521b11c8912 401cf834185d70bb c01acb1f08c33cce c0060fc0befac2ca 4010bed439342265 402e593434659973 403308cb8c3299b0 c0209a851cfc58c2 4008a6b155f6f63d c0178771cca2f447 c039c94a49f327b1 404cb4b2a97e7357 bfd4ac76abbe2ecd 402b29b4ec7a9430 c0252c1f4743aa4b 40003899fc956b4e 3ff20a82bf9b5d39 3fe61b692cb085b0 c041e80140af4c76 c01ab89e84c79d1d 401a3d27e95beb5c c011d6a2a148ed19 c0338e129535574f c00b2632e609b915 c007bceab500892a c0220ac56f883231 4027356701f90cba bfe3b8cf904688f0 c034accaa4e1e985 401454381f51e24d 403d80d13ef9d8b2 40619dec1e3d8fc0 40134ce0e0010a0b c0174af831423091 c036e550c571fb9e c0209c9afe25ed66 c0048928d2a4ea8d c0339ff4155add40 c00018f31aa43dc2 3fe111113f5ca8dd 402db70da1a6119f 403a7887eeede4ec c01e9e5c64ab0573 c031b5bbdd41e655 4018f0135b7a20bd bfef7b2a8d33bdd1 403df8e4a0b1ab61 40324b328c5f7677 3ff5eb962209fa85 40373d7b4ee4a4bc 401744f24b0328a8 c00cc30f612cbfc4 4036492846a7a3a3 4017e22efbdc2994 403c52f5f0b69cf5 c0485fbf3f9cc864 401a23f2dd4c322e c006bf7fa0fb722d c051846aaf2eabd4 c029f3dc73977dd4 c01d14fa2481a9ef c033099ae74e1831 c00fffd4137e7dae c00cd17b6acff053 402998473c98d676 c001ba0fe9c23316 4004f90b55704fd8 c04fe4f1c88fb118 bff2f8e7efc6a9cf 401a284568ecf9db c0419b901222c080 4028bde5f774b8da c020dfff975ab0dc c0404492c4571b4e 401e91726d793d91 c01e9fe0b09dc9bf c034b1dbf07da69e c0051def667e2043 c052b0a8da20f4b5 c0752f6e3f989308 40370c2304fe1ae1 c034c4fceac3a6b4 c05eb59475b2873a c062a0a23b093b2a c027b2ced63ec76d 401a9b12ecff004f c01969af47acf59c c0207814e3e08e69 c013556ee71c5226 c023cb4a7401c768 40327e0e1692c4f2 c0416c06c200c354 401ca3bc3d56c34b c02048f4f899d8a2 c049071958c1aaa4 c01646fab2120410 c00229dd3adeb195 40311d5896502578 4010959249e10801 401b5dcca3c99a90 c035805ef1bcdabf c0317c100281bed8 c01ae9ad4398b967 c03ccc9fdb35c2bd 4009d2f524681028 bff0cf21c22a4e20 40569d25c980fab6 c045502bd40f2764 bff8e247f83d018c c01bd02ab1cde274 bfd6eb48c40d71d3 c007973612a1b7ba 4031e063dc96bafd c02f03c993544e7b 4016851455cbb44c 404a2eb76223fecd 4010e919a11d279e c0192b0bb7ee599e c041205270a2080e 401c9938020d1da3 400482db35f41635 c01c46cdaebfbf4f bff3280f8d4b5084 c011ecf574fbc312 c010678c66dadd26 c022d2b79b273834 4053f050af0c4962 c0382403dcb0ccaf 401b798f038820ff c01f5b73ae9f8520 c03183eb3ab35d67 bff186dcdf23bce8 c00ee83de2797b60 c02eec22831506fc c000cf87c6ad53f2 bfbc3b6582f5b9f2 402a17c08acb214b 402caa03f185b218 c02ccd65af85ca20 4037f2d2ed8d990e c01bbc09fe73b709 3ff4e1ea29b656fb c018bb78b0041c6e c0406959fbaf3721 bfd0c7cd0708646e c02ef77e12d98183 bff94682f6433108 3feaead305b90edc 40001a5e6008468d c00172c811cc495b c0334489328ecfe8 c04120155121a3c6 3fe63926422dd070 c004b0ff18d438c3 4016afe246c289bb 403649ad5d6d327d 4029119c7dbbabad 400114e399aa2bdd c01ea25fb6f13f39 400a1fec6bacf285 c02d214a608ba96d c030b6b07870e090 4032f5f11c6a5637 40463c21814c316b 400c7a4aab212c0b 4004881f7600fa32 c031bce153aa4faa 4022ba58dcc17e1c c02483ac840c8584 c02ee1cc38951583 3fbbc6586862c5be c00a67116c9d149c 401b3c4550ed7f45 3ffce70f9526fdb5 c077d56de586c7bb 405db25c2cac5894 402034486ede2cf4 c022194682715af9 4049c6faa2274466 404b03d7b3a0b064 c024b2897f844266 c02b0d6f51aa0725 c012aa2752145448 bfe6a18da957dc04 c0343d87ce358356 401c737d52849def c02ea35fa3312986 c0353617fdbc6a17 40116b5866b62c45 401583596eaa8072 40451666085f2037 c0163e39518d09bd 402468d885814ad3 4020201a387d22e8 3fd41741a50962fe 4014658bfd02218e c0315267178290fe c0242b79f605f1a5 4034da1b19377880 c02359be86259a4c 4003410478569247 c019470a98c5617e 4024586f41eab7eb c050afbd9e89e7bb 40076520637ea78c 4012b1a1eaa5dbb2 4010489608586514 40240980f5d19274 40367e26dfb03d4d c022b6caed65cfc0 403b0ea184157e7f c03b0378a4678351 400ab72d857ccabd 400032ac9028ddc7 403131dd4622e461 4040229cf8e4331a c00c09b182eaf9fe 402103f243aacdb8 c021d681419c6e8d 401231096e367cdc c028c5e995d1a4b1 c00b692a359b0462 4049561d6f0ebe1f 4044d331cf8e8cb8 402382a1259e92db bff9bb6a6ffabae8 c047c8a969deddcf 402cac6fb9efe6c5 bfd57e515da7c2ad c0393452b4d97ae4 c01139d318408ce8 c022b95bb731fa07 402a8ab0a584eb9b c00316c51d247772 4026fc38cfaaeeac 400542c0a8f0d02f c010bf11797233ec 4012869f602bbb83 4035c307c4721571 403e9255f9b34600 c031c480655839fd c040069300a3f310 40063cffaa9a8a14 3fdf0568eaf246c9 402e46c98abbfc31 c02427d29047cf62 c05181cd7b6eb838 c038ab20b0e298d2 40110bdbd00df835 c020c5c0e9881406 400962bc1e1d5bfe 404360bc8360ef69 403120e71a8b2993 4022bb5d4a008a67 c01726b349aa741e 3fe822aa48f6e674 bfea05cc276d89de c01bde54c4a7fde1 c0473558625b6059 4025d46afe98402a 401cc0d4a4d43136 4010c1ec3777ffe7 c03340c035f6b877 3ff10898d6d71257 c02dee69fc80d9a5 c00d7665eb146105 40074364d5b5922a c00af987d8479acc 4030a0aefbe66eea 40145ad23f00eb1c 4071c0322651597a c09b5082072e2053 4054a96419621be3 bffc161d633f62ad c0bc1ae1ad93005b c0b1f40c81988b78 c01b8b947195b03b c02b2cffb6f7d7fa 3ffd76872f36922a 3ff8725cf005ed74 c021e6c1df3f7b84 c025884fd49b8930 bff3afd56396ebd2 401d16bf1588d147 3fdf9186deb800e3 400abf7b7f92a4fc 401e48b27f03142e c02c8282d4771203 bfe7b76ba72f26d2 c038658ca8779b62 402a5779f780a9af c026dace8bb9fac7 40343ff2eed85d24 c028d0a74212c9fb c0071447f45df65b 404254e3ceba6d3c bfd7c2a6b77b63c2 c01531267f07c164 4057f570f7ef9e33 40576ecd83c69616 402a00091953dfe6 402ab39e5687f297 bfe2eed8974d3e8e c0123632cddd52b7 401f707931737cd7 c0162a32c6f74f95 40265a6618281ca5 c03fefdb2b68bfd0 c00409fe6c0045b1 c006f085b6c33a1b 4019bcb82a9d4f5c 4011d2432d127ca9 402503dc5ad94abc c0112bcd06bd41bc 3ff1099e8a0883e0 c006d83b8422f119 c03374de943c831a c0323e971040e325 c0441515d6657bbe 40128cb9184be468 3fecf3757f534cd0 bffd6669edb9d77e c0516c64c80f6cc2 c060bd3ac56c73f3 400b9450ce40f128 4037dab493aeaf6d 40305e0480df3c03 bfe77ded87d92b05 402f450153adb276 403097ac0889be3b bfd201ddfbf245bf 3fe53164009fe219 402252ee43bdcd20 c021026d5c6facbd 401045fbb20f0ca7 c04bef79410134ea c012217ed62723e5 40338467feb7e27d 3feffc0d1aba6987 4016f8787c32fdfe c02c62ddcb17f47a c011977ff62740ba 4036b782ff308ad0 c04ad4de3d3f8137 4005398edf5fbbea c00a399c06fbb5cd 40433b02935fe854 c032c0ba2846e8eb 4020b86225d2d9c9 401aa4af53389b7e c008eddfbdfe19f5 401859e4c4c9f3c9 40166530ddd8300e 3ff06e6a6890a668 40458fdbaa1a79c4 c03fa44d434c0ca3 400e1e45c83f3bd9 c0206436b2186a3d c024528bdc05cea0 40198c499e4e8c63 c00401636015b50b c03450300aafe705 c01e43453debcb17 c02059b11bf1137b c027e86848949c7e 402093ee4012f675 403f854dc84bfcc9 c049dedc63a8fd0c 401c9e8475821d8f c01519b407e7fbbc 40483afd274a1587 4043e692d33221a1 400e2bae2b726294 c030c3d83bfa3d02 4014822cfc740457 bfd8f6c858b40f6a 402dafcde33c9b1f 402106d93036dee8 4027d091791e2118 402d745f1466aed3 400a03939b3ad0c3 c0013678251dbad8 4039f9666b5890d0 4009a25cd0b93236 400e9dab68369423 c000976a681ad8e4 c00681f97bbe7756 c0232a49b6b17207 4008359f216e00d5 400637fc7f8f6547 402839a3cb87305a 404d4c4a1601ba8f c00ea6baacf06e69 4020fe2e94d2e26e c03b4e8b19fd996c c0229c6f00807549 402e06ada624664c c03bb5eb85f13607 3feca3c213a54c66 c00f98afff6ffa01 401609a74f0da88f c031cb855085c7db c017867f2b00eb35 401d7f8a01b8afc1 c003ee6f457dfd0a c0183c03e4dbe977 c03076b0de1960fe 3ff5150e507b9583 bfdca282475540fd c041b7aae5b8505c 401167dcc5bfaf61 c01f9a0d2a3859ed c01117e6f65acb01 c02090bdb4dc736c 40534421dee151b5 c047c14ce92e46b2 c024120b55669c69 401bb26d126e7576 403657a71d98b596 4031d2467c092217 c0193010be892a17 402938682498f783 40222d60f03d888b 401338150bdf5420 403a0c3e2c68809c c0238eea9e39763b 4020986105ca556f 40208fce78478a99 401f8738736b6492 3f86ed05db399733 c0076b197007ae04 403b3bb5643cd55b 40295284bb313143 3fe07b431ef353e6 bfc3e6aa802199fa 40179bee84fec321 c01c84d0e449fd7c c035964c8a6877ec 3fc0206910808b8c 405b6419c18767fd c0205821c5be40bc 4013c69450729cff c048addc919b258a 403829d361ffe1d3 c023a1d7b934b90c c029adbf3d5aaee4 c01decc9f3881303 3ff449c231f28c98 403097e49e8efb7b c0086c96ff954be6 c03235621caae31e 4033290ea397e784 c00f3a8b8a336a4c 4015b3b4dcdb0e9e 402e7ec72c1931e6 c02148982cafca40 c00568cf71d2953e c02317ca9ec1324f c0143ae1c9372770 c022b63d9acdd666 c029587a4d312b54 c00cd28aaed6e765 c06429fcd29b8f58 403802e8b529fdb2 4005e42a3d4f7fd2 402750d30a4debf4 40827d3d9c8dcc36 c070ea461e0ef2de c026cefa66759d6a c02981c0e10c0034 c018c1f3b5b3cb70 40134c55aee567e5 403c8b97531d6780 402c42abf7b89aad bfe6811c27f3e78e c009dc70c31ec7aa c00f17a8a7529925 c00a068d54e4e0fc 401e14a77abfeee7 40248fb2a3add709 c02c80c6d162f2cc c026793c67e39aba c027ce7632da5e02 4015481b23e3a059 c01d19c70531e239 402d03310f5b0605 404c877dec1e9f63 c0421fdee4c8938e bff77d894750c861 40140bd7019a664f 404f98f1ba4fb57a 403f367e9f950988 40070b9fbde0deed c03699a3ccc716b8 3fd944db0cc61115 c005bbf05fec67d7 403b8b9bd12dd39f c010761efa3aa2fc c03035c9d92be24d 40169253b6bdf706 c00bed12d3d253d6 400edf93b21ff87c c0001cb5a012b846 c03ec19f2895d050 403747840aebfe41 c020b36716c10be8 c015cf8223443f36 bffa3da0ce3b54e6 403566d88930352b c024d8670ae18dec 403231558003f38d 405d9479f1912591 400e1b10bdf44cd2 c014fda170f2ae97 c023593f41b6a7e1 c025f3c225d40979 4010acb86f697412 40381955b9f14062 bfed1b887ad4ef33 400a85c1c2f9da9e bfe3a4102780368a 40328a39badc45ac 40209b837ef95f59 4006903ba4fd8c06 bfd7d5a4a0b87398 4004e59e608bae2c 4051233bb7f28b01 401e0ddefb44fb39 c0070d65d274b69a 401f80f37b2b311b 401d0c82f449c3fd bfe7510c5186c2d9 c013c3e80a1e9acf 401d194a88ac4c8d c032ed02cb27ad64 4033bdb50843191f bfeefac9429713c6 401340b2e5645b20 c03c3cf8fb78b134 403a2c65db0730e6 4011fadda81fbf77 4031cfa16f60449a 4011f91bdabdd9e8 4013d486097f0e81 bff74f4cf4633336 bfcc71e3ffd95597 c034048fd6bae39d c03f71d7d1e6f6f9 401aa7fa7e97afee 3ff603346d1e0a9e 403ee248c75c8130 4039f5f5a95ecc70 c005f7a0715b66ab 3ffe809ab2373da2 c00d3982d3d4f133 c0267ec7cbf278ca c01972bc429ac6de 400f1423864609ec 404bbc4401484e1d 405ac3eaf0042967 bfa349d3f743a49d c01868f44f58edde c064baa9b7cdd9d1 4065ee12e4e61b63 3fe9270c192d1906 4018233757e82600 40154b25cfa04fd8 c00650d7e2dbb51d 403258331d388549 4004d62c31700fca c02c93493aefc8b4 4010222e4a9942b4 bfbdf72a183fa351 c00a7950059d1499 4025ac41d4d0cc00 c023bdc58f3877b3 c020c110cb3589c8 401a333048c4042a c01faceb38eebcb4 c014fed8ac3a3fda c013414727bd4360 401501487b8d7dcd c042e7111a584f6b 40347b68058d5c2d 3fe12ddc0c8bac39 c00c11cb80dc9dad c04d345cc81d62be 4006990a3a40725a bffe86a0b32d746c c0094a9ca604ca20 402094615e686f62 c003a64fcf803fa4 402e70dfa108d390 40272e870579349d c01c6f180747615d c03618ba501c5244 3ff7412d27070639 c021df1a61b59252 c022338537a39188 c02f8ce9ef24c644 40273e95d036ba5f 40122073a5a50cd7 c022c0c40bc06531 bfd0ff1d61854106 401a20f4d72891dd c02374218e02aa07 c04c97ca3f8d5174 c05cd6833841d069 3fe4cb9093b631fb 3ff148fc8f397980 c0388976189f318f c0308a8ca553f4ca 4027a08828406094 c02b41bb376b6736 bfcfed1c03a6eb83 c0226fb7804d370e 4020b6881a174743 c025d0e1f3a4dbb0 4047e1bbe268649f 40347d52c443d0db c00bf7988877af03 4016ef37f6d25584 c03fb1bf6905f3ca c01ba1d379d472bf c015283a9f22cc05 c033108414f4fae0 bffc6a32751a6f87 c01f00362fb8ab0a 4033dee79333ee3f 400094694895c456 40520923c3a28772 c04b1185572aefc9 bff680dfa44ba718 c01f261fd4a576e7 403937ead07fb7f1 c04e2b6a66621996 c031b3d41a6c65c5 403b7670c6208241 40004f8efd673dae 402ecc53ce9cd0d2 402dbda830a966f2 401fd014d00ee3a7 400e7c79d231887a 40445fc81f4a0e48 400389f0c04b7ffc 4009abcdd1b742d2 c01026b38247394d c015117af0c477bf 402cd551cae06f95 c0314d9026546e6c c021d38645ebb27a c01eb4452484e557 c0230c2f4c59143f 400c02b3ae9f8a23 408374ea9d5f8a3e 4076d1a227e46f8d c00c657d95c84c49 3ff888b44ad2d976 4088bfcf42c2176a 406e5238cd0c5c80 c0141141e6da06f1 c0325f3056bd3c0a c0130900e85e5a21 c0102a4baabc6603 40285a3fdab4ce23 4034c2651fd4c0e8 401506cdcdba359c 4010e682be151c1f 4004c3880257321f 401b42d59848f059 401e38c9cea7d280 404292e4eb7fd479 bff7745aebcd8c32 40386d7aff6e6f64 40069966fb30a072 bff865a050ca364b c032d6158ee00838 401a71a89a428359 c0453f47e38aff4d 4038610acaf6fab2 bff90e634cc81ebd c0132daa3a2607e2 c047f2dc227a03f5 4039196a421b75ca 401d328b30bf214c c02a55cd2369eb6c 40225a79a5670fb8 c017ca65c3b4f7ae 3ffb1706a20f7cf3 c035a1beb82f201d 4035b0de352d8168 4041f2537e289218 3ffb77ccff91b077 bff4a6fd556ccf72 4022e407b9be5cbd c01cd066d8f696af 401069a702dc4c74 4047396e130a501f c0120d610377f49c 3ff92bf6b7e6c054 c036a323911e4a9d 400a9d5ed645e81c c0622f59693e54d2 c00e8727faafa26d 4014c8319dce1264 c004241f234974cd c04a8a1b28cc3a48 c05a64e71d147b14 c02c07e1420bc276 c0131e4f0af62a48 3ff4475cc4ad60b7 c003c3ed14a9cdfd c0291fd3efd37096 c0221e1dafa4f274 bfdb3c1b14024214 c03ba2a1a3e2fa47 c00e28ffbf866bec c011cae30934de64 400e74a345f37682 4033eb20ee25435f c012110ffaf3e507 40003557bd991f99 c00a76109a12e01f 401207ae475e16ee c0302dc182815926 c02260d7910a3a3c c0531de6ca685c9e 4048709f8767b905 bffd9ed66ae9d25d bfe19dd1c650e344 c039290a591475f8 400dc922f5901358 401bea6d02d9d774 4025f4db9278bebd c031e711c54589a1 3fd28b9e9c0d5fda 403d0059a4c2b3ed c031ba385d89350f 402fec13519e04b3 c00231b5d64a039a 40121cbf5a3900b0 c0287db9f5d56bc5 401563575eaef858 402872bfbd61f8f0 3fe346c0125bd52f c023a8a60a9ab75a 400f89198d25a836 4010751ede6b0869 c0186ef9c7d6a298 bfe7867837de821a 40519d005d2e9ed9 404240585d54947f 3ff47badc0dadfb9 c017e7ab810d7147 c07f6164bd40d66e 4021986d0fe06296 c00ef839ff9188ef c02fcda2e13f7a01 c00d3f6265c6cc1d c01282cfdb45999d c0305048db2c3fc6 40028df3342756b8 c0303191739b4770 40452cd57f281ab7 401de310a5a0a684 4012ee4ececd5185 c033907c57656a35 402490cc6797d2cc c034b3112920ddae 4047c4f4d998f807 3ffc3f3c77275fad 400f7951436544f9 c0109a82b0985151 40146e563e26c0eb 4049f62344e4fb55 c0419bd5ca3ebd00 3ffef439e2de18b3 bfd90c2aca53ef23 4052273331993255 c038b044f723b73c 403087a79cecf046 c000567a268a0123 40053663e080b6d4 3ff680ac26f6f6f7 402bf3a3551b03a0 c02145f0c8067db6 c01b096e86d3fdf3 402a8a7c5821c3cd 3fdb4cb7567da85a 401d2d1af3f20c9e 401846709cdf8e18 c01ab9c325fc2eb4 402b1170c0fd5985 c00c6528be39609a 400939046d00e122 400820be314c0047 bfe7e33ceeb5ad96 402a4133117b09b0 40337c19f410bff9 c0540cfed566bef4 c021a31ab1fe3d23 bfc228bf0e4b0f4a c0462f286ba90c9d 402c7464b507c694 c0279f29eac389d3 c01ce0547ce8a416 3fc8d714ad83f3b2 c020e15a2518f3d4 4031343cc75c94e7 4032f2745fb5692c c034e2f80f00b626 c01ed05228756ed0 401d4643f6fd4356 bff04aefc8621eb4 4034120b08ceb17f 402a3fca373adab2 3ffeab7af68f712c 40225182fef52a59 c01a46ce3203711c c00c025852e05302 c02feeeffab98d41 c02acf55186979b3 40523c25672211da c043e9b38a684336 3ff99e300ad1dbd8 c014f4c729345408 403b886f36b0272e c039086a88bbe05d 40054fe6dbac3af1 c0289d469293191e 400adec7a9bed722 400bf7161af3fd51 c03bf30feccf2c8e 3fbc6e3243bbaa0f 403df1779b350115 403c1fe047f0e6ee c0085ce7caf503e9 c00a2e98cc191208 40373ec6eab94d4c 4035e89cc9937337 403b54c283029854 4028cccbdbfff4b0 c006fd20fdb3b119 4007c628dc6c3e1e c0112be98451ec80 c029d355ed208dca 405e3166e7c817ec 40755e14b2a48429 3ffff0442eb52b11 40031c13084ba5dd c06f099844d51b6a c081e830093854e9 4027afa34f02ac1b 40279f6b096864be c004666105b9dc99 4001d8f3b5b702d7 3fede587524c56de c02d1e1144456f8c c038771f6a6e7842 c032cea61ac08b06 3fd0ad40c6e4c81e c0190983961fefb9 403b14f14cc4be6d c0466244c484afff c01fd907e1a46d3e 403c3f816926c654 c026f0cf1fd0e951 c015a32c7ac441ee c023d6115a064574 c0124b6096fb5bc2 402f75a88dd3168c 404236750eccc572 40050bdf5e47082e 4013376384b20bc6 c03277b6923e8501 40203bc405ed5e91 401844d3ea5c2389 c0142e74701f1fec 3fe1dd063dd4b5d5 40266b2bf5bf790b c0387f478e33c675 c01b88c35d19c504 c02d46f74c40e979 c02a9b59a37868b4 401a919ebd05bb44 401256d6c6bdcb8a 403312f83568aee3 402ed7eb55e45526 c0159e21dec71df3 4033b5bd9858f937 4029b45f174ab822 bfdbd8c13d2b4442 401bfdb8f6794b82 c0049e3b29c9dfa6 c045eb64636a92be c04f93da3dba4ddf bfe0407497a4e24e bff2d93335590199 c04ea86e3df296b8 c04a4f83cb9c71db c00e093c54d613f6 c01adc7cb30f5076 4010a6be6f9aa631 3fee1bfcebe222bf c03660dc091e9e8b 4029a00b3f8c6c79 4040c14fe92c1c01 401dd8f9f9c30dbe 3f6122760fa01b1c c01c273028b5474b 40220ef7224c3354 403dfc090e821785 c004481fea749407 bfe7d273718cd98b 40057765ef163dc7 40197df55b85276e c038651081c5d332 c025133e8284ae51 4046d031f6c0c726 404f8b88b95338cb 4009b6bc5fd3f1fb c013da023c1e8d03 4037414183c59857 c04d6a73e1191eda bff947725665d7a4 401b3d7552918635 c0204449e12134de c00c7efbb343a09d c0170ccf5c69f75e 4012d384f88d905b 4034539fed8aa822 c014670f6e0460ab c00554e1ac15840c 3fdc511858df14ae c03b2e9be7083b84 c012c584b2fb2a7c 40307dc639b492f7 403b667d16eb1bd5 bff6b22d763d2af5 4004053b0bd285b7 4028080bb5af9ca3 40281e9e38180fc5 c072b027ea003fc8 4071104d6e0c3d37 40132f4fc4ba7bc0 bfe4a3af3e11efeb c030f17f1bc3c4af 405e8aeba1beb96f 4029512396bb4ad7 4021d9e4cee2f294 bfd755e80bcc906f c01062d47e0f41fa 400f285297f2f935 401f95e3f889e8c2 3fdfc9982d4c2438 402c3396b74d66d5 40121d775b7cdecb 3fb787f742fa0af8 c0429e1b08d784a4 401ce97cf5fe0f97 400666c960500e5f 403a6f11fad2d115 c01af5fa965a25b8 3ff9e8b686c5a1ac c027d7d794a54906 3fe4920b315cd0a8 bfefb1afa49d3a98 c013f5c80848ddc9 c01a606c1ec4c157 3ffb48686e153044 c02037a1b73f8914 40546a246ef1215c 402a965a31e6928a 40052f0058e07ea8 c01cc0efc45da29a 401539b5ba0866fd 403ed1e97ce9bb26 bff13469012e9fb6 c036c95a0b36ac9e c01f4fb2d987b94d c013863663f286c2 400bd95545ab0950 40269b20c28ee81c 403398a6521b195c c03248c053ad1ac1 3ffcbe349d6b34ab c006b0265bd19640 4022d4e1233fa7e5 402fb9caa877c907 40211f818b2317b1 40551d7f2641938a 4064c8b4b4a3d8b7 400ddfd1835996bc c01be2cfd6de6f22 404d5d52bd29fe40 c0078bfc60d53418 c00f47d9708bbbe9 c030816e9bacbd33 c019db2c6ea281c1 401175f8e54900df c03d11760224f03e 3ff160bf2d0d8ee0 401473ab590dc83b c038623d10acef58 c01b30f706c27ef6 4015f6e609840862 c04812603aacca22 402160a59e49582f 403998edd17abb0a 402b5a0acb5b85f7 c0066ee4f62016e2 c0259e5c5caef0eb c0012f19c6c85c84 c01aa1285ea13ef2 401443cfa394f199 c0361831974418fe bfca5bcfb31e7eb7 401970ead1828090 c04410bfc638cb68 40534036068d270c c01e8a8522782c36 bff70a8cd6363258 c004efa7e61f2d45 40210c45ed6b666e c0329218e244b3a2 40171be39d11f684 402f17433985c096 c050237865258ee8 4015e15a8e560935 c019553c363d78bd c02eba1fa9e1f2f2 3fc007e932d97452 c0116460a1f5207e c040c2063429a40a c015b5791db07a1d 400b9b760829b9ba 4032ea1713e476d0 bffa1645e70d97b6 c03a60aedab01eed c08e0d0a0450f20c c0047c21a1fd70d0
M 0 4608
V 41d4f3e0d8d11f00 c1d334fab9fa2a2e 41ea3fe448a85de5 c16e1e438124b150 c1d4dc1b5dc32117 c1b566937a930502 417e559a782ee4a0 c1b54abb365a5c0d 41f400af0a207c3c c1f4043dee3ffa24 41a0b512f9aabd42 41708f7ce967b740 c1cb2d9d4b31beca 41a8f245e086d488 c1848f88c0873cca c1b16807903ac6f2 41b76397c84cbbec c210f3036cb3515e c1d4d5ed4a10bc99 41b8cbdab8458711 c1c0f4d971565103 4199b10451492f36 41ea3efd06931580 c1b8fc7ba50d4628 41d7a5edf8080fe8 c1ab8c5b9526fda2 419ea95efb8dcce8 c1c77820fb05b490 c1c3792c9cfa108c 41b1f9a8e71c43ad c1c6431ba13fee76 41ba527c874e9d41 c1abc1c4744760a6 41d65dad426a78ba c1eb06bc8b6c3ed2 41ad2c893b8cdac5 41f46b7b2fdd43ac c1d0b736d1069aa0 c1c33eec7d281090 41b0efb4c09dc8c2 c1934b17083aefd4 c1c6b4c72e2af4c9 41c574e4b6f6a5c7 41d01d5a4e63eea0 c18cd8de4abc9030 c1915b14eda14a97 c1a04c4fc9e57a52 c195b45077b7cf59 41a7178582372d3b c186be0052b271b0 41d88842f677c0d3 c17fb68a6674b9b0 41a3e12c51bee1da 41bcc5df855cb9bf c1ba45cef956da14 41d20dae97ec4948 41bfe73a02c8fe6a c1d1b6099e6e5cfe 41b65a61f425bd8f 41e98aadf619949a 41e1006dd212e75f c1974db207baf8c1 41c6aec304656e6c 41d413786bac6f25 41c311ba9523dc6e c1ba1ed93e956d9e 41d7ede34ad01f1d c1d2da1b6d150e45 41f1b0bd3fa5d3fb c1ceeca3927f14fb 41a5ed10f614bd54 c1c63eeb5691044b 41b69f8d931bbfb7 41b13d829489dd01 c1c8835dec02d6e2 4202b1e1df74b232 41accea486a8fd94 c1f246585f71602f 41a5bdd111dd3134 416658de7c5b9780 c1a4c307afdbb8fc 41bb9618125ca4e2 c1c29b56d79c3be4 41d5c52e98dc0e6b 41f8d67e903192d3 41d4fdebe2d170cd 41c874922654c050 419248be4bf9058c 41df9884d1df913a 41ba9ecca58cf3b7 c1b2626560768849 c1ab3737e406a6f1 41c82c3e8eb830c3 41d6da2b36f66ecf 41cfc9157bf3a3b1 c1e14d9298763dbf 41d14dc80fbc9920 c1e0c030e09ec7e8 c1e5819f4201b896 c1a5dd3046b70260 c1ad6ae24a746d22 c1d1d580ac8cc05e c1c1a31775816224 41a13e00aeb09803 41a1cfa85456712b c1b4e6ab2b1be161 41c94e700e05b536 41a8ef271b918c24 c1b766d42b0cb638 417d65fd1dad52d1 c1a1a94a9fc08f98 41be4688ad3cddfe 416432dc2e5f0a00 41b750341b1cb4ac c1d97e119d59a800 c1e672c46bc3f6f3 41ce7a7f02088901 4172ce0a96ab222a 41b80c4a08dd0606 41ce5ae49daedd0e c1d407adaf40f700 c1a7e938016e0c86 41cb628af4415498 41de0348f612c055 c1cd6a542df727de 41b87da8c721f8ce c1c6c1b6011cd0d7 c18b0a314fb60c0e c1bc54d3b6e07839 c1c52bb0fdef3430 41a28dd759a14d2e 41c5bd70d67cc648 c213abef8ebf6d4e c1d9bf282f062b42 c1c906a02253176d c18514e4b90e05d5 4192affd6a6d05ba c1c1e2b89e99addf c1a16daa24a91bde c16ee6b60a3a1f10 41c04e927b2890bc 41d8de180b6b2624 41a0c762df89e638 41a16ecb0cac35e6 c1dc6f8b99ff3e13 c1b0795aa843d0a7 4193f722b59ba42f c162814d1f6256e2 41cc3ad4317a1e84 41bef69555d5c497 41c0e9225f88e1a9 41c3b979574521c2 41a121f011d54e74 c1c249e2cd8f3898 c1d7ff7619d03044 41e1c43b2bd79ec8 41b7f46e08841090 41b57111fa868ca6 c1b26691138130d8 4198f9b46ba47f2e 419c1b2e404039b5 c1b5b1ab053aa3e2 c1e134907bcebf5c 41c1eadac051e01a 41e6272b8052837f 41bc32bb5eff107b 41c6c880b240dfd2 41c8e244c5f29e69 41d1e31acae35758 41a76137463f9976 c19712ea8d14ea99 41b437c155c432c6 c214739613e4153b 42056d5db4cf9084 41a80119db96be2d 41bda7aba06a7a0f c1b203f6bca8ae1d c1ca5e081d0503f7 41889aee328c8bf2 41bbcbf4f645a817 41e03297773b659b 41f548efd0c90050 c1cfb5b5088ec0b6 c18386f65f7a9a98 c1a55b2da5f7e452 418a5c29fd6972e0 41ede146e98958a1 c18d1ee57e903bbc 41bedca75167f522 c1da094ef81a2bf2 41aac896172afd08 41c1f3a0cbcffa0c 41c4f4a5bb5acd1b 41e02fded8b24dc1 41f308c69729be75 c1e5c36683855ff1 c1bc122f7d206add 41b57bcadffd0e51 41d6630d57549af4 c1dbf8f7505c4cd8 418a80315d3e31b6 c19c62e19d03db44 c1a7663127c795e5 c1e689e6a2c0a81c c1ac56d473ee1664 41a903064fa4c700 419da4548967ad63 41b951a20099fd66 41ee9d6248e7d9d4 41e478dd60f5568e 41c806c4c770af4a c1d2ffbcf89bbe28 420a51d94ccb4518 41ef03173695654e c197fe314f9626e8 c1a314a36f55b5a5 c1c480002d286455 41aa001a979d0501 41c1cc166e02df83 c1df0fe468bd4722 c1dc74419fc31dbc c1db01f9a6285b6e c1b409363552df82 41adec55cc5fcf6e 41b474d688906d68 c1d036b39678da99 41a65bbb20973d1e c1db6c1943f5d218 c2273bf9ad4d67ec c1a383ec1ec31758 c17f7d22f72f5b40 c1aa5b19919888e1 41d1bc6b21e2ab4f 41caca01a76145a2 c1c3484b5d08d27c 41bb6d41979c32ad c1d836aff58971cf c1c03097cce61481 41c1f362877dea7c c1a19a3b296980ab c184ac7aa10daaf8 41a8cf96ce646c02 41a071023c780675 41a95386d5fd4dae 41bcfda24b6dc336 41c975bb75f6a28d 41a82a68db7d8ec0 c17e0bfc2385ef47 41cd472e38f2ab54 41dca352675e006f 41e27145ef298a69 419581fd1ca91e60 c1d5e746f4c8b320 c1abe35d7bbe7284 41b4369ecd4bdf72 4196020a2be3fe91 419164cd638e1358 c1d27837dba8346e c1a14ee61a3c1eb2 c1d5b6b012031b64 c1e2a414671764d1 41bb2b46e124c7cd 41c13beb4e49595c 41b6154535280a40 c1c6140ef1ef08b4 c1d8b38f410c2c6d c1a9cf7d2f6ec6b9 41a20b716a521ddc 41ca15c9e115d71c 422b36d87cfe6bf5 c1e5cd7470d2d027 c1849b6568b13d31 4175de92a906e448 41c07d2d48fc7512 c1cd6cec8b5dcd0c c1c4a21a3413507c 41c294fbf32bcc04 41c4f8532f26e28a 41f21a1399f9ff34 c1d01e5fc5933d7e 41a1258aeab4cf94 41a4af0b45d163b4 41a39b09e09c9480 41d64ac444daae4a c1bccd660cf1e11c 41d74d63b97056e1 41c9d00e7a04afbe c1eb955e0250a550 c1b30f3af8fae915 c1cb1cf88f8379a6 41d0bd72fb34b06f c1a5ff76b2823d23 41aaf197ca77cc74 c1a124c317a081ec c1c2210dc23edc0a 41c619d1ac85bd1c 419f9f49a9ae9a37 41c82990820faa76 c1b49eeb627ddfa0 41a30aba80be89f0 41d57bdbc7ae90a0 4183dcaab4391012 419d8521ca708a44 41d5be71e35f25c1 c19f245a53382cd6 41cd7b9dbf58ffb3 41e912d24dfc9776 c1c0d01215ce4259 41e7967f8d726b26 c18e017c6f87c94a 41a1b551d0ca99a5 c1a2e15c582c30b6 41c730ed76e30297 41a62972ac5b3daa 4195c9d8aec05ebe c1f138dd8cd27879 41d41bc90c5b213f 41e21085a7e9d89d c1a44520e6bdbab2 4182facc36313a64 c1c189e4f9410cc3 c1722b882fd2ad24 41971b6fcb4fecf9 41c317da5825a3de c1fa03f4116e07d2 c1ee8e7a5f429e1e c1cd3f02f2b7b434 c190cd99359b9230 c1440ee9f1a100a0 41e03233340beaea c1c4fbaf186ed2b2 417ab6f6cef04f77 41953b743a3ba40a c1aa471813a6d570 c1c6fe64119c07e0 c1a73486660fb304 4191a947c51e8f20 41800194f426b2e5 4186ecc0979a028a c1b402e9e9ee13a8 c1b1bcb00e2f9767 c1c8f3bba2e01bc2 c1c1cf98ce15ac3e 41bbd2941d19ebf4 c1c24483b05c4741 c1ea052bfc5886a0 c1e157e10704901c 41cc9a2807eb2b18 c1e86a600862637a 41d1aa78fc023d03 41b0891acc6f2367 41a9e1a29adcc90c c1a2906bb6d4f6a4 416cd2250caa4330 41cb891f18c5818e c1bf03d47cd3a078 c19935f0a02e96b2 c19fd16aa8298522 c1a2f4868715e823 41b0a12779564582 41db1aca48cbb1a0 41931f1dbf58571a c1f756672ab2f652 c21c02ec48ded877 c1d024b692764450 c1c5febee49bcfbf 41d6955c3c95d2b4 4200f476b95895ea 41b6d40a2bbc40d6 c1ae9efa23cc778a c1b953bf645e64d8 41bd814bb5be2382 41ec52bf472827f7 c1af06640c46581e 416a925e5f82e938 c1a1fe1fd7463d91 41ca4095b8446f26 41cd8725bd961bfc 41a5f446e0a1d0d0 4185f65a15de29ac 41c53e8f80ab3894 c217012147129cbc 41c0a891c0b9bd13 41ae471f7379f145 41e23e393f2aba74 41c29796340147c9 c1ed22495b7e5758 41bbdaedcfe6e7a2 c1ba669f8a24abb0 c1bbf2c7241d89e2 c1c1fcf7e983a968 41b02a9a91f5f326 c1b6dc3fa1f50310 c1b1dc4dac8672fc c190e51f87498eda c1d811cec5b3742a c1e5377b9cd8a502 c1b27ab14182050a c1805ab20d2921bc 41d2a98b4e629c34 41e1633be384fb14 c1d0a400861d84ed c1c407dbf0f2b9bb c1cb22a3d31d3211 c1c89ea9c94bb914 41cfd95776f4a746 41b0864a9ba80157 c19aee8459e1128e c1eddd471b1fcd5a c1a449ae603f95d8 41989eb17dbe5605 c1db73fd587e46aa c1eb4dcc82591887 41d20243b3fb2214 c1cd6c37dc088dc9 41c2e080797d63cf 41e697cc178cdeae 42092c313954cf21 41da158cb03e1e7f 41b02f969537e557 c1f08a5638d250da 42020db6284bcf80 41a119e20b2a980d 41ac85e25519ac6f c1d1ae0086fb31df c1f0970a286d7040 41d01f3648e8f482 c1c6129fc9ecaab0 41b25d045ea1cac6 41b699c6353e67f4 41d3a2a65738854f c1a17bd481d320d0 c19e120fe49674c7 c1e4d8afc57b7f40 41a0ba2e59998b6c c1b4857277c32b74 4194ec55e2bfb341 c1ef52290d8913f2 41ddd060cac8d3af c1af164d34a49b44 c1b0dce696826787 41e12802465535dc 42044155444ba77d c1bdbcd16156ec4a 41d77b801797f9e1 c18aefc31204bd45 c1ccc6e32d2a8ed4 41ec96c2428440fb 4177080a30046248 418d7f76e18939a8 41b5d4a0abac50fc c2043bce4680e912 41f1b5526a2c7d62 41cd4494d13931d8 4179d9a9e292a918 41e02400c3ed9a56 4193324a28ef1030 c1cb1ecb8be003e1 c18832c371252e6a c2051da0a6f0b8b4 41a4200c46548df3 c2156c7f3a80678c c13a71c80644e013 41e2843c3dfc1df0 c1d1b128ce08e40e 41a601d46654dae5 41b7fd66dced8502 c1d12f3949b2815f c1f9c63b3af79c6f 41997e07166e3d2d 41d5f67ba87fcf8c c192854a0305fdd9 c19a4a9eeab85f70 c1b3b4410b00b117 c179c7c565a3e932 41d04c7e313bf6cb c1b835b4a7dfc926 41b339ab99a0b389 41d0889942b49a37 c1d5d4424ad651c1 41e1d70e342f9b74 c1da83ac1a7707b2 c1d102f68ae662d5 416577f2f1cc8068 c1831ce99b1b51b0 c1b5c52bf8b8e9bc c1c769d53f9799ca c1a5ca880a9dcb07 4188111f9ad99691 41b3721b148d3d92 c1a4084644bfea73 41931e46f1ec7830 c1e0fa45b8dc6990 4191f1a15b405f36 c1afd13de1c89cf2 41d59be961836fc6 c1d1d27815466cb6 41b7fb27302013dc 41dc887495e71f4b c1b8059708214701 41e5bb9c047bc77d 41802ec9d41a1fc2 c181f34dad8f1129 c1b313007f40c4af c1938effef5d8274 c1846e10ca152d50 c1b1537d7c34295a 41e164fcf0338cd1 41c26842756eda5f c1e8eb31712ba0ef 41a654b90d8695c9 41a1ed16d7394ceb c1a8630618aabe76 41b7f665c97fb88f c1901a0caef0afcb c1ca910828309656 420b65eb50a33614 41d03a06d3c2cbbe c1c6309a7a1c28cc c1a28e2a886ca257 4187b4618db096ce c1c3f11f28497cbf c19195fe9d55e740 c191670bdd61bfa4 c1b82f85d970dbaf c1928ab7630a428f c1c712e97d211a2a 41d36dfdaf3f843a 419275cfec1167ac 418b492393c69298 c1cce9e944f818da 41f9f7b57301bbb8 c1c03d50b1181b85 c1a7eecd9dae9d79 c1cbafdcb1699266 41e779554ce9e42d 4169a0a030659b65 41d65871643b10fb 41d7d5e0bd84ce08 424a5f9e61cc2993 41e8052c72d7a4f5 c1a6da6090ad62a8 c1ae2a107665ca14 c192614a2fd5ed5c c1d71e89411e8558 41c32cd3a14841da 41b1551394545301 41b5f84313d4b8d4 42033d66059d5841 c1f67602f58a8005 41881d7adfb64b4c c1a66e2a70d45d30 41cd0333d76c38d2 419603e02b39561e 41a12579ae0c556c 41cabaefe73ddf2f 41e0f9983c38f36c 41a1430b5a06b960 41b60914536adefa c1c0ddddf7efba40 c1639f8877fa9ad0 418b12db2c0eae0f 41aa4d437ddcd67e 41ba3bbc5ed0a3ca c1d985b4895e1997 41c75438795a3d6c 41b62f8c76975b5a c1ac6439f41f3cce 412c9f1a4fc09280 41bfc56f55306ad3 c1b29b2295d0ca55 c1a47b53873865c0 4197e1c7b823342a 41c098d7f41622e1 41e349d23c6be3ce 41b35bc965be34b2 41c83fb6ad5daabe c1de1b6037be8a3f 41cadf82cc692505 41b1f68a981af2c1 41aed0f69c8da124 c1b63e6db7cf2355 41e04b2c3dbcf843 c18a9efa0b7b98a9 c1a49ab6e39f615a 41c0240e118038af 41e02bd42ee85884 41cbe58facc23c2e 41b1c34565ad11d6 41936bae44bc6ddd c1cf2aa4f50b810c 41c6f105bdcb5af1 c1c409d28d855ebc 41e10ed05a66c0f3 c1d74f58c62378b6 41f293bb5c2427e9 c1efcbdc41180922 41ad7d62f05db248 41b96e97256afcff c1b7e20e53db2928 c1c61900e45de6f2 c18f954116804412 41c9864902b7d37f 41e21b1373038df0 c1b5f65e1017d596 4193dc38833ba74f 41d25bdbcbda4656 41d0dcc81dd60fbf c1b768724e313b86 c1be48618c42ce77 c1c96050238ceac6 c1f611607f5da202 423173e9aaca9d80 41df0dd89e37d573 41b46dd657374be8 4192ad69bfa0fac4 c1930f9ece011088 c1d687b82e09c08b c1a546f473f22613 4193053fe10d94fa 41d41d10429169fb c1e2c7477429e5f4 c191893000ecdd58 c1b782c1403efc2a 41e9f0a7717c6918 41a963e6b13509be 41a03962f31a437e c1a3147b40e41374 41f13bc45f9cd02e c186374de703a828 41a242ce63cf94c8 c1c040c75a8251cb 41f0d5926aa68f90 c22482f424955a65 c1dd19fb9a9f2dd2 c1c2ecd5a163203f 41ea221a1d6031cd 41d16fcc79afdd16 c1d8a2bdf39ad3b5 416d2f1485fce0c7 41a49e5f3673a480 41d7d330d8a47b7d 41f3046519804fe6 41da73aa81e1520d 41d5eabeddc15e5a 418f1557dc36b664 c1d9011b3d848a57 c1abdd689a4afed9 41cb8b81d2a2ed60 c1a1877d1764974e 41b5de44e3ae6457 c1eba4d61a816e6e 41c437b40a245346 42173dc3abdda324 c1ccca698e911dfa c19a3d9ed5a7a382 41c864e5369c0392 c1c28fbcff5b5d9c 41c64f4701875b38 41ae6ab0fc8e0c0c c1783303ec081380 c1d96b629225b1c5 c1c562bc769777f8 41c500211f28c07d 41ae6de04c558f8d 4191b8eb821deb21 41972fcff67db55d 41ab628264086672 c1a4549ede89dec8 41deeaaa84a1a50b c1d8dd3268c7fc75 41e00966d5149ea1 41ae0eec92d05c18 c1ac48cfb8acacfd 41e12f9d0add1a5b c1e2851ae631baf2 41a601c350650f0e c19f2645612cf598 c1b95a424ae9e226 41d2283f70c77818 41affe2848e1bb13 c1bc7387ec4f5033 c1c8452fd41c6f71 c1d57beaf1d99b64 41da57a4c2018f3e c1b9fd09918edc5b 417aa6f3e0949ee7 c1c60652e1c9d211 c1e45dfb8f10c8d9 41ca3041019636fa c1ce821e75c99c20 c1d0841cdc05c5aa 41d7e340a217d208 41bb781b08e166c4 4193ac907513d486 41c45f1e7b5125fb c1a3a7b5ebbcef26 c191a0ecf23c9597 41cc30c74cbd814c 41f50ae27cb86c25 c1c68739e5ce10ab c1d901785841531a 41a3d09940319626 c1c1f9d70fe8246a c1bb99201a6d68f4 c1dc494a77248b50 41b6163fc286ef4a c1b098ac6e8926d9 41d952d892a431c7 41db7d46009f41c7 41d69408f1aeb688 41c23fbcc0373c5e c19771273adcc9eb c191432d21cfd1ed 41c1276aa8cb155f 41a72aafb252ca39 41a3a24d33485bfb 41be0d843bc5fd1e c1cf7b0766048a23 c1cb89fef432b7ec 41d2d314e50059b1 c1e76142cc602e62 c169822834941407 c1898945ad06310a c1b4468da207d8be c1fa8045834059c2 41f76b1a659c102c c1c62607a9187be6 41970f3712137f85 c1d68de9b3188b6a c2075d5dbbe6f344 41c3208c4ac566d4 c1f042bce125749e 41e83279bff507a9 420e25c1ae34a166 41ff8bce2042a0e0 41be5faf58969d36 41928cfbb2bb4b40 41ca05f74dc1295d 41f823f0ef02ca71 c1aedb006306e923 41a7bad366b605a2 4197c936ea2bdc0e c1cedbfda64a8766 c1db9b7ef78bac72 41b5210603f0d9ba 41b3635c9b1ead64 c1e43e9c394722f1 c1c0263805b8b6d8 41e2830b7be8458f 41cb3e8caba03402 c1c3c5e9f1805fb5 41c45a5d2b23e78e 41afd4ad57c461b8 41c7e4566a0dc34b c1ba2e955ad8b49b c1e30ce6652fc83d c1b0052b5a2b8fb8 c16d388449a66e43 c1c385ab27f73e60 41b4492e377c3d86 41c1ca97049e54bd c19f69d5daab60a0 c1c4a6bcd67fe19d 41b08401c83fc402 419637f0f4960df8 41e4ce356f53d293 41e0268b32a825ae c22d5bbf257c5ba6 c1c442ba8465ff78 c1ddba9be52be48c c1c4b05d31d77d78 c1e9749dfdcfb869 41b2ecfdddc197ce c1d31790623dc7c8 4198fc0b726b2db4 4200cb82e49da9c7 41e087a88b7f5d81 c1b0cd67c45d038e c1afe23ea2c71bcc 41d43a874f902268 41c53a8de34a9c02 c18a7b8711814b41 41a5fdb9d4463844 41da39e877a41258 41f2be1e6740c7a1 420cd7af49ef091b c1d035909e25f612 41d39df426cbb24e c19b5a9acbff90cb c1d136376fad06f9 41c547102982c745 41a821ce390dad74 41c0722f55ebb4d4 c182a443dbd58516 41d35239e4f46ebd 41cb24ee2515446a c1c77ae5ff02aa2e 41ae95c2e423f508 41a96481f2e5e488 41b7e9143b814bcd c1f0f981d953379d 41c2d741f9893aae 41be7a79a5f1aff8 41eb20c74f4a85c3 c1ce414500d8e6e0 41cd9d94f98f5112 c1c361a5c18f72e1 419f43ef4b577c03 41abccfe60895d36 419ef299838eb948 c1d5545aaa339801 c1cfa6b5d630a4ec 41adcb91fbb84d56 c1b2f2040890fec4 c16d602fac404695 c1876566fbd38db5 41dba6d335485f47 41ca0d49b10994da c1b5a5ff5cb18e7f c1ac67c4029c80a1 c1732c247ce6c200 c1a9d79cc7130e82 c1a7e9c09e4342d8 41a0faae4ac7ba3d c1d397b72d113512 41c09004e312b8f0 c1ca5212bfe39875 c1bf059c22ede258 c182171834f45ea4 41d57737735286bc c1d0a09130c9a895 41be9c70e539c9cc 41bfa61279dffb1f c1d016656b91f89a 41f25aba378b423e 4177d01bc0b64180 c1bca37b061cf2e9 41be23bd1cae9b70 41a9c3ecec9a438c c1c70bd4a8c8a8c8 c1a36cc5be73368e 41a61d4c7f0e37c7 4213ffe443d5ea21 c1c04a2d0f776a63 41dbd21ff2bf72c9 c1a91817378be6ec c1d9b97364fb1335 41d403770a1260fc c1d2eab83ce32fde 41be54647c58b702 c1de7e1ce7e13382 420e487d76d93849 c1dd9f01766c259b c1c85f84895b99eb 41aacbbbd01442c8 41c596650fa84a81 417e65f2f347cb66 c177a26359f22c44 4188b9b466f02fae c1d9e5627719bf89 c1c48fbf2209883b 41a92565210c543d 41e66c5a7fdbb4d4 c1c5c01b9b41fb8e c1b1fee9f1a7a5c2 c1c83ba6f814de48 41b7da2b5829d87e c1909265a4927567 c1b31385f75a0524 41c74ad0e2baf42d c1971790339205d4 419a34a9404ed5aa 41ad838c311855ee 41a5d1d74ef00945 41c12ea409001178 c1e35815f275e83e c184866487e10d46 41c2374b375c5c48 41cb3d7f65494318 41ad329752bab168 41c35debbb6f4bdc 41e13785140f3373 41f5bbeb3e586605 c1b86aaf86b1611d c19c6ec6bacb87d3 c1b1e6decd3e884e 41b633e1da093042 41b2b31ccc3c0453 c19c910ea32f24e1 c1b820e0c2c5ffe4 41da7ac2454bd41b c1d6ebe4659d846d c1c12c9754bd3df3 c18f5afe5b1de6e4 41a9a10fb4d8426c 417c3b77f1da2e60 c1bb53ca9eaef98e c1b77318881b77b4 41729440ba881600 c1ef2a967cf50402 c1dd7c17a606065e c1aeffa0af055432 4194496ba75c6f28 c1aadb63de6fa31e 41cd505aed676010 c1a86457ab602ca7 c1c05c91ba485e15 c1c4e8d70bc182f3 41742f8f1c6b0470 41b8a478f722c186 41dcc435af7a9423 c1d3fb4ebe0ac175 c14a1696ff54ba00 c1a360689a0da7dc c1acf2e99e4c132e 41979062aca5ac8a 41ce2507249181f6 c1c377dd0283e679 4192b5b3df8b4fc6 41965385ff017abb c1e35ca46f53befb c1cb6142eeb8e3f0 41d2243e0b6ae333 41e0f9cd4467b7b4 4177751ea0622a80 41ccb07768d0e6b4 c1c05e4af2692106 414d2b32471bb7d0 41d83f43bb7a031d c1d19b17e397fdbc 41b79d04b398d634 c1c0a627977fd865 c1a44365d7d34a4f c1bc9b1544d9324c 41a001b46ec960a1 c1e992576c05de36 416cbfb54defe8a8 c19bc70825833e86 41e68848dfc2033f 4210e5495c41a5b0 c1e0386d6c244f18 41b21159f9300fb9 c192077b0f50dd21 41ea24baa6d81498 41ef1cca15fcae6b 418ad382309cf688 41595fc1bc374e80 419d0051254194c8 41cb04f35a623a1a c1a397f13e656db8 4183aba9b2200b71 4197827d437c4674 41ef722b43b9bcee 41ee385a596a7fa2 c1ac47b747a623b2 c12224daa59b2300 41bfc341db90b87d 42107dfda8093a8a c1d115d730ebaf97 c1df9a5414a3180c c18dbd910e426658 420295758fa8815a c1d4f9657011d807 41adc838cfa41008 c1cfe4c20e3465da c16a3dcdcf323200 41e2adc18ce203f1 416d54c584d32f34 41aa56ba2e1a3fe6 41ba1a4b199e5371 c1c531ca390b5b64 c1cd24b759aa9491 c1b31d2524b2c40d c19bab736bb0901d 41de0398e166b8c9 c1bb1c3d0565a0af 41e53004299a9505 c1c510adf5ab373e 41c35c73899c3e40 41f863a8736f20a9 41ae626dbe3ddf20 41c0cd2a2e73048f 41b16bb2efd94188 41b93430b9e45640 c183cc4344ef672d c17b029a18c1f070 c19fd30dac06f670 41be4c5bc9c23392 41e6b1e99b315d3f 419158fe030468ee c1d80061d83b615f c1aeb3d9e1d254d6 41b428bc1486e207 c17122acaae3c758 c1dd599f867ed594 c231f8e9de10b396 c1eca9ead7c5c368 c1d9873b361eda45 c1d01798a9107cac 4185aa6dc490b2f8 41b7f3ecb6683f22 41aaae5ebf8b9c92 41b32bacaf80a1a0 c1b0f5f60a36ad44 c1a11403ca20a320 c1d478c2df738c08 c1b7f22fe488b0f4 41bb627abdf3b636 c1cf395698b760fc c189b11b333a73b8 c19125229fe85b0c c1c4db388e2d99d0 c1baacbc3f05dbfa 41e95141f262ee20 419e7fab4342eeab 41bc842193819602 41e50adf95e836a3 41caa3ade7e6d929 c1b4348aa790b494 c1e3b484dfcf8128 c1e1e8f43cf5daa8 41c594212d9ade42 41c53443570467bb c18220aa8e07e50d 41a11e7619ae97bc 41a1566285055222 c1f0fdb31b8725fd c1df5c48ae9b8514 419a797cbda30ab8 c1bdf5f1d5d6aac6 c16208ca75168010 c1d14aa154f75b35 41d26339e6700bf2 419c4f4c9249b95c c1e55fd113c782f4 c1d1e2ddcd2418d7 c1e64bbb23dd8850 41d53289f68f1a38 41ba7656e2002921 41baf980dfa79719 41bbd2fac5b2aef6 41f02ff7601a1b0d 41ca695e2c1755e0 c1cefb01c3ee4a86 41dc287fd62f2221 42032c9d91fb6b1e c1ecf7152121b14e 419b25cd7bb3e69f 41aecde3940a0090 41b07a409582a739 41db688dc61d4aef 4190de754649c0f7 c1d16f0956dee744 c1d005b3d4353326 420978f2dc8460d4 c19323fbd847a51f 41a8412c8c2e38ef c191e0fcfd840078 4190de8ba8aec359 41ab2d84af18d672 41b1f98c5d44119e c1b32bf48708727c 41943208210dbf5c c19480f0ebc7e039 c1b6291660862352 c1c0e305b1a58dcc 41a60cd74e8d671c 41adb40c0fa374d8 c19a2b336edf76a0 c17b0aca1f46f01a c1c4591dac1e9692 c1abd380eedc0a51 41c7151d1c30e34f c1b2b31d46cc5134 41d5809515222d0a c1e2dae7abb5f47a c1528876b5114c14 c1a8743f925c19d1 41ac5b2f593657eb c1e4c1024fa18947 41b72a594e938808 41664ed7f9830ed0 41e0051f85705d9f c1cee8b96f7a43dd 41e65efec59ecd77 41a273c1366b41f4 c1a0ce6108bd10a8 c1b7c353400eb44b c1bec837e860999a 41b627385e3200c3 c1c7e0aa65369881 4203d772a009b50d c1d604639960d4b6 41d5fa39d386b9ec c1c50564c86921a8 c1a7e787b6c011de c1b7eaa4f8d7e423 c1d5440010789d93 4183f9b65ce6f8ea c1a1f23507c700b1 419b98bda770bc58 c185f881732bcc80 41cd40dcd7b7b622 c1d23fd17bf1d3bb 41a995ac573c0163 417841d3c41b0e76 41ca890fd4fc5b05 c1abeb07cfa9c856 4174fe3177ffb7e0 c1b8de5077de839b 41c2794f4dfc12b4 c1b899ac61f4e360 c1f2cb29e5dc36b3 c1e09487569e473c 41d11375d11d6a64 41f6e1273fe7f8c6 41c5862d0cf2fec7 41d2664ea3d96a06 c1941cf602d08322 41b6b7f0bf0cce8a 41bfda8caec7adc0 c1c32fb78d47220c c1c01d4834a64467 4197f36b225c3c73 c1b083ece6b4901b 41a31897814f95f3 41d1291e1bf431fe c1b246f3d2f4010a c1b0db8148ae9f9d c1f5d3bfd3a6299e c2086f3fce205eb0 c1d5519856f52dcd c1c24f0bd8b24649 41d48abba16445d6 c1e4f3dd9d9ba81f c1b4bb781b81e99a 418a0c9d6b1eb3c4 c190bc83ca134e0e 41e202897345199a 42032b60d746e3f4 c1b8fd27afa399f6 41c2e3c25524a4ce 41a49eff23a1a4fc 41f055a5c541b1e5 41c9a37177155abf c1a0896db9989c32 c1995bd5184b3f78 41d9ac7b16f6c9a9 42171d2753e6ed3c c1d055e44f1aa12e c1a365d4d4dc2a49 c1e3b1129e4348ef 41d03439aa1ea8ab 41d8325ecd6f82dc c1b4a567cd24b0fb c1c53c6de0b9aead 41699735787e1b80 41d699faa438929b c1d24fccfb39cc4e 418129412f5f1c1a c19f8da15ce0609c c193634de72252ba 41d00f69f02fbb5e 41d5561d579cc4cc 41bc4d74df368f31 41b014f2604b50a8 c1a454a9835971d1 c1e30aac4026c82c 41b7e403e6e045d2 4185c6ba64781820 41cc303d84a858ff c1db802d5c0d922e 41b4a340b865ab54 c1baa7692ffaa7bd 41b42eaeccc8f3b5 c1e358ff355ef068 c1628fc549ef6850 416fa96bd8407c74 41c5a9347bb9b911 41f1d4220ed96e8f 41de3b8228da9c90 c1a1bfe5c70a5aa4 41ba05b05c00052a c1ec0846fac5dc2c c1f5ca1019c14379 c1b881e94fa45a50 c19fd4dfcce34a78 c2176487c459886e c21709eec7f3b1d7 c1bf4801a00eff0b c1b3ad31d62f9f6d c1cef4682749fcbd c1ed4755b03fd26c 41b5e7f3b6cedf73 c1bbde12c909a577 41a1494ba68ea9cb c1a0774552a899ce 41d92525baf7dce4 c1ba1417be2e7478 41af389ce34b35b9 c1efb15dafb2e3c6 41cb39f80cf51b7f 4198361616ba431b 4197f6e91ee2fdb0 c1b941e48dbdbd00 c1a033cfa4fca0e0 c1b32721dc9e0af7 c1c4217e603a73ad 41d81adbd7c74ba6 c1fe5fc7fbe57212 41b69cf63151752b 41c1495f605b4a2c c18ce0627a0574aa c1eb94b3cc3433fa c1f5070fa2b187d7 417e7d392470b96a 41c2017d14e1d544 c1c66af5dca10c5b 420261801913c049 41f122149fb8579c 41ca6de28cea08ab c1bcf0f9f0770d00 c1b2ac94737ba51d c19e67709645e61e c1af712a96ec9e06 4193e2b9cbf3723f c1f04fb1558cd2be c1ccea93395001ff c20d77bab6d01eda c17432fcd0593718 c1b87f0f63e266b0 c1d13fffa9c08b17 c1b79ec3b652e9a4 419af05c45863373 41b047ef8a5feda3 c1ee40262c024268 41b110692daeb951 c198cf193578ab00 c1b45369bbe8d265 41ccff1ef55b8feb 419bd91cc562a8cd c1a12eb405fbe4a1 41c8dd30fb06bc80 c1b95fa85455f4f8 c1d73b43a09223d3 c1c09a7f9377ab1c 41ec219c97698cb1 c1d512615b559e3f 41deb2ec123b2177 c1be1a542bd3ca24 c1a9e97de183edcd c1a750ee90b6b888 c1a78ae54c14355c c1a6be062a451a00 4194ad931e31de5a c16df0cde037dbe1 418fa0c80848204c 41a799c50a61b52e 41d84abeb00eaf7a c1dd533493bd6caa 418f5881a4121eb8 41c760bd01201a67 41b2e63a2cf615e0 c1c0bbc58a7bfe4f c1d5ab5a6f16a27a 41dad50182b9a36e c1c51ff053e196ed c1f193d123fb11a1 c1b25c9acfd6dd16 41a64dd5ad3d90ad 41b5c3fe5be49514 c1d01d074b485763 c1b68a7920c1a390 41a74226ecf42768 41e5964195445534 c1c657d8086c1202 41e8e7c151e60411 c1a5956037fb1f0c c17171f7a85dd4ce 41757556e3c6a994 419d8cc59e1b5442 c19607694c1dc80c 41ca9c2574d13459 41de35ffb872e7c0 41d30da528126953 41d202c52010cbc2 c18f000f12b014b8 c190b269b73637ab 41d5088e83dddef8 4189f18dbf5e9595 c1b1d10c98df0bc2 41b067307c2afa8a c1a4ef1dc91b17cd c175f44f126cb3f0 418fccfdee93e762 c1ce3dd19a081797 41a71efdcb24c82c 41b9adc148173a63 41e122fe6a12f214 419505c85ca18ca2 419b63b3d504fccc 4191e54b06e3bd58 c1ee65fd01109c2c c1c3bb879abcb972 41e7c53cb6d5f982 41bfdf2482781af4 4244f1aeec84e8ae c1a99272b7b057b2 41c82661748a1004 41c685bf8f789f28 41382b4f242257c0 c1f51b73a15a9f55 41d35d87504b241a c1b616f43fccfcad 41b7f79abd03dcba c207df6643d2cf1e 41c370980b1d2b56 41ad6f5ffc8fa1b6 41c7c5fb396e207e c1cd2faee244218c c1b0d989702e8dfe 4182a6c626bffdaa c1d8f7f90fe78df9 c1c56670948a0195 c1e8c500dae9c9a8 41c03a9abffe5a95 c1a7c13977cfc7ae 4191982824f11acf c1a096e693a874ab c18593f925a0b8bc 416b445cd13e3e60 c1d75bcfd9727f33 41ab5df6ba80d82e c1ca24d5f38f50ba c19cdb637ca04e2e c1a7d842c02039d2 41cad0043559a5ad 419db63b06c25c1e c1919d2a5dee271a c1b88665fe5d539f c1b3fb7178e526d2 c1b8c7f1e43bd658 c1c6cd7831cdf192 c1d47f1040464f22 c1d0f3d2f659bf56 41f69e377ebc1df5 41d0cf880207ab0a c17ec69a5874d1f0 41c145c8fae41723 41d8e6fe785062be 41636ce9e4319f68 419873677f8c6474 41c7cf648752f3a0 c1d54e8d2b9c6eb9 419b9619caf6f8fc c1e0529f6442acc8 419fc371445916a7 417ae3e97f04ec20 41d4b042a0befb28 41d0d9ec888bd78c 41dd0009fdf6cfbc c1c2cc4e317c34ae c1a2b82fc5643f94 41e787cd7211d9cc c1977a369edf7d7a c1901465e911262c c1b1aef737445053 419aed3ddbe1a68a c1b6fe259a9cb71c c1cdf29555cb1d8a c1b3a12daa642b5e 41b5aadd6c8286eb 41a24e54e8c30ada c1b69755ac6ddbc1 c1dfa0609323ab8d 41a966654281e513 41813eeab4205d80 c1d557568e7c5d14 41e1079fbc6bd8c3 4227f1fb1da88a7c 41e92e715284a318 41d057903d44f559 41ae227dc4061e8f 41d4016645505bf6 c18c4106cb6540dc 4188888fe0b461c0 41a4b6ed3dea80e6 c1def0c369f728b4 41a9373140770624 41c0fb7749260c40 41c3414259f06419 41f9736854e20e65 41915733912b61d5 41a163fa4889fe38 c18a9041446e8dfb c1bd7815ad040d00 41c3bed5b73f8988 416544b28e7e0648 c1b1862034330a8f c1e85438a3c042de 4229a66c919585c7 c1d68189fd70a626 41c06947c99a71a5 4189c62dfa9f9960 c1e382b67494c81a 41a8ac3eb1020b34 418db18036abb964 4184569b8aaee931 41b6e800cc354ca6 c202b7e1c800d4f1 c1cf0b1a96794022 c1cf6413e6fd0390 c1b7824e1b28ce0c c1f1133d671430eb 41a2a9183b95b654 c1b20dae486545f0 41ad8fd0c41ea39e 4192c457c61d133e 41e40ab25dbdd36e c1b833c582c7669f c1e00ca9ffab6eae c1c5c77e6a84987a 41c0bab408e8170b 41d60a2007955862 c1b96d953fe84814 c1b76c01e6b30b47 41b9e0cdde91e89b c1d0e3ac766087f4 41b4ea1a9ad1bb80 41bbb3a94e4b15ff c1b04127f1017083 c1a8ce53e622a37a 419443519eb22ad4 c1939f53d5efe422 41c18b40828992fe 41c3fdad96d14fcb 41ccc388a8db0212 c1c65479e807abb1 c1dee5697d35d8d3 c1b2e87f093521e4 c1a92f45d77c071b c1c47dbbbf8160b1 41dddb7cfa6fc1b6 419e26b6ff46de98 4197da2d71efcb0e 41b7c8edb34215c2 c1bb7ffbc3ac7904 c1a1d30dc5374ac4 c1c6733b0cebd005 c1b833827af068ac 41f0a41aedf2ba29 41e6c7e048ec8b2e 41b440a1da18c035 c197ccb270e2119d 41be8f34639d28ec c1d4d490208ea212 41bac0c3468ff550 419c72a43db7f004 41e37eb8a24959e4 42127ccf2b79f07c c18a5b9c2c10d9d8 418e49c004cf700f 41c5c8475afa20d9 c1b59d0af5583366 413fdb2350bbbbe0 c19cd4db399b36ec 41f818eda5d3bff4 c1c3f10eb372c5b7 c1f11577d87a9e1e c1c4b0b204ae7152 c1afc8134f392028 41c71721977d4eb6 41b422ce08b7b7a7 41b183e15b1f3dd0 41d17976ae9ebe76 c1ebdee79b0bb309 41c9c4180f56e072 c1d972eba7e15829 4184c9d767965aa0 41a91cb6ad640296 c1986cbfa245d422 c1c3e93dcef03c20 417f345124a9de1f c191243c38d3aa07 c1afabb9192ad026 c1ddf26c34e78e70 41d53560a8a4d92e 41a781da2ee20934 41e65a347d067aea c13d24495a05b1ae c1b2960f144b3688 c1c4f5c1a817a47e 41e2a3d40144df91 41eced0ba7647c83 41939bf08b9618f4 418ca06e0ffa564a 41a201bc6e9266f4 c212b96f74979a7a 41d4f701aaba6204 41f7a10a5bfe647e 41dd276073157504 c209cdd51ca91e18 c1f2a4b0acf287f0 c1b9e76f1614baa4 41c1daed06a5260c 41c5ad5f2029531a c1e2fb129aef6af4 c1c478f2ce87ef83 c19db4cdeb226556 c15f0212c48ddf58 c1e52b12d801a4cc c1dd49106a8c308c 41c2fb41d2c3cefd 41bf2b2888c8bdcd 41d5477d76377258 41a4c17246b5e81d 41b4b0cbcfc52094 41d947c1621ff7d4 41ccd38a50257ffa 41a8bcdfc6373fc8 c1b819a3a821b087 41c4665da14db3be 41abe00ac54de9f0 c1c75609d122e6d0 41c6ab96919872cb c193c3d78cf4c62d c1b0b2097617e214 41c7e449b42863f8 41bddf402ec1dc9b 4144eb2d06a7f0c0 41a5b05659651055 c1aca6c460e87f0e 41b74b6e848b666a 41e198c88201a660 41d18dd64a6edf0b
S 0 3f0c7161fb1566d0
V 40f29fa2175d1dd1 c0f1126947680b29 410754e9bd5695d0 c08ac532276e4a4d c0f28a81118d3457 c0d30594cae36bf5 409af66254216734 c0d2ecd4e63ee648 4111c778d1fd83cc c111caa27513afda 40bdb3465ae00d58 408d7075646c527e c0e82835ecc1d190 40c62c610d57a9ec c0a2467177c85340 c0cef16689a694b3 40d4ca041ca75d9b c12e216211a9356a c0f28502daaf6535 40d60a3b2a161b4e c0de24a59c857ff1 40b6d5eb8889d2b7 4107541c301e8477 c0d63574466e6062 40f504fa91e195ac c0c87c6c1f85c6b4 40bb40d715814d3b c0e4dc44ec6557fb c0e14f068effd960 40cff448e0f63c01 c0e3c99950c25f7d 40d76570d6b4acd4 c0c8abe5209efe5e 40f3e136e1629f46 c10805a784457dfc 40c9ee56ac9e5cb5 41122665dae8c008 c0edb7143dfca844 c0e11b400e5c4d70 40ce1b80f4a35469 c0b12610638856d7 c0e42ea22de58bbb 40e3124e9a6e6e44 40eca59005ce055c c0a9a3f8a617152e c0aeda622c3375aa c0bcf90a633a2351 c0b34aad99c85ca3 40c4866695e0bdf9 c0a436d4dbe2ac93 40f5ce26e1a75030 c09c3016cc88787e 40c1ab76ca9186bc 40d993166b90edc3 c0d75a2c0eccff00 40f00bf05c97db79 40dc5b5cf6849215 c0ef7c12eeb9c64b 40d3de4950e3faaa 4106b3d8226b97ee 40fe393b54a3fc9a c0b4b68d7dcb8f9f 40e429493839615b 40f1d82b97fe4660 40e0f31440bb6c00 c0d7378b005db578 40f544f030f134c0 c0f0c1a3e95a2452 410f72a7bd0b4a79 c0eb7ca171c128db 40c37d1f1ddcafe4 c0e3c5e0380e58f3 40d41bc491cf8788 40cea5d0819df4ec c0e5c9cd20b76720 41209de30707a1d8 40c99ae1df3a397b c1103e4db0341be2 40c3531fcbe1c899 4083dcf0eb31b433 c0c27436ff1c35d1 40d885138c7e9f06 c0e089d980303491 40f359abbad2c9e3 411613b03a2b41e9 40f2a88f55d8fa24 40e5bca666df3d2d 40b0406f5e6dd1a0 40fc15678ae4cc22 40d7a94555bfa7c0 c0d0573c74e7bd09 c0c830bf39cfc6d7 40e57c5cfd91fb18 40f44fde31534157 40ec4092334285e9 c0fec25e5bf47c27 40eec2bd67916717 c0fdc709764df7a3 c1031d9eedcc7304 c0c36f024261c0c1 c0ca25c1830cc7f0 c0efb40240f2362d c0df5a64e4d49d4c 40bea6b0acfea726 40bfa99e3ad8db82 c0d293e4515ec377 40e67e4c844a58ee 40c6299b12cbc7f6 c0d4cce46a347db0 409a2167a39b593c c0bf656a5e150618 40dae8fd5d94cded 4081f4121abec63d 40d4b8c831c37de2 c0f6a8a2a60d635e c103f3f5dfeea2dd 40eb172d04bcdab6 4090b6ea6d56999c 40d55ff5cf2196aa 40eafb15f2f80f45 c0f1cdb06b1bd080 c0c540c9c5946912 40e8574169fc27b1 40faad3756685b4a c0ea254332976f8e 40d5c4ba674e8a4a c0e43a20f96b7bb2 c0a808b9eef04760 c0d92e9b8b104387 c0e2d13df9bf6110 40c07dda1e6b66ab 40e352ca42f51783 c1317c24fe5f8363 c0f6e27d0481dd89 c0e63e7823f406c4 c0a2bcfa76590b0f 40b09c346c184bdd c0dfcb81d498ebde c0befb6afc220667 c08b775c999515fc 40dcfd0f1e4b4042 40f61a71733da49a 40bdd3d3f191cc96 40befd6c91773e29 c0f9465b1cf44201 c0cd491c98f66f83 40b1befc33428659 c08072b4bcf13ba8 40e9177fd86d199c 40db857838d9abb9 40de0fd238b28eb1 40e1882d85d47b0e 40be74ccb94df89c c0e041735c3a789b c0f5548eea4b22bf 40ff954e3b13d672 40d54ac0c4e46f1b 40d30ee8a9ae21b6 c0d05af178a67e70 40b632fc1c2e45bd 40b8fb5e827746f8 c0d348537544460f c0fe95e971bfbfc1 40dfd9f73277f767 4103b0c436734182 40d9104d6fcf64a8 40e4402a64f84381 40e61e27612f3343 40efcc3059cbcdc7 40c4c7e73ec97047 c0b4824eae174919 40d1f86bf5676f40 c1322d9a1a350b06 41230b9dccc0531f 40c5560403226503 40da5bc90f5ae091 c0d0034d0dbcdbb3 c0e76fb3e1f6a735 40a5debedc0f3513 40d8b4f3acdb8424 40fccb518f479abf 4112eb3c91a26c3e c0ec2f59265e5bc4 c0a15b47f3deed6e c0c2fb734e5ed0bf 40a76e0ae836f392 410a8efd0c12ce85 c0a9e237134a9b2c 40db6e6c151500b7 c0f72465b074d01b 40c7ce69a875a665 40dfe98ff30023a3 40e2a051173063dd 40fcc67b314e13cf 4110eb1f097ddce1 c103581658271bd9 c0d8f35fb88f95e2 40d318707034b6a9 40f3e5fdff6ec4a4 c0f8dcf535cdbde4 40a78e11046c8e3c c0b93b19808c4f2d c0c4cc5385c15455 c1040885c7b324b8 c0c930634939ba36 40c63b44c9650143 40ba58d10574f87f 40d681238ab52cf3 410b362f802532e3 4102324b3195d586 40e55b0da66c84f9 c0f0e316991da50f 412764dfc12755c2 410b90962e6ed166 c0b5536e3a8bc432 c0c0f5aa4ed233e0 c0e238a2ecfd0e8f 40c71c373ee3969f 40dfa3459b7f6479 c0fb9bf7161d45ef c0f94a8b1330b9c1 c0f8016c1cdc5c6e c0d1cf0d4f36c978 40ca98d140fb5f8e 40d22eb6efbd0cd8 c0ecd29fe5bac594 40c3df7c1ecd1e25 c0f85fbfcb85e71c c144a6cd656a8201 c0c1589435bae3ee c09bfd10e626e5e7 c0c76d18c4a14cc3 40ef876acc8903fa 40e7cfacced39766 c0e1239445f8a5dd 40d860c72eaa31cb c0f585a537f5d715 c0dcc7c3fb51fc33 40dfe9214230b584 c0bf4aa4958ed0fb c0a2602baaff1b8a 40c60d8cf90eb194 40bd3a46b8bd7aa0 40c682d27b4a1ce8 40d9c4a66b672fa4 40e6a139b9d51832 40c57abb807f998f c09ab4f2f189081f 40ea0605728b72cc 40f9746085354333 41006475a849b2e5 40b31df259aa6a69 c0f377f9d9abd22b c0c8c9c2126907e3 40d1f769b892a823 40b38fc37d3008b9 40aeeba9dcd982ec c0f06aa1f2c77a0e c0bec4b9e4f25dde c0f34cc9a9a7843e c100919e55e1d2ec 40d8262207a7b2d3 40dea2fc808ed5c4 40d3a0db48a6233f c0e39fc78280e264 c0f5f4a30ce387e2 c0c6f1014308a5db 40c009f2e5cce979 40e72f7d748e3d3b 4148306a6da0a149 c103610627c1f2c6 c0a250fc9270d861 4093703d400fe724 40dd4fe8493192fe c0ea2791b64d4a86 c0e256f2875d82b0 40e0843373e1c3fd 40e2a395e4468147 411016f4a90689de c0eca760d33bb728 40be7b35408419dc 40c2627351cac408 40c16d2027354ded 40f3d06802dec99b c0d999c6cc4d0e23 40f4b647e3d606b2 40e6f18267181137 c108846e2b31c079 c0d0f0dbbdd1ba7e c0e8196acfdca583 40edc229b6e5cbcd c0c38d7952529fdd 40c7f2dc70e8eb64 c0be79d20716231c c0e01d2844fe072c 40e3a4e64f0b1d46 40bc1b6bc38dd1c7 40e579fb33ad351d c0d2541e48e7c38f 40c0ecdb612b92e5 40f3187f76d5f679 40a1a775693bed74 40ba3d1613a3c34b 40f353aebd03ba65 c0bbae26c252ca42 40ea34a0d2851337 4106494f40aa4b60 c0dde3441b2731da 4104f74347767d99 c0aaab9e00f1931f 40bf7acc305948cb c0c0c8166a823ed2 40e49cfb90d98d80 40c3b2ca8f48007a 40b35dd114e009fe c10e9d8eca2523e1 40f1df8f9ac43029 41000e769ab8618a c0c2044ef6ac5556 40a0deb26db1588d c0df2d99fc890690 c09026788547a393 40b489e175256b03 40e0f885be45ed22 c1171fa32d3a10cf c10b28efc31f9de3 c0e9fec2a344948f c0addedf0dfb7cd7 c061d41ec821aac1 40fcca9f53340803 c0e2a692373e2fc1 4097bebfd8d62737 40b2df40a832ad8d c0c75b5093e79365 c0e470104850ccfd c0c4a02e21310caa 40af65654b3ff2e3 409c7431dc054c2f 40a46062be464148 c0d1c9743c8babfa c0cf87e5527a9291 c0e62dad43b47d47 c0dfa982a1e447ed 40d8bad6651cbf8f c0e03cad1a5c5363 c10720b86bf7db56 c0fed4b0a67793de 40e96c3af7ff5f34 c105b3966c798167 40ef6783de2f1d96 40cd651c75b5b8db 40c701224cbc13a7 c0c0802513c7b15a 40899dfebd0d9b88 40e8798bbb308443 c0db913e6a88daf6 c0b66886372fc1bb c0bc47fa40395919 c0c0d91f3b32a687 40cd8fdd11159428 40f8177a97e4bab6 40b0fefa74d4035e c114be4ad6b16dd2 c138e5ced6ca367e c0ecb2a5a5a1bac1 c0e38cd5f2e7201e 40f412b548ab4722 411e23f61ef97ff0 40d44a6b900c7259 c0cb379a04cb03e1 c0d68304c0430360 40da39ad29cf8ae7 41092cc24ac6361a c0cb93851ad70b57 40879e38ccffbd88 c0bffc38a896f993 40e7558773b08e91 40ea3ee0ac8308d5 40c38387d79065d4 40a385600053b21a 40e2e20387a81711 c134727f8ba061fb 40dd9d0b9a0481d8 40cae9836143ee68 41003715ad2e3dfb 40e08683a5498258 c109e53a77a06b69 40d8c24277e0eac5 c0d77756d27a1e06 c0d8d77522080190 c0dffa2a976f12bc 40ccbd1e63105009 c0d451b76d6a0bea c0cfc019325c8b21 c0ae08b0d19c4d90 c0f564dd81fdb583 c102dbb90c678303 c0d06cd4f029205a c09d129c470106a0 40f09679bcdfb268 40fee8e01f96a361 c0ed94ed15cd1093 c0e1cdd9887cf8b1 c0e81e74c1257dc2 c0e5e21039d0ba81 40ec4f0589a955e4 40cd601c30c67167 c0b7f020885464a7 c10a8b6f0be6c51b c0c2085ae28398b3 40b5e2171301cffe c0f866c3530f177e c10844d1464aaa19 40f001ca60ba5498 c0ea26f11cae50f1 40e0c752fc9dba15 410414dfcab6d8bb 41265fdc3375567c 40f72f471101a5c0 40ccc5fabb20c57b c10d674d2e9c5bc9 41200bf715b86b37 40be667b1940b486 40c95a362756464c c0ef6dca144565eb c10d7de216823ea2 40eca8de2932e74e c0e39e812a9555a6 40d052748446dded 40d416a1a5f8b8f3 40f173e406ce972f c0bf1499811ca828 c0baba59c2d4cf83 c1028776cde3cdf2 40bdbc5a735d968f c0d23d7a3a891d9c 40b298edc640891b c10bd6ddf39d9318 40fa7ff7d0cf9cd5 c0cba1a97e37accb c0cdfa12e7c10e41 40fe7f979aee38e2 412200ef55d3d57e c0da6e95063b668b 40f4df441794fc0b c0a7f13bd2bdbaf0 c0e993fd3668a10f 41096935e17d1806 409478a3d312be36 40aa380c72f86194 40d3676645666dac c121fc05a225ab18 410f7acd410385f7 40ea03b6021d7a1e 4096fa0c6cc7f715 40fcb16273d692f3 40b1100540c1d2cf c0e81b09e34ea25b c0a582285ce6def0 c122c4bdd8dda11a 40c1e35987f061f3 c1330ad80d71f359 c0578141c836e2dc 410075505d17b32c c0ef7366f068e94e 40c38f93b1cc8349 40d552ba48e77303 c0ee8c6b0187fcfe c116e8c6bfe08b7d 40b6a8994ab2bb02 40f3857dd795b9f6 c0b07640255a23f2 c0b75e730f0aca04 c0d18389c44faa87 c096ea2519d4e537 40ecf95ce0e77aa3 c0d584c5d995ad2a 40d11694aa0c7bdb 40ed64362eb94f96 c0f367126244409c 40ffb6c4ef5f885e c0f79128be11d4d0 c0ee3dbc8d340efa 40831505e1846cbe c0a0fd05063f4ed8 c0d359a9656683ac c0e4cf9001316804 c0c35e6cf2971d09 40a56441cfd769f4 40d148be2c1244b2 c0c1ce380a8e0034 40b0fe3b87fe874c c0fe2e49879ed975 40afe602c5bdea2e c0cc47d273feef13 40f334fcef9c2bda c0efae9db8f7132a 40d550ba99f6d1c7 40f95c7f3c5e619d c0d55a0171df8dc9 410351298e1329f2 409cc48ebe32e987 c09fe8fc310be1e5 c0d0f435f05d5833 c0b1626ccc259e1a c0a228b1ea0c048e c0cecce359a62734 40feebfe63ef9703 40e05c72ade73b57 c106261616112425 40c3d9417955f22c 40bfddf0309e14c5 c0c5ad0daea00385 40d54c8086a88c60 c0ac9fb0c653ccb0 c0e79d08a00c8575 41285a41b16e9cc1 40ecd8892139d7a0 c0e3b926bdc82c26 c0c07e240e1941ba 40a511d2e93d48c1 c0e1b9a3c8a5a579 c0af431c9addad5d c0aeefa71906510d c0d57f46fcbd40a5 c0b07b1314370fbb c0e4824dbc5e5d0e 40f14515df0723a8 40b0687e7abf8b45 40a840acf2bb5c26 c0e9b31ea3fdcf02 411714c0fffdfc39 c0dcde61b25db6bb c0c545c077b5fec8 c0e89bfae4e1c61b 4104dd56f87e3ad9 4086c759d7fe6db4 40f3dc8ff38a0282 40f52f98e2c83b78 4167711cfda3bb92 410559a2b5999b29 c0c4500d9cdb7f50 c0cacfaf4deb2ccd c0b05640bef464ed c0f48ca2b79fb0c1 40e10b2a2ec6b0aa 40cecfb5419faa3b 40d38712a3257ca9 412119e4fe413835 c113f6d81741e636 40a56f3d7439505b c0c3efded68802b9 40e9c99980e912d3 40b391653de77072 40be7b169c374ffb 40e7c247e1e21506 40fe2d15201a222a 40beafa7130f3ead 40d39605512fa58a c0ddfbcaab4b5bd7 c081711ed8711643 40a8106d4216cc2e 40c760cc6d09e5a2 40d75138170e7880 c0f6af6c43447ce8 40e4bc5a3ff2e172 40d3b836bdfcca22 c0c93c4b90d63313 404970a07d8cfcb5 40dc3d53e3728b96 c0d089ab0d75d953 c0c2347b4bd113fc 40b53a2d2a295f92 40dd81170363c02d 410124efb260faec 40d134e79e551853 40e58dab142bde46 c0fac2a10bc21830 40e7e2ca011d7246 40cfeebdbd8d467d 40cb64080b0bf62e c0d3c570900b7494 40fcf7041bec00be c0a7a96dafcb6bfc c0c2506173a4f43e 40dcb17a19dc7a99 40fcbf4be41d7249 40e8cbb5c542cd74 40cf939952a0c108 40b14308325175db c0ebb3be5ababe56 40e4642e60f369e6 c0e1cf9846592131 40fe52cdb330a103 c0f4b8053e45c6c6 411083167fd02424 c10c4309f62ad5be 40ca3633a329e88e 40d69ae0a5405c6f c0d53a6bec986994 c0e3a42cbc26304f c0ac1280b5c4d2a9 40e6aff03b86213e 410017d81174b1e1 c0d38563895df1e2 40b1a70fe9c38e72 40f0516ce905e58d 40edf9dcbca499b5 c0d4ce548454974a c0daeaa1ac356fab c0e68e2fed283021 c1139d655e0741af 414f06866dc31ff5 40fb9a2585018f7d 40d2287df6714902 40b099ea154ecc08 c0b0f13479f107ca c0f4069566d90494 c0c2e9799ab51837 40b0e7fcaba6221e 40f1e0b27195033f c100b0e7b95f1cdc c0af2c584787a79d c0d4e5b6cf751af6 41070e7bbf9a25f1 40c691605fbc099a 40bcd765cec4b541 c0c0f58697cfbca1 410ea2b74afcd940 c0a3bf1b7b2fc308 40c03b2869efef24 c0dce489e619d10d 410ded0baba94789 c1423b42dc08d03a c0f9ddd902df3af6 c0e0d24931fe8759 41073a6f4a58077d 40eeff363077f927 c0f5e5b052887a4a 4089f09991696d73 40c253a1b1b61a5c 40f52d35752977db 4110e73a35dbf94c 40f782eea1e99777 40f37b0f0f92c729 40aba0cf6b880758 c0f639904d912e49 c0c8c476b22adad3 40e87baa91c093e1 c0bf295324e089de 40d36ff81fd37641 c108922e0fcf4664 40e1f860241fc994 4134a8647aedf860 c0e9971f48f55020 c0b752e4ec83814a 40e5aeb78a6fde10 c0e07f89c82e6f02 40e3d46a636fd316 40cb0920c009d1af c0958261ace4c70b c0f6980748eb28f9 c0e3022b0c5f5b17 40e2aa85bd652624 40cb0bf56eaa8458 40af8132aa2bb6bb 40b49bfdcce956dc 40c85739cd72d5e9 c0c2121413c16357 40fb7ae0881c0418 c0f619a55749712a 40fc82188fcd5399 40cab78fbcf30760 c0c923ed79bee8e4 40fe8d1c5679a60d c100761645325acf 40c38f848210e997 c0bbafdb3a71d19d c0d688ce5c2b0f88 40f0238d3b2cedae 40cc6fbeb377ef4a c0d949e604311bf0 c0e592887aa5cb6c c0f3188cf176f6b2 40f76a064feaf165 c0d7197d7c16271e 4097b0848ce5b4b9 c0e393924a3979ed c1021a665a3138f5 40e7470376b2190f c0eb1df38c6db3eb c0ed5c3cb0f994d3 40f53b7c2e5ba416 40d86a6be2d6fbea 40b17cb40203606b 40e21b68efb6948f c0c178639745d729 c0af568b259967ce 40e90e90f3fa64c9 4112b4150b03c730 c0e4062528330e1b c0f639e30ed9dc2d 40c19cbb61200fb0 c0dff49aef75d0e0 c0d887c55131e744 c0f9245a9350372a 40d3a1b9fc1b8d35 c0cd80c9a5434ecb 40f6823796e8be59 40f86f03cb2abd6e 40f41187b4f1ad1d 40e0386e1b1b6380 c0b4d611acf7300c c0aeafe320110330 40de7e8a14d36a2b 40c4976f67a10a68 40c17394cb849a96 40dab64f74074472 c0ebfb314f54b60e c0e87a52b45c5b17 40f0bb654db490c6 c104c7f17cfadea2 c086ac44e6ab1689 c0a6b297e5e96be7 c0d2059326df52e4 c1178e22ed125a32 4114d0b1028721d5 c0e3afc0d012dfa6 40b47f0485569742 c0f40c16ad1a8639 c124c47b41c1b58b 40e1004041921cee c10ce80573bd6cb0 410581e6dcc167ad 412acbdb1b5c9ff5 411c0a1aa36abbbd 40daff585112f9b3 40b07d16e21c3b63 40e7216d23996d4d 411574fba64ad677 c0cb6cf429f75676 40c5178d5ce41010 40b524576b61f077 c0eb6dd5462f7ece c0f889e0b8eb5d20 40d2c7c292940db3 40d13ba3440fa821 c101fe83c66ab2e9 c0dcb552dacc73fe 410074417b73dc38 40e8374362497b6e c0e1933c207fe185 40e2172ef05c93a7 40cc4ae02758ae84 40e53c73158f7d61 c0d74587598a0cd8 c100eec97ab36f7f c0cc7a927ab667a2 c089f8fccc2d8c0b c0e15a218db9cdc0 40d207e8f8c05076 40dfa09c060b2bd3 c0bbebe909cd885e c0e25b1141fb6c2a 40cd5c0c8e7d9ab6 40b3bfac68cb0999 41027e26a26bcf03 40fcb5e6b6da2a9f c14a184d203fdecd c0e2022cdfbb1cee c0fa6c9e65f3d26f c0e2639fada43f06 c106a03bfd38adcc 40d0d26cf5619040 c0f0f844010c3c14 40b635108c9634c3 411ddb2935db1901 40fd628a444c252c c0cdde87296f72fe c0cc56ef5b96d30e 40f1fae30391d900 40e2de73ebfb7c83 c0a789eb7a830112 40c38bede79b336a 40f74f9832e677c5 4110a8c359113be0 4129a2eb53c8a54e c0ecd09aa53a14a6 40f16fb778d362ab c0b8503326663110 c0ee98d951bd22a8 40e2e9923bc1a3c5 40c57315b5f7da4b 40dd3c5dfaff8c25 c0a091c8842dbcc6 40f12c682d9fc037 40e8207de65342c4 c0e4debb2013b371 40cb2f6905c6fe27 40c691ea5f5222e3 40d540a9f9a4cbc1 c10e2ced54648c23 40e0bf1b8ba643a1 40db1728412b42ed 41081ccd35689c8e c0eae44f7fa623cd 40ea52d17e7a1497 c0e13a1d32c25c4e 40bbca39022dbbd1 40c8b5df9642ae5f 40bb81edc36a5fa9 c0f2f5628424ea28 c0ec2204b736eab9 40ca7bb1d29d57e4 c0d0d6e42800543b c08a1c3f511f1e4e c0a4cb9fd2f58fe2 40f893f2931abb6e 40e727ef2bd2932a c0d33df3e7e54625 c0c93f70e7dd39ee c0910a8e8260a3fe c0c6f839b02761ae c0c5414332db14d1 40be2f036c01922e c0f16a2c03e4931c 40dd71671ceb8c9e c0e76512d16af441 c0db92d36a558801 c0a0144e1fc37169 40f3145f3a84fd07 c0ed8ed1e926d246 40db3558f1a1ca04 40dc2173839e27b0 c0ec99322cc2e1eb 4110506b8536613d 40952a78144c63d4 c0d97484a0094991 40daca0ff5b7cb2b 40c6e6ba0fbaaec8 c0e47c026b546dbe c0c144009b0eecbb 40c3a7fe1ba19672 4131c6c496032c84 c0dcf53e7aa0d03b 40f8ba6f24745631 c0c64dfe3882af01 c0f6dd6a9bd5e6fd 40f1c9f1acb50c95 c0f0d067fbca00a2 40daf54ecd6f8f58 c0fb1a63fe8116a8 412aeaba7c62e98c c0fa5415773040c1 c0e5a9efe4fc7716 40c7d135d119c5ab 40e330159bd6fbaf 409b04e9aa565727 c09501d4bb383858 40a5fa195409aa3f c0f70477766e219d c0e246a1cdc92ba2 40c659d188b02bfc 4103ee4277d6f6a3 c0e355292253103a c0cffd9feef16354 c0e58a0ef1a486da 40d533695eae8c3c c0ad75a1497192b1 c0d0f4ac925c3511 40e4b3fe498fd37e c0b4867016f341cd 40b74aee4b2fb298 40ca3bad90572eba 40c364ec34a9f7a8 40de8b61aea4ce8b c101319d7c71bea2 c0a23e51625158e4 40e030ecd896337f 40e836540aa48793 40c9f3b875328b37 40e136cd39177870 40fe9b2a6dbd0e2c 4113516ff96b1cc0 c0d5b3dd14a80ce0 c0b945ac2018069f c0cfd2e20d4b6db7 40d3bc10cfcc6480 40d09efaf20e6e4f c0b964248252c330 c0d57242a5185f90 40f7893c8e8888dd c0f45f9f06569810 c0de87bcece9958e c0abdeb7e3c5a361 40c6c7bcf703e935 4099181164f5deb2 c0d84a24dac32956 c0d4d7cbb2997d9a 4090838d0af541ed c10bb3b17e62b3f8 c0fa350d2c484bc4 c0cb8d8232a796bc 40b2081f9453a8c1 c0c7df20570cb0d1 40ea0e2d12664cdb c0c5ae39bb16720b c0dd15f0fd27cdd0 c0e295d26787044d 4091f122f8c65686 40d5e73a17505920 40f9919beb97e8ad c0f1c2b182e7be13 c0673033c5cc1ef1 c0c139034c723011 c0c9bb1ed6f26a20 40b4f1d45a1203c9 40eacb354dfcb391 c0e14ddc42bb6dd1 40b0a148505e4599 40b3d8308caa072d c10135aa4ed07516 c0e8561ddae4dcc4 40f01ffdd14a5397 40fe2d73663a85c5 4094d998338f6e74 40e9800f796639df c0dd1901560b7a8c 4069ed25d79216b1 40f58d44e93e8c90 c0ef4c2cf78ac4b6 40d4fd0ee2fd9753 c0dd98c0b5528a38 c0c202c527c5ed86 c0d96d0dd5e53431 40bc7469d1b4de9b c106baa78f788e83 40898d9ba31da748 c0b8b09302dbbba2 410407160308dba6 412e08fb2ebeb93d c0fcd5b156ad914f 40d00f33521ee9fd c0b0066d4c18998d 41073cc511919af3 410ba76dc03def83 40a7d81ef1e49b85 40768db15a2c5a7e 40b9c708eba8cc92 40e80411256fae8a c0c16a5fa0cd423b 40a17be6e5cb1204 40b4e57a616600c3 410bf3514cd95dce 410adc629539098c c0c922f4352f62a0 c0402089031485f0 40dc3b6461c664ca 412d515ab4233ce9 c0ee5f4b75ec06a8 c0fc17034ebe19d8 c0aa6f3f64aef4fc 4120849f8bb3d797 c0f2a489a8d11274 40ca78b7eee7677b c0ec592b415be3ec c087530ead4dc441 41009a38200158d1 408a1219fcd118d5 40c76935cf58023e 40d7337e7c2057f1 c0e2d6a9a93d13f1 c0e9e76351e1280b c0d0fd39f197fdef c0b8980f269ff6c4 40faad7e5f7d899f c0d818c41e849419 4102d51612e5969b c0e2b93b9d1990c0 40e1357ed88efc75 4115ad9dfd4d7bf4 40cb01c8a2c2f567 40ddde19aeaa0cda 40cef7ec71c7c380 40d666f81aae26b1 c0a198e0c8603dee c09801fab9a2b376 c0bc496eb043bdab 40daee2ab9dbd1e6 41042c162616045b 40aed6ab42fc3e26 c0f5556074332b2c c0cb4a27c1112b2c 40d1eb1223c59f0e c08e761bfda331e6 c0fa1669eef816d8 c14ff2f54760417b c1097a3d460ed10b c0f6b0c782ab6331 c0ec9b54599c10ce 40a341e43638c1da 40d54a4dd2d62e08 40c7b71c581751f6 40d10a24062b2466 c0ce269f88d4a2da c0be5c0c91d470d3 c0f23233a259c972 c0d548c2731b75cc 40d857330106d734 c0ebc0cdda38dc87 c0a6d5ffdf50db12 c0ae7a7bda8f5fde c0e289b77846dd12 c0d7b5a85ccb07d3 410680ce29ecb061 40bb1bc611ed0630 40d958a747e785ae 4102b41276c5a6b5 40e7ad9bba31b93a c0d1f590ba0c43e6 c10183c60edbcc32 c0ffd69654f3e4e4 40e32e122f657260 40e2d8dc66bb60b6 c0a01cd017cdcc4c 40be6e9ea457a8fa 40bed208ac5c6610 c10e34613dcf67c4 c0fbdfdd7f3dce52 40b7881b36690f2e c0daa15bd5b12e3a c08007976987de2b c0eebd234be4e9a2 40f057f95b25e2fb 40b929b1b4e62191 c102ff92bdc40a91 c0efcbc3ed878a47 c103d14370b8af7d 40f2d7541670ab13 40d7854eeee77dca 40d7f9e46abe2739 40d8bb31a4601a2f 410cc6a6cc163e01 40e779c759c1b7dd c0eb8966c59f4ab2 40f9073516899550 41210afa21d7e6e2 c109bed3afd7f37e 40b821446973c7d5 40cb614c7ef8e7b5 40cd4ab5557ff949 40f85c992df96641 40adfcd7a4a0d4d0 c0eefddb4cb96de5 c0ec7b851768eb40 4126a415990c6ec9 c0b1034e09d4e198 40c58ef763d5ec14 c0afc86d32f4a0fd 40adfcff6f719626 40c828200cf9740b 40cff416257f99fd c0d10a63e14f0bc7 40b1f3559fbf55a9 c0b23978e8cae0ef c0d3b27885e726da c0de04f4b86ade27 40c3995d40f93bbf 40ca66c94b1aeb0b c0b74285aeeb50d7 c0980941c1ffeac2 c0e21612f52d1e1a c0c8bba8e3c06d9c 40e48442b4939d56 c0d09efb5efef66b 40f31cb2576b62fd c100c25973d57659 c070791280b124b8 c0c5bc5d00ce4cf8 40c9344240284d97 c102726b21bd5765 40d497229e40f0e7 4083d407b303c98f 40fc7a7d7297f28c c0eb7926b454d796 4103e262e011282d 40c066aa518ffc2e c0bde0424780e67c c0d51f1b588f6561 c0db5c423131a0bc 40d3b0cfa62db1d2 c0e5392f8ea3e1ba 4121a2d1d990460a c0f391da0ff967d5 40f388d180398805 c0e2af3398898dc8 c0c53f498888d517 c0d5420e2b38311e c0f2e6d94b9f7f2f 40a1c14686eefd7e c0bfe7094a244ef2 40b8876dcfc152f4 c0a3874a139153c2 40ea0067dac042c8 c0f0388088d50e94 40c6bd9dab5a11c2 40958f8c0542a4d1 40e795f319f1bbc5 c0c8d09244c7bd86 4092a8cd2eed51ed c0d61aa39a0e513a 40e06b9a54f437e6 c0d5dda0d1488ca8 c110b45ba061849a c0fd796b5c0d703b 40ee5b102ffabd36 411456137888f7ac 40e321ab2205bed5 40f05ab66b8dfc45 c0b1e09b1ccab8db 40d43171c121971f 40dc50186221e832 c0e10dbbdaf8a1ec c0dca56fd87d77dc 40b549daa62c1fc9 c0cd5be76fd139ba 40c0f92de0872e14 40ee81902c234a29 c0d03ed7dc1247c8 c0cdf797bb8cb9cd c113669e6bb5c278 c125b7eb7e9e91f7 c0f2f2eeb4a5a669 c0e046098eb55f83 40f2422cf980552f c1029f9f381b5c2c c0d26d7e93233644 40a727560c3ead24 c0adc08081e7a06f 410002085f3c197a 412109e09c3cd800 c0d6360d3146128c 40e0ca382758ea25 40c2542fd7e59305 410d09a30386850e 40e6c9daf17a4b68 c0bd65afe0651446 c0b68a346316d819 40f6d1e3630836b2 41348b682205af3d c0ed0a122feead01 c0c13dd536b12a3d c10180b5df7c42a9 40ecce38fbddac54 40f581cee911a968 c0d259e2216e5f56 c0e2e01e8e714b78 4086befb1965137c 40f416d040dc0d7b c0f046b5393d3f6b 409e81ce86ae5317 c0bc0bb9eff97269 c0b13b96327a40ba 40ec8cc899fd6277 40f2f6f318b93a94 40d9280e70e0b50c 40cc969e93a765f4 c0c2121d89ad9817 c100ecceb6270dd5 40d53c29be6bd1e6 40a35b0b875e3423 40e90e167cb7773a c0f87198850a3721 40d257f84eae9cfa c0d7b0ecd2068de6 40d1f05b9850822d c101326cd17c25bf c0807f9126d0b644 408c246d94090af1 40e340cdc074311c 410fb192f85b8a63 40fadf3098f915ee c0bf8d9a150b00fc 40d7212e14b18220 c108ea912b1d7fbe c1135e0256dc5c78 c0d5c881efa7a6d6 c0bc4b0d009bce40 c134cad96b836cc7 c1347a528d086fbd c0dbcdd77980f9cd c0d17d4372c8bcb3 c0eb8388f9e8f64f c10a062886c514bf 40d37893678f5668 c0d8c50df60fd2dc 40bebac3e5618c7f c0bd45687fb82edf 40f659992ebbac68 c0d72dfb93c73da6 40cbc028c978f1a1 c10c2b7d56e15cab 40e833311c9d0809 40b5851c73ce9fe4 40b54cf542b710bc c0d6732601051627 c0bccd7c83949f7d c0d1061a7583bd40 c0e1e4a27df2353c 40f56ce903ad8b80 c11aff6e374412ac 40d41976edbdfe66 40debae6f650a64c c0a9aaa6f1417fae c10883d6e0c09d4e c112b0aefff6b1c4 409b19998c7b231a 40e00119d5c23751 c0e3ed05795f3efe 41205670aa0f31d2 410e750db4a535e6 40e77dcb2fc4b332 c0d9b966428c7445 c0d0992c7eec24d2 c0bb063ce12cc85f c0cbf26d2831c4a9 40b1acd815d817e2 c10cff0d0d3db95a c0e9b3b5b3f9f3a3 c12a312c657079dc c091f42f1c19942c c0d5c5f9271a7ae9 c0eeaa3d0960d5ed c0d4fe9c353abd16 40b7f1c3fea1f9b4 40ccf142f183a115 c10ae3508d1c7e30 40ce55a4760a506b c0b60d1d563bd72b c0d211014e1fa53e 40e9c5f8c4dce06a 40b8c0a51ef0280b c0be8b7e1aaa1b33 40e619a4123066e2 c0d68d9ac5428e28 c0f4a62b953c461e c0dd840814463d71 41090115d8102780 c0f2babe9cc2d111 40fb495460cfa915 c0dac1b2cb95dfd2 c0c7081e00ee2567 c0c4b96ded5474a2 c0c4ecf332069a01 c0c436da0d362106 40b26124fa53847c c08a9cca280d8a5f 40ac1cbfa124fc31 40c4fa2bac2d594f 40f597792c9719e1 c0fa10b59d3f150c 40abdc81f39763de 40e4c77a911368fa 40d0cc69c2f0ec8b c0ddbf2e4e70ad34 c0f342b691fcc23f 40f7d973a7ed58a4 c0e2c6cbc09ebcd7 c10f3f3d97ffca02 c0d05216b151dc46 40c3d3221d12c3e5 40d3589d4f7f69db c0eca4fc741b704e c0d40907fd017f97 40c4ac4adfcece60 41032ff6130ab2b3 c0e3dc07a3d31eda 41062307cc3ef484 c0c32f2dc2e72db8 c08f03112069eaa0 409312b4163047d8 40ba43e07ec132e1 c0b39489c1bee480 40e7a6e9a497ac6c 40fada4af122c9f6 40f0ef7309220442 40f0023d69df3caf c0ab8de450fef26e c0adae8b4ae2e6ec 40f2b203519cf959 40a70f4873c43eae c0cfac178f71a51a 40cd28d212b6d032 c0c29b668a39b7e9 c093838f202ad83d 40ac440b705acc69 c0eae13e4b9b79eb 40c48d0a4d516622 40d6d30551c8d838 40fe76ad4f8093af 40b2af8c1b0f393d 40b858494a8e1083 40afd01444db0675 c10b04f29a0583a1 c0e18a014986bbdb 410520ce66c3e22d 40dc542d81901267 41629daea19773d5 c0c6babfd2647e55 40e57726bff0f200 40e404d4e020feca 40557b8830016a6c c112c2cebe550556 40f13673f78a0549 c0d3a25a693bdc36 40d54d93226a10f3 c125380f74f634af 40e147662875cf8d 40ca29bf6881c6d4 40e52177bc0d8040 c0e9f122c516449f c0cdf4180e361f3c 40a0940369821501 c0f6317208ff7aa6 c0e30575c5f45e03 c10604244216012a 40dcd99016e04fb2 c0c51d3d57de9583 40af46f49ab8b434 c0bd7da2d604f2e5 c0a32dee9a93d3ef 40883c6e1c052926 c0f4c31999d1dc5f 40c8532f7e028e58 c0e73cdd556c6d5c c0b9a6361fce0d4c c0c531b7167538e1 40e7d504567926eb 40ba68ba1fde1976 c0af4fdbfcd217ee c0d5cc7eee8fa4c7 c0d1c2d0617500e2 c0d606c196686edb c0e444948dc35076 c0f237cdab9c1d0f c0ee22d3013f889a 41141a9483ec7e74 40ede24ea6126fd0 c09b5ad299ecd036 40deb486589b5fdd 40f6225a9b77128f 40814420bc297ee5 40b5bb9cf2c08865 40e529d538e1d56b c0f2f03a25f530cb 40b88515141eceab c0fd04426a350edf 40bc3b8e8570e458 4097e6b375864c78 40f26388108d162e 40edf4c837144994 40f9c6c9ad2ac2b9 c0e0b55f6e378a80 c0c0a37d869acbb2 4104ea335d921f91 c0b4de1f3e9074a3 c0ac95a4df9b61b4 c0cf6f809ce90b8f 40b7eefe55404879 c0d46fd8c2ddede7 c0ea9e5efcb825ec c0d1729538f12333 40d3424774cb4a70 40c04566f494a406 c0d414768966dacc c0fc1c63ac12a674 40c69397f5739bcb 409ea850b0e1bf88 c0f2f8097e85ad53 40fe4605ab563c99 414548938a1773a9 410661dc42bc1578 40ed0d0ae9375a84 40cac8f41ca17c79 40f1c81baf0171b9 c0a91d0214c46197 40a5ce6b3f2304a0 40c26974f8f7a806 c0fb804beb5bfbca 40c669a3337adca4 40de3068b979f415 40e11d5375e5d23a 41169f28c0380c04 40aed37c4b04f885 40beea329596cc84 c0a79c57d80d7e04 c0da317d3f29d5a4 40e18cf1586c952f 4082e777f253c46b c0cf26e6eeecc142 c1059fe5757b0b81 4146cc8138809192 c0f40117164aef17 40dd2c89ab9ad9a9 40a6e8baf89fbf01 c1015780f79d4176 40c5ee22a3f86d9e 40aa6485e7a017e6 40a213d834b7304b 40d45c2a187d4264 c120a338348e3b4e c0eb97b586c9e7fb c0ebe6caee0f5f65 c0d4e55077062c66 c10e5aabe6a43f59 40c0961374b1add3 c0d00bf015e7f047 40ca469508b400b7 40b0ae4b99b7b5aa 4101d05f358f19f3 c0d5830dbeb94350 c0fc87e538ac6d09 c0e35bb9c336b4ff 40ddbd48197fce4d 40f396f3435cb463 c0d699fb6aa5e152 c0d4d17ec7bfee78 40d70065363646e5 c0ee061d2e7cbe2f 40d296f1ff251b7c 40d89f5b6453209e c0cce53599eea4b4 c0c60c6df5b44424 40b202b32e214929 c0b170f0102a586b 40df3003cb91bfbd 40e1c4cce6c51269 40e9910220bb1baf c0e3d90958c9240b c0fb763503e524a9 c0d0ce6e0dc45ef4 c0c662992814cd23 c0e2369f04767ef8 40fa89d7d80e8f8a 40baccb527820080 40b5336b3cad3216 40d5241657eb4c84 c0d8716c6ffb4f30 c0bfafa7d19bd487 c0e3f45f5145d0d3 c0d582d22a5c3834 410d951c06a13361 41043f9bd06f5db9 40d2004fdd32edb3 c0b5276fd81ed657 40db29951a07c7d2 c0f283cc8135e117 40d7c7757988f10b 40b9491ba4b2fd87 410153f4bb13efa0 41306eb69cff8b1a c0a76d8cda8bf179 40aaebd92f7b4901 40e35c6c5d95ece4 c0d335fe52ff0697 405c509e45909336 c0b9a067bffca2a5 41156b31c0eee032 c0e1b995281acbd1 c10e5ea1f77da921 c0e263eb12ac941c c0cc3facb95adee0 40e4860dc6774b6b 40d1e5ccd6ae8b7d 40cf22e9096cbe28 40ef10648a5f669b c108c5cb1fe2d86f 40e6e6e066f675dc c0f69eb9ef16c361 40a27a44e23b6510 40c6521a20df8d6a c0b5b5b27bfc590e c0e1b2a2ae931e11 409bbc574a0b4c65 c0ae78e245703761 c0cc267954af8bea c0fa9e3a6e36f6bc 40f2d9da0119a0b1 40c4e4e96d8af479 4103de20e790c422 c059e7018c715540 c0d08527ffb4a34c c0e2a14d7456f490 41009165189ce0fe 4109b5e7d521071b 40b16ded2e1dab1a 40a971ce798e9c7f 40c0015224b3673e c130a499ac9d4004 40f2a269e4827ffa 411500a216a1cff8 40f9e9c0b565e30b c126ef885406effc c11092293cb6bd68 c0d70649c46179e2 40dfbda64d0f31a6 40e34481d3ac75b2 c100def0ff430c5c c0e2325e3d62a54e c0ba67759a0aa826 c07b8faeafd81c6a c102d0b1683558db c0fa07b20a755b4d 40e0df1af76a9d9e 40dbb4334e34e7fa 40f2e9f362254191 40c272cea6a67dca 40d26401ffc48f90 40f6785c009c6857 40e99f3c49f5a3ad 40c5fcea8244a268 c0d56bd387d88104 40e221d9de21fbbe 40c8c6cdec8586fa c0e4bdf7dd914798 40e426771518fe94 c0b19164b13aabc9 c0cdade02ed479a2 40e53c67c95d8ce5 40da8d2ffaac6541 406297e5e9d59697 40c34724a7d780db c0c97770749427c4 40d4b48a65ac46dd 40ff4811adfcf60a 40ef349c3b0b6540
