0000000000000000 0 0000000000000000 0000000000000000 0000000000000000
0000000000000000 1 0000000000000000 0000000000000000 0000000000000000
0000000000000000 2 0000000000000000 0000000000000000 0000000000000000
0000000000000000 3 0000000000000000 0000000000000000 0000000000000000
0000000000000000 4 0000000000000000 0000000000000000 0000000000000000
0000000000000000 5 0000000000000000 0000000000000000 0000000000000000
0000000000000000 6 0000000000000000 0000000000000000 0000000000000000
0000000000000000 7 0000000000000000 0000000000000000 0000000000000000
0000000000000000 8 0000000000000000 0000000000000000 0000000000000000
0000000000000000 9 0000000000000000 0000000000000000 0000000000000000
0000000000000000 10 0000000000000000 0000000000000000 0000000000000000
0000000000000000 11 0000000000000000 0000000000000000 0000000000000000
0000000000000000 12 0000000000000000 0000000000000000 0000000000000000
0000000000000000 13 0000000000000000 0000000000000000 0000000000000000
0000000000000000 14 0000000000000000 0000000000000000 0000000000000000
0000000000000000 15 0000000000000000 0000000000000000 0000000000000000
0000000000000000 16 0000000000000000 0000000000000000 0000000000000000
0000000000000000 17 0000000000000000 0000000000000000 0000000000000000
0000000000000000 18 0000000000000000 0000000000000000 0000000000000000
0000000000000000 19 0000000000000000 0000000000000000 0000000000000000
0000000000000000 20 0000000000000000 0000000000000000 0000000000000000
0000000000000000 21 0000000000000000 0000000000000000 0000000000000000
0000000000000000 22 0000000000000000 0000000000000000 0000000000000000
0000000000000000 23 0000000000000000 0000000000000000 0000000000000000
0000000000000000 24 0000000000000000 0000000000000000 0000000000000000
0000000000000000 25 0000000000000000 0000000000000000 0000000000000000
0000000000000000 26 0000000000000000 0000000000000000 0000000000000000
0000000000000000 27 0000000000000000 0000000000000000 0000000000000000
0000000000000000 28 0000000000000000 0000000000000000 0000000000000000
0000000000000000 29 0000000000000000 0000000000000000 0000000000000000
0000000000000000 30 0000000000000000 0000000000000000 0000000000000000
0000000000000000 31 0000000000000000 0000000000000000 0000000000000000
0000000000000000 32 0000000000000000 0000000000000000 0000000000000000
0000000000000000 33 0000000000000000 0000000000000000 0000000000000000
0000000000000000 34 0000000000000000 0000000000000000 0000000000000000
0000000000000000 35 0000000000000000 0000000000000000 0000000000000000
0000000000000000 36 0000000000000000 0000000000000000 0000000000000000
0000000000000000 37 0000000000000000 0000000000000000 0000000000000000
0000000000000000 38 0000000000000000 0000000000000000 0000000000000000
0000000000000000 39 0000000000000000 0000000000000000 0000000000000000
0000000000000000 40 0000000000000000 0000000000000000 0000000000000000
0000000000000000 41 0000000000000000 0000000000000000 0000000000000000
0000000000000000 42 0000000000000000 0000000000000000 0000000000000000
0000000000000000 43 0000000000000000 0000000000000000 0000000000000000
0000000000000000 44 0000000000000000 0000000000000000 0000000000000000
0000000000000000 45 0000000000000000 0000000000000000 0000000000000000
0000000000000000 46 0000000000000000 0000000000000000 0000000000000000
0000000000000000 47 0000000000000000 0000000000000000 0000000000000000
0000000000000000 48 0000000000000000 0000000000000000 0000000000000000
0000000000000000 49 0000000000000000 0000000000000000 0000000000000000
0000000000000000 50 0000000000000000 0000000000000000 0000000000000000
0000000000000000 51 0000000000000000 0000000000000000 0000000000000000
0000000000000000 52 0000000000000000 0000000000000000 0000000000000000
0000000000000000 53 0000000000000000 0000000000000000 0000000000000000
0000000000000000 54 0000000000000000 0000000000000000 0000000000000000
0000000000000000 55 0000000000000000 0000000000000000 0000000000000000
0000000000000000 56 0000000000000000 0000000000000000 0000000000000000
0000000000000000 57 0000000000000000 0000000000000000 0000000000000000
0000000000000000 58 0000000000000000 0000000000000000 0000000000000000
0000000000000000 59 0000000000000000 0000000000000000 0000000000000000
0000000000000000 60 0000000000000000 0000000000000000 0000000000000000
0000000000000000 61 0000000000000000 0000000000000000 0000000000000000
0000000000000000 62 0000000000000000 0000000000000000 0000000000000000
0000000000000000 63 0000000000000000 0000000000000000 0000000000000000
0000000000000001 0 0000000000000001 0000000000000001 0000000000000001
0000000000000001 1 0000000000000000 0000000000000002 0000000000000000
0000000000000001 2 0000000000000000 0000000000000004 0000000000000000
0000000000000001 3 0000000000000000 0000000000000008 0000000000000000
0000000000000001 4 0000000000000000 0000000000000010 0000000000000000
0000000000000001 5 0000000000000000 0000000000000020 0000000000000000
0000000000000001 6 0000000000000000 0000000000000040 0000000000000000
0000000000000001 7 0000000000000000 0000000000000080 0000000000000000
0000000000000001 8 0000000000000000 0000000000000100 0000000000000000
0000000000000001 9 0000000000000000 0000000000000200 0000000000000000
0000000000000001 10 0000000000000000 0000000000000400 0000000000000000
0000000000000001 11 0000000000000000 0000000000000800 0000000000000000
0000000000000001 12 0000000000000000 0000000000001000 0000000000000000
0000000000000001 13 0000000000000000 0000000000002000 0000000000000000
0000000000000001 14 0000000000000000 0000000000004000 0000000000000000
0000000000000001 15 0000000000000000 0000000000008000 0000000000000000
0000000000000001 16 0000000000000000 0000000000010000 0000000000000000
0000000000000001 17 0000000000000000 0000000000020000 0000000000000000
0000000000000001 18 0000000000000000 0000000000040000 0000000000000000
0000000000000001 19 0000000000000000 0000000000080000 0000000000000000
0000000000000001 20 0000000000000000 0000000000100000 0000000000000000
0000000000000001 21 0000000000000000 0000000000200000 0000000000000000
0000000000000001 22 0000000000000000 0000000000400000 0000000000000000
0000000000000001 23 0000000000000000 0000000000800000 0000000000000000
0000000000000001 24 0000000000000000 0000000001000000 0000000000000000
0000000000000001 25 0000000000000000 0000000002000000 0000000000000000
0000000000000001 26 0000000000000000 0000000004000000 0000000000000000
0000000000000001 27 0000000000000000 0000000008000000 0000000000000000
0000000000000001 28 0000000000000000 0000000010000000 0000000000000000
0000000000000001 29 0000000000000000 0000000020000000 0000000000000000
0000000000000001 30 0000000000000000 0000000040000000 0000000000000000
0000000000000001 31 0000000000000000 0000000080000000 0000000000000000
0000000000000001 32 0000000000000000 0000000100000000 0000000000000000
0000000000000001 33 0000000000000000 0000000200000000 0000000000000000
0000000000000001 34 0000000000000000 0000000400000000 0000000000000000
0000000000000001 35 0000000000000000 0000000800000000 0000000000000000
0000000000000001 36 0000000000000000 0000001000000000 0000000000000000
0000000000000001 37 0000000000000000 0000002000000000 0000000000000000
0000000000000001 38 0000000000000000 0000004000000000 0000000000000000
0000000000000001 39 0000000000000000 0000008000000000 0000000000000000
0000000000000001 40 0000000000000000 0000010000000000 0000000000000000
0000000000000001 41 0000000000000000 0000020000000000 0000000000000000
0000000000000001 42 0000000000000000 0000040000000000 0000000000000000
0000000000000001 43 0000000000000000 0000080000000000 0000000000000000
0000000000000001 44 0000000000000000 0000100000000000 0000000000000000
0000000000000001 45 0000000000000000 0000200000000000 0000000000000000
0000000000000001 46 0000000000000000 0000400000000000 0000000000000000
0000000000000001 47 0000000000000000 0000800000000000 0000000000000000
0000000000000001 48 0000000000000000 0001000000000000 0000000000000000
0000000000000001 49 0000000000000000 0002000000000000 0000000000000000
0000000000000001 50 0000000000000000 0004000000000000 0000000000000000
0000000000000001 51 0000000000000000 0008000000000000 0000000000000000
0000000000000001 52 0000000000000000 0010000000000000 0000000000000000
0000000000000001 53 0000000000000000 0020000000000000 0000000000000000
0000000000000001 54 0000000000000000 0040000000000000 0000000000000000
0000000000000001 55 0000000000000000 0080000000000000 0000000000000000
0000000000000001 56 0000000000000000 0100000000000000 0000000000000000
0000000000000001 57 0000000000000000 0200000000000000 0000000000000000
0000000000000001 58 0000000000000000 0400000000000000 0000000000000000
0000000000000001 59 0000000000000000 0800000000000000 0000000000000000
0000000000000001 60 0000000000000000 1000000000000000 0000000000000000
0000000000000001 61 0000000000000000 2000000000000000 0000000000000000
0000000000000001 62 0000000000000000 4000000000000000 0000000000000000
0000000000000001 63 0000000000000000 8000000000000000 0000000000000000
0000000000000002 0 0000000000000002 0000000000000002 0000000000000002
0000000000000002 1 0000000000000001 0000000000000004 0000000000000001
0000000000000002 2 0000000000000000 0000000000000008 0000000000000000
0000000000000002 3 0000000000000000 0000000000000010 0000000000000000
0000000000000002 4 0000000000000000 0000000000000020 0000000000000000
0000000000000002 5 0000000000000000 0000000000000040 0000000000000000
0000000000000002 6 0000000000000000 0000000000000080 0000000000000000
0000000000000002 7 0000000000000000 0000000000000100 0000000000000000
0000000000000002 8 0000000000000000 0000000000000200 0000000000000000
0000000000000002 9 0000000000000000 0000000000000400 0000000000000000
0000000000000002 10 0000000000000000 0000000000000800 0000000000000000
0000000000000002 11 0000000000000000 0000000000001000 0000000000000000
0000000000000002 12 0000000000000000 0000000000002000 0000000000000000
0000000000000002 13 0000000000000000 0000000000004000 0000000000000000
0000000000000002 14 0000000000000000 0000000000008000 0000000000000000
0000000000000002 15 0000000000000000 0000000000010000 0000000000000000
0000000000000002 16 0000000000000000 0000000000020000 0000000000000000
0000000000000002 17 0000000000000000 0000000000040000 0000000000000000
0000000000000002 18 0000000000000000 0000000000080000 0000000000000000
0000000000000002 19 0000000000000000 0000000000100000 0000000000000000
0000000000000002 20 0000000000000000 0000000000200000 0000000000000000
0000000000000002 21 0000000000000000 0000000000400000 0000000000000000
0000000000000002 22 0000000000000000 0000000000800000 0000000000000000
0000000000000002 23 0000000000000000 0000000001000000 0000000000000000
0000000000000002 24 0000000000000000 0000000002000000 0000000000000000
0000000000000002 25 0000000000000000 0000000004000000 0000000000000000
0000000000000002 26 0000000000000000 0000000008000000 0000000000000000
0000000000000002 27 0000000000000000 0000000010000000 0000000000000000
0000000000000002 28 0000000000000000 0000000020000000 0000000000000000
0000000000000002 29 0000000000000000 0000000040000000 0000000000000000
0000000000000002 30 0000000000000000 0000000080000000 0000000000000000
0000000000000002 31 0000000000000000 0000000100000000 0000000000000000
0000000000000002 32 0000000000000000 0000000200000000 0000000000000000
0000000000000002 33 0000000000000000 0000000400000000 0000000000000000
0000000000000002 34 0000000000000000 0000000800000000 0000000000000000
0000000000000002 35 0000000000000000 0000001000000000 0000000000000000
0000000000000002 36 0000000000000000 0000002000000000 0000000000000000
0000000000000002 37 0000000000000000 0000004000000000 0000000000000000
0000000000000002 38 0000000000000000 0000008000000000 0000000000000000
0000000000000002 39 0000000000000000 0000010000000000 0000000000000000
0000000000000002 40 0000000000000000 0000020000000000 0000000000000000
0000000000000002 41 0000000000000000 0000040000000000 0000000000000000
0000000000000002 42 0000000000000000 0000080000000000 0000000000000000
0000000000000002 43 0000000000000000 0000100000000000 0000000000000000
0000000000000002 44 0000000000000000 0000200000000000 0000000000000000
0000000000000002 45 0000000000000000 0000400000000000 0000000000000000
0000000000000002 46 0000000000000000 0000800000000000 0000000000000000
0000000000000002 47 0000000000000000 0001000000000000 0000000000000000
0000000000000002 48 0000000000000000 0002000000000000 0000000000000000
0000000000000002 49 0000000000000000 0004000000000000 0000000000000000
0000000000000002 50 0000000000000000 0008000000000000 0000000000000000
0000000000000002 51 0000000000000000 0010000000000000 0000000000000000
0000000000000002 52 0000000000000000 0020000000000000 0000000000000000
0000000000000002 53 0000000000000000 0040000000000000 0000000000000000
0000000000000002 54 0000000000000000 0080000000000000 0000000000000000
0000000000000002 55 0000000000000000 0100000000000000 0000000000000000
0000000000000002 56 0000000000000000 0200000000000000 0000000000000000
0000000000000002 57 0000000000000000 0400000000000000 0000000000000000
0000000000000002 58 0000000000000000 0800000000000000 0000000000000000
0000000000000002 59 0000000000000000 1000000000000000 0000000000000000
0000000000000002 60 0000000000000000 2000000000000000 0000000000000000
0000000000000002 61 0000000000000000 4000000000000000 0000000000000000
0000000000000002 62 0000000000000000 8000000000000000 0000000000000000
0000000000000002 63 0000000000000000 0000000000000000 0000000000000000
0000000000000003 0 0000000000000003 0000000000000003 0000000000000003
0000000000000003 1 0000000000000001 0000000000000006 0000000000000001
0000000000000003 2 0000000000000000 000000000000000c 0000000000000000
0000000000000003 3 0000000000000000 0000000000000018 0000000000000000
0000000000000003 4 0000000000000000 0000000000000030 0000000000000000
0000000000000003 5 0000000000000000 0000000000000060 0000000000000000
0000000000000003 6 0000000000000000 00000000000000c0 0000000000000000
0000000000000003 7 0000000000000000 0000000000000180 0000000000000000
0000000000000003 8 0000000000000000 0000000000000300 0000000000000000
0000000000000003 9 0000000000000000 0000000000000600 0000000000000000
0000000000000003 10 0000000000000000 0000000000000c00 0000000000000000
0000000000000003 11 0000000000000000 0000000000001800 0000000000000000
0000000000000003 12 0000000000000000 0000000000003000 0000000000000000
0000000000000003 13 0000000000000000 0000000000006000 0000000000000000
0000000000000003 14 0000000000000000 000000000000c000 0000000000000000
0000000000000003 15 0000000000000000 0000000000018000 0000000000000000
0000000000000003 16 0000000000000000 0000000000030000 0000000000000000
0000000000000003 17 0000000000000000 0000000000060000 0000000000000000
0000000000000003 18 0000000000000000 00000000000c0000 0000000000000000
0000000000000003 19 0000000000000000 0000000000180000 0000000000000000
0000000000000003 20 0000000000000000 0000000000300000 0000000000000000
0000000000000003 21 0000000000000000 0000000000600000 0000000000000000
0000000000000003 22 0000000000000000 0000000000c00000 0000000000000000
0000000000000003 23 0000000000000000 0000000001800000 0000000000000000
0000000000000003 24 0000000000000000 0000000003000000 0000000000000000
0000000000000003 25 0000000000000000 0000000006000000 0000000000000000
0000000000000003 26 0000000000000000 000000000c000000 0000000000000000
0000000000000003 27 0000000000000000 0000000018000000 0000000000000000
0000000000000003 28 0000000000000000 0000000030000000 0000000000000000
0000000000000003 29 0000000000000000 0000000060000000 0000000000000000
0000000000000003 30 0000000000000000 00000000c0000000 0000000000000000
0000000000000003 31 0000000000000000 0000000180000000 0000000000000000
0000000000000003 32 0000000000000000 0000000300000000 0000000000000000
0000000000000003 33 0000000000000000 0000000600000000 0000000000000000
0000000000000003 34 0000000000000000 0000000c00000000 0000000000000000
0000000000000003 35 0000000000000000 0000001800000000 0000000000000000
0000000000000003 36 0000000000000000 0000003000000000 0000000000000000
0000000000000003 37 0000000000000000 0000006000000000 0000000000000000
0000000000000003 38 0000000000000000 000000c000000000 0000000000000000
0000000000000003 39 0000000000000000 0000018000000000 0000000000000000
0000000000000003 40 0000000000000000 0000030000000000 0000000000000000
0000000000000003 41 0000000000000000 0000060000000000 0000000000000000
0000000000000003 42 0000000000000000 00000c0000000000 0000000000000000
0000000000000003 43 0000000000000000 0000180000000000 0000000000000000
0000000000000003 44 0000000000000000 0000300000000000 0000000000000000
0000000000000003 45 0000000000000000 0000600000000000 0000000000000000
0000000000000003 46 0000000000000000 0000c00000000000 0000000000000000
0000000000000003 47 0000000000000000 0001800000000000 0000000000000000
0000000000000003 48 0000000000000000 0003000000000000 0000000000000000
0000000000000003 49 0000000000000000 0006000000000000 0000000000000000
0000000000000003 50 0000000000000000 000c000000000000 0000000000000000
0000000000000003 51 0000000000000000 0018000000000000 0000000000000000
0000000000000003 52 0000000000000000 0030000000000000 0000000000000000
0000000000000003 53 0000000000000000 0060000000000000 0000000000000000
0000000000000003 54 0000000000000000 00c0000000000000 0000000000000000
0000000000000003 55 0000000000000000 0180000000000000 0000000000000000
0000000000000003 56 0000000000000000 0300000000000000 0000000000000000
0000000000000003 57 0000000000000000 0600000000000000 0000000000000000
0000000000000003 58 0000000000000000 0c00000000000000 0000000000000000
0000000000000003 59 0000000000000000 1800000000000000 0000000000000000
0000000000000003 60 0000000000000000 3000000000000000 0000000000000000
0000000000000003 61 0000000000000000 6000000000000000 0000000000000000
0000000000000003 62 0000000000000000 c000000000000000 0000000000000000
0000000000000003 63 0000000000000000 8000000000000000 0000000000000000
0000000000000004 0 0000000000000004 0000000000000004 0000000000000004
0000000000000004 1 0000000000000002 0000000000000008 0000000000000002
0000000000000004 2 0000000000000001 0000000000000010 0000000000000001
0000000000000004 3 0000000000000000 0000000000000020 0000000000000000
0000000000000004 4 0000000000000000 0000000000000040 0000000000000000
0000000000000004 5 0000000000000000 0000000000000080 0000000000000000
0000000000000004 6 0000000000000000 0000000000000100 0000000000000000
0000000000000004 7 0000000000000000 0000000000000200 0000000000000000
0000000000000004 8 0000000000000000 0000000000000400 0000000000000000
0000000000000004 9 0000000000000000 0000000000000800 0000000000000000
0000000000000004 10 0000000000000000 0000000000001000 0000000000000000
0000000000000004 11 0000000000000000 0000000000002000 0000000000000000
0000000000000004 12 0000000000000000 0000000000004000 0000000000000000
0000000000000004 13 0000000000000000 0000000000008000 0000000000000000
0000000000000004 14 0000000000000000 0000000000010000 0000000000000000
0000000000000004 15 0000000000000000 0000000000020000 0000000000000000
0000000000000004 16 0000000000000000 0000000000040000 0000000000000000
0000000000000004 17 0000000000000000 0000000000080000 0000000000000000
0000000000000004 18 0000000000000000 0000000000100000 0000000000000000
0000000000000004 19 0000000000000000 0000000000200000 0000000000000000
0000000000000004 20 0000000000000000 0000000000400000 0000000000000000
0000000000000004 21 0000000000000000 0000000000800000 0000000000000000
0000000000000004 22 0000000000000000 0000000001000000 0000000000000000
0000000000000004 23 0000000000000000 0000000002000000 0000000000000000
0000000000000004 24 0000000000000000 0000000004000000 0000000000000000
0000000000000004 25 0000000000000000 0000000008000000 0000000000000000
0000000000000004 26 0000000000000000 0000000010000000 0000000000000000
0000000000000004 27 0000000000000000 0000000020000000 0000000000000000
0000000000000004 28 0000000000000000 0000000040000000 0000000000000000
0000000000000004 29 0000000000000000 0000000080000000 0000000000000000
0000000000000004 30 0000000000000000 0000000100000000 0000000000000000
0000000000000004 31 0000000000000000 0000000200000000 0000000000000000
0000000000000004 32 0000000000000000 0000000400000000 0000000000000000
0000000000000004 33 0000000000000000 0000000800000000 0000000000000000
0000000000000004 34 0000000000000000 0000001000000000 0000000000000000
0000000000000004 35 0000000000000000 0000002000000000 0000000000000000
0000000000000004 36 0000000000000000 0000004000000000 0000000000000000
0000000000000004 37 0000000000000000 0000008000000000 0000000000000000
0000000000000004 38 0000000000000000 0000010000000000 0000000000000000
0000000000000004 39 0000000000000000 0000020000000000 0000000000000000
0000000000000004 40 0000000000000000 0000040000000000 0000000000000000
0000000000000004 41 0000000000000000 0000080000000000 0000000000000000
0000000000000004 42 0000000000000000 0000100000000000 0000000000000000
0000000000000004 43 0000000000000000 0000200000000000 0000000000000000
0000000000000004 44 0000000000000000 0000400000000000 0000000000000000
0000000000000004 45 0000000000000000 0000800000000000 0000000000000000
0000000000000004 46 0000000000000000 0001000000000000 0000000000000000
0000000000000004 47 0000000000000000 0002000000000000 0000000000000000
0000000000000004 48 0000000000000000 0004000000000000 0000000000000000
0000000000000004 49 0000000000000000 0008000000000000 0000000000000000
0000000000000004 50 0000000000000000 0010000000000000 0000000000000000
0000000000000004 51 0000000000000000 0020000000000000 0000000000000000
0000000000000004 52 0000000000000000 0040000000000000 0000000000000000
0000000000000004 53 0000000000000000 0080000000000000 0000000000000000
0000000000000004 54 0000000000000000 0100000000000000 0000000000000000
0000000000000004 55 0000000000000000 0200000000000000 0000000000000000
0000000000000004 56 0000000000000000 0400000000000000 0000000000000000
0000000000000004 57 0000000000000000 0800000000000000 0000000000000000
0000000000000004 58 0000000000000000 1000000000000000 0000000000000000
0000000000000004 59 0000000000000000 2000000000000000 0000000000000000
0000000000000004 60 0000000000000000 4000000000000000 0000000000000000
0000000000000004 61 0000000000000000 8000000000000000 0000000000000000
0000000000000004 62 0000000000000000 0000000000000000 0000000000000000
0000000000000004 63 0000000000000000 0000000000000000 0000000000000000
0000000000000007 0 0000000000000007 0000000000000007 0000000000000007
0000000000000007 1 0000000000000003 000000000000000e 0000000000000003
0000000000000007 2 0000000000000001 000000000000001c 0000000000000001
0000000000000007 3 0000000000000000 0000000000000038 0000000000000000
0000000000000007 4 0000000000000000 0000000000000070 0000000000000000
0000000000000007 5 0000000000000000 00000000000000e0 0000000000000000
0000000000000007 6 0000000000000000 00000000000001c0 0000000000000000
0000000000000007 7 0000000000000000 0000000000000380 0000000000000000
0000000000000007 8 0000000000000000 0000000000000700 0000000000000000
0000000000000007 9 0000000000000000 0000000000000e00 0000000000000000
0000000000000007 10 0000000000000000 0000000000001c00 0000000000000000
0000000000000007 11 0000000000000000 0000000000003800 0000000000000000
0000000000000007 12 0000000000000000 0000000000007000 0000000000000000
0000000000000007 13 0000000000000000 000000000000e000 0000000000000000
0000000000000007 14 0000000000000000 000000000001c000 0000000000000000
0000000000000007 15 0000000000000000 0000000000038000 0000000000000000
0000000000000007 16 0000000000000000 0000000000070000 0000000000000000
0000000000000007 17 0000000000000000 00000000000e0000 0000000000000000
0000000000000007 18 0000000000000000 00000000001c0000 0000000000000000
0000000000000007 19 0000000000000000 0000000000380000 0000000000000000
0000000000000007 20 0000000000000000 0000000000700000 0000000000000000
0000000000000007 21 0000000000000000 0000000000e00000 0000000000000000
0000000000000007 22 0000000000000000 0000000001c00000 0000000000000000
0000000000000007 23 0000000000000000 0000000003800000 0000000000000000
0000000000000007 24 0000000000000000 0000000007000000 0000000000000000
0000000000000007 25 0000000000000000 000000000e000000 0000000000000000
0000000000000007 26 0000000000000000 000000001c000000 0000000000000000
0000000000000007 27 0000000000000000 0000000038000000 0000000000000000
0000000000000007 28 0000000000000000 0000000070000000 0000000000000000
0000000000000007 29 0000000000000000 00000000e0000000 0000000000000000
0000000000000007 30 0000000000000000 00000001c0000000 0000000000000000
0000000000000007 31 0000000000000000 0000000380000000 0000000000000000
0000000000000007 32 0000000000000000 0000000700000000 0000000000000000
0000000000000007 33 0000000000000000 0000000e00000000 0000000000000000
0000000000000007 34 0000000000000000 0000001c00000000 0000000000000000
0000000000000007 35 0000000000000000 0000003800000000 0000000000000000
0000000000000007 36 0000000000000000 0000007000000000 0000000000000000
0000000000000007 37 0000000000000000 000000e000000000 0000000000000000
0000000000000007 38 0000000000000000 000001c000000000 0000000000000000
0000000000000007 39 0000000000000000 0000038000000000 0000000000000000
0000000000000007 40 0000000000000000 0000070000000000 0000000000000000
0000000000000007 41 0000000000000000 00000e0000000000 0000000000000000
0000000000000007 42 0000000000000000 00001c0000000000 0000000000000000
0000000000000007 43 0000000000000000 0000380000000000 0000000000000000
0000000000000007 44 0000000000000000 0000700000000000 0000000000000000
0000000000000007 45 0000000000000000 0000e00000000000 0000000000000000
0000000000000007 46 0000000000000000 0001c00000000000 0000000000000000
0000000000000007 47 0000000000000000 0003800000000000 0000000000000000
0000000000000007 48 0000000000000000 0007000000000000 0000000000000000
0000000000000007 49 0000000000000000 000e000000000000 0000000000000000
0000000000000007 50 0000000000000000 001c000000000000 0000000000000000
0000000000000007 51 0000000000000000 0038000000000000 0000000000000000
0000000000000007 52 0000000000000000 0070000000000000 0000000000000000
0000000000000007 53 0000000000000000 00e0000000000000 0000000000000000
0000000000000007 54 0000000000000000 01c0000000000000 0000000000000000
0000000000000007 55 0000000000000000 0380000000000000 0000000000000000
0000000000000007 56 0000000000000000 0700000000000000 0000000000000000
0000000000000007 57 0000000000000000 0e00000000000000 0000000000000000
0000000000000007 58 0000000000000000 1c00000000000000 0000000000000000
0000000000000007 59 0000000000000000 3800000000000000 0000000000000000
0000000000000007 60 0000000000000000 7000000000000000 0000000000000000
0000000000000007 61 0000000000000000 e000000000000000 0000000000000000
0000000000000007 62 0000000000000000 c000000000000000 0000000000000000
0000000000000007 63 0000000000000000 8000000000000000 0000000000000000
0000000000000008 0 0000000000000008 0000000000000008 0000000000000008
0000000000000008 1 0000000000000004 0000000000000010 0000000000000004
0000000000000008 2 0000000000000002 0000000000000020 0000000000000002
0000000000000008 3 0000000000000001 0000000000000040 0000000000000001
0000000000000008 4 0000000000000000 0000000000000080 0000000000000000
0000000000000008 5 0000000000000000 0000000000000100 0000000000000000
0000000000000008 6 0000000000000000 0000000000000200 0000000000000000
0000000000000008 7 0000000000000000 0000000000000400 0000000000000000
0000000000000008 8 0000000000000000 0000000000000800 0000000000000000
0000000000000008 9 0000000000000000 0000000000001000 0000000000000000
0000000000000008 10 0000000000000000 0000000000002000 0000000000000000
0000000000000008 11 0000000000000000 0000000000004000 0000000000000000
0000000000000008 12 0000000000000000 0000000000008000 0000000000000000
0000000000000008 13 0000000000000000 0000000000010000 0000000000000000
0000000000000008 14 0000000000000000 0000000000020000 0000000000000000
0000000000000008 15 0000000000000000 0000000000040000 0000000000000000
0000000000000008 16 0000000000000000 0000000000080000 0000000000000000
0000000000000008 17 0000000000000000 0000000000100000 0000000000000000
0000000000000008 18 0000000000000000 0000000000200000 0000000000000000
0000000000000008 19 0000000000000000 0000000000400000 0000000000000000
0000000000000008 20 0000000000000000 0000000000800000 0000000000000000
0000000000000008 21 0000000000000000 0000000001000000 0000000000000000
0000000000000008 22 0000000000000000 0000000002000000 0000000000000000
0000000000000008 23 0000000000000000 0000000004000000 0000000000000000
0000000000000008 24 0000000000000000 0000000008000000 0000000000000000
0000000000000008 25 0000000000000000 0000000010000000 0000000000000000
0000000000000008 26 0000000000000000 0000000020000000 0000000000000000
0000000000000008 27 0000000000000000 0000000040000000 0000000000000000
0000000000000008 28 0000000000000000 0000000080000000 0000000000000000
0000000000000008 29 0000000000000000 0000000100000000 0000000000000000
0000000000000008 30 0000000000000000 0000000200000000 0000000000000000
0000000000000008 31 0000000000000000 0000000400000000 0000000000000000
0000000000000008 32 0000000000000000 0000000800000000 0000000000000000
0000000000000008 33 0000000000000000 0000001000000000 0000000000000000
0000000000000008 34 0000000000000000 0000002000000000 0000000000000000
0000000000000008 35 0000000000000000 0000004000000000 0000000000000000
0000000000000008 36 0000000000000000 0000008000000000 0000000000000000
0000000000000008 37 0000000000000000 0000010000000000 0000000000000000
0000000000000008 38 0000000000000000 0000020000000000 0000000000000000
0000000000000008 39 0000000000000000 0000040000000000 0000000000000000
0000000000000008 40 0000000000000000 0000080000000000 0000000000000000
0000000000000008 41 0000000000000000 0000100000000000 0000000000000000
0000000000000008 42 0000000000000000 0000200000000000 0000000000000000
0000000000000008 43 0000000000000000 0000400000000000 0000000000000000
0000000000000008 44 0000000000000000 0000800000000000 0000000000000000
0000000000000008 45 0000000000000000 0001000000000000 0000000000000000
0000000000000008 46 0000000000000000 0002000000000000 0000000000000000
0000000000000008 47 0000000000000000 0004000000000000 0000000000000000
0000000000000008 48 0000000000000000 0008000000000000 0000000000000000
0000000000000008 49 0000000000000000 0010000000000000 0000000000000000
0000000000000008 50 0000000000000000 0020000000000000 0000000000000000
0000000000000008 51 0000000000000000 0040000000000000 0000000000000000
0000000000000008 52 0000000000000000 0080000000000000 0000000000000000
0000000000000008 53 0000000000000000 0100000000000000 0000000000000000
0000000000000008 54 0000000000000000 0200000000000000 0000000000000000
0000000000000008 55 0000000000000000 0400000000000000 0000000000000000
0000000000000008 56 0000000000000000 0800000000000000 0000000000000000
0000000000000008 57 0000000000000000 1000000000000000 0000000000000000
0000000000000008 58 0000000000000000 2000000000000000 0000000000000000
0000000000000008 59 0000000000000000 4000000000000000 0000000000000000
0000000000000008 60 0000000000000000 8000000000000000 0000000000000000
0000000000000008 61 0000000000000000 0000000000000000 0000000000000000
0000000000000008 62 0000000000000000 0000000000000000 0000000000000000
0000000000000008 63 0000000000000000 0000000000000000 0000000000000000
000000000000000f 0 000000000000000f 000000000000000f 000000000000000f
000000000000000f 1 0000000000000007 000000000000001e 0000000000000007
000000000000000f 2 0000000000000003 000000000000003c 0000000000000003
000000000000000f 3 0000000000000001 0000000000000078 0000000000000001
000000000000000f 4 0000000000000000 00000000000000f0 0000000000000000
000000000000000f 5 0000000000000000 00000000000001e0 0000000000000000
000000000000000f 6 0000000000000000 00000000000003c0 0000000000000000
000000000000000f 7 0000000000000000 0000000000000780 0000000000000000
000000000000000f 8 0000000000000000 0000000000000f00 0000000000000000
000000000000000f 9 0000000000000000 0000000000001e00 0000000000000000
000000000000000f 10 0000000000000000 0000000000003c00 0000000000000000
000000000000000f 11 0000000000000000 0000000000007800 0000000000000000
000000000000000f 12 0000000000000000 000000000000f000 0000000000000000
000000000000000f 13 0000000000000000 000000000001e000 0000000000000000
000000000000000f 14 0000000000000000 000000000003c000 0000000000000000
000000000000000f 15 0000000000000000 0000000000078000 0000000000000000
000000000000000f 16 0000000000000000 00000000000f0000 0000000000000000
000000000000000f 17 0000000000000000 00000000001e0000 0000000000000000
000000000000000f 18 0000000000000000 00000000003c0000 0000000000000000
000000000000000f 19 0000000000000000 0000000000780000 0000000000000000
000000000000000f 20 0000000000000000 0000000000f00000 0000000000000000
000000000000000f 21 0000000000000000 0000000001e00000 0000000000000000
000000000000000f 22 0000000000000000 0000000003c00000 0000000000000000
000000000000000f 23 0000000000000000 0000000007800000 0000000000000000
000000000000000f 24 0000000000000000 000000000f000000 0000000000000000
000000000000000f 25 0000000000000000 000000001e000000 0000000000000000
000000000000000f 26 0000000000000000 000000003c000000 0000000000000000
000000000000000f 27 0000000000000000 0000000078000000 0000000000000000
000000000000000f 28 0000000000000000 00000000f0000000 0000000000000000
000000000000000f 29 0000000000000000 00000001e0000000 0000000000000000
000000000000000f 30 0000000000000000 00000003c0000000 0000000000000000
000000000000000f 31 0000000000000000 0000000780000000 0000000000000000
000000000000000f 32 0000000000000000 0000000f00000000 0000000000000000
000000000000000f 33 0000000000000000 0000001e00000000 0000000000000000
000000000000000f 34 0000000000000000 0000003c00000000 0000000000000000
000000000000000f 35 0000000000000000 0000007800000000 0000000000000000
000000000000000f 36 0000000000000000 000000f000000000 0000000000000000
000000000000000f 37 0000000000000000 000001e000000000 0000000000000000
000000000000000f 38 0000000000000000 000003c000000000 0000000000000000
000000000000000f 39 0000000000000000 0000078000000000 0000000000000000
000000000000000f 40 0000000000000000 00000f0000000000 0000000000000000
000000000000000f 41 0000000000000000 00001e0000000000 0000000000000000
000000000000000f 42 0000000000000000 00003c0000000000 0000000000000000
000000000000000f 43 0000000000000000 0000780000000000 0000000000000000
000000000000000f 44 0000000000000000 0000f00000000000 0000000000000000
000000000000000f 45 0000000000000000 0001e00000000000 0000000000000000
000000000000000f 46 0000000000000000 0003c00000000000 0000000000000000
000000000000000f 47 0000000000000000 0007800000000000 0000000000000000
000000000000000f 48 0000000000000000 000f000000000000 0000000000000000
000000000000000f 49 0000000000000000 001e000000000000 0000000000000000
000000000000000f 50 0000000000000000 003c000000000000 0000000000000000
000000000000000f 51 0000000000000000 0078000000000000 0000000000000000
000000000000000f 52 0000000000000000 00f0000000000000 0000000000000000
000000000000000f 53 0000000000000000 01e0000000000000 0000000000000000
000000000000000f 54 0000000000000000 03c0000000000000 0000000000000000
000000000000000f 55 0000000000000000 0780000000000000 0000000000000000
000000000000000f 56 0000000000000000 0f00000000000000 0000000000000000
000000000000000f 57 0000000000000000 1e00000000000000 0000000000000000
000000000000000f 58 0000000000000000 3c00000000000000 0000000000000000
000000000000000f 59 0000000000000000 7800000000000000 0000000000000000
000000000000000f 60 0000000000000000 f000000000000000 0000000000000000
000000000000000f 61 0000000000000000 e000000000000000 0000000000000000
000000000000000f 62 0000000000000000 c000000000000000 0000000000000000
000000000000000f 63 0000000000000000 8000000000000000 0000000000000000
0000000000000010 0 0000000000000010 0000000000000010 0000000000000010
0000000000000010 1 0000000000000008 0000000000000020 0000000000000008
0000000000000010 2 0000000000000004 0000000000000040 0000000000000004
0000000000000010 3 0000000000000002 0000000000000080 0000000000000002
0000000000000010 4 0000000000000001 0000000000000100 0000000000000001
0000000000000010 5 0000000000000000 0000000000000200 0000000000000000
0000000000000010 6 0000000000000000 0000000000000400 0000000000000000
0000000000000010 7 0000000000000000 0000000000000800 0000000000000000
0000000000000010 8 0000000000000000 0000000000001000 0000000000000000
0000000000000010 9 0000000000000000 0000000000002000 0000000000000000
0000000000000010 10 0000000000000000 0000000000004000 0000000000000000
0000000000000010 11 0000000000000000 0000000000008000 0000000000000000
0000000000000010 12 0000000000000000 0000000000010000 0000000000000000
0000000000000010 13 0000000000000000 0000000000020000 0000000000000000
0000000000000010 14 0000000000000000 0000000000040000 0000000000000000
0000000000000010 15 0000000000000000 0000000000080000 0000000000000000
0000000000000010 16 0000000000000000 0000000000100000 0000000000000000
0000000000000010 17 0000000000000000 0000000000200000 0000000000000000
0000000000000010 18 0000000000000000 0000000000400000 0000000000000000
0000000000000010 19 0000000000000000 0000000000800000 0000000000000000
0000000000000010 20 0000000000000000 0000000001000000 0000000000000000
0000000000000010 21 0000000000000000 0000000002000000 0000000000000000
0000000000000010 22 0000000000000000 0000000004000000 0000000000000000
0000000000000010 23 0000000000000000 0000000008000000 0000000000000000
0000000000000010 24 0000000000000000 0000000010000000 0000000000000000
0000000000000010 25 0000000000000000 0000000020000000 0000000000000000
0000000000000010 26 0000000000000000 0000000040000000 0000000000000000
0000000000000010 27 0000000000000000 0000000080000000 0000000000000000
0000000000000010 28 0000000000000000 0000000100000000 0000000000000000
0000000000000010 29 0000000000000000 0000000200000000 0000000000000000
0000000000000010 30 0000000000000000 0000000400000000 0000000000000000
0000000000000010 31 0000000000000000 0000000800000000 0000000000000000
0000000000000010 32 0000000000000000 0000001000000000 0000000000000000
0000000000000010 33 0000000000000000 0000002000000000 0000000000000000
0000000000000010 34 0000000000000000 0000004000000000 0000000000000000
0000000000000010 35 0000000000000000 0000008000000000 0000000000000000
0000000000000010 36 0000000000000000 0000010000000000 0000000000000000
0000000000000010 37 0000000000000000 0000020000000000 0000000000000000
0000000000000010 38 0000000000000000 0000040000000000 0000000000000000
0000000000000010 39 0000000000000000 0000080000000000 0000000000000000
0000000000000010 40 0000000000000000 0000100000000000 0000000000000000
0000000000000010 41 0000000000000000 0000200000000000 0000000000000000
0000000000000010 42 0000000000000000 0000400000000000 0000000000000000
0000000000000010 43 0000000000000000 0000800000000000 0000000000000000
0000000000000010 44 0000000000000000 0001000000000000 0000000000000000
0000000000000010 45 0000000000000000 0002000000000000 0000000000000000
0000000000000010 46 0000000000000000 0004000000000000 0000000000000000
0000000000000010 47 0000000000000000 0008000000000000 0000000000000000
0000000000000010 48 0000000000000000 0010000000000000 0000000000000000
0000000000000010 49 0000000000000000 0020000000000000 0000000000000000
0000000000000010 50 0000000000000000 0040000000000000 0000000000000000
0000000000000010 51 0000000000000000 0080000000000000 0000000000000000
0000000000000010 52 0000000000000000 0100000000000000 0000000000000000
0000000000000010 53 0000000000000000 0200000000000000 0000000000000000
0000000000000010 54 0000000000000000 0400000000000000 0000000000000000
0000000000000010 55 0000000000000000 0800000000000000 0000000000000000
0000000000000010 56 0000000000000000 1000000000000000 0000000000000000
0000000000000010 57 0000000000000000 2000000000000000 0000000000000000
0000000000000010 58 0000000000000000 4000000000000000 0000000000000000
0000000000000010 59 0000000000000000 8000000000000000 0000000000000000
0000000000000010 60 0000000000000000 0000000000000000 0000000000000000
0000000000000010 61 0000000000000000 0000000000000000 0000000000000000
0000000000000010 62 0000000000000000 0000000000000000 0000000000000000
0000000000000010 63 0000000000000000 0000000000000000 0000000000000000
000000000000001f 0 000000000000001f 000000000000001f 000000000000001f
000000000000001f 1 000000000000000f 000000000000003e 000000000000000f
000000000000001f 2 0000000000000007 000000000000007c 0000000000000007
000000000000001f 3 0000000000000003 00000000000000f8 0000000000000003
000000000000001f 4 0000000000000001 00000000000001f0 0000000000000001
000000000000001f 5 0000000000000000 00000000000003e0 0000000000000000
000000000000001f 6 0000000000000000 00000000000007c0 0000000000000000
000000000000001f 7 0000000000000000 0000000000000f80 0000000000000000
000000000000001f 8 0000000000000000 0000000000001f00 0000000000000000
000000000000001f 9 0000000000000000 0000000000003e00 0000000000000000
000000000000001f 10 0000000000000000 0000000000007c00 0000000000000000
000000000000001f 11 0000000000000000 000000000000f800 0000000000000000
000000000000001f 12 0000000000000000 000000000001f000 0000000000000000
000000000000001f 13 0000000000000000 000000000003e000 0000000000000000
000000000000001f 14 0000000000000000 000000000007c000 0000000000000000
000000000000001f 15 0000000000000000 00000000000f8000 0000000000000000
000000000000001f 16 0000000000000000 00000000001f0000 0000000000000000
000000000000001f 17 0000000000000000 00000000003e0000 0000000000000000
000000000000001f 18 0000000000000000 00000000007c0000 0000000000000000
000000000000001f 19 0000000000000000 0000000000f80000 0000000000000000
000000000000001f 20 0000000000000000 0000000001f00000 0000000000000000
000000000000001f 21 0000000000000000 0000000003e00000 0000000000000000
000000000000001f 22 0000000000000000 0000000007c00000 0000000000000000
000000000000001f 23 0000000000000000 000000000f800000 0000000000000000
000000000000001f 24 0000000000000000 000000001f000000 0000000000000000
000000000000001f 25 0000000000000000 000000003e000000 0000000000000000
000000000000001f 26 0000000000000000 000000007c000000 0000000000000000
000000000000001f 27 0000000000000000 00000000f8000000 0000000000000000
000000000000001f 28 0000000000000000 00000001f0000000 0000000000000000
000000000000001f 29 0000000000000000 00000003e0000000 0000000000000000
000000000000001f 30 0000000000000000 00000007c0000000 0000000000000000
000000000000001f 31 0000000000000000 0000000f80000000 0000000000000000
000000000000001f 32 0000000000000000 0000001f00000000 0000000000000000
000000000000001f 33 0000000000000000 0000003e00000000 0000000000000000
000000000000001f 34 0000000000000000 0000007c00000000 0000000000000000
000000000000001f 35 0000000000000000 000000f800000000 0000000000000000
000000000000001f 36 0000000000000000 000001f000000000 0000000000000000
000000000000001f 37 0000000000000000 000003e000000000 0000000000000000
000000000000001f 38 0000000000000000 000007c000000000 0000000000000000
000000000000001f 39 0000000000000000 00000f8000000000 0000000000000000
000000000000001f 40 0000000000000000 00001f0000000000 0000000000000000
000000000000001f 41 0000000000000000 00003e0000000000 0000000000000000
000000000000001f 42 0000000000000000 00007c0000000000 0000000000000000
000000000000001f 43 0000000000000000 0000f80000000000 0000000000000000
000000000000001f 44 0000000000000000 0001f00000000000 0000000000000000
000000000000001f 45 0000000000000000 0003e00000000000 0000000000000000
000000000000001f 46 0000000000000000 0007c00000000000 0000000000000000
000000000000001f 47 0000000000000000 000f800000000000 0000000000000000
000000000000001f 48 0000000000000000 001f000000000000 0000000000000000
000000000000001f 49 0000000000000000 003e000000000000 0000000000000000
000000000000001f 50 0000000000000000 007c000000000000 0000000000000000
000000000000001f 51 0000000000000000 00f8000000000000 0000000000000000
000000000000001f 52 0000000000000000 01f0000000000000 0000000000000000
000000000000001f 53 0000000000000000 03e0000000000000 0000000000000000
000000000000001f 54 0000000000000000 07c0000000000000 0000000000000000
000000000000001f 55 0000000000000000 0f80000000000000 0000000000000000
000000000000001f 56 0000000000000000 1f00000000000000 0000000000000000
000000000000001f 57 0000000000000000 3e00000000000000 0000000000000000
000000000000001f 58 0000000000000000 7c00000000000000 0000000000000000
000000000000001f 59 0000000000000000 f800000000000000 0000000000000000
000000000000001f 60 0000000000000000 f000000000000000 0000000000000000
000000000000001f 61 0000000000000000 e000000000000000 0000000000000000
000000000000001f 62 0000000000000000 c000000000000000 0000000000000000
000000000000001f 63 0000000000000000 8000000000000000 0000000000000000
0000000000000020 0 0000000000000020 0000000000000020 0000000000000020
0000000000000020 1 0000000000000010 0000000000000040 0000000000000010
0000000000000020 2 0000000000000008 0000000000000080 0000000000000008
0000000000000020 3 0000000000000004 0000000000000100 0000000000000004
0000000000000020 4 0000000000000002 0000000000000200 0000000000000002
0000000000000020 5 0000000000000001 0000000000000400 0000000000000001
0000000000000020 6 0000000000000000 0000000000000800 0000000000000000
0000000000000020 7 0000000000000000 0000000000001000 0000000000000000
0000000000000020 8 0000000000000000 0000000000002000 0000000000000000
0000000000000020 9 0000000000000000 0000000000004000 0000000000000000
0000000000000020 10 0000000000000000 0000000000008000 0000000000000000
0000000000000020 11 0000000000000000 0000000000010000 0000000000000000
0000000000000020 12 0000000000000000 0000000000020000 0000000000000000
0000000000000020 13 0000000000000000 0000000000040000 0000000000000000
0000000000000020 14 0000000000000000 0000000000080000 0000000000000000
0000000000000020 15 0000000000000000 0000000000100000 0000000000000000
0000000000000020 16 0000000000000000 0000000000200000 0000000000000000
0000000000000020 17 0000000000000000 0000000000400000 0000000000000000
0000000000000020 18 0000000000000000 0000000000800000 0000000000000000
0000000000000020 19 0000000000000000 0000000001000000 0000000000000000
0000000000000020 20 0000000000000000 0000000002000000 0000000000000000
0000000000000020 21 0000000000000000 0000000004000000 0000000000000000
0000000000000020 22 0000000000000000 0000000008000000 0000000000000000
0000000000000020 23 0000000000000000 0000000010000000 0000000000000000
0000000000000020 24 0000000000000000 0000000020000000 0000000000000000
0000000000000020 25 0000000000000000 0000000040000000 0000000000000000
0000000000000020 26 0000000000000000 0000000080000000 0000000000000000
0000000000000020 27 0000000000000000 0000000100000000 0000000000000000
0000000000000020 28 0000000000000000 0000000200000000 0000000000000000
0000000000000020 29 0000000000000000 0000000400000000 0000000000000000
0000000000000020 30 0000000000000000 0000000800000000 0000000000000000
0000000000000020 31 0000000000000000 0000001000000000 0000000000000000
0000000000000020 32 0000000000000000 0000002000000000 0000000000000000
0000000000000020 33 0000000000000000 0000004000000000 0000000000000000
0000000000000020 34 0000000000000000 0000008000000000 0000000000000000
0000000000000020 35 0000000000000000 0000010000000000 0000000000000000
0000000000000020 36 0000000000000000 0000020000000000 0000000000000000
0000000000000020 37 0000000000000000 0000040000000000 0000000000000000
0000000000000020 38 0000000000000000 0000080000000000 0000000000000000
0000000000000020 39 0000000000000000 0000100000000000 0000000000000000
0000000000000020 40 0000000000000000 0000200000000000 0000000000000000
0000000000000020 41 0000000000000000 0000400000000000 0000000000000000
0000000000000020 42 0000000000000000 0000800000000000 0000000000000000
0000000000000020 43 0000000000000000 0001000000000000 0000000000000000
0000000000000020 44 0000000000000000 0002000000000000 0000000000000000
0000000000000020 45 0000000000000000 0004000000000000 0000000000000000
0000000000000020 46 0000000000000000 0008000000000000 0000000000000000
0000000000000020 47 0000000000000000 0010000000000000 0000000000000000
0000000000000020 48 0000000000000000 0020000000000000 0000000000000000
0000000000000020 49 0000000000000000 0040000000000000 0000000000000000
0000000000000020 50 0000000000000000 0080000000000000 0000000000000000
0000000000000020 51 0000000000000000 0100000000000000 0000000000000000
0000000000000020 52 0000000000000000 0200000000000000 0000000000000000
0000000000000020 53 0000000000000000 0400000000000000 0000000000000000
0000000000000020 54 0000000000000000 0800000000000000 0000000000000000
0000000000000020 55 0000000000000000 1000000000000000 0000000000000000
0000000000000020 56 0000000000000000 2000000000000000 0000000000000000
0000000000000020 57 0000000000000000 4000000000000000 0000000000000000
0000000000000020 58 0000000000000000 8000000000000000 0000000000000000
0000000000000020 59 0000000000000000 0000000000000000 0000000000000000
0000000000000020 60 0000000000000000 0000000000000000 0000000000000000
0000000000000020 61 0000000000000000 0000000000000000 0000000000000000
0000000000000020 62 0000000000000000 0000000000000000 0000000000000000
0000000000000020 63 0000000000000000 0000000000000000 0000000000000000
000000000000003f 0 000000000000003f 000000000000003f 000000000000003f
000000000000003f 1 000000000000001f 000000000000007e 000000000000001f
000000000000003f 2 000000000000000f 00000000000000fc 000000000000000f
000000000000003f 3 0000000000000007 00000000000001f8 0000000000000007
000000000000003f 4 0000000000000003 00000000000003f0 0000000000000003
000000000000003f 5 0000000000000001 00000000000007e0 0000000000000001
000000000000003f 6 0000000000000000 0000000000000fc0 0000000000000000
000000000000003f 7 0000000000000000 0000000000001f80 0000000000000000
000000000000003f 8 0000000000000000 0000000000003f00 0000000000000000
000000000000003f 9 0000000000000000 0000000000007e00 0000000000000000
000000000000003f 10 0000000000000000 000000000000fc00 0000000000000000
000000000000003f 11 0000000000000000 000000000001f800 0000000000000000
000000000000003f 12 0000000000000000 000000000003f000 0000000000000000
000000000000003f 13 0000000000000000 000000000007e000 0000000000000000
000000000000003f 14 0000000000000000 00000000000fc000 0000000000000000
000000000000003f 15 0000000000000000 00000000001f8000 0000000000000000
000000000000003f 16 0000000000000000 00000000003f0000 0000000000000000
000000000000003f 17 0000000000000000 00000000007e0000 0000000000000000
000000000000003f 18 0000000000000000 0000000000fc0000 0000000000000000
000000000000003f 19 0000000000000000 0000000001f80000 0000000000000000
000000000000003f 20 0000000000000000 0000000003f00000 0000000000000000
000000000000003f 21 0000000000000000 0000000007e00000 0000000000000000
000000000000003f 22 0000000000000000 000000000fc00000 0000000000000000
000000000000003f 23 0000000000000000 000000001f800000 0000000000000000
000000000000003f 24 0000000000000000 000000003f000000 0000000000000000
000000000000003f 25 0000000000000000 000000007e000000 0000000000000000
000000000000003f 26 0000000000000000 00000000fc000000 0000000000000000
000000000000003f 27 0000000000000000 00000001f8000000 0000000000000000
000000000000003f 28 0000000000000000 00000003f0000000 0000000000000000
000000000000003f 29 0000000000000000 00000007e0000000 0000000000000000
000000000000003f 30 0000000000000000 0000000fc0000000 0000000000000000
000000000000003f 31 0000000000000000 0000001f80000000 0000000000000000
000000000000003f 32 0000000000000000 0000003f00000000 0000000000000000
000000000000003f 33 0000000000000000 0000007e00000000 0000000000000000
000000000000003f 34 0000000000000000 000000fc00000000 0000000000000000
000000000000003f 35 0000000000000000 000001f800000000 0000000000000000
000000000000003f 36 0000000000000000 000003f000000000 0000000000000000
000000000000003f 37 0000000000000000 000007e000000000 0000000000000000
000000000000003f 38 0000000000000000 00000fc000000000 0000000000000000
000000000000003f 39 0000000000000000 00001f8000000000 0000000000000000
000000000000003f 40 0000000000000000 00003f0000000000 0000000000000000
000000000000003f 41 0000000000000000 00007e0000000000 0000000000000000
000000000000003f 42 0000000000000000 0000fc0000000000 0000000000000000
000000000000003f 43 0000000000000000 0001f80000000000 0000000000000000
000000000000003f 44 0000000000000000 0003f00000000000 0000000000000000
000000000000003f 45 0000000000000000 0007e00000000000 0000000000000000
000000000000003f 46 0000000000000000 000fc00000000000 0000000000000000
000000000000003f 47 0000000000000000 001f800000000000 0000000000000000
000000000000003f 48 0000000000000000 003f000000000000 0000000000000000
000000000000003f 49 0000000000000000 007e000000000000 0000000000000000
000000000000003f 50 0000000000000000 00fc000000000000 0000000000000000
000000000000003f 51 0000000000000000 01f8000000000000 0000000000000000
000000000000003f 52 0000000000000000 03f0000000000000 0000000000000000
000000000000003f 53 0000000000000000 07e0000000000000 0000000000000000
000000000000003f 54 0000000000000000 0fc0000000000000 0000000000000000
000000000000003f 55 0000000000000000 1f80000000000000 0000000000000000
000000000000003f 56 0000000000000000 3f00000000000000 0000000000000000
000000000000003f 57 0000000000000000 7e00000000000000 0000000000000000
000000000000003f 58 0000000000000000 fc00000000000000 0000000000000000
000000000000003f 59 0000000000000000 f800000000000000 0000000000000000
000000000000003f 60 0000000000000000 f000000000000000 0000000000000000
000000000000003f 61 0000000000000000 e000000000000000 0000000000000000
000000000000003f 62 0000000000000000 c000000000000000 0000000000000000
000000000000003f 63 0000000000000000 8000000000000000 0000000000000000
0000000000000040 0 0000000000000040 0000000000000040 0000000000000040
0000000000000040 1 0000000000000020 0000000000000080 0000000000000020
0000000000000040 2 0000000000000010 0000000000000100 0000000000000010
0000000000000040 3 0000000000000008 0000000000000200 0000000000000008
0000000000000040 4 0000000000000004 0000000000000400 0000000000000004
0000000000000040 5 0000000000000002 0000000000000800 0000000000000002
0000000000000040 6 0000000000000001 0000000000001000 0000000000000001
0000000000000040 7 0000000000000000 0000000000002000 0000000000000000
0000000000000040 8 0000000000000000 0000000000004000 0000000000000000
0000000000000040 9 0000000000000000 0000000000008000 0000000000000000
0000000000000040 10 0000000000000000 0000000000010000 0000000000000000
0000000000000040 11 0000000000000000 0000000000020000 0000000000000000
0000000000000040 12 0000000000000000 0000000000040000 0000000000000000
0000000000000040 13 0000000000000000 0000000000080000 0000000000000000
0000000000000040 14 0000000000000000 0000000000100000 0000000000000000
0000000000000040 15 0000000000000000 0000000000200000 0000000000000000
0000000000000040 16 0000000000000000 0000000000400000 0000000000000000
0000000000000040 17 0000000000000000 0000000000800000 0000000000000000
0000000000000040 18 0000000000000000 0000000001000000 0000000000000000
0000000000000040 19 0000000000000000 0000000002000000 0000000000000000
0000000000000040 20 0000000000000000 0000000004000000 0000000000000000
0000000000000040 21 0000000000000000 0000000008000000 0000000000000000
0000000000000040 22 0000000000000000 0000000010000000 0000000000000000
0000000000000040 23 0000000000000000 0000000020000000 0000000000000000
0000000000000040 24 0000000000000000 0000000040000000 0000000000000000
0000000000000040 25 0000000000000000 0000000080000000 0000000000000000
0000000000000040 26 0000000000000000 0000000100000000 0000000000000000
0000000000000040 27 0000000000000000 0000000200000000 0000000000000000
0000000000000040 28 0000000000000000 0000000400000000 0000000000000000
0000000000000040 29 0000000000000000 0000000800000000 0000000000000000
0000000000000040 30 0000000000000000 0000001000000000 0000000000000000
0000000000000040 31 0000000000000000 0000002000000000 0000000000000000
0000000000000040 32 0000000000000000 0000004000000000 0000000000000000
0000000000000040 33 0000000000000000 0000008000000000 0000000000000000
0000000000000040 34 0000000000000000 0000010000000000 0000000000000000
0000000000000040 35 0000000000000000 0000020000000000 0000000000000000
0000000000000040 36 0000000000000000 0000040000000000 0000000000000000
0000000000000040 37 0000000000000000 0000080000000000 0000000000000000
0000000000000040 38 0000000000000000 0000100000000000 0000000000000000
0000000000000040 39 0000000000000000 0000200000000000 0000000000000000
0000000000000040 40 0000000000000000 0000400000000000 0000000000000000
0000000000000040 41 0000000000000000 0000800000000000 0000000000000000
0000000000000040 42 0000000000000000 0001000000000000 0000000000000000
0000000000000040 43 0000000000000000 0002000000000000 0000000000000000
0000000000000040 44 0000000000000000 0004000000000000 0000000000000000
0000000000000040 45 0000000000000000 0008000000000000 0000000000000000
0000000000000040 46 0000000000000000 0010000000000000 0000000000000000
0000000000000040 47 0000000000000000 0020000000000000 0000000000000000
0000000000000040 48 0000000000000000 0040000000000000 0000000000000000
0000000000000040 49 0000000000000000 0080000000000000 0000000000000000
0000000000000040 50 0000000000000000 0100000000000000 0000000000000000
0000000000000040 51 0000000000000000 0200000000000000 0000000000000000
0000000000000040 52 0000000000000000 0400000000000000 0000000000000000
0000000000000040 53 0000000000000000 0800000000000000 0000000000000000
0000000000000040 54 0000000000000000 1000000000000000 0000000000000000
0000000000000040 55 0000000000000000 2000000000000000 0000000000000000
0000000000000040 56 0000000000000000 4000000000000000 0000000000000000
0000000000000040 57 0000000000000000 8000000000000000 0000000000000000
0000000000000040 58 0000000000000000 0000000000000000 0000000000000000
0000000000000040 59 0000000000000000 0000000000000000 0000000000000000
0000000000000040 60 0000000000000000 0000000000000000 0000000000000000
0000000000000040 61 0000000000000000 0000000000000000 0000000000000000
0000000000000040 62 0000000000000000 0000000000000000 0000000000000000
0000000000000040 63 0000000000000000 0000000000000000 0000000000000000
000000000000007f 0 000000000000007f 000000000000007f 000000000000007f
000000000000007f 1 000000000000003f 00000000000000fe 000000000000003f
000000000000007f 2 000000000000001f 00000000000001fc 000000000000001f
000000000000007f 3 000000000000000f 00000000000003f8 000000000000000f
000000000000007f 4 0000000000000007 00000000000007f0 0000000000000007
000000000000007f 5 0000000000000003 0000000000000fe0 0000000000000003
000000000000007f 6 0000000000000001 0000000000001fc0 0000000000000001
000000000000007f 7 0000000000000000 0000000000003f80 0000000000000000
000000000000007f 8 0000000000000000 0000000000007f00 0000000000000000
000000000000007f 9 0000000000000000 000000000000fe00 0000000000000000
000000000000007f 10 0000000000000000 000000000001fc00 0000000000000000
000000000000007f 11 0000000000000000 000000000003f800 0000000000000000
000000000000007f 12 0000000000000000 000000000007f000 0000000000000000
000000000000007f 13 0000000000000000 00000000000fe000 0000000000000000
000000000000007f 14 0000000000000000 00000000001fc000 0000000000000000
000000000000007f 15 0000000000000000 00000000003f8000 0000000000000000
000000000000007f 16 0000000000000000 00000000007f0000 0000000000000000
000000000000007f 17 0000000000000000 0000000000fe0000 0000000000000000
000000000000007f 18 0000000000000000 0000000001fc0000 0000000000000000
000000000000007f 19 0000000000000000 0000000003f80000 0000000000000000
000000000000007f 20 0000000000000000 0000000007f00000 0000000000000000
000000000000007f 21 0000000000000000 000000000fe00000 0000000000000000
000000000000007f 22 0000000000000000 000000001fc00000 0000000000000000
000000000000007f 23 0000000000000000 000000003f800000 0000000000000000
000000000000007f 24 0000000000000000 000000007f000000 0000000000000000
000000000000007f 25 0000000000000000 00000000fe000000 0000000000000000
000000000000007f 26 0000000000000000 00000001fc000000 0000000000000000
000000000000007f 27 0000000000000000 00000003f8000000 0000000000000000
000000000000007f 28 0000000000000000 00000007f0000000 0000000000000000
000000000000007f 29 0000000000000000 0000000fe0000000 0000000000000000
000000000000007f 30 0000000000000000 0000001fc0000000 0000000000000000
000000000000007f 31 0000000000000000 0000003f80000000 0000000000000000
000000000000007f 32 0000000000000000 0000007f00000000 0000000000000000
000000000000007f 33 0000000000000000 000000fe00000000 0000000000000000
000000000000007f 34 0000000000000000 000001fc00000000 0000000000000000
000000000000007f 35 0000000000000000 000003f800000000 0000000000000000
000000000000007f 36 0000000000000000 000007f000000000 0000000000000000
000000000000007f 37 0000000000000000 00000fe000000000 0000000000000000
000000000000007f 38 0000000000000000 00001fc000000000 0000000000000000
000000000000007f 39 0000000000000000 00003f8000000000 0000000000000000
000000000000007f 40 0000000000000000 00007f0000000000 0000000000000000
000000000000007f 41 0000000000000000 0000fe0000000000 0000000000000000
000000000000007f 42 0000000000000000 0001fc0000000000 0000000000000000
000000000000007f 43 0000000000000000 0003f80000000000 0000000000000000
000000000000007f 44 0000000000000000 0007f00000000000 0000000000000000
000000000000007f 45 0000000000000000 000fe00000000000 0000000000000000
000000000000007f 46 0000000000000000 001fc00000000000 0000000000000000
000000000000007f 47 0000000000000000 003f800000000000 0000000000000000
000000000000007f 48 0000000000000000 007f000000000000 0000000000000000
000000000000007f 49 0000000000000000 00fe000000000000 0000000000000000
000000000000007f 50 0000000000000000 01fc000000000000 0000000000000000
000000000000007f 51 0000000000000000 03f8000000000000 0000000000000000
000000000000007f 52 0000000000000000 07f0000000000000 0000000000000000
000000000000007f 53 0000000000000000 0fe0000000000000 0000000000000000
000000000000007f 54 0000000000000000 1fc0000000000000 0000000000000000
000000000000007f 55 0000000000000000 3f80000000000000 0000000000000000
000000000000007f 56 0000000000000000 7f00000000000000 0000000000000000
000000000000007f 57 0000000000000000 fe00000000000000 0000000000000000
000000000000007f 58 0000000000000000 fc00000000000000 0000000000000000
000000000000007f 59 0000000000000000 f800000000000000 0000000000000000
000000000000007f 60 0000000000000000 f000000000000000 0000000000000000
000000000000007f 61 0000000000000000 e000000000000000 0000000000000000
000000000000007f 62 0000000000000000 c000000000000000 0000000000000000
000000000000007f 63 0000000000000000 8000000000000000 0000000000000000
0000000000000080 0 0000000000000080 0000000000000080 0000000000000080
0000000000000080 1 0000000000000040 0000000000000100 0000000000000040
0000000000000080 2 0000000000000020 0000000000000200 0000000000000020
0000000000000080 3 0000000000000010 0000000000000400 0000000000000010
0000000000000080 4 0000000000000008 0000000000000800 0000000000000008
0000000000000080 5 0000000000000004 0000000000001000 0000000000000004
0000000000000080 6 0000000000000002 0000000000002000 0000000000000002
0000000000000080 7 0000000000000001 0000000000004000 0000000000000001
0000000000000080 8 0000000000000000 0000000000008000 0000000000000000
0000000000000080 9 0000000000000000 0000000000010000 0000000000000000
0000000000000080 10 0000000000000000 0000000000020000 0000000000000000
0000000000000080 11 0000000000000000 0000000000040000 0000000000000000
0000000000000080 12 0000000000000000 0000000000080000 0000000000000000
0000000000000080 13 0000000000000000 0000000000100000 0000000000000000
0000000000000080 14 0000000000000000 0000000000200000 0000000000000000
0000000000000080 15 0000000000000000 0000000000400000 0000000000000000
0000000000000080 16 0000000000000000 0000000000800000 0000000000000000
0000000000000080 17 0000000000000000 0000000001000000 0000000000000000
0000000000000080 18 0000000000000000 0000000002000000 0000000000000000
0000000000000080 19 0000000000000000 0000000004000000 0000000000000000
0000000000000080 20 0000000000000000 0000000008000000 0000000000000000
0000000000000080 21 0000000000000000 0000000010000000 0000000000000000
0000000000000080 22 0000000000000000 0000000020000000 0000000000000000
0000000000000080 23 0000000000000000 0000000040000000 0000000000000000
0000000000000080 24 0000000000000000 0000000080000000 0000000000000000
0000000000000080 25 0000000000000000 0000000100000000 0000000000000000
0000000000000080 26 0000000000000000 0000000200000000 0000000000000000
0000000000000080 27 0000000000000000 0000000400000000 0000000000000000
0000000000000080 28 0000000000000000 0000000800000000 0000000000000000
0000000000000080 29 0000000000000000 0000001000000000 0000000000000000
0000000000000080 30 0000000000000000 0000002000000000 0000000000000000
0000000000000080 31 0000000000000000 0000004000000000 0000000000000000
0000000000000080 32 0000000000000000 0000008000000000 0000000000000000
0000000000000080 33 0000000000000000 0000010000000000 0000000000000000
0000000000000080 34 0000000000000000 0000020000000000 0000000000000000
0000000000000080 35 0000000000000000 0000040000000000 0000000000000000
0000000000000080 36 0000000000000000 0000080000000000 0000000000000000
0000000000000080 37 0000000000000000 0000100000000000 0000000000000000
0000000000000080 38 0000000000000000 0000200000000000 0000000000000000
0000000000000080 39 0000000000000000 0000400000000000 0000000000000000
0000000000000080 40 0000000000000000 0000800000000000 0000000000000000
0000000000000080 41 0000000000000000 0001000000000000 0000000000000000
0000000000000080 42 0000000000000000 0002000000000000 0000000000000000
0000000000000080 43 0000000000000000 0004000000000000 0000000000000000
0000000000000080 44 0000000000000000 0008000000000000 0000000000000000
0000000000000080 45 0000000000000000 0010000000000000 0000000000000000
0000000000000080 46 0000000000000000 0020000000000000 0000000000000000
0000000000000080 47 0000000000000000 0040000000000000 0000000000000000
0000000000000080 48 0000000000000000 0080000000000000 0000000000000000
0000000000000080 49 0000000000000000 0100000000000000 0000000000000000
0000000000000080 50 0000000000000000 0200000000000000 0000000000000000
0000000000000080 51 0000000000000000 0400000000000000 0000000000000000
0000000000000080 52 0000000000000000 0800000000000000 0000000000000000
0000000000000080 53 0000000000000000 1000000000000000 0000000000000000
0000000000000080 54 0000000000000000 2000000000000000 0000000000000000
0000000000000080 55 0000000000000000 4000000000000000 0000000000000000
0000000000000080 56 0000000000000000 8000000000000000 0000000000000000
0000000000000080 57 0000000000000000 0000000000000000 0000000000000000
0000000000000080 58 0000000000000000 0000000000000000 0000000000000000
0000000000000080 59 0000000000000000 0000000000000000 0000000000000000
0000000000000080 60 0000000000000000 0000000000000000 0000000000000000
0000000000000080 61 0000000000000000 0000000000000000 0000000000000000
0000000000000080 62 0000000000000000 0000000000000000 0000000000000000
0000000000000080 63 0000000000000000 0000000000000000 0000000000000000
00000000000000ff 0 00000000000000ff 00000000000000ff 00000000000000ff
00000000000000ff 1 000000000000007f 00000000000001fe 000000000000007f
00000000000000ff 2 000000000000003f 00000000000003fc 000000000000003f
00000000000000ff 3 000000000000001f 00000000000007f8 000000000000001f
00000000000000ff 4 000000000000000f 0000000000000ff0 000000000000000f
00000000000000ff 5 0000000000000007 0000000000001fe0 0000000000000007
00000000000000ff 6 0000000000000003 0000000000003fc0 0000000000000003
00000000000000ff 7 0000000000000001 0000000000007f80 0000000000000001
00000000000000ff 8 0000000000000000 000000000000ff00 0000000000000000
00000000000000ff 9 0000000000000000 000000000001fe00 0000000000000000
00000000000000ff 10 0000000000000000 000000000003fc00 0000000000000000
00000000000000ff 11 0000000000000000 000000000007f800 0000000000000000
00000000000000ff 12 0000000000000000 00000000000ff000 0000000000000000
00000000000000ff 13 0000000000000000 00000000001fe000 0000000000000000
00000000000000ff 14 0000000000000000 00000000003fc000 0000000000000000
00000000000000ff 15 0000000000000000 00000000007f8000 0000000000000000
00000000000000ff 16 0000000000000000 0000000000ff0000 0000000000000000
00000000000000ff 17 0000000000000000 0000000001fe0000 0000000000000000
00000000000000ff 18 0000000000000000 0000000003fc0000 0000000000000000
00000000000000ff 19 0000000000000000 0000000007f80000 0000000000000000
00000000000000ff 20 0000000000000000 000000000ff00000 0000000000000000
00000000000000ff 21 0000000000000000 000000001fe00000 0000000000000000
00000000000000ff 22 0000000000000000 000000003fc00000 0000000000000000
00000000000000ff 23 0000000000000000 000000007f800000 0000000000000000
00000000000000ff 24 0000000000000000 00000000ff000000 0000000000000000
00000000000000ff 25 0000000000000000 00000001fe000000 0000000000000000
00000000000000ff 26 0000000000000000 00000003fc000000 0000000000000000
00000000000000ff 27 0000000000000000 00000007f8000000 0000000000000000
00000000000000ff 28 0000000000000000 0000000ff0000000 0000000000000000
00000000000000ff 29 0000000000000000 0000001fe0000000 0000000000000000
00000000000000ff 30 0000000000000000 0000003fc0000000 0000000000000000
00000000000000ff 31 0000000000000000 0000007f80000000 0000000000000000
00000000000000ff 32 0000000000000000 000000ff00000000 0000000000000000
00000000000000ff 33 0000000000000000 000001fe00000000 0000000000000000
00000000000000ff 34 0000000000000000 000003fc00000000 0000000000000000
00000000000000ff 35 0000000000000000 000007f800000000 0000000000000000
00000000000000ff 36 0000000000000000 00000ff000000000 0000000000000000
00000000000000ff 37 0000000000000000 00001fe000000000 0000000000000000
00000000000000ff 38 0000000000000000 00003fc000000000 0000000000000000
00000000000000ff 39 0000000000000000 00007f8000000000 0000000000000000
00000000000000ff 40 0000000000000000 0000ff0000000000 0000000000000000
00000000000000ff 41 0000000000000000 0001fe0000000000 0000000000000000
00000000000000ff 42 0000000000000000 0003fc0000000000 0000000000000000
00000000000000ff 43 0000000000000000 0007f80000000000 0000000000000000
00000000000000ff 44 0000000000000000 000ff00000000000 0000000000000000
00000000000000ff 45 0000000000000000 001fe00000000000 0000000000000000
00000000000000ff 46 0000000000000000 003fc00000000000 0000000000000000
00000000000000ff 47 0000000000000000 007f800000000000 0000000000000000
00000000000000ff 48 0000000000000000 00ff000000000000 0000000000000000
00000000000000ff 49 0000000000000000 01fe000000000000 0000000000000000
00000000000000ff 50 0000000000000000 03fc000000000000 0000000000000000
00000000000000ff 51 0000000000000000 07f8000000000000 0000000000000000
00000000000000ff 52 0000000000000000 0ff0000000000000 0000000000000000
00000000000000ff 53 0000000000000000 1fe0000000000000 0000000000000000
00000000000000ff 54 0000000000000000 3fc0000000000000 0000000000000000
00000000000000ff 55 0000000000000000 7f80000000000000 0000000000000000
00000000000000ff 56 0000000000000000 ff00000000000000 0000000000000000
00000000000000ff 57 0000000000000000 fe00000000000000 0000000000000000
00000000000000ff 58 0000000000000000 fc00000000000000 0000000000000000
00000000000000ff 59 0000000000000000 f800000000000000 0000000000000000
00000000000000ff 60 0000000000000000 f000000000000000 0000000000000000
00000000000000ff 61 0000000000000000 e000000000000000 0000000000000000
00000000000000ff 62 0000000000000000 c000000000000000 0000000000000000
00000000000000ff 63 0000000000000000 8000000000000000 0000000000000000
0000000000000100 0 0000000000000100 0000000000000100 0000000000000100
0000000000000100 1 0000000000000080 0000000000000200 0000000000000080
0000000000000100 2 0000000000000040 0000000000000400 0000000000000040
0000000000000100 3 0000000000000020 0000000000000800 0000000000000020
0000000000000100 4 0000000000000010 0000000000001000 0000000000000010
0000000000000100 5 0000000000000008 0000000000002000 0000000000000008
0000000000000100 6 0000000000000004 0000000000004000 0000000000000004
0000000000000100 7 0000000000000002 0000000000008000 0000000000000002
0000000000000100 8 0000000000000001 0000000000010000 0000000000000001
0000000000000100 9 0000000000000000 0000000000020000 0000000000000000
0000000000000100 10 0000000000000000 0000000000040000 0000000000000000
0000000000000100 11 0000000000000000 0000000000080000 0000000000000000
0000000000000100 12 0000000000000000 0000000000100000 0000000000000000
0000000000000100 13 0000000000000000 0000000000200000 0000000000000000
0000000000000100 14 0000000000000000 0000000000400000 0000000000000000
0000000000000100 15 0000000000000000 0000000000800000 0000000000000000
0000000000000100 16 0000000000000000 0000000001000000 0000000000000000
0000000000000100 17 0000000000000000 0000000002000000 0000000000000000
0000000000000100 18 0000000000000000 0000000004000000 0000000000000000
0000000000000100 19 0000000000000000 0000000008000000 0000000000000000
0000000000000100 20 0000000000000000 0000000010000000 0000000000000000
0000000000000100 21 0000000000000000 0000000020000000 0000000000000000
0000000000000100 22 0000000000000000 0000000040000000 0000000000000000
0000000000000100 23 0000000000000000 0000000080000000 0000000000000000
0000000000000100 24 0000000000000000 0000000100000000 0000000000000000
0000000000000100 25 0000000000000000 0000000200000000 0000000000000000
0000000000000100 26 0000000000000000 0000000400000000 0000000000000000
0000000000000100 27 0000000000000000 0000000800000000 0000000000000000
0000000000000100 28 0000000000000000 0000001000000000 0000000000000000
0000000000000100 29 0000000000000000 0000002000000000 0000000000000000
0000000000000100 30 0000000000000000 0000004000000000 0000000000000000
0000000000000100 31 0000000000000000 0000008000000000 0000000000000000
0000000000000100 32 0000000000000000 0000010000000000 0000000000000000
0000000000000100 33 0000000000000000 0000020000000000 0000000000000000
0000000000000100 34 0000000000000000 0000040000000000 0000000000000000
0000000000000100 35 0000000000000000 0000080000000000 0000000000000000
0000000000000100 36 0000000000000000 0000100000000000 0000000000000000
0000000000000100 37 0000000000000000 0000200000000000 0000000000000000
0000000000000100 38 0000000000000000 0000400000000000 0000000000000000
0000000000000100 39 0000000000000000 0000800000000000 0000000000000000
0000000000000100 40 0000000000000000 0001000000000000 0000000000000000
0000000000000100 41 0000000000000000 0002000000000000 0000000000000000
0000000000000100 42 0000000000000000 0004000000000000 0000000000000000
0000000000000100 43 0000000000000000 0008000000000000 0000000000000000
0000000000000100 44 0000000000000000 0010000000000000 0000000000000000
0000000000000100 45 0000000000000000 0020000000000000 0000000000000000
0000000000000100 46 0000000000000000 0040000000000000 0000000000000000
0000000000000100 47 0000000000000000 0080000000000000 0000000000000000
0000000000000100 48 0000000000000000 0100000000000000 0000000000000000
0000000000000100 49 0000000000000000 0200000000000000 0000000000000000
0000000000000100 50 0000000000000000 0400000000000000 0000000000000000
0000000000000100 51 0000000000000000 0800000000000000 0000000000000000
0000000000000100 52 0000000000000000 1000000000000000 0000000000000000
0000000000000100 53 0000000000000000 2000000000000000 0000000000000000
0000000000000100 54 0000000000000000 4000000000000000 0000000000000000
0000000000000100 55 0000000000000000 8000000000000000 0000000000000000
0000000000000100 56 0000000000000000 0000000000000000 0000000000000000
0000000000000100 57 0000000000000000 0000000000000000 0000000000000000
0000000000000100 58 0000000000000000 0000000000000000 0000000000000000
0000000000000100 59 0000000000000000 0000000000000000 0000000000000000
0000000000000100 60 0000000000000000 0000000000000000 0000000000000000
0000000000000100 61 0000000000000000 0000000000000000 0000000000000000
0000000000000100 62 0000000000000000 0000000000000000 0000000000000000
0000000000000100 63 0000000000000000 0000000000000000 0000000000000000
00000000000001ff 0 00000000000001ff 00000000000001ff 00000000000001ff
00000000000001ff 1 00000000000000ff 00000000000003fe 00000000000000ff
00000000000001ff 2 000000000000007f 00000000000007fc 000000000000007f
00000000000001ff 3 000000000000003f 0000000000000ff8 000000000000003f
00000000000001ff 4 000000000000001f 0000000000001ff0 000000000000001f
00000000000001ff 5 000000000000000f 0000000000003fe0 000000000000000f
00000000000001ff 6 0000000000000007 0000000000007fc0 0000000000000007
00000000000001ff 7 0000000000000003 000000000000ff80 0000000000000003
00000000000001ff 8 0000000000000001 000000000001ff00 0000000000000001
00000000000001ff 9 0000000000000000 000000000003fe00 0000000000000000
00000000000001ff 10 0000000000000000 000000000007fc00 0000000000000000
00000000000001ff 11 0000000000000000 00000000000ff800 0000000000000000
00000000000001ff 12 0000000000000000 00000000001ff000 0000000000000000
00000000000001ff 13 0000000000000000 00000000003fe000 0000000000000000
00000000000001ff 14 0000000000000000 00000000007fc000 0000000000000000
00000000000001ff 15 0000000000000000 0000000000ff8000 0000000000000000
00000000000001ff 16 0000000000000000 0000000001ff0000 0000000000000000
00000000000001ff 17 0000000000000000 0000000003fe0000 0000000000000000
00000000000001ff 18 0000000000000000 0000000007fc0000 0000000000000000
00000000000001ff 19 0000000000000000 000000000ff80000 0000000000000000
00000000000001ff 20 0000000000000000 000000001ff00000 0000000000000000
00000000000001ff 21 0000000000000000 000000003fe00000 0000000000000000
00000000000001ff 22 0000000000000000 000000007fc00000 0000000000000000
00000000000001ff 23 0000000000000000 00000000ff800000 0000000000000000
00000000000001ff 24 0000000000000000 00000001ff000000 0000000000000000
00000000000001ff 25 0000000000000000 00000003fe000000 0000000000000000
00000000000001ff 26 0000000000000000 00000007fc000000 0000000000000000
00000000000001ff 27 0000000000000000 0000000ff8000000 0000000000000000
00000000000001ff 28 0000000000000000 0000001ff0000000 0000000000000000
00000000000001ff 29 0000000000000000 0000003fe0000000 0000000000000000
00000000000001ff 30 0000000000000000 0000007fc0000000 0000000000000000
00000000000001ff 31 0000000000000000 000000ff80000000 0000000000000000
00000000000001ff 32 0000000000000000 000001ff00000000 0000000000000000
00000000000001ff 33 0000000000000000 000003fe00000000 0000000000000000
00000000000001ff 34 0000000000000000 000007fc00000000 0000000000000000
00000000000001ff 35 0000000000000000 00000ff800000000 0000000000000000
00000000000001ff 36 0000000000000000 00001ff000000000 0000000000000000
00000000000001ff 37 0000000000000000 00003fe000000000 0000000000000000
00000000000001ff 38 0000000000000000 00007fc000000000 0000000000000000
00000000000001ff 39 0000000000000000 0000ff8000000000 0000000000000000
00000000000001ff 40 0000000000000000 0001ff0000000000 0000000000000000
00000000000001ff 41 0000000000000000 0003fe0000000000 0000000000000000
00000000000001ff 42 0000000000000000 0007fc0000000000 0000000000000000
00000000000001ff 43 0000000000000000 000ff80000000000 0000000000000000
00000000000001ff 44 0000000000000000 001ff00000000000 0000000000000000
00000000000001ff 45 0000000000000000 003fe00000000000 0000000000000000
00000000000001ff 46 0000000000000000 007fc00000000000 0000000000000000
00000000000001ff 47 0000000000000000 00ff800000000000 0000000000000000
00000000000001ff 48 0000000000000000 01ff000000000000 0000000000000000
00000000000001ff 49 0000000000000000 03fe000000000000 0000000000000000
00000000000001ff 50 0000000000000000 07fc000000000000 0000000000000000
00000000000001ff 51 0000000000000000 0ff8000000000000 0000000000000000
00000000000001ff 52 0000000000000000 1ff0000000000000 0000000000000000
00000000000001ff 53 0000000000000000 3fe0000000000000 0000000000000000
00000000000001ff 54 0000000000000000 7fc0000000000000 0000000000000000
00000000000001ff 55 0000000000000000 ff80000000000000 0000000000000000
00000000000001ff 56 0000000000000000 ff00000000000000 0000000000000000
00000000000001ff 57 0000000000000000 fe00000000000000 0000000000000000
00000000000001ff 58 0000000000000000 fc00000000000000 0000000000000000
00000000000001ff 59 0000000000000000 f800000000000000 0000000000000000
00000000000001ff 60 0000000000000000 f000000000000000 0000000000000000
00000000000001ff 61 0000000000000000 e000000000000000 0000000000000000
00000000000001ff 62 0000000000000000 c000000000000000 0000000000000000
00000000000001ff 63 0000000000000000 8000000000000000 0000000000000000
0000000000000200 0 0000000000000200 0000000000000200 0000000000000200
0000000000000200 1 0000000000000100 0000000000000400 0000000000000100
0000000000000200 2 0000000000000080 0000000000000800 0000000000000080
0000000000000200 3 0000000000000040 0000000000001000 0000000000000040
0000000000000200 4 0000000000000020 0000000000002000 0000000000000020
0000000000000200 5 0000000000000010 0000000000004000 0000000000000010
0000000000000200 6 0000000000000008 0000000000008000 0000000000000008
0000000000000200 7 0000000000000004 0000000000010000 0000000000000004
0000000000000200 8 0000000000000002 0000000000020000 0000000000000002
0000000000000200 9 0000000000000001 0000000000040000 0000000000000001
0000000000000200 10 0000000000000000 0000000000080000 0000000000000000
0000000000000200 11 0000000000000000 0000000000100000 0000000000000000
0000000000000200 12 0000000000000000 0000000000200000 0000000000000000
0000000000000200 13 0000000000000000 0000000000400000 0000000000000000
0000000000000200 14 0000000000000000 0000000000800000 0000000000000000
0000000000000200 15 0000000000000000 0000000001000000 0000000000000000
0000000000000200 16 0000000000000000 0000000002000000 0000000000000000
0000000000000200 17 0000000000000000 0000000004000000 0000000000000000
0000000000000200 18 0000000000000000 0000000008000000 0000000000000000
0000000000000200 19 0000000000000000 0000000010000000 0000000000000000
0000000000000200 20 0000000000000000 0000000020000000 0000000000000000
0000000000000200 21 0000000000000000 0000000040000000 0000000000000000
0000000000000200 22 0000000000000000 0000000080000000 0000000000000000
0000000000000200 23 0000000000000000 0000000100000000 0000000000000000
0000000000000200 24 0000000000000000 0000000200000000 0000000000000000
0000000000000200 25 0000000000000000 0000000400000000 0000000000000000
0000000000000200 26 0000000000000000 0000000800000000 0000000000000000
0000000000000200 27 0000000000000000 0000001000000000 0000000000000000
0000000000000200 28 0000000000000000 0000002000000000 0000000000000000
0000000000000200 29 0000000000000000 0000004000000000 0000000000000000
0000000000000200 30 0000000000000000 0000008000000000 0000000000000000
0000000000000200 31 0000000000000000 0000010000000000 0000000000000000
0000000000000200 32 0000000000000000 0000020000000000 0000000000000000
0000000000000200 33 0000000000000000 0000040000000000 0000000000000000
0000000000000200 34 0000000000000000 0000080000000000 0000000000000000
0000000000000200 35 0000000000000000 0000100000000000 0000000000000000
0000000000000200 36 0000000000000000 0000200000000000 0000000000000000
0000000000000200 37 0000000000000000 0000400000000000 0000000000000000
0000000000000200 38 0000000000000000 0000800000000000 0000000000000000
0000000000000200 39 0000000000000000 0001000000000000 0000000000000000
0000000000000200 40 0000000000000000 0002000000000000 0000000000000000
0000000000000200 41 0000000000000000 0004000000000000 0000000000000000
0000000000000200 42 0000000000000000 0008000000000000 0000000000000000
0000000000000200 43 0000000000000000 0010000000000000 0000000000000000
0000000000000200 44 0000000000000000 0020000000000000 0000000000000000
0000000000000200 45 0000000000000000 0040000000000000 0000000000000000
0000000000000200 46 0000000000000000 0080000000000000 0000000000000000
0000000000000200 47 0000000000000000 0100000000000000 0000000000000000
0000000000000200 48 0000000000000000 0200000000000000 0000000000000000
0000000000000200 49 0000000000000000 0400000000000000 0000000000000000
0000000000000200 50 0000000000000000 0800000000000000 0000000000000000
0000000000000200 51 0000000000000000 1000000000000000 0000000000000000
0000000000000200 52 0000000000000000 2000000000000000 0000000000000000
0000000000000200 53 0000000000000000 4000000000000000 0000000000000000
0000000000000200 54 0000000000000000 8000000000000000 0000000000000000
0000000000000200 55 0000000000000000 0000000000000000 0000000000000000
0000000000000200 56 0000000000000000 0000000000000000 0000000000000000
0000000000000200 57 0000000000000000 0000000000000000 0000000000000000
0000000000000200 58 0000000000000000 0000000000000000 0000000000000000
0000000000000200 59 0000000000000000 0000000000000000 0000000000000000
0000000000000200 60 0000000000000000 0000000000000000 0000000000000000
0000000000000200 61 0000000000000000 0000000000000000 0000000000000000
0000000000000200 62 0000000000000000 0000000000000000 0000000000000000
0000000000000200 63 0000000000000000 0000000000000000 0000000000000000
00000000000003ff 0 00000000000003ff 00000000000003ff 00000000000003ff
00000000000003ff 1 00000000000001ff 00000000000007fe 00000000000001ff
00000000000003ff 2 00000000000000ff 0000000000000ffc 00000000000000ff
00000000000003ff 3 000000000000007f 0000000000001ff8 000000000000007f
00000000000003ff 4 000000000000003f 0000000000003ff0 000000000000003f
00000000000003ff 5 000000000000001f 0000000000007fe0 000000000000001f
00000000000003ff 6 000000000000000f 000000000000ffc0 000000000000000f
00000000000003ff 7 0000000000000007 000000000001ff80 0000000000000007
00000000000003ff 8 0000000000000003 000000000003ff00 0000000000000003
00000000000003ff 9 0000000000000001 000000000007fe00 0000000000000001
00000000000003ff 10 0000000000000000 00000000000ffc00 0000000000000000
00000000000003ff 11 0000000000000000 00000000001ff800 0000000000000000
00000000000003ff 12 0000000000000000 00000000003ff000 0000000000000000
00000000000003ff 13 0000000000000000 00000000007fe000 0000000000000000
00000000000003ff 14 0000000000000000 0000000000ffc000 0000000000000000
00000000000003ff 15 0000000000000000 0000000001ff8000 0000000000000000
00000000000003ff 16 0000000000000000 0000000003ff0000 0000000000000000
00000000000003ff 17 0000000000000000 0000000007fe0000 0000000000000000
00000000000003ff 18 0000000000000000 000000000ffc0000 0000000000000000
00000000000003ff 19 0000000000000000 000000001ff80000 0000000000000000
00000000000003ff 20 0000000000000000 000000003ff00000 0000000000000000
00000000000003ff 21 0000000000000000 000000007fe00000 0000000000000000
00000000000003ff 22 0000000000000000 00000000ffc00000 0000000000000000
00000000000003ff 23 0000000000000000 00000001ff800000 0000000000000000
00000000000003ff 24 0000000000000000 00000003ff000000 0000000000000000
00000000000003ff 25 0000000000000000 00000007fe000000 0000000000000000
00000000000003ff 26 0000000000000000 0000000ffc000000 0000000000000000
00000000000003ff 27 0000000000000000 0000001ff8000000 0000000000000000
00000000000003ff 28 0000000000000000 0000003ff0000000 0000000000000000
00000000000003ff 29 0000000000000000 0000007fe0000000 0000000000000000
00000000000003ff 30 0000000000000000 000000ffc0000000 0000000000000000
00000000000003ff 31 0000000000000000 000001ff80000000 0000000000000000
00000000000003ff 32 0000000000000000 000003ff00000000 0000000000000000
00000000000003ff 33 0000000000000000 000007fe00000000 0000000000000000
00000000000003ff 34 0000000000000000 00000ffc00000000 0000000000000000
00000000000003ff 35 0000000000000000 00001ff800000000 0000000000000000
00000000000003ff 36 0000000000000000 00003ff000000000 0000000000000000
00000000000003ff 37 0000000000000000 00007fe000000000 0000000000000000
00000000000003ff 38 0000000000000000 0000ffc000000000 0000000000000000
00000000000003ff 39 0000000000000000 0001ff8000000000 0000000000000000
00000000000003ff 40 0000000000000000 0003ff0000000000 0000000000000000
00000000000003ff 41 0000000000000000 0007fe0000000000 0000000000000000
00000000000003ff 42 0000000000000000 000ffc0000000000 0000000000000000
00000000000003ff 43 0000000000000000 001ff80000000000 0000000000000000
00000000000003ff 44 0000000000000000 003ff00000000000 0000000000000000
00000000000003ff 45 0000000000000000 007fe00000000000 0000000000000000
00000000000003ff 46 0000000000000000 00ffc00000000000 0000000000000000
00000000000003ff 47 0000000000000000 01ff800000000000 0000000000000000
00000000000003ff 48 0000000000000000 03ff000000000000 0000000000000000
00000000000003ff 49 0000000000000000 07fe000000000000 0000000000000000
00000000000003ff 50 0000000000000000 0ffc000000000000 0000000000000000
00000000000003ff 51 0000000000000000 1ff8000000000000 0000000000000000
00000000000003ff 52 0000000000000000 3ff0000000000000 0000000000000000
00000000000003ff 53 0000000000000000 7fe0000000000000 0000000000000000
00000000000003ff 54 0000000000000000 ffc0000000000000 0000000000000000
00000000000003ff 55 0000000000000000 ff80000000000000 0000000000000000
00000000000003ff 56 0000000000000000 ff00000000000000 0000000000000000
00000000000003ff 57 0000000000000000 fe00000000000000 0000000000000000
00000000000003ff 58 0000000000000000 fc00000000000000 0000000000000000
00000000000003ff 59 0000000000000000 f800000000000000 0000000000000000
00000000000003ff 60 0000000000000000 f000000000000000 0000000000000000
00000000000003ff 61 0000000000000000 e000000000000000 0000000000000000
00000000000003ff 62 0000000000000000 c000000000000000 0000000000000000
00000000000003ff 63 0000000000000000 8000000000000000 0000000000000000
0000000000000400 0 0000000000000400 0000000000000400 0000000000000400
0000000000000400 1 0000000000000200 0000000000000800 0000000000000200
0000000000000400 2 0000000000000100 0000000000001000 0000000000000100
0000000000000400 3 0000000000000080 0000000000002000 0000000000000080
0000000000000400 4 0000000000000040 0000000000004000 0000000000000040
0000000000000400 5 0000000000000020 0000000000008000 0000000000000020
0000000000000400 6 0000000000000010 0000000000010000 0000000000000010
0000000000000400 7 0000000000000008 0000000000020000 0000000000000008
0000000000000400 8 0000000000000004 0000000000040000 0000000000000004
0000000000000400 9 0000000000000002 0000000000080000 0000000000000002
0000000000000400 10 0000000000000001 0000000000100000 0000000000000001
0000000000000400 11 0000000000000000 0000000000200000 0000000000000000
0000000000000400 12 0000000000000000 0000000000400000 0000000000000000
0000000000000400 13 0000000000000000 0000000000800000 0000000000000000
0000000000000400 14 0000000000000000 0000000001000000 0000000000000000
0000000000000400 15 0000000000000000 0000000002000000 0000000000000000
0000000000000400 16 0000000000000000 0000000004000000 0000000000000000
0000000000000400 17 0000000000000000 0000000008000000 0000000000000000
0000000000000400 18 0000000000000000 0000000010000000 0000000000000000
0000000000000400 19 0000000000000000 0000000020000000 0000000000000000
0000000000000400 20 0000000000000000 0000000040000000 0000000000000000
0000000000000400 21 0000000000000000 0000000080000000 0000000000000000
0000000000000400 22 0000000000000000 0000000100000000 0000000000000000
0000000000000400 23 0000000000000000 0000000200000000 0000000000000000
0000000000000400 24 0000000000000000 0000000400000000 0000000000000000
0000000000000400 25 0000000000000000 0000000800000000 0000000000000000
0000000000000400 26 0000000000000000 0000001000000000 0000000000000000
0000000000000400 27 0000000000000000 0000002000000000 0000000000000000
0000000000000400 28 0000000000000000 0000004000000000 0000000000000000
0000000000000400 29 0000000000000000 0000008000000000 0000000000000000
0000000000000400 30 0000000000000000 0000010000000000 0000000000000000
0000000000000400 31 0000000000000000 0000020000000000 0000000000000000
0000000000000400 32 0000000000000000 0000040000000000 0000000000000000
0000000000000400 33 0000000000000000 0000080000000000 0000000000000000
0000000000000400 34 0000000000000000 0000100000000000 0000000000000000
0000000000000400 35 0000000000000000 0000200000000000 0000000000000000
0000000000000400 36 0000000000000000 0000400000000000 0000000000000000
0000000000000400 37 0000000000000000 0000800000000000 0000000000000000
0000000000000400 38 0000000000000000 0001000000000000 0000000000000000
0000000000000400 39 0000000000000000 0002000000000000 0000000000000000
0000000000000400 40 0000000000000000 0004000000000000 0000000000000000
0000000000000400 41 0000000000000000 0008000000000000 0000000000000000
0000000000000400 42 0000000000000000 0010000000000000 0000000000000000
0000000000000400 43 0000000000000000 0020000000000000 0000000000000000
0000000000000400 44 0000000000000000 0040000000000000 0000000000000000
0000000000000400 45 0000000000000000 0080000000000000 0000000000000000
0000000000000400 46 0000000000000000 0100000000000000 0000000000000000
0000000000000400 47 0000000000000000 0200000000000000 0000000000000000
0000000000000400 48 0000000000000000 0400000000000000 0000000000000000
0000000000000400 49 0000000000000000 0800000000000000 0000000000000000
0000000000000400 50 0000000000000000 1000000000000000 0000000000000000
0000000000000400 51 0000000000000000 2000000000000000 0000000000000000
0000000000000400 52 0000000000000000 4000000000000000 0000000000000000
0000000000000400 53 0000000000000000 8000000000000000 0000000000000000
0000000000000400 54 0000000000000000 0000000000000000 0000000000000000
0000000000000400 55 0000000000000000 0000000000000000 0000000000000000
0000000000000400 56 0000000000000000 0000000000000000 0000000000000000
0000000000000400 57 0000000000000000 0000000000000000 0000000000000000
0000000000000400 58 0000000000000000 0000000000000000 0000000000000000
0000000000000400 59 0000000000000000 0000000000000000 0000000000000000
0000000000000400 60 0000000000000000 0000000000000000 0000000000000000
0000000000000400 61 0000000000000000 0000000000000000 0000000000000000
0000000000000400 62 0000000000000000 0000000000000000 0000000000000000
0000000000000400 63 0000000000000000 0000000000000000 0000000000000000
00000000000007ff 0 00000000000007ff 00000000000007ff 00000000000007ff
00000000000007ff 1 00000000000003ff 0000000000000ffe 00000000000003ff
00000000000007ff 2 00000000000001ff 0000000000001ffc 00000000000001ff
00000000000007ff 3 00000000000000ff 0000000000003ff8 00000000000000ff
00000000000007ff 4 000000000000007f 0000000000007ff0 000000000000007f
00000000000007ff 5 000000000000003f 000000000000ffe0 000000000000003f
00000000000007ff 6 000000000000001f 000000000001ffc0 000000000000001f
00000000000007ff 7 000000000000000f 000000000003ff80 000000000000000f
00000000000007ff 8 0000000000000007 000000000007ff00 0000000000000007
00000000000007ff 9 0000000000000003 00000000000ffe00 0000000000000003
00000000000007ff 10 0000000000000001 00000000001ffc00 0000000000000001
00000000000007ff 11 0000000000000000 00000000003ff800 0000000000000000
00000000000007ff 12 0000000000000000 00000000007ff000 0000000000000000
00000000000007ff 13 0000000000000000 0000000000ffe000 0000000000000000
00000000000007ff 14 0000000000000000 0000000001ffc000 0000000000000000
00000000000007ff 15 0000000000000000 0000000003ff8000 0000000000000000
00000000000007ff 16 0000000000000000 0000000007ff0000 0000000000000000
00000000000007ff 17 0000000000000000 000000000ffe0000 0000000000000000
00000000000007ff 18 0000000000000000 000000001ffc0000 0000000000000000
00000000000007ff 19 0000000000000000 000000003ff80000 0000000000000000
00000000000007ff 20 0000000000000000 000000007ff00000 0000000000000000
00000000000007ff 21 0000000000000000 00000000ffe00000 0000000000000000
00000000000007ff 22 0000000000000000 00000001ffc00000 0000000000000000
00000000000007ff 23 0000000000000000 00000003ff800000 0000000000000000
00000000000007ff 24 0000000000000000 00000007ff000000 0000000000000000
00000000000007ff 25 0000000000000000 0000000ffe000000 0000000000000000
00000000000007ff 26 0000000000000000 0000001ffc000000 0000000000000000
00000000000007ff 27 0000000000000000 0000003ff8000000 0000000000000000
00000000000007ff 28 0000000000000000 0000007ff0000000 0000000000000000
00000000000007ff 29 0000000000000000 000000ffe0000000 0000000000000000
00000000000007ff 30 0000000000000000 000001ffc0000000 0000000000000000
00000000000007ff 31 0000000000000000 000003ff80000000 0000000000000000
00000000000007ff 32 0000000000000000 000007ff00000000 0000000000000000
00000000000007ff 33 0000000000000000 00000ffe00000000 0000000000000000
00000000000007ff 34 0000000000000000 00001ffc00000000 0000000000000000
00000000000007ff 35 0000000000000000 00003ff800000000 0000000000000000
00000000000007ff 36 0000000000000000 00007ff000000000 0000000000000000
00000000000007ff 37 0000000000000000 0000ffe000000000 0000000000000000
00000000000007ff 38 0000000000000000 0001ffc000000000 0000000000000000
00000000000007ff 39 0000000000000000 0003ff8000000000 0000000000000000
00000000000007ff 40 0000000000000000 0007ff0000000000 0000000000000000
00000000000007ff 41 0000000000000000 000ffe0000000000 0000000000000000
00000000000007ff 42 0000000000000000 001ffc0000000000 0000000000000000
00000000000007ff 43 0000000000000000 003ff80000000000 0000000000000000
00000000000007ff 44 0000000000000000 007ff00000000000 0000000000000000
00000000000007ff 45 0000000000000000 00ffe00000000000 0000000000000000
00000000000007ff 46 0000000000000000 01ffc00000000000 0000000000000000
00000000000007ff 47 0000000000000000 03ff800000000000 0000000000000000
00000000000007ff 48 0000000000000000 07ff000000000000 0000000000000000
00000000000007ff 49 0000000000000000 0ffe000000000000 0000000000000000
00000000000007ff 50 0000000000000000 1ffc000000000000 0000000000000000
00000000000007ff 51 0000000000000000 3ff8000000000000 0000000000000000
00000000000007ff 52 0000000000000000 7ff0000000000000 0000000000000000
00000000000007ff 53 0000000000000000 ffe0000000000000 0000000000000000
00000000000007ff 54 0000000000000000 ffc0000000000000 0000000000000000
00000000000007ff 55 0000000000000000 ff80000000000000 0000000000000000
00000000000007ff 56 0000000000000000 ff00000000000000 0000000000000000
00000000000007ff 57 0000000000000000 fe00000000000000 0000000000000000
00000000000007ff 58 0000000000000000 fc00000000000000 0000000000000000
00000000000007ff 59 0000000000000000 f800000000000000 0000000000000000
00000000000007ff 60 0000000000000000 f000000000000000 0000000000000000
00000000000007ff 61 0000000000000000 e000000000000000 0000000000000000
00000000000007ff 62 0000000000000000 c000000000000000 0000000000000000
00000000000007ff 63 0000000000000000 8000000000000000 0000000000000000
0000000000000800 0 0000000000000800 0000000000000800 0000000000000800
0000000000000800 1 0000000000000400 0000000000001000 0000000000000400
0000000000000800 2 0000000000000200 0000000000002000 0000000000000200
0000000000000800 3 0000000000000100 0000000000004000 0000000000000100
0000000000000800 4 0000000000000080 0000000000008000 0000000000000080
0000000000000800 5 0000000000000040 0000000000010000 0000000000000040
0000000000000800 6 0000000000000020 0000000000020000 0000000000000020
0000000000000800 7 0000000000000010 0000000000040000 0000000000000010
0000000000000800 8 0000000000000008 0000000000080000 0000000000000008
0000000000000800 9 0000000000000004 0000000000100000 0000000000000004
0000000000000800 10 0000000000000002 0000000000200000 0000000000000002
0000000000000800 11 0000000000000001 0000000000400000 0000000000000001
0000000000000800 12 0000000000000000 0000000000800000 0000000000000000
0000000000000800 13 0000000000000000 0000000001000000 0000000000000000
0000000000000800 14 0000000000000000 0000000002000000 0000000000000000
0000000000000800 15 0000000000000000 0000000004000000 0000000000000000
0000000000000800 16 0000000000000000 0000000008000000 0000000000000000
0000000000000800 17 0000000000000000 0000000010000000 0000000000000000
0000000000000800 18 0000000000000000 0000000020000000 0000000000000000
0000000000000800 19 0000000000000000 0000000040000000 0000000000000000
0000000000000800 20 0000000000000000 0000000080000000 0000000000000000
0000000000000800 21 0000000000000000 0000000100000000 0000000000000000
0000000000000800 22 0000000000000000 0000000200000000 0000000000000000
0000000000000800 23 0000000000000000 0000000400000000 0000000000000000
0000000000000800 24 0000000000000000 0000000800000000 0000000000000000
0000000000000800 25 0000000000000000 0000001000000000 0000000000000000
0000000000000800 26 0000000000000000 0000002000000000 0000000000000000
0000000000000800 27 0000000000000000 0000004000000000 0000000000000000
0000000000000800 28 0000000000000000 0000008000000000 0000000000000000
0000000000000800 29 0000000000000000 0000010000000000 0000000000000000
0000000000000800 30 0000000000000000 0000020000000000 0000000000000000
0000000000000800 31 0000000000000000 0000040000000000 0000000000000000
0000000000000800 32 0000000000000000 0000080000000000 0000000000000000
0000000000000800 33 0000000000000000 0000100000000000 0000000000000000
0000000000000800 34 0000000000000000 0000200000000000 0000000000000000
0000000000000800 35 0000000000000000 0000400000000000 0000000000000000
0000000000000800 36 0000000000000000 0000800000000000 0000000000000000
0000000000000800 37 0000000000000000 0001000000000000 0000000000000000
0000000000000800 38 0000000000000000 0002000000000000 0000000000000000
0000000000000800 39 0000000000000000 0004000000000000 0000000000000000
0000000000000800 40 0000000000000000 0008000000000000 0000000000000000
0000000000000800 41 0000000000000000 0010000000000000 0000000000000000
0000000000000800 42 0000000000000000 0020000000000000 0000000000000000
0000000000000800 43 0000000000000000 0040000000000000 0000000000000000
0000000000000800 44 0000000000000000 0080000000000000 0000000000000000
0000000000000800 45 0000000000000000 0100000000000000 0000000000000000
0000000000000800 46 0000000000000000 0200000000000000 0000000000000000
0000000000000800 47 0000000000000000 0400000000000000 0000000000000000
0000000000000800 48 0000000000000000 0800000000000000 0000000000000000
0000000000000800 49 0000000000000000 1000000000000000 0000000000000000
0000000000000800 50 0000000000000000 2000000000000000 0000000000000000
0000000000000800 51 0000000000000000 4000000000000000 0000000000000000
0000000000000800 52 0000000000000000 8000000000000000 0000000000000000
0000000000000800 53 0000000000000000 0000000000000000 0000000000000000
0000000000000800 54 0000000000000000 0000000000000000 0000000000000000
0000000000000800 55 0000000000000000 0000000000000000 0000000000000000
0000000000000800 56 0000000000000000 0000000000000000 0000000000000000
0000000000000800 57 0000000000000000 0000000000000000 0000000000000000
0000000000000800 58 0000000000000000 0000000000000000 0000000000000000
0000000000000800 59 0000000000000000 0000000000000000 0000000000000000
0000000000000800 60 0000000000000000 0000000000000000 0000000000000000
0000000000000800 61 0000000000000000 0000000000000000 0000000000000000
0000000000000800 62 0000000000000000 0000000000000000 0000000000000000
0000000000000800 63 0000000000000000 0000000000000000 0000000000000000
0000000000000fff 0 0000000000000fff 0000000000000fff 0000000000000fff
0000000000000fff 1 00000000000007ff 0000000000001ffe 00000000000007ff
0000000000000fff 2 00000000000003ff 0000000000003ffc 00000000000003ff
0000000000000fff 3 00000000000001ff 0000000000007ff8 00000000000001ff
0000000000000fff 4 00000000000000ff 000000000000fff0 00000000000000ff
0000000000000fff 5 000000000000007f 000000000001ffe0 000000000000007f
0000000000000fff 6 000000000000003f 000000000003ffc0 000000000000003f
0000000000000fff 7 000000000000001f 000000000007ff80 000000000000001f
0000000000000fff 8 000000000000000f 00000000000fff00 000000000000000f
0000000000000fff 9 0000000000000007 00000000001ffe00 0000000000000007
0000000000000fff 10 0000000000000003 00000000003ffc00 0000000000000003
0000000000000fff 11 0000000000000001 00000000007ff800 0000000000000001
0000000000000fff 12 0000000000000000 0000000000fff000 0000000000000000
0000000000000fff 13 0000000000000000 0000000001ffe000 0000000000000000
0000000000000fff 14 0000000000000000 0000000003ffc000 0000000000000000
0000000000000fff 15 0000000000000000 0000000007ff8000 0000000000000000
0000000000000fff 16 0000000000000000 000000000fff0000 0000000000000000
0000000000000fff 17 0000000000000000 000000001ffe0000 0000000000000000
0000000000000fff 18 0000000000000000 000000003ffc0000 0000000000000000
0000000000000fff 19 0000000000000000 000000007ff80000 0000000000000000
0000000000000fff 20 0000000000000000 00000000fff00000 0000000000000000
0000000000000fff 21 0000000000000000 00000001ffe00000 0000000000000000
0000000000000fff 22 0000000000000000 00000003ffc00000 0000000000000000
0000000000000fff 23 0000000000000000 00000007ff800000 0000000000000000
0000000000000fff 24 0000000000000000 0000000fff000000 0000000000000000
0000000000000fff 25 0000000000000000 0000001ffe000000 0000000000000000
0000000000000fff 26 0000000000000000 0000003ffc000000 0000000000000000
0000000000000fff 27 0000000000000000 0000007ff8000000 0000000000000000
0000000000000fff 28 0000000000000000 000000fff0000000 0000000000000000
0000000000000fff 29 0000000000000000 000001ffe0000000 0000000000000000
0000000000000fff 30 0000000000000000 000003ffc0000000 0000000000000000
0000000000000fff 31 0000000000000000 000007ff80000000 0000000000000000
0000000000000fff 32 0000000000000000 00000fff00000000 0000000000000000
0000000000000fff 33 0000000000000000 00001ffe00000000 0000000000000000
0000000000000fff 34 0000000000000000 00003ffc00000000 0000000000000000
0000000000000fff 35 0000000000000000 00007ff800000000 0000000000000000
0000000000000fff 36 0000000000000000 0000fff000000000 0000000000000000
0000000000000fff 37 0000000000000000 0001ffe000000000 0000000000000000
0000000000000fff 38 0000000000000000 0003ffc000000000 0000000000000000
0000000000000fff 39 0000000000000000 0007ff8000000000 0000000000000000
0000000000000fff 40 0000000000000000 000fff0000000000 0000000000000000
0000000000000fff 41 0000000000000000 001ffe0000000000 0000000000000000
0000000000000fff 42 0000000000000000 003ffc0000000000 0000000000000000
0000000000000fff 43 0000000000000000 007ff80000000000 0000000000000000
0000000000000fff 44 0000000000000000 00fff00000000000 0000000000000000
0000000000000fff 45 0000000000000000 01ffe00000000000 0000000000000000
0000000000000fff 46 0000000000000000 03ffc00000000000 0000000000000000
0000000000000fff 47 0000000000000000 07ff800000000000 0000000000000000
0000000000000fff 48 0000000000000000 0fff000000000000 0000000000000000
0000000000000fff 49 0000000000000000 1ffe000000000000 0000000000000000
0000000000000fff 50 0000000000000000 3ffc000000000000 0000000000000000
0000000000000fff 51 0000000000000000 7ff8000000000000 0000000000000000
0000000000000fff 52 0000000000000000 fff0000000000000 0000000000000000
0000000000000fff 53 0000000000000000 ffe0000000000000 0000000000000000
0000000000000fff 54 0000000000000000 ffc0000000000000 0000000000000000
0000000000000fff 55 0000000000000000 ff80000000000000 0000000000000000
0000000000000fff 56 0000000000000000 ff00000000000000 0000000000000000
0000000000000fff 57 0000000000000000 fe00000000000000 0000000000000000
0000000000000fff 58 0000000000000000 fc00000000000000 0000000000000000
0000000000000fff 59 0000000000000000 f800000000000000 0000000000000000
0000000000000fff 60 0000000000000000 f000000000000000 0000000000000000
0000000000000fff 61 0000000000000000 e000000000000000 0000000000000000
0000000000000fff 62 0000000000000000 c000000000000000 0000000000000000
0000000000000fff 63 0000000000000000 8000000000000000 0000000000000000
0000000000001000 0 0000000000001000 0000000000001000 0000000000001000
0000000000001000 1 0000000000000800 0000000000002000 0000000000000800
0000000000001000 2 0000000000000400 0000000000004000 0000000000000400
0000000000001000 3 0000000000000200 0000000000008000 0000000000000200
0000000000001000 4 0000000000000100 0000000000010000 0000000000000100
0000000000001000 5 0000000000000080 0000000000020000 0000000000000080
0000000000001000 6 0000000000000040 0000000000040000 0000000000000040
0000000000001000 7 0000000000000020 0000000000080000 0000000000000020
0000000000001000 8 0000000000000010 0000000000100000 0000000000000010
0000000000001000 9 0000000000000008 0000000000200000 0000000000000008
0000000000001000 10 0000000000000004 0000000000400000 0000000000000004
0000000000001000 11 0000000000000002 0000000000800000 0000000000000002
0000000000001000 12 0000000000000001 0000000001000000 0000000000000001
0000000000001000 13 0000000000000000 0000000002000000 0000000000000000
0000000000001000 14 0000000000000000 0000000004000000 0000000000000000
0000000000001000 15 0000000000000000 0000000008000000 0000000000000000
0000000000001000 16 0000000000000000 0000000010000000 0000000000000000
0000000000001000 17 0000000000000000 0000000020000000 0000000000000000
0000000000001000 18 0000000000000000 0000000040000000 0000000000000000
0000000000001000 19 0000000000000000 0000000080000000 0000000000000000
0000000000001000 20 0000000000000000 0000000100000000 0000000000000000
0000000000001000 21 0000000000000000 0000000200000000 0000000000000000
0000000000001000 22 0000000000000000 0000000400000000 0000000000000000
0000000000001000 23 0000000000000000 0000000800000000 0000000000000000
0000000000001000 24 0000000000000000 0000001000000000 0000000000000000
0000000000001000 25 0000000000000000 0000002000000000 0000000000000000
0000000000001000 26 0000000000000000 0000004000000000 0000000000000000
0000000000001000 27 0000000000000000 0000008000000000 0000000000000000
0000000000001000 28 0000000000000000 0000010000000000 0000000000000000
0000000000001000 29 0000000000000000 0000020000000000 0000000000000000
0000000000001000 30 0000000000000000 0000040000000000 0000000000000000
0000000000001000 31 0000000000000000 0000080000000000 0000000000000000
0000000000001000 32 0000000000000000 0000100000000000 0000000000000000
0000000000001000 33 0000000000000000 0000200000000000 0000000000000000
0000000000001000 34 0000000000000000 0000400000000000 0000000000000000
0000000000001000 35 0000000000000000 0000800000000000 0000000000000000
0000000000001000 36 0000000000000000 0001000000000000 0000000000000000
0000000000001000 37 0000000000000000 0002000000000000 0000000000000000
0000000000001000 38 0000000000000000 0004000000000000 0000000000000000
0000000000001000 39 0000000000000000 0008000000000000 0000000000000000
0000000000001000 40 0000000000000000 0010000000000000 0000000000000000
0000000000001000 41 0000000000000000 0020000000000000 0000000000000000
0000000000001000 42 0000000000000000 0040000000000000 0000000000000000
0000000000001000 43 0000000000000000 0080000000000000 0000000000000000
0000000000001000 44 0000000000000000 0100000000000000 0000000000000000
0000000000001000 45 0000000000000000 0200000000000000 0000000000000000
0000000000001000 46 0000000000000000 0400000000000000 0000000000000000
0000000000001000 47 0000000000000000 0800000000000000 0000000000000000
0000000000001000 48 0000000000000000 1000000000000000 0000000000000000
0000000000001000 49 0000000000000000 2000000000000000 0000000000000000
0000000000001000 50 0000000000000000 4000000000000000 0000000000000000
0000000000001000 51 0000000000000000 8000000000000000 0000000000000000
0000000000001000 52 0000000000000000 0000000000000000 0000000000000000
0000000000001000 53 0000000000000000 0000000000000000 0000000000000000
0000000000001000 54 0000000000000000 0000000000000000 0000000000000000
0000000000001000 55 0000000000000000 0000000000000000 0000000000000000
0000000000001000 56 0000000000000000 0000000000000000 0000000000000000
0000000000001000 57 0000000000000000 0000000000000000 0000000000000000
0000000000001000 58 0000000000000000 0000000000000000 0000000000000000
0000000000001000 59 0000000000000000 0000000000000000 0000000000000000
0000000000001000 60 0000000000000000 0000000000000000 0000000000000000
0000000000001000 61 0000000000000000 0000000000000000 0000000000000000
0000000000001000 62 0000000000000000 0000000000000000 0000000000000000
0000000000001000 63 0000000000000000 0000000000000000 0000000000000000
0000000000001fff 0 0000000000001fff 0000000000001fff 0000000000001fff
0000000000001fff 1 0000000000000fff 0000000000003ffe 0000000000000fff
0000000000001fff 2 00000000000007ff 0000000000007ffc 00000000000007ff
0000000000001fff 3 00000000000003ff 000000000000fff8 00000000000003ff
0000000000001fff 4 00000000000001ff 000000000001fff0 00000000000001ff
0000000000001fff 5 00000000000000ff 000000000003ffe0 00000000000000ff
0000000000001fff 6 000000000000007f 000000000007ffc0 000000000000007f
0000000000001fff 7 000000000000003f 00000000000fff80 000000000000003f
0000000000001fff 8 000000000000001f 00000000001fff00 000000000000001f
0000000000001fff 9 000000000000000f 00000000003ffe00 000000000000000f
0000000000001fff 10 0000000000000007 00000000007ffc00 0000000000000007
0000000000001fff 11 0000000000000003 0000000000fff800 0000000000000003
0000000000001fff 12 0000000000000001 0000000001fff000 0000000000000001
0000000000001fff 13 0000000000000000 0000000003ffe000 0000000000000000
0000000000001fff 14 0000000000000000 0000000007ffc000 0000000000000000
0000000000001fff 15 0000000000000000 000000000fff8000 0000000000000000
0000000000001fff 16 0000000000000000 000000001fff0000 0000000000000000
0000000000001fff 17 0000000000000000 000000003ffe0000 0000000000000000
0000000000001fff 18 0000000000000000 000000007ffc0000 0000000000000000
0000000000001fff 19 0000000000000000 00000000fff80000 0000000000000000
0000000000001fff 20 0000000000000000 00000001fff00000 0000000000000000
0000000000001fff 21 0000000000000000 00000003ffe00000 0000000000000000
0000000000001fff 22 0000000000000000 00000007ffc00000 0000000000000000
0000000000001fff 23 0000000000000000 0000000fff800000 0000000000000000
0000000000001fff 24 0000000000000000 0000001fff000000 0000000000000000
0000000000001fff 25 0000000000000000 0000003ffe000000 0000000000000000
0000000000001fff 26 0000000000000000 0000007ffc000000 0000000000000000
0000000000001fff 27 0000000000000000 000000fff8000000 0000000000000000
0000000000001fff 28 0000000000000000 000001fff0000000 0000000000000000
0000000000001fff 29 0000000000000000 000003ffe0000000 0000000000000000
0000000000001fff 30 0000000000000000 000007ffc0000000 0000000000000000
0000000000001fff 31 0000000000000000 00000fff80000000 0000000000000000
0000000000001fff 32 0000000000000000 00001fff00000000 0000000000000000
0000000000001fff 33 0000000000000000 00003ffe00000000 0000000000000000
0000000000001fff 34 0000000000000000 00007ffc00000000 0000000000000000
0000000000001fff 35 0000000000000000 0000fff800000000 0000000000000000
0000000000001fff 36 0000000000000000 0001fff000000000 0000000000000000
0000000000001fff 37 0000000000000000 0003ffe000000000 0000000000000000
0000000000001fff 38 0000000000000000 0007ffc000000000 0000000000000000
0000000000001fff 39 0000000000000000 000fff8000000000 0000000000000000
0000000000001fff 40 0000000000000000 001fff0000000000 0000000000000000
0000000000001fff 41 0000000000000000 003ffe0000000000 0000000000000000
0000000000001fff 42 0000000000000000 007ffc0000000000 0000000000000000
0000000000001fff 43 0000000000000000 00fff80000000000 0000000000000000
0000000000001fff 44 0000000000000000 01fff00000000000 0000000000000000
0000000000001fff 45 0000000000000000 03ffe00000000000 0000000000000000
0000000000001fff 46 0000000000000000 07ffc00000000000 0000000000000000
0000000000001fff 47 0000000000000000 0fff800000000000 0000000000000000
0000000000001fff 48 0000000000000000 1fff000000000000 0000000000000000
0000000000001fff 49 0000000000000000 3ffe000000000000 0000000000000000
0000000000001fff 50 0000000000000000 7ffc000000000000 0000000000000000
0000000000001fff 51 0000000000000000 fff8000000000000 0000000000000000
0000000000001fff 52 0000000000000000 fff0000000000000 0000000000000000
0000000000001fff 53 0000000000000000 ffe0000000000000 0000000000000000
0000000000001fff 54 0000000000000000 ffc0000000000000 0000000000000000
0000000000001fff 55 0000000000000000 ff80000000000000 0000000000000000
0000000000001fff 56 0000000000000000 ff00000000000000 0000000000000000
0000000000001fff 57 0000000000000000 fe00000000000000 0000000000000000
0000000000001fff 58 0000000000000000 fc00000000000000 0000000000000000
0000000000001fff 59 0000000000000000 f800000000000000 0000000000000000
0000000000001fff 60 0000000000000000 f000000000000000 0000000000000000
0000000000001fff 61 0000000000000000 e000000000000000 0000000000000000
0000000000001fff 62 0000000000000000 c000000000000000 0000000000000000
0000000000001fff 63 0000000000000000 8000000000000000 0000000000000000
0000000000002000 0 0000000000002000 0000000000002000 0000000000002000
0000000000002000 1 0000000000001000 0000000000004000 0000000000001000
0000000000002000 2 0000000000000800 0000000000008000 0000000000000800
0000000000002000 3 0000000000000400 0000000000010000 0000000000000400
0000000000002000 4 0000000000000200 0000000000020000 0000000000000200
0000000000002000 5 0000000000000100 0000000000040000 0000000000000100
0000000000002000 6 0000000000000080 0000000000080000 0000000000000080
0000000000002000 7 0000000000000040 0000000000100000 0000000000000040
0000000000002000 8 0000000000000020 0000000000200000 0000000000000020
0000000000002000 9 0000000000000010 0000000000400000 0000000000000010
0000000000002000 10 0000000000000008 0000000000800000 0000000000000008
0000000000002000 11 0000000000000004 0000000001000000 0000000000000004
0000000000002000 12 0000000000000002 0000000002000000 0000000000000002
0000000000002000 13 0000000000000001 0000000004000000 0000000000000001
0000000000002000 14 0000000000000000 0000000008000000 0000000000000000
0000000000002000 15 0000000000000000 0000000010000000 0000000000000000
0000000000002000 16 0000000000000000 0000000020000000 0000000000000000
0000000000002000 17 0000000000000000 0000000040000000 0000000000000000
0000000000002000 18 0000000000000000 0000000080000000 0000000000000000
0000000000002000 19 0000000000000000 0000000100000000 0000000000000000
0000000000002000 20 0000000000000000 0000000200000000 0000000000000000
0000000000002000 21 0000000000000000 0000000400000000 0000000000000000
0000000000002000 22 0000000000000000 0000000800000000 0000000000000000
0000000000002000 23 0000000000000000 0000001000000000 0000000000000000
0000000000002000 24 0000000000000000 0000002000000000 0000000000000000
0000000000002000 25 0000000000000000 0000004000000000 0000000000000000
0000000000002000 26 0000000000000000 0000008000000000 0000000000000000
0000000000002000 27 0000000000000000 0000010000000000 0000000000000000
0000000000002000 28 0000000000000000 0000020000000000 0000000000000000
0000000000002000 29 0000000000000000 0000040000000000 0000000000000000
0000000000002000 30 0000000000000000 0000080000000000 0000000000000000
0000000000002000 31 0000000000000000 0000100000000000 0000000000000000
0000000000002000 32 0000000000000000 0000200000000000 0000000000000000
0000000000002000 33 0000000000000000 0000400000000000 0000000000000000
0000000000002000 34 0000000000000000 0000800000000000 0000000000000000
0000000000002000 35 0000000000000000 0001000000000000 0000000000000000
0000000000002000 36 0000000000000000 0002000000000000 0000000000000000
0000000000002000 37 0000000000000000 0004000000000000 0000000000000000
0000000000002000 38 0000000000000000 0008000000000000 0000000000000000
0000000000002000 39 0000000000000000 0010000000000000 0000000000000000
0000000000002000 40 0000000000000000 0020000000000000 0000000000000000
0000000000002000 41 0000000000000000 0040000000000000 0000000000000000
0000000000002000 42 0000000000000000 0080000000000000 0000000000000000
0000000000002000 43 0000000000000000 0100000000000000 0000000000000000
0000000000002000 44 0000000000000000 0200000000000000 0000000000000000
0000000000002000 45 0000000000000000 0400000000000000 0000000000000000
0000000000002000 46 0000000000000000 0800000000000000 0000000000000000
0000000000002000 47 0000000000000000 1000000000000000 0000000000000000
0000000000002000 48 0000000000000000 2000000000000000 0000000000000000
0000000000002000 49 0000000000000000 4000000000000000 0000000000000000
0000000000002000 50 0000000000000000 8000000000000000 0000000000000000
0000000000002000 51 0000000000000000 0000000000000000 0000000000000000
0000000000002000 52 0000000000000000 0000000000000000 0000000000000000
0000000000002000 53 0000000000000000 0000000000000000 0000000000000000
0000000000002000 54 0000000000000000 0000000000000000 0000000000000000
0000000000002000 55 0000000000000000 0000000000000000 0000000000000000
0000000000002000 56 0000000000000000 0000000000000000 0000000000000000
0000000000002000 57 0000000000000000 0000000000000000 0000000000000000
0000000000002000 58 0000000000000000 0000000000000000 0000000000000000
0000000000002000 59 0000000000000000 0000000000000000 0000000000000000
0000000000002000 60 0000000000000000 0000000000000000 0000000000000000
0000000000002000 61 0000000000000000 0000000000000000 0000000000000000
0000000000002000 62 0000000000000000 0000000000000000 0000000000000000
0000000000002000 63 0000000000000000 0000000000000000 0000000000000000
0000000000003fff 0 0000000000003fff 0000000000003fff 0000000000003fff
0000000000003fff 1 0000000000001fff 0000000000007ffe 0000000000001fff
0000000000003fff 2 0000000000000fff 000000000000fffc 0000000000000fff
0000000000003fff 3 00000000000007ff 000000000001fff8 00000000000007ff
0000000000003fff 4 00000000000003ff 000000000003fff0 00000000000003ff
0000000000003fff 5 00000000000001ff 000000000007ffe0 00000000000001ff
0000000000003fff 6 00000000000000ff 00000000000fffc0 00000000000000ff
0000000000003fff 7 000000000000007f 00000000001fff80 000000000000007f
0000000000003fff 8 000000000000003f 00000000003fff00 000000000000003f
0000000000003fff 9 000000000000001f 00000000007ffe00 000000000000001f
0000000000003fff 10 000000000000000f 0000000000fffc00 000000000000000f
0000000000003fff 11 0000000000000007 0000000001fff800 0000000000000007
0000000000003fff 12 0000000000000003 0000000003fff000 0000000000000003
0000000000003fff 13 0000000000000001 0000000007ffe000 0000000000000001
0000000000003fff 14 0000000000000000 000000000fffc000 0000000000000000
0000000000003fff 15 0000000000000000 000000001fff8000 0000000000000000
0000000000003fff 16 0000000000000000 000000003fff0000 0000000000000000
0000000000003fff 17 0000000000000000 000000007ffe0000 0000000000000000
0000000000003fff 18 0000000000000000 00000000fffc0000 0000000000000000
0000000000003fff 19 0000000000000000 00000001fff80000 0000000000000000
0000000000003fff 20 0000000000000000 00000003fff00000 0000000000000000
0000000000003fff 21 0000000000000000 00000007ffe00000 0000000000000000
0000000000003fff 22 0000000000000000 0000000fffc00000 0000000000000000
0000000000003fff 23 0000000000000000 0000001fff800000 0000000000000000
0000000000003fff 24 0000000000000000 0000003fff000000 0000000000000000
0000000000003fff 25 0000000000000000 0000007ffe000000 0000000000000000
0000000000003fff 26 0000000000000000 000000fffc000000 0000000000000000
0000000000003fff 27 0000000000000000 000001fff8000000 0000000000000000
0000000000003fff 28 0000000000000000 000003fff0000000 0000000000000000
0000000000003fff 29 0000000000000000 000007ffe0000000 0000000000000000
0000000000003fff 30 0000000000000000 00000fffc0000000 0000000000000000
0000000000003fff 31 0000000000000000 00001fff80000000 0000000000000000
0000000000003fff 32 0000000000000000 00003fff00000000 0000000000000000
0000000000003fff 33 0000000000000000 00007ffe00000000 0000000000000000
0000000000003fff 34 0000000000000000 0000fffc00000000 0000000000000000
0000000000003fff 35 0000000000000000 0001fff800000000 0000000000000000
0000000000003fff 36 0000000000000000 0003fff000000000 0000000000000000
0000000000003fff 37 0000000000000000 0007ffe000000000 0000000000000000
0000000000003fff 38 0000000000000000 000fffc000000000 0000000000000000
0000000000003fff 39 0000000000000000 001fff8000000000 0000000000000000
0000000000003fff 40 0000000000000000 003fff0000000000 0000000000000000
0000000000003fff 41 0000000000000000 007ffe0000000000 0000000000000000
0000000000003fff 42 0000000000000000 00fffc0000000000 0000000000000000
0000000000003fff 43 0000000000000000 01fff80000000000 0000000000000000
0000000000003fff 44 0000000000000000 03fff00000000000 0000000000000000
0000000000003fff 45 0000000000000000 07ffe00000000000 0000000000000000
0000000000003fff 46 0000000000000000 0fffc00000000000 0000000000000000
0000000000003fff 47 0000000000000000 1fff800000000000 0000000000000000
0000000000003fff 48 0000000000000000 3fff000000000000 0000000000000000
0000000000003fff 49 0000000000000000 7ffe000000000000 0000000000000000
0000000000003fff 50 0000000000000000 fffc000000000000 0000000000000000
0000000000003fff 51 0000000000000000 fff8000000000000 0000000000000000
0000000000003fff 52 0000000000000000 fff0000000000000 0000000000000000
0000000000003fff 53 0000000000000000 ffe0000000000000 0000000000000000
0000000000003fff 54 0000000000000000 ffc0000000000000 0000000000000000
0000000000003fff 55 0000000000000000 ff80000000000000 0000000000000000
0000000000003fff 56 0000000000000000 ff00000000000000 0000000000000000
0000000000003fff 57 0000000000000000 fe00000000000000 0000000000000000
0000000000003fff 58 0000000000000000 fc00000000000000 0000000000000000
0000000000003fff 59 0000000000000000 f800000000000000 0000000000000000
0000000000003fff 60 0000000000000000 f000000000000000 0000000000000000
0000000000003fff 61 0000000000000000 e000000000000000 0000000000000000
0000000000003fff 62 0000000000000000 c000000000000000 0000000000000000
0000000000003fff 63 0000000000000000 8000000000000000 0000000000000000
0000000000004000 0 0000000000004000 0000000000004000 0000000000004000
0000000000004000 1 0000000000002000 0000000000008000 0000000000002000
0000000000004000 2 0000000000001000 0000000000010000 0000000000001000
0000000000004000 3 0000000000000800 0000000000020000 0000000000000800
0000000000004000 4 0000000000000400 0000000000040000 0000000000000400
0000000000004000 5 0000000000000200 0000000000080000 0000000000000200
0000000000004000 6 0000000000000100 0000000000100000 0000000000000100
0000000000004000 7 0000000000000080 0000000000200000 0000000000000080
0000000000004000 8 0000000000000040 0000000000400000 0000000000000040
0000000000004000 9 0000000000000020 0000000000800000 0000000000000020
0000000000004000 10 0000000000000010 0000000001000000 0000000000000010
0000000000004000 11 0000000000000008 0000000002000000 0000000000000008
0000000000004000 12 0000000000000004 0000000004000000 0000000000000004
0000000000004000 13 0000000000000002 0000000008000000 0000000000000002
0000000000004000 14 0000000000000001 0000000010000000 0000000000000001
0000000000004000 15 0000000000000000 0000000020000000 0000000000000000
0000000000004000 16 0000000000000000 0000000040000000 0000000000000000
0000000000004000 17 0000000000000000 0000000080000000 0000000000000000
0000000000004000 18 0000000000000000 0000000100000000 0000000000000000
0000000000004000 19 0000000000000000 0000000200000000 0000000000000000
0000000000004000 20 0000000000000000 0000000400000000 0000000000000000
0000000000004000 21 0000000000000000 0000000800000000 0000000000000000
0000000000004000 22 0000000000000000 0000001000000000 0000000000000000
0000000000004000 23 0000000000000000 0000002000000000 0000000000000000
0000000000004000 24 0000000000000000 0000004000000000 0000000000000000
0000000000004000 25 0000000000000000 0000008000000000 0000000000000000
0000000000004000 26 0000000000000000 0000010000000000 0000000000000000
0000000000004000 27 0000000000000000 0000020000000000 0000000000000000
0000000000004000 28 0000000000000000 0000040000000000 0000000000000000
0000000000004000 29 0000000000000000 0000080000000000 0000000000000000
0000000000004000 30 0000000000000000 0000100000000000 0000000000000000
0000000000004000 31 0000000000000000 0000200000000000 0000000000000000
0000000000004000 32 0000000000000000 0000400000000000 0000000000000000
0000000000004000 33 0000000000000000 0000800000000000 0000000000000000
0000000000004000 34 0000000000000000 0001000000000000 0000000000000000
0000000000004000 35 0000000000000000 0002000000000000 0000000000000000
0000000000004000 36 0000000000000000 0004000000000000 0000000000000000
0000000000004000 37 0000000000000000 0008000000000000 0000000000000000
0000000000004000 38 0000000000000000 0010000000000000 0000000000000000
0000000000004000 39 0000000000000000 0020000000000000 0000000000000000
0000000000004000 40 0000000000000000 0040000000000000 0000000000000000
0000000000004000 41 0000000000000000 0080000000000000 0000000000000000
0000000000004000 42 0000000000000000 0100000000000000 0000000000000000
0000000000004000 43 0000000000000000 0200000000000000 0000000000000000
0000000000004000 44 0000000000000000 0400000000000000 0000000000000000
0000000000004000 45 0000000000000000 0800000000000000 0000000000000000
0000000000004000 46 0000000000000000 1000000000000000 0000000000000000
0000000000004000 47 0000000000000000 2000000000000000 0000000000000000
0000000000004000 48 0000000000000000 4000000000000000 0000000000000000
0000000000004000 49 0000000000000000 8000000000000000 0000000000000000
0000000000004000 50 0000000000000000 0000000000000000 0000000000000000
0000000000004000 51 0000000000000000 0000000000000000 0000000000000000
0000000000004000 52 0000000000000000 0000000000000000 0000000000000000
0000000000004000 53 0000000000000000 0000000000000000 0000000000000000
0000000000004000 54 0000000000000000 0000000000000000 0000000000000000
0000000000004000 55 0000000000000000 0000000000000000 0000000000000000
0000000000004000 56 0000000000000000 0000000000000000 0000000000000000
0000000000004000 57 0000000000000000 0000000000000000 0000000000000000
0000000000004000 58 0000000000000000 0000000000000000 0000000000000000
0000000000004000 59 0000000000000000 0000000000000000 0000000000000000
0000000000004000 60 0000000000000000 0000000000000000 0000000000000000
0000000000004000 61 0000000000000000 0000000000000000 0000000000000000
0000000000004000 62 0000000000000000 0000000000000000 0000000000000000
0000000000004000 63 0000000000000000 0000000000000000 0000000000000000
0000000000007fff 0 0000000000007fff 0000000000007fff 0000000000007fff
0000000000007fff 1 0000000000003fff 000000000000fffe 0000000000003fff
0000000000007fff 2 0000000000001fff 000000000001fffc 0000000000001fff
0000000000007fff 3 0000000000000fff 000000000003fff8 0000000000000fff
0000000000007fff 4 00000000000007ff 000000000007fff0 00000000000007ff
0000000000007fff 5 00000000000003ff 00000000000fffe0 00000000000003ff
0000000000007fff 6 00000000000001ff 00000000001fffc0 00000000000001ff
0000000000007fff 7 00000000000000ff 00000000003fff80 00000000000000ff
0000000000007fff 8 000000000000007f 00000000007fff00 000000000000007f
0000000000007fff 9 000000000000003f 0000000000fffe00 000000000000003f
0000000000007fff 10 000000000000001f 0000000001fffc00 000000000000001f
0000000000007fff 11 000000000000000f 0000000003fff800 000000000000000f
0000000000007fff 12 0000000000000007 0000000007fff000 0000000000000007
0000000000007fff 13 0000000000000003 000000000fffe000 0000000000000003
0000000000007fff 14 0000000000000001 000000001fffc000 0000000000000001
0000000000007fff 15 0000000000000000 000000003fff8000 0000000000000000
0000000000007fff 16 0000000000000000 000000007fff0000 0000000000000000
0000000000007fff 17 0000000000000000 00000000fffe0000 0000000000000000
0000000000007fff 18 0000000000000000 00000001fffc0000 0000000000000000
0000000000007fff 19 0000000000000000 00000003fff80000 0000000000000000
0000000000007fff 20 0000000000000000 00000007fff00000 0000000000000000
0000000000007fff 21 0000000000000000 0000000fffe00000 0000000000000000
0000000000007fff 22 0000000000000000 0000001fffc00000 0000000000000000
0000000000007fff 23 0000000000000000 0000003fff800000 0000000000000000
0000000000007fff 24 0000000000000000 0000007fff000000 0000000000000000
0000000000007fff 25 0000000000000000 000000fffe000000 0000000000000000
0000000000007fff 26 0000000000000000 000001fffc000000 0000000000000000
0000000000007fff 27 0000000000000000 000003fff8000000 0000000000000000
0000000000007fff 28 0000000000000000 000007fff0000000 0000000000000000
0000000000007fff 29 0000000000000000 00000fffe0000000 0000000000000000
0000000000007fff 30 0000000000000000 00001fffc0000000 0000000000000000
0000000000007fff 31 0000000000000000 00003fff80000000 0000000000000000
0000000000007fff 32 0000000000000000 00007fff00000000 0000000000000000
0000000000007fff 33 0000000000000000 0000fffe00000000 0000000000000000
0000000000007fff 34 0000000000000000 0001fffc00000000 0000000000000000
0000000000007fff 35 0000000000000000 0003fff800000000 0000000000000000
0000000000007fff 36 0000000000000000 0007fff000000000 0000000000000000
0000000000007fff 37 0000000000000000 000fffe000000000 0000000000000000
0000000000007fff 38 0000000000000000 001fffc000000000 0000000000000000
0000000000007fff 39 0000000000000000 003fff8000000000 0000000000000000
0000000000007fff 40 0000000000000000 007fff0000000000 0000000000000000
0000000000007fff 41 0000000000000000 00fffe0000000000 0000000000000000
0000000000007fff 42 0000000000000000 01fffc0000000000 0000000000000000
0000000000007fff 43 0000000000000000 03fff80000000000 0000000000000000
0000000000007fff 44 0000000000000000 07fff00000000000 0000000000000000
0000000000007fff 45 0000000000000000 0fffe00000000000 0000000000000000
0000000000007fff 46 0000000000000000 1fffc00000000000 0000000000000000
0000000000007fff 47 0000000000000000 3fff800000000000 0000000000000000
0000000000007fff 48 0000000000000000 7fff000000000000 0000000000000000
0000000000007fff 49 0000000000000000 fffe000000000000 0000000000000000
0000000000007fff 50 0000000000000000 fffc000000000000 0000000000000000
0000000000007fff 51 0000000000000000 fff8000000000000 0000000000000000
0000000000007fff 52 0000000000000000 fff0000000000000 0000000000000000
0000000000007fff 53 0000000000000000 ffe0000000000000 0000000000000000
0000000000007fff 54 0000000000000000 ffc0000000000000 0000000000000000
0000000000007fff 55 0000000000000000 ff80000000000000 0000000000000000
0000000000007fff 56 0000000000000000 ff00000000000000 0000000000000000
0000000000007fff 57 0000000000000000 fe00000000000000 0000000000000000
0000000000007fff 58 0000000000000000 fc00000000000000 0000000000000000
0000000000007fff 59 0000000000000000 f800000000000000 0000000000000000
0000000000007fff 60 0000000000000000 f000000000000000 0000000000000000
0000000000007fff 61 0000000000000000 e000000000000000 0000000000000000
0000000000007fff 62 0000000000000000 c000000000000000 0000000000000000
0000000000007fff 63 0000000000000000 8000000000000000 0000000000000000
0000000000008000 0 0000000000008000 0000000000008000 0000000000008000
0000000000008000 1 0000000000004000 0000000000010000 0000000000004000
0000000000008000 2 0000000000002000 0000000000020000 0000000000002000
0000000000008000 3 0000000000001000 0000000000040000 0000000000001000
0000000000008000 4 0000000000000800 0000000000080000 0000000000000800
0000000000008000 5 0000000000000400 0000000000100000 0000000000000400
0000000000008000 6 0000000000000200 0000000000200000 0000000000000200
0000000000008000 7 0000000000000100 0000000000400000 0000000000000100
0000000000008000 8 0000000000000080 0000000000800000 0000000000000080
0000000000008000 9 0000000000000040 0000000001000000 0000000000000040
0000000000008000 10 0000000000000020 0000000002000000 0000000000000020
0000000000008000 11 0000000000000010 0000000004000000 0000000000000010
0000000000008000 12 0000000000000008 0000000008000000 0000000000000008
0000000000008000 13 0000000000000004 0000000010000000 0000000000000004
0000000000008000 14 0000000000000002 0000000020000000 0000000000000002
0000000000008000 15 0000000000000001 0000000040000000 0000000000000001
0000000000008000 16 0000000000000000 0000000080000000 0000000000000000
0000000000008000 17 0000000000000000 0000000100000000 0000000000000000
0000000000008000 18 0000000000000000 0000000200000000 0000000000000000
0000000000008000 19 0000000000000000 0000000400000000 0000000000000000
0000000000008000 20 0000000000000000 0000000800000000 0000000000000000
0000000000008000 21 0000000000000000 0000001000000000 0000000000000000
0000000000008000 22 0000000000000000 0000002000000000 0000000000000000
0000000000008000 23 0000000000000000 0000004000000000 0000000000000000
0000000000008000 24 0000000000000000 0000008000000000 0000000000000000
0000000000008000 25 0000000000000000 0000010000000000 0000000000000000
0000000000008000 26 0000000000000000 0000020000000000 0000000000000000
0000000000008000 27 0000000000000000 0000040000000000 0000000000000000
0000000000008000 28 0000000000000000 0000080000000000 0000000000000000
0000000000008000 29 0000000000000000 0000100000000000 0000000000000000
0000000000008000 30 0000000000000000 0000200000000000 0000000000000000
0000000000008000 31 0000000000000000 0000400000000000 0000000000000000
0000000000008000 32 0000000000000000 0000800000000000 0000000000000000
0000000000008000 33 0000000000000000 0001000000000000 0000000000000000
0000000000008000 34 0000000000000000 0002000000000000 0000000000000000
0000000000008000 35 0000000000000000 0004000000000000 0000000000000000
0000000000008000 36 0000000000000000 0008000000000000 0000000000000000
0000000000008000 37 0000000000000000 0010000000000000 0000000000000000
0000000000008000 38 0000000000000000 0020000000000000 0000000000000000
0000000000008000 39 0000000000000000 0040000000000000 0000000000000000
0000000000008000 40 0000000000000000 0080000000000000 0000000000000000
0000000000008000 41 0000000000000000 0100000000000000 0000000000000000
0000000000008000 42 0000000000000000 0200000000000000 0000000000000000
0000000000008000 43 0000000000000000 0400000000000000 0000000000000000
0000000000008000 44 0000000000000000 0800000000000000 0000000000000000
0000000000008000 45 0000000000000000 1000000000000000 0000000000000000
0000000000008000 46 0000000000000000 2000000000000000 0000000000000000
0000000000008000 47 0000000000000000 4000000000000000 0000000000000000
0000000000008000 48 0000000000000000 8000000000000000 0000000000000000
0000000000008000 49 0000000000000000 0000000000000000 0000000000000000
0000000000008000 50 0000000000000000 0000000000000000 0000000000000000
0000000000008000 51 0000000000000000 0000000000000000 0000000000000000
0000000000008000 52 0000000000000000 0000000000000000 0000000000000000
0000000000008000 53 0000000000000000 0000000000000000 0000000000000000
0000000000008000 54 0000000000000000 0000000000000000 0000000000000000
0000000000008000 55 0000000000000000 0000000000000000 0000000000000000
0000000000008000 56 0000000000000000 0000000000000000 0000000000000000
0000000000008000 57 0000000000000000 0000000000000000 0000000000000000
0000000000008000 58 0000000000000000 0000000000000000 0000000000000000
0000000000008000 59 0000000000000000 0000000000000000 0000000000000000
0000000000008000 60 0000000000000000 0000000000000000 0000000000000000
0000000000008000 61 0000000000000000 0000000000000000 0000000000000000
0000000000008000 62 0000000000000000 0000000000000000 0000000000000000
0000000000008000 63 0000000000000000 0000000000000000 0000000000000000
000000000000ffff 0 000000000000ffff 000000000000ffff 000000000000ffff
000000000000ffff 1 0000000000007fff 000000000001fffe 0000000000007fff
000000000000ffff 2 0000000000003fff 000000000003fffc 0000000000003fff
000000000000ffff 3 0000000000001fff 000000000007fff8 0000000000001fff
000000000000ffff 4 0000000000000fff 00000000000ffff0 0000000000000fff
000000000000ffff 5 00000000000007ff 00000000001fffe0 00000000000007ff
000000000000ffff 6 00000000000003ff 00000000003fffc0 00000000000003ff
000000000000ffff 7 00000000000001ff 00000000007fff80 00000000000001ff
000000000000ffff 8 00000000000000ff 0000000000ffff00 00000000000000ff
000000000000ffff 9 000000000000007f 0000000001fffe00 000000000000007f
000000000000ffff 10 000000000000003f 0000000003fffc00 000000000000003f
000000000000ffff 11 000000000000001f 0000000007fff800 000000000000001f
000000000000ffff 12 000000000000000f 000000000ffff000 000000000000000f
000000000000ffff 13 0000000000000007 000000001fffe000 0000000000000007
000000000000ffff 14 0000000000000003 000000003fffc000 0000000000000003
000000000000ffff 15 0000000000000001 000000007fff8000 0000000000000001
000000000000ffff 16 0000000000000000 00000000ffff0000 0000000000000000
000000000000ffff 17 0000000000000000 00000001fffe0000 0000000000000000
000000000000ffff 18 0000000000000000 00000003fffc0000 0000000000000000
000000000000ffff 19 0000000000000000 00000007fff80000 0000000000000000
000000000000ffff 20 0000000000000000 0000000ffff00000 0000000000000000
000000000000ffff 21 0000000000000000 0000001fffe00000 0000000000000000
000000000000ffff 22 0000000000000000 0000003fffc00000 0000000000000000
000000000000ffff 23 0000000000000000 0000007fff800000 0000000000000000
000000000000ffff 24 0000000000000000 000000ffff000000 0000000000000000
000000000000ffff 25 0000000000000000 000001fffe000000 0000000000000000
000000000000ffff 26 0000000000000000 000003fffc000000 0000000000000000
000000000000ffff 27 0000000000000000 000007fff8000000 0000000000000000
000000000000ffff 28 0000000000000000 00000ffff0000000 0000000000000000
000000000000ffff 29 0000000000000000 00001fffe0000000 0000000000000000
000000000000ffff 30 0000000000000000 00003fffc0000000 0000000000000000
000000000000ffff 31 0000000000000000 00007fff80000000 0000000000000000
000000000000ffff 32 0000000000000000 0000ffff00000000 0000000000000000
000000000000ffff 33 0000000000000000 0001fffe00000000 0000000000000000
000000000000ffff 34 0000000000000000 0003fffc00000000 0000000000000000
000000000000ffff 35 0000000000000000 0007fff800000000 0000000000000000
000000000000ffff 36 0000000000000000 000ffff000000000 0000000000000000
000000000000ffff 37 0000000000000000 001fffe000000000 0000000000000000
000000000000ffff 38 0000000000000000 003fffc000000000 0000000000000000
000000000000ffff 39 0000000000000000 007fff8000000000 0000000000000000
000000000000ffff 40 0000000000000000 00ffff0000000000 0000000000000000
000000000000ffff 41 0000000000000000 01fffe0000000000 0000000000000000
000000000000ffff 42 0000000000000000 03fffc0000000000 0000000000000000
000000000000ffff 43 0000000000000000 07fff80000000000 0000000000000000
000000000000ffff 44 0000000000000000 0ffff00000000000 0000000000000000
000000000000ffff 45 0000000000000000 1fffe00000000000 0000000000000000
000000000000ffff 46 0000000000000000 3fffc00000000000 0000000000000000
000000000000ffff 47 0000000000000000 7fff800000000000 0000000000000000
000000000000ffff 48 0000000000000000 ffff000000000000 0000000000000000
000000000000ffff 49 0000000000000000 fffe000000000000 0000000000000000
000000000000ffff 50 0000000000000000 fffc000000000000 0000000000000000
000000000000ffff 51 0000000000000000 fff8000000000000 0000000000000000
000000000000ffff 52 0000000000000000 fff0000000000000 0000000000000000
000000000000ffff 53 0000000000000000 ffe0000000000000 0000000000000000
000000000000ffff 54 0000000000000000 ffc0000000000000 0000000000000000
000000000000ffff 55 0000000000000000 ff80000000000000 0000000000000000
000000000000ffff 56 0000000000000000 ff00000000000000 0000000000000000
000000000000ffff 57 0000000000000000 fe00000000000000 0000000000000000
000000000000ffff 58 0000000000000000 fc00000000000000 0000000000000000
000000000000ffff 59 0000000000000000 f800000000000000 0000000000000000
000000000000ffff 60 0000000000000000 f000000000000000 0000000000000000
000000000000ffff 61 0000000000000000 e000000000000000 0000000000000000
000000000000ffff 62 0000000000000000 c000000000000000 0000000000000000
000000000000ffff 63 0000000000000000 8000000000000000 0000000000000000
0000000000010000 0 0000000000010000 0000000000010000 0000000000010000
0000000000010000 1 0000000000008000 0000000000020000 0000000000008000
0000000000010000 2 0000000000004000 0000000000040000 0000000000004000
0000000000010000 3 0000000000002000 0000000000080000 0000000000002000
0000000000010000 4 0000000000001000 0000000000100000 0000000000001000
0000000000010000 5 0000000000000800 0000000000200000 0000000000000800
0000000000010000 6 0000000000000400 0000000000400000 0000000000000400
0000000000010000 7 0000000000000200 0000000000800000 0000000000000200
0000000000010000 8 0000000000000100 0000000001000000 0000000000000100
0000000000010000 9 0000000000000080 0000000002000000 0000000000000080
0000000000010000 10 0000000000000040 0000000004000000 0000000000000040
0000000000010000 11 0000000000000020 0000000008000000 0000000000000020
0000000000010000 12 0000000000000010 0000000010000000 0000000000000010
0000000000010000 13 0000000000000008 0000000020000000 0000000000000008
0000000000010000 14 0000000000000004 0000000040000000 0000000000000004
0000000000010000 15 0000000000000002 0000000080000000 0000000000000002
0000000000010000 16 0000000000000001 0000000100000000 0000000000000001
0000000000010000 17 0000000000000000 0000000200000000 0000000000000000
0000000000010000 18 0000000000000000 0000000400000000 0000000000000000
0000000000010000 19 0000000000000000 0000000800000000 0000000000000000
0000000000010000 20 0000000000000000 0000001000000000 0000000000000000
0000000000010000 21 0000000000000000 0000002000000000 0000000000000000
0000000000010000 22 0000000000000000 0000004000000000 0000000000000000
0000000000010000 23 0000000000000000 0000008000000000 0000000000000000
0000000000010000 24 0000000000000000 0000010000000000 0000000000000000
0000000000010000 25 0000000000000000 0000020000000000 0000000000000000
0000000000010000 26 0000000000000000 0000040000000000 0000000000000000
0000000000010000 27 0000000000000000 0000080000000000 0000000000000000
0000000000010000 28 0000000000000000 0000100000000000 0000000000000000
0000000000010000 29 0000000000000000 0000200000000000 0000000000000000
0000000000010000 30 0000000000000000 0000400000000000 0000000000000000
0000000000010000 31 0000000000000000 0000800000000000 0000000000000000
0000000000010000 32 0000000000000000 0001000000000000 0000000000000000
0000000000010000 33 0000000000000000 0002000000000000 0000000000000000
0000000000010000 34 0000000000000000 0004000000000000 0000000000000000
0000000000010000 35 0000000000000000 0008000000000000 0000000000000000
0000000000010000 36 0000000000000000 0010000000000000 0000000000000000
0000000000010000 37 0000000000000000 0020000000000000 0000000000000000
0000000000010000 38 0000000000000000 0040000000000000 0000000000000000
0000000000010000 39 0000000000000000 0080000000000000 0000000000000000
0000000000010000 40 0000000000000000 0100000000000000 0000000000000000
0000000000010000 41 0000000000000000 0200000000000000 0000000000000000
0000000000010000 42 0000000000000000 0400000000000000 0000000000000000
0000000000010000 43 0000000000000000 0800000000000000 0000000000000000
0000000000010000 44 0000000000000000 1000000000000000 0000000000000000
0000000000010000 45 0000000000000000 2000000000000000 0000000000000000
0000000000010000 46 0000000000000000 4000000000000000 0000000000000000
0000000000010000 47 0000000000000000 8000000000000000 0000000000000000
0000000000010000 48 0000000000000000 0000000000000000 0000000000000000
0000000000010000 49 0000000000000000 0000000000000000 0000000000000000
0000000000010000 50 0000000000000000 0000000000000000 0000000000000000
0000000000010000 51 0000000000000000 0000000000000000 0000000000000000
0000000000010000 52 0000000000000000 0000000000000000 0000000000000000
0000000000010000 53 0000000000000000 0000000000000000 0000000000000000
0000000000010000 54 0000000000000000 0000000000000000 0000000000000000
0000000000010000 55 0000000000000000 0000000000000000 0000000000000000
0000000000010000 56 0000000000000000 0000000000000000 0000000000000000
0000000000010000 57 0000000000000000 0000000000000000 0000000000000000
0000000000010000 58 0000000000000000 0000000000000000 0000000000000000
0000000000010000 59 0000000000000000 0000000000000000 0000000000000000
0000000000010000 60 0000000000000000 0000000000000000 0000000000000000
0000000000010000 61 0000000000000000 0000000000000000 0000000000000000
0000000000010000 62 0000000000000000 0000000000000000 0000000000000000
0000000000010000 63 0000000000000000 0000000000000000 0000000000000000
000000000001ffff 0 000000000001ffff 000000000001ffff 000000000001ffff
000000000001ffff 1 000000000000ffff 000000000003fffe 000000000000ffff
000000000001ffff 2 0000000000007fff 000000000007fffc 0000000000007fff
000000000001ffff 3 0000000000003fff 00000000000ffff8 0000000000003fff
000000000001ffff 4 0000000000001fff 00000000001ffff0 0000000000001fff
000000000001ffff 5 0000000000000fff 00000000003fffe0 0000000000000fff
000000000001ffff 6 00000000000007ff 00000000007fffc0 00000000000007ff
000000000001ffff 7 00000000000003ff 0000000000ffff80 00000000000003ff
000000000001ffff 8 00000000000001ff 0000000001ffff00 00000000000001ff
000000000001ffff 9 00000000000000ff 0000000003fffe00 00000000000000ff
000000000001ffff 10 000000000000007f 0000000007fffc00 000000000000007f
000000000001ffff 11 000000000000003f 000000000ffff800 000000000000003f
000000000001ffff 12 000000000000001f 000000001ffff000 000000000000001f
000000000001ffff 13 000000000000000f 000000003fffe000 000000000000000f
000000000001ffff 14 0000000000000007 000000007fffc000 0000000000000007
000000000001ffff 15 0000000000000003 00000000ffff8000 0000000000000003
000000000001ffff 16 0000000000000001 00000001ffff0000 0000000000000001
000000000001ffff 17 0000000000000000 00000003fffe0000 0000000000000000
000000000001ffff 18 0000000000000000 00000007fffc0000 0000000000000000
000000000001ffff 19 0000000000000000 0000000ffff80000 0000000000000000
000000000001ffff 20 0000000000000000 0000001ffff00000 0000000000000000
000000000001ffff 21 0000000000000000 0000003fffe00000 0000000000000000
000000000001ffff 22 0000000000000000 0000007fffc00000 0000000000000000
000000000001ffff 23 0000000000000000 000000ffff800000 0000000000000000
000000000001ffff 24 0000000000000000 000001ffff000000 0000000000000000
000000000001ffff 25 0000000000000000 000003fffe000000 0000000000000000
000000000001ffff 26 0000000000000000 000007fffc000000 0000000000000000
000000000001ffff 27 0000000000000000 00000ffff8000000 0000000000000000
000000000001ffff 28 0000000000000000 00001ffff0000000 0000000000000000
000000000001ffff 29 0000000000000000 00003fffe0000000 0000000000000000
000000000001ffff 30 0000000000000000 00007fffc0000000 0000000000000000
000000000001ffff 31 0000000000000000 0000ffff80000000 0000000000000000
000000000001ffff 32 0000000000000000 0001ffff00000000 0000000000000000
000000000001ffff 33 0000000000000000 0003fffe00000000 0000000000000000
000000000001ffff 34 0000000000000000 0007fffc00000000 0000000000000000
000000000001ffff 35 0000000000000000 000ffff800000000 0000000000000000
000000000001ffff 36 0000000000000000 001ffff000000000 0000000000000000
000000000001ffff 37 0000000000000000 003fffe000000000 0000000000000000
000000000001ffff 38 0000000000000000 007fffc000000000 0000000000000000
000000000001ffff 39 0000000000000000 00ffff8000000000 0000000000000000
000000000001ffff 40 0000000000000000 01ffff0000000000 0000000000000000
000000000001ffff 41 0000000000000000 03fffe0000000000 0000000000000000
000000000001ffff 42 0000000000000000 07fffc0000000000 0000000000000000
000000000001ffff 43 0000000000000000 0ffff80000000000 0000000000000000
000000000001ffff 44 0000000000000000 1ffff00000000000 0000000000000000
000000000001ffff 45 0000000000000000 3fffe00000000000 0000000000000000
000000000001ffff 46 0000000000000000 7fffc00000000000 0000000000000000
000000000001ffff 47 0000000000000000 ffff800000000000 0000000000000000
000000000001ffff 48 0000000000000000 ffff000000000000 0000000000000000
000000000001ffff 49 0000000000000000 fffe000000000000 0000000000000000
000000000001ffff 50 0000000000000000 fffc000000000000 0000000000000000
000000000001ffff 51 0000000000000000 fff8000000000000 0000000000000000
000000000001ffff 52 0000000000000000 fff0000000000000 0000000000000000
000000000001ffff 53 0000000000000000 ffe0000000000000 0000000000000000
000000000001ffff 54 0000000000000000 ffc0000000000000 0000000000000000
000000000001ffff 55 0000000000000000 ff80000000000000 0000000000000000
000000000001ffff 56 0000000000000000 ff00000000000000 0000000000000000
000000000001ffff 57 0000000000000000 fe00000000000000 0000000000000000
000000000001ffff 58 0000000000000000 fc00000000000000 0000000000000000
000000000001ffff 59 0000000000000000 f800000000000000 0000000000000000
000000000001ffff 60 0000000000000000 f000000000000000 0000000000000000
000000000001ffff 61 0000000000000000 e000000000000000 0000000000000000
000000000001ffff 62 0000000000000000 c000000000000000 0000000000000000
000000000001ffff 63 0000000000000000 8000000000000000 0000000000000000
0000000000020000 0 0000000000020000 0000000000020000 0000000000020000
0000000000020000 1 0000000000010000 0000000000040000 0000000000010000
0000000000020000 2 0000000000008000 0000000000080000 0000000000008000
0000000000020000 3 0000000000004000 0000000000100000 0000000000004000
0000000000020000 4 0000000000002000 0000000000200000 0000000000002000
0000000000020000 5 0000000000001000 0000000000400000 0000000000001000
0000000000020000 6 0000000000000800 0000000000800000 0000000000000800
0000000000020000 7 0000000000000400 0000000001000000 0000000000000400
0000000000020000 8 0000000000000200 0000000002000000 0000000000000200
0000000000020000 9 0000000000000100 0000000004000000 0000000000000100
0000000000020000 10 0000000000000080 0000000008000000 0000000000000080
0000000000020000 11 0000000000000040 0000000010000000 0000000000000040
0000000000020000 12 0000000000000020 0000000020000000 0000000000000020
0000000000020000 13 0000000000000010 0000000040000000 0000000000000010
0000000000020000 14 0000000000000008 0000000080000000 0000000000000008
0000000000020000 15 0000000000000004 0000000100000000 0000000000000004
0000000000020000 16 0000000000000002 0000000200000000 0000000000000002
0000000000020000 17 0000000000000001 0000000400000000 0000000000000001
0000000000020000 18 0000000000000000 0000000800000000 0000000000000000
0000000000020000 19 0000000000000000 0000001000000000 0000000000000000
0000000000020000 20 0000000000000000 0000002000000000 0000000000000000
0000000000020000 21 0000000000000000 0000004000000000 0000000000000000
0000000000020000 22 0000000000000000 0000008000000000 0000000000000000
0000000000020000 23 0000000000000000 0000010000000000 0000000000000000
0000000000020000 24 0000000000000000 0000020000000000 0000000000000000
0000000000020000 25 0000000000000000 0000040000000000 0000000000000000
0000000000020000 26 0000000000000000 0000080000000000 0000000000000000
0000000000020000 27 0000000000000000 0000100000000000 0000000000000000
0000000000020000 28 0000000000000000 0000200000000000 0000000000000000
0000000000020000 29 0000000000000000 0000400000000000 0000000000000000
0000000000020000 30 0000000000000000 0000800000000000 0000000000000000
0000000000020000 31 0000000000000000 0001000000000000 0000000000000000
0000000000020000 32 0000000000000000 0002000000000000 0000000000000000
0000000000020000 33 0000000000000000 0004000000000000 0000000000000000
0000000000020000 34 0000000000000000 0008000000000000 0000000000000000
0000000000020000 35 0000000000000000 0010000000000000 0000000000000000
0000000000020000 36 0000000000000000 0020000000000000 0000000000000000
0000000000020000 37 0000000000000000 0040000000000000 0000000000000000
0000000000020000 38 0000000000000000 0080000000000000 0000000000000000
0000000000020000 39 0000000000000000 0100000000000000 0000000000000000
0000000000020000 40 0000000000000000 0200000000000000 0000000000000000
0000000000020000 41 0000000000000000 0400000000000000 0000000000000000
0000000000020000 42 0000000000000000 0800000000000000 0000000000000000
0000000000020000 43 0000000000000000 1000000000000000 0000000000000000
0000000000020000 44 0000000000000000 2000000000000000 0000000000000000
0000000000020000 45 0000000000000000 4000000000000000 0000000000000000
0000000000020000 46 0000000000000000 8000000000000000 0000000000000000
0000000000020000 47 0000000000000000 0000000000000000 0000000000000000
0000000000020000 48 0000000000000000 0000000000000000 0000000000000000
0000000000020000 49 0000000000000000 0000000000000000 0000000000000000
0000000000020000 50 0000000000000000 0000000000000000 0000000000000000
0000000000020000 51 0000000000000000 0000000000000000 0000000000000000
0000000000020000 52 0000000000000000 0000000000000000 0000000000000000
0000000000020000 53 0000000000000000 0000000000000000 0000000000000000
0000000000020000 54 0000000000000000 0000000000000000 0000000000000000
0000000000020000 55 0000000000000000 0000000000000000 0000000000000000
0000000000020000 56 0000000000000000 0000000000000000 0000000000000000
0000000000020000 57 0000000000000000 0000000000000000 0000000000000000
0000000000020000 58 0000000000000000 0000000000000000 0000000000000000
0000000000020000 59 0000000000000000 0000000000000000 0000000000000000
0000000000020000 60 0000000000000000 0000000000000000 0000000000000000
0000000000020000 61 0000000000000000 0000000000000000 0000000000000000
0000000000020000 62 0000000000000000 0000000000000000 0000000000000000
0000000000020000 63 0000000000000000 0000000000000000 0000000000000000
000000000003ffff 0 000000000003ffff 000000000003ffff 000000000003ffff
000000000003ffff 1 000000000001ffff 000000000007fffe 000000000001ffff
000000000003ffff 2 000000000000ffff 00000000000ffffc 000000000000ffff
000000000003ffff 3 0000000000007fff 00000000001ffff8 0000000000007fff
000000000003ffff 4 0000000000003fff 00000000003ffff0 0000000000003fff
000000000003ffff 5 0000000000001fff 00000000007fffe0 0000000000001fff
000000000003ffff 6 0000000000000fff 0000000000ffffc0 0000000000000fff
000000000003ffff 7 00000000000007ff 0000000001ffff80 00000000000007ff
000000000003ffff 8 00000000000003ff 0000000003ffff00 00000000000003ff
000000000003ffff 9 00000000000001ff 0000000007fffe00 00000000000001ff
000000000003ffff 10 00000000000000ff 000000000ffffc00 00000000000000ff
000000000003ffff 11 000000000000007f 000000001ffff800 000000000000007f
000000000003ffff 12 000000000000003f 000000003ffff000 000000000000003f
000000000003ffff 13 000000000000001f 000000007fffe000 000000000000001f
000000000003ffff 14 000000000000000f 00000000ffffc000 000000000000000f
000000000003ffff 15 0000000000000007 00000001ffff8000 0000000000000007
000000000003ffff 16 0000000000000003 00000003ffff0000 0000000000000003
000000000003ffff 17 0000000000000001 00000007fffe0000 0000000000000001
000000000003ffff 18 0000000000000000 0000000ffffc0000 0000000000000000
000000000003ffff 19 0000000000000000 0000001ffff80000 0000000000000000
000000000003ffff 20 0000000000000000 0000003ffff00000 0000000000000000
000000000003ffff 21 0000000000000000 0000007fffe00000 0000000000000000
000000000003ffff 22 0000000000000000 000000ffffc00000 0000000000000000
000000000003ffff 23 0000000000000000 000001ffff800000 0000000000000000
000000000003ffff 24 0000000000000000 000003ffff000000 0000000000000000
000000000003ffff 25 0000000000000000 000007fffe000000 0000000000000000
000000000003ffff 26 0000000000000000 00000ffffc000000 0000000000000000
000000000003ffff 27 0000000000000000 00001ffff8000000 0000000000000000
000000000003ffff 28 0000000000000000 00003ffff0000000 0000000000000000
000000000003ffff 29 0000000000000000 00007fffe0000000 0000000000000000
000000000003ffff 30 0000000000000000 0000ffffc0000000 0000000000000000
000000000003ffff 31 0000000000000000 0001ffff80000000 0000000000000000
000000000003ffff 32 0000000000000000 0003ffff00000000 0000000000000000
000000000003ffff 33 0000000000000000 0007fffe00000000 0000000000000000
000000000003ffff 34 0000000000000000 000ffffc00000000 0000000000000000
000000000003ffff 35 0000000000000000 001ffff800000000 0000000000000000
000000000003ffff 36 0000000000000000 003ffff000000000 0000000000000000
000000000003ffff 37 0000000000000000 007fffe000000000 0000000000000000
000000000003ffff 38 0000000000000000 00ffffc000000000 0000000000000000
000000000003ffff 39 0000000000000000 01ffff8000000000 0000000000000000
000000000003ffff 40 0000000000000000 03ffff0000000000 0000000000000000
000000000003ffff 41 0000000000000000 07fffe0000000000 0000000000000000
000000000003ffff 42 0000000000000000 0ffffc0000000000 0000000000000000
000000000003ffff 43 0000000000000000 1ffff80000000000 0000000000000000
000000000003ffff 44 0000000000000000 3ffff00000000000 0000000000000000
000000000003ffff 45 0000000000000000 7fffe00000000000 0000000000000000
000000000003ffff 46 0000000000000000 ffffc00000000000 0000000000000000
000000000003ffff 47 0000000000000000 ffff800000000000 0000000000000000
000000000003ffff 48 0000000000000000 ffff000000000000 0000000000000000
000000000003ffff 49 0000000000000000 fffe000000000000 0000000000000000
000000000003ffff 50 0000000000000000 fffc000000000000 0000000000000000
000000000003ffff 51 0000000000000000 fff8000000000000 0000000000000000
000000000003ffff 52 0000000000000000 fff0000000000000 0000000000000000
000000000003ffff 53 0000000000000000 ffe0000000000000 0000000000000000
000000000003ffff 54 0000000000000000 ffc0000000000000 0000000000000000
000000000003ffff 55 0000000000000000 ff80000000000000 0000000000000000
000000000003ffff 56 0000000000000000 ff00000000000000 0000000000000000
000000000003ffff 57 0000000000000000 fe00000000000000 0000000000000000
000000000003ffff 58 0000000000000000 fc00000000000000 0000000000000000
000000000003ffff 59 0000000000000000 f800000000000000 0000000000000000
000000000003ffff 60 0000000000000000 f000000000000000 0000000000000000
000000000003ffff 61 0000000000000000 e000000000000000 0000000000000000
000000000003ffff 62 0000000000000000 c000000000000000 0000000000000000
000000000003ffff 63 0000000000000000 8000000000000000 0000000000000000
0000000000040000 0 0000000000040000 0000000000040000 0000000000040000
0000000000040000 1 0000000000020000 0000000000080000 0000000000020000
0000000000040000 2 0000000000010000 0000000000100000 0000000000010000
0000000000040000 3 0000000000008000 0000000000200000 0000000000008000
0000000000040000 4 0000000000004000 0000000000400000 0000000000004000
0000000000040000 5 0000000000002000 0000000000800000 0000000000002000
0000000000040000 6 0000000000001000 0000000001000000 0000000000001000
0000000000040000 7 0000000000000800 0000000002000000 0000000000000800
0000000000040000 8 0000000000000400 0000000004000000 0000000000000400
0000000000040000 9 0000000000000200 0000000008000000 0000000000000200
0000000000040000 10 0000000000000100 0000000010000000 0000000000000100
0000000000040000 11 0000000000000080 0000000020000000 0000000000000080
0000000000040000 12 0000000000000040 0000000040000000 0000000000000040
0000000000040000 13 0000000000000020 0000000080000000 0000000000000020
0000000000040000 14 0000000000000010 0000000100000000 0000000000000010
0000000000040000 15 0000000000000008 0000000200000000 0000000000000008
0000000000040000 16 0000000000000004 0000000400000000 0000000000000004
0000000000040000 17 0000000000000002 0000000800000000 0000000000000002
0000000000040000 18 0000000000000001 0000001000000000 0000000000000001
0000000000040000 19 0000000000000000 0000002000000000 0000000000000000
0000000000040000 20 0000000000000000 0000004000000000 0000000000000000
0000000000040000 21 0000000000000000 0000008000000000 0000000000000000
0000000000040000 22 0000000000000000 0000010000000000 0000000000000000
0000000000040000 23 0000000000000000 0000020000000000 0000000000000000
0000000000040000 24 0000000000000000 0000040000000000 0000000000000000
0000000000040000 25 0000000000000000 0000080000000000 0000000000000000
0000000000040000 26 0000000000000000 0000100000000000 0000000000000000
0000000000040000 27 0000000000000000 0000200000000000 0000000000000000
0000000000040000 28 0000000000000000 0000400000000000 0000000000000000
0000000000040000 29 0000000000000000 0000800000000000 0000000000000000
0000000000040000 30 0000000000000000 0001000000000000 0000000000000000
0000000000040000 31 0000000000000000 0002000000000000 0000000000000000
0000000000040000 32 0000000000000000 0004000000000000 0000000000000000
0000000000040000 33 0000000000000000 0008000000000000 0000000000000000
0000000000040000 34 0000000000000000 0010000000000000 0000000000000000
0000000000040000 35 0000000000000000 0020000000000000 0000000000000000
0000000000040000 36 0000000000000000 0040000000000000 0000000000000000
0000000000040000 37 0000000000000000 0080000000000000 0000000000000000
0000000000040000 38 0000000000000000 0100000000000000 0000000000000000
0000000000040000 39 0000000000000000 0200000000000000 0000000000000000
0000000000040000 40 0000000000000000 0400000000000000 0000000000000000
0000000000040000 41 0000000000000000 0800000000000000 0000000000000000
0000000000040000 42 0000000000000000 1000000000000000 0000000000000000
0000000000040000 43 0000000000000000 2000000000000000 0000000000000000
0000000000040000 44 0000000000000000 4000000000000000 0000000000000000
0000000000040000 45 0000000000000000 8000000000000000 0000000000000000
0000000000040000 46 0000000000000000 0000000000000000 0000000000000000
0000000000040000 47 0000000000000000 0000000000000000 0000000000000000
0000000000040000 48 0000000000000000 0000000000000000 0000000000000000
0000000000040000 49 0000000000000000 0000000000000000 0000000000000000
0000000000040000 50 0000000000000000 0000000000000000 0000000000000000
0000000000040000 51 0000000000000000 0000000000000000 0000000000000000
0000000000040000 52 0000000000000000 0000000000000000 0000000000000000
0000000000040000 53 0000000000000000 0000000000000000 0000000000000000
0000000000040000 54 0000000000000000 0000000000000000 0000000000000000
0000000000040000 55 0000000000000000 0000000000000000 0000000000000000
0000000000040000 56 0000000000000000 0000000000000000 0000000000000000
0000000000040000 57 0000000000000000 0000000000000000 0000000000000000
0000000000040000 58 0000000000000000 0000000000000000 0000000000000000
0000000000040000 59 0000000000000000 0000000000000000 0000000000000000
0000000000040000 60 0000000000000000 0000000000000000 0000000000000000
0000000000040000 61 0000000000000000 0000000000000000 0000000000000000
0000000000040000 62 0000000000000000 0000000000000000 0000000000000000
0000000000040000 63 0000000000000000 0000000000000000 0000000000000000
000000000007ffff 0 000000000007ffff 000000000007ffff 000000000007ffff
000000000007ffff 1 000000000003ffff 00000000000ffffe 000000000003ffff
000000000007ffff 2 000000000001ffff 00000000001ffffc 000000000001ffff
000000000007ffff 3 000000000000ffff 00000000003ffff8 000000000000ffff
000000000007ffff 4 0000000000007fff 00000000007ffff0 0000000000007fff
000000000007ffff 5 0000000000003fff 0000000000ffffe0 0000000000003fff
000000000007ffff 6 0000000000001fff 0000000001ffffc0 0000000000001fff
000000000007ffff 7 0000000000000fff 0000000003ffff80 0000000000000fff
000000000007ffff 8 00000000000007ff 0000000007ffff00 00000000000007ff
000000000007ffff 9 00000000000003ff 000000000ffffe00 00000000000003ff
000000000007ffff 10 00000000000001ff 000000001ffffc00 00000000000001ff
000000000007ffff 11 00000000000000ff 000000003ffff800 00000000000000ff
000000000007ffff 12 000000000000007f 000000007ffff000 000000000000007f
000000000007ffff 13 000000000000003f 00000000ffffe000 000000000000003f
000000000007ffff 14 000000000000001f 00000001ffffc000 000000000000001f
000000000007ffff 15 000000000000000f 00000003ffff8000 000000000000000f
000000000007ffff 16 0000000000000007 00000007ffff0000 0000000000000007
000000000007ffff 17 0000000000000003 0000000ffffe0000 0000000000000003
000000000007ffff 18 0000000000000001 0000001ffffc0000 0000000000000001
000000000007ffff 19 0000000000000000 0000003ffff80000 0000000000000000
000000000007ffff 20 0000000000000000 0000007ffff00000 0000000000000000
000000000007ffff 21 0000000000000000 000000ffffe00000 0000000000000000
000000000007ffff 22 0000000000000000 000001ffffc00000 0000000000000000
000000000007ffff 23 0000000000000000 000003ffff800000 0000000000000000
000000000007ffff 24 0000000000000000 000007ffff000000 0000000000000000
000000000007ffff 25 0000000000000000 00000ffffe000000 0000000000000000
000000000007ffff 26 0000000000000000 00001ffffc000000 0000000000000000
000000000007ffff 27 0000000000000000 00003ffff8000000 0000000000000000
000000000007ffff 28 0000000000000000 00007ffff0000000 0000000000000000
000000000007ffff 29 0000000000000000 0000ffffe0000000 0000000000000000
000000000007ffff 30 0000000000000000 0001ffffc0000000 0000000000000000
000000000007ffff 31 0000000000000000 0003ffff80000000 0000000000000000
000000000007ffff 32 0000000000000000 0007ffff00000000 0000000000000000
000000000007ffff 33 0000000000000000 000ffffe00000000 0000000000000000
000000000007ffff 34 0000000000000000 001ffffc00000000 0000000000000000
000000000007ffff 35 0000000000000000 003ffff800000000 0000000000000000
000000000007ffff 36 0000000000000000 007ffff000000000 0000000000000000
000000000007ffff 37 0000000000000000 00ffffe000000000 0000000000000000
000000000007ffff 38 0000000000000000 01ffffc000000000 0000000000000000
000000000007ffff 39 0000000000000000 03ffff8000000000 0000000000000000
000000000007ffff 40 0000000000000000 07ffff0000000000 0000000000000000
000000000007ffff 41 0000000000000000 0ffffe0000000000 0000000000000000
000000000007ffff 42 0000000000000000 1ffffc0000000000 0000000000000000
000000000007ffff 43 0000000000000000 3ffff80000000000 0000000000000000
000000000007ffff 44 0000000000000000 7ffff00000000000 0000000000000000
000000000007ffff 45 0000000000000000 ffffe00000000000 0000000000000000
000000000007ffff 46 0000000000000000 ffffc00000000000 0000000000000000
000000000007ffff 47 0000000000000000 ffff800000000000 0000000000000000
000000000007ffff 48 0000000000000000 ffff000000000000 0000000000000000
000000000007ffff 49 0000000000000000 fffe000000000000 0000000000000000
000000000007ffff 50 0000000000000000 fffc000000000000 0000000000000000
000000000007ffff 51 0000000000000000 fff8000000000000 0000000000000000
000000000007ffff 52 0000000000000000 fff0000000000000 0000000000000000
000000000007ffff 53 0000000000000000 ffe0000000000000 0000000000000000
000000000007ffff 54 0000000000000000 ffc0000000000000 0000000000000000
000000000007ffff 55 0000000000000000 ff80000000000000 0000000000000000
000000000007ffff 56 0000000000000000 ff00000000000000 0000000000000000
000000000007ffff 57 0000000000000000 fe00000000000000 0000000000000000
000000000007ffff 58 0000000000000000 fc00000000000000 0000000000000000
000000000007ffff 59 0000000000000000 f800000000000000 0000000000000000
000000000007ffff 60 0000000000000000 f000000000000000 0000000000000000
000000000007ffff 61 0000000000000000 e000000000000000 0000000000000000
000000000007ffff 62 0000000000000000 c000000000000000 0000000000000000
000000000007ffff 63 0000000000000000 8000000000000000 0000000000000000
0000000000080000 0 0000000000080000 0000000000080000 0000000000080000
0000000000080000 1 0000000000040000 0000000000100000 0000000000040000
0000000000080000 2 0000000000020000 0000000000200000 0000000000020000
0000000000080000 3 0000000000010000 0000000000400000 0000000000010000
0000000000080000 4 0000000000008000 0000000000800000 0000000000008000
0000000000080000 5 0000000000004000 0000000001000000 0000000000004000
0000000000080000 6 0000000000002000 0000000002000000 0000000000002000
0000000000080000 7 0000000000001000 0000000004000000 0000000000001000
0000000000080000 8 0000000000000800 0000000008000000 0000000000000800
0000000000080000 9 0000000000000400 0000000010000000 0000000000000400
0000000000080000 10 0000000000000200 0000000020000000 0000000000000200
0000000000080000 11 0000000000000100 0000000040000000 0000000000000100
0000000000080000 12 0000000000000080 0000000080000000 0000000000000080
0000000000080000 13 0000000000000040 0000000100000000 0000000000000040
0000000000080000 14 0000000000000020 0000000200000000 0000000000000020
0000000000080000 15 0000000000000010 0000000400000000 0000000000000010
0000000000080000 16 0000000000000008 0000000800000000 0000000000000008
0000000000080000 17 0000000000000004 0000001000000000 0000000000000004
0000000000080000 18 0000000000000002 0000002000000000 0000000000000002
0000000000080000 19 0000000000000001 0000004000000000 0000000000000001
0000000000080000 20 0000000000000000 0000008000000000 0000000000000000
0000000000080000 21 0000000000000000 0000010000000000 0000000000000000
0000000000080000 22 0000000000000000 0000020000000000 0000000000000000
0000000000080000 23 0000000000000000 0000040000000000 0000000000000000
0000000000080000 24 0000000000000000 0000080000000000 0000000000000000
0000000000080000 25 0000000000000000 0000100000000000 0000000000000000
0000000000080000 26 0000000000000000 0000200000000000 0000000000000000
0000000000080000 27 0000000000000000 0000400000000000 0000000000000000
0000000000080000 28 0000000000000000 0000800000000000 0000000000000000
0000000000080000 29 0000000000000000 0001000000000000 0000000000000000
0000000000080000 30 0000000000000000 0002000000000000 0000000000000000
0000000000080000 31 0000000000000000 0004000000000000 0000000000000000
0000000000080000 32 0000000000000000 0008000000000000 0000000000000000
0000000000080000 33 0000000000000000 0010000000000000 0000000000000000
0000000000080000 34 0000000000000000 0020000000000000 0000000000000000
0000000000080000 35 0000000000000000 0040000000000000 0000000000000000
0000000000080000 36 0000000000000000 0080000000000000 0000000000000000
0000000000080000 37 0000000000000000 0100000000000000 0000000000000000
0000000000080000 38 0000000000000000 0200000000000000 0000000000000000
0000000000080000 39 0000000000000000 0400000000000000 0000000000000000
0000000000080000 40 0000000000000000 0800000000000000 0000000000000000
0000000000080000 41 0000000000000000 1000000000000000 0000000000000000
0000000000080000 42 0000000000000000 2000000000000000 0000000000000000
0000000000080000 43 0000000000000000 4000000000000000 0000000000000000
0000000000080000 44 0000000000000000 8000000000000000 0000000000000000
0000000000080000 45 0000000000000000 0000000000000000 0000000000000000
0000000000080000 46 0000000000000000 0000000000000000 0000000000000000
0000000000080000 47 0000000000000000 0000000000000000 0000000000000000
0000000000080000 48 0000000000000000 0000000000000000 0000000000000000
0000000000080000 49 0000000000000000 0000000000000000 0000000000000000
0000000000080000 50 0000000000000000 0000000000000000 0000000000000000
0000000000080000 51 0000000000000000 0000000000000000 0000000000000000
0000000000080000 52 0000000000000000 0000000000000000 0000000000000000
0000000000080000 53 0000000000000000 0000000000000000 0000000000000000
0000000000080000 54 0000000000000000 0000000000000000 0000000000000000
0000000000080000 55 0000000000000000 0000000000000000 0000000000000000
0000000000080000 56 0000000000000000 0000000000000000 0000000000000000
0000000000080000 57 0000000000000000 0000000000000000 0000000000000000
0000000000080000 58 0000000000000000 0000000000000000 0000000000000000
0000000000080000 59 0000000000000000 0000000000000000 0000000000000000
0000000000080000 60 0000000000000000 0000000000000000 0000000000000000
0000000000080000 61 0000000000000000 0000000000000000 0000000000000000
0000000000080000 62 0000000000000000 0000000000000000 0000000000000000
0000000000080000 63 0000000000000000 0000000000000000 0000000000000000
00000000000fffff 0 00000000000fffff 00000000000fffff 00000000000fffff
00000000000fffff 1 000000000007ffff 00000000001ffffe 000000000007ffff
00000000000fffff 2 000000000003ffff 00000000003ffffc 000000000003ffff
00000000000fffff 3 000000000001ffff 00000000007ffff8 000000000001ffff
00000000000fffff 4 000000000000ffff 0000000000fffff0 000000000000ffff
00000000000fffff 5 0000000000007fff 0000000001ffffe0 0000000000007fff
00000000000fffff 6 0000000000003fff 0000000003ffffc0 0000000000003fff
00000000000fffff 7 0000000000001fff 0000000007ffff80 0000000000001fff
00000000000fffff 8 0000000000000fff 000000000fffff00 0000000000000fff
00000000000fffff 9 00000000000007ff 000000001ffffe00 00000000000007ff
00000000000fffff 10 00000000000003ff 000000003ffffc00 00000000000003ff
00000000000fffff 11 00000000000001ff 000000007ffff800 00000000000001ff
00000000000fffff 12 00000000000000ff 00000000fffff000 00000000000000ff
00000000000fffff 13 000000000000007f 00000001ffffe000 000000000000007f
00000000000fffff 14 000000000000003f 00000003ffffc000 000000000000003f
00000000000fffff 15 000000000000001f 00000007ffff8000 000000000000001f
00000000000fffff 16 000000000000000f 0000000fffff0000 000000000000000f
00000000000fffff 17 0000000000000007 0000001ffffe0000 0000000000000007
00000000000fffff 18 0000000000000003 0000003ffffc0000 0000000000000003
00000000000fffff 19 0000000000000001 0000007ffff80000 0000000000000001
00000000000fffff 20 0000000000000000 000000fffff00000 0000000000000000
00000000000fffff 21 0000000000000000 000001ffffe00000 0000000000000000
00000000000fffff 22 0000000000000000 000003ffffc00000 0000000000000000
00000000000fffff 23 0000000000000000 000007ffff800000 0000000000000000
00000000000fffff 24 0000000000000000 00000fffff000000 0000000000000000
00000000000fffff 25 0000000000000000 00001ffffe000000 0000000000000000
00000000000fffff 26 0000000000000000 00003ffffc000000 0000000000000000
00000000000fffff 27 0000000000000000 00007ffff8000000 0000000000000000
00000000000fffff 28 0000000000000000 0000fffff0000000 0000000000000000
00000000000fffff 29 0000000000000000 0001ffffe0000000 0000000000000000
00000000000fffff 30 0000000000000000 0003ffffc0000000 0000000000000000
00000000000fffff 31 0000000000000000 0007ffff80000000 0000000000000000
00000000000fffff 32 0000000000000000 000fffff00000000 0000000000000000
00000000000fffff 33 0000000000000000 001ffffe00000000 0000000000000000
00000000000fffff 34 0000000000000000 003ffffc00000000 0000000000000000
00000000000fffff 35 0000000000000000 007ffff800000000 0000000000000000
00000000000fffff 36 0000000000000000 00fffff000000000 0000000000000000
00000000000fffff 37 0000000000000000 01ffffe000000000 0000000000000000
00000000000fffff 38 0000000000000000 03ffffc000000000 0000000000000000
00000000000fffff 39 0000000000000000 07ffff8000000000 0000000000000000
00000000000fffff 40 0000000000000000 0fffff0000000000 0000000000000000
00000000000fffff 41 0000000000000000 1ffffe0000000000 0000000000000000
00000000000fffff 42 0000000000000000 3ffffc0000000000 0000000000000000
00000000000fffff 43 0000000000000000 7ffff80000000000 0000000000000000
00000000000fffff 44 0000000000000000 fffff00000000000 0000000000000000
00000000000fffff 45 0000000000000000 ffffe00000000000 0000000000000000
00000000000fffff 46 0000000000000000 ffffc00000000000 0000000000000000
00000000000fffff 47 0000000000000000 ffff800000000000 0000000000000000
00000000000fffff 48 0000000000000000 ffff000000000000 0000000000000000
00000000000fffff 49 0000000000000000 fffe000000000000 0000000000000000
00000000000fffff 50 0000000000000000 fffc000000000000 0000000000000000
00000000000fffff 51 0000000000000000 fff8000000000000 0000000000000000
00000000000fffff 52 0000000000000000 fff0000000000000 0000000000000000
00000000000fffff 53 0000000000000000 ffe0000000000000 0000000000000000
00000000000fffff 54 0000000000000000 ffc0000000000000 0000000000000000
00000000000fffff 55 0000000000000000 ff80000000000000 0000000000000000
00000000000fffff 56 0000000000000000 ff00000000000000 0000000000000000
00000000000fffff 57 0000000000000000 fe00000000000000 0000000000000000
00000000000fffff 58 0000000000000000 fc00000000000000 0000000000000000
00000000000fffff 59 0000000000000000 f800000000000000 0000000000000000
00000000000fffff 60 0000000000000000 f000000000000000 0000000000000000
00000000000fffff 61 0000000000000000 e000000000000000 0000000000000000
00000000000fffff 62 0000000000000000 c000000000000000 0000000000000000
00000000000fffff 63 0000000000000000 8000000000000000 0000000000000000
0000000000100000 0 0000000000100000 0000000000100000 0000000000100000
0000000000100000 1 0000000000080000 0000000000200000 0000000000080000
0000000000100000 2 0000000000040000 0000000000400000 0000000000040000
0000000000100000 3 0000000000020000 0000000000800000 0000000000020000
0000000000100000 4 0000000000010000 0000000001000000 0000000000010000
0000000000100000 5 0000000000008000 0000000002000000 0000000000008000
0000000000100000 6 0000000000004000 0000000004000000 0000000000004000
0000000000100000 7 0000000000002000 0000000008000000 0000000000002000
0000000000100000 8 0000000000001000 0000000010000000 0000000000001000
0000000000100000 9 0000000000000800 0000000020000000 0000000000000800
0000000000100000 10 0000000000000400 0000000040000000 0000000000000400
0000000000100000 11 0000000000000200 0000000080000000 0000000000000200
0000000000100000 12 0000000000000100 0000000100000000 0000000000000100
0000000000100000 13 0000000000000080 0000000200000000 0000000000000080
0000000000100000 14 0000000000000040 0000000400000000 0000000000000040
0000000000100000 15 0000000000000020 0000000800000000 0000000000000020
0000000000100000 16 0000000000000010 0000001000000000 0000000000000010
0000000000100000 17 0000000000000008 0000002000000000 0000000000000008
0000000000100000 18 0000000000000004 0000004000000000 0000000000000004
0000000000100000 19 0000000000000002 0000008000000000 0000000000000002
0000000000100000 20 0000000000000001 0000010000000000 0000000000000001
0000000000100000 21 0000000000000000 0000020000000000 0000000000000000
0000000000100000 22 0000000000000000 0000040000000000 0000000000000000
0000000000100000 23 0000000000000000 0000080000000000 0000000000000000
0000000000100000 24 0000000000000000 0000100000000000 0000000000000000
0000000000100000 25 0000000000000000 0000200000000000 0000000000000000
0000000000100000 26 0000000000000000 0000400000000000 0000000000000000
0000000000100000 27 0000000000000000 0000800000000000 0000000000000000
0000000000100000 28 0000000000000000 0001000000000000 0000000000000000
0000000000100000 29 0000000000000000 0002000000000000 0000000000000000
0000000000100000 30 0000000000000000 0004000000000000 0000000000000000
0000000000100000 31 0000000000000000 0008000000000000 0000000000000000
0000000000100000 32 0000000000000000 0010000000000000 0000000000000000
0000000000100000 33 0000000000000000 0020000000000000 0000000000000000
0000000000100000 34 0000000000000000 0040000000000000 0000000000000000
0000000000100000 35 0000000000000000 0080000000000000 0000000000000000
0000000000100000 36 0000000000000000 0100000000000000 0000000000000000
0000000000100000 37 0000000000000000 0200000000000000 0000000000000000
0000000000100000 38 0000000000000000 0400000000000000 0000000000000000
0000000000100000 39 0000000000000000 0800000000000000 0000000000000000
0000000000100000 40 0000000000000000 1000000000000000 0000000000000000
0000000000100000 41 0000000000000000 2000000000000000 0000000000000000
0000000000100000 42 0000000000000000 4000000000000000 0000000000000000
0000000000100000 43 0000000000000000 8000000000000000 0000000000000000
0000000000100000 44 0000000000000000 0000000000000000 0000000000000000
0000000000100000 45 0000000000000000 0000000000000000 0000000000000000
0000000000100000 46 0000000000000000 0000000000000000 0000000000000000
0000000000100000 47 0000000000000000 0000000000000000 0000000000000000
0000000000100000 48 0000000000000000 0000000000000000 0000000000000000
0000000000100000 49 0000000000000000 0000000000000000 0000000000000000
0000000000100000 50 0000000000000000 0000000000000000 0000000000000000
0000000000100000 51 0000000000000000 0000000000000000 0000000000000000
0000000000100000 52 0000000000000000 0000000000000000 0000000000000000
0000000000100000 53 0000000000000000 0000000000000000 0000000000000000
0000000000100000 54 0000000000000000 0000000000000000 0000000000000000
0000000000100000 55 0000000000000000 0000000000000000 0000000000000000
0000000000100000 56 0000000000000000 0000000000000000 0000000000000000
0000000000100000 57 0000000000000000 0000000000000000 0000000000000000
0000000000100000 58 0000000000000000 0000000000000000 0000000000000000
0000000000100000 59 0000000000000000 0000000000000000 0000000000000000
0000000000100000 60 0000000000000000 0000000000000000 0000000000000000
0000000000100000 61 0000000000000000 0000000000000000 0000000000000000
0000000000100000 62 0000000000000000 0000000000000000 0000000000000000
0000000000100000 63 0000000000000000 0000000000000000 0000000000000000
00000000001fffff 0 00000000001fffff 00000000001fffff 00000000001fffff
00000000001fffff 1 00000000000fffff 00000000003ffffe 00000000000fffff
00000000001fffff 2 000000000007ffff 00000000007ffffc 000000000007ffff
00000000001fffff 3 000000000003ffff 0000000000fffff8 000000000003ffff
00000000001fffff 4 000000000001ffff 0000000001fffff0 000000000001ffff
00000000001fffff 5 000000000000ffff 0000000003ffffe0 000000000000ffff
00000000001fffff 6 0000000000007fff 0000000007ffffc0 0000000000007fff
00000000001fffff 7 0000000000003fff 000000000fffff80 0000000000003fff
00000000001fffff 8 0000000000001fff 000000001fffff00 0000000000001fff
00000000001fffff 9 0000000000000fff 000000003ffffe00 0000000000000fff
00000000001fffff 10 00000000000007ff 000000007ffffc00 00000000000007ff
00000000001fffff 11 00000000000003ff 00000000fffff800 00000000000003ff
00000000001fffff 12 00000000000001ff 00000001fffff000 00000000000001ff
00000000001fffff 13 00000000000000ff 00000003ffffe000 00000000000000ff
00000000001fffff 14 000000000000007f 00000007ffffc000 000000000000007f
00000000001fffff 15 000000000000003f 0000000fffff8000 000000000000003f
00000000001fffff 16 000000000000001f 0000001fffff0000 000000000000001f
00000000001fffff 17 000000000000000f 0000003ffffe0000 000000000000000f
00000000001fffff 18 0000000000000007 0000007ffffc0000 0000000000000007
00000000001fffff 19 0000000000000003 000000fffff80000 0000000000000003
00000000001fffff 20 0000000000000001 000001fffff00000 0000000000000001
00000000001fffff 21 0000000000000000 000003ffffe00000 0000000000000000
00000000001fffff 22 0000000000000000 000007ffffc00000 0000000000000000
00000000001fffff 23 0000000000000000 00000fffff800000 0000000000000000
00000000001fffff 24 0000000000000000 00001fffff000000 0000000000000000
00000000001fffff 25 0000000000000000 00003ffffe000000 0000000000000000
00000000001fffff 26 0000000000000000 00007ffffc000000 0000000000000000
00000000001fffff 27 0000000000000000 0000fffff8000000 0000000000000000
00000000001fffff 28 0000000000000000 0001fffff0000000 0000000000000000
00000000001fffff 29 0000000000000000 0003ffffe0000000 0000000000000000
00000000001fffff 30 0000000000000000 0007ffffc0000000 0000000000000000
00000000001fffff 31 0000000000000000 000fffff80000000 0000000000000000
00000000001fffff 32 0000000000000000 001fffff00000000 0000000000000000
00000000001fffff 33 0000000000000000 003ffffe00000000 0000000000000000
00000000001fffff 34 0000000000000000 007ffffc00000000 0000000000000000
00000000001fffff 35 0000000000000000 00fffff800000000 0000000000000000
00000000001fffff 36 0000000000000000 01fffff000000000 0000000000000000
00000000001fffff 37 0000000000000000 03ffffe000000000 0000000000000000
00000000001fffff 38 0000000000000000 07ffffc000000000 0000000000000000
00000000001fffff 39 0000000000000000 0fffff8000000000 0000000000000000
00000000001fffff 40 0000000000000000 1fffff0000000000 0000000000000000
00000000001fffff 41 0000000000000000 3ffffe0000000000 0000000000000000
00000000001fffff 42 0000000000000000 7ffffc0000000000 0000000000000000
00000000001fffff 43 0000000000000000 fffff80000000000 0000000000000000
00000000001fffff 44 0000000000000000 fffff00000000000 0000000000000000
00000000001fffff 45 0000000000000000 ffffe00000000000 0000000000000000
00000000001fffff 46 0000000000000000 ffffc00000000000 0000000000000000
00000000001fffff 47 0000000000000000 ffff800000000000 0000000000000000
00000000001fffff 48 0000000000000000 ffff000000000000 0000000000000000
00000000001fffff 49 0000000000000000 fffe000000000000 0000000000000000
00000000001fffff 50 0000000000000000 fffc000000000000 0000000000000000
00000000001fffff 51 0000000000000000 fff8000000000000 0000000000000000
00000000001fffff 52 0000000000000000 fff0000000000000 0000000000000000
00000000001fffff 53 0000000000000000 ffe0000000000000 0000000000000000
00000000001fffff 54 0000000000000000 ffc0000000000000 0000000000000000
00000000001fffff 55 0000000000000000 ff80000000000000 0000000000000000
00000000001fffff 56 0000000000000000 ff00000000000000 0000000000000000
00000000001fffff 57 0000000000000000 fe00000000000000 0000000000000000
00000000001fffff 58 0000000000000000 fc00000000000000 0000000000000000
00000000001fffff 59 0000000000000000 f800000000000000 0000000000000000
00000000001fffff 60 0000000000000000 f000000000000000 0000000000000000
00000000001fffff 61 0000000000000000 e000000000000000 0000000000000000
00000000001fffff 62 0000000000000000 c000000000000000 0000000000000000
00000000001fffff 63 0000000000000000 8000000000000000 0000000000000000
0000000000200000 0 0000000000200000 0000000000200000 0000000000200000
0000000000200000 1 0000000000100000 0000000000400000 0000000000100000
0000000000200000 2 0000000000080000 0000000000800000 0000000000080000
0000000000200000 3 0000000000040000 0000000001000000 0000000000040000
0000000000200000 4 0000000000020000 0000000002000000 0000000000020000
0000000000200000 5 0000000000010000 0000000004000000 0000000000010000
0000000000200000 6 0000000000008000 0000000008000000 0000000000008000
0000000000200000 7 0000000000004000 0000000010000000 0000000000004000
0000000000200000 8 0000000000002000 0000000020000000 0000000000002000
0000000000200000 9 0000000000001000 0000000040000000 0000000000001000
0000000000200000 10 0000000000000800 0000000080000000 0000000000000800
0000000000200000 11 0000000000000400 0000000100000000 0000000000000400
0000000000200000 12 0000000000000200 0000000200000000 0000000000000200
0000000000200000 13 0000000000000100 0000000400000000 0000000000000100
0000000000200000 14 0000000000000080 0000000800000000 0000000000000080
0000000000200000 15 0000000000000040 0000001000000000 0000000000000040
0000000000200000 16 0000000000000020 0000002000000000 0000000000000020
0000000000200000 17 0000000000000010 0000004000000000 0000000000000010
0000000000200000 18 0000000000000008 0000008000000000 0000000000000008
0000000000200000 19 0000000000000004 0000010000000000 0000000000000004
0000000000200000 20 0000000000000002 0000020000000000 0000000000000002
0000000000200000 21 0000000000000001 0000040000000000 0000000000000001
0000000000200000 22 0000000000000000 0000080000000000 0000000000000000
0000000000200000 23 0000000000000000 0000100000000000 0000000000000000
0000000000200000 24 0000000000000000 0000200000000000 0000000000000000
0000000000200000 25 0000000000000000 0000400000000000 0000000000000000
0000000000200000 26 0000000000000000 0000800000000000 0000000000000000
0000000000200000 27 0000000000000000 0001000000000000 0000000000000000
0000000000200000 28 0000000000000000 0002000000000000 0000000000000000
0000000000200000 29 0000000000000000 0004000000000000 0000000000000000
0000000000200000 30 0000000000000000 0008000000000000 0000000000000000
0000000000200000 31 0000000000000000 0010000000000000 0000000000000000
0000000000200000 32 0000000000000000 0020000000000000 0000000000000000
0000000000200000 33 0000000000000000 0040000000000000 0000000000000000
0000000000200000 34 0000000000000000 0080000000000000 0000000000000000
0000000000200000 35 0000000000000000 0100000000000000 0000000000000000
0000000000200000 36 0000000000000000 0200000000000000 0000000000000000
0000000000200000 37 0000000000000000 0400000000000000 0000000000000000
0000000000200000 38 0000000000000000 0800000000000000 0000000000000000
0000000000200000 39 0000000000000000 1000000000000000 0000000000000000
0000000000200000 40 0000000000000000 2000000000000000 0000000000000000
0000000000200000 41 0000000000000000 4000000000000000 0000000000000000
0000000000200000 42 0000000000000000 8000000000000000 0000000000000000
0000000000200000 43 0000000000000000 0000000000000000 0000000000000000
0000000000200000 44 0000000000000000 0000000000000000 0000000000000000
0000000000200000 45 0000000000000000 0000000000000000 0000000000000000
0000000000200000 46 0000000000000000 0000000000000000 0000000000000000
0000000000200000 47 0000000000000000 0000000000000000 0000000000000000
0000000000200000 48 0000000000000000 0000000000000000 0000000000000000
0000000000200000 49 0000000000000000 0000000000000000 0000000000000000
0000000000200000 50 0000000000000000 0000000000000000 0000000000000000
0000000000200000 51 0000000000000000 0000000000000000 0000000000000000
0000000000200000 52 0000000000000000 0000000000000000 0000000000000000
0000000000200000 53 0000000000000000 0000000000000000 0000000000000000
0000000000200000 54 0000000000000000 0000000000000000 0000000000000000
0000000000200000 55 0000000000000000 0000000000000000 0000000000000000
0000000000200000 56 0000000000000000 0000000000000000 0000000000000000
0000000000200000 57 0000000000000000 0000000000000000 0000000000000000
0000000000200000 58 0000000000000000 0000000000000000 0000000000000000
0000000000200000 59 0000000000000000 0000000000000000 0000000000000000
0000000000200000 60 0000000000000000 0000000000000000 0000000000000000
0000000000200000 61 0000000000000000 0000000000000000 0000000000000000
0000000000200000 62 0000000000000000 0000000000000000 0000000000000000
0000000000200000 63 0000000000000000 0000000000000000 0000000000000000
00000000003fffff 0 00000000003fffff 00000000003fffff 00000000003fffff
00000000003fffff 1 00000000001fffff 00000000007ffffe 00000000001fffff
00000000003fffff 2 00000000000fffff 0000000000fffffc 00000000000fffff
00000000003fffff 3 000000000007ffff 0000000001fffff8 000000000007ffff
00000000003fffff 4 000000000003ffff 0000000003fffff0 000000000003ffff
00000000003fffff 5 000000000001ffff 0000000007ffffe0 000000000001ffff
00000000003fffff 6 000000000000ffff 000000000fffffc0 000000000000ffff
00000000003fffff 7 0000000000007fff 000000001fffff80 0000000000007fff
00000000003fffff 8 0000000000003fff 000000003fffff00 0000000000003fff
00000000003fffff 9 0000000000001fff 000000007ffffe00 0000000000001fff
00000000003fffff 10 0000000000000fff 00000000fffffc00 0000000000000fff
00000000003fffff 11 00000000000007ff 00000001fffff800 00000000000007ff
00000000003fffff 12 00000000000003ff 00000003fffff000 00000000000003ff
00000000003fffff 13 00000000000001ff 00000007ffffe000 00000000000001ff
00000000003fffff 14 00000000000000ff 0000000fffffc000 00000000000000ff
00000000003fffff 15 000000000000007f 0000001fffff8000 000000000000007f
00000000003fffff 16 000000000000003f 0000003fffff0000 000000000000003f
00000000003fffff 17 000000000000001f 0000007ffffe0000 000000000000001f
00000000003fffff 18 000000000000000f 000000fffffc0000 000000000000000f
00000000003fffff 19 0000000000000007 000001fffff80000 0000000000000007
00000000003fffff 20 0000000000000003 000003fffff00000 0000000000000003
00000000003fffff 21 0000000000000001 000007ffffe00000 0000000000000001
00000000003fffff 22 0000000000000000 00000fffffc00000 0000000000000000
00000000003fffff 23 0000000000000000 00001fffff800000 0000000000000000
00000000003fffff 24 0000000000000000 00003fffff000000 0000000000000000
00000000003fffff 25 0000000000000000 00007ffffe000000 0000000000000000
00000000003fffff 26 0000000000000000 0000fffffc000000 0000000000000000
00000000003fffff 27 0000000000000000 0001fffff8000000 0000000000000000
00000000003fffff 28 0000000000000000 0003fffff0000000 0000000000000000
00000000003fffff 29 0000000000000000 0007ffffe0000000 0000000000000000
00000000003fffff 30 0000000000000000 000fffffc0000000 0000000000000000
00000000003fffff 31 0000000000000000 001fffff80000000 0000000000000000
00000000003fffff 32 0000000000000000 003fffff00000000 0000000000000000
00000000003fffff 33 0000000000000000 007ffffe00000000 0000000000000000
00000000003fffff 34 0000000000000000 00fffffc00000000 0000000000000000
00000000003fffff 35 0000000000000000 01fffff800000000 0000000000000000
00000000003fffff 36 0000000000000000 03fffff000000000 0000000000000000
00000000003fffff 37 0000000000000000 07ffffe000000000 0000000000000000
00000000003fffff 38 0000000000000000 0fffffc000000000 0000000000000000
00000000003fffff 39 0000000000000000 1fffff8000000000 0000000000000000
00000000003fffff 40 0000000000000000 3fffff0000000000 0000000000000000
00000000003fffff 41 0000000000000000 7ffffe0000000000 0000000000000000
00000000003fffff 42 0000000000000000 fffffc0000000000 0000000000000000
00000000003fffff 43 0000000000000000 fffff80000000000 0000000000000000
00000000003fffff 44 0000000000000000 fffff00000000000 0000000000000000
00000000003fffff 45 0000000000000000 ffffe00000000000 0000000000000000
00000000003fffff 46 0000000000000000 ffffc00000000000 0000000000000000
00000000003fffff 47 0000000000000000 ffff800000000000 0000000000000000
00000000003fffff 48 0000000000000000 ffff000000000000 0000000000000000
00000000003fffff 49 0000000000000000 fffe000000000000 0000000000000000
00000000003fffff 50 0000000000000000 fffc000000000000 0000000000000000
00000000003fffff 51 0000000000000000 fff8000000000000 0000000000000000
00000000003fffff 52 0000000000000000 fff0000000000000 0000000000000000
00000000003fffff 53 0000000000000000 ffe0000000000000 0000000000000000
00000000003fffff 54 0000000000000000 ffc0000000000000 0000000000000000
00000000003fffff 55 0000000000000000 ff80000000000000 0000000000000000
00000000003fffff 56 0000000000000000 ff00000000000000 0000000000000000
00000000003fffff 57 0000000000000000 fe00000000000000 0000000000000000
00000000003fffff 58 0000000000000000 fc00000000000000 0000000000000000
00000000003fffff 59 0000000000000000 f800000000000000 0000000000000000
00000000003fffff 60 0000000000000000 f000000000000000 0000000000000000
00000000003fffff 61 0000000000000000 e000000000000000 0000000000000000
00000000003fffff 62 0000000000000000 c000000000000000 0000000000000000
00000000003fffff 63 0000000000000000 8000000000000000 0000000000000000
0000000000400000 0 0000000000400000 0000000000400000 0000000000400000
0000000000400000 1 0000000000200000 0000000000800000 0000000000200000
0000000000400000 2 0000000000100000 0000000001000000 0000000000100000
0000000000400000 3 0000000000080000 0000000002000000 0000000000080000
0000000000400000 4 0000000000040000 0000000004000000 0000000000040000
0000000000400000 5 0000000000020000 0000000008000000 0000000000020000
0000000000400000 6 0000000000010000 0000000010000000 0000000000010000
0000000000400000 7 0000000000008000 0000000020000000 0000000000008000
0000000000400000 8 0000000000004000 0000000040000000 0000000000004000
0000000000400000 9 0000000000002000 0000000080000000 0000000000002000
0000000000400000 10 0000000000001000 0000000100000000 0000000000001000
0000000000400000 11 0000000000000800 0000000200000000 0000000000000800
0000000000400000 12 0000000000000400 0000000400000000 0000000000000400
0000000000400000 13 0000000000000200 0000000800000000 0000000000000200
0000000000400000 14 0000000000000100 0000001000000000 0000000000000100
0000000000400000 15 0000000000000080 0000002000000000 0000000000000080
0000000000400000 16 0000000000000040 0000004000000000 0000000000000040
0000000000400000 17 0000000000000020 0000008000000000 0000000000000020
0000000000400000 18 0000000000000010 0000010000000000 0000000000000010
0000000000400000 19 0000000000000008 0000020000000000 0000000000000008
0000000000400000 20 0000000000000004 0000040000000000 0000000000000004
0000000000400000 21 0000000000000002 0000080000000000 0000000000000002
0000000000400000 22 0000000000000001 0000100000000000 0000000000000001
0000000000400000 23 0000000000000000 0000200000000000 0000000000000000
0000000000400000 24 0000000000000000 0000400000000000 0000000000000000
0000000000400000 25 0000000000000000 0000800000000000 0000000000000000
0000000000400000 26 0000000000000000 0001000000000000 0000000000000000
0000000000400000 27 0000000000000000 0002000000000000 0000000000000000
0000000000400000 28 0000000000000000 0004000000000000 0000000000000000
0000000000400000 29 0000000000000000 0008000000000000 0000000000000000
0000000000400000 30 0000000000000000 0010000000000000 0000000000000000
0000000000400000 31 0000000000000000 0020000000000000 0000000000000000
0000000000400000 32 0000000000000000 0040000000000000 0000000000000000
0000000000400000 33 0000000000000000 0080000000000000 0000000000000000
0000000000400000 34 0000000000000000 0100000000000000 0000000000000000
0000000000400000 35 0000000000000000 0200000000000000 0000000000000000
0000000000400000 36 0000000000000000 0400000000000000 0000000000000000
0000000000400000 37 0000000000000000 0800000000000000 0000000000000000
0000000000400000 38 0000000000000000 1000000000000000 0000000000000000
0000000000400000 39 0000000000000000 2000000000000000 0000000000000000
0000000000400000 40 0000000000000000 4000000000000000 0000000000000000
0000000000400000 41 0000000000000000 8000000000000000 0000000000000000
0000000000400000 42 0000000000000000 0000000000000000 0000000000000000
0000000000400000 43 0000000000000000 0000000000000000 0000000000000000
0000000000400000 44 0000000000000000 0000000000000000 0000000000000000
0000000000400000 45 0000000000000000 0000000000000000 0000000000000000
0000000000400000 46 0000000000000000 0000000000000000 0000000000000000
0000000000400000 47 0000000000000000 0000000000000000 0000000000000000
0000000000400000 48 0000000000000000 0000000000000000 0000000000000000
0000000000400000 49 0000000000000000 0000000000000000 0000000000000000
0000000000400000 50 0000000000000000 0000000000000000 0000000000000000
0000000000400000 51 0000000000000000 0000000000000000 0000000000000000
0000000000400000 52 0000000000000000 0000000000000000 0000000000000000
0000000000400000 53 0000000000000000 0000000000000000 0000000000000000
0000000000400000 54 0000000000000000 0000000000000000 0000000000000000
0000000000400000 55 0000000000000000 0000000000000000 0000000000000000
0000000000400000 56 0000000000000000 0000000000000000 0000000000000000
0000000000400000 57 0000000000000000 0000000000000000 0000000000000000
0000000000400000 58 0000000000000000 0000000000000000 0000000000000000
0000000000400000 59 0000000000000000 0000000000000000 0000000000000000
0000000000400000 60 0000000000000000 0000000000000000 0000000000000000
0000000000400000 61 0000000000000000 0000000000000000 0000000000000000
0000000000400000 62 0000000000000000 0000000000000000 0000000000000000
0000000000400000 63 0000000000000000 0000000000000000 0000000000000000
00000000007fffff 0 00000000007fffff 00000000007fffff 00000000007fffff
00000000007fffff 1 00000000003fffff 0000000000fffffe 00000000003fffff
00000000007fffff 2 00000000001fffff 0000000001fffffc 00000000001fffff
00000000007fffff 3 00000000000fffff 0000000003fffff8 00000000000fffff
00000000007fffff 4 000000000007ffff 0000000007fffff0 000000000007ffff
00000000007fffff 5 000000000003ffff 000000000fffffe0 000000000003ffff
00000000007fffff 6 000000000001ffff 000000001fffffc0 000000000001ffff
00000000007fffff 7 000000000000ffff 000000003fffff80 000000000000ffff
00000000007fffff 8 0000000000007fff 000000007fffff00 0000000000007fff
00000000007fffff 9 0000000000003fff 00000000fffffe00 0000000000003fff
00000000007fffff 10 0000000000001fff 00000001fffffc00 0000000000001fff
00000000007fffff 11 0000000000000fff 00000003fffff800 0000000000000fff
00000000007fffff 12 00000000000007ff 00000007fffff000 00000000000007ff
00000000007fffff 13 00000000000003ff 0000000fffffe000 00000000000003ff
00000000007fffff 14 00000000000001ff 0000001fffffc000 00000000000001ff
00000000007fffff 15 00000000000000ff 0000003fffff8000 00000000000000ff
00000000007fffff 16 000000000000007f 0000007fffff0000 000000000000007f
00000000007fffff 17 000000000000003f 000000fffffe0000 000000000000003f
00000000007fffff 18 000000000000001f 000001fffffc0000 000000000000001f
00000000007fffff 19 000000000000000f 000003fffff80000 000000000000000f
00000000007fffff 20 0000000000000007 000007fffff00000 0000000000000007
00000000007fffff 21 0000000000000003 00000fffffe00000 0000000000000003
00000000007fffff 22 0000000000000001 00001fffffc00000 0000000000000001
00000000007fffff 23 0000000000000000 00003fffff800000 0000000000000000
00000000007fffff 24 0000000000000000 00007fffff000000 0000000000000000
00000000007fffff 25 0000000000000000 0000fffffe000000 0000000000000000
00000000007fffff 26 0000000000000000 0001fffffc000000 0000000000000000
00000000007fffff 27 0000000000000000 0003fffff8000000 0000000000000000
00000000007fffff 28 0000000000000000 0007fffff0000000 0000000000000000
00000000007fffff 29 0000000000000000 000fffffe0000000 0000000000000000
00000000007fffff 30 0000000000000000 001fffffc0000000 0000000000000000
00000000007fffff 31 0000000000000000 003fffff80000000 0000000000000000
00000000007fffff 32 0000000000000000 007fffff00000000 0000000000000000
00000000007fffff 33 0000000000000000 00fffffe00000000 0000000000000000
00000000007fffff 34 0000000000000000 01fffffc00000000 0000000000000000
00000000007fffff 35 0000000000000000 03fffff800000000 0000000000000000
00000000007fffff 36 0000000000000000 07fffff000000000 0000000000000000
00000000007fffff 37 0000000000000000 0fffffe000000000 0000000000000000
00000000007fffff 38 0000000000000000 1fffffc000000000 0000000000000000
00000000007fffff 39 0000000000000000 3fffff8000000000 0000000000000000
00000000007fffff 40 0000000000000000 7fffff0000000000 0000000000000000
00000000007fffff 41 0000000000000000 fffffe0000000000 0000000000000000
00000000007fffff 42 0000000000000000 fffffc0000000000 0000000000000000
00000000007fffff 43 0000000000000000 fffff80000000000 0000000000000000
00000000007fffff 44 0000000000000000 fffff00000000000 0000000000000000
00000000007fffff 45 0000000000000000 ffffe00000000000 0000000000000000
00000000007fffff 46 0000000000000000 ffffc00000000000 0000000000000000
00000000007fffff 47 0000000000000000 ffff800000000000 0000000000000000
00000000007fffff 48 0000000000000000 ffff000000000000 0000000000000000
00000000007fffff 49 0000000000000000 fffe000000000000 0000000000000000
00000000007fffff 50 0000000000000000 fffc000000000000 0000000000000000
00000000007fffff 51 0000000000000000 fff8000000000000 0000000000000000
00000000007fffff 52 0000000000000000 fff0000000000000 0000000000000000
00000000007fffff 53 0000000000000000 ffe0000000000000 0000000000000000
00000000007fffff 54 0000000000000000 ffc0000000000000 0000000000000000
00000000007fffff 55 0000000000000000 ff80000000000000 0000000000000000
00000000007fffff 56 0000000000000000 ff00000000000000 0000000000000000
00000000007fffff 57 0000000000000000 fe00000000000000 0000000000000000
00000000007fffff 58 0000000000000000 fc00000000000000 0000000000000000
00000000007fffff 59 0000000000000000 f800000000000000 0000000000000000
00000000007fffff 60 0000000000000000 f000000000000000 0000000000000000
00000000007fffff 61 0000000000000000 e000000000000000 0000000000000000
00000000007fffff 62 0000000000000000 c000000000000000 0000000000000000
00000000007fffff 63 0000000000000000 8000000000000000 0000000000000000
0000000000800000 0 0000000000800000 0000000000800000 0000000000800000
0000000000800000 1 0000000000400000 0000000001000000 0000000000400000
0000000000800000 2 0000000000200000 0000000002000000 0000000000200000
0000000000800000 3 0000000000100000 0000000004000000 0000000000100000
0000000000800000 4 0000000000080000 0000000008000000 0000000000080000
0000000000800000 5 0000000000040000 0000000010000000 0000000000040000
0000000000800000 6 0000000000020000 0000000020000000 0000000000020000
0000000000800000 7 0000000000010000 0000000040000000 0000000000010000
0000000000800000 8 0000000000008000 0000000080000000 0000000000008000
0000000000800000 9 0000000000004000 0000000100000000 0000000000004000
0000000000800000 10 0000000000002000 0000000200000000 0000000000002000
0000000000800000 11 0000000000001000 0000000400000000 0000000000001000
0000000000800000 12 0000000000000800 0000000800000000 0000000000000800
0000000000800000 13 0000000000000400 0000001000000000 0000000000000400
0000000000800000 14 0000000000000200 0000002000000000 0000000000000200
0000000000800000 15 0000000000000100 0000004000000000 0000000000000100
0000000000800000 16 0000000000000080 0000008000000000 0000000000000080
0000000000800000 17 0000000000000040 0000010000000000 0000000000000040
0000000000800000 18 0000000000000020 0000020000000000 0000000000000020
0000000000800000 19 0000000000000010 0000040000000000 0000000000000010
0000000000800000 20 0000000000000008 0000080000000000 0000000000000008
0000000000800000 21 0000000000000004 0000100000000000 0000000000000004
0000000000800000 22 0000000000000002 0000200000000000 0000000000000002
0000000000800000 23 0000000000000001 0000400000000000 0000000000000001
0000000000800000 24 0000000000000000 0000800000000000 0000000000000000
0000000000800000 25 0000000000000000 0001000000000000 0000000000000000
0000000000800000 26 0000000000000000 0002000000000000 0000000000000000
0000000000800000 27 0000000000000000 0004000000000000 0000000000000000
0000000000800000 28 0000000000000000 0008000000000000 0000000000000000
0000000000800000 29 0000000000000000 0010000000000000 0000000000000000
0000000000800000 30 0000000000000000 0020000000000000 0000000000000000
0000000000800000 31 0000000000000000 0040000000000000 0000000000000000
0000000000800000 32 0000000000000000 0080000000000000 0000000000000000
0000000000800000 33 0000000000000000 0100000000000000 0000000000000000
0000000000800000 34 0000000000000000 0200000000000000 0000000000000000
0000000000800000 35 0000000000000000 0400000000000000 0000000000000000
0000000000800000 36 0000000000000000 0800000000000000 0000000000000000
0000000000800000 37 0000000000000000 1000000000000000 0000000000000000
0000000000800000 38 0000000000000000 2000000000000000 0000000000000000
0000000000800000 39 0000000000000000 4000000000000000 0000000000000000
0000000000800000 40 0000000000000000 8000000000000000 0000000000000000
0000000000800000 41 0000000000000000 0000000000000000 0000000000000000
0000000000800000 42 0000000000000000 0000000000000000 0000000000000000
0000000000800000 43 0000000000000000 0000000000000000 0000000000000000
0000000000800000 44 0000000000000000 0000000000000000 0000000000000000
0000000000800000 45 0000000000000000 0000000000000000 0000000000000000
0000000000800000 46 0000000000000000 0000000000000000 0000000000000000
0000000000800000 47 0000000000000000 0000000000000000 0000000000000000
0000000000800000 48 0000000000000000 0000000000000000 0000000000000000
0000000000800000 49 0000000000000000 0000000000000000 0000000000000000
0000000000800000 50 0000000000000000 0000000000000000 0000000000000000
0000000000800000 51 0000000000000000 0000000000000000 0000000000000000
0000000000800000 52 0000000000000000 0000000000000000 0000000000000000
0000000000800000 53 0000000000000000 0000000000000000 0000000000000000
0000000000800000 54 0000000000000000 0000000000000000 0000000000000000
0000000000800000 55 0000000000000000 0000000000000000 0000000000000000
0000000000800000 56 0000000000000000 0000000000000000 0000000000000000
0000000000800000 57 0000000000000000 0000000000000000 0000000000000000
0000000000800000 58 0000000000000000 0000000000000000 0000000000000000
0000000000800000 59 0000000000000000 0000000000000000 0000000000000000
0000000000800000 60 0000000000000000 0000000000000000 0000000000000000
0000000000800000 61 0000000000000000 0000000000000000 0000000000000000
0000000000800000 62 0000000000000000 0000000000000000 0000000000000000
0000000000800000 63 0000000000000000 0000000000000000 0000000000000000
0000000000ffffff 0 0000000000ffffff 0000000000ffffff 0000000000ffffff
0000000000ffffff 1 00000000007fffff 0000000001fffffe 00000000007fffff
0000000000ffffff 2 00000000003fffff 0000000003fffffc 00000000003fffff
0000000000ffffff 3 00000000001fffff 0000000007fffff8 00000000001fffff
0000000000ffffff 4 00000000000fffff 000000000ffffff0 00000000000fffff
0000000000ffffff 5 000000000007ffff 000000001fffffe0 000000000007ffff
0000000000ffffff 6 000000000003ffff 000000003fffffc0 000000000003ffff
0000000000ffffff 7 000000000001ffff 000000007fffff80 000000000001ffff
0000000000ffffff 8 000000000000ffff 00000000ffffff00 000000000000ffff
0000000000ffffff 9 0000000000007fff 00000001fffffe00 0000000000007fff
0000000000ffffff 10 0000000000003fff 00000003fffffc00 0000000000003fff
0000000000ffffff 11 0000000000001fff 00000007fffff800 0000000000001fff
0000000000ffffff 12 0000000000000fff 0000000ffffff000 0000000000000fff
0000000000ffffff 13 00000000000007ff 0000001fffffe000 00000000000007ff
0000000000ffffff 14 00000000000003ff 0000003fffffc000 00000000000003ff
0000000000ffffff 15 00000000000001ff 0000007fffff8000 00000000000001ff
0000000000ffffff 16 00000000000000ff 000000ffffff0000 00000000000000ff
0000000000ffffff 17 000000000000007f 000001fffffe0000 000000000000007f
0000000000ffffff 18 000000000000003f 000003fffffc0000 000000000000003f
0000000000ffffff 19 000000000000001f 000007fffff80000 000000000000001f
0000000000ffffff 20 000000000000000f 00000ffffff00000 000000000000000f
0000000000ffffff 21 0000000000000007 00001fffffe00000 0000000000000007
0000000000ffffff 22 0000000000000003 00003fffffc00000 0000000000000003
0000000000ffffff 23 0000000000000001 00007fffff800000 0000000000000001
0000000000ffffff 24 0000000000000000 0000ffffff000000 0000000000000000
0000000000ffffff 25 0000000000000000 0001fffffe000000 0000000000000000
0000000000ffffff 26 0000000000000000 0003fffffc000000 0000000000000000
0000000000ffffff 27 0000000000000000 0007fffff8000000 0000000000000000
0000000000ffffff 28 0000000000000000 000ffffff0000000 0000000000000000
0000000000ffffff 29 0000000000000000 001fffffe0000000 0000000000000000
0000000000ffffff 30 0000000000000000 003fffffc0000000 0000000000000000
0000000000ffffff 31 0000000000000000 007fffff80000000 0000000000000000
0000000000ffffff 32 0000000000000000 00ffffff00000000 0000000000000000
0000000000ffffff 33 0000000000000000 01fffffe00000000 0000000000000000
0000000000ffffff 34 0000000000000000 03fffffc00000000 0000000000000000
0000000000ffffff 35 0000000000000000 07fffff800000000 0000000000000000
0000000000ffffff 36 0000000000000000 0ffffff000000000 0000000000000000
0000000000ffffff 37 0000000000000000 1fffffe000000000 0000000000000000
0000000000ffffff 38 0000000000000000 3fffffc000000000 0000000000000000
0000000000ffffff 39 0000000000000000 7fffff8000000000 0000000000000000
0000000000ffffff 40 0000000000000000 ffffff0000000000 0000000000000000
0000000000ffffff 41 0000000000000000 fffffe0000000000 0000000000000000
0000000000ffffff 42 0000000000000000 fffffc0000000000 0000000000000000
0000000000ffffff 43 0000000000000000 fffff80000000000 0000000000000000
0000000000ffffff 44 0000000000000000 fffff00000000000 0000000000000000
0000000000ffffff 45 0000000000000000 ffffe00000000000 0000000000000000
0000000000ffffff 46 0000000000000000 ffffc00000000000 0000000000000000
0000000000ffffff 47 0000000000000000 ffff800000000000 0000000000000000
0000000000ffffff 48 0000000000000000 ffff000000000000 0000000000000000
0000000000ffffff 49 0000000000000000 fffe000000000000 0000000000000000
0000000000ffffff 50 0000000000000000 fffc000000000000 0000000000000000
0000000000ffffff 51 0000000000000000 fff8000000000000 0000000000000000
0000000000ffffff 52 0000000000000000 fff0000000000000 0000000000000000
0000000000ffffff 53 0000000000000000 ffe0000000000000 0000000000000000
0000000000ffffff 54 0000000000000000 ffc0000000000000 0000000000000000
0000000000ffffff 55 0000000000000000 ff80000000000000 0000000000000000
0000000000ffffff 56 0000000000000000 ff00000000000000 0000000000000000
0000000000ffffff 57 0000000000000000 fe00000000000000 0000000000000000
0000000000ffffff 58 0000000000000000 fc00000000000000 0000000000000000
0000000000ffffff 59 0000000000000000 f800000000000000 0000000000000000
0000000000ffffff 60 0000000000000000 f000000000000000 0000000000000000
0000000000ffffff 61 0000000000000000 e000000000000000 0000000000000000
0000000000ffffff 62 0000000000000000 c000000000000000 0000000000000000
0000000000ffffff 63 0000000000000000 8000000000000000 0000000000000000
0000000001000000 0 0000000001000000 0000000001000000 0000000001000000
0000000001000000 1 0000000000800000 0000000002000000 0000000000800000
0000000001000000 2 0000000000400000 0000000004000000 0000000000400000
0000000001000000 3 0000000000200000 0000000008000000 0000000000200000
0000000001000000 4 0000000000100000 0000000010000000 0000000000100000
0000000001000000 5 0000000000080000 0000000020000000 0000000000080000
0000000001000000 6 0000000000040000 0000000040000000 0000000000040000
0000000001000000 7 0000000000020000 0000000080000000 0000000000020000
0000000001000000 8 0000000000010000 0000000100000000 0000000000010000
0000000001000000 9 0000000000008000 0000000200000000 0000000000008000
0000000001000000 10 0000000000004000 0000000400000000 0000000000004000
0000000001000000 11 0000000000002000 0000000800000000 0000000000002000
0000000001000000 12 0000000000001000 0000001000000000 0000000000001000
0000000001000000 13 0000000000000800 0000002000000000 0000000000000800
0000000001000000 14 0000000000000400 0000004000000000 0000000000000400
0000000001000000 15 0000000000000200 0000008000000000 0000000000000200
0000000001000000 16 0000000000000100 0000010000000000 0000000000000100
0000000001000000 17 0000000000000080 0000020000000000 0000000000000080
0000000001000000 18 0000000000000040 0000040000000000 0000000000000040
0000000001000000 19 0000000000000020 0000080000000000 0000000000000020
0000000001000000 20 0000000000000010 0000100000000000 0000000000000010
0000000001000000 21 0000000000000008 0000200000000000 0000000000000008
0000000001000000 22 0000000000000004 0000400000000000 0000000000000004
0000000001000000 23 0000000000000002 0000800000000000 0000000000000002
0000000001000000 24 0000000000000001 0001000000000000 0000000000000001
0000000001000000 25 0000000000000000 0002000000000000 0000000000000000
0000000001000000 26 0000000000000000 0004000000000000 0000000000000000
0000000001000000 27 0000000000000000 0008000000000000 0000000000000000
0000000001000000 28 0000000000000000 0010000000000000 0000000000000000
0000000001000000 29 0000000000000000 0020000000000000 0000000000000000
0000000001000000 30 0000000000000000 0040000000000000 0000000000000000
0000000001000000 31 0000000000000000 0080000000000000 0000000000000000
0000000001000000 32 0000000000000000 0100000000000000 0000000000000000
0000000001000000 33 0000000000000000 0200000000000000 0000000000000000
0000000001000000 34 0000000000000000 0400000000000000 0000000000000000
0000000001000000 35 0000000000000000 0800000000000000 0000000000000000
0000000001000000 36 0000000000000000 1000000000000000 0000000000000000
0000000001000000 37 0000000000000000 2000000000000000 0000000000000000
0000000001000000 38 0000000000000000 4000000000000000 0000000000000000
0000000001000000 39 0000000000000000 8000000000000000 0000000000000000
0000000001000000 40 0000000000000000 0000000000000000 0000000000000000
0000000001000000 41 0000000000000000 0000000000000000 0000000000000000
0000000001000000 42 0000000000000000 0000000000000000 0000000000000000
0000000001000000 43 0000000000000000 0000000000000000 0000000000000000
0000000001000000 44 0000000000000000 0000000000000000 0000000000000000
0000000001000000 45 0000000000000000 0000000000000000 0000000000000000
0000000001000000 46 0000000000000000 0000000000000000 0000000000000000
0000000001000000 47 0000000000000000 0000000000000000 0000000000000000
0000000001000000 48 0000000000000000 0000000000000000 0000000000000000
0000000001000000 49 0000000000000000 0000000000000000 0000000000000000
0000000001000000 50 0000000000000000 0000000000000000 0000000000000000
0000000001000000 51 0000000000000000 0000000000000000 0000000000000000
0000000001000000 52 0000000000000000 0000000000000000 0000000000000000
0000000001000000 53 0000000000000000 0000000000000000 0000000000000000
0000000001000000 54 0000000000000000 0000000000000000 0000000000000000
0000000001000000 55 0000000000000000 0000000000000000 0000000000000000
0000000001000000 56 0000000000000000 0000000000000000 0000000000000000
0000000001000000 57 0000000000000000 0000000000000000 0000000000000000
0000000001000000 58 0000000000000000 0000000000000000 0000000000000000
0000000001000000 59 0000000000000000 0000000000000000 0000000000000000
0000000001000000 60 0000000000000000 0000000000000000 0000000000000000
0000000001000000 61 0000000000000000 0000000000000000 0000000000000000
0000000001000000 62 0000000000000000 0000000000000000 0000000000000000
0000000001000000 63 0000000000000000 0000000000000000 0000000000000000
0000000001ffffff 0 0000000001ffffff 0000000001ffffff 0000000001ffffff
0000000001ffffff 1 0000000000ffffff 0000000003fffffe 0000000000ffffff
0000000001ffffff 2 00000000007fffff 0000000007fffffc 00000000007fffff
0000000001ffffff 3 00000000003fffff 000000000ffffff8 00000000003fffff
0000000001ffffff 4 00000000001fffff 000000001ffffff0 00000000001fffff
0000000001ffffff 5 00000000000fffff 000000003fffffe0 00000000000fffff
0000000001ffffff 6 000000000007ffff 000000007fffffc0 000000000007ffff
0000000001ffffff 7 000000000003ffff 00000000ffffff80 000000000003ffff
0000000001ffffff 8 000000000001ffff 00000001ffffff00 000000000001ffff
0000000001ffffff 9 000000000000ffff 00000003fffffe00 000000000000ffff
0000000001ffffff 10 0000000000007fff 00000007fffffc00 0000000000007fff
0000000001ffffff 11 0000000000003fff 0000000ffffff800 0000000000003fff
0000000001ffffff 12 0000000000001fff 0000001ffffff000 0000000000001fff
0000000001ffffff 13 0000000000000fff 0000003fffffe000 0000000000000fff
0000000001ffffff 14 00000000000007ff 0000007fffffc000 00000000000007ff
0000000001ffffff 15 00000000000003ff 000000ffffff8000 00000000000003ff
0000000001ffffff 16 00000000000001ff 000001ffffff0000 00000000000001ff
0000000001ffffff 17 00000000000000ff 000003fffffe0000 00000000000000ff
0000000001ffffff 18 000000000000007f 000007fffffc0000 000000000000007f
0000000001ffffff 19 000000000000003f 00000ffffff80000 000000000000003f
0000000001ffffff 20 000000000000001f 00001ffffff00000 000000000000001f
0000000001ffffff 21 000000000000000f 00003fffffe00000 000000000000000f
0000000001ffffff 22 0000000000000007 00007fffffc00000 0000000000000007
0000000001ffffff 23 0000000000000003 0000ffffff800000 0000000000000003
0000000001ffffff 24 0000000000000001 0001ffffff000000 0000000000000001
0000000001ffffff 25 0000000000000000 0003fffffe000000 0000000000000000
0000000001ffffff 26 0000000000000000 0007fffffc000000 0000000000000000
0000000001ffffff 27 0000000000000000 000ffffff8000000 0000000000000000
0000000001ffffff 28 0000000000000000 001ffffff0000000 0000000000000000
0000000001ffffff 29 0000000000000000 003fffffe0000000 0000000000000000
0000000001ffffff 30 0000000000000000 007fffffc0000000 0000000000000000
0000000001ffffff 31 0000000000000000 00ffffff80000000 0000000000000000
0000000001ffffff 32 0000000000000000 01ffffff00000000 0000000000000000
0000000001ffffff 33 0000000000000000 03fffffe00000000 0000000000000000
0000000001ffffff 34 0000000000000000 07fffffc00000000 0000000000000000
0000000001ffffff 35 0000000000000000 0ffffff800000000 0000000000000000
0000000001ffffff 36 0000000000000000 1ffffff000000000 0000000000000000
0000000001ffffff 37 0000000000000000 3fffffe000000000 0000000000000000
0000000001ffffff 38 0000000000000000 7fffffc000000000 0000000000000000
0000000001ffffff 39 0000000000000000 ffffff8000000000 0000000000000000
0000000001ffffff 40 0000000000000000 ffffff0000000000 0000000000000000
0000000001ffffff 41 0000000000000000 fffffe0000000000 0000000000000000
0000000001ffffff 42 0000000000000000 fffffc0000000000 0000000000000000
0000000001ffffff 43 0000000000000000 fffff80000000000 0000000000000000
0000000001ffffff 44 0000000000000000 fffff00000000000 0000000000000000
0000000001ffffff 45 0000000000000000 ffffe00000000000 0000000000000000
0000000001ffffff 46 0000000000000000 ffffc00000000000 0000000000000000
0000000001ffffff 47 0000000000000000 ffff800000000000 0000000000000000
0000000001ffffff 48 0000000000000000 ffff000000000000 0000000000000000
0000000001ffffff 49 0000000000000000 fffe000000000000 0000000000000000
0000000001ffffff 50 0000000000000000 fffc000000000000 0000000000000000
0000000001ffffff 51 0000000000000000 fff8000000000000 0000000000000000
0000000001ffffff 52 0000000000000000 fff0000000000000 0000000000000000
0000000001ffffff 53 0000000000000000 ffe0000000000000 0000000000000000
0000000001ffffff 54 0000000000000000 ffc0000000000000 0000000000000000
0000000001ffffff 55 0000000000000000 ff80000000000000 0000000000000000
0000000001ffffff 56 0000000000000000 ff00000000000000 0000000000000000
0000000001ffffff 57 0000000000000000 fe00000000000000 0000000000000000
0000000001ffffff 58 0000000000000000 fc00000000000000 0000000000000000
0000000001ffffff 59 0000000000000000 f800000000000000 0000000000000000
0000000001ffffff 60 0000000000000000 f000000000000000 0000000000000000
0000000001ffffff 61 0000000000000000 e000000000000000 0000000000000000
0000000001ffffff 62 0000000000000000 c000000000000000 0000000000000000
0000000001ffffff 63 0000000000000000 8000000000000000 0000000000000000
0000000002000000 0 0000000002000000 0000000002000000 0000000002000000
0000000002000000 1 0000000001000000 0000000004000000 0000000001000000
0000000002000000 2 0000000000800000 0000000008000000 0000000000800000
0000000002000000 3 0000000000400000 0000000010000000 0000000000400000
0000000002000000 4 0000000000200000 0000000020000000 0000000000200000
0000000002000000 5 0000000000100000 0000000040000000 0000000000100000
0000000002000000 6 0000000000080000 0000000080000000 0000000000080000
0000000002000000 7 0000000000040000 0000000100000000 0000000000040000
0000000002000000 8 0000000000020000 0000000200000000 0000000000020000
0000000002000000 9 0000000000010000 0000000400000000 0000000000010000
0000000002000000 10 0000000000008000 0000000800000000 0000000000008000
0000000002000000 11 0000000000004000 0000001000000000 0000000000004000
0000000002000000 12 0000000000002000 0000002000000000 0000000000002000
0000000002000000 13 0000000000001000 0000004000000000 0000000000001000
0000000002000000 14 0000000000000800 0000008000000000 0000000000000800
0000000002000000 15 0000000000000400 0000010000000000 0000000000000400
0000000002000000 16 0000000000000200 0000020000000000 0000000000000200
0000000002000000 17 0000000000000100 0000040000000000 0000000000000100
0000000002000000 18 0000000000000080 0000080000000000 0000000000000080
0000000002000000 19 0000000000000040 0000100000000000 0000000000000040
0000000002000000 20 0000000000000020 0000200000000000 0000000000000020
0000000002000000 21 0000000000000010 0000400000000000 0000000000000010
0000000002000000 22 0000000000000008 0000800000000000 0000000000000008
0000000002000000 23 0000000000000004 0001000000000000 0000000000000004
0000000002000000 24 0000000000000002 0002000000000000 0000000000000002
0000000002000000 25 0000000000000001 0004000000000000 0000000000000001
0000000002000000 26 0000000000000000 0008000000000000 0000000000000000
0000000002000000 27 0000000000000000 0010000000000000 0000000000000000
0000000002000000 28 0000000000000000 0020000000000000 0000000000000000
0000000002000000 29 0000000000000000 0040000000000000 0000000000000000
0000000002000000 30 0000000000000000 0080000000000000 0000000000000000
0000000002000000 31 0000000000000000 0100000000000000 0000000000000000
0000000002000000 32 0000000000000000 0200000000000000 0000000000000000
0000000002000000 33 0000000000000000 0400000000000000 0000000000000000
0000000002000000 34 0000000000000000 0800000000000000 0000000000000000
0000000002000000 35 0000000000000000 1000000000000000 0000000000000000
0000000002000000 36 0000000000000000 2000000000000000 0000000000000000
0000000002000000 37 0000000000000000 4000000000000000 0000000000000000
0000000002000000 38 0000000000000000 8000000000000000 0000000000000000
0000000002000000 39 0000000000000000 0000000000000000 0000000000000000
0000000002000000 40 0000000000000000 0000000000000000 0000000000000000
0000000002000000 41 0000000000000000 0000000000000000 0000000000000000
0000000002000000 42 0000000000000000 0000000000000000 0000000000000000
0000000002000000 43 0000000000000000 0000000000000000 0000000000000000
0000000002000000 44 0000000000000000 0000000000000000 0000000000000000
0000000002000000 45 0000000000000000 0000000000000000 0000000000000000
0000000002000000 46 0000000000000000 0000000000000000 0000000000000000
0000000002000000 47 0000000000000000 0000000000000000 0000000000000000
0000000002000000 48 0000000000000000 0000000000000000 0000000000000000
0000000002000000 49 0000000000000000 0000000000000000 0000000000000000
0000000002000000 50 0000000000000000 0000000000000000 0000000000000000
0000000002000000 51 0000000000000000 0000000000000000 0000000000000000
0000000002000000 52 0000000000000000 0000000000000000 0000000000000000
0000000002000000 53 0000000000000000 0000000000000000 0000000000000000
0000000002000000 54 0000000000000000 0000000000000000 0000000000000000
0000000002000000 55 0000000000000000 0000000000000000 0000000000000000
0000000002000000 56 0000000000000000 0000000000000000 0000000000000000
0000000002000000 57 0000000000000000 0000000000000000 0000000000000000
0000000002000000 58 0000000000000000 0000000000000000 0000000000000000
0000000002000000 59 0000000000000000 0000000000000000 0000000000000000
0000000002000000 60 0000000000000000 0000000000000000 0000000000000000
0000000002000000 61 0000000000000000 0000000000000000 0000000000000000
0000000002000000 62 0000000000000000 0000000000000000 0000000000000000
0000000002000000 63 0000000000000000 0000000000000000 0000000000000000
0000000003ffffff 0 0000000003ffffff 0000000003ffffff 0000000003ffffff
0000000003ffffff 1 0000000001ffffff 0000000007fffffe 0000000001ffffff
0000000003ffffff 2 0000000000ffffff 000000000ffffffc 0000000000ffffff
0000000003ffffff 3 00000000007fffff 000000001ffffff8 00000000007fffff
0000000003ffffff 4 00000000003fffff 000000003ffffff0 00000000003fffff
0000000003ffffff 5 00000000001fffff 000000007fffffe0 00000000001fffff
0000000003ffffff 6 00000000000fffff 00000000ffffffc0 00000000000fffff
0000000003ffffff 7 000000000007ffff 00000001ffffff80 000000000007ffff
0000000003ffffff 8 000000000003ffff 00000003ffffff00 000000000003ffff
0000000003ffffff 9 000000000001ffff 00000007fffffe00 000000000001ffff
0000000003ffffff 10 000000000000ffff 0000000ffffffc00 000000000000ffff
0000000003ffffff 11 0000000000007fff 0000001ffffff800 0000000000007fff
0000000003ffffff 12 0000000000003fff 0000003ffffff000 0000000000003fff
0000000003ffffff 13 0000000000001fff 0000007fffffe000 0000000000001fff
0000000003ffffff 14 0000000000000fff 000000ffffffc000 0000000000000fff
0000000003ffffff 15 00000000000007ff 000001ffffff8000 00000000000007ff
0000000003ffffff 16 00000000000003ff 000003ffffff0000 00000000000003ff
0000000003ffffff 17 00000000000001ff 000007fffffe0000 00000000000001ff
0000000003ffffff 18 00000000000000ff 00000ffffffc0000 00000000000000ff
0000000003ffffff 19 000000000000007f 00001ffffff80000 000000000000007f
0000000003ffffff 20 000000000000003f 00003ffffff00000 000000000000003f
0000000003ffffff 21 000000000000001f 00007fffffe00000 000000000000001f
0000000003ffffff 22 000000000000000f 0000ffffffc00000 000000000000000f
0000000003ffffff 23 0000000000000007 0001ffffff800000 0000000000000007
0000000003ffffff 24 0000000000000003 0003ffffff000000 0000000000000003
0000000003ffffff 25 0000000000000001 0007fffffe000000 0000000000000001
0000000003ffffff 26 0000000000000000 000ffffffc000000 0000000000000000
0000000003ffffff 27 0000000000000000 001ffffff8000000 0000000000000000
0000000003ffffff 28 0000000000000000 003ffffff0000000 0000000000000000
0000000003ffffff 29 0000000000000000 007fffffe0000000 0000000000000000
0000000003ffffff 30 0000000000000000 00ffffffc0000000 0000000000000000
0000000003ffffff 31 0000000000000000 01ffffff80000000 0000000000000000
0000000003ffffff 32 0000000000000000 03ffffff00000000 0000000000000000
0000000003ffffff 33 0000000000000000 07fffffe00000000 0000000000000000
0000000003ffffff 34 0000000000000000 0ffffffc00000000 0000000000000000
0000000003ffffff 35 0000000000000000 1ffffff800000000 0000000000000000
0000000003ffffff 36 0000000000000000 3ffffff000000000 0000000000000000
0000000003ffffff 37 0000000000000000 7fffffe000000000 0000000000000000
0000000003ffffff 38 0000000000000000 ffffffc000000000 0000000000000000
0000000003ffffff 39 0000000000000000 ffffff8000000000 0000000000000000
0000000003ffffff 40 0000000000000000 ffffff0000000000 0000000000000000
0000000003ffffff 41 0000000000000000 fffffe0000000000 0000000000000000
0000000003ffffff 42 0000000000000000 fffffc0000000000 0000000000000000
0000000003ffffff 43 0000000000000000 fffff80000000000 0000000000000000
0000000003ffffff 44 0000000000000000 fffff00000000000 0000000000000000
0000000003ffffff 45 0000000000000000 ffffe00000000000 0000000000000000
0000000003ffffff 46 0000000000000000 ffffc00000000000 0000000000000000
0000000003ffffff 47 0000000000000000 ffff800000000000 0000000000000000
0000000003ffffff 48 0000000000000000 ffff000000000000 0000000000000000
0000000003ffffff 49 0000000000000000 fffe000000000000 0000000000000000
0000000003ffffff 50 0000000000000000 fffc000000000000 0000000000000000
0000000003ffffff 51 0000000000000000 fff8000000000000 0000000000000000
0000000003ffffff 52 0000000000000000 fff0000000000000 0000000000000000
0000000003ffffff 53 0000000000000000 ffe0000000000000 0000000000000000
0000000003ffffff 54 0000000000000000 ffc0000000000000 0000000000000000
0000000003ffffff 55 0000000000000000 ff80000000000000 0000000000000000
0000000003ffffff 56 0000000000000000 ff00000000000000 0000000000000000
0000000003ffffff 57 0000000000000000 fe00000000000000 0000000000000000
0000000003ffffff 58 0000000000000000 fc00000000000000 0000000000000000
0000000003ffffff 59 0000000000000000 f800000000000000 0000000000000000
0000000003ffffff 60 0000000000000000 f000000000000000 0000000000000000
0000000003ffffff 61 0000000000000000 e000000000000000 0000000000000000
0000000003ffffff 62 0000000000000000 c000000000000000 0000000000000000
0000000003ffffff 63 0000000000000000 8000000000000000 0000000000000000
0000000004000000 0 0000000004000000 0000000004000000 0000000004000000
0000000004000000 1 0000000002000000 0000000008000000 0000000002000000
0000000004000000 2 0000000001000000 0000000010000000 0000000001000000
0000000004000000 3 0000000000800000 0000000020000000 0000000000800000
0000000004000000 4 0000000000400000 0000000040000000 0000000000400000
0000000004000000 5 0000000000200000 0000000080000000 0000000000200000
0000000004000000 6 0000000000100000 0000000100000000 0000000000100000
0000000004000000 7 0000000000080000 0000000200000000 0000000000080000
0000000004000000 8 0000000000040000 0000000400000000 0000000000040000
0000000004000000 9 0000000000020000 0000000800000000 0000000000020000
0000000004000000 10 0000000000010000 0000001000000000 0000000000010000
0000000004000000 11 0000000000008000 0000002000000000 0000000000008000
0000000004000000 12 0000000000004000 0000004000000000 0000000000004000
0000000004000000 13 0000000000002000 0000008000000000 0000000000002000
0000000004000000 14 0000000000001000 0000010000000000 0000000000001000
0000000004000000 15 0000000000000800 0000020000000000 0000000000000800
0000000004000000 16 0000000000000400 0000040000000000 0000000000000400
0000000004000000 17 0000000000000200 0000080000000000 0000000000000200
0000000004000000 18 0000000000000100 0000100000000000 0000000000000100
0000000004000000 19 0000000000000080 0000200000000000 0000000000000080
0000000004000000 20 0000000000000040 0000400000000000 0000000000000040
0000000004000000 21 0000000000000020 0000800000000000 0000000000000020
0000000004000000 22 0000000000000010 0001000000000000 0000000000000010
0000000004000000 23 0000000000000008 0002000000000000 0000000000000008
0000000004000000 24 0000000000000004 0004000000000000 0000000000000004
0000000004000000 25 0000000000000002 0008000000000000 0000000000000002
0000000004000000 26 0000000000000001 0010000000000000 0000000000000001
0000000004000000 27 0000000000000000 0020000000000000 0000000000000000
0000000004000000 28 0000000000000000 0040000000000000 0000000000000000
0000000004000000 29 0000000000000000 0080000000000000 0000000000000000
0000000004000000 30 0000000000000000 0100000000000000 0000000000000000
0000000004000000 31 0000000000000000 0200000000000000 0000000000000000
0000000004000000 32 0000000000000000 0400000000000000 0000000000000000
0000000004000000 33 0000000000000000 0800000000000000 0000000000000000
0000000004000000 34 0000000000000000 1000000000000000 0000000000000000
0000000004000000 35 0000000000000000 2000000000000000 0000000000000000
0000000004000000 36 0000000000000000 4000000000000000 0000000000000000
0000000004000000 37 0000000000000000 8000000000000000 0000000000000000
0000000004000000 38 0000000000000000 0000000000000000 0000000000000000
0000000004000000 39 0000000000000000 0000000000000000 0000000000000000
0000000004000000 40 0000000000000000 0000000000000000 0000000000000000
0000000004000000 41 0000000000000000 0000000000000000 0000000000000000
0000000004000000 42 0000000000000000 0000000000000000 0000000000000000
0000000004000000 43 0000000000000000 0000000000000000 0000000000000000
0000000004000000 44 0000000000000000 0000000000000000 0000000000000000
0000000004000000 45 0000000000000000 0000000000000000 0000000000000000
0000000004000000 46 0000000000000000 0000000000000000 0000000000000000
0000000004000000 47 0000000000000000 0000000000000000 0000000000000000
0000000004000000 48 0000000000000000 0000000000000000 0000000000000000
0000000004000000 49 0000000000000000 0000000000000000 0000000000000000
0000000004000000 50 0000000000000000 0000000000000000 0000000000000000
0000000004000000 51 0000000000000000 0000000000000000 0000000000000000
0000000004000000 52 0000000000000000 0000000000000000 0000000000000000
0000000004000000 53 0000000000000000 0000000000000000 0000000000000000
0000000004000000 54 0000000000000000 0000000000000000 0000000000000000
0000000004000000 55 0000000000000000 0000000000000000 0000000000000000
0000000004000000 56 0000000000000000 0000000000000000 0000000000000000
0000000004000000 57 0000000000000000 0000000000000000 0000000000000000
0000000004000000 58 0000000000000000 0000000000000000 0000000000000000
0000000004000000 59 0000000000000000 0000000000000000 0000000000000000
0000000004000000 60 0000000000000000 0000000000000000 0000000000000000
0000000004000000 61 0000000000000000 0000000000000000 0000000000000000
0000000004000000 62 0000000000000000 0000000000000000 0000000000000000
0000000004000000 63 0000000000000000 0000000000000000 0000000000000000
0000000007ffffff 0 0000000007ffffff 0000000007ffffff 0000000007ffffff
0000000007ffffff 1 0000000003ffffff 000000000ffffffe 0000000003ffffff
0000000007ffffff 2 0000000001ffffff 000000001ffffffc 0000000001ffffff
0000000007ffffff 3 0000000000ffffff 000000003ffffff8 0000000000ffffff
0000000007ffffff 4 00000000007fffff 000000007ffffff0 00000000007fffff
0000000007ffffff 5 00000000003fffff 00000000ffffffe0 00000000003fffff
0000000007ffffff 6 00000000001fffff 00000001ffffffc0 00000000001fffff
0000000007ffffff 7 00000000000fffff 00000003ffffff80 00000000000fffff
0000000007ffffff 8 000000000007ffff 00000007ffffff00 000000000007ffff
0000000007ffffff 9 000000000003ffff 0000000ffffffe00 000000000003ffff
0000000007ffffff 10 000000000001ffff 0000001ffffffc00 000000000001ffff
0000000007ffffff 11 000000000000ffff 0000003ffffff800 000000000000ffff
0000000007ffffff 12 0000000000007fff 0000007ffffff000 0000000000007fff
0000000007ffffff 13 0000000000003fff 000000ffffffe000 0000000000003fff
0000000007ffffff 14 0000000000001fff 000001ffffffc000 0000000000001fff
0000000007ffffff 15 0000000000000fff 000003ffffff8000 0000000000000fff
0000000007ffffff 16 00000000000007ff 000007ffffff0000 00000000000007ff
0000000007ffffff 17 00000000000003ff 00000ffffffe0000 00000000000003ff
0000000007ffffff 18 00000000000001ff 00001ffffffc0000 00000000000001ff
0000000007ffffff 19 00000000000000ff 00003ffffff80000 00000000000000ff
0000000007ffffff 20 000000000000007f 00007ffffff00000 000000000000007f
0000000007ffffff 21 000000000000003f 0000ffffffe00000 000000000000003f
0000000007ffffff 22 000000000000001f 0001ffffffc00000 000000000000001f
0000000007ffffff 23 000000000000000f 0003ffffff800000 000000000000000f
0000000007ffffff 24 0000000000000007 0007ffffff000000 0000000000000007
0000000007ffffff 25 0000000000000003 000ffffffe000000 0000000000000003
0000000007ffffff 26 0000000000000001 001ffffffc000000 0000000000000001
0000000007ffffff 27 0000000000000000 003ffffff8000000 0000000000000000
0000000007ffffff 28 0000000000000000 007ffffff0000000 0000000000000000
0000000007ffffff 29 0000000000000000 00ffffffe0000000 0000000000000000
0000000007ffffff 30 0000000000000000 01ffffffc0000000 0000000000000000
0000000007ffffff 31 0000000000000000 03ffffff80000000 0000000000000000
0000000007ffffff 32 0000000000000000 07ffffff00000000 0000000000000000
0000000007ffffff 33 0000000000000000 0ffffffe00000000 0000000000000000
0000000007ffffff 34 0000000000000000 1ffffffc00000000 0000000000000000
0000000007ffffff 35 0000000000000000 3ffffff800000000 0000000000000000
0000000007ffffff 36 0000000000000000 7ffffff000000000 0000000000000000
0000000007ffffff 37 0000000000000000 ffffffe000000000 0000000000000000
0000000007ffffff 38 0000000000000000 ffffffc000000000 0000000000000000
0000000007ffffff 39 0000000000000000 ffffff8000000000 0000000000000000
0000000007ffffff 40 0000000000000000 ffffff0000000000 0000000000000000
0000000007ffffff 41 0000000000000000 fffffe0000000000 0000000000000000
0000000007ffffff 42 0000000000000000 fffffc0000000000 0000000000000000
0000000007ffffff 43 0000000000000000 fffff80000000000 0000000000000000
0000000007ffffff 44 0000000000000000 fffff00000000000 0000000000000000
0000000007ffffff 45 0000000000000000 ffffe00000000000 0000000000000000
0000000007ffffff 46 0000000000000000 ffffc00000000000 0000000000000000
0000000007ffffff 47 0000000000000000 ffff800000000000 0000000000000000
0000000007ffffff 48 0000000000000000 ffff000000000000 0000000000000000
0000000007ffffff 49 0000000000000000 fffe000000000000 0000000000000000
0000000007ffffff 50 0000000000000000 fffc000000000000 0000000000000000
0000000007ffffff 51 0000000000000000 fff8000000000000 0000000000000000
0000000007ffffff 52 0000000000000000 fff0000000000000 0000000000000000
0000000007ffffff 53 0000000000000000 ffe0000000000000 0000000000000000
0000000007ffffff 54 0000000000000000 ffc0000000000000 0000000000000000
0000000007ffffff 55 0000000000000000 ff80000000000000 0000000000000000
0000000007ffffff 56 0000000000000000 ff00000000000000 0000000000000000
0000000007ffffff 57 0000000000000000 fe00000000000000 0000000000000000
0000000007ffffff 58 0000000000000000 fc00000000000000 0000000000000000
0000000007ffffff 59 0000000000000000 f800000000000000 0000000000000000
0000000007ffffff 60 0000000000000000 f000000000000000 0000000000000000
0000000007ffffff 61 0000000000000000 e000000000000000 0000000000000000
0000000007ffffff 62 0000000000000000 c000000000000000 0000000000000000
0000000007ffffff 63 0000000000000000 8000000000000000 0000000000000000
0000000008000000 0 0000000008000000 0000000008000000 0000000008000000
0000000008000000 1 0000000004000000 0000000010000000 0000000004000000
0000000008000000 2 0000000002000000 0000000020000000 0000000002000000
0000000008000000 3 0000000001000000 0000000040000000 0000000001000000
0000000008000000 4 0000000000800000 0000000080000000 0000000000800000
0000000008000000 5 0000000000400000 0000000100000000 0000000000400000
0000000008000000 6 0000000000200000 0000000200000000 0000000000200000
0000000008000000 7 0000000000100000 0000000400000000 0000000000100000
0000000008000000 8 0000000000080000 0000000800000000 0000000000080000
0000000008000000 9 0000000000040000 0000001000000000 0000000000040000
0000000008000000 10 0000000000020000 0000002000000000 0000000000020000
0000000008000000 11 0000000000010000 0000004000000000 0000000000010000
0000000008000000 12 0000000000008000 0000008000000000 0000000000008000
0000000008000000 13 0000000000004000 0000010000000000 0000000000004000
0000000008000000 14 0000000000002000 0000020000000000 0000000000002000
0000000008000000 15 0000000000001000 0000040000000000 0000000000001000
0000000008000000 16 0000000000000800 0000080000000000 0000000000000800
0000000008000000 17 0000000000000400 0000100000000000 0000000000000400
0000000008000000 18 0000000000000200 0000200000000000 0000000000000200
0000000008000000 19 0000000000000100 0000400000000000 0000000000000100
0000000008000000 20 0000000000000080 0000800000000000 0000000000000080
0000000008000000 21 0000000000000040 0001000000000000 0000000000000040
0000000008000000 22 0000000000000020 0002000000000000 0000000000000020
0000000008000000 23 0000000000000010 0004000000000000 0000000000000010
0000000008000000 24 0000000000000008 0008000000000000 0000000000000008
0000000008000000 25 0000000000000004 0010000000000000 0000000000000004
0000000008000000 26 0000000000000002 0020000000000000 0000000000000002
0000000008000000 27 0000000000000001 0040000000000000 0000000000000001
0000000008000000 28 0000000000000000 0080000000000000 0000000000000000
0000000008000000 29 0000000000000000 0100000000000000 0000000000000000
0000000008000000 30 0000000000000000 0200000000000000 0000000000000000
0000000008000000 31 0000000000000000 0400000000000000 0000000000000000
0000000008000000 32 0000000000000000 0800000000000000 0000000000000000
0000000008000000 33 0000000000000000 1000000000000000 0000000000000000
0000000008000000 34 0000000000000000 2000000000000000 0000000000000000
0000000008000000 35 0000000000000000 4000000000000000 0000000000000000
0000000008000000 36 0000000000000000 8000000000000000 0000000000000000
0000000008000000 37 0000000000000000 0000000000000000 0000000000000000
0000000008000000 38 0000000000000000 0000000000000000 0000000000000000
0000000008000000 39 0000000000000000 0000000000000000 0000000000000000
0000000008000000 40 0000000000000000 0000000000000000 0000000000000000
0000000008000000 41 0000000000000000 0000000000000000 0000000000000000
0000000008000000 42 0000000000000000 0000000000000000 0000000000000000
0000000008000000 43 0000000000000000 0000000000000000 0000000000000000
0000000008000000 44 0000000000000000 0000000000000000 0000000000000000
0000000008000000 45 0000000000000000 0000000000000000 0000000000000000
0000000008000000 46 0000000000000000 0000000000000000 0000000000000000
0000000008000000 47 0000000000000000 0000000000000000 0000000000000000
0000000008000000 48 0000000000000000 0000000000000000 0000000000000000
0000000008000000 49 0000000000000000 0000000000000000 0000000000000000
0000000008000000 50 0000000000000000 0000000000000000 0000000000000000
0000000008000000 51 0000000000000000 0000000000000000 0000000000000000
0000000008000000 52 0000000000000000 0000000000000000 0000000000000000
0000000008000000 53 0000000000000000 0000000000000000 0000000000000000
0000000008000000 54 0000000000000000 0000000000000000 0000000000000000
0000000008000000 55 0000000000000000 0000000000000000 0000000000000000
0000000008000000 56 0000000000000000 0000000000000000 0000000000000000
0000000008000000 57 0000000000000000 0000000000000000 0000000000000000
0000000008000000 58 0000000000000000 0000000000000000 0000000000000000
0000000008000000 59 0000000000000000 0000000000000000 0000000000000000
0000000008000000 60 0000000000000000 0000000000000000 0000000000000000
0000000008000000 61 0000000000000000 0000000000000000 0000000000000000
0000000008000000 62 0000000000000000 0000000000000000 0000000000000000
0000000008000000 63 0000000000000000 0000000000000000 0000000000000000
000000000fffffff 0 000000000fffffff 000000000fffffff 000000000fffffff
000000000fffffff 1 0000000007ffffff 000000001ffffffe 0000000007ffffff
000000000fffffff 2 0000000003ffffff 000000003ffffffc 0000000003ffffff
000000000fffffff 3 0000000001ffffff 000000007ffffff8 0000000001ffffff
000000000fffffff 4 0000000000ffffff 00000000fffffff0 0000000000ffffff
000000000fffffff 5 00000000007fffff 00000001ffffffe0 00000000007fffff
000000000fffffff 6 00000000003fffff 00000003ffffffc0 00000000003fffff
000000000fffffff 7 00000000001fffff 00000007ffffff80 00000000001fffff
000000000fffffff 8 00000000000fffff 0000000fffffff00 00000000000fffff
000000000fffffff 9 000000000007ffff 0000001ffffffe00 000000000007ffff
000000000fffffff 10 000000000003ffff 0000003ffffffc00 000000000003ffff
000000000fffffff 11 000000000001ffff 0000007ffffff800 000000000001ffff
000000000fffffff 12 000000000000ffff 000000fffffff000 000000000000ffff
000000000fffffff 13 0000000000007fff 000001ffffffe000 0000000000007fff
000000000fffffff 14 0000000000003fff 000003ffffffc000 0000000000003fff
000000000fffffff 15 0000000000001fff 000007ffffff8000 0000000000001fff
000000000fffffff 16 0000000000000fff 00000fffffff0000 0000000000000fff
000000000fffffff 17 00000000000007ff 00001ffffffe0000 00000000000007ff
000000000fffffff 18 00000000000003ff 00003ffffffc0000 00000000000003ff
000000000fffffff 19 00000000000001ff 00007ffffff80000 00000000000001ff
000000000fffffff 20 00000000000000ff 0000fffffff00000 00000000000000ff
000000000fffffff 21 000000000000007f 0001ffffffe00000 000000000000007f
000000000fffffff 22 000000000000003f 0003ffffffc00000 000000000000003f
000000000fffffff 23 000000000000001f 0007ffffff800000 000000000000001f
000000000fffffff 24 000000000000000f 000fffffff000000 000000000000000f
000000000fffffff 25 0000000000000007 001ffffffe000000 0000000000000007
000000000fffffff 26 0000000000000003 003ffffffc000000 0000000000000003
000000000fffffff 27 0000000000000001 007ffffff8000000 0000000000000001
000000000fffffff 28 0000000000000000 00fffffff0000000 0000000000000000
000000000fffffff 29 0000000000000000 01ffffffe0000000 0000000000000000
000000000fffffff 30 0000000000000000 03ffffffc0000000 0000000000000000
000000000fffffff 31 0000000000000000 07ffffff80000000 0000000000000000
000000000fffffff 32 0000000000000000 0fffffff00000000 0000000000000000
000000000fffffff 33 0000000000000000 1ffffffe00000000 0000000000000000
000000000fffffff 34 0000000000000000 3ffffffc00000000 0000000000000000
000000000fffffff 35 0000000000000000 7ffffff800000000 0000000000000000
000000000fffffff 36 0000000000000000 fffffff000000000 0000000000000000
000000000fffffff 37 0000000000000000 ffffffe000000000 0000000000000000
000000000fffffff 38 0000000000000000 ffffffc000000000 0000000000000000
000000000fffffff 39 0000000000000000 ffffff8000000000 0000000000000000
000000000fffffff 40 0000000000000000 ffffff0000000000 0000000000000000
000000000fffffff 41 0000000000000000 fffffe0000000000 0000000000000000
000000000fffffff 42 0000000000000000 fffffc0000000000 0000000000000000
000000000fffffff 43 0000000000000000 fffff80000000000 0000000000000000
000000000fffffff 44 0000000000000000 fffff00000000000 0000000000000000
000000000fffffff 45 0000000000000000 ffffe00000000000 0000000000000000
000000000fffffff 46 0000000000000000 ffffc00000000000 0000000000000000
000000000fffffff 47 0000000000000000 ffff800000000000 0000000000000000
000000000fffffff 48 0000000000000000 ffff000000000000 0000000000000000
000000000fffffff 49 0000000000000000 fffe000000000000 0000000000000000
000000000fffffff 50 0000000000000000 fffc000000000000 0000000000000000
000000000fffffff 51 0000000000000000 fff8000000000000 0000000000000000
000000000fffffff 52 0000000000000000 fff0000000000000 0000000000000000
000000000fffffff 53 0000000000000000 ffe0000000000000 0000000000000000
000000000fffffff 54 0000000000000000 ffc0000000000000 0000000000000000
000000000fffffff 55 0000000000000000 ff80000000000000 0000000000000000
000000000fffffff 56 0000000000000000 ff00000000000000 0000000000000000
000000000fffffff 57 0000000000000000 fe00000000000000 0000000000000000
000000000fffffff 58 0000000000000000 fc00000000000000 0000000000000000
000000000fffffff 59 0000000000000000 f800000000000000 0000000000000000
000000000fffffff 60 0000000000000000 f000000000000000 0000000000000000
000000000fffffff 61 0000000000000000 e000000000000000 0000000000000000
000000000fffffff 62 0000000000000000 c000000000000000 0000000000000000
000000000fffffff 63 0000000000000000 8000000000000000 0000000000000000
0000000010000000 0 0000000010000000 0000000010000000 0000000010000000
0000000010000000 1 0000000008000000 0000000020000000 0000000008000000
0000000010000000 2 0000000004000000 0000000040000000 0000000004000000
0000000010000000 3 0000000002000000 0000000080000000 0000000002000000
0000000010000000 4 0000000001000000 0000000100000000 0000000001000000
0000000010000000 5 0000000000800000 0000000200000000 0000000000800000
0000000010000000 6 0000000000400000 0000000400000000 0000000000400000
0000000010000000 7 0000000000200000 0000000800000000 0000000000200000
0000000010000000 8 0000000000100000 0000001000000000 0000000000100000
0000000010000000 9 0000000000080000 0000002000000000 0000000000080000
0000000010000000 10 0000000000040000 0000004000000000 0000000000040000
0000000010000000 11 0000000000020000 0000008000000000 0000000000020000
0000000010000000 12 0000000000010000 0000010000000000 0000000000010000
0000000010000000 13 0000000000008000 0000020000000000 0000000000008000
0000000010000000 14 0000000000004000 0000040000000000 0000000000004000
0000000010000000 15 0000000000002000 0000080000000000 0000000000002000
0000000010000000 16 0000000000001000 0000100000000000 0000000000001000
0000000010000000 17 0000000000000800 0000200000000000 0000000000000800
0000000010000000 18 0000000000000400 0000400000000000 0000000000000400
0000000010000000 19 0000000000000200 0000800000000000 0000000000000200
0000000010000000 20 0000000000000100 0001000000000000 0000000000000100
0000000010000000 21 0000000000000080 0002000000000000 0000000000000080
0000000010000000 22 0000000000000040 0004000000000000 0000000000000040
0000000010000000 23 0000000000000020 0008000000000000 0000000000000020
0000000010000000 24 0000000000000010 0010000000000000 0000000000000010
0000000010000000 25 0000000000000008 0020000000000000 0000000000000008
0000000010000000 26 0000000000000004 0040000000000000 0000000000000004
0000000010000000 27 0000000000000002 0080000000000000 0000000000000002
0000000010000000 28 0000000000000001 0100000000000000 0000000000000001
0000000010000000 29 0000000000000000 0200000000000000 0000000000000000
0000000010000000 30 0000000000000000 0400000000000000 0000000000000000
0000000010000000 31 0000000000000000 0800000000000000 0000000000000000
0000000010000000 32 0000000000000000 1000000000000000 0000000000000000
0000000010000000 33 0000000000000000 2000000000000000 0000000000000000
0000000010000000 34 0000000000000000 4000000000000000 0000000000000000
0000000010000000 35 0000000000000000 8000000000000000 0000000000000000
0000000010000000 36 0000000000000000 0000000000000000 0000000000000000
0000000010000000 37 0000000000000000 0000000000000000 0000000000000000
0000000010000000 38 0000000000000000 0000000000000000 0000000000000000
0000000010000000 39 0000000000000000 0000000000000000 0000000000000000
0000000010000000 40 0000000000000000 0000000000000000 0000000000000000
0000000010000000 41 0000000000000000 0000000000000000 0000000000000000
0000000010000000 42 0000000000000000 0000000000000000 0000000000000000
0000000010000000 43 0000000000000000 0000000000000000 0000000000000000
0000000010000000 44 0000000000000000 0000000000000000 0000000000000000
0000000010000000 45 0000000000000000 0000000000000000 0000000000000000
0000000010000000 46 0000000000000000 0000000000000000 0000000000000000
0000000010000000 47 0000000000000000 0000000000000000 0000000000000000
0000000010000000 48 0000000000000000 0000000000000000 0000000000000000
0000000010000000 49 0000000000000000 0000000000000000 0000000000000000
0000000010000000 50 0000000000000000 0000000000000000 0000000000000000
0000000010000000 51 0000000000000000 0000000000000000 0000000000000000
0000000010000000 52 0000000000000000 0000000000000000 0000000000000000
0000000010000000 53 0000000000000000 0000000000000000 0000000000000000
0000000010000000 54 0000000000000000 0000000000000000 0000000000000000
0000000010000000 55 0000000000000000 0000000000000000 0000000000000000
0000000010000000 56 0000000000000000 0000000000000000 0000000000000000
0000000010000000 57 0000000000000000 0000000000000000 0000000000000000
0000000010000000 58 0000000000000000 0000000000000000 0000000000000000
0000000010000000 59 0000000000000000 0000000000000000 0000000000000000
0000000010000000 60 0000000000000000 0000000000000000 0000000000000000
0000000010000000 61 0000000000000000 0000000000000000 0000000000000000
0000000010000000 62 0000000000000000 0000000000000000 0000000000000000
0000000010000000 63 0000000000000000 0000000000000000 0000000000000000
000000001fffffff 0 000000001fffffff 000000001fffffff 000000001fffffff
000000001fffffff 1 000000000fffffff 000000003ffffffe 000000000fffffff
000000001fffffff 2 0000000007ffffff 000000007ffffffc 0000000007ffffff
000000001fffffff 3 0000000003ffffff 00000000fffffff8 0000000003ffffff
000000001fffffff 4 0000000001ffffff 00000001fffffff0 0000000001ffffff
000000001fffffff 5 0000000000ffffff 00000003ffffffe0 0000000000ffffff
000000001fffffff 6 00000000007fffff 00000007ffffffc0 00000000007fffff
000000001fffffff 7 00000000003fffff 0000000fffffff80 00000000003fffff
000000001fffffff 8 00000000001fffff 0000001fffffff00 00000000001fffff
000000001fffffff 9 00000000000fffff 0000003ffffffe00 00000000000fffff
000000001fffffff 10 000000000007ffff 0000007ffffffc00 000000000007ffff
000000001fffffff 11 000000000003ffff 000000fffffff800 000000000003ffff
000000001fffffff 12 000000000001ffff 000001fffffff000 000000000001ffff
000000001fffffff 13 000000000000ffff 000003ffffffe000 000000000000ffff
000000001fffffff 14 0000000000007fff 000007ffffffc000 0000000000007fff
000000001fffffff 15 0000000000003fff 00000fffffff8000 0000000000003fff
000000001fffffff 16 0000000000001fff 00001fffffff0000 0000000000001fff
000000001fffffff 17 0000000000000fff 00003ffffffe0000 0000000000000fff
000000001fffffff 18 00000000000007ff 00007ffffffc0000 00000000000007ff
000000001fffffff 19 00000000000003ff 0000fffffff80000 00000000000003ff
000000001fffffff 20 00000000000001ff 0001fffffff00000 00000000000001ff
000000001fffffff 21 00000000000000ff 0003ffffffe00000 00000000000000ff
000000001fffffff 22 000000000000007f 0007ffffffc00000 000000000000007f
000000001fffffff 23 000000000000003f 000fffffff800000 000000000000003f
000000001fffffff 24 000000000000001f 001fffffff000000 000000000000001f
000000001fffffff 25 000000000000000f 003ffffffe000000 000000000000000f
000000001fffffff 26 0000000000000007 007ffffffc000000 0000000000000007
000000001fffffff 27 0000000000000003 00fffffff8000000 0000000000000003
000000001fffffff 28 0000000000000001 01fffffff0000000 0000000000000001
000000001fffffff 29 0000000000000000 03ffffffe0000000 0000000000000000
000000001fffffff 30 0000000000000000 07ffffffc0000000 0000000000000000
000000001fffffff 31 0000000000000000 0fffffff80000000 0000000000000000
000000001fffffff 32 0000000000000000 1fffffff00000000 0000000000000000
000000001fffffff 33 0000000000000000 3ffffffe00000000 0000000000000000
000000001fffffff 34 0000000000000000 7ffffffc00000000 0000000000000000
000000001fffffff 35 0000000000000000 fffffff800000000 0000000000000000
000000001fffffff 36 0000000000000000 fffffff000000000 0000000000000000
000000001fffffff 37 0000000000000000 ffffffe000000000 0000000000000000
000000001fffffff 38 0000000000000000 ffffffc000000000 0000000000000000
000000001fffffff 39 0000000000000000 ffffff8000000000 0000000000000000
000000001fffffff 40 0000000000000000 ffffff0000000000 0000000000000000
000000001fffffff 41 0000000000000000 fffffe0000000000 0000000000000000
000000001fffffff 42 0000000000000000 fffffc0000000000 0000000000000000
000000001fffffff 43 0000000000000000 fffff80000000000 0000000000000000
000000001fffffff 44 0000000000000000 fffff00000000000 0000000000000000
000000001fffffff 45 0000000000000000 ffffe00000000000 0000000000000000
000000001fffffff 46 0000000000000000 ffffc00000000000 0000000000000000
000000001fffffff 47 0000000000000000 ffff800000000000 0000000000000000
000000001fffffff 48 0000000000000000 ffff000000000000 0000000000000000
000000001fffffff 49 0000000000000000 fffe000000000000 0000000000000000
000000001fffffff 50 0000000000000000 fffc000000000000 0000000000000000
000000001fffffff 51 0000000000000000 fff8000000000000 0000000000000000
000000001fffffff 52 0000000000000000 fff0000000000000 0000000000000000
000000001fffffff 53 0000000000000000 ffe0000000000000 0000000000000000
000000001fffffff 54 0000000000000000 ffc0000000000000 0000000000000000
000000001fffffff 55 0000000000000000 ff80000000000000 0000000000000000
000000001fffffff 56 0000000000000000 ff00000000000000 0000000000000000
000000001fffffff 57 0000000000000000 fe00000000000000 0000000000000000
000000001fffffff 58 0000000000000000 fc00000000000000 0000000000000000
000000001fffffff 59 0000000000000000 f800000000000000 0000000000000000
000000001fffffff 60 0000000000000000 f000000000000000 0000000000000000
000000001fffffff 61 0000000000000000 e000000000000000 0000000000000000
000000001fffffff 62 0000000000000000 c000000000000000 0000000000000000
000000001fffffff 63 0000000000000000 8000000000000000 0000000000000000
0000000020000000 0 0000000020000000 0000000020000000 0000000020000000
0000000020000000 1 0000000010000000 0000000040000000 0000000010000000
0000000020000000 2 0000000008000000 0000000080000000 0000000008000000
0000000020000000 3 0000000004000000 0000000100000000 0000000004000000
0000000020000000 4 0000000002000000 0000000200000000 0000000002000000
0000000020000000 5 0000000001000000 0000000400000000 0000000001000000
0000000020000000 6 0000000000800000 0000000800000000 0000000000800000
0000000020000000 7 0000000000400000 0000001000000000 0000000000400000
0000000020000000 8 0000000000200000 0000002000000000 0000000000200000
0000000020000000 9 0000000000100000 0000004000000000 0000000000100000
0000000020000000 10 0000000000080000 0000008000000000 0000000000080000
0000000020000000 11 0000000000040000 0000010000000000 0000000000040000
0000000020000000 12 0000000000020000 0000020000000000 0000000000020000
0000000020000000 13 0000000000010000 0000040000000000 0000000000010000
0000000020000000 14 0000000000008000 0000080000000000 0000000000008000
0000000020000000 15 0000000000004000 0000100000000000 0000000000004000
0000000020000000 16 0000000000002000 0000200000000000 0000000000002000
0000000020000000 17 0000000000001000 0000400000000000 0000000000001000
0000000020000000 18 0000000000000800 0000800000000000 0000000000000800
0000000020000000 19 0000000000000400 0001000000000000 0000000000000400
0000000020000000 20 0000000000000200 0002000000000000 0000000000000200
0000000020000000 21 0000000000000100 0004000000000000 0000000000000100
0000000020000000 22 0000000000000080 0008000000000000 0000000000000080
0000000020000000 23 0000000000000040 0010000000000000 0000000000000040
0000000020000000 24 0000000000000020 0020000000000000 0000000000000020
0000000020000000 25 0000000000000010 0040000000000000 0000000000000010
0000000020000000 26 0000000000000008 0080000000000000 0000000000000008
0000000020000000 27 0000000000000004 0100000000000000 0000000000000004
0000000020000000 28 0000000000000002 0200000000000000 0000000000000002
0000000020000000 29 0000000000000001 0400000000000000 0000000000000001
0000000020000000 30 0000000000000000 0800000000000000 0000000000000000
0000000020000000 31 0000000000000000 1000000000000000 0000000000000000
0000000020000000 32 0000000000000000 2000000000000000 0000000000000000
0000000020000000 33 0000000000000000 4000000000000000 0000000000000000
0000000020000000 34 0000000000000000 8000000000000000 0000000000000000
0000000020000000 35 0000000000000000 0000000000000000 0000000000000000
0000000020000000 36 0000000000000000 0000000000000000 0000000000000000
0000000020000000 37 0000000000000000 0000000000000000 0000000000000000
0000000020000000 38 0000000000000000 0000000000000000 0000000000000000
0000000020000000 39 0000000000000000 0000000000000000 0000000000000000
0000000020000000 40 0000000000000000 0000000000000000 0000000000000000
0000000020000000 41 0000000000000000 0000000000000000 0000000000000000
0000000020000000 42 0000000000000000 0000000000000000 0000000000000000
0000000020000000 43 0000000000000000 0000000000000000 0000000000000000
0000000020000000 44 0000000000000000 0000000000000000 0000000000000000
0000000020000000 45 0000000000000000 0000000000000000 0000000000000000
0000000020000000 46 0000000000000000 0000000000000000 0000000000000000
0000000020000000 47 0000000000000000 0000000000000000 0000000000000000
0000000020000000 48 0000000000000000 0000000000000000 0000000000000000
0000000020000000 49 0000000000000000 0000000000000000 0000000000000000
0000000020000000 50 0000000000000000 0000000000000000 0000000000000000
0000000020000000 51 0000000000000000 0000000000000000 0000000000000000
0000000020000000 52 0000000000000000 0000000000000000 0000000000000000
0000000020000000 53 0000000000000000 0000000000000000 0000000000000000
0000000020000000 54 0000000000000000 0000000000000000 0000000000000000
0000000020000000 55 0000000000000000 0000000000000000 0000000000000000
0000000020000000 56 0000000000000000 0000000000000000 0000000000000000
0000000020000000 57 0000000000000000 0000000000000000 0000000000000000
0000000020000000 58 0000000000000000 0000000000000000 0000000000000000
0000000020000000 59 0000000000000000 0000000000000000 0000000000000000
0000000020000000 60 0000000000000000 0000000000000000 0000000000000000
0000000020000000 61 0000000000000000 0000000000000000 0000000000000000
0000000020000000 62 0000000000000000 0000000000000000 0000000000000000
0000000020000000 63 0000000000000000 0000000000000000 0000000000000000
000000003fffffff 0 000000003fffffff 000000003fffffff 000000003fffffff
000000003fffffff 1 000000001fffffff 000000007ffffffe 000000001fffffff
000000003fffffff 2 000000000fffffff 00000000fffffffc 000000000fffffff
000000003fffffff 3 0000000007ffffff 00000001fffffff8 0000000007ffffff
000000003fffffff 4 0000000003ffffff 00000003fffffff0 0000000003ffffff
000000003fffffff 5 0000000001ffffff 00000007ffffffe0 0000000001ffffff
000000003fffffff 6 0000000000ffffff 0000000fffffffc0 0000000000ffffff
000000003fffffff 7 00000000007fffff 0000001fffffff80 00000000007fffff
000000003fffffff 8 00000000003fffff 0000003fffffff00 00000000003fffff
000000003fffffff 9 00000000001fffff 0000007ffffffe00 00000000001fffff
000000003fffffff 10 00000000000fffff 000000fffffffc00 00000000000fffff
000000003fffffff 11 000000000007ffff 000001fffffff800 000000000007ffff
000000003fffffff 12 000000000003ffff 000003fffffff000 000000000003ffff
000000003fffffff 13 000000000001ffff 000007ffffffe000 000000000001ffff
000000003fffffff 14 000000000000ffff 00000fffffffc000 000000000000ffff
000000003fffffff 15 0000000000007fff 00001fffffff8000 0000000000007fff
000000003fffffff 16 0000000000003fff 00003fffffff0000 0000000000003fff
000000003fffffff 17 0000000000001fff 00007ffffffe0000 0000000000001fff
000000003fffffff 18 0000000000000fff 0000fffffffc0000 0000000000000fff
000000003fffffff 19 00000000000007ff 0001fffffff80000 00000000000007ff
000000003fffffff 20 00000000000003ff 0003fffffff00000 00000000000003ff
000000003fffffff 21 00000000000001ff 0007ffffffe00000 00000000000001ff
000000003fffffff 22 00000000000000ff 000fffffffc00000 00000000000000ff
000000003fffffff 23 000000000000007f 001fffffff800000 000000000000007f
000000003fffffff 24 000000000000003f 003fffffff000000 000000000000003f
000000003fffffff 25 000000000000001f 007ffffffe000000 000000000000001f
000000003fffffff 26 000000000000000f 00fffffffc000000 000000000000000f
000000003fffffff 27 0000000000000007 01fffffff8000000 0000000000000007
000000003fffffff 28 0000000000000003 03fffffff0000000 0000000000000003
000000003fffffff 29 0000000000000001 07ffffffe0000000 0000000000000001
000000003fffffff 30 0000000000000000 0fffffffc0000000 0000000000000000
000000003fffffff 31 0000000000000000 1fffffff80000000 0000000000000000
000000003fffffff 32 0000000000000000 3fffffff00000000 0000000000000000
000000003fffffff 33 0000000000000000 7ffffffe00000000 0000000000000000
000000003fffffff 34 0000000000000000 fffffffc00000000 0000000000000000
000000003fffffff 35 0000000000000000 fffffff800000000 0000000000000000
000000003fffffff 36 0000000000000000 fffffff000000000 0000000000000000
000000003fffffff 37 0000000000000000 ffffffe000000000 0000000000000000
000000003fffffff 38 0000000000000000 ffffffc000000000 0000000000000000
000000003fffffff 39 0000000000000000 ffffff8000000000 0000000000000000
000000003fffffff 40 0000000000000000 ffffff0000000000 0000000000000000
000000003fffffff 41 0000000000000000 fffffe0000000000 0000000000000000
000000003fffffff 42 0000000000000000 fffffc0000000000 0000000000000000
000000003fffffff 43 0000000000000000 fffff80000000000 0000000000000000
000000003fffffff 44 0000000000000000 fffff00000000000 0000000000000000
000000003fffffff 45 0000000000000000 ffffe00000000000 0000000000000000
000000003fffffff 46 0000000000000000 ffffc00000000000 0000000000000000
000000003fffffff 47 0000000000000000 ffff800000000000 0000000000000000
000000003fffffff 48 0000000000000000 ffff000000000000 0000000000000000
000000003fffffff 49 0000000000000000 fffe000000000000 0000000000000000
000000003fffffff 50 0000000000000000 fffc000000000000 0000000000000000
000000003fffffff 51 0000000000000000 fff8000000000000 0000000000000000
000000003fffffff 52 0000000000000000 fff0000000000000 0000000000000000
000000003fffffff 53 0000000000000000 ffe0000000000000 0000000000000000
000000003fffffff 54 0000000000000000 ffc0000000000000 0000000000000000
000000003fffffff 55 0000000000000000 ff80000000000000 0000000000000000
000000003fffffff 56 0000000000000000 ff00000000000000 0000000000000000
000000003fffffff 57 0000000000000000 fe00000000000000 0000000000000000
000000003fffffff 58 0000000000000000 fc00000000000000 0000000000000000
000000003fffffff 59 0000000000000000 f800000000000000 0000000000000000
000000003fffffff 60 0000000000000000 f000000000000000 0000000000000000
000000003fffffff 61 0000000000000000 e000000000000000 0000000000000000
000000003fffffff 62 0000000000000000 c000000000000000 0000000000000000
000000003fffffff 63 0000000000000000 8000000000000000 0000000000000000
0000000040000000 0 0000000040000000 0000000040000000 0000000040000000
0000000040000000 1 0000000020000000 0000000080000000 0000000020000000
0000000040000000 2 0000000010000000 0000000100000000 0000000010000000
0000000040000000 3 0000000008000000 0000000200000000 0000000008000000
0000000040000000 4 0000000004000000 0000000400000000 0000000004000000
0000000040000000 5 0000000002000000 0000000800000000 0000000002000000
0000000040000000 6 0000000001000000 0000001000000000 0000000001000000
0000000040000000 7 0000000000800000 0000002000000000 0000000000800000
0000000040000000 8 0000000000400000 0000004000000000 0000000000400000
0000000040000000 9 0000000000200000 0000008000000000 0000000000200000
0000000040000000 10 0000000000100000 0000010000000000 0000000000100000
0000000040000000 11 0000000000080000 0000020000000000 0000000000080000
0000000040000000 12 0000000000040000 0000040000000000 0000000000040000
0000000040000000 13 0000000000020000 0000080000000000 0000000000020000
0000000040000000 14 0000000000010000 0000100000000000 0000000000010000
0000000040000000 15 0000000000008000 0000200000000000 0000000000008000
0000000040000000 16 0000000000004000 0000400000000000 0000000000004000
0000000040000000 17 0000000000002000 0000800000000000 0000000000002000
0000000040000000 18 0000000000001000 0001000000000000 0000000000001000
0000000040000000 19 0000000000000800 0002000000000000 0000000000000800
0000000040000000 20 0000000000000400 0004000000000000 0000000000000400
0000000040000000 21 0000000000000200 0008000000000000 0000000000000200
0000000040000000 22 0000000000000100 0010000000000000 0000000000000100
0000000040000000 23 0000000000000080 0020000000000000 0000000000000080
0000000040000000 24 0000000000000040 0040000000000000 0000000000000040
0000000040000000 25 0000000000000020 0080000000000000 0000000000000020
0000000040000000 26 0000000000000010 0100000000000000 0000000000000010
0000000040000000 27 0000000000000008 0200000000000000 0000000000000008
0000000040000000 28 0000000000000004 0400000000000000 0000000000000004
0000000040000000 29 0000000000000002 0800000000000000 0000000000000002
0000000040000000 30 0000000000000001 1000000000000000 0000000000000001
0000000040000000 31 0000000000000000 2000000000000000 0000000000000000
0000000040000000 32 0000000000000000 4000000000000000 0000000000000000
0000000040000000 33 0000000000000000 8000000000000000 0000000000000000
0000000040000000 34 0000000000000000 0000000000000000 0000000000000000
0000000040000000 35 0000000000000000 0000000000000000 0000000000000000
0000000040000000 36 0000000000000000 0000000000000000 0000000000000000
0000000040000000 37 0000000000000000 0000000000000000 0000000000000000
0000000040000000 38 0000000000000000 0000000000000000 0000000000000000
0000000040000000 39 0000000000000000 0000000000000000 0000000000000000
0000000040000000 40 0000000000000000 0000000000000000 0000000000000000
0000000040000000 41 0000000000000000 0000000000000000 0000000000000000
0000000040000000 42 0000000000000000 0000000000000000 0000000000000000
0000000040000000 43 0000000000000000 0000000000000000 0000000000000000
0000000040000000 44 0000000000000000 0000000000000000 0000000000000000
0000000040000000 45 0000000000000000 0000000000000000 0000000000000000
0000000040000000 46 0000000000000000 0000000000000000 0000000000000000
0000000040000000 47 0000000000000000 0000000000000000 0000000000000000
0000000040000000 48 0000000000000000 0000000000000000 0000000000000000
0000000040000000 49 0000000000000000 0000000000000000 0000000000000000
0000000040000000 50 0000000000000000 0000000000000000 0000000000000000
0000000040000000 51 0000000000000000 0000000000000000 0000000000000000
0000000040000000 52 0000000000000000 0000000000000000 0000000000000000
0000000040000000 53 0000000000000000 0000000000000000 0000000000000000
0000000040000000 54 0000000000000000 0000000000000000 0000000000000000
0000000040000000 55 0000000000000000 0000000000000000 0000000000000000
0000000040000000 56 0000000000000000 0000000000000000 0000000000000000
0000000040000000 57 0000000000000000 0000000000000000 0000000000000000
0000000040000000 58 0000000000000000 0000000000000000 0000000000000000
0000000040000000 59 0000000000000000 0000000000000000 0000000000000000
0000000040000000 60 0000000000000000 0000000000000000 0000000000000000
0000000040000000 61 0000000000000000 0000000000000000 0000000000000000
0000000040000000 62 0000000000000000 0000000000000000 0000000000000000
0000000040000000 63 0000000000000000 0000000000000000 0000000000000000
000000007fffffff 0 000000007fffffff 000000007fffffff 000000007fffffff
000000007fffffff 1 000000003fffffff 00000000fffffffe 000000003fffffff
000000007fffffff 2 000000001fffffff 00000001fffffffc 000000001fffffff
000000007fffffff 3 000000000fffffff 00000003fffffff8 000000000fffffff
000000007fffffff 4 0000000007ffffff 00000007fffffff0 0000000007ffffff
000000007fffffff 5 0000000003ffffff 0000000fffffffe0 0000000003ffffff
000000007fffffff 6 0000000001ffffff 0000001fffffffc0 0000000001ffffff
000000007fffffff 7 0000000000ffffff 0000003fffffff80 0000000000ffffff
000000007fffffff 8 00000000007fffff 0000007fffffff00 00000000007fffff
000000007fffffff 9 00000000003fffff 000000fffffffe00 00000000003fffff
000000007fffffff 10 00000000001fffff 000001fffffffc00 00000000001fffff
000000007fffffff 11 00000000000fffff 000003fffffff800 00000000000fffff
000000007fffffff 12 000000000007ffff 000007fffffff000 000000000007ffff
000000007fffffff 13 000000000003ffff 00000fffffffe000 000000000003ffff
000000007fffffff 14 000000000001ffff 00001fffffffc000 000000000001ffff
000000007fffffff 15 000000000000ffff 00003fffffff8000 000000000000ffff
000000007fffffff 16 0000000000007fff 00007fffffff0000 0000000000007fff
000000007fffffff 17 0000000000003fff 0000fffffffe0000 0000000000003fff
000000007fffffff 18 0000000000001fff 0001fffffffc0000 0000000000001fff
000000007fffffff 19 0000000000000fff 0003fffffff80000 0000000000000fff
000000007fffffff 20 00000000000007ff 0007fffffff00000 00000000000007ff
000000007fffffff 21 00000000000003ff 000fffffffe00000 00000000000003ff
000000007fffffff 22 00000000000001ff 001fffffffc00000 00000000000001ff
000000007fffffff 23 00000000000000ff 003fffffff800000 00000000000000ff
000000007fffffff 24 000000000000007f 007fffffff000000 000000000000007f
000000007fffffff 25 000000000000003f 00fffffffe000000 000000000000003f
000000007fffffff 26 000000000000001f 01fffffffc000000 000000000000001f
000000007fffffff 27 000000000000000f 03fffffff8000000 000000000000000f
000000007fffffff 28 0000000000000007 07fffffff0000000 0000000000000007
000000007fffffff 29 0000000000000003 0fffffffe0000000 0000000000000003
000000007fffffff 30 0000000000000001 1fffffffc0000000 0000000000000001
000000007fffffff 31 0000000000000000 3fffffff80000000 0000000000000000
000000007fffffff 32 0000000000000000 7fffffff00000000 0000000000000000
000000007fffffff 33 0000000000000000 fffffffe00000000 0000000000000000
000000007fffffff 34 0000000000000000 fffffffc00000000 0000000000000000
000000007fffffff 35 0000000000000000 fffffff800000000 0000000000000000
000000007fffffff 36 0000000000000000 fffffff000000000 0000000000000000
000000007fffffff 37 0000000000000000 ffffffe000000000 0000000000000000
000000007fffffff 38 0000000000000000 ffffffc000000000 0000000000000000
000000007fffffff 39 0000000000000000 ffffff8000000000 0000000000000000
000000007fffffff 40 0000000000000000 ffffff0000000000 0000000000000000
000000007fffffff 41 0000000000000000 fffffe0000000000 0000000000000000
000000007fffffff 42 0000000000000000 fffffc0000000000 0000000000000000
000000007fffffff 43 0000000000000000 fffff80000000000 0000000000000000
000000007fffffff 44 0000000000000000 fffff00000000000 0000000000000000
000000007fffffff 45 0000000000000000 ffffe00000000000 0000000000000000
000000007fffffff 46 0000000000000000 ffffc00000000000 0000000000000000
000000007fffffff 47 0000000000000000 ffff800000000000 0000000000000000
000000007fffffff 48 0000000000000000 ffff000000000000 0000000000000000
000000007fffffff 49 0000000000000000 fffe000000000000 0000000000000000
000000007fffffff 50 0000000000000000 fffc000000000000 0000000000000000
000000007fffffff 51 0000000000000000 fff8000000000000 0000000000000000
000000007fffffff 52 0000000000000000 fff0000000000000 0000000000000000
000000007fffffff 53 0000000000000000 ffe0000000000000 0000000000000000
000000007fffffff 54 0000000000000000 ffc0000000000000 0000000000000000
000000007fffffff 55 0000000000000000 ff80000000000000 0000000000000000
000000007fffffff 56 0000000000000000 ff00000000000000 0000000000000000
000000007fffffff 57 0000000000000000 fe00000000000000 0000000000000000
000000007fffffff 58 0000000000000000 fc00000000000000 0000000000000000
000000007fffffff 59 0000000000000000 f800000000000000 0000000000000000
000000007fffffff 60 0000000000000000 f000000000000000 0000000000000000
000000007fffffff 61 0000000000000000 e000000000000000 0000000000000000
000000007fffffff 62 0000000000000000 c000000000000000 0000000000000000
000000007fffffff 63 0000000000000000 8000000000000000 0000000000000000
0000000080000000 0 0000000080000000 0000000080000000 0000000080000000
0000000080000000 1 0000000040000000 0000000100000000 0000000040000000
0000000080000000 2 0000000020000000 0000000200000000 0000000020000000
0000000080000000 3 0000000010000000 0000000400000000 0000000010000000
0000000080000000 4 0000000008000000 0000000800000000 0000000008000000
0000000080000000 5 0000000004000000 0000001000000000 0000000004000000
0000000080000000 6 0000000002000000 0000002000000000 0000000002000000
0000000080000000 7 0000000001000000 0000004000000000 0000000001000000
0000000080000000 8 0000000000800000 0000008000000000 0000000000800000
0000000080000000 9 0000000000400000 0000010000000000 0000000000400000
0000000080000000 10 0000000000200000 0000020000000000 0000000000200000
0000000080000000 11 0000000000100000 0000040000000000 0000000000100000
0000000080000000 12 0000000000080000 0000080000000000 0000000000080000
0000000080000000 13 0000000000040000 0000100000000000 0000000000040000
0000000080000000 14 0000000000020000 0000200000000000 0000000000020000
0000000080000000 15 0000000000010000 0000400000000000 0000000000010000
0000000080000000 16 0000000000008000 0000800000000000 0000000000008000
0000000080000000 17 0000000000004000 0001000000000000 0000000000004000
0000000080000000 18 0000000000002000 0002000000000000 0000000000002000
0000000080000000 19 0000000000001000 0004000000000000 0000000000001000
0000000080000000 20 0000000000000800 0008000000000000 0000000000000800
0000000080000000 21 0000000000000400 0010000000000000 0000000000000400
0000000080000000 22 0000000000000200 0020000000000000 0000000000000200
0000000080000000 23 0000000000000100 0040000000000000 0000000000000100
0000000080000000 24 0000000000000080 0080000000000000 0000000000000080
0000000080000000 25 0000000000000040 0100000000000000 0000000000000040
0000000080000000 26 0000000000000020 0200000000000000 0000000000000020
0000000080000000 27 0000000000000010 0400000000000000 0000000000000010
0000000080000000 28 0000000000000008 0800000000000000 0000000000000008
0000000080000000 29 0000000000000004 1000000000000000 0000000000000004
0000000080000000 30 0000000000000002 2000000000000000 0000000000000002
0000000080000000 31 0000000000000001 4000000000000000 0000000000000001
0000000080000000 32 0000000000000000 8000000000000000 0000000000000000
0000000080000000 33 0000000000000000 0000000000000000 0000000000000000
0000000080000000 34 0000000000000000 0000000000000000 0000000000000000
0000000080000000 35 0000000000000000 0000000000000000 0000000000000000
0000000080000000 36 0000000000000000 0000000000000000 0000000000000000
0000000080000000 37 0000000000000000 0000000000000000 0000000000000000
0000000080000000 38 0000000000000000 0000000000000000 0000000000000000
0000000080000000 39 0000000000000000 0000000000000000 0000000000000000
0000000080000000 40 0000000000000000 0000000000000000 0000000000000000
0000000080000000 41 0000000000000000 0000000000000000 0000000000000000
0000000080000000 42 0000000000000000 0000000000000000 0000000000000000
0000000080000000 43 0000000000000000 0000000000000000 0000000000000000
0000000080000000 44 0000000000000000 0000000000000000 0000000000000000
0000000080000000 45 0000000000000000 0000000000000000 0000000000000000
0000000080000000 46 0000000000000000 0000000000000000 0000000000000000
0000000080000000 47 0000000000000000 0000000000000000 0000000000000000
0000000080000000 48 0000000000000000 0000000000000000 0000000000000000
0000000080000000 49 0000000000000000 0000000000000000 0000000000000000
0000000080000000 50 0000000000000000 0000000000000000 0000000000000000
0000000080000000 51 0000000000000000 0000000000000000 0000000000000000
0000000080000000 52 0000000000000000 0000000000000000 0000000000000000
0000000080000000 53 0000000000000000 0000000000000000 0000000000000000
0000000080000000 54 0000000000000000 0000000000000000 0000000000000000
0000000080000000 55 0000000000000000 0000000000000000 0000000000000000
0000000080000000 56 0000000000000000 0000000000000000 0000000000000000
0000000080000000 57 0000000000000000 0000000000000000 0000000000000000
0000000080000000 58 0000000000000000 0000000000000000 0000000000000000
0000000080000000 59 0000000000000000 0000000000000000 0000000000000000
0000000080000000 60 0000000000000000 0000000000000000 0000000000000000
0000000080000000 61 0000000000000000 0000000000000000 0000000000000000
0000000080000000 62 0000000000000000 0000000000000000 0000000000000000
0000000080000000 63 0000000000000000 0000000000000000 0000000000000000
00000000ffffffff 0 00000000ffffffff 00000000ffffffff 00000000ffffffff
00000000ffffffff 1 000000007fffffff 00000001fffffffe 000000007fffffff
00000000ffffffff 2 000000003fffffff 00000003fffffffc 000000003fffffff
00000000ffffffff 3 000000001fffffff 00000007fffffff8 000000001fffffff
00000000ffffffff 4 000000000fffffff 0000000ffffffff0 000000000fffffff
00000000ffffffff 5 0000000007ffffff 0000001fffffffe0 0000000007ffffff
00000000ffffffff 6 0000000003ffffff 0000003fffffffc0 0000000003ffffff
00000000ffffffff 7 0000000001ffffff 0000007fffffff80 0000000001ffffff
00000000ffffffff 8 0000000000ffffff 000000ffffffff00 0000000000ffffff
00000000ffffffff 9 00000000007fffff 000001fffffffe00 00000000007fffff
00000000ffffffff 10 00000000003fffff 000003fffffffc00 00000000003fffff
00000000ffffffff 11 00000000001fffff 000007fffffff800 00000000001fffff
00000000ffffffff 12 00000000000fffff 00000ffffffff000 00000000000fffff
00000000ffffffff 13 000000000007ffff 00001fffffffe000 000000000007ffff
00000000ffffffff 14 000000000003ffff 00003fffffffc000 000000000003ffff
00000000ffffffff 15 000000000001ffff 00007fffffff8000 000000000001ffff
00000000ffffffff 16 000000000000ffff 0000ffffffff0000 000000000000ffff
00000000ffffffff 17 0000000000007fff 0001fffffffe0000 0000000000007fff
00000000ffffffff 18 0000000000003fff 0003fffffffc0000 0000000000003fff
00000000ffffffff 19 0000000000001fff 0007fffffff80000 0000000000001fff
00000000ffffffff 20 0000000000000fff 000ffffffff00000 0000000000000fff
00000000ffffffff 21 00000000000007ff 001fffffffe00000 00000000000007ff
00000000ffffffff 22 00000000000003ff 003fffffffc00000 00000000000003ff
00000000ffffffff 23 00000000000001ff 007fffffff800000 00000000000001ff
00000000ffffffff 24 00000000000000ff 00ffffffff000000 00000000000000ff
00000000ffffffff 25 000000000000007f 01fffffffe000000 000000000000007f
00000000ffffffff 26 000000000000003f 03fffffffc000000 000000000000003f
00000000ffffffff 27 000000000000001f 07fffffff8000000 000000000000001f
00000000ffffffff 28 000000000000000f 0ffffffff0000000 000000000000000f
00000000ffffffff 29 0000000000000007 1fffffffe0000000 0000000000000007
00000000ffffffff 30 0000000000000003 3fffffffc0000000 0000000000000003
00000000ffffffff 31 0000000000000001 7fffffff80000000 0000000000000001
00000000ffffffff 32 0000000000000000 ffffffff00000000 0000000000000000
00000000ffffffff 33 0000000000000000 fffffffe00000000 0000000000000000
00000000ffffffff 34 0000000000000000 fffffffc00000000 0000000000000000
00000000ffffffff 35 0000000000000000 fffffff800000000 0000000000000000
00000000ffffffff 36 0000000000000000 fffffff000000000 0000000000000000
00000000ffffffff 37 0000000000000000 ffffffe000000000 0000000000000000
00000000ffffffff 38 0000000000000000 ffffffc000000000 0000000000000000
00000000ffffffff 39 0000000000000000 ffffff8000000000 0000000000000000
00000000ffffffff 40 0000000000000000 ffffff0000000000 0000000000000000
00000000ffffffff 41 0000000000000000 fffffe0000000000 0000000000000000
00000000ffffffff 42 0000000000000000 fffffc0000000000 0000000000000000
00000000ffffffff 43 0000000000000000 fffff80000000000 0000000000000000
00000000ffffffff 44 0000000000000000 fffff00000000000 0000000000000000
00000000ffffffff 45 0000000000000000 ffffe00000000000 0000000000000000
00000000ffffffff 46 0000000000000000 ffffc00000000000 0000000000000000
00000000ffffffff 47 0000000000000000 ffff800000000000 0000000000000000
00000000ffffffff 48 0000000000000000 ffff000000000000 0000000000000000
00000000ffffffff 49 0000000000000000 fffe000000000000 0000000000000000
00000000ffffffff 50 0000000000000000 fffc000000000000 0000000000000000
00000000ffffffff 51 0000000000000000 fff8000000000000 0000000000000000
00000000ffffffff 52 0000000000000000 fff0000000000000 0000000000000000
00000000ffffffff 53 0000000000000000 ffe0000000000000 0000000000000000
00000000ffffffff 54 0000000000000000 ffc0000000000000 0000000000000000
00000000ffffffff 55 0000000000000000 ff80000000000000 0000000000000000
00000000ffffffff 56 0000000000000000 ff00000000000000 0000000000000000
00000000ffffffff 57 0000000000000000 fe00000000000000 0000000000000000
00000000ffffffff 58 0000000000000000 fc00000000000000 0000000000000000
00000000ffffffff 59 0000000000000000 f800000000000000 0000000000000000
00000000ffffffff 60 0000000000000000 f000000000000000 0000000000000000
00000000ffffffff 61 0000000000000000 e000000000000000 0000000000000000
00000000ffffffff 62 0000000000000000 c000000000000000 0000000000000000
00000000ffffffff 63 0000000000000000 8000000000000000 0000000000000000
0000000100000000 0 0000000100000000 0000000100000000 0000000100000000
0000000100000000 1 0000000080000000 0000000200000000 0000000080000000
0000000100000000 2 0000000040000000 0000000400000000 0000000040000000
0000000100000000 3 0000000020000000 0000000800000000 0000000020000000
0000000100000000 4 0000000010000000 0000001000000000 0000000010000000
0000000100000000 5 0000000008000000 0000002000000000 0000000008000000
0000000100000000 6 0000000004000000 0000004000000000 0000000004000000
0000000100000000 7 0000000002000000 0000008000000000 0000000002000000
0000000100000000 8 0000000001000000 0000010000000000 0000000001000000
0000000100000000 9 0000000000800000 0000020000000000 0000000000800000
0000000100000000 10 0000000000400000 0000040000000000 0000000000400000
0000000100000000 11 0000000000200000 0000080000000000 0000000000200000
0000000100000000 12 0000000000100000 0000100000000000 0000000000100000
0000000100000000 13 0000000000080000 0000200000000000 0000000000080000
0000000100000000 14 0000000000040000 0000400000000000 0000000000040000
0000000100000000 15 0000000000020000 0000800000000000 0000000000020000
0000000100000000 16 0000000000010000 0001000000000000 0000000000010000
0000000100000000 17 0000000000008000 0002000000000000 0000000000008000
0000000100000000 18 0000000000004000 0004000000000000 0000000000004000
0000000100000000 19 0000000000002000 0008000000000000 0000000000002000
0000000100000000 20 0000000000001000 0010000000000000 0000000000001000
0000000100000000 21 0000000000000800 0020000000000000 0000000000000800
0000000100000000 22 0000000000000400 0040000000000000 0000000000000400
0000000100000000 23 0000000000000200 0080000000000000 0000000000000200
0000000100000000 24 0000000000000100 0100000000000000 0000000000000100
0000000100000000 25 0000000000000080 0200000000000000 0000000000000080
0000000100000000 26 0000000000000040 0400000000000000 0000000000000040
0000000100000000 27 0000000000000020 0800000000000000 0000000000000020
0000000100000000 28 0000000000000010 1000000000000000 0000000000000010
0000000100000000 29 0000000000000008 2000000000000000 0000000000000008
0000000100000000 30 0000000000000004 4000000000000000 0000000000000004
0000000100000000 31 0000000000000002 8000000000000000 0000000000000002
0000000100000000 32 0000000000000001 0000000000000000 0000000000000001
0000000100000000 33 0000000000000000 0000000000000000 0000000000000000
0000000100000000 34 0000000000000000 0000000000000000 0000000000000000
0000000100000000 35 0000000000000000 0000000000000000 0000000000000000
0000000100000000 36 0000000000000000 0000000000000000 0000000000000000
0000000100000000 37 0000000000000000 0000000000000000 0000000000000000
0000000100000000 38 0000000000000000 0000000000000000 0000000000000000
0000000100000000 39 0000000000000000 0000000000000000 0000000000000000
0000000100000000 40 0000000000000000 0000000000000000 0000000000000000
0000000100000000 41 0000000000000000 0000000000000000 0000000000000000
0000000100000000 42 0000000000000000 0000000000000000 0000000000000000
0000000100000000 43 0000000000000000 0000000000000000 0000000000000000
0000000100000000 44 0000000000000000 0000000000000000 0000000000000000
0000000100000000 45 0000000000000000 0000000000000000 0000000000000000
0000000100000000 46 0000000000000000 0000000000000000 0000000000000000
0000000100000000 47 0000000000000000 0000000000000000 0000000000000000
0000000100000000 48 0000000000000000 0000000000000000 0000000000000000
0000000100000000 49 0000000000000000 0000000000000000 0000000000000000
0000000100000000 50 0000000000000000 0000000000000000 0000000000000000
0000000100000000 51 0000000000000000 0000000000000000 0000000000000000
0000000100000000 52 0000000000000000 0000000000000000 0000000000000000
0000000100000000 53 0000000000000000 0000000000000000 0000000000000000
0000000100000000 54 0000000000000000 0000000000000000 0000000000000000
0000000100000000 55 0000000000000000 0000000000000000 0000000000000000
0000000100000000 56 0000000000000000 0000000000000000 0000000000000000
0000000100000000 57 0000000000000000 0000000000000000 0000000000000000
0000000100000000 58 0000000000000000 0000000000000000 0000000000000000
0000000100000000 59 0000000000000000 0000000000000000 0000000000000000
0000000100000000 60 0000000000000000 0000000000000000 0000000000000000
0000000100000000 61 0000000000000000 0000000000000000 0000000000000000
0000000100000000 62 0000000000000000 0000000000000000 0000000000000000
0000000100000000 63 0000000000000000 0000000000000000 0000000000000000
00000001ffffffff 0 00000001ffffffff 00000001ffffffff 00000001ffffffff
00000001ffffffff 1 00000000ffffffff 00000003fffffffe 00000000ffffffff
00000001ffffffff 2 000000007fffffff 00000007fffffffc 000000007fffffff
00000001ffffffff 3 000000003fffffff 0000000ffffffff8 000000003fffffff
00000001ffffffff 4 000000001fffffff 0000001ffffffff0 000000001fffffff
00000001ffffffff 5 000000000fffffff 0000003fffffffe0 000000000fffffff
00000001ffffffff 6 0000000007ffffff 0000007fffffffc0 0000000007ffffff
00000001ffffffff 7 0000000003ffffff 000000ffffffff80 0000000003ffffff
00000001ffffffff 8 0000000001ffffff 000001ffffffff00 0000000001ffffff
00000001ffffffff 9 0000000000ffffff 000003fffffffe00 0000000000ffffff
00000001ffffffff 10 00000000007fffff 000007fffffffc00 00000000007fffff
00000001ffffffff 11 00000000003fffff 00000ffffffff800 00000000003fffff
00000001ffffffff 12 00000000001fffff 00001ffffffff000 00000000001fffff
00000001ffffffff 13 00000000000fffff 00003fffffffe000 00000000000fffff
00000001ffffffff 14 000000000007ffff 00007fffffffc000 000000000007ffff
00000001ffffffff 15 000000000003ffff 0000ffffffff8000 000000000003ffff
00000001ffffffff 16 000000000001ffff 0001ffffffff0000 000000000001ffff
00000001ffffffff 17 000000000000ffff 0003fffffffe0000 000000000000ffff
00000001ffffffff 18 0000000000007fff 0007fffffffc0000 0000000000007fff
00000001ffffffff 19 0000000000003fff 000ffffffff80000 0000000000003fff
00000001ffffffff 20 0000000000001fff 001ffffffff00000 0000000000001fff
00000001ffffffff 21 0000000000000fff 003fffffffe00000 0000000000000fff
00000001ffffffff 22 00000000000007ff 007fffffffc00000 00000000000007ff
00000001ffffffff 23 00000000000003ff 00ffffffff800000 00000000000003ff
00000001ffffffff 24 00000000000001ff 01ffffffff000000 00000000000001ff
00000001ffffffff 25 00000000000000ff 03fffffffe000000 00000000000000ff
00000001ffffffff 26 000000000000007f 07fffffffc000000 000000000000007f
00000001ffffffff 27 000000000000003f 0ffffffff8000000 000000000000003f
00000001ffffffff 28 000000000000001f 1ffffffff0000000 000000000000001f
00000001ffffffff 29 000000000000000f 3fffffffe0000000 000000000000000f
00000001ffffffff 30 0000000000000007 7fffffffc0000000 0000000000000007
00000001ffffffff 31 0000000000000003 ffffffff80000000 0000000000000003
00000001ffffffff 32 0000000000000001 ffffffff00000000 0000000000000001
00000001ffffffff 33 0000000000000000 fffffffe00000000 0000000000000000
00000001ffffffff 34 0000000000000000 fffffffc00000000 0000000000000000
00000001ffffffff 35 0000000000000000 fffffff800000000 0000000000000000
00000001ffffffff 36 0000000000000000 fffffff000000000 0000000000000000
00000001ffffffff 37 0000000000000000 ffffffe000000000 0000000000000000
00000001ffffffff 38 0000000000000000 ffffffc000000000 0000000000000000
00000001ffffffff 39 0000000000000000 ffffff8000000000 0000000000000000
00000001ffffffff 40 0000000000000000 ffffff0000000000 0000000000000000
00000001ffffffff 41 0000000000000000 fffffe0000000000 0000000000000000
00000001ffffffff 42 0000000000000000 fffffc0000000000 0000000000000000
00000001ffffffff 43 0000000000000000 fffff80000000000 0000000000000000
00000001ffffffff 44 0000000000000000 fffff00000000000 0000000000000000
00000001ffffffff 45 0000000000000000 ffffe00000000000 0000000000000000
00000001ffffffff 46 0000000000000000 ffffc00000000000 0000000000000000
00000001ffffffff 47 0000000000000000 ffff800000000000 0000000000000000
00000001ffffffff 48 0000000000000000 ffff000000000000 0000000000000000
00000001ffffffff 49 0000000000000000 fffe000000000000 0000000000000000
00000001ffffffff 50 0000000000000000 fffc000000000000 0000000000000000
00000001ffffffff 51 0000000000000000 fff8000000000000 0000000000000000
00000001ffffffff 52 0000000000000000 fff0000000000000 0000000000000000
00000001ffffffff 53 0000000000000000 ffe0000000000000 0000000000000000
00000001ffffffff 54 0000000000000000 ffc0000000000000 0000000000000000
00000001ffffffff 55 0000000000000000 ff80000000000000 0000000000000000
00000001ffffffff 56 0000000000000000 ff00000000000000 0000000000000000
00000001ffffffff 57 0000000000000000 fe00000000000000 0000000000000000
00000001ffffffff 58 0000000000000000 fc00000000000000 0000000000000000
00000001ffffffff 59 0000000000000000 f800000000000000 0000000000000000
00000001ffffffff 60 0000000000000000 f000000000000000 0000000000000000
00000001ffffffff 61 0000000000000000 e000000000000000 0000000000000000
00000001ffffffff 62 0000000000000000 c000000000000000 0000000000000000
00000001ffffffff 63 0000000000000000 8000000000000000 0000000000000000
0000000200000000 0 0000000200000000 0000000200000000 0000000200000000
0000000200000000 1 0000000100000000 0000000400000000 0000000100000000
0000000200000000 2 0000000080000000 0000000800000000 0000000080000000
0000000200000000 3 0000000040000000 0000001000000000 0000000040000000
0000000200000000 4 0000000020000000 0000002000000000 0000000020000000
0000000200000000 5 0000000010000000 0000004000000000 0000000010000000
0000000200000000 6 0000000008000000 0000008000000000 0000000008000000
0000000200000000 7 0000000004000000 0000010000000000 0000000004000000
0000000200000000 8 0000000002000000 0000020000000000 0000000002000000
0000000200000000 9 0000000001000000 0000040000000000 0000000001000000
0000000200000000 10 0000000000800000 0000080000000000 0000000000800000
0000000200000000 11 0000000000400000 0000100000000000 0000000000400000
0000000200000000 12 0000000000200000 0000200000000000 0000000000200000
0000000200000000 13 0000000000100000 0000400000000000 0000000000100000
0000000200000000 14 0000000000080000 0000800000000000 0000000000080000
0000000200000000 15 0000000000040000 0001000000000000 0000000000040000
0000000200000000 16 0000000000020000 0002000000000000 0000000000020000
0000000200000000 17 0000000000010000 0004000000000000 0000000000010000
0000000200000000 18 0000000000008000 0008000000000000 0000000000008000
0000000200000000 19 0000000000004000 0010000000000000 0000000000004000
0000000200000000 20 0000000000002000 0020000000000000 0000000000002000
0000000200000000 21 0000000000001000 0040000000000000 0000000000001000
0000000200000000 22 0000000000000800 0080000000000000 0000000000000800
0000000200000000 23 0000000000000400 0100000000000000 0000000000000400
0000000200000000 24 0000000000000200 0200000000000000 0000000000000200
0000000200000000 25 0000000000000100 0400000000000000 0000000000000100
0000000200000000 26 0000000000000080 0800000000000000 0000000000000080
0000000200000000 27 0000000000000040 1000000000000000 0000000000000040
0000000200000000 28 0000000000000020 2000000000000000 0000000000000020
0000000200000000 29 0000000000000010 4000000000000000 0000000000000010
0000000200000000 30 0000000000000008 8000000000000000 0000000000000008
0000000200000000 31 0000000000000004 0000000000000000 0000000000000004
0000000200000000 32 0000000000000002 0000000000000000 0000000000000002
0000000200000000 33 0000000000000001 0000000000000000 0000000000000001
0000000200000000 34 0000000000000000 0000000000000000 0000000000000000
0000000200000000 35 0000000000000000 0000000000000000 0000000000000000
0000000200000000 36 0000000000000000 0000000000000000 0000000000000000
0000000200000000 37 0000000000000000 0000000000000000 0000000000000000
0000000200000000 38 0000000000000000 0000000000000000 0000000000000000
0000000200000000 39 0000000000000000 0000000000000000 0000000000000000
0000000200000000 40 0000000000000000 0000000000000000 0000000000000000
0000000200000000 41 0000000000000000 0000000000000000 0000000000000000
0000000200000000 42 0000000000000000 0000000000000000 0000000000000000
0000000200000000 43 0000000000000000 0000000000000000 0000000000000000
0000000200000000 44 0000000000000000 0000000000000000 0000000000000000
0000000200000000 45 0000000000000000 0000000000000000 0000000000000000
0000000200000000 46 0000000000000000 0000000000000000 0000000000000000
0000000200000000 47 0000000000000000 0000000000000000 0000000000000000
0000000200000000 48 0000000000000000 0000000000000000 0000000000000000
0000000200000000 49 0000000000000000 0000000000000000 0000000000000000
0000000200000000 50 0000000000000000 0000000000000000 0000000000000000
0000000200000000 51 0000000000000000 0000000000000000 0000000000000000
0000000200000000 52 0000000000000000 0000000000000000 0000000000000000
0000000200000000 53 0000000000000000 0000000000000000 0000000000000000
0000000200000000 54 0000000000000000 0000000000000000 0000000000000000
0000000200000000 55 0000000000000000 0000000000000000 0000000000000000
0000000200000000 56 0000000000000000 0000000000000000 0000000000000000
0000000200000000 57 0000000000000000 0000000000000000 0000000000000000
0000000200000000 58 0000000000000000 0000000000000000 0000000000000000
0000000200000000 59 0000000000000000 0000000000000000 0000000000000000
0000000200000000 60 0000000000000000 0000000000000000 0000000000000000
0000000200000000 61 0000000000000000 0000000000000000 0000000000000000
0000000200000000 62 0000000000000000 0000000000000000 0000000000000000
0000000200000000 63 0000000000000000 0000000000000000 0000000000000000
00000003ffffffff 0 00000003ffffffff 00000003ffffffff 00000003ffffffff
00000003ffffffff 1 00000001ffffffff 00000007fffffffe 00000001ffffffff
00000003ffffffff 2 00000000ffffffff 0000000ffffffffc 00000000ffffffff
00000003ffffffff 3 000000007fffffff 0000001ffffffff8 000000007fffffff
00000003ffffffff 4 000000003fffffff 0000003ffffffff0 000000003fffffff
00000003ffffffff 5 000000001fffffff 0000007fffffffe0 000000001fffffff
00000003ffffffff 6 000000000fffffff 000000ffffffffc0 000000000fffffff
00000003ffffffff 7 0000000007ffffff 000001ffffffff80 0000000007ffffff
00000003ffffffff 8 0000000003ffffff 000003ffffffff00 0000000003ffffff
00000003ffffffff 9 0000000001ffffff 000007fffffffe00 0000000001ffffff
00000003ffffffff 10 0000000000ffffff 00000ffffffffc00 0000000000ffffff
00000003ffffffff 11 00000000007fffff 00001ffffffff800 00000000007fffff
00000003ffffffff 12 00000000003fffff 00003ffffffff000 00000000003fffff
00000003ffffffff 13 00000000001fffff 00007fffffffe000 00000000001fffff
00000003ffffffff 14 00000000000fffff 0000ffffffffc000 00000000000fffff
00000003ffffffff 15 000000000007ffff 0001ffffffff8000 000000000007ffff
00000003ffffffff 16 000000000003ffff 0003ffffffff0000 000000000003ffff
00000003ffffffff 17 000000000001ffff 0007fffffffe0000 000000000001ffff
00000003ffffffff 18 000000000000ffff 000ffffffffc0000 000000000000ffff
00000003ffffffff 19 0000000000007fff 001ffffffff80000 0000000000007fff
00000003ffffffff 20 0000000000003fff 003ffffffff00000 0000000000003fff
00000003ffffffff 21 0000000000001fff 007fffffffe00000 0000000000001fff
00000003ffffffff 22 0000000000000fff 00ffffffffc00000 0000000000000fff
00000003ffffffff 23 00000000000007ff 01ffffffff800000 00000000000007ff
00000003ffffffff 24 00000000000003ff 03ffffffff000000 00000000000003ff
00000003ffffffff 25 00000000000001ff 07fffffffe000000 00000000000001ff
00000003ffffffff 26 00000000000000ff 0ffffffffc000000 00000000000000ff
00000003ffffffff 27 000000000000007f 1ffffffff8000000 000000000000007f
00000003ffffffff 28 000000000000003f 3ffffffff0000000 000000000000003f
00000003ffffffff 29 000000000000001f 7fffffffe0000000 000000000000001f
00000003ffffffff 30 000000000000000f ffffffffc0000000 000000000000000f
00000003ffffffff 31 0000000000000007 ffffffff80000000 0000000000000007
00000003ffffffff 32 0000000000000003 ffffffff00000000 0000000000000003
00000003ffffffff 33 0000000000000001 fffffffe00000000 0000000000000001
00000003ffffffff 34 0000000000000000 fffffffc00000000 0000000000000000
00000003ffffffff 35 0000000000000000 fffffff800000000 0000000000000000
00000003ffffffff 36 0000000000000000 fffffff000000000 0000000000000000
00000003ffffffff 37 0000000000000000 ffffffe000000000 0000000000000000
00000003ffffffff 38 0000000000000000 ffffffc000000000 0000000000000000
00000003ffffffff 39 0000000000000000 ffffff8000000000 0000000000000000
00000003ffffffff 40 0000000000000000 ffffff0000000000 0000000000000000
00000003ffffffff 41 0000000000000000 fffffe0000000000 0000000000000000
00000003ffffffff 42 0000000000000000 fffffc0000000000 0000000000000000
00000003ffffffff 43 0000000000000000 fffff80000000000 0000000000000000
00000003ffffffff 44 0000000000000000 fffff00000000000 0000000000000000
00000003ffffffff 45 0000000000000000 ffffe00000000000 0000000000000000
00000003ffffffff 46 0000000000000000 ffffc00000000000 0000000000000000
00000003ffffffff 47 0000000000000000 ffff800000000000 0000000000000000
00000003ffffffff 48 0000000000000000 ffff000000000000 0000000000000000
00000003ffffffff 49 0000000000000000 fffe000000000000 0000000000000000
00000003ffffffff 50 0000000000000000 fffc000000000000 0000000000000000
00000003ffffffff 51 0000000000000000 fff8000000000000 0000000000000000
00000003ffffffff 52 0000000000000000 fff0000000000000 0000000000000000
00000003ffffffff 53 0000000000000000 ffe0000000000000 0000000000000000
00000003ffffffff 54 0000000000000000 ffc0000000000000 0000000000000000
00000003ffffffff 55 0000000000000000 ff80000000000000 0000000000000000
00000003ffffffff 56 0000000000000000 ff00000000000000 0000000000000000
00000003ffffffff 57 0000000000000000 fe00000000000000 0000000000000000
00000003ffffffff 58 0000000000000000 fc00000000000000 0000000000000000
00000003ffffffff 59 0000000000000000 f800000000000000 0000000000000000
00000003ffffffff 60 0000000000000000 f000000000000000 0000000000000000
00000003ffffffff 61 0000000000000000 e000000000000000 0000000000000000
00000003ffffffff 62 0000000000000000 c000000000000000 0000000000000000
00000003ffffffff 63 0000000000000000 8000000000000000 0000000000000000
0000000400000000 0 0000000400000000 0000000400000000 0000000400000000
0000000400000000 1 0000000200000000 0000000800000000 0000000200000000
0000000400000000 2 0000000100000000 0000001000000000 0000000100000000
0000000400000000 3 0000000080000000 0000002000000000 0000000080000000
0000000400000000 4 0000000040000000 0000004000000000 0000000040000000
0000000400000000 5 0000000020000000 0000008000000000 0000000020000000
0000000400000000 6 0000000010000000 0000010000000000 0000000010000000
0000000400000000 7 0000000008000000 0000020000000000 0000000008000000
0000000400000000 8 0000000004000000 0000040000000000 0000000004000000
0000000400000000 9 0000000002000000 0000080000000000 0000000002000000
0000000400000000 10 0000000001000000 0000100000000000 0000000001000000
0000000400000000 11 0000000000800000 0000200000000000 0000000000800000
0000000400000000 12 0000000000400000 0000400000000000 0000000000400000
0000000400000000 13 0000000000200000 0000800000000000 0000000000200000
0000000400000000 14 0000000000100000 0001000000000000 0000000000100000
0000000400000000 15 0000000000080000 0002000000000000 0000000000080000
0000000400000000 16 0000000000040000 0004000000000000 0000000000040000
0000000400000000 17 0000000000020000 0008000000000000 0000000000020000
0000000400000000 18 0000000000010000 0010000000000000 0000000000010000
0000000400000000 19 0000000000008000 0020000000000000 0000000000008000
0000000400000000 20 0000000000004000 0040000000000000 0000000000004000
0000000400000000 21 0000000000002000 0080000000000000 0000000000002000
0000000400000000 22 0000000000001000 0100000000000000 0000000000001000
0000000400000000 23 0000000000000800 0200000000000000 0000000000000800
0000000400000000 24 0000000000000400 0400000000000000 0000000000000400
0000000400000000 25 0000000000000200 0800000000000000 0000000000000200
0000000400000000 26 0000000000000100 1000000000000000 0000000000000100
0000000400000000 27 0000000000000080 2000000000000000 0000000000000080
0000000400000000 28 0000000000000040 4000000000000000 0000000000000040
0000000400000000 29 0000000000000020 8000000000000000 0000000000000020
0000000400000000 30 0000000000000010 0000000000000000 0000000000000010
0000000400000000 31 0000000000000008 0000000000000000 0000000000000008
0000000400000000 32 0000000000000004 0000000000000000 0000000000000004
0000000400000000 33 0000000000000002 0000000000000000 0000000000000002
0000000400000000 34 0000000000000001 0000000000000000 0000000000000001
0000000400000000 35 0000000000000000 0000000000000000 0000000000000000
0000000400000000 36 0000000000000000 0000000000000000 0000000000000000
0000000400000000 37 0000000000000000 0000000000000000 0000000000000000
0000000400000000 38 0000000000000000 0000000000000000 0000000000000000
0000000400000000 39 0000000000000000 0000000000000000 0000000000000000
0000000400000000 40 0000000000000000 0000000000000000 0000000000000000
0000000400000000 41 0000000000000000 0000000000000000 0000000000000000
0000000400000000 42 0000000000000000 0000000000000000 0000000000000000
0000000400000000 43 0000000000000000 0000000000000000 0000000000000000
0000000400000000 44 0000000000000000 0000000000000000 0000000000000000
0000000400000000 45 0000000000000000 0000000000000000 0000000000000000
0000000400000000 46 0000000000000000 0000000000000000 0000000000000000
0000000400000000 47 0000000000000000 0000000000000000 0000000000000000
0000000400000000 48 0000000000000000 0000000000000000 0000000000000000
0000000400000000 49 0000000000000000 0000000000000000 0000000000000000
0000000400000000 50 0000000000000000 0000000000000000 0000000000000000
0000000400000000 51 0000000000000000 0000000000000000 0000000000000000
0000000400000000 52 0000000000000000 0000000000000000 0000000000000000
0000000400000000 53 0000000000000000 0000000000000000 0000000000000000
0000000400000000 54 0000000000000000 0000000000000000 0000000000000000
0000000400000000 55 0000000000000000 0000000000000000 0000000000000000
0000000400000000 56 0000000000000000 0000000000000000 0000000000000000
0000000400000000 57 0000000000000000 0000000000000000 0000000000000000
0000000400000000 58 0000000000000000 0000000000000000 0000000000000000
0000000400000000 59 0000000000000000 0000000000000000 0000000000000000
0000000400000000 60 0000000000000000 0000000000000000 0000000000000000
0000000400000000 61 0000000000000000 0000000000000000 0000000000000000
0000000400000000 62 0000000000000000 0000000000000000 0000000000000000
0000000400000000 63 0000000000000000 0000000000000000 0000000000000000
00000007ffffffff 0 00000007ffffffff 00000007ffffffff 00000007ffffffff
00000007ffffffff 1 00000003ffffffff 0000000ffffffffe 00000003ffffffff
00000007ffffffff 2 00000001ffffffff 0000001ffffffffc 00000001ffffffff
00000007ffffffff 3 00000000ffffffff 0000003ffffffff8 00000000ffffffff
00000007ffffffff 4 000000007fffffff 0000007ffffffff0 000000007fffffff
00000007ffffffff 5 000000003fffffff 000000ffffffffe0 000000003fffffff
00000007ffffffff 6 000000001fffffff 000001ffffffffc0 000000001fffffff
00000007ffffffff 7 000000000fffffff 000003ffffffff80 000000000fffffff
00000007ffffffff 8 0000000007ffffff 000007ffffffff00 0000000007ffffff
00000007ffffffff 9 0000000003ffffff 00000ffffffffe00 0000000003ffffff
00000007ffffffff 10 0000000001ffffff 00001ffffffffc00 0000000001ffffff
00000007ffffffff 11 0000000000ffffff 00003ffffffff800 0000000000ffffff
00000007ffffffff 12 00000000007fffff 00007ffffffff000 00000000007fffff
00000007ffffffff 13 00000000003fffff 0000ffffffffe000 00000000003fffff
00000007ffffffff 14 00000000001fffff 0001ffffffffc000 00000000001fffff
00000007ffffffff 15 00000000000fffff 0003ffffffff8000 00000000000fffff
00000007ffffffff 16 000000000007ffff 0007ffffffff0000 000000000007ffff
00000007ffffffff 17 000000000003ffff 000ffffffffe0000 000000000003ffff
00000007ffffffff 18 000000000001ffff 001ffffffffc0000 000000000001ffff
00000007ffffffff 19 000000000000ffff 003ffffffff80000 000000000000ffff
00000007ffffffff 20 0000000000007fff 007ffffffff00000 0000000000007fff
00000007ffffffff 21 0000000000003fff 00ffffffffe00000 0000000000003fff
00000007ffffffff 22 0000000000001fff 01ffffffffc00000 0000000000001fff
00000007ffffffff 23 0000000000000fff 03ffffffff800000 0000000000000fff
00000007ffffffff 24 00000000000007ff 07ffffffff000000 00000000000007ff
00000007ffffffff 25 00000000000003ff 0ffffffffe000000 00000000000003ff
00000007ffffffff 26 00000000000001ff 1ffffffffc000000 00000000000001ff
00000007ffffffff 27 00000000000000ff 3ffffffff8000000 00000000000000ff
00000007ffffffff 28 000000000000007f 7ffffffff0000000 000000000000007f
00000007ffffffff 29 000000000000003f ffffffffe0000000 000000000000003f
00000007ffffffff 30 000000000000001f ffffffffc0000000 000000000000001f
00000007ffffffff 31 000000000000000f ffffffff80000000 000000000000000f
00000007ffffffff 32 0000000000000007 ffffffff00000000 0000000000000007
00000007ffffffff 33 0000000000000003 fffffffe00000000 0000000000000003
00000007ffffffff 34 0000000000000001 fffffffc00000000 0000000000000001
00000007ffffffff 35 0000000000000000 fffffff800000000 0000000000000000
00000007ffffffff 36 0000000000000000 fffffff000000000 0000000000000000
00000007ffffffff 37 0000000000000000 ffffffe000000000 0000000000000000
00000007ffffffff 38 0000000000000000 ffffffc000000000 0000000000000000
00000007ffffffff 39 0000000000000000 ffffff8000000000 0000000000000000
00000007ffffffff 40 0000000000000000 ffffff0000000000 0000000000000000
00000007ffffffff 41 0000000000000000 fffffe0000000000 0000000000000000
00000007ffffffff 42 0000000000000000 fffffc0000000000 0000000000000000
00000007ffffffff 43 0000000000000000 fffff80000000000 0000000000000000
00000007ffffffff 44 0000000000000000 fffff00000000000 0000000000000000
00000007ffffffff 45 0000000000000000 ffffe00000000000 0000000000000000
00000007ffffffff 46 0000000000000000 ffffc00000000000 0000000000000000
00000007ffffffff 47 0000000000000000 ffff800000000000 0000000000000000
00000007ffffffff 48 0000000000000000 ffff000000000000 0000000000000000
00000007ffffffff 49 0000000000000000 fffe000000000000 0000000000000000
00000007ffffffff 50 0000000000000000 fffc000000000000 0000000000000000
00000007ffffffff 51 0000000000000000 fff8000000000000 0000000000000000
00000007ffffffff 52 0000000000000000 fff0000000000000 0000000000000000
00000007ffffffff 53 0000000000000000 ffe0000000000000 0000000000000000
00000007ffffffff 54 0000000000000000 ffc0000000000000 0000000000000000
00000007ffffffff 55 0000000000000000 ff80000000000000 0000000000000000
00000007ffffffff 56 0000000000000000 ff00000000000000 0000000000000000
00000007ffffffff 57 0000000000000000 fe00000000000000 0000000000000000
00000007ffffffff 58 0000000000000000 fc00000000000000 0000000000000000
00000007ffffffff 59 0000000000000000 f800000000000000 0000000000000000
00000007ffffffff 60 0000000000000000 f000000000000000 0000000000000000
00000007ffffffff 61 0000000000000000 e000000000000000 0000000000000000
00000007ffffffff 62 0000000000000000 c000000000000000 0000000000000000
00000007ffffffff 63 0000000000000000 8000000000000000 0000000000000000
0000000800000000 0 0000000800000000 0000000800000000 0000000800000000
0000000800000000 1 0000000400000000 0000001000000000 0000000400000000
0000000800000000 2 0000000200000000 0000002000000000 0000000200000000
0000000800000000 3 0000000100000000 0000004000000000 0000000100000000
0000000800000000 4 0000000080000000 0000008000000000 0000000080000000
0000000800000000 5 0000000040000000 0000010000000000 0000000040000000
0000000800000000 6 0000000020000000 0000020000000000 0000000020000000
0000000800000000 7 0000000010000000 0000040000000000 0000000010000000
0000000800000000 8 0000000008000000 0000080000000000 0000000008000000
0000000800000000 9 0000000004000000 0000100000000000 0000000004000000
0000000800000000 10 0000000002000000 0000200000000000 0000000002000000
0000000800000000 11 0000000001000000 0000400000000000 0000000001000000
0000000800000000 12 0000000000800000 0000800000000000 0000000000800000
0000000800000000 13 0000000000400000 0001000000000000 0000000000400000
0000000800000000 14 0000000000200000 0002000000000000 0000000000200000
0000000800000000 15 0000000000100000 0004000000000000 0000000000100000
0000000800000000 16 0000000000080000 0008000000000000 0000000000080000
0000000800000000 17 0000000000040000 0010000000000000 0000000000040000
0000000800000000 18 0000000000020000 0020000000000000 0000000000020000
0000000800000000 19 0000000000010000 0040000000000000 0000000000010000
0000000800000000 20 0000000000008000 0080000000000000 0000000000008000
0000000800000000 21 0000000000004000 0100000000000000 0000000000004000
0000000800000000 22 0000000000002000 0200000000000000 0000000000002000
0000000800000000 23 0000000000001000 0400000000000000 0000000000001000
0000000800000000 24 0000000000000800 0800000000000000 0000000000000800
0000000800000000 25 0000000000000400 1000000000000000 0000000000000400
0000000800000000 26 0000000000000200 2000000000000000 0000000000000200
0000000800000000 27 0000000000000100 4000000000000000 0000000000000100
0000000800000000 28 0000000000000080 8000000000000000 0000000000000080
0000000800000000 29 0000000000000040 0000000000000000 0000000000000040
0000000800000000 30 0000000000000020 0000000000000000 0000000000000020
0000000800000000 31 0000000000000010 0000000000000000 0000000000000010
0000000800000000 32 0000000000000008 0000000000000000 0000000000000008
0000000800000000 33 0000000000000004 0000000000000000 0000000000000004
0000000800000000 34 0000000000000002 0000000000000000 0000000000000002
0000000800000000 35 0000000000000001 0000000000000000 0000000000000001
0000000800000000 36 0000000000000000 0000000000000000 0000000000000000
0000000800000000 37 0000000000000000 0000000000000000 0000000000000000
0000000800000000 38 0000000000000000 0000000000000000 0000000000000000
0000000800000000 39 0000000000000000 0000000000000000 0000000000000000
0000000800000000 40 0000000000000000 0000000000000000 0000000000000000
0000000800000000 41 0000000000000000 0000000000000000 0000000000000000
0000000800000000 42 0000000000000000 0000000000000000 0000000000000000
0000000800000000 43 0000000000000000 0000000000000000 0000000000000000
0000000800000000 44 0000000000000000 0000000000000000 0000000000000000
0000000800000000 45 0000000000000000 0000000000000000 0000000000000000
0000000800000000 46 0000000000000000 0000000000000000 0000000000000000
0000000800000000 47 0000000000000000 0000000000000000 0000000000000000
0000000800000000 48 0000000000000000 0000000000000000 0000000000000000
0000000800000000 49 0000000000000000 0000000000000000 0000000000000000
0000000800000000 50 0000000000000000 0000000000000000 0000000000000000
0000000800000000 51 0000000000000000 0000000000000000 0000000000000000
0000000800000000 52 0000000000000000 0000000000000000 0000000000000000
0000000800000000 53 0000000000000000 0000000000000000 0000000000000000
0000000800000000 54 0000000000000000 0000000000000000 0000000000000000
0000000800000000 55 0000000000000000 0000000000000000 0000000000000000
0000000800000000 56 0000000000000000 0000000000000000 0000000000000000
0000000800000000 57 0000000000000000 0000000000000000 0000000000000000
0000000800000000 58 0000000000000000 0000000000000000 0000000000000000
0000000800000000 59 0000000000000000 0000000000000000 0000000000000000
0000000800000000 60 0000000000000000 0000000000000000 0000000000000000
0000000800000000 61 0000000000000000 0000000000000000 0000000000000000
0000000800000000 62 0000000000000000 0000000000000000 0000000000000000
0000000800000000 63 0000000000000000 0000000000000000 0000000000000000
0000000fffffffff 0 0000000fffffffff 0000000fffffffff 0000000fffffffff
0000000fffffffff 1 00000007ffffffff 0000001ffffffffe 00000007ffffffff
0000000fffffffff 2 00000003ffffffff 0000003ffffffffc 00000003ffffffff
0000000fffffffff 3 00000001ffffffff 0000007ffffffff8 00000001ffffffff
0000000fffffffff 4 00000000ffffffff 000000fffffffff0 00000000ffffffff
0000000fffffffff 5 000000007fffffff 000001ffffffffe0 000000007fffffff
0000000fffffffff 6 000000003fffffff 000003ffffffffc0 000000003fffffff
0000000fffffffff 7 000000001fffffff 000007ffffffff80 000000001fffffff
0000000fffffffff 8 000000000fffffff 00000fffffffff00 000000000fffffff
0000000fffffffff 9 0000000007ffffff 00001ffffffffe00 0000000007ffffff
0000000fffffffff 10 0000000003ffffff 00003ffffffffc00 0000000003ffffff
0000000fffffffff 11 0000000001ffffff 00007ffffffff800 0000000001ffffff
0000000fffffffff 12 0000000000ffffff 0000fffffffff000 0000000000ffffff
0000000fffffffff 13 00000000007fffff 0001ffffffffe000 00000000007fffff
0000000fffffffff 14 00000000003fffff 0003ffffffffc000 00000000003fffff
0000000fffffffff 15 00000000001fffff 0007ffffffff8000 00000000001fffff
0000000fffffffff 16 00000000000fffff 000fffffffff0000 00000000000fffff
0000000fffffffff 17 000000000007ffff 001ffffffffe0000 000000000007ffff
0000000fffffffff 18 000000000003ffff 003ffffffffc0000 000000000003ffff
0000000fffffffff 19 000000000001ffff 007ffffffff80000 000000000001ffff
0000000fffffffff 20 000000000000ffff 00fffffffff00000 000000000000ffff
0000000fffffffff 21 0000000000007fff 01ffffffffe00000 0000000000007fff
0000000fffffffff 22 0000000000003fff 03ffffffffc00000 0000000000003fff
0000000fffffffff 23 0000000000001fff 07ffffffff800000 0000000000001fff
0000000fffffffff 24 0000000000000fff 0fffffffff000000 0000000000000fff
0000000fffffffff 25 00000000000007ff 1ffffffffe000000 00000000000007ff
0000000fffffffff 26 00000000000003ff 3ffffffffc000000 00000000000003ff
0000000fffffffff 27 00000000000001ff 7ffffffff8000000 00000000000001ff
0000000fffffffff 28 00000000000000ff fffffffff0000000 00000000000000ff
0000000fffffffff 29 000000000000007f ffffffffe0000000 000000000000007f
0000000fffffffff 30 000000000000003f ffffffffc0000000 000000000000003f
0000000fffffffff 31 000000000000001f ffffffff80000000 000000000000001f
0000000fffffffff 32 000000000000000f ffffffff00000000 000000000000000f
0000000fffffffff 33 0000000000000007 fffffffe00000000 0000000000000007
0000000fffffffff 34 0000000000000003 fffffffc00000000 0000000000000003
0000000fffffffff 35 0000000000000001 fffffff800000000 0000000000000001
0000000fffffffff 36 0000000000000000 fffffff000000000 0000000000000000
0000000fffffffff 37 0000000000000000 ffffffe000000000 0000000000000000
0000000fffffffff 38 0000000000000000 ffffffc000000000 0000000000000000
0000000fffffffff 39 0000000000000000 ffffff8000000000 0000000000000000
0000000fffffffff 40 0000000000000000 ffffff0000000000 0000000000000000
0000000fffffffff 41 0000000000000000 fffffe0000000000 0000000000000000
0000000fffffffff 42 0000000000000000 fffffc0000000000 0000000000000000
0000000fffffffff 43 0000000000000000 fffff80000000000 0000000000000000
0000000fffffffff 44 0000000000000000 fffff00000000000 0000000000000000
0000000fffffffff 45 0000000000000000 ffffe00000000000 0000000000000000
0000000fffffffff 46 0000000000000000 ffffc00000000000 0000000000000000
0000000fffffffff 47 0000000000000000 ffff800000000000 0000000000000000
0000000fffffffff 48 0000000000000000 ffff000000000000 0000000000000000
0000000fffffffff 49 0000000000000000 fffe000000000000 0000000000000000
0000000fffffffff 50 0000000000000000 fffc000000000000 0000000000000000
0000000fffffffff 51 0000000000000000 fff8000000000000 0000000000000000
0000000fffffffff 52 0000000000000000 fff0000000000000 0000000000000000
0000000fffffffff 53 0000000000000000 ffe0000000000000 0000000000000000
0000000fffffffff 54 0000000000000000 ffc0000000000000 0000000000000000
0000000fffffffff 55 0000000000000000 ff80000000000000 0000000000000000
0000000fffffffff 56 0000000000000000 ff00000000000000 0000000000000000
0000000fffffffff 57 0000000000000000 fe00000000000000 0000000000000000
0000000fffffffff 58 0000000000000000 fc00000000000000 0000000000000000
0000000fffffffff 59 0000000000000000 f800000000000000 0000000000000000
0000000fffffffff 60 0000000000000000 f000000000000000 0000000000000000
0000000fffffffff 61 0000000000000000 e000000000000000 0000000000000000
0000000fffffffff 62 0000000000000000 c000000000000000 0000000000000000
0000000fffffffff 63 0000000000000000 8000000000000000 0000000000000000
0000001000000000 0 0000001000000000 0000001000000000 0000001000000000
0000001000000000 1 0000000800000000 0000002000000000 0000000800000000
0000001000000000 2 0000000400000000 0000004000000000 0000000400000000
0000001000000000 3 0000000200000000 0000008000000000 0000000200000000
0000001000000000 4 0000000100000000 0000010000000000 0000000100000000
0000001000000000 5 0000000080000000 0000020000000000 0000000080000000
0000001000000000 6 0000000040000000 0000040000000000 0000000040000000
0000001000000000 7 0000000020000000 0000080000000000 0000000020000000
0000001000000000 8 0000000010000000 0000100000000000 0000000010000000
0000001000000000 9 0000000008000000 0000200000000000 0000000008000000
0000001000000000 10 0000000004000000 0000400000000000 0000000004000000
0000001000000000 11 0000000002000000 0000800000000000 0000000002000000
0000001000000000 12 0000000001000000 0001000000000000 0000000001000000
0000001000000000 13 0000000000800000 0002000000000000 0000000000800000
0000001000000000 14 0000000000400000 0004000000000000 0000000000400000
0000001000000000 15 0000000000200000 0008000000000000 0000000000200000
0000001000000000 16 0000000000100000 0010000000000000 0000000000100000
0000001000000000 17 0000000000080000 0020000000000000 0000000000080000
0000001000000000 18 0000000000040000 0040000000000000 0000000000040000
0000001000000000 19 0000000000020000 0080000000000000 0000000000020000
0000001000000000 20 0000000000010000 0100000000000000 0000000000010000
0000001000000000 21 0000000000008000 0200000000000000 0000000000008000
0000001000000000 22 0000000000004000 0400000000000000 0000000000004000
0000001000000000 23 0000000000002000 0800000000000000 0000000000002000
0000001000000000 24 0000000000001000 1000000000000000 0000000000001000
0000001000000000 25 0000000000000800 2000000000000000 0000000000000800
0000001000000000 26 0000000000000400 4000000000000000 0000000000000400
0000001000000000 27 0000000000000200 8000000000000000 0000000000000200
0000001000000000 28 0000000000000100 0000000000000000 0000000000000100
0000001000000000 29 0000000000000080 0000000000000000 0000000000000080
0000001000000000 30 0000000000000040 0000000000000000 0000000000000040
0000001000000000 31 0000000000000020 0000000000000000 0000000000000020
0000001000000000 32 0000000000000010 0000000000000000 0000000000000010
0000001000000000 33 0000000000000008 0000000000000000 0000000000000008
0000001000000000 34 0000000000000004 0000000000000000 0000000000000004
0000001000000000 35 0000000000000002 0000000000000000 0000000000000002
0000001000000000 36 0000000000000001 0000000000000000 0000000000000001
0000001000000000 37 0000000000000000 0000000000000000 0000000000000000
0000001000000000 38 0000000000000000 0000000000000000 0000000000000000
0000001000000000 39 0000000000000000 0000000000000000 0000000000000000
0000001000000000 40 0000000000000000 0000000000000000 0000000000000000
0000001000000000 41 0000000000000000 0000000000000000 0000000000000000
0000001000000000 42 0000000000000000 0000000000000000 0000000000000000
0000001000000000 43 0000000000000000 0000000000000000 0000000000000000
0000001000000000 44 0000000000000000 0000000000000000 0000000000000000
0000001000000000 45 0000000000000000 0000000000000000 0000000000000000
0000001000000000 46 0000000000000000 0000000000000000 0000000000000000
0000001000000000 47 0000000000000000 0000000000000000 0000000000000000
0000001000000000 48 0000000000000000 0000000000000000 0000000000000000
0000001000000000 49 0000000000000000 0000000000000000 0000000000000000
0000001000000000 50 0000000000000000 0000000000000000 0000000000000000
0000001000000000 51 0000000000000000 0000000000000000 0000000000000000
0000001000000000 52 0000000000000000 0000000000000000 0000000000000000
0000001000000000 53 0000000000000000 0000000000000000 0000000000000000
0000001000000000 54 0000000000000000 0000000000000000 0000000000000000
0000001000000000 55 0000000000000000 0000000000000000 0000000000000000
0000001000000000 56 0000000000000000 0000000000000000 0000000000000000
0000001000000000 57 0000000000000000 0000000000000000 0000000000000000
0000001000000000 58 0000000000000000 0000000000000000 0000000000000000
0000001000000000 59 0000000000000000 0000000000000000 0000000000000000
0000001000000000 60 0000000000000000 0000000000000000 0000000000000000
0000001000000000 61 0000000000000000 0000000000000000 0000000000000000
0000001000000000 62 0000000000000000 0000000000000000 0000000000000000
0000001000000000 63 0000000000000000 0000000000000000 0000000000000000
0000001fffffffff 0 0000001fffffffff 0000001fffffffff 0000001fffffffff
0000001fffffffff 1 0000000fffffffff 0000003ffffffffe 0000000fffffffff
0000001fffffffff 2 00000007ffffffff 0000007ffffffffc 00000007ffffffff
0000001fffffffff 3 00000003ffffffff 000000fffffffff8 00000003ffffffff
0000001fffffffff 4 00000001ffffffff 000001fffffffff0 00000001ffffffff
0000001fffffffff 5 00000000ffffffff 000003ffffffffe0 00000000ffffffff
0000001fffffffff 6 000000007fffffff 000007ffffffffc0 000000007fffffff
0000001fffffffff 7 000000003fffffff 00000fffffffff80 000000003fffffff
0000001fffffffff 8 000000001fffffff 00001fffffffff00 000000001fffffff
0000001fffffffff 9 000000000fffffff 00003ffffffffe00 000000000fffffff
0000001fffffffff 10 0000000007ffffff 00007ffffffffc00 0000000007ffffff
0000001fffffffff 11 0000000003ffffff 0000fffffffff800 0000000003ffffff
0000001fffffffff 12 0000000001ffffff 0001fffffffff000 0000000001ffffff
0000001fffffffff 13 0000000000ffffff 0003ffffffffe000 0000000000ffffff
0000001fffffffff 14 00000000007fffff 0007ffffffffc000 00000000007fffff
0000001fffffffff 15 00000000003fffff 000fffffffff8000 00000000003fffff
0000001fffffffff 16 00000000001fffff 001fffffffff0000 00000000001fffff
0000001fffffffff 17 00000000000fffff 003ffffffffe0000 00000000000fffff
0000001fffffffff 18 000000000007ffff 007ffffffffc0000 000000000007ffff
0000001fffffffff 19 000000000003ffff 00fffffffff80000 000000000003ffff
0000001fffffffff 20 000000000001ffff 01fffffffff00000 000000000001ffff
0000001fffffffff 21 000000000000ffff 03ffffffffe00000 000000000000ffff
0000001fffffffff 22 0000000000007fff 07ffffffffc00000 0000000000007fff
0000001fffffffff 23 0000000000003fff 0fffffffff800000 0000000000003fff
0000001fffffffff 24 0000000000001fff 1fffffffff000000 0000000000001fff
0000001fffffffff 25 0000000000000fff 3ffffffffe000000 0000000000000fff
0000001fffffffff 26 00000000000007ff 7ffffffffc000000 00000000000007ff
0000001fffffffff 27 00000000000003ff fffffffff8000000 00000000000003ff
0000001fffffffff 28 00000000000001ff fffffffff0000000 00000000000001ff
0000001fffffffff 29 00000000000000ff ffffffffe0000000 00000000000000ff
0000001fffffffff 30 000000000000007f ffffffffc0000000 000000000000007f
0000001fffffffff 31 000000000000003f ffffffff80000000 000000000000003f
0000001fffffffff 32 000000000000001f ffffffff00000000 000000000000001f
0000001fffffffff 33 000000000000000f fffffffe00000000 000000000000000f
0000001fffffffff 34 0000000000000007 fffffffc00000000 0000000000000007
0000001fffffffff 35 0000000000000003 fffffff800000000 0000000000000003
0000001fffffffff 36 0000000000000001 fffffff000000000 0000000000000001
0000001fffffffff 37 0000000000000000 ffffffe000000000 0000000000000000
0000001fffffffff 38 0000000000000000 ffffffc000000000 0000000000000000
0000001fffffffff 39 0000000000000000 ffffff8000000000 0000000000000000
0000001fffffffff 40 0000000000000000 ffffff0000000000 0000000000000000
0000001fffffffff 41 0000000000000000 fffffe0000000000 0000000000000000
0000001fffffffff 42 0000000000000000 fffffc0000000000 0000000000000000
0000001fffffffff 43 0000000000000000 fffff80000000000 0000000000000000
0000001fffffffff 44 0000000000000000 fffff00000000000 0000000000000000
0000001fffffffff 45 0000000000000000 ffffe00000000000 0000000000000000
0000001fffffffff 46 0000000000000000 ffffc00000000000 0000000000000000
0000001fffffffff 47 0000000000000000 ffff800000000000 0000000000000000
0000001fffffffff 48 0000000000000000 ffff000000000000 0000000000000000
0000001fffffffff 49 0000000000000000 fffe000000000000 0000000000000000
0000001fffffffff 50 0000000000000000 fffc000000000000 0000000000000000
0000001fffffffff 51 0000000000000000 fff8000000000000 0000000000000000
0000001fffffffff 52 0000000000000000 fff0000000000000 0000000000000000
0000001fffffffff 53 0000000000000000 ffe0000000000000 0000000000000000
0000001fffffffff 54 0000000000000000 ffc0000000000000 0000000000000000
0000001fffffffff 55 0000000000000000 ff80000000000000 0000000000000000
0000001fffffffff 56 0000000000000000 ff00000000000000 0000000000000000
0000001fffffffff 57 0000000000000000 fe00000000000000 0000000000000000
0000001fffffffff 58 0000000000000000 fc00000000000000 0000000000000000
0000001fffffffff 59 0000000000000000 f800000000000000 0000000000000000
0000001fffffffff 60 0000000000000000 f000000000000000 0000000000000000
0000001fffffffff 61 0000000000000000 e000000000000000 0000000000000000
0000001fffffffff 62 0000000000000000 c000000000000000 0000000000000000
0000001fffffffff 63 0000000000000000 8000000000000000 0000000000000000
0000002000000000 0 0000002000000000 0000002000000000 0000002000000000
0000002000000000 1 0000001000000000 0000004000000000 0000001000000000
0000002000000000 2 0000000800000000 0000008000000000 0000000800000000
0000002000000000 3 0000000400000000 0000010000000000 0000000400000000
0000002000000000 4 0000000200000000 0000020000000000 0000000200000000
0000002000000000 5 0000000100000000 0000040000000000 0000000100000000
0000002000000000 6 0000000080000000 0000080000000000 0000000080000000
0000002000000000 7 0000000040000000 0000100000000000 0000000040000000
0000002000000000 8 0000000020000000 0000200000000000 0000000020000000
0000002000000000 9 0000000010000000 0000400000000000 0000000010000000
0000002000000000 10 0000000008000000 0000800000000000 0000000008000000
0000002000000000 11 0000000004000000 0001000000000000 0000000004000000
0000002000000000 12 0000000002000000 0002000000000000 0000000002000000
0000002000000000 13 0000000001000000 0004000000000000 0000000001000000
0000002000000000 14 0000000000800000 0008000000000000 0000000000800000
0000002000000000 15 0000000000400000 0010000000000000 0000000000400000
0000002000000000 16 0000000000200000 0020000000000000 0000000000200000
0000002000000000 17 0000000000100000 0040000000000000 0000000000100000
0000002000000000 18 0000000000080000 0080000000000000 0000000000080000
0000002000000000 19 0000000000040000 0100000000000000 0000000000040000
0000002000000000 20 0000000000020000 0200000000000000 0000000000020000
0000002000000000 21 0000000000010000 0400000000000000 0000000000010000
0000002000000000 22 0000000000008000 0800000000000000 0000000000008000
0000002000000000 23 0000000000004000 1000000000000000 0000000000004000
0000002000000000 24 0000000000002000 2000000000000000 0000000000002000
0000002000000000 25 0000000000001000 4000000000000000 0000000000001000
0000002000000000 26 0000000000000800 8000000000000000 0000000000000800
0000002000000000 27 0000000000000400 0000000000000000 0000000000000400
0000002000000000 28 0000000000000200 0000000000000000 0000000000000200
0000002000000000 29 0000000000000100 0000000000000000 0000000000000100
0000002000000000 30 0000000000000080 0000000000000000 0000000000000080
0000002000000000 31 0000000000000040 0000000000000000 0000000000000040
0000002000000000 32 0000000000000020 0000000000000000 0000000000000020
0000002000000000 33 0000000000000010 0000000000000000 0000000000000010
0000002000000000 34 0000000000000008 0000000000000000 0000000000000008
0000002000000000 35 0000000000000004 0000000000000000 0000000000000004
0000002000000000 36 0000000000000002 0000000000000000 0000000000000002
0000002000000000 37 0000000000000001 0000000000000000 0000000000000001
0000002000000000 38 0000000000000000 0000000000000000 0000000000000000
0000002000000000 39 0000000000000000 0000000000000000 0000000000000000
0000002000000000 40 0000000000000000 0000000000000000 0000000000000000
0000002000000000 41 0000000000000000 0000000000000000 0000000000000000
0000002000000000 42 0000000000000000 0000000000000000 0000000000000000
0000002000000000 43 0000000000000000 0000000000000000 0000000000000000
0000002000000000 44 0000000000000000 0000000000000000 0000000000000000
0000002000000000 45 0000000000000000 0000000000000000 0000000000000000
0000002000000000 46 0000000000000000 0000000000000000 0000000000000000
0000002000000000 47 0000000000000000 0000000000000000 0000000000000000
0000002000000000 48 0000000000000000 0000000000000000 0000000000000000
0000002000000000 49 0000000000000000 0000000000000000 0000000000000000
0000002000000000 50 0000000000000000 0000000000000000 0000000000000000
0000002000000000 51 0000000000000000 0000000000000000 0000000000000000
0000002000000000 52 0000000000000000 0000000000000000 0000000000000000
0000002000000000 53 0000000000000000 0000000000000000 0000000000000000
0000002000000000 54 0000000000000000 0000000000000000 0000000000000000
0000002000000000 55 0000000000000000 0000000000000000 0000000000000000
0000002000000000 56 0000000000000000 0000000000000000 0000000000000000
0000002000000000 57 0000000000000000 0000000000000000 0000000000000000
0000002000000000 58 0000000000000000 0000000000000000 0000000000000000
0000002000000000 59 0000000000000000 0000000000000000 0000000000000000
0000002000000000 60 0000000000000000 0000000000000000 0000000000000000
0000002000000000 61 0000000000000000 0000000000000000 0000000000000000
0000002000000000 62 0000000000000000 0000000000000000 0000000000000000
0000002000000000 63 0000000000000000 0000000000000000 0000000000000000
0000003fffffffff 0 0000003fffffffff 0000003fffffffff 0000003fffffffff
0000003fffffffff 1 0000001fffffffff 0000007ffffffffe 0000001fffffffff
0000003fffffffff 2 0000000fffffffff 000000fffffffffc 0000000fffffffff
0000003fffffffff 3 00000007ffffffff 000001fffffffff8 00000007ffffffff
0000003fffffffff 4 00000003ffffffff 000003fffffffff0 00000003ffffffff
0000003fffffffff 5 00000001ffffffff 000007ffffffffe0 00000001ffffffff
0000003fffffffff 6 00000000ffffffff 00000fffffffffc0 00000000ffffffff
0000003fffffffff 7 000000007fffffff 00001fffffffff80 000000007fffffff
0000003fffffffff 8 000000003fffffff 00003fffffffff00 000000003fffffff
0000003fffffffff 9 000000001fffffff 00007ffffffffe00 000000001fffffff
0000003fffffffff 10 000000000fffffff 0000fffffffffc00 000000000fffffff
0000003fffffffff 11 0000000007ffffff 0001fffffffff800 0000000007ffffff
0000003fffffffff 12 0000000003ffffff 0003fffffffff000 0000000003ffffff
0000003fffffffff 13 0000000001ffffff 0007ffffffffe000 0000000001ffffff
0000003fffffffff 14 0000000000ffffff 000fffffffffc000 0000000000ffffff
0000003fffffffff 15 00000000007fffff 001fffffffff8000 00000000007fffff
0000003fffffffff 16 00000000003fffff 003fffffffff0000 00000000003fffff
0000003fffffffff 17 00000000001fffff 007ffffffffe0000 00000000001fffff
0000003fffffffff 18 00000000000fffff 00fffffffffc0000 00000000000fffff
0000003fffffffff 19 000000000007ffff 01fffffffff80000 000000000007ffff
0000003fffffffff 20 000000000003ffff 03fffffffff00000 000000000003ffff
0000003fffffffff 21 000000000001ffff 07ffffffffe00000 000000000001ffff
0000003fffffffff 22 000000000000ffff 0fffffffffc00000 000000000000ffff
0000003fffffffff 23 0000000000007fff 1fffffffff800000 0000000000007fff
0000003fffffffff 24 0000000000003fff 3fffffffff000000 0000000000003fff
0000003fffffffff 25 0000000000001fff 7ffffffffe000000 0000000000001fff
0000003fffffffff 26 0000000000000fff fffffffffc000000 0000000000000fff
0000003fffffffff 27 00000000000007ff fffffffff8000000 00000000000007ff
0000003fffffffff 28 00000000000003ff fffffffff0000000 00000000000003ff
0000003fffffffff 29 00000000000001ff ffffffffe0000000 00000000000001ff
0000003fffffffff 30 00000000000000ff ffffffffc0000000 00000000000000ff
0000003fffffffff 31 000000000000007f ffffffff80000000 000000000000007f
0000003fffffffff 32 000000000000003f ffffffff00000000 000000000000003f
0000003fffffffff 33 000000000000001f fffffffe00000000 000000000000001f
0000003fffffffff 34 000000000000000f fffffffc00000000 000000000000000f
0000003fffffffff 35 0000000000000007 fffffff800000000 0000000000000007
0000003fffffffff 36 0000000000000003 fffffff000000000 0000000000000003
0000003fffffffff 37 0000000000000001 ffffffe000000000 0000000000000001
0000003fffffffff 38 0000000000000000 ffffffc000000000 0000000000000000
0000003fffffffff 39 0000000000000000 ffffff8000000000 0000000000000000
0000003fffffffff 40 0000000000000000 ffffff0000000000 0000000000000000
0000003fffffffff 41 0000000000000000 fffffe0000000000 0000000000000000
0000003fffffffff 42 0000000000000000 fffffc0000000000 0000000000000000
0000003fffffffff 43 0000000000000000 fffff80000000000 0000000000000000
0000003fffffffff 44 0000000000000000 fffff00000000000 0000000000000000
0000003fffffffff 45 0000000000000000 ffffe00000000000 0000000000000000
0000003fffffffff 46 0000000000000000 ffffc00000000000 0000000000000000
0000003fffffffff 47 0000000000000000 ffff800000000000 0000000000000000
0000003fffffffff 48 0000000000000000 ffff000000000000 0000000000000000
0000003fffffffff 49 0000000000000000 fffe000000000000 0000000000000000
0000003fffffffff 50 0000000000000000 fffc000000000000 0000000000000000
0000003fffffffff 51 0000000000000000 fff8000000000000 0000000000000000
0000003fffffffff 52 0000000000000000 fff0000000000000 0000000000000000
0000003fffffffff 53 0000000000000000 ffe0000000000000 0000000000000000
0000003fffffffff 54 0000000000000000 ffc0000000000000 0000000000000000
0000003fffffffff 55 0000000000000000 ff80000000000000 0000000000000000
0000003fffffffff 56 0000000000000000 ff00000000000000 0000000000000000
0000003fffffffff 57 0000000000000000 fe00000000000000 0000000000000000
0000003fffffffff 58 0000000000000000 fc00000000000000 0000000000000000
0000003fffffffff 59 0000000000000000 f800000000000000 0000000000000000
0000003fffffffff 60 0000000000000000 f000000000000000 0000000000000000
0000003fffffffff 61 0000000000000000 e000000000000000 0000000000000000
0000003fffffffff 62 0000000000000000 c000000000000000 0000000000000000
0000003fffffffff 63 0000000000000000 8000000000000000 0000000000000000
0000004000000000 0 0000004000000000 0000004000000000 0000004000000000
0000004000000000 1 0000002000000000 0000008000000000 0000002000000000
0000004000000000 2 0000001000000000 0000010000000000 0000001000000000
0000004000000000 3 0000000800000000 0000020000000000 0000000800000000
0000004000000000 4 0000000400000000 0000040000000000 0000000400000000
0000004000000000 5 0000000200000000 0000080000000000 0000000200000000
0000004000000000 6 0000000100000000 0000100000000000 0000000100000000
0000004000000000 7 0000000080000000 0000200000000000 0000000080000000
0000004000000000 8 0000000040000000 0000400000000000 0000000040000000
0000004000000000 9 0000000020000000 0000800000000000 0000000020000000
0000004000000000 10 0000000010000000 0001000000000000 0000000010000000
0000004000000000 11 0000000008000000 0002000000000000 0000000008000000
0000004000000000 12 0000000004000000 0004000000000000 0000000004000000
0000004000000000 13 0000000002000000 0008000000000000 0000000002000000
0000004000000000 14 0000000001000000 0010000000000000 0000000001000000
0000004000000000 15 0000000000800000 0020000000000000 0000000000800000
0000004000000000 16 0000000000400000 0040000000000000 0000000000400000
0000004000000000 17 0000000000200000 0080000000000000 0000000000200000
0000004000000000 18 0000000000100000 0100000000000000 0000000000100000
0000004000000000 19 0000000000080000 0200000000000000 0000000000080000
0000004000000000 20 0000000000040000 0400000000000000 0000000000040000
0000004000000000 21 0000000000020000 0800000000000000 0000000000020000
0000004000000000 22 0000000000010000 1000000000000000 0000000000010000
0000004000000000 23 0000000000008000 2000000000000000 0000000000008000
0000004000000000 24 0000000000004000 4000000000000000 0000000000004000
0000004000000000 25 0000000000002000 8000000000000000 0000000000002000
0000004000000000 26 0000000000001000 0000000000000000 0000000000001000
0000004000000000 27 0000000000000800 0000000000000000 0000000000000800
0000004000000000 28 0000000000000400 0000000000000000 0000000000000400
0000004000000000 29 0000000000000200 0000000000000000 0000000000000200
0000004000000000 30 0000000000000100 0000000000000000 0000000000000100
0000004000000000 31 0000000000000080 0000000000000000 0000000000000080
0000004000000000 32 0000000000000040 0000000000000000 0000000000000040
0000004000000000 33 0000000000000020 0000000000000000 0000000000000020
0000004000000000 34 0000000000000010 0000000000000000 0000000000000010
0000004000000000 35 0000000000000008 0000000000000000 0000000000000008
0000004000000000 36 0000000000000004 0000000000000000 0000000000000004
0000004000000000 37 0000000000000002 0000000000000000 0000000000000002
0000004000000000 38 0000000000000001 0000000000000000 0000000000000001
0000004000000000 39 0000000000000000 0000000000000000 0000000000000000
0000004000000000 40 0000000000000000 0000000000000000 0000000000000000
0000004000000000 41 0000000000000000 0000000000000000 0000000000000000
0000004000000000 42 0000000000000000 0000000000000000 0000000000000000
0000004000000000 43 0000000000000000 0000000000000000 0000000000000000
0000004000000000 44 0000000000000000 0000000000000000 0000000000000000
0000004000000000 45 0000000000000000 0000000000000000 0000000000000000
0000004000000000 46 0000000000000000 0000000000000000 0000000000000000
0000004000000000 47 0000000000000000 0000000000000000 0000000000000000
0000004000000000 48 0000000000000000 0000000000000000 0000000000000000
0000004000000000 49 0000000000000000 0000000000000000 0000000000000000
0000004000000000 50 0000000000000000 0000000000000000 0000000000000000
0000004000000000 51 0000000000000000 0000000000000000 0000000000000000
0000004000000000 52 0000000000000000 0000000000000000 0000000000000000
0000004000000000 53 0000000000000000 0000000000000000 0000000000000000
0000004000000000 54 0000000000000000 0000000000000000 0000000000000000
0000004000000000 55 0000000000000000 0000000000000000 0000000000000000
0000004000000000 56 0000000000000000 0000000000000000 0000000000000000
0000004000000000 57 0000000000000000 0000000000000000 0000000000000000
0000004000000000 58 0000000000000000 0000000000000000 0000000000000000
0000004000000000 59 0000000000000000 0000000000000000 0000000000000000
0000004000000000 60 0000000000000000 0000000000000000 0000000000000000
0000004000000000 61 0000000000000000 0000000000000000 0000000000000000
0000004000000000 62 0000000000000000 0000000000000000 0000000000000000
0000004000000000 63 0000000000000000 0000000000000000 0000000000000000
0000007fffffffff 0 0000007fffffffff 0000007fffffffff 0000007fffffffff
0000007fffffffff 1 0000003fffffffff 000000fffffffffe 0000003fffffffff
0000007fffffffff 2 0000001fffffffff 000001fffffffffc 0000001fffffffff
0000007fffffffff 3 0000000fffffffff 000003fffffffff8 0000000fffffffff
0000007fffffffff 4 00000007ffffffff 000007fffffffff0 00000007ffffffff
0000007fffffffff 5 00000003ffffffff 00000fffffffffe0 00000003ffffffff
0000007fffffffff 6 00000001ffffffff 00001fffffffffc0 00000001ffffffff
0000007fffffffff 7 00000000ffffffff 00003fffffffff80 00000000ffffffff
0000007fffffffff 8 000000007fffffff 00007fffffffff00 000000007fffffff
0000007fffffffff 9 000000003fffffff 0000fffffffffe00 000000003fffffff
0000007fffffffff 10 000000001fffffff 0001fffffffffc00 000000001fffffff
0000007fffffffff 11 000000000fffffff 0003fffffffff800 000000000fffffff
0000007fffffffff 12 0000000007ffffff 0007fffffffff000 0000000007ffffff
0000007fffffffff 13 0000000003ffffff 000fffffffffe000 0000000003ffffff
0000007fffffffff 14 0000000001ffffff 001fffffffffc000 0000000001ffffff
0000007fffffffff 15 0000000000ffffff 003fffffffff8000 0000000000ffffff
0000007fffffffff 16 00000000007fffff 007fffffffff0000 00000000007fffff
0000007fffffffff 17 00000000003fffff 00fffffffffe0000 00000000003fffff
0000007fffffffff 18 00000000001fffff 01fffffffffc0000 00000000001fffff
0000007fffffffff 19 00000000000fffff 03fffffffff80000 00000000000fffff
0000007fffffffff 20 000000000007ffff 07fffffffff00000 000000000007ffff
0000007fffffffff 21 000000000003ffff 0fffffffffe00000 000000000003ffff
0000007fffffffff 22 000000000001ffff 1fffffffffc00000 000000000001ffff
0000007fffffffff 23 000000000000ffff 3fffffffff800000 000000000000ffff
0000007fffffffff 24 0000000000007fff 7fffffffff000000 0000000000007fff
0000007fffffffff 25 0000000000003fff fffffffffe000000 0000000000003fff
0000007fffffffff 26 0000000000001fff fffffffffc000000 0000000000001fff
0000007fffffffff 27 0000000000000fff fffffffff8000000 0000000000000fff
0000007fffffffff 28 00000000000007ff fffffffff0000000 00000000000007ff
0000007fffffffff 29 00000000000003ff ffffffffe0000000 00000000000003ff
0000007fffffffff 30 00000000000001ff ffffffffc0000000 00000000000001ff
0000007fffffffff 31 00000000000000ff ffffffff80000000 00000000000000ff
0000007fffffffff 32 000000000000007f ffffffff00000000 000000000000007f
0000007fffffffff 33 000000000000003f fffffffe00000000 000000000000003f
0000007fffffffff 34 000000000000001f fffffffc00000000 000000000000001f
0000007fffffffff 35 000000000000000f fffffff800000000 000000000000000f
0000007fffffffff 36 0000000000000007 fffffff000000000 0000000000000007
0000007fffffffff 37 0000000000000003 ffffffe000000000 0000000000000003
0000007fffffffff 38 0000000000000001 ffffffc000000000 0000000000000001
0000007fffffffff 39 0000000000000000 ffffff8000000000 0000000000000000
0000007fffffffff 40 0000000000000000 ffffff0000000000 0000000000000000
0000007fffffffff 41 0000000000000000 fffffe0000000000 0000000000000000
0000007fffffffff 42 0000000000000000 fffffc0000000000 0000000000000000
0000007fffffffff 43 0000000000000000 fffff80000000000 0000000000000000
0000007fffffffff 44 0000000000000000 fffff00000000000 0000000000000000
0000007fffffffff 45 0000000000000000 ffffe00000000000 0000000000000000
0000007fffffffff 46 0000000000000000 ffffc00000000000 0000000000000000
0000007fffffffff 47 0000000000000000 ffff800000000000 0000000000000000
0000007fffffffff 48 0000000000000000 ffff000000000000 0000000000000000
0000007fffffffff 49 0000000000000000 fffe000000000000 0000000000000000
0000007fffffffff 50 0000000000000000 fffc000000000000 0000000000000000
0000007fffffffff 51 0000000000000000 fff8000000000000 0000000000000000
0000007fffffffff 52 0000000000000000 fff0000000000000 0000000000000000
0000007fffffffff 53 0000000000000000 ffe0000000000000 0000000000000000
0000007fffffffff 54 0000000000000000 ffc0000000000000 0000000000000000
0000007fffffffff 55 0000000000000000 ff80000000000000 0000000000000000
0000007fffffffff 56 0000000000000000 ff00000000000000 0000000000000000
0000007fffffffff 57 0000000000000000 fe00000000000000 0000000000000000
0000007fffffffff 58 0000000000000000 fc00000000000000 0000000000000000
0000007fffffffff 59 0000000000000000 f800000000000000 0000000000000000
0000007fffffffff 60 0000000000000000 f000000000000000 0000000000000000
0000007fffffffff 61 0000000000000000 e000000000000000 0000000000000000
0000007fffffffff 62 0000000000000000 c000000000000000 0000000000000000
0000007fffffffff 63 0000000000000000 8000000000000000 0000000000000000
0000008000000000 0 0000008000000000 0000008000000000 0000008000000000
0000008000000000 1 0000004000000000 0000010000000000 0000004000000000
0000008000000000 2 0000002000000000 0000020000000000 0000002000000000
0000008000000000 3 0000001000000000 0000040000000000 0000001000000000
0000008000000000 4 0000000800000000 0000080000000000 0000000800000000
0000008000000000 5 0000000400000000 0000100000000000 0000000400000000
0000008000000000 6 0000000200000000 0000200000000000 0000000200000000
0000008000000000 7 0000000100000000 0000400000000000 0000000100000000
0000008000000000 8 0000000080000000 0000800000000000 0000000080000000
0000008000000000 9 0000000040000000 0001000000000000 0000000040000000
0000008000000000 10 0000000020000000 0002000000000000 0000000020000000
0000008000000000 11 0000000010000000 0004000000000000 0000000010000000
0000008000000000 12 0000000008000000 0008000000000000 0000000008000000
0000008000000000 13 0000000004000000 0010000000000000 0000000004000000
0000008000000000 14 0000000002000000 0020000000000000 0000000002000000
0000008000000000 15 0000000001000000 0040000000000000 0000000001000000
0000008000000000 16 0000000000800000 0080000000000000 0000000000800000
0000008000000000 17 0000000000400000 0100000000000000 0000000000400000
0000008000000000 18 0000000000200000 0200000000000000 0000000000200000
0000008000000000 19 0000000000100000 0400000000000000 0000000000100000
0000008000000000 20 0000000000080000 0800000000000000 0000000000080000
0000008000000000 21 0000000000040000 1000000000000000 0000000000040000
0000008000000000 22 0000000000020000 2000000000000000 0000000000020000
0000008000000000 23 0000000000010000 4000000000000000 0000000000010000
0000008000000000 24 0000000000008000 8000000000000000 0000000000008000
0000008000000000 25 0000000000004000 0000000000000000 0000000000004000
0000008000000000 26 0000000000002000 0000000000000000 0000000000002000
0000008000000000 27 0000000000001000 0000000000000000 0000000000001000
0000008000000000 28 0000000000000800 0000000000000000 0000000000000800
0000008000000000 29 0000000000000400 0000000000000000 0000000000000400
0000008000000000 30 0000000000000200 0000000000000000 0000000000000200
0000008000000000 31 0000000000000100 0000000000000000 0000000000000100
0000008000000000 32 0000000000000080 0000000000000000 0000000000000080
0000008000000000 33 0000000000000040 0000000000000000 0000000000000040
0000008000000000 34 0000000000000020 0000000000000000 0000000000000020
0000008000000000 35 0000000000000010 0000000000000000 0000000000000010
0000008000000000 36 0000000000000008 0000000000000000 0000000000000008
0000008000000000 37 0000000000000004 0000000000000000 0000000000000004
0000008000000000 38 0000000000000002 0000000000000000 0000000000000002
0000008000000000 39 0000000000000001 0000000000000000 0000000000000001
0000008000000000 40 0000000000000000 0000000000000000 0000000000000000
0000008000000000 41 0000000000000000 0000000000000000 0000000000000000
0000008000000000 42 0000000000000000 0000000000000000 0000000000000000
0000008000000000 43 0000000000000000 0000000000000000 0000000000000000
0000008000000000 44 0000000000000000 0000000000000000 0000000000000000
0000008000000000 45 0000000000000000 0000000000000000 0000000000000000
0000008000000000 46 0000000000000000 0000000000000000 0000000000000000
0000008000000000 47 0000000000000000 0000000000000000 0000000000000000
0000008000000000 48 0000000000000000 0000000000000000 0000000000000000
0000008000000000 49 0000000000000000 0000000000000000 0000000000000000
0000008000000000 50 0000000000000000 0000000000000000 0000000000000000
0000008000000000 51 0000000000000000 0000000000000000 0000000000000000
0000008000000000 52 0000000000000000 0000000000000000 0000000000000000
0000008000000000 53 0000000000000000 0000000000000000 0000000000000000
0000008000000000 54 0000000000000000 0000000000000000 0000000000000000
0000008000000000 55 0000000000000000 0000000000000000 0000000000000000
0000008000000000 56 0000000000000000 0000000000000000 0000000000000000
0000008000000000 57 0000000000000000 0000000000000000 0000000000000000
0000008000000000 58 0000000000000000 0000000000000000 0000000000000000
0000008000000000 59 0000000000000000 0000000000000000 0000000000000000
0000008000000000 60 0000000000000000 0000000000000000 0000000000000000
0000008000000000 61 0000000000000000 0000000000000000 0000000000000000
0000008000000000 62 0000000000000000 0000000000000000 0000000000000000
0000008000000000 63 0000000000000000 0000000000000000 0000000000000000
000000ffffffffff 0 000000ffffffffff 000000ffffffffff 000000ffffffffff
000000ffffffffff 1 0000007fffffffff 000001fffffffffe 0000007fffffffff
000000ffffffffff 2 0000003fffffffff 000003fffffffffc 0000003fffffffff
000000ffffffffff 3 0000001fffffffff 000007fffffffff8 0000001fffffffff
000000ffffffffff 4 0000000fffffffff 00000ffffffffff0 0000000fffffffff
000000ffffffffff 5 00000007ffffffff 00001fffffffffe0 00000007ffffffff
000000ffffffffff 6 00000003ffffffff 00003fffffffffc0 00000003ffffffff
000000ffffffffff 7 00000001ffffffff 00007fffffffff80 00000001ffffffff
000000ffffffffff 8 00000000ffffffff 0000ffffffffff00 00000000ffffffff
000000ffffffffff 9 000000007fffffff 0001fffffffffe00 000000007fffffff
000000ffffffffff 10 000000003fffffff 0003fffffffffc00 000000003fffffff
000000ffffffffff 11 000000001fffffff 0007fffffffff800 000000001fffffff
000000ffffffffff 12 000000000fffffff 000ffffffffff000 000000000fffffff
000000ffffffffff 13 0000000007ffffff 001fffffffffe000 0000000007ffffff
000000ffffffffff 14 0000000003ffffff 003fffffffffc000 0000000003ffffff
000000ffffffffff 15 0000000001ffffff 007fffffffff8000 0000000001ffffff
000000ffffffffff 16 0000000000ffffff 00ffffffffff0000 0000000000ffffff
000000ffffffffff 17 00000000007fffff 01fffffffffe0000 00000000007fffff
000000ffffffffff 18 00000000003fffff 03fffffffffc0000 00000000003fffff
000000ffffffffff 19 00000000001fffff 07fffffffff80000 00000000001fffff
000000ffffffffff 20 00000000000fffff 0ffffffffff00000 00000000000fffff
000000ffffffffff 21 000000000007ffff 1fffffffffe00000 000000000007ffff
000000ffffffffff 22 000000000003ffff 3fffffffffc00000 000000000003ffff
000000ffffffffff 23 000000000001ffff 7fffffffff800000 000000000001ffff
000000ffffffffff 24 000000000000ffff ffffffffff000000 000000000000ffff
000000ffffffffff 25 0000000000007fff fffffffffe000000 0000000000007fff
000000ffffffffff 26 0000000000003fff fffffffffc000000 0000000000003fff
000000ffffffffff 27 0000000000001fff fffffffff8000000 0000000000001fff
000000ffffffffff 28 0000000000000fff fffffffff0000000 0000000000000fff
000000ffffffffff 29 00000000000007ff ffffffffe0000000 00000000000007ff
000000ffffffffff 30 00000000000003ff ffffffffc0000000 00000000000003ff
000000ffffffffff 31 00000000000001ff ffffffff80000000 00000000000001ff
000000ffffffffff 32 00000000000000ff ffffffff00000000 00000000000000ff
000000ffffffffff 33 000000000000007f fffffffe00000000 000000000000007f
000000ffffffffff 34 000000000000003f fffffffc00000000 000000000000003f
000000ffffffffff 35 000000000000001f fffffff800000000 000000000000001f
000000ffffffffff 36 000000000000000f fffffff000000000 000000000000000f
000000ffffffffff 37 0000000000000007 ffffffe000000000 0000000000000007
000000ffffffffff 38 0000000000000003 ffffffc000000000 0000000000000003
000000ffffffffff 39 0000000000000001 ffffff8000000000 0000000000000001
000000ffffffffff 40 0000000000000000 ffffff0000000000 0000000000000000
000000ffffffffff 41 0000000000000000 fffffe0000000000 0000000000000000
000000ffffffffff 42 0000000000000000 fffffc0000000000 0000000000000000
000000ffffffffff 43 0000000000000000 fffff80000000000 0000000000000000
000000ffffffffff 44 0000000000000000 fffff00000000000 0000000000000000
000000ffffffffff 45 0000000000000000 ffffe00000000000 0000000000000000
000000ffffffffff 46 0000000000000000 ffffc00000000000 0000000000000000
000000ffffffffff 47 0000000000000000 ffff800000000000 0000000000000000
000000ffffffffff 48 0000000000000000 ffff000000000000 0000000000000000
000000ffffffffff 49 0000000000000000 fffe000000000000 0000000000000000
000000ffffffffff 50 0000000000000000 fffc000000000000 0000000000000000
000000ffffffffff 51 0000000000000000 fff8000000000000 0000000000000000
000000ffffffffff 52 0000000000000000 fff0000000000000 0000000000000000
000000ffffffffff 53 0000000000000000 ffe0000000000000 0000000000000000
000000ffffffffff 54 0000000000000000 ffc0000000000000 0000000000000000
000000ffffffffff 55 0000000000000000 ff80000000000000 0000000000000000
000000ffffffffff 56 0000000000000000 ff00000000000000 0000000000000000
000000ffffffffff 57 0000000000000000 fe00000000000000 0000000000000000
000000ffffffffff 58 0000000000000000 fc00000000000000 0000000000000000
000000ffffffffff 59 0000000000000000 f800000000000000 0000000000000000
000000ffffffffff 60 0000000000000000 f000000000000000 0000000000000000
000000ffffffffff 61 0000000000000000 e000000000000000 0000000000000000
000000ffffffffff 62 0000000000000000 c000000000000000 0000000000000000
000000ffffffffff 63 0000000000000000 8000000000000000 0000000000000000
0000010000000000 0 0000010000000000 0000010000000000 0000010000000000
0000010000000000 1 0000008000000000 0000020000000000 0000008000000000
0000010000000000 2 0000004000000000 0000040000000000 0000004000000000
0000010000000000 3 0000002000000000 0000080000000000 0000002000000000
0000010000000000 4 0000001000000000 0000100000000000 0000001000000000
0000010000000000 5 0000000800000000 0000200000000000 0000000800000000
0000010000000000 6 0000000400000000 0000400000000000 0000000400000000
0000010000000000 7 0000000200000000 0000800000000000 0000000200000000
0000010000000000 8 0000000100000000 0001000000000000 0000000100000000
0000010000000000 9 0000000080000000 0002000000000000 0000000080000000
0000010000000000 10 0000000040000000 0004000000000000 0000000040000000
0000010000000000 11 0000000020000000 0008000000000000 0000000020000000
0000010000000000 12 0000000010000000 0010000000000000 0000000010000000
0000010000000000 13 0000000008000000 0020000000000000 0000000008000000
0000010000000000 14 0000000004000000 0040000000000000 0000000004000000
0000010000000000 15 0000000002000000 0080000000000000 0000000002000000
0000010000000000 16 0000000001000000 0100000000000000 0000000001000000
0000010000000000 17 0000000000800000 0200000000000000 0000000000800000
0000010000000000 18 0000000000400000 0400000000000000 0000000000400000
0000010000000000 19 0000000000200000 0800000000000000 0000000000200000
0000010000000000 20 0000000000100000 1000000000000000 0000000000100000
0000010000000000 21 0000000000080000 2000000000000000 0000000000080000
0000010000000000 22 0000000000040000 4000000000000000 0000000000040000
0000010000000000 23 0000000000020000 8000000000000000 0000000000020000
0000010000000000 24 0000000000010000 0000000000000000 0000000000010000
0000010000000000 25 0000000000008000 0000000000000000 0000000000008000
0000010000000000 26 0000000000004000 0000000000000000 0000000000004000
0000010000000000 27 0000000000002000 0000000000000000 0000000000002000
0000010000000000 28 0000000000001000 0000000000000000 0000000000001000
0000010000000000 29 0000000000000800 0000000000000000 0000000000000800
0000010000000000 30 0000000000000400 0000000000000000 0000000000000400
0000010000000000 31 0000000000000200 0000000000000000 0000000000000200
0000010000000000 32 0000000000000100 0000000000000000 0000000000000100
0000010000000000 33 0000000000000080 0000000000000000 0000000000000080
0000010000000000 34 0000000000000040 0000000000000000 0000000000000040
0000010000000000 35 0000000000000020 0000000000000000 0000000000000020
0000010000000000 36 0000000000000010 0000000000000000 0000000000000010
0000010000000000 37 0000000000000008 0000000000000000 0000000000000008
0000010000000000 38 0000000000000004 0000000000000000 0000000000000004
0000010000000000 39 0000000000000002 0000000000000000 0000000000000002
0000010000000000 40 0000000000000001 0000000000000000 0000000000000001
0000010000000000 41 0000000000000000 0000000000000000 0000000000000000
0000010000000000 42 0000000000000000 0000000000000000 0000000000000000
0000010000000000 43 0000000000000000 0000000000000000 0000000000000000
0000010000000000 44 0000000000000000 0000000000000000 0000000000000000
0000010000000000 45 0000000000000000 0000000000000000 0000000000000000
0000010000000000 46 0000000000000000 0000000000000000 0000000000000000
0000010000000000 47 0000000000000000 0000000000000000 0000000000000000
0000010000000000 48 0000000000000000 0000000000000000 0000000000000000
0000010000000000 49 0000000000000000 0000000000000000 0000000000000000
0000010000000000 50 0000000000000000 0000000000000000 0000000000000000
0000010000000000 51 0000000000000000 0000000000000000 0000000000000000
0000010000000000 52 0000000000000000 0000000000000000 0000000000000000
0000010000000000 53 0000000000000000 0000000000000000 0000000000000000
0000010000000000 54 0000000000000000 0000000000000000 0000000000000000
0000010000000000 55 0000000000000000 0000000000000000 0000000000000000
0000010000000000 56 0000000000000000 0000000000000000 0000000000000000
0000010000000000 57 0000000000000000 0000000000000000 0000000000000000
0000010000000000 58 0000000000000000 0000000000000000 0000000000000000
0000010000000000 59 0000000000000000 0000000000000000 0000000000000000
0000010000000000 60 0000000000000000 0000000000000000 0000000000000000
0000010000000000 61 0000000000000000 0000000000000000 0000000000000000
0000010000000000 62 0000000000000000 0000000000000000 0000000000000000
0000010000000000 63 0000000000000000 0000000000000000 0000000000000000
000001ffffffffff 0 000001ffffffffff 000001ffffffffff 000001ffffffffff
000001ffffffffff 1 000000ffffffffff 000003fffffffffe 000000ffffffffff
000001ffffffffff 2 0000007fffffffff 000007fffffffffc 0000007fffffffff
000001ffffffffff 3 0000003fffffffff 00000ffffffffff8 0000003fffffffff
000001ffffffffff 4 0000001fffffffff 00001ffffffffff0 0000001fffffffff
000001ffffffffff 5 0000000fffffffff 00003fffffffffe0 0000000fffffffff
000001ffffffffff 6 00000007ffffffff 00007fffffffffc0 00000007ffffffff
000001ffffffffff 7 00000003ffffffff 0000ffffffffff80 00000003ffffffff
000001ffffffffff 8 00000001ffffffff 0001ffffffffff00 00000001ffffffff
000001ffffffffff 9 00000000ffffffff 0003fffffffffe00 00000000ffffffff
000001ffffffffff 10 000000007fffffff 0007fffffffffc00 000000007fffffff
000001ffffffffff 11 000000003fffffff 000ffffffffff800 000000003fffffff
000001ffffffffff 12 000000001fffffff 001ffffffffff000 000000001fffffff
000001ffffffffff 13 000000000fffffff 003fffffffffe000 000000000fffffff
000001ffffffffff 14 0000000007ffffff 007fffffffffc000 0000000007ffffff
000001ffffffffff 15 0000000003ffffff 00ffffffffff8000 0000000003ffffff
000001ffffffffff 16 0000000001ffffff 01ffffffffff0000 0000000001ffffff
000001ffffffffff 17 0000000000ffffff 03fffffffffe0000 0000000000ffffff
000001ffffffffff 18 00000000007fffff 07fffffffffc0000 00000000007fffff
000001ffffffffff 19 00000000003fffff 0ffffffffff80000 00000000003fffff
000001ffffffffff 20 00000000001fffff 1ffffffffff00000 00000000001fffff
000001ffffffffff 21 00000000000fffff 3fffffffffe00000 00000000000fffff
000001ffffffffff 22 000000000007ffff 7fffffffffc00000 000000000007ffff
000001ffffffffff 23 000000000003ffff ffffffffff800000 000000000003ffff
000001ffffffffff 24 000000000001ffff ffffffffff000000 000000000001ffff
000001ffffffffff 25 000000000000ffff fffffffffe000000 000000000000ffff
000001ffffffffff 26 0000000000007fff fffffffffc000000 0000000000007fff
000001ffffffffff 27 0000000000003fff fffffffff8000000 0000000000003fff
000001ffffffffff 28 0000000000001fff fffffffff0000000 0000000000001fff
000001ffffffffff 29 0000000000000fff ffffffffe0000000 0000000000000fff
000001ffffffffff 30 00000000000007ff ffffffffc0000000 00000000000007ff
000001ffffffffff 31 00000000000003ff ffffffff80000000 00000000000003ff
000001ffffffffff 32 00000000000001ff ffffffff00000000 00000000000001ff
000001ffffffffff 33 00000000000000ff fffffffe00000000 00000000000000ff
000001ffffffffff 34 000000000000007f fffffffc00000000 000000000000007f
000001ffffffffff 35 000000000000003f fffffff800000000 000000000000003f
000001ffffffffff 36 000000000000001f fffffff000000000 000000000000001f
000001ffffffffff 37 000000000000000f ffffffe000000000 000000000000000f
000001ffffffffff 38 0000000000000007 ffffffc000000000 0000000000000007
000001ffffffffff 39 0000000000000003 ffffff8000000000 0000000000000003
000001ffffffffff 40 0000000000000001 ffffff0000000000 0000000000000001
000001ffffffffff 41 0000000000000000 fffffe0000000000 0000000000000000
000001ffffffffff 42 0000000000000000 fffffc0000000000 0000000000000000
000001ffffffffff 43 0000000000000000 fffff80000000000 0000000000000000
000001ffffffffff 44 0000000000000000 fffff00000000000 0000000000000000
000001ffffffffff 45 0000000000000000 ffffe00000000000 0000000000000000
000001ffffffffff 46 0000000000000000 ffffc00000000000 0000000000000000
000001ffffffffff 47 0000000000000000 ffff800000000000 0000000000000000
000001ffffffffff 48 0000000000000000 ffff000000000000 0000000000000000
000001ffffffffff 49 0000000000000000 fffe000000000000 0000000000000000
000001ffffffffff 50 0000000000000000 fffc000000000000 0000000000000000
000001ffffffffff 51 0000000000000000 fff8000000000000 0000000000000000
000001ffffffffff 52 0000000000000000 fff0000000000000 0000000000000000
000001ffffffffff 53 0000000000000000 ffe0000000000000 0000000000000000
000001ffffffffff 54 0000000000000000 ffc0000000000000 0000000000000000
000001ffffffffff 55 0000000000000000 ff80000000000000 0000000000000000
000001ffffffffff 56 0000000000000000 ff00000000000000 0000000000000000
000001ffffffffff 57 0000000000000000 fe00000000000000 0000000000000000
000001ffffffffff 58 0000000000000000 fc00000000000000 0000000000000000
000001ffffffffff 59 0000000000000000 f800000000000000 0000000000000000
000001ffffffffff 60 0000000000000000 f000000000000000 0000000000000000
000001ffffffffff 61 0000000000000000 e000000000000000 0000000000000000
000001ffffffffff 62 0000000000000000 c000000000000000 0000000000000000
000001ffffffffff 63 0000000000000000 8000000000000000 0000000000000000
0000020000000000 0 0000020000000000 0000020000000000 0000020000000000
0000020000000000 1 0000010000000000 0000040000000000 0000010000000000
0000020000000000 2 0000008000000000 0000080000000000 0000008000000000
0000020000000000 3 0000004000000000 0000100000000000 0000004000000000
0000020000000000 4 0000002000000000 0000200000000000 0000002000000000
0000020000000000 5 0000001000000000 0000400000000000 0000001000000000
0000020000000000 6 0000000800000000 0000800000000000 0000000800000000
0000020000000000 7 0000000400000000 0001000000000000 0000000400000000
0000020000000000 8 0000000200000000 0002000000000000 0000000200000000
0000020000000000 9 0000000100000000 0004000000000000 0000000100000000
0000020000000000 10 0000000080000000 0008000000000000 0000000080000000
0000020000000000 11 0000000040000000 0010000000000000 0000000040000000
0000020000000000 12 0000000020000000 0020000000000000 0000000020000000
0000020000000000 13 0000000010000000 0040000000000000 0000000010000000
0000020000000000 14 0000000008000000 0080000000000000 0000000008000000
0000020000000000 15 0000000004000000 0100000000000000 0000000004000000
0000020000000000 16 0000000002000000 0200000000000000 0000000002000000
0000020000000000 17 0000000001000000 0400000000000000 0000000001000000
0000020000000000 18 0000000000800000 0800000000000000 0000000000800000
0000020000000000 19 0000000000400000 1000000000000000 0000000000400000
0000020000000000 20 0000000000200000 2000000000000000 0000000000200000
0000020000000000 21 0000000000100000 4000000000000000 0000000000100000
0000020000000000 22 0000000000080000 8000000000000000 0000000000080000
0000020000000000 23 0000000000040000 0000000000000000 0000000000040000
0000020000000000 24 0000000000020000 0000000000000000 0000000000020000
0000020000000000 25 0000000000010000 0000000000000000 0000000000010000
0000020000000000 26 0000000000008000 0000000000000000 0000000000008000
0000020000000000 27 0000000000004000 0000000000000000 0000000000004000
0000020000000000 28 0000000000002000 0000000000000000 0000000000002000
0000020000000000 29 0000000000001000 0000000000000000 0000000000001000
0000020000000000 30 0000000000000800 0000000000000000 0000000000000800
0000020000000000 31 0000000000000400 0000000000000000 0000000000000400
0000020000000000 32 0000000000000200 0000000000000000 0000000000000200
0000020000000000 33 0000000000000100 0000000000000000 0000000000000100
0000020000000000 34 0000000000000080 0000000000000000 0000000000000080
0000020000000000 35 0000000000000040 0000000000000000 0000000000000040
0000020000000000 36 0000000000000020 0000000000000000 0000000000000020
0000020000000000 37 0000000000000010 0000000000000000 0000000000000010
0000020000000000 38 0000000000000008 0000000000000000 0000000000000008
0000020000000000 39 0000000000000004 0000000000000000 0000000000000004
0000020000000000 40 0000000000000002 0000000000000000 0000000000000002
0000020000000000 41 0000000000000001 0000000000000000 0000000000000001
0000020000000000 42 0000000000000000 0000000000000000 0000000000000000
0000020000000000 43 0000000000000000 0000000000000000 0000000000000000
0000020000000000 44 0000000000000000 0000000000000000 0000000000000000
0000020000000000 45 0000000000000000 0000000000000000 0000000000000000
0000020000000000 46 0000000000000000 0000000000000000 0000000000000000
0000020000000000 47 0000000000000000 0000000000000000 0000000000000000
0000020000000000 48 0000000000000000 0000000000000000 0000000000000000
0000020000000000 49 0000000000000000 0000000000000000 0000000000000000
0000020000000000 50 0000000000000000 0000000000000000 0000000000000000
0000020000000000 51 0000000000000000 0000000000000000 0000000000000000
0000020000000000 52 0000000000000000 0000000000000000 0000000000000000
0000020000000000 53 0000000000000000 0000000000000000 0000000000000000
0000020000000000 54 0000000000000000 0000000000000000 0000000000000000
0000020000000000 55 0000000000000000 0000000000000000 0000000000000000
0000020000000000 56 0000000000000000 0000000000000000 0000000000000000
0000020000000000 57 0000000000000000 0000000000000000 0000000000000000
0000020000000000 58 0000000000000000 0000000000000000 0000000000000000
0000020000000000 59 0000000000000000 0000000000000000 0000000000000000
0000020000000000 60 0000000000000000 0000000000000000 0000000000000000
0000020000000000 61 0000000000000000 0000000000000000 0000000000000000
0000020000000000 62 0000000000000000 0000000000000000 0000000000000000
0000020000000000 63 0000000000000000 0000000000000000 0000000000000000
000003ffffffffff 0 000003ffffffffff 000003ffffffffff 000003ffffffffff
000003ffffffffff 1 000001ffffffffff 000007fffffffffe 000001ffffffffff
000003ffffffffff 2 000000ffffffffff 00000ffffffffffc 000000ffffffffff
000003ffffffffff 3 0000007fffffffff 00001ffffffffff8 0000007fffffffff
000003ffffffffff 4 0000003fffffffff 00003ffffffffff0 0000003fffffffff
000003ffffffffff 5 0000001fffffffff 00007fffffffffe0 0000001fffffffff
000003ffffffffff 6 0000000fffffffff 0000ffffffffffc0 0000000fffffffff
000003ffffffffff 7 00000007ffffffff 0001ffffffffff80 00000007ffffffff
000003ffffffffff 8 00000003ffffffff 0003ffffffffff00 00000003ffffffff
000003ffffffffff 9 00000001ffffffff 0007fffffffffe00 00000001ffffffff
000003ffffffffff 10 00000000ffffffff 000ffffffffffc00 00000000ffffffff
000003ffffffffff 11 000000007fffffff 001ffffffffff800 000000007fffffff
000003ffffffffff 12 000000003fffffff 003ffffffffff000 000000003fffffff
000003ffffffffff 13 000000001fffffff 007fffffffffe000 000000001fffffff
000003ffffffffff 14 000000000fffffff 00ffffffffffc000 000000000fffffff
000003ffffffffff 15 0000000007ffffff 01ffffffffff8000 0000000007ffffff
000003ffffffffff 16 0000000003ffffff 03ffffffffff0000 0000000003ffffff
000003ffffffffff 17 0000000001ffffff 07fffffffffe0000 0000000001ffffff
000003ffffffffff 18 0000000000ffffff 0ffffffffffc0000 0000000000ffffff
000003ffffffffff 19 00000000007fffff 1ffffffffff80000 00000000007fffff
000003ffffffffff 20 00000000003fffff 3ffffffffff00000 00000000003fffff
000003ffffffffff 21 00000000001fffff 7fffffffffe00000 00000000001fffff
000003ffffffffff 22 00000000000fffff ffffffffffc00000 00000000000fffff
000003ffffffffff 23 000000000007ffff ffffffffff800000 000000000007ffff
000003ffffffffff 24 000000000003ffff ffffffffff000000 000000000003ffff
000003ffffffffff 25 000000000001ffff fffffffffe000000 000000000001ffff
000003ffffffffff 26 000000000000ffff fffffffffc000000 000000000000ffff
000003ffffffffff 27 0000000000007fff fffffffff8000000 0000000000007fff
000003ffffffffff 28 0000000000003fff fffffffff0000000 0000000000003fff
000003ffffffffff 29 0000000000001fff ffffffffe0000000 0000000000001fff
000003ffffffffff 30 0000000000000fff ffffffffc0000000 0000000000000fff
000003ffffffffff 31 00000000000007ff ffffffff80000000 00000000000007ff
000003ffffffffff 32 00000000000003ff ffffffff00000000 00000000000003ff
000003ffffffffff 33 00000000000001ff fffffffe00000000 00000000000001ff
000003ffffffffff 34 00000000000000ff fffffffc00000000 00000000000000ff
000003ffffffffff 35 000000000000007f fffffff800000000 000000000000007f
000003ffffffffff 36 000000000000003f fffffff000000000 000000000000003f
000003ffffffffff 37 000000000000001f ffffffe000000000 000000000000001f
000003ffffffffff 38 000000000000000f ffffffc000000000 000000000000000f
000003ffffffffff 39 0000000000000007 ffffff8000000000 0000000000000007
000003ffffffffff 40 0000000000000003 ffffff0000000000 0000000000000003
000003ffffffffff 41 0000000000000001 fffffe0000000000 0000000000000001
000003ffffffffff 42 0000000000000000 fffffc0000000000 0000000000000000
000003ffffffffff 43 0000000000000000 fffff80000000000 0000000000000000
000003ffffffffff 44 0000000000000000 fffff00000000000 0000000000000000
000003ffffffffff 45 0000000000000000 ffffe00000000000 0000000000000000
000003ffffffffff 46 0000000000000000 ffffc00000000000 0000000000000000
000003ffffffffff 47 0000000000000000 ffff800000000000 0000000000000000
000003ffffffffff 48 0000000000000000 ffff000000000000 0000000000000000
000003ffffffffff 49 0000000000000000 fffe000000000000 0000000000000000
000003ffffffffff 50 0000000000000000 fffc000000000000 0000000000000000
000003ffffffffff 51 0000000000000000 fff8000000000000 0000000000000000
000003ffffffffff 52 0000000000000000 fff0000000000000 0000000000000000
000003ffffffffff 53 0000000000000000 ffe0000000000000 0000000000000000
000003ffffffffff 54 0000000000000000 ffc0000000000000 0000000000000000
000003ffffffffff 55 0000000000000000 ff80000000000000 0000000000000000
000003ffffffffff 56 0000000000000000 ff00000000000000 0000000000000000
000003ffffffffff 57 0000000000000000 fe00000000000000 0000000000000000
000003ffffffffff 58 0000000000000000 fc00000000000000 0000000000000000
000003ffffffffff 59 0000000000000000 f800000000000000 0000000000000000
000003ffffffffff 60 0000000000000000 f000000000000000 0000000000000000
000003ffffffffff 61 0000000000000000 e000000000000000 0000000000000000
000003ffffffffff 62 0000000000000000 c000000000000000 0000000000000000
000003ffffffffff 63 0000000000000000 8000000000000000 0000000000000000
0000040000000000 0 0000040000000000 0000040000000000 0000040000000000
0000040000000000 1 0000020000000000 0000080000000000 0000020000000000
0000040000000000 2 0000010000000000 0000100000000000 0000010000000000
0000040000000000 3 0000008000000000 0000200000000000 0000008000000000
0000040000000000 4 0000004000000000 0000400000000000 0000004000000000
0000040000000000 5 0000002000000000 0000800000000000 0000002000000000
0000040000000000 6 0000001000000000 0001000000000000 0000001000000000
0000040000000000 7 0000000800000000 0002000000000000 0000000800000000
0000040000000000 8 0000000400000000 0004000000000000 0000000400000000
0000040000000000 9 0000000200000000 0008000000000000 0000000200000000
0000040000000000 10 0000000100000000 0010000000000000 0000000100000000
0000040000000000 11 0000000080000000 0020000000000000 0000000080000000
0000040000000000 12 0000000040000000 0040000000000000 0000000040000000
0000040000000000 13 0000000020000000 0080000000000000 0000000020000000
0000040000000000 14 0000000010000000 0100000000000000 0000000010000000
0000040000000000 15 0000000008000000 0200000000000000 0000000008000000
0000040000000000 16 0000000004000000 0400000000000000 0000000004000000
0000040000000000 17 0000000002000000 0800000000000000 0000000002000000
0000040000000000 18 0000000001000000 1000000000000000 0000000001000000
0000040000000000 19 0000000000800000 2000000000000000 0000000000800000
0000040000000000 20 0000000000400000 4000000000000000 0000000000400000
0000040000000000 21 0000000000200000 8000000000000000 0000000000200000
0000040000000000 22 0000000000100000 0000000000000000 0000000000100000
0000040000000000 23 0000000000080000 0000000000000000 0000000000080000
0000040000000000 24 0000000000040000 0000000000000000 0000000000040000
0000040000000000 25 0000000000020000 0000000000000000 0000000000020000
0000040000000000 26 0000000000010000 0000000000000000 0000000000010000
0000040000000000 27 0000000000008000 0000000000000000 0000000000008000
0000040000000000 28 0000000000004000 0000000000000000 0000000000004000
0000040000000000 29 0000000000002000 0000000000000000 0000000000002000
0000040000000000 30 0000000000001000 0000000000000000 0000000000001000
0000040000000000 31 0000000000000800 0000000000000000 0000000000000800
0000040000000000 32 0000000000000400 0000000000000000 0000000000000400
0000040000000000 33 0000000000000200 0000000000000000 0000000000000200
0000040000000000 34 0000000000000100 0000000000000000 0000000000000100
0000040000000000 35 0000000000000080 0000000000000000 0000000000000080
0000040000000000 36 0000000000000040 0000000000000000 0000000000000040
0000040000000000 37 0000000000000020 0000000000000000 0000000000000020
0000040000000000 38 0000000000000010 0000000000000000 0000000000000010
0000040000000000 39 0000000000000008 0000000000000000 0000000000000008
0000040000000000 40 0000000000000004 0000000000000000 0000000000000004
0000040000000000 41 0000000000000002 0000000000000000 0000000000000002
0000040000000000 42 0000000000000001 0000000000000000 0000000000000001
0000040000000000 43 0000000000000000 0000000000000000 0000000000000000
0000040000000000 44 0000000000000000 0000000000000000 0000000000000000
0000040000000000 45 0000000000000000 0000000000000000 0000000000000000
0000040000000000 46 0000000000000000 0000000000000000 0000000000000000
0000040000000000 47 0000000000000000 0000000000000000 0000000000000000
0000040000000000 48 0000000000000000 0000000000000000 0000000000000000
0000040000000000 49 0000000000000000 0000000000000000 0000000000000000
0000040000000000 50 0000000000000000 0000000000000000 0000000000000000
0000040000000000 51 0000000000000000 0000000000000000 0000000000000000
0000040000000000 52 0000000000000000 0000000000000000 0000000000000000
0000040000000000 53 0000000000000000 0000000000000000 0000000000000000
0000040000000000 54 0000000000000000 0000000000000000 0000000000000000
0000040000000000 55 0000000000000000 0000000000000000 0000000000000000
0000040000000000 56 0000000000000000 0000000000000000 0000000000000000
0000040000000000 57 0000000000000000 0000000000000000 0000000000000000
0000040000000000 58 0000000000000000 0000000000000000 0000000000000000
0000040000000000 59 0000000000000000 0000000000000000 0000000000000000
0000040000000000 60 0000000000000000 0000000000000000 0000000000000000
0000040000000000 61 0000000000000000 0000000000000000 0000000000000000
0000040000000000 62 0000000000000000 0000000000000000 0000000000000000
0000040000000000 63 0000000000000000 0000000000000000 0000000000000000
000007ffffffffff 0 000007ffffffffff 000007ffffffffff 000007ffffffffff
000007ffffffffff 1 000003ffffffffff 00000ffffffffffe 000003ffffffffff
000007ffffffffff 2 000001ffffffffff 00001ffffffffffc 000001ffffffffff
000007ffffffffff 3 000000ffffffffff 00003ffffffffff8 000000ffffffffff
000007ffffffffff 4 0000007fffffffff 00007ffffffffff0 0000007fffffffff
000007ffffffffff 5 0000003fffffffff 0000ffffffffffe0 0000003fffffffff
000007ffffffffff 6 0000001fffffffff 0001ffffffffffc0 0000001fffffffff
000007ffffffffff 7 0000000fffffffff 0003ffffffffff80 0000000fffffffff
000007ffffffffff 8 00000007ffffffff 0007ffffffffff00 00000007ffffffff
000007ffffffffff 9 00000003ffffffff 000ffffffffffe00 00000003ffffffff
000007ffffffffff 10 00000001ffffffff 001ffffffffffc00 00000001ffffffff
000007ffffffffff 11 00000000ffffffff 003ffffffffff800 00000000ffffffff
000007ffffffffff 12 000000007fffffff 007ffffffffff000 000000007fffffff
000007ffffffffff 13 000000003fffffff 00ffffffffffe000 000000003fffffff
000007ffffffffff 14 000000001fffffff 01ffffffffffc000 000000001fffffff
000007ffffffffff 15 000000000fffffff 03ffffffffff8000 000000000fffffff
000007ffffffffff 16 0000000007ffffff 07ffffffffff0000 0000000007ffffff
000007ffffffffff 17 0000000003ffffff 0ffffffffffe0000 0000000003ffffff
000007ffffffffff 18 0000000001ffffff 1ffffffffffc0000 0000000001ffffff
000007ffffffffff 19 0000000000ffffff 3ffffffffff80000 0000000000ffffff
000007ffffffffff 20 00000000007fffff 7ffffffffff00000 00000000007fffff
000007ffffffffff 21 00000000003fffff ffffffffffe00000 00000000003fffff
000007ffffffffff 22 00000000001fffff ffffffffffc00000 00000000001fffff
000007ffffffffff 23 00000000000fffff ffffffffff800000 00000000000fffff
000007ffffffffff 24 000000000007ffff ffffffffff000000 000000000007ffff
000007ffffffffff 25 000000000003ffff fffffffffe000000 000000000003ffff
000007ffffffffff 26 000000000001ffff fffffffffc000000 000000000001ffff
000007ffffffffff 27 000000000000ffff fffffffff8000000 000000000000ffff
000007ffffffffff 28 0000000000007fff fffffffff0000000 0000000000007fff
000007ffffffffff 29 0000000000003fff ffffffffe0000000 0000000000003fff
000007ffffffffff 30 0000000000001fff ffffffffc0000000 0000000000001fff
000007ffffffffff 31 0000000000000fff ffffffff80000000 0000000000000fff
000007ffffffffff 32 00000000000007ff ffffffff00000000 00000000000007ff
000007ffffffffff 33 00000000000003ff fffffffe00000000 00000000000003ff
000007ffffffffff 34 00000000000001ff fffffffc00000000 00000000000001ff
000007ffffffffff 35 00000000000000ff fffffff800000000 00000000000000ff
000007ffffffffff 36 000000000000007f fffffff000000000 000000000000007f
000007ffffffffff 37 000000000000003f ffffffe000000000 000000000000003f
000007ffffffffff 38 000000000000001f ffffffc000000000 000000000000001f
000007ffffffffff 39 000000000000000f ffffff8000000000 000000000000000f
000007ffffffffff 40 0000000000000007 ffffff0000000000 0000000000000007
000007ffffffffff 41 0000000000000003 fffffe0000000000 0000000000000003
000007ffffffffff 42 0000000000000001 fffffc0000000000 0000000000000001
000007ffffffffff 43 0000000000000000 fffff80000000000 0000000000000000
000007ffffffffff 44 0000000000000000 fffff00000000000 0000000000000000
000007ffffffffff 45 0000000000000000 ffffe00000000000 0000000000000000
000007ffffffffff 46 0000000000000000 ffffc00000000000 0000000000000000
000007ffffffffff 47 0000000000000000 ffff800000000000 0000000000000000
000007ffffffffff 48 0000000000000000 ffff000000000000 0000000000000000
000007ffffffffff 49 0000000000000000 fffe000000000000 0000000000000000
000007ffffffffff 50 0000000000000000 fffc000000000000 0000000000000000
000007ffffffffff 51 0000000000000000 fff8000000000000 0000000000000000
000007ffffffffff 52 0000000000000000 fff0000000000000 0000000000000000
000007ffffffffff 53 0000000000000000 ffe0000000000000 0000000000000000
000007ffffffffff 54 0000000000000000 ffc0000000000000 0000000000000000
000007ffffffffff 55 0000000000000000 ff80000000000000 0000000000000000
000007ffffffffff 56 0000000000000000 ff00000000000000 0000000000000000
000007ffffffffff 57 0000000000000000 fe00000000000000 0000000000000000
000007ffffffffff 58 0000000000000000 fc00000000000000 0000000000000000
000007ffffffffff 59 0000000000000000 f800000000000000 0000000000000000
000007ffffffffff 60 0000000000000000 f000000000000000 0000000000000000
000007ffffffffff 61 0000000000000000 e000000000000000 0000000000000000
000007ffffffffff 62 0000000000000000 c000000000000000 0000000000000000
000007ffffffffff 63 0000000000000000 8000000000000000 0000000000000000
0000080000000000 0 0000080000000000 0000080000000000 0000080000000000
0000080000000000 1 0000040000000000 0000100000000000 0000040000000000
0000080000000000 2 0000020000000000 0000200000000000 0000020000000000
0000080000000000 3 0000010000000000 0000400000000000 0000010000000000
0000080000000000 4 0000008000000000 0000800000000000 0000008000000000
0000080000000000 5 0000004000000000 0001000000000000 0000004000000000
0000080000000000 6 0000002000000000 0002000000000000 0000002000000000
0000080000000000 7 0000001000000000 0004000000000000 0000001000000000
0000080000000000 8 0000000800000000 0008000000000000 0000000800000000
0000080000000000 9 0000000400000000 0010000000000000 0000000400000000
0000080000000000 10 0000000200000000 0020000000000000 0000000200000000
0000080000000000 11 0000000100000000 0040000000000000 0000000100000000
0000080000000000 12 0000000080000000 0080000000000000 0000000080000000
0000080000000000 13 0000000040000000 0100000000000000 0000000040000000
0000080000000000 14 0000000020000000 0200000000000000 0000000020000000
0000080000000000 15 0000000010000000 0400000000000000 0000000010000000
0000080000000000 16 0000000008000000 0800000000000000 0000000008000000
0000080000000000 17 0000000004000000 1000000000000000 0000000004000000
0000080000000000 18 0000000002000000 2000000000000000 0000000002000000
0000080000000000 19 0000000001000000 4000000000000000 0000000001000000
0000080000000000 20 0000000000800000 8000000000000000 0000000000800000
0000080000000000 21 0000000000400000 0000000000000000 0000000000400000
0000080000000000 22 0000000000200000 0000000000000000 0000000000200000
0000080000000000 23 0000000000100000 0000000000000000 0000000000100000
0000080000000000 24 0000000000080000 0000000000000000 0000000000080000
0000080000000000 25 0000000000040000 0000000000000000 0000000000040000
0000080000000000 26 0000000000020000 0000000000000000 0000000000020000
0000080000000000 27 0000000000010000 0000000000000000 0000000000010000
0000080000000000 28 0000000000008000 0000000000000000 0000000000008000
0000080000000000 29 0000000000004000 0000000000000000 0000000000004000
0000080000000000 30 0000000000002000 0000000000000000 0000000000002000
0000080000000000 31 0000000000001000 0000000000000000 0000000000001000
0000080000000000 32 0000000000000800 0000000000000000 0000000000000800
0000080000000000 33 0000000000000400 0000000000000000 0000000000000400
0000080000000000 34 0000000000000200 0000000000000000 0000000000000200
0000080000000000 35 0000000000000100 0000000000000000 0000000000000100
0000080000000000 36 0000000000000080 0000000000000000 0000000000000080
0000080000000000 37 0000000000000040 0000000000000000 0000000000000040
0000080000000000 38 0000000000000020 0000000000000000 0000000000000020
0000080000000000 39 0000000000000010 0000000000000000 0000000000000010
0000080000000000 40 0000000000000008 0000000000000000 0000000000000008
0000080000000000 41 0000000000000004 0000000000000000 0000000000000004
0000080000000000 42 0000000000000002 0000000000000000 0000000000000002
0000080000000000 43 0000000000000001 0000000000000000 0000000000000001
0000080000000000 44 0000000000000000 0000000000000000 0000000000000000
0000080000000000 45 0000000000000000 0000000000000000 0000000000000000
0000080000000000 46 0000000000000000 0000000000000000 0000000000000000
0000080000000000 47 0000000000000000 0000000000000000 0000000000000000
0000080000000000 48 0000000000000000 0000000000000000 0000000000000000
0000080000000000 49 0000000000000000 0000000000000000 0000000000000000
0000080000000000 50 0000000000000000 0000000000000000 0000000000000000
0000080000000000 51 0000000000000000 0000000000000000 0000000000000000
0000080000000000 52 0000000000000000 0000000000000000 0000000000000000
0000080000000000 53 0000000000000000 0000000000000000 0000000000000000
0000080000000000 54 0000000000000000 0000000000000000 0000000000000000
0000080000000000 55 0000000000000000 0000000000000000 0000000000000000
0000080000000000 56 0000000000000000 0000000000000000 0000000000000000
0000080000000000 57 0000000000000000 0000000000000000 0000000000000000
0000080000000000 58 0000000000000000 0000000000000000 0000000000000000
0000080000000000 59 0000000000000000 0000000000000000 0000000000000000
0000080000000000 60 0000000000000000 0000000000000000 0000000000000000
0000080000000000 61 0000000000000000 0000000000000000 0000000000000000
0000080000000000 62 0000000000000000 0000000000000000 0000000000000000
0000080000000000 63 0000000000000000 0000000000000000 0000000000000000
00000fffffffffff 0 00000fffffffffff 00000fffffffffff 00000fffffffffff
00000fffffffffff 1 000007ffffffffff 00001ffffffffffe 000007ffffffffff
00000fffffffffff 2 000003ffffffffff 00003ffffffffffc 000003ffffffffff
00000fffffffffff 3 000001ffffffffff 00007ffffffffff8 000001ffffffffff
00000fffffffffff 4 000000ffffffffff 0000fffffffffff0 000000ffffffffff
00000fffffffffff 5 0000007fffffffff 0001ffffffffffe0 0000007fffffffff
00000fffffffffff 6 0000003fffffffff 0003ffffffffffc0 0000003fffffffff
00000fffffffffff 7 0000001fffffffff 0007ffffffffff80 0000001fffffffff
00000fffffffffff 8 0000000fffffffff 000fffffffffff00 0000000fffffffff
00000fffffffffff 9 00000007ffffffff 001ffffffffffe00 00000007ffffffff
00000fffffffffff 10 00000003ffffffff 003ffffffffffc00 00000003ffffffff
00000fffffffffff 11 00000001ffffffff 007ffffffffff800 00000001ffffffff
00000fffffffffff 12 00000000ffffffff 00fffffffffff000 00000000ffffffff
00000fffffffffff 13 000000007fffffff 01ffffffffffe000 000000007fffffff
00000fffffffffff 14 000000003fffffff 03ffffffffffc000 000000003fffffff
00000fffffffffff 15 000000001fffffff 07ffffffffff8000 000000001fffffff
00000fffffffffff 16 000000000fffffff 0fffffffffff0000 000000000fffffff
00000fffffffffff 17 0000000007ffffff 1ffffffffffe0000 0000000007ffffff
00000fffffffffff 18 0000000003ffffff 3ffffffffffc0000 0000000003ffffff
00000fffffffffff 19 0000000001ffffff 7ffffffffff80000 0000000001ffffff
00000fffffffffff 20 0000000000ffffff fffffffffff00000 0000000000ffffff
00000fffffffffff 21 00000000007fffff ffffffffffe00000 00000000007fffff
00000fffffffffff 22 00000000003fffff ffffffffffc00000 00000000003fffff
00000fffffffffff 23 00000000001fffff ffffffffff800000 00000000001fffff
00000fffffffffff 24 00000000000fffff ffffffffff000000 00000000000fffff
00000fffffffffff 25 000000000007ffff fffffffffe000000 000000000007ffff
00000fffffffffff 26 000000000003ffff fffffffffc000000 000000000003ffff
00000fffffffffff 27 000000000001ffff fffffffff8000000 000000000001ffff
00000fffffffffff 28 000000000000ffff fffffffff0000000 000000000000ffff
00000fffffffffff 29 0000000000007fff ffffffffe0000000 0000000000007fff
00000fffffffffff 30 0000000000003fff ffffffffc0000000 0000000000003fff
00000fffffffffff 31 0000000000001fff ffffffff80000000 0000000000001fff
00000fffffffffff 32 0000000000000fff ffffffff00000000 0000000000000fff
00000fffffffffff 33 00000000000007ff fffffffe00000000 00000000000007ff
00000fffffffffff 34 00000000000003ff fffffffc00000000 00000000000003ff
00000fffffffffff 35 00000000000001ff fffffff800000000 00000000000001ff
00000fffffffffff 36 00000000000000ff fffffff000000000 00000000000000ff
00000fffffffffff 37 000000000000007f ffffffe000000000 000000000000007f
00000fffffffffff 38 000000000000003f ffffffc000000000 000000000000003f
00000fffffffffff 39 000000000000001f ffffff8000000000 000000000000001f
00000fffffffffff 40 000000000000000f ffffff0000000000 000000000000000f
00000fffffffffff 41 0000000000000007 fffffe0000000000 0000000000000007
00000fffffffffff 42 0000000000000003 fffffc0000000000 0000000000000003
00000fffffffffff 43 0000000000000001 fffff80000000000 0000000000000001
00000fffffffffff 44 0000000000000000 fffff00000000000 0000000000000000
00000fffffffffff 45 0000000000000000 ffffe00000000000 0000000000000000
00000fffffffffff 46 0000000000000000 ffffc00000000000 0000000000000000
00000fffffffffff 47 0000000000000000 ffff800000000000 0000000000000000
00000fffffffffff 48 0000000000000000 ffff000000000000 0000000000000000
00000fffffffffff 49 0000000000000000 fffe000000000000 0000000000000000
00000fffffffffff 50 0000000000000000 fffc000000000000 0000000000000000
00000fffffffffff 51 0000000000000000 fff8000000000000 0000000000000000
00000fffffffffff 52 0000000000000000 fff0000000000000 0000000000000000
00000fffffffffff 53 0000000000000000 ffe0000000000000 0000000000000000
00000fffffffffff 54 0000000000000000 ffc0000000000000 0000000000000000
00000fffffffffff 55 0000000000000000 ff80000000000000 0000000000000000
00000fffffffffff 56 0000000000000000 ff00000000000000 0000000000000000
00000fffffffffff 57 0000000000000000 fe00000000000000 0000000000000000
00000fffffffffff 58 0000000000000000 fc00000000000000 0000000000000000
00000fffffffffff 59 0000000000000000 f800000000000000 0000000000000000
00000fffffffffff 60 0000000000000000 f000000000000000 0000000000000000
00000fffffffffff 61 0000000000000000 e000000000000000 0000000000000000
00000fffffffffff 62 0000000000000000 c000000000000000 0000000000000000
00000fffffffffff 63 0000000000000000 8000000000000000 0000000000000000
0000100000000000 0 0000100000000000 0000100000000000 0000100000000000
0000100000000000 1 0000080000000000 0000200000000000 0000080000000000
0000100000000000 2 0000040000000000 0000400000000000 0000040000000000
0000100000000000 3 0000020000000000 0000800000000000 0000020000000000
0000100000000000 4 0000010000000000 0001000000000000 0000010000000000
0000100000000000 5 0000008000000000 0002000000000000 0000008000000000
0000100000000000 6 0000004000000000 0004000000000000 0000004000000000
0000100000000000 7 0000002000000000 0008000000000000 0000002000000000
0000100000000000 8 0000001000000000 0010000000000000 0000001000000000
0000100000000000 9 0000000800000000 0020000000000000 0000000800000000
0000100000000000 10 0000000400000000 0040000000000000 0000000400000000
0000100000000000 11 0000000200000000 0080000000000000 0000000200000000
0000100000000000 12 0000000100000000 0100000000000000 0000000100000000
0000100000000000 13 0000000080000000 0200000000000000 0000000080000000
0000100000000000 14 0000000040000000 0400000000000000 0000000040000000
0000100000000000 15 0000000020000000 0800000000000000 0000000020000000
0000100000000000 16 0000000010000000 1000000000000000 0000000010000000
0000100000000000 17 0000000008000000 2000000000000000 0000000008000000
0000100000000000 18 0000000004000000 4000000000000000 0000000004000000
0000100000000000 19 0000000002000000 8000000000000000 0000000002000000
0000100000000000 20 0000000001000000 0000000000000000 0000000001000000
0000100000000000 21 0000000000800000 0000000000000000 0000000000800000
0000100000000000 22 0000000000400000 0000000000000000 0000000000400000
0000100000000000 23 0000000000200000 0000000000000000 0000000000200000
0000100000000000 24 0000000000100000 0000000000000000 0000000000100000
0000100000000000 25 0000000000080000 0000000000000000 0000000000080000
0000100000000000 26 0000000000040000 0000000000000000 0000000000040000
0000100000000000 27 0000000000020000 0000000000000000 0000000000020000
0000100000000000 28 0000000000010000 0000000000000000 0000000000010000
0000100000000000 29 0000000000008000 0000000000000000 0000000000008000
0000100000000000 30 0000000000004000 0000000000000000 0000000000004000
0000100000000000 31 0000000000002000 0000000000000000 0000000000002000
0000100000000000 32 0000000000001000 0000000000000000 0000000000001000
0000100000000000 33 0000000000000800 0000000000000000 0000000000000800
0000100000000000 34 0000000000000400 0000000000000000 0000000000000400
0000100000000000 35 0000000000000200 0000000000000000 0000000000000200
0000100000000000 36 0000000000000100 0000000000000000 0000000000000100
0000100000000000 37 0000000000000080 0000000000000000 0000000000000080
0000100000000000 38 0000000000000040 0000000000000000 0000000000000040
0000100000000000 39 0000000000000020 0000000000000000 0000000000000020
0000100000000000 40 0000000000000010 0000000000000000 0000000000000010
0000100000000000 41 0000000000000008 0000000000000000 0000000000000008
0000100000000000 42 0000000000000004 0000000000000000 0000000000000004
0000100000000000 43 0000000000000002 0000000000000000 0000000000000002
0000100000000000 44 0000000000000001 0000000000000000 0000000000000001
0000100000000000 45 0000000000000000 0000000000000000 0000000000000000
0000100000000000 46 0000000000000000 0000000000000000 0000000000000000
0000100000000000 47 0000000000000000 0000000000000000 0000000000000000
0000100000000000 48 0000000000000000 0000000000000000 0000000000000000
0000100000000000 49 0000000000000000 0000000000000000 0000000000000000
0000100000000000 50 0000000000000000 0000000000000000 0000000000000000
0000100000000000 51 0000000000000000 0000000000000000 0000000000000000
0000100000000000 52 0000000000000000 0000000000000000 0000000000000000
0000100000000000 53 0000000000000000 0000000000000000 0000000000000000
0000100000000000 54 0000000000000000 0000000000000000 0000000000000000
0000100000000000 55 0000000000000000 0000000000000000 0000000000000000
0000100000000000 56 0000000000000000 0000000000000000 0000000000000000
0000100000000000 57 0000000000000000 0000000000000000 0000000000000000
0000100000000000 58 0000000000000000 0000000000000000 0000000000000000
0000100000000000 59 0000000000000000 0000000000000000 0000000000000000
0000100000000000 60 0000000000000000 0000000000000000 0000000000000000
0000100000000000 61 0000000000000000 0000000000000000 0000000000000000
0000100000000000 62 0000000000000000 0000000000000000 0000000000000000
0000100000000000 63 0000000000000000 0000000000000000 0000000000000000
00001fffffffffff 0 00001fffffffffff 00001fffffffffff 00001fffffffffff
00001fffffffffff 1 00000fffffffffff 00003ffffffffffe 00000fffffffffff
00001fffffffffff 2 000007ffffffffff 00007ffffffffffc 000007ffffffffff
00001fffffffffff 3 000003ffffffffff 0000fffffffffff8 000003ffffffffff
00001fffffffffff 4 000001ffffffffff 0001fffffffffff0 000001ffffffffff
00001fffffffffff 5 000000ffffffffff 0003ffffffffffe0 000000ffffffffff
00001fffffffffff 6 0000007fffffffff 0007ffffffffffc0 0000007fffffffff
00001fffffffffff 7 0000003fffffffff 000fffffffffff80 0000003fffffffff
00001fffffffffff 8 0000001fffffffff 001fffffffffff00 0000001fffffffff
00001fffffffffff 9 0000000fffffffff 003ffffffffffe00 0000000fffffffff
00001fffffffffff 10 00000007ffffffff 007ffffffffffc00 00000007ffffffff
00001fffffffffff 11 00000003ffffffff 00fffffffffff800 00000003ffffffff
00001fffffffffff 12 00000001ffffffff 01fffffffffff000 00000001ffffffff
00001fffffffffff 13 00000000ffffffff 03ffffffffffe000 00000000ffffffff
00001fffffffffff 14 000000007fffffff 07ffffffffffc000 000000007fffffff
00001fffffffffff 15 000000003fffffff 0fffffffffff8000 000000003fffffff
00001fffffffffff 16 000000001fffffff 1fffffffffff0000 000000001fffffff
00001fffffffffff 17 000000000fffffff 3ffffffffffe0000 000000000fffffff
00001fffffffffff 18 0000000007ffffff 7ffffffffffc0000 0000000007ffffff
00001fffffffffff 19 0000000003ffffff fffffffffff80000 0000000003ffffff
00001fffffffffff 20 0000000001ffffff fffffffffff00000 0000000001ffffff
00001fffffffffff 21 0000000000ffffff ffffffffffe00000 0000000000ffffff
00001fffffffffff 22 00000000007fffff ffffffffffc00000 00000000007fffff
00001fffffffffff 23 00000000003fffff ffffffffff800000 00000000003fffff
00001fffffffffff 24 00000000001fffff ffffffffff000000 00000000001fffff
00001fffffffffff 25 00000000000fffff fffffffffe000000 00000000000fffff
00001fffffffffff 26 000000000007ffff fffffffffc000000 000000000007ffff
00001fffffffffff 27 000000000003ffff fffffffff8000000 000000000003ffff
00001fffffffffff 28 000000000001ffff fffffffff0000000 000000000001ffff
00001fffffffffff 29 000000000000ffff ffffffffe0000000 000000000000ffff
00001fffffffffff 30 0000000000007fff ffffffffc0000000 0000000000007fff
00001fffffffffff 31 0000000000003fff ffffffff80000000 0000000000003fff
00001fffffffffff 32 0000000000001fff ffffffff00000000 0000000000001fff
00001fffffffffff 33 0000000000000fff fffffffe00000000 0000000000000fff
00001fffffffffff 34 00000000000007ff fffffffc00000000 00000000000007ff
00001fffffffffff 35 00000000000003ff fffffff800000000 00000000000003ff
00001fffffffffff 36 00000000000001ff fffffff000000000 00000000000001ff
00001fffffffffff 37 00000000000000ff ffffffe000000000 00000000000000ff
00001fffffffffff 38 000000000000007f ffffffc000000000 000000000000007f
00001fffffffffff 39 000000000000003f ffffff8000000000 000000000000003f
00001fffffffffff 40 000000000000001f ffffff0000000000 000000000000001f
00001fffffffffff 41 000000000000000f fffffe0000000000 000000000000000f
00001fffffffffff 42 0000000000000007 fffffc0000000000 0000000000000007
00001fffffffffff 43 0000000000000003 fffff80000000000 0000000000000003
00001fffffffffff 44 0000000000000001 fffff00000000000 0000000000000001
00001fffffffffff 45 0000000000000000 ffffe00000000000 0000000000000000
00001fffffffffff 46 0000000000000000 ffffc00000000000 0000000000000000
00001fffffffffff 47 0000000000000000 ffff800000000000 0000000000000000
00001fffffffffff 48 0000000000000000 ffff000000000000 0000000000000000
00001fffffffffff 49 0000000000000000 fffe000000000000 0000000000000000
00001fffffffffff 50 0000000000000000 fffc000000000000 0000000000000000
00001fffffffffff 51 0000000000000000 fff8000000000000 0000000000000000
00001fffffffffff 52 0000000000000000 fff0000000000000 0000000000000000
00001fffffffffff 53 0000000000000000 ffe0000000000000 0000000000000000
00001fffffffffff 54 0000000000000000 ffc0000000000000 0000000000000000
00001fffffffffff 55 0000000000000000 ff80000000000000 0000000000000000
00001fffffffffff 56 0000000000000000 ff00000000000000 0000000000000000
00001fffffffffff 57 0000000000000000 fe00000000000000 0000000000000000
00001fffffffffff 58 0000000000000000 fc00000000000000 0000000000000000
00001fffffffffff 59 0000000000000000 f800000000000000 0000000000000000
00001fffffffffff 60 0000000000000000 f000000000000000 0000000000000000
00001fffffffffff 61 0000000000000000 e000000000000000 0000000000000000
00001fffffffffff 62 0000000000000000 c000000000000000 0000000000000000
00001fffffffffff 63 0000000000000000 8000000000000000 0000000000000000
0000200000000000 0 0000200000000000 0000200000000000 0000200000000000
0000200000000000 1 0000100000000000 0000400000000000 0000100000000000
0000200000000000 2 0000080000000000 0000800000000000 0000080000000000
0000200000000000 3 0000040000000000 0001000000000000 0000040000000000
0000200000000000 4 0000020000000000 0002000000000000 0000020000000000
0000200000000000 5 0000010000000000 0004000000000000 0000010000000000
0000200000000000 6 0000008000000000 0008000000000000 0000008000000000
0000200000000000 7 0000004000000000 0010000000000000 0000004000000000
0000200000000000 8 0000002000000000 0020000000000000 0000002000000000
0000200000000000 9 0000001000000000 0040000000000000 0000001000000000
0000200000000000 10 0000000800000000 0080000000000000 0000000800000000
0000200000000000 11 0000000400000000 0100000000000000 0000000400000000
0000200000000000 12 0000000200000000 0200000000000000 0000000200000000
0000200000000000 13 0000000100000000 0400000000000000 0000000100000000
0000200000000000 14 0000000080000000 0800000000000000 0000000080000000
0000200000000000 15 0000000040000000 1000000000000000 0000000040000000
0000200000000000 16 0000000020000000 2000000000000000 0000000020000000
0000200000000000 17 0000000010000000 4000000000000000 0000000010000000
0000200000000000 18 0000000008000000 8000000000000000 0000000008000000
0000200000000000 19 0000000004000000 0000000000000000 0000000004000000
0000200000000000 20 0000000002000000 0000000000000000 0000000002000000
0000200000000000 21 0000000001000000 0000000000000000 0000000001000000
0000200000000000 22 0000000000800000 0000000000000000 0000000000800000
0000200000000000 23 0000000000400000 0000000000000000 0000000000400000
0000200000000000 24 0000000000200000 0000000000000000 0000000000200000
0000200000000000 25 0000000000100000 0000000000000000 0000000000100000
0000200000000000 26 0000000000080000 0000000000000000 0000000000080000
0000200000000000 27 0000000000040000 0000000000000000 0000000000040000
0000200000000000 28 0000000000020000 0000000000000000 0000000000020000
0000200000000000 29 0000000000010000 0000000000000000 0000000000010000
0000200000000000 30 0000000000008000 0000000000000000 0000000000008000
0000200000000000 31 0000000000004000 0000000000000000 0000000000004000
0000200000000000 32 0000000000002000 0000000000000000 0000000000002000
0000200000000000 33 0000000000001000 0000000000000000 0000000000001000
0000200000000000 34 0000000000000800 0000000000000000 0000000000000800
0000200000000000 35 0000000000000400 0000000000000000 0000000000000400
0000200000000000 36 0000000000000200 0000000000000000 0000000000000200
0000200000000000 37 0000000000000100 0000000000000000 0000000000000100
0000200000000000 38 0000000000000080 0000000000000000 0000000000000080
0000200000000000 39 0000000000000040 0000000000000000 0000000000000040
0000200000000000 40 0000000000000020 0000000000000000 0000000000000020
0000200000000000 41 0000000000000010 0000000000000000 0000000000000010
0000200000000000 42 0000000000000008 0000000000000000 0000000000000008
0000200000000000 43 0000000000000004 0000000000000000 0000000000000004
0000200000000000 44 0000000000000002 0000000000000000 0000000000000002
0000200000000000 45 0000000000000001 0000000000000000 0000000000000001
0000200000000000 46 0000000000000000 0000000000000000 0000000000000000
0000200000000000 47 0000000000000000 0000000000000000 0000000000000000
0000200000000000 48 0000000000000000 0000000000000000 0000000000000000
0000200000000000 49 0000000000000000 0000000000000000 0000000000000000
0000200000000000 50 0000000000000000 0000000000000000 0000000000000000
0000200000000000 51 0000000000000000 0000000000000000 0000000000000000
0000200000000000 52 0000000000000000 0000000000000000 0000000000000000
0000200000000000 53 0000000000000000 0000000000000000 0000000000000000
0000200000000000 54 0000000000000000 0000000000000000 0000000000000000
0000200000000000 55 0000000000000000 0000000000000000 0000000000000000
0000200000000000 56 0000000000000000 0000000000000000 0000000000000000
0000200000000000 57 0000000000000000 0000000000000000 0000000000000000
0000200000000000 58 0000000000000000 0000000000000000 0000000000000000
0000200000000000 59 0000000000000000 0000000000000000 0000000000000000
0000200000000000 60 0000000000000000 0000000000000000 0000000000000000
0000200000000000 61 0000000000000000 0000000000000000 0000000000000000
0000200000000000 62 0000000000000000 0000000000000000 0000000000000000
0000200000000000 63 0000000000000000 0000000000000000 0000000000000000
00003fffffffffff 0 00003fffffffffff 00003fffffffffff 00003fffffffffff
00003fffffffffff 1 00001fffffffffff 00007ffffffffffe 00001fffffffffff
00003fffffffffff 2 00000fffffffffff 0000fffffffffffc 00000fffffffffff
00003fffffffffff 3 000007ffffffffff 0001fffffffffff8 000007ffffffffff
00003fffffffffff 4 000003ffffffffff 0003fffffffffff0 000003ffffffffff
00003fffffffffff 5 000001ffffffffff 0007ffffffffffe0 000001ffffffffff
00003fffffffffff 6 000000ffffffffff 000fffffffffffc0 000000ffffffffff
00003fffffffffff 7 0000007fffffffff 001fffffffffff80 0000007fffffffff
00003fffffffffff 8 0000003fffffffff 003fffffffffff00 0000003fffffffff
00003fffffffffff 9 0000001fffffffff 007ffffffffffe00 0000001fffffffff
00003fffffffffff 10 0000000fffffffff 00fffffffffffc00 0000000fffffffff
00003fffffffffff 11 00000007ffffffff 01fffffffffff800 00000007ffffffff
00003fffffffffff 12 00000003ffffffff 03fffffffffff000 00000003ffffffff
00003fffffffffff 13 00000001ffffffff 07ffffffffffe000 00000001ffffffff
00003fffffffffff 14 00000000ffffffff 0fffffffffffc000 00000000ffffffff
00003fffffffffff 15 000000007fffffff 1fffffffffff8000 000000007fffffff
00003fffffffffff 16 000000003fffffff 3fffffffffff0000 000000003fffffff
00003fffffffffff 17 000000001fffffff 7ffffffffffe0000 000000001fffffff
00003fffffffffff 18 000000000fffffff fffffffffffc0000 000000000fffffff
00003fffffffffff 19 0000000007ffffff fffffffffff80000 0000000007ffffff
00003fffffffffff 20 0000000003ffffff fffffffffff00000 0000000003ffffff
00003fffffffffff 21 0000000001ffffff ffffffffffe00000 0000000001ffffff
00003fffffffffff 22 0000000000ffffff ffffffffffc00000 0000000000ffffff
00003fffffffffff 23 00000000007fffff ffffffffff800000 00000000007fffff
00003fffffffffff 24 00000000003fffff ffffffffff000000 00000000003fffff
00003fffffffffff 25 00000000001fffff fffffffffe000000 00000000001fffff
00003fffffffffff 26 00000000000fffff fffffffffc000000 00000000000fffff
00003fffffffffff 27 000000000007ffff fffffffff8000000 000000000007ffff
00003fffffffffff 28 000000000003ffff fffffffff0000000 000000000003ffff
00003fffffffffff 29 000000000001ffff ffffffffe0000000 000000000001ffff
00003fffffffffff 30 000000000000ffff ffffffffc0000000 000000000000ffff
00003fffffffffff 31 0000000000007fff ffffffff80000000 0000000000007fff
00003fffffffffff 32 0000000000003fff ffffffff00000000 0000000000003fff
00003fffffffffff 33 0000000000001fff fffffffe00000000 0000000000001fff
00003fffffffffff 34 0000000000000fff fffffffc00000000 0000000000000fff
00003fffffffffff 35 00000000000007ff fffffff800000000 00000000000007ff
00003fffffffffff 36 00000000000003ff fffffff000000000 00000000000003ff
00003fffffffffff 37 00000000000001ff ffffffe000000000 00000000000001ff
00003fffffffffff 38 00000000000000ff ffffffc000000000 00000000000000ff
00003fffffffffff 39 000000000000007f ffffff8000000000 000000000000007f
00003fffffffffff 40 000000000000003f ffffff0000000000 000000000000003f
00003fffffffffff 41 000000000000001f fffffe0000000000 000000000000001f
00003fffffffffff 42 000000000000000f fffffc0000000000 000000000000000f
00003fffffffffff 43 0000000000000007 fffff80000000000 0000000000000007
00003fffffffffff 44 0000000000000003 fffff00000000000 0000000000000003
00003fffffffffff 45 0000000000000001 ffffe00000000000 0000000000000001
00003fffffffffff 46 0000000000000000 ffffc00000000000 0000000000000000
00003fffffffffff 47 0000000000000000 ffff800000000000 0000000000000000
00003fffffffffff 48 0000000000000000 ffff000000000000 0000000000000000
00003fffffffffff 49 0000000000000000 fffe000000000000 0000000000000000
00003fffffffffff 50 0000000000000000 fffc000000000000 0000000000000000
00003fffffffffff 51 0000000000000000 fff8000000000000 0000000000000000
00003fffffffffff 52 0000000000000000 fff0000000000000 0000000000000000
00003fffffffffff 53 0000000000000000 ffe0000000000000 0000000000000000
00003fffffffffff 54 0000000000000000 ffc0000000000000 0000000000000000
00003fffffffffff 55 0000000000000000 ff80000000000000 0000000000000000
00003fffffffffff 56 0000000000000000 ff00000000000000 0000000000000000
00003fffffffffff 57 0000000000000000 fe00000000000000 0000000000000000
00003fffffffffff 58 0000000000000000 fc00000000000000 0000000000000000
00003fffffffffff 59 0000000000000000 f800000000000000 0000000000000000
00003fffffffffff 60 0000000000000000 f000000000000000 0000000000000000
00003fffffffffff 61 0000000000000000 e000000000000000 0000000000000000
00003fffffffffff 62 0000000000000000 c000000000000000 0000000000000000
00003fffffffffff 63 0000000000000000 8000000000000000 0000000000000000
0000400000000000 0 0000400000000000 0000400000000000 0000400000000000
0000400000000000 1 0000200000000000 0000800000000000 0000200000000000
0000400000000000 2 0000100000000000 0001000000000000 0000100000000000
0000400000000000 3 0000080000000000 0002000000000000 0000080000000000
0000400000000000 4 0000040000000000 0004000000000000 0000040000000000
0000400000000000 5 0000020000000000 0008000000000000 0000020000000000
0000400000000000 6 0000010000000000 0010000000000000 0000010000000000
0000400000000000 7 0000008000000000 0020000000000000 0000008000000000
0000400000000000 8 0000004000000000 0040000000000000 0000004000000000
0000400000000000 9 0000002000000000 0080000000000000 0000002000000000
0000400000000000 10 0000001000000000 0100000000000000 0000001000000000
0000400000000000 11 0000000800000000 0200000000000000 0000000800000000
0000400000000000 12 0000000400000000 0400000000000000 0000000400000000
0000400000000000 13 0000000200000000 0800000000000000 0000000200000000
0000400000000000 14 0000000100000000 1000000000000000 0000000100000000
0000400000000000 15 0000000080000000 2000000000000000 0000000080000000
0000400000000000 16 0000000040000000 4000000000000000 0000000040000000
0000400000000000 17 0000000020000000 8000000000000000 0000000020000000
0000400000000000 18 0000000010000000 0000000000000000 0000000010000000
0000400000000000 19 0000000008000000 0000000000000000 0000000008000000
0000400000000000 20 0000000004000000 0000000000000000 0000000004000000
0000400000000000 21 0000000002000000 0000000000000000 0000000002000000
0000400000000000 22 0000000001000000 0000000000000000 0000000001000000
0000400000000000 23 0000000000800000 0000000000000000 0000000000800000
0000400000000000 24 0000000000400000 0000000000000000 0000000000400000
0000400000000000 25 0000000000200000 0000000000000000 0000000000200000
0000400000000000 26 0000000000100000 0000000000000000 0000000000100000
0000400000000000 27 0000000000080000 0000000000000000 0000000000080000
0000400000000000 28 0000000000040000 0000000000000000 0000000000040000
0000400000000000 29 0000000000020000 0000000000000000 0000000000020000
0000400000000000 30 0000000000010000 0000000000000000 0000000000010000
0000400000000000 31 0000000000008000 0000000000000000 0000000000008000
0000400000000000 32 0000000000004000 0000000000000000 0000000000004000
0000400000000000 33 0000000000002000 0000000000000000 0000000000002000
0000400000000000 34 0000000000001000 0000000000000000 0000000000001000
0000400000000000 35 0000000000000800 0000000000000000 0000000000000800
0000400000000000 36 0000000000000400 0000000000000000 0000000000000400
0000400000000000 37 0000000000000200 0000000000000000 0000000000000200
0000400000000000 38 0000000000000100 0000000000000000 0000000000000100
0000400000000000 39 0000000000000080 0000000000000000 0000000000000080
0000400000000000 40 0000000000000040 0000000000000000 0000000000000040
0000400000000000 41 0000000000000020 0000000000000000 0000000000000020
0000400000000000 42 0000000000000010 0000000000000000 0000000000000010
0000400000000000 43 0000000000000008 0000000000000000 0000000000000008
0000400000000000 44 0000000000000004 0000000000000000 0000000000000004
0000400000000000 45 0000000000000002 0000000000000000 0000000000000002
0000400000000000 46 0000000000000001 0000000000000000 0000000000000001
0000400000000000 47 0000000000000000 0000000000000000 0000000000000000
0000400000000000 48 0000000000000000 0000000000000000 0000000000000000
0000400000000000 49 0000000000000000 0000000000000000 0000000000000000
0000400000000000 50 0000000000000000 0000000000000000 0000000000000000
0000400000000000 51 0000000000000000 0000000000000000 0000000000000000
0000400000000000 52 0000000000000000 0000000000000000 0000000000000000
0000400000000000 53 0000000000000000 0000000000000000 0000000000000000
0000400000000000 54 0000000000000000 0000000000000000 0000000000000000
0000400000000000 55 0000000000000000 0000000000000000 0000000000000000
0000400000000000 56 0000000000000000 0000000000000000 0000000000000000
0000400000000000 57 0000000000000000 0000000000000000 0000000000000000
0000400000000000 58 0000000000000000 0000000000000000 0000000000000000
0000400000000000 59 0000000000000000 0000000000000000 0000000000000000
0000400000000000 60 0000000000000000 0000000000000000 0000000000000000
0000400000000000 61 0000000000000000 0000000000000000 0000000000000000
0000400000000000 62 0000000000000000 0000000000000000 0000000000000000
0000400000000000 63 0000000000000000 0000000000000000 0000000000000000
00007fffffffffff 0 00007fffffffffff 00007fffffffffff 00007fffffffffff
00007fffffffffff 1 00003fffffffffff 0000fffffffffffe 00003fffffffffff
00007fffffffffff 2 00001fffffffffff 0001fffffffffffc 00001fffffffffff
00007fffffffffff 3 00000fffffffffff 0003fffffffffff8 00000fffffffffff
00007fffffffffff 4 000007ffffffffff 0007fffffffffff0 000007ffffffffff
00007fffffffffff 5 000003ffffffffff 000fffffffffffe0 000003ffffffffff
00007fffffffffff 6 000001ffffffffff 001fffffffffffc0 000001ffffffffff
00007fffffffffff 7 000000ffffffffff 003fffffffffff80 000000ffffffffff
00007fffffffffff 8 0000007fffffffff 007fffffffffff00 0000007fffffffff
00007fffffffffff 9 0000003fffffffff 00fffffffffffe00 0000003fffffffff
00007fffffffffff 10 0000001fffffffff 01fffffffffffc00 0000001fffffffff
00007fffffffffff 11 0000000fffffffff 03fffffffffff800 0000000fffffffff
00007fffffffffff 12 00000007ffffffff 07fffffffffff000 00000007ffffffff
00007fffffffffff 13 00000003ffffffff 0fffffffffffe000 00000003ffffffff
00007fffffffffff 14 00000001ffffffff 1fffffffffffc000 00000001ffffffff
00007fffffffffff 15 00000000ffffffff 3fffffffffff8000 00000000ffffffff
00007fffffffffff 16 000000007fffffff 7fffffffffff0000 000000007fffffff
00007fffffffffff 17 000000003fffffff fffffffffffe0000 000000003fffffff
00007fffffffffff 18 000000001fffffff fffffffffffc0000 000000001fffffff
00007fffffffffff 19 000000000fffffff fffffffffff80000 000000000fffffff
00007fffffffffff 20 0000000007ffffff fffffffffff00000 0000000007ffffff
00007fffffffffff 21 0000000003ffffff ffffffffffe00000 0000000003ffffff
00007fffffffffff 22 0000000001ffffff ffffffffffc00000 0000000001ffffff
00007fffffffffff 23 0000000000ffffff ffffffffff800000 0000000000ffffff
00007fffffffffff 24 00000000007fffff ffffffffff000000 00000000007fffff
00007fffffffffff 25 00000000003fffff fffffffffe000000 00000000003fffff
00007fffffffffff 26 00000000001fffff fffffffffc000000 00000000001fffff
00007fffffffffff 27 00000000000fffff fffffffff8000000 00000000000fffff
00007fffffffffff 28 000000000007ffff fffffffff0000000 000000000007ffff
00007fffffffffff 29 000000000003ffff ffffffffe0000000 000000000003ffff
00007fffffffffff 30 000000000001ffff ffffffffc0000000 000000000001ffff
00007fffffffffff 31 000000000000ffff ffffffff80000000 000000000000ffff
00007fffffffffff 32 0000000000007fff ffffffff00000000 0000000000007fff
00007fffffffffff 33 0000000000003fff fffffffe00000000 0000000000003fff
00007fffffffffff 34 0000000000001fff fffffffc00000000 0000000000001fff
00007fffffffffff 35 0000000000000fff fffffff800000000 0000000000000fff
00007fffffffffff 36 00000000000007ff fffffff000000000 00000000000007ff
00007fffffffffff 37 00000000000003ff ffffffe000000000 00000000000003ff
00007fffffffffff 38 00000000000001ff ffffffc000000000 00000000000001ff
00007fffffffffff 39 00000000000000ff ffffff8000000000 00000000000000ff
00007fffffffffff 40 000000000000007f ffffff0000000000 000000000000007f
00007fffffffffff 41 000000000000003f fffffe0000000000 000000000000003f
00007fffffffffff 42 000000000000001f fffffc0000000000 000000000000001f
00007fffffffffff 43 000000000000000f fffff80000000000 000000000000000f
00007fffffffffff 44 0000000000000007 fffff00000000000 0000000000000007
00007fffffffffff 45 0000000000000003 ffffe00000000000 0000000000000003
00007fffffffffff 46 0000000000000001 ffffc00000000000 0000000000000001
00007fffffffffff 47 0000000000000000 ffff800000000000 0000000000000000
00007fffffffffff 48 0000000000000000 ffff000000000000 0000000000000000
00007fffffffffff 49 0000000000000000 fffe000000000000 0000000000000000
00007fffffffffff 50 0000000000000000 fffc000000000000 0000000000000000
00007fffffffffff 51 0000000000000000 fff8000000000000 0000000000000000
00007fffffffffff 52 0000000000000000 fff0000000000000 0000000000000000
00007fffffffffff 53 0000000000000000 ffe0000000000000 0000000000000000
00007fffffffffff 54 0000000000000000 ffc0000000000000 0000000000000000
00007fffffffffff 55 0000000000000000 ff80000000000000 0000000000000000
00007fffffffffff 56 0000000000000000 ff00000000000000 0000000000000000
00007fffffffffff 57 0000000000000000 fe00000000000000 0000000000000000
00007fffffffffff 58 0000000000000000 fc00000000000000 0000000000000000
00007fffffffffff 59 0000000000000000 f800000000000000 0000000000000000
00007fffffffffff 60 0000000000000000 f000000000000000 0000000000000000
00007fffffffffff 61 0000000000000000 e000000000000000 0000000000000000
00007fffffffffff 62 0000000000000000 c000000000000000 0000000000000000
00007fffffffffff 63 0000000000000000 8000000000000000 0000000000000000
0000800000000000 0 0000800000000000 0000800000000000 0000800000000000
0000800000000000 1 0000400000000000 0001000000000000 0000400000000000
0000800000000000 2 0000200000000000 0002000000000000 0000200000000000
0000800000000000 3 0000100000000000 0004000000000000 0000100000000000
0000800000000000 4 0000080000000000 0008000000000000 0000080000000000
0000800000000000 5 0000040000000000 0010000000000000 0000040000000000
0000800000000000 6 0000020000000000 0020000000000000 0000020000000000
0000800000000000 7 0000010000000000 0040000000000000 0000010000000000
0000800000000000 8 0000008000000000 0080000000000000 0000008000000000
0000800000000000 9 0000004000000000 0100000000000000 0000004000000000
0000800000000000 10 0000002000000000 0200000000000000 0000002000000000
0000800000000000 11 0000001000000000 0400000000000000 0000001000000000
0000800000000000 12 0000000800000000 0800000000000000 0000000800000000
0000800000000000 13 0000000400000000 1000000000000000 0000000400000000
0000800000000000 14 0000000200000000 2000000000000000 0000000200000000
0000800000000000 15 0000000100000000 4000000000000000 0000000100000000
0000800000000000 16 0000000080000000 8000000000000000 0000000080000000
0000800000000000 17 0000000040000000 0000000000000000 0000000040000000
0000800000000000 18 0000000020000000 0000000000000000 0000000020000000
0000800000000000 19 0000000010000000 0000000000000000 0000000010000000
0000800000000000 20 0000000008000000 0000000000000000 0000000008000000
0000800000000000 21 0000000004000000 0000000000000000 0000000004000000
0000800000000000 22 0000000002000000 0000000000000000 0000000002000000
0000800000000000 23 0000000001000000 0000000000000000 0000000001000000
0000800000000000 24 0000000000800000 0000000000000000 0000000000800000
0000800000000000 25 0000000000400000 0000000000000000 0000000000400000
0000800000000000 26 0000000000200000 0000000000000000 0000000000200000
0000800000000000 27 0000000000100000 0000000000000000 0000000000100000
0000800000000000 28 0000000000080000 0000000000000000 0000000000080000
0000800000000000 29 0000000000040000 0000000000000000 0000000000040000
0000800000000000 30 0000000000020000 0000000000000000 0000000000020000
0000800000000000 31 0000000000010000 0000000000000000 0000000000010000
0000800000000000 32 0000000000008000 0000000000000000 0000000000008000
0000800000000000 33 0000000000004000 0000000000000000 0000000000004000
0000800000000000 34 0000000000002000 0000000000000000 0000000000002000
0000800000000000 35 0000000000001000 0000000000000000 0000000000001000
0000800000000000 36 0000000000000800 0000000000000000 0000000000000800
0000800000000000 37 0000000000000400 0000000000000000 0000000000000400
0000800000000000 38 0000000000000200 0000000000000000 0000000000000200
0000800000000000 39 0000000000000100 0000000000000000 0000000000000100
0000800000000000 40 0000000000000080 0000000000000000 0000000000000080
0000800000000000 41 0000000000000040 0000000000000000 0000000000000040
0000800000000000 42 0000000000000020 0000000000000000 0000000000000020
0000800000000000 43 0000000000000010 0000000000000000 0000000000000010
0000800000000000 44 0000000000000008 0000000000000000 0000000000000008
0000800000000000 45 0000000000000004 0000000000000000 0000000000000004
0000800000000000 46 0000000000000002 0000000000000000 0000000000000002
0000800000000000 47 0000000000000001 0000000000000000 0000000000000001
0000800000000000 48 0000000000000000 0000000000000000 0000000000000000
0000800000000000 49 0000000000000000 0000000000000000 0000000000000000
0000800000000000 50 0000000000000000 0000000000000000 0000000000000000
0000800000000000 51 0000000000000000 0000000000000000 0000000000000000
0000800000000000 52 0000000000000000 0000000000000000 0000000000000000
0000800000000000 53 0000000000000000 0000000000000000 0000000000000000
0000800000000000 54 0000000000000000 0000000000000000 0000000000000000
0000800000000000 55 0000000000000000 0000000000000000 0000000000000000
0000800000000000 56 0000000000000000 0000000000000000 0000000000000000
0000800000000000 57 0000000000000000 0000000000000000 0000000000000000
0000800000000000 58 0000000000000000 0000000000000000 0000000000000000
0000800000000000 59 0000000000000000 0000000000000000 0000000000000000
0000800000000000 60 0000000000000000 0000000000000000 0000000000000000
0000800000000000 61 0000000000000000 0000000000000000 0000000000000000
0000800000000000 62 0000000000000000 0000000000000000 0000000000000000
0000800000000000 63 0000000000000000 0000000000000000 0000000000000000
0000ffffffffffff 0 0000ffffffffffff 0000ffffffffffff 0000ffffffffffff
0000ffffffffffff 1 00007fffffffffff 0001fffffffffffe 00007fffffffffff
0000ffffffffffff 2 00003fffffffffff 0003fffffffffffc 00003fffffffffff
0000ffffffffffff 3 00001fffffffffff 0007fffffffffff8 00001fffffffffff
0000ffffffffffff 4 00000fffffffffff 000ffffffffffff0 00000fffffffffff
0000ffffffffffff 5 000007ffffffffff 001fffffffffffe0 000007ffffffffff
0000ffffffffffff 6 000003ffffffffff 003fffffffffffc0 000003ffffffffff
0000ffffffffffff 7 000001ffffffffff 007fffffffffff80 000001ffffffffff
0000ffffffffffff 8 000000ffffffffff 00ffffffffffff00 000000ffffffffff
0000ffffffffffff 9 0000007fffffffff 01fffffffffffe00 0000007fffffffff
0000ffffffffffff 10 0000003fffffffff 03fffffffffffc00 0000003fffffffff
0000ffffffffffff 11 0000001fffffffff 07fffffffffff800 0000001fffffffff
0000ffffffffffff 12 0000000fffffffff 0ffffffffffff000 0000000fffffffff
0000ffffffffffff 13 00000007ffffffff 1fffffffffffe000 00000007ffffffff
0000ffffffffffff 14 00000003ffffffff 3fffffffffffc000 00000003ffffffff
0000ffffffffffff 15 00000001ffffffff 7fffffffffff8000 00000001ffffffff
0000ffffffffffff 16 00000000ffffffff ffffffffffff0000 00000000ffffffff
0000ffffffffffff 17 000000007fffffff fffffffffffe0000 000000007fffffff
0000ffffffffffff 18 000000003fffffff fffffffffffc0000 000000003fffffff
0000ffffffffffff 19 000000001fffffff fffffffffff80000 000000001fffffff
0000ffffffffffff 20 000000000fffffff fffffffffff00000 000000000fffffff
0000ffffffffffff 21 0000000007ffffff ffffffffffe00000 0000000007ffffff
0000ffffffffffff 22 0000000003ffffff ffffffffffc00000 0000000003ffffff
0000ffffffffffff 23 0000000001ffffff ffffffffff800000 0000000001ffffff
0000ffffffffffff 24 0000000000ffffff ffffffffff000000 0000000000ffffff
0000ffffffffffff 25 00000000007fffff fffffffffe000000 00000000007fffff
0000ffffffffffff 26 00000000003fffff fffffffffc000000 00000000003fffff
0000ffffffffffff 27 00000000001fffff fffffffff8000000 00000000001fffff
0000ffffffffffff 28 00000000000fffff fffffffff0000000 00000000000fffff
0000ffffffffffff 29 000000000007ffff ffffffffe0000000 000000000007ffff
0000ffffffffffff 30 000000000003ffff ffffffffc0000000 000000000003ffff
0000ffffffffffff 31 000000000001ffff ffffffff80000000 000000000001ffff
0000ffffffffffff 32 000000000000ffff ffffffff00000000 000000000000ffff
0000ffffffffffff 33 0000000000007fff fffffffe00000000 0000000000007fff
0000ffffffffffff 34 0000000000003fff fffffffc00000000 0000000000003fff
0000ffffffffffff 35 0000000000001fff fffffff800000000 0000000000001fff
0000ffffffffffff 36 0000000000000fff fffffff000000000 0000000000000fff
0000ffffffffffff 37 00000000000007ff ffffffe000000000 00000000000007ff
0000ffffffffffff 38 00000000000003ff ffffffc000000000 00000000000003ff
0000ffffffffffff 39 00000000000001ff ffffff8000000000 00000000000001ff
0000ffffffffffff 40 00000000000000ff ffffff0000000000 00000000000000ff
0000ffffffffffff 41 000000000000007f fffffe0000000000 000000000000007f
0000ffffffffffff 42 000000000000003f fffffc0000000000 000000000000003f
0000ffffffffffff 43 000000000000001f fffff80000000000 000000000000001f
0000ffffffffffff 44 000000000000000f fffff00000000000 000000000000000f
0000ffffffffffff 45 0000000000000007 ffffe00000000000 0000000000000007
0000ffffffffffff 46 0000000000000003 ffffc00000000000 0000000000000003
0000ffffffffffff 47 0000000000000001 ffff800000000000 0000000000000001
0000ffffffffffff 48 0000000000000000 ffff000000000000 0000000000000000
0000ffffffffffff 49 0000000000000000 fffe000000000000 0000000000000000
0000ffffffffffff 50 0000000000000000 fffc000000000000 0000000000000000
0000ffffffffffff 51 0000000000000000 fff8000000000000 0000000000000000
0000ffffffffffff 52 0000000000000000 fff0000000000000 0000000000000000
0000ffffffffffff 53 0000000000000000 ffe0000000000000 0000000000000000
0000ffffffffffff 54 0000000000000000 ffc0000000000000 0000000000000000
0000ffffffffffff 55 0000000000000000 ff80000000000000 0000000000000000
0000ffffffffffff 56 0000000000000000 ff00000000000000 0000000000000000
0000ffffffffffff 57 0000000000000000 fe00000000000000 0000000000000000
0000ffffffffffff 58 0000000000000000 fc00000000000000 0000000000000000
0000ffffffffffff 59 0000000000000000 f800000000000000 0000000000000000
0000ffffffffffff 60 0000000000000000 f000000000000000 0000000000000000
0000ffffffffffff 61 0000000000000000 e000000000000000 0000000000000000
0000ffffffffffff 62 0000000000000000 c000000000000000 0000000000000000
0000ffffffffffff 63 0000000000000000 8000000000000000 0000000000000000
0001000000000000 0 0001000000000000 0001000000000000 0001000000000000
0001000000000000 1 0000800000000000 0002000000000000 0000800000000000
0001000000000000 2 0000400000000000 0004000000000000 0000400000000000
0001000000000000 3 0000200000000000 0008000000000000 0000200000000000
0001000000000000 4 0000100000000000 0010000000000000 0000100000000000
0001000000000000 5 0000080000000000 0020000000000000 0000080000000000
0001000000000000 6 0000040000000000 0040000000000000 0000040000000000
0001000000000000 7 0000020000000000 0080000000000000 0000020000000000
0001000000000000 8 0000010000000000 0100000000000000 0000010000000000
0001000000000000 9 0000008000000000 0200000000000000 0000008000000000
0001000000000000 10 0000004000000000 0400000000000000 0000004000000000
0001000000000000 11 0000002000000000 0800000000000000 0000002000000000
0001000000000000 12 0000001000000000 1000000000000000 0000001000000000
0001000000000000 13 0000000800000000 2000000000000000 0000000800000000
0001000000000000 14 0000000400000000 4000000000000000 0000000400000000
0001000000000000 15 0000000200000000 8000000000000000 0000000200000000
0001000000000000 16 0000000100000000 0000000000000000 0000000100000000
0001000000000000 17 0000000080000000 0000000000000000 0000000080000000
0001000000000000 18 0000000040000000 0000000000000000 0000000040000000
0001000000000000 19 0000000020000000 0000000000000000 0000000020000000
0001000000000000 20 0000000010000000 0000000000000000 0000000010000000
0001000000000000 21 0000000008000000 0000000000000000 0000000008000000
0001000000000000 22 0000000004000000 0000000000000000 0000000004000000
0001000000000000 23 0000000002000000 0000000000000000 0000000002000000
0001000000000000 24 0000000001000000 0000000000000000 0000000001000000
0001000000000000 25 0000000000800000 0000000000000000 0000000000800000
0001000000000000 26 0000000000400000 0000000000000000 0000000000400000
0001000000000000 27 0000000000200000 0000000000000000 0000000000200000
0001000000000000 28 0000000000100000 0000000000000000 0000000000100000
0001000000000000 29 0000000000080000 0000000000000000 0000000000080000
0001000000000000 30 0000000000040000 0000000000000000 0000000000040000
0001000000000000 31 0000000000020000 0000000000000000 0000000000020000
0001000000000000 32 0000000000010000 0000000000000000 0000000000010000
0001000000000000 33 0000000000008000 0000000000000000 0000000000008000
0001000000000000 34 0000000000004000 0000000000000000 0000000000004000
0001000000000000 35 0000000000002000 0000000000000000 0000000000002000
0001000000000000 36 0000000000001000 0000000000000000 0000000000001000
0001000000000000 37 0000000000000800 0000000000000000 0000000000000800
0001000000000000 38 0000000000000400 0000000000000000 0000000000000400
0001000000000000 39 0000000000000200 0000000000000000 0000000000000200
0001000000000000 40 0000000000000100 0000000000000000 0000000000000100
0001000000000000 41 0000000000000080 0000000000000000 0000000000000080
0001000000000000 42 0000000000000040 0000000000000000 0000000000000040
0001000000000000 43 0000000000000020 0000000000000000 0000000000000020
0001000000000000 44 0000000000000010 0000000000000000 0000000000000010
0001000000000000 45 0000000000000008 0000000000000000 0000000000000008
0001000000000000 46 0000000000000004 0000000000000000 0000000000000004
0001000000000000 47 0000000000000002 0000000000000000 0000000000000002
0001000000000000 48 0000000000000001 0000000000000000 0000000000000001
0001000000000000 49 0000000000000000 0000000000000000 0000000000000000
0001000000000000 50 0000000000000000 0000000000000000 0000000000000000
0001000000000000 51 0000000000000000 0000000000000000 0000000000000000
0001000000000000 52 0000000000000000 0000000000000000 0000000000000000
0001000000000000 53 0000000000000000 0000000000000000 0000000000000000
0001000000000000 54 0000000000000000 0000000000000000 0000000000000000
0001000000000000 55 0000000000000000 0000000000000000 0000000000000000
0001000000000000 56 0000000000000000 0000000000000000 0000000000000000
0001000000000000 57 0000000000000000 0000000000000000 0000000000000000
0001000000000000 58 0000000000000000 0000000000000000 0000000000000000
0001000000000000 59 0000000000000000 0000000000000000 0000000000000000
0001000000000000 60 0000000000000000 0000000000000000 0000000000000000
0001000000000000 61 0000000000000000 0000000000000000 0000000000000000
0001000000000000 62 0000000000000000 0000000000000000 0000000000000000
0001000000000000 63 0000000000000000 0000000000000000 0000000000000000
0001ffffffffffff 0 0001ffffffffffff 0001ffffffffffff 0001ffffffffffff
0001ffffffffffff 1 0000ffffffffffff 0003fffffffffffe 0000ffffffffffff
0001ffffffffffff 2 00007fffffffffff 0007fffffffffffc 00007fffffffffff
0001ffffffffffff 3 00003fffffffffff 000ffffffffffff8 00003fffffffffff
0001ffffffffffff 4 00001fffffffffff 001ffffffffffff0 00001fffffffffff
0001ffffffffffff 5 00000fffffffffff 003fffffffffffe0 00000fffffffffff
0001ffffffffffff 6 000007ffffffffff 007fffffffffffc0 000007ffffffffff
0001ffffffffffff 7 000003ffffffffff 00ffffffffffff80 000003ffffffffff
0001ffffffffffff 8 000001ffffffffff 01ffffffffffff00 000001ffffffffff
0001ffffffffffff 9 000000ffffffffff 03fffffffffffe00 000000ffffffffff
0001ffffffffffff 10 0000007fffffffff 07fffffffffffc00 0000007fffffffff
0001ffffffffffff 11 0000003fffffffff 0ffffffffffff800 0000003fffffffff
0001ffffffffffff 12 0000001fffffffff 1ffffffffffff000 0000001fffffffff
0001ffffffffffff 13 0000000fffffffff 3fffffffffffe000 0000000fffffffff
0001ffffffffffff 14 00000007ffffffff 7fffffffffffc000 00000007ffffffff
0001ffffffffffff 15 00000003ffffffff ffffffffffff8000 00000003ffffffff
0001ffffffffffff 16 00000001ffffffff ffffffffffff0000 00000001ffffffff
0001ffffffffffff 17 00000000ffffffff fffffffffffe0000 00000000ffffffff
0001ffffffffffff 18 000000007fffffff fffffffffffc0000 000000007fffffff
0001ffffffffffff 19 000000003fffffff fffffffffff80000 000000003fffffff
0001ffffffffffff 20 000000001fffffff fffffffffff00000 000000001fffffff
0001ffffffffffff 21 000000000fffffff ffffffffffe00000 000000000fffffff
0001ffffffffffff 22 0000000007ffffff ffffffffffc00000 0000000007ffffff
0001ffffffffffff 23 0000000003ffffff ffffffffff800000 0000000003ffffff
0001ffffffffffff 24 0000000001ffffff ffffffffff000000 0000000001ffffff
0001ffffffffffff 25 0000000000ffffff fffffffffe000000 0000000000ffffff
0001ffffffffffff 26 00000000007fffff fffffffffc000000 00000000007fffff
0001ffffffffffff 27 00000000003fffff fffffffff8000000 00000000003fffff
0001ffffffffffff 28 00000000001fffff fffffffff0000000 00000000001fffff
0001ffffffffffff 29 00000000000fffff ffffffffe0000000 00000000000fffff
0001ffffffffffff 30 000000000007ffff ffffffffc0000000 000000000007ffff
0001ffffffffffff 31 000000000003ffff ffffffff80000000 000000000003ffff
0001ffffffffffff 32 000000000001ffff ffffffff00000000 000000000001ffff
0001ffffffffffff 33 000000000000ffff fffffffe00000000 000000000000ffff
0001ffffffffffff 34 0000000000007fff fffffffc00000000 0000000000007fff
0001ffffffffffff 35 0000000000003fff fffffff800000000 0000000000003fff
0001ffffffffffff 36 0000000000001fff fffffff000000000 0000000000001fff
0001ffffffffffff 37 0000000000000fff ffffffe000000000 0000000000000fff
0001ffffffffffff 38 00000000000007ff ffffffc000000000 00000000000007ff
0001ffffffffffff 39 00000000000003ff ffffff8000000000 00000000000003ff
0001ffffffffffff 40 00000000000001ff ffffff0000000000 00000000000001ff
0001ffffffffffff 41 00000000000000ff fffffe0000000000 00000000000000ff
0001ffffffffffff 42 000000000000007f fffffc0000000000 000000000000007f
0001ffffffffffff 43 000000000000003f fffff80000000000 000000000000003f
0001ffffffffffff 44 000000000000001f fffff00000000000 000000000000001f
0001ffffffffffff 45 000000000000000f ffffe00000000000 000000000000000f
0001ffffffffffff 46 0000000000000007 ffffc00000000000 0000000000000007
0001ffffffffffff 47 0000000000000003 ffff800000000000 0000000000000003
0001ffffffffffff 48 0000000000000001 ffff000000000000 0000000000000001
0001ffffffffffff 49 0000000000000000 fffe000000000000 0000000000000000
0001ffffffffffff 50 0000000000000000 fffc000000000000 0000000000000000
0001ffffffffffff 51 0000000000000000 fff8000000000000 0000000000000000
0001ffffffffffff 52 0000000000000000 fff0000000000000 0000000000000000
0001ffffffffffff 53 0000000000000000 ffe0000000000000 0000000000000000
0001ffffffffffff 54 0000000000000000 ffc0000000000000 0000000000000000
0001ffffffffffff 55 0000000000000000 ff80000000000000 0000000000000000
0001ffffffffffff 56 0000000000000000 ff00000000000000 0000000000000000
0001ffffffffffff 57 0000000000000000 fe00000000000000 0000000000000000
0001ffffffffffff 58 0000000000000000 fc00000000000000 0000000000000000
0001ffffffffffff 59 0000000000000000 f800000000000000 0000000000000000
0001ffffffffffff 60 0000000000000000 f000000000000000 0000000000000000
0001ffffffffffff 61 0000000000000000 e000000000000000 0000000000000000
0001ffffffffffff 62 0000000000000000 c000000000000000 0000000000000000
0001ffffffffffff 63 0000000000000000 8000000000000000 0000000000000000
0002000000000000 0 0002000000000000 0002000000000000 0002000000000000
0002000000000000 1 0001000000000000 0004000000000000 0001000000000000
0002000000000000 2 0000800000000000 0008000000000000 0000800000000000
0002000000000000 3 0000400000000000 0010000000000000 0000400000000000
0002000000000000 4 0000200000000000 0020000000000000 0000200000000000
0002000000000000 5 0000100000000000 0040000000000000 0000100000000000
0002000000000000 6 0000080000000000 0080000000000000 0000080000000000
0002000000000000 7 0000040000000000 0100000000000000 0000040000000000
0002000000000000 8 0000020000000000 0200000000000000 0000020000000000
0002000000000000 9 0000010000000000 0400000000000000 0000010000000000
0002000000000000 10 0000008000000000 0800000000000000 0000008000000000
0002000000000000 11 0000004000000000 1000000000000000 0000004000000000
0002000000000000 12 0000002000000000 2000000000000000 0000002000000000
0002000000000000 13 0000001000000000 4000000000000000 0000001000000000
0002000000000000 14 0000000800000000 8000000000000000 0000000800000000
0002000000000000 15 0000000400000000 0000000000000000 0000000400000000
0002000000000000 16 0000000200000000 0000000000000000 0000000200000000
0002000000000000 17 0000000100000000 0000000000000000 0000000100000000
0002000000000000 18 0000000080000000 0000000000000000 0000000080000000
0002000000000000 19 0000000040000000 0000000000000000 0000000040000000
0002000000000000 20 0000000020000000 0000000000000000 0000000020000000
0002000000000000 21 0000000010000000 0000000000000000 0000000010000000
0002000000000000 22 0000000008000000 0000000000000000 0000000008000000
0002000000000000 23 0000000004000000 0000000000000000 0000000004000000
0002000000000000 24 0000000002000000 0000000000000000 0000000002000000
0002000000000000 25 0000000001000000 0000000000000000 0000000001000000
0002000000000000 26 0000000000800000 0000000000000000 0000000000800000
0002000000000000 27 0000000000400000 0000000000000000 0000000000400000
0002000000000000 28 0000000000200000 0000000000000000 0000000000200000
0002000000000000 29 0000000000100000 0000000000000000 0000000000100000
0002000000000000 30 0000000000080000 0000000000000000 0000000000080000
0002000000000000 31 0000000000040000 0000000000000000 0000000000040000
0002000000000000 32 0000000000020000 0000000000000000 0000000000020000
0002000000000000 33 0000000000010000 0000000000000000 0000000000010000
0002000000000000 34 0000000000008000 0000000000000000 0000000000008000
0002000000000000 35 0000000000004000 0000000000000000 0000000000004000
0002000000000000 36 0000000000002000 0000000000000000 0000000000002000
0002000000000000 37 0000000000001000 0000000000000000 0000000000001000
0002000000000000 38 0000000000000800 0000000000000000 0000000000000800
0002000000000000 39 0000000000000400 0000000000000000 0000000000000400
0002000000000000 40 0000000000000200 0000000000000000 0000000000000200
0002000000000000 41 0000000000000100 0000000000000000 0000000000000100
0002000000000000 42 0000000000000080 0000000000000000 0000000000000080
0002000000000000 43 0000000000000040 0000000000000000 0000000000000040
0002000000000000 44 0000000000000020 0000000000000000 0000000000000020
0002000000000000 45 0000000000000010 0000000000000000 0000000000000010
0002000000000000 46 0000000000000008 0000000000000000 0000000000000008
0002000000000000 47 0000000000000004 0000000000000000 0000000000000004
0002000000000000 48 0000000000000002 0000000000000000 0000000000000002
0002000000000000 49 0000000000000001 0000000000000000 0000000000000001
0002000000000000 50 0000000000000000 0000000000000000 0000000000000000
0002000000000000 51 0000000000000000 0000000000000000 0000000000000000
0002000000000000 52 0000000000000000 0000000000000000 0000000000000000
0002000000000000 53 0000000000000000 0000000000000000 0000000000000000
0002000000000000 54 0000000000000000 0000000000000000 0000000000000000
0002000000000000 55 0000000000000000 0000000000000000 0000000000000000
0002000000000000 56 0000000000000000 0000000000000000 0000000000000000
0002000000000000 57 0000000000000000 0000000000000000 0000000000000000
0002000000000000 58 0000000000000000 0000000000000000 0000000000000000
0002000000000000 59 0000000000000000 0000000000000000 0000000000000000
0002000000000000 60 0000000000000000 0000000000000000 0000000000000000
0002000000000000 61 0000000000000000 0000000000000000 0000000000000000
0002000000000000 62 0000000000000000 0000000000000000 0000000000000000
0002000000000000 63 0000000000000000 0000000000000000 0000000000000000
0003ffffffffffff 0 0003ffffffffffff 0003ffffffffffff 0003ffffffffffff
0003ffffffffffff 1 0001ffffffffffff 0007fffffffffffe 0001ffffffffffff
0003ffffffffffff 2 0000ffffffffffff 000ffffffffffffc 0000ffffffffffff
0003ffffffffffff 3 00007fffffffffff 001ffffffffffff8 00007fffffffffff
0003ffffffffffff 4 00003fffffffffff 003ffffffffffff0 00003fffffffffff
0003ffffffffffff 5 00001fffffffffff 007fffffffffffe0 00001fffffffffff
0003ffffffffffff 6 00000fffffffffff 00ffffffffffffc0 00000fffffffffff
0003ffffffffffff 7 000007ffffffffff 01ffffffffffff80 000007ffffffffff
0003ffffffffffff 8 000003ffffffffff 03ffffffffffff00 000003ffffffffff
0003ffffffffffff 9 000001ffffffffff 07fffffffffffe00 000001ffffffffff
0003ffffffffffff 10 000000ffffffffff 0ffffffffffffc00 000000ffffffffff
0003ffffffffffff 11 0000007fffffffff 1ffffffffffff800 0000007fffffffff
0003ffffffffffff 12 0000003fffffffff 3ffffffffffff000 0000003fffffffff
0003ffffffffffff 13 0000001fffffffff 7fffffffffffe000 0000001fffffffff
0003ffffffffffff 14 0000000fffffffff ffffffffffffc000 0000000fffffffff
0003ffffffffffff 15 00000007ffffffff ffffffffffff8000 00000007ffffffff
0003ffffffffffff 16 00000003ffffffff ffffffffffff0000 00000003ffffffff
0003ffffffffffff 17 00000001ffffffff fffffffffffe0000 00000001ffffffff
0003ffffffffffff 18 00000000ffffffff fffffffffffc0000 00000000ffffffff
0003ffffffffffff 19 000000007fffffff fffffffffff80000 000000007fffffff
0003ffffffffffff 20 000000003fffffff fffffffffff00000 000000003fffffff
0003ffffffffffff 21 000000001fffffff ffffffffffe00000 000000001fffffff
0003ffffffffffff 22 000000000fffffff ffffffffffc00000 000000000fffffff
0003ffffffffffff 23 0000000007ffffff ffffffffff800000 0000000007ffffff
0003ffffffffffff 24 0000000003ffffff ffffffffff000000 0000000003ffffff
0003ffffffffffff 25 0000000001ffffff fffffffffe000000 0000000001ffffff
0003ffffffffffff 26 0000000000ffffff fffffffffc000000 0000000000ffffff
0003ffffffffffff 27 00000000007fffff fffffffff8000000 00000000007fffff
0003ffffffffffff 28 00000000003fffff fffffffff0000000 00000000003fffff
0003ffffffffffff 29 00000000001fffff ffffffffe0000000 00000000001fffff
0003ffffffffffff 30 00000000000fffff ffffffffc0000000 00000000000fffff
0003ffffffffffff 31 000000000007ffff ffffffff80000000 000000000007ffff
0003ffffffffffff 32 000000000003ffff ffffffff00000000 000000000003ffff
0003ffffffffffff 33 000000000001ffff fffffffe00000000 000000000001ffff
0003ffffffffffff 34 000000000000ffff fffffffc00000000 000000000000ffff
0003ffffffffffff 35 0000000000007fff fffffff800000000 0000000000007fff
0003ffffffffffff 36 0000000000003fff fffffff000000000 0000000000003fff
0003ffffffffffff 37 0000000000001fff ffffffe000000000 0000000000001fff
0003ffffffffffff 38 0000000000000fff ffffffc000000000 0000000000000fff
0003ffffffffffff 39 00000000000007ff ffffff8000000000 00000000000007ff
0003ffffffffffff 40 00000000000003ff ffffff0000000000 00000000000003ff
0003ffffffffffff 41 00000000000001ff fffffe0000000000 00000000000001ff
0003ffffffffffff 42 00000000000000ff fffffc0000000000 00000000000000ff
0003ffffffffffff 43 000000000000007f fffff80000000000 000000000000007f
0003ffffffffffff 44 000000000000003f fffff00000000000 000000000000003f
0003ffffffffffff 45 000000000000001f ffffe00000000000 000000000000001f
0003ffffffffffff 46 000000000000000f ffffc00000000000 000000000000000f
0003ffffffffffff 47 0000000000000007 ffff800000000000 0000000000000007
0003ffffffffffff 48 0000000000000003 ffff000000000000 0000000000000003
0003ffffffffffff 49 0000000000000001 fffe000000000000 0000000000000001
0003ffffffffffff 50 0000000000000000 fffc000000000000 0000000000000000
0003ffffffffffff 51 0000000000000000 fff8000000000000 0000000000000000
0003ffffffffffff 52 0000000000000000 fff0000000000000 0000000000000000
0003ffffffffffff 53 0000000000000000 ffe0000000000000 0000000000000000
0003ffffffffffff 54 0000000000000000 ffc0000000000000 0000000000000000
0003ffffffffffff 55 0000000000000000 ff80000000000000 0000000000000000
0003ffffffffffff 56 0000000000000000 ff00000000000000 0000000000000000
0003ffffffffffff 57 0000000000000000 fe00000000000000 0000000000000000
0003ffffffffffff 58 0000000000000000 fc00000000000000 0000000000000000
0003ffffffffffff 59 0000000000000000 f800000000000000 0000000000000000
0003ffffffffffff 60 0000000000000000 f000000000000000 0000000000000000
0003ffffffffffff 61 0000000000000000 e000000000000000 0000000000000000
0003ffffffffffff 62 0000000000000000 c000000000000000 0000000000000000
0003ffffffffffff 63 0000000000000000 8000000000000000 0000000000000000
0004000000000000 0 0004000000000000 0004000000000000 0004000000000000
0004000000000000 1 0002000000000000 0008000000000000 0002000000000000
0004000000000000 2 0001000000000000 0010000000000000 0001000000000000
0004000000000000 3 0000800000000000 0020000000000000 0000800000000000
0004000000000000 4 0000400000000000 0040000000000000 0000400000000000
0004000000000000 5 0000200000000000 0080000000000000 0000200000000000
0004000000000000 6 0000100000000000 0100000000000000 0000100000000000
0004000000000000 7 0000080000000000 0200000000000000 0000080000000000
0004000000000000 8 0000040000000000 0400000000000000 0000040000000000
0004000000000000 9 0000020000000000 0800000000000000 0000020000000000
0004000000000000 10 0000010000000000 1000000000000000 0000010000000000
0004000000000000 11 0000008000000000 2000000000000000 0000008000000000
0004000000000000 12 0000004000000000 4000000000000000 0000004000000000
0004000000000000 13 0000002000000000 8000000000000000 0000002000000000
0004000000000000 14 0000001000000000 0000000000000000 0000001000000000
0004000000000000 15 0000000800000000 0000000000000000 0000000800000000
0004000000000000 16 0000000400000000 0000000000000000 0000000400000000
0004000000000000 17 0000000200000000 0000000000000000 0000000200000000
0004000000000000 18 0000000100000000 0000000000000000 0000000100000000
0004000000000000 19 0000000080000000 0000000000000000 0000000080000000
0004000000000000 20 0000000040000000 0000000000000000 0000000040000000
0004000000000000 21 0000000020000000 0000000000000000 0000000020000000
0004000000000000 22 0000000010000000 0000000000000000 0000000010000000
0004000000000000 23 0000000008000000 0000000000000000 0000000008000000
0004000000000000 24 0000000004000000 0000000000000000 0000000004000000
0004000000000000 25 0000000002000000 0000000000000000 0000000002000000
0004000000000000 26 0000000001000000 0000000000000000 0000000001000000
0004000000000000 27 0000000000800000 0000000000000000 0000000000800000
0004000000000000 28 0000000000400000 0000000000000000 0000000000400000
0004000000000000 29 0000000000200000 0000000000000000 0000000000200000
0004000000000000 30 0000000000100000 0000000000000000 0000000000100000
0004000000000000 31 0000000000080000 0000000000000000 0000000000080000
0004000000000000 32 0000000000040000 0000000000000000 0000000000040000
0004000000000000 33 0000000000020000 0000000000000000 0000000000020000
0004000000000000 34 0000000000010000 0000000000000000 0000000000010000
0004000000000000 35 0000000000008000 0000000000000000 0000000000008000
0004000000000000 36 0000000000004000 0000000000000000 0000000000004000
0004000000000000 37 0000000000002000 0000000000000000 0000000000002000
0004000000000000 38 0000000000001000 0000000000000000 0000000000001000
0004000000000000 39 0000000000000800 0000000000000000 0000000000000800
0004000000000000 40 0000000000000400 0000000000000000 0000000000000400
0004000000000000 41 0000000000000200 0000000000000000 0000000000000200
0004000000000000 42 0000000000000100 0000000000000000 0000000000000100
0004000000000000 43 0000000000000080 0000000000000000 0000000000000080
0004000000000000 44 0000000000000040 0000000000000000 0000000000000040
0004000000000000 45 0000000000000020 0000000000000000 0000000000000020
0004000000000000 46 0000000000000010 0000000000000000 0000000000000010
0004000000000000 47 0000000000000008 0000000000000000 0000000000000008
0004000000000000 48 0000000000000004 0000000000000000 0000000000000004
0004000000000000 49 0000000000000002 0000000000000000 0000000000000002
0004000000000000 50 0000000000000001 0000000000000000 0000000000000001
0004000000000000 51 0000000000000000 0000000000000000 0000000000000000
0004000000000000 52 0000000000000000 0000000000000000 0000000000000000
0004000000000000 53 0000000000000000 0000000000000000 0000000000000000
0004000000000000 54 0000000000000000 0000000000000000 0000000000000000
0004000000000000 55 0000000000000000 0000000000000000 0000000000000000
0004000000000000 56 0000000000000000 0000000000000000 0000000000000000
0004000000000000 57 0000000000000000 0000000000000000 0000000000000000
0004000000000000 58 0000000000000000 0000000000000000 0000000000000000
0004000000000000 59 0000000000000000 0000000000000000 0000000000000000
0004000000000000 60 0000000000000000 0000000000000000 0000000000000000
0004000000000000 61 0000000000000000 0000000000000000 0000000000000000
0004000000000000 62 0000000000000000 0000000000000000 0000000000000000
0004000000000000 63 0000000000000000 0000000000000000 0000000000000000
0007ffffffffffff 0 0007ffffffffffff 0007ffffffffffff 0007ffffffffffff
0007ffffffffffff 1 0003ffffffffffff 000ffffffffffffe 0003ffffffffffff
0007ffffffffffff 2 0001ffffffffffff 001ffffffffffffc 0001ffffffffffff
0007ffffffffffff 3 0000ffffffffffff 003ffffffffffff8 0000ffffffffffff
0007ffffffffffff 4 00007fffffffffff 007ffffffffffff0 00007fffffffffff
0007ffffffffffff 5 00003fffffffffff 00ffffffffffffe0 00003fffffffffff
0007ffffffffffff 6 00001fffffffffff 01ffffffffffffc0 00001fffffffffff
0007ffffffffffff 7 00000fffffffffff 03ffffffffffff80 00000fffffffffff
0007ffffffffffff 8 000007ffffffffff 07ffffffffffff00 000007ffffffffff
0007ffffffffffff 9 000003ffffffffff 0ffffffffffffe00 000003ffffffffff
0007ffffffffffff 10 000001ffffffffff 1ffffffffffffc00 000001ffffffffff
0007ffffffffffff 11 000000ffffffffff 3ffffffffffff800 000000ffffffffff
0007ffffffffffff 12 0000007fffffffff 7ffffffffffff000 0000007fffffffff
0007ffffffffffff 13 0000003fffffffff ffffffffffffe000 0000003fffffffff
0007ffffffffffff 14 0000001fffffffff ffffffffffffc000 0000001fffffffff
0007ffffffffffff 15 0000000fffffffff ffffffffffff8000 0000000fffffffff
0007ffffffffffff 16 00000007ffffffff ffffffffffff0000 00000007ffffffff
0007ffffffffffff 17 00000003ffffffff fffffffffffe0000 00000003ffffffff
0007ffffffffffff 18 00000001ffffffff fffffffffffc0000 00000001ffffffff
0007ffffffffffff 19 00000000ffffffff fffffffffff80000 00000000ffffffff
0007ffffffffffff 20 000000007fffffff fffffffffff00000 000000007fffffff
0007ffffffffffff 21 000000003fffffff ffffffffffe00000 000000003fffffff
0007ffffffffffff 22 000000001fffffff ffffffffffc00000 000000001fffffff
0007ffffffffffff 23 000000000fffffff ffffffffff800000 000000000fffffff
0007ffffffffffff 24 0000000007ffffff ffffffffff000000 0000000007ffffff
0007ffffffffffff 25 0000000003ffffff fffffffffe000000 0000000003ffffff
0007ffffffffffff 26 0000000001ffffff fffffffffc000000 0000000001ffffff
0007ffffffffffff 27 0000000000ffffff fffffffff8000000 0000000000ffffff
0007ffffffffffff 28 00000000007fffff fffffffff0000000 00000000007fffff
0007ffffffffffff 29 00000000003fffff ffffffffe0000000 00000000003fffff
0007ffffffffffff 30 00000000001fffff ffffffffc0000000 00000000001fffff
0007ffffffffffff 31 00000000000fffff ffffffff80000000 00000000000fffff
0007ffffffffffff 32 000000000007ffff ffffffff00000000 000000000007ffff
0007ffffffffffff 33 000000000003ffff fffffffe00000000 000000000003ffff
0007ffffffffffff 34 000000000001ffff fffffffc00000000 000000000001ffff
0007ffffffffffff 35 000000000000ffff fffffff800000000 000000000000ffff
0007ffffffffffff 36 0000000000007fff fffffff000000000 0000000000007fff
0007ffffffffffff 37 0000000000003fff ffffffe000000000 0000000000003fff
0007ffffffffffff 38 0000000000001fff ffffffc000000000 0000000000001fff
0007ffffffffffff 39 0000000000000fff ffffff8000000000 0000000000000fff
0007ffffffffffff 40 00000000000007ff ffffff0000000000 00000000000007ff
0007ffffffffffff 41 00000000000003ff fffffe0000000000 00000000000003ff
0007ffffffffffff 42 00000000000001ff fffffc0000000000 00000000000001ff
0007ffffffffffff 43 00000000000000ff fffff80000000000 00000000000000ff
0007ffffffffffff 44 000000000000007f fffff00000000000 000000000000007f
0007ffffffffffff 45 000000000000003f ffffe00000000000 000000000000003f
0007ffffffffffff 46 000000000000001f ffffc00000000000 000000000000001f
0007ffffffffffff 47 000000000000000f ffff800000000000 000000000000000f
0007ffffffffffff 48 0000000000000007 ffff000000000000 0000000000000007
0007ffffffffffff 49 0000000000000003 fffe000000000000 0000000000000003
0007ffffffffffff 50 0000000000000001 fffc000000000000 0000000000000001
0007ffffffffffff 51 0000000000000000 fff8000000000000 0000000000000000
0007ffffffffffff 52 0000000000000000 fff0000000000000 0000000000000000
0007ffffffffffff 53 0000000000000000 ffe0000000000000 0000000000000000
0007ffffffffffff 54 0000000000000000 ffc0000000000000 0000000000000000
0007ffffffffffff 55 0000000000000000 ff80000000000000 0000000000000000
0007ffffffffffff 56 0000000000000000 ff00000000000000 0000000000000000
0007ffffffffffff 57 0000000000000000 fe00000000000000 0000000000000000
0007ffffffffffff 58 0000000000000000 fc00000000000000 0000000000000000
0007ffffffffffff 59 0000000000000000 f800000000000000 0000000000000000
0007ffffffffffff 60 0000000000000000 f000000000000000 0000000000000000
0007ffffffffffff 61 0000000000000000 e000000000000000 0000000000000000
0007ffffffffffff 62 0000000000000000 c000000000000000 0000000000000000
0007ffffffffffff 63 0000000000000000 8000000000000000 0000000000000000
0008000000000000 0 0008000000000000 0008000000000000 0008000000000000
0008000000000000 1 0004000000000000 0010000000000000 0004000000000000
0008000000000000 2 0002000000000000 0020000000000000 0002000000000000
0008000000000000 3 0001000000000000 0040000000000000 0001000000000000
0008000000000000 4 0000800000000000 0080000000000000 0000800000000000
0008000000000000 5 0000400000000000 0100000000000000 0000400000000000
0008000000000000 6 0000200000000000 0200000000000000 0000200000000000
0008000000000000 7 0000100000000000 0400000000000000 0000100000000000
0008000000000000 8 0000080000000000 0800000000000000 0000080000000000
0008000000000000 9 0000040000000000 1000000000000000 0000040000000000
0008000000000000 10 0000020000000000 2000000000000000 0000020000000000
0008000000000000 11 0000010000000000 4000000000000000 0000010000000000
0008000000000000 12 0000008000000000 8000000000000000 0000008000000000
0008000000000000 13 0000004000000000 0000000000000000 0000004000000000
0008000000000000 14 0000002000000000 0000000000000000 0000002000000000
0008000000000000 15 0000001000000000 0000000000000000 0000001000000000
0008000000000000 16 0000000800000000 0000000000000000 0000000800000000
0008000000000000 17 0000000400000000 0000000000000000 0000000400000000
0008000000000000 18 0000000200000000 0000000000000000 0000000200000000
0008000000000000 19 0000000100000000 0000000000000000 0000000100000000
0008000000000000 20 0000000080000000 0000000000000000 0000000080000000
0008000000000000 21 0000000040000000 0000000000000000 0000000040000000
0008000000000000 22 0000000020000000 0000000000000000 0000000020000000
0008000000000000 23 0000000010000000 0000000000000000 0000000010000000
0008000000000000 24 0000000008000000 0000000000000000 0000000008000000
0008000000000000 25 0000000004000000 0000000000000000 0000000004000000
0008000000000000 26 0000000002000000 0000000000000000 0000000002000000
0008000000000000 27 0000000001000000 0000000000000000 0000000001000000
0008000000000000 28 0000000000800000 0000000000000000 0000000000800000
0008000000000000 29 0000000000400000 0000000000000000 0000000000400000
0008000000000000 30 0000000000200000 0000000000000000 0000000000200000
0008000000000000 31 0000000000100000 0000000000000000 0000000000100000
0008000000000000 32 0000000000080000 0000000000000000 0000000000080000
0008000000000000 33 0000000000040000 0000000000000000 0000000000040000
0008000000000000 34 0000000000020000 0000000000000000 0000000000020000
0008000000000000 35 0000000000010000 0000000000000000 0000000000010000
0008000000000000 36 0000000000008000 0000000000000000 0000000000008000
0008000000000000 37 0000000000004000 0000000000000000 0000000000004000
0008000000000000 38 0000000000002000 0000000000000000 0000000000002000
0008000000000000 39 0000000000001000 0000000000000000 0000000000001000
0008000000000000 40 0000000000000800 0000000000000000 0000000000000800
0008000000000000 41 0000000000000400 0000000000000000 0000000000000400
0008000000000000 42 0000000000000200 0000000000000000 0000000000000200
0008000000000000 43 0000000000000100 0000000000000000 0000000000000100
0008000000000000 44 0000000000000080 0000000000000000 0000000000000080
0008000000000000 45 0000000000000040 0000000000000000 0000000000000040
0008000000000000 46 0000000000000020 0000000000000000 0000000000000020
0008000000000000 47 0000000000000010 0000000000000000 0000000000000010
0008000000000000 48 0000000000000008 0000000000000000 0000000000000008
0008000000000000 49 0000000000000004 0000000000000000 0000000000000004
0008000000000000 50 0000000000000002 0000000000000000 0000000000000002
0008000000000000 51 0000000000000001 0000000000000000 0000000000000001
0008000000000000 52 0000000000000000 0000000000000000 0000000000000000
0008000000000000 53 0000000000000000 0000000000000000 0000000000000000
0008000000000000 54 0000000000000000 0000000000000000 0000000000000000
0008000000000000 55 0000000000000000 0000000000000000 0000000000000000
0008000000000000 56 0000000000000000 0000000000000000 0000000000000000
0008000000000000 57 0000000000000000 0000000000000000 0000000000000000
0008000000000000 58 0000000000000000 0000000000000000 0000000000000000
0008000000000000 59 0000000000000000 0000000000000000 0000000000000000
0008000000000000 60 0000000000000000 0000000000000000 0000000000000000
0008000000000000 61 0000000000000000 0000000000000000 0000000000000000
0008000000000000 62 0000000000000000 0000000000000000 0000000000000000
0008000000000000 63 0000000000000000 0000000000000000 0000000000000000
000fffffffffffff 0 000fffffffffffff 000fffffffffffff 000fffffffffffff
000fffffffffffff 1 0007ffffffffffff 001ffffffffffffe 0007ffffffffffff
000fffffffffffff 2 0003ffffffffffff 003ffffffffffffc 0003ffffffffffff
000fffffffffffff 3 0001ffffffffffff 007ffffffffffff8 0001ffffffffffff
000fffffffffffff 4 0000ffffffffffff 00fffffffffffff0 0000ffffffffffff
000fffffffffffff 5 00007fffffffffff 01ffffffffffffe0 00007fffffffffff
000fffffffffffff 6 00003fffffffffff 03ffffffffffffc0 00003fffffffffff
000fffffffffffff 7 00001fffffffffff 07ffffffffffff80 00001fffffffffff
000fffffffffffff 8 00000fffffffffff 0fffffffffffff00 00000fffffffffff
000fffffffffffff 9 000007ffffffffff 1ffffffffffffe00 000007ffffffffff
000fffffffffffff 10 000003ffffffffff 3ffffffffffffc00 000003ffffffffff
000fffffffffffff 11 000001ffffffffff 7ffffffffffff800 000001ffffffffff
000fffffffffffff 12 000000ffffffffff fffffffffffff000 000000ffffffffff
000fffffffffffff 13 0000007fffffffff ffffffffffffe000 0000007fffffffff
000fffffffffffff 14 0000003fffffffff ffffffffffffc000 0000003fffffffff
000fffffffffffff 15 0000001fffffffff ffffffffffff8000 0000001fffffffff
000fffffffffffff 16 0000000fffffffff ffffffffffff0000 0000000fffffffff
000fffffffffffff 17 00000007ffffffff fffffffffffe0000 00000007ffffffff
000fffffffffffff 18 00000003ffffffff fffffffffffc0000 00000003ffffffff
000fffffffffffff 19 00000001ffffffff fffffffffff80000 00000001ffffffff
000fffffffffffff 20 00000000ffffffff fffffffffff00000 00000000ffffffff
000fffffffffffff 21 000000007fffffff ffffffffffe00000 000000007fffffff
000fffffffffffff 22 000000003fffffff ffffffffffc00000 000000003fffffff
000fffffffffffff 23 000000001fffffff ffffffffff800000 000000001fffffff
000fffffffffffff 24 000000000fffffff ffffffffff000000 000000000fffffff
000fffffffffffff 25 0000000007ffffff fffffffffe000000 0000000007ffffff
000fffffffffffff 26 0000000003ffffff fffffffffc000000 0000000003ffffff
000fffffffffffff 27 0000000001ffffff fffffffff8000000 0000000001ffffff
000fffffffffffff 28 0000000000ffffff fffffffff0000000 0000000000ffffff
000fffffffffffff 29 00000000007fffff ffffffffe0000000 00000000007fffff
000fffffffffffff 30 00000000003fffff ffffffffc0000000 00000000003fffff
000fffffffffffff 31 00000000001fffff ffffffff80000000 00000000001fffff
000fffffffffffff 32 00000000000fffff ffffffff00000000 00000000000fffff
000fffffffffffff 33 000000000007ffff fffffffe00000000 000000000007ffff
000fffffffffffff 34 000000000003ffff fffffffc00000000 000000000003ffff
000fffffffffffff 35 000000000001ffff fffffff800000000 000000000001ffff
000fffffffffffff 36 000000000000ffff fffffff000000000 000000000000ffff
000fffffffffffff 37 0000000000007fff ffffffe000000000 0000000000007fff
000fffffffffffff 38 0000000000003fff ffffffc000000000 0000000000003fff
000fffffffffffff 39 0000000000001fff ffffff8000000000 0000000000001fff
000fffffffffffff 40 0000000000000fff ffffff0000000000 0000000000000fff
000fffffffffffff 41 00000000000007ff fffffe0000000000 00000000000007ff
000fffffffffffff 42 00000000000003ff fffffc0000000000 00000000000003ff
000fffffffffffff 43 00000000000001ff fffff80000000000 00000000000001ff
000fffffffffffff 44 00000000000000ff fffff00000000000 00000000000000ff
000fffffffffffff 45 000000000000007f ffffe00000000000 000000000000007f
000fffffffffffff 46 000000000000003f ffffc00000000000 000000000000003f
000fffffffffffff 47 000000000000001f ffff800000000000 000000000000001f
000fffffffffffff 48 000000000000000f ffff000000000000 000000000000000f
000fffffffffffff 49 0000000000000007 fffe000000000000 0000000000000007
000fffffffffffff 50 0000000000000003 fffc000000000000 0000000000000003
000fffffffffffff 51 0000000000000001 fff8000000000000 0000000000000001
000fffffffffffff 52 0000000000000000 fff0000000000000 0000000000000000
000fffffffffffff 53 0000000000000000 ffe0000000000000 0000000000000000
000fffffffffffff 54 0000000000000000 ffc0000000000000 0000000000000000
000fffffffffffff 55 0000000000000000 ff80000000000000 0000000000000000
000fffffffffffff 56 0000000000000000 ff00000000000000 0000000000000000
000fffffffffffff 57 0000000000000000 fe00000000000000 0000000000000000
000fffffffffffff 58 0000000000000000 fc00000000000000 0000000000000000
000fffffffffffff 59 0000000000000000 f800000000000000 0000000000000000
000fffffffffffff 60 0000000000000000 f000000000000000 0000000000000000
000fffffffffffff 61 0000000000000000 e000000000000000 0000000000000000
000fffffffffffff 62 0000000000000000 c000000000000000 0000000000000000
000fffffffffffff 63 0000000000000000 8000000000000000 0000000000000000
0010000000000000 0 0010000000000000 0010000000000000 0010000000000000
0010000000000000 1 0008000000000000 0020000000000000 0008000000000000
0010000000000000 2 0004000000000000 0040000000000000 0004000000000000
0010000000000000 3 0002000000000000 0080000000000000 0002000000000000
0010000000000000 4 0001000000000000 0100000000000000 0001000000000000
0010000000000000 5 0000800000000000 0200000000000000 0000800000000000
0010000000000000 6 0000400000000000 0400000000000000 0000400000000000
0010000000000000 7 0000200000000000 0800000000000000 0000200000000000
0010000000000000 8 0000100000000000 1000000000000000 0000100000000000
0010000000000000 9 0000080000000000 2000000000000000 0000080000000000
0010000000000000 10 0000040000000000 4000000000000000 0000040000000000
0010000000000000 11 0000020000000000 8000000000000000 0000020000000000
0010000000000000 12 0000010000000000 0000000000000000 0000010000000000
0010000000000000 13 0000008000000000 0000000000000000 0000008000000000
0010000000000000 14 0000004000000000 0000000000000000 0000004000000000
0010000000000000 15 0000002000000000 0000000000000000 0000002000000000
0010000000000000 16 0000001000000000 0000000000000000 0000001000000000
0010000000000000 17 0000000800000000 0000000000000000 0000000800000000
0010000000000000 18 0000000400000000 0000000000000000 0000000400000000
0010000000000000 19 0000000200000000 0000000000000000 0000000200000000
0010000000000000 20 0000000100000000 0000000000000000 0000000100000000
0010000000000000 21 0000000080000000 0000000000000000 0000000080000000
0010000000000000 22 0000000040000000 0000000000000000 0000000040000000
0010000000000000 23 0000000020000000 0000000000000000 0000000020000000
0010000000000000 24 0000000010000000 0000000000000000 0000000010000000
0010000000000000 25 0000000008000000 0000000000000000 0000000008000000
0010000000000000 26 0000000004000000 0000000000000000 0000000004000000
0010000000000000 27 0000000002000000 0000000000000000 0000000002000000
0010000000000000 28 0000000001000000 0000000000000000 0000000001000000
0010000000000000 29 0000000000800000 0000000000000000 0000000000800000
0010000000000000 30 0000000000400000 0000000000000000 0000000000400000
0010000000000000 31 0000000000200000 0000000000000000 0000000000200000
0010000000000000 32 0000000000100000 0000000000000000 0000000000100000
0010000000000000 33 0000000000080000 0000000000000000 0000000000080000
0010000000000000 34 0000000000040000 0000000000000000 0000000000040000
0010000000000000 35 0000000000020000 0000000000000000 0000000000020000
0010000000000000 36 0000000000010000 0000000000000000 0000000000010000
0010000000000000 37 0000000000008000 0000000000000000 0000000000008000
0010000000000000 38 0000000000004000 0000000000000000 0000000000004000
0010000000000000 39 0000000000002000 0000000000000000 0000000000002000
0010000000000000 40 0000000000001000 0000000000000000 0000000000001000
0010000000000000 41 0000000000000800 0000000000000000 0000000000000800
0010000000000000 42 0000000000000400 0000000000000000 0000000000000400
0010000000000000 43 0000000000000200 0000000000000000 0000000000000200
0010000000000000 44 0000000000000100 0000000000000000 0000000000000100
0010000000000000 45 0000000000000080 0000000000000000 0000000000000080
0010000000000000 46 0000000000000040 0000000000000000 0000000000000040
0010000000000000 47 0000000000000020 0000000000000000 0000000000000020
0010000000000000 48 0000000000000010 0000000000000000 0000000000000010
0010000000000000 49 0000000000000008 0000000000000000 0000000000000008
0010000000000000 50 0000000000000004 0000000000000000 0000000000000004
0010000000000000 51 0000000000000002 0000000000000000 0000000000000002
0010000000000000 52 0000000000000001 0000000000000000 0000000000000001
0010000000000000 53 0000000000000000 0000000000000000 0000000000000000
0010000000000000 54 0000000000000000 0000000000000000 0000000000000000
0010000000000000 55 0000000000000000 0000000000000000 0000000000000000
0010000000000000 56 0000000000000000 0000000000000000 0000000000000000
0010000000000000 57 0000000000000000 0000000000000000 0000000000000000
0010000000000000 58 0000000000000000 0000000000000000 0000000000000000
0010000000000000 59 0000000000000000 0000000000000000 0000000000000000
0010000000000000 60 0000000000000000 0000000000000000 0000000000000000
0010000000000000 61 0000000000000000 0000000000000000 0000000000000000
0010000000000000 62 0000000000000000 0000000000000000 0000000000000000
0010000000000000 63 0000000000000000 0000000000000000 0000000000000000
001fffffffffffff 0 001fffffffffffff 001fffffffffffff 001fffffffffffff
001fffffffffffff 1 000fffffffffffff 003ffffffffffffe 000fffffffffffff
001fffffffffffff 2 0007ffffffffffff 007ffffffffffffc 0007ffffffffffff
001fffffffffffff 3 0003ffffffffffff 00fffffffffffff8 0003ffffffffffff
001fffffffffffff 4 0001ffffffffffff 01fffffffffffff0 0001ffffffffffff
001fffffffffffff 5 0000ffffffffffff 03ffffffffffffe0 0000ffffffffffff
001fffffffffffff 6 00007fffffffffff 07ffffffffffffc0 00007fffffffffff
001fffffffffffff 7 00003fffffffffff 0fffffffffffff80 00003fffffffffff
001fffffffffffff 8 00001fffffffffff 1fffffffffffff00 00001fffffffffff
001fffffffffffff 9 00000fffffffffff 3ffffffffffffe00 00000fffffffffff
001fffffffffffff 10 000007ffffffffff 7ffffffffffffc00 000007ffffffffff
001fffffffffffff 11 000003ffffffffff fffffffffffff800 000003ffffffffff
001fffffffffffff 12 000001ffffffffff fffffffffffff000 000001ffffffffff
001fffffffffffff 13 000000ffffffffff ffffffffffffe000 000000ffffffffff
001fffffffffffff 14 0000007fffffffff ffffffffffffc000 0000007fffffffff
001fffffffffffff 15 0000003fffffffff ffffffffffff8000 0000003fffffffff
001fffffffffffff 16 0000001fffffffff ffffffffffff0000 0000001fffffffff
001fffffffffffff 17 0000000fffffffff fffffffffffe0000 0000000fffffffff
001fffffffffffff 18 00000007ffffffff fffffffffffc0000 00000007ffffffff
001fffffffffffff 19 00000003ffffffff fffffffffff80000 00000003ffffffff
001fffffffffffff 20 00000001ffffffff fffffffffff00000 00000001ffffffff
001fffffffffffff 21 00000000ffffffff ffffffffffe00000 00000000ffffffff
001fffffffffffff 22 000000007fffffff ffffffffffc00000 000000007fffffff
001fffffffffffff 23 000000003fffffff ffffffffff800000 000000003fffffff
001fffffffffffff 24 000000001fffffff ffffffffff000000 000000001fffffff
001fffffffffffff 25 000000000fffffff fffffffffe000000 000000000fffffff
001fffffffffffff 26 0000000007ffffff fffffffffc000000 0000000007ffffff
001fffffffffffff 27 0000000003ffffff fffffffff8000000 0000000003ffffff
001fffffffffffff 28 0000000001ffffff fffffffff0000000 0000000001ffffff
001fffffffffffff 29 0000000000ffffff ffffffffe0000000 0000000000ffffff
001fffffffffffff 30 00000000007fffff ffffffffc0000000 00000000007fffff
001fffffffffffff 31 00000000003fffff ffffffff80000000 00000000003fffff
001fffffffffffff 32 00000000001fffff ffffffff00000000 00000000001fffff
001fffffffffffff 33 00000000000fffff fffffffe00000000 00000000000fffff
001fffffffffffff 34 000000000007ffff fffffffc00000000 000000000007ffff
001fffffffffffff 35 000000000003ffff fffffff800000000 000000000003ffff
001fffffffffffff 36 000000000001ffff fffffff000000000 000000000001ffff
001fffffffffffff 37 000000000000ffff ffffffe000000000 000000000000ffff
001fffffffffffff 38 0000000000007fff ffffffc000000000 0000000000007fff
001fffffffffffff 39 0000000000003fff ffffff8000000000 0000000000003fff
001fffffffffffff 40 0000000000001fff ffffff0000000000 0000000000001fff
001fffffffffffff 41 0000000000000fff fffffe0000000000 0000000000000fff
001fffffffffffff 42 00000000000007ff fffffc0000000000 00000000000007ff
001fffffffffffff 43 00000000000003ff fffff80000000000 00000000000003ff
001fffffffffffff 44 00000000000001ff fffff00000000000 00000000000001ff
001fffffffffffff 45 00000000000000ff ffffe00000000000 00000000000000ff
001fffffffffffff 46 000000000000007f ffffc00000000000 000000000000007f
001fffffffffffff 47 000000000000003f ffff800000000000 000000000000003f
001fffffffffffff 48 000000000000001f ffff000000000000 000000000000001f
001fffffffffffff 49 000000000000000f fffe000000000000 000000000000000f
001fffffffffffff 50 0000000000000007 fffc000000000000 0000000000000007
001fffffffffffff 51 0000000000000003 fff8000000000000 0000000000000003
001fffffffffffff 52 0000000000000001 fff0000000000000 0000000000000001
001fffffffffffff 53 0000000000000000 ffe0000000000000 0000000000000000
001fffffffffffff 54 0000000000000000 ffc0000000000000 0000000000000000
001fffffffffffff 55 0000000000000000 ff80000000000000 0000000000000000
001fffffffffffff 56 0000000000000000 ff00000000000000 0000000000000000
001fffffffffffff 57 0000000000000000 fe00000000000000 0000000000000000
001fffffffffffff 58 0000000000000000 fc00000000000000 0000000000000000
001fffffffffffff 59 0000000000000000 f800000000000000 0000000000000000
001fffffffffffff 60 0000000000000000 f000000000000000 0000000000000000
001fffffffffffff 61 0000000000000000 e000000000000000 0000000000000000
001fffffffffffff 62 0000000000000000 c000000000000000 0000000000000000
001fffffffffffff 63 0000000000000000 8000000000000000 0000000000000000
0020000000000000 0 0020000000000000 0020000000000000 0020000000000000
0020000000000000 1 0010000000000000 0040000000000000 0010000000000000
0020000000000000 2 0008000000000000 0080000000000000 0008000000000000
0020000000000000 3 0004000000000000 0100000000000000 0004000000000000
0020000000000000 4 0002000000000000 0200000000000000 0002000000000000
0020000000000000 5 0001000000000000 0400000000000000 0001000000000000
0020000000000000 6 0000800000000000 0800000000000000 0000800000000000
0020000000000000 7 0000400000000000 1000000000000000 0000400000000000
0020000000000000 8 0000200000000000 2000000000000000 0000200000000000
0020000000000000 9 0000100000000000 4000000000000000 0000100000000000
0020000000000000 10 0000080000000000 8000000000000000 0000080000000000
0020000000000000 11 0000040000000000 0000000000000000 0000040000000000
0020000000000000 12 0000020000000000 0000000000000000 0000020000000000
0020000000000000 13 0000010000000000 0000000000000000 0000010000000000
0020000000000000 14 0000008000000000 0000000000000000 0000008000000000
0020000000000000 15 0000004000000000 0000000000000000 0000004000000000
0020000000000000 16 0000002000000000 0000000000000000 0000002000000000
0020000000000000 17 0000001000000000 0000000000000000 0000001000000000
0020000000000000 18 0000000800000000 0000000000000000 0000000800000000
0020000000000000 19 0000000400000000 0000000000000000 0000000400000000
0020000000000000 20 0000000200000000 0000000000000000 0000000200000000
0020000000000000 21 0000000100000000 0000000000000000 0000000100000000
0020000000000000 22 0000000080000000 0000000000000000 0000000080000000
0020000000000000 23 0000000040000000 0000000000000000 0000000040000000
0020000000000000 24 0000000020000000 0000000000000000 0000000020000000
0020000000000000 25 0000000010000000 0000000000000000 0000000010000000
0020000000000000 26 0000000008000000 0000000000000000 0000000008000000
0020000000000000 27 0000000004000000 0000000000000000 0000000004000000
0020000000000000 28 0000000002000000 0000000000000000 0000000002000000
0020000000000000 29 0000000001000000 0000000000000000 0000000001000000
0020000000000000 30 0000000000800000 0000000000000000 0000000000800000
0020000000000000 31 0000000000400000 0000000000000000 0000000000400000
0020000000000000 32 0000000000200000 0000000000000000 0000000000200000
0020000000000000 33 0000000000100000 0000000000000000 0000000000100000
0020000000000000 34 0000000000080000 0000000000000000 0000000000080000
0020000000000000 35 0000000000040000 0000000000000000 0000000000040000
0020000000000000 36 0000000000020000 0000000000000000 0000000000020000
0020000000000000 37 0000000000010000 0000000000000000 0000000000010000
0020000000000000 38 0000000000008000 0000000000000000 0000000000008000
0020000000000000 39 0000000000004000 0000000000000000 0000000000004000
0020000000000000 40 0000000000002000 0000000000000000 0000000000002000
0020000000000000 41 0000000000001000 0000000000000000 0000000000001000
0020000000000000 42 0000000000000800 0000000000000000 0000000000000800
0020000000000000 43 0000000000000400 0000000000000000 0000000000000400
0020000000000000 44 0000000000000200 0000000000000000 0000000000000200
0020000000000000 45 0000000000000100 0000000000000000 0000000000000100
0020000000000000 46 0000000000000080 0000000000000000 0000000000000080
0020000000000000 47 0000000000000040 0000000000000000 0000000000000040
0020000000000000 48 0000000000000020 0000000000000000 0000000000000020
0020000000000000 49 0000000000000010 0000000000000000 0000000000000010
0020000000000000 50 0000000000000008 0000000000000000 0000000000000008
0020000000000000 51 0000000000000004 0000000000000000 0000000000000004
0020000000000000 52 0000000000000002 0000000000000000 0000000000000002
0020000000000000 53 0000000000000001 0000000000000000 0000000000000001
0020000000000000 54 0000000000000000 0000000000000000 0000000000000000
0020000000000000 55 0000000000000000 0000000000000000 0000000000000000
0020000000000000 56 0000000000000000 0000000000000000 0000000000000000
0020000000000000 57 0000000000000000 0000000000000000 0000000000000000
0020000000000000 58 0000000000000000 0000000000000000 0000000000000000
0020000000000000 59 0000000000000000 0000000000000000 0000000000000000
0020000000000000 60 0000000000000000 0000000000000000 0000000000000000
0020000000000000 61 0000000000000000 0000000000000000 0000000000000000
0020000000000000 62 0000000000000000 0000000000000000 0000000000000000
0020000000000000 63 0000000000000000 0000000000000000 0000000000000000
003fffffffffffff 0 003fffffffffffff 003fffffffffffff 003fffffffffffff
003fffffffffffff 1 001fffffffffffff 007ffffffffffffe 001fffffffffffff
003fffffffffffff 2 000fffffffffffff 00fffffffffffffc 000fffffffffffff
003fffffffffffff 3 0007ffffffffffff 01fffffffffffff8 0007ffffffffffff
003fffffffffffff 4 0003ffffffffffff 03fffffffffffff0 0003ffffffffffff
003fffffffffffff 5 0001ffffffffffff 07ffffffffffffe0 0001ffffffffffff
003fffffffffffff 6 0000ffffffffffff 0fffffffffffffc0 0000ffffffffffff
003fffffffffffff 7 00007fffffffffff 1fffffffffffff80 00007fffffffffff
003fffffffffffff 8 00003fffffffffff 3fffffffffffff00 00003fffffffffff
003fffffffffffff 9 00001fffffffffff 7ffffffffffffe00 00001fffffffffff
003fffffffffffff 10 00000fffffffffff fffffffffffffc00 00000fffffffffff
003fffffffffffff 11 000007ffffffffff fffffffffffff800 000007ffffffffff
003fffffffffffff 12 000003ffffffffff fffffffffffff000 000003ffffffffff
003fffffffffffff 13 000001ffffffffff ffffffffffffe000 000001ffffffffff
003fffffffffffff 14 000000ffffffffff ffffffffffffc000 000000ffffffffff
003fffffffffffff 15 0000007fffffffff ffffffffffff8000 0000007fffffffff
003fffffffffffff 16 0000003fffffffff ffffffffffff0000 0000003fffffffff
003fffffffffffff 17 0000001fffffffff fffffffffffe0000 0000001fffffffff
003fffffffffffff 18 0000000fffffffff fffffffffffc0000 0000000fffffffff
003fffffffffffff 19 00000007ffffffff fffffffffff80000 00000007ffffffff
003fffffffffffff 20 00000003ffffffff fffffffffff00000 00000003ffffffff
003fffffffffffff 21 00000001ffffffff ffffffffffe00000 00000001ffffffff
003fffffffffffff 22 00000000ffffffff ffffffffffc00000 00000000ffffffff
003fffffffffffff 23 000000007fffffff ffffffffff800000 000000007fffffff
003fffffffffffff 24 000000003fffffff ffffffffff000000 000000003fffffff
003fffffffffffff 25 000000001fffffff fffffffffe000000 000000001fffffff
003fffffffffffff 26 000000000fffffff fffffffffc000000 000000000fffffff
003fffffffffffff 27 0000000007ffffff fffffffff8000000 0000000007ffffff
003fffffffffffff 28 0000000003ffffff fffffffff0000000 0000000003ffffff
003fffffffffffff 29 0000000001ffffff ffffffffe0000000 0000000001ffffff
003fffffffffffff 30 0000000000ffffff ffffffffc0000000 0000000000ffffff
003fffffffffffff 31 00000000007fffff ffffffff80000000 00000000007fffff
003fffffffffffff 32 00000000003fffff ffffffff00000000 00000000003fffff
003fffffffffffff 33 00000000001fffff fffffffe00000000 00000000001fffff
003fffffffffffff 34 00000000000fffff fffffffc00000000 00000000000fffff
003fffffffffffff 35 000000000007ffff fffffff800000000 000000000007ffff
003fffffffffffff 36 000000000003ffff fffffff000000000 000000000003ffff
003fffffffffffff 37 000000000001ffff ffffffe000000000 000000000001ffff
003fffffffffffff 38 000000000000ffff ffffffc000000000 000000000000ffff
003fffffffffffff 39 0000000000007fff ffffff8000000000 0000000000007fff
003fffffffffffff 40 0000000000003fff ffffff0000000000 0000000000003fff
003fffffffffffff 41 0000000000001fff fffffe0000000000 0000000000001fff
003fffffffffffff 42 0000000000000fff fffffc0000000000 0000000000000fff
003fffffffffffff 43 00000000000007ff fffff80000000000 00000000000007ff
003fffffffffffff 44 00000000000003ff fffff00000000000 00000000000003ff
003fffffffffffff 45 00000000000001ff ffffe00000000000 00000000000001ff
003fffffffffffff 46 00000000000000ff ffffc00000000000 00000000000000ff
003fffffffffffff 47 000000000000007f ffff800000000000 000000000000007f
003fffffffffffff 48 000000000000003f ffff000000000000 000000000000003f
003fffffffffffff 49 000000000000001f fffe000000000000 000000000000001f
003fffffffffffff 50 000000000000000f fffc000000000000 000000000000000f
003fffffffffffff 51 0000000000000007 fff8000000000000 0000000000000007
003fffffffffffff 52 0000000000000003 fff0000000000000 0000000000000003
003fffffffffffff 53 0000000000000001 ffe0000000000000 0000000000000001
003fffffffffffff 54 0000000000000000 ffc0000000000000 0000000000000000
003fffffffffffff 55 0000000000000000 ff80000000000000 0000000000000000
003fffffffffffff 56 0000000000000000 ff00000000000000 0000000000000000
003fffffffffffff 57 0000000000000000 fe00000000000000 0000000000000000
003fffffffffffff 58 0000000000000000 fc00000000000000 0000000000000000
003fffffffffffff 59 0000000000000000 f800000000000000 0000000000000000
003fffffffffffff 60 0000000000000000 f000000000000000 0000000000000000
003fffffffffffff 61 0000000000000000 e000000000000000 0000000000000000
003fffffffffffff 62 0000000000000000 c000000000000000 0000000000000000
003fffffffffffff 63 0000000000000000 8000000000000000 0000000000000000
0040000000000000 0 0040000000000000 0040000000000000 0040000000000000
0040000000000000 1 0020000000000000 0080000000000000 0020000000000000
0040000000000000 2 0010000000000000 0100000000000000 0010000000000000
0040000000000000 3 0008000000000000 0200000000000000 0008000000000000
0040000000000000 4 0004000000000000 0400000000000000 0004000000000000
0040000000000000 5 0002000000000000 0800000000000000 0002000000000000
0040000000000000 6 0001000000000000 1000000000000000 0001000000000000
0040000000000000 7 0000800000000000 2000000000000000 0000800000000000
0040000000000000 8 0000400000000000 4000000000000000 0000400000000000
0040000000000000 9 0000200000000000 8000000000000000 0000200000000000
0040000000000000 10 0000100000000000 0000000000000000 0000100000000000
0040000000000000 11 0000080000000000 0000000000000000 0000080000000000
0040000000000000 12 0000040000000000 0000000000000000 0000040000000000
0040000000000000 13 0000020000000000 0000000000000000 0000020000000000
0040000000000000 14 0000010000000000 0000000000000000 0000010000000000
0040000000000000 15 0000008000000000 0000000000000000 0000008000000000
0040000000000000 16 0000004000000000 0000000000000000 0000004000000000
0040000000000000 17 0000002000000000 0000000000000000 0000002000000000
0040000000000000 18 0000001000000000 0000000000000000 0000001000000000
0040000000000000 19 0000000800000000 0000000000000000 0000000800000000
0040000000000000 20 0000000400000000 0000000000000000 0000000400000000
0040000000000000 21 0000000200000000 0000000000000000 0000000200000000
0040000000000000 22 0000000100000000 0000000000000000 0000000100000000
0040000000000000 23 0000000080000000 0000000000000000 0000000080000000
0040000000000000 24 0000000040000000 0000000000000000 0000000040000000
0040000000000000 25 0000000020000000 0000000000000000 0000000020000000
0040000000000000 26 0000000010000000 0000000000000000 0000000010000000
0040000000000000 27 0000000008000000 0000000000000000 0000000008000000
0040000000000000 28 0000000004000000 0000000000000000 0000000004000000
0040000000000000 29 0000000002000000 0000000000000000 0000000002000000
0040000000000000 30 0000000001000000 0000000000000000 0000000001000000
0040000000000000 31 0000000000800000 0000000000000000 0000000000800000
0040000000000000 32 0000000000400000 0000000000000000 0000000000400000
0040000000000000 33 0000000000200000 0000000000000000 0000000000200000
0040000000000000 34 0000000000100000 0000000000000000 0000000000100000
0040000000000000 35 0000000000080000 0000000000000000 0000000000080000
0040000000000000 36 0000000000040000 0000000000000000 0000000000040000
0040000000000000 37 0000000000020000 0000000000000000 0000000000020000
0040000000000000 38 0000000000010000 0000000000000000 0000000000010000
0040000000000000 39 0000000000008000 0000000000000000 0000000000008000
0040000000000000 40 0000000000004000 0000000000000000 0000000000004000
0040000000000000 41 0000000000002000 0000000000000000 0000000000002000
0040000000000000 42 0000000000001000 0000000000000000 0000000000001000
0040000000000000 43 0000000000000800 0000000000000000 0000000000000800
0040000000000000 44 0000000000000400 0000000000000000 0000000000000400
0040000000000000 45 0000000000000200 0000000000000000 0000000000000200
0040000000000000 46 0000000000000100 0000000000000000 0000000000000100
0040000000000000 47 0000000000000080 0000000000000000 0000000000000080
0040000000000000 48 0000000000000040 0000000000000000 0000000000000040
0040000000000000 49 0000000000000020 0000000000000000 0000000000000020
0040000000000000 50 0000000000000010 0000000000000000 0000000000000010
0040000000000000 51 0000000000000008 0000000000000000 0000000000000008
0040000000000000 52 0000000000000004 0000000000000000 0000000000000004
0040000000000000 53 0000000000000002 0000000000000000 0000000000000002
0040000000000000 54 0000000000000001 0000000000000000 0000000000000001
0040000000000000 55 0000000000000000 0000000000000000 0000000000000000
0040000000000000 56 0000000000000000 0000000000000000 0000000000000000
0040000000000000 57 0000000000000000 0000000000000000 0000000000000000
0040000000000000 58 0000000000000000 0000000000000000 0000000000000000
0040000000000000 59 0000000000000000 0000000000000000 0000000000000000
0040000000000000 60 0000000000000000 0000000000000000 0000000000000000
0040000000000000 61 0000000000000000 0000000000000000 0000000000000000
0040000000000000 62 0000000000000000 0000000000000000 0000000000000000
0040000000000000 63 0000000000000000 0000000000000000 0000000000000000
007fffffffffffff 0 007fffffffffffff 007fffffffffffff 007fffffffffffff
007fffffffffffff 1 003fffffffffffff 00fffffffffffffe 003fffffffffffff
007fffffffffffff 2 001fffffffffffff 01fffffffffffffc 001fffffffffffff
007fffffffffffff 3 000fffffffffffff 03fffffffffffff8 000fffffffffffff
007fffffffffffff 4 0007ffffffffffff 07fffffffffffff0 0007ffffffffffff
007fffffffffffff 5 0003ffffffffffff 0fffffffffffffe0 0003ffffffffffff
007fffffffffffff 6 0001ffffffffffff 1fffffffffffffc0 0001ffffffffffff
007fffffffffffff 7 0000ffffffffffff 3fffffffffffff80 0000ffffffffffff
007fffffffffffff 8 00007fffffffffff 7fffffffffffff00 00007fffffffffff
007fffffffffffff 9 00003fffffffffff fffffffffffffe00 00003fffffffffff
007fffffffffffff 10 00001fffffffffff fffffffffffffc00 00001fffffffffff
007fffffffffffff 11 00000fffffffffff fffffffffffff800 00000fffffffffff
007fffffffffffff 12 000007ffffffffff fffffffffffff000 000007ffffffffff
007fffffffffffff 13 000003ffffffffff ffffffffffffe000 000003ffffffffff
007fffffffffffff 14 000001ffffffffff ffffffffffffc000 000001ffffffffff
007fffffffffffff 15 000000ffffffffff ffffffffffff8000 000000ffffffffff
007fffffffffffff 16 0000007fffffffff ffffffffffff0000 0000007fffffffff
007fffffffffffff 17 0000003fffffffff fffffffffffe0000 0000003fffffffff
007fffffffffffff 18 0000001fffffffff fffffffffffc0000 0000001fffffffff
007fffffffffffff 19 0000000fffffffff fffffffffff80000 0000000fffffffff
007fffffffffffff 20 00000007ffffffff fffffffffff00000 00000007ffffffff
007fffffffffffff 21 00000003ffffffff ffffffffffe00000 00000003ffffffff
007fffffffffffff 22 00000001ffffffff ffffffffffc00000 00000001ffffffff
007fffffffffffff 23 00000000ffffffff ffffffffff800000 00000000ffffffff
007fffffffffffff 24 000000007fffffff ffffffffff000000 000000007fffffff
007fffffffffffff 25 000000003fffffff fffffffffe000000 000000003fffffff
007fffffffffffff 26 000000001fffffff fffffffffc000000 000000001fffffff
007fffffffffffff 27 000000000fffffff fffffffff8000000 000000000fffffff
007fffffffffffff 28 0000000007ffffff fffffffff0000000 0000000007ffffff
007fffffffffffff 29 0000000003ffffff ffffffffe0000000 0000000003ffffff
007fffffffffffff 30 0000000001ffffff ffffffffc0000000 0000000001ffffff
007fffffffffffff 31 0000000000ffffff ffffffff80000000 0000000000ffffff
007fffffffffffff 32 00000000007fffff ffffffff00000000 00000000007fffff
007fffffffffffff 33 00000000003fffff fffffffe00000000 00000000003fffff
007fffffffffffff 34 00000000001fffff fffffffc00000000 00000000001fffff
007fffffffffffff 35 00000000000fffff fffffff800000000 00000000000fffff
007fffffffffffff 36 000000000007ffff fffffff000000000 000000000007ffff
007fffffffffffff 37 000000000003ffff ffffffe000000000 000000000003ffff
007fffffffffffff 38 000000000001ffff ffffffc000000000 000000000001ffff
007fffffffffffff 39 000000000000ffff ffffff8000000000 000000000000ffff
007fffffffffffff 40 0000000000007fff ffffff0000000000 0000000000007fff
007fffffffffffff 41 0000000000003fff fffffe0000000000 0000000000003fff
007fffffffffffff 42 0000000000001fff fffffc0000000000 0000000000001fff
007fffffffffffff 43 0000000000000fff fffff80000000000 0000000000000fff
007fffffffffffff 44 00000000000007ff fffff00000000000 00000000000007ff
007fffffffffffff 45 00000000000003ff ffffe00000000000 00000000000003ff
007fffffffffffff 46 00000000000001ff ffffc00000000000 00000000000001ff
007fffffffffffff 47 00000000000000ff ffff800000000000 00000000000000ff
007fffffffffffff 48 000000000000007f ffff000000000000 000000000000007f
007fffffffffffff 49 000000000000003f fffe000000000000 000000000000003f
007fffffffffffff 50 000000000000001f fffc000000000000 000000000000001f
007fffffffffffff 51 000000000000000f fff8000000000000 000000000000000f
007fffffffffffff 52 0000000000000007 fff0000000000000 0000000000000007
007fffffffffffff 53 0000000000000003 ffe0000000000000 0000000000000003
007fffffffffffff 54 0000000000000001 ffc0000000000000 0000000000000001
007fffffffffffff 55 0000000000000000 ff80000000000000 0000000000000000
007fffffffffffff 56 0000000000000000 ff00000000000000 0000000000000000
007fffffffffffff 57 0000000000000000 fe00000000000000 0000000000000000
007fffffffffffff 58 0000000000000000 fc00000000000000 0000000000000000
007fffffffffffff 59 0000000000000000 f800000000000000 0000000000000000
007fffffffffffff 60 0000000000000000 f000000000000000 0000000000000000
007fffffffffffff 61 0000000000000000 e000000000000000 0000000000000000
007fffffffffffff 62 0000000000000000 c000000000000000 0000000000000000
007fffffffffffff 63 0000000000000000 8000000000000000 0000000000000000
0080000000000000 0 0080000000000000 0080000000000000 0080000000000000
0080000000000000 1 0040000000000000 0100000000000000 0040000000000000
0080000000000000 2 0020000000000000 0200000000000000 0020000000000000
0080000000000000 3 0010000000000000 0400000000000000 0010000000000000
0080000000000000 4 0008000000000000 0800000000000000 0008000000000000
0080000000000000 5 0004000000000000 1000000000000000 0004000000000000
0080000000000000 6 0002000000000000 2000000000000000 0002000000000000
0080000000000000 7 0001000000000000 4000000000000000 0001000000000000
0080000000000000 8 0000800000000000 8000000000000000 0000800000000000
0080000000000000 9 0000400000000000 0000000000000000 0000400000000000
0080000000000000 10 0000200000000000 0000000000000000 0000200000000000
0080000000000000 11 0000100000000000 0000000000000000 0000100000000000
0080000000000000 12 0000080000000000 0000000000000000 0000080000000000
0080000000000000 13 0000040000000000 0000000000000000 0000040000000000
0080000000000000 14 0000020000000000 0000000000000000 0000020000000000
0080000000000000 15 0000010000000000 0000000000000000 0000010000000000
0080000000000000 16 0000008000000000 0000000000000000 0000008000000000
0080000000000000 17 0000004000000000 0000000000000000 0000004000000000
0080000000000000 18 0000002000000000 0000000000000000 0000002000000000
0080000000000000 19 0000001000000000 0000000000000000 0000001000000000
0080000000000000 20 0000000800000000 0000000000000000 0000000800000000
0080000000000000 21 0000000400000000 0000000000000000 0000000400000000
0080000000000000 22 0000000200000000 0000000000000000 0000000200000000
0080000000000000 23 0000000100000000 0000000000000000 0000000100000000
0080000000000000 24 0000000080000000 0000000000000000 0000000080000000
0080000000000000 25 0000000040000000 0000000000000000 0000000040000000
0080000000000000 26 0000000020000000 0000000000000000 0000000020000000
0080000000000000 27 0000000010000000 0000000000000000 0000000010000000
0080000000000000 28 0000000008000000 0000000000000000 0000000008000000
0080000000000000 29 0000000004000000 0000000000000000 0000000004000000
0080000000000000 30 0000000002000000 0000000000000000 0000000002000000
0080000000000000 31 0000000001000000 0000000000000000 0000000001000000
0080000000000000 32 0000000000800000 0000000000000000 0000000000800000
0080000000000000 33 0000000000400000 0000000000000000 0000000000400000
0080000000000000 34 0000000000200000 0000000000000000 0000000000200000
0080000000000000 35 0000000000100000 0000000000000000 0000000000100000
0080000000000000 36 0000000000080000 0000000000000000 0000000000080000
0080000000000000 37 0000000000040000 0000000000000000 0000000000040000
0080000000000000 38 0000000000020000 0000000000000000 0000000000020000
0080000000000000 39 0000000000010000 0000000000000000 0000000000010000
0080000000000000 40 0000000000008000 0000000000000000 0000000000008000
0080000000000000 41 0000000000004000 0000000000000000 0000000000004000
0080000000000000 42 0000000000002000 0000000000000000 0000000000002000
0080000000000000 43 0000000000001000 0000000000000000 0000000000001000
0080000000000000 44 0000000000000800 0000000000000000 0000000000000800
0080000000000000 45 0000000000000400 0000000000000000 0000000000000400
0080000000000000 46 0000000000000200 0000000000000000 0000000000000200
0080000000000000 47 0000000000000100 0000000000000000 0000000000000100
0080000000000000 48 0000000000000080 0000000000000000 0000000000000080
0080000000000000 49 0000000000000040 0000000000000000 0000000000000040
0080000000000000 50 0000000000000020 0000000000000000 0000000000000020
0080000000000000 51 0000000000000010 0000000000000000 0000000000000010
0080000000000000 52 0000000000000008 0000000000000000 0000000000000008
0080000000000000 53 0000000000000004 0000000000000000 0000000000000004
0080000000000000 54 0000000000000002 0000000000000000 0000000000000002
0080000000000000 55 0000000000000001 0000000000000000 0000000000000001
0080000000000000 56 0000000000000000 0000000000000000 0000000000000000
0080000000000000 57 0000000000000000 0000000000000000 0000000000000000
0080000000000000 58 0000000000000000 0000000000000000 0000000000000000
0080000000000000 59 0000000000000000 0000000000000000 0000000000000000
0080000000000000 60 0000000000000000 0000000000000000 0000000000000000
0080000000000000 61 0000000000000000 0000000000000000 0000000000000000
0080000000000000 62 0000000000000000 0000000000000000 0000000000000000
0080000000000000 63 0000000000000000 0000000000000000 0000000000000000
00ffffffffffffff 0 00ffffffffffffff 00ffffffffffffff 00ffffffffffffff
00ffffffffffffff 1 007fffffffffffff 01fffffffffffffe 007fffffffffffff
00ffffffffffffff 2 003fffffffffffff 03fffffffffffffc 003fffffffffffff
00ffffffffffffff 3 001fffffffffffff 07fffffffffffff8 001fffffffffffff
00ffffffffffffff 4 000fffffffffffff 0ffffffffffffff0 000fffffffffffff
00ffffffffffffff 5 0007ffffffffffff 1fffffffffffffe0 0007ffffffffffff
00ffffffffffffff 6 0003ffffffffffff 3fffffffffffffc0 0003ffffffffffff
00ffffffffffffff 7 0001ffffffffffff 7fffffffffffff80 0001ffffffffffff
00ffffffffffffff 8 0000ffffffffffff ffffffffffffff00 0000ffffffffffff
00ffffffffffffff 9 00007fffffffffff fffffffffffffe00 00007fffffffffff
00ffffffffffffff 10 00003fffffffffff fffffffffffffc00 00003fffffffffff
00ffffffffffffff 11 00001fffffffffff fffffffffffff800 00001fffffffffff
00ffffffffffffff 12 00000fffffffffff fffffffffffff000 00000fffffffffff
00ffffffffffffff 13 000007ffffffffff ffffffffffffe000 000007ffffffffff
00ffffffffffffff 14 000003ffffffffff ffffffffffffc000 000003ffffffffff
00ffffffffffffff 15 000001ffffffffff ffffffffffff8000 000001ffffffffff
00ffffffffffffff 16 000000ffffffffff ffffffffffff0000 000000ffffffffff
00ffffffffffffff 17 0000007fffffffff fffffffffffe0000 0000007fffffffff
00ffffffffffffff 18 0000003fffffffff fffffffffffc0000 0000003fffffffff
00ffffffffffffff 19 0000001fffffffff fffffffffff80000 0000001fffffffff
00ffffffffffffff 20 0000000fffffffff fffffffffff00000 0000000fffffffff
00ffffffffffffff 21 00000007ffffffff ffffffffffe00000 00000007ffffffff
00ffffffffffffff 22 00000003ffffffff ffffffffffc00000 00000003ffffffff
00ffffffffffffff 23 00000001ffffffff ffffffffff800000 00000001ffffffff
00ffffffffffffff 24 00000000ffffffff ffffffffff000000 00000000ffffffff
00ffffffffffffff 25 000000007fffffff fffffffffe000000 000000007fffffff
00ffffffffffffff 26 000000003fffffff fffffffffc000000 000000003fffffff
00ffffffffffffff 27 000000001fffffff fffffffff8000000 000000001fffffff
00ffffffffffffff 28 000000000fffffff fffffffff0000000 000000000fffffff
00ffffffffffffff 29 0000000007ffffff ffffffffe0000000 0000000007ffffff
00ffffffffffffff 30 0000000003ffffff ffffffffc0000000 0000000003ffffff
00ffffffffffffff 31 0000000001ffffff ffffffff80000000 0000000001ffffff
00ffffffffffffff 32 0000000000ffffff ffffffff00000000 0000000000ffffff
00ffffffffffffff 33 00000000007fffff fffffffe00000000 00000000007fffff
00ffffffffffffff 34 00000000003fffff fffffffc00000000 00000000003fffff
00ffffffffffffff 35 00000000001fffff fffffff800000000 00000000001fffff
00ffffffffffffff 36 00000000000fffff fffffff000000000 00000000000fffff
00ffffffffffffff 37 000000000007ffff ffffffe000000000 000000000007ffff
00ffffffffffffff 38 000000000003ffff ffffffc000000000 000000000003ffff
00ffffffffffffff 39 000000000001ffff ffffff8000000000 000000000001ffff
00ffffffffffffff 40 000000000000ffff ffffff0000000000 000000000000ffff
00ffffffffffffff 41 0000000000007fff fffffe0000000000 0000000000007fff
00ffffffffffffff 42 0000000000003fff fffffc0000000000 0000000000003fff
00ffffffffffffff 43 0000000000001fff fffff80000000000 0000000000001fff
00ffffffffffffff 44 0000000000000fff fffff00000000000 0000000000000fff
00ffffffffffffff 45 00000000000007ff ffffe00000000000 00000000000007ff
00ffffffffffffff 46 00000000000003ff ffffc00000000000 00000000000003ff
00ffffffffffffff 47 00000000000001ff ffff800000000000 00000000000001ff
00ffffffffffffff 48 00000000000000ff ffff000000000000 00000000000000ff
00ffffffffffffff 49 000000000000007f fffe000000000000 000000000000007f
00ffffffffffffff 50 000000000000003f fffc000000000000 000000000000003f
00ffffffffffffff 51 000000000000001f fff8000000000000 000000000000001f
00ffffffffffffff 52 000000000000000f fff0000000000000 000000000000000f
00ffffffffffffff 53 0000000000000007 ffe0000000000000 0000000000000007
00ffffffffffffff 54 0000000000000003 ffc0000000000000 0000000000000003
00ffffffffffffff 55 0000000000000001 ff80000000000000 0000000000000001
00ffffffffffffff 56 0000000000000000 ff00000000000000 0000000000000000
00ffffffffffffff 57 0000000000000000 fe00000000000000 0000000000000000
00ffffffffffffff 58 0000000000000000 fc00000000000000 0000000000000000
00ffffffffffffff 59 0000000000000000 f800000000000000 0000000000000000
00ffffffffffffff 60 0000000000000000 f000000000000000 0000000000000000
00ffffffffffffff 61 0000000000000000 e000000000000000 0000000000000000
00ffffffffffffff 62 0000000000000000 c000000000000000 0000000000000000
00ffffffffffffff 63 0000000000000000 8000000000000000 0000000000000000
0100000000000000 0 0100000000000000 0100000000000000 0100000000000000
0100000000000000 1 0080000000000000 0200000000000000 0080000000000000
0100000000000000 2 0040000000000000 0400000000000000 0040000000000000
0100000000000000 3 0020000000000000 0800000000000000 0020000000000000
0100000000000000 4 0010000000000000 1000000000000000 0010000000000000
0100000000000000 5 0008000000000000 2000000000000000 0008000000000000
0100000000000000 6 0004000000000000 4000000000000000 0004000000000000
0100000000000000 7 0002000000000000 8000000000000000 0002000000000000
0100000000000000 8 0001000000000000 0000000000000000 0001000000000000
0100000000000000 9 0000800000000000 0000000000000000 0000800000000000
0100000000000000 10 0000400000000000 0000000000000000 0000400000000000
0100000000000000 11 0000200000000000 0000000000000000 0000200000000000
0100000000000000 12 0000100000000000 0000000000000000 0000100000000000
0100000000000000 13 0000080000000000 0000000000000000 0000080000000000
0100000000000000 14 0000040000000000 0000000000000000 0000040000000000
0100000000000000 15 0000020000000000 0000000000000000 0000020000000000
0100000000000000 16 0000010000000000 0000000000000000 0000010000000000
0100000000000000 17 0000008000000000 0000000000000000 0000008000000000
0100000000000000 18 0000004000000000 0000000000000000 0000004000000000
0100000000000000 19 0000002000000000 0000000000000000 0000002000000000
0100000000000000 20 0000001000000000 0000000000000000 0000001000000000
0100000000000000 21 0000000800000000 0000000000000000 0000000800000000
0100000000000000 22 0000000400000000 0000000000000000 0000000400000000
0100000000000000 23 0000000200000000 0000000000000000 0000000200000000
0100000000000000 24 0000000100000000 0000000000000000 0000000100000000
0100000000000000 25 0000000080000000 0000000000000000 0000000080000000
0100000000000000 26 0000000040000000 0000000000000000 0000000040000000
0100000000000000 27 0000000020000000 0000000000000000 0000000020000000
0100000000000000 28 0000000010000000 0000000000000000 0000000010000000
0100000000000000 29 0000000008000000 0000000000000000 0000000008000000
0100000000000000 30 0000000004000000 0000000000000000 0000000004000000
0100000000000000 31 0000000002000000 0000000000000000 0000000002000000
0100000000000000 32 0000000001000000 0000000000000000 0000000001000000
0100000000000000 33 0000000000800000 0000000000000000 0000000000800000
0100000000000000 34 0000000000400000 0000000000000000 0000000000400000
0100000000000000 35 0000000000200000 0000000000000000 0000000000200000
0100000000000000 36 0000000000100000 0000000000000000 0000000000100000
0100000000000000 37 0000000000080000 0000000000000000 0000000000080000
0100000000000000 38 0000000000040000 0000000000000000 0000000000040000
0100000000000000 39 0000000000020000 0000000000000000 0000000000020000
0100000000000000 40 0000000000010000 0000000000000000 0000000000010000
0100000000000000 41 0000000000008000 0000000000000000 0000000000008000
0100000000000000 42 0000000000004000 0000000000000000 0000000000004000
0100000000000000 43 0000000000002000 0000000000000000 0000000000002000
0100000000000000 44 0000000000001000 0000000000000000 0000000000001000
0100000000000000 45 0000000000000800 0000000000000000 0000000000000800
0100000000000000 46 0000000000000400 0000000000000000 0000000000000400
0100000000000000 47 0000000000000200 0000000000000000 0000000000000200
0100000000000000 48 0000000000000100 0000000000000000 0000000000000100
0100000000000000 49 0000000000000080 0000000000000000 0000000000000080
0100000000000000 50 0000000000000040 0000000000000000 0000000000000040
0100000000000000 51 0000000000000020 0000000000000000 0000000000000020
0100000000000000 52 0000000000000010 0000000000000000 0000000000000010
0100000000000000 53 0000000000000008 0000000000000000 0000000000000008
0100000000000000 54 0000000000000004 0000000000000000 0000000000000004
0100000000000000 55 0000000000000002 0000000000000000 0000000000000002
0100000000000000 56 0000000000000001 0000000000000000 0000000000000001
0100000000000000 57 0000000000000000 0000000000000000 0000000000000000
0100000000000000 58 0000000000000000 0000000000000000 0000000000000000
0100000000000000 59 0000000000000000 0000000000000000 0000000000000000
0100000000000000 60 0000000000000000 0000000000000000 0000000000000000
0100000000000000 61 0000000000000000 0000000000000000 0000000000000000
0100000000000000 62 0000000000000000 0000000000000000 0000000000000000
0100000000000000 63 0000000000000000 0000000000000000 0000000000000000
0123456789abcdef 0 0123456789abcdef 0123456789abcdef 0123456789abcdef
0123456789abcdef 1 0091a2b3c4d5e6f7 02468acf13579bde 0091a2b3c4d5e6f7
0123456789abcdef 2 0048d159e26af37b 048d159e26af37bc 0048d159e26af37b
0123456789abcdef 3 002468acf13579bd 091a2b3c4d5e6f78 002468acf13579bd
0123456789abcdef 4 00123456789abcde 123456789abcdef0 00123456789abcde
0123456789abcdef 5 00091a2b3c4d5e6f 2468acf13579bde0 00091a2b3c4d5e6f
0123456789abcdef 6 00048d159e26af37 48d159e26af37bc0 00048d159e26af37
0123456789abcdef 7 0002468acf13579b 91a2b3c4d5e6f780 0002468acf13579b
0123456789abcdef 8 000123456789abcd 23456789abcdef00 000123456789abcd
0123456789abcdef 9 000091a2b3c4d5e6 468acf13579bde00 000091a2b3c4d5e6
0123456789abcdef 10 000048d159e26af3 8d159e26af37bc00 000048d159e26af3
0123456789abcdef 11 00002468acf13579 1a2b3c4d5e6f7800 00002468acf13579
0123456789abcdef 12 0000123456789abc 3456789abcdef000 0000123456789abc
0123456789abcdef 13 0000091a2b3c4d5e 68acf13579bde000 0000091a2b3c4d5e
0123456789abcdef 14 0000048d159e26af d159e26af37bc000 0000048d159e26af
0123456789abcdef 15 000002468acf1357 a2b3c4d5e6f78000 000002468acf1357
0123456789abcdef 16 00000123456789ab 456789abcdef0000 00000123456789ab
0123456789abcdef 17 00000091a2b3c4d5 8acf13579bde0000 00000091a2b3c4d5
0123456789abcdef 18 00000048d159e26a 159e26af37bc0000 00000048d159e26a
0123456789abcdef 19 0000002468acf135 2b3c4d5e6f780000 0000002468acf135
0123456789abcdef 20 000000123456789a 56789abcdef00000 000000123456789a
0123456789abcdef 21 000000091a2b3c4d acf13579bde00000 000000091a2b3c4d
0123456789abcdef 22 000000048d159e26 59e26af37bc00000 000000048d159e26
0123456789abcdef 23 00000002468acf13 b3c4d5e6f7800000 00000002468acf13
0123456789abcdef 24 0000000123456789 6789abcdef000000 0000000123456789
0123456789abcdef 25 0000000091a2b3c4 cf13579bde000000 0000000091a2b3c4
0123456789abcdef 26 0000000048d159e2 9e26af37bc000000 0000000048d159e2
0123456789abcdef 27 000000002468acf1 3c4d5e6f78000000 000000002468acf1
0123456789abcdef 28 0000000012345678 789abcdef0000000 0000000012345678
0123456789abcdef 29 00000000091a2b3c f13579bde0000000 00000000091a2b3c
0123456789abcdef 30 00000000048d159e e26af37bc0000000 00000000048d159e
0123456789abcdef 31 0000000002468acf c4d5e6f780000000 0000000002468acf
0123456789abcdef 32 0000000001234567 89abcdef00000000 0000000001234567
0123456789abcdef 33 000000000091a2b3 13579bde00000000 000000000091a2b3
0123456789abcdef 34 000000000048d159 26af37bc00000000 000000000048d159
0123456789abcdef 35 00000000002468ac 4d5e6f7800000000 00000000002468ac
0123456789abcdef 36 0000000000123456 9abcdef000000000 0000000000123456
0123456789abcdef 37 0000000000091a2b 3579bde000000000 0000000000091a2b
0123456789abcdef 38 0000000000048d15 6af37bc000000000 0000000000048d15
0123456789abcdef 39 000000000002468a d5e6f78000000000 000000000002468a
0123456789abcdef 40 0000000000012345 abcdef0000000000 0000000000012345
0123456789abcdef 41 00000000000091a2 579bde0000000000 00000000000091a2
0123456789abcdef 42 00000000000048d1 af37bc0000000000 00000000000048d1
0123456789abcdef 43 0000000000002468 5e6f780000000000 0000000000002468
0123456789abcdef 44 0000000000001234 bcdef00000000000 0000000000001234
0123456789abcdef 45 000000000000091a 79bde00000000000 000000000000091a
0123456789abcdef 46 000000000000048d f37bc00000000000 000000000000048d
0123456789abcdef 47 0000000000000246 e6f7800000000000 0000000000000246
0123456789abcdef 48 0000000000000123 cdef000000000000 0000000000000123
0123456789abcdef 49 0000000000000091 9bde000000000000 0000000000000091
0123456789abcdef 50 0000000000000048 37bc000000000000 0000000000000048
0123456789abcdef 51 0000000000000024 6f78000000000000 0000000000000024
0123456789abcdef 52 0000000000000012 def0000000000000 0000000000000012
0123456789abcdef 53 0000000000000009 bde0000000000000 0000000000000009
0123456789abcdef 54 0000000000000004 7bc0000000000000 0000000000000004
0123456789abcdef 55 0000000000000002 f780000000000000 0000000000000002
0123456789abcdef 56 0000000000000001 ef00000000000000 0000000000000001
0123456789abcdef 57 0000000000000000 de00000000000000 0000000000000000
0123456789abcdef 58 0000000000000000 bc00000000000000 0000000000000000
0123456789abcdef 59 0000000000000000 7800000000000000 0000000000000000
0123456789abcdef 60 0000000000000000 f000000000000000 0000000000000000
0123456789abcdef 61 0000000000000000 e000000000000000 0000000000000000
0123456789abcdef 62 0000000000000000 c000000000000000 0000000000000000
0123456789abcdef 63 0000000000000000 8000000000000000 0000000000000000
01ffffffffffffff 0 01ffffffffffffff 01ffffffffffffff 01ffffffffffffff
01ffffffffffffff 1 00ffffffffffffff 03fffffffffffffe 00ffffffffffffff
01ffffffffffffff 2 007fffffffffffff 07fffffffffffffc 007fffffffffffff
01ffffffffffffff 3 003fffffffffffff 0ffffffffffffff8 003fffffffffffff
01ffffffffffffff 4 001fffffffffffff 1ffffffffffffff0 001fffffffffffff
01ffffffffffffff 5 000fffffffffffff 3fffffffffffffe0 000fffffffffffff
01ffffffffffffff 6 0007ffffffffffff 7fffffffffffffc0 0007ffffffffffff
01ffffffffffffff 7 0003ffffffffffff ffffffffffffff80 0003ffffffffffff
01ffffffffffffff 8 0001ffffffffffff ffffffffffffff00 0001ffffffffffff
01ffffffffffffff 9 0000ffffffffffff fffffffffffffe00 0000ffffffffffff
01ffffffffffffff 10 00007fffffffffff fffffffffffffc00 00007fffffffffff
01ffffffffffffff 11 00003fffffffffff fffffffffffff800 00003fffffffffff
01ffffffffffffff 12 00001fffffffffff fffffffffffff000 00001fffffffffff
01ffffffffffffff 13 00000fffffffffff ffffffffffffe000 00000fffffffffff
01ffffffffffffff 14 000007ffffffffff ffffffffffffc000 000007ffffffffff
01ffffffffffffff 15 000003ffffffffff ffffffffffff8000 000003ffffffffff
01ffffffffffffff 16 000001ffffffffff ffffffffffff0000 000001ffffffffff
01ffffffffffffff 17 000000ffffffffff fffffffffffe0000 000000ffffffffff
01ffffffffffffff 18 0000007fffffffff fffffffffffc0000 0000007fffffffff
01ffffffffffffff 19 0000003fffffffff fffffffffff80000 0000003fffffffff
01ffffffffffffff 20 0000001fffffffff fffffffffff00000 0000001fffffffff
01ffffffffffffff 21 0000000fffffffff ffffffffffe00000 0000000fffffffff
01ffffffffffffff 22 00000007ffffffff ffffffffffc00000 00000007ffffffff
01ffffffffffffff 23 00000003ffffffff ffffffffff800000 00000003ffffffff
01ffffffffffffff 24 00000001ffffffff ffffffffff000000 00000001ffffffff
01ffffffffffffff 25 00000000ffffffff fffffffffe000000 00000000ffffffff
01ffffffffffffff 26 000000007fffffff fffffffffc000000 000000007fffffff
01ffffffffffffff 27 000000003fffffff fffffffff8000000 000000003fffffff
01ffffffffffffff 28 000000001fffffff fffffffff0000000 000000001fffffff
01ffffffffffffff 29 000000000fffffff ffffffffe0000000 000000000fffffff
01ffffffffffffff 30 0000000007ffffff ffffffffc0000000 0000000007ffffff
01ffffffffffffff 31 0000000003ffffff ffffffff80000000 0000000003ffffff
01ffffffffffffff 32 0000000001ffffff ffffffff00000000 0000000001ffffff
01ffffffffffffff 33 0000000000ffffff fffffffe00000000 0000000000ffffff
01ffffffffffffff 34 00000000007fffff fffffffc00000000 00000000007fffff
01ffffffffffffff 35 00000000003fffff fffffff800000000 00000000003fffff
01ffffffffffffff 36 00000000001fffff fffffff000000000 00000000001fffff
01ffffffffffffff 37 00000000000fffff ffffffe000000000 00000000000fffff
01ffffffffffffff 38 000000000007ffff ffffffc000000000 000000000007ffff
01ffffffffffffff 39 000000000003ffff ffffff8000000000 000000000003ffff
01ffffffffffffff 40 000000000001ffff ffffff0000000000 000000000001ffff
01ffffffffffffff 41 000000000000ffff fffffe0000000000 000000000000ffff
01ffffffffffffff 42 0000000000007fff fffffc0000000000 0000000000007fff
01ffffffffffffff 43 0000000000003fff fffff80000000000 0000000000003fff
01ffffffffffffff 44 0000000000001fff fffff00000000000 0000000000001fff
01ffffffffffffff 45 0000000000000fff ffffe00000000000 0000000000000fff
01ffffffffffffff 46 00000000000007ff ffffc00000000000 00000000000007ff
01ffffffffffffff 47 00000000000003ff ffff800000000000 00000000000003ff
01ffffffffffffff 48 00000000000001ff ffff000000000000 00000000000001ff
01ffffffffffffff 49 00000000000000ff fffe000000000000 00000000000000ff
01ffffffffffffff 50 000000000000007f fffc000000000000 000000000000007f
01ffffffffffffff 51 000000000000003f fff8000000000000 000000000000003f
01ffffffffffffff 52 000000000000001f fff0000000000000 000000000000001f
01ffffffffffffff 53 000000000000000f ffe0000000000000 000000000000000f
01ffffffffffffff 54 0000000000000007 ffc0000000000000 0000000000000007
01ffffffffffffff 55 0000000000000003 ff80000000000000 0000000000000003
01ffffffffffffff 56 0000000000000001 ff00000000000000 0000000000000001
01ffffffffffffff 57 0000000000000000 fe00000000000000 0000000000000000
01ffffffffffffff 58 0000000000000000 fc00000000000000 0000000000000000
01ffffffffffffff 59 0000000000000000 f800000000000000 0000000000000000
01ffffffffffffff 60 0000000000000000 f000000000000000 0000000000000000
01ffffffffffffff 61 0000000000000000 e000000000000000 0000000000000000
01ffffffffffffff 62 0000000000000000 c000000000000000 0000000000000000
01ffffffffffffff 63 0000000000000000 8000000000000000 0000000000000000
0200000000000000 0 0200000000000000 0200000000000000 0200000000000000
0200000000000000 1 0100000000000000 0400000000000000 0100000000000000
0200000000000000 2 0080000000000000 0800000000000000 0080000000000000
0200000000000000 3 0040000000000000 1000000000000000 0040000000000000
0200000000000000 4 0020000000000000 2000000000000000 0020000000000000
0200000000000000 5 0010000000000000 4000000000000000 0010000000000000
0200000000000000 6 0008000000000000 8000000000000000 0008000000000000
0200000000000000 7 0004000000000000 0000000000000000 0004000000000000
0200000000000000 8 0002000000000000 0000000000000000 0002000000000000
0200000000000000 9 0001000000000000 0000000000000000 0001000000000000
0200000000000000 10 0000800000000000 0000000000000000 0000800000000000
0200000000000000 11 0000400000000000 0000000000000000 0000400000000000
0200000000000000 12 0000200000000000 0000000000000000 0000200000000000
0200000000000000 13 0000100000000000 0000000000000000 0000100000000000
0200000000000000 14 0000080000000000 0000000000000000 0000080000000000
0200000000000000 15 0000040000000000 0000000000000000 0000040000000000
0200000000000000 16 0000020000000000 0000000000000000 0000020000000000
0200000000000000 17 0000010000000000 0000000000000000 0000010000000000
0200000000000000 18 0000008000000000 0000000000000000 0000008000000000
0200000000000000 19 0000004000000000 0000000000000000 0000004000000000
0200000000000000 20 0000002000000000 0000000000000000 0000002000000000
0200000000000000 21 0000001000000000 0000000000000000 0000001000000000
0200000000000000 22 0000000800000000 0000000000000000 0000000800000000
0200000000000000 23 0000000400000000 0000000000000000 0000000400000000
0200000000000000 24 0000000200000000 0000000000000000 0000000200000000
0200000000000000 25 0000000100000000 0000000000000000 0000000100000000
0200000000000000 26 0000000080000000 0000000000000000 0000000080000000
0200000000000000 27 0000000040000000 0000000000000000 0000000040000000
0200000000000000 28 0000000020000000 0000000000000000 0000000020000000
0200000000000000 29 0000000010000000 0000000000000000 0000000010000000
0200000000000000 30 0000000008000000 0000000000000000 0000000008000000
0200000000000000 31 0000000004000000 0000000000000000 0000000004000000
0200000000000000 32 0000000002000000 0000000000000000 0000000002000000
0200000000000000 33 0000000001000000 0000000000000000 0000000001000000
0200000000000000 34 0000000000800000 0000000000000000 0000000000800000
0200000000000000 35 0000000000400000 0000000000000000 0000000000400000
0200000000000000 36 0000000000200000 0000000000000000 0000000000200000
0200000000000000 37 0000000000100000 0000000000000000 0000000000100000
0200000000000000 38 0000000000080000 0000000000000000 0000000000080000
0200000000000000 39 0000000000040000 0000000000000000 0000000000040000
0200000000000000 40 0000000000020000 0000000000000000 0000000000020000
0200000000000000 41 0000000000010000 0000000000000000 0000000000010000
0200000000000000 42 0000000000008000 0000000000000000 0000000000008000
0200000000000000 43 0000000000004000 0000000000000000 0000000000004000
0200000000000000 44 0000000000002000 0000000000000000 0000000000002000
0200000000000000 45 0000000000001000 0000000000000000 0000000000001000
0200000000000000 46 0000000000000800 0000000000000000 0000000000000800
0200000000000000 47 0000000000000400 0000000000000000 0000000000000400
0200000000000000 48 0000000000000200 0000000000000000 0000000000000200
0200000000000000 49 0000000000000100 0000000000000000 0000000000000100
0200000000000000 50 0000000000000080 0000000000000000 0000000000000080
0200000000000000 51 0000000000000040 0000000000000000 0000000000000040
0200000000000000 52 0000000000000020 0000000000000000 0000000000000020
0200000000000000 53 0000000000000010 0000000000000000 0000000000000010
0200000000000000 54 0000000000000008 0000000000000000 0000000000000008
0200000000000000 55 0000000000000004 0000000000000000 0000000000000004
0200000000000000 56 0000000000000002 0000000000000000 0000000000000002
0200000000000000 57 0000000000000001 0000000000000000 0000000000000001
0200000000000000 58 0000000000000000 0000000000000000 0000000000000000
0200000000000000 59 0000000000000000 0000000000000000 0000000000000000
0200000000000000 60 0000000000000000 0000000000000000 0000000000000000
0200000000000000 61 0000000000000000 0000000000000000 0000000000000000
0200000000000000 62 0000000000000000 0000000000000000 0000000000000000
0200000000000000 63 0000000000000000 0000000000000000 0000000000000000
03ffffffffffffff 0 03ffffffffffffff 03ffffffffffffff 03ffffffffffffff
03ffffffffffffff 1 01ffffffffffffff 07fffffffffffffe 01ffffffffffffff
03ffffffffffffff 2 00ffffffffffffff 0ffffffffffffffc 00ffffffffffffff
03ffffffffffffff 3 007fffffffffffff 1ffffffffffffff8 007fffffffffffff
03ffffffffffffff 4 003fffffffffffff 3ffffffffffffff0 003fffffffffffff
03ffffffffffffff 5 001fffffffffffff 7fffffffffffffe0 001fffffffffffff
03ffffffffffffff 6 000fffffffffffff ffffffffffffffc0 000fffffffffffff
03ffffffffffffff 7 0007ffffffffffff ffffffffffffff80 0007ffffffffffff
03ffffffffffffff 8 0003ffffffffffff ffffffffffffff00 0003ffffffffffff
03ffffffffffffff 9 0001ffffffffffff fffffffffffffe00 0001ffffffffffff
03ffffffffffffff 10 0000ffffffffffff fffffffffffffc00 0000ffffffffffff
03ffffffffffffff 11 00007fffffffffff fffffffffffff800 00007fffffffffff
03ffffffffffffff 12 00003fffffffffff fffffffffffff000 00003fffffffffff
03ffffffffffffff 13 00001fffffffffff ffffffffffffe000 00001fffffffffff
03ffffffffffffff 14 00000fffffffffff ffffffffffffc000 00000fffffffffff
03ffffffffffffff 15 000007ffffffffff ffffffffffff8000 000007ffffffffff
03ffffffffffffff 16 000003ffffffffff ffffffffffff0000 000003ffffffffff
03ffffffffffffff 17 000001ffffffffff fffffffffffe0000 000001ffffffffff
03ffffffffffffff 18 000000ffffffffff fffffffffffc0000 000000ffffffffff
03ffffffffffffff 19 0000007fffffffff fffffffffff80000 0000007fffffffff
03ffffffffffffff 20 0000003fffffffff fffffffffff00000 0000003fffffffff
03ffffffffffffff 21 0000001fffffffff ffffffffffe00000 0000001fffffffff
03ffffffffffffff 22 0000000fffffffff ffffffffffc00000 0000000fffffffff
03ffffffffffffff 23 00000007ffffffff ffffffffff800000 00000007ffffffff
03ffffffffffffff 24 00000003ffffffff ffffffffff000000 00000003ffffffff
03ffffffffffffff 25 00000001ffffffff fffffffffe000000 00000001ffffffff
03ffffffffffffff 26 00000000ffffffff fffffffffc000000 00000000ffffffff
03ffffffffffffff 27 000000007fffffff fffffffff8000000 000000007fffffff
03ffffffffffffff 28 000000003fffffff fffffffff0000000 000000003fffffff
03ffffffffffffff 29 000000001fffffff ffffffffe0000000 000000001fffffff
03ffffffffffffff 30 000000000fffffff ffffffffc0000000 000000000fffffff
03ffffffffffffff 31 0000000007ffffff ffffffff80000000 0000000007ffffff
03ffffffffffffff 32 0000000003ffffff ffffffff00000000 0000000003ffffff
03ffffffffffffff 33 0000000001ffffff fffffffe00000000 0000000001ffffff
03ffffffffffffff 34 0000000000ffffff fffffffc00000000 0000000000ffffff
03ffffffffffffff 35 00000000007fffff fffffff800000000 00000000007fffff
03ffffffffffffff 36 00000000003fffff fffffff000000000 00000000003fffff
03ffffffffffffff 37 00000000001fffff ffffffe000000000 00000000001fffff
03ffffffffffffff 38 00000000000fffff ffffffc000000000 00000000000fffff
03ffffffffffffff 39 000000000007ffff ffffff8000000000 000000000007ffff
03ffffffffffffff 40 000000000003ffff ffffff0000000000 000000000003ffff
03ffffffffffffff 41 000000000001ffff fffffe0000000000 000000000001ffff
03ffffffffffffff 42 000000000000ffff fffffc0000000000 000000000000ffff
03ffffffffffffff 43 0000000000007fff fffff80000000000 0000000000007fff
03ffffffffffffff 44 0000000000003fff fffff00000000000 0000000000003fff
03ffffffffffffff 45 0000000000001fff ffffe00000000000 0000000000001fff
03ffffffffffffff 46 0000000000000fff ffffc00000000000 0000000000000fff
03ffffffffffffff 47 00000000000007ff ffff800000000000 00000000000007ff
03ffffffffffffff 48 00000000000003ff ffff000000000000 00000000000003ff
03ffffffffffffff 49 00000000000001ff fffe000000000000 00000000000001ff
03ffffffffffffff 50 00000000000000ff fffc000000000000 00000000000000ff
03ffffffffffffff 51 000000000000007f fff8000000000000 000000000000007f
03ffffffffffffff 52 000000000000003f fff0000000000000 000000000000003f
03ffffffffffffff 53 000000000000001f ffe0000000000000 000000000000001f
03ffffffffffffff 54 000000000000000f ffc0000000000000 000000000000000f
03ffffffffffffff 55 0000000000000007 ff80000000000000 0000000000000007
03ffffffffffffff 56 0000000000000003 ff00000000000000 0000000000000003
03ffffffffffffff 57 0000000000000001 fe00000000000000 0000000000000001
03ffffffffffffff 58 0000000000000000 fc00000000000000 0000000000000000
03ffffffffffffff 59 0000000000000000 f800000000000000 0000000000000000
03ffffffffffffff 60 0000000000000000 f000000000000000 0000000000000000
03ffffffffffffff 61 0000000000000000 e000000000000000 0000000000000000
03ffffffffffffff 62 0000000000000000 c000000000000000 0000000000000000
03ffffffffffffff 63 0000000000000000 8000000000000000 0000000000000000
0400000000000000 0 0400000000000000 0400000000000000 0400000000000000
0400000000000000 1 0200000000000000 0800000000000000 0200000000000000
0400000000000000 2 0100000000000000 1000000000000000 0100000000000000
0400000000000000 3 0080000000000000 2000000000000000 0080000000000000
0400000000000000 4 0040000000000000 4000000000000000 0040000000000000
0400000000000000 5 0020000000000000 8000000000000000 0020000000000000
0400000000000000 6 0010000000000000 0000000000000000 0010000000000000
0400000000000000 7 0008000000000000 0000000000000000 0008000000000000
0400000000000000 8 0004000000000000 0000000000000000 0004000000000000
0400000000000000 9 0002000000000000 0000000000000000 0002000000000000
0400000000000000 10 0001000000000000 0000000000000000 0001000000000000
0400000000000000 11 0000800000000000 0000000000000000 0000800000000000
0400000000000000 12 0000400000000000 0000000000000000 0000400000000000
0400000000000000 13 0000200000000000 0000000000000000 0000200000000000
0400000000000000 14 0000100000000000 0000000000000000 0000100000000000
0400000000000000 15 0000080000000000 0000000000000000 0000080000000000
0400000000000000 16 0000040000000000 0000000000000000 0000040000000000
0400000000000000 17 0000020000000000 0000000000000000 0000020000000000
0400000000000000 18 0000010000000000 0000000000000000 0000010000000000
0400000000000000 19 0000008000000000 0000000000000000 0000008000000000
0400000000000000 20 0000004000000000 0000000000000000 0000004000000000
0400000000000000 21 0000002000000000 0000000000000000 0000002000000000
0400000000000000 22 0000001000000000 0000000000000000 0000001000000000
0400000000000000 23 0000000800000000 0000000000000000 0000000800000000
0400000000000000 24 0000000400000000 0000000000000000 0000000400000000
0400000000000000 25 0000000200000000 0000000000000000 0000000200000000
0400000000000000 26 0000000100000000 0000000000000000 0000000100000000
0400000000000000 27 0000000080000000 0000000000000000 0000000080000000
0400000000000000 28 0000000040000000 0000000000000000 0000000040000000
0400000000000000 29 0000000020000000 0000000000000000 0000000020000000
0400000000000000 30 0000000010000000 0000000000000000 0000000010000000
0400000000000000 31 0000000008000000 0000000000000000 0000000008000000
0400000000000000 32 0000000004000000 0000000000000000 0000000004000000
0400000000000000 33 0000000002000000 0000000000000000 0000000002000000
0400000000000000 34 0000000001000000 0000000000000000 0000000001000000
0400000000000000 35 0000000000800000 0000000000000000 0000000000800000
0400000000000000 36 0000000000400000 0000000000000000 0000000000400000
0400000000000000 37 0000000000200000 0000000000000000 0000000000200000
0400000000000000 38 0000000000100000 0000000000000000 0000000000100000
0400000000000000 39 0000000000080000 0000000000000000 0000000000080000
0400000000000000 40 0000000000040000 0000000000000000 0000000000040000
0400000000000000 41 0000000000020000 0000000000000000 0000000000020000
0400000000000000 42 0000000000010000 0000000000000000 0000000000010000
0400000000000000 43 0000000000008000 0000000000000000 0000000000008000
0400000000000000 44 0000000000004000 0000000000000000 0000000000004000
0400000000000000 45 0000000000002000 0000000000000000 0000000000002000
0400000000000000 46 0000000000001000 0000000000000000 0000000000001000
0400000000000000 47 0000000000000800 0000000000000000 0000000000000800
0400000000000000 48 0000000000000400 0000000000000000 0000000000000400
0400000000000000 49 0000000000000200 0000000000000000 0000000000000200
0400000000000000 50 0000000000000100 0000000000000000 0000000000000100
0400000000000000 51 0000000000000080 0000000000000000 0000000000000080
0400000000000000 52 0000000000000040 0000000000000000 0000000000000040
0400000000000000 53 0000000000000020 0000000000000000 0000000000000020
0400000000000000 54 0000000000000010 0000000000000000 0000000000000010
0400000000000000 55 0000000000000008 0000000000000000 0000000000000008
0400000000000000 56 0000000000000004 0000000000000000 0000000000000004
0400000000000000 57 0000000000000002 0000000000000000 0000000000000002
0400000000000000 58 0000000000000001 0000000000000000 0000000000000001
0400000000000000 59 0000000000000000 0000000000000000 0000000000000000
0400000000000000 60 0000000000000000 0000000000000000 0000000000000000
0400000000000000 61 0000000000000000 0000000000000000 0000000000000000
0400000000000000 62 0000000000000000 0000000000000000 0000000000000000
0400000000000000 63 0000000000000000 0000000000000000 0000000000000000
07ffffffffffffff 0 07ffffffffffffff 07ffffffffffffff 07ffffffffffffff
07ffffffffffffff 1 03ffffffffffffff 0ffffffffffffffe 03ffffffffffffff
07ffffffffffffff 2 01ffffffffffffff 1ffffffffffffffc 01ffffffffffffff
07ffffffffffffff 3 00ffffffffffffff 3ffffffffffffff8 00ffffffffffffff
07ffffffffffffff 4 007fffffffffffff 7ffffffffffffff0 007fffffffffffff
07ffffffffffffff 5 003fffffffffffff ffffffffffffffe0 003fffffffffffff
07ffffffffffffff 6 001fffffffffffff ffffffffffffffc0 001fffffffffffff
07ffffffffffffff 7 000fffffffffffff ffffffffffffff80 000fffffffffffff
07ffffffffffffff 8 0007ffffffffffff ffffffffffffff00 0007ffffffffffff
07ffffffffffffff 9 0003ffffffffffff fffffffffffffe00 0003ffffffffffff
07ffffffffffffff 10 0001ffffffffffff fffffffffffffc00 0001ffffffffffff
07ffffffffffffff 11 0000ffffffffffff fffffffffffff800 0000ffffffffffff
07ffffffffffffff 12 00007fffffffffff fffffffffffff000 00007fffffffffff
07ffffffffffffff 13 00003fffffffffff ffffffffffffe000 00003fffffffffff
07ffffffffffffff 14 00001fffffffffff ffffffffffffc000 00001fffffffffff
07ffffffffffffff 15 00000fffffffffff ffffffffffff8000 00000fffffffffff
07ffffffffffffff 16 000007ffffffffff ffffffffffff0000 000007ffffffffff
07ffffffffffffff 17 000003ffffffffff fffffffffffe0000 000003ffffffffff
07ffffffffffffff 18 000001ffffffffff fffffffffffc0000 000001ffffffffff
07ffffffffffffff 19 000000ffffffffff fffffffffff80000 000000ffffffffff
07ffffffffffffff 20 0000007fffffffff fffffffffff00000 0000007fffffffff
07ffffffffffffff 21 0000003fffffffff ffffffffffe00000 0000003fffffffff
07ffffffffffffff 22 0000001fffffffff ffffffffffc00000 0000001fffffffff
07ffffffffffffff 23 0000000fffffffff ffffffffff800000 0000000fffffffff
07ffffffffffffff 24 00000007ffffffff ffffffffff000000 00000007ffffffff
07ffffffffffffff 25 00000003ffffffff fffffffffe000000 00000003ffffffff
07ffffffffffffff 26 00000001ffffffff fffffffffc000000 00000001ffffffff
07ffffffffffffff 27 00000000ffffffff fffffffff8000000 00000000ffffffff
07ffffffffffffff 28 000000007fffffff fffffffff0000000 000000007fffffff
07ffffffffffffff 29 000000003fffffff ffffffffe0000000 000000003fffffff
07ffffffffffffff 30 000000001fffffff ffffffffc0000000 000000001fffffff
07ffffffffffffff 31 000000000fffffff ffffffff80000000 000000000fffffff
07ffffffffffffff 32 0000000007ffffff ffffffff00000000 0000000007ffffff
07ffffffffffffff 33 0000000003ffffff fffffffe00000000 0000000003ffffff
07ffffffffffffff 34 0000000001ffffff fffffffc00000000 0000000001ffffff
07ffffffffffffff 35 0000000000ffffff fffffff800000000 0000000000ffffff
07ffffffffffffff 36 00000000007fffff fffffff000000000 00000000007fffff
07ffffffffffffff 37 00000000003fffff ffffffe000000000 00000000003fffff
07ffffffffffffff 38 00000000001fffff ffffffc000000000 00000000001fffff
07ffffffffffffff 39 00000000000fffff ffffff8000000000 00000000000fffff
07ffffffffffffff 40 000000000007ffff ffffff0000000000 000000000007ffff
07ffffffffffffff 41 000000000003ffff fffffe0000000000 000000000003ffff
07ffffffffffffff 42 000000000001ffff fffffc0000000000 000000000001ffff
07ffffffffffffff 43 000000000000ffff fffff80000000000 000000000000ffff
07ffffffffffffff 44 0000000000007fff fffff00000000000 0000000000007fff
07ffffffffffffff 45 0000000000003fff ffffe00000000000 0000000000003fff
07ffffffffffffff 46 0000000000001fff ffffc00000000000 0000000000001fff
07ffffffffffffff 47 0000000000000fff ffff800000000000 0000000000000fff
07ffffffffffffff 48 00000000000007ff ffff000000000000 00000000000007ff
07ffffffffffffff 49 00000000000003ff fffe000000000000 00000000000003ff
07ffffffffffffff 50 00000000000001ff fffc000000000000 00000000000001ff
07ffffffffffffff 51 00000000000000ff fff8000000000000 00000000000000ff
07ffffffffffffff 52 000000000000007f fff0000000000000 000000000000007f
07ffffffffffffff 53 000000000000003f ffe0000000000000 000000000000003f
07ffffffffffffff 54 000000000000001f ffc0000000000000 000000000000001f
07ffffffffffffff 55 000000000000000f ff80000000000000 000000000000000f
07ffffffffffffff 56 0000000000000007 ff00000000000000 0000000000000007
07ffffffffffffff 57 0000000000000003 fe00000000000000 0000000000000003
07ffffffffffffff 58 0000000000000001 fc00000000000000 0000000000000001
07ffffffffffffff 59 0000000000000000 f800000000000000 0000000000000000
07ffffffffffffff 60 0000000000000000 f000000000000000 0000000000000000
07ffffffffffffff 61 0000000000000000 e000000000000000 0000000000000000
07ffffffffffffff 62 0000000000000000 c000000000000000 0000000000000000
07ffffffffffffff 63 0000000000000000 8000000000000000 0000000000000000
0800000000000000 0 0800000000000000 0800000000000000 0800000000000000
0800000000000000 1 0400000000000000 1000000000000000 0400000000000000
0800000000000000 2 0200000000000000 2000000000000000 0200000000000000
0800000000000000 3 0100000000000000 4000000000000000 0100000000000000
0800000000000000 4 0080000000000000 8000000000000000 0080000000000000
0800000000000000 5 0040000000000000 0000000000000000 0040000000000000
0800000000000000 6 0020000000000000 0000000000000000 0020000000000000
0800000000000000 7 0010000000000000 0000000000000000 0010000000000000
0800000000000000 8 0008000000000000 0000000000000000 0008000000000000
0800000000000000 9 0004000000000000 0000000000000000 0004000000000000
0800000000000000 10 0002000000000000 0000000000000000 0002000000000000
0800000000000000 11 0001000000000000 0000000000000000 0001000000000000
0800000000000000 12 0000800000000000 0000000000000000 0000800000000000
0800000000000000 13 0000400000000000 0000000000000000 0000400000000000
0800000000000000 14 0000200000000000 0000000000000000 0000200000000000
0800000000000000 15 0000100000000000 0000000000000000 0000100000000000
0800000000000000 16 0000080000000000 0000000000000000 0000080000000000
0800000000000000 17 0000040000000000 0000000000000000 0000040000000000
0800000000000000 18 0000020000000000 0000000000000000 0000020000000000
0800000000000000 19 0000010000000000 0000000000000000 0000010000000000
0800000000000000 20 0000008000000000 0000000000000000 0000008000000000
0800000000000000 21 0000004000000000 0000000000000000 0000004000000000
0800000000000000 22 0000002000000000 0000000000000000 0000002000000000
0800000000000000 23 0000001000000000 0000000000000000 0000001000000000
0800000000000000 24 0000000800000000 0000000000000000 0000000800000000
0800000000000000 25 0000000400000000 0000000000000000 0000000400000000
0800000000000000 26 0000000200000000 0000000000000000 0000000200000000
0800000000000000 27 0000000100000000 0000000000000000 0000000100000000
0800000000000000 28 0000000080000000 0000000000000000 0000000080000000
0800000000000000 29 0000000040000000 0000000000000000 0000000040000000
0800000000000000 30 0000000020000000 0000000000000000 0000000020000000
0800000000000000 31 0000000010000000 0000000000000000 0000000010000000
0800000000000000 32 0000000008000000 0000000000000000 0000000008000000
0800000000000000 33 0000000004000000 0000000000000000 0000000004000000
0800000000000000 34 0000000002000000 0000000000000000 0000000002000000
0800000000000000 35 0000000001000000 0000000000000000 0000000001000000
0800000000000000 36 0000000000800000 0000000000000000 0000000000800000
0800000000000000 37 0000000000400000 0000000000000000 0000000000400000
0800000000000000 38 0000000000200000 0000000000000000 0000000000200000
0800000000000000 39 0000000000100000 0000000000000000 0000000000100000
0800000000000000 40 0000000000080000 0000000000000000 0000000000080000
0800000000000000 41 0000000000040000 0000000000000000 0000000000040000
0800000000000000 42 0000000000020000 0000000000000000 0000000000020000
0800000000000000 43 0000000000010000 0000000000000000 0000000000010000
0800000000000000 44 0000000000008000 0000000000000000 0000000000008000
0800000000000000 45 0000000000004000 0000000000000000 0000000000004000
0800000000000000 46 0000000000002000 0000000000000000 0000000000002000
0800000000000000 47 0000000000001000 0000000000000000 0000000000001000
0800000000000000 48 0000000000000800 0000000000000000 0000000000000800
0800000000000000 49 0000000000000400 0000000000000000 0000000000000400
0800000000000000 50 0000000000000200 0000000000000000 0000000000000200
0800000000000000 51 0000000000000100 0000000000000000 0000000000000100
0800000000000000 52 0000000000000080 0000000000000000 0000000000000080
0800000000000000 53 0000000000000040 0000000000000000 0000000000000040
0800000000000000 54 0000000000000020 0000000000000000 0000000000000020
0800000000000000 55 0000000000000010 0000000000000000 0000000000000010
0800000000000000 56 0000000000000008 0000000000000000 0000000000000008
0800000000000000 57 0000000000000004 0000000000000000 0000000000000004
0800000000000000 58 0000000000000002 0000000000000000 0000000000000002
0800000000000000 59 0000000000000001 0000000000000000 0000000000000001
0800000000000000 60 0000000000000000 0000000000000000 0000000000000000
0800000000000000 61 0000000000000000 0000000000000000 0000000000000000
0800000000000000 62 0000000000000000 0000000000000000 0000000000000000
0800000000000000 63 0000000000000000 0000000000000000 0000000000000000
0fffffffffffffff 0 0fffffffffffffff 0fffffffffffffff 0fffffffffffffff
0fffffffffffffff 1 07ffffffffffffff 1ffffffffffffffe 07ffffffffffffff
0fffffffffffffff 2 03ffffffffffffff 3ffffffffffffffc 03ffffffffffffff
0fffffffffffffff 3 01ffffffffffffff 7ffffffffffffff8 01ffffffffffffff
0fffffffffffffff 4 00ffffffffffffff fffffffffffffff0 00ffffffffffffff
0fffffffffffffff 5 007fffffffffffff ffffffffffffffe0 007fffffffffffff
0fffffffffffffff 6 003fffffffffffff ffffffffffffffc0 003fffffffffffff
0fffffffffffffff 7 001fffffffffffff ffffffffffffff80 001fffffffffffff
0fffffffffffffff 8 000fffffffffffff ffffffffffffff00 000fffffffffffff
0fffffffffffffff 9 0007ffffffffffff fffffffffffffe00 0007ffffffffffff
0fffffffffffffff 10 0003ffffffffffff fffffffffffffc00 0003ffffffffffff
0fffffffffffffff 11 0001ffffffffffff fffffffffffff800 0001ffffffffffff
0fffffffffffffff 12 0000ffffffffffff fffffffffffff000 0000ffffffffffff
0fffffffffffffff 13 00007fffffffffff ffffffffffffe000 00007fffffffffff
0fffffffffffffff 14 00003fffffffffff ffffffffffffc000 00003fffffffffff
0fffffffffffffff 15 00001fffffffffff ffffffffffff8000 00001fffffffffff
0fffffffffffffff 16 00000fffffffffff ffffffffffff0000 00000fffffffffff
0fffffffffffffff 17 000007ffffffffff fffffffffffe0000 000007ffffffffff
0fffffffffffffff 18 000003ffffffffff fffffffffffc0000 000003ffffffffff
0fffffffffffffff 19 000001ffffffffff fffffffffff80000 000001ffffffffff
0fffffffffffffff 20 000000ffffffffff fffffffffff00000 000000ffffffffff
0fffffffffffffff 21 0000007fffffffff ffffffffffe00000 0000007fffffffff
0fffffffffffffff 22 0000003fffffffff ffffffffffc00000 0000003fffffffff
0fffffffffffffff 23 0000001fffffffff ffffffffff800000 0000001fffffffff
0fffffffffffffff 24 0000000fffffffff ffffffffff000000 0000000fffffffff
0fffffffffffffff 25 00000007ffffffff fffffffffe000000 00000007ffffffff
0fffffffffffffff 26 00000003ffffffff fffffffffc000000 00000003ffffffff
0fffffffffffffff 27 00000001ffffffff fffffffff8000000 00000001ffffffff
0fffffffffffffff 28 00000000ffffffff fffffffff0000000 00000000ffffffff
0fffffffffffffff 29 000000007fffffff ffffffffe0000000 000000007fffffff
0fffffffffffffff 30 000000003fffffff ffffffffc0000000 000000003fffffff
0fffffffffffffff 31 000000001fffffff ffffffff80000000 000000001fffffff
0fffffffffffffff 32 000000000fffffff ffffffff00000000 000000000fffffff
0fffffffffffffff 33 0000000007ffffff fffffffe00000000 0000000007ffffff
0fffffffffffffff 34 0000000003ffffff fffffffc00000000 0000000003ffffff
0fffffffffffffff 35 0000000001ffffff fffffff800000000 0000000001ffffff
0fffffffffffffff 36 0000000000ffffff fffffff000000000 0000000000ffffff
0fffffffffffffff 37 00000000007fffff ffffffe000000000 00000000007fffff
0fffffffffffffff 38 00000000003fffff ffffffc000000000 00000000003fffff
0fffffffffffffff 39 00000000001fffff ffffff8000000000 00000000001fffff
0fffffffffffffff 40 00000000000fffff ffffff0000000000 00000000000fffff
0fffffffffffffff 41 000000000007ffff fffffe0000000000 000000000007ffff
0fffffffffffffff 42 000000000003ffff fffffc0000000000 000000000003ffff
0fffffffffffffff 43 000000000001ffff fffff80000000000 000000000001ffff
0fffffffffffffff 44 000000000000ffff fffff00000000000 000000000000ffff
0fffffffffffffff 45 0000000000007fff ffffe00000000000 0000000000007fff
0fffffffffffffff 46 0000000000003fff ffffc00000000000 0000000000003fff
0fffffffffffffff 47 0000000000001fff ffff800000000000 0000000000001fff
0fffffffffffffff 48 0000000000000fff ffff000000000000 0000000000000fff
0fffffffffffffff 49 00000000000007ff fffe000000000000 00000000000007ff
0fffffffffffffff 50 00000000000003ff fffc000000000000 00000000000003ff
0fffffffffffffff 51 00000000000001ff fff8000000000000 00000000000001ff
0fffffffffffffff 52 00000000000000ff fff0000000000000 00000000000000ff
0fffffffffffffff 53 000000000000007f ffe0000000000000 000000000000007f
0fffffffffffffff 54 000000000000003f ffc0000000000000 000000000000003f
0fffffffffffffff 55 000000000000001f ff80000000000000 000000000000001f
0fffffffffffffff 56 000000000000000f ff00000000000000 000000000000000f
0fffffffffffffff 57 0000000000000007 fe00000000000000 0000000000000007
0fffffffffffffff 58 0000000000000003 fc00000000000000 0000000000000003
0fffffffffffffff 59 0000000000000001 f800000000000000 0000000000000001
0fffffffffffffff 60 0000000000000000 f000000000000000 0000000000000000
0fffffffffffffff 61 0000000000000000 e000000000000000 0000000000000000
0fffffffffffffff 62 0000000000000000 c000000000000000 0000000000000000
0fffffffffffffff 63 0000000000000000 8000000000000000 0000000000000000
1000000000000000 0 1000000000000000 1000000000000000 1000000000000000
1000000000000000 1 0800000000000000 2000000000000000 0800000000000000
1000000000000000 2 0400000000000000 4000000000000000 0400000000000000
1000000000000000 3 0200000000000000 8000000000000000 0200000000000000
1000000000000000 4 0100000000000000 0000000000000000 0100000000000000
1000000000000000 5 0080000000000000 0000000000000000 0080000000000000
1000000000000000 6 0040000000000000 0000000000000000 0040000000000000
1000000000000000 7 0020000000000000 0000000000000000 0020000000000000
1000000000000000 8 0010000000000000 0000000000000000 0010000000000000
1000000000000000 9 0008000000000000 0000000000000000 0008000000000000
1000000000000000 10 0004000000000000 0000000000000000 0004000000000000
1000000000000000 11 0002000000000000 0000000000000000 0002000000000000
1000000000000000 12 0001000000000000 0000000000000000 0001000000000000
1000000000000000 13 0000800000000000 0000000000000000 0000800000000000
1000000000000000 14 0000400000000000 0000000000000000 0000400000000000
1000000000000000 15 0000200000000000 0000000000000000 0000200000000000
1000000000000000 16 0000100000000000 0000000000000000 0000100000000000
1000000000000000 17 0000080000000000 0000000000000000 0000080000000000
1000000000000000 18 0000040000000000 0000000000000000 0000040000000000
1000000000000000 19 0000020000000000 0000000000000000 0000020000000000
1000000000000000 20 0000010000000000 0000000000000000 0000010000000000
1000000000000000 21 0000008000000000 0000000000000000 0000008000000000
1000000000000000 22 0000004000000000 0000000000000000 0000004000000000
1000000000000000 23 0000002000000000 0000000000000000 0000002000000000
1000000000000000 24 0000001000000000 0000000000000000 0000001000000000
1000000000000000 25 0000000800000000 0000000000000000 0000000800000000
1000000000000000 26 0000000400000000 0000000000000000 0000000400000000
1000000000000000 27 0000000200000000 0000000000000000 0000000200000000
1000000000000000 28 0000000100000000 0000000000000000 0000000100000000
1000000000000000 29 0000000080000000 0000000000000000 0000000080000000
1000000000000000 30 0000000040000000 0000000000000000 0000000040000000
1000000000000000 31 0000000020000000 0000000000000000 0000000020000000
1000000000000000 32 0000000010000000 0000000000000000 0000000010000000
1000000000000000 33 0000000008000000 0000000000000000 0000000008000000
1000000000000000 34 0000000004000000 0000000000000000 0000000004000000
1000000000000000 35 0000000002000000 0000000000000000 0000000002000000
1000000000000000 36 0000000001000000 0000000000000000 0000000001000000
1000000000000000 37 0000000000800000 0000000000000000 0000000000800000
1000000000000000 38 0000000000400000 0000000000000000 0000000000400000
1000000000000000 39 0000000000200000 0000000000000000 0000000000200000
1000000000000000 40 0000000000100000 0000000000000000 0000000000100000
1000000000000000 41 0000000000080000 0000000000000000 0000000000080000
1000000000000000 42 0000000000040000 0000000000000000 0000000000040000
1000000000000000 43 0000000000020000 0000000000000000 0000000000020000
1000000000000000 44 0000000000010000 0000000000000000 0000000000010000
1000000000000000 45 0000000000008000 0000000000000000 0000000000008000
1000000000000000 46 0000000000004000 0000000000000000 0000000000004000
1000000000000000 47 0000000000002000 0000000000000000 0000000000002000
1000000000000000 48 0000000000001000 0000000000000000 0000000000001000
1000000000000000 49 0000000000000800 0000000000000000 0000000000000800
1000000000000000 50 0000000000000400 0000000000000000 0000000000000400
1000000000000000 51 0000000000000200 0000000000000000 0000000000000200
1000000000000000 52 0000000000000100 0000000000000000 0000000000000100
1000000000000000 53 0000000000000080 0000000000000000 0000000000000080
1000000000000000 54 0000000000000040 0000000000000000 0000000000000040
1000000000000000 55 0000000000000020 0000000000000000 0000000000000020
1000000000000000 56 0000000000000010 0000000000000000 0000000000000010
1000000000000000 57 0000000000000008 0000000000000000 0000000000000008
1000000000000000 58 0000000000000004 0000000000000000 0000000000000004
1000000000000000 59 0000000000000002 0000000000000000 0000000000000002
1000000000000000 60 0000000000000001 0000000000000000 0000000000000001
1000000000000000 61 0000000000000000 0000000000000000 0000000000000000
1000000000000000 62 0000000000000000 0000000000000000 0000000000000000
1000000000000000 63 0000000000000000 0000000000000000 0000000000000000
1fffffffffffffff 0 1fffffffffffffff 1fffffffffffffff 1fffffffffffffff
1fffffffffffffff 1 0fffffffffffffff 3ffffffffffffffe 0fffffffffffffff
1fffffffffffffff 2 07ffffffffffffff 7ffffffffffffffc 07ffffffffffffff
1fffffffffffffff 3 03ffffffffffffff fffffffffffffff8 03ffffffffffffff
1fffffffffffffff 4 01ffffffffffffff fffffffffffffff0 01ffffffffffffff
1fffffffffffffff 5 00ffffffffffffff ffffffffffffffe0 00ffffffffffffff
1fffffffffffffff 6 007fffffffffffff ffffffffffffffc0 007fffffffffffff
1fffffffffffffff 7 003fffffffffffff ffffffffffffff80 003fffffffffffff
1fffffffffffffff 8 001fffffffffffff ffffffffffffff00 001fffffffffffff
1fffffffffffffff 9 000fffffffffffff fffffffffffffe00 000fffffffffffff
1fffffffffffffff 10 0007ffffffffffff fffffffffffffc00 0007ffffffffffff
1fffffffffffffff 11 0003ffffffffffff fffffffffffff800 0003ffffffffffff
1fffffffffffffff 12 0001ffffffffffff fffffffffffff000 0001ffffffffffff
1fffffffffffffff 13 0000ffffffffffff ffffffffffffe000 0000ffffffffffff
1fffffffffffffff 14 00007fffffffffff ffffffffffffc000 00007fffffffffff
1fffffffffffffff 15 00003fffffffffff ffffffffffff8000 00003fffffffffff
1fffffffffffffff 16 00001fffffffffff ffffffffffff0000 00001fffffffffff
1fffffffffffffff 17 00000fffffffffff fffffffffffe0000 00000fffffffffff
1fffffffffffffff 18 000007ffffffffff fffffffffffc0000 000007ffffffffff
1fffffffffffffff 19 000003ffffffffff fffffffffff80000 000003ffffffffff
1fffffffffffffff 20 000001ffffffffff fffffffffff00000 000001ffffffffff
1fffffffffffffff 21 000000ffffffffff ffffffffffe00000 000000ffffffffff
1fffffffffffffff 22 0000007fffffffff ffffffffffc00000 0000007fffffffff
1fffffffffffffff 23 0000003fffffffff ffffffffff800000 0000003fffffffff
1fffffffffffffff 24 0000001fffffffff ffffffffff000000 0000001fffffffff
1fffffffffffffff 25 0000000fffffffff fffffffffe000000 0000000fffffffff
1fffffffffffffff 26 00000007ffffffff fffffffffc000000 00000007ffffffff
1fffffffffffffff 27 00000003ffffffff fffffffff8000000 00000003ffffffff
1fffffffffffffff 28 00000001ffffffff fffffffff0000000 00000001ffffffff
1fffffffffffffff 29 00000000ffffffff ffffffffe0000000 00000000ffffffff
1fffffffffffffff 30 000000007fffffff ffffffffc0000000 000000007fffffff
1fffffffffffffff 31 000000003fffffff ffffffff80000000 000000003fffffff
1fffffffffffffff 32 000000001fffffff ffffffff00000000 000000001fffffff
1fffffffffffffff 33 000000000fffffff fffffffe00000000 000000000fffffff
1fffffffffffffff 34 0000000007ffffff fffffffc00000000 0000000007ffffff
1fffffffffffffff 35 0000000003ffffff fffffff800000000 0000000003ffffff
1fffffffffffffff 36 0000000001ffffff fffffff000000000 0000000001ffffff
1fffffffffffffff 37 0000000000ffffff ffffffe000000000 0000000000ffffff
1fffffffffffffff 38 00000000007fffff ffffffc000000000 00000000007fffff
1fffffffffffffff 39 00000000003fffff ffffff8000000000 00000000003fffff
1fffffffffffffff 40 00000000001fffff ffffff0000000000 00000000001fffff
1fffffffffffffff 41 00000000000fffff fffffe0000000000 00000000000fffff
1fffffffffffffff 42 000000000007ffff fffffc0000000000 000000000007ffff
1fffffffffffffff 43 000000000003ffff fffff80000000000 000000000003ffff
1fffffffffffffff 44 000000000001ffff fffff00000000000 000000000001ffff
1fffffffffffffff 45 000000000000ffff ffffe00000000000 000000000000ffff
1fffffffffffffff 46 0000000000007fff ffffc00000000000 0000000000007fff
1fffffffffffffff 47 0000000000003fff ffff800000000000 0000000000003fff
1fffffffffffffff 48 0000000000001fff ffff000000000000 0000000000001fff
1fffffffffffffff 49 0000000000000fff fffe000000000000 0000000000000fff
1fffffffffffffff 50 00000000000007ff fffc000000000000 00000000000007ff
1fffffffffffffff 51 00000000000003ff fff8000000000000 00000000000003ff
1fffffffffffffff 52 00000000000001ff fff0000000000000 00000000000001ff
1fffffffffffffff 53 00000000000000ff ffe0000000000000 00000000000000ff
1fffffffffffffff 54 000000000000007f ffc0000000000000 000000000000007f
1fffffffffffffff 55 000000000000003f ff80000000000000 000000000000003f
1fffffffffffffff 56 000000000000001f ff00000000000000 000000000000001f
1fffffffffffffff 57 000000000000000f fe00000000000000 000000000000000f
1fffffffffffffff 58 0000000000000007 fc00000000000000 0000000000000007
1fffffffffffffff 59 0000000000000003 f800000000000000 0000000000000003
1fffffffffffffff 60 0000000000000001 f000000000000000 0000000000000001
1fffffffffffffff 61 0000000000000000 e000000000000000 0000000000000000
1fffffffffffffff 62 0000000000000000 c000000000000000 0000000000000000
1fffffffffffffff 63 0000000000000000 8000000000000000 0000000000000000
2000000000000000 0 2000000000000000 2000000000000000 2000000000000000
2000000000000000 1 1000000000000000 4000000000000000 1000000000000000
2000000000000000 2 0800000000000000 8000000000000000 0800000000000000
2000000000000000 3 0400000000000000 0000000000000000 0400000000000000
2000000000000000 4 0200000000000000 0000000000000000 0200000000000000
2000000000000000 5 0100000000000000 0000000000000000 0100000000000000
2000000000000000 6 0080000000000000 0000000000000000 0080000000000000
2000000000000000 7 0040000000000000 0000000000000000 0040000000000000
2000000000000000 8 0020000000000000 0000000000000000 0020000000000000
2000000000000000 9 0010000000000000 0000000000000000 0010000000000000
2000000000000000 10 0008000000000000 0000000000000000 0008000000000000
2000000000000000 11 0004000000000000 0000000000000000 0004000000000000
2000000000000000 12 0002000000000000 0000000000000000 0002000000000000
2000000000000000 13 0001000000000000 0000000000000000 0001000000000000
2000000000000000 14 0000800000000000 0000000000000000 0000800000000000
2000000000000000 15 0000400000000000 0000000000000000 0000400000000000
2000000000000000 16 0000200000000000 0000000000000000 0000200000000000
2000000000000000 17 0000100000000000 0000000000000000 0000100000000000
2000000000000000 18 0000080000000000 0000000000000000 0000080000000000
2000000000000000 19 0000040000000000 0000000000000000 0000040000000000
2000000000000000 20 0000020000000000 0000000000000000 0000020000000000
2000000000000000 21 0000010000000000 0000000000000000 0000010000000000
2000000000000000 22 0000008000000000 0000000000000000 0000008000000000
2000000000000000 23 0000004000000000 0000000000000000 0000004000000000
2000000000000000 24 0000002000000000 0000000000000000 0000002000000000
2000000000000000 25 0000001000000000 0000000000000000 0000001000000000
2000000000000000 26 0000000800000000 0000000000000000 0000000800000000
2000000000000000 27 0000000400000000 0000000000000000 0000000400000000
2000000000000000 28 0000000200000000 0000000000000000 0000000200000000
2000000000000000 29 0000000100000000 0000000000000000 0000000100000000
2000000000000000 30 0000000080000000 0000000000000000 0000000080000000
2000000000000000 31 0000000040000000 0000000000000000 0000000040000000
2000000000000000 32 0000000020000000 0000000000000000 0000000020000000
2000000000000000 33 0000000010000000 0000000000000000 0000000010000000
2000000000000000 34 0000000008000000 0000000000000000 0000000008000000
2000000000000000 35 0000000004000000 0000000000000000 0000000004000000
2000000000000000 36 0000000002000000 0000000000000000 0000000002000000
2000000000000000 37 0000000001000000 0000000000000000 0000000001000000
2000000000000000 38 0000000000800000 0000000000000000 0000000000800000
2000000000000000 39 0000000000400000 0000000000000000 0000000000400000
2000000000000000 40 0000000000200000 0000000000000000 0000000000200000
2000000000000000 41 0000000000100000 0000000000000000 0000000000100000
2000000000000000 42 0000000000080000 0000000000000000 0000000000080000
2000000000000000 43 0000000000040000 0000000000000000 0000000000040000
2000000000000000 44 0000000000020000 0000000000000000 0000000000020000
2000000000000000 45 0000000000010000 0000000000000000 0000000000010000
2000000000000000 46 0000000000008000 0000000000000000 0000000000008000
2000000000000000 47 0000000000004000 0000000000000000 0000000000004000
2000000000000000 48 0000000000002000 0000000000000000 0000000000002000
2000000000000000 49 0000000000001000 0000000000000000 0000000000001000
2000000000000000 50 0000000000000800 0000000000000000 0000000000000800
2000000000000000 51 0000000000000400 0000000000000000 0000000000000400
2000000000000000 52 0000000000000200 0000000000000000 0000000000000200
2000000000000000 53 0000000000000100 0000000000000000 0000000000000100
2000000000000000 54 0000000000000080 0000000000000000 0000000000000080
2000000000000000 55 0000000000000040 0000000000000000 0000000000000040
2000000000000000 56 0000000000000020 0000000000000000 0000000000000020
2000000000000000 57 0000000000000010 0000000000000000 0000000000000010
2000000000000000 58 0000000000000008 0000000000000000 0000000000000008
2000000000000000 59 0000000000000004 0000000000000000 0000000000000004
2000000000000000 60 0000000000000002 0000000000000000 0000000000000002
2000000000000000 61 0000000000000001 0000000000000000 0000000000000001
2000000000000000 62 0000000000000000 0000000000000000 0000000000000000
2000000000000000 63 0000000000000000 0000000000000000 0000000000000000
3fffffffffffffff 0 3fffffffffffffff 3fffffffffffffff 3fffffffffffffff
3fffffffffffffff 1 1fffffffffffffff 7ffffffffffffffe 1fffffffffffffff
3fffffffffffffff 2 0fffffffffffffff fffffffffffffffc 0fffffffffffffff
3fffffffffffffff 3 07ffffffffffffff fffffffffffffff8 07ffffffffffffff
3fffffffffffffff 4 03ffffffffffffff fffffffffffffff0 03ffffffffffffff
3fffffffffffffff 5 01ffffffffffffff ffffffffffffffe0 01ffffffffffffff
3fffffffffffffff 6 00ffffffffffffff ffffffffffffffc0 00ffffffffffffff
3fffffffffffffff 7 007fffffffffffff ffffffffffffff80 007fffffffffffff
3fffffffffffffff 8 003fffffffffffff ffffffffffffff00 003fffffffffffff
3fffffffffffffff 9 001fffffffffffff fffffffffffffe00 001fffffffffffff
3fffffffffffffff 10 000fffffffffffff fffffffffffffc00 000fffffffffffff
3fffffffffffffff 11 0007ffffffffffff fffffffffffff800 0007ffffffffffff
3fffffffffffffff 12 0003ffffffffffff fffffffffffff000 0003ffffffffffff
3fffffffffffffff 13 0001ffffffffffff ffffffffffffe000 0001ffffffffffff
3fffffffffffffff 14 0000ffffffffffff ffffffffffffc000 0000ffffffffffff
3fffffffffffffff 15 00007fffffffffff ffffffffffff8000 00007fffffffffff
3fffffffffffffff 16 00003fffffffffff ffffffffffff0000 00003fffffffffff
3fffffffffffffff 17 00001fffffffffff fffffffffffe0000 00001fffffffffff
3fffffffffffffff 18 00000fffffffffff fffffffffffc0000 00000fffffffffff
3fffffffffffffff 19 000007ffffffffff fffffffffff80000 000007ffffffffff
3fffffffffffffff 20 000003ffffffffff fffffffffff00000 000003ffffffffff
3fffffffffffffff 21 000001ffffffffff ffffffffffe00000 000001ffffffffff
3fffffffffffffff 22 000000ffffffffff ffffffffffc00000 000000ffffffffff
3fffffffffffffff 23 0000007fffffffff ffffffffff800000 0000007fffffffff
3fffffffffffffff 24 0000003fffffffff ffffffffff000000 0000003fffffffff
3fffffffffffffff 25 0000001fffffffff fffffffffe000000 0000001fffffffff
3fffffffffffffff 26 0000000fffffffff fffffffffc000000 0000000fffffffff
3fffffffffffffff 27 00000007ffffffff fffffffff8000000 00000007ffffffff
3fffffffffffffff 28 00000003ffffffff fffffffff0000000 00000003ffffffff
3fffffffffffffff 29 00000001ffffffff ffffffffe0000000 00000001ffffffff
3fffffffffffffff 30 00000000ffffffff ffffffffc0000000 00000000ffffffff
3fffffffffffffff 31 000000007fffffff ffffffff80000000 000000007fffffff
3fffffffffffffff 32 000000003fffffff ffffffff00000000 000000003fffffff
3fffffffffffffff 33 000000001fffffff fffffffe00000000 000000001fffffff
3fffffffffffffff 34 000000000fffffff fffffffc00000000 000000000fffffff
3fffffffffffffff 35 0000000007ffffff fffffff800000000 0000000007ffffff
3fffffffffffffff 36 0000000003ffffff fffffff000000000 0000000003ffffff
3fffffffffffffff 37 0000000001ffffff ffffffe000000000 0000000001ffffff
3fffffffffffffff 38 0000000000ffffff ffffffc000000000 0000000000ffffff
3fffffffffffffff 39 00000000007fffff ffffff8000000000 00000000007fffff
3fffffffffffffff 40 00000000003fffff ffffff0000000000 00000000003fffff
3fffffffffffffff 41 00000000001fffff fffffe0000000000 00000000001fffff
3fffffffffffffff 42 00000000000fffff fffffc0000000000 00000000000fffff
3fffffffffffffff 43 000000000007ffff fffff80000000000 000000000007ffff
3fffffffffffffff 44 000000000003ffff fffff00000000000 000000000003ffff
3fffffffffffffff 45 000000000001ffff ffffe00000000000 000000000001ffff
3fffffffffffffff 46 000000000000ffff ffffc00000000000 000000000000ffff
3fffffffffffffff 47 0000000000007fff ffff800000000000 0000000000007fff
3fffffffffffffff 48 0000000000003fff ffff000000000000 0000000000003fff
3fffffffffffffff 49 0000000000001fff fffe000000000000 0000000000001fff
3fffffffffffffff 50 0000000000000fff fffc000000000000 0000000000000fff
3fffffffffffffff 51 00000000000007ff fff8000000000000 00000000000007ff
3fffffffffffffff 52 00000000000003ff fff0000000000000 00000000000003ff
3fffffffffffffff 53 00000000000001ff ffe0000000000000 00000000000001ff
3fffffffffffffff 54 00000000000000ff ffc0000000000000 00000000000000ff
3fffffffffffffff 55 000000000000007f ff80000000000000 000000000000007f
3fffffffffffffff 56 000000000000003f ff00000000000000 000000000000003f
3fffffffffffffff 57 000000000000001f fe00000000000000 000000000000001f
3fffffffffffffff 58 000000000000000f fc00000000000000 000000000000000f
3fffffffffffffff 59 0000000000000007 f800000000000000 0000000000000007
3fffffffffffffff 60 0000000000000003 f000000000000000 0000000000000003
3fffffffffffffff 61 0000000000000001 e000000000000000 0000000000000001
3fffffffffffffff 62 0000000000000000 c000000000000000 0000000000000000
3fffffffffffffff 63 0000000000000000 8000000000000000 0000000000000000
4000000000000000 0 4000000000000000 4000000000000000 4000000000000000
4000000000000000 1 2000000000000000 8000000000000000 2000000000000000
4000000000000000 2 1000000000000000 0000000000000000 1000000000000000
4000000000000000 3 0800000000000000 0000000000000000 0800000000000000
4000000000000000 4 0400000000000000 0000000000000000 0400000000000000
4000000000000000 5 0200000000000000 0000000000000000 0200000000000000
4000000000000000 6 0100000000000000 0000000000000000 0100000000000000
4000000000000000 7 0080000000000000 0000000000000000 0080000000000000
4000000000000000 8 0040000000000000 0000000000000000 0040000000000000
4000000000000000 9 0020000000000000 0000000000000000 0020000000000000
4000000000000000 10 0010000000000000 0000000000000000 0010000000000000
4000000000000000 11 0008000000000000 0000000000000000 0008000000000000
4000000000000000 12 0004000000000000 0000000000000000 0004000000000000
4000000000000000 13 0002000000000000 0000000000000000 0002000000000000
4000000000000000 14 0001000000000000 0000000000000000 0001000000000000
4000000000000000 15 0000800000000000 0000000000000000 0000800000000000
4000000000000000 16 0000400000000000 0000000000000000 0000400000000000
4000000000000000 17 0000200000000000 0000000000000000 0000200000000000
4000000000000000 18 0000100000000000 0000000000000000 0000100000000000
4000000000000000 19 0000080000000000 0000000000000000 0000080000000000
4000000000000000 20 0000040000000000 0000000000000000 0000040000000000
4000000000000000 21 0000020000000000 0000000000000000 0000020000000000
4000000000000000 22 0000010000000000 0000000000000000 0000010000000000
4000000000000000 23 0000008000000000 0000000000000000 0000008000000000
4000000000000000 24 0000004000000000 0000000000000000 0000004000000000
4000000000000000 25 0000002000000000 0000000000000000 0000002000000000
4000000000000000 26 0000001000000000 0000000000000000 0000001000000000
4000000000000000 27 0000000800000000 0000000000000000 0000000800000000
4000000000000000 28 0000000400000000 0000000000000000 0000000400000000
4000000000000000 29 0000000200000000 0000000000000000 0000000200000000
4000000000000000 30 0000000100000000 0000000000000000 0000000100000000
4000000000000000 31 0000000080000000 0000000000000000 0000000080000000
4000000000000000 32 0000000040000000 0000000000000000 0000000040000000
4000000000000000 33 0000000020000000 0000000000000000 0000000020000000
4000000000000000 34 0000000010000000 0000000000000000 0000000010000000
4000000000000000 35 0000000008000000 0000000000000000 0000000008000000
4000000000000000 36 0000000004000000 0000000000000000 0000000004000000
4000000000000000 37 0000000002000000 0000000000000000 0000000002000000
4000000000000000 38 0000000001000000 0000000000000000 0000000001000000
4000000000000000 39 0000000000800000 0000000000000000 0000000000800000
4000000000000000 40 0000000000400000 0000000000000000 0000000000400000
4000000000000000 41 0000000000200000 0000000000000000 0000000000200000
4000000000000000 42 0000000000100000 0000000000000000 0000000000100000
4000000000000000 43 0000000000080000 0000000000000000 0000000000080000
4000000000000000 44 0000000000040000 0000000000000000 0000000000040000
4000000000000000 45 0000000000020000 0000000000000000 0000000000020000
4000000000000000 46 0000000000010000 0000000000000000 0000000000010000
4000000000000000 47 0000000000008000 0000000000000000 0000000000008000
4000000000000000 48 0000000000004000 0000000000000000 0000000000004000
4000000000000000 49 0000000000002000 0000000000000000 0000000000002000
4000000000000000 50 0000000000001000 0000000000000000 0000000000001000
4000000000000000 51 0000000000000800 0000000000000000 0000000000000800
4000000000000000 52 0000000000000400 0000000000000000 0000000000000400
4000000000000000 53 0000000000000200 0000000000000000 0000000000000200
4000000000000000 54 0000000000000100 0000000000000000 0000000000000100
4000000000000000 55 0000000000000080 0000000000000000 0000000000000080
4000000000000000 56 0000000000000040 0000000000000000 0000000000000040
4000000000000000 57 0000000000000020 0000000000000000 0000000000000020
4000000000000000 58 0000000000000010 0000000000000000 0000000000000010
4000000000000000 59 0000000000000008 0000000000000000 0000000000000008
4000000000000000 60 0000000000000004 0000000000000000 0000000000000004
4000000000000000 61 0000000000000002 0000000000000000 0000000000000002
4000000000000000 62 0000000000000001 0000000000000000 0000000000000001
4000000000000000 63 0000000000000000 0000000000000000 0000000000000000
7fffffffffffffff 0 7fffffffffffffff 7fffffffffffffff 7fffffffffffffff
7fffffffffffffff 1 3fffffffffffffff fffffffffffffffe 3fffffffffffffff
7fffffffffffffff 2 1fffffffffffffff fffffffffffffffc 1fffffffffffffff
7fffffffffffffff 3 0fffffffffffffff fffffffffffffff8 0fffffffffffffff
7fffffffffffffff 4 07ffffffffffffff fffffffffffffff0 07ffffffffffffff
7fffffffffffffff 5 03ffffffffffffff ffffffffffffffe0 03ffffffffffffff
7fffffffffffffff 6 01ffffffffffffff ffffffffffffffc0 01ffffffffffffff
7fffffffffffffff 7 00ffffffffffffff ffffffffffffff80 00ffffffffffffff
7fffffffffffffff 8 007fffffffffffff ffffffffffffff00 007fffffffffffff
7fffffffffffffff 9 003fffffffffffff fffffffffffffe00 003fffffffffffff
7fffffffffffffff 10 001fffffffffffff fffffffffffffc00 001fffffffffffff
7fffffffffffffff 11 000fffffffffffff fffffffffffff800 000fffffffffffff
7fffffffffffffff 12 0007ffffffffffff fffffffffffff000 0007ffffffffffff
7fffffffffffffff 13 0003ffffffffffff ffffffffffffe000 0003ffffffffffff
7fffffffffffffff 14 0001ffffffffffff ffffffffffffc000 0001ffffffffffff
7fffffffffffffff 15 0000ffffffffffff ffffffffffff8000 0000ffffffffffff
7fffffffffffffff 16 00007fffffffffff ffffffffffff0000 00007fffffffffff
7fffffffffffffff 17 00003fffffffffff fffffffffffe0000 00003fffffffffff
7fffffffffffffff 18 00001fffffffffff fffffffffffc0000 00001fffffffffff
7fffffffffffffff 19 00000fffffffffff fffffffffff80000 00000fffffffffff
7fffffffffffffff 20 000007ffffffffff fffffffffff00000 000007ffffffffff
7fffffffffffffff 21 000003ffffffffff ffffffffffe00000 000003ffffffffff
7fffffffffffffff 22 000001ffffffffff ffffffffffc00000 000001ffffffffff
7fffffffffffffff 23 000000ffffffffff ffffffffff800000 000000ffffffffff
7fffffffffffffff 24 0000007fffffffff ffffffffff000000 0000007fffffffff
7fffffffffffffff 25 0000003fffffffff fffffffffe000000 0000003fffffffff
7fffffffffffffff 26 0000001fffffffff fffffffffc000000 0000001fffffffff
7fffffffffffffff 27 0000000fffffffff fffffffff8000000 0000000fffffffff
7fffffffffffffff 28 00000007ffffffff fffffffff0000000 00000007ffffffff
7fffffffffffffff 29 00000003ffffffff ffffffffe0000000 00000003ffffffff
7fffffffffffffff 30 00000001ffffffff ffffffffc0000000 00000001ffffffff
7fffffffffffffff 31 00000000ffffffff ffffffff80000000 00000000ffffffff
7fffffffffffffff 32 000000007fffffff ffffffff00000000 000000007fffffff
7fffffffffffffff 33 000000003fffffff fffffffe00000000 000000003fffffff
7fffffffffffffff 34 000000001fffffff fffffffc00000000 000000001fffffff
7fffffffffffffff 35 000000000fffffff fffffff800000000 000000000fffffff
7fffffffffffffff 36 0000000007ffffff fffffff000000000 0000000007ffffff
7fffffffffffffff 37 0000000003ffffff ffffffe000000000 0000000003ffffff
7fffffffffffffff 38 0000000001ffffff ffffffc000000000 0000000001ffffff
7fffffffffffffff 39 0000000000ffffff ffffff8000000000 0000000000ffffff
7fffffffffffffff 40 00000000007fffff ffffff0000000000 00000000007fffff
7fffffffffffffff 41 00000000003fffff fffffe0000000000 00000000003fffff
7fffffffffffffff 42 00000000001fffff fffffc0000000000 00000000001fffff
7fffffffffffffff 43 00000000000fffff fffff80000000000 00000000000fffff
7fffffffffffffff 44 000000000007ffff fffff00000000000 000000000007ffff
7fffffffffffffff 45 000000000003ffff ffffe00000000000 000000000003ffff
7fffffffffffffff 46 000000000001ffff ffffc00000000000 000000000001ffff
7fffffffffffffff 47 000000000000ffff ffff800000000000 000000000000ffff
7fffffffffffffff 48 0000000000007fff ffff000000000000 0000000000007fff
7fffffffffffffff 49 0000000000003fff fffe000000000000 0000000000003fff
7fffffffffffffff 50 0000000000001fff fffc000000000000 0000000000001fff
7fffffffffffffff 51 0000000000000fff fff8000000000000 0000000000000fff
7fffffffffffffff 52 00000000000007ff fff0000000000000 00000000000007ff
7fffffffffffffff 53 00000000000003ff ffe0000000000000 00000000000003ff
7fffffffffffffff 54 00000000000001ff ffc0000000000000 00000000000001ff
7fffffffffffffff 55 00000000000000ff ff80000000000000 00000000000000ff
7fffffffffffffff 56 000000000000007f ff00000000000000 000000000000007f
7fffffffffffffff 57 000000000000003f fe00000000000000 000000000000003f
7fffffffffffffff 58 000000000000001f fc00000000000000 000000000000001f
7fffffffffffffff 59 000000000000000f f800000000000000 000000000000000f
7fffffffffffffff 60 0000000000000007 f000000000000000 0000000000000007
7fffffffffffffff 61 0000000000000003 e000000000000000 0000000000000003
7fffffffffffffff 62 0000000000000001 c000000000000000 0000000000000001
7fffffffffffffff 63 0000000000000000 8000000000000000 0000000000000000
8000000000000000 0 8000000000000000 8000000000000000 8000000000000000
8000000000000000 1 4000000000000000 0000000000000000 c000000000000000
8000000000000000 2 2000000000000000 0000000000000000 e000000000000000
8000000000000000 3 1000000000000000 0000000000000000 f000000000000000
8000000000000000 4 0800000000000000 0000000000000000 f800000000000000
8000000000000000 5 0400000000000000 0000000000000000 fc00000000000000
8000000000000000 6 0200000000000000 0000000000000000 fe00000000000000
8000000000000000 7 0100000000000000 0000000000000000 ff00000000000000
8000000000000000 8 0080000000000000 0000000000000000 ff80000000000000
8000000000000000 9 0040000000000000 0000000000000000 ffc0000000000000
8000000000000000 10 0020000000000000 0000000000000000 ffe0000000000000
8000000000000000 11 0010000000000000 0000000000000000 fff0000000000000
8000000000000000 12 0008000000000000 0000000000000000 fff8000000000000
8000000000000000 13 0004000000000000 0000000000000000 fffc000000000000
8000000000000000 14 0002000000000000 0000000000000000 fffe000000000000
8000000000000000 15 0001000000000000 0000000000000000 ffff000000000000
8000000000000000 16 0000800000000000 0000000000000000 ffff800000000000
8000000000000000 17 0000400000000000 0000000000000000 ffffc00000000000
8000000000000000 18 0000200000000000 0000000000000000 ffffe00000000000
8000000000000000 19 0000100000000000 0000000000000000 fffff00000000000
8000000000000000 20 0000080000000000 0000000000000000 fffff80000000000
8000000000000000 21 0000040000000000 0000000000000000 fffffc0000000000
8000000000000000 22 0000020000000000 0000000000000000 fffffe0000000000
8000000000000000 23 0000010000000000 0000000000000000 ffffff0000000000
8000000000000000 24 0000008000000000 0000000000000000 ffffff8000000000
8000000000000000 25 0000004000000000 0000000000000000 ffffffc000000000
8000000000000000 26 0000002000000000 0000000000000000 ffffffe000000000
8000000000000000 27 0000001000000000 0000000000000000 fffffff000000000
8000000000000000 28 0000000800000000 0000000000000000 fffffff800000000
8000000000000000 29 0000000400000000 0000000000000000 fffffffc00000000
8000000000000000 30 0000000200000000 0000000000000000 fffffffe00000000
8000000000000000 31 0000000100000000 0000000000000000 ffffffff00000000
8000000000000000 32 0000000080000000 0000000000000000 ffffffff80000000
8000000000000000 33 0000000040000000 0000000000000000 ffffffffc0000000
8000000000000000 34 0000000020000000 0000000000000000 ffffffffe0000000
8000000000000000 35 0000000010000000 0000000000000000 fffffffff0000000
8000000000000000 36 0000000008000000 0000000000000000 fffffffff8000000
8000000000000000 37 0000000004000000 0000000000000000 fffffffffc000000
8000000000000000 38 0000000002000000 0000000000000000 fffffffffe000000
8000000000000000 39 0000000001000000 0000000000000000 ffffffffff000000
8000000000000000 40 0000000000800000 0000000000000000 ffffffffff800000
8000000000000000 41 0000000000400000 0000000000000000 ffffffffffc00000
8000000000000000 42 0000000000200000 0000000000000000 ffffffffffe00000
8000000000000000 43 0000000000100000 0000000000000000 fffffffffff00000
8000000000000000 44 0000000000080000 0000000000000000 fffffffffff80000
8000000000000000 45 0000000000040000 0000000000000000 fffffffffffc0000
8000000000000000 46 0000000000020000 0000000000000000 fffffffffffe0000
8000000000000000 47 0000000000010000 0000000000000000 ffffffffffff0000
8000000000000000 48 0000000000008000 0000000000000000 ffffffffffff8000
8000000000000000 49 0000000000004000 0000000000000000 ffffffffffffc000
8000000000000000 50 0000000000002000 0000000000000000 ffffffffffffe000
8000000000000000 51 0000000000001000 0000000000000000 fffffffffffff000
8000000000000000 52 0000000000000800 0000000000000000 fffffffffffff800
8000000000000000 53 0000000000000400 0000000000000000 fffffffffffffc00
8000000000000000 54 0000000000000200 0000000000000000 fffffffffffffe00
8000000000000000 55 0000000000000100 0000000000000000 ffffffffffffff00
8000000000000000 56 0000000000000080 0000000000000000 ffffffffffffff80
8000000000000000 57 0000000000000040 0000000000000000 ffffffffffffffc0
8000000000000000 58 0000000000000020 0000000000000000 ffffffffffffffe0
8000000000000000 59 0000000000000010 0000000000000000 fffffffffffffff0
8000000000000000 60 0000000000000008 0000000000000000 fffffffffffffff8
8000000000000000 61 0000000000000004 0000000000000000 fffffffffffffffc
8000000000000000 62 0000000000000002 0000000000000000 fffffffffffffffe
8000000000000000 63 0000000000000001 0000000000000000 ffffffffffffffff
c000000000000000 0 c000000000000000 c000000000000000 c000000000000000
c000000000000000 1 6000000000000000 8000000000000000 e000000000000000
c000000000000000 2 3000000000000000 0000000000000000 f000000000000000
c000000000000000 3 1800000000000000 0000000000000000 f800000000000000
c000000000000000 4 0c00000000000000 0000000000000000 fc00000000000000
c000000000000000 5 0600000000000000 0000000000000000 fe00000000000000
c000000000000000 6 0300000000000000 0000000000000000 ff00000000000000
c000000000000000 7 0180000000000000 0000000000000000 ff80000000000000
c000000000000000 8 00c0000000000000 0000000000000000 ffc0000000000000
c000000000000000 9 0060000000000000 0000000000000000 ffe0000000000000
c000000000000000 10 0030000000000000 0000000000000000 fff0000000000000
c000000000000000 11 0018000000000000 0000000000000000 fff8000000000000
c000000000000000 12 000c000000000000 0000000000000000 fffc000000000000
c000000000000000 13 0006000000000000 0000000000000000 fffe000000000000
c000000000000000 14 0003000000000000 0000000000000000 ffff000000000000
c000000000000000 15 0001800000000000 0000000000000000 ffff800000000000
c000000000000000 16 0000c00000000000 0000000000000000 ffffc00000000000
c000000000000000 17 0000600000000000 0000000000000000 ffffe00000000000
c000000000000000 18 0000300000000000 0000000000000000 fffff00000000000
c000000000000000 19 0000180000000000 0000000000000000 fffff80000000000
c000000000000000 20 00000c0000000000 0000000000000000 fffffc0000000000
c000000000000000 21 0000060000000000 0000000000000000 fffffe0000000000
c000000000000000 22 0000030000000000 0000000000000000 ffffff0000000000
c000000000000000 23 0000018000000000 0000000000000000 ffffff8000000000
c000000000000000 24 000000c000000000 0000000000000000 ffffffc000000000
c000000000000000 25 0000006000000000 0000000000000000 ffffffe000000000
c000000000000000 26 0000003000000000 0000000000000000 fffffff000000000
c000000000000000 27 0000001800000000 0000000000000000 fffffff800000000
c000000000000000 28 0000000c00000000 0000000000000000 fffffffc00000000
c000000000000000 29 0000000600000000 0000000000000000 fffffffe00000000
c000000000000000 30 0000000300000000 0000000000000000 ffffffff00000000
c000000000000000 31 0000000180000000 0000000000000000 ffffffff80000000
c000000000000000 32 00000000c0000000 0000000000000000 ffffffffc0000000
c000000000000000 33 0000000060000000 0000000000000000 ffffffffe0000000
c000000000000000 34 0000000030000000 0000000000000000 fffffffff0000000
c000000000000000 35 0000000018000000 0000000000000000 fffffffff8000000
c000000000000000 36 000000000c000000 0000000000000000 fffffffffc000000
c000000000000000 37 0000000006000000 0000000000000000 fffffffffe000000
c000000000000000 38 0000000003000000 0000000000000000 ffffffffff000000
c000000000000000 39 0000000001800000 0000000000000000 ffffffffff800000
c000000000000000 40 0000000000c00000 0000000000000000 ffffffffffc00000
c000000000000000 41 0000000000600000 0000000000000000 ffffffffffe00000
c000000000000000 42 0000000000300000 0000000000000000 fffffffffff00000
c000000000000000 43 0000000000180000 0000000000000000 fffffffffff80000
c000000000000000 44 00000000000c0000 0000000000000000 fffffffffffc0000
c000000000000000 45 0000000000060000 0000000000000000 fffffffffffe0000
c000000000000000 46 0000000000030000 0000000000000000 ffffffffffff0000
c000000000000000 47 0000000000018000 0000000000000000 ffffffffffff8000
c000000000000000 48 000000000000c000 0000000000000000 ffffffffffffc000
c000000000000000 49 0000000000006000 0000000000000000 ffffffffffffe000
c000000000000000 50 0000000000003000 0000000000000000 fffffffffffff000
c000000000000000 51 0000000000001800 0000000000000000 fffffffffffff800
c000000000000000 52 0000000000000c00 0000000000000000 fffffffffffffc00
c000000000000000 53 0000000000000600 0000000000000000 fffffffffffffe00
c000000000000000 54 0000000000000300 0000000000000000 ffffffffffffff00
c000000000000000 55 0000000000000180 0000000000000000 ffffffffffffff80
c000000000000000 56 00000000000000c0 0000000000000000 ffffffffffffffc0
c000000000000000 57 0000000000000060 0000000000000000 ffffffffffffffe0
c000000000000000 58 0000000000000030 0000000000000000 fffffffffffffff0
c000000000000000 59 0000000000000018 0000000000000000 fffffffffffffff8
c000000000000000 60 000000000000000c 0000000000000000 fffffffffffffffc
c000000000000000 61 0000000000000006 0000000000000000 fffffffffffffffe
c000000000000000 62 0000000000000003 0000000000000000 ffffffffffffffff
c000000000000000 63 0000000000000001 0000000000000000 ffffffffffffffff
e000000000000000 0 e000000000000000 e000000000000000 e000000000000000
e000000000000000 1 7000000000000000 c000000000000000 f000000000000000
e000000000000000 2 3800000000000000 8000000000000000 f800000000000000
e000000000000000 3 1c00000000000000 0000000000000000 fc00000000000000
e000000000000000 4 0e00000000000000 0000000000000000 fe00000000000000
e000000000000000 5 0700000000000000 0000000000000000 ff00000000000000
e000000000000000 6 0380000000000000 0000000000000000 ff80000000000000
e000000000000000 7 01c0000000000000 0000000000000000 ffc0000000000000
e000000000000000 8 00e0000000000000 0000000000000000 ffe0000000000000
e000000000000000 9 0070000000000000 0000000000000000 fff0000000000000
e000000000000000 10 0038000000000000 0000000000000000 fff8000000000000
e000000000000000 11 001c000000000000 0000000000000000 fffc000000000000
e000000000000000 12 000e000000000000 0000000000000000 fffe000000000000
e000000000000000 13 0007000000000000 0000000000000000 ffff000000000000
e000000000000000 14 0003800000000000 0000000000000000 ffff800000000000
e000000000000000 15 0001c00000000000 0000000000000000 ffffc00000000000
e000000000000000 16 0000e00000000000 0000000000000000 ffffe00000000000
e000000000000000 17 0000700000000000 0000000000000000 fffff00000000000
e000000000000000 18 0000380000000000 0000000000000000 fffff80000000000
e000000000000000 19 00001c0000000000 0000000000000000 fffffc0000000000
e000000000000000 20 00000e0000000000 0000000000000000 fffffe0000000000
e000000000000000 21 0000070000000000 0000000000000000 ffffff0000000000
e000000000000000 22 0000038000000000 0000000000000000 ffffff8000000000
e000000000000000 23 000001c000000000 0000000000000000 ffffffc000000000
e000000000000000 24 000000e000000000 0000000000000000 ffffffe000000000
e000000000000000 25 0000007000000000 0000000000000000 fffffff000000000
e000000000000000 26 0000003800000000 0000000000000000 fffffff800000000
e000000000000000 27 0000001c00000000 0000000000000000 fffffffc00000000
e000000000000000 28 0000000e00000000 0000000000000000 fffffffe00000000
e000000000000000 29 0000000700000000 0000000000000000 ffffffff00000000
e000000000000000 30 0000000380000000 0000000000000000 ffffffff80000000
e000000000000000 31 00000001c0000000 0000000000000000 ffffffffc0000000
e000000000000000 32 00000000e0000000 0000000000000000 ffffffffe0000000
e000000000000000 33 0000000070000000 0000000000000000 fffffffff0000000
e000000000000000 34 0000000038000000 0000000000000000 fffffffff8000000
e000000000000000 35 000000001c000000 0000000000000000 fffffffffc000000
e000000000000000 36 000000000e000000 0000000000000000 fffffffffe000000
e000000000000000 37 0000000007000000 0000000000000000 ffffffffff000000
e000000000000000 38 0000000003800000 0000000000000000 ffffffffff800000
e000000000000000 39 0000000001c00000 0000000000000000 ffffffffffc00000
e000000000000000 40 0000000000e00000 0000000000000000 ffffffffffe00000
e000000000000000 41 0000000000700000 0000000000000000 fffffffffff00000
e000000000000000 42 0000000000380000 0000000000000000 fffffffffff80000
e000000000000000 43 00000000001c0000 0000000000000000 fffffffffffc0000
e000000000000000 44 00000000000e0000 0000000000000000 fffffffffffe0000
e000000000000000 45 0000000000070000 0000000000000000 ffffffffffff0000
e000000000000000 46 0000000000038000 0000000000000000 ffffffffffff8000
e000000000000000 47 000000000001c000 0000000000000000 ffffffffffffc000
e000000000000000 48 000000000000e000 0000000000000000 ffffffffffffe000
e000000000000000 49 0000000000007000 0000000000000000 fffffffffffff000
e000000000000000 50 0000000000003800 0000000000000000 fffffffffffff800
e000000000000000 51 0000000000001c00 0000000000000000 fffffffffffffc00
e000000000000000 52 0000000000000e00 0000000000000000 fffffffffffffe00
e000000000000000 53 0000000000000700 0000000000000000 ffffffffffffff00
e000000000000000 54 0000000000000380 0000000000000000 ffffffffffffff80
e000000000000000 55 00000000000001c0 0000000000000000 ffffffffffffffc0
e000000000000000 56 00000000000000e0 0000000000000000 ffffffffffffffe0
e000000000000000 57 0000000000000070 0000000000000000 fffffffffffffff0
e000000000000000 58 0000000000000038 0000000000000000 fffffffffffffff8
e000000000000000 59 000000000000001c 0000000000000000 fffffffffffffffc
e000000000000000 60 000000000000000e 0000000000000000 fffffffffffffffe
e000000000000000 61 0000000000000007 0000000000000000 ffffffffffffffff
e000000000000000 62 0000000000000003 0000000000000000 ffffffffffffffff
e000000000000000 63 0000000000000001 0000000000000000 ffffffffffffffff
f000000000000000 0 f000000000000000 f000000000000000 f000000000000000
f000000000000000 1 7800000000000000 e000000000000000 f800000000000000
f000000000000000 2 3c00000000000000 c000000000000000 fc00000000000000
f000000000000000 3 1e00000000000000 8000000000000000 fe00000000000000
f000000000000000 4 0f00000000000000 0000000000000000 ff00000000000000
f000000000000000 5 0780000000000000 0000000000000000 ff80000000000000
f000000000000000 6 03c0000000000000 0000000000000000 ffc0000000000000
f000000000000000 7 01e0000000000000 0000000000000000 ffe0000000000000
f000000000000000 8 00f0000000000000 0000000000000000 fff0000000000000
f000000000000000 9 0078000000000000 0000000000000000 fff8000000000000
f000000000000000 10 003c000000000000 0000000000000000 fffc000000000000
f000000000000000 11 001e000000000000 0000000000000000 fffe000000000000
f000000000000000 12 000f000000000000 0000000000000000 ffff000000000000
f000000000000000 13 0007800000000000 0000000000000000 ffff800000000000
f000000000000000 14 0003c00000000000 0000000000000000 ffffc00000000000
f000000000000000 15 0001e00000000000 0000000000000000 ffffe00000000000
f000000000000000 16 0000f00000000000 0000000000000000 fffff00000000000
f000000000000000 17 0000780000000000 0000000000000000 fffff80000000000
f000000000000000 18 00003c0000000000 0000000000000000 fffffc0000000000
f000000000000000 19 00001e0000000000 0000000000000000 fffffe0000000000
f000000000000000 20 00000f0000000000 0000000000000000 ffffff0000000000
f000000000000000 21 0000078000000000 0000000000000000 ffffff8000000000
f000000000000000 22 000003c000000000 0000000000000000 ffffffc000000000
f000000000000000 23 000001e000000000 0000000000000000 ffffffe000000000
f000000000000000 24 000000f000000000 0000000000000000 fffffff000000000
f000000000000000 25 0000007800000000 0000000000000000 fffffff800000000
f000000000000000 26 0000003c00000000 0000000000000000 fffffffc00000000
f000000000000000 27 0000001e00000000 0000000000000000 fffffffe00000000
f000000000000000 28 0000000f00000000 0000000000000000 ffffffff00000000
f000000000000000 29 0000000780000000 0000000000000000 ffffffff80000000
f000000000000000 30 00000003c0000000 0000000000000000 ffffffffc0000000
f000000000000000 31 00000001e0000000 0000000000000000 ffffffffe0000000
f000000000000000 32 00000000f0000000 0000000000000000 fffffffff0000000
f000000000000000 33 0000000078000000 0000000000000000 fffffffff8000000
f000000000000000 34 000000003c000000 0000000000000000 fffffffffc000000
f000000000000000 35 000000001e000000 0000000000000000 fffffffffe000000
f000000000000000 36 000000000f000000 0000000000000000 ffffffffff000000
f000000000000000 37 0000000007800000 0000000000000000 ffffffffff800000
f000000000000000 38 0000000003c00000 0000000000000000 ffffffffffc00000
f000000000000000 39 0000000001e00000 0000000000000000 ffffffffffe00000
f000000000000000 40 0000000000f00000 0000000000000000 fffffffffff00000
f000000000000000 41 0000000000780000 0000000000000000 fffffffffff80000
f000000000000000 42 00000000003c0000 0000000000000000 fffffffffffc0000
f000000000000000 43 00000000001e0000 0000000000000000 fffffffffffe0000
f000000000000000 44 00000000000f0000 0000000000000000 ffffffffffff0000
f000000000000000 45 0000000000078000 0000000000000000 ffffffffffff8000
f000000000000000 46 000000000003c000 0000000000000000 ffffffffffffc000
f000000000000000 47 000000000001e000 0000000000000000 ffffffffffffe000
f000000000000000 48 000000000000f000 0000000000000000 fffffffffffff000
f000000000000000 49 0000000000007800 0000000000000000 fffffffffffff800
f000000000000000 50 0000000000003c00 0000000000000000 fffffffffffffc00
f000000000000000 51 0000000000001e00 0000000000000000 fffffffffffffe00
f000000000000000 52 0000000000000f00 0000000000000000 ffffffffffffff00
f000000000000000 53 0000000000000780 0000000000000000 ffffffffffffff80
f000000000000000 54 00000000000003c0 0000000000000000 ffffffffffffffc0
f000000000000000 55 00000000000001e0 0000000000000000 ffffffffffffffe0
f000000000000000 56 00000000000000f0 0000000000000000 fffffffffffffff0
f000000000000000 57 0000000000000078 0000000000000000 fffffffffffffff8
f000000000000000 58 000000000000003c 0000000000000000 fffffffffffffffc
f000000000000000 59 000000000000001e 0000000000000000 fffffffffffffffe
f000000000000000 60 000000000000000f 0000000000000000 ffffffffffffffff
f000000000000000 61 0000000000000007 0000000000000000 ffffffffffffffff
f000000000000000 62 0000000000000003 0000000000000000 ffffffffffffffff
f000000000000000 63 0000000000000001 0000000000000000 ffffffffffffffff
f800000000000000 0 f800000000000000 f800000000000000 f800000000000000
f800000000000000 1 7c00000000000000 f000000000000000 fc00000000000000
f800000000000000 2 3e00000000000000 e000000000000000 fe00000000000000
f800000000000000 3 1f00000000000000 c000000000000000 ff00000000000000
f800000000000000 4 0f80000000000000 8000000000000000 ff80000000000000
f800000000000000 5 07c0000000000000 0000000000000000 ffc0000000000000
f800000000000000 6 03e0000000000000 0000000000000000 ffe0000000000000
f800000000000000 7 01f0000000000000 0000000000000000 fff0000000000000
f800000000000000 8 00f8000000000000 0000000000000000 fff8000000000000
f800000000000000 9 007c000000000000 0000000000000000 fffc000000000000
f800000000000000 10 003e000000000000 0000000000000000 fffe000000000000
f800000000000000 11 001f000000000000 0000000000000000 ffff000000000000
f800000000000000 12 000f800000000000 0000000000000000 ffff800000000000
f800000000000000 13 0007c00000000000 0000000000000000 ffffc00000000000
f800000000000000 14 0003e00000000000 0000000000000000 ffffe00000000000
f800000000000000 15 0001f00000000000 0000000000000000 fffff00000000000
f800000000000000 16 0000f80000000000 0000000000000000 fffff80000000000
f800000000000000 17 00007c0000000000 0000000000000000 fffffc0000000000
f800000000000000 18 00003e0000000000 0000000000000000 fffffe0000000000
f800000000000000 19 00001f0000000000 0000000000000000 ffffff0000000000
f800000000000000 20 00000f8000000000 0000000000000000 ffffff8000000000
f800000000000000 21 000007c000000000 0000000000000000 ffffffc000000000
f800000000000000 22 000003e000000000 0000000000000000 ffffffe000000000
f800000000000000 23 000001f000000000 0000000000000000 fffffff000000000
f800000000000000 24 000000f800000000 0000000000000000 fffffff800000000
f800000000000000 25 0000007c00000000 0000000000000000 fffffffc00000000
f800000000000000 26 0000003e00000000 0000000000000000 fffffffe00000000
f800000000000000 27 0000001f00000000 0000000000000000 ffffffff00000000
f800000000000000 28 0000000f80000000 0000000000000000 ffffffff80000000
f800000000000000 29 00000007c0000000 0000000000000000 ffffffffc0000000
f800000000000000 30 00000003e0000000 0000000000000000 ffffffffe0000000
f800000000000000 31 00000001f0000000 0000000000000000 fffffffff0000000
f800000000000000 32 00000000f8000000 0000000000000000 fffffffff8000000
f800000000000000 33 000000007c000000 0000000000000000 fffffffffc000000
f800000000000000 34 000000003e000000 0000000000000000 fffffffffe000000
f800000000000000 35 000000001f000000 0000000000000000 ffffffffff000000
f800000000000000 36 000000000f800000 0000000000000000 ffffffffff800000
f800000000000000 37 0000000007c00000 0000000000000000 ffffffffffc00000
f800000000000000 38 0000000003e00000 0000000000000000 ffffffffffe00000
f800000000000000 39 0000000001f00000 0000000000000000 fffffffffff00000
f800000000000000 40 0000000000f80000 0000000000000000 fffffffffff80000
f800000000000000 41 00000000007c0000 0000000000000000 fffffffffffc0000
f800000000000000 42 00000000003e0000 0000000000000000 fffffffffffe0000
f800000000000000 43 00000000001f0000 0000000000000000 ffffffffffff0000
f800000000000000 44 00000000000f8000 0000000000000000 ffffffffffff8000
f800000000000000 45 000000000007c000 0000000000000000 ffffffffffffc000
f800000000000000 46 000000000003e000 0000000000000000 ffffffffffffe000
f800000000000000 47 000000000001f000 0000000000000000 fffffffffffff000
f800000000000000 48 000000000000f800 0000000000000000 fffffffffffff800
f800000000000000 49 0000000000007c00 0000000000000000 fffffffffffffc00
f800000000000000 50 0000000000003e00 0000000000000000 fffffffffffffe00
f800000000000000 51 0000000000001f00 0000000000000000 ffffffffffffff00
f800000000000000 52 0000000000000f80 0000000000000000 ffffffffffffff80
f800000000000000 53 00000000000007c0 0000000000000000 ffffffffffffffc0
f800000000000000 54 00000000000003e0 0000000000000000 ffffffffffffffe0
f800000000000000 55 00000000000001f0 0000000000000000 fffffffffffffff0
f800000000000000 56 00000000000000f8 0000000000000000 fffffffffffffff8
f800000000000000 57 000000000000007c 0000000000000000 fffffffffffffffc
f800000000000000 58 000000000000003e 0000000000000000 fffffffffffffffe
f800000000000000 59 000000000000001f 0000000000000000 ffffffffffffffff
f800000000000000 60 000000000000000f 0000000000000000 ffffffffffffffff
f800000000000000 61 0000000000000007 0000000000000000 ffffffffffffffff
f800000000000000 62 0000000000000003 0000000000000000 ffffffffffffffff
f800000000000000 63 0000000000000001 0000000000000000 ffffffffffffffff
fc00000000000000 0 fc00000000000000 fc00000000000000 fc00000000000000
fc00000000000000 1 7e00000000000000 f800000000000000 fe00000000000000
fc00000000000000 2 3f00000000000000 f000000000000000 ff00000000000000
fc00000000000000 3 1f80000000000000 e000000000000000 ff80000000000000
fc00000000000000 4 0fc0000000000000 c000000000000000 ffc0000000000000
fc00000000000000 5 07e0000000000000 8000000000000000 ffe0000000000000
fc00000000000000 6 03f0000000000000 0000000000000000 fff0000000000000
fc00000000000000 7 01f8000000000000 0000000000000000 fff8000000000000
fc00000000000000 8 00fc000000000000 0000000000000000 fffc000000000000
fc00000000000000 9 007e000000000000 0000000000000000 fffe000000000000
fc00000000000000 10 003f000000000000 0000000000000000 ffff000000000000
fc00000000000000 11 001f800000000000 0000000000000000 ffff800000000000
fc00000000000000 12 000fc00000000000 0000000000000000 ffffc00000000000
fc00000000000000 13 0007e00000000000 0000000000000000 ffffe00000000000
fc00000000000000 14 0003f00000000000 0000000000000000 fffff00000000000
fc00000000000000 15 0001f80000000000 0000000000000000 fffff80000000000
fc00000000000000 16 0000fc0000000000 0000000000000000 fffffc0000000000
fc00000000000000 17 00007e0000000000 0000000000000000 fffffe0000000000
fc00000000000000 18 00003f0000000000 0000000000000000 ffffff0000000000
fc00000000000000 19 00001f8000000000 0000000000000000 ffffff8000000000
fc00000000000000 20 00000fc000000000 0000000000000000 ffffffc000000000
fc00000000000000 21 000007e000000000 0000000000000000 ffffffe000000000
fc00000000000000 22 000003f000000000 0000000000000000 fffffff000000000
fc00000000000000 23 000001f800000000 0000000000000000 fffffff800000000
fc00000000000000 24 000000fc00000000 0000000000000000 fffffffc00000000
fc00000000000000 25 0000007e00000000 0000000000000000 fffffffe00000000
fc00000000000000 26 0000003f00000000 0000000000000000 ffffffff00000000
fc00000000000000 27 0000001f80000000 0000000000000000 ffffffff80000000
fc00000000000000 28 0000000fc0000000 0000000000000000 ffffffffc0000000
fc00000000000000 29 00000007e0000000 0000000000000000 ffffffffe0000000
fc00000000000000 30 00000003f0000000 0000000000000000 fffffffff0000000
fc00000000000000 31 00000001f8000000 0000000000000000 fffffffff8000000
fc00000000000000 32 00000000fc000000 0000000000000000 fffffffffc000000
fc00000000000000 33 000000007e000000 0000000000000000 fffffffffe000000
fc00000000000000 34 000000003f000000 0000000000000000 ffffffffff000000
fc00000000000000 35 000000001f800000 0000000000000000 ffffffffff800000
fc00000000000000 36 000000000fc00000 0000000000000000 ffffffffffc00000
fc00000000000000 37 0000000007e00000 0000000000000000 ffffffffffe00000
fc00000000000000 38 0000000003f00000 0000000000000000 fffffffffff00000
fc00000000000000 39 0000000001f80000 0000000000000000 fffffffffff80000
fc00000000000000 40 0000000000fc0000 0000000000000000 fffffffffffc0000
fc00000000000000 41 00000000007e0000 0000000000000000 fffffffffffe0000
fc00000000000000 42 00000000003f0000 0000000000000000 ffffffffffff0000
fc00000000000000 43 00000000001f8000 0000000000000000 ffffffffffff8000
fc00000000000000 44 00000000000fc000 0000000000000000 ffffffffffffc000
fc00000000000000 45 000000000007e000 0000000000000000 ffffffffffffe000
fc00000000000000 46 000000000003f000 0000000000000000 fffffffffffff000
fc00000000000000 47 000000000001f800 0000000000000000 fffffffffffff800
fc00000000000000 48 000000000000fc00 0000000000000000 fffffffffffffc00
fc00000000000000 49 0000000000007e00 0000000000000000 fffffffffffffe00
fc00000000000000 50 0000000000003f00 0000000000000000 ffffffffffffff00
fc00000000000000 51 0000000000001f80 0000000000000000 ffffffffffffff80
fc00000000000000 52 0000000000000fc0 0000000000000000 ffffffffffffffc0
fc00000000000000 53 00000000000007e0 0000000000000000 ffffffffffffffe0
fc00000000000000 54 00000000000003f0 0000000000000000 fffffffffffffff0
fc00000000000000 55 00000000000001f8 0000000000000000 fffffffffffffff8
fc00000000000000 56 00000000000000fc 0000000000000000 fffffffffffffffc
fc00000000000000 57 000000000000007e 0000000000000000 fffffffffffffffe
fc00000000000000 58 000000000000003f 0000000000000000 ffffffffffffffff
fc00000000000000 59 000000000000001f 0000000000000000 ffffffffffffffff
fc00000000000000 60 000000000000000f 0000000000000000 ffffffffffffffff
fc00000000000000 61 0000000000000007 0000000000000000 ffffffffffffffff
fc00000000000000 62 0000000000000003 0000000000000000 ffffffffffffffff
fc00000000000000 63 0000000000000001 0000000000000000 ffffffffffffffff
fe00000000000000 0 fe00000000000000 fe00000000000000 fe00000000000000
fe00000000000000 1 7f00000000000000 fc00000000000000 ff00000000000000
fe00000000000000 2 3f80000000000000 f800000000000000 ff80000000000000
fe00000000000000 3 1fc0000000000000 f000000000000000 ffc0000000000000
fe00000000000000 4 0fe0000000000000 e000000000000000 ffe0000000000000
fe00000000000000 5 07f0000000000000 c000000000000000 fff0000000000000
fe00000000000000 6 03f8000000000000 8000000000000000 fff8000000000000
fe00000000000000 7 01fc000000000000 0000000000000000 fffc000000000000
fe00000000000000 8 00fe000000000000 0000000000000000 fffe000000000000
fe00000000000000 9 007f000000000000 0000000000000000 ffff000000000000
fe00000000000000 10 003f800000000000 0000000000000000 ffff800000000000
fe00000000000000 11 001fc00000000000 0000000000000000 ffffc00000000000
fe00000000000000 12 000fe00000000000 0000000000000000 ffffe00000000000
fe00000000000000 13 0007f00000000000 0000000000000000 fffff00000000000
fe00000000000000 14 0003f80000000000 0000000000000000 fffff80000000000
fe00000000000000 15 0001fc0000000000 0000000000000000 fffffc0000000000
fe00000000000000 16 0000fe0000000000 0000000000000000 fffffe0000000000
fe00000000000000 17 00007f0000000000 0000000000000000 ffffff0000000000
fe00000000000000 18 00003f8000000000 0000000000000000 ffffff8000000000
fe00000000000000 19 00001fc000000000 0000000000000000 ffffffc000000000
fe00000000000000 20 00000fe000000000 0000000000000000 ffffffe000000000
fe00000000000000 21 000007f000000000 0000000000000000 fffffff000000000
fe00000000000000 22 000003f800000000 0000000000000000 fffffff800000000
fe00000000000000 23 000001fc00000000 0000000000000000 fffffffc00000000
fe00000000000000 24 000000fe00000000 0000000000000000 fffffffe00000000
fe00000000000000 25 0000007f00000000 0000000000000000 ffffffff00000000
fe00000000000000 26 0000003f80000000 0000000000000000 ffffffff80000000
fe00000000000000 27 0000001fc0000000 0000000000000000 ffffffffc0000000
fe00000000000000 28 0000000fe0000000 0000000000000000 ffffffffe0000000
fe00000000000000 29 00000007f0000000 0000000000000000 fffffffff0000000
fe00000000000000 30 00000003f8000000 0000000000000000 fffffffff8000000
fe00000000000000 31 00000001fc000000 0000000000000000 fffffffffc000000
fe00000000000000 32 00000000fe000000 0000000000000000 fffffffffe000000
fe00000000000000 33 000000007f000000 0000000000000000 ffffffffff000000
fe00000000000000 34 000000003f800000 0000000000000000 ffffffffff800000
fe00000000000000 35 000000001fc00000 0000000000000000 ffffffffffc00000
fe00000000000000 36 000000000fe00000 0000000000000000 ffffffffffe00000
fe00000000000000 37 0000000007f00000 0000000000000000 fffffffffff00000
fe00000000000000 38 0000000003f80000 0000000000000000 fffffffffff80000
fe00000000000000 39 0000000001fc0000 0000000000000000 fffffffffffc0000
fe00000000000000 40 0000000000fe0000 0000000000000000 fffffffffffe0000
fe00000000000000 41 00000000007f0000 0000000000000000 ffffffffffff0000
fe00000000000000 42 00000000003f8000 0000000000000000 ffffffffffff8000
fe00000000000000 43 00000000001fc000 0000000000000000 ffffffffffffc000
fe00000000000000 44 00000000000fe000 0000000000000000 ffffffffffffe000
fe00000000000000 45 000000000007f000 0000000000000000 fffffffffffff000
fe00000000000000 46 000000000003f800 0000000000000000 fffffffffffff800
fe00000000000000 47 000000000001fc00 0000000000000000 fffffffffffffc00
fe00000000000000 48 000000000000fe00 0000000000000000 fffffffffffffe00
fe00000000000000 49 0000000000007f00 0000000000000000 ffffffffffffff00
fe00000000000000 50 0000000000003f80 0000000000000000 ffffffffffffff80
fe00000000000000 51 0000000000001fc0 0000000000000000 ffffffffffffffc0
fe00000000000000 52 0000000000000fe0 0000000000000000 ffffffffffffffe0
fe00000000000000 53 00000000000007f0 0000000000000000 fffffffffffffff0
fe00000000000000 54 00000000000003f8 0000000000000000 fffffffffffffff8
fe00000000000000 55 00000000000001fc 0000000000000000 fffffffffffffffc
fe00000000000000 56 00000000000000fe 0000000000000000 fffffffffffffffe
fe00000000000000 57 000000000000007f 0000000000000000 ffffffffffffffff
fe00000000000000 58 000000000000003f 0000000000000000 ffffffffffffffff
fe00000000000000 59 000000000000001f 0000000000000000 ffffffffffffffff
fe00000000000000 60 000000000000000f 0000000000000000 ffffffffffffffff
fe00000000000000 61 0000000000000007 0000000000000000 ffffffffffffffff
fe00000000000000 62 0000000000000003 0000000000000000 ffffffffffffffff
fe00000000000000 63 0000000000000001 0000000000000000 ffffffffffffffff
fedcba9876543210 0 fedcba9876543210 fedcba9876543210 fedcba9876543210
fedcba9876543210 1 7f6e5d4c3b2a1908 fdb97530eca86420 ff6e5d4c3b2a1908
fedcba9876543210 2 3fb72ea61d950c84 fb72ea61d950c840 ffb72ea61d950c84
fedcba9876543210 3 1fdb97530eca8642 f6e5d4c3b2a19080 ffdb97530eca8642
fedcba9876543210 4 0fedcba987654321 edcba98765432100 ffedcba987654321
fedcba9876543210 5 07f6e5d4c3b2a190 db97530eca864200 fff6e5d4c3b2a190
fedcba9876543210 6 03fb72ea61d950c8 b72ea61d950c8400 fffb72ea61d950c8
fedcba9876543210 7 01fdb97530eca864 6e5d4c3b2a190800 fffdb97530eca864
fedcba9876543210 8 00fedcba98765432 dcba987654321000 fffedcba98765432
fedcba9876543210 9 007f6e5d4c3b2a19 b97530eca8642000 ffff6e5d4c3b2a19
fedcba9876543210 10 003fb72ea61d950c 72ea61d950c84000 ffffb72ea61d950c
fedcba9876543210 11 001fdb97530eca86 e5d4c3b2a1908000 ffffdb97530eca86
fedcba9876543210 12 000fedcba9876543 cba9876543210000 ffffedcba9876543
fedcba9876543210 13 0007f6e5d4c3b2a1 97530eca86420000 fffff6e5d4c3b2a1
fedcba9876543210 14 0003fb72ea61d950 2ea61d950c840000 fffffb72ea61d950
fedcba9876543210 15 0001fdb97530eca8 5d4c3b2a19080000 fffffdb97530eca8
fedcba9876543210 16 0000fedcba987654 ba98765432100000 fffffedcba987654
fedcba9876543210 17 00007f6e5d4c3b2a 7530eca864200000 ffffff6e5d4c3b2a
fedcba9876543210 18 00003fb72ea61d95 ea61d950c8400000 ffffffb72ea61d95
fedcba9876543210 19 00001fdb97530eca d4c3b2a190800000 ffffffdb97530eca
fedcba9876543210 20 00000fedcba98765 a987654321000000 ffffffedcba98765
fedcba9876543210 21 000007f6e5d4c3b2 530eca8642000000 fffffff6e5d4c3b2
fedcba9876543210 22 000003fb72ea61d9 a61d950c84000000 fffffffb72ea61d9
fedcba9876543210 23 000001fdb97530ec 4c3b2a1908000000 fffffffdb97530ec
fedcba9876543210 24 000000fedcba9876 9876543210000000 fffffffedcba9876
fedcba9876543210 25 0000007f6e5d4c3b 30eca86420000000 ffffffff6e5d4c3b
fedcba9876543210 26 0000003fb72ea61d 61d950c840000000 ffffffffb72ea61d
fedcba9876543210 27 0000001fdb97530e c3b2a19080000000 ffffffffdb97530e
fedcba9876543210 28 0000000fedcba987 8765432100000000 ffffffffedcba987
fedcba9876543210 29 00000007f6e5d4c3 0eca864200000000 fffffffff6e5d4c3
fedcba9876543210 30 00000003fb72ea61 1d950c8400000000 fffffffffb72ea61
fedcba9876543210 31 00000001fdb97530 3b2a190800000000 fffffffffdb97530
fedcba9876543210 32 00000000fedcba98 7654321000000000 fffffffffedcba98
fedcba9876543210 33 000000007f6e5d4c eca8642000000000 ffffffffff6e5d4c
fedcba9876543210 34 000000003fb72ea6 d950c84000000000 ffffffffffb72ea6
fedcba9876543210 35 000000001fdb9753 b2a1908000000000 ffffffffffdb9753
fedcba9876543210 36 000000000fedcba9 6543210000000000 ffffffffffedcba9
fedcba9876543210 37 0000000007f6e5d4 ca86420000000000 fffffffffff6e5d4
fedcba9876543210 38 0000000003fb72ea 950c840000000000 fffffffffffb72ea
fedcba9876543210 39 0000000001fdb975 2a19080000000000 fffffffffffdb975
fedcba9876543210 40 0000000000fedcba 5432100000000000 fffffffffffedcba
fedcba9876543210 41 00000000007f6e5d a864200000000000 ffffffffffff6e5d
fedcba9876543210 42 00000000003fb72e 50c8400000000000 ffffffffffffb72e
fedcba9876543210 43 00000000001fdb97 a190800000000000 ffffffffffffdb97
fedcba9876543210 44 00000000000fedcb 4321000000000000 ffffffffffffedcb
fedcba9876543210 45 000000000007f6e5 8642000000000000 fffffffffffff6e5
fedcba9876543210 46 000000000003fb72 0c84000000000000 fffffffffffffb72
fedcba9876543210 47 000000000001fdb9 1908000000000000 fffffffffffffdb9
fedcba9876543210 48 000000000000fedc 3210000000000000 fffffffffffffedc
fedcba9876543210 49 0000000000007f6e 6420000000000000 ffffffffffffff6e
fedcba9876543210 50 0000000000003fb7 c840000000000000 ffffffffffffffb7
fedcba9876543210 51 0000000000001fdb 9080000000000000 ffffffffffffffdb
fedcba9876543210 52 0000000000000fed 2100000000000000 ffffffffffffffed
fedcba9876543210 53 00000000000007f6 4200000000000000 fffffffffffffff6
fedcba9876543210 54 00000000000003fb 8400000000000000 fffffffffffffffb
fedcba9876543210 55 00000000000001fd 0800000000000000 fffffffffffffffd
fedcba9876543210 56 00000000000000fe 1000000000000000 fffffffffffffffe
fedcba9876543210 57 000000000000007f 2000000000000000 ffffffffffffffff
fedcba9876543210 58 000000000000003f 4000000000000000 ffffffffffffffff
fedcba9876543210 59 000000000000001f 8000000000000000 ffffffffffffffff
fedcba9876543210 60 000000000000000f 0000000000000000 ffffffffffffffff
fedcba9876543210 61 0000000000000007 0000000000000000 ffffffffffffffff
fedcba9876543210 62 0000000000000003 0000000000000000 ffffffffffffffff
fedcba9876543210 63 0000000000000001 0000000000000000 ffffffffffffffff
ff00000000000000 0 ff00000000000000 ff00000000000000 ff00000000000000
ff00000000000000 1 7f80000000000000 fe00000000000000 ff80000000000000
ff00000000000000 2 3fc0000000000000 fc00000000000000 ffc0000000000000
ff00000000000000 3 1fe0000000000000 f800000000000000 ffe0000000000000
ff00000000000000 4 0ff0000000000000 f000000000000000 fff0000000000000
ff00000000000000 5 07f8000000000000 e000000000000000 fff8000000000000
ff00000000000000 6 03fc000000000000 c000000000000000 fffc000000000000
ff00000000000000 7 01fe000000000000 8000000000000000 fffe000000000000
ff00000000000000 8 00ff000000000000 0000000000000000 ffff000000000000
ff00000000000000 9 007f800000000000 0000000000000000 ffff800000000000
ff00000000000000 10 003fc00000000000 0000000000000000 ffffc00000000000
ff00000000000000 11 001fe00000000000 0000000000000000 ffffe00000000000
ff00000000000000 12 000ff00000000000 0000000000000000 fffff00000000000
ff00000000000000 13 0007f80000000000 0000000000000000 fffff80000000000
ff00000000000000 14 0003fc0000000000 0000000000000000 fffffc0000000000
ff00000000000000 15 0001fe0000000000 0000000000000000 fffffe0000000000
ff00000000000000 16 0000ff0000000000 0000000000000000 ffffff0000000000
ff00000000000000 17 00007f8000000000 0000000000000000 ffffff8000000000
ff00000000000000 18 00003fc000000000 0000000000000000 ffffffc000000000
ff00000000000000 19 00001fe000000000 0000000000000000 ffffffe000000000
ff00000000000000 20 00000ff000000000 0000000000000000 fffffff000000000
ff00000000000000 21 000007f800000000 0000000000000000 fffffff800000000
ff00000000000000 22 000003fc00000000 0000000000000000 fffffffc00000000
ff00000000000000 23 000001fe00000000 0000000000000000 fffffffe00000000
ff00000000000000 24 000000ff00000000 0000000000000000 ffffffff00000000
ff00000000000000 25 0000007f80000000 0000000000000000 ffffffff80000000
ff00000000000000 26 0000003fc0000000 0000000000000000 ffffffffc0000000
ff00000000000000 27 0000001fe0000000 0000000000000000 ffffffffe0000000
ff00000000000000 28 0000000ff0000000 0000000000000000 fffffffff0000000
ff00000000000000 29 00000007f8000000 0000000000000000 fffffffff8000000
ff00000000000000 30 00000003fc000000 0000000000000000 fffffffffc000000
ff00000000000000 31 00000001fe000000 0000000000000000 fffffffffe000000
ff00000000000000 32 00000000ff000000 0000000000000000 ffffffffff000000
ff00000000000000 33 000000007f800000 0000000000000000 ffffffffff800000
ff00000000000000 34 000000003fc00000 0000000000000000 ffffffffffc00000
ff00000000000000 35 000000001fe00000 0000000000000000 ffffffffffe00000
ff00000000000000 36 000000000ff00000 0000000000000000 fffffffffff00000
ff00000000000000 37 0000000007f80000 0000000000000000 fffffffffff80000
ff00000000000000 38 0000000003fc0000 0000000000000000 fffffffffffc0000
ff00000000000000 39 0000000001fe0000 0000000000000000 fffffffffffe0000
ff00000000000000 40 0000000000ff0000 0000000000000000 ffffffffffff0000
ff00000000000000 41 00000000007f8000 0000000000000000 ffffffffffff8000
ff00000000000000 42 00000000003fc000 0000000000000000 ffffffffffffc000
ff00000000000000 43 00000000001fe000 0000000000000000 ffffffffffffe000
ff00000000000000 44 00000000000ff000 0000000000000000 fffffffffffff000
ff00000000000000 45 000000000007f800 0000000000000000 fffffffffffff800
ff00000000000000 46 000000000003fc00 0000000000000000 fffffffffffffc00
ff00000000000000 47 000000000001fe00 0000000000000000 fffffffffffffe00
ff00000000000000 48 000000000000ff00 0000000000000000 ffffffffffffff00
ff00000000000000 49 0000000000007f80 0000000000000000 ffffffffffffff80
ff00000000000000 50 0000000000003fc0 0000000000000000 ffffffffffffffc0
ff00000000000000 51 0000000000001fe0 0000000000000000 ffffffffffffffe0
ff00000000000000 52 0000000000000ff0 0000000000000000 fffffffffffffff0
ff00000000000000 53 00000000000007f8 0000000000000000 fffffffffffffff8
ff00000000000000 54 00000000000003fc 0000000000000000 fffffffffffffffc
ff00000000000000 55 00000000000001fe 0000000000000000 fffffffffffffffe
ff00000000000000 56 00000000000000ff 0000000000000000 ffffffffffffffff
ff00000000000000 57 000000000000007f 0000000000000000 ffffffffffffffff
ff00000000000000 58 000000000000003f 0000000000000000 ffffffffffffffff
ff00000000000000 59 000000000000001f 0000000000000000 ffffffffffffffff
ff00000000000000 60 000000000000000f 0000000000000000 ffffffffffffffff
ff00000000000000 61 0000000000000007 0000000000000000 ffffffffffffffff
ff00000000000000 62 0000000000000003 0000000000000000 ffffffffffffffff
ff00000000000000 63 0000000000000001 0000000000000000 ffffffffffffffff
ff80000000000000 0 ff80000000000000 ff80000000000000 ff80000000000000
ff80000000000000 1 7fc0000000000000 ff00000000000000 ffc0000000000000
ff80000000000000 2 3fe0000000000000 fe00000000000000 ffe0000000000000
ff80000000000000 3 1ff0000000000000 fc00000000000000 fff0000000000000
ff80000000000000 4 0ff8000000000000 f800000000000000 fff8000000000000
ff80000000000000 5 07fc000000000000 f000000000000000 fffc000000000000
ff80000000000000 6 03fe000000000000 e000000000000000 fffe000000000000
ff80000000000000 7 01ff000000000000 c000000000000000 ffff000000000000
ff80000000000000 8 00ff800000000000 8000000000000000 ffff800000000000
ff80000000000000 9 007fc00000000000 0000000000000000 ffffc00000000000
ff80000000000000 10 003fe00000000000 0000000000000000 ffffe00000000000
ff80000000000000 11 001ff00000000000 0000000000000000 fffff00000000000
ff80000000000000 12 000ff80000000000 0000000000000000 fffff80000000000
ff80000000000000 13 0007fc0000000000 0000000000000000 fffffc0000000000
ff80000000000000 14 0003fe0000000000 0000000000000000 fffffe0000000000
ff80000000000000 15 0001ff0000000000 0000000000000000 ffffff0000000000
ff80000000000000 16 0000ff8000000000 0000000000000000 ffffff8000000000
ff80000000000000 17 00007fc000000000 0000000000000000 ffffffc000000000
ff80000000000000 18 00003fe000000000 0000000000000000 ffffffe000000000
ff80000000000000 19 00001ff000000000 0000000000000000 fffffff000000000
ff80000000000000 20 00000ff800000000 0000000000000000 fffffff800000000
ff80000000000000 21 000007fc00000000 0000000000000000 fffffffc00000000
ff80000000000000 22 000003fe00000000 0000000000000000 fffffffe00000000
ff80000000000000 23 000001ff00000000 0000000000000000 ffffffff00000000
ff80000000000000 24 000000ff80000000 0000000000000000 ffffffff80000000
ff80000000000000 25 0000007fc0000000 0000000000000000 ffffffffc0000000
ff80000000000000 26 0000003fe0000000 0000000000000000 ffffffffe0000000
ff80000000000000 27 0000001ff0000000 0000000000000000 fffffffff0000000
ff80000000000000 28 0000000ff8000000 0000000000000000 fffffffff8000000
ff80000000000000 29 00000007fc000000 0000000000000000 fffffffffc000000
ff80000000000000 30 00000003fe000000 0000000000000000 fffffffffe000000
ff80000000000000 31 00000001ff000000 0000000000000000 ffffffffff000000
ff80000000000000 32 00000000ff800000 0000000000000000 ffffffffff800000
ff80000000000000 33 000000007fc00000 0000000000000000 ffffffffffc00000
ff80000000000000 34 000000003fe00000 0000000000000000 ffffffffffe00000
ff80000000000000 35 000000001ff00000 0000000000000000 fffffffffff00000
ff80000000000000 36 000000000ff80000 0000000000000000 fffffffffff80000
ff80000000000000 37 0000000007fc0000 0000000000000000 fffffffffffc0000
ff80000000000000 38 0000000003fe0000 0000000000000000 fffffffffffe0000
ff80000000000000 39 0000000001ff0000 0000000000000000 ffffffffffff0000
ff80000000000000 40 0000000000ff8000 0000000000000000 ffffffffffff8000
ff80000000000000 41 00000000007fc000 0000000000000000 ffffffffffffc000
ff80000000000000 42 00000000003fe000 0000000000000000 ffffffffffffe000
ff80000000000000 43 00000000001ff000 0000000000000000 fffffffffffff000
ff80000000000000 44 00000000000ff800 0000000000000000 fffffffffffff800
ff80000000000000 45 000000000007fc00 0000000000000000 fffffffffffffc00
ff80000000000000 46 000000000003fe00 0000000000000000 fffffffffffffe00
ff80000000000000 47 000000000001ff00 0000000000000000 ffffffffffffff00
ff80000000000000 48 000000000000ff80 0000000000000000 ffffffffffffff80
ff80000000000000 49 0000000000007fc0 0000000000000000 ffffffffffffffc0
ff80000000000000 50 0000000000003fe0 0000000000000000 ffffffffffffffe0
ff80000000000000 51 0000000000001ff0 0000000000000000 fffffffffffffff0
ff80000000000000 52 0000000000000ff8 0000000000000000 fffffffffffffff8
ff80000000000000 53 00000000000007fc 0000000000000000 fffffffffffffffc
ff80000000000000 54 00000000000003fe 0000000000000000 fffffffffffffffe
ff80000000000000 55 00000000000001ff 0000000000000000 ffffffffffffffff
ff80000000000000 56 00000000000000ff 0000000000000000 ffffffffffffffff
ff80000000000000 57 000000000000007f 0000000000000000 ffffffffffffffff
ff80000000000000 58 000000000000003f 0000000000000000 ffffffffffffffff
ff80000000000000 59 000000000000001f 0000000000000000 ffffffffffffffff
ff80000000000000 60 000000000000000f 0000000000000000 ffffffffffffffff
ff80000000000000 61 0000000000000007 0000000000000000 ffffffffffffffff
ff80000000000000 62 0000000000000003 0000000000000000 ffffffffffffffff
ff80000000000000 63 0000000000000001 0000000000000000 ffffffffffffffff
ffc0000000000000 0 ffc0000000000000 ffc0000000000000 ffc0000000000000
ffc0000000000000 1 7fe0000000000000 ff80000000000000 ffe0000000000000
ffc0000000000000 2 3ff0000000000000 ff00000000000000 fff0000000000000
ffc0000000000000 3 1ff8000000000000 fe00000000000000 fff8000000000000
ffc0000000000000 4 0ffc000000000000 fc00000000000000 fffc000000000000
ffc0000000000000 5 07fe000000000000 f800000000000000 fffe000000000000
ffc0000000000000 6 03ff000000000000 f000000000000000 ffff000000000000
ffc0000000000000 7 01ff800000000000 e000000000000000 ffff800000000000
ffc0000000000000 8 00ffc00000000000 c000000000000000 ffffc00000000000
ffc0000000000000 9 007fe00000000000 8000000000000000 ffffe00000000000
ffc0000000000000 10 003ff00000000000 0000000000000000 fffff00000000000
ffc0000000000000 11 001ff80000000000 0000000000000000 fffff80000000000
ffc0000000000000 12 000ffc0000000000 0000000000000000 fffffc0000000000
ffc0000000000000 13 0007fe0000000000 0000000000000000 fffffe0000000000
ffc0000000000000 14 0003ff0000000000 0000000000000000 ffffff0000000000
ffc0000000000000 15 0001ff8000000000 0000000000000000 ffffff8000000000
ffc0000000000000 16 0000ffc000000000 0000000000000000 ffffffc000000000
ffc0000000000000 17 00007fe000000000 0000000000000000 ffffffe000000000
ffc0000000000000 18 00003ff000000000 0000000000000000 fffffff000000000
ffc0000000000000 19 00001ff800000000 0000000000000000 fffffff800000000
ffc0000000000000 20 00000ffc00000000 0000000000000000 fffffffc00000000
ffc0000000000000 21 000007fe00000000 0000000000000000 fffffffe00000000
ffc0000000000000 22 000003ff00000000 0000000000000000 ffffffff00000000
ffc0000000000000 23 000001ff80000000 0000000000000000 ffffffff80000000
ffc0000000000000 24 000000ffc0000000 0000000000000000 ffffffffc0000000
ffc0000000000000 25 0000007fe0000000 0000000000000000 ffffffffe0000000
ffc0000000000000 26 0000003ff0000000 0000000000000000 fffffffff0000000
ffc0000000000000 27 0000001ff8000000 0000000000000000 fffffffff8000000
ffc0000000000000 28 0000000ffc000000 0000000000000000 fffffffffc000000
ffc0000000000000 29 00000007fe000000 0000000000000000 fffffffffe000000
ffc0000000000000 30 00000003ff000000 0000000000000000 ffffffffff000000
ffc0000000000000 31 00000001ff800000 0000000000000000 ffffffffff800000
ffc0000000000000 32 00000000ffc00000 0000000000000000 ffffffffffc00000
ffc0000000000000 33 000000007fe00000 0000000000000000 ffffffffffe00000
ffc0000000000000 34 000000003ff00000 0000000000000000 fffffffffff00000
ffc0000000000000 35 000000001ff80000 0000000000000000 fffffffffff80000
ffc0000000000000 36 000000000ffc0000 0000000000000000 fffffffffffc0000
ffc0000000000000 37 0000000007fe0000 0000000000000000 fffffffffffe0000
ffc0000000000000 38 0000000003ff0000 0000000000000000 ffffffffffff0000
ffc0000000000000 39 0000000001ff8000 0000000000000000 ffffffffffff8000
ffc0000000000000 40 0000000000ffc000 0000000000000000 ffffffffffffc000
ffc0000000000000 41 00000000007fe000 0000000000000000 ffffffffffffe000
ffc0000000000000 42 00000000003ff000 0000000000000000 fffffffffffff000
ffc0000000000000 43 00000000001ff800 0000000000000000 fffffffffffff800
ffc0000000000000 44 00000000000ffc00 0000000000000000 fffffffffffffc00
ffc0000000000000 45 000000000007fe00 0000000000000000 fffffffffffffe00
ffc0000000000000 46 000000000003ff00 0000000000000000 ffffffffffffff00
ffc0000000000000 47 000000000001ff80 0000000000000000 ffffffffffffff80
ffc0000000000000 48 000000000000ffc0 0000000000000000 ffffffffffffffc0
ffc0000000000000 49 0000000000007fe0 0000000000000000 ffffffffffffffe0
ffc0000000000000 50 0000000000003ff0 0000000000000000 fffffffffffffff0
ffc0000000000000 51 0000000000001ff8 0000000000000000 fffffffffffffff8
ffc0000000000000 52 0000000000000ffc 0000000000000000 fffffffffffffffc
ffc0000000000000 53 00000000000007fe 0000000000000000 fffffffffffffffe
ffc0000000000000 54 00000000000003ff 0000000000000000 ffffffffffffffff
ffc0000000000000 55 00000000000001ff 0000000000000000 ffffffffffffffff
ffc0000000000000 56 00000000000000ff 0000000000000000 ffffffffffffffff
ffc0000000000000 57 000000000000007f 0000000000000000 ffffffffffffffff
ffc0000000000000 58 000000000000003f 0000000000000000 ffffffffffffffff
ffc0000000000000 59 000000000000001f 0000000000000000 ffffffffffffffff
ffc0000000000000 60 000000000000000f 0000000000000000 ffffffffffffffff
ffc0000000000000 61 0000000000000007 0000000000000000 ffffffffffffffff
ffc0000000000000 62 0000000000000003 0000000000000000 ffffffffffffffff
ffc0000000000000 63 0000000000000001 0000000000000000 ffffffffffffffff
ffe0000000000000 0 ffe0000000000000 ffe0000000000000 ffe0000000000000
ffe0000000000000 1 7ff0000000000000 ffc0000000000000 fff0000000000000
ffe0000000000000 2 3ff8000000000000 ff80000000000000 fff8000000000000
ffe0000000000000 3 1ffc000000000000 ff00000000000000 fffc000000000000
ffe0000000000000 4 0ffe000000000000 fe00000000000000 fffe000000000000
ffe0000000000000 5 07ff000000000000 fc00000000000000 ffff000000000000
ffe0000000000000 6 03ff800000000000 f800000000000000 ffff800000000000
ffe0000000000000 7 01ffc00000000000 f000000000000000 ffffc00000000000
ffe0000000000000 8 00ffe00000000000 e000000000000000 ffffe00000000000
ffe0000000000000 9 007ff00000000000 c000000000000000 fffff00000000000
ffe0000000000000 10 003ff80000000000 8000000000000000 fffff80000000000
ffe0000000000000 11 001ffc0000000000 0000000000000000 fffffc0000000000
ffe0000000000000 12 000ffe0000000000 0000000000000000 fffffe0000000000
ffe0000000000000 13 0007ff0000000000 0000000000000000 ffffff0000000000
ffe0000000000000 14 0003ff8000000000 0000000000000000 ffffff8000000000
ffe0000000000000 15 0001ffc000000000 0000000000000000 ffffffc000000000
ffe0000000000000 16 0000ffe000000000 0000000000000000 ffffffe000000000
ffe0000000000000 17 00007ff000000000 0000000000000000 fffffff000000000
ffe0000000000000 18 00003ff800000000 0000000000000000 fffffff800000000
ffe0000000000000 19 00001ffc00000000 0000000000000000 fffffffc00000000
ffe0000000000000 20 00000ffe00000000 0000000000000000 fffffffe00000000
ffe0000000000000 21 000007ff00000000 0000000000000000 ffffffff00000000
ffe0000000000000 22 000003ff80000000 0000000000000000 ffffffff80000000
ffe0000000000000 23 000001ffc0000000 0000000000000000 ffffffffc0000000
ffe0000000000000 24 000000ffe0000000 0000000000000000 ffffffffe0000000
ffe0000000000000 25 0000007ff0000000 0000000000000000 fffffffff0000000
ffe0000000000000 26 0000003ff8000000 0000000000000000 fffffffff8000000
ffe0000000000000 27 0000001ffc000000 0000000000000000 fffffffffc000000
ffe0000000000000 28 0000000ffe000000 0000000000000000 fffffffffe000000
ffe0000000000000 29 00000007ff000000 0000000000000000 ffffffffff000000
ffe0000000000000 30 00000003ff800000 0000000000000000 ffffffffff800000
ffe0000000000000 31 00000001ffc00000 0000000000000000 ffffffffffc00000
ffe0000000000000 32 00000000ffe00000 0000000000000000 ffffffffffe00000
ffe0000000000000 33 000000007ff00000 0000000000000000 fffffffffff00000
ffe0000000000000 34 000000003ff80000 0000000000000000 fffffffffff80000
ffe0000000000000 35 000000001ffc0000 0000000000000000 fffffffffffc0000
ffe0000000000000 36 000000000ffe0000 0000000000000000 fffffffffffe0000
ffe0000000000000 37 0000000007ff0000 0000000000000000 ffffffffffff0000
ffe0000000000000 38 0000000003ff8000 0000000000000000 ffffffffffff8000
ffe0000000000000 39 0000000001ffc000 0000000000000000 ffffffffffffc000
ffe0000000000000 40 0000000000ffe000 0000000000000000 ffffffffffffe000
ffe0000000000000 41 00000000007ff000 0000000000000000 fffffffffffff000
ffe0000000000000 42 00000000003ff800 0000000000000000 fffffffffffff800
ffe0000000000000 43 00000000001ffc00 0000000000000000 fffffffffffffc00
ffe0000000000000 44 00000000000ffe00 0000000000000000 fffffffffffffe00
ffe0000000000000 45 000000000007ff00 0000000000000000 ffffffffffffff00
ffe0000000000000 46 000000000003ff80 0000000000000000 ffffffffffffff80
ffe0000000000000 47 000000000001ffc0 0000000000000000 ffffffffffffffc0
ffe0000000000000 48 000000000000ffe0 0000000000000000 ffffffffffffffe0
ffe0000000000000 49 0000000000007ff0 0000000000000000 fffffffffffffff0
ffe0000000000000 50 0000000000003ff8 0000000000000000 fffffffffffffff8
ffe0000000000000 51 0000000000001ffc 0000000000000000 fffffffffffffffc
ffe0000000000000 52 0000000000000ffe 0000000000000000 fffffffffffffffe
ffe0000000000000 53 00000000000007ff 0000000000000000 ffffffffffffffff
ffe0000000000000 54 00000000000003ff 0000000000000000 ffffffffffffffff
ffe0000000000000 55 00000000000001ff 0000000000000000 ffffffffffffffff
ffe0000000000000 56 00000000000000ff 0000000000000000 ffffffffffffffff
ffe0000000000000 57 000000000000007f 0000000000000000 ffffffffffffffff
ffe0000000000000 58 000000000000003f 0000000000000000 ffffffffffffffff
ffe0000000000000 59 000000000000001f 0000000000000000 ffffffffffffffff
ffe0000000000000 60 000000000000000f 0000000000000000 ffffffffffffffff
ffe0000000000000 61 0000000000000007 0000000000000000 ffffffffffffffff
ffe0000000000000 62 0000000000000003 0000000000000000 ffffffffffffffff
ffe0000000000000 63 0000000000000001 0000000000000000 ffffffffffffffff
fff0000000000000 0 fff0000000000000 fff0000000000000 fff0000000000000
fff0000000000000 1 7ff8000000000000 ffe0000000000000 fff8000000000000
fff0000000000000 2 3ffc000000000000 ffc0000000000000 fffc000000000000
fff0000000000000 3 1ffe000000000000 ff80000000000000 fffe000000000000
fff0000000000000 4 0fff000000000000 ff00000000000000 ffff000000000000
fff0000000000000 5 07ff800000000000 fe00000000000000 ffff800000000000
fff0000000000000 6 03ffc00000000000 fc00000000000000 ffffc00000000000
fff0000000000000 7 01ffe00000000000 f800000000000000 ffffe00000000000
fff0000000000000 8 00fff00000000000 f000000000000000 fffff00000000000
fff0000000000000 9 007ff80000000000 e000000000000000 fffff80000000000
fff0000000000000 10 003ffc0000000000 c000000000000000 fffffc0000000000
fff0000000000000 11 001ffe0000000000 8000000000000000 fffffe0000000000
fff0000000000000 12 000fff0000000000 0000000000000000 ffffff0000000000
fff0000000000000 13 0007ff8000000000 0000000000000000 ffffff8000000000
fff0000000000000 14 0003ffc000000000 0000000000000000 ffffffc000000000
fff0000000000000 15 0001ffe000000000 0000000000000000 ffffffe000000000
fff0000000000000 16 0000fff000000000 0000000000000000 fffffff000000000
fff0000000000000 17 00007ff800000000 0000000000000000 fffffff800000000
fff0000000000000 18 00003ffc00000000 0000000000000000 fffffffc00000000
fff0000000000000 19 00001ffe00000000 0000000000000000 fffffffe00000000
fff0000000000000 20 00000fff00000000 0000000000000000 ffffffff00000000
fff0000000000000 21 000007ff80000000 0000000000000000 ffffffff80000000
fff0000000000000 22 000003ffc0000000 0000000000000000 ffffffffc0000000
fff0000000000000 23 000001ffe0000000 0000000000000000 ffffffffe0000000
fff0000000000000 24 000000fff0000000 0000000000000000 fffffffff0000000
fff0000000000000 25 0000007ff8000000 0000000000000000 fffffffff8000000
fff0000000000000 26 0000003ffc000000 0000000000000000 fffffffffc000000
fff0000000000000 27 0000001ffe000000 0000000000000000 fffffffffe000000
fff0000000000000 28 0000000fff000000 0000000000000000 ffffffffff000000
fff0000000000000 29 00000007ff800000 0000000000000000 ffffffffff800000
fff0000000000000 30 00000003ffc00000 0000000000000000 ffffffffffc00000
fff0000000000000 31 00000001ffe00000 0000000000000000 ffffffffffe00000
fff0000000000000 32 00000000fff00000 0000000000000000 fffffffffff00000
fff0000000000000 33 000000007ff80000 0000000000000000 fffffffffff80000
fff0000000000000 34 000000003ffc0000 0000000000000000 fffffffffffc0000
fff0000000000000 35 000000001ffe0000 0000000000000000 fffffffffffe0000
fff0000000000000 36 000000000fff0000 0000000000000000 ffffffffffff0000
fff0000000000000 37 0000000007ff8000 0000000000000000 ffffffffffff8000
fff0000000000000 38 0000000003ffc000 0000000000000000 ffffffffffffc000
fff0000000000000 39 0000000001ffe000 0000000000000000 ffffffffffffe000
fff0000000000000 40 0000000000fff000 0000000000000000 fffffffffffff000
fff0000000000000 41 00000000007ff800 0000000000000000 fffffffffffff800
fff0000000000000 42 00000000003ffc00 0000000000000000 fffffffffffffc00
fff0000000000000 43 00000000001ffe00 0000000000000000 fffffffffffffe00
fff0000000000000 44 00000000000fff00 0000000000000000 ffffffffffffff00
fff0000000000000 45 000000000007ff80 0000000000000000 ffffffffffffff80
fff0000000000000 46 000000000003ffc0 0000000000000000 ffffffffffffffc0
fff0000000000000 47 000000000001ffe0 0000000000000000 ffffffffffffffe0
fff0000000000000 48 000000000000fff0 0000000000000000 fffffffffffffff0
fff0000000000000 49 0000000000007ff8 0000000000000000 fffffffffffffff8
fff0000000000000 50 0000000000003ffc 0000000000000000 fffffffffffffffc
fff0000000000000 51 0000000000001ffe 0000000000000000 fffffffffffffffe
fff0000000000000 52 0000000000000fff 0000000000000000 ffffffffffffffff
fff0000000000000 53 00000000000007ff 0000000000000000 ffffffffffffffff
fff0000000000000 54 00000000000003ff 0000000000000000 ffffffffffffffff
fff0000000000000 55 00000000000001ff 0000000000000000 ffffffffffffffff
fff0000000000000 56 00000000000000ff 0000000000000000 ffffffffffffffff
fff0000000000000 57 000000000000007f 0000000000000000 ffffffffffffffff
fff0000000000000 58 000000000000003f 0000000000000000 ffffffffffffffff
fff0000000000000 59 000000000000001f 0000000000000000 ffffffffffffffff
fff0000000000000 60 000000000000000f 0000000000000000 ffffffffffffffff
fff0000000000000 61 0000000000000007 0000000000000000 ffffffffffffffff
fff0000000000000 62 0000000000000003 0000000000000000 ffffffffffffffff
fff0000000000000 63 0000000000000001 0000000000000000 ffffffffffffffff
fff8000000000000 0 fff8000000000000 fff8000000000000 fff8000000000000
fff8000000000000 1 7ffc000000000000 fff0000000000000 fffc000000000000
fff8000000000000 2 3ffe000000000000 ffe0000000000000 fffe000000000000
fff8000000000000 3 1fff000000000000 ffc0000000000000 ffff000000000000
fff8000000000000 4 0fff800000000000 ff80000000000000 ffff800000000000
fff8000000000000 5 07ffc00000000000 ff00000000000000 ffffc00000000000
fff8000000000000 6 03ffe00000000000 fe00000000000000 ffffe00000000000
fff8000000000000 7 01fff00000000000 fc00000000000000 fffff00000000000
fff8000000000000 8 00fff80000000000 f800000000000000 fffff80000000000
fff8000000000000 9 007ffc0000000000 f000000000000000 fffffc0000000000
fff8000000000000 10 003ffe0000000000 e000000000000000 fffffe0000000000
fff8000000000000 11 001fff0000000000 c000000000000000 ffffff0000000000
fff8000000000000 12 000fff8000000000 8000000000000000 ffffff8000000000
fff8000000000000 13 0007ffc000000000 0000000000000000 ffffffc000000000
fff8000000000000 14 0003ffe000000000 0000000000000000 ffffffe000000000
fff8000000000000 15 0001fff000000000 0000000000000000 fffffff000000000
fff8000000000000 16 0000fff800000000 0000000000000000 fffffff800000000
fff8000000000000 17 00007ffc00000000 0000000000000000 fffffffc00000000
fff8000000000000 18 00003ffe00000000 0000000000000000 fffffffe00000000
fff8000000000000 19 00001fff00000000 0000000000000000 ffffffff00000000
fff8000000000000 20 00000fff80000000 0000000000000000 ffffffff80000000
fff8000000000000 21 000007ffc0000000 0000000000000000 ffffffffc0000000
fff8000000000000 22 000003ffe0000000 0000000000000000 ffffffffe0000000
fff8000000000000 23 000001fff0000000 0000000000000000 fffffffff0000000
fff8000000000000 24 000000fff8000000 0000000000000000 fffffffff8000000
fff8000000000000 25 0000007ffc000000 0000000000000000 fffffffffc000000
fff8000000000000 26 0000003ffe000000 0000000000000000 fffffffffe000000
fff8000000000000 27 0000001fff000000 0000000000000000 ffffffffff000000
fff8000000000000 28 0000000fff800000 0000000000000000 ffffffffff800000
fff8000000000000 29 00000007ffc00000 0000000000000000 ffffffffffc00000
fff8000000000000 30 00000003ffe00000 0000000000000000 ffffffffffe00000
fff8000000000000 31 00000001fff00000 0000000000000000 fffffffffff00000
fff8000000000000 32 00000000fff80000 0000000000000000 fffffffffff80000
fff8000000000000 33 000000007ffc0000 0000000000000000 fffffffffffc0000
fff8000000000000 34 000000003ffe0000 0000000000000000 fffffffffffe0000
fff8000000000000 35 000000001fff0000 0000000000000000 ffffffffffff0000
fff8000000000000 36 000000000fff8000 0000000000000000 ffffffffffff8000
fff8000000000000 37 0000000007ffc000 0000000000000000 ffffffffffffc000
fff8000000000000 38 0000000003ffe000 0000000000000000 ffffffffffffe000
fff8000000000000 39 0000000001fff000 0000000000000000 fffffffffffff000
fff8000000000000 40 0000000000fff800 0000000000000000 fffffffffffff800
fff8000000000000 41 00000000007ffc00 0000000000000000 fffffffffffffc00
fff8000000000000 42 00000000003ffe00 0000000000000000 fffffffffffffe00
fff8000000000000 43 00000000001fff00 0000000000000000 ffffffffffffff00
fff8000000000000 44 00000000000fff80 0000000000000000 ffffffffffffff80
fff8000000000000 45 000000000007ffc0 0000000000000000 ffffffffffffffc0
fff8000000000000 46 000000000003ffe0 0000000000000000 ffffffffffffffe0
fff8000000000000 47 000000000001fff0 0000000000000000 fffffffffffffff0
fff8000000000000 48 000000000000fff8 0000000000000000 fffffffffffffff8
fff8000000000000 49 0000000000007ffc 0000000000000000 fffffffffffffffc
fff8000000000000 50 0000000000003ffe 0000000000000000 fffffffffffffffe
fff8000000000000 51 0000000000001fff 0000000000000000 ffffffffffffffff
fff8000000000000 52 0000000000000fff 0000000000000000 ffffffffffffffff
fff8000000000000 53 00000000000007ff 0000000000000000 ffffffffffffffff
fff8000000000000 54 00000000000003ff 0000000000000000 ffffffffffffffff
fff8000000000000 55 00000000000001ff 0000000000000000 ffffffffffffffff
fff8000000000000 56 00000000000000ff 0000000000000000 ffffffffffffffff
fff8000000000000 57 000000000000007f 0000000000000000 ffffffffffffffff
fff8000000000000 58 000000000000003f 0000000000000000 ffffffffffffffff
fff8000000000000 59 000000000000001f 0000000000000000 ffffffffffffffff
fff8000000000000 60 000000000000000f 0000000000000000 ffffffffffffffff
fff8000000000000 61 0000000000000007 0000000000000000 ffffffffffffffff
fff8000000000000 62 0000000000000003 0000000000000000 ffffffffffffffff
fff8000000000000 63 0000000000000001 0000000000000000 ffffffffffffffff
fffc000000000000 0 fffc000000000000 fffc000000000000 fffc000000000000
fffc000000000000 1 7ffe000000000000 fff8000000000000 fffe000000000000
fffc000000000000 2 3fff000000000000 fff0000000000000 ffff000000000000
fffc000000000000 3 1fff800000000000 ffe0000000000000 ffff800000000000
fffc000000000000 4 0fffc00000000000 ffc0000000000000 ffffc00000000000
fffc000000000000 5 07ffe00000000000 ff80000000000000 ffffe00000000000
fffc000000000000 6 03fff00000000000 ff00000000000000 fffff00000000000
fffc000000000000 7 01fff80000000000 fe00000000000000 fffff80000000000
fffc000000000000 8 00fffc0000000000 fc00000000000000 fffffc0000000000
fffc000000000000 9 007ffe0000000000 f800000000000000 fffffe0000000000
fffc000000000000 10 003fff0000000000 f000000000000000 ffffff0000000000
fffc000000000000 11 001fff8000000000 e000000000000000 ffffff8000000000
fffc000000000000 12 000fffc000000000 c000000000000000 ffffffc000000000
fffc000000000000 13 0007ffe000000000 8000000000000000 ffffffe000000000
fffc000000000000 14 0003fff000000000 0000000000000000 fffffff000000000
fffc000000000000 15 0001fff800000000 0000000000000000 fffffff800000000
fffc000000000000 16 0000fffc00000000 0000000000000000 fffffffc00000000
fffc000000000000 17 00007ffe00000000 0000000000000000 fffffffe00000000
fffc000000000000 18 00003fff00000000 0000000000000000 ffffffff00000000
fffc000000000000 19 00001fff80000000 0000000000000000 ffffffff80000000
fffc000000000000 20 00000fffc0000000 0000000000000000 ffffffffc0000000
fffc000000000000 21 000007ffe0000000 0000000000000000 ffffffffe0000000
fffc000000000000 22 000003fff0000000 0000000000000000 fffffffff0000000
fffc000000000000 23 000001fff8000000 0000000000000000 fffffffff8000000
fffc000000000000 24 000000fffc000000 0000000000000000 fffffffffc000000
fffc000000000000 25 0000007ffe000000 0000000000000000 fffffffffe000000
fffc000000000000 26 0000003fff000000 0000000000000000 ffffffffff000000
fffc000000000000 27 0000001fff800000 0000000000000000 ffffffffff800000
fffc000000000000 28 0000000fffc00000 0000000000000000 ffffffffffc00000
fffc000000000000 29 00000007ffe00000 0000000000000000 ffffffffffe00000
fffc000000000000 30 00000003fff00000 0000000000000000 fffffffffff00000
fffc000000000000 31 00000001fff80000 0000000000000000 fffffffffff80000
fffc000000000000 32 00000000fffc0000 0000000000000000 fffffffffffc0000
fffc000000000000 33 000000007ffe0000 0000000000000000 fffffffffffe0000
fffc000000000000 34 000000003fff0000 0000000000000000 ffffffffffff0000
fffc000000000000 35 000000001fff8000 0000000000000000 ffffffffffff8000
fffc000000000000 36 000000000fffc000 0000000000000000 ffffffffffffc000
fffc000000000000 37 0000000007ffe000 0000000000000000 ffffffffffffe000
fffc000000000000 38 0000000003fff000 0000000000000000 fffffffffffff000
fffc000000000000 39 0000000001fff800 0000000000000000 fffffffffffff800
fffc000000000000 40 0000000000fffc00 0000000000000000 fffffffffffffc00
fffc000000000000 41 00000000007ffe00 0000000000000000 fffffffffffffe00
fffc000000000000 42 00000000003fff00 0000000000000000 ffffffffffffff00
fffc000000000000 43 00000000001fff80 0000000000000000 ffffffffffffff80
fffc000000000000 44 00000000000fffc0 0000000000000000 ffffffffffffffc0
fffc000000000000 45 000000000007ffe0 0000000000000000 ffffffffffffffe0
fffc000000000000 46 000000000003fff0 0000000000000000 fffffffffffffff0
fffc000000000000 47 000000000001fff8 0000000000000000 fffffffffffffff8
fffc000000000000 48 000000000000fffc 0000000000000000 fffffffffffffffc
fffc000000000000 49 0000000000007ffe 0000000000000000 fffffffffffffffe
fffc000000000000 50 0000000000003fff 0000000000000000 ffffffffffffffff
fffc000000000000 51 0000000000001fff 0000000000000000 ffffffffffffffff
fffc000000000000 52 0000000000000fff 0000000000000000 ffffffffffffffff
fffc000000000000 53 00000000000007ff 0000000000000000 ffffffffffffffff
fffc000000000000 54 00000000000003ff 0000000000000000 ffffffffffffffff
fffc000000000000 55 00000000000001ff 0000000000000000 ffffffffffffffff
fffc000000000000 56 00000000000000ff 0000000000000000 ffffffffffffffff
fffc000000000000 57 000000000000007f 0000000000000000 ffffffffffffffff
fffc000000000000 58 000000000000003f 0000000000000000 ffffffffffffffff
fffc000000000000 59 000000000000001f 0000000000000000 ffffffffffffffff
fffc000000000000 60 000000000000000f 0000000000000000 ffffffffffffffff
fffc000000000000 61 0000000000000007 0000000000000000 ffffffffffffffff
fffc000000000000 62 0000000000000003 0000000000000000 ffffffffffffffff
fffc000000000000 63 0000000000000001 0000000000000000 ffffffffffffffff
fffe000000000000 0 fffe000000000000 fffe000000000000 fffe000000000000
fffe000000000000 1 7fff000000000000 fffc000000000000 ffff000000000000
fffe000000000000 2 3fff800000000000 fff8000000000000 ffff800000000000
fffe000000000000 3 1fffc00000000000 fff0000000000000 ffffc00000000000
fffe000000000000 4 0fffe00000000000 ffe0000000000000 ffffe00000000000
fffe000000000000 5 07fff00000000000 ffc0000000000000 fffff00000000000
fffe000000000000 6 03fff80000000000 ff80000000000000 fffff80000000000
fffe000000000000 7 01fffc0000000000 ff00000000000000 fffffc0000000000
fffe000000000000 8 00fffe0000000000 fe00000000000000 fffffe0000000000
fffe000000000000 9 007fff0000000000 fc00000000000000 ffffff0000000000
fffe000000000000 10 003fff8000000000 f800000000000000 ffffff8000000000
fffe000000000000 11 001fffc000000000 f000000000000000 ffffffc000000000
fffe000000000000 12 000fffe000000000 e000000000000000 ffffffe000000000
fffe000000000000 13 0007fff000000000 c000000000000000 fffffff000000000
fffe000000000000 14 0003fff800000000 8000000000000000 fffffff800000000
fffe000000000000 15 0001fffc00000000 0000000000000000 fffffffc00000000
fffe000000000000 16 0000fffe00000000 0000000000000000 fffffffe00000000
fffe000000000000 17 00007fff00000000 0000000000000000 ffffffff00000000
fffe000000000000 18 00003fff80000000 0000000000000000 ffffffff80000000
fffe000000000000 19 00001fffc0000000 0000000000000000 ffffffffc0000000
fffe000000000000 20 00000fffe0000000 0000000000000000 ffffffffe0000000
fffe000000000000 21 000007fff0000000 0000000000000000 fffffffff0000000
fffe000000000000 22 000003fff8000000 0000000000000000 fffffffff8000000
fffe000000000000 23 000001fffc000000 0000000000000000 fffffffffc000000
fffe000000000000 24 000000fffe000000 0000000000000000 fffffffffe000000
fffe000000000000 25 0000007fff000000 0000000000000000 ffffffffff000000
fffe000000000000 26 0000003fff800000 0000000000000000 ffffffffff800000
fffe000000000000 27 0000001fffc00000 0000000000000000 ffffffffffc00000
fffe000000000000 28 0000000fffe00000 0000000000000000 ffffffffffe00000
fffe000000000000 29 00000007fff00000 0000000000000000 fffffffffff00000
fffe000000000000 30 00000003fff80000 0000000000000000 fffffffffff80000
fffe000000000000 31 00000001fffc0000 0000000000000000 fffffffffffc0000
fffe000000000000 32 00000000fffe0000 0000000000000000 fffffffffffe0000
fffe000000000000 33 000000007fff0000 0000000000000000 ffffffffffff0000
fffe000000000000 34 000000003fff8000 0000000000000000 ffffffffffff8000
fffe000000000000 35 000000001fffc000 0000000000000000 ffffffffffffc000
fffe000000000000 36 000000000fffe000 0000000000000000 ffffffffffffe000
fffe000000000000 37 0000000007fff000 0000000000000000 fffffffffffff000
fffe000000000000 38 0000000003fff800 0000000000000000 fffffffffffff800
fffe000000000000 39 0000000001fffc00 0000000000000000 fffffffffffffc00
fffe000000000000 40 0000000000fffe00 0000000000000000 fffffffffffffe00
fffe000000000000 41 00000000007fff00 0000000000000000 ffffffffffffff00
fffe000000000000 42 00000000003fff80 0000000000000000 ffffffffffffff80
fffe000000000000 43 00000000001fffc0 0000000000000000 ffffffffffffffc0
fffe000000000000 44 00000000000fffe0 0000000000000000 ffffffffffffffe0
fffe000000000000 45 000000000007fff0 0000000000000000 fffffffffffffff0
fffe000000000000 46 000000000003fff8 0000000000000000 fffffffffffffff8
fffe000000000000 47 000000000001fffc 0000000000000000 fffffffffffffffc
fffe000000000000 48 000000000000fffe 0000000000000000 fffffffffffffffe
fffe000000000000 49 0000000000007fff 0000000000000000 ffffffffffffffff
fffe000000000000 50 0000000000003fff 0000000000000000 ffffffffffffffff
fffe000000000000 51 0000000000001fff 0000000000000000 ffffffffffffffff
fffe000000000000 52 0000000000000fff 0000000000000000 ffffffffffffffff
fffe000000000000 53 00000000000007ff 0000000000000000 ffffffffffffffff
fffe000000000000 54 00000000000003ff 0000000000000000 ffffffffffffffff
fffe000000000000 55 00000000000001ff 0000000000000000 ffffffffffffffff
fffe000000000000 56 00000000000000ff 0000000000000000 ffffffffffffffff
fffe000000000000 57 000000000000007f 0000000000000000 ffffffffffffffff
fffe000000000000 58 000000000000003f 0000000000000000 ffffffffffffffff
fffe000000000000 59 000000000000001f 0000000000000000 ffffffffffffffff
fffe000000000000 60 000000000000000f 0000000000000000 ffffffffffffffff
fffe000000000000 61 0000000000000007 0000000000000000 ffffffffffffffff
fffe000000000000 62 0000000000000003 0000000000000000 ffffffffffffffff
fffe000000000000 63 0000000000000001 0000000000000000 ffffffffffffffff
ffff000000000000 0 ffff000000000000 ffff000000000000 ffff000000000000
ffff000000000000 1 7fff800000000000 fffe000000000000 ffff800000000000
ffff000000000000 2 3fffc00000000000 fffc000000000000 ffffc00000000000
ffff000000000000 3 1fffe00000000000 fff8000000000000 ffffe00000000000
ffff000000000000 4 0ffff00000000000 fff0000000000000 fffff00000000000
ffff000000000000 5 07fff80000000000 ffe0000000000000 fffff80000000000
ffff000000000000 6 03fffc0000000000 ffc0000000000000 fffffc0000000000
ffff000000000000 7 01fffe0000000000 ff80000000000000 fffffe0000000000
ffff000000000000 8 00ffff0000000000 ff00000000000000 ffffff0000000000
ffff000000000000 9 007fff8000000000 fe00000000000000 ffffff8000000000
ffff000000000000 10 003fffc000000000 fc00000000000000 ffffffc000000000
ffff000000000000 11 001fffe000000000 f800000000000000 ffffffe000000000
ffff000000000000 12 000ffff000000000 f000000000000000 fffffff000000000
ffff000000000000 13 0007fff800000000 e000000000000000 fffffff800000000
ffff000000000000 14 0003fffc00000000 c000000000000000 fffffffc00000000
ffff000000000000 15 0001fffe00000000 8000000000000000 fffffffe00000000
ffff000000000000 16 0000ffff00000000 0000000000000000 ffffffff00000000
ffff000000000000 17 00007fff80000000 0000000000000000 ffffffff80000000
ffff000000000000 18 00003fffc0000000 0000000000000000 ffffffffc0000000
ffff000000000000 19 00001fffe0000000 0000000000000000 ffffffffe0000000
ffff000000000000 20 00000ffff0000000 0000000000000000 fffffffff0000000
ffff000000000000 21 000007fff8000000 0000000000000000 fffffffff8000000
ffff000000000000 22 000003fffc000000 0000000000000000 fffffffffc000000
ffff000000000000 23 000001fffe000000 0000000000000000 fffffffffe000000
ffff000000000000 24 000000ffff000000 0000000000000000 ffffffffff000000
ffff000000000000 25 0000007fff800000 0000000000000000 ffffffffff800000
ffff000000000000 26 0000003fffc00000 0000000000000000 ffffffffffc00000
ffff000000000000 27 0000001fffe00000 0000000000000000 ffffffffffe00000
ffff000000000000 28 0000000ffff00000 0000000000000000 fffffffffff00000
ffff000000000000 29 00000007fff80000 0000000000000000 fffffffffff80000
ffff000000000000 30 00000003fffc0000 0000000000000000 fffffffffffc0000
ffff000000000000 31 00000001fffe0000 0000000000000000 fffffffffffe0000
ffff000000000000 32 00000000ffff0000 0000000000000000 ffffffffffff0000
ffff000000000000 33 000000007fff8000 0000000000000000 ffffffffffff8000
ffff000000000000 34 000000003fffc000 0000000000000000 ffffffffffffc000
ffff000000000000 35 000000001fffe000 0000000000000000 ffffffffffffe000
ffff000000000000 36 000000000ffff000 0000000000000000 fffffffffffff000
ffff000000000000 37 0000000007fff800 0000000000000000 fffffffffffff800
ffff000000000000 38 0000000003fffc00 0000000000000000 fffffffffffffc00
ffff000000000000 39 0000000001fffe00 0000000000000000 fffffffffffffe00
ffff000000000000 40 0000000000ffff00 0000000000000000 ffffffffffffff00
ffff000000000000 41 00000000007fff80 0000000000000000 ffffffffffffff80
ffff000000000000 42 00000000003fffc0 0000000000000000 ffffffffffffffc0
ffff000000000000 43 00000000001fffe0 0000000000000000 ffffffffffffffe0
ffff000000000000 44 00000000000ffff0 0000000000000000 fffffffffffffff0
ffff000000000000 45 000000000007fff8 0000000000000000 fffffffffffffff8
ffff000000000000 46 000000000003fffc 0000000000000000 fffffffffffffffc
ffff000000000000 47 000000000001fffe 0000000000000000 fffffffffffffffe
ffff000000000000 48 000000000000ffff 0000000000000000 ffffffffffffffff
ffff000000000000 49 0000000000007fff 0000000000000000 ffffffffffffffff
ffff000000000000 50 0000000000003fff 0000000000000000 ffffffffffffffff
ffff000000000000 51 0000000000001fff 0000000000000000 ffffffffffffffff
ffff000000000000 52 0000000000000fff 0000000000000000 ffffffffffffffff
ffff000000000000 53 00000000000007ff 0000000000000000 ffffffffffffffff
ffff000000000000 54 00000000000003ff 0000000000000000 ffffffffffffffff
ffff000000000000 55 00000000000001ff 0000000000000000 ffffffffffffffff
ffff000000000000 56 00000000000000ff 0000000000000000 ffffffffffffffff
ffff000000000000 57 000000000000007f 0000000000000000 ffffffffffffffff
ffff000000000000 58 000000000000003f 0000000000000000 ffffffffffffffff
ffff000000000000 59 000000000000001f 0000000000000000 ffffffffffffffff
ffff000000000000 60 000000000000000f 0000000000000000 ffffffffffffffff
ffff000000000000 61 0000000000000007 0000000000000000 ffffffffffffffff
ffff000000000000 62 0000000000000003 0000000000000000 ffffffffffffffff
ffff000000000000 63 0000000000000001 0000000000000000 ffffffffffffffff
ffff800000000000 0 ffff800000000000 ffff800000000000 ffff800000000000
ffff800000000000 1 7fffc00000000000 ffff000000000000 ffffc00000000000
ffff800000000000 2 3fffe00000000000 fffe000000000000 ffffe00000000000
ffff800000000000 3 1ffff00000000000 fffc000000000000 fffff00000000000
ffff800000000000 4 0ffff80000000000 fff8000000000000 fffff80000000000
ffff800000000000 5 07fffc0000000000 fff0000000000000 fffffc0000000000
ffff800000000000 6 03fffe0000000000 ffe0000000000000 fffffe0000000000
ffff800000000000 7 01ffff0000000000 ffc0000000000000 ffffff0000000000
ffff800000000000 8 00ffff8000000000 ff80000000000000 ffffff8000000000
ffff800000000000 9 007fffc000000000 ff00000000000000 ffffffc000000000
ffff800000000000 10 003fffe000000000 fe00000000000000 ffffffe000000000
ffff800000000000 11 001ffff000000000 fc00000000000000 fffffff000000000
ffff800000000000 12 000ffff800000000 f800000000000000 fffffff800000000
ffff800000000000 13 0007fffc00000000 f000000000000000 fffffffc00000000
ffff800000000000 14 0003fffe00000000 e000000000000000 fffffffe00000000
ffff800000000000 15 0001ffff00000000 c000000000000000 ffffffff00000000
ffff800000000000 16 0000ffff80000000 8000000000000000 ffffffff80000000
ffff800000000000 17 00007fffc0000000 0000000000000000 ffffffffc0000000
ffff800000000000 18 00003fffe0000000 0000000000000000 ffffffffe0000000
ffff800000000000 19 00001ffff0000000 0000000000000000 fffffffff0000000
ffff800000000000 20 00000ffff8000000 0000000000000000 fffffffff8000000
ffff800000000000 21 000007fffc000000 0000000000000000 fffffffffc000000
ffff800000000000 22 000003fffe000000 0000000000000000 fffffffffe000000
ffff800000000000 23 000001ffff000000 0000000000000000 ffffffffff000000
ffff800000000000 24 000000ffff800000 0000000000000000 ffffffffff800000
ffff800000000000 25 0000007fffc00000 0000000000000000 ffffffffffc00000
ffff800000000000 26 0000003fffe00000 0000000000000000 ffffffffffe00000
ffff800000000000 27 0000001ffff00000 0000000000000000 fffffffffff00000
ffff800000000000 28 0000000ffff80000 0000000000000000 fffffffffff80000
ffff800000000000 29 00000007fffc0000 0000000000000000 fffffffffffc0000
ffff800000000000 30 00000003fffe0000 0000000000000000 fffffffffffe0000
ffff800000000000 31 00000001ffff0000 0000000000000000 ffffffffffff0000
ffff800000000000 32 00000000ffff8000 0000000000000000 ffffffffffff8000
ffff800000000000 33 000000007fffc000 0000000000000000 ffffffffffffc000
ffff800000000000 34 000000003fffe000 0000000000000000 ffffffffffffe000
ffff800000000000 35 000000001ffff000 0000000000000000 fffffffffffff000
ffff800000000000 36 000000000ffff800 0000000000000000 fffffffffffff800
ffff800000000000 37 0000000007fffc00 0000000000000000 fffffffffffffc00
ffff800000000000 38 0000000003fffe00 0000000000000000 fffffffffffffe00
ffff800000000000 39 0000000001ffff00 0000000000000000 ffffffffffffff00
ffff800000000000 40 0000000000ffff80 0000000000000000 ffffffffffffff80
ffff800000000000 41 00000000007fffc0 0000000000000000 ffffffffffffffc0
ffff800000000000 42 00000000003fffe0 0000000000000000 ffffffffffffffe0
ffff800000000000 43 00000000001ffff0 0000000000000000 fffffffffffffff0
ffff800000000000 44 00000000000ffff8 0000000000000000 fffffffffffffff8
ffff800000000000 45 000000000007fffc 0000000000000000 fffffffffffffffc
ffff800000000000 46 000000000003fffe 0000000000000000 fffffffffffffffe
ffff800000000000 47 000000000001ffff 0000000000000000 ffffffffffffffff
ffff800000000000 48 000000000000ffff 0000000000000000 ffffffffffffffff
ffff800000000000 49 0000000000007fff 0000000000000000 ffffffffffffffff
ffff800000000000 50 0000000000003fff 0000000000000000 ffffffffffffffff
ffff800000000000 51 0000000000001fff 0000000000000000 ffffffffffffffff
ffff800000000000 52 0000000000000fff 0000000000000000 ffffffffffffffff
ffff800000000000 53 00000000000007ff 0000000000000000 ffffffffffffffff
ffff800000000000 54 00000000000003ff 0000000000000000 ffffffffffffffff
ffff800000000000 55 00000000000001ff 0000000000000000 ffffffffffffffff
ffff800000000000 56 00000000000000ff 0000000000000000 ffffffffffffffff
ffff800000000000 57 000000000000007f 0000000000000000 ffffffffffffffff
ffff800000000000 58 000000000000003f 0000000000000000 ffffffffffffffff
ffff800000000000 59 000000000000001f 0000000000000000 ffffffffffffffff
ffff800000000000 60 000000000000000f 0000000000000000 ffffffffffffffff
ffff800000000000 61 0000000000000007 0000000000000000 ffffffffffffffff
ffff800000000000 62 0000000000000003 0000000000000000 ffffffffffffffff
ffff800000000000 63 0000000000000001 0000000000000000 ffffffffffffffff
ffffc00000000000 0 ffffc00000000000 ffffc00000000000 ffffc00000000000
ffffc00000000000 1 7fffe00000000000 ffff800000000000 ffffe00000000000
ffffc00000000000 2 3ffff00000000000 ffff000000000000 fffff00000000000
ffffc00000000000 3 1ffff80000000000 fffe000000000000 fffff80000000000
ffffc00000000000 4 0ffffc0000000000 fffc000000000000 fffffc0000000000
ffffc00000000000 5 07fffe0000000000 fff8000000000000 fffffe0000000000
ffffc00000000000 6 03ffff0000000000 fff0000000000000 ffffff0000000000
ffffc00000000000 7 01ffff8000000000 ffe0000000000000 ffffff8000000000
ffffc00000000000 8 00ffffc000000000 ffc0000000000000 ffffffc000000000
ffffc00000000000 9 007fffe000000000 ff80000000000000 ffffffe000000000
ffffc00000000000 10 003ffff000000000 ff00000000000000 fffffff000000000
ffffc00000000000 11 001ffff800000000 fe00000000000000 fffffff800000000
ffffc00000000000 12 000ffffc00000000 fc00000000000000 fffffffc00000000
ffffc00000000000 13 0007fffe00000000 f800000000000000 fffffffe00000000
ffffc00000000000 14 0003ffff00000000 f000000000000000 ffffffff00000000
ffffc00000000000 15 0001ffff80000000 e000000000000000 ffffffff80000000
ffffc00000000000 16 0000ffffc0000000 c000000000000000 ffffffffc0000000
ffffc00000000000 17 00007fffe0000000 8000000000000000 ffffffffe0000000
ffffc00000000000 18 00003ffff0000000 0000000000000000 fffffffff0000000
ffffc00000000000 19 00001ffff8000000 0000000000000000 fffffffff8000000
ffffc00000000000 20 00000ffffc000000 0000000000000000 fffffffffc000000
ffffc00000000000 21 000007fffe000000 0000000000000000 fffffffffe000000
ffffc00000000000 22 000003ffff000000 0000000000000000 ffffffffff000000
ffffc00000000000 23 000001ffff800000 0000000000000000 ffffffffff800000
ffffc00000000000 24 000000ffffc00000 0000000000000000 ffffffffffc00000
ffffc00000000000 25 0000007fffe00000 0000000000000000 ffffffffffe00000
ffffc00000000000 26 0000003ffff00000 0000000000000000 fffffffffff00000
ffffc00000000000 27 0000001ffff80000 0000000000000000 fffffffffff80000
ffffc00000000000 28 0000000ffffc0000 0000000000000000 fffffffffffc0000
ffffc00000000000 29 00000007fffe0000 0000000000000000 fffffffffffe0000
ffffc00000000000 30 00000003ffff0000 0000000000000000 ffffffffffff0000
ffffc00000000000 31 00000001ffff8000 0000000000000000 ffffffffffff8000
ffffc00000000000 32 00000000ffffc000 0000000000000000 ffffffffffffc000
ffffc00000000000 33 000000007fffe000 0000000000000000 ffffffffffffe000
ffffc00000000000 34 000000003ffff000 0000000000000000 fffffffffffff000
ffffc00000000000 35 000000001ffff800 0000000000000000 fffffffffffff800
ffffc00000000000 36 000000000ffffc00 0000000000000000 fffffffffffffc00
ffffc00000000000 37 0000000007fffe00 0000000000000000 fffffffffffffe00
ffffc00000000000 38 0000000003ffff00 0000000000000000 ffffffffffffff00
ffffc00000000000 39 0000000001ffff80 0000000000000000 ffffffffffffff80
ffffc00000000000 40 0000000000ffffc0 0000000000000000 ffffffffffffffc0
ffffc00000000000 41 00000000007fffe0 0000000000000000 ffffffffffffffe0
ffffc00000000000 42 00000000003ffff0 0000000000000000 fffffffffffffff0
ffffc00000000000 43 00000000001ffff8 0000000000000000 fffffffffffffff8
ffffc00000000000 44 00000000000ffffc 0000000000000000 fffffffffffffffc
ffffc00000000000 45 000000000007fffe 0000000000000000 fffffffffffffffe
ffffc00000000000 46 000000000003ffff 0000000000000000 ffffffffffffffff
ffffc00000000000 47 000000000001ffff 0000000000000000 ffffffffffffffff
ffffc00000000000 48 000000000000ffff 0000000000000000 ffffffffffffffff
ffffc00000000000 49 0000000000007fff 0000000000000000 ffffffffffffffff
ffffc00000000000 50 0000000000003fff 0000000000000000 ffffffffffffffff
ffffc00000000000 51 0000000000001fff 0000000000000000 ffffffffffffffff
ffffc00000000000 52 0000000000000fff 0000000000000000 ffffffffffffffff
ffffc00000000000 53 00000000000007ff 0000000000000000 ffffffffffffffff
ffffc00000000000 54 00000000000003ff 0000000000000000 ffffffffffffffff
ffffc00000000000 55 00000000000001ff 0000000000000000 ffffffffffffffff
ffffc00000000000 56 00000000000000ff 0000000000000000 ffffffffffffffff
ffffc00000000000 57 000000000000007f 0000000000000000 ffffffffffffffff
ffffc00000000000 58 000000000000003f 0000000000000000 ffffffffffffffff
ffffc00000000000 59 000000000000001f 0000000000000000 ffffffffffffffff
ffffc00000000000 60 000000000000000f 0000000000000000 ffffffffffffffff
ffffc00000000000 61 0000000000000007 0000000000000000 ffffffffffffffff
ffffc00000000000 62 0000000000000003 0000000000000000 ffffffffffffffff
ffffc00000000000 63 0000000000000001 0000000000000000 ffffffffffffffff
ffffe00000000000 0 ffffe00000000000 ffffe00000000000 ffffe00000000000
ffffe00000000000 1 7ffff00000000000 ffffc00000000000 fffff00000000000
ffffe00000000000 2 3ffff80000000000 ffff800000000000 fffff80000000000
ffffe00000000000 3 1ffffc0000000000 ffff000000000000 fffffc0000000000
ffffe00000000000 4 0ffffe0000000000 fffe000000000000 fffffe0000000000
ffffe00000000000 5 07ffff0000000000 fffc000000000000 ffffff0000000000
ffffe00000000000 6 03ffff8000000000 fff8000000000000 ffffff8000000000
ffffe00000000000 7 01ffffc000000000 fff0000000000000 ffffffc000000000
ffffe00000000000 8 00ffffe000000000 ffe0000000000000 ffffffe000000000
ffffe00000000000 9 007ffff000000000 ffc0000000000000 fffffff000000000
ffffe00000000000 10 003ffff800000000 ff80000000000000 fffffff800000000
ffffe00000000000 11 001ffffc00000000 ff00000000000000 fffffffc00000000
ffffe00000000000 12 000ffffe00000000 fe00000000000000 fffffffe00000000
ffffe00000000000 13 0007ffff00000000 fc00000000000000 ffffffff00000000
ffffe00000000000 14 0003ffff80000000 f800000000000000 ffffffff80000000
ffffe00000000000 15 0001ffffc0000000 f000000000000000 ffffffffc0000000
ffffe00000000000 16 0000ffffe0000000 e000000000000000 ffffffffe0000000
ffffe00000000000 17 00007ffff0000000 c000000000000000 fffffffff0000000
ffffe00000000000 18 00003ffff8000000 8000000000000000 fffffffff8000000
ffffe00000000000 19 00001ffffc000000 0000000000000000 fffffffffc000000
ffffe00000000000 20 00000ffffe000000 0000000000000000 fffffffffe000000
ffffe00000000000 21 000007ffff000000 0000000000000000 ffffffffff000000
ffffe00000000000 22 000003ffff800000 0000000000000000 ffffffffff800000
ffffe00000000000 23 000001ffffc00000 0000000000000000 ffffffffffc00000
ffffe00000000000 24 000000ffffe00000 0000000000000000 ffffffffffe00000
ffffe00000000000 25 0000007ffff00000 0000000000000000 fffffffffff00000
ffffe00000000000 26 0000003ffff80000 0000000000000000 fffffffffff80000
ffffe00000000000 27 0000001ffffc0000 0000000000000000 fffffffffffc0000
ffffe00000000000 28 0000000ffffe0000 0000000000000000 fffffffffffe0000
ffffe00000000000 29 00000007ffff0000 0000000000000000 ffffffffffff0000
ffffe00000000000 30 00000003ffff8000 0000000000000000 ffffffffffff8000
ffffe00000000000 31 00000001ffffc000 0000000000000000 ffffffffffffc000
ffffe00000000000 32 00000000ffffe000 0000000000000000 ffffffffffffe000
ffffe00000000000 33 000000007ffff000 0000000000000000 fffffffffffff000
ffffe00000000000 34 000000003ffff800 0000000000000000 fffffffffffff800
ffffe00000000000 35 000000001ffffc00 0000000000000000 fffffffffffffc00
ffffe00000000000 36 000000000ffffe00 0000000000000000 fffffffffffffe00
ffffe00000000000 37 0000000007ffff00 0000000000000000 ffffffffffffff00
ffffe00000000000 38 0000000003ffff80 0000000000000000 ffffffffffffff80
ffffe00000000000 39 0000000001ffffc0 0000000000000000 ffffffffffffffc0
ffffe00000000000 40 0000000000ffffe0 0000000000000000 ffffffffffffffe0
ffffe00000000000 41 00000000007ffff0 0000000000000000 fffffffffffffff0
ffffe00000000000 42 00000000003ffff8 0000000000000000 fffffffffffffff8
ffffe00000000000 43 00000000001ffffc 0000000000000000 fffffffffffffffc
ffffe00000000000 44 00000000000ffffe 0000000000000000 fffffffffffffffe
ffffe00000000000 45 000000000007ffff 0000000000000000 ffffffffffffffff
ffffe00000000000 46 000000000003ffff 0000000000000000 ffffffffffffffff
ffffe00000000000 47 000000000001ffff 0000000000000000 ffffffffffffffff
ffffe00000000000 48 000000000000ffff 0000000000000000 ffffffffffffffff
ffffe00000000000 49 0000000000007fff 0000000000000000 ffffffffffffffff
ffffe00000000000 50 0000000000003fff 0000000000000000 ffffffffffffffff
ffffe00000000000 51 0000000000001fff 0000000000000000 ffffffffffffffff
ffffe00000000000 52 0000000000000fff 0000000000000000 ffffffffffffffff
ffffe00000000000 53 00000000000007ff 0000000000000000 ffffffffffffffff
ffffe00000000000 54 00000000000003ff 0000000000000000 ffffffffffffffff
ffffe00000000000 55 00000000000001ff 0000000000000000 ffffffffffffffff
ffffe00000000000 56 00000000000000ff 0000000000000000 ffffffffffffffff
ffffe00000000000 57 000000000000007f 0000000000000000 ffffffffffffffff
ffffe00000000000 58 000000000000003f 0000000000000000 ffffffffffffffff
ffffe00000000000 59 000000000000001f 0000000000000000 ffffffffffffffff
ffffe00000000000 60 000000000000000f 0000000000000000 ffffffffffffffff
ffffe00000000000 61 0000000000000007 0000000000000000 ffffffffffffffff
ffffe00000000000 62 0000000000000003 0000000000000000 ffffffffffffffff
ffffe00000000000 63 0000000000000001 0000000000000000 ffffffffffffffff
fffff00000000000 0 fffff00000000000 fffff00000000000 fffff00000000000
fffff00000000000 1 7ffff80000000000 ffffe00000000000 fffff80000000000
fffff00000000000 2 3ffffc0000000000 ffffc00000000000 fffffc0000000000
fffff00000000000 3 1ffffe0000000000 ffff800000000000 fffffe0000000000
fffff00000000000 4 0fffff0000000000 ffff000000000000 ffffff0000000000
fffff00000000000 5 07ffff8000000000 fffe000000000000 ffffff8000000000
fffff00000000000 6 03ffffc000000000 fffc000000000000 ffffffc000000000
fffff00000000000 7 01ffffe000000000 fff8000000000000 ffffffe000000000
fffff00000000000 8 00fffff000000000 fff0000000000000 fffffff000000000
fffff00000000000 9 007ffff800000000 ffe0000000000000 fffffff800000000
fffff00000000000 10 003ffffc00000000 ffc0000000000000 fffffffc00000000
fffff00000000000 11 001ffffe00000000 ff80000000000000 fffffffe00000000
fffff00000000000 12 000fffff00000000 ff00000000000000 ffffffff00000000
fffff00000000000 13 0007ffff80000000 fe00000000000000 ffffffff80000000
fffff00000000000 14 0003ffffc0000000 fc00000000000000 ffffffffc0000000
fffff00000000000 15 0001ffffe0000000 f800000000000000 ffffffffe0000000
fffff00000000000 16 0000fffff0000000 f000000000000000 fffffffff0000000
fffff00000000000 17 00007ffff8000000 e000000000000000 fffffffff8000000
fffff00000000000 18 00003ffffc000000 c000000000000000 fffffffffc000000
fffff00000000000 19 00001ffffe000000 8000000000000000 fffffffffe000000
fffff00000000000 20 00000fffff000000 0000000000000000 ffffffffff000000
fffff00000000000 21 000007ffff800000 0000000000000000 ffffffffff800000
fffff00000000000 22 000003ffffc00000 0000000000000000 ffffffffffc00000
fffff00000000000 23 000001ffffe00000 0000000000000000 ffffffffffe00000
fffff00000000000 24 000000fffff00000 0000000000000000 fffffffffff00000
fffff00000000000 25 0000007ffff80000 0000000000000000 fffffffffff80000
fffff00000000000 26 0000003ffffc0000 0000000000000000 fffffffffffc0000
fffff00000000000 27 0000001ffffe0000 0000000000000000 fffffffffffe0000
fffff00000000000 28 0000000fffff0000 0000000000000000 ffffffffffff0000
fffff00000000000 29 00000007ffff8000 0000000000000000 ffffffffffff8000
fffff00000000000 30 00000003ffffc000 0000000000000000 ffffffffffffc000
fffff00000000000 31 00000001ffffe000 0000000000000000 ffffffffffffe000
fffff00000000000 32 00000000fffff000 0000000000000000 fffffffffffff000
fffff00000000000 33 000000007ffff800 0000000000000000 fffffffffffff800
fffff00000000000 34 000000003ffffc00 0000000000000000 fffffffffffffc00
fffff00000000000 35 000000001ffffe00 0000000000000000 fffffffffffffe00
fffff00000000000 36 000000000fffff00 0000000000000000 ffffffffffffff00
fffff00000000000 37 0000000007ffff80 0000000000000000 ffffffffffffff80
fffff00000000000 38 0000000003ffffc0 0000000000000000 ffffffffffffffc0
fffff00000000000 39 0000000001ffffe0 0000000000000000 ffffffffffffffe0
fffff00000000000 40 0000000000fffff0 0000000000000000 fffffffffffffff0
fffff00000000000 41 00000000007ffff8 0000000000000000 fffffffffffffff8
fffff00000000000 42 00000000003ffffc 0000000000000000 fffffffffffffffc
fffff00000000000 43 00000000001ffffe 0000000000000000 fffffffffffffffe
fffff00000000000 44 00000000000fffff 0000000000000000 ffffffffffffffff
fffff00000000000 45 000000000007ffff 0000000000000000 ffffffffffffffff
fffff00000000000 46 000000000003ffff 0000000000000000 ffffffffffffffff
fffff00000000000 47 000000000001ffff 0000000000000000 ffffffffffffffff
fffff00000000000 48 000000000000ffff 0000000000000000 ffffffffffffffff
fffff00000000000 49 0000000000007fff 0000000000000000 ffffffffffffffff
fffff00000000000 50 0000000000003fff 0000000000000000 ffffffffffffffff
fffff00000000000 51 0000000000001fff 0000000000000000 ffffffffffffffff
fffff00000000000 52 0000000000000fff 0000000000000000 ffffffffffffffff
fffff00000000000 53 00000000000007ff 0000000000000000 ffffffffffffffff
fffff00000000000 54 00000000000003ff 0000000000000000 ffffffffffffffff
fffff00000000000 55 00000000000001ff 0000000000000000 ffffffffffffffff
fffff00000000000 56 00000000000000ff 0000000000000000 ffffffffffffffff
fffff00000000000 57 000000000000007f 0000000000000000 ffffffffffffffff
fffff00000000000 58 000000000000003f 0000000000000000 ffffffffffffffff
fffff00000000000 59 000000000000001f 0000000000000000 ffffffffffffffff
fffff00000000000 60 000000000000000f 0000000000000000 ffffffffffffffff
fffff00000000000 61 0000000000000007 0000000000000000 ffffffffffffffff
fffff00000000000 62 0000000000000003 0000000000000000 ffffffffffffffff
fffff00000000000 63 0000000000000001 0000000000000000 ffffffffffffffff
fffff80000000000 0 fffff80000000000 fffff80000000000 fffff80000000000
fffff80000000000 1 7ffffc0000000000 fffff00000000000 fffffc0000000000
fffff80000000000 2 3ffffe0000000000 ffffe00000000000 fffffe0000000000
fffff80000000000 3 1fffff0000000000 ffffc00000000000 ffffff0000000000
fffff80000000000 4 0fffff8000000000 ffff800000000000 ffffff8000000000
fffff80000000000 5 07ffffc000000000 ffff000000000000 ffffffc000000000
fffff80000000000 6 03ffffe000000000 fffe000000000000 ffffffe000000000
fffff80000000000 7 01fffff000000000 fffc000000000000 fffffff000000000
fffff80000000000 8 00fffff800000000 fff8000000000000 fffffff800000000
fffff80000000000 9 007ffffc00000000 fff0000000000000 fffffffc00000000
fffff80000000000 10 003ffffe00000000 ffe0000000000000 fffffffe00000000
fffff80000000000 11 001fffff00000000 ffc0000000000000 ffffffff00000000
fffff80000000000 12 000fffff80000000 ff80000000000000 ffffffff80000000
fffff80000000000 13 0007ffffc0000000 ff00000000000000 ffffffffc0000000
fffff80000000000 14 0003ffffe0000000 fe00000000000000 ffffffffe0000000
fffff80000000000 15 0001fffff0000000 fc00000000000000 fffffffff0000000
fffff80000000000 16 0000fffff8000000 f800000000000000 fffffffff8000000
fffff80000000000 17 00007ffffc000000 f000000000000000 fffffffffc000000
fffff80000000000 18 00003ffffe000000 e000000000000000 fffffffffe000000
fffff80000000000 19 00001fffff000000 c000000000000000 ffffffffff000000
fffff80000000000 20 00000fffff800000 8000000000000000 ffffffffff800000
fffff80000000000 21 000007ffffc00000 0000000000000000 ffffffffffc00000
fffff80000000000 22 000003ffffe00000 0000000000000000 ffffffffffe00000
fffff80000000000 23 000001fffff00000 0000000000000000 fffffffffff00000
fffff80000000000 24 000000fffff80000 0000000000000000 fffffffffff80000
fffff80000000000 25 0000007ffffc0000 0000000000000000 fffffffffffc0000
fffff80000000000 26 0000003ffffe0000 0000000000000000 fffffffffffe0000
fffff80000000000 27 0000001fffff0000 0000000000000000 ffffffffffff0000
fffff80000000000 28 0000000fffff8000 0000000000000000 ffffffffffff8000
fffff80000000000 29 00000007ffffc000 0000000000000000 ffffffffffffc000
fffff80000000000 30 00000003ffffe000 0000000000000000 ffffffffffffe000
fffff80000000000 31 00000001fffff000 0000000000000000 fffffffffffff000
fffff80000000000 32 00000000fffff800 0000000000000000 fffffffffffff800
fffff80000000000 33 000000007ffffc00 0000000000000000 fffffffffffffc00
fffff80000000000 34 000000003ffffe00 0000000000000000 fffffffffffffe00
fffff80000000000 35 000000001fffff00 0000000000000000 ffffffffffffff00
fffff80000000000 36 000000000fffff80 0000000000000000 ffffffffffffff80
fffff80000000000 37 0000000007ffffc0 0000000000000000 ffffffffffffffc0
fffff80000000000 38 0000000003ffffe0 0000000000000000 ffffffffffffffe0
fffff80000000000 39 0000000001fffff0 0000000000000000 fffffffffffffff0
fffff80000000000 40 0000000000fffff8 0000000000000000 fffffffffffffff8
fffff80000000000 41 00000000007ffffc 0000000000000000 fffffffffffffffc
fffff80000000000 42 00000000003ffffe 0000000000000000 fffffffffffffffe
fffff80000000000 43 00000000001fffff 0000000000000000 ffffffffffffffff
fffff80000000000 44 00000000000fffff 0000000000000000 ffffffffffffffff
fffff80000000000 45 000000000007ffff 0000000000000000 ffffffffffffffff
fffff80000000000 46 000000000003ffff 0000000000000000 ffffffffffffffff
fffff80000000000 47 000000000001ffff 0000000000000000 ffffffffffffffff
fffff80000000000 48 000000000000ffff 0000000000000000 ffffffffffffffff
fffff80000000000 49 0000000000007fff 0000000000000000 ffffffffffffffff
fffff80000000000 50 0000000000003fff 0000000000000000 ffffffffffffffff
fffff80000000000 51 0000000000001fff 0000000000000000 ffffffffffffffff
fffff80000000000 52 0000000000000fff 0000000000000000 ffffffffffffffff
fffff80000000000 53 00000000000007ff 0000000000000000 ffffffffffffffff
fffff80000000000 54 00000000000003ff 0000000000000000 ffffffffffffffff
fffff80000000000 55 00000000000001ff 0000000000000000 ffffffffffffffff
fffff80000000000 56 00000000000000ff 0000000000000000 ffffffffffffffff
fffff80000000000 57 000000000000007f 0000000000000000 ffffffffffffffff
fffff80000000000 58 000000000000003f 0000000000000000 ffffffffffffffff
fffff80000000000 59 000000000000001f 0000000000000000 ffffffffffffffff
fffff80000000000 60 000000000000000f 0000000000000000 ffffffffffffffff
fffff80000000000 61 0000000000000007 0000000000000000 ffffffffffffffff
fffff80000000000 62 0000000000000003 0000000000000000 ffffffffffffffff
fffff80000000000 63 0000000000000001 0000000000000000 ffffffffffffffff
fffffc0000000000 0 fffffc0000000000 fffffc0000000000 fffffc0000000000
fffffc0000000000 1 7ffffe0000000000 fffff80000000000 fffffe0000000000
fffffc0000000000 2 3fffff0000000000 fffff00000000000 ffffff0000000000
fffffc0000000000 3 1fffff8000000000 ffffe00000000000 ffffff8000000000
fffffc0000000000 4 0fffffc000000000 ffffc00000000000 ffffffc000000000
fffffc0000000000 5 07ffffe000000000 ffff800000000000 ffffffe000000000
fffffc0000000000 6 03fffff000000000 ffff000000000000 fffffff000000000
fffffc0000000000 7 01fffff800000000 fffe000000000000 fffffff800000000
fffffc0000000000 8 00fffffc00000000 fffc000000000000 fffffffc00000000
fffffc0000000000 9 007ffffe00000000 fff8000000000000 fffffffe00000000
fffffc0000000000 10 003fffff00000000 fff0000000000000 ffffffff00000000
fffffc0000000000 11 001fffff80000000 ffe0000000000000 ffffffff80000000
fffffc0000000000 12 000fffffc0000000 ffc0000000000000 ffffffffc0000000
fffffc0000000000 13 0007ffffe0000000 ff80000000000000 ffffffffe0000000
fffffc0000000000 14 0003fffff0000000 ff00000000000000 fffffffff0000000
fffffc0000000000 15 0001fffff8000000 fe00000000000000 fffffffff8000000
fffffc0000000000 16 0000fffffc000000 fc00000000000000 fffffffffc000000
fffffc0000000000 17 00007ffffe000000 f800000000000000 fffffffffe000000
fffffc0000000000 18 00003fffff000000 f000000000000000 ffffffffff000000
fffffc0000000000 19 00001fffff800000 e000000000000000 ffffffffff800000
fffffc0000000000 20 00000fffffc00000 c000000000000000 ffffffffffc00000
fffffc0000000000 21 000007ffffe00000 8000000000000000 ffffffffffe00000
fffffc0000000000 22 000003fffff00000 0000000000000000 fffffffffff00000
fffffc0000000000 23 000001fffff80000 0000000000000000 fffffffffff80000
fffffc0000000000 24 000000fffffc0000 0000000000000000 fffffffffffc0000
fffffc0000000000 25 0000007ffffe0000 0000000000000000 fffffffffffe0000
fffffc0000000000 26 0000003fffff0000 0000000000000000 ffffffffffff0000
fffffc0000000000 27 0000001fffff8000 0000000000000000 ffffffffffff8000
fffffc0000000000 28 0000000fffffc000 0000000000000000 ffffffffffffc000
fffffc0000000000 29 00000007ffffe000 0000000000000000 ffffffffffffe000
fffffc0000000000 30 00000003fffff000 0000000000000000 fffffffffffff000
fffffc0000000000 31 00000001fffff800 0000000000000000 fffffffffffff800
fffffc0000000000 32 00000000fffffc00 0000000000000000 fffffffffffffc00
fffffc0000000000 33 000000007ffffe00 0000000000000000 fffffffffffffe00
fffffc0000000000 34 000000003fffff00 0000000000000000 ffffffffffffff00
fffffc0000000000 35 000000001fffff80 0000000000000000 ffffffffffffff80
fffffc0000000000 36 000000000fffffc0 0000000000000000 ffffffffffffffc0
fffffc0000000000 37 0000000007ffffe0 0000000000000000 ffffffffffffffe0
fffffc0000000000 38 0000000003fffff0 0000000000000000 fffffffffffffff0
fffffc0000000000 39 0000000001fffff8 0000000000000000 fffffffffffffff8
fffffc0000000000 40 0000000000fffffc 0000000000000000 fffffffffffffffc
fffffc0000000000 41 00000000007ffffe 0000000000000000 fffffffffffffffe
fffffc0000000000 42 00000000003fffff 0000000000000000 ffffffffffffffff
fffffc0000000000 43 00000000001fffff 0000000000000000 ffffffffffffffff
fffffc0000000000 44 00000000000fffff 0000000000000000 ffffffffffffffff
fffffc0000000000 45 000000000007ffff 0000000000000000 ffffffffffffffff
fffffc0000000000 46 000000000003ffff 0000000000000000 ffffffffffffffff
fffffc0000000000 47 000000000001ffff 0000000000000000 ffffffffffffffff
fffffc0000000000 48 000000000000ffff 0000000000000000 ffffffffffffffff
fffffc0000000000 49 0000000000007fff 0000000000000000 ffffffffffffffff
fffffc0000000000 50 0000000000003fff 0000000000000000 ffffffffffffffff
fffffc0000000000 51 0000000000001fff 0000000000000000 ffffffffffffffff
fffffc0000000000 52 0000000000000fff 0000000000000000 ffffffffffffffff
fffffc0000000000 53 00000000000007ff 0000000000000000 ffffffffffffffff
fffffc0000000000 54 00000000000003ff 0000000000000000 ffffffffffffffff
fffffc0000000000 55 00000000000001ff 0000000000000000 ffffffffffffffff
fffffc0000000000 56 00000000000000ff 0000000000000000 ffffffffffffffff
fffffc0000000000 57 000000000000007f 0000000000000000 ffffffffffffffff
fffffc0000000000 58 000000000000003f 0000000000000000 ffffffffffffffff
fffffc0000000000 59 000000000000001f 0000000000000000 ffffffffffffffff
fffffc0000000000 60 000000000000000f 0000000000000000 ffffffffffffffff
fffffc0000000000 61 0000000000000007 0000000000000000 ffffffffffffffff
fffffc0000000000 62 0000000000000003 0000000000000000 ffffffffffffffff
fffffc0000000000 63 0000000000000001 0000000000000000 ffffffffffffffff
fffffe0000000000 0 fffffe0000000000 fffffe0000000000 fffffe0000000000
fffffe0000000000 1 7fffff0000000000 fffffc0000000000 ffffff0000000000
fffffe0000000000 2 3fffff8000000000 fffff80000000000 ffffff8000000000
fffffe0000000000 3 1fffffc000000000 fffff00000000000 ffffffc000000000
fffffe0000000000 4 0fffffe000000000 ffffe00000000000 ffffffe000000000
fffffe0000000000 5 07fffff000000000 ffffc00000000000 fffffff000000000
fffffe0000000000 6 03fffff800000000 ffff800000000000 fffffff800000000
fffffe0000000000 7 01fffffc00000000 ffff000000000000 fffffffc00000000
fffffe0000000000 8 00fffffe00000000 fffe000000000000 fffffffe00000000
fffffe0000000000 9 007fffff00000000 fffc000000000000 ffffffff00000000
fffffe0000000000 10 003fffff80000000 fff8000000000000 ffffffff80000000
fffffe0000000000 11 001fffffc0000000 fff0000000000000 ffffffffc0000000
fffffe0000000000 12 000fffffe0000000 ffe0000000000000 ffffffffe0000000
fffffe0000000000 13 0007fffff0000000 ffc0000000000000 fffffffff0000000
fffffe0000000000 14 0003fffff8000000 ff80000000000000 fffffffff8000000
fffffe0000000000 15 0001fffffc000000 ff00000000000000 fffffffffc000000
fffffe0000000000 16 0000fffffe000000 fe00000000000000 fffffffffe000000
fffffe0000000000 17 00007fffff000000 fc00000000000000 ffffffffff000000
fffffe0000000000 18 00003fffff800000 f800000000000000 ffffffffff800000
fffffe0000000000 19 00001fffffc00000 f000000000000000 ffffffffffc00000
fffffe0000000000 20 00000fffffe00000 e000000000000000 ffffffffffe00000
fffffe0000000000 21 000007fffff00000 c000000000000000 fffffffffff00000
fffffe0000000000 22 000003fffff80000 8000000000000000 fffffffffff80000
fffffe0000000000 23 000001fffffc0000 0000000000000000 fffffffffffc0000
fffffe0000000000 24 000000fffffe0000 0000000000000000 fffffffffffe0000
fffffe0000000000 25 0000007fffff0000 0000000000000000 ffffffffffff0000
fffffe0000000000 26 0000003fffff8000 0000000000000000 ffffffffffff8000
fffffe0000000000 27 0000001fffffc000 0000000000000000 ffffffffffffc000
fffffe0000000000 28 0000000fffffe000 0000000000000000 ffffffffffffe000
fffffe0000000000 29 00000007fffff000 0000000000000000 fffffffffffff000
fffffe0000000000 30 00000003fffff800 0000000000000000 fffffffffffff800
fffffe0000000000 31 00000001fffffc00 0000000000000000 fffffffffffffc00
fffffe0000000000 32 00000000fffffe00 0000000000000000 fffffffffffffe00
fffffe0000000000 33 000000007fffff00 0000000000000000 ffffffffffffff00
fffffe0000000000 34 000000003fffff80 0000000000000000 ffffffffffffff80
fffffe0000000000 35 000000001fffffc0 0000000000000000 ffffffffffffffc0
fffffe0000000000 36 000000000fffffe0 0000000000000000 ffffffffffffffe0
fffffe0000000000 37 0000000007fffff0 0000000000000000 fffffffffffffff0
fffffe0000000000 38 0000000003fffff8 0000000000000000 fffffffffffffff8
fffffe0000000000 39 0000000001fffffc 0000000000000000 fffffffffffffffc
fffffe0000000000 40 0000000000fffffe 0000000000000000 fffffffffffffffe
fffffe0000000000 41 00000000007fffff 0000000000000000 ffffffffffffffff
fffffe0000000000 42 00000000003fffff 0000000000000000 ffffffffffffffff
fffffe0000000000 43 00000000001fffff 0000000000000000 ffffffffffffffff
fffffe0000000000 44 00000000000fffff 0000000000000000 ffffffffffffffff
fffffe0000000000 45 000000000007ffff 0000000000000000 ffffffffffffffff
fffffe0000000000 46 000000000003ffff 0000000000000000 ffffffffffffffff
fffffe0000000000 47 000000000001ffff 0000000000000000 ffffffffffffffff
fffffe0000000000 48 000000000000ffff 0000000000000000 ffffffffffffffff
fffffe0000000000 49 0000000000007fff 0000000000000000 ffffffffffffffff
fffffe0000000000 50 0000000000003fff 0000000000000000 ffffffffffffffff
fffffe0000000000 51 0000000000001fff 0000000000000000 ffffffffffffffff
fffffe0000000000 52 0000000000000fff 0000000000000000 ffffffffffffffff
fffffe0000000000 53 00000000000007ff 0000000000000000 ffffffffffffffff
fffffe0000000000 54 00000000000003ff 0000000000000000 ffffffffffffffff
fffffe0000000000 55 00000000000001ff 0000000000000000 ffffffffffffffff
fffffe0000000000 56 00000000000000ff 0000000000000000 ffffffffffffffff
fffffe0000000000 57 000000000000007f 0000000000000000 ffffffffffffffff
fffffe0000000000 58 000000000000003f 0000000000000000 ffffffffffffffff
fffffe0000000000 59 000000000000001f 0000000000000000 ffffffffffffffff
fffffe0000000000 60 000000000000000f 0000000000000000 ffffffffffffffff
fffffe0000000000 61 0000000000000007 0000000000000000 ffffffffffffffff
fffffe0000000000 62 0000000000000003 0000000000000000 ffffffffffffffff
fffffe0000000000 63 0000000000000001 0000000000000000 ffffffffffffffff
ffffff0000000000 0 ffffff0000000000 ffffff0000000000 ffffff0000000000
ffffff0000000000 1 7fffff8000000000 fffffe0000000000 ffffff8000000000
ffffff0000000000 2 3fffffc000000000 fffffc0000000000 ffffffc000000000
ffffff0000000000 3 1fffffe000000000 fffff80000000000 ffffffe000000000
ffffff0000000000 4 0ffffff000000000 fffff00000000000 fffffff000000000
ffffff0000000000 5 07fffff800000000 ffffe00000000000 fffffff800000000
ffffff0000000000 6 03fffffc00000000 ffffc00000000000 fffffffc00000000
ffffff0000000000 7 01fffffe00000000 ffff800000000000 fffffffe00000000
ffffff0000000000 8 00ffffff00000000 ffff000000000000 ffffffff00000000
ffffff0000000000 9 007fffff80000000 fffe000000000000 ffffffff80000000
ffffff0000000000 10 003fffffc0000000 fffc000000000000 ffffffffc0000000
ffffff0000000000 11 001fffffe0000000 fff8000000000000 ffffffffe0000000
ffffff0000000000 12 000ffffff0000000 fff0000000000000 fffffffff0000000
ffffff0000000000 13 0007fffff8000000 ffe0000000000000 fffffffff8000000
ffffff0000000000 14 0003fffffc000000 ffc0000000000000 fffffffffc000000
ffffff0000000000 15 0001fffffe000000 ff80000000000000 fffffffffe000000
ffffff0000000000 16 0000ffffff000000 ff00000000000000 ffffffffff000000
ffffff0000000000 17 00007fffff800000 fe00000000000000 ffffffffff800000
ffffff0000000000 18 00003fffffc00000 fc00000000000000 ffffffffffc00000
ffffff0000000000 19 00001fffffe00000 f800000000000000 ffffffffffe00000
ffffff0000000000 20 00000ffffff00000 f000000000000000 fffffffffff00000
ffffff0000000000 21 000007fffff80000 e000000000000000 fffffffffff80000
ffffff0000000000 22 000003fffffc0000 c000000000000000 fffffffffffc0000
ffffff0000000000 23 000001fffffe0000 8000000000000000 fffffffffffe0000
ffffff0000000000 24 000000ffffff0000 0000000000000000 ffffffffffff0000
ffffff0000000000 25 0000007fffff8000 0000000000000000 ffffffffffff8000
ffffff0000000000 26 0000003fffffc000 0000000000000000 ffffffffffffc000
ffffff0000000000 27 0000001fffffe000 0000000000000000 ffffffffffffe000
ffffff0000000000 28 0000000ffffff000 0000000000000000 fffffffffffff000
ffffff0000000000 29 00000007fffff800 0000000000000000 fffffffffffff800
ffffff0000000000 30 00000003fffffc00 0000000000000000 fffffffffffffc00
ffffff0000000000 31 00000001fffffe00 0000000000000000 fffffffffffffe00
ffffff0000000000 32 00000000ffffff00 0000000000000000 ffffffffffffff00
ffffff0000000000 33 000000007fffff80 0000000000000000 ffffffffffffff80
ffffff0000000000 34 000000003fffffc0 0000000000000000 ffffffffffffffc0
ffffff0000000000 35 000000001fffffe0 0000000000000000 ffffffffffffffe0
ffffff0000000000 36 000000000ffffff0 0000000000000000 fffffffffffffff0
ffffff0000000000 37 0000000007fffff8 0000000000000000 fffffffffffffff8
ffffff0000000000 38 0000000003fffffc 0000000000000000 fffffffffffffffc
ffffff0000000000 39 0000000001fffffe 0000000000000000 fffffffffffffffe
ffffff0000000000 40 0000000000ffffff 0000000000000000 ffffffffffffffff
ffffff0000000000 41 00000000007fffff 0000000000000000 ffffffffffffffff
ffffff0000000000 42 00000000003fffff 0000000000000000 ffffffffffffffff
ffffff0000000000 43 00000000001fffff 0000000000000000 ffffffffffffffff
ffffff0000000000 44 00000000000fffff 0000000000000000 ffffffffffffffff
ffffff0000000000 45 000000000007ffff 0000000000000000 ffffffffffffffff
ffffff0000000000 46 000000000003ffff 0000000000000000 ffffffffffffffff
ffffff0000000000 47 000000000001ffff 0000000000000000 ffffffffffffffff
ffffff0000000000 48 000000000000ffff 0000000000000000 ffffffffffffffff
ffffff0000000000 49 0000000000007fff 0000000000000000 ffffffffffffffff
ffffff0000000000 50 0000000000003fff 0000000000000000 ffffffffffffffff
ffffff0000000000 51 0000000000001fff 0000000000000000 ffffffffffffffff
ffffff0000000000 52 0000000000000fff 0000000000000000 ffffffffffffffff
ffffff0000000000 53 00000000000007ff 0000000000000000 ffffffffffffffff
ffffff0000000000 54 00000000000003ff 0000000000000000 ffffffffffffffff
ffffff0000000000 55 00000000000001ff 0000000000000000 ffffffffffffffff
ffffff0000000000 56 00000000000000ff 0000000000000000 ffffffffffffffff
ffffff0000000000 57 000000000000007f 0000000000000000 ffffffffffffffff
ffffff0000000000 58 000000000000003f 0000000000000000 ffffffffffffffff
ffffff0000000000 59 000000000000001f 0000000000000000 ffffffffffffffff
ffffff0000000000 60 000000000000000f 0000000000000000 ffffffffffffffff
ffffff0000000000 61 0000000000000007 0000000000000000 ffffffffffffffff
ffffff0000000000 62 0000000000000003 0000000000000000 ffffffffffffffff
ffffff0000000000 63 0000000000000001 0000000000000000 ffffffffffffffff
ffffff8000000000 0 ffffff8000000000 ffffff8000000000 ffffff8000000000
ffffff8000000000 1 7fffffc000000000 ffffff0000000000 ffffffc000000000
ffffff8000000000 2 3fffffe000000000 fffffe0000000000 ffffffe000000000
ffffff8000000000 3 1ffffff000000000 fffffc0000000000 fffffff000000000
ffffff8000000000 4 0ffffff800000000 fffff80000000000 fffffff800000000
ffffff8000000000 5 07fffffc00000000 fffff00000000000 fffffffc00000000
ffffff8000000000 6 03fffffe00000000 ffffe00000000000 fffffffe00000000
ffffff8000000000 7 01ffffff00000000 ffffc00000000000 ffffffff00000000
ffffff8000000000 8 00ffffff80000000 ffff800000000000 ffffffff80000000
ffffff8000000000 9 007fffffc0000000 ffff000000000000 ffffffffc0000000
ffffff8000000000 10 003fffffe0000000 fffe000000000000 ffffffffe0000000
ffffff8000000000 11 001ffffff0000000 fffc000000000000 fffffffff0000000
ffffff8000000000 12 000ffffff8000000 fff8000000000000 fffffffff8000000
ffffff8000000000 13 0007fffffc000000 fff0000000000000 fffffffffc000000
ffffff8000000000 14 0003fffffe000000 ffe0000000000000 fffffffffe000000
ffffff8000000000 15 0001ffffff000000 ffc0000000000000 ffffffffff000000
ffffff8000000000 16 0000ffffff800000 ff80000000000000 ffffffffff800000
ffffff8000000000 17 00007fffffc00000 ff00000000000000 ffffffffffc00000
ffffff8000000000 18 00003fffffe00000 fe00000000000000 ffffffffffe00000
ffffff8000000000 19 00001ffffff00000 fc00000000000000 fffffffffff00000
ffffff8000000000 20 00000ffffff80000 f800000000000000 fffffffffff80000
ffffff8000000000 21 000007fffffc0000 f000000000000000 fffffffffffc0000
ffffff8000000000 22 000003fffffe0000 e000000000000000 fffffffffffe0000
ffffff8000000000 23 000001ffffff0000 c000000000000000 ffffffffffff0000
ffffff8000000000 24 000000ffffff8000 8000000000000000 ffffffffffff8000
ffffff8000000000 25 0000007fffffc000 0000000000000000 ffffffffffffc000
ffffff8000000000 26 0000003fffffe000 0000000000000000 ffffffffffffe000
ffffff8000000000 27 0000001ffffff000 0000000000000000 fffffffffffff000
ffffff8000000000 28 0000000ffffff800 0000000000000000 fffffffffffff800
ffffff8000000000 29 00000007fffffc00 0000000000000000 fffffffffffffc00
ffffff8000000000 30 00000003fffffe00 0000000000000000 fffffffffffffe00
ffffff8000000000 31 00000001ffffff00 0000000000000000 ffffffffffffff00
ffffff8000000000 32 00000000ffffff80 0000000000000000 ffffffffffffff80
ffffff8000000000 33 000000007fffffc0 0000000000000000 ffffffffffffffc0
ffffff8000000000 34 000000003fffffe0 0000000000000000 ffffffffffffffe0
ffffff8000000000 35 000000001ffffff0 0000000000000000 fffffffffffffff0
ffffff8000000000 36 000000000ffffff8 0000000000000000 fffffffffffffff8
ffffff8000000000 37 0000000007fffffc 0000000000000000 fffffffffffffffc
ffffff8000000000 38 0000000003fffffe 0000000000000000 fffffffffffffffe
ffffff8000000000 39 0000000001ffffff 0000000000000000 ffffffffffffffff
ffffff8000000000 40 0000000000ffffff 0000000000000000 ffffffffffffffff
ffffff8000000000 41 00000000007fffff 0000000000000000 ffffffffffffffff
ffffff8000000000 42 00000000003fffff 0000000000000000 ffffffffffffffff
ffffff8000000000 43 00000000001fffff 0000000000000000 ffffffffffffffff
ffffff8000000000 44 00000000000fffff 0000000000000000 ffffffffffffffff
ffffff8000000000 45 000000000007ffff 0000000000000000 ffffffffffffffff
ffffff8000000000 46 000000000003ffff 0000000000000000 ffffffffffffffff
ffffff8000000000 47 000000000001ffff 0000000000000000 ffffffffffffffff
ffffff8000000000 48 000000000000ffff 0000000000000000 ffffffffffffffff
ffffff8000000000 49 0000000000007fff 0000000000000000 ffffffffffffffff
ffffff8000000000 50 0000000000003fff 0000000000000000 ffffffffffffffff
ffffff8000000000 51 0000000000001fff 0000000000000000 ffffffffffffffff
ffffff8000000000 52 0000000000000fff 0000000000000000 ffffffffffffffff
ffffff8000000000 53 00000000000007ff 0000000000000000 ffffffffffffffff
ffffff8000000000 54 00000000000003ff 0000000000000000 ffffffffffffffff
ffffff8000000000 55 00000000000001ff 0000000000000000 ffffffffffffffff
ffffff8000000000 56 00000000000000ff 0000000000000000 ffffffffffffffff
ffffff8000000000 57 000000000000007f 0000000000000000 ffffffffffffffff
ffffff8000000000 58 000000000000003f 0000000000000000 ffffffffffffffff
ffffff8000000000 59 000000000000001f 0000000000000000 ffffffffffffffff
ffffff8000000000 60 000000000000000f 0000000000000000 ffffffffffffffff
ffffff8000000000 61 0000000000000007 0000000000000000 ffffffffffffffff
ffffff8000000000 62 0000000000000003 0000000000000000 ffffffffffffffff
ffffff8000000000 63 0000000000000001 0000000000000000 ffffffffffffffff
ffffffc000000000 0 ffffffc000000000 ffffffc000000000 ffffffc000000000
ffffffc000000000 1 7fffffe000000000 ffffff8000000000 ffffffe000000000
ffffffc000000000 2 3ffffff000000000 ffffff0000000000 fffffff000000000
ffffffc000000000 3 1ffffff800000000 fffffe0000000000 fffffff800000000
ffffffc000000000 4 0ffffffc00000000 fffffc0000000000 fffffffc00000000
ffffffc000000000 5 07fffffe00000000 fffff80000000000 fffffffe00000000
ffffffc000000000 6 03ffffff00000000 fffff00000000000 ffffffff00000000
ffffffc000000000 7 01ffffff80000000 ffffe00000000000 ffffffff80000000
ffffffc000000000 8 00ffffffc0000000 ffffc00000000000 ffffffffc0000000
ffffffc000000000 9 007fffffe0000000 ffff800000000000 ffffffffe0000000
ffffffc000000000 10 003ffffff0000000 ffff000000000000 fffffffff0000000
ffffffc000000000 11 001ffffff8000000 fffe000000000000 fffffffff8000000
ffffffc000000000 12 000ffffffc000000 fffc000000000000 fffffffffc000000
ffffffc000000000 13 0007fffffe000000 fff8000000000000 fffffffffe000000
ffffffc000000000 14 0003ffffff000000 fff0000000000000 ffffffffff000000
ffffffc000000000 15 0001ffffff800000 ffe0000000000000 ffffffffff800000
ffffffc000000000 16 0000ffffffc00000 ffc0000000000000 ffffffffffc00000
ffffffc000000000 17 00007fffffe00000 ff80000000000000 ffffffffffe00000
ffffffc000000000 18 00003ffffff00000 ff00000000000000 fffffffffff00000
ffffffc000000000 19 00001ffffff80000 fe00000000000000 fffffffffff80000
ffffffc000000000 20 00000ffffffc0000 fc00000000000000 fffffffffffc0000
ffffffc000000000 21 000007fffffe0000 f800000000000000 fffffffffffe0000
ffffffc000000000 22 000003ffffff0000 f000000000000000 ffffffffffff0000
ffffffc000000000 23 000001ffffff8000 e000000000000000 ffffffffffff8000
ffffffc000000000 24 000000ffffffc000 c000000000000000 ffffffffffffc000
ffffffc000000000 25 0000007fffffe000 8000000000000000 ffffffffffffe000
ffffffc000000000 26 0000003ffffff000 0000000000000000 fffffffffffff000
ffffffc000000000 27 0000001ffffff800 0000000000000000 fffffffffffff800
ffffffc000000000 28 0000000ffffffc00 0000000000000000 fffffffffffffc00
ffffffc000000000 29 00000007fffffe00 0000000000000000 fffffffffffffe00
ffffffc000000000 30 00000003ffffff00 0000000000000000 ffffffffffffff00
ffffffc000000000 31 00000001ffffff80 0000000000000000 ffffffffffffff80
ffffffc000000000 32 00000000ffffffc0 0000000000000000 ffffffffffffffc0
ffffffc000000000 33 000000007fffffe0 0000000000000000 ffffffffffffffe0
ffffffc000000000 34 000000003ffffff0 0000000000000000 fffffffffffffff0
ffffffc000000000 35 000000001ffffff8 0000000000000000 fffffffffffffff8
ffffffc000000000 36 000000000ffffffc 0000000000000000 fffffffffffffffc
ffffffc000000000 37 0000000007fffffe 0000000000000000 fffffffffffffffe
ffffffc000000000 38 0000000003ffffff 0000000000000000 ffffffffffffffff
ffffffc000000000 39 0000000001ffffff 0000000000000000 ffffffffffffffff
ffffffc000000000 40 0000000000ffffff 0000000000000000 ffffffffffffffff
ffffffc000000000 41 00000000007fffff 0000000000000000 ffffffffffffffff
ffffffc000000000 42 00000000003fffff 0000000000000000 ffffffffffffffff
ffffffc000000000 43 00000000001fffff 0000000000000000 ffffffffffffffff
ffffffc000000000 44 00000000000fffff 0000000000000000 ffffffffffffffff
ffffffc000000000 45 000000000007ffff 0000000000000000 ffffffffffffffff
ffffffc000000000 46 000000000003ffff 0000000000000000 ffffffffffffffff
ffffffc000000000 47 000000000001ffff 0000000000000000 ffffffffffffffff
ffffffc000000000 48 000000000000ffff 0000000000000000 ffffffffffffffff
ffffffc000000000 49 0000000000007fff 0000000000000000 ffffffffffffffff
ffffffc000000000 50 0000000000003fff 0000000000000000 ffffffffffffffff
ffffffc000000000 51 0000000000001fff 0000000000000000 ffffffffffffffff
ffffffc000000000 52 0000000000000fff 0000000000000000 ffffffffffffffff
ffffffc000000000 53 00000000000007ff 0000000000000000 ffffffffffffffff
ffffffc000000000 54 00000000000003ff 0000000000000000 ffffffffffffffff
ffffffc000000000 55 00000000000001ff 0000000000000000 ffffffffffffffff
ffffffc000000000 56 00000000000000ff 0000000000000000 ffffffffffffffff
ffffffc000000000 57 000000000000007f 0000000000000000 ffffffffffffffff
ffffffc000000000 58 000000000000003f 0000000000000000 ffffffffffffffff
ffffffc000000000 59 000000000000001f 0000000000000000 ffffffffffffffff
ffffffc000000000 60 000000000000000f 0000000000000000 ffffffffffffffff
ffffffc000000000 61 0000000000000007 0000000000000000 ffffffffffffffff
ffffffc000000000 62 0000000000000003 0000000000000000 ffffffffffffffff
ffffffc000000000 63 0000000000000001 0000000000000000 ffffffffffffffff
ffffffe000000000 0 ffffffe000000000 ffffffe000000000 ffffffe000000000
ffffffe000000000 1 7ffffff000000000 ffffffc000000000 fffffff000000000
ffffffe000000000 2 3ffffff800000000 ffffff8000000000 fffffff800000000
ffffffe000000000 3 1ffffffc00000000 ffffff0000000000 fffffffc00000000
ffffffe000000000 4 0ffffffe00000000 fffffe0000000000 fffffffe00000000
ffffffe000000000 5 07ffffff00000000 fffffc0000000000 ffffffff00000000
ffffffe000000000 6 03ffffff80000000 fffff80000000000 ffffffff80000000
ffffffe000000000 7 01ffffffc0000000 fffff00000000000 ffffffffc0000000
ffffffe000000000 8 00ffffffe0000000 ffffe00000000000 ffffffffe0000000
ffffffe000000000 9 007ffffff0000000 ffffc00000000000 fffffffff0000000
ffffffe000000000 10 003ffffff8000000 ffff800000000000 fffffffff8000000
ffffffe000000000 11 001ffffffc000000 ffff000000000000 fffffffffc000000
ffffffe000000000 12 000ffffffe000000 fffe000000000000 fffffffffe000000
ffffffe000000000 13 0007ffffff000000 fffc000000000000 ffffffffff000000
ffffffe000000000 14 0003ffffff800000 fff8000000000000 ffffffffff800000
ffffffe000000000 15 0001ffffffc00000 fff0000000000000 ffffffffffc00000
ffffffe000000000 16 0000ffffffe00000 ffe0000000000000 ffffffffffe00000
ffffffe000000000 17 00007ffffff00000 ffc0000000000000 fffffffffff00000
ffffffe000000000 18 00003ffffff80000 ff80000000000000 fffffffffff80000
ffffffe000000000 19 00001ffffffc0000 ff00000000000000 fffffffffffc0000
ffffffe000000000 20 00000ffffffe0000 fe00000000000000 fffffffffffe0000
ffffffe000000000 21 000007ffffff0000 fc00000000000000 ffffffffffff0000
ffffffe000000000 22 000003ffffff8000 f800000000000000 ffffffffffff8000
ffffffe000000000 23 000001ffffffc000 f000000000000000 ffffffffffffc000
ffffffe000000000 24 000000ffffffe000 e000000000000000 ffffffffffffe000
ffffffe000000000 25 0000007ffffff000 c000000000000000 fffffffffffff000
ffffffe000000000 26 0000003ffffff800 8000000000000000 fffffffffffff800
ffffffe000000000 27 0000001ffffffc00 0000000000000000 fffffffffffffc00
ffffffe000000000 28 0000000ffffffe00 0000000000000000 fffffffffffffe00
ffffffe000000000 29 00000007ffffff00 0000000000000000 ffffffffffffff00
ffffffe000000000 30 00000003ffffff80 0000000000000000 ffffffffffffff80
ffffffe000000000 31 00000001ffffffc0 0000000000000000 ffffffffffffffc0
ffffffe000000000 32 00000000ffffffe0 0000000000000000 ffffffffffffffe0
ffffffe000000000 33 000000007ffffff0 0000000000000000 fffffffffffffff0
ffffffe000000000 34 000000003ffffff8 0000000000000000 fffffffffffffff8
ffffffe000000000 35 000000001ffffffc 0000000000000000 fffffffffffffffc
ffffffe000000000 36 000000000ffffffe 0000000000000000 fffffffffffffffe
ffffffe000000000 37 0000000007ffffff 0000000000000000 ffffffffffffffff
ffffffe000000000 38 0000000003ffffff 0000000000000000 ffffffffffffffff
ffffffe000000000 39 0000000001ffffff 0000000000000000 ffffffffffffffff
ffffffe000000000 40 0000000000ffffff 0000000000000000 ffffffffffffffff
ffffffe000000000 41 00000000007fffff 0000000000000000 ffffffffffffffff
ffffffe000000000 42 00000000003fffff 0000000000000000 ffffffffffffffff
ffffffe000000000 43 00000000001fffff 0000000000000000 ffffffffffffffff
ffffffe000000000 44 00000000000fffff 0000000000000000 ffffffffffffffff
ffffffe000000000 45 000000000007ffff 0000000000000000 ffffffffffffffff
ffffffe000000000 46 000000000003ffff 0000000000000000 ffffffffffffffff
ffffffe000000000 47 000000000001ffff 0000000000000000 ffffffffffffffff
ffffffe000000000 48 000000000000ffff 0000000000000000 ffffffffffffffff
ffffffe000000000 49 0000000000007fff 0000000000000000 ffffffffffffffff
ffffffe000000000 50 0000000000003fff 0000000000000000 ffffffffffffffff
ffffffe000000000 51 0000000000001fff 0000000000000000 ffffffffffffffff
ffffffe000000000 52 0000000000000fff 0000000000000000 ffffffffffffffff
ffffffe000000000 53 00000000000007ff 0000000000000000 ffffffffffffffff
ffffffe000000000 54 00000000000003ff 0000000000000000 ffffffffffffffff
ffffffe000000000 55 00000000000001ff 0000000000000000 ffffffffffffffff
ffffffe000000000 56 00000000000000ff 0000000000000000 ffffffffffffffff
ffffffe000000000 57 000000000000007f 0000000000000000 ffffffffffffffff
ffffffe000000000 58 000000000000003f 0000000000000000 ffffffffffffffff
ffffffe000000000 59 000000000000001f 0000000000000000 ffffffffffffffff
ffffffe000000000 60 000000000000000f 0000000000000000 ffffffffffffffff
ffffffe000000000 61 0000000000000007 0000000000000000 ffffffffffffffff
ffffffe000000000 62 0000000000000003 0000000000000000 ffffffffffffffff
ffffffe000000000 63 0000000000000001 0000000000000000 ffffffffffffffff
fffffff000000000 0 fffffff000000000 fffffff000000000 fffffff000000000
fffffff000000000 1 7ffffff800000000 ffffffe000000000 fffffff800000000
fffffff000000000 2 3ffffffc00000000 ffffffc000000000 fffffffc00000000
fffffff000000000 3 1ffffffe00000000 ffffff8000000000 fffffffe00000000
fffffff000000000 4 0fffffff00000000 ffffff0000000000 ffffffff00000000
fffffff000000000 5 07ffffff80000000 fffffe0000000000 ffffffff80000000
fffffff000000000 6 03ffffffc0000000 fffffc0000000000 ffffffffc0000000
fffffff000000000 7 01ffffffe0000000 fffff80000000000 ffffffffe0000000
fffffff000000000 8 00fffffff0000000 fffff00000000000 fffffffff0000000
fffffff000000000 9 007ffffff8000000 ffffe00000000000 fffffffff8000000
fffffff000000000 10 003ffffffc000000 ffffc00000000000 fffffffffc000000
fffffff000000000 11 001ffffffe000000 ffff800000000000 fffffffffe000000
fffffff000000000 12 000fffffff000000 ffff000000000000 ffffffffff000000
fffffff000000000 13 0007ffffff800000 fffe000000000000 ffffffffff800000
fffffff000000000 14 0003ffffffc00000 fffc000000000000 ffffffffffc00000
fffffff000000000 15 0001ffffffe00000 fff8000000000000 ffffffffffe00000
fffffff000000000 16 0000fffffff00000 fff0000000000000 fffffffffff00000
fffffff000000000 17 00007ffffff80000 ffe0000000000000 fffffffffff80000
fffffff000000000 18 00003ffffffc0000 ffc0000000000000 fffffffffffc0000
fffffff000000000 19 00001ffffffe0000 ff80000000000000 fffffffffffe0000
fffffff000000000 20 00000fffffff0000 ff00000000000000 ffffffffffff0000
fffffff000000000 21 000007ffffff8000 fe00000000000000 ffffffffffff8000
fffffff000000000 22 000003ffffffc000 fc00000000000000 ffffffffffffc000
fffffff000000000 23 000001ffffffe000 f800000000000000 ffffffffffffe000
fffffff000000000 24 000000fffffff000 f000000000000000 fffffffffffff000
fffffff000000000 25 0000007ffffff800 e000000000000000 fffffffffffff800
fffffff000000000 26 0000003ffffffc00 c000000000000000 fffffffffffffc00
fffffff000000000 27 0000001ffffffe00 8000000000000000 fffffffffffffe00
fffffff000000000 28 0000000fffffff00 0000000000000000 ffffffffffffff00
fffffff000000000 29 00000007ffffff80 0000000000000000 ffffffffffffff80
fffffff000000000 30 00000003ffffffc0 0000000000000000 ffffffffffffffc0
fffffff000000000 31 00000001ffffffe0 0000000000000000 ffffffffffffffe0
fffffff000000000 32 00000000fffffff0 0000000000000000 fffffffffffffff0
fffffff000000000 33 000000007ffffff8 0000000000000000 fffffffffffffff8
fffffff000000000 34 000000003ffffffc 0000000000000000 fffffffffffffffc
fffffff000000000 35 000000001ffffffe 0000000000000000 fffffffffffffffe
fffffff000000000 36 000000000fffffff 0000000000000000 ffffffffffffffff
fffffff000000000 37 0000000007ffffff 0000000000000000 ffffffffffffffff
fffffff000000000 38 0000000003ffffff 0000000000000000 ffffffffffffffff
fffffff000000000 39 0000000001ffffff 0000000000000000 ffffffffffffffff
fffffff000000000 40 0000000000ffffff 0000000000000000 ffffffffffffffff
fffffff000000000 41 00000000007fffff 0000000000000000 ffffffffffffffff
fffffff000000000 42 00000000003fffff 0000000000000000 ffffffffffffffff
fffffff000000000 43 00000000001fffff 0000000000000000 ffffffffffffffff
fffffff000000000 44 00000000000fffff 0000000000000000 ffffffffffffffff
fffffff000000000 45 000000000007ffff 0000000000000000 ffffffffffffffff
fffffff000000000 46 000000000003ffff 0000000000000000 ffffffffffffffff
fffffff000000000 47 000000000001ffff 0000000000000000 ffffffffffffffff
fffffff000000000 48 000000000000ffff 0000000000000000 ffffffffffffffff
fffffff000000000 49 0000000000007fff 0000000000000000 ffffffffffffffff
fffffff000000000 50 0000000000003fff 0000000000000000 ffffffffffffffff
fffffff000000000 51 0000000000001fff 0000000000000000 ffffffffffffffff
fffffff000000000 52 0000000000000fff 0000000000000000 ffffffffffffffff
fffffff000000000 53 00000000000007ff 0000000000000000 ffffffffffffffff
fffffff000000000 54 00000000000003ff 0000000000000000 ffffffffffffffff
fffffff000000000 55 00000000000001ff 0000000000000000 ffffffffffffffff
fffffff000000000 56 00000000000000ff 0000000000000000 ffffffffffffffff
fffffff000000000 57 000000000000007f 0000000000000000 ffffffffffffffff
fffffff000000000 58 000000000000003f 0000000000000000 ffffffffffffffff
fffffff000000000 59 000000000000001f 0000000000000000 ffffffffffffffff
fffffff000000000 60 000000000000000f 0000000000000000 ffffffffffffffff
fffffff000000000 61 0000000000000007 0000000000000000 ffffffffffffffff
fffffff000000000 62 0000000000000003 0000000000000000 ffffffffffffffff
fffffff000000000 63 0000000000000001 0000000000000000 ffffffffffffffff
fffffff800000000 0 fffffff800000000 fffffff800000000 fffffff800000000
fffffff800000000 1 7ffffffc00000000 fffffff000000000 fffffffc00000000
fffffff800000000 2 3ffffffe00000000 ffffffe000000000 fffffffe00000000
fffffff800000000 3 1fffffff00000000 ffffffc000000000 ffffffff00000000
fffffff800000000 4 0fffffff80000000 ffffff8000000000 ffffffff80000000
fffffff800000000 5 07ffffffc0000000 ffffff0000000000 ffffffffc0000000
fffffff800000000 6 03ffffffe0000000 fffffe0000000000 ffffffffe0000000
fffffff800000000 7 01fffffff0000000 fffffc0000000000 fffffffff0000000
fffffff800000000 8 00fffffff8000000 fffff80000000000 fffffffff8000000
fffffff800000000 9 007ffffffc000000 fffff00000000000 fffffffffc000000
fffffff800000000 10 003ffffffe000000 ffffe00000000000 fffffffffe000000
fffffff800000000 11 001fffffff000000 ffffc00000000000 ffffffffff000000
fffffff800000000 12 000fffffff800000 ffff800000000000 ffffffffff800000
fffffff800000000 13 0007ffffffc00000 ffff000000000000 ffffffffffc00000
fffffff800000000 14 0003ffffffe00000 fffe000000000000 ffffffffffe00000
fffffff800000000 15 0001fffffff00000 fffc000000000000 fffffffffff00000
fffffff800000000 16 0000fffffff80000 fff8000000000000 fffffffffff80000
fffffff800000000 17 00007ffffffc0000 fff0000000000000 fffffffffffc0000
fffffff800000000 18 00003ffffffe0000 ffe0000000000000 fffffffffffe0000
fffffff800000000 19 00001fffffff0000 ffc0000000000000 ffffffffffff0000
fffffff800000000 20 00000fffffff8000 ff80000000000000 ffffffffffff8000
fffffff800000000 21 000007ffffffc000 ff00000000000000 ffffffffffffc000
fffffff800000000 22 000003ffffffe000 fe00000000000000 ffffffffffffe000
fffffff800000000 23 000001fffffff000 fc00000000000000 fffffffffffff000
fffffff800000000 24 000000fffffff800 f800000000000000 fffffffffffff800
fffffff800000000 25 0000007ffffffc00 f000000000000000 fffffffffffffc00
fffffff800000000 26 0000003ffffffe00 e000000000000000 fffffffffffffe00
fffffff800000000 27 0000001fffffff00 c000000000000000 ffffffffffffff00
fffffff800000000 28 0000000fffffff80 8000000000000000 ffffffffffffff80
fffffff800000000 29 00000007ffffffc0 0000000000000000 ffffffffffffffc0
fffffff800000000 30 00000003ffffffe0 0000000000000000 ffffffffffffffe0
fffffff800000000 31 00000001fffffff0 0000000000000000 fffffffffffffff0
fffffff800000000 32 00000000fffffff8 0000000000000000 fffffffffffffff8
fffffff800000000 33 000000007ffffffc 0000000000000000 fffffffffffffffc
fffffff800000000 34 000000003ffffffe 0000000000000000 fffffffffffffffe
fffffff800000000 35 000000001fffffff 0000000000000000 ffffffffffffffff
fffffff800000000 36 000000000fffffff 0000000000000000 ffffffffffffffff
fffffff800000000 37 0000000007ffffff 0000000000000000 ffffffffffffffff
fffffff800000000 38 0000000003ffffff 0000000000000000 ffffffffffffffff
fffffff800000000 39 0000000001ffffff 0000000000000000 ffffffffffffffff
fffffff800000000 40 0000000000ffffff 0000000000000000 ffffffffffffffff
fffffff800000000 41 00000000007fffff 0000000000000000 ffffffffffffffff
fffffff800000000 42 00000000003fffff 0000000000000000 ffffffffffffffff
fffffff800000000 43 00000000001fffff 0000000000000000 ffffffffffffffff
fffffff800000000 44 00000000000fffff 0000000000000000 ffffffffffffffff
fffffff800000000 45 000000000007ffff 0000000000000000 ffffffffffffffff
fffffff800000000 46 000000000003ffff 0000000000000000 ffffffffffffffff
fffffff800000000 47 000000000001ffff 0000000000000000 ffffffffffffffff
fffffff800000000 48 000000000000ffff 0000000000000000 ffffffffffffffff
fffffff800000000 49 0000000000007fff 0000000000000000 ffffffffffffffff
fffffff800000000 50 0000000000003fff 0000000000000000 ffffffffffffffff
fffffff800000000 51 0000000000001fff 0000000000000000 ffffffffffffffff
fffffff800000000 52 0000000000000fff 0000000000000000 ffffffffffffffff
fffffff800000000 53 00000000000007ff 0000000000000000 ffffffffffffffff
fffffff800000000 54 00000000000003ff 0000000000000000 ffffffffffffffff
fffffff800000000 55 00000000000001ff 0000000000000000 ffffffffffffffff
fffffff800000000 56 00000000000000ff 0000000000000000 ffffffffffffffff
fffffff800000000 57 000000000000007f 0000000000000000 ffffffffffffffff
fffffff800000000 58 000000000000003f 0000000000000000 ffffffffffffffff
fffffff800000000 59 000000000000001f 0000000000000000 ffffffffffffffff
fffffff800000000 60 000000000000000f 0000000000000000 ffffffffffffffff
fffffff800000000 61 0000000000000007 0000000000000000 ffffffffffffffff
fffffff800000000 62 0000000000000003 0000000000000000 ffffffffffffffff
fffffff800000000 63 0000000000000001 0000000000000000 ffffffffffffffff
fffffffc00000000 0 fffffffc00000000 fffffffc00000000 fffffffc00000000
fffffffc00000000 1 7ffffffe00000000 fffffff800000000 fffffffe00000000
fffffffc00000000 2 3fffffff00000000 fffffff000000000 ffffffff00000000
fffffffc00000000 3 1fffffff80000000 ffffffe000000000 ffffffff80000000
fffffffc00000000 4 0fffffffc0000000 ffffffc000000000 ffffffffc0000000
fffffffc00000000 5 07ffffffe0000000 ffffff8000000000 ffffffffe0000000
fffffffc00000000 6 03fffffff0000000 ffffff0000000000 fffffffff0000000
fffffffc00000000 7 01fffffff8000000 fffffe0000000000 fffffffff8000000
fffffffc00000000 8 00fffffffc000000 fffffc0000000000 fffffffffc000000
fffffffc00000000 9 007ffffffe000000 fffff80000000000 fffffffffe000000
fffffffc00000000 10 003fffffff000000 fffff00000000000 ffffffffff000000
fffffffc00000000 11 001fffffff800000 ffffe00000000000 ffffffffff800000
fffffffc00000000 12 000fffffffc00000 ffffc00000000000 ffffffffffc00000
fffffffc00000000 13 0007ffffffe00000 ffff800000000000 ffffffffffe00000
fffffffc00000000 14 0003fffffff00000 ffff000000000000 fffffffffff00000
fffffffc00000000 15 0001fffffff80000 fffe000000000000 fffffffffff80000
fffffffc00000000 16 0000fffffffc0000 fffc000000000000 fffffffffffc0000
fffffffc00000000 17 00007ffffffe0000 fff8000000000000 fffffffffffe0000
fffffffc00000000 18 00003fffffff0000 fff0000000000000 ffffffffffff0000
fffffffc00000000 19 00001fffffff8000 ffe0000000000000 ffffffffffff8000
fffffffc00000000 20 00000fffffffc000 ffc0000000000000 ffffffffffffc000
fffffffc00000000 21 000007ffffffe000 ff80000000000000 ffffffffffffe000
fffffffc00000000 22 000003fffffff000 ff00000000000000 fffffffffffff000
fffffffc00000000 23 000001fffffff800 fe00000000000000 fffffffffffff800
fffffffc00000000 24 000000fffffffc00 fc00000000000000 fffffffffffffc00
fffffffc00000000 25 0000007ffffffe00 f800000000000000 fffffffffffffe00
fffffffc00000000 26 0000003fffffff00 f000000000000000 ffffffffffffff00
fffffffc00000000 27 0000001fffffff80 e000000000000000 ffffffffffffff80
fffffffc00000000 28 0000000fffffffc0 c000000000000000 ffffffffffffffc0
fffffffc00000000 29 00000007ffffffe0 8000000000000000 ffffffffffffffe0
fffffffc00000000 30 00000003fffffff0 0000000000000000 fffffffffffffff0
fffffffc00000000 31 00000001fffffff8 0000000000000000 fffffffffffffff8
fffffffc00000000 32 00000000fffffffc 0000000000000000 fffffffffffffffc
fffffffc00000000 33 000000007ffffffe 0000000000000000 fffffffffffffffe
fffffffc00000000 34 000000003fffffff 0000000000000000 ffffffffffffffff
fffffffc00000000 35 000000001fffffff 0000000000000000 ffffffffffffffff
fffffffc00000000 36 000000000fffffff 0000000000000000 ffffffffffffffff
fffffffc00000000 37 0000000007ffffff 0000000000000000 ffffffffffffffff
fffffffc00000000 38 0000000003ffffff 0000000000000000 ffffffffffffffff
fffffffc00000000 39 0000000001ffffff 0000000000000000 ffffffffffffffff
fffffffc00000000 40 0000000000ffffff 0000000000000000 ffffffffffffffff
fffffffc00000000 41 00000000007fffff 0000000000000000 ffffffffffffffff
fffffffc00000000 42 00000000003fffff 0000000000000000 ffffffffffffffff
fffffffc00000000 43 00000000001fffff 0000000000000000 ffffffffffffffff
fffffffc00000000 44 00000000000fffff 0000000000000000 ffffffffffffffff
fffffffc00000000 45 000000000007ffff 0000000000000000 ffffffffffffffff
fffffffc00000000 46 000000000003ffff 0000000000000000 ffffffffffffffff
fffffffc00000000 47 000000000001ffff 0000000000000000 ffffffffffffffff
fffffffc00000000 48 000000000000ffff 0000000000000000 ffffffffffffffff
fffffffc00000000 49 0000000000007fff 0000000000000000 ffffffffffffffff
fffffffc00000000 50 0000000000003fff 0000000000000000 ffffffffffffffff
fffffffc00000000 51 0000000000001fff 0000000000000000 ffffffffffffffff
fffffffc00000000 52 0000000000000fff 0000000000000000 ffffffffffffffff
fffffffc00000000 53 00000000000007ff 0000000000000000 ffffffffffffffff
fffffffc00000000 54 00000000000003ff 0000000000000000 ffffffffffffffff
fffffffc00000000 55 00000000000001ff 0000000000000000 ffffffffffffffff
fffffffc00000000 56 00000000000000ff 0000000000000000 ffffffffffffffff
fffffffc00000000 57 000000000000007f 0000000000000000 ffffffffffffffff
fffffffc00000000 58 000000000000003f 0000000000000000 ffffffffffffffff
fffffffc00000000 59 000000000000001f 0000000000000000 ffffffffffffffff
fffffffc00000000 60 000000000000000f 0000000000000000 ffffffffffffffff
fffffffc00000000 61 0000000000000007 0000000000000000 ffffffffffffffff
fffffffc00000000 62 0000000000000003 0000000000000000 ffffffffffffffff
fffffffc00000000 63 0000000000000001 0000000000000000 ffffffffffffffff
fffffffe00000000 0 fffffffe00000000 fffffffe00000000 fffffffe00000000
fffffffe00000000 1 7fffffff00000000 fffffffc00000000 ffffffff00000000
fffffffe00000000 2 3fffffff80000000 fffffff800000000 ffffffff80000000
fffffffe00000000 3 1fffffffc0000000 fffffff000000000 ffffffffc0000000
fffffffe00000000 4 0fffffffe0000000 ffffffe000000000 ffffffffe0000000
fffffffe00000000 5 07fffffff0000000 ffffffc000000000 fffffffff0000000
fffffffe00000000 6 03fffffff8000000 ffffff8000000000 fffffffff8000000
fffffffe00000000 7 01fffffffc000000 ffffff0000000000 fffffffffc000000
fffffffe00000000 8 00fffffffe000000 fffffe0000000000 fffffffffe000000
fffffffe00000000 9 007fffffff000000 fffffc0000000000 ffffffffff000000
fffffffe00000000 10 003fffffff800000 fffff80000000000 ffffffffff800000
fffffffe00000000 11 001fffffffc00000 fffff00000000000 ffffffffffc00000
fffffffe00000000 12 000fffffffe00000 ffffe00000000000 ffffffffffe00000
fffffffe00000000 13 0007fffffff00000 ffffc00000000000 fffffffffff00000
fffffffe00000000 14 0003fffffff80000 ffff800000000000 fffffffffff80000
fffffffe00000000 15 0001fffffffc0000 ffff000000000000 fffffffffffc0000
fffffffe00000000 16 0000fffffffe0000 fffe000000000000 fffffffffffe0000
fffffffe00000000 17 00007fffffff0000 fffc000000000000 ffffffffffff0000
fffffffe00000000 18 00003fffffff8000 fff8000000000000 ffffffffffff8000
fffffffe00000000 19 00001fffffffc000 fff0000000000000 ffffffffffffc000
fffffffe00000000 20 00000fffffffe000 ffe0000000000000 ffffffffffffe000
fffffffe00000000 21 000007fffffff000 ffc0000000000000 fffffffffffff000
fffffffe00000000 22 000003fffffff800 ff80000000000000 fffffffffffff800
fffffffe00000000 23 000001fffffffc00 ff00000000000000 fffffffffffffc00
fffffffe00000000 24 000000fffffffe00 fe00000000000000 fffffffffffffe00
fffffffe00000000 25 0000007fffffff00 fc00000000000000 ffffffffffffff00
fffffffe00000000 26 0000003fffffff80 f800000000000000 ffffffffffffff80
fffffffe00000000 27 0000001fffffffc0 f000000000000000 ffffffffffffffc0
fffffffe00000000 28 0000000fffffffe0 e000000000000000 ffffffffffffffe0
fffffffe00000000 29 00000007fffffff0 c000000000000000 fffffffffffffff0
fffffffe00000000 30 00000003fffffff8 8000000000000000 fffffffffffffff8
fffffffe00000000 31 00000001fffffffc 0000000000000000 fffffffffffffffc
fffffffe00000000 32 00000000fffffffe 0000000000000000 fffffffffffffffe
fffffffe00000000 33 000000007fffffff 0000000000000000 ffffffffffffffff
fffffffe00000000 34 000000003fffffff 0000000000000000 ffffffffffffffff
fffffffe00000000 35 000000001fffffff 0000000000000000 ffffffffffffffff
fffffffe00000000 36 000000000fffffff 0000000000000000 ffffffffffffffff
fffffffe00000000 37 0000000007ffffff 0000000000000000 ffffffffffffffff
fffffffe00000000 38 0000000003ffffff 0000000000000000 ffffffffffffffff
fffffffe00000000 39 0000000001ffffff 0000000000000000 ffffffffffffffff
fffffffe00000000 40 0000000000ffffff 0000000000000000 ffffffffffffffff
fffffffe00000000 41 00000000007fffff 0000000000000000 ffffffffffffffff
fffffffe00000000 42 00000000003fffff 0000000000000000 ffffffffffffffff
fffffffe00000000 43 00000000001fffff 0000000000000000 ffffffffffffffff
fffffffe00000000 44 00000000000fffff 0000000000000000 ffffffffffffffff
fffffffe00000000 45 000000000007ffff 0000000000000000 ffffffffffffffff
fffffffe00000000 46 000000000003ffff 0000000000000000 ffffffffffffffff
fffffffe00000000 47 000000000001ffff 0000000000000000 ffffffffffffffff
fffffffe00000000 48 000000000000ffff 0000000000000000 ffffffffffffffff
fffffffe00000000 49 0000000000007fff 0000000000000000 ffffffffffffffff
fffffffe00000000 50 0000000000003fff 0000000000000000 ffffffffffffffff
fffffffe00000000 51 0000000000001fff 0000000000000000 ffffffffffffffff
fffffffe00000000 52 0000000000000fff 0000000000000000 ffffffffffffffff
fffffffe00000000 53 00000000000007ff 0000000000000000 ffffffffffffffff
fffffffe00000000 54 00000000000003ff 0000000000000000 ffffffffffffffff
fffffffe00000000 55 00000000000001ff 0000000000000000 ffffffffffffffff
fffffffe00000000 56 00000000000000ff 0000000000000000 ffffffffffffffff
fffffffe00000000 57 000000000000007f 0000000000000000 ffffffffffffffff
fffffffe00000000 58 000000000000003f 0000000000000000 ffffffffffffffff
fffffffe00000000 59 000000000000001f 0000000000000000 ffffffffffffffff
fffffffe00000000 60 000000000000000f 0000000000000000 ffffffffffffffff
fffffffe00000000 61 0000000000000007 0000000000000000 ffffffffffffffff
fffffffe00000000 62 0000000000000003 0000000000000000 ffffffffffffffff
fffffffe00000000 63 0000000000000001 0000000000000000 ffffffffffffffff
ffffffff00000000 0 ffffffff00000000 ffffffff00000000 ffffffff00000000
ffffffff00000000 1 7fffffff80000000 fffffffe00000000 ffffffff80000000
ffffffff00000000 2 3fffffffc0000000 fffffffc00000000 ffffffffc0000000
ffffffff00000000 3 1fffffffe0000000 fffffff800000000 ffffffffe0000000
ffffffff00000000 4 0ffffffff0000000 fffffff000000000 fffffffff0000000
ffffffff00000000 5 07fffffff8000000 ffffffe000000000 fffffffff8000000
ffffffff00000000 6 03fffffffc000000 ffffffc000000000 fffffffffc000000
ffffffff00000000 7 01fffffffe000000 ffffff8000000000 fffffffffe000000
ffffffff00000000 8 00ffffffff000000 ffffff0000000000 ffffffffff000000
ffffffff00000000 9 007fffffff800000 fffffe0000000000 ffffffffff800000
ffffffff00000000 10 003fffffffc00000 fffffc0000000000 ffffffffffc00000
ffffffff00000000 11 001fffffffe00000 fffff80000000000 ffffffffffe00000
ffffffff00000000 12 000ffffffff00000 fffff00000000000 fffffffffff00000
ffffffff00000000 13 0007fffffff80000 ffffe00000000000 fffffffffff80000
ffffffff00000000 14 0003fffffffc0000 ffffc00000000000 fffffffffffc0000
ffffffff00000000 15 0001fffffffe0000 ffff800000000000 fffffffffffe0000
ffffffff00000000 16 0000ffffffff0000 ffff000000000000 ffffffffffff0000
ffffffff00000000 17 00007fffffff8000 fffe000000000000 ffffffffffff8000
ffffffff00000000 18 00003fffffffc000 fffc000000000000 ffffffffffffc000
ffffffff00000000 19 00001fffffffe000 fff8000000000000 ffffffffffffe000
ffffffff00000000 20 00000ffffffff000 fff0000000000000 fffffffffffff000
ffffffff00000000 21 000007fffffff800 ffe0000000000000 fffffffffffff800
ffffffff00000000 22 000003fffffffc00 ffc0000000000000 fffffffffffffc00
ffffffff00000000 23 000001fffffffe00 ff80000000000000 fffffffffffffe00
ffffffff00000000 24 000000ffffffff00 ff00000000000000 ffffffffffffff00
ffffffff00000000 25 0000007fffffff80 fe00000000000000 ffffffffffffff80
ffffffff00000000 26 0000003fffffffc0 fc00000000000000 ffffffffffffffc0
ffffffff00000000 27 0000001fffffffe0 f800000000000000 ffffffffffffffe0
ffffffff00000000 28 0000000ffffffff0 f000000000000000 fffffffffffffff0
ffffffff00000000 29 00000007fffffff8 e000000000000000 fffffffffffffff8
ffffffff00000000 30 00000003fffffffc c000000000000000 fffffffffffffffc
ffffffff00000000 31 00000001fffffffe 8000000000000000 fffffffffffffffe
ffffffff00000000 32 00000000ffffffff 0000000000000000 ffffffffffffffff
ffffffff00000000 33 000000007fffffff 0000000000000000 ffffffffffffffff
ffffffff00000000 34 000000003fffffff 0000000000000000 ffffffffffffffff
ffffffff00000000 35 000000001fffffff 0000000000000000 ffffffffffffffff
ffffffff00000000 36 000000000fffffff 0000000000000000 ffffffffffffffff
ffffffff00000000 37 0000000007ffffff 0000000000000000 ffffffffffffffff
ffffffff00000000 38 0000000003ffffff 0000000000000000 ffffffffffffffff
ffffffff00000000 39 0000000001ffffff 0000000000000000 ffffffffffffffff
ffffffff00000000 40 0000000000ffffff 0000000000000000 ffffffffffffffff
ffffffff00000000 41 00000000007fffff 0000000000000000 ffffffffffffffff
ffffffff00000000 42 00000000003fffff 0000000000000000 ffffffffffffffff
ffffffff00000000 43 00000000001fffff 0000000000000000 ffffffffffffffff
ffffffff00000000 44 00000000000fffff 0000000000000000 ffffffffffffffff
ffffffff00000000 45 000000000007ffff 0000000000000000 ffffffffffffffff
ffffffff00000000 46 000000000003ffff 0000000000000000 ffffffffffffffff
ffffffff00000000 47 000000000001ffff 0000000000000000 ffffffffffffffff
ffffffff00000000 48 000000000000ffff 0000000000000000 ffffffffffffffff
ffffffff00000000 49 0000000000007fff 0000000000000000 ffffffffffffffff
ffffffff00000000 50 0000000000003fff 0000000000000000 ffffffffffffffff
ffffffff00000000 51 0000000000001fff 0000000000000000 ffffffffffffffff
ffffffff00000000 52 0000000000000fff 0000000000000000 ffffffffffffffff
ffffffff00000000 53 00000000000007ff 0000000000000000 ffffffffffffffff
ffffffff00000000 54 00000000000003ff 0000000000000000 ffffffffffffffff
ffffffff00000000 55 00000000000001ff 0000000000000000 ffffffffffffffff
ffffffff00000000 56 00000000000000ff 0000000000000000 ffffffffffffffff
ffffffff00000000 57 000000000000007f 0000000000000000 ffffffffffffffff
ffffffff00000000 58 000000000000003f 0000000000000000 ffffffffffffffff
ffffffff00000000 59 000000000000001f 0000000000000000 ffffffffffffffff
ffffffff00000000 60 000000000000000f 0000000000000000 ffffffffffffffff
ffffffff00000000 61 0000000000000007 0000000000000000 ffffffffffffffff
ffffffff00000000 62 0000000000000003 0000000000000000 ffffffffffffffff
ffffffff00000000 63 0000000000000001 0000000000000000 ffffffffffffffff
ffffffff80000000 0 ffffffff80000000 ffffffff80000000 ffffffff80000000
ffffffff80000000 1 7fffffffc0000000 ffffffff00000000 ffffffffc0000000
ffffffff80000000 2 3fffffffe0000000 fffffffe00000000 ffffffffe0000000
ffffffff80000000 3 1ffffffff0000000 fffffffc00000000 fffffffff0000000
ffffffff80000000 4 0ffffffff8000000 fffffff800000000 fffffffff8000000
ffffffff80000000 5 07fffffffc000000 fffffff000000000 fffffffffc000000
ffffffff80000000 6 03fffffffe000000 ffffffe000000000 fffffffffe000000
ffffffff80000000 7 01ffffffff000000 ffffffc000000000 ffffffffff000000
ffffffff80000000 8 00ffffffff800000 ffffff8000000000 ffffffffff800000
ffffffff80000000 9 007fffffffc00000 ffffff0000000000 ffffffffffc00000
ffffffff80000000 10 003fffffffe00000 fffffe0000000000 ffffffffffe00000
ffffffff80000000 11 001ffffffff00000 fffffc0000000000 fffffffffff00000
ffffffff80000000 12 000ffffffff80000 fffff80000000000 fffffffffff80000
ffffffff80000000 13 0007fffffffc0000 fffff00000000000 fffffffffffc0000
ffffffff80000000 14 0003fffffffe0000 ffffe00000000000 fffffffffffe0000
ffffffff80000000 15 0001ffffffff0000 ffffc00000000000 ffffffffffff0000
ffffffff80000000 16 0000ffffffff8000 ffff800000000000 ffffffffffff8000
ffffffff80000000 17 00007fffffffc000 ffff000000000000 ffffffffffffc000
ffffffff80000000 18 00003fffffffe000 fffe000000000000 ffffffffffffe000
ffffffff80000000 19 00001ffffffff000 fffc000000000000 fffffffffffff000
ffffffff80000000 20 00000ffffffff800 fff8000000000000 fffffffffffff800
ffffffff80000000 21 000007fffffffc00 fff0000000000000 fffffffffffffc00
ffffffff80000000 22 000003fffffffe00 ffe0000000000000 fffffffffffffe00
ffffffff80000000 23 000001ffffffff00 ffc0000000000000 ffffffffffffff00
ffffffff80000000 24 000000ffffffff80 ff80000000000000 ffffffffffffff80
ffffffff80000000 25 0000007fffffffc0 ff00000000000000 ffffffffffffffc0
ffffffff80000000 26 0000003fffffffe0 fe00000000000000 ffffffffffffffe0
ffffffff80000000 27 0000001ffffffff0 fc00000000000000 fffffffffffffff0
ffffffff80000000 28 0000000ffffffff8 f800000000000000 fffffffffffffff8
ffffffff80000000 29 00000007fffffffc f000000000000000 fffffffffffffffc
ffffffff80000000 30 00000003fffffffe e000000000000000 fffffffffffffffe
ffffffff80000000 31 00000001ffffffff c000000000000000 ffffffffffffffff
ffffffff80000000 32 00000000ffffffff 8000000000000000 ffffffffffffffff
ffffffff80000000 33 000000007fffffff 0000000000000000 ffffffffffffffff
ffffffff80000000 34 000000003fffffff 0000000000000000 ffffffffffffffff
ffffffff80000000 35 000000001fffffff 0000000000000000 ffffffffffffffff
ffffffff80000000 36 000000000fffffff 0000000000000000 ffffffffffffffff
ffffffff80000000 37 0000000007ffffff 0000000000000000 ffffffffffffffff
ffffffff80000000 38 0000000003ffffff 0000000000000000 ffffffffffffffff
ffffffff80000000 39 0000000001ffffff 0000000000000000 ffffffffffffffff
ffffffff80000000 40 0000000000ffffff 0000000000000000 ffffffffffffffff
ffffffff80000000 41 00000000007fffff 0000000000000000 ffffffffffffffff
ffffffff80000000 42 00000000003fffff 0000000000000000 ffffffffffffffff
ffffffff80000000 43 00000000001fffff 0000000000000000 ffffffffffffffff
ffffffff80000000 44 00000000000fffff 0000000000000000 ffffffffffffffff
ffffffff80000000 45 000000000007ffff 0000000000000000 ffffffffffffffff
ffffffff80000000 46 000000000003ffff 0000000000000000 ffffffffffffffff
ffffffff80000000 47 000000000001ffff 0000000000000000 ffffffffffffffff
ffffffff80000000 48 000000000000ffff 0000000000000000 ffffffffffffffff
ffffffff80000000 49 0000000000007fff 0000000000000000 ffffffffffffffff
ffffffff80000000 50 0000000000003fff 0000000000000000 ffffffffffffffff
ffffffff80000000 51 0000000000001fff 0000000000000000 ffffffffffffffff
ffffffff80000000 52 0000000000000fff 0000000000000000 ffffffffffffffff
ffffffff80000000 53 00000000000007ff 0000000000000000 ffffffffffffffff
ffffffff80000000 54 00000000000003ff 0000000000000000 ffffffffffffffff
ffffffff80000000 55 00000000000001ff 0000000000000000 ffffffffffffffff
ffffffff80000000 56 00000000000000ff 0000000000000000 ffffffffffffffff
ffffffff80000000 57 000000000000007f 0000000000000000 ffffffffffffffff
ffffffff80000000 58 000000000000003f 0000000000000000 ffffffffffffffff
ffffffff80000000 59 000000000000001f 0000000000000000 ffffffffffffffff
ffffffff80000000 60 000000000000000f 0000000000000000 ffffffffffffffff
ffffffff80000000 61 0000000000000007 0000000000000000 ffffffffffffffff
ffffffff80000000 62 0000000000000003 0000000000000000 ffffffffffffffff
ffffffff80000000 63 0000000000000001 0000000000000000 ffffffffffffffff
ffffffffc0000000 0 ffffffffc0000000 ffffffffc0000000 ffffffffc0000000
ffffffffc0000000 1 7fffffffe0000000 ffffffff80000000 ffffffffe0000000
ffffffffc0000000 2 3ffffffff0000000 ffffffff00000000 fffffffff0000000
ffffffffc0000000 3 1ffffffff8000000 fffffffe00000000 fffffffff8000000
ffffffffc0000000 4 0ffffffffc000000 fffffffc00000000 fffffffffc000000
ffffffffc0000000 5 07fffffffe000000 fffffff800000000 fffffffffe000000
ffffffffc0000000 6 03ffffffff000000 fffffff000000000 ffffffffff000000
ffffffffc0000000 7 01ffffffff800000 ffffffe000000000 ffffffffff800000
ffffffffc0000000 8 00ffffffffc00000 ffffffc000000000 ffffffffffc00000
ffffffffc0000000 9 007fffffffe00000 ffffff8000000000 ffffffffffe00000
ffffffffc0000000 10 003ffffffff00000 ffffff0000000000 fffffffffff00000
ffffffffc0000000 11 001ffffffff80000 fffffe0000000000 fffffffffff80000
ffffffffc0000000 12 000ffffffffc0000 fffffc0000000000 fffffffffffc0000
ffffffffc0000000 13 0007fffffffe0000 fffff80000000000 fffffffffffe0000
ffffffffc0000000 14 0003ffffffff0000 fffff00000000000 ffffffffffff0000
ffffffffc0000000 15 0001ffffffff8000 ffffe00000000000 ffffffffffff8000
ffffffffc0000000 16 0000ffffffffc000 ffffc00000000000 ffffffffffffc000
ffffffffc0000000 17 00007fffffffe000 ffff800000000000 ffffffffffffe000
ffffffffc0000000 18 00003ffffffff000 ffff000000000000 fffffffffffff000
ffffffffc0000000 19 00001ffffffff800 fffe000000000000 fffffffffffff800
ffffffffc0000000 20 00000ffffffffc00 fffc000000000000 fffffffffffffc00
ffffffffc0000000 21 000007fffffffe00 fff8000000000000 fffffffffffffe00
ffffffffc0000000 22 000003ffffffff00 fff0000000000000 ffffffffffffff00
ffffffffc0000000 23 000001ffffffff80 ffe0000000000000 ffffffffffffff80
ffffffffc0000000 24 000000ffffffffc0 ffc0000000000000 ffffffffffffffc0
ffffffffc0000000 25 0000007fffffffe0 ff80000000000000 ffffffffffffffe0
ffffffffc0000000 26 0000003ffffffff0 ff00000000000000 fffffffffffffff0
ffffffffc0000000 27 0000001ffffffff8 fe00000000000000 fffffffffffffff8
ffffffffc0000000 28 0000000ffffffffc fc00000000000000 fffffffffffffffc
ffffffffc0000000 29 00000007fffffffe f800000000000000 fffffffffffffffe
ffffffffc0000000 30 00000003ffffffff f000000000000000 ffffffffffffffff
ffffffffc0000000 31 00000001ffffffff e000000000000000 ffffffffffffffff
ffffffffc0000000 32 00000000ffffffff c000000000000000 ffffffffffffffff
ffffffffc0000000 33 000000007fffffff 8000000000000000 ffffffffffffffff
ffffffffc0000000 34 000000003fffffff 0000000000000000 ffffffffffffffff
ffffffffc0000000 35 000000001fffffff 0000000000000000 ffffffffffffffff
ffffffffc0000000 36 000000000fffffff 0000000000000000 ffffffffffffffff
ffffffffc0000000 37 0000000007ffffff 0000000000000000 ffffffffffffffff
ffffffffc0000000 38 0000000003ffffff 0000000000000000 ffffffffffffffff
ffffffffc0000000 39 0000000001ffffff 0000000000000000 ffffffffffffffff
ffffffffc0000000 40 0000000000ffffff 0000000000000000 ffffffffffffffff
ffffffffc0000000 41 00000000007fffff 0000000000000000 ffffffffffffffff
ffffffffc0000000 42 00000000003fffff 0000000000000000 ffffffffffffffff
ffffffffc0000000 43 00000000001fffff 0000000000000000 ffffffffffffffff
ffffffffc0000000 44 00000000000fffff 0000000000000000 ffffffffffffffff
ffffffffc0000000 45 000000000007ffff 0000000000000000 ffffffffffffffff
ffffffffc0000000 46 000000000003ffff 0000000000000000 ffffffffffffffff
ffffffffc0000000 47 000000000001ffff 0000000000000000 ffffffffffffffff
ffffffffc0000000 48 000000000000ffff 0000000000000000 ffffffffffffffff
ffffffffc0000000 49 0000000000007fff 0000000000000000 ffffffffffffffff
ffffffffc0000000 50 0000000000003fff 0000000000000000 ffffffffffffffff
ffffffffc0000000 51 0000000000001fff 0000000000000000 ffffffffffffffff
ffffffffc0000000 52 0000000000000fff 0000000000000000 ffffffffffffffff
ffffffffc0000000 53 00000000000007ff 0000000000000000 ffffffffffffffff
ffffffffc0000000 54 00000000000003ff 0000000000000000 ffffffffffffffff
ffffffffc0000000 55 00000000000001ff 0000000000000000 ffffffffffffffff
ffffffffc0000000 56 00000000000000ff 0000000000000000 ffffffffffffffff
ffffffffc0000000 57 000000000000007f 0000000000000000 ffffffffffffffff
ffffffffc0000000 58 000000000000003f 0000000000000000 ffffffffffffffff
ffffffffc0000000 59 000000000000001f 0000000000000000 ffffffffffffffff
ffffffffc0000000 60 000000000000000f 0000000000000000 ffffffffffffffff
ffffffffc0000000 61 0000000000000007 0000000000000000 ffffffffffffffff
ffffffffc0000000 62 0000000000000003 0000000000000000 ffffffffffffffff
ffffffffc0000000 63 0000000000000001 0000000000000000 ffffffffffffffff
ffffffffe0000000 0 ffffffffe0000000 ffffffffe0000000 ffffffffe0000000
ffffffffe0000000 1 7ffffffff0000000 ffffffffc0000000 fffffffff0000000
ffffffffe0000000 2 3ffffffff8000000 ffffffff80000000 fffffffff8000000
ffffffffe0000000 3 1ffffffffc000000 ffffffff00000000 fffffffffc000000
ffffffffe0000000 4 0ffffffffe000000 fffffffe00000000 fffffffffe000000
ffffffffe0000000 5 07ffffffff000000 fffffffc00000000 ffffffffff000000
ffffffffe0000000 6 03ffffffff800000 fffffff800000000 ffffffffff800000
ffffffffe0000000 7 01ffffffffc00000 fffffff000000000 ffffffffffc00000
ffffffffe0000000 8 00ffffffffe00000 ffffffe000000000 ffffffffffe00000
ffffffffe0000000 9 007ffffffff00000 ffffffc000000000 fffffffffff00000
ffffffffe0000000 10 003ffffffff80000 ffffff8000000000 fffffffffff80000
ffffffffe0000000 11 001ffffffffc0000 ffffff0000000000 fffffffffffc0000
ffffffffe0000000 12 000ffffffffe0000 fffffe0000000000 fffffffffffe0000
ffffffffe0000000 13 0007ffffffff0000 fffffc0000000000 ffffffffffff0000
ffffffffe0000000 14 0003ffffffff8000 fffff80000000000 ffffffffffff8000
ffffffffe0000000 15 0001ffffffffc000 fffff00000000000 ffffffffffffc000
ffffffffe0000000 16 0000ffffffffe000 ffffe00000000000 ffffffffffffe000
ffffffffe0000000 17 00007ffffffff000 ffffc00000000000 fffffffffffff000
ffffffffe0000000 18 00003ffffffff800 ffff800000000000 fffffffffffff800
ffffffffe0000000 19 00001ffffffffc00 ffff000000000000 fffffffffffffc00
ffffffffe0000000 20 00000ffffffffe00 fffe000000000000 fffffffffffffe00
ffffffffe0000000 21 000007ffffffff00 fffc000000000000 ffffffffffffff00
ffffffffe0000000 22 000003ffffffff80 fff8000000000000 ffffffffffffff80
ffffffffe0000000 23 000001ffffffffc0 fff0000000000000 ffffffffffffffc0
ffffffffe0000000 24 000000ffffffffe0 ffe0000000000000 ffffffffffffffe0
ffffffffe0000000 25 0000007ffffffff0 ffc0000000000000 fffffffffffffff0
ffffffffe0000000 26 0000003ffffffff8 ff80000000000000 fffffffffffffff8
ffffffffe0000000 27 0000001ffffffffc ff00000000000000 fffffffffffffffc
ffffffffe0000000 28 0000000ffffffffe fe00000000000000 fffffffffffffffe
ffffffffe0000000 29 00000007ffffffff fc00000000000000 ffffffffffffffff
ffffffffe0000000 30 00000003ffffffff f800000000000000 ffffffffffffffff
ffffffffe0000000 31 00000001ffffffff f000000000000000 ffffffffffffffff
ffffffffe0000000 32 00000000ffffffff e000000000000000 ffffffffffffffff
ffffffffe0000000 33 000000007fffffff c000000000000000 ffffffffffffffff
ffffffffe0000000 34 000000003fffffff 8000000000000000 ffffffffffffffff
ffffffffe0000000 35 000000001fffffff 0000000000000000 ffffffffffffffff
ffffffffe0000000 36 000000000fffffff 0000000000000000 ffffffffffffffff
ffffffffe0000000 37 0000000007ffffff 0000000000000000 ffffffffffffffff
ffffffffe0000000 38 0000000003ffffff 0000000000000000 ffffffffffffffff
ffffffffe0000000 39 0000000001ffffff 0000000000000000 ffffffffffffffff
ffffffffe0000000 40 0000000000ffffff 0000000000000000 ffffffffffffffff
ffffffffe0000000 41 00000000007fffff 0000000000000000 ffffffffffffffff
ffffffffe0000000 42 00000000003fffff 0000000000000000 ffffffffffffffff
ffffffffe0000000 43 00000000001fffff 0000000000000000 ffffffffffffffff
ffffffffe0000000 44 00000000000fffff 0000000000000000 ffffffffffffffff
ffffffffe0000000 45 000000000007ffff 0000000000000000 ffffffffffffffff
ffffffffe0000000 46 000000000003ffff 0000000000000000 ffffffffffffffff
ffffffffe0000000 47 000000000001ffff 0000000000000000 ffffffffffffffff
ffffffffe0000000 48 000000000000ffff 0000000000000000 ffffffffffffffff
ffffffffe0000000 49 0000000000007fff 0000000000000000 ffffffffffffffff
ffffffffe0000000 50 0000000000003fff 0000000000000000 ffffffffffffffff
ffffffffe0000000 51 0000000000001fff 0000000000000000 ffffffffffffffff
ffffffffe0000000 52 0000000000000fff 0000000000000000 ffffffffffffffff
ffffffffe0000000 53 00000000000007ff 0000000000000000 ffffffffffffffff
ffffffffe0000000 54 00000000000003ff 0000000000000000 ffffffffffffffff
ffffffffe0000000 55 00000000000001ff 0000000000000000 ffffffffffffffff
ffffffffe0000000 56 00000000000000ff 0000000000000000 ffffffffffffffff
ffffffffe0000000 57 000000000000007f 0000000000000000 ffffffffffffffff
ffffffffe0000000 58 000000000000003f 0000000000000000 ffffffffffffffff
ffffffffe0000000 59 000000000000001f 0000000000000000 ffffffffffffffff
ffffffffe0000000 60 000000000000000f 0000000000000000 ffffffffffffffff
ffffffffe0000000 61 0000000000000007 0000000000000000 ffffffffffffffff
ffffffffe0000000 62 0000000000000003 0000000000000000 ffffffffffffffff
ffffffffe0000000 63 0000000000000001 0000000000000000 ffffffffffffffff
fffffffff0000000 0 fffffffff0000000 fffffffff0000000 fffffffff0000000
fffffffff0000000 1 7ffffffff8000000 ffffffffe0000000 fffffffff8000000
fffffffff0000000 2 3ffffffffc000000 ffffffffc0000000 fffffffffc000000
fffffffff0000000 3 1ffffffffe000000 ffffffff80000000 fffffffffe000000
fffffffff0000000 4 0fffffffff000000 ffffffff00000000 ffffffffff000000
fffffffff0000000 5 07ffffffff800000 fffffffe00000000 ffffffffff800000
fffffffff0000000 6 03ffffffffc00000 fffffffc00000000 ffffffffffc00000
fffffffff0000000 7 01ffffffffe00000 fffffff800000000 ffffffffffe00000
fffffffff0000000 8 00fffffffff00000 fffffff000000000 fffffffffff00000
fffffffff0000000 9 007ffffffff80000 ffffffe000000000 fffffffffff80000
fffffffff0000000 10 003ffffffffc0000 ffffffc000000000 fffffffffffc0000
fffffffff0000000 11 001ffffffffe0000 ffffff8000000000 fffffffffffe0000
fffffffff0000000 12 000fffffffff0000 ffffff0000000000 ffffffffffff0000
fffffffff0000000 13 0007ffffffff8000 fffffe0000000000 ffffffffffff8000
fffffffff0000000 14 0003ffffffffc000 fffffc0000000000 ffffffffffffc000
fffffffff0000000 15 0001ffffffffe000 fffff80000000000 ffffffffffffe000
fffffffff0000000 16 0000fffffffff000 fffff00000000000 fffffffffffff000
fffffffff0000000 17 00007ffffffff800 ffffe00000000000 fffffffffffff800
fffffffff0000000 18 00003ffffffffc00 ffffc00000000000 fffffffffffffc00
fffffffff0000000 19 00001ffffffffe00 ffff800000000000 fffffffffffffe00
fffffffff0000000 20 00000fffffffff00 ffff000000000000 ffffffffffffff00
fffffffff0000000 21 000007ffffffff80 fffe000000000000 ffffffffffffff80
fffffffff0000000 22 000003ffffffffc0 fffc000000000000 ffffffffffffffc0
fffffffff0000000 23 000001ffffffffe0 fff8000000000000 ffffffffffffffe0
fffffffff0000000 24 000000fffffffff0 fff0000000000000 fffffffffffffff0
fffffffff0000000 25 0000007ffffffff8 ffe0000000000000 fffffffffffffff8
fffffffff0000000 26 0000003ffffffffc ffc0000000000000 fffffffffffffffc
fffffffff0000000 27 0000001ffffffffe ff80000000000000 fffffffffffffffe
fffffffff0000000 28 0000000fffffffff ff00000000000000 ffffffffffffffff
fffffffff0000000 29 00000007ffffffff fe00000000000000 ffffffffffffffff
fffffffff0000000 30 00000003ffffffff fc00000000000000 ffffffffffffffff
fffffffff0000000 31 00000001ffffffff f800000000000000 ffffffffffffffff
fffffffff0000000 32 00000000ffffffff f000000000000000 ffffffffffffffff
fffffffff0000000 33 000000007fffffff e000000000000000 ffffffffffffffff
fffffffff0000000 34 000000003fffffff c000000000000000 ffffffffffffffff
fffffffff0000000 35 000000001fffffff 8000000000000000 ffffffffffffffff
fffffffff0000000 36 000000000fffffff 0000000000000000 ffffffffffffffff
fffffffff0000000 37 0000000007ffffff 0000000000000000 ffffffffffffffff
fffffffff0000000 38 0000000003ffffff 0000000000000000 ffffffffffffffff
fffffffff0000000 39 0000000001ffffff 0000000000000000 ffffffffffffffff
fffffffff0000000 40 0000000000ffffff 0000000000000000 ffffffffffffffff
fffffffff0000000 41 00000000007fffff 0000000000000000 ffffffffffffffff
fffffffff0000000 42 00000000003fffff 0000000000000000 ffffffffffffffff
fffffffff0000000 43 00000000001fffff 0000000000000000 ffffffffffffffff
fffffffff0000000 44 00000000000fffff 0000000000000000 ffffffffffffffff
fffffffff0000000 45 000000000007ffff 0000000000000000 ffffffffffffffff
fffffffff0000000 46 000000000003ffff 0000000000000000 ffffffffffffffff
fffffffff0000000 47 000000000001ffff 0000000000000000 ffffffffffffffff
fffffffff0000000 48 000000000000ffff 0000000000000000 ffffffffffffffff
fffffffff0000000 49 0000000000007fff 0000000000000000 ffffffffffffffff
fffffffff0000000 50 0000000000003fff 0000000000000000 ffffffffffffffff
fffffffff0000000 51 0000000000001fff 0000000000000000 ffffffffffffffff
fffffffff0000000 52 0000000000000fff 0000000000000000 ffffffffffffffff
fffffffff0000000 53 00000000000007ff 0000000000000000 ffffffffffffffff
fffffffff0000000 54 00000000000003ff 0000000000000000 ffffffffffffffff
fffffffff0000000 55 00000000000001ff 0000000000000000 ffffffffffffffff
fffffffff0000000 56 00000000000000ff 0000000000000000 ffffffffffffffff
fffffffff0000000 57 000000000000007f 0000000000000000 ffffffffffffffff
fffffffff0000000 58 000000000000003f 0000000000000000 ffffffffffffffff
fffffffff0000000 59 000000000000001f 0000000000000000 ffffffffffffffff
fffffffff0000000 60 000000000000000f 0000000000000000 ffffffffffffffff
fffffffff0000000 61 0000000000000007 0000000000000000 ffffffffffffffff
fffffffff0000000 62 0000000000000003 0000000000000000 ffffffffffffffff
fffffffff0000000 63 0000000000000001 0000000000000000 ffffffffffffffff
fffffffff8000000 0 fffffffff8000000 fffffffff8000000 fffffffff8000000
fffffffff8000000 1 7ffffffffc000000 fffffffff0000000 fffffffffc000000
fffffffff8000000 2 3ffffffffe000000 ffffffffe0000000 fffffffffe000000
fffffffff8000000 3 1fffffffff000000 ffffffffc0000000 ffffffffff000000
fffffffff8000000 4 0fffffffff800000 ffffffff80000000 ffffffffff800000
fffffffff8000000 5 07ffffffffc00000 ffffffff00000000 ffffffffffc00000
fffffffff8000000 6 03ffffffffe00000 fffffffe00000000 ffffffffffe00000
fffffffff8000000 7 01fffffffff00000 fffffffc00000000 fffffffffff00000
fffffffff8000000 8 00fffffffff80000 fffffff800000000 fffffffffff80000
fffffffff8000000 9 007ffffffffc0000 fffffff000000000 fffffffffffc0000
fffffffff8000000 10 003ffffffffe0000 ffffffe000000000 fffffffffffe0000
fffffffff8000000 11 001fffffffff0000 ffffffc000000000 ffffffffffff0000
fffffffff8000000 12 000fffffffff8000 ffffff8000000000 ffffffffffff8000
fffffffff8000000 13 0007ffffffffc000 ffffff0000000000 ffffffffffffc000
fffffffff8000000 14 0003ffffffffe000 fffffe0000000000 ffffffffffffe000
fffffffff8000000 15 0001fffffffff000 fffffc0000000000 fffffffffffff000
fffffffff8000000 16 0000fffffffff800 fffff80000000000 fffffffffffff800
fffffffff8000000 17 00007ffffffffc00 fffff00000000000 fffffffffffffc00
fffffffff8000000 18 00003ffffffffe00 ffffe00000000000 fffffffffffffe00
fffffffff8000000 19 00001fffffffff00 ffffc00000000000 ffffffffffffff00
fffffffff8000000 20 00000fffffffff80 ffff800000000000 ffffffffffffff80
fffffffff8000000 21 000007ffffffffc0 ffff000000000000 ffffffffffffffc0
fffffffff8000000 22 000003ffffffffe0 fffe000000000000 ffffffffffffffe0
fffffffff8000000 23 000001fffffffff0 fffc000000000000 fffffffffffffff0
fffffffff8000000 24 000000fffffffff8 fff8000000000000 fffffffffffffff8
fffffffff8000000 25 0000007ffffffffc fff0000000000000 fffffffffffffffc
fffffffff8000000 26 0000003ffffffffe ffe0000000000000 fffffffffffffffe
fffffffff8000000 27 0000001fffffffff ffc0000000000000 ffffffffffffffff
fffffffff8000000 28 0000000fffffffff ff80000000000000 ffffffffffffffff
fffffffff8000000 29 00000007ffffffff ff00000000000000 ffffffffffffffff
fffffffff8000000 30 00000003ffffffff fe00000000000000 ffffffffffffffff
fffffffff8000000 31 00000001ffffffff fc00000000000000 ffffffffffffffff
fffffffff8000000 32 00000000ffffffff f800000000000000 ffffffffffffffff
fffffffff8000000 33 000000007fffffff f000000000000000 ffffffffffffffff
fffffffff8000000 34 000000003fffffff e000000000000000 ffffffffffffffff
fffffffff8000000 35 000000001fffffff c000000000000000 ffffffffffffffff
fffffffff8000000 36 000000000fffffff 8000000000000000 ffffffffffffffff
fffffffff8000000 37 0000000007ffffff 0000000000000000 ffffffffffffffff
fffffffff8000000 38 0000000003ffffff 0000000000000000 ffffffffffffffff
fffffffff8000000 39 0000000001ffffff 0000000000000000 ffffffffffffffff
fffffffff8000000 40 0000000000ffffff 0000000000000000 ffffffffffffffff
fffffffff8000000 41 00000000007fffff 0000000000000000 ffffffffffffffff
fffffffff8000000 42 00000000003fffff 0000000000000000 ffffffffffffffff
fffffffff8000000 43 00000000001fffff 0000000000000000 ffffffffffffffff
fffffffff8000000 44 00000000000fffff 0000000000000000 ffffffffffffffff
fffffffff8000000 45 000000000007ffff 0000000000000000 ffffffffffffffff
fffffffff8000000 46 000000000003ffff 0000000000000000 ffffffffffffffff
fffffffff8000000 47 000000000001ffff 0000000000000000 ffffffffffffffff
fffffffff8000000 48 000000000000ffff 0000000000000000 ffffffffffffffff
fffffffff8000000 49 0000000000007fff 0000000000000000 ffffffffffffffff
fffffffff8000000 50 0000000000003fff 0000000000000000 ffffffffffffffff
fffffffff8000000 51 0000000000001fff 0000000000000000 ffffffffffffffff
fffffffff8000000 52 0000000000000fff 0000000000000000 ffffffffffffffff
fffffffff8000000 53 00000000000007ff 0000000000000000 ffffffffffffffff
fffffffff8000000 54 00000000000003ff 0000000000000000 ffffffffffffffff
fffffffff8000000 55 00000000000001ff 0000000000000000 ffffffffffffffff
fffffffff8000000 56 00000000000000ff 0000000000000000 ffffffffffffffff
fffffffff8000000 57 000000000000007f 0000000000000000 ffffffffffffffff
fffffffff8000000 58 000000000000003f 0000000000000000 ffffffffffffffff
fffffffff8000000 59 000000000000001f 0000000000000000 ffffffffffffffff
fffffffff8000000 60 000000000000000f 0000000000000000 ffffffffffffffff
fffffffff8000000 61 0000000000000007 0000000000000000 ffffffffffffffff
fffffffff8000000 62 0000000000000003 0000000000000000 ffffffffffffffff
fffffffff8000000 63 0000000000000001 0000000000000000 ffffffffffffffff
fffffffffc000000 0 fffffffffc000000 fffffffffc000000 fffffffffc000000
fffffffffc000000 1 7ffffffffe000000 fffffffff8000000 fffffffffe000000
fffffffffc000000 2 3fffffffff000000 fffffffff0000000 ffffffffff000000
fffffffffc000000 3 1fffffffff800000 ffffffffe0000000 ffffffffff800000
fffffffffc000000 4 0fffffffffc00000 ffffffffc0000000 ffffffffffc00000
fffffffffc000000 5 07ffffffffe00000 ffffffff80000000 ffffffffffe00000
fffffffffc000000 6 03fffffffff00000 ffffffff00000000 fffffffffff00000
fffffffffc000000 7 01fffffffff80000 fffffffe00000000 fffffffffff80000
fffffffffc000000 8 00fffffffffc0000 fffffffc00000000 fffffffffffc0000
fffffffffc000000 9 007ffffffffe0000 fffffff800000000 fffffffffffe0000
fffffffffc000000 10 003fffffffff0000 fffffff000000000 ffffffffffff0000
fffffffffc000000 11 001fffffffff8000 ffffffe000000000 ffffffffffff8000
fffffffffc000000 12 000fffffffffc000 ffffffc000000000 ffffffffffffc000
fffffffffc000000 13 0007ffffffffe000 ffffff8000000000 ffffffffffffe000
fffffffffc000000 14 0003fffffffff000 ffffff0000000000 fffffffffffff000
fffffffffc000000 15 0001fffffffff800 fffffe0000000000 fffffffffffff800
fffffffffc000000 16 0000fffffffffc00 fffffc0000000000 fffffffffffffc00
fffffffffc000000 17 00007ffffffffe00 fffff80000000000 fffffffffffffe00
fffffffffc000000 18 00003fffffffff00 fffff00000000000 ffffffffffffff00
fffffffffc000000 19 00001fffffffff80 ffffe00000000000 ffffffffffffff80
fffffffffc000000 20 00000fffffffffc0 ffffc00000000000 ffffffffffffffc0
fffffffffc000000 21 000007ffffffffe0 ffff800000000000 ffffffffffffffe0
fffffffffc000000 22 000003fffffffff0 ffff000000000000 fffffffffffffff0
fffffffffc000000 23 000001fffffffff8 fffe000000000000 fffffffffffffff8
fffffffffc000000 24 000000fffffffffc fffc000000000000 fffffffffffffffc
fffffffffc000000 25 0000007ffffffffe fff8000000000000 fffffffffffffffe
fffffffffc000000 26 0000003fffffffff fff0000000000000 ffffffffffffffff
fffffffffc000000 27 0000001fffffffff ffe0000000000000 ffffffffffffffff
fffffffffc000000 28 0000000fffffffff ffc0000000000000 ffffffffffffffff
fffffffffc000000 29 00000007ffffffff ff80000000000000 ffffffffffffffff
fffffffffc000000 30 00000003ffffffff ff00000000000000 ffffffffffffffff
fffffffffc000000 31 00000001ffffffff fe00000000000000 ffffffffffffffff
fffffffffc000000 32 00000000ffffffff fc00000000000000 ffffffffffffffff
fffffffffc000000 33 000000007fffffff f800000000000000 ffffffffffffffff
fffffffffc000000 34 000000003fffffff f000000000000000 ffffffffffffffff
fffffffffc000000 35 000000001fffffff e000000000000000 ffffffffffffffff
fffffffffc000000 36 000000000fffffff c000000000000000 ffffffffffffffff
fffffffffc000000 37 0000000007ffffff 8000000000000000 ffffffffffffffff
fffffffffc000000 38 0000000003ffffff 0000000000000000 ffffffffffffffff
fffffffffc000000 39 0000000001ffffff 0000000000000000 ffffffffffffffff
fffffffffc000000 40 0000000000ffffff 0000000000000000 ffffffffffffffff
fffffffffc000000 41 00000000007fffff 0000000000000000 ffffffffffffffff
fffffffffc000000 42 00000000003fffff 0000000000000000 ffffffffffffffff
fffffffffc000000 43 00000000001fffff 0000000000000000 ffffffffffffffff
fffffffffc000000 44 00000000000fffff 0000000000000000 ffffffffffffffff
fffffffffc000000 45 000000000007ffff 0000000000000000 ffffffffffffffff
fffffffffc000000 46 000000000003ffff 0000000000000000 ffffffffffffffff
fffffffffc000000 47 000000000001ffff 0000000000000000 ffffffffffffffff
fffffffffc000000 48 000000000000ffff 0000000000000000 ffffffffffffffff
fffffffffc000000 49 0000000000007fff 0000000000000000 ffffffffffffffff
fffffffffc000000 50 0000000000003fff 0000000000000000 ffffffffffffffff
fffffffffc000000 51 0000000000001fff 0000000000000000 ffffffffffffffff
fffffffffc000000 52 0000000000000fff 0000000000000000 ffffffffffffffff
fffffffffc000000 53 00000000000007ff 0000000000000000 ffffffffffffffff
fffffffffc000000 54 00000000000003ff 0000000000000000 ffffffffffffffff
fffffffffc000000 55 00000000000001ff 0000000000000000 ffffffffffffffff
fffffffffc000000 56 00000000000000ff 0000000000000000 ffffffffffffffff
fffffffffc000000 57 000000000000007f 0000000000000000 ffffffffffffffff
fffffffffc000000 58 000000000000003f 0000000000000000 ffffffffffffffff
fffffffffc000000 59 000000000000001f 0000000000000000 ffffffffffffffff
fffffffffc000000 60 000000000000000f 0000000000000000 ffffffffffffffff
fffffffffc000000 61 0000000000000007 0000000000000000 ffffffffffffffff
fffffffffc000000 62 0000000000000003 0000000000000000 ffffffffffffffff
fffffffffc000000 63 0000000000000001 0000000000000000 ffffffffffffffff
fffffffffe000000 0 fffffffffe000000 fffffffffe000000 fffffffffe000000
fffffffffe000000 1 7fffffffff000000 fffffffffc000000 ffffffffff000000
fffffffffe000000 2 3fffffffff800000 fffffffff8000000 ffffffffff800000
fffffffffe000000 3 1fffffffffc00000 fffffffff0000000 ffffffffffc00000
fffffffffe000000 4 0fffffffffe00000 ffffffffe0000000 ffffffffffe00000
fffffffffe000000 5 07fffffffff00000 ffffffffc0000000 fffffffffff00000
fffffffffe000000 6 03fffffffff80000 ffffffff80000000 fffffffffff80000
fffffffffe000000 7 01fffffffffc0000 ffffffff00000000 fffffffffffc0000
fffffffffe000000 8 00fffffffffe0000 fffffffe00000000 fffffffffffe0000
fffffffffe000000 9 007fffffffff0000 fffffffc00000000 ffffffffffff0000
fffffffffe000000 10 003fffffffff8000 fffffff800000000 ffffffffffff8000
fffffffffe000000 11 001fffffffffc000 fffffff000000000 ffffffffffffc000
fffffffffe000000 12 000fffffffffe000 ffffffe000000000 ffffffffffffe000
fffffffffe000000 13 0007fffffffff000 ffffffc000000000 fffffffffffff000
fffffffffe000000 14 0003fffffffff800 ffffff8000000000 fffffffffffff800
fffffffffe000000 15 0001fffffffffc00 ffffff0000000000 fffffffffffffc00
fffffffffe000000 16 0000fffffffffe00 fffffe0000000000 fffffffffffffe00
fffffffffe000000 17 00007fffffffff00 fffffc0000000000 ffffffffffffff00
fffffffffe000000 18 00003fffffffff80 fffff80000000000 ffffffffffffff80
fffffffffe000000 19 00001fffffffffc0 fffff00000000000 ffffffffffffffc0
fffffffffe000000 20 00000fffffffffe0 ffffe00000000000 ffffffffffffffe0
fffffffffe000000 21 000007fffffffff0 ffffc00000000000 fffffffffffffff0
fffffffffe000000 22 000003fffffffff8 ffff800000000000 fffffffffffffff8
fffffffffe000000 23 000001fffffffffc ffff000000000000 fffffffffffffffc
fffffffffe000000 24 000000fffffffffe fffe000000000000 fffffffffffffffe
fffffffffe000000 25 0000007fffffffff fffc000000000000 ffffffffffffffff
fffffffffe000000 26 0000003fffffffff fff8000000000000 ffffffffffffffff
fffffffffe000000 27 0000001fffffffff fff0000000000000 ffffffffffffffff
fffffffffe000000 28 0000000fffffffff ffe0000000000000 ffffffffffffffff
fffffffffe000000 29 00000007ffffffff ffc0000000000000 ffffffffffffffff
fffffffffe000000 30 00000003ffffffff ff80000000000000 ffffffffffffffff
fffffffffe000000 31 00000001ffffffff ff00000000000000 ffffffffffffffff
fffffffffe000000 32 00000000ffffffff fe00000000000000 ffffffffffffffff
fffffffffe000000 33 000000007fffffff fc00000000000000 ffffffffffffffff
fffffffffe000000 34 000000003fffffff f800000000000000 ffffffffffffffff
fffffffffe000000 35 000000001fffffff f000000000000000 ffffffffffffffff
fffffffffe000000 36 000000000fffffff e000000000000000 ffffffffffffffff
fffffffffe000000 37 0000000007ffffff c000000000000000 ffffffffffffffff
fffffffffe000000 38 0000000003ffffff 8000000000000000 ffffffffffffffff
fffffffffe000000 39 0000000001ffffff 0000000000000000 ffffffffffffffff
fffffffffe000000 40 0000000000ffffff 0000000000000000 ffffffffffffffff
fffffffffe000000 41 00000000007fffff 0000000000000000 ffffffffffffffff
fffffffffe000000 42 00000000003fffff 0000000000000000 ffffffffffffffff
fffffffffe000000 43 00000000001fffff 0000000000000000 ffffffffffffffff
fffffffffe000000 44 00000000000fffff 0000000000000000 ffffffffffffffff
fffffffffe000000 45 000000000007ffff 0000000000000000 ffffffffffffffff
fffffffffe000000 46 000000000003ffff 0000000000000000 ffffffffffffffff
fffffffffe000000 47 000000000001ffff 0000000000000000 ffffffffffffffff
fffffffffe000000 48 000000000000ffff 0000000000000000 ffffffffffffffff
fffffffffe000000 49 0000000000007fff 0000000000000000 ffffffffffffffff
fffffffffe000000 50 0000000000003fff 0000000000000000 ffffffffffffffff
fffffffffe000000 51 0000000000001fff 0000000000000000 ffffffffffffffff
fffffffffe000000 52 0000000000000fff 0000000000000000 ffffffffffffffff
fffffffffe000000 53 00000000000007ff 0000000000000000 ffffffffffffffff
fffffffffe000000 54 00000000000003ff 0000000000000000 ffffffffffffffff
fffffffffe000000 55 00000000000001ff 0000000000000000 ffffffffffffffff
fffffffffe000000 56 00000000000000ff 0000000000000000 ffffffffffffffff
fffffffffe000000 57 000000000000007f 0000000000000000 ffffffffffffffff
fffffffffe000000 58 000000000000003f 0000000000000000 ffffffffffffffff
fffffffffe000000 59 000000000000001f 0000000000000000 ffffffffffffffff
fffffffffe000000 60 000000000000000f 0000000000000000 ffffffffffffffff
fffffffffe000000 61 0000000000000007 0000000000000000 ffffffffffffffff
fffffffffe000000 62 0000000000000003 0000000000000000 ffffffffffffffff
fffffffffe000000 63 0000000000000001 0000000000000000 ffffffffffffffff
ffffffffff000000 0 ffffffffff000000 ffffffffff000000 ffffffffff000000
ffffffffff000000 1 7fffffffff800000 fffffffffe000000 ffffffffff800000
ffffffffff000000 2 3fffffffffc00000 fffffffffc000000 ffffffffffc00000
ffffffffff000000 3 1fffffffffe00000 fffffffff8000000 ffffffffffe00000
ffffffffff000000 4 0ffffffffff00000 fffffffff0000000 fffffffffff00000
ffffffffff000000 5 07fffffffff80000 ffffffffe0000000 fffffffffff80000
ffffffffff000000 6 03fffffffffc0000 ffffffffc0000000 fffffffffffc0000
ffffffffff000000 7 01fffffffffe0000 ffffffff80000000 fffffffffffe0000
ffffffffff000000 8 00ffffffffff0000 ffffffff00000000 ffffffffffff0000
ffffffffff000000 9 007fffffffff8000 fffffffe00000000 ffffffffffff8000
ffffffffff000000 10 003fffffffffc000 fffffffc00000000 ffffffffffffc000
ffffffffff000000 11 001fffffffffe000 fffffff800000000 ffffffffffffe000
ffffffffff000000 12 000ffffffffff000 fffffff000000000 fffffffffffff000
ffffffffff000000 13 0007fffffffff800 ffffffe000000000 fffffffffffff800
ffffffffff000000 14 0003fffffffffc00 ffffffc000000000 fffffffffffffc00
ffffffffff000000 15 0001fffffffffe00 ffffff8000000000 fffffffffffffe00
ffffffffff000000 16 0000ffffffffff00 ffffff0000000000 ffffffffffffff00
ffffffffff000000 17 00007fffffffff80 fffffe0000000000 ffffffffffffff80
ffffffffff000000 18 00003fffffffffc0 fffffc0000000000 ffffffffffffffc0
ffffffffff000000 19 00001fffffffffe0 fffff80000000000 ffffffffffffffe0
ffffffffff000000 20 00000ffffffffff0 fffff00000000000 fffffffffffffff0
ffffffffff000000 21 000007fffffffff8 ffffe00000000000 fffffffffffffff8
ffffffffff000000 22 000003fffffffffc ffffc00000000000 fffffffffffffffc
ffffffffff000000 23 000001fffffffffe ffff800000000000 fffffffffffffffe
ffffffffff000000 24 000000ffffffffff ffff000000000000 ffffffffffffffff
ffffffffff000000 25 0000007fffffffff fffe000000000000 ffffffffffffffff
ffffffffff000000 26 0000003fffffffff fffc000000000000 ffffffffffffffff
ffffffffff000000 27 0000001fffffffff fff8000000000000 ffffffffffffffff
ffffffffff000000 28 0000000fffffffff fff0000000000000 ffffffffffffffff
ffffffffff000000 29 00000007ffffffff ffe0000000000000 ffffffffffffffff
ffffffffff000000 30 00000003ffffffff ffc0000000000000 ffffffffffffffff
ffffffffff000000 31 00000001ffffffff ff80000000000000 ffffffffffffffff
ffffffffff000000 32 00000000ffffffff ff00000000000000 ffffffffffffffff
ffffffffff000000 33 000000007fffffff fe00000000000000 ffffffffffffffff
ffffffffff000000 34 000000003fffffff fc00000000000000 ffffffffffffffff
ffffffffff000000 35 000000001fffffff f800000000000000 ffffffffffffffff
ffffffffff000000 36 000000000fffffff f000000000000000 ffffffffffffffff
ffffffffff000000 37 0000000007ffffff e000000000000000 ffffffffffffffff
ffffffffff000000 38 0000000003ffffff c000000000000000 ffffffffffffffff
ffffffffff000000 39 0000000001ffffff 8000000000000000 ffffffffffffffff
ffffffffff000000 40 0000000000ffffff 0000000000000000 ffffffffffffffff
ffffffffff000000 41 00000000007fffff 0000000000000000 ffffffffffffffff
ffffffffff000000 42 00000000003fffff 0000000000000000 ffffffffffffffff
ffffffffff000000 43 00000000001fffff 0000000000000000 ffffffffffffffff
ffffffffff000000 44 00000000000fffff 0000000000000000 ffffffffffffffff
ffffffffff000000 45 000000000007ffff 0000000000000000 ffffffffffffffff
ffffffffff000000 46 000000000003ffff 0000000000000000 ffffffffffffffff
ffffffffff000000 47 000000000001ffff 0000000000000000 ffffffffffffffff
ffffffffff000000 48 000000000000ffff 0000000000000000 ffffffffffffffff
ffffffffff000000 49 0000000000007fff 0000000000000000 ffffffffffffffff
ffffffffff000000 50 0000000000003fff 0000000000000000 ffffffffffffffff
ffffffffff000000 51 0000000000001fff 0000000000000000 ffffffffffffffff
ffffffffff000000 52 0000000000000fff 0000000000000000 ffffffffffffffff
ffffffffff000000 53 00000000000007ff 0000000000000000 ffffffffffffffff
ffffffffff000000 54 00000000000003ff 0000000000000000 ffffffffffffffff
ffffffffff000000 55 00000000000001ff 0000000000000000 ffffffffffffffff
ffffffffff000000 56 00000000000000ff 0000000000000000 ffffffffffffffff
ffffffffff000000 57 000000000000007f 0000000000000000 ffffffffffffffff
ffffffffff000000 58 000000000000003f 0000000000000000 ffffffffffffffff
ffffffffff000000 59 000000000000001f 0000000000000000 ffffffffffffffff
ffffffffff000000 60 000000000000000f 0000000000000000 ffffffffffffffff
ffffffffff000000 61 0000000000000007 0000000000000000 ffffffffffffffff
ffffffffff000000 62 0000000000000003 0000000000000000 ffffffffffffffff
ffffffffff000000 63 0000000000000001 0000000000000000 ffffffffffffffff
ffffffffff800000 0 ffffffffff800000 ffffffffff800000 ffffffffff800000
ffffffffff800000 1 7fffffffffc00000 ffffffffff000000 ffffffffffc00000
ffffffffff800000 2 3fffffffffe00000 fffffffffe000000 ffffffffffe00000
ffffffffff800000 3 1ffffffffff00000 fffffffffc000000 fffffffffff00000
ffffffffff800000 4 0ffffffffff80000 fffffffff8000000 fffffffffff80000
ffffffffff800000 5 07fffffffffc0000 fffffffff0000000 fffffffffffc0000
ffffffffff800000 6 03fffffffffe0000 ffffffffe0000000 fffffffffffe0000
ffffffffff800000 7 01ffffffffff0000 ffffffffc0000000 ffffffffffff0000
ffffffffff800000 8 00ffffffffff8000 ffffffff80000000 ffffffffffff8000
ffffffffff800000 9 007fffffffffc000 ffffffff00000000 ffffffffffffc000
ffffffffff800000 10 003fffffffffe000 fffffffe00000000 ffffffffffffe000
ffffffffff800000 11 001ffffffffff000 fffffffc00000000 fffffffffffff000
ffffffffff800000 12 000ffffffffff800 fffffff800000000 fffffffffffff800
ffffffffff800000 13 0007fffffffffc00 fffffff000000000 fffffffffffffc00
ffffffffff800000 14 0003fffffffffe00 ffffffe000000000 fffffffffffffe00
ffffffffff800000 15 0001ffffffffff00 ffffffc000000000 ffffffffffffff00
ffffffffff800000 16 0000ffffffffff80 ffffff8000000000 ffffffffffffff80
ffffffffff800000 17 00007fffffffffc0 ffffff0000000000 ffffffffffffffc0
ffffffffff800000 18 00003fffffffffe0 fffffe0000000000 ffffffffffffffe0
ffffffffff800000 19 00001ffffffffff0 fffffc0000000000 fffffffffffffff0
ffffffffff800000 20 00000ffffffffff8 fffff80000000000 fffffffffffffff8
ffffffffff800000 21 000007fffffffffc fffff00000000000 fffffffffffffffc
ffffffffff800000 22 000003fffffffffe ffffe00000000000 fffffffffffffffe
ffffffffff800000 23 000001ffffffffff ffffc00000000000 ffffffffffffffff
ffffffffff800000 24 000000ffffffffff ffff800000000000 ffffffffffffffff
ffffffffff800000 25 0000007fffffffff ffff000000000000 ffffffffffffffff
ffffffffff800000 26 0000003fffffffff fffe000000000000 ffffffffffffffff
ffffffffff800000 27 0000001fffffffff fffc000000000000 ffffffffffffffff
ffffffffff800000 28 0000000fffffffff fff8000000000000 ffffffffffffffff
ffffffffff800000 29 00000007ffffffff fff0000000000000 ffffffffffffffff
ffffffffff800000 30 00000003ffffffff ffe0000000000000 ffffffffffffffff
ffffffffff800000 31 00000001ffffffff ffc0000000000000 ffffffffffffffff
ffffffffff800000 32 00000000ffffffff ff80000000000000 ffffffffffffffff
ffffffffff800000 33 000000007fffffff ff00000000000000 ffffffffffffffff
ffffffffff800000 34 000000003fffffff fe00000000000000 ffffffffffffffff
ffffffffff800000 35 000000001fffffff fc00000000000000 ffffffffffffffff
ffffffffff800000 36 000000000fffffff f800000000000000 ffffffffffffffff
ffffffffff800000 37 0000000007ffffff f000000000000000 ffffffffffffffff
ffffffffff800000 38 0000000003ffffff e000000000000000 ffffffffffffffff
ffffffffff800000 39 0000000001ffffff c000000000000000 ffffffffffffffff
ffffffffff800000 40 0000000000ffffff 8000000000000000 ffffffffffffffff
ffffffffff800000 41 00000000007fffff 0000000000000000 ffffffffffffffff
ffffffffff800000 42 00000000003fffff 0000000000000000 ffffffffffffffff
ffffffffff800000 43 00000000001fffff 0000000000000000 ffffffffffffffff
ffffffffff800000 44 00000000000fffff 0000000000000000 ffffffffffffffff
ffffffffff800000 45 000000000007ffff 0000000000000000 ffffffffffffffff
ffffffffff800000 46 000000000003ffff 0000000000000000 ffffffffffffffff
ffffffffff800000 47 000000000001ffff 0000000000000000 ffffffffffffffff
ffffffffff800000 48 000000000000ffff 0000000000000000 ffffffffffffffff
ffffffffff800000 49 0000000000007fff 0000000000000000 ffffffffffffffff
ffffffffff800000 50 0000000000003fff 0000000000000000 ffffffffffffffff
ffffffffff800000 51 0000000000001fff 0000000000000000 ffffffffffffffff
ffffffffff800000 52 0000000000000fff 0000000000000000 ffffffffffffffff
ffffffffff800000 53 00000000000007ff 0000000000000000 ffffffffffffffff
ffffffffff800000 54 00000000000003ff 0000000000000000 ffffffffffffffff
ffffffffff800000 55 00000000000001ff 0000000000000000 ffffffffffffffff
ffffffffff800000 56 00000000000000ff 0000000000000000 ffffffffffffffff
ffffffffff800000 57 000000000000007f 0000000000000000 ffffffffffffffff
ffffffffff800000 58 000000000000003f 0000000000000000 ffffffffffffffff
ffffffffff800000 59 000000000000001f 0000000000000000 ffffffffffffffff
ffffffffff800000 60 000000000000000f 0000000000000000 ffffffffffffffff
ffffffffff800000 61 0000000000000007 0000000000000000 ffffffffffffffff
ffffffffff800000 62 0000000000000003 0000000000000000 ffffffffffffffff
ffffffffff800000 63 0000000000000001 0000000000000000 ffffffffffffffff
ffffffffffc00000 0 ffffffffffc00000 ffffffffffc00000 ffffffffffc00000
ffffffffffc00000 1 7fffffffffe00000 ffffffffff800000 ffffffffffe00000
ffffffffffc00000 2 3ffffffffff00000 ffffffffff000000 fffffffffff00000
ffffffffffc00000 3 1ffffffffff80000 fffffffffe000000 fffffffffff80000
ffffffffffc00000 4 0ffffffffffc0000 fffffffffc000000 fffffffffffc0000
ffffffffffc00000 5 07fffffffffe0000 fffffffff8000000 fffffffffffe0000
ffffffffffc00000 6 03ffffffffff0000 fffffffff0000000 ffffffffffff0000
ffffffffffc00000 7 01ffffffffff8000 ffffffffe0000000 ffffffffffff8000
ffffffffffc00000 8 00ffffffffffc000 ffffffffc0000000 ffffffffffffc000
ffffffffffc00000 9 007fffffffffe000 ffffffff80000000 ffffffffffffe000
ffffffffffc00000 10 003ffffffffff000 ffffffff00000000 fffffffffffff000
ffffffffffc00000 11 001ffffffffff800 fffffffe00000000 fffffffffffff800
ffffffffffc00000 12 000ffffffffffc00 fffffffc00000000 fffffffffffffc00
ffffffffffc00000 13 0007fffffffffe00 fffffff800000000 fffffffffffffe00
ffffffffffc00000 14 0003ffffffffff00 fffffff000000000 ffffffffffffff00
ffffffffffc00000 15 0001ffffffffff80 ffffffe000000000 ffffffffffffff80
ffffffffffc00000 16 0000ffffffffffc0 ffffffc000000000 ffffffffffffffc0
ffffffffffc00000 17 00007fffffffffe0 ffffff8000000000 ffffffffffffffe0
ffffffffffc00000 18 00003ffffffffff0 ffffff0000000000 fffffffffffffff0
ffffffffffc00000 19 00001ffffffffff8 fffffe0000000000 fffffffffffffff8
ffffffffffc00000 20 00000ffffffffffc fffffc0000000000 fffffffffffffffc
ffffffffffc00000 21 000007fffffffffe fffff80000000000 fffffffffffffffe
ffffffffffc00000 22 000003ffffffffff fffff00000000000 ffffffffffffffff
ffffffffffc00000 23 000001ffffffffff ffffe00000000000 ffffffffffffffff
ffffffffffc00000 24 000000ffffffffff ffffc00000000000 ffffffffffffffff
ffffffffffc00000 25 0000007fffffffff ffff800000000000 ffffffffffffffff
ffffffffffc00000 26 0000003fffffffff ffff000000000000 ffffffffffffffff
ffffffffffc00000 27 0000001fffffffff fffe000000000000 ffffffffffffffff
ffffffffffc00000 28 0000000fffffffff fffc000000000000 ffffffffffffffff
ffffffffffc00000 29 00000007ffffffff fff8000000000000 ffffffffffffffff
ffffffffffc00000 30 00000003ffffffff fff0000000000000 ffffffffffffffff
ffffffffffc00000 31 00000001ffffffff ffe0000000000000 ffffffffffffffff
ffffffffffc00000 32 00000000ffffffff ffc0000000000000 ffffffffffffffff
ffffffffffc00000 33 000000007fffffff ff80000000000000 ffffffffffffffff
ffffffffffc00000 34 000000003fffffff ff00000000000000 ffffffffffffffff
ffffffffffc00000 35 000000001fffffff fe00000000000000 ffffffffffffffff
ffffffffffc00000 36 000000000fffffff fc00000000000000 ffffffffffffffff
ffffffffffc00000 37 0000000007ffffff f800000000000000 ffffffffffffffff
ffffffffffc00000 38 0000000003ffffff f000000000000000 ffffffffffffffff
ffffffffffc00000 39 0000000001ffffff e000000000000000 ffffffffffffffff
ffffffffffc00000 40 0000000000ffffff c000000000000000 ffffffffffffffff
ffffffffffc00000 41 00000000007fffff 8000000000000000 ffffffffffffffff
ffffffffffc00000 42 00000000003fffff 0000000000000000 ffffffffffffffff
ffffffffffc00000 43 00000000001fffff 0000000000000000 ffffffffffffffff
ffffffffffc00000 44 00000000000fffff 0000000000000000 ffffffffffffffff
ffffffffffc00000 45 000000000007ffff 0000000000000000 ffffffffffffffff
ffffffffffc00000 46 000000000003ffff 0000000000000000 ffffffffffffffff
ffffffffffc00000 47 000000000001ffff 0000000000000000 ffffffffffffffff
ffffffffffc00000 48 000000000000ffff 0000000000000000 ffffffffffffffff
ffffffffffc00000 49 0000000000007fff 0000000000000000 ffffffffffffffff
ffffffffffc00000 50 0000000000003fff 0000000000000000 ffffffffffffffff
ffffffffffc00000 51 0000000000001fff 0000000000000000 ffffffffffffffff
ffffffffffc00000 52 0000000000000fff 0000000000000000 ffffffffffffffff
ffffffffffc00000 53 00000000000007ff 0000000000000000 ffffffffffffffff
ffffffffffc00000 54 00000000000003ff 0000000000000000 ffffffffffffffff
ffffffffffc00000 55 00000000000001ff 0000000000000000 ffffffffffffffff
ffffffffffc00000 56 00000000000000ff 0000000000000000 ffffffffffffffff
ffffffffffc00000 57 000000000000007f 0000000000000000 ffffffffffffffff
ffffffffffc00000 58 000000000000003f 0000000000000000 ffffffffffffffff
ffffffffffc00000 59 000000000000001f 0000000000000000 ffffffffffffffff
ffffffffffc00000 60 000000000000000f 0000000000000000 ffffffffffffffff
ffffffffffc00000 61 0000000000000007 0000000000000000 ffffffffffffffff
ffffffffffc00000 62 0000000000000003 0000000000000000 ffffffffffffffff
ffffffffffc00000 63 0000000000000001 0000000000000000 ffffffffffffffff
ffffffffffe00000 0 ffffffffffe00000 ffffffffffe00000 ffffffffffe00000
ffffffffffe00000 1 7ffffffffff00000 ffffffffffc00000 fffffffffff00000
ffffffffffe00000 2 3ffffffffff80000 ffffffffff800000 fffffffffff80000
ffffffffffe00000 3 1ffffffffffc0000 ffffffffff000000 fffffffffffc0000
ffffffffffe00000 4 0ffffffffffe0000 fffffffffe000000 fffffffffffe0000
ffffffffffe00000 5 07ffffffffff0000 fffffffffc000000 ffffffffffff0000
ffffffffffe00000 6 03ffffffffff8000 fffffffff8000000 ffffffffffff8000
ffffffffffe00000 7 01ffffffffffc000 fffffffff0000000 ffffffffffffc000
ffffffffffe00000 8 00ffffffffffe000 ffffffffe0000000 ffffffffffffe000
ffffffffffe00000 9 007ffffffffff000 ffffffffc0000000 fffffffffffff000
ffffffffffe00000 10 003ffffffffff800 ffffffff80000000 fffffffffffff800
ffffffffffe00000 11 001ffffffffffc00 ffffffff00000000 fffffffffffffc00
ffffffffffe00000 12 000ffffffffffe00 fffffffe00000000 fffffffffffffe00
ffffffffffe00000 13 0007ffffffffff00 fffffffc00000000 ffffffffffffff00
ffffffffffe00000 14 0003ffffffffff80 fffffff800000000 ffffffffffffff80
ffffffffffe00000 15 0001ffffffffffc0 fffffff000000000 ffffffffffffffc0
ffffffffffe00000 16 0000ffffffffffe0 ffffffe000000000 ffffffffffffffe0
ffffffffffe00000 17 00007ffffffffff0 ffffffc000000000 fffffffffffffff0
ffffffffffe00000 18 00003ffffffffff8 ffffff8000000000 fffffffffffffff8
ffffffffffe00000 19 00001ffffffffffc ffffff0000000000 fffffffffffffffc
ffffffffffe00000 20 00000ffffffffffe fffffe0000000000 fffffffffffffffe
ffffffffffe00000 21 000007ffffffffff fffffc0000000000 ffffffffffffffff
ffffffffffe00000 22 000003ffffffffff fffff80000000000 ffffffffffffffff
ffffffffffe00000 23 000001ffffffffff fffff00000000000 ffffffffffffffff
ffffffffffe00000 24 000000ffffffffff ffffe00000000000 ffffffffffffffff
ffffffffffe00000 25 0000007fffffffff ffffc00000000000 ffffffffffffffff
ffffffffffe00000 26 0000003fffffffff ffff800000000000 ffffffffffffffff
ffffffffffe00000 27 0000001fffffffff ffff000000000000 ffffffffffffffff
ffffffffffe00000 28 0000000fffffffff fffe000000000000 ffffffffffffffff
ffffffffffe00000 29 00000007ffffffff fffc000000000000 ffffffffffffffff
ffffffffffe00000 30 00000003ffffffff fff8000000000000 ffffffffffffffff
ffffffffffe00000 31 00000001ffffffff fff0000000000000 ffffffffffffffff
ffffffffffe00000 32 00000000ffffffff ffe0000000000000 ffffffffffffffff
ffffffffffe00000 33 000000007fffffff ffc0000000000000 ffffffffffffffff
ffffffffffe00000 34 000000003fffffff ff80000000000000 ffffffffffffffff
ffffffffffe00000 35 000000001fffffff ff00000000000000 ffffffffffffffff
ffffffffffe00000 36 000000000fffffff fe00000000000000 ffffffffffffffff
ffffffffffe00000 37 0000000007ffffff fc00000000000000 ffffffffffffffff
ffffffffffe00000 38 0000000003ffffff f800000000000000 ffffffffffffffff
ffffffffffe00000 39 0000000001ffffff f000000000000000 ffffffffffffffff
ffffffffffe00000 40 0000000000ffffff e000000000000000 ffffffffffffffff
ffffffffffe00000 41 00000000007fffff c000000000000000 ffffffffffffffff
ffffffffffe00000 42 00000000003fffff 8000000000000000 ffffffffffffffff
ffffffffffe00000 43 00000000001fffff 0000000000000000 ffffffffffffffff
ffffffffffe00000 44 00000000000fffff 0000000000000000 ffffffffffffffff
ffffffffffe00000 45 000000000007ffff 0000000000000000 ffffffffffffffff
ffffffffffe00000 46 000000000003ffff 0000000000000000 ffffffffffffffff
ffffffffffe00000 47 000000000001ffff 0000000000000000 ffffffffffffffff
ffffffffffe00000 48 000000000000ffff 0000000000000000 ffffffffffffffff
ffffffffffe00000 49 0000000000007fff 0000000000000000 ffffffffffffffff
ffffffffffe00000 50 0000000000003fff 0000000000000000 ffffffffffffffff
ffffffffffe00000 51 0000000000001fff 0000000000000000 ffffffffffffffff
ffffffffffe00000 52 0000000000000fff 0000000000000000 ffffffffffffffff
ffffffffffe00000 53 00000000000007ff 0000000000000000 ffffffffffffffff
ffffffffffe00000 54 00000000000003ff 0000000000000000 ffffffffffffffff
ffffffffffe00000 55 00000000000001ff 0000000000000000 ffffffffffffffff
ffffffffffe00000 56 00000000000000ff 0000000000000000 ffffffffffffffff
ffffffffffe00000 57 000000000000007f 0000000000000000 ffffffffffffffff
ffffffffffe00000 58 000000000000003f 0000000000000000 ffffffffffffffff
ffffffffffe00000 59 000000000000001f 0000000000000000 ffffffffffffffff
ffffffffffe00000 60 000000000000000f 0000000000000000 ffffffffffffffff
ffffffffffe00000 61 0000000000000007 0000000000000000 ffffffffffffffff
ffffffffffe00000 62 0000000000000003 0000000000000000 ffffffffffffffff
ffffffffffe00000 63 0000000000000001 0000000000000000 ffffffffffffffff
fffffffffff00000 0 fffffffffff00000 fffffffffff00000 fffffffffff00000
fffffffffff00000 1 7ffffffffff80000 ffffffffffe00000 fffffffffff80000
fffffffffff00000 2 3ffffffffffc0000 ffffffffffc00000 fffffffffffc0000
fffffffffff00000 3 1ffffffffffe0000 ffffffffff800000 fffffffffffe0000
fffffffffff00000 4 0fffffffffff0000 ffffffffff000000 ffffffffffff0000
fffffffffff00000 5 07ffffffffff8000 fffffffffe000000 ffffffffffff8000
fffffffffff00000 6 03ffffffffffc000 fffffffffc000000 ffffffffffffc000
fffffffffff00000 7 01ffffffffffe000 fffffffff8000000 ffffffffffffe000
fffffffffff00000 8 00fffffffffff000 fffffffff0000000 fffffffffffff000
fffffffffff00000 9 007ffffffffff800 ffffffffe0000000 fffffffffffff800
fffffffffff00000 10 003ffffffffffc00 ffffffffc0000000 fffffffffffffc00
fffffffffff00000 11 001ffffffffffe00 ffffffff80000000 fffffffffffffe00
fffffffffff00000 12 000fffffffffff00 ffffffff00000000 ffffffffffffff00
fffffffffff00000 13 0007ffffffffff80 fffffffe00000000 ffffffffffffff80
fffffffffff00000 14 0003ffffffffffc0 fffffffc00000000 ffffffffffffffc0
fffffffffff00000 15 0001ffffffffffe0 fffffff800000000 ffffffffffffffe0
fffffffffff00000 16 0000fffffffffff0 fffffff000000000 fffffffffffffff0
fffffffffff00000 17 00007ffffffffff8 ffffffe000000000 fffffffffffffff8
fffffffffff00000 18 00003ffffffffffc ffffffc000000000 fffffffffffffffc
fffffffffff00000 19 00001ffffffffffe ffffff8000000000 fffffffffffffffe
fffffffffff00000 20 00000fffffffffff ffffff0000000000 ffffffffffffffff
fffffffffff00000 21 000007ffffffffff fffffe0000000000 ffffffffffffffff
fffffffffff00000 22 000003ffffffffff fffffc0000000000 ffffffffffffffff
fffffffffff00000 23 000001ffffffffff fffff80000000000 ffffffffffffffff
fffffffffff00000 24 000000ffffffffff fffff00000000000 ffffffffffffffff
fffffffffff00000 25 0000007fffffffff ffffe00000000000 ffffffffffffffff
fffffffffff00000 26 0000003fffffffff ffffc00000000000 ffffffffffffffff
fffffffffff00000 27 0000001fffffffff ffff800000000000 ffffffffffffffff
fffffffffff00000 28 0000000fffffffff ffff000000000000 ffffffffffffffff
fffffffffff00000 29 00000007ffffffff fffe000000000000 ffffffffffffffff
fffffffffff00000 30 00000003ffffffff fffc000000000000 ffffffffffffffff
fffffffffff00000 31 00000001ffffffff fff8000000000000 ffffffffffffffff
fffffffffff00000 32 00000000ffffffff fff0000000000000 ffffffffffffffff
fffffffffff00000 33 000000007fffffff ffe0000000000000 ffffffffffffffff
fffffffffff00000 34 000000003fffffff ffc0000000000000 ffffffffffffffff
fffffffffff00000 35 000000001fffffff ff80000000000000 ffffffffffffffff
fffffffffff00000 36 000000000fffffff ff00000000000000 ffffffffffffffff
fffffffffff00000 37 0000000007ffffff fe00000000000000 ffffffffffffffff
fffffffffff00000 38 0000000003ffffff fc00000000000000 ffffffffffffffff
fffffffffff00000 39 0000000001ffffff f800000000000000 ffffffffffffffff
fffffffffff00000 40 0000000000ffffff f000000000000000 ffffffffffffffff
fffffffffff00000 41 00000000007fffff e000000000000000 ffffffffffffffff
fffffffffff00000 42 00000000003fffff c000000000000000 ffffffffffffffff
fffffffffff00000 43 00000000001fffff 8000000000000000 ffffffffffffffff
fffffffffff00000 44 00000000000fffff 0000000000000000 ffffffffffffffff
fffffffffff00000 45 000000000007ffff 0000000000000000 ffffffffffffffff
fffffffffff00000 46 000000000003ffff 0000000000000000 ffffffffffffffff
fffffffffff00000 47 000000000001ffff 0000000000000000 ffffffffffffffff
fffffffffff00000 48 000000000000ffff 0000000000000000 ffffffffffffffff
fffffffffff00000 49 0000000000007fff 0000000000000000 ffffffffffffffff
fffffffffff00000 50 0000000000003fff 0000000000000000 ffffffffffffffff
fffffffffff00000 51 0000000000001fff 0000000000000000 ffffffffffffffff
fffffffffff00000 52 0000000000000fff 0000000000000000 ffffffffffffffff
fffffffffff00000 53 00000000000007ff 0000000000000000 ffffffffffffffff
fffffffffff00000 54 00000000000003ff 0000000000000000 ffffffffffffffff
fffffffffff00000 55 00000000000001ff 0000000000000000 ffffffffffffffff
fffffffffff00000 56 00000000000000ff 0000000000000000 ffffffffffffffff
fffffffffff00000 57 000000000000007f 0000000000000000 ffffffffffffffff
fffffffffff00000 58 000000000000003f 0000000000000000 ffffffffffffffff
fffffffffff00000 59 000000000000001f 0000000000000000 ffffffffffffffff
fffffffffff00000 60 000000000000000f 0000000000000000 ffffffffffffffff
fffffffffff00000 61 0000000000000007 0000000000000000 ffffffffffffffff
fffffffffff00000 62 0000000000000003 0000000000000000 ffffffffffffffff
fffffffffff00000 63 0000000000000001 0000000000000000 ffffffffffffffff
fffffffffff80000 0 fffffffffff80000 fffffffffff80000 fffffffffff80000
fffffffffff80000 1 7ffffffffffc0000 fffffffffff00000 fffffffffffc0000
fffffffffff80000 2 3ffffffffffe0000 ffffffffffe00000 fffffffffffe0000
fffffffffff80000 3 1fffffffffff0000 ffffffffffc00000 ffffffffffff0000
fffffffffff80000 4 0fffffffffff8000 ffffffffff800000 ffffffffffff8000
fffffffffff80000 5 07ffffffffffc000 ffffffffff000000 ffffffffffffc000
fffffffffff80000 6 03ffffffffffe000 fffffffffe000000 ffffffffffffe000
fffffffffff80000 7 01fffffffffff000 fffffffffc000000 fffffffffffff000
fffffffffff80000 8 00fffffffffff800 fffffffff8000000 fffffffffffff800
fffffffffff80000 9 007ffffffffffc00 fffffffff0000000 fffffffffffffc00
fffffffffff80000 10 003ffffffffffe00 ffffffffe0000000 fffffffffffffe00
fffffffffff80000 11 001fffffffffff00 ffffffffc0000000 ffffffffffffff00
fffffffffff80000 12 000fffffffffff80 ffffffff80000000 ffffffffffffff80
fffffffffff80000 13 0007ffffffffffc0 ffffffff00000000 ffffffffffffffc0
fffffffffff80000 14 0003ffffffffffe0 fffffffe00000000 ffffffffffffffe0
fffffffffff80000 15 0001fffffffffff0 fffffffc00000000 fffffffffffffff0
fffffffffff80000 16 0000fffffffffff8 fffffff800000000 fffffffffffffff8
fffffffffff80000 17 00007ffffffffffc fffffff000000000 fffffffffffffffc
fffffffffff80000 18 00003ffffffffffe ffffffe000000000 fffffffffffffffe
fffffffffff80000 19 00001fffffffffff ffffffc000000000 ffffffffffffffff
fffffffffff80000 20 00000fffffffffff ffffff8000000000 ffffffffffffffff
fffffffffff80000 21 000007ffffffffff ffffff0000000000 ffffffffffffffff
fffffffffff80000 22 000003ffffffffff fffffe0000000000 ffffffffffffffff
fffffffffff80000 23 000001ffffffffff fffffc0000000000 ffffffffffffffff
fffffffffff80000 24 000000ffffffffff fffff80000000000 ffffffffffffffff
fffffffffff80000 25 0000007fffffffff fffff00000000000 ffffffffffffffff
fffffffffff80000 26 0000003fffffffff ffffe00000000000 ffffffffffffffff
fffffffffff80000 27 0000001fffffffff ffffc00000000000 ffffffffffffffff
fffffffffff80000 28 0000000fffffffff ffff800000000000 ffffffffffffffff
fffffffffff80000 29 00000007ffffffff ffff000000000000 ffffffffffffffff
fffffffffff80000 30 00000003ffffffff fffe000000000000 ffffffffffffffff
fffffffffff80000 31 00000001ffffffff fffc000000000000 ffffffffffffffff
fffffffffff80000 32 00000000ffffffff fff8000000000000 ffffffffffffffff
fffffffffff80000 33 000000007fffffff fff0000000000000 ffffffffffffffff
fffffffffff80000 34 000000003fffffff ffe0000000000000 ffffffffffffffff
fffffffffff80000 35 000000001fffffff ffc0000000000000 ffffffffffffffff
fffffffffff80000 36 000000000fffffff ff80000000000000 ffffffffffffffff
fffffffffff80000 37 0000000007ffffff ff00000000000000 ffffffffffffffff
fffffffffff80000 38 0000000003ffffff fe00000000000000 ffffffffffffffff
fffffffffff80000 39 0000000001ffffff fc00000000000000 ffffffffffffffff
fffffffffff80000 40 0000000000ffffff f800000000000000 ffffffffffffffff
fffffffffff80000 41 00000000007fffff f000000000000000 ffffffffffffffff
fffffffffff80000 42 00000000003fffff e000000000000000 ffffffffffffffff
fffffffffff80000 43 00000000001fffff c000000000000000 ffffffffffffffff
fffffffffff80000 44 00000000000fffff 8000000000000000 ffffffffffffffff
fffffffffff80000 45 000000000007ffff 0000000000000000 ffffffffffffffff
fffffffffff80000 46 000000000003ffff 0000000000000000 ffffffffffffffff
fffffffffff80000 47 000000000001ffff 0000000000000000 ffffffffffffffff
fffffffffff80000 48 000000000000ffff 0000000000000000 ffffffffffffffff
fffffffffff80000 49 0000000000007fff 0000000000000000 ffffffffffffffff
fffffffffff80000 50 0000000000003fff 0000000000000000 ffffffffffffffff
fffffffffff80000 51 0000000000001fff 0000000000000000 ffffffffffffffff
fffffffffff80000 52 0000000000000fff 0000000000000000 ffffffffffffffff
fffffffffff80000 53 00000000000007ff 0000000000000000 ffffffffffffffff
fffffffffff80000 54 00000000000003ff 0000000000000000 ffffffffffffffff
fffffffffff80000 55 00000000000001ff 0000000000000000 ffffffffffffffff
fffffffffff80000 56 00000000000000ff 0000000000000000 ffffffffffffffff
fffffffffff80000 57 000000000000007f 0000000000000000 ffffffffffffffff
fffffffffff80000 58 000000000000003f 0000000000000000 ffffffffffffffff
fffffffffff80000 59 000000000000001f 0000000000000000 ffffffffffffffff
fffffffffff80000 60 000000000000000f 0000000000000000 ffffffffffffffff
fffffffffff80000 61 0000000000000007 0000000000000000 ffffffffffffffff
fffffffffff80000 62 0000000000000003 0000000000000000 ffffffffffffffff
fffffffffff80000 63 0000000000000001 0000000000000000 ffffffffffffffff
fffffffffffc0000 0 fffffffffffc0000 fffffffffffc0000 fffffffffffc0000
fffffffffffc0000 1 7ffffffffffe0000 fffffffffff80000 fffffffffffe0000
fffffffffffc0000 2 3fffffffffff0000 fffffffffff00000 ffffffffffff0000
fffffffffffc0000 3 1fffffffffff8000 ffffffffffe00000 ffffffffffff8000
fffffffffffc0000 4 0fffffffffffc000 ffffffffffc00000 ffffffffffffc000
fffffffffffc0000 5 07ffffffffffe000 ffffffffff800000 ffffffffffffe000
fffffffffffc0000 6 03fffffffffff000 ffffffffff000000 fffffffffffff000
fffffffffffc0000 7 01fffffffffff800 fffffffffe000000 fffffffffffff800
fffffffffffc0000 8 00fffffffffffc00 fffffffffc000000 fffffffffffffc00
fffffffffffc0000 9 007ffffffffffe00 fffffffff8000000 fffffffffffffe00
fffffffffffc0000 10 003fffffffffff00 fffffffff0000000 ffffffffffffff00
fffffffffffc0000 11 001fffffffffff80 ffffffffe0000000 ffffffffffffff80
fffffffffffc0000 12 000fffffffffffc0 ffffffffc0000000 ffffffffffffffc0
fffffffffffc0000 13 0007ffffffffffe0 ffffffff80000000 ffffffffffffffe0
fffffffffffc0000 14 0003fffffffffff0 ffffffff00000000 fffffffffffffff0
fffffffffffc0000 15 0001fffffffffff8 fffffffe00000000 fffffffffffffff8
fffffffffffc0000 16 0000fffffffffffc fffffffc00000000 fffffffffffffffc
fffffffffffc0000 17 00007ffffffffffe fffffff800000000 fffffffffffffffe
fffffffffffc0000 18 00003fffffffffff fffffff000000000 ffffffffffffffff
fffffffffffc0000 19 00001fffffffffff ffffffe000000000 ffffffffffffffff
fffffffffffc0000 20 00000fffffffffff ffffffc000000000 ffffffffffffffff
fffffffffffc0000 21 000007ffffffffff ffffff8000000000 ffffffffffffffff
fffffffffffc0000 22 000003ffffffffff ffffff0000000000 ffffffffffffffff
fffffffffffc0000 23 000001ffffffffff fffffe0000000000 ffffffffffffffff
fffffffffffc0000 24 000000ffffffffff fffffc0000000000 ffffffffffffffff
fffffffffffc0000 25 0000007fffffffff fffff80000000000 ffffffffffffffff
fffffffffffc0000 26 0000003fffffffff fffff00000000000 ffffffffffffffff
fffffffffffc0000 27 0000001fffffffff ffffe00000000000 ffffffffffffffff
fffffffffffc0000 28 0000000fffffffff ffffc00000000000 ffffffffffffffff
fffffffffffc0000 29 00000007ffffffff ffff800000000000 ffffffffffffffff
fffffffffffc0000 30 00000003ffffffff ffff000000000000 ffffffffffffffff
fffffffffffc0000 31 00000001ffffffff fffe000000000000 ffffffffffffffff
fffffffffffc0000 32 00000000ffffffff fffc000000000000 ffffffffffffffff
fffffffffffc0000 33 000000007fffffff fff8000000000000 ffffffffffffffff
fffffffffffc0000 34 000000003fffffff fff0000000000000 ffffffffffffffff
fffffffffffc0000 35 000000001fffffff ffe0000000000000 ffffffffffffffff
fffffffffffc0000 36 000000000fffffff ffc0000000000000 ffffffffffffffff
fffffffffffc0000 37 0000000007ffffff ff80000000000000 ffffffffffffffff
fffffffffffc0000 38 0000000003ffffff ff00000000000000 ffffffffffffffff
fffffffffffc0000 39 0000000001ffffff fe00000000000000 ffffffffffffffff
fffffffffffc0000 40 0000000000ffffff fc00000000000000 ffffffffffffffff
fffffffffffc0000 41 00000000007fffff f800000000000000 ffffffffffffffff
fffffffffffc0000 42 00000000003fffff f000000000000000 ffffffffffffffff
fffffffffffc0000 43 00000000001fffff e000000000000000 ffffffffffffffff
fffffffffffc0000 44 00000000000fffff c000000000000000 ffffffffffffffff
fffffffffffc0000 45 000000000007ffff 8000000000000000 ffffffffffffffff
fffffffffffc0000 46 000000000003ffff 0000000000000000 ffffffffffffffff
fffffffffffc0000 47 000000000001ffff 0000000000000000 ffffffffffffffff
fffffffffffc0000 48 000000000000ffff 0000000000000000 ffffffffffffffff
fffffffffffc0000 49 0000000000007fff 0000000000000000 ffffffffffffffff
fffffffffffc0000 50 0000000000003fff 0000000000000000 ffffffffffffffff
fffffffffffc0000 51 0000000000001fff 0000000000000000 ffffffffffffffff
fffffffffffc0000 52 0000000000000fff 0000000000000000 ffffffffffffffff
fffffffffffc0000 53 00000000000007ff 0000000000000000 ffffffffffffffff
fffffffffffc0000 54 00000000000003ff 0000000000000000 ffffffffffffffff
fffffffffffc0000 55 00000000000001ff 0000000000000000 ffffffffffffffff
fffffffffffc0000 56 00000000000000ff 0000000000000000 ffffffffffffffff
fffffffffffc0000 57 000000000000007f 0000000000000000 ffffffffffffffff
fffffffffffc0000 58 000000000000003f 0000000000000000 ffffffffffffffff
fffffffffffc0000 59 000000000000001f 0000000000000000 ffffffffffffffff
fffffffffffc0000 60 000000000000000f 0000000000000000 ffffffffffffffff
fffffffffffc0000 61 0000000000000007 0000000000000000 ffffffffffffffff
fffffffffffc0000 62 0000000000000003 0000000000000000 ffffffffffffffff
fffffffffffc0000 63 0000000000000001 0000000000000000 ffffffffffffffff
fffffffffffe0000 0 fffffffffffe0000 fffffffffffe0000 fffffffffffe0000
fffffffffffe0000 1 7fffffffffff0000 fffffffffffc0000 ffffffffffff0000
fffffffffffe0000 2 3fffffffffff8000 fffffffffff80000 ffffffffffff8000
fffffffffffe0000 3 1fffffffffffc000 fffffffffff00000 ffffffffffffc000
fffffffffffe0000 4 0fffffffffffe000 ffffffffffe00000 ffffffffffffe000
fffffffffffe0000 5 07fffffffffff000 ffffffffffc00000 fffffffffffff000
fffffffffffe0000 6 03fffffffffff800 ffffffffff800000 fffffffffffff800
fffffffffffe0000 7 01fffffffffffc00 ffffffffff000000 fffffffffffffc00
fffffffffffe0000 8 00fffffffffffe00 fffffffffe000000 fffffffffffffe00
fffffffffffe0000 9 007fffffffffff00 fffffffffc000000 ffffffffffffff00
fffffffffffe0000 10 003fffffffffff80 fffffffff8000000 ffffffffffffff80
fffffffffffe0000 11 001fffffffffffc0 fffffffff0000000 ffffffffffffffc0
fffffffffffe0000 12 000fffffffffffe0 ffffffffe0000000 ffffffffffffffe0
fffffffffffe0000 13 0007fffffffffff0 ffffffffc0000000 fffffffffffffff0
fffffffffffe0000 14 0003fffffffffff8 ffffffff80000000 fffffffffffffff8
fffffffffffe0000 15 0001fffffffffffc ffffffff00000000 fffffffffffffffc
fffffffffffe0000 16 0000fffffffffffe fffffffe00000000 fffffffffffffffe
fffffffffffe0000 17 00007fffffffffff fffffffc00000000 ffffffffffffffff
fffffffffffe0000 18 00003fffffffffff fffffff800000000 ffffffffffffffff
fffffffffffe0000 19 00001fffffffffff fffffff000000000 ffffffffffffffff
fffffffffffe0000 20 00000fffffffffff ffffffe000000000 ffffffffffffffff
fffffffffffe0000 21 000007ffffffffff ffffffc000000000 ffffffffffffffff
fffffffffffe0000 22 000003ffffffffff ffffff8000000000 ffffffffffffffff
fffffffffffe0000 23 000001ffffffffff ffffff0000000000 ffffffffffffffff
fffffffffffe0000 24 000000ffffffffff fffffe0000000000 ffffffffffffffff
fffffffffffe0000 25 0000007fffffffff fffffc0000000000 ffffffffffffffff
fffffffffffe0000 26 0000003fffffffff fffff80000000000 ffffffffffffffff
fffffffffffe0000 27 0000001fffffffff fffff00000000000 ffffffffffffffff
fffffffffffe0000 28 0000000fffffffff ffffe00000000000 ffffffffffffffff
fffffffffffe0000 29 00000007ffffffff ffffc00000000000 ffffffffffffffff
fffffffffffe0000 30 00000003ffffffff ffff800000000000 ffffffffffffffff
fffffffffffe0000 31 00000001ffffffff ffff000000000000 ffffffffffffffff
fffffffffffe0000 32 00000000ffffffff fffe000000000000 ffffffffffffffff
fffffffffffe0000 33 000000007fffffff fffc000000000000 ffffffffffffffff
fffffffffffe0000 34 000000003fffffff fff8000000000000 ffffffffffffffff
fffffffffffe0000 35 000000001fffffff fff0000000000000 ffffffffffffffff
fffffffffffe0000 36 000000000fffffff ffe0000000000000 ffffffffffffffff
fffffffffffe0000 37 0000000007ffffff ffc0000000000000 ffffffffffffffff
fffffffffffe0000 38 0000000003ffffff ff80000000000000 ffffffffffffffff
fffffffffffe0000 39 0000000001ffffff ff00000000000000 ffffffffffffffff
fffffffffffe0000 40 0000000000ffffff fe00000000000000 ffffffffffffffff
fffffffffffe0000 41 00000000007fffff fc00000000000000 ffffffffffffffff
fffffffffffe0000 42 00000000003fffff f800000000000000 ffffffffffffffff
fffffffffffe0000 43 00000000001fffff f000000000000000 ffffffffffffffff
fffffffffffe0000 44 00000000000fffff e000000000000000 ffffffffffffffff
fffffffffffe0000 45 000000000007ffff c000000000000000 ffffffffffffffff
fffffffffffe0000 46 000000000003ffff 8000000000000000 ffffffffffffffff
fffffffffffe0000 47 000000000001ffff 0000000000000000 ffffffffffffffff
fffffffffffe0000 48 000000000000ffff 0000000000000000 ffffffffffffffff
fffffffffffe0000 49 0000000000007fff 0000000000000000 ffffffffffffffff
fffffffffffe0000 50 0000000000003fff 0000000000000000 ffffffffffffffff
fffffffffffe0000 51 0000000000001fff 0000000000000000 ffffffffffffffff
fffffffffffe0000 52 0000000000000fff 0000000000000000 ffffffffffffffff
fffffffffffe0000 53 00000000000007ff 0000000000000000 ffffffffffffffff
fffffffffffe0000 54 00000000000003ff 0000000000000000 ffffffffffffffff
fffffffffffe0000 55 00000000000001ff 0000000000000000 ffffffffffffffff
fffffffffffe0000 56 00000000000000ff 0000000000000000 ffffffffffffffff
fffffffffffe0000 57 000000000000007f 0000000000000000 ffffffffffffffff
fffffffffffe0000 58 000000000000003f 0000000000000000 ffffffffffffffff
fffffffffffe0000 59 000000000000001f 0000000000000000 ffffffffffffffff
fffffffffffe0000 60 000000000000000f 0000000000000000 ffffffffffffffff
fffffffffffe0000 61 0000000000000007 0000000000000000 ffffffffffffffff
fffffffffffe0000 62 0000000000000003 0000000000000000 ffffffffffffffff
fffffffffffe0000 63 0000000000000001 0000000000000000 ffffffffffffffff
ffffffffffff0000 0 ffffffffffff0000 ffffffffffff0000 ffffffffffff0000
ffffffffffff0000 1 7fffffffffff8000 fffffffffffe0000 ffffffffffff8000
ffffffffffff0000 2 3fffffffffffc000 fffffffffffc0000 ffffffffffffc000
ffffffffffff0000 3 1fffffffffffe000 fffffffffff80000 ffffffffffffe000
ffffffffffff0000 4 0ffffffffffff000 fffffffffff00000 fffffffffffff000
ffffffffffff0000 5 07fffffffffff800 ffffffffffe00000 fffffffffffff800
ffffffffffff0000 6 03fffffffffffc00 ffffffffffc00000 fffffffffffffc00
ffffffffffff0000 7 01fffffffffffe00 ffffffffff800000 fffffffffffffe00
ffffffffffff0000 8 00ffffffffffff00 ffffffffff000000 ffffffffffffff00
ffffffffffff0000 9 007fffffffffff80 fffffffffe000000 ffffffffffffff80
ffffffffffff0000 10 003fffffffffffc0 fffffffffc000000 ffffffffffffffc0
ffffffffffff0000 11 001fffffffffffe0 fffffffff8000000 ffffffffffffffe0
ffffffffffff0000 12 000ffffffffffff0 fffffffff0000000 fffffffffffffff0
ffffffffffff0000 13 0007fffffffffff8 ffffffffe0000000 fffffffffffffff8
ffffffffffff0000 14 0003fffffffffffc ffffffffc0000000 fffffffffffffffc
ffffffffffff0000 15 0001fffffffffffe ffffffff80000000 fffffffffffffffe
ffffffffffff0000 16 0000ffffffffffff ffffffff00000000 ffffffffffffffff
ffffffffffff0000 17 00007fffffffffff fffffffe00000000 ffffffffffffffff
ffffffffffff0000 18 00003fffffffffff fffffffc00000000 ffffffffffffffff
ffffffffffff0000 19 00001fffffffffff fffffff800000000 ffffffffffffffff
ffffffffffff0000 20 00000fffffffffff fffffff000000000 ffffffffffffffff
ffffffffffff0000 21 000007ffffffffff ffffffe000000000 ffffffffffffffff
ffffffffffff0000 22 000003ffffffffff ffffffc000000000 ffffffffffffffff
ffffffffffff0000 23 000001ffffffffff ffffff8000000000 ffffffffffffffff
ffffffffffff0000 24 000000ffffffffff ffffff0000000000 ffffffffffffffff
ffffffffffff0000 25 0000007fffffffff fffffe0000000000 ffffffffffffffff
ffffffffffff0000 26 0000003fffffffff fffffc0000000000 ffffffffffffffff
ffffffffffff0000 27 0000001fffffffff fffff80000000000 ffffffffffffffff
ffffffffffff0000 28 0000000fffffffff fffff00000000000 ffffffffffffffff
ffffffffffff0000 29 00000007ffffffff ffffe00000000000 ffffffffffffffff
ffffffffffff0000 30 00000003ffffffff ffffc00000000000 ffffffffffffffff
ffffffffffff0000 31 00000001ffffffff ffff800000000000 ffffffffffffffff
ffffffffffff0000 32 00000000ffffffff ffff000000000000 ffffffffffffffff
ffffffffffff0000 33 000000007fffffff fffe000000000000 ffffffffffffffff
ffffffffffff0000 34 000000003fffffff fffc000000000000 ffffffffffffffff
ffffffffffff0000 35 000000001fffffff fff8000000000000 ffffffffffffffff
ffffffffffff0000 36 000000000fffffff fff0000000000000 ffffffffffffffff
ffffffffffff0000 37 0000000007ffffff ffe0000000000000 ffffffffffffffff
ffffffffffff0000 38 0000000003ffffff ffc0000000000000 ffffffffffffffff
ffffffffffff0000 39 0000000001ffffff ff80000000000000 ffffffffffffffff
ffffffffffff0000 40 0000000000ffffff ff00000000000000 ffffffffffffffff
ffffffffffff0000 41 00000000007fffff fe00000000000000 ffffffffffffffff
ffffffffffff0000 42 00000000003fffff fc00000000000000 ffffffffffffffff
ffffffffffff0000 43 00000000001fffff f800000000000000 ffffffffffffffff
ffffffffffff0000 44 00000000000fffff f000000000000000 ffffffffffffffff
ffffffffffff0000 45 000000000007ffff e000000000000000 ffffffffffffffff
ffffffffffff0000 46 000000000003ffff c000000000000000 ffffffffffffffff
ffffffffffff0000 47 000000000001ffff 8000000000000000 ffffffffffffffff
ffffffffffff0000 48 000000000000ffff 0000000000000000 ffffffffffffffff
ffffffffffff0000 49 0000000000007fff 0000000000000000 ffffffffffffffff
ffffffffffff0000 50 0000000000003fff 0000000000000000 ffffffffffffffff
ffffffffffff0000 51 0000000000001fff 0000000000000000 ffffffffffffffff
ffffffffffff0000 52 0000000000000fff 0000000000000000 ffffffffffffffff
ffffffffffff0000 53 00000000000007ff 0000000000000000 ffffffffffffffff
ffffffffffff0000 54 00000000000003ff 0000000000000000 ffffffffffffffff
ffffffffffff0000 55 00000000000001ff 0000000000000000 ffffffffffffffff
ffffffffffff0000 56 00000000000000ff 0000000000000000 ffffffffffffffff
ffffffffffff0000 57 000000000000007f 0000000000000000 ffffffffffffffff
ffffffffffff0000 58 000000000000003f 0000000000000000 ffffffffffffffff
ffffffffffff0000 59 000000000000001f 0000000000000000 ffffffffffffffff
ffffffffffff0000 60 000000000000000f 0000000000000000 ffffffffffffffff
ffffffffffff0000 61 0000000000000007 0000000000000000 ffffffffffffffff
ffffffffffff0000 62 0000000000000003 0000000000000000 ffffffffffffffff
ffffffffffff0000 63 0000000000000001 0000000000000000 ffffffffffffffff
ffffffffffff8000 0 ffffffffffff8000 ffffffffffff8000 ffffffffffff8000
ffffffffffff8000 1 7fffffffffffc000 ffffffffffff0000 ffffffffffffc000
ffffffffffff8000 2 3fffffffffffe000 fffffffffffe0000 ffffffffffffe000
ffffffffffff8000 3 1ffffffffffff000 fffffffffffc0000 fffffffffffff000
ffffffffffff8000 4 0ffffffffffff800 fffffffffff80000 fffffffffffff800
ffffffffffff8000 5 07fffffffffffc00 fffffffffff00000 fffffffffffffc00
ffffffffffff8000 6 03fffffffffffe00 ffffffffffe00000 fffffffffffffe00
ffffffffffff8000 7 01ffffffffffff00 ffffffffffc00000 ffffffffffffff00
ffffffffffff8000 8 00ffffffffffff80 ffffffffff800000 ffffffffffffff80
ffffffffffff8000 9 007fffffffffffc0 ffffffffff000000 ffffffffffffffc0
ffffffffffff8000 10 003fffffffffffe0 fffffffffe000000 ffffffffffffffe0
ffffffffffff8000 11 001ffffffffffff0 fffffffffc000000 fffffffffffffff0
ffffffffffff8000 12 000ffffffffffff8 fffffffff8000000 fffffffffffffff8
ffffffffffff8000 13 0007fffffffffffc fffffffff0000000 fffffffffffffffc
ffffffffffff8000 14 0003fffffffffffe ffffffffe0000000 fffffffffffffffe
ffffffffffff8000 15 0001ffffffffffff ffffffffc0000000 ffffffffffffffff
ffffffffffff8000 16 0000ffffffffffff ffffffff80000000 ffffffffffffffff
ffffffffffff8000 17 00007fffffffffff ffffffff00000000 ffffffffffffffff
ffffffffffff8000 18 00003fffffffffff fffffffe00000000 ffffffffffffffff
ffffffffffff8000 19 00001fffffffffff fffffffc00000000 ffffffffffffffff
ffffffffffff8000 20 00000fffffffffff fffffff800000000 ffffffffffffffff
ffffffffffff8000 21 000007ffffffffff fffffff000000000 ffffffffffffffff
ffffffffffff8000 22 000003ffffffffff ffffffe000000000 ffffffffffffffff
ffffffffffff8000 23 000001ffffffffff ffffffc000000000 ffffffffffffffff
ffffffffffff8000 24 000000ffffffffff ffffff8000000000 ffffffffffffffff
ffffffffffff8000 25 0000007fffffffff ffffff0000000000 ffffffffffffffff
ffffffffffff8000 26 0000003fffffffff fffffe0000000000 ffffffffffffffff
ffffffffffff8000 27 0000001fffffffff fffffc0000000000 ffffffffffffffff
ffffffffffff8000 28 0000000fffffffff fffff80000000000 ffffffffffffffff
ffffffffffff8000 29 00000007ffffffff fffff00000000000 ffffffffffffffff
ffffffffffff8000 30 00000003ffffffff ffffe00000000000 ffffffffffffffff
ffffffffffff8000 31 00000001ffffffff ffffc00000000000 ffffffffffffffff
ffffffffffff8000 32 00000000ffffffff ffff800000000000 ffffffffffffffff
ffffffffffff8000 33 000000007fffffff ffff000000000000 ffffffffffffffff
ffffffffffff8000 34 000000003fffffff fffe000000000000 ffffffffffffffff
ffffffffffff8000 35 000000001fffffff fffc000000000000 ffffffffffffffff
ffffffffffff8000 36 000000000fffffff fff8000000000000 ffffffffffffffff
ffffffffffff8000 37 0000000007ffffff fff0000000000000 ffffffffffffffff
ffffffffffff8000 38 0000000003ffffff ffe0000000000000 ffffffffffffffff
ffffffffffff8000 39 0000000001ffffff ffc0000000000000 ffffffffffffffff
ffffffffffff8000 40 0000000000ffffff ff80000000000000 ffffffffffffffff
ffffffffffff8000 41 00000000007fffff ff00000000000000 ffffffffffffffff
ffffffffffff8000 42 00000000003fffff fe00000000000000 ffffffffffffffff
ffffffffffff8000 43 00000000001fffff fc00000000000000 ffffffffffffffff
ffffffffffff8000 44 00000000000fffff f800000000000000 ffffffffffffffff
ffffffffffff8000 45 000000000007ffff f000000000000000 ffffffffffffffff
ffffffffffff8000 46 000000000003ffff e000000000000000 ffffffffffffffff
ffffffffffff8000 47 000000000001ffff c000000000000000 ffffffffffffffff
ffffffffffff8000 48 000000000000ffff 8000000000000000 ffffffffffffffff
ffffffffffff8000 49 0000000000007fff 0000000000000000 ffffffffffffffff
ffffffffffff8000 50 0000000000003fff 0000000000000000 ffffffffffffffff
ffffffffffff8000 51 0000000000001fff 0000000000000000 ffffffffffffffff
ffffffffffff8000 52 0000000000000fff 0000000000000000 ffffffffffffffff
ffffffffffff8000 53 00000000000007ff 0000000000000000 ffffffffffffffff
ffffffffffff8000 54 00000000000003ff 0000000000000000 ffffffffffffffff
ffffffffffff8000 55 00000000000001ff 0000000000000000 ffffffffffffffff
ffffffffffff8000 56 00000000000000ff 0000000000000000 ffffffffffffffff
ffffffffffff8000 57 000000000000007f 0000000000000000 ffffffffffffffff
ffffffffffff8000 58 000000000000003f 0000000000000000 ffffffffffffffff
ffffffffffff8000 59 000000000000001f 0000000000000000 ffffffffffffffff
ffffffffffff8000 60 000000000000000f 0000000000000000 ffffffffffffffff
ffffffffffff8000 61 0000000000000007 0000000000000000 ffffffffffffffff
ffffffffffff8000 62 0000000000000003 0000000000000000 ffffffffffffffff
ffffffffffff8000 63 0000000000000001 0000000000000000 ffffffffffffffff
ffffffffffffc000 0 ffffffffffffc000 ffffffffffffc000 ffffffffffffc000
ffffffffffffc000 1 7fffffffffffe000 ffffffffffff8000 ffffffffffffe000
ffffffffffffc000 2 3ffffffffffff000 ffffffffffff0000 fffffffffffff000
ffffffffffffc000 3 1ffffffffffff800 fffffffffffe0000 fffffffffffff800
ffffffffffffc000 4 0ffffffffffffc00 fffffffffffc0000 fffffffffffffc00
ffffffffffffc000 5 07fffffffffffe00 fffffffffff80000 fffffffffffffe00
ffffffffffffc000 6 03ffffffffffff00 fffffffffff00000 ffffffffffffff00
ffffffffffffc000 7 01ffffffffffff80 ffffffffffe00000 ffffffffffffff80
ffffffffffffc000 8 00ffffffffffffc0 ffffffffffc00000 ffffffffffffffc0
ffffffffffffc000 9 007fffffffffffe0 ffffffffff800000 ffffffffffffffe0
ffffffffffffc000 10 003ffffffffffff0 ffffffffff000000 fffffffffffffff0
ffffffffffffc000 11 001ffffffffffff8 fffffffffe000000 fffffffffffffff8
ffffffffffffc000 12 000ffffffffffffc fffffffffc000000 fffffffffffffffc
ffffffffffffc000 13 0007fffffffffffe fffffffff8000000 fffffffffffffffe
ffffffffffffc000 14 0003ffffffffffff fffffffff0000000 ffffffffffffffff
ffffffffffffc000 15 0001ffffffffffff ffffffffe0000000 ffffffffffffffff
ffffffffffffc000 16 0000ffffffffffff ffffffffc0000000 ffffffffffffffff
ffffffffffffc000 17 00007fffffffffff ffffffff80000000 ffffffffffffffff
ffffffffffffc000 18 00003fffffffffff ffffffff00000000 ffffffffffffffff
ffffffffffffc000 19 00001fffffffffff fffffffe00000000 ffffffffffffffff
ffffffffffffc000 20 00000fffffffffff fffffffc00000000 ffffffffffffffff
ffffffffffffc000 21 000007ffffffffff fffffff800000000 ffffffffffffffff
ffffffffffffc000 22 000003ffffffffff fffffff000000000 ffffffffffffffff
ffffffffffffc000 23 000001ffffffffff ffffffe000000000 ffffffffffffffff
ffffffffffffc000 24 000000ffffffffff ffffffc000000000 ffffffffffffffff
ffffffffffffc000 25 0000007fffffffff ffffff8000000000 ffffffffffffffff
ffffffffffffc000 26 0000003fffffffff ffffff0000000000 ffffffffffffffff
ffffffffffffc000 27 0000001fffffffff fffffe0000000000 ffffffffffffffff
ffffffffffffc000 28 0000000fffffffff fffffc0000000000 ffffffffffffffff
ffffffffffffc000 29 00000007ffffffff fffff80000000000 ffffffffffffffff
ffffffffffffc000 30 00000003ffffffff fffff00000000000 ffffffffffffffff
ffffffffffffc000 31 00000001ffffffff ffffe00000000000 ffffffffffffffff
ffffffffffffc000 32 00000000ffffffff ffffc00000000000 ffffffffffffffff
ffffffffffffc000 33 000000007fffffff ffff800000000000 ffffffffffffffff
ffffffffffffc000 34 000000003fffffff ffff000000000000 ffffffffffffffff
ffffffffffffc000 35 000000001fffffff fffe000000000000 ffffffffffffffff
ffffffffffffc000 36 000000000fffffff fffc000000000000 ffffffffffffffff
ffffffffffffc000 37 0000000007ffffff fff8000000000000 ffffffffffffffff
ffffffffffffc000 38 0000000003ffffff fff0000000000000 ffffffffffffffff
ffffffffffffc000 39 0000000001ffffff ffe0000000000000 ffffffffffffffff
ffffffffffffc000 40 0000000000ffffff ffc0000000000000 ffffffffffffffff
ffffffffffffc000 41 00000000007fffff ff80000000000000 ffffffffffffffff
ffffffffffffc000 42 00000000003fffff ff00000000000000 ffffffffffffffff
ffffffffffffc000 43 00000000001fffff fe00000000000000 ffffffffffffffff
ffffffffffffc000 44 00000000000fffff fc00000000000000 ffffffffffffffff
ffffffffffffc000 45 000000000007ffff f800000000000000 ffffffffffffffff
ffffffffffffc000 46 000000000003ffff f000000000000000 ffffffffffffffff
ffffffffffffc000 47 000000000001ffff e000000000000000 ffffffffffffffff
ffffffffffffc000 48 000000000000ffff c000000000000000 ffffffffffffffff
ffffffffffffc000 49 0000000000007fff 8000000000000000 ffffffffffffffff
ffffffffffffc000 50 0000000000003fff 0000000000000000 ffffffffffffffff
ffffffffffffc000 51 0000000000001fff 0000000000000000 ffffffffffffffff
ffffffffffffc000 52 0000000000000fff 0000000000000000 ffffffffffffffff
ffffffffffffc000 53 00000000000007ff 0000000000000000 ffffffffffffffff
ffffffffffffc000 54 00000000000003ff 0000000000000000 ffffffffffffffff
ffffffffffffc000 55 00000000000001ff 0000000000000000 ffffffffffffffff
ffffffffffffc000 56 00000000000000ff 0000000000000000 ffffffffffffffff
ffffffffffffc000 57 000000000000007f 0000000000000000 ffffffffffffffff
ffffffffffffc000 58 000000000000003f 0000000000000000 ffffffffffffffff
ffffffffffffc000 59 000000000000001f 0000000000000000 ffffffffffffffff
ffffffffffffc000 60 000000000000000f 0000000000000000 ffffffffffffffff
ffffffffffffc000 61 0000000000000007 0000000000000000 ffffffffffffffff
ffffffffffffc000 62 0000000000000003 0000000000000000 ffffffffffffffff
ffffffffffffc000 63 0000000000000001 0000000000000000 ffffffffffffffff
ffffffffffffe000 0 ffffffffffffe000 ffffffffffffe000 ffffffffffffe000
ffffffffffffe000 1 7ffffffffffff000 ffffffffffffc000 fffffffffffff000
ffffffffffffe000 2 3ffffffffffff800 ffffffffffff8000 fffffffffffff800
ffffffffffffe000 3 1ffffffffffffc00 ffffffffffff0000 fffffffffffffc00
ffffffffffffe000 4 0ffffffffffffe00 fffffffffffe0000 fffffffffffffe00
ffffffffffffe000 5 07ffffffffffff00 fffffffffffc0000 ffffffffffffff00
ffffffffffffe000 6 03ffffffffffff80 fffffffffff80000 ffffffffffffff80
ffffffffffffe000 7 01ffffffffffffc0 fffffffffff00000 ffffffffffffffc0
ffffffffffffe000 8 00ffffffffffffe0 ffffffffffe00000 ffffffffffffffe0
ffffffffffffe000 9 007ffffffffffff0 ffffffffffc00000 fffffffffffffff0
ffffffffffffe000 10 003ffffffffffff8 ffffffffff800000 fffffffffffffff8
ffffffffffffe000 11 001ffffffffffffc ffffffffff000000 fffffffffffffffc
ffffffffffffe000 12 000ffffffffffffe fffffffffe000000 fffffffffffffffe
ffffffffffffe000 13 0007ffffffffffff fffffffffc000000 ffffffffffffffff
ffffffffffffe000 14 0003ffffffffffff fffffffff8000000 ffffffffffffffff
ffffffffffffe000 15 0001ffffffffffff fffffffff0000000 ffffffffffffffff
ffffffffffffe000 16 0000ffffffffffff ffffffffe0000000 ffffffffffffffff
ffffffffffffe000 17 00007fffffffffff ffffffffc0000000 ffffffffffffffff
ffffffffffffe000 18 00003fffffffffff ffffffff80000000 ffffffffffffffff
ffffffffffffe000 19 00001fffffffffff ffffffff00000000 ffffffffffffffff
ffffffffffffe000 20 00000fffffffffff fffffffe00000000 ffffffffffffffff
ffffffffffffe000 21 000007ffffffffff fffffffc00000000 ffffffffffffffff
ffffffffffffe000 22 000003ffffffffff fffffff800000000 ffffffffffffffff
ffffffffffffe000 23 000001ffffffffff fffffff000000000 ffffffffffffffff
ffffffffffffe000 24 000000ffffffffff ffffffe000000000 ffffffffffffffff
ffffffffffffe000 25 0000007fffffffff ffffffc000000000 ffffffffffffffff
ffffffffffffe000 26 0000003fffffffff ffffff8000000000 ffffffffffffffff
ffffffffffffe000 27 0000001fffffffff ffffff0000000000 ffffffffffffffff
ffffffffffffe000 28 0000000fffffffff fffffe0000000000 ffffffffffffffff
ffffffffffffe000 29 00000007ffffffff fffffc0000000000 ffffffffffffffff
ffffffffffffe000 30 00000003ffffffff fffff80000000000 ffffffffffffffff
ffffffffffffe000 31 00000001ffffffff fffff00000000000 ffffffffffffffff
ffffffffffffe000 32 00000000ffffffff ffffe00000000000 ffffffffffffffff
ffffffffffffe000 33 000000007fffffff ffffc00000000000 ffffffffffffffff
ffffffffffffe000 34 000000003fffffff ffff800000000000 ffffffffffffffff
ffffffffffffe000 35 000000001fffffff ffff000000000000 ffffffffffffffff
ffffffffffffe000 36 000000000fffffff fffe000000000000 ffffffffffffffff
ffffffffffffe000 37 0000000007ffffff fffc000000000000 ffffffffffffffff
ffffffffffffe000 38 0000000003ffffff fff8000000000000 ffffffffffffffff
ffffffffffffe000 39 0000000001ffffff fff0000000000000 ffffffffffffffff
ffffffffffffe000 40 0000000000ffffff ffe0000000000000 ffffffffffffffff
ffffffffffffe000 41 00000000007fffff ffc0000000000000 ffffffffffffffff
ffffffffffffe000 42 00000000003fffff ff80000000000000 ffffffffffffffff
ffffffffffffe000 43 00000000001fffff ff00000000000000 ffffffffffffffff
ffffffffffffe000 44 00000000000fffff fe00000000000000 ffffffffffffffff
ffffffffffffe000 45 000000000007ffff fc00000000000000 ffffffffffffffff
ffffffffffffe000 46 000000000003ffff f800000000000000 ffffffffffffffff
ffffffffffffe000 47 000000000001ffff f000000000000000 ffffffffffffffff
ffffffffffffe000 48 000000000000ffff e000000000000000 ffffffffffffffff
ffffffffffffe000 49 0000000000007fff c000000000000000 ffffffffffffffff
ffffffffffffe000 50 0000000000003fff 8000000000000000 ffffffffffffffff
ffffffffffffe000 51 0000000000001fff 0000000000000000 ffffffffffffffff
ffffffffffffe000 52 0000000000000fff 0000000000000000 ffffffffffffffff
ffffffffffffe000 53 00000000000007ff 0000000000000000 ffffffffffffffff
ffffffffffffe000 54 00000000000003ff 0000000000000000 ffffffffffffffff
ffffffffffffe000 55 00000000000001ff 0000000000000000 ffffffffffffffff
ffffffffffffe000 56 00000000000000ff 0000000000000000 ffffffffffffffff
ffffffffffffe000 57 000000000000007f 0000000000000000 ffffffffffffffff
ffffffffffffe000 58 000000000000003f 0000000000000000 ffffffffffffffff
ffffffffffffe000 59 000000000000001f 0000000000000000 ffffffffffffffff
ffffffffffffe000 60 000000000000000f 0000000000000000 ffffffffffffffff
ffffffffffffe000 61 0000000000000007 0000000000000000 ffffffffffffffff
ffffffffffffe000 62 0000000000000003 0000000000000000 ffffffffffffffff
ffffffffffffe000 63 0000000000000001 0000000000000000 ffffffffffffffff
fffffffffffff000 0 fffffffffffff000 fffffffffffff000 fffffffffffff000
fffffffffffff000 1 7ffffffffffff800 ffffffffffffe000 fffffffffffff800
fffffffffffff000 2 3ffffffffffffc00 ffffffffffffc000 fffffffffffffc00
fffffffffffff000 3 1ffffffffffffe00 ffffffffffff8000 fffffffffffffe00
fffffffffffff000 4 0fffffffffffff00 ffffffffffff0000 ffffffffffffff00
fffffffffffff000 5 07ffffffffffff80 fffffffffffe0000 ffffffffffffff80
fffffffffffff000 6 03ffffffffffffc0 fffffffffffc0000 ffffffffffffffc0
fffffffffffff000 7 01ffffffffffffe0 fffffffffff80000 ffffffffffffffe0
fffffffffffff000 8 00fffffffffffff0 fffffffffff00000 fffffffffffffff0
fffffffffffff000 9 007ffffffffffff8 ffffffffffe00000 fffffffffffffff8
fffffffffffff000 10 003ffffffffffffc ffffffffffc00000 fffffffffffffffc
fffffffffffff000 11 001ffffffffffffe ffffffffff800000 fffffffffffffffe
fffffffffffff000 12 000fffffffffffff ffffffffff000000 ffffffffffffffff
fffffffffffff000 13 0007ffffffffffff fffffffffe000000 ffffffffffffffff
fffffffffffff000 14 0003ffffffffffff fffffffffc000000 ffffffffffffffff
fffffffffffff000 15 0001ffffffffffff fffffffff8000000 ffffffffffffffff
fffffffffffff000 16 0000ffffffffffff fffffffff0000000 ffffffffffffffff
fffffffffffff000 17 00007fffffffffff ffffffffe0000000 ffffffffffffffff
fffffffffffff000 18 00003fffffffffff ffffffffc0000000 ffffffffffffffff
fffffffffffff000 19 00001fffffffffff ffffffff80000000 ffffffffffffffff
fffffffffffff000 20 00000fffffffffff ffffffff00000000 ffffffffffffffff
fffffffffffff000 21 000007ffffffffff fffffffe00000000 ffffffffffffffff
fffffffffffff000 22 000003ffffffffff fffffffc00000000 ffffffffffffffff
fffffffffffff000 23 000001ffffffffff fffffff800000000 ffffffffffffffff
fffffffffffff000 24 000000ffffffffff fffffff000000000 ffffffffffffffff
fffffffffffff000 25 0000007fffffffff ffffffe000000000 ffffffffffffffff
fffffffffffff000 26 0000003fffffffff ffffffc000000000 ffffffffffffffff
fffffffffffff000 27 0000001fffffffff ffffff8000000000 ffffffffffffffff
fffffffffffff000 28 0000000fffffffff ffffff0000000000 ffffffffffffffff
fffffffffffff000 29 00000007ffffffff fffffe0000000000 ffffffffffffffff
fffffffffffff000 30 00000003ffffffff fffffc0000000000 ffffffffffffffff
fffffffffffff000 31 00000001ffffffff fffff80000000000 ffffffffffffffff
fffffffffffff000 32 00000000ffffffff fffff00000000000 ffffffffffffffff
fffffffffffff000 33 000000007fffffff ffffe00000000000 ffffffffffffffff
fffffffffffff000 34 000000003fffffff ffffc00000000000 ffffffffffffffff
fffffffffffff000 35 000000001fffffff ffff800000000000 ffffffffffffffff
fffffffffffff000 36 000000000fffffff ffff000000000000 ffffffffffffffff
fffffffffffff000 37 0000000007ffffff fffe000000000000 ffffffffffffffff
fffffffffffff000 38 0000000003ffffff fffc000000000000 ffffffffffffffff
fffffffffffff000 39 0000000001ffffff fff8000000000000 ffffffffffffffff
fffffffffffff000 40 0000000000ffffff fff0000000000000 ffffffffffffffff
fffffffffffff000 41 00000000007fffff ffe0000000000000 ffffffffffffffff
fffffffffffff000 42 00000000003fffff ffc0000000000000 ffffffffffffffff
fffffffffffff000 43 00000000001fffff ff80000000000000 ffffffffffffffff
fffffffffffff000 44 00000000000fffff ff00000000000000 ffffffffffffffff
fffffffffffff000 45 000000000007ffff fe00000000000000 ffffffffffffffff
fffffffffffff000 46 000000000003ffff fc00000000000000 ffffffffffffffff
fffffffffffff000 47 000000000001ffff f800000000000000 ffffffffffffffff
fffffffffffff000 48 000000000000ffff f000000000000000 ffffffffffffffff
fffffffffffff000 49 0000000000007fff e000000000000000 ffffffffffffffff
fffffffffffff000 50 0000000000003fff c000000000000000 ffffffffffffffff
fffffffffffff000 51 0000000000001fff 8000000000000000 ffffffffffffffff
fffffffffffff000 52 0000000000000fff 0000000000000000 ffffffffffffffff
fffffffffffff000 53 00000000000007ff 0000000000000000 ffffffffffffffff
fffffffffffff000 54 00000000000003ff 0000000000000000 ffffffffffffffff
fffffffffffff000 55 00000000000001ff 0000000000000000 ffffffffffffffff
fffffffffffff000 56 00000000000000ff 0000000000000000 ffffffffffffffff
fffffffffffff000 57 000000000000007f 0000000000000000 ffffffffffffffff
fffffffffffff000 58 000000000000003f 0000000000000000 ffffffffffffffff
fffffffffffff000 59 000000000000001f 0000000000000000 ffffffffffffffff
fffffffffffff000 60 000000000000000f 0000000000000000 ffffffffffffffff
fffffffffffff000 61 0000000000000007 0000000000000000 ffffffffffffffff
fffffffffffff000 62 0000000000000003 0000000000000000 ffffffffffffffff
fffffffffffff000 63 0000000000000001 0000000000000000 ffffffffffffffff
fffffffffffff800 0 fffffffffffff800 fffffffffffff800 fffffffffffff800
fffffffffffff800 1 7ffffffffffffc00 fffffffffffff000 fffffffffffffc00
fffffffffffff800 2 3ffffffffffffe00 ffffffffffffe000 fffffffffffffe00
fffffffffffff800 3 1fffffffffffff00 ffffffffffffc000 ffffffffffffff00
fffffffffffff800 4 0fffffffffffff80 ffffffffffff8000 ffffffffffffff80
fffffffffffff800 5 07ffffffffffffc0 ffffffffffff0000 ffffffffffffffc0
fffffffffffff800 6 03ffffffffffffe0 fffffffffffe0000 ffffffffffffffe0
fffffffffffff800 7 01fffffffffffff0 fffffffffffc0000 fffffffffffffff0
fffffffffffff800 8 00fffffffffffff8 fffffffffff80000 fffffffffffffff8
fffffffffffff800 9 007ffffffffffffc fffffffffff00000 fffffffffffffffc
fffffffffffff800 10 003ffffffffffffe ffffffffffe00000 fffffffffffffffe
fffffffffffff800 11 001fffffffffffff ffffffffffc00000 ffffffffffffffff
fffffffffffff800 12 000fffffffffffff ffffffffff800000 ffffffffffffffff
fffffffffffff800 13 0007ffffffffffff ffffffffff000000 ffffffffffffffff
fffffffffffff800 14 0003ffffffffffff fffffffffe000000 ffffffffffffffff
fffffffffffff800 15 0001ffffffffffff fffffffffc000000 ffffffffffffffff
fffffffffffff800 16 0000ffffffffffff fffffffff8000000 ffffffffffffffff
fffffffffffff800 17 00007fffffffffff fffffffff0000000 ffffffffffffffff
fffffffffffff800 18 00003fffffffffff ffffffffe0000000 ffffffffffffffff
fffffffffffff800 19 00001fffffffffff ffffffffc0000000 ffffffffffffffff
fffffffffffff800 20 00000fffffffffff ffffffff80000000 ffffffffffffffff
fffffffffffff800 21 000007ffffffffff ffffffff00000000 ffffffffffffffff
fffffffffffff800 22 000003ffffffffff fffffffe00000000 ffffffffffffffff
fffffffffffff800 23 000001ffffffffff fffffffc00000000 ffffffffffffffff
fffffffffffff800 24 000000ffffffffff fffffff800000000 ffffffffffffffff
fffffffffffff800 25 0000007fffffffff fffffff000000000 ffffffffffffffff
fffffffffffff800 26 0000003fffffffff ffffffe000000000 ffffffffffffffff
fffffffffffff800 27 0000001fffffffff ffffffc000000000 ffffffffffffffff
fffffffffffff800 28 0000000fffffffff ffffff8000000000 ffffffffffffffff
fffffffffffff800 29 00000007ffffffff ffffff0000000000 ffffffffffffffff
fffffffffffff800 30 00000003ffffffff fffffe0000000000 ffffffffffffffff
fffffffffffff800 31 00000001ffffffff fffffc0000000000 ffffffffffffffff
fffffffffffff800 32 00000000ffffffff fffff80000000000 ffffffffffffffff
fffffffffffff800 33 000000007fffffff fffff00000000000 ffffffffffffffff
fffffffffffff800 34 000000003fffffff ffffe00000000000 ffffffffffffffff
fffffffffffff800 35 000000001fffffff ffffc00000000000 ffffffffffffffff
fffffffffffff800 36 000000000fffffff ffff800000000000 ffffffffffffffff
fffffffffffff800 37 0000000007ffffff ffff000000000000 ffffffffffffffff
fffffffffffff800 38 0000000003ffffff fffe000000000000 ffffffffffffffff
fffffffffffff800 39 0000000001ffffff fffc000000000000 ffffffffffffffff
fffffffffffff800 40 0000000000ffffff fff8000000000000 ffffffffffffffff
fffffffffffff800 41 00000000007fffff fff0000000000000 ffffffffffffffff
fffffffffffff800 42 00000000003fffff ffe0000000000000 ffffffffffffffff
fffffffffffff800 43 00000000001fffff ffc0000000000000 ffffffffffffffff
fffffffffffff800 44 00000000000fffff ff80000000000000 ffffffffffffffff
fffffffffffff800 45 000000000007ffff ff00000000000000 ffffffffffffffff
fffffffffffff800 46 000000000003ffff fe00000000000000 ffffffffffffffff
fffffffffffff800 47 000000000001ffff fc00000000000000 ffffffffffffffff
fffffffffffff800 48 000000000000ffff f800000000000000 ffffffffffffffff
fffffffffffff800 49 0000000000007fff f000000000000000 ffffffffffffffff
fffffffffffff800 50 0000000000003fff e000000000000000 ffffffffffffffff
fffffffffffff800 51 0000000000001fff c000000000000000 ffffffffffffffff
fffffffffffff800 52 0000000000000fff 8000000000000000 ffffffffffffffff
fffffffffffff800 53 00000000000007ff 0000000000000000 ffffffffffffffff
fffffffffffff800 54 00000000000003ff 0000000000000000 ffffffffffffffff
fffffffffffff800 55 00000000000001ff 0000000000000000 ffffffffffffffff
fffffffffffff800 56 00000000000000ff 0000000000000000 ffffffffffffffff
fffffffffffff800 57 000000000000007f 0000000000000000 ffffffffffffffff
fffffffffffff800 58 000000000000003f 0000000000000000 ffffffffffffffff
fffffffffffff800 59 000000000000001f 0000000000000000 ffffffffffffffff
fffffffffffff800 60 000000000000000f 0000000000000000 ffffffffffffffff
fffffffffffff800 61 0000000000000007 0000000000000000 ffffffffffffffff
fffffffffffff800 62 0000000000000003 0000000000000000 ffffffffffffffff
fffffffffffff800 63 0000000000000001 0000000000000000 ffffffffffffffff
fffffffffffffc00 0 fffffffffffffc00 fffffffffffffc00 fffffffffffffc00
fffffffffffffc00 1 7ffffffffffffe00 fffffffffffff800 fffffffffffffe00
fffffffffffffc00 2 3fffffffffffff00 fffffffffffff000 ffffffffffffff00
fffffffffffffc00 3 1fffffffffffff80 ffffffffffffe000 ffffffffffffff80
fffffffffffffc00 4 0fffffffffffffc0 ffffffffffffc000 ffffffffffffffc0
fffffffffffffc00 5 07ffffffffffffe0 ffffffffffff8000 ffffffffffffffe0
fffffffffffffc00 6 03fffffffffffff0 ffffffffffff0000 fffffffffffffff0
fffffffffffffc00 7 01fffffffffffff8 fffffffffffe0000 fffffffffffffff8
fffffffffffffc00 8 00fffffffffffffc fffffffffffc0000 fffffffffffffffc
fffffffffffffc00 9 007ffffffffffffe fffffffffff80000 fffffffffffffffe
fffffffffffffc00 10 003fffffffffffff fffffffffff00000 ffffffffffffffff
fffffffffffffc00 11 001fffffffffffff ffffffffffe00000 ffffffffffffffff
fffffffffffffc00 12 000fffffffffffff ffffffffffc00000 ffffffffffffffff
fffffffffffffc00 13 0007ffffffffffff ffffffffff800000 ffffffffffffffff
fffffffffffffc00 14 0003ffffffffffff ffffffffff000000 ffffffffffffffff
fffffffffffffc00 15 0001ffffffffffff fffffffffe000000 ffffffffffffffff
fffffffffffffc00 16 0000ffffffffffff fffffffffc000000 ffffffffffffffff
fffffffffffffc00 17 00007fffffffffff fffffffff8000000 ffffffffffffffff
fffffffffffffc00 18 00003fffffffffff fffffffff0000000 ffffffffffffffff
fffffffffffffc00 19 00001fffffffffff ffffffffe0000000 ffffffffffffffff
fffffffffffffc00 20 00000fffffffffff ffffffffc0000000 ffffffffffffffff
fffffffffffffc00 21 000007ffffffffff ffffffff80000000 ffffffffffffffff
fffffffffffffc00 22 000003ffffffffff ffffffff00000000 ffffffffffffffff
fffffffffffffc00 23 000001ffffffffff fffffffe00000000 ffffffffffffffff
fffffffffffffc00 24 000000ffffffffff fffffffc00000000 ffffffffffffffff
fffffffffffffc00 25 0000007fffffffff fffffff800000000 ffffffffffffffff
fffffffffffffc00 26 0000003fffffffff fffffff000000000 ffffffffffffffff
fffffffffffffc00 27 0000001fffffffff ffffffe000000000 ffffffffffffffff
fffffffffffffc00 28 0000000fffffffff ffffffc000000000 ffffffffffffffff
fffffffffffffc00 29 00000007ffffffff ffffff8000000000 ffffffffffffffff
fffffffffffffc00 30 00000003ffffffff ffffff0000000000 ffffffffffffffff
fffffffffffffc00 31 00000001ffffffff fffffe0000000000 ffffffffffffffff
fffffffffffffc00 32 00000000ffffffff fffffc0000000000 ffffffffffffffff
fffffffffffffc00 33 000000007fffffff fffff80000000000 ffffffffffffffff
fffffffffffffc00 34 000000003fffffff fffff00000000000 ffffffffffffffff
fffffffffffffc00 35 000000001fffffff ffffe00000000000 ffffffffffffffff
fffffffffffffc00 36 000000000fffffff ffffc00000000000 ffffffffffffffff
fffffffffffffc00 37 0000000007ffffff ffff800000000000 ffffffffffffffff
fffffffffffffc00 38 0000000003ffffff ffff000000000000 ffffffffffffffff
fffffffffffffc00 39 0000000001ffffff fffe000000000000 ffffffffffffffff
fffffffffffffc00 40 0000000000ffffff fffc000000000000 ffffffffffffffff
fffffffffffffc00 41 00000000007fffff fff8000000000000 ffffffffffffffff
fffffffffffffc00 42 00000000003fffff fff0000000000000 ffffffffffffffff
fffffffffffffc00 43 00000000001fffff ffe0000000000000 ffffffffffffffff
fffffffffffffc00 44 00000000000fffff ffc0000000000000 ffffffffffffffff
fffffffffffffc00 45 000000000007ffff ff80000000000000 ffffffffffffffff
fffffffffffffc00 46 000000000003ffff ff00000000000000 ffffffffffffffff
fffffffffffffc00 47 000000000001ffff fe00000000000000 ffffffffffffffff
fffffffffffffc00 48 000000000000ffff fc00000000000000 ffffffffffffffff
fffffffffffffc00 49 0000000000007fff f800000000000000 ffffffffffffffff
fffffffffffffc00 50 0000000000003fff f000000000000000 ffffffffffffffff
fffffffffffffc00 51 0000000000001fff e000000000000000 ffffffffffffffff
fffffffffffffc00 52 0000000000000fff c000000000000000 ffffffffffffffff
fffffffffffffc00 53 00000000000007ff 8000000000000000 ffffffffffffffff
fffffffffffffc00 54 00000000000003ff 0000000000000000 ffffffffffffffff
fffffffffffffc00 55 00000000000001ff 0000000000000000 ffffffffffffffff
fffffffffffffc00 56 00000000000000ff 0000000000000000 ffffffffffffffff
fffffffffffffc00 57 000000000000007f 0000000000000000 ffffffffffffffff
fffffffffffffc00 58 000000000000003f 0000000000000000 ffffffffffffffff
fffffffffffffc00 59 000000000000001f 0000000000000000 ffffffffffffffff
fffffffffffffc00 60 000000000000000f 0000000000000000 ffffffffffffffff
fffffffffffffc00 61 0000000000000007 0000000000000000 ffffffffffffffff
fffffffffffffc00 62 0000000000000003 0000000000000000 ffffffffffffffff
fffffffffffffc00 63 0000000000000001 0000000000000000 ffffffffffffffff
fffffffffffffe00 0 fffffffffffffe00 fffffffffffffe00 fffffffffffffe00
fffffffffffffe00 1 7fffffffffffff00 fffffffffffffc00 ffffffffffffff00
fffffffffffffe00 2 3fffffffffffff80 fffffffffffff800 ffffffffffffff80
fffffffffffffe00 3 1fffffffffffffc0 fffffffffffff000 ffffffffffffffc0
fffffffffffffe00 4 0fffffffffffffe0 ffffffffffffe000 ffffffffffffffe0
fffffffffffffe00 5 07fffffffffffff0 ffffffffffffc000 fffffffffffffff0
fffffffffffffe00 6 03fffffffffffff8 ffffffffffff8000 fffffffffffffff8
fffffffffffffe00 7 01fffffffffffffc ffffffffffff0000 fffffffffffffffc
fffffffffffffe00 8 00fffffffffffffe fffffffffffe0000 fffffffffffffffe
fffffffffffffe00 9 007fffffffffffff fffffffffffc0000 ffffffffffffffff
fffffffffffffe00 10 003fffffffffffff fffffffffff80000 ffffffffffffffff
fffffffffffffe00 11 001fffffffffffff fffffffffff00000 ffffffffffffffff
fffffffffffffe00 12 000fffffffffffff ffffffffffe00000 ffffffffffffffff
fffffffffffffe00 13 0007ffffffffffff ffffffffffc00000 ffffffffffffffff
fffffffffffffe00 14 0003ffffffffffff ffffffffff800000 ffffffffffffffff
fffffffffffffe00 15 0001ffffffffffff ffffffffff000000 ffffffffffffffff
fffffffffffffe00 16 0000ffffffffffff fffffffffe000000 ffffffffffffffff
fffffffffffffe00 17 00007fffffffffff fffffffffc000000 ffffffffffffffff
fffffffffffffe00 18 00003fffffffffff fffffffff8000000 ffffffffffffffff
fffffffffffffe00 19 00001fffffffffff fffffffff0000000 ffffffffffffffff
fffffffffffffe00 20 00000fffffffffff ffffffffe0000000 ffffffffffffffff
fffffffffffffe00 21 000007ffffffffff ffffffffc0000000 ffffffffffffffff
fffffffffffffe00 22 000003ffffffffff ffffffff80000000 ffffffffffffffff
fffffffffffffe00 23 000001ffffffffff ffffffff00000000 ffffffffffffffff
fffffffffffffe00 24 000000ffffffffff fffffffe00000000 ffffffffffffffff
fffffffffffffe00 25 0000007fffffffff fffffffc00000000 ffffffffffffffff
fffffffffffffe00 26 0000003fffffffff fffffff800000000 ffffffffffffffff
fffffffffffffe00 27 0000001fffffffff fffffff000000000 ffffffffffffffff
fffffffffffffe00 28 0000000fffffffff ffffffe000000000 ffffffffffffffff
fffffffffffffe00 29 00000007ffffffff ffffffc000000000 ffffffffffffffff
fffffffffffffe00 30 00000003ffffffff ffffff8000000000 ffffffffffffffff
fffffffffffffe00 31 00000001ffffffff ffffff0000000000 ffffffffffffffff
fffffffffffffe00 32 00000000ffffffff fffffe0000000000 ffffffffffffffff
fffffffffffffe00 33 000000007fffffff fffffc0000000000 ffffffffffffffff
fffffffffffffe00 34 000000003fffffff fffff80000000000 ffffffffffffffff
fffffffffffffe00 35 000000001fffffff fffff00000000000 ffffffffffffffff
fffffffffffffe00 36 000000000fffffff ffffe00000000000 ffffffffffffffff
fffffffffffffe00 37 0000000007ffffff ffffc00000000000 ffffffffffffffff
fffffffffffffe00 38 0000000003ffffff ffff800000000000 ffffffffffffffff
fffffffffffffe00 39 0000000001ffffff ffff000000000000 ffffffffffffffff
fffffffffffffe00 40 0000000000ffffff fffe000000000000 ffffffffffffffff
fffffffffffffe00 41 00000000007fffff fffc000000000000 ffffffffffffffff
fffffffffffffe00 42 00000000003fffff fff8000000000000 ffffffffffffffff
fffffffffffffe00 43 00000000001fffff fff0000000000000 ffffffffffffffff
fffffffffffffe00 44 00000000000fffff ffe0000000000000 ffffffffffffffff
fffffffffffffe00 45 000000000007ffff ffc0000000000000 ffffffffffffffff
fffffffffffffe00 46 000000000003ffff ff80000000000000 ffffffffffffffff
fffffffffffffe00 47 000000000001ffff ff00000000000000 ffffffffffffffff
fffffffffffffe00 48 000000000000ffff fe00000000000000 ffffffffffffffff
fffffffffffffe00 49 0000000000007fff fc00000000000000 ffffffffffffffff
fffffffffffffe00 50 0000000000003fff f800000000000000 ffffffffffffffff
fffffffffffffe00 51 0000000000001fff f000000000000000 ffffffffffffffff
fffffffffffffe00 52 0000000000000fff e000000000000000 ffffffffffffffff
fffffffffffffe00 53 00000000000007ff c000000000000000 ffffffffffffffff
fffffffffffffe00 54 00000000000003ff 8000000000000000 ffffffffffffffff
fffffffffffffe00 55 00000000000001ff 0000000000000000 ffffffffffffffff
fffffffffffffe00 56 00000000000000ff 0000000000000000 ffffffffffffffff
fffffffffffffe00 57 000000000000007f 0000000000000000 ffffffffffffffff
fffffffffffffe00 58 000000000000003f 0000000000000000 ffffffffffffffff
fffffffffffffe00 59 000000000000001f 0000000000000000 ffffffffffffffff
fffffffffffffe00 60 000000000000000f 0000000000000000 ffffffffffffffff
fffffffffffffe00 61 0000000000000007 0000000000000000 ffffffffffffffff
fffffffffffffe00 62 0000000000000003 0000000000000000 ffffffffffffffff
fffffffffffffe00 63 0000000000000001 0000000000000000 ffffffffffffffff
ffffffffffffff00 0 ffffffffffffff00 ffffffffffffff00 ffffffffffffff00
ffffffffffffff00 1 7fffffffffffff80 fffffffffffffe00 ffffffffffffff80
ffffffffffffff00 2 3fffffffffffffc0 fffffffffffffc00 ffffffffffffffc0
ffffffffffffff00 3 1fffffffffffffe0 fffffffffffff800 ffffffffffffffe0
ffffffffffffff00 4 0ffffffffffffff0 fffffffffffff000 fffffffffffffff0
ffffffffffffff00 5 07fffffffffffff8 ffffffffffffe000 fffffffffffffff8
ffffffffffffff00 6 03fffffffffffffc ffffffffffffc000 fffffffffffffffc
ffffffffffffff00 7 01fffffffffffffe ffffffffffff8000 fffffffffffffffe
ffffffffffffff00 8 00ffffffffffffff ffffffffffff0000 ffffffffffffffff
ffffffffffffff00 9 007fffffffffffff fffffffffffe0000 ffffffffffffffff
ffffffffffffff00 10 003fffffffffffff fffffffffffc0000 ffffffffffffffff
ffffffffffffff00 11 001fffffffffffff fffffffffff80000 ffffffffffffffff
ffffffffffffff00 12 000fffffffffffff fffffffffff00000 ffffffffffffffff
ffffffffffffff00 13 0007ffffffffffff ffffffffffe00000 ffffffffffffffff
ffffffffffffff00 14 0003ffffffffffff ffffffffffc00000 ffffffffffffffff
ffffffffffffff00 15 0001ffffffffffff ffffffffff800000 ffffffffffffffff
ffffffffffffff00 16 0000ffffffffffff ffffffffff000000 ffffffffffffffff
ffffffffffffff00 17 00007fffffffffff fffffffffe000000 ffffffffffffffff
ffffffffffffff00 18 00003fffffffffff fffffffffc000000 ffffffffffffffff
ffffffffffffff00 19 00001fffffffffff fffffffff8000000 ffffffffffffffff
ffffffffffffff00 20 00000fffffffffff fffffffff0000000 ffffffffffffffff
ffffffffffffff00 21 000007ffffffffff ffffffffe0000000 ffffffffffffffff
ffffffffffffff00 22 000003ffffffffff ffffffffc0000000 ffffffffffffffff
ffffffffffffff00 23 000001ffffffffff ffffffff80000000 ffffffffffffffff
ffffffffffffff00 24 000000ffffffffff ffffffff00000000 ffffffffffffffff
ffffffffffffff00 25 0000007fffffffff fffffffe00000000 ffffffffffffffff
ffffffffffffff00 26 0000003fffffffff fffffffc00000000 ffffffffffffffff
ffffffffffffff00 27 0000001fffffffff fffffff800000000 ffffffffffffffff
ffffffffffffff00 28 0000000fffffffff fffffff000000000 ffffffffffffffff
ffffffffffffff00 29 00000007ffffffff ffffffe000000000 ffffffffffffffff
ffffffffffffff00 30 00000003ffffffff ffffffc000000000 ffffffffffffffff
ffffffffffffff00 31 00000001ffffffff ffffff8000000000 ffffffffffffffff
ffffffffffffff00 32 00000000ffffffff ffffff0000000000 ffffffffffffffff
ffffffffffffff00 33 000000007fffffff fffffe0000000000 ffffffffffffffff
ffffffffffffff00 34 000000003fffffff fffffc0000000000 ffffffffffffffff
ffffffffffffff00 35 000000001fffffff fffff80000000000 ffffffffffffffff
ffffffffffffff00 36 000000000fffffff fffff00000000000 ffffffffffffffff
ffffffffffffff00 37 0000000007ffffff ffffe00000000000 ffffffffffffffff
ffffffffffffff00 38 0000000003ffffff ffffc00000000000 ffffffffffffffff
ffffffffffffff00 39 0000000001ffffff ffff800000000000 ffffffffffffffff
ffffffffffffff00 40 0000000000ffffff ffff000000000000 ffffffffffffffff
ffffffffffffff00 41 00000000007fffff fffe000000000000 ffffffffffffffff
ffffffffffffff00 42 00000000003fffff fffc000000000000 ffffffffffffffff
ffffffffffffff00 43 00000000001fffff fff8000000000000 ffffffffffffffff
ffffffffffffff00 44 00000000000fffff fff0000000000000 ffffffffffffffff
ffffffffffffff00 45 000000000007ffff ffe0000000000000 ffffffffffffffff
ffffffffffffff00 46 000000000003ffff ffc0000000000000 ffffffffffffffff
ffffffffffffff00 47 000000000001ffff ff80000000000000 ffffffffffffffff
ffffffffffffff00 48 000000000000ffff ff00000000000000 ffffffffffffffff
ffffffffffffff00 49 0000000000007fff fe00000000000000 ffffffffffffffff
ffffffffffffff00 50 0000000000003fff fc00000000000000 ffffffffffffffff
ffffffffffffff00 51 0000000000001fff f800000000000000 ffffffffffffffff
ffffffffffffff00 52 0000000000000fff f000000000000000 ffffffffffffffff
ffffffffffffff00 53 00000000000007ff e000000000000000 ffffffffffffffff
ffffffffffffff00 54 00000000000003ff c000000000000000 ffffffffffffffff
ffffffffffffff00 55 00000000000001ff 8000000000000000 ffffffffffffffff
ffffffffffffff00 56 00000000000000ff 0000000000000000 ffffffffffffffff
ffffffffffffff00 57 000000000000007f 0000000000000000 ffffffffffffffff
ffffffffffffff00 58 000000000000003f 0000000000000000 ffffffffffffffff
ffffffffffffff00 59 000000000000001f 0000000000000000 ffffffffffffffff
ffffffffffffff00 60 000000000000000f 0000000000000000 ffffffffffffffff
ffffffffffffff00 61 0000000000000007 0000000000000000 ffffffffffffffff
ffffffffffffff00 62 0000000000000003 0000000000000000 ffffffffffffffff
ffffffffffffff00 63 0000000000000001 0000000000000000 ffffffffffffffff
ffffffffffffff80 0 ffffffffffffff80 ffffffffffffff80 ffffffffffffff80
ffffffffffffff80 1 7fffffffffffffc0 ffffffffffffff00 ffffffffffffffc0
ffffffffffffff80 2 3fffffffffffffe0 fffffffffffffe00 ffffffffffffffe0
ffffffffffffff80 3 1ffffffffffffff0 fffffffffffffc00 fffffffffffffff0
ffffffffffffff80 4 0ffffffffffffff8 fffffffffffff800 fffffffffffffff8
ffffffffffffff80 5 07fffffffffffffc fffffffffffff000 fffffffffffffffc
ffffffffffffff80 6 03fffffffffffffe ffffffffffffe000 fffffffffffffffe
ffffffffffffff80 7 01ffffffffffffff ffffffffffffc000 ffffffffffffffff
ffffffffffffff80 8 00ffffffffffffff ffffffffffff8000 ffffffffffffffff
ffffffffffffff80 9 007fffffffffffff ffffffffffff0000 ffffffffffffffff
ffffffffffffff80 10 003fffffffffffff fffffffffffe0000 ffffffffffffffff
ffffffffffffff80 11 001fffffffffffff fffffffffffc0000 ffffffffffffffff
ffffffffffffff80 12 000fffffffffffff fffffffffff80000 ffffffffffffffff
ffffffffffffff80 13 0007ffffffffffff fffffffffff00000 ffffffffffffffff
ffffffffffffff80 14 0003ffffffffffff ffffffffffe00000 ffffffffffffffff
ffffffffffffff80 15 0001ffffffffffff ffffffffffc00000 ffffffffffffffff
ffffffffffffff80 16 0000ffffffffffff ffffffffff800000 ffffffffffffffff
ffffffffffffff80 17 00007fffffffffff ffffffffff000000 ffffffffffffffff
ffffffffffffff80 18 00003fffffffffff fffffffffe000000 ffffffffffffffff
ffffffffffffff80 19 00001fffffffffff fffffffffc000000 ffffffffffffffff
ffffffffffffff80 20 00000fffffffffff fffffffff8000000 ffffffffffffffff
ffffffffffffff80 21 000007ffffffffff fffffffff0000000 ffffffffffffffff
ffffffffffffff80 22 000003ffffffffff ffffffffe0000000 ffffffffffffffff
ffffffffffffff80 23 000001ffffffffff ffffffffc0000000 ffffffffffffffff
ffffffffffffff80 24 000000ffffffffff ffffffff80000000 ffffffffffffffff
ffffffffffffff80 25 0000007fffffffff ffffffff00000000 ffffffffffffffff
ffffffffffffff80 26 0000003fffffffff fffffffe00000000 ffffffffffffffff
ffffffffffffff80 27 0000001fffffffff fffffffc00000000 ffffffffffffffff
ffffffffffffff80 28 0000000fffffffff fffffff800000000 ffffffffffffffff
ffffffffffffff80 29 00000007ffffffff fffffff000000000 ffffffffffffffff
ffffffffffffff80 30 00000003ffffffff ffffffe000000000 ffffffffffffffff
ffffffffffffff80 31 00000001ffffffff ffffffc000000000 ffffffffffffffff
ffffffffffffff80 32 00000000ffffffff ffffff8000000000 ffffffffffffffff
ffffffffffffff80 33 000000007fffffff ffffff0000000000 ffffffffffffffff
ffffffffffffff80 34 000000003fffffff fffffe0000000000 ffffffffffffffff
ffffffffffffff80 35 000000001fffffff fffffc0000000000 ffffffffffffffff
ffffffffffffff80 36 000000000fffffff fffff80000000000 ffffffffffffffff
ffffffffffffff80 37 0000000007ffffff fffff00000000000 ffffffffffffffff
ffffffffffffff80 38 0000000003ffffff ffffe00000000000 ffffffffffffffff
ffffffffffffff80 39 0000000001ffffff ffffc00000000000 ffffffffffffffff
ffffffffffffff80 40 0000000000ffffff ffff800000000000 ffffffffffffffff
ffffffffffffff80 41 00000000007fffff ffff000000000000 ffffffffffffffff
ffffffffffffff80 42 00000000003fffff fffe000000000000 ffffffffffffffff
ffffffffffffff80 43 00000000001fffff fffc000000000000 ffffffffffffffff
ffffffffffffff80 44 00000000000fffff fff8000000000000 ffffffffffffffff
ffffffffffffff80 45 000000000007ffff fff0000000000000 ffffffffffffffff
ffffffffffffff80 46 000000000003ffff ffe0000000000000 ffffffffffffffff
ffffffffffffff80 47 000000000001ffff ffc0000000000000 ffffffffffffffff
ffffffffffffff80 48 000000000000ffff ff80000000000000 ffffffffffffffff
ffffffffffffff80 49 0000000000007fff ff00000000000000 ffffffffffffffff
ffffffffffffff80 50 0000000000003fff fe00000000000000 ffffffffffffffff
ffffffffffffff80 51 0000000000001fff fc00000000000000 ffffffffffffffff
ffffffffffffff80 52 0000000000000fff f800000000000000 ffffffffffffffff
ffffffffffffff80 53 00000000000007ff f000000000000000 ffffffffffffffff
ffffffffffffff80 54 00000000000003ff e000000000000000 ffffffffffffffff
ffffffffffffff80 55 00000000000001ff c000000000000000 ffffffffffffffff
ffffffffffffff80 56 00000000000000ff 8000000000000000 ffffffffffffffff
ffffffffffffff80 57 000000000000007f 0000000000000000 ffffffffffffffff
ffffffffffffff80 58 000000000000003f 0000000000000000 ffffffffffffffff
ffffffffffffff80 59 000000000000001f 0000000000000000 ffffffffffffffff
ffffffffffffff80 60 000000000000000f 0000000000000000 ffffffffffffffff
ffffffffffffff80 61 0000000000000007 0000000000000000 ffffffffffffffff
ffffffffffffff80 62 0000000000000003 0000000000000000 ffffffffffffffff
ffffffffffffff80 63 0000000000000001 0000000000000000 ffffffffffffffff
ffffffffffffffc0 0 ffffffffffffffc0 ffffffffffffffc0 ffffffffffffffc0
ffffffffffffffc0 1 7fffffffffffffe0 ffffffffffffff80 ffffffffffffffe0
ffffffffffffffc0 2 3ffffffffffffff0 ffffffffffffff00 fffffffffffffff0
ffffffffffffffc0 3 1ffffffffffffff8 fffffffffffffe00 fffffffffffffff8
ffffffffffffffc0 4 0ffffffffffffffc fffffffffffffc00 fffffffffffffffc
ffffffffffffffc0 5 07fffffffffffffe fffffffffffff800 fffffffffffffffe
ffffffffffffffc0 6 03ffffffffffffff fffffffffffff000 ffffffffffffffff
ffffffffffffffc0 7 01ffffffffffffff ffffffffffffe000 ffffffffffffffff
ffffffffffffffc0 8 00ffffffffffffff ffffffffffffc000 ffffffffffffffff
ffffffffffffffc0 9 007fffffffffffff ffffffffffff8000 ffffffffffffffff
ffffffffffffffc0 10 003fffffffffffff ffffffffffff0000 ffffffffffffffff
ffffffffffffffc0 11 001fffffffffffff fffffffffffe0000 ffffffffffffffff
ffffffffffffffc0 12 000fffffffffffff fffffffffffc0000 ffffffffffffffff
ffffffffffffffc0 13 0007ffffffffffff fffffffffff80000 ffffffffffffffff
ffffffffffffffc0 14 0003ffffffffffff fffffffffff00000 ffffffffffffffff
ffffffffffffffc0 15 0001ffffffffffff ffffffffffe00000 ffffffffffffffff
ffffffffffffffc0 16 0000ffffffffffff ffffffffffc00000 ffffffffffffffff
ffffffffffffffc0 17 00007fffffffffff ffffffffff800000 ffffffffffffffff
ffffffffffffffc0 18 00003fffffffffff ffffffffff000000 ffffffffffffffff
ffffffffffffffc0 19 00001fffffffffff fffffffffe000000 ffffffffffffffff
ffffffffffffffc0 20 00000fffffffffff fffffffffc000000 ffffffffffffffff
ffffffffffffffc0 21 000007ffffffffff fffffffff8000000 ffffffffffffffff
ffffffffffffffc0 22 000003ffffffffff fffffffff0000000 ffffffffffffffff
ffffffffffffffc0 23 000001ffffffffff ffffffffe0000000 ffffffffffffffff
ffffffffffffffc0 24 000000ffffffffff ffffffffc0000000 ffffffffffffffff
ffffffffffffffc0 25 0000007fffffffff ffffffff80000000 ffffffffffffffff
ffffffffffffffc0 26 0000003fffffffff ffffffff00000000 ffffffffffffffff
ffffffffffffffc0 27 0000001fffffffff fffffffe00000000 ffffffffffffffff
ffffffffffffffc0 28 0000000fffffffff fffffffc00000000 ffffffffffffffff
ffffffffffffffc0 29 00000007ffffffff fffffff800000000 ffffffffffffffff
ffffffffffffffc0 30 00000003ffffffff fffffff000000000 ffffffffffffffff
ffffffffffffffc0 31 00000001ffffffff ffffffe000000000 ffffffffffffffff
ffffffffffffffc0 32 00000000ffffffff ffffffc000000000 ffffffffffffffff
ffffffffffffffc0 33 000000007fffffff ffffff8000000000 ffffffffffffffff
ffffffffffffffc0 34 000000003fffffff ffffff0000000000 ffffffffffffffff
ffffffffffffffc0 35 000000001fffffff fffffe0000000000 ffffffffffffffff
ffffffffffffffc0 36 000000000fffffff fffffc0000000000 ffffffffffffffff
ffffffffffffffc0 37 0000000007ffffff fffff80000000000 ffffffffffffffff
ffffffffffffffc0 38 0000000003ffffff fffff00000000000 ffffffffffffffff
ffffffffffffffc0 39 0000000001ffffff ffffe00000000000 ffffffffffffffff
ffffffffffffffc0 40 0000000000ffffff ffffc00000000000 ffffffffffffffff
ffffffffffffffc0 41 00000000007fffff ffff800000000000 ffffffffffffffff
ffffffffffffffc0 42 00000000003fffff ffff000000000000 ffffffffffffffff
ffffffffffffffc0 43 00000000001fffff fffe000000000000 ffffffffffffffff
ffffffffffffffc0 44 00000000000fffff fffc000000000000 ffffffffffffffff
ffffffffffffffc0 45 000000000007ffff fff8000000000000 ffffffffffffffff
ffffffffffffffc0 46 000000000003ffff fff0000000000000 ffffffffffffffff
ffffffffffffffc0 47 000000000001ffff ffe0000000000000 ffffffffffffffff
ffffffffffffffc0 48 000000000000ffff ffc0000000000000 ffffffffffffffff
ffffffffffffffc0 49 0000000000007fff ff80000000000000 ffffffffffffffff
ffffffffffffffc0 50 0000000000003fff ff00000000000000 ffffffffffffffff
ffffffffffffffc0 51 0000000000001fff fe00000000000000 ffffffffffffffff
ffffffffffffffc0 52 0000000000000fff fc00000000000000 ffffffffffffffff
ffffffffffffffc0 53 00000000000007ff f800000000000000 ffffffffffffffff
ffffffffffffffc0 54 00000000000003ff f000000000000000 ffffffffffffffff
ffffffffffffffc0 55 00000000000001ff e000000000000000 ffffffffffffffff
ffffffffffffffc0 56 00000000000000ff c000000000000000 ffffffffffffffff
ffffffffffffffc0 57 000000000000007f 8000000000000000 ffffffffffffffff
ffffffffffffffc0 58 000000000000003f 0000000000000000 ffffffffffffffff
ffffffffffffffc0 59 000000000000001f 0000000000000000 ffffffffffffffff
ffffffffffffffc0 60 000000000000000f 0000000000000000 ffffffffffffffff
ffffffffffffffc0 61 0000000000000007 0000000000000000 ffffffffffffffff
ffffffffffffffc0 62 0000000000000003 0000000000000000 ffffffffffffffff
ffffffffffffffc0 63 0000000000000001 0000000000000000 ffffffffffffffff
ffffffffffffffe0 0 ffffffffffffffe0 ffffffffffffffe0 ffffffffffffffe0
ffffffffffffffe0 1 7ffffffffffffff0 ffffffffffffffc0 fffffffffffffff0
ffffffffffffffe0 2 3ffffffffffffff8 ffffffffffffff80 fffffffffffffff8
ffffffffffffffe0 3 1ffffffffffffffc ffffffffffffff00 fffffffffffffffc
ffffffffffffffe0 4 0ffffffffffffffe fffffffffffffe00 fffffffffffffffe
ffffffffffffffe0 5 07ffffffffffffff fffffffffffffc00 ffffffffffffffff
ffffffffffffffe0 6 03ffffffffffffff fffffffffffff800 ffffffffffffffff
ffffffffffffffe0 7 01ffffffffffffff fffffffffffff000 ffffffffffffffff
ffffffffffffffe0 8 00ffffffffffffff ffffffffffffe000 ffffffffffffffff
ffffffffffffffe0 9 007fffffffffffff ffffffffffffc000 ffffffffffffffff
ffffffffffffffe0 10 003fffffffffffff ffffffffffff8000 ffffffffffffffff
ffffffffffffffe0 11 001fffffffffffff ffffffffffff0000 ffffffffffffffff
ffffffffffffffe0 12 000fffffffffffff fffffffffffe0000 ffffffffffffffff
ffffffffffffffe0 13 0007ffffffffffff fffffffffffc0000 ffffffffffffffff
ffffffffffffffe0 14 0003ffffffffffff fffffffffff80000 ffffffffffffffff
ffffffffffffffe0 15 0001ffffffffffff fffffffffff00000 ffffffffffffffff
ffffffffffffffe0 16 0000ffffffffffff ffffffffffe00000 ffffffffffffffff
ffffffffffffffe0 17 00007fffffffffff ffffffffffc00000 ffffffffffffffff
ffffffffffffffe0 18 00003fffffffffff ffffffffff800000 ffffffffffffffff
ffffffffffffffe0 19 00001fffffffffff ffffffffff000000 ffffffffffffffff
ffffffffffffffe0 20 00000fffffffffff fffffffffe000000 ffffffffffffffff
ffffffffffffffe0 21 000007ffffffffff fffffffffc000000 ffffffffffffffff
ffffffffffffffe0 22 000003ffffffffff fffffffff8000000 ffffffffffffffff
ffffffffffffffe0 23 000001ffffffffff fffffffff0000000 ffffffffffffffff
ffffffffffffffe0 24 000000ffffffffff ffffffffe0000000 ffffffffffffffff
ffffffffffffffe0 25 0000007fffffffff ffffffffc0000000 ffffffffffffffff
ffffffffffffffe0 26 0000003fffffffff ffffffff80000000 ffffffffffffffff
ffffffffffffffe0 27 0000001fffffffff ffffffff00000000 ffffffffffffffff
ffffffffffffffe0 28 0000000fffffffff fffffffe00000000 ffffffffffffffff
ffffffffffffffe0 29 00000007ffffffff fffffffc00000000 ffffffffffffffff
ffffffffffffffe0 30 00000003ffffffff fffffff800000000 ffffffffffffffff
ffffffffffffffe0 31 00000001ffffffff fffffff000000000 ffffffffffffffff
ffffffffffffffe0 32 00000000ffffffff ffffffe000000000 ffffffffffffffff
ffffffffffffffe0 33 000000007fffffff ffffffc000000000 ffffffffffffffff
ffffffffffffffe0 34 000000003fffffff ffffff8000000000 ffffffffffffffff
ffffffffffffffe0 35 000000001fffffff ffffff0000000000 ffffffffffffffff
ffffffffffffffe0 36 000000000fffffff fffffe0000000000 ffffffffffffffff
ffffffffffffffe0 37 0000000007ffffff fffffc0000000000 ffffffffffffffff
ffffffffffffffe0 38 0000000003ffffff fffff80000000000 ffffffffffffffff
ffffffffffffffe0 39 0000000001ffffff fffff00000000000 ffffffffffffffff
ffffffffffffffe0 40 0000000000ffffff ffffe00000000000 ffffffffffffffff
ffffffffffffffe0 41 00000000007fffff ffffc00000000000 ffffffffffffffff
ffffffffffffffe0 42 00000000003fffff ffff800000000000 ffffffffffffffff
ffffffffffffffe0 43 00000000001fffff ffff000000000000 ffffffffffffffff
ffffffffffffffe0 44 00000000000fffff fffe000000000000 ffffffffffffffff
ffffffffffffffe0 45 000000000007ffff fffc000000000000 ffffffffffffffff
ffffffffffffffe0 46 000000000003ffff fff8000000000000 ffffffffffffffff
ffffffffffffffe0 47 000000000001ffff fff0000000000000 ffffffffffffffff
ffffffffffffffe0 48 000000000000ffff ffe0000000000000 ffffffffffffffff
ffffffffffffffe0 49 0000000000007fff ffc0000000000000 ffffffffffffffff
ffffffffffffffe0 50 0000000000003fff ff80000000000000 ffffffffffffffff
ffffffffffffffe0 51 0000000000001fff ff00000000000000 ffffffffffffffff
ffffffffffffffe0 52 0000000000000fff fe00000000000000 ffffffffffffffff
ffffffffffffffe0 53 00000000000007ff fc00000000000000 ffffffffffffffff
ffffffffffffffe0 54 00000000000003ff f800000000000000 ffffffffffffffff
ffffffffffffffe0 55 00000000000001ff f000000000000000 ffffffffffffffff
ffffffffffffffe0 56 00000000000000ff e000000000000000 ffffffffffffffff
ffffffffffffffe0 57 000000000000007f c000000000000000 ffffffffffffffff
ffffffffffffffe0 58 000000000000003f 8000000000000000 ffffffffffffffff
ffffffffffffffe0 59 000000000000001f 0000000000000000 ffffffffffffffff
ffffffffffffffe0 60 000000000000000f 0000000000000000 ffffffffffffffff
ffffffffffffffe0 61 0000000000000007 0000000000000000 ffffffffffffffff
ffffffffffffffe0 62 0000000000000003 0000000000000000 ffffffffffffffff
ffffffffffffffe0 63 0000000000000001 0000000000000000 ffffffffffffffff
fffffffffffffff0 0 fffffffffffffff0 fffffffffffffff0 fffffffffffffff0
fffffffffffffff0 1 7ffffffffffffff8 ffffffffffffffe0 fffffffffffffff8
fffffffffffffff0 2 3ffffffffffffffc ffffffffffffffc0 fffffffffffffffc
fffffffffffffff0 3 1ffffffffffffffe ffffffffffffff80 fffffffffffffffe
fffffffffffffff0 4 0fffffffffffffff ffffffffffffff00 ffffffffffffffff
fffffffffffffff0 5 07ffffffffffffff fffffffffffffe00 ffffffffffffffff
fffffffffffffff0 6 03ffffffffffffff fffffffffffffc00 ffffffffffffffff
fffffffffffffff0 7 01ffffffffffffff fffffffffffff800 ffffffffffffffff
fffffffffffffff0 8 00ffffffffffffff fffffffffffff000 ffffffffffffffff
fffffffffffffff0 9 007fffffffffffff ffffffffffffe000 ffffffffffffffff
fffffffffffffff0 10 003fffffffffffff ffffffffffffc000 ffffffffffffffff
fffffffffffffff0 11 001fffffffffffff ffffffffffff8000 ffffffffffffffff
fffffffffffffff0 12 000fffffffffffff ffffffffffff0000 ffffffffffffffff
fffffffffffffff0 13 0007ffffffffffff fffffffffffe0000 ffffffffffffffff
fffffffffffffff0 14 0003ffffffffffff fffffffffffc0000 ffffffffffffffff
fffffffffffffff0 15 0001ffffffffffff fffffffffff80000 ffffffffffffffff
fffffffffffffff0 16 0000ffffffffffff fffffffffff00000 ffffffffffffffff
fffffffffffffff0 17 00007fffffffffff ffffffffffe00000 ffffffffffffffff
fffffffffffffff0 18 00003fffffffffff ffffffffffc00000 ffffffffffffffff
fffffffffffffff0 19 00001fffffffffff ffffffffff800000 ffffffffffffffff
fffffffffffffff0 20 00000fffffffffff ffffffffff000000 ffffffffffffffff
fffffffffffffff0 21 000007ffffffffff fffffffffe000000 ffffffffffffffff
fffffffffffffff0 22 000003ffffffffff fffffffffc000000 ffffffffffffffff
fffffffffffffff0 23 000001ffffffffff fffffffff8000000 ffffffffffffffff
fffffffffffffff0 24 000000ffffffffff fffffffff0000000 ffffffffffffffff
fffffffffffffff0 25 0000007fffffffff ffffffffe0000000 ffffffffffffffff
fffffffffffffff0 26 0000003fffffffff ffffffffc0000000 ffffffffffffffff
fffffffffffffff0 27 0000001fffffffff ffffffff80000000 ffffffffffffffff
fffffffffffffff0 28 0000000fffffffff ffffffff00000000 ffffffffffffffff
fffffffffffffff0 29 00000007ffffffff fffffffe00000000 ffffffffffffffff
fffffffffffffff0 30 00000003ffffffff fffffffc00000000 ffffffffffffffff
fffffffffffffff0 31 00000001ffffffff fffffff800000000 ffffffffffffffff
fffffffffffffff0 32 00000000ffffffff fffffff000000000 ffffffffffffffff
fffffffffffffff0 33 000000007fffffff ffffffe000000000 ffffffffffffffff
fffffffffffffff0 34 000000003fffffff ffffffc000000000 ffffffffffffffff
fffffffffffffff0 35 000000001fffffff ffffff8000000000 ffffffffffffffff
fffffffffffffff0 36 000000000fffffff ffffff0000000000 ffffffffffffffff
fffffffffffffff0 37 0000000007ffffff fffffe0000000000 ffffffffffffffff
fffffffffffffff0 38 0000000003ffffff fffffc0000000000 ffffffffffffffff
fffffffffffffff0 39 0000000001ffffff fffff80000000000 ffffffffffffffff
fffffffffffffff0 40 0000000000ffffff fffff00000000000 ffffffffffffffff
fffffffffffffff0 41 00000000007fffff ffffe00000000000 ffffffffffffffff
fffffffffffffff0 42 00000000003fffff ffffc00000000000 ffffffffffffffff
fffffffffffffff0 43 00000000001fffff ffff800000000000 ffffffffffffffff
fffffffffffffff0 44 00000000000fffff ffff000000000000 ffffffffffffffff
fffffffffffffff0 45 000000000007ffff fffe000000000000 ffffffffffffffff
fffffffffffffff0 46 000000000003ffff fffc000000000000 ffffffffffffffff
fffffffffffffff0 47 000000000001ffff fff8000000000000 ffffffffffffffff
fffffffffffffff0 48 000000000000ffff fff0000000000000 ffffffffffffffff
fffffffffffffff0 49 0000000000007fff ffe0000000000000 ffffffffffffffff
fffffffffffffff0 50 0000000000003fff ffc0000000000000 ffffffffffffffff
fffffffffffffff0 51 0000000000001fff ff80000000000000 ffffffffffffffff
fffffffffffffff0 52 0000000000000fff ff00000000000000 ffffffffffffffff
fffffffffffffff0 53 00000000000007ff fe00000000000000 ffffffffffffffff
fffffffffffffff0 54 00000000000003ff fc00000000000000 ffffffffffffffff
fffffffffffffff0 55 00000000000001ff f800000000000000 ffffffffffffffff
fffffffffffffff0 56 00000000000000ff f000000000000000 ffffffffffffffff
fffffffffffffff0 57 000000000000007f e000000000000000 ffffffffffffffff
fffffffffffffff0 58 000000000000003f c000000000000000 ffffffffffffffff
fffffffffffffff0 59 000000000000001f 8000000000000000 ffffffffffffffff
fffffffffffffff0 60 000000000000000f 0000000000000000 ffffffffffffffff
fffffffffffffff0 61 0000000000000007 0000000000000000 ffffffffffffffff
fffffffffffffff0 62 0000000000000003 0000000000000000 ffffffffffffffff
fffffffffffffff0 63 0000000000000001 0000000000000000 ffffffffffffffff
fffffffffffffff8 0 fffffffffffffff8 fffffffffffffff8 fffffffffffffff8
fffffffffffffff8 1 7ffffffffffffffc fffffffffffffff0 fffffffffffffffc
fffffffffffffff8 2 3ffffffffffffffe ffffffffffffffe0 fffffffffffffffe
fffffffffffffff8 3 1fffffffffffffff ffffffffffffffc0 ffffffffffffffff
fffffffffffffff8 4 0fffffffffffffff ffffffffffffff80 ffffffffffffffff
fffffffffffffff8 5 07ffffffffffffff ffffffffffffff00 ffffffffffffffff
fffffffffffffff8 6 03ffffffffffffff fffffffffffffe00 ffffffffffffffff
fffffffffffffff8 7 01ffffffffffffff fffffffffffffc00 ffffffffffffffff
fffffffffffffff8 8 00ffffffffffffff fffffffffffff800 ffffffffffffffff
fffffffffffffff8 9 007fffffffffffff fffffffffffff000 ffffffffffffffff
fffffffffffffff8 10 003fffffffffffff ffffffffffffe000 ffffffffffffffff
fffffffffffffff8 11 001fffffffffffff ffffffffffffc000 ffffffffffffffff
fffffffffffffff8 12 000fffffffffffff ffffffffffff8000 ffffffffffffffff
fffffffffffffff8 13 0007ffffffffffff ffffffffffff0000 ffffffffffffffff
fffffffffffffff8 14 0003ffffffffffff fffffffffffe0000 ffffffffffffffff
fffffffffffffff8 15 0001ffffffffffff fffffffffffc0000 ffffffffffffffff
fffffffffffffff8 16 0000ffffffffffff fffffffffff80000 ffffffffffffffff
fffffffffffffff8 17 00007fffffffffff fffffffffff00000 ffffffffffffffff
fffffffffffffff8 18 00003fffffffffff ffffffffffe00000 ffffffffffffffff
fffffffffffffff8 19 00001fffffffffff ffffffffffc00000 ffffffffffffffff
fffffffffffffff8 20 00000fffffffffff ffffffffff800000 ffffffffffffffff
fffffffffffffff8 21 000007ffffffffff ffffffffff000000 ffffffffffffffff
fffffffffffffff8 22 000003ffffffffff fffffffffe000000 ffffffffffffffff
fffffffffffffff8 23 000001ffffffffff fffffffffc000000 ffffffffffffffff
fffffffffffffff8 24 000000ffffffffff fffffffff8000000 ffffffffffffffff
fffffffffffffff8 25 0000007fffffffff fffffffff0000000 ffffffffffffffff
fffffffffffffff8 26 0000003fffffffff ffffffffe0000000 ffffffffffffffff
fffffffffffffff8 27 0000001fffffffff ffffffffc0000000 ffffffffffffffff
fffffffffffffff8 28 0000000fffffffff ffffffff80000000 ffffffffffffffff
fffffffffffffff8 29 00000007ffffffff ffffffff00000000 ffffffffffffffff
fffffffffffffff8 30 00000003ffffffff fffffffe00000000 ffffffffffffffff
fffffffffffffff8 31 00000001ffffffff fffffffc00000000 ffffffffffffffff
fffffffffffffff8 32 00000000ffffffff fffffff800000000 ffffffffffffffff
fffffffffffffff8 33 000000007fffffff fffffff000000000 ffffffffffffffff
fffffffffffffff8 34 000000003fffffff ffffffe000000000 ffffffffffffffff
fffffffffffffff8 35 000000001fffffff ffffffc000000000 ffffffffffffffff
fffffffffffffff8 36 000000000fffffff ffffff8000000000 ffffffffffffffff
fffffffffffffff8 37 0000000007ffffff ffffff0000000000 ffffffffffffffff
fffffffffffffff8 38 0000000003ffffff fffffe0000000000 ffffffffffffffff
fffffffffffffff8 39 0000000001ffffff fffffc0000000000 ffffffffffffffff
fffffffffffffff8 40 0000000000ffffff fffff80000000000 ffffffffffffffff
fffffffffffffff8 41 00000000007fffff fffff00000000000 ffffffffffffffff
fffffffffffffff8 42 00000000003fffff ffffe00000000000 ffffffffffffffff
fffffffffffffff8 43 00000000001fffff ffffc00000000000 ffffffffffffffff
fffffffffffffff8 44 00000000000fffff ffff800000000000 ffffffffffffffff
fffffffffffffff8 45 000000000007ffff ffff000000000000 ffffffffffffffff
fffffffffffffff8 46 000000000003ffff fffe000000000000 ffffffffffffffff
fffffffffffffff8 47 000000000001ffff fffc000000000000 ffffffffffffffff
fffffffffffffff8 48 000000000000ffff fff8000000000000 ffffffffffffffff
fffffffffffffff8 49 0000000000007fff fff0000000000000 ffffffffffffffff
fffffffffffffff8 50 0000000000003fff ffe0000000000000 ffffffffffffffff
fffffffffffffff8 51 0000000000001fff ffc0000000000000 ffffffffffffffff
fffffffffffffff8 52 0000000000000fff ff80000000000000 ffffffffffffffff
fffffffffffffff8 53 00000000000007ff ff00000000000000 ffffffffffffffff
fffffffffffffff8 54 00000000000003ff fe00000000000000 ffffffffffffffff
fffffffffffffff8 55 00000000000001ff fc00000000000000 ffffffffffffffff
fffffffffffffff8 56 00000000000000ff f800000000000000 ffffffffffffffff
fffffffffffffff8 57 000000000000007f f000000000000000 ffffffffffffffff
fffffffffffffff8 58 000000000000003f e000000000000000 ffffffffffffffff
fffffffffffffff8 59 000000000000001f c000000000000000 ffffffffffffffff
fffffffffffffff8 60 000000000000000f 8000000000000000 ffffffffffffffff
fffffffffffffff8 61 0000000000000007 0000000000000000 ffffffffffffffff
fffffffffffffff8 62 0000000000000003 0000000000000000 ffffffffffffffff
fffffffffffffff8 63 0000000000000001 0000000000000000 ffffffffffffffff
fffffffffffffffc 0 fffffffffffffffc fffffffffffffffc fffffffffffffffc
fffffffffffffffc 1 7ffffffffffffffe fffffffffffffff8 fffffffffffffffe
fffffffffffffffc 2 3fffffffffffffff fffffffffffffff0 ffffffffffffffff
fffffffffffffffc 3 1fffffffffffffff ffffffffffffffe0 ffffffffffffffff
fffffffffffffffc 4 0fffffffffffffff ffffffffffffffc0 ffffffffffffffff
fffffffffffffffc 5 07ffffffffffffff ffffffffffffff80 ffffffffffffffff
fffffffffffffffc 6 03ffffffffffffff ffffffffffffff00 ffffffffffffffff
fffffffffffffffc 7 01ffffffffffffff fffffffffffffe00 ffffffffffffffff
fffffffffffffffc 8 00ffffffffffffff fffffffffffffc00 ffffffffffffffff
fffffffffffffffc 9 007fffffffffffff fffffffffffff800 ffffffffffffffff
fffffffffffffffc 10 003fffffffffffff fffffffffffff000 ffffffffffffffff
fffffffffffffffc 11 001fffffffffffff ffffffffffffe000 ffffffffffffffff
fffffffffffffffc 12 000fffffffffffff ffffffffffffc000 ffffffffffffffff
fffffffffffffffc 13 0007ffffffffffff ffffffffffff8000 ffffffffffffffff
fffffffffffffffc 14 0003ffffffffffff ffffffffffff0000 ffffffffffffffff
fffffffffffffffc 15 0001ffffffffffff fffffffffffe0000 ffffffffffffffff
fffffffffffffffc 16 0000ffffffffffff fffffffffffc0000 ffffffffffffffff
fffffffffffffffc 17 00007fffffffffff fffffffffff80000 ffffffffffffffff
fffffffffffffffc 18 00003fffffffffff fffffffffff00000 ffffffffffffffff
fffffffffffffffc 19 00001fffffffffff ffffffffffe00000 ffffffffffffffff
fffffffffffffffc 20 00000fffffffffff ffffffffffc00000 ffffffffffffffff
fffffffffffffffc 21 000007ffffffffff ffffffffff800000 ffffffffffffffff
fffffffffffffffc 22 000003ffffffffff ffffffffff000000 ffffffffffffffff
fffffffffffffffc 23 000001ffffffffff fffffffffe000000 ffffffffffffffff
fffffffffffffffc 24 000000ffffffffff fffffffffc000000 ffffffffffffffff
fffffffffffffffc 25 0000007fffffffff fffffffff8000000 ffffffffffffffff
fffffffffffffffc 26 0000003fffffffff fffffffff0000000 ffffffffffffffff
fffffffffffffffc 27 0000001fffffffff ffffffffe0000000 ffffffffffffffff
fffffffffffffffc 28 0000000fffffffff ffffffffc0000000 ffffffffffffffff
fffffffffffffffc 29 00000007ffffffff ffffffff80000000 ffffffffffffffff
fffffffffffffffc 30 00000003ffffffff ffffffff00000000 ffffffffffffffff
fffffffffffffffc 31 00000001ffffffff fffffffe00000000 ffffffffffffffff
fffffffffffffffc 32 00000000ffffffff fffffffc00000000 ffffffffffffffff
fffffffffffffffc 33 000000007fffffff fffffff800000000 ffffffffffffffff
fffffffffffffffc 34 000000003fffffff fffffff000000000 ffffffffffffffff
fffffffffffffffc 35 000000001fffffff ffffffe000000000 ffffffffffffffff
fffffffffffffffc 36 000000000fffffff ffffffc000000000 ffffffffffffffff
fffffffffffffffc 37 0000000007ffffff ffffff8000000000 ffffffffffffffff
fffffffffffffffc 38 0000000003ffffff ffffff0000000000 ffffffffffffffff
fffffffffffffffc 39 0000000001ffffff fffffe0000000000 ffffffffffffffff
fffffffffffffffc 40 0000000000ffffff fffffc0000000000 ffffffffffffffff
fffffffffffffffc 41 00000000007fffff fffff80000000000 ffffffffffffffff
fffffffffffffffc 42 00000000003fffff fffff00000000000 ffffffffffffffff
fffffffffffffffc 43 00000000001fffff ffffe00000000000 ffffffffffffffff
fffffffffffffffc 44 00000000000fffff ffffc00000000000 ffffffffffffffff
fffffffffffffffc 45 000000000007ffff ffff800000000000 ffffffffffffffff
fffffffffffffffc 46 000000000003ffff ffff000000000000 ffffffffffffffff
fffffffffffffffc 47 000000000001ffff fffe000000000000 ffffffffffffffff
fffffffffffffffc 48 000000000000ffff fffc000000000000 ffffffffffffffff
fffffffffffffffc 49 0000000000007fff fff8000000000000 ffffffffffffffff
fffffffffffffffc 50 0000000000003fff fff0000000000000 ffffffffffffffff
fffffffffffffffc 51 0000000000001fff ffe0000000000000 ffffffffffffffff
fffffffffffffffc 52 0000000000000fff ffc0000000000000 ffffffffffffffff
fffffffffffffffc 53 00000000000007ff ff80000000000000 ffffffffffffffff
fffffffffffffffc 54 00000000000003ff ff00000000000000 ffffffffffffffff
fffffffffffffffc 55 00000000000001ff fe00000000000000 ffffffffffffffff
fffffffffffffffc 56 00000000000000ff fc00000000000000 ffffffffffffffff
fffffffffffffffc 57 000000000000007f f800000000000000 ffffffffffffffff
fffffffffffffffc 58 000000000000003f f000000000000000 ffffffffffffffff
fffffffffffffffc 59 000000000000001f e000000000000000 ffffffffffffffff
fffffffffffffffc 60 000000000000000f c000000000000000 ffffffffffffffff
fffffffffffffffc 61 0000000000000007 8000000000000000 ffffffffffffffff
fffffffffffffffc 62 0000000000000003 0000000000000000 ffffffffffffffff
fffffffffffffffc 63 0000000000000001 0000000000000000 ffffffffffffffff
fffffffffffffffe 0 fffffffffffffffe fffffffffffffffe fffffffffffffffe
fffffffffffffffe 1 7fffffffffffffff fffffffffffffffc ffffffffffffffff
fffffffffffffffe 2 3fffffffffffffff fffffffffffffff8 ffffffffffffffff
fffffffffffffffe 3 1fffffffffffffff fffffffffffffff0 ffffffffffffffff
fffffffffffffffe 4 0fffffffffffffff ffffffffffffffe0 ffffffffffffffff
fffffffffffffffe 5 07ffffffffffffff ffffffffffffffc0 ffffffffffffffff
fffffffffffffffe 6 03ffffffffffffff ffffffffffffff80 ffffffffffffffff
fffffffffffffffe 7 01ffffffffffffff ffffffffffffff00 ffffffffffffffff
fffffffffffffffe 8 00ffffffffffffff fffffffffffffe00 ffffffffffffffff
fffffffffffffffe 9 007fffffffffffff fffffffffffffc00 ffffffffffffffff
fffffffffffffffe 10 003fffffffffffff fffffffffffff800 ffffffffffffffff
fffffffffffffffe 11 001fffffffffffff fffffffffffff000 ffffffffffffffff
fffffffffffffffe 12 000fffffffffffff ffffffffffffe000 ffffffffffffffff
fffffffffffffffe 13 0007ffffffffffff ffffffffffffc000 ffffffffffffffff
fffffffffffffffe 14 0003ffffffffffff ffffffffffff8000 ffffffffffffffff
fffffffffffffffe 15 0001ffffffffffff ffffffffffff0000 ffffffffffffffff
fffffffffffffffe 16 0000ffffffffffff fffffffffffe0000 ffffffffffffffff
fffffffffffffffe 17 00007fffffffffff fffffffffffc0000 ffffffffffffffff
fffffffffffffffe 18 00003fffffffffff fffffffffff80000 ffffffffffffffff
fffffffffffffffe 19 00001fffffffffff fffffffffff00000 ffffffffffffffff
fffffffffffffffe 20 00000fffffffffff ffffffffffe00000 ffffffffffffffff
fffffffffffffffe 21 000007ffffffffff ffffffffffc00000 ffffffffffffffff
fffffffffffffffe 22 000003ffffffffff ffffffffff800000 ffffffffffffffff
fffffffffffffffe 23 000001ffffffffff ffffffffff000000 ffffffffffffffff
fffffffffffffffe 24 000000ffffffffff fffffffffe000000 ffffffffffffffff
fffffffffffffffe 25 0000007fffffffff fffffffffc000000 ffffffffffffffff
fffffffffffffffe 26 0000003fffffffff fffffffff8000000 ffffffffffffffff
fffffffffffffffe 27 0000001fffffffff fffffffff0000000 ffffffffffffffff
fffffffffffffffe 28 0000000fffffffff ffffffffe0000000 ffffffffffffffff
fffffffffffffffe 29 00000007ffffffff ffffffffc0000000 ffffffffffffffff
fffffffffffffffe 30 00000003ffffffff ffffffff80000000 ffffffffffffffff
fffffffffffffffe 31 00000001ffffffff ffffffff00000000 ffffffffffffffff
fffffffffffffffe 32 00000000ffffffff fffffffe00000000 ffffffffffffffff
fffffffffffffffe 33 000000007fffffff fffffffc00000000 ffffffffffffffff
fffffffffffffffe 34 000000003fffffff fffffff800000000 ffffffffffffffff
fffffffffffffffe 35 000000001fffffff fffffff000000000 ffffffffffffffff
fffffffffffffffe 36 000000000fffffff ffffffe000000000 ffffffffffffffff
fffffffffffffffe 37 0000000007ffffff ffffffc000000000 ffffffffffffffff
fffffffffffffffe 38 0000000003ffffff ffffff8000000000 ffffffffffffffff
fffffffffffffffe 39 0000000001ffffff ffffff0000000000 ffffffffffffffff
fffffffffffffffe 40 0000000000ffffff fffffe0000000000 ffffffffffffffff
fffffffffffffffe 41 00000000007fffff fffffc0000000000 ffffffffffffffff
fffffffffffffffe 42 00000000003fffff fffff80000000000 ffffffffffffffff
fffffffffffffffe 43 00000000001fffff fffff00000000000 ffffffffffffffff
fffffffffffffffe 44 00000000000fffff ffffe00000000000 ffffffffffffffff
fffffffffffffffe 45 000000000007ffff ffffc00000000000 ffffffffffffffff
fffffffffffffffe 46 000000000003ffff ffff800000000000 ffffffffffffffff
fffffffffffffffe 47 000000000001ffff ffff000000000000 ffffffffffffffff
fffffffffffffffe 48 000000000000ffff fffe000000000000 ffffffffffffffff
fffffffffffffffe 49 0000000000007fff fffc000000000000 ffffffffffffffff
fffffffffffffffe 50 0000000000003fff fff8000000000000 ffffffffffffffff
fffffffffffffffe 51 0000000000001fff fff0000000000000 ffffffffffffffff
fffffffffffffffe 52 0000000000000fff ffe0000000000000 ffffffffffffffff
fffffffffffffffe 53 00000000000007ff ffc0000000000000 ffffffffffffffff
fffffffffffffffe 54 00000000000003ff ff80000000000000 ffffffffffffffff
fffffffffffffffe 55 00000000000001ff ff00000000000000 ffffffffffffffff
fffffffffffffffe 56 00000000000000ff fe00000000000000 ffffffffffffffff
fffffffffffffffe 57 000000000000007f fc00000000000000 ffffffffffffffff
fffffffffffffffe 58 000000000000003f f800000000000000 ffffffffffffffff
fffffffffffffffe 59 000000000000001f f000000000000000 ffffffffffffffff
fffffffffffffffe 60 000000000000000f e000000000000000 ffffffffffffffff
fffffffffffffffe 61 0000000000000007 c000000000000000 ffffffffffffffff
fffffffffffffffe 62 0000000000000003 8000000000000000 ffffffffffffffff
fffffffffffffffe 63 0000000000000001 0000000000000000 ffffffffffffffff
ffffffffffffffff 0 ffffffffffffffff ffffffffffffffff ffffffffffffffff
ffffffffffffffff 1 7fffffffffffffff fffffffffffffffe ffffffffffffffff
ffffffffffffffff 2 3fffffffffffffff fffffffffffffffc ffffffffffffffff
ffffffffffffffff 3 1fffffffffffffff fffffffffffffff8 ffffffffffffffff
ffffffffffffffff 4 0fffffffffffffff fffffffffffffff0 ffffffffffffffff
ffffffffffffffff 5 07ffffffffffffff ffffffffffffffe0 ffffffffffffffff
ffffffffffffffff 6 03ffffffffffffff ffffffffffffffc0 ffffffffffffffff
ffffffffffffffff 7 01ffffffffffffff ffffffffffffff80 ffffffffffffffff
ffffffffffffffff 8 00ffffffffffffff ffffffffffffff00 ffffffffffffffff
ffffffffffffffff 9 007fffffffffffff fffffffffffffe00 ffffffffffffffff
ffffffffffffffff 10 003fffffffffffff fffffffffffffc00 ffffffffffffffff
ffffffffffffffff 11 001fffffffffffff fffffffffffff800 ffffffffffffffff
ffffffffffffffff 12 000fffffffffffff fffffffffffff000 ffffffffffffffff
ffffffffffffffff 13 0007ffffffffffff ffffffffffffe000 ffffffffffffffff
ffffffffffffffff 14 0003ffffffffffff ffffffffffffc000 ffffffffffffffff
ffffffffffffffff 15 0001ffffffffffff ffffffffffff8000 ffffffffffffffff
ffffffffffffffff 16 0000ffffffffffff ffffffffffff0000 ffffffffffffffff
ffffffffffffffff 17 00007fffffffffff fffffffffffe0000 ffffffffffffffff
ffffffffffffffff 18 00003fffffffffff fffffffffffc0000 ffffffffffffffff
ffffffffffffffff 19 00001fffffffffff fffffffffff80000 ffffffffffffffff
ffffffffffffffff 20 00000fffffffffff fffffffffff00000 ffffffffffffffff
ffffffffffffffff 21 000007ffffffffff ffffffffffe00000 ffffffffffffffff
ffffffffffffffff 22 000003ffffffffff ffffffffffc00000 ffffffffffffffff
ffffffffffffffff 23 000001ffffffffff ffffffffff800000 ffffffffffffffff
ffffffffffffffff 24 000000ffffffffff ffffffffff000000 ffffffffffffffff
ffffffffffffffff 25 0000007fffffffff fffffffffe000000 ffffffffffffffff
ffffffffffffffff 26 0000003fffffffff fffffffffc000000 ffffffffffffffff
ffffffffffffffff 27 0000001fffffffff fffffffff8000000 ffffffffffffffff
ffffffffffffffff 28 0000000fffffffff fffffffff0000000 ffffffffffffffff
ffffffffffffffff 29 00000007ffffffff ffffffffe0000000 ffffffffffffffff
ffffffffffffffff 30 00000003ffffffff ffffffffc0000000 ffffffffffffffff
ffffffffffffffff 31 00000001ffffffff ffffffff80000000 ffffffffffffffff
ffffffffffffffff 32 00000000ffffffff ffffffff00000000 ffffffffffffffff
ffffffffffffffff 33 000000007fffffff fffffffe00000000 ffffffffffffffff
ffffffffffffffff 34 000000003fffffff fffffffc00000000 ffffffffffffffff
ffffffffffffffff 35 000000001fffffff fffffff800000000 ffffffffffffffff
ffffffffffffffff 36 000000000fffffff fffffff000000000 ffffffffffffffff
ffffffffffffffff 37 0000000007ffffff ffffffe000000000 ffffffffffffffff
ffffffffffffffff 38 0000000003ffffff ffffffc000000000 ffffffffffffffff
ffffffffffffffff 39 0000000001ffffff ffffff8000000000 ffffffffffffffff
ffffffffffffffff 40 0000000000ffffff ffffff0000000000 ffffffffffffffff
ffffffffffffffff 41 00000000007fffff fffffe0000000000 ffffffffffffffff
ffffffffffffffff 42 00000000003fffff fffffc0000000000 ffffffffffffffff
ffffffffffffffff 43 00000000001fffff fffff80000000000 ffffffffffffffff
ffffffffffffffff 44 00000000000fffff fffff00000000000 ffffffffffffffff
ffffffffffffffff 45 000000000007ffff ffffe00000000000 ffffffffffffffff
ffffffffffffffff 46 000000000003ffff ffffc00000000000 ffffffffffffffff
ffffffffffffffff 47 000000000001ffff ffff800000000000 ffffffffffffffff
ffffffffffffffff 48 000000000000ffff ffff000000000000 ffffffffffffffff
ffffffffffffffff 49 0000000000007fff fffe000000000000 ffffffffffffffff
ffffffffffffffff 50 0000000000003fff fffc000000000000 ffffffffffffffff
ffffffffffffffff 51 0000000000001fff fff8000000000000 ffffffffffffffff
ffffffffffffffff 52 0000000000000fff fff0000000000000 ffffffffffffffff
ffffffffffffffff 53 00000000000007ff ffe0000000000000 ffffffffffffffff
ffffffffffffffff 54 00000000000003ff ffc0000000000000 ffffffffffffffff
ffffffffffffffff 55 00000000000001ff ff80000000000000 ffffffffffffffff
ffffffffffffffff 56 00000000000000ff ff00000000000000 ffffffffffffffff
ffffffffffffffff 57 000000000000007f fe00000000000000 ffffffffffffffff
ffffffffffffffff 58 000000000000003f fc00000000000000 ffffffffffffffff
ffffffffffffffff 59 000000000000001f f800000000000000 ffffffffffffffff
ffffffffffffffff 60 000000000000000f f000000000000000 ffffffffffffffff
ffffffffffffffff 61 0000000000000007 e000000000000000 ffffffffffffffff
ffffffffffffffff 62 0000000000000003 c000000000000000 ffffffffffffffff
ffffffffffffffff 63 0000000000000001 8000000000000000 ffffffffffffffff
0000000000000001 -1 0 0 0
0000000000000001 64 0 0 0
