O 0 18432 40d2000000000000
O 1 0 0000000000000000
O 2 0 0000000000000000
O 3 0 0000000000000000
O 4 0 0000000000000000
O 5 0 0000000000000000
O 6 0 0000000000000000
O 7 0 0000000000000000
O 8 0 0000000000000000
O 9 0 0000000000000000
O 10 0 0000000000000000
O 11 0 0000000000000000
O 12 0 0000000000000000
O 13 0 0000000000000000
O 14 0 0000000000000000
O 15 0 0000000000000000
O 16 0 0000000000000000
O 17 0 0000000000000000
O 18 0 0000000000000000
O 19 0 0000000000000000
O 20 0 0000000000000000
O 21 0 0000000000000000
O 22 0 0000000000000000
O 23 0 0000000000000000
O 24 0 0000000000000000
O 25 0 0000000000000000
O 26 0 0000000000000000
O 27 0 0000000000000000
O 28 0 0000000000000000
O 29 0 0000000000000000
O 30 0 0000000000000000
O 31 0 0000000000000000
O 32 0 0000000000000000
O 33 0 0000000000000000
O 34 0 0000000000000000
O 35 0 0000000000000000
O 36 0 0000000000000000
O 37 0 0000000000000000
O 38 0 0000000000000000
O 39 0 0000000000000000
O 40 0 0000000000000000
O 41 0 0000000000000000
O 42 0 0000000000000000
O 43 0 0000000000000000
O 44 0 0000000000000000
O 45 0 0000000000000000
O 46 0 0000000000000000
O 47 0 0000000000000000
O 48 0 0000000000000000
O 49 0 0000000000000000
O 50 0 0000000000000000
O 51 0 0000000000000000
O 52 0 0000000000000000
O 53 0 0000000000000000
O 54 0 0000000000000000
O 55 0 0000000000000000
O 56 0 0000000000000000
O 57 0 0000000000000000
O 58 0 0000000000000000
O 59 0 0000000000000000
O 60 0 0000000000000000
O 61 0 0000000000000000
O 62 0 0000000000000000
O 63 0 0000000000000000
O 64 0 0000000000000000
O 65 0 0000000000000000
O 66 0 0000000000000000
O 67 0 0000000000000000
O 68 0 0000000000000000
O 69 0 0000000000000000
O 70 0 0000000000000000
O 71 0 0000000000000000
O 72 0 0000000000000000
O 73 0 0000000000000000
O 74 0 0000000000000000
O 75 0 0000000000000000
O 76 0 0000000000000000
O 77 0 0000000000000000
O 78 0 0000000000000000
O 79 0 0000000000000000
O 80 0 0000000000000000
O 81 0 0000000000000000
O 82 0 0000000000000000
O 83 0 0000000000000000
O 84 0 0000000000000000
O 85 0 0000000000000000
O 86 0 0000000000000000
O 87 0 0000000000000000
O 88 0 0000000000000000
O 89 0 0000000000000000
O 90 0 0000000000000000
O 91 0 0000000000000000
O 92 0 0000000000000000
O 93 0 0000000000000000
O 94 0 0000000000000000
O 95 0 0000000000000000
O 96 0 0000000000000000
O 97 0 0000000000000000
O 98 0 0000000000000000
O 99 0 0000000000000000
O 100 0 0000000000000000
O 101 0 0000000000000000
O 102 0 0000000000000000
O 103 0 0000000000000000
O 104 0 0000000000000000
O 105 0 0000000000000000
O 106 0 0000000000000000
O 107 0 0000000000000000
O 108 0 0000000000000000
O 109 0 0000000000000000
O 110 0 0000000000000000
O 111 0 0000000000000000
O 112 0 0000000000000000
O 113 0 0000000000000000
O 114 0 0000000000000000
O 115 0 0000000000000000
O 116 0 0000000000000000
O 117 0 0000000000000000
O 118 0 0000000000000000
O 119 0 0000000000000000
O 120 0 0000000000000000
O 121 0 0000000000000000
O 122 0 0000000000000000
O 123 0 0000000000000000
O 124 0 0000000000000000
O 125 0 0000000000000000
O 126 0 0000000000000000
O 127 0 0000000000000000
O 128 0 0000000000000000
O 129 0 0000000000000000
O 130 0 0000000000000000
O 131 0 0000000000000000
O 132 0 0000000000000000
O 133 0 0000000000000000
O 134 0 0000000000000000
O 135 0 0000000000000000
O 136 0 0000000000000000
O 137 0 0000000000000000
O 138 0 0000000000000000
O 139 0 0000000000000000
O 140 0 0000000000000000
O 141 0 0000000000000000
O 142 0 0000000000000000
O 143 0 0000000000000000
O 144 0 0000000000000000
O 145 0 0000000000000000
O 146 0 0000000000000000
O 147 0 0000000000000000
O 148 0 0000000000000000
O 149 0 0000000000000000
O 150 0 0000000000000000
O 151 0 0000000000000000
O 152 0 0000000000000000
O 153 0 0000000000000000
O 154 0 0000000000000000
O 155 0 0000000000000000
O 156 0 0000000000000000
O 157 0 0000000000000000
O 158 0 0000000000000000
O 159 0 0000000000000000
O 160 0 0000000000000000
O 161 0 0000000000000000
O 162 0 0000000000000000
O 163 0 0000000000000000
O 164 0 0000000000000000
O 165 0 0000000000000000
O 166 0 0000000000000000
O 167 0 0000000000000000
O 168 0 0000000000000000
O 169 0 0000000000000000
O 170 0 0000000000000000
O 171 0 0000000000000000
O 172 0 0000000000000000
O 173 0 0000000000000000
O 174 0 0000000000000000
O 175 0 0000000000000000
O 176 0 0000000000000000
O 177 0 0000000000000000
O 178 0 0000000000000000
O 179 0 0000000000000000
O 180 0 0000000000000000
O 181 0 0000000000000000
O 182 0 0000000000000000
O 183 0 0000000000000000
O 184 0 0000000000000000
O 185 0 0000000000000000
O 186 0 0000000000000000
O 187 0 0000000000000000
O 188 0 0000000000000000
O 189 0 0000000000000000
O 190 0 0000000000000000
O 191 0 0000000000000000
O 192 0 0000000000000000
O 193 0 0000000000000000
O 194 0 0000000000000000
O 195 0 0000000000000000
O 196 0 0000000000000000
O 197 0 0000000000000000
O 198 0 0000000000000000
O 199 0 0000000000000000
O 200 0 0000000000000000
O 201 0 0000000000000000
O 202 0 0000000000000000
O 203 0 0000000000000000
O 204 0 0000000000000000
O 205 0 0000000000000000
O 206 0 0000000000000000
O 207 0 0000000000000000
O 208 0 0000000000000000
O 209 0 0000000000000000
O 210 0 0000000000000000
O 211 0 0000000000000000
O 212 0 0000000000000000
O 213 0 0000000000000000
O 214 0 0000000000000000
O 215 0 0000000000000000
O 216 0 0000000000000000
O 217 0 0000000000000000
O 218 0 0000000000000000
O 219 0 0000000000000000
O 220 0 0000000000000000
O 221 0 0000000000000000
O 222 0 0000000000000000
O 223 0 0000000000000000
O 224 0 0000000000000000
O 225 0 0000000000000000
O 226 0 0000000000000000
O 227 0 0000000000000000
O 228 0 0000000000000000
O 229 0 0000000000000000
O 230 0 0000000000000000
O 231 0 0000000000000000
O 232 0 0000000000000000
O 233 0 0000000000000000
O 234 0 0000000000000000
O 235 0 0000000000000000
O 236 0 0000000000000000
O 237 0 0000000000000000
O 238 0 0000000000000000
O 239 0 0000000000000000
O 240 0 0000000000000000
O 241 0 0000000000000000
O 242 0 0000000000000000
O 243 0 0000000000000000
O 244 0 0000000000000000
O 245 0 0000000000000000
O 246 0 0000000000000000
O 247 0 0000000000000000
O 248 0 0000000000000000
O 249 0 0000000000000000
O 250 0 0000000000000000
O 251 0 0000000000000000
O 252 0 0000000000000000
O 253 0 0000000000000000
O 254 0 0000000000000000
O 255 0 0000000000000000
O 256 0 0000000000000000
O 257 0 0000000000000000
O 258 0 0000000000000000
O 259 0 0000000000000000
O 260 0 0000000000000000
O 261 0 0000000000000000
O 262 0 0000000000000000
O 263 0 0000000000000000
O 264 0 0000000000000000
O 265 0 0000000000000000
O 266 0 0000000000000000
O 267 0 0000000000000000
O 268 0 0000000000000000
O 269 0 0000000000000000
O 270 0 0000000000000000
O 271 0 0000000000000000
O 272 0 0000000000000000
O 273 0 0000000000000000
O 274 0 0000000000000000
O 275 0 0000000000000000
O 276 0 0000000000000000
O 277 0 0000000000000000
O 278 0 0000000000000000
O 279 0 0000000000000000
O 280 0 0000000000000000
O 281 0 0000000000000000
O 282 0 0000000000000000
O 283 0 0000000000000000
O 284 0 0000000000000000
O 285 0 0000000000000000
O 286 0 0000000000000000
O 287 0 0000000000000000
O 288 0 0000000000000000
O 289 0 0000000000000000
O 290 0 0000000000000000
O 291 0 0000000000000000
O 292 0 0000000000000000
O 293 0 0000000000000000
O 294 0 0000000000000000
O 295 0 0000000000000000
O 296 0 0000000000000000
O 297 0 0000000000000000
O 298 0 0000000000000000
O 299 0 0000000000000000
O 300 0 0000000000000000
O 301 0 0000000000000000
O 302 0 0000000000000000
O 303 0 0000000000000000
O 304 0 0000000000000000
O 305 0 0000000000000000
O 306 0 0000000000000000
O 307 0 0000000000000000
O 308 0 0000000000000000
O 309 0 0000000000000000
O 310 0 0000000000000000
O 311 0 0000000000000000
O 312 0 0000000000000000
O 313 0 0000000000000000
O 314 0 0000000000000000
O 315 0 0000000000000000
O 316 0 0000000000000000
O 317 0 0000000000000000
O 318 0 0000000000000000
O 319 0 0000000000000000
O 320 0 0000000000000000
O 321 0 0000000000000000
O 322 0 0000000000000000
O 323 0 0000000000000000
O 324 0 0000000000000000
O 325 0 0000000000000000
O 326 0 0000000000000000
O 327 0 0000000000000000
O 328 0 0000000000000000
O 329 0 0000000000000000
O 330 0 0000000000000000
O 331 0 0000000000000000
O 332 0 0000000000000000
O 333 0 0000000000000000
O 334 0 0000000000000000
O 335 0 0000000000000000
O 336 0 0000000000000000
O 337 0 0000000000000000
O 338 0 0000000000000000
O 339 0 0000000000000000
O 340 0 0000000000000000
O 341 0 0000000000000000
O 342 0 0000000000000000
O 343 0 0000000000000000
O 344 0 0000000000000000
O 345 0 0000000000000000
O 346 0 0000000000000000
O 347 0 0000000000000000
O 348 0 0000000000000000
O 349 0 0000000000000000
O 350 0 0000000000000000
O 351 0 0000000000000000
O 352 0 0000000000000000
O 353 0 0000000000000000
O 354 0 0000000000000000
O 355 0 0000000000000000
O 356 0 0000000000000000
O 357 0 0000000000000000
O 358 0 0000000000000000
O 359 0 0000000000000000
O 360 0 0000000000000000
O 361 0 0000000000000000
O 362 0 0000000000000000
O 363 0 0000000000000000
O 364 0 0000000000000000
O 365 0 0000000000000000
O 366 0 0000000000000000
O 367 0 0000000000000000
O 368 0 0000000000000000
O 369 0 0000000000000000
O 370 0 0000000000000000
O 371 0 0000000000000000
O 372 0 0000000000000000
O 373 0 0000000000000000
O 374 0 0000000000000000
O 375 0 0000000000000000
O 376 0 0000000000000000
O 377 0 0000000000000000
O 378 0 0000000000000000
O 379 0 0000000000000000
O 380 0 0000000000000000
O 381 0 0000000000000000
O 382 0 0000000000000000
O 383 0 0000000000000000
O 384 0 0000000000000000
O 385 0 0000000000000000
O 386 0 0000000000000000
O 387 0 0000000000000000
O 388 0 0000000000000000
O 389 0 0000000000000000
O 390 0 0000000000000000
O 391 0 0000000000000000
O 392 0 0000000000000000
O 393 0 0000000000000000
O 394 0 0000000000000000
O 395 0 0000000000000000
O 396 0 0000000000000000
O 397 0 0000000000000000
O 398 0 0000000000000000
O 399 0 0000000000000000
O 400 0 0000000000000000
O 401 0 0000000000000000
O 402 0 0000000000000000
O 403 0 0000000000000000
O 404 0 0000000000000000
O 405 0 0000000000000000
O 406 0 0000000000000000
O 407 0 0000000000000000
O 408 0 0000000000000000
O 409 0 0000000000000000
O 410 0 0000000000000000
O 411 0 0000000000000000
O 412 0 0000000000000000
O 413 0 0000000000000000
O 414 0 0000000000000000
O 415 0 0000000000000000
O 416 0 0000000000000000
O 417 0 0000000000000000
O 418 0 0000000000000000
O 419 0 0000000000000000
O 420 0 0000000000000000
O 421 0 0000000000000000
O 422 0 0000000000000000
O 423 0 0000000000000000
O 424 0 0000000000000000
O 425 0 0000000000000000
O 426 0 0000000000000000
O 427 0 0000000000000000
O 428 0 0000000000000000
O 429 0 0000000000000000
O 430 0 0000000000000000
O 431 0 0000000000000000
O 432 0 0000000000000000
O 433 0 0000000000000000
O 434 0 0000000000000000
O 435 0 0000000000000000
O 436 0 0000000000000000
O 437 0 0000000000000000
O 438 0 0000000000000000
O 439 0 0000000000000000
O 440 0 0000000000000000
O 441 0 0000000000000000
O 442 0 0000000000000000
O 443 0 0000000000000000
O 444 0 0000000000000000
O 445 0 0000000000000000
O 446 0 0000000000000000
O 447 0 0000000000000000
O 448 0 0000000000000000
O 449 0 0000000000000000
O 450 0 0000000000000000
O 451 0 0000000000000000
O 452 0 0000000000000000
O 453 0 0000000000000000
O 454 0 0000000000000000
O 455 0 0000000000000000
O 456 0 0000000000000000
O 457 0 0000000000000000
O 458 0 0000000000000000
O 459 0 0000000000000000
O 460 0 0000000000000000
O 461 0 0000000000000000
O 462 0 0000000000000000
O 463 0 0000000000000000
O 464 0 0000000000000000
O 465 0 0000000000000000
O 466 0 0000000000000000
O 467 0 0000000000000000
O 468 0 0000000000000000
O 469 0 0000000000000000
O 470 0 0000000000000000
O 471 0 0000000000000000
O 472 0 0000000000000000
O 473 0 0000000000000000
O 474 0 0000000000000000
O 475 0 0000000000000000
O 476 0 0000000000000000
O 477 0 0000000000000000
O 478 0 0000000000000000
O 479 0 0000000000000000
O 480 0 0000000000000000
O 481 0 0000000000000000
O 482 0 0000000000000000
O 483 0 0000000000000000
O 484 0 0000000000000000
O 485 0 0000000000000000
O 486 0 0000000000000000
O 487 0 0000000000000000
O 488 0 0000000000000000
O 489 0 0000000000000000
O 490 0 0000000000000000
O 491 0 0000000000000000
O 492 0 0000000000000000
O 493 0 0000000000000000
O 494 0 0000000000000000
O 495 0 0000000000000000
O 496 0 0000000000000000
O 497 0 0000000000000000
O 498 0 0000000000000000
O 499 0 0000000000000000
O 500 0 0000000000000000
O 501 0 0000000000000000
O 502 0 0000000000000000
O 503 0 0000000000000000
O 504 0 0000000000000000
O 505 0 0000000000000000
O 506 0 0000000000000000
O 507 0 0000000000000000
O 508 0 0000000000000000
O 509 0 0000000000000000
O 510 0 0000000000000000
O 511 0 0000000000000000
O 512 0 0000000000000000
O 513 0 0000000000000000
O 514 0 0000000000000000
O 515 0 0000000000000000
O 516 0 0000000000000000
O 517 0 0000000000000000
O 518 0 0000000000000000
O 519 0 0000000000000000
O 520 0 0000000000000000
O 521 0 0000000000000000
O 522 0 0000000000000000
O 523 0 0000000000000000
O 524 0 0000000000000000
O 525 0 0000000000000000
O 526 0 0000000000000000
O 527 0 0000000000000000
O 528 0 0000000000000000
O 529 0 0000000000000000
O 530 0 0000000000000000
O 531 0 0000000000000000
O 532 0 0000000000000000
O 533 0 0000000000000000
O 534 0 0000000000000000
O 535 0 0000000000000000
O 536 0 0000000000000000
O 537 0 0000000000000000
O 538 0 0000000000000000
O 539 0 0000000000000000
O 540 0 0000000000000000
O 541 0 0000000000000000
O 542 0 0000000000000000
O 543 0 0000000000000000
O 544 0 0000000000000000
O 545 0 0000000000000000
O 546 0 0000000000000000
O 547 0 0000000000000000
O 548 0 0000000000000000
O 549 0 0000000000000000
O 550 0 0000000000000000
O 551 0 0000000000000000
O 552 0 0000000000000000
O 553 0 0000000000000000
O 554 0 0000000000000000
O 555 0 0000000000000000
O 556 0 0000000000000000
O 557 0 0000000000000000
O 558 0 0000000000000000
O 559 0 0000000000000000
O 560 0 0000000000000000
O 561 0 0000000000000000
O 562 0 0000000000000000
O 563 0 0000000000000000
O 564 0 0000000000000000
O 565 0 0000000000000000
O 566 0 0000000000000000
O 567 0 0000000000000000
O 568 0 0000000000000000
O 569 0 0000000000000000
O 570 0 0000000000000000
O 571 0 0000000000000000
O 572 0 0000000000000000
O 573 0 0000000000000000
O 574 0 0000000000000000
O 575 0 0000000000000000
O 576 0 0000000000000000
O 577 0 0000000000000000
O 578 0 0000000000000000
O 579 0 0000000000000000
O 580 0 0000000000000000
O 581 0 0000000000000000
O 582 0 0000000000000000
O 583 0 0000000000000000
O 584 0 0000000000000000
O 585 0 0000000000000000
O 586 0 0000000000000000
O 587 0 0000000000000000
O 588 0 0000000000000000
O 589 0 0000000000000000
O 590 0 0000000000000000
O 591 0 0000000000000000
O 592 0 0000000000000000
O 593 0 0000000000000000
O 594 0 0000000000000000
O 595 0 0000000000000000
O 596 0 0000000000000000
O 597 0 0000000000000000
O 598 0 0000000000000000
O 599 0 0000000000000000
O 600 0 0000000000000000
O 601 0 0000000000000000
O 602 0 0000000000000000
O 603 0 0000000000000000
O 604 0 0000000000000000
O 605 0 0000000000000000
O 606 0 0000000000000000
O 607 0 0000000000000000
O 608 0 0000000000000000
O 609 0 0000000000000000
O 610 0 0000000000000000
O 611 0 0000000000000000
O 612 0 0000000000000000
O 613 0 0000000000000000
O 614 0 0000000000000000
O 615 0 0000000000000000
O 616 0 0000000000000000
O 617 0 0000000000000000
O 618 0 0000000000000000
O 619 0 0000000000000000
O 620 0 0000000000000000
O 621 0 0000000000000000
O 622 0 0000000000000000
O 623 0 0000000000000000
O 624 0 0000000000000000
O 625 0 0000000000000000
O 626 0 0000000000000000
O 627 0 0000000000000000
O 628 0 0000000000000000
O 629 0 0000000000000000
O 630 0 0000000000000000
O 631 0 0000000000000000
O 632 0 0000000000000000
O 633 0 0000000000000000
O 634 0 0000000000000000
O 635 0 0000000000000000
O 636 0 0000000000000000
O 637 0 0000000000000000
O 638 0 0000000000000000
O 639 0 0000000000000000
O 640 0 0000000000000000
O 641 0 0000000000000000
O 642 0 0000000000000000
O 643 0 0000000000000000
O 644 0 0000000000000000
O 645 0 0000000000000000
O 646 0 0000000000000000
O 647 0 0000000000000000
O 648 0 0000000000000000
O 649 0 0000000000000000
O 650 0 0000000000000000
O 651 0 0000000000000000
O 652 0 0000000000000000
O 653 0 0000000000000000
O 654 0 0000000000000000
O 655 0 0000000000000000
O 656 0 0000000000000000
O 657 0 0000000000000000
O 658 0 0000000000000000
O 659 0 0000000000000000
O 660 0 0000000000000000
O 661 0 0000000000000000
O 662 0 0000000000000000
O 663 0 0000000000000000
O 664 0 0000000000000000
O 665 0 0000000000000000
O 666 0 0000000000000000
O 667 0 0000000000000000
O 668 0 0000000000000000
O 669 0 0000000000000000
O 670 0 0000000000000000
O 671 0 0000000000000000
O 672 0 0000000000000000
O 673 0 0000000000000000
O 674 0 0000000000000000
O 675 0 0000000000000000
O 676 0 0000000000000000
O 677 0 0000000000000000
O 678 0 0000000000000000
O 679 0 0000000000000000
O 680 0 0000000000000000
O 681 0 0000000000000000
O 682 0 0000000000000000
O 683 0 0000000000000000
O 684 0 0000000000000000
O 685 0 0000000000000000
O 686 0 0000000000000000
O 687 0 0000000000000000
O 688 0 0000000000000000
O 689 0 0000000000000000
O 690 0 0000000000000000
O 691 0 0000000000000000
O 692 0 0000000000000000
O 693 0 0000000000000000
O 694 0 0000000000000000
O 695 0 0000000000000000
O 696 0 0000000000000000
O 697 0 0000000000000000
O 698 0 0000000000000000
O 699 0 0000000000000000
O 700 0 0000000000000000
O 701 0 0000000000000000
O 702 0 0000000000000000
O 703 0 0000000000000000
O 704 0 0000000000000000
O 705 0 0000000000000000
O 706 0 0000000000000000
O 707 0 0000000000000000
O 708 0 0000000000000000
O 709 0 0000000000000000
O 710 0 0000000000000000
O 711 0 0000000000000000
O 712 0 0000000000000000
O 713 0 0000000000000000
O 714 0 0000000000000000
O 715 0 0000000000000000
O 716 0 0000000000000000
O 717 0 0000000000000000
O 718 0 0000000000000000
O 719 0 0000000000000000
O 720 0 0000000000000000
O 721 0 0000000000000000
O 722 0 0000000000000000
O 723 0 0000000000000000
O 724 0 0000000000000000
O 725 0 0000000000000000
O 726 0 0000000000000000
O 727 0 0000000000000000
O 728 0 0000000000000000
O 729 0 0000000000000000
O 730 0 0000000000000000
O 731 0 0000000000000000
O 732 0 0000000000000000
O 733 0 0000000000000000
O 734 0 0000000000000000
O 735 0 0000000000000000
O 736 0 0000000000000000
O 737 0 0000000000000000
O 738 0 0000000000000000
O 739 0 0000000000000000
O 740 0 0000000000000000
O 741 0 0000000000000000
O 742 0 0000000000000000
O 743 0 0000000000000000
O 744 0 0000000000000000
O 745 0 0000000000000000
O 746 0 0000000000000000
O 747 0 0000000000000000
O 748 0 0000000000000000
O 749 0 0000000000000000
O 750 0 0000000000000000
O 751 0 0000000000000000
O 752 0 0000000000000000
O 753 0 0000000000000000
O 754 0 0000000000000000
O 755 0 0000000000000000
O 756 0 0000000000000000
O 757 0 0000000000000000
O 758 0 0000000000000000
O 759 0 0000000000000000
O 760 0 0000000000000000
O 761 0 0000000000000000
O 762 0 0000000000000000
O 763 0 0000000000000000
O 764 0 0000000000000000
O 765 0 0000000000000000
O 766 0 0000000000000000
O 767 0 0000000000000000
O 768 0 0000000000000000
O 769 0 0000000000000000
O 770 0 0000000000000000
O 771 0 0000000000000000
O 772 0 0000000000000000
O 773 0 0000000000000000
O 774 0 0000000000000000
O 775 0 0000000000000000
O 776 0 0000000000000000
O 777 0 0000000000000000
O 778 0 0000000000000000
O 779 0 0000000000000000
O 780 0 0000000000000000
O 781 0 0000000000000000
O 782 0 0000000000000000
O 783 0 0000000000000000
O 784 0 0000000000000000
O 785 0 0000000000000000
O 786 0 0000000000000000
O 787 0 0000000000000000
O 788 0 0000000000000000
O 789 0 0000000000000000
O 790 0 0000000000000000
O 791 0 0000000000000000
O 792 0 0000000000000000
O 793 0 0000000000000000
O 794 0 0000000000000000
O 795 0 0000000000000000
O 796 0 0000000000000000
O 797 0 0000000000000000
O 798 0 0000000000000000
O 799 0 0000000000000000
O 800 0 0000000000000000
O 801 0 0000000000000000
O 802 0 0000000000000000
O 803 0 0000000000000000
O 804 0 0000000000000000
O 805 0 0000000000000000
O 806 0 0000000000000000
O 807 0 0000000000000000
O 808 0 0000000000000000
O 809 0 0000000000000000
O 810 0 0000000000000000
O 811 0 0000000000000000
O 812 0 0000000000000000
O 813 0 0000000000000000
O 814 0 0000000000000000
O 815 0 0000000000000000
O 816 0 0000000000000000
O 817 0 0000000000000000
O 818 0 0000000000000000
O 819 0 0000000000000000
O 820 0 0000000000000000
O 821 0 0000000000000000
O 822 0 0000000000000000
O 823 0 0000000000000000
O 824 0 0000000000000000
O 825 0 0000000000000000
O 826 0 0000000000000000
O 827 0 0000000000000000
O 828 0 0000000000000000
O 829 0 0000000000000000
O 830 0 0000000000000000
O 831 0 0000000000000000
O 832 0 0000000000000000
O 833 0 0000000000000000
O 834 0 0000000000000000
O 835 0 0000000000000000
O 836 0 0000000000000000
O 837 0 0000000000000000
O 838 0 0000000000000000
O 839 0 0000000000000000
O 840 0 0000000000000000
O 841 0 0000000000000000
O 842 0 0000000000000000
O 843 0 0000000000000000
O 844 0 0000000000000000
O 845 0 0000000000000000
O 846 0 0000000000000000
O 847 0 0000000000000000
O 848 0 0000000000000000
O 849 0 0000000000000000
O 850 0 0000000000000000
O 851 0 0000000000000000
O 852 0 0000000000000000
O 853 0 0000000000000000
O 854 0 0000000000000000
O 855 0 0000000000000000
O 856 0 0000000000000000
O 857 0 0000000000000000
O 858 0 0000000000000000
O 859 0 0000000000000000
O 860 0 0000000000000000
O 861 0 0000000000000000
O 862 0 0000000000000000
O 863 0 0000000000000000
O 864 0 0000000000000000
O 865 0 0000000000000000
O 866 0 0000000000000000
O 867 0 0000000000000000
O 868 0 0000000000000000
O 869 0 0000000000000000
O 870 0 0000000000000000
O 871 0 0000000000000000
O 872 0 0000000000000000
O 873 0 0000000000000000
O 874 0 0000000000000000
O 875 0 0000000000000000
O 876 0 0000000000000000
O 877 0 0000000000000000
O 878 0 0000000000000000
O 879 0 0000000000000000
O 880 0 0000000000000000
O 881 0 0000000000000000
O 882 0 0000000000000000
O 883 0 0000000000000000
O 884 0 0000000000000000
O 885 0 0000000000000000
O 886 0 0000000000000000
O 887 0 0000000000000000
O 888 0 0000000000000000
O 889 0 0000000000000000
O 890 0 0000000000000000
O 891 0 0000000000000000
O 892 0 0000000000000000
O 893 0 0000000000000000
O 894 0 0000000000000000
O 895 0 0000000000000000
O 896 0 0000000000000000
O 897 0 0000000000000000
O 898 0 0000000000000000
O 899 0 0000000000000000
O 900 0 0000000000000000
O 901 0 0000000000000000
O 902 0 0000000000000000
O 903 0 0000000000000000
O 904 0 0000000000000000
O 905 0 0000000000000000
O 906 0 0000000000000000
O 907 0 0000000000000000
O 908 0 0000000000000000
O 909 0 0000000000000000
O 910 0 0000000000000000
O 911 0 0000000000000000
O 912 0 0000000000000000
O 913 0 0000000000000000
O 914 0 0000000000000000
O 915 0 0000000000000000
O 916 0 0000000000000000
O 917 0 0000000000000000
O 918 0 0000000000000000
O 919 0 0000000000000000
O 920 0 0000000000000000
O 921 0 0000000000000000
O 922 0 0000000000000000
O 923 0 0000000000000000
O 924 0 0000000000000000
O 925 0 0000000000000000
O 926 0 0000000000000000
O 927 0 0000000000000000
O 928 0 0000000000000000
O 929 0 0000000000000000
O 930 0 0000000000000000
O 931 0 0000000000000000
O 932 0 0000000000000000
O 933 0 0000000000000000
O 934 0 0000000000000000
O 935 0 0000000000000000
O 936 0 0000000000000000
O 937 0 0000000000000000
O 938 0 0000000000000000
O 939 0 0000000000000000
O 940 0 0000000000000000
O 941 0 0000000000000000
O 942 0 0000000000000000
O 943 0 0000000000000000
O 944 0 0000000000000000
O 945 0 0000000000000000
O 946 0 0000000000000000
O 947 0 0000000000000000
O 948 0 0000000000000000
O 949 0 0000000000000000
O 950 0 0000000000000000
O 951 0 0000000000000000
O 952 0 0000000000000000
O 953 0 0000000000000000
O 954 0 0000000000000000
O 955 0 0000000000000000
O 956 0 0000000000000000
O 957 0 0000000000000000
O 958 0 0000000000000000
O 959 0 0000000000000000
O 960 0 0000000000000000
O 961 0 0000000000000000
O 962 0 0000000000000000
O 963 0 0000000000000000
O 964 0 0000000000000000
O 965 0 0000000000000000
O 966 0 0000000000000000
O 967 0 0000000000000000
O 968 0 0000000000000000
O 969 0 0000000000000000
O 970 0 0000000000000000
O 971 0 0000000000000000
O 972 0 0000000000000000
O 973 0 0000000000000000
O 974 0 0000000000000000
O 975 0 0000000000000000
O 976 0 0000000000000000
O 977 0 0000000000000000
O 978 0 0000000000000000
O 979 0 0000000000000000
O 980 0 0000000000000000
O 981 0 0000000000000000
O 982 0 0000000000000000
O 983 0 0000000000000000
O 984 0 0000000000000000
O 985 0 0000000000000000
O 986 0 0000000000000000
O 987 0 0000000000000000
O 988 0 0000000000000000
O 989 0 0000000000000000
O 990 0 0000000000000000
O 991 0 0000000000000000
O 992 0 0000000000000000
O 993 0 0000000000000000
O 994 0 0000000000000000
O 995 0 0000000000000000
O 996 0 0000000000000000
O 997 0 0000000000000000
O 998 0 0000000000000000
O 999 0 0000000000000000
O 1000 0 0000000000000000
O 1001 0 0000000000000000
O 1002 0 0000000000000000
O 1003 0 0000000000000000
O 1004 0 0000000000000000
O 1005 0 0000000000000000
O 1006 0 0000000000000000
O 1007 0 0000000000000000
O 1008 0 0000000000000000
O 1009 0 0000000000000000
O 1010 0 0000000000000000
O 1011 0 0000000000000000
O 1012 0 0000000000000000
O 1013 0 0000000000000000
O 1014 0 0000000000000000
O 1015 0 0000000000000000
O 1016 0 0000000000000000
O 1017 0 0000000000000000
O 1018 0 0000000000000000
O 1019 0 0000000000000000
O 1020 0 0000000000000000
O 1021 0 0000000000000000
O 1022 0 0000000000000000
O 1023 0 0000000000000000
O 1024 0 0000000000000000
O 1025 0 0000000000000000
O 1026 0 0000000000000000
O 1027 0 0000000000000000
O 1028 0 0000000000000000
O 1029 0 0000000000000000
O 1030 0 0000000000000000
O 1031 0 0000000000000000
O 1032 0 0000000000000000
O 1033 0 0000000000000000
O 1034 0 0000000000000000
O 1035 0 0000000000000000
O 1036 0 0000000000000000
O 1037 0 0000000000000000
O 1038 0 0000000000000000
O 1039 0 0000000000000000
O 1040 0 0000000000000000
O 1041 0 0000000000000000
O 1042 0 0000000000000000
O 1043 0 0000000000000000
O 1044 0 0000000000000000
O 1045 0 0000000000000000
O 1046 0 0000000000000000
O 1047 0 0000000000000000
O 1048 0 0000000000000000
O 1049 0 0000000000000000
O 1050 0 0000000000000000
O 1051 0 0000000000000000
O 1052 0 0000000000000000
O 1053 0 0000000000000000
O 1054 0 0000000000000000
O 1055 0 0000000000000000
O 1056 0 0000000000000000
O 1057 0 0000000000000000
O 1058 0 0000000000000000
O 1059 0 0000000000000000
O 1060 0 0000000000000000
O 1061 0 0000000000000000
O 1062 0 0000000000000000
O 1063 0 0000000000000000
O 1064 0 0000000000000000
O 1065 0 0000000000000000
O 1066 0 0000000000000000
O 1067 0 0000000000000000
O 1068 0 0000000000000000
O 1069 0 0000000000000000
O 1070 0 0000000000000000
O 1071 0 0000000000000000
O 1072 0 0000000000000000
O 1073 0 0000000000000000
O 1074 0 0000000000000000
O 1075 0 0000000000000000
O 1076 0 0000000000000000
O 1077 0 0000000000000000
O 1078 0 0000000000000000
O 1079 0 0000000000000000
O 1080 0 0000000000000000
O 1081 0 0000000000000000
O 1082 0 0000000000000000
O 1083 0 0000000000000000
O 1084 0 0000000000000000
O 1085 0 0000000000000000
O 1086 0 0000000000000000
O 1087 0 0000000000000000
O 1088 0 0000000000000000
O 1089 0 0000000000000000
O 1090 0 0000000000000000
O 1091 0 0000000000000000
O 1092 0 0000000000000000
O 1093 0 0000000000000000
O 1094 0 0000000000000000
O 1095 0 0000000000000000
O 1096 0 0000000000000000
O 1097 0 0000000000000000
O 1098 0 0000000000000000
O 1099 0 0000000000000000
O 1100 0 0000000000000000
O 1101 0 0000000000000000
O 1102 0 0000000000000000
O 1103 0 0000000000000000
O 1104 0 0000000000000000
O 1105 0 0000000000000000
O 1106 0 0000000000000000
O 1107 0 0000000000000000
O 1108 0 0000000000000000
O 1109 0 0000000000000000
O 1110 0 0000000000000000
O 1111 0 0000000000000000
O 1112 0 0000000000000000
O 1113 0 0000000000000000
O 1114 0 0000000000000000
O 1115 0 0000000000000000
O 1116 0 0000000000000000
O 1117 0 0000000000000000
O 1118 0 0000000000000000
O 1119 0 0000000000000000
O 1120 0 0000000000000000
O 1121 0 0000000000000000
O 1122 0 0000000000000000
O 1123 0 0000000000000000
O 1124 0 0000000000000000
O 1125 0 0000000000000000
O 1126 0 0000000000000000
O 1127 0 0000000000000000
O 1128 0 0000000000000000
O 1129 0 0000000000000000
O 1130 0 0000000000000000
O 1131 0 0000000000000000
O 1132 0 0000000000000000
O 1133 0 0000000000000000
O 1134 0 0000000000000000
O 1135 0 0000000000000000
O 1136 0 0000000000000000
O 1137 0 0000000000000000
O 1138 0 0000000000000000
O 1139 0 0000000000000000
O 1140 0 0000000000000000
O 1141 0 0000000000000000
O 1142 0 0000000000000000
O 1143 0 0000000000000000
O 1144 0 0000000000000000
O 1145 0 0000000000000000
O 1146 0 0000000000000000
O 1147 0 0000000000000000
O 1148 0 0000000000000000
O 1149 0 0000000000000000
O 1150 0 0000000000000000
O 1151 0 0000000000000000
O 1152 0 0000000000000000
O 1153 0 0000000000000000
O 1154 0 0000000000000000
O 1155 0 0000000000000000
O 1156 0 0000000000000000
O 1157 0 0000000000000000
O 1158 0 0000000000000000
O 1159 0 0000000000000000
O 1160 0 0000000000000000
O 1161 0 0000000000000000
O 1162 0 0000000000000000
O 1163 0 0000000000000000
O 1164 0 0000000000000000
O 1165 0 0000000000000000
O 1166 0 0000000000000000
O 1167 0 0000000000000000
O 1168 0 0000000000000000
O 1169 0 0000000000000000
O 1170 0 0000000000000000
O 1171 0 0000000000000000
O 1172 0 0000000000000000
O 1173 0 0000000000000000
O 1174 0 0000000000000000
O 1175 0 0000000000000000
O 1176 0 0000000000000000
O 1177 0 0000000000000000
O 1178 0 0000000000000000
O 1179 0 0000000000000000
O 1180 0 0000000000000000
O 1181 0 0000000000000000
O 1182 0 0000000000000000
O 1183 0 0000000000000000
O 1184 0 0000000000000000
O 1185 0 0000000000000000
O 1186 0 0000000000000000
O 1187 0 0000000000000000
O 1188 0 0000000000000000
O 1189 0 0000000000000000
O 1190 0 0000000000000000
O 1191 0 0000000000000000
O 1192 0 0000000000000000
O 1193 0 0000000000000000
O 1194 0 0000000000000000
O 1195 0 0000000000000000
O 1196 0 0000000000000000
O 1197 0 0000000000000000
O 1198 0 0000000000000000
O 1199 0 0000000000000000
O 1200 0 0000000000000000
O 1201 0 0000000000000000
O 1202 0 0000000000000000
O 1203 0 0000000000000000
O 1204 0 0000000000000000
O 1205 0 0000000000000000
O 1206 0 0000000000000000
O 1207 0 0000000000000000
O 1208 0 0000000000000000
O 1209 0 0000000000000000
O 1210 0 0000000000000000
O 1211 0 0000000000000000
O 1212 0 0000000000000000
O 1213 0 0000000000000000
O 1214 0 0000000000000000
O 1215 0 0000000000000000
O 1216 0 0000000000000000
O 1217 0 0000000000000000
O 1218 0 0000000000000000
O 1219 0 0000000000000000
O 1220 0 0000000000000000
O 1221 0 0000000000000000
O 1222 0 0000000000000000
O 1223 0 0000000000000000
O 1224 0 0000000000000000
O 1225 0 0000000000000000
O 1226 0 0000000000000000
O 1227 0 0000000000000000
O 1228 0 0000000000000000
O 1229 0 0000000000000000
O 1230 0 0000000000000000
O 1231 0 0000000000000000
O 1232 0 0000000000000000
O 1233 0 0000000000000000
O 1234 0 0000000000000000
O 1235 0 0000000000000000
O 1236 0 0000000000000000
O 1237 0 0000000000000000
O 1238 0 0000000000000000
O 1239 0 0000000000000000
O 1240 0 0000000000000000
O 1241 0 0000000000000000
O 1242 0 0000000000000000
O 1243 0 0000000000000000
O 1244 0 0000000000000000
O 1245 0 0000000000000000
O 1246 0 0000000000000000
O 1247 0 0000000000000000
O 1248 0 0000000000000000
O 1249 0 0000000000000000
O 1250 0 0000000000000000
O 1251 0 0000000000000000
O 1252 0 0000000000000000
O 1253 0 0000000000000000
O 1254 0 0000000000000000
O 1255 0 0000000000000000
O 1256 0 0000000000000000
O 1257 0 0000000000000000
O 1258 0 0000000000000000
O 1259 0 0000000000000000
O 1260 0 0000000000000000
O 1261 0 0000000000000000
O 1262 0 0000000000000000
O 1263 0 0000000000000000
O 1264 0 0000000000000000
O 1265 0 0000000000000000
O 1266 0 0000000000000000
O 1267 0 0000000000000000
O 1268 0 0000000000000000
O 1269 0 0000000000000000
O 1270 0 0000000000000000
O 1271 0 0000000000000000
O 1272 0 0000000000000000
O 1273 0 0000000000000000
O 1274 0 0000000000000000
O 1275 0 0000000000000000
O 1276 0 0000000000000000
O 1277 0 0000000000000000
O 1278 0 0000000000000000
O 1279 0 0000000000000000
O 1280 0 0000000000000000
O 1281 0 0000000000000000
O 1282 0 0000000000000000
O 1283 0 0000000000000000
O 1284 0 0000000000000000
O 1285 0 0000000000000000
O 1286 0 0000000000000000
O 1287 0 0000000000000000
O 1288 0 0000000000000000
O 1289 0 0000000000000000
O 1290 0 0000000000000000
O 1291 0 0000000000000000
O 1292 0 0000000000000000
O 1293 0 0000000000000000
O 1294 0 0000000000000000
O 1295 0 0000000000000000
O 1296 0 0000000000000000
O 1297 0 0000000000000000
O 1298 0 0000000000000000
O 1299 0 0000000000000000
O 1300 0 0000000000000000
O 1301 0 0000000000000000
O 1302 0 0000000000000000
O 1303 0 0000000000000000
O 1304 0 0000000000000000
O 1305 0 0000000000000000
O 1306 0 0000000000000000
O 1307 0 0000000000000000
O 1308 0 0000000000000000
O 1309 0 0000000000000000
O 1310 0 0000000000000000
O 1311 0 0000000000000000
O 1312 0 0000000000000000
O 1313 0 0000000000000000
O 1314 0 0000000000000000
O 1315 0 0000000000000000
O 1316 0 0000000000000000
O 1317 0 0000000000000000
O 1318 0 0000000000000000
O 1319 0 0000000000000000
O 1320 0 0000000000000000
O 1321 0 0000000000000000
O 1322 0 0000000000000000
O 1323 0 0000000000000000
O 1324 0 0000000000000000
O 1325 0 0000000000000000
O 1326 0 0000000000000000
O 1327 0 0000000000000000
O 1328 0 0000000000000000
O 1329 0 0000000000000000
O 1330 0 0000000000000000
O 1331 0 0000000000000000
O 1332 0 0000000000000000
O 1333 0 0000000000000000
O 1334 0 0000000000000000
O 1335 0 0000000000000000
O 1336 0 0000000000000000
O 1337 0 0000000000000000
O 1338 0 0000000000000000
O 1339 0 0000000000000000
O 1340 0 0000000000000000
O 1341 0 0000000000000000
O 1342 0 0000000000000000
O 1343 0 0000000000000000
O 1344 0 0000000000000000
O 1345 0 0000000000000000
O 1346 0 0000000000000000
O 1347 0 0000000000000000
O 1348 0 0000000000000000
O 1349 0 0000000000000000
O 1350 0 0000000000000000
O 1351 0 0000000000000000
O 1352 0 0000000000000000
O 1353 0 0000000000000000
O 1354 0 0000000000000000
O 1355 0 0000000000000000
O 1356 0 0000000000000000
O 1357 0 0000000000000000
O 1358 0 0000000000000000
O 1359 0 0000000000000000
O 1360 0 0000000000000000
O 1361 0 0000000000000000
O 1362 0 0000000000000000
O 1363 0 0000000000000000
O 1364 0 0000000000000000
O 1365 0 0000000000000000
O 1366 0 0000000000000000
O 1367 0 0000000000000000
O 1368 0 0000000000000000
O 1369 0 0000000000000000
O 1370 0 0000000000000000
O 1371 0 0000000000000000
O 1372 0 0000000000000000
O 1373 0 0000000000000000
O 1374 0 0000000000000000
O 1375 0 0000000000000000
O 1376 0 0000000000000000
O 1377 0 0000000000000000
O 1378 0 0000000000000000
O 1379 0 0000000000000000
O 1380 0 0000000000000000
O 1381 0 0000000000000000
O 1382 0 0000000000000000
O 1383 0 0000000000000000
O 1384 0 0000000000000000
O 1385 0 0000000000000000
O 1386 0 0000000000000000
O 1387 0 0000000000000000
O 1388 0 0000000000000000
O 1389 0 0000000000000000
O 1390 0 0000000000000000
O 1391 0 0000000000000000
O 1392 0 0000000000000000
O 1393 0 0000000000000000
O 1394 0 0000000000000000
O 1395 0 0000000000000000
O 1396 0 0000000000000000
O 1397 0 0000000000000000
O 1398 0 0000000000000000
O 1399 0 0000000000000000
O 1400 0 0000000000000000
O 1401 0 0000000000000000
O 1402 0 0000000000000000
O 1403 0 0000000000000000
O 1404 0 0000000000000000
O 1405 0 0000000000000000
O 1406 0 0000000000000000
O 1407 0 0000000000000000
O 1408 0 0000000000000000
O 1409 0 0000000000000000
O 1410 0 0000000000000000
O 1411 0 0000000000000000
O 1412 0 0000000000000000
O 1413 0 0000000000000000
O 1414 0 0000000000000000
O 1415 0 0000000000000000
O 1416 0 0000000000000000
O 1417 0 0000000000000000
O 1418 0 0000000000000000
O 1419 0 0000000000000000
O 1420 0 0000000000000000
O 1421 0 0000000000000000
O 1422 0 0000000000000000
O 1423 0 0000000000000000
O 1424 0 0000000000000000
O 1425 0 0000000000000000
O 1426 0 0000000000000000
O 1427 0 0000000000000000
O 1428 0 0000000000000000
O 1429 0 0000000000000000
O 1430 0 0000000000000000
O 1431 0 0000000000000000
O 1432 0 0000000000000000
O 1433 0 0000000000000000
O 1434 0 0000000000000000
O 1435 0 0000000000000000
O 1436 0 0000000000000000
O 1437 0 0000000000000000
O 1438 0 0000000000000000
O 1439 0 0000000000000000
O 1440 0 0000000000000000
O 1441 0 0000000000000000
O 1442 0 0000000000000000
O 1443 0 0000000000000000
O 1444 0 0000000000000000
O 1445 0 0000000000000000
O 1446 0 0000000000000000
O 1447 0 0000000000000000
O 1448 0 0000000000000000
O 1449 0 0000000000000000
O 1450 0 0000000000000000
O 1451 0 0000000000000000
O 1452 0 0000000000000000
O 1453 0 0000000000000000
O 1454 0 0000000000000000
O 1455 0 0000000000000000
O 1456 0 0000000000000000
O 1457 0 0000000000000000
O 1458 0 0000000000000000
O 1459 0 0000000000000000
O 1460 0 0000000000000000
O 1461 0 0000000000000000
O 1462 0 0000000000000000
O 1463 0 0000000000000000
O 1464 0 0000000000000000
O 1465 0 0000000000000000
O 1466 0 0000000000000000
O 1467 0 0000000000000000
O 1468 0 0000000000000000
O 1469 0 0000000000000000
O 1470 0 0000000000000000
O 1471 0 0000000000000000
O 1472 0 0000000000000000
O 1473 0 0000000000000000
O 1474 0 0000000000000000
O 1475 0 0000000000000000
O 1476 0 0000000000000000
O 1477 0 0000000000000000
O 1478 0 0000000000000000
O 1479 0 0000000000000000
O 1480 0 0000000000000000
O 1481 0 0000000000000000
O 1482 0 0000000000000000
O 1483 0 0000000000000000
O 1484 0 0000000000000000
O 1485 0 0000000000000000
O 1486 0 0000000000000000
O 1487 0 0000000000000000
O 1488 0 0000000000000000
O 1489 0 0000000000000000
O 1490 0 0000000000000000
O 1491 0 0000000000000000
O 1492 0 0000000000000000
O 1493 0 0000000000000000
O 1494 0 0000000000000000
O 1495 0 0000000000000000
O 1496 0 0000000000000000
O 1497 0 0000000000000000
O 1498 0 0000000000000000
O 1499 0 0000000000000000
O 1500 0 0000000000000000
O 1501 0 0000000000000000
O 1502 0 0000000000000000
O 1503 0 0000000000000000
O 1504 0 0000000000000000
O 1505 0 0000000000000000
O 1506 0 0000000000000000
O 1507 0 0000000000000000
O 1508 0 0000000000000000
O 1509 0 0000000000000000
O 1510 0 0000000000000000
O 1511 0 0000000000000000
O 1512 0 0000000000000000
O 1513 0 0000000000000000
O 1514 0 0000000000000000
O 1515 0 0000000000000000
O 1516 0 0000000000000000
O 1517 0 0000000000000000
O 1518 0 0000000000000000
O 1519 0 0000000000000000
O 1520 0 0000000000000000
O 1521 0 0000000000000000
O 1522 0 0000000000000000
O 1523 0 0000000000000000
O 1524 0 0000000000000000
O 1525 0 0000000000000000
O 1526 0 0000000000000000
O 1527 0 0000000000000000
O 1528 0 0000000000000000
O 1529 0 0000000000000000
O 1530 0 0000000000000000
O 1531 0 0000000000000000
O 1532 0 0000000000000000
O 1533 0 0000000000000000
O 1534 0 0000000000000000
O 1535 0 0000000000000000
F
V 40d2000000000000 40d2000000000000 40d2000000000000 40d2000000000000 40d2000000000000 40d2000000000000 40d2000000000000 40d2000000000000 40d2000000000000 40d2000000000000 40d2000000000000 40d2000000000000 40d2000000000000 40d2000000000000 40d2000000000000 40d2000000000000 40d2000000000000 40d2000000000000 40d2000000000000 40d2000000000000 40d2000000000000 40d2000000000000 40d2000000000000 40d2000000000000 40d2000000000000 40d2000000000000 40d2000000000000 40d2000000000000 40d2000000000000 40d2000000000000 40d2000000000000 40d2000000000000 40d2000000000000 40d2000000000000 40d2000000000000 40d2000000000000 40d2000000000000 40d2000000000000 40d2000000000000 40d2000000000000 40d2000000000000 40d2000000000000 40d2000000000000 40d2000000000000 40d2000000000000 40d2000000000000 40d2000000000000 40d2000000000000 40d2000000000000 40d2000000000000 40d2000000000000 40d2000000000000 40d2000000000000 40d2000000000000 40d2000000000000 40d2000000000000 40d2000000000000 40d2000000000000 40d2000000000000 40d2000000000000 40d2000000000000 40d2000000000000 40d2000000000000 40d2000000000000 40d2000000000000 40d2000000000000 40d2000000000000 40d2000000000000 40d2000000000000 40d2000000000000 40d2000000000000 40d2000000000000 40d2000000000000 40d2000000000000 40d2000000000000 40d2000000000000 40d2000000000000 40d2000000000000 40d2000000000000 40d2000000000000 40d2000000000000 40d2000000000000 40d2000000000000 40d2000000000000 40d2000000000000 40d2000000000000 40d2000000000000 40d2000000000000 40d2000000000000 40d2000000000000 40d2000000000000 40d2000000000000 40d2000000000000 40d2000000000000 40d2000000000000 40d2000000000000 40d2000000000000 40d2000000000000 40d2000000000000 40d2000000000000 40d2000000000000 40d2000000000000 40d2000000000000 40d2000000000000 40d2000000000000 40d2000000000000 40d2000000000000 40d2000000000000 40d2000000000000 40d2000000000000 40d2000000000000 40d2000000000000 40d2000000000000 40d2000000000000 40d2000000000000 40d2000000000000 40d2000000000000 40d2000000000000 40d2000000000000 40d2000000000000 40d2000000000000 40d2000000000000 40d2000000000000 40d2000000000000 40d2000000000000 40d2000000000000 40d2000000000000 40d2000000000000 40d2000000000000 40d2000000000000 40d2000000000000 40d2000000000000 40d2000000000000 40d2000000000000 40d2000000000000 40d2000000000000 40d2000000000000 40d2000000000000 40d2000000000000 40d2000000000000 40d2000000000000 40d2000000000000 40d2000000000000 40d2000000000000 40d2000000000000 40d2000000000000 40d2000000000000 40d2000000000000 40d2000000000000 40d2000000000000 40d2000000000000 40d2000000000000 40d2000000000000 40d2000000000000 40d2000000000000 40d2000000000000 40d2000000000000 40d2000000000000 40d2000000000000 40d2000000000000 40d2000000000000 40d2000000000000 40d2000000000000 40d2000000000000 40d2000000000000 40d2000000000000 40d2000000000000 40d2000000000000 40d2000000000000 40d2000000000000 40d2000000000000 40d2000000000000 40d2000000000000 40d2000000000000 40d2000000000000 40d2000000000000 40d2000000000000 40d2000000000000 40d2000000000000 40d2000000000000 40d2000000000000 40d2000000000000 40d2000000000000 40d2000000000000 40d2000000000000 40d2000000000000 40d2000000000000 40d2000000000000 40d2000000000000 40d2000000000000 40d2000000000000 40d2000000000000 40d2000000000000 40d2000000000000 40d2000000000000 40d2000000000000 40d2000000000000 40d2000000000000 40d2000000000000 40d2000000000000 40d2000000000000 40d2000000000000 40d2000000000000 40d2000000000000 40d2000000000000 40d2000000000000 40d2000000000000 40d2000000000000 40d2000000000000 40d2000000000000 40d2000000000000 40d2000000000000 40d2000000000000 40d2000000000000 40d2000000000000 40d2000000000000 40d2000000000000 40d2000000000000 40d2000000000000 40d2000000000000 40d2000000000000 40d2000000000000 40d2000000000000 40d2000000000000 40d2000000000000 40d2000000000000 40d2000000000000 40d2000000000000 40d2000000000000 40d2000000000000 40d2000000000000 40d2000000000000 40d2000000000000 40d2000000000000 40d2000000000000 40d2000000000000 40d2000000000000 40d2000000000000 40d2000000000000 40d2000000000000 40d2000000000000 40d2000000000000 40d2000000000000 40d2000000000000 40d2000000000000 40d2000000000000 40d2000000000000 40d2000000000000 40d2000000000000 40d2000000000000 40d2000000000000 40d2000000000000 40d2000000000000 40d2000000000000 40d2000000000000 40d2000000000000 40d2000000000000 40d2000000000000 40d2000000000000 40d2000000000000 40d2000000000000 40d2000000000000 40d2000000000000 40d2000000000000 40d2000000000000 40d2000000000000 40d2000000000000 40d2000000000000 40d2000000000000 40d2000000000000 40d2000000000000 40d2000000000000 40d2000000000000 40d2000000000000 40d2000000000000 40d2000000000000 40d2000000000000 40d2000000000000 40d2000000000000 40d2000000000000 40d2000000000000 40d2000000000000 40d2000000000000 40d2000000000000 40d2000000000000 40d2000000000000 40d2000000000000 40d2000000000000 40d2000000000000 40d2000000000000 40d2000000000000 40d2000000000000 40d2000000000000 40d2000000000000 40d2000000000000 40d2000000000000 40d2000000000000 40d2000000000000 40d2000000000000 40d2000000000000 40d2000000000000 40d2000000000000 40d2000000000000 40d2000000000000 40d2000000000000 40d2000000000000 40d2000000000000 40d2000000000000 40d2000000000000 40d2000000000000 40d2000000000000 40d2000000000000 40d2000000000000 40d2000000000000 40d2000000000000 40d2000000000000 40d2000000000000 40d2000000000000 40d2000000000000 40d2000000000000 40d2000000000000 40d2000000000000 40d2000000000000 40d2000000000000 40d2000000000000 40d2000000000000 40d2000000000000 40d2000000000000 40d2000000000000 40d2000000000000 40d2000000000000 40d2000000000000 40d2000000000000 40d2000000000000 40d2000000000000 40d2000000000000 40d2000000000000 40d2000000000000 40d2000000000000 40d2000000000000 40d2000000000000 40d2000000000000 40d2000000000000 40d2000000000000 40d2000000000000 40d2000000000000 40d2000000000000 40d2000000000000 40d2000000000000 40d2000000000000 40d2000000000000 40d2000000000000 40d2000000000000 40d2000000000000 40d2000000000000 40d2000000000000 40d2000000000000 40d2000000000000 40d2000000000000 40d2000000000000 40d2000000000000 40d2000000000000 40d2000000000000 40d2000000000000 40d2000000000000 40d2000000000000 40d2000000000000 40d2000000000000 40d2000000000000 40d2000000000000 40d2000000000000 40d2000000000000 40d2000000000000 40d2000000000000 40d2000000000000 40d2000000000000 40d2000000000000 40d2000000000000 40d2000000000000 40d2000000000000 40d2000000000000 40d2000000000000 40d2000000000000 40d2000000000000 40d2000000000000 40d2000000000000 40d2000000000000 40d2000000000000 40d2000000000000 40d2000000000000 40d2000000000000 40d2000000000000 40d2000000000000 40d2000000000000 40d2000000000000 40d2000000000000 40d2000000000000 40d2000000000000 40d2000000000000 40d2000000000000 40d2000000000000 40d2000000000000 40d2000000000000 40d2000000000000 40d2000000000000 40d2000000000000 40d2000000000000 40d2000000000000 40d2000000000000 40d2000000000000 40d2000000000000 40d2000000000000 40d2000000000000 40d2000000000000 40d2000000000000 40d2000000000000 40d2000000000000 40d2000000000000 40d2000000000000 40d2000000000000 40d2000000000000 40d2000000000000 40d2000000000000 40d2000000000000 40d2000000000000 40d2000000000000 40d2000000000000 40d2000000000000 40d2000000000000 40d2000000000000 40d2000000000000 40d2000000000000 40d2000000000000 40d2000000000000 40d2000000000000 40d2000000000000 40d2000000000000 40d2000000000000 40d2000000000000 40d2000000000000 40d2000000000000 40d2000000000000 40d2000000000000 40d2000000000000 40d2000000000000 40d2000000000000 40d2000000000000 40d2000000000000 40d2000000000000 40d2000000000000 40d2000000000000 40d2000000000000 40d2000000000000 40d2000000000000 40d2000000000000 40d2000000000000 40d2000000000000 40d2000000000000 40d2000000000000 40d2000000000000 40d2000000000000 40d2000000000000 40d2000000000000 40d2000000000000 40d2000000000000 40d2000000000000 40d2000000000000 40d2000000000000 40d2000000000000 40d2000000000000 40d2000000000000 40d2000000000000 40d2000000000000 40d2000000000000 40d2000000000000 40d2000000000000 40d2000000000000 40d2000000000000 40d2000000000000 40d2000000000000 40d2000000000000 40d2000000000000 40d2000000000000 40d2000000000000 40d2000000000000 40d2000000000000 40d2000000000000 40d2000000000000 40d2000000000000 40d2000000000000 40d2000000000000 40d2000000000000 40d2000000000000 40d2000000000000 40d2000000000000 40d2000000000000 40d2000000000000 40d2000000000000 40d2000000000000 40d2000000000000 40d2000000000000 40d2000000000000 40d2000000000000 40d2000000000000 40d2000000000000 40d2000000000000 40d2000000000000 40d2000000000000 40d2000000000000 40d2000000000000 40d2000000000000 40d2000000000000 40d2000000000000 40d2000000000000 40d2000000000000 40d2000000000000 40d2000000000000 40d2000000000000 40d2000000000000 40d2000000000000 40d2000000000000 40d2000000000000 40d2000000000000 40d2000000000000 40d2000000000000 40d2000000000000 40d2000000000000 40d2000000000000 40d2000000000000 40d2000000000000 40d2000000000000 40d2000000000000 40d2000000000000 40d2000000000000 40d2000000000000 40d2000000000000 40d2000000000000 40d2000000000000 40d2000000000000 40d2000000000000 40d2000000000000 40d2000000000000 40d2000000000000 40d2000000000000 40d2000000000000 40d2000000000000 40d2000000000000 40d2000000000000 40d2000000000000 40d2000000000000 40d2000000000000 40d2000000000000 40d2000000000000 40d2000000000000 40d2000000000000 40d2000000000000 40d2000000000000 40d2000000000000 40d2000000000000 40d2000000000000 40d2000000000000 40d2000000000000 40d2000000000000 40d2000000000000 40d2000000000000 40d2000000000000 40d2000000000000 40d2000000000000 40d2000000000000 40d2000000000000 40d2000000000000 40d2000000000000 40d2000000000000 40d2000000000000 40d2000000000000 40d2000000000000 40d2000000000000 40d2000000000000 40d2000000000000 40d2000000000000 40d2000000000000 40d2000000000000 40d2000000000000 40d2000000000000 40d2000000000000 40d2000000000000 40d2000000000000 40d2000000000000 40d2000000000000 40d2000000000000 40d2000000000000 40d2000000000000 40d2000000000000 40d2000000000000 40d2000000000000 40d2000000000000 40d2000000000000 40d2000000000000 40d2000000000000 40d2000000000000 40d2000000000000 40d2000000000000 40d2000000000000 40d2000000000000 40d2000000000000 40d2000000000000 40d2000000000000 40d2000000000000 40d2000000000000 40d2000000000000 40d2000000000000 40d2000000000000 40d2000000000000 40d2000000000000 40d2000000000000 40d2000000000000 40d2000000000000 40d2000000000000 40d2000000000000 40d2000000000000 40d2000000000000 40d2000000000000 40d2000000000000 40d2000000000000 40d2000000000000 40d2000000000000 40d2000000000000 40d2000000000000 40d2000000000000 40d2000000000000 40d2000000000000 40d2000000000000 40d2000000000000 40d2000000000000 40d2000000000000 40d2000000000000 40d2000000000000 40d2000000000000 40d2000000000000 40d2000000000000 40d2000000000000 40d2000000000000 40d2000000000000 40d2000000000000 40d2000000000000 40d2000000000000 40d2000000000000 40d2000000000000 40d2000000000000 40d2000000000000 40d2000000000000 40d2000000000000 40d2000000000000 40d2000000000000 40d2000000000000 40d2000000000000 40d2000000000000 40d2000000000000 40d2000000000000 40d2000000000000 40d2000000000000 40d2000000000000 40d2000000000000 40d2000000000000 40d2000000000000 40d2000000000000 40d2000000000000 40d2000000000000 40d2000000000000 40d2000000000000 40d2000000000000 40d2000000000000 40d2000000000000 40d2000000000000 40d2000000000000 40d2000000000000 40d2000000000000 40d2000000000000 40d2000000000000 40d2000000000000 40d2000000000000 40d2000000000000 40d2000000000000 40d2000000000000 40d2000000000000 40d2000000000000 40d2000000000000 40d2000000000000 40d2000000000000 40d2000000000000 40d2000000000000 40d2000000000000 40d2000000000000 40d2000000000000 40d2000000000000 40d2000000000000 40d2000000000000 40d2000000000000 40d2000000000000 40d2000000000000 40d2000000000000 40d2000000000000 40d2000000000000 40d2000000000000 40d2000000000000 40d2000000000000 40d2000000000000 40d2000000000000 40d2000000000000 40d2000000000000 40d2000000000000 40d2000000000000 40d2000000000000 40d2000000000000 40d2000000000000 40d2000000000000 40d2000000000000 40d2000000000000 40d2000000000000 40d2000000000000 40d2000000000000 40d2000000000000 40d2000000000000 40d2000000000000 40d2000000000000 40d2000000000000 40d2000000000000 40d2000000000000 40d2000000000000 40d2000000000000 40d2000000000000 40d2000000000000 40d2000000000000 40d2000000000000 40d2000000000000 40d2000000000000 40d2000000000000 40d2000000000000 40d2000000000000 40d2000000000000 40d2000000000000 40d2000000000000 40d2000000000000 40d2000000000000 40d2000000000000 40d2000000000000 40d2000000000000 40d2000000000000 40d2000000000000 40d2000000000000 40d2000000000000 40d2000000000000 40d2000000000000 40d2000000000000 40d2000000000000 40d2000000000000 40d2000000000000 40d2000000000000 40d2000000000000 40d2000000000000 40d2000000000000 40d2000000000000 40d2000000000000 40d2000000000000 40d2000000000000 40d2000000000000 40d2000000000000 40d2000000000000 0000000000000000 0000000000000000 0000000000000000 0000000000000000 0000000000000000 0000000000000000 0000000000000000 0000000000000000 0000000000000000 0000000000000000 0000000000000000 0000000000000000 0000000000000000 0000000000000000 0000000000000000 0000000000000000 0000000000000000 0000000000000000 0000000000000000 0000000000000000 0000000000000000 0000000000000000 0000000000000000 0000000000000000 0000000000000000 0000000000000000 0000000000000000 0000000000000000 0000000000000000 0000000000000000 0000000000000000 0000000000000000 0000000000000000 0000000000000000 0000000000000000 0000000000000000 0000000000000000 0000000000000000 0000000000000000 0000000000000000 0000000000000000 0000000000000000 0000000000000000 0000000000000000 0000000000000000 0000000000000000 0000000000000000 0000000000000000 0000000000000000 0000000000000000 0000000000000000 0000000000000000 0000000000000000 0000000000000000 0000000000000000 0000000000000000 0000000000000000 0000000000000000 0000000000000000 0000000000000000 0000000000000000 0000000000000000 0000000000000000 0000000000000000 0000000000000000 0000000000000000 0000000000000000 0000000000000000 0000000000000000 0000000000000000 0000000000000000 0000000000000000 0000000000000000 0000000000000000 0000000000000000 0000000000000000 0000000000000000 0000000000000000 0000000000000000 0000000000000000 0000000000000000 0000000000000000 0000000000000000 0000000000000000 0000000000000000 0000000000000000 0000000000000000 0000000000000000 0000000000000000 0000000000000000 0000000000000000 0000000000000000 0000000000000000 0000000000000000 0000000000000000 0000000000000000 0000000000000000 0000000000000000 0000000000000000 0000000000000000 0000000000000000 0000000000000000 0000000000000000 0000000000000000 0000000000000000 0000000000000000 0000000000000000 0000000000000000 0000000000000000 0000000000000000 0000000000000000 0000000000000000 0000000000000000 0000000000000000 0000000000000000 0000000000000000 0000000000000000 0000000000000000 0000000000000000 0000000000000000 0000000000000000 0000000000000000 0000000000000000 0000000000000000 0000000000000000 0000000000000000 0000000000000000 0000000000000000 0000000000000000 0000000000000000 0000000000000000 0000000000000000 0000000000000000 0000000000000000 0000000000000000 0000000000000000 0000000000000000 0000000000000000 0000000000000000 0000000000000000 0000000000000000 0000000000000000 0000000000000000 0000000000000000 0000000000000000 0000000000000000 0000000000000000 0000000000000000 0000000000000000 0000000000000000 0000000000000000 0000000000000000 0000000000000000 0000000000000000 0000000000000000 0000000000000000 0000000000000000 0000000000000000 0000000000000000 0000000000000000 0000000000000000 0000000000000000 0000000000000000 0000000000000000 0000000000000000 0000000000000000 0000000000000000 0000000000000000 0000000000000000 0000000000000000 0000000000000000 0000000000000000 0000000000000000 0000000000000000 0000000000000000 0000000000000000 0000000000000000 0000000000000000 0000000000000000 0000000000000000 0000000000000000 0000000000000000 0000000000000000 0000000000000000 0000000000000000 0000000000000000 0000000000000000 0000000000000000 0000000000000000 0000000000000000 0000000000000000 0000000000000000 0000000000000000 0000000000000000 0000000000000000 0000000000000000 0000000000000000 0000000000000000 0000000000000000 0000000000000000 0000000000000000 0000000000000000 0000000000000000 0000000000000000 0000000000000000 0000000000000000 0000000000000000 0000000000000000 0000000000000000 0000000000000000 0000000000000000 0000000000000000 0000000000000000 0000000000000000 0000000000000000 0000000000000000 0000000000000000 0000000000000000 0000000000000000 0000000000000000 0000000000000000 0000000000000000 0000000000000000 0000000000000000 0000000000000000 0000000000000000 0000000000000000 0000000000000000 0000000000000000 0000000000000000 0000000000000000 0000000000000000 0000000000000000 0000000000000000 0000000000000000 0000000000000000 0000000000000000 0000000000000000 0000000000000000 0000000000000000 0000000000000000 0000000000000000 0000000000000000 0000000000000000 0000000000000000 0000000000000000 0000000000000000 0000000000000000 0000000000000000 0000000000000000 0000000000000000 0000000000000000 0000000000000000 0000000000000000 0000000000000000 0000000000000000 0000000000000000 0000000000000000 0000000000000000 0000000000000000 0000000000000000 0000000000000000 0000000000000000 0000000000000000 0000000000000000 0000000000000000 0000000000000000 0000000000000000 0000000000000000 0000000000000000 0000000000000000 0000000000000000 0000000000000000 0000000000000000 0000000000000000 0000000000000000 0000000000000000 0000000000000000 0000000000000000 0000000000000000 0000000000000000 0000000000000000 0000000000000000 0000000000000000 0000000000000000 0000000000000000 0000000000000000 0000000000000000 0000000000000000 0000000000000000 0000000000000000 0000000000000000 0000000000000000 0000000000000000 0000000000000000 0000000000000000 0000000000000000 0000000000000000 0000000000000000 0000000000000000 0000000000000000 0000000000000000 0000000000000000 0000000000000000 0000000000000000 0000000000000000 0000000000000000 0000000000000000 0000000000000000 0000000000000000 0000000000000000 0000000000000000 0000000000000000 0000000000000000 0000000000000000 0000000000000000 0000000000000000 0000000000000000 0000000000000000 0000000000000000 0000000000000000 0000000000000000 0000000000000000 0000000000000000 0000000000000000 0000000000000000 0000000000000000 0000000000000000 0000000000000000 0000000000000000 0000000000000000 0000000000000000 0000000000000000 0000000000000000 0000000000000000 0000000000000000 0000000000000000 0000000000000000 0000000000000000 0000000000000000 0000000000000000 0000000000000000 0000000000000000 0000000000000000 0000000000000000 0000000000000000 0000000000000000 0000000000000000 0000000000000000 0000000000000000 0000000000000000 0000000000000000 0000000000000000 0000000000000000 0000000000000000 0000000000000000 0000000000000000 0000000000000000 0000000000000000 0000000000000000 0000000000000000 0000000000000000 0000000000000000 0000000000000000 0000000000000000 0000000000000000 0000000000000000 0000000000000000 0000000000000000 0000000000000000 0000000000000000 0000000000000000 0000000000000000 0000000000000000 0000000000000000 0000000000000000 0000000000000000 0000000000000000 0000000000000000 0000000000000000 0000000000000000 0000000000000000 0000000000000000 0000000000000000 0000000000000000 0000000000000000 0000000000000000 0000000000000000 0000000000000000 0000000000000000 0000000000000000 0000000000000000 0000000000000000 0000000000000000 0000000000000000 0000000000000000 0000000000000000 0000000000000000 0000000000000000 0000000000000000 0000000000000000 0000000000000000 0000000000000000 0000000000000000 0000000000000000 0000000000000000 0000000000000000 0000000000000000 0000000000000000 0000000000000000 0000000000000000 0000000000000000 0000000000000000 0000000000000000 0000000000000000 0000000000000000 0000000000000000 0000000000000000 0000000000000000 0000000000000000 0000000000000000 0000000000000000 0000000000000000 0000000000000000 0000000000000000 0000000000000000 0000000000000000 0000000000000000 0000000000000000 0000000000000000 0000000000000000 0000000000000000 0000000000000000 0000000000000000 0000000000000000 0000000000000000 0000000000000000 0000000000000000 0000000000000000 0000000000000000 0000000000000000 0000000000000000 0000000000000000 0000000000000000 0000000000000000 0000000000000000 0000000000000000 0000000000000000 0000000000000000 0000000000000000 0000000000000000 0000000000000000 0000000000000000 0000000000000000 0000000000000000 0000000000000000 0000000000000000 0000000000000000 0000000000000000 0000000000000000 0000000000000000 0000000000000000 0000000000000000 0000000000000000 0000000000000000 0000000000000000 0000000000000000 0000000000000000 0000000000000000 0000000000000000 0000000000000000 0000000000000000 0000000000000000 0000000000000000 0000000000000000 0000000000000000 0000000000000000 0000000000000000 0000000000000000 0000000000000000 0000000000000000 0000000000000000 0000000000000000 0000000000000000 0000000000000000 0000000000000000 0000000000000000 0000000000000000 0000000000000000 0000000000000000 0000000000000000 0000000000000000 0000000000000000 0000000000000000 0000000000000000 0000000000000000 0000000000000000 0000000000000000 0000000000000000 0000000000000000 0000000000000000 0000000000000000 0000000000000000 0000000000000000 0000000000000000 0000000000000000 0000000000000000 0000000000000000 0000000000000000 0000000000000000 0000000000000000 0000000000000000 0000000000000000 0000000000000000 0000000000000000 0000000000000000 0000000000000000 0000000000000000 0000000000000000 0000000000000000 0000000000000000 0000000000000000 0000000000000000 0000000000000000 0000000000000000 0000000000000000 0000000000000000 0000000000000000 0000000000000000 0000000000000000 0000000000000000 0000000000000000 0000000000000000 0000000000000000 0000000000000000 0000000000000000 0000000000000000 0000000000000000 0000000000000000 0000000000000000 0000000000000000 0000000000000000 0000000000000000 0000000000000000 0000000000000000 0000000000000000 0000000000000000 0000000000000000 0000000000000000 0000000000000000 0000000000000000 0000000000000000 0000000000000000 0000000000000000 0000000000000000 0000000000000000 0000000000000000 0000000000000000 0000000000000000 0000000000000000 0000000000000000 0000000000000000 0000000000000000 0000000000000000 0000000000000000 0000000000000000 0000000000000000 0000000000000000 0000000000000000 0000000000000000 0000000000000000 0000000000000000 0000000000000000 0000000000000000 0000000000000000 0000000000000000 0000000000000000 0000000000000000 0000000000000000 0000000000000000 0000000000000000 0000000000000000 0000000000000000 0000000000000000 0000000000000000 0000000000000000 0000000000000000 0000000000000000 0000000000000000 0000000000000000 0000000000000000 0000000000000000 0000000000000000 0000000000000000 0000000000000000 0000000000000000 0000000000000000 0000000000000000 0000000000000000 0000000000000000 0000000000000000 0000000000000000 0000000000000000 0000000000000000 0000000000000000 0000000000000000 0000000000000000 0000000000000000 0000000000000000 0000000000000000 0000000000000000 0000000000000000 0000000000000000 0000000000000000 0000000000000000 0000000000000000 0000000000000000 0000000000000000 0000000000000000 0000000000000000 0000000000000000 0000000000000000 0000000000000000 0000000000000000 0000000000000000 0000000000000000 0000000000000000 0000000000000000 0000000000000000 0000000000000000 0000000000000000 0000000000000000 0000000000000000 0000000000000000 0000000000000000 0000000000000000 0000000000000000 0000000000000000 0000000000000000 0000000000000000 0000000000000000 0000000000000000 0000000000000000 0000000000000000 0000000000000000 0000000000000000 0000000000000000 0000000000000000 0000000000000000 0000000000000000 0000000000000000 0000000000000000 0000000000000000 0000000000000000 0000000000000000 0000000000000000 0000000000000000 0000000000000000 0000000000000000 0000000000000000 0000000000000000 0000000000000000 0000000000000000 0000000000000000 0000000000000000 0000000000000000 0000000000000000 0000000000000000 0000000000000000 0000000000000000 0000000000000000 0000000000000000 0000000000000000 0000000000000000 0000000000000000 0000000000000000 0000000000000000 0000000000000000 0000000000000000 0000000000000000 0000000000000000 0000000000000000 0000000000000000 0000000000000000 0000000000000000 0000000000000000 0000000000000000 0000000000000000 0000000000000000 0000000000000000 0000000000000000 0000000000000000 0000000000000000 0000000000000000 0000000000000000 0000000000000000 0000000000000000 0000000000000000 0000000000000000 0000000000000000 0000000000000000 0000000000000000 0000000000000000 0000000000000000 0000000000000000 0000000000000000 0000000000000000 0000000000000000 0000000000000000 0000000000000000 0000000000000000 0000000000000000 0000000000000000 0000000000000000 0000000000000000 0000000000000000 0000000000000000 0000000000000000 0000000000000000 0000000000000000 0000000000000000 0000000000000000 0000000000000000 0000000000000000 0000000000000000 0000000000000000 0000000000000000 0000000000000000 0000000000000000 0000000000000000 0000000000000000 0000000000000000 0000000000000000 0000000000000000 0000000000000000 0000000000000000 0000000000000000 0000000000000000 0000000000000000 0000000000000000 0000000000000000 0000000000000000 0000000000000000 0000000000000000 0000000000000000 0000000000000000 0000000000000000 0000000000000000 0000000000000000 0000000000000000 0000000000000000 0000000000000000 0000000000000000 0000000000000000 0000000000000000 0000000000000000 0000000000000000 0000000000000000 0000000000000000 0000000000000000 0000000000000000 0000000000000000 0000000000000000 0000000000000000 0000000000000000 0000000000000000 0000000000000000 0000000000000000
I 3f0c7161fb1566d0
C
V 40d2000000000000 40d2000000000000 40d2000000000000 40d2000000000000 40d2000000000000 40d2000000000000 40d2000000000000 40d2000000000000 40d2000000000000 40d2000000000000 40d2000000000000 40d2000000000000 40d2000000000000 40d2000000000000 40d2000000000000 40d2000000000000 40d2000000000000 40d2000000000000 40d2000000000000 40d2000000000000 40d2000000000000 40d2000000000000 40d2000000000000 40d2000000000000 40d2000000000000 40d2000000000000 40d2000000000000 40d2000000000000 40d2000000000000 40d2000000000000 40d2000000000000 40d2000000000000 40d2000000000000 40d2000000000000 40d2000000000000 40d2000000000000 40d2000000000000 40d2000000000000 40d2000000000000 40d2000000000000 40d2000000000000 40d2000000000000 40d2000000000000 40d2000000000000 40d2000000000000 40d2000000000000 40d2000000000000 40d2000000000000 40d2000000000000 40d2000000000000 40d2000000000000 40d2000000000000 40d2000000000000 40d2000000000000 40d2000000000000 40d2000000000000 40d2000000000000 40d2000000000000 40d2000000000000 40d2000000000000 40d2000000000000 40d2000000000000 40d2000000000000 40d2000000000000 40d2000000000000 40d2000000000000 40d2000000000000 40d2000000000000 40d2000000000000 40d2000000000000 40d2000000000000 40d2000000000000 40d2000000000000 40d2000000000000 40d2000000000000 40d2000000000000 40d2000000000000 40d2000000000000 40d2000000000000 40d2000000000000 40d2000000000000 40d2000000000000 40d2000000000000 40d2000000000000 40d2000000000000 40d2000000000000 40d2000000000000 40d2000000000000 40d2000000000000 40d2000000000000 40d2000000000000 40d2000000000000 40d2000000000000 40d2000000000000 40d2000000000000 40d2000000000000 40d2000000000000 40d2000000000000 40d2000000000000 40d2000000000000 40d2000000000000 40d2000000000000 40d2000000000000 40d2000000000000 40d2000000000000 40d2000000000000 40d2000000000000 40d2000000000000 40d2000000000000 40d2000000000000 40d2000000000000 40d2000000000000 40d2000000000000 40d2000000000000 40d2000000000000 40d2000000000000 40d2000000000000 40d2000000000000 40d2000000000000 40d2000000000000 40d2000000000000 40d2000000000000 40d2000000000000 40d2000000000000 40d2000000000000 40d2000000000000 40d2000000000000 40d2000000000000 40d2000000000000 40d2000000000000 40d2000000000000 40d2000000000000 40d2000000000000 40d2000000000000 40d2000000000000 40d2000000000000 40d2000000000000 40d2000000000000 40d2000000000000 40d2000000000000 40d2000000000000 40d2000000000000 40d2000000000000 40d2000000000000 40d2000000000000 40d2000000000000 40d2000000000000 40d2000000000000 40d2000000000000 40d2000000000000 40d2000000000000 40d2000000000000 40d2000000000000 40d2000000000000 40d2000000000000 40d2000000000000 40d2000000000000 40d2000000000000 40d2000000000000 40d2000000000000 40d2000000000000 40d2000000000000 40d2000000000000 40d2000000000000 40d2000000000000 40d2000000000000 40d2000000000000 40d2000000000000 40d2000000000000 40d2000000000000 40d2000000000000 40d2000000000000 40d2000000000000 40d2000000000000 40d2000000000000 40d2000000000000 40d2000000000000 40d2000000000000 40d2000000000000 40d2000000000000 40d2000000000000 40d2000000000000 40d2000000000000 40d2000000000000 40d2000000000000 40d2000000000000 40d2000000000000 40d2000000000000 40d2000000000000 40d2000000000000 40d2000000000000 40d2000000000000 40d2000000000000 40d2000000000000 40d2000000000000 40d2000000000000 40d2000000000000 40d2000000000000 40d2000000000000 40d2000000000000 40d2000000000000 40d2000000000000 40d2000000000000 40d2000000000000 40d2000000000000 40d2000000000000 40d2000000000000 40d2000000000000 40d2000000000000 40d2000000000000 40d2000000000000 40d2000000000000 40d2000000000000 40d2000000000000 40d2000000000000 40d2000000000000 40d2000000000000 40d2000000000000 40d2000000000000 40d2000000000000 40d2000000000000 40d2000000000000 40d2000000000000 40d2000000000000 40d2000000000000 40d2000000000000 40d2000000000000 40d2000000000000 40d2000000000000 40d2000000000000 40d2000000000000 40d2000000000000 40d2000000000000 40d2000000000000 40d2000000000000 40d2000000000000 40d2000000000000 40d2000000000000 40d2000000000000 40d2000000000000 40d2000000000000 40d2000000000000 40d2000000000000 40d2000000000000 40d2000000000000 40d2000000000000 40d2000000000000 40d2000000000000 40d2000000000000 40d2000000000000 40d2000000000000 40d2000000000000 40d2000000000000 40d2000000000000 40d2000000000000 40d2000000000000 40d2000000000000 40d2000000000000 40d2000000000000 40d2000000000000 40d2000000000000 40d2000000000000 40d2000000000000 40d2000000000000 40d2000000000000 40d2000000000000 40d2000000000000 40d2000000000000 40d2000000000000 40d2000000000000 40d2000000000000 40d2000000000000 40d2000000000000 40d2000000000000 40d2000000000000 40d2000000000000 40d2000000000000 40d2000000000000 40d2000000000000 40d2000000000000 40d2000000000000 40d2000000000000 40d2000000000000 40d2000000000000 40d2000000000000 40d2000000000000 40d2000000000000 40d2000000000000 40d2000000000000 40d2000000000000 40d2000000000000 40d2000000000000 40d2000000000000 40d2000000000000 40d2000000000000 40d2000000000000 40d2000000000000 40d2000000000000 40d2000000000000 40d2000000000000 40d2000000000000 40d2000000000000 40d2000000000000 40d2000000000000 40d2000000000000 40d2000000000000 40d2000000000000 40d2000000000000 40d2000000000000 40d2000000000000 40d2000000000000 40d2000000000000 40d2000000000000 40d2000000000000 40d2000000000000 40d2000000000000 40d2000000000000 40d2000000000000 40d2000000000000 40d2000000000000 40d2000000000000 40d2000000000000 40d2000000000000 40d2000000000000 40d2000000000000 40d2000000000000 40d2000000000000 40d2000000000000 40d2000000000000 40d2000000000000 40d2000000000000 40d2000000000000 40d2000000000000 40d2000000000000 40d2000000000000 40d2000000000000 40d2000000000000 40d2000000000000 40d2000000000000 40d2000000000000 40d2000000000000 40d2000000000000 40d2000000000000 40d2000000000000 40d2000000000000 40d2000000000000 40d2000000000000 40d2000000000000 40d2000000000000 40d2000000000000 40d2000000000000 40d2000000000000 40d2000000000000 40d2000000000000 40d2000000000000 40d2000000000000 40d2000000000000 40d2000000000000 40d2000000000000 40d2000000000000 40d2000000000000 40d2000000000000 40d2000000000000 40d2000000000000 40d2000000000000 40d2000000000000 40d2000000000000 40d2000000000000 40d2000000000000 40d2000000000000 40d2000000000000 40d2000000000000 40d2000000000000 40d2000000000000 40d2000000000000 40d2000000000000 40d2000000000000 40d2000000000000 40d2000000000000 40d2000000000000 40d2000000000000 40d2000000000000 40d2000000000000 40d2000000000000 40d2000000000000 40d2000000000000 40d2000000000000 40d2000000000000 40d2000000000000 40d2000000000000 40d2000000000000 40d2000000000000 40d2000000000000 40d2000000000000 40d2000000000000 40d2000000000000 40d2000000000000 40d2000000000000 40d2000000000000 40d2000000000000 40d2000000000000 40d2000000000000 40d2000000000000 40d2000000000000 40d2000000000000 40d2000000000000 40d2000000000000 40d2000000000000 40d2000000000000 40d2000000000000 40d2000000000000 40d2000000000000 40d2000000000000 40d2000000000000 40d2000000000000 40d2000000000000 40d2000000000000 40d2000000000000 40d2000000000000 40d2000000000000 40d2000000000000 40d2000000000000 40d2000000000000 40d2000000000000 40d2000000000000 40d2000000000000 40d2000000000000 40d2000000000000 40d2000000000000 40d2000000000000 40d2000000000000 40d2000000000000 40d2000000000000 40d2000000000000 40d2000000000000 40d2000000000000 40d2000000000000 40d2000000000000 40d2000000000000 40d2000000000000 40d2000000000000 40d2000000000000 40d2000000000000 40d2000000000000 40d2000000000000 40d2000000000000 40d2000000000000 40d2000000000000 40d2000000000000 40d2000000000000 40d2000000000000 40d2000000000000 40d2000000000000 40d2000000000000 40d2000000000000 40d2000000000000 40d2000000000000 40d2000000000000 40d2000000000000 40d2000000000000 40d2000000000000 40d2000000000000 40d2000000000000 40d2000000000000 40d2000000000000 40d2000000000000 40d2000000000000 40d2000000000000 40d2000000000000 40d2000000000000 40d2000000000000 40d2000000000000 40d2000000000000 40d2000000000000 40d2000000000000 40d2000000000000 40d2000000000000 40d2000000000000 40d2000000000000 40d2000000000000 40d2000000000000 40d2000000000000 40d2000000000000 40d2000000000000 40d2000000000000 40d2000000000000 40d2000000000000 40d2000000000000 40d2000000000000 40d2000000000000 40d2000000000000 40d2000000000000 40d2000000000000 40d2000000000000 40d2000000000000 40d2000000000000 40d2000000000000 40d2000000000000 40d2000000000000 40d2000000000000 40d2000000000000 40d2000000000000 40d2000000000000 40d2000000000000 40d2000000000000 40d2000000000000 40d2000000000000 40d2000000000000 40d2000000000000 40d2000000000000 40d2000000000000 40d2000000000000 40d2000000000000 40d2000000000000 40d2000000000000 40d2000000000000 40d2000000000000 40d2000000000000 40d2000000000000 40d2000000000000 40d2000000000000 40d2000000000000 40d2000000000000 40d2000000000000 40d2000000000000 40d2000000000000 40d2000000000000 40d2000000000000 40d2000000000000 40d2000000000000 40d2000000000000 40d2000000000000 40d2000000000000 40d2000000000000 40d2000000000000 40d2000000000000 40d2000000000000 40d2000000000000 40d2000000000000 40d2000000000000 40d2000000000000 40d2000000000000 40d2000000000000 40d2000000000000 40d2000000000000 40d2000000000000 40d2000000000000 40d2000000000000 40d2000000000000 40d2000000000000 40d2000000000000 40d2000000000000 40d2000000000000 40d2000000000000 40d2000000000000 40d2000000000000 40d2000000000000 40d2000000000000 40d2000000000000 40d2000000000000 40d2000000000000 40d2000000000000 40d2000000000000 40d2000000000000 40d2000000000000 40d2000000000000 40d2000000000000 40d2000000000000 40d2000000000000 40d2000000000000 40d2000000000000 40d2000000000000 40d2000000000000 40d2000000000000 40d2000000000000 40d2000000000000 40d2000000000000 40d2000000000000 40d2000000000000 40d2000000000000 40d2000000000000 40d2000000000000 40d2000000000000 40d2000000000000 40d2000000000000 40d2000000000000 40d2000000000000 40d2000000000000 40d2000000000000 40d2000000000000 40d2000000000000 40d2000000000000 40d2000000000000 40d2000000000000 40d2000000000000 40d2000000000000 40d2000000000000 40d2000000000000 40d2000000000000 40d2000000000000 40d2000000000000 40d2000000000000 40d2000000000000 40d2000000000000 40d2000000000000 40d2000000000000 40d2000000000000 40d2000000000000 40d2000000000000 40d2000000000000 40d2000000000000 40d2000000000000 40d2000000000000 40d2000000000000 40d2000000000000 40d2000000000000 40d2000000000000 40d2000000000000 40d2000000000000 40d2000000000000 40d2000000000000 40d2000000000000 40d2000000000000 40d2000000000000 40d2000000000000 40d2000000000000 40d2000000000000 40d2000000000000 40d2000000000000 40d2000000000000 40d2000000000000 40d2000000000000 40d2000000000000 40d2000000000000 40d2000000000000 40d2000000000000 40d2000000000000 40d2000000000000 40d2000000000000 40d2000000000000 40d2000000000000 40d2000000000000 40d2000000000000 40d2000000000000 40d2000000000000 40d2000000000000 40d2000000000000 40d2000000000000 40d2000000000000 40d2000000000000 40d2000000000000 40d2000000000000 40d2000000000000 40d2000000000000 40d2000000000000 40d2000000000000 40d2000000000000 40d2000000000000 40d2000000000000 40d2000000000000 40d2000000000000 40d2000000000000 40d2000000000000 40d2000000000000 40d2000000000000 40d2000000000000 40d2000000000000 40d2000000000000 40d2000000000000 40d2000000000000 40d2000000000000 40d2000000000000 40d2000000000000 40d2000000000000 40d2000000000000 40d2000000000000 40d2000000000000 40d2000000000000 40d2000000000000 40d2000000000000 40d2000000000000 40d2000000000000 40d2000000000000 40d2000000000000 40d2000000000000 40d2000000000000 40d2000000000000 40d2000000000000 40d2000000000000 40d2000000000000 40d2000000000000 40d2000000000000 40d2000000000000 40d2000000000000 40d2000000000000 40d2000000000000 40d2000000000000 40d2000000000000 40d2000000000000 40d2000000000000 40d2000000000000 40d2000000000000 40d2000000000000 40d2000000000000 40d2000000000000 40d2000000000000 40d2000000000000 40d2000000000000 40d2000000000000 40d2000000000000 40d2000000000000 40d2000000000000 40d2000000000000 40d2000000000000 40d2000000000000 40d2000000000000 40d2000000000000 40d2000000000000 40d2000000000000 40d2000000000000 40d2000000000000 40d2000000000000 40d2000000000000 40d2000000000000 40d2000000000000 40d2000000000000 40d2000000000000 40d2000000000000 40d2000000000000 40d2000000000000 40d2000000000000 40d2000000000000 40d2000000000000 40d2000000000000 40d2000000000000 40d2000000000000 40d2000000000000 40d2000000000000 40d2000000000000 40d2000000000000 40d2000000000000 40d2000000000000 40d2000000000000 40d2000000000000 40d2000000000000 40d2000000000000 40d2000000000000 40d2000000000000 40d2000000000000 40d2000000000000 40d2000000000000 40d2000000000000 40d2000000000000 40d2000000000000 40d2000000000000 40d2000000000000 40d2000000000000 40d2000000000000 40d2000000000000 40d2000000000000 40d2000000000000 40d2000000000000 40d2000000000000 40d2000000000000 40d2000000000000 40d2000000000000 40d2000000000000 40d2000000000000 0000000000000000 0000000000000000 0000000000000000 0000000000000000 0000000000000000 0000000000000000 0000000000000000 0000000000000000 0000000000000000 0000000000000000 0000000000000000 0000000000000000 0000000000000000 0000000000000000 0000000000000000 0000000000000000 0000000000000000 0000000000000000 0000000000000000 0000000000000000 0000000000000000 0000000000000000 0000000000000000 0000000000000000 0000000000000000 0000000000000000 0000000000000000 0000000000000000 0000000000000000 0000000000000000 0000000000000000 0000000000000000 0000000000000000 0000000000000000 0000000000000000 0000000000000000 0000000000000000 0000000000000000 0000000000000000 0000000000000000 0000000000000000 0000000000000000 0000000000000000 0000000000000000 0000000000000000 0000000000000000 0000000000000000 0000000000000000 0000000000000000 0000000000000000 0000000000000000 0000000000000000 0000000000000000 0000000000000000 0000000000000000 0000000000000000 0000000000000000 0000000000000000 0000000000000000 0000000000000000 0000000000000000 0000000000000000 0000000000000000 0000000000000000 0000000000000000 0000000000000000 0000000000000000 0000000000000000 0000000000000000 0000000000000000 0000000000000000 0000000000000000 0000000000000000 0000000000000000 0000000000000000 0000000000000000 0000000000000000 0000000000000000 0000000000000000 0000000000000000 0000000000000000 0000000000000000 0000000000000000 0000000000000000 0000000000000000 0000000000000000 0000000000000000 0000000000000000 0000000000000000 0000000000000000 0000000000000000 0000000000000000 0000000000000000 0000000000000000 0000000000000000 0000000000000000 0000000000000000 0000000000000000 0000000000000000 0000000000000000 0000000000000000 0000000000000000 0000000000000000 0000000000000000 0000000000000000 0000000000000000 0000000000000000 0000000000000000 0000000000000000 0000000000000000 0000000000000000 0000000000000000 0000000000000000 0000000000000000 0000000000000000 0000000000000000 0000000000000000 0000000000000000 0000000000000000 0000000000000000 0000000000000000 0000000000000000 0000000000000000 0000000000000000 0000000000000000 0000000000000000 0000000000000000 0000000000000000 0000000000000000 0000000000000000 0000000000000000 0000000000000000 0000000000000000 0000000000000000 0000000000000000 0000000000000000 0000000000000000 0000000000000000 0000000000000000 0000000000000000 0000000000000000 0000000000000000 0000000000000000 0000000000000000 0000000000000000 0000000000000000 0000000000000000 0000000000000000 0000000000000000 0000000000000000 0000000000000000 0000000000000000 0000000000000000 0000000000000000 0000000000000000 0000000000000000 0000000000000000 0000000000000000 0000000000000000 0000000000000000 0000000000000000 0000000000000000 0000000000000000 0000000000000000 0000000000000000 0000000000000000 0000000000000000 0000000000000000 0000000000000000 0000000000000000 0000000000000000 0000000000000000 0000000000000000 0000000000000000 0000000000000000 0000000000000000 0000000000000000 0000000000000000 0000000000000000 0000000000000000 0000000000000000 0000000000000000 0000000000000000 0000000000000000 0000000000000000 0000000000000000 0000000000000000 0000000000000000 0000000000000000 0000000000000000 0000000000000000 0000000000000000 0000000000000000 0000000000000000 0000000000000000 0000000000000000 0000000000000000 0000000000000000 0000000000000000 0000000000000000 0000000000000000 0000000000000000 0000000000000000 0000000000000000 0000000000000000 0000000000000000 0000000000000000 0000000000000000 0000000000000000 0000000000000000 0000000000000000 0000000000000000 0000000000000000 0000000000000000 0000000000000000 0000000000000000 0000000000000000 0000000000000000 0000000000000000 0000000000000000 0000000000000000 0000000000000000 0000000000000000 0000000000000000 0000000000000000 0000000000000000 0000000000000000 0000000000000000 0000000000000000 0000000000000000 0000000000000000 0000000000000000 0000000000000000 0000000000000000 0000000000000000 0000000000000000 0000000000000000 0000000000000000 0000000000000000 0000000000000000 0000000000000000 0000000000000000 0000000000000000 0000000000000000 0000000000000000 0000000000000000 0000000000000000 0000000000000000 0000000000000000 0000000000000000 0000000000000000 0000000000000000 0000000000000000 0000000000000000 0000000000000000 0000000000000000 0000000000000000 0000000000000000 0000000000000000 0000000000000000 0000000000000000 0000000000000000 0000000000000000 0000000000000000 0000000000000000 0000000000000000 0000000000000000 0000000000000000 0000000000000000 0000000000000000 0000000000000000 0000000000000000 0000000000000000 0000000000000000 0000000000000000 0000000000000000 0000000000000000 0000000000000000 0000000000000000 0000000000000000 0000000000000000 0000000000000000 0000000000000000 0000000000000000 0000000000000000 0000000000000000 0000000000000000 0000000000000000 0000000000000000 0000000000000000 0000000000000000 0000000000000000 0000000000000000 0000000000000000 0000000000000000 0000000000000000 0000000000000000 0000000000000000 0000000000000000 0000000000000000 0000000000000000 0000000000000000 0000000000000000 0000000000000000 0000000000000000 0000000000000000 0000000000000000 0000000000000000 0000000000000000 0000000000000000 0000000000000000 0000000000000000 0000000000000000 0000000000000000 0000000000000000 0000000000000000 0000000000000000 0000000000000000 0000000000000000 0000000000000000 0000000000000000 0000000000000000 0000000000000000 0000000000000000 0000000000000000 0000000000000000 0000000000000000 0000000000000000 0000000000000000 0000000000000000 0000000000000000 0000000000000000 0000000000000000 0000000000000000 0000000000000000 0000000000000000 0000000000000000 0000000000000000 0000000000000000 0000000000000000 0000000000000000 0000000000000000 0000000000000000 0000000000000000 0000000000000000 0000000000000000 0000000000000000 0000000000000000 0000000000000000 0000000000000000 0000000000000000 0000000000000000 0000000000000000 0000000000000000 0000000000000000 0000000000000000 0000000000000000 0000000000000000 0000000000000000 0000000000000000 0000000000000000 0000000000000000 0000000000000000 0000000000000000 0000000000000000 0000000000000000 0000000000000000 0000000000000000 0000000000000000 0000000000000000 0000000000000000 0000000000000000 0000000000000000 0000000000000000 0000000000000000 0000000000000000 0000000000000000 0000000000000000 0000000000000000 0000000000000000 0000000000000000 0000000000000000 0000000000000000 0000000000000000 0000000000000000 0000000000000000 0000000000000000 0000000000000000 0000000000000000 0000000000000000 0000000000000000 0000000000000000 0000000000000000 0000000000000000 0000000000000000 0000000000000000 0000000000000000 0000000000000000 0000000000000000 0000000000000000 0000000000000000 0000000000000000 0000000000000000 0000000000000000 0000000000000000 0000000000000000 0000000000000000 0000000000000000 0000000000000000 0000000000000000 0000000000000000 0000000000000000 0000000000000000 0000000000000000 0000000000000000 0000000000000000 0000000000000000 0000000000000000 0000000000000000 0000000000000000 0000000000000000 0000000000000000 0000000000000000 0000000000000000 0000000000000000 0000000000000000 0000000000000000 0000000000000000 0000000000000000 0000000000000000 0000000000000000 0000000000000000 0000000000000000 0000000000000000 0000000000000000 0000000000000000 0000000000000000 0000000000000000 0000000000000000 0000000000000000 0000000000000000 0000000000000000 0000000000000000 0000000000000000 0000000000000000 0000000000000000 0000000000000000 0000000000000000 0000000000000000 0000000000000000 0000000000000000 0000000000000000 0000000000000000 0000000000000000 0000000000000000 0000000000000000 0000000000000000 0000000000000000 0000000000000000 0000000000000000 0000000000000000 0000000000000000 0000000000000000 0000000000000000 0000000000000000 0000000000000000 0000000000000000 0000000000000000 0000000000000000 0000000000000000 0000000000000000 0000000000000000 0000000000000000 0000000000000000 0000000000000000 0000000000000000 0000000000000000 0000000000000000 0000000000000000 0000000000000000 0000000000000000 0000000000000000 0000000000000000 0000000000000000 0000000000000000 0000000000000000 0000000000000000 0000000000000000 0000000000000000 0000000000000000 0000000000000000 0000000000000000 0000000000000000 0000000000000000 0000000000000000 0000000000000000 0000000000000000 0000000000000000 0000000000000000 0000000000000000 0000000000000000 0000000000000000 0000000000000000 0000000000000000 0000000000000000 0000000000000000 0000000000000000 0000000000000000 0000000000000000 0000000000000000 0000000000000000 0000000000000000 0000000000000000 0000000000000000 0000000000000000 0000000000000000 0000000000000000 0000000000000000 0000000000000000 0000000000000000 0000000000000000 0000000000000000 0000000000000000 0000000000000000 0000000000000000 0000000000000000 0000000000000000 0000000000000000 0000000000000000 0000000000000000 0000000000000000 0000000000000000 0000000000000000 0000000000000000 0000000000000000 0000000000000000 0000000000000000 0000000000000000 0000000000000000 0000000000000000 0000000000000000 0000000000000000 0000000000000000 0000000000000000 0000000000000000 0000000000000000 0000000000000000 0000000000000000 0000000000000000 0000000000000000 0000000000000000 0000000000000000 0000000000000000 0000000000000000 0000000000000000 0000000000000000 0000000000000000 0000000000000000 0000000000000000 0000000000000000 0000000000000000 0000000000000000 0000000000000000 0000000000000000 0000000000000000 0000000000000000 0000000000000000 0000000000000000 0000000000000000 0000000000000000 0000000000000000 0000000000000000 0000000000000000 0000000000000000 0000000000000000 0000000000000000 0000000000000000 0000000000000000 0000000000000000 0000000000000000 0000000000000000 0000000000000000 0000000000000000 0000000000000000 0000000000000000 0000000000000000 0000000000000000 0000000000000000 0000000000000000 0000000000000000 0000000000000000 0000000000000000 0000000000000000 0000000000000000 0000000000000000 0000000000000000 0000000000000000 0000000000000000 0000000000000000 0000000000000000 0000000000000000 0000000000000000 0000000000000000 0000000000000000 0000000000000000 0000000000000000 0000000000000000 0000000000000000 0000000000000000 0000000000000000 0000000000000000 0000000000000000 0000000000000000 0000000000000000 0000000000000000 0000000000000000 0000000000000000 0000000000000000 0000000000000000 0000000000000000 0000000000000000 0000000000000000 0000000000000000 0000000000000000 0000000000000000 0000000000000000 0000000000000000 0000000000000000 0000000000000000 0000000000000000 0000000000000000 0000000000000000 0000000000000000 0000000000000000 0000000000000000 0000000000000000 0000000000000000 0000000000000000 0000000000000000 0000000000000000 0000000000000000 0000000000000000 0000000000000000 0000000000000000 0000000000000000 0000000000000000 0000000000000000 0000000000000000 0000000000000000 0000000000000000 0000000000000000 0000000000000000 0000000000000000 0000000000000000 0000000000000000 0000000000000000 0000000000000000 0000000000000000 0000000000000000 0000000000000000 0000000000000000 0000000000000000 0000000000000000 0000000000000000 0000000000000000 0000000000000000 0000000000000000 0000000000000000 0000000000000000 0000000000000000 0000000000000000 0000000000000000 0000000000000000 0000000000000000 0000000000000000 0000000000000000 0000000000000000 0000000000000000 0000000000000000 0000000000000000 0000000000000000 0000000000000000 0000000000000000 0000000000000000 0000000000000000 0000000000000000 0000000000000000 0000000000000000 0000000000000000 0000000000000000 0000000000000000 0000000000000000 0000000000000000 0000000000000000 0000000000000000 0000000000000000 0000000000000000 0000000000000000 0000000000000000 0000000000000000 0000000000000000 0000000000000000 0000000000000000 0000000000000000 0000000000000000 0000000000000000 0000000000000000 0000000000000000 0000000000000000 0000000000000000 0000000000000000 0000000000000000 0000000000000000 0000000000000000 0000000000000000 0000000000000000 0000000000000000 0000000000000000 0000000000000000 0000000000000000 0000000000000000 0000000000000000 0000000000000000 0000000000000000 0000000000000000 0000000000000000 0000000000000000 0000000000000000 0000000000000000 0000000000000000 0000000000000000 0000000000000000 0000000000000000 0000000000000000 0000000000000000 0000000000000000 0000000000000000 0000000000000000 0000000000000000 0000000000000000 0000000000000000 0000000000000000 0000000000000000 0000000000000000 0000000000000000 0000000000000000 0000000000000000 0000000000000000 0000000000000000 0000000000000000 0000000000000000 0000000000000000 0000000000000000 0000000000000000 0000000000000000 0000000000000000 0000000000000000 0000000000000000 0000000000000000 0000000000000000 0000000000000000 0000000000000000 0000000000000000 0000000000000000 0000000000000000 0000000000000000 0000000000000000 0000000000000000
M 1536 1536
V c0c2000000000000 c0c2000000000000 c0c2000000000000 c0c2000000000000 c0c2000000000000 c0c2000000000000 c0c2000000000000 c0c2000000000000 c0c2000000000000 c0c2000000000000 c0c2000000000000 c0c2000000000000 c0c2000000000000 c0c2000000000000 c0c2000000000000 c0c2000000000000 c0c2000000000000 c0c2000000000000 c0c2000000000000 c0c2000000000000 c0c2000000000000 c0c2000000000000 c0c2000000000000 c0c2000000000000 c0c2000000000000 c0c2000000000000 c0c2000000000000 c0c2000000000000 c0c2000000000000 c0c2000000000000 c0c2000000000000 c0c2000000000000 c0c2000000000000 c0c2000000000000 c0c2000000000000 c0c2000000000000 c0c2000000000000 c0c2000000000000 c0c2000000000000 c0c2000000000000 c0c2000000000000 c0c2000000000000 c0c2000000000000 c0c2000000000000 c0c2000000000000 c0c2000000000000 c0c2000000000000 c0c2000000000000 c0c2000000000000 c0c2000000000000 c0c2000000000000 c0c2000000000000 c0c2000000000000 c0c2000000000000 c0c2000000000000 c0c2000000000000 c0c2000000000000 c0c2000000000000 c0c2000000000000 c0c2000000000000 c0c2000000000000 c0c2000000000000 c0c2000000000000 c0c2000000000000 c0c2000000000000 c0c2000000000000 c0c2000000000000 c0c2000000000000 c0c2000000000000 c0c2000000000000 c0c2000000000000 c0c2000000000000 c0c2000000000000 c0c2000000000000 c0c2000000000000 c0c2000000000000 c0c2000000000000 c0c2000000000000 c0c2000000000000 c0c2000000000000 c0c2000000000000 c0c2000000000000 c0c2000000000000 c0c2000000000000 c0c2000000000000 c0c2000000000000 c0c2000000000000 c0c2000000000000 c0c2000000000000 c0c2000000000000 c0c2000000000000 c0c2000000000000 c0c2000000000000 c0c2000000000000 c0c2000000000000 c0c2000000000000 c0c2000000000000 c0c2000000000000 c0c2000000000000 c0c2000000000000 c0c2000000000000 c0c2000000000000 c0c2000000000000 c0c2000000000000 c0c2000000000000 c0c2000000000000 c0c2000000000000 c0c2000000000000 c0c2000000000000 c0c2000000000000 c0c2000000000000 c0c2000000000000 c0c2000000000000 c0c2000000000000 c0c2000000000000 c0c2000000000000 c0c2000000000000 c0c2000000000000 c0c2000000000000 c0c2000000000000 c0c2000000000000 c0c2000000000000 c0c2000000000000 c0c2000000000000 c0c2000000000000 c0c2000000000000 c0c2000000000000 c0c2000000000000 c0c2000000000000 c0c2000000000000 c0c2000000000000 c0c2000000000000 c0c2000000000000 c0c2000000000000 c0c2000000000000 c0c2000000000000 c0c2000000000000 c0c2000000000000 c0c2000000000000 c0c2000000000000 c0c2000000000000 c0c2000000000000 c0c2000000000000 c0c2000000000000 c0c2000000000000 c0c2000000000000 c0c2000000000000 c0c2000000000000 c0c2000000000000 c0c2000000000000 c0c2000000000000 c0c2000000000000 c0c2000000000000 c0c2000000000000 c0c2000000000000 c0c2000000000000 c0c2000000000000 c0c2000000000000 c0c2000000000000 c0c2000000000000 c0c2000000000000 c0c2000000000000 c0c2000000000000 c0c2000000000000 c0c2000000000000 c0c2000000000000 c0c2000000000000 c0c2000000000000 c0c2000000000000 c0c2000000000000 c0c2000000000000 c0c2000000000000 c0c2000000000000 c0c2000000000000 c0c2000000000000 c0c2000000000000 c0c2000000000000 c0c2000000000000 c0c2000000000000 c0c2000000000000 c0c2000000000000 c0c2000000000000 c0c2000000000000 c0c2000000000000 c0c2000000000000 c0c2000000000000 c0c2000000000000 c0c2000000000000 c0c2000000000000 c0c2000000000000 c0c2000000000000 c0c2000000000000 c0c2000000000000 c0c2000000000000 c0c2000000000000 c0c2000000000000 c0c2000000000000 c0c2000000000000 c0c2000000000000 c0c2000000000000 c0c2000000000000 c0c2000000000000 c0c2000000000000 c0c2000000000000 c0c2000000000000 c0c2000000000000 c0c2000000000000 c0c2000000000000 c0c2000000000000 c0c2000000000000 c0c2000000000000 c0c2000000000000 c0c2000000000000 c0c2000000000000 c0c2000000000000 c0c2000000000000 c0c2000000000000 c0c2000000000000 c0c2000000000000 c0c2000000000000 c0c2000000000000 c0c2000000000000 c0c2000000000000 c0c2000000000000 c0c2000000000000 c0c2000000000000 c0c2000000000000 c0c2000000000000 c0c2000000000000 c0c2000000000000 c0c2000000000000 c0c2000000000000 c0c2000000000000 c0c2000000000000 c0c2000000000000 c0c2000000000000 c0c2000000000000 c0c2000000000000 c0c2000000000000 c0c2000000000000 c0c2000000000000 c0c2000000000000 c0c2000000000000 c0c2000000000000 c0c2000000000000 c0c2000000000000 c0c2000000000000 c0c2000000000000 c0c2000000000000 c0c2000000000000 c0c2000000000000 c0c2000000000000 c0c2000000000000 c0c2000000000000 c0c2000000000000 c0c2000000000000 c0c2000000000000 c0c2000000000000 c0c2000000000000 c0c2000000000000 c0c2000000000000 c0c2000000000000 c0c2000000000000 c0c2000000000000 c0c2000000000000 c0c2000000000000 c0c2000000000000 c0c2000000000000 c0c2000000000000 c0c2000000000000 c0c2000000000000 c0c2000000000000 c0c2000000000000 c0c2000000000000 c0c2000000000000 c0c2000000000000 c0c2000000000000 c0c2000000000000 c0c2000000000000 c0c2000000000000 c0c2000000000000 c0c2000000000000 c0c2000000000000 c0c2000000000000 c0c2000000000000 c0c2000000000000 c0c2000000000000 c0c2000000000000 c0c2000000000000 c0c2000000000000 c0c2000000000000 c0c2000000000000 c0c2000000000000 c0c2000000000000 c0c2000000000000 c0c2000000000000 c0c2000000000000 c0c2000000000000 c0c2000000000000 c0c2000000000000 c0c2000000000000 c0c2000000000000 c0c2000000000000 c0c2000000000000 c0c2000000000000 c0c2000000000000 c0c2000000000000 c0c2000000000000 c0c2000000000000 c0c2000000000000 c0c2000000000000 c0c2000000000000 c0c2000000000000 c0c2000000000000 c0c2000000000000 c0c2000000000000 c0c2000000000000 c0c2000000000000 c0c2000000000000 c0c2000000000000 c0c2000000000000 c0c2000000000000 c0c2000000000000 c0c2000000000000 c0c2000000000000 c0c2000000000000 c0c2000000000000 c0c2000000000000 c0c2000000000000 c0c2000000000000 c0c2000000000000 c0c2000000000000 c0c2000000000000 c0c2000000000000 c0c2000000000000 c0c2000000000000 c0c2000000000000 c0c2000000000000 c0c2000000000000 c0c2000000000000 c0c2000000000000 c0c2000000000000 c0c2000000000000 c0c2000000000000 c0c2000000000000 c0c2000000000000 c0c2000000000000 c0c2000000000000 c0c2000000000000 c0c2000000000000 c0c2000000000000 c0c2000000000000 c0c2000000000000 c0c2000000000000 c0c2000000000000 c0c2000000000000 c0c2000000000000 c0c2000000000000 c0c2000000000000 c0c2000000000000 c0c2000000000000 c0c2000000000000 c0c2000000000000 c0c2000000000000 c0c2000000000000 c0c2000000000000 c0c2000000000000 c0c2000000000000 c0c2000000000000 c0c2000000000000 c0c2000000000000 c0c2000000000000 c0c2000000000000 c0c2000000000000 c0c2000000000000 c0c2000000000000 c0c2000000000000 c0c2000000000000 c0c2000000000000 c0c2000000000000 c0c2000000000000 c0c2000000000000 c0c2000000000000 c0c2000000000000 c0c2000000000000 c0c2000000000000 c0c2000000000000 c0c2000000000000 c0c2000000000000 c0c2000000000000 c0c2000000000000 c0c2000000000000 c0c2000000000000 c0c2000000000000 c0c2000000000000 c0c2000000000000 c0c2000000000000 c0c2000000000000 c0c2000000000000 c0c2000000000000 c0c2000000000000 c0c2000000000000 c0c2000000000000 c0c2000000000000 c0c2000000000000 c0c2000000000000 c0c2000000000000 c0c2000000000000 c0c2000000000000 c0c2000000000000 c0c2000000000000 c0c2000000000000 c0c2000000000000 c0c2000000000000 c0c2000000000000 c0c2000000000000 c0c2000000000000 c0c2000000000000 c0c2000000000000 c0c2000000000000 c0c2000000000000 c0c2000000000000 c0c2000000000000 c0c2000000000000 c0c2000000000000 c0c2000000000000 c0c2000000000000 c0c2000000000000 c0c2000000000000 c0c2000000000000 c0c2000000000000 c0c2000000000000 c0c2000000000000 c0c2000000000000 c0c2000000000000 c0c2000000000000 c0c2000000000000 c0c2000000000000 c0c2000000000000 c0c2000000000000 c0c2000000000000 c0c2000000000000 c0c2000000000000 c0c2000000000000 c0c2000000000000 c0c2000000000000 c0c2000000000000 c0c2000000000000 c0c2000000000000 c0c2000000000000 c0c2000000000000 c0c2000000000000 c0c2000000000000 c0c2000000000000 c0c2000000000000 c0c2000000000000 c0c2000000000000 c0c2000000000000 c0c2000000000000 c0c2000000000000 c0c2000000000000 c0c2000000000000 c0c2000000000000 c0c2000000000000 c0c2000000000000 c0c2000000000000 c0c2000000000000 c0c2000000000000 c0c2000000000000 c0c2000000000000 c0c2000000000000 c0c2000000000000 c0c2000000000000 c0c2000000000000 c0c2000000000000 c0c2000000000000 c0c2000000000000 c0c2000000000000 c0c2000000000000 c0c2000000000000 c0c2000000000000 c0c2000000000000 c0c2000000000000 c0c2000000000000 c0c2000000000000 c0c2000000000000 c0c2000000000000 c0c2000000000000 c0c2000000000000 c0c2000000000000 c0c2000000000000 c0c2000000000000 c0c2000000000000 c0c2000000000000 c0c2000000000000 c0c2000000000000 c0c2000000000000 c0c2000000000000 c0c2000000000000 c0c2000000000000 c0c2000000000000 c0c2000000000000 c0c2000000000000 c0c2000000000000 c0c2000000000000 c0c2000000000000 c0c2000000000000 c0c2000000000000 c0c2000000000000 c0c2000000000000 c0c2000000000000 c0c2000000000000 c0c2000000000000 c0c2000000000000 c0c2000000000000 c0c2000000000000 c0c2000000000000 c0c2000000000000 c0c2000000000000 c0c2000000000000 c0c2000000000000 c0c2000000000000 c0c2000000000000 c0c2000000000000 c0c2000000000000 c0c2000000000000 c0c2000000000000 c0c2000000000000 c0c2000000000000 c0c2000000000000 c0c2000000000000 c0c2000000000000 c0c2000000000000 c0c2000000000000 c0c2000000000000 c0c2000000000000 c0c2000000000000 c0c2000000000000 c0c2000000000000 c0c2000000000000 c0c2000000000000 c0c2000000000000 c0c2000000000000 c0c2000000000000 c0c2000000000000 c0c2000000000000 c0c2000000000000 c0c2000000000000 c0c2000000000000 c0c2000000000000 c0c2000000000000 c0c2000000000000 c0c2000000000000 c0c2000000000000 c0c2000000000000 c0c2000000000000 c0c2000000000000 c0c2000000000000 c0c2000000000000 c0c2000000000000 c0c2000000000000 c0c2000000000000 c0c2000000000000 c0c2000000000000 c0c2000000000000 c0c2000000000000 c0c2000000000000 c0c2000000000000 c0c2000000000000 c0c2000000000000 c0c2000000000000 c0c2000000000000 c0c2000000000000 c0c2000000000000 c0c2000000000000 c0c2000000000000 c0c2000000000000 c0c2000000000000 c0c2000000000000 c0c2000000000000 c0c2000000000000 c0c2000000000000 c0c2000000000000 c0c2000000000000 c0c2000000000000 c0c2000000000000 c0c2000000000000 c0c2000000000000 c0c2000000000000 c0c2000000000000 c0c2000000000000 c0c2000000000000 c0c2000000000000 c0c2000000000000 c0c2000000000000 c0c2000000000000 c0c2000000000000 c0c2000000000000 c0c2000000000000 c0c2000000000000 c0c2000000000000 c0c2000000000000 c0c2000000000000 c0c2000000000000 c0c2000000000000 c0c2000000000000 c0c2000000000000 c0c2000000000000 c0c2000000000000 c0c2000000000000 c0c2000000000000 c0c2000000000000 c0c2000000000000 c0c2000000000000 c0c2000000000000 c0c2000000000000 c0c2000000000000 c0c2000000000000 c0c2000000000000 c0c2000000000000 c0c2000000000000 c0c2000000000000 c0c2000000000000 c0c2000000000000 c0c2000000000000 c0c2000000000000 c0c2000000000000 c0c2000000000000 c0c2000000000000 c0c2000000000000 c0c2000000000000 c0c2000000000000 c0c2000000000000 c0c2000000000000 c0c2000000000000 c0c2000000000000 c0c2000000000000 c0c2000000000000 c0c2000000000000 c0c2000000000000 c0c2000000000000 c0c2000000000000 c0c2000000000000 c0c2000000000000 c0c2000000000000 c0c2000000000000 c0c2000000000000 c0c2000000000000 c0c2000000000000 c0c2000000000000 c0c2000000000000 c0c2000000000000 c0c2000000000000 c0c2000000000000 c0c2000000000000 c0c2000000000000 c0c2000000000000 c0c2000000000000 c0c2000000000000 c0c2000000000000 c0c2000000000000 c0c2000000000000 c0c2000000000000 c0c2000000000000 c0c2000000000000 c0c2000000000000 c0c2000000000000 c0c2000000000000 c0c2000000000000 c0c2000000000000 c0c2000000000000 c0c2000000000000 c0c2000000000000 c0c2000000000000 c0c2000000000000 c0c2000000000000 c0c2000000000000 c0c2000000000000 c0c2000000000000 c0c2000000000000 c0c2000000000000 c0c2000000000000 c0c2000000000000 c0c2000000000000 c0c2000000000000 c0c2000000000000 c0c2000000000000 c0c2000000000000 c0c2000000000000 c0c2000000000000 c0c2000000000000 c0c2000000000000 c0c2000000000000 c0c2000000000000 c0c2000000000000 c0c2000000000000 c0c2000000000000 c0c2000000000000 c0c2000000000000 c0c2000000000000 c0c2000000000000 c0c2000000000000 c0c2000000000000 c0c2000000000000 c0c2000000000000 c0c2000000000000 c0c2000000000000 c0c2000000000000 c0c2000000000000 c0c2000000000000 c0c2000000000000 c0c2000000000000 c0c2000000000000 c0c2000000000000 c0c2000000000000 c0c2000000000000 c0c2000000000000 c0c2000000000000 c0c2000000000000 c0c2000000000000 c0c2000000000000 c0c2000000000000 c0c2000000000000 c0c2000000000000 c0c2000000000000 c0c2000000000000 c0c2000000000000 c0c2000000000000 c0c2000000000000 c0c2000000000000 c0c2000000000000 c0c2000000000000 c0c2000000000000 c0c2000000000000 c0c2000000000000 c0c2000000000000 c0c2000000000000 c0c2000000000000 c0c2000000000000 c0c2000000000000 c0c2000000000000 c0c2000000000000 c0c2000000000000 c0c2000000000000 c0c2000000000000 c0c2000000000000 c0c2000000000000 c0c2000000000000 c0c2000000000000 c0c2000000000000 c0c2000000000000 c0c2000000000000 c0c2000000000000 c0c2000000000000 c0c2000000000000 c0c2000000000000 c0c2000000000000 c0c2000000000000 c0c2000000000000 c0c2000000000000 c0c2000000000000 c0c2000000000000 c0c2000000000000 c0c2000000000000 c0c2000000000000 c0c2000000000000 c0c2000000000000 c0c2000000000000 40cf2d4a4563563f 40cf2d4a4563563f 40cf2d4a4563563f 40cf2d4a4563563f 40cf2d4a4563563f 40cf2d4a4563563f 40cf2d4a4563563f 40cf2d4a4563563f 40cf2d4a4563563f 40cf2d4a4563563f 40cf2d4a4563563f 40cf2d4a4563563f 40cf2d4a4563563f 40cf2d4a4563563f 40cf2d4a4563563f 40cf2d4a4563563f 40cf2d4a4563563f 40cf2d4a4563563f 40cf2d4a4563563f 40cf2d4a4563563f 40cf2d4a4563563f 40cf2d4a4563563f 40cf2d4a4563563f 40cf2d4a4563563f 40cf2d4a4563563f 40cf2d4a4563563f 40cf2d4a4563563f 40cf2d4a4563563f 40cf2d4a4563563f 40cf2d4a4563563f 40cf2d4a4563563f 40cf2d4a4563563f 40cf2d4a4563563f 40cf2d4a4563563f 40cf2d4a4563563f 40cf2d4a4563563f 40cf2d4a4563563f 40cf2d4a4563563f 40cf2d4a4563563f 40cf2d4a4563563f 40cf2d4a4563563f 40cf2d4a4563563f 40cf2d4a4563563f 40cf2d4a4563563f 40cf2d4a4563563f 40cf2d4a4563563f 40cf2d4a4563563f 40cf2d4a4563563f 40cf2d4a4563563f 40cf2d4a4563563f 40cf2d4a4563563f 40cf2d4a4563563f 40cf2d4a4563563f 40cf2d4a4563563f 40cf2d4a4563563f 40cf2d4a4563563f 40cf2d4a4563563f 40cf2d4a4563563f 40cf2d4a4563563f 40cf2d4a4563563f 40cf2d4a4563563f 40cf2d4a4563563f 40cf2d4a4563563f 40cf2d4a4563563f 40cf2d4a4563563f 40cf2d4a4563563f 40cf2d4a4563563f 40cf2d4a4563563f 40cf2d4a4563563f 40cf2d4a4563563f 40cf2d4a4563563f 40cf2d4a4563563f 40cf2d4a4563563f 40cf2d4a4563563f 40cf2d4a4563563f 40cf2d4a4563563f 40cf2d4a4563563f 40cf2d4a4563563f 40cf2d4a4563563f 40cf2d4a4563563f 40cf2d4a4563563f 40cf2d4a4563563f 40cf2d4a4563563f 40cf2d4a4563563f 40cf2d4a4563563f 40cf2d4a4563563f 40cf2d4a4563563f 40cf2d4a4563563f 40cf2d4a4563563f 40cf2d4a4563563f 40cf2d4a4563563f 40cf2d4a4563563f 40cf2d4a4563563f 40cf2d4a4563563f 40cf2d4a4563563f 40cf2d4a4563563f 40cf2d4a4563563f 40cf2d4a4563563f 40cf2d4a4563563f 40cf2d4a4563563f 40cf2d4a4563563f 40cf2d4a4563563f 40cf2d4a4563563f 40cf2d4a4563563f 40cf2d4a4563563f 40cf2d4a4563563f 40cf2d4a4563563f 40cf2d4a4563563f 40cf2d4a4563563f 40cf2d4a4563563f 40cf2d4a4563563f 40cf2d4a4563563f 40cf2d4a4563563f 40cf2d4a4563563f 40cf2d4a4563563f 40cf2d4a4563563f 40cf2d4a4563563f 40cf2d4a4563563f 40cf2d4a4563563f 40cf2d4a4563563f 40cf2d4a4563563f 40cf2d4a4563563f 40cf2d4a4563563f 40cf2d4a4563563f 40cf2d4a4563563f 40cf2d4a4563563f 40cf2d4a4563563f 40cf2d4a4563563f 40cf2d4a4563563f 40cf2d4a4563563f 40cf2d4a4563563f 40cf2d4a4563563f 40cf2d4a4563563f 40cf2d4a4563563f 40cf2d4a4563563f 40cf2d4a4563563f 40cf2d4a4563563f 40cf2d4a4563563f 40cf2d4a4563563f 40cf2d4a4563563f 40cf2d4a4563563f 40cf2d4a4563563f 40cf2d4a4563563f 40cf2d4a4563563f 40cf2d4a4563563f 40cf2d4a4563563f 40cf2d4a4563563f 40cf2d4a4563563f 40cf2d4a4563563f 40cf2d4a4563563f 40cf2d4a4563563f 40cf2d4a4563563f 40cf2d4a4563563f 40cf2d4a4563563f 40cf2d4a4563563f 40cf2d4a4563563f 40cf2d4a4563563f 40cf2d4a4563563f 40cf2d4a4563563f 40cf2d4a4563563f 40cf2d4a4563563f 40cf2d4a4563563f 40cf2d4a4563563f 40cf2d4a4563563f 40cf2d4a4563563f 40cf2d4a4563563f 40cf2d4a4563563f 40cf2d4a4563563f 40cf2d4a4563563f 40cf2d4a4563563f 40cf2d4a4563563f 40cf2d4a4563563f 40cf2d4a4563563f 40cf2d4a4563563f 40cf2d4a4563563f 40cf2d4a4563563f 40cf2d4a4563563f 40cf2d4a4563563f 40cf2d4a4563563f 40cf2d4a4563563f 40cf2d4a4563563f 40cf2d4a4563563f 40cf2d4a4563563f 40cf2d4a4563563f 40cf2d4a4563563f 40cf2d4a4563563f 40cf2d4a4563563f 40cf2d4a4563563f 40cf2d4a4563563f 40cf2d4a4563563f 40cf2d4a4563563f 40cf2d4a4563563f 40cf2d4a4563563f 40cf2d4a4563563f 40cf2d4a4563563f 40cf2d4a4563563f 40cf2d4a4563563f 40cf2d4a4563563f 40cf2d4a4563563f 40cf2d4a4563563f 40cf2d4a4563563f 40cf2d4a4563563f 40cf2d4a4563563f 40cf2d4a4563563f 40cf2d4a4563563f 40cf2d4a4563563f 40cf2d4a4563563f 40cf2d4a4563563f 40cf2d4a4563563f 40cf2d4a4563563f 40cf2d4a4563563f 40cf2d4a4563563f 40cf2d4a4563563f 40cf2d4a4563563f 40cf2d4a4563563f 40cf2d4a4563563f 40cf2d4a4563563f 40cf2d4a4563563f 40cf2d4a4563563f 40cf2d4a4563563f 40cf2d4a4563563f 40cf2d4a4563563f 40cf2d4a4563563f 40cf2d4a4563563f 40cf2d4a4563563f 40cf2d4a4563563f 40cf2d4a4563563f 40cf2d4a4563563f 40cf2d4a4563563f 40cf2d4a4563563f 40cf2d4a4563563f 40cf2d4a4563563f 40cf2d4a4563563f 40cf2d4a4563563f 40cf2d4a4563563f 40cf2d4a4563563f 40cf2d4a4563563f 40cf2d4a4563563f 40cf2d4a4563563f 40cf2d4a4563563f 40cf2d4a4563563f 40cf2d4a4563563f 40cf2d4a4563563f 40cf2d4a4563563f 40cf2d4a4563563f 40cf2d4a4563563f 40cf2d4a4563563f 40cf2d4a4563563f 40cf2d4a4563563f 40cf2d4a4563563f 40cf2d4a4563563f 40cf2d4a4563563f 40cf2d4a4563563f 40cf2d4a4563563f 40cf2d4a4563563f 40cf2d4a4563563f 40cf2d4a4563563f 40cf2d4a4563563f 40cf2d4a4563563f 40cf2d4a4563563f 40cf2d4a4563563f 40cf2d4a4563563f 40cf2d4a4563563f 40cf2d4a4563563f 40cf2d4a4563563f 40cf2d4a4563563f 40cf2d4a4563563f 40cf2d4a4563563f 40cf2d4a4563563f 40cf2d4a4563563f 40cf2d4a4563563f 40cf2d4a4563563f 40cf2d4a4563563f 40cf2d4a4563563f 40cf2d4a4563563f 40cf2d4a4563563f 40cf2d4a4563563f 40cf2d4a4563563f 40cf2d4a4563563f 40cf2d4a4563563f 40cf2d4a4563563f 40cf2d4a4563563f 40cf2d4a4563563f 40cf2d4a4563563f 40cf2d4a4563563f 40cf2d4a4563563f 40cf2d4a4563563f 40cf2d4a4563563f 40cf2d4a4563563f 40cf2d4a4563563f 40cf2d4a4563563f 40cf2d4a4563563f 40cf2d4a4563563f 40cf2d4a4563563f 40cf2d4a4563563f 40cf2d4a4563563f 40cf2d4a4563563f 40cf2d4a4563563f 40cf2d4a4563563f 40cf2d4a4563563f 40cf2d4a4563563f 40cf2d4a4563563f 40cf2d4a4563563f 40cf2d4a4563563f 40cf2d4a4563563f 40cf2d4a4563563f 40cf2d4a4563563f 40cf2d4a4563563f 40cf2d4a4563563f 40cf2d4a4563563f 40cf2d4a4563563f 40cf2d4a4563563f 40cf2d4a4563563f 40cf2d4a4563563f 40cf2d4a4563563f 40cf2d4a4563563f 40cf2d4a4563563f 40cf2d4a4563563f 40cf2d4a4563563f 40cf2d4a4563563f 40cf2d4a4563563f 40cf2d4a4563563f 40cf2d4a4563563f 40cf2d4a4563563f 40cf2d4a4563563f 40cf2d4a4563563f 40cf2d4a4563563f 40cf2d4a4563563f 40cf2d4a4563563f 40cf2d4a4563563f 40cf2d4a4563563f 40cf2d4a4563563f 40cf2d4a4563563f 40cf2d4a4563563f 40cf2d4a4563563f 40cf2d4a4563563f 40cf2d4a4563563f 40cf2d4a4563563f 40cf2d4a4563563f 40cf2d4a4563563f 40cf2d4a4563563f 40cf2d4a4563563f 40cf2d4a4563563f 40cf2d4a4563563f 40cf2d4a4563563f 40cf2d4a4563563f 40cf2d4a4563563f 40cf2d4a4563563f 40cf2d4a4563563f 40cf2d4a4563563f 40cf2d4a4563563f 40cf2d4a4563563f 40cf2d4a4563563f 40cf2d4a4563563f 40cf2d4a4563563f 40cf2d4a4563563f 40cf2d4a4563563f 40cf2d4a4563563f 40cf2d4a4563563f 40cf2d4a4563563f 40cf2d4a4563563f 40cf2d4a4563563f 40cf2d4a4563563f 40cf2d4a4563563f 40cf2d4a4563563f 40cf2d4a4563563f 40cf2d4a4563563f 40cf2d4a4563563f 40cf2d4a4563563f 40cf2d4a4563563f 40cf2d4a4563563f 40cf2d4a4563563f 40cf2d4a4563563f 40cf2d4a4563563f 40cf2d4a4563563f 40cf2d4a4563563f 40cf2d4a4563563f 40cf2d4a4563563f 40cf2d4a4563563f 40cf2d4a4563563f 40cf2d4a4563563f 40cf2d4a4563563f 40cf2d4a4563563f 40cf2d4a4563563f 40cf2d4a4563563f 40cf2d4a4563563f 40cf2d4a4563563f 40cf2d4a4563563f 40cf2d4a4563563f 40cf2d4a4563563f 40cf2d4a4563563f 40cf2d4a4563563f 40cf2d4a4563563f 40cf2d4a4563563f 40cf2d4a4563563f 40cf2d4a4563563f 40cf2d4a4563563f 40cf2d4a4563563f 40cf2d4a4563563f 40cf2d4a4563563f 40cf2d4a4563563f 40cf2d4a4563563f 40cf2d4a4563563f 40cf2d4a4563563f 40cf2d4a4563563f 40cf2d4a4563563f 40cf2d4a4563563f 40cf2d4a4563563f 40cf2d4a4563563f 40cf2d4a4563563f 40cf2d4a4563563f 40cf2d4a4563563f 40cf2d4a4563563f 40cf2d4a4563563f 40cf2d4a4563563f 40cf2d4a4563563f 40cf2d4a4563563f 40cf2d4a4563563f 40cf2d4a4563563f 40cf2d4a4563563f 40cf2d4a4563563f 40cf2d4a4563563f 40cf2d4a4563563f 40cf2d4a4563563f 40cf2d4a4563563f 40cf2d4a4563563f 40cf2d4a4563563f 40cf2d4a4563563f 40cf2d4a4563563f 40cf2d4a4563563f 40cf2d4a4563563f 40cf2d4a4563563f 40cf2d4a4563563f 40cf2d4a4563563f 40cf2d4a4563563f 40cf2d4a4563563f 40cf2d4a4563563f 40cf2d4a4563563f 40cf2d4a4563563f 40cf2d4a4563563f 40cf2d4a4563563f 40cf2d4a4563563f 40cf2d4a4563563f 40cf2d4a4563563f 40cf2d4a4563563f 40cf2d4a4563563f 40cf2d4a4563563f 40cf2d4a4563563f 40cf2d4a4563563f 40cf2d4a4563563f 40cf2d4a4563563f 40cf2d4a4563563f 40cf2d4a4563563f 40cf2d4a4563563f 40cf2d4a4563563f 40cf2d4a4563563f 40cf2d4a4563563f 40cf2d4a4563563f 40cf2d4a4563563f 40cf2d4a4563563f 40cf2d4a4563563f 40cf2d4a4563563f 40cf2d4a4563563f 40cf2d4a4563563f 40cf2d4a4563563f 40cf2d4a4563563f 40cf2d4a4563563f 40cf2d4a4563563f 40cf2d4a4563563f 40cf2d4a4563563f 40cf2d4a4563563f 40cf2d4a4563563f 40cf2d4a4563563f 40cf2d4a4563563f 40cf2d4a4563563f 40cf2d4a4563563f 40cf2d4a4563563f 40cf2d4a4563563f 40cf2d4a4563563f 40cf2d4a4563563f 40cf2d4a4563563f 40cf2d4a4563563f 40cf2d4a4563563f 40cf2d4a4563563f 40cf2d4a4563563f 40cf2d4a4563563f 40cf2d4a4563563f 40cf2d4a4563563f 40cf2d4a4563563f 40cf2d4a4563563f 40cf2d4a4563563f 40cf2d4a4563563f 40cf2d4a4563563f 40cf2d4a4563563f 40cf2d4a4563563f 40cf2d4a4563563f 40cf2d4a4563563f 40cf2d4a4563563f 40cf2d4a4563563f 40cf2d4a4563563f 40cf2d4a4563563f 40cf2d4a4563563f 40cf2d4a4563563f 40cf2d4a4563563f 40cf2d4a4563563f 40cf2d4a4563563f 40cf2d4a4563563f 40cf2d4a4563563f 40cf2d4a4563563f 40cf2d4a4563563f 40cf2d4a4563563f 40cf2d4a4563563f 40cf2d4a4563563f 40cf2d4a4563563f 40cf2d4a4563563f 40cf2d4a4563563f 40cf2d4a4563563f 40cf2d4a4563563f 40cf2d4a4563563f 40cf2d4a4563563f 40cf2d4a4563563f 40cf2d4a4563563f 40cf2d4a4563563f 40cf2d4a4563563f 40cf2d4a4563563f 40cf2d4a4563563f 40cf2d4a4563563f 40cf2d4a4563563f 40cf2d4a4563563f 40cf2d4a4563563f 40cf2d4a4563563f 40cf2d4a4563563f 40cf2d4a4563563f 40cf2d4a4563563f 40cf2d4a4563563f 40cf2d4a4563563f 40cf2d4a4563563f 40cf2d4a4563563f 40cf2d4a4563563f 40cf2d4a4563563f 40cf2d4a4563563f 40cf2d4a4563563f 40cf2d4a4563563f 40cf2d4a4563563f 40cf2d4a4563563f 40cf2d4a4563563f 40cf2d4a4563563f 40cf2d4a4563563f 40cf2d4a4563563f 40cf2d4a4563563f 40cf2d4a4563563f 40cf2d4a4563563f 40cf2d4a4563563f 40cf2d4a4563563f 40cf2d4a4563563f 40cf2d4a4563563f 40cf2d4a4563563f 40cf2d4a4563563f 40cf2d4a4563563f 40cf2d4a4563563f 40cf2d4a4563563f 40cf2d4a4563563f 40cf2d4a4563563f 40cf2d4a4563563f 40cf2d4a4563563f 40cf2d4a4563563f 40cf2d4a4563563f 40cf2d4a4563563f 40cf2d4a4563563f 40cf2d4a4563563f 40cf2d4a4563563f 40cf2d4a4563563f 40cf2d4a4563563f 40cf2d4a4563563f 40cf2d4a4563563f 40cf2d4a4563563f 40cf2d4a4563563f 40cf2d4a4563563f 40cf2d4a4563563f 40cf2d4a4563563f 40cf2d4a4563563f 40cf2d4a4563563f 40cf2d4a4563563f 40cf2d4a4563563f 40cf2d4a4563563f 40cf2d4a4563563f 40cf2d4a4563563f 40cf2d4a4563563f 40cf2d4a4563563f 40cf2d4a4563563f 40cf2d4a4563563f 40cf2d4a4563563f 40cf2d4a4563563f 40cf2d4a4563563f 40cf2d4a4563563f 40cf2d4a4563563f 40cf2d4a4563563f 40cf2d4a4563563f 40cf2d4a4563563f 40cf2d4a4563563f 40cf2d4a4563563f 40cf2d4a4563563f 40cf2d4a4563563f 40cf2d4a4563563f 40cf2d4a4563563f 40cf2d4a4563563f 40cf2d4a4563563f 40cf2d4a4563563f 40cf2d4a4563563f 40cf2d4a4563563f 40cf2d4a4563563f 40cf2d4a4563563f 40cf2d4a4563563f 40cf2d4a4563563f 40cf2d4a4563563f 40cf2d4a4563563f 40cf2d4a4563563f 40cf2d4a4563563f 40cf2d4a4563563f 40cf2d4a4563563f 40cf2d4a4563563f 40cf2d4a4563563f 40cf2d4a4563563f 40cf2d4a4563563f 40cf2d4a4563563f 40cf2d4a4563563f 40cf2d4a4563563f 40cf2d4a4563563f 40cf2d4a4563563f 40cf2d4a4563563f 40cf2d4a4563563f 40cf2d4a4563563f 40cf2d4a4563563f 40cf2d4a4563563f 40cf2d4a4563563f 40cf2d4a4563563f 40cf2d4a4563563f 40cf2d4a4563563f 40cf2d4a4563563f 40cf2d4a4563563f 40cf2d4a4563563f 40cf2d4a4563563f 40cf2d4a4563563f 40cf2d4a4563563f 40cf2d4a4563563f 40cf2d4a4563563f 40cf2d4a4563563f 40cf2d4a4563563f 40cf2d4a4563563f 40cf2d4a4563563f 40cf2d4a4563563f 40cf2d4a4563563f 40cf2d4a4563563f 40cf2d4a4563563f 40cf2d4a4563563f 40cf2d4a4563563f 40cf2d4a4563563f 40cf2d4a4563563f 40cf2d4a4563563f 40cf2d4a4563563f 40cf2d4a4563563f 40cf2d4a4563563f 40cf2d4a4563563f 40cf2d4a4563563f 40cf2d4a4563563f 40cf2d4a4563563f 40cf2d4a4563563f 40cf2d4a4563563f 40cf2d4a4563563f 40cf2d4a4563563f 40cf2d4a4563563f 40cf2d4a4563563f 40cf2d4a4563563f 40cf2d4a4563563f 40cf2d4a4563563f 40cf2d4a4563563f 40cf2d4a4563563f 40cf2d4a4563563f 40cf2d4a4563563f 40cf2d4a4563563f 40cf2d4a4563563f 40cf2d4a4563563f 40cf2d4a4563563f 40cf2d4a4563563f 40cf2d4a4563563f 40cf2d4a4563563f 40cf2d4a4563563f 40cf2d4a4563563f 40cf2d4a4563563f 40cf2d4a4563563f 40cf2d4a4563563f 40cf2d4a4563563f 40cf2d4a4563563f 40cf2d4a4563563f 40cf2d4a4563563f 40cf2d4a4563563f 40cf2d4a4563563f 40cf2d4a4563563f 40cf2d4a4563563f 40cf2d4a4563563f 40cf2d4a4563563f 40cf2d4a4563563f 40cf2d4a4563563f 40cf2d4a4563563f 40cf2d4a4563563f 40cf2d4a4563563f 40cf2d4a4563563f 40cf2d4a4563563f 40cf2d4a4563563f 40cf2d4a4563563f 40cf2d4a4563563f 40cf2d4a4563563f 40cf2d4a4563563f 40cf2d4a4563563f 40cf2d4a4563563f 40cf2d4a4563563f 40cf2d4a4563563f 40cf2d4a4563563f 40cf2d4a4563563f 40cf2d4a4563563f 40cf2d4a4563563f 40cf2d4a4563563f 40cf2d4a4563563f 40cf2d4a4563563f 40cf2d4a4563563f 40cf2d4a4563563f 40cf2d4a4563563f 40cf2d4a4563563f 40cf2d4a4563563f 40cf2d4a4563563f 40cf2d4a4563563f 40cf2d4a4563563f 40cf2d4a4563563f 40cf2d4a4563563f 40cf2d4a4563563f 40cf2d4a4563563f 40cf2d4a4563563f 40cf2d4a4563563f 40cf2d4a4563563f 40cf2d4a4563563f 40cf2d4a4563563f 40cf2d4a4563563f 40cf2d4a4563563f 40cf2d4a4563563f 40cf2d4a4563563f 40cf2d4a4563563f 40cf2d4a4563563f 40cf2d4a4563563f 40cf2d4a4563563f 40cf2d4a4563563f 40cf2d4a4563563f 40cf2d4a4563563f 40cf2d4a4563563f 40cf2d4a4563563f 40cf2d4a4563563f 40cf2d4a4563563f 40cf2d4a4563563f 40cf2d4a4563563f 40cf2d4a4563563f 40cf2d4a4563563f 40cf2d4a4563563f 40cf2d4a4563563f 40cf2d4a4563563f 40cf2d4a4563563f 40cf2d4a4563563f 40cf2d4a4563563f 40cf2d4a4563563f 40cf2d4a4563563f
S 1536 bf0c7161fb1566d0
V 3fdfff8e3a7813aa 3fdfff8e3a7813aa 3fdfff8e3a7813aa 3fdfff8e3a7813aa 3fdfff8e3a7813aa 3fdfff8e3a7813aa 3fdfff8e3a7813aa 3fdfff8e3a7813aa 3fdfff8e3a7813aa 3fdfff8e3a7813aa 3fdfff8e3a7813aa 3fdfff8e3a7813aa 3fdfff8e3a7813aa 3fdfff8e3a7813aa 3fdfff8e3a7813aa 3fdfff8e3a7813aa 3fdfff8e3a7813aa 3fdfff8e3a7813aa 3fdfff8e3a7813aa 3fdfff8e3a7813aa 3fdfff8e3a7813aa 3fdfff8e3a7813aa 3fdfff8e3a7813aa 3fdfff8e3a7813aa 3fdfff8e3a7813aa 3fdfff8e3a7813aa 3fdfff8e3a7813aa 3fdfff8e3a7813aa 3fdfff8e3a7813aa 3fdfff8e3a7813aa 3fdfff8e3a7813aa 3fdfff8e3a7813aa 3fdfff8e3a7813aa 3fdfff8e3a7813aa 3fdfff8e3a7813aa 3fdfff8e3a7813aa 3fdfff8e3a7813aa 3fdfff8e3a7813aa 3fdfff8e3a7813aa 3fdfff8e3a7813aa 3fdfff8e3a7813aa 3fdfff8e3a7813aa 3fdfff8e3a7813aa 3fdfff8e3a7813aa 3fdfff8e3a7813aa 3fdfff8e3a7813aa 3fdfff8e3a7813aa 3fdfff8e3a7813aa 3fdfff8e3a7813aa 3fdfff8e3a7813aa 3fdfff8e3a7813aa 3fdfff8e3a7813aa 3fdfff8e3a7813aa 3fdfff8e3a7813aa 3fdfff8e3a7813aa 3fdfff8e3a7813aa 3fdfff8e3a7813aa 3fdfff8e3a7813aa 3fdfff8e3a7813aa 3fdfff8e3a7813aa 3fdfff8e3a7813aa 3fdfff8e3a7813aa 3fdfff8e3a7813aa 3fdfff8e3a7813aa 3fdfff8e3a7813aa 3fdfff8e3a7813aa 3fdfff8e3a7813aa 3fdfff8e3a7813aa 3fdfff8e3a7813aa 3fdfff8e3a7813aa 3fdfff8e3a7813aa 3fdfff8e3a7813aa 3fdfff8e3a7813aa 3fdfff8e3a7813aa 3fdfff8e3a7813aa 3fdfff8e3a7813aa 3fdfff8e3a7813aa 3fdfff8e3a7813aa 3fdfff8e3a7813aa 3fdfff8e3a7813aa 3fdfff8e3a7813aa 3fdfff8e3a7813aa 3fdfff8e3a7813aa 3fdfff8e3a7813aa 3fdfff8e3a7813aa 3fdfff8e3a7813aa 3fdfff8e3a7813aa 3fdfff8e3a7813aa 3fdfff8e3a7813aa 3fdfff8e3a7813aa 3fdfff8e3a7813aa 3fdfff8e3a7813aa 3fdfff8e3a7813aa 3fdfff8e3a7813aa 3fdfff8e3a7813aa 3fdfff8e3a7813aa 3fdfff8e3a7813aa 3fdfff8e3a7813aa 3fdfff8e3a7813aa 3fdfff8e3a7813aa 3fdfff8e3a7813aa 3fdfff8e3a7813aa 3fdfff8e3a7813aa 3fdfff8e3a7813aa 3fdfff8e3a7813aa 3fdfff8e3a7813aa 3fdfff8e3a7813aa 3fdfff8e3a7813aa 3fdfff8e3a7813aa 3fdfff8e3a7813aa 3fdfff8e3a7813aa 3fdfff8e3a7813aa 3fdfff8e3a7813aa 3fdfff8e3a7813aa 3fdfff8e3a7813aa 3fdfff8e3a7813aa 3fdfff8e3a7813aa 3fdfff8e3a7813aa 3fdfff8e3a7813aa 3fdfff8e3a7813aa 3fdfff8e3a7813aa 3fdfff8e3a7813aa 3fdfff8e3a7813aa 3fdfff8e3a7813aa 3fdfff8e3a7813aa 3fdfff8e3a7813aa 3fdfff8e3a7813aa 3fdfff8e3a7813aa 3fdfff8e3a7813aa 3fdfff8e3a7813aa 3fdfff8e3a7813aa 3fdfff8e3a7813aa 3fdfff8e3a7813aa 3fdfff8e3a7813aa 3fdfff8e3a7813aa 3fdfff8e3a7813aa 3fdfff8e3a7813aa 3fdfff8e3a7813aa 3fdfff8e3a7813aa 3fdfff8e3a7813aa 3fdfff8e3a7813aa 3fdfff8e3a7813aa 3fdfff8e3a7813aa 3fdfff8e3a7813aa 3fdfff8e3a7813aa 3fdfff8e3a7813aa 3fdfff8e3a7813aa 3fdfff8e3a7813aa 3fdfff8e3a7813aa 3fdfff8e3a7813aa 3fdfff8e3a7813aa 3fdfff8e3a7813aa 3fdfff8e3a7813aa 3fdfff8e3a7813aa 3fdfff8e3a7813aa 3fdfff8e3a7813aa 3fdfff8e3a7813aa 3fdfff8e3a7813aa 3fdfff8e3a7813aa 3fdfff8e3a7813aa 3fdfff8e3a7813aa 3fdfff8e3a7813aa 3fdfff8e3a7813aa 3fdfff8e3a7813aa 3fdfff8e3a7813aa 3fdfff8e3a7813aa 3fdfff8e3a7813aa 3fdfff8e3a7813aa 3fdfff8e3a7813aa 3fdfff8e3a7813aa 3fdfff8e3a7813aa 3fdfff8e3a7813aa 3fdfff8e3a7813aa 3fdfff8e3a7813aa 3fdfff8e3a7813aa 3fdfff8e3a7813aa 3fdfff8e3a7813aa 3fdfff8e3a7813aa 3fdfff8e3a7813aa 3fdfff8e3a7813aa 3fdfff8e3a7813aa 3fdfff8e3a7813aa 3fdfff8e3a7813aa 3fdfff8e3a7813aa 3fdfff8e3a7813aa 3fdfff8e3a7813aa 3fdfff8e3a7813aa 3fdfff8e3a7813aa 3fdfff8e3a7813aa 3fdfff8e3a7813aa 3fdfff8e3a7813aa 3fdfff8e3a7813aa 3fdfff8e3a7813aa 3fdfff8e3a7813aa 3fdfff8e3a7813aa 3fdfff8e3a7813aa 3fdfff8e3a7813aa 3fdfff8e3a7813aa 3fdfff8e3a7813aa 3fdfff8e3a7813aa 3fdfff8e3a7813aa 3fdfff8e3a7813aa 3fdfff8e3a7813aa 3fdfff8e3a7813aa 3fdfff8e3a7813aa 3fdfff8e3a7813aa 3fdfff8e3a7813aa 3fdfff8e3a7813aa 3fdfff8e3a7813aa 3fdfff8e3a7813aa 3fdfff8e3a7813aa 3fdfff8e3a7813aa 3fdfff8e3a7813aa 3fdfff8e3a7813aa 3fdfff8e3a7813aa 3fdfff8e3a7813aa 3fdfff8e3a7813aa 3fdfff8e3a7813aa 3fdfff8e3a7813aa 3fdfff8e3a7813aa 3fdfff8e3a7813aa 3fdfff8e3a7813aa 3fdfff8e3a7813aa 3fdfff8e3a7813aa 3fdfff8e3a7813aa 3fdfff8e3a7813aa 3fdfff8e3a7813aa 3fdfff8e3a7813aa 3fdfff8e3a7813aa 3fdfff8e3a7813aa 3fdfff8e3a7813aa 3fdfff8e3a7813aa 3fdfff8e3a7813aa 3fdfff8e3a7813aa 3fdfff8e3a7813aa 3fdfff8e3a7813aa 3fdfff8e3a7813aa 3fdfff8e3a7813aa 3fdfff8e3a7813aa 3fdfff8e3a7813aa 3fdfff8e3a7813aa 3fdfff8e3a7813aa 3fdfff8e3a7813aa 3fdfff8e3a7813aa 3fdfff8e3a7813aa 3fdfff8e3a7813aa 3fdfff8e3a7813aa 3fdfff8e3a7813aa 3fdfff8e3a7813aa 3fdfff8e3a7813aa 3fdfff8e3a7813aa 3fdfff8e3a7813aa 3fdfff8e3a7813aa 3fdfff8e3a7813aa 3fdfff8e3a7813aa 3fdfff8e3a7813aa 3fdfff8e3a7813aa 3fdfff8e3a7813aa 3fdfff8e3a7813aa 3fdfff8e3a7813aa 3fdfff8e3a7813aa 3fdfff8e3a7813aa 3fdfff8e3a7813aa 3fdfff8e3a7813aa 3fdfff8e3a7813aa 3fdfff8e3a7813aa 3fdfff8e3a7813aa 3fdfff8e3a7813aa 3fdfff8e3a7813aa 3fdfff8e3a7813aa 3fdfff8e3a7813aa 3fdfff8e3a7813aa 3fdfff8e3a7813aa 3fdfff8e3a7813aa 3fdfff8e3a7813aa 3fdfff8e3a7813aa 3fdfff8e3a7813aa 3fdfff8e3a7813aa 3fdfff8e3a7813aa 3fdfff8e3a7813aa 3fdfff8e3a7813aa 3fdfff8e3a7813aa 3fdfff8e3a7813aa 3fdfff8e3a7813aa 3fdfff8e3a7813aa 3fdfff8e3a7813aa 3fdfff8e3a7813aa 3fdfff8e3a7813aa 3fdfff8e3a7813aa 3fdfff8e3a7813aa 3fdfff8e3a7813aa 3fdfff8e3a7813aa 3fdfff8e3a7813aa 3fdfff8e3a7813aa 3fdfff8e3a7813aa 3fdfff8e3a7813aa 3fdfff8e3a7813aa 3fdfff8e3a7813aa 3fdfff8e3a7813aa 3fdfff8e3a7813aa 3fdfff8e3a7813aa 3fdfff8e3a7813aa 3fdfff8e3a7813aa 3fdfff8e3a7813aa 3fdfff8e3a7813aa 3fdfff8e3a7813aa 3fdfff8e3a7813aa 3fdfff8e3a7813aa 3fdfff8e3a7813aa 3fdfff8e3a7813aa 3fdfff8e3a7813aa 3fdfff8e3a7813aa 3fdfff8e3a7813aa 3fdfff8e3a7813aa 3fdfff8e3a7813aa 3fdfff8e3a7813aa 3fdfff8e3a7813aa 3fdfff8e3a7813aa 3fdfff8e3a7813aa 3fdfff8e3a7813aa 3fdfff8e3a7813aa 3fdfff8e3a7813aa 3fdfff8e3a7813aa 3fdfff8e3a7813aa 3fdfff8e3a7813aa 3fdfff8e3a7813aa 3fdfff8e3a7813aa 3fdfff8e3a7813aa 3fdfff8e3a7813aa 3fdfff8e3a7813aa 3fdfff8e3a7813aa 3fdfff8e3a7813aa 3fdfff8e3a7813aa 3fdfff8e3a7813aa 3fdfff8e3a7813aa 3fdfff8e3a7813aa 3fdfff8e3a7813aa 3fdfff8e3a7813aa 3fdfff8e3a7813aa 3fdfff8e3a7813aa 3fdfff8e3a7813aa 3fdfff8e3a7813aa 3fdfff8e3a7813aa 3fdfff8e3a7813aa 3fdfff8e3a7813aa 3fdfff8e3a7813aa 3fdfff8e3a7813aa 3fdfff8e3a7813aa 3fdfff8e3a7813aa 3fdfff8e3a7813aa 3fdfff8e3a7813aa 3fdfff8e3a7813aa 3fdfff8e3a7813aa 3fdfff8e3a7813aa 3fdfff8e3a7813aa 3fdfff8e3a7813aa 3fdfff8e3a7813aa 3fdfff8e3a7813aa 3fdfff8e3a7813aa 3fdfff8e3a7813aa 3fdfff8e3a7813aa 3fdfff8e3a7813aa 3fdfff8e3a7813aa 3fdfff8e3a7813aa 3fdfff8e3a7813aa 3fdfff8e3a7813aa 3fdfff8e3a7813aa 3fdfff8e3a7813aa 3fdfff8e3a7813aa 3fdfff8e3a7813aa 3fdfff8e3a7813aa 3fdfff8e3a7813aa 3fdfff8e3a7813aa 3fdfff8e3a7813aa 3fdfff8e3a7813aa 3fdfff8e3a7813aa 3fdfff8e3a7813aa 3fdfff8e3a7813aa 3fdfff8e3a7813aa 3fdfff8e3a7813aa 3fdfff8e3a7813aa 3fdfff8e3a7813aa 3fdfff8e3a7813aa 3fdfff8e3a7813aa 3fdfff8e3a7813aa 3fdfff8e3a7813aa 3fdfff8e3a7813aa 3fdfff8e3a7813aa 3fdfff8e3a7813aa 3fdfff8e3a7813aa 3fdfff8e3a7813aa 3fdfff8e3a7813aa 3fdfff8e3a7813aa 3fdfff8e3a7813aa 3fdfff8e3a7813aa 3fdfff8e3a7813aa 3fdfff8e3a7813aa 3fdfff8e3a7813aa 3fdfff8e3a7813aa 3fdfff8e3a7813aa 3fdfff8e3a7813aa 3fdfff8e3a7813aa 3fdfff8e3a7813aa 3fdfff8e3a7813aa 3fdfff8e3a7813aa 3fdfff8e3a7813aa 3fdfff8e3a7813aa 3fdfff8e3a7813aa 3fdfff8e3a7813aa 3fdfff8e3a7813aa 3fdfff8e3a7813aa 3fdfff8e3a7813aa 3fdfff8e3a7813aa 3fdfff8e3a7813aa 3fdfff8e3a7813aa 3fdfff8e3a7813aa 3fdfff8e3a7813aa 3fdfff8e3a7813aa 3fdfff8e3a7813aa 3fdfff8e3a7813aa 3fdfff8e3a7813aa 3fdfff8e3a7813aa 3fdfff8e3a7813aa 3fdfff8e3a7813aa 3fdfff8e3a7813aa 3fdfff8e3a7813aa 3fdfff8e3a7813aa 3fdfff8e3a7813aa 3fdfff8e3a7813aa 3fdfff8e3a7813aa 3fdfff8e3a7813aa 3fdfff8e3a7813aa 3fdfff8e3a7813aa 3fdfff8e3a7813aa 3fdfff8e3a7813aa 3fdfff8e3a7813aa 3fdfff8e3a7813aa 3fdfff8e3a7813aa 3fdfff8e3a7813aa 3fdfff8e3a7813aa 3fdfff8e3a7813aa 3fdfff8e3a7813aa 3fdfff8e3a7813aa 3fdfff8e3a7813aa 3fdfff8e3a7813aa 3fdfff8e3a7813aa 3fdfff8e3a7813aa 3fdfff8e3a7813aa 3fdfff8e3a7813aa 3fdfff8e3a7813aa 3fdfff8e3a7813aa 3fdfff8e3a7813aa 3fdfff8e3a7813aa 3fdfff8e3a7813aa 3fdfff8e3a7813aa 3fdfff8e3a7813aa 3fdfff8e3a7813aa 3fdfff8e3a7813aa 3fdfff8e3a7813aa 3fdfff8e3a7813aa 3fdfff8e3a7813aa 3fdfff8e3a7813aa 3fdfff8e3a7813aa 3fdfff8e3a7813aa 3fdfff8e3a7813aa 3fdfff8e3a7813aa 3fdfff8e3a7813aa 3fdfff8e3a7813aa 3fdfff8e3a7813aa 3fdfff8e3a7813aa 3fdfff8e3a7813aa 3fdfff8e3a7813aa 3fdfff8e3a7813aa 3fdfff8e3a7813aa 3fdfff8e3a7813aa 3fdfff8e3a7813aa 3fdfff8e3a7813aa 3fdfff8e3a7813aa 3fdfff8e3a7813aa 3fdfff8e3a7813aa 3fdfff8e3a7813aa 3fdfff8e3a7813aa 3fdfff8e3a7813aa 3fdfff8e3a7813aa 3fdfff8e3a7813aa 3fdfff8e3a7813aa 3fdfff8e3a7813aa 3fdfff8e3a7813aa 3fdfff8e3a7813aa 3fdfff8e3a7813aa 3fdfff8e3a7813aa 3fdfff8e3a7813aa 3fdfff8e3a7813aa 3fdfff8e3a7813aa 3fdfff8e3a7813aa 3fdfff8e3a7813aa 3fdfff8e3a7813aa 3fdfff8e3a7813aa 3fdfff8e3a7813aa 3fdfff8e3a7813aa 3fdfff8e3a7813aa 3fdfff8e3a7813aa 3fdfff8e3a7813aa 3fdfff8e3a7813aa 3fdfff8e3a7813aa 3fdfff8e3a7813aa 3fdfff8e3a7813aa 3fdfff8e3a7813aa 3fdfff8e3a7813aa 3fdfff8e3a7813aa 3fdfff8e3a7813aa 3fdfff8e3a7813aa 3fdfff8e3a7813aa 3fdfff8e3a7813aa 3fdfff8e3a7813aa 3fdfff8e3a7813aa 3fdfff8e3a7813aa 3fdfff8e3a7813aa 3fdfff8e3a7813aa 3fdfff8e3a7813aa 3fdfff8e3a7813aa 3fdfff8e3a7813aa 3fdfff8e3a7813aa 3fdfff8e3a7813aa 3fdfff8e3a7813aa 3fdfff8e3a7813aa 3fdfff8e3a7813aa 3fdfff8e3a7813aa 3fdfff8e3a7813aa 3fdfff8e3a7813aa 3fdfff8e3a7813aa 3fdfff8e3a7813aa 3fdfff8e3a7813aa 3fdfff8e3a7813aa 3fdfff8e3a7813aa 3fdfff8e3a7813aa 3fdfff8e3a7813aa 3fdfff8e3a7813aa 3fdfff8e3a7813aa 3fdfff8e3a7813aa 3fdfff8e3a7813aa 3fdfff8e3a7813aa 3fdfff8e3a7813aa 3fdfff8e3a7813aa 3fdfff8e3a7813aa 3fdfff8e3a7813aa 3fdfff8e3a7813aa 3fdfff8e3a7813aa 3fdfff8e3a7813aa 3fdfff8e3a7813aa 3fdfff8e3a7813aa 3fdfff8e3a7813aa 3fdfff8e3a7813aa 3fdfff8e3a7813aa 3fdfff8e3a7813aa 3fdfff8e3a7813aa 3fdfff8e3a7813aa 3fdfff8e3a7813aa 3fdfff8e3a7813aa 3fdfff8e3a7813aa 3fdfff8e3a7813aa 3fdfff8e3a7813aa 3fdfff8e3a7813aa 3fdfff8e3a7813aa 3fdfff8e3a7813aa 3fdfff8e3a7813aa 3fdfff8e3a7813aa 3fdfff8e3a7813aa 3fdfff8e3a7813aa 3fdfff8e3a7813aa 3fdfff8e3a7813aa 3fdfff8e3a7813aa 3fdfff8e3a7813aa 3fdfff8e3a7813aa 3fdfff8e3a7813aa 3fdfff8e3a7813aa 3fdfff8e3a7813aa 3fdfff8e3a7813aa 3fdfff8e3a7813aa 3fdfff8e3a7813aa 3fdfff8e3a7813aa 3fdfff8e3a7813aa 3fdfff8e3a7813aa 3fdfff8e3a7813aa 3fdfff8e3a7813aa 3fdfff8e3a7813aa 3fdfff8e3a7813aa 3fdfff8e3a7813aa 3fdfff8e3a7813aa 3fdfff8e3a7813aa 3fdfff8e3a7813aa 3fdfff8e3a7813aa 3fdfff8e3a7813aa 3fdfff8e3a7813aa 3fdfff8e3a7813aa 3fdfff8e3a7813aa 3fdfff8e3a7813aa 3fdfff8e3a7813aa 3fdfff8e3a7813aa 3fdfff8e3a7813aa 3fdfff8e3a7813aa 3fdfff8e3a7813aa 3fdfff8e3a7813aa 3fdfff8e3a7813aa 3fdfff8e3a7813aa 3fdfff8e3a7813aa 3fdfff8e3a7813aa 3fdfff8e3a7813aa 3fdfff8e3a7813aa 3fdfff8e3a7813aa 3fdfff8e3a7813aa 3fdfff8e3a7813aa 3fdfff8e3a7813aa 3fdfff8e3a7813aa 3fdfff8e3a7813aa 3fdfff8e3a7813aa 3fdfff8e3a7813aa 3fdfff8e3a7813aa 3fdfff8e3a7813aa 3fdfff8e3a7813aa 3fdfff8e3a7813aa 3fdfff8e3a7813aa 3fdfff8e3a7813aa 3fdfff8e3a7813aa 3fdfff8e3a7813aa 3fdfff8e3a7813aa 3fdfff8e3a7813aa 3fdfff8e3a7813aa 3fdfff8e3a7813aa 3fdfff8e3a7813aa 3fdfff8e3a7813aa 3fdfff8e3a7813aa 3fdfff8e3a7813aa 3fdfff8e3a7813aa 3fdfff8e3a7813aa 3fdfff8e3a7813aa 3fdfff8e3a7813aa 3fdfff8e3a7813aa 3fdfff8e3a7813aa 3fdfff8e3a7813aa 3fdfff8e3a7813aa 3fdfff8e3a7813aa 3fdfff8e3a7813aa 3fdfff8e3a7813aa 3fdfff8e3a7813aa 3fdfff8e3a7813aa 3fdfff8e3a7813aa 3fdfff8e3a7813aa 3fdfff8e3a7813aa 3fdfff8e3a7813aa 3fdfff8e3a7813aa 3fdfff8e3a7813aa 3fdfff8e3a7813aa 3fdfff8e3a7813aa 3fdfff8e3a7813aa 3fdfff8e3a7813aa 3fdfff8e3a7813aa 3fdfff8e3a7813aa 3fdfff8e3a7813aa 3fdfff8e3a7813aa 3fdfff8e3a7813aa 3fdfff8e3a7813aa 3fdfff8e3a7813aa 3fdfff8e3a7813aa 3fdfff8e3a7813aa 3fdfff8e3a7813aa 3fdfff8e3a7813aa 3fdfff8e3a7813aa 3fdfff8e3a7813aa 3fdfff8e3a7813aa 3fdfff8e3a7813aa 3fdfff8e3a7813aa 3fdfff8e3a7813aa 3fdfff8e3a7813aa 3fdfff8e3a7813aa 3fdfff8e3a7813aa 3fdfff8e3a7813aa 3fdfff8e3a7813aa 3fdfff8e3a7813aa 3fdfff8e3a7813aa 3fdfff8e3a7813aa 3fdfff8e3a7813aa 3fdfff8e3a7813aa 3fdfff8e3a7813aa 3fdfff8e3a7813aa 3fdfff8e3a7813aa 3fdfff8e3a7813aa 3fdfff8e3a7813aa 3fdfff8e3a7813aa 3fdfff8e3a7813aa 3fdfff8e3a7813aa 3fdfff8e3a7813aa 3fdfff8e3a7813aa 3fdfff8e3a7813aa 3fdfff8e3a7813aa 3fdfff8e3a7813aa 3fdfff8e3a7813aa 3fdfff8e3a7813aa 3fdfff8e3a7813aa 3fdfff8e3a7813aa 3fdfff8e3a7813aa 3fdfff8e3a7813aa 3fdfff8e3a7813aa 3fdfff8e3a7813aa 3fdfff8e3a7813aa 3fdfff8e3a7813aa 3fdfff8e3a7813aa 3fdfff8e3a7813aa 3fdfff8e3a7813aa 3fdfff8e3a7813aa 3fdfff8e3a7813aa 3fdfff8e3a7813aa 3fdfff8e3a7813aa 3fdfff8e3a7813aa 3fdfff8e3a7813aa 3fdfff8e3a7813aa 3fdfff8e3a7813aa 3fdfff8e3a7813aa 3fdfff8e3a7813aa 3fdfff8e3a7813aa 3fdfff8e3a7813aa 3fdfff8e3a7813aa 3fdfff8e3a7813aa 3fdfff8e3a7813aa 3fdfff8e3a7813aa 3fdfff8e3a7813aa 3fdfff8e3a7813aa 3fdfff8e3a7813aa 3fdfff8e3a7813aa 3fdfff8e3a7813aa 3fdfff8e3a7813aa 3fdfff8e3a7813aa 3fdfff8e3a7813aa 3fdfff8e3a7813aa 3fdfff8e3a7813aa 3fdfff8e3a7813aa 3fdfff8e3a7813aa 3fdfff8e3a7813aa 3fdfff8e3a7813aa 3fdfff8e3a7813aa 3fdfff8e3a7813aa 3fdfff8e3a7813aa 3fdfff8e3a7813aa 3fdfff8e3a7813aa 3fdfff8e3a7813aa 3fdfff8e3a7813aa 3fdfff8e3a7813aa 3fdfff8e3a7813aa 3fdfff8e3a7813aa 3fdfff8e3a7813aa 3fdfff8e3a7813aa 3fdfff8e3a7813aa 3fdfff8e3a7813aa 3fdfff8e3a7813aa 3fdfff8e3a7813aa 3fdfff8e3a7813aa 3fdfff8e3a7813aa 3fdfff8e3a7813aa 3fdfff8e3a7813aa 3fdfff8e3a7813aa 3fdfff8e3a7813aa 3fdfff8e3a7813aa 3fdfff8e3a7813aa 3fdfff8e3a7813aa 3fdfff8e3a7813aa 3fdfff8e3a7813aa 3fdfff8e3a7813aa 3fdfff8e3a7813aa bfebb61860e52d09 bfebb61860e52d09 bfebb61860e52d09 bfebb61860e52d09 bfebb61860e52d09 bfebb61860e52d09 bfebb61860e52d09 bfebb61860e52d09 bfebb61860e52d09 bfebb61860e52d09 bfebb61860e52d09 bfebb61860e52d09 bfebb61860e52d09 bfebb61860e52d09 bfebb61860e52d09 bfebb61860e52d09 bfebb61860e52d09 bfebb61860e52d09 bfebb61860e52d09 bfebb61860e52d09 bfebb61860e52d09 bfebb61860e52d09 bfebb61860e52d09 bfebb61860e52d09 bfebb61860e52d09 bfebb61860e52d09 bfebb61860e52d09 bfebb61860e52d09 bfebb61860e52d09 bfebb61860e52d09 bfebb61860e52d09 bfebb61860e52d09 bfebb61860e52d09 bfebb61860e52d09 bfebb61860e52d09 bfebb61860e52d09 bfebb61860e52d09 bfebb61860e52d09 bfebb61860e52d09 bfebb61860e52d09 bfebb61860e52d09 bfebb61860e52d09 bfebb61860e52d09 bfebb61860e52d09 bfebb61860e52d09 bfebb61860e52d09 bfebb61860e52d09 bfebb61860e52d09 bfebb61860e52d09 bfebb61860e52d09 bfebb61860e52d09 bfebb61860e52d09 bfebb61860e52d09 bfebb61860e52d09 bfebb61860e52d09 bfebb61860e52d09 bfebb61860e52d09 bfebb61860e52d09 bfebb61860e52d09 bfebb61860e52d09 bfebb61860e52d09 bfebb61860e52d09 bfebb61860e52d09 bfebb61860e52d09 bfebb61860e52d09 bfebb61860e52d09 bfebb61860e52d09 bfebb61860e52d09 bfebb61860e52d09 bfebb61860e52d09 bfebb61860e52d09 bfebb61860e52d09 bfebb61860e52d09 bfebb61860e52d09 bfebb61860e52d09 bfebb61860e52d09 bfebb61860e52d09 bfebb61860e52d09 bfebb61860e52d09 bfebb61860e52d09 bfebb61860e52d09 bfebb61860e52d09 bfebb61860e52d09 bfebb61860e52d09 bfebb61860e52d09 bfebb61860e52d09 bfebb61860e52d09 bfebb61860e52d09 bfebb61860e52d09 bfebb61860e52d09 bfebb61860e52d09 bfebb61860e52d09 bfebb61860e52d09 bfebb61860e52d09 bfebb61860e52d09 bfebb61860e52d09 bfebb61860e52d09 bfebb61860e52d09 bfebb61860e52d09 bfebb61860e52d09 bfebb61860e52d09 bfebb61860e52d09 bfebb61860e52d09 bfebb61860e52d09 bfebb61860e52d09 bfebb61860e52d09 bfebb61860e52d09 bfebb61860e52d09 bfebb61860e52d09 bfebb61860e52d09 bfebb61860e52d09 bfebb61860e52d09 bfebb61860e52d09 bfebb61860e52d09 bfebb61860e52d09 bfebb61860e52d09 bfebb61860e52d09 bfebb61860e52d09 bfebb61860e52d09 bfebb61860e52d09 bfebb61860e52d09 bfebb61860e52d09 bfebb61860e52d09 bfebb61860e52d09 bfebb61860e52d09 bfebb61860e52d09 bfebb61860e52d09 bfebb61860e52d09 bfebb61860e52d09 bfebb61860e52d09 bfebb61860e52d09 bfebb61860e52d09 bfebb61860e52d09 bfebb61860e52d09 bfebb61860e52d09 bfebb61860e52d09 bfebb61860e52d09 bfebb61860e52d09 bfebb61860e52d09 bfebb61860e52d09 bfebb61860e52d09 bfebb61860e52d09 bfebb61860e52d09 bfebb61860e52d09 bfebb61860e52d09 bfebb61860e52d09 bfebb61860e52d09 bfebb61860e52d09 bfebb61860e52d09 bfebb61860e52d09 bfebb61860e52d09 bfebb61860e52d09 bfebb61860e52d09 bfebb61860e52d09 bfebb61860e52d09 bfebb61860e52d09 bfebb61860e52d09 bfebb61860e52d09 bfebb61860e52d09 bfebb61860e52d09 bfebb61860e52d09 bfebb61860e52d09 bfebb61860e52d09 bfebb61860e52d09 bfebb61860e52d09 bfebb61860e52d09 bfebb61860e52d09 bfebb61860e52d09 bfebb61860e52d09 bfebb61860e52d09 bfebb61860e52d09 bfebb61860e52d09 bfebb61860e52d09 bfebb61860e52d09 bfebb61860e52d09 bfebb61860e52d09 bfebb61860e52d09 bfebb61860e52d09 bfebb61860e52d09 bfebb61860e52d09 bfebb61860e52d09 bfebb61860e52d09 bfebb61860e52d09 bfebb61860e52d09 bfebb61860e52d09 bfebb61860e52d09 bfebb61860e52d09 bfebb61860e52d09 bfebb61860e52d09 bfebb61860e52d09 bfebb61860e52d09 bfebb61860e52d09 bfebb61860e52d09 bfebb61860e52d09 bfebb61860e52d09 bfebb61860e52d09 bfebb61860e52d09 bfebb61860e52d09 bfebb61860e52d09 bfebb61860e52d09 bfebb61860e52d09 bfebb61860e52d09 bfebb61860e52d09 bfebb61860e52d09 bfebb61860e52d09 bfebb61860e52d09 bfebb61860e52d09 bfebb61860e52d09 bfebb61860e52d09 bfebb61860e52d09 bfebb61860e52d09 bfebb61860e52d09 bfebb61860e52d09 bfebb61860e52d09 bfebb61860e52d09 bfebb61860e52d09 bfebb61860e52d09 bfebb61860e52d09 bfebb61860e52d09 bfebb61860e52d09 bfebb61860e52d09 bfebb61860e52d09 bfebb61860e52d09 bfebb61860e52d09 bfebb61860e52d09 bfebb61860e52d09 bfebb61860e52d09 bfebb61860e52d09 bfebb61860e52d09 bfebb61860e52d09 bfebb61860e52d09 bfebb61860e52d09 bfebb61860e52d09 bfebb61860e52d09 bfebb61860e52d09 bfebb61860e52d09 bfebb61860e52d09 bfebb61860e52d09 bfebb61860e52d09 bfebb61860e52d09 bfebb61860e52d09 bfebb61860e52d09 bfebb61860e52d09 bfebb61860e52d09 bfebb61860e52d09 bfebb61860e52d09 bfebb61860e52d09 bfebb61860e52d09 bfebb61860e52d09 bfebb61860e52d09 bfebb61860e52d09 bfebb61860e52d09 bfebb61860e52d09 bfebb61860e52d09 bfebb61860e52d09 bfebb61860e52d09 bfebb61860e52d09 bfebb61860e52d09 bfebb61860e52d09 bfebb61860e52d09 bfebb61860e52d09 bfebb61860e52d09 bfebb61860e52d09 bfebb61860e52d09 bfebb61860e52d09 bfebb61860e52d09 bfebb61860e52d09 bfebb61860e52d09 bfebb61860e52d09 bfebb61860e52d09 bfebb61860e52d09 bfebb61860e52d09 bfebb61860e52d09 bfebb61860e52d09 bfebb61860e52d09 bfebb61860e52d09 bfebb61860e52d09 bfebb61860e52d09 bfebb61860e52d09 bfebb61860e52d09 bfebb61860e52d09 bfebb61860e52d09 bfebb61860e52d09 bfebb61860e52d09 bfebb61860e52d09 bfebb61860e52d09 bfebb61860e52d09 bfebb61860e52d09 bfebb61860e52d09 bfebb61860e52d09 bfebb61860e52d09 bfebb61860e52d09 bfebb61860e52d09 bfebb61860e52d09 bfebb61860e52d09 bfebb61860e52d09 bfebb61860e52d09 bfebb61860e52d09 bfebb61860e52d09 bfebb61860e52d09 bfebb61860e52d09 bfebb61860e52d09 bfebb61860e52d09 bfebb61860e52d09 bfebb61860e52d09 bfebb61860e52d09 bfebb61860e52d09 bfebb61860e52d09 bfebb61860e52d09 bfebb61860e52d09 bfebb61860e52d09 bfebb61860e52d09 bfebb61860e52d09 bfebb61860e52d09 bfebb61860e52d09 bfebb61860e52d09 bfebb61860e52d09 bfebb61860e52d09 bfebb61860e52d09 bfebb61860e52d09 bfebb61860e52d09 bfebb61860e52d09 bfebb61860e52d09 bfebb61860e52d09 bfebb61860e52d09 bfebb61860e52d09 bfebb61860e52d09 bfebb61860e52d09 bfebb61860e52d09 bfebb61860e52d09 bfebb61860e52d09 bfebb61860e52d09 bfebb61860e52d09 bfebb61860e52d09 bfebb61860e52d09 bfebb61860e52d09 bfebb61860e52d09 bfebb61860e52d09 bfebb61860e52d09 bfebb61860e52d09 bfebb61860e52d09 bfebb61860e52d09 bfebb61860e52d09 bfebb61860e52d09 bfebb61860e52d09 bfebb61860e52d09 bfebb61860e52d09 bfebb61860e52d09 bfebb61860e52d09 bfebb61860e52d09 bfebb61860e52d09 bfebb61860e52d09 bfebb61860e52d09 bfebb61860e52d09 bfebb61860e52d09 bfebb61860e52d09 bfebb61860e52d09 bfebb61860e52d09 bfebb61860e52d09 bfebb61860e52d09 bfebb61860e52d09 bfebb61860e52d09 bfebb61860e52d09 bfebb61860e52d09 bfebb61860e52d09 bfebb61860e52d09 bfebb61860e52d09 bfebb61860e52d09 bfebb61860e52d09 bfebb61860e52d09 bfebb61860e52d09 bfebb61860e52d09 bfebb61860e52d09 bfebb61860e52d09 bfebb61860e52d09 bfebb61860e52d09 bfebb61860e52d09 bfebb61860e52d09 bfebb61860e52d09 bfebb61860e52d09 bfebb61860e52d09 bfebb61860e52d09 bfebb61860e52d09 bfebb61860e52d09 bfebb61860e52d09 bfebb61860e52d09 bfebb61860e52d09 bfebb61860e52d09 bfebb61860e52d09 bfebb61860e52d09 bfebb61860e52d09 bfebb61860e52d09 bfebb61860e52d09 bfebb61860e52d09 bfebb61860e52d09 bfebb61860e52d09 bfebb61860e52d09 bfebb61860e52d09 bfebb61860e52d09 bfebb61860e52d09 bfebb61860e52d09 bfebb61860e52d09 bfebb61860e52d09 bfebb61860e52d09 bfebb61860e52d09 bfebb61860e52d09 bfebb61860e52d09 bfebb61860e52d09 bfebb61860e52d09 bfebb61860e52d09 bfebb61860e52d09 bfebb61860e52d09 bfebb61860e52d09 bfebb61860e52d09 bfebb61860e52d09 bfebb61860e52d09 bfebb61860e52d09 bfebb61860e52d09 bfebb61860e52d09 bfebb61860e52d09 bfebb61860e52d09 bfebb61860e52d09 bfebb61860e52d09 bfebb61860e52d09 bfebb61860e52d09 bfebb61860e52d09 bfebb61860e52d09 bfebb61860e52d09 bfebb61860e52d09 bfebb61860e52d09 bfebb61860e52d09 bfebb61860e52d09 bfebb61860e52d09 bfebb61860e52d09 bfebb61860e52d09 bfebb61860e52d09 bfebb61860e52d09 bfebb61860e52d09 bfebb61860e52d09 bfebb61860e52d09 bfebb61860e52d09 bfebb61860e52d09 bfebb61860e52d09 bfebb61860e52d09 bfebb61860e52d09 bfebb61860e52d09 bfebb61860e52d09 bfebb61860e52d09 bfebb61860e52d09 bfebb61860e52d09 bfebb61860e52d09 bfebb61860e52d09 bfebb61860e52d09 bfebb61860e52d09 bfebb61860e52d09 bfebb61860e52d09 bfebb61860e52d09 bfebb61860e52d09 bfebb61860e52d09 bfebb61860e52d09 bfebb61860e52d09 bfebb61860e52d09 bfebb61860e52d09 bfebb61860e52d09 bfebb61860e52d09 bfebb61860e52d09 bfebb61860e52d09 bfebb61860e52d09 bfebb61860e52d09 bfebb61860e52d09 bfebb61860e52d09 bfebb61860e52d09 bfebb61860e52d09 bfebb61860e52d09 bfebb61860e52d09 bfebb61860e52d09 bfebb61860e52d09 bfebb61860e52d09 bfebb61860e52d09 bfebb61860e52d09 bfebb61860e52d09 bfebb61860e52d09 bfebb61860e52d09 bfebb61860e52d09 bfebb61860e52d09 bfebb61860e52d09 bfebb61860e52d09 bfebb61860e52d09 bfebb61860e52d09 bfebb61860e52d09 bfebb61860e52d09 bfebb61860e52d09 bfebb61860e52d09 bfebb61860e52d09 bfebb61860e52d09 bfebb61860e52d09 bfebb61860e52d09 bfebb61860e52d09 bfebb61860e52d09 bfebb61860e52d09 bfebb61860e52d09 bfebb61860e52d09 bfebb61860e52d09 bfebb61860e52d09 bfebb61860e52d09 bfebb61860e52d09 bfebb61860e52d09 bfebb61860e52d09 bfebb61860e52d09 bfebb61860e52d09 bfebb61860e52d09 bfebb61860e52d09 bfebb61860e52d09 bfebb61860e52d09 bfebb61860e52d09 bfebb61860e52d09 bfebb61860e52d09 bfebb61860e52d09 bfebb61860e52d09 bfebb61860e52d09 bfebb61860e52d09 bfebb61860e52d09 bfebb61860e52d09 bfebb61860e52d09 bfebb61860e52d09 bfebb61860e52d09 bfebb61860e52d09 bfebb61860e52d09 bfebb61860e52d09 bfebb61860e52d09 bfebb61860e52d09 bfebb61860e52d09 bfebb61860e52d09 bfebb61860e52d09 bfebb61860e52d09 bfebb61860e52d09 bfebb61860e52d09 bfebb61860e52d09 bfebb61860e52d09 bfebb61860e52d09 bfebb61860e52d09 bfebb61860e52d09 bfebb61860e52d09 bfebb61860e52d09 bfebb61860e52d09 bfebb61860e52d09 bfebb61860e52d09 bfebb61860e52d09 bfebb61860e52d09 bfebb61860e52d09 bfebb61860e52d09 bfebb61860e52d09 bfebb61860e52d09 bfebb61860e52d09 bfebb61860e52d09 bfebb61860e52d09 bfebb61860e52d09 bfebb61860e52d09 bfebb61860e52d09 bfebb61860e52d09 bfebb61860e52d09 bfebb61860e52d09 bfebb61860e52d09 bfebb61860e52d09 bfebb61860e52d09 bfebb61860e52d09 bfebb61860e52d09 bfebb61860e52d09 bfebb61860e52d09 bfebb61860e52d09 bfebb61860e52d09 bfebb61860e52d09 bfebb61860e52d09 bfebb61860e52d09 bfebb61860e52d09 bfebb61860e52d09 bfebb61860e52d09 bfebb61860e52d09 bfebb61860e52d09 bfebb61860e52d09 bfebb61860e52d09 bfebb61860e52d09 bfebb61860e52d09 bfebb61860e52d09 bfebb61860e52d09 bfebb61860e52d09 bfebb61860e52d09 bfebb61860e52d09 bfebb61860e52d09 bfebb61860e52d09 bfebb61860e52d09 bfebb61860e52d09 bfebb61860e52d09 bfebb61860e52d09 bfebb61860e52d09 bfebb61860e52d09 bfebb61860e52d09 bfebb61860e52d09 bfebb61860e52d09 bfebb61860e52d09 bfebb61860e52d09 bfebb61860e52d09 bfebb61860e52d09 bfebb61860e52d09 bfebb61860e52d09 bfebb61860e52d09 bfebb61860e52d09 bfebb61860e52d09 bfebb61860e52d09 bfebb61860e52d09 bfebb61860e52d09 bfebb61860e52d09 bfebb61860e52d09 bfebb61860e52d09 bfebb61860e52d09 bfebb61860e52d09 bfebb61860e52d09 bfebb61860e52d09 bfebb61860e52d09 bfebb61860e52d09 bfebb61860e52d09 bfebb61860e52d09 bfebb61860e52d09 bfebb61860e52d09 bfebb61860e52d09 bfebb61860e52d09 bfebb61860e52d09 bfebb61860e52d09 bfebb61860e52d09 bfebb61860e52d09 bfebb61860e52d09 bfebb61860e52d09 bfebb61860e52d09 bfebb61860e52d09 bfebb61860e52d09 bfebb61860e52d09 bfebb61860e52d09 bfebb61860e52d09 bfebb61860e52d09 bfebb61860e52d09 bfebb61860e52d09 bfebb61860e52d09 bfebb61860e52d09 bfebb61860e52d09 bfebb61860e52d09 bfebb61860e52d09 bfebb61860e52d09 bfebb61860e52d09 bfebb61860e52d09 bfebb61860e52d09 bfebb61860e52d09 bfebb61860e52d09 bfebb61860e52d09 bfebb61860e52d09 bfebb61860e52d09 bfebb61860e52d09 bfebb61860e52d09 bfebb61860e52d09 bfebb61860e52d09 bfebb61860e52d09 bfebb61860e52d09 bfebb61860e52d09 bfebb61860e52d09 bfebb61860e52d09 bfebb61860e52d09 bfebb61860e52d09 bfebb61860e52d09 bfebb61860e52d09 bfebb61860e52d09 bfebb61860e52d09 bfebb61860e52d09 bfebb61860e52d09 bfebb61860e52d09 bfebb61860e52d09 bfebb61860e52d09 bfebb61860e52d09 bfebb61860e52d09 bfebb61860e52d09 bfebb61860e52d09 bfebb61860e52d09 bfebb61860e52d09 bfebb61860e52d09 bfebb61860e52d09 bfebb61860e52d09 bfebb61860e52d09 bfebb61860e52d09 bfebb61860e52d09 bfebb61860e52d09 bfebb61860e52d09 bfebb61860e52d09 bfebb61860e52d09 bfebb61860e52d09 bfebb61860e52d09 bfebb61860e52d09 bfebb61860e52d09 bfebb61860e52d09 bfebb61860e52d09 bfebb61860e52d09 bfebb61860e52d09 bfebb61860e52d09 bfebb61860e52d09 bfebb61860e52d09 bfebb61860e52d09 bfebb61860e52d09 bfebb61860e52d09 bfebb61860e52d09 bfebb61860e52d09 bfebb61860e52d09 bfebb61860e52d09 bfebb61860e52d09 bfebb61860e52d09 bfebb61860e52d09 bfebb61860e52d09 bfebb61860e52d09 bfebb61860e52d09 bfebb61860e52d09 bfebb61860e52d09 bfebb61860e52d09 bfebb61860e52d09 bfebb61860e52d09 bfebb61860e52d09 bfebb61860e52d09 bfebb61860e52d09 bfebb61860e52d09 bfebb61860e52d09 bfebb61860e52d09 bfebb61860e52d09 bfebb61860e52d09 bfebb61860e52d09 bfebb61860e52d09 bfebb61860e52d09 bfebb61860e52d09 bfebb61860e52d09 bfebb61860e52d09 bfebb61860e52d09 bfebb61860e52d09 bfebb61860e52d09 bfebb61860e52d09 bfebb61860e52d09 bfebb61860e52d09 bfebb61860e52d09 bfebb61860e52d09 bfebb61860e52d09 bfebb61860e52d09 bfebb61860e52d09 bfebb61860e52d09 bfebb61860e52d09 bfebb61860e52d09 bfebb61860e52d09 bfebb61860e52d09 bfebb61860e52d09 bfebb61860e52d09 bfebb61860e52d09 bfebb61860e52d09 bfebb61860e52d09 bfebb61860e52d09 bfebb61860e52d09 bfebb61860e52d09 bfebb61860e52d09 bfebb61860e52d09 bfebb61860e52d09 bfebb61860e52d09 bfebb61860e52d09 bfebb61860e52d09 bfebb61860e52d09 bfebb61860e52d09 bfebb61860e52d09 bfebb61860e52d09
M 0 4608
V c1822089cf69697b 4172941f815d0219 4171acf41d75d0dc c171acf41d75d0dd 41822089cf69697b c172941f815d0219 c17f22ea4e9d7362 417fa8618b4239e8 c120aee79498d0de 4120aee79498d0cf 417f22ea4e9d7360 c17fa8618b4239e7 c1817124e1d29c48 417a011637443e6f 4161c26718c1f440 c161c26718c1f440 41817124e1d29c48 c17a011637443e6f c17944567232c962 418193b00384d148 c163c61329adb25f 4163c61329adb25c 417944567232c962 c18193b00384d148 c181f020a2bc5440 41767bd8d48b7b5a 416ac8d0e1da5a4d c16ac8d0e1da5a4b 4181f020a2bc5440 c1767bd8d48b7b5c c17c71eca1c2bac0 4180d8d6006d3fc6 c154fefd7c5f1331 4154fefd7c5f1331 417c71eca1c2babe c180d8d6006d3fc6 c180a5c2c4245bd8 417d146c0616cfba 4150dc6608c79fd4 c150dc6608c79fd7 4180a5c2c4245bd7 c17d146c0616cfb8 c175a813727d46cb 4182018c5ae25450 c16cb60a868ec3a8 416cb60a868ec3ac 4175a813727d46c9 c182018c5ae25450 c182123cefb8e2ad 417493433ca44e05 416f226d459aeeae c16f226d459aeeb2 4182123cefb8e2ae c17493433ca44e02 c17ddac8994a01c7 41805f7cce86a711 c14721881e1a62d4 414721881e1a62c7 417ddac8994a01c6 c1805f7cce86a710 c18114d0a1e9cd9d 417b99e20a771b68 415a3efce571ff48 c15a3efce571ff4a 418114d0a1e9cd9c c17b99e20a771b66 c17783181b3b35bb 4181d463ff919bb5 c1684b5fc7d0035c 41684b5fc7d0035a 417783181b3b35bb c181d463ff919bb4 c181ba5a4d12d200 41784bc8af1972d0 416651d7d6186263 c16651d7d6186261 4181ba5a4d12d200 c1784bc8af1972d0 c17ae9e1fdd7555c 41813fb754b14cb6 c15e5632ae2d1042 415e5632ae2d1043 417ae9e1fdd7555c c1813fb754b14cb6 c18024750637de2c 417e6f1532c42d5d 413d9d4d9ab8efba c13d9d4d9ab8efac 418024750637de2b c17e6f1532c42d5d c173b55132ce70f2 41821af794a3d012 c170809df6792f30 4170809df6792f30 4173b55132ce70f1 c1821af794a3d010 c1821bdecaab6984 41739660ab78b750 4170a15ce9de1bb8 c170a15ce9de1bb8 41821bdecaab6984 c1739660ab78b751 c17e830813a354d2 41801c0c0debcd5b c13b510083445e46 413b510083445e2e 417e830813a354d2 c1801c0c0debcd5a c1814558c59952c0 417ad1291b142c93 415ee621c079e3b8 c15ee621c079e3b8 41814558c59952c0 c17ad1291b142c94 c178670f888c16f7 4181b67786861a44 c1660bbf09003b23 41660bbf09003b22 4178670f888c16f6 c181b67786861a43 c181d7af8a7e1f54 41776705eb9af79c 416890b252c28e19 c16890b252c28e1b 4181d7af8a7e1f54 c1776705eb9af79b c17bb1b310d03ef0 41810e9d2dc87928 c159ae1d2b02cd7c 4159ae1d2b02cd7e 417bb1b310d03ef1 c1810e9d2dc87928 c180675b7b91f184 417dc5d54d5f3796 4148470d4e255b86 c148470d4e255b83 4180675b7b91f183 c17dc5d54d5f3796 c174b1886eb22bc4 418210bbdc199191 c16edfde9301eeba 416edfde9301eeba 4174b1886eb22bc3 c18210bbdc199190 c18203a6e2899cbd 41758a81e203234a 416cf997c6202c63 c16cf997c6202c64 418203a6e2899cbe c1758a81e2032349 c17d2a59fece0244 41809e708aa2f24b c1504a1c59df8942 41504a1c59df8942 417d2a59fece0243 c1809e708aa2f24a c180df99c49c36f2 417c5b09ff361e97 415590a628093d36 c15590a628093d3b 4180df99c49c36f2 c17c5b09ff361e95 c17698aea8641b3a 4181ed6d3aadcf7e c16a845799ef0785 416a845799ef0787 417698aea8641b39 c181ed6d3aadcf7e c1819828f4fec910 417929e269254aa6 41640cdf01b08ef3 c1640cdf01b08ef6 41819828f4fec90f c17929e269254aa2 c17a1ab02f7f783c 41816c16ff48c082 c1617afb9e24118d 41617afb9e24118b 417a1ab02f7f783c c1816c16ff48c081 c17fba4375f76d3b 417f0ffd50be5a47 412548c4a7225e91 c12548c4a7225e83 417fba4375f76d3a c17f0ffd50be5a45 c172b3b2e2b6fa40 4182203cb65b5d59 c1718cc689ffc071 41718cc689ffc06d 4172b3b2e2b6fa44 c182203cb65b5d59 c1821ed34476391e 417315e785692806 417127bf03834a36 c17127bf03834a37 41821ed34476391e c17315e785692805 c17ed407a43715f0 417ff1550d892fef c131d4d695219fe6 4131d4d695219fef 417ed407a43715ef c17ff1550d892fef c1815bd71c9206e5 417a6a0763012596 41609b4dac45d068 c1609b4dac45d069 41815bd71c9206e4 c17a6a0763012594 c178d68ce392f289 4181a5ae95ada4b0 c164e9a08f90adaa 4164e9a08f90adac 4178d68ce392f289 c181a5ae95ada4b0 c181e4850e8895e2 4176f238ad5cb0c4 4169ada2df68f5ff c169ada2df68f5fe 4181e4850e8895e2 c176f238ad5cb0c6 c17c12c621510e41 4180f44e53ae1e32 c157575a182cb88c 4157575a182cb88c 417c12c621510e40 c180f44e53ae1e32 c18087201e9d38c7 417d6e22d9181947 414d00eb2112c238 c14d00eb2112c23e 418087201e9d38c7 c17d6e22d9181946 c1752d87ba843f9f 418209c25a1addf4 c16dcbf9f362f88f 416dcbf9f362f88c 41752d87ba843f9f c18209c25a1addf3 c1820b90379202b3 41750f9b52bd2638 416e0f0a38cdbe5c c16e0f0a38cdbe5b 41820b90379202b3 c1750f9b52bd2639 c17d839437862685 41807f8768b2571a c14bdbd4cef43d7b 414bdbd4cef43d7a 417d839437862685 c1807f8768b25719 c180faca28b79e3a 417bfb6b7ffcf034 4157e8a345c930fe c157e8a345c930fc 4180faca28b79e39 c17bfb6b7ffcf033 c1770eada8beb62a 4181e1857abd470f c16968ba9977afe5 416968ba9977afe7 41770eada8beb62a c181e1857abd470f c181a9dc965be3f2 4178bbae869c78c3 416530154c369e41 c16530154c369e42 4181a9dc965be3f2 c178bbae869c78c3 c17a8331ad452be6 4181567f43f943d6 c1605399b55ab78a 41605399b55ab787 417a8331ad452be7 c181567f43f943d5 c1800157c9b6940e 417ec0970a4d4d62 4134218891fdab98 c134218891fdab9e 41800157c9b6940e c17ec0970a4d4d62 c173352a8c01d5f0 41821e3917a2dac4 c1710747a343df99 41710747a343df9b 4173352a8c01d5ed c1821e3917a2dac4 c18217ac95e1c767 417415822568c396 417019d7065acb37 c17019d7065acb38 418217ac95e1c767 c17415822568c394 c17e2ff12a0b87bd 41803e52ee4f3b18 c14265a594977391 414265a594977391 417e2ff12a0b87bc c1803e52ee4f3b17 c1812dab6791dd06 417b36744dfc10ce 415c938a049ea4f4 c15c938a049ea4f0 41812dab6791dd06 c17b36744dfc10cf c177f5e605449ed1 4181c609af8de958 c1672c5ab3ae67ba 41672c5ab3ae67b9 4177f5e605449ed1 c181c609af8de957 c181c9a0f7cb317b 4177da388debe66a 41677212c354f915 c1677212c354f915 4181c9a0f7cb317b c177da388debe66a c17b4eba177a7054 418127c0c1257c4e c15c031dab422121 415c031dab422116 417b4eba177a7055 c18127c0c1257c4e c180467708664a02 417e1b7d603a1b93 41438b858493c380 c1438b858493c386 4180467708664a02 c17e1b7d603a1b94 c174341e0ea15471 41821678667eadc6 c16ff1a57cb80e36 416ff1a57cb80e36 4174341e0ea1546e c1821678667eadc6 c181fa817b6f4d3d 417603ee7e19aaca 416be228f189df5e c16be228f189df62 4181fa817b6f4d3d c17603ee7e19aaca c17ccf200cad6c5c 4180bc36160008d2 c152a5307d4a9522 4152a5307d4a9527 417ccf200cad6c5c c180bc36160008d2 c180c34152a3a26e 417cb8b6fa716bf0 4153372eab5763ae c153372eab5763ac 4180c34152a3a26e c17cb8b6fa716bf0 c1762123307a8266 4181f81a6e80b1c6 c16b9e23590dc24b 416b9e23590dc24c 41762123307a8265 c181f81a6e80b1c6 c18185409f918d14 4179965cc92240ac 4162e848ec01b2f7 c162e848ec01b2f7 418185409f918d13 c179965cc92240a9 c179b064ae238899 4181807d0bc48bff c162a12ad2cb1eca 4162a12ad2cb1ecb 4179b064ae238899 c181807d0bc48bff c17f6faaaabf77dd 417f5d4294fb34a1 40f26815c4433c18 c0f26815c4433a68 417f6faaaabf77dc c17f5d4294fb34a1 c17230f316825c1e 418221024d767ec2 c1721111846aa166 41721111846aa165 417230f316825c1f c18221024d767ec2 c1821fd64a2e72e3 4172d52cd1592482 41716a7fc303c145 c1716a7fc303c145 41821fd64a2e72e3 c172d52cd1592481 c17efbbced90ee8a 417fcd210bcab37c c12a2c83c7389e76 412a2c83c7389e7a 417efbbced90ee88 c17fcd210bcab37c c18166a429437b7d 417a35c84940beb6 41612f00128c708c c1612f00128c708d 418166a429437b7d c17a35c84940beb4 c1790da89d890461 41819cd5ed86ccb1 c16458067b092a02 416458067b092a01 41790da89d890460 c1819cd5ed86ccb1 c181ea7a23d931da 4176b73a931b3572 416a3b73692e5c80 c16a3b73692e5c80 4181ea7a23d931d9 c176b73a931b3572 c17c42975caf2e4e 4180e6b73b8ccf67 c1562b5c69a9c200 41562b5c69a9c1ff 417c42975caf2e4f c180e6b73b8ccf67 c1809695d3213ada 417d418799e07040 414f5d2063102ba5 c14f5d2063102b9c 41809695d3213ada c17d418799e07041 c1756afc8ff89a42 418205cee1a6d232 c16d414266aa1445 416d414266aa1441 41756afc8ff89a45 c18205cee1a6d232 c1820f0e2f15b7a0 4174d19cf0c649da 416e98fedaca4ac9 c16e98fedaca4ac7 41820f0e2f15b7a0 c174d19cf0c649dc c17daf6f83bdae73 41806fa627f783b2 c1497ee6618ac786 41497ee6618ac77c 417daf6f83bdae74 c1806fa627f783b2 c18107f2bfb2cddd 417bcae3b9d6abd2 41591407163bbfa0 c1591407163bbf9e 418107f2bfb2cddd c17bcae3b9d6abd2 c1774915f40a0c40 4181db1be6a97a0c c168da43b291cfb1 4168da43b291cfb4 41774915f40a0c40 c181db1be6a97a0c c181b24241a155fc 417883f15f76246c 4165c12647990f19 c165c12647990f1a 4181b24241a155fc c17883f15f76246c c17ab6c46c912a1d 41814b413a55d599 c15f7ef8206a0457 415f7ef8206a0455 417ab6c46c912a1e c1814b413a55d599 c1801309a933fb8e 417e981938270cd5 4138dfa1a40ea46a c138dfa1a40ea46d 41801309a933fb8e c17e981938270cd6 c17375688ccc0972 41821cc00f9ccf12 c170c417926d94b2 4170c417926d94b1 417375688ccc0972 c1821cc00f9ccf12 c18219ed638f1515 4173d61ce9ed1e00 41705dbddd310c2a c1705dbddd310c2b 418219ed638f1515 c173d61ce9ed1dfe c17e59bf2fb547d9 41802d52f90139d2 c140073612695e59 4140073612695e56 417e59bf2fb547d9 c1802d52f90139d2 c18139a7ddfcd6b4 417b0409f5048bf4 415dbd171bd485ce c15dbd171bd485cc 418139a7ddfcd6b3 c17b0409f5048bf3 c1782eafd086ff91 4181be67859754f0 c1669c3e754f549f 41669c3e754f549c 41782eafd086ff92 c181be67859754f0 c181d0cf541012b3 4177a0d30f3ef6ea 4168019731c25cf7 c168019731c25cf7 4181d0cf541012b2 c177a0d30f3ef6e9 c17b8072e57deb82 41811b547c5b51b0 c15ad8d84ce2df79 415ad8d84ce2df7e 417b8072e57deb81 c1811b547c5b51b0 c180570d18643621 417df0eb01c08342 4145e979783f4802 c145e979783f480f 4180570d18643621 c17df0eb01c08340 c1747300183d5954 418213c1c70c2787 c16f6906ebb5eb77 416f6906ebb5eb7f 41747300183d5950 c18213c1c70c2787 c181ff3ba7b8f8e0 4175c767f438ce34 416c6e1eb6724717 c16c6e1eb6724716 4181ff3ba7b8f8e0 c175c767f438ce33 c17cfcfc99b208fe 4180ad77e442096f c15177ccbb48277b 415177ccbb482780 417cfcfc99b208fe c180ad77e442096f c180d1926ebf84c2 417c8a1f14daedfb 4154641722906e1e c154641722906e1e 4180d1926ebf84c1 c17c8a1f14daedfb c1765d19f8ead554 4181f2eb3251b0d7 c16b1178d77118b5 416b1178d77118b5 41765d19f8ead554 c181f2eb3251b0d8 c1818edb4c8cf84c 4179605741214c24 41637abeaff148ea c1637abeaff148e8 41818edb4c8cf84c c179605741214c25 c179e5c33b6f0d0c 41817670523d9964 c1620e3ad2184b7b 41620e3ad2184b78 4179e5c33b6f0d0c c1817670523d9964 c17f953c552a18c5 417f36e468c0a0d4 411795fb1a5dfbd3 c11795fb1a5dfc54 417f953c552a18c5 c17f36e468c0a0d2 c172727b721de06b 418220c744381447 c171cf1316524824 4171cf1316524824 4172727b721de06b c18220c744381447 c1821d80c2b0ed87 4173564e819e375a 4170e4b303c3a3b4 c170e4b303c3a3b4 41821d80c2b0ed87 c173564e819e375a c17eabcb20bd999e 41800a7e78d7f131 c136931d0f248c2a 4136931d0f248c19 417eabcb20bd999e c1800a7e78d7f130 c18150bdeb1f0a87 417a9dd29f58053a 416007526dcc1fa9 c16007526dcc1faa 418150bdeb1f0a86 c17a9dd29f580539 c1789f04360ba527 4181ae39d52b81f2 c1657adee896bd76 41657adee896bd79 41789f04360ba526 c181ae39d52b81f2 c181de417cec3a53 41772cd2208b0fd8 41691f61b29ac99c c1691f61b29ac9a0 4181de417cec3a53 c1772cd2208b0fd6 c17be279c1681b2a 4181019b0d343e11 c15882f1640183e4 415882f1640183e1 417be279c1681b2a c181019b0d343e11 c1807761ea68acc9 417d9a3d0013a640 414aa436a5ed9a9e c14aa436a5ed9a9d 41807761ea68acc9 c17d9a3d0013a63f c174efb5ffb3c2c6 41820d66b2e9af84 c16e562ecc3f3885 416e562ecc3f3887 4174efb5ffb3c2c4 c1820d66b2e9af84 c18207c3187f1eed 41754d3d5299fcb4 416d8491bcc8824a c16d8491bcc8824b 418207c3187f1eec c1754d3d5299fcb3 c17d5737750393f2 41808f204b0f08f8 c14e384908d3eff9 414e384908d3f001 417d5737750393f2 c1808f204b0f08f9 c180ed5716b07360 417c2b78880970fc 4156bcd6955dd711 c156bcd6955dd70c 4180ed5716b0735f c17c2b78880970fc c176d3e0398cefc0 4181e7a09fac4837 c169f6c20b97415c 4169f6c20b974156 4176d3e0398cefc3 c181e7a09fac4837 c181a1297017ef50 4178f2ff300d46f7 41649ea760452f4f c1649ea760452f4e 4181a1297017ef4f c178f2ff300d46f7 c17a4f2aa22cc2e4 41816171404b2d14 c160e76fbcd32e8a 4160e76fbcd32e8a 417a4f2aa22cc2e4 c1816171404b2d15 c17fdebf6abb94c6 417ee88df7999bdb 412ec62e643f1d6c c12ec62e643f1d72 417fdebf6abb94c5 c17ee88df7999bda c172f4984a3bad5c 41821f62a6401d52 c1714a2d02448d48 41714a2d02448d4a 4172f4984a3bad5a c1821f62a6401d52 c182151c6b85a175 4174548f47d6aca8 416fab531e692c84 c16fab531e692c85 4182151c6b85a175 c174548f47d6aca6 c17e059eba0623e7 41804f0ba3441940 c144c3c4641074d0 4144c3c4641074d1 417e059eba0623e7 c1804f0ba3441941 c181216396ec1af0 417b686748d578b7 415b697f940af4a2 c15b697f940af4a6 4181216396ec1af0 c17b686748d578b6 c177bcb31fde801e 4181cd5de2edf7a6 c167bc114bfade5d 4167bc114bfade5c 4177bcb31fde801f c181cd5de2edf7a6 c181c224952f63aa 417813356bdd40bc 4166e2277d030d2c c166e2277d030d2c 4181c224952f63a9 c17813356bdd40bb c17b1c8980e046c5 418133e1c5a8d4b6 c15d2ce829c58a9a 415d2ce829c58a95 417b1c8980e046c5 c18133e1c5a8d4b5 c1803599945962f9 417e458bae0eac3a 41412d3bd520cdc6 c1412d3bd520cdca 41803599945962f9 c17e458bae0eac3a c173f4e365b39d38 418218dfae8a33b6 c1703cdbf760ca36 41703cdbf760ca32 4173f4e365b39d3a c18218dfae8a33b6 c181f5787268fbee 4176401476277349 416b55b8dd550926 c16b55b8dd550927 4181f5787268fbee c176401476277348 c17ca0c520ebb471 4180caaadf31901a c153d24275ddaf08 4153d24275ddaf07 417ca0c520ebb471 c180caaadf319019 c180b4a6af15717b 417ce6d0e39846f3 415209f1ea4a700b c15209f1ea4a7014 4180b4a6af15717c c17ce6d0e39846f2 c175e4cb561ad3ec 4181fcfad87cf304 c16c2a54b5be2438 416c2a54b5be243f 4175e4cb561ad3e9 c181fcfad87cf304 c1817b59182d6d5e 4179cbf21431621c 416255803852f13e c16255803852f13f 41817b59182d6d5e c179cbf21431621c c1797a9571b73e05 41818a3cffc86caf c16333c91bb336b4 416333c91bb336b4 41797a9571b73e05 c1818a3cffc86caf c17f498f1b831bb7 417f83172d21743c c10cc408cf2c42e8 410cc408cf2c4388 417f498f1b831bb5 c17f83172d21743c c171ef1aef595b59 418220edd113a70e c17252c0b2cdf2c2 417252c0b2cdf2c2 4171ef1aef595b58 c18220edd113a70e 411b161984a163da c17f234bb2495f99 417eb6f34c36da09 c17eb6f34c36da0a c11b161984a163fb 417f234bb2495f9a c1717d1f925c680d c17238c86c6c1e20 4181daf3ff644317 c181daf3ff644317 41717d1f925c680c 417238c86c6c1e22 c161aae44e63b922 c1798cea6429a9fe 4181312e45adc347 c181312e45adc348 4161aae44e63b922 41798cea6429a9ff c178f3b13334780d c1634d818588b49b 41814d38fafc692d c1814d38fafc692e 4178f3b13334780c 41634d818588b4a2 c150f75bf7959418 c17c96b7e1d311cc 41806a476fdc3b69 c1806a476fdc3b6a 4150f75bf795941e 417c96b7e1d311cc c1756748a6711ec7 c16c1d1baead1a51 4181baeb3ee3d5f8 c181baeb3ee3d5f8 41756748a6711ec6 416c1d1baead1a51 c16a8cb75168379a c17613322de7228e 4181acc6eb4d9f2d c181acc6eb4d9f2d 416a8cb751683797 417613322de7228e c17c12ce2ec483e8 c15452b4d8d4e90e 418093bdb27cdf16 c18093bdb27cdf15 417c12ce2ec483e8 415452b4d8d4e906 c13e9cbc2e802c19 c17ded6920dccbf1 417fd734e3c4ceb2 c17fd734e3c4ceb3 413e9cbc2e802bfe 417ded6920dccbf3 c1737ce298d31cf4 c1702c889fa8416e 4181d4b59c3daf31 c181d4b59c3daf31 41737ce298d31cf1 41702c889fa84170 c16627f2b2121fd6 c177dd22cc5d8028 4181788e12b34809 c181788e12b3480a 416627f2b2121fd4 4177dd22cc5d8029 c17a91cfdef762a5 c15d870b2cdd1d49 4180f9c9551754fb c180f9c9551754fc 417a91cfdef762a5 415d870b2cdd1d4e c15a34ef8ffeb46f c17b20afa0b7ebd5 4180d6f5c25bcc78 c180d6f5c25bcc78 415a34ef8ffeb473 417b20afa0b7ebd5 c1773a3824158e50 c167c2546c0fcd9a 41818db12d0eba8e c1818db12d0eba8f 41773a3824158e51 4167c2546c0fcd9a c16ed4612ae005fc c174310e8ad799bb 4181cd9f9023ce5d c181cd9f9023ce5d 416ed4612ae005fc 4174310e8ad799bb c17d750617e70756 c146102e4c57128a 41801b85f0b8f4d4 c1801b85f0b8f4d4 417d750617e70755 4146102e4c57128a c127da7aca5b49ad c17e8c8a56ea0945 417f4b5e2d3ce392 c17f4b5e2d3ce394 4127da7aca5b49d8 417e8c8a56ea0945 c1727f8a29f9b1d0 c17135044cc593ff 4181da473b5fa2e8 c181da473b5fa2e7 41727f8a29f9b1ce 417135044cc59400 c163ec268e5ec228 c178b86a00b06389 4181573ea3efe24f c181573ea3efe24f 4163ec268e5ec228 4178b86a00b0638a c179c648eef3e49f c1610ad98d204cca 418125dadac20582 c18125dadac20582 4179c648eef3e49e 41610ad98d204ccd c155991b9d85ea3b c17bdf85ca29ae8f 4180a2e658c5948f c180a2e658c5948f 4155991b9d85ea36 417bdf85ca29ae91 c17653cfd636ef4c c169f3469dea0dc6 4181a6b99295fb18 c181a6b99295fb19 417653cfd636ef4e 4169f3469dea0dc7 c16cb47b7787ea2b c17525064ce25cdf 4181bfa2045328fb c181bfa2045328fb 416cb47b7787ea2c 417525064ce25ce0 c17cc7dc04a55514 c14f5f18c8833442 418059df8edaddce c18059df8edaddce 417cc7dc04a55513 414f5f18c8833442 c148a1eb5651cb35 c17d4613af78f7ce 41802d288d21989a c1802d288d21989b 4148a1eb5651cb37 417d4613af78f7cf c17474e36bbc7a79 c16e3f3bcbbb6cd1 4181ca40a8cd1871 c181ca40a8cd1871 417474e36bbc7a78 416e3f3bcbbb6cd1 c1685dabfa205dd0 c176fb50e39a5fd6 418195137055475e c18195137055475f 41685dabfa205dce 4176fb50e39a5fd7 c17b560e38345740 c158f04b1401ae69 4180c9107e9a616d c180c9107e9a616d 417b560e38345741 4158f04b1401ae69 c15ec9946184fe4d c17a5a69b5f1252b 418106676729325f c18106676729325e 415ec9946184fe43 417a5a69b5f1252c c1781a42669ca6ad c1658adedef656b9 41816fd8eb0be904 c1816fd8eb0be905 41781a42669ca6ac 41658adedef656bc c17075e9a9051e99 c173378dc8d97172 4181d6bbb8ef4806 c181d6bbb8ef4805 417075e9a9051e99 4173378dc8d97172 c17e1a1cf047bf5c c139766ef0e453af 417fb183df560498 c17fb183df560499 417e1a1cf047bf59 4139766ef0e45400 c1049f90fc969d4a c17ed8f9a312b518 417f0238c50be252 c17f0238c50be253 41049f90fc969d4a 417ed8f9a312b519 c171fef2bdf05174 c171b781c9a108a5 4181db3a43c8ad0c c181db3a43c8ad0c 4171fef2bdf05174 4171b781c9a108a5 c162cc2a567a0bcc c1792386bbebb269 418144cdf3945c27 c18144cdf3945c27 4162cc2a567a0bca 41792386bbebb269 c1795ddb9a4db650 c1622cccfb5ad630 41813a210bfd90b4 c1813a210bfd90b5 41795ddb9a4db650 41622cccfb5ad631 c15348e4f8df2c38 c17c3c1688767674 41808727e35720c1 c1808727e35720c1 415348e4f8df2c3a 417c3c1688767674 c175de4c16fdd4dd c16b091e53c93f92 4181b16da0713a53 c181b16da0713a53 4175de4c16fdd4dd 416b091e53c93f91 c16ba18bcb2cb54d c1759cd9d7e9229a 4181b6cfdebfbea1 c181b6cfdebfbea2 416ba18bcb2cb54c 41759cd9d7e9229e c17c6e4e84bbd1bd c15201be96d87fc0 4180775f1538f8d6 c180775f1538f8d6 417c6e4e84bbd1bb 415201be96d87fc6 c143f8d3ec877328 c17d9ac21efde564 41800cee4e4769e5 c1800cee4e4769e5 4143f8d3ec877330 417d9ac21efde564 c173f9923e8bf211 c16f4d391fd09532 4181d017673a1e55 c181d017673a1e55 4173f9923e8bf210 416f4d391fd09534 c167439b6d5d8385 c1776d075aa22fae 4181876a88a878b8 c181876a88a878b8 4167439b6d5d8386 41776d075aa22fac c17af4db8754dbd6 c15b3c9a11941e36 4180e20105dcf1b2 c180e20105dcf1b2 417af4db8754dbd6 415b3c9a11941e34 c15c803c010f51e1 c17abe7749e92701 4180ef4325167dbc c180ef4325167dbd 415c803c010f51e1 417abe7749e92701 c177ab0ce819b909 c166a760623361da 41817f5e8c99b4fb c1817f5e8c99b4fc 4177ab0ce819b907 4166a760623361e1 c16fe131eadfd62a c173b4fb0c619a99 4181d2ca00e8c2d7 c181d2ca00e8c2d7 416fe131eadfd629 4173b4fb0c619a9a c17dc896ccfab063 c141664b86f84cae 417ff5603dd9b9f9 c17ff5603dd9b9f8 417dc896ccfab064 4141664b86f84ca4 c13545b767f1b1a1 c17e3e030ae6c909 417f925e8165e424 c17f925e8165e424 413545b767f1b191 417e3e030ae6c90a c172fedd064272fb c170b158e7602355 4181d81af6d14b29 c181d81af6d14b29 4172fedd064272fb 4170b158e7602356 c1650ac53934490a c1784b9b89d0277a 4181687f133525fe c181687f133525ff 41650ac53934490c 41784b9b89d0277a c17a2cf208eb6f94 c15fcf763467a259 41811067cb02ac15 c1811067cb02ac15 417a2cf208eb6f93 415fcf763467a25d c157e7d74ed08b4e c17b810bff09a453 4180bd80e95ee393 c180bd80e95ee393 4157e7d74ed08b4f 417b810bff09a453 c176c7cbd63fe25c c168dba797f7e0c2 41819acfd11de95e c1819acfd11de95f 4176c7cbd63fe25a 4168dba797f7e0ca c16dc5737e900920 c174abbfc33ec3ca 4181c73cc143642d c181c73cc143642e 416dc5737e900920 4174abbfc33ec3cc c17d1f708b400d29 c14ab88df525a0ab 41803b4124f2609f c1803b4124f2609f 417d1f708b400d28 414ab88df525a0ab c14d49528f264a7e c17cef63a016904c 41804c46f8fdacce c1804c46f8fdacce 414d49528f264a6f 417cef63a016904e c174eecdacb97459 c16d2f2bc4301858 4181c331c768c043 c181c331c768c043 4174eecdacb9745a 416d2f2bc4301858 c1697611035e60c6 c1768807326dd253 4181a187da0e815b c181a187da0e815c 41697611035e60c7 41768807326dd253 c17bb5614830c9eb c156a246865b9673 4180aef974e3d7c4 c180aef974e3d7c4 417bb5614830c9eb 4156a246865b9675 c160886849942073 c179f48dc04cc64c 41811c60f28b6b43 c1811c60f28b6b42 4160886849942071 4179f48dc04cc64c c17887d10064c876 c1646ce3622a4e8f 41815f2158bcf7df c1815f2158bcf7e0 417887d10064c876 41646ce3622a4e92 c170fa198d180760 c172b8cf58ee83f3 4181d974730345a9 c181d974730345a9 4170fa198d180761 4172b8cf58ee83f2 c17e6992eb6bb2dd c1301e881233ddae 417f6b7b6c8ef0b8 c17f6b7b6c8ef0b9 417e6992eb6bb2dc 41301e881233ddd2 4100c675d116c566 c17efe66a4abdd51 417edcd9b909afc6 c17edcd9b909afc6 c100c675d116c5aa 417efe66a4abdd51 c171be30123a1225 c171f84c848dccf9 4181db3e4b63ef8f c181db3e4b63ef8f 4171be30123a1225 4171f84c848dccfa c1623baf4fc11f7b c179587026b31190 41813b23e749d0a7 c1813b23e749d0a7 41623baf4fc11f79 4179587026b31191 c17928fd9559391e c162bd505a128a8f 418143d2e1313f33 c18143d2e1313f33 417928fd9559391d 4162bd505a128a92 c15220483972e45c c17c69a585f25a74 418078dbca2789c6 c18078dbca2789c6 415220483972e45b 417c69a585f25a74 c175a2f9d2fb8056 c16b93597c07e7b5 4181b653487fba18 c181b653487fba18 4175a2f9d2fb8056 416b93597c07e7b7 c16b175cf928d97d c175d835ebedc196 4181b1f23441172a c181b1f23441172a 416b175cf928d97e 4175d835ebedc195 c17c40cc50f6a93f c1532a63c0b20114 418085b2a09194c2 c18085b2a09194c3 417c40cc50f6a93e 41532a63c0b20127 c141a3bfb1fad989 c17dc456e91bcef2 417ff8cedf5b2a23 c17ff8cedf5b2a23 4141a3bfb1fad98e 417dc456e91bcef1 c173bb65b293e918 c16fd36afcc08499 4181d28d987a15b2 c181d28d987a15b3 4173bb65b293e917 416fd36afcc0849e c166b5f8df1d5f2a c177a548efc3c6e2 41818022afa93b3c c1818022afa93b3c 4166b5f8df1d5f2a 4177a548efc3c6e2 c17ac390663a02fe c15c6210df65e779 4180ee0a4f09be6e c180ee0a4f09be6f 417ac390663a02fe 415c6210df65e77b c15b5ad1c757ea94 c17aefce896d4980 4180e3417da1a214 c180e3417da1a214 415b5ad1c757ea91 417aefce896d4981 c17772d5f3b5ffff c167350d4d3e59d8 418186ae4d2a9676 c18186ae4d2a9676 417772d5f3b5fffe 4167350d4d3e59dc c16f5b0e50148549 c173f3308cde9c25 4181d05bda746f65 c181d05bda746f65 416f5b0e50148549 4173f3308cde9c26 c17d9f0f69dc34d3 c143bb6830918874 41800b3e37f732f1 c1800b3e37f732f1 417d9f0f69dc34d2 4143bb6830918882 c130999ecef8370c c17e65895ba1d091 417f6f2348915402 c17f6f2348915402 4130999ecef836fc 417e65895ba1d092 c172bf5cb63ce2c4 c170f353c73af029 4181d9583ebbe976 c181d9583ebbe977 4172bf5cb63ce2c4 4170f353c73af02a c1647ba2d04dbe20 c178823886149197 41816004f71db854 c1816004f71db853 41647ba2d04dbe1f 4178823886149197 c179f9d67494ba8f c160796e757998b4 41811b46d7a8c375 c1811b46d7a8c375 4179f9d67494ba8e 4160796e757998b8 c156c0ab5d06eef7 c17bb0859f61c27c 4180b0583b51bf1e c180b0583b51bf1e 4156c0ab5d06eef6 417bb0859f61c27d c1768dff4df45d02 c16967aed308d392 4181a0eb5bbc6366 c181a0eb5bbc6366 41768dff4df45d04 416967aed308d391 c16d3d379bdfa571 c174e890e37d731f 4181c39658b6a2eb c181c39658b6a2eb 416d3d379bdfa56d 4174e890e37d7320 c17cf3e5c7f7c0f4 c14d0c1313e00c6d 41804ab41539e140 c1804ab41539e140 417cf3e5c7f7c0f5 414d0c1313e00c51 c14af5da141ae99d c17d1afb7d85ae63 41803cdb600485cb c1803cdb600485cb 414af5da141ae9a1 417d1afb7d85ae63 c174b205f007d841 c16db774f4e30a3a 4181c6e0353caeaf c181c6e0353caeaf 4174b205f007d842 416db774f4e30a3a c168ea15235eb376 c176c1ddf4803a9e 41819b744317ca2d c1819b744317ca2d 4168ea15235eb374 4176c1ddf4803a9f c17b85f41d9de388 c157c97cf8d987ec 4180bc29adea22c2 c180bc29adea22c3 417b85f41d9de388 4157c97cf8d987f2 c15fed7880aa658e c17a27b5185e5f1b 418111899c447c3f c18111899c447c3f 415fed7880aa6592 417a27b5185e5f1b c178513f08eb60a3 c164fc0f26be04bd 418167a34e253181 c18167a34e253180 4178513f08eb60a2 4164fc0f26be04bd c170b826466c42d8 c172f8582bfc7e99 4181d83f393460b9 c181d83f393460b9 4170b826466c42d6 4172f8582bfc7e9b c17e421a4adc2a43 c134caa91b621171 417f8ec4dc924b59 c17f8ec4dc924b5a 417e421a4adc2a43 4134caa91b62117a c11d029ea9d00a6a c17eb30551a8a9f2 417f270fcc4fea1d c17f270fcc4fea1d 411d029ea9d00a88 417eb30551a8a9f2 c1723f66796d5dd3 c171766957daf380 4181dae7e8a428aa c181dae7e8a428aa 41723f66796d5dd2 4171766957daf382 c1635c52e8cc2537 c178ee2f0bec10cc 41814e2c402911b4 c1814e2c402911b4 41635c52e8cc2535 4178ee2f0bec10cd c179924a5a2b6a4c c1619bf9e34889d8 41813023a5e7d79d c1813023a5e7d79d 4179924a5a2b6a4c 41619bf9e34889d8 c154712d20c5f9bf c17c0e0bb136b640 4180952b7cb41a57 c180952b7cb41a57 4154712d20c5f9b9 417c0e0bb136b641 c176193e6e421124 c16a7e6c9449b539 4181ac3a5c3375e0 c181ac3a5c3375e0 4176193e6e421121 416a7e6c9449b53c c16c2b4169515538 c175611ef63a5bab 4181bb5fd5718323 c181bb5fd5718324 416c2b4169515538 4175611ef63a5bab c17c9b540274c4f9 c150d8ca7081c12a 418068c34f4a9aa2 c18068c34f4a9aa2 417c9b540274c4f9 4150d8ca7081c129 c1464d908bd4b96b c17d70ab78e81234 41801d2ec53154b0 c1801d2ec53154b0 41464d908bd4b966 417d70ab78e81234 c17437672c01d232 c16ec67df524c557 4181cd53134a1a6f c181cd53134a1a6f 417437672c01d234 416ec67df524c557 c167d0d7ef8b9d6e c177345f03bcc94c 41818e657dc14c01 c1818e657dc14c01 4167d0d7ef8b9d70 4177345f03bcc94a c17b25b06a0e8a3d c15a16abcaacf4a7 4180d5adae5ce3b3 c180d5adae5ce3b4 417b25b06a0e8a3a 415a16abcaacf4b8 c15da5293616e40d c17a8caaba9a0fe3 4180fafa840fe473 c180fafa840fe473 415da5293616e40f 417a8caaba9a0fe3 c177e2dc0aab4920 c166195018634970 418177c20b6e76ec c18177c20b6e76ed 4177e2dc0aab4920 4166195018634972 c1703364d76e399a c173766f1a4142d0 4181d4e9f8d7be34 c181d4e9f8d7be34 41703364d76e3999 4173766f1a4142d0 c17df19b8b184115 c13e21c515830eb5 417fd3b7dc707200 c17fd3b7dc7071ff 417df19b8b184115 413e21c515830eac c139f172b177743e c17e15f81218991d 417fb50f3d301061 c17fb50f3d301061 4139f172b1777434 417e15f81218991e c1733e0a037e9db5 c1706f14cea06e3c 4181d68f690f85f8 c181d68f690f85f9 41733e0a037e9db5 41706f14cea06e3d c165998b5537b01c c1781493fb72448a 418170acd3070e4c c18170acd3070e4c 4165998b5537b01a 41781493fb72448b c17a5f9acbc95543 c15eab83f4d6ab8d 4181053de47f8013 c181053de47f8013 417a5f9acbc95541 415eab83f4d6ab94 c1590e9a64200b8f c17b5119b960cd40 4180ca6029346812 c180ca6029346812 41590e9a64200b90 417b5119b960cd40 c177013471910166 c1684f3352f1e187 418194670d84f914 c18194670d84f915 4177013471910166 41684f3352f1e18c c16e4d2cca032f0a c1746e93f6ebc177 4181ca952df6ac7f c181ca952df6ac7f 416e4d2cca032f08 41746e93f6ebc17a c17d4a7b8f7f5332 c1486493a08e6d5c 41802b8701c8906e c1802b8701c8906f 417d4a7b8f7f532f 41486493a08e6d7b c14f9c4a9370e2cd c17cc34cd663fce9 41805b6b14690ca1 c1805b6b14690ca2 414f9c4a9370e2cc 417cc34cd663fcea c1752b3997350b4a c16ca6628f72d9b5 4181bf356f773c12 c181bf356f773c12 41752b3997350b49 416ca6628f72d9b7 c16a019d34168963 c1764dcd9b187fb0 4181a74e1a91e230 c181a74e1a91e231 416a019d34168960 41764dcd9b187fb3 c17be454e7e4390a c1557aaccb789f9a 4180a1800d613078 c180a1800d613077 417be454e7e4390b 41557aaccb789f91 c16119cbcd8304f1 c179c0f48e1ea405 418126ed3a70133e c18126ed3a70133f 416119cbcd8304f0 4179c0f48e1ea405 c178bdf75daa141e c163dd5e053ef394 418156533024c6f4 c18156533024c6f4 4178bdf75daa141e 4163dd5e053ef393 c1713bc25bbe7ff6 c17278f466609c7e 4181da5b610f8e3a c181da5b610f8e3a 41713bc25bbe7ff7 417278f466609c7d c17e908624d2bda8 c126e440a842b906 417f47a82a14d370 c17f47a82a14d370 417e908624d2bda8 4126e440a842b906
S 0 3f0c7161fb1566d0
V c0a01cb2fcfdbdca 4090836f8337f66b 408f6beced870a51 c08f6beced870a53 40a01cb2fcfdbdca c090836f8337f66b c09bacdfa654500f 409c2380e11b4bfb c03da84eb1befb55 403da84eb1befb3a 409bacdfa654500d c09c2380e11b4bfa c09f019a6f515126 40971d16e62421a9 407f920e24b4bdef c07f920e24b4bdef 409f019a6f515126 c0971d16e62421a9 c09675525296a9cd 409f3f02b470b999 c0819360c3b41f9b 40819360c3b41f98 409675525296a9cd c09f3f02b470b999 c09fe356dc8bbe81 4093fc07e77c5307 4087ce9dea1ed6f3 c087ce9dea1ed6f1 409fe356dc8bbe81 c093fc07e77c5309 c099487871ab839e 409df2d91313bbc4 c072a98285a0e09a 4072a98285a0e09a 4099487871ab839c c09df2d91313bbc4 c09d980d78f44a8d 4099d8e7acdc8aea 406df92e60bdfd0e c06df92e60bdfd13 409d980d78f44a8b c099d8e7acdc8ae8 c0933fccd841afcb 40a0012769209c45 c0898503f3ff117c 40898503f3ff117f 40933fccd841afc9 c0a0012769209c45 c0a00ffd0e0425e0 409249c1da52926d 408bac70836b72ab c08bac70836b72ae 40a00ffd0e0425e1 c09249c1da52926a c09a893783ee2c7e 409d1b210eb2bbdb c0648f4c56247ae5 40648f4c56247ada 409a893783ee2c7d c09d1b210eb2bbd9 c09e5d78b70ee2a9 40988871b263d6f9 4077541c12ac2ebf c077541c12ac2ec1 409e5d78b70ee2a7 c0988871b263d6f7 c094e60402d1094d 409fb20830e5bc49 c08598085c2965f7 408598085c2965f5 4094e60402d1094d c09fb20830e5bc48 c09f83beb497d6c7 409598659a3b9701 4083d6b234b87f8f c083d6b234b87f8d 409f83beb497d6c7 c09598659a3b9701 c097ec020c46591e 409ea9bc73f27a57 c07af6e99eb084e3 407af6e99eb084e4 4097ec020c46591e c09ea9bc73f27a57 c09cb2311fb4a876 409b0d07fecad748 405a52920e9d12e8 c05a52920e9d12dc 409cb2311fb4a874 c09b0d07fecad748 c091847bab71910a 40a017bf4c2254eb c08d5605d9a63194 408d5605d9a63194 4091847bab719109 c0a017bf4c2254e9 c0a0188ccea3b7f6 409168fb94ecca52 408d903c10b54b34 c08d903c10b54b34 40a0188ccea3b7f6 c09168fb94ecca53 c09b1ec3324cede2 409ca33dd455968e c05847aa208a8ac3 405847aa208a8aae 409b1ec3324cede2 c09ca33dd455968c c09eb3bee0310435 4097d608ad486a2c 407b76d8cba26829 c07b76d8cba26829 409eb3bee0310435 c097d608ad486a2c c095b0a43e348c92 409f7cd64fbb84fa c0839864230df0d1 40839864230df0d0 4095b0a43e348c91 c09f7cd64fbb84f8 c09fb7e3bdb678b7 4094cd10a2f9434d 4085d5a6357a6ad4 c085d5a6357a6ad6 409fb7e3bdb678b7 c094cd10a2f9434c c0989d9cfafcbb8b 409e5272ba7723f4 c076d356fde9a1a1 4076d356fde9a1a3 40989d9cfafcbb8c c09e5272ba7723f4 c09d291e825e16b8 409a76986636c5fb 40659430e13a85e0 c0659430e13a85dd 409d291e825e16b6 c09a76986636c5fb c09264a9a726b824 40a00ea6c8706363 c08b7147d3741d41 408b7147d3741d41 409264a9a726b823 c0a00ea6c8706362 c0a0030613f2ef0f 40932584b54761ee 4089c10ee53cf862 c089c10ee53cf863 40a0030613f2ef10 c0932584b54761ee c099ec6599f8893a 409d8b09b2c64f8b c06cf520c66e327b 406cf520c66e327b 4099ec6599f88939 c09d8b09b2c64f89 c09dfedf9a6c7582 409934210d0fecbf 40732afa3572230c c0732afa35722310 409dfedf9a6c7582 c09934210d0fecbd c09415a92c385e87 409fde89c2d966be c08791c12d42106f 408791c12d421070 409415a92c385e86 c09fde89c2d966be c09f46f60c92ffd9 40965dcf0feb97f8 4081d24df94ecfc0 c081d24df94ecfc2 409f46f60c92ffd7 c0965dcf0feb97f5 c09733d855701ea6 409ef89e51dca4f3 c07f1317f1b2192c 407f1317f1b21928 409733d855701ea6 c09ef89e51dca4f1 c09c3365eaffc835 409b9c0d395dbd2a 4042eb163441615f c042eb1634416153 409c3365eaffc834 c09b9c0d395dbd29 c0909f805984f57c 40a01c6e75e4e8af c08f32b92489b7c2 408f32b92489b7bb 40909f805984f580 c0a01c6e75e4e8af c0a01b2d318f828e 4090f6ca5e717e72 408e7f20095b0d55 c08e7f20095b0d57 40a01b2d318f828e c090f6ca5e717e71 c09b66c1cf46f9a0 409c64586e5bf78d c04fb2d3e29fbd99 404fb2d3e29fbda9 409b66c1cf46f99f c09c64586e5bf78d c09edbbb5e69673c 40977a5dc15e556f 407d8576742c4738 c07d8576742c4739 409edbbb5e69673b c0977a5dc15e556d c09613bcf5e2c2a9 409f5effb85223a3 c082968584dec1f1 4082968584dec1f2 409613bcf5e2c2a9 c09f5effb85223a3 c09fceb457552946 4094653f321c5cbb 4086d2ea4a719916 c086d2ea4a719915 409fceb457552946 c094653f321c5cbd c098f3e59dfb304b 409e23ae4ec9c836 c074bf22c33a5fad 4074bf22c33a5fad 4098f3e59dfb304a c09e23ae4ec9c836 c09d6197befbf6c5 409a28a585c8e574 4069c791c9988a85 c069c791c9988a8a 409d6197befbf6c5 c09a28a585c8e574 c092d2e062ad1298 40a00873c0436f05 c08a7c0e3bb396e4 408a7c0e3bb396e1 4092d2e062ad1298 c0a00873c0436f04 c0a00a0e4687eb2d 4092b84781710067 408ab7aa173dabe8 c08ab7aa173dabe7 40a00a0e4687eb2d c092b84781710068 c09a3bb4b2668b7b 409d5416ab971c4d c068c30fc9848696 4068c30fc9848695 409a3bb4b2668b7b c09d5416ab971c4c c09e2f34f5df7630 4098df239145ed6e 4075404592662305 c075404592662303 409e2f34f5df762e c098df239145ed6d c0947e8a624bb634 409fc95fd5511616 c08695aae60abfc2 408695aae60abfc3 40947e8a624bb634 c09fc95fd5511616 c09f666dd8005c57 4095fbdb310df5d1 4082d5254de4cd0c c082d5254de4cd0d 409f666dd8005c57 c095fbdb310df5d1 c09790bbecbdc0d4 409ed23bc63bf0a7 c07d05ff65f8bf48 407d05ff65f8bf42 409790bbecbdc0d5 c09ed23bc63bf0a5 c09c73c5204ecd39 409b557a67750dd3 4051e4ab8d9bf65c c051e4ab8d9bf662 409c73c5204ecd39 c09b557a67750dd3 c0911293c89ed867 40a01aa428103403 c08e45690f031f3d 408e45690f031f41 40911293c89ed865 c0a01aa428103403 c0a014d2024fc579 4091d9fb531869f5 408c9f51630e41f6 c08c9f51630e41f8 40a014d2024fc579 c091d9fb531869f4 c09ad4e8be95d305 409ce02cc37beae3 c0605a202730bef0 40605a202730bef0 409ad4e8be95d304 c09ce02cc37beae2 c09e89a7b23d4814 409830116185d0a2 4079665942ddddc4 c079665942ddddc0 409e89a7b23d4814 c09830116185d0a3 c0954c0ef640afd4 409f98846f2568fb c08498eaf1c9724b 408498eaf1c9724a 40954c0ef640afd4 c09f98846f2568f9 c09f9ee69ffc5804 409533751c86a046 4084d6e306eb6f78 c084d6e306eb6f78 409f9ee69ffc5804 c09533751c86a046 c09845a47295e8e0 409e7f23218cd779 c078e5fabbdbba65 4078e5fabbdbba5b 409845a47295e8e1 c09e7f23218cd779 c09ceea5a1f7273f 409ac2baf67e7333 40615f555bc5a05e c0615f555bc5a063 409ceea5a1f7273f c09ac2baf67e7333 c091f53033723ece 40a013c014e21753 c08c649feca3dfb0 408c649feca3dfb0 4091f53033723ecb c0a013c014e21753 c09ff5c9e34d6120 40939171f92c3e4f 4088c8afd44245a1 c088c8afd44245a4 409ff5c9e34d6120 c0939171f92c3e4f c0999b4faa299185 409dbff660224818 c070929ad7e2da4d 4070929ad7e2da51 40999b4faa299185 c09dbff660224818 c09dcc7bf4bf81a8 40998764528e56db 4071145e88c4ab35 c071145e88c4ab33 409dcc7bf4bf81a8 c0998764528e56db c093ab6790c3c686 409ff184862a09ae c0888c39eacc864f 40888c39eacc8650 4093ab6790c3c685 c09ff184862a09ae c09f25597a6f477b 4096be3a8031ffe7 4080ce3df47a8f28 c080ce3df47a8f28 409f25597a6f4779 c096be3a8031ffe4 c096d55da427f8dd 409f1ce175583b36 c0808f07a26084b2 40808f07a26084b2 4096d55da427f8dd c09f1ce175583b36 c09bf117e938bb89 409be0bb9e4434f2 40105c4af486971a c0105c4af486959a 409bf117e938bb88 c09be0bb9e4434f2 c0902b4941368675 40a01d1e16373e21 c0900ef2eb37f5cc 40900ef2eb37f5cb 40902b4941368676 c0a01d1e16373e21 c0a01c136c56015f 4090bd41a765cd42 408ef5ca628c6af9 c08ef5ca628c6af9 40a01c136c56015f c090bd41a765cd41 c09b8a0d2135b34a 409c442aa6556c93 c04743b0a3f7296c 404743b0a3f7296f 409b8a0d2135b348 c09c442aa6556c93 c09eeeeebeee34ab 40974bed6c09d40d 407e8c054b918281 c07e8c054b918283 409eeeeebeee34ab c0974bed6c09d40b c09644b87b3f313c 409f4f45e1be4940 c082151accfe3008 4082151accfe3007 409644b87b3f313b c09f4f45e1be4940 c09fd94b74041175 409430cfd535396f 408750f73d9db008 c08750f73d9db008 409fd94b74041173 c09430cfd535396f c0991e661f309dd1 409e0b85963bcc54 c073b47ddc2cba0b 4073b47ddc2cba0b 40991e661f309dd2 c09e0b85963bcc54 c09d7d1348da1043 409a00ffa1ac5dd4 406be09d396d937e c06be09d396d9376 409d7d1348da1043 c09a00ffa1ac5dd5 c09309805e310153 40a004f0b7038575 c08a00c21fac132f 408a00c21fac132b 409309805e310156 c0a004f0b7038575 c0a00d28de9e6f3e 4092812d439d8a20 408b3248f33ea8b7 c08b3248f33ea8b5 40a00d28de9e6f3e c092812d439d8a21 c09a62aff9c522fe 409d37dbf2383791 c066a95fc398a491 4066a95fc398a488 409a62aff9c522ff c09d37dbf2383791 c09e46993d55e93b 4098b400cfd86064 40764a61b5f6235c c0764a61b5f6235a 409e46993d55e93b c098b400cfd86064 c094b274974df0eb 409fbdf9a143f0ea c086170a13ec0001 4086170a13ec0003 4094b274974df0eb c09fbdf9a143f0ea c09f755b452fa2dd 4095ca50302f750c 408356162a005ba3 c08356162a005ba4 409f755b452fa2dd c095ca50302f750c c097be93103d4107 409ebe3f8a6156d2 c07bfeb1e890572f 407bfeb1e890572e 4097be93103d4108 c09ebe3f8a6156d2 c09c9339cc00b0fa 409b317cd74a6343 40561bcf4b64db69 c0561bcf4b64db6c 409c9339cc00b0fa c09b317cd74a6344 c0914bada8f69331 40a01955092425c8 c08dcdf8d2a370be 408dcdf8d2a370bc 40914bada8f69331 c0a01955092425c8 c0a016d2b203d2b0 4091a1a21f75e3b2 408d18068923835a c08d18068923835c 40a016d2b203d2b0 c091a1a21f75e3b0 c09afa11230edfa8 409cc1f45e646c82 c05c7e33b558cd9b 405c7e33b558cd96 409afa11230edfa8 c09cc1f45e646c82 c09e9ef671e376fa 40980341b1c520c6 407a6ed3007958ce c07a6ed3007958cd 409e9ef671e376f9 c0980341b1c520c5 c0957e88be91cbd0 409f8af28dae9f3d c08418d39e39a6dd 408418d39e39a6da 40957e88be91cbd0 c09f8af28dae9f3d c09fabaaa4da48e0 40950070ef89f990 408556736aa09ea0 c08556736aa09ea0 409fabaaa4da48df c0950070ef89f98f c09871d653aec43f 409e690da071e4f9 c077dcdd330c82e9 4077dcdd330c82ee 409871d653aec43e c09e690da071e4f9 c09d0c21c7567f07 409a9ce40c9cb99b 406379edd5ce2b5d c06379edd5ce2b69 409d0c21c7567f07 c09a9ce40c9cb99a c0922d14ca974631 40a01156ac2bf7db c08beb311b81530f 408beb311b815317 40922d14ca97462d c0a01156ac2bf7db c09ffe313099f132 40935ba5cc1de18b 40894516c8f81f4d c0894516c8f81f4c 409ffe313099f132 c0935ba5cc1de18a c099c41324cbf6f0 409da5c10f8e125a c06f0d6f5610db49 406f0d6f5610db52 4099c41324cbf6f0 c09da5c10f8e125a c09de5ef5a7338a2 40995dfa529de6ad 40721fd41f5547cf c0721fd41f5547cf 409de5ef5a7338a1 c0995dfa529de6ad c093e0b3f7346b1e 409fe84d1f7f0348 c0880f3250953055 40880f3250953055 4093e0b3f7346b1e c09fe84d1f7f034a c09f366c385d62c9 40968e36404042c9 4081506bf03a4001 c081506bf03a3fff 409f366c385d62c9 c0968e36404042ca c09704cd79165d10 409f0b03f942efc3 c0800c6d00592569 40800c6d00592566 409704cd79165d10 c09f0b03f942efc3 c09c127c7bc02520 409bbea1458a425f 4034f6cd8d78aff2 c034f6cd8d78b064 409c127c7bc02520 c09bbea1458a425d c0906588c3899e76 40a01ce99cf33950 c08fa894ecb9a856 408fa894ecb9a856 40906588c3899e76 c0a01ce99cf33950 c0a01a00509c264d 40913008abfc0697 408e07efea788c05 c08e07efea788c05 40a01a00509c264d c0913008abfc0697 c09b42fe4b5943c1 409c8409ac082cab c05410b60aee8e9c 405410b60aee8e8d 409b42fe4b5943c1 c09c8409ac082caa c09ec800a1fc0ba8 4097a8671a6ddf90 407c7e661e38b063 c07c7e661e38b064 409ec800a1fc0ba7 c097a8671a6ddf8f c095e260995d8df2 409f6e2ff331148e c083179eb3a70d33 4083179eb3a70d36 4095e260995d8df1 c09f6e2ff331148e c09fc391b4f339a4 4094995518309ba1 4086547939853c06 c086547939853c0a 409fc391b4f339a4 c094995518309b9f c098c8f7a87a32e4 409e3b52d2c49d63 c075c96ca929a9fd 4075c96ca929a9fb 4098c8f7a87a32e4 c09e3b52d2c49d63 c09d459b53e7254c 409a4fd8ab47f9e3 4067ae1544f95b4e c067ae1544f95b4e 409d459b53e7254c c09a4fd8ab47f9e2 c0929bedd552286f 40a00bb07578c172 c08af6e62b3eb4ec 408af6e62b3eb4ee 40929bedd552286d c0a00bb07578c172 c0a006ad535e0f84 4092ef0fa2186765 408a3c9609476f43 c08a3c9609476f44 40a006ad535e0f83 c092ef0fa2186765 c09a144658d02b48 409d6fd0befba1c8 c06adc53315bb409 406adc53315bb410 409a144658d02b48 c09d6fd0befba1ca c09e174c4746ec20 409909d93975d104 407435cc37446c71 c07435cc37446c6c 409e174c4746ec1e c09909d93975d104 c0944a4647836510 409fd43a9b0c91fc c08713e8a71259d7 408713e8a71259d2 40944a4647836513 c09fd43a9b0c91fc c09f56f6ae849245 40962d05c38587e4 408253e1d5fe14bf c08253e1d5fe14be 409f56f6ae849243 c0962d05c38587e4 c097627d6adba313 409ee5b0cfd817ce c07e0ccd93f1d2ee 407e0ccd93f1d2ee 4097627d6adba313 c09ee5b0cfd817cf c09c53d3a699c21b 409b7900116bdad1 404b5a72a5bce94e c04b5a72a5bce954 409c53d3a699c21a c09b7900116bdad0 c090d92f04e33363 40a01baca328809c c08ebc5482db9bac 408ebc5482db9baf 4090d92f04e33361 c0a01baca328809c c0a0128ac85071f4 4092120638a8b393 408c261eaff060ad c08c261eaff060ad 40a0128ac85071f4 c092120638a8b391 c09aaf4aa7df9224 409cfde67f0ca20c c06274deb9687f45 406274deb9687f46 409aaf4aa7df9224 c09cfde67f0ca20d c09e73d2feb589cf 40985c76f7fa4eef 40785d701aeceb7e c0785d701aeceb82 409e73d2feb589cf c0985c76f7fa4eef c0951937c2aa2f84 409fa58bb899d292 c08518a7ebdf461c 408518a7ebdf461b 40951937c2aa2f85 c09fa58bb899d292 c09f9197e71bb45a 4095661c4a2731e3 408456f739e904ea c08456f739e904ea 409f9197e71bb458 c095661c4a2731e2 c0981908198e1cee 409e94b2dce9135c c079eeab0d6bd9b4 4079eeab0d6bd9af 40981908198e1cee c09e94b2dce9135a c09cd0aa9395bfa6 409ae81c7de0a0a3 405e88e15b51f03c c05e88e15b51f043 409cd0aa9395bfa6 c09ae81c7de0a0a3 c091bcfcd6e3c896 40a015e2f7fe8352 c08cdd9232327c1e 408cdd9232327c17 4091bcfcd6e3c898 c0a015e2f7fe8352 c09fecd664dccb07 4093c6e850774860 40884bdc28cb0550 c0884bdc28cb0551 409fecd664dccb07 c093c6e85077485f c099721bdce039b9 409dd9a9318cc1c8 c0719e3552b22038 40719e3552b22037 4099721bdce039b9 c09dd9a9318cc1c6 c09db285d8f4e2c9 4099b05e5737ec83 4070089e06f3d918 c070089e06f3d920 409db285d8f4e2cb c099b05e5737ec82 c09375c4e2b12495 409ffa2fce6d0af5 c08908d5d777ccc0 408908d5d777ccc7 409375c4e2b12492 c09ffa2fce6d0af5 c09f13be1daccab2 4096eddafd2144f8 40804bc641170b73 c0804bc641170b74 409f13be1daccab2 c096eddafd2144f8 c096a589a6b9748d 409f2e3677bf1773 c0811159a20b45cd 40811159a20b45cd 4096a589a6b9748d c09f2e3677bf1773 c09bcf38c5e391eb 409c025badf435b4 c02991740851e500 402991740851e58e 409bcf38c5e391e9 c09c025badf435b4 c08fe185a419059a 40a01d0be0caca91 c0904954ef891253 40904954ef891253 408fe185a4190598 c0a01d0be0caca91 4038134f4dae6100 c09bad36369ce821 409b4ce8f9662e9c c09b4ce8f9662e9d c038134f4dae611d 409bad36369ce822 c08f16e6081d0de8 c090323fadb694b0 409fbdb2b1c51ba5 c09fbdb2b1c51ba5 408f16e6081d0de7 4090323fadb694b1 c07f6842a6e0bee4 c096b5d4eef70c90 409e8fe598af3c48 c09e8fe598af3c49 407f6842a6e0bee4 4096b5d4eef70c90 c0962da3fd04038b c0812836209c9e5d 409ec1bf0d5252b9 c09ec1bf0d5252bb 40962da3fd04038a 40812836209c9e63 c06e291bd0a704f5 c099692ca81cd687 409d2e502231b726 c09d2e502231b728 406e291bd0a70500 4099692ca81cd687 c0930635d333654f c088fd15176b5258 409f84c05ee90e7c c09f84c05ee90e7c 40930635d333654e 4088fd15176b5258 c0879932996fd6fb c0939f0348c1c6b1 409f6b9c9579b22d c09f6b9c9579b22d 40879932996fd6f8 40939f0348c1c6b1 c098f3ecc6485ee9 c072106086827f20 409d7804e7e8feb1 c09d7804e7e8feb0 4098f3ecc6485ee9 4072106086827f19 c05b359bdc80a569 c09a99c5fa761e4e 409c4d1fb83e28a4 c09c4d1fb83e28a5 405b359bdc80a551 409a99c5fa761e50 c0915252f15bdc04 c08cc08ca81a9065 409fb29945692436 c09fb29945692436 40915252f15bdc01 408cc08ca81a9068 c083b17543c480ae c095360c67437489 409f0ec70925b4df c09f0ec70925b4e1 4083b17543c480ac 4095360c6743748a c0979dba239b674d c07a3ec90fc0c593 409e2d6c678b98b1 c09e2d6c678b98b3 40979dba239b674d 407a3ec90fc0c598 c0774b2cca0a43cc c0981cb828bf5d31 409def835b41ee23 c09def835b41ee23 40774b2cca0a43d0 40981cb828bf5d31 c094a53dd48ca736 c0851e38d8277d52 409f345a40a065de c09f345a40a065e0 4094a53dd48ca737 40851e38d8277d52 c08b671162506ede c091f277c7f94fda 409fa6007921874a c09fa6007921874a 408b671162506ede 4091f277c7f94fda c09a2ec4c44aa1ed c0639c553473c7c2 409ca24f6ad91ae6 c09ca24f6ad91ae6 409a2ec4c44aa1ed 40639c553473c7c2 c04533affc184f60 c09b2736de45d57e 409bd0d45e2697f8 c09bd0d45e2697fa 404533affc184f86 409b2736de45d57e c0907123e85e4769 c08e96b75428bf6d 409fbc7f9272a721 c09fbc7f9272a71f 40907123e85e4768 408e96b75428bf6f c081b538a4e02978 c095f8f3a7e51ff6 409ed38ffa5534b2 c09ed38ffa5534b2 4081b538a4e02978 4095f8f3a7e51ff6 c096e8d2edead29f c07e4bc1b4a522aa 409e7bc35b141b4a c09e7bc35b141b4a 4096e8d2edead29f 407e4bc1b4a522af c073327ef4ec85cf c098c657b997ce63 409d92f776d2efd7 c09d92f776d2efd7 4073327ef4ec85ca 4098c657b997ce65 c093d8722e9ad9ab c08710d050960a28 409f60da56e5dec0 c09f60da56e5dec2 4093d8722e9ad9ad 408710d050960a29 c08983a140e62249 c092cb50ffa93750 409f8d21a01c4876 c09f8d21a01c4876 408983a140e6224a 4092cb50ffa93751 c09994da64a6e5c0 c06be25d8d60e270 409d11261653020e c09d11261653020e 409994da64a6e5bf 406be25d8d60e270 c065e4f51ea847a0 c09a050a512a6659 409cc1a8f4ff6f4c c09cc1a8f4ff6f4e 4065e4f51ea847a1 409a050a512a665a c0922ec2642d4192 c08ae2803a6ce653 409fa0028163b4bb c09fa0028163b4bb 40922ec2642d4191 408ae2803a6ce653 c085a84bdd47eb47 c0946d549aeaa026 409f417a898e95c8 c09f417a898e95ca 4085a84bdd47eb45 40946d549aeaa027 c0984c2806bca761 c0762a9e96b12de7 409dd6cfac68f2da c09dd6cfac68f2da 40984c2806bca762 40762a9e96b12de7 c07b5d77ede83ed1 c0976c7c7554b8c0 409e43da70cec874 c09e43da70cec872 407b5d77ede83ec9 40976c7c7554b8c1 c0956c60a0fac990 c08325d75c16221d 409eff4c4f05da9d c09eff4c4f05da9e 40956c60a0fac98f 408325d75c16221f c08d42fe772b0077 c09114b31399e642 409fb6324f2f667e c09fb6324f2f667c 408d42fe772b0077 409114b31399e642 c09ac181b3c7f1fc c056a1d94154b76e 409c2b9f47dd3d74 c09c2b9f47dd3d75 409ac181b3c7f1fa 4056a1d94154b7b6 c02254b17a809f5c c09b6b2713f7766c 409b8fd076ec77aa c09b8fd076ec77ab 402254b17a809f5c 409b6b2713f7766d c08ffdaf92c93191 c08f7eafa4031d8c 409fbe2f9b66278d c09fbe2f9b66278d 408ffdaf92c93191 408f7eafa4031d8c c080b53f8f8a7de5 c09658285125b6f3 409eb2c818eaf5e5 c09eb2c818eaf5e5 4080b53f8f8a7de3 409658285125b6f3 c0968c014207b748 c0802799362ffdb9 409e9fcddd1fb624 c09e9fcddd1fb626 40968c014207b748 40802799362ffdba c071241cce98d6f6 c099189e5aa80a83 409d61a58e4e4041 c09d61a58e4e4041 4071241cce98d6f7 4099189e5aa80a83 c0936ffe863c3543 c08807c5842d7efc 409f73e14852f4c2 c09f73e14852f4c2 40936ffe863c3543 408807c5842d7efb c0888f4161e9efaf c09335d2ab378519 409f7d735c2c7cf1 c09f7d735c2c7cf3 40888f4161e9efae 409335d2ab37851c c099454146db4cb8 c07001540f958f7a 409d45964ac0b096 c09d45964ac0b096 4099454146db4cb7 407001540f958f80 c061c07d424941ca c09a504efe01b68b 409c885ea64adec5 c09c885ea64adec5 4061c07d424941d1 409a504efe01b68b c091c1266c658ea6 c08bd27a853eaadc 409faa63af04e414 c09faa63af04e414 4091c1266c658ea5 408bd27a853eaadd c084ad95f805030f c094d2672b931dac 409f293227959f33 c09f293227959f33 4084ad95f8050310 4094d2672b931daa c097f5c3475c3776 c078358834d84284 409e032554924818 c09e032554924818 4097f5c3475c3776 4078358834d84282 c07955309927ef56 c097c56ad91a7414 409e1ab6ff646fe9 c09e1ab6ff646feb 407955309927ef56 4097c56ad91a7414 c0950987c8debdd3 c08422b8bf63e75e 409f1ae42890b182 c09f1ae42890b184 40950987c8debdd2 408422b8bf63e765 c08c5600828c4388 c091842f1892dcb6 409faf2f59d8fe7a c09faf2f59d8fe7a 408c5600828c4387 4091842f1892dcb7 c09a790b79999719 c05eee512ed1a8f6 409c67f08c86b1a9 c09c67f08c86b1a8 409a790b7999971a 405eee512ed1a8e4 c052e85fccd78cad c09ae16a3d8c49a3 409c0ff03a59c26f c09c0ff03a59c26f 4052e85fccd78c9f 409ae16a3d8c49a4 c090e24f8b92042d c08daca651e9c63b 409fb8a2b486e74c c09fb8a2b486e74c 4090e24f8b92042d 408daca651e9c63d c082b3fb08402396 c095983d79a58f03 409ef23afdc5a0cc c09ef23afdc5a0cd 4082b3fb08402398 4095983d79a58f03 c0974412a41d381b c07c463d6dba9862 409e55a1ff8bde34 c09e55a1ff8bde34 40974412a41d381a 407c463d6dba9866 c0753f90479beefe c098725e68800211 409dc2427a66fdd0 c09dc2427a66fdd0 40753f90479beeff 4098725e68800211 c0943f89a3a4bc41 c086184669a91737 409f4bacd87947db c09f4bacd87947dd 40943f89a3a4bc3f 4086184669a9173e c08a764176b3b764 c0925f8592cea40d 409f9aa64e287fc0 c09f9aa64e287fc1 408a764176b3b764 40925f8592cea40f c099e2b2ab1300c4 c067c029bce26101 409cdab7e2af4ce4 c09cdab7e2af4ce4 4099e2b2ab1300c3 4067c029bce26101 c06a07ecd4d7f81a c099b7fd1c901ab5 409cf8fab72b19b8 c09cf8fab72b19b8 406a07ecd4d7f80d 4099b7fd1c901ab6 c0929b1f558ac57e c089f0ae3a310dd8 409f937672a34c6b c09f937672a34c6b 40929b1f558ac57f 4089f0ae3a310dd8 c086a185c4b128e4 c09406dba2aa06d1 409f579e85029b43 c09f579e85029b45 4086a185c4b128e5 409406dba2aa06d1 c098a0e275e9bae7 c0741e300c185aba 409da86e78efd196 c09da86e78efd196 4098a0e275e9bae7 40741e300c185abc c07d63df1fb51e48 c09711f315c77f45 409e6aeaddb4c6d8 c09e6aeaddb4c6d6 407d63df1fb51e45 409711f315c77f45 c095cdc1968cd3c9 c08227a6032cac52 409ee194982329f3 c09ee194982329f4 4095cdc1968cd3c9 408227a6032cac54 c08e2dfb0203942c c090a40b5d1d631a 409fbb08de1f2d2f c09fbb08de1f2d2f 408e2dfb0203942e 4090a40b5d1d6319 c09b08227b7359d5 c04ca7a876e8c6dd 409bed5fbf2aa00c c09bed5fbf2aa00d 409b08227b7359d4 404ca7a876e8c71d 401dd22e88669665 c09b8c6b10e33359 409b6e98e25accc2 c09b6e98e25accc2 c01dd22e886696de 409b8c6b10e33359 c08f8a8ffad91621 c08ff1dd8faf6d83 409fbe36c54441d2 c09fbe36c54441d2 408f8a8ffad91621 408ff1dd8faf6d85 c08034d3fcd6601e c096873008d7f02b 409ea19a0743203a c09ea19a0743203a 408034d3fcd6601c 4096873008d7f02b c0965d03abd07a8a c080a80c33735273 409eb109c58a23c4 c09eb109c58a23c4 40965d03abd07a8a 4080a80c33735276 c0701c78b163a99a c099411ce4e277ec 409d483b113b6254 c09d483b113b6254 40701c78b163a999 4099411ce4e277ec c0933b445a972ffa c08882a30f8a5dd1 409f7c95e25c5ee2 c09f7c95e25c5ee2 40933b445a972ffa 408882a30f8a5dd3 c088146ecdb6c973 c0936a958fa31f25 409f74ccf67e83de c09f74ccf67e83de 4088146ecdb6c974 40936a958fa31f24 c0991cce1a703870 c07108ffa7bbe575 409d5f0e045f31cd c09d5f0e045f31cf 40991cce1a70386f 407108ffa7bbe586 c05f5b8ff6da86ce c09a75448396e414 409c6afd83048c80 c09c6afd83048c80 405f5b8ff6da86d7 409a75448396e413 c09189e3263f63a6 c08c49c1a188e22f 409faec3f703d4bd c09faec3f703d4be 409189e3263f63a5 408c49c1a188e234 c0842fb1e3da7fc7 c0950467e1e754af 409f1c40d3d49493 c09f1c40d3d49493 40842fb1e3da7fc7 40950467e1e754af c097c9f2e229504f c0793a5ff7055f75 409e188adfeaa82c c09e188adfeaa82d 4097c9f2e229504f 40793a5ff7055f76 c0785064052368e9 c097f14603d9fac0 409e055f0522d4fd c09e055f0522d4fd 40785064052368e6 4097f14603d9fac1 c094d79084d8d251 c084a0a609774aa6 409f27e3899477a5 c09f27e3899477a5 4094d79084d8d250 4084a0a609774aa9 c08bdec612a75098 c091bb7a5468423c 409faadd5dbbea89 c09faadd5dbbea89 408bdec612a75098 4091bb7a5468423d c09a5421dda0a92b c06189e55d51d827 409c855e894ae430 c09c855e894ae430 409a5421dda0a92a 406189e55d51d834 c04d8278839affb5 c09b048bcf82495c 409bf09f939f215a c09bf09f939f215a 404d8278839aff99 409b048bcf82495d c090a9de46035edb c08e21f0e981faec 409fbad6bac45c50 c09fbad6bac45c52 4090a9de46035edb 408e21f0e981faee c08234c1c4b09853 c095c8c857f49e04 409ee3293a4cea2e c09ee3293a4cea2c 408234c1c4b09852 4095c8c857f49e04 c09716a56c70eb5f c07d493fcc671c43 409e68f55f8ab271 c09e68f55f8ab271 409716a56c70eb5e 407d493fcc671c4a c0743933f9147b3d c0989c910ba8836c 409daade09eda23d c09daade09eda23d 40743933f9147b3c 40989c910ba8836d c0940c29e127dcc9 c08694bce3a120ef 409f568852f86d42 c09f568852f86d42 40940c29e127dccb 408694bce3a120ee c089fd2a5bbe694d c09295940bb67593 409f94293995aa38 c09f94293995aa38 4089fd2a5bbe694a 409295940bb67593 c099bbfef8dfe14b c069d17c4546312e 409cf62e8188a76f c09cf62e8188a76f 4099bbfef8dfe14c 4069d17c45463115 c067f6a5887606e8 c099debc7411a8fc 409cdd91252069d9 c09cdd91252069d9 4067f6a5887606eb 4099debc7411a8fc c09265193502ae69 c08a69d1288cce3f 409f9a01c9491588 c09f9a01c9491588 409265193502ae6a 408a69d1288cce3f c086251962a4961f c0943a447bf0428b 409f4cd12d428d9c c09f4cd12d428d9c 4086251962a4961e 40943a447bf0428c c09876bae5f3d187 c0752495b0743e51 409dbfe05210e11d c09dbfe05210e11e 409876bae5f3d187 40752495b0743e56 c07c60e9c474bc34 c0973f6ac26684e4 409e57a53383b3f1 c09e57a53383b3f1 407c60e9c474bc38 40973f6ac26684e4 c0959d40837a10a6 c082a6e7981c2044 409ef0b44f8820c8 c09ef0b44f8820c6 40959d40837a10a5 4082a6e7981c2044 c08db8bdec561215 c090dc84337c2b40 409fb8e329a7344b c09fb8e329a7344b 408db8bdec561211 4090dc84337c2b42 c09ae50d14236c2f c0527aff4692a2cd 409c0cbd088c965b c09c0cbd088c965c 409ae50d14236c2f 40527aff4692a2d5 c039c914e86e95f1 c09b496ad1c4c9a9 409bb08f25668402 c09bb08f25668402 4039c914e86e960c 409b496ad1c4c9a9 c09038216b789c64 c08f0af791a33949 409fbd9d344a3909 c09fbd9d344a3909 409038216b789c63 408f0af791a3394d c0813561d83d203b c09628be962c31df 409ec36f824ac1fd c09ec36f824ac1fd 40813561d83d2039 409628be962c31e0 c096ba9bf18a5902 c07f4dbeb885816c 409e8e0b9fabb95f c09e8e0b9fabb95f 4096ba9bf18a5902 407f4dbeb885816c c0722b75bb7f26e5 c098efb1bb0e08ea 409d7a8f29edd2a2 c09d7a8f29edd2a2 40722b75bb7f26e0 4098efb1bb0e08eb c093a4636ed92fc6 c0878c7e9046a01b 409f6aa2b6fc7fd3 c09f6aa2b6fc7fd3 4093a4636ed92fc4 40878c7e9046a01d c08909a83b4778fa c09300bb82ee7ff2 409f858fa0923c6f c09f858fa0923c71 408909a83b4778fa 409300bb82ee7ff2 c0996d459a1afcef c06df2c485486110 409d2b9e2ac40911 c09d2b9e2ac40911 40996d459a1afcef 406df2c48548610e c063d2e4aae561a1 c09a2ae60bd53b71 409ca542a131e7a4 c09ca542a131e7a4 4063d2e4aae5619d 409a2ae60bd53b71 c091f81bd165d250 c08b5ab95e7126bb 409fa578809e65ae c09fa578809e65ae 4091f81bd165d252 408b5ab95e7126bb c0852b1f580ca835 c094a00b1f9cb44f 409f359acba30868 c09f359acba30868 40852b1f580ca836 4094a00b1f9cb44d c098212a9303c57e c077304641670d5f 409ded3c235d88d5 c09ded3c235d88d7 4098212a9303c57b 4077304641670d6e c07a598e0e1b4339 c097992768e06056 409e2f8aec673124 c09e2f8aec673124 407a598e0e1b433a 4097992768e06056 c0953b22c571f4c0 c083a473224d1ca6 409f0d5c56988313 c09f0d5c56988315 40953b22c571f4c0 4083a473224d1ca8 c08cccbea701a2d3 c0914c9707049437 409fb2f65a85659e c09fb2f65a85659e 408cccbea701a2d1 40914c9707049437 c09a9d80f64b0708 c05ac84ff59115b9 409c4a05f5a41863 c09c4a05f5a41862 409a9d80f64b0708 405ac84ff59115b1 c0570f3067be12e8 c09abdd2c27dd493 409c2ec5c8f9b5c2 c09c2ec5c8f9b5c2 40570f3067be12df 409abdd2c27dd494 c0911a76c174f8c8 c08d36d98fdec46f 409fb5e389645afe c09fb5e389645b00 40911a76c174f8c8 408d36d98fdec470 c08332e2417ed01d c0956753e1e5fd49 409f00c502a56557 c09f00c502a56557 408332e2417ed01b 40956753e1e5fd4a c0977119cdac8cf2 c07b42bf08c24075 409e41c98fdd1d0f c09e41c98fdd1d0f 40977119cdac8cf0 407b42bf08c2407b c076458f61ace7df c09847c08937b21d 409dd92461a2ec15 c09dd92461a2ec15 4076458f61ace7e0 409847c08937b21d c094729094b7b794 c0859b6f04a19b8e 409f40481708855a c09f40481708855c 4094729094b7b794 40859b6f04a19b93 c08aeee47e9d8411 c0922926820fc115 409fa098c15e8320 c09fa098c15e8320 408aeee47e9d8410 40922926820fc118 c09a08f4d17c7d8e c065ae6f06104ba6 409cbec2b23e8701 c09cbec2b23e8703 409a08f4d17c7d8b 4065ae6f06104bc1 c06c18c1f2248918 c09990ccf49c9786 409d13e532e128a8 c09d13e532e128aa 406c18c1f2248917 409990ccf49c9786 c092d0d3d8cc23a5 c089771982b60d36 409f8c609a272a3f c09f8c609a272a3f 4092d0d3d8cc23a4 4089771982b60d38 c0871d8ee1a63b5e c093d31af0998bd0 409f61e2616ca97d c09f61e2616ca97f 40871d8ee1a63b5b 4093d31af0998bd2 c098ca9dfdb5902e c0731772289c6f40 409d907a87dcabfd c09d907a87dcabfb 4098ca9dfdb5902f 40731772289c6f38 c07e66538fbfd0c9 c096e41636e8b21e 409e7dab1ad8a64f c09e7dab1ad8a651 407e66538fbfd0c7 4096e41636e8b21e c095fde3056ffe8c c081a814cb7c3de6 409ed1ed6b2e1d7f c09ed1ed6b2e1d7f 4095fde3056ffe8c 4081a814cb7c3de5 c08ea2b3b5f023b4 c0906b498833fc29 409fbca3632c0e03 c09fbca3632c0e03 408ea2b3b5f023b6 40906b498833fc28 c09b2ac14fd31afc c04458d4af0e360b 409bcd87f54b8cac c09bcd87f54b8cac 409b2ac14fd31afc 404458d4af0e360b
B 0000000000000000 0000000000000000 0000000000000000 0000000000000000 0000000000000000 0000000000000000 0000000000000000 0000000000000000 0000000000000000 0000000000000000 0000000000000000 0000000000000000 0000000000000000 0000000000000000 0000000000000000 0000000000000000 0000000000000000 0000000000000000 0000000000000000 0000000000000000 0000000000000000 0000000000000000 0000000000000000 0000000000000000 0000000000000000 0000000000000000 0000000000000000 0000000000000000 0000000000000000 0000000000000000 0000000000000000 0000000000000000 0000000000000000 0000000000000000 0000000000000000 0000000000000000 0000000000000000 0000000000000000 0000000000000000 0000000000000000 0000000000000000 0000000000000000 0000000000000000 0000000000000000 0000000000000000 0000000000000000 0000000000000000 0000000000000000 0000000000000000 0000000000000000 0000000000000000 0000000000000000 0000000000000000 0000000000000000 0000000000000000 0000000000000000 0000000000000000 0000000000000000 0000000000000000 0000000000000000 0000000000000000 0000000000000000 0000000000000000 0000000000000000 0000000000000000 0000000000000000 0000000000000000 0000000000000000 0000000000000000 0000000000000000 0000000000000000 0000000000000000 0000000000000000 0000000000000000 0000000000000000 0000000000000000 0000000000000000 0000000000000000 0000000000000000 0000000000000000 0000000000000000 0000000000000000 0000000000000000 0000000000000000 0000000000000000 0000000000000000 0000000000000000 0000000000000000 0000000000000000 0000000000000000 0000000000000000 0000000000000000 0000000000000000 0000000000000000 0000000000000000 0000000000000000 0000000000000000 0000000000000000 0000000000000000 0000000000000000 0000000000000000 0000000000000000 0000000000000000 0000000000000000 0000000000000000 0000000000000000 0000000000000000 0000000000000000 0000000000000000 0000000000000000 0000000000000000 0000000000000000 0000000000000000 0000000000000000 0000000000000000 0000000000000000 0000000000000000 0000000000000000 0000000000000000 0000000000000000 0000000000000000 0000000000000000 0000000000000000 0000000000000000 0000000000000000 0000000000000000 0000000000000000 0000000000000000 0000000000000000 0000000000000000 0000000000000000 0000000000000000 0000000000000000 0000000000000000 0000000000000000 0000000000000000 0000000000000000 0000000000000000 0000000000000000 0000000000000000 0000000000000000 0000000000000000 0000000000000000 0000000000000000 0000000000000000 0000000000000000 0000000000000000 0000000000000000 0000000000000000 0000000000000000 0000000000000000 0000000000000000 0000000000000000 0000000000000000 0000000000000000 0000000000000000 0000000000000000 0000000000000000 0000000000000000 0000000000000000 0000000000000000 0000000000000000 0000000000000000 0000000000000000 0000000000000000 0000000000000000 0000000000000000 0000000000000000 0000000000000000 0000000000000000 0000000000000000 0000000000000000 0000000000000000 0000000000000000 0000000000000000 0000000000000000 0000000000000000 0000000000000000 0000000000000000 0000000000000000 0000000000000000 0000000000000000 0000000000000000 0000000000000000 0000000000000000 0000000000000000 0000000000000000 0000000000000000 0000000000000000 0000000000000000 0000000000000000 0000000000000000 0000000000000000 0000000000000000 0000000000000000 0000000000000000 0000000000000000 0000000000000000 0000000000000000 0000000000000000 0000000000000000 0000000000000000 0000000000000000 0000000000000000 0000000000000000 0000000000000000 0000000000000000 0000000000000000 0000000000000000 0000000000000000 0000000000000000 0000000000000000 0000000000000000 0000000000000000 0000000000000000 0000000000000000 0000000000000000 0000000000000000 0000000000000000 0000000000000000 0000000000000000 0000000000000000 0000000000000000 0000000000000000 0000000000000000 0000000000000000 0000000000000000 0000000000000000 0000000000000000 0000000000000000 0000000000000000 0000000000000000 0000000000000000 0000000000000000 0000000000000000 0000000000000000 0000000000000000 0000000000000000 0000000000000000 0000000000000000 0000000000000000 0000000000000000 0000000000000000 0000000000000000 0000000000000000 0000000000000000 0000000000000000 0000000000000000 0000000000000000 0000000000000000 0000000000000000 0000000000000000 0000000000000000 0000000000000000 0000000000000000 0000000000000000 0000000000000000 0000000000000000 0000000000000000 0000000000000000 0000000000000000 0000000000000000 0000000000000000 0000000000000000 0000000000000000 0000000000000000 0000000000000000 0000000000000000 0000000000000000 0000000000000000 0000000000000000 0000000000000000 0000000000000000 0000000000000000 0000000000000000 0000000000000000 0000000000000000 0000000000000000 0000000000000000 0000000000000000 0000000000000000 0000000000000000 0000000000000000 0000000000000000 0000000000000000 0000000000000000 0000000000000000 0000000000000000 0000000000000000 0000000000000000 0000000000000000 0000000000000000 0000000000000000 0000000000000000 0000000000000000 0000000000000000 0000000000000000 0000000000000000 0000000000000000 0000000000000000 0000000000000000 0000000000000000 0000000000000000 0000000000000000 0000000000000000 0000000000000000 0000000000000000 0000000000000000 0000000000000000 0000000000000000 0000000000000000 0000000000000000 0000000000000000 0000000000000000 0000000000000000 0000000000000000 0000000000000000 0000000000000000 0000000000000000 0000000000000000 0000000000000000 0000000000000000 0000000000000000 0000000000000000 0000000000000000 0000000000000000 0000000000000000 0000000000000000 0000000000000000 0000000000000000 0000000000000000 0000000000000000 0000000000000000 0000000000000000 0000000000000000 0000000000000000 0000000000000000 0000000000000000 0000000000000000 0000000000000000 0000000000000000 0000000000000000 0000000000000000 0000000000000000 0000000000000000 0000000000000000 0000000000000000 0000000000000000 0000000000000000 0000000000000000 0000000000000000 0000000000000000 0000000000000000 0000000000000000 0000000000000000 0000000000000000 0000000000000000 0000000000000000 0000000000000000 0000000000000000 0000000000000000 0000000000000000 0000000000000000 0000000000000000 0000000000000000 0000000000000000 0000000000000000 0000000000000000 0000000000000000 0000000000000000 0000000000000000 0000000000000000 0000000000000000 0000000000000000 0000000000000000 0000000000000000 0000000000000000 0000000000000000 0000000000000000 0000000000000000 0000000000000000 0000000000000000 0000000000000000 0000000000000000 0000000000000000 0000000000000000 0000000000000000 0000000000000000 0000000000000000 0000000000000000 0000000000000000 0000000000000000 0000000000000000 0000000000000000 0000000000000000 0000000000000000 0000000000000000 0000000000000000 0000000000000000 0000000000000000 0000000000000000 0000000000000000 0000000000000000 0000000000000000 0000000000000000 0000000000000000 0000000000000000 0000000000000000 0000000000000000 0000000000000000 0000000000000000 0000000000000000 0000000000000000 0000000000000000 0000000000000000 0000000000000000 0000000000000000 0000000000000000 0000000000000000 0000000000000000 0000000000000000 0000000000000000 0000000000000000 0000000000000000 0000000000000000 0000000000000000 0000000000000000 0000000000000000 0000000000000000 0000000000000000 0000000000000000 0000000000000000 0000000000000000 0000000000000000 0000000000000000 0000000000000000 0000000000000000 0000000000000000 0000000000000000 0000000000000000 0000000000000000 0000000000000000 0000000000000000 0000000000000000 0000000000000000 0000000000000000 0000000000000000 0000000000000000 0000000000000000 0000000000000000 0000000000000000 0000000000000000 0000000000000000 0000000000000000 0000000000000000 0000000000000000 0000000000000000 0000000000000000 0000000000000000 0000000000000000 0000000000000000 0000000000000000 0000000000000000 0000000000000000 0000000000000000 0000000000000000 0000000000000000 0000000000000000 0000000000000000 0000000000000000 0000000000000000 0000000000000000 0000000000000000 0000000000000000 0000000000000000 0000000000000000 0000000000000000 0000000000000000 0000000000000000 0000000000000000 0000000000000000 0000000000000000 0000000000000000 0000000000000000 0000000000000000 0000000000000000 0000000000000000 0000000000000000 0000000000000000 0000000000000000 0000000000000000 0000000000000000 0000000000000000 0000000000000000 0000000000000000 0000000000000000 0000000000000000 0000000000000000 0000000000000000 0000000000000000 0000000000000000 0000000000000000 0000000000000000 0000000000000000 0000000000000000 0000000000000000 0000000000000000 0000000000000000 0000000000000000 0000000000000000 0000000000000000 0000000000000000 0000000000000000 0000000000000000 0000000000000000 0000000000000000 0000000000000000 0000000000000000 0000000000000000 0000000000000000 0000000000000000 0000000000000000 0000000000000000 0000000000000000 0000000000000000 0000000000000000 0000000000000000 0000000000000000 0000000000000000 0000000000000000 0000000000000000 0000000000000000 0000000000000000 0000000000000000 0000000000000000 0000000000000000 0000000000000000 0000000000000000 0000000000000000 0000000000000000 0000000000000000 0000000000000000 0000000000000000 0000000000000000 0000000000000000 0000000000000000 0000000000000000 0000000000000000 0000000000000000 0000000000000000 0000000000000000 0000000000000000 0000000000000000 0000000000000000 0000000000000000 0000000000000000 0000000000000000 0000000000000000 0000000000000000 0000000000000000 0000000000000000 0000000000000000 0000000000000000 0000000000000000 0000000000000000 0000000000000000 0000000000000000 0000000000000000 0000000000000000 0000000000000000 0000000000000000 0000000000000000 0000000000000000 0000000000000000 0000000000000000 0000000000000000 0000000000000000 0000000000000000 0000000000000000 0000000000000000 0000000000000000 0000000000000000 0000000000000000 0000000000000000 0000000000000000 0000000000000000 0000000000000000 0000000000000000 0000000000000000 0000000000000000 0000000000000000 0000000000000000 0000000000000000 0000000000000000 0000000000000000 0000000000000000 0000000000000000 0000000000000000 0000000000000000 0000000000000000 0000000000000000 0000000000000000 0000000000000000 0000000000000000 0000000000000000 0000000000000000 0000000000000000 0000000000000000 0000000000000000 0000000000000000 0000000000000000 0000000000000000 0000000000000000 0000000000000000 0000000000000000 0000000000000000 0000000000000000 0000000000000000 0000000000000000 0000000000000000 0000000000000000 0000000000000000 0000000000000000 0000000000000000 0000000000000000 0000000000000000 0000000000000000 0000000000000000 0000000000000000 0000000000000000 0000000000000000 0000000000000000 0000000000000000 0000000000000000 0000000000000000 0000000000000000 0000000000000000 0000000000000000 0000000000000000 0000000000000000 0000000000000000 0000000000000000 0000000000000000 0000000000000000 0000000000000000 0000000000000000 0000000000000000 0000000000000000 0000000000000000 0000000000000000 0000000000000000 0000000000000000 0000000000000000 0000000000000000 0000000000000000 0000000000000000 0000000000000000 0000000000000000 0000000000000000 0000000000000000 0000000000000000 0000000000000000 0000000000000000 0000000000000000 0000000000000000 0000000000000000 0000000000000000 0000000000000000 0000000000000000 0000000000000000 0000000000000000 0000000000000000 0000000000000000 0000000000000000 0000000000000000 0000000000000000 0000000000000000 0000000000000000 0000000000000000 0000000000000000 0000000000000000 0000000000000000 0000000000000000 0000000000000000 0000000000000000 0000000000000000 0000000000000000 0000000000000000 0000000000000000 0000000000000000 0000000000000000 0000000000000000 0000000000000000 0000000000000000 0000000000000000 0000000000000000 0000000000000000 0000000000000000 0000000000000000 0000000000000000 0000000000000000 0000000000000000 0000000000000000 0000000000000000 0000000000000000 0000000000000000 0000000000000000 0000000000000000 0000000000000000 0000000000000000 0000000000000000 0000000000000000 0000000000000000 0000000000000000 0000000000000000 0000000000000000 0000000000000000 0000000000000000 0000000000000000 0000000000000000 0000000000000000 0000000000000000 0000000000000000 0000000000000000 0000000000000000 0000000000000000 0000000000000000 0000000000000000 0000000000000000 0000000000000000 0000000000000000 0000000000000000 0000000000000000 0000000000000000 0000000000000000 0000000000000000 0000000000000000 0000000000000000 0000000000000000 0000000000000000 0000000000000000 0000000000000000 0000000000000000 0000000000000000 0000000000000000 0000000000000000 0000000000000000 0000000000000000 0000000000000000 0000000000000000 0000000000000000 0000000000000000 0000000000000000 0000000000000000 0000000000000000 0000000000000000 0000000000000000 0000000000000000 0000000000000000 0000000000000000 0000000000000000 0000000000000000 0000000000000000 0000000000000000 0000000000000000 0000000000000000 0000000000000000 0000000000000000 0000000000000000 0000000000000000 0000000000000000 0000000000000000 0000000000000000 0000000000000000 0000000000000000 0000000000000000 0000000000000000 0000000000000000 0000000000000000 0000000000000000 0000000000000000 0000000000000000 0000000000000000 0000000000000000 0000000000000000 0000000000000000 0000000000000000 0000000000000000 0000000000000000 0000000000000000 0000000000000000 0000000000000000 0000000000000000 0000000000000000 0000000000000000 0000000000000000 0000000000000000 0000000000000000 0000000000000000 0000000000000000 0000000000000000 0000000000000000 0000000000000000 0000000000000000 0000000000000000 0000000000000000 0000000000000000 0000000000000000 0000000000000000 0000000000000000 0000000000000000 0000000000000000 0000000000000000 0000000000000000 0000000000000000 0000000000000000 0000000000000000 0000000000000000 0000000000000000 0000000000000000 0000000000000000 0000000000000000 0000000000000000 0000000000000000 0000000000000000 0000000000000000 0000000000000000 0000000000000000 0000000000000000 0000000000000000 0000000000000000 0000000000000000 0000000000000000 0000000000000000 0000000000000000 0000000000000000 0000000000000000 0000000000000000 0000000000000000 0000000000000000 0000000000000000 0000000000000000 0000000000000000 0000000000000000 0000000000000000 0000000000000000 0000000000000000 0000000000000000 0000000000000000 0000000000000000 0000000000000000 0000000000000000 0000000000000000 0000000000000000 0000000000000000 0000000000000000 0000000000000000 0000000000000000 0000000000000000 0000000000000000 0000000000000000 0000000000000000 0000000000000000 0000000000000000 0000000000000000 0000000000000000 0000000000000000 0000000000000000 0000000000000000 0000000000000000 0000000000000000 0000000000000000 0000000000000000 0000000000000000 0000000000000000 0000000000000000 0000000000000000 0000000000000000 0000000000000000 0000000000000000 0000000000000000 0000000000000000 0000000000000000 0000000000000000 0000000000000000 0000000000000000 0000000000000000 0000000000000000 0000000000000000 0000000000000000 0000000000000000 0000000000000000 0000000000000000 0000000000000000 0000000000000000 0000000000000000 0000000000000000 0000000000000000 0000000000000000 0000000000000000 0000000000000000 0000000000000000 0000000000000000 0000000000000000 0000000000000000 0000000000000000 0000000000000000 0000000000000000 0000000000000000 0000000000000000 0000000000000000 0000000000000000 0000000000000000 0000000000000000 0000000000000000 0000000000000000 0000000000000000 0000000000000000 0000000000000000 0000000000000000 0000000000000000 0000000000000000 0000000000000000 0000000000000000 0000000000000000 0000000000000000 0000000000000000 0000000000000000 0000000000000000 0000000000000000 0000000000000000 0000000000000000 0000000000000000 0000000000000000 0000000000000000 0000000000000000 0000000000000000 0000000000000000 0000000000000000 0000000000000000 0000000000000000 0000000000000000 0000000000000000 0000000000000000 0000000000000000 0000000000000000 0000000000000000 0000000000000000 0000000000000000 0000000000000000 0000000000000000 0000000000000000 0000000000000000 0000000000000000 0000000000000000 0000000000000000 0000000000000000 0000000000000000 0000000000000000 0000000000000000 0000000000000000 0000000000000000 0000000000000000 0000000000000000 0000000000000000 0000000000000000 0000000000000000 0000000000000000 0000000000000000 0000000000000000 0000000000000000 0000000000000000 0000000000000000 0000000000000000 0000000000000000 0000000000000000 0000000000000000 0000000000000000 0000000000000000 0000000000000000 0000000000000000 0000000000000000 0000000000000000 0000000000000000 0000000000000000 0000000000000000 0000000000000000 0000000000000000 0000000000000000 0000000000000000 0000000000000000 0000000000000000 0000000000000000 0000000000000000 0000000000000000 0000000000000000 0000000000000000 0000000000000000 0000000000000000 0000000000000000 0000000000000000 0000000000000000 0000000000000000 0000000000000000 0000000000000000 0000000000000000 0000000000000000 0000000000000000 0000000000000000 0000000000000000 0000000000000000 0000000000000000 0000000000000000 0000000000000000 0000000000000000 0000000000000000 0000000000000000 0000000000000000 0000000000000000 0000000000000000 0000000000000000 0000000000000000 0000000000000000 0000000000000000 0000000000000000 0000000000000000 0000000000000000 0000000000000000 0000000000000000 0000000000000000 0000000000000000 0000000000000000 0000000000000000 0000000000000000 0000000000000000 0000000000000000 0000000000000000 0000000000000000 0000000000000000 0000000000000000 0000000000000000 0000000000000000 0000000000000000 0000000000000000 0000000000000000 0000000000000000 0000000000000000 0000000000000000 0000000000000000 0000000000000000 0000000000000000 0000000000000000 0000000000000000 0000000000000000 0000000000000000 0000000000000000 0000000000000000 0000000000000000 0000000000000000 0000000000000000 0000000000000000 0000000000000000 0000000000000000 0000000000000000 0000000000000000 0000000000000000 0000000000000000 0000000000000000 0000000000000000 0000000000000000 0000000000000000 0000000000000000 0000000000000000 0000000000000000 0000000000000000 0000000000000000 0000000000000000 0000000000000000 0000000000000000 0000000000000000 0000000000000000 0000000000000000 0000000000000000 0000000000000000 0000000000000000 0000000000000000 0000000000000000 0000000000000000 0000000000000000 0000000000000000 0000000000000000 0000000000000000 0000000000000000 0000000000000000 0000000000000000 0000000000000000 0000000000000000 0000000000000000 0000000000000000 0000000000000000 0000000000000000 0000000000000000 0000000000000000 0000000000000000 0000000000000000 0000000000000000 0000000000000000 0000000000000000 0000000000000000 0000000000000000 0000000000000000 0000000000000000 0000000000000000 0000000000000000 0000000000000000 0000000000000000 0000000000000000 0000000000000000 0000000000000000 0000000000000000 0000000000000000 0000000000000000 0000000000000000 0000000000000000 0000000000000000 0000000000000000 0000000000000000 0000000000000000 0000000000000000 0000000000000000 0000000000000000 0000000000000000 0000000000000000 0000000000000000 0000000000000000 0000000000000000 0000000000000000 0000000000000000 0000000000000000 0000000000000000 0000000000000000 0000000000000000 0000000000000000 0000000000000000 0000000000000000 0000000000000000 0000000000000000 0000000000000000 0000000000000000 0000000000000000 0000000000000000 0000000000000000 0000000000000000 0000000000000000 0000000000000000 0000000000000000 0000000000000000 0000000000000000 0000000000000000 0000000000000000 0000000000000000 0000000000000000 0000000000000000 0000000000000000 0000000000000000 0000000000000000 0000000000000000 0000000000000000 0000000000000000 0000000000000000 0000000000000000 0000000000000000 0000000000000000 0000000000000000 0000000000000000 0000000000000000 0000000000000000 0000000000000000 0000000000000000 0000000000000000 0000000000000000 0000000000000000 0000000000000000 0000000000000000 0000000000000000 0000000000000000 0000000000000000 0000000000000000 0000000000000000 0000000000000000 0000000000000000 0000000000000000 0000000000000000 0000000000000000 0000000000000000 0000000000000000 0000000000000000 0000000000000000 0000000000000000 0000000000000000 0000000000000000 0000000000000000 0000000000000000 0000000000000000 0000000000000000 0000000000000000 0000000000000000 0000000000000000 0000000000000000 0000000000000000 0000000000000000 0000000000000000 0000000000000000 0000000000000000 0000000000000000 0000000000000000 0000000000000000 0000000000000000 0000000000000000 0000000000000000 0000000000000000 0000000000000000 0000000000000000 0000000000000000 0000000000000000 0000000000000000 0000000000000000 0000000000000000 0000000000000000 0000000000000000 0000000000000000 0000000000000000 0000000000000000 0000000000000000 0000000000000000 0000000000000000 0000000000000000 0000000000000000 0000000000000000 0000000000000000 0000000000000000 0000000000000000 0000000000000000 0000000000000000 0000000000000000 0000000000000000 0000000000000000 0000000000000000 0000000000000000 0000000000000000 0000000000000000 0000000000000000 0000000000000000 0000000000000000 0000000000000000 0000000000000000 0000000000000000 0000000000000000 0000000000000000 0000000000000000 0000000000000000 0000000000000000 0000000000000000 0000000000000000 0000000000000000 0000000000000000 0000000000000000 0000000000000000 0000000000000000 0000000000000000 0000000000000000 0000000000000000 0000000000000000 0000000000000000 0000000000000000 0000000000000000 0000000000000000 0000000000000000 0000000000000000 0000000000000000 0000000000000000 0000000000000000 0000000000000000 0000000000000000 0000000000000000 0000000000000000 0000000000000000 0000000000000000 0000000000000000 0000000000000000 0000000000000000 0000000000000000 0000000000000000 0000000000000000 0000000000000000 0000000000000000 0000000000000000 0000000000000000 0000000000000000 0000000000000000 0000000000000000 0000000000000000 0000000000000000 0000000000000000 0000000000000000 0000000000000000 0000000000000000 0000000000000000 0000000000000000 0000000000000000 0000000000000000 0000000000000000 0000000000000000 0000000000000000 0000000000000000 0000000000000000 0000000000000000 0000000000000000 0000000000000000 0000000000000000 0000000000000000 0000000000000000 0000000000000000 0000000000000000 0000000000000000 0000000000000000 0000000000000000 0000000000000000 0000000000000000 0000000000000000 0000000000000000 0000000000000000 0000000000000000 0000000000000000 0000000000000000 0000000000000000 0000000000000000 0000000000000000 0000000000000000 0000000000000000 0000000000000000 0000000000000000 0000000000000000 0000000000000000 0000000000000000 0000000000000000 0000000000000000 0000000000000000 0000000000000000 0000000000000000 0000000000000000 0000000000000000 0000000000000000 0000000000000000 0000000000000000 0000000000000000 0000000000000000 0000000000000000 0000000000000000 0000000000000000 0000000000000000 0000000000000000 0000000000000000 0000000000000000 0000000000000000 0000000000000000 0000000000000000 0000000000000000 0000000000000000 0000000000000000 0000000000000000 0000000000000000 0000000000000000 0000000000000000 0000000000000000 0000000000000000 0000000000000000 0000000000000000 0000000000000000 0000000000000000 0000000000000000 0000000000000000 0000000000000000 0000000000000000 0000000000000000 0000000000000000 0000000000000000 0000000000000000 0000000000000000 0000000000000000 0000000000000000 0000000000000000 0000000000000000 0000000000000000 0000000000000000 0000000000000000 0000000000000000 0000000000000000 0000000000000000 0000000000000000 0000000000000000 0000000000000000 0000000000000000 0000000000000000 0000000000000000 0000000000000000 0000000000000000 0000000000000000 0000000000000000 0000000000000000 0000000000000000 0000000000000000 0000000000000000 0000000000000000 0000000000000000 0000000000000000 0000000000000000 0000000000000000 0000000000000000 0000000000000000 0000000000000000 0000000000000000 0000000000000000 0000000000000000 0000000000000000 0000000000000000 0000000000000000 0000000000000000 0000000000000000 0000000000000000 0000000000000000 0000000000000000 0000000000000000 0000000000000000 0000000000000000 0000000000000000 0000000000000000 0000000000000000 0000000000000000 0000000000000000 0000000000000000 0000000000000000 0000000000000000 0000000000000000 0000000000000000 0000000000000000 0000000000000000 0000000000000000 0000000000000000 0000000000000000 0000000000000000 0000000000000000 0000000000000000 0000000000000000 0000000000000000 0000000000000000 0000000000000000 0000000000000000 0000000000000000 0000000000000000 0000000000000000 0000000000000000 0000000000000000 0000000000000000 0000000000000000 0000000000000000 0000000000000000 0000000000000000 0000000000000000 0000000000000000 0000000000000000 0000000000000000 0000000000000000 0000000000000000 0000000000000000 0000000000000000 0000000000000000 0000000000000000 0000000000000000 0000000000000000 0000000000000000 0000000000000000 0000000000000000 0000000000000000 0000000000000000 0000000000000000 0000000000000000 0000000000000000 0000000000000000 0000000000000000 0000000000000000 0000000000000000 0000000000000000 0000000000000000 0000000000000000 0000000000000000 0000000000000000 0000000000000000 0000000000000000 0000000000000000 0000000000000000 0000000000000000 0000000000000000 0000000000000000 0000000000000000 0000000000000000 0000000000000000 0000000000000000 0000000000000000 0000000000000000 0000000000000000 0000000000000000 0000000000000000 0000000000000000 0000000000000000 0000000000000000 0000000000000000 0000000000000000 0000000000000000 0000000000000000 0000000000000000 0000000000000000 0000000000000000 0000000000000000 0000000000000000 0000000000000000 0000000000000000 0000000000000000 0000000000000000 0000000000000000 0000000000000000 0000000000000000 0000000000000000 0000000000000000 0000000000000000 0000000000000000 bfe0000000000000 bfe0000000000000 bfe0000000000000 bfe0000000000000 bfe0000000000000 bfe0000000000000 bfe0000000000000 bfe0000000000000 bfe0000000000000 bfe0000000000000 bfe0000000000000 bfe0000000000000 bfe0000000000000 bfe0000000000000 bfe0000000000000 bfe0000000000000 bfe0000000000000 bfe0000000000000 bfe0000000000000 bfe0000000000000 bfe0000000000000 bfe0000000000000 bfe0000000000000 bfe0000000000000 bfe0000000000000 bfe0000000000000 bfe0000000000000 bfe0000000000000 bfe0000000000000 bfe0000000000000 bfe0000000000000 bfe0000000000000 bfe0000000000000 bfe0000000000000 bfe0000000000000 bfe0000000000000 bfe0000000000000 bfe0000000000000 bfe0000000000000 bfe0000000000000 bfe0000000000000 bfe0000000000000 bfe0000000000000 bfe0000000000000 bfe0000000000000 bfe0000000000000 bfe0000000000000 bfe0000000000000 bfe0000000000000 bfe0000000000000 bfe0000000000000 bfe0000000000000 bfe0000000000000 bfe0000000000000 bfe0000000000000 bfe0000000000000 bfe0000000000000 bfe0000000000000 bfe0000000000000 bfe0000000000000 bfe0000000000000 bfe0000000000000 bfe0000000000000 bfe0000000000000 bfe0000000000000 bfe0000000000000 bfe0000000000000 bfe0000000000000 bfe0000000000000 bfe0000000000000 bfe0000000000000 bfe0000000000000 bfe0000000000000 bfe0000000000000 bfe0000000000000 bfe0000000000000 bfe0000000000000 bfe0000000000000 bfe0000000000000 bfe0000000000000 bfe0000000000000 bfe0000000000000 bfe0000000000000 bfe0000000000000 bfe0000000000000 bfe0000000000000 bfe0000000000000 bfe0000000000000 bfe0000000000000 bfe0000000000000 bfe0000000000000 bfe0000000000000 bfe0000000000000 bfe0000000000000 bfe0000000000000 bfe0000000000000 bfe0000000000000 bfe0000000000000 bfe0000000000000 bfe0000000000000 bfe0000000000000 bfe0000000000000 bfe0000000000000 bfe0000000000000 bfe0000000000000 bfe0000000000000 bfe0000000000000 bfe0000000000000 bfe0000000000000 bfe0000000000000 bfe0000000000000 bfe0000000000000 bfe0000000000000 bfe0000000000000 bfe0000000000000 bfe0000000000000 bfe0000000000000 bfe0000000000000 bfe0000000000000 bfe0000000000000 bfe0000000000000 bfe0000000000000 bfe0000000000000 bfe0000000000000 bfe0000000000000 bfe0000000000000 bfe0000000000000 bfe0000000000000 bfe0000000000000 bfe0000000000000 bfe0000000000000 bfe0000000000000 bfe0000000000000 bfe0000000000000 bfe0000000000000 bfe0000000000000 bfe0000000000000 bfe0000000000000 bfe0000000000000 bfe0000000000000 bfe0000000000000 bfe0000000000000 bfe0000000000000 bfe0000000000000 bfe0000000000000 bfe0000000000000 bfe0000000000000 bfe0000000000000 bfe0000000000000 bfe0000000000000 bfe0000000000000 bfe0000000000000 bfe0000000000000 bfe0000000000000 bfe0000000000000 bfe0000000000000 bfe0000000000000 bfe0000000000000 bfe0000000000000 bfe0000000000000 bfe0000000000000 bfe0000000000000 bfe0000000000000 bfe0000000000000 bfe0000000000000 bfe0000000000000 bfe0000000000000 bfe0000000000000 bfe0000000000000 bfe0000000000000 bfe0000000000000 bfe0000000000000 bfe0000000000000 bfe0000000000000 bfe0000000000000 bfe0000000000000 bfe0000000000000 bfe0000000000000 bfe0000000000000 bfe0000000000000 bfe0000000000000 bfe0000000000000 bfe0000000000000 bfe0000000000000 bfe0000000000000 bfe0000000000000 bfe0000000000000 bfe0000000000000 bfe0000000000000 bfe0000000000000 bfe0000000000000 bfe0000000000000 bfe0000000000000 bfe0000000000000 bfe0000000000000 bfe0000000000000 bfe0000000000000 bfe0000000000000 bfe0000000000000 bfe0000000000000 bfe0000000000000 bfe0000000000000 bfe0000000000000 bfe0000000000000 bfe0000000000000 bfe0000000000000 bfe0000000000000 bfe0000000000000 bfe0000000000000 bfe0000000000000 bfe0000000000000 bfe0000000000000 bfe0000000000000 bfe0000000000000 bfe0000000000000 bfe0000000000000 bfe0000000000000 bfe0000000000000 bfe0000000000000 bfe0000000000000 bfe0000000000000 bfe0000000000000 bfe0000000000000 bfe0000000000000 bfe0000000000000 bfe0000000000000 bfe0000000000000 bfe0000000000000 bfe0000000000000 bfe0000000000000 bfe0000000000000 bfe0000000000000 bfe0000000000000 bfe0000000000000 bfe0000000000000 bfe0000000000000 bfe0000000000000 bfe0000000000000 bfe0000000000000 bfe0000000000000 bfe0000000000000 bfe0000000000000 bfe0000000000000 bfe0000000000000 bfe0000000000000 bfe0000000000000 bfe0000000000000 bfe0000000000000 bfe0000000000000 bfe0000000000000 bfe0000000000000 bfe0000000000000 bfe0000000000000 bfe0000000000000 bfe0000000000000 bfe0000000000000 bfe0000000000000 bfe0000000000000 bfe0000000000000 bfe0000000000000 bfe0000000000000 bfe0000000000000 bfe0000000000000 bfe0000000000000 bfe0000000000000 bfe0000000000000 bfe0000000000000 bfe0000000000000 bfe0000000000000 bfe0000000000000 bfe0000000000000 bfe0000000000000 bfe0000000000000 bfe0000000000000 bfe0000000000000 bfe0000000000000 bfe0000000000000 bfe0000000000000 bfe0000000000000 bfe0000000000000 bfe0000000000000 bfe0000000000000 bfe0000000000000 bfe0000000000000 bfe0000000000000 bfe0000000000000 bfe0000000000000 bfe0000000000000 bfe0000000000000 bfe0000000000000 bfe0000000000000 bfe0000000000000 bfe0000000000000 bfe0000000000000 bfe0000000000000 bfe0000000000000 bfe0000000000000 bfe0000000000000 bfe0000000000000 bfe0000000000000 bfe0000000000000 bfe0000000000000 bfe0000000000000 bfe0000000000000 bfe0000000000000 bfe0000000000000 bfe0000000000000 bfe0000000000000 bfe0000000000000 bfe0000000000000 bfe0000000000000 bfe0000000000000 bfe0000000000000 bfe0000000000000 bfe0000000000000 bfe0000000000000 bfe0000000000000 bfe0000000000000 bfe0000000000000 bfe0000000000000 bfe0000000000000 bfe0000000000000 bfe0000000000000 bfe0000000000000 bfe0000000000000 bfe0000000000000 bfe0000000000000 bfe0000000000000 bfe0000000000000 bfe0000000000000 bfe0000000000000 bfe0000000000000 bfe0000000000000 bfe0000000000000 bfe0000000000000 bfe0000000000000 bfe0000000000000 bfe0000000000000 bfe0000000000000 bfe0000000000000 bfe0000000000000 bfe0000000000000 bfe0000000000000 bfe0000000000000 bfe0000000000000 bfe0000000000000 bfe0000000000000 bfe0000000000000 bfe0000000000000 bfe0000000000000 bfe0000000000000 bfe0000000000000 bfe0000000000000 bfe0000000000000 bfe0000000000000 bfe0000000000000 bfe0000000000000 bfe0000000000000 bfe0000000000000 bfe0000000000000 bfe0000000000000 bfe0000000000000 bfe0000000000000 bfe0000000000000 bfe0000000000000 bfe0000000000000 bfe0000000000000 bfe0000000000000 bfe0000000000000 bfe0000000000000 bfe0000000000000 bfe0000000000000 bfe0000000000000 bfe0000000000000 bfe0000000000000 bfe0000000000000 bfe0000000000000 bfe0000000000000 bfe0000000000000 bfe0000000000000 bfe0000000000000 bfe0000000000000 bfe0000000000000 bfe0000000000000 bfe0000000000000 bfe0000000000000 bfe0000000000000 bfe0000000000000 bfe0000000000000 bfe0000000000000 bfe0000000000000 bfe0000000000000 bfe0000000000000 bfe0000000000000 bfe0000000000000 bfe0000000000000 bfe0000000000000 bfe0000000000000 bfe0000000000000 bfe0000000000000 bfe0000000000000 bfe0000000000000 bfe0000000000000 bfe0000000000000 bfe0000000000000 bfe0000000000000 bfe0000000000000 bfe0000000000000 bfe0000000000000 bfe0000000000000 bfe0000000000000 bfe0000000000000 bfe0000000000000 bfe0000000000000 bfe0000000000000 bfe0000000000000 bfe0000000000000 bfe0000000000000 bfe0000000000000 bfe0000000000000 bfe0000000000000 bfe0000000000000 bfe0000000000000 bfe0000000000000 bfe0000000000000 bfe0000000000000 bfe0000000000000 bfe0000000000000 bfe0000000000000 bfe0000000000000 bfe0000000000000 bfe0000000000000 bfe0000000000000 bfe0000000000000 bfe0000000000000 bfe0000000000000 bfe0000000000000 bfe0000000000000 bfe0000000000000 bfe0000000000000 bfe0000000000000 bfe0000000000000 bfe0000000000000 bfe0000000000000 bfe0000000000000 bfe0000000000000 bfe0000000000000 bfe0000000000000 bfe0000000000000 bfe0000000000000 bfe0000000000000 bfe0000000000000 bfe0000000000000 bfe0000000000000 bfe0000000000000 bfe0000000000000 bfe0000000000000 bfe0000000000000 bfe0000000000000 bfe0000000000000 bfe0000000000000 bfe0000000000000 bfe0000000000000 bfe0000000000000 bfe0000000000000 bfe0000000000000 bfe0000000000000 bfe0000000000000 bfe0000000000000 bfe0000000000000 bfe0000000000000 bfe0000000000000 bfe0000000000000 bfe0000000000000 bfe0000000000000 bfe0000000000000 bfe0000000000000 bfe0000000000000 bfe0000000000000 bfe0000000000000 bfe0000000000000 bfe0000000000000 bfe0000000000000 bfe0000000000000 bfe0000000000000 bfe0000000000000 bfe0000000000000 bfe0000000000000 bfe0000000000000 bfe0000000000000 bfe0000000000000 bfe0000000000000 bfe0000000000000 bfe0000000000000 bfe0000000000000 bfe0000000000000 bfe0000000000000 bfe0000000000000 bfe0000000000000 bfe0000000000000 bfe0000000000000 bfe0000000000000 bfe0000000000000 bfe0000000000000 bfe0000000000000 bfe0000000000000 bfe0000000000000 bfe0000000000000 bfe0000000000000 bfe0000000000000 bfe0000000000000 bfe0000000000000 bfe0000000000000 bfe0000000000000 bfe0000000000000 bfe0000000000000 bfe0000000000000 bfe0000000000000 bfe0000000000000 bfe0000000000000 bfe0000000000000 bfe0000000000000 bfe0000000000000 bfe0000000000000 bfe0000000000000 bfe0000000000000 bfe0000000000000 bfe0000000000000 bfe0000000000000 bfe0000000000000 bfe0000000000000 bfe0000000000000 bfe0000000000000 bfe0000000000000 bfe0000000000000 bfe0000000000000 bfe0000000000000 bfe0000000000000 bfe0000000000000 bfe0000000000000 bfe0000000000000 bfe0000000000000 bfe0000000000000 bfe0000000000000 bfe0000000000000 bfe0000000000000 bfe0000000000000 bfe0000000000000 bfe0000000000000 bfe0000000000000 bfe0000000000000 bfe0000000000000 bfe0000000000000 bfe0000000000000 bfe0000000000000 bfe0000000000000 bfe0000000000000 bfe0000000000000 bfe0000000000000 bfe0000000000000 bfe0000000000000 bfe0000000000000 bfe0000000000000 bfe0000000000000 bfe0000000000000 bfe0000000000000 bfe0000000000000 bfe0000000000000 bfe0000000000000 bfe0000000000000 bfe0000000000000 bfe0000000000000 bfe0000000000000 bfe0000000000000 bfe0000000000000 bfe0000000000000 bfe0000000000000 bfe0000000000000 bfe0000000000000 bfe0000000000000 bfe0000000000000 bfe0000000000000 bfe0000000000000 bfe0000000000000 bfe0000000000000 bfe0000000000000 bfe0000000000000 bfe0000000000000 bfe0000000000000 bfe0000000000000 bfe0000000000000 bfe0000000000000 bfe0000000000000 bfe0000000000000 bfe0000000000000 bfe0000000000000 bfe0000000000000 bfe0000000000000 bfe0000000000000 bfe0000000000000 bfe0000000000000 bfe0000000000000 bfe0000000000000 bfe0000000000000 bfe0000000000000 bfe0000000000000 bfe0000000000000 bfe0000000000000 bfe0000000000000 bfe0000000000000 bfe0000000000000 bfe0000000000000 bfe0000000000000 bfe0000000000000 bfe0000000000000 bfe0000000000000 bfe0000000000000 bfe0000000000000 bfe0000000000000 bfe0000000000000 bfe0000000000000 bfe0000000000000 bfe0000000000000 bfe0000000000000 bfe0000000000000 bfe0000000000000 bfe0000000000000 bfe0000000000000 bfe0000000000000 bfe0000000000000 bfe0000000000000 bfe0000000000000 bfe0000000000000 bfe0000000000000 bfe0000000000000 bfe0000000000000 bfe0000000000000 bfe0000000000000 bfe0000000000000 bfe0000000000000 bfe0000000000000 bfe0000000000000 bfe0000000000000 bfe0000000000000 bfe0000000000000 bfe0000000000000 bfe0000000000000 bfe0000000000000 bfe0000000000000 bfe0000000000000 bfe0000000000000 bfe0000000000000 bfe0000000000000 bfe0000000000000 bfe0000000000000 bfe0000000000000 bfe0000000000000 bfe0000000000000 bfe0000000000000 bfe0000000000000 bfe0000000000000 bfe0000000000000 bfe0000000000000 bfe0000000000000 bfe0000000000000 bfe0000000000000 bfe0000000000000 bfe0000000000000 bfe0000000000000 bfe0000000000000 bfe0000000000000 bfe0000000000000 bfe0000000000000 bfe0000000000000 bfe0000000000000 bfe0000000000000 bfe0000000000000 bfe0000000000000 bfe0000000000000 bfe0000000000000 bfe0000000000000 bfe0000000000000 bfe0000000000000 bfe0000000000000 bfe0000000000000 bfe0000000000000 bfe0000000000000 bfe0000000000000 bfe0000000000000 bfe0000000000000 bfe0000000000000 bfe0000000000000 bfe0000000000000 bfe0000000000000 bfe0000000000000 bfe0000000000000 bfe0000000000000 bfe0000000000000 bfe0000000000000 bfe0000000000000 bfe0000000000000 bfe0000000000000 bfe0000000000000 bfe0000000000000 bfe0000000000000 bfe0000000000000 bfe0000000000000 bfe0000000000000 bfe0000000000000 bfe0000000000000 bfe0000000000000 bfe0000000000000 bfe0000000000000 bfe0000000000000 bfe0000000000000 bfe0000000000000 bfe0000000000000 bfe0000000000000 bfe0000000000000 bfe0000000000000 bfe0000000000000 bfe0000000000000 bfe0000000000000 bfe0000000000000 bfe0000000000000 bfe0000000000000 bfe0000000000000 bfe0000000000000 bfe0000000000000 bfe0000000000000 bfe0000000000000 bfe0000000000000 bfe0000000000000 bfe0000000000000 bfe0000000000000 bfe0000000000000 bfe0000000000000 bfe0000000000000 bfe0000000000000 bfe0000000000000 bfe0000000000000 bfe0000000000000 bfe0000000000000 bfe0000000000000 bfe0000000000000 bfe0000000000000 bfe0000000000000 bfe0000000000000 bfe0000000000000 bfe0000000000000 bfe0000000000000 bfe0000000000000 bfe0000000000000 bfe0000000000000 bfe0000000000000 bfe0000000000000 bfe0000000000000 bfe0000000000000 bfe0000000000000 bfe0000000000000 bfe0000000000000 bfe0000000000000 bfe0000000000000 bfe0000000000000 bfe0000000000000 bfe0000000000000 bfe0000000000000 bfe0000000000000 3febb67ae8584caa 3febb67ae8584caa 3febb67ae8584caa 3febb67ae8584caa 3febb67ae8584caa 3febb67ae8584caa 3febb67ae8584caa 3febb67ae8584caa 3febb67ae8584caa 3febb67ae8584caa 3febb67ae8584caa 3febb67ae8584caa 3febb67ae8584caa 3febb67ae8584caa 3febb67ae8584caa 3febb67ae8584caa 3febb67ae8584caa 3febb67ae8584caa 3febb67ae8584caa 3febb67ae8584caa 3febb67ae8584caa 3febb67ae8584caa 3febb67ae8584caa 3febb67ae8584caa 3febb67ae8584caa 3febb67ae8584caa 3febb67ae8584caa 3febb67ae8584caa 3febb67ae8584caa 3febb67ae8584caa 3febb67ae8584caa 3febb67ae8584caa 3febb67ae8584caa 3febb67ae8584caa 3febb67ae8584caa 3febb67ae8584caa 3febb67ae8584caa 3febb67ae8584caa 3febb67ae8584caa 3febb67ae8584caa 3febb67ae8584caa 3febb67ae8584caa 3febb67ae8584caa 3febb67ae8584caa 3febb67ae8584caa 3febb67ae8584caa 3febb67ae8584caa 3febb67ae8584caa 3febb67ae8584caa 3febb67ae8584caa 3febb67ae8584caa 3febb67ae8584caa 3febb67ae8584caa 3febb67ae8584caa 3febb67ae8584caa 3febb67ae8584caa 3febb67ae8584caa 3febb67ae8584caa 3febb67ae8584caa 3febb67ae8584caa 3febb67ae8584caa 3febb67ae8584caa 3febb67ae8584caa 3febb67ae8584caa 3febb67ae8584caa 3febb67ae8584caa 3febb67ae8584caa 3febb67ae8584caa 3febb67ae8584caa 3febb67ae8584caa 3febb67ae8584caa 3febb67ae8584caa 3febb67ae8584caa 3febb67ae8584caa 3febb67ae8584caa 3febb67ae8584caa 3febb67ae8584caa 3febb67ae8584caa 3febb67ae8584caa 3febb67ae8584caa 3febb67ae8584caa 3febb67ae8584caa 3febb67ae8584caa 3febb67ae8584caa 3febb67ae8584caa 3febb67ae8584caa 3febb67ae8584caa 3febb67ae8584caa 3febb67ae8584caa 3febb67ae8584caa 3febb67ae8584caa 3febb67ae8584caa 3febb67ae8584caa 3febb67ae8584caa 3febb67ae8584caa 3febb67ae8584caa 3febb67ae8584caa 3febb67ae8584caa 3febb67ae8584caa 3febb67ae8584caa 3febb67ae8584caa 3febb67ae8584caa 3febb67ae8584caa 3febb67ae8584caa 3febb67ae8584caa 3febb67ae8584caa 3febb67ae8584caa 3febb67ae8584caa 3febb67ae8584caa 3febb67ae8584caa 3febb67ae8584caa 3febb67ae8584caa 3febb67ae8584caa 3febb67ae8584caa 3febb67ae8584caa 3febb67ae8584caa 3febb67ae8584caa 3febb67ae8584caa 3febb67ae8584caa 3febb67ae8584caa 3febb67ae8584caa 3febb67ae8584caa 3febb67ae8584caa 3febb67ae8584caa 3febb67ae8584caa 3febb67ae8584caa 3febb67ae8584caa 3febb67ae8584caa 3febb67ae8584caa 3febb67ae8584caa 3febb67ae8584caa 3febb67ae8584caa 3febb67ae8584caa 3febb67ae8584caa 3febb67ae8584caa 3febb67ae8584caa 3febb67ae8584caa 3febb67ae8584caa 3febb67ae8584caa 3febb67ae8584caa 3febb67ae8584caa 3febb67ae8584caa 3febb67ae8584caa 3febb67ae8584caa 3febb67ae8584caa 3febb67ae8584caa 3febb67ae8584caa 3febb67ae8584caa 3febb67ae8584caa 3febb67ae8584caa 3febb67ae8584caa 3febb67ae8584caa 3febb67ae8584caa 3febb67ae8584caa 3febb67ae8584caa 3febb67ae8584caa 3febb67ae8584caa 3febb67ae8584caa 3febb67ae8584caa 3febb67ae8584caa 3febb67ae8584caa 3febb67ae8584caa 3febb67ae8584caa 3febb67ae8584caa 3febb67ae8584caa 3febb67ae8584caa 3febb67ae8584caa 3febb67ae8584caa 3febb67ae8584caa 3febb67ae8584caa 3febb67ae8584caa 3febb67ae8584caa 3febb67ae8584caa 3febb67ae8584caa 3febb67ae8584caa 3febb67ae8584caa 3febb67ae8584caa 3febb67ae8584caa 3febb67ae8584caa 3febb67ae8584caa 3febb67ae8584caa 3febb67ae8584caa 3febb67ae8584caa 3febb67ae8584caa 3febb67ae8584caa 3febb67ae8584caa 3febb67ae8584caa 3febb67ae8584caa 3febb67ae8584caa 3febb67ae8584caa 3febb67ae8584caa 3febb67ae8584caa 3febb67ae8584caa 3febb67ae8584caa 3febb67ae8584caa 3febb67ae8584caa 3febb67ae8584caa 3febb67ae8584caa 3febb67ae8584caa 3febb67ae8584caa 3febb67ae8584caa 3febb67ae8584caa 3febb67ae8584caa 3febb67ae8584caa 3febb67ae8584caa 3febb67ae8584caa 3febb67ae8584caa 3febb67ae8584caa 3febb67ae8584caa 3febb67ae8584caa 3febb67ae8584caa 3febb67ae8584caa 3febb67ae8584caa 3febb67ae8584caa 3febb67ae8584caa 3febb67ae8584caa 3febb67ae8584caa 3febb67ae8584caa 3febb67ae8584caa 3febb67ae8584caa 3febb67ae8584caa 3febb67ae8584caa 3febb67ae8584caa 3febb67ae8584caa 3febb67ae8584caa 3febb67ae8584caa 3febb67ae8584caa 3febb67ae8584caa 3febb67ae8584caa 3febb67ae8584caa 3febb67ae8584caa 3febb67ae8584caa 3febb67ae8584caa 3febb67ae8584caa 3febb67ae8584caa 3febb67ae8584caa 3febb67ae8584caa 3febb67ae8584caa 3febb67ae8584caa 3febb67ae8584caa 3febb67ae8584caa 3febb67ae8584caa 3febb67ae8584caa 3febb67ae8584caa 3febb67ae8584caa 3febb67ae8584caa 3febb67ae8584caa 3febb67ae8584caa 3febb67ae8584caa 3febb67ae8584caa 3febb67ae8584caa 3febb67ae8584caa 3febb67ae8584caa 3febb67ae8584caa 3febb67ae8584caa 3febb67ae8584caa 3febb67ae8584caa 3febb67ae8584caa 3febb67ae8584caa 3febb67ae8584caa 3febb67ae8584caa 3febb67ae8584caa 3febb67ae8584caa 3febb67ae8584caa 3febb67ae8584caa 3febb67ae8584caa 3febb67ae8584caa 3febb67ae8584caa 3febb67ae8584caa 3febb67ae8584caa 3febb67ae8584caa 3febb67ae8584caa 3febb67ae8584caa 3febb67ae8584caa 3febb67ae8584caa 3febb67ae8584caa 3febb67ae8584caa 3febb67ae8584caa 3febb67ae8584caa 3febb67ae8584caa 3febb67ae8584caa 3febb67ae8584caa 3febb67ae8584caa 3febb67ae8584caa 3febb67ae8584caa 3febb67ae8584caa 3febb67ae8584caa 3febb67ae8584caa 3febb67ae8584caa 3febb67ae8584caa 3febb67ae8584caa 3febb67ae8584caa 3febb67ae8584caa 3febb67ae8584caa 3febb67ae8584caa 3febb67ae8584caa 3febb67ae8584caa 3febb67ae8584caa 3febb67ae8584caa 3febb67ae8584caa 3febb67ae8584caa 3febb67ae8584caa 3febb67ae8584caa 3febb67ae8584caa 3febb67ae8584caa 3febb67ae8584caa 3febb67ae8584caa 3febb67ae8584caa 3febb67ae8584caa 3febb67ae8584caa 3febb67ae8584caa 3febb67ae8584caa 3febb67ae8584caa 3febb67ae8584caa 3febb67ae8584caa 3febb67ae8584caa 3febb67ae8584caa 3febb67ae8584caa 3febb67ae8584caa 3febb67ae8584caa 3febb67ae8584caa 3febb67ae8584caa 3febb67ae8584caa 3febb67ae8584caa 3febb67ae8584caa 3febb67ae8584caa 3febb67ae8584caa 3febb67ae8584caa 3febb67ae8584caa 3febb67ae8584caa 3febb67ae8584caa 3febb67ae8584caa 3febb67ae8584caa 3febb67ae8584caa 3febb67ae8584caa 3febb67ae8584caa 3febb67ae8584caa 3febb67ae8584caa 3febb67ae8584caa 3febb67ae8584caa 3febb67ae8584caa 3febb67ae8584caa 3febb67ae8584caa 3febb67ae8584caa 3febb67ae8584caa 3febb67ae8584caa 3febb67ae8584caa 3febb67ae8584caa 3febb67ae8584caa 3febb67ae8584caa 3febb67ae8584caa 3febb67ae8584caa 3febb67ae8584caa 3febb67ae8584caa 3febb67ae8584caa 3febb67ae8584caa 3febb67ae8584caa 3febb67ae8584caa 3febb67ae8584caa 3febb67ae8584caa 3febb67ae8584caa 3febb67ae8584caa 3febb67ae8584caa 3febb67ae8584caa 3febb67ae8584caa 3febb67ae8584caa 3febb67ae8584caa 3febb67ae8584caa 3febb67ae8584caa 3febb67ae8584caa 3febb67ae8584caa 3febb67ae8584caa 3febb67ae8584caa 3febb67ae8584caa 3febb67ae8584caa 3febb67ae8584caa 3febb67ae8584caa 3febb67ae8584caa 3febb67ae8584caa 3febb67ae8584caa 3febb67ae8584caa 3febb67ae8584caa 3febb67ae8584caa 3febb67ae8584caa 3febb67ae8584caa 3febb67ae8584caa 3febb67ae8584caa 3febb67ae8584caa 3febb67ae8584caa 3febb67ae8584caa 3febb67ae8584caa 3febb67ae8584caa 3febb67ae8584caa 3febb67ae8584caa 3febb67ae8584caa 3febb67ae8584caa 3febb67ae8584caa 3febb67ae8584caa 3febb67ae8584caa 3febb67ae8584caa 3febb67ae8584caa 3febb67ae8584caa 3febb67ae8584caa 3febb67ae8584caa 3febb67ae8584caa 3febb67ae8584caa 3febb67ae8584caa 3febb67ae8584caa 3febb67ae8584caa 3febb67ae8584caa 3febb67ae8584caa 3febb67ae8584caa 3febb67ae8584caa 3febb67ae8584caa 3febb67ae8584caa 3febb67ae8584caa 3febb67ae8584caa 3febb67ae8584caa 3febb67ae8584caa 3febb67ae8584caa 3febb67ae8584caa 3febb67ae8584caa 3febb67ae8584caa 3febb67ae8584caa 3febb67ae8584caa 3febb67ae8584caa 3febb67ae8584caa 3febb67ae8584caa 3febb67ae8584caa 3febb67ae8584caa 3febb67ae8584caa 3febb67ae8584caa 3febb67ae8584caa 3febb67ae8584caa 3febb67ae8584caa 3febb67ae8584caa 3febb67ae8584caa 3febb67ae8584caa 3febb67ae8584caa 3febb67ae8584caa 3febb67ae8584caa 3febb67ae8584caa 3febb67ae8584caa 3febb67ae8584caa 3febb67ae8584caa 3febb67ae8584caa 3febb67ae8584caa 3febb67ae8584caa 3febb67ae8584caa 3febb67ae8584caa 3febb67ae8584caa 3febb67ae8584caa 3febb67ae8584caa 3febb67ae8584caa 3febb67ae8584caa 3febb67ae8584caa 3febb67ae8584caa 3febb67ae8584caa 3febb67ae8584caa 3febb67ae8584caa 3febb67ae8584caa 3febb67ae8584caa 3febb67ae8584caa 3febb67ae8584caa 3febb67ae8584caa 3febb67ae8584caa 3febb67ae8584caa 3febb67ae8584caa 3febb67ae8584caa 3febb67ae8584caa 3febb67ae8584caa 3febb67ae8584caa 3febb67ae8584caa 3febb67ae8584caa 3febb67ae8584caa 3febb67ae8584caa 3febb67ae8584caa 3febb67ae8584caa 3febb67ae8584caa 3febb67ae8584caa 3febb67ae8584caa 3febb67ae8584caa 3febb67ae8584caa 3febb67ae8584caa 3febb67ae8584caa 3febb67ae8584caa 3febb67ae8584caa 3febb67ae8584caa 3febb67ae8584caa 3febb67ae8584caa 3febb67ae8584caa 3febb67ae8584caa 3febb67ae8584caa 3febb67ae8584caa 3febb67ae8584caa 3febb67ae8584caa 3febb67ae8584caa 3febb67ae8584caa 3febb67ae8584caa 3febb67ae8584caa 3febb67ae8584caa 3febb67ae8584caa 3febb67ae8584caa 3febb67ae8584caa 3febb67ae8584caa 3febb67ae8584caa 3febb67ae8584caa 3febb67ae8584caa 3febb67ae8584caa 3febb67ae8584caa 3febb67ae8584caa 3febb67ae8584caa 3febb67ae8584caa 3febb67ae8584caa 3febb67ae8584caa 3febb67ae8584caa 3febb67ae8584caa 3febb67ae8584caa 3febb67ae8584caa 3febb67ae8584caa 3febb67ae8584caa 3febb67ae8584caa 3febb67ae8584caa 3febb67ae8584caa 3febb67ae8584caa 3febb67ae8584caa 3febb67ae8584caa 3febb67ae8584caa 3febb67ae8584caa 3febb67ae8584caa 3febb67ae8584caa 3febb67ae8584caa 3febb67ae8584caa 3febb67ae8584caa 3febb67ae8584caa 3febb67ae8584caa 3febb67ae8584caa 3febb67ae8584caa 3febb67ae8584caa 3febb67ae8584caa 3febb67ae8584caa 3febb67ae8584caa 3febb67ae8584caa 3febb67ae8584caa 3febb67ae8584caa 3febb67ae8584caa 3febb67ae8584caa 3febb67ae8584caa 3febb67ae8584caa 3febb67ae8584caa 3febb67ae8584caa 3febb67ae8584caa 3febb67ae8584caa 3febb67ae8584caa 3febb67ae8584caa 3febb67ae8584caa 3febb67ae8584caa 3febb67ae8584caa 3febb67ae8584caa 3febb67ae8584caa 3febb67ae8584caa 3febb67ae8584caa 3febb67ae8584caa 3febb67ae8584caa 3febb67ae8584caa 3febb67ae8584caa 3febb67ae8584caa 3febb67ae8584caa 3febb67ae8584caa 3febb67ae8584caa 3febb67ae8584caa 3febb67ae8584caa 3febb67ae8584caa 3febb67ae8584caa 3febb67ae8584caa 3febb67ae8584caa 3febb67ae8584caa 3febb67ae8584caa 3febb67ae8584caa 3febb67ae8584caa 3febb67ae8584caa 3febb67ae8584caa 3febb67ae8584caa 3febb67ae8584caa 3febb67ae8584caa 3febb67ae8584caa 3febb67ae8584caa 3febb67ae8584caa 3febb67ae8584caa 3febb67ae8584caa 3febb67ae8584caa 3febb67ae8584caa 3febb67ae8584caa 3febb67ae8584caa 3febb67ae8584caa 3febb67ae8584caa 3febb67ae8584caa 3febb67ae8584caa 3febb67ae8584caa 3febb67ae8584caa 3febb67ae8584caa 3febb67ae8584caa 3febb67ae8584caa 3febb67ae8584caa 3febb67ae8584caa 3febb67ae8584caa 3febb67ae8584caa 3febb67ae8584caa 3febb67ae8584caa 3febb67ae8584caa 3febb67ae8584caa 3febb67ae8584caa 3febb67ae8584caa 3febb67ae8584caa 3febb67ae8584caa 3febb67ae8584caa 3febb67ae8584caa 3febb67ae8584caa 3febb67ae8584caa 3febb67ae8584caa 3febb67ae8584caa 3febb67ae8584caa 3febb67ae8584caa 3febb67ae8584caa 3febb67ae8584caa 3febb67ae8584caa 3febb67ae8584caa 3febb67ae8584caa 3febb67ae8584caa 3febb67ae8584caa 3febb67ae8584caa 3febb67ae8584caa 3febb67ae8584caa 3febb67ae8584caa 3febb67ae8584caa 3febb67ae8584caa 3febb67ae8584caa 3febb67ae8584caa 3febb67ae8584caa 3febb67ae8584caa 3febb67ae8584caa 3febb67ae8584caa 3febb67ae8584caa 3febb67ae8584caa 3febb67ae8584caa 3febb67ae8584caa 3febb67ae8584caa 3febb67ae8584caa 3febb67ae8584caa 3febb67ae8584caa 3febb67ae8584caa 3febb67ae8584caa 3febb67ae8584caa 3febb67ae8584caa 3febb67ae8584caa 3febb67ae8584caa 3febb67ae8584caa 3febb67ae8584caa 3febb67ae8584caa 3febb67ae8584caa 3febb67ae8584caa 3febb67ae8584caa 3febb67ae8584caa 3febb67ae8584caa 3febb67ae8584caa 3febb67ae8584caa 3febb67ae8584caa 3febb67ae8584caa 3febb67ae8584caa 3febb67ae8584caa 3febb67ae8584caa 3febb67ae8584caa 3febb67ae8584caa 3febb67ae8584caa 3febb67ae8584caa 3febb67ae8584caa 3febb67ae8584caa 3febb67ae8584caa 3febb67ae8584caa 3febb67ae8584caa 3febb67ae8584caa 3febb67ae8584caa 3febb67ae8584caa 3febb67ae8584caa 3febb67ae8584caa 3febb67ae8584caa 3febb67ae8584caa 3febb67ae8584caa 3febb67ae8584caa 3febb67ae8584caa 3febb67ae8584caa 3febb67ae8584caa 3febb67ae8584caa 3febb67ae8584caa 3febb67ae8584caa 3febb67ae8584caa 3febb67ae8584caa 3febb67ae8584caa 3febb67ae8584caa 3febb67ae8584caa 3febb67ae8584caa 3febb67ae8584caa 3febb67ae8584caa 3febb67ae8584caa 3febb67ae8584caa 3febb67ae8584caa 3febb67ae8584caa 3febb67ae8584caa 3febb67ae8584caa 3febb67ae8584caa 3febb67ae8584caa 3febb67ae8584caa 3febb67ae8584caa 3febb67ae8584caa 3febb67ae8584caa 3febb67ae8584caa 3febb67ae8584caa 3febb67ae8584caa 3febb67ae8584caa 3febb67ae8584caa 3febb67ae8584caa 3febb67ae8584caa 3febb67ae8584caa 3febb67ae8584caa 3febb67ae8584caa 3febb67ae8584caa 3febb67ae8584caa 3febb67ae8584caa 3febb67ae8584caa 3febb67ae8584caa 3febb67ae8584caa 3febb67ae8584caa 3febb67ae8584caa 3febb67ae8584caa 3febb67ae8584caa 3febb67ae8584caa 3febb67ae8584caa 3febb67ae8584caa 3febb67ae8584caa 3febb67ae8584caa 3febb67ae8584caa 3febb67ae8584caa 3febb67ae8584caa 3febb67ae8584caa 3febb67ae8584caa 3febb67ae8584caa 3febb67ae8584caa 3febb67ae8584caa 3febb67ae8584caa 3febb67ae8584caa 3febb67ae8584caa 3febb67ae8584caa 3febb67ae8584caa 3febb67ae8584caa 3febb67ae8584caa 3febb67ae8584caa 3febb67ae8584caa 3febb67ae8584caa 3febb67ae8584caa 3febb67ae8584caa 3febb67ae8584caa 3febb67ae8584caa 3febb67ae8584caa 3febb67ae8584caa 3febb67ae8584caa 3febb67ae8584caa 3febb67ae8584caa 3febb67ae8584caa 0000000000000000 0000000000000000 0000000000000000 0000000000000000 0000000000000000 0000000000000000 0000000000000000 0000000000000000 0000000000000000 0000000000000000 0000000000000000 0000000000000000 0000000000000000 0000000000000000 0000000000000000 0000000000000000 0000000000000000 0000000000000000 0000000000000000 0000000000000000 0000000000000000 0000000000000000 0000000000000000 0000000000000000 0000000000000000 0000000000000000 0000000000000000 0000000000000000 0000000000000000 0000000000000000 0000000000000000 0000000000000000 0000000000000000 0000000000000000 0000000000000000 0000000000000000 0000000000000000 0000000000000000 0000000000000000 0000000000000000 0000000000000000 0000000000000000 0000000000000000 0000000000000000 0000000000000000 0000000000000000 0000000000000000 0000000000000000 0000000000000000 0000000000000000 0000000000000000 0000000000000000 0000000000000000 0000000000000000 0000000000000000 0000000000000000 0000000000000000 0000000000000000 0000000000000000 0000000000000000 0000000000000000 0000000000000000 0000000000000000 0000000000000000 0000000000000000 0000000000000000 0000000000000000 0000000000000000 0000000000000000 0000000000000000 0000000000000000 0000000000000000 0000000000000000 0000000000000000 0000000000000000 0000000000000000 0000000000000000 0000000000000000 0000000000000000 0000000000000000 0000000000000000 0000000000000000 0000000000000000 0000000000000000 0000000000000000 0000000000000000 0000000000000000 0000000000000000 0000000000000000 0000000000000000 0000000000000000 0000000000000000 0000000000000000 0000000000000000 0000000000000000 0000000000000000 0000000000000000 0000000000000000 0000000000000000 0000000000000000 0000000000000000 0000000000000000 0000000000000000 0000000000000000 0000000000000000 0000000000000000 0000000000000000 0000000000000000 0000000000000000 0000000000000000 0000000000000000 0000000000000000 0000000000000000 0000000000000000 0000000000000000 0000000000000000 0000000000000000 0000000000000000 0000000000000000 0000000000000000 0000000000000000 0000000000000000 0000000000000000 0000000000000000 0000000000000000 0000000000000000 0000000000000000 0000000000000000 0000000000000000 0000000000000000 0000000000000000 0000000000000000 0000000000000000 0000000000000000 0000000000000000 0000000000000000 0000000000000000 0000000000000000 0000000000000000 0000000000000000 0000000000000000 0000000000000000 0000000000000000 0000000000000000 0000000000000000 0000000000000000 0000000000000000 0000000000000000 0000000000000000 0000000000000000 0000000000000000 0000000000000000 0000000000000000 0000000000000000 0000000000000000 0000000000000000 0000000000000000 0000000000000000 0000000000000000 0000000000000000 0000000000000000 0000000000000000 0000000000000000 0000000000000000 0000000000000000 0000000000000000 0000000000000000 0000000000000000 0000000000000000 0000000000000000 0000000000000000 0000000000000000 0000000000000000 0000000000000000 0000000000000000 0000000000000000 0000000000000000 0000000000000000 0000000000000000 0000000000000000 0000000000000000 0000000000000000 0000000000000000 0000000000000000 0000000000000000 0000000000000000 0000000000000000 0000000000000000 0000000000000000 0000000000000000 0000000000000000 0000000000000000 0000000000000000 0000000000000000 0000000000000000 0000000000000000 0000000000000000 0000000000000000 0000000000000000 0000000000000000 0000000000000000 0000000000000000 0000000000000000 0000000000000000 0000000000000000 0000000000000000 0000000000000000 0000000000000000 0000000000000000 0000000000000000 0000000000000000 0000000000000000 0000000000000000 0000000000000000 0000000000000000 0000000000000000 0000000000000000 0000000000000000 0000000000000000 0000000000000000 0000000000000000 0000000000000000 0000000000000000 0000000000000000 0000000000000000 0000000000000000 0000000000000000 0000000000000000 0000000000000000 0000000000000000 0000000000000000 0000000000000000 0000000000000000 0000000000000000 0000000000000000 0000000000000000 0000000000000000 0000000000000000 0000000000000000 0000000000000000 0000000000000000 0000000000000000 0000000000000000 0000000000000000 0000000000000000 0000000000000000 0000000000000000 0000000000000000 0000000000000000 0000000000000000 0000000000000000 0000000000000000 0000000000000000 0000000000000000 0000000000000000 0000000000000000 0000000000000000 0000000000000000 0000000000000000 0000000000000000 0000000000000000 0000000000000000 0000000000000000 0000000000000000 0000000000000000 0000000000000000 0000000000000000 0000000000000000 0000000000000000 0000000000000000 0000000000000000 0000000000000000 0000000000000000 0000000000000000 0000000000000000 0000000000000000 0000000000000000 0000000000000000 0000000000000000 0000000000000000 0000000000000000 0000000000000000 0000000000000000 0000000000000000 0000000000000000 0000000000000000 0000000000000000 0000000000000000 0000000000000000 0000000000000000 0000000000000000 0000000000000000 0000000000000000 0000000000000000 0000000000000000 0000000000000000 0000000000000000 0000000000000000 0000000000000000 0000000000000000 0000000000000000 0000000000000000 0000000000000000 0000000000000000 0000000000000000 0000000000000000 0000000000000000 0000000000000000 0000000000000000 0000000000000000 0000000000000000 0000000000000000 0000000000000000 0000000000000000 0000000000000000 0000000000000000 0000000000000000 0000000000000000 0000000000000000 0000000000000000 0000000000000000 0000000000000000 0000000000000000 0000000000000000 0000000000000000 0000000000000000 0000000000000000 0000000000000000 0000000000000000 0000000000000000 0000000000000000 0000000000000000 0000000000000000 0000000000000000 0000000000000000 0000000000000000 0000000000000000 0000000000000000 0000000000000000 0000000000000000 0000000000000000 0000000000000000 0000000000000000 0000000000000000 0000000000000000 0000000000000000 0000000000000000 0000000000000000 0000000000000000 0000000000000000 0000000000000000 0000000000000000 0000000000000000 0000000000000000 0000000000000000 0000000000000000 0000000000000000 0000000000000000 0000000000000000 0000000000000000 0000000000000000 0000000000000000 0000000000000000 0000000000000000 0000000000000000 0000000000000000 0000000000000000 0000000000000000 0000000000000000 0000000000000000 0000000000000000 0000000000000000 0000000000000000 0000000000000000 0000000000000000 0000000000000000 0000000000000000 0000000000000000 0000000000000000 0000000000000000 0000000000000000 0000000000000000 0000000000000000 0000000000000000 0000000000000000 0000000000000000 0000000000000000 0000000000000000 0000000000000000 0000000000000000 0000000000000000 0000000000000000 0000000000000000 0000000000000000 0000000000000000 0000000000000000 0000000000000000 0000000000000000 0000000000000000 0000000000000000 0000000000000000 0000000000000000 0000000000000000 0000000000000000 0000000000000000 0000000000000000 0000000000000000 0000000000000000 0000000000000000 0000000000000000 0000000000000000 0000000000000000 0000000000000000 0000000000000000 0000000000000000 0000000000000000 0000000000000000 0000000000000000 0000000000000000 0000000000000000 0000000000000000 0000000000000000 0000000000000000 0000000000000000 0000000000000000 0000000000000000 0000000000000000 0000000000000000 0000000000000000 0000000000000000 0000000000000000 0000000000000000 0000000000000000 0000000000000000 0000000000000000 0000000000000000 0000000000000000 0000000000000000 0000000000000000 0000000000000000 0000000000000000 0000000000000000 0000000000000000 0000000000000000 0000000000000000 0000000000000000 0000000000000000 0000000000000000 0000000000000000 0000000000000000 0000000000000000 0000000000000000 0000000000000000 0000000000000000 0000000000000000 0000000000000000 0000000000000000 0000000000000000 0000000000000000 0000000000000000 0000000000000000 0000000000000000 0000000000000000 0000000000000000 0000000000000000 0000000000000000 0000000000000000 0000000000000000 0000000000000000 0000000000000000 0000000000000000 0000000000000000 0000000000000000 0000000000000000 0000000000000000 0000000000000000 0000000000000000 0000000000000000 0000000000000000 0000000000000000 0000000000000000 0000000000000000 0000000000000000 0000000000000000 0000000000000000 0000000000000000 0000000000000000 0000000000000000 0000000000000000 0000000000000000 0000000000000000 0000000000000000 0000000000000000 0000000000000000 0000000000000000 0000000000000000 0000000000000000 0000000000000000 0000000000000000 0000000000000000 0000000000000000 0000000000000000 0000000000000000 0000000000000000 0000000000000000 0000000000000000 0000000000000000 0000000000000000 0000000000000000 0000000000000000 0000000000000000 0000000000000000 0000000000000000 0000000000000000 0000000000000000 0000000000000000 0000000000000000 0000000000000000 0000000000000000 0000000000000000 0000000000000000 0000000000000000 0000000000000000 0000000000000000 0000000000000000 0000000000000000 0000000000000000 0000000000000000 0000000000000000 0000000000000000 0000000000000000 0000000000000000 0000000000000000 0000000000000000 0000000000000000 0000000000000000 0000000000000000 0000000000000000 0000000000000000 0000000000000000 0000000000000000 0000000000000000 0000000000000000 0000000000000000 0000000000000000 0000000000000000 0000000000000000 0000000000000000 0000000000000000 0000000000000000 0000000000000000 0000000000000000 0000000000000000 0000000000000000 0000000000000000 0000000000000000 0000000000000000 0000000000000000 0000000000000000 0000000000000000 0000000000000000 0000000000000000 0000000000000000 0000000000000000 0000000000000000 0000000000000000 0000000000000000 0000000000000000 0000000000000000 0000000000000000 0000000000000000 0000000000000000 0000000000000000 0000000000000000 0000000000000000 0000000000000000 0000000000000000 0000000000000000 0000000000000000 0000000000000000 0000000000000000 0000000000000000 0000000000000000 0000000000000000 0000000000000000 0000000000000000 0000000000000000 0000000000000000 0000000000000000 0000000000000000 0000000000000000 0000000000000000 0000000000000000 0000000000000000 0000000000000000 0000000000000000 0000000000000000 0000000000000000 0000000000000000 0000000000000000 0000000000000000 0000000000000000 0000000000000000 0000000000000000 0000000000000000 0000000000000000 0000000000000000 0000000000000000 0000000000000000 0000000000000000 0000000000000000 0000000000000000 0000000000000000 0000000000000000 0000000000000000 0000000000000000 0000000000000000 0000000000000000 0000000000000000 0000000000000000 0000000000000000 0000000000000000 0000000000000000 0000000000000000 0000000000000000 0000000000000000 0000000000000000 0000000000000000 0000000000000000 0000000000000000 0000000000000000 0000000000000000 0000000000000000 0000000000000000 0000000000000000 0000000000000000 0000000000000000 0000000000000000 0000000000000000 0000000000000000 0000000000000000 0000000000000000 0000000000000000 0000000000000000 0000000000000000 0000000000000000 0000000000000000 0000000000000000 0000000000000000 0000000000000000 0000000000000000 0000000000000000 0000000000000000 0000000000000000 0000000000000000 0000000000000000 0000000000000000 0000000000000000 0000000000000000 0000000000000000 0000000000000000 0000000000000000 0000000000000000 0000000000000000 0000000000000000 0000000000000000 0000000000000000 0000000000000000 0000000000000000 0000000000000000 0000000000000000 0000000000000000 0000000000000000 0000000000000000 0000000000000000 0000000000000000 0000000000000000 0000000000000000 0000000000000000 0000000000000000 0000000000000000 0000000000000000 0000000000000000 0000000000000000 0000000000000000 0000000000000000 0000000000000000 0000000000000000 0000000000000000 0000000000000000 0000000000000000 0000000000000000 0000000000000000 0000000000000000 0000000000000000 0000000000000000 0000000000000000 0000000000000000 0000000000000000 0000000000000000 0000000000000000 0000000000000000 0000000000000000 0000000000000000 0000000000000000 0000000000000000 0000000000000000 0000000000000000 0000000000000000 0000000000000000 0000000000000000 0000000000000000 0000000000000000 0000000000000000 0000000000000000 0000000000000000 0000000000000000 0000000000000000 0000000000000000 0000000000000000 0000000000000000 0000000000000000 0000000000000000 0000000000000000 0000000000000000 0000000000000000 0000000000000000 0000000000000000 0000000000000000 0000000000000000 0000000000000000 0000000000000000 0000000000000000 0000000000000000 0000000000000000 0000000000000000 0000000000000000 0000000000000000 0000000000000000 0000000000000000 0000000000000000 0000000000000000 0000000000000000 0000000000000000 0000000000000000 0000000000000000 0000000000000000 0000000000000000 0000000000000000 0000000000000000 0000000000000000 0000000000000000 0000000000000000 0000000000000000 0000000000000000 0000000000000000 0000000000000000 0000000000000000 0000000000000000 0000000000000000 0000000000000000 0000000000000000 0000000000000000 0000000000000000 0000000000000000 0000000000000000 0000000000000000 0000000000000000 0000000000000000 0000000000000000 0000000000000000 0000000000000000 0000000000000000 0000000000000000 0000000000000000 0000000000000000 0000000000000000 0000000000000000 0000000000000000 0000000000000000 0000000000000000 0000000000000000 0000000000000000 0000000000000000 0000000000000000 0000000000000000 0000000000000000 0000000000000000 0000000000000000 0000000000000000 0000000000000000 0000000000000000 0000000000000000 0000000000000000 0000000000000000 0000000000000000 0000000000000000 0000000000000000 0000000000000000 0000000000000000 0000000000000000 0000000000000000 0000000000000000 0000000000000000 0000000000000000 0000000000000000 0000000000000000 0000000000000000 0000000000000000 0000000000000000 0000000000000000 0000000000000000 0000000000000000 0000000000000000 0000000000000000 0000000000000000 0000000000000000 0000000000000000 0000000000000000 0000000000000000 0000000000000000 0000000000000000 0000000000000000 0000000000000000 0000000000000000 0000000000000000 0000000000000000 0000000000000000 0000000000000000 0000000000000000 0000000000000000 0000000000000000 0000000000000000 0000000000000000 0000000000000000 0000000000000000 0000000000000000 0000000000000000 0000000000000000 0000000000000000 0000000000000000 0000000000000000 0000000000000000 0000000000000000 0000000000000000 0000000000000000 0000000000000000 0000000000000000 0000000000000000 0000000000000000 0000000000000000 0000000000000000 0000000000000000 0000000000000000 0000000000000000 0000000000000000 0000000000000000 0000000000000000 0000000000000000 0000000000000000 0000000000000000 0000000000000000 0000000000000000 0000000000000000 0000000000000000 0000000000000000 0000000000000000 0000000000000000 0000000000000000 0000000000000000 0000000000000000 0000000000000000 0000000000000000 0000000000000000 0000000000000000 0000000000000000 0000000000000000 0000000000000000 0000000000000000 0000000000000000 0000000000000000 0000000000000000 0000000000000000 0000000000000000 0000000000000000 0000000000000000 0000000000000000 0000000000000000 0000000000000000 0000000000000000 0000000000000000 0000000000000000 0000000000000000 0000000000000000 0000000000000000 0000000000000000 0000000000000000 0000000000000000 0000000000000000 0000000000000000 0000000000000000 0000000000000000 0000000000000000 0000000000000000 0000000000000000 0000000000000000 0000000000000000 0000000000000000 0000000000000000 0000000000000000 0000000000000000 0000000000000000 0000000000000000 0000000000000000 0000000000000000 0000000000000000 0000000000000000 0000000000000000 0000000000000000 0000000000000000 0000000000000000 0000000000000000 0000000000000000 0000000000000000 0000000000000000 0000000000000000 0000000000000000 0000000000000000 0000000000000000 0000000000000000 0000000000000000 0000000000000000 0000000000000000 0000000000000000 0000000000000000 0000000000000000 0000000000000000 0000000000000000 0000000000000000 0000000000000000 0000000000000000 0000000000000000 0000000000000000 0000000000000000 0000000000000000 0000000000000000 0000000000000000 0000000000000000 0000000000000000 0000000000000000 0000000000000000 0000000000000000 0000000000000000 0000000000000000 0000000000000000 0000000000000000 0000000000000000 0000000000000000 0000000000000000 0000000000000000 0000000000000000 0000000000000000 0000000000000000 0000000000000000 0000000000000000 0000000000000000 0000000000000000 0000000000000000 0000000000000000 0000000000000000 0000000000000000 0000000000000000 0000000000000000 0000000000000000 0000000000000000 0000000000000000 0000000000000000 0000000000000000 0000000000000000 0000000000000000 0000000000000000 0000000000000000 0000000000000000 0000000000000000 0000000000000000 0000000000000000 0000000000000000 0000000000000000 0000000000000000 0000000000000000 0000000000000000 0000000000000000 0000000000000000 0000000000000000 0000000000000000 0000000000000000 0000000000000000 0000000000000000 0000000000000000 0000000000000000 0000000000000000 0000000000000000 0000000000000000 0000000000000000 0000000000000000 0000000000000000 0000000000000000 0000000000000000 0000000000000000 0000000000000000 0000000000000000 0000000000000000 0000000000000000 0000000000000000 0000000000000000 0000000000000000 0000000000000000 0000000000000000 0000000000000000 0000000000000000 0000000000000000 0000000000000000 0000000000000000 0000000000000000 0000000000000000 0000000000000000 0000000000000000 0000000000000000 0000000000000000 0000000000000000 0000000000000000 0000000000000000 0000000000000000 0000000000000000 0000000000000000 0000000000000000 0000000000000000 0000000000000000 0000000000000000 0000000000000000 0000000000000000 0000000000000000 0000000000000000 0000000000000000 0000000000000000 0000000000000000 0000000000000000 0000000000000000 0000000000000000 0000000000000000 0000000000000000 0000000000000000 0000000000000000 0000000000000000 0000000000000000 0000000000000000 0000000000000000 0000000000000000 0000000000000000 0000000000000000 0000000000000000 0000000000000000 0000000000000000 0000000000000000 0000000000000000 0000000000000000 0000000000000000 0000000000000000 0000000000000000 0000000000000000 0000000000000000 0000000000000000 0000000000000000 0000000000000000 0000000000000000 0000000000000000 0000000000000000 0000000000000000 0000000000000000 0000000000000000 0000000000000000 0000000000000000 0000000000000000 0000000000000000 0000000000000000 0000000000000000 0000000000000000 0000000000000000 0000000000000000 0000000000000000 0000000000000000 0000000000000000 0000000000000000 0000000000000000 0000000000000000 0000000000000000 0000000000000000 0000000000000000 0000000000000000 0000000000000000 0000000000000000 0000000000000000 0000000000000000 0000000000000000 0000000000000000 0000000000000000 0000000000000000 0000000000000000 0000000000000000 0000000000000000 0000000000000000 0000000000000000 0000000000000000 0000000000000000 0000000000000000 0000000000000000 0000000000000000 0000000000000000 0000000000000000 0000000000000000 0000000000000000 0000000000000000 0000000000000000 0000000000000000 0000000000000000 0000000000000000 0000000000000000 0000000000000000 0000000000000000 0000000000000000 0000000000000000 0000000000000000 0000000000000000 0000000000000000 0000000000000000 0000000000000000 0000000000000000 0000000000000000 0000000000000000 0000000000000000 0000000000000000 0000000000000000 0000000000000000 0000000000000000 0000000000000000 0000000000000000 0000000000000000 0000000000000000 0000000000000000 0000000000000000 0000000000000000 0000000000000000 0000000000000000 0000000000000000 0000000000000000 0000000000000000 0000000000000000 0000000000000000 0000000000000000 0000000000000000 0000000000000000 0000000000000000 0000000000000000 0000000000000000 0000000000000000 0000000000000000 0000000000000000 0000000000000000 0000000000000000 0000000000000000 0000000000000000 0000000000000000 0000000000000000 0000000000000000 0000000000000000 0000000000000000 0000000000000000 0000000000000000 0000000000000000 0000000000000000 0000000000000000 0000000000000000 0000000000000000 0000000000000000 0000000000000000 0000000000000000 0000000000000000 0000000000000000 0000000000000000 0000000000000000 0000000000000000 0000000000000000 0000000000000000 0000000000000000 0000000000000000 0000000000000000 0000000000000000 0000000000000000 0000000000000000 0000000000000000 0000000000000000 0000000000000000 0000000000000000 0000000000000000 0000000000000000 0000000000000000 0000000000000000 0000000000000000 0000000000000000 0000000000000000 0000000000000000 0000000000000000 0000000000000000 0000000000000000 0000000000000000 0000000000000000 0000000000000000 0000000000000000 0000000000000000 0000000000000000 0000000000000000 0000000000000000 0000000000000000 0000000000000000 0000000000000000 0000000000000000 0000000000000000 0000000000000000 0000000000000000 0000000000000000 0000000000000000 0000000000000000 0000000000000000 0000000000000000 0000000000000000 0000000000000000 0000000000000000 0000000000000000 0000000000000000 0000000000000000 0000000000000000 0000000000000000 0000000000000000 0000000000000000 0000000000000000 0000000000000000 0000000000000000 0000000000000000 0000000000000000 0000000000000000 0000000000000000 0000000000000000 0000000000000000 0000000000000000 0000000000000000 0000000000000000 0000000000000000 0000000000000000 0000000000000000 0000000000000000 0000000000000000 0000000000000000 0000000000000000 0000000000000000 0000000000000000 0000000000000000 0000000000000000 0000000000000000 0000000000000000 0000000000000000 0000000000000000 0000000000000000 0000000000000000 0000000000000000 0000000000000000 0000000000000000 0000000000000000 0000000000000000 0000000000000000 0000000000000000 0000000000000000 0000000000000000 0000000000000000 0000000000000000 0000000000000000 0000000000000000 0000000000000000 0000000000000000 0000000000000000 0000000000000000 0000000000000000 0000000000000000 0000000000000000 0000000000000000 0000000000000000 0000000000000000 0000000000000000 0000000000000000 0000000000000000 0000000000000000 0000000000000000 0000000000000000 0000000000000000 0000000000000000 0000000000000000 0000000000000000 0000000000000000 0000000000000000 0000000000000000 0000000000000000 0000000000000000 0000000000000000 0000000000000000 0000000000000000 0000000000000000 0000000000000000 0000000000000000 0000000000000000 0000000000000000 0000000000000000 0000000000000000 0000000000000000 0000000000000000 0000000000000000 0000000000000000 0000000000000000 0000000000000000 0000000000000000 0000000000000000 0000000000000000 0000000000000000 0000000000000000 0000000000000000 0000000000000000 0000000000000000 0000000000000000 0000000000000000 0000000000000000 0000000000000000 0000000000000000 0000000000000000 0000000000000000 0000000000000000 0000000000000000 0000000000000000 0000000000000000 0000000000000000 0000000000000000 0000000000000000 0000000000000000 0000000000000000 0000000000000000 0000000000000000 0000000000000000 0000000000000000 0000000000000000 0000000000000000 0000000000000000 0000000000000000 0000000000000000 0000000000000000 0000000000000000 0000000000000000 0000000000000000 0000000000000000 0000000000000000 0000000000000000 0000000000000000 0000000000000000 0000000000000000 0000000000000000 0000000000000000 0000000000000000 0000000000000000 0000000000000000 0000000000000000 0000000000000000 0000000000000000 0000000000000000 0000000000000000 0000000000000000 0000000000000000 0000000000000000 0000000000000000 0000000000000000 0000000000000000 0000000000000000 0000000000000000 0000000000000000 0000000000000000 0000000000000000 0000000000000000 0000000000000000 0000000000000000 0000000000000000 0000000000000000 0000000000000000 0000000000000000 0000000000000000 0000000000000000 0000000000000000 0000000000000000 0000000000000000 0000000000000000 0000000000000000 0000000000000000 0000000000000000 0000000000000000 0000000000000000 0000000000000000 0000000000000000 0000000000000000 0000000000000000 0000000000000000 0000000000000000 0000000000000000 0000000000000000 0000000000000000 0000000000000000 0000000000000000 0000000000000000 0000000000000000 0000000000000000 0000000000000000 0000000000000000 0000000000000000 0000000000000000 0000000000000000 0000000000000000 0000000000000000 0000000000000000 0000000000000000 0000000000000000 0000000000000000 0000000000000000 0000000000000000 0000000000000000 0000000000000000 0000000000000000 0000000000000000 0000000000000000 0000000000000000 0000000000000000 0000000000000000 0000000000000000 0000000000000000 0000000000000000 0000000000000000 0000000000000000 0000000000000000 0000000000000000 0000000000000000 0000000000000000 0000000000000000 0000000000000000 0000000000000000 0000000000000000 0000000000000000 0000000000000000 0000000000000000 0000000000000000 0000000000000000 0000000000000000 0000000000000000 0000000000000000 0000000000000000 0000000000000000 0000000000000000 0000000000000000 0000000000000000 0000000000000000 0000000000000000 0000000000000000 0000000000000000 0000000000000000 0000000000000000 0000000000000000 0000000000000000 0000000000000000 0000000000000000 0000000000000000 0000000000000000 0000000000000000 0000000000000000 0000000000000000 0000000000000000 0000000000000000 0000000000000000 0000000000000000 0000000000000000 0000000000000000 0000000000000000 0000000000000000 0000000000000000 0000000000000000 0000000000000000 0000000000000000 0000000000000000 0000000000000000 0000000000000000 0000000000000000 0000000000000000 0000000000000000 0000000000000000 0000000000000000 0000000000000000 0000000000000000 0000000000000000 0000000000000000 0000000000000000 0000000000000000 0000000000000000 0000000000000000 0000000000000000 0000000000000000 0000000000000000 0000000000000000 0000000000000000 0000000000000000 0000000000000000 0000000000000000 0000000000000000 0000000000000000 0000000000000000 0000000000000000 0000000000000000 0000000000000000 0000000000000000 0000000000000000 0000000000000000 0000000000000000 0000000000000000 0000000000000000 0000000000000000 0000000000000000 0000000000000000 c0a01cec469696a6 409083aa3a19c8fa 408f6c5ca626c8a3 c08f6c5ca626c8a5 40a01cec469696a6 c09083aa3a19c8fa c09bad420cfdbbe5 409c23e4ed903379 c03da8b8249de518 403da8b8249de4fe 409bad420cfdbbe4 c09c23e4ed903378 c09f0208ade83247 40971d6914ae7063 407f927e64e7078f c07f927e64e7078f 409f0208ade83248 c0971d6914ae7063 c09675a22c9eebe5 409f3f71cd5de5d6 c081939f417df3e3 4081939f417df3e0 409675a22c9eebe5 c09f3f71cd5de5d6 c09fe3c83dc095c8 4093fc4ef5d15134 4087cef28fde8928 c087cef28fde8926 409fe3c83dc095c7 c093fc4ef5d15135 c09948d256e5fb55 409df3438efb1c0a c072a9c4e05482d6 4072a9c4e05482d6 409948d256e5fb54 c09df3438efb1c0a c09d9876b207bfb8 4099d94393a27fc2 406df998f329ffb1 c06df998f329ffb7 409d9876b207bfb7 c099d94393a27fc0 c09340114952e998 40a0016050c92e80 c089855eb07ee6ce 4089855eb07ee6d2 409340114952e996 c0a0016050c92e80 c0a010362a6b7428 40924a02e0920c76 408bacd2e889b7b7 c08bacd2e889b7bb 40a010362a6b7429 c0924a02e0920c74 c09a8995dd971e06 409d1b888b9a0c90 c0648f957017744b 40648f957017743f 409a8995dd971e05 c09d1b888b9a0c8e c09e5de4ae116d89 409888c8ecdba695 4077546f04d71bce c077546f04d71bd0 409e5de4ae116d88 c09888c8ecdba694 c094e64e51182fc3 409fb278e2c9f85e c085985523639135 4085985523639134 4094e64e51182fc3 c09fb278e2c9f85d c09f842ec1e891c8 409598b262c1499c 4083d6f8be4e9058 c083d6f8be4e9056 409f842ec1e891c7 c09598b262c1499c c097ec571a8684c4 409eaa297a1ec144 c07af7497e60f202 407af7497e60f203 4097ec571a8684c4 c09eaa297a1ec144 c09cb297277fc3dd 409b0d682d202853 405a52efa5f9b8a5 c05a52efa5f9b899 409cb297277fc3db c09b0d682d202853 c09184b9f445b9bb 40a017f8841fd565 c08d566e27f3e21d 408d566e27f3e21d 409184b9f445b9ba c0a017f8841fd564 c0a018c6097bec04 409169397bf98680 408d90a52dfca30f c08d90a52dfca30e 40a018c6097bec04 c09169397bf98681 c09b1f239fada0bb 409ca3a3a6f88986 c058480074ae8cb0 4058480074ae8c9b 409b1f239fada0bb c09ca3a3a6f88984 c09eb42c09f42156 4097d65d6d674411 407b773a72337515 c07b773a72337515 409eb42c09f42156 c097d65d6d674412 c095b0f15cee4d4d 409f7d46447ca079 c08398a9cf1ca658 408398a9cf1ca657 4095b0f15cee4d4c c09f7d46447ca077 c09fb854846e7095 4094cd5a9889bfa7 4085d5f3d7c961dd c085d5f3d7c961df 409fb854846e7095 c094cd5a9889bfa6 c0989df480b91b80 409e52de8a47f3d5 c076d3a8263b6152 4076d3a8263b6154 40989df480b91b81 c09e52de8a47f3d5 c09d298631037478 409a76f67da9f885 4065947d9acbdf94 c065947d9acbdf91 409d298631037477 c09a76f67da9f885 c09264eb0d1026e7 40a00edfe016ba48 c08b71a9663a9b50 408b71a9663a9b50 409264eb0d1026e6 c0a00edfe016ba47 c0a0033f02416ee1 409325c8c8e65842 4089c16a77390b03 c089c16a77390b04 40a0033f02416ee2 c09325c8c8e65841 c099ecc1c60c73cb 409d8b72bd9375da c06cf587bc381076 406cf587bc381076 4099ecc1c60c73ca c09d8b72bd9375d9 c09dff4a4115b704 4099347aa9f737a3 40732b3e5c79fd85 c0732b3e5c79fd8a 409dff4a4115b704 c099347aa9f737a1 c09415f095ae5117 409fdefb12fc1b8b c0879214fa9b94e8 40879214fa9b94ea 409415f095ae5116 c09fdefb12fc1b8b c09f476541c4f3aa 40965e1e965a0977 4081d28d56d5d466 c081d28d56d5d469 409f476541c4f3a9 c0965e1e965a0974 c097342ad4e3158b 409ef90c7081563c c07f13866e7902c2 407f13866e7902be 4097342ad4e3158b c09ef90c7081563b c09c33ca2ff86118 409b9c6f64376cb1 4042eb59781e8cf3 c042eb59781e8ce6 409c33ca2ff86117 c09b9c6f64376caf c0909fbb7430de72 40a01ca7be8a1a16 c08f332811c6ab73 408f332811c6ab6c 40909fbb7430de75 c0a01ca7be8a1a16 c0a01b6675be6ba9 4090f706af79eab0 408e7f8c7805d944 c08e7f8c7805d945 40a01b6675be6ba9 c090f706af79eaaf c09b67233ca2be2b 409c64bd615d7ff1 c04fb344975838b5 404fb344975838c5 409b67233ca2be2a c09c64bd615d7ff1 c09edc291658efd0 40977ab13b8f3ddb 407d85df6b26c7d5 c07d85df6b26c7d7 409edc291658efcf c0977ab13b8f3dd9 c096140b74f465cf 409f5f6f42fbcf71 c08296c79c0ed342 408296c79c0ed344 4096140b74f465cf c09f5f6f42fbcf72 c09fcf256f2bb520 40946587b68b47cb 4086d33b7140daaa c086d33b7140daa9 409fcf256f2bb520 c0946587b68b47cc c098f43e5680f03a 409e24197851fccb c074bf6c87443244 4074bf6c87443244 4098f43e5680f039 c09e24197851fccb c09d6200366cd6b7 409a290288156bcd 4069c7ed72bb574e c069c7ed72bb5754 409d6200366cd6b7 c09a290288156bcc c092d32350758de3 40a008acc1defe2e c08a7c6c6690dcf1 408a7c6c6690dcee 4092d32350758de3 c0a008acc1defe2d c0a00a474dd71ed8 4092b88a10a821f9 408ab809160c376e c08ab809160c376d 40a00a474dd71ed8 c092b88a10a821fa c09a3c11f8773eaf 409d547ef3042912 c068c367d4675318 4068c367d4675317 409a3c11f8773eaf c09d547ef3042910 c09e2fa04862e067 4098df7bfffd474b 4075409121966470 c07540912196646e 409e2fa04862e066 c098df7bfffd474a c0947ed340a9857b 409fc9d0da340c8c c08695fb33150e21 408695fb33150e23 40947ed340a9857b c09fc9d0da340c8c c09f66dd7d152375 4095fc295b35c0ad 4082d56843bec58f c082d56843bec590 409f66dd7d152375 c095fc295b35c0ad c097910fb6765fe9 409ed2a95c65cdee c07d066697bdb811 407d066697bdb80c 4097910fb6765fea c09ed2a95c65cded c09c742a4a2823a7 409b55db97612857 4051e4eb2c6fb4f9 c051e4eb2c6fb4fe 409c742a4a2823a7 c09b55db97612857 c09112d07c7368d5 40a01add6a57dee7 c08e45d4b078a9f4 408e45d4b078a9f7 409112d07c7368d3 c0a01add6a57dee7 c0a0150b2fe52306 4091da3acbeb5885 408c9fb727bddb0d c08c9fb727bddb0f 40a0150b2fe52306 c091da3acbeb5884 c09ad548255f951a 409ce0936ec5be63 c0605a5a4b314a48 40605a5a4b314a48 409ad548255f9519 c09ce0936ec5be61 c09e8a144658a560 4098306761c39d29 407966b3925420d9 c07966b3925420d5 409e8a144658a560 c098306761c39d2a c0954c5aaf5970ba 409f98f4c6519ed5 c08499342df05c34 408499342df05c33 40954c5aaf5970ba c09f98f4c6519ed4 c09f9f570ddb02a1 409533c07e2705b4 4084d72d1f67f9da c084d72d1f67f9da 409f9f570ddb02a1 c09533c07e2705b4 c09845fabf894767 409e7f8f9042a419 c078e65342e572c8 4078e65342e572be 409845fabf894768 c09e7f8f9042a418 c09cef0c80b5d8e7 409ac31a1ca56dd8 40615f9320835872 c0615f9320835877 409cef0c80b5d8e8 c09ac31a1ca56dd9 c091f5700d012e9d 40a013f93ea97e05 c08c6504e0a39adb 408c6504e0a39adb 4091f5700d012e9b c0a013f93ea97e05 c09ff63b861b33fa 409391b78c8897d0 4088c907f3253854 c088c907f3253857 409ff63b861b33fa c09391b78c8897d0 c0999baab5ef7cc4 409dc060271c8176 c07092d5c4b412c9 407092d5c4b412cd 40999baab5ef7cc4 c09dc060271c8176 c09dcce5e83f59a8 409987bf17814380 4071149b42f8589b c071149b42f85899 409dcce5e83f59a8 c09987bf17814380 c093abad806ce5b0 409ff1f619c8587c c0888c9132b6e598 40888c9132b6e599 4093abad806ce5af c09ff1f619c8587c c09f25c8381f33b1 4096be8b5d73c7b5 4080ce79b556d7f8 c080ce79b556d7f8 409f25c8381f33b0 c096be8b5d73c7b3 c096d5aed3adcec1 409f1d5014eba38c c0808f42827ba997 40808f42827ba998 4096d5aed3adcec1 c09f1d5014eba38d c09bf17b42714e1a 409be11ebd511256 40105c85203bc3a4 c0105c85203bc224 409bf17b42714e19 c09be11ebd511256 c0902b82beacc3a9 40a01d57614ce274 c0900f2c03ed013e 40900f2c03ed013d 40902b82beacc3aa c0a01d57614ce274 c0a01c4cb3b78291 4090bd7d2bdd75c9 408ef63877231eb3 c08ef63877231eb4 40a01c4cb3b78291 c090bd7d2bdd75c8 c09b8a6f0c0f0cec 409c448f26ed1152 c04744035bc08cdb 404744035bc08cde 409b8a6f0c0f0ceb c09c448f26ed1152 c09eef5cbb22a2a6 40974c40411d1b4c 407e8c71e8161d6a c07e8c71e8161d6d 409eef5cbb22a2a6 c0974c40411d1b4b c0964507a879cb01 409f4fb5347dddac c082155b18082557 4082155b18082556 40964507a879cb00 c09f4fb5347dddac c09fd9bcb1821fbc 409431179f34a149 4087514a249afce4 c087514a249afce4 409fd9bcb1821fbb c09431179f34a149 c0991ebf6ed49af0 409e0bf069dde27e c073b4c3ec251e39 4073b4c3ec251e38 40991ebf6ed49af1 c09e0bf069dde27e c09d7d7c22022fbd 409a015c170063c7 406be100580e5faf c06be100580e5fa7 409d7d7c22022fbc c09a015c170063c8 c09309c40e32503b 40a00529ac2281f4 c08a011e9425675a 408a011e94256756 409309c40e32503d c0a00529ac2281f4 c0a00d61f0f6dc1c 4092816f0ee92534 408b32a9a6092608 c08b32a9a6092606 40a00d61f0f6dc1c c092816f0ee92535 c09a630dca6fb783 409d3843d5463f75 c066a9b056b43f94 4066a9b056b43f8b 409a630dca6fb784 c09d3843d5463f76 c09e4704e304fc34 4098b458a53098bb 40764ab0f7518de4 c0764ab0f7518de2 409e4704e304fc33 c098b458a53098bb c094b2be2e41d200 409fbe6a7d9f11dc c08617589eba7fba 408617589eba7fbc 4094b2be2e41d200 c09fbe6a7d9f11dd c09f75cb1f57b54e 4095ca9daa302060 4083565aea4f29dd c083565aea4f29de 409f75cb1f57b54e c095ca9daa302060 c097bee77cf2d01a 409ebeacd97c2666 c07bff1572255931 407bff157225592f 4097bee77cf2d01b c09ebeacd97c2665 c09c939f65b1bf36 409b31dd873f27da 40561c1de72975b4 c0561c1de72975b6 409c939f65b1bf36 c09b31dd873f27db c0914beb27d1cf82 40a0198e46c44649 c08dce62cb6d7a20 408dce62cb6d7a1e 40914beb27d1cf82 c0a0198e46c44649 c0a0170be6b812bd 4091a1e0cfef371c 408d186dfb01dcbc c08d186dfb01dcbe 40a0170be6b812bd c091a1e0cfef371b c09afa710df678c1 409cc25a9e3b1175 c05c7e9904498b49 405c7e9904498b44 409afa710df678c1 c09cc25a9e3b1175 c09e9f6351c17db1 4098039712aeb54b 407a6f30fc4b219b c07a6f30fc4b2199 409e9f6351c17db0 c098039712aeb54a c0957ed52b22aa48 409f8b62b49b41ab c084191b12f12ec6 4084191b12f12ec4 40957ed52b22aa49 c09f8b62b49b41ab c09fac1b401c9305 409500bb9bc630d0 408556bf48acc46a c08556bf48acc46a 409fac1b401c9304 c09500bb9bc630cf c098722d3dc5431e 409e6979c0a25855 c077dd320b7454dd 4077dd320b7454e2 4098722d3dc5431d c09e6979c0a25856 c09d0c890eeb0ae6 409a9d42ac39583b 40637a33158d9557 c0637a33158d9563 409d0c890eeb0ae6 c09a9d42ac395839 c0922d556ae132f5 40a0118fcd602323 c08beb945fbe26a3 408beb945fbe26aa 40922d556ae132f2 c0a0118fcd602323 c09ffea2f148d6e3 40935beaa0327e67 40894570a22cb0f8 c0894570a22cb0f7 409ffea2f148d6e3 c0935beaa0327e66 c099c46ec181cf1b 409da62a7958f453 c06f0dddbeb929be 406f0dddbeb929c7 4099c46ec181cf1b c09da62a7958f454 c09de659a870ec03 40995e548450d38a 40722014908061e2 c0722014908061e2 409de659a870ec02 c0995e548450d38a c093e0faa45ef684 409fe8be925856d4 c0880f87dbf2c0a1 40880f87dbf2c0a1 4093e0faa45ef684 c09fe8be925856d5 c09f36db32c1b96b 40968e8672c843ae 408150a97ff2eb7b c08150a97ff2eb79 409f36db32c1b96a c0968e8672c843af c097051f5146447c 409f0b72595110b2 c0800ca61015986d 40800ca61015986b 4097051f5146447c c09f0b72595110b1 c09c12e04bb3a43d 409bbf03eb55e44b 4034f718176ffc4a c034f718176ffcbc 409c12e04bb3a43d c09bbf03eb55e449 c09065c3101a8e98 40a01d22e74e4aea c08fa9057d040e78 408fa9057d040e79 409065c3101a8e98 c0a01d22e74e4aea c0a01a39909d44ea 40913045c88ca2fb 408e085ab15bcdb1 c08e085ab15bcdb1 40a01a39909d44ea c0913045c88ca2fb c09b435f398c16c5 409c846f0fb8c93a c05410fd62cb2742 405410fd62cb2733 409b435f398c16c5 c09c846f0fb8c939 c09ec86e13c5680c 4097a8bb384e3d89 407c7ecb6ddcaa10 c07c7ecb6ddcaa12 409ec86e13c5680b c097a8bb384e3d88 c095e2ae68ede823 409f6e9fb3db91ae c08317e295db5314 408317e295db5316 4095e2ae68ede822 c09f6e9fb3db91ae c09fc402a5322ecd 4094999e55d0f1a4 408654c89ec27a52 c08654c89ec27a55 409fc402a5322ecd c094999e55d0f1a2 c098c94fc85c89ec 409e3bbe505ce01f c075c9ba200158cb 4075c9ba200158c8 4098c94fc85c89ec c09e3bbe505ce01f c09d460367d68882 409a503638f5058e 4067ae69770c17a9 c067ae69770c17a8 409d460367d68881 c09a503638f5058d c0929c2fffbc3b5b 40a00be98296d4e7 c08af7460ae2dce8 408af7460ae2dcea 40929c2fffbc3b59 c0a00be98296d4e7 c0a006e64ea9e29a 4092ef52f4171984 408a3cf35279575e c08a3cf35279575f 40a006e64ea9e299 c092ef52f4171983 c09a14a312add8d7 409d703968fe48d6 c06adcb2b2837ffa 406adcb2b2838001 409a14a312add8d7 c09d703968fe48d7 c09e17b744c7e98f 40990a324008646e 4074361412fe1481 c074361412fe147c 409e17b744c7e98d c0990a324008646e c0944a8e6c0b7fc7 409fd4abc6879cd3 c087143ab4f83a19 4087143ab4f83a14 40944a8e6c0b7fca c09fd4abc6879cd3 c09f57661c9c541c 40962d549c7d946a 40825423003d7f63 c0825423003d7f62 409f57661c9c541b c0962d549c7d946a c09762d09027c9ae 409ee61eab305024 c07e0d386c2219d9 407e0d386c2219d9 409762d09027c9ae c09ee61eab305025 c09c54385edfa0b0 409b7961bfa4fc51 404b5ad3e7548bee c04b5ad3e7548bf4 409c54385edfa0af c09b7961bfa4fc50 c090d96aeca6d2fc 40a01be5e91c8bd7 c08ebcc1cb248964 408ebcc1cb248967 4090d96aeca6d2fb c0a01be5e91c8bd7 c0a012c3edcc1dbd 4092124678bed25c 408c2682c5b2d23c c08c2682c5b2d23d 40a012c3edcc1dbd c092124678bed25b c09aafa988e90378 409cfe4d94074956 c062752058f22ef2 4062752058f22ef3 409aafa988e90378 c09cfe4d94074957 c09e743f4531f700 40985ccd961315f8 40785dc6bc7b841e c0785dc6bc7b8422 409e743f4531f700 c0985ccd961315f7 c0951982c6feaac5 409fa5fc3e18d4b5 c08518f2ee3453e1 408518f2ee3453e0 40951982c6feaac6 c09fa5fc3e18d4b5 c09f920825a994bc 409566685fe11d19 4084573f8b90ef44 c084573f8b90ef44 409f920825a994bb c09566685fe11d18 c098195dc7e3cd21 409e951f98489698 c079ef07419325de 4079ef07419325da 4098195dc7e3cd21 c09e951f98489697 c09cd11107bb5a9f 409ae87c28f09917 405e894decac187d c05e894decac1883 409cd11107bb5a9f c09ae87c28f09917 c091bd3be89fa832 40a0161c295e66db c08cddf8d43a4b0a 408cddf8d43a4b04 4091bd3be89fa834 c0a0161c295e66db c09fed47e7d71535 4093c72ea1ea2d96 40884c328bd9cf3e c0884c328bd9cf3f 409fed47e7d71535 c093c72ea1ea2d95 c09972765626d948 409dda1353e65583 c0719e73f6fdf0eb 40719e73f6fdf0ea 409972765626d948 c09dda1353e65582 c09db2ef70261f14 4099b0b9addcb0d8 407008d70925b8ed c07008d70925b8f5 409db2ef70261f15 c099b0b9addcb0d7 c093760a13a611b5 409ffaa180de21ce c089092eda702032 4089092eda702038 4093760a13a611b3 c09ffaa180de21cf c09f142c9cc2898b 4096ee2c83ba1e52 40804c003210d670 c0804c003210d671 409f142c9cc2898b c096ee2c83ba1e52 c096a5da2c311aaf 409f2ea554f28854 c08111965182db4b 408111965182db4b 4096a5da2c311aaf c09f2ea554f28854 c09bcf9ba6ad6df8 409c02bf448f83c4 c02991cef10ae624 402991cef10ae6b2 409bcf9ba6ad6df6 c09c02bf448f83c4 c08fe1f6fed7bed7 40a01d452b9fb0f0 c090498ed7d38274 4090498ed7d38274 408fe1f6fed7bed5 c0a01d452b9fb0f0 403813a4e7abe6fb c09bad989e7a1c16 409b4d4a0adb6c7a c09b4d4a0adb6c7b c03813a4e7abe718 409bad989e7a1c17 c08f1754926b63a6 c090327943ee53ab 409fbe238d24057f c09fbe238d24057e 408f1754926b63a4 4090327943ee53ac c07f68b252786592 c096b625ae5dec70 409e905242fc05d3 c09e905242fc05d5 407f68b252786591 4096b625ae5dec71 c0962df2d82ea39a c0812873215d1251 409ec22c68dd2cc2 c09ec22c68dd2cc4 40962df2d82ea399 40812873215d1257 c06e29870d7bb1f1 c0996987019f2c44 409d2eb7e34ea282 c09d2eb7e34ea283 406e29870d7bb1fd 40996987019f2c44 c09306797780feea c088fd6df099de81 409f85306fcdee2b c09f85306fcdee2a 409306797780fee9 4088fd6df099de81 c08799868140316c c0939f490c5bacf0 409f6c0c4cfbc5a5 c09f6c0c4cfbc5a5 408799868140316a 40939f490c5bacf0 c098f4457ee791b2 c07210a0c0bd40f0 409d786daf16e1ee c09d786daf16e1ed 4098f4457ee791b2 407210a0c0bd40e9 c05b35fc9b1c98fa c09a9a248efd270f 409c4d8458aef09e c09c4d8458aef09f 405b35fc9b1c98e2 409a9a248efd2711 c091529087d819bc c08cc0f2e2f23b6f 409fb309f9513773 c09fb309f9513773 4091529087d819ba 408cc0f2e2f23b72 c083b1bb48f3aa85 c0953657d21a3907 409f0f3576940e49 c09f0f3576940e4a 4083b1bb48f3aa84 40953657d21a3908 c0979e0e1b869093 c07a3f2660c48bcf 409e2dd7b3b7b386 c09e2dd7b3b7b387 40979e0e1b869093 407a3f2660c48bd4 c0774b7f9c70a063 c0981d0de431b52f 409defedcb4ddd48 c09defedcb4ddd48 40774b7f9c70a066 40981d0de431b52f c094a5873c84f047 c0851e83ee46efa5 409f34c933a86819 c09f34c933a8681a 4094a5873c84f048 40851e83ee46efa5 c08b6772d0c721c4 c091f2b797dc16df 409fa671003fa7c1 c09fa671003fa7c1 408b6772d0c721c4 4091f2b797dc16df c09a2f21dc5b94be c0639c9aee86495e 409ca2b53a2c5deb c09ca2b53a2c5dea 409a2f21dc5b94bd 40639c9aee86495e c04533fb5e8a089a c09b279769b39676 409bd13744a7e6bb c09bd13744a7e6bc 404533fb5e8a08c0 409b279769b39676 c090715e5e3348b9 c08e972416b49553 409fbcf0698d9363 c09fbcf0698d9362 4090715e5e3348b7 408e972416b49555 c081b5779afee579 c095f941c7b93c08 409ed3fd9538aec5 c09ed3fd9538aec6 4081b5779afee579 4095f941c7b93c09 c096e924629fe7aa c07e4c2d6cab332f 409e7c2fbdcab476 c09e7c2fbdcab476 4096e924629fe7a9 407e4c2d6cab3333 c07332c336afeca6 c098c6afd0250cf1 409d93609dd1081b c09d93609dd1081b 407332c336afeca2 4098c6afd0250cf3 c093d8b8be69b844 c0871122537ab6e9 409f6149e82713b8 c09f6149e82713ba 4093d8b8be69b845 40871122537ab6ea c08983fbf878d026 c092cb93d290528d 409f8d91ceccbaa1 c09f8d91ceccbaa1 408983fbf878d027 4092cb93d290528e c099953559768484 c06be2c0b23bbcac 409d118d6fbdfc19 c09d118d6fbdfc19 4099953559768483 406be2c0b23bbcac c065e542f7652668 c09a0566d4dd4e0c 409cc20f33c9f2d9 c09cc20f33c9f2da 4065e542f765266a 409a0566d4dd4e0d c0922f030a6ea5c1 c08ae2dfd18a27d6 409fa072f333b9ad c09fa072f333b9ac 40922f030a6ea5c0 408ae2dfd18a27d6 c085a898de55a8b9 c0946d9d3c1771a2 409f41e9ab4245fd c09f41e9ab4245fe 4085a898de55a8b7 40946d9d3c1771a3 c0984c7e6ad9311c c0762aed671df05d 409dd739c4a0ad34 c09dd739c4a0ad34 40984c7e6ad9311d 40762aed671df05d c07b5dd93a3d53d3 c0976ccfbe2baf43 409e44460cbb0437 c09e44460cbb0436 407b5dd93a3d53ca 40976ccfbe2baf44 c0956cacccfd05ef c083261b70daf7c1 409effba856a81cf c09effba856a81d0 40956cacccfd05ee 4083261b70daf7c4 c08d436681d03665 c09114efcefa2bf4 409fb6a30fe24727 c09fb6a30fe24726 408d436681d03665 409114efcefa2bf4 c09ac1e0d5951be0 c056a229b9ae8346 409c2c0371300415 c09c2c0371300416 409ac1e0d5951bdd 4056a229b9ae838e c02254f2a7a252ec c09b6b8890f42f32 409b9032764373d7 c09b9032764373d8 402254f2a7a252ec 409b6b8890f42f33 c08ffe2151ab3b78 c08f7f1f9f572bd0 409fbea0788133a4 c09fbea0788133a4 408ffe2151ab3b78 408f7f1f9f572bd0 c080b57af788ee0b c0965877c37c2ccf 409eb3353f40a3d4 c09eb3353f40a3d3 4080b57af788ee09 40965877c37c2ccf c0968c516cb6daf2 c08027d2a689a1f2 409ea03abffbabeb c09ea03abffbabec 40968c516cb6daf2 408027d2a689a1f3 c0712459c0c66032 c09918f795bea22e 409d620e05f03a3a c09d620e05f03a3b 40712459c0c66034 409918f795bea22e c0937043a2a8bd36 c088081af524aa49 409f74511d3b125b c09f74511d3b125a 40937043a2a8bd36 4088081af524aa48 c0888f98b49984b6 c0933616f8cf3b34 409f7de3531bfd90 c09f7de3531bfd91 40888f98b49984b5 40933616f8cf3b37 c099459b20a6f353 c070018cf7dce355 409d45fe5e9e2c28 c09d45fe5e9e2c28 4099459b20a6f351 4070018cf7dce35b c061c0bc6078665c c09a50ac8d537692 409c88c41962835e c09c88c41962835f 4061c0bc60786664 409a50ac8d537692 c091c1658cee2c81 c08bd2dd719cf665 409faad445bca7b4 c09faad445bca7b4 4091c1658cee2c80 408bd2dd719cf667 c084addf7da874e8 c094d2b1341e6345 409f29a0f2f29db8 c09f29a0f2f29db8 4084addf7da874e9 4094d2b1341e6344 c097f618784b6e14 c07835de4883a914 409e03900a6c5859 c09e03900a6c5859 4097f618784b6e14 407835de4883a912 c079558aab9bd701 c097c5bf5e249473 409e1b22090b8a32 c09e1b22090b8a33 4079558aab9bd701 4097c5bf5e249473 c09509d2956c32b3 c0842300574a1e17 409f1b52c11141be c09f1b52c11141c0 409509d2956c32b1 40842300574a1e1d c08c5665428e13b4 c091846d6056c24f 409fafa0019dcc29 c09fafa0019dcc29 408c5665428e13b3 4091846d6056c250 c09a796999c263e6 c05eeebf28d5dda8 409c68558c4fc1c1 c09c68558c4fc1c0 409a796999c263e7 405eeebf28d5dd96 c052e8a3070fba56 c09ae1c9d0cd247a 409c1054013e2020 c09c1054013e2020 4052e8a3070fba48 409ae1c9d0cd247b c090e28b93c949c3 c08dad0fd439225f 409fb9137de5daf3 c09fb9137de5daf3 4090e28b93c949c3 408dad0fd4392260 c082b43d882e79d0 c095988a419c94de 409ef2a905b3d1c4 c09ef2a905b3d1c6 4082b43d882e79d2 4095988a419c94de c09744655d430dd9 c07c46a1f5b173dd 409e560ddaaf6ad0 c09e560ddaaf6ad0 409744655d430dd8 407c46a1f5b173e1 c0753fdbd4479845 c09872b5547a592d 409dc2ac498c3f3f c09dc2ac498c3f3f 40753fdbd4479846 409872b5547a592d c0943fd1a1ffe5a7 c0861894f8dc5602 409f4c1c1e6e10a8 c09f4c1c1e6e10a9 40943fd1a1ffe5a5 40861894f8dc5609 c08a769f8cf1cf39 c0925fc6e670ae09 409f9b16ace995a6 c09f9b16ace995a7 408a769f8cf1cf39 40925fc6e670ae0b c099e30eb4aab65d c067c07e2f3de426 409cdb1e7a9272e1 c09cdb1e7a9272e1 4099e30eb4aab65c 4067c07e2f3de426 c06a084962ccb3fe c099b8588e4cf20b 409cf961baa6888b c09cf961baa6888b 406a084962ccb3f1 4099b8588e4cf20c c0929b617d16a04f c089f10a758015a4 409f93e6b7d6ab22 c09f93e6b7d6ab22 40929b617d16a050 4089f10a758015a4 c086a1d63be21d22 c0940722d77e104a 409f580df56f1edb c09f580df56f1edc 4086a1d63be21d23 40940722d77e104a c098a13a0747cfed c0741e7793dfa22d 409da8d7ec3fb878 c09da8d7ec3fb878 4098a13a0747cfed 40741e7793dfa22f c07d64479f4039b0 c09712451cb60599 409e6b5704861405 c09e6b5704861404 407d64479f4039ad 409712451cb60599 c095ce0f1ccb5cdb c08227e690259b2a 409ee20264de2a70 c09ee20264de2a71 4095ce0f1ccb5cdb 408227e690259b2c c08e2e66502ab7c7 c090a44687f0754a 409fbb79b005d12c c09fbb79b005d12c 408e2e66502ab7c9 4090a44687f07549 c09b0882985fbb6f c04ca80e593fc2fc 409bedc30b29b987 c09bedc30b29b988 409b0882985fbb6e 404ca80e593fc33c 401dd29890287b60 c09b8ccd0426fd9d 409b6efa6b96d522 c09b6efa6b96d522 c01dd29890287bd8 409b8ccd0426fd9d c08f8b0020673cb3 c08ff24f248a4ff4 409fbea7a278c653 c09fbea7a278c654 408f8b0020673cb3 408ff24f248a4ff6 c080350d9c39e318 c096878022664880 409ea206f0833a0c c09ea206f0833a0c 4080350d9c39e316 4096878022664881 c0965d532f6bc0fe c080a8476c824246 409eb176e5ace222 c09eb176e5ace222 40965d532f6bc0fd 4080a8476c824249 c0701cb1fa2d3cc4 c0994176aff3dea0 409d48a32e7f2dd1 c09d48a32e7f2dd1 40701cb1fa2d3cc3 40994176aff3dea0 c0933b88bb8a3930 c08882fa355c5c2f 409f7d05d6386747 c09f7d05d6386748 40933b88bb8a3930 408882fa355c5c31 c08814c46bb2886f c0936ada98d356be 409f753cceac9af5 c09f753cceac9af5 408814c46bb28870 40936ada98d356bd c0991d27646979ff c071093c3981c812 409d5f7672c9ec04 c09d5f7672c9ec06 40991d27646979fe 4071093c3981c823 c05f5bff754c2d65 c09a75a296519b82 409c6b628da65e58 c09c6b628da65e58 405f5bff754c2d6f 409a75a296519b81 c0918a21824a964e c08c4a26360075dd 409faf349d4ad13d c09faf349d4ad13e 40918a21824a964d 408c4a26360075e2 c0842ff9a9e13825 c09504b29c3c3f02 409f1caf712cdb15 c09f1caf712cdb15 40842ff9a9e13825 409504b29c3c3f02 c097ca47775002a9 c0793ab9aa21b14f 409e18f5e1d86efd c09e18f5e1d86efe 4097ca47775002a9 40793ab9aa21b151 c07850ba784e25d9 c097f19b24d2ec00 409e05c9c2e67578 c09e05c9c2e67578 407850ba784e25d6 4097f19b24d2ec01 c094d7da9fbe38e3 c084a0ef611afa87 409f2852504bb627 c09f2852504bb628 4094d7da9fbe38e2 4084a0ef611afa8b c08bdf292abce841 c091bbb960c5e021 409fab4df6245441 c09fab4df6245442 408bdf292abce841 4091bbb960c5e022 c09a547f7a8ad99f c0618a23b964eb12 409c85c3f1b77701 c09c85c3f1b77701 409a547f7a8ad99e 40618a23b964eb1e c04d82e16ff228f9 c09b04ebdfac479d 409bf102eb2bd8e5 c09bf102eb2bd8e5 404d82e16ff228dc 409b04ebdfac479e c090aa19858b743c c08e225c0cda8e81 409fbb478bf8bb7d c09fbb478bf8bb7e 4090aa19858b743c 408e225c0cda8e83 c082350280451ac7 c095c915cc840fa3 409ee3970ca69d07 c09ee3970ca69d06 4082350280451ac6 4095c915cc840fa3 c09716f784126cf1 c07d49a7ed49f307 409e69617f64e9b3 c09e69617f64e9b4 409716f784126cf0 407d49a7ed49f30f c074397be0e9b7f8 c0989ce88dac3b19 409dab4785e6a918 c09dab4785e6a918 4074397be0e9b7f7 40989ce88dac3b1a c0940c7128d9363b c086950d2d5d2dd7 409f56f7bf87cd27 c09f56f7bf87cd27 40940c7128d9363c 4086950d2d5d2dd6 c089fd86c371769d c09295d61f8bf48d 409f94998144afda c09f94998144afdb 4089fd86c371769a 409295d61f8bf48e c099bc5a78dc39bc c069d1d811aab5b6 409cf6957b119072 c09cf6957b119071 4099bc5a78dc39bd 4069d1d811aab59d c067f6fabc89b336 c099df186f9345ad 409cddf7c7247c14 c09cddf7c7247c14 4067f6fabc89b33a 4099df186f9345ad c092655a9c78c03a c08a6a2f1290eca5 409f9a7225c1368c c09f9a7225c1368d 4092655a9c78c03b 408a6a2f1290eca5 c08625681f709f85 c0943a8c678e6cfe 409f4d407746bcc1 c09f4d407746bcc1 408625681f709f84 40943a8c678e6cff c0987711e16fe6b2 c07524e0dd33237c 409dc04a18bcaf91 c09dc04a18bcaf93 40987711e16fe6b2 407524e0dd332382 c07c614eab422162 c0973fbd6afe8d6d 409e581115cf15c6 c09e581115cf15c6 407c614eab422165 40973fbd6afe8d6d c0959d8d5d430091 c082a729e98c75fd 409ef12252093b90 c09ef12252093b8f 40959d8d5d430090 4082a729e98c75fd c08db92799a4050f c090dcc027195416 409fb953f3eb569e c09fb953f3eb569e 408db92799a4050b 4090dcc027195418 c09ae56cb451ecad c0527b40fbe564d6 409c0d20c41042fa c09c0d20c41042fb 409ae56cb451ecad 40527b40fbe564de c039c97096f1d05e c09b49cbd6cecff4 409bb0f1992a9736 c09bb0f1992a9736 4039c97096f1d079 409b49cbd6cecff4 c090385b169a1a83 c08f0b65f1853f1d 409fbe0e0f5cba11 c09fbe0e0f5cba12 4090385b169a1a82 408f0b65f1853f20 c081359f07d1e831 c096290d5fee47d2 409ec3dce3d73bea c09ec3dce3d73bea 4081359f07d1e82f 4096290d5fee47d3 c096baecc1edb3d2 c07f4e2e05d64a63 409e8e784363466c c09e8e784363466c 4096baecc1edb3d2 407f4e2e05d64a64 c0722bb656054fc6 c098f00a64a2691c 409d7af7fa23bd0d c09d7af7fa23bd0d 40722bb656054fc1 4098f00a64a2691d c093a4a945900f3c c0878cd24aec2f4f 409f6b126b0626e3 c09f6b126b0626e3 4093a4a945900f3a 40878cd24aec2f52 c0890a01412bd9f9 c09300ff13c21898 409f85ffb4580594 c09f85ffb4580595 40890a01412bd9f9 409300ff13c21898 c0996da0022ee7fa c06df32f00e6acbc 409d2c05e24bbd92 c09d2c05e24bbd92 40996da0022ee7fa 406df32f00e6acbb c063d32b26f5fa26 c09a2b4316239e67 409ca5a87b025dab c09ca5a87b025dab 4063d32b26f5fa22 409a2b4316239e67 c091f85bb556f3bb c08b5b1aa1043da3 409fa5e905d9128d c09fa5e905d9128d 4091f85bb556f3bc 408b5b1aa1043da3 c0852b6a9c0a530c c094a0547519967c 409f3609c31ec001 c09f3609c31ec002 40852b6a9c0a530e 4094a0547519967b c09821805e45d036 c0773098b427f5ea 409deda68b4fcdb0 c09deda68b4fcdb2 409821805e45d034 40773098b427f5f9 c07a59ebbe4d3c7d c097997b5088f1ad 409e2ff6401c40cd c09e2ff6401c40cd 407a59ebbe4d3c7f 4097997b5088f1ad c0953b6e425f5d72 c083a4b8f93bcf80 409f0dcabefd4532 c09f0dcabefd4533 40953b6e425f5d72 4083a4b8f93bcf82 c08ccd250d35bbbd c0914cd4891d90b9 409fb3670fb86e96 c09fb3670fb86e96 408ccd250d35bbbb 40914cd4891d90b9 c09a9ddf98158f2f c05ac8af2f90f0a1 409c4a6a8b0e9e39 c09c4a6a8b0e9e38 409a9ddf98158f2f 405ac8af2f90f099 c0570f8264dbf58c c09abe31d7324f36 409c2f29fd800e8f c09c2f29fd800e8f 40570f8264dbf584 409abe31d7324f37 c0911ab391541a68 c08d37416f56194e 409fb65448ff270f c09fb65448ff2710 40911ab391541a68 408d37416f561950 c083332684a34735 c095679ffbf3cb25 409f01333e456ec0 c09f01333e456ec0 4083332684a34734 4095679ffbf3cb26 c097716d26ebda03 c07b431ff61426b6 409e42352470e3b0 c09e42352470e3b0 4097716d26ebda01 407b431ff61426bc c07645de91e3987f c0984816ddab611c 409dd98e8224473c c09dd98e8224473c 407645de91e39880 40984816ddab611c c09472d94880e4cc c0859bbbd7f37323 409f40b7347a9e5d c09f40b7347a9e5e 409472d94880e4cc 40859bbbd7f37327 c08aef4441c9f0ec c0922967145fc86a 409fa1093544c0e1 c09fa1093544c0e1 408aef4441c9f0eb 40922967145fc86c c09a0951631bd82c c065aebc1cf06135 409cbf28e6b9e452 c09cbf28e6b9e454 409a0951631bd82a 4065aebc1cf06151 c06c1925d86457d3 c0999127db038b7a 409d144c96101674 c09d144c96101675 406c1925d86457d2 40999127db038b7b c092d116bf4b9842 c08977740dbb6c2f 409f8cd0c6294e59 c09f8cd0c6294e59 4092d116bf4b9841 408977740dbb6c31 c0871de111db24ca c093d3616d6b1c2b 409f6251f658ae8f c09f6251f658ae90 40871de111db24c7 4093d3616d6b1c2d c098caf623758809 c07317b60a3254fb 409d90e3a6021d47 c09d90e3a6021d46 4098caf62375880a 407317b60a3254f3 c07e66bfa63e41ac c096e4679ac5e721 409e7e178455778b c09e7e178455778c 407e66bfa63e41aa 4096e4679ac5e721 c095fe3136d011e2 c081a85392e29fa0 409ed25b004161b1 c09ed25b004161b1 4095fe3136d011e2 4081a85392e29f9f c08ea320a319c70a c0906b83e9396ea9 409fbd143ac6522e c09fbd143ac6522e 408ea320a319c70c 40906b83e9396ea8 c09b2b21e7d7c507 c044591d0757c0e9 409bcdead012830e c09bcdead012830e 409b2b21e7d7c507 4044591d0757c0e9
T0 c0a01cb2fcfdbdca 4090836f8337f66b 408f6beced870a51 c08f6beced870a53 40a01cb2fcfdbdca c090836f8337f66b c09bacdfa654500f 409c2380e11b4bfb c03da84eb1befb55 403da84eb1befb3a 409bacdfa654500d c09c2380e11b4bfa c09f019a6f515126 40971d16e62421a9 407f920e24b4bdef c07f920e24b4bdef 409f019a6f515126 c0971d16e62421a9 c09675525296a9cd 409f3f02b470b999 c0819360c3b41f9b 40819360c3b41f98 409675525296a9cd c09f3f02b470b999 c09fe356dc8bbe81 4093fc07e77c5307 4087ce9dea1ed6f3 c087ce9dea1ed6f1 409fe356dc8bbe81 c093fc07e77c5309 c099487871ab839e 409df2d91313bbc4 c072a98285a0e09a 4072a98285a0e09a 4099487871ab839c c09df2d91313bbc4 c09d980d78f44a8d 4099d8e7acdc8aea 406df92e60bdfd0e c06df92e60bdfd13 409d980d78f44a8b c099d8e7acdc8ae8 c0933fccd841afcb 40a0012769209c45 c0898503f3ff117c 40898503f3ff117f 40933fccd841afc9 c0a0012769209c45 c0a00ffd0e0425e0 409249c1da52926d 408bac70836b72ab c08bac70836b72ae 40a00ffd0e0425e1 c09249c1da52926a c09a893783ee2c7e 409d1b210eb2bbdb c0648f4c56247ae5 40648f4c56247ada 409a893783ee2c7d c09d1b210eb2bbd9 c09e5d78b70ee2a9 40988871b263d6f9 4077541c12ac2ebf c077541c12ac2ec1 409e5d78b70ee2a7 c0988871b263d6f7 c094e60402d1094d 409fb20830e5bc49 c08598085c2965f7 408598085c2965f5 4094e60402d1094d c09fb20830e5bc48 c09f83beb497d6c7 409598659a3b9701 4083d6b234b87f8f c083d6b234b87f8d 409f83beb497d6c7 c09598659a3b9701 c097ec020c46591e 409ea9bc73f27a57 c07af6e99eb084e3 407af6e99eb084e4 4097ec020c46591e c09ea9bc73f27a57 c09cb2311fb4a876 409b0d07fecad748 405a52920e9d12e8 c05a52920e9d12dc 409cb2311fb4a874 c09b0d07fecad748 c091847bab71910a 40a017bf4c2254eb c08d5605d9a63194 408d5605d9a63194 4091847bab719109 c0a017bf4c2254e9 c0a0188ccea3b7f6 409168fb94ecca52 408d903c10b54b34 c08d903c10b54b34 40a0188ccea3b7f6 c09168fb94ecca53 c09b1ec3324cede2 409ca33dd455968e c05847aa208a8ac3 405847aa208a8aae 409b1ec3324cede2 c09ca33dd455968c c09eb3bee0310435 4097d608ad486a2c 407b76d8cba26829 c07b76d8cba26829 409eb3bee0310435 c097d608ad486a2c c095b0a43e348c92 409f7cd64fbb84fa c0839864230df0d1 40839864230df0d0 4095b0a43e348c91 c09f7cd64fbb84f8 c09fb7e3bdb678b7 4094cd10a2f9434d 4085d5a6357a6ad4 c085d5a6357a6ad6 409fb7e3bdb678b7 c094cd10a2f9434c c0989d9cfafcbb8b 409e5272ba7723f4 c076d356fde9a1a1 4076d356fde9a1a3 40989d9cfafcbb8c c09e5272ba7723f4 c09d291e825e16b8 409a76986636c5fb 40659430e13a85e0 c0659430e13a85dd 409d291e825e16b6 c09a76986636c5fb c09264a9a726b824 40a00ea6c8706363 c08b7147d3741d41 408b7147d3741d41 409264a9a726b823 c0a00ea6c8706362 c0a0030613f2ef0f 40932584b54761ee 4089c10ee53cf862 c089c10ee53cf863 40a0030613f2ef10 c0932584b54761ee c099ec6599f8893a 409d8b09b2c64f8b c06cf520c66e327b 406cf520c66e327b 4099ec6599f88939 c09d8b09b2c64f89 c09dfedf9a6c7582 409934210d0fecbf 40732afa3572230c c0732afa35722310 409dfedf9a6c7582 c09934210d0fecbd c09415a92c385e87 409fde89c2d966be c08791c12d42106f 408791c12d421070 409415a92c385e86 c09fde89c2d966be c09f46f60c92ffd9 40965dcf0feb97f8 4081d24df94ecfc0 c081d24df94ecfc2 409f46f60c92ffd7 c0965dcf0feb97f5 c09733d855701ea6 409ef89e51dca4f3 c07f1317f1b2192c 407f1317f1b21928 409733d855701ea6 c09ef89e51dca4f1 c09c3365eaffc835 409b9c0d395dbd2a 4042eb163441615f c042eb1634416153 409c3365eaffc834 c09b9c0d395dbd29 c0909f805984f57c 40a01c6e75e4e8af c08f32b92489b7c2 408f32b92489b7bb 40909f805984f580 c0a01c6e75e4e8af c0a01b2d318f828e 4090f6ca5e717e72 408e7f20095b0d55 c08e7f20095b0d57 40a01b2d318f828e c090f6ca5e717e71 c09b66c1cf46f9a0 409c64586e5bf78d c04fb2d3e29fbd99 404fb2d3e29fbda9 409b66c1cf46f99f c09c64586e5bf78d c09edbbb5e69673c 40977a5dc15e556f 407d8576742c4738 c07d8576742c4739 409edbbb5e69673b c0977a5dc15e556d c09613bcf5e2c2a9 409f5effb85223a3 c082968584dec1f1 4082968584dec1f2 409613bcf5e2c2a9 c09f5effb85223a3 c09fceb457552946 4094653f321c5cbb 4086d2ea4a719916 c086d2ea4a719915 409fceb457552946 c094653f321c5cbd c098f3e59dfb304b 409e23ae4ec9c836 c074bf22c33a5fad 4074bf22c33a5fad 4098f3e59dfb304a c09e23ae4ec9c836 c09d6197befbf6c5 409a28a585c8e574 4069c791c9988a85 c069c791c9988a8a 409d6197befbf6c5 c09a28a585c8e574 c092d2e062ad1298 40a00873c0436f05 c08a7c0e3bb396e4 408a7c0e3bb396e1 4092d2e062ad1298 c0a00873c0436f04 c0a00a0e4687eb2d 4092b84781710067 408ab7aa173dabe8 c08ab7aa173dabe7 40a00a0e4687eb2d c092b84781710068 c09a3bb4b2668b7b 409d5416ab971c4d c068c30fc9848696 4068c30fc9848695 409a3bb4b2668b7b c09d5416ab971c4c c09e2f34f5df7630 4098df239145ed6e 4075404592662305 c075404592662303 409e2f34f5df762e c098df239145ed6d c0947e8a624bb634 409fc95fd5511616 c08695aae60abfc2 408695aae60abfc3 40947e8a624bb634 c09fc95fd5511616 c09f666dd8005c57 4095fbdb310df5d1 4082d5254de4cd0c c082d5254de4cd0d 409f666dd8005c57 c095fbdb310df5d1 c09790bbecbdc0d4 409ed23bc63bf0a7 c07d05ff65f8bf48 407d05ff65f8bf42 409790bbecbdc0d5 c09ed23bc63bf0a5 c09c73c5204ecd39 409b557a67750dd3 4051e4ab8d9bf65c c051e4ab8d9bf662 409c73c5204ecd39 c09b557a67750dd3 c0911293c89ed867 40a01aa428103403 c08e45690f031f3d 408e45690f031f41 40911293c89ed865 c0a01aa428103403 c0a014d2024fc579 4091d9fb531869f5 408c9f51630e41f6 c08c9f51630e41f8 40a014d2024fc579 c091d9fb531869f4 c09ad4e8be95d305 409ce02cc37beae3 c0605a202730bef0 40605a202730bef0 409ad4e8be95d304 c09ce02cc37beae2 c09e89a7b23d4814 409830116185d0a2 4079665942ddddc4 c079665942ddddc0 409e89a7b23d4814 c09830116185d0a3 c0954c0ef640afd4 409f98846f2568fb c08498eaf1c9724b 408498eaf1c9724a 40954c0ef640afd4 c09f98846f2568f9 c09f9ee69ffc5804 409533751c86a046 4084d6e306eb6f78 c084d6e306eb6f78 409f9ee69ffc5804 c09533751c86a046 c09845a47295e8e0 409e7f23218cd779 c078e5fabbdbba65 4078e5fabbdbba5b 409845a47295e8e1 c09e7f23218cd779 c09ceea5a1f7273f 409ac2baf67e7333 40615f555bc5a05e c0615f555bc5a063 409ceea5a1f7273f c09ac2baf67e7333 c091f53033723ece 40a013c014e21753 c08c649feca3dfb0 408c649feca3dfb0 4091f53033723ecb c0a013c014e21753 c09ff5c9e34d6120 40939171f92c3e4f 4088c8afd44245a1 c088c8afd44245a4 409ff5c9e34d6120 c0939171f92c3e4f c0999b4faa299185 409dbff660224818 c070929ad7e2da4d 4070929ad7e2da51 40999b4faa299185 c09dbff660224818 c09dcc7bf4bf81a8 40998764528e56db 4071145e88c4ab35 c071145e88c4ab33 409dcc7bf4bf81a8 c0998764528e56db c093ab6790c3c686 409ff184862a09ae c0888c39eacc864f 40888c39eacc8650 4093ab6790c3c685 c09ff184862a09ae c09f25597a6f477b 4096be3a8031ffe7 4080ce3df47a8f28 c080ce3df47a8f28 409f25597a6f4779 c096be3a8031ffe4 c096d55da427f8dd 409f1ce175583b36 c0808f07a26084b2 40808f07a26084b2 4096d55da427f8dd c09f1ce175583b36 c09bf117e938bb89 409be0bb9e4434f2 40105c4af486971a c0105c4af486959a 409bf117e938bb88 c09be0bb9e4434f2 c0902b4941368675 40a01d1e16373e21 c0900ef2eb37f5cc 40900ef2eb37f5cb 40902b4941368676 c0a01d1e16373e21 c0a01c136c56015f 4090bd41a765cd42 408ef5ca628c6af9 c08ef5ca628c6af9 40a01c136c56015f c090bd41a765cd41 c09b8a0d2135b34a 409c442aa6556c93 c04743b0a3f7296c 404743b0a3f7296f 409b8a0d2135b348 c09c442aa6556c93 c09eeeeebeee34ab 40974bed6c09d40d 407e8c054b918281 c07e8c054b918283 409eeeeebeee34ab c0974bed6c09d40b c09644b87b3f313c 409f4f45e1be4940 c082151accfe3008 4082151accfe3007 409644b87b3f313b c09f4f45e1be4940 c09fd94b74041175 409430cfd535396f 408750f73d9db008 c08750f73d9db008 409fd94b74041173 c09430cfd535396f c0991e661f309dd1 409e0b85963bcc54 c073b47ddc2cba0b 4073b47ddc2cba0b 40991e661f309dd2 c09e0b85963bcc54 c09d7d1348da1043 409a00ffa1ac5dd4 406be09d396d937e c06be09d396d9376 409d7d1348da1043 c09a00ffa1ac5dd5 c09309805e310153 40a004f0b7038575 c08a00c21fac132f 408a00c21fac132b 409309805e310156 c0a004f0b7038575 c0a00d28de9e6f3e 4092812d439d8a20 408b3248f33ea8b7 c08b3248f33ea8b5 40a00d28de9e6f3e c092812d439d8a21 c09a62aff9c522fe 409d37dbf2383791 c066a95fc398a491 4066a95fc398a488 409a62aff9c522ff c09d37dbf2383791 c09e46993d55e93b 4098b400cfd86064 40764a61b5f6235c c0764a61b5f6235a 409e46993d55e93b c098b400cfd86064 c094b274974df0eb 409fbdf9a143f0ea c086170a13ec0001 4086170a13ec0003 4094b274974df0eb c09fbdf9a143f0ea c09f755b452fa2dd 4095ca50302f750c 408356162a005ba3 c08356162a005ba4 409f755b452fa2dd c095ca50302f750c c097be93103d4107 409ebe3f8a6156d2 c07bfeb1e890572f 407bfeb1e890572e 4097be93103d4108 c09ebe3f8a6156d2 c09c9339cc00b0fa 409b317cd74a6343 40561bcf4b64db69 c0561bcf4b64db6c 409c9339cc00b0fa c09b317cd74a6344 c0914bada8f69331 40a01955092425c8 c08dcdf8d2a370be 408dcdf8d2a370bc 40914bada8f69331 c0a01955092425c8 c0a016d2b203d2b0 4091a1a21f75e3b2 408d18068923835a c08d18068923835c 40a016d2b203d2b0 c091a1a21f75e3b0 c09afa11230edfa8 409cc1f45e646c82 c05c7e33b558cd9b 405c7e33b558cd96 409afa11230edfa8 c09cc1f45e646c82 c09e9ef671e376fa 40980341b1c520c6 407a6ed3007958ce c07a6ed3007958cd 409e9ef671e376f9 c0980341b1c520c5 c0957e88be91cbd0 409f8af28dae9f3d c08418d39e39a6dd 408418d39e39a6da 40957e88be91cbd0 c09f8af28dae9f3d c09fabaaa4da48e0 40950070ef89f990 408556736aa09ea0 c08556736aa09ea0 409fabaaa4da48df c0950070ef89f98f c09871d653aec43f 409e690da071e4f9 c077dcdd330c82e9 4077dcdd330c82ee 409871d653aec43e c09e690da071e4f9 c09d0c21c7567f07 409a9ce40c9cb99b 406379edd5ce2b5d c06379edd5ce2b69 409d0c21c7567f07 c09a9ce40c9cb99a c0922d14ca974631 40a01156ac2bf7db c08beb311b81530f 408beb311b815317 40922d14ca97462d c0a01156ac2bf7db c09ffe313099f132 40935ba5cc1de18b 40894516c8f81f4d c0894516c8f81f4c 409ffe313099f132 c0935ba5cc1de18a c099c41324cbf6f0 409da5c10f8e125a c06f0d6f5610db49 406f0d6f5610db52 4099c41324cbf6f0 c09da5c10f8e125a c09de5ef5a7338a2 40995dfa529de6ad 40721fd41f5547cf c0721fd41f5547cf 409de5ef5a7338a1 c0995dfa529de6ad c093e0b3f7346b1e 409fe84d1f7f0348 c0880f3250953055 40880f3250953055 4093e0b3f7346b1e c09fe84d1f7f034a c09f366c385d62c9 40968e36404042c9 4081506bf03a4001 c081506bf03a3fff 409f366c385d62c9 c0968e36404042ca c09704cd79165d10 409f0b03f942efc3 c0800c6d00592569 40800c6d00592566 409704cd79165d10 c09f0b03f942efc3 c09c127c7bc02520 409bbea1458a425f 4034f6cd8d78aff2 c034f6cd8d78b064 409c127c7bc02520 c09bbea1458a425d c0906588c3899e76 40a01ce99cf33950 c08fa894ecb9a856 408fa894ecb9a856 40906588c3899e76 c0a01ce99cf33950 c0a01a00509c264d 40913008abfc0697 408e07efea788c05 c08e07efea788c05 40a01a00509c264d c0913008abfc0697 c09b42fe4b5943c1 409c8409ac082cab c05410b60aee8e9c 405410b60aee8e8d 409b42fe4b5943c1 c09c8409ac082caa c09ec800a1fc0ba8 4097a8671a6ddf90 407c7e661e38b063 c07c7e661e38b064 409ec800a1fc0ba7 c097a8671a6ddf8f c095e260995d8df2 409f6e2ff331148e c083179eb3a70d33 4083179eb3a70d36 4095e260995d8df1 c09f6e2ff331148e c09fc391b4f339a4 4094995518309ba1 4086547939853c06 c086547939853c0a 409fc391b4f339a4 c094995518309b9f c098c8f7a87a32e4 409e3b52d2c49d63 c075c96ca929a9fd 4075c96ca929a9fb 4098c8f7a87a32e4 c09e3b52d2c49d63 c09d459b53e7254c 409a4fd8ab47f9e3 4067ae1544f95b4e c067ae1544f95b4e 409d459b53e7254c c09a4fd8ab47f9e2 c0929bedd552286f 40a00bb07578c172 c08af6e62b3eb4ec 408af6e62b3eb4ee 40929bedd552286d c0a00bb07578c172 c0a006ad535e0f84 4092ef0fa2186765 408a3c9609476f43 c08a3c9609476f44 40a006ad535e0f83 c092ef0fa2186765 c09a144658d02b48 409d6fd0befba1c8 c06adc53315bb409 406adc53315bb410 409a144658d02b48 c09d6fd0befba1ca c09e174c4746ec20 409909d93975d104 407435cc37446c71 c07435cc37446c6c 409e174c4746ec1e c09909d93975d104 c0944a4647836510 409fd43a9b0c91fc c08713e8a71259d7 408713e8a71259d2 40944a4647836513 c09fd43a9b0c91fc c09f56f6ae849245 40962d05c38587e4 408253e1d5fe14bf c08253e1d5fe14be 409f56f6ae849243 c0962d05c38587e4 c097627d6adba313 409ee5b0cfd817ce c07e0ccd93f1d2ee 407e0ccd93f1d2ee 4097627d6adba313 c09ee5b0cfd817cf c09c53d3a699c21b 409b7900116bdad1 404b5a72a5bce94e c04b5a72a5bce954 409c53d3a699c21a c09b7900116bdad0 c090d92f04e33363 40a01baca328809c c08ebc5482db9bac 408ebc5482db9baf 4090d92f04e33361 c0a01baca328809c c0a0128ac85071f4 4092120638a8b393 408c261eaff060ad c08c261eaff060ad 40a0128ac85071f4 c092120638a8b391 c09aaf4aa7df9224 409cfde67f0ca20c c06274deb9687f45 406274deb9687f46 409aaf4aa7df9224 c09cfde67f0ca20d c09e73d2feb589cf 40985c76f7fa4eef 40785d701aeceb7e c0785d701aeceb82 409e73d2feb589cf c0985c76f7fa4eef c0951937c2aa2f84 409fa58bb899d292 c08518a7ebdf461c 408518a7ebdf461b 40951937c2aa2f85 c09fa58bb899d292 c09f9197e71bb45a 4095661c4a2731e3 408456f739e904ea c08456f739e904ea 409f9197e71bb458 c095661c4a2731e2 c0981908198e1cee 409e94b2dce9135c c079eeab0d6bd9b4 4079eeab0d6bd9af 40981908198e1cee c09e94b2dce9135a c09cd0aa9395bfa6 409ae81c7de0a0a3 405e88e15b51f03c c05e88e15b51f043 409cd0aa9395bfa6 c09ae81c7de0a0a3 c091bcfcd6e3c896 40a015e2f7fe8352 c08cdd9232327c1e 408cdd9232327c17 4091bcfcd6e3c898 c0a015e2f7fe8352 c09fecd664dccb07 4093c6e850774860 40884bdc28cb0550 c0884bdc28cb0551 409fecd664dccb07 c093c6e85077485f c099721bdce039b9 409dd9a9318cc1c8 c0719e3552b22038 40719e3552b22037 4099721bdce039b9 c09dd9a9318cc1c6 c09db285d8f4e2c9 4099b05e5737ec83 4070089e06f3d918 c070089e06f3d920 409db285d8f4e2cb c099b05e5737ec82 c09375c4e2b12495 409ffa2fce6d0af5 c08908d5d777ccc0 408908d5d777ccc7 409375c4e2b12492 c09ffa2fce6d0af5 c09f13be1daccab2 4096eddafd2144f8 40804bc641170b73 c0804bc641170b74 409f13be1daccab2 c096eddafd2144f8 c096a589a6b9748d 409f2e3677bf1773 c0811159a20b45cd 40811159a20b45cd 4096a589a6b9748d c09f2e3677bf1773 c09bcf38c5e391eb 409c025badf435b4 c02991740851e500 402991740851e58e 409bcf38c5e391e9 c09c025badf435b4 c08fe185a419059a 40a01d0be0caca91 c0904954ef891253 40904954ef891253 408fe185a4190598 c0a01d0be0caca91 4038134f4dae6100 c09bad36369ce821 409b4ce8f9662e9c c09b4ce8f9662e9d c038134f4dae611d 409bad36369ce822 c08f16e6081d0de8 c090323fadb694b0 409fbdb2b1c51ba5 c09fbdb2b1c51ba5 408f16e6081d0de7 4090323fadb694b1 c07f6842a6e0bee4 c096b5d4eef70c90 409e8fe598af3c48 c09e8fe598af3c49 407f6842a6e0bee4 4096b5d4eef70c90 c0962da3fd04038b c0812836209c9e5d 409ec1bf0d5252b9 c09ec1bf0d5252bb 40962da3fd04038a 40812836209c9e63 c06e291bd0a704f5 c099692ca81cd687 409d2e502231b726 c09d2e502231b728 406e291bd0a70500 4099692ca81cd687 c0930635d333654f c088fd15176b5258 409f84c05ee90e7c c09f84c05ee90e7c 40930635d333654e 4088fd15176b5258 c0879932996fd6fb c0939f0348c1c6b1 409f6b9c9579b22d c09f6b9c9579b22d 40879932996fd6f8 40939f0348c1c6b1 c098f3ecc6485ee9 c072106086827f20 409d7804e7e8feb1 c09d7804e7e8feb0 4098f3ecc6485ee9 4072106086827f19 c05b359bdc80a569 c09a99c5fa761e4e 409c4d1fb83e28a4 c09c4d1fb83e28a5 405b359bdc80a551 409a99c5fa761e50 c0915252f15bdc04 c08cc08ca81a9065 409fb29945692436 c09fb29945692436 40915252f15bdc01 408cc08ca81a9068 c083b17543c480ae c095360c67437489 409f0ec70925b4df c09f0ec70925b4e1 4083b17543c480ac 4095360c6743748a c0979dba239b674d c07a3ec90fc0c593 409e2d6c678b98b1 c09e2d6c678b98b3 40979dba239b674d 407a3ec90fc0c598 c0774b2cca0a43cc c0981cb828bf5d31 409def835b41ee23 c09def835b41ee23 40774b2cca0a43d0 40981cb828bf5d31 c094a53dd48ca736 c0851e38d8277d52 409f345a40a065de c09f345a40a065e0 4094a53dd48ca737 40851e38d8277d52 c08b671162506ede c091f277c7f94fda 409fa6007921874a c09fa6007921874a 408b671162506ede 4091f277c7f94fda c09a2ec4c44aa1ed c0639c553473c7c2 409ca24f6ad91ae6 c09ca24f6ad91ae6 409a2ec4c44aa1ed 40639c553473c7c2 c04533affc184f60 c09b2736de45d57e 409bd0d45e2697f8 c09bd0d45e2697fa 404533affc184f86 409b2736de45d57e c0907123e85e4769 c08e96b75428bf6d 409fbc7f9272a721 c09fbc7f9272a71f 40907123e85e4768 408e96b75428bf6f c081b538a4e02978 c095f8f3a7e51ff6 409ed38ffa5534b2 c09ed38ffa5534b2 4081b538a4e02978 4095f8f3a7e51ff6 c096e8d2edead29f c07e4bc1b4a522aa 409e7bc35b141b4a c09e7bc35b141b4a 4096e8d2edead29f 407e4bc1b4a522af c073327ef4ec85cf c098c657b997ce63 409d92f776d2efd7 c09d92f776d2efd7 4073327ef4ec85ca 4098c657b997ce65 c093d8722e9ad9ab c08710d050960a28 409f60da56e5dec0 c09f60da56e5dec2 4093d8722e9ad9ad 408710d050960a29 c08983a140e62249 c092cb50ffa93750 409f8d21a01c4876 c09f8d21a01c4876 408983a140e6224a 4092cb50ffa93751 c09994da64a6e5c0 c06be25d8d60e270 409d11261653020e c09d11261653020e 409994da64a6e5bf 406be25d8d60e270 c065e4f51ea847a0 c09a050a512a6659 409cc1a8f4ff6f4c c09cc1a8f4ff6f4e 4065e4f51ea847a1 409a050a512a665a c0922ec2642d4192 c08ae2803a6ce653 409fa0028163b4bb c09fa0028163b4bb 40922ec2642d4191 408ae2803a6ce653 c085a84bdd47eb47 c0946d549aeaa026 409f417a898e95c8 c09f417a898e95ca 4085a84bdd47eb45 40946d549aeaa027 c0984c2806bca761 c0762a9e96b12de7 409dd6cfac68f2da c09dd6cfac68f2da 40984c2806bca762 40762a9e96b12de7 c07b5d77ede83ed1 c0976c7c7554b8c0 409e43da70cec874 c09e43da70cec872 407b5d77ede83ec9 40976c7c7554b8c1 c0956c60a0fac990 c08325d75c16221d 409eff4c4f05da9d c09eff4c4f05da9e 40956c60a0fac98f 408325d75c16221f c08d42fe772b0077 c09114b31399e642 409fb6324f2f667e c09fb6324f2f667c 408d42fe772b0077 409114b31399e642 c09ac181b3c7f1fc c056a1d94154b76e 409c2b9f47dd3d74 c09c2b9f47dd3d75 409ac181b3c7f1fa 4056a1d94154b7b6 c02254b17a809f5c c09b6b2713f7766c 409b8fd076ec77aa c09b8fd076ec77ab 402254b17a809f5c 409b6b2713f7766d c08ffdaf92c93191 c08f7eafa4031d8c 409fbe2f9b66278d c09fbe2f9b66278d 408ffdaf92c93191 408f7eafa4031d8c c080b53f8f8a7de5 c09658285125b6f3 409eb2c818eaf5e5 c09eb2c818eaf5e5 4080b53f8f8a7de3 409658285125b6f3 c0968c014207b748 c0802799362ffdb9 409e9fcddd1fb624 c09e9fcddd1fb626 40968c014207b748 40802799362ffdba c071241cce98d6f6 c099189e5aa80a83 409d61a58e4e4041 c09d61a58e4e4041 4071241cce98d6f7 4099189e5aa80a83 c0936ffe863c3543 c08807c5842d7efc 409f73e14852f4c2 c09f73e14852f4c2 40936ffe863c3543 408807c5842d7efb c0888f4161e9efaf c09335d2ab378519 409f7d735c2c7cf1 c09f7d735c2c7cf3 40888f4161e9efae 409335d2ab37851c c099454146db4cb8 c07001540f958f7a 409d45964ac0b096 c09d45964ac0b096 4099454146db4cb7 407001540f958f80 c061c07d424941ca c09a504efe01b68b 409c885ea64adec5 c09c885ea64adec5 4061c07d424941d1 409a504efe01b68b c091c1266c658ea6 c08bd27a853eaadc 409faa63af04e414 c09faa63af04e414 4091c1266c658ea5 408bd27a853eaadd c084ad95f805030f c094d2672b931dac 409f293227959f33 c09f293227959f33 4084ad95f8050310 4094d2672b931daa c097f5c3475c3776 c078358834d84284 409e032554924818 c09e032554924818 4097f5c3475c3776 4078358834d84282 c07955309927ef56 c097c56ad91a7414 409e1ab6ff646fe9 c09e1ab6ff646feb 407955309927ef56 4097c56ad91a7414 c0950987c8debdd3 c08422b8bf63e75e 409f1ae42890b182 c09f1ae42890b184 40950987c8debdd2 408422b8bf63e765 c08c5600828c4388 c091842f1892dcb6 409faf2f59d8fe7a c09faf2f59d8fe7a 408c5600828c4387 4091842f1892dcb7 c09a790b79999719 c05eee512ed1a8f6 409c67f08c86b1a9 c09c67f08c86b1a8 409a790b7999971a 405eee512ed1a8e4 c052e85fccd78cad c09ae16a3d8c49a3 409c0ff03a59c26f c09c0ff03a59c26f 4052e85fccd78c9f 409ae16a3d8c49a4 c090e24f8b92042d c08daca651e9c63b 409fb8a2b486e74c c09fb8a2b486e74c 4090e24f8b92042d 408daca651e9c63d c082b3fb08402396 c095983d79a58f03 409ef23afdc5a0cc c09ef23afdc5a0cd 4082b3fb08402398 4095983d79a58f03 c0974412a41d381b c07c463d6dba9862 409e55a1ff8bde34 c09e55a1ff8bde34 40974412a41d381a 407c463d6dba9866 c0753f90479beefe c098725e68800211 409dc2427a66fdd0 c09dc2427a66fdd0 40753f90479beeff 4098725e68800211 c0943f89a3a4bc41 c086184669a91737 409f4bacd87947db c09f4bacd87947dd 40943f89a3a4bc3f 4086184669a9173e c08a764176b3b764 c0925f8592cea40d 409f9aa64e287fc0 c09f9aa64e287fc1 408a764176b3b764 40925f8592cea40f c099e2b2ab1300c4 c067c029bce26101 409cdab7e2af4ce4 c09cdab7e2af4ce4 4099e2b2ab1300c3 4067c029bce26101 c06a07ecd4d7f81a c099b7fd1c901ab5 409cf8fab72b19b8 c09cf8fab72b19b8 406a07ecd4d7f80d 4099b7fd1c901ab6 c0929b1f558ac57e c089f0ae3a310dd8 409f937672a34c6b c09f937672a34c6b 40929b1f558ac57f 4089f0ae3a310dd8 c086a185c4b128e4 c09406dba2aa06d1 409f579e85029b43 c09f579e85029b45 4086a185c4b128e5 409406dba2aa06d1 c098a0e275e9bae7 c0741e300c185aba 409da86e78efd196 c09da86e78efd196 4098a0e275e9bae7 40741e300c185abc c07d63df1fb51e48 c09711f315c77f45 409e6aeaddb4c6d8 c09e6aeaddb4c6d6 407d63df1fb51e45 409711f315c77f45 c095cdc1968cd3c9 c08227a6032cac52 409ee194982329f3 c09ee194982329f4 4095cdc1968cd3c9 408227a6032cac54 c08e2dfb0203942c c090a40b5d1d631a 409fbb08de1f2d2f c09fbb08de1f2d2f 408e2dfb0203942e 4090a40b5d1d6319 c09b08227b7359d5 c04ca7a876e8c6dd 409bed5fbf2aa00c c09bed5fbf2aa00d 409b08227b7359d4 404ca7a876e8c71d 401dd22e88669665 c09b8c6b10e33359 409b6e98e25accc2 c09b6e98e25accc2 c01dd22e886696de 409b8c6b10e33359 c08f8a8ffad91621 c08ff1dd8faf6d83 409fbe36c54441d2 c09fbe36c54441d2 408f8a8ffad91621 408ff1dd8faf6d85 c08034d3fcd6601e c096873008d7f02b 409ea19a0743203a c09ea19a0743203a 408034d3fcd6601c 4096873008d7f02b c0965d03abd07a8a c080a80c33735273 409eb109c58a23c4 c09eb109c58a23c4 40965d03abd07a8a 4080a80c33735276 c0701c78b163a99a c099411ce4e277ec 409d483b113b6254 c09d483b113b6254 40701c78b163a999 4099411ce4e277ec c0933b445a972ffa c08882a30f8a5dd1 409f7c95e25c5ee2 c09f7c95e25c5ee2 40933b445a972ffa 408882a30f8a5dd3 c088146ecdb6c973 c0936a958fa31f25 409f74ccf67e83de c09f74ccf67e83de 4088146ecdb6c974 40936a958fa31f24 c0991cce1a703870 c07108ffa7bbe575 409d5f0e045f31cd c09d5f0e045f31cf 40991cce1a70386f 407108ffa7bbe586 c05f5b8ff6da86ce c09a75448396e414 409c6afd83048c80 c09c6afd83048c80 405f5b8ff6da86d7 409a75448396e413 c09189e3263f63a6 c08c49c1a188e22f 409faec3f703d4bd c09faec3f703d4be 409189e3263f63a5 408c49c1a188e234 c0842fb1e3da7fc7 c0950467e1e754af 409f1c40d3d49493 c09f1c40d3d49493 40842fb1e3da7fc7 40950467e1e754af c097c9f2e229504f c0793a5ff7055f75 409e188adfeaa82c c09e188adfeaa82d 4097c9f2e229504f 40793a5ff7055f76 c0785064052368e9 c097f14603d9fac0 409e055f0522d4fd c09e055f0522d4fd 40785064052368e6 4097f14603d9fac1 c094d79084d8d251 c084a0a609774aa6 409f27e3899477a5 c09f27e3899477a5 4094d79084d8d250 4084a0a609774aa9 c08bdec612a75098 c091bb7a5468423c 409faadd5dbbea89 c09faadd5dbbea89 408bdec612a75098 4091bb7a5468423d c09a5421dda0a92b c06189e55d51d827 409c855e894ae430 c09c855e894ae430 409a5421dda0a92a 406189e55d51d834 c04d8278839affb5 c09b048bcf82495c 409bf09f939f215a c09bf09f939f215a 404d8278839aff99 409b048bcf82495d c090a9de46035edb c08e21f0e981faec 409fbad6bac45c50 c09fbad6bac45c52 4090a9de46035edb 408e21f0e981faee c08234c1c4b09853 c095c8c857f49e04 409ee3293a4cea2e c09ee3293a4cea2c 408234c1c4b09852 4095c8c857f49e04 c09716a56c70eb5f c07d493fcc671c43 409e68f55f8ab271 c09e68f55f8ab271 409716a56c70eb5e 407d493fcc671c4a c0743933f9147b3d c0989c910ba8836c 409daade09eda23d c09daade09eda23d 40743933f9147b3c 40989c910ba8836d c0940c29e127dcc9 c08694bce3a120ef 409f568852f86d42 c09f568852f86d42 40940c29e127dccb 408694bce3a120ee c089fd2a5bbe694d c09295940bb67593 409f94293995aa38 c09f94293995aa38 4089fd2a5bbe694a 409295940bb67593 c099bbfef8dfe14b c069d17c4546312e 409cf62e8188a76f c09cf62e8188a76f 4099bbfef8dfe14c 4069d17c45463115 c067f6a5887606e8 c099debc7411a8fc 409cdd91252069d9 c09cdd91252069d9 4067f6a5887606eb 4099debc7411a8fc c09265193502ae69 c08a69d1288cce3f 409f9a01c9491588 c09f9a01c9491588 409265193502ae6a 408a69d1288cce3f c086251962a4961f c0943a447bf0428b 409f4cd12d428d9c c09f4cd12d428d9c 4086251962a4961e 40943a447bf0428c c09876bae5f3d187 c0752495b0743e51 409dbfe05210e11d c09dbfe05210e11e 409876bae5f3d187 40752495b0743e56 c07c60e9c474bc34 c0973f6ac26684e4 409e57a53383b3f1 c09e57a53383b3f1 407c60e9c474bc38 40973f6ac26684e4 c0959d40837a10a6 c082a6e7981c2044 409ef0b44f8820c8 c09ef0b44f8820c6 40959d40837a10a5 4082a6e7981c2044 c08db8bdec561215 c090dc84337c2b40 409fb8e329a7344b c09fb8e329a7344b 408db8bdec561211 4090dc84337c2b42 c09ae50d14236c2f c0527aff4692a2cd 409c0cbd088c965b c09c0cbd088c965c 409ae50d14236c2f 40527aff4692a2d5 c039c914e86e95f1 c09b496ad1c4c9a9 409bb08f25668402 c09bb08f25668402 4039c914e86e960c 409b496ad1c4c9a9 c09038216b789c64 c08f0af791a33949 409fbd9d344a3909 c09fbd9d344a3909 409038216b789c63 408f0af791a3394d c0813561d83d203b c09628be962c31df 409ec36f824ac1fd c09ec36f824ac1fd 40813561d83d2039 409628be962c31e0 c096ba9bf18a5902 c07f4dbeb885816c 409e8e0b9fabb95f c09e8e0b9fabb95f 4096ba9bf18a5902 407f4dbeb885816c c0722b75bb7f26e5 c098efb1bb0e08ea 409d7a8f29edd2a2 c09d7a8f29edd2a2 40722b75bb7f26e0 4098efb1bb0e08eb c093a4636ed92fc6 c0878c7e9046a01b 409f6aa2b6fc7fd3 c09f6aa2b6fc7fd3 4093a4636ed92fc4 40878c7e9046a01d c08909a83b4778fa c09300bb82ee7ff2 409f858fa0923c6f c09f858fa0923c71 408909a83b4778fa 409300bb82ee7ff2 c0996d459a1afcef c06df2c485486110 409d2b9e2ac40911 c09d2b9e2ac40911 40996d459a1afcef 406df2c48548610e c063d2e4aae561a1 c09a2ae60bd53b71 409ca542a131e7a4 c09ca542a131e7a4 4063d2e4aae5619d 409a2ae60bd53b71 c091f81bd165d250 c08b5ab95e7126bb 409fa578809e65ae c09fa578809e65ae 4091f81bd165d252 408b5ab95e7126bb c0852b1f580ca835 c094a00b1f9cb44f 409f359acba30868 c09f359acba30868 40852b1f580ca836 4094a00b1f9cb44d c098212a9303c57e c077304641670d5f 409ded3c235d88d5 c09ded3c235d88d7 4098212a9303c57b 4077304641670d6e c07a598e0e1b4339 c097992768e06056 409e2f8aec673124 c09e2f8aec673124 407a598e0e1b433a 4097992768e06056 c0953b22c571f4c0 c083a473224d1ca6 409f0d5c56988313 c09f0d5c56988315 40953b22c571f4c0 4083a473224d1ca8 c08cccbea701a2d3 c0914c9707049437 409fb2f65a85659e c09fb2f65a85659e 408cccbea701a2d1 40914c9707049437 c09a9d80f64b0708 c05ac84ff59115b9 409c4a05f5a41863 c09c4a05f5a41862 409a9d80f64b0708 405ac84ff59115b1 c0570f3067be12e8 c09abdd2c27dd493 409c2ec5c8f9b5c2 c09c2ec5c8f9b5c2 40570f3067be12df 409abdd2c27dd494 c0911a76c174f8c8 c08d36d98fdec46f 409fb5e389645afe c09fb5e389645b00 40911a76c174f8c8 408d36d98fdec470 c08332e2417ed01d c0956753e1e5fd49 409f00c502a56557 c09f00c502a56557 408332e2417ed01b 40956753e1e5fd4a c0977119cdac8cf2 c07b42bf08c24075 409e41c98fdd1d0f c09e41c98fdd1d0f 40977119cdac8cf0 407b42bf08c2407b c076458f61ace7df c09847c08937b21d 409dd92461a2ec15 c09dd92461a2ec15 4076458f61ace7e0 409847c08937b21d c094729094b7b794 c0859b6f04a19b8e 409f40481708855a c09f40481708855c 4094729094b7b794 40859b6f04a19b93 c08aeee47e9d8411 c0922926820fc115 409fa098c15e8320 c09fa098c15e8320 408aeee47e9d8410 40922926820fc118 c09a08f4d17c7d8e c065ae6f06104ba6 409cbec2b23e8701 c09cbec2b23e8703 409a08f4d17c7d8b 4065ae6f06104bc1 c06c18c1f2248918 c09990ccf49c9786 409d13e532e128a8 c09d13e532e128aa 406c18c1f2248917 409990ccf49c9786 c092d0d3d8cc23a5 c089771982b60d36 409f8c609a272a3f c09f8c609a272a3f 4092d0d3d8cc23a4 4089771982b60d38 c0871d8ee1a63b5e c093d31af0998bd0 409f61e2616ca97d c09f61e2616ca97f 40871d8ee1a63b5b 4093d31af0998bd2 c098ca9dfdb5902e c0731772289c6f40 409d907a87dcabfd c09d907a87dcabfb 4098ca9dfdb5902f 40731772289c6f38 c07e66538fbfd0c9 c096e41636e8b21e 409e7dab1ad8a64f c09e7dab1ad8a651 407e66538fbfd0c7 4096e41636e8b21e c095fde3056ffe8c c081a814cb7c3de6 409ed1ed6b2e1d7f c09ed1ed6b2e1d7f 4095fde3056ffe8c 4081a814cb7c3de5 c08ea2b3b5f023b4 c0906b498833fc29 409fbca3632c0e03 c09fbca3632c0e03 408ea2b3b5f023b6 40906b498833fc28 c09b2ac14fd31afc c04458d4af0e360b 409bcd87f54b8cac c09bcd87f54b8cac 409b2ac14fd31afc 404458d4af0e360b
T1 3fdfff8e3a7813aa 3fdfff8e3a7813aa 3fdfff8e3a7813aa 3fdfff8e3a7813aa 3fdfff8e3a7813aa 3fdfff8e3a7813aa 3fdfff8e3a7813aa 3fdfff8e3a7813aa 3fdfff8e3a7813aa 3fdfff8e3a7813aa 3fdfff8e3a7813aa 3fdfff8e3a7813aa 3fdfff8e3a7813aa 3fdfff8e3a7813aa 3fdfff8e3a7813aa 3fdfff8e3a7813aa 3fdfff8e3a7813aa 3fdfff8e3a7813aa 3fdfff8e3a7813aa 3fdfff8e3a7813aa 3fdfff8e3a7813aa 3fdfff8e3a7813aa 3fdfff8e3a7813aa 3fdfff8e3a7813aa 3fdfff8e3a7813aa 3fdfff8e3a7813aa 3fdfff8e3a7813aa 3fdfff8e3a7813aa 3fdfff8e3a7813aa 3fdfff8e3a7813aa 3fdfff8e3a7813aa 3fdfff8e3a7813aa 3fdfff8e3a7813aa 3fdfff8e3a7813aa 3fdfff8e3a7813aa 3fdfff8e3a7813aa 3fdfff8e3a7813aa 3fdfff8e3a7813aa 3fdfff8e3a7813aa 3fdfff8e3a7813aa 3fdfff8e3a7813aa 3fdfff8e3a7813aa 3fdfff8e3a7813aa 3fdfff8e3a7813aa 3fdfff8e3a7813aa 3fdfff8e3a7813aa 3fdfff8e3a7813aa 3fdfff8e3a7813aa 3fdfff8e3a7813aa 3fdfff8e3a7813aa 3fdfff8e3a7813aa 3fdfff8e3a7813aa 3fdfff8e3a7813aa 3fdfff8e3a7813aa 3fdfff8e3a7813aa 3fdfff8e3a7813aa 3fdfff8e3a7813aa 3fdfff8e3a7813aa 3fdfff8e3a7813aa 3fdfff8e3a7813aa 3fdfff8e3a7813aa 3fdfff8e3a7813aa 3fdfff8e3a7813aa 3fdfff8e3a7813aa 3fdfff8e3a7813aa 3fdfff8e3a7813aa 3fdfff8e3a7813aa 3fdfff8e3a7813aa 3fdfff8e3a7813aa 3fdfff8e3a7813aa 3fdfff8e3a7813aa 3fdfff8e3a7813aa 3fdfff8e3a7813aa 3fdfff8e3a7813aa 3fdfff8e3a7813aa 3fdfff8e3a7813aa 3fdfff8e3a7813aa 3fdfff8e3a7813aa 3fdfff8e3a7813aa 3fdfff8e3a7813aa 3fdfff8e3a7813aa 3fdfff8e3a7813aa 3fdfff8e3a7813aa 3fdfff8e3a7813aa 3fdfff8e3a7813aa 3fdfff8e3a7813aa 3fdfff8e3a7813aa 3fdfff8e3a7813aa 3fdfff8e3a7813aa 3fdfff8e3a7813aa 3fdfff8e3a7813aa 3fdfff8e3a7813aa 3fdfff8e3a7813aa 3fdfff8e3a7813aa 3fdfff8e3a7813aa 3fdfff8e3a7813aa 3fdfff8e3a7813aa 3fdfff8e3a7813aa 3fdfff8e3a7813aa 3fdfff8e3a7813aa 3fdfff8e3a7813aa 3fdfff8e3a7813aa 3fdfff8e3a7813aa 3fdfff8e3a7813aa 3fdfff8e3a7813aa 3fdfff8e3a7813aa 3fdfff8e3a7813aa 3fdfff8e3a7813aa 3fdfff8e3a7813aa 3fdfff8e3a7813aa 3fdfff8e3a7813aa 3fdfff8e3a7813aa 3fdfff8e3a7813aa 3fdfff8e3a7813aa 3fdfff8e3a7813aa 3fdfff8e3a7813aa 3fdfff8e3a7813aa 3fdfff8e3a7813aa 3fdfff8e3a7813aa 3fdfff8e3a7813aa 3fdfff8e3a7813aa 3fdfff8e3a7813aa 3fdfff8e3a7813aa 3fdfff8e3a7813aa 3fdfff8e3a7813aa 3fdfff8e3a7813aa 3fdfff8e3a7813aa 3fdfff8e3a7813aa 3fdfff8e3a7813aa 3fdfff8e3a7813aa 3fdfff8e3a7813aa 3fdfff8e3a7813aa 3fdfff8e3a7813aa 3fdfff8e3a7813aa 3fdfff8e3a7813aa 3fdfff8e3a7813aa 3fdfff8e3a7813aa 3fdfff8e3a7813aa 3fdfff8e3a7813aa 3fdfff8e3a7813aa 3fdfff8e3a7813aa 3fdfff8e3a7813aa 3fdfff8e3a7813aa 3fdfff8e3a7813aa 3fdfff8e3a7813aa 3fdfff8e3a7813aa 3fdfff8e3a7813aa 3fdfff8e3a7813aa 3fdfff8e3a7813aa 3fdfff8e3a7813aa 3fdfff8e3a7813aa 3fdfff8e3a7813aa 3fdfff8e3a7813aa 3fdfff8e3a7813aa 3fdfff8e3a7813aa 3fdfff8e3a7813aa 3fdfff8e3a7813aa 3fdfff8e3a7813aa 3fdfff8e3a7813aa 3fdfff8e3a7813aa 3fdfff8e3a7813aa 3fdfff8e3a7813aa 3fdfff8e3a7813aa 3fdfff8e3a7813aa 3fdfff8e3a7813aa 3fdfff8e3a7813aa 3fdfff8e3a7813aa 3fdfff8e3a7813aa 3fdfff8e3a7813aa 3fdfff8e3a7813aa 3fdfff8e3a7813aa 3fdfff8e3a7813aa 3fdfff8e3a7813aa 3fdfff8e3a7813aa 3fdfff8e3a7813aa 3fdfff8e3a7813aa 3fdfff8e3a7813aa 3fdfff8e3a7813aa 3fdfff8e3a7813aa 3fdfff8e3a7813aa 3fdfff8e3a7813aa 3fdfff8e3a7813aa 3fdfff8e3a7813aa 3fdfff8e3a7813aa 3fdfff8e3a7813aa 3fdfff8e3a7813aa 3fdfff8e3a7813aa 3fdfff8e3a7813aa 3fdfff8e3a7813aa 3fdfff8e3a7813aa 3fdfff8e3a7813aa 3fdfff8e3a7813aa 3fdfff8e3a7813aa 3fdfff8e3a7813aa 3fdfff8e3a7813aa 3fdfff8e3a7813aa 3fdfff8e3a7813aa 3fdfff8e3a7813aa 3fdfff8e3a7813aa 3fdfff8e3a7813aa 3fdfff8e3a7813aa 3fdfff8e3a7813aa 3fdfff8e3a7813aa 3fdfff8e3a7813aa 3fdfff8e3a7813aa 3fdfff8e3a7813aa 3fdfff8e3a7813aa 3fdfff8e3a7813aa 3fdfff8e3a7813aa 3fdfff8e3a7813aa 3fdfff8e3a7813aa 3fdfff8e3a7813aa 3fdfff8e3a7813aa 3fdfff8e3a7813aa 3fdfff8e3a7813aa 3fdfff8e3a7813aa 3fdfff8e3a7813aa 3fdfff8e3a7813aa 3fdfff8e3a7813aa 3fdfff8e3a7813aa 3fdfff8e3a7813aa 3fdfff8e3a7813aa 3fdfff8e3a7813aa 3fdfff8e3a7813aa 3fdfff8e3a7813aa 3fdfff8e3a7813aa 3fdfff8e3a7813aa 3fdfff8e3a7813aa 3fdfff8e3a7813aa 3fdfff8e3a7813aa 3fdfff8e3a7813aa 3fdfff8e3a7813aa 3fdfff8e3a7813aa 3fdfff8e3a7813aa 3fdfff8e3a7813aa 3fdfff8e3a7813aa 3fdfff8e3a7813aa 3fdfff8e3a7813aa 3fdfff8e3a7813aa 3fdfff8e3a7813aa 3fdfff8e3a7813aa 3fdfff8e3a7813aa 3fdfff8e3a7813aa 3fdfff8e3a7813aa 3fdfff8e3a7813aa 3fdfff8e3a7813aa 3fdfff8e3a7813aa 3fdfff8e3a7813aa 3fdfff8e3a7813aa 3fdfff8e3a7813aa 3fdfff8e3a7813aa 3fdfff8e3a7813aa 3fdfff8e3a7813aa 3fdfff8e3a7813aa 3fdfff8e3a7813aa 3fdfff8e3a7813aa 3fdfff8e3a7813aa 3fdfff8e3a7813aa 3fdfff8e3a7813aa 3fdfff8e3a7813aa 3fdfff8e3a7813aa 3fdfff8e3a7813aa 3fdfff8e3a7813aa 3fdfff8e3a7813aa 3fdfff8e3a7813aa 3fdfff8e3a7813aa 3fdfff8e3a7813aa 3fdfff8e3a7813aa 3fdfff8e3a7813aa 3fdfff8e3a7813aa 3fdfff8e3a7813aa 3fdfff8e3a7813aa 3fdfff8e3a7813aa 3fdfff8e3a7813aa 3fdfff8e3a7813aa 3fdfff8e3a7813aa 3fdfff8e3a7813aa 3fdfff8e3a7813aa 3fdfff8e3a7813aa 3fdfff8e3a7813aa 3fdfff8e3a7813aa 3fdfff8e3a7813aa 3fdfff8e3a7813aa 3fdfff8e3a7813aa 3fdfff8e3a7813aa 3fdfff8e3a7813aa 3fdfff8e3a7813aa 3fdfff8e3a7813aa 3fdfff8e3a7813aa 3fdfff8e3a7813aa 3fdfff8e3a7813aa 3fdfff8e3a7813aa 3fdfff8e3a7813aa 3fdfff8e3a7813aa 3fdfff8e3a7813aa 3fdfff8e3a7813aa 3fdfff8e3a7813aa 3fdfff8e3a7813aa 3fdfff8e3a7813aa 3fdfff8e3a7813aa 3fdfff8e3a7813aa 3fdfff8e3a7813aa 3fdfff8e3a7813aa 3fdfff8e3a7813aa 3fdfff8e3a7813aa 3fdfff8e3a7813aa 3fdfff8e3a7813aa 3fdfff8e3a7813aa 3fdfff8e3a7813aa 3fdfff8e3a7813aa 3fdfff8e3a7813aa 3fdfff8e3a7813aa 3fdfff8e3a7813aa 3fdfff8e3a7813aa 3fdfff8e3a7813aa 3fdfff8e3a7813aa 3fdfff8e3a7813aa 3fdfff8e3a7813aa 3fdfff8e3a7813aa 3fdfff8e3a7813aa 3fdfff8e3a7813aa 3fdfff8e3a7813aa 3fdfff8e3a7813aa 3fdfff8e3a7813aa 3fdfff8e3a7813aa 3fdfff8e3a7813aa 3fdfff8e3a7813aa 3fdfff8e3a7813aa 3fdfff8e3a7813aa 3fdfff8e3a7813aa 3fdfff8e3a7813aa 3fdfff8e3a7813aa 3fdfff8e3a7813aa 3fdfff8e3a7813aa 3fdfff8e3a7813aa 3fdfff8e3a7813aa 3fdfff8e3a7813aa 3fdfff8e3a7813aa 3fdfff8e3a7813aa 3fdfff8e3a7813aa 3fdfff8e3a7813aa 3fdfff8e3a7813aa 3fdfff8e3a7813aa 3fdfff8e3a7813aa 3fdfff8e3a7813aa 3fdfff8e3a7813aa 3fdfff8e3a7813aa 3fdfff8e3a7813aa 3fdfff8e3a7813aa 3fdfff8e3a7813aa 3fdfff8e3a7813aa 3fdfff8e3a7813aa 3fdfff8e3a7813aa 3fdfff8e3a7813aa 3fdfff8e3a7813aa 3fdfff8e3a7813aa 3fdfff8e3a7813aa 3fdfff8e3a7813aa 3fdfff8e3a7813aa 3fdfff8e3a7813aa 3fdfff8e3a7813aa 3fdfff8e3a7813aa 3fdfff8e3a7813aa 3fdfff8e3a7813aa 3fdfff8e3a7813aa 3fdfff8e3a7813aa 3fdfff8e3a7813aa 3fdfff8e3a7813aa 3fdfff8e3a7813aa 3fdfff8e3a7813aa 3fdfff8e3a7813aa 3fdfff8e3a7813aa 3fdfff8e3a7813aa 3fdfff8e3a7813aa 3fdfff8e3a7813aa 3fdfff8e3a7813aa 3fdfff8e3a7813aa 3fdfff8e3a7813aa 3fdfff8e3a7813aa 3fdfff8e3a7813aa 3fdfff8e3a7813aa 3fdfff8e3a7813aa 3fdfff8e3a7813aa 3fdfff8e3a7813aa 3fdfff8e3a7813aa 3fdfff8e3a7813aa 3fdfff8e3a7813aa 3fdfff8e3a7813aa 3fdfff8e3a7813aa 3fdfff8e3a7813aa 3fdfff8e3a7813aa 3fdfff8e3a7813aa 3fdfff8e3a7813aa 3fdfff8e3a7813aa 3fdfff8e3a7813aa 3fdfff8e3a7813aa 3fdfff8e3a7813aa 3fdfff8e3a7813aa 3fdfff8e3a7813aa 3fdfff8e3a7813aa 3fdfff8e3a7813aa 3fdfff8e3a7813aa 3fdfff8e3a7813aa 3fdfff8e3a7813aa 3fdfff8e3a7813aa 3fdfff8e3a7813aa 3fdfff8e3a7813aa 3fdfff8e3a7813aa 3fdfff8e3a7813aa 3fdfff8e3a7813aa 3fdfff8e3a7813aa 3fdfff8e3a7813aa 3fdfff8e3a7813aa 3fdfff8e3a7813aa 3fdfff8e3a7813aa 3fdfff8e3a7813aa 3fdfff8e3a7813aa 3fdfff8e3a7813aa 3fdfff8e3a7813aa 3fdfff8e3a7813aa 3fdfff8e3a7813aa 3fdfff8e3a7813aa 3fdfff8e3a7813aa 3fdfff8e3a7813aa 3fdfff8e3a7813aa 3fdfff8e3a7813aa 3fdfff8e3a7813aa 3fdfff8e3a7813aa 3fdfff8e3a7813aa 3fdfff8e3a7813aa 3fdfff8e3a7813aa 3fdfff8e3a7813aa 3fdfff8e3a7813aa 3fdfff8e3a7813aa 3fdfff8e3a7813aa 3fdfff8e3a7813aa 3fdfff8e3a7813aa 3fdfff8e3a7813aa 3fdfff8e3a7813aa 3fdfff8e3a7813aa 3fdfff8e3a7813aa 3fdfff8e3a7813aa 3fdfff8e3a7813aa 3fdfff8e3a7813aa 3fdfff8e3a7813aa 3fdfff8e3a7813aa 3fdfff8e3a7813aa 3fdfff8e3a7813aa 3fdfff8e3a7813aa 3fdfff8e3a7813aa 3fdfff8e3a7813aa 3fdfff8e3a7813aa 3fdfff8e3a7813aa 3fdfff8e3a7813aa 3fdfff8e3a7813aa 3fdfff8e3a7813aa 3fdfff8e3a7813aa 3fdfff8e3a7813aa 3fdfff8e3a7813aa 3fdfff8e3a7813aa 3fdfff8e3a7813aa 3fdfff8e3a7813aa 3fdfff8e3a7813aa 3fdfff8e3a7813aa 3fdfff8e3a7813aa 3fdfff8e3a7813aa 3fdfff8e3a7813aa 3fdfff8e3a7813aa 3fdfff8e3a7813aa 3fdfff8e3a7813aa 3fdfff8e3a7813aa 3fdfff8e3a7813aa 3fdfff8e3a7813aa 3fdfff8e3a7813aa 3fdfff8e3a7813aa 3fdfff8e3a7813aa 3fdfff8e3a7813aa 3fdfff8e3a7813aa 3fdfff8e3a7813aa 3fdfff8e3a7813aa 3fdfff8e3a7813aa 3fdfff8e3a7813aa 3fdfff8e3a7813aa 3fdfff8e3a7813aa 3fdfff8e3a7813aa 3fdfff8e3a7813aa 3fdfff8e3a7813aa 3fdfff8e3a7813aa 3fdfff8e3a7813aa 3fdfff8e3a7813aa 3fdfff8e3a7813aa 3fdfff8e3a7813aa 3fdfff8e3a7813aa 3fdfff8e3a7813aa 3fdfff8e3a7813aa 3fdfff8e3a7813aa 3fdfff8e3a7813aa 3fdfff8e3a7813aa 3fdfff8e3a7813aa 3fdfff8e3a7813aa 3fdfff8e3a7813aa 3fdfff8e3a7813aa 3fdfff8e3a7813aa 3fdfff8e3a7813aa 3fdfff8e3a7813aa 3fdfff8e3a7813aa 3fdfff8e3a7813aa 3fdfff8e3a7813aa 3fdfff8e3a7813aa 3fdfff8e3a7813aa 3fdfff8e3a7813aa 3fdfff8e3a7813aa 3fdfff8e3a7813aa 3fdfff8e3a7813aa 3fdfff8e3a7813aa 3fdfff8e3a7813aa 3fdfff8e3a7813aa 3fdfff8e3a7813aa 3fdfff8e3a7813aa 3fdfff8e3a7813aa 3fdfff8e3a7813aa 3fdfff8e3a7813aa 3fdfff8e3a7813aa 3fdfff8e3a7813aa 3fdfff8e3a7813aa 3fdfff8e3a7813aa 3fdfff8e3a7813aa 3fdfff8e3a7813aa 3fdfff8e3a7813aa 3fdfff8e3a7813aa 3fdfff8e3a7813aa 3fdfff8e3a7813aa 3fdfff8e3a7813aa 3fdfff8e3a7813aa 3fdfff8e3a7813aa 3fdfff8e3a7813aa 3fdfff8e3a7813aa 3fdfff8e3a7813aa 3fdfff8e3a7813aa 3fdfff8e3a7813aa 3fdfff8e3a7813aa 3fdfff8e3a7813aa 3fdfff8e3a7813aa 3fdfff8e3a7813aa 3fdfff8e3a7813aa 3fdfff8e3a7813aa 3fdfff8e3a7813aa 3fdfff8e3a7813aa 3fdfff8e3a7813aa 3fdfff8e3a7813aa 3fdfff8e3a7813aa 3fdfff8e3a7813aa 3fdfff8e3a7813aa 3fdfff8e3a7813aa 3fdfff8e3a7813aa 3fdfff8e3a7813aa 3fdfff8e3a7813aa 3fdfff8e3a7813aa 3fdfff8e3a7813aa 3fdfff8e3a7813aa 3fdfff8e3a7813aa 3fdfff8e3a7813aa 3fdfff8e3a7813aa 3fdfff8e3a7813aa 3fdfff8e3a7813aa 3fdfff8e3a7813aa 3fdfff8e3a7813aa 3fdfff8e3a7813aa 3fdfff8e3a7813aa 3fdfff8e3a7813aa 3fdfff8e3a7813aa 3fdfff8e3a7813aa 3fdfff8e3a7813aa 3fdfff8e3a7813aa 3fdfff8e3a7813aa 3fdfff8e3a7813aa 3fdfff8e3a7813aa 3fdfff8e3a7813aa 3fdfff8e3a7813aa 3fdfff8e3a7813aa 3fdfff8e3a7813aa 3fdfff8e3a7813aa 3fdfff8e3a7813aa 3fdfff8e3a7813aa 3fdfff8e3a7813aa 3fdfff8e3a7813aa 3fdfff8e3a7813aa 3fdfff8e3a7813aa 3fdfff8e3a7813aa 3fdfff8e3a7813aa 3fdfff8e3a7813aa 3fdfff8e3a7813aa 3fdfff8e3a7813aa 3fdfff8e3a7813aa 3fdfff8e3a7813aa 3fdfff8e3a7813aa 3fdfff8e3a7813aa 3fdfff8e3a7813aa 3fdfff8e3a7813aa 3fdfff8e3a7813aa 3fdfff8e3a7813aa 3fdfff8e3a7813aa 3fdfff8e3a7813aa 3fdfff8e3a7813aa 3fdfff8e3a7813aa 3fdfff8e3a7813aa 3fdfff8e3a7813aa 3fdfff8e3a7813aa 3fdfff8e3a7813aa 3fdfff8e3a7813aa 3fdfff8e3a7813aa 3fdfff8e3a7813aa 3fdfff8e3a7813aa 3fdfff8e3a7813aa 3fdfff8e3a7813aa 3fdfff8e3a7813aa 3fdfff8e3a7813aa 3fdfff8e3a7813aa 3fdfff8e3a7813aa 3fdfff8e3a7813aa 3fdfff8e3a7813aa 3fdfff8e3a7813aa 3fdfff8e3a7813aa 3fdfff8e3a7813aa 3fdfff8e3a7813aa 3fdfff8e3a7813aa 3fdfff8e3a7813aa 3fdfff8e3a7813aa 3fdfff8e3a7813aa 3fdfff8e3a7813aa 3fdfff8e3a7813aa 3fdfff8e3a7813aa 3fdfff8e3a7813aa 3fdfff8e3a7813aa 3fdfff8e3a7813aa 3fdfff8e3a7813aa 3fdfff8e3a7813aa 3fdfff8e3a7813aa 3fdfff8e3a7813aa 3fdfff8e3a7813aa 3fdfff8e3a7813aa 3fdfff8e3a7813aa 3fdfff8e3a7813aa 3fdfff8e3a7813aa 3fdfff8e3a7813aa 3fdfff8e3a7813aa 3fdfff8e3a7813aa 3fdfff8e3a7813aa 3fdfff8e3a7813aa 3fdfff8e3a7813aa 3fdfff8e3a7813aa 3fdfff8e3a7813aa 3fdfff8e3a7813aa 3fdfff8e3a7813aa 3fdfff8e3a7813aa 3fdfff8e3a7813aa 3fdfff8e3a7813aa 3fdfff8e3a7813aa 3fdfff8e3a7813aa 3fdfff8e3a7813aa 3fdfff8e3a7813aa 3fdfff8e3a7813aa 3fdfff8e3a7813aa 3fdfff8e3a7813aa 3fdfff8e3a7813aa 3fdfff8e3a7813aa 3fdfff8e3a7813aa 3fdfff8e3a7813aa 3fdfff8e3a7813aa 3fdfff8e3a7813aa 3fdfff8e3a7813aa 3fdfff8e3a7813aa 3fdfff8e3a7813aa 3fdfff8e3a7813aa 3fdfff8e3a7813aa 3fdfff8e3a7813aa 3fdfff8e3a7813aa 3fdfff8e3a7813aa 3fdfff8e3a7813aa 3fdfff8e3a7813aa 3fdfff8e3a7813aa 3fdfff8e3a7813aa 3fdfff8e3a7813aa 3fdfff8e3a7813aa 3fdfff8e3a7813aa 3fdfff8e3a7813aa 3fdfff8e3a7813aa 3fdfff8e3a7813aa 3fdfff8e3a7813aa 3fdfff8e3a7813aa 3fdfff8e3a7813aa 3fdfff8e3a7813aa 3fdfff8e3a7813aa 3fdfff8e3a7813aa 3fdfff8e3a7813aa 3fdfff8e3a7813aa 3fdfff8e3a7813aa 3fdfff8e3a7813aa 3fdfff8e3a7813aa 3fdfff8e3a7813aa 3fdfff8e3a7813aa 3fdfff8e3a7813aa 3fdfff8e3a7813aa 3fdfff8e3a7813aa 3fdfff8e3a7813aa 3fdfff8e3a7813aa 3fdfff8e3a7813aa 3fdfff8e3a7813aa 3fdfff8e3a7813aa 3fdfff8e3a7813aa 3fdfff8e3a7813aa 3fdfff8e3a7813aa 3fdfff8e3a7813aa 3fdfff8e3a7813aa 3fdfff8e3a7813aa 3fdfff8e3a7813aa 3fdfff8e3a7813aa 3fdfff8e3a7813aa 3fdfff8e3a7813aa 3fdfff8e3a7813aa 3fdfff8e3a7813aa 3fdfff8e3a7813aa 3fdfff8e3a7813aa 3fdfff8e3a7813aa 3fdfff8e3a7813aa 3fdfff8e3a7813aa 3fdfff8e3a7813aa 3fdfff8e3a7813aa 3fdfff8e3a7813aa 3fdfff8e3a7813aa 3fdfff8e3a7813aa 3fdfff8e3a7813aa 3fdfff8e3a7813aa 3fdfff8e3a7813aa 3fdfff8e3a7813aa 3fdfff8e3a7813aa 3fdfff8e3a7813aa 3fdfff8e3a7813aa 3fdfff8e3a7813aa 3fdfff8e3a7813aa 3fdfff8e3a7813aa 3fdfff8e3a7813aa 3fdfff8e3a7813aa 3fdfff8e3a7813aa 3fdfff8e3a7813aa 3fdfff8e3a7813aa 3fdfff8e3a7813aa 3fdfff8e3a7813aa 3fdfff8e3a7813aa 3fdfff8e3a7813aa 3fdfff8e3a7813aa 3fdfff8e3a7813aa 3fdfff8e3a7813aa 3fdfff8e3a7813aa 3fdfff8e3a7813aa 3fdfff8e3a7813aa 3fdfff8e3a7813aa 3fdfff8e3a7813aa 3fdfff8e3a7813aa 3fdfff8e3a7813aa 3fdfff8e3a7813aa 3fdfff8e3a7813aa 3fdfff8e3a7813aa 3fdfff8e3a7813aa 3fdfff8e3a7813aa 3fdfff8e3a7813aa 3fdfff8e3a7813aa 3fdfff8e3a7813aa bfebb61860e52d09 bfebb61860e52d09 bfebb61860e52d09 bfebb61860e52d09 bfebb61860e52d09 bfebb61860e52d09 bfebb61860e52d09 bfebb61860e52d09 bfebb61860e52d09 bfebb61860e52d09 bfebb61860e52d09 bfebb61860e52d09 bfebb61860e52d09 bfebb61860e52d09 bfebb61860e52d09 bfebb61860e52d09 bfebb61860e52d09 bfebb61860e52d09 bfebb61860e52d09 bfebb61860e52d09 bfebb61860e52d09 bfebb61860e52d09 bfebb61860e52d09 bfebb61860e52d09 bfebb61860e52d09 bfebb61860e52d09 bfebb61860e52d09 bfebb61860e52d09 bfebb61860e52d09 bfebb61860e52d09 bfebb61860e52d09 bfebb61860e52d09 bfebb61860e52d09 bfebb61860e52d09 bfebb61860e52d09 bfebb61860e52d09 bfebb61860e52d09 bfebb61860e52d09 bfebb61860e52d09 bfebb61860e52d09 bfebb61860e52d09 bfebb61860e52d09 bfebb61860e52d09 bfebb61860e52d09 bfebb61860e52d09 bfebb61860e52d09 bfebb61860e52d09 bfebb61860e52d09 bfebb61860e52d09 bfebb61860e52d09 bfebb61860e52d09 bfebb61860e52d09 bfebb61860e52d09 bfebb61860e52d09 bfebb61860e52d09 bfebb61860e52d09 bfebb61860e52d09 bfebb61860e52d09 bfebb61860e52d09 bfebb61860e52d09 bfebb61860e52d09 bfebb61860e52d09 bfebb61860e52d09 bfebb61860e52d09 bfebb61860e52d09 bfebb61860e52d09 bfebb61860e52d09 bfebb61860e52d09 bfebb61860e52d09 bfebb61860e52d09 bfebb61860e52d09 bfebb61860e52d09 bfebb61860e52d09 bfebb61860e52d09 bfebb61860e52d09 bfebb61860e52d09 bfebb61860e52d09 bfebb61860e52d09 bfebb61860e52d09 bfebb61860e52d09 bfebb61860e52d09 bfebb61860e52d09 bfebb61860e52d09 bfebb61860e52d09 bfebb61860e52d09 bfebb61860e52d09 bfebb61860e52d09 bfebb61860e52d09 bfebb61860e52d09 bfebb61860e52d09 bfebb61860e52d09 bfebb61860e52d09 bfebb61860e52d09 bfebb61860e52d09 bfebb61860e52d09 bfebb61860e52d09 bfebb61860e52d09 bfebb61860e52d09 bfebb61860e52d09 bfebb61860e52d09 bfebb61860e52d09 bfebb61860e52d09 bfebb61860e52d09 bfebb61860e52d09 bfebb61860e52d09 bfebb61860e52d09 bfebb61860e52d09 bfebb61860e52d09 bfebb61860e52d09 bfebb61860e52d09 bfebb61860e52d09 bfebb61860e52d09 bfebb61860e52d09 bfebb61860e52d09 bfebb61860e52d09 bfebb61860e52d09 bfebb61860e52d09 bfebb61860e52d09 bfebb61860e52d09 bfebb61860e52d09 bfebb61860e52d09 bfebb61860e52d09 bfebb61860e52d09 bfebb61860e52d09 bfebb61860e52d09 bfebb61860e52d09 bfebb61860e52d09 bfebb61860e52d09 bfebb61860e52d09 bfebb61860e52d09 bfebb61860e52d09 bfebb61860e52d09 bfebb61860e52d09 bfebb61860e52d09 bfebb61860e52d09 bfebb61860e52d09 bfebb61860e52d09 bfebb61860e52d09 bfebb61860e52d09 bfebb61860e52d09 bfebb61860e52d09 bfebb61860e52d09 bfebb61860e52d09 bfebb61860e52d09 bfebb61860e52d09 bfebb61860e52d09 bfebb61860e52d09 bfebb61860e52d09 bfebb61860e52d09 bfebb61860e52d09 bfebb61860e52d09 bfebb61860e52d09 bfebb61860e52d09 bfebb61860e52d09 bfebb61860e52d09 bfebb61860e52d09 bfebb61860e52d09 bfebb61860e52d09 bfebb61860e52d09 bfebb61860e52d09 bfebb61860e52d09 bfebb61860e52d09 bfebb61860e52d09 bfebb61860e52d09 bfebb61860e52d09 bfebb61860e52d09 bfebb61860e52d09 bfebb61860e52d09 bfebb61860e52d09 bfebb61860e52d09 bfebb61860e52d09 bfebb61860e52d09 bfebb61860e52d09 bfebb61860e52d09 bfebb61860e52d09 bfebb61860e52d09 bfebb61860e52d09 bfebb61860e52d09 bfebb61860e52d09 bfebb61860e52d09 bfebb61860e52d09 bfebb61860e52d09 bfebb61860e52d09 bfebb61860e52d09 bfebb61860e52d09 bfebb61860e52d09 bfebb61860e52d09 bfebb61860e52d09 bfebb61860e52d09 bfebb61860e52d09 bfebb61860e52d09 bfebb61860e52d09 bfebb61860e52d09 bfebb61860e52d09 bfebb61860e52d09 bfebb61860e52d09 bfebb61860e52d09 bfebb61860e52d09 bfebb61860e52d09 bfebb61860e52d09 bfebb61860e52d09 bfebb61860e52d09 bfebb61860e52d09 bfebb61860e52d09 bfebb61860e52d09 bfebb61860e52d09 bfebb61860e52d09 bfebb61860e52d09 bfebb61860e52d09 bfebb61860e52d09 bfebb61860e52d09 bfebb61860e52d09 bfebb61860e52d09 bfebb61860e52d09 bfebb61860e52d09 bfebb61860e52d09 bfebb61860e52d09 bfebb61860e52d09 bfebb61860e52d09 bfebb61860e52d09 bfebb61860e52d09 bfebb61860e52d09 bfebb61860e52d09 bfebb61860e52d09 bfebb61860e52d09 bfebb61860e52d09 bfebb61860e52d09 bfebb61860e52d09 bfebb61860e52d09 bfebb61860e52d09 bfebb61860e52d09 bfebb61860e52d09 bfebb61860e52d09 bfebb61860e52d09 bfebb61860e52d09 bfebb61860e52d09 bfebb61860e52d09 bfebb61860e52d09 bfebb61860e52d09 bfebb61860e52d09 bfebb61860e52d09 bfebb61860e52d09 bfebb61860e52d09 bfebb61860e52d09 bfebb61860e52d09 bfebb61860e52d09 bfebb61860e52d09 bfebb61860e52d09 bfebb61860e52d09 bfebb61860e52d09 bfebb61860e52d09 bfebb61860e52d09 bfebb61860e52d09 bfebb61860e52d09 bfebb61860e52d09 bfebb61860e52d09 bfebb61860e52d09 bfebb61860e52d09 bfebb61860e52d09 bfebb61860e52d09 bfebb61860e52d09 bfebb61860e52d09 bfebb61860e52d09 bfebb61860e52d09 bfebb61860e52d09 bfebb61860e52d09 bfebb61860e52d09 bfebb61860e52d09 bfebb61860e52d09 bfebb61860e52d09 bfebb61860e52d09 bfebb61860e52d09 bfebb61860e52d09 bfebb61860e52d09 bfebb61860e52d09 bfebb61860e52d09 bfebb61860e52d09 bfebb61860e52d09 bfebb61860e52d09 bfebb61860e52d09 bfebb61860e52d09 bfebb61860e52d09 bfebb61860e52d09 bfebb61860e52d09 bfebb61860e52d09 bfebb61860e52d09 bfebb61860e52d09 bfebb61860e52d09 bfebb61860e52d09 bfebb61860e52d09 bfebb61860e52d09 bfebb61860e52d09 bfebb61860e52d09 bfebb61860e52d09 bfebb61860e52d09 bfebb61860e52d09 bfebb61860e52d09 bfebb61860e52d09 bfebb61860e52d09 bfebb61860e52d09 bfebb61860e52d09 bfebb61860e52d09 bfebb61860e52d09 bfebb61860e52d09 bfebb61860e52d09 bfebb61860e52d09 bfebb61860e52d09 bfebb61860e52d09 bfebb61860e52d09 bfebb61860e52d09 bfebb61860e52d09 bfebb61860e52d09 bfebb61860e52d09 bfebb61860e52d09 bfebb61860e52d09 bfebb61860e52d09 bfebb61860e52d09 bfebb61860e52d09 bfebb61860e52d09 bfebb61860e52d09 bfebb61860e52d09 bfebb61860e52d09 bfebb61860e52d09 bfebb61860e52d09 bfebb61860e52d09 bfebb61860e52d09 bfebb61860e52d09 bfebb61860e52d09 bfebb61860e52d09 bfebb61860e52d09 bfebb61860e52d09 bfebb61860e52d09 bfebb61860e52d09 bfebb61860e52d09 bfebb61860e52d09 bfebb61860e52d09 bfebb61860e52d09 bfebb61860e52d09 bfebb61860e52d09 bfebb61860e52d09 bfebb61860e52d09 bfebb61860e52d09 bfebb61860e52d09 bfebb61860e52d09 bfebb61860e52d09 bfebb61860e52d09 bfebb61860e52d09 bfebb61860e52d09 bfebb61860e52d09 bfebb61860e52d09 bfebb61860e52d09 bfebb61860e52d09 bfebb61860e52d09 bfebb61860e52d09 bfebb61860e52d09 bfebb61860e52d09 bfebb61860e52d09 bfebb61860e52d09 bfebb61860e52d09 bfebb61860e52d09 bfebb61860e52d09 bfebb61860e52d09 bfebb61860e52d09 bfebb61860e52d09 bfebb61860e52d09 bfebb61860e52d09 bfebb61860e52d09 bfebb61860e52d09 bfebb61860e52d09 bfebb61860e52d09 bfebb61860e52d09 bfebb61860e52d09 bfebb61860e52d09 bfebb61860e52d09 bfebb61860e52d09 bfebb61860e52d09 bfebb61860e52d09 bfebb61860e52d09 bfebb61860e52d09 bfebb61860e52d09 bfebb61860e52d09 bfebb61860e52d09 bfebb61860e52d09 bfebb61860e52d09 bfebb61860e52d09 bfebb61860e52d09 bfebb61860e52d09 bfebb61860e52d09 bfebb61860e52d09 bfebb61860e52d09 bfebb61860e52d09 bfebb61860e52d09 bfebb61860e52d09 bfebb61860e52d09 bfebb61860e52d09 bfebb61860e52d09 bfebb61860e52d09 bfebb61860e52d09 bfebb61860e52d09 bfebb61860e52d09 bfebb61860e52d09 bfebb61860e52d09 bfebb61860e52d09 bfebb61860e52d09 bfebb61860e52d09 bfebb61860e52d09 bfebb61860e52d09 bfebb61860e52d09 bfebb61860e52d09 bfebb61860e52d09 bfebb61860e52d09 bfebb61860e52d09 bfebb61860e52d09 bfebb61860e52d09 bfebb61860e52d09 bfebb61860e52d09 bfebb61860e52d09 bfebb61860e52d09 bfebb61860e52d09 bfebb61860e52d09 bfebb61860e52d09 bfebb61860e52d09 bfebb61860e52d09 bfebb61860e52d09 bfebb61860e52d09 bfebb61860e52d09 bfebb61860e52d09 bfebb61860e52d09 bfebb61860e52d09 bfebb61860e52d09 bfebb61860e52d09 bfebb61860e52d09 bfebb61860e52d09 bfebb61860e52d09 bfebb61860e52d09 bfebb61860e52d09 bfebb61860e52d09 bfebb61860e52d09 bfebb61860e52d09 bfebb61860e52d09 bfebb61860e52d09 bfebb61860e52d09 bfebb61860e52d09 bfebb61860e52d09 bfebb61860e52d09 bfebb61860e52d09 bfebb61860e52d09 bfebb61860e52d09 bfebb61860e52d09 bfebb61860e52d09 bfebb61860e52d09 bfebb61860e52d09 bfebb61860e52d09 bfebb61860e52d09 bfebb61860e52d09 bfebb61860e52d09 bfebb61860e52d09 bfebb61860e52d09 bfebb61860e52d09 bfebb61860e52d09 bfebb61860e52d09 bfebb61860e52d09 bfebb61860e52d09 bfebb61860e52d09 bfebb61860e52d09 bfebb61860e52d09 bfebb61860e52d09 bfebb61860e52d09 bfebb61860e52d09 bfebb61860e52d09 bfebb61860e52d09 bfebb61860e52d09 bfebb61860e52d09 bfebb61860e52d09 bfebb61860e52d09 bfebb61860e52d09 bfebb61860e52d09 bfebb61860e52d09 bfebb61860e52d09 bfebb61860e52d09 bfebb61860e52d09 bfebb61860e52d09 bfebb61860e52d09 bfebb61860e52d09 bfebb61860e52d09 bfebb61860e52d09 bfebb61860e52d09 bfebb61860e52d09 bfebb61860e52d09 bfebb61860e52d09 bfebb61860e52d09 bfebb61860e52d09 bfebb61860e52d09 bfebb61860e52d09 bfebb61860e52d09 bfebb61860e52d09 bfebb61860e52d09 bfebb61860e52d09 bfebb61860e52d09 bfebb61860e52d09 bfebb61860e52d09 bfebb61860e52d09 bfebb61860e52d09 bfebb61860e52d09 bfebb61860e52d09 bfebb61860e52d09 bfebb61860e52d09 bfebb61860e52d09 bfebb61860e52d09 bfebb61860e52d09 bfebb61860e52d09 bfebb61860e52d09 bfebb61860e52d09 bfebb61860e52d09 bfebb61860e52d09 bfebb61860e52d09 bfebb61860e52d09 bfebb61860e52d09 bfebb61860e52d09 bfebb61860e52d09 bfebb61860e52d09 bfebb61860e52d09 bfebb61860e52d09 bfebb61860e52d09 bfebb61860e52d09 bfebb61860e52d09 bfebb61860e52d09 bfebb61860e52d09 bfebb61860e52d09 bfebb61860e52d09 bfebb61860e52d09 bfebb61860e52d09 bfebb61860e52d09 bfebb61860e52d09 bfebb61860e52d09 bfebb61860e52d09 bfebb61860e52d09 bfebb61860e52d09 bfebb61860e52d09 bfebb61860e52d09 bfebb61860e52d09 bfebb61860e52d09 bfebb61860e52d09 bfebb61860e52d09 bfebb61860e52d09 bfebb61860e52d09 bfebb61860e52d09 bfebb61860e52d09 bfebb61860e52d09 bfebb61860e52d09 bfebb61860e52d09 bfebb61860e52d09 bfebb61860e52d09 bfebb61860e52d09 bfebb61860e52d09 bfebb61860e52d09 bfebb61860e52d09 bfebb61860e52d09 bfebb61860e52d09 bfebb61860e52d09 bfebb61860e52d09 bfebb61860e52d09 bfebb61860e52d09 bfebb61860e52d09 bfebb61860e52d09 bfebb61860e52d09 bfebb61860e52d09 bfebb61860e52d09 bfebb61860e52d09 bfebb61860e52d09 bfebb61860e52d09 bfebb61860e52d09 bfebb61860e52d09 bfebb61860e52d09 bfebb61860e52d09 bfebb61860e52d09 bfebb61860e52d09 bfebb61860e52d09 bfebb61860e52d09 bfebb61860e52d09 bfebb61860e52d09 bfebb61860e52d09 bfebb61860e52d09 bfebb61860e52d09 bfebb61860e52d09 bfebb61860e52d09 bfebb61860e52d09 bfebb61860e52d09 bfebb61860e52d09 bfebb61860e52d09 bfebb61860e52d09 bfebb61860e52d09 bfebb61860e52d09 bfebb61860e52d09 bfebb61860e52d09 bfebb61860e52d09 bfebb61860e52d09 bfebb61860e52d09 bfebb61860e52d09 bfebb61860e52d09 bfebb61860e52d09 bfebb61860e52d09 bfebb61860e52d09 bfebb61860e52d09 bfebb61860e52d09 bfebb61860e52d09 bfebb61860e52d09 bfebb61860e52d09 bfebb61860e52d09 bfebb61860e52d09 bfebb61860e52d09 bfebb61860e52d09 bfebb61860e52d09 bfebb61860e52d09 bfebb61860e52d09 bfebb61860e52d09 bfebb61860e52d09 bfebb61860e52d09 bfebb61860e52d09 bfebb61860e52d09 bfebb61860e52d09 bfebb61860e52d09 bfebb61860e52d09 bfebb61860e52d09 bfebb61860e52d09 bfebb61860e52d09 bfebb61860e52d09 bfebb61860e52d09 bfebb61860e52d09 bfebb61860e52d09 bfebb61860e52d09 bfebb61860e52d09 bfebb61860e52d09 bfebb61860e52d09 bfebb61860e52d09 bfebb61860e52d09 bfebb61860e52d09 bfebb61860e52d09 bfebb61860e52d09 bfebb61860e52d09 bfebb61860e52d09 bfebb61860e52d09 bfebb61860e52d09 bfebb61860e52d09 bfebb61860e52d09 bfebb61860e52d09 bfebb61860e52d09 bfebb61860e52d09 bfebb61860e52d09 bfebb61860e52d09 bfebb61860e52d09 bfebb61860e52d09 bfebb61860e52d09 bfebb61860e52d09 bfebb61860e52d09 bfebb61860e52d09 bfebb61860e52d09 bfebb61860e52d09 bfebb61860e52d09 bfebb61860e52d09 bfebb61860e52d09 bfebb61860e52d09 bfebb61860e52d09 bfebb61860e52d09 bfebb61860e52d09 bfebb61860e52d09 bfebb61860e52d09 bfebb61860e52d09 bfebb61860e52d09 bfebb61860e52d09 bfebb61860e52d09 bfebb61860e52d09 bfebb61860e52d09 bfebb61860e52d09 bfebb61860e52d09 bfebb61860e52d09 bfebb61860e52d09 bfebb61860e52d09 bfebb61860e52d09 bfebb61860e52d09 bfebb61860e52d09 bfebb61860e52d09 bfebb61860e52d09 bfebb61860e52d09 bfebb61860e52d09 bfebb61860e52d09 bfebb61860e52d09 bfebb61860e52d09 bfebb61860e52d09 bfebb61860e52d09 bfebb61860e52d09 bfebb61860e52d09 bfebb61860e52d09 bfebb61860e52d09 bfebb61860e52d09 bfebb61860e52d09 bfebb61860e52d09 bfebb61860e52d09 bfebb61860e52d09 bfebb61860e52d09 bfebb61860e52d09 bfebb61860e52d09 bfebb61860e52d09 bfebb61860e52d09 bfebb61860e52d09 bfebb61860e52d09 bfebb61860e52d09 bfebb61860e52d09 bfebb61860e52d09 bfebb61860e52d09 bfebb61860e52d09 bfebb61860e52d09 bfebb61860e52d09 bfebb61860e52d09 bfebb61860e52d09 bfebb61860e52d09 bfebb61860e52d09 bfebb61860e52d09 bfebb61860e52d09 bfebb61860e52d09 bfebb61860e52d09 bfebb61860e52d09 bfebb61860e52d09 bfebb61860e52d09 bfebb61860e52d09 bfebb61860e52d09 bfebb61860e52d09 bfebb61860e52d09 bfebb61860e52d09 bfebb61860e52d09 bfebb61860e52d09 bfebb61860e52d09 bfebb61860e52d09 bfebb61860e52d09 bfebb61860e52d09 bfebb61860e52d09 bfebb61860e52d09 bfebb61860e52d09 bfebb61860e52d09 bfebb61860e52d09 bfebb61860e52d09 bfebb61860e52d09 bfebb61860e52d09 bfebb61860e52d09 bfebb61860e52d09 bfebb61860e52d09 bfebb61860e52d09 bfebb61860e52d09 bfebb61860e52d09 bfebb61860e52d09 bfebb61860e52d09 bfebb61860e52d09 bfebb61860e52d09 bfebb61860e52d09 bfebb61860e52d09 bfebb61860e52d09 bfebb61860e52d09 bfebb61860e52d09 bfebb61860e52d09 bfebb61860e52d09 bfebb61860e52d09 bfebb61860e52d09 bfebb61860e52d09 bfebb61860e52d09 bfebb61860e52d09 bfebb61860e52d09 bfebb61860e52d09 bfebb61860e52d09
NI 3f0c7161fb1566d0
END 3072 24576 1536 OUTPUTS_CTX_CANARIES_FRAME_PASS
