inside 0 0000000000000000 0 -365 -365 0000000000000000 c076d00000000000 0000000000000000 4076d00000000000 3ff0000000000000
inside 1 0000000000000000 0 -1 -1 0000000000000000 bff0000000000000 0000000000000000 3ff0000000000000 3ff0000000000000
inside 2 0000000000000000 0 0 0 0000000000000000 0000000000000000 0000000000000000 0000000000000000 3ff0000000000000
inside 3 0000000000000000 0 1 1 0000000000000000 3ff0000000000000 0000000000000000 bff0000000000000 3ff0000000000000
inside 4 0000000000000000 0 366 366 0000000000000000 4076e00000000000 0000000000000000 c076e00000000000 3ff0000000000000
inside 5 0000000000000001 0 -365 -365 0000000000000000 c076d00000000000 0000000000000000 4076d00000000000 3ff0000000000000
inside 6 0000000000000001 0 -1 -1 0000000000000000 bff0000000000000 0000000000000000 3ff0000000000000 3ff0000000000000
inside 7 0000000000000001 0 0 0 0000000000000000 0000000000000000 0000000000000000 0000000000000000 3ff0000000000000
inside 8 0000000000000001 0 1 1 0000000000000000 3ff0000000000000 0000000000000000 bff0000000000000 3ff0000000000000
inside 9 0000000000000001 0 366 366 0000000000000000 4076e00000000000 0000000000000000 c076e00000000000 3ff0000000000000
inside 10 0000000000000002 0 -365 -365 0000000000000000 c076d00000000000 0000000000000000 4076d00000000000 3ff0000000000000
inside 11 0000000000000002 0 -1 -1 0000000000000000 bff0000000000000 0000000000000000 3ff0000000000000 3ff0000000000000
inside 12 0000000000000002 0 0 0 0000000000000000 0000000000000000 0000000000000000 0000000000000000 3ff0000000000000
inside 13 0000000000000002 0 1 1 0000000000000000 3ff0000000000000 0000000000000000 bff0000000000000 3ff0000000000000
inside 14 0000000000000002 0 366 366 0000000000000000 4076e00000000000 0000000000000000 c076e00000000000 3ff0000000000000
inside 15 000fffffffffffff 0 -365 -365 0000000000000000 c076d00000000000 0000000000000000 4076d00000000000 3ff0000000000000
inside 16 000fffffffffffff 0 -1 -1 0000000000000000 bff0000000000000 0000000000000000 3ff0000000000000 3ff0000000000000
inside 17 000fffffffffffff 0 0 0 0000000000000000 0000000000000000 0000000000000000 0000000000000000 3ff0000000000000
inside 18 000fffffffffffff 0 1 1 0000000000000000 3ff0000000000000 0000000000000000 bff0000000000000 3ff0000000000000
inside 19 000fffffffffffff 0 366 366 0000000000000000 4076e00000000000 0000000000000000 c076e00000000000 3ff0000000000000
inside 20 0010000000000000 0 -365 -365 0000000000000000 c076d00000000000 0010000000000000 4076d00000000000 3ff0000000000000
inside 21 0010000000000000 0 -1 -1 0000000000000000 bff0000000000000 0010000000000000 3ff0000000000000 3ff0000000000000
inside 22 0010000000000000 0 0 0 0000000000000000 0000000000000000 0010000000000000 0010000000000000 3ff0000000000000
inside 23 0010000000000000 0 1 1 0000000000000000 3ff0000000000000 0010000000000000 bff0000000000000 3ff0000000000000
inside 24 0010000000000000 0 366 366 0000000000000000 4076e00000000000 0010000000000000 c076e00000000000 3ff0000000000000
inside 25 0010000000000001 0 -365 -365 0000000000000000 c076d00000000000 0010000000000001 4076d00000000000 3ff0000000000000
inside 26 0010000000000001 0 -1 -1 0000000000000000 bff0000000000000 0010000000000001 3ff0000000000000 3ff0000000000000
inside 27 0010000000000001 0 0 0 0000000000000000 0000000000000000 0010000000000001 0010000000000001 3ff0000000000000
inside 28 0010000000000001 0 1 1 0000000000000000 3ff0000000000000 0010000000000001 bff0000000000000 3ff0000000000000
inside 29 0010000000000001 0 366 366 0000000000000000 4076e00000000000 0010000000000001 c076e00000000000 3ff0000000000000
inside 30 001fffffffffffff 0 -365 -365 0000000000000000 c076d00000000000 001fffffffffffff 4076d00000000000 3ff0000000000000
inside 31 001fffffffffffff 0 -1 -1 0000000000000000 bff0000000000000 001fffffffffffff 3ff0000000000000 3ff0000000000000
inside 32 001fffffffffffff 0 0 0 0000000000000000 0000000000000000 001fffffffffffff 001fffffffffffff 3ff0000000000000
inside 33 001fffffffffffff 0 1 1 0000000000000000 3ff0000000000000 001fffffffffffff bff0000000000000 3ff0000000000000
inside 34 001fffffffffffff 0 366 366 0000000000000000 4076e00000000000 001fffffffffffff c076e00000000000 3ff0000000000000
inside 35 0020000000000000 0 -365 -365 0000000000000000 c076d00000000000 0020000000000000 4076d00000000000 3ff0000000000000
inside 36 0020000000000000 0 -1 -1 0000000000000000 bff0000000000000 0020000000000000 3ff0000000000000 3ff0000000000000
inside 37 0020000000000000 0 0 0 0000000000000000 0000000000000000 0020000000000000 0020000000000000 3ff0000000000000
inside 38 0020000000000000 0 1 1 0000000000000000 3ff0000000000000 0020000000000000 bff0000000000000 3ff0000000000000
inside 39 0020000000000000 0 366 366 0000000000000000 4076e00000000000 0020000000000000 c076e00000000000 3ff0000000000000
inside 40 0020000000000001 0 -365 -365 0000000000000000 c076d00000000000 0020000000000001 4076d00000000000 3ff0000000000000
inside 41 0020000000000001 0 -1 -1 0000000000000000 bff0000000000000 0020000000000001 3ff0000000000000 3ff0000000000000
inside 42 0020000000000001 0 0 0 0000000000000000 0000000000000000 0020000000000001 0020000000000001 3ff0000000000000
inside 43 0020000000000001 0 1 1 0000000000000000 3ff0000000000000 0020000000000001 bff0000000000000 3ff0000000000000
inside 44 0020000000000001 0 366 366 0000000000000000 4076e00000000000 0020000000000001 c076e00000000000 3ff0000000000000
inside 45 0027ffffffffffff 0 -365 -365 0000000000000000 c076d00000000000 0027ffffffffffff 4076d00000000000 3ff0000000000000
inside 46 0027ffffffffffff 0 -1 -1 0000000000000000 bff0000000000000 0027ffffffffffff 3ff0000000000000 3ff0000000000000
inside 47 0027ffffffffffff 0 0 0 0000000000000000 0000000000000000 0027ffffffffffff 0027ffffffffffff 3ff0000000000000
inside 48 0027ffffffffffff 0 1 1 0000000000000000 3ff0000000000000 0027ffffffffffff bff0000000000000 3ff0000000000000
inside 49 0027ffffffffffff 0 366 366 0000000000000000 4076e00000000000 0027ffffffffffff c076e00000000000 3ff0000000000000
inside 50 0028000000000000 0 -365 -365 0000000000000000 c076d00000000000 0028000000000000 4076d00000000000 3ff0000000000000
inside 51 0028000000000000 0 -1 -1 0000000000000000 bff0000000000000 0028000000000000 3ff0000000000000 3ff0000000000000
inside 52 0028000000000000 0 0 0 0000000000000000 0000000000000000 0028000000000000 0028000000000000 3ff0000000000000
inside 53 0028000000000000 0 1 1 0000000000000000 3ff0000000000000 0028000000000000 bff0000000000000 3ff0000000000000
inside 54 0028000000000000 0 366 366 0000000000000000 4076e00000000000 0028000000000000 c076e00000000000 3ff0000000000000
inside 55 002ffffffffffffe 0 -365 -365 0000000000000000 c076d00000000000 002ffffffffffffe 4076d00000000000 3ff0000000000000
inside 56 002ffffffffffffe 0 -1 -1 0000000000000000 bff0000000000000 002ffffffffffffe 3ff0000000000000 3ff0000000000000
inside 57 002ffffffffffffe 0 0 0 0000000000000000 0000000000000000 002ffffffffffffe 002ffffffffffffe 3ff0000000000000
inside 58 002ffffffffffffe 0 1 1 0000000000000000 3ff0000000000000 002ffffffffffffe bff0000000000000 3ff0000000000000
inside 59 002ffffffffffffe 0 366 366 0000000000000000 4076e00000000000 002ffffffffffffe c076e00000000000 3ff0000000000000
inside 60 002fffffffffffff 0 -365 -365 0000000000000000 c076d00000000000 002fffffffffffff 4076d00000000000 3ff0000000000000
inside 61 002fffffffffffff 0 -1 -1 0000000000000000 bff0000000000000 002fffffffffffff 3ff0000000000000 3ff0000000000000
inside 62 002fffffffffffff 0 0 0 0000000000000000 0000000000000000 002fffffffffffff 002fffffffffffff 3ff0000000000000
inside 63 002fffffffffffff 0 1 1 0000000000000000 3ff0000000000000 002fffffffffffff bff0000000000000 3ff0000000000000
inside 64 002fffffffffffff 0 366 366 0000000000000000 4076e00000000000 002fffffffffffff c076e00000000000 3ff0000000000000
inside 65 01f0000000000000 0 -365 -365 0000000000000000 c076d00000000000 01f0000000000000 4076d00000000000 3ff0000000000000
inside 66 01f0000000000000 0 -1 -1 0000000000000000 bff0000000000000 01f0000000000000 3ff0000000000000 3ff0000000000000
inside 67 01f0000000000000 0 0 0 0000000000000000 0000000000000000 01f0000000000000 01f0000000000000 3ff0000000000000
inside 68 01f0000000000000 0 1 1 0000000000000000 3ff0000000000000 01f0000000000000 bff0000000000000 3ff0000000000000
inside 69 01f0000000000000 0 366 366 0000000000000000 4076e00000000000 01f0000000000000 c076e00000000000 3ff0000000000000
inside 70 01f0000000000001 0 -365 -365 0000000000000000 c076d00000000000 01f0000000000001 4076d00000000000 3ff0000000000000
inside 71 01f0000000000001 0 -1 -1 0000000000000000 bff0000000000000 01f0000000000001 3ff0000000000000 3ff0000000000000
inside 72 01f0000000000001 0 0 0 0000000000000000 0000000000000000 01f0000000000001 01f0000000000001 3ff0000000000000
inside 73 01f0000000000001 0 1 1 0000000000000000 3ff0000000000000 01f0000000000001 bff0000000000000 3ff0000000000000
inside 74 01f0000000000001 0 366 366 0000000000000000 4076e00000000000 01f0000000000001 c076e00000000000 3ff0000000000000
inside 75 01f7ffffffffffff 0 -365 -365 0000000000000000 c076d00000000000 01f7ffffffffffff 4076d00000000000 3ff0000000000000
inside 76 01f7ffffffffffff 0 -1 -1 0000000000000000 bff0000000000000 01f7ffffffffffff 3ff0000000000000 3ff0000000000000
inside 77 01f7ffffffffffff 0 0 0 0000000000000000 0000000000000000 01f7ffffffffffff 01f7ffffffffffff 3ff0000000000000
inside 78 01f7ffffffffffff 0 1 1 0000000000000000 3ff0000000000000 01f7ffffffffffff bff0000000000000 3ff0000000000000
inside 79 01f7ffffffffffff 0 366 366 0000000000000000 4076e00000000000 01f7ffffffffffff c076e00000000000 3ff0000000000000
inside 80 01f8000000000000 0 -365 -365 0000000000000000 c076d00000000000 01f8000000000000 4076d00000000000 3ff0000000000000
inside 81 01f8000000000000 0 -1 -1 0000000000000000 bff0000000000000 01f8000000000000 3ff0000000000000 3ff0000000000000
inside 82 01f8000000000000 0 0 0 0000000000000000 0000000000000000 01f8000000000000 01f8000000000000 3ff0000000000000
inside 83 01f8000000000000 0 1 1 0000000000000000 3ff0000000000000 01f8000000000000 bff0000000000000 3ff0000000000000
inside 84 01f8000000000000 0 366 366 0000000000000000 4076e00000000000 01f8000000000000 c076e00000000000 3ff0000000000000
inside 85 01fffffffffffffe 0 -365 -365 0000000000000000 c076d00000000000 01fffffffffffffe 4076d00000000000 3ff0000000000000
inside 86 01fffffffffffffe 0 -1 -1 0000000000000000 bff0000000000000 01fffffffffffffe 3ff0000000000000 3ff0000000000000
inside 87 01fffffffffffffe 0 0 0 0000000000000000 0000000000000000 01fffffffffffffe 01fffffffffffffe 3ff0000000000000
inside 88 01fffffffffffffe 0 1 1 0000000000000000 3ff0000000000000 01fffffffffffffe bff0000000000000 3ff0000000000000
inside 89 01fffffffffffffe 0 366 366 0000000000000000 4076e00000000000 01fffffffffffffe c076e00000000000 3ff0000000000000
inside 90 01ffffffffffffff 0 -365 -365 0000000000000000 c076d00000000000 01ffffffffffffff 4076d00000000000 3ff0000000000000
inside 91 01ffffffffffffff 0 -1 -1 0000000000000000 bff0000000000000 01ffffffffffffff 3ff0000000000000 3ff0000000000000
inside 92 01ffffffffffffff 0 0 0 0000000000000000 0000000000000000 01ffffffffffffff 01ffffffffffffff 3ff0000000000000
inside 93 01ffffffffffffff 0 1 1 0000000000000000 3ff0000000000000 01ffffffffffffff bff0000000000000 3ff0000000000000
inside 94 01ffffffffffffff 0 366 366 0000000000000000 4076e00000000000 01ffffffffffffff c076e00000000000 3ff0000000000000
inside 95 1ff0000000000000 0 -365 -365 0000000000000000 c076d00000000000 1ff0000000000000 4076d00000000000 3ff0000000000000
inside 96 1ff0000000000000 0 -1 -1 0000000000000000 bff0000000000000 1ff0000000000000 3ff0000000000000 3ff0000000000000
inside 97 1ff0000000000000 0 0 0 0000000000000000 0000000000000000 1ff0000000000000 1ff0000000000000 3ff0000000000000
inside 98 1ff0000000000000 0 1 1 0000000000000000 3ff0000000000000 1ff0000000000000 bff0000000000000 3ff0000000000000
inside 99 1ff0000000000000 0 366 366 0000000000000000 4076e00000000000 1ff0000000000000 c076e00000000000 3ff0000000000000
inside 100 1ff0000000000001 0 -365 -365 0000000000000000 c076d00000000000 1ff0000000000001 4076d00000000000 3ff0000000000000
inside 101 1ff0000000000001 0 -1 -1 0000000000000000 bff0000000000000 1ff0000000000001 3ff0000000000000 3ff0000000000000
inside 102 1ff0000000000001 0 0 0 0000000000000000 0000000000000000 1ff0000000000001 1ff0000000000001 3ff0000000000000
inside 103 1ff0000000000001 0 1 1 0000000000000000 3ff0000000000000 1ff0000000000001 bff0000000000000 3ff0000000000000
inside 104 1ff0000000000001 0 366 366 0000000000000000 4076e00000000000 1ff0000000000001 c076e00000000000 3ff0000000000000
inside 105 1ff7ffffffffffff 0 -365 -365 0000000000000000 c076d00000000000 1ff7ffffffffffff 4076d00000000000 3ff0000000000000
inside 106 1ff7ffffffffffff 0 -1 -1 0000000000000000 bff0000000000000 1ff7ffffffffffff 3ff0000000000000 3ff0000000000000
inside 107 1ff7ffffffffffff 0 0 0 0000000000000000 0000000000000000 1ff7ffffffffffff 1ff7ffffffffffff 3ff0000000000000
inside 108 1ff7ffffffffffff 0 1 1 0000000000000000 3ff0000000000000 1ff7ffffffffffff bff0000000000000 3ff0000000000000
inside 109 1ff7ffffffffffff 0 366 366 0000000000000000 4076e00000000000 1ff7ffffffffffff c076e00000000000 3ff0000000000000
inside 110 1ff8000000000000 0 -365 -365 0000000000000000 c076d00000000000 1ff8000000000000 4076d00000000000 3ff0000000000000
inside 111 1ff8000000000000 0 -1 -1 0000000000000000 bff0000000000000 1ff8000000000000 3ff0000000000000 3ff0000000000000
inside 112 1ff8000000000000 0 0 0 0000000000000000 0000000000000000 1ff8000000000000 1ff8000000000000 3ff0000000000000
inside 113 1ff8000000000000 0 1 1 0000000000000000 3ff0000000000000 1ff8000000000000 bff0000000000000 3ff0000000000000
inside 114 1ff8000000000000 0 366 366 0000000000000000 4076e00000000000 1ff8000000000000 c076e00000000000 3ff0000000000000
inside 115 1ffffffffffffffe 0 -365 -365 0000000000000000 c076d00000000000 1ffffffffffffffe 4076d00000000000 3ff0000000000000
inside 116 1ffffffffffffffe 0 -1 -1 0000000000000000 bff0000000000000 1ffffffffffffffe 3ff0000000000000 3ff0000000000000
inside 117 1ffffffffffffffe 0 0 0 0000000000000000 0000000000000000 1ffffffffffffffe 1ffffffffffffffe 3ff0000000000000
inside 118 1ffffffffffffffe 0 1 1 0000000000000000 3ff0000000000000 1ffffffffffffffe bff0000000000000 3ff0000000000000
inside 119 1ffffffffffffffe 0 366 366 0000000000000000 4076e00000000000 1ffffffffffffffe c076e00000000000 3ff0000000000000
inside 120 1fffffffffffffff 0 -365 -365 0000000000000000 c076d00000000000 1fffffffffffffff 4076d00000000000 3ff0000000000000
inside 121 1fffffffffffffff 0 -1 -1 0000000000000000 bff0000000000000 1fffffffffffffff 3ff0000000000000 3ff0000000000000
inside 122 1fffffffffffffff 0 0 0 0000000000000000 0000000000000000 1fffffffffffffff 1fffffffffffffff 3ff0000000000000
inside 123 1fffffffffffffff 0 1 1 0000000000000000 3ff0000000000000 1fffffffffffffff bff0000000000000 3ff0000000000000
inside 124 1fffffffffffffff 0 366 366 0000000000000000 4076e00000000000 1fffffffffffffff c076e00000000000 3ff0000000000000
inside 125 3840000000000000 0 -365 -365 0000000000000000 c076d00000000000 3840000000000000 4076d00000000000 3ff0000000000000
inside 126 3840000000000000 0 -1 -1 0000000000000000 bff0000000000000 3840000000000000 3ff0000000000000 3ff0000000000000
inside 127 3840000000000000 0 0 0 0000000000000000 0000000000000000 3840000000000000 3840000000000000 3ff0000000000000
inside 128 3840000000000000 0 1 1 0000000000000000 3ff0000000000000 3840000000000000 bff0000000000000 3ff0000000000000
inside 129 3840000000000000 0 366 366 0000000000000000 4076e00000000000 3840000000000000 c076e00000000000 3ff0000000000000
inside 130 3840000000000001 0 -365 -365 0000000000000000 c076d00000000000 3840000000000001 4076d00000000000 3ff0000000000000
inside 131 3840000000000001 0 -1 -1 0000000000000000 bff0000000000000 3840000000000001 3ff0000000000000 3ff0000000000000
inside 132 3840000000000001 0 0 0 0000000000000000 0000000000000000 3840000000000001 3840000000000001 3ff0000000000000
inside 133 3840000000000001 0 1 1 0000000000000000 3ff0000000000000 3840000000000001 bff0000000000000 3ff0000000000000
inside 134 3840000000000001 0 366 366 0000000000000000 4076e00000000000 3840000000000001 c076e00000000000 3ff0000000000000
inside 135 3847ffffffffffff 0 -365 -365 0000000000000000 c076d00000000000 3847ffffffffffff 4076d00000000000 3ff0000000000000
inside 136 3847ffffffffffff 0 -1 -1 0000000000000000 bff0000000000000 3847ffffffffffff 3ff0000000000000 3ff0000000000000
inside 137 3847ffffffffffff 0 0 0 0000000000000000 0000000000000000 3847ffffffffffff 3847ffffffffffff 3ff0000000000000
inside 138 3847ffffffffffff 0 1 1 0000000000000000 3ff0000000000000 3847ffffffffffff bff0000000000000 3ff0000000000000
inside 139 3847ffffffffffff 0 366 366 0000000000000000 4076e00000000000 3847ffffffffffff c076e00000000000 3ff0000000000000
inside 140 3848000000000000 0 -365 -365 0000000000000000 c076d00000000000 3848000000000000 4076d00000000000 3ff0000000000000
inside 141 3848000000000000 0 -1 -1 0000000000000000 bff0000000000000 3848000000000000 3ff0000000000000 3ff0000000000000
inside 142 3848000000000000 0 0 0 0000000000000000 0000000000000000 3848000000000000 3848000000000000 3ff0000000000000
inside 143 3848000000000000 0 1 1 0000000000000000 3ff0000000000000 3848000000000000 bff0000000000000 3ff0000000000000
inside 144 3848000000000000 0 366 366 0000000000000000 4076e00000000000 3848000000000000 c076e00000000000 3ff0000000000000
inside 145 384ffffffffffffe 0 -365 -365 0000000000000000 c076d00000000000 384ffffffffffffe 4076d00000000000 3ff0000000000000
inside 146 384ffffffffffffe 0 -1 -1 0000000000000000 bff0000000000000 384ffffffffffffe 3ff0000000000000 3ff0000000000000
inside 147 384ffffffffffffe 0 0 0 0000000000000000 0000000000000000 384ffffffffffffe 384ffffffffffffe 3ff0000000000000
inside 148 384ffffffffffffe 0 1 1 0000000000000000 3ff0000000000000 384ffffffffffffe bff0000000000000 3ff0000000000000
inside 149 384ffffffffffffe 0 366 366 0000000000000000 4076e00000000000 384ffffffffffffe c076e00000000000 3ff0000000000000
inside 150 384fffffffffffff 0 -365 -365 0000000000000000 c076d00000000000 384fffffffffffff 4076d00000000000 3ff0000000000000
inside 151 384fffffffffffff 0 -1 -1 0000000000000000 bff0000000000000 384fffffffffffff 3ff0000000000000 3ff0000000000000
inside 152 384fffffffffffff 0 0 0 0000000000000000 0000000000000000 384fffffffffffff 384fffffffffffff 3ff0000000000000
inside 153 384fffffffffffff 0 1 1 0000000000000000 3ff0000000000000 384fffffffffffff bff0000000000000 3ff0000000000000
inside 154 384fffffffffffff 0 366 366 0000000000000000 4076e00000000000 384fffffffffffff c076e00000000000 3ff0000000000000
inside 155 3c90000000000000 0 -365 -365 0000000000000000 c076d00000000000 3c90000000000000 4076d00000000000 3ff0000000000000
inside 156 3c90000000000000 0 -1 -1 0000000000000000 bff0000000000000 3c90000000000000 3ff0000000000000 3ff0000000000000
inside 157 3c90000000000000 0 0 0 0000000000000000 0000000000000000 3c90000000000000 3c90000000000000 3ff0000000000000
inside 158 3c90000000000000 0 1 1 0000000000000000 3ff0000000000000 3c90000000000000 bff0000000000000 3ff0000000000000
inside 159 3c90000000000000 0 366 366 0000000000000000 4076e00000000000 3c90000000000000 c076e00000000000 3ff0000000000000
inside 160 3c90000000000001 0 -365 -365 0000000000000000 c076d00000000000 3c90000000000001 4076d00000000000 3fefffffffffffff
inside 161 3c90000000000001 0 -1 -1 0000000000000000 bff0000000000000 3c90000000000001 3ff0000000000000 3fefffffffffffff
inside 162 3c90000000000001 0 0 0 0000000000000000 0000000000000000 3c90000000000001 3c90000000000001 3fefffffffffffff
inside 163 3c90000000000001 0 1 1 0000000000000000 3ff0000000000000 3c90000000000001 bfefffffffffffff 3fefffffffffffff
inside 164 3c90000000000001 0 366 366 0000000000000000 4076e00000000000 3c90000000000001 c076e00000000000 3fefffffffffffff
inside 165 3c97ffffffffffff 0 -365 -365 0000000000000000 c076d00000000000 3c97ffffffffffff 4076d00000000000 3fefffffffffffff
inside 166 3c97ffffffffffff 0 -1 -1 0000000000000000 bff0000000000000 3c97ffffffffffff 3ff0000000000000 3fefffffffffffff
inside 167 3c97ffffffffffff 0 0 0 0000000000000000 0000000000000000 3c97ffffffffffff 3c97ffffffffffff 3fefffffffffffff
inside 168 3c97ffffffffffff 0 1 1 0000000000000000 3ff0000000000000 3c97ffffffffffff bfefffffffffffff 3fefffffffffffff
inside 169 3c97ffffffffffff 0 366 366 0000000000000000 4076e00000000000 3c97ffffffffffff c076e00000000000 3fefffffffffffff
inside 170 3c98000000000000 0 -365 -365 0000000000000000 c076d00000000000 3c98000000000000 4076d00000000000 3fefffffffffffff
inside 171 3c98000000000000 0 -1 -1 0000000000000000 bff0000000000000 3c98000000000000 3ff0000000000000 3fefffffffffffff
inside 172 3c98000000000000 0 0 0 0000000000000000 0000000000000000 3c98000000000000 3c98000000000000 3fefffffffffffff
inside 173 3c98000000000000 0 1 1 0000000000000000 3ff0000000000000 3c98000000000000 bfefffffffffffff 3fefffffffffffff
inside 174 3c98000000000000 0 366 366 0000000000000000 4076e00000000000 3c98000000000000 c076e00000000000 3fefffffffffffff
inside 175 3c9ffffffffffffe 0 -365 -365 0000000000000000 c076d00000000000 3c9ffffffffffffe 4076d00000000000 3fefffffffffffff
inside 176 3c9ffffffffffffe 0 -1 -1 0000000000000000 bff0000000000000 3c9ffffffffffffe 3ff0000000000000 3fefffffffffffff
inside 177 3c9ffffffffffffe 0 0 0 0000000000000000 0000000000000000 3c9ffffffffffffe 3c9ffffffffffffe 3fefffffffffffff
inside 178 3c9ffffffffffffe 0 1 1 0000000000000000 3ff0000000000000 3c9ffffffffffffe bfefffffffffffff 3fefffffffffffff
inside 179 3c9ffffffffffffe 0 366 366 0000000000000000 4076e00000000000 3c9ffffffffffffe c076e00000000000 3fefffffffffffff
inside 180 3c9fffffffffffff 0 -365 -365 0000000000000000 c076d00000000000 3c9fffffffffffff 4076d00000000000 3fefffffffffffff
inside 181 3c9fffffffffffff 0 -1 -1 0000000000000000 bff0000000000000 3c9fffffffffffff 3ff0000000000000 3fefffffffffffff
inside 182 3c9fffffffffffff 0 0 0 0000000000000000 0000000000000000 3c9fffffffffffff 3c9fffffffffffff 3fefffffffffffff
inside 183 3c9fffffffffffff 0 1 1 0000000000000000 3ff0000000000000 3c9fffffffffffff bfefffffffffffff 3fefffffffffffff
inside 184 3c9fffffffffffff 0 366 366 0000000000000000 4076e00000000000 3c9fffffffffffff c076e00000000000 3fefffffffffffff
inside 185 3ca0000000000000 0 -365 -365 0000000000000000 c076d00000000000 3ca0000000000000 4076d00000000000 3fefffffffffffff
inside 186 3ca0000000000000 0 -1 -1 0000000000000000 bff0000000000000 3ca0000000000000 3ff0000000000000 3fefffffffffffff
inside 187 3ca0000000000000 0 0 0 0000000000000000 0000000000000000 3ca0000000000000 3ca0000000000000 3fefffffffffffff
inside 188 3ca0000000000000 0 1 1 0000000000000000 3ff0000000000000 3ca0000000000000 bfefffffffffffff 3fefffffffffffff
inside 189 3ca0000000000000 0 366 366 0000000000000000 4076e00000000000 3ca0000000000000 c076e00000000000 3fefffffffffffff
inside 190 3ca0000000000001 0 -365 -365 0000000000000000 c076d00000000000 3ca0000000000001 4076d00000000000 3fefffffffffffff
inside 191 3ca0000000000001 0 -1 -1 0000000000000000 bff0000000000000 3ca0000000000001 3ff0000000000001 3fefffffffffffff
inside 192 3ca0000000000001 0 0 0 0000000000000000 0000000000000000 3ca0000000000001 3ca0000000000001 3fefffffffffffff
inside 193 3ca0000000000001 0 1 1 0000000000000000 3ff0000000000000 3ca0000000000001 bfefffffffffffff 3fefffffffffffff
inside 194 3ca0000000000001 0 366 366 0000000000000000 4076e00000000000 3ca0000000000001 c076e00000000000 3fefffffffffffff
inside 195 3ca7ffffffffffff 0 -365 -365 0000000000000000 c076d00000000000 3ca7ffffffffffff 4076d00000000000 3fefffffffffffff
inside 196 3ca7ffffffffffff 0 -1 -1 0000000000000000 bff0000000000000 3ca7ffffffffffff 3ff0000000000001 3fefffffffffffff
inside 197 3ca7ffffffffffff 0 0 0 0000000000000000 0000000000000000 3ca7ffffffffffff 3ca7ffffffffffff 3fefffffffffffff
inside 198 3ca7ffffffffffff 0 1 1 0000000000000000 3ff0000000000000 3ca7ffffffffffff bfefffffffffffff 3fefffffffffffff
inside 199 3ca7ffffffffffff 0 366 366 0000000000000000 4076e00000000000 3ca7ffffffffffff c076e00000000000 3fefffffffffffff
inside 200 3ca8000000000000 0 -365 -365 0000000000000000 c076d00000000000 3ca8000000000000 4076d00000000000 3feffffffffffffe
inside 201 3ca8000000000000 0 -1 -1 0000000000000000 bff0000000000000 3ca8000000000000 3ff0000000000001 3feffffffffffffe
inside 202 3ca8000000000000 0 0 0 0000000000000000 0000000000000000 3ca8000000000000 3ca8000000000000 3feffffffffffffe
inside 203 3ca8000000000000 0 1 1 0000000000000000 3ff0000000000000 3ca8000000000000 bfeffffffffffffe 3feffffffffffffe
inside 204 3ca8000000000000 0 366 366 0000000000000000 4076e00000000000 3ca8000000000000 c076e00000000000 3feffffffffffffe
inside 205 3caffffffffffffe 0 -365 -365 0000000000000000 c076d00000000000 3caffffffffffffe 4076d00000000000 3feffffffffffffe
inside 206 3caffffffffffffe 0 -1 -1 0000000000000000 bff0000000000000 3caffffffffffffe 3ff0000000000001 3feffffffffffffe
inside 207 3caffffffffffffe 0 0 0 0000000000000000 0000000000000000 3caffffffffffffe 3caffffffffffffe 3feffffffffffffe
inside 208 3caffffffffffffe 0 1 1 0000000000000000 3ff0000000000000 3caffffffffffffe bfeffffffffffffe 3feffffffffffffe
inside 209 3caffffffffffffe 0 366 366 0000000000000000 4076e00000000000 3caffffffffffffe c076e00000000000 3feffffffffffffe
inside 210 3cafffffffffffff 0 -365 -365 0000000000000000 c076d00000000000 3cafffffffffffff 4076d00000000000 3feffffffffffffe
inside 211 3cafffffffffffff 0 -1 -1 0000000000000000 bff0000000000000 3cafffffffffffff 3ff0000000000001 3feffffffffffffe
inside 212 3cafffffffffffff 0 0 0 0000000000000000 0000000000000000 3cafffffffffffff 3cafffffffffffff 3feffffffffffffe
inside 213 3cafffffffffffff 0 1 1 0000000000000000 3ff0000000000000 3cafffffffffffff bfeffffffffffffe 3feffffffffffffe
inside 214 3cafffffffffffff 0 366 366 0000000000000000 4076e00000000000 3cafffffffffffff c076e00000000000 3feffffffffffffe
inside 215 3fc0000000000000 0 -365 -365 0000000000000000 c076d00000000000 3fc0000000000000 4076d20000000000 3fec000000000000
inside 216 3fc0000000000000 0 -1 -1 0000000000000000 bff0000000000000 3fc0000000000000 3ff2000000000000 3fec000000000000
inside 217 3fc0000000000000 0 0 0 0000000000000000 0000000000000000 3fc0000000000000 3fc0000000000000 3fec000000000000
inside 218 3fc0000000000000 0 1 1 0000000000000000 3ff0000000000000 3fc0000000000000 bfec000000000000 3fec000000000000
inside 219 3fc0000000000000 0 366 366 0000000000000000 4076e00000000000 3fc0000000000000 c076de0000000000 3fec000000000000
inside 220 3fc0000000000001 0 -365 -365 0000000000000000 c076d00000000000 3fc0000000000001 4076d20000000000 3fec000000000000
inside 221 3fc0000000000001 0 -1 -1 0000000000000000 bff0000000000000 3fc0000000000001 3ff2000000000000 3fec000000000000
inside 222 3fc0000000000001 0 0 0 0000000000000000 0000000000000000 3fc0000000000001 3fc0000000000001 3fec000000000000
inside 223 3fc0000000000001 0 1 1 0000000000000000 3ff0000000000000 3fc0000000000001 bfec000000000000 3fec000000000000
inside 224 3fc0000000000001 0 366 366 0000000000000000 4076e00000000000 3fc0000000000001 c076de0000000000 3fec000000000000
inside 225 3fc7ffffffffffff 0 -365 -365 0000000000000000 c076d00000000000 3fc7ffffffffffff 4076d30000000000 3fea000000000000
inside 226 3fc7ffffffffffff 0 -1 -1 0000000000000000 bff0000000000000 3fc7ffffffffffff 3ff3000000000000 3fea000000000000
inside 227 3fc7ffffffffffff 0 0 0 0000000000000000 0000000000000000 3fc7ffffffffffff 3fc7ffffffffffff 3fea000000000000
inside 228 3fc7ffffffffffff 0 1 1 0000000000000000 3ff0000000000000 3fc7ffffffffffff bfea000000000000 3fea000000000000
inside 229 3fc7ffffffffffff 0 366 366 0000000000000000 4076e00000000000 3fc7ffffffffffff c076dd0000000000 3fea000000000000
inside 230 3fc8000000000000 0 -365 -365 0000000000000000 c076d00000000000 3fc8000000000000 4076d30000000000 3fea000000000000
inside 231 3fc8000000000000 0 -1 -1 0000000000000000 bff0000000000000 3fc8000000000000 3ff3000000000000 3fea000000000000
inside 232 3fc8000000000000 0 0 0 0000000000000000 0000000000000000 3fc8000000000000 3fc8000000000000 3fea000000000000
inside 233 3fc8000000000000 0 1 1 0000000000000000 3ff0000000000000 3fc8000000000000 bfea000000000000 3fea000000000000
inside 234 3fc8000000000000 0 366 366 0000000000000000 4076e00000000000 3fc8000000000000 c076dd0000000000 3fea000000000000
inside 235 3fcffffffffffffe 0 -365 -365 0000000000000000 c076d00000000000 3fcffffffffffffe 4076d40000000000 3fe8000000000000
inside 236 3fcffffffffffffe 0 -1 -1 0000000000000000 bff0000000000000 3fcffffffffffffe 3ff4000000000000 3fe8000000000000
inside 237 3fcffffffffffffe 0 0 0 0000000000000000 0000000000000000 3fcffffffffffffe 3fcffffffffffffe 3fe8000000000000
inside 238 3fcffffffffffffe 0 1 1 0000000000000000 3ff0000000000000 3fcffffffffffffe bfe8000000000000 3fe8000000000000
inside 239 3fcffffffffffffe 0 366 366 0000000000000000 4076e00000000000 3fcffffffffffffe c076dc0000000000 3fe8000000000000
inside 240 3fcfffffffffffff 0 -365 -365 0000000000000000 c076d00000000000 3fcfffffffffffff 4076d40000000000 3fe8000000000000
inside 241 3fcfffffffffffff 0 -1 -1 0000000000000000 bff0000000000000 3fcfffffffffffff 3ff4000000000000 3fe8000000000000
inside 242 3fcfffffffffffff 0 0 0 0000000000000000 0000000000000000 3fcfffffffffffff 3fcfffffffffffff 3fe8000000000000
inside 243 3fcfffffffffffff 0 1 1 0000000000000000 3ff0000000000000 3fcfffffffffffff bfe8000000000000 3fe8000000000000
inside 244 3fcfffffffffffff 0 366 366 0000000000000000 4076e00000000000 3fcfffffffffffff c076dc0000000000 3fe8000000000000
inside 245 3fd0000000000000 0 -365 -365 0000000000000000 c076d00000000000 3fd0000000000000 4076d40000000000 3fe8000000000000
inside 246 3fd0000000000000 0 -1 -1 0000000000000000 bff0000000000000 3fd0000000000000 3ff4000000000000 3fe8000000000000
inside 247 3fd0000000000000 0 0 0 0000000000000000 0000000000000000 3fd0000000000000 3fd0000000000000 3fe8000000000000
inside 248 3fd0000000000000 0 1 1 0000000000000000 3ff0000000000000 3fd0000000000000 bfe8000000000000 3fe8000000000000
inside 249 3fd0000000000000 0 366 366 0000000000000000 4076e00000000000 3fd0000000000000 c076dc0000000000 3fe8000000000000
inside 250 3fd0000000000001 0 -365 -365 0000000000000000 c076d00000000000 3fd0000000000001 4076d40000000000 3fe8000000000000
inside 251 3fd0000000000001 0 -1 -1 0000000000000000 bff0000000000000 3fd0000000000001 3ff4000000000000 3fe8000000000000
inside 252 3fd0000000000001 0 0 0 0000000000000000 0000000000000000 3fd0000000000001 3fd0000000000001 3fe8000000000000
inside 253 3fd0000000000001 0 1 1 0000000000000000 3ff0000000000000 3fd0000000000001 bfe8000000000000 3fe8000000000000
inside 254 3fd0000000000001 0 366 366 0000000000000000 4076e00000000000 3fd0000000000001 c076dc0000000000 3fe8000000000000
inside 255 3fd7ffffffffffff 0 -365 -365 0000000000000000 c076d00000000000 3fd7ffffffffffff 4076d60000000000 3fe4000000000000
inside 256 3fd7ffffffffffff 0 -1 -1 0000000000000000 bff0000000000000 3fd7ffffffffffff 3ff6000000000000 3fe4000000000000
inside 257 3fd7ffffffffffff 0 0 0 0000000000000000 0000000000000000 3fd7ffffffffffff 3fd7ffffffffffff 3fe4000000000000
inside 258 3fd7ffffffffffff 0 1 1 0000000000000000 3ff0000000000000 3fd7ffffffffffff bfe4000000000000 3fe4000000000000
inside 259 3fd7ffffffffffff 0 366 366 0000000000000000 4076e00000000000 3fd7ffffffffffff c076da0000000000 3fe4000000000000
inside 260 3fd8000000000000 0 -365 -365 0000000000000000 c076d00000000000 3fd8000000000000 4076d60000000000 3fe4000000000000
inside 261 3fd8000000000000 0 -1 -1 0000000000000000 bff0000000000000 3fd8000000000000 3ff6000000000000 3fe4000000000000
inside 262 3fd8000000000000 0 0 0 0000000000000000 0000000000000000 3fd8000000000000 3fd8000000000000 3fe4000000000000
inside 263 3fd8000000000000 0 1 1 0000000000000000 3ff0000000000000 3fd8000000000000 bfe4000000000000 3fe4000000000000
inside 264 3fd8000000000000 0 366 366 0000000000000000 4076e00000000000 3fd8000000000000 c076da0000000000 3fe4000000000000
inside 265 3fdffffffffffffe 0 -365 -365 0000000000000000 c076d00000000000 3fdffffffffffffe 4076d80000000000 3fe0000000000001
inside 266 3fdffffffffffffe 0 -1 -1 0000000000000000 bff0000000000000 3fdffffffffffffe 3ff8000000000000 3fe0000000000001
inside 267 3fdffffffffffffe 0 0 0 0000000000000000 0000000000000000 3fdffffffffffffe 3fdffffffffffffe 3fe0000000000001
inside 268 3fdffffffffffffe 0 1 1 0000000000000000 3ff0000000000000 3fdffffffffffffe bfe0000000000001 3fe0000000000001
inside 269 3fdffffffffffffe 0 366 366 0000000000000000 4076e00000000000 3fdffffffffffffe c076d80000000000 3fe0000000000001
inside 270 3fdfffffffffffff 0 -365 -365 0000000000000000 c076d00000000000 3fdfffffffffffff 4076d80000000000 3fe0000000000000
inside 271 3fdfffffffffffff 0 -1 -1 0000000000000000 bff0000000000000 3fdfffffffffffff 3ff8000000000000 3fe0000000000000
inside 272 3fdfffffffffffff 0 0 0 0000000000000000 0000000000000000 3fdfffffffffffff 3fdfffffffffffff 3fe0000000000000
inside 273 3fdfffffffffffff 0 1 1 0000000000000000 3ff0000000000000 3fdfffffffffffff bfe0000000000000 3fe0000000000000
inside 274 3fdfffffffffffff 0 366 366 0000000000000000 4076e00000000000 3fdfffffffffffff c076d80000000000 3fe0000000000000
inside 275 3fe0000000000000 0 -365 -365 0000000000000000 c076d00000000000 3fe0000000000000 4076d80000000000 3fe0000000000000
inside 276 3fe0000000000000 0 -1 -1 0000000000000000 bff0000000000000 3fe0000000000000 3ff8000000000000 3fe0000000000000
inside 277 3fe0000000000000 0 0 0 0000000000000000 0000000000000000 3fe0000000000000 3fe0000000000000 3fe0000000000000
inside 278 3fe0000000000000 0 1 1 0000000000000000 3ff0000000000000 3fe0000000000000 bfe0000000000000 3fe0000000000000
inside 279 3fe0000000000000 0 366 366 0000000000000000 4076e00000000000 3fe0000000000000 c076d80000000000 3fe0000000000000
inside 280 3fe0000000000001 0 -365 -365 0000000000000000 c076d00000000000 3fe0000000000001 4076d80000000000 3fdffffffffffffe
inside 281 3fe0000000000001 0 -1 -1 0000000000000000 bff0000000000000 3fe0000000000001 3ff8000000000000 3fdffffffffffffe
inside 282 3fe0000000000001 0 0 0 0000000000000000 0000000000000000 3fe0000000000001 3fe0000000000001 3fdffffffffffffe
inside 283 3fe0000000000001 0 1 1 0000000000000000 3ff0000000000000 3fe0000000000001 bfdffffffffffffe 3fdffffffffffffe
inside 284 3fe0000000000001 0 366 366 0000000000000000 4076e00000000000 3fe0000000000001 c076d80000000000 3fdffffffffffffe
inside 285 3fe7ffffffffffff 0 -365 -365 0000000000000000 c076d00000000000 3fe7ffffffffffff 4076dc0000000000 3fd0000000000002
inside 286 3fe7ffffffffffff 0 -1 -1 0000000000000000 bff0000000000000 3fe7ffffffffffff 3ffc000000000000 3fd0000000000002
inside 287 3fe7ffffffffffff 0 0 0 0000000000000000 0000000000000000 3fe7ffffffffffff 3fe7ffffffffffff 3fd0000000000002
inside 288 3fe7ffffffffffff 0 1 1 0000000000000000 3ff0000000000000 3fe7ffffffffffff bfd0000000000002 3fd0000000000002
inside 289 3fe7ffffffffffff 0 366 366 0000000000000000 4076e00000000000 3fe7ffffffffffff c076d40000000000 3fd0000000000002
inside 290 3fe8000000000000 0 -365 -365 0000000000000000 c076d00000000000 3fe8000000000000 4076dc0000000000 3fd0000000000000
inside 291 3fe8000000000000 0 -1 -1 0000000000000000 bff0000000000000 3fe8000000000000 3ffc000000000000 3fd0000000000000
inside 292 3fe8000000000000 0 0 0 0000000000000000 0000000000000000 3fe8000000000000 3fe8000000000000 3fd0000000000000
inside 293 3fe8000000000000 0 1 1 0000000000000000 3ff0000000000000 3fe8000000000000 bfd0000000000000 3fd0000000000000
inside 294 3fe8000000000000 0 366 366 0000000000000000 4076e00000000000 3fe8000000000000 c076d40000000000 3fd0000000000000
inside 295 3feffffffffffffe 0 -365 -365 0000000000000000 c076d00000000000 3feffffffffffffe 4076e00000000000 3cb0000000000000
inside 296 3feffffffffffffe 0 -1 -1 0000000000000000 bff0000000000000 3feffffffffffffe 3fffffffffffffff 3cb0000000000000
inside 297 3feffffffffffffe 0 0 0 0000000000000000 0000000000000000 3feffffffffffffe 3feffffffffffffe 3cb0000000000000
inside 298 3feffffffffffffe 0 1 1 0000000000000000 3ff0000000000000 3feffffffffffffe bcb0000000000000 3cb0000000000000
inside 299 3feffffffffffffe 0 366 366 0000000000000000 4076e00000000000 3feffffffffffffe c076d00000000000 3cb0000000000000
inside 300 3fefffffffffffff 0 -365 -365 0000000000000000 c076d00000000000 3fefffffffffffff 4076e00000000000 3ca0000000000000
inside 301 3fefffffffffffff 0 -1 -1 0000000000000000 bff0000000000000 3fefffffffffffff 4000000000000000 3ca0000000000000
inside 302 3fefffffffffffff 0 0 0 0000000000000000 0000000000000000 3fefffffffffffff 3fefffffffffffff 3ca0000000000000
inside 303 3fefffffffffffff 0 1 1 0000000000000000 3ff0000000000000 3fefffffffffffff bca0000000000000 3ca0000000000000
inside 304 3fefffffffffffff 0 366 366 0000000000000000 4076e00000000000 3fefffffffffffff c076d00000000000 3ca0000000000000
inside 305 3ff0000000000000 1 -365 -364 3ff0000000000000 c076c00000000000 0000000000000000 4076d00000000000 3ff0000000000000
inside 306 3ff0000000000000 1 -1 0 3ff0000000000000 0000000000000000 0000000000000000 3ff0000000000000 3ff0000000000000
inside 307 3ff0000000000000 1 0 1 3ff0000000000000 3ff0000000000000 0000000000000000 0000000000000000 3ff0000000000000
inside 308 3ff0000000000000 1 1 2 3ff0000000000000 4000000000000000 0000000000000000 bff0000000000000 3ff0000000000000
inside 309 3ff0000000000000 1 366 367 3ff0000000000000 4076f00000000000 0000000000000000 c076e00000000000 3ff0000000000000
inside 310 3ff0000000000001 1 -365 -364 3ff0000000000000 c076c00000000000 3cb0000000000000 4076d00000000000 3feffffffffffffe
inside 311 3ff0000000000001 1 -1 0 3ff0000000000000 0000000000000000 3cb0000000000000 3ff0000000000001 3feffffffffffffe
inside 312 3ff0000000000001 1 0 1 3ff0000000000000 3ff0000000000000 3cb0000000000000 3cb0000000000000 3feffffffffffffe
inside 313 3ff0000000000001 1 1 2 3ff0000000000000 4000000000000000 3cb0000000000000 bfeffffffffffffe 3feffffffffffffe
inside 314 3ff0000000000001 1 366 367 3ff0000000000000 4076f00000000000 3cb0000000000000 c076e00000000000 3feffffffffffffe
inside 315 3ff7ffffffffffff 1 -365 -364 3ff0000000000000 c076c00000000000 3fdffffffffffffc 4076d80000000000 3fe0000000000002
inside 316 3ff7ffffffffffff 1 -1 0 3ff0000000000000 0000000000000000 3fdffffffffffffc 3ff7ffffffffffff 3fe0000000000002
inside 317 3ff7ffffffffffff 1 0 1 3ff0000000000000 3ff0000000000000 3fdffffffffffffc 3fdffffffffffffc 3fe0000000000002
inside 318 3ff7ffffffffffff 1 1 2 3ff0000000000000 4000000000000000 3fdffffffffffffc bfe0000000000002 3fe0000000000002
inside 319 3ff7ffffffffffff 1 366 367 3ff0000000000000 4076f00000000000 3fdffffffffffffc c076d80000000000 3fe0000000000002
inside 320 3ff8000000000000 1 -365 -364 3ff0000000000000 c076c00000000000 3fe0000000000000 4076d80000000000 3fe0000000000000
inside 321 3ff8000000000000 1 -1 0 3ff0000000000000 0000000000000000 3fe0000000000000 3ff8000000000000 3fe0000000000000
inside 322 3ff8000000000000 1 0 1 3ff0000000000000 3ff0000000000000 3fe0000000000000 3fe0000000000000 3fe0000000000000
inside 323 3ff8000000000000 1 1 2 3ff0000000000000 4000000000000000 3fe0000000000000 bfe0000000000000 3fe0000000000000
inside 324 3ff8000000000000 1 366 367 3ff0000000000000 4076f00000000000 3fe0000000000000 c076d80000000000 3fe0000000000000
inside 325 3ffffffffffffffe 1 -365 -364 3ff0000000000000 c076c00000000000 3feffffffffffffc 4076e00000000000 3cc0000000000000
inside 326 3ffffffffffffffe 1 -1 0 3ff0000000000000 0000000000000000 3feffffffffffffc 3ffffffffffffffe 3cc0000000000000
inside 327 3ffffffffffffffe 1 0 1 3ff0000000000000 3ff0000000000000 3feffffffffffffc 3feffffffffffffc 3cc0000000000000
inside 328 3ffffffffffffffe 1 1 2 3ff0000000000000 4000000000000000 3feffffffffffffc bcc0000000000000 3cc0000000000000
inside 329 3ffffffffffffffe 1 366 367 3ff0000000000000 4076f00000000000 3feffffffffffffc c076d00000000000 3cc0000000000000
inside 330 3fffffffffffffff 1 -365 -364 3ff0000000000000 c076c00000000000 3feffffffffffffe 4076e00000000000 3cb0000000000000
inside 331 3fffffffffffffff 1 -1 0 3ff0000000000000 0000000000000000 3feffffffffffffe 3fffffffffffffff 3cb0000000000000
inside 332 3fffffffffffffff 1 0 1 3ff0000000000000 3ff0000000000000 3feffffffffffffe 3feffffffffffffe 3cb0000000000000
inside 333 3fffffffffffffff 1 1 2 3ff0000000000000 4000000000000000 3feffffffffffffe bcb0000000000000 3cb0000000000000
inside 334 3fffffffffffffff 1 366 367 3ff0000000000000 4076f00000000000 3feffffffffffffe c076d00000000000 3cb0000000000000
inside 335 4000000000000000 2 -365 -363 4000000000000000 c076b00000000000 0000000000000000 4076d00000000000 3ff0000000000000
inside 336 4000000000000000 2 -1 1 4000000000000000 3ff0000000000000 0000000000000000 3ff0000000000000 3ff0000000000000
inside 337 4000000000000000 2 0 2 4000000000000000 4000000000000000 0000000000000000 0000000000000000 3ff0000000000000
inside 338 4000000000000000 2 1 3 4000000000000000 4008000000000000 0000000000000000 bff0000000000000 3ff0000000000000
inside 339 4000000000000000 2 366 368 4000000000000000 4077000000000000 0000000000000000 c076e00000000000 3ff0000000000000
inside 340 4000000000000001 2 -365 -363 4000000000000000 c076b00000000000 3cc0000000000000 4076d00000000000 3feffffffffffffc
inside 341 4000000000000001 2 -1 1 4000000000000000 3ff0000000000000 3cc0000000000000 3ff0000000000002 3feffffffffffffc
inside 342 4000000000000001 2 0 2 4000000000000000 4000000000000000 3cc0000000000000 3cc0000000000000 3feffffffffffffc
inside 343 4000000000000001 2 1 3 4000000000000000 4008000000000000 3cc0000000000000 bfeffffffffffffc 3feffffffffffffc
inside 344 4000000000000001 2 366 368 4000000000000000 4077000000000000 3cc0000000000000 c076e00000000000 3feffffffffffffc
inside 345 4007ffffffffffff 2 -365 -363 4000000000000000 c076b00000000000 3feffffffffffffc 4076e00000000000 3cc0000000000000
inside 346 4007ffffffffffff 2 -1 1 4000000000000000 3ff0000000000000 3feffffffffffffc 3ffffffffffffffe 3cc0000000000000
inside 347 4007ffffffffffff 2 0 2 4000000000000000 4000000000000000 3feffffffffffffc 3feffffffffffffc 3cc0000000000000
inside 348 4007ffffffffffff 2 1 3 4000000000000000 4008000000000000 3feffffffffffffc bcc0000000000000 3cc0000000000000
inside 349 4007ffffffffffff 2 366 368 4000000000000000 4077000000000000 3feffffffffffffc c076d00000000000 3cc0000000000000
inside 350 4008000000000000 3 -365 -362 4008000000000000 c076a00000000000 0000000000000000 4076d00000000000 3ff0000000000000
inside 351 4008000000000000 3 -1 2 4008000000000000 4000000000000000 0000000000000000 3ff0000000000000 3ff0000000000000
inside 352 4008000000000000 3 0 3 4008000000000000 4008000000000000 0000000000000000 0000000000000000 3ff0000000000000
inside 353 4008000000000000 3 1 4 4008000000000000 4010000000000000 0000000000000000 bff0000000000000 3ff0000000000000
inside 354 4008000000000000 3 366 369 4008000000000000 4077100000000000 0000000000000000 c076e00000000000 3ff0000000000000
inside 355 400ffffffffffffe 3 -365 -362 4008000000000000 c076a00000000000 3feffffffffffff8 4076e00000000000 3cd0000000000000
inside 356 400ffffffffffffe 3 -1 2 4008000000000000 4000000000000000 3feffffffffffff8 3ffffffffffffffc 3cd0000000000000
inside 357 400ffffffffffffe 3 0 3 4008000000000000 4008000000000000 3feffffffffffff8 3feffffffffffff8 3cd0000000000000
inside 358 400ffffffffffffe 3 1 4 4008000000000000 4010000000000000 3feffffffffffff8 bcd0000000000000 3cd0000000000000
inside 359 400ffffffffffffe 3 366 369 4008000000000000 4077100000000000 3feffffffffffff8 c076d00000000000 3cd0000000000000
inside 360 400fffffffffffff 3 -365 -362 4008000000000000 c076a00000000000 3feffffffffffffc 4076e00000000000 3cc0000000000000
inside 361 400fffffffffffff 3 -1 2 4008000000000000 4000000000000000 3feffffffffffffc 3ffffffffffffffe 3cc0000000000000
inside 362 400fffffffffffff 3 0 3 4008000000000000 4008000000000000 3feffffffffffffc 3feffffffffffffc 3cc0000000000000
inside 363 400fffffffffffff 3 1 4 4008000000000000 4010000000000000 3feffffffffffffc bcc0000000000000 3cc0000000000000
inside 364 400fffffffffffff 3 366 369 4008000000000000 4077100000000000 3feffffffffffffc c076d00000000000 3cc0000000000000
inside 365 4060000000000000 128 -365 -237 4060000000000000 c06da00000000000 0000000000000000 4076d00000000000 3ff0000000000000
inside 366 4060000000000000 128 -1 127 4060000000000000 405fc00000000000 0000000000000000 3ff0000000000000 3ff0000000000000
inside 367 4060000000000000 128 0 128 4060000000000000 4060000000000000 0000000000000000 0000000000000000 3ff0000000000000
inside 368 4060000000000000 128 1 129 4060000000000000 4060200000000000 0000000000000000 bff0000000000000 3ff0000000000000
inside 369 4060000000000000 128 366 494 4060000000000000 407ee00000000000 0000000000000000 c076e00000000000 3ff0000000000000
inside 370 4060000000000001 128 -365 -237 4060000000000000 c06da00000000000 3d20000000000000 4076d00000000000 3fefffffffffff00
inside 371 4060000000000001 128 -1 127 4060000000000000 405fc00000000000 3d20000000000000 3ff0000000000080 3fefffffffffff00
inside 372 4060000000000001 128 0 128 4060000000000000 4060000000000000 3d20000000000000 3d20000000000000 3fefffffffffff00
inside 373 4060000000000001 128 1 129 4060000000000000 4060200000000000 3d20000000000000 bfefffffffffff00 3fefffffffffff00
inside 374 4060000000000001 128 366 494 4060000000000000 407ee00000000000 3d20000000000000 c076e00000000000 3fefffffffffff00
inside 375 4067ffffffffffff 191 -365 -174 4067e00000000000 c065c00000000000 3fefffffffffff00 4076e00000000000 3d20000000000000
inside 376 4067ffffffffffff 191 -1 190 4067e00000000000 4067c00000000000 3fefffffffffff00 3fffffffffffff80 3d20000000000000
inside 377 4067ffffffffffff 191 0 191 4067e00000000000 4067e00000000000 3fefffffffffff00 3fefffffffffff00 3d20000000000000
inside 378 4067ffffffffffff 191 1 192 4067e00000000000 4068000000000000 3fefffffffffff00 bd20000000000000 3d20000000000000
inside 379 4067ffffffffffff 191 366 557 4067e00000000000 4081680000000000 3fefffffffffff00 c076d00000000000 3d20000000000000
inside 380 4068000000000000 192 -365 -173 4068000000000000 c065a00000000000 0000000000000000 4076d00000000000 3ff0000000000000
inside 381 4068000000000000 192 -1 191 4068000000000000 4067e00000000000 0000000000000000 3ff0000000000000 3ff0000000000000
inside 382 4068000000000000 192 0 192 4068000000000000 4068000000000000 0000000000000000 0000000000000000 3ff0000000000000
inside 383 4068000000000000 192 1 193 4068000000000000 4068200000000000 0000000000000000 bff0000000000000 3ff0000000000000
inside 384 4068000000000000 192 366 558 4068000000000000 4081700000000000 0000000000000000 c076e00000000000 3ff0000000000000
inside 385 406ffffffffffffe 255 -365 -110 406fe00000000000 c05b800000000000 3feffffffffffe00 4076dfffffffffff 3d30000000000000
inside 386 406ffffffffffffe 255 -1 254 406fe00000000000 406fc00000000000 3feffffffffffe00 3fffffffffffff00 3d30000000000000
inside 387 406ffffffffffffe 255 0 255 406fe00000000000 406fe00000000000 3feffffffffffe00 3feffffffffffe00 3d30000000000000
inside 388 406ffffffffffffe 255 1 256 406fe00000000000 4070000000000000 3feffffffffffe00 bd30000000000000 3d30000000000000
inside 389 406ffffffffffffe 255 366 621 406fe00000000000 4083680000000000 3feffffffffffe00 c076d00000000001 3d30000000000000
inside 390 406fffffffffffff 255 -365 -110 406fe00000000000 c05b800000000000 3fefffffffffff00 4076e00000000000 3d20000000000000
inside 391 406fffffffffffff 255 -1 254 406fe00000000000 406fc00000000000 3fefffffffffff00 3fffffffffffff80 3d20000000000000
inside 392 406fffffffffffff 255 0 255 406fe00000000000 406fe00000000000 3fefffffffffff00 3fefffffffffff00 3d20000000000000
inside 393 406fffffffffffff 255 1 256 406fe00000000000 4070000000000000 3fefffffffffff00 bd20000000000000 3d20000000000000
inside 394 406fffffffffffff 255 366 621 406fe00000000000 4083680000000000 3fefffffffffff00 c076d00000000000 3d20000000000000
inside 395 4076cfffffffffff 364 -365 -1 4076c00000000000 bff0000000000000 3feffffffffffe00 4076dfffffffffff 3d30000000000000
inside 396 4076cfffffffffff 364 -1 363 4076c00000000000 4076b00000000000 3feffffffffffe00 3fffffffffffff00 3d30000000000000
inside 397 4076cfffffffffff 364 0 364 4076c00000000000 4076c00000000000 3feffffffffffe00 3feffffffffffe00 3d30000000000000
inside 398 4076cfffffffffff 364 1 365 4076c00000000000 4076d00000000000 3feffffffffffe00 bd30000000000000 3d30000000000000
inside 399 4076cfffffffffff 364 366 730 4076c00000000000 4086d00000000000 3feffffffffffe00 c076d00000000001 3d30000000000000
inside 400 4076d00000000000 365 -365 0 4076d00000000000 0000000000000000 0000000000000000 4076d00000000000 3ff0000000000000
inside 401 4076d00000000000 365 -1 364 4076d00000000000 4076c00000000000 0000000000000000 3ff0000000000000 3ff0000000000000
inside 402 4076d00000000000 365 0 365 4076d00000000000 4076d00000000000 0000000000000000 0000000000000000 3ff0000000000000
inside 403 4076d00000000000 365 1 366 4076d00000000000 4076e00000000000 0000000000000000 bff0000000000000 3ff0000000000000
inside 404 4076d00000000000 365 366 731 4076d00000000000 4086d80000000000 0000000000000000 c076e00000000000 3ff0000000000000
inside 405 4076d00000000001 365 -365 0 4076d00000000000 0000000000000000 3d30000000000000 4076d00000000001 3feffffffffffe00
inside 406 4076d00000000001 365 -1 364 4076d00000000000 4076c00000000000 3d30000000000000 3ff0000000000100 3feffffffffffe00
inside 407 4076d00000000001 365 0 365 4076d00000000000 4076d00000000000 3d30000000000000 3d30000000000000 3feffffffffffe00
inside 408 4076d00000000001 365 1 366 4076d00000000000 4076e00000000000 3d30000000000000 bfeffffffffffe00 3feffffffffffe00
inside 409 4076d00000000001 365 366 731 4076d00000000000 4086d80000000000 3d30000000000000 c076dfffffffffff 3feffffffffffe00
inside 410 4076dfffffffffff 365 -365 0 4076d00000000000 0000000000000000 3feffffffffffe00 4076dfffffffffff 3d30000000000000
inside 411 4076dfffffffffff 365 -1 364 4076d00000000000 4076c00000000000 3feffffffffffe00 3fffffffffffff00 3d30000000000000
inside 412 4076dfffffffffff 365 0 365 4076d00000000000 4076d00000000000 3feffffffffffe00 3feffffffffffe00 3d30000000000000
inside 413 4076dfffffffffff 365 1 366 4076d00000000000 4076e00000000000 3feffffffffffe00 bd30000000000000 3d30000000000000
inside 414 4076dfffffffffff 365 366 731 4076d00000000000 4086d80000000000 3feffffffffffe00 c076d00000000001 3d30000000000000
inside 415 4076e00000000000 366 -365 1 4076e00000000000 3ff0000000000000 0000000000000000 4076d00000000000 3ff0000000000000
inside 416 4076e00000000000 366 -1 365 4076e00000000000 4076d00000000000 0000000000000000 3ff0000000000000 3ff0000000000000
inside 417 4076e00000000000 366 0 366 4076e00000000000 4076e00000000000 0000000000000000 0000000000000000 3ff0000000000000
inside 418 4076e00000000000 366 1 367 4076e00000000000 4076f00000000000 0000000000000000 bff0000000000000 3ff0000000000000
inside 419 4076e00000000000 366 366 732 4076e00000000000 4086e00000000000 0000000000000000 c076e00000000000 3ff0000000000000
inside 420 4076e00000000001 366 -365 1 4076e00000000000 3ff0000000000000 3d30000000000000 4076d00000000001 3feffffffffffe00
inside 421 4076e00000000001 366 -1 365 4076e00000000000 4076d00000000000 3d30000000000000 3ff0000000000100 3feffffffffffe00
inside 422 4076e00000000001 366 0 366 4076e00000000000 4076e00000000000 3d30000000000000 3d30000000000000 3feffffffffffe00
inside 423 4076e00000000001 366 1 367 4076e00000000000 4076f00000000000 3d30000000000000 bfeffffffffffe00 3feffffffffffe00
inside 424 4076e00000000001 366 366 732 4076e00000000000 4086e00000000000 3d30000000000000 c076dfffffffffff 3feffffffffffe00
inside 425 4076efffffffffff 366 -365 1 4076e00000000000 3ff0000000000000 3feffffffffffe00 4076dfffffffffff 3d30000000000000
inside 426 4076efffffffffff 366 -1 365 4076e00000000000 4076d00000000000 3feffffffffffe00 3fffffffffffff00 3d30000000000000
inside 427 4076efffffffffff 366 0 366 4076e00000000000 4076e00000000000 3feffffffffffe00 3feffffffffffe00 3d30000000000000
inside 428 4076efffffffffff 366 1 367 4076e00000000000 4076f00000000000 3feffffffffffe00 bd30000000000000 3d30000000000000
inside 429 4076efffffffffff 366 366 732 4076e00000000000 4086e00000000000 3feffffffffffe00 c076d00000000001 3d30000000000000
inside 430 4076f00000000000 367 -365 2 4076f00000000000 4000000000000000 0000000000000000 4076d00000000000 3ff0000000000000
inside 431 4076f00000000000 367 -1 366 4076f00000000000 4076e00000000000 0000000000000000 3ff0000000000000 3ff0000000000000
inside 432 4076f00000000000 367 0 367 4076f00000000000 4076f00000000000 0000000000000000 0000000000000000 3ff0000000000000
inside 433 4076f00000000000 367 1 368 4076f00000000000 4077000000000000 0000000000000000 bff0000000000000 3ff0000000000000
inside 434 4076f00000000000 367 366 733 4076f00000000000 4086e80000000000 0000000000000000 c076e00000000000 3ff0000000000000
inside 435 4076f00000000001 367 -365 2 4076f00000000000 4000000000000000 3d30000000000000 4076d00000000001 3feffffffffffe00
inside 436 4076f00000000001 367 -1 366 4076f00000000000 4076e00000000000 3d30000000000000 3ff0000000000100 3feffffffffffe00
inside 437 4076f00000000001 367 0 367 4076f00000000000 4076f00000000000 3d30000000000000 3d30000000000000 3feffffffffffe00
inside 438 4076f00000000001 367 1 368 4076f00000000000 4077000000000000 3d30000000000000 bfeffffffffffe00 3feffffffffffe00
inside 439 4076f00000000001 367 366 733 4076f00000000000 4086e80000000000 3d30000000000000 c076dfffffffffff 3feffffffffffe00
inside 440 4086d7ffffffffff 730 -365 365 4086d00000000000 4076d00000000000 3feffffffffffc00 4076dffffffffffe 3d40000000000000
inside 441 4086d7ffffffffff 730 -1 729 4086d00000000000 4086c80000000000 3feffffffffffc00 3ffffffffffffe00 3d40000000000000
inside 442 4086d7ffffffffff 730 0 730 4086d00000000000 4086d00000000000 3feffffffffffc00 3feffffffffffc00 3d40000000000000
inside 443 4086d7ffffffffff 730 1 731 4086d00000000000 4086d80000000000 3feffffffffffc00 bd40000000000000 3d40000000000000
inside 444 4086d7ffffffffff 730 366 1096 4086d00000000000 4091200000000000 3feffffffffffc00 c076d00000000002 3d40000000000000
inside 445 4086d80000000000 731 -365 366 4086d80000000000 4076e00000000000 0000000000000000 4076d00000000000 3ff0000000000000
inside 446 4086d80000000000 731 -1 730 4086d80000000000 4086d00000000000 0000000000000000 3ff0000000000000 3ff0000000000000
inside 447 4086d80000000000 731 0 731 4086d80000000000 4086d80000000000 0000000000000000 0000000000000000 3ff0000000000000
inside 448 4086d80000000000 731 1 732 4086d80000000000 4086e00000000000 0000000000000000 bff0000000000000 3ff0000000000000
inside 449 4086d80000000000 731 366 1097 4086d80000000000 4091240000000000 0000000000000000 c076e00000000000 3ff0000000000000
inside 450 4086d80000000001 731 -365 366 4086d80000000000 4076e00000000000 3d40000000000000 4076d00000000002 3feffffffffffc00
inside 451 4086d80000000001 731 -1 730 4086d80000000000 4086d00000000000 3d40000000000000 3ff0000000000200 3feffffffffffc00
inside 452 4086d80000000001 731 0 731 4086d80000000000 4086d80000000000 3d40000000000000 3d40000000000000 3feffffffffffc00
inside 453 4086d80000000001 731 1 732 4086d80000000000 4086e00000000000 3d40000000000000 bfeffffffffffc00 3feffffffffffc00
inside 454 4086d80000000001 731 366 1097 4086d80000000000 4091240000000000 3d40000000000000 c076dffffffffffe 3feffffffffffc00
inside 455 4086dfffffffffff 731 -365 366 4086d80000000000 4076e00000000000 3feffffffffffc00 4076dffffffffffe 3d40000000000000
inside 456 4086dfffffffffff 731 -1 730 4086d80000000000 4086d00000000000 3feffffffffffc00 3ffffffffffffe00 3d40000000000000
inside 457 4086dfffffffffff 731 0 731 4086d80000000000 4086d80000000000 3feffffffffffc00 3feffffffffffc00 3d40000000000000
inside 458 4086dfffffffffff 731 1 732 4086d80000000000 4086e00000000000 3feffffffffffc00 bd40000000000000 3d40000000000000
inside 459 4086dfffffffffff 731 366 1097 4086d80000000000 4091240000000000 3feffffffffffc00 c076d00000000002 3d40000000000000
inside 460 4086e00000000000 732 -365 367 4086e00000000000 4076f00000000000 0000000000000000 4076d00000000000 3ff0000000000000
inside 461 4086e00000000000 732 -1 731 4086e00000000000 4086d80000000000 0000000000000000 3ff0000000000000 3ff0000000000000
inside 462 4086e00000000000 732 0 732 4086e00000000000 4086e00000000000 0000000000000000 0000000000000000 3ff0000000000000
inside 463 4086e00000000000 732 1 733 4086e00000000000 4086e80000000000 0000000000000000 bff0000000000000 3ff0000000000000
inside 464 4086e00000000000 732 366 1098 4086e00000000000 4091280000000000 0000000000000000 c076e00000000000 3ff0000000000000
inside 465 4086e00000000001 732 -365 367 4086e00000000000 4076f00000000000 3d40000000000000 4076d00000000002 3feffffffffffc00
inside 466 4086e00000000001 732 -1 731 4086e00000000000 4086d80000000000 3d40000000000000 3ff0000000000200 3feffffffffffc00
inside 467 4086e00000000001 732 0 732 4086e00000000000 4086e00000000000 3d40000000000000 3d40000000000000 3feffffffffffc00
inside 468 4086e00000000001 732 1 733 4086e00000000000 4086e80000000000 3d40000000000000 bfeffffffffffc00 3feffffffffffc00
inside 469 4086e00000000001 732 366 1098 4086e00000000000 4091280000000000 3d40000000000000 c076dffffffffffe 3feffffffffffc00
inside 470 4100000000000000 131072 -365 130707 4100000000000000 40ffe93000000000 0000000000000000 4076d00000000000 3ff0000000000000
inside 471 4100000000000000 131072 -1 131071 4100000000000000 40fffff000000000 0000000000000000 3ff0000000000000 3ff0000000000000
inside 472 4100000000000000 131072 0 131072 4100000000000000 4100000000000000 0000000000000000 0000000000000000 3ff0000000000000
inside 473 4100000000000000 131072 1 131073 4100000000000000 4100000800000000 0000000000000000 bff0000000000000 3ff0000000000000
inside 474 4100000000000000 131072 366 131438 4100000000000000 41000b7000000000 0000000000000000 c076e00000000000 3ff0000000000000
inside 475 4100000000000001 131072 -365 130707 4100000000000000 40ffe93000000000 3dc0000000000000 4076d00000000200 3feffffffffc0000
inside 476 4100000000000001 131072 -1 131071 4100000000000000 40fffff000000000 3dc0000000000000 3ff0000000020000 3feffffffffc0000
inside 477 4100000000000001 131072 0 131072 4100000000000000 4100000000000000 3dc0000000000000 3dc0000000000000 3feffffffffc0000
inside 478 4100000000000001 131072 1 131073 4100000000000000 4100000800000000 3dc0000000000000 bfeffffffffc0000 3feffffffffc0000
inside 479 4100000000000001 131072 366 131438 4100000000000000 41000b7000000000 3dc0000000000000 c076dffffffffe00 3feffffffffc0000
inside 480 4107ffffffffffff 196607 -365 196242 4107fff800000000 4107f49000000000 3feffffffffc0000 4076dffffffffe00 3dc0000000000000
inside 481 4107ffffffffffff 196607 -1 196606 4107fff800000000 4107fff000000000 3feffffffffc0000 3ffffffffffe0000 3dc0000000000000
inside 482 4107ffffffffffff 196607 0 196607 4107fff800000000 4107fff800000000 3feffffffffc0000 3feffffffffc0000 3dc0000000000000
inside 483 4107ffffffffffff 196607 1 196608 4107fff800000000 4108000000000000 3feffffffffc0000 bdc0000000000000 3dc0000000000000
inside 484 4107ffffffffffff 196607 366 196973 4107fff800000000 41080b6800000000 3feffffffffc0000 c076d00000000200 3dc0000000000000
inside 485 4108000000000000 196608 -365 196243 4108000000000000 4107f49800000000 0000000000000000 4076d00000000000 3ff0000000000000
inside 486 4108000000000000 196608 -1 196607 4108000000000000 4107fff800000000 0000000000000000 3ff0000000000000 3ff0000000000000
inside 487 4108000000000000 196608 0 196608 4108000000000000 4108000000000000 0000000000000000 0000000000000000 3ff0000000000000
inside 488 4108000000000000 196608 1 196609 4108000000000000 4108000800000000 0000000000000000 bff0000000000000 3ff0000000000000
inside 489 4108000000000000 196608 366 196974 4108000000000000 41080b7000000000 0000000000000000 c076e00000000000 3ff0000000000000
inside 490 410ffffffffffffe 262143 -365 261778 410ffff800000000 410ff49000000000 3feffffffff80000 4076dffffffffc00 3dd0000000000000
inside 491 410ffffffffffffe 262143 -1 262142 410ffff800000000 410ffff000000000 3feffffffff80000 3ffffffffffc0000 3dd0000000000000
inside 492 410ffffffffffffe 262143 0 262143 410ffff800000000 410ffff800000000 3feffffffff80000 3feffffffff80000 3dd0000000000000
inside 493 410ffffffffffffe 262143 1 262144 410ffff800000000 4110000000000000 3feffffffff80000 bdd0000000000000 3dd0000000000000
inside 494 410ffffffffffffe 262143 366 262509 410ffff800000000 411005b400000000 3feffffffff80000 c076d00000000400 3dd0000000000000
inside 495 410fffffffffffff 262143 -365 261778 410ffff800000000 410ff49000000000 3feffffffffc0000 4076dffffffffe00 3dc0000000000000
inside 496 410fffffffffffff 262143 -1 262142 410ffff800000000 410ffff000000000 3feffffffffc0000 3ffffffffffe0000 3dc0000000000000
inside 497 410fffffffffffff 262143 0 262143 410ffff800000000 410ffff800000000 3feffffffffc0000 3feffffffffc0000 3dc0000000000000
inside 498 410fffffffffffff 262143 1 262144 410ffff800000000 4110000000000000 3feffffffffc0000 bdc0000000000000 3dc0000000000000
inside 499 410fffffffffffff 262143 366 262509 410ffff800000000 411005b400000000 3feffffffffc0000 c076d00000000200 3dc0000000000000
inside 500 41c0000000000000 536870912 -365 536870547 41c0000000000000 41bffffe93000000 0000000000000000 4076d00000000000 3ff0000000000000
inside 501 41c0000000000000 536870912 -1 536870911 41c0000000000000 41bfffffff000000 0000000000000000 3ff0000000000000 3ff0000000000000
inside 502 41c0000000000000 536870912 0 536870912 41c0000000000000 41c0000000000000 0000000000000000 0000000000000000 3ff0000000000000
inside 503 41c0000000000000 536870912 1 536870913 41c0000000000000 41c0000000800000 0000000000000000 bff0000000000000 3ff0000000000000
inside 504 41c0000000000000 536870912 366 536871278 41c0000000000000 41c00000b7000000 0000000000000000 c076e00000000000 3ff0000000000000
inside 505 41c0000000000001 536870912 -365 536870547 41c0000000000000 41bffffe93000000 3e80000000000000 4076d00000200000 3fefffffc0000000
inside 506 41c0000000000001 536870912 -1 536870911 41c0000000000000 41bfffffff000000 3e80000000000000 3ff0000020000000 3fefffffc0000000
inside 507 41c0000000000001 536870912 0 536870912 41c0000000000000 41c0000000000000 3e80000000000000 3e80000000000000 3fefffffc0000000
inside 508 41c0000000000001 536870912 1 536870913 41c0000000000000 41c0000000800000 3e80000000000000 bfefffffc0000000 3fefffffc0000000
inside 509 41c0000000000001 536870912 366 536871278 41c0000000000000 41c00000b7000000 3e80000000000000 c076dfffffe00000 3fefffffc0000000
inside 510 41c7ffffffffffff 805306367 -365 805306002 41c7ffffff800000 41c7ffff49000000 3fefffffc0000000 4076dfffffe00000 3e80000000000000
inside 511 41c7ffffffffffff 805306367 -1 805306366 41c7ffffff800000 41c7ffffff000000 3fefffffc0000000 3fffffffe0000000 3e80000000000000
inside 512 41c7ffffffffffff 805306367 0 805306367 41c7ffffff800000 41c7ffffff800000 3fefffffc0000000 3fefffffc0000000 3e80000000000000
inside 513 41c7ffffffffffff 805306367 1 805306368 41c7ffffff800000 41c8000000000000 3fefffffc0000000 be80000000000000 3e80000000000000
inside 514 41c7ffffffffffff 805306367 366 805306733 41c7ffffff800000 41c80000b6800000 3fefffffc0000000 c076d00000200000 3e80000000000000
inside 515 41c8000000000000 805306368 -365 805306003 41c8000000000000 41c7ffff49800000 0000000000000000 4076d00000000000 3ff0000000000000
inside 516 41c8000000000000 805306368 -1 805306367 41c8000000000000 41c7ffffff800000 0000000000000000 3ff0000000000000 3ff0000000000000
inside 517 41c8000000000000 805306368 0 805306368 41c8000000000000 41c8000000000000 0000000000000000 0000000000000000 3ff0000000000000
inside 518 41c8000000000000 805306368 1 805306369 41c8000000000000 41c8000000800000 0000000000000000 bff0000000000000 3ff0000000000000
inside 519 41c8000000000000 805306368 366 805306734 41c8000000000000 41c80000b7000000 0000000000000000 c076e00000000000 3ff0000000000000
inside 520 41cffffffffffffe 1073741823 -365 1073741458 41cfffffff800000 41cfffff49000000 3fefffff80000000 4076dfffffc00000 3e90000000000000
inside 521 41cffffffffffffe 1073741823 -1 1073741822 41cfffffff800000 41cfffffff000000 3fefffff80000000 3fffffffc0000000 3e90000000000000
inside 522 41cffffffffffffe 1073741823 0 1073741823 41cfffffff800000 41cfffffff800000 3fefffff80000000 3fefffff80000000 3e90000000000000
inside 523 41cffffffffffffe 1073741823 1 1073741824 41cfffffff800000 41d0000000000000 3fefffff80000000 be90000000000000 3e90000000000000
inside 524 41cffffffffffffe 1073741823 366 1073742189 41cfffffff800000 41d000005b400000 3fefffff80000000 c076d00000400000 3e90000000000000
inside 525 41cfffffffffffff 1073741823 -365 1073741458 41cfffffff800000 41cfffff49000000 3fefffffc0000000 4076dfffffe00000 3e80000000000000
inside 526 41cfffffffffffff 1073741823 -1 1073741822 41cfffffff800000 41cfffffff000000 3fefffffc0000000 3fffffffe0000000 3e80000000000000
inside 527 41cfffffffffffff 1073741823 0 1073741823 41cfffffff800000 41cfffffff800000 3fefffffc0000000 3fefffffc0000000 3e80000000000000
inside 528 41cfffffffffffff 1073741823 1 1073741824 41cfffffff800000 41d0000000000000 3fefffffc0000000 be80000000000000 3e80000000000000
inside 529 41cfffffffffffff 1073741823 366 1073742189 41cfffffff800000 41d000005b400000 3fefffffc0000000 c076d00000200000 3e80000000000000
inside 530 41d0000000000000 1073741824 -365 1073741459 41d0000000000000 41cfffff49800000 0000000000000000 4076d00000000000 3ff0000000000000
inside 531 41d0000000000000 1073741824 -1 1073741823 41d0000000000000 41cfffffff800000 0000000000000000 3ff0000000000000 3ff0000000000000
inside 532 41d0000000000000 1073741824 0 1073741824 41d0000000000000 41d0000000000000 0000000000000000 0000000000000000 3ff0000000000000
inside 533 41d0000000000000 1073741824 1 1073741825 41d0000000000000 41d0000000400000 0000000000000000 bff0000000000000 3ff0000000000000
inside 534 41d0000000000000 1073741824 366 1073742190 41d0000000000000 41d000005b800000 0000000000000000 c076e00000000000 3ff0000000000000
inside 535 41d0000000000001 1073741824 -365 1073741459 41d0000000000000 41cfffff49800000 3e90000000000000 4076d00000400000 3fefffff80000000
inside 536 41d0000000000001 1073741824 -1 1073741823 41d0000000000000 41cfffffff800000 3e90000000000000 3ff0000040000000 3fefffff80000000
inside 537 41d0000000000001 1073741824 0 1073741824 41d0000000000000 41d0000000000000 3e90000000000000 3e90000000000000 3fefffff80000000
inside 538 41d0000000000001 1073741824 1 1073741825 41d0000000000000 41d0000000400000 3e90000000000000 bfefffff80000000 3fefffff80000000
inside 539 41d0000000000001 1073741824 366 1073742190 41d0000000000000 41d000005b800000 3e90000000000000 c076dfffffc00000 3fefffff80000000
inside 540 41d7ffffffffffff 1610612735 -365 1610612370 41d7ffffffc00000 41d7ffffa4800000 3fefffff80000000 4076dfffffc00000 3e90000000000000
inside 541 41d7ffffffffffff 1610612735 -1 1610612734 41d7ffffffc00000 41d7ffffff800000 3fefffff80000000 3fffffffc0000000 3e90000000000000
inside 542 41d7ffffffffffff 1610612735 0 1610612735 41d7ffffffc00000 41d7ffffffc00000 3fefffff80000000 3fefffff80000000 3e90000000000000
inside 543 41d7ffffffffffff 1610612735 1 1610612736 41d7ffffffc00000 41d8000000000000 3fefffff80000000 be90000000000000 3e90000000000000
inside 544 41d7ffffffffffff 1610612735 366 1610613101 41d7ffffffc00000 41d800005b400000 3fefffff80000000 c076d00000400000 3e90000000000000
inside 545 41d8000000000000 1610612736 -365 1610612371 41d8000000000000 41d7ffffa4c00000 0000000000000000 4076d00000000000 3ff0000000000000
inside 546 41d8000000000000 1610612736 -1 1610612735 41d8000000000000 41d7ffffffc00000 0000000000000000 3ff0000000000000 3ff0000000000000
inside 547 41d8000000000000 1610612736 0 1610612736 41d8000000000000 41d8000000000000 0000000000000000 0000000000000000 3ff0000000000000
inside 548 41d8000000000000 1610612736 1 1610612737 41d8000000000000 41d8000000400000 0000000000000000 bff0000000000000 3ff0000000000000
inside 549 41d8000000000000 1610612736 366 1610613102 41d8000000000000 41d800005b800000 0000000000000000 c076e00000000000 3ff0000000000000
inside 550 41dfffffa43fffff 2147483280 -365 2147482915 41dfffffa4000000 41dfffff48c00000 3fefffff80000000 4076dfffffc00000 3e90000000000000
inside 551 41dfffffa43fffff 2147483280 -1 2147483279 41dfffffa4000000 41dfffffa3c00000 3fefffff80000000 3fffffffc0000000 3e90000000000000
inside 552 41dfffffa43fffff 2147483280 0 2147483280 41dfffffa4000000 41dfffffa4000000 3fefffff80000000 3fefffff80000000 3e90000000000000
inside 553 41dfffffa43fffff 2147483280 1 2147483281 41dfffffa4000000 41dfffffa4400000 3fefffff80000000 be90000000000000 3e90000000000000
inside 554 41dfffffa43fffff 2147483280 366 2147483646 41dfffffa4000000 41dfffffff800000 3fefffff80000000 c076d00000400000 3e90000000000000
inside 555 41dfffffa4400000 2147483281 -365 2147482916 41dfffffa4400000 41dfffff49000000 0000000000000000 4076d00000000000 3ff0000000000000
inside 556 41dfffffa4400000 2147483281 -1 2147483280 41dfffffa4400000 41dfffffa4000000 0000000000000000 3ff0000000000000 3ff0000000000000
inside 557 41dfffffa4400000 2147483281 0 2147483281 41dfffffa4400000 41dfffffa4400000 0000000000000000 0000000000000000 3ff0000000000000
inside 558 41dfffffa4400000 2147483281 1 2147483282 41dfffffa4400000 41dfffffa4800000 0000000000000000 bff0000000000000 3ff0000000000000
inside 559 41dfffffa4400000 2147483281 366 2147483647 41dfffffa4400000 41dfffffffc00000 0000000000000000 c076e00000000000 3ff0000000000000
inside 560 41dfffffa4400001 2147483281 -365 2147482916 41dfffffa4400000 41dfffff49000000 3e90000000000000 4076d00000400000 3fefffff80000000
inside 561 41dfffffa4400001 2147483281 -1 2147483280 41dfffffa4400000 41dfffffa4000000 3e90000000000000 3ff0000040000000 3fefffff80000000
inside 562 41dfffffa4400001 2147483281 0 2147483281 41dfffffa4400000 41dfffffa4400000 3e90000000000000 3e90000000000000 3fefffff80000000
inside 563 41dfffffa4400001 2147483281 1 2147483282 41dfffffa4400000 41dfffffa4800000 3e90000000000000 bfefffff80000000 3fefffff80000000
inside 564 41dfffffa4400001 2147483281 366 2147483647 41dfffffa4400000 41dfffffffc00000 3e90000000000000 c076dfffffc00000 3fefffff80000000
inside 565 41dfffffa47fffff 2147483281 -365 2147482916 41dfffffa4400000 41dfffff49000000 3fefffff80000000 4076dfffffc00000 3e90000000000000
inside 566 41dfffffa47fffff 2147483281 -1 2147483280 41dfffffa4400000 41dfffffa4000000 3fefffff80000000 3fffffffc0000000 3e90000000000000
inside 567 41dfffffa47fffff 2147483281 0 2147483281 41dfffffa4400000 41dfffffa4400000 3fefffff80000000 3fefffff80000000 3e90000000000000
inside 568 41dfffffa47fffff 2147483281 1 2147483282 41dfffffa4400000 41dfffffa4800000 3fefffff80000000 be90000000000000 3e90000000000000
inside 569 41dfffffa47fffff 2147483281 366 2147483647 41dfffffa4400000 41dfffffffc00000 3fefffff80000000 c076d00000400000 3e90000000000000
outside 570 41dfffffa4800000 2147483282 -365 2147482917
outside 571 41dfffffa4800000 2147483282 -1 2147483281
outside 572 41dfffffa4800000 2147483282 0 2147483282
outside 573 41dfffffa4800000 2147483282 1 2147483283
outside 574 41dfffffa4800000 2147483282 366 2147483648
outside 575 41dfffffa4800001 2147483282 -365 2147482917
outside 576 41dfffffa4800001 2147483282 -1 2147483281
outside 577 41dfffffa4800001 2147483282 0 2147483282
outside 578 41dfffffa4800001 2147483282 1 2147483283
outside 579 41dfffffa4800001 2147483282 366 2147483648
outside 580 41dfffffa4bfffff 2147483282 -365 2147482917
outside 581 41dfffffa4bfffff 2147483282 -1 2147483281
outside 582 41dfffffa4bfffff 2147483282 0 2147483282
outside 583 41dfffffa4bfffff 2147483282 1 2147483283
outside 584 41dfffffa4bfffff 2147483282 366 2147483648
outside 585 41dfffffa4c00000 2147483283 -365 2147482918
outside 586 41dfffffa4c00000 2147483283 -1 2147483282
outside 587 41dfffffa4c00000 2147483283 0 2147483283
outside 588 41dfffffa4c00000 2147483283 1 2147483284
outside 589 41dfffffa4c00000 2147483283 366 2147483649
outside 590 41dfffffa4c00001 2147483283 -365 2147482918
outside 591 41dfffffa4c00001 2147483283 -1 2147483282
outside 592 41dfffffa4c00001 2147483283 0 2147483283
outside 593 41dfffffa4c00001 2147483283 1 2147483284
outside 594 41dfffffa4c00001 2147483283 366 2147483649
outside 595 41dffffffffffffe 2147483647 -365 2147483282
outside 596 41dffffffffffffe 2147483647 -1 2147483646
outside 597 41dffffffffffffe 2147483647 0 2147483647
outside 598 41dffffffffffffe 2147483647 1 2147483648
outside 599 41dffffffffffffe 2147483647 366 2147484013
outside 600 41dfffffffffffff 2147483647 -365 2147483282
outside 601 41dfffffffffffff 2147483647 -1 2147483646
outside 602 41dfffffffffffff 2147483647 0 2147483647
outside 603 41dfffffffffffff 2147483647 1 2147483648
outside 604 41dfffffffffffff 2147483647 366 2147484013
outside 605 41e0000000000000 2147483648 -365 -2147484013
outside 606 41e0000000000000 2147483648 -1 -2147483649
outside 607 41e0000000000000 2147483648 0 -2147483648
outside 608 41e0000000000000 2147483648 1 -2147483647
outside 609 41e0000000000000 2147483648 366 -2147483282
outside 610 41e0000000000001 2147483648 -365 -2147484013
outside 611 41e0000000000001 2147483648 -1 -2147483649
outside 612 41e0000000000001 2147483648 0 -2147483648
outside 613 41e0000000000001 2147483648 1 -2147483647
outside 614 41e0000000000001 2147483648 366 -2147483282
inside 615 8000000000000000 -1 -365 -366 bff0000000000000 c076e00000000000 3ff0000000000000 4076e00000000000 0000000000000000
inside 616 8000000000000000 -1 -1 -2 bff0000000000000 c000000000000000 3ff0000000000000 4000000000000000 0000000000000000
inside 617 8000000000000000 -1 0 -1 bff0000000000000 bff0000000000000 3ff0000000000000 3ff0000000000000 0000000000000000
inside 618 8000000000000000 -1 1 0 bff0000000000000 0000000000000000 3ff0000000000000 8000000000000000 0000000000000000
inside 619 8000000000000000 -1 366 365 bff0000000000000 4076d00000000000 3ff0000000000000 c076d00000000000 0000000000000000
inside 620 8000000000000001 -1 -365 -366 bff0000000000000 c076e00000000000 3ff0000000000000 4076e00000000000 0000000000000000
inside 621 8000000000000001 -1 -1 -2 bff0000000000000 c000000000000000 3ff0000000000000 4000000000000000 0000000000000000
inside 622 8000000000000001 -1 0 -1 bff0000000000000 bff0000000000000 3ff0000000000000 3ff0000000000000 0000000000000000
inside 623 8000000000000001 -1 1 0 bff0000000000000 0000000000000000 3ff0000000000000 8000000000000000 0000000000000000
inside 624 8000000000000001 -1 366 365 bff0000000000000 4076d00000000000 3ff0000000000000 c076d00000000000 0000000000000000
inside 625 8000000000000002 -1 -365 -366 bff0000000000000 c076e00000000000 3ff0000000000000 4076e00000000000 0000000000000000
inside 626 8000000000000002 -1 -1 -2 bff0000000000000 c000000000000000 3ff0000000000000 4000000000000000 0000000000000000
inside 627 8000000000000002 -1 0 -1 bff0000000000000 bff0000000000000 3ff0000000000000 3ff0000000000000 0000000000000000
inside 628 8000000000000002 -1 1 0 bff0000000000000 0000000000000000 3ff0000000000000 8000000000000000 0000000000000000
inside 629 8000000000000002 -1 366 365 bff0000000000000 4076d00000000000 3ff0000000000000 c076d00000000000 0000000000000000
inside 630 800fffffffffffff -1 -365 -366 bff0000000000000 c076e00000000000 3ff0000000000000 4076e00000000000 0000000000000000
inside 631 800fffffffffffff -1 -1 -2 bff0000000000000 c000000000000000 3ff0000000000000 4000000000000000 0000000000000000
inside 632 800fffffffffffff -1 0 -1 bff0000000000000 bff0000000000000 3ff0000000000000 3ff0000000000000 0000000000000000
inside 633 800fffffffffffff -1 1 0 bff0000000000000 0000000000000000 3ff0000000000000 8000000000000000 0000000000000000
inside 634 800fffffffffffff -1 366 365 bff0000000000000 4076d00000000000 3ff0000000000000 c076d00000000000 0000000000000000
inside 635 8010000000000000 -1 -365 -366 bff0000000000000 c076e00000000000 3ff0000000000000 4076e00000000000 0000000000000000
inside 636 8010000000000000 -1 -1 -2 bff0000000000000 c000000000000000 3ff0000000000000 4000000000000000 0000000000000000
inside 637 8010000000000000 -1 0 -1 bff0000000000000 bff0000000000000 3ff0000000000000 3ff0000000000000 0000000000000000
inside 638 8010000000000000 -1 1 0 bff0000000000000 0000000000000000 3ff0000000000000 8010000000000000 0000000000000000
inside 639 8010000000000000 -1 366 365 bff0000000000000 4076d00000000000 3ff0000000000000 c076d00000000000 0000000000000000
inside 640 8010000000000001 -1 -365 -366 bff0000000000000 c076e00000000000 3ff0000000000000 4076e00000000000 0000000000000000
inside 641 8010000000000001 -1 -1 -2 bff0000000000000 c000000000000000 3ff0000000000000 4000000000000000 0000000000000000
inside 642 8010000000000001 -1 0 -1 bff0000000000000 bff0000000000000 3ff0000000000000 3ff0000000000000 0000000000000000
inside 643 8010000000000001 -1 1 0 bff0000000000000 0000000000000000 3ff0000000000000 8010000000000001 0000000000000000
inside 644 8010000000000001 -1 366 365 bff0000000000000 4076d00000000000 3ff0000000000000 c076d00000000000 0000000000000000
inside 645 801fffffffffffff -1 -365 -366 bff0000000000000 c076e00000000000 3ff0000000000000 4076e00000000000 0000000000000000
inside 646 801fffffffffffff -1 -1 -2 bff0000000000000 c000000000000000 3ff0000000000000 4000000000000000 0000000000000000
inside 647 801fffffffffffff -1 0 -1 bff0000000000000 bff0000000000000 3ff0000000000000 3ff0000000000000 0000000000000000
inside 648 801fffffffffffff -1 1 0 bff0000000000000 0000000000000000 3ff0000000000000 801fffffffffffff 0000000000000000
inside 649 801fffffffffffff -1 366 365 bff0000000000000 4076d00000000000 3ff0000000000000 c076d00000000000 0000000000000000
inside 650 8020000000000000 -1 -365 -366 bff0000000000000 c076e00000000000 3ff0000000000000 4076e00000000000 0000000000000000
inside 651 8020000000000000 -1 -1 -2 bff0000000000000 c000000000000000 3ff0000000000000 4000000000000000 0000000000000000
inside 652 8020000000000000 -1 0 -1 bff0000000000000 bff0000000000000 3ff0000000000000 3ff0000000000000 0000000000000000
inside 653 8020000000000000 -1 1 0 bff0000000000000 0000000000000000 3ff0000000000000 8020000000000000 0000000000000000
inside 654 8020000000000000 -1 366 365 bff0000000000000 4076d00000000000 3ff0000000000000 c076d00000000000 0000000000000000
inside 655 8020000000000001 -1 -365 -366 bff0000000000000 c076e00000000000 3ff0000000000000 4076e00000000000 0000000000000000
inside 656 8020000000000001 -1 -1 -2 bff0000000000000 c000000000000000 3ff0000000000000 4000000000000000 0000000000000000
inside 657 8020000000000001 -1 0 -1 bff0000000000000 bff0000000000000 3ff0000000000000 3ff0000000000000 0000000000000000
inside 658 8020000000000001 -1 1 0 bff0000000000000 0000000000000000 3ff0000000000000 8020000000000001 0000000000000000
inside 659 8020000000000001 -1 366 365 bff0000000000000 4076d00000000000 3ff0000000000000 c076d00000000000 0000000000000000
inside 660 8027ffffffffffff -1 -365 -366 bff0000000000000 c076e00000000000 3ff0000000000000 4076e00000000000 0000000000000000
inside 661 8027ffffffffffff -1 -1 -2 bff0000000000000 c000000000000000 3ff0000000000000 4000000000000000 0000000000000000
inside 662 8027ffffffffffff -1 0 -1 bff0000000000000 bff0000000000000 3ff0000000000000 3ff0000000000000 0000000000000000
inside 663 8027ffffffffffff -1 1 0 bff0000000000000 0000000000000000 3ff0000000000000 8027ffffffffffff 0000000000000000
inside 664 8027ffffffffffff -1 366 365 bff0000000000000 4076d00000000000 3ff0000000000000 c076d00000000000 0000000000000000
inside 665 8028000000000000 -1 -365 -366 bff0000000000000 c076e00000000000 3ff0000000000000 4076e00000000000 0000000000000000
inside 666 8028000000000000 -1 -1 -2 bff0000000000000 c000000000000000 3ff0000000000000 4000000000000000 0000000000000000
inside 667 8028000000000000 -1 0 -1 bff0000000000000 bff0000000000000 3ff0000000000000 3ff0000000000000 0000000000000000
inside 668 8028000000000000 -1 1 0 bff0000000000000 0000000000000000 3ff0000000000000 8028000000000000 0000000000000000
inside 669 8028000000000000 -1 366 365 bff0000000000000 4076d00000000000 3ff0000000000000 c076d00000000000 0000000000000000
inside 670 802ffffffffffffe -1 -365 -366 bff0000000000000 c076e00000000000 3ff0000000000000 4076e00000000000 0000000000000000
inside 671 802ffffffffffffe -1 -1 -2 bff0000000000000 c000000000000000 3ff0000000000000 4000000000000000 0000000000000000
inside 672 802ffffffffffffe -1 0 -1 bff0000000000000 bff0000000000000 3ff0000000000000 3ff0000000000000 0000000000000000
inside 673 802ffffffffffffe -1 1 0 bff0000000000000 0000000000000000 3ff0000000000000 802ffffffffffffe 0000000000000000
inside 674 802ffffffffffffe -1 366 365 bff0000000000000 4076d00000000000 3ff0000000000000 c076d00000000000 0000000000000000
inside 675 802fffffffffffff -1 -365 -366 bff0000000000000 c076e00000000000 3ff0000000000000 4076e00000000000 0000000000000000
inside 676 802fffffffffffff -1 -1 -2 bff0000000000000 c000000000000000 3ff0000000000000 4000000000000000 0000000000000000
inside 677 802fffffffffffff -1 0 -1 bff0000000000000 bff0000000000000 3ff0000000000000 3ff0000000000000 0000000000000000
inside 678 802fffffffffffff -1 1 0 bff0000000000000 0000000000000000 3ff0000000000000 802fffffffffffff 0000000000000000
inside 679 802fffffffffffff -1 366 365 bff0000000000000 4076d00000000000 3ff0000000000000 c076d00000000000 0000000000000000
inside 680 81f0000000000000 -1 -365 -366 bff0000000000000 c076e00000000000 3ff0000000000000 4076e00000000000 0000000000000000
inside 681 81f0000000000000 -1 -1 -2 bff0000000000000 c000000000000000 3ff0000000000000 4000000000000000 0000000000000000
inside 682 81f0000000000000 -1 0 -1 bff0000000000000 bff0000000000000 3ff0000000000000 3ff0000000000000 0000000000000000
inside 683 81f0000000000000 -1 1 0 bff0000000000000 0000000000000000 3ff0000000000000 81f0000000000000 0000000000000000
inside 684 81f0000000000000 -1 366 365 bff0000000000000 4076d00000000000 3ff0000000000000 c076d00000000000 0000000000000000
inside 685 81f0000000000001 -1 -365 -366 bff0000000000000 c076e00000000000 3ff0000000000000 4076e00000000000 0000000000000000
inside 686 81f0000000000001 -1 -1 -2 bff0000000000000 c000000000000000 3ff0000000000000 4000000000000000 0000000000000000
inside 687 81f0000000000001 -1 0 -1 bff0000000000000 bff0000000000000 3ff0000000000000 3ff0000000000000 0000000000000000
inside 688 81f0000000000001 -1 1 0 bff0000000000000 0000000000000000 3ff0000000000000 81f0000000000001 0000000000000000
inside 689 81f0000000000001 -1 366 365 bff0000000000000 4076d00000000000 3ff0000000000000 c076d00000000000 0000000000000000
inside 690 81f7ffffffffffff -1 -365 -366 bff0000000000000 c076e00000000000 3ff0000000000000 4076e00000000000 0000000000000000
inside 691 81f7ffffffffffff -1 -1 -2 bff0000000000000 c000000000000000 3ff0000000000000 4000000000000000 0000000000000000
inside 692 81f7ffffffffffff -1 0 -1 bff0000000000000 bff0000000000000 3ff0000000000000 3ff0000000000000 0000000000000000
inside 693 81f7ffffffffffff -1 1 0 bff0000000000000 0000000000000000 3ff0000000000000 81f7ffffffffffff 0000000000000000
inside 694 81f7ffffffffffff -1 366 365 bff0000000000000 4076d00000000000 3ff0000000000000 c076d00000000000 0000000000000000
inside 695 81f8000000000000 -1 -365 -366 bff0000000000000 c076e00000000000 3ff0000000000000 4076e00000000000 0000000000000000
inside 696 81f8000000000000 -1 -1 -2 bff0000000000000 c000000000000000 3ff0000000000000 4000000000000000 0000000000000000
inside 697 81f8000000000000 -1 0 -1 bff0000000000000 bff0000000000000 3ff0000000000000 3ff0000000000000 0000000000000000
inside 698 81f8000000000000 -1 1 0 bff0000000000000 0000000000000000 3ff0000000000000 81f8000000000000 0000000000000000
inside 699 81f8000000000000 -1 366 365 bff0000000000000 4076d00000000000 3ff0000000000000 c076d00000000000 0000000000000000
inside 700 81fffffffffffffe -1 -365 -366 bff0000000000000 c076e00000000000 3ff0000000000000 4076e00000000000 0000000000000000
inside 701 81fffffffffffffe -1 -1 -2 bff0000000000000 c000000000000000 3ff0000000000000 4000000000000000 0000000000000000
inside 702 81fffffffffffffe -1 0 -1 bff0000000000000 bff0000000000000 3ff0000000000000 3ff0000000000000 0000000000000000
inside 703 81fffffffffffffe -1 1 0 bff0000000000000 0000000000000000 3ff0000000000000 81fffffffffffffe 0000000000000000
inside 704 81fffffffffffffe -1 366 365 bff0000000000000 4076d00000000000 3ff0000000000000 c076d00000000000 0000000000000000
inside 705 81ffffffffffffff -1 -365 -366 bff0000000000000 c076e00000000000 3ff0000000000000 4076e00000000000 0000000000000000
inside 706 81ffffffffffffff -1 -1 -2 bff0000000000000 c000000000000000 3ff0000000000000 4000000000000000 0000000000000000
inside 707 81ffffffffffffff -1 0 -1 bff0000000000000 bff0000000000000 3ff0000000000000 3ff0000000000000 0000000000000000
inside 708 81ffffffffffffff -1 1 0 bff0000000000000 0000000000000000 3ff0000000000000 81ffffffffffffff 0000000000000000
inside 709 81ffffffffffffff -1 366 365 bff0000000000000 4076d00000000000 3ff0000000000000 c076d00000000000 0000000000000000
inside 710 9ff0000000000000 -1 -365 -366 bff0000000000000 c076e00000000000 3ff0000000000000 4076e00000000000 0000000000000000
inside 711 9ff0000000000000 -1 -1 -2 bff0000000000000 c000000000000000 3ff0000000000000 4000000000000000 0000000000000000
inside 712 9ff0000000000000 -1 0 -1 bff0000000000000 bff0000000000000 3ff0000000000000 3ff0000000000000 0000000000000000
inside 713 9ff0000000000000 -1 1 0 bff0000000000000 0000000000000000 3ff0000000000000 9ff0000000000000 0000000000000000
inside 714 9ff0000000000000 -1 366 365 bff0000000000000 4076d00000000000 3ff0000000000000 c076d00000000000 0000000000000000
inside 715 9ff0000000000001 -1 -365 -366 bff0000000000000 c076e00000000000 3ff0000000000000 4076e00000000000 0000000000000000
inside 716 9ff0000000000001 -1 -1 -2 bff0000000000000 c000000000000000 3ff0000000000000 4000000000000000 0000000000000000
inside 717 9ff0000000000001 -1 0 -1 bff0000000000000 bff0000000000000 3ff0000000000000 3ff0000000000000 0000000000000000
inside 718 9ff0000000000001 -1 1 0 bff0000000000000 0000000000000000 3ff0000000000000 9ff0000000000001 0000000000000000
inside 719 9ff0000000000001 -1 366 365 bff0000000000000 4076d00000000000 3ff0000000000000 c076d00000000000 0000000000000000
inside 720 9ff7ffffffffffff -1 -365 -366 bff0000000000000 c076e00000000000 3ff0000000000000 4076e00000000000 0000000000000000
inside 721 9ff7ffffffffffff -1 -1 -2 bff0000000000000 c000000000000000 3ff0000000000000 4000000000000000 0000000000000000
inside 722 9ff7ffffffffffff -1 0 -1 bff0000000000000 bff0000000000000 3ff0000000000000 3ff0000000000000 0000000000000000
inside 723 9ff7ffffffffffff -1 1 0 bff0000000000000 0000000000000000 3ff0000000000000 9ff7ffffffffffff 0000000000000000
inside 724 9ff7ffffffffffff -1 366 365 bff0000000000000 4076d00000000000 3ff0000000000000 c076d00000000000 0000000000000000
inside 725 9ff8000000000000 -1 -365 -366 bff0000000000000 c076e00000000000 3ff0000000000000 4076e00000000000 0000000000000000
inside 726 9ff8000000000000 -1 -1 -2 bff0000000000000 c000000000000000 3ff0000000000000 4000000000000000 0000000000000000
inside 727 9ff8000000000000 -1 0 -1 bff0000000000000 bff0000000000000 3ff0000000000000 3ff0000000000000 0000000000000000
inside 728 9ff8000000000000 -1 1 0 bff0000000000000 0000000000000000 3ff0000000000000 9ff8000000000000 0000000000000000
inside 729 9ff8000000000000 -1 366 365 bff0000000000000 4076d00000000000 3ff0000000000000 c076d00000000000 0000000000000000
inside 730 9ffffffffffffffe -1 -365 -366 bff0000000000000 c076e00000000000 3ff0000000000000 4076e00000000000 0000000000000000
inside 731 9ffffffffffffffe -1 -1 -2 bff0000000000000 c000000000000000 3ff0000000000000 4000000000000000 0000000000000000
inside 732 9ffffffffffffffe -1 0 -1 bff0000000000000 bff0000000000000 3ff0000000000000 3ff0000000000000 0000000000000000
inside 733 9ffffffffffffffe -1 1 0 bff0000000000000 0000000000000000 3ff0000000000000 9ffffffffffffffe 0000000000000000
inside 734 9ffffffffffffffe -1 366 365 bff0000000000000 4076d00000000000 3ff0000000000000 c076d00000000000 0000000000000000
inside 735 9fffffffffffffff -1 -365 -366 bff0000000000000 c076e00000000000 3ff0000000000000 4076e00000000000 0000000000000000
inside 736 9fffffffffffffff -1 -1 -2 bff0000000000000 c000000000000000 3ff0000000000000 4000000000000000 0000000000000000
inside 737 9fffffffffffffff -1 0 -1 bff0000000000000 bff0000000000000 3ff0000000000000 3ff0000000000000 0000000000000000
inside 738 9fffffffffffffff -1 1 0 bff0000000000000 0000000000000000 3ff0000000000000 9fffffffffffffff 0000000000000000
inside 739 9fffffffffffffff -1 366 365 bff0000000000000 4076d00000000000 3ff0000000000000 c076d00000000000 0000000000000000
inside 740 b840000000000000 -1 -365 -366 bff0000000000000 c076e00000000000 3ff0000000000000 4076e00000000000 0000000000000000
inside 741 b840000000000000 -1 -1 -2 bff0000000000000 c000000000000000 3ff0000000000000 4000000000000000 0000000000000000
inside 742 b840000000000000 -1 0 -1 bff0000000000000 bff0000000000000 3ff0000000000000 3ff0000000000000 0000000000000000
inside 743 b840000000000000 -1 1 0 bff0000000000000 0000000000000000 3ff0000000000000 b840000000000000 0000000000000000
inside 744 b840000000000000 -1 366 365 bff0000000000000 4076d00000000000 3ff0000000000000 c076d00000000000 0000000000000000
inside 745 b840000000000001 -1 -365 -366 bff0000000000000 c076e00000000000 3ff0000000000000 4076e00000000000 0000000000000000
inside 746 b840000000000001 -1 -1 -2 bff0000000000000 c000000000000000 3ff0000000000000 4000000000000000 0000000000000000
inside 747 b840000000000001 -1 0 -1 bff0000000000000 bff0000000000000 3ff0000000000000 3ff0000000000000 0000000000000000
inside 748 b840000000000001 -1 1 0 bff0000000000000 0000000000000000 3ff0000000000000 b840000000000001 0000000000000000
inside 749 b840000000000001 -1 366 365 bff0000000000000 4076d00000000000 3ff0000000000000 c076d00000000000 0000000000000000
inside 750 b847ffffffffffff -1 -365 -366 bff0000000000000 c076e00000000000 3ff0000000000000 4076e00000000000 0000000000000000
inside 751 b847ffffffffffff -1 -1 -2 bff0000000000000 c000000000000000 3ff0000000000000 4000000000000000 0000000000000000
inside 752 b847ffffffffffff -1 0 -1 bff0000000000000 bff0000000000000 3ff0000000000000 3ff0000000000000 0000000000000000
inside 753 b847ffffffffffff -1 1 0 bff0000000000000 0000000000000000 3ff0000000000000 b847ffffffffffff 0000000000000000
inside 754 b847ffffffffffff -1 366 365 bff0000000000000 4076d00000000000 3ff0000000000000 c076d00000000000 0000000000000000
inside 755 b848000000000000 -1 -365 -366 bff0000000000000 c076e00000000000 3ff0000000000000 4076e00000000000 0000000000000000
inside 756 b848000000000000 -1 -1 -2 bff0000000000000 c000000000000000 3ff0000000000000 4000000000000000 0000000000000000
inside 757 b848000000000000 -1 0 -1 bff0000000000000 bff0000000000000 3ff0000000000000 3ff0000000000000 0000000000000000
inside 758 b848000000000000 -1 1 0 bff0000000000000 0000000000000000 3ff0000000000000 b848000000000000 0000000000000000
inside 759 b848000000000000 -1 366 365 bff0000000000000 4076d00000000000 3ff0000000000000 c076d00000000000 0000000000000000
inside 760 b84ffffffffffffe -1 -365 -366 bff0000000000000 c076e00000000000 3ff0000000000000 4076e00000000000 0000000000000000
inside 761 b84ffffffffffffe -1 -1 -2 bff0000000000000 c000000000000000 3ff0000000000000 4000000000000000 0000000000000000
inside 762 b84ffffffffffffe -1 0 -1 bff0000000000000 bff0000000000000 3ff0000000000000 3ff0000000000000 0000000000000000
inside 763 b84ffffffffffffe -1 1 0 bff0000000000000 0000000000000000 3ff0000000000000 b84ffffffffffffe 0000000000000000
inside 764 b84ffffffffffffe -1 366 365 bff0000000000000 4076d00000000000 3ff0000000000000 c076d00000000000 0000000000000000
inside 765 b84fffffffffffff -1 -365 -366 bff0000000000000 c076e00000000000 3ff0000000000000 4076e00000000000 0000000000000000
inside 766 b84fffffffffffff -1 -1 -2 bff0000000000000 c000000000000000 3ff0000000000000 4000000000000000 0000000000000000
inside 767 b84fffffffffffff -1 0 -1 bff0000000000000 bff0000000000000 3ff0000000000000 3ff0000000000000 0000000000000000
inside 768 b84fffffffffffff -1 1 0 bff0000000000000 0000000000000000 3ff0000000000000 b84fffffffffffff 0000000000000000
inside 769 b84fffffffffffff -1 366 365 bff0000000000000 4076d00000000000 3ff0000000000000 c076d00000000000 0000000000000000
inside 770 bc90000000000000 -1 -365 -366 bff0000000000000 c076e00000000000 3ff0000000000000 4076e00000000000 0000000000000000
inside 771 bc90000000000000 -1 -1 -2 bff0000000000000 c000000000000000 3ff0000000000000 4000000000000000 0000000000000000
inside 772 bc90000000000000 -1 0 -1 bff0000000000000 bff0000000000000 3ff0000000000000 3ff0000000000000 0000000000000000
inside 773 bc90000000000000 -1 1 0 bff0000000000000 0000000000000000 3ff0000000000000 bc90000000000000 0000000000000000
inside 774 bc90000000000000 -1 366 365 bff0000000000000 4076d00000000000 3ff0000000000000 c076d00000000000 0000000000000000
inside 775 bc90000000000001 -1 -365 -366 bff0000000000000 c076e00000000000 3fefffffffffffff 4076e00000000000 3ca0000000000000
inside 776 bc90000000000001 -1 -1 -2 bff0000000000000 c000000000000000 3fefffffffffffff 4000000000000000 3ca0000000000000
inside 777 bc90000000000001 -1 0 -1 bff0000000000000 bff0000000000000 3fefffffffffffff 3fefffffffffffff 3ca0000000000000
inside 778 bc90000000000001 -1 1 0 bff0000000000000 0000000000000000 3fefffffffffffff bc90000000000001 3ca0000000000000
inside 779 bc90000000000001 -1 366 365 bff0000000000000 4076d00000000000 3fefffffffffffff c076d00000000000 3ca0000000000000
inside 780 bc97ffffffffffff -1 -365 -366 bff0000000000000 c076e00000000000 3fefffffffffffff 4076e00000000000 3ca0000000000000
inside 781 bc97ffffffffffff -1 -1 -2 bff0000000000000 c000000000000000 3fefffffffffffff 4000000000000000 3ca0000000000000
inside 782 bc97ffffffffffff -1 0 -1 bff0000000000000 bff0000000000000 3fefffffffffffff 3fefffffffffffff 3ca0000000000000
inside 783 bc97ffffffffffff -1 1 0 bff0000000000000 0000000000000000 3fefffffffffffff bc97ffffffffffff 3ca0000000000000
inside 784 bc97ffffffffffff -1 366 365 bff0000000000000 4076d00000000000 3fefffffffffffff c076d00000000000 3ca0000000000000
inside 785 bc98000000000000 -1 -365 -366 bff0000000000000 c076e00000000000 3fefffffffffffff 4076e00000000000 3ca0000000000000
inside 786 bc98000000000000 -1 -1 -2 bff0000000000000 c000000000000000 3fefffffffffffff 4000000000000000 3ca0000000000000
inside 787 bc98000000000000 -1 0 -1 bff0000000000000 bff0000000000000 3fefffffffffffff 3fefffffffffffff 3ca0000000000000
inside 788 bc98000000000000 -1 1 0 bff0000000000000 0000000000000000 3fefffffffffffff bc98000000000000 3ca0000000000000
inside 789 bc98000000000000 -1 366 365 bff0000000000000 4076d00000000000 3fefffffffffffff c076d00000000000 3ca0000000000000
inside 790 bc9ffffffffffffe -1 -365 -366 bff0000000000000 c076e00000000000 3fefffffffffffff 4076e00000000000 3ca0000000000000
inside 791 bc9ffffffffffffe -1 -1 -2 bff0000000000000 c000000000000000 3fefffffffffffff 4000000000000000 3ca0000000000000
inside 792 bc9ffffffffffffe -1 0 -1 bff0000000000000 bff0000000000000 3fefffffffffffff 3fefffffffffffff 3ca0000000000000
inside 793 bc9ffffffffffffe -1 1 0 bff0000000000000 0000000000000000 3fefffffffffffff bc9ffffffffffffe 3ca0000000000000
inside 794 bc9ffffffffffffe -1 366 365 bff0000000000000 4076d00000000000 3fefffffffffffff c076d00000000000 3ca0000000000000
inside 795 bc9fffffffffffff -1 -365 -366 bff0000000000000 c076e00000000000 3fefffffffffffff 4076e00000000000 3ca0000000000000
inside 796 bc9fffffffffffff -1 -1 -2 bff0000000000000 c000000000000000 3fefffffffffffff 4000000000000000 3ca0000000000000
inside 797 bc9fffffffffffff -1 0 -1 bff0000000000000 bff0000000000000 3fefffffffffffff 3fefffffffffffff 3ca0000000000000
inside 798 bc9fffffffffffff -1 1 0 bff0000000000000 0000000000000000 3fefffffffffffff bc9fffffffffffff 3ca0000000000000
inside 799 bc9fffffffffffff -1 366 365 bff0000000000000 4076d00000000000 3fefffffffffffff c076d00000000000 3ca0000000000000
inside 800 bca0000000000000 -1 -365 -366 bff0000000000000 c076e00000000000 3fefffffffffffff 4076e00000000000 3ca0000000000000
inside 801 bca0000000000000 -1 -1 -2 bff0000000000000 c000000000000000 3fefffffffffffff 4000000000000000 3ca0000000000000
inside 802 bca0000000000000 -1 0 -1 bff0000000000000 bff0000000000000 3fefffffffffffff 3fefffffffffffff 3ca0000000000000
inside 803 bca0000000000000 -1 1 0 bff0000000000000 0000000000000000 3fefffffffffffff bca0000000000000 3ca0000000000000
inside 804 bca0000000000000 -1 366 365 bff0000000000000 4076d00000000000 3fefffffffffffff c076d00000000000 3ca0000000000000
inside 805 bca0000000000001 -1 -365 -366 bff0000000000000 c076e00000000000 3fefffffffffffff 4076e00000000000 3ca0000000000000
inside 806 bca0000000000001 -1 -1 -2 bff0000000000000 c000000000000000 3fefffffffffffff 3fffffffffffffff 3ca0000000000000
inside 807 bca0000000000001 -1 0 -1 bff0000000000000 bff0000000000000 3fefffffffffffff 3fefffffffffffff 3ca0000000000000
inside 808 bca0000000000001 -1 1 0 bff0000000000000 0000000000000000 3fefffffffffffff bca0000000000001 3ca0000000000000
inside 809 bca0000000000001 -1 366 365 bff0000000000000 4076d00000000000 3fefffffffffffff c076d00000000000 3ca0000000000000
inside 810 bca7ffffffffffff -1 -365 -366 bff0000000000000 c076e00000000000 3fefffffffffffff 4076e00000000000 3ca0000000000000
inside 811 bca7ffffffffffff -1 -1 -2 bff0000000000000 c000000000000000 3fefffffffffffff 3fffffffffffffff 3ca0000000000000
inside 812 bca7ffffffffffff -1 0 -1 bff0000000000000 bff0000000000000 3fefffffffffffff 3fefffffffffffff 3ca0000000000000
inside 813 bca7ffffffffffff -1 1 0 bff0000000000000 0000000000000000 3fefffffffffffff bca7ffffffffffff 3ca0000000000000
inside 814 bca7ffffffffffff -1 366 365 bff0000000000000 4076d00000000000 3fefffffffffffff c076d00000000000 3ca0000000000000
inside 815 bca8000000000000 -1 -365 -366 bff0000000000000 c076e00000000000 3feffffffffffffe 4076e00000000000 3cb0000000000000
inside 816 bca8000000000000 -1 -1 -2 bff0000000000000 c000000000000000 3feffffffffffffe 3fffffffffffffff 3cb0000000000000
inside 817 bca8000000000000 -1 0 -1 bff0000000000000 bff0000000000000 3feffffffffffffe 3feffffffffffffe 3cb0000000000000
inside 818 bca8000000000000 -1 1 0 bff0000000000000 0000000000000000 3feffffffffffffe bca8000000000000 3cb0000000000000
inside 819 bca8000000000000 -1 366 365 bff0000000000000 4076d00000000000 3feffffffffffffe c076d00000000000 3cb0000000000000
inside 820 bcaffffffffffffe -1 -365 -366 bff0000000000000 c076e00000000000 3feffffffffffffe 4076e00000000000 3cb0000000000000
inside 821 bcaffffffffffffe -1 -1 -2 bff0000000000000 c000000000000000 3feffffffffffffe 3fffffffffffffff 3cb0000000000000
inside 822 bcaffffffffffffe -1 0 -1 bff0000000000000 bff0000000000000 3feffffffffffffe 3feffffffffffffe 3cb0000000000000
inside 823 bcaffffffffffffe -1 1 0 bff0000000000000 0000000000000000 3feffffffffffffe bcaffffffffffffe 3cb0000000000000
inside 824 bcaffffffffffffe -1 366 365 bff0000000000000 4076d00000000000 3feffffffffffffe c076d00000000000 3cb0000000000000
inside 825 bcafffffffffffff -1 -365 -366 bff0000000000000 c076e00000000000 3feffffffffffffe 4076e00000000000 3cb0000000000000
inside 826 bcafffffffffffff -1 -1 -2 bff0000000000000 c000000000000000 3feffffffffffffe 3fffffffffffffff 3cb0000000000000
inside 827 bcafffffffffffff -1 0 -1 bff0000000000000 bff0000000000000 3feffffffffffffe 3feffffffffffffe 3cb0000000000000
inside 828 bcafffffffffffff -1 1 0 bff0000000000000 0000000000000000 3feffffffffffffe bcafffffffffffff 3cb0000000000000
inside 829 bcafffffffffffff -1 366 365 bff0000000000000 4076d00000000000 3feffffffffffffe c076d00000000000 3cb0000000000000
inside 830 bfc0000000000000 -1 -365 -366 bff0000000000000 c076e00000000000 3fec000000000000 4076de0000000000 3fc0000000000000
inside 831 bfc0000000000000 -1 -1 -2 bff0000000000000 c000000000000000 3fec000000000000 3ffe000000000000 3fc0000000000000
inside 832 bfc0000000000000 -1 0 -1 bff0000000000000 bff0000000000000 3fec000000000000 3fec000000000000 3fc0000000000000
inside 833 bfc0000000000000 -1 1 0 bff0000000000000 0000000000000000 3fec000000000000 bfc0000000000000 3fc0000000000000
inside 834 bfc0000000000000 -1 366 365 bff0000000000000 4076d00000000000 3fec000000000000 c076d20000000000 3fc0000000000000
inside 835 bfc0000000000001 -1 -365 -366 bff0000000000000 c076e00000000000 3fec000000000000 4076de0000000000 3fc0000000000000
inside 836 bfc0000000000001 -1 -1 -2 bff0000000000000 c000000000000000 3fec000000000000 3ffe000000000000 3fc0000000000000
inside 837 bfc0000000000001 -1 0 -1 bff0000000000000 bff0000000000000 3fec000000000000 3fec000000000000 3fc0000000000000
inside 838 bfc0000000000001 -1 1 0 bff0000000000000 0000000000000000 3fec000000000000 bfc0000000000001 3fc0000000000000
inside 839 bfc0000000000001 -1 366 365 bff0000000000000 4076d00000000000 3fec000000000000 c076d20000000000 3fc0000000000000
inside 840 bfc7ffffffffffff -1 -365 -366 bff0000000000000 c076e00000000000 3fea000000000000 4076dd0000000000 3fc8000000000000
inside 841 bfc7ffffffffffff -1 -1 -2 bff0000000000000 c000000000000000 3fea000000000000 3ffd000000000000 3fc8000000000000
inside 842 bfc7ffffffffffff -1 0 -1 bff0000000000000 bff0000000000000 3fea000000000000 3fea000000000000 3fc8000000000000
inside 843 bfc7ffffffffffff -1 1 0 bff0000000000000 0000000000000000 3fea000000000000 bfc7ffffffffffff 3fc8000000000000
inside 844 bfc7ffffffffffff -1 366 365 bff0000000000000 4076d00000000000 3fea000000000000 c076d30000000000 3fc8000000000000
inside 845 bfc8000000000000 -1 -365 -366 bff0000000000000 c076e00000000000 3fea000000000000 4076dd0000000000 3fc8000000000000
inside 846 bfc8000000000000 -1 -1 -2 bff0000000000000 c000000000000000 3fea000000000000 3ffd000000000000 3fc8000000000000
inside 847 bfc8000000000000 -1 0 -1 bff0000000000000 bff0000000000000 3fea000000000000 3fea000000000000 3fc8000000000000
inside 848 bfc8000000000000 -1 1 0 bff0000000000000 0000000000000000 3fea000000000000 bfc8000000000000 3fc8000000000000
inside 849 bfc8000000000000 -1 366 365 bff0000000000000 4076d00000000000 3fea000000000000 c076d30000000000 3fc8000000000000
inside 850 bfcffffffffffffe -1 -365 -366 bff0000000000000 c076e00000000000 3fe8000000000000 4076dc0000000000 3fd0000000000000
inside 851 bfcffffffffffffe -1 -1 -2 bff0000000000000 c000000000000000 3fe8000000000000 3ffc000000000000 3fd0000000000000
inside 852 bfcffffffffffffe -1 0 -1 bff0000000000000 bff0000000000000 3fe8000000000000 3fe8000000000000 3fd0000000000000
inside 853 bfcffffffffffffe -1 1 0 bff0000000000000 0000000000000000 3fe8000000000000 bfcffffffffffffe 3fd0000000000000
inside 854 bfcffffffffffffe -1 366 365 bff0000000000000 4076d00000000000 3fe8000000000000 c076d40000000000 3fd0000000000000
inside 855 bfcfffffffffffff -1 -365 -366 bff0000000000000 c076e00000000000 3fe8000000000000 4076dc0000000000 3fd0000000000000
inside 856 bfcfffffffffffff -1 -1 -2 bff0000000000000 c000000000000000 3fe8000000000000 3ffc000000000000 3fd0000000000000
inside 857 bfcfffffffffffff -1 0 -1 bff0000000000000 bff0000000000000 3fe8000000000000 3fe8000000000000 3fd0000000000000
inside 858 bfcfffffffffffff -1 1 0 bff0000000000000 0000000000000000 3fe8000000000000 bfcfffffffffffff 3fd0000000000000
inside 859 bfcfffffffffffff -1 366 365 bff0000000000000 4076d00000000000 3fe8000000000000 c076d40000000000 3fd0000000000000
inside 860 bfd0000000000000 -1 -365 -366 bff0000000000000 c076e00000000000 3fe8000000000000 4076dc0000000000 3fd0000000000000
inside 861 bfd0000000000000 -1 -1 -2 bff0000000000000 c000000000000000 3fe8000000000000 3ffc000000000000 3fd0000000000000
inside 862 bfd0000000000000 -1 0 -1 bff0000000000000 bff0000000000000 3fe8000000000000 3fe8000000000000 3fd0000000000000
inside 863 bfd0000000000000 -1 1 0 bff0000000000000 0000000000000000 3fe8000000000000 bfd0000000000000 3fd0000000000000
inside 864 bfd0000000000000 -1 366 365 bff0000000000000 4076d00000000000 3fe8000000000000 c076d40000000000 3fd0000000000000
inside 865 bfd0000000000001 -1 -365 -366 bff0000000000000 c076e00000000000 3fe8000000000000 4076dc0000000000 3fd0000000000000
inside 866 bfd0000000000001 -1 -1 -2 bff0000000000000 c000000000000000 3fe8000000000000 3ffc000000000000 3fd0000000000000
inside 867 bfd0000000000001 -1 0 -1 bff0000000000000 bff0000000000000 3fe8000000000000 3fe8000000000000 3fd0000000000000
inside 868 bfd0000000000001 -1 1 0 bff0000000000000 0000000000000000 3fe8000000000000 bfd0000000000001 3fd0000000000000
inside 869 bfd0000000000001 -1 366 365 bff0000000000000 4076d00000000000 3fe8000000000000 c076d40000000000 3fd0000000000000
inside 870 bfd7ffffffffffff -1 -365 -366 bff0000000000000 c076e00000000000 3fe4000000000000 4076da0000000000 3fd8000000000000
inside 871 bfd7ffffffffffff -1 -1 -2 bff0000000000000 c000000000000000 3fe4000000000000 3ffa000000000000 3fd8000000000000
inside 872 bfd7ffffffffffff -1 0 -1 bff0000000000000 bff0000000000000 3fe4000000000000 3fe4000000000000 3fd8000000000000
inside 873 bfd7ffffffffffff -1 1 0 bff0000000000000 0000000000000000 3fe4000000000000 bfd7ffffffffffff 3fd8000000000000
inside 874 bfd7ffffffffffff -1 366 365 bff0000000000000 4076d00000000000 3fe4000000000000 c076d60000000000 3fd8000000000000
inside 875 bfd8000000000000 -1 -365 -366 bff0000000000000 c076e00000000000 3fe4000000000000 4076da0000000000 3fd8000000000000
inside 876 bfd8000000000000 -1 -1 -2 bff0000000000000 c000000000000000 3fe4000000000000 3ffa000000000000 3fd8000000000000
inside 877 bfd8000000000000 -1 0 -1 bff0000000000000 bff0000000000000 3fe4000000000000 3fe4000000000000 3fd8000000000000
inside 878 bfd8000000000000 -1 1 0 bff0000000000000 0000000000000000 3fe4000000000000 bfd8000000000000 3fd8000000000000
inside 879 bfd8000000000000 -1 366 365 bff0000000000000 4076d00000000000 3fe4000000000000 c076d60000000000 3fd8000000000000
inside 880 bfdffffffffffffe -1 -365 -366 bff0000000000000 c076e00000000000 3fe0000000000001 4076d80000000000 3fdffffffffffffe
inside 881 bfdffffffffffffe -1 -1 -2 bff0000000000000 c000000000000000 3fe0000000000001 3ff8000000000000 3fdffffffffffffe
inside 882 bfdffffffffffffe -1 0 -1 bff0000000000000 bff0000000000000 3fe0000000000001 3fe0000000000001 3fdffffffffffffe
inside 883 bfdffffffffffffe -1 1 0 bff0000000000000 0000000000000000 3fe0000000000001 bfdffffffffffffe 3fdffffffffffffe
inside 884 bfdffffffffffffe -1 366 365 bff0000000000000 4076d00000000000 3fe0000000000001 c076d80000000000 3fdffffffffffffe
inside 885 bfdfffffffffffff -1 -365 -366 bff0000000000000 c076e00000000000 3fe0000000000000 4076d80000000000 3fe0000000000000
inside 886 bfdfffffffffffff -1 -1 -2 bff0000000000000 c000000000000000 3fe0000000000000 3ff8000000000000 3fe0000000000000
inside 887 bfdfffffffffffff -1 0 -1 bff0000000000000 bff0000000000000 3fe0000000000000 3fe0000000000000 3fe0000000000000
inside 888 bfdfffffffffffff -1 1 0 bff0000000000000 0000000000000000 3fe0000000000000 bfdfffffffffffff 3fe0000000000000
inside 889 bfdfffffffffffff -1 366 365 bff0000000000000 4076d00000000000 3fe0000000000000 c076d80000000000 3fe0000000000000
inside 890 bfe0000000000000 -1 -365 -366 bff0000000000000 c076e00000000000 3fe0000000000000 4076d80000000000 3fe0000000000000
inside 891 bfe0000000000000 -1 -1 -2 bff0000000000000 c000000000000000 3fe0000000000000 3ff8000000000000 3fe0000000000000
inside 892 bfe0000000000000 -1 0 -1 bff0000000000000 bff0000000000000 3fe0000000000000 3fe0000000000000 3fe0000000000000
inside 893 bfe0000000000000 -1 1 0 bff0000000000000 0000000000000000 3fe0000000000000 bfe0000000000000 3fe0000000000000
inside 894 bfe0000000000000 -1 366 365 bff0000000000000 4076d00000000000 3fe0000000000000 c076d80000000000 3fe0000000000000
inside 895 bfe0000000000001 -1 -365 -366 bff0000000000000 c076e00000000000 3fdffffffffffffe 4076d80000000000 3fe0000000000001
inside 896 bfe0000000000001 -1 -1 -2 bff0000000000000 c000000000000000 3fdffffffffffffe 3ff8000000000000 3fe0000000000001
inside 897 bfe0000000000001 -1 0 -1 bff0000000000000 bff0000000000000 3fdffffffffffffe 3fdffffffffffffe 3fe0000000000001
inside 898 bfe0000000000001 -1 1 0 bff0000000000000 0000000000000000 3fdffffffffffffe bfe0000000000001 3fe0000000000001
inside 899 bfe0000000000001 -1 366 365 bff0000000000000 4076d00000000000 3fdffffffffffffe c076d80000000000 3fe0000000000001
inside 900 bfe7ffffffffffff -1 -365 -366 bff0000000000000 c076e00000000000 3fd0000000000002 4076d40000000000 3fe7ffffffffffff
inside 901 bfe7ffffffffffff -1 -1 -2 bff0000000000000 c000000000000000 3fd0000000000002 3ff4000000000000 3fe7ffffffffffff
inside 902 bfe7ffffffffffff -1 0 -1 bff0000000000000 bff0000000000000 3fd0000000000002 3fd0000000000002 3fe7ffffffffffff
inside 903 bfe7ffffffffffff -1 1 0 bff0000000000000 0000000000000000 3fd0000000000002 bfe7ffffffffffff 3fe7ffffffffffff
inside 904 bfe7ffffffffffff -1 366 365 bff0000000000000 4076d00000000000 3fd0000000000002 c076dc0000000000 3fe7ffffffffffff
inside 905 bfe8000000000000 -1 -365 -366 bff0000000000000 c076e00000000000 3fd0000000000000 4076d40000000000 3fe8000000000000
inside 906 bfe8000000000000 -1 -1 -2 bff0000000000000 c000000000000000 3fd0000000000000 3ff4000000000000 3fe8000000000000
inside 907 bfe8000000000000 -1 0 -1 bff0000000000000 bff0000000000000 3fd0000000000000 3fd0000000000000 3fe8000000000000
inside 908 bfe8000000000000 -1 1 0 bff0000000000000 0000000000000000 3fd0000000000000 bfe8000000000000 3fe8000000000000
inside 909 bfe8000000000000 -1 366 365 bff0000000000000 4076d00000000000 3fd0000000000000 c076dc0000000000 3fe8000000000000
inside 910 bfeffffffffffffe -1 -365 -366 bff0000000000000 c076e00000000000 3cb0000000000000 4076d00000000000 3feffffffffffffe
inside 911 bfeffffffffffffe -1 -1 -2 bff0000000000000 c000000000000000 3cb0000000000000 3ff0000000000001 3feffffffffffffe
inside 912 bfeffffffffffffe -1 0 -1 bff0000000000000 bff0000000000000 3cb0000000000000 3cb0000000000000 3feffffffffffffe
inside 913 bfeffffffffffffe -1 1 0 bff0000000000000 0000000000000000 3cb0000000000000 bfeffffffffffffe 3feffffffffffffe
inside 914 bfeffffffffffffe -1 366 365 bff0000000000000 4076d00000000000 3cb0000000000000 c076e00000000000 3feffffffffffffe
inside 915 bfefffffffffffff -1 -365 -366 bff0000000000000 c076e00000000000 3ca0000000000000 4076d00000000000 3fefffffffffffff
inside 916 bfefffffffffffff -1 -1 -2 bff0000000000000 c000000000000000 3ca0000000000000 3ff0000000000000 3fefffffffffffff
inside 917 bfefffffffffffff -1 0 -1 bff0000000000000 bff0000000000000 3ca0000000000000 3ca0000000000000 3fefffffffffffff
inside 918 bfefffffffffffff -1 1 0 bff0000000000000 0000000000000000 3ca0000000000000 bfefffffffffffff 3fefffffffffffff
inside 919 bfefffffffffffff -1 366 365 bff0000000000000 4076d00000000000 3ca0000000000000 c076e00000000000 3fefffffffffffff
inside 920 bff0000000000000 -1 -365 -366 bff0000000000000 c076e00000000000 0000000000000000 4076d00000000000 3ff0000000000000
inside 921 bff0000000000000 -1 -1 -2 bff0000000000000 c000000000000000 0000000000000000 3ff0000000000000 3ff0000000000000
inside 922 bff0000000000000 -1 0 -1 bff0000000000000 bff0000000000000 0000000000000000 0000000000000000 3ff0000000000000
inside 923 bff0000000000000 -1 1 0 bff0000000000000 0000000000000000 0000000000000000 bff0000000000000 3ff0000000000000
inside 924 bff0000000000000 -1 366 365 bff0000000000000 4076d00000000000 0000000000000000 c076e00000000000 3ff0000000000000
inside 925 bff0000000000001 -2 -365 -367 c000000000000000 c076f00000000000 3feffffffffffffe 4076e00000000000 3cb0000000000000
inside 926 bff0000000000001 -2 -1 -3 c000000000000000 c008000000000000 3feffffffffffffe 3fffffffffffffff 3cb0000000000000
inside 927 bff0000000000001 -2 0 -2 c000000000000000 c000000000000000 3feffffffffffffe 3feffffffffffffe 3cb0000000000000
inside 928 bff0000000000001 -2 1 -1 c000000000000000 bff0000000000000 3feffffffffffffe bcb0000000000000 3cb0000000000000
inside 929 bff0000000000001 -2 366 364 c000000000000000 4076c00000000000 3feffffffffffffe c076d00000000000 3cb0000000000000
inside 930 bff7ffffffffffff -2 -365 -367 c000000000000000 c076f00000000000 3fe0000000000002 4076d80000000000 3fdffffffffffffc
inside 931 bff7ffffffffffff -2 -1 -3 c000000000000000 c008000000000000 3fe0000000000002 3ff8000000000001 3fdffffffffffffc
inside 932 bff7ffffffffffff -2 0 -2 c000000000000000 c000000000000000 3fe0000000000002 3fe0000000000002 3fdffffffffffffc
inside 933 bff7ffffffffffff -2 1 -1 c000000000000000 bff0000000000000 3fe0000000000002 bfdffffffffffffc 3fdffffffffffffc
inside 934 bff7ffffffffffff -2 366 364 c000000000000000 4076c00000000000 3fe0000000000002 c076d80000000000 3fdffffffffffffc
inside 935 bff8000000000000 -2 -365 -367 c000000000000000 c076f00000000000 3fe0000000000000 4076d80000000000 3fe0000000000000
inside 936 bff8000000000000 -2 -1 -3 c000000000000000 c008000000000000 3fe0000000000000 3ff8000000000000 3fe0000000000000
inside 937 bff8000000000000 -2 0 -2 c000000000000000 c000000000000000 3fe0000000000000 3fe0000000000000 3fe0000000000000
inside 938 bff8000000000000 -2 1 -1 c000000000000000 bff0000000000000 3fe0000000000000 bfe0000000000000 3fe0000000000000
inside 939 bff8000000000000 -2 366 364 c000000000000000 4076c00000000000 3fe0000000000000 c076d80000000000 3fe0000000000000
inside 940 bffffffffffffffe -2 -365 -367 c000000000000000 c076f00000000000 3cc0000000000000 4076d00000000000 3feffffffffffffc
inside 941 bffffffffffffffe -2 -1 -3 c000000000000000 c008000000000000 3cc0000000000000 3ff0000000000002 3feffffffffffffc
inside 942 bffffffffffffffe -2 0 -2 c000000000000000 c000000000000000 3cc0000000000000 3cc0000000000000 3feffffffffffffc
inside 943 bffffffffffffffe -2 1 -1 c000000000000000 bff0000000000000 3cc0000000000000 bfeffffffffffffc 3feffffffffffffc
inside 944 bffffffffffffffe -2 366 364 c000000000000000 4076c00000000000 3cc0000000000000 c076e00000000000 3feffffffffffffc
inside 945 bfffffffffffffff -2 -365 -367 c000000000000000 c076f00000000000 3cb0000000000000 4076d00000000000 3feffffffffffffe
inside 946 bfffffffffffffff -2 -1 -3 c000000000000000 c008000000000000 3cb0000000000000 3ff0000000000001 3feffffffffffffe
inside 947 bfffffffffffffff -2 0 -2 c000000000000000 c000000000000000 3cb0000000000000 3cb0000000000000 3feffffffffffffe
inside 948 bfffffffffffffff -2 1 -1 c000000000000000 bff0000000000000 3cb0000000000000 bfeffffffffffffe 3feffffffffffffe
inside 949 bfffffffffffffff -2 366 364 c000000000000000 4076c00000000000 3cb0000000000000 c076e00000000000 3feffffffffffffe
inside 950 c000000000000000 -2 -365 -367 c000000000000000 c076f00000000000 0000000000000000 4076d00000000000 3ff0000000000000
inside 951 c000000000000000 -2 -1 -3 c000000000000000 c008000000000000 0000000000000000 3ff0000000000000 3ff0000000000000
inside 952 c000000000000000 -2 0 -2 c000000000000000 c000000000000000 0000000000000000 0000000000000000 3ff0000000000000
inside 953 c000000000000000 -2 1 -1 c000000000000000 bff0000000000000 0000000000000000 bff0000000000000 3ff0000000000000
inside 954 c000000000000000 -2 366 364 c000000000000000 4076c00000000000 0000000000000000 c076e00000000000 3ff0000000000000
inside 955 c000000000000001 -3 -365 -368 c008000000000000 c077000000000000 3feffffffffffffc 4076e00000000000 3cc0000000000000
inside 956 c000000000000001 -3 -1 -4 c008000000000000 c010000000000000 3feffffffffffffc 3ffffffffffffffe 3cc0000000000000
inside 957 c000000000000001 -3 0 -3 c008000000000000 c008000000000000 3feffffffffffffc 3feffffffffffffc 3cc0000000000000
inside 958 c000000000000001 -3 1 -2 c008000000000000 c000000000000000 3feffffffffffffc bcc0000000000000 3cc0000000000000
inside 959 c000000000000001 -3 366 363 c008000000000000 4076b00000000000 3feffffffffffffc c076d00000000000 3cc0000000000000
inside 960 c007ffffffffffff -3 -365 -368 c008000000000000 c077000000000000 3cc0000000000000 4076d00000000000 3feffffffffffffc
inside 961 c007ffffffffffff -3 -1 -4 c008000000000000 c010000000000000 3cc0000000000000 3ff0000000000002 3feffffffffffffc
inside 962 c007ffffffffffff -3 0 -3 c008000000000000 c008000000000000 3cc0000000000000 3cc0000000000000 3feffffffffffffc
inside 963 c007ffffffffffff -3 1 -2 c008000000000000 c000000000000000 3cc0000000000000 bfeffffffffffffc 3feffffffffffffc
inside 964 c007ffffffffffff -3 366 363 c008000000000000 4076b00000000000 3cc0000000000000 c076e00000000000 3feffffffffffffc
inside 965 c008000000000000 -3 -365 -368 c008000000000000 c077000000000000 0000000000000000 4076d00000000000 3ff0000000000000
inside 966 c008000000000000 -3 -1 -4 c008000000000000 c010000000000000 0000000000000000 3ff0000000000000 3ff0000000000000
inside 967 c008000000000000 -3 0 -3 c008000000000000 c008000000000000 0000000000000000 0000000000000000 3ff0000000000000
inside 968 c008000000000000 -3 1 -2 c008000000000000 c000000000000000 0000000000000000 bff0000000000000 3ff0000000000000
inside 969 c008000000000000 -3 366 363 c008000000000000 4076b00000000000 0000000000000000 c076e00000000000 3ff0000000000000
inside 970 c00ffffffffffffe -4 -365 -369 c010000000000000 c077100000000000 3cd0000000000000 4076d00000000000 3feffffffffffff8
inside 971 c00ffffffffffffe -4 -1 -5 c010000000000000 c014000000000000 3cd0000000000000 3ff0000000000004 3feffffffffffff8
inside 972 c00ffffffffffffe -4 0 -4 c010000000000000 c010000000000000 3cd0000000000000 3cd0000000000000 3feffffffffffff8
inside 973 c00ffffffffffffe -4 1 -3 c010000000000000 c008000000000000 3cd0000000000000 bfeffffffffffff8 3feffffffffffff8
inside 974 c00ffffffffffffe -4 366 362 c010000000000000 4076a00000000000 3cd0000000000000 c076e00000000000 3feffffffffffff8
inside 975 c00fffffffffffff -4 -365 -369 c010000000000000 c077100000000000 3cc0000000000000 4076d00000000000 3feffffffffffffc
inside 976 c00fffffffffffff -4 -1 -5 c010000000000000 c014000000000000 3cc0000000000000 3ff0000000000002 3feffffffffffffc
inside 977 c00fffffffffffff -4 0 -4 c010000000000000 c010000000000000 3cc0000000000000 3cc0000000000000 3feffffffffffffc
inside 978 c00fffffffffffff -4 1 -3 c010000000000000 c008000000000000 3cc0000000000000 bfeffffffffffffc 3feffffffffffffc
inside 979 c00fffffffffffff -4 366 362 c010000000000000 4076a00000000000 3cc0000000000000 c076e00000000000 3feffffffffffffc
inside 980 c060000000000000 -128 -365 -493 c060000000000000 c07ed00000000000 0000000000000000 4076d00000000000 3ff0000000000000
inside 981 c060000000000000 -128 -1 -129 c060000000000000 c060200000000000 0000000000000000 3ff0000000000000 3ff0000000000000
inside 982 c060000000000000 -128 0 -128 c060000000000000 c060000000000000 0000000000000000 0000000000000000 3ff0000000000000
inside 983 c060000000000000 -128 1 -127 c060000000000000 c05fc00000000000 0000000000000000 bff0000000000000 3ff0000000000000
inside 984 c060000000000000 -128 366 238 c060000000000000 406dc00000000000 0000000000000000 c076e00000000000 3ff0000000000000
inside 985 c060000000000001 -129 -365 -494 c060200000000000 c07ee00000000000 3fefffffffffff00 4076e00000000000 3d20000000000000
inside 986 c060000000000001 -129 -1 -130 c060200000000000 c060400000000000 3fefffffffffff00 3fffffffffffff80 3d20000000000000
inside 987 c060000000000001 -129 0 -129 c060200000000000 c060200000000000 3fefffffffffff00 3fefffffffffff00 3d20000000000000
inside 988 c060000000000001 -129 1 -128 c060200000000000 c060000000000000 3fefffffffffff00 bd20000000000000 3d20000000000000
inside 989 c060000000000001 -129 366 237 c060200000000000 406da00000000000 3fefffffffffff00 c076d00000000000 3d20000000000000
inside 990 c067ffffffffffff -192 -365 -557 c068000000000000 c081680000000000 3d20000000000000 4076d00000000000 3fefffffffffff00
inside 991 c067ffffffffffff -192 -1 -193 c068000000000000 c068200000000000 3d20000000000000 3ff0000000000080 3fefffffffffff00
inside 992 c067ffffffffffff -192 0 -192 c068000000000000 c068000000000000 3d20000000000000 3d20000000000000 3fefffffffffff00
inside 993 c067ffffffffffff -192 1 -191 c068000000000000 c067e00000000000 3d20000000000000 bfefffffffffff00 3fefffffffffff00
inside 994 c067ffffffffffff -192 366 174 c068000000000000 4065c00000000000 3d20000000000000 c076e00000000000 3fefffffffffff00
inside 995 c068000000000000 -192 -365 -557 c068000000000000 c081680000000000 0000000000000000 4076d00000000000 3ff0000000000000
inside 996 c068000000000000 -192 -1 -193 c068000000000000 c068200000000000 0000000000000000 3ff0000000000000 3ff0000000000000
inside 997 c068000000000000 -192 0 -192 c068000000000000 c068000000000000 0000000000000000 0000000000000000 3ff0000000000000
inside 998 c068000000000000 -192 1 -191 c068000000000000 c067e00000000000 0000000000000000 bff0000000000000 3ff0000000000000
inside 999 c068000000000000 -192 366 174 c068000000000000 4065c00000000000 0000000000000000 c076e00000000000 3ff0000000000000
inside 1000 c06ffffffffffffe -256 -365 -621 c070000000000000 c083680000000000 3d30000000000000 4076d00000000001 3feffffffffffe00
inside 1001 c06ffffffffffffe -256 -1 -257 c070000000000000 c070100000000000 3d30000000000000 3ff0000000000100 3feffffffffffe00
inside 1002 c06ffffffffffffe -256 0 -256 c070000000000000 c070000000000000 3d30000000000000 3d30000000000000 3feffffffffffe00
inside 1003 c06ffffffffffffe -256 1 -255 c070000000000000 c06fe00000000000 3d30000000000000 bfeffffffffffe00 3feffffffffffe00
inside 1004 c06ffffffffffffe -256 366 110 c070000000000000 405b800000000000 3d30000000000000 c076dfffffffffff 3feffffffffffe00
inside 1005 c06fffffffffffff -256 -365 -621 c070000000000000 c083680000000000 3d20000000000000 4076d00000000000 3fefffffffffff00
inside 1006 c06fffffffffffff -256 -1 -257 c070000000000000 c070100000000000 3d20000000000000 3ff0000000000080 3fefffffffffff00
inside 1007 c06fffffffffffff -256 0 -256 c070000000000000 c070000000000000 3d20000000000000 3d20000000000000 3fefffffffffff00
inside 1008 c06fffffffffffff -256 1 -255 c070000000000000 c06fe00000000000 3d20000000000000 bfefffffffffff00 3fefffffffffff00
inside 1009 c06fffffffffffff -256 366 110 c070000000000000 405b800000000000 3d20000000000000 c076e00000000000 3fefffffffffff00
inside 1010 c076cfffffffffff -365 -365 -730 c076d00000000000 c086d00000000000 3d30000000000000 4076d00000000001 3feffffffffffe00
inside 1011 c076cfffffffffff -365 -1 -366 c076d00000000000 c076e00000000000 3d30000000000000 3ff0000000000100 3feffffffffffe00
inside 1012 c076cfffffffffff -365 0 -365 c076d00000000000 c076d00000000000 3d30000000000000 3d30000000000000 3feffffffffffe00
inside 1013 c076cfffffffffff -365 1 -364 c076d00000000000 c076c00000000000 3d30000000000000 bfeffffffffffe00 3feffffffffffe00
inside 1014 c076cfffffffffff -365 366 1 c076d00000000000 3ff0000000000000 3d30000000000000 c076dfffffffffff 3feffffffffffe00
inside 1015 c076d00000000000 -365 -365 -730 c076d00000000000 c086d00000000000 0000000000000000 4076d00000000000 3ff0000000000000
inside 1016 c076d00000000000 -365 -1 -366 c076d00000000000 c076e00000000000 0000000000000000 3ff0000000000000 3ff0000000000000
inside 1017 c076d00000000000 -365 0 -365 c076d00000000000 c076d00000000000 0000000000000000 0000000000000000 3ff0000000000000
inside 1018 c076d00000000000 -365 1 -364 c076d00000000000 c076c00000000000 0000000000000000 bff0000000000000 3ff0000000000000
inside 1019 c076d00000000000 -365 366 1 c076d00000000000 3ff0000000000000 0000000000000000 c076e00000000000 3ff0000000000000
inside 1020 c076d00000000001 -366 -365 -731 c076e00000000000 c086d80000000000 3feffffffffffe00 4076dfffffffffff 3d30000000000000
inside 1021 c076d00000000001 -366 -1 -367 c076e00000000000 c076f00000000000 3feffffffffffe00 3fffffffffffff00 3d30000000000000
inside 1022 c076d00000000001 -366 0 -366 c076e00000000000 c076e00000000000 3feffffffffffe00 3feffffffffffe00 3d30000000000000
inside 1023 c076d00000000001 -366 1 -365 c076e00000000000 c076d00000000000 3feffffffffffe00 bd30000000000000 3d30000000000000
inside 1024 c076d00000000001 -366 366 0 c076e00000000000 0000000000000000 3feffffffffffe00 c076d00000000001 3d30000000000000
inside 1025 c076dfffffffffff -366 -365 -731 c076e00000000000 c086d80000000000 3d30000000000000 4076d00000000001 3feffffffffffe00
inside 1026 c076dfffffffffff -366 -1 -367 c076e00000000000 c076f00000000000 3d30000000000000 3ff0000000000100 3feffffffffffe00
inside 1027 c076dfffffffffff -366 0 -366 c076e00000000000 c076e00000000000 3d30000000000000 3d30000000000000 3feffffffffffe00
inside 1028 c076dfffffffffff -366 1 -365 c076e00000000000 c076d00000000000 3d30000000000000 bfeffffffffffe00 3feffffffffffe00
inside 1029 c076dfffffffffff -366 366 0 c076e00000000000 0000000000000000 3d30000000000000 c076dfffffffffff 3feffffffffffe00
inside 1030 c076e00000000000 -366 -365 -731 c076e00000000000 c086d80000000000 0000000000000000 4076d00000000000 3ff0000000000000
inside 1031 c076e00000000000 -366 -1 -367 c076e00000000000 c076f00000000000 0000000000000000 3ff0000000000000 3ff0000000000000
inside 1032 c076e00000000000 -366 0 -366 c076e00000000000 c076e00000000000 0000000000000000 0000000000000000 3ff0000000000000
inside 1033 c076e00000000000 -366 1 -365 c076e00000000000 c076d00000000000 0000000000000000 bff0000000000000 3ff0000000000000
inside 1034 c076e00000000000 -366 366 0 c076e00000000000 0000000000000000 0000000000000000 c076e00000000000 3ff0000000000000
inside 1035 c076e00000000001 -367 -365 -732 c076f00000000000 c086e00000000000 3feffffffffffe00 4076dfffffffffff 3d30000000000000
inside 1036 c076e00000000001 -367 -1 -368 c076f00000000000 c077000000000000 3feffffffffffe00 3fffffffffffff00 3d30000000000000
inside 1037 c076e00000000001 -367 0 -367 c076f00000000000 c076f00000000000 3feffffffffffe00 3feffffffffffe00 3d30000000000000
inside 1038 c076e00000000001 -367 1 -366 c076f00000000000 c076e00000000000 3feffffffffffe00 bd30000000000000 3d30000000000000
inside 1039 c076e00000000001 -367 366 -1 c076f00000000000 bff0000000000000 3feffffffffffe00 c076d00000000001 3d30000000000000
inside 1040 c076efffffffffff -367 -365 -732 c076f00000000000 c086e00000000000 3d30000000000000 4076d00000000001 3feffffffffffe00
inside 1041 c076efffffffffff -367 -1 -368 c076f00000000000 c077000000000000 3d30000000000000 3ff0000000000100 3feffffffffffe00
inside 1042 c076efffffffffff -367 0 -367 c076f00000000000 c076f00000000000 3d30000000000000 3d30000000000000 3feffffffffffe00
inside 1043 c076efffffffffff -367 1 -366 c076f00000000000 c076e00000000000 3d30000000000000 bfeffffffffffe00 3feffffffffffe00
inside 1044 c076efffffffffff -367 366 -1 c076f00000000000 bff0000000000000 3d30000000000000 c076dfffffffffff 3feffffffffffe00
inside 1045 c076f00000000000 -367 -365 -732 c076f00000000000 c086e00000000000 0000000000000000 4076d00000000000 3ff0000000000000
inside 1046 c076f00000000000 -367 -1 -368 c076f00000000000 c077000000000000 0000000000000000 3ff0000000000000 3ff0000000000000
inside 1047 c076f00000000000 -367 0 -367 c076f00000000000 c076f00000000000 0000000000000000 0000000000000000 3ff0000000000000
inside 1048 c076f00000000000 -367 1 -366 c076f00000000000 c076e00000000000 0000000000000000 bff0000000000000 3ff0000000000000
inside 1049 c076f00000000000 -367 366 -1 c076f00000000000 bff0000000000000 0000000000000000 c076e00000000000 3ff0000000000000
inside 1050 c076f00000000001 -368 -365 -733 c077000000000000 c086e80000000000 3feffffffffffe00 4076dfffffffffff 3d30000000000000
inside 1051 c076f00000000001 -368 -1 -369 c077000000000000 c077100000000000 3feffffffffffe00 3fffffffffffff00 3d30000000000000
inside 1052 c076f00000000001 -368 0 -368 c077000000000000 c077000000000000 3feffffffffffe00 3feffffffffffe00 3d30000000000000
inside 1053 c076f00000000001 -368 1 -367 c077000000000000 c076f00000000000 3feffffffffffe00 bd30000000000000 3d30000000000000
inside 1054 c076f00000000001 -368 366 -2 c077000000000000 c000000000000000 3feffffffffffe00 c076d00000000001 3d30000000000000
inside 1055 c086d7ffffffffff -731 -365 -1096 c086d80000000000 c091200000000000 3d40000000000000 4076d00000000002 3feffffffffffc00
inside 1056 c086d7ffffffffff -731 -1 -732 c086d80000000000 c086e00000000000 3d40000000000000 3ff0000000000200 3feffffffffffc00
inside 1057 c086d7ffffffffff -731 0 -731 c086d80000000000 c086d80000000000 3d40000000000000 3d40000000000000 3feffffffffffc00
inside 1058 c086d7ffffffffff -731 1 -730 c086d80000000000 c086d00000000000 3d40000000000000 bfeffffffffffc00 3feffffffffffc00
inside 1059 c086d7ffffffffff -731 366 -365 c086d80000000000 c076d00000000000 3d40000000000000 c076dffffffffffe 3feffffffffffc00
inside 1060 c086d80000000000 -731 -365 -1096 c086d80000000000 c091200000000000 0000000000000000 4076d00000000000 3ff0000000000000
inside 1061 c086d80000000000 -731 -1 -732 c086d80000000000 c086e00000000000 0000000000000000 3ff0000000000000 3ff0000000000000
inside 1062 c086d80000000000 -731 0 -731 c086d80000000000 c086d80000000000 0000000000000000 0000000000000000 3ff0000000000000
inside 1063 c086d80000000000 -731 1 -730 c086d80000000000 c086d00000000000 0000000000000000 bff0000000000000 3ff0000000000000
inside 1064 c086d80000000000 -731 366 -365 c086d80000000000 c076d00000000000 0000000000000000 c076e00000000000 3ff0000000000000
inside 1065 c086d80000000001 -732 -365 -1097 c086e00000000000 c091240000000000 3feffffffffffc00 4076dffffffffffe 3d40000000000000
inside 1066 c086d80000000001 -732 -1 -733 c086e00000000000 c086e80000000000 3feffffffffffc00 3ffffffffffffe00 3d40000000000000
inside 1067 c086d80000000001 -732 0 -732 c086e00000000000 c086e00000000000 3feffffffffffc00 3feffffffffffc00 3d40000000000000
inside 1068 c086d80000000001 -732 1 -731 c086e00000000000 c086d80000000000 3feffffffffffc00 bd40000000000000 3d40000000000000
inside 1069 c086d80000000001 -732 366 -366 c086e00000000000 c076e00000000000 3feffffffffffc00 c076d00000000002 3d40000000000000
inside 1070 c086dfffffffffff -732 -365 -1097 c086e00000000000 c091240000000000 3d40000000000000 4076d00000000002 3feffffffffffc00
inside 1071 c086dfffffffffff -732 -1 -733 c086e00000000000 c086e80000000000 3d40000000000000 3ff0000000000200 3feffffffffffc00
inside 1072 c086dfffffffffff -732 0 -732 c086e00000000000 c086e00000000000 3d40000000000000 3d40000000000000 3feffffffffffc00
inside 1073 c086dfffffffffff -732 1 -731 c086e00000000000 c086d80000000000 3d40000000000000 bfeffffffffffc00 3feffffffffffc00
inside 1074 c086dfffffffffff -732 366 -366 c086e00000000000 c076e00000000000 3d40000000000000 c076dffffffffffe 3feffffffffffc00
inside 1075 c086e00000000000 -732 -365 -1097 c086e00000000000 c091240000000000 0000000000000000 4076d00000000000 3ff0000000000000
inside 1076 c086e00000000000 -732 -1 -733 c086e00000000000 c086e80000000000 0000000000000000 3ff0000000000000 3ff0000000000000
inside 1077 c086e00000000000 -732 0 -732 c086e00000000000 c086e00000000000 0000000000000000 0000000000000000 3ff0000000000000
inside 1078 c086e00000000000 -732 1 -731 c086e00000000000 c086d80000000000 0000000000000000 bff0000000000000 3ff0000000000000
inside 1079 c086e00000000000 -732 366 -366 c086e00000000000 c076e00000000000 0000000000000000 c076e00000000000 3ff0000000000000
inside 1080 c086e00000000001 -733 -365 -1098 c086e80000000000 c091280000000000 3feffffffffffc00 4076dffffffffffe 3d40000000000000
inside 1081 c086e00000000001 -733 -1 -734 c086e80000000000 c086f00000000000 3feffffffffffc00 3ffffffffffffe00 3d40000000000000
inside 1082 c086e00000000001 -733 0 -733 c086e80000000000 c086e80000000000 3feffffffffffc00 3feffffffffffc00 3d40000000000000
inside 1083 c086e00000000001 -733 1 -732 c086e80000000000 c086e00000000000 3feffffffffffc00 bd40000000000000 3d40000000000000
inside 1084 c086e00000000001 -733 366 -367 c086e80000000000 c076f00000000000 3feffffffffffc00 c076d00000000002 3d40000000000000
inside 1085 c100000000000000 -131072 -365 -131437 c100000000000000 c1000b6800000000 0000000000000000 4076d00000000000 3ff0000000000000
inside 1086 c100000000000000 -131072 -1 -131073 c100000000000000 c100000800000000 0000000000000000 3ff0000000000000 3ff0000000000000
inside 1087 c100000000000000 -131072 0 -131072 c100000000000000 c100000000000000 0000000000000000 0000000000000000 3ff0000000000000
inside 1088 c100000000000000 -131072 1 -131071 c100000000000000 c0fffff000000000 0000000000000000 bff0000000000000 3ff0000000000000
inside 1089 c100000000000000 -131072 366 -130706 c100000000000000 c0ffe92000000000 0000000000000000 c076e00000000000 3ff0000000000000
inside 1090 c100000000000001 -131073 -365 -131438 c100000800000000 c1000b7000000000 3feffffffffc0000 4076dffffffffe00 3dc0000000000000
inside 1091 c100000000000001 -131073 -1 -131074 c100000800000000 c100001000000000 3feffffffffc0000 3ffffffffffe0000 3dc0000000000000
inside 1092 c100000000000001 -131073 0 -131073 c100000800000000 c100000800000000 3feffffffffc0000 3feffffffffc0000 3dc0000000000000
inside 1093 c100000000000001 -131073 1 -131072 c100000800000000 c100000000000000 3feffffffffc0000 bdc0000000000000 3dc0000000000000
inside 1094 c100000000000001 -131073 366 -130707 c100000800000000 c0ffe93000000000 3feffffffffc0000 c076d00000000200 3dc0000000000000
inside 1095 c107ffffffffffff -196608 -365 -196973 c108000000000000 c1080b6800000000 3dc0000000000000 4076d00000000200 3feffffffffc0000
inside 1096 c107ffffffffffff -196608 -1 -196609 c108000000000000 c108000800000000 3dc0000000000000 3ff0000000020000 3feffffffffc0000
inside 1097 c107ffffffffffff -196608 0 -196608 c108000000000000 c108000000000000 3dc0000000000000 3dc0000000000000 3feffffffffc0000
inside 1098 c107ffffffffffff -196608 1 -196607 c108000000000000 c107fff800000000 3dc0000000000000 bfeffffffffc0000 3feffffffffc0000
inside 1099 c107ffffffffffff -196608 366 -196242 c108000000000000 c107f49000000000 3dc0000000000000 c076dffffffffe00 3feffffffffc0000
inside 1100 c108000000000000 -196608 -365 -196973 c108000000000000 c1080b6800000000 0000000000000000 4076d00000000000 3ff0000000000000
inside 1101 c108000000000000 -196608 -1 -196609 c108000000000000 c108000800000000 0000000000000000 3ff0000000000000 3ff0000000000000
inside 1102 c108000000000000 -196608 0 -196608 c108000000000000 c108000000000000 0000000000000000 0000000000000000 3ff0000000000000
inside 1103 c108000000000000 -196608 1 -196607 c108000000000000 c107fff800000000 0000000000000000 bff0000000000000 3ff0000000000000
inside 1104 c108000000000000 -196608 366 -196242 c108000000000000 c107f49000000000 0000000000000000 c076e00000000000 3ff0000000000000
inside 1105 c10ffffffffffffe -262144 -365 -262509 c110000000000000 c11005b400000000 3dd0000000000000 4076d00000000400 3feffffffff80000
inside 1106 c10ffffffffffffe -262144 -1 -262145 c110000000000000 c110000400000000 3dd0000000000000 3ff0000000040000 3feffffffff80000
inside 1107 c10ffffffffffffe -262144 0 -262144 c110000000000000 c110000000000000 3dd0000000000000 3dd0000000000000 3feffffffff80000
inside 1108 c10ffffffffffffe -262144 1 -262143 c110000000000000 c10ffff800000000 3dd0000000000000 bfeffffffff80000 3feffffffff80000
inside 1109 c10ffffffffffffe -262144 366 -261778 c110000000000000 c10ff49000000000 3dd0000000000000 c076dffffffffc00 3feffffffff80000
inside 1110 c10fffffffffffff -262144 -365 -262509 c110000000000000 c11005b400000000 3dc0000000000000 4076d00000000200 3feffffffffc0000
inside 1111 c10fffffffffffff -262144 -1 -262145 c110000000000000 c110000400000000 3dc0000000000000 3ff0000000020000 3feffffffffc0000
inside 1112 c10fffffffffffff -262144 0 -262144 c110000000000000 c110000000000000 3dc0000000000000 3dc0000000000000 3feffffffffc0000
inside 1113 c10fffffffffffff -262144 1 -262143 c110000000000000 c10ffff800000000 3dc0000000000000 bfeffffffffc0000 3feffffffffc0000
inside 1114 c10fffffffffffff -262144 366 -261778 c110000000000000 c10ff49000000000 3dc0000000000000 c076dffffffffe00 3feffffffffc0000
inside 1115 c1c0000000000000 -536870912 -365 -536871277 c1c0000000000000 c1c00000b6800000 0000000000000000 4076d00000000000 3ff0000000000000
inside 1116 c1c0000000000000 -536870912 -1 -536870913 c1c0000000000000 c1c0000000800000 0000000000000000 3ff0000000000000 3ff0000000000000
inside 1117 c1c0000000000000 -536870912 0 -536870912 c1c0000000000000 c1c0000000000000 0000000000000000 0000000000000000 3ff0000000000000
inside 1118 c1c0000000000000 -536870912 1 -536870911 c1c0000000000000 c1bfffffff000000 0000000000000000 bff0000000000000 3ff0000000000000
inside 1119 c1c0000000000000 -536870912 366 -536870546 c1c0000000000000 c1bffffe92000000 0000000000000000 c076e00000000000 3ff0000000000000
inside 1120 c1c0000000000001 -536870913 -365 -536871278 c1c0000000800000 c1c00000b7000000 3fefffffc0000000 4076dfffffe00000 3e80000000000000
inside 1121 c1c0000000000001 -536870913 -1 -536870914 c1c0000000800000 c1c0000001000000 3fefffffc0000000 3fffffffe0000000 3e80000000000000
inside 1122 c1c0000000000001 -536870913 0 -536870913 c1c0000000800000 c1c0000000800000 3fefffffc0000000 3fefffffc0000000 3e80000000000000
inside 1123 c1c0000000000001 -536870913 1 -536870912 c1c0000000800000 c1c0000000000000 3fefffffc0000000 be80000000000000 3e80000000000000
inside 1124 c1c0000000000001 -536870913 366 -536870547 c1c0000000800000 c1bffffe93000000 3fefffffc0000000 c076d00000200000 3e80000000000000
inside 1125 c1c7ffffffffffff -805306368 -365 -805306733 c1c8000000000000 c1c80000b6800000 3e80000000000000 4076d00000200000 3fefffffc0000000
inside 1126 c1c7ffffffffffff -805306368 -1 -805306369 c1c8000000000000 c1c8000000800000 3e80000000000000 3ff0000020000000 3fefffffc0000000
inside 1127 c1c7ffffffffffff -805306368 0 -805306368 c1c8000000000000 c1c8000000000000 3e80000000000000 3e80000000000000 3fefffffc0000000
inside 1128 c1c7ffffffffffff -805306368 1 -805306367 c1c8000000000000 c1c7ffffff800000 3e80000000000000 bfefffffc0000000 3fefffffc0000000
inside 1129 c1c7ffffffffffff -805306368 366 -805306002 c1c8000000000000 c1c7ffff49000000 3e80000000000000 c076dfffffe00000 3fefffffc0000000
inside 1130 c1c8000000000000 -805306368 -365 -805306733 c1c8000000000000 c1c80000b6800000 0000000000000000 4076d00000000000 3ff0000000000000
inside 1131 c1c8000000000000 -805306368 -1 -805306369 c1c8000000000000 c1c8000000800000 0000000000000000 3ff0000000000000 3ff0000000000000
inside 1132 c1c8000000000000 -805306368 0 -805306368 c1c8000000000000 c1c8000000000000 0000000000000000 0000000000000000 3ff0000000000000
inside 1133 c1c8000000000000 -805306368 1 -805306367 c1c8000000000000 c1c7ffffff800000 0000000000000000 bff0000000000000 3ff0000000000000
inside 1134 c1c8000000000000 -805306368 366 -805306002 c1c8000000000000 c1c7ffff49000000 0000000000000000 c076e00000000000 3ff0000000000000
inside 1135 c1cffffffffffffe -1073741824 -365 -1073742189 c1d0000000000000 c1d000005b400000 3e90000000000000 4076d00000400000 3fefffff80000000
inside 1136 c1cffffffffffffe -1073741824 -1 -1073741825 c1d0000000000000 c1d0000000400000 3e90000000000000 3ff0000040000000 3fefffff80000000
inside 1137 c1cffffffffffffe -1073741824 0 -1073741824 c1d0000000000000 c1d0000000000000 3e90000000000000 3e90000000000000 3fefffff80000000
inside 1138 c1cffffffffffffe -1073741824 1 -1073741823 c1d0000000000000 c1cfffffff800000 3e90000000000000 bfefffff80000000 3fefffff80000000
inside 1139 c1cffffffffffffe -1073741824 366 -1073741458 c1d0000000000000 c1cfffff49000000 3e90000000000000 c076dfffffc00000 3fefffff80000000
inside 1140 c1cfffffffffffff -1073741824 -365 -1073742189 c1d0000000000000 c1d000005b400000 3e80000000000000 4076d00000200000 3fefffffc0000000
inside 1141 c1cfffffffffffff -1073741824 -1 -1073741825 c1d0000000000000 c1d0000000400000 3e80000000000000 3ff0000020000000 3fefffffc0000000
inside 1142 c1cfffffffffffff -1073741824 0 -1073741824 c1d0000000000000 c1d0000000000000 3e80000000000000 3e80000000000000 3fefffffc0000000
inside 1143 c1cfffffffffffff -1073741824 1 -1073741823 c1d0000000000000 c1cfffffff800000 3e80000000000000 bfefffffc0000000 3fefffffc0000000
inside 1144 c1cfffffffffffff -1073741824 366 -1073741458 c1d0000000000000 c1cfffff49000000 3e80000000000000 c076dfffffe00000 3fefffffc0000000
inside 1145 c1d0000000000000 -1073741824 -365 -1073742189 c1d0000000000000 c1d000005b400000 0000000000000000 4076d00000000000 3ff0000000000000
inside 1146 c1d0000000000000 -1073741824 -1 -1073741825 c1d0000000000000 c1d0000000400000 0000000000000000 3ff0000000000000 3ff0000000000000
inside 1147 c1d0000000000000 -1073741824 0 -1073741824 c1d0000000000000 c1d0000000000000 0000000000000000 0000000000000000 3ff0000000000000
inside 1148 c1d0000000000000 -1073741824 1 -1073741823 c1d0000000000000 c1cfffffff800000 0000000000000000 bff0000000000000 3ff0000000000000
inside 1149 c1d0000000000000 -1073741824 366 -1073741458 c1d0000000000000 c1cfffff49000000 0000000000000000 c076e00000000000 3ff0000000000000
inside 1150 c1d0000000000001 -1073741825 -365 -1073742190 c1d0000000400000 c1d000005b800000 3fefffff80000000 4076dfffffc00000 3e90000000000000
inside 1151 c1d0000000000001 -1073741825 -1 -1073741826 c1d0000000400000 c1d0000000800000 3fefffff80000000 3fffffffc0000000 3e90000000000000
inside 1152 c1d0000000000001 -1073741825 0 -1073741825 c1d0000000400000 c1d0000000400000 3fefffff80000000 3fefffff80000000 3e90000000000000
inside 1153 c1d0000000000001 -1073741825 1 -1073741824 c1d0000000400000 c1d0000000000000 3fefffff80000000 be90000000000000 3e90000000000000
inside 1154 c1d0000000000001 -1073741825 366 -1073741459 c1d0000000400000 c1cfffff49800000 3fefffff80000000 c076d00000400000 3e90000000000000
inside 1155 c1d7ffffffffffff -1610612736 -365 -1610613101 c1d8000000000000 c1d800005b400000 3e90000000000000 4076d00000400000 3fefffff80000000
inside 1156 c1d7ffffffffffff -1610612736 -1 -1610612737 c1d8000000000000 c1d8000000400000 3e90000000000000 3ff0000040000000 3fefffff80000000
inside 1157 c1d7ffffffffffff -1610612736 0 -1610612736 c1d8000000000000 c1d8000000000000 3e90000000000000 3e90000000000000 3fefffff80000000
inside 1158 c1d7ffffffffffff -1610612736 1 -1610612735 c1d8000000000000 c1d7ffffffc00000 3e90000000000000 bfefffff80000000 3fefffff80000000
inside 1159 c1d7ffffffffffff -1610612736 366 -1610612370 c1d8000000000000 c1d7ffffa4800000 3e90000000000000 c076dfffffc00000 3fefffff80000000
inside 1160 c1d8000000000000 -1610612736 -365 -1610613101 c1d8000000000000 c1d800005b400000 0000000000000000 4076d00000000000 3ff0000000000000
inside 1161 c1d8000000000000 -1610612736 -1 -1610612737 c1d8000000000000 c1d8000000400000 0000000000000000 3ff0000000000000 3ff0000000000000
inside 1162 c1d8000000000000 -1610612736 0 -1610612736 c1d8000000000000 c1d8000000000000 0000000000000000 0000000000000000 3ff0000000000000
inside 1163 c1d8000000000000 -1610612736 1 -1610612735 c1d8000000000000 c1d7ffffffc00000 0000000000000000 bff0000000000000 3ff0000000000000
inside 1164 c1d8000000000000 -1610612736 366 -1610612370 c1d8000000000000 c1d7ffffa4800000 0000000000000000 c076e00000000000 3ff0000000000000
inside 1165 c1dfffffa43fffff -2147483281 -365 -2147483646 c1dfffffa4400000 c1dfffffff800000 3e90000000000000 4076d00000400000 3fefffff80000000
inside 1166 c1dfffffa43fffff -2147483281 -1 -2147483282 c1dfffffa4400000 c1dfffffa4800000 3e90000000000000 3ff0000040000000 3fefffff80000000
inside 1167 c1dfffffa43fffff -2147483281 0 -2147483281 c1dfffffa4400000 c1dfffffa4400000 3e90000000000000 3e90000000000000 3fefffff80000000
inside 1168 c1dfffffa43fffff -2147483281 1 -2147483280 c1dfffffa4400000 c1dfffffa4000000 3e90000000000000 bfefffff80000000 3fefffff80000000
inside 1169 c1dfffffa43fffff -2147483281 366 -2147482915 c1dfffffa4400000 c1dfffff48c00000 3e90000000000000 c076dfffffc00000 3fefffff80000000
inside 1170 c1dfffffa4400000 -2147483281 -365 -2147483646 c1dfffffa4400000 c1dfffffff800000 0000000000000000 4076d00000000000 3ff0000000000000
inside 1171 c1dfffffa4400000 -2147483281 -1 -2147483282 c1dfffffa4400000 c1dfffffa4800000 0000000000000000 3ff0000000000000 3ff0000000000000
inside 1172 c1dfffffa4400000 -2147483281 0 -2147483281 c1dfffffa4400000 c1dfffffa4400000 0000000000000000 0000000000000000 3ff0000000000000
inside 1173 c1dfffffa4400000 -2147483281 1 -2147483280 c1dfffffa4400000 c1dfffffa4000000 0000000000000000 bff0000000000000 3ff0000000000000
inside 1174 c1dfffffa4400000 -2147483281 366 -2147482915 c1dfffffa4400000 c1dfffff48c00000 0000000000000000 c076e00000000000 3ff0000000000000
inside 1175 c1dfffffa4400001 -2147483282 -365 -2147483647 c1dfffffa4800000 c1dfffffffc00000 3fefffff80000000 4076dfffffc00000 3e90000000000000
inside 1176 c1dfffffa4400001 -2147483282 -1 -2147483283 c1dfffffa4800000 c1dfffffa4c00000 3fefffff80000000 3fffffffc0000000 3e90000000000000
inside 1177 c1dfffffa4400001 -2147483282 0 -2147483282 c1dfffffa4800000 c1dfffffa4800000 3fefffff80000000 3fefffff80000000 3e90000000000000
inside 1178 c1dfffffa4400001 -2147483282 1 -2147483281 c1dfffffa4800000 c1dfffffa4400000 3fefffff80000000 be90000000000000 3e90000000000000
inside 1179 c1dfffffa4400001 -2147483282 366 -2147482916 c1dfffffa4800000 c1dfffff49000000 3fefffff80000000 c076d00000400000 3e90000000000000
inside 1180 c1dfffffa47fffff -2147483282 -365 -2147483647 c1dfffffa4800000 c1dfffffffc00000 3e90000000000000 4076d00000400000 3fefffff80000000
inside 1181 c1dfffffa47fffff -2147483282 -1 -2147483283 c1dfffffa4800000 c1dfffffa4c00000 3e90000000000000 3ff0000040000000 3fefffff80000000
inside 1182 c1dfffffa47fffff -2147483282 0 -2147483282 c1dfffffa4800000 c1dfffffa4800000 3e90000000000000 3e90000000000000 3fefffff80000000
inside 1183 c1dfffffa47fffff -2147483282 1 -2147483281 c1dfffffa4800000 c1dfffffa4400000 3e90000000000000 bfefffff80000000 3fefffff80000000
inside 1184 c1dfffffa47fffff -2147483282 366 -2147482916 c1dfffffa4800000 c1dfffff49000000 3e90000000000000 c076dfffffc00000 3fefffff80000000
inside 1185 c1dfffffa4800000 -2147483282 -365 -2147483647 c1dfffffa4800000 c1dfffffffc00000 0000000000000000 4076d00000000000 3ff0000000000000
inside 1186 c1dfffffa4800000 -2147483282 -1 -2147483283 c1dfffffa4800000 c1dfffffa4c00000 0000000000000000 3ff0000000000000 3ff0000000000000
inside 1187 c1dfffffa4800000 -2147483282 0 -2147483282 c1dfffffa4800000 c1dfffffa4800000 0000000000000000 0000000000000000 3ff0000000000000
inside 1188 c1dfffffa4800000 -2147483282 1 -2147483281 c1dfffffa4800000 c1dfffffa4400000 0000000000000000 bff0000000000000 3ff0000000000000
inside 1189 c1dfffffa4800000 -2147483282 366 -2147482916 c1dfffffa4800000 c1dfffff49000000 0000000000000000 c076e00000000000 3ff0000000000000
inside 1190 c1dfffffa4800001 -2147483283 -365 -2147483648 c1dfffffa4c00000 c1e0000000000000 3fefffff80000000 4076dfffffc00000 3e90000000000000
inside 1191 c1dfffffa4800001 -2147483283 -1 -2147483284 c1dfffffa4c00000 c1dfffffa5000000 3fefffff80000000 3fffffffc0000000 3e90000000000000
inside 1192 c1dfffffa4800001 -2147483283 0 -2147483283 c1dfffffa4c00000 c1dfffffa4c00000 3fefffff80000000 3fefffff80000000 3e90000000000000
inside 1193 c1dfffffa4800001 -2147483283 1 -2147483282 c1dfffffa4c00000 c1dfffffa4800000 3fefffff80000000 be90000000000000 3e90000000000000
inside 1194 c1dfffffa4800001 -2147483283 366 -2147482917 c1dfffffa4c00000 c1dfffff49400000 3fefffff80000000 c076d00000400000 3e90000000000000
inside 1195 c1dfffffa4bfffff -2147483283 -365 -2147483648 c1dfffffa4c00000 c1e0000000000000 3e90000000000000 4076d00000400000 3fefffff80000000
inside 1196 c1dfffffa4bfffff -2147483283 -1 -2147483284 c1dfffffa4c00000 c1dfffffa5000000 3e90000000000000 3ff0000040000000 3fefffff80000000
inside 1197 c1dfffffa4bfffff -2147483283 0 -2147483283 c1dfffffa4c00000 c1dfffffa4c00000 3e90000000000000 3e90000000000000 3fefffff80000000
inside 1198 c1dfffffa4bfffff -2147483283 1 -2147483282 c1dfffffa4c00000 c1dfffffa4800000 3e90000000000000 bfefffff80000000 3fefffff80000000
inside 1199 c1dfffffa4bfffff -2147483283 366 -2147482917 c1dfffffa4c00000 c1dfffff49400000 3e90000000000000 c076dfffffc00000 3fefffff80000000
inside 1200 c1dfffffa4c00000 -2147483283 -365 -2147483648 c1dfffffa4c00000 c1e0000000000000 0000000000000000 4076d00000000000 3ff0000000000000
inside 1201 c1dfffffa4c00000 -2147483283 -1 -2147483284 c1dfffffa4c00000 c1dfffffa5000000 0000000000000000 3ff0000000000000 3ff0000000000000
inside 1202 c1dfffffa4c00000 -2147483283 0 -2147483283 c1dfffffa4c00000 c1dfffffa4c00000 0000000000000000 0000000000000000 3ff0000000000000
inside 1203 c1dfffffa4c00000 -2147483283 1 -2147483282 c1dfffffa4c00000 c1dfffffa4800000 0000000000000000 bff0000000000000 3ff0000000000000
inside 1204 c1dfffffa4c00000 -2147483283 366 -2147482917 c1dfffffa4c00000 c1dfffff49400000 0000000000000000 c076e00000000000 3ff0000000000000
outside 1205 c1dfffffa4c00001 -2147483284 -365 -2147483649
outside 1206 c1dfffffa4c00001 -2147483284 -1 -2147483285
outside 1207 c1dfffffa4c00001 -2147483284 0 -2147483284
outside 1208 c1dfffffa4c00001 -2147483284 1 -2147483283
outside 1209 c1dfffffa4c00001 -2147483284 366 -2147482918
outside 1210 c1dffffffffffffe -2147483648 -365 -2147484013
outside 1211 c1dffffffffffffe -2147483648 -1 -2147483649
outside 1212 c1dffffffffffffe -2147483648 0 -2147483648
outside 1213 c1dffffffffffffe -2147483648 1 -2147483647
outside 1214 c1dffffffffffffe -2147483648 366 -2147483282
outside 1215 c1dfffffffffffff -2147483648 -365 -2147484013
outside 1216 c1dfffffffffffff -2147483648 -1 -2147483649
outside 1217 c1dfffffffffffff -2147483648 0 -2147483648
outside 1218 c1dfffffffffffff -2147483648 1 -2147483647
outside 1219 c1dfffffffffffff -2147483648 366 -2147483282
outside 1220 c1e0000000000000 -2147483648 -365 -2147484013
outside 1221 c1e0000000000000 -2147483648 -1 -2147483649
outside 1222 c1e0000000000000 -2147483648 0 -2147483648
outside 1223 c1e0000000000000 -2147483648 1 -2147483647
outside 1224 c1e0000000000000 -2147483648 366 -2147483282
outside 1225 c1e0000000000001 -2147483649 -365 2147483282
outside 1226 c1e0000000000001 -2147483649 -1 2147483646
outside 1227 c1e0000000000001 -2147483649 0 2147483647
outside 1228 c1e0000000000001 -2147483649 1 2147483648
outside 1229 c1e0000000000001 -2147483649 366 2147484013
