'H3Range.p2_mono' depends on axioms: [propext]
'H3Range.mant_bounds' depends on axioms: [propext, Classical.choice.{u}, Quot.sound.{u}]
'H3Range.p2_shift' depends on axioms: [propext]
'H3Range.normal_floor_refinement' depends on axioms: [propext, Classical.choice.{u}, Quot.sound.{u}]
'H3Range.subnormal_floor_refinement' depends on axioms: [propext, Classical.choice.{u}, Quot.sound.{u}]
'H3Range.floor_refinement' depends on axioms: [propext, Classical.choice.{u}, Quot.sound.{u}]
'H3Range.negative_zero_exception' depends on axioms: [propext]
'H3Range.signed_zero_guard' does not depend on any axioms
'H3Range.integer_safety' depends on axioms: [propext, Classical.choice.{u}, Quot.sound.{u}]
'H3Range.negative_zero_sum_still_safe' depends on axioms: [propext, Classical.choice.{u}, Quot.sound.{u}]
'H3Range.conditional_H3_local' depends on axioms: [propext, Classical.choice.{u}, Quot.sound.{u}]
'ZeroScalar.p2_pos' depends on axioms: [propext]
'ZeroScalar.D_pos' depends on axioms: [propext]
'ZeroScalar.p2_add' depends on axioms: [propext]
'ZeroScalar.frac_bound' does not depend on any axioms
'ZeroScalar.exponent_from_value' depends on axioms: [propext, Quot.sound.{u}]
'ZeroScalar.floorVal_old' depends on axioms: [propext, Quot.sound.{u}]
'ZeroScalar.floorVal_range' depends on axioms: [propext, Classical.choice.{u}, Quot.sound.{u}]
'ZeroScalar.negzero_fields' depends on axioms: [propext, Classical.choice.{u}, Quot.sound.{u}]
'ZeroScalar.zero_aware_parts' depends on axioms: [propext, Classical.choice.{u}, Quot.sound.{u}]
'ZeroScalar.raw_mantissa' depends on axioms: [propext, Classical.choice.{u}, Quot.sound.{u}]
'ZeroScalar.raw_mantissa_int' depends on axioms: [propext, Classical.choice.{u}, Quot.sound.{u}]
'ZeroScalar.floorC_parts' depends on axioms: [propext, Classical.choice.{u}, Quot.sound.{u}]
'ZeroScalar.FLOOR_ZERO' depends on axioms: [propext, Classical.choice.{u}, Quot.sound.{u}]
'ZeroScalar.source_floor_range' depends on axioms: [propext, Classical.choice.{u}, Quot.sound.{u}]
'ZeroScalar.C_INT_BRIDGE' depends on axioms: [propext, Classical.choice.{u}, Quot.sound.{u}]
'H3Range.scan_bound' depends on axioms: [propext, Quot.sound.{u}]
'H3Range.max_at_zero' depends on axioms: [propext, Quot.sound.{u}]
'H3Range.select_found' depends on axioms: [propext]
'H3Range.select_bound' depends on axioms: [propext]
'H3Range.proposal_support' depends on axioms: [propext, Classical.choice.{u}, Quot.sound.{u}]
'H3Range.proposal_return_safe' depends on axioms: [propext, Classical.choice.{u}, Quot.sound.{u}]
'H3Range.bank0_size' does not depend on any axioms
'H3Range.bank0_max' does not depend on any axioms
'H3Range.bank0_support' depends on axioms: [propext, Quot.sound.{u}]
'H3Range.bank1_size' does not depend on any axioms
'H3Range.bank1_max' does not depend on any axioms
'H3Range.bank1_support' depends on axioms: [propext, Quot.sound.{u}]
'H3Range.bank2_size' does not depend on any axioms
'H3Range.bank2_max' does not depend on any axioms
'H3Range.bank2_support' depends on axioms: [propext, Quot.sound.{u}]
'H3Range.bank3_size' does not depend on any axioms
'H3Range.bank3_max' does not depend on any axioms
'H3Range.bank3_support' depends on axioms: [propext, Quot.sound.{u}]
'H3Range.bank4_size' does not depend on any axioms
'H3Range.bank4_max' does not depend on any axioms
'H3Range.bank4_support' depends on axioms: [propext, Quot.sound.{u}]
'H3Range.all_bank_support' depends on axioms: [propext, Quot.sound.{u}]
'H3Range.scalar_residual' depends on axioms: [propext, Classical.choice.{u}, Quot.sound.{u}]
'H3Range.terminal_right_then_left' depends on axioms: [propext, Classical.choice.{u}, Quot.sound.{u}]
'H3Range.next_terminal_center' depends on axioms: [propext, Classical.choice.{u}, Quot.sound.{u}]
'H3Range.safe_next_center' depends on axioms: [propext, Classical.choice.{u}, Quot.sound.{u}]
'H3Range.inner_visits_count' depends on axioms: [propext, Quot.sound.{u}]
'H3Range.actual_3072_calls' depends on axioms: [propext, Quot.sound.{u}]
'H3Range.first_terminal_right_first' does not depend on any axioms
'H3Range.checked_key_coefficients' depends on axioms: [propext, Classical.choice.{u}, Quot.sound.{u}]
'H3Range.lt64_correct' depends on axioms: [propext, Quot.sound.{u}]
'H3Range.eq64_correct' depends on axioms: [propext, Quot.sound.{u}]
'H3Range.lt128_correct' depends on axioms: [propext, Quot.sound.{u}]
'H3Range.active_guards' depends on axioms: [propext, Classical.choice.{u}, Quot.sound.{u}]
'H3Range.sticky_path' depends on axioms: [propext]
'H3Range.negative_zero_admitted' does not depend on any axioms
'H3Range.guards_do_not_imply_floor_refinement' depends on axioms: [propext]
'H3Range.complete_local_lift' depends on axioms: [propext, Classical.choice.{u}, Quot.sound.{u}]
'ZeroScalar.value_negative_zero' depends on axioms: [propext, Classical.choice.{u}, Quot.sound.{u}]
'ZeroScalar.RHO_CLOSED' depends on axioms: [propext, Classical.choice.{u}, Quot.sound.{u}]
'ZeroScalar.EXACT_RESIDUAL_366' depends on axioms: [propext, Classical.choice.{u}, Quot.sound.{u}]
'ZeroScalar.old_new_relation' depends on axioms: [propext, Classical.choice.{u}, Quot.sound.{u}]
'ZeroScalar.old_floor_equality' depends on axioms: [propext, Classical.choice.{u}, Quot.sound.{u}]
'ZeroScalar.old_implies_numeric' depends on axioms: [propext, Quot.sound.{u}]
'ZeroScalar.or_one_bounds' depends on axioms: [propext, Classical.choice.{u}, Quot.sound.{u}]
'ZeroScalar.sticky_cases' depends on axioms: [propext, Quot.sound.{u}]
'ZeroScalar.sticky_interval' depends on axioms: [propext, Classical.choice.{u}, Quot.sound.{u}]
'ZeroScalar.round_error' depends on axioms: [propext, Classical.choice.{u}, Quot.sound.{u}]
'ZeroScalar.normalizer_bounds' depends on axioms: [propext, Classical.choice.{u}, Quot.sound.{u}]
'ZeroScalar.normalizer_for_add' depends on axioms: [propext, Classical.choice.{u}, Quot.sound.{u}]
'ZeroScalar.shrink9_range' depends on axioms: [propext, Classical.choice.{u}, Quot.sound.{u}]
'ZeroScalar.pack_normal_value' depends on axioms: [propext, Quot.sound.{u}]
'ZeroScalar.round_normal_range' depends on axioms: [propext, Classical.choice.{u}, Quot.sound.{u}]
'ZeroScalar.norm_small_shift' depends on axioms: [propext, Classical.choice.{u}, Quot.sound.{u}]
'ZeroScalar.sticky_multiple' depends on axioms: [propext, Quot.sound.{u}]
'ZeroScalar.OF_EXACT' depends on axioms: [propext, Classical.choice.{u}, Quot.sound.{u}]
'RootLDL.step_range' depends on axioms: [propext, Quot.sound.{u}]
'RootLDL.step_invariant' depends on axioms: [propext, Quot.sound.{u}]
'RootLDL.loop_range' depends on axioms: [propext, Quot.sound.{u}]
'RootLDL.loop_invariant' depends on axioms: [propext, Quot.sound.{u}]
'RootLDL.loop55' depends on axioms: [propext, Quot.sound.{u}]
'RootLDL.store_frame' depends on axioms: [propext, Quot.sound.{u}]
'RootLDL.root_frame' depends on axioms: [propext, Quot.sound.{u}]
'RootLDL.root_layout' does not depend on any axioms
'RootLDL.fft_partition' depends on axioms: [propext, Classical.choice.{u}, Quot.sound.{u}]
'RootLDL.ternary_store' depends on axioms: [propext, Classical.choice.{u}, Quot.sound.{u}]
'RootLDL.coefficient_test' depends on axioms: [propext, Classical.choice.{u}, Quot.sound.{u}]
'RootLDL.positive_margin' depends on axioms: [propext, Quot.sound.{u}]
'RootLDL.machine_schur_consumer' depends on axioms: [propext, Quot.sound.{u}]
'RootLDL.imaginary_consumer' depends on axioms: [propext, Classical.choice.{u}, Quot.sound.{u}]
'RootLDL.no_overflow_primitive_scale' does not depend on any axioms
'RootLDL.zero_domain_not_root_domain' does not depend on any axioms
'RootLDL.coefficient_reduction_bound' does not depend on any axioms
RootAudit 0 0.247
RootLDL.step_range : ∀ (v r q : Nat)
  (hr :
    @LT.lt.{0} Nat instLTNat r
      (@HMul.hMul.{0, 0, 0} Nat Nat Nat (@instHMul.{0} Nat instMulNat)
        (@OfNat.ofNat.{0} Nat (nat_lit 2) (instOfNatNat (nat_lit 2))) v)),
  @LT.lt.{0} Nat instLTNat (@Prod.fst.{0, 0} Nat Nat (RootLDL.step v (@Prod.mk.{0, 0} Nat Nat r q)))
    (@HMul.hMul.{0, 0, 0} Nat Nat Nat (@instHMul.{0} Nat instMulNat)
      (@OfNat.ofNat.{0} Nat (nat_lit 2) (instOfNatNat (nat_lit 2))) v)
theorem RootLDL.step_range : ∀ (v r q : Nat)
  (hr :
    @LT.lt.{0} Nat instLTNat r
      (@HMul.hMul.{0, 0, 0} Nat Nat Nat (@instHMul.{0} Nat instMulNat)
        (@OfNat.ofNat.{0} Nat (nat_lit 2) (instOfNatNat (nat_lit 2))) v)),
  @LT.lt.{0} Nat instLTNat (@Prod.fst.{0, 0} Nat Nat (RootLDL.step v (@Prod.mk.{0, 0} Nat Nat r q)))
    (@HMul.hMul.{0, 0, 0} Nat Nat Nat (@instHMul.{0} Nat instMulNat)
      (@OfNat.ofNat.{0} Nat (nat_lit 2) (instOfNatNat (nat_lit 2))) v) :=
fun (v r q : Nat)
    (hr :
      @LT.lt.{0} Nat instLTNat r
        (@HMul.hMul.{0, 0, 0} Nat Nat Nat (@instHMul.{0} Nat instMulNat)
          (@OfNat.ofNat.{0} Nat (nat_lit 2) (instOfNatNat (nat_lit 2))) v)) =>
  @id.{0}
    (@LT.lt.{0} Nat instLTNat (@Prod.fst.{0, 0} Nat Nat (RootLDL.step v (@Prod.mk.{0, 0} Nat Nat r q)))
      (@HMul.hMul.{0, 0, 0} Nat Nat Nat (@instHMul.{0} Nat instMulNat)
        (@OfNat.ofNat.{0} Nat (nat_lit 2) (instOfNatNat (nat_lit 2))) v))
    (@Decidable.casesOn.{0} (@LE.le.{0} Nat instLENat v (@Prod.fst.{0, 0} Nat Nat (@Prod.mk.{0, 0} Nat Nat r q)))
      (fun (x : Decidable (@LE.le.{0} Nat instLENat v (@Prod.fst.{0, 0} Nat Nat (@Prod.mk.{0, 0} Nat Nat r q)))) =>
        @LT.lt.{0} Nat instLTNat
          (@Prod.fst.{0, 0} Nat Nat
            (@ite.{1} (Prod.{0, 0} Nat Nat)
              (@LE.le.{0} Nat instLENat v (@Prod.fst.{0, 0} Nat Nat (@Prod.mk.{0, 0} Nat Nat r q)))
              (Nat.decLe v (@Prod.fst.{0, 0} Nat Nat (@Prod.mk.{0, 0} Nat Nat r q)))
              (@Prod.mk.{0, 0} Nat Nat
                (@HMul.hMul.{0, 0, 0} Nat Nat Nat (@instHMul.{0} Nat instMulNat)
                  (@OfNat.ofNat.{0} Nat (nat_lit 2) (instOfNatNat (nat_lit 2)))
                  (@HSub.hSub.{0, 0, 0} Nat Nat Nat (@instHSub.{0} Nat instSubNat)
                    (@Prod.fst.{0, 0} Nat Nat (@Prod.mk.{0, 0} Nat Nat r q)) v))
                (@HMul.hMul.{0, 0, 0} Nat Nat Nat (@instHMul.{0} Nat instMulNat)
                  (@OfNat.ofNat.{0} Nat (nat_lit 2) (instOfNatNat (nat_lit 2)))
                  (@HAdd.hAdd.{0, 0, 0} Nat Nat Nat (@instHAdd.{0} Nat instAddNat)
                    (@Prod.snd.{0, 0} Nat Nat (@Prod.mk.{0, 0} Nat Nat r q))
                    (@OfNat.ofNat.{0} Nat (nat_lit 1) (instOfNatNat (nat_lit 1))))))
              (@Prod.mk.{0, 0} Nat Nat
                (@HMul.hMul.{0, 0, 0} Nat Nat Nat (@instHMul.{0} Nat instMulNat)
                  (@OfNat.ofNat.{0} Nat (nat_lit 2) (instOfNatNat (nat_lit 2)))
                  (@Prod.fst.{0, 0} Nat Nat (@Prod.mk.{0, 0} Nat Nat r q)))
                (@HMul.hMul.{0, 0, 0} Nat Nat Nat (@instHMul.{0} Nat instMulNat)
                  (@OfNat.ofNat.{0} Nat (nat_lit 2) (instOfNatNat (nat_lit 2)))
                  (@Prod.snd.{0, 0} Nat Nat (@Prod.mk.{0, 0} Nat Nat r q))))))
          (@HMul.hMul.{0, 0, 0} Nat Nat Nat (@instHMul.{0} Nat instMulNat)
            (@OfNat.ofNat.{0} Nat (nat_lit 2) (instOfNatNat (nat_lit 2))) v))
      (Nat.decLe v (@Prod.fst.{0, 0} Nat Nat (@Prod.mk.{0, 0} Nat Nat r q)))
      (fun (h : Not (@LE.le.{0} Nat instLENat v (@Prod.fst.{0, 0} Nat Nat (@Prod.mk.{0, 0} Nat Nat r q)))) =>
        @Eq.mpr.{0}
          (@LT.lt.{0} Nat instLTNat
            (@Prod.fst.{0, 0} Nat Nat
              (@ite.{1} (Prod.{0, 0} Nat Nat)
                (@LE.le.{0} Nat instLENat v (@Prod.fst.{0, 0} Nat Nat (@Prod.mk.{0, 0} Nat Nat r q)))
                (Nat.decLe v (@Prod.fst.{0, 0} Nat Nat (@Prod.mk.{0, 0} Nat Nat r q)))
                (@Prod.mk.{0, 0} Nat Nat
                  (@HMul.hMul.{0, 0, 0} Nat Nat Nat (@instHMul.{0} Nat instMulNat)
                    (@OfNat.ofNat.{0} Nat (nat_lit 2) (instOfNatNat (nat_lit 2)))
                    (@HSub.hSub.{0, 0, 0} Nat Nat Nat (@instHSub.{0} Nat instSubNat)
                      (@Prod.fst.{0, 0} Nat Nat (@Prod.mk.{0, 0} Nat Nat r q)) v))
                  (@HMul.hMul.{0, 0, 0} Nat Nat Nat (@instHMul.{0} Nat instMulNat)
                    (@OfNat.ofNat.{0} Nat (nat_lit 2) (instOfNatNat (nat_lit 2)))
                    (@HAdd.hAdd.{0, 0, 0} Nat Nat Nat (@instHAdd.{0} Nat instAddNat)
                      (@Prod.snd.{0, 0} Nat Nat (@Prod.mk.{0, 0} Nat Nat r q))
                      (@OfNat.ofNat.{0} Nat (nat_lit 1) (instOfNatNat (nat_lit 1))))))
                (@Prod.mk.{0, 0} Nat Nat
                  (@HMul.hMul.{0, 0, 0} Nat Nat Nat (@instHMul.{0} Nat instMulNat)
                    (@OfNat.ofNat.{0} Nat (nat_lit 2) (instOfNatNat (nat_lit 2)))
                    (@Prod.fst.{0, 0} Nat Nat (@Prod.mk.{0, 0} Nat Nat r q)))
                  (@HMul.hMul.{0, 0, 0} Nat Nat Nat (@instHMul.{0} Nat instMulNat)
                    (@OfNat.ofNat.{0} Nat (nat_lit 2) (instOfNatNat (nat_lit 2)))
                    (@Prod.snd.{0, 0} Nat Nat (@Prod.mk.{0, 0} Nat Nat r q))))))
            (@HMul.hMul.{0, 0, 0} Nat Nat Nat (@instHMul.{0} Nat instMulNat)
              (@OfNat.ofNat.{0} Nat (nat_lit 2) (instOfNatNat (nat_lit 2))) v))
          (@LT.lt.{0} Nat instLTNat
            (@Prod.fst.{0, 0} Nat Nat
              (@Prod.mk.{0, 0} Nat Nat
                (@HMul.hMul.{0, 0, 0} Nat Nat Nat (@instHMul.{0} Nat instMulNat)
                  (@OfNat.ofNat.{0} Nat (nat_lit 2) (instOfNatNat (nat_lit 2)))
                  (@Prod.fst.{0, 0} Nat Nat (@Prod.mk.{0, 0} Nat Nat r q)))
                (@HMul.hMul.{0, 0, 0} Nat Nat Nat (@instHMul.{0} Nat instMulNat)
                  (@OfNat.ofNat.{0} Nat (nat_lit 2) (instOfNatNat (nat_lit 2)))
                  (@Prod.snd.{0, 0} Nat Nat (@Prod.mk.{0, 0} Nat Nat r q)))))
            (@HMul.hMul.{0, 0, 0} Nat Nat Nat (@instHMul.{0} Nat instMulNat)
              (@OfNat.ofNat.{0} Nat (nat_lit 2) (instOfNatNat (nat_lit 2))) v))
          (@id.{0}
            (@Eq.{1} Prop
              (@LT.lt.{0} Nat instLTNat
                (@Prod.fst.{0, 0} Nat Nat
                  (@ite.{1} (Prod.{0, 0} Nat Nat)
                    (@LE.le.{0} Nat instLENat v (@Prod.fst.{0, 0} Nat Nat (@Prod.mk.{0, 0} Nat Nat r q)))
                    (Nat.decLe v (@Prod.fst.{0, 0} Nat Nat (@Prod.mk.{0, 0} Nat Nat r q)))
                    (@Prod.mk.{0, 0} Nat Nat
                      (@HMul.hMul.{0, 0, 0} Nat Nat Nat (@instHMul.{0} Nat instMulNat)
                        (@OfNat.ofNat.{0} Nat (nat_lit 2) (instOfNatNat (nat_lit 2)))
                        (@HSub.hSub.{0, 0, 0} Nat Nat Nat (@instHSub.{0} Nat instSubNat)
                          (@Prod.fst.{0, 0} Nat Nat (@Prod.mk.{0, 0} Nat Nat r q)) v))
                      (@HMul.hMul.{0, 0, 0} Nat Nat Nat (@instHMul.{0} Nat instMulNat)
                        (@OfNat.ofNat.{0} Nat (nat_lit 2) (instOfNatNat (nat_lit 2)))
                        (@HAdd.hAdd.{0, 0, 0} Nat Nat Nat (@instHAdd.{0} Nat instAddNat)
                          (@Prod.snd.{0, 0} Nat Nat (@Prod.mk.{0, 0} Nat Nat r q))
                          (@OfNat.ofNat.{0} Nat (nat_lit 1) (instOfNatNat (nat_lit 1))))))
                    (@Prod.mk.{0, 0} Nat Nat
                      (@HMul.hMul.{0, 0, 0} Nat Nat Nat (@instHMul.{0} Nat instMulNat)
                        (@OfNat.ofNat.{0} Nat (nat_lit 2) (instOfNatNat (nat_lit 2)))
                        (@Prod.fst.{0, 0} Nat Nat (@Prod.mk.{0, 0} Nat Nat r q)))
                      (@HMul.hMul.{0, 0, 0} Nat Nat Nat (@instHMul.{0} Nat instMulNat)
                        (@OfNat.ofNat.{0} Nat (nat_lit 2) (instOfNatNat (nat_lit 2)))
                        (@Prod.snd.{0, 0} Nat Nat (@Prod.mk.{0, 0} Nat Nat r q))))))
                (@HMul.hMul.{0, 0, 0} Nat Nat Nat (@instHMul.{0} Nat instMulNat)
                  (@OfNat.ofNat.{0} Nat (nat_lit 2) (instOfNatNat (nat_lit 2))) v))
              (@LT.lt.{0} Nat instLTNat
                (@Prod.fst.{0, 0} Nat Nat
                  (@Prod.mk.{0, 0} Nat Nat
                    (@HMul.hMul.{0, 0, 0} Nat Nat Nat (@instHMul.{0} Nat instMulNat)
                      (@OfNat.ofNat.{0} Nat (nat_lit 2) (instOfNatNat (nat_lit 2)))
                      (@Prod.fst.{0, 0} Nat Nat (@Prod.mk.{0, 0} Nat Nat r q)))
                    (@HMul.hMul.{0, 0, 0} Nat Nat Nat (@instHMul.{0} Nat instMulNat)
                      (@OfNat.ofNat.{0} Nat (nat_lit 2) (instOfNatNat (nat_lit 2)))
                      (@Prod.snd.{0, 0} Nat Nat (@Prod.mk.{0, 0} Nat Nat r q)))))
                (@HMul.hMul.{0, 0, 0} Nat Nat Nat (@instHMul.{0} Nat instMulNat)
                  (@OfNat.ofNat.{0} Nat (nat_lit 2) (instOfNatNat (nat_lit 2))) v)))
            (@congrFun'.{1, 1} Nat Prop
              (@LT.lt.{0} Nat instLTNat
                (@Prod.fst.{0, 0} Nat Nat
                  (@ite.{1} (Prod.{0, 0} Nat Nat)
                    (@LE.le.{0} Nat instLENat v (@Prod.fst.{0, 0} Nat Nat (@Prod.mk.{0, 0} Nat Nat r q)))
                    (Nat.decLe v (@Prod.fst.{0, 0} Nat Nat (@Prod.mk.{0, 0} Nat Nat r q)))
                    (@Prod.mk.{0, 0} Nat Nat
                      (@HMul.hMul.{0, 0, 0} Nat Nat Nat (@instHMul.{0} Nat instMulNat)
                        (@OfNat.ofNat.{0} Nat (nat_lit 2) (instOfNatNat (nat_lit 2)))
                        (@HSub.hSub.{0, 0, 0} Nat Nat Nat (@instHSub.{0} Nat instSubNat)
                          (@Prod.fst.{0, 0} Nat Nat (@Prod.mk.{0, 0} Nat Nat r q)) v))
                      (@HMul.hMul.{0, 0, 0} Nat Nat Nat (@instHMul.{0} Nat instMulNat)
                        (@OfNat.ofNat.{0} Nat (nat_lit 2) (instOfNatNat (nat_lit 2)))
                        (@HAdd.hAdd.{0, 0, 0} Nat Nat Nat (@instHAdd.{0} Nat instAddNat)
                          (@Prod.snd.{0, 0} Nat Nat (@Prod.mk.{0, 0} Nat Nat r q))
                          (@OfNat.ofNat.{0} Nat (nat_lit 1) (instOfNatNat (nat_lit 1))))))
                    (@Prod.mk.{0, 0} Nat Nat
                      (@HMul.hMul.{0, 0, 0} Nat Nat Nat (@instHMul.{0} Nat instMulNat)
                        (@OfNat.ofNat.{0} Nat (nat_lit 2) (instOfNatNat (nat_lit 2)))
                        (@Prod.fst.{0, 0} Nat Nat (@Prod.mk.{0, 0} Nat Nat r q)))
                      (@HMul.hMul.{0, 0, 0} Nat Nat Nat (@instHMul.{0} Nat instMulNat)
                        (@OfNat.ofNat.{0} Nat (nat_lit 2) (instOfNatNat (nat_lit 2)))
                        (@Prod.snd.{0, 0} Nat Nat (@Prod.mk.{0, 0} Nat Nat r q)))))))
              (@LT.lt.{0} Nat instLTNat
                (@Prod.fst.{0, 0} Nat Nat
                  (@Prod.mk.{0, 0} Nat Nat
                    (@HMul.hMul.{0, 0, 0} Nat Nat Nat (@instHMul.{0} Nat instMulNat)
                      (@OfNat.ofNat.{0} Nat (nat_lit 2) (instOfNatNat (nat_lit 2)))
                      (@Prod.fst.{0, 0} Nat Nat (@Prod.mk.{0, 0} Nat Nat r q)))
                    (@HMul.hMul.{0, 0, 0} Nat Nat Nat (@instHMul.{0} Nat instMulNat)
                      (@OfNat.ofNat.{0} Nat (nat_lit 2) (instOfNatNat (nat_lit 2)))
                      (@Prod.snd.{0, 0} Nat Nat (@Prod.mk.{0, 0} Nat Nat r q))))))
              (@congrArg.{1, 1} Nat (Nat → Prop)
                (@Prod.fst.{0, 0} Nat Nat
                  (@ite.{1} (Prod.{0, 0} Nat Nat)
                    (@LE.le.{0} Nat instLENat v (@Prod.fst.{0, 0} Nat Nat (@Prod.mk.{0, 0} Nat Nat r q)))
                    (Nat.decLe v (@Prod.fst.{0, 0} Nat Nat (@Prod.mk.{0, 0} Nat Nat r q)))
                    (@Prod.mk.{0, 0} Nat Nat
                      (@HMul.hMul.{0, 0, 0} Nat Nat Nat (@instHMul.{0} Nat instMulNat)
                        (@OfNat.ofNat.{0} Nat (nat_lit 2) (instOfNatNat (nat_lit 2)))
                        (@HSub.hSub.{0, 0, 0} Nat Nat Nat (@instHSub.{0} Nat instSubNat)
                          (@Prod.fst.{0, 0} Nat Nat (@Prod.mk.{0, 0} Nat Nat r q)) v))
                      (@HMul.hMul.{0, 0, 0} Nat Nat Nat (@instHMul.{0} Nat instMulNat)
                        (@OfNat.ofNat.{0} Nat (nat_lit 2) (instOfNatNat (nat_lit 2)))
                        (@HAdd.hAdd.{0, 0, 0} Nat Nat Nat (@instHAdd.{0} Nat instAddNat)
                          (@Prod.snd.{0, 0} Nat Nat (@Prod.mk.{0, 0} Nat Nat r q))
                          (@OfNat.ofNat.{0} Nat (nat_lit 1) (instOfNatNat (nat_lit 1))))))
                    (@Prod.mk.{0, 0} Nat Nat
                      (@HMul.hMul.{0, 0, 0} Nat Nat Nat (@instHMul.{0} Nat instMulNat)
                        (@OfNat.ofNat.{0} Nat (nat_lit 2) (instOfNatNat (nat_lit 2)))
                        (@Prod.fst.{0, 0} Nat Nat (@Prod.mk.{0, 0} Nat Nat r q)))
                      (@HMul.hMul.{0, 0, 0} Nat Nat Nat (@instHMul.{0} Nat instMulNat)
                        (@OfNat.ofNat.{0} Nat (nat_lit 2) (instOfNatNat (nat_lit 2)))
                        (@Prod.snd.{0, 0} Nat Nat (@Prod.mk.{0, 0} Nat Nat r q))))))
                (@Prod.fst.{0, 0} Nat Nat
                  (@Prod.mk.{0, 0} Nat Nat
                    (@HMul.hMul.{0, 0, 0} Nat Nat Nat (@instHMul.{0} Nat instMulNat)
                      (@OfNat.ofNat.{0} Nat (nat_lit 2) (instOfNatNat (nat_lit 2)))
                      (@Prod.fst.{0, 0} Nat Nat (@Prod.mk.{0, 0} Nat Nat r q)))
                    (@HMul.hMul.{0, 0, 0} Nat Nat Nat (@instHMul.{0} Nat instMulNat)
                      (@OfNat.ofNat.{0} Nat (nat_lit 2) (instOfNatNat (nat_lit 2)))
                      (@Prod.snd.{0, 0} Nat Nat (@Prod.mk.{0, 0} Nat Nat r q)))))
                (@LT.lt.{0} Nat instLTNat)
                (@congrArg.{1, 1} (Prod.{0, 0} Nat Nat) Nat
                  (@ite.{1} (Prod.{0, 0} Nat Nat)
                    (@LE.le.{0} Nat instLENat v (@Prod.fst.{0, 0} Nat Nat (@Prod.mk.{0, 0} Nat Nat r q)))
                    (Nat.decLe v (@Prod.fst.{0, 0} Nat Nat (@Prod.mk.{0, 0} Nat Nat r q)))
                    (@Prod.mk.{0, 0} Nat Nat
                      (@HMul.hMul.{0, 0, 0} Nat Nat Nat (@instHMul.{0} Nat instMulNat)
                        (@OfNat.ofNat.{0} Nat (nat_lit 2) (instOfNatNat (nat_lit 2)))
                        (@HSub.hSub.{0, 0, 0} Nat Nat Nat (@instHSub.{0} Nat instSubNat)
                          (@Prod.fst.{0, 0} Nat Nat (@Prod.mk.{0, 0} Nat Nat r q)) v))
                      (@HMul.hMul.{0, 0, 0} Nat Nat Nat (@instHMul.{0} Nat instMulNat)
                        (@OfNat.ofNat.{0} Nat (nat_lit 2) (instOfNatNat (nat_lit 2)))
                        (@HAdd.hAdd.{0, 0, 0} Nat Nat Nat (@instHAdd.{0} Nat instAddNat)
                          (@Prod.snd.{0, 0} Nat Nat (@Prod.mk.{0, 0} Nat Nat r q))
                          (@OfNat.ofNat.{0} Nat (nat_lit 1) (instOfNatNat (nat_lit 1))))))
                    (@Prod.mk.{0, 0} Nat Nat
                      (@HMul.hMul.{0, 0, 0} Nat Nat Nat (@instHMul.{0} Nat instMulNat)
                        (@OfNat.ofNat.{0} Nat (nat_lit 2) (instOfNatNat (nat_lit 2)))
                        (@Prod.fst.{0, 0} Nat Nat (@Prod.mk.{0, 0} Nat Nat r q)))
                      (@HMul.hMul.{0, 0, 0} Nat Nat Nat (@instHMul.{0} Nat instMulNat)
                        (@OfNat.ofNat.{0} Nat (nat_lit 2) (instOfNatNat (nat_lit 2)))
                        (@Prod.snd.{0, 0} Nat Nat (@Prod.mk.{0, 0} Nat Nat r q)))))
                  (@Prod.mk.{0, 0} Nat Nat
                    (@HMul.hMul.{0, 0, 0} Nat Nat Nat (@instHMul.{0} Nat instMulNat)
                      (@OfNat.ofNat.{0} Nat (nat_lit 2) (instOfNatNat (nat_lit 2)))
                      (@Prod.fst.{0, 0} Nat Nat (@Prod.mk.{0, 0} Nat Nat r q)))
                    (@HMul.hMul.{0, 0, 0} Nat Nat Nat (@instHMul.{0} Nat instMulNat)
                      (@OfNat.ofNat.{0} Nat (nat_lit 2) (instOfNatNat (nat_lit 2)))
                      (@Prod.snd.{0, 0} Nat Nat (@Prod.mk.{0, 0} Nat Nat r q))))
                  (@Prod.fst.{0, 0} Nat Nat)
                  (@ite_eq_right.{1}
                    (@LE.le.{0} Nat instLENat v (@Prod.fst.{0, 0} Nat Nat (@Prod.mk.{0, 0} Nat Nat r q)))
                    (Nat.decLe v (@Prod.fst.{0, 0} Nat Nat (@Prod.mk.{0, 0} Nat Nat r q))) h (Prod.{0, 0} Nat Nat)
                    (@Prod.mk.{0, 0} Nat Nat
                      (@HMul.hMul.{0, 0, 0} Nat Nat Nat (@instHMul.{0} Nat instMulNat)
                        (@OfNat.ofNat.{0} Nat (nat_lit 2) (instOfNatNat (nat_lit 2)))
                        (@HSub.hSub.{0, 0, 0} Nat Nat Nat (@instHSub.{0} Nat instSubNat)
                          (@Prod.fst.{0, 0} Nat Nat (@Prod.mk.{0, 0} Nat Nat r q)) v))
                      (@HMul.hMul.{0, 0, 0} Nat Nat Nat (@instHMul.{0} Nat instMulNat)
                        (@OfNat.ofNat.{0} Nat (nat_lit 2) (instOfNatNat (nat_lit 2)))
                        (@HAdd.hAdd.{0, 0, 0} Nat Nat Nat (@instHAdd.{0} Nat instAddNat)
                          (@Prod.snd.{0, 0} Nat Nat (@Prod.mk.{0, 0} Nat Nat r q))
                          (@OfNat.ofNat.{0} Nat (nat_lit 1) (instOfNatNat (nat_lit 1))))))
                    (@Prod.mk.{0, 0} Nat Nat
                      (@HMul.hMul.{0, 0, 0} Nat Nat Nat (@instHMul.{0} Nat instMulNat)
                        (@OfNat.ofNat.{0} Nat (nat_lit 2) (instOfNatNat (nat_lit 2)))
                        (@Prod.fst.{0, 0} Nat Nat (@Prod.mk.{0, 0} Nat Nat r q)))
                      (@HMul.hMul.{0, 0, 0} Nat Nat Nat (@instHMul.{0} Nat instMulNat)
                        (@OfNat.ofNat.{0} Nat (nat_lit 2) (instOfNatNat (nat_lit 2)))
                        (@Prod.snd.{0, 0} Nat Nat (@Prod.mk.{0, 0} Nat Nat r q)))))))
              (@HMul.hMul.{0, 0, 0} Nat Nat Nat (@instHMul.{0} Nat instMulNat)
                (@OfNat.ofNat.{0} Nat (nat_lit 2) (instOfNatNat (nat_lit 2))) v)))
          (@Decidable.byContradiction
            (@LT.lt.{0} Nat instLTNat
              (@Prod.fst.{0, 0} Nat Nat
                (@Prod.mk.{0, 0} Nat Nat
                  (@HMul.hMul.{0, 0, 0} Nat Nat Nat (@instHMul.{0} Nat instMulNat)
                    (@OfNat.ofNat.{0} Nat (nat_lit 2) (instOfNatNat (nat_lit 2)))
                    (@Prod.fst.{0, 0} Nat Nat (@Prod.mk.{0, 0} Nat Nat r q)))
                  (@HMul.hMul.{0, 0, 0} Nat Nat Nat (@instHMul.{0} Nat instMulNat)
                    (@OfNat.ofNat.{0} Nat (nat_lit 2) (instOfNatNat (nat_lit 2)))
                    (@Prod.snd.{0, 0} Nat Nat (@Prod.mk.{0, 0} Nat Nat r q)))))
              (@HMul.hMul.{0, 0, 0} Nat Nat Nat (@instHMul.{0} Nat instMulNat)
                (@OfNat.ofNat.{0} Nat (nat_lit 2) (instOfNatNat (nat_lit 2))) v))
            (Nat.decLt
              (@Prod.fst.{0, 0} Nat Nat
                (@Prod.mk.{0, 0} Nat Nat
                  (@HMul.hMul.{0, 0, 0} Nat Nat Nat (@instHMul.{0} Nat instMulNat)
                    (@OfNat.ofNat.{0} Nat (nat_lit 2) (instOfNatNat (nat_lit 2)))
                    (@Prod.fst.{0, 0} Nat Nat (@Prod.mk.{0, 0} Nat Nat r q)))
                  (@HMul.hMul.{0, 0, 0} Nat Nat Nat (@instHMul.{0} Nat instMulNat)
                    (@OfNat.ofNat.{0} Nat (nat_lit 2) (instOfNatNat (nat_lit 2)))
                    (@Prod.snd.{0, 0} Nat Nat (@Prod.mk.{0, 0} Nat Nat r q)))))
              (@HMul.hMul.{0, 0, 0} Nat Nat Nat (@instHMul.{0} Nat instMulNat)
                (@OfNat.ofNat.{0} Nat (nat_lit 2) (instOfNatNat (nat_lit 2))) v))
            fun
              (a :
                Not
                  (@LT.lt.{0} Nat instLTNat
                    (@Prod.fst.{0, 0} Nat Nat
                      (@Prod.mk.{0, 0} Nat Nat
                        (@HMul.hMul.{0, 0, 0} Nat Nat Nat (@instHMul.{0} Nat instMulNat)
                          (@OfNat.ofNat.{0} Nat (nat_lit 2) (instOfNatNat (nat_lit 2)))
                          (@Prod.fst.{0, 0} Nat Nat (@Prod.mk.{0, 0} Nat Nat r q)))
                        (@HMul.hMul.{0, 0, 0} Nat Nat Nat (@instHMul.{0} Nat instMulNat)
                          (@OfNat.ofNat.{0} Nat (nat_lit 2) (instOfNatNat (nat_lit 2)))
                          (@Prod.snd.{0, 0} Nat Nat (@Prod.mk.{0, 0} Nat Nat r q)))))
                    (@HMul.hMul.{0, 0, 0} Nat Nat Nat (@instHMul.{0} Nat instMulNat)
                      (@OfNat.ofNat.{0} Nat (nat_lit 2) (instOfNatNat (nat_lit 2))) v))) =>
            RootLDL.step_range._proof_1_2 v r q h a))
      fun (h : @LE.le.{0} Nat instLENat v (@Prod.fst.{0, 0} Nat Nat (@Prod.mk.{0, 0} Nat Nat r q))) =>
      @Eq.mpr.{0}
        (@LT.lt.{0} Nat instLTNat
          (@Prod.fst.{0, 0} Nat Nat
            (@ite.{1} (Prod.{0, 0} Nat Nat)
              (@LE.le.{0} Nat instLENat v (@Prod.fst.{0, 0} Nat Nat (@Prod.mk.{0, 0} Nat Nat r q)))
              (Nat.decLe v (@Prod.fst.{0, 0} Nat Nat (@Prod.mk.{0, 0} Nat Nat r q)))
              (@Prod.mk.{0, 0} Nat Nat
                (@HMul.hMul.{0, 0, 0} Nat Nat Nat (@instHMul.{0} Nat instMulNat)
                  (@OfNat.ofNat.{0} Nat (nat_lit 2) (instOfNatNat (nat_lit 2)))
                  (@HSub.hSub.{0, 0, 0} Nat Nat Nat (@instHSub.{0} Nat instSubNat)
                    (@Prod.fst.{0, 0} Nat Nat (@Prod.mk.{0, 0} Nat Nat r q)) v))
                (@HMul.hMul.{0, 0, 0} Nat Nat Nat (@instHMul.{0} Nat instMulNat)
                  (@OfNat.ofNat.{0} Nat (nat_lit 2) (instOfNatNat (nat_lit 2)))
                  (@HAdd.hAdd.{0, 0, 0} Nat Nat Nat (@instHAdd.{0} Nat instAddNat)
                    (@Prod.snd.{0, 0} Nat Nat (@Prod.mk.{0, 0} Nat Nat r q))
                    (@OfNat.ofNat.{0} Nat (nat_lit 1) (instOfNatNat (nat_lit 1))))))
              (@Prod.mk.{0, 0} Nat Nat
                (@HMul.hMul.{0, 0, 0} Nat Nat Nat (@instHMul.{0} Nat instMulNat)
                  (@OfNat.ofNat.{0} Nat (nat_lit 2) (instOfNatNat (nat_lit 2)))
                  (@Prod.fst.{0, 0} Nat Nat (@Prod.mk.{0, 0} Nat Nat r q)))
                (@HMul.hMul.{0, 0, 0} Nat Nat Nat (@instHMul.{0} Nat instMulNat)
                  (@OfNat.ofNat.{0} Nat (nat_lit 2) (instOfNatNat (nat_lit 2)))
                  (@Prod.snd.{0, 0} Nat Nat (@Prod.mk.{0, 0} Nat Nat r q))))))
          (@HMul.hMul.{0, 0, 0} Nat Nat Nat (@instHMul.{0} Nat instMulNat)
            (@OfNat.ofNat.{0} Nat (nat_lit 2) (instOfNatNat (nat_lit 2))) v))
        (@LT.lt.{0} Nat instLTNat
          (@Prod.fst.{0, 0} Nat Nat
            (@Prod.mk.{0, 0} Nat Nat
              (@HMul.hMul.{0, 0, 0} Nat Nat Nat (@instHMul.{0} Nat instMulNat)
                (@OfNat.ofNat.{0} Nat (nat_lit 2) (instOfNatNat (nat_lit 2)))
                (@HSub.hSub.{0, 0, 0} Nat Nat Nat (@instHSub.{0} Nat instSubNat)
                  (@Prod.fst.{0, 0} Nat Nat (@Prod.mk.{0, 0} Nat Nat r q)) v))
              (@HMul.hMul.{0, 0, 0} Nat Nat Nat (@instHMul.{0} Nat instMulNat)
                (@OfNat.ofNat.{0} Nat (nat_lit 2) (instOfNatNat (nat_lit 2)))
                (@HAdd.hAdd.{0, 0, 0} Nat Nat Nat (@instHAdd.{0} Nat instAddNat)
                  (@Prod.snd.{0, 0} Nat Nat (@Prod.mk.{0, 0} Nat Nat r q))
                  (@OfNat.ofNat.{0} Nat (nat_lit 1) (instOfNatNat (nat_lit 1)))))))
          (@HMul.hMul.{0, 0, 0} Nat Nat Nat (@instHMul.{0} Nat instMulNat)
            (@OfNat.ofNat.{0} Nat (nat_lit 2) (instOfNatNat (nat_lit 2))) v))
        (@id.{0}
          (@Eq.{1} Prop
            (@LT.lt.{0} Nat instLTNat
              (@Prod.fst.{0, 0} Nat Nat
                (@ite.{1} (Prod.{0, 0} Nat Nat)
                  (@LE.le.{0} Nat instLENat v (@Prod.fst.{0, 0} Nat Nat (@Prod.mk.{0, 0} Nat Nat r q)))
                  (Nat.decLe v (@Prod.fst.{0, 0} Nat Nat (@Prod.mk.{0, 0} Nat Nat r q)))
                  (@Prod.mk.{0, 0} Nat Nat
                    (@HMul.hMul.{0, 0, 0} Nat Nat Nat (@instHMul.{0} Nat instMulNat)
                      (@OfNat.ofNat.{0} Nat (nat_lit 2) (instOfNatNat (nat_lit 2)))
                      (@HSub.hSub.{0, 0, 0} Nat Nat Nat (@instHSub.{0} Nat instSubNat)
                        (@Prod.fst.{0, 0} Nat Nat (@Prod.mk.{0, 0} Nat Nat r q)) v))
                    (@HMul.hMul.{0, 0, 0} Nat Nat Nat (@instHMul.{0} Nat instMulNat)
                      (@OfNat.ofNat.{0} Nat (nat_lit 2) (instOfNatNat (nat_lit 2)))
                      (@HAdd.hAdd.{0, 0, 0} Nat Nat Nat (@instHAdd.{0} Nat instAddNat)
                        (@Prod.snd.{0, 0} Nat Nat (@Prod.mk.{0, 0} Nat Nat r q))
                        (@OfNat.ofNat.{0} Nat (nat_lit 1) (instOfNatNat (nat_lit 1))))))
                  (@Prod.mk.{0, 0} Nat Nat
                    (@HMul.hMul.{0, 0, 0} Nat Nat Nat (@instHMul.{0} Nat instMulNat)
                      (@OfNat.ofNat.{0} Nat (nat_lit 2) (instOfNatNat (nat_lit 2)))
                      (@Prod.fst.{0, 0} Nat Nat (@Prod.mk.{0, 0} Nat Nat r q)))
                    (@HMul.hMul.{0, 0, 0} Nat Nat Nat (@instHMul.{0} Nat instMulNat)
                      (@OfNat.ofNat.{0} Nat (nat_lit 2) (instOfNatNat (nat_lit 2)))
                      (@Prod.snd.{0, 0} Nat Nat (@Prod.mk.{0, 0} Nat Nat r q))))))
              (@HMul.hMul.{0, 0, 0} Nat Nat Nat (@instHMul.{0} Nat instMulNat)
                (@OfNat.ofNat.{0} Nat (nat_lit 2) (instOfNatNat (nat_lit 2))) v))
            (@LT.lt.{0} Nat instLTNat
              (@Prod.fst.{0, 0} Nat Nat
                (@Prod.mk.{0, 0} Nat Nat
                  (@HMul.hMul.{0, 0, 0} Nat Nat Nat (@instHMul.{0} Nat instMulNat)
                    (@OfNat.ofNat.{0} Nat (nat_lit 2) (instOfNatNat (nat_lit 2)))
                    (@HSub.hSub.{0, 0, 0} Nat Nat Nat (@instHSub.{0} Nat instSubNat)
                      (@Prod.fst.{0, 0} Nat Nat (@Prod.mk.{0, 0} Nat Nat r q)) v))
                  (@HMul.hMul.{0, 0, 0} Nat Nat Nat (@instHMul.{0} Nat instMulNat)
                    (@OfNat.ofNat.{0} Nat (nat_lit 2) (instOfNatNat (nat_lit 2)))
                    (@HAdd.hAdd.{0, 0, 0} Nat Nat Nat (@instHAdd.{0} Nat instAddNat)
                      (@Prod.snd.{0, 0} Nat Nat (@Prod.mk.{0, 0} Nat Nat r q))
                      (@OfNat.ofNat.{0} Nat (nat_lit 1) (instOfNatNat (nat_lit 1)))))))
              (@HMul.hMul.{0, 0, 0} Nat Nat Nat (@instHMul.{0} Nat instMulNat)
                (@OfNat.ofNat.{0} Nat (nat_lit 2) (instOfNatNat (nat_lit 2))) v)))
          (@congrFun'.{1, 1} Nat Prop
            (@LT.lt.{0} Nat instLTNat
              (@Prod.fst.{0, 0} Nat Nat
                (@ite.{1} (Prod.{0, 0} Nat Nat)
                  (@LE.le.{0} Nat instLENat v (@Prod.fst.{0, 0} Nat Nat (@Prod.mk.{0, 0} Nat Nat r q)))
                  (Nat.decLe v (@Prod.fst.{0, 0} Nat Nat (@Prod.mk.{0, 0} Nat Nat r q)))
                  (@Prod.mk.{0, 0} Nat Nat
                    (@HMul.hMul.{0, 0, 0} Nat Nat Nat (@instHMul.{0} Nat instMulNat)
                      (@OfNat.ofNat.{0} Nat (nat_lit 2) (instOfNatNat (nat_lit 2)))
                      (@HSub.hSub.{0, 0, 0} Nat Nat Nat (@instHSub.{0} Nat instSubNat)
                        (@Prod.fst.{0, 0} Nat Nat (@Prod.mk.{0, 0} Nat Nat r q)) v))
                    (@HMul.hMul.{0, 0, 0} Nat Nat Nat (@instHMul.{0} Nat instMulNat)
                      (@OfNat.ofNat.{0} Nat (nat_lit 2) (instOfNatNat (nat_lit 2)))
                      (@HAdd.hAdd.{0, 0, 0} Nat Nat Nat (@instHAdd.{0} Nat instAddNat)
                        (@Prod.snd.{0, 0} Nat Nat (@Prod.mk.{0, 0} Nat Nat r q))
                        (@OfNat.ofNat.{0} Nat (nat_lit 1) (instOfNatNat (nat_lit 1))))))
                  (@Prod.mk.{0, 0} Nat Nat
                    (@HMul.hMul.{0, 0, 0} Nat Nat Nat (@instHMul.{0} Nat instMulNat)
                      (@OfNat.ofNat.{0} Nat (nat_lit 2) (instOfNatNat (nat_lit 2)))
                      (@Prod.fst.{0, 0} Nat Nat (@Prod.mk.{0, 0} Nat Nat r q)))
                    (@HMul.hMul.{0, 0, 0} Nat Nat Nat (@instHMul.{0} Nat instMulNat)
                      (@OfNat.ofNat.{0} Nat (nat_lit 2) (instOfNatNat (nat_lit 2)))
                      (@Prod.snd.{0, 0} Nat Nat (@Prod.mk.{0, 0} Nat Nat r q)))))))
            (@LT.lt.{0} Nat instLTNat
              (@Prod.fst.{0, 0} Nat Nat
                (@Prod.mk.{0, 0} Nat Nat
                  (@HMul.hMul.{0, 0, 0} Nat Nat Nat (@instHMul.{0} Nat instMulNat)
                    (@OfNat.ofNat.{0} Nat (nat_lit 2) (instOfNatNat (nat_lit 2)))
                    (@HSub.hSub.{0, 0, 0} Nat Nat Nat (@instHSub.{0} Nat instSubNat)
                      (@Prod.fst.{0, 0} Nat Nat (@Prod.mk.{0, 0} Nat Nat r q)) v))
                  (@HMul.hMul.{0, 0, 0} Nat Nat Nat (@instHMul.{0} Nat instMulNat)
                    (@OfNat.ofNat.{0} Nat (nat_lit 2) (instOfNatNat (nat_lit 2)))
                    (@HAdd.hAdd.{0, 0, 0} Nat Nat Nat (@instHAdd.{0} Nat instAddNat)
                      (@Prod.snd.{0, 0} Nat Nat (@Prod.mk.{0, 0} Nat Nat r q))
                      (@OfNat.ofNat.{0} Nat (nat_lit 1) (instOfNatNat (nat_lit 1))))))))
            (@congrArg.{1, 1} Nat (Nat → Prop)
              (@Prod.fst.{0, 0} Nat Nat
                (@ite.{1} (Prod.{0, 0} Nat Nat)
                  (@LE.le.{0} Nat instLENat v (@Prod.fst.{0, 0} Nat Nat (@Prod.mk.{0, 0} Nat Nat r q)))
                  (Nat.decLe v (@Prod.fst.{0, 0} Nat Nat (@Prod.mk.{0, 0} Nat Nat r q)))
                  (@Prod.mk.{0, 0} Nat Nat
                    (@HMul.hMul.{0, 0, 0} Nat Nat Nat (@instHMul.{0} Nat instMulNat)
                      (@OfNat.ofNat.{0} Nat (nat_lit 2) (instOfNatNat (nat_lit 2)))
                      (@HSub.hSub.{0, 0, 0} Nat Nat Nat (@instHSub.{0} Nat instSubNat)
                        (@Prod.fst.{0, 0} Nat Nat (@Prod.mk.{0, 0} Nat Nat r q)) v))
                    (@HMul.hMul.{0, 0, 0} Nat Nat Nat (@instHMul.{0} Nat instMulNat)
                      (@OfNat.ofNat.{0} Nat (nat_lit 2) (instOfNatNat (nat_lit 2)))
                      (@HAdd.hAdd.{0, 0, 0} Nat Nat Nat (@instHAdd.{0} Nat instAddNat)
                        (@Prod.snd.{0, 0} Nat Nat (@Prod.mk.{0, 0} Nat Nat r q))
                        (@OfNat.ofNat.{0} Nat (nat_lit 1) (instOfNatNat (nat_lit 1))))))
                  (@Prod.mk.{0, 0} Nat Nat
                    (@HMul.hMul.{0, 0, 0} Nat Nat Nat (@instHMul.{0} Nat instMulNat)
                      (@OfNat.ofNat.{0} Nat (nat_lit 2) (instOfNatNat (nat_lit 2)))
                      (@Prod.fst.{0, 0} Nat Nat (@Prod.mk.{0, 0} Nat Nat r q)))
                    (@HMul.hMul.{0, 0, 0} Nat Nat Nat (@instHMul.{0} Nat instMulNat)
                      (@OfNat.ofNat.{0} Nat (nat_lit 2) (instOfNatNat (nat_lit 2)))
                      (@Prod.snd.{0, 0} Nat Nat (@Prod.mk.{0, 0} Nat Nat r q))))))
              (@Prod.fst.{0, 0} Nat Nat
                (@Prod.mk.{0, 0} Nat Nat
                  (@HMul.hMul.{0, 0, 0} Nat Nat Nat (@instHMul.{0} Nat instMulNat)
                    (@OfNat.ofNat.{0} Nat (nat_lit 2) (instOfNatNat (nat_lit 2)))
                    (@HSub.hSub.{0, 0, 0} Nat Nat Nat (@instHSub.{0} Nat instSubNat)
                      (@Prod.fst.{0, 0} Nat Nat (@Prod.mk.{0, 0} Nat Nat r q)) v))
                  (@HMul.hMul.{0, 0, 0} Nat Nat Nat (@instHMul.{0} Nat instMulNat)
                    (@OfNat.ofNat.{0} Nat (nat_lit 2) (instOfNatNat (nat_lit 2)))
                    (@HAdd.hAdd.{0, 0, 0} Nat Nat Nat (@instHAdd.{0} Nat instAddNat)
                      (@Prod.snd.{0, 0} Nat Nat (@Prod.mk.{0, 0} Nat Nat r q))
                      (@OfNat.ofNat.{0} Nat (nat_lit 1) (instOfNatNat (nat_lit 1)))))))
              (@LT.lt.{0} Nat instLTNat)
              (@congrArg.{1, 1} (Prod.{0, 0} Nat Nat) Nat
                (@ite.{1} (Prod.{0, 0} Nat Nat)
                  (@LE.le.{0} Nat instLENat v (@Prod.fst.{0, 0} Nat Nat (@Prod.mk.{0, 0} Nat Nat r q)))
                  (Nat.decLe v (@Prod.fst.{0, 0} Nat Nat (@Prod.mk.{0, 0} Nat Nat r q)))
                  (@Prod.mk.{0, 0} Nat Nat
                    (@HMul.hMul.{0, 0, 0} Nat Nat Nat (@instHMul.{0} Nat instMulNat)
                      (@OfNat.ofNat.{0} Nat (nat_lit 2) (instOfNatNat (nat_lit 2)))
                      (@HSub.hSub.{0, 0, 0} Nat Nat Nat (@instHSub.{0} Nat instSubNat)
                        (@Prod.fst.{0, 0} Nat Nat (@Prod.mk.{0, 0} Nat Nat r q)) v))
                    (@HMul.hMul.{0, 0, 0} Nat Nat Nat (@instHMul.{0} Nat instMulNat)
                      (@OfNat.ofNat.{0} Nat (nat_lit 2) (instOfNatNat (nat_lit 2)))
                      (@HAdd.hAdd.{0, 0, 0} Nat Nat Nat (@instHAdd.{0} Nat instAddNat)
                        (@Prod.snd.{0, 0} Nat Nat (@Prod.mk.{0, 0} Nat Nat r q))
                        (@OfNat.ofNat.{0} Nat (nat_lit 1) (instOfNatNat (nat_lit 1))))))
                  (@Prod.mk.{0, 0} Nat Nat
                    (@HMul.hMul.{0, 0, 0} Nat Nat Nat (@instHMul.{0} Nat instMulNat)
                      (@OfNat.ofNat.{0} Nat (nat_lit 2) (instOfNatNat (nat_lit 2)))
                      (@Prod.fst.{0, 0} Nat Nat (@Prod.mk.{0, 0} Nat Nat r q)))
                    (@HMul.hMul.{0, 0, 0} Nat Nat Nat (@instHMul.{0} Nat instMulNat)
                      (@OfNat.ofNat.{0} Nat (nat_lit 2) (instOfNatNat (nat_lit 2)))
                      (@Prod.snd.{0, 0} Nat Nat (@Prod.mk.{0, 0} Nat Nat r q)))))
                (@Prod.mk.{0, 0} Nat Nat
                  (@HMul.hMul.{0, 0, 0} Nat Nat Nat (@instHMul.{0} Nat instMulNat)
                    (@OfNat.ofNat.{0} Nat (nat_lit 2) (instOfNatNat (nat_lit 2)))
                    (@HSub.hSub.{0, 0, 0} Nat Nat Nat (@instHSub.{0} Nat instSubNat)
                      (@Prod.fst.{0, 0} Nat Nat (@Prod.mk.{0, 0} Nat Nat r q)) v))
                  (@HMul.hMul.{0, 0, 0} Nat Nat Nat (@instHMul.{0} Nat instMulNat)
                    (@OfNat.ofNat.{0} Nat (nat_lit 2) (instOfNatNat (nat_lit 2)))
                    (@HAdd.hAdd.{0, 0, 0} Nat Nat Nat (@instHAdd.{0} Nat instAddNat)
                      (@Prod.snd.{0, 0} Nat Nat (@Prod.mk.{0, 0} Nat Nat r q))
                      (@OfNat.ofNat.{0} Nat (nat_lit 1) (instOfNatNat (nat_lit 1))))))
                (@Prod.fst.{0, 0} Nat Nat)
                (@ite_eq_left.{1} (@LE.le.{0} Nat instLENat v (@Prod.fst.{0, 0} Nat Nat (@Prod.mk.{0, 0} Nat Nat r q)))
                  (Nat.decLe v (@Prod.fst.{0, 0} Nat Nat (@Prod.mk.{0, 0} Nat Nat r q))) h (Prod.{0, 0} Nat Nat)
                  (@Prod.mk.{0, 0} Nat Nat
                    (@HMul.hMul.{0, 0, 0} Nat Nat Nat (@instHMul.{0} Nat instMulNat)
                      (@OfNat.ofNat.{0} Nat (nat_lit 2) (instOfNatNat (nat_lit 2)))
                      (@HSub.hSub.{0, 0, 0} Nat Nat Nat (@instHSub.{0} Nat instSubNat)
                        (@Prod.fst.{0, 0} Nat Nat (@Prod.mk.{0, 0} Nat Nat r q)) v))
                    (@HMul.hMul.{0, 0, 0} Nat Nat Nat (@instHMul.{0} Nat instMulNat)
                      (@OfNat.ofNat.{0} Nat (nat_lit 2) (instOfNatNat (nat_lit 2)))
                      (@HAdd.hAdd.{0, 0, 0} Nat Nat Nat (@instHAdd.{0} Nat instAddNat)
                        (@Prod.snd.{0, 0} Nat Nat (@Prod.mk.{0, 0} Nat Nat r q))
                        (@OfNat.ofNat.{0} Nat (nat_lit 1) (instOfNatNat (nat_lit 1))))))
                  (@Prod.mk.{0, 0} Nat Nat
                    (@HMul.hMul.{0, 0, 0} Nat Nat Nat (@instHMul.{0} Nat instMulNat)
                      (@OfNat.ofNat.{0} Nat (nat_lit 2) (instOfNatNat (nat_lit 2)))
                      (@Prod.fst.{0, 0} Nat Nat (@Prod.mk.{0, 0} Nat Nat r q)))
                    (@HMul.hMul.{0, 0, 0} Nat Nat Nat (@instHMul.{0} Nat instMulNat)
                      (@OfNat.ofNat.{0} Nat (nat_lit 2) (instOfNatNat (nat_lit 2)))
                      (@Prod.snd.{0, 0} Nat Nat (@Prod.mk.{0, 0} Nat Nat r q)))))))
            (@HMul.hMul.{0, 0, 0} Nat Nat Nat (@instHMul.{0} Nat instMulNat)
              (@OfNat.ofNat.{0} Nat (nat_lit 2) (instOfNatNat (nat_lit 2))) v)))
        (@Decidable.byContradiction
          (@LT.lt.{0} Nat instLTNat
            (@Prod.fst.{0, 0} Nat Nat
              (@Prod.mk.{0, 0} Nat Nat
                (@HMul.hMul.{0, 0, 0} Nat Nat Nat (@instHMul.{0} Nat instMulNat)
                  (@OfNat.ofNat.{0} Nat (nat_lit 2) (instOfNatNat (nat_lit 2)))
                  (@HSub.hSub.{0, 0, 0} Nat Nat Nat (@instHSub.{0} Nat instSubNat)
                    (@Prod.fst.{0, 0} Nat Nat (@Prod.mk.{0, 0} Nat Nat r q)) v))
                (@HMul.hMul.{0, 0, 0} Nat Nat Nat (@instHMul.{0} Nat instMulNat)
                  (@OfNat.ofNat.{0} Nat (nat_lit 2) (instOfNatNat (nat_lit 2)))
                  (@HAdd.hAdd.{0, 0, 0} Nat Nat Nat (@instHAdd.{0} Nat instAddNat)
                    (@Prod.snd.{0, 0} Nat Nat (@Prod.mk.{0, 0} Nat Nat r q))
                    (@OfNat.ofNat.{0} Nat (nat_lit 1) (instOfNatNat (nat_lit 1)))))))
            (@HMul.hMul.{0, 0, 0} Nat Nat Nat (@instHMul.{0} Nat instMulNat)
              (@OfNat.ofNat.{0} Nat (nat_lit 2) (instOfNatNat (nat_lit 2))) v))
          (Nat.decLt
            (@Prod.fst.{0, 0} Nat Nat
              (@Prod.mk.{0, 0} Nat Nat
                (@HMul.hMul.{0, 0, 0} Nat Nat Nat (@instHMul.{0} Nat instMulNat)
                  (@OfNat.ofNat.{0} Nat (nat_lit 2) (instOfNatNat (nat_lit 2)))
                  (@HSub.hSub.{0, 0, 0} Nat Nat Nat (@instHSub.{0} Nat instSubNat)
                    (@Prod.fst.{0, 0} Nat Nat (@Prod.mk.{0, 0} Nat Nat r q)) v))
                (@HMul.hMul.{0, 0, 0} Nat Nat Nat (@instHMul.{0} Nat instMulNat)
                  (@OfNat.ofNat.{0} Nat (nat_lit 2) (instOfNatNat (nat_lit 2)))
                  (@HAdd.hAdd.{0, 0, 0} Nat Nat Nat (@instHAdd.{0} Nat instAddNat)
                    (@Prod.snd.{0, 0} Nat Nat (@Prod.mk.{0, 0} Nat Nat r q))
                    (@OfNat.ofNat.{0} Nat (nat_lit 1) (instOfNatNat (nat_lit 1)))))))
            (@HMul.hMul.{0, 0, 0} Nat Nat Nat (@instHMul.{0} Nat instMulNat)
              (@OfNat.ofNat.{0} Nat (nat_lit 2) (instOfNatNat (nat_lit 2))) v))
          fun
            (a :
              Not
                (@LT.lt.{0} Nat instLTNat
                  (@Prod.fst.{0, 0} Nat Nat
                    (@Prod.mk.{0, 0} Nat Nat
                      (@HMul.hMul.{0, 0, 0} Nat Nat Nat (@instHMul.{0} Nat instMulNat)
                        (@OfNat.ofNat.{0} Nat (nat_lit 2) (instOfNatNat (nat_lit 2)))
                        (@HSub.hSub.{0, 0, 0} Nat Nat Nat (@instHSub.{0} Nat instSubNat)
                          (@Prod.fst.{0, 0} Nat Nat (@Prod.mk.{0, 0} Nat Nat r q)) v))
                      (@HMul.hMul.{0, 0, 0} Nat Nat Nat (@instHMul.{0} Nat instMulNat)
                        (@OfNat.ofNat.{0} Nat (nat_lit 2) (instOfNatNat (nat_lit 2)))
                        (@HAdd.hAdd.{0, 0, 0} Nat Nat Nat (@instHAdd.{0} Nat instAddNat)
                          (@Prod.snd.{0, 0} Nat Nat (@Prod.mk.{0, 0} Nat Nat r q))
                          (@OfNat.ofNat.{0} Nat (nat_lit 1) (instOfNatNat (nat_lit 1)))))))
                  (@HMul.hMul.{0, 0, 0} Nat Nat Nat (@instHMul.{0} Nat instMulNat)
                    (@OfNat.ofNat.{0} Nat (nat_lit 2) (instOfNatNat (nat_lit 2))) v))) =>
          RootLDL.step_range._proof_1_1 v r q hr h a))
RootLDL.step_invariant : ∀ (v r q : Nat),
  @Eq.{1} Nat
    (@HAdd.hAdd.{0, 0, 0} Nat Nat Nat (@instHAdd.{0} Nat instAddNat)
      (@Prod.fst.{0, 0} Nat Nat (RootLDL.step v (@Prod.mk.{0, 0} Nat Nat r q)))
      (@HMul.hMul.{0, 0, 0} Nat Nat Nat (@instHMul.{0} Nat instMulNat)
        (@Prod.snd.{0, 0} Nat Nat (RootLDL.step v (@Prod.mk.{0, 0} Nat Nat r q))) v))
    (@HMul.hMul.{0, 0, 0} Nat Nat Nat (@instHMul.{0} Nat instMulNat)
      (@OfNat.ofNat.{0} Nat (nat_lit 2) (instOfNatNat (nat_lit 2)))
      (@HAdd.hAdd.{0, 0, 0} Nat Nat Nat (@instHAdd.{0} Nat instAddNat) r
        (@HMul.hMul.{0, 0, 0} Nat Nat Nat (@instHMul.{0} Nat instMulNat) q v)))
theorem RootLDL.step_invariant : ∀ (v r q : Nat),
  @Eq.{1} Nat
    (@HAdd.hAdd.{0, 0, 0} Nat Nat Nat (@instHAdd.{0} Nat instAddNat)
      (@Prod.fst.{0, 0} Nat Nat (RootLDL.step v (@Prod.mk.{0, 0} Nat Nat r q)))
      (@HMul.hMul.{0, 0, 0} Nat Nat Nat (@instHMul.{0} Nat instMulNat)
        (@Prod.snd.{0, 0} Nat Nat (RootLDL.step v (@Prod.mk.{0, 0} Nat Nat r q))) v))
    (@HMul.hMul.{0, 0, 0} Nat Nat Nat (@instHMul.{0} Nat instMulNat)
      (@OfNat.ofNat.{0} Nat (nat_lit 2) (instOfNatNat (nat_lit 2)))
      (@HAdd.hAdd.{0, 0, 0} Nat Nat Nat (@instHAdd.{0} Nat instAddNat) r
        (@HMul.hMul.{0, 0, 0} Nat Nat Nat (@instHMul.{0} Nat instMulNat) q v))) :=
fun (v r q : ⋯) =>
  @id.{0}
    (@Eq.{1} Nat
      (@HAdd.hAdd.{0, 0, 0} Nat Nat Nat (@instHAdd.{0} Nat instAddNat)
        (@Prod.fst.{0, 0} Nat Nat (RootLDL.step v (@Prod.mk.{0, 0} Nat Nat r q)))
        (@HMul.hMul.{0, 0, 0} Nat Nat Nat (@instHMul.{0} Nat instMulNat)
          (@Prod.snd.{0, 0} Nat Nat (RootLDL.step v (@Prod.mk.{0, 0} Nat Nat r q))) v))
      (@HMul.hMul.{0, 0, 0} Nat Nat Nat (@instHMul.{0} Nat instMulNat)
        (@OfNat.ofNat.{0} Nat (nat_lit 2) (instOfNatNat (nat_lit 2)))
        (@HAdd.hAdd.{0, 0, 0} Nat Nat Nat (@instHAdd.{0} Nat instAddNat) r
          (@HMul.hMul.{0, 0, 0} Nat Nat Nat (@instHMul.{0} Nat instMulNat) q v))))
    (@Decidable.casesOn.{0} (@LE.le.{0} Nat instLENat v (@Prod.fst.{0, 0} Nat Nat (@Prod.mk.{0, 0} Nat Nat r q)))
      (fun (x : Decidable (@LE.le.{0} Nat instLENat v (@Prod.fst.{0, 0} Nat Nat (@Prod.mk.{0, 0} Nat Nat r q)))) =>
        @Eq.{1} Nat
          (@HAdd.hAdd.{0, 0, 0} Nat Nat Nat (@instHAdd.{0} Nat instAddNat)
            (@Prod.fst.{0, 0} Nat Nat
              (@ite.{1} (Prod.{0, 0} Nat Nat)
                (@LE.le.{0} Nat instLENat v (@Prod.fst.{0, 0} Nat Nat (@Prod.mk.{0, 0} Nat Nat r q)))
                (Nat.decLe v (@Prod.fst.{0, 0} Nat Nat (@Prod.mk.{0, 0} Nat Nat r q)))
                (@Prod.mk.{0, 0} Nat Nat
                  (@HMul.hMul.{0, 0, 0} Nat Nat Nat (@instHMul.{0} Nat instMulNat)
                    (@OfNat.ofNat.{0} Nat (nat_lit 2) (instOfNatNat (nat_lit 2)))
                    (@HSub.hSub.{0, 0, 0} Nat Nat Nat (@instHSub.{0} Nat instSubNat)
                      (@Prod.fst.{0, 0} Nat Nat (@Prod.mk.{0, 0} Nat Nat r q)) v))
                  (@HMul.hMul.{0, 0, 0} Nat Nat Nat (@instHMul.{0} Nat instMulNat)
                    (@OfNat.ofNat.{0} Nat (nat_lit 2) (instOfNatNat (nat_lit 2)))
                    (@HAdd.hAdd.{0, 0, 0} Nat Nat Nat (@instHAdd.{0} Nat instAddNat)
                      (@Prod.snd.{0, 0} Nat Nat (@Prod.mk.{0, 0} Nat Nat r q))
                      (@OfNat.ofNat.{0} Nat (nat_lit 1) (instOfNatNat (nat_lit 1))))))
                (@Prod.mk.{0, 0} Nat Nat
                  (@HMul.hMul.{0, 0, 0} Nat Nat Nat (@instHMul.{0} Nat instMulNat)
                    (@OfNat.ofNat.{0} Nat (nat_lit 2) (instOfNatNat (nat_lit 2)))
                    (@Prod.fst.{0, 0} Nat Nat (@Prod.mk.{0, 0} Nat Nat r q)))
                  (@HMul.hMul.{0, 0, 0} Nat Nat Nat (@instHMul.{0} Nat instMulNat)
                    (@OfNat.ofNat.{0} Nat (nat_lit 2) (instOfNatNat (nat_lit 2)))
                    (@Prod.snd.{0, 0} Nat Nat (@Prod.mk.{0, 0} Nat Nat r q))))))
            (@HMul.hMul.{0, 0, 0} Nat Nat Nat (@instHMul.{0} Nat instMulNat)
              (@Prod.snd.{0, 0} Nat Nat
                (@ite.{1} (Prod.{0, 0} Nat Nat)
                  (@LE.le.{0} Nat instLENat v (@Prod.fst.{0, 0} Nat Nat (@Prod.mk.{0, 0} Nat Nat r q)))
                  (Nat.decLe v (@Prod.fst.{0, 0} Nat Nat (@Prod.mk.{0, 0} Nat Nat r q)))
                  (@Prod.mk.{0, 0} Nat Nat
                    (@HMul.hMul.{0, 0, 0} Nat Nat Nat (@instHMul.{0} Nat instMulNat)
                      (@OfNat.ofNat.{0} Nat (nat_lit 2) (instOfNatNat (nat_lit 2)))
                      (@HSub.hSub.{0, 0, 0} Nat Nat Nat (@instHSub.{0} Nat instSubNat)
                        (@Prod.fst.{0, 0} Nat Nat (@Prod.mk.{0, 0} Nat Nat r q)) v))
                    (@HMul.hMul.{0, 0, 0} Nat Nat Nat (@instHMul.{0} Nat instMulNat)
                      (@OfNat.ofNat.{0} Nat (nat_lit 2) (instOfNatNat (nat_lit 2)))
                      (@HAdd.hAdd.{0, 0, 0} Nat Nat Nat (@instHAdd.{0} Nat instAddNat)
                        (@Prod.snd.{0, 0} Nat Nat (@Prod.mk.{0, 0} Nat Nat r q))
                        (@OfNat.ofNat.{0} Nat (nat_lit 1) (instOfNatNat (nat_lit 1))))))
                  (@Prod.mk.{0, 0} Nat Nat
                    (@HMul.hMul.{0, 0, 0} Nat Nat Nat (@instHMul.{0} Nat instMulNat)
                      (@OfNat.ofNat.{0} Nat (nat_lit 2) (instOfNatNat (nat_lit 2)))
                      (@Prod.fst.{0, 0} Nat Nat (@Prod.mk.{0, 0} Nat Nat r q)))
                    (@HMul.hMul.{0, 0, 0} Nat Nat Nat (@instHMul.{0} Nat instMulNat)
                      (@OfNat.ofNat.{0} Nat (nat_lit 2) (instOfNatNat (nat_lit 2)))
                      (@Prod.snd.{0, 0} Nat Nat (@Prod.mk.{0, 0} Nat Nat r q))))))
              v))
          (@HMul.hMul.{0, 0, 0} Nat Nat Nat (@instHMul.{0} Nat instMulNat)
            (@OfNat.ofNat.{0} Nat (nat_lit 2) (instOfNatNat (nat_lit 2)))
            (@HAdd.hAdd.{0, 0, 0} Nat Nat Nat (@instHAdd.{0} Nat instAddNat) r
              (@HMul.hMul.{0, 0, 0} Nat Nat Nat (@instHMul.{0} Nat instMulNat) q v))))
      (Nat.decLe v (@Prod.fst.{0, 0} Nat Nat (@Prod.mk.{0, 0} Nat Nat r q)))
      (fun (h : Not (@LE.le.{0} Nat instLENat v (@Prod.fst.{0, 0} Nat Nat (@Prod.mk.{0, 0} Nat Nat r q)))) =>
        @Eq.mpr.{0}
          (@Eq.{1} Nat
            (@HAdd.hAdd.{0, 0, 0} Nat Nat Nat (@instHAdd.{0} Nat instAddNat)
              (@Prod.fst.{0, 0} Nat Nat
                (@ite.{1} (Prod.{0, 0} Nat Nat)
                  (@LE.le.{0} Nat instLENat v (@Prod.fst.{0, 0} Nat Nat (@Prod.mk.{0, 0} Nat Nat r q)))
                  (Nat.decLe v (@Prod.fst.{0, 0} Nat Nat (@Prod.mk.{0, 0} Nat Nat r q)))
                  (@Prod.mk.{0, 0} Nat Nat
                    (@HMul.hMul.{0, 0, 0} Nat Nat Nat (@instHMul.{0} Nat instMulNat)
                      (@OfNat.ofNat.{0} Nat (nat_lit 2) (instOfNatNat (nat_lit 2)))
                      (@HSub.hSub.{0, 0, 0} Nat Nat Nat (@instHSub.{0} Nat instSubNat)
                        (@Prod.fst.{0, 0} Nat Nat (@Prod.mk.{0, 0} Nat Nat r q)) v))
                    (@HMul.hMul.{0, 0, 0} Nat Nat Nat (@instHMul.{0} Nat instMulNat)
                      (@OfNat.ofNat.{0} Nat (nat_lit 2) (instOfNatNat (nat_lit 2)))
                      (@HAdd.hAdd.{0, 0, 0} Nat Nat Nat (@instHAdd.{0} Nat instAddNat)
                        (@Prod.snd.{0, 0} Nat Nat (@Prod.mk.{0, 0} Nat Nat r q))
                        (@OfNat.ofNat.{0} Nat (nat_lit 1) (instOfNatNat (nat_lit 1))))))
                  (@Prod.mk.{0, 0} Nat Nat
                    (@HMul.hMul.{0, 0, 0} Nat Nat Nat (@instHMul.{0} Nat instMulNat)
                      (@OfNat.ofNat.{0} Nat (nat_lit 2) (instOfNatNat (nat_lit 2)))
                      (@Prod.fst.{0, 0} Nat Nat (@Prod.mk.{0, 0} Nat Nat r q)))
                    (@HMul.hMul.{0, 0, 0} Nat Nat Nat (@instHMul.{0} Nat instMulNat)
                      (@OfNat.ofNat.{0} Nat (nat_lit 2) (instOfNatNat (nat_lit 2)))
                      (@Prod.snd.{0, 0} Nat Nat (@Prod.mk.{0, 0} Nat Nat r q))))))
              (@HMul.hMul.{0, 0, 0} Nat Nat Nat (@instHMul.{0} Nat instMulNat)
                (@Prod.snd.{0, 0} Nat Nat
                  (@ite.{1} (Prod.{0, 0} Nat Nat)
                    (@LE.le.{0} Nat instLENat v (@Prod.fst.{0, 0} Nat Nat (@Prod.mk.{0, 0} Nat Nat r q)))
                    (Nat.decLe v (@Prod.fst.{0, 0} Nat Nat (@Prod.mk.{0, 0} Nat Nat r q)))
                    (@Prod.mk.{0, 0} Nat Nat
                      (@HMul.hMul.{0, 0, 0} Nat Nat Nat (@instHMul.{0} Nat instMulNat)
                        (@OfNat.ofNat.{0} Nat (nat_lit 2) (instOfNatNat (nat_lit 2)))
                        (@HSub.hSub.{0, 0, 0} Nat Nat Nat (@instHSub.{0} Nat instSubNat)
                          (@Prod.fst.{0, 0} Nat Nat (@Prod.mk.{0, 0} Nat Nat r q)) v))
                      (@HMul.hMul.{0, 0, 0} Nat Nat Nat (@instHMul.{0} Nat instMulNat)
                        (@OfNat.ofNat.{0} Nat (nat_lit 2) (instOfNatNat (nat_lit 2)))
                        (@HAdd.hAdd.{0, 0, 0} Nat Nat Nat (@instHAdd.{0} Nat instAddNat)
                          (@Prod.snd.{0, 0} Nat Nat (@Prod.mk.{0, 0} Nat Nat r q))
                          (@OfNat.ofNat.{0} Nat (nat_lit 1) (instOfNatNat (nat_lit 1))))))
                    (@Prod.mk.{0, 0} Nat Nat
                      (@HMul.hMul.{0, 0, 0} Nat Nat Nat (@instHMul.{0} Nat instMulNat)
                        (@OfNat.ofNat.{0} Nat (nat_lit 2) (instOfNatNat (nat_lit 2)))
                        (@Prod.fst.{0, 0} Nat Nat (@Prod.mk.{0, 0} Nat Nat r q)))
                      (@HMul.hMul.{0, 0, 0} Nat Nat Nat (@instHMul.{0} Nat instMulNat)
                        (@OfNat.ofNat.{0} Nat (nat_lit 2) (instOfNatNat (nat_lit 2)))
                        (@Prod.snd.{0, 0} Nat Nat (@Prod.mk.{0, 0} Nat Nat r q))))))
                v))
            (@HMul.hMul.{0, 0, 0} Nat Nat Nat (@instHMul.{0} Nat instMulNat)
              (@OfNat.ofNat.{0} Nat (nat_lit 2) (instOfNatNat (nat_lit 2)))
              (@HAdd.hAdd.{0, 0, 0} Nat Nat Nat (@instHAdd.{0} Nat instAddNat) r
                (@HMul.hMul.{0, 0, 0} Nat Nat Nat (@instHMul.{0} Nat instMulNat) q v))))
          (@Eq.{1} Nat
            (@HAdd.hAdd.{0, 0, 0} Nat Nat Nat (@instHAdd.{0} Nat instAddNat)
              (@Prod.fst.{0, 0} Nat Nat
                (@Prod.mk.{0, 0} Nat Nat
                  (@HMul.hMul.{0, 0, 0} Nat Nat Nat (@instHMul.{0} Nat instMulNat)
                    (@OfNat.ofNat.{0} Nat (nat_lit 2) (instOfNatNat (nat_lit 2)))
                    (@Prod.fst.{0, 0} Nat Nat (@Prod.mk.{0, 0} Nat Nat r q)))
                  (@HMul.hMul.{0, 0, 0} Nat Nat Nat (@instHMul.{0} Nat instMulNat)
                    (@OfNat.ofNat.{0} Nat (nat_lit 2) (instOfNatNat (nat_lit 2)))
                    (@Prod.snd.{0, 0} Nat Nat (@Prod.mk.{0, 0} Nat Nat r q)))))
              (@HMul.hMul.{0, 0, 0} Nat Nat Nat (@instHMul.{0} Nat instMulNat)
                (@Prod.snd.{0, 0} Nat Nat
                  (@Prod.mk.{0, 0} Nat Nat
                    (@HMul.hMul.{0, 0, 0} Nat Nat Nat (@instHMul.{0} Nat instMulNat)
                      (@OfNat.ofNat.{0} Nat (nat_lit 2) (instOfNatNat (nat_lit 2)))
                      (@Prod.fst.{0, 0} Nat Nat (@Prod.mk.{0, 0} Nat Nat r q)))
                    (@HMul.hMul.{0, 0, 0} Nat Nat Nat (@instHMul.{0} Nat instMulNat)
                      (@OfNat.ofNat.{0} Nat (nat_lit 2) (instOfNatNat (nat_lit 2)))
                      (@Prod.snd.{0, 0} Nat Nat (@Prod.mk.{0, 0} Nat Nat r q)))))
                v))
            (@HMul.hMul.{0, 0, 0} Nat Nat Nat (@instHMul.{0} Nat instMulNat)
              (@OfNat.ofNat.{0} Nat (nat_lit 2) (instOfNatNat (nat_lit 2)))
              (@HAdd.hAdd.{0, 0, 0} Nat Nat Nat (@instHAdd.{0} Nat instAddNat) r
                (@HMul.hMul.{0, 0, 0} Nat Nat Nat (@instHMul.{0} Nat instMulNat) q v))))
          (@id.{0}
            (@Eq.{1} Prop
              (@Eq.{1} Nat
                (@HAdd.hAdd.{0, 0, 0} Nat Nat Nat (@instHAdd.{0} Nat instAddNat)
                  (@Prod.fst.{0, 0} Nat Nat
                    (@ite.{1} (Prod.{0, 0} Nat Nat)
                      (@LE.le.{0} Nat instLENat v (@Prod.fst.{0, 0} Nat Nat (@Prod.mk.{0, 0} Nat Nat r q)))
                      (Nat.decLe v (@Prod.fst.{0, 0} Nat Nat (@Prod.mk.{0, 0} Nat Nat r q)))
                      (@Prod.mk.{0, 0} Nat Nat
                        (@HMul.hMul.{0, 0, 0} Nat Nat Nat (@instHMul.{0} Nat instMulNat)
                          (@OfNat.ofNat.{0} Nat (nat_lit 2) (instOfNatNat (nat_lit 2)))
                          (@HSub.hSub.{0, 0, 0} Nat Nat Nat (@instHSub.{0} Nat instSubNat)
                            (@Prod.fst.{0, 0} Nat Nat (@Prod.mk.{0, 0} Nat Nat r q)) v))
                        (@HMul.hMul.{0, 0, 0} Nat Nat Nat (@instHMul.{0} Nat instMulNat)
                          (@OfNat.ofNat.{0} Nat (nat_lit 2) (instOfNatNat (nat_lit 2)))
                          (@HAdd.hAdd.{0, 0, 0} Nat Nat Nat (@instHAdd.{0} Nat instAddNat)
                            (@Prod.snd.{0, 0} Nat Nat (@Prod.mk.{0, 0} Nat Nat r q))
                            (@OfNat.ofNat.{0} Nat (nat_lit 1) (instOfNatNat (nat_lit 1))))))
                      (@Prod.mk.{0, 0} Nat Nat
                        (@HMul.hMul.{0, 0, 0} Nat Nat Nat (@instHMul.{0} Nat instMulNat)
                          (@OfNat.ofNat.{0} Nat (nat_lit 2) (instOfNatNat (nat_lit 2)))
                          (@Prod.fst.{0, 0} Nat Nat (@Prod.mk.{0, 0} Nat Nat r q)))
                        (@HMul.hMul.{0, 0, 0} Nat Nat Nat (@instHMul.{0} Nat instMulNat)
                          (@OfNat.ofNat.{0} Nat (nat_lit 2) (instOfNatNat (nat_lit 2)))
                          (@Prod.snd.{0, 0} Nat Nat (@Prod.mk.{0, 0} Nat Nat r q))))))
                  (@HMul.hMul.{0, 0, 0} Nat Nat Nat (@instHMul.{0} Nat instMulNat)
                    (@Prod.snd.{0, 0} Nat Nat
                      (@ite.{1} (Prod.{0, 0} Nat Nat)
                        (@LE.le.{0} Nat instLENat v (@Prod.fst.{0, 0} Nat Nat (@Prod.mk.{0, 0} Nat Nat r q)))
                        (Nat.decLe v (@Prod.fst.{0, 0} Nat Nat (@Prod.mk.{0, 0} Nat Nat r q)))
                        (@Prod.mk.{0, 0} Nat Nat
                          (@HMul.hMul.{0, 0, 0} Nat Nat Nat (@instHMul.{0} Nat instMulNat)
                            (@OfNat.ofNat.{0} Nat (nat_lit 2) (instOfNatNat (nat_lit 2)))
                            (@HSub.hSub.{0, 0, 0} Nat Nat Nat (@instHSub.{0} Nat instSubNat)
                              (@Prod.fst.{0, 0} Nat Nat (@Prod.mk.{0, 0} Nat Nat r q)) v))
                          (@HMul.hMul.{0, 0, 0} Nat Nat Nat (@instHMul.{0} Nat instMulNat)
                            (@OfNat.ofNat.{0} Nat (nat_lit 2) (instOfNatNat (nat_lit 2)))
                            (@HAdd.hAdd.{0, 0, 0} Nat Nat Nat (@instHAdd.{0} Nat instAddNat)
                              (@Prod.snd.{0, 0} Nat Nat (@Prod.mk.{0, 0} Nat Nat r q))
                              (@OfNat.ofNat.{0} Nat (nat_lit 1) (instOfNatNat (nat_lit 1))))))
                        (@Prod.mk.{0, 0} Nat Nat
                          (@HMul.hMul.{0, 0, 0} Nat Nat Nat (@instHMul.{0} Nat instMulNat)
                            (@OfNat.ofNat.{0} Nat (nat_lit 2) (instOfNatNat (nat_lit 2)))
                            (@Prod.fst.{0, 0} Nat Nat (@Prod.mk.{0, 0} Nat Nat r q)))
                          (@HMul.hMul.{0, 0, 0} Nat Nat Nat (@instHMul.{0} Nat instMulNat)
                            (@OfNat.ofNat.{0} Nat (nat_lit 2) (instOfNatNat (nat_lit 2)))
                            (@Prod.snd.{0, 0} Nat Nat (@Prod.mk.{0, 0} Nat Nat r q))))))
                    v))
                (@HMul.hMul.{0, 0, 0} Nat Nat Nat (@instHMul.{0} Nat instMulNat)
                  (@OfNat.ofNat.{0} Nat (nat_lit 2) (instOfNatNat (nat_lit 2)))
                  (@HAdd.hAdd.{0, 0, 0} Nat Nat Nat (@instHAdd.{0} Nat instAddNat) r
                    (@HMul.hMul.{0, 0, 0} Nat Nat Nat (@instHMul.{0} Nat instMulNat) q v))))
              (@Eq.{1} Nat
                (@HAdd.hAdd.{0, 0, 0} Nat Nat Nat (@instHAdd.{0} Nat instAddNat)
                  (@Prod.fst.{0, 0} Nat Nat
                    (@Prod.mk.{0, 0} Nat Nat
                      (@HMul.hMul.{0, 0, 0} Nat Nat Nat (@instHMul.{0} Nat instMulNat)
                        (@OfNat.ofNat.{0} Nat (nat_lit 2) (instOfNatNat (nat_lit 2)))
                        (@Prod.fst.{0, 0} Nat Nat (@Prod.mk.{0, 0} Nat Nat r q)))
                      (@HMul.hMul.{0, 0, 0} Nat Nat Nat (@instHMul.{0} Nat instMulNat)
                        (@OfNat.ofNat.{0} Nat (nat_lit 2) (instOfNatNat (nat_lit 2)))
                        (@Prod.snd.{0, 0} Nat Nat (@Prod.mk.{0, 0} Nat Nat r q)))))
                  (@HMul.hMul.{0, 0, 0} Nat Nat Nat (@instHMul.{0} Nat instMulNat)
                    (@Prod.snd.{0, 0} Nat Nat
                      (@Prod.mk.{0, 0} Nat Nat
                        (@HMul.hMul.{0, 0, 0} Nat Nat Nat (@instHMul.{0} Nat instMulNat)
                          (@OfNat.ofNat.{0} Nat (nat_lit 2) (instOfNatNat (nat_lit 2)))
                          (@Prod.fst.{0, 0} Nat Nat (@Prod.mk.{0, 0} Nat Nat r q)))
                        (@HMul.hMul.{0, 0, 0} Nat Nat Nat (@instHMul.{0} Nat instMulNat)
                          (@OfNat.ofNat.{0} Nat (nat_lit 2) (instOfNatNat (nat_lit 2)))
                          (@Prod.snd.{0, 0} Nat Nat (@Prod.mk.{0, 0} Nat Nat r q)))))
                    v))
                (@HMul.hMul.{0, 0, 0} Nat Nat Nat (@instHMul.{0} Nat instMulNat)
                  (@OfNat.ofNat.{0} Nat (nat_lit 2) (instOfNatNat (nat_lit 2)))
                  (@HAdd.hAdd.{0, 0, 0} Nat Nat Nat (@instHAdd.{0} Nat instAddNat) r
                    (@HMul.hMul.{0, 0, 0} Nat Nat Nat (@instHMul.{0} Nat instMulNat) q v)))))
            (@congrFun'.{1, 1} Nat Prop
              (@Eq.{1} Nat
                (@HAdd.hAdd.{0, 0, 0} Nat Nat Nat (@instHAdd.{0} Nat instAddNat)
                  (@Prod.fst.{0, 0} Nat Nat
                    (@ite.{1} (Prod.{0, 0} Nat Nat)
                      (@LE.le.{0} Nat instLENat v (@Prod.fst.{0, 0} Nat Nat (@Prod.mk.{0, 0} Nat Nat r q)))
                      (Nat.decLe v (@Prod.fst.{0, 0} Nat Nat (@Prod.mk.{0, 0} Nat Nat r q)))
                      (@Prod.mk.{0, 0} Nat Nat
                        (@HMul.hMul.{0, 0, 0} Nat Nat Nat (@instHMul.{0} Nat instMulNat)
                          (@OfNat.ofNat.{0} Nat (nat_lit 2) (instOfNatNat (nat_lit 2)))
                          (@HSub.hSub.{0, 0, 0} Nat Nat Nat (@instHSub.{0} Nat instSubNat)
                            (@Prod.fst.{0, 0} Nat Nat (@Prod.mk.{0, 0} Nat Nat r q)) v))
                        (@HMul.hMul.{0, 0, 0} Nat Nat Nat (@instHMul.{0} Nat instMulNat)
                          (@OfNat.ofNat.{0} Nat (nat_lit 2) (instOfNatNat (nat_lit 2)))
                          (@HAdd.hAdd.{0, 0, 0} Nat Nat Nat (@instHAdd.{0} Nat instAddNat)
                            (@Prod.snd.{0, 0} Nat Nat (@Prod.mk.{0, 0} Nat Nat r q))
                            (@OfNat.ofNat.{0} Nat (nat_lit 1) (instOfNatNat (nat_lit 1))))))
                      (@Prod.mk.{0, 0} Nat Nat
                        (@HMul.hMul.{0, 0, 0} Nat Nat Nat (@instHMul.{0} Nat instMulNat)
                          (@OfNat.ofNat.{0} Nat (nat_lit 2) (instOfNatNat (nat_lit 2)))
                          (@Prod.fst.{0, 0} Nat Nat (@Prod.mk.{0, 0} Nat Nat r q)))
                        (@HMul.hMul.{0, 0, 0} Nat Nat Nat (@instHMul.{0} Nat instMulNat)
                          (@OfNat.ofNat.{0} Nat (nat_lit 2) (instOfNatNat (nat_lit 2)))
                          (@Prod.snd.{0, 0} Nat Nat (@Prod.mk.{0, 0} Nat Nat r q))))))
                  (@HMul.hMul.{0, 0, 0} Nat Nat Nat (@instHMul.{0} Nat instMulNat)
                    (@Prod.snd.{0, 0} Nat Nat
                      (@ite.{1} (Prod.{0, 0} Nat Nat)
                        (@LE.le.{0} Nat instLENat v (@Prod.fst.{0, 0} Nat Nat (@Prod.mk.{0, 0} Nat Nat r q)))
                        (Nat.decLe v (@Prod.fst.{0, 0} Nat Nat (@Prod.mk.{0, 0} Nat Nat r q)))
                        (@Prod.mk.{0, 0} Nat Nat
                          (@HMul.hMul.{0, 0, 0} Nat Nat Nat (@instHMul.{0} Nat instMulNat)
                            (@OfNat.ofNat.{0} Nat (nat_lit 2) (instOfNatNat (nat_lit 2)))
                            (@HSub.hSub.{0, 0, 0} Nat Nat Nat (@instHSub.{0} Nat instSubNat)
                              (@Prod.fst.{0, 0} Nat Nat (@Prod.mk.{0, 0} Nat Nat r q)) v))
                          (@HMul.hMul.{0, 0, 0} Nat Nat Nat (@instHMul.{0} Nat instMulNat)
                            (@OfNat.ofNat.{0} Nat (nat_lit 2) (instOfNatNat (nat_lit 2)))
                            (@HAdd.hAdd.{0, 0, 0} Nat Nat Nat (@instHAdd.{0} Nat instAddNat)
                              (@Prod.snd.{0, 0} Nat Nat (@Prod.mk.{0, 0} Nat Nat r q))
                              (@OfNat.ofNat.{0} Nat (nat_lit 1) (instOfNatNat (nat_lit 1))))))
                        (@Prod.mk.{0, 0} Nat Nat
                          (@HMul.hMul.{0, 0, 0} Nat Nat Nat (@instHMul.{0} Nat instMulNat)
                            (@OfNat.ofNat.{0} Nat (nat_lit 2) (instOfNatNat (nat_lit 2)))
                            (@Prod.fst.{0, 0} Nat Nat (@Prod.mk.{0, 0} Nat Nat r q)))
                          (@HMul.hMul.{0, 0, 0} Nat Nat Nat (@instHMul.{0} Nat instMulNat)
                            (@OfNat.ofNat.{0} Nat (nat_lit 2) (instOfNatNat (nat_lit 2)))
                            (@Prod.snd.{0, 0} Nat Nat (@Prod.mk.{0, 0} Nat Nat r q))))))
                    v)))
              (@Eq.{1} Nat
                (@HAdd.hAdd.{0, 0, 0} Nat Nat Nat (@instHAdd.{0} Nat instAddNat)
                  (@Prod.fst.{0, 0} Nat Nat
                    (@Prod.mk.{0, 0} Nat Nat
                      (@HMul.hMul.{0, 0, 0} Nat Nat Nat (@instHMul.{0} Nat instMulNat)
                        (@OfNat.ofNat.{0} Nat (nat_lit 2) (instOfNatNat (nat_lit 2)))
                        (@Prod.fst.{0, 0} Nat Nat (@Prod.mk.{0, 0} Nat Nat r q)))
                      (@HMul.hMul.{0, 0, 0} Nat Nat Nat (@instHMul.{0} Nat instMulNat)
                        (@OfNat.ofNat.{0} Nat (nat_lit 2) (instOfNatNat (nat_lit 2)))
                        (@Prod.snd.{0, 0} Nat Nat (@Prod.mk.{0, 0} Nat Nat r q)))))
                  (@HMul.hMul.{0, 0, 0} Nat Nat Nat (@instHMul.{0} Nat instMulNat)
                    (@Prod.snd.{0, 0} Nat Nat
                      (@Prod.mk.{0, 0} Nat Nat
                        (@HMul.hMul.{0, 0, 0} Nat Nat Nat (@instHMul.{0} Nat instMulNat)
                          (@OfNat.ofNat.{0} Nat (nat_lit 2) (instOfNatNat (nat_lit 2)))
                          (@Prod.fst.{0, 0} Nat Nat (@Prod.mk.{0, 0} Nat Nat r q)))
                        (@HMul.hMul.{0, 0, 0} Nat Nat Nat (@instHMul.{0} Nat instMulNat)
                          (@OfNat.ofNat.{0} Nat (nat_lit 2) (instOfNatNat (nat_lit 2)))
                          (@Prod.snd.{0, 0} Nat Nat (@Prod.mk.{0, 0} Nat Nat r q)))))
                    v)))
              (@congrArg.{1, 1} Nat (Nat → Prop)
                (@HAdd.hAdd.{0, 0, 0} Nat Nat Nat (@instHAdd.{0} Nat instAddNat)
                  (@Prod.fst.{0, 0} Nat Nat
                    (@ite.{1} (Prod.{0, 0} Nat Nat)
                      (@LE.le.{0} Nat instLENat v (@Prod.fst.{0, 0} Nat Nat (@Prod.mk.{0, 0} Nat Nat r q)))
                      (Nat.decLe v (@Prod.fst.{0, 0} Nat Nat (@Prod.mk.{0, 0} Nat Nat r q)))
                      (@Prod.mk.{0, 0} Nat Nat
                        (@HMul.hMul.{0, 0, 0} Nat Nat Nat (@instHMul.{0} Nat instMulNat)
                          (@OfNat.ofNat.{0} Nat (nat_lit 2) (instOfNatNat (nat_lit 2)))
                          (@HSub.hSub.{0, 0, 0} Nat Nat Nat (@instHSub.{0} Nat instSubNat)
                            (@Prod.fst.{0, 0} Nat Nat (@Prod.mk.{0, 0} Nat Nat r q)) v))
                        (@HMul.hMul.{0, 0, 0} Nat Nat Nat (@instHMul.{0} Nat instMulNat)
                          (@OfNat.ofNat.{0} Nat (nat_lit 2) (instOfNatNat (nat_lit 2)))
                          (@HAdd.hAdd.{0, 0, 0} Nat Nat Nat (@instHAdd.{0} Nat instAddNat)
                            (@Prod.snd.{0, 0} Nat Nat (@Prod.mk.{0, 0} Nat Nat r q))
                            (@OfNat.ofNat.{0} Nat (nat_lit 1) (instOfNatNat (nat_lit 1))))))
                      (@Prod.mk.{0, 0} Nat Nat
                        (@HMul.hMul.{0, 0, 0} Nat Nat Nat (@instHMul.{0} Nat instMulNat)
                          (@OfNat.ofNat.{0} Nat (nat_lit 2) (instOfNatNat (nat_lit 2)))
                          (@Prod.fst.{0, 0} Nat Nat (@Prod.mk.{0, 0} Nat Nat r q)))
                        (@HMul.hMul.{0, 0, 0} Nat Nat Nat (@instHMul.{0} Nat instMulNat)
                          (@OfNat.ofNat.{0} Nat (nat_lit 2) (instOfNatNat (nat_lit 2)))
                          (@Prod.snd.{0, 0} Nat Nat (@Prod.mk.{0, 0} Nat Nat r q))))))
                  (@HMul.hMul.{0, 0, 0} Nat Nat Nat (@instHMul.{0} Nat instMulNat)
                    (@Prod.snd.{0, 0} Nat Nat
                      (@ite.{1} (Prod.{0, 0} Nat Nat)
                        (@LE.le.{0} Nat instLENat v (@Prod.fst.{0, 0} Nat Nat (@Prod.mk.{0, 0} Nat Nat r q)))
                        (Nat.decLe v (@Prod.fst.{0, 0} Nat Nat (@Prod.mk.{0, 0} Nat Nat r q)))
                        (@Prod.mk.{0, 0} Nat Nat
                          (@HMul.hMul.{0, 0, 0} Nat Nat Nat (@instHMul.{0} Nat instMulNat)
                            (@OfNat.ofNat.{0} Nat (nat_lit 2) (instOfNatNat (nat_lit 2)))
                            (@HSub.hSub.{0, 0, 0} Nat Nat Nat (@instHSub.{0} Nat instSubNat)
                              (@Prod.fst.{0, 0} Nat Nat (@Prod.mk.{0, 0} Nat Nat r q)) v))
                          (@HMul.hMul.{0, 0, 0} Nat Nat Nat (@instHMul.{0} Nat instMulNat)
                            (@OfNat.ofNat.{0} Nat (nat_lit 2) (instOfNatNat (nat_lit 2)))
                            (@HAdd.hAdd.{0, 0, 0} Nat Nat Nat (@instHAdd.{0} Nat instAddNat)
                              (@Prod.snd.{0, 0} Nat Nat (@Prod.mk.{0, 0} Nat Nat r q))
                              (@OfNat.ofNat.{0} Nat (nat_lit 1) (instOfNatNat (nat_lit 1))))))
                        (@Prod.mk.{0, 0} Nat Nat
                          (@HMul.hMul.{0, 0, 0} Nat Nat Nat (@instHMul.{0} Nat instMulNat)
                            (@OfNat.ofNat.{0} Nat (nat_lit 2) (instOfNatNat (nat_lit 2)))
                            (@Prod.fst.{0, 0} Nat Nat (@Prod.mk.{0, 0} Nat Nat r q)))
                          (@HMul.hMul.{0, 0, 0} Nat Nat Nat (@instHMul.{0} Nat instMulNat)
                            (@OfNat.ofNat.{0} Nat (nat_lit 2) (instOfNatNat (nat_lit 2)))
                            (@Prod.snd.{0, 0} Nat Nat (@Prod.mk.{0, 0} Nat Nat r q))))))
                    v))
                (@HAdd.hAdd.{0, 0, 0} Nat Nat Nat (@instHAdd.{0} Nat instAddNat)
                  (@Prod.fst.{0, 0} Nat Nat
                    (@Prod.mk.{0, 0} Nat Nat
                      (@HMul.hMul.{0, 0, 0} Nat Nat Nat (@instHMul.{0} Nat instMulNat)
                        (@OfNat.ofNat.{0} Nat (nat_lit 2) (instOfNatNat (nat_lit 2)))
                        (@Prod.fst.{0, 0} Nat Nat (@Prod.mk.{0, 0} Nat Nat r q)))
                      (@HMul.hMul.{0, 0, 0} Nat Nat Nat (@instHMul.{0} Nat instMulNat)
                        (@OfNat.ofNat.{0} Nat (nat_lit 2) (instOfNatNat (nat_lit 2)))
                        (@Prod.snd.{0, 0} Nat Nat (@Prod.mk.{0, 0} Nat Nat r q)))))
                  (@HMul.hMul.{0, 0, 0} Nat Nat Nat (@instHMul.{0} Nat instMulNat)
                    (@Prod.snd.{0, 0} Nat Nat
                      (@Prod.mk.{0, 0} Nat Nat
                        (@HMul.hMul.{0, 0, 0} Nat Nat Nat (@instHMul.{0} Nat instMulNat)
                          (@OfNat.ofNat.{0} Nat (nat_lit 2) (instOfNatNat (nat_lit 2)))
                          (@Prod.fst.{0, 0} Nat Nat (@Prod.mk.{0, 0} Nat Nat r q)))
                        (@HMul.hMul.{0, 0, 0} Nat Nat Nat (@instHMul.{0} Nat instMulNat)
                          (@OfNat.ofNat.{0} Nat (nat_lit 2) (instOfNatNat (nat_lit 2)))
                          (@Prod.snd.{0, 0} Nat Nat (@Prod.mk.{0, 0} Nat Nat r q)))))
                    v))
                (@Eq.{1} Nat)
                (@congr.{1, 1} Nat Nat
                  (@HAdd.hAdd.{0, 0, 0} Nat Nat Nat (@instHAdd.{0} Nat instAddNat)
                    (@Prod.fst.{0, 0} Nat Nat
                      (@ite.{1} (Prod.{0, 0} Nat Nat)
                        (@LE.le.{0} Nat instLENat v (@Prod.fst.{0, 0} Nat Nat (@Prod.mk.{0, 0} Nat Nat r q)))
                        (Nat.decLe v (@Prod.fst.{0, 0} Nat Nat (@Prod.mk.{0, 0} Nat Nat r q)))
                        (@Prod.mk.{0, 0} Nat Nat
                          (@HMul.hMul.{0, 0, 0} Nat Nat Nat (@instHMul.{0} Nat instMulNat)
                            (@OfNat.ofNat.{0} Nat (nat_lit 2) (instOfNatNat (nat_lit 2)))
                            (@HSub.hSub.{0, 0, 0} Nat Nat Nat (@instHSub.{0} Nat instSubNat)
                              (@Prod.fst.{0, 0} Nat Nat (@Prod.mk.{0, 0} Nat Nat r q)) v))
                          (@HMul.hMul.{0, 0, 0} Nat Nat Nat (@instHMul.{0} Nat instMulNat)
                            (@OfNat.ofNat.{0} Nat (nat_lit 2) (instOfNatNat (nat_lit 2)))
                            (@HAdd.hAdd.{0, 0, 0} Nat Nat Nat (@instHAdd.{0} Nat instAddNat)
                              (@Prod.snd.{0, 0} Nat Nat (@Prod.mk.{0, 0} Nat Nat r q))
                              (@OfNat.ofNat.{0} Nat (nat_lit 1) (instOfNatNat (nat_lit 1))))))
                        (@Prod.mk.{0, 0} Nat Nat
                          (@HMul.hMul.{0, 0, 0} Nat Nat Nat (@instHMul.{0} Nat instMulNat)
                            (@OfNat.ofNat.{0} Nat (nat_lit 2) (instOfNatNat (nat_lit 2)))
                            (@Prod.fst.{0, 0} Nat Nat (@Prod.mk.{0, 0} Nat Nat r q)))
                          (@HMul.hMul.{0, 0, 0} Nat Nat Nat (@instHMul.{0} Nat instMulNat)
                            (@OfNat.ofNat.{0} Nat (nat_lit 2) (instOfNatNat (nat_lit 2)))
                            (@Prod.snd.{0, 0} Nat Nat (@Prod.mk.{0, 0} Nat Nat r q)))))))
                  (@HAdd.hAdd.{0, 0, 0} Nat Nat Nat (@instHAdd.{0} Nat instAddNat)
                    (@Prod.fst.{0, 0} Nat Nat
                      (@Prod.mk.{0, 0} Nat Nat
                        (@HMul.hMul.{0, 0, 0} Nat Nat Nat (@instHMul.{0} Nat instMulNat)
                          (@OfNat.ofNat.{0} Nat (nat_lit 2) (instOfNatNat (nat_lit 2)))
                          (@Prod.fst.{0, 0} Nat Nat (@Prod.mk.{0, 0} Nat Nat r q)))
                        (@HMul.hMul.{0, 0, 0} Nat Nat Nat (@instHMul.{0} Nat instMulNat)
                          (@OfNat.ofNat.{0} Nat (nat_lit 2) (instOfNatNat (nat_lit 2)))
                          (@Prod.snd.{0, 0} Nat Nat (@Prod.mk.{0, 0} Nat Nat r q))))))
                  (@HMul.hMul.{0, 0, 0} Nat Nat Nat (@instHMul.{0} Nat instMulNat)
                    (@Prod.snd.{0, 0} Nat Nat
                      (@ite.{1} (Prod.{0, 0} Nat Nat)
                        (@LE.le.{0} Nat instLENat v (@Prod.fst.{0, 0} Nat Nat (@Prod.mk.{0, 0} Nat Nat r q)))
                        (Nat.decLe v (@Prod.fst.{0, 0} Nat Nat (@Prod.mk.{0, 0} Nat Nat r q)))
                        (@Prod.mk.{0, 0} Nat Nat
                          (@HMul.hMul.{0, 0, 0} Nat Nat Nat (@instHMul.{0} Nat instMulNat)
                            (@OfNat.ofNat.{0} Nat (nat_lit 2) (instOfNatNat (nat_lit 2)))
                            (@HSub.hSub.{0, 0, 0} Nat Nat Nat (@instHSub.{0} Nat instSubNat)
                              (@Prod.fst.{0, 0} Nat Nat (@Prod.mk.{0, 0} Nat Nat r q)) v))
                          (@HMul.hMul.{0, 0, 0} Nat Nat Nat (@instHMul.{0} Nat instMulNat)
                            (@OfNat.ofNat.{0} Nat (nat_lit 2) (instOfNatNat (nat_lit 2)))
                            (@HAdd.hAdd.{0, 0, 0} Nat Nat Nat (@instHAdd.{0} Nat instAddNat)
                              (@Prod.snd.{0, 0} Nat Nat (@Prod.mk.{0, 0} Nat Nat r q))
                              (@OfNat.ofNat.{0} Nat (nat_lit 1) (instOfNatNat (nat_lit 1))))))
                        (@Prod.mk.{0, 0} Nat Nat
                          (@HMul.hMul.{0, 0, 0} Nat Nat Nat (@instHMul.{0} Nat instMulNat)
                            (@OfNat.ofNat.{0} Nat (nat_lit 2) (instOfNatNat (nat_lit 2)))
                            (@Prod.fst.{0, 0} Nat Nat (@Prod.mk.{0, 0} Nat Nat r q)))
                          (@HMul.hMul.{0, 0, 0} Nat Nat Nat (@instHMul.{0} Nat instMulNat)
                            (@OfNat.ofNat.{0} Nat (nat_lit 2) (instOfNatNat (nat_lit 2)))
                            (@Prod.snd.{0, 0} Nat Nat (@Prod.mk.{0, 0} Nat Nat r q))))))
                    v)
                  (@HMul.hMul.{0, 0, 0} Nat Nat Nat (@instHMul.{0} Nat instMulNat)
                    (@Prod.snd.{0, 0} Nat Nat
                      (@Prod.mk.{0, 0} Nat Nat
                        (@HMul.hMul.{0, 0, 0} Nat Nat Nat (@instHMul.{0} Nat instMulNat)
                          (@OfNat.ofNat.{0} Nat (nat_lit 2) (instOfNatNat (nat_lit 2)))
                          (@Prod.fst.{0, 0} Nat Nat (@Prod.mk.{0, 0} Nat Nat r q)))
                        (@HMul.hMul.{0, 0, 0} Nat Nat Nat (@instHMul.{0} Nat instMulNat)
                          (@OfNat.ofNat.{0} Nat (nat_lit 2) (instOfNatNat (nat_lit 2)))
                          (@Prod.snd.{0, 0} Nat Nat (@Prod.mk.{0, 0} Nat Nat r q)))))
                    v)
                  (@congrArg.{1, 1} Nat (Nat → Nat)
                    (@Prod.fst.{0, 0} Nat Nat
                      (@ite.{1} (Prod.{0, 0} Nat Nat)
                        (@LE.le.{0} Nat instLENat v (@Prod.fst.{0, 0} Nat Nat (@Prod.mk.{0, 0} Nat Nat r q)))
                        (Nat.decLe v (@Prod.fst.{0, 0} Nat Nat (@Prod.mk.{0, 0} Nat Nat r q)))
                        (@Prod.mk.{0, 0} Nat Nat
                          (@HMul.hMul.{0, 0, 0} Nat Nat Nat (@instHMul.{0} Nat instMulNat)
                            (@OfNat.ofNat.{0} Nat (nat_lit 2) (instOfNatNat (nat_lit 2)))
                            (@HSub.hSub.{0, 0, 0} Nat Nat Nat (@instHSub.{0} Nat instSubNat)
                              (@Prod.fst.{0, 0} Nat Nat (@Prod.mk.{0, 0} Nat Nat r q)) v))
                          (@HMul.hMul.{0, 0, 0} Nat Nat Nat (@instHMul.{0} Nat instMulNat)
                            (@OfNat.ofNat.{0} Nat (nat_lit 2) (instOfNatNat (nat_lit 2)))
                            (@HAdd.hAdd.{0, 0, 0} Nat Nat Nat (@instHAdd.{0} Nat instAddNat)
                              (@Prod.snd.{0, 0} Nat Nat (@Prod.mk.{0, 0} Nat Nat r q))
                              (@OfNat.ofNat.{0} Nat (nat_lit 1) (instOfNatNat (nat_lit 1))))))
                        (@Prod.mk.{0, 0} Nat Nat
                          (@HMul.hMul.{0, 0, 0} Nat Nat Nat (@instHMul.{0} Nat instMulNat)
                            (@OfNat.ofNat.{0} Nat (nat_lit 2) (instOfNatNat (nat_lit 2)))
                            (@Prod.fst.{0, 0} Nat Nat (@Prod.mk.{0, 0} Nat Nat r q)))
                          (@HMul.hMul.{0, 0, 0} Nat Nat Nat (@instHMul.{0} Nat instMulNat)
                            (@OfNat.ofNat.{0} Nat (nat_lit 2) (instOfNatNat (nat_lit 2)))
                            (@Prod.snd.{0, 0} Nat Nat (@Prod.mk.{0, 0} Nat Nat r q))))))
                    (@Prod.fst.{0, 0} Nat Nat
                      (@Prod.mk.{0, 0} Nat Nat
                        (@HMul.hMul.{0, 0, 0} Nat Nat Nat (@instHMul.{0} Nat instMulNat)
                          (@OfNat.ofNat.{0} Nat (nat_lit 2) (instOfNatNat (nat_lit 2)))
                          (@Prod.fst.{0, 0} Nat Nat (@Prod.mk.{0, 0} Nat Nat r q)))
                        (@HMul.hMul.{0, 0, 0} Nat Nat Nat (@instHMul.{0} Nat instMulNat)
                          (@OfNat.ofNat.{0} Nat (nat_lit 2) (instOfNatNat (nat_lit 2)))
                          (@Prod.snd.{0, 0} Nat Nat (@Prod.mk.{0, 0} Nat Nat r q)))))
                    (@HAdd.hAdd.{0, 0, 0} Nat Nat Nat (@instHAdd.{0} Nat instAddNat))
                    (@congrArg.{1, 1} (Prod.{0, 0} Nat Nat) Nat
                      (@ite.{1} (Prod.{0, 0} Nat Nat)
                        (@LE.le.{0} Nat instLENat v (@Prod.fst.{0, 0} Nat Nat (@Prod.mk.{0, 0} Nat Nat r q)))
                        (Nat.decLe v (@Prod.fst.{0, 0} Nat Nat (@Prod.mk.{0, 0} Nat Nat r q)))
                        (@Prod.mk.{0, 0} Nat Nat
                          (@HMul.hMul.{0, 0, 0} Nat Nat Nat (@instHMul.{0} Nat instMulNat)
                            (@OfNat.ofNat.{0} Nat (nat_lit 2) (instOfNatNat (nat_lit 2)))
                            (@HSub.hSub.{0, 0, 0} Nat Nat Nat (@instHSub.{0} Nat instSubNat)
                              (@Prod.fst.{0, 0} Nat Nat (@Prod.mk.{0, 0} Nat Nat r q)) v))
                          (@HMul.hMul.{0, 0, 0} Nat Nat Nat (@instHMul.{0} Nat instMulNat)
                            (@OfNat.ofNat.{0} Nat (nat_lit 2) (instOfNatNat (nat_lit 2)))
                            (@HAdd.hAdd.{0, 0, 0} Nat Nat Nat (@instHAdd.{0} Nat instAddNat)
                              (@Prod.snd.{0, 0} Nat Nat (@Prod.mk.{0, 0} Nat Nat r q))
                              (@OfNat.ofNat.{0} Nat (nat_lit 1) (instOfNatNat (nat_lit 1))))))
                        (@Prod.mk.{0, 0} Nat Nat
                          (@HMul.hMul.{0, 0, 0} Nat Nat Nat (@instHMul.{0} Nat instMulNat)
                            (@OfNat.ofNat.{0} Nat (nat_lit 2) (instOfNatNat (nat_lit 2)))
                            (@Prod.fst.{0, 0} Nat Nat (@Prod.mk.{0, 0} Nat Nat r q)))
                          (@HMul.hMul.{0, 0, 0} Nat Nat Nat (@instHMul.{0} Nat instMulNat)
                            (@OfNat.ofNat.{0} Nat (nat_lit 2) (instOfNatNat (nat_lit 2)))
                            (@Prod.snd.{0, 0} Nat Nat (@Prod.mk.{0, 0} Nat Nat r q)))))
                      (@Prod.mk.{0, 0} Nat Nat
                        (@HMul.hMul.{0, 0, 0} Nat Nat Nat (@instHMul.{0} Nat instMulNat)
                          (@OfNat.ofNat.{0} Nat (nat_lit 2) (instOfNatNat (nat_lit 2)))
                          (@Prod.fst.{0, 0} Nat Nat (@Prod.mk.{0, 0} Nat Nat r q)))
                        (@HMul.hMul.{0, 0, 0} Nat Nat Nat (@instHMul.{0} Nat instMulNat)
                          (@OfNat.ofNat.{0} Nat (nat_lit 2) (instOfNatNat (nat_lit 2)))
                          (@Prod.snd.{0, 0} Nat Nat (@Prod.mk.{0, 0} Nat Nat r q))))
                      (@Prod.fst.{0, 0} Nat Nat)
                      (@ite_eq_right.{1}
                        (@LE.le.{0} Nat instLENat v (@Prod.fst.{0, 0} Nat Nat (@Prod.mk.{0, 0} Nat Nat r q)))
                        (Nat.decLe v (@Prod.fst.{0, 0} Nat Nat (@Prod.mk.{0, 0} Nat Nat r q))) h (Prod.{0, 0} Nat Nat)
                        (@Prod.mk.{0, 0} Nat Nat
                          (@HMul.hMul.{0, 0, 0} Nat Nat Nat (@instHMul.{0} Nat instMulNat)
                            (@OfNat.ofNat.{0} Nat (nat_lit 2) (instOfNatNat (nat_lit 2)))
                            (@HSub.hSub.{0, 0, 0} Nat Nat Nat (@instHSub.{0} Nat instSubNat)
                              (@Prod.fst.{0, 0} Nat Nat (@Prod.mk.{0, 0} Nat Nat r q)) v))
                          (@HMul.hMul.{0, 0, 0} Nat Nat Nat (@instHMul.{0} Nat instMulNat)
                            (@OfNat.ofNat.{0} Nat (nat_lit 2) (instOfNatNat (nat_lit 2)))
                            (@HAdd.hAdd.{0, 0, 0} Nat Nat Nat (@instHAdd.{0} Nat instAddNat)
                              (@Prod.snd.{0, 0} Nat Nat (@Prod.mk.{0, 0} Nat Nat r q))
                              (@OfNat.ofNat.{0} Nat (nat_lit 1) (instOfNatNat (nat_lit 1))))))
                        (@Prod.mk.{0, 0} Nat Nat
                          (@HMul.hMul.{0, 0, 0} Nat Nat Nat (@instHMul.{0} Nat instMulNat)
                            (@OfNat.ofNat.{0} Nat (nat_lit 2) (instOfNatNat (nat_lit 2)))
                            (@Prod.fst.{0, 0} Nat Nat (@Prod.mk.{0, 0} Nat Nat r q)))
                          (@HMul.hMul.{0, 0, 0} Nat Nat Nat (@instHMul.{0} Nat instMulNat)
                            (@OfNat.ofNat.{0} Nat (nat_lit 2) (instOfNatNat (nat_lit 2)))
                            (@Prod.snd.{0, 0} Nat Nat (@Prod.mk.{0, 0} Nat Nat r q)))))))
                  (@congrFun'.{1, 1} Nat Nat
                    (@HMul.hMul.{0, 0, 0} Nat Nat Nat (@instHMul.{0} Nat instMulNat)
                      (@Prod.snd.{0, 0} Nat Nat
                        (@ite.{1} (Prod.{0, 0} Nat Nat)
                          (@LE.le.{0} Nat instLENat v (@Prod.fst.{0, 0} Nat Nat (@Prod.mk.{0, 0} Nat Nat r q)))
                          (Nat.decLe v (@Prod.fst.{0, 0} Nat Nat (@Prod.mk.{0, 0} Nat Nat r q)))
                          (@Prod.mk.{0, 0} Nat Nat
                            (@HMul.hMul.{0, 0, 0} Nat Nat Nat (@instHMul.{0} Nat instMulNat)
                              (@OfNat.ofNat.{0} Nat (nat_lit 2) (instOfNatNat (nat_lit 2)))
                              (@HSub.hSub.{0, 0, 0} Nat Nat Nat (@instHSub.{0} Nat instSubNat)
                                (@Prod.fst.{0, 0} Nat Nat (@Prod.mk.{0, 0} Nat Nat r q)) v))
                            (@HMul.hMul.{0, 0, 0} Nat Nat Nat (@instHMul.{0} Nat instMulNat)
                              (@OfNat.ofNat.{0} Nat (nat_lit 2) (instOfNatNat (nat_lit 2)))
                              (@HAdd.hAdd.{0, 0, 0} Nat Nat Nat (@instHAdd.{0} Nat instAddNat)
                                (@Prod.snd.{0, 0} Nat Nat (@Prod.mk.{0, 0} Nat Nat r q))
                                (@OfNat.ofNat.{0} Nat (nat_lit 1) (instOfNatNat (nat_lit 1))))))
                          (@Prod.mk.{0, 0} Nat Nat
                            (@HMul.hMul.{0, 0, 0} Nat Nat Nat (@instHMul.{0} Nat instMulNat)
                              (@OfNat.ofNat.{0} Nat (nat_lit 2) (instOfNatNat (nat_lit 2)))
                              (@Prod.fst.{0, 0} Nat Nat (@Prod.mk.{0, 0} Nat Nat r q)))
                            (@HMul.hMul.{0, 0, 0} Nat Nat Nat (@instHMul.{0} Nat instMulNat)
                              (@OfNat.ofNat.{0} Nat (nat_lit 2) (instOfNatNat (nat_lit 2)))
                              (@Prod.snd.{0, 0} Nat Nat (@Prod.mk.{0, 0} Nat Nat r q)))))))
                    (@HMul.hMul.{0, 0, 0} Nat Nat Nat (@instHMul.{0} Nat instMulNat)
                      (@Prod.snd.{0, 0} Nat Nat
                        (@Prod.mk.{0, 0} Nat Nat
                          (@HMul.hMul.{0, 0, 0} Nat Nat Nat (@instHMul.{0} Nat instMulNat)
                            (@OfNat.ofNat.{0} Nat (nat_lit 2) (instOfNatNat (nat_lit 2)))
                            (@Prod.fst.{0, 0} Nat Nat (@Prod.mk.{0, 0} Nat Nat r q)))
                          (@HMul.hMul.{0, 0, 0} Nat Nat Nat (@instHMul.{0} Nat instMulNat)
                            (@OfNat.ofNat.{0} Nat (nat_lit 2) (instOfNatNat (nat_lit 2)))
                            (@Prod.snd.{0, 0} Nat Nat (@Prod.mk.{0, 0} Nat Nat r q))))))
                    (@congrArg.{1, 1} Nat (Nat → Nat)
                      (@Prod.snd.{0, 0} Nat Nat
                        (@ite.{1} (Prod.{0, 0} Nat Nat)
                          (@LE.le.{0} Nat instLENat v (@Prod.fst.{0, 0} Nat Nat (@Prod.mk.{0, 0} Nat Nat r q)))
                          (Nat.decLe v (@Prod.fst.{0, 0} Nat Nat (@Prod.mk.{0, 0} Nat Nat r q)))
                          (@Prod.mk.{0, 0} Nat Nat
                            (@HMul.hMul.{0, 0, 0} Nat Nat Nat (@instHMul.{0} Nat instMulNat)
                              (@OfNat.ofNat.{0} Nat (nat_lit 2) (instOfNatNat (nat_lit 2)))
                              (@HSub.hSub.{0, 0, 0} Nat Nat Nat (@instHSub.{0} Nat instSubNat)
                                (@Prod.fst.{0, 0} Nat Nat (@Prod.mk.{0, 0} Nat Nat r q)) v))
                            (@HMul.hMul.{0, 0, 0} Nat Nat Nat (@instHMul.{0} Nat instMulNat)
                              (@OfNat.ofNat.{0} Nat (nat_lit 2) (instOfNatNat (nat_lit 2)))
                              (@HAdd.hAdd.{0, 0, 0} Nat Nat Nat (@instHAdd.{0} Nat instAddNat)
                                (@Prod.snd.{0, 0} Nat Nat (@Prod.mk.{0, 0} Nat Nat r q))
                                (@OfNat.ofNat.{0} Nat (nat_lit 1) (instOfNatNat (nat_lit 1))))))
                          (@Prod.mk.{0, 0} Nat Nat
                            (@HMul.hMul.{0, 0, 0} Nat Nat Nat (@instHMul.{0} Nat instMulNat)
                              (@OfNat.ofNat.{0} Nat (nat_lit 2) (instOfNatNat (nat_lit 2)))
                              (@Prod.fst.{0, 0} Nat Nat (@Prod.mk.{0, 0} Nat Nat r q)))
                            (@HMul.hMul.{0, 0, 0} Nat Nat Nat (@instHMul.{0} Nat instMulNat)
                              (@OfNat.ofNat.{0} Nat (nat_lit 2) (instOfNatNat (nat_lit 2)))
                              (@Prod.snd.{0, 0} Nat Nat (@Prod.mk.{0, 0} Nat Nat r q))))))
                      (@Prod.snd.{0, 0} Nat Nat
                        (@Prod.mk.{0, 0} Nat Nat
                          (@HMul.hMul.{0, 0, 0} Nat Nat Nat (@instHMul.{0} Nat instMulNat)
                            (@OfNat.ofNat.{0} Nat (nat_lit 2) (instOfNatNat (nat_lit 2)))
                            (@Prod.fst.{0, 0} Nat Nat (@Prod.mk.{0, 0} Nat Nat r q)))
                          (@HMul.hMul.{0, 0, 0} Nat Nat Nat (@instHMul.{0} Nat instMulNat)
                            (@OfNat.ofNat.{0} Nat (nat_lit 2) (instOfNatNat (nat_lit 2)))
                            (@Prod.snd.{0, 0} Nat Nat (@Prod.mk.{0, 0} Nat Nat r q)))))
                      (@HMul.hMul.{0, 0, 0} Nat Nat Nat (@instHMul.{0} Nat instMulNat))
                      (@congrArg.{1, 1} (Prod.{0, 0} Nat Nat) Nat
                        (@ite.{1} (Prod.{0, 0} Nat Nat)
                          (@LE.le.{0} Nat instLENat v (@Prod.fst.{0, 0} Nat Nat (@Prod.mk.{0, 0} Nat Nat r q)))
                          (Nat.decLe v (@Prod.fst.{0, 0} Nat Nat (@Prod.mk.{0, 0} Nat Nat r q)))
                          (@Prod.mk.{0, 0} Nat Nat
                            (@HMul.hMul.{0, 0, 0} Nat Nat Nat (@instHMul.{0} Nat instMulNat)
                              (@OfNat.ofNat.{0} Nat (nat_lit 2) (instOfNatNat (nat_lit 2)))
                              (@HSub.hSub.{0, 0, 0} Nat Nat Nat (@instHSub.{0} Nat instSubNat)
                                (@Prod.fst.{0, 0} Nat Nat (@Prod.mk.{0, 0} Nat Nat r q)) v))
                            (@HMul.hMul.{0, 0, 0} Nat Nat Nat (@instHMul.{0} Nat instMulNat)
                              (@OfNat.ofNat.{0} Nat (nat_lit 2) (instOfNatNat (nat_lit 2)))
                              (@HAdd.hAdd.{0, 0, 0} Nat Nat Nat (@instHAdd.{0} Nat instAddNat)
                                (@Prod.snd.{0, 0} Nat Nat (@Prod.mk.{0, 0} Nat Nat r q))
                                (@OfNat.ofNat.{0} Nat (nat_lit 1) (instOfNatNat (nat_lit 1))))))
                          (@Prod.mk.{0, 0} Nat Nat
                            (@HMul.hMul.{0, 0, 0} Nat Nat Nat (@instHMul.{0} Nat instMulNat)
                              (@OfNat.ofNat.{0} Nat (nat_lit 2) (instOfNatNat (nat_lit 2)))
                              (@Prod.fst.{0, 0} Nat Nat (@Prod.mk.{0, 0} Nat Nat r q)))
                            (@HMul.hMul.{0, 0, 0} Nat Nat Nat (@instHMul.{0} Nat instMulNat)
                              (@OfNat.ofNat.{0} Nat (nat_lit 2) (instOfNatNat (nat_lit 2)))
                              (@Prod.snd.{0, 0} Nat Nat (@Prod.mk.{0, 0} Nat Nat r q)))))
                        (@Prod.mk.{0, 0} Nat Nat
                          (@HMul.hMul.{0, 0, 0} Nat Nat Nat (@instHMul.{0} Nat instMulNat)
                            (@OfNat.ofNat.{0} Nat (nat_lit 2) (instOfNatNat (nat_lit 2)))
                            (@Prod.fst.{0, 0} Nat Nat (@Prod.mk.{0, 0} Nat Nat r q)))
                          (@HMul.hMul.{0, 0, 0} Nat Nat Nat (@instHMul.{0} Nat instMulNat)
                            (@OfNat.ofNat.{0} Nat (nat_lit 2) (instOfNatNat (nat_lit 2)))
                            (@Prod.snd.{0, 0} Nat Nat (@Prod.mk.{0, 0} Nat Nat r q))))
                        (@Prod.snd.{0, 0} Nat Nat)
                        (@ite_eq_right.{1}
                          (@LE.le.{0} Nat instLENat v (@Prod.fst.{0, 0} Nat Nat (@Prod.mk.{0, 0} Nat Nat r q)))
                          (Nat.decLe v (@Prod.fst.{0, 0} Nat Nat (@Prod.mk.{0, 0} Nat Nat r q))) h (Prod.{0, 0} Nat Nat)
                          (@Prod.mk.{0, 0} Nat Nat
                            (@HMul.hMul.{0, 0, 0} Nat Nat Nat (@instHMul.{0} Nat instMulNat)
                              (@OfNat.ofNat.{0} Nat (nat_lit 2) (instOfNatNat (nat_lit 2)))
                              (@HSub.hSub.{0, 0, 0} Nat Nat Nat (@instHSub.{0} Nat instSubNat)
                                (@Prod.fst.{0, 0} Nat Nat (@Prod.mk.{0, 0} Nat Nat r q)) v))
                            (@HMul.hMul.{0, 0, 0} Nat Nat Nat (@instHMul.{0} Nat instMulNat)
                              (@OfNat.ofNat.{0} Nat (nat_lit 2) (instOfNatNat (nat_lit 2)))
                              (@HAdd.hAdd.{0, 0, 0} Nat Nat Nat (@instHAdd.{0} Nat instAddNat)
                                (@Prod.snd.{0, 0} Nat Nat (@Prod.mk.{0, 0} Nat Nat r q))
                                (@OfNat.ofNat.{0} Nat (nat_lit 1) (instOfNatNat (nat_lit 1))))))
                          (@Prod.mk.{0, 0} Nat Nat
                            (@HMul.hMul.{0, 0, 0} Nat Nat Nat (@instHMul.{0} Nat instMulNat)
                              (@OfNat.ofNat.{0} Nat (nat_lit 2) (instOfNatNat (nat_lit 2)))
                              (@Prod.fst.{0, 0} Nat Nat (@Prod.mk.{0, 0} Nat Nat r q)))
                            (@HMul.hMul.{0, 0, 0} Nat Nat Nat (@instHMul.{0} Nat instMulNat)
                              (@OfNat.ofNat.{0} Nat (nat_lit 2) (instOfNatNat (nat_lit 2)))
                              (@Prod.snd.{0, 0} Nat Nat (@Prod.mk.{0, 0} Nat Nat r q)))))))
                    v)))
              (@HMul.hMul.{0, 0, 0} Nat Nat Nat (@instHMul.{0} Nat instMulNat)
                (@OfNat.ofNat.{0} Nat (nat_lit 2) (instOfNatNat (nat_lit 2)))
                (@HAdd.hAdd.{0, 0, 0} Nat Nat Nat (@instHAdd.{0} Nat instAddNat) r
                  (@HMul.hMul.{0, 0, 0} Nat Nat Nat (@instHMul.{0} Nat instMulNat) q v)))))
          (@of_eq_true
            (@Eq.{1} Nat
              (@HAdd.hAdd.{0, 0, 0} Nat Nat Nat (@instHAdd.{0} Nat instAddNat)
                (@Prod.fst.{0, 0} Nat Nat
                  (@Prod.mk.{0, 0} Nat Nat
                    (@HMul.hMul.{0, 0, 0} Nat Nat Nat (@instHMul.{0} Nat instMulNat)
                      (@OfNat.ofNat.{0} Nat (nat_lit 2) (instOfNatNat (nat_lit 2)))
                      (@Prod.fst.{0, 0} Nat Nat (@Prod.mk.{0, 0} Nat Nat r q)))
                    (@HMul.hMul.{0, 0, 0} Nat Nat Nat (@instHMul.{0} Nat instMulNat)
                      (@OfNat.ofNat.{0} Nat (nat_lit 2) (instOfNatNat (nat_lit 2)))
                      (@Prod.snd.{0, 0} Nat Nat (@Prod.mk.{0, 0} Nat Nat r q)))))
                (@HMul.hMul.{0, 0, 0} Nat Nat Nat (@instHMul.{0} Nat instMulNat)
                  (@Prod.snd.{0, 0} Nat Nat
                    (@Prod.mk.{0, 0} Nat Nat
                      (@HMul.hMul.{0, 0, 0} Nat Nat Nat (@instHMul.{0} Nat instMulNat)
                        (@OfNat.ofNat.{0} Nat (nat_lit 2) (instOfNatNat (nat_lit 2)))
                        (@Prod.fst.{0, 0} Nat Nat (@Prod.mk.{0, 0} Nat Nat r q)))
                      (@HMul.hMul.{0, 0, 0} Nat Nat Nat (@instHMul.{0} Nat instMulNat)
                        (@OfNat.ofNat.{0} Nat (nat_lit 2) (instOfNatNat (nat_lit 2)))
                        (@Prod.snd.{0, 0} Nat Nat (@Prod.mk.{0, 0} Nat Nat r q)))))
                  v))
              (@HMul.hMul.{0, 0, 0} Nat Nat Nat (@instHMul.{0} Nat instMulNat)
                (@OfNat.ofNat.{0} Nat (nat_lit 2) (instOfNatNat (nat_lit 2)))
                (@HAdd.hAdd.{0, 0, 0} Nat Nat Nat (@instHAdd.{0} Nat instAddNat) r
                  (@HMul.hMul.{0, 0, 0} Nat Nat Nat (@instHMul.{0} Nat instMulNat) q v))))
            (@Eq.trans.{1} Prop
              (@Eq.{1} Nat
                (@HAdd.hAdd.{0, 0, 0} Nat Nat Nat (@instHAdd.{0} Nat instAddNat)
                  (@Prod.fst.{0, 0} Nat Nat
                    (@Prod.mk.{0, 0} Nat Nat
                      (@HMul.hMul.{0, 0, 0} Nat Nat Nat (@instHMul.{0} Nat instMulNat)
                        (@OfNat.ofNat.{0} Nat (nat_lit 2) (instOfNatNat (nat_lit 2)))
                        (@Prod.fst.{0, 0} Nat Nat (@Prod.mk.{0, 0} Nat Nat r q)))
                      (@HMul.hMul.{0, 0, 0} Nat Nat Nat (@instHMul.{0} Nat instMulNat)
                        (@OfNat.ofNat.{0} Nat (nat_lit 2) (instOfNatNat (nat_lit 2)))
                        (@Prod.snd.{0, 0} Nat Nat (@Prod.mk.{0, 0} Nat Nat r q)))))
                  (@HMul.hMul.{0, 0, 0} Nat Nat Nat (@instHMul.{0} Nat instMulNat)
                    (@Prod.snd.{0, 0} Nat Nat
                      (@Prod.mk.{0, 0} Nat Nat
                        (@HMul.hMul.{0, 0, 0} Nat Nat Nat (@instHMul.{0} Nat instMulNat)
                          (@OfNat.ofNat.{0} Nat (nat_lit 2) (instOfNatNat (nat_lit 2)))
                          (@Prod.fst.{0, 0} Nat Nat (@Prod.mk.{0, 0} Nat Nat r q)))
                        (@HMul.hMul.{0, 0, 0} Nat Nat Nat (@instHMul.{0} Nat instMulNat)
                          (@OfNat.ofNat.{0} Nat (nat_lit 2) (instOfNatNat (nat_lit 2)))
                          (@Prod.snd.{0, 0} Nat Nat (@Prod.mk.{0, 0} Nat Nat r q)))))
                    v))
                (@HMul.hMul.{0, 0, 0} Nat Nat Nat (@instHMul.{0} Nat instMulNat)
                  (@OfNat.ofNat.{0} Nat (nat_lit 2) (instOfNatNat (nat_lit 2)))
                  (@HAdd.hAdd.{0, 0, 0} Nat Nat Nat (@instHAdd.{0} Nat instAddNat) r
                    (@HMul.hMul.{0, 0, 0} Nat Nat Nat (@instHMul.{0} Nat instMulNat) q v))))
              (@Eq.{1} Nat
                (@HAdd.hAdd.{0, 0, 0} Nat Nat Nat (@instHAdd.{0} Nat instAddNat)
                  (@HMul.hMul.{0, 0, 0} Nat Nat Nat (@instHMul.{0} Nat instMulNat)
                    (@OfNat.ofNat.{0} Nat (nat_lit 2) (instOfNatNat (nat_lit 2))) r)
                  (@HMul.hMul.{0, 0, 0} Nat Nat Nat (@instHMul.{0} Nat instMulNat)
                    (@OfNat.ofNat.{0} Nat (nat_lit 2) (instOfNatNat (nat_lit 2)))
                    (@HMul.hMul.{0, 0, 0} Nat Nat Nat (@instHMul.{0} Nat instMulNat) q v)))
                (@HAdd.hAdd.{0, 0, 0} Nat Nat Nat (@instHAdd.{0} Nat instAddNat)
                  (@HMul.hMul.{0, 0, 0} Nat Nat Nat (@instHMul.{0} Nat instMulNat)
                    (@OfNat.ofNat.{0} Nat (nat_lit 2) (instOfNatNat (nat_lit 2))) r)
                  (@HMul.hMul.{0, 0, 0} Nat Nat Nat (@instHMul.{0} Nat instMulNat)
                    (@OfNat.ofNat.{0} Nat (nat_lit 2) (instOfNatNat (nat_lit 2)))
                    (@HMul.hMul.{0, 0, 0} Nat Nat Nat (@instHMul.{0} Nat instMulNat) q v))))
              True
              (@congr.{1, 1} Nat Prop
                (@Eq.{1} Nat
                  (@HAdd.hAdd.{0, 0, 0} Nat Nat Nat (@instHAdd.{0} Nat instAddNat)
                    (@Prod.fst.{0, 0} Nat Nat
                      (@Prod.mk.{0, 0} Nat Nat
                        (@HMul.hMul.{0, 0, 0} Nat Nat Nat (@instHMul.{0} Nat instMulNat)
                          (@OfNat.ofNat.{0} Nat (nat_lit 2) (instOfNatNat (nat_lit 2)))
                          (@Prod.fst.{0, 0} Nat Nat (@Prod.mk.{0, 0} Nat Nat r q)))
                        (@HMul.hMul.{0, 0, 0} Nat Nat Nat (@instHMul.{0} Nat instMulNat)
                          (@OfNat.ofNat.{0} Nat (nat_lit 2) (instOfNatNat (nat_lit 2)))
                          (@Prod.snd.{0, 0} Nat Nat (@Prod.mk.{0, 0} Nat Nat r q)))))
                    (@HMul.hMul.{0, 0, 0} Nat Nat Nat (@instHMul.{0} Nat instMulNat)
                      (@Prod.snd.{0, 0} Nat Nat
                        (@Prod.mk.{0, 0} Nat Nat
                          (@HMul.hMul.{0, 0, 0} Nat Nat Nat (@instHMul.{0} Nat instMulNat)
                            (@OfNat.ofNat.{0} Nat (nat_lit 2) (instOfNatNat (nat_lit 2)))
                            (@Prod.fst.{0, 0} Nat Nat (@Prod.mk.{0, 0} Nat Nat r q)))
                          (@HMul.hMul.{0, 0, 0} Nat Nat Nat (@instHMul.{0} Nat instMulNat)
                            (@OfNat.ofNat.{0} Nat (nat_lit 2) (instOfNatNat (nat_lit 2)))
                            (@Prod.snd.{0, 0} Nat Nat (@Prod.mk.{0, 0} Nat Nat r q)))))
                      v)))
                (@Eq.{1} Nat
                  (@HAdd.hAdd.{0, 0, 0} Nat Nat Nat (@instHAdd.{0} Nat instAddNat)
                    (@HMul.hMul.{0, 0, 0} Nat Nat Nat (@instHMul.{0} Nat instMulNat)
                      (@OfNat.ofNat.{0} Nat (nat_lit 2) (instOfNatNat (nat_lit 2))) r)
                    (@HMul.hMul.{0, 0, 0} Nat Nat Nat (@instHMul.{0} Nat instMulNat)
                      (@OfNat.ofNat.{0} Nat (nat_lit 2) (instOfNatNat (nat_lit 2)))
                      (@HMul.hMul.{0, 0, 0} Nat Nat Nat (@instHMul.{0} Nat instMulNat) q v))))
                (@HMul.hMul.{0, 0, 0} Nat Nat Nat (@instHMul.{0} Nat instMulNat)
                  (@OfNat.ofNat.{0} Nat (nat_lit 2) (instOfNatNat (nat_lit 2)))
                  (@HAdd.hAdd.{0, 0, 0} Nat Nat Nat (@instHAdd.{0} Nat instAddNat) r
                    (@HMul.hMul.{0, 0, 0} Nat Nat Nat (@instHMul.{0} Nat instMulNat) q v)))
                (@HAdd.hAdd.{0, 0, 0} Nat Nat Nat (@instHAdd.{0} Nat instAddNat)
                  (@HMul.hMul.{0, 0, 0} Nat Nat Nat (@instHMul.{0} Nat instMulNat)
                    (@OfNat.ofNat.{0} Nat (nat_lit 2) (instOfNatNat (nat_lit 2))) r)
                  (@HMul.hMul.{0, 0, 0} Nat Nat Nat (@instHMul.{0} Nat instMulNat)
                    (@OfNat.ofNat.{0} Nat (nat_lit 2) (instOfNatNat (nat_lit 2)))
                    (@HMul.hMul.{0, 0, 0} Nat Nat Nat (@instHMul.{0} Nat instMulNat) q v)))
                (@congrArg.{1, 1} Nat (Nat → Prop)
                  (@HAdd.hAdd.{0, 0, 0} Nat Nat Nat (@instHAdd.{0} Nat instAddNat)
                    (@Prod.fst.{0, 0} Nat Nat
                      (@Prod.mk.{0, 0} Nat Nat
                        (@HMul.hMul.{0, 0, 0} Nat Nat Nat (@instHMul.{0} Nat instMulNat)
                          (@OfNat.ofNat.{0} Nat (nat_lit 2) (instOfNatNat (nat_lit 2)))
                          (@Prod.fst.{0, 0} Nat Nat (@Prod.mk.{0, 0} Nat Nat r q)))
                        (@HMul.hMul.{0, 0, 0} Nat Nat Nat (@instHMul.{0} Nat instMulNat)
                          (@OfNat.ofNat.{0} Nat (nat_lit 2) (instOfNatNat (nat_lit 2)))
                          (@Prod.snd.{0, 0} Nat Nat (@Prod.mk.{0, 0} Nat Nat r q)))))
                    (@HMul.hMul.{0, 0, 0} Nat Nat Nat (@instHMul.{0} Nat instMulNat)
                      (@Prod.snd.{0, 0} Nat Nat
                        (@Prod.mk.{0, 0} Nat Nat
                          (@HMul.hMul.{0, 0, 0} Nat Nat Nat (@instHMul.{0} Nat instMulNat)
                            (@OfNat.ofNat.{0} Nat (nat_lit 2) (instOfNatNat (nat_lit 2)))
                            (@Prod.fst.{0, 0} Nat Nat (@Prod.mk.{0, 0} Nat Nat r q)))
                          (@HMul.hMul.{0, 0, 0} Nat Nat Nat (@instHMul.{0} Nat instMulNat)
                            (@OfNat.ofNat.{0} Nat (nat_lit 2) (instOfNatNat (nat_lit 2)))
                            (@Prod.snd.{0, 0} Nat Nat (@Prod.mk.{0, 0} Nat Nat r q)))))
                      v))
                  (@HAdd.hAdd.{0, 0, 0} Nat Nat Nat (@instHAdd.{0} Nat instAddNat)
                    (@HMul.hMul.{0, 0, 0} Nat Nat Nat (@instHMul.{0} Nat instMulNat)
                      (@OfNat.ofNat.{0} Nat (nat_lit 2) (instOfNatNat (nat_lit 2))) r)
                    (@HMul.hMul.{0, 0, 0} Nat Nat Nat (@instHMul.{0} Nat instMulNat)
                      (@OfNat.ofNat.{0} Nat (nat_lit 2) (instOfNatNat (nat_lit 2)))
                      (@HMul.hMul.{0, 0, 0} Nat Nat Nat (@instHMul.{0} Nat instMulNat) q v)))
                  (@Eq.{1} Nat)
                  (@congrArg.{1, 1} Nat Nat
                    (@HMul.hMul.{0, 0, 0} Nat Nat Nat (@instHMul.{0} Nat instMulNat)
                      (@Prod.snd.{0, 0} Nat Nat
                        (@Prod.mk.{0, 0} Nat Nat
                          (@HMul.hMul.{0, 0, 0} Nat Nat Nat (@instHMul.{0} Nat instMulNat)
                            (@OfNat.ofNat.{0} Nat (nat_lit 2) (instOfNatNat (nat_lit 2)))
                            (@Prod.fst.{0, 0} Nat Nat (@Prod.mk.{0, 0} Nat Nat r q)))
                          (@HMul.hMul.{0, 0, 0} Nat Nat Nat (@instHMul.{0} Nat instMulNat)
                            (@OfNat.ofNat.{0} Nat (nat_lit 2) (instOfNatNat (nat_lit 2)))
                            (@Prod.snd.{0, 0} Nat Nat (@Prod.mk.{0, 0} Nat Nat r q)))))
                      v)
                    (@HMul.hMul.{0, 0, 0} Nat Nat Nat (@instHMul.{0} Nat instMulNat)
                      (@OfNat.ofNat.{0} Nat (nat_lit 2) (instOfNatNat (nat_lit 2)))
                      (@HMul.hMul.{0, 0, 0} Nat Nat Nat (@instHMul.{0} Nat instMulNat) q v))
                    (@HAdd.hAdd.{0, 0, 0} Nat Nat Nat (@instHAdd.{0} Nat instAddNat)
                      (@HMul.hMul.{0, 0, 0} Nat Nat Nat (@instHMul.{0} Nat instMulNat)
                        (@OfNat.ofNat.{0} Nat (nat_lit 2) (instOfNatNat (nat_lit 2))) r))
                    (Nat.mul_assoc (@OfNat.ofNat.{0} Nat (nat_lit 2) (instOfNatNat (nat_lit 2))) q v)))
                (Nat.mul_add (@OfNat.ofNat.{0} Nat (nat_lit 2) (instOfNatNat (nat_lit 2))) r
                  (@HMul.hMul.{0, 0, 0} Nat Nat Nat (@instHMul.{0} Nat instMulNat) q v)))
              (@eq_self.{1} Nat
                (@HAdd.hAdd.{0, 0, 0} Nat Nat Nat (@instHAdd.{0} Nat instAddNat)
                  (@HMul.hMul.{0, 0, 0} Nat Nat Nat (@instHMul.{0} Nat instMulNat)
                    (@OfNat.ofNat.{0} Nat (nat_lit 2) (instOfNatNat (nat_lit 2))) r)
                  (@HMul.hMul.{0, 0, 0} Nat Nat Nat (@instHMul.{0} Nat instMulNat)
                    (@OfNat.ofNat.{0} Nat (nat_lit 2) (instOfNatNat (nat_lit 2)))
                    (@HMul.hMul.{0, 0, 0} Nat Nat Nat (@instHMul.{0} Nat instMulNat) q v)))))))
      fun (h : ⋯) =>
      @Eq.mpr.{0}
        (@Eq.{1} Nat
          (@HAdd.hAdd.{0, 0, 0} Nat Nat Nat (@instHAdd.{0} Nat instAddNat)
            (@Prod.fst.{0, 0} Nat Nat
              (@ite.{1} (Prod.{0, 0} Nat Nat)
                (@LE.le.{0} Nat instLENat v (@Prod.fst.{0, 0} Nat Nat (@Prod.mk.{0, 0} Nat Nat r q)))
                (Nat.decLe v (@Prod.fst.{0, 0} Nat Nat (@Prod.mk.{0, 0} Nat Nat r q)))
                (@Prod.mk.{0, 0} Nat Nat
                  (@HMul.hMul.{0, 0, 0} Nat Nat Nat (@instHMul.{0} Nat instMulNat)
                    (@OfNat.ofNat.{0} Nat (nat_lit 2) (instOfNatNat (nat_lit 2)))
                    (@HSub.hSub.{0, 0, 0} Nat Nat Nat (@instHSub.{0} Nat instSubNat)
                      (@Prod.fst.{0, 0} Nat Nat (@Prod.mk.{0, 0} Nat Nat r q)) v))
                  (@HMul.hMul.{0, 0, 0} Nat Nat Nat (@instHMul.{0} Nat instMulNat)
                    (@OfNat.ofNat.{0} Nat (nat_lit 2) (instOfNatNat (nat_lit 2)))
                    (@HAdd.hAdd.{0, 0, 0} Nat Nat Nat (@instHAdd.{0} Nat instAddNat)
                      (@Prod.snd.{0, 0} Nat Nat (@Prod.mk.{0, 0} Nat Nat r q))
                      (@OfNat.ofNat.{0} Nat (nat_lit 1) (instOfNatNat (nat_lit 1))))))
                (@Prod.mk.{0, 0} Nat Nat
                  (@HMul.hMul.{0, 0, 0} Nat Nat Nat (@instHMul.{0} Nat instMulNat)
                    (@OfNat.ofNat.{0} Nat (nat_lit 2) (instOfNatNat (nat_lit 2)))
                    (@Prod.fst.{0, 0} Nat Nat (@Prod.mk.{0, 0} Nat Nat r q)))
                  (@HMul.hMul.{0, 0, 0} Nat Nat Nat (@instHMul.{0} Nat instMulNat)
                    (@OfNat.ofNat.{0} Nat (nat_lit 2) (instOfNatNat (nat_lit 2)))
                    (@Prod.snd.{0, 0} Nat Nat (@Prod.mk.{0, 0} Nat Nat r q))))))
            (@HMul.hMul.{0, 0, 0} Nat Nat Nat (@instHMul.{0} Nat instMulNat)
              (@Prod.snd.{0, 0} Nat Nat
                (@ite.{1} (Prod.{0, 0} Nat Nat)
                  (@LE.le.{0} Nat instLENat v (@Prod.fst.{0, 0} Nat Nat (@Prod.mk.{0, 0} Nat Nat r q)))
                  (Nat.decLe v (@Prod.fst.{0, 0} Nat Nat (@Prod.mk.{0, 0} Nat Nat r q)))
                  (@Prod.mk.{0, 0} Nat Nat
                    (@HMul.hMul.{0, 0, 0} Nat Nat Nat (@instHMul.{0} Nat instMulNat)
                      (@OfNat.ofNat.{0} Nat (nat_lit 2) (instOfNatNat (nat_lit 2)))
                      (@HSub.hSub.{0, 0, 0} Nat Nat Nat (@instHSub.{0} Nat instSubNat)
                        (@Prod.fst.{0, 0} Nat Nat (@Prod.mk.{0, 0} Nat Nat r q)) v))
                    (@HMul.hMul.{0, 0, 0} Nat Nat Nat (@instHMul.{0} Nat instMulNat)
                      (@OfNat.ofNat.{0} Nat (nat_lit 2) (instOfNatNat (nat_lit 2)))
                      (@HAdd.hAdd.{0, 0, 0} Nat Nat Nat (@instHAdd.{0} Nat instAddNat)
                        (@Prod.snd.{0, 0} Nat Nat (@Prod.mk.{0, 0} Nat Nat r q))
                        (@OfNat.ofNat.{0} Nat (nat_lit 1) (instOfNatNat (nat_lit 1))))))
                  (@Prod.mk.{0, 0} Nat Nat
                    (@HMul.hMul.{0, 0, 0} Nat Nat Nat (@instHMul.{0} Nat instMulNat)
                      (@OfNat.ofNat.{0} Nat (nat_lit 2) (instOfNatNat (nat_lit 2)))
                      (@Prod.fst.{0, 0} Nat Nat (@Prod.mk.{0, 0} Nat Nat r q)))
                    (@HMul.hMul.{0, 0, 0} Nat Nat Nat (@instHMul.{0} Nat instMulNat)
                      (@OfNat.ofNat.{0} Nat (nat_lit 2) (instOfNatNat (nat_lit 2)))
                      (@Prod.snd.{0, 0} Nat Nat (@Prod.mk.{0, 0} Nat Nat r q))))))
              v))
          (@HMul.hMul.{0, 0, 0} Nat Nat Nat (@instHMul.{0} Nat instMulNat)
            (@OfNat.ofNat.{0} Nat (nat_lit 2) (instOfNatNat (nat_lit 2))) (@HAdd.hAdd.{0, 0, 0} Nat Nat Nat ⋯ ⋯ ⋯)))
        ⋯ ⋯ ⋯)
RootLDL.loop_range : ∀ (v k r q : Nat)
  (hr :
    @LT.lt.{0} Nat instLTNat r
      (@HMul.hMul.{0, 0, 0} Nat Nat Nat (@instHMul.{0} Nat instMulNat)
        (@OfNat.ofNat.{0} Nat (nat_lit 2) (instOfNatNat (nat_lit 2))) v)),
  @LT.lt.{0} Nat instLTNat (@Prod.fst.{0, 0} Nat Nat (RootLDL.loop v k (@Prod.mk.{0, 0} Nat Nat r q)))
    (@HMul.hMul.{0, 0, 0} Nat Nat Nat (@instHMul.{0} Nat instMulNat)
      (@OfNat.ofNat.{0} Nat (nat_lit 2) (instOfNatNat (nat_lit 2))) v)
theorem RootLDL.loop_range : ∀ (v k r q : Nat)
  (hr :
    @LT.lt.{0} Nat instLTNat r
      (@HMul.hMul.{0, 0, 0} Nat Nat Nat (@instHMul.{0} Nat instMulNat)
        (@OfNat.ofNat.{0} Nat (nat_lit 2) (instOfNatNat (nat_lit 2))) v)),
  @LT.lt.{0} Nat instLTNat (@Prod.fst.{0, 0} Nat Nat (RootLDL.loop v k (@Prod.mk.{0, 0} Nat Nat r q)))
    (@HMul.hMul.{0, 0, 0} Nat Nat Nat (@instHMul.{0} Nat instMulNat)
      (@OfNat.ofNat.{0} Nat (nat_lit 2) (instOfNatNat (nat_lit 2))) v) :=
fun (v k r q : Nat)
    (hr :
      @LT.lt.{0} Nat instLTNat r
        (@HMul.hMul.{0, 0, 0} Nat Nat Nat (@instHMul.{0} Nat instMulNat)
          (@OfNat.ofNat.{0} Nat (nat_lit 2) (instOfNatNat (nat_lit 2))) v)) =>
  @Nat.recAux.{0}
    (fun (k : Nat) =>
      ∀ (r q : Nat)
        (hr :
          @LT.lt.{0} Nat instLTNat r
            (@HMul.hMul.{0, 0, 0} Nat Nat Nat (@instHMul.{0} Nat instMulNat)
              (@OfNat.ofNat.{0} Nat (nat_lit 2) (instOfNatNat (nat_lit 2))) v)),
        @LT.lt.{0} Nat instLTNat (@Prod.fst.{0, 0} Nat Nat (RootLDL.loop v k (@Prod.mk.{0, 0} Nat Nat r q)))
          (@HMul.hMul.{0, 0, 0} Nat Nat Nat (@instHMul.{0} Nat instMulNat)
            (@OfNat.ofNat.{0} Nat (nat_lit 2) (instOfNatNat (nat_lit 2))) v))
    (fun (r q : Nat)
        (hr :
          @LT.lt.{0} Nat instLTNat r
            (@HMul.hMul.{0, 0, 0} Nat Nat Nat (@instHMul.{0} Nat instMulNat)
              (@OfNat.ofNat.{0} Nat (nat_lit 2) (instOfNatNat (nat_lit 2))) v)) =>
      hr)
    (fun (k : Nat)
        (ih :
          ∀ (r q : Nat)
            (hr :
              @LT.lt.{0} Nat instLTNat r
                (@HMul.hMul.{0, 0, 0} Nat Nat Nat (@instHMul.{0} Nat instMulNat)
                  (@OfNat.ofNat.{0} Nat (nat_lit 2) (instOfNatNat (nat_lit 2))) v)),
            @LT.lt.{0} Nat instLTNat (@Prod.fst.{0, 0} Nat Nat (RootLDL.loop v k (@Prod.mk.{0, 0} Nat Nat r q)))
              (@HMul.hMul.{0, 0, 0} Nat Nat Nat (@instHMul.{0} Nat instMulNat)
                (@OfNat.ofNat.{0} Nat (nat_lit 2) (instOfNatNat (nat_lit 2))) v))
        (r q : Nat)
        (hr :
          @LT.lt.{0} Nat instLTNat r
            (@HMul.hMul.{0, 0, 0} Nat Nat Nat (@instHMul.{0} Nat instMulNat)
              (@OfNat.ofNat.{0} Nat (nat_lit 2) (instOfNatNat (nat_lit 2))) v)) =>
      ih (@Prod.fst.{0, 0} Nat Nat (RootLDL.step v (@Prod.mk.{0, 0} Nat Nat r q)))
        (@Prod.snd.{0, 0} Nat Nat (RootLDL.step v (@Prod.mk.{0, 0} Nat Nat r q))) (RootLDL.step_range v r q hr))
    k r q hr
RootLDL.loop_invariant : ∀ (v k r q : Nat),
  @Eq.{1} Nat
    (@HAdd.hAdd.{0, 0, 0} Nat Nat Nat (@instHAdd.{0} Nat instAddNat)
      (@Prod.fst.{0, 0} Nat Nat (RootLDL.loop v k (@Prod.mk.{0, 0} Nat Nat r q)))
      (@HMul.hMul.{0, 0, 0} Nat Nat Nat (@instHMul.{0} Nat instMulNat)
        (@Prod.snd.{0, 0} Nat Nat (RootLDL.loop v k (@Prod.mk.{0, 0} Nat Nat r q))) v))
    (@HMul.hMul.{0, 0, 0} Nat Nat Nat (@instHMul.{0} Nat instMulNat)
      (@HPow.hPow.{0, 0, 0} Nat Nat Nat (@instHPow.{0, 0} Nat Nat (@instPowNat.{0} Nat instNatPowNat))
        (@OfNat.ofNat.{0} Nat (nat_lit 2) (instOfNatNat (nat_lit 2))) k)
      (@HAdd.hAdd.{0, 0, 0} Nat Nat Nat (@instHAdd.{0} Nat instAddNat) r
        (@HMul.hMul.{0, 0, 0} Nat Nat Nat (@instHMul.{0} Nat instMulNat) q v)))
theorem RootLDL.loop_invariant : ∀ (v k r q : Nat),
  @Eq.{1} Nat
    (@HAdd.hAdd.{0, 0, 0} Nat Nat Nat (@instHAdd.{0} Nat instAddNat)
      (@Prod.fst.{0, 0} Nat Nat (RootLDL.loop v k (@Prod.mk.{0, 0} Nat Nat r q)))
      (@HMul.hMul.{0, 0, 0} Nat Nat Nat (@instHMul.{0} Nat instMulNat)
        (@Prod.snd.{0, 0} Nat Nat (RootLDL.loop v k (@Prod.mk.{0, 0} Nat Nat r q))) v))
    (@HMul.hMul.{0, 0, 0} Nat Nat Nat (@instHMul.{0} Nat instMulNat)
      (@HPow.hPow.{0, 0, 0} Nat Nat Nat (@instHPow.{0, 0} Nat Nat (@instPowNat.{0} Nat instNatPowNat))
        (@OfNat.ofNat.{0} Nat (nat_lit 2) (instOfNatNat (nat_lit 2))) k)
      (@HAdd.hAdd.{0, 0, 0} Nat Nat Nat (@instHAdd.{0} Nat instAddNat) r
        (@HMul.hMul.{0, 0, 0} Nat Nat Nat (@instHMul.{0} Nat instMulNat) q v))) :=
fun (v k r q : Nat) =>
  @Nat.recAux.{0}
    (fun (k : Nat) =>
      ∀ (r q : Nat),
        @Eq.{1} Nat
          (@HAdd.hAdd.{0, 0, 0} Nat Nat Nat (@instHAdd.{0} Nat instAddNat)
            (@Prod.fst.{0, 0} Nat Nat (RootLDL.loop v k (@Prod.mk.{0, 0} Nat Nat r q)))
            (@HMul.hMul.{0, 0, 0} Nat Nat Nat (@instHMul.{0} Nat instMulNat)
              (@Prod.snd.{0, 0} Nat Nat (RootLDL.loop v k (@Prod.mk.{0, 0} Nat Nat r q))) v))
          (@HMul.hMul.{0, 0, 0} Nat Nat Nat (@instHMul.{0} Nat instMulNat)
            (@HPow.hPow.{0, 0, 0} Nat Nat Nat (@instHPow.{0, 0} Nat Nat (@instPowNat.{0} Nat instNatPowNat))
              (@OfNat.ofNat.{0} Nat (nat_lit 2) (instOfNatNat (nat_lit 2))) k)
            (@HAdd.hAdd.{0, 0, 0} Nat Nat Nat (@instHAdd.{0} Nat instAddNat) r
              (@HMul.hMul.{0, 0, 0} Nat Nat Nat (@instHMul.{0} Nat instMulNat) q v))))
    (fun (r q : Nat) =>
      @of_eq_true
        (@Eq.{1} Nat
          (@HAdd.hAdd.{0, 0, 0} Nat Nat Nat (@instHAdd.{0} Nat instAddNat) r
            (@HMul.hMul.{0, 0, 0} Nat Nat Nat (@instHMul.{0} Nat instMulNat) q v))
          (@HMul.hMul.{0, 0, 0} Nat Nat Nat (@instHMul.{0} Nat instMulNat)
            (@HPow.hPow.{0, 0, 0} Nat Nat Nat (@instHPow.{0, 0} Nat Nat (@instPowNat.{0} Nat instNatPowNat))
              (@OfNat.ofNat.{0} Nat (nat_lit 2) (instOfNatNat (nat_lit 2)))
              (@OfNat.ofNat.{0} Nat (nat_lit 0) (instOfNatNat (nat_lit 0))))
            (@HAdd.hAdd.{0, 0, 0} Nat Nat Nat (@instHAdd.{0} Nat instAddNat) r
              (@HMul.hMul.{0, 0, 0} Nat Nat Nat (@instHMul.{0} Nat instMulNat) q v))))
        (@Eq.trans.{1} Prop
          (@Eq.{1} Nat
            (@HAdd.hAdd.{0, 0, 0} Nat Nat Nat (@instHAdd.{0} Nat instAddNat) r
              (@HMul.hMul.{0, 0, 0} Nat Nat Nat (@instHMul.{0} Nat instMulNat) q v))
            (@HMul.hMul.{0, 0, 0} Nat Nat Nat (@instHMul.{0} Nat instMulNat)
              (@HPow.hPow.{0, 0, 0} Nat Nat Nat (@instHPow.{0, 0} Nat Nat (@instPowNat.{0} Nat instNatPowNat))
                (@OfNat.ofNat.{0} Nat (nat_lit 2) (instOfNatNat (nat_lit 2)))
                (@OfNat.ofNat.{0} Nat (nat_lit 0) (instOfNatNat (nat_lit 0))))
              (@HAdd.hAdd.{0, 0, 0} Nat Nat Nat (@instHAdd.{0} Nat instAddNat) r
                (@HMul.hMul.{0, 0, 0} Nat Nat Nat (@instHMul.{0} Nat instMulNat) q v))))
          (@Eq.{1} Nat (@HMul.hMul.{0, 0, 0} Nat Nat Nat (@instHMul.{0} Nat instMulNat) q v)
            (@HMul.hMul.{0, 0, 0} Nat Nat Nat (@instHMul.{0} Nat instMulNat) q v))
          True
          (@Eq.trans.{1} Prop
            (@Eq.{1} Nat
              (@HAdd.hAdd.{0, 0, 0} Nat Nat Nat (@instHAdd.{0} Nat instAddNat) r
                (@HMul.hMul.{0, 0, 0} Nat Nat Nat (@instHMul.{0} Nat instMulNat) q v))
              (@HMul.hMul.{0, 0, 0} Nat Nat Nat (@instHMul.{0} Nat instMulNat)
                (@HPow.hPow.{0, 0, 0} Nat Nat Nat (@instHPow.{0, 0} Nat Nat (@instPowNat.{0} Nat instNatPowNat))
                  (@OfNat.ofNat.{0} Nat (nat_lit 2) (instOfNatNat (nat_lit 2)))
                  (@OfNat.ofNat.{0} Nat (nat_lit 0) (instOfNatNat (nat_lit 0))))
                (@HAdd.hAdd.{0, 0, 0} Nat Nat Nat (@instHAdd.{0} Nat instAddNat) r
                  (@HMul.hMul.{0, 0, 0} Nat Nat Nat (@instHMul.{0} Nat instMulNat) q v))))
            (@Eq.{1} Nat
              (@HAdd.hAdd.{0, 0, 0} Nat Nat Nat (@instHAdd.{0} Nat instAddNat) r
                (@HMul.hMul.{0, 0, 0} Nat Nat Nat (@instHMul.{0} Nat instMulNat) q v))
              (@HAdd.hAdd.{0, 0, 0} Nat Nat Nat (@instHAdd.{0} Nat instAddNat) r
                (@HMul.hMul.{0, 0, 0} Nat Nat Nat (@instHMul.{0} Nat instMulNat) q v)))
            (@Eq.{1} Nat (@HMul.hMul.{0, 0, 0} Nat Nat Nat (@instHMul.{0} Nat instMulNat) q v)
              (@HMul.hMul.{0, 0, 0} Nat Nat Nat (@instHMul.{0} Nat instMulNat) q v))
            (@congrArg.{1, 1} Nat Prop
              (@HMul.hMul.{0, 0, 0} Nat Nat Nat (@instHMul.{0} Nat instMulNat)
                (@HPow.hPow.{0, 0, 0} Nat Nat Nat (@instHPow.{0, 0} Nat Nat (@instPowNat.{0} Nat instNatPowNat))
                  (@OfNat.ofNat.{0} Nat (nat_lit 2) (instOfNatNat (nat_lit 2)))
                  (@OfNat.ofNat.{0} Nat (nat_lit 0) (instOfNatNat (nat_lit 0))))
                (@HAdd.hAdd.{0, 0, 0} Nat Nat Nat (@instHAdd.{0} Nat instAddNat) r
                  (@HMul.hMul.{0, 0, 0} Nat Nat Nat (@instHMul.{0} Nat instMulNat) q v)))
              (@HAdd.hAdd.{0, 0, 0} Nat Nat Nat (@instHAdd.{0} Nat instAddNat) r
                (@HMul.hMul.{0, 0, 0} Nat Nat Nat (@instHMul.{0} Nat instMulNat) q v))
              (@Eq.{1} Nat
                (@HAdd.hAdd.{0, 0, 0} Nat Nat Nat (@instHAdd.{0} Nat instAddNat) r
                  (@HMul.hMul.{0, 0, 0} Nat Nat Nat (@instHMul.{0} Nat instMulNat) q v)))
              (Nat.one_mul
                (@HAdd.hAdd.{0, 0, 0} Nat Nat Nat (@instHAdd.{0} Nat instAddNat) r
                  (@HMul.hMul.{0, 0, 0} Nat Nat Nat (@instHMul.{0} Nat instMulNat) q v))))
            (@Nat.add_left_cancel_iff._simp_1 (@HMul.hMul.{0, 0, 0} Nat Nat Nat (@instHMul.{0} Nat instMulNat) q v)
              (@HMul.hMul.{0, 0, 0} Nat Nat Nat (@instHMul.{0} Nat instMulNat) q v) r))
          (@eq_self.{1} Nat (@HMul.hMul.{0, 0, 0} Nat Nat Nat (@instHMul.{0} Nat instMulNat) q v))))
    (fun (k : Nat)
        (ih :
          ∀ (r q : Nat),
            @Eq.{1} Nat
              (@HAdd.hAdd.{0, 0, 0} Nat Nat Nat (@instHAdd.{0} Nat instAddNat)
                (@Prod.fst.{0, 0} Nat Nat (RootLDL.loop v k (@Prod.mk.{0, 0} Nat Nat r q)))
                (@HMul.hMul.{0, 0, 0} Nat Nat Nat (@instHMul.{0} Nat instMulNat)
                  (@Prod.snd.{0, 0} Nat Nat (RootLDL.loop v k (@Prod.mk.{0, 0} Nat Nat r q))) v))
              (@HMul.hMul.{0, 0, 0} Nat Nat Nat (@instHMul.{0} Nat instMulNat)
                (@HPow.hPow.{0, 0, 0} Nat Nat Nat (@instHPow.{0, 0} Nat Nat (@instPowNat.{0} Nat instNatPowNat))
                  (@OfNat.ofNat.{0} Nat (nat_lit 2) (instOfNatNat (nat_lit 2))) k)
                (@HAdd.hAdd.{0, 0, 0} Nat Nat Nat (@instHAdd.{0} Nat instAddNat) r
                  (@HMul.hMul.{0, 0, 0} Nat Nat Nat (@instHMul.{0} Nat instMulNat) q v))))
        (r q : Nat) =>
      @Eq.mpr.{0}
        (@Eq.{1} Nat
          (@HAdd.hAdd.{0, 0, 0} Nat Nat Nat (@instHAdd.{0} Nat instAddNat)
            (@Prod.fst.{0, 0} Nat Nat
              (RootLDL.loop v
                (@HAdd.hAdd.{0, 0, 0} Nat Nat Nat (@instHAdd.{0} Nat instAddNat) k
                  (@OfNat.ofNat.{0} Nat (nat_lit 1) (instOfNatNat (nat_lit 1))))
                (@Prod.mk.{0, 0} Nat Nat r q)))
            (@HMul.hMul.{0, 0, 0} Nat Nat Nat (@instHMul.{0} Nat instMulNat)
              (@Prod.snd.{0, 0} Nat Nat
                (RootLDL.loop v
                  (@HAdd.hAdd.{0, 0, 0} Nat Nat Nat (@instHAdd.{0} Nat instAddNat) k
                    (@OfNat.ofNat.{0} Nat (nat_lit 1) (instOfNatNat (nat_lit 1))))
                  (@Prod.mk.{0, 0} Nat Nat r q)))
              v))
          (@HMul.hMul.{0, 0, 0} Nat Nat Nat (@instHMul.{0} Nat instMulNat)
            (@HPow.hPow.{0, 0, 0} Nat Nat Nat (@instHPow.{0, 0} Nat Nat (@instPowNat.{0} Nat instNatPowNat))
              (@OfNat.ofNat.{0} Nat (nat_lit 2) (instOfNatNat (nat_lit 2)))
              (@HAdd.hAdd.{0, 0, 0} Nat Nat Nat (@instHAdd.{0} Nat instAddNat) k
                (@OfNat.ofNat.{0} Nat (nat_lit 1) (instOfNatNat (nat_lit 1)))))
            (@HAdd.hAdd.{0, 0, 0} Nat Nat Nat (@instHAdd.{0} Nat instAddNat) r
              (@HMul.hMul.{0, 0, 0} Nat Nat Nat (@instHMul.{0} Nat instMulNat) q v))))
        (@Eq.{1} Nat
          (@HAdd.hAdd.{0, 0, 0} Nat Nat Nat (@instHAdd.{0} Nat instAddNat)
            (@Prod.fst.{0, 0} Nat Nat (RootLDL.loop v k (RootLDL.step v (@Prod.mk.{0, 0} Nat Nat r q))))
            (@HMul.hMul.{0, 0, 0} Nat Nat Nat (@instHMul.{0} Nat instMulNat)
              (@Prod.snd.{0, 0} Nat Nat (RootLDL.loop v k (RootLDL.step v (@Prod.mk.{0, 0} Nat Nat r q)))) v))
          (@HMul.hMul.{0, 0, 0} Nat Nat Nat (@instHMul.{0} Nat instMulNat)
            (@HPow.hPow.{0, 0, 0} Nat Nat Nat (@instHPow.{0, 0} Nat Nat (@instPowNat.{0} Nat instNatPowNat))
              (@OfNat.ofNat.{0} Nat (nat_lit 2) (instOfNatNat (nat_lit 2)))
              (@HAdd.hAdd.{0, 0, 0} Nat Nat Nat (@instHAdd.{0} Nat instAddNat) k
                (@OfNat.ofNat.{0} Nat (nat_lit 1) (instOfNatNat (nat_lit 1)))))
            (@HAdd.hAdd.{0, 0, 0} Nat Nat Nat (@instHAdd.{0} Nat instAddNat) r
              (@HMul.hMul.{0, 0, 0} Nat Nat Nat (@instHMul.{0} Nat instMulNat) q v))))
        (@id.{0}
          (@Eq.{1} Prop
            (@Eq.{1} Nat
              (@HAdd.hAdd.{0, 0, 0} Nat Nat Nat (@instHAdd.{0} Nat instAddNat)
                (@Prod.fst.{0, 0} Nat Nat
                  (RootLDL.loop v
                    (@HAdd.hAdd.{0, 0, 0} Nat Nat Nat (@instHAdd.{0} Nat instAddNat) k
                      (@OfNat.ofNat.{0} Nat (nat_lit 1) (instOfNatNat (nat_lit 1))))
                    (@Prod.mk.{0, 0} Nat Nat r q)))
                (@HMul.hMul.{0, 0, 0} Nat Nat Nat (@instHMul.{0} Nat instMulNat)
                  (@Prod.snd.{0, 0} Nat Nat
                    (RootLDL.loop v
                      (@HAdd.hAdd.{0, 0, 0} Nat Nat Nat (@instHAdd.{0} Nat instAddNat) k
                        (@OfNat.ofNat.{0} Nat (nat_lit 1) (instOfNatNat (nat_lit 1))))
                      (@Prod.mk.{0, 0} Nat Nat r q)))
                  v))
              (@HMul.hMul.{0, 0, 0} Nat Nat Nat (@instHMul.{0} Nat instMulNat)
                (@HPow.hPow.{0, 0, 0} Nat Nat Nat (@instHPow.{0, 0} Nat Nat (@instPowNat.{0} Nat instNatPowNat))
                  (@OfNat.ofNat.{0} Nat (nat_lit 2) (instOfNatNat (nat_lit 2)))
                  (@HAdd.hAdd.{0, 0, 0} Nat Nat Nat (@instHAdd.{0} Nat instAddNat) k
                    (@OfNat.ofNat.{0} Nat (nat_lit 1) (instOfNatNat (nat_lit 1)))))
                (@HAdd.hAdd.{0, 0, 0} Nat Nat Nat (@instHAdd.{0} Nat instAddNat) r
                  (@HMul.hMul.{0, 0, 0} Nat Nat Nat (@instHMul.{0} Nat instMulNat) q v))))
            (@Eq.{1} Nat
              (@HAdd.hAdd.{0, 0, 0} Nat Nat Nat (@instHAdd.{0} Nat instAddNat)
                (@Prod.fst.{0, 0} Nat Nat (RootLDL.loop v k (RootLDL.step v (@Prod.mk.{0, 0} Nat Nat r q))))
                (@HMul.hMul.{0, 0, 0} Nat Nat Nat (@instHMul.{0} Nat instMulNat)
                  (@Prod.snd.{0, 0} Nat Nat (RootLDL.loop v k (RootLDL.step v (@Prod.mk.{0, 0} Nat Nat r q)))) v))
              (@HMul.hMul.{0, 0, 0} Nat Nat Nat (@instHMul.{0} Nat instMulNat)
                (@HPow.hPow.{0, 0, 0} Nat Nat Nat (@instHPow.{0, 0} Nat Nat (@instPowNat.{0} Nat instNatPowNat))
                  (@OfNat.ofNat.{0} Nat (nat_lit 2) (instOfNatNat (nat_lit 2)))
                  (@HAdd.hAdd.{0, 0, 0} Nat Nat Nat (@instHAdd.{0} Nat instAddNat) k
                    (@OfNat.ofNat.{0} Nat (nat_lit 1) (instOfNatNat (nat_lit 1)))))
                (@HAdd.hAdd.{0, 0, 0} Nat Nat Nat (@instHAdd.{0} Nat instAddNat) r
                  (@HMul.hMul.{0, 0, 0} Nat Nat Nat (@instHMul.{0} Nat instMulNat) q v)))))
          (@congrArg.{1, 1} (Prod.{0, 0} Nat Nat) Prop (RootLDL.loop v (Nat.succ k) (@Prod.mk.{0, 0} Nat Nat r q))
            (RootLDL.loop v k (RootLDL.step v (@Prod.mk.{0, 0} Nat Nat r q)))
            (fun (_a : Prod.{0, 0} Nat Nat) =>
              @Eq.{1} Nat
                (@HAdd.hAdd.{0, 0, 0} Nat Nat Nat (@instHAdd.{0} Nat instAddNat) (@Prod.fst.{0, 0} Nat Nat _a)
                  (@HMul.hMul.{0, 0, 0} Nat Nat Nat (@instHMul.{0} Nat instMulNat) (@Prod.snd.{0, 0} Nat Nat _a) v))
                (@HMul.hMul.{0, 0, 0} Nat Nat Nat (@instHMul.{0} Nat instMulNat)
                  (@HPow.hPow.{0, 0, 0} Nat Nat Nat (@instHPow.{0, 0} Nat Nat (@instPowNat.{0} Nat instNatPowNat))
                    (@OfNat.ofNat.{0} Nat (nat_lit 2) (instOfNatNat (nat_lit 2)))
                    (@HAdd.hAdd.{0, 0, 0} Nat Nat Nat (@instHAdd.{0} Nat instAddNat) k
                      (@OfNat.ofNat.{0} Nat (nat_lit 1) (instOfNatNat (nat_lit 1)))))
                  (@HAdd.hAdd.{0, 0, 0} Nat Nat Nat (@instHAdd.{0} Nat instAddNat) r
                    (@HMul.hMul.{0, 0, 0} Nat Nat Nat (@instHMul.{0} Nat instMulNat) q v))))
            (RootLDL.loop.eq_2 v (@Prod.mk.{0, 0} Nat Nat r q) k)))
        (@Eq.mpr.{0}
          (@Eq.{1} Nat
            (@HAdd.hAdd.{0, 0, 0} Nat Nat Nat (@instHAdd.{0} Nat instAddNat)
              (@Prod.fst.{0, 0} Nat Nat (RootLDL.loop v k (RootLDL.step v (@Prod.mk.{0, 0} Nat Nat r q))))
              (@HMul.hMul.{0, 0, 0} Nat Nat Nat (@instHMul.{0} Nat instMulNat)
                (@Prod.snd.{0, 0} Nat Nat (RootLDL.loop v k (RootLDL.step v (@Prod.mk.{0, 0} Nat Nat r q)))) v))
            (@HMul.hMul.{0, 0, 0} Nat Nat Nat (@instHMul.{0} Nat instMulNat)
              (@HPow.hPow.{0, 0, 0} Nat Nat Nat (@instHPow.{0, 0} Nat Nat (@instPowNat.{0} Nat instNatPowNat))
                (@OfNat.ofNat.{0} Nat (nat_lit 2) (instOfNatNat (nat_lit 2)))
                (@HAdd.hAdd.{0, 0, 0} Nat Nat Nat (@instHAdd.{0} Nat instAddNat) k
                  (@OfNat.ofNat.{0} Nat (nat_lit 1) (instOfNatNat (nat_lit 1)))))
              (@HAdd.hAdd.{0, 0, 0} Nat Nat Nat (@instHAdd.{0} Nat instAddNat) r
                (@HMul.hMul.{0, 0, 0} Nat Nat Nat (@instHMul.{0} Nat instMulNat) q v))))
          (@Eq.{1} Nat
            (@HMul.hMul.{0, 0, 0} Nat Nat Nat (@instHMul.{0} Nat instMulNat)
              (@HPow.hPow.{0, 0, 0} Nat Nat Nat (@instHPow.{0, 0} Nat Nat (@instPowNat.{0} Nat instNatPowNat))
                (@OfNat.ofNat.{0} Nat (nat_lit 2) (instOfNatNat (nat_lit 2))) k)
              (@HAdd.hAdd.{0, 0, 0} Nat Nat Nat (@instHAdd.{0} Nat instAddNat)
                (@Prod.fst.{0, 0} Nat Nat (RootLDL.step v (@Prod.mk.{0, 0} Nat Nat r q)))
                (@HMul.hMul.{0, 0, 0} Nat Nat Nat (@instHMul.{0} Nat instMulNat)
                  (@Prod.snd.{0, 0} Nat Nat (RootLDL.step v (@Prod.mk.{0, 0} Nat Nat r q))) v)))
            (@HMul.hMul.{0, 0, 0} Nat Nat Nat (@instHMul.{0} Nat instMulNat)
              (@HPow.hPow.{0, 0, 0} Nat Nat Nat (@instHPow.{0, 0} Nat Nat (@instPowNat.{0} Nat instNatPowNat))
                (@OfNat.ofNat.{0} Nat (nat_lit 2) (instOfNatNat (nat_lit 2)))
                (@HAdd.hAdd.{0, 0, 0} Nat Nat Nat (@instHAdd.{0} Nat instAddNat) k
                  (@OfNat.ofNat.{0} Nat (nat_lit 1) (instOfNatNat (nat_lit 1)))))
              (@HAdd.hAdd.{0, 0, 0} Nat Nat Nat (@instHAdd.{0} Nat instAddNat) r
                (@HMul.hMul.{0, 0, 0} Nat Nat Nat (@instHMul.{0} Nat instMulNat) q v))))
          (@id.{0}
            (@Eq.{1} Prop
              (@Eq.{1} Nat
                (@HAdd.hAdd.{0, 0, 0} Nat Nat Nat (@instHAdd.{0} Nat instAddNat)
                  (@Prod.fst.{0, 0} Nat Nat (RootLDL.loop v k (RootLDL.step v (@Prod.mk.{0, 0} Nat Nat r q))))
                  (@HMul.hMul.{0, 0, 0} Nat Nat Nat (@instHMul.{0} Nat instMulNat)
                    (@Prod.snd.{0, 0} Nat Nat (RootLDL.loop v k (RootLDL.step v (@Prod.mk.{0, 0} Nat Nat r q)))) v))
                (@HMul.hMul.{0, 0, 0} Nat Nat Nat (@instHMul.{0} Nat instMulNat)
                  (@HPow.hPow.{0, 0, 0} Nat Nat Nat (@instHPow.{0, 0} Nat Nat (@instPowNat.{0} Nat instNatPowNat))
                    (@OfNat.ofNat.{0} Nat (nat_lit 2) (instOfNatNat (nat_lit 2)))
                    (@HAdd.hAdd.{0, 0, 0} Nat Nat Nat (@instHAdd.{0} Nat instAddNat) k
                      (@OfNat.ofNat.{0} Nat (nat_lit 1) (instOfNatNat (nat_lit 1)))))
                  (@HAdd.hAdd.{0, 0, 0} Nat Nat Nat (@instHAdd.{0} Nat instAddNat) r
                    (@HMul.hMul.{0, 0, 0} Nat Nat Nat (@instHMul.{0} Nat instMulNat) q v))))
              (@Eq.{1} Nat
                (@HMul.hMul.{0, 0, 0} Nat Nat Nat (@instHMul.{0} Nat instMulNat)
                  (@HPow.hPow.{0, 0, 0} Nat Nat Nat (@instHPow.{0, 0} Nat Nat (@instPowNat.{0} Nat instNatPowNat))
                    (@OfNat.ofNat.{0} Nat (nat_lit 2) (instOfNatNat (nat_lit 2))) k)
                  (@HAdd.hAdd.{0, 0, 0} Nat Nat Nat (@instHAdd.{0} Nat instAddNat)
                    (@Prod.fst.{0, 0} Nat Nat (RootLDL.step v (@Prod.mk.{0, 0} Nat Nat r q)))
                    (@HMul.hMul.{0, 0, 0} Nat Nat Nat (@instHMul.{0} Nat instMulNat)
                      (@Prod.snd.{0, 0} Nat Nat (RootLDL.step v (@Prod.mk.{0, 0} Nat Nat r q))) v)))
                (@HMul.hMul.{0, 0, 0} Nat Nat Nat (@instHMul.{0} Nat instMulNat)
                  (@HPow.hPow.{0, 0, 0} Nat Nat Nat (@instHPow.{0, 0} Nat Nat (@instPowNat.{0} Nat instNatPowNat))
                    (@OfNat.ofNat.{0} Nat (nat_lit 2) (instOfNatNat (nat_lit 2)))
                    (@HAdd.hAdd.{0, 0, 0} Nat Nat Nat (@instHAdd.{0} Nat instAddNat) k
                      (@OfNat.ofNat.{0} Nat (nat_lit 1) (instOfNatNat (nat_lit 1)))))
                  (@HAdd.hAdd.{0, 0, 0} Nat Nat Nat (@instHAdd.{0} Nat instAddNat) r
                    (@HMul.hMul.{0, 0, 0} Nat Nat Nat (@instHMul.{0} Nat instMulNat) q v)))))
            (@congrArg.{1, 1} Nat Prop
              (@HAdd.hAdd.{0, 0, 0} Nat Nat Nat (@instHAdd.{0} Nat instAddNat)
                (@Prod.fst.{0, 0} Nat Nat
                  (RootLDL.loop v k
                    (@Prod.mk.{0, 0} Nat Nat (@Prod.fst.{0, 0} Nat Nat (RootLDL.step v (@Prod.mk.{0, 0} Nat Nat r q)))
                      (@Prod.snd.{0, 0} Nat Nat (RootLDL.step v (@Prod.mk.{0, 0} Nat Nat r q))))))
                (@HMul.hMul.{0, 0, 0} Nat Nat Nat (@instHMul.{0} Nat instMulNat)
                  (@Prod.snd.{0, 0} Nat Nat
                    (RootLDL.loop v k
                      (@Prod.mk.{0, 0} Nat Nat (@Prod.fst.{0, 0} Nat Nat (RootLDL.step v (@Prod.mk.{0, 0} Nat Nat r q)))
                        (@Prod.snd.{0, 0} Nat Nat (RootLDL.step v (@Prod.mk.{0, 0} Nat Nat r q))))))
                  v))
              (@HMul.hMul.{0, 0, 0} Nat Nat Nat (@instHMul.{0} Nat instMulNat)
                (@HPow.hPow.{0, 0, 0} Nat Nat Nat (@instHPow.{0, 0} Nat Nat (@instPowNat.{0} Nat instNatPowNat))
                  (@OfNat.ofNat.{0} Nat (nat_lit 2) (instOfNatNat (nat_lit 2))) k)
                (@HAdd.hAdd.{0, 0, 0} Nat Nat Nat (@instHAdd.{0} Nat instAddNat)
                  (@Prod.fst.{0, 0} Nat Nat (RootLDL.step v (@Prod.mk.{0, 0} Nat Nat r q)))
                  (@HMul.hMul.{0, 0, 0} Nat Nat Nat (@instHMul.{0} Nat instMulNat)
                    (@Prod.snd.{0, 0} Nat Nat (RootLDL.step v (@Prod.mk.{0, 0} Nat Nat r q))) v)))
              (fun (_a : Nat) =>
                @Eq.{1} Nat _a
                  (@HMul.hMul.{0, 0, 0} Nat Nat Nat (@instHMul.{0} Nat instMulNat)
                    (@HPow.hPow.{0, 0, 0} Nat Nat Nat (@instHPow.{0, 0} Nat Nat (@instPowNat.{0} Nat instNatPowNat))
                      (@OfNat.ofNat.{0} Nat (nat_lit 2) (instOfNatNat (nat_lit 2)))
                      (@HAdd.hAdd.{0, 0, 0} Nat Nat Nat (@instHAdd.{0} Nat instAddNat) k
                        (@OfNat.ofNat.{0} Nat (nat_lit 1) (instOfNatNat (nat_lit 1)))))
                    (@HAdd.hAdd.{0, 0, 0} Nat Nat Nat (@instHAdd.{0} Nat instAddNat) r
                      (@HMul.hMul.{0, 0, 0} Nat Nat Nat (@instHMul.{0} Nat instMulNat) q v))))
              (ih (@Prod.fst.{0, 0} Nat Nat (RootLDL.step v (@Prod.mk.{0, 0} Nat Nat r q)))
                (@Prod.snd.{0, 0} Nat Nat (RootLDL.step v (@Prod.mk.{0, 0} Nat Nat r q))))))
          (@Eq.mpr.{0}
            (@Eq.{1} Nat
              (@HMul.hMul.{0, 0, 0} Nat Nat Nat (@instHMul.{0} Nat instMulNat)
                (@HPow.hPow.{0, 0, 0} Nat Nat Nat (@instHPow.{0, 0} Nat Nat (@instPowNat.{0} Nat instNatPowNat))
                  (@OfNat.ofNat.{0} Nat (nat_lit 2) (instOfNatNat (nat_lit 2))) k)
                (@HAdd.hAdd.{0, 0, 0} Nat Nat Nat (@instHAdd.{0} Nat instAddNat)
                  (@Prod.fst.{0, 0} Nat Nat (RootLDL.step v (@Prod.mk.{0, 0} Nat Nat r q)))
                  (@HMul.hMul.{0, 0, 0} Nat Nat Nat (@instHMul.{0} Nat instMulNat)
                    (@Prod.snd.{0, 0} Nat Nat (RootLDL.step v (@Prod.mk.{0, 0} Nat Nat r q))) v)))
              (@HMul.hMul.{0, 0, 0} Nat Nat Nat (@instHMul.{0} Nat instMulNat)
                (@HPow.hPow.{0, 0, 0} Nat Nat Nat (@instHPow.{0, 0} Nat Nat (@instPowNat.{0} Nat instNatPowNat))
                  (@OfNat.ofNat.{0} Nat (nat_lit 2) (instOfNatNat (nat_lit 2)))
                  (@HAdd.hAdd.{0, 0, 0} Nat Nat Nat (@instHAdd.{0} Nat instAddNat) k
                    (@OfNat.ofNat.{0} Nat (nat_lit 1) (instOfNatNat (nat_lit 1)))))
                (@HAdd.hAdd.{0, 0, 0} Nat Nat Nat (@instHAdd.{0} Nat instAddNat) r
                  (@HMul.hMul.{0, 0, 0} Nat Nat Nat (@instHMul.{0} Nat instMulNat) q v))))
            (@Eq.{1} Nat
              (@HMul.hMul.{0, 0, 0} Nat Nat Nat (@instHMul.{0} Nat instMulNat)
                (@HPow.hPow.{0, 0, 0} Nat Nat Nat (@instHPow.{0, 0} Nat Nat (@instPowNat.{0} Nat instNatPowNat))
                  (@OfNat.ofNat.{0} Nat (nat_lit 2) (instOfNatNat (nat_lit 2))) k)
                (@HMul.hMul.{0, 0, 0} Nat Nat Nat (@instHMul.{0} Nat instMulNat)
                  (@OfNat.ofNat.{0} Nat (nat_lit 2) (instOfNatNat (nat_lit 2)))
                  (@HAdd.hAdd.{0, 0, 0} Nat Nat Nat (@instHAdd.{0} Nat instAddNat) r
                    (@HMul.hMul.{0, 0, 0} Nat Nat Nat (@instHMul.{0} Nat instMulNat) q v))))
              (@HMul.hMul.{0, 0, 0} Nat Nat Nat (@instHMul.{0} Nat instMulNat)
                (@HPow.hPow.{0, 0, 0} Nat Nat Nat (@instHPow.{0, 0} Nat Nat (@instPowNat.{0} Nat instNatPowNat))
                  (@OfNat.ofNat.{0} Nat (nat_lit 2) (instOfNatNat (nat_lit 2)))
                  (@HAdd.hAdd.{0, 0, 0} Nat Nat Nat (@instHAdd.{0} Nat instAddNat) k
                    (@OfNat.ofNat.{0} Nat (nat_lit 1) (instOfNatNat (nat_lit 1)))))
                (@HAdd.hAdd.{0, 0, 0} Nat Nat Nat (@instHAdd.{0} Nat instAddNat) r
                  (@HMul.hMul.{0, 0, 0} Nat Nat Nat (@instHMul.{0} Nat instMulNat) q v))))
            (@id.{0}
              (@Eq.{1} Prop
                (@Eq.{1} Nat
                  (@HMul.hMul.{0, 0, 0} Nat Nat Nat (@instHMul.{0} Nat instMulNat)
                    (@HPow.hPow.{0, 0, 0} Nat Nat Nat (@instHPow.{0, 0} Nat Nat (@instPowNat.{0} Nat instNatPowNat))
                      (@OfNat.ofNat.{0} Nat (nat_lit 2) (instOfNatNat (nat_lit 2))) k)
                    (@HAdd.hAdd.{0, 0, 0} Nat Nat Nat (@instHAdd.{0} Nat instAddNat)
                      (@Prod.fst.{0, 0} Nat Nat (RootLDL.step v (@Prod.mk.{0, 0} Nat Nat r q)))
                      (@HMul.hMul.{0, 0, 0} Nat Nat Nat (@instHMul.{0} Nat instMulNat)
                        (@Prod.snd.{0, 0} Nat Nat (RootLDL.step v (@Prod.mk.{0, 0} Nat Nat r q))) v)))
                  (@HMul.hMul.{0, 0, 0} Nat Nat Nat (@instHMul.{0} Nat instMulNat)
                    (@HPow.hPow.{0, 0, 0} Nat Nat Nat (@instHPow.{0, 0} Nat Nat (@instPowNat.{0} Nat instNatPowNat))
                      (@OfNat.ofNat.{0} Nat (nat_lit 2) (instOfNatNat (nat_lit 2)))
                      (@HAdd.hAdd.{0, 0, 0} Nat Nat Nat (@instHAdd.{0} Nat instAddNat) k
                        (@OfNat.ofNat.{0} Nat (nat_lit 1) (instOfNatNat (nat_lit 1)))))
                    (@HAdd.hAdd.{0, 0, 0} Nat Nat Nat (@instHAdd.{0} Nat instAddNat) r
                      (@HMul.hMul.{0, 0, 0} Nat Nat Nat (@instHMul.{0} Nat instMulNat) q v))))
                (@Eq.{1} Nat
                  (@HMul.hMul.{0, 0, 0} Nat Nat Nat (@instHMul.{0} Nat instMulNat)
                    (@HPow.hPow.{0, 0, 0} Nat Nat Nat (@instHPow.{0, 0} Nat Nat (@instPowNat.{0} Nat instNatPowNat))
                      (@OfNat.ofNat.{0} Nat (nat_lit 2) (instOfNatNat (nat_lit 2))) k)
                    (@HMul.hMul.{0, 0, 0} Nat Nat Nat (@instHMul.{0} Nat instMulNat)
                      (@OfNat.ofNat.{0} Nat (nat_lit 2) (instOfNatNat (nat_lit 2)))
                      (@HAdd.hAdd.{0, 0, 0} Nat Nat Nat (@instHAdd.{0} Nat instAddNat) r
                        (@HMul.hMul.{0, 0, 0} Nat Nat Nat (@instHMul.{0} Nat instMulNat) q v))))
                  (@HMul.hMul.{0, 0, 0} Nat Nat Nat (@instHMul.{0} Nat instMulNat)
                    (@HPow.hPow.{0, 0, 0} Nat Nat Nat (@instHPow.{0, 0} Nat Nat (@instPowNat.{0} Nat instNatPowNat))
                      (@OfNat.ofNat.{0} Nat (nat_lit 2) (instOfNatNat (nat_lit 2)))
                      (@HAdd.hAdd.{0, 0, 0} Nat Nat Nat (@instHAdd.{0} Nat instAddNat) k
                        (@OfNat.ofNat.{0} Nat (nat_lit 1) (instOfNatNat (nat_lit 1)))))
                    (@HAdd.hAdd.{0, 0, 0} Nat Nat Nat (@instHAdd.{0} Nat instAddNat) r
                      (@HMul.hMul.{0, 0, 0} Nat Nat Nat (@instHMul.{0} Nat instMulNat) q v)))))
              (@congrArg.{1, 1} Nat Prop
                (@HAdd.hAdd.{0, 0, 0} Nat Nat Nat (@instHAdd.{0} Nat instAddNat)
                  (@Prod.fst.{0, 0} Nat Nat (RootLDL.step v (@Prod.mk.{0, 0} Nat Nat r q)))
                  (@HMul.hMul.{0, 0, 0} Nat Nat Nat (@instHMul.{0} Nat instMulNat)
                    (@Prod.snd.{0, 0} Nat Nat (RootLDL.step v (@Prod.mk.{0, 0} Nat Nat r q))) v))
                (@HMul.hMul.{0, 0, 0} Nat Nat Nat (@instHMul.{0} Nat instMulNat)
                  (@OfNat.ofNat.{0} Nat (nat_lit 2) (instOfNatNat (nat_lit 2)))
                  (@HAdd.hAdd.{0, 0, 0} Nat Nat Nat (@instHAdd.{0} Nat instAddNat) r
                    (@HMul.hMul.{0, 0, 0} Nat Nat Nat (@instHMul.{0} Nat instMulNat) q v)))
                (fun (_a : Nat) =>
                  @Eq.{1} Nat
                    (@HMul.hMul.{0, 0, 0} Nat Nat Nat (@instHMul.{0} Nat instMulNat)
                      (@HPow.hPow.{0, 0, 0} Nat Nat Nat (@instHPow.{0, 0} Nat Nat (@instPowNat.{0} Nat instNatPowNat))
                        (@OfNat.ofNat.{0} Nat (nat_lit 2) (instOfNatNat (nat_lit 2))) k)
                      _a)
                    (@HMul.hMul.{0, 0, 0} Nat Nat Nat (@instHMul.{0} Nat instMulNat)
                      (@HPow.hPow.{0, 0, 0} Nat Nat Nat (@instHPow.{0, 0} Nat Nat (@instPowNat.{0} Nat instNatPowNat))
                        (@OfNat.ofNat.{0} Nat (nat_lit 2) (instOfNatNat (nat_lit 2)))
                        (@HAdd.hAdd.{0, 0, 0} Nat Nat Nat (@instHAdd.{0} Nat instAddNat) k
                          (@OfNat.ofNat.{0} Nat (nat_lit 1) (instOfNatNat (nat_lit 1)))))
                      (@HAdd.hAdd.{0, 0, 0} Nat Nat Nat (@instHAdd.{0} Nat instAddNat) r
                        (@HMul.hMul.{0, 0, 0} Nat Nat Nat (@instHMul.{0} Nat instMulNat) q v))))
                (RootLDL.step_invariant v r q)))
            (@Eq.mpr.{0}
              (@Eq.{1} Nat
                (@HMul.hMul.{0, 0, 0} Nat Nat Nat (@instHMul.{0} Nat instMulNat)
                  (@HPow.hPow.{0, 0, 0} Nat Nat Nat (@instHPow.{0, 0} Nat Nat (@instPowNat.{0} Nat instNatPowNat))
                    (@OfNat.ofNat.{0} Nat (nat_lit 2) (instOfNatNat (nat_lit 2))) k)
                  (@HMul.hMul.{0, 0, 0} Nat Nat Nat (@instHMul.{0} Nat instMulNat)
                    (@OfNat.ofNat.{0} Nat (nat_lit 2) (instOfNatNat (nat_lit 2)))
                    (@HAdd.hAdd.{0, 0, 0} Nat Nat Nat (@instHAdd.{0} Nat instAddNat) r
                      (@HMul.hMul.{0, 0, 0} Nat Nat Nat (@instHMul.{0} Nat instMulNat) q v))))
                (@HMul.hMul.{0, 0, 0} Nat Nat Nat (@instHMul.{0} Nat instMulNat)
                  (@HPow.hPow.{0, 0, 0} Nat Nat Nat (@instHPow.{0, 0} Nat Nat (@instPowNat.{0} Nat instNatPowNat))
                    (@OfNat.ofNat.{0} Nat (nat_lit 2) (instOfNatNat (nat_lit 2)))
                    (@HAdd.hAdd.{0, 0, 0} Nat Nat Nat (@instHAdd.{0} Nat instAddNat) k
                      (@OfNat.ofNat.{0} Nat (nat_lit 1) (instOfNatNat (nat_lit 1)))))
                  (@HAdd.hAdd.{0, 0, 0} Nat Nat Nat (@instHAdd.{0} Nat instAddNat) r
                    (@HMul.hMul.{0, 0, 0} Nat Nat Nat (@instHMul.{0} Nat instMulNat) q v))))
              (@Eq.{1} Nat
                (@HMul.hMul.{0, 0, 0} Nat Nat Nat (@instHMul.{0} Nat instMulNat)
                  (@HPow.hPow.{0, 0, 0} Nat Nat Nat (@instHPow.{0, 0} Nat Nat (@instPowNat.{0} Nat instNatPowNat))
                    (@OfNat.ofNat.{0} Nat (nat_lit 2) (instOfNatNat (nat_lit 2))) k)
                  (@HMul.hMul.{0, 0, 0} Nat Nat Nat (@instHMul.{0} Nat instMulNat)
                    (@OfNat.ofNat.{0} Nat (nat_lit 2) (instOfNatNat (nat_lit 2)))
                    (@HAdd.hAdd.{0, 0, 0} Nat Nat Nat (@instHAdd.{0} Nat instAddNat) r
                      (@HMul.hMul.{0, 0, 0} Nat Nat Nat (@instHMul.{0} Nat instMulNat) q v))))
                (@HMul.hMul.{0, 0, 0} Nat Nat Nat (@instHMul.{0} Nat instMulNat)
                  (@HMul.hMul.{0, 0, 0} Nat Nat Nat (@instHMul.{0} Nat instMulNat)
                    (@HPow.hPow.{0, 0, 0} Nat Nat Nat (@instHPow.{0, 0} Nat Nat (@instPowNat.{0} Nat instNatPowNat))
                      (@OfNat.ofNat.{0} Nat (nat_lit 2) (instOfNatNat (nat_lit 2))) k)
                    (@OfNat.ofNat.{0} Nat (nat_lit 2) (instOfNatNat (nat_lit 2))))
                  (@HAdd.hAdd.{0, 0, 0} Nat Nat Nat (@instHAdd.{0} Nat instAddNat) r
                    (@HMul.hMul.{0, 0, 0} Nat Nat Nat (@instHMul.{0} Nat instMulNat) q v))))
              (@id.{0}
                (@Eq.{1} Prop
                  (@Eq.{1} Nat
                    (@HMul.hMul.{0, 0, 0} Nat Nat Nat (@instHMul.{0} Nat instMulNat)
                      (@HPow.hPow.{0, 0, 0} Nat Nat Nat (@instHPow.{0, 0} Nat Nat (@instPowNat.{0} Nat instNatPowNat))
                        (@OfNat.ofNat.{0} Nat (nat_lit 2) (instOfNatNat (nat_lit 2))) k)
                      (@HMul.hMul.{0, 0, 0} Nat Nat Nat (@instHMul.{0} Nat instMulNat)
                        (@OfNat.ofNat.{0} Nat (nat_lit 2) (instOfNatNat (nat_lit 2)))
                        (@HAdd.hAdd.{0, 0, 0} Nat Nat Nat (@instHAdd.{0} Nat instAddNat) r
                          (@HMul.hMul.{0, 0, 0} Nat Nat Nat (@instHMul.{0} Nat instMulNat) q v))))
                    (@HMul.hMul.{0, 0, 0} Nat Nat Nat (@instHMul.{0} Nat instMulNat)
                      (@HPow.hPow.{0, 0, 0} Nat Nat Nat (@instHPow.{0, 0} Nat Nat (@instPowNat.{0} Nat instNatPowNat))
                        (@OfNat.ofNat.{0} Nat (nat_lit 2) (instOfNatNat (nat_lit 2)))
                        (@HAdd.hAdd.{0, 0, 0} Nat Nat Nat (@instHAdd.{0} Nat instAddNat) k
                          (@OfNat.ofNat.{0} Nat (nat_lit 1) (instOfNatNat (nat_lit 1)))))
                      (@HAdd.hAdd.{0, 0, 0} Nat Nat Nat (@instHAdd.{0} Nat instAddNat) r
                        (@HMul.hMul.{0, 0, 0} Nat Nat Nat (@instHMul.{0} Nat instMulNat) q v))))
                  (@Eq.{1} Nat
                    (@HMul.hMul.{0, 0, 0} Nat Nat Nat (@instHMul.{0} Nat instMulNat)
                      (@HPow.hPow.{0, 0, 0} Nat Nat Nat (@instHPow.{0, 0} Nat Nat (@instPowNat.{0} Nat instNatPowNat))
                        (@OfNat.ofNat.{0} Nat (nat_lit 2) (instOfNatNat (nat_lit 2))) k)
                      (@HMul.hMul.{0, 0, 0} Nat Nat Nat (@instHMul.{0} Nat instMulNat)
                        (@OfNat.ofNat.{0} Nat (nat_lit 2) (instOfNatNat (nat_lit 2)))
                        (@HAdd.hAdd.{0, 0, 0} Nat Nat Nat (@instHAdd.{0} Nat instAddNat) r
                          (@HMul.hMul.{0, 0, 0} Nat Nat Nat (@instHMul.{0} Nat instMulNat) q v))))
                    (@HMul.hMul.{0, 0, 0} Nat Nat Nat (@instHMul.{0} Nat instMulNat)
                      (@HMul.hMul.{0, 0, 0} Nat Nat Nat (@instHMul.{0} Nat instMulNat)
                        (@HPow.hPow.{0, 0, 0} Nat Nat Nat (@instHPow.{0, 0} Nat Nat (@instPowNat.{0} Nat instNatPowNat))
                          (@OfNat.ofNat.{0} Nat (nat_lit 2) (instOfNatNat (nat_lit 2))) k)
                        (@OfNat.ofNat.{0} Nat (nat_lit 2) (instOfNatNat (nat_lit 2))))
                      (@HAdd.hAdd.{0, 0, 0} Nat Nat Nat (@instHAdd.{0} Nat instAddNat) r
                        (@HMul.hMul.{0, 0, 0} Nat Nat Nat (@instHMul.{0} Nat instMulNat) q v)))))
                (@congrArg.{1, 1} Nat Prop
                  (@HPow.hPow.{0, 0, 0} Nat Nat Nat (@instHPow.{0, 0} Nat Nat (@instPowNat.{0} Nat instNatPowNat))
                    (@OfNat.ofNat.{0} Nat (nat_lit 2) (instOfNatNat (nat_lit 2))) (Nat.succ k))
                  (@HMul.hMul.{0, 0, 0} Nat Nat Nat (@instHMul.{0} Nat instMulNat)
                    (@HPow.hPow.{0, 0, 0} Nat Nat Nat (@instHPow.{0, 0} Nat Nat (@instPowNat.{0} Nat instNatPowNat))
                      (@OfNat.ofNat.{0} Nat (nat_lit 2) (instOfNatNat (nat_lit 2))) k)
                    (@OfNat.ofNat.{0} Nat (nat_lit 2) (instOfNatNat (nat_lit 2))))
                  (fun (_a : Nat) =>
                    @Eq.{1} Nat
                      (@HMul.hMul.{0, 0, 0} Nat Nat Nat (@instHMul.{0} Nat instMulNat)
                        (@HPow.hPow.{0, 0, 0} Nat Nat Nat (@instHPow.{0, 0} Nat Nat (@instPowNat.{0} Nat instNatPowNat))
                          (@OfNat.ofNat.{0} Nat (nat_lit 2) (instOfNatNat (nat_lit 2))) k)
                        (@HMul.hMul.{0, 0, 0} Nat Nat Nat (@instHMul.{0} Nat instMulNat)
                          (@OfNat.ofNat.{0} Nat (nat_lit 2) (instOfNatNat (nat_lit 2)))
                          (@HAdd.hAdd.{0, 0, 0} Nat Nat Nat (@instHAdd.{0} Nat instAddNat) r
                            (@HMul.hMul.{0, 0, 0} Nat Nat Nat (@instHMul.{0} Nat instMulNat) q v))))
                      (@HMul.hMul.{0, 0, 0} Nat Nat Nat (@instHMul.{0} Nat instMulNat) _a
                        (@HAdd.hAdd.{0, 0, 0} Nat Nat Nat (@instHAdd.{0} Nat instAddNat) r
                          (@HMul.hMul.{0, 0, 0} Nat Nat Nat (@instHMul.{0} Nat instMulNat) q v))))
                  (Nat.pow_succ (@OfNat.ofNat.{0} Nat (nat_lit 2) (instOfNatNat (nat_lit 2))) k)))
              (@of_eq_true
                (@Eq.{1} Nat
                  (@HMul.hMul.{0, 0, 0} Nat Nat Nat (@instHMul.{0} Nat instMulNat)
                    (@HPow.hPow.{0, 0, 0} Nat Nat Nat (@instHPow.{0, 0} Nat Nat (@instPowNat.{0} Nat instNatPowNat))
                      (@OfNat.ofNat.{0} Nat (nat_lit 2) (instOfNatNat (nat_lit 2))) k)
                    (@HMul.hMul.{0, 0, 0} Nat Nat Nat (@instHMul.{0} Nat instMulNat)
                      (@OfNat.ofNat.{0} Nat (nat_lit 2) (instOfNatNat (nat_lit 2)))
                      (@HAdd.hAdd.{0, 0, 0} Nat Nat Nat (@instHAdd.{0} Nat instAddNat) r
                        (@HMul.hMul.{0, 0, 0} Nat Nat Nat (@instHMul.{0} Nat instMulNat) q v))))
                  (@HMul.hMul.{0, 0, 0} Nat Nat Nat (@instHMul.{0} Nat instMulNat)
                    (@HMul.hMul.{0, 0, 0} Nat Nat Nat (@instHMul.{0} Nat instMulNat)
                      (@HPow.hPow.{0, 0, 0} Nat Nat Nat (@instHPow.{0, 0} Nat Nat (@instPowNat.{0} Nat instNatPowNat))
                        (@OfNat.ofNat.{0} Nat (nat_lit 2) (instOfNatNat (nat_lit 2))) k)
                      (@OfNat.ofNat.{0} Nat (nat_lit 2) (instOfNatNat (nat_lit 2))))
                    (@HAdd.hAdd.{0, 0, 0} Nat Nat Nat (@instHAdd.{0} Nat instAddNat) r
                      (@HMul.hMul.{0, 0, 0} Nat Nat Nat (@instHMul.{0} Nat instMulNat) q v))))
                (@Eq.trans.{1} Prop
                  (@Eq.{1} Nat
                    (@HMul.hMul.{0, 0, 0} Nat Nat Nat (@instHMul.{0} Nat instMulNat)
                      (@HPow.hPow.{0, 0, 0} Nat Nat Nat (@instHPow.{0, 0} Nat Nat (@instPowNat.{0} Nat instNatPowNat))
                        (@OfNat.ofNat.{0} Nat (nat_lit 2) (instOfNatNat (nat_lit 2))) k)
                      (@HMul.hMul.{0, 0, 0} Nat Nat Nat (@instHMul.{0} Nat instMulNat)
                        (@OfNat.ofNat.{0} Nat (nat_lit 2) (instOfNatNat (nat_lit 2)))
                        (@HAdd.hAdd.{0, 0, 0} Nat Nat Nat (@instHAdd.{0} Nat instAddNat) r
                          (@HMul.hMul.{0, 0, 0} Nat Nat Nat (@instHMul.{0} Nat instMulNat) q v))))
                    (@HMul.hMul.{0, 0, 0} Nat Nat Nat (@instHMul.{0} Nat instMulNat)
                      (@HMul.hMul.{0, 0, 0} Nat Nat Nat (@instHMul.{0} Nat instMulNat)
                        (@HPow.hPow.{0, 0, 0} Nat Nat Nat (@instHPow.{0, 0} Nat Nat (@instPowNat.{0} Nat instNatPowNat))
                          (@OfNat.ofNat.{0} Nat (nat_lit 2) (instOfNatNat (nat_lit 2))) k)
                        (@OfNat.ofNat.{0} Nat (nat_lit 2) (instOfNatNat (nat_lit 2))))
                      (@HAdd.hAdd.{0, 0, 0} Nat Nat Nat (@instHAdd.{0} Nat instAddNat) r
                        (@HMul.hMul.{0, 0, 0} Nat Nat Nat (@instHMul.{0} Nat instMulNat) q v))))
                  (@Eq.{1} Nat
                    (@HMul.hMul.{0, 0, 0} Nat Nat Nat (@instHMul.{0} Nat instMulNat)
                      (@HPow.hPow.{0, 0, 0} Nat Nat Nat (@instHPow.{0, 0} Nat Nat (@instPowNat.{0} Nat instNatPowNat))
                        (@OfNat.ofNat.{0} Nat (nat_lit 2) (instOfNatNat (nat_lit 2))) k)
                      (@HMul.hMul.{0, 0, 0} Nat Nat Nat (@instHMul.{0} Nat instMulNat)
                        (@OfNat.ofNat.{0} Nat (nat_lit 2) (instOfNatNat (nat_lit 2)))
                        (@HAdd.hAdd.{0, 0, 0} Nat Nat Nat (@instHAdd.{0} Nat instAddNat) r
                          (@HMul.hMul.{0, 0, 0} Nat Nat Nat (@instHMul.{0} Nat instMulNat) q v))))
                    (@HMul.hMul.{0, 0, 0} Nat Nat Nat (@instHMul.{0} Nat instMulNat)
                      (@HPow.hPow.{0, 0, 0} Nat Nat Nat (@instHPow.{0, 0} Nat Nat (@instPowNat.{0} Nat instNatPowNat))
                        (@OfNat.ofNat.{0} Nat (nat_lit 2) (instOfNatNat (nat_lit 2))) k)
                      (@HMul.hMul.{0, 0, 0} Nat Nat Nat (@instHMul.{0} Nat instMulNat)
                        (@OfNat.ofNat.{0} Nat (nat_lit 2) (instOfNatNat (nat_lit 2)))
                        (@HAdd.hAdd.{0, 0, 0} Nat Nat Nat (@instHAdd.{0} Nat instAddNat) r
                          (@HMul.hMul.{0, 0, 0} Nat Nat Nat (@instHMul.{0} Nat instMulNat) q v)))))
                  True
                  (@congrArg.{1, 1} Nat Prop
                    (@HMul.hMul.{0, 0, 0} Nat Nat Nat (@instHMul.{0} Nat instMulNat)
                      (@HMul.hMul.{0, 0, 0} Nat Nat Nat (@instHMul.{0} Nat instMulNat)
                        (@HPow.hPow.{0, 0, 0} Nat Nat Nat (@instHPow.{0, 0} Nat Nat (@instPowNat.{0} Nat instNatPowNat))
                          (@OfNat.ofNat.{0} Nat (nat_lit 2) (instOfNatNat (nat_lit 2))) k)
                        (@OfNat.ofNat.{0} Nat (nat_lit 2) (instOfNatNat (nat_lit 2))))
                      (@HAdd.hAdd.{0, 0, 0} Nat Nat Nat (@instHAdd.{0} Nat instAddNat) r
                        (@HMul.hMul.{0, 0, 0} Nat Nat Nat (@instHMul.{0} Nat instMulNat) q v)))
                    (@HMul.hMul.{0, 0, 0} Nat Nat Nat (@instHMul.{0} Nat instMulNat)
                      (@HPow.hPow.{0, 0, 0} Nat Nat Nat (@instHPow.{0, 0} Nat Nat (@instPowNat.{0} Nat instNatPowNat))
                        (@OfNat.ofNat.{0} Nat (nat_lit 2) (instOfNatNat (nat_lit 2))) k)
                      (@HMul.hMul.{0, 0, 0} Nat Nat Nat (@instHMul.{0} Nat instMulNat)
                        (@OfNat.ofNat.{0} Nat (nat_lit 2) (instOfNatNat (nat_lit 2)))
                        (@HAdd.hAdd.{0, 0, 0} Nat Nat Nat (@instHAdd.{0} Nat instAddNat) r
                          (@HMul.hMul.{0, 0, 0} Nat Nat Nat (@instHMul.{0} Nat instMulNat) q v))))
                    (@Eq.{1} Nat
                      (@HMul.hMul.{0, 0, 0} Nat Nat Nat (@instHMul.{0} Nat instMulNat)
                        (@HPow.hPow.{0, 0, 0} Nat Nat Nat (@instHPow.{0, 0} Nat Nat (@instPowNat.{0} Nat instNatPowNat))
                          (@OfNat.ofNat.{0} Nat (nat_lit 2) (instOfNatNat (nat_lit 2))) k)
                        (@HMul.hMul.{0, 0, 0} Nat Nat Nat (@instHMul.{0} Nat instMulNat)
                          (@OfNat.ofNat.{0} Nat (nat_lit 2) (instOfNatNat (nat_lit 2)))
                          (@HAdd.hAdd.{0, 0, 0} Nat Nat Nat (@instHAdd.{0} Nat instAddNat) r
                            (@HMul.hMul.{0, 0, 0} Nat Nat Nat (@instHMul.{0} Nat instMulNat) q v)))))
                    (Nat.mul_assoc
                      (@HPow.hPow.{0, 0, 0} Nat Nat Nat (@instHPow.{0, 0} Nat Nat (@instPowNat.{0} Nat instNatPowNat))
                        (@OfNat.ofNat.{0} Nat (nat_lit 2) (instOfNatNat (nat_lit 2))) k)
                      (@OfNat.ofNat.{0} Nat (nat_lit 2) (instOfNatNat (nat_lit 2)))
                      (@HAdd.hAdd.{0, 0, 0} Nat Nat Nat (@instHAdd.{0} Nat instAddNat) r
                        (@HMul.hMul.{0, 0, 0} Nat Nat Nat (@instHMul.{0} Nat instMulNat) q v))))
                  (@eq_self.{1} Nat
                    (@HMul.hMul.{0, 0, 0} Nat Nat Nat (@instHMul.{0} Nat instMulNat)
                      (@HPow.hPow.{0, 0, 0} Nat Nat Nat (@instHPow.{0, 0} Nat Nat (@instPowNat.{0} Nat instNatPowNat))
                        (@OfNat.ofNat.{0} Nat (nat_lit 2) (instOfNatNat (nat_lit 2))) k)
                      (@HMul.hMul.{0, 0, 0} Nat Nat Nat (@instHMul.{0} Nat instMulNat)
                        (@OfNat.ofNat.{0} Nat (nat_lit 2) (instOfNatNat (nat_lit 2)))
                        (@HAdd.hAdd.{0, 0, 0} Nat Nat Nat (@instHAdd.{0} Nat instAddNat) r
                          (@HMul.hMul.{0, 0, 0} Nat Nat Nat (@instHMul.{0} Nat instMulNat) q v)))))))))))
    k r q
RootLDL.loop55 : ∀ (u v : Nat)
  (hu :
    And
      (@LE.le.{0} Nat instLENat
        (@OfNat.ofNat.{0} Nat (nat_lit 4503599627370496) (instOfNatNat (nat_lit 4503599627370496))) u)
      (@LT.lt.{0} Nat instLTNat u
        (@OfNat.ofNat.{0} Nat (nat_lit 9007199254740992) (instOfNatNat (nat_lit 9007199254740992)))))
  (hv :
    And
      (@LE.le.{0} Nat instLENat
        (@OfNat.ofNat.{0} Nat (nat_lit 4503599627370496) (instOfNatNat (nat_lit 4503599627370496))) v)
      (@LT.lt.{0} Nat instLTNat v
        (@OfNat.ofNat.{0} Nat (nat_lit 9007199254740992) (instOfNatNat (nat_lit 9007199254740992))))),
  And
    (@LT.lt.{0} Nat instLTNat
      (@Prod.fst.{0, 0} Nat Nat
        (RootLDL.loop v (@OfNat.ofNat.{0} Nat (nat_lit 55) (instOfNatNat (nat_lit 55)))
          (@Prod.mk.{0, 0} Nat Nat u (@OfNat.ofNat.{0} Nat (nat_lit 0) (instOfNatNat (nat_lit 0))))))
      (@HMul.hMul.{0, 0, 0} Nat Nat Nat (@instHMul.{0} Nat instMulNat)
        (@OfNat.ofNat.{0} Nat (nat_lit 2) (instOfNatNat (nat_lit 2))) v))
    (@Eq.{1} Nat
      (@HAdd.hAdd.{0, 0, 0} Nat Nat Nat (@instHAdd.{0} Nat instAddNat)
        (@Prod.fst.{0, 0} Nat Nat
          (RootLDL.loop v (@OfNat.ofNat.{0} Nat (nat_lit 55) (instOfNatNat (nat_lit 55)))
            (@Prod.mk.{0, 0} Nat Nat u (@OfNat.ofNat.{0} Nat (nat_lit 0) (instOfNatNat (nat_lit 0))))))
        (@HMul.hMul.{0, 0, 0} Nat Nat Nat (@instHMul.{0} Nat instMulNat)
          (@Prod.snd.{0, 0} Nat Nat
            (RootLDL.loop v (@OfNat.ofNat.{0} Nat (nat_lit 55) (instOfNatNat (nat_lit 55)))
              (@Prod.mk.{0, 0} Nat Nat u (@OfNat.ofNat.{0} Nat (nat_lit 0) (instOfNatNat (nat_lit 0))))))
          v))
      (@HMul.hMul.{0, 0, 0} Nat Nat Nat (@instHMul.{0} Nat instMulNat)
        (@OfNat.ofNat.{0} Nat (nat_lit 36028797018963968) (instOfNatNat (nat_lit 36028797018963968))) u))
theorem RootLDL.loop55 : ∀ (u v : Nat)
  (hu :
    And
      (@LE.le.{0} Nat instLENat
        (@OfNat.ofNat.{0} Nat (nat_lit 4503599627370496) (instOfNatNat (nat_lit 4503599627370496))) u)
      (@LT.lt.{0} Nat instLTNat u
        (@OfNat.ofNat.{0} Nat (nat_lit 9007199254740992) (instOfNatNat (nat_lit 9007199254740992)))))
  (hv :
    And
      (@LE.le.{0} Nat instLENat
        (@OfNat.ofNat.{0} Nat (nat_lit 4503599627370496) (instOfNatNat (nat_lit 4503599627370496))) v)
      (@LT.lt.{0} Nat instLTNat v
        (@OfNat.ofNat.{0} Nat (nat_lit 9007199254740992) (instOfNatNat (nat_lit 9007199254740992))))),
  And
    (@LT.lt.{0} Nat instLTNat
      (@Prod.fst.{0, 0} Nat Nat
        (RootLDL.loop v (@OfNat.ofNat.{0} Nat (nat_lit 55) (instOfNatNat (nat_lit 55)))
          (@Prod.mk.{0, 0} Nat Nat u (@OfNat.ofNat.{0} Nat (nat_lit 0) (instOfNatNat (nat_lit 0))))))
      (@HMul.hMul.{0, 0, 0} Nat Nat Nat (@instHMul.{0} Nat instMulNat)
        (@OfNat.ofNat.{0} Nat (nat_lit 2) (instOfNatNat (nat_lit 2))) v))
    (@Eq.{1} Nat
      (@HAdd.hAdd.{0, 0, 0} Nat Nat Nat (@instHAdd.{0} Nat instAddNat)
        (@Prod.fst.{0, 0} Nat Nat
          (RootLDL.loop v (@OfNat.ofNat.{0} Nat (nat_lit 55) (instOfNatNat (nat_lit 55)))
            (@Prod.mk.{0, 0} Nat Nat u (@OfNat.ofNat.{0} Nat (nat_lit 0) (instOfNatNat (nat_lit 0))))))
        (@HMul.hMul.{0, 0, 0} Nat Nat Nat (@instHMul.{0} Nat instMulNat)
          (@Prod.snd.{0, 0} Nat Nat
            (RootLDL.loop v (@OfNat.ofNat.{0} Nat (nat_lit 55) (instOfNatNat (nat_lit 55)))
              (@Prod.mk.{0, 0} Nat Nat u (@OfNat.ofNat.{0} Nat (nat_lit 0) (instOfNatNat (nat_lit 0))))))
          v))
      (@HMul.hMul.{0, 0, 0} Nat Nat Nat (@instHMul.{0} Nat instMulNat)
        (@OfNat.ofNat.{0} Nat (nat_lit 36028797018963968) (instOfNatNat (nat_lit 36028797018963968))) u)) :=
fun (u v : Nat)
    (hu :
      And
        (@LE.le.{0} Nat instLENat
          (@OfNat.ofNat.{0} Nat (nat_lit 4503599627370496) (instOfNatNat (nat_lit 4503599627370496))) u)
        (@LT.lt.{0} Nat instLTNat u
          (@OfNat.ofNat.{0} Nat (nat_lit 9007199254740992) (instOfNatNat (nat_lit 9007199254740992)))))
    (hv :
      And
        (@LE.le.{0} Nat instLENat
          (@OfNat.ofNat.{0} Nat (nat_lit 4503599627370496) (instOfNatNat (nat_lit 4503599627370496))) v)
        (@LT.lt.{0} Nat instLTNat v
          (@OfNat.ofNat.{0} Nat (nat_lit 9007199254740992) (instOfNatNat (nat_lit 9007199254740992))))) =>
  @And.intro
    (@LT.lt.{0} Nat instLTNat
      (@Prod.fst.{0, 0} Nat Nat
        (RootLDL.loop v (@OfNat.ofNat.{0} Nat (nat_lit 55) (instOfNatNat (nat_lit 55)))
          (@Prod.mk.{0, 0} Nat Nat u (@OfNat.ofNat.{0} Nat (nat_lit 0) (instOfNatNat (nat_lit 0))))))
      (@HMul.hMul.{0, 0, 0} Nat Nat Nat (@instHMul.{0} Nat instMulNat)
        (@OfNat.ofNat.{0} Nat (nat_lit 2) (instOfNatNat (nat_lit 2))) v))
    (@Eq.{1} Nat
      (@HAdd.hAdd.{0, 0, 0} Nat Nat Nat (@instHAdd.{0} Nat instAddNat)
        (@Prod.fst.{0, 0} Nat Nat
          (RootLDL.loop v (@OfNat.ofNat.{0} Nat (nat_lit 55) (instOfNatNat (nat_lit 55)))
            (@Prod.mk.{0, 0} Nat Nat u (@OfNat.ofNat.{0} Nat (nat_lit 0) (instOfNatNat (nat_lit 0))))))
        (@HMul.hMul.{0, 0, 0} Nat Nat Nat (@instHMul.{0} Nat instMulNat)
          (@Prod.snd.{0, 0} Nat Nat
            (RootLDL.loop v (@OfNat.ofNat.{0} Nat (nat_lit 55) (instOfNatNat (nat_lit 55)))
              (@Prod.mk.{0, 0} Nat Nat u (@OfNat.ofNat.{0} Nat (nat_lit 0) (instOfNatNat (nat_lit 0))))))
          v))
      (@HMul.hMul.{0, 0, 0} Nat Nat Nat (@instHMul.{0} Nat instMulNat)
        (@OfNat.ofNat.{0} Nat (nat_lit 36028797018963968) (instOfNatNat (nat_lit 36028797018963968))) u))
    (RootLDL.loop_range v (@OfNat.ofNat.{0} Nat (nat_lit 55) (instOfNatNat (nat_lit 55))) u
      (@OfNat.ofNat.{0} Nat (nat_lit 0) (instOfNatNat (nat_lit 0)))
      (@Decidable.byContradiction
        (@LT.lt.{0} Nat instLTNat u
          (@HMul.hMul.{0, 0, 0} Nat Nat Nat (@instHMul.{0} Nat instMulNat)
            (@OfNat.ofNat.{0} Nat (nat_lit 2) (instOfNatNat (nat_lit 2))) v))
        (Nat.decLt u
          (@HMul.hMul.{0, 0, 0} Nat Nat Nat (@instHMul.{0} Nat instMulNat)
            (@OfNat.ofNat.{0} Nat (nat_lit 2) (instOfNatNat (nat_lit 2))) v))
        fun
          (a :
            Not
              (@LT.lt.{0} Nat instLTNat u
                (@HMul.hMul.{0, 0, 0} Nat Nat Nat (@instHMul.{0} Nat instMulNat)
                  (@OfNat.ofNat.{0} Nat (nat_lit 2) (instOfNatNat (nat_lit 2))) v))) =>
        RootLDL.loop55._proof_1_1 u v hu hv a))
    (@Eq.mp.{0}
      (@Eq.{1} Nat
        (@HAdd.hAdd.{0, 0, 0} Nat Nat Nat (@instHAdd.{0} Nat instAddNat)
          (@Prod.fst.{0, 0} Nat Nat
            (RootLDL.loop v (@OfNat.ofNat.{0} Nat (nat_lit 55) (instOfNatNat (nat_lit 55)))
              (@Prod.mk.{0, 0} Nat Nat u (@OfNat.ofNat.{0} Nat (nat_lit 0) (instOfNatNat (nat_lit 0))))))
          (@HMul.hMul.{0, 0, 0} Nat Nat Nat (@instHMul.{0} Nat instMulNat)
            (@Prod.snd.{0, 0} Nat Nat
              (RootLDL.loop v (@OfNat.ofNat.{0} Nat (nat_lit 55) (instOfNatNat (nat_lit 55)))
                (@Prod.mk.{0, 0} Nat Nat u (@OfNat.ofNat.{0} Nat (nat_lit 0) (instOfNatNat (nat_lit 0))))))
            v))
        (@HMul.hMul.{0, 0, 0} Nat Nat Nat (@instHMul.{0} Nat instMulNat)
          (@HPow.hPow.{0, 0, 0} Nat Nat Nat (@instHPow.{0, 0} Nat Nat (@instPowNat.{0} Nat instNatPowNat))
            (@OfNat.ofNat.{0} Nat (nat_lit 2) (instOfNatNat (nat_lit 2)))
            (@OfNat.ofNat.{0} Nat (nat_lit 55) (instOfNatNat (nat_lit 55))))
          (@HAdd.hAdd.{0, 0, 0} Nat Nat Nat (@instHAdd.{0} Nat instAddNat) u
            (@HMul.hMul.{0, 0, 0} Nat Nat Nat (@instHMul.{0} Nat instMulNat)
              (@OfNat.ofNat.{0} Nat (nat_lit 0) (instOfNatNat (nat_lit 0))) v))))
      (@Eq.{1} Nat
        (@HAdd.hAdd.{0, 0, 0} Nat Nat Nat (@instHAdd.{0} Nat instAddNat)
          (@Prod.fst.{0, 0} Nat Nat
            (RootLDL.loop v (@OfNat.ofNat.{0} Nat (nat_lit 55) (instOfNatNat (nat_lit 55)))
              (@Prod.mk.{0, 0} Nat Nat u (@OfNat.ofNat.{0} Nat (nat_lit 0) (instOfNatNat (nat_lit 0))))))
          (@HMul.hMul.{0, 0, 0} Nat Nat Nat (@instHMul.{0} Nat instMulNat)
            (@Prod.snd.{0, 0} Nat Nat
              (RootLDL.loop v (@OfNat.ofNat.{0} Nat (nat_lit 55) (instOfNatNat (nat_lit 55)))
                (@Prod.mk.{0, 0} Nat Nat u (@OfNat.ofNat.{0} Nat (nat_lit 0) (instOfNatNat (nat_lit 0))))))
            v))
        (@HMul.hMul.{0, 0, 0} Nat Nat Nat (@instHMul.{0} Nat instMulNat)
          (@OfNat.ofNat.{0} Nat (nat_lit 36028797018963968) (instOfNatNat (nat_lit 36028797018963968))) u))
      (@congrArg.{1, 1} Nat Prop
        (@HMul.hMul.{0, 0, 0} Nat Nat Nat (@instHMul.{0} Nat instMulNat)
          (@HPow.hPow.{0, 0, 0} Nat Nat Nat (@instHPow.{0, 0} Nat Nat (@instPowNat.{0} Nat instNatPowNat))
            (@OfNat.ofNat.{0} Nat (nat_lit 2) (instOfNatNat (nat_lit 2)))
            (@OfNat.ofNat.{0} Nat (nat_lit 55) (instOfNatNat (nat_lit 55))))
          (@HAdd.hAdd.{0, 0, 0} Nat Nat Nat (@instHAdd.{0} Nat instAddNat) u
            (@HMul.hMul.{0, 0, 0} Nat Nat Nat (@instHMul.{0} Nat instMulNat)
              (@OfNat.ofNat.{0} Nat (nat_lit 0) (instOfNatNat (nat_lit 0))) v)))
        (@HMul.hMul.{0, 0, 0} Nat Nat Nat (@instHMul.{0} Nat instMulNat)
          (@OfNat.ofNat.{0} Nat (nat_lit 36028797018963968) (instOfNatNat (nat_lit 36028797018963968))) u)
        (@Eq.{1} Nat
          (@HAdd.hAdd.{0, 0, 0} Nat Nat Nat (@instHAdd.{0} Nat instAddNat)
            (@Prod.fst.{0, 0} Nat Nat
              (RootLDL.loop v (@OfNat.ofNat.{0} Nat (nat_lit 55) (instOfNatNat (nat_lit 55)))
                (@Prod.mk.{0, 0} Nat Nat u (@OfNat.ofNat.{0} Nat (nat_lit 0) (instOfNatNat (nat_lit 0))))))
            (@HMul.hMul.{0, 0, 0} Nat Nat Nat (@instHMul.{0} Nat instMulNat)
              (@Prod.snd.{0, 0} Nat Nat
                (RootLDL.loop v (@OfNat.ofNat.{0} Nat (nat_lit 55) (instOfNatNat (nat_lit 55)))
                  (@Prod.mk.{0, 0} Nat Nat u (@OfNat.ofNat.{0} Nat (nat_lit 0) (instOfNatNat (nat_lit 0))))))
              v)))
        (@congrArg.{1, 1} Nat Nat
          (@HAdd.hAdd.{0, 0, 0} Nat Nat Nat (@instHAdd.{0} Nat instAddNat) u
            (@HMul.hMul.{0, 0, 0} Nat Nat Nat (@instHMul.{0} Nat instMulNat)
              (@OfNat.ofNat.{0} Nat (nat_lit 0) (instOfNatNat (nat_lit 0))) v))
          u
          (@HMul.hMul.{0, 0, 0} Nat Nat Nat (@instHMul.{0} Nat instMulNat)
            (@OfNat.ofNat.{0} Nat (nat_lit 36028797018963968) (instOfNatNat (nat_lit 36028797018963968))))
          (@congrArg.{1, 1} Nat Nat
            (@HMul.hMul.{0, 0, 0} Nat Nat Nat (@instHMul.{0} Nat instMulNat)
              (@OfNat.ofNat.{0} Nat (nat_lit 0) (instOfNatNat (nat_lit 0))) v)
            (@OfNat.ofNat.{0} Nat (nat_lit 0) (instOfNatNat (nat_lit 0)))
            (@HAdd.hAdd.{0, 0, 0} Nat Nat Nat (@instHAdd.{0} Nat instAddNat) u) (Nat.zero_mul v))))
      (RootLDL.loop_invariant v (@OfNat.ofNat.{0} Nat (nat_lit 55) (instOfNatNat (nat_lit 55))) u
        (@OfNat.ofNat.{0} Nat (nat_lit 0) (instOfNatNat (nat_lit 0)))))
@RootLDL.store_frame : ∀ {α : Type} (mem : Nat → α) (w : Prod.{0, 0} Nat α) (i : Nat)
  (hi : @LT.lt.{0} Nat instLTNat i (@OfNat.ofNat.{0} Nat (nat_lit 4608) (instOfNatNat (nat_lit 4608))))
  (hw :
    @LE.le.{0} Nat instLENat (@OfNat.ofNat.{0} Nat (nat_lit 4608) (instOfNatNat (nat_lit 4608)))
      (@Prod.fst.{0, 0} Nat α w)),
  @Eq.{1} α (@RootLDL.store α mem w i) (mem i)
theorem RootLDL.store_frame : ∀ {α : Type} (mem : Nat → α) (w : Prod.{0, 0} Nat α) (i : Nat)
  (hi : @LT.lt.{0} Nat instLTNat i (@OfNat.ofNat.{0} Nat (nat_lit 4608) (instOfNatNat (nat_lit 4608))))
  (hw :
    @LE.le.{0} Nat instLENat (@OfNat.ofNat.{0} Nat (nat_lit 4608) (instOfNatNat (nat_lit 4608)))
      (@Prod.fst.{0, 0} Nat α w)),
  @Eq.{1} α (@RootLDL.store α mem w i) (mem i) :=
fun {α : Type} (mem : Nat → α) (w : Prod.{0, 0} Nat α) (i : Nat)
    (hi : @LT.lt.{0} Nat instLTNat i (@OfNat.ofNat.{0} Nat (nat_lit 4608) (instOfNatNat (nat_lit 4608))))
    (hw :
      @LE.le.{0} Nat instLENat (@OfNat.ofNat.{0} Nat (nat_lit 4608) (instOfNatNat (nat_lit 4608)))
        (@Prod.fst.{0, 0} Nat α w)) =>
  @of_eq_true (@Eq.{1} α (@RootLDL.store α mem w i) (mem i))
    (@Eq.trans.{1} Prop (@Eq.{1} α (@RootLDL.store α mem w i) (mem i)) (@Eq.{1} α (mem i) (mem i)) True
      (@congrFun'.{1, 1} α Prop (@Eq.{1} α (@RootLDL.store α mem w i)) (@Eq.{1} α (mem i))
        (@congrArg.{1, 1} α (α → Prop) (@RootLDL.store α mem w i) (mem i) (@Eq.{1} α)
          (@ite_eq_right_of_eq_false.{1} α (@Eq.{1} Nat i (@Prod.fst.{0, 0} Nat α w))
            (instDecidableEqNat i (@Prod.fst.{0, 0} Nat α w)) (@Prod.snd.{0, 0} Nat α w) (mem i)
            (@eq_false (@Eq.{1} Nat i (@Prod.fst.{0, 0} Nat α w))
              (have this : @Ne.{1} Nat i (@Prod.fst.{0, 0} Nat α w) :=
                fun (a : @Eq.{1} Nat i (@Prod.fst.{0, 0} Nat α w)) => @RootLDL.store_frame._proof_1_2 α w i hi hw a;
              this))))
        (mem i))
      (@eq_self.{1} α (mem i)))
@RootLDL.root_frame : ∀ {α : Type} (mem : Nat → α) (ws : List.{0} (Prod.{0, 0} Nat α))
  (hw :
    ∀ (w : Prod.{0, 0} Nat α),
      @Membership.mem.{0, 0} (Prod.{0, 0} Nat α) (List.{0} (Prod.{0, 0} Nat α))
          (@List.instMembership.{0} (Prod.{0, 0} Nat α)) ws w →
        @LE.le.{0} Nat instLENat (@OfNat.ofNat.{0} Nat (nat_lit 4608) (instOfNatNat (nat_lit 4608)))
          (@Prod.fst.{0, 0} Nat α w))
  (i : Nat),
  @LT.lt.{0} Nat instLTNat i (@OfNat.ofNat.{0} Nat (nat_lit 4608) (instOfNatNat (nat_lit 4608))) →
    @Eq.{1} α (@RootLDL.runStores α mem ws i) (mem i)
theorem RootLDL.root_frame : ∀ {α : Type} (mem : Nat → α) (ws : List.{0} (Prod.{0, 0} Nat α))
  (hw :
    ∀ (w : Prod.{0, 0} Nat α),
      @Membership.mem.{0, 0} (Prod.{0, 0} Nat α) (List.{0} (Prod.{0, 0} Nat α))
          (@List.instMembership.{0} (Prod.{0, 0} Nat α)) ws w →
        @LE.le.{0} Nat instLENat (@OfNat.ofNat.{0} Nat (nat_lit 4608) (instOfNatNat (nat_lit 4608)))
          (@Prod.fst.{0, 0} Nat α w))
  (i : Nat),
  @LT.lt.{0} Nat instLTNat i (@OfNat.ofNat.{0} Nat (nat_lit 4608) (instOfNatNat (nat_lit 4608))) →
    @Eq.{1} α (@RootLDL.runStores α mem ws i) (mem i) :=
fun {α : Type} (mem : Nat → α) (ws : List.{0} (Prod.{0, 0} Nat α))
    (hw :
      ∀ (w : Prod.{0, 0} Nat α),
        @Membership.mem.{0, 0} (Prod.{0, 0} Nat α) (List.{0} (Prod.{0, 0} Nat α))
            (@List.instMembership.{0} (Prod.{0, 0} Nat α)) ws w →
          @LE.le.{0} Nat instLENat (@OfNat.ofNat.{0} Nat (nat_lit 4608) (instOfNatNat (nat_lit 4608)))
            (@Prod.fst.{0, 0} Nat α w)) =>
  @List.rec.{0, 0} (Prod.{0, 0} Nat α)
    (fun (ws : List.{0} (Prod.{0, 0} Nat α)) =>
      ∀ (mem : Nat → α)
        (hw :
          ∀ (w : Prod.{0, 0} Nat α),
            @Membership.mem.{0, 0} (Prod.{0, 0} Nat α) (List.{0} (Prod.{0, 0} Nat α))
                (@List.instMembership.{0} (Prod.{0, 0} Nat α)) ws w →
              @LE.le.{0} Nat instLENat (@OfNat.ofNat.{0} Nat (nat_lit 4608) (instOfNatNat (nat_lit 4608)))
                (@Prod.fst.{0, 0} Nat α w))
        (i : Nat),
        @LT.lt.{0} Nat instLTNat i (@OfNat.ofNat.{0} Nat (nat_lit 4608) (instOfNatNat (nat_lit 4608))) →
          @Eq.{1} α (@RootLDL.runStores α mem ws i) (mem i))
    (fun (mem : Nat → α)
        (hw :
          ∀ (w : Prod.{0, 0} Nat α),
            @Membership.mem.{0, 0} (Prod.{0, 0} Nat α) (List.{0} (Prod.{0, 0} Nat α))
                (@List.instMembership.{0} (Prod.{0, 0} Nat α)) (@List.nil.{0} (Prod.{0, 0} Nat α)) w →
              @LE.le.{0} Nat instLENat (@OfNat.ofNat.{0} Nat (nat_lit 4608) (instOfNatNat (nat_lit 4608)))
                (@Prod.fst.{0, 0} Nat α w))
        (i : Nat)
        (a : @LT.lt.{0} Nat instLTNat i (@OfNat.ofNat.{0} Nat (nat_lit 4608) (instOfNatNat (nat_lit 4608)))) =>
      @Eq.refl.{1} α (@RootLDL.runStores α mem (@List.nil.{0} (Prod.{0, 0} Nat α)) i))
    (fun (w : Prod.{0, 0} Nat α) (ws : List.{0} (Prod.{0, 0} Nat α))
        (ih :
          ∀ (mem : Nat → α)
            (hw :
              ∀ (w : Prod.{0, 0} Nat α),
                @Membership.mem.{0, 0} (Prod.{0, 0} Nat α) (List.{0} (Prod.{0, 0} Nat α))
                    (@List.instMembership.{0} (Prod.{0, 0} Nat α)) ws w →
                  @LE.le.{0} Nat instLENat (@OfNat.ofNat.{0} Nat (nat_lit 4608) (instOfNatNat (nat_lit 4608)))
                    (@Prod.fst.{0, 0} Nat α w))
            (i : Nat),
            @LT.lt.{0} Nat instLTNat i (@OfNat.ofNat.{0} Nat (nat_lit 4608) (instOfNatNat (nat_lit 4608))) →
              @Eq.{1} α (@RootLDL.runStores α mem ws i) (mem i))
        (mem : Nat → α)
        (hw :
          ∀ (w_1 : Prod.{0, 0} Nat α),
            @Membership.mem.{0, 0} (Prod.{0, 0} Nat α) (List.{0} (Prod.{0, 0} Nat α))
                (@List.instMembership.{0} (Prod.{0, 0} Nat α)) (@List.cons.{0} (Prod.{0, 0} Nat α) w ws) w_1 →
              @LE.le.{0} Nat instLENat (@OfNat.ofNat.{0} Nat (nat_lit 4608) (instOfNatNat (nat_lit 4608)))
                (@Prod.fst.{0, 0} Nat α w_1))
        (i : Nat)
        (hi : @LT.lt.{0} Nat instLTNat i (@OfNat.ofNat.{0} Nat (nat_lit 4608) (instOfNatNat (nat_lit 4608)))) =>
      have ht :
        ∀ (v : Prod.{0, 0} Nat α),
          @Membership.mem.{0, 0} (Prod.{0, 0} Nat α) (List.{0} (Prod.{0, 0} Nat α))
              (@List.instMembership.{0} (Prod.{0, 0} Nat α)) ws v →
            @LE.le.{0} Nat instLENat (@OfNat.ofNat.{0} Nat (nat_lit 4608) (instOfNatNat (nat_lit 4608)))
              (@Prod.fst.{0, 0} Nat α v) :=
        fun (v : Prod.{0, 0} Nat α)
          (hv :
            @Membership.mem.{0, 0} (Prod.{0, 0} Nat α) (List.{0} (Prod.{0, 0} Nat α))
              (@List.instMembership.{0} (Prod.{0, 0} Nat α)) ws v) =>
        hw v
          (@of_eq_true
            (@Membership.mem.{0, 0} (Prod.{0, 0} Nat α) (List.{0} (Prod.{0, 0} Nat α))
              (@List.instMembership.{0} (Prod.{0, 0} Nat α)) (@List.cons.{0} (Prod.{0, 0} Nat α) w ws) v)
            (@Eq.trans.{1} Prop
              (@Membership.mem.{0, 0} (Prod.{0, 0} Nat α) (List.{0} (Prod.{0, 0} Nat α))
                (@List.instMembership.{0} (Prod.{0, 0} Nat α)) (@List.cons.{0} (Prod.{0, 0} Nat α) w ws) v)
              (Or (@Eq.{1} (Prod.{0, 0} Nat α) v w)
                (@Membership.mem.{0, 0} (Prod.{0, 0} Nat α) (List.{0} (Prod.{0, 0} Nat α))
                  (@List.instMembership.{0} (Prod.{0, 0} Nat α)) ws v))
              True (@List.mem_cons._simp_1.{0} (Prod.{0, 0} Nat α) w ws v)
              (@Eq.trans.{1} Prop
                (Or (@Eq.{1} (Prod.{0, 0} Nat α) v w)
                  (@Membership.mem.{0, 0} (Prod.{0, 0} Nat α) (List.{0} (Prod.{0, 0} Nat α))
                    (@List.instMembership.{0} (Prod.{0, 0} Nat α)) ws v))
                (Or (@Eq.{1} (Prod.{0, 0} Nat α) v w) True) True
                (@congrArg.{1, 1} Prop Prop
                  (@Membership.mem.{0, 0} (Prod.{0, 0} Nat α) (List.{0} (Prod.{0, 0} Nat α))
                    (@List.instMembership.{0} (Prod.{0, 0} Nat α)) ws v)
                  True (Or (@Eq.{1} (Prod.{0, 0} Nat α) v w))
                  (@eq_true
                    (@Membership.mem.{0, 0} (Prod.{0, 0} Nat α) (List.{0} (Prod.{0, 0} Nat α))
                      (@List.instMembership.{0} (Prod.{0, 0} Nat α)) ws v)
                    hv))
                (or_true (@Eq.{1} (Prod.{0, 0} Nat α) v w)))));
      @Eq.mpr.{0} (@Eq.{1} α (@RootLDL.runStores α mem (@List.cons.{0} (Prod.{0, 0} Nat α) w ws) i) (mem i))
        (@Eq.{1} α (@RootLDL.runStores α (@RootLDL.store α mem w) ws i) (mem i))
        (@id.{0}
          (@Eq.{1} Prop (@Eq.{1} α (@RootLDL.runStores α mem (@List.cons.{0} (Prod.{0, 0} Nat α) w ws) i) (mem i))
            (@Eq.{1} α (@RootLDL.runStores α (@RootLDL.store α mem w) ws i) (mem i)))
          (@congrArg.{1, 1} (Nat → α) Prop (@RootLDL.runStores α mem (@List.cons.{0} (Prod.{0, 0} Nat α) w ws))
            (@RootLDL.runStores α (@RootLDL.store α mem w) ws) (fun (_a : Nat → α) => @Eq.{1} α (_a i) (mem i))
            (@RootLDL.runStores.eq_2 α mem w ws)))
        (@Eq.mpr.{0} (@Eq.{1} α (@RootLDL.runStores α (@RootLDL.store α mem w) ws i) (mem i))
          (@Eq.{1} α (@RootLDL.store α mem w i) (mem i))
          (@id.{0}
            (@Eq.{1} Prop (@Eq.{1} α (@RootLDL.runStores α (@RootLDL.store α mem w) ws i) (mem i))
              (@Eq.{1} α (@RootLDL.store α mem w i) (mem i)))
            (@congrArg.{1, 1} α Prop (@RootLDL.runStores α (@RootLDL.store α mem w) ws i) (@RootLDL.store α mem w i)
              (fun (_a : α) => @Eq.{1} α _a (mem i)) (ih (@RootLDL.store α mem w) ht i hi)))
          (@RootLDL.store_frame α mem w i hi
            (hw w
              (@of_eq_true
                (@Membership.mem.{0, 0} (Prod.{0, 0} Nat α) (List.{0} (Prod.{0, 0} Nat α))
                  (@List.instMembership.{0} (Prod.{0, 0} Nat α)) (@List.cons.{0} (Prod.{0, 0} Nat α) w ws) w)
                (@Eq.trans.{1} Prop
                  (@Membership.mem.{0, 0} (Prod.{0, 0} Nat α) (List.{0} (Prod.{0, 0} Nat α))
                    (@List.instMembership.{0} (Prod.{0, 0} Nat α)) (@List.cons.{0} (Prod.{0, 0} Nat α) w ws) w)
                  (Or (@Eq.{1} (Prod.{0, 0} Nat α) w w)
                    (@Membership.mem.{0, 0} (Prod.{0, 0} Nat α) (List.{0} (Prod.{0, 0} Nat α))
                      (@List.instMembership.{0} (Prod.{0, 0} Nat α)) ws w))
                  True (@List.mem_cons._simp_1.{0} (Prod.{0, 0} Nat α) w ws w)
                  (@Eq.trans.{1} Prop
                    (Or (@Eq.{1} (Prod.{0, 0} Nat α) w w)
                      (@Membership.mem.{0, 0} (Prod.{0, 0} Nat α) (List.{0} (Prod.{0, 0} Nat α))
                        (@List.instMembership.{0} (Prod.{0, 0} Nat α)) ws w))
                    (Or True
                      (@Membership.mem.{0, 0} (Prod.{0, 0} Nat α) (List.{0} (Prod.{0, 0} Nat α))
                        (@List.instMembership.{0} (Prod.{0, 0} Nat α)) ws w))
                    True
                    (@congrFun'.{1, 1} Prop Prop (Or (@Eq.{1} (Prod.{0, 0} Nat α) w w)) (Or True)
                      (@congrArg.{1, 1} Prop ((b : Prop) → Prop) (@Eq.{1} (Prod.{0, 0} Nat α) w w) True Or
                        (@eq_self.{1} (Prod.{0, 0} Nat α) w))
                      (@Membership.mem.{0, 0} (Prod.{0, 0} Nat α) (List.{0} (Prod.{0, 0} Nat α))
                        (@List.instMembership.{0} (Prod.{0, 0} Nat α)) ws w))
                    (true_or
                      (@Membership.mem.{0, 0} (Prod.{0, 0} Nat α) (List.{0} (Prod.{0, 0} Nat α))
                        (@List.instMembership.{0} (Prod.{0, 0} Nat α)) ws w)))))))))
    ws mem hw
RootLDL.root_layout : And
  (@Eq.{1} Nat
    (@HMul.hMul.{0, 0, 0} Nat Nat Nat (@instHMul.{0} Nat instMulNat)
      (@OfNat.ofNat.{0} Nat (nat_lit 3) (instOfNatNat (nat_lit 3)))
      (@OfNat.ofNat.{0} Nat (nat_lit 1536) (instOfNatNat (nat_lit 1536))))
    (@OfNat.ofNat.{0} Nat (nat_lit 4608) (instOfNatNat (nat_lit 4608))))
  (And
    (@Eq.{1} Nat
      (@HDiv.hDiv.{0, 0, 0} Nat Nat Nat (@instHDiv.{0} Nat Nat.instDiv)
        (@OfNat.ofNat.{0} Nat (nat_lit 1536) (instOfNatNat (nat_lit 1536)))
        (@OfNat.ofNat.{0} Nat (nat_lit 2) (instOfNatNat (nat_lit 2))))
      (@OfNat.ofNat.{0} Nat (nat_lit 768) (instOfNatNat (nat_lit 768))))
    (And
      (@Eq.{1} Nat
        (@HAdd.hAdd.{0, 0, 0} Nat Nat Nat (@instHAdd.{0} Nat instAddNat)
          (@HMul.hMul.{0, 0, 0} Nat Nat Nat (@instHMul.{0} Nat instMulNat)
            (@OfNat.ofNat.{0} Nat (nat_lit 3) (instOfNatNat (nat_lit 3)))
            (@OfNat.ofNat.{0} Nat (nat_lit 1536) (instOfNatNat (nat_lit 1536))))
          (@HMul.hMul.{0, 0, 0} Nat Nat Nat (@instHMul.{0} Nat instMulNat)
            (@OfNat.ofNat.{0} Nat (nat_lit 3) (instOfNatNat (nat_lit 3)))
            (@OfNat.ofNat.{0} Nat (nat_lit 512) (instOfNatNat (nat_lit 512)))))
        (@OfNat.ofNat.{0} Nat (nat_lit 6144) (instOfNatNat (nat_lit 6144))))
      (@Eq.{1} Nat
        (@HAdd.hAdd.{0, 0, 0} Nat Nat Nat (@instHAdd.{0} Nat instAddNat)
          (@HMul.hMul.{0, 0, 0} Nat Nat Nat (@instHMul.{0} Nat instMulNat)
            (@OfNat.ofNat.{0} Nat (nat_lit 4) (instOfNatNat (nat_lit 4)))
            (@OfNat.ofNat.{0} Nat (nat_lit 1536) (instOfNatNat (nat_lit 1536))))
          (@OfNat.ofNat.{0} Nat (nat_lit 18432) (instOfNatNat (nat_lit 18432))))
        (@OfNat.ofNat.{0} Nat (nat_lit 24576) (instOfNatNat (nat_lit 24576))))))
theorem RootLDL.root_layout : And
  (@Eq.{1} Nat
    (@HMul.hMul.{0, 0, 0} Nat Nat Nat (@instHMul.{0} Nat instMulNat)
      (@OfNat.ofNat.{0} Nat (nat_lit 3) (instOfNatNat (nat_lit 3)))
      (@OfNat.ofNat.{0} Nat (nat_lit 1536) (instOfNatNat (nat_lit 1536))))
    (@OfNat.ofNat.{0} Nat (nat_lit 4608) (instOfNatNat (nat_lit 4608))))
  (And
    (@Eq.{1} Nat
      (@HDiv.hDiv.{0, 0, 0} Nat Nat Nat (@instHDiv.{0} Nat Nat.instDiv)
        (@OfNat.ofNat.{0} Nat (nat_lit 1536) (instOfNatNat (nat_lit 1536)))
        (@OfNat.ofNat.{0} Nat (nat_lit 2) (instOfNatNat (nat_lit 2))))
      (@OfNat.ofNat.{0} Nat (nat_lit 768) (instOfNatNat (nat_lit 768))))
    (And
      (@Eq.{1} Nat
        (@HAdd.hAdd.{0, 0, 0} Nat Nat Nat (@instHAdd.{0} Nat instAddNat)
          (@HMul.hMul.{0, 0, 0} Nat Nat Nat (@instHMul.{0} Nat instMulNat)
            (@OfNat.ofNat.{0} Nat (nat_lit 3) (instOfNatNat (nat_lit 3)))
            (@OfNat.ofNat.{0} Nat (nat_lit 1536) (instOfNatNat (nat_lit 1536))))
          (@HMul.hMul.{0, 0, 0} Nat Nat Nat (@instHMul.{0} Nat instMulNat)
            (@OfNat.ofNat.{0} Nat (nat_lit 3) (instOfNatNat (nat_lit 3)))
            (@OfNat.ofNat.{0} Nat (nat_lit 512) (instOfNatNat (nat_lit 512)))))
        (@OfNat.ofNat.{0} Nat (nat_lit 6144) (instOfNatNat (nat_lit 6144))))
      (@Eq.{1} Nat
        (@HAdd.hAdd.{0, 0, 0} Nat Nat Nat (@instHAdd.{0} Nat instAddNat)
          (@HMul.hMul.{0, 0, 0} Nat Nat Nat (@instHMul.{0} Nat instMulNat)
            (@OfNat.ofNat.{0} Nat (nat_lit 4) (instOfNatNat (nat_lit 4)))
            (@OfNat.ofNat.{0} Nat (nat_lit 1536) (instOfNatNat (nat_lit 1536))))
          (@OfNat.ofNat.{0} Nat (nat_lit 18432) (instOfNatNat (nat_lit 18432))))
        (@OfNat.ofNat.{0} Nat (nat_lit 24576) (instOfNatNat (nat_lit 24576)))))) :=
@of_decide_eq_true
  (And
    (@Eq.{1} Nat
      (@HMul.hMul.{0, 0, 0} Nat Nat Nat (@instHMul.{0} Nat instMulNat)
        (@OfNat.ofNat.{0} Nat (nat_lit 3) (instOfNatNat (nat_lit 3)))
        (@OfNat.ofNat.{0} Nat (nat_lit 1536) (instOfNatNat (nat_lit 1536))))
      (@OfNat.ofNat.{0} Nat (nat_lit 4608) (instOfNatNat (nat_lit 4608))))
    (And
      (@Eq.{1} Nat
        (@HDiv.hDiv.{0, 0, 0} Nat Nat Nat (@instHDiv.{0} Nat Nat.instDiv)
          (@OfNat.ofNat.{0} Nat (nat_lit 1536) (instOfNatNat (nat_lit 1536)))
          (@OfNat.ofNat.{0} Nat (nat_lit 2) (instOfNatNat (nat_lit 2))))
        (@OfNat.ofNat.{0} Nat (nat_lit 768) (instOfNatNat (nat_lit 768))))
      (And
        (@Eq.{1} Nat
          (@HAdd.hAdd.{0, 0, 0} Nat Nat Nat (@instHAdd.{0} Nat instAddNat)
            (@HMul.hMul.{0, 0, 0} Nat Nat Nat (@instHMul.{0} Nat instMulNat)
              (@OfNat.ofNat.{0} Nat (nat_lit 3) (instOfNatNat (nat_lit 3)))
              (@OfNat.ofNat.{0} Nat (nat_lit 1536) (instOfNatNat (nat_lit 1536))))
            (@HMul.hMul.{0, 0, 0} Nat Nat Nat (@instHMul.{0} Nat instMulNat)
              (@OfNat.ofNat.{0} Nat (nat_lit 3) (instOfNatNat (nat_lit 3)))
              (@OfNat.ofNat.{0} Nat (nat_lit 512) (instOfNatNat (nat_lit 512)))))
          (@OfNat.ofNat.{0} Nat (nat_lit 6144) (instOfNatNat (nat_lit 6144))))
        (@Eq.{1} Nat
          (@HAdd.hAdd.{0, 0, 0} Nat Nat Nat (@instHAdd.{0} Nat instAddNat)
            (@HMul.hMul.{0, 0, 0} Nat Nat Nat (@instHMul.{0} Nat instMulNat)
              (@OfNat.ofNat.{0} Nat (nat_lit 4) (instOfNatNat (nat_lit 4)))
              (@OfNat.ofNat.{0} Nat (nat_lit 1536) (instOfNatNat (nat_lit 1536))))
            (@OfNat.ofNat.{0} Nat (nat_lit 18432) (instOfNatNat (nat_lit 18432))))
          (@OfNat.ofNat.{0} Nat (nat_lit 24576) (instOfNatNat (nat_lit 24576)))))))
  (@instDecidableAnd
    (@Eq.{1} Nat
      (@HMul.hMul.{0, 0, 0} Nat Nat Nat (@instHMul.{0} Nat instMulNat)
        (@OfNat.ofNat.{0} Nat (nat_lit 3) (instOfNatNat (nat_lit 3)))
        (@OfNat.ofNat.{0} Nat (nat_lit 1536) (instOfNatNat (nat_lit 1536))))
      (@OfNat.ofNat.{0} Nat (nat_lit 4608) (instOfNatNat (nat_lit 4608))))
    (And
      (@Eq.{1} Nat
        (@HDiv.hDiv.{0, 0, 0} Nat Nat Nat (@instHDiv.{0} Nat Nat.instDiv)
          (@OfNat.ofNat.{0} Nat (nat_lit 1536) (instOfNatNat (nat_lit 1536)))
          (@OfNat.ofNat.{0} Nat (nat_lit 2) (instOfNatNat (nat_lit 2))))
        (@OfNat.ofNat.{0} Nat (nat_lit 768) (instOfNatNat (nat_lit 768))))
      (And
        (@Eq.{1} Nat
          (@HAdd.hAdd.{0, 0, 0} Nat Nat Nat (@instHAdd.{0} Nat instAddNat)
            (@HMul.hMul.{0, 0, 0} Nat Nat Nat (@instHMul.{0} Nat instMulNat)
              (@OfNat.ofNat.{0} Nat (nat_lit 3) (instOfNatNat (nat_lit 3)))
              (@OfNat.ofNat.{0} Nat (nat_lit 1536) (instOfNatNat (nat_lit 1536))))
            (@HMul.hMul.{0, 0, 0} Nat Nat Nat (@instHMul.{0} Nat instMulNat)
              (@OfNat.ofNat.{0} Nat (nat_lit 3) (instOfNatNat (nat_lit 3)))
              (@OfNat.ofNat.{0} Nat (nat_lit 512) (instOfNatNat (nat_lit 512)))))
          (@OfNat.ofNat.{0} Nat (nat_lit 6144) (instOfNatNat (nat_lit 6144))))
        (@Eq.{1} Nat
          (@HAdd.hAdd.{0, 0, 0} Nat Nat Nat (@instHAdd.{0} Nat instAddNat)
            (@HMul.hMul.{0, 0, 0} Nat Nat Nat (@instHMul.{0} Nat instMulNat)
              (@OfNat.ofNat.{0} Nat (nat_lit 4) (instOfNatNat (nat_lit 4)))
              (@OfNat.ofNat.{0} Nat (nat_lit 1536) (instOfNatNat (nat_lit 1536))))
            (@OfNat.ofNat.{0} Nat (nat_lit 18432) (instOfNatNat (nat_lit 18432))))
          (@OfNat.ofNat.{0} Nat (nat_lit 24576) (instOfNatNat (nat_lit 24576))))))
    (instDecidableEqNat
      (@HMul.hMul.{0, 0, 0} Nat Nat Nat (@instHMul.{0} Nat instMulNat)
        (@OfNat.ofNat.{0} Nat (nat_lit 3) (instOfNatNat (nat_lit 3)))
        (@OfNat.ofNat.{0} Nat (nat_lit 1536) (instOfNatNat (nat_lit 1536))))
      (@OfNat.ofNat.{0} Nat (nat_lit 4608) (instOfNatNat (nat_lit 4608))))
    (@instDecidableAnd
      (@Eq.{1} Nat
        (@HDiv.hDiv.{0, 0, 0} Nat Nat Nat (@instHDiv.{0} Nat Nat.instDiv)
          (@OfNat.ofNat.{0} Nat (nat_lit 1536) (instOfNatNat (nat_lit 1536)))
          (@OfNat.ofNat.{0} Nat (nat_lit 2) (instOfNatNat (nat_lit 2))))
        (@OfNat.ofNat.{0} Nat (nat_lit 768) (instOfNatNat (nat_lit 768))))
      (And
        (@Eq.{1} Nat
          (@HAdd.hAdd.{0, 0, 0} Nat Nat Nat (@instHAdd.{0} Nat instAddNat)
            (@HMul.hMul.{0, 0, 0} Nat Nat Nat (@instHMul.{0} Nat instMulNat)
              (@OfNat.ofNat.{0} Nat (nat_lit 3) (instOfNatNat (nat_lit 3)))
              (@OfNat.ofNat.{0} Nat (nat_lit 1536) (instOfNatNat (nat_lit 1536))))
            (@HMul.hMul.{0, 0, 0} Nat Nat Nat (@instHMul.{0} Nat instMulNat)
              (@OfNat.ofNat.{0} Nat (nat_lit 3) (instOfNatNat (nat_lit 3)))
              (@OfNat.ofNat.{0} Nat (nat_lit 512) (instOfNatNat (nat_lit 512)))))
          (@OfNat.ofNat.{0} Nat (nat_lit 6144) (instOfNatNat (nat_lit 6144))))
        (@Eq.{1} Nat
          (@HAdd.hAdd.{0, 0, 0} Nat Nat Nat (@instHAdd.{0} Nat instAddNat)
            (@HMul.hMul.{0, 0, 0} Nat Nat Nat (@instHMul.{0} Nat instMulNat)
              (@OfNat.ofNat.{0} Nat (nat_lit 4) (instOfNatNat (nat_lit 4)))
              (@OfNat.ofNat.{0} Nat (nat_lit 1536) (instOfNatNat (nat_lit 1536))))
            (@OfNat.ofNat.{0} Nat (nat_lit 18432) (instOfNatNat (nat_lit 18432))))
          (@OfNat.ofNat.{0} Nat (nat_lit 24576) (instOfNatNat (nat_lit 24576)))))
      (instDecidableEqNat
        (@HDiv.hDiv.{0, 0, 0} Nat Nat Nat (@instHDiv.{0} Nat Nat.instDiv)
          (@OfNat.ofNat.{0} Nat (nat_lit 1536) (instOfNatNat (nat_lit 1536)))
          (@OfNat.ofNat.{0} Nat (nat_lit 2) (instOfNatNat (nat_lit 2))))
        (@OfNat.ofNat.{0} Nat (nat_lit 768) (instOfNatNat (nat_lit 768))))
      (@instDecidableAnd
        (@Eq.{1} Nat
          (@HAdd.hAdd.{0, 0, 0} Nat Nat Nat (@instHAdd.{0} Nat instAddNat)
            (@HMul.hMul.{0, 0, 0} Nat Nat Nat (@instHMul.{0} Nat instMulNat)
              (@OfNat.ofNat.{0} Nat (nat_lit 3) (instOfNatNat (nat_lit 3)))
              (@OfNat.ofNat.{0} Nat (nat_lit 1536) (instOfNatNat (nat_lit 1536))))
            (@HMul.hMul.{0, 0, 0} Nat Nat Nat (@instHMul.{0} Nat instMulNat)
              (@OfNat.ofNat.{0} Nat (nat_lit 3) (instOfNatNat (nat_lit 3)))
              (@OfNat.ofNat.{0} Nat (nat_lit 512) (instOfNatNat (nat_lit 512)))))
          (@OfNat.ofNat.{0} Nat (nat_lit 6144) (instOfNatNat (nat_lit 6144))))
        (@Eq.{1} Nat
          (@HAdd.hAdd.{0, 0, 0} Nat Nat Nat (@instHAdd.{0} Nat instAddNat)
            (@HMul.hMul.{0, 0, 0} Nat Nat Nat (@instHMul.{0} Nat instMulNat)
              (@OfNat.ofNat.{0} Nat (nat_lit 4) (instOfNatNat (nat_lit 4)))
              (@OfNat.ofNat.{0} Nat (nat_lit 1536) (instOfNatNat (nat_lit 1536))))
            (@OfNat.ofNat.{0} Nat (nat_lit 18432) (instOfNatNat (nat_lit 18432))))
          (@OfNat.ofNat.{0} Nat (nat_lit 24576) (instOfNatNat (nat_lit 24576))))
        (instDecidableEqNat
          (@HAdd.hAdd.{0, 0, 0} Nat Nat Nat (@instHAdd.{0} Nat instAddNat)
            (@HMul.hMul.{0, 0, 0} Nat Nat Nat (@instHMul.{0} Nat instMulNat)
              (@OfNat.ofNat.{0} Nat (nat_lit 3) (instOfNatNat (nat_lit 3)))
              (@OfNat.ofNat.{0} Nat (nat_lit 1536) (instOfNatNat (nat_lit 1536))))
            (@HMul.hMul.{0, 0, 0} Nat Nat Nat (@instHMul.{0} Nat instMulNat)
              (@OfNat.ofNat.{0} Nat (nat_lit 3) (instOfNatNat (nat_lit 3)))
              (@OfNat.ofNat.{0} Nat (nat_lit 512) (instOfNatNat (nat_lit 512)))))
          (@OfNat.ofNat.{0} Nat (nat_lit 6144) (instOfNatNat (nat_lit 6144))))
        (instDecidableEqNat
          (@HAdd.hAdd.{0, 0, 0} Nat Nat Nat (@instHAdd.{0} Nat instAddNat)
            (@HMul.hMul.{0, 0, 0} Nat Nat Nat (@instHMul.{0} Nat instMulNat)
              (@OfNat.ofNat.{0} Nat (nat_lit 4) (instOfNatNat (nat_lit 4)))
              (@OfNat.ofNat.{0} Nat (nat_lit 1536) (instOfNatNat (nat_lit 1536))))
            (@OfNat.ofNat.{0} Nat (nat_lit 18432) (instOfNatNat (nat_lit 18432))))
          (@OfNat.ofNat.{0} Nat (nat_lit 24576) (instOfNatNat (nat_lit 24576)))))))
  (@id.{0}
    (@Eq.{1} Bool
      (@Decidable.decide
        (And
          (@Eq.{1} Nat
            (@HMul.hMul.{0, 0, 0} Nat Nat Nat (@instHMul.{0} Nat instMulNat)
              (@OfNat.ofNat.{0} Nat (nat_lit 3) (instOfNatNat (nat_lit 3)))
              (@OfNat.ofNat.{0} Nat (nat_lit 1536) (instOfNatNat (nat_lit 1536))))
            (@OfNat.ofNat.{0} Nat (nat_lit 4608) (instOfNatNat (nat_lit 4608))))
          (And
            (@Eq.{1} Nat
              (@HDiv.hDiv.{0, 0, 0} Nat Nat Nat (@instHDiv.{0} Nat Nat.instDiv)
                (@OfNat.ofNat.{0} Nat (nat_lit 1536) (instOfNatNat (nat_lit 1536)))
                (@OfNat.ofNat.{0} Nat (nat_lit 2) (instOfNatNat (nat_lit 2))))
              (@OfNat.ofNat.{0} Nat (nat_lit 768) (instOfNatNat (nat_lit 768))))
            (And
              (@Eq.{1} Nat
                (@HAdd.hAdd.{0, 0, 0} Nat Nat Nat (@instHAdd.{0} Nat instAddNat)
                  (@HMul.hMul.{0, 0, 0} Nat Nat Nat (@instHMul.{0} Nat instMulNat)
                    (@OfNat.ofNat.{0} Nat (nat_lit 3) (instOfNatNat (nat_lit 3)))
                    (@OfNat.ofNat.{0} Nat (nat_lit 1536) (instOfNatNat (nat_lit 1536))))
                  (@HMul.hMul.{0, 0, 0} Nat Nat Nat (@instHMul.{0} Nat instMulNat)
                    (@OfNat.ofNat.{0} Nat (nat_lit 3) (instOfNatNat (nat_lit 3)))
                    (@OfNat.ofNat.{0} Nat (nat_lit 512) (instOfNatNat (nat_lit 512)))))
                (@OfNat.ofNat.{0} Nat (nat_lit 6144) (instOfNatNat (nat_lit 6144))))
              (@Eq.{1} Nat
                (@HAdd.hAdd.{0, 0, 0} Nat Nat Nat (@instHAdd.{0} Nat instAddNat)
                  (@HMul.hMul.{0, 0, 0} Nat Nat Nat (@instHMul.{0} Nat instMulNat)
                    (@OfNat.ofNat.{0} Nat (nat_lit 4) (instOfNatNat (nat_lit 4)))
                    (@OfNat.ofNat.{0} Nat (nat_lit 1536) (instOfNatNat (nat_lit 1536))))
                  (@OfNat.ofNat.{0} Nat (nat_lit 18432) (instOfNatNat (nat_lit 18432))))
                (@OfNat.ofNat.{0} Nat (nat_lit 24576) (instOfNatNat (nat_lit 24576)))))))
        (@instDecidableAnd
          (@Eq.{1} Nat
            (@HMul.hMul.{0, 0, 0} Nat Nat Nat (@instHMul.{0} Nat instMulNat)
              (@OfNat.ofNat.{0} Nat (nat_lit 3) (instOfNatNat (nat_lit 3)))
              (@OfNat.ofNat.{0} Nat (nat_lit 1536) (instOfNatNat (nat_lit 1536))))
            (@OfNat.ofNat.{0} Nat (nat_lit 4608) (instOfNatNat (nat_lit 4608))))
          (And
            (@Eq.{1} Nat
              (@HDiv.hDiv.{0, 0, 0} Nat Nat Nat (@instHDiv.{0} Nat Nat.instDiv)
                (@OfNat.ofNat.{0} Nat (nat_lit 1536) (instOfNatNat (nat_lit 1536)))
                (@OfNat.ofNat.{0} Nat (nat_lit 2) (instOfNatNat (nat_lit 2))))
              (@OfNat.ofNat.{0} Nat (nat_lit 768) (instOfNatNat (nat_lit 768))))
            (And
              (@Eq.{1} Nat
                (@HAdd.hAdd.{0, 0, 0} Nat Nat Nat (@instHAdd.{0} Nat instAddNat)
                  (@HMul.hMul.{0, 0, 0} Nat Nat Nat (@instHMul.{0} Nat instMulNat)
                    (@OfNat.ofNat.{0} Nat (nat_lit 3) (instOfNatNat (nat_lit 3)))
                    (@OfNat.ofNat.{0} Nat (nat_lit 1536) (instOfNatNat (nat_lit 1536))))
                  (@HMul.hMul.{0, 0, 0} Nat Nat Nat (@instHMul.{0} Nat instMulNat)
                    (@OfNat.ofNat.{0} Nat (nat_lit 3) (instOfNatNat (nat_lit 3)))
                    (@OfNat.ofNat.{0} Nat (nat_lit 512) (instOfNatNat (nat_lit 512)))))
                (@OfNat.ofNat.{0} Nat (nat_lit 6144) (instOfNatNat (nat_lit 6144))))
              (@Eq.{1} Nat
                (@HAdd.hAdd.{0, 0, 0} Nat Nat Nat (@instHAdd.{0} Nat instAddNat)
                  (@HMul.hMul.{0, 0, 0} Nat Nat Nat (@instHMul.{0} Nat instMulNat)
                    (@OfNat.ofNat.{0} Nat (nat_lit 4) (instOfNatNat (nat_lit 4)))
                    (@OfNat.ofNat.{0} Nat (nat_lit 1536) (instOfNatNat (nat_lit 1536))))
                  (@OfNat.ofNat.{0} Nat (nat_lit 18432) (instOfNatNat (nat_lit 18432))))
                (@OfNat.ofNat.{0} Nat (nat_lit 24576) (instOfNatNat (nat_lit 24576))))))
          (instDecidableEqNat
            (@HMul.hMul.{0, 0, 0} Nat Nat Nat (@instHMul.{0} Nat instMulNat)
              (@OfNat.ofNat.{0} Nat (nat_lit 3) (instOfNatNat (nat_lit 3)))
              (@OfNat.ofNat.{0} Nat (nat_lit 1536) (instOfNatNat (nat_lit 1536))))
            (@OfNat.ofNat.{0} Nat (nat_lit 4608) (instOfNatNat (nat_lit 4608))))
          (@instDecidableAnd
            (@Eq.{1} Nat
              (@HDiv.hDiv.{0, 0, 0} Nat Nat Nat (@instHDiv.{0} Nat Nat.instDiv)
                (@OfNat.ofNat.{0} Nat (nat_lit 1536) (instOfNatNat (nat_lit 1536)))
                (@OfNat.ofNat.{0} Nat (nat_lit 2) (instOfNatNat (nat_lit 2))))
              (@OfNat.ofNat.{0} Nat (nat_lit 768) (instOfNatNat (nat_lit 768))))
            (And
              (@Eq.{1} Nat
                (@HAdd.hAdd.{0, 0, 0} Nat Nat Nat (@instHAdd.{0} Nat instAddNat)
                  (@HMul.hMul.{0, 0, 0} Nat Nat Nat (@instHMul.{0} Nat instMulNat)
                    (@OfNat.ofNat.{0} Nat (nat_lit 3) (instOfNatNat (nat_lit 3)))
                    (@OfNat.ofNat.{0} Nat (nat_lit 1536) (instOfNatNat (nat_lit 1536))))
                  (@HMul.hMul.{0, 0, 0} Nat Nat Nat (@instHMul.{0} Nat instMulNat)
                    (@OfNat.ofNat.{0} Nat (nat_lit 3) (instOfNatNat (nat_lit 3)))
                    (@OfNat.ofNat.{0} Nat (nat_lit 512) (instOfNatNat (nat_lit 512)))))
                (@OfNat.ofNat.{0} Nat (nat_lit 6144) (instOfNatNat (nat_lit 6144))))
              (@Eq.{1} Nat
                (@HAdd.hAdd.{0, 0, 0} Nat Nat Nat (@instHAdd.{0} Nat instAddNat)
                  (@HMul.hMul.{0, 0, 0} Nat Nat Nat (@instHMul.{0} Nat instMulNat)
                    (@OfNat.ofNat.{0} Nat (nat_lit 4) (instOfNatNat (nat_lit 4)))
                    (@OfNat.ofNat.{0} Nat (nat_lit 1536) (instOfNatNat (nat_lit 1536))))
                  (@OfNat.ofNat.{0} Nat (nat_lit 18432) (instOfNatNat (nat_lit 18432))))
                (@OfNat.ofNat.{0} Nat (nat_lit 24576) (instOfNatNat (nat_lit 24576)))))
            (instDecidableEqNat
              (@HDiv.hDiv.{0, 0, 0} Nat Nat Nat (@instHDiv.{0} Nat Nat.instDiv)
                (@OfNat.ofNat.{0} Nat (nat_lit 1536) (instOfNatNat (nat_lit 1536)))
                (@OfNat.ofNat.{0} Nat (nat_lit 2) (instOfNatNat (nat_lit 2))))
              (@OfNat.ofNat.{0} Nat (nat_lit 768) (instOfNatNat (nat_lit 768))))
            (@instDecidableAnd
              (@Eq.{1} Nat
                (@HAdd.hAdd.{0, 0, 0} Nat Nat Nat (@instHAdd.{0} Nat instAddNat)
                  (@HMul.hMul.{0, 0, 0} Nat Nat Nat (@instHMul.{0} Nat instMulNat)
                    (@OfNat.ofNat.{0} Nat (nat_lit 3) (instOfNatNat (nat_lit 3)))
                    (@OfNat.ofNat.{0} Nat (nat_lit 1536) (instOfNatNat (nat_lit 1536))))
                  (@HMul.hMul.{0, 0, 0} Nat Nat Nat (@instHMul.{0} Nat instMulNat)
                    (@OfNat.ofNat.{0} Nat (nat_lit 3) (instOfNatNat (nat_lit 3)))
                    (@OfNat.ofNat.{0} Nat (nat_lit 512) (instOfNatNat (nat_lit 512)))))
                (@OfNat.ofNat.{0} Nat (nat_lit 6144) (instOfNatNat (nat_lit 6144))))
              (@Eq.{1} Nat
                (@HAdd.hAdd.{0, 0, 0} Nat Nat Nat (@instHAdd.{0} Nat instAddNat)
                  (@HMul.hMul.{0, 0, 0} Nat Nat Nat (@instHMul.{0} Nat instMulNat)
                    (@OfNat.ofNat.{0} Nat (nat_lit 4) (instOfNatNat (nat_lit 4)))
                    (@OfNat.ofNat.{0} Nat (nat_lit 1536) (instOfNatNat (nat_lit 1536))))
                  (@OfNat.ofNat.{0} Nat (nat_lit 18432) (instOfNatNat (nat_lit 18432))))
                (@OfNat.ofNat.{0} Nat (nat_lit 24576) (instOfNatNat (nat_lit 24576))))
              (instDecidableEqNat
                (@HAdd.hAdd.{0, 0, 0} Nat Nat Nat (@instHAdd.{0} Nat instAddNat)
                  (@HMul.hMul.{0, 0, 0} Nat Nat Nat (@instHMul.{0} Nat instMulNat)
                    (@OfNat.ofNat.{0} Nat (nat_lit 3) (instOfNatNat (nat_lit 3)))
                    (@OfNat.ofNat.{0} Nat (nat_lit 1536) (instOfNatNat (nat_lit 1536))))
                  (@HMul.hMul.{0, 0, 0} Nat Nat Nat (@instHMul.{0} Nat instMulNat)
                    (@OfNat.ofNat.{0} Nat (nat_lit 3) (instOfNatNat (nat_lit 3)))
                    (@OfNat.ofNat.{0} Nat (nat_lit 512) (instOfNatNat (nat_lit 512)))))
                (@OfNat.ofNat.{0} Nat (nat_lit 6144) (instOfNatNat (nat_lit 6144))))
              (instDecidableEqNat
                (@HAdd.hAdd.{0, 0, 0} Nat Nat Nat (@instHAdd.{0} Nat instAddNat)
                  (@HMul.hMul.{0, 0, 0} Nat Nat Nat (@instHMul.{0} Nat instMulNat)
                    (@OfNat.ofNat.{0} Nat (nat_lit 4) (instOfNatNat (nat_lit 4)))
                    (@OfNat.ofNat.{0} Nat (nat_lit 1536) (instOfNatNat (nat_lit 1536))))
                  (@OfNat.ofNat.{0} Nat (nat_lit 18432) (instOfNatNat (nat_lit 18432))))
                (@OfNat.ofNat.{0} Nat (nat_lit 24576) (instOfNatNat (nat_lit 24576))))))))
      Bool.true)
    (@Eq.refl.{1} Bool Bool.true))
RootLDL.fft_partition : ∀ (i : Nat)
  (hi : @LT.lt.{0} Nat instLTNat i (@OfNat.ofNat.{0} Nat (nat_lit 768) (instOfNatNat (nat_lit 768)))),
  And (@LT.lt.{0} Nat instLTNat i (@OfNat.ofNat.{0} Nat (nat_lit 1536) (instOfNatNat (nat_lit 1536))))
    (And
      (@LT.lt.{0} Nat instLTNat
        (@HAdd.hAdd.{0, 0, 0} Nat Nat Nat (@instHAdd.{0} Nat instAddNat) i
          (@OfNat.ofNat.{0} Nat (nat_lit 768) (instOfNatNat (nat_lit 768))))
        (@OfNat.ofNat.{0} Nat (nat_lit 1536) (instOfNatNat (nat_lit 1536))))
      (@Ne.{1} Nat i
        (@HAdd.hAdd.{0, 0, 0} Nat Nat Nat (@instHAdd.{0} Nat instAddNat) i
          (@OfNat.ofNat.{0} Nat (nat_lit 768) (instOfNatNat (nat_lit 768))))))
theorem RootLDL.fft_partition : ∀ (i : Nat)
  (hi : @LT.lt.{0} Nat instLTNat i (@OfNat.ofNat.{0} Nat (nat_lit 768) (instOfNatNat (nat_lit 768)))),
  And (@LT.lt.{0} Nat instLTNat i (@OfNat.ofNat.{0} Nat (nat_lit 1536) (instOfNatNat (nat_lit 1536))))
    (And
      (@LT.lt.{0} Nat instLTNat
        (@HAdd.hAdd.{0, 0, 0} Nat Nat Nat (@instHAdd.{0} Nat instAddNat) i
          (@OfNat.ofNat.{0} Nat (nat_lit 768) (instOfNatNat (nat_lit 768))))
        (@OfNat.ofNat.{0} Nat (nat_lit 1536) (instOfNatNat (nat_lit 1536))))
      (@Ne.{1} Nat i
        (@HAdd.hAdd.{0, 0, 0} Nat Nat Nat (@instHAdd.{0} Nat instAddNat) i
          (@OfNat.ofNat.{0} Nat (nat_lit 768) (instOfNatNat (nat_lit 768)))))) :=
fun (i : Nat) (hi : @LT.lt.{0} Nat instLTNat i (@OfNat.ofNat.{0} Nat (nat_lit 768) (instOfNatNat (nat_lit 768)))) =>
  @Decidable.byContradiction
    (And (@LT.lt.{0} Nat instLTNat i (@OfNat.ofNat.{0} Nat (nat_lit 1536) (instOfNatNat (nat_lit 1536))))
      (And
        (@LT.lt.{0} Nat instLTNat
          (@HAdd.hAdd.{0, 0, 0} Nat Nat Nat (@instHAdd.{0} Nat instAddNat) i
            (@OfNat.ofNat.{0} Nat (nat_lit 768) (instOfNatNat (nat_lit 768))))
          (@OfNat.ofNat.{0} Nat (nat_lit 1536) (instOfNatNat (nat_lit 1536))))
        (@Ne.{1} Nat i
          (@HAdd.hAdd.{0, 0, 0} Nat Nat Nat (@instHAdd.{0} Nat instAddNat) i
            (@OfNat.ofNat.{0} Nat (nat_lit 768) (instOfNatNat (nat_lit 768)))))))
    (@instDecidableAnd (@LT.lt.{0} Nat instLTNat i (@OfNat.ofNat.{0} Nat (nat_lit 1536) (instOfNatNat (nat_lit 1536))))
      (And
        (@LT.lt.{0} Nat instLTNat
          (@HAdd.hAdd.{0, 0, 0} Nat Nat Nat (@instHAdd.{0} Nat instAddNat) i
            (@OfNat.ofNat.{0} Nat (nat_lit 768) (instOfNatNat (nat_lit 768))))
          (@OfNat.ofNat.{0} Nat (nat_lit 1536) (instOfNatNat (nat_lit 1536))))
        (@Ne.{1} Nat i
          (@HAdd.hAdd.{0, 0, 0} Nat Nat Nat (@instHAdd.{0} Nat instAddNat) i
            (@OfNat.ofNat.{0} Nat (nat_lit 768) (instOfNatNat (nat_lit 768))))))
      (Nat.decLt i (@OfNat.ofNat.{0} Nat (nat_lit 1536) (instOfNatNat (nat_lit 1536))))
      (@instDecidableAnd
        (@LT.lt.{0} Nat instLTNat
          (@HAdd.hAdd.{0, 0, 0} Nat Nat Nat (@instHAdd.{0} Nat instAddNat) i
            (@OfNat.ofNat.{0} Nat (nat_lit 768) (instOfNatNat (nat_lit 768))))
          (@OfNat.ofNat.{0} Nat (nat_lit 1536) (instOfNatNat (nat_lit 1536))))
        (@Ne.{1} Nat i
          (@HAdd.hAdd.{0, 0, 0} Nat Nat Nat (@instHAdd.{0} Nat instAddNat) i
            (@OfNat.ofNat.{0} Nat (nat_lit 768) (instOfNatNat (nat_lit 768)))))
        (Nat.decLt
          (@HAdd.hAdd.{0, 0, 0} Nat Nat Nat (@instHAdd.{0} Nat instAddNat) i
            (@OfNat.ofNat.{0} Nat (nat_lit 768) (instOfNatNat (nat_lit 768))))
          (@OfNat.ofNat.{0} Nat (nat_lit 1536) (instOfNatNat (nat_lit 1536))))
        (@instDecidableNot
          (@Eq.{1} Nat i
            (@HAdd.hAdd.{0, 0, 0} Nat Nat Nat (@instHAdd.{0} Nat instAddNat) i
              (@OfNat.ofNat.{0} Nat (nat_lit 768) (instOfNatNat (nat_lit 768)))))
          (instDecidableEqNat i
            (@HAdd.hAdd.{0, 0, 0} Nat Nat Nat (@instHAdd.{0} Nat instAddNat) i
              (@OfNat.ofNat.{0} Nat (nat_lit 768) (instOfNatNat (nat_lit 768))))))))
    fun
      (a :
        Not
          (And (@LT.lt.{0} Nat instLTNat i (@OfNat.ofNat.{0} Nat (nat_lit 1536) (instOfNatNat (nat_lit 1536))))
            (And
              (@LT.lt.{0} Nat instLTNat
                (@HAdd.hAdd.{0, 0, 0} Nat Nat Nat (@instHAdd.{0} Nat instAddNat) i
                  (@OfNat.ofNat.{0} Nat (nat_lit 768) (instOfNatNat (nat_lit 768))))
                (@OfNat.ofNat.{0} Nat (nat_lit 1536) (instOfNatNat (nat_lit 1536))))
              (@Ne.{1} Nat i
                (@HAdd.hAdd.{0, 0, 0} Nat Nat Nat (@instHAdd.{0} Nat instAddNat) i
                  (@OfNat.ofNat.{0} Nat (nat_lit 768) (instOfNatNat (nat_lit 768)))))))) =>
    RootLDL.fft_partition._proof_1_1 i hi a
RootLDL.ternary_store : ∀ (x : Nat)
  (h : @LT.lt.{0} Nat instLTNat x (@OfNat.ofNat.{0} Nat (nat_lit 3) (instOfNatNat (nat_lit 3)))),
  And
    (@LE.le.{0} Int Int.instLEInt
      (@Neg.neg.{0} Int Int.instNegInt (@OfNat.ofNat.{0} Int (nat_lit 1) (@instOfNat (nat_lit 1))))
      (@HSub.hSub.{0, 0, 0} Int Int Int (@instHSub.{0} Int Int.instSub) (@Nat.cast.{0} Int instNatCastInt x)
        (@OfNat.ofNat.{0} Int (nat_lit 1) (@instOfNat (nat_lit 1)))))
    (@LE.le.{0} Int Int.instLEInt
      (@HSub.hSub.{0, 0, 0} Int Int Int (@instHSub.{0} Int Int.instSub) (@Nat.cast.{0} Int instNatCastInt x)
        (@OfNat.ofNat.{0} Int (nat_lit 1) (@instOfNat (nat_lit 1))))
      (@OfNat.ofNat.{0} Int (nat_lit 1) (@instOfNat (nat_lit 1))))
theorem RootLDL.ternary_store : ∀ (x : Nat)
  (h : @LT.lt.{0} Nat instLTNat x (@OfNat.ofNat.{0} Nat (nat_lit 3) (instOfNatNat (nat_lit 3)))),
  And
    (@LE.le.{0} Int Int.instLEInt
      (@Neg.neg.{0} Int Int.instNegInt (@OfNat.ofNat.{0} Int (nat_lit 1) (@instOfNat (nat_lit 1))))
      (@HSub.hSub.{0, 0, 0} Int Int Int (@instHSub.{0} Int Int.instSub) (@Nat.cast.{0} Int instNatCastInt x)
        (@OfNat.ofNat.{0} Int (nat_lit 1) (@instOfNat (nat_lit 1)))))
    (@LE.le.{0} Int Int.instLEInt
      (@HSub.hSub.{0, 0, 0} Int Int Int (@instHSub.{0} Int Int.instSub) (@Nat.cast.{0} Int instNatCastInt x)
        (@OfNat.ofNat.{0} Int (nat_lit 1) (@instOfNat (nat_lit 1))))
      (@OfNat.ofNat.{0} Int (nat_lit 1) (@instOfNat (nat_lit 1)))) :=
fun (x : Nat) (h : @LT.lt.{0} Nat instLTNat x (@OfNat.ofNat.{0} Nat (nat_lit 3) (instOfNatNat (nat_lit 3)))) =>
  @Decidable.byContradiction
    (And
      (@LE.le.{0} Int Int.instLEInt
        (@Neg.neg.{0} Int Int.instNegInt (@OfNat.ofNat.{0} Int (nat_lit 1) (@instOfNat (nat_lit 1))))
        (@HSub.hSub.{0, 0, 0} Int Int Int (@instHSub.{0} Int Int.instSub) (@Nat.cast.{0} Int instNatCastInt x)
          (@OfNat.ofNat.{0} Int (nat_lit 1) (@instOfNat (nat_lit 1)))))
      (@LE.le.{0} Int Int.instLEInt
        (@HSub.hSub.{0, 0, 0} Int Int Int (@instHSub.{0} Int Int.instSub) (@Nat.cast.{0} Int instNatCastInt x)
          (@OfNat.ofNat.{0} Int (nat_lit 1) (@instOfNat (nat_lit 1))))
        (@OfNat.ofNat.{0} Int (nat_lit 1) (@instOfNat (nat_lit 1)))))
    (@instDecidableAnd
      (@LE.le.{0} Int Int.instLEInt
        (@Neg.neg.{0} Int Int.instNegInt (@OfNat.ofNat.{0} Int (nat_lit 1) (@instOfNat (nat_lit 1))))
        (@HSub.hSub.{0, 0, 0} Int Int Int (@instHSub.{0} Int Int.instSub) (@Nat.cast.{0} Int instNatCastInt x)
          (@OfNat.ofNat.{0} Int (nat_lit 1) (@instOfNat (nat_lit 1)))))
      (@LE.le.{0} Int Int.instLEInt
        (@HSub.hSub.{0, 0, 0} Int Int Int (@instHSub.{0} Int Int.instSub) (@Nat.cast.{0} Int instNatCastInt x)
          (@OfNat.ofNat.{0} Int (nat_lit 1) (@instOfNat (nat_lit 1))))
        (@OfNat.ofNat.{0} Int (nat_lit 1) (@instOfNat (nat_lit 1))))
      (Int.decLe (@Neg.neg.{0} Int Int.instNegInt (@OfNat.ofNat.{0} Int (nat_lit 1) (@instOfNat (nat_lit 1))))
        (@HSub.hSub.{0, 0, 0} Int Int Int (@instHSub.{0} Int Int.instSub) (@Nat.cast.{0} Int instNatCastInt x)
          (@OfNat.ofNat.{0} Int (nat_lit 1) (@instOfNat (nat_lit 1)))))
      (Int.decLe
        (@HSub.hSub.{0, 0, 0} Int Int Int (@instHSub.{0} Int Int.instSub) (@Nat.cast.{0} Int instNatCastInt x)
          (@OfNat.ofNat.{0} Int (nat_lit 1) (@instOfNat (nat_lit 1))))
        (@OfNat.ofNat.{0} Int (nat_lit 1) (@instOfNat (nat_lit 1)))))
    fun
      (a :
        Not
          (And
            (@LE.le.{0} Int Int.instLEInt
              (@Neg.neg.{0} Int Int.instNegInt (@OfNat.ofNat.{0} Int (nat_lit 1) (@instOfNat (nat_lit 1))))
              (@HSub.hSub.{0, 0, 0} Int Int Int (@instHSub.{0} Int Int.instSub) (@Nat.cast.{0} Int instNatCastInt x)
                (@OfNat.ofNat.{0} Int (nat_lit 1) (@instOfNat (nat_lit 1)))))
            (@LE.le.{0} Int Int.instLEInt
              (@HSub.hSub.{0, 0, 0} Int Int Int (@instHSub.{0} Int Int.instSub) (@Nat.cast.{0} Int instNatCastInt x)
                (@OfNat.ofNat.{0} Int (nat_lit 1) (@instOfNat (nat_lit 1))))
              (@OfNat.ofNat.{0} Int (nat_lit 1) (@instOfNat (nat_lit 1)))))) =>
    RootLDL.ternary_store._proof_1_1 x h a
RootLDL.coefficient_test : ∀ (z : Int)
  (h :
    Not
      (Or
        (@LT.lt.{0} Int Int.instLTInt z
          (@Neg.neg.{0} Int Int.instNegInt (@OfNat.ofNat.{0} Int (nat_lit 2047) (@instOfNat (nat_lit 2047)))))
        (@LT.lt.{0} Int Int.instLTInt (@OfNat.ofNat.{0} Int (nat_lit 2047) (@instOfNat (nat_lit 2047))) z))),
  And
    (@LE.le.{0} Int Int.instLEInt
      (@Neg.neg.{0} Int Int.instNegInt (@OfNat.ofNat.{0} Int (nat_lit 2047) (@instOfNat (nat_lit 2047)))) z)
    (@LE.le.{0} Int Int.instLEInt z (@OfNat.ofNat.{0} Int (nat_lit 2047) (@instOfNat (nat_lit 2047))))
theorem RootLDL.coefficient_test : ∀ (z : Int)
  (h :
    Not
      (Or
        (@LT.lt.{0} Int Int.instLTInt z
          (@Neg.neg.{0} Int Int.instNegInt (@OfNat.ofNat.{0} Int (nat_lit 2047) (@instOfNat (nat_lit 2047)))))
        (@LT.lt.{0} Int Int.instLTInt (@OfNat.ofNat.{0} Int (nat_lit 2047) (@instOfNat (nat_lit 2047))) z))),
  And
    (@LE.le.{0} Int Int.instLEInt
      (@Neg.neg.{0} Int Int.instNegInt (@OfNat.ofNat.{0} Int (nat_lit 2047) (@instOfNat (nat_lit 2047)))) z)
    (@LE.le.{0} Int Int.instLEInt z (@OfNat.ofNat.{0} Int (nat_lit 2047) (@instOfNat (nat_lit 2047)))) :=
fun (z : Int)
    (h :
      Not
        (Or
          (@LT.lt.{0} Int Int.instLTInt z
            (@Neg.neg.{0} Int Int.instNegInt (@OfNat.ofNat.{0} Int (nat_lit 2047) (@instOfNat (nat_lit 2047)))))
          (@LT.lt.{0} Int Int.instLTInt (@OfNat.ofNat.{0} Int (nat_lit 2047) (@instOfNat (nat_lit 2047))) z))) =>
  @Decidable.byContradiction
    (And
      (@LE.le.{0} Int Int.instLEInt
        (@Neg.neg.{0} Int Int.instNegInt (@OfNat.ofNat.{0} Int (nat_lit 2047) (@instOfNat (nat_lit 2047)))) z)
      (@LE.le.{0} Int Int.instLEInt z (@OfNat.ofNat.{0} Int (nat_lit 2047) (@instOfNat (nat_lit 2047)))))
    (@instDecidableAnd
      (@LE.le.{0} Int Int.instLEInt
        (@Neg.neg.{0} Int Int.instNegInt (@OfNat.ofNat.{0} Int (nat_lit 2047) (@instOfNat (nat_lit 2047)))) z)
      (@LE.le.{0} Int Int.instLEInt z (@OfNat.ofNat.{0} Int (nat_lit 2047) (@instOfNat (nat_lit 2047))))
      (Int.decLe (@Neg.neg.{0} Int Int.instNegInt (@OfNat.ofNat.{0} Int (nat_lit 2047) (@instOfNat (nat_lit 2047)))) z)
      (Int.decLe z (@OfNat.ofNat.{0} Int (nat_lit 2047) (@instOfNat (nat_lit 2047)))))
    fun
      (a :
        Not
          (And
            (@LE.le.{0} Int Int.instLEInt
              (@Neg.neg.{0} Int Int.instNegInt (@OfNat.ofNat.{0} Int (nat_lit 2047) (@instOfNat (nat_lit 2047)))) z)
            (@LE.le.{0} Int Int.instLEInt z (@OfNat.ofNat.{0} Int (nat_lit 2047) (@instOfNat (nat_lit 2047)))))) =>
    RootLDL.coefficient_test._proof_1_1 z h a
RootLDL.positive_margin : ∀ (a d e k : Int)
  (ha : @LT.lt.{0} Int Int.instLTInt (@OfNat.ofNat.{0} Int (nat_lit 0) (@instOfNat (nat_lit 0))) a)
  (hprod :
    @LE.le.{0} Int Int.instLEInt k
      (@HAdd.hAdd.{0, 0, 0} Int Int Int (@instHAdd.{0} Int Int.instAdd)
        (@HMul.hMul.{0, 0, 0} Int Int Int (@instHMul.{0} Int Int.instMul) d a)
        (@HMul.hMul.{0, 0, 0} Int Int Int (@instHMul.{0} Int Int.instMul) e a)))
  (hgap :
    @LT.lt.{0} Int Int.instLTInt
      (@HAdd.hAdd.{0, 0, 0} Int Int Int (@instHAdd.{0} Int Int.instAdd)
        (@HMul.hMul.{0, 0, 0} Int Int Int (@instHMul.{0} Int Int.instMul)
          (@OfNat.ofNat.{0} Int (nat_lit 32) (@instOfNat (nat_lit 32))) a)
        (@HMul.hMul.{0, 0, 0} Int Int Int (@instHMul.{0} Int Int.instMul) e a))
      k),
  @LT.lt.{0} Int Int.instLTInt (@OfNat.ofNat.{0} Int (nat_lit 32) (@instOfNat (nat_lit 32))) d
theorem RootLDL.positive_margin : ∀ (a d e k : Int)
  (ha : @LT.lt.{0} Int Int.instLTInt (@OfNat.ofNat.{0} Int (nat_lit 0) (@instOfNat (nat_lit 0))) a)
  (hprod :
    @LE.le.{0} Int Int.instLEInt k
      (@HAdd.hAdd.{0, 0, 0} Int Int Int (@instHAdd.{0} Int Int.instAdd)
        (@HMul.hMul.{0, 0, 0} Int Int Int (@instHMul.{0} Int Int.instMul) d a)
        (@HMul.hMul.{0, 0, 0} Int Int Int (@instHMul.{0} Int Int.instMul) e a)))
  (hgap :
    @LT.lt.{0} Int Int.instLTInt
      (@HAdd.hAdd.{0, 0, 0} Int Int Int (@instHAdd.{0} Int Int.instAdd)
        (@HMul.hMul.{0, 0, 0} Int Int Int (@instHMul.{0} Int Int.instMul)
          (@OfNat.ofNat.{0} Int (nat_lit 32) (@instOfNat (nat_lit 32))) a)
        (@HMul.hMul.{0, 0, 0} Int Int Int (@instHMul.{0} Int Int.instMul) e a))
      k),
  @LT.lt.{0} Int Int.instLTInt (@OfNat.ofNat.{0} Int (nat_lit 32) (@instOfNat (nat_lit 32))) d :=
fun (a d e k : Int) (ha : @LT.lt.{0} Int Int.instLTInt (@OfNat.ofNat.{0} Int (nat_lit 0) (@instOfNat (nat_lit 0))) a)
    (hprod :
      @LE.le.{0} Int Int.instLEInt k
        (@HAdd.hAdd.{0, 0, 0} Int Int Int (@instHAdd.{0} Int Int.instAdd)
          (@HMul.hMul.{0, 0, 0} Int Int Int (@instHMul.{0} Int Int.instMul) d a)
          (@HMul.hMul.{0, 0, 0} Int Int Int (@instHMul.{0} Int Int.instMul) e a)))
    (hgap :
      @LT.lt.{0} Int Int.instLTInt
        (@HAdd.hAdd.{0, 0, 0} Int Int Int (@instHAdd.{0} Int Int.instAdd)
          (@HMul.hMul.{0, 0, 0} Int Int Int (@instHMul.{0} Int Int.instMul)
            (@OfNat.ofNat.{0} Int (nat_lit 32) (@instOfNat (nat_lit 32))) a)
          (@HMul.hMul.{0, 0, 0} Int Int Int (@instHMul.{0} Int Int.instMul) e a))
        k) =>
  have hp :
    @LT.lt.{0} Int Int.instLTInt
      (@HMul.hMul.{0, 0, 0} Int Int Int (@instHMul.{0} Int Int.instMul)
        (@OfNat.ofNat.{0} Int (nat_lit 32) (@instOfNat (nat_lit 32))) a)
      (@HMul.hMul.{0, 0, 0} Int Int Int (@instHMul.{0} Int Int.instMul) d a) :=
    @Decidable.byContradiction
      (@LT.lt.{0} Int Int.instLTInt
        (@HMul.hMul.{0, 0, 0} Int Int Int (@instHMul.{0} Int Int.instMul)
          (@OfNat.ofNat.{0} Int (nat_lit 32) (@instOfNat (nat_lit 32))) a)
        (@HMul.hMul.{0, 0, 0} Int Int Int (@instHMul.{0} Int Int.instMul) d a))
      (Int.decLt
        (@HMul.hMul.{0, 0, 0} Int Int Int (@instHMul.{0} Int Int.instMul)
          (@OfNat.ofNat.{0} Int (nat_lit 32) (@instOfNat (nat_lit 32))) a)
        (@HMul.hMul.{0, 0, 0} Int Int Int (@instHMul.{0} Int Int.instMul) d a))
      fun
        (a_1 :
          Not
            (@LT.lt.{0} Int Int.instLTInt
              (@HMul.hMul.{0, 0, 0} Int Int Int (@instHMul.{0} Int Int.instMul)
                (@OfNat.ofNat.{0} Int (nat_lit 32) (@instOfNat (nat_lit 32))) a)
              (@HMul.hMul.{0, 0, 0} Int Int Int (@instHMul.{0} Int Int.instMul) d a))) =>
      RootLDL.positive_margin._proof_1_1 a d e k hprod hgap a_1;
  @Iff.mp
    (@LT.lt.{0} Int Int.instLTInt
      (@HMul.hMul.{0, 0, 0} Int Int Int (@instHMul.{0} Int Int.instMul)
        (@OfNat.ofNat.{0} Int (nat_lit 32) (@instOfNat (nat_lit 32))) a)
      (@HMul.hMul.{0, 0, 0} Int Int Int (@instHMul.{0} Int Int.instMul) d a))
    (@LT.lt.{0} Int Int.instLTInt (@OfNat.ofNat.{0} Int (nat_lit 32) (@instOfNat (nat_lit 32))) d)
    (@Int.mul_lt_mul_right a (@OfNat.ofNat.{0} Int (nat_lit 32) (@instOfNat (nat_lit 32))) d ha) hp
RootLDL.machine_schur_consumer : ∀ (D T E : Int)
  (hl :
    @LE.le.{0} Int Int.instLEInt
      (@HAdd.hAdd.{0, 0, 0} Int Int Int (@instHAdd.{0} Int Int.instAdd)
        (@OfNat.ofNat.{0} Int (nat_lit 32) (@instOfNat (nat_lit 32))) E)
      T)
  (he :
    And
      (@LE.le.{0} Int Int.instLEInt (@Neg.neg.{0} Int Int.instNegInt E)
        (@HSub.hSub.{0, 0, 0} Int Int Int (@instHSub.{0} Int Int.instSub) D T))
      (@LE.le.{0} Int Int.instLEInt (@HSub.hSub.{0, 0, 0} Int Int Int (@instHSub.{0} Int Int.instSub) D T) E)),
  @LE.le.{0} Int Int.instLEInt (@OfNat.ofNat.{0} Int (nat_lit 32) (@instOfNat (nat_lit 32))) D
theorem RootLDL.machine_schur_consumer : ∀ (D T E : Int)
  (hl :
    @LE.le.{0} Int Int.instLEInt
      (@HAdd.hAdd.{0, 0, 0} Int Int Int (@instHAdd.{0} Int Int.instAdd)
        (@OfNat.ofNat.{0} Int (nat_lit 32) (@instOfNat (nat_lit 32))) E)
      T)
  (he :
    And
      (@LE.le.{0} Int Int.instLEInt (@Neg.neg.{0} Int Int.instNegInt E)
        (@HSub.hSub.{0, 0, 0} Int Int Int (@instHSub.{0} Int Int.instSub) D T))
      (@LE.le.{0} Int Int.instLEInt (@HSub.hSub.{0, 0, 0} Int Int Int (@instHSub.{0} Int Int.instSub) D T) E)),
  @LE.le.{0} Int Int.instLEInt (@OfNat.ofNat.{0} Int (nat_lit 32) (@instOfNat (nat_lit 32))) D :=
fun (D T E : Int)
    (hl :
      @LE.le.{0} Int Int.instLEInt
        (@HAdd.hAdd.{0, 0, 0} Int Int Int (@instHAdd.{0} Int Int.instAdd)
          (@OfNat.ofNat.{0} Int (nat_lit 32) (@instOfNat (nat_lit 32))) E)
        T)
    (he :
      And
        (@LE.le.{0} Int Int.instLEInt (@Neg.neg.{0} Int Int.instNegInt E)
          (@HSub.hSub.{0, 0, 0} Int Int Int (@instHSub.{0} Int Int.instSub) D T))
        (@LE.le.{0} Int Int.instLEInt (@HSub.hSub.{0, 0, 0} Int Int Int (@instHSub.{0} Int Int.instSub) D T) E)) =>
  @Decidable.byContradiction
    (@LE.le.{0} Int Int.instLEInt (@OfNat.ofNat.{0} Int (nat_lit 32) (@instOfNat (nat_lit 32))) D)
    (Int.decLe (@OfNat.ofNat.{0} Int (nat_lit 32) (@instOfNat (nat_lit 32))) D)
    fun (a : Not (@LE.le.{0} Int Int.instLEInt (@OfNat.ofNat.{0} Int (nat_lit 32) (@instOfNat (nat_lit 32))) D)) =>
    RootLDL.machine_schur_consumer._proof_1_1 D T E hl he a
RootLDL.imaginary_consumer : ∀ (im E : Int)
  (he : And (@LE.le.{0} Int Int.instLEInt (@Neg.neg.{0} Int Int.instNegInt E) im) (@LE.le.{0} Int Int.instLEInt im E))
  (hE : @LE.le.{0} Int Int.instLEInt E (@OfNat.ofNat.{0} Int (nat_lit 32) (@instOfNat (nat_lit 32)))),
  And
    (@LE.le.{0} Int Int.instLEInt
      (@Neg.neg.{0} Int Int.instNegInt (@OfNat.ofNat.{0} Int (nat_lit 32) (@instOfNat (nat_lit 32)))) im)
    (@LE.le.{0} Int Int.instLEInt im (@OfNat.ofNat.{0} Int (nat_lit 32) (@instOfNat (nat_lit 32))))
theorem RootLDL.imaginary_consumer : ∀ (im E : Int)
  (he : And (@LE.le.{0} Int Int.instLEInt (@Neg.neg.{0} Int Int.instNegInt E) im) (@LE.le.{0} Int Int.instLEInt im E))
  (hE : @LE.le.{0} Int Int.instLEInt E (@OfNat.ofNat.{0} Int (nat_lit 32) (@instOfNat (nat_lit 32)))),
  And
    (@LE.le.{0} Int Int.instLEInt
      (@Neg.neg.{0} Int Int.instNegInt (@OfNat.ofNat.{0} Int (nat_lit 32) (@instOfNat (nat_lit 32)))) im)
    (@LE.le.{0} Int Int.instLEInt im (@OfNat.ofNat.{0} Int (nat_lit 32) (@instOfNat (nat_lit 32)))) :=
fun (im E : Int)
    (he : And (@LE.le.{0} Int Int.instLEInt (@Neg.neg.{0} Int Int.instNegInt E) im) (@LE.le.{0} Int Int.instLEInt im E))
    (hE : @LE.le.{0} Int Int.instLEInt E (@OfNat.ofNat.{0} Int (nat_lit 32) (@instOfNat (nat_lit 32)))) =>
  @Decidable.byContradiction
    (And
      (@LE.le.{0} Int Int.instLEInt
        (@Neg.neg.{0} Int Int.instNegInt (@OfNat.ofNat.{0} Int (nat_lit 32) (@instOfNat (nat_lit 32)))) im)
      (@LE.le.{0} Int Int.instLEInt im (@OfNat.ofNat.{0} Int (nat_lit 32) (@instOfNat (nat_lit 32)))))
    (@instDecidableAnd
      (@LE.le.{0} Int Int.instLEInt
        (@Neg.neg.{0} Int Int.instNegInt (@OfNat.ofNat.{0} Int (nat_lit 32) (@instOfNat (nat_lit 32)))) im)
      (@LE.le.{0} Int Int.instLEInt im (@OfNat.ofNat.{0} Int (nat_lit 32) (@instOfNat (nat_lit 32))))
      (Int.decLe (@Neg.neg.{0} Int Int.instNegInt (@OfNat.ofNat.{0} Int (nat_lit 32) (@instOfNat (nat_lit 32)))) im)
      (Int.decLe im (@OfNat.ofNat.{0} Int (nat_lit 32) (@instOfNat (nat_lit 32)))))
    fun
      (a :
        Not
          (And
            (@LE.le.{0} Int Int.instLEInt
              (@Neg.neg.{0} Int Int.instNegInt (@OfNat.ofNat.{0} Int (nat_lit 32) (@instOfNat (nat_lit 32)))) im)
            (@LE.le.{0} Int Int.instLEInt im (@OfNat.ofNat.{0} Int (nat_lit 32) (@instOfNat (nat_lit 32)))))) =>
    RootLDL.imaginary_consumer._proof_1_1 im E he hE a
RootLDL.no_overflow_primitive_scale : @LT.lt.{0} Nat instLTNat
  (@HPow.hPow.{0, 0, 0} Nat Nat Nat (@instHPow.{0, 0} Nat Nat (@instPowNat.{0} Nat instNatPowNat))
    (@OfNat.ofNat.{0} Nat (nat_lit 2) (instOfNatNat (nat_lit 2)))
    (@OfNat.ofNat.{0} Nat (nat_lit 202) (instOfNatNat (nat_lit 202))))
  (@HPow.hPow.{0, 0, 0} Nat Nat Nat (@instHPow.{0, 0} Nat Nat (@instPowNat.{0} Nat instNatPowNat))
    (@OfNat.ofNat.{0} Nat (nat_lit 2) (instOfNatNat (nat_lit 2)))
    (@OfNat.ofNat.{0} Nat (nat_lit 1023) (instOfNatNat (nat_lit 1023))))
theorem RootLDL.no_overflow_primitive_scale : @LT.lt.{0} Nat instLTNat
  (@HPow.hPow.{0, 0, 0} Nat Nat Nat (@instHPow.{0, 0} Nat Nat (@instPowNat.{0} Nat instNatPowNat))
    (@OfNat.ofNat.{0} Nat (nat_lit 2) (instOfNatNat (nat_lit 2)))
    (@OfNat.ofNat.{0} Nat (nat_lit 202) (instOfNatNat (nat_lit 202))))
  (@HPow.hPow.{0, 0, 0} Nat Nat Nat (@instHPow.{0, 0} Nat Nat (@instPowNat.{0} Nat instNatPowNat))
    (@OfNat.ofNat.{0} Nat (nat_lit 2) (instOfNatNat (nat_lit 2)))
    (@OfNat.ofNat.{0} Nat (nat_lit 1023) (instOfNatNat (nat_lit 1023)))) :=
@of_decide_eq_true
  (@LT.lt.{0} Nat instLTNat
    (@HPow.hPow.{0, 0, 0} Nat Nat Nat (@instHPow.{0, 0} Nat Nat (@instPowNat.{0} Nat instNatPowNat))
      (@OfNat.ofNat.{0} Nat (nat_lit 2) (instOfNatNat (nat_lit 2)))
      (@OfNat.ofNat.{0} Nat (nat_lit 202) (instOfNatNat (nat_lit 202))))
    (@HPow.hPow.{0, 0, 0} Nat Nat Nat (@instHPow.{0, 0} Nat Nat (@instPowNat.{0} Nat instNatPowNat))
      (@OfNat.ofNat.{0} Nat (nat_lit 2) (instOfNatNat (nat_lit 2)))
      (@OfNat.ofNat.{0} Nat (nat_lit 1023) (instOfNatNat (nat_lit 1023)))))
  (Nat.decLt
    (@HPow.hPow.{0, 0, 0} Nat Nat Nat (@instHPow.{0, 0} Nat Nat (@instPowNat.{0} Nat instNatPowNat))
      (@OfNat.ofNat.{0} Nat (nat_lit 2) (instOfNatNat (nat_lit 2)))
      (@OfNat.ofNat.{0} Nat (nat_lit 202) (instOfNatNat (nat_lit 202))))
    (@HPow.hPow.{0, 0, 0} Nat Nat Nat (@instHPow.{0, 0} Nat Nat (@instPowNat.{0} Nat instNatPowNat))
      (@OfNat.ofNat.{0} Nat (nat_lit 2) (instOfNatNat (nat_lit 2)))
      (@OfNat.ofNat.{0} Nat (nat_lit 1023) (instOfNatNat (nat_lit 1023)))))
  (@id.{0}
    (@Eq.{1} Bool
      (@Decidable.decide
        (@LT.lt.{0} Nat instLTNat
          (@HPow.hPow.{0, 0, 0} Nat Nat Nat (@instHPow.{0, 0} Nat Nat (@instPowNat.{0} Nat instNatPowNat))
            (@OfNat.ofNat.{0} Nat (nat_lit 2) (instOfNatNat (nat_lit 2)))
            (@OfNat.ofNat.{0} Nat (nat_lit 202) (instOfNatNat (nat_lit 202))))
          (@HPow.hPow.{0, 0, 0} Nat Nat Nat (@instHPow.{0, 0} Nat Nat (@instPowNat.{0} Nat instNatPowNat))
            (@OfNat.ofNat.{0} Nat (nat_lit 2) (instOfNatNat (nat_lit 2)))
            (@OfNat.ofNat.{0} Nat (nat_lit 1023) (instOfNatNat (nat_lit 1023)))))
        (Nat.decLt
          (@HPow.hPow.{0, 0, 0} Nat Nat Nat (@instHPow.{0, 0} Nat Nat (@instPowNat.{0} Nat instNatPowNat))
            (@OfNat.ofNat.{0} Nat (nat_lit 2) (instOfNatNat (nat_lit 2)))
            (@OfNat.ofNat.{0} Nat (nat_lit 202) (instOfNatNat (nat_lit 202))))
          (@HPow.hPow.{0, 0, 0} Nat Nat Nat (@instHPow.{0, 0} Nat Nat (@instPowNat.{0} Nat instNatPowNat))
            (@OfNat.ofNat.{0} Nat (nat_lit 2) (instOfNatNat (nat_lit 2)))
            (@OfNat.ofNat.{0} Nat (nat_lit 1023) (instOfNatNat (nat_lit 1023))))))
      Bool.true)
    (@Eq.refl.{1} Bool Bool.true))
RootLDL.zero_domain_not_root_domain : And
  (@LT.lt.{0} Nat instLTNat (@OfNat.ofNat.{0} Nat (nat_lit 1054) (instOfNatNat (nat_lit 1054)))
    (@OfNat.ofNat.{0} Nat (nat_lit 1067) (instOfNatNat (nat_lit 1067))))
  (@GT.gt.{0} Nat instLTNat
    (@HMul.hMul.{0, 0, 0} Nat Nat Nat (@instHMul.{0} Nat instMulNat)
      (@OfNat.ofNat.{0} Nat (nat_lit 1) (instOfNatNat (nat_lit 1)))
      (@OfNat.ofNat.{0} Nat (nat_lit 1048576) (instOfNatNat (nat_lit 1048576))))
    (@OfNat.ofNat.{0} Nat (nat_lit 1024) (instOfNatNat (nat_lit 1024))))
theorem RootLDL.zero_domain_not_root_domain : And
  (@LT.lt.{0} Nat instLTNat (@OfNat.ofNat.{0} Nat (nat_lit 1054) (instOfNatNat (nat_lit 1054)))
    (@OfNat.ofNat.{0} Nat (nat_lit 1067) (instOfNatNat (nat_lit 1067))))
  (@GT.gt.{0} Nat instLTNat
    (@HMul.hMul.{0, 0, 0} Nat Nat Nat (@instHMul.{0} Nat instMulNat)
      (@OfNat.ofNat.{0} Nat (nat_lit 1) (instOfNatNat (nat_lit 1)))
      (@OfNat.ofNat.{0} Nat (nat_lit 1048576) (instOfNatNat (nat_lit 1048576))))
    (@OfNat.ofNat.{0} Nat (nat_lit 1024) (instOfNatNat (nat_lit 1024)))) :=
@of_decide_eq_true
  (And
    (@LT.lt.{0} Nat instLTNat (@OfNat.ofNat.{0} Nat (nat_lit 1054) (instOfNatNat (nat_lit 1054)))
      (@OfNat.ofNat.{0} Nat (nat_lit 1067) (instOfNatNat (nat_lit 1067))))
    (@GT.gt.{0} Nat instLTNat
      (@HMul.hMul.{0, 0, 0} Nat Nat Nat (@instHMul.{0} Nat instMulNat)
        (@OfNat.ofNat.{0} Nat (nat_lit 1) (instOfNatNat (nat_lit 1)))
        (@OfNat.ofNat.{0} Nat (nat_lit 1048576) (instOfNatNat (nat_lit 1048576))))
      (@OfNat.ofNat.{0} Nat (nat_lit 1024) (instOfNatNat (nat_lit 1024)))))
  (@instDecidableAnd
    (@LT.lt.{0} Nat instLTNat (@OfNat.ofNat.{0} Nat (nat_lit 1054) (instOfNatNat (nat_lit 1054)))
      (@OfNat.ofNat.{0} Nat (nat_lit 1067) (instOfNatNat (nat_lit 1067))))
    (@GT.gt.{0} Nat instLTNat
      (@HMul.hMul.{0, 0, 0} Nat Nat Nat (@instHMul.{0} Nat instMulNat)
        (@OfNat.ofNat.{0} Nat (nat_lit 1) (instOfNatNat (nat_lit 1)))
        (@OfNat.ofNat.{0} Nat (nat_lit 1048576) (instOfNatNat (nat_lit 1048576))))
      (@OfNat.ofNat.{0} Nat (nat_lit 1024) (instOfNatNat (nat_lit 1024))))
    (Nat.decLt (@OfNat.ofNat.{0} Nat (nat_lit 1054) (instOfNatNat (nat_lit 1054)))
      (@OfNat.ofNat.{0} Nat (nat_lit 1067) (instOfNatNat (nat_lit 1067))))
    (Nat.decLt (@OfNat.ofNat.{0} Nat (nat_lit 1024) (instOfNatNat (nat_lit 1024)))
      (@HMul.hMul.{0, 0, 0} Nat Nat Nat (@instHMul.{0} Nat instMulNat)
        (@OfNat.ofNat.{0} Nat (nat_lit 1) (instOfNatNat (nat_lit 1)))
        (@OfNat.ofNat.{0} Nat (nat_lit 1048576) (instOfNatNat (nat_lit 1048576))))))
  (@id.{0}
    (@Eq.{1} Bool
      (@Decidable.decide
        (And
          (@LT.lt.{0} Nat instLTNat (@OfNat.ofNat.{0} Nat (nat_lit 1054) (instOfNatNat (nat_lit 1054)))
            (@OfNat.ofNat.{0} Nat (nat_lit 1067) (instOfNatNat (nat_lit 1067))))
          (@GT.gt.{0} Nat instLTNat
            (@HMul.hMul.{0, 0, 0} Nat Nat Nat (@instHMul.{0} Nat instMulNat)
              (@OfNat.ofNat.{0} Nat (nat_lit 1) (instOfNatNat (nat_lit 1)))
              (@OfNat.ofNat.{0} Nat (nat_lit 1048576) (instOfNatNat (nat_lit 1048576))))
            (@OfNat.ofNat.{0} Nat (nat_lit 1024) (instOfNatNat (nat_lit 1024)))))
        (@instDecidableAnd
          (@LT.lt.{0} Nat instLTNat (@OfNat.ofNat.{0} Nat (nat_lit 1054) (instOfNatNat (nat_lit 1054)))
            (@OfNat.ofNat.{0} Nat (nat_lit 1067) (instOfNatNat (nat_lit 1067))))
          (@GT.gt.{0} Nat instLTNat
            (@HMul.hMul.{0, 0, 0} Nat Nat Nat (@instHMul.{0} Nat instMulNat)
              (@OfNat.ofNat.{0} Nat (nat_lit 1) (instOfNatNat (nat_lit 1)))
              (@OfNat.ofNat.{0} Nat (nat_lit 1048576) (instOfNatNat (nat_lit 1048576))))
            (@OfNat.ofNat.{0} Nat (nat_lit 1024) (instOfNatNat (nat_lit 1024))))
          (Nat.decLt (@OfNat.ofNat.{0} Nat (nat_lit 1054) (instOfNatNat (nat_lit 1054)))
            (@OfNat.ofNat.{0} Nat (nat_lit 1067) (instOfNatNat (nat_lit 1067))))
          (Nat.decLt (@OfNat.ofNat.{0} Nat (nat_lit 1024) (instOfNatNat (nat_lit 1024)))
            (@HMul.hMul.{0, 0, 0} Nat Nat Nat (@instHMul.{0} Nat instMulNat)
              (@OfNat.ofNat.{0} Nat (nat_lit 1) (instOfNatNat (nat_lit 1)))
              (@OfNat.ofNat.{0} Nat (nat_lit 1048576) (instOfNatNat (nat_lit 1048576)))))))
      Bool.true)
    (@Eq.refl.{1} Bool Bool.true))
RootLDL.coefficient_reduction_bound : @LT.lt.{0} Nat instLTNat
  (@HAdd.hAdd.{0, 0, 0} Nat Nat Nat (@instHAdd.{0} Nat instAddNat)
    (@HMul.hMul.{0, 0, 0} Nat Nat Nat (@instHMul.{0} Nat instMulNat)
      (@HMul.hMul.{0, 0, 0} Nat Nat Nat (@instHMul.{0} Nat instMulNat)
        (@OfNat.ofNat.{0} Nat (nat_lit 6) (instOfNatNat (nat_lit 6)))
        (@OfNat.ofNat.{0} Nat (nat_lit 1536) (instOfNatNat (nat_lit 1536))))
      (@OfNat.ofNat.{0} Nat (nat_lit 2047) (instOfNatNat (nat_lit 2047))))
    (@OfNat.ofNat.{0} Nat (nat_lit 18433) (instOfNatNat (nat_lit 18433))))
  (@OfNat.ofNat.{0} Nat (nat_lit 2147355649) (instOfNatNat (nat_lit 2147355649)))
theorem RootLDL.coefficient_reduction_bound : @LT.lt.{0} Nat instLTNat
  (@HAdd.hAdd.{0, 0, 0} Nat Nat Nat (@instHAdd.{0} Nat instAddNat)
    (@HMul.hMul.{0, 0, 0} Nat Nat Nat (@instHMul.{0} Nat instMulNat)
      (@HMul.hMul.{0, 0, 0} Nat Nat Nat (@instHMul.{0} Nat instMulNat)
        (@OfNat.ofNat.{0} Nat (nat_lit 6) (instOfNatNat (nat_lit 6)))
        (@OfNat.ofNat.{0} Nat (nat_lit 1536) (instOfNatNat (nat_lit 1536))))
      (@OfNat.ofNat.{0} Nat (nat_lit 2047) (instOfNatNat (nat_lit 2047))))
    (@OfNat.ofNat.{0} Nat (nat_lit 18433) (instOfNatNat (nat_lit 18433))))
  (@OfNat.ofNat.{0} Nat (nat_lit 2147355649) (instOfNatNat (nat_lit 2147355649))) :=
@of_decide_eq_true
  (@LT.lt.{0} Nat instLTNat
    (@HAdd.hAdd.{0, 0, 0} Nat Nat Nat (@instHAdd.{0} Nat instAddNat)
      (@HMul.hMul.{0, 0, 0} Nat Nat Nat (@instHMul.{0} Nat instMulNat)
        (@HMul.hMul.{0, 0, 0} Nat Nat Nat (@instHMul.{0} Nat instMulNat)
          (@OfNat.ofNat.{0} Nat (nat_lit 6) (instOfNatNat (nat_lit 6)))
          (@OfNat.ofNat.{0} Nat (nat_lit 1536) (instOfNatNat (nat_lit 1536))))
        (@OfNat.ofNat.{0} Nat (nat_lit 2047) (instOfNatNat (nat_lit 2047))))
      (@OfNat.ofNat.{0} Nat (nat_lit 18433) (instOfNatNat (nat_lit 18433))))
    (@OfNat.ofNat.{0} Nat (nat_lit 2147355649) (instOfNatNat (nat_lit 2147355649))))
  (Nat.decLt
    (@HAdd.hAdd.{0, 0, 0} Nat Nat Nat (@instHAdd.{0} Nat instAddNat)
      (@HMul.hMul.{0, 0, 0} Nat Nat Nat (@instHMul.{0} Nat instMulNat)
        (@HMul.hMul.{0, 0, 0} Nat Nat Nat (@instHMul.{0} Nat instMulNat)
          (@OfNat.ofNat.{0} Nat (nat_lit 6) (instOfNatNat (nat_lit 6)))
          (@OfNat.ofNat.{0} Nat (nat_lit 1536) (instOfNatNat (nat_lit 1536))))
        (@OfNat.ofNat.{0} Nat (nat_lit 2047) (instOfNatNat (nat_lit 2047))))
      (@OfNat.ofNat.{0} Nat (nat_lit 18433) (instOfNatNat (nat_lit 18433))))
    (@OfNat.ofNat.{0} Nat (nat_lit 2147355649) (instOfNatNat (nat_lit 2147355649))))
  (@id.{0}
    (@Eq.{1} Bool
      (@Decidable.decide
        (@LT.lt.{0} Nat instLTNat
          (@HAdd.hAdd.{0, 0, 0} Nat Nat Nat (@instHAdd.{0} Nat instAddNat)
            (@HMul.hMul.{0, 0, 0} Nat Nat Nat (@instHMul.{0} Nat instMulNat)
              (@HMul.hMul.{0, 0, 0} Nat Nat Nat (@instHMul.{0} Nat instMulNat)
                (@OfNat.ofNat.{0} Nat (nat_lit 6) (instOfNatNat (nat_lit 6)))
                (@OfNat.ofNat.{0} Nat (nat_lit 1536) (instOfNatNat (nat_lit 1536))))
              (@OfNat.ofNat.{0} Nat (nat_lit 2047) (instOfNatNat (nat_lit 2047))))
            (@OfNat.ofNat.{0} Nat (nat_lit 18433) (instOfNatNat (nat_lit 18433))))
          (@OfNat.ofNat.{0} Nat (nat_lit 2147355649) (instOfNatNat (nat_lit 2147355649))))
        (Nat.decLt
          (@HAdd.hAdd.{0, 0, 0} Nat Nat Nat (@instHAdd.{0} Nat instAddNat)
            (@HMul.hMul.{0, 0, 0} Nat Nat Nat (@instHMul.{0} Nat instMulNat)
              (@HMul.hMul.{0, 0, 0} Nat Nat Nat (@instHMul.{0} Nat instMulNat)
                (@OfNat.ofNat.{0} Nat (nat_lit 6) (instOfNatNat (nat_lit 6)))
                (@OfNat.ofNat.{0} Nat (nat_lit 1536) (instOfNatNat (nat_lit 1536))))
              (@OfNat.ofNat.{0} Nat (nat_lit 2047) (instOfNatNat (nat_lit 2047))))
            (@OfNat.ofNat.{0} Nat (nat_lit 18433) (instOfNatNat (nat_lit 18433))))
          (@OfNat.ofNat.{0} Nat (nat_lit 2147355649) (instOfNatNat (nat_lit 2147355649)))))
      Bool.true)
    (@Eq.refl.{1} Bool Bool.true))
def RootLDL.step : (v : Nat) → (s : Prod.{0, 0} Nat Nat) → Prod.{0, 0} Nat Nat :=
fun (v : Nat) (s : Prod.{0, 0} Nat Nat) =>
  @ite.{1} (Prod.{0, 0} Nat Nat) (@LE.le.{0} Nat instLENat v (@Prod.fst.{0, 0} Nat Nat s))
    (Nat.decLe v (@Prod.fst.{0, 0} Nat Nat s))
    (@Prod.mk.{0, 0} Nat Nat
      (@HMul.hMul.{0, 0, 0} Nat Nat Nat (@instHMul.{0} Nat instMulNat)
        (@OfNat.ofNat.{0} Nat (nat_lit 2) (instOfNatNat (nat_lit 2)))
        (@HSub.hSub.{0, 0, 0} Nat Nat Nat (@instHSub.{0} Nat instSubNat) (@Prod.fst.{0, 0} Nat Nat s) v))
      (@HMul.hMul.{0, 0, 0} Nat Nat Nat (@instHMul.{0} Nat instMulNat)
        (@OfNat.ofNat.{0} Nat (nat_lit 2) (instOfNatNat (nat_lit 2)))
        (@HAdd.hAdd.{0, 0, 0} Nat Nat Nat (@instHAdd.{0} Nat instAddNat) (@Prod.snd.{0, 0} Nat Nat s)
          (@OfNat.ofNat.{0} Nat (nat_lit 1) (instOfNatNat (nat_lit 1))))))
    (@Prod.mk.{0, 0} Nat Nat
      (@HMul.hMul.{0, 0, 0} Nat Nat Nat (@instHMul.{0} Nat instMulNat)
        (@OfNat.ofNat.{0} Nat (nat_lit 2) (instOfNatNat (nat_lit 2))) (@Prod.fst.{0, 0} Nat Nat s))
      (@HMul.hMul.{0, 0, 0} Nat Nat Nat (@instHMul.{0} Nat instMulNat)
        (@OfNat.ofNat.{0} Nat (nat_lit 2) (instOfNatNat (nat_lit 2))) (@Prod.snd.{0, 0} Nat Nat s)))
def RootLDL.loop : (v : Nat) → Nat → Prod.{0, 0} Nat Nat → Prod.{0, 0} Nat Nat :=
fun (v x : Nat) (x_1 : Prod.{0, 0} Nat Nat) =>
  @Nat.brecOn.{1} (fun (x : Nat) => Prod.{0, 0} Nat Nat → Prod.{0, 0} Nat Nat) x (RootLDL.loop._f v) x_1
def RootLDL.mulC : (x y : ZeroScalar.Word) → ZeroScalar.Word :=
fun (x y : ZeroScalar.Word) =>
  have p : Nat :=
    @HMul.hMul.{0, 0, 0} Nat Nat Nat (@instHMul.{0} Nat instMulNat)
      (@HAdd.hAdd.{0, 0, 0} Nat Nat Nat (@instHAdd.{0} Nat instAddNat)
        (@OfNat.ofNat.{0} Nat (nat_lit 4503599627370496) (instOfNatNat (nat_lit 4503599627370496))) (ZeroScalar.frac x))
      (@HAdd.hAdd.{0, 0, 0} Nat Nat Nat (@instHAdd.{0} Nat instAddNat)
        (@OfNat.ofNat.{0} Nat (nat_lit 4503599627370496) (instOfNatNat (nat_lit 4503599627370496)))
        (ZeroScalar.frac y));
  have z : Nat :=
    @HOr.hOr.{0, 0, 0} Nat Nat Nat (@instHOrOfOrOp.{0} Nat Nat.instOrOp)
      (@HDiv.hDiv.{0, 0, 0} Nat Nat Nat (@instHDiv.{0} Nat Nat.instDiv) p
        (@OfNat.ofNat.{0} Nat (nat_lit 1125899906842624) (instOfNatNat (nat_lit 1125899906842624))))
      (@ite.{1} Nat
        (@Eq.{1} Nat
          (@HMod.hMod.{0, 0, 0} Nat Nat Nat (@instHMod.{0} Nat Nat.instMod) p
            (@OfNat.ofNat.{0} Nat (nat_lit 1125899906842624) (instOfNatNat (nat_lit 1125899906842624))))
          (@OfNat.ofNat.{0} Nat (nat_lit 0) (instOfNatNat (nat_lit 0))))
        (instDecidableEqNat
          (@HMod.hMod.{0, 0, 0} Nat Nat Nat (@instHMod.{0} Nat Nat.instMod) p
            (@OfNat.ofNat.{0} Nat (nat_lit 1125899906842624) (instOfNatNat (nat_lit 1125899906842624))))
          (@OfNat.ofNat.{0} Nat (nat_lit 0) (instOfNatNat (nat_lit 0))))
        (@OfNat.ofNat.{0} Nat (nat_lit 0) (instOfNatNat (nat_lit 0)))
        (@OfNat.ofNat.{0} Nat (nat_lit 1) (instOfNatNat (nat_lit 1))));
  have w : Nat :=
    @HDiv.hDiv.{0, 0, 0} Nat Nat Nat (@instHDiv.{0} Nat Nat.instDiv) z
      (@OfNat.ofNat.{0} Nat (nat_lit 36028797018963968) (instOfNatNat (nat_lit 36028797018963968)));
  have m : Nat :=
    @ite.{1} Nat (@Eq.{1} Nat w (@OfNat.ofNat.{0} Nat (nat_lit 0) (instOfNatNat (nat_lit 0))))
      (instDecidableEqNat w (@OfNat.ofNat.{0} Nat (nat_lit 0) (instOfNatNat (nat_lit 0)))) z
      (@HOr.hOr.{0, 0, 0} Nat Nat Nat (@instHOrOfOrOp.{0} Nat Nat.instOrOp)
        (@HDiv.hDiv.{0, 0, 0} Nat Nat Nat (@instHDiv.{0} Nat Nat.instDiv) z
          (@OfNat.ofNat.{0} Nat (nat_lit 2) (instOfNatNat (nat_lit 2))))
        (@HMod.hMod.{0, 0, 0} Nat Nat Nat (@instHMod.{0} Nat Nat.instMod) z
          (@OfNat.ofNat.{0} Nat (nat_lit 2) (instOfNatNat (nat_lit 2)))));
  @ite.{1} ZeroScalar.Word
    (Or (@Eq.{1} Nat (ZeroScalar.ex x) (@OfNat.ofNat.{0} Nat (nat_lit 0) (instOfNatNat (nat_lit 0))))
      (@Eq.{1} Nat (ZeroScalar.ex y) (@OfNat.ofNat.{0} Nat (nat_lit 0) (instOfNatNat (nat_lit 0)))))
    (@instDecidableOr (@Eq.{1} Nat (ZeroScalar.ex x) (@OfNat.ofNat.{0} Nat (nat_lit 0) (instOfNatNat (nat_lit 0))))
      (@Eq.{1} Nat (ZeroScalar.ex y) (@OfNat.ofNat.{0} Nat (nat_lit 0) (instOfNatNat (nat_lit 0))))
      (instDecidableEqNat (ZeroScalar.ex x) (@OfNat.ofNat.{0} Nat (nat_lit 0) (instOfNatNat (nat_lit 0))))
      (instDecidableEqNat (ZeroScalar.ex y) (@OfNat.ofNat.{0} Nat (nat_lit 0) (instOfNatNat (nat_lit 0)))))
    (RootLDL.signedZero
      (@bne.{0} Bool (@instBEqOfDecidableEq.{0} Bool instDecidableEqBool) (ZeroScalar.sg x) (ZeroScalar.sg y)))
    (RootLDL.packed
      (@bne.{0} Bool (@instBEqOfDecidableEq.{0} Bool instDecidableEqBool) (ZeroScalar.sg x) (ZeroScalar.sg y))
      (@HAdd.hAdd.{0, 0, 0} Int Int Int (@instHAdd.{0} Int Int.instAdd)
        (@HSub.hSub.{0, 0, 0} Int Int Int (@instHSub.{0} Int Int.instSub)
          (@HAdd.hAdd.{0, 0, 0} Int Int Int (@instHAdd.{0} Int Int.instAdd)
            (@Nat.cast.{0} Int instNatCastInt (ZeroScalar.ex x)) (@Nat.cast.{0} Int instNatCastInt (ZeroScalar.ex y)))
          (@OfNat.ofNat.{0} Int (nat_lit 1024) (@instOfNat (nat_lit 1024))))
        (@Nat.cast.{0} Int instNatCastInt w))
      m)
def RootLDL.divC : (x y : ZeroScalar.Word) → ZeroScalar.Word :=
fun (x y : ZeroScalar.Word) =>
  have s : Prod.{0, 0} Nat Nat :=
    RootLDL.loop
      (@HAdd.hAdd.{0, 0, 0} Nat Nat Nat (@instHAdd.{0} Nat instAddNat)
        (@OfNat.ofNat.{0} Nat (nat_lit 4503599627370496) (instOfNatNat (nat_lit 4503599627370496))) (ZeroScalar.frac y))
      (@OfNat.ofNat.{0} Nat (nat_lit 55) (instOfNatNat (nat_lit 55)))
      (@Prod.mk.{0, 0} Nat Nat
        (@HAdd.hAdd.{0, 0, 0} Nat Nat Nat (@instHAdd.{0} Nat instAddNat)
          (@OfNat.ofNat.{0} Nat (nat_lit 4503599627370496) (instOfNatNat (nat_lit 4503599627370496)))
          (ZeroScalar.frac x))
        (@OfNat.ofNat.{0} Nat (nat_lit 0) (instOfNatNat (nat_lit 0))));
  have q : Nat :=
    @HOr.hOr.{0, 0, 0} Nat Nat Nat (@instHOrOfOrOp.{0} Nat Nat.instOrOp) (@Prod.snd.{0, 0} Nat Nat s)
      (@ite.{1} Nat
        (@Eq.{1} Nat (@Prod.fst.{0, 0} Nat Nat s) (@OfNat.ofNat.{0} Nat (nat_lit 0) (instOfNatNat (nat_lit 0))))
        (instDecidableEqNat (@Prod.fst.{0, 0} Nat Nat s) (@OfNat.ofNat.{0} Nat (nat_lit 0) (instOfNatNat (nat_lit 0))))
        (@OfNat.ofNat.{0} Nat (nat_lit 0) (instOfNatNat (nat_lit 0)))
        (@OfNat.ofNat.{0} Nat (nat_lit 1) (instOfNatNat (nat_lit 1))));
  have w : Nat :=
    @HDiv.hDiv.{0, 0, 0} Nat Nat Nat (@instHDiv.{0} Nat Nat.instDiv) q
      (@OfNat.ofNat.{0} Nat (nat_lit 36028797018963968) (instOfNatNat (nat_lit 36028797018963968)));
  have m : Nat :=
    @ite.{1} Nat (@Eq.{1} Nat w (@OfNat.ofNat.{0} Nat (nat_lit 0) (instOfNatNat (nat_lit 0))))
      (instDecidableEqNat w (@OfNat.ofNat.{0} Nat (nat_lit 0) (instOfNatNat (nat_lit 0)))) q
      (@HOr.hOr.{0, 0, 0} Nat Nat Nat (@instHOrOfOrOp.{0} Nat Nat.instOrOp)
        (@HDiv.hDiv.{0, 0, 0} Nat Nat Nat (@instHDiv.{0} Nat Nat.instDiv) q
          (@OfNat.ofNat.{0} Nat (nat_lit 2) (instOfNatNat (nat_lit 2))))
        (@HMod.hMod.{0, 0, 0} Nat Nat Nat (@instHMod.{0} Nat Nat.instMod) q
          (@OfNat.ofNat.{0} Nat (nat_lit 2) (instOfNatNat (nat_lit 2)))));
  @ite.{1} ZeroScalar.Word (@Eq.{1} Nat (ZeroScalar.ex x) (@OfNat.ofNat.{0} Nat (nat_lit 0) (instOfNatNat (nat_lit 0))))
    (instDecidableEqNat (ZeroScalar.ex x) (@OfNat.ofNat.{0} Nat (nat_lit 0) (instOfNatNat (nat_lit 0))))
    (RootLDL.signedZero Bool.false)
    (RootLDL.packed
      (@bne.{0} Bool (@instBEqOfDecidableEq.{0} Bool instDecidableEqBool) (ZeroScalar.sg x) (ZeroScalar.sg y))
      (@HAdd.hAdd.{0, 0, 0} Int Int Int (@instHAdd.{0} Int Int.instAdd)
        (@HAdd.hAdd.{0, 0, 0} Int Int Int (@instHAdd.{0} Int Int.instAdd)
          (@HSub.hSub.{0, 0, 0} Int Int Int (@instHSub.{0} Int Int.instSub)
            (@Nat.cast.{0} Int instNatCastInt (ZeroScalar.ex x)) (@Nat.cast.{0} Int instNatCastInt (ZeroScalar.ex y)))
          (@OfNat.ofNat.{0} Int (nat_lit 1021) (@instOfNat (nat_lit 1021))))
        (@Nat.cast.{0} Int instNatCastInt w))
      m)
def RootLDL.store : {α : Type} → (mem : Nat → α) → (w : Prod.{0, 0} Nat α) → Nat → α :=
fun {α : Type} (mem : Nat → α) (w : Prod.{0, 0} Nat α) (i : Nat) =>
  @ite.{1} α (@Eq.{1} Nat i (@Prod.fst.{0, 0} Nat α w)) (instDecidableEqNat i (@Prod.fst.{0, 0} Nat α w))
    (@Prod.snd.{0, 0} Nat α w) (mem i)
def RootLDL.runStores : {α : Type} → (mem : Nat → α) → List.{0} (Prod.{0, 0} Nat α) → Nat → α :=
fun {α : Type} (mem : Nat → α) (x : List.{0} (Prod.{0, 0} Nat α)) =>
  @List.brecOn.{1, 0} (Prod.{0, 0} Nat α) (fun (x : List.{0} (Prod.{0, 0} Nat α)) => (mem : Nat → α) → Nat → α) x
    (@RootLDL.runStores._f α) mem
RootTypes 0 0.631
