0 -365 0 0 13868500800952598528 0 4645128764097822720 4607182418800017408
0 -1 0 0 13830554455654793216 0 4607182418800017408 4607182418800017408
0 0 0 0 0 0 0 4607182418800017408
0 1 0 0 4607182418800017408 0 13830554455654793216 4607182418800017408
0 366 0 0 4645146356283867136 0 13868518393138642944 4607182418800017408
1 -365 0 0 13868500800952598528 0 4645128764097822720 4607182418800017408
1 -1 0 0 13830554455654793216 0 4607182418800017408 4607182418800017408
1 0 0 0 0 0 0 4607182418800017408
1 1 0 0 4607182418800017408 0 13830554455654793216 4607182418800017408
1 366 0 0 4645146356283867136 0 13868518393138642944 4607182418800017408
2 -365 0 0 13868500800952598528 0 4645128764097822720 4607182418800017408
2 -1 0 0 13830554455654793216 0 4607182418800017408 4607182418800017408
2 0 0 0 0 0 0 4607182418800017408
2 1 0 0 4607182418800017408 0 13830554455654793216 4607182418800017408
2 366 0 0 4645146356283867136 0 13868518393138642944 4607182418800017408
4503599627370495 -365 0 0 13868500800952598528 0 4645128764097822720 4607182418800017408
4503599627370495 -1 0 0 13830554455654793216 0 4607182418800017408 4607182418800017408
4503599627370495 0 0 0 0 0 0 4607182418800017408
4503599627370495 1 0 0 4607182418800017408 0 13830554455654793216 4607182418800017408
4503599627370495 366 0 0 4645146356283867136 0 13868518393138642944 4607182418800017408
4503599627370496 -365 0 0 13868500800952598528 4503599627370496 4645128764097822720 4607182418800017408
4503599627370496 -1 0 0 13830554455654793216 4503599627370496 4607182418800017408 4607182418800017408
4503599627370496 0 0 0 0 4503599627370496 4503599627370496 4607182418800017408
4503599627370496 1 0 0 4607182418800017408 4503599627370496 13830554455654793216 4607182418800017408
4503599627370496 366 0 0 4645146356283867136 4503599627370496 13868518393138642944 4607182418800017408
4503599627370497 -365 0 0 13868500800952598528 4503599627370497 4645128764097822720 4607182418800017408
4503599627370497 -1 0 0 13830554455654793216 4503599627370497 4607182418800017408 4607182418800017408
4503599627370497 0 0 0 0 4503599627370497 4503599627370497 4607182418800017408
4503599627370497 1 0 0 4607182418800017408 4503599627370497 13830554455654793216 4607182418800017408
4503599627370497 366 0 0 4645146356283867136 4503599627370497 13868518393138642944 4607182418800017408
9007199254740991 -365 0 0 13868500800952598528 9007199254740991 4645128764097822720 4607182418800017408
9007199254740991 -1 0 0 13830554455654793216 9007199254740991 4607182418800017408 4607182418800017408
9007199254740991 0 0 0 0 9007199254740991 9007199254740991 4607182418800017408
9007199254740991 1 0 0 4607182418800017408 9007199254740991 13830554455654793216 4607182418800017408
9007199254740991 366 0 0 4645146356283867136 9007199254740991 13868518393138642944 4607182418800017408
9007199254740992 -365 0 0 13868500800952598528 9007199254740992 4645128764097822720 4607182418800017408
9007199254740992 -1 0 0 13830554455654793216 9007199254740992 4607182418800017408 4607182418800017408
9007199254740992 0 0 0 0 9007199254740992 9007199254740992 4607182418800017408
9007199254740992 1 0 0 4607182418800017408 9007199254740992 13830554455654793216 4607182418800017408
9007199254740992 366 0 0 4645146356283867136 9007199254740992 13868518393138642944 4607182418800017408
9007199254740993 -365 0 0 13868500800952598528 9007199254740993 4645128764097822720 4607182418800017408
9007199254740993 -1 0 0 13830554455654793216 9007199254740993 4607182418800017408 4607182418800017408
9007199254740993 0 0 0 0 9007199254740993 9007199254740993 4607182418800017408
9007199254740993 1 0 0 4607182418800017408 9007199254740993 13830554455654793216 4607182418800017408
9007199254740993 366 0 0 4645146356283867136 9007199254740993 13868518393138642944 4607182418800017408
11258999068426239 -365 0 0 13868500800952598528 11258999068426239 4645128764097822720 4607182418800017408
11258999068426239 -1 0 0 13830554455654793216 11258999068426239 4607182418800017408 4607182418800017408
11258999068426239 0 0 0 0 11258999068426239 11258999068426239 4607182418800017408
11258999068426239 1 0 0 4607182418800017408 11258999068426239 13830554455654793216 4607182418800017408
11258999068426239 366 0 0 4645146356283867136 11258999068426239 13868518393138642944 4607182418800017408
11258999068426240 -365 0 0 13868500800952598528 11258999068426240 4645128764097822720 4607182418800017408
11258999068426240 -1 0 0 13830554455654793216 11258999068426240 4607182418800017408 4607182418800017408
11258999068426240 0 0 0 0 11258999068426240 11258999068426240 4607182418800017408
11258999068426240 1 0 0 4607182418800017408 11258999068426240 13830554455654793216 4607182418800017408
11258999068426240 366 0 0 4645146356283867136 11258999068426240 13868518393138642944 4607182418800017408
13510798882111486 -365 0 0 13868500800952598528 13510798882111486 4645128764097822720 4607182418800017408
13510798882111486 -1 0 0 13830554455654793216 13510798882111486 4607182418800017408 4607182418800017408
13510798882111486 0 0 0 0 13510798882111486 13510798882111486 4607182418800017408
13510798882111486 1 0 0 4607182418800017408 13510798882111486 13830554455654793216 4607182418800017408
13510798882111486 366 0 0 4645146356283867136 13510798882111486 13868518393138642944 4607182418800017408
13510798882111487 -365 0 0 13868500800952598528 13510798882111487 4645128764097822720 4607182418800017408
13510798882111487 -1 0 0 13830554455654793216 13510798882111487 4607182418800017408 4607182418800017408
13510798882111487 0 0 0 0 13510798882111487 13510798882111487 4607182418800017408
13510798882111487 1 0 0 4607182418800017408 13510798882111487 13830554455654793216 4607182418800017408
13510798882111487 366 0 0 4645146356283867136 13510798882111487 13868518393138642944 4607182418800017408
139611588448485376 -365 0 0 13868500800952598528 139611588448485376 4645128764097822720 4607182418800017408
139611588448485376 -1 0 0 13830554455654793216 139611588448485376 4607182418800017408 4607182418800017408
139611588448485376 0 0 0 0 139611588448485376 139611588448485376 4607182418800017408
139611588448485376 1 0 0 4607182418800017408 139611588448485376 13830554455654793216 4607182418800017408
139611588448485376 366 0 0 4645146356283867136 139611588448485376 13868518393138642944 4607182418800017408
139611588448485377 -365 0 0 13868500800952598528 139611588448485377 4645128764097822720 4607182418800017408
139611588448485377 -1 0 0 13830554455654793216 139611588448485377 4607182418800017408 4607182418800017408
139611588448485377 0 0 0 0 139611588448485377 139611588448485377 4607182418800017408
139611588448485377 1 0 0 4607182418800017408 139611588448485377 13830554455654793216 4607182418800017408
139611588448485377 366 0 0 4645146356283867136 139611588448485377 13868518393138642944 4607182418800017408
141863388262170623 -365 0 0 13868500800952598528 141863388262170623 4645128764097822720 4607182418800017408
141863388262170623 -1 0 0 13830554455654793216 141863388262170623 4607182418800017408 4607182418800017408
141863388262170623 0 0 0 0 141863388262170623 141863388262170623 4607182418800017408
141863388262170623 1 0 0 4607182418800017408 141863388262170623 13830554455654793216 4607182418800017408
141863388262170623 366 0 0 4645146356283867136 141863388262170623 13868518393138642944 4607182418800017408
141863388262170624 -365 0 0 13868500800952598528 141863388262170624 4645128764097822720 4607182418800017408
141863388262170624 -1 0 0 13830554455654793216 141863388262170624 4607182418800017408 4607182418800017408
141863388262170624 0 0 0 0 141863388262170624 141863388262170624 4607182418800017408
141863388262170624 1 0 0 4607182418800017408 141863388262170624 13830554455654793216 4607182418800017408
141863388262170624 366 0 0 4645146356283867136 141863388262170624 13868518393138642944 4607182418800017408
144115188075855870 -365 0 0 13868500800952598528 144115188075855870 4645128764097822720 4607182418800017408
144115188075855870 -1 0 0 13830554455654793216 144115188075855870 4607182418800017408 4607182418800017408
144115188075855870 0 0 0 0 144115188075855870 144115188075855870 4607182418800017408
144115188075855870 1 0 0 4607182418800017408 144115188075855870 13830554455654793216 4607182418800017408
144115188075855870 366 0 0 4645146356283867136 144115188075855870 13868518393138642944 4607182418800017408
144115188075855871 -365 0 0 13868500800952598528 144115188075855871 4645128764097822720 4607182418800017408
144115188075855871 -1 0 0 13830554455654793216 144115188075855871 4607182418800017408 4607182418800017408
144115188075855871 0 0 0 0 144115188075855871 144115188075855871 4607182418800017408
144115188075855871 1 0 0 4607182418800017408 144115188075855871 13830554455654793216 4607182418800017408
144115188075855871 366 0 0 4645146356283867136 144115188075855871 13868518393138642944 4607182418800017408
2301339409586323456 -365 0 0 13868500800952598528 2301339409586323456 4645128764097822720 4607182418800017408
2301339409586323456 -1 0 0 13830554455654793216 2301339409586323456 4607182418800017408 4607182418800017408
2301339409586323456 0 0 0 0 2301339409586323456 2301339409586323456 4607182418800017408
2301339409586323456 1 0 0 4607182418800017408 2301339409586323456 13830554455654793216 4607182418800017408
2301339409586323456 366 0 0 4645146356283867136 2301339409586323456 13868518393138642944 4607182418800017408
2301339409586323457 -365 0 0 13868500800952598528 2301339409586323457 4645128764097822720 4607182418800017408
2301339409586323457 -1 0 0 13830554455654793216 2301339409586323457 4607182418800017408 4607182418800017408
2301339409586323457 0 0 0 0 2301339409586323457 2301339409586323457 4607182418800017408
2301339409586323457 1 0 0 4607182418800017408 2301339409586323457 13830554455654793216 4607182418800017408
2301339409586323457 366 0 0 4645146356283867136 2301339409586323457 13868518393138642944 4607182418800017408
2303591209400008703 -365 0 0 13868500800952598528 2303591209400008703 4645128764097822720 4607182418800017408
2303591209400008703 -1 0 0 13830554455654793216 2303591209400008703 4607182418800017408 4607182418800017408
2303591209400008703 0 0 0 0 2303591209400008703 2303591209400008703 4607182418800017408
2303591209400008703 1 0 0 4607182418800017408 2303591209400008703 13830554455654793216 4607182418800017408
2303591209400008703 366 0 0 4645146356283867136 2303591209400008703 13868518393138642944 4607182418800017408
2303591209400008704 -365 0 0 13868500800952598528 2303591209400008704 4645128764097822720 4607182418800017408
2303591209400008704 -1 0 0 13830554455654793216 2303591209400008704 4607182418800017408 4607182418800017408
2303591209400008704 0 0 0 0 2303591209400008704 2303591209400008704 4607182418800017408
2303591209400008704 1 0 0 4607182418800017408 2303591209400008704 13830554455654793216 4607182418800017408
2303591209400008704 366 0 0 4645146356283867136 2303591209400008704 13868518393138642944 4607182418800017408
2305843009213693950 -365 0 0 13868500800952598528 2305843009213693950 4645128764097822720 4607182418800017408
2305843009213693950 -1 0 0 13830554455654793216 2305843009213693950 4607182418800017408 4607182418800017408
2305843009213693950 0 0 0 0 2305843009213693950 2305843009213693950 4607182418800017408
2305843009213693950 1 0 0 4607182418800017408 2305843009213693950 13830554455654793216 4607182418800017408
2305843009213693950 366 0 0 4645146356283867136 2305843009213693950 13868518393138642944 4607182418800017408
2305843009213693951 -365 0 0 13868500800952598528 2305843009213693951 4645128764097822720 4607182418800017408
2305843009213693951 -1 0 0 13830554455654793216 2305843009213693951 4607182418800017408 4607182418800017408
2305843009213693951 0 0 0 0 2305843009213693951 2305843009213693951 4607182418800017408
2305843009213693951 1 0 0 4607182418800017408 2305843009213693951 13830554455654793216 4607182418800017408
2305843009213693951 366 0 0 4645146356283867136 2305843009213693951 13868518393138642944 4607182418800017408
4053239664633446400 -365 0 0 13868500800952598528 4053239664633446400 4645128764097822720 4607182418800017408
4053239664633446400 -1 0 0 13830554455654793216 4053239664633446400 4607182418800017408 4607182418800017408
4053239664633446400 0 0 0 0 4053239664633446400 4053239664633446400 4607182418800017408
4053239664633446400 1 0 0 4607182418800017408 4053239664633446400 13830554455654793216 4607182418800017408
4053239664633446400 366 0 0 4645146356283867136 4053239664633446400 13868518393138642944 4607182418800017408
4053239664633446401 -365 0 0 13868500800952598528 4053239664633446401 4645128764097822720 4607182418800017408
4053239664633446401 -1 0 0 13830554455654793216 4053239664633446401 4607182418800017408 4607182418800017408
4053239664633446401 0 0 0 0 4053239664633446401 4053239664633446401 4607182418800017408
4053239664633446401 1 0 0 4607182418800017408 4053239664633446401 13830554455654793216 4607182418800017408
4053239664633446401 366 0 0 4645146356283867136 4053239664633446401 13868518393138642944 4607182418800017408
4055491464447131647 -365 0 0 13868500800952598528 4055491464447131647 4645128764097822720 4607182418800017408
4055491464447131647 -1 0 0 13830554455654793216 4055491464447131647 4607182418800017408 4607182418800017408
4055491464447131647 0 0 0 0 4055491464447131647 4055491464447131647 4607182418800017408
4055491464447131647 1 0 0 4607182418800017408 4055491464447131647 13830554455654793216 4607182418800017408
4055491464447131647 366 0 0 4645146356283867136 4055491464447131647 13868518393138642944 4607182418800017408
4055491464447131648 -365 0 0 13868500800952598528 4055491464447131648 4645128764097822720 4607182418800017408
4055491464447131648 -1 0 0 13830554455654793216 4055491464447131648 4607182418800017408 4607182418800017408
4055491464447131648 0 0 0 0 4055491464447131648 4055491464447131648 4607182418800017408
4055491464447131648 1 0 0 4607182418800017408 4055491464447131648 13830554455654793216 4607182418800017408
4055491464447131648 366 0 0 4645146356283867136 4055491464447131648 13868518393138642944 4607182418800017408
4057743264260816894 -365 0 0 13868500800952598528 4057743264260816894 4645128764097822720 4607182418800017408
4057743264260816894 -1 0 0 13830554455654793216 4057743264260816894 4607182418800017408 4607182418800017408
4057743264260816894 0 0 0 0 4057743264260816894 4057743264260816894 4607182418800017408
4057743264260816894 1 0 0 4607182418800017408 4057743264260816894 13830554455654793216 4607182418800017408
4057743264260816894 366 0 0 4645146356283867136 4057743264260816894 13868518393138642944 4607182418800017408
4057743264260816895 -365 0 0 13868500800952598528 4057743264260816895 4645128764097822720 4607182418800017408
4057743264260816895 -1 0 0 13830554455654793216 4057743264260816895 4607182418800017408 4607182418800017408
4057743264260816895 0 0 0 0 4057743264260816895 4057743264260816895 4607182418800017408
4057743264260816895 1 0 0 4607182418800017408 4057743264260816895 13830554455654793216 4607182418800017408
4057743264260816895 366 0 0 4645146356283867136 4057743264260816895 13868518393138642944 4607182418800017408
4363988038922010624 -365 0 0 13868500800952598528 4363988038922010624 4645128764097822720 4607182418800017408
4363988038922010624 -1 0 0 13830554455654793216 4363988038922010624 4607182418800017408 4607182418800017408
4363988038922010624 0 0 0 0 4363988038922010624 4363988038922010624 4607182418800017408
4363988038922010624 1 0 0 4607182418800017408 4363988038922010624 13830554455654793216 4607182418800017408
4363988038922010624 366 0 0 4645146356283867136 4363988038922010624 13868518393138642944 4607182418800017408
4363988038922010625 -365 0 0 13868500800952598528 4363988038922010625 4645128764097822720 4607182418800017407
4363988038922010625 -1 0 0 13830554455654793216 4363988038922010625 4607182418800017408 4607182418800017407
4363988038922010625 0 0 0 0 4363988038922010625 4363988038922010625 4607182418800017407
4363988038922010625 1 0 0 4607182418800017408 4363988038922010625 13830554455654793215 4607182418800017407
4363988038922010625 366 0 0 4645146356283867136 4363988038922010625 13868518393138642944 4607182418800017407
4366239838735695871 -365 0 0 13868500800952598528 4366239838735695871 4645128764097822720 4607182418800017407
4366239838735695871 -1 0 0 13830554455654793216 4366239838735695871 4607182418800017408 4607182418800017407
4366239838735695871 0 0 0 0 4366239838735695871 4366239838735695871 4607182418800017407
4366239838735695871 1 0 0 4607182418800017408 4366239838735695871 13830554455654793215 4607182418800017407
4366239838735695871 366 0 0 4645146356283867136 4366239838735695871 13868518393138642944 4607182418800017407
4366239838735695872 -365 0 0 13868500800952598528 4366239838735695872 4645128764097822720 4607182418800017407
4366239838735695872 -1 0 0 13830554455654793216 4366239838735695872 4607182418800017408 4607182418800017407
4366239838735695872 0 0 0 0 4366239838735695872 4366239838735695872 4607182418800017407
4366239838735695872 1 0 0 4607182418800017408 4366239838735695872 13830554455654793215 4607182418800017407
4366239838735695872 366 0 0 4645146356283867136 4366239838735695872 13868518393138642944 4607182418800017407
4368491638549381118 -365 0 0 13868500800952598528 4368491638549381118 4645128764097822720 4607182418800017407
4368491638549381118 -1 0 0 13830554455654793216 4368491638549381118 4607182418800017408 4607182418800017407
4368491638549381118 0 0 0 0 4368491638549381118 4368491638549381118 4607182418800017407
4368491638549381118 1 0 0 4607182418800017408 4368491638549381118 13830554455654793215 4607182418800017407
4368491638549381118 366 0 0 4645146356283867136 4368491638549381118 13868518393138642944 4607182418800017407
4368491638549381119 -365 0 0 13868500800952598528 4368491638549381119 4645128764097822720 4607182418800017407
4368491638549381119 -1 0 0 13830554455654793216 4368491638549381119 4607182418800017408 4607182418800017407
4368491638549381119 0 0 0 0 4368491638549381119 4368491638549381119 4607182418800017407
4368491638549381119 1 0 0 4607182418800017408 4368491638549381119 13830554455654793215 4607182418800017407
4368491638549381119 366 0 0 4645146356283867136 4368491638549381119 13868518393138642944 4607182418800017407
4368491638549381120 -365 0 0 13868500800952598528 4368491638549381120 4645128764097822720 4607182418800017407
4368491638549381120 -1 0 0 13830554455654793216 4368491638549381120 4607182418800017408 4607182418800017407
4368491638549381120 0 0 0 0 4368491638549381120 4368491638549381120 4607182418800017407
4368491638549381120 1 0 0 4607182418800017408 4368491638549381120 13830554455654793215 4607182418800017407
4368491638549381120 366 0 0 4645146356283867136 4368491638549381120 13868518393138642944 4607182418800017407
4368491638549381121 -365 0 0 13868500800952598528 4368491638549381121 4645128764097822720 4607182418800017407
4368491638549381121 -1 0 0 13830554455654793216 4368491638549381121 4607182418800017409 4607182418800017407
4368491638549381121 0 0 0 0 4368491638549381121 4368491638549381121 4607182418800017407
4368491638549381121 1 0 0 4607182418800017408 4368491638549381121 13830554455654793215 4607182418800017407
4368491638549381121 366 0 0 4645146356283867136 4368491638549381121 13868518393138642944 4607182418800017407
4370743438363066367 -365 0 0 13868500800952598528 4370743438363066367 4645128764097822720 4607182418800017407
4370743438363066367 -1 0 0 13830554455654793216 4370743438363066367 4607182418800017409 4607182418800017407
4370743438363066367 0 0 0 0 4370743438363066367 4370743438363066367 4607182418800017407
4370743438363066367 1 0 0 4607182418800017408 4370743438363066367 13830554455654793215 4607182418800017407
4370743438363066367 366 0 0 4645146356283867136 4370743438363066367 13868518393138642944 4607182418800017407
4370743438363066368 -365 0 0 13868500800952598528 4370743438363066368 4645128764097822720 4607182418800017406
4370743438363066368 -1 0 0 13830554455654793216 4370743438363066368 4607182418800017409 4607182418800017406
4370743438363066368 0 0 0 0 4370743438363066368 4370743438363066368 4607182418800017406
4370743438363066368 1 0 0 4607182418800017408 4370743438363066368 13830554455654793214 4607182418800017406
4370743438363066368 366 0 0 4645146356283867136 4370743438363066368 13868518393138642944 4607182418800017406
4372995238176751614 -365 0 0 13868500800952598528 4372995238176751614 4645128764097822720 4607182418800017406
4372995238176751614 -1 0 0 13830554455654793216 4372995238176751614 4607182418800017409 4607182418800017406
4372995238176751614 0 0 0 0 4372995238176751614 4372995238176751614 4607182418800017406
4372995238176751614 1 0 0 4607182418800017408 4372995238176751614 13830554455654793214 4607182418800017406
4372995238176751614 366 0 0 4645146356283867136 4372995238176751614 13868518393138642944 4607182418800017406
4372995238176751615 -365 0 0 13868500800952598528 4372995238176751615 4645128764097822720 4607182418800017406
4372995238176751615 -1 0 0 13830554455654793216 4372995238176751615 4607182418800017409 4607182418800017406
4372995238176751615 0 0 0 0 4372995238176751615 4372995238176751615 4607182418800017406
4372995238176751615 1 0 0 4607182418800017408 4372995238176751615 13830554455654793214 4607182418800017406
4372995238176751615 366 0 0 4645146356283867136 4372995238176751615 13868518393138642944 4607182418800017406
4593671619917905920 -365 0 0 13868500800952598528 4593671619917905920 4645130963121078272 4606056518893174784
4593671619917905920 -1 0 0 13830554455654793216 4593671619917905920 4607745368753438720 4606056518893174784
4593671619917905920 0 0 0 0 4593671619917905920 4593671619917905920 4606056518893174784
4593671619917905920 1 0 0 4607182418800017408 4593671619917905920 13829428555747950592 4606056518893174784
4593671619917905920 366 0 0 4645146356283867136 4593671619917905920 13868516194115387392 4606056518893174784
4593671619917905921 -365 0 0 13868500800952598528 4593671619917905921 4645130963121078272 4606056518893174784
4593671619917905921 -1 0 0 13830554455654793216 4593671619917905921 4607745368753438720 4606056518893174784
4593671619917905921 0 0 0 0 4593671619917905921 4593671619917905921 4606056518893174784
4593671619917905921 1 0 0 4607182418800017408 4593671619917905921 13829428555747950592 4606056518893174784
4593671619917905921 366 0 0 4645146356283867136 4593671619917905921 13868516194115387392 4606056518893174784
4595923419731591167 -365 0 0 13868500800952598528 4595923419731591167 4645132062632706048 4605493568939753472
4595923419731591167 -1 0 0 13830554455654793216 4595923419731591167 4608026843730149376 4605493568939753472
4595923419731591167 0 0 0 0 4595923419731591167 4595923419731591167 4605493568939753472
4595923419731591167 1 0 0 4607182418800017408 4595923419731591167 13828865605794529280 4605493568939753472
4595923419731591167 366 0 0 4645146356283867136 4595923419731591167 13868515094603759616 4605493568939753472
4595923419731591168 -365 0 0 13868500800952598528 4595923419731591168 4645132062632706048 4605493568939753472
4595923419731591168 -1 0 0 13830554455654793216 4595923419731591168 4608026843730149376 4605493568939753472
4595923419731591168 0 0 0 0 4595923419731591168 4595923419731591168 4605493568939753472
4595923419731591168 1 0 0 4607182418800017408 4595923419731591168 13828865605794529280 4605493568939753472
4595923419731591168 366 0 0 4645146356283867136 4595923419731591168 13868515094603759616 4605493568939753472
4598175219545276414 -365 0 0 13868500800952598528 4598175219545276414 4645133162144333824 4604930618986332160
4598175219545276414 -1 0 0 13830554455654793216 4598175219545276414 4608308318706860032 4604930618986332160
4598175219545276414 0 0 0 0 4598175219545276414 4598175219545276414 4604930618986332160
4598175219545276414 1 0 0 4607182418800017408 4598175219545276414 13828302655841107968 4604930618986332160
4598175219545276414 366 0 0 4645146356283867136 4598175219545276414 13868513995092131840 4604930618986332160
4598175219545276415 -365 0 0 13868500800952598528 4598175219545276415 4645133162144333824 4604930618986332160
4598175219545276415 -1 0 0 13830554455654793216 4598175219545276415 4608308318706860032 4604930618986332160
4598175219545276415 0 0 0 0 4598175219545276415 4598175219545276415 4604930618986332160
4598175219545276415 1 0 0 4607182418800017408 4598175219545276415 13828302655841107968 4604930618986332160
4598175219545276415 366 0 0 4645146356283867136 4598175219545276415 13868513995092131840 4604930618986332160
4598175219545276416 -365 0 0 13868500800952598528 4598175219545276416 4645133162144333824 4604930618986332160
4598175219545276416 -1 0 0 13830554455654793216 4598175219545276416 4608308318706860032 4604930618986332160
4598175219545276416 0 0 0 0 4598175219545276416 4598175219545276416 4604930618986332160
4598175219545276416 1 0 0 4607182418800017408 4598175219545276416 13828302655841107968 4604930618986332160
4598175219545276416 366 0 0 4645146356283867136 4598175219545276416 13868513995092131840 4604930618986332160
4598175219545276417 -365 0 0 13868500800952598528 4598175219545276417 4645133162144333824 4604930618986332160
4598175219545276417 -1 0 0 13830554455654793216 4598175219545276417 4608308318706860032 4604930618986332160
4598175219545276417 0 0 0 0 4598175219545276417 4598175219545276417 4604930618986332160
4598175219545276417 1 0 0 4607182418800017408 4598175219545276417 13828302655841107968 4604930618986332160
4598175219545276417 366 0 0 4645146356283867136 4598175219545276417 13868513995092131840 4604930618986332160
4600427019358961663 -365 0 0 13868500800952598528 4600427019358961663 4645135361167589376 4603804719079489536
4600427019358961663 -1 0 0 13830554455654793216 4600427019358961663 4608871268660281344 4603804719079489536
4600427019358961663 0 0 0 0 4600427019358961663 4600427019358961663 4603804719079489536
4600427019358961663 1 0 0 4607182418800017408 4600427019358961663 13827176755934265344 4603804719079489536
4600427019358961663 366 0 0 4645146356283867136 4600427019358961663 13868511796068876288 4603804719079489536
4600427019358961664 -365 0 0 13868500800952598528 4600427019358961664 4645135361167589376 4603804719079489536
4600427019358961664 -1 0 0 13830554455654793216 4600427019358961664 4608871268660281344 4603804719079489536
4600427019358961664 0 0 0 0 4600427019358961664 4600427019358961664 4603804719079489536
4600427019358961664 1 0 0 4607182418800017408 4600427019358961664 13827176755934265344 4603804719079489536
4600427019358961664 366 0 0 4645146356283867136 4600427019358961664 13868511796068876288 4603804719079489536
4602678819172646910 -365 0 0 13868500800952598528 4602678819172646910 4645137560190844928 4602678819172646913
4602678819172646910 -1 0 0 13830554455654793216 4602678819172646910 4609434218613702656 4602678819172646913
4602678819172646910 0 0 0 0 4602678819172646910 4602678819172646910 4602678819172646913
4602678819172646910 1 0 0 4607182418800017408 4602678819172646910 13826050856027422721 4602678819172646913
4602678819172646910 366 0 0 4645146356283867136 4602678819172646910 13868509597045620736 4602678819172646913
4602678819172646911 -365 0 0 13868500800952598528 4602678819172646911 4645137560190844928 4602678819172646912
4602678819172646911 -1 0 0 13830554455654793216 4602678819172646911 4609434218613702656 4602678819172646912
4602678819172646911 0 0 0 0 4602678819172646911 4602678819172646911 4602678819172646912
4602678819172646911 1 0 0 4607182418800017408 4602678819172646911 13826050856027422720 4602678819172646912
4602678819172646911 366 0 0 4645146356283867136 4602678819172646911 13868509597045620736 4602678819172646912
4602678819172646912 -365 0 0 13868500800952598528 4602678819172646912 4645137560190844928 4602678819172646912
4602678819172646912 -1 0 0 13830554455654793216 4602678819172646912 4609434218613702656 4602678819172646912
4602678819172646912 0 0 0 0 4602678819172646912 4602678819172646912 4602678819172646912
4602678819172646912 1 0 0 4607182418800017408 4602678819172646912 13826050856027422720 4602678819172646912
4602678819172646912 366 0 0 4645146356283867136 4602678819172646912 13868509597045620736 4602678819172646912
4602678819172646913 -365 0 0 13868500800952598528 4602678819172646913 4645137560190844928 4602678819172646910
4602678819172646913 -1 0 0 13830554455654793216 4602678819172646913 4609434218613702656 4602678819172646910
4602678819172646913 0 0 0 0 4602678819172646913 4602678819172646913 4602678819172646910
4602678819172646913 1 0 0 4607182418800017408 4602678819172646913 13826050856027422718 4602678819172646910
4602678819172646913 366 0 0 4645146356283867136 4602678819172646913 13868509597045620736 4602678819172646910
4604930618986332159 -365 0 0 13868500800952598528 4604930618986332159 4645141958237356032 4598175219545276418
4604930618986332159 -1 0 0 13830554455654793216 4604930618986332159 4610560118520545280 4598175219545276418
4604930618986332159 0 0 0 0 4604930618986332159 4604930618986332159 4598175219545276418
4604930618986332159 1 0 0 4607182418800017408 4604930618986332159 13821547256400052226 4598175219545276418
4604930618986332159 366 0 0 4645146356283867136 4604930618986332159 13868505198999109632 4598175219545276418
4604930618986332160 -365 0 0 13868500800952598528 4604930618986332160 4645141958237356032 4598175219545276416
4604930618986332160 -1 0 0 13830554455654793216 4604930618986332160 4610560118520545280 4598175219545276416
4604930618986332160 0 0 0 0 4604930618986332160 4604930618986332160 4598175219545276416
4604930618986332160 1 0 0 4607182418800017408 4604930618986332160 13821547256400052224 4598175219545276416
4604930618986332160 366 0 0 4645146356283867136 4604930618986332160 13868505198999109632 4598175219545276416
4607182418800017406 -365 0 0 13868500800952598528 4607182418800017406 4645146356283867136 4372995238176751616
4607182418800017406 -1 0 0 13830554455654793216 4607182418800017406 4611686018427387903 4372995238176751616
4607182418800017406 0 0 0 0 4607182418800017406 4607182418800017406 4372995238176751616
4607182418800017406 1 0 0 4607182418800017408 4607182418800017406 13596367275031527424 4372995238176751616
4607182418800017406 366 0 0 4645146356283867136 4607182418800017406 13868500800952598528 4372995238176751616
4607182418800017407 -365 0 0 13868500800952598528 4607182418800017407 4645146356283867136 4368491638549381120
4607182418800017407 -1 0 0 13830554455654793216 4607182418800017407 4611686018427387904 4368491638549381120
4607182418800017407 0 0 0 0 4607182418800017407 4607182418800017407 4368491638549381120
4607182418800017407 1 0 0 4607182418800017408 4607182418800017407 13591863675404156928 4368491638549381120
4607182418800017407 366 0 0 4645146356283867136 4607182418800017407 13868500800952598528 4368491638549381120
4607182418800017408 -365 1 4607182418800017408 13868483208766554112 0 4645128764097822720 4607182418800017408
4607182418800017408 -1 1 4607182418800017408 0 0 4607182418800017408 4607182418800017408
4607182418800017408 0 1 4607182418800017408 4607182418800017408 0 0 4607182418800017408
4607182418800017408 1 1 4607182418800017408 4611686018427387904 0 13830554455654793216 4607182418800017408
4607182418800017408 366 1 4607182418800017408 4645163948469911552 0 13868518393138642944 4607182418800017408
4607182418800017409 -365 1 4607182418800017408 13868483208766554112 4372995238176751616 4645128764097822720 4607182418800017406
4607182418800017409 -1 1 4607182418800017408 0 4372995238176751616 4607182418800017409 4607182418800017406
4607182418800017409 0 1 4607182418800017408 4607182418800017408 4372995238176751616 4372995238176751616 4607182418800017406
4607182418800017409 1 1 4607182418800017408 4611686018427387904 4372995238176751616 13830554455654793214 4607182418800017406
4607182418800017409 366 1 4607182418800017408 4645163948469911552 4372995238176751616 13868518393138642944 4607182418800017406
4609434218613702655 -365 1 4607182418800017408 13868483208766554112 4602678819172646908 4645137560190844928 4602678819172646914
4609434218613702655 -1 1 4607182418800017408 0 4602678819172646908 4609434218613702655 4602678819172646914
4609434218613702655 0 1 4607182418800017408 4607182418800017408 4602678819172646908 4602678819172646908 4602678819172646914
4609434218613702655 1 1 4607182418800017408 4611686018427387904 4602678819172646908 13826050856027422722 4602678819172646914
4609434218613702655 366 1 4607182418800017408 4645163948469911552 4602678819172646908 13868509597045620736 4602678819172646914
4609434218613702656 -365 1 4607182418800017408 13868483208766554112 4602678819172646912 4645137560190844928 4602678819172646912
4609434218613702656 -1 1 4607182418800017408 0 4602678819172646912 4609434218613702656 4602678819172646912
4609434218613702656 0 1 4607182418800017408 4607182418800017408 4602678819172646912 4602678819172646912 4602678819172646912
4609434218613702656 1 1 4607182418800017408 4611686018427387904 4602678819172646912 13826050856027422720 4602678819172646912
4609434218613702656 366 1 4607182418800017408 4645163948469911552 4602678819172646912 13868509597045620736 4602678819172646912
4611686018427387902 -365 1 4607182418800017408 13868483208766554112 4607182418800017404 4645146356283867136 4377498837804122112
4611686018427387902 -1 1 4607182418800017408 0 4607182418800017404 4611686018427387902 4377498837804122112
4611686018427387902 0 1 4607182418800017408 4607182418800017408 4607182418800017404 4607182418800017404 4377498837804122112
4611686018427387902 1 1 4607182418800017408 4611686018427387904 4607182418800017404 13600870874658897920 4377498837804122112
4611686018427387902 366 1 4607182418800017408 4645163948469911552 4607182418800017404 13868500800952598528 4377498837804122112
4611686018427387903 -365 1 4607182418800017408 13868483208766554112 4607182418800017406 4645146356283867136 4372995238176751616
4611686018427387903 -1 1 4607182418800017408 0 4607182418800017406 4611686018427387903 4372995238176751616
4611686018427387903 0 1 4607182418800017408 4607182418800017408 4607182418800017406 4607182418800017406 4372995238176751616
4611686018427387903 1 1 4607182418800017408 4611686018427387904 4607182418800017406 13596367275031527424 4372995238176751616
4611686018427387903 366 1 4607182418800017408 4645163948469911552 4607182418800017406 13868500800952598528 4372995238176751616
4611686018427387904 -365 2 4611686018427387904 13868465616580509696 0 4645128764097822720 4607182418800017408
4611686018427387904 -1 2 4611686018427387904 4607182418800017408 0 4607182418800017408 4607182418800017408
4611686018427387904 0 2 4611686018427387904 4611686018427387904 0 0 4607182418800017408
4611686018427387904 1 2 4611686018427387904 4613937818241073152 0 13830554455654793216 4607182418800017408
4611686018427387904 366 2 4611686018427387904 4645181540655955968 0 13868518393138642944 4607182418800017408
4611686018427387905 -365 2 4611686018427387904 13868465616580509696 4377498837804122112 4645128764097822720 4607182418800017404
4611686018427387905 -1 2 4611686018427387904 4607182418800017408 4377498837804122112 4607182418800017410 4607182418800017404
4611686018427387905 0 2 4611686018427387904 4611686018427387904 4377498837804122112 4377498837804122112 4607182418800017404
4611686018427387905 1 2 4611686018427387904 4613937818241073152 4377498837804122112 13830554455654793212 4607182418800017404
4611686018427387905 366 2 4611686018427387904 4645181540655955968 4377498837804122112 13868518393138642944 4607182418800017404
4613937818241073151 -365 2 4611686018427387904 13868465616580509696 4607182418800017404 4645146356283867136 4377498837804122112
4613937818241073151 -1 2 4611686018427387904 4607182418800017408 4607182418800017404 4611686018427387902 4377498837804122112
4613937818241073151 0 2 4611686018427387904 4611686018427387904 4607182418800017404 4607182418800017404 4377498837804122112
4613937818241073151 1 2 4611686018427387904 4613937818241073152 4607182418800017404 13600870874658897920 4377498837804122112
4613937818241073151 366 2 4611686018427387904 4645181540655955968 4607182418800017404 13868500800952598528 4377498837804122112
4613937818241073152 -365 3 4613937818241073152 13868448024394465280 0 4645128764097822720 4607182418800017408
4613937818241073152 -1 3 4613937818241073152 4611686018427387904 0 4607182418800017408 4607182418800017408
4613937818241073152 0 3 4613937818241073152 4613937818241073152 0 0 4607182418800017408
4613937818241073152 1 3 4613937818241073152 4616189618054758400 0 13830554455654793216 4607182418800017408
4613937818241073152 366 3 4613937818241073152 4645199132842000384 0 13868518393138642944 4607182418800017408
4616189618054758398 -365 3 4613937818241073152 13868448024394465280 4607182418800017400 4645146356283867136 4382002437431492608
4616189618054758398 -1 3 4613937818241073152 4611686018427387904 4607182418800017400 4611686018427387900 4382002437431492608
4616189618054758398 0 3 4613937818241073152 4613937818241073152 4607182418800017400 4607182418800017400 4382002437431492608
4616189618054758398 1 3 4613937818241073152 4616189618054758400 4607182418800017400 13605374474286268416 4382002437431492608
4616189618054758398 366 3 4613937818241073152 4645199132842000384 4607182418800017400 13868500800952598528 4382002437431492608
4616189618054758399 -365 3 4613937818241073152 13868448024394465280 4607182418800017404 4645146356283867136 4377498837804122112
4616189618054758399 -1 3 4613937818241073152 4611686018427387904 4607182418800017404 4611686018427387902 4377498837804122112
4616189618054758399 0 3 4613937818241073152 4613937818241073152 4607182418800017404 4607182418800017404 4377498837804122112
4616189618054758399 1 3 4613937818241073152 4616189618054758400 4607182418800017404 13600870874658897920 4377498837804122112
4616189618054758399 366 3 4613937818241073152 4645199132842000384 4607182418800017404 13868500800952598528 4377498837804122112
4638707616191610880 -365 128 4638707616191610880 13865914749604069376 0 4645128764097822720 4607182418800017408
4638707616191610880 -1 128 4638707616191610880 4638637247447433216 0 4607182418800017408 4607182418800017408
4638707616191610880 0 128 4638707616191610880 4638707616191610880 0 0 4607182418800017408
4638707616191610880 1 128 4638707616191610880 4638742800563699712 0 13830554455654793216 4607182418800017408
4638707616191610880 366 128 4638707616191610880 4647398156097552384 0 13868518393138642944 4607182418800017408
4638707616191610881 -365 128 4638707616191610880 13865914749604069376 4404520435568345088 4645128764097822720 4607182418800017152
4638707616191610881 -1 128 4638707616191610880 4638637247447433216 4404520435568345088 4607182418800017536 4607182418800017152
4638707616191610881 0 128 4638707616191610880 4638707616191610880 4404520435568345088 4404520435568345088 4607182418800017152
4638707616191610881 1 128 4638707616191610880 4638742800563699712 4404520435568345088 13830554455654792960 4607182418800017152
4638707616191610881 366 128 4638707616191610880 4647398156097552384 4404520435568345088 13868518393138642944 4607182418800017152
4640959416005296127 -365 191 4640924231633207296 13863698134162472960 4607182418800017152 4645146356283867136 4404520435568345088
4640959416005296127 -1 191 4640924231633207296 4640889047261118464 4607182418800017152 4611686018427387776 4404520435568345088
4640959416005296127 0 191 4640924231633207296 4640924231633207296 4607182418800017152 4607182418800017152 4404520435568345088
4640959416005296127 1 191 4640924231633207296 4640959416005296128 4607182418800017152 13627892472423120896 4404520435568345088
4640959416005296127 366 191 4640924231633207296 4648110639632351232 4607182418800017152 13868500800952598528 4404520435568345088
4640959416005296128 -365 192 4640959416005296128 13863662949790384128 0 4645128764097822720 4607182418800017408
4640959416005296128 -1 192 4640959416005296128 4640924231633207296 0 4607182418800017408 4607182418800017408
4640959416005296128 0 192 4640959416005296128 4640959416005296128 0 0 4607182418800017408
4640959416005296128 1 192 4640959416005296128 4640994600377384960 0 13830554455654793216 4607182418800017408
4640959416005296128 366 192 4640959416005296128 4648119435725373440 0 13868518393138642944 4607182418800017408
4643211215818981374 -365 255 4643176031446892544 13860813015651188736 4607182418800016896 4645146356283867135 4409024035195715584
4643211215818981374 -1 255 4643176031446892544 4643140847074803712 4607182418800016896 4611686018427387648 4409024035195715584
4643211215818981374 0 255 4643176031446892544 4643176031446892544 4607182418800016896 4607182418800016896 4409024035195715584
4643211215818981374 1 255 4643176031446892544 4643211215818981376 4607182418800016896 13632396072050491392 4409024035195715584
4643211215818981374 366 255 4643176031446892544 4648673589585772544 4607182418800016896 13868500800952598529 4409024035195715584
4643211215818981375 -365 255 4643176031446892544 13860813015651188736 4607182418800017152 4645146356283867136 4404520435568345088
4643211215818981375 -1 255 4643176031446892544 4643140847074803712 4607182418800017152 4611686018427387776 4404520435568345088
4643211215818981375 0 255 4643176031446892544 4643176031446892544 4607182418800017152 4607182418800017152 4404520435568345088
4643211215818981375 1 255 4643176031446892544 4643211215818981376 4607182418800017152 13627892472423120896 4404520435568345088
4643211215818981375 366 255 4643176031446892544 4648673589585772544 4607182418800017152 13868500800952598528 4404520435568345088
4645128764097822719 -365 364 4645111171911778304 13830554455654793216 4607182418800016896 4645146356283867135 4409024035195715584
4645128764097822719 -1 364 4645111171911778304 4645093579725733888 4607182418800016896 4611686018427387648 4409024035195715584
4645128764097822719 0 364 4645111171911778304 4645111171911778304 4607182418800016896 4607182418800016896 4409024035195715584
4645128764097822719 1 364 4645111171911778304 4645128764097822720 4607182418800016896 13632396072050491392 4409024035195715584
4645128764097822719 366 364 4645111171911778304 4649632363725193216 4607182418800016896 13868500800952598529 4409024035195715584
4645128764097822720 -365 365 4645128764097822720 0 0 4645128764097822720 4607182418800017408
4645128764097822720 -1 365 4645128764097822720 4645111171911778304 0 4607182418800017408 4607182418800017408
4645128764097822720 0 365 4645128764097822720 4645128764097822720 0 0 4607182418800017408
4645128764097822720 1 365 4645128764097822720 4645146356283867136 0 13830554455654793216 4607182418800017408
4645128764097822720 366 365 4645128764097822720 4649641159818215424 0 13868518393138642944 4607182418800017408
4645128764097822721 -365 365 4645128764097822720 0 4409024035195715584 4645128764097822721 4607182418800016896
4645128764097822721 -1 365 4645128764097822720 4645111171911778304 4409024035195715584 4607182418800017664 4607182418800016896
4645128764097822721 0 365 4645128764097822720 4645128764097822720 4409024035195715584 4409024035195715584 4607182418800016896
4645128764097822721 1 365 4645128764097822720 4645146356283867136 4409024035195715584 13830554455654792704 4607182418800016896
4645128764097822721 366 365 4645128764097822720 4649641159818215424 4409024035195715584 13868518393138642943 4607182418800016896
4645146356283867135 -365 365 4645128764097822720 0 4607182418800016896 4645146356283867135 4409024035195715584
4645146356283867135 -1 365 4645128764097822720 4645111171911778304 4607182418800016896 4611686018427387648 4409024035195715584
4645146356283867135 0 365 4645128764097822720 4645128764097822720 4607182418800016896 4607182418800016896 4409024035195715584
4645146356283867135 1 365 4645128764097822720 4645146356283867136 4607182418800016896 13632396072050491392 4409024035195715584
4645146356283867135 366 365 4645128764097822720 4649641159818215424 4607182418800016896 13868500800952598529 4409024035195715584
4645146356283867136 -365 366 4645146356283867136 4607182418800017408 0 4645128764097822720 4607182418800017408
4645146356283867136 -1 366 4645146356283867136 4645128764097822720 0 4607182418800017408 4607182418800017408
4645146356283867136 0 366 4645146356283867136 4645146356283867136 0 0 4607182418800017408
4645146356283867136 1 366 4645146356283867136 4645163948469911552 0 13830554455654793216 4607182418800017408
4645146356283867136 366 366 4645146356283867136 4649649955911237632 0 13868518393138642944 4607182418800017408
4645146356283867137 -365 366 4645146356283867136 4607182418800017408 4409024035195715584 4645128764097822721 4607182418800016896
4645146356283867137 -1 366 4645146356283867136 4645128764097822720 4409024035195715584 4607182418800017664 4607182418800016896
4645146356283867137 0 366 4645146356283867136 4645146356283867136 4409024035195715584 4409024035195715584 4607182418800016896
4645146356283867137 1 366 4645146356283867136 4645163948469911552 4409024035195715584 13830554455654792704 4607182418800016896
4645146356283867137 366 366 4645146356283867136 4649649955911237632 4409024035195715584 13868518393138642943 4607182418800016896
4645163948469911551 -365 366 4645146356283867136 4607182418800017408 4607182418800016896 4645146356283867135 4409024035195715584
4645163948469911551 -1 366 4645146356283867136 4645128764097822720 4607182418800016896 4611686018427387648 4409024035195715584
4645163948469911551 0 366 4645146356283867136 4645146356283867136 4607182418800016896 4607182418800016896 4409024035195715584
4645163948469911551 1 366 4645146356283867136 4645163948469911552 4607182418800016896 13632396072050491392 4409024035195715584
4645163948469911551 366 366 4645146356283867136 4649649955911237632 4607182418800016896 13868500800952598529 4409024035195715584
4645163948469911552 -365 367 4645163948469911552 4611686018427387904 0 4645128764097822720 4607182418800017408
4645163948469911552 -1 367 4645163948469911552 4645146356283867136 0 4607182418800017408 4607182418800017408
4645163948469911552 0 367 4645163948469911552 4645163948469911552 0 0 4607182418800017408
4645163948469911552 1 367 4645163948469911552 4645181540655955968 0 13830554455654793216 4607182418800017408
4645163948469911552 366 367 4645163948469911552 4649658752004259840 0 13868518393138642944 4607182418800017408
4645163948469911553 -365 367 4645163948469911552 4611686018427387904 4409024035195715584 4645128764097822721 4607182418800016896
4645163948469911553 -1 367 4645163948469911552 4645146356283867136 4409024035195715584 4607182418800017664 4607182418800016896
4645163948469911553 0 367 4645163948469911552 4645163948469911552 4409024035195715584 4409024035195715584 4607182418800016896
4645163948469911553 1 367 4645163948469911552 4645181540655955968 4409024035195715584 13830554455654792704 4607182418800016896
4645163948469911553 366 367 4645163948469911552 4649658752004259840 4409024035195715584 13868518393138642943 4607182418800016896
4649641159818215423 -365 730 4649632363725193216 4645128764097822720 4607182418800016384 4645146356283867134 4413527634823086080
4649641159818215423 -1 730 4649632363725193216 4649623567632171008 4607182418800016384 4611686018427387392 4413527634823086080
4649641159818215423 0 730 4649632363725193216 4649632363725193216 4607182418800016384 4607182418800016384 4413527634823086080
4649641159818215423 1 730 4649632363725193216 4649641159818215424 4607182418800016384 13636899671677861888 4413527634823086080
4649641159818215423 366 730 4649632363725193216 4652535074422521856 4607182418800016384 13868500800952598530 4413527634823086080
4649641159818215424 -365 731 4649641159818215424 4645146356283867136 0 4645128764097822720 4607182418800017408
4649641159818215424 -1 731 4649641159818215424 4649632363725193216 0 4607182418800017408 4607182418800017408
4649641159818215424 0 731 4649641159818215424 4649641159818215424 0 0 4607182418800017408
4649641159818215424 1 731 4649641159818215424 4649649955911237632 0 13830554455654793216 4607182418800017408
4649641159818215424 366 731 4649641159818215424 4652539472469032960 0 13868518393138642944 4607182418800017408
4649641159818215425 -365 731 4649641159818215424 4645146356283867136 4413527634823086080 4645128764097822722 4607182418800016384
4649641159818215425 -1 731 4649641159818215424 4649632363725193216 4413527634823086080 4607182418800017920 4607182418800016384
4649641159818215425 0 731 4649641159818215424 4649641159818215424 4413527634823086080 4413527634823086080 4607182418800016384
4649641159818215425 1 731 4649641159818215424 4649649955911237632 4413527634823086080 13830554455654792192 4607182418800016384
4649641159818215425 366 731 4649641159818215424 4652539472469032960 4413527634823086080 13868518393138642942 4607182418800016384
4649649955911237631 -365 731 4649641159818215424 4645146356283867136 4607182418800016384 4645146356283867134 4413527634823086080
4649649955911237631 -1 731 4649641159818215424 4649632363725193216 4607182418800016384 4611686018427387392 4413527634823086080
4649649955911237631 0 731 4649641159818215424 4649641159818215424 4607182418800016384 4607182418800016384 4413527634823086080
4649649955911237631 1 731 4649641159818215424 4649649955911237632 4607182418800016384 13636899671677861888 4413527634823086080
4649649955911237631 366 731 4649641159818215424 4652539472469032960 4607182418800016384 13868500800952598530 4413527634823086080
4649649955911237632 -365 732 4649649955911237632 4645163948469911552 0 4645128764097822720 4607182418800017408
4649649955911237632 -1 732 4649649955911237632 4649641159818215424 0 4607182418800017408 4607182418800017408
4649649955911237632 0 732 4649649955911237632 4649649955911237632 0 0 4607182418800017408
4649649955911237632 1 732 4649649955911237632 4649658752004259840 0 13830554455654793216 4607182418800017408
4649649955911237632 366 732 4649649955911237632 4652543870515544064 0 13868518393138642944 4607182418800017408
4649649955911237633 -365 732 4649649955911237632 4645163948469911552 4413527634823086080 4645128764097822722 4607182418800016384
4649649955911237633 -1 732 4649649955911237632 4649641159818215424 4413527634823086080 4607182418800017920 4607182418800016384
4649649955911237633 0 732 4649649955911237632 4649649955911237632 4413527634823086080 4413527634823086080 4607182418800016384
4649649955911237633 1 732 4649649955911237632 4649658752004259840 4413527634823086080 13830554455654792192 4607182418800016384
4649649955911237633 366 732 4649649955911237632 4652543870515544064 4413527634823086080 13868518393138642942 4607182418800016384
4683743612465315840 -365 131072 4683743612465315840 4683718529856307200 0 4645128764097822720 4607182418800017408
4683743612465315840 -1 131072 4683743612465315840 4683743543745839104 0 4607182418800017408 4607182418800017408
4683743612465315840 0 131072 4683743612465315840 4683743612465315840 0 0 4607182418800017408
4683743612465315840 1 131072 4683743612465315840 4683743646825054208 0 13830554455654793216 4607182418800017408
4683743612465315840 366 131072 4683743612465315840 4683756188129558528 0 13868518393138642944 4607182418800017408
4683743612465315841 -365 131072 4683743612465315840 4683718529856307200 4449556431842050048 4645128764097823232 4607182418799755264
4683743612465315841 -1 131072 4683743612465315840 4683743543745839104 4449556431842050048 4607182418800148480 4607182418799755264
4683743612465315841 0 131072 4683743612465315840 4683743612465315840 4449556431842050048 4449556431842050048 4607182418799755264
4683743612465315841 1 131072 4683743612465315840 4683743646825054208 4449556431842050048 13830554455654531072 4607182418799755264
4683743612465315841 366 131072 4683743612465315840 4683756188129558528 4449556431842050048 13868518393138642432 4607182418799755264
4685995412279001087 -365 196607 4685995377919262720 4685982836614758400 4607182418799755264 4645146356283866624 4449556431842050048
4685995412279001087 -1 196607 4685995377919262720 4685995343559524352 4607182418799755264 4611686018427256832 4449556431842050048
4685995412279001087 0 196607 4685995377919262720 4685995377919262720 4607182418799755264 4607182418799755264 4449556431842050048
4685995412279001087 1 196607 4685995377919262720 4685995412279001088 4607182418799755264 13672928468696825856 4449556431842050048
4685995412279001087 366 196607 4685995377919262720 4686007953583505408 4607182418799755264 13868500800952599040 4449556431842050048
4685995412279001088 -365 196608 4685995412279001088 4685982870974496768 0 4645128764097822720 4607182418800017408
4685995412279001088 -1 196608 4685995412279001088 4685995377919262720 0 4607182418800017408 4607182418800017408
4685995412279001088 0 196608 4685995412279001088 4685995412279001088 0 0 4607182418800017408
4685995412279001088 1 196608 4685995412279001088 4685995446638739456 0 13830554455654793216 4607182418800017408
4685995412279001088 366 196608 4685995412279001088 4686007987943243776 0 13868518393138642944 4607182418800017408
4688247212092686334 -365 262143 4688247177732947968 4688234636428443648 4607182418799493120 4645146356283866112 4454060031469420544
4688247212092686334 -1 262143 4688247177732947968 4688247143373209600 4607182418799493120 4611686018427125760 4454060031469420544
4688247212092686334 0 262143 4688247177732947968 4688247177732947968 4607182418799493120 4607182418799493120 4454060031469420544
4688247212092686334 1 262143 4688247177732947968 4688247212092686336 4607182418799493120 13677432068324196352 4454060031469420544
4688247212092686334 366 262143 4688247177732947968 4688253482744938496 4607182418799493120 13868500800952599552 4454060031469420544
4688247212092686335 -365 262143 4688247177732947968 4688234636428443648 4607182418799755264 4645146356283866624 4449556431842050048
4688247212092686335 -1 262143 4688247177732947968 4688247143373209600 4607182418799755264 4611686018427256832 4449556431842050048
4688247212092686335 0 262143 4688247177732947968 4688247177732947968 4607182418799755264 4607182418799755264 4449556431842050048
4688247212092686335 1 262143 4688247177732947968 4688247212092686336 4607182418799755264 13672928468696825856 4449556431842050048
4688247212092686335 366 262143 4688247177732947968 4688253482744938496 4607182418799755264 13868500800952599040 4449556431842050048
4737786807993761792 -365 536870912 4737786807993761792 4737786801870077952 0 4645128764097822720 4607182418800017408
4737786807993761792 -1 536870912 4737786807993761792 4737786807976984576 0 4607182418800017408 4607182418800017408
4737786807993761792 0 536870912 4737786807993761792 4737786807993761792 0 0 4607182418800017408
4737786807993761792 1 536870912 4737786807993761792 4737786808002150400 0 13830554455654793216 4607182418800017408
4737786807993761792 366 536870912 4737786807993761792 4737786811063992320 0 13868518393138642944 4607182418800017408
4737786807993761793 -365 536870912 4737786807993761792 4737786801870077952 4503599627370496000 4645128764099919872 4607182417726275584
4737786807993761793 -1 536870912 4737786807993761792 4737786807976984576 4503599627370496000 4607182419336888320 4607182417726275584
4737786807993761793 0 536870912 4737786807993761792 4737786807993761792 4503599627370496000 4503599627370496000 4607182417726275584
4737786807993761793 1 536870912 4737786807993761792 4737786808002150400 4503599627370496000 13830554454581051392 4607182417726275584
4737786807993761793 366 536870912 4737786807993761792 4737786811063992320 4503599627370496000 13868518393136545792 4607182417726275584
4740038607807447039 -365 805306367 4740038607799058432 4740038604737216512 4607182417726275584 4645146356281769984 4503599627370496000
4740038607807447039 -1 805306367 4740038607799058432 4740038607790669824 4607182417726275584 4611686017890516992 4503599627370496000
4740038607807447039 0 805306367 4740038607799058432 4740038607799058432 4607182417726275584 4607182417726275584 4503599627370496000
4740038607807447039 1 805306367 4740038607799058432 4740038607807447040 4607182417726275584 13726971664225271808 4503599627370496000
4740038607807447039 366 805306367 4740038607799058432 4740038610869288960 4607182417726275584 13868500800954695680 4503599627370496000
4740038607807447040 -365 805306368 4740038607807447040 4740038604745605120 0 4645128764097822720 4607182418800017408
4740038607807447040 -1 805306368 4740038607807447040 4740038607799058432 0 4607182418800017408 4607182418800017408
4740038607807447040 0 805306368 4740038607807447040 4740038607807447040 0 0 4607182418800017408
4740038607807447040 1 805306368 4740038607807447040 4740038607815835648 0 13830554455654793216 4607182418800017408
4740038607807447040 366 805306368 4740038607807447040 4740038610877677568 0 13868518393138642944 4607182418800017408
4742290407621132286 -365 1073741823 4742290407612743680 4742290404550901760 4607182416652533760 4645146356279672832 4508103226997866496
4742290407621132286 -1 1073741823 4742290407612743680 4742290407604355072 4607182416652533760 4611686017353646080 4508103226997866496
4742290407621132286 0 1073741823 4742290407612743680 4742290407612743680 4607182416652533760 4607182416652533760 4508103226997866496
4742290407621132286 1 1073741823 4742290407612743680 4742290407621132288 4607182416652533760 13731475263852642304 4508103226997866496
4742290407621132286 366 1073741823 4742290407612743680 4742290409152053248 4607182416652533760 13868500800956792832 4508103226997866496
4742290407621132287 -365 1073741823 4742290407612743680 4742290404550901760 4607182417726275584 4645146356281769984 4503599627370496000
4742290407621132287 -1 1073741823 4742290407612743680 4742290407604355072 4607182417726275584 4611686017890516992 4503599627370496000
4742290407621132287 0 1073741823 4742290407612743680 4742290407612743680 4607182417726275584 4607182417726275584 4503599627370496000
4742290407621132287 1 1073741823 4742290407612743680 4742290407621132288 4607182417726275584 13726971664225271808 4503599627370496000
4742290407621132287 366 1073741823 4742290407612743680 4742290409152053248 4607182417726275584 13868500800954695680 4503599627370496000
4742290407621132288 -365 1073741824 4742290407621132288 4742290404559290368 0 4645128764097822720 4607182418800017408
4742290407621132288 -1 1073741824 4742290407621132288 4742290407612743680 0 4607182418800017408 4607182418800017408
4742290407621132288 0 1073741824 4742290407621132288 4742290407621132288 0 0 4607182418800017408
4742290407621132288 1 1073741824 4742290407621132288 4742290407625326592 0 13830554455654793216 4607182418800017408
4742290407621132288 366 1073741824 4742290407621132288 4742290409156247552 0 13868518393138642944 4607182418800017408
4742290407621132289 -365 1073741824 4742290407621132288 4742290404559290368 4508103226997866496 4645128764102017024 4607182416652533760
4742290407621132289 -1 1073741824 4742290407621132288 4742290407612743680 4508103226997866496 4607182419873759232 4607182416652533760
4742290407621132289 0 1073741824 4742290407621132288 4742290407621132288 4508103226997866496 4508103226997866496 4607182416652533760
4742290407621132289 1 1073741824 4742290407621132288 4742290407625326592 4508103226997866496 13830554453507309568 4607182416652533760
4742290407621132289 366 1073741824 4742290407621132288 4742290409156247552 4508103226997866496 13868518393134448640 4607182416652533760
4744542207434817535 -365 1610612735 4744542207430623232 4744542205899702272 4607182416652533760 4645146356279672832 4508103226997866496
4744542207434817535 -1 1610612735 4744542207430623232 4744542207426428928 4607182416652533760 4611686017353646080 4508103226997866496
4744542207434817535 0 1610612735 4744542207430623232 4744542207430623232 4607182416652533760 4607182416652533760 4508103226997866496
4744542207434817535 1 1610612735 4744542207430623232 4744542207434817536 4607182416652533760 13731475263852642304 4508103226997866496
4744542207434817535 366 1610612735 4744542207430623232 4744542208965738496 4607182416652533760 13868500800956792832 4508103226997866496
4744542207434817536 -365 1610612736 4744542207434817536 4744542205903896576 0 4645128764097822720 4607182418800017408
4744542207434817536 -1 1610612736 4744542207434817536 4744542207430623232 0 4607182418800017408 4607182418800017408
4744542207434817536 0 1610612736 4744542207434817536 4744542207434817536 0 0 4607182418800017408
4744542207434817536 1 1610612736 4744542207434817536 4744542207439011840 0 13830554455654793216 4607182418800017408
4744542207434817536 366 1610612736 4744542207434817536 4744542208969932800 0 13868518393138642944 4607182418800017408
4746794005709193215 -365 2147483280 4746794005704998912 4746794004174077952 4607182416652533760 4645146356279672832 4508103226997866496
4746794005709193215 -1 2147483280 4746794005704998912 4746794005700804608 4607182416652533760 4611686017353646080 4508103226997866496
4746794005709193215 0 2147483280 4746794005704998912 4746794005704998912 4607182416652533760 4607182416652533760 4508103226997866496
4746794005709193215 1 2147483280 4746794005704998912 4746794005709193216 4607182416652533760 13731475263852642304 4508103226997866496
4746794005709193215 366 2147483280 4746794005704998912 4746794007240114176 4607182416652533760 13868500800956792832 4508103226997866496
4746794005709193216 -365 2147483281 4746794005709193216 4746794004178272256 0 4645128764097822720 4607182418800017408
4746794005709193216 -1 2147483281 4746794005709193216 4746794005704998912 0 4607182418800017408 4607182418800017408
4746794005709193216 0 2147483281 4746794005709193216 4746794005709193216 0 0 4607182418800017408
4746794005709193216 1 2147483281 4746794005709193216 4746794005713387520 0 13830554455654793216 4607182418800017408
4746794005709193216 366 2147483281 4746794005709193216 4746794007244308480 0 13868518393138642944 4607182418800017408
4746794005709193217 -365 2147483281 4746794005709193216 4746794004178272256 4508103226997866496 4645128764102017024 4607182416652533760
4746794005709193217 -1 2147483281 4746794005709193216 4746794005704998912 4508103226997866496 4607182419873759232 4607182416652533760
4746794005709193217 0 2147483281 4746794005709193216 4746794005709193216 4508103226997866496 4508103226997866496 4607182416652533760
4746794005709193217 1 2147483281 4746794005709193216 4746794005713387520 4508103226997866496 13830554453507309568 4607182416652533760
4746794005709193217 366 2147483281 4746794005709193216 4746794007244308480 4508103226997866496 13868518393134448640 4607182416652533760
4746794005713387519 -365 2147483281 4746794005709193216 4746794004178272256 4607182416652533760 4645146356279672832 4508103226997866496
4746794005713387519 -1 2147483281 4746794005709193216 4746794005704998912 4607182416652533760 4611686017353646080 4508103226997866496
4746794005713387519 0 2147483281 4746794005709193216 4746794005709193216 4607182416652533760 4607182416652533760 4508103226997866496
4746794005713387519 1 2147483281 4746794005709193216 4746794005713387520 4607182416652533760 13731475263852642304 4508103226997866496
4746794005713387519 366 2147483281 4746794005709193216 4746794007244308480 4607182416652533760 13868500800956792832 4508103226997866496
9223372036854775808 -365 -1 13830554455654793216 13868518393138642944 4607182418800017408 4645146356283867136 0
9223372036854775808 -1 -1 13830554455654793216 13835058055282163712 4607182418800017408 4611686018427387904 0
9223372036854775808 0 -1 13830554455654793216 13830554455654793216 4607182418800017408 4607182418800017408 0
9223372036854775808 1 -1 13830554455654793216 0 4607182418800017408 9223372036854775808 0
9223372036854775808 366 -1 13830554455654793216 4645128764097822720 4607182418800017408 13868500800952598528 0
9223372036854775809 -365 -1 13830554455654793216 13868518393138642944 4607182418800017408 4645146356283867136 0
9223372036854775809 -1 -1 13830554455654793216 13835058055282163712 4607182418800017408 4611686018427387904 0
9223372036854775809 0 -1 13830554455654793216 13830554455654793216 4607182418800017408 4607182418800017408 0
9223372036854775809 1 -1 13830554455654793216 0 4607182418800017408 9223372036854775808 0
9223372036854775809 366 -1 13830554455654793216 4645128764097822720 4607182418800017408 13868500800952598528 0
9223372036854775810 -365 -1 13830554455654793216 13868518393138642944 4607182418800017408 4645146356283867136 0
9223372036854775810 -1 -1 13830554455654793216 13835058055282163712 4607182418800017408 4611686018427387904 0
9223372036854775810 0 -1 13830554455654793216 13830554455654793216 4607182418800017408 4607182418800017408 0
9223372036854775810 1 -1 13830554455654793216 0 4607182418800017408 9223372036854775808 0
9223372036854775810 366 -1 13830554455654793216 4645128764097822720 4607182418800017408 13868500800952598528 0
9227875636482146303 -365 -1 13830554455654793216 13868518393138642944 4607182418800017408 4645146356283867136 0
9227875636482146303 -1 -1 13830554455654793216 13835058055282163712 4607182418800017408 4611686018427387904 0
9227875636482146303 0 -1 13830554455654793216 13830554455654793216 4607182418800017408 4607182418800017408 0
9227875636482146303 1 -1 13830554455654793216 0 4607182418800017408 9223372036854775808 0
9227875636482146303 366 -1 13830554455654793216 4645128764097822720 4607182418800017408 13868500800952598528 0
9227875636482146304 -365 -1 13830554455654793216 13868518393138642944 4607182418800017408 4645146356283867136 0
9227875636482146304 -1 -1 13830554455654793216 13835058055282163712 4607182418800017408 4611686018427387904 0
9227875636482146304 0 -1 13830554455654793216 13830554455654793216 4607182418800017408 4607182418800017408 0
9227875636482146304 1 -1 13830554455654793216 0 4607182418800017408 9227875636482146304 0
9227875636482146304 366 -1 13830554455654793216 4645128764097822720 4607182418800017408 13868500800952598528 0
9227875636482146305 -365 -1 13830554455654793216 13868518393138642944 4607182418800017408 4645146356283867136 0
9227875636482146305 -1 -1 13830554455654793216 13835058055282163712 4607182418800017408 4611686018427387904 0
9227875636482146305 0 -1 13830554455654793216 13830554455654793216 4607182418800017408 4607182418800017408 0
9227875636482146305 1 -1 13830554455654793216 0 4607182418800017408 9227875636482146305 0
9227875636482146305 366 -1 13830554455654793216 4645128764097822720 4607182418800017408 13868500800952598528 0
9232379236109516799 -365 -1 13830554455654793216 13868518393138642944 4607182418800017408 4645146356283867136 0
9232379236109516799 -1 -1 13830554455654793216 13835058055282163712 4607182418800017408 4611686018427387904 0
9232379236109516799 0 -1 13830554455654793216 13830554455654793216 4607182418800017408 4607182418800017408 0
9232379236109516799 1 -1 13830554455654793216 0 4607182418800017408 9232379236109516799 0
9232379236109516799 366 -1 13830554455654793216 4645128764097822720 4607182418800017408 13868500800952598528 0
9232379236109516800 -365 -1 13830554455654793216 13868518393138642944 4607182418800017408 4645146356283867136 0
9232379236109516800 -1 -1 13830554455654793216 13835058055282163712 4607182418800017408 4611686018427387904 0
9232379236109516800 0 -1 13830554455654793216 13830554455654793216 4607182418800017408 4607182418800017408 0
9232379236109516800 1 -1 13830554455654793216 0 4607182418800017408 9232379236109516800 0
9232379236109516800 366 -1 13830554455654793216 4645128764097822720 4607182418800017408 13868500800952598528 0
9232379236109516801 -365 -1 13830554455654793216 13868518393138642944 4607182418800017408 4645146356283867136 0
9232379236109516801 -1 -1 13830554455654793216 13835058055282163712 4607182418800017408 4611686018427387904 0
9232379236109516801 0 -1 13830554455654793216 13830554455654793216 4607182418800017408 4607182418800017408 0
9232379236109516801 1 -1 13830554455654793216 0 4607182418800017408 9232379236109516801 0
9232379236109516801 366 -1 13830554455654793216 4645128764097822720 4607182418800017408 13868500800952598528 0
9234631035923202047 -365 -1 13830554455654793216 13868518393138642944 4607182418800017408 4645146356283867136 0
9234631035923202047 -1 -1 13830554455654793216 13835058055282163712 4607182418800017408 4611686018427387904 0
9234631035923202047 0 -1 13830554455654793216 13830554455654793216 4607182418800017408 4607182418800017408 0
9234631035923202047 1 -1 13830554455654793216 0 4607182418800017408 9234631035923202047 0
9234631035923202047 366 -1 13830554455654793216 4645128764097822720 4607182418800017408 13868500800952598528 0
9234631035923202048 -365 -1 13830554455654793216 13868518393138642944 4607182418800017408 4645146356283867136 0
9234631035923202048 -1 -1 13830554455654793216 13835058055282163712 4607182418800017408 4611686018427387904 0
9234631035923202048 0 -1 13830554455654793216 13830554455654793216 4607182418800017408 4607182418800017408 0
9234631035923202048 1 -1 13830554455654793216 0 4607182418800017408 9234631035923202048 0
9234631035923202048 366 -1 13830554455654793216 4645128764097822720 4607182418800017408 13868500800952598528 0
9236882835736887294 -365 -1 13830554455654793216 13868518393138642944 4607182418800017408 4645146356283867136 0
9236882835736887294 -1 -1 13830554455654793216 13835058055282163712 4607182418800017408 4611686018427387904 0
9236882835736887294 0 -1 13830554455654793216 13830554455654793216 4607182418800017408 4607182418800017408 0
9236882835736887294 1 -1 13830554455654793216 0 4607182418800017408 9236882835736887294 0
9236882835736887294 366 -1 13830554455654793216 4645128764097822720 4607182418800017408 13868500800952598528 0
9236882835736887295 -365 -1 13830554455654793216 13868518393138642944 4607182418800017408 4645146356283867136 0
9236882835736887295 -1 -1 13830554455654793216 13835058055282163712 4607182418800017408 4611686018427387904 0
9236882835736887295 0 -1 13830554455654793216 13830554455654793216 4607182418800017408 4607182418800017408 0
9236882835736887295 1 -1 13830554455654793216 0 4607182418800017408 9236882835736887295 0
9236882835736887295 366 -1 13830554455654793216 4645128764097822720 4607182418800017408 13868500800952598528 0
9362983625303261184 -365 -1 13830554455654793216 13868518393138642944 4607182418800017408 4645146356283867136 0
9362983625303261184 -1 -1 13830554455654793216 13835058055282163712 4607182418800017408 4611686018427387904 0
9362983625303261184 0 -1 13830554455654793216 13830554455654793216 4607182418800017408 4607182418800017408 0
9362983625303261184 1 -1 13830554455654793216 0 4607182418800017408 9362983625303261184 0
9362983625303261184 366 -1 13830554455654793216 4645128764097822720 4607182418800017408 13868500800952598528 0
9362983625303261185 -365 -1 13830554455654793216 13868518393138642944 4607182418800017408 4645146356283867136 0
9362983625303261185 -1 -1 13830554455654793216 13835058055282163712 4607182418800017408 4611686018427387904 0
9362983625303261185 0 -1 13830554455654793216 13830554455654793216 4607182418800017408 4607182418800017408 0
9362983625303261185 1 -1 13830554455654793216 0 4607182418800017408 9362983625303261185 0
9362983625303261185 366 -1 13830554455654793216 4645128764097822720 4607182418800017408 13868500800952598528 0
9365235425116946431 -365 -1 13830554455654793216 13868518393138642944 4607182418800017408 4645146356283867136 0
9365235425116946431 -1 -1 13830554455654793216 13835058055282163712 4607182418800017408 4611686018427387904 0
9365235425116946431 0 -1 13830554455654793216 13830554455654793216 4607182418800017408 4607182418800017408 0
9365235425116946431 1 -1 13830554455654793216 0 4607182418800017408 9365235425116946431 0
9365235425116946431 366 -1 13830554455654793216 4645128764097822720 4607182418800017408 13868500800952598528 0
9365235425116946432 -365 -1 13830554455654793216 13868518393138642944 4607182418800017408 4645146356283867136 0
9365235425116946432 -1 -1 13830554455654793216 13835058055282163712 4607182418800017408 4611686018427387904 0
9365235425116946432 0 -1 13830554455654793216 13830554455654793216 4607182418800017408 4607182418800017408 0
9365235425116946432 1 -1 13830554455654793216 0 4607182418800017408 9365235425116946432 0
9365235425116946432 366 -1 13830554455654793216 4645128764097822720 4607182418800017408 13868500800952598528 0
9367487224930631678 -365 -1 13830554455654793216 13868518393138642944 4607182418800017408 4645146356283867136 0
9367487224930631678 -1 -1 13830554455654793216 13835058055282163712 4607182418800017408 4611686018427387904 0
9367487224930631678 0 -1 13830554455654793216 13830554455654793216 4607182418800017408 4607182418800017408 0
9367487224930631678 1 -1 13830554455654793216 0 4607182418800017408 9367487224930631678 0
9367487224930631678 366 -1 13830554455654793216 4645128764097822720 4607182418800017408 13868500800952598528 0
9367487224930631679 -365 -1 13830554455654793216 13868518393138642944 4607182418800017408 4645146356283867136 0
9367487224930631679 -1 -1 13830554455654793216 13835058055282163712 4607182418800017408 4611686018427387904 0
9367487224930631679 0 -1 13830554455654793216 13830554455654793216 4607182418800017408 4607182418800017408 0
9367487224930631679 1 -1 13830554455654793216 0 4607182418800017408 9367487224930631679 0
9367487224930631679 366 -1 13830554455654793216 4645128764097822720 4607182418800017408 13868500800952598528 0
11524711446441099264 -365 -1 13830554455654793216 13868518393138642944 4607182418800017408 4645146356283867136 0
11524711446441099264 -1 -1 13830554455654793216 13835058055282163712 4607182418800017408 4611686018427387904 0
11524711446441099264 0 -1 13830554455654793216 13830554455654793216 4607182418800017408 4607182418800017408 0
11524711446441099264 1 -1 13830554455654793216 0 4607182418800017408 11524711446441099264 0
11524711446441099264 366 -1 13830554455654793216 4645128764097822720 4607182418800017408 13868500800952598528 0
11524711446441099265 -365 -1 13830554455654793216 13868518393138642944 4607182418800017408 4645146356283867136 0
11524711446441099265 -1 -1 13830554455654793216 13835058055282163712 4607182418800017408 4611686018427387904 0
11524711446441099265 0 -1 13830554455654793216 13830554455654793216 4607182418800017408 4607182418800017408 0
11524711446441099265 1 -1 13830554455654793216 0 4607182418800017408 11524711446441099265 0
11524711446441099265 366 -1 13830554455654793216 4645128764097822720 4607182418800017408 13868500800952598528 0
11526963246254784511 -365 -1 13830554455654793216 13868518393138642944 4607182418800017408 4645146356283867136 0
11526963246254784511 -1 -1 13830554455654793216 13835058055282163712 4607182418800017408 4611686018427387904 0
11526963246254784511 0 -1 13830554455654793216 13830554455654793216 4607182418800017408 4607182418800017408 0
11526963246254784511 1 -1 13830554455654793216 0 4607182418800017408 11526963246254784511 0
11526963246254784511 366 -1 13830554455654793216 4645128764097822720 4607182418800017408 13868500800952598528 0
11526963246254784512 -365 -1 13830554455654793216 13868518393138642944 4607182418800017408 4645146356283867136 0
11526963246254784512 -1 -1 13830554455654793216 13835058055282163712 4607182418800017408 4611686018427387904 0
11526963246254784512 0 -1 13830554455654793216 13830554455654793216 4607182418800017408 4607182418800017408 0
11526963246254784512 1 -1 13830554455654793216 0 4607182418800017408 11526963246254784512 0
11526963246254784512 366 -1 13830554455654793216 4645128764097822720 4607182418800017408 13868500800952598528 0
11529215046068469758 -365 -1 13830554455654793216 13868518393138642944 4607182418800017408 4645146356283867136 0
11529215046068469758 -1 -1 13830554455654793216 13835058055282163712 4607182418800017408 4611686018427387904 0
11529215046068469758 0 -1 13830554455654793216 13830554455654793216 4607182418800017408 4607182418800017408 0
11529215046068469758 1 -1 13830554455654793216 0 4607182418800017408 11529215046068469758 0
11529215046068469758 366 -1 13830554455654793216 4645128764097822720 4607182418800017408 13868500800952598528 0
11529215046068469759 -365 -1 13830554455654793216 13868518393138642944 4607182418800017408 4645146356283867136 0
11529215046068469759 -1 -1 13830554455654793216 13835058055282163712 4607182418800017408 4611686018427387904 0
11529215046068469759 0 -1 13830554455654793216 13830554455654793216 4607182418800017408 4607182418800017408 0
11529215046068469759 1 -1 13830554455654793216 0 4607182418800017408 11529215046068469759 0
11529215046068469759 366 -1 13830554455654793216 4645128764097822720 4607182418800017408 13868500800952598528 0
13276611701488222208 -365 -1 13830554455654793216 13868518393138642944 4607182418800017408 4645146356283867136 0
13276611701488222208 -1 -1 13830554455654793216 13835058055282163712 4607182418800017408 4611686018427387904 0
13276611701488222208 0 -1 13830554455654793216 13830554455654793216 4607182418800017408 4607182418800017408 0
13276611701488222208 1 -1 13830554455654793216 0 4607182418800017408 13276611701488222208 0
13276611701488222208 366 -1 13830554455654793216 4645128764097822720 4607182418800017408 13868500800952598528 0
13276611701488222209 -365 -1 13830554455654793216 13868518393138642944 4607182418800017408 4645146356283867136 0
13276611701488222209 -1 -1 13830554455654793216 13835058055282163712 4607182418800017408 4611686018427387904 0
13276611701488222209 0 -1 13830554455654793216 13830554455654793216 4607182418800017408 4607182418800017408 0
13276611701488222209 1 -1 13830554455654793216 0 4607182418800017408 13276611701488222209 0
13276611701488222209 366 -1 13830554455654793216 4645128764097822720 4607182418800017408 13868500800952598528 0
13278863501301907455 -365 -1 13830554455654793216 13868518393138642944 4607182418800017408 4645146356283867136 0
13278863501301907455 -1 -1 13830554455654793216 13835058055282163712 4607182418800017408 4611686018427387904 0
13278863501301907455 0 -1 13830554455654793216 13830554455654793216 4607182418800017408 4607182418800017408 0
13278863501301907455 1 -1 13830554455654793216 0 4607182418800017408 13278863501301907455 0
13278863501301907455 366 -1 13830554455654793216 4645128764097822720 4607182418800017408 13868500800952598528 0
13278863501301907456 -365 -1 13830554455654793216 13868518393138642944 4607182418800017408 4645146356283867136 0
13278863501301907456 -1 -1 13830554455654793216 13835058055282163712 4607182418800017408 4611686018427387904 0
13278863501301907456 0 -1 13830554455654793216 13830554455654793216 4607182418800017408 4607182418800017408 0
13278863501301907456 1 -1 13830554455654793216 0 4607182418800017408 13278863501301907456 0
13278863501301907456 366 -1 13830554455654793216 4645128764097822720 4607182418800017408 13868500800952598528 0
13281115301115592702 -365 -1 13830554455654793216 13868518393138642944 4607182418800017408 4645146356283867136 0
13281115301115592702 -1 -1 13830554455654793216 13835058055282163712 4607182418800017408 4611686018427387904 0
13281115301115592702 0 -1 13830554455654793216 13830554455654793216 4607182418800017408 4607182418800017408 0
13281115301115592702 1 -1 13830554455654793216 0 4607182418800017408 13281115301115592702 0
13281115301115592702 366 -1 13830554455654793216 4645128764097822720 4607182418800017408 13868500800952598528 0
13281115301115592703 -365 -1 13830554455654793216 13868518393138642944 4607182418800017408 4645146356283867136 0
13281115301115592703 -1 -1 13830554455654793216 13835058055282163712 4607182418800017408 4611686018427387904 0
13281115301115592703 0 -1 13830554455654793216 13830554455654793216 4607182418800017408 4607182418800017408 0
13281115301115592703 1 -1 13830554455654793216 0 4607182418800017408 13281115301115592703 0
13281115301115592703 366 -1 13830554455654793216 4645128764097822720 4607182418800017408 13868500800952598528 0
13587360075776786432 -365 -1 13830554455654793216 13868518393138642944 4607182418800017408 4645146356283867136 0
13587360075776786432 -1 -1 13830554455654793216 13835058055282163712 4607182418800017408 4611686018427387904 0
13587360075776786432 0 -1 13830554455654793216 13830554455654793216 4607182418800017408 4607182418800017408 0
13587360075776786432 1 -1 13830554455654793216 0 4607182418800017408 13587360075776786432 0
13587360075776786432 366 -1 13830554455654793216 4645128764097822720 4607182418800017408 13868500800952598528 0
13587360075776786433 -365 -1 13830554455654793216 13868518393138642944 4607182418800017407 4645146356283867136 4368491638549381120
13587360075776786433 -1 -1 13830554455654793216 13835058055282163712 4607182418800017407 4611686018427387904 4368491638549381120
13587360075776786433 0 -1 13830554455654793216 13830554455654793216 4607182418800017407 4607182418800017407 4368491638549381120
13587360075776786433 1 -1 13830554455654793216 0 4607182418800017407 13587360075776786433 4368491638549381120
13587360075776786433 366 -1 13830554455654793216 4645128764097822720 4607182418800017407 13868500800952598528 4368491638549381120
13589611875590471679 -365 -1 13830554455654793216 13868518393138642944 4607182418800017407 4645146356283867136 4368491638549381120
13589611875590471679 -1 -1 13830554455654793216 13835058055282163712 4607182418800017407 4611686018427387904 4368491638549381120
13589611875590471679 0 -1 13830554455654793216 13830554455654793216 4607182418800017407 4607182418800017407 4368491638549381120
13589611875590471679 1 -1 13830554455654793216 0 4607182418800017407 13589611875590471679 4368491638549381120
13589611875590471679 366 -1 13830554455654793216 4645128764097822720 4607182418800017407 13868500800952598528 4368491638549381120
13589611875590471680 -365 -1 13830554455654793216 13868518393138642944 4607182418800017407 4645146356283867136 4368491638549381120
13589611875590471680 -1 -1 13830554455654793216 13835058055282163712 4607182418800017407 4611686018427387904 4368491638549381120
13589611875590471680 0 -1 13830554455654793216 13830554455654793216 4607182418800017407 4607182418800017407 4368491638549381120
13589611875590471680 1 -1 13830554455654793216 0 4607182418800017407 13589611875590471680 4368491638549381120
13589611875590471680 366 -1 13830554455654793216 4645128764097822720 4607182418800017407 13868500800952598528 4368491638549381120
13591863675404156926 -365 -1 13830554455654793216 13868518393138642944 4607182418800017407 4645146356283867136 4368491638549381120
13591863675404156926 -1 -1 13830554455654793216 13835058055282163712 4607182418800017407 4611686018427387904 4368491638549381120
13591863675404156926 0 -1 13830554455654793216 13830554455654793216 4607182418800017407 4607182418800017407 4368491638549381120
13591863675404156926 1 -1 13830554455654793216 0 4607182418800017407 13591863675404156926 4368491638549381120
13591863675404156926 366 -1 13830554455654793216 4645128764097822720 4607182418800017407 13868500800952598528 4368491638549381120
13591863675404156927 -365 -1 13830554455654793216 13868518393138642944 4607182418800017407 4645146356283867136 4368491638549381120
13591863675404156927 -1 -1 13830554455654793216 13835058055282163712 4607182418800017407 4611686018427387904 4368491638549381120
13591863675404156927 0 -1 13830554455654793216 13830554455654793216 4607182418800017407 4607182418800017407 4368491638549381120
13591863675404156927 1 -1 13830554455654793216 0 4607182418800017407 13591863675404156927 4368491638549381120
13591863675404156927 366 -1 13830554455654793216 4645128764097822720 4607182418800017407 13868500800952598528 4368491638549381120
13591863675404156928 -365 -1 13830554455654793216 13868518393138642944 4607182418800017407 4645146356283867136 4368491638549381120
13591863675404156928 -1 -1 13830554455654793216 13835058055282163712 4607182418800017407 4611686018427387904 4368491638549381120
13591863675404156928 0 -1 13830554455654793216 13830554455654793216 4607182418800017407 4607182418800017407 4368491638549381120
13591863675404156928 1 -1 13830554455654793216 0 4607182418800017407 13591863675404156928 4368491638549381120
13591863675404156928 366 -1 13830554455654793216 4645128764097822720 4607182418800017407 13868500800952598528 4368491638549381120
13591863675404156929 -365 -1 13830554455654793216 13868518393138642944 4607182418800017407 4645146356283867136 4368491638549381120
13591863675404156929 -1 -1 13830554455654793216 13835058055282163712 4607182418800017407 4611686018427387903 4368491638549381120
13591863675404156929 0 -1 13830554455654793216 13830554455654793216 4607182418800017407 4607182418800017407 4368491638549381120
13591863675404156929 1 -1 13830554455654793216 0 4607182418800017407 13591863675404156929 4368491638549381120
13591863675404156929 366 -1 13830554455654793216 4645128764097822720 4607182418800017407 13868500800952598528 4368491638549381120
13594115475217842175 -365 -1 13830554455654793216 13868518393138642944 4607182418800017407 4645146356283867136 4368491638549381120
13594115475217842175 -1 -1 13830554455654793216 13835058055282163712 4607182418800017407 4611686018427387903 4368491638549381120
13594115475217842175 0 -1 13830554455654793216 13830554455654793216 4607182418800017407 4607182418800017407 4368491638549381120
13594115475217842175 1 -1 13830554455654793216 0 4607182418800017407 13594115475217842175 4368491638549381120
13594115475217842175 366 -1 13830554455654793216 4645128764097822720 4607182418800017407 13868500800952598528 4368491638549381120
13594115475217842176 -365 -1 13830554455654793216 13868518393138642944 4607182418800017406 4645146356283867136 4372995238176751616
13594115475217842176 -1 -1 13830554455654793216 13835058055282163712 4607182418800017406 4611686018427387903 4372995238176751616
13594115475217842176 0 -1 13830554455654793216 13830554455654793216 4607182418800017406 4607182418800017406 4372995238176751616
13594115475217842176 1 -1 13830554455654793216 0 4607182418800017406 13594115475217842176 4372995238176751616
13594115475217842176 366 -1 13830554455654793216 4645128764097822720 4607182418800017406 13868500800952598528 4372995238176751616
13596367275031527422 -365 -1 13830554455654793216 13868518393138642944 4607182418800017406 4645146356283867136 4372995238176751616
13596367275031527422 -1 -1 13830554455654793216 13835058055282163712 4607182418800017406 4611686018427387903 4372995238176751616
13596367275031527422 0 -1 13830554455654793216 13830554455654793216 4607182418800017406 4607182418800017406 4372995238176751616
13596367275031527422 1 -1 13830554455654793216 0 4607182418800017406 13596367275031527422 4372995238176751616
13596367275031527422 366 -1 13830554455654793216 4645128764097822720 4607182418800017406 13868500800952598528 4372995238176751616
13596367275031527423 -365 -1 13830554455654793216 13868518393138642944 4607182418800017406 4645146356283867136 4372995238176751616
13596367275031527423 -1 -1 13830554455654793216 13835058055282163712 4607182418800017406 4611686018427387903 4372995238176751616
13596367275031527423 0 -1 13830554455654793216 13830554455654793216 4607182418800017406 4607182418800017406 4372995238176751616
13596367275031527423 1 -1 13830554455654793216 0 4607182418800017406 13596367275031527423 4372995238176751616
13596367275031527423 366 -1 13830554455654793216 4645128764097822720 4607182418800017406 13868500800952598528 4372995238176751616
13817043656772681728 -365 -1 13830554455654793216 13868518393138642944 4606056518893174784 4645144157260611584 4593671619917905920
13817043656772681728 -1 -1 13830554455654793216 13835058055282163712 4606056518893174784 4611123068473966592 4593671619917905920
13817043656772681728 0 -1 13830554455654793216 13830554455654793216 4606056518893174784 4606056518893174784 4593671619917905920
13817043656772681728 1 -1 13830554455654793216 0 4606056518893174784 13817043656772681728 4593671619917905920
13817043656772681728 366 -1 13830554455654793216 4645128764097822720 4606056518893174784 13868502999975854080 4593671619917905920
13817043656772681729 -365 -1 13830554455654793216 13868518393138642944 4606056518893174784 4645144157260611584 4593671619917905920
13817043656772681729 -1 -1 13830554455654793216 13835058055282163712 4606056518893174784 4611123068473966592 4593671619917905920
13817043656772681729 0 -1 13830554455654793216 13830554455654793216 4606056518893174784 4606056518893174784 4593671619917905920
13817043656772681729 1 -1 13830554455654793216 0 4606056518893174784 13817043656772681729 4593671619917905920
13817043656772681729 366 -1 13830554455654793216 4645128764097822720 4606056518893174784 13868502999975854080 4593671619917905920
13819295456586366975 -365 -1 13830554455654793216 13868518393138642944 4605493568939753472 4645143057748983808 4595923419731591168
13819295456586366975 -1 -1 13830554455654793216 13835058055282163712 4605493568939753472 4610841593497255936 4595923419731591168
13819295456586366975 0 -1 13830554455654793216 13830554455654793216 4605493568939753472 4605493568939753472 4595923419731591168
13819295456586366975 1 -1 13830554455654793216 0 4605493568939753472 13819295456586366975 4595923419731591168
13819295456586366975 366 -1 13830554455654793216 4645128764097822720 4605493568939753472 13868504099487481856 4595923419731591168
13819295456586366976 -365 -1 13830554455654793216 13868518393138642944 4605493568939753472 4645143057748983808 4595923419731591168
13819295456586366976 -1 -1 13830554455654793216 13835058055282163712 4605493568939753472 4610841593497255936 4595923419731591168
13819295456586366976 0 -1 13830554455654793216 13830554455654793216 4605493568939753472 4605493568939753472 4595923419731591168
13819295456586366976 1 -1 13830554455654793216 0 4605493568939753472 13819295456586366976 4595923419731591168
13819295456586366976 366 -1 13830554455654793216 4645128764097822720 4605493568939753472 13868504099487481856 4595923419731591168
13821547256400052222 -365 -1 13830554455654793216 13868518393138642944 4604930618986332160 4645141958237356032 4598175219545276416
13821547256400052222 -1 -1 13830554455654793216 13835058055282163712 4604930618986332160 4610560118520545280 4598175219545276416
13821547256400052222 0 -1 13830554455654793216 13830554455654793216 4604930618986332160 4604930618986332160 4598175219545276416
13821547256400052222 1 -1 13830554455654793216 0 4604930618986332160 13821547256400052222 4598175219545276416
13821547256400052222 366 -1 13830554455654793216 4645128764097822720 4604930618986332160 13868505198999109632 4598175219545276416
13821547256400052223 -365 -1 13830554455654793216 13868518393138642944 4604930618986332160 4645141958237356032 4598175219545276416
13821547256400052223 -1 -1 13830554455654793216 13835058055282163712 4604930618986332160 4610560118520545280 4598175219545276416
13821547256400052223 0 -1 13830554455654793216 13830554455654793216 4604930618986332160 4604930618986332160 4598175219545276416
13821547256400052223 1 -1 13830554455654793216 0 4604930618986332160 13821547256400052223 4598175219545276416
13821547256400052223 366 -1 13830554455654793216 4645128764097822720 4604930618986332160 13868505198999109632 4598175219545276416
13821547256400052224 -365 -1 13830554455654793216 13868518393138642944 4604930618986332160 4645141958237356032 4598175219545276416
13821547256400052224 -1 -1 13830554455654793216 13835058055282163712 4604930618986332160 4610560118520545280 4598175219545276416
13821547256400052224 0 -1 13830554455654793216 13830554455654793216 4604930618986332160 4604930618986332160 4598175219545276416
13821547256400052224 1 -1 13830554455654793216 0 4604930618986332160 13821547256400052224 4598175219545276416
13821547256400052224 366 -1 13830554455654793216 4645128764097822720 4604930618986332160 13868505198999109632 4598175219545276416
13821547256400052225 -365 -1 13830554455654793216 13868518393138642944 4604930618986332160 4645141958237356032 4598175219545276416
13821547256400052225 -1 -1 13830554455654793216 13835058055282163712 4604930618986332160 4610560118520545280 4598175219545276416
13821547256400052225 0 -1 13830554455654793216 13830554455654793216 4604930618986332160 4604930618986332160 4598175219545276416
13821547256400052225 1 -1 13830554455654793216 0 4604930618986332160 13821547256400052225 4598175219545276416
13821547256400052225 366 -1 13830554455654793216 4645128764097822720 4604930618986332160 13868505198999109632 4598175219545276416
13823799056213737471 -365 -1 13830554455654793216 13868518393138642944 4603804719079489536 4645139759214100480 4600427019358961664
13823799056213737471 -1 -1 13830554455654793216 13835058055282163712 4603804719079489536 4609997168567123968 4600427019358961664
13823799056213737471 0 -1 13830554455654793216 13830554455654793216 4603804719079489536 4603804719079489536 4600427019358961664
13823799056213737471 1 -1 13830554455654793216 0 4603804719079489536 13823799056213737471 4600427019358961664
13823799056213737471 366 -1 13830554455654793216 4645128764097822720 4603804719079489536 13868507398022365184 4600427019358961664
13823799056213737472 -365 -1 13830554455654793216 13868518393138642944 4603804719079489536 4645139759214100480 4600427019358961664
13823799056213737472 -1 -1 13830554455654793216 13835058055282163712 4603804719079489536 4609997168567123968 4600427019358961664
13823799056213737472 0 -1 13830554455654793216 13830554455654793216 4603804719079489536 4603804719079489536 4600427019358961664
13823799056213737472 1 -1 13830554455654793216 0 4603804719079489536 13823799056213737472 4600427019358961664
13823799056213737472 366 -1 13830554455654793216 4645128764097822720 4603804719079489536 13868507398022365184 4600427019358961664
13826050856027422718 -365 -1 13830554455654793216 13868518393138642944 4602678819172646913 4645137560190844928 4602678819172646910
13826050856027422718 -1 -1 13830554455654793216 13835058055282163712 4602678819172646913 4609434218613702656 4602678819172646910
13826050856027422718 0 -1 13830554455654793216 13830554455654793216 4602678819172646913 4602678819172646913 4602678819172646910
13826050856027422718 1 -1 13830554455654793216 0 4602678819172646913 13826050856027422718 4602678819172646910
13826050856027422718 366 -1 13830554455654793216 4645128764097822720 4602678819172646913 13868509597045620736 4602678819172646910
13826050856027422719 -365 -1 13830554455654793216 13868518393138642944 4602678819172646912 4645137560190844928 4602678819172646912
13826050856027422719 -1 -1 13830554455654793216 13835058055282163712 4602678819172646912 4609434218613702656 4602678819172646912
13826050856027422719 0 -1 13830554455654793216 13830554455654793216 4602678819172646912 4602678819172646912 4602678819172646912
13826050856027422719 1 -1 13830554455654793216 0 4602678819172646912 13826050856027422719 4602678819172646912
13826050856027422719 366 -1 13830554455654793216 4645128764097822720 4602678819172646912 13868509597045620736 4602678819172646912
13826050856027422720 -365 -1 13830554455654793216 13868518393138642944 4602678819172646912 4645137560190844928 4602678819172646912
13826050856027422720 -1 -1 13830554455654793216 13835058055282163712 4602678819172646912 4609434218613702656 4602678819172646912
13826050856027422720 0 -1 13830554455654793216 13830554455654793216 4602678819172646912 4602678819172646912 4602678819172646912
13826050856027422720 1 -1 13830554455654793216 0 4602678819172646912 13826050856027422720 4602678819172646912
13826050856027422720 366 -1 13830554455654793216 4645128764097822720 4602678819172646912 13868509597045620736 4602678819172646912
13826050856027422721 -365 -1 13830554455654793216 13868518393138642944 4602678819172646910 4645137560190844928 4602678819172646913
13826050856027422721 -1 -1 13830554455654793216 13835058055282163712 4602678819172646910 4609434218613702656 4602678819172646913
13826050856027422721 0 -1 13830554455654793216 13830554455654793216 4602678819172646910 4602678819172646910 4602678819172646913
13826050856027422721 1 -1 13830554455654793216 0 4602678819172646910 13826050856027422721 4602678819172646913
13826050856027422721 366 -1 13830554455654793216 4645128764097822720 4602678819172646910 13868509597045620736 4602678819172646913
13828302655841107967 -365 -1 13830554455654793216 13868518393138642944 4598175219545276418 4645133162144333824 4604930618986332159
13828302655841107967 -1 -1 13830554455654793216 13835058055282163712 4598175219545276418 4608308318706860032 4604930618986332159
13828302655841107967 0 -1 13830554455654793216 13830554455654793216 4598175219545276418 4598175219545276418 4604930618986332159
13828302655841107967 1 -1 13830554455654793216 0 4598175219545276418 13828302655841107967 4604930618986332159
13828302655841107967 366 -1 13830554455654793216 4645128764097822720 4598175219545276418 13868513995092131840 4604930618986332159
13828302655841107968 -365 -1 13830554455654793216 13868518393138642944 4598175219545276416 4645133162144333824 4604930618986332160
13828302655841107968 -1 -1 13830554455654793216 13835058055282163712 4598175219545276416 4608308318706860032 4604930618986332160
13828302655841107968 0 -1 13830554455654793216 13830554455654793216 4598175219545276416 4598175219545276416 4604930618986332160
13828302655841107968 1 -1 13830554455654793216 0 4598175219545276416 13828302655841107968 4604930618986332160
13828302655841107968 366 -1 13830554455654793216 4645128764097822720 4598175219545276416 13868513995092131840 4604930618986332160
13830554455654793214 -365 -1 13830554455654793216 13868518393138642944 4372995238176751616 4645128764097822720 4607182418800017406
13830554455654793214 -1 -1 13830554455654793216 13835058055282163712 4372995238176751616 4607182418800017409 4607182418800017406
13830554455654793214 0 -1 13830554455654793216 13830554455654793216 4372995238176751616 4372995238176751616 4607182418800017406
13830554455654793214 1 -1 13830554455654793216 0 4372995238176751616 13830554455654793214 4607182418800017406
13830554455654793214 366 -1 13830554455654793216 4645128764097822720 4372995238176751616 13868518393138642944 4607182418800017406
13830554455654793215 -365 -1 13830554455654793216 13868518393138642944 4368491638549381120 4645128764097822720 4607182418800017407
13830554455654793215 -1 -1 13830554455654793216 13835058055282163712 4368491638549381120 4607182418800017408 4607182418800017407
13830554455654793215 0 -1 13830554455654793216 13830554455654793216 4368491638549381120 4368491638549381120 4607182418800017407
13830554455654793215 1 -1 13830554455654793216 0 4368491638549381120 13830554455654793215 4607182418800017407
13830554455654793215 366 -1 13830554455654793216 4645128764097822720 4368491638549381120 13868518393138642944 4607182418800017407
13830554455654793216 -365 -1 13830554455654793216 13868518393138642944 0 4645128764097822720 4607182418800017408
13830554455654793216 -1 -1 13830554455654793216 13835058055282163712 0 4607182418800017408 4607182418800017408
13830554455654793216 0 -1 13830554455654793216 13830554455654793216 0 0 4607182418800017408
13830554455654793216 1 -1 13830554455654793216 0 0 13830554455654793216 4607182418800017408
13830554455654793216 366 -1 13830554455654793216 4645128764097822720 0 13868518393138642944 4607182418800017408
13830554455654793217 -365 -2 13835058055282163712 13868535985324687360 4607182418800017406 4645146356283867136 4372995238176751616
13830554455654793217 -1 -2 13835058055282163712 13837309855095848960 4607182418800017406 4611686018427387903 4372995238176751616
13830554455654793217 0 -2 13835058055282163712 13835058055282163712 4607182418800017406 4607182418800017406 4372995238176751616
13830554455654793217 1 -2 13835058055282163712 13830554455654793216 4607182418800017406 13596367275031527424 4372995238176751616
13830554455654793217 366 -2 13835058055282163712 4645111171911778304 4607182418800017406 13868500800952598528 4372995238176751616
13832806255468478463 -365 -2 13835058055282163712 13868535985324687360 4602678819172646914 4645137560190844928 4602678819172646908
13832806255468478463 -1 -2 13835058055282163712 13837309855095848960 4602678819172646914 4609434218613702657 4602678819172646908
13832806255468478463 0 -2 13835058055282163712 13835058055282163712 4602678819172646914 4602678819172646914 4602678819172646908
13832806255468478463 1 -2 13835058055282163712 13830554455654793216 4602678819172646914 13826050856027422716 4602678819172646908
13832806255468478463 366 -2 13835058055282163712 4645111171911778304 4602678819172646914 13868509597045620736 4602678819172646908
13832806255468478464 -365 -2 13835058055282163712 13868535985324687360 4602678819172646912 4645137560190844928 4602678819172646912
13832806255468478464 -1 -2 13835058055282163712 13837309855095848960 4602678819172646912 4609434218613702656 4602678819172646912
13832806255468478464 0 -2 13835058055282163712 13835058055282163712 4602678819172646912 4602678819172646912 4602678819172646912
13832806255468478464 1 -2 13835058055282163712 13830554455654793216 4602678819172646912 13826050856027422720 4602678819172646912
13832806255468478464 366 -2 13835058055282163712 4645111171911778304 4602678819172646912 13868509597045620736 4602678819172646912
13835058055282163710 -365 -2 13835058055282163712 13868535985324687360 4377498837804122112 4645128764097822720 4607182418800017404
13835058055282163710 -1 -2 13835058055282163712 13837309855095848960 4377498837804122112 4607182418800017410 4607182418800017404
13835058055282163710 0 -2 13835058055282163712 13835058055282163712 4377498837804122112 4377498837804122112 4607182418800017404
13835058055282163710 1 -2 13835058055282163712 13830554455654793216 4377498837804122112 13830554455654793212 4607182418800017404
13835058055282163710 366 -2 13835058055282163712 4645111171911778304 4377498837804122112 13868518393138642944 4607182418800017404
13835058055282163711 -365 -2 13835058055282163712 13868535985324687360 4372995238176751616 4645128764097822720 4607182418800017406
13835058055282163711 -1 -2 13835058055282163712 13837309855095848960 4372995238176751616 4607182418800017409 4607182418800017406
13835058055282163711 0 -2 13835058055282163712 13835058055282163712 4372995238176751616 4372995238176751616 4607182418800017406
13835058055282163711 1 -2 13835058055282163712 13830554455654793216 4372995238176751616 13830554455654793214 4607182418800017406
13835058055282163711 366 -2 13835058055282163712 4645111171911778304 4372995238176751616 13868518393138642944 4607182418800017406
13835058055282163712 -365 -2 13835058055282163712 13868535985324687360 0 4645128764097822720 4607182418800017408
13835058055282163712 -1 -2 13835058055282163712 13837309855095848960 0 4607182418800017408 4607182418800017408
13835058055282163712 0 -2 13835058055282163712 13835058055282163712 0 0 4607182418800017408
13835058055282163712 1 -2 13835058055282163712 13830554455654793216 0 13830554455654793216 4607182418800017408
13835058055282163712 366 -2 13835058055282163712 4645111171911778304 0 13868518393138642944 4607182418800017408
13835058055282163713 -365 -3 13837309855095848960 13868553577510731776 4607182418800017404 4645146356283867136 4377498837804122112
13835058055282163713 -1 -3 13837309855095848960 13839561654909534208 4607182418800017404 4611686018427387902 4377498837804122112
13835058055282163713 0 -3 13837309855095848960 13837309855095848960 4607182418800017404 4607182418800017404 4377498837804122112
13835058055282163713 1 -3 13837309855095848960 13835058055282163712 4607182418800017404 13600870874658897920 4377498837804122112
13835058055282163713 366 -3 13837309855095848960 4645093579725733888 4607182418800017404 13868500800952598528 4377498837804122112
13837309855095848959 -365 -3 13837309855095848960 13868553577510731776 4377498837804122112 4645128764097822720 4607182418800017404
13837309855095848959 -1 -3 13837309855095848960 13839561654909534208 4377498837804122112 4607182418800017410 4607182418800017404
13837309855095848959 0 -3 13837309855095848960 13837309855095848960 4377498837804122112 4377498837804122112 4607182418800017404
13837309855095848959 1 -3 13837309855095848960 13835058055282163712 4377498837804122112 13830554455654793212 4607182418800017404
13837309855095848959 366 -3 13837309855095848960 4645093579725733888 4377498837804122112 13868518393138642944 4607182418800017404
13837309855095848960 -365 -3 13837309855095848960 13868553577510731776 0 4645128764097822720 4607182418800017408
13837309855095848960 -1 -3 13837309855095848960 13839561654909534208 0 4607182418800017408 4607182418800017408
13837309855095848960 0 -3 13837309855095848960 13837309855095848960 0 0 4607182418800017408
13837309855095848960 1 -3 13837309855095848960 13835058055282163712 0 13830554455654793216 4607182418800017408
13837309855095848960 366 -3 13837309855095848960 4645093579725733888 0 13868518393138642944 4607182418800017408
13839561654909534206 -365 -4 13839561654909534208 13868571169696776192 4382002437431492608 4645128764097822720 4607182418800017400
13839561654909534206 -1 -4 13839561654909534208 13840687554816376832 4382002437431492608 4607182418800017412 4607182418800017400
13839561654909534206 0 -4 13839561654909534208 13839561654909534208 4382002437431492608 4382002437431492608 4607182418800017400
13839561654909534206 1 -4 13839561654909534208 13837309855095848960 4382002437431492608 13830554455654793208 4607182418800017400
13839561654909534206 366 -4 13839561654909534208 4645075987539689472 4382002437431492608 13868518393138642944 4607182418800017400
13839561654909534207 -365 -4 13839561654909534208 13868571169696776192 4377498837804122112 4645128764097822720 4607182418800017404
13839561654909534207 -1 -4 13839561654909534208 13840687554816376832 4377498837804122112 4607182418800017410 4607182418800017404
13839561654909534207 0 -4 13839561654909534208 13839561654909534208 4377498837804122112 4377498837804122112 4607182418800017404
13839561654909534207 1 -4 13839561654909534208 13837309855095848960 4377498837804122112 13830554455654793212 4607182418800017404
13839561654909534207 366 -4 13839561654909534208 4645075987539689472 4377498837804122112 13868518393138642944 4607182418800017404
13862079653046386688 -365 -128 13862079653046386688 13870752600766283776 0 4645128764097822720 4607182418800017408
13862079653046386688 -1 -128 13862079653046386688 13862114837418475520 0 4607182418800017408 4607182418800017408
13862079653046386688 0 -128 13862079653046386688 13862079653046386688 0 0 4607182418800017408
13862079653046386688 1 -128 13862079653046386688 13862009284302209024 0 13830554455654793216 4607182418800017408
13862079653046386688 366 -128 13862079653046386688 4642577897121382400 0 13868518393138642944 4607182418800017408
13862079653046386689 -365 -129 13862114837418475520 13870770192952328192 4607182418800017152 4645146356283867136 4404520435568345088
13862079653046386689 -1 -129 13862114837418475520 13862150021790564352 4607182418800017152 4611686018427387776 4404520435568345088
13862079653046386689 0 -129 13862114837418475520 13862114837418475520 4607182418800017152 4607182418800017152 4404520435568345088
13862079653046386689 1 -129 13862114837418475520 13862079653046386688 4607182418800017152 13627892472423120896 4404520435568345088
13862079653046386689 366 -129 13862114837418475520 4642542712749293568 4607182418800017152 13868500800952598528 4404520435568345088
13864331452860071935 -365 -192 13864331452860071936 13871482676487127040 4404520435568345088 4645128764097822720 4607182418800017152
13864331452860071935 -1 -192 13864331452860071936 13864366637232160768 4404520435568345088 4607182418800017536 4607182418800017152
13864331452860071935 0 -192 13864331452860071936 13864331452860071936 4404520435568345088 4404520435568345088 4607182418800017152
13864331452860071935 1 -192 13864331452860071936 13864296268487983104 4404520435568345088 13830554455654792960 4607182418800017152
13864331452860071935 366 -192 13864331452860071936 4640326097307697152 4404520435568345088 13868518393138642944 4607182418800017152
13864331452860071936 -365 -192 13864331452860071936 13871482676487127040 0 4645128764097822720 4607182418800017408
13864331452860071936 -1 -192 13864331452860071936 13864366637232160768 0 4607182418800017408 4607182418800017408
13864331452860071936 0 -192 13864331452860071936 13864331452860071936 0 0 4607182418800017408
13864331452860071936 1 -192 13864331452860071936 13864296268487983104 0 13830554455654793216 4607182418800017408
13864331452860071936 366 -192 13864331452860071936 4640326097307697152 0 13868518393138642944 4607182418800017408
13866583252673757182 -365 -256 13866583252673757184 13872045626440548352 4409024035195715584 4645128764097822721 4607182418800016896
13866583252673757182 -1 -256 13866583252673757184 13866600844859801600 4409024035195715584 4607182418800017664 4607182418800016896
13866583252673757182 0 -256 13866583252673757184 13866583252673757184 4409024035195715584 4409024035195715584 4607182418800016896
13866583252673757182 1 -256 13866583252673757184 13866548068301668352 4409024035195715584 13830554455654792704 4607182418800016896
13866583252673757182 366 -256 13866583252673757184 4637440978796412928 4409024035195715584 13868518393138642943 4607182418800016896
13866583252673757183 -365 -256 13866583252673757184 13872045626440548352 4404520435568345088 4645128764097822720 4607182418800017152
13866583252673757183 -1 -256 13866583252673757184 13866600844859801600 4404520435568345088 4607182418800017536 4607182418800017152
13866583252673757183 0 -256 13866583252673757184 13866583252673757184 4404520435568345088 4404520435568345088 4607182418800017152
13866583252673757183 1 -256 13866583252673757184 13866548068301668352 4404520435568345088 13830554455654792960 4607182418800017152
13866583252673757183 366 -256 13866583252673757184 4637440978796412928 4404520435568345088 13868518393138642944 4607182418800017152
13868500800952598527 -365 -365 13868500800952598528 13873004400579969024 4409024035195715584 4645128764097822721 4607182418800016896
13868500800952598527 -1 -365 13868500800952598528 13868518393138642944 4409024035195715584 4607182418800017664 4607182418800016896
13868500800952598527 0 -365 13868500800952598528 13868500800952598528 4409024035195715584 4409024035195715584 4607182418800016896
13868500800952598527 1 -365 13868500800952598528 13868483208766554112 4409024035195715584 13830554455654792704 4607182418800016896
13868500800952598527 366 -365 13868500800952598528 4607182418800017408 4409024035195715584 13868518393138642943 4607182418800016896
13868500800952598528 -365 -365 13868500800952598528 13873004400579969024 0 4645128764097822720 4607182418800017408
13868500800952598528 -1 -365 13868500800952598528 13868518393138642944 0 4607182418800017408 4607182418800017408
13868500800952598528 0 -365 13868500800952598528 13868500800952598528 0 0 4607182418800017408
13868500800952598528 1 -365 13868500800952598528 13868483208766554112 0 13830554455654793216 4607182418800017408
13868500800952598528 366 -365 13868500800952598528 4607182418800017408 0 13868518393138642944 4607182418800017408
13868500800952598529 -365 -366 13868518393138642944 13873013196672991232 4607182418800016896 4645146356283867135 4409024035195715584
13868500800952598529 -1 -366 13868518393138642944 13868535985324687360 4607182418800016896 4611686018427387648 4409024035195715584
13868500800952598529 0 -366 13868518393138642944 13868518393138642944 4607182418800016896 4607182418800016896 4409024035195715584
13868500800952598529 1 -366 13868518393138642944 13868500800952598528 4607182418800016896 13632396072050491392 4409024035195715584
13868500800952598529 366 -366 13868518393138642944 0 4607182418800016896 13868500800952598529 4409024035195715584
13868518393138642943 -365 -366 13868518393138642944 13873013196672991232 4409024035195715584 4645128764097822721 4607182418800016896
13868518393138642943 -1 -366 13868518393138642944 13868535985324687360 4409024035195715584 4607182418800017664 4607182418800016896
13868518393138642943 0 -366 13868518393138642944 13868518393138642944 4409024035195715584 4409024035195715584 4607182418800016896
13868518393138642943 1 -366 13868518393138642944 13868500800952598528 4409024035195715584 13830554455654792704 4607182418800016896
13868518393138642943 366 -366 13868518393138642944 0 4409024035195715584 13868518393138642943 4607182418800016896
13868518393138642944 -365 -366 13868518393138642944 13873013196672991232 0 4645128764097822720 4607182418800017408
13868518393138642944 -1 -366 13868518393138642944 13868535985324687360 0 4607182418800017408 4607182418800017408
13868518393138642944 0 -366 13868518393138642944 13868518393138642944 0 0 4607182418800017408
13868518393138642944 1 -366 13868518393138642944 13868500800952598528 0 13830554455654793216 4607182418800017408
13868518393138642944 366 -366 13868518393138642944 0 0 13868518393138642944 4607182418800017408
13868518393138642945 -365 -367 13868535985324687360 13873021992766013440 4607182418800016896 4645146356283867135 4409024035195715584
13868518393138642945 -1 -367 13868535985324687360 13868553577510731776 4607182418800016896 4611686018427387648 4409024035195715584
13868518393138642945 0 -367 13868535985324687360 13868535985324687360 4607182418800016896 4607182418800016896 4409024035195715584
13868518393138642945 1 -367 13868535985324687360 13868518393138642944 4607182418800016896 13632396072050491392 4409024035195715584
13868518393138642945 366 -367 13868535985324687360 13830554455654793216 4607182418800016896 13868500800952598529 4409024035195715584
13868535985324687359 -365 -367 13868535985324687360 13873021992766013440 4409024035195715584 4645128764097822721 4607182418800016896
13868535985324687359 -1 -367 13868535985324687360 13868553577510731776 4409024035195715584 4607182418800017664 4607182418800016896
13868535985324687359 0 -367 13868535985324687360 13868535985324687360 4409024035195715584 4409024035195715584 4607182418800016896
13868535985324687359 1 -367 13868535985324687360 13868518393138642944 4409024035195715584 13830554455654792704 4607182418800016896
13868535985324687359 366 -367 13868535985324687360 13830554455654793216 4409024035195715584 13868518393138642943 4607182418800016896
13868535985324687360 -365 -367 13868535985324687360 13873021992766013440 0 4645128764097822720 4607182418800017408
13868535985324687360 -1 -367 13868535985324687360 13868553577510731776 0 4607182418800017408 4607182418800017408
13868535985324687360 0 -367 13868535985324687360 13868535985324687360 0 0 4607182418800017408
13868535985324687360 1 -367 13868535985324687360 13868518393138642944 0 13830554455654793216 4607182418800017408
13868535985324687360 366 -367 13868535985324687360 13830554455654793216 0 13868518393138642944 4607182418800017408
13868535985324687361 -365 -368 13868553577510731776 13873030788859035648 4607182418800016896 4645146356283867135 4409024035195715584
13868535985324687361 -1 -368 13868553577510731776 13868571169696776192 4607182418800016896 4611686018427387648 4409024035195715584
13868535985324687361 0 -368 13868553577510731776 13868553577510731776 4607182418800016896 4607182418800016896 4409024035195715584
13868535985324687361 1 -368 13868553577510731776 13868535985324687360 4607182418800016896 13632396072050491392 4409024035195715584
13868535985324687361 366 -368 13868553577510731776 13835058055282163712 4607182418800016896 13868500800952598529 4409024035195715584
13873013196672991231 -365 -731 13873013196672991232 13875907111277297664 4413527634823086080 4645128764097822722 4607182418800016384
13873013196672991231 -1 -731 13873013196672991232 13873021992766013440 4413527634823086080 4607182418800017920 4607182418800016384
13873013196672991231 0 -731 13873013196672991232 13873013196672991232 4413527634823086080 4413527634823086080 4607182418800016384
13873013196672991231 1 -731 13873013196672991232 13873004400579969024 4413527634823086080 13830554455654792192 4607182418800016384
13873013196672991231 366 -731 13873013196672991232 13868500800952598528 4413527634823086080 13868518393138642942 4607182418800016384
13873013196672991232 -365 -731 13873013196672991232 13875907111277297664 0 4645128764097822720 4607182418800017408
13873013196672991232 -1 -731 13873013196672991232 13873021992766013440 0 4607182418800017408 4607182418800017408
13873013196672991232 0 -731 13873013196672991232 13873013196672991232 0 0 4607182418800017408
13873013196672991232 1 -731 13873013196672991232 13873004400579969024 0 13830554455654793216 4607182418800017408
13873013196672991232 366 -731 13873013196672991232 13868500800952598528 0 13868518393138642944 4607182418800017408
13873013196672991233 -365 -732 13873021992766013440 13875911509323808768 4607182418800016384 4645146356283867134 4413527634823086080
13873013196672991233 -1 -732 13873021992766013440 13873030788859035648 4607182418800016384 4611686018427387392 4413527634823086080
13873013196672991233 0 -732 13873021992766013440 13873021992766013440 4607182418800016384 4607182418800016384 4413527634823086080
13873013196672991233 1 -732 13873021992766013440 13873013196672991232 4607182418800016384 13636899671677861888 4413527634823086080
13873013196672991233 366 -732 13873021992766013440 13868518393138642944 4607182418800016384 13868500800952598530 4413527634823086080
13873021992766013439 -365 -732 13873021992766013440 13875911509323808768 4413527634823086080 4645128764097822722 4607182418800016384
13873021992766013439 -1 -732 13873021992766013440 13873030788859035648 4413527634823086080 4607182418800017920 4607182418800016384
13873021992766013439 0 -732 13873021992766013440 13873021992766013440 4413527634823086080 4413527634823086080 4607182418800016384
13873021992766013439 1 -732 13873021992766013440 13873013196672991232 4413527634823086080 13830554455654792192 4607182418800016384
13873021992766013439 366 -732 13873021992766013440 13868518393138642944 4413527634823086080 13868518393138642942 4607182418800016384
13873021992766013440 -365 -732 13873021992766013440 13875911509323808768 0 4645128764097822720 4607182418800017408
13873021992766013440 -1 -732 13873021992766013440 13873030788859035648 0 4607182418800017408 4607182418800017408
13873021992766013440 0 -732 13873021992766013440 13873021992766013440 0 0 4607182418800017408
13873021992766013440 1 -732 13873021992766013440 13873013196672991232 0 13830554455654793216 4607182418800017408
13873021992766013440 366 -732 13873021992766013440 13868518393138642944 0 13868518393138642944 4607182418800017408
13873021992766013441 -365 -733 13873030788859035648 13875915907370319872 4607182418800016384 4645146356283867134 4413527634823086080
13873021992766013441 -1 -733 13873030788859035648 13873039584952057856 4607182418800016384 4611686018427387392 4413527634823086080
13873021992766013441 0 -733 13873030788859035648 13873030788859035648 4607182418800016384 4607182418800016384 4413527634823086080
13873021992766013441 1 -733 13873030788859035648 13873021992766013440 4607182418800016384 13636899671677861888 4413527634823086080
13873021992766013441 366 -733 13873030788859035648 13868535985324687360 4607182418800016384 13868500800952598530 4413527634823086080
13907115649320091648 -365 -131072 13907115649320091648 13907128190624595968 0 4645128764097822720 4607182418800017408
13907115649320091648 -1 -131072 13907115649320091648 13907115683679830016 0 4607182418800017408 4607182418800017408
13907115649320091648 0 -131072 13907115649320091648 13907115649320091648 0 0 4607182418800017408
13907115649320091648 1 -131072 13907115649320091648 13907115580600614912 0 13830554455654793216 4607182418800017408
13907115649320091648 366 -131072 13907115649320091648 13907090497991606272 0 13868518393138642944 4607182418800017408
13907115649320091649 -365 -131073 13907115683679830016 13907128224984334336 4607182418799755264 4645146356283866624 4449556431842050048
13907115649320091649 -1 -131073 13907115683679830016 13907115718039568384 4607182418799755264 4611686018427256832 4449556431842050048
13907115649320091649 0 -131073 13907115683679830016 13907115683679830016 4607182418799755264 4607182418799755264 4449556431842050048
13907115649320091649 1 -131073 13907115683679830016 13907115649320091648 4607182418799755264 13672928468696825856 4449556431842050048
13907115649320091649 366 -131073 13907115683679830016 13907090566711083008 4607182418799755264 13868500800952599040 4449556431842050048
13909367449133776895 -365 -196608 13909367449133776896 13909379990438281216 4449556431842050048 4645128764097823232 4607182418799755264
13909367449133776895 -1 -196608 13909367449133776896 13909367483493515264 4449556431842050048 4607182418800148480 4607182418799755264
13909367449133776895 0 -196608 13909367449133776896 13909367449133776896 4449556431842050048 4449556431842050048 4607182418799755264
13909367449133776895 1 -196608 13909367449133776896 13909367414774038528 4449556431842050048 13830554455654531072 4607182418799755264
13909367449133776895 366 -196608 13909367449133776896 13909354873469534208 4449556431842050048 13868518393138642432 4607182418799755264
13909367449133776896 -365 -196608 13909367449133776896 13909379990438281216 0 4645128764097822720 4607182418800017408
13909367449133776896 -1 -196608 13909367449133776896 13909367483493515264 0 4607182418800017408 4607182418800017408
13909367449133776896 0 -196608 13909367449133776896 13909367449133776896 0 0 4607182418800017408
13909367449133776896 1 -196608 13909367449133776896 13909367414774038528 0 13830554455654793216 4607182418800017408
13909367449133776896 366 -196608 13909367449133776896 13909354873469534208 0 13868518393138642944 4607182418800017408
13911619248947462142 -365 -262144 13911619248947462144 13911625519599714304 4454060031469420544 4645128764097823744 4607182418799493120
13911619248947462142 -1 -262144 13911619248947462144 13911619266127331328 4454060031469420544 4607182418800279552 4607182418799493120
13911619248947462142 0 -262144 13911619248947462144 13911619248947462144 4454060031469420544 4454060031469420544 4607182418799493120
13911619248947462142 1 -262144 13911619248947462144 13911619214587723776 4454060031469420544 13830554455654268928 4607182418799493120
13911619248947462142 366 -262144 13911619248947462144 13911606673283219456 4454060031469420544 13868518393138641920 4607182418799493120
13911619248947462143 -365 -262144 13911619248947462144 13911625519599714304 4449556431842050048 4645128764097823232 4607182418799755264
13911619248947462143 -1 -262144 13911619248947462144 13911619266127331328 4449556431842050048 4607182418800148480 4607182418799755264
13911619248947462143 0 -262144 13911619248947462144 13911619248947462144 4449556431842050048 4449556431842050048 4607182418799755264
13911619248947462143 1 -262144 13911619248947462144 13911619214587723776 4449556431842050048 13830554455654531072 4607182418799755264
13911619248947462143 366 -262144 13911619248947462144 13911606673283219456 4449556431842050048 13868518393138642432 4607182418799755264
13961158844848537600 -365 -536870912 13961158844848537600 13961158847910379520 0 4645128764097822720 4607182418800017408
13961158844848537600 -1 -536870912 13961158844848537600 13961158844856926208 0 4607182418800017408 4607182418800017408
13961158844848537600 0 -536870912 13961158844848537600 13961158844848537600 0 0 4607182418800017408
13961158844848537600 1 -536870912 13961158844848537600 13961158844831760384 0 13830554455654793216 4607182418800017408
13961158844848537600 366 -536870912 13961158844848537600 13961158838708076544 0 13868518393138642944 4607182418800017408
13961158844848537601 -365 -536870913 13961158844856926208 13961158847918768128 4607182417726275584 4645146356281769984 4503599627370496000
13961158844848537601 -1 -536870913 13961158844856926208 13961158844865314816 4607182417726275584 4611686017890516992 4503599627370496000
13961158844848537601 0 -536870913 13961158844856926208 13961158844856926208 4607182417726275584 4607182417726275584 4503599627370496000
13961158844848537601 1 -536870913 13961158844856926208 13961158844848537600 4607182417726275584 13726971664225271808 4503599627370496000
13961158844848537601 366 -536870913 13961158844856926208 13961158838724853760 4607182417726275584 13868500800954695680 4503599627370496000
13963410644662222847 -365 -805306368 13963410644662222848 13963410647724064768 4503599627370496000 4645128764099919872 4607182417726275584
13963410644662222847 -1 -805306368 13963410644662222848 13963410644670611456 4503599627370496000 4607182419336888320 4607182417726275584
13963410644662222847 0 -805306368 13963410644662222848 13963410644662222848 4503599627370496000 4503599627370496000 4607182417726275584
13963410644662222847 1 -805306368 13963410644662222848 13963410644653834240 4503599627370496000 13830554454581051392 4607182417726275584
13963410644662222847 366 -805306368 13963410644662222848 13963410641591992320 4503599627370496000 13868518393136545792 4607182417726275584
13963410644662222848 -365 -805306368 13963410644662222848 13963410647724064768 0 4645128764097822720 4607182418800017408
13963410644662222848 -1 -805306368 13963410644662222848 13963410644670611456 0 4607182418800017408 4607182418800017408
13963410644662222848 0 -805306368 13963410644662222848 13963410644662222848 0 0 4607182418800017408
13963410644662222848 1 -805306368 13963410644662222848 13963410644653834240 0 13830554455654793216 4607182418800017408
13963410644662222848 366 -805306368 13963410644662222848 13963410641591992320 0 13868518393138642944 4607182418800017408
13965662444475908094 -365 -1073741824 13965662444475908096 13965662446006829056 4508103226997866496 4645128764102017024 4607182416652533760
13965662444475908094 -1 -1073741824 13965662444475908096 13965662444480102400 4508103226997866496 4607182419873759232 4607182416652533760
13965662444475908094 0 -1073741824 13965662444475908096 13965662444475908096 4508103226997866496 4508103226997866496 4607182416652533760
13965662444475908094 1 -1073741824 13965662444475908096 13965662444467519488 4508103226997866496 13830554453507309568 4607182416652533760
13965662444475908094 366 -1073741824 13965662444475908096 13965662441405677568 4508103226997866496 13868518393134448640 4607182416652533760
13965662444475908095 -365 -1073741824 13965662444475908096 13965662446006829056 4503599627370496000 4645128764099919872 4607182417726275584
13965662444475908095 -1 -1073741824 13965662444475908096 13965662444480102400 4503599627370496000 4607182419336888320 4607182417726275584
13965662444475908095 0 -1073741824 13965662444475908096 13965662444475908096 4503599627370496000 4503599627370496000 4607182417726275584
13965662444475908095 1 -1073741824 13965662444475908096 13965662444467519488 4503599627370496000 13830554454581051392 4607182417726275584
13965662444475908095 366 -1073741824 13965662444475908096 13965662441405677568 4503599627370496000 13868518393136545792 4607182417726275584
13965662444475908096 -365 -1073741824 13965662444475908096 13965662446006829056 0 4645128764097822720 4607182418800017408
13965662444475908096 -1 -1073741824 13965662444475908096 13965662444480102400 0 4607182418800017408 4607182418800017408
13965662444475908096 0 -1073741824 13965662444475908096 13965662444475908096 0 0 4607182418800017408
13965662444475908096 1 -1073741824 13965662444475908096 13965662444467519488 0 13830554455654793216 4607182418800017408
13965662444475908096 366 -1073741824 13965662444475908096 13965662441405677568 0 13868518393138642944 4607182418800017408
13965662444475908097 -365 -1073741825 13965662444480102400 13965662446011023360 4607182416652533760 4645146356279672832 4508103226997866496
13965662444475908097 -1 -1073741825 13965662444480102400 13965662444484296704 4607182416652533760 4611686017353646080 4508103226997866496
13965662444475908097 0 -1073741825 13965662444480102400 13965662444480102400 4607182416652533760 4607182416652533760 4508103226997866496
13965662444475908097 1 -1073741825 13965662444480102400 13965662444475908096 4607182416652533760 13731475263852642304 4508103226997866496
13965662444475908097 366 -1073741825 13965662444480102400 13965662441414066176 4607182416652533760 13868500800956792832 4508103226997866496
13967914244289593343 -365 -1610612736 13967914244289593344 13967914245820514304 4508103226997866496 4645128764102017024 4607182416652533760
13967914244289593343 -1 -1610612736 13967914244289593344 13967914244293787648 4508103226997866496 4607182419873759232 4607182416652533760
13967914244289593343 0 -1610612736 13967914244289593344 13967914244289593344 4508103226997866496 4508103226997866496 4607182416652533760
13967914244289593343 1 -1610612736 13967914244289593344 13967914244285399040 4508103226997866496 13830554453507309568 4607182416652533760
13967914244289593343 366 -1610612736 13967914244289593344 13967914242754478080 4508103226997866496 13868518393134448640 4607182416652533760
13967914244289593344 -365 -1610612736 13967914244289593344 13967914245820514304 0 4645128764097822720 4607182418800017408
13967914244289593344 -1 -1610612736 13967914244289593344 13967914244293787648 0 4607182418800017408 4607182418800017408
13967914244289593344 0 -1610612736 13967914244289593344 13967914244289593344 0 0 4607182418800017408
13967914244289593344 1 -1610612736 13967914244289593344 13967914244285399040 0 13830554455654793216 4607182418800017408
13967914244289593344 366 -1610612736 13967914244289593344 13967914242754478080 0 13868518393138642944 4607182418800017408
13970166042563969023 -365 -2147483281 13970166042563969024 13970166044094889984 4508103226997866496 4645128764102017024 4607182416652533760
13970166042563969023 -1 -2147483281 13970166042563969024 13970166042568163328 4508103226997866496 4607182419873759232 4607182416652533760
13970166042563969023 0 -2147483281 13970166042563969024 13970166042563969024 4508103226997866496 4508103226997866496 4607182416652533760
13970166042563969023 1 -2147483281 13970166042563969024 13970166042559774720 4508103226997866496 13830554453507309568 4607182416652533760
13970166042563969023 366 -2147483281 13970166042563969024 13970166041028853760 4508103226997866496 13868518393134448640 4607182416652533760
13970166042563969024 -365 -2147483281 13970166042563969024 13970166044094889984 0 4645128764097822720 4607182418800017408
13970166042563969024 -1 -2147483281 13970166042563969024 13970166042568163328 0 4607182418800017408 4607182418800017408
13970166042563969024 0 -2147483281 13970166042563969024 13970166042563969024 0 0 4607182418800017408
13970166042563969024 1 -2147483281 13970166042563969024 13970166042559774720 0 13830554455654793216 4607182418800017408
13970166042563969024 366 -2147483281 13970166042563969024 13970166041028853760 0 13868518393138642944 4607182418800017408
13970166042563969025 -365 -2147483282 13970166042568163328 13970166044099084288 4607182416652533760 4645146356279672832 4508103226997866496
13970166042563969025 -1 -2147483282 13970166042568163328 13970166042572357632 4607182416652533760 4611686017353646080 4508103226997866496
13970166042563969025 0 -2147483282 13970166042568163328 13970166042568163328 4607182416652533760 4607182416652533760 4508103226997866496
13970166042563969025 1 -2147483282 13970166042568163328 13970166042563969024 4607182416652533760 13731475263852642304 4508103226997866496
13970166042563969025 366 -2147483282 13970166042568163328 13970166041033048064 4607182416652533760 13868500800956792832 4508103226997866496
13970166042568163327 -365 -2147483282 13970166042568163328 13970166044099084288 4508103226997866496 4645128764102017024 4607182416652533760
13970166042568163327 -1 -2147483282 13970166042568163328 13970166042572357632 4508103226997866496 4607182419873759232 4607182416652533760
13970166042568163327 0 -2147483282 13970166042568163328 13970166042568163328 4508103226997866496 4508103226997866496 4607182416652533760
13970166042568163327 1 -2147483282 13970166042568163328 13970166042563969024 4508103226997866496 13830554453507309568 4607182416652533760
13970166042568163327 366 -2147483282 13970166042568163328 13970166041033048064 4508103226997866496 13868518393134448640 4607182416652533760
13970166042568163328 -365 -2147483282 13970166042568163328 13970166044099084288 0 4645128764097822720 4607182418800017408
13970166042568163328 -1 -2147483282 13970166042568163328 13970166042572357632 0 4607182418800017408 4607182418800017408
13970166042568163328 0 -2147483282 13970166042568163328 13970166042568163328 0 0 4607182418800017408
13970166042568163328 1 -2147483282 13970166042568163328 13970166042563969024 0 13830554455654793216 4607182418800017408
13970166042568163328 366 -2147483282 13970166042568163328 13970166041033048064 0 13868518393138642944 4607182418800017408
13970166042568163329 -365 -2147483283 13970166042572357632 13970166044103278592 4607182416652533760 4645146356279672832 4508103226997866496
13970166042568163329 -1 -2147483283 13970166042572357632 13970166042576551936 4607182416652533760 4611686017353646080 4508103226997866496
13970166042568163329 0 -2147483283 13970166042572357632 13970166042572357632 4607182416652533760 4607182416652533760 4508103226997866496
13970166042568163329 1 -2147483283 13970166042572357632 13970166042568163328 4607182416652533760 13731475263852642304 4508103226997866496
13970166042568163329 366 -2147483283 13970166042572357632 13970166041037242368 4607182416652533760 13868500800956792832 4508103226997866496
13970166042572357631 -365 -2147483283 13970166042572357632 13970166044103278592 4508103226997866496 4645128764102017024 4607182416652533760
13970166042572357631 -1 -2147483283 13970166042572357632 13970166042576551936 4508103226997866496 4607182419873759232 4607182416652533760
13970166042572357631 0 -2147483283 13970166042572357632 13970166042572357632 4508103226997866496 4508103226997866496 4607182416652533760
13970166042572357631 1 -2147483283 13970166042572357632 13970166042568163328 4508103226997866496 13830554453507309568 4607182416652533760
13970166042572357631 366 -2147483283 13970166042572357632 13970166041037242368 4508103226997866496 13868518393134448640 4607182416652533760
13970166042572357632 -365 -2147483283 13970166042572357632 13970166044103278592 0 4645128764097822720 4607182418800017408
13970166042572357632 -1 -2147483283 13970166042572357632 13970166042576551936 0 4607182418800017408 4607182418800017408
13970166042572357632 0 -2147483283 13970166042572357632 13970166042572357632 0 0 4607182418800017408
13970166042572357632 1 -2147483283 13970166042572357632 13970166042568163328 0 13830554455654793216 4607182418800017408
13970166042572357632 366 -2147483283 13970166042572357632 13970166041037242368 0 13868518393138642944 4607182418800017408
